1,1,1697.84,389.38,158.87,339.60,0.909,-1,-1,-1
1,2,0.28,342.21,111.58,562.00,0.847,-1,-1,-1
1,3,1292.63,462.45,67.30,197.17,0.834,-1,-1,-1
1,4,260.91,457.23,92.48,247.77,0.789,-1,-1,-1
1,5,1887.77,395.22,31.82,176.42,0.715,-1,-1,-1
1,6,121.17,509.35,74.62,236.65,0.640,-1,-1,-1
1,7,1255.88,538.00,59.80,117.93,0.620,-1,-1,-1
2,1,1694.18,388.27,159.31,340.49,0.899,-1,-1,-1
2,2,2.95,337.81,112.39,565.65,0.855,-1,-1,-1
2,3,1293.67,462.37,67.47,197.81,0.807,-1,-1,-1
2,4,263.19,456.92,92.54,248.00,0.811,-1,-1,-1
2,5,1886.76,393.47,31.80,176.18,0.747,-1,-1,-1
2,6,120.37,507.57,75.17,238.48,0.637,-1,-1,-1
2,7,1256.27,538.79,59.94,118.25,0.400,-1,-1,-1
3,1,1691.16,387.71,159.59,340.86,0.880,-1,-1,-1
3,2,3.89,323.90,115.29,579.57,0.867,-1,-1,-1
3,3,1294.63,462.15,67.32,197.57,0.789,-1,-1,-1
3,4,262.91,457.36,92.55,247.95,0.792,-1,-1,-1
3,5,1885.97,388.88,31.52,174.25,0.738,-1,-1,-1
3,6,121.88,517.34,71.92,228.21,0.712,-1,-1,-1
3,7,1256.94,539.25,60.21,118.92,0.694,-1,-1,-1
4,1,1686.99,387.17,160.22,342.18,0.877,-1,-1,-1
4,2,2.56,278.90,124.35,624.84,0.837,-1,-1,-1
4,3,1295.38,461.56,67.26,197.76,0.785,-1,-1,-1
4,4,263.38,457.07,92.85,248.81,0.829,-1,-1,-1
4,5,1883.12,375.74,34.75,191.98,0.628,-1,-1,-1
4,6,122.10,522.87,70.09,222.48,0.670,-1,-1,-1
4,7,1258.29,540.26,59.64,118.07,0.705,-1,-1,-1
5,1,1684.12,386.96,161.84,345.86,0.873,-1,-1,-1
5,2,4.87,249.91,130.50,653.95,0.873,-1,-1,-1
5,3,1297.75,461.13,67.43,198.54,0.781,-1,-1,-1
5,4,261.67,457.84,92.96,248.69,0.776,-1,-1,-1
5,5,1879.64,351.65,39.79,220.01,0.783,-1,-1,-1
5,6,123.33,524.40,69.70,221.22,0.613,-1,-1,-1
5,7,1260.59,541.15,59.10,117.48,0.710,-1,-1,-1
6,1,1683.05,386.85,163.19,349.28,0.870,-1,-1,-1
6,2,5.42,234.71,134.28,670.95,0.882,-1,-1,-1
6,3,1300.23,460.70,67.60,199.10,0.753,-1,-1,-1
6,4,261.01,457.78,93.33,249.26,0.775,-1,-1,-1
6,5,1877.46,341.16,42.21,233.41,0.802,-1,-1,-1
6,6,122.70,523.78,69.94,222.09,0.595,-1,-1,-1
6,7,1263.30,541.32,58.77,117.38,0.588,-1,-1,-1
6,8,868.90,521.81,33.64,104.56,0.538,-1,-1,-1
7,1,1682.34,386.99,163.49,350.78,0.855,-1,-1,-1
7,2,10.99,228.40,136.63,676.03,0.921,-1,-1,-1
7,3,1304.04,459.38,68.28,200.86,0.780,-1,-1,-1
7,4,264.29,456.64,93.18,249.28,0.832,-1,-1,-1
7,5,1875.02,335.62,44.09,243.35,0.799,-1,-1,-1
7,6,124.46,529.52,68.23,216.41,0.635,-1,-1,-1
7,7,1265.89,540.80,58.64,117.89,0.618,-1,-1,-1
7,8,868.91,520.68,33.98,105.56,0.471,-1,-1,-1
8,1,1681.60,387.48,163.26,351.54,0.868,-1,-1,-1
8,2,13.11,223.65,139.39,682.54,0.915,-1,-1,-1
8,3,1306.49,458.85,68.58,201.43,0.793,-1,-1,-1
8,4,268.04,455.97,92.81,249.33,0.774,-1,-1,-1
8,5,1873.39,335.65,45.48,250.63,0.785,-1,-1,-1
8,6,123.16,519.72,71.31,226.42,0.525,-1,-1,-1
8,7,1269.09,540.28,58.56,118.30,0.540,-1,-1,-1
8,8,869.76,520.83,34.17,106.06,0.487,-1,-1,-1
9,1,1682.32,388.38,162.96,352.02,0.869,-1,-1,-1
9,2,13.39,221.83,140.94,682.82,0.919,-1,-1,-1
9,3,1309.35,458.46,68.91,201.65,0.836,-1,-1,-1
9,4,267.11,456.12,92.53,248.60,0.765,-1,-1,-1
9,5,1872.19,336.77,46.19,253.84,0.806,-1,-1,-1
9,6,122.27,511.24,73.82,234.84,0.773,-1,-1,-1
9,7,1271.15,539.75,58.81,119.40,0.533,-1,-1,-1
9,8,870.68,521.57,34.29,106.21,0.480,-1,-1,-1
10,1,1680.48,389.24,162.83,353.57,0.885,-1,-1,-1
10,2,15.87,223.37,142.67,680.54,0.929,-1,-1,-1
10,3,1312.39,458.39,69.38,201.84,0.868,-1,-1,-1
10,4,267.49,455.37,92.47,248.67,0.765,-1,-1,-1
10,5,1870.78,337.80,47.40,259.74,0.781,-1,-1,-1
10,6,121.77,506.15,75.28,240.09,0.746,-1,-1,-1
10,7,1272.92,539.54,59.26,121.21,0.643,-1,-1,-1
10,8,872.64,521.48,34.48,106.55,0.367,-1,-1,-1
11,1,1680.65,389.28,162.81,354.58,0.881,-1,-1,-1
11,2,16.84,224.46,144.52,678.22,0.932,-1,-1,-1
11,3,1314.90,458.66,69.96,202.23,0.874,-1,-1,-1
11,4,269.12,455.66,91.97,247.91,0.740,-1,-1,-1
11,5,1868.91,338.53,49.02,267.78,0.752,-1,-1,-1
11,6,120.66,500.80,76.67,245.44,0.736,-1,-1,-1
11,7,1274.97,539.70,59.41,122.29,0.616,-1,-1,-1
11,8,874.20,521.26,34.55,106.52,0.483,-1,-1,-1
12,1,1679.95,387.97,163.39,356.46,0.877,-1,-1,-1
12,2,17.17,225.80,146.74,677.16,0.933,-1,-1,-1
12,3,1317.23,458.99,70.68,202.47,0.881,-1,-1,-1
12,4,268.65,455.12,92.04,248.34,0.777,-1,-1,-1
12,5,1867.25,338.45,50.78,276.72,0.758,-1,-1,-1
12,6,120.03,498.37,77.14,247.96,0.705,-1,-1,-1
12,7,1276.86,539.84,59.05,122.46,0.673,-1,-1,-1
12,8,874.94,521.59,34.54,106.11,0.537,-1,-1,-1
13,1,1676.55,385.78,164.05,359.00,0.881,-1,-1,-1
13,2,16.59,226.75,152.32,692.22,0.930,-1,-1,-1
13,3,1319.15,459.40,71.43,202.77,0.874,-1,-1,-1
13,4,267.87,454.85,92.55,249.38,0.754,-1,-1,-1
13,5,1865.36,336.74,53.20,289.60,0.735,-1,-1,-1
13,6,119.36,494.27,77.96,251.63,0.629,-1,-1,-1
13,7,1278.86,539.99,58.68,122.79,0.650,-1,-1,-1
13,8,875.01,520.60,35.13,107.44,0.599,-1,-1,-1
14,1,1674.60,384.11,164.19,360.40,0.892,-1,-1,-1
14,2,16.84,228.67,155.86,696.66,0.930,-1,-1,-1
14,3,1320.18,459.84,71.90,202.97,0.863,-1,-1,-1
14,4,269.70,454.66,92.73,249.61,0.688,-1,-1,-1
14,5,1863.60,336.24,55.88,304.58,0.767,-1,-1,-1
14,6,119.98,501.88,75.64,244.35,0.409,-1,-1,-1
14,7,1280.37,540.05,58.23,123.16,0.682,-1,-1,-1
14,8,875.41,520.89,35.43,107.73,0.629,-1,-1,-1
15,1,1672.23,381.81,164.75,362.76,0.872,-1,-1,-1
15,2,18.91,231.74,158.02,692.03,0.927,-1,-1,-1
15,3,1321.66,460.19,72.14,202.84,0.823,-1,-1,-1
15,4,277.61,454.54,92.46,249.32,0.660,-1,-1,-1
15,5,1861.22,331.64,59.12,323.23,0.788,-1,-1,-1
15,6,121.42,516.13,71.28,230.19,0.309,-1,-1,-1
15,7,1281.82,539.60,57.74,123.54,0.693,-1,-1,-1
15,8,875.75,520.94,35.80,108.13,0.642,-1,-1,-1
15,9,1812.70,444.60,47.20,173.04,0.795,-1,-1,-1
16,1,1668.91,380.51,164.62,363.50,0.860,-1,-1,-1
16,2,19.93,231.13,160.68,688.80,0.934,-1,-1,-1
16,3,1322.98,460.47,72.50,202.77,0.825,-1,-1,-1
16,4,287.27,454.74,91.88,248.86,0.527,-1,-1,-1
16,5,1859.60,330.09,61.01,334.35,0.821,-1,-1,-1
16,6,122.85,528.67,67.40,217.52,0.459,-1,-1,-1
16,7,1283.54,538.88,57.63,124.61,0.688,-1,-1,-1
16,8,876.33,521.21,36.09,108.42,0.658,-1,-1,-1
16,9,1814.92,444.54,47.44,173.37,0.777,-1,-1,-1
17,1,1666.06,379.14,165.28,364.91,0.866,-1,-1,-1
17,2,21.03,232.72,163.58,685.36,0.937,-1,-1,-1
17,3,1324.49,460.98,72.68,202.23,0.822,-1,-1,-1
17,4,285.56,454.26,93.02,249.22,0.519,-1,-1,-1
17,5,1858.38,328.00,62.44,343.10,0.833,-1,-1,-1
17,6,123.39,534.64,65.59,211.51,0.555,-1,-1,-1
17,7,1285.22,538.69,57.12,124.78,0.678,-1,-1,-1
17,8,876.67,521.03,36.60,109.49,0.648,-1,-1,-1
17,9,1816.24,445.48,47.71,173.55,0.751,-1,-1,-1
18,1,1660.67,378.08,165.92,366.20,0.873,-1,-1,-1
18,2,23.14,234.78,166.20,678.59,0.936,-1,-1,-1
18,3,1325.53,461.48,72.65,201.73,0.811,-1,-1,-1
18,4,300.99,455.10,92.43,248.39,0.858,-1,-1,-1
18,5,1854.74,324.74,68.41,379.89,0.818,-1,-1,-1
18,6,126.63,540.46,63.78,205.58,0.424,-1,-1,-1
18,7,1287.39,538.81,56.08,123.80,0.750,-1,-1,-1
18,8,877.52,520.88,36.84,109.75,0.658,-1,-1,-1
18,9,1816.75,446.22,47.74,172.69,0.802,-1,-1,-1
19,1,1655.61,377.45,167.26,368.38,0.888,-1,-1,-1
19,2,25.37,236.76,169.21,672.18,0.930,-1,-1,-1
19,3,1325.68,461.62,72.46,201.41,0.811,-1,-1,-1
19,4,307.76,454.63,92.35,248.42,0.862,-1,-1,-1
19,5,1852.44,321.75,71.98,404.47,0.841,-1,-1,-1
19,6,130.47,548.48,60.80,196.29,0.148,-1,-1,-1
19,7,1289.71,538.65,55.84,124.08,0.731,-1,-1,-1
19,8,878.25,520.75,37.01,109.92,0.659,-1,-1,-1
19,9,1815.76,446.98,47.82,171.53,0.826,-1,-1,-1
20,1,1651.47,376.85,168.24,369.83,0.894,-1,-1,-1
20,2,28.82,237.24,173.86,669.50,0.929,-1,-1,-1
20,3,1326.30,461.69,72.39,201.56,0.804,-1,-1,-1
20,4,311.65,455.63,92.32,247.85,0.847,-1,-1,-1
20,5,1850.68,320.10,74.07,420.69,0.848,-1,-1,-1
20,7,1292.62,539.47,55.22,123.29,0.690,-1,-1,-1
20,8,879.59,520.90,36.89,109.50,0.628,-1,-1,-1
20,9,1813.78,447.47,48.03,171.16,0.795,-1,-1,-1
21,1,1648.00,376.73,169.69,372.34,0.895,-1,-1,-1
21,2,30.61,237.90,178.81,667.48,0.929,-1,-1,-1
21,3,1327.57,461.82,72.28,201.67,0.774,-1,-1,-1
21,4,313.32,456.97,92.11,246.38,0.851,-1,-1,-1
21,5,1850.09,319.27,75.01,431.04,0.852,-1,-1,-1
21,7,1294.36,539.90,54.87,123.18,0.629,-1,-1,-1
21,8,880.01,521.61,36.62,108.55,0.602,-1,-1,-1
21,9,1813.19,447.77,48.33,171.01,0.805,-1,-1,-1
22,1,1642.97,376.89,170.40,373.61,0.892,-1,-1,-1
22,2,32.93,239.09,184.56,665.87,0.938,-1,-1,-1
22,3,1328.88,461.59,72.25,201.76,0.764,-1,-1,-1
22,4,312.99,455.88,92.64,247.59,0.868,-1,-1,-1
22,5,1849.16,318.62,75.50,438.13,0.852,-1,-1,-1
22,7,1295.83,540.14,54.52,123.06,0.540,-1,-1,-1
22,8,880.32,522.34,36.53,108.27,0.563,-1,-1,-1
22,9,1812.16,447.63,48.97,172.05,0.821,-1,-1,-1
23,1,1639.66,378.38,171.20,375.54,0.902,-1,-1,-1
23,2,37.32,240.36,190.92,663.17,0.931,-1,-1,-1
23,3,1330.87,461.34,72.42,202.08,0.757,-1,-1,-1
23,4,312.18,454.25,93.36,249.34,0.888,-1,-1,-1
23,5,1848.07,318.40,75.81,443.19,0.862,-1,-1,-1
23,7,1297.35,540.19,54.27,123.33,0.442,-1,-1,-1
23,8,880.62,522.31,36.62,108.59,0.546,-1,-1,-1
23,9,1813.08,447.22,49.32,172.42,0.851,-1,-1,-1
24,1,1637.03,379.12,171.78,377.11,0.904,-1,-1,-1
24,2,42.24,241.23,198.38,660.26,0.938,-1,-1,-1
24,3,1331.38,461.20,72.51,202.57,0.743,-1,-1,-1
24,4,311.90,454.75,93.29,248.83,0.889,-1,-1,-1
24,5,1847.01,318.53,75.76,445.14,0.878,-1,-1,-1
24,7,1298.60,540.03,53.94,123.58,0.419,-1,-1,-1
24,8,880.91,522.13,36.63,108.76,0.518,-1,-1,-1
24,9,1812.87,446.40,49.81,172.89,0.838,-1,-1,-1
25,1,1634.61,380.43,171.97,378.42,0.901,-1,-1,-1
25,2,50.76,238.62,209.97,663.90,0.949,-1,-1,-1
25,3,1332.99,461.14,72.93,203.30,0.751,-1,-1,-1
25,4,311.28,456.50,93.19,247.45,0.836,-1,-1,-1
25,5,1843.38,319.66,76.24,445.08,0.899,-1,-1,-1
25,7,1300.05,539.94,53.52,123.69,0.472,-1,-1,-1
25,8,881.63,522.31,36.42,108.57,0.475,-1,-1,-1
25,9,1813.41,445.99,49.79,172.16,0.772,-1,-1,-1
26,1,1631.34,380.45,172.51,380.48,0.905,-1,-1,-1
26,2,55.81,237.36,221.20,665.67,0.942,-1,-1,-1
26,3,1334.00,461.13,73.14,203.51,0.765,-1,-1,-1
26,4,312.35,457.22,93.02,246.63,0.882,-1,-1,-1
26,5,1840.89,320.41,77.08,446.88,0.891,-1,-1,-1
26,7,1301.25,539.57,53.23,124.15,0.535,-1,-1,-1
26,8,882.03,522.36,36.22,108.40,0.527,-1,-1,-1
26,9,1814.53,445.56,49.76,172.08,0.600,-1,-1,-1
27,1,1627.75,379.87,172.77,381.89,0.897,-1,-1,-1
27,2,59.49,237.31,231.43,664.42,0.927,-1,-1,-1
27,3,1334.41,461.10,73.24,203.58,0.764,-1,-1,-1
27,4,312.19,457.66,93.12,246.09,0.880,-1,-1,-1
27,5,1840.00,321.24,77.54,447.02,0.887,-1,-1,-1
27,7,1302.03,539.13,52.86,124.62,0.594,-1,-1,-1
27,8,882.94,522.29,36.03,108.41,0.454,-1,-1,-1
27,9,1814.98,445.94,49.54,171.34,0.312,-1,-1,-1
28,1,1624.74,377.98,173.25,383.79,0.884,-1,-1,-1
28,2,63.05,235.14,242.44,666.03,0.904,-1,-1,-1
28,3,1334.89,461.16,73.47,203.77,0.784,-1,-1,-1
28,4,312.45,457.56,93.56,246.04,0.889,-1,-1,-1
28,5,1838.01,320.28,78.57,449.06,0.894,-1,-1,-1
28,7,1303.08,538.92,52.62,125.64,0.656,-1,-1,-1
28,8,884.36,521.85,36.17,108.83,0.368,-1,-1,-1
29,1,1623.22,375.91,173.40,385.72,0.891,-1,-1,-1
29,2,63.16,233.91,253.41,666.83,0.919,-1,-1,-1
29,3,1335.44,461.25,73.62,203.54,0.788,-1,-1,-1
29,4,313.26,457.33,94.49,246.30,0.884,-1,-1,-1
29,5,1835.29,319.11,79.89,450.81,0.901,-1,-1,-1
29,7,1303.97,538.63,52.26,126.37,0.656,-1,-1,-1
29,8,885.67,522.00,36.02,108.33,0.270,-1,-1,-1
30,1,1622.34,374.14,173.38,387.83,0.888,-1,-1,-1
30,2,66.58,233.19,265.60,667.56,0.923,-1,-1,-1
30,3,1335.83,461.72,73.73,203.04,0.796,-1,-1,-1
30,4,316.21,455.45,95.72,248.47,0.834,-1,-1,-1
30,5,1831.81,316.77,81.83,454.37,0.909,-1,-1,-1
30,7,1304.84,538.74,51.79,126.49,0.588,-1,-1,-1
30,8,886.98,522.02,35.84,107.62,0.243,-1,-1,-1
31,1,1621.70,373.74,172.30,388.09,0.874,-1,-1,-1
31,2,70.18,233.01,278.45,667.12,0.928,-1,-1,-1
31,3,1335.96,462.07,73.83,202.67,0.804,-1,-1,-1
31,4,322.12,455.59,95.65,248.27,0.794,-1,-1,-1
31,5,1829.00,314.43,83.76,457.19,0.912,-1,-1,-1
31,7,1305.88,539.11,51.19,126.18,0.592,-1,-1,-1
31,8,888.02,521.99,35.76,107.42,0.356,-1,-1,-1
32,1,1620.90,372.63,171.72,389.10,0.864,-1,-1,-1
32,2,67.37,232.71,290.05,667.54,0.925,-1,-1,-1
32,3,1335.51,462.19,73.85,202.32,0.825,-1,-1,-1
32,4,327.03,455.03,96.17,249.58,0.789,-1,-1,-1
32,5,1825.95,312.57,85.72,459.01,0.913,-1,-1,-1
32,7,1307.05,539.33,50.44,125.55,0.651,-1,-1,-1
32,8,888.97,521.46,35.87,107.76,0.456,-1,-1,-1
33,1,1620.17,371.86,170.69,389.25,0.876,-1,-1,-1
33,2,66.76,233.98,301.81,666.53,0.936,-1,-1,-1
33,3,1336.06,462.33,74.09,202.23,0.863,-1,-1,-1
33,4,331.76,454.35,96.00,249.47,0.453,-1,-1,-1
33,5,1822.16,310.06,88.07,461.30,0.913,-1,-1,-1
33,7,1308.44,539.23,50.04,125.67,0.639,-1,-1,-1
33,8,890.15,521.42,36.00,108.18,0.193,-1,-1,-1
34,1,1619.18,371.22,169.80,390.04,0.879,-1,-1,-1
34,2,65.50,235.99,311.97,663.36,0.933,-1,-1,-1
34,3,1337.44,462.54,74.66,202.17,0.867,-1,-1,-1
34,4,336.25,463.76,91.98,239.35,0.282,-1,-1,-1
34,5,1818.87,308.95,90.31,462.18,0.915,-1,-1,-1
34,7,1309.57,539.19,49.58,125.76,0.670,-1,-1,-1
34,8,891.43,522.11,35.93,107.95,0.343,-1,-1,-1
35,1,1619.07,370.79,170.24,393.50,0.865,-1,-1,-1
35,2,67.96,240.09,323.95,660.97,0.949,-1,-1,-1
35,3,1339.39,463.19,75.48,201.94,0.881,-1,-1,-1
35,4,342.49,479.74,85.66,222.46,0.490,-1,-1,-1
35,5,1814.81,307.53,92.88,462.99,0.917,-1,-1,-1
35,7,1310.81,539.66,49.00,125.46,0.729,-1,-1,-1
35,8,892.45,523.14,35.69,107.37,0.110,-1,-1,-1
36,1,1616.81,370.08,170.23,397.21,0.873,-1,-1,-1
36,2,69.08,244.32,334.67,656.20,0.949,-1,-1,-1
36,3,1340.18,463.66,76.15,201.67,0.878,-1,-1,-1
36,4,345.12,485.56,83.20,216.15,0.281,-1,-1,-1
36,5,1811.83,307.06,95.31,463.40,0.916,-1,-1,-1
36,7,1311.99,539.99,48.56,125.04,0.682,-1,-1,-1
36,8,893.37,524.32,35.38,106.43,0.116,-1,-1,-1
37,1,1616.15,369.86,169.99,399.77,0.853,-1,-1,-1
37,2,67.27,245.31,346.18,654.85,0.941,-1,-1,-1
37,3,1340.85,463.68,76.92,201.74,0.875,-1,-1,-1
37,4,346.45,485.98,80.57,208.93,0.228,-1,-1,-1
37,5,1808.80,306.21,97.84,463.77,0.916,-1,-1,-1
37,7,1312.83,540.27,48.18,124.75,0.744,-1,-1,-1
37,8,894.08,525.01,35.13,105.72,0.116,-1,-1,-1
38,1,1615.66,369.99,169.10,401.09,0.876,-1,-1,-1
38,2,69.24,250.17,354.58,649.80,0.940,-1,-1,-1
38,3,1341.34,463.76,77.33,201.47,0.867,-1,-1,-1
38,5,1805.79,305.64,100.80,466.44,0.918,-1,-1,-1
38,7,1313.72,540.17,47.82,124.51,0.756,-1,-1,-1
38,8,894.45,524.96,35.22,105.95,0.256,-1,-1,-1
39,1,1615.09,370.82,167.87,401.52,0.880,-1,-1,-1
39,2,80.32,255.08,359.76,645.01,0.929,-1,-1,-1
39,3,1341.42,464.11,77.61,201.09,0.865,-1,-1,-1
39,5,1803.06,305.36,103.98,470.74,0.920,-1,-1,-1
39,7,1314.39,539.94,47.58,124.67,0.739,-1,-1,-1
40,1,1615.37,371.90,167.27,402.74,0.887,-1,-1,-1
40,2,95.33,257.02,363.01,643.16,0.903,-1,-1,-1
40,3,1341.77,464.43,77.80,200.59,0.867,-1,-1,-1
40,5,1800.42,305.62,106.90,473.65,0.926,-1,-1,-1
40,6,122.60,531.10,66.33,214.14,0.514,-1,-1,-1
40,7,1314.97,539.61,47.43,124.95,0.766,-1,-1,-1
41,1,1615.01,371.59,167.71,406.14,0.889,-1,-1,-1
41,2,114.37,255.98,364.68,643.68,0.914,-1,-1,-1
41,3,1342.22,464.33,78.19,200.72,0.861,-1,-1,-1
41,5,1798.56,305.94,109.08,473.49,0.925,-1,-1,-1
41,6,124.44,530.45,67.74,215.66,0.718,-1,-1,-1
41,7,1315.45,539.50,47.23,125.00,0.734,-1,-1,-1
42,1,1613.59,371.27,168.09,408.98,0.893,-1,-1,-1
42,2,138.07,254.96,358.46,631.48,0.911,-1,-1,-1
42,3,1342.57,464.28,78.63,201.14,0.857,-1,-1,-1
42,5,1796.52,306.53,111.30,473.57,0.928,-1,-1,-1
42,6,123.07,529.48,67.86,216.75,0.668,-1,-1,-1
42,7,1315.73,539.45,47.04,125.03,0.737,-1,-1,-1
43,1,1612.37,370.14,168.61,411.10,0.902,-1,-1,-1
43,2,163.75,253.42,356.66,633.93,0.901,-1,-1,-1
43,3,1343.00,464.05,78.82,200.88,0.854,-1,-1,-1
43,5,1794.37,307.90,114.36,478.31,0.930,-1,-1,-1
43,6,119.91,507.62,73.62,238.28,0.576,-1,-1,-1
43,7,1316.33,539.15,46.87,125.19,0.742,-1,-1,-1
44,1,1609.25,368.71,168.55,412.40,0.891,-1,-1,-1
44,2,192.97,251.86,350.38,632.78,0.912,-1,-1,-1
44,3,1343.20,463.80,79.26,201.42,0.861,-1,-1,-1
44,5,1792.77,308.88,116.65,480.20,0.930,-1,-1,-1
44,6,120.28,513.94,71.59,232.00,0.542,-1,-1,-1
44,7,1316.82,538.88,46.78,125.51,0.712,-1,-1,-1
45,1,1606.33,365.87,169.21,415.57,0.891,-1,-1,-1
45,2,228.62,251.96,339.16,625.76,0.896,-1,-1,-1
45,3,1343.33,463.66,79.55,201.72,0.867,-1,-1,-1
45,5,1790.76,308.09,119.41,484.76,0.927,-1,-1,-1
45,6,121.16,519.45,69.79,226.42,0.670,-1,-1,-1
45,7,1317.38,538.80,46.62,125.64,0.723,-1,-1,-1
46,1,1603.89,363.80,169.93,417.80,0.888,-1,-1,-1
46,2,257.48,252.15,328.42,620.18,0.899,-1,-1,-1
46,3,1344.06,464.34,79.37,200.76,0.868,-1,-1,-1
46,5,1789.46,306.41,121.83,488.95,0.926,-1,-1,-1
46,6,121.53,522.39,68.87,223.38,0.610,-1,-1,-1
46,7,1317.74,538.74,46.45,125.70,0.704,-1,-1,-1
46,10,244.59,457.88,54.53,240.54,0.658,-1,-1,-1
47,1,1600.25,363.21,170.52,418.15,0.904,-1,-1,-1
47,2,274.93,252.75,320.04,618.53,0.830,-1,-1,-1
47,3,1344.22,464.98,79.19,200.01,0.865,-1,-1,-1
47,5,1788.57,303.04,124.21,494.18,0.927,-1,-1,-1
47,6,122.27,526.86,67.46,218.60,0.583,-1,-1,-1
47,7,1317.79,538.79,46.31,125.68,0.697,-1,-1,-1
47,10,247.27,457.87,54.69,240.60,0.754,-1,-1,-1
48,1,1594.57,361.78,172.25,419.63,0.906,-1,-1,-1
48,2,302.74,254.63,308.27,613.31,0.898,-1,-1,-1
48,3,1344.08,464.58,79.35,200.30,0.858,-1,-1,-1
48,5,1787.77,298.88,126.36,499.42,0.927,-1,-1,-1
48,6,124.20,528.15,67.86,217.47,0.690,-1,-1,-1
48,7,1317.75,538.95,46.18,125.63,0.657,-1,-1,-1
48,10,247.99,457.48,54.93,240.95,0.709,-1,-1,-1
49,1,1589.09,360.66,174.04,420.99,0.910,-1,-1,-1
49,2,332.23,256.39,299.14,608.43,0.895,-1,-1,-1
49,3,1344.27,464.63,79.37,200.15,0.852,-1,-1,-1
49,5,1786.98,295.86,127.73,501.39,0.926,-1,-1,-1
49,6,124.65,528.89,68.14,216.89,0.678,-1,-1,-1
49,7,1317.83,538.85,46.13,125.73,0.678,-1,-1,-1
49,10,247.79,457.62,55.04,240.59,0.755,-1,-1,-1
50,1,1583.51,359.73,176.27,422.58,0.910,-1,-1,-1
50,2,363.87,259.43,295.17,604.05,0.914,-1,-1,-1
50,3,1344.28,464.48,79.69,200.66,0.862,-1,-1,-1
50,4,330.59,447.61,98.47,259.74,0.722,-1,-1,-1
50,5,1786.29,292.10,129.48,505.90,0.929,-1,-1,-1
50,6,123.75,527.97,68.48,217.76,0.642,-1,-1,-1
50,7,1317.66,538.90,46.00,125.57,0.720,-1,-1,-1
50,10,247.07,457.99,55.08,240.19,0.655,-1,-1,-1
51,1,1578.89,358.90,178.68,424.68,0.910,-1,-1,-1
51,2,385.71,264.28,293.36,598.11,0.933,-1,-1,-1
51,3,1344.33,464.72,79.76,200.60,0.857,-1,-1,-1
51,4,336.91,445.63,98.66,262.02,0.727,-1,-1,-1
51,5,1785.51,289.60,130.78,508.79,0.927,-1,-1,-1
51,6,123.40,529.09,68.25,216.61,0.738,-1,-1,-1
51,7,1317.75,538.84,45.90,125.59,0.709,-1,-1,-1
51,10,246.47,458.37,55.06,239.48,0.649,-1,-1,-1
51,11,16.05,525.36,97.26,224.40,0.736,-1,-1,-1
52,1,1575.47,358.19,180.81,425.93,0.914,-1,-1,-1
52,2,399.72,268.65,293.95,593.25,0.934,-1,-1,-1
52,3,1344.23,464.41,79.85,200.66,0.860,-1,-1,-1
52,4,348.91,445.10,98.29,262.60,0.783,-1,-1,-1
52,5,1784.66,288.01,131.78,510.35,0.932,-1,-1,-1
52,6,123.59,529.26,68.34,216.26,0.665,-1,-1,-1
52,7,1317.98,538.81,45.83,125.76,0.700,-1,-1,-1
52,10,245.28,458.44,55.16,239.48,0.685,-1,-1,-1
52,11,15.76,525.54,97.14,224.13,0.452,-1,-1,-1
53,1,1571.72,356.73,183.54,429.31,0.902,-1,-1,-1
53,2,408.56,271.76,295.83,588.71,0.942,-1,-1,-1
53,3,1344.02,464.63,79.90,200.79,0.860,-1,-1,-1
53,4,359.31,443.75,99.63,263.75,0.765,-1,-1,-1
53,5,1783.19,286.52,132.89,511.73,0.938,-1,-1,-1
53,6,123.86,532.00,67.50,213.49,0.525,-1,-1,-1
53,7,1318.13,538.86,45.73,125.81,0.710,-1,-1,-1
53,10,244.58,458.79,55.26,239.41,0.734,-1,-1,-1
53,11,13.01,511.49,103.29,238.61,0.545,-1,-1,-1
54,1,1568.30,357.18,185.31,431.16,0.897,-1,-1,-1
54,2,414.69,273.02,297.29,583.62,0.938,-1,-1,-1
54,3,1343.95,464.72,79.95,200.80,0.860,-1,-1,-1
54,4,364.90,443.36,101.04,263.59,0.816,-1,-1,-1
54,5,1781.69,285.35,134.06,513.12,0.939,-1,-1,-1
54,6,123.73,531.53,67.65,214.01,0.389,-1,-1,-1
54,7,1318.31,538.91,45.54,125.80,0.708,-1,-1,-1
54,10,244.14,459.20,55.30,239.10,0.751,-1,-1,-1
54,11,15.55,523.69,98.00,226.31,0.546,-1,-1,-1
55,1,1563.93,359.33,186.01,431.63,0.898,-1,-1,-1
55,2,422.60,279.60,296.74,575.69,0.939,-1,-1,-1
55,3,1343.98,464.56,79.86,200.44,0.867,-1,-1,-1
55,4,367.66,443.53,103.03,263.23,0.866,-1,-1,-1
55,5,1780.05,284.52,135.28,514.37,0.942,-1,-1,-1
55,6,123.31,532.95,67.10,212.56,0.574,-1,-1,-1
55,7,1318.29,539.11,45.30,125.59,0.744,-1,-1,-1
55,8,909.72,523.68,35.14,104.50,0.668,-1,-1,-1
55,10,243.66,459.31,55.51,239.49,0.761,-1,-1,-1
55,11,13.23,512.05,102.79,237.73,0.495,-1,-1,-1
56,1,1559.70,359.87,186.97,433.06,0.897,-1,-1,-1
56,2,429.30,277.65,298.40,575.21,0.942,-1,-1,-1
56,3,1343.48,464.42,79.90,200.77,0.863,-1,-1,-1
56,4,369.34,443.90,104.43,262.62,0.894,-1,-1,-1
56,5,1778.12,284.10,136.70,515.89,0.945,-1,-1,-1
56,6,123.66,537.63,65.67,207.86,0.519,-1,-1,-1
56,7,1318.21,539.20,45.08,125.48,0.742,-1,-1,-1
56,8,909.73,522.24,36.11,106.08,0.712,-1,-1,-1
56,10,243.18,458.92,55.70,239.81,0.775,-1,-1,-1
56,11,14.62,519.13,99.65,230.38,0.311,-1,-1,-1
57,1,1554.81,360.02,188.65,436.86,0.907,-1,-1,-1
57,2,441.86,276.22,297.38,574.81,0.937,-1,-1,-1
57,3,1343.67,464.53,79.66,200.15,0.862,-1,-1,-1
57,4,370.04,444.18,105.60,262.27,0.902,-1,-1,-1
57,5,1776.20,284.46,138.30,518.02,0.941,-1,-1,-1
57,6,123.98,539.61,65.05,205.68,0.489,-1,-1,-1
57,7,1318.36,539.32,44.85,125.30,0.718,-1,-1,-1
57,8,909.30,521.73,36.77,106.62,0.634,-1,-1,-1
57,10,242.93,459.13,55.77,239.71,0.748,-1,-1,-1
57,11,13.50,509.98,103.36,239.53,0.468,-1,-1,-1
58,1,1549.17,360.35,190.00,438.90,0.910,-1,-1,-1
58,2,462.00,272.97,292.33,573.45,0.919,-1,-1,-1
58,3,1343.71,465.18,79.47,199.66,0.857,-1,-1,-1
58,4,370.10,444.35,106.56,261.92,0.890,-1,-1,-1
58,5,1773.29,284.38,140.19,520.12,0.937,-1,-1,-1
58,6,123.83,538.28,65.52,207.17,0.515,-1,-1,-1
58,7,1318.16,539.25,44.69,125.30,0.750,-1,-1,-1
58,8,905.36,520.95,38.52,107.99,0.610,-1,-1,-1
58,10,242.30,459.66,55.71,239.20,0.705,-1,-1,-1
58,11,12.77,505.74,104.90,243.53,0.355,-1,-1,-1
59,1,1543.02,359.23,191.36,440.99,0.918,-1,-1,-1
59,2,483.29,266.61,288.95,578.34,0.892,-1,-1,-1
59,3,1343.65,465.42,79.47,199.71,0.861,-1,-1,-1
59,4,367.39,444.61,108.19,261.72,0.888,-1,-1,-1
59,5,1770.25,284.83,141.84,520.19,0.940,-1,-1,-1
59,6,124.05,536.29,66.27,209.20,0.537,-1,-1,-1
59,7,1317.99,539.44,44.54,125.20,0.774,-1,-1,-1
59,8,903.18,520.39,39.86,108.60,0.565,-1,-1,-1
59,10,241.66,460.23,55.50,238.46,0.697,-1,-1,-1
59,11,11.80,501.91,106.55,248.27,0.682,-1,-1,-1
60,1,1535.50,355.92,193.66,444.87,0.914,-1,-1,-1
60,2,523.33,262.99,283.76,581.34,0.915,-1,-1,-1
60,3,1343.51,465.72,79.36,199.57,0.861,-1,-1,-1
60,4,367.33,443.56,109.49,262.57,0.899,-1,-1,-1
60,5,1767.16,285.35,144.22,522.82,0.942,-1,-1,-1
60,6,124.16,536.80,66.23,208.74,0.522,-1,-1,-1
60,7,1317.82,539.69,44.33,124.88,0.758,-1,-1,-1
60,8,901.33,519.84,41.34,109.27,0.657,-1,-1,-1
60,10,241.21,462.18,54.93,236.38,0.612,-1,-1,-1
60,11,15.06,518.58,99.51,231.48,0.606,-1,-1,-1
61,1,1529.35,353.28,195.68,447.57,0.914,-1,-1,-1
61,2,554.94,262.64,278.68,581.33,0.899,-1,-1,-1
61,3,1343.77,465.80,79.35,199.53,0.865,-1,-1,-1
61,4,368.28,443.53,110.12,262.34,0.894,-1,-1,-1
61,5,1764.25,285.17,146.89,526.48,0.941,-1,-1,-1
61,6,125.71,536.47,66.89,209.15,0.628,-1,-1,-1
61,7,1317.74,539.85,44.16,124.65,0.756,-1,-1,-1
61,8,900.10,519.54,42.51,109.57,0.630,-1,-1,-1
61,10,241.81,470.52,52.94,227.88,0.670,-1,-1,-1
61,11,13.49,509.86,102.88,239.96,0.570,-1,-1,-1
62,1,1524.33,351.20,197.38,449.52,0.905,-1,-1,-1
62,2,579.16,263.08,274.52,580.46,0.902,-1,-1,-1
62,3,1344.22,465.66,79.44,199.40,0.863,-1,-1,-1
62,4,370.88,441.89,110.81,263.52,0.895,-1,-1,-1
62,5,1760.70,285.14,149.39,528.32,0.945,-1,-1,-1
62,6,124.87,537.45,66.66,208.08,0.582,-1,-1,-1
62,7,1317.56,539.76,44.12,124.76,0.741,-1,-1,-1
62,8,899.12,519.02,43.90,111.13,0.616,-1,-1,-1
62,10,241.83,473.68,52.12,224.56,0.666,-1,-1,-1
62,11,13.90,511.77,101.86,237.73,0.471,-1,-1,-1
63,1,1519.41,349.47,199.10,451.42,0.875,-1,-1,-1
63,2,603.14,267.65,270.41,576.20,0.907,-1,-1,-1
63,3,1344.32,465.82,79.38,199.07,0.865,-1,-1,-1
63,4,377.80,441.66,110.35,263.87,0.912,-1,-1,-1
63,5,1756.12,283.21,152.74,532.41,0.943,-1,-1,-1
63,6,124.94,537.90,66.78,207.70,0.509,-1,-1,-1
63,7,1317.47,539.93,44.00,124.57,0.746,-1,-1,-1
63,8,898.37,518.86,44.89,111.80,0.624,-1,-1,-1
63,10,241.44,474.73,51.77,223.46,0.613,-1,-1,-1
63,11,12.61,506.06,104.00,243.29,0.543,-1,-1,-1
64,1,1513.02,348.43,199.71,451.98,0.879,-1,-1,-1
64,2,618.65,272.68,267.10,571.69,0.913,-1,-1,-1
64,3,1344.19,465.42,79.53,199.32,0.864,-1,-1,-1
64,4,384.63,440.53,109.65,264.83,0.908,-1,-1,-1
64,5,1751.82,280.93,156.22,536.52,0.942,-1,-1,-1
64,6,126.48,536.88,67.79,208.75,0.659,-1,-1,-1
64,7,1317.31,540.08,43.95,124.51,0.759,-1,-1,-1
64,8,901.28,518.75,44.76,111.69,0.468,-1,-1,-1
64,10,241.60,475.19,52.13,225.43,0.633,-1,-1,-1
64,11,12.00,502.90,105.05,246.48,0.613,-1,-1,-1
65,1,1509.55,347.31,200.39,452.78,0.877,-1,-1,-1
65,2,634.15,277.98,264.26,565.63,0.920,-1,-1,-1
65,3,1344.07,465.47,79.52,199.22,0.868,-1,-1,-1
65,4,393.00,439.74,108.40,265.69,0.903,-1,-1,-1
65,5,1746.87,277.66,160.11,541.21,0.943,-1,-1,-1
65,6,126.70,535.19,68.86,210.29,0.692,-1,-1,-1
65,7,1317.19,539.99,43.92,124.58,0.763,-1,-1,-1
65,8,903.58,518.49,44.73,112.52,0.623,-1,-1,-1
65,10,243.14,475.68,52.67,226.81,0.704,-1,-1,-1
65,11,11.96,501.81,105.25,248.02,0.661,-1,-1,-1
66,1,1507.60,346.03,201.24,455.58,0.889,-1,-1,-1
66,2,643.21,282.32,262.67,560.53,0.923,-1,-1,-1
66,3,1344.07,465.56,79.62,199.22,0.866,-1,-1,-1
66,4,398.70,439.28,107.10,266.32,0.909,-1,-1,-1
66,5,1742.09,275.48,163.76,544.17,0.950,-1,-1,-1
66,6,127.18,535.64,69.43,210.01,0.600,-1,-1,-1
66,7,1317.01,540.18,43.81,124.35,0.774,-1,-1,-1
66,8,904.52,518.50,44.58,112.60,0.508,-1,-1,-1
66,10,246.78,476.25,53.99,228.20,0.791,-1,-1,-1
66,11,11.80,501.70,105.07,248.34,0.544,-1,-1,-1
67,1,1507.51,345.37,202.00,460.39,0.896,-1,-1,-1
67,2,650.63,286.36,261.62,554.89,0.937,-1,-1,-1
67,3,1343.72,465.63,79.65,199.44,0.867,-1,-1,-1
67,4,404.78,439.43,105.72,266.27,0.903,-1,-1,-1
67,5,1738.28,273.85,167.06,546.23,0.943,-1,-1,-1
67,6,127.79,537.08,69.46,208.51,0.566,-1,-1,-1
67,7,1316.88,539.87,43.86,124.59,0.779,-1,-1,-1
67,8,905.95,518.18,44.35,112.75,0.606,-1,-1,-1
67,10,251.18,476.74,55.47,227.17,0.824,-1,-1,-1
67,11,14.81,516.14,99.13,233.92,0.623,-1,-1,-1
68,1,1507.59,345.30,202.19,464.01,0.890,-1,-1,-1
68,2,658.55,289.03,261.89,552.19,0.939,-1,-1,-1
68,3,1343.72,465.73,79.48,199.02,0.867,-1,-1,-1
68,4,410.58,439.43,105.08,266.41,0.907,-1,-1,-1
68,5,1733.72,271.80,170.78,548.96,0.942,-1,-1,-1
68,6,126.37,537.87,69.25,207.55,0.564,-1,-1,-1
68,7,1316.82,539.84,43.81,124.57,0.786,-1,-1,-1
68,8,906.47,516.97,44.62,114.37,0.584,-1,-1,-1
68,10,254.22,478.00,57.34,226.10,0.824,-1,-1,-1
68,11,13.66,508.97,101.76,241.16,0.690,-1,-1,-1
69,1,1506.47,345.31,202.12,467.58,0.902,-1,-1,-1
69,2,664.34,290.12,261.05,550.11,0.924,-1,-1,-1
69,3,1343.67,466.10,79.27,198.46,0.865,-1,-1,-1
69,4,414.77,439.35,104.56,265.93,0.913,-1,-1,-1
69,5,1728.86,270.05,173.98,550.28,0.942,-1,-1,-1
69,6,126.86,538.50,69.52,206.93,0.594,-1,-1,-1
69,7,1316.93,540.33,43.57,123.97,0.789,-1,-1,-1
69,8,906.78,515.61,44.78,115.95,0.631,-1,-1,-1
69,10,256.02,478.88,59.37,225.87,0.826,-1,-1,-1
69,11,13.25,504.82,102.89,245.15,0.776,-1,-1,-1
70,1,1504.94,345.91,201.68,470.52,0.898,-1,-1,-1
70,2,681.85,289.56,259.12,548.34,0.911,-1,-1,-1
70,3,1343.61,465.84,79.40,198.71,0.867,-1,-1,-1
70,4,417.80,439.35,104.37,265.20,0.913,-1,-1,-1
70,5,1723.01,268.10,177.03,552.28,0.941,-1,-1,-1
70,6,127.57,538.95,69.94,206.03,0.603,-1,-1,-1
70,7,1317.01,540.60,43.43,123.63,0.765,-1,-1,-1
70,8,906.77,515.96,44.22,115.65,0.491,-1,-1,-1
70,10,257.52,478.82,61.55,226.79,0.801,-1,-1,-1
70,11,16.01,520.00,96.88,230.12,0.750,-1,-1,-1
71,1,1504.48,346.81,200.53,471.55,0.903,-1,-1,-1
71,2,699.99,287.85,253.28,541.06,0.906,-1,-1,-1
71,3,1343.50,465.73,79.43,198.74,0.871,-1,-1,-1
71,4,419.43,439.40,104.57,265.08,0.914,-1,-1,-1
71,5,1717.73,267.16,179.73,553.85,0.935,-1,-1,-1
71,6,127.76,540.10,70.22,204.87,0.618,-1,-1,-1
71,7,1317.02,540.86,43.29,123.28,0.787,-1,-1,-1
71,8,907.28,521.70,41.97,110.12,0.361,-1,-1,-1
71,10,257.87,477.65,63.90,228.50,0.815,-1,-1,-1
71,11,14.39,510.84,100.30,239.38,0.765,-1,-1,-1
72,1,1503.71,347.97,199.98,473.81,0.906,-1,-1,-1
72,2,716.60,285.90,246.02,533.91,0.901,-1,-1,-1
72,3,1343.44,465.60,79.42,198.76,0.867,-1,-1,-1
72,4,420.37,439.99,104.73,264.21,0.914,-1,-1,-1
72,5,1712.29,266.67,182.58,556.72,0.937,-1,-1,-1
72,6,126.45,541.08,70.24,204.17,0.598,-1,-1,-1
72,7,1316.94,540.88,43.24,123.17,0.801,-1,-1,-1
72,8,907.47,524.79,40.38,106.70,0.418,-1,-1,-1
72,10,257.87,476.24,66.48,230.22,0.848,-1,-1,-1
72,11,13.69,506.26,101.72,243.93,0.768,-1,-1,-1
73,1,1501.75,346.73,200.59,478.75,0.905,-1,-1,-1
73,2,733.74,283.25,238.38,528.29,0.889,-1,-1,-1
73,3,1343.72,465.39,79.64,199.08,0.876,-1,-1,-1
73,4,420.56,440.53,105.47,264.10,0.917,-1,-1,-1
73,5,1706.68,266.05,186.25,563.36,0.934,-1,-1,-1
73,6,126.13,541.40,70.43,203.96,0.468,-1,-1,-1
73,7,1317.00,540.90,43.25,123.23,0.779,-1,-1,-1
73,10,258.40,475.11,68.93,231.37,0.861,-1,-1,-1
73,11,13.72,503.17,102.40,246.71,0.815,-1,-1,-1
74,1,1500.44,344.66,200.97,482.47,0.904,-1,-1,-1
74,2,746.71,281.60,232.29,526.68,0.863,-1,-1,-1
74,3,1343.84,465.38,79.78,199.20,0.867,-1,-1,-1
74,4,420.05,440.80,106.52,264.32,0.917,-1,-1,-1
74,5,1702.28,265.85,189.17,569.42,0.930,-1,-1,-1
74,6,126.45,540.29,71.34,205.30,0.572,-1,-1,-1
74,7,1316.98,540.94,43.22,123.23,0.765,-1,-1,-1
74,10,260.29,474.30,71.29,232.28,0.850,-1,-1,-1
74,11,13.67,502.36,102.29,247.49,0.812,-1,-1,-1
75,1,1499.29,340.89,201.86,486.59,0.907,-1,-1,-1
75,2,763.03,282.71,225.78,523.15,0.857,-1,-1,-1
75,3,1343.82,464.80,80.15,199.87,0.868,-1,-1,-1
75,4,418.84,440.57,108.01,264.82,0.921,-1,-1,-1
75,5,1699.26,266.19,189.98,569.21,0.938,-1,-1,-1
75,6,125.15,541.13,71.22,204.42,0.552,-1,-1,-1
75,7,1316.95,540.94,43.19,123.17,0.779,-1,-1,-1
75,10,260.77,472.54,73.78,234.13,0.833,-1,-1,-1
75,11,16.73,520.57,95.38,229.35,0.729,-1,-1,-1
76,1,1497.61,337.85,202.41,489.64,0.905,-1,-1,-1
76,2,784.53,284.25,221.68,520.45,0.864,-1,-1,-1
76,3,1343.89,464.96,80.19,199.71,0.869,-1,-1,-1
76,4,418.02,439.73,109.66,265.75,0.925,-1,-1,-1
76,5,1696.99,266.54,191.05,569.93,0.940,-1,-1,-1
76,6,124.47,540.25,71.61,205.35,0.458,-1,-1,-1
76,7,1316.98,540.87,43.16,123.18,0.773,-1,-1,-1
76,10,262.45,471.27,76.43,235.51,0.848,-1,-1,-1
76,11,16.72,520.07,95.53,229.69,0.601,-1,-1,-1
77,1,1491.95,335.76,202.78,491.47,0.914,-1,-1,-1
77,2,806.16,286.88,219.60,517.67,0.888,-1,-1,-1
77,3,1343.58,465.34,80.21,199.77,0.859,-1,-1,-1
77,4,417.65,438.66,111.23,267.24,0.922,-1,-1,-1
77,5,1694.77,266.91,192.30,571.47,0.937,-1,-1,-1
77,6,124.18,538.25,72.49,207.40,0.570,-1,-1,-1
77,7,1316.80,540.90,43.15,123.22,0.779,-1,-1,-1
77,10,265.40,470.47,78.27,235.75,0.863,-1,-1,-1
77,11,14.96,511.19,99.05,238.89,0.617,-1,-1,-1
78,1,1487.19,333.79,203.50,493.24,0.910,-1,-1,-1
78,2,828.69,291.89,219.51,512.87,0.911,-1,-1,-1
78,3,1343.21,465.57,80.08,199.60,0.851,-1,-1,-1
78,4,417.76,437.11,112.24,268.67,0.926,-1,-1,-1
78,5,1691.96,267.32,193.92,574.18,0.939,-1,-1,-1
78,6,124.37,537.38,73.01,208.23,0.582,-1,-1,-1
78,7,1316.70,540.83,43.17,123.32,0.768,-1,-1,-1
78,10,269.15,469.79,79.65,236.51,0.888,-1,-1,-1
78,11,17.89,525.54,93.47,224.35,0.712,-1,-1,-1
79,1,1479.99,332.10,204.93,494.53,0.898,-1,-1,-1
79,2,841.39,296.78,220.20,506.66,0.928,-1,-1,-1
79,3,1343.13,465.49,80.01,199.40,0.858,-1,-1,-1
79,4,418.62,435.67,112.85,270.13,0.926,-1,-1,-1
79,5,1689.05,267.45,195.51,576.57,0.940,-1,-1,-1
79,6,124.63,537.86,73.02,207.40,0.520,-1,-1,-1
79,7,1316.65,540.76,43.16,123.31,0.750,-1,-1,-1
79,10,273.95,469.40,81.70,237.35,0.886,-1,-1,-1
79,11,17.16,513.57,98.03,236.80,0.613,-1,-1,-1
80,1,1470.17,329.36,208.29,497.75,0.908,-1,-1,-1
80,2,847.65,301.85,220.70,499.82,0.924,-1,-1,-1
80,3,1343.63,465.68,80.11,199.18,0.865,-1,-1,-1
80,4,421.04,434.20,112.91,271.66,0.922,-1,-1,-1
80,5,1685.23,266.90,197.94,581.46,0.943,-1,-1,-1
80,6,124.19,538.06,73.05,207.24,0.563,-1,-1,-1
80,7,1316.62,540.84,43.15,123.30,0.766,-1,-1,-1
80,10,280.49,469.99,83.68,236.65,0.872,-1,-1,-1
80,11,16.33,507.82,100.14,242.95,0.511,-1,-1,-1
81,1,1463.59,327.78,211.61,499.53,0.909,-1,-1,-1
81,2,850.42,303.80,222.53,496.70,0.924,-1,-1,-1
81,3,1343.47,465.74,80.39,199.60,0.863,-1,-1,-1
81,4,424.81,433.37,112.33,272.45,0.908,-1,-1,-1
81,5,1682.57,265.42,200.30,586.55,0.941,-1,-1,-1
81,6,124.07,537.17,73.36,207.83,0.501,-1,-1,-1
81,7,1316.57,540.78,43.18,123.43,0.753,-1,-1,-1
81,10,285.39,471.18,85.33,235.32,0.869,-1,-1,-1
81,11,14.98,503.41,101.28,246.92,0.733,-1,-1,-1
82,1,1456.42,326.43,215.42,502.69,0.916,-1,-1,-1
82,2,853.14,305.19,223.91,494.53,0.927,-1,-1,-1
82,3,1343.23,464.93,80.75,200.21,0.877,-1,-1,-1
82,4,428.84,432.60,111.45,273.30,0.902,-1,-1,-1
82,5,1680.96,263.37,202.31,591.16,0.937,-1,-1,-1
82,6,123.72,535.04,74.11,209.79,0.577,-1,-1,-1
82,7,1316.46,540.85,43.16,123.43,0.759,-1,-1,-1
82,10,289.88,471.58,87.13,234.96,0.878,-1,-1,-1
82,11,14.08,501.61,101.54,248.74,0.776,-1,-1,-1
83,1,1447.50,326.30,218.74,504.17,0.917,-1,-1,-1
83,2,862.43,306.91,222.37,490.20,0.920,-1,-1,-1
83,3,1342.50,465.20,80.47,199.64,0.860,-1,-1,-1
83,4,432.30,431.64,110.24,274.42,0.900,-1,-1,-1
83,5,1679.83,259.20,204.93,597.85,0.932,-1,-1,-1
83,6,123.80,533.70,74.63,210.79,0.564,-1,-1,-1
83,7,1316.46,540.78,43.15,123.42,0.776,-1,-1,-1
83,10,291.76,471.99,88.69,234.63,0.890,-1,-1,-1
83,11,14.22,500.79,101.35,249.59,0.728,-1,-1,-1
84,1,1440.98,326.54,221.85,505.71,0.912,-1,-1,-1
84,2,873.42,306.91,218.65,483.97,0.926,-1,-1,-1
84,3,1342.11,465.49,80.29,199.20,0.868,-1,-1,-1
84,4,434.60,430.97,108.51,274.96,0.893,-1,-1,-1
84,5,1679.44,255.56,206.91,602.54,0.934,-1,-1,-1
84,6,123.51,533.53,74.70,210.95,0.587,-1,-1,-1
84,7,1316.55,540.76,43.13,123.28,0.779,-1,-1,-1
84,10,293.69,472.66,89.83,234.21,0.889,-1,-1,-1
84,11,11.01,486.39,106.53,263.93,0.499,-1,-1,-1
85,1,1433.40,327.02,225.06,508.94,0.911,-1,-1,-1
85,2,891.75,304.27,212.92,479.82,0.921,-1,-1,-1
85,3,1341.99,466.40,79.88,197.98,0.869,-1,-1,-1
85,4,438.67,430.39,106.99,275.35,0.901,-1,-1,-1
85,5,1678.09,251.26,209.11,607.36,0.935,-1,-1,-1
85,6,123.67,532.62,74.99,211.40,0.473,-1,-1,-1
85,7,1316.38,540.26,43.29,123.80,0.756,-1,-1,-1
85,10,295.75,471.05,91.20,236.06,0.885,-1,-1,-1
85,11,9.87,473.21,110.96,277.25,0.431,-1,-1,-1
86,1,1427.18,328.25,228.36,512.78,0.909,-1,-1,-1
86,2,911.85,300.89,209.54,480.38,0.900,-1,-1,-1
86,3,1342.07,465.60,80.47,199.13,0.867,-1,-1,-1
86,4,442.89,430.18,106.01,275.40,0.888,-1,-1,-1
86,5,1676.58,247.14,210.98,611.32,0.939,-1,-1,-1
86,6,122.94,533.78,74.46,210.28,0.479,-1,-1,-1
86,7,1316.25,539.97,43.40,124.19,0.762,-1,-1,-1
86,10,298.10,468.97,92.25,238.22,0.884,-1,-1,-1
86,11,9.89,461.89,113.84,288.46,0.631,-1,-1,-1
87,1,1421.83,330.41,229.92,513.11,0.905,-1,-1,-1
87,2,929.76,299.59,207.04,480.24,0.882,-1,-1,-1
87,3,1341.73,465.43,80.65,199.32,0.867,-1,-1,-1
87,4,448.35,430.13,105.72,275.59,0.901,-1,-1,-1
87,5,1674.76,243.58,212.61,615.18,0.931,-1,-1,-1
87,6,123.10,533.25,74.74,210.90,0.501,-1,-1,-1
87,7,1316.44,540.40,43.28,123.80,0.792,-1,-1,-1
87,10,301.29,467.20,92.89,239.85,0.890,-1,-1,-1
87,11,11.78,456.19,114.83,294.72,0.490,-1,-1,-1
88,1,1413.72,329.95,233.48,519.01,0.909,-1,-1,-1
88,2,947.43,299.91,205.69,479.69,0.898,-1,-1,-1
88,3,1341.44,465.57,80.84,199.64,0.874,-1,-1,-1
88,4,455.05,430.50,106.19,275.22,0.912,-1,-1,-1
88,5,1672.94,240.68,213.75,617.92,0.935,-1,-1,-1
88,6,123.78,533.88,75.00,211.04,0.563,-1,-1,-1
88,7,1316.21,539.99,43.43,124.31,0.786,-1,-1,-1
88,10,305.48,466.19,93.63,240.46,0.880,-1,-1,-1
88,11,12.09,453.54,114.08,296.52,0.606,-1,-1,-1
89,1,1407.42,330.40,235.86,522.87,0.904,-1,-1,-1
89,2,959.07,301.62,204.73,477.62,0.876,-1,-1,-1
89,3,1341.04,465.72,80.90,199.75,0.874,-1,-1,-1
89,4,459.39,431.04,106.91,275.00,0.914,-1,-1,-1
89,5,1671.17,239.92,214.26,618.91,0.938,-1,-1,-1
89,6,122.70,532.76,75.33,212.42,0.502,-1,-1,-1
89,7,1315.95,539.51,43.56,124.73,0.751,-1,-1,-1
89,10,308.35,464.41,94.62,241.92,0.883,-1,-1,-1
89,11,11.46,450.26,113.64,299.69,0.692,-1,-1,-1
90,1,1398.47,329.07,238.01,526.34,0.912,-1,-1,-1
90,2,971.77,306.95,203.45,472.39,0.878,-1,-1,-1
90,3,1341.08,466.05,80.66,199.26,0.856,-1,-1,-1
90,4,462.29,431.50,107.34,274.70,0.914,-1,-1,-1
90,5,1669.16,238.94,214.64,619.60,0.937,-1,-1,-1
90,6,122.25,533.52,74.97,211.69,0.481,-1,-1,-1
90,7,1315.90,539.57,43.54,124.69,0.772,-1,-1,-1
90,10,312.10,464.48,95.05,242.14,0.880,-1,-1,-1
90,11,11.13,451.62,111.90,298.34,0.703,-1,-1,-1
91,1,1389.97,326.54,239.93,529.84,0.917,-1,-1,-1
91,2,981.97,312.29,201.84,466.14,0.850,-1,-1,-1
91,3,1341.33,466.12,80.58,198.94,0.843,-1,-1,-1
91,4,463.57,431.92,107.36,274.62,0.913,-1,-1,-1
91,5,1666.58,238.21,215.76,622.57,0.939,-1,-1,-1
91,6,122.40,531.69,75.68,213.70,0.545,-1,-1,-1
91,7,1315.82,539.16,43.64,125.00,0.773,-1,-1,-1
91,10,314.08,463.69,95.49,243.04,0.880,-1,-1,-1
91,11,10.17,452.48,110.96,298.50,0.687,-1,-1,-1
92,1,1382.93,323.69,241.71,533.32,0.907,-1,-1,-1
92,2,986.79,317.47,201.38,460.50,0.871,-1,-1,-1
92,3,1341.12,466.33,80.49,198.75,0.851,-1,-1,-1
92,4,463.93,432.56,106.91,274.55,0.906,-1,-1,-1
92,5,1663.22,238.45,217.23,626.52,0.934,-1,-1,-1
92,6,122.23,531.45,75.78,214.24,0.509,-1,-1,-1
92,7,1315.86,539.20,43.61,125.00,0.754,-1,-1,-1
92,10,315.03,463.20,96.13,244.36,0.894,-1,-1,-1
92,11,7.57,453.20,110.44,298.22,0.674,-1,-1,-1
93,1,1377.22,322.31,242.39,534.81,0.909,-1,-1,-1
93,2,993.81,321.74,201.34,455.16,0.895,-1,-1,-1
93,3,1340.86,466.57,80.37,198.45,0.839,-1,-1,-1
93,4,463.51,432.33,106.78,275.85,0.893,-1,-1,-1
93,5,1655.20,239.83,219.44,629.54,0.923,-1,-1,-1
93,6,122.63,532.24,75.58,213.60,0.574,-1,-1,-1
93,7,1315.85,539.17,43.62,125.10,0.759,-1,-1,-1
93,10,316.70,462.75,96.98,245.97,0.891,-1,-1,-1
93,11,4.43,453.47,110.29,298.01,0.653,-1,-1,-1
94,1,1373.24,320.24,242.77,536.83,0.906,-1,-1,-1
94,2,1001.06,324.77,201.38,451.34,0.890,-1,-1,-1
94,3,1340.99,466.78,80.55,198.44,0.837,-1,-1,-1
94,4,464.72,431.47,106.39,277.23,0.889,-1,-1,-1
94,5,1646.45,241.24,221.94,632.20,0.921,-1,-1,-1
94,6,122.63,531.72,75.65,213.92,0.562,-1,-1,-1
94,7,1315.87,539.47,43.56,124.92,0.758,-1,-1,-1
94,10,318.79,461.94,97.15,246.27,0.893,-1,-1,-1
94,11,2.93,452.37,110.38,298.41,0.196,-1,-1,-1
95,1,1371.70,318.75,242.34,537.87,0.911,-1,-1,-1
95,2,1006.52,326.66,202.17,448.96,0.887,-1,-1,-1
95,3,1340.71,466.27,80.78,198.80,0.833,-1,-1,-1
95,4,466.35,430.21,105.71,278.61,0.896,-1,-1,-1
95,5,1638.96,240.66,224.33,636.54,0.919,-1,-1,-1
95,6,121.93,526.63,77.32,219.01,0.577,-1,-1,-1
95,7,1315.80,539.28,43.57,125.00,0.729,-1,-1,-1
95,10,320.34,462.06,96.92,246.04,0.897,-1,-1,-1
95,11,1.34,451.79,110.02,297.49,0.226,-1,-1,-1
96,1,1370.99,317.23,240.89,538.77,0.909,-1,-1,-1
96,2,1017.39,326.57,201.43,446.33,0.896,-1,-1,-1
96,3,1340.17,466.29,80.76,198.67,0.845,-1,-1,-1
96,4,467.95,428.12,105.08,280.49,0.901,-1,-1,-1
96,5,1634.17,240.54,225.43,640.43,0.926,-1,-1,-1
96,6,121.81,526.25,77.49,219.51,0.522,-1,-1,-1
96,7,1315.80,539.52,43.64,125.02,0.740,-1,-1,-1
96,10,322.17,463.97,96.35,245.55,0.890,-1,-1,-1
96,11,-0.97,451.37,108.71,294.40,0.194,-1,-1,-1
97,1,1370.24,316.62,239.40,540.53,0.904,-1,-1,-1
97,2,1029.73,325.47,198.39,440.83,0.884,-1,-1,-1
97,3,1340.51,466.40,81.20,199.14,0.851,-1,-1,-1
97,4,469.26,426.51,104.64,282.76,0.900,-1,-1,-1
97,5,1629.36,240.80,225.76,643.17,0.927,-1,-1,-1
97,6,122.31,527.41,77.11,218.40,0.548,-1,-1,-1
97,7,1315.92,540.13,43.60,124.70,0.783,-1,-1,-1
97,10,323.77,464.79,95.74,245.82,0.901,-1,-1,-1
98,1,1367.08,315.59,240.44,548.14,0.897,-1,-1,-1
98,2,1039.73,322.64,195.00,436.44,0.877,-1,-1,-1
98,3,1340.99,466.24,81.74,199.45,0.873,-1,-1,-1
98,4,470.12,423.80,104.95,285.43,0.904,-1,-1,-1
98,5,1621.88,236.75,227.20,649.28,0.930,-1,-1,-1
98,6,122.56,529.12,76.50,216.56,0.551,-1,-1,-1
98,7,1315.63,540.21,43.59,124.56,0.803,-1,-1,-1
98,10,323.74,462.66,95.79,248.56,0.895,-1,-1,-1
99,1,1364.29,315.54,241.15,554.73,0.886,-1,-1,-1
99,2,1049.27,321.04,191.49,434.25,0.883,-1,-1,-1
99,3,1341.00,466.57,81.72,198.54,0.861,-1,-1,-1
99,4,470.54,422.53,105.30,286.90,0.915,-1,-1,-1
99,5,1615.81,233.59,228.34,654.12,0.932,-1,-1,-1
99,6,122.90,530.65,76.16,215.17,0.577,-1,-1,-1
99,7,1315.50,539.80,43.66,124.75,0.801,-1,-1,-1
99,10,323.56,461.19,95.79,251.10,0.887,-1,-1,-1
99,11,18.17,484.08,96.19,263.24,0.529,-1,-1,-1
100,1,1359.43,316.32,240.48,558.50,0.883,-1,-1,-1
100,2,1056.20,320.17,187.64,432.57,0.884,-1,-1,-1
100,3,1340.83,466.05,82.14,198.79,0.847,-1,-1,-1
100,4,469.98,421.67,106.10,288.03,0.905,-1,-1,-1
100,5,1611.09,229.98,229.30,657.68,0.931,-1,-1,-1
100,6,122.08,530.55,76.06,215.11,0.539,-1,-1,-1
100,7,1315.69,539.89,43.68,124.54,0.791,-1,-1,-1
100,10,323.95,458.64,95.94,253.96,0.891,-1,-1,-1
100,11,25.81,494.70,91.79,252.99,0.223,-1,-1,-1
101,1,1355.34,316.59,238.90,561.45,0.907,-1,-1,-1
101,2,1067.43,321.34,183.89,430.77,0.848,-1,-1,-1
101,3,1339.34,465.57,82.22,199.07,0.830,-1,-1,-1
101,4,469.15,420.88,107.22,289.77,0.907,-1,-1,-1
101,5,1605.31,227.86,230.57,660.57,0.936,-1,-1,-1
101,6,121.26,532.96,75.03,212.74,0.626,-1,-1,-1
101,7,1315.64,540.18,43.72,124.42,0.780,-1,-1,-1
101,8,906.58,517.78,42.91,116.10,0.527,-1,-1,-1
101,10,324.86,456.30,96.12,256.43,0.896,-1,-1,-1
101,11,28.95,498.74,89.88,249.82,0.446,-1,-1,-1
102,1,1351.59,317.70,236.52,562.25,0.914,-1,-1,-1
102,2,1080.49,322.25,182.15,429.76,0.858,-1,-1,-1
102,3,1337.88,465.16,81.96,199.18,0.774,-1,-1,-1
102,4,468.86,420.08,108.30,291.00,0.902,-1,-1,-1
102,5,1599.02,225.35,231.22,662.42,0.935,-1,-1,-1
102,6,122.30,531.25,75.86,214.38,0.541,-1,-1,-1
102,7,1315.49,539.90,43.73,124.38,0.761,-1,-1,-1
102,8,906.61,517.20,42.44,116.85,0.409,-1,-1,-1
102,10,326.21,454.33,96.28,258.69,0.893,-1,-1,-1
102,11,31.54,501.00,88.54,247.93,0.183,-1,-1,-1
103,1,1347.00,319.71,235.85,566.72,0.912,-1,-1,-1
103,2,1097.77,324.51,181.63,427.61,0.884,-1,-1,-1
103,3,1329.34,465.43,79.57,198.51,0.750,-1,-1,-1
103,4,468.62,419.71,109.40,292.47,0.901,-1,-1,-1
103,5,1590.82,223.22,231.73,664.81,0.931,-1,-1,-1
103,6,123.15,531.28,76.07,214.47,0.612,-1,-1,-1
103,7,1315.19,540.09,43.68,124.18,0.749,-1,-1,-1
103,8,906.46,517.14,41.99,117.56,0.419,-1,-1,-1
103,10,328.66,451.75,96.47,261.14,0.901,-1,-1,-1
103,11,32.23,501.38,87.51,247.49,0.561,-1,-1,-1
104,1,1341.04,320.37,235.36,569.83,0.914,-1,-1,-1
104,2,1112.54,328.02,180.81,423.70,0.915,-1,-1,-1
104,3,1324.84,464.96,77.87,198.19,0.599,-1,-1,-1
104,4,468.17,419.32,110.43,293.23,0.908,-1,-1,-1
104,5,1583.74,220.70,231.94,667.31,0.931,-1,-1,-1
104,6,123.20,530.33,76.53,215.39,0.572,-1,-1,-1
104,7,1314.97,539.40,43.91,124.78,0.707,-1,-1,-1
104,8,906.78,516.97,40.75,115.93,0.509,-1,-1,-1
104,10,331.84,450.43,96.46,262.07,0.890,-1,-1,-1
104,11,32.81,501.56,86.37,247.11,0.564,-1,-1,-1
105,1,1336.75,318.79,235.52,573.63,0.916,-1,-1,-1
105,2,1122.15,332.34,179.96,418.70,0.919,-1,-1,-1
105,3,1322.70,465.06,76.14,197.89,0.609,-1,-1,-1
105,4,467.25,419.94,111.24,293.56,0.905,-1,-1,-1
105,5,1577.80,219.33,232.08,669.60,0.932,-1,-1,-1
105,6,123.47,531.26,76.53,214.71,0.624,-1,-1,-1
105,7,1315.04,539.81,43.87,124.53,0.703,-1,-1,-1
105,8,907.12,517.28,39.40,113.99,0.566,-1,-1,-1
105,10,334.63,449.97,96.74,262.99,0.890,-1,-1,-1
105,11,31.80,501.70,85.87,247.69,0.616,-1,-1,-1
106,1,1328.32,313.65,237.03,580.66,0.899,-1,-1,-1
106,2,1127.26,336.50,179.13,413.66,0.922,-1,-1,-1
106,4,467.90,420.84,111.62,292.84,0.905,-1,-1,-1
106,5,1570.25,217.76,233.44,675.31,0.923,-1,-1,-1
106,6,123.10,532.32,76.21,213.47,0.548,-1,-1,-1
106,7,1314.88,540.16,43.78,124.08,0.711,-1,-1,-1
106,8,907.42,517.37,38.23,112.15,0.579,-1,-1,-1
106,10,337.03,451.65,96.39,262.00,0.891,-1,-1,-1
106,11,31.69,501.61,85.25,247.65,0.610,-1,-1,-1
107,1,1319.60,308.62,238.96,585.64,0.902,-1,-1,-1
107,2,1130.60,338.96,178.46,410.09,0.920,-1,-1,-1
107,4,468.19,421.11,112.00,292.91,0.900,-1,-1,-1
107,5,1563.53,216.79,234.64,682.45,0.933,-1,-1,-1
107,6,123.02,532.00,76.37,213.61,0.506,-1,-1,-1
107,7,1316.29,548.78,40.97,115.37,0.326,-1,-1,-1
107,8,907.62,517.14,37.40,111.20,0.602,-1,-1,-1
107,10,338.70,454.02,95.56,259.79,0.892,-1,-1,-1
107,11,33.13,501.99,84.41,247.19,0.508,-1,-1,-1
108,1,1307.54,304.08,241.82,592.28,0.894,-1,-1,-1
108,2,1135.84,339.61,177.14,406.89,0.910,-1,-1,-1
108,4,468.86,421.59,112.11,293.63,0.904,-1,-1,-1
108,5,1556.13,216.44,236.26,691.18,0.934,-1,-1,-1
108,6,122.15,530.10,77.04,215.55,0.590,-1,-1,-1
108,7,1317.29,551.35,39.88,112.61,0.285,-1,-1,-1
108,8,907.59,517.04,37.08,111.77,0.672,-1,-1,-1
108,10,340.54,456.09,94.72,258.13,0.885,-1,-1,-1
108,11,33.45,501.39,83.67,247.46,0.625,-1,-1,-1
109,1,1297.86,300.51,244.11,595.01,0.874,-1,-1,-1
109,2,1143.48,339.55,173.82,401.28,0.908,-1,-1,-1
109,4,469.70,421.95,112.16,294.57,0.907,-1,-1,-1
109,5,1551.56,216.45,237.07,697.00,0.934,-1,-1,-1
109,6,121.39,531.57,76.40,214.11,0.590,-1,-1,-1
109,7,1316.39,556.44,38.04,107.62,0.330,-1,-1,-1
109,8,907.73,517.23,36.73,111.76,0.553,-1,-1,-1
109,10,341.20,456.42,94.69,259.04,0.882,-1,-1,-1
109,11,33.26,501.74,83.12,247.46,0.589,-1,-1,-1
110,1,1288.79,297.31,247.29,600.51,0.872,-1,-1,-1
110,2,1152.73,338.30,170.19,398.00,0.906,-1,-1,-1
110,4,469.76,421.75,112.29,296.34,0.907,-1,-1,-1
110,5,1548.42,216.34,236.32,697.34,0.928,-1,-1,-1
110,6,121.96,532.46,76.12,213.09,0.570,-1,-1,-1
110,8,908.14,520.07,35.75,109.05,0.178,-1,-1,-1
110,10,342.61,455.79,94.83,261.20,0.891,-1,-1,-1
110,11,33.43,502.10,82.53,247.06,0.538,-1,-1,-1
111,1,1279.33,293.91,249.54,603.30,0.876,-1,-1,-1
111,2,1161.00,334.92,168.62,399.31,0.852,-1,-1,-1
111,4,469.80,421.07,112.48,298.72,0.901,-1,-1,-1
111,5,1543.58,216.98,235.26,696.58,0.925,-1,-1,-1
111,6,122.00,532.10,76.22,213.32,0.561,-1,-1,-1
111,10,343.96,453.93,95.47,264.67,0.894,-1,-1,-1
111,11,33.48,501.54,82.29,247.88,0.618,-1,-1,-1
112,1,1271.59,292.21,251.11,603.72,0.904,-1,-1,-1
112,2,1167.04,333.74,166.59,399.65,0.825,-1,-1,-1
112,4,468.82,420.06,112.08,300.51,0.909,-1,-1,-1
112,5,1539.19,217.89,234.93,697.98,0.932,-1,-1,-1
112,6,121.54,531.06,76.53,214.57,0.518,-1,-1,-1
112,10,345.38,452.41,95.84,267.18,0.879,-1,-1,-1
112,11,33.40,500.87,82.10,248.83,0.682,-1,-1,-1
113,1,1265.38,290.63,253.60,608.87,0.919,-1,-1,-1
113,2,1171.61,333.53,164.37,399.80,0.849,-1,-1,-1
113,4,467.06,418.66,111.64,302.21,0.891,-1,-1,-1
113,5,1533.70,217.91,235.89,702.94,0.932,-1,-1,-1
113,6,122.34,531.16,76.55,214.37,0.592,-1,-1,-1
113,10,345.57,449.46,96.02,270.16,0.866,-1,-1,-1
113,11,32.81,500.64,81.95,249.23,0.663,-1,-1,-1
114,1,1261.04,289.80,255.02,612.03,0.919,-1,-1,-1
114,2,1175.65,334.79,161.93,398.71,0.850,-1,-1,-1
114,4,465.31,417.23,111.13,303.53,0.881,-1,-1,-1
114,5,1528.00,217.44,238.31,712.63,0.925,-1,-1,-1
114,6,121.89,529.77,76.80,215.44,0.485,-1,-1,-1
114,10,346.03,446.94,96.14,272.53,0.866,-1,-1,-1
114,11,33.60,500.41,81.50,249.09,0.621,-1,-1,-1
115,1,1257.13,290.29,256.50,615.37,0.912,-1,-1,-1
115,2,1177.41,335.47,159.35,397.24,0.836,-1,-1,-1
115,4,463.09,416.23,110.84,304.53,0.879,-1,-1,-1
115,5,1523.03,216.32,239.21,717.98,0.917,-1,-1,-1
115,6,122.26,531.63,76.19,213.75,0.471,-1,-1,-1
115,10,345.93,443.35,96.44,276.04,0.872,-1,-1,-1
115,11,34.09,500.83,81.14,248.89,0.492,-1,-1,-1
116,1,1249.69,292.11,257.80,618.75,0.905,-1,-1,-1
116,2,1176.90,339.96,156.09,392.12,0.800,-1,-1,-1
116,4,461.35,414.09,110.66,306.75,0.890,-1,-1,-1
116,5,1516.82,212.00,240.83,725.85,0.914,-1,-1,-1
116,6,122.59,533.11,75.61,212.10,0.517,-1,-1,-1
116,10,345.64,440.69,96.47,279.10,0.879,-1,-1,-1
116,11,34.28,500.61,80.94,248.80,0.569,-1,-1,-1
117,1,1243.78,294.38,259.25,623.75,0.900,-1,-1,-1
117,2,1179.17,344.48,152.85,386.06,0.711,-1,-1,-1
117,4,460.44,412.56,110.42,308.44,0.894,-1,-1,-1
117,5,1510.41,208.04,241.81,732.85,0.922,-1,-1,-1
117,6,123.66,535.01,75.15,210.39,0.483,-1,-1,-1
117,10,345.94,439.58,96.09,281.16,0.874,-1,-1,-1
117,11,35.45,500.96,80.69,248.98,0.336,-1,-1,-1
118,1,1235.62,295.65,259.89,628.82,0.872,-1,-1,-1
118,2,1182.37,349.39,148.45,376.21,0.274,-1,-1,-1
118,4,458.76,411.29,110.20,309.91,0.898,-1,-1,-1
118,5,1503.83,202.11,243.40,741.27,0.928,-1,-1,-1
118,6,122.90,532.38,76.04,213.11,0.541,-1,-1,-1
118,10,345.74,439.65,95.63,282.52,0.872,-1,-1,-1
118,11,33.01,500.95,81.07,248.69,0.509,-1,-1,-1
119,1,1214.52,296.22,264.48,636.51,0.880,-1,-1,-1
119,4,457.66,410.63,109.87,310.84,0.902,-1,-1,-1
119,5,1498.82,197.32,244.69,747.98,0.930,-1,-1,-1
119,6,123.42,532.83,76.04,212.74,0.497,-1,-1,-1
119,10,346.50,442.46,94.47,281.14,0.871,-1,-1,-1
119,11,37.80,521.11,74.75,228.66,0.432,-1,-1,-1
120,1,1206.81,296.01,266.96,642.35,0.910,-1,-1,-1
120,4,457.00,410.21,109.47,311.20,0.908,-1,-1,-1
120,5,1494.94,193.53,245.57,752.70,0.930,-1,-1,-1
120,6,124.36,532.89,76.37,212.91,0.533,-1,-1,-1
120,10,347.43,445.72,93.18,279.07,0.856,-1,-1,-1
120,11,41.99,536.31,69.83,213.26,0.260,-1,-1,-1
121,1,1197.79,292.30,269.26,646.56,0.915,-1,-1,-1
121,4,456.04,409.92,109.25,311.85,0.901,-1,-1,-1
121,5,1489.55,188.56,246.55,757.67,0.924,-1,-1,-1
121,6,125.10,530.75,77.43,214.91,0.634,-1,-1,-1
121,10,346.86,447.24,92.70,278.75,0.857,-1,-1,-1
121,11,39.02,517.47,75.72,232.05,0.577,-1,-1,-1
122,1,1184.94,289.42,272.19,651.46,0.924,-1,-1,-1
122,4,454.38,410.09,109.20,312.79,0.900,-1,-1,-1
122,5,1484.71,182.81,248.01,763.77,0.921,-1,-1,-1
122,6,123.72,529.23,77.89,216.51,0.509,-1,-1,-1
122,10,344.95,449.58,92.52,279.03,0.867,-1,-1,-1
122,11,37.96,511.18,77.50,238.56,0.546,-1,-1,-1
123,1,1168.22,285.09,276.26,656.58,0.918,-1,-1,-1
123,4,453.23,410.88,108.72,312.76,0.897,-1,-1,-1
123,5,1479.08,178.14,249.59,770.20,0.902,-1,-1,-1
123,6,121.97,530.19,77.11,215.26,0.539,-1,-1,-1
123,10,342.66,448.35,93.30,281.79,0.873,-1,-1,-1
123,11,34.43,506.92,79.23,242.88,0.556,-1,-1,-1
124,1,1152.80,281.20,279.86,660.90,0.929,-1,-1,-1
124,4,452.34,411.29,108.23,312.47,0.897,-1,-1,-1
124,5,1474.65,174.07,250.41,773.79,0.902,-1,-1,-1
124,6,120.23,529.10,76.88,215.96,0.467,-1,-1,-1
124,10,341.27,444.75,94.41,286.07,0.885,-1,-1,-1
124,11,33.66,504.93,79.84,244.51,0.537,-1,-1,-1
125,1,1140.13,278.69,282.96,663.66,0.928,-1,-1,-1
125,4,451.34,412.01,108.20,313.45,0.897,-1,-1,-1
125,5,1470.16,172.38,250.84,775.61,0.903,-1,-1,-1
125,6,120.13,533.23,75.06,211.90,0.472,-1,-1,-1
125,8,907.49,515.49,36.91,113.88,0.524,-1,-1,-1
125,10,339.27,443.48,94.96,288.17,0.884,-1,-1,-1
125,11,29.93,503.96,81.18,245.97,0.528,-1,-1,-1
126,1,1128.16,276.56,285.41,665.39,0.915,-1,-1,-1
126,4,451.00,411.63,108.30,315.18,0.899,-1,-1,-1
126,5,1465.96,170.06,251.90,777.63,0.909,-1,-1,-1
126,6,120.12,534.70,74.16,210.40,0.481,-1,-1,-1
126,8,908.14,515.28,36.85,114.14,0.502,-1,-1,-1
126,10,337.44,441.04,95.40,290.25,0.884,-1,-1,-1
126,11,34.50,502.94,80.98,246.92,0.527,-1,-1,-1
127,1,1120.74,274.78,287.81,668.14,0.923,-1,-1,-1
127,4,450.85,410.73,108.40,317.29,0.897,-1,-1,-1
127,5,1457.57,170.01,254.41,781.72,0.871,-1,-1,-1
127,6,120.77,537.33,72.93,207.61,0.613,-1,-1,-1
127,8,908.48,515.18,36.72,114.42,0.510,-1,-1,-1
127,10,336.32,437.72,96.63,293.34,0.871,-1,-1,-1
127,11,33.14,512.13,78.69,237.48,0.165,-1,-1,-1
128,1,1115.54,272.79,292.89,680.37,0.877,-1,-1,-1
128,4,450.46,408.52,108.74,320.62,0.898,-1,-1,-1
128,5,1437.94,169.48,259.73,789.04,0.906,-1,-1,-1
128,6,120.22,538.33,72.36,206.97,0.652,-1,-1,-1
128,8,908.62,516.00,36.22,113.73,0.568,-1,-1,-1
128,10,334.19,432.31,98.84,298.60,0.885,-1,-1,-1
128,11,31.70,521.37,76.36,228.48,0.168,-1,-1,-1
129,1,1118.72,271.93,295.35,685.68,0.845,-1,-1,-1
129,4,450.53,406.25,108.74,323.12,0.898,-1,-1,-1
129,5,1421.65,170.38,264.55,791.42,0.923,-1,-1,-1
129,6,120.39,542.61,70.65,202.70,0.566,-1,-1,-1
129,8,908.72,516.39,35.82,113.35,0.608,-1,-1,-1
129,10,332.75,430.23,100.27,300.72,0.895,-1,-1,-1
129,11,31.61,528.70,74.68,221.40,0.200,-1,-1,-1
130,1,1115.64,271.08,296.11,693.57,0.881,-1,-1,-1
130,4,450.59,404.08,108.69,325.51,0.897,-1,-1,-1
130,5,1406.19,171.09,269.43,794.47,0.922,-1,-1,-1
130,6,118.59,534.29,72.94,211.14,0.731,-1,-1,-1
130,8,908.95,516.61,35.43,112.82,0.612,-1,-1,-1
130,10,332.63,430.10,101.30,301.52,0.894,-1,-1,-1
130,11,35.25,516.57,78.41,233.73,0.428,-1,-1,-1
130,12,1348.46,358.90,105.62,340.92,0.759,-1,-1,-1
131,1,1108.89,271.46,295.59,699.66,0.878,-1,-1,-1
131,4,450.52,403.07,108.43,327.00,0.893,-1,-1,-1
131,5,1393.38,170.65,275.02,802.51,0.909,-1,-1,-1
131,6,118.42,531.21,73.59,214.80,0.766,-1,-1,-1
131,8,909.07,516.78,35.24,113.03,0.613,-1,-1,-1
131,10,332.84,431.86,102.12,300.68,0.905,-1,-1,-1
131,11,35.88,511.04,80.03,239.75,0.451,-1,-1,-1
131,12,1350.16,361.95,104.63,337.98,0.796,-1,-1,-1
132,1,1102.38,271.70,294.75,705.66,0.889,-1,-1,-1
132,4,450.56,401.50,108.16,328.42,0.894,-1,-1,-1
132,5,1386.69,169.76,278.92,810.02,0.908,-1,-1,-1
132,6,118.05,528.17,73.92,217.62,0.760,-1,-1,-1
132,8,909.27,516.67,34.99,112.86,0.592,-1,-1,-1
132,10,332.93,433.07,102.97,300.10,0.908,-1,-1,-1
132,11,34.24,506.34,81.42,244.04,0.574,-1,-1,-1
132,12,1348.38,363.27,103.92,335.97,0.798,-1,-1,-1
133,1,1098.61,273.21,295.81,713.27,0.893,-1,-1,-1
133,4,450.22,400.09,107.84,329.63,0.895,-1,-1,-1
133,5,1380.55,167.81,281.91,818.54,0.905,-1,-1,-1
133,6,117.42,522.12,75.25,223.63,0.677,-1,-1,-1
133,8,909.34,516.62,34.93,113.30,0.615,-1,-1,-1
133,10,332.58,434.90,103.81,299.88,0.905,-1,-1,-1
133,11,33.51,521.63,77.62,228.71,0.130,-1,-1,-1
133,12,1345.35,364.28,103.22,334.20,0.677,-1,-1,-1
134,1,1094.01,272.84,298.61,724.89,0.899,-1,-1,-1
134,4,450.32,399.73,107.31,329.95,0.895,-1,-1,-1
134,5,1375.01,163.25,284.48,828.01,0.887,-1,-1,-1
134,6,117.00,518.93,75.76,227.02,0.658,-1,-1,-1
134,8,909.41,516.89,34.77,113.41,0.632,-1,-1,-1
134,10,332.07,434.63,105.19,301.84,0.906,-1,-1,-1
134,11,37.21,514.81,79.09,235.22,0.214,-1,-1,-1
134,12,1341.44,366.51,103.17,334.11,0.108,-1,-1,-1
135,1,1089.19,270.97,299.75,732.55,0.887,-1,-1,-1
135,4,450.40,398.82,107.10,331.13,0.898,-1,-1,-1
135,5,1367.62,157.62,286.59,837.46,0.902,-1,-1,-1
135,6,118.12,523.54,73.79,222.45,0.763,-1,-1,-1
135,8,909.43,516.74,34.65,113.61,0.672,-1,-1,-1
135,10,331.83,432.96,106.58,304.41,0.903,-1,-1,-1
135,11,0.14,460.04,129.35,394.10,0.629,-1,-1,-1
136,1,1075.89,265.94,300.17,738.74,0.848,-1,-1,-1
136,4,450.34,397.34,107.34,333.55,0.897,-1,-1,-1
136,5,1357.55,152.53,288.97,846.74,0.911,-1,-1,-1
136,6,121.24,526.55,73.11,219.43,0.777,-1,-1,-1
136,8,909.59,516.77,34.46,113.52,0.683,-1,-1,-1
136,10,331.35,430.02,108.14,307.87,0.912,-1,-1,-1
136,11,-8.63,435.47,146.97,457.19,0.761,-1,-1,-1
137,1,1065.43,260.56,301.09,745.09,0.883,-1,-1,-1
137,4,450.28,395.99,107.66,336.07,0.893,-1,-1,-1
137,5,1349.64,148.30,290.74,852.99,0.920,-1,-1,-1
137,6,122.43,527.78,73.27,218.46,0.774,-1,-1,-1
137,8,909.70,517.01,34.28,113.28,0.666,-1,-1,-1
137,10,330.69,427.74,109.41,310.10,0.923,-1,-1,-1
137,11,-4.64,427.82,157.59,488.64,0.895,-1,-1,-1
138,1,1053.31,254.58,301.30,750.80,0.905,-1,-1,-1
138,4,450.11,395.98,107.96,337.84,0.894,-1,-1,-1
138,5,1342.03,143.76,292.44,858.52,0.919,-1,-1,-1
138,6,120.24,522.53,74.56,223.47,0.688,-1,-1,-1
138,8,909.99,516.97,34.15,113.02,0.621,-1,-1,-1
138,10,329.22,425.68,110.61,312.11,0.905,-1,-1,-1
138,11,-5.68,344.95,185.66,579.64,0.933,-1,-1,-1
139,1,1039.86,249.84,302.52,754.23,0.915,-1,-1,-1
139,4,449.98,395.74,108.05,338.57,0.899,-1,-1,-1
139,5,1332.26,140.55,293.94,862.32,0.910,-1,-1,-1
139,6,117.90,511.13,77.89,234.10,0.607,-1,-1,-1
139,7,1324.14,542.57,43.70,126.20,0.695,-1,-1,-1
139,8,910.02,516.85,34.10,113.17,0.640,-1,-1,-1
139,10,327.31,422.67,112.01,314.60,0.905,-1,-1,-1
139,11,-5.03,307.21,198.30,621.08,0.929,-1,-1,-1
140,1,1025.11,245.68,305.08,757.83,0.914,-1,-1,-1
140,4,449.95,396.44,107.78,337.59,0.901,-1,-1,-1
140,5,1322.13,136.75,295.53,866.48,0.922,-1,-1,-1
140,6,115.54,503.23,80.07,241.44,0.452,-1,-1,-1
140,7,1323.62,542.40,43.41,126.51,0.732,-1,-1,-1
140,8,910.04,517.05,34.00,112.95,0.632,-1,-1,-1
140,10,325.06,420.80,113.41,317.05,0.918,-1,-1,-1
140,11,-4.35,287.69,204.50,641.97,0.930,-1,-1,-1
141,1,1008.60,240.95,309.06,763.26,0.922,-1,-1,-1
141,4,450.36,397.91,107.56,336.00,0.901,-1,-1,-1
141,5,1308.62,132.22,296.70,872.42,0.936,-1,-1,-1
141,7,1323.01,543.48,43.49,125.83,0.761,-1,-1,-1
141,8,910.09,517.15,33.96,112.90,0.621,-1,-1,-1
141,10,322.10,419.36,115.05,320.16,0.893,-1,-1,-1
141,11,-3.55,274.92,208.11,654.40,0.935,-1,-1,-1
142,1,995.43,237.58,313.31,767.68,0.922,-1,-1,-1
142,4,449.59,399.01,108.40,337.81,0.903,-1,-1,-1
142,5,1297.24,129.80,297.20,877.37,0.923,-1,-1,-1
142,7,1323.35,544.73,43.42,124.81,0.725,-1,-1,-1
142,8,910.12,517.24,33.85,112.76,0.632,-1,-1,-1
142,10,319.37,418.60,116.41,322.67,0.894,-1,-1,-1
142,11,-2.43,271.57,209.31,657.92,0.934,-1,-1,-1
143,1,979.90,234.05,319.20,776.73,0.918,-1,-1,-1
143,4,449.11,399.96,109.29,339.63,0.906,-1,-1,-1
143,5,1286.19,128.46,299.09,885.34,0.933,-1,-1,-1
143,7,1323.37,544.31,43.69,125.16,0.663,-1,-1,-1
143,8,910.06,517.00,33.80,112.89,0.649,-1,-1,-1
143,10,316.99,418.16,117.61,324.37,0.895,-1,-1,-1
143,11,-2.46,269.73,209.74,659.81,0.927,-1,-1,-1
144,1,964.70,232.01,327.03,792.49,0.918,-1,-1,-1
144,4,448.28,400.07,110.27,341.96,0.901,-1,-1,-1
144,5,1277.43,127.19,301.51,894.54,0.935,-1,-1,-1
144,7,1323.01,546.72,42.71,122.66,0.694,-1,-1,-1
144,8,910.14,517.14,33.78,112.90,0.632,-1,-1,-1
144,10,315.15,418.04,119.07,326.39,0.902,-1,-1,-1
144,11,-0.55,270.60,211.89,664.83,0.899,-1,-1,-1
145,1,953.99,229.70,329.91,794.95,0.918,-1,-1,-1
145,4,447.59,400.01,111.64,345.38,0.902,-1,-1,-1
145,5,1270.76,126.61,303.41,901.50,0.938,-1,-1,-1
145,7,1323.47,550.31,41.42,118.68,0.310,-1,-1,-1
145,8,910.19,516.89,33.89,113.41,0.618,-1,-1,-1
145,10,313.16,418.22,120.68,328.92,0.911,-1,-1,-1
145,11,4.47,269.29,213.25,665.34,0.895,-1,-1,-1
146,1,944.88,229.51,334.11,801.54,0.919,-1,-1,-1
146,4,447.64,399.34,113.06,348.19,0.909,-1,-1,-1
146,5,1262.11,125.94,305.18,906.61,0.935,-1,-1,-1
146,8,910.27,516.91,33.92,113.51,0.553,-1,-1,-1
146,10,310.71,418.78,122.51,332.20,0.911,-1,-1,-1
146,11,21.52,271.15,211.04,660.68,0.874,-1,-1,-1
146,13,3.46,382.36,95.40,509.96,0.799,-1,-1,-1
147,1,936.98,230.80,337.77,809.39,0.906,-1,-1,-1
147,4,448.56,398.43,114.69,350.70,0.912,-1,-1,-1
147,5,1252.46,126.95,308.77,917.81,0.928,-1,-1,-1
147,8,910.32,517.14,33.99,113.78,0.568,-1,-1,-1
147,10,309.00,419.27,123.67,333.87,0.911,-1,-1,-1
147,11,40.71,275.02,208.63,654.17,0.906,-1,-1,-1
147,13,7.81,387.17,97.43,519.40,0.775,-1,-1,-1
148,1,926.83,233.81,339.33,815.44,0.893,-1,-1,-1
148,4,449.35,396.14,116.63,353.83,0.914,-1,-1,-1
148,5,1242.95,125.81,309.51,920.48,0.922,-1,-1,-1
148,8,910.26,517.26,33.97,113.75,0.615,-1,-1,-1
148,10,307.54,417.52,124.89,336.08,0.908,-1,-1,-1
148,11,73.67,277.53,210.87,649.56,0.915,-1,-1,-1
148,13,39.55,391.34,100.05,522.48,0.763,-1,-1,-1
149,1,916.67,235.64,340.73,822.84,0.900,-1,-1,-1
149,4,449.31,394.33,117.98,354.90,0.908,-1,-1,-1
149,5,1236.57,124.57,308.90,918.86,0.922,-1,-1,-1
149,8,910.30,517.20,33.88,113.46,0.555,-1,-1,-1
149,10,306.18,415.95,125.74,337.46,0.915,-1,-1,-1
149,11,105.42,281.40,216.17,644.85,0.919,-1,-1,-1
149,13,59.80,394.16,102.58,516.93,0.833,-1,-1,-1
149,14,1692.34,473.48,44.29,112.24,0.557,-1,-1,-1
150,1,906.74,235.70,342.52,830.70,0.914,-1,-1,-1
150,4,449.15,392.49,119.44,356.67,0.909,-1,-1,-1
150,5,1228.35,123.10,314.83,938.11,0.905,-1,-1,-1
150,8,910.17,517.40,33.85,113.50,0.584,-1,-1,-1
150,10,304.90,414.98,126.53,338.42,0.909,-1,-1,-1
150,11,128.16,284.32,224.24,641.01,0.914,-1,-1,-1
150,13,65.13,396.44,107.36,517.47,0.881,-1,-1,-1
150,14,1692.76,473.43,44.24,112.14,0.563,-1,-1,-1
151,1,891.88,234.67,344.17,835.99,0.907,-1,-1,-1
151,4,449.18,387.17,121.62,361.28,0.913,-1,-1,-1
151,5,1217.50,120.07,318.09,949.66,0.911,-1,-1,-1
151,8,908.74,517.18,33.63,113.51,0.198,-1,-1,-1
151,10,302.63,412.70,128.42,342.41,0.891,-1,-1,-1
151,11,144.35,287.21,234.26,635.61,0.919,-1,-1,-1
151,13,65.81,394.84,111.44,512.49,0.874,-1,-1,-1
151,14,1693.35,473.35,44.24,112.16,0.587,-1,-1,-1
152,1,879.58,229.70,348.60,845.25,0.906,-1,-1,-1
152,4,450.13,385.66,122.72,362.72,0.905,-1,-1,-1
152,5,1210.09,115.45,317.76,949.50,0.918,-1,-1,-1
152,10,301.67,411.39,128.38,340.86,0.881,-1,-1,-1
152,11,153.59,293.00,243.36,629.12,0.914,-1,-1,-1
152,13,69.72,393.26,115.36,512.06,0.841,-1,-1,-1
152,14,1693.82,473.54,44.08,111.82,0.516,-1,-1,-1
153,1,860.59,224.35,352.47,851.32,0.916,-1,-1,-1
153,4,451.79,386.60,123.02,362.20,0.913,-1,-1,-1
153,5,1200.90,109.68,319.62,955.77,0.925,-1,-1,-1
153,10,309.89,409.42,126.72,340.55,0.880,-1,-1,-1
153,11,158.01,295.94,252.08,624.08,0.919,-1,-1,-1
153,13,87.82,391.06,112.25,493.59,0.732,-1,-1,-1
153,14,1692.99,473.58,44.07,111.82,0.537,-1,-1,-1
154,1,843.08,220.73,355.46,853.81,0.928,-1,-1,-1
154,4,452.93,385.84,123.60,363.25,0.908,-1,-1,-1
154,5,1193.13,103.52,322.05,964.03,0.932,-1,-1,-1
154,10,318.68,408.69,123.02,335.48,0.784,-1,-1,-1
154,11,160.15,296.82,259.86,620.32,0.914,-1,-1,-1
154,13,110.28,390.34,104.77,457.22,0.674,-1,-1,-1
154,14,1692.37,473.43,44.09,111.93,0.547,-1,-1,-1
155,1,824.93,215.98,358.85,856.44,0.931,-1,-1,-1
155,4,455.86,387.80,123.97,362.31,0.901,-1,-1,-1
155,5,1184.76,96.65,325.00,972.31,0.937,-1,-1,-1
155,10,327.47,407.65,116.23,319.88,0.568,-1,-1,-1
155,11,163.74,298.24,265.46,617.04,0.896,-1,-1,-1
155,13,128.17,389.19,111.84,482.39,0.800,-1,-1,-1
155,14,1693.12,473.26,44.12,112.08,0.493,-1,-1,-1
155,15,1462.83,377.56,121.73,307.02,0.891,-1,-1,-1
156,1,800.05,211.60,362.86,858.84,0.924,-1,-1,-1
156,4,460.21,388.71,125.01,361.54,0.911,-1,-1,-1
156,5,1173.88,90.54,327.84,978.92,0.923,-1,-1,-1
156,11,176.09,298.23,266.27,609.59,0.900,-1,-1,-1
156,13,164.64,389.15,118.45,490.64,0.888,-1,-1,-1
156,14,1693.36,473.17,44.22,112.34,0.536,-1,-1,-1
156,15,1464.16,377.98,121.25,305.50,0.893,-1,-1,-1
157,1,777.74,207.65,368.29,864.98,0.914,-1,-1,-1
157,4,463.00,389.69,126.49,362.13,0.908,-1,-1,-1
157,5,1165.85,85.73,330.53,983.68,0.933,-1,-1,-1
157,6,117.34,536.01,68.28,207.73,0.505,-1,-1,-1
157,11,192.40,297.73,264.48,602.64,0.909,-1,-1,-1
157,13,186.24,391.42,125.91,491.31,0.911,-1,-1,-1
157,14,1693.61,472.84,44.26,112.49,0.534,-1,-1,-1
157,15,1465.95,379.19,120.45,303.10,0.911,-1,-1,-1
158,1,759.71,203.11,373.44,870.75,0.912,-1,-1,-1
158,4,462.82,389.56,127.04,363.45,0.872,-1,-1,-1
158,5,1154.02,72.69,335.61,996.04,0.923,-1,-1,-1
158,6,119.14,530.77,70.21,213.74,0.747,-1,-1,-1
158,11,217.17,295.04,260.51,601.72,0.911,-1,-1,-1
158,13,194.89,392.70,133.17,491.22,0.900,-1,-1,-1
158,14,1693.45,473.20,44.13,112.19,0.586,-1,-1,-1
158,15,1468.32,378.67,120.56,303.35,0.902,-1,-1,-1
159,1,747.15,201.00,376.01,873.21,0.910,-1,-1,-1
159,4,461.05,390.25,126.83,364.95,0.881,-1,-1,-1
159,5,1144.66,66.17,337.62,998.19,0.930,-1,-1,-1
159,6,119.90,529.29,70.73,215.16,0.570,-1,-1,-1
159,11,239.69,293.52,254.71,601.22,0.872,-1,-1,-1
159,13,196.78,392.60,139.98,491.63,0.888,-1,-1,-1
159,14,1693.89,472.91,44.27,112.56,0.566,-1,-1,-1
159,15,1475.01,377.95,119.89,301.49,0.893,-1,-1,-1
160,1,741.76,198.75,376.35,874.98,0.897,-1,-1,-1
160,4,462.96,390.54,127.36,368.24,0.882,-1,-1,-1
160,5,1136.30,63.27,340.04,1001.01,0.933,-1,-1,-1
160,6,119.81,527.59,70.98,217.12,0.747,-1,-1,-1
160,11,268.60,295.32,247.52,598.77,0.897,-1,-1,-1
160,13,196.66,393.54,144.77,488.40,0.856,-1,-1,-1
160,14,1693.68,473.18,44.20,112.42,0.587,-1,-1,-1
160,15,1481.82,376.79,119.32,300.25,0.864,-1,-1,-1
161,1,746.64,198.50,370.99,868.92,0.879,-1,-1,-1
161,4,468.15,390.30,127.39,371.94,0.865,-1,-1,-1
161,5,1127.30,57.87,340.90,997.19,0.939,-1,-1,-1
161,6,120.20,527.62,70.75,217.10,0.716,-1,-1,-1
161,11,307.31,295.97,242.56,597.23,0.919,-1,-1,-1
161,13,198.68,394.55,150.18,483.72,0.908,-1,-1,-1
161,14,1693.12,472.76,44.36,112.89,0.571,-1,-1,-1
161,15,1487.49,375.25,119.59,300.29,0.875,-1,-1,-1
162,1,746.24,197.64,369.85,874.82,0.881,-1,-1,-1
162,4,475.74,390.92,125.89,373.12,0.859,-1,-1,-1
162,5,1118.17,54.07,343.88,999.34,0.940,-1,-1,-1
162,6,120.36,527.93,70.36,216.59,0.793,-1,-1,-1
162,11,336.53,297.24,239.52,594.72,0.908,-1,-1,-1
162,13,207.35,394.59,153.80,479.90,0.879,-1,-1,-1
162,14,1693.42,472.85,44.21,112.56,0.555,-1,-1,-1
162,15,1492.11,374.15,120.12,300.78,0.859,-1,-1,-1
163,1,739.26,197.94,368.97,879.61,0.869,-1,-1,-1
163,4,486.98,391.88,124.48,372.96,0.826,-1,-1,-1
163,5,1105.32,54.31,348.78,1007.77,0.933,-1,-1,-1
163,6,120.81,528.63,70.06,216.48,0.786,-1,-1,-1
163,11,362.19,300.88,238.09,589.85,0.871,-1,-1,-1
163,13,228.40,393.39,154.87,474.66,0.819,-1,-1,-1
163,14,1693.80,473.23,44.10,112.34,0.568,-1,-1,-1
163,15,1498.08,373.57,120.36,301.05,0.851,-1,-1,-1
164,1,731.57,198.87,364.85,875.44,0.855,-1,-1,-1
164,4,493.65,390.48,123.35,374.68,0.759,-1,-1,-1
164,5,1095.10,49.48,350.43,1006.73,0.934,-1,-1,-1
164,6,120.42,528.69,69.88,216.20,0.784,-1,-1,-1
164,11,378.86,303.21,239.15,587.16,0.880,-1,-1,-1
164,13,247.86,391.07,154.63,471.48,0.867,-1,-1,-1
164,14,1693.84,473.13,43.95,112.14,0.558,-1,-1,-1
164,15,1502.49,374.80,119.84,299.27,0.813,-1,-1,-1
165,1,722.23,198.29,363.07,876.60,0.853,-1,-1,-1
165,4,501.84,389.67,121.49,374.31,0.783,-1,-1,-1
165,5,1083.92,52.42,353.37,1010.41,0.931,-1,-1,-1
165,6,122.30,528.95,69.35,215.98,0.806,-1,-1,-1
165,11,391.97,308.40,240.80,582.13,0.879,-1,-1,-1
165,13,269.78,389.03,153.43,470.59,0.865,-1,-1,-1
165,14,1693.59,473.68,43.76,111.80,0.579,-1,-1,-1
165,15,1504.70,376.80,119.75,297.43,0.820,-1,-1,-1
166,1,710.39,198.31,360.69,874.95,0.891,-1,-1,-1
166,4,513.52,388.74,114.01,353.42,0.634,-1,-1,-1
166,5,1070.05,47.26,353.99,1004.15,0.936,-1,-1,-1
166,6,123.42,528.54,68.91,216.15,0.820,-1,-1,-1
166,11,404.58,312.37,244.08,576.50,0.911,-1,-1,-1
166,13,303.03,387.46,151.59,471.01,0.810,-1,-1,-1
166,14,1693.17,473.42,43.86,112.09,0.588,-1,-1,-1
166,15,1509.08,381.37,118.93,292.80,0.803,-1,-1,-1
166,16,18.45,500.37,92.32,249.02,0.558,-1,-1,-1
167,1,698.42,189.84,362.25,882.56,0.883,-1,-1,-1
167,4,521.45,387.29,109.43,341.45,0.313,-1,-1,-1
167,5,1057.33,44.19,355.46,999.92,0.934,-1,-1,-1
167,6,123.88,528.68,68.59,215.82,0.728,-1,-1,-1
167,11,414.65,315.34,246.26,569.97,0.908,-1,-1,-1
167,13,323.54,386.58,151.30,473.41,0.862,-1,-1,-1
167,14,1692.36,473.21,44.02,112.41,0.572,-1,-1,-1
167,15,1510.08,384.79,118.77,288.72,0.840,-1,-1,-1
167,16,18.91,500.52,92.17,248.67,0.591,-1,-1,-1
167,17,1414.08,487.52,40.82,188.63,0.686,-1,-1,-1
168,1,680.27,182.56,363.94,890.05,0.907,-1,-1,-1
168,5,1041.97,41.72,358.07,998.70,0.934,-1,-1,-1
168,6,124.48,528.88,68.36,215.55,0.589,-1,-1,-1
168,11,426.82,316.20,248.35,567.38,0.917,-1,-1,-1
168,13,347.78,387.57,152.63,472.22,0.808,-1,-1,-1
168,14,1691.99,473.32,44.09,112.38,0.576,-1,-1,-1
168,15,1512.84,386.25,119.12,286.84,0.829,-1,-1,-1
168,16,20.13,500.96,92.04,248.44,0.562,-1,-1,-1
168,17,1405.20,461.82,47.02,215.64,0.829,-1,-1,-1
169,1,655.82,173.22,367.09,898.29,0.892,-1,-1,-1
169,5,1028.38,46.88,361.52,998.54,0.931,-1,-1,-1
169,6,125.10,527.69,68.39,216.17,0.562,-1,-1,-1
169,11,435.51,316.41,245.00,559.82,0.883,-1,-1,-1
169,13,375.91,390.43,154.22,467.35,0.839,-1,-1,-1
169,14,1691.95,473.08,43.95,112.15,0.553,-1,-1,-1
169,15,1514.09,387.27,119.75,285.05,0.850,-1,-1,-1
169,16,25.20,501.23,91.62,247.85,0.410,-1,-1,-1
169,17,1400.01,451.96,49.89,225.61,0.822,-1,-1,-1
170,1,628.80,165.70,371.27,905.94,0.906,-1,-1,-1
170,5,1016.16,40.01,366.51,1003.99,0.918,-1,-1,-1
170,6,126.03,529.22,67.94,214.92,0.744,-1,-1,-1
170,11,447.42,317.41,236.98,547.77,0.886,-1,-1,-1
170,13,383.19,393.56,155.45,465.46,0.871,-1,-1,-1
170,14,1692.15,473.81,43.76,111.78,0.585,-1,-1,-1
170,15,1515.09,388.10,120.74,284.02,0.876,-1,-1,-1
170,16,26.10,501.58,92.09,249.63,0.418,-1,-1,-1
170,17,1398.22,447.41,51.93,230.30,0.813,-1,-1,-1
171,1,594.84,158.07,377.99,918.11,0.894,-1,-1,-1
171,5,1005.00,41.48,372.46,1010.25,0.921,-1,-1,-1
171,6,127.04,529.70,67.66,214.19,0.702,-1,-1,-1
171,7,1341.67,545.31,46.84,136.23,0.814,-1,-1,-1
171,10,329.84,405.45,124.63,350.62,0.711,-1,-1,-1
171,11,469.84,316.52,227.94,541.18,0.873,-1,-1,-1
171,13,395.89,397.11,159.16,461.27,0.888,-1,-1,-1
171,14,1692.32,473.51,43.81,111.94,0.604,-1,-1,-1
171,15,1521.22,388.12,119.78,279.88,0.860,-1,-1,-1
171,16,26.57,519.46,85.45,230.93,0.312,-1,-1,-1
171,17,1398.61,445.39,53.41,231.84,0.819,-1,-1,-1
172,1,572.23,155.38,379.89,916.63,0.897,-1,-1,-1
172,5,991.72,24.44,378.62,1019.08,0.927,-1,-1,-1
172,6,129.15,529.32,67.70,214.07,0.722,-1,-1,-1
172,7,1338.69,544.80,48.55,136.98,0.846,-1,-1,-1
172,10,332.39,409.63,123.60,352.16,0.809,-1,-1,-1
172,11,490.84,315.31,221.63,540.63,0.807,-1,-1,-1
172,13,403.75,399.07,162.74,458.16,0.856,-1,-1,-1
172,14,1692.77,473.04,43.95,112.31,0.583,-1,-1,-1
172,15,1525.28,386.61,119.81,278.73,0.860,-1,-1,-1
172,16,26.45,511.89,88.45,239.56,0.364,-1,-1,-1
172,17,1399.71,445.07,54.73,232.37,0.827,-1,-1,-1
173,1,552.01,148.65,383.09,921.79,0.903,-1,-1,-1
173,4,520.35,323.41,158.07,505.00,0.638,-1,-1,-1
173,5,977.04,14.96,384.58,1028.12,0.931,-1,-1,-1
173,6,129.70,529.55,67.58,213.59,0.654,-1,-1,-1
173,7,1338.23,544.46,50.29,137.96,0.861,-1,-1,-1
173,10,339.49,409.35,125.12,357.05,0.866,-1,-1,-1
173,13,407.13,400.15,165.42,455.46,0.909,-1,-1,-1
173,14,1693.35,472.69,44.03,112.54,0.601,-1,-1,-1
173,15,1529.35,385.18,120.00,279.25,0.883,-1,-1,-1
173,16,28.85,507.80,89.25,242.92,0.475,-1,-1,-1
173,17,1400.08,445.16,56.02,232.23,0.824,-1,-1,-1
174,1,535.53,144.65,385.60,926.99,0.896,-1,-1,-1
174,5,965.60,11.62,386.81,1028.15,0.906,-1,-1,-1
174,6,130.32,530.25,67.74,213.34,0.685,-1,-1,-1
174,7,1338.56,544.75,51.67,138.41,0.882,-1,-1,-1
174,8,910.38,517.08,33.25,112.36,0.591,-1,-1,-1
174,10,345.87,410.28,126.58,358.55,0.856,-1,-1,-1
174,13,414.92,402.06,165.78,451.85,0.910,-1,-1,-1
174,14,1693.35,472.75,44.01,112.62,0.573,-1,-1,-1
174,15,1533.23,384.66,119.60,279.28,0.796,-1,-1,-1
174,16,32.15,511.04,87.60,239.50,0.309,-1,-1,-1
174,17,1400.35,445.82,57.19,231.47,0.808,-1,-1,-1
175,1,523.26,141.02,386.06,929.13,0.894,-1,-1,-1
175,5,956.85,16.64,390.31,1032.12,0.878,-1,-1,-1
175,6,130.43,530.04,67.90,213.39,0.696,-1,-1,-1
175,7,1338.76,545.10,52.39,138.37,0.887,-1,-1,-1
175,8,909.95,516.97,33.23,111.75,0.695,-1,-1,-1
175,10,352.33,410.51,129.37,363.17,0.864,-1,-1,-1
175,13,427.29,398.53,165.03,451.86,0.883,-1,-1,-1
175,14,1693.60,472.65,43.96,112.64,0.576,-1,-1,-1
175,15,1536.77,384.19,119.03,279.36,0.816,-1,-1,-1
175,16,30.56,507.11,88.58,242.91,0.275,-1,-1,-1
175,17,1400.82,446.58,58.29,230.78,0.785,-1,-1,-1
175,18,5.19,535.61,56.90,471.89,0.718,-1,-1,-1
176,1,513.98,138.50,384.63,927.69,0.858,-1,-1,-1
176,5,936.90,12.74,389.35,1030.58,0.930,-1,-1,-1
176,6,131.37,529.86,68.22,213.28,0.686,-1,-1,-1
176,7,1339.17,545.82,52.63,138.17,0.877,-1,-1,-1
176,8,910.07,517.09,33.27,111.85,0.614,-1,-1,-1
176,10,356.32,409.23,136.24,381.55,0.853,-1,-1,-1
176,13,445.81,396.18,160.17,445.40,0.747,-1,-1,-1
176,14,1692.60,472.86,43.99,112.52,0.571,-1,-1,-1
176,15,1542.00,384.78,117.77,278.53,0.811,-1,-1,-1
176,16,29.72,504.22,89.53,246.58,0.393,-1,-1,-1
176,17,1399.44,441.83,60.96,236.32,0.803,-1,-1,-1
176,18,11.54,531.35,57.71,475.93,0.696,-1,-1,-1
177,1,505.82,142.80,382.70,926.49,0.894,-1,-1,-1
177,5,921.73,10.31,389.41,1033.86,0.926,-1,-1,-1
177,6,131.52,530.15,68.51,213.34,0.706,-1,-1,-1
177,7,1340.48,546.42,52.72,138.00,0.851,-1,-1,-1
177,8,910.06,517.28,33.44,112.56,0.647,-1,-1,-1
177,10,362.16,408.05,138.44,389.17,0.878,-1,-1,-1
177,13,462.07,395.51,154.14,436.80,0.511,-1,-1,-1
177,14,1692.44,472.99,43.93,112.48,0.612,-1,-1,-1
177,15,1548.08,385.73,117.11,277.84,0.830,-1,-1,-1
177,16,30.01,502.74,89.27,247.31,0.539,-1,-1,-1
177,17,1398.60,440.58,62.72,238.60,0.801,-1,-1,-1
177,18,14.93,529.92,58.41,478.15,0.672,-1,-1,-1
178,1,482.85,136.74,385.08,933.83,0.879,-1,-1,-1
178,5,910.60,9.94,387.22,1031.63,0.928,-1,-1,-1
178,6,131.12,530.11,68.53,213.09,0.712,-1,-1,-1
178,7,1342.32,546.49,52.99,138.10,0.828,-1,-1,-1
178,8,910.02,517.03,33.48,112.93,0.644,-1,-1,-1
178,10,367.37,407.50,138.31,391.65,0.854,-1,-1,-1
178,14,1692.54,472.76,43.83,112.38,0.611,-1,-1,-1
178,15,1552.27,386.33,117.04,276.77,0.875,-1,-1,-1
178,16,23.71,515.62,72.16,195.45,0.544,-1,-1,-1
178,17,1399.70,442.50,63.53,236.66,0.830,-1,-1,-1
178,18,15.19,528.07,59.05,479.47,0.667,-1,-1,-1
179,1,461.19,138.90,386.91,931.66,0.825,-1,-1,-1
179,5,895.42,10.51,385.20,1030.71,0.921,-1,-1,-1
179,6,131.55,530.12,68.80,213.09,0.687,-1,-1,-1
179,7,1344.40,546.18,53.39,138.42,0.869,-1,-1,-1
179,8,910.06,516.98,33.56,113.25,0.654,-1,-1,-1
179,10,373.01,404.33,138.19,395.84,0.867,-1,-1,-1
179,14,1692.19,472.62,43.84,112.36,0.594,-1,-1,-1
179,15,1558.86,390.70,115.82,272.02,0.899,-1,-1,-1
179,17,1400.83,445.74,63.79,232.72,0.829,-1,-1,-1
179,18,12.54,517.46,60.51,488.35,0.663,-1,-1,-1
180,1,449.07,142.72,388.68,927.56,0.845,-1,-1,-1
180,5,885.16,10.80,382.78,1028.52,0.920,-1,-1,-1
180,6,130.99,530.22,69.15,213.24,0.674,-1,-1,-1
180,7,1346.22,546.13,53.66,138.45,0.869,-1,-1,-1
180,8,909.51,516.69,33.47,113.45,0.512,-1,-1,-1
180,10,375.28,403.22,136.57,397.78,0.828,-1,-1,-1
180,14,1691.73,472.75,43.84,112.31,0.605,-1,-1,-1
180,15,1562.62,393.67,114.73,268.23,0.888,-1,-1,-1
180,17,1401.51,446.63,64.86,231.94,0.832,-1,-1,-1
180,18,18.26,461.91,68.70,543.63,0.799,-1,-1,-1
181,1,434.12,147.54,392.34,922.89,0.803,-1,-1,-1
181,5,873.16,10.08,381.58,1028.57,0.917,-1,-1,-1
181,6,130.02,530.21,69.31,213.27,0.622,-1,-1,-1
181,7,1348.22,545.50,54.21,139.29,0.858,-1,-1,-1
181,11,691.45,320.85,201.02,509.33,0.853,-1,-1,-1
181,14,1691.62,472.58,43.94,112.53,0.603,-1,-1,-1
181,15,1566.27,395.96,113.87,266.27,0.865,-1,-1,-1
181,17,1401.54,446.99,65.84,231.22,0.820,-1,-1,-1
181,18,16.24,288.70,92.66,724.76,0.860,-1,-1,-1
182,1,425.78,145.33,399.87,924.75,0.851,-1,-1,-1
182,5,863.29,10.77,379.53,1025.36,0.925,-1,-1,-1
182,6,130.08,532.88,68.60,210.64,0.523,-1,-1,-1
182,7,1349.55,545.37,54.33,139.20,0.861,-1,-1,-1
182,11,702.21,321.33,194.58,507.32,0.840,-1,-1,-1
182,14,1691.99,472.49,44.02,112.60,0.598,-1,-1,-1
182,15,1569.34,396.08,113.41,265.99,0.860,-1,-1,-1
182,17,1402.63,447.05,67.36,231.53,0.830,-1,-1,-1
182,18,15.74,213.70,103.75,799.03,0.906,-1,-1,-1
183,1,407.93,138.61,408.47,933.64,0.804,-1,-1,-1
183,5,854.95,11.70,380.31,1028.79,0.913,-1,-1,-1
183,6,130.48,535.74,67.73,207.51,0.509,-1,-1,-1
183,7,1350.81,545.12,54.56,139.89,0.860,-1,-1,-1
183,11,703.38,321.27,190.82,507.26,0.864,-1,-1,-1
183,14,1692.22,472.35,44.16,112.78,0.640,-1,-1,-1
183,15,1572.59,396.41,112.60,265.10,0.870,-1,-1,-1
183,17,1403.67,446.93,69.07,232.09,0.846,-1,-1,-1
183,18,29.68,175.73,113.26,835.12,0.876,-1,-1,-1
184,1,386.05,135.59,412.54,935.84,0.593,-1,-1,-1
184,5,842.54,13.33,382.02,1034.60,0.918,-1,-1,-1
184,7,1352.16,544.96,54.41,140.08,0.859,-1,-1,-1
184,11,697.75,320.64,189.00,507.42,0.895,-1,-1,-1
184,14,1692.59,472.36,44.31,112.86,0.564,-1,-1,-1
184,15,1577.86,395.24,111.79,263.82,0.877,-1,-1,-1
184,17,1403.99,446.11,71.08,234.07,0.855,-1,-1,-1
184,18,59.86,169.44,125.96,837.54,0.935,-1,-1,-1
185,1,322.16,121.84,411.48,942.62,0.730,-1,-1,-1
185,5,831.39,12.33,381.32,1032.61,0.914,-1,-1,-1
185,7,1353.38,545.10,54.06,139.83,0.848,-1,-1,-1
185,11,710.01,320.23,186.15,507.33,0.889,-1,-1,-1
185,13,633.71,406.70,143.89,407.45,0.792,-1,-1,-1
185,14,1693.33,472.01,44.42,112.92,0.631,-1,-1,-1
185,15,1582.54,393.82,111.57,262.75,0.852,-1,-1,-1
185,17,1404.78,446.17,72.61,234.98,0.838,-1,-1,-1
185,18,79.04,170.43,139.43,830.20,0.932,-1,-1,-1
186,1,284.77,111.73,409.49,942.41,0.597,-1,-1,-1
186,5,816.08,11.11,383.86,1040.82,0.918,-1,-1,-1
186,7,1355.59,545.70,53.93,140.27,0.859,-1,-1,-1
186,11,723.75,318.81,180.57,509.60,0.866,-1,-1,-1
186,13,628.80,405.13,150.27,411.78,0.884,-1,-1,-1
186,14,1693.75,471.90,44.72,113.21,0.687,-1,-1,-1
186,15,1587.15,390.65,113.45,265.82,0.877,-1,-1,-1
186,17,1405.49,445.74,74.06,236.27,0.824,-1,-1,-1
186,18,79.60,177.54,151.05,821.01,0.937,-1,-1,-1
186,19,1460.87,426.76,57.57,225.19,0.806,-1,-1,-1
187,1,247.99,103.98,409.43,947.70,0.563,-1,-1,-1
187,4,560.91,375.83,119.52,399.20,0.823,-1,-1,-1
187,5,803.95,10.70,385.78,1046.49,0.934,-1,-1,-1
187,7,1357.50,546.72,53.75,140.79,0.866,-1,-1,-1
187,11,737.21,321.50,174.61,507.35,0.814,-1,-1,-1
187,13,636.27,405.34,151.62,410.43,0.902,-1,-1,-1
187,14,1693.89,471.84,45.18,114.13,0.684,-1,-1,-1
187,15,1590.92,389.12,114.31,266.89,0.748,-1,-1,-1
187,17,1404.94,445.32,75.40,237.65,0.842,-1,-1,-1
187,18,75.33,186.86,160.49,808.59,0.928,-1,-1,-1
187,19,1467.39,428.00,57.52,223.36,0.809,-1,-1,-1
188,1,224.38,96.63,393.40,912.42,0.601,-1,-1,-1
188,4,557.39,377.72,117.49,400.91,0.843,-1,-1,-1
188,5,791.09,11.04,386.83,1049.24,0.914,-1,-1,-1
188,7,1359.16,547.09,53.58,141.20,0.859,-1,-1,-1
188,11,757.29,347.57,164.68,482.64,0.663,-1,-1,-1
188,13,650.35,405.31,149.57,408.94,0.886,-1,-1,-1
188,14,1693.92,471.70,45.42,114.74,0.581,-1,-1,-1
188,15,1593.71,388.67,115.02,267.29,0.827,-1,-1,-1
188,16,-70.07,251.57,196.57,567.55,0.717,-1,-1,-1
188,17,1405.78,444.57,76.76,238.78,0.833,-1,-1,-1
188,18,68.09,191.21,168.74,801.76,0.908,-1,-1,-1
188,19,1472.54,429.94,57.93,222.42,0.799,-1,-1,-1
189,1,180.24,90.18,390.82,903.97,0.597,-1,-1,-1
189,4,561.72,378.72,121.26,404.31,0.827,-1,-1,-1
189,5,773.90,10.82,385.43,1047.87,0.923,-1,-1,-1
189,7,1361.49,546.81,53.61,142.19,0.817,-1,-1,-1
189,13,668.84,402.51,147.19,411.84,0.856,-1,-1,-1
189,14,1695.07,471.45,45.76,115.49,0.519,-1,-1,-1
189,15,1595.84,389.51,115.46,266.67,0.853,-1,-1,-1
189,16,-71.18,233.32,215.06,644.22,0.650,-1,-1,-1
189,17,1407.17,444.34,78.22,239.81,0.845,-1,-1,-1
189,18,57.61,189.99,172.15,798.27,0.762,-1,-1,-1
189,19,1479.71,431.18,58.91,222.12,0.843,-1,-1,-1
190,1,117.23,83.44,404.49,927.35,0.586,-1,-1,-1
190,4,570.57,377.38,126.97,406.00,0.860,-1,-1,-1
190,5,759.87,9.92,385.42,1050.14,0.920,-1,-1,-1
190,7,1363.69,546.34,53.47,143.02,0.810,-1,-1,-1
190,13,681.61,400.88,145.16,413.17,0.739,-1,-1,-1
190,14,1695.29,471.38,45.98,115.99,0.232,-1,-1,-1
190,15,1597.80,391.31,115.67,265.03,0.855,-1,-1,-1
190,16,-61.76,222.87,223.39,685.77,0.664,-1,-1,-1
190,17,1408.04,443.81,79.74,240.67,0.841,-1,-1,-1
190,18,91.26,189.05,142.33,644.59,0.615,-1,-1,-1
190,19,1484.74,431.69,60.01,222.14,0.831,-1,-1,-1
191,1,68.28,79.64,405.76,914.46,0.713,-1,-1,-1
191,4,579.27,378.24,131.94,407.42,0.881,-1,-1,-1
191,5,742.63,9.21,384.68,1047.39,0.909,-1,-1,-1
191,7,1366.40,545.04,53.49,144.41,0.788,-1,-1,-1
191,10,458.08,397.16,136.99,405.85,0.739,-1,-1,-1
191,13,695.16,400.93,143.67,414.53,0.701,-1,-1,-1
191,15,1601.45,394.52,115.35,261.34,0.793,-1,-1,-1
191,16,-56.07,220.49,227.82,718.19,0.660,-1,-1,-1
191,17,1407.61,442.97,81.18,241.65,0.851,-1,-1,-1
191,19,1489.84,431.34,61.35,222.98,0.811,-1,-1,-1
192,1,33.71,77.74,415.26,925.93,0.736,-1,-1,-1
192,4,584.13,378.11,135.57,406.35,0.886,-1,-1,-1
192,5,726.55,8.78,385.69,1049.19,0.925,-1,-1,-1
192,7,1368.87,543.59,53.54,146.02,0.804,-1,-1,-1
192,10,468.10,395.75,134.89,407.36,0.792,-1,-1,-1
192,15,1603.62,397.10,115.56,259.12,0.794,-1,-1,-1
192,16,-51.49,217.89,229.29,736.50,0.558,-1,-1,-1
192,17,1408.14,442.20,82.38,241.56,0.834,-1,-1,-1
192,19,1492.09,431.23,62.52,222.77,0.810,-1,-1,-1
193,1,12.08,75.15,425.54,942.10,0.818,-1,-1,-1
193,4,587.13,379.75,138.44,404.45,0.886,-1,-1,-1
193,5,713.09,8.88,383.43,1042.03,0.859,-1,-1,-1
193,7,1372.37,542.77,53.54,146.87,0.808,-1,-1,-1
193,10,481.34,395.38,133.51,409.25,0.719,-1,-1,-1
193,15,1605.75,399.42,115.00,255.93,0.738,-1,-1,-1
193,16,-24.79,220.29,188.29,593.89,0.544,-1,-1,-1
193,17,1407.24,442.20,83.55,241.91,0.846,-1,-1,-1
193,19,1493.82,430.99,63.89,223.53,0.835,-1,-1,-1
194,1,3.96,109.52,423.27,935.89,0.757,-1,-1,-1
194,4,579.39,379.75,137.78,404.75,0.832,-1,-1,-1
194,5,694.73,7.49,384.98,1044.25,0.854,-1,-1,-1
194,7,1375.34,540.89,53.86,148.54,0.813,-1,-1,-1
194,10,500.27,394.81,132.48,411.56,0.810,-1,-1,-1
194,15,1608.46,400.97,114.90,253.99,0.834,-1,-1,-1
194,17,1407.05,441.75,84.53,241.75,0.860,-1,-1,-1
194,19,1495.50,430.69,65.05,223.54,0.851,-1,-1,-1
195,1,-16.43,96.68,422.31,935.35,0.515,-1,-1,-1
195,4,578.34,381.56,130.08,388.61,0.796,-1,-1,-1
195,5,676.59,7.75,385.92,1040.79,0.874,-1,-1,-1
195,7,1378.20,539.49,54.44,149.90,0.821,-1,-1,-1
195,10,510.94,393.52,131.55,412.50,0.852,-1,-1,-1
195,15,1610.13,401.24,115.14,252.83,0.840,-1,-1,-1
195,17,1406.97,441.45,85.68,241.86,0.867,-1,-1,-1
195,19,1496.01,430.32,66.38,223.96,0.862,-1,-1,-1
196,1,-31.73,83.96,416.61,929.55,0.717,-1,-1,-1
196,5,648.35,6.82,394.15,1048.87,0.885,-1,-1,-1
196,7,1381.97,539.17,55.42,150.61,0.827,-1,-1,-1
196,10,518.28,394.05,131.14,411.27,0.852,-1,-1,-1
196,15,1613.73,401.75,114.36,250.21,0.864,-1,-1,-1
196,17,1407.85,441.41,86.70,242.27,0.870,-1,-1,-1
196,19,1496.84,429.40,67.48,224.55,0.858,-1,-1,-1
197,1,-52.83,78.88,420.34,946.64,0.512,-1,-1,-1
197,5,622.55,7.91,400.79,1043.97,0.900,-1,-1,-1
197,7,1386.68,539.61,55.90,150.56,0.795,-1,-1,-1
197,10,519.07,393.95,129.69,410.89,0.836,-1,-1,-1
197,11,929.26,514.58,104.20,291.52,0.762,-1,-1,-1
197,15,1618.73,400.63,113.35,248.60,0.769,-1,-1,-1
197,17,1409.16,441.33,87.88,242.47,0.866,-1,-1,-1
197,19,1497.25,428.67,68.46,224.87,0.855,-1,-1,-1
197,20,292.81,222.50,224.63,735.75,0.891,-1,-1,-1
198,1,-69.98,73.28,421.83,964.26,0.594,-1,-1,-1
198,5,596.97,17.07,407.90,1040.18,0.874,-1,-1,-1
198,7,1390.42,540.99,56.40,149.66,0.823,-1,-1,-1
198,10,519.48,389.83,129.93,413.88,0.843,-1,-1,-1
198,11,943.70,525.14,101.39,279.90,0.803,-1,-1,-1
198,15,1622.44,399.07,112.86,248.91,0.791,-1,-1,-1
198,17,1410.54,441.27,88.91,242.73,0.874,-1,-1,-1
198,19,1499.37,427.92,69.24,226.10,0.760,-1,-1,-1
198,20,298.39,225.46,227.37,738.91,0.907,-1,-1,-1
199,1,-84.40,64.22,414.01,973.70,0.751,-1,-1,-1
199,5,570.12,9.41,420.59,1045.59,0.847,-1,-1,-1
199,7,1392.47,541.96,56.60,149.42,0.812,-1,-1,-1
199,10,520.94,389.91,128.33,410.30,0.111,-1,-1,-1
199,11,951.99,519.01,105.65,284.16,0.847,-1,-1,-1
199,15,1623.72,396.69,113.30,250.98,0.873,-1,-1,-1
199,17,1412.44,440.80,90.35,243.89,0.878,-1,-1,-1
199,18,183.35,251.63,131.66,592.34,0.693,-1,-1,-1
199,19,1500.80,426.92,70.04,227.04,0.798,-1,-1,-1
199,20,307.44,231.56,228.12,732.43,0.905,-1,-1,-1
200,1,-91.24,77.50,397.90,973.57,0.833,-1,-1,-1
200,5,541.02,4.30,431.05,1045.16,0.804,-1,-1,-1
200,7,1394.26,542.50,56.63,149.32,0.769,-1,-1,-1
200,11,962.98,510.96,113.71,290.48,0.853,-1,-1,-1
200,15,1625.65,396.16,112.94,251.21,0.868,-1,-1,-1
200,17,1413.66,440.67,91.68,244.97,0.887,-1,-1,-1
200,18,183.84,262.04,150.37,638.91,0.827,-1,-1,-1
200,19,1504.01,426.08,70.57,228.82,0.810,-1,-1,-1
200,20,302.36,236.51,229.08,727.12,0.894,-1,-1,-1
201,5,504.68,1.61,443.56,1047.71,0.798,-1,-1,-1
201,7,1398.55,541.55,56.65,150.14,0.825,-1,-1,-1
201,11,965.14,395.01,159.90,406.17,0.902,-1,-1,-1
201,13,855.59,558.41,82.11,232.19,0.714,-1,-1,-1
201,15,1628.37,396.65,111.87,250.62,0.875,-1,-1,-1
201,16,-44.99,107.44,274.91,901.87,0.757,-1,-1,-1
201,17,1415.86,440.72,92.64,245.55,0.870,-1,-1,-1
201,18,196.98,263.85,155.85,646.00,0.872,-1,-1,-1
201,19,1507.51,424.70,70.91,229.49,0.712,-1,-1,-1
201,20,297.79,242.14,228.69,718.51,0.904,-1,-1,-1
202,5,480.50,0.17,455.91,1050.54,0.813,-1,-1,-1
202,7,1402.39,537.28,57.79,154.16,0.822,-1,-1,-1
202,11,971.70,354.37,178.54,446.90,0.922,-1,-1,-1
202,13,866.56,563.55,82.39,225.95,0.758,-1,-1,-1
202,15,1632.23,397.37,111.23,249.74,0.877,-1,-1,-1
202,16,-36.63,166.29,243.53,836.06,0.862,-1,-1,-1
202,17,1418.61,440.82,93.54,246.04,0.877,-1,-1,-1
202,18,215.22,263.65,157.69,640.74,0.898,-1,-1,-1
202,19,1510.81,424.17,71.19,229.99,0.751,-1,-1,-1
202,20,291.44,245.47,228.41,712.76,0.905,-1,-1,-1
203,5,455.09,-0.43,464.79,1049.23,0.772,-1,-1,-1
203,7,1406.13,536.39,57.93,154.92,0.831,-1,-1,-1
203,11,975.61,335.50,188.70,464.65,0.922,-1,-1,-1
203,13,869.29,553.44,88.10,235.76,0.839,-1,-1,-1
203,15,1636.60,399.14,110.53,247.68,0.881,-1,-1,-1
203,16,-31.75,204.92,210.92,754.30,0.832,-1,-1,-1
203,17,1421.23,441.32,94.27,245.97,0.877,-1,-1,-1
203,18,233.43,264.09,157.90,623.69,0.888,-1,-1,-1
203,19,1519.61,424.71,70.80,229.11,0.807,-1,-1,-1
203,20,289.34,246.55,226.80,706.92,0.902,-1,-1,-1
204,5,437.85,2.22,469.31,1050.17,0.753,-1,-1,-1
204,6,125.74,531.36,70.41,213.87,0.576,-1,-1,-1
204,7,1409.58,535.81,58.42,156.26,0.801,-1,-1,-1
204,11,977.75,329.13,193.92,469.93,0.926,-1,-1,-1
204,13,879.91,514.87,106.14,275.24,0.697,-1,-1,-1
204,15,1641.90,401.08,110.40,246.06,0.883,-1,-1,-1
204,16,-29.52,269.29,170.49,637.32,0.799,-1,-1,-1
204,17,1423.75,441.27,95.36,246.74,0.845,-1,-1,-1
204,18,249.49,264.22,167.72,650.45,0.906,-1,-1,-1
204,19,1529.33,425.71,72.01,228.06,0.846,-1,-1,-1
205,5,393.98,47.62,463.78,1014.60,0.757,-1,-1,-1
205,6,125.72,530.45,71.01,214.21,0.437,-1,-1,-1
205,7,1412.96,538.39,57.51,153.19,0.800,-1,-1,-1
205,11,979.39,327.70,195.64,466.87,0.920,-1,-1,-1
205,13,878.44,451.62,133.77,338.47,0.879,-1,-1,-1
205,15,1645.70,401.90,110.16,245.13,0.893,-1,-1,-1
205,17,1426.37,440.99,95.99,246.57,0.844,-1,-1,-1
205,18,258.64,266.89,166.55,641.59,0.913,-1,-1,-1
205,19,1538.14,426.31,74.54,227.56,0.888,-1,-1,-1
206,5,343.34,99.20,454.51,969.45,0.840,-1,-1,-1
206,6,126.68,532.00,70.66,212.46,0.217,-1,-1,-1
206,7,1415.92,539.66,57.94,153.74,0.819,-1,-1,-1
206,11,983.39,327.10,196.17,465.03,0.925,-1,-1,-1
206,13,877.64,426.61,146.52,362.55,0.867,-1,-1,-1
206,15,1648.62,403.63,108.79,242.85,0.886,-1,-1,-1
206,16,-40.09,376.69,156.85,616.43,0.715,-1,-1,-1
206,17,1428.58,440.53,97.98,250.18,0.813,-1,-1,-1
206,18,260.84,271.39,161.03,634.79,0.857,-1,-1,-1
206,19,1545.38,428.44,77.45,225.23,0.892,-1,-1,-1
207,5,299.24,67.14,476.42,1000.53,0.781,-1,-1,-1
207,6,126.77,534.76,70.39,209.53,0.390,-1,-1,-1
207,7,1418.33,540.43,58.40,154.58,0.783,-1,-1,-1
207,11,989.93,326.51,194.58,461.60,0.910,-1,-1,-1
207,13,875.04,414.30,154.08,376.61,0.912,-1,-1,-1
207,15,1651.09,405.26,107.39,240.72,0.889,-1,-1,-1
207,16,-39.28,306.61,172.83,712.34,0.834,-1,-1,-1
207,17,1430.15,439.30,99.89,253.18,0.829,-1,-1,-1
207,19,1548.78,429.33,80.91,224.33,0.894,-1,-1,-1
208,4,670.89,543.58,87.92,258.78,0.679,-1,-1,-1
208,5,265.58,29.70,495.58,1032.23,0.837,-1,-1,-1
208,7,1420.82,541.19,58.54,154.50,0.797,-1,-1,-1
208,11,997.61,326.12,192.33,460.05,0.921,-1,-1,-1
208,13,873.30,409.60,154.28,377.36,0.912,-1,-1,-1
208,15,1653.07,405.25,106.59,240.20,0.873,-1,-1,-1
208,16,-17.43,278.07,179.86,744.38,0.922,-1,-1,-1
208,17,1432.82,437.13,101.16,256.08,0.835,-1,-1,-1
208,19,1550.54,429.82,84.34,223.77,0.889,-1,-1,-1
209,4,668.34,420.66,129.70,383.60,0.771,-1,-1,-1
209,5,210.81,17.04,500.33,1036.78,0.864,-1,-1,-1
209,7,1422.91,540.32,59.31,156.03,0.801,-1,-1,-1
209,11,1013.58,325.99,188.67,458.65,0.927,-1,-1,-1
209,13,887.34,407.03,153.83,374.90,0.900,-1,-1,-1
209,15,1658.33,404.40,105.88,239.03,0.855,-1,-1,-1
209,16,-3.16,268.69,183.20,750.40,0.930,-1,-1,-1
209,17,1435.99,434.65,102.11,257.78,0.837,-1,-1,-1
209,19,1552.07,429.99,87.21,223.72,0.852,-1,-1,-1
209,21,678.69,431.04,206.00,349.97,0.612,-1,-1,-1
210,4,677.26,400.61,137.62,401.20,0.786,-1,-1,-1
210,5,162.72,11.17,503.19,1037.40,0.875,-1,-1,-1
210,7,1423.74,537.53,60.43,159.49,0.769,-1,-1,-1
210,10,563.64,521.84,126.52,375.29,0.740,-1,-1,-1
210,11,1033.41,326.14,186.47,458.51,0.917,-1,-1,-1
210,13,900.74,405.77,151.48,371.62,0.909,-1,-1,-1
210,15,1663.15,403.39,105.62,238.26,0.868,-1,-1,-1
210,16,-2.36,268.22,181.61,747.07,0.925,-1,-1,-1
210,17,1438.79,433.44,102.15,257.31,0.851,-1,-1,-1
210,19,1551.75,429.71,90.19,224.05,0.873,-1,-1,-1
210,21,674.97,388.12,227.91,388.65,0.744,-1,-1,-1
211,5,109.00,7.50,509.18,1043.49,0.932,-1,-1,-1
211,7,1426.29,533.90,61.34,163.32,0.750,-1,-1,-1
211,8,908.54,515.66,33.19,112.89,0.545,-1,-1,-1
211,10,543.29,319.62,204.50,585.89,0.919,-1,-1,-1
211,11,1057.02,327.27,185.36,456.74,0.924,-1,-1,-1
211,13,917.00,404.12,148.14,369.16,0.905,-1,-1,-1
211,15,1668.98,401.60,106.44,239.14,0.879,-1,-1,-1
211,16,-6.26,272.10,169.89,709.10,0.901,-1,-1,-1
211,17,1441.04,432.00,102.75,258.52,0.831,-1,-1,-1
211,19,1554.80,429.11,92.04,224.11,0.891,-1,-1,-1
211,21,669.15,370.27,242.90,416.60,0.881,-1,-1,-1
212,5,68.92,6.28,514.40,1046.16,0.925,-1,-1,-1
212,7,1427.40,531.73,61.33,165.28,0.814,-1,-1,-1
212,8,908.78,515.65,32.92,112.31,0.586,-1,-1,-1
212,10,542.85,281.24,228.85,628.20,0.916,-1,-1,-1
212,11,1072.90,327.45,185.65,455.99,0.928,-1,-1,-1
212,13,928.54,402.26,145.64,369.15,0.907,-1,-1,-1
212,15,1671.02,400.34,106.88,239.50,0.851,-1,-1,-1
212,16,-14.56,276.20,159.61,681.00,0.734,-1,-1,-1
212,17,1443.42,431.50,102.95,258.92,0.820,-1,-1,-1
212,19,1559.09,428.51,92.49,223.30,0.883,-1,-1,-1
212,21,659.19,363.30,250.82,431.43,0.885,-1,-1,-1
213,5,38.30,6.50,517.07,1042.47,0.892,-1,-1,-1
213,7,1429.24,531.18,61.05,166.06,0.812,-1,-1,-1
213,8,908.97,515.57,32.86,112.40,0.632,-1,-1,-1
213,10,543.85,263.99,245.01,645.44,0.915,-1,-1,-1
213,11,1085.20,328.99,185.87,454.39,0.926,-1,-1,-1
213,13,939.60,401.78,143.71,369.71,0.909,-1,-1,-1
213,15,1672.79,400.24,107.13,239.48,0.808,-1,-1,-1
213,16,-19.99,291.10,131.75,579.81,0.732,-1,-1,-1
213,17,1444.52,432.29,102.56,258.98,0.811,-1,-1,-1
213,18,421.94,492.96,111.97,396.81,0.589,-1,-1,-1
213,19,1563.84,427.59,92.52,223.91,0.851,-1,-1,-1
213,21,655.48,361.81,253.95,438.33,0.887,-1,-1,-1
214,4,728.11,379.46,143.14,415.07,0.565,-1,-1,-1
214,5,13.67,6.99,519.22,1039.49,0.898,-1,-1,-1
214,7,1431.68,531.01,61.21,166.42,0.783,-1,-1,-1
214,8,909.49,516.06,33.31,112.36,0.547,-1,-1,-1
214,10,544.70,257.21,256.34,651.00,0.921,-1,-1,-1
214,11,1099.12,332.43,185.79,451.21,0.930,-1,-1,-1
214,13,953.42,403.31,140.91,366.97,0.895,-1,-1,-1
214,15,1675.36,400.74,107.33,238.80,0.849,-1,-1,-1
214,17,1445.90,433.60,101.83,258.28,0.817,-1,-1,-1
214,19,1571.66,426.48,91.77,224.73,0.728,-1,-1,-1
214,20,399.84,282.24,194.89,590.45,0.857,-1,-1,-1
214,21,652.72,351.32,260.20,449.85,0.204,-1,-1,-1
215,4,737.53,374.59,144.24,419.92,0.591,-1,-1,-1
215,5,-2.74,6.68,521.04,1040.81,0.848,-1,-1,-1
215,7,1434.65,531.74,61.23,165.74,0.753,-1,-1,-1
215,8,910.58,516.25,34.02,112.66,0.539,-1,-1,-1
215,10,544.94,256.23,264.50,648.72,0.930,-1,-1,-1
215,11,1108.08,336.18,185.38,447.18,0.939,-1,-1,-1
215,13,965.67,405.18,138.28,364.62,0.897,-1,-1,-1
215,15,1678.06,401.72,107.07,237.30,0.866,-1,-1,-1
215,17,1448.25,433.50,101.69,258.40,0.767,-1,-1,-1
215,19,1578.66,426.50,90.10,224.01,0.778,-1,-1,-1
215,20,411.24,283.20,193.67,582.38,0.884,-1,-1,-1
215,21,652.21,348.82,260.58,452.46,0.445,-1,-1,-1
216,4,732.88,373.29,145.49,419.29,0.510,-1,-1,-1
216,5,-13.13,5.50,511.13,1019.74,0.755,-1,-1,-1
216,7,1439.25,535.90,60.30,163.12,0.771,-1,-1,-1
216,8,910.65,516.45,34.57,113.19,0.533,-1,-1,-1
216,10,550.55,257.45,267.44,641.16,0.921,-1,-1,-1
216,11,1117.17,339.84,183.95,442.50,0.917,-1,-1,-1
216,13,979.65,407.09,136.63,363.42,0.899,-1,-1,-1
216,15,1681.31,403.59,106.80,235.45,0.811,-1,-1,-1
216,17,1454.06,434.44,101.16,258.34,0.864,-1,-1,-1
216,19,1584.81,425.84,89.59,224.53,0.765,-1,-1,-1
216,20,432.93,282.20,190.78,581.33,0.876,-1,-1,-1
217,4,748.77,372.85,143.61,418.68,0.777,-1,-1,-1
217,5,-21.35,8.32,505.84,1010.22,0.710,-1,-1,-1
217,7,1441.65,539.02,59.62,161.49,0.800,-1,-1,-1
217,8,910.62,516.57,34.76,112.82,0.610,-1,-1,-1
217,10,561.29,257.45,268.42,638.78,0.921,-1,-1,-1
217,11,1124.04,344.16,182.70,438.14,0.922,-1,-1,-1
217,13,989.67,410.86,134.47,358.83,0.900,-1,-1,-1
217,15,1684.32,405.28,106.55,233.95,0.801,-1,-1,-1
217,17,1457.44,434.75,100.82,258.62,0.867,-1,-1,-1
217,19,1592.21,425.70,89.08,224.23,0.753,-1,-1,-1
217,20,451.97,281.52,187.81,581.65,0.902,-1,-1,-1
218,4,756.81,371.69,139.67,418.15,0.814,-1,-1,-1
218,5,-30.69,9.69,509.80,1021.61,0.682,-1,-1,-1
218,7,1444.82,541.13,58.70,160.08,0.835,-1,-1,-1
218,8,910.22,516.79,34.91,112.64,0.498,-1,-1,-1
218,10,577.20,257.50,265.10,633.83,0.928,-1,-1,-1
218,11,1129.87,346.02,182.14,435.32,0.929,-1,-1,-1
218,13,996.15,413.90,133.28,355.13,0.897,-1,-1,-1
218,15,1687.71,406.19,106.22,232.83,0.830,-1,-1,-1
218,17,1461.07,435.11,100.50,258.78,0.849,-1,-1,-1
218,19,1600.95,425.99,89.21,223.40,0.769,-1,-1,-1
218,20,467.30,281.45,184.78,580.25,0.893,-1,-1,-1
218,22,184.40,556.08,159.33,445.63,0.837,-1,-1,-1
219,4,769.85,371.01,134.08,413.02,0.824,-1,-1,-1
219,5,-34.14,10.01,494.24,993.72,0.677,-1,-1,-1
219,7,1448.92,541.76,58.28,159.82,0.818,-1,-1,-1
219,8,909.87,516.90,35.11,112.80,0.630,-1,-1,-1
219,10,600.30,257.18,257.23,626.32,0.901,-1,-1,-1
219,11,1138.65,346.97,180.64,431.52,0.925,-1,-1,-1
219,13,1003.30,416.48,132.70,351.50,0.902,-1,-1,-1
219,15,1690.48,406.67,106.22,232.22,0.804,-1,-1,-1
219,17,1465.49,435.65,99.92,258.85,0.853,-1,-1,-1
219,19,1614.58,426.22,90.73,223.68,0.862,-1,-1,-1
219,20,485.04,282.87,181.77,579.21,0.909,-1,-1,-1
219,22,205.63,516.43,177.18,488.57,0.910,-1,-1,-1
220,4,780.03,372.93,131.53,414.09,0.793,-1,-1,-1
220,5,50.76,152.66,422.75,850.07,0.669,-1,-1,-1
220,7,1452.67,541.36,58.38,160.55,0.834,-1,-1,-1
220,8,910.03,516.89,35.27,112.93,0.605,-1,-1,-1
220,10,626.87,258.55,249.44,620.51,0.899,-1,-1,-1
220,11,1148.08,347.14,177.99,424.93,0.917,-1,-1,-1
220,13,1010.34,417.31,132.07,348.92,0.903,-1,-1,-1
220,15,1693.09,406.35,106.29,232.45,0.811,-1,-1,-1
220,17,1468.52,435.13,99.98,260.05,0.845,-1,-1,-1
220,19,1623.23,426.77,92.61,223.36,0.859,-1,-1,-1
220,20,503.15,286.26,179.56,575.41,0.890,-1,-1,-1
221,4,796.45,373.17,129.23,413.47,0.747,-1,-1,-1
221,5,-14.44,91.21,451.39,918.30,0.573,-1,-1,-1
221,7,1457.48,540.29,58.57,161.65,0.849,-1,-1,-1
221,8,910.76,516.87,35.61,113.14,0.636,-1,-1,-1
221,10,659.04,258.15,244.61,619.49,0.912,-1,-1,-1
221,11,1156.22,347.48,174.71,418.42,0.918,-1,-1,-1
221,13,1023.32,416.60,130.07,345.39,0.910,-1,-1,-1
221,15,1694.62,405.91,106.08,231.75,0.818,-1,-1,-1
221,17,1470.97,433.80,99.77,261.89,0.842,-1,-1,-1
221,19,1629.30,427.46,94.63,222.80,0.845,-1,-1,-1
221,20,533.11,289.47,182.18,573.24,0.919,-1,-1,-1
221,22,222.68,315.56,252.03,680.87,0.929,-1,-1,-1
222,4,813.61,370.43,129.46,413.83,0.701,-1,-1,-1
222,7,1460.61,539.55,58.77,162.38,0.833,-1,-1,-1
222,8,910.05,516.46,35.75,113.75,0.525,-1,-1,-1
222,10,683.31,258.94,242.57,620.07,0.848,-1,-1,-1
222,11,1160.42,347.04,173.11,417.02,0.917,-1,-1,-1
222,13,1034.62,415.18,127.72,342.08,0.895,-1,-1,-1
222,15,1696.47,405.90,105.06,229.29,0.802,-1,-1,-1
222,17,1473.37,432.84,99.24,263.14,0.834,-1,-1,-1
222,19,1634.04,427.93,97.76,222.30,0.887,-1,-1,-1
222,20,548.96,293.33,185.32,569.31,0.915,-1,-1,-1
222,22,231.28,279.83,269.83,712.17,0.928,-1,-1,-1
223,4,834.37,373.06,128.67,408.56,0.720,-1,-1,-1
223,5,80.10,254.11,345.11,707.13,0.841,-1,-1,-1
223,7,1463.39,539.16,59.15,162.92,0.828,-1,-1,-1
223,10,706.10,264.19,238.50,612.36,0.895,-1,-1,-1
223,11,1162.93,346.75,171.08,416.21,0.911,-1,-1,-1
223,13,1042.76,413.60,126.08,340.69,0.894,-1,-1,-1
223,15,1698.11,405.00,104.73,228.63,0.788,-1,-1,-1
223,17,1474.42,432.27,98.40,263.77,0.818,-1,-1,-1
223,19,1636.30,428.03,100.93,221.71,0.896,-1,-1,-1
223,20,555.16,296.83,188.31,565.90,0.916,-1,-1,-1
223,22,237.70,268.29,279.29,719.13,0.923,-1,-1,-1
224,4,851.76,399.07,123.23,381.45,0.502,-1,-1,-1
224,5,126.37,301.05,316.13,643.98,0.875,-1,-1,-1
224,7,1466.48,539.66,59.28,162.44,0.848,-1,-1,-1
224,10,727.04,266.07,236.68,609.03,0.889,-1,-1,-1
224,11,1165.84,346.96,168.44,416.01,0.889,-1,-1,-1
224,13,1052.11,412.83,125.47,340.90,0.890,-1,-1,-1
224,15,1700.62,403.49,105.10,230.09,0.856,-1,-1,-1
224,17,1476.78,430.23,98.28,266.05,0.829,-1,-1,-1
224,19,1637.55,429.15,103.72,220.31,0.902,-1,-1,-1
224,20,558.27,301.49,190.16,559.61,0.919,-1,-1,-1
224,22,245.14,268.04,285.99,718.73,0.937,-1,-1,-1
225,4,874.10,432.46,113.54,344.75,0.434,-1,-1,-1
225,5,145.01,317.41,307.05,618.90,0.900,-1,-1,-1
225,7,1469.31,540.46,59.42,162.07,0.862,-1,-1,-1
225,10,746.29,270.19,235.60,605.00,0.884,-1,-1,-1
225,11,1175.02,347.32,166.89,415.81,0.898,-1,-1,-1
225,13,1059.90,413.13,124.47,339.23,0.886,-1,-1,-1
225,15,1703.28,402.52,104.83,230.41,0.864,-1,-1,-1
225,17,1480.49,429.04,97.79,266.74,0.822,-1,-1,-1
225,19,1637.94,429.53,106.12,219.59,0.887,-1,-1,-1
225,20,559.95,303.49,192.28,556.29,0.921,-1,-1,-1
225,22,254.68,267.48,289.87,715.68,0.896,-1,-1,-1
226,4,891.03,444.68,110.38,331.85,0.522,-1,-1,-1
226,5,154.51,323.54,304.56,608.12,0.915,-1,-1,-1
226,7,1472.88,541.90,59.82,162.67,0.862,-1,-1,-1
226,10,759.26,274.23,235.53,600.46,0.902,-1,-1,-1
226,11,1188.89,349.49,165.23,412.66,0.911,-1,-1,-1
226,13,1071.02,414.86,124.47,338.34,0.894,-1,-1,-1
226,15,1707.82,403.79,103.22,228.48,0.858,-1,-1,-1
226,17,1486.44,427.22,98.00,268.61,0.818,-1,-1,-1
226,19,1641.31,428.53,107.94,220.29,0.898,-1,-1,-1
226,20,566.73,303.39,193.49,554.30,0.912,-1,-1,-1
226,22,273.73,270.42,287.14,702.14,0.894,-1,-1,-1
226,23,1167.01,440.61,46.38,213.36,0.525,-1,-1,-1
227,4,904.10,460.91,106.04,315.15,0.640,-1,-1,-1
227,5,161.23,324.49,304.38,604.18,0.919,-1,-1,-1
227,7,1475.49,543.03,59.91,162.46,0.850,-1,-1,-1
227,10,768.90,278.48,236.40,594.68,0.912,-1,-1,-1
227,11,1198.09,351.91,164.21,409.79,0.914,-1,-1,-1
227,13,1082.21,416.98,125.23,336.38,0.901,-1,-1,-1
227,15,1712.53,404.88,101.66,226.17,0.846,-1,-1,-1
227,17,1491.60,426.25,98.18,269.38,0.829,-1,-1,-1
227,19,1645.91,427.26,108.62,220.99,0.870,-1,-1,-1
227,20,576.10,302.59,193.44,553.26,0.912,-1,-1,-1
227,22,294.95,271.87,283.11,690.90,0.902,-1,-1,-1
227,23,1167.24,439.84,46.37,213.24,0.341,-1,-1,-1
228,4,913.99,468.56,103.77,307.24,0.634,-1,-1,-1
228,5,172.63,323.86,303.23,601.75,0.869,-1,-1,-1
228,7,1478.03,543.83,59.97,162.40,0.828,-1,-1,-1
228,10,774.40,280.08,238.73,592.19,0.896,-1,-1,-1
228,11,1204.96,353.95,162.35,406.49,0.905,-1,-1,-1
228,13,1088.14,419.21,124.93,333.86,0.875,-1,-1,-1
228,15,1718.33,406.64,100.26,223.75,0.859,-1,-1,-1
228,17,1496.06,426.29,97.93,268.75,0.859,-1,-1,-1
228,19,1650.83,426.01,108.45,221.70,0.874,-1,-1,-1
228,20,588.97,301.93,190.79,548.89,0.922,-1,-1,-1
228,22,319.44,271.40,278.90,685.17,0.902,-1,-1,-1
228,23,1167.24,438.66,46.63,214.30,0.551,-1,-1,-1
229,4,925.87,477.38,100.07,297.63,0.633,-1,-1,-1
229,5,185.33,320.65,293.92,593.25,0.879,-1,-1,-1
229,6,124.47,532.54,71.72,211.69,0.510,-1,-1,-1
229,7,1482.24,543.22,60.27,163.61,0.809,-1,-1,-1
229,10,780.06,280.33,240.75,590.21,0.907,-1,-1,-1
229,11,1209.91,355.17,161.04,404.85,0.892,-1,-1,-1
229,13,1096.82,421.73,125.17,330.74,0.891,-1,-1,-1
229,15,1725.76,407.99,98.64,221.26,0.804,-1,-1,-1
229,17,1502.54,427.14,98.71,268.74,0.875,-1,-1,-1
229,19,1658.89,424.11,107.56,223.78,0.868,-1,-1,-1
229,20,610.29,301.67,184.76,539.64,0.910,-1,-1,-1
229,22,357.34,272.48,272.89,680.03,0.919,-1,-1,-1
229,23,1173.02,437.96,46.74,214.56,0.545,-1,-1,-1
229,24,34.86,499.41,76.01,250.93,0.539,-1,-1,-1
230,4,935.84,486.69,96.08,289.21,0.627,-1,-1,-1
230,5,208.81,317.99,284.19,587.56,0.914,-1,-1,-1
230,6,124.50,534.65,71.42,209.54,0.391,-1,-1,-1
230,7,1486.12,542.00,60.58,164.99,0.815,-1,-1,-1
230,10,786.96,280.83,241.32,587.63,0.924,-1,-1,-1
230,11,1215.47,356.74,158.83,403.34,0.900,-1,-1,-1
230,13,1100.52,423.74,125.39,328.50,0.894,-1,-1,-1
230,15,1732.66,409.65,96.82,218.69,0.804,-1,-1,-1
230,17,1507.84,427.48,99.99,269.38,0.893,-1,-1,-1
230,19,1666.88,422.61,105.79,225.11,0.842,-1,-1,-1
230,20,628.47,301.61,180.04,534.56,0.900,-1,-1,-1
230,22,387.29,274.02,268.45,676.99,0.919,-1,-1,-1
230,23,1179.73,437.71,46.87,214.60,0.362,-1,-1,-1
230,24,35.73,499.81,75.78,250.18,0.566,-1,-1,-1
231,4,946.64,499.00,90.72,276.80,0.456,-1,-1,-1
231,5,241.99,314.80,275.01,586.71,0.869,-1,-1,-1
231,6,124.01,534.91,71.86,209.40,0.356,-1,-1,-1
231,7,1491.98,540.31,61.48,166.96,0.788,-1,-1,-1
231,10,802.40,279.51,237.59,580.97,0.918,-1,-1,-1
231,11,1220.43,357.94,155.92,401.14,0.898,-1,-1,-1
231,13,1105.45,424.99,125.15,325.43,0.902,-1,-1,-1
231,15,1738.83,410.46,94.98,217.37,0.804,-1,-1,-1
231,17,1511.88,428.02,100.84,268.99,0.891,-1,-1,-1
231,19,1673.93,421.43,103.49,225.94,0.828,-1,-1,-1
231,20,646.64,301.43,177.25,533.34,0.912,-1,-1,-1
231,22,416.76,278.84,264.15,671.79,0.926,-1,-1,-1
231,23,1187.83,436.21,46.85,213.41,0.510,-1,-1,-1
231,24,36.58,498.78,76.06,251.22,0.428,-1,-1,-1
232,4,955.04,510.72,86.16,264.90,0.161,-1,-1,-1
232,5,277.12,314.00,263.51,585.29,0.882,-1,-1,-1
232,6,123.63,534.38,72.41,209.40,0.583,-1,-1,-1
232,7,1495.82,538.84,61.72,168.37,0.837,-1,-1,-1
232,10,818.34,279.34,231.58,573.34,0.920,-1,-1,-1
232,11,1224.99,358.39,152.86,398.82,0.891,-1,-1,-1
232,13,1112.82,425.74,123.80,321.15,0.888,-1,-1,-1
232,15,1743.31,411.85,92.92,215.75,0.838,-1,-1,-1
232,17,1513.63,428.58,101.50,269.60,0.882,-1,-1,-1
232,19,1679.65,420.98,101.26,226.18,0.817,-1,-1,-1
232,20,661.17,302.02,174.87,531.34,0.916,-1,-1,-1
232,22,440.32,283.84,260.82,667.40,0.922,-1,-1,-1
232,23,1194.57,436.61,47.44,213.75,0.549,-1,-1,-1
232,24,32.98,465.25,86.33,285.76,0.447,-1,-1,-1
233,5,307.27,313.94,253.34,585.73,0.895,-1,-1,-1
233,6,123.46,534.82,72.43,208.31,0.615,-1,-1,-1
233,7,1500.25,537.05,62.17,170.27,0.852,-1,-1,-1
233,10,833.65,276.84,225.46,570.09,0.912,-1,-1,-1
233,11,1229.52,358.42,149.29,395.48,0.887,-1,-1,-1
233,13,1120.25,425.34,121.95,317.54,0.886,-1,-1,-1
233,15,1746.13,412.52,91.18,214.82,0.827,-1,-1,-1
233,17,1515.03,428.90,101.79,269.66,0.867,-1,-1,-1
233,19,1685.11,420.84,99.04,226.08,0.844,-1,-1,-1
233,20,679.28,302.41,174.98,530.38,0.904,-1,-1,-1
233,22,459.81,290.00,257.92,663.01,0.918,-1,-1,-1
233,23,1200.29,434.35,49.37,218.50,0.653,-1,-1,-1
233,24,33.87,447.84,92.18,305.12,0.550,-1,-1,-1
234,5,335.95,316.28,244.11,585.08,0.879,-1,-1,-1
234,6,122.83,534.45,72.91,208.88,0.672,-1,-1,-1
234,7,1509.82,535.98,63.88,171.29,0.863,-1,-1,-1
234,10,847.04,276.64,218.53,567.08,0.912,-1,-1,-1
234,11,1239.58,357.39,146.23,391.58,0.903,-1,-1,-1
234,13,1129.63,422.78,120.86,317.35,0.884,-1,-1,-1
234,15,1751.83,411.89,90.18,215.23,0.822,-1,-1,-1
234,17,1517.58,427.60,102.34,271.37,0.874,-1,-1,-1
234,19,1697.65,421.91,97.40,224.85,0.868,-1,-1,-1
234,20,706.18,305.36,177.42,527.07,0.920,-1,-1,-1
234,22,478.17,297.01,255.20,654.32,0.901,-1,-1,-1
234,23,1206.26,434.05,50.60,220.73,0.648,-1,-1,-1
234,24,39.41,438.57,94.88,313.20,0.282,-1,-1,-1
235,5,363.57,319.73,238.14,580.77,0.799,-1,-1,-1
235,6,122.08,533.58,73.53,209.98,0.640,-1,-1,-1
235,7,1515.85,536.16,65.63,171.20,0.856,-1,-1,-1
235,10,859.16,276.43,213.04,566.22,0.906,-1,-1,-1
235,11,1249.08,356.88,144.95,389.50,0.907,-1,-1,-1
235,13,1136.97,421.11,120.52,318.78,0.852,-1,-1,-1
235,15,1756.71,411.04,89.41,216.00,0.842,-1,-1,-1
235,17,1519.74,426.58,102.65,272.34,0.855,-1,-1,-1
235,19,1704.69,422.05,96.35,224.43,0.838,-1,-1,-1
235,20,725.65,307.26,181.23,525.23,0.919,-1,-1,-1
235,22,491.78,304.30,252.99,644.42,0.898,-1,-1,-1
235,23,1209.81,433.39,51.63,223.01,0.549,-1,-1,-1
235,24,41.44,465.31,86.22,285.54,0.524,-1,-1,-1
236,5,392.68,323.78,235.45,574.65,0.832,-1,-1,-1
236,6,122.01,533.22,73.85,210.38,0.752,-1,-1,-1
236,7,1519.96,537.33,67.56,170.67,0.861,-1,-1,-1
236,10,882.78,277.34,209.53,563.77,0.908,-1,-1,-1
236,11,1261.41,357.06,145.02,388.91,0.899,-1,-1,-1
236,13,1146.04,420.72,120.18,319.03,0.835,-1,-1,-1
236,15,1761.64,409.13,88.82,217.31,0.857,-1,-1,-1
236,17,1522.31,426.02,101.99,271.52,0.834,-1,-1,-1
236,19,1712.18,423.12,96.03,223.15,0.843,-1,-1,-1
236,20,736.66,310.61,183.73,521.18,0.894,-1,-1,-1
236,22,507.10,308.42,252.51,638.06,0.913,-1,-1,-1
236,23,1214.14,435.11,51.63,222.33,0.221,-1,-1,-1
236,24,32.99,478.00,82.80,272.79,0.610,-1,-1,-1
237,5,407.72,325.86,234.93,571.83,0.907,-1,-1,-1
237,6,121.84,532.77,74.10,210.90,0.588,-1,-1,-1
237,7,1522.42,537.51,70.01,170.71,0.866,-1,-1,-1
237,10,903.73,280.12,207.94,560.82,0.922,-1,-1,-1
237,11,1270.53,357.19,145.94,388.51,0.907,-1,-1,-1
237,13,1153.82,420.19,119.68,318.24,0.884,-1,-1,-1
237,15,1766.14,408.17,88.25,218.30,0.854,-1,-1,-1
237,17,1524.96,426.06,100.66,269.00,0.817,-1,-1,-1
237,19,1716.74,425.82,95.35,220.29,0.868,-1,-1,-1
237,20,741.82,314.42,185.87,515.56,0.917,-1,-1,-1
237,22,522.37,311.09,251.58,631.40,0.920,-1,-1,-1
237,23,1216.92,432.80,52.35,225.06,0.196,-1,-1,-1
237,24,32.11,485.12,80.48,265.07,0.444,-1,-1,-1
238,5,411.34,328.61,232.68,567.11,0.877,-1,-1,-1
238,6,121.48,532.45,74.31,211.30,0.662,-1,-1,-1
238,7,1524.73,537.70,72.49,170.58,0.875,-1,-1,-1
238,10,922.84,283.25,207.64,557.49,0.927,-1,-1,-1
238,11,1278.71,357.76,146.75,387.00,0.908,-1,-1,-1
238,13,1160.25,423.13,118.19,314.49,0.849,-1,-1,-1
238,15,1769.69,407.73,88.10,219.26,0.592,-1,-1,-1
238,17,1527.09,425.50,100.78,270.15,0.757,-1,-1,-1
238,19,1720.70,427.20,95.02,218.59,0.867,-1,-1,-1
238,20,742.94,316.97,187.97,510.42,0.928,-1,-1,-1
238,22,540.93,312.31,247.29,619.66,0.899,-1,-1,-1
238,23,1219.71,434.26,51.87,222.10,0.305,-1,-1,-1
238,24,29.00,491.36,78.90,258.46,0.347,-1,-1,-1
239,5,428.45,331.60,232.66,563.38,0.783,-1,-1,-1
239,6,117.72,507.63,82.29,236.69,0.468,-1,-1,-1
239,7,1527.92,538.72,74.47,169.71,0.878,-1,-1,-1
239,10,939.94,287.17,208.36,551.94,0.923,-1,-1,-1
239,11,1287.18,359.80,147.11,384.70,0.912,-1,-1,-1
239,13,1168.24,424.81,117.17,312.92,0.874,-1,-1,-1
239,15,1773.87,407.98,87.30,218.44,0.434,-1,-1,-1
239,17,1528.60,424.89,100.99,271.92,0.666,-1,-1,-1
239,19,1725.55,426.45,94.31,218.37,0.862,-1,-1,-1
239,20,743.63,317.62,190.42,508.36,0.923,-1,-1,-1
239,22,569.50,312.34,240.20,606.19,0.899,-1,-1,-1
239,23,1224.02,433.98,52.42,223.35,0.281,-1,-1,-1
239,24,26.66,496.66,77.90,252.72,0.628,-1,-1,-1
239,25,1692.40,472.01,39.48,112.29,0.552,-1,-1,-1
240,5,432.50,331.06,231.13,563.20,0.917,-1,-1,-1
240,6,114.96,484.73,88.49,259.58,0.739,-1,-1,-1
240,7,1531.88,538.91,75.68,169.39,0.826,-1,-1,-1
240,10,947.04,290.49,210.00,548.38,0.921,-1,-1,-1
240,11,1292.35,361.20,147.69,383.31,0.914,-1,-1,-1
240,13,1174.81,426.62,115.92,311.04,0.905,-1,-1,-1
240,15,1777.79,408.54,86.00,216.53,0.526,-1,-1,-1
240,17,1534.47,424.16,88.28,236.35,0.591,-1,-1,-1
240,19,1731.46,425.09,93.07,218.17,0.816,-1,-1,-1
240,20,746.56,316.35,192.10,507.57,0.914,-1,-1,-1
240,22,590.46,311.63,233.95,596.04,0.918,-1,-1,-1
240,23,1229.05,433.05,53.08,225.79,0.104,-1,-1,-1
240,24,25.41,499.06,77.83,250.07,0.609,-1,-1,-1
240,25,1692.41,471.83,39.58,112.55,0.559,-1,-1,-1
240,26,910.22,377.14,54.71,381.46,0.559,-1,-1,-1
241,5,451.62,334.88,222.64,550.75,0.902,-1,-1,-1
241,6,117.14,499.93,83.18,243.92,0.530,-1,-1,-1
241,7,1537.73,538.86,76.10,169.09,0.843,-1,-1,-1
241,10,948.41,292.05,211.55,545.51,0.931,-1,-1,-1
241,11,1297.48,364.54,147.17,378.82,0.912,-1,-1,-1
241,13,1182.12,428.01,114.55,309.03,0.884,-1,-1,-1
241,15,1782.10,409.86,84.74,214.43,0.418,-1,-1,-1
241,17,1537.09,423.58,85.87,229.80,0.228,-1,-1,-1
241,19,1736.79,423.78,92.61,218.28,0.778,-1,-1,-1
241,20,757.46,313.81,191.86,507.99,0.910,-1,-1,-1
241,22,611.12,312.22,228.97,589.08,0.925,-1,-1,-1
241,24,24.37,500.61,77.97,248.55,0.594,-1,-1,-1
241,25,1692.02,471.77,39.81,113.14,0.544,-1,-1,-1
241,26,918.64,378.91,54.62,380.45,0.630,-1,-1,-1
242,5,473.08,335.28,213.51,539.59,0.899,-1,-1,-1
242,6,119.39,515.63,77.97,228.27,0.676,-1,-1,-1
242,7,1546.26,538.61,76.17,169.23,0.881,-1,-1,-1
242,10,949.17,292.45,213.09,542.63,0.939,-1,-1,-1
242,11,1302.53,367.42,146.88,375.30,0.911,-1,-1,-1
242,13,1187.89,428.76,113.25,307.08,0.870,-1,-1,-1
242,15,1796.27,411.76,64.32,158.00,0.586,-1,-1,-1
242,17,1540.33,423.20,78.91,210.32,0.500,-1,-1,-1
242,19,1742.83,422.28,92.10,219.49,0.853,-1,-1,-1
242,20,776.18,312.35,186.93,501.45,0.905,-1,-1,-1
242,22,626.49,314.11,224.98,583.82,0.920,-1,-1,-1
242,24,24.32,502.74,77.79,246.54,0.482,-1,-1,-1
242,25,1691.79,472.02,39.76,112.98,0.547,-1,-1,-1
242,26,927.23,380.66,54.03,375.21,0.429,-1,-1,-1
243,5,496.07,332.64,205.79,534.07,0.886,-1,-1,-1
243,6,120.62,523.23,75.62,220.87,0.679,-1,-1,-1
243,7,1554.27,538.63,75.91,169.37,0.871,-1,-1,-1
243,10,950.79,292.88,214.17,540.94,0.921,-1,-1,-1
243,11,1305.65,368.95,147.57,373.88,0.898,-1,-1,-1
243,13,1193.16,428.88,112.35,306.48,0.843,-1,-1,-1
243,15,1796.74,412.81,69.09,170.23,0.297,-1,-1,-1
243,17,1543.52,422.83,73.60,195.17,0.416,-1,-1,-1
243,19,1748.58,421.58,91.77,220.35,0.824,-1,-1,-1
243,20,787.57,311.82,184.10,499.55,0.842,-1,-1,-1
243,22,640.85,314.82,224.37,581.31,0.919,-1,-1,-1
243,24,23.83,503.60,78.30,245.98,0.604,-1,-1,-1
243,25,1691.99,472.09,39.79,113.03,0.552,-1,-1,-1
243,26,938.04,382.03,54.24,375.34,0.107,-1,-1,-1
244,5,524.56,330.64,198.51,532.26,0.846,-1,-1,-1
244,6,121.92,527.25,74.31,216.96,0.678,-1,-1,-1
244,7,1561.28,538.30,76.29,171.10,0.875,-1,-1,-1
244,10,958.55,292.17,213.40,539.40,0.922,-1,-1,-1
244,11,1311.66,370.20,147.86,371.84,0.899,-1,-1,-1
244,13,1199.28,428.38,110.44,302.55,0.870,-1,-1,-1
244,15,1799.11,414.48,71.06,175.72,0.372,-1,-1,-1
244,17,1546.93,422.51,72.36,190.58,0.357,-1,-1,-1
244,19,1755.65,421.37,90.91,219.85,0.845,-1,-1,-1
244,20,805.00,310.26,180.46,498.91,0.837,-1,-1,-1
244,22,662.63,319.10,227.13,575.10,0.924,-1,-1,-1
244,24,23.84,504.51,78.53,245.34,0.452,-1,-1,-1
244,25,1692.24,472.01,39.99,113.40,0.580,-1,-1,-1
244,26,977.08,383.12,57.28,377.73,0.719,-1,-1,-1
245,5,545.01,328.65,192.46,532.92,0.856,-1,-1,-1
245,6,122.68,529.40,73.50,214.57,0.447,-1,-1,-1
245,7,1566.49,538.67,75.95,171.08,0.870,-1,-1,-1
245,10,969.38,291.29,210.29,535.96,0.913,-1,-1,-1
245,11,1316.44,369.99,146.80,366.14,0.902,-1,-1,-1
245,13,1203.95,427.24,109.19,299.86,0.873,-1,-1,-1
245,15,1800.39,415.62,72.31,179.46,0.449,-1,-1,-1
245,17,1546.52,422.70,72.45,190.45,0.245,-1,-1,-1
245,19,1760.89,422.15,90.59,219.30,0.873,-1,-1,-1
245,20,817.30,310.25,176.23,497.36,0.864,-1,-1,-1
245,22,677.80,321.95,231.87,570.75,0.921,-1,-1,-1
245,24,23.45,504.31,79.26,245.59,0.535,-1,-1,-1
245,25,1692.43,471.93,40.14,113.59,0.568,-1,-1,-1
245,26,989.57,376.31,61.80,384.88,0.787,-1,-1,-1
246,4,1008.49,296.96,169.51,520.35,0.915,-1,-1,-1
246,5,569.73,329.33,189.14,533.13,0.744,-1,-1,-1
246,6,123.78,533.25,72.12,210.22,0.385,-1,-1,-1
246,7,1574.03,539.13,76.00,170.18,0.848,-1,-1,-1
246,10,964.43,321.96,187.79,477.83,0.640,-1,-1,-1
246,11,1320.99,369.87,145.52,360.90,0.900,-1,-1,-1
246,13,1208.35,426.04,108.97,299.91,0.863,-1,-1,-1
246,15,1800.06,416.08,77.35,193.54,0.394,-1,-1,-1
246,17,1533.39,422.42,91.53,245.36,0.775,-1,-1,-1
246,19,1767.68,422.22,90.98,219.34,0.737,-1,-1,-1
246,20,830.95,310.89,171.96,495.66,0.872,-1,-1,-1
246,22,687.25,325.65,235.87,564.96,0.916,-1,-1,-1
246,24,23.23,504.88,79.57,245.00,0.413,-1,-1,-1
246,25,1692.19,471.94,40.25,113.57,0.567,-1,-1,-1
246,26,982.22,380.54,61.91,375.94,0.704,-1,-1,-1
247,4,1020.32,287.80,173.44,531.33,0.921,-1,-1,-1
247,5,600.19,330.95,187.12,529.34,0.725,-1,-1,-1
247,6,124.11,534.62,71.69,208.66,0.345,-1,-1,-1
247,7,1581.39,539.76,76.68,170.09,0.836,-1,-1,-1
247,11,1323.62,368.47,144.96,360.14,0.902,-1,-1,-1
247,13,1215.01,425.74,108.40,300.46,0.812,-1,-1,-1
247,15,1798.57,414.87,82.79,210.14,0.653,-1,-1,-1
247,17,1530.70,422.24,95.90,262.83,0.816,-1,-1,-1
247,19,1769.76,423.01,90.18,218.59,0.800,-1,-1,-1
247,20,843.37,311.80,167.36,493.09,0.882,-1,-1,-1
247,22,692.45,326.98,240.05,560.75,0.921,-1,-1,-1
247,24,23.42,504.92,79.90,244.88,0.347,-1,-1,-1
247,25,1691.94,471.92,40.32,113.50,0.533,-1,-1,-1
247,26,983.45,382.57,62.95,368.52,0.870,-1,-1,-1
248,4,1033.02,285.13,176.65,535.96,0.920,-1,-1,-1
248,5,629.56,333.69,187.47,525.31,0.885,-1,-1,-1
248,6,123.99,535.04,71.70,208.44,0.387,-1,-1,-1
248,7,1585.95,540.25,77.64,171.14,0.840,-1,-1,-1
248,11,1324.31,367.94,144.00,360.74,0.905,-1,-1,-1
248,13,1223.73,425.88,107.55,299.52,0.858,-1,-1,-1
248,15,1799.89,413.65,84.30,216.45,0.622,-1,-1,-1
248,17,1529.94,422.06,97.60,273.21,0.819,-1,-1,-1
248,19,1773.00,423.70,89.22,217.61,0.724,-1,-1,-1
248,20,856.59,313.76,164.24,491.47,0.869,-1,-1,-1
248,22,697.33,325.90,243.91,559.56,0.925,-1,-1,-1
248,24,23.28,503.58,80.90,246.16,0.523,-1,-1,-1
248,25,1692.16,472.03,40.33,113.29,0.536,-1,-1,-1
248,26,988.66,382.89,63.75,361.63,0.848,-1,-1,-1
249,4,1048.49,284.76,180.57,535.94,0.922,-1,-1,-1
249,5,650.12,337.57,191.54,522.54,0.921,-1,-1,-1
249,6,124.22,535.84,71.50,207.46,0.415,-1,-1,-1
249,7,1590.38,539.49,78.33,172.98,0.874,-1,-1,-1
249,11,1324.41,368.10,141.31,359.22,0.904,-1,-1,-1
249,13,1234.27,426.84,108.01,298.45,0.866,-1,-1,-1
249,15,1803.12,412.12,84.44,219.88,0.695,-1,-1,-1
249,17,1529.96,421.95,97.43,277.82,0.824,-1,-1,-1
249,19,1776.85,424.82,87.66,214.84,0.660,-1,-1,-1
249,20,875.20,316.34,162.74,489.11,0.847,-1,-1,-1
249,22,708.78,326.45,243.79,555.50,0.913,-1,-1,-1
249,24,22.67,503.09,81.66,246.87,0.478,-1,-1,-1
249,25,1692.45,472.06,40.45,113.22,0.535,-1,-1,-1
249,26,993.36,383.35,64.59,360.61,0.794,-1,-1,-1
250,4,1060.90,285.61,184.42,535.20,0.927,-1,-1,-1
250,5,659.96,341.66,195.03,517.84,0.905,-1,-1,-1
250,6,124.42,536.06,71.58,207.31,0.435,-1,-1,-1
250,7,1595.48,538.65,78.12,174.49,0.848,-1,-1,-1
250,11,1325.12,368.00,139.51,359.20,0.873,-1,-1,-1
250,13,1241.84,428.37,108.82,296.53,0.883,-1,-1,-1
250,15,1806.82,411.91,82.86,217.99,0.628,-1,-1,-1
250,17,1530.35,421.76,96.87,281.03,0.829,-1,-1,-1
250,19,1783.63,425.59,88.26,214.36,0.805,-1,-1,-1
250,20,890.54,319.55,161.05,485.88,0.822,-1,-1,-1
250,22,721.81,326.82,241.53,550.95,0.915,-1,-1,-1
250,24,22.10,502.40,82.42,247.56,0.459,-1,-1,-1
250,25,1692.72,472.25,40.41,112.65,0.530,-1,-1,-1
250,26,997.44,382.30,65.42,361.06,0.783,-1,-1,-1
251,4,1074.10,289.06,187.47,531.74,0.910,-1,-1,-1
251,5,662.71,344.40,195.72,511.89,0.815,-1,-1,-1
251,6,124.26,536.26,71.68,207.43,0.326,-1,-1,-1
251,7,1600.98,535.32,78.26,178.33,0.821,-1,-1,-1
251,11,1332.70,368.62,138.44,358.98,0.899,-1,-1,-1
251,13,1250.50,430.74,108.34,293.13,0.867,-1,-1,-1
251,15,1810.28,411.80,83.15,221.02,0.538,-1,-1,-1
251,17,1531.40,421.75,96.16,283.03,0.829,-1,-1,-1
251,19,1789.34,425.10,89.71,214.95,0.833,-1,-1,-1
251,20,903.81,322.72,158.93,482.32,0.813,-1,-1,-1
251,22,747.15,324.33,239.51,553.73,0.909,-1,-1,-1
251,24,21.48,502.23,82.90,247.76,0.170,-1,-1,-1
251,25,1692.80,472.35,40.47,112.48,0.550,-1,-1,-1
251,26,1003.66,381.32,65.62,360.68,0.754,-1,-1,-1
252,4,1083.61,292.20,190.81,528.59,0.901,-1,-1,-1
252,5,658.52,345.28,196.92,509.54,0.899,-1,-1,-1
252,6,124.27,534.89,72.11,208.19,0.416,-1,-1,-1
252,7,1606.72,533.02,77.74,180.85,0.862,-1,-1,-1
252,11,1339.59,369.63,137.64,358.36,0.899,-1,-1,-1
252,13,1257.01,432.95,107.54,290.07,0.866,-1,-1,-1
252,15,1814.92,412.55,80.23,214.20,0.331,-1,-1,-1
252,17,1532.14,421.62,95.13,283.69,0.840,-1,-1,-1
252,19,1792.26,422.70,91.82,217.15,0.894,-1,-1,-1
252,20,914.75,326.77,156.26,477.69,0.818,-1,-1,-1
252,22,776.83,323.14,234.49,553.53,0.907,-1,-1,-1
252,24,27.66,501.80,82.54,248.01,0.385,-1,-1,-1
252,25,1692.30,472.36,40.52,112.45,0.513,-1,-1,-1
252,26,1009.54,381.05,65.68,360.17,0.775,-1,-1,-1
253,4,1090.95,295.65,193.56,524.70,0.904,-1,-1,-1
253,5,661.75,345.32,198.62,508.28,0.939,-1,-1,-1
253,6,123.90,534.43,72.27,208.44,0.516,-1,-1,-1
253,7,1612.69,531.65,76.93,182.36,0.857,-1,-1,-1
253,11,1345.99,371.48,136.26,356.19,0.894,-1,-1,-1
253,13,1260.54,435.01,107.00,287.76,0.852,-1,-1,-1
253,15,1819.33,413.38,77.77,208.68,0.414,-1,-1,-1
253,17,1532.76,421.56,94.09,283.71,0.840,-1,-1,-1
253,19,1795.34,423.27,92.13,216.11,0.868,-1,-1,-1
253,20,923.02,330.52,153.37,473.84,0.861,-1,-1,-1
253,22,797.44,321.57,230.44,554.64,0.888,-1,-1,-1
253,24,28.86,502.17,82.73,248.79,0.261,-1,-1,-1
253,25,1692.05,472.42,40.56,112.38,0.519,-1,-1,-1
253,26,1013.97,381.05,65.86,359.75,0.743,-1,-1,-1
254,4,1097.53,300.14,195.66,519.65,0.906,-1,-1,-1
254,5,675.18,342.55,198.59,505.84,0.914,-1,-1,-1
254,6,123.59,534.14,72.61,209.33,0.464,-1,-1,-1
254,7,1623.11,530.46,77.24,183.74,0.861,-1,-1,-1
254,11,1353.08,374.29,134.35,352.36,0.897,-1,-1,-1
254,13,1245.54,433.85,97.52,262.19,0.630,-1,-1,-1
254,15,1823.29,414.43,75.26,203.54,0.266,-1,-1,-1
254,17,1533.45,421.57,93.04,283.28,0.849,-1,-1,-1
254,19,1798.26,423.35,91.80,214.51,0.862,-1,-1,-1
254,20,931.34,330.65,150.11,468.30,0.708,-1,-1,-1
254,22,818.38,323.16,225.37,551.84,0.892,-1,-1,-1
254,23,1279.76,433.59,73.49,286.48,0.873,-1,-1,-1
254,24,30.12,502.36,82.80,249.39,0.199,-1,-1,-1
254,25,1691.75,472.39,40.62,112.36,0.457,-1,-1,-1
254,26,1023.20,381.70,65.48,354.57,0.752,-1,-1,-1
255,4,1104.28,302.70,196.93,515.86,0.904,-1,-1,-1
255,5,687.98,340.89,196.14,501.27,0.920,-1,-1,-1
255,6,125.55,533.20,73.78,210.99,0.584,-1,-1,-1
255,7,1631.44,528.88,78.64,185.49,0.855,-1,-1,-1
255,11,1358.50,375.30,132.98,350.96,0.902,-1,-1,-1
255,13,1234.37,432.31,91.08,244.98,0.653,-1,-1,-1
255,15,1826.28,415.55,75.09,204.66,0.114,-1,-1,-1
255,17,1534.19,421.62,92.06,282.98,0.854,-1,-1,-1
255,19,1800.24,421.29,92.30,216.03,0.845,-1,-1,-1
255,20,940.25,330.20,145.76,460.43,0.665,-1,-1,-1
255,22,836.66,323.42,221.58,550.51,0.889,-1,-1,-1
255,23,1281.52,432.38,77.50,288.07,0.854,-1,-1,-1
255,24,32.22,502.67,82.60,249.63,0.231,-1,-1,-1
255,25,1691.53,472.29,40.73,112.51,0.478,-1,-1,-1
255,26,1030.74,382.75,65.33,350.23,0.791,-1,-1,-1
256,4,1110.70,302.78,197.57,512.69,0.879,-1,-1,-1
256,5,705.61,338.34,192.09,499.84,0.915,-1,-1,-1
256,6,125.04,533.88,73.70,210.49,0.434,-1,-1,-1
256,7,1639.02,529.01,80.22,185.82,0.891,-1,-1,-1
256,11,1362.03,375.24,131.48,349.80,0.884,-1,-1,-1
256,13,1232.59,430.20,88.05,238.15,0.677,-1,-1,-1
256,15,1833.97,416.66,72.38,198.18,0.174,-1,-1,-1
256,17,1534.95,421.51,91.18,282.91,0.856,-1,-1,-1
256,19,1802.44,420.54,92.23,216.24,0.868,-1,-1,-1
256,20,948.46,329.22,143.26,459.54,0.648,-1,-1,-1
256,22,856.98,323.95,219.19,549.90,0.914,-1,-1,-1
256,23,1282.05,406.10,84.84,315.04,0.496,-1,-1,-1
256,24,36.87,516.65,77.69,235.15,0.195,-1,-1,-1
256,25,1692.06,472.30,40.85,112.75,0.501,-1,-1,-1
256,26,1038.05,384.54,65.85,348.66,0.792,-1,-1,-1
257,4,1116.99,303.25,197.34,510.79,0.920,-1,-1,-1
257,5,725.00,337.19,187.10,498.78,0.885,-1,-1,-1
257,6,124.29,532.04,74.33,212.23,0.478,-1,-1,-1
257,7,1643.63,529.95,81.51,185.70,0.888,-1,-1,-1
257,11,1365.28,376.16,129.57,347.50,0.892,-1,-1,-1
257,13,1232.76,429.60,86.20,234.06,0.474,-1,-1,-1
257,17,1535.30,421.39,90.31,282.73,0.853,-1,-1,-1
257,19,1805.09,420.50,91.93,216.07,0.800,-1,-1,-1
257,20,961.23,329.48,134.70,435.94,0.463,-1,-1,-1
257,22,872.08,325.93,217.58,547.29,0.913,-1,-1,-1
257,23,1288.11,415.68,82.49,303.27,0.739,-1,-1,-1
257,24,38.71,519.91,76.20,231.16,0.202,-1,-1,-1
257,25,1692.47,472.36,40.92,112.79,0.509,-1,-1,-1
257,26,1043.59,386.95,67.78,354.34,0.796,-1,-1,-1
258,4,1122.10,303.84,196.14,508.63,0.909,-1,-1,-1
258,5,743.50,336.58,182.50,498.64,0.896,-1,-1,-1
258,6,123.78,532.48,74.13,211.76,0.555,-1,-1,-1
258,7,1646.23,531.06,82.58,185.66,0.878,-1,-1,-1
258,11,1368.65,375.05,127.40,346.16,0.900,-1,-1,-1
258,13,1234.00,429.71,85.69,234.66,0.574,-1,-1,-1
258,17,1535.71,421.30,89.51,282.52,0.848,-1,-1,-1
258,19,1807.20,419.78,92.07,217.17,0.807,-1,-1,-1
258,20,972.72,328.56,128.47,418.08,0.353,-1,-1,-1
258,22,882.36,329.47,216.24,543.06,0.923,-1,-1,-1
258,23,1293.00,421.48,81.25,295.79,0.823,-1,-1,-1
258,24,41.19,520.63,75.42,230.05,0.200,-1,-1,-1
258,25,1692.88,472.22,40.82,112.49,0.437,-1,-1,-1
258,26,1044.07,389.46,69.65,354.46,0.736,-1,-1,-1
259,4,1130.02,303.79,191.73,499.43,0.911,-1,-1,-1
259,5,763.73,337.40,178.35,497.31,0.901,-1,-1,-1
259,6,123.46,533.43,73.80,210.72,0.605,-1,-1,-1
259,7,1650.45,531.28,82.89,186.07,0.888,-1,-1,-1
259,10,1100.36,440.77,115.86,303.26,0.650,-1,-1,-1
259,11,1376.54,374.27,125.05,343.20,0.918,-1,-1,-1
259,13,1236.14,425.25,86.33,238.05,0.147,-1,-1,-1
259,17,1535.94,421.20,88.74,282.39,0.840,-1,-1,-1
259,19,1809.74,418.61,92.21,218.45,0.816,-1,-1,-1
259,20,983.56,328.04,125.96,411.91,0.326,-1,-1,-1
259,22,891.95,333.13,215.01,538.52,0.916,-1,-1,-1
259,23,1298.66,425.09,80.70,290.68,0.839,-1,-1,-1
259,24,38.07,513.33,77.96,238.39,0.332,-1,-1,-1
259,25,1693.38,472.34,40.91,112.61,0.464,-1,-1,-1
259,26,1052.76,391.57,70.67,350.62,0.772,-1,-1,-1
260,4,1136.00,303.47,188.27,493.36,0.913,-1,-1,-1
260,5,780.03,339.04,174.82,495.64,0.899,-1,-1,-1
260,6,123.14,533.51,73.91,210.85,0.664,-1,-1,-1
260,7,1655.71,531.51,82.63,186.17,0.877,-1,-1,-1
260,10,1107.83,446.17,110.01,296.17,0.741,-1,-1,-1
260,11,1385.27,373.92,124.51,342.86,0.924,-1,-1,-1
260,13,1236.40,397.37,95.72,266.75,0.239,-1,-1,-1
260,17,1536.43,420.63,88.11,282.79,0.851,-1,-1,-1
260,19,1814.07,419.04,91.69,217.82,0.788,-1,-1,-1
260,20,993.41,329.30,128.92,424.07,0.417,-1,-1,-1
260,22,903.21,335.07,213.96,534.89,0.919,-1,-1,-1
260,23,1303.36,426.90,80.85,288.12,0.852,-1,-1,-1
260,24,35.34,509.33,79.28,242.31,0.237,-1,-1,-1
260,25,1694.61,472.15,41.08,112.67,0.413,-1,-1,-1
260,26,1056.79,392.67,74.04,364.49,0.671,-1,-1,-1
261,4,1140.08,303.00,185.88,490.99,0.926,-1,-1,-1
261,5,793.70,340.73,172.23,495.34,0.913,-1,-1,-1
261,6,122.79,533.34,74.03,211.13,0.572,-1,-1,-1
261,7,1662.21,530.35,82.63,187.41,0.891,-1,-1,-1
261,10,1115.61,450.14,106.32,290.65,0.674,-1,-1,-1
261,11,1392.46,373.47,124.45,341.39,0.917,-1,-1,-1
261,13,1239.51,381.75,100.90,283.55,0.131,-1,-1,-1
261,15,1860.25,416.09,47.43,127.56,0.524,-1,-1,-1
261,17,1536.76,420.27,87.47,282.96,0.853,-1,-1,-1
261,19,1817.22,419.59,91.21,217.11,0.711,-1,-1,-1
261,20,1005.06,329.63,129.66,428.80,0.269,-1,-1,-1
261,22,918.62,335.12,211.46,530.35,0.902,-1,-1,-1
261,23,1307.61,428.86,80.80,285.64,0.881,-1,-1,-1
261,24,36.52,507.55,79.28,243.81,0.417,-1,-1,-1
261,25,1694.90,472.38,41.21,112.78,0.224,-1,-1,-1
261,26,1064.50,393.07,75.80,372.19,0.567,-1,-1,-1
262,4,1144.73,303.50,182.88,488.03,0.928,-1,-1,-1
262,5,812.15,343.58,170.35,492.36,0.880,-1,-1,-1
262,6,122.92,533.51,73.87,210.78,0.492,-1,-1,-1
262,7,1671.62,529.17,82.42,189.20,0.890,-1,-1,-1
262,10,1120.47,451.68,104.11,289.66,0.706,-1,-1,-1
262,11,1401.96,373.99,124.52,340.24,0.907,-1,-1,-1
262,13,1245.87,368.45,105.08,298.09,0.129,-1,-1,-1
262,15,1863.35,415.84,43.23,112.94,0.527,-1,-1,-1
262,17,1538.06,420.25,86.76,282.87,0.837,-1,-1,-1
262,19,1822.25,422.08,90.50,214.46,0.815,-1,-1,-1
262,20,1022.86,330.12,130.38,432.49,0.233,-1,-1,-1
262,22,938.94,332.29,206.81,522.32,0.894,-1,-1,-1
262,23,1312.99,430.25,80.65,283.76,0.879,-1,-1,-1
262,24,32.82,522.59,75.72,228.30,0.534,-1,-1,-1
262,26,1075.55,391.03,78.58,380.89,0.612,-1,-1,-1
263,4,1150.90,304.06,180.78,486.90,0.919,-1,-1,-1
263,5,823.48,347.49,168.77,486.58,0.915,-1,-1,-1
263,6,122.64,533.11,74.04,211.33,0.657,-1,-1,-1
263,7,1677.83,528.40,82.24,191.09,0.898,-1,-1,-1
263,10,1127.31,452.51,101.49,288.49,0.722,-1,-1,-1
263,11,1407.67,374.86,124.81,339.11,0.914,-1,-1,-1
263,15,1866.52,415.50,41.70,106.11,0.470,-1,-1,-1
263,17,1539.64,420.16,86.50,283.39,0.831,-1,-1,-1
263,19,1824.67,424.48,90.01,211.88,0.833,-1,-1,-1
263,20,1046.66,352.17,120.95,403.07,0.157,-1,-1,-1
263,22,953.57,330.66,203.25,517.54,0.909,-1,-1,-1
263,23,1316.98,431.27,80.41,281.52,0.890,-1,-1,-1
263,24,30.48,528.72,74.53,221.78,0.330,-1,-1,-1
263,26,1087.64,389.53,81.84,385.14,0.754,-1,-1,-1
264,4,1164.09,305.80,179.81,484.88,0.923,-1,-1,-1
264,5,834.65,349.62,169.28,481.76,0.909,-1,-1,-1
264,6,122.56,533.31,73.91,210.84,0.627,-1,-1,-1
264,7,1683.37,527.44,82.09,193.48,0.879,-1,-1,-1
264,10,1130.09,455.82,99.47,286.27,0.413,-1,-1,-1
264,11,1412.35,375.63,124.90,337.49,0.923,-1,-1,-1
264,15,1869.48,415.65,39.66,98.74,0.273,-1,-1,-1
264,17,1541.25,420.06,86.23,283.76,0.831,-1,-1,-1
264,19,1825.93,426.42,89.23,209.55,0.840,-1,-1,-1
264,20,1072.93,373.09,115.98,387.16,0.481,-1,-1,-1
264,22,969.78,332.48,199.80,513.31,0.904,-1,-1,-1
264,23,1321.71,433.13,79.99,278.99,0.891,-1,-1,-1
264,24,31.81,518.82,77.34,231.18,0.359,-1,-1,-1
264,26,1091.83,389.70,81.93,385.87,0.279,-1,-1,-1
265,4,1175.37,308.80,179.12,481.83,0.924,-1,-1,-1
265,5,842.10,351.42,170.69,479.98,0.902,-1,-1,-1
265,6,122.57,533.10,73.99,211.03,0.585,-1,-1,-1
265,7,1689.43,527.27,81.72,194.52,0.871,-1,-1,-1
265,10,1131.79,457.89,100.00,291.01,0.413,-1,-1,-1
265,11,1416.40,376.92,124.99,335.63,0.916,-1,-1,-1
265,15,1871.85,416.24,38.00,92.57,0.255,-1,-1,-1
265,17,1542.91,420.24,86.01,283.73,0.811,-1,-1,-1
265,19,1828.14,427.19,89.14,208.33,0.850,-1,-1,-1
265,22,982.55,331.94,197.12,512.27,0.913,-1,-1,-1
265,23,1325.30,433.68,80.02,278.02,0.894,-1,-1,-1
265,24,34.47,512.89,78.67,237.06,0.358,-1,-1,-1
265,26,1095.27,389.99,81.34,382.67,0.187,-1,-1,-1
266,4,1184.02,311.77,178.49,478.57,0.907,-1,-1,-1
266,5,848.11,352.13,171.59,478.82,0.911,-1,-1,-1
266,6,122.47,532.86,74.05,211.17,0.699,-1,-1,-1
266,7,1693.79,528.04,81.13,195.28,0.873,-1,-1,-1
266,10,1134.16,450.83,102.97,302.98,0.258,-1,-1,-1
266,11,1419.41,377.73,125.61,335.76,0.909,-1,-1,-1
266,15,1874.12,416.78,35.59,84.40,0.284,-1,-1,-1
266,17,1544.26,420.27,85.73,283.60,0.813,-1,-1,-1
266,19,1829.40,427.62,88.78,207.54,0.823,-1,-1,-1
266,22,994.64,331.58,194.89,512.05,0.914,-1,-1,-1
266,23,1328.09,433.18,80.27,277.87,0.903,-1,-1,-1
266,24,35.11,507.81,79.73,241.84,0.440,-1,-1,-1
266,26,1099.09,389.66,80.01,374.77,0.222,-1,-1,-1
267,4,1191.19,314.09,177.40,476.51,0.901,-1,-1,-1
267,5,860.81,354.21,168.62,471.54,0.918,-1,-1,-1
267,6,122.33,532.58,74.22,211.41,0.744,-1,-1,-1
267,7,1700.43,529.23,79.98,194.84,0.858,-1,-1,-1
267,10,1151.42,452.21,101.76,296.40,0.405,-1,-1,-1
267,11,1423.54,379.82,125.59,334.21,0.904,-1,-1,-1
267,15,1877.31,418.32,32.82,75.72,0.313,-1,-1,-1
267,17,1544.88,420.25,85.15,283.35,0.804,-1,-1,-1
267,19,1831.54,426.97,88.31,206.53,0.795,-1,-1,-1
267,22,1017.15,331.03,196.13,512.81,0.908,-1,-1,-1
267,23,1333.09,432.29,79.35,274.11,0.885,-1,-1,-1
267,24,32.30,504.28,81.06,245.49,0.560,-1,-1,-1
267,25,1692.10,472.74,41.00,112.13,0.556,-1,-1,-1
267,26,1104.51,389.59,80.49,378.04,0.170,-1,-1,-1
268,4,1196.21,316.78,174.97,472.26,0.901,-1,-1,-1
268,5,875.64,355.13,164.92,464.22,0.905,-1,-1,-1
268,6,122.28,532.55,74.28,211.29,0.699,-1,-1,-1
268,7,1705.81,530.96,78.67,193.58,0.837,-1,-1,-1
268,10,1165.07,447.55,101.68,296.81,0.242,-1,-1,-1
268,11,1426.27,382.44,125.29,332.36,0.902,-1,-1,-1
268,15,1879.81,419.19,30.63,68.87,0.259,-1,-1,-1
268,17,1546.03,420.40,84.48,282.81,0.810,-1,-1,-1
268,19,1831.66,426.48,88.08,205.38,0.864,-1,-1,-1
268,22,1035.99,333.29,197.67,510.48,0.920,-1,-1,-1
268,23,1336.54,431.22,79.10,273.37,0.877,-1,-1,-1
268,24,33.83,502.53,81.15,247.50,0.514,-1,-1,-1
268,25,1691.51,472.43,41.15,112.37,0.588,-1,-1,-1
268,26,1113.16,387.76,78.26,366.22,0.283,-1,-1,-1
269,4,1203.72,319.30,171.41,465.73,0.900,-1,-1,-1
269,5,894.13,354.00,161.07,459.10,0.906,-1,-1,-1
269,6,122.23,532.39,74.30,211.32,0.680,-1,-1,-1
269,7,1711.36,529.76,78.37,195.01,0.822,-1,-1,-1
269,10,1165.82,420.65,99.94,300.84,0.698,-1,-1,-1
269,11,1429.49,384.83,124.35,329.50,0.905,-1,-1,-1
269,17,1547.83,421.30,83.53,281.82,0.801,-1,-1,-1
269,19,1832.27,424.36,88.57,206.71,0.843,-1,-1,-1
269,22,1050.51,336.32,199.67,506.07,0.929,-1,-1,-1
269,23,1343.13,430.97,78.59,272.47,0.883,-1,-1,-1
269,24,34.98,501.84,80.97,248.35,0.430,-1,-1,-1
269,25,1691.62,472.41,41.15,112.07,0.565,-1,-1,-1
270,4,1209.43,320.39,168.83,463.19,0.902,-1,-1,-1
270,5,903.72,353.14,157.92,456.58,0.903,-1,-1,-1
270,6,122.30,532.57,74.08,210.74,0.670,-1,-1,-1
270,7,1712.67,528.53,78.25,196.32,0.849,-1,-1,-1
270,10,1171.84,412.89,98.15,300.36,0.333,-1,-1,-1
270,11,1431.78,386.45,123.42,327.17,0.902,-1,-1,-1
270,17,1549.94,422.08,82.76,281.21,0.816,-1,-1,-1
270,19,1833.02,423.93,88.55,207.07,0.821,-1,-1,-1
270,22,1057.04,337.02,202.11,503.67,0.937,-1,-1,-1
270,23,1349.20,430.83,78.25,272.32,0.875,-1,-1,-1
270,24,31.09,501.38,81.60,248.90,0.540,-1,-1,-1
270,25,1691.88,472.57,41.48,112.29,0.599,-1,-1,-1
271,4,1215.89,319.82,166.74,461.50,0.921,-1,-1,-1
271,5,910.24,351.70,155.64,456.89,0.897,-1,-1,-1
271,6,122.29,532.94,73.93,210.13,0.714,-1,-1,-1
271,7,1715.66,526.62,78.88,198.23,0.867,-1,-1,-1
271,10,1177.06,407.55,99.44,308.88,0.165,-1,-1,-1
271,11,1433.69,387.41,122.28,324.91,0.898,-1,-1,-1
271,17,1551.40,422.77,82.00,280.74,0.807,-1,-1,-1
271,19,1833.73,422.87,88.54,207.85,0.848,-1,-1,-1
271,22,1060.40,337.21,204.42,502.62,0.929,-1,-1,-1
271,23,1356.65,431.40,78.24,271.05,0.881,-1,-1,-1
271,24,26.82,501.60,82.39,248.74,0.537,-1,-1,-1
271,25,1691.98,472.29,41.87,112.48,0.616,-1,-1,-1
272,4,1226.77,319.59,164.67,456.27,0.908,-1,-1,-1
272,5,921.79,351.49,153.63,455.64,0.900,-1,-1,-1
272,6,122.35,533.37,73.76,209.46,0.664,-1,-1,-1
272,7,1722.56,524.74,80.76,200.40,0.863,-1,-1,-1
272,11,1435.36,388.50,119.37,318.59,0.899,-1,-1,-1
272,17,1554.53,423.93,81.33,279.43,0.834,-1,-1,-1
272,19,1834.22,422.37,88.42,208.51,0.861,-1,-1,-1
272,22,1067.51,340.58,204.10,498.78,0.920,-1,-1,-1
272,23,1366.90,432.33,79.07,270.25,0.879,-1,-1,-1
272,24,24.29,500.71,83.52,249.34,0.640,-1,-1,-1
272,25,1691.68,472.26,42.12,112.50,0.609,-1,-1,-1
273,4,1235.84,319.75,163.33,451.93,0.914,-1,-1,-1
273,5,932.94,352.61,152.25,455.37,0.883,-1,-1,-1
273,6,122.42,533.15,73.88,209.72,0.556,-1,-1,-1
273,7,1728.22,525.52,81.95,200.73,0.856,-1,-1,-1
273,11,1435.50,388.69,117.02,315.19,0.884,-1,-1,-1
273,17,1556.72,425.22,80.43,276.98,0.846,-1,-1,-1
273,19,1835.63,422.08,87.91,208.90,0.870,-1,-1,-1
273,22,1075.89,340.62,203.09,496.73,0.918,-1,-1,-1
273,23,1373.78,434.23,80.01,268.43,0.881,-1,-1,-1
273,24,23.30,500.33,84.27,249.61,0.519,-1,-1,-1
273,25,1691.01,472.32,42.36,112.59,0.605,-1,-1,-1
274,4,1246.90,319.63,163.35,449.95,0.913,-1,-1,-1
274,5,951.71,355.35,151.52,451.95,0.896,-1,-1,-1
274,6,122.54,533.58,73.84,209.54,0.516,-1,-1,-1
274,7,1732.51,528.69,81.90,198.14,0.876,-1,-1,-1
274,11,1435.92,388.62,114.61,314.18,0.881,-1,-1,-1
274,17,1560.24,426.35,80.16,275.32,0.860,-1,-1,-1
274,19,1837.69,422.40,87.08,209.01,0.852,-1,-1,-1
274,22,1078.92,339.34,182.05,453.68,0.503,-1,-1,-1
274,23,1377.91,435.79,81.15,266.22,0.887,-1,-1,-1
274,24,21.88,500.95,85.09,249.00,0.688,-1,-1,-1
274,25,1691.07,472.31,42.69,112.64,0.618,-1,-1,-1
274,26,1133.79,339.03,112.47,480.67,0.917,-1,-1,-1
275,4,1256.15,319.91,163.36,447.17,0.913,-1,-1,-1
275,5,967.22,356.47,152.81,450.66,0.919,-1,-1,-1
275,6,122.79,533.78,73.85,209.35,0.559,-1,-1,-1
275,7,1735.17,530.69,81.85,196.37,0.876,-1,-1,-1
275,11,1438.29,388.49,112.56,313.88,0.867,-1,-1,-1
275,15,1887.77,415.40,23.12,48.52,0.521,-1,-1,-1
275,17,1563.10,427.21,80.14,273.47,0.861,-1,-1,-1
275,19,1840.33,424.13,85.36,207.34,0.858,-1,-1,-1
275,22,1078.51,337.98,158.53,407.39,0.728,-1,-1,-1
275,23,1379.77,437.08,82.29,264.12,0.894,-1,-1,-1
275,24,20.61,500.76,85.94,248.97,0.657,-1,-1,-1
275,25,1690.98,472.16,42.98,112.85,0.582,-1,-1,-1
275,26,1140.94,334.29,120.29,490.96,0.900,-1,-1,-1
276,4,1263.36,320.36,164.21,446.87,0.904,-1,-1,-1
276,5,982.71,359.35,154.45,447.30,0.922,-1,-1,-1
276,6,123.05,533.90,73.82,208.97,0.608,-1,-1,-1
276,7,1738.02,531.74,81.82,195.85,0.872,-1,-1,-1
276,11,1441.41,388.77,110.75,313.31,0.859,-1,-1,-1
276,15,1887.94,415.40,23.86,47.86,0.450,-1,-1,-1
276,17,1567.61,428.24,80.69,271.36,0.893,-1,-1,-1
276,19,1843.19,425.40,83.68,205.87,0.816,-1,-1,-1
276,22,1081.86,337.92,149.15,391.61,0.578,-1,-1,-1
276,23,1380.80,438.85,83.15,261.75,0.897,-1,-1,-1
276,24,20.42,500.69,86.22,248.81,0.366,-1,-1,-1
276,25,1691.00,471.98,43.32,113.14,0.601,-1,-1,-1
276,26,1150.39,331.51,126.20,496.39,0.916,-1,-1,-1
277,4,1272.07,322.53,163.92,443.53,0.897,-1,-1,-1
277,5,991.57,362.52,155.27,442.06,0.919,-1,-1,-1
277,6,122.89,533.25,74.12,209.95,0.598,-1,-1,-1
277,7,1740.90,531.02,82.08,197.56,0.851,-1,-1,-1
277,10,1155.22,338.63,155.28,477.29,0.893,-1,-1,-1
277,11,1447.56,388.82,109.30,312.88,0.875,-1,-1,-1
277,15,1889.14,415.72,23.45,45.26,0.404,-1,-1,-1
277,17,1573.87,430.00,82.19,269.48,0.896,-1,-1,-1
277,19,1846.50,427.27,81.55,203.65,0.800,-1,-1,-1
277,22,1103.36,338.39,113.50,301.79,0.649,-1,-1,-1
277,23,1382.77,438.47,83.90,260.69,0.891,-1,-1,-1
277,24,20.07,500.93,86.73,248.98,0.493,-1,-1,-1
277,25,1691.29,471.86,43.56,113.28,0.595,-1,-1,-1
277,26,1141.37,329.37,120.42,478.58,0.612,-1,-1,-1
278,4,1278.96,324.75,164.17,441.62,0.891,-1,-1,-1
278,5,995.11,363.33,156.61,440.33,0.920,-1,-1,-1
278,6,122.82,532.76,74.38,210.81,0.545,-1,-1,-1
278,7,1741.74,531.11,82.38,199.17,0.846,-1,-1,-1
278,10,1156.19,333.60,161.85,491.07,0.917,-1,-1,-1
278,11,1454.20,389.40,108.41,312.27,0.881,-1,-1,-1
278,15,1890.53,416.36,22.75,42.58,0.343,-1,-1,-1
278,17,1578.50,432.34,84.01,267.73,0.889,-1,-1,-1
278,19,1849.47,428.38,79.70,202.40,0.786,-1,-1,-1
278,22,1101.94,335.55,139.45,378.68,0.643,-1,-1,-1
278,23,1385.95,437.83,83.81,259.03,0.876,-1,-1,-1
278,24,19.80,500.67,87.51,249.25,0.640,-1,-1,-1
278,25,1691.32,471.85,43.76,113.34,0.570,-1,-1,-1
279,4,1287.17,327.78,163.95,439.89,0.884,-1,-1,-1
279,5,998.45,363.55,157.28,438.85,0.921,-1,-1,-1
279,6,122.65,532.44,74.53,211.27,0.512,-1,-1,-1
279,7,1740.75,531.21,82.76,200.60,0.856,-1,-1,-1
279,10,1163.71,333.34,165.60,495.21,0.922,-1,-1,-1
279,11,1461.39,390.84,107.68,310.63,0.892,-1,-1,-1
279,15,1893.02,417.63,21.35,39.22,0.174,-1,-1,-1
279,17,1581.78,435.84,85.47,265.44,0.894,-1,-1,-1
279,19,1850.76,428.86,78.40,201.25,0.667,-1,-1,-1
279,22,1106.01,340.52,141.94,398.93,0.761,-1,-1,-1
279,23,1392.05,437.00,82.65,257.69,0.891,-1,-1,-1
279,24,19.49,501.50,87.96,248.35,0.717,-1,-1,-1
279,25,1691.39,471.63,44.04,113.63,0.617,-1,-1,-1
280,4,1294.11,330.93,162.55,435.98,0.892,-1,-1,-1
280,5,1001.99,362.38,157.35,437.72,0.914,-1,-1,-1
280,6,122.77,532.71,74.43,210.88,0.417,-1,-1,-1
280,7,1739.22,531.21,82.86,201.05,0.886,-1,-1,-1
280,10,1172.67,334.67,167.52,495.05,0.889,-1,-1,-1
280,11,1466.98,392.49,107.16,309.02,0.888,-1,-1,-1
280,17,1583.58,440.97,86.04,261.07,0.903,-1,-1,-1
280,19,1850.86,428.41,77.27,201.04,0.797,-1,-1,-1
280,22,1110.90,343.85,141.38,408.06,0.661,-1,-1,-1
280,23,1397.75,436.21,81.30,257.49,0.855,-1,-1,-1
280,24,19.07,502.02,88.31,247.82,0.598,-1,-1,-1
280,25,1691.04,471.72,44.13,113.53,0.586,-1,-1,-1
281,4,1301.20,333.74,160.14,430.21,0.908,-1,-1,-1
281,5,1007.18,360.70,155.28,432.44,0.921,-1,-1,-1
281,6,123.14,532.76,74.50,210.91,0.420,-1,-1,-1
281,7,1735.30,529.88,83.20,202.11,0.881,-1,-1,-1
281,10,1182.77,337.12,168.39,490.93,0.889,-1,-1,-1
281,11,1471.99,393.59,107.03,307.80,0.876,-1,-1,-1
281,17,1585.28,444.83,86.53,257.38,0.899,-1,-1,-1
281,19,1851.51,427.64,76.14,200.91,0.819,-1,-1,-1
281,22,1117.50,346.35,139.50,412.49,0.645,-1,-1,-1
281,23,1402.01,435.41,80.12,257.24,0.821,-1,-1,-1
281,24,19.19,501.71,88.69,247.81,0.567,-1,-1,-1
281,25,1691.23,471.63,44.26,113.52,0.573,-1,-1,-1
282,4,1306.65,335.48,158.08,426.13,0.892,-1,-1,-1
282,5,1014.76,358.73,153.00,430.39,0.912,-1,-1,-1
282,6,123.01,532.58,74.58,211.23,0.426,-1,-1,-1
282,7,1729.10,528.34,83.25,203.85,0.885,-1,-1,-1
282,10,1195.16,340.90,168.35,485.45,0.887,-1,-1,-1
282,11,1477.15,394.65,106.29,305.61,0.880,-1,-1,-1
282,17,1586.77,450.66,86.24,251.78,0.903,-1,-1,-1
282,19,1854.72,426.52,73.93,198.55,0.777,-1,-1,-1
282,22,1128.24,348.47,136.90,412.26,0.690,-1,-1,-1
282,23,1408.49,435.53,78.83,256.61,0.846,-1,-1,-1
282,24,19.03,501.61,89.11,247.95,0.476,-1,-1,-1
282,25,1689.90,471.95,43.98,113.18,0.548,-1,-1,-1
283,4,1310.97,335.92,157.14,424.86,0.880,-1,-1,-1
283,5,1025.35,356.49,151.61,429.44,0.890,-1,-1,-1
283,6,123.30,532.76,74.52,210.88,0.448,-1,-1,-1
283,7,1726.16,526.87,83.77,205.66,0.892,-1,-1,-1
283,10,1205.83,343.09,168.18,480.95,0.886,-1,-1,-1
283,11,1480.01,394.84,105.84,304.72,0.887,-1,-1,-1
283,17,1588.10,456.91,85.67,245.50,0.902,-1,-1,-1
283,19,1857.67,425.61,72.23,197.68,0.750,-1,-1,-1
283,22,1136.29,349.43,134.70,415.49,0.828,-1,-1,-1
283,23,1414.19,435.27,77.77,256.22,0.839,-1,-1,-1
283,24,19.53,501.37,89.34,248.11,0.409,-1,-1,-1
283,25,1689.33,472.24,43.64,112.70,0.584,-1,-1,-1
284,4,1315.80,335.25,155.20,421.26,0.888,-1,-1,-1
284,5,1040.51,356.69,151.25,428.08,0.912,-1,-1,-1
284,6,122.85,532.09,74.55,211.15,0.522,-1,-1,-1
284,7,1723.30,525.91,85.03,206.95,0.908,-1,-1,-1
284,10,1220.20,344.38,167.51,475.65,0.884,-1,-1,-1
284,11,1481.88,394.22,105.53,305.14,0.879,-1,-1,-1
284,17,1588.94,462.55,85.60,239.71,0.900,-1,-1,-1
284,19,1860.04,424.97,69.00,191.74,0.746,-1,-1,-1
284,22,1146.85,350.17,131.73,413.34,0.795,-1,-1,-1
284,23,1420.24,436.47,76.63,255.09,0.801,-1,-1,-1
284,24,26.46,501.04,88.31,248.13,0.499,-1,-1,-1
284,25,1688.80,472.14,43.55,112.79,0.550,-1,-1,-1
285,4,1321.45,334.54,152.97,417.83,0.894,-1,-1,-1
285,5,1052.27,357.16,151.77,427.21,0.903,-1,-1,-1
285,6,122.77,531.97,74.61,211.32,0.448,-1,-1,-1
285,7,1719.91,525.19,86.94,207.62,0.912,-1,-1,-1
285,10,1229.73,344.82,167.25,472.69,0.861,-1,-1,-1
285,11,1484.41,393.13,105.10,305.51,0.868,-1,-1,-1
285,17,1591.41,467.14,85.71,234.93,0.905,-1,-1,-1
285,19,1861.04,424.08,68.35,193.80,0.794,-1,-1,-1
285,22,1155.51,349.39,129.42,414.52,0.818,-1,-1,-1
285,23,1425.65,438.64,75.09,252.91,0.826,-1,-1,-1
285,24,30.57,500.66,87.31,248.41,0.565,-1,-1,-1
285,25,1688.68,472.07,43.45,112.86,0.554,-1,-1,-1
286,4,1326.72,334.37,151.57,417.16,0.893,-1,-1,-1
286,5,1062.30,357.08,153.16,427.38,0.904,-1,-1,-1
286,6,122.53,532.59,74.35,210.75,0.409,-1,-1,-1
286,7,1717.36,524.98,89.18,207.68,0.908,-1,-1,-1
286,10,1241.08,345.40,165.81,467.44,0.863,-1,-1,-1
286,11,1487.28,392.95,104.32,304.54,0.886,-1,-1,-1
286,17,1593.54,471.25,86.18,230.83,0.898,-1,-1,-1
286,19,1862.48,423.24,67.30,195.09,0.798,-1,-1,-1
286,22,1165.97,348.22,126.75,411.20,0.816,-1,-1,-1
286,23,1429.83,440.50,73.55,249.99,0.851,-1,-1,-1
286,24,32.02,500.48,86.77,249.38,0.566,-1,-1,-1
286,25,1688.59,472.21,43.27,112.72,0.547,-1,-1,-1
287,4,1332.58,334.05,150.51,418.61,0.873,-1,-1,-1
287,5,1072.27,359.74,154.00,424.16,0.912,-1,-1,-1
287,6,122.19,532.95,74.23,210.52,0.512,-1,-1,-1
287,7,1713.50,524.97,91.64,207.40,0.911,-1,-1,-1
287,10,1252.06,344.40,164.33,461.93,0.881,-1,-1,-1
287,11,1491.74,391.73,102.72,301.73,0.892,-1,-1,-1
287,17,1596.21,476.33,86.53,225.88,0.887,-1,-1,-1
287,19,1863.93,423.28,66.05,195.39,0.754,-1,-1,-1
287,22,1173.05,346.61,124.59,409.56,0.758,-1,-1,-1
287,23,1433.02,442.36,72.64,248.33,0.871,-1,-1,-1
287,24,33.64,500.43,85.99,249.71,0.520,-1,-1,-1
287,25,1688.79,472.32,43.14,112.57,0.557,-1,-1,-1
288,4,1338.65,333.82,148.00,415.66,0.868,-1,-1,-1
288,5,1079.19,362.56,155.33,422.16,0.907,-1,-1,-1
288,6,122.35,533.36,74.19,210.61,0.547,-1,-1,-1
288,7,1711.63,524.59,94.01,207.86,0.906,-1,-1,-1
288,10,1260.62,343.97,164.05,460.14,0.893,-1,-1,-1
288,11,1499.55,390.15,102.14,301.39,0.895,-1,-1,-1
288,17,1598.32,481.83,86.68,220.30,0.874,-1,-1,-1
288,19,1866.42,423.45,64.23,194.17,0.737,-1,-1,-1
288,22,1179.57,345.12,122.67,407.96,0.799,-1,-1,-1
288,23,1435.74,443.19,72.01,247.39,0.883,-1,-1,-1
288,24,34.35,500.47,85.08,249.43,0.586,-1,-1,-1
288,25,1689.33,472.03,43.20,112.76,0.500,-1,-1,-1
289,4,1345.82,334.08,145.07,412.87,0.857,-1,-1,-1
289,5,1086.48,364.10,156.48,419.52,0.908,-1,-1,-1
289,6,122.41,533.00,74.02,210.61,0.466,-1,-1,-1
289,7,1708.97,524.74,95.94,207.93,0.914,-1,-1,-1
289,10,1270.11,342.98,164.52,460.50,0.893,-1,-1,-1
289,11,1510.72,388.34,102.12,302.17,0.903,-1,-1,-1
289,17,1600.27,489.50,85.97,212.57,0.873,-1,-1,-1
289,19,1868.65,424.03,60.93,187.38,0.716,-1,-1,-1
289,22,1185.97,347.04,120.16,402.99,0.835,-1,-1,-1
289,23,1440.97,442.02,71.16,247.27,0.859,-1,-1,-1
289,24,35.16,500.75,84.19,249.11,0.552,-1,-1,-1
289,25,1689.95,471.97,43.33,112.92,0.516,-1,-1,-1
290,4,1351.98,334.57,142.12,410.09,0.834,-1,-1,-1
290,5,1092.28,366.29,157.25,416.73,0.905,-1,-1,-1
290,6,122.50,532.65,73.89,210.72,0.508,-1,-1,-1
290,7,1706.48,524.99,97.27,207.79,0.907,-1,-1,-1
290,10,1278.78,343.85,163.74,458.28,0.889,-1,-1,-1
290,11,1518.32,389.30,101.89,301.23,0.897,-1,-1,-1
290,17,1602.45,494.77,85.98,207.11,0.869,-1,-1,-1
290,19,1870.85,425.17,58.16,182.52,0.753,-1,-1,-1
290,22,1191.50,347.17,119.26,401.93,0.772,-1,-1,-1
290,23,1446.47,441.23,69.72,245.34,0.826,-1,-1,-1
290,24,35.58,500.91,83.37,248.88,0.569,-1,-1,-1
290,25,1690.47,471.99,43.43,112.94,0.531,-1,-1,-1
291,4,1358.47,335.82,138.89,405.96,0.814,-1,-1,-1
291,5,1095.58,367.93,157.94,414.66,0.908,-1,-1,-1
291,6,122.75,532.57,73.79,210.75,0.518,-1,-1,-1
291,7,1703.94,524.75,98.32,207.80,0.908,-1,-1,-1
291,10,1287.92,346.19,163.59,455.21,0.912,-1,-1,-1
291,11,1524.10,389.70,102.12,300.96,0.899,-1,-1,-1
291,17,1604.53,499.74,85.04,201.80,0.654,-1,-1,-1
291,19,1872.13,425.69,56.28,179.74,0.718,-1,-1,-1
291,22,1194.80,347.65,117.26,399.94,0.809,-1,-1,-1
291,23,1451.27,440.02,68.68,244.99,0.846,-1,-1,-1
291,24,35.85,500.98,82.60,248.78,0.599,-1,-1,-1
291,25,1690.68,472.06,43.54,113.03,0.518,-1,-1,-1
292,4,1368.10,337.85,135.94,401.91,0.806,-1,-1,-1
292,5,1100.92,369.32,158.06,412.29,0.918,-1,-1,-1
292,6,122.93,533.42,73.43,210.02,0.544,-1,-1,-1
292,7,1700.53,524.72,98.87,207.84,0.912,-1,-1,-1
292,10,1301.64,349.36,165.15,451.92,0.913,-1,-1,-1
292,11,1532.10,389.76,102.74,300.69,0.897,-1,-1,-1
292,17,1599.89,505.34,83.11,196.40,0.840,-1,-1,-1
292,19,1875.02,426.80,52.14,168.75,0.676,-1,-1,-1
292,22,1204.44,348.63,116.34,398.03,0.872,-1,-1,-1
292,23,1456.76,438.66,67.94,245.54,0.822,-1,-1,-1
292,24,36.11,501.19,82.05,248.72,0.498,-1,-1,-1
292,25,1690.66,472.19,43.53,112.79,0.533,-1,-1,-1
293,4,1375.39,340.54,133.98,399.92,0.783,-1,-1,-1
293,5,1103.68,370.33,157.97,410.32,0.915,-1,-1,-1
293,6,122.85,532.90,73.44,210.44,0.662,-1,-1,-1
293,7,1698.55,524.70,99.31,207.64,0.911,-1,-1,-1
293,10,1309.77,352.08,166.80,448.57,0.910,-1,-1,-1
293,11,1538.69,390.44,103.93,301.27,0.891,-1,-1,-1
293,17,1598.91,509.11,81.67,192.51,0.859,-1,-1,-1
293,19,1878.52,428.06,47.48,155.93,0.709,-1,-1,-1
293,22,1210.99,349.63,116.24,397.51,0.854,-1,-1,-1
293,23,1461.11,438.35,66.93,244.89,0.784,-1,-1,-1
293,24,35.53,501.71,81.62,248.58,0.502,-1,-1,-1
293,25,1690.80,471.99,43.61,112.78,0.600,-1,-1,-1
294,4,1381.22,343.69,131.40,395.36,0.588,-1,-1,-1
294,5,1106.40,370.34,156.03,405.22,0.904,-1,-1,-1
294,6,122.74,532.06,73.59,211.22,0.560,-1,-1,-1
294,7,1696.63,524.90,99.90,207.26,0.913,-1,-1,-1
294,10,1317.90,356.14,166.44,442.62,0.922,-1,-1,-1
294,11,1551.41,391.75,107.07,301.46,0.913,-1,-1,-1
294,17,1599.42,514.61,79.68,186.76,0.833,-1,-1,-1
294,19,1880.17,428.82,45.17,150.59,0.731,-1,-1,-1
294,22,1216.13,351.03,116.11,397.94,0.837,-1,-1,-1
294,23,1469.46,440.00,65.64,240.79,0.816,-1,-1,-1
294,24,41.07,518.48,75.63,231.61,0.426,-1,-1,-1
294,25,1690.78,472.28,43.48,112.19,0.553,-1,-1,-1
295,4,1387.47,346.96,128.10,390.56,0.702,-1,-1,-1
295,5,1107.45,370.07,153.58,400.26,0.894,-1,-1,-1
295,6,122.78,532.25,73.43,211.01,0.633,-1,-1,-1
295,7,1695.17,525.30,100.55,206.73,0.910,-1,-1,-1
295,10,1323.04,356.42,167.15,440.98,0.907,-1,-1,-1
295,11,1557.79,392.64,109.78,300.62,0.903,-1,-1,-1
295,17,1598.64,516.82,79.26,184.54,0.828,-1,-1,-1
295,19,1880.58,429.07,44.68,151.43,0.740,-1,-1,-1
295,22,1219.57,352.03,115.46,396.89,0.801,-1,-1,-1
295,23,1477.72,441.57,64.91,238.12,0.697,-1,-1,-1
295,24,39.98,513.37,77.05,237.21,0.341,-1,-1,-1
295,25,1690.55,472.56,43.31,111.58,0.521,-1,-1,-1
296,4,1393.50,348.70,125.60,388.17,0.711,-1,-1,-1
296,5,1107.30,369.64,151.41,397.91,0.894,-1,-1,-1
296,6,122.93,531.67,73.44,211.25,0.606,-1,-1,-1
296,7,1693.93,525.28,101.47,206.69,0.904,-1,-1,-1
296,10,1326.96,357.10,167.09,439.17,0.904,-1,-1,-1
296,11,1562.83,393.06,111.76,298.00,0.892,-1,-1,-1
296,17,1598.68,518.44,78.90,182.86,0.805,-1,-1,-1
296,19,1880.79,429.00,44.71,154.25,0.743,-1,-1,-1
296,22,1226.35,354.43,115.10,392.21,0.845,-1,-1,-1
296,23,1482.10,443.29,63.51,234.77,0.679,-1,-1,-1
296,24,39.44,509.07,77.85,241.53,0.508,-1,-1,-1
296,25,1690.24,472.63,43.34,111.44,0.456,-1,-1,-1
297,4,1410.71,349.31,103.59,317.21,0.548,-1,-1,-1
297,5,1105.73,368.91,149.01,397.60,0.893,-1,-1,-1
297,6,123.07,531.43,73.54,211.62,0.673,-1,-1,-1
297,7,1690.76,525.54,101.86,206.47,0.904,-1,-1,-1
297,10,1337.78,357.45,165.48,435.51,0.900,-1,-1,-1
297,11,1566.92,394.05,113.68,296.90,0.898,-1,-1,-1
297,17,1599.67,518.68,78.96,182.67,0.819,-1,-1,-1
297,19,1880.50,428.79,45.19,158.67,0.734,-1,-1,-1
297,22,1234.09,356.03,115.57,388.73,0.881,-1,-1,-1
297,23,1488.53,450.68,61.98,227.27,0.541,-1,-1,-1
297,24,38.26,506.86,78.53,244.24,0.129,-1,-1,-1
297,25,1690.16,472.93,43.34,111.23,0.425,-1,-1,-1
298,4,1418.16,349.70,102.79,315.44,0.231,-1,-1,-1
298,5,1107.18,368.71,146.33,397.55,0.892,-1,-1,-1
298,6,123.39,531.77,73.23,210.69,0.609,-1,-1,-1
298,7,1688.70,526.09,101.89,205.90,0.909,-1,-1,-1
298,10,1348.57,356.87,163.56,430.39,0.909,-1,-1,-1
298,11,1571.04,393.59,114.34,296.59,0.560,-1,-1,-1
298,17,1592.94,520.97,79.38,180.33,0.618,-1,-1,-1
298,19,1880.29,428.33,45.68,163.54,0.753,-1,-1,-1
298,22,1239.94,356.80,116.43,387.75,0.877,-1,-1,-1
298,23,1491.22,453.55,62.14,225.22,0.692,-1,-1,-1
298,24,37.43,504.92,79.07,246.55,0.111,-1,-1,-1
298,25,1689.25,473.30,43.49,111.17,0.439,-1,-1,-1
299,5,1114.30,370.41,144.38,395.53,0.895,-1,-1,-1
299,6,123.32,531.93,73.06,210.19,0.608,-1,-1,-1
299,7,1686.13,526.50,101.15,205.18,0.919,-1,-1,-1
299,10,1358.18,352.90,163.70,430.71,0.927,-1,-1,-1
299,11,1578.57,394.04,106.41,271.67,0.620,-1,-1,-1
299,17,1592.17,523.26,79.69,178.29,0.797,-1,-1,-1
299,19,1880.47,428.08,45.57,166.15,0.733,-1,-1,-1
299,22,1250.85,358.33,117.55,385.95,0.894,-1,-1,-1
299,23,1494.34,452.61,62.39,225.10,0.573,-1,-1,-1
299,24,38.81,504.64,78.50,246.62,0.411,-1,-1,-1
299,25,1689.00,473.07,43.58,111.22,0.408,-1,-1,-1
300,5,1122.23,371.42,143.50,394.48,0.907,-1,-1,-1
300,6,123.23,531.71,73.08,210.31,0.583,-1,-1,-1
300,7,1685.17,527.43,99.69,203.88,0.916,-1,-1,-1
300,10,1364.77,351.64,163.85,430.70,0.911,-1,-1,-1
300,11,1579.06,393.58,110.58,281.88,0.446,-1,-1,-1
300,17,1594.69,524.22,79.87,177.40,0.826,-1,-1,-1
300,19,1880.79,428.10,45.14,167.48,0.726,-1,-1,-1
300,22,1258.49,356.57,118.78,386.38,0.867,-1,-1,-1
300,23,1496.44,449.91,62.95,226.66,0.510,-1,-1,-1
300,24,39.86,504.37,77.97,246.70,0.338,-1,-1,-1
300,25,1689.18,473.03,43.72,111.60,0.392,-1,-1,-1
301,5,1129.89,371.75,143.30,393.87,0.902,-1,-1,-1
301,6,122.89,531.50,73.17,210.81,0.611,-1,-1,-1
301,7,1686.19,528.77,98.19,202.19,0.903,-1,-1,-1
301,10,1369.45,349.73,165.04,431.97,0.903,-1,-1,-1
301,11,1577.96,393.10,112.74,287.19,0.506,-1,-1,-1
301,17,1596.02,523.72,80.54,178.15,0.835,-1,-1,-1
301,19,1881.32,428.53,44.15,166.28,0.709,-1,-1,-1
301,22,1263.45,356.44,119.11,385.63,0.862,-1,-1,-1
301,23,1495.69,446.91,63.93,228.95,0.779,-1,-1,-1
301,24,37.58,503.62,78.06,247.17,0.360,-1,-1,-1
301,25,1689.44,473.02,43.91,112.05,0.450,-1,-1,-1
301,27,1235.01,422.59,40.07,260.13,0.662,-1,-1,-1
302,5,1138.20,373.37,142.83,391.39,0.893,-1,-1,-1
302,6,122.78,531.98,72.93,210.18,0.617,-1,-1,-1
302,7,1689.07,529.79,96.48,200.28,0.912,-1,-1,-1
302,10,1374.73,349.60,166.24,431.72,0.912,-1,-1,-1
302,11,1584.65,392.61,96.21,243.13,0.580,-1,-1,-1
302,17,1596.21,522.66,81.13,178.77,0.846,-1,-1,-1
302,19,1882.77,429.34,41.27,156.82,0.680,-1,-1,-1
302,22,1269.07,357.96,117.65,380.75,0.869,-1,-1,-1
302,23,1497.01,445.78,64.80,230.05,0.729,-1,-1,-1
302,24,35.02,502.37,78.43,248.00,0.504,-1,-1,-1
302,25,1689.19,472.62,43.98,112.24,0.410,-1,-1,-1
302,27,1239.66,421.90,40.90,264.39,0.755,-1,-1,-1
303,5,1143.94,373.12,142.89,390.83,0.900,-1,-1,-1
303,6,122.83,531.62,73.08,210.68,0.531,-1,-1,-1
303,7,1692.35,530.59,95.14,199.02,0.904,-1,-1,-1
303,10,1378.71,351.08,167.05,430.33,0.907,-1,-1,-1
303,11,1588.13,392.24,84.81,213.22,0.583,-1,-1,-1
303,17,1596.16,521.65,81.50,179.30,0.770,-1,-1,-1
303,19,1883.66,430.61,39.30,150.46,0.692,-1,-1,-1
303,22,1272.82,355.73,117.18,380.32,0.871,-1,-1,-1
303,23,1499.11,444.19,65.88,231.73,0.799,-1,-1,-1
303,24,31.70,502.48,78.88,247.97,0.359,-1,-1,-1
303,25,1689.19,472.38,44.13,112.66,0.441,-1,-1,-1
303,27,1242.23,419.65,42.03,269.90,0.794,-1,-1,-1
304,5,1147.87,374.39,142.13,388.91,0.891,-1,-1,-1
304,6,122.90,531.63,73.23,211.04,0.578,-1,-1,-1
304,7,1696.80,530.69,93.85,197.59,0.896,-1,-1,-1
304,10,1384.44,353.38,167.94,428.26,0.908,-1,-1,-1
304,11,1591.54,391.94,78.68,197.18,0.573,-1,-1,-1
304,17,1601.77,519.32,84.06,181.66,0.699,-1,-1,-1
304,19,1884.29,431.85,37.76,145.39,0.721,-1,-1,-1
304,22,1276.52,355.97,115.17,376.91,0.870,-1,-1,-1
304,23,1504.34,441.13,66.90,235.22,0.770,-1,-1,-1
304,24,30.04,513.08,76.61,237.71,0.303,-1,-1,-1
304,25,1689.42,472.27,44.27,112.97,0.493,-1,-1,-1
304,27,1242.63,420.55,42.47,269.98,0.769,-1,-1,-1
305,5,1151.09,374.95,140.93,387.85,0.882,-1,-1,-1
305,6,122.95,531.99,73.25,210.95,0.594,-1,-1,-1
305,7,1699.84,530.18,93.06,197.56,0.896,-1,-1,-1
305,10,1388.61,355.23,168.62,425.71,0.907,-1,-1,-1
305,11,1596.63,392.75,73.56,183.61,0.323,-1,-1,-1
305,17,1603.92,515.03,87.98,185.83,0.845,-1,-1,-1
305,19,1884.77,433.06,36.82,142.60,0.718,-1,-1,-1
305,22,1279.25,356.17,113.81,375.43,0.875,-1,-1,-1
305,23,1510.35,440.10,66.78,235.68,0.778,-1,-1,-1
305,24,29.82,525.47,73.67,225.47,0.289,-1,-1,-1
305,25,1689.12,472.09,44.30,113.22,0.553,-1,-1,-1
305,27,1243.81,419.56,42.90,270.72,0.746,-1,-1,-1
306,5,1155.37,375.59,139.21,386.78,0.887,-1,-1,-1
306,6,122.93,531.78,73.24,210.98,0.501,-1,-1,-1
306,7,1701.46,529.21,92.80,198.50,0.898,-1,-1,-1
306,10,1391.51,357.51,168.78,423.00,0.900,-1,-1,-1
306,11,1600.04,393.19,87.64,217.46,0.677,-1,-1,-1
306,17,1603.46,510.51,91.94,190.22,0.849,-1,-1,-1
306,19,1884.72,433.96,36.52,142.19,0.734,-1,-1,-1
306,22,1282.17,355.99,112.79,374.79,0.853,-1,-1,-1
306,23,1515.59,438.98,66.56,236.61,0.744,-1,-1,-1
306,24,29.75,529.07,73.17,221.69,0.352,-1,-1,-1
306,25,1689.40,472.05,44.32,113.14,0.513,-1,-1,-1
306,27,1245.66,416.53,43.39,273.21,0.508,-1,-1,-1
307,5,1159.29,376.04,137.34,386.01,0.887,-1,-1,-1
307,6,122.66,532.20,73.10,210.70,0.562,-1,-1,-1
307,7,1701.86,528.54,92.51,198.94,0.892,-1,-1,-1
307,10,1395.04,360.96,168.15,418.81,0.902,-1,-1,-1
307,11,1602.76,395.01,92.45,228.92,0.779,-1,-1,-1
307,17,1602.21,505.87,95.70,194.81,0.811,-1,-1,-1
307,19,1884.54,435.08,36.61,143.48,0.742,-1,-1,-1
307,22,1285.68,356.23,112.16,375.73,0.848,-1,-1,-1
307,23,1520.33,439.37,66.03,236.17,0.746,-1,-1,-1
307,24,30.26,520.63,75.96,230.54,0.109,-1,-1,-1
307,25,1688.85,472.29,44.32,113.50,0.578,-1,-1,-1
307,27,1248.00,399.86,46.95,295.82,0.149,-1,-1,-1
308,5,1162.98,375.22,135.45,385.65,0.890,-1,-1,-1
308,6,122.88,532.37,72.99,210.37,0.433,-1,-1,-1
308,7,1702.04,527.56,92.57,200.15,0.892,-1,-1,-1
308,10,1399.60,362.16,168.74,416.88,0.915,-1,-1,-1
308,11,1605.79,396.03,94.56,234.46,0.787,-1,-1,-1
308,17,1599.71,501.08,99.04,199.56,0.749,-1,-1,-1
308,19,1884.81,435.38,36.75,145.27,0.733,-1,-1,-1
308,22,1288.67,356.88,111.08,375.31,0.832,-1,-1,-1
308,23,1524.52,440.67,65.20,234.06,0.727,-1,-1,-1
308,24,33.56,514.52,77.36,236.42,0.227,-1,-1,-1
308,25,1688.90,472.47,44.22,112.95,0.550,-1,-1,-1
308,26,1358.97,402.19,72.71,292.14,0.611,-1,-1,-1
308,27,1243.83,386.90,51.54,324.27,0.123,-1,-1,-1
309,5,1170.57,374.94,133.38,382.71,0.892,-1,-1,-1
309,6,123.25,532.81,72.92,210.12,0.384,-1,-1,-1
309,7,1701.36,526.79,92.63,201.04,0.893,-1,-1,-1
309,10,1406.14,363.00,168.57,414.09,0.903,-1,-1,-1
309,11,1608.68,397.05,95.97,238.33,0.706,-1,-1,-1
309,17,1594.39,495.85,102.28,205.10,0.798,-1,-1,-1
309,19,1884.63,435.36,37.51,149.95,0.739,-1,-1,-1
309,22,1292.60,358.22,109.74,374.09,0.868,-1,-1,-1
309,23,1528.95,443.04,64.11,230.83,0.775,-1,-1,-1
309,24,32.77,510.13,78.81,241.05,0.226,-1,-1,-1
309,25,1690.29,472.62,43.27,110.33,0.493,-1,-1,-1
309,26,1363.95,402.37,71.08,290.06,0.756,-1,-1,-1
310,5,1179.18,374.68,132.27,380.60,0.896,-1,-1,-1
310,6,123.30,532.81,72.94,210.23,0.503,-1,-1,-1
310,7,1699.52,526.22,92.80,201.53,0.895,-1,-1,-1
310,10,1412.00,363.17,167.20,408.23,0.900,-1,-1,-1
310,11,1612.65,397.90,95.45,238.46,0.702,-1,-1,-1
310,17,1590.60,491.37,105.05,209.86,0.860,-1,-1,-1
310,19,1884.76,434.99,37.91,153.40,0.719,-1,-1,-1
310,22,1296.41,359.30,108.33,373.06,0.881,-1,-1,-1
310,23,1533.75,445.14,63.24,228.76,0.762,-1,-1,-1
310,24,37.75,519.11,75.44,231.68,0.315,-1,-1,-1
310,25,1691.34,472.75,42.00,107.78,0.340,-1,-1,-1
310,26,1364.83,397.75,74.24,303.37,0.741,-1,-1,-1
311,5,1186.29,375.29,131.82,378.50,0.896,-1,-1,-1
311,6,123.35,532.70,72.92,210.29,0.432,-1,-1,-1
311,7,1698.96,525.10,92.92,202.43,0.897,-1,-1,-1
311,10,1416.50,363.46,165.79,403.33,0.894,-1,-1,-1
311,11,1617.83,397.95,91.46,229.00,0.553,-1,-1,-1
311,17,1587.41,486.46,107.60,214.83,0.879,-1,-1,-1
311,19,1884.96,434.48,38.02,155.85,0.730,-1,-1,-1
311,22,1299.94,361.28,106.53,370.03,0.874,-1,-1,-1
311,23,1538.82,446.56,62.55,227.41,0.732,-1,-1,-1
311,24,34.36,513.07,77.73,238.19,0.145,-1,-1,-1
311,26,1373.32,400.11,71.64,295.39,0.708,-1,-1,-1
312,5,1194.03,376.05,132.36,377.19,0.895,-1,-1,-1
312,6,123.36,532.65,72.87,210.25,0.425,-1,-1,-1
312,7,1698.96,524.64,92.42,202.70,0.882,-1,-1,-1
312,10,1421.31,363.83,165.47,401.37,0.903,-1,-1,-1
312,11,1620.61,396.92,101.73,258.47,0.845,-1,-1,-1
312,17,1584.42,481.25,110.07,219.95,0.897,-1,-1,-1
312,19,1883.44,434.56,39.82,165.03,0.671,-1,-1,-1
312,22,1303.71,363.42,105.55,368.84,0.837,-1,-1,-1
312,23,1543.60,446.93,61.33,224.53,0.766,-1,-1,-1
312,24,33.23,508.72,79.15,242.84,0.200,-1,-1,-1
312,26,1380.47,399.57,69.76,293.03,0.753,-1,-1,-1
313,5,1200.60,376.98,133.11,376.31,0.910,-1,-1,-1
313,6,123.41,532.49,72.88,210.29,0.471,-1,-1,-1
313,7,1698.90,525.15,91.67,202.34,0.889,-1,-1,-1
313,10,1423.16,363.73,165.62,401.58,0.902,-1,-1,-1
313,11,1625.47,396.32,104.96,269.36,0.868,-1,-1,-1
313,17,1582.46,477.53,111.83,223.69,0.892,-1,-1,-1
313,19,1883.35,434.03,40.53,170.69,0.732,-1,-1,-1
313,22,1305.36,364.79,105.15,368.36,0.855,-1,-1,-1
313,23,1547.25,446.45,60.58,223.19,0.740,-1,-1,-1
313,24,39.03,519.72,75.00,231.56,0.315,-1,-1,-1
313,26,1384.78,399.63,68.25,291.53,0.729,-1,-1,-1
314,5,1207.98,377.86,133.96,375.42,0.898,-1,-1,-1
314,6,123.63,533.15,72.69,209.72,0.343,-1,-1,-1
314,7,1698.13,525.96,90.67,201.37,0.888,-1,-1,-1
314,10,1424.95,363.29,166.12,401.94,0.910,-1,-1,-1
314,11,1634.60,394.88,107.22,275.57,0.873,-1,-1,-1
314,17,1580.64,473.51,113.51,227.77,0.900,-1,-1,-1
314,19,1883.50,432.98,41.07,176.55,0.778,-1,-1,-1
314,22,1308.00,366.07,104.71,367.82,0.850,-1,-1,-1
314,23,1550.70,444.99,60.12,222.86,0.669,-1,-1,-1
314,24,37.02,513.56,77.01,238.09,0.128,-1,-1,-1
314,26,1388.36,402.11,66.09,288.01,0.786,-1,-1,-1
315,5,1213.76,380.11,134.21,372.63,0.901,-1,-1,-1
315,6,123.80,533.24,72.78,209.79,0.451,-1,-1,-1
315,7,1697.81,528.24,89.20,199.28,0.885,-1,-1,-1
315,10,1428.37,364.41,165.93,401.36,0.900,-1,-1,-1
315,11,1646.33,394.68,109.71,277.64,0.882,-1,-1,-1
315,17,1579.40,470.88,114.56,230.74,0.901,-1,-1,-1
315,19,1883.22,432.73,41.09,179.60,0.785,-1,-1,-1
315,22,1309.98,366.71,103.84,365.30,0.815,-1,-1,-1
315,23,1553.85,444.39,59.86,222.96,0.433,-1,-1,-1
315,24,36.93,508.55,78.49,244.09,0.352,-1,-1,-1
315,26,1393.56,405.30,65.22,285.24,0.763,-1,-1,-1
316,5,1217.14,380.70,134.83,371.44,0.898,-1,-1,-1
316,6,123.75,533.04,72.85,209.78,0.534,-1,-1,-1
316,7,1696.80,526.88,89.08,200.46,0.889,-1,-1,-1
316,10,1432.39,365.85,164.85,399.02,0.903,-1,-1,-1
316,11,1654.95,394.34,111.92,278.27,0.896,-1,-1,-1
316,17,1578.66,468.15,115.25,233.30,0.896,-1,-1,-1
316,19,1882.43,432.23,41.09,181.71,0.774,-1,-1,-1
316,22,1310.30,365.95,104.89,368.93,0.832,-1,-1,-1
316,23,1556.27,443.97,59.04,221.33,0.575,-1,-1,-1
316,24,35.64,505.65,78.89,245.85,0.431,-1,-1,-1
316,26,1397.85,408.00,64.32,280.83,0.722,-1,-1,-1
317,5,1221.94,383.96,134.37,367.95,0.891,-1,-1,-1
317,6,123.59,532.51,72.89,210.03,0.514,-1,-1,-1
317,7,1696.14,525.75,88.89,201.51,0.886,-1,-1,-1
317,10,1437.00,367.93,163.28,395.99,0.909,-1,-1,-1
317,11,1662.45,394.66,113.88,278.04,0.899,-1,-1,-1
317,17,1577.85,464.74,116.03,236.48,0.880,-1,-1,-1
317,19,1881.79,432.34,40.92,182.59,0.809,-1,-1,-1
317,22,1312.23,365.07,103.93,365.18,0.817,-1,-1,-1
317,23,1558.65,443.12,58.39,220.41,0.549,-1,-1,-1
317,24,33.18,510.51,77.67,240.11,0.330,-1,-1,-1
317,26,1402.57,410.02,64.97,280.35,0.801,-1,-1,-1
318,5,1226.32,384.14,134.97,368.45,0.888,-1,-1,-1
318,6,123.50,533.28,72.82,209.87,0.443,-1,-1,-1
318,7,1695.87,525.88,88.44,201.76,0.894,-1,-1,-1
318,10,1440.90,369.22,162.19,393.51,0.908,-1,-1,-1
318,11,1667.16,395.28,115.47,277.72,0.894,-1,-1,-1
318,17,1577.05,462.25,116.42,239.21,0.879,-1,-1,-1
318,19,1882.41,433.30,40.39,182.09,0.766,-1,-1,-1
318,22,1313.62,365.12,102.86,360.11,0.794,-1,-1,-1
318,23,1561.48,443.50,57.55,219.08,0.626,-1,-1,-1
318,24,30.74,520.35,75.56,230.13,0.392,-1,-1,-1
318,26,1405.60,411.78,65.39,279.07,0.776,-1,-1,-1
318,28,1181.42,408.82,84.76,293.98,0.783,-1,-1,-1
319,5,1231.25,385.39,134.52,366.74,0.872,-1,-1,-1
319,6,123.51,533.49,72.70,209.67,0.609,-1,-1,-1
319,7,1694.58,526.47,87.78,200.95,0.888,-1,-1,-1
319,10,1445.13,371.28,160.96,390.18,0.912,-1,-1,-1
319,11,1670.93,396.47,116.18,276.61,0.800,-1,-1,-1
319,17,1575.31,458.54,116.98,242.82,0.879,-1,-1,-1
319,19,1882.05,433.91,39.81,180.45,0.765,-1,-1,-1
319,22,1315.60,365.10,102.17,357.14,0.796,-1,-1,-1
319,23,1563.54,444.37,57.49,220.33,0.349,-1,-1,-1
319,24,28.70,512.62,78.65,238.77,0.344,-1,-1,-1
319,26,1408.60,411.63,66.35,278.71,0.768,-1,-1,-1
319,28,1180.59,406.08,86.51,299.92,0.794,-1,-1,-1
320,5,1234.84,387.11,133.84,364.49,0.885,-1,-1,-1
320,6,123.88,534.17,72.56,208.98,0.586,-1,-1,-1
320,7,1690.37,526.83,88.12,200.55,0.884,-1,-1,-1
320,10,1447.78,372.36,160.35,388.33,0.910,-1,-1,-1
320,11,1680.47,397.67,102.91,238.69,0.565,-1,-1,-1
320,17,1573.82,452.76,118.19,248.50,0.883,-1,-1,-1
320,19,1881.94,434.64,39.11,177.91,0.796,-1,-1,-1
320,22,1317.20,365.12,101.87,355.36,0.790,-1,-1,-1
320,23,1566.64,445.51,56.86,219.27,0.228,-1,-1,-1
320,24,28.53,507.98,80.40,243.96,0.276,-1,-1,-1
320,26,1410.60,411.25,67.35,279.51,0.773,-1,-1,-1
320,28,1180.26,404.03,88.66,307.35,0.799,-1,-1,-1
321,5,1238.07,387.69,133.34,364.03,0.907,-1,-1,-1
321,6,125.34,535.12,72.70,208.36,0.512,-1,-1,-1
321,7,1687.75,527.45,88.40,200.33,0.901,-1,-1,-1
321,10,1449.82,373.14,159.71,386.78,0.912,-1,-1,-1
321,11,1685.84,399.84,89.24,198.23,0.811,-1,-1,-1
321,17,1572.96,448.78,118.68,252.71,0.882,-1,-1,-1
321,19,1881.68,435.54,39.05,178.31,0.797,-1,-1,-1
321,22,1321.81,365.66,101.54,354.00,0.806,-1,-1,-1
321,23,1570.65,447.01,54.45,211.13,0.178,-1,-1,-1
321,24,30.90,505.34,81.10,247.26,0.118,-1,-1,-1
321,26,1412.69,411.56,67.82,280.39,0.663,-1,-1,-1
321,28,1179.49,403.61,89.78,310.97,0.808,-1,-1,-1
321,29,1431.92,367.63,70.83,312.54,0.689,-1,-1,-1
322,5,1241.44,389.26,131.75,361.60,0.893,-1,-1,-1
322,6,124.93,534.57,72.83,208.71,0.497,-1,-1,-1
322,7,1687.17,528.26,88.19,199.73,0.894,-1,-1,-1
322,10,1451.87,374.04,158.52,383.60,0.911,-1,-1,-1
322,11,1689.33,400.40,84.32,181.71,0.760,-1,-1,-1
322,17,1572.66,445.04,118.87,256.43,0.877,-1,-1,-1
322,19,1882.03,436.63,38.64,177.14,0.741,-1,-1,-1
322,22,1327.57,367.20,101.36,352.11,0.817,-1,-1,-1
322,24,32.13,503.27,81.67,249.69,0.138,-1,-1,-1
322,26,1414.22,410.95,67.68,280.54,0.496,-1,-1,-1
322,28,1178.06,404.64,90.70,313.43,0.833,-1,-1,-1
322,29,1431.61,370.62,75.06,331.57,0.668,-1,-1,-1
323,5,1244.19,388.91,129.84,358.67,0.876,-1,-1,-1
323,6,124.61,534.97,72.69,208.43,0.581,-1,-1,-1
323,7,1686.21,528.94,87.97,198.90,0.901,-1,-1,-1
323,10,1453.31,374.34,156.84,378.65,0.920,-1,-1,-1
323,11,1692.07,400.11,83.88,175.34,0.824,-1,-1,-1
323,17,1572.75,440.55,119.21,260.94,0.884,-1,-1,-1
323,19,1882.10,437.45,38.21,175.54,0.744,-1,-1,-1
323,22,1334.67,368.42,100.98,350.50,0.820,-1,-1,-1
323,24,31.43,515.92,78.19,235.93,0.403,-1,-1,-1
323,26,1415.76,410.13,64.38,268.27,0.512,-1,-1,-1
323,28,1176.67,405.61,91.14,313.65,0.840,-1,-1,-1
323,29,1432.35,371.60,77.40,342.70,0.683,-1,-1,-1
324,5,1248.13,387.46,127.29,355.39,0.884,-1,-1,-1
324,6,124.27,534.39,72.81,208.99,0.512,-1,-1,-1
324,7,1684.07,529.79,88.39,198.31,0.898,-1,-1,-1
324,10,1453.04,373.73,156.69,377.05,0.917,-1,-1,-1
324,11,1690.86,399.88,92.18,188.75,0.866,-1,-1,-1
324,17,1573.05,437.64,118.78,263.75,0.875,-1,-1,-1
324,19,1882.24,437.92,38.04,175.20,0.765,-1,-1,-1
324,22,1342.64,371.11,100.27,346.56,0.878,-1,-1,-1
324,24,31.07,527.33,75.12,223.24,0.311,-1,-1,-1
324,26,1415.75,409.24,64.92,271.82,0.423,-1,-1,-1
324,28,1175.89,406.51,91.96,314.34,0.872,-1,-1,-1
324,29,1434.26,371.97,78.58,348.63,0.633,-1,-1,-1
325,5,1251.56,386.33,124.96,351.86,0.867,-1,-1,-1
325,6,124.17,533.46,72.94,209.55,0.497,-1,-1,-1
325,7,1682.22,529.33,89.49,198.47,0.896,-1,-1,-1
325,10,1452.54,373.30,156.88,376.48,0.914,-1,-1,-1
325,11,1690.63,399.17,98.37,198.30,0.875,-1,-1,-1
325,17,1572.83,433.22,118.80,267.66,0.876,-1,-1,-1
325,19,1882.18,437.10,38.08,175.78,0.790,-1,-1,-1
325,22,1346.96,372.28,100.94,345.76,0.882,-1,-1,-1
325,24,30.23,532.41,74.15,217.76,0.251,-1,-1,-1
325,26,1416.15,407.91,64.94,273.55,0.444,-1,-1,-1
325,28,1174.41,406.73,92.83,314.74,0.871,-1,-1,-1
325,29,1435.68,371.52,78.65,350.21,0.627,-1,-1,-1
326,5,1254.28,382.46,124.04,353.64,0.876,-1,-1,-1
326,6,124.37,533.25,72.93,209.71,0.421,-1,-1,-1
326,7,1680.99,529.12,91.26,198.68,0.901,-1,-1,-1
326,10,1451.63,373.14,157.30,376.05,0.920,-1,-1,-1
326,11,1691.18,398.98,102.95,205.56,0.872,-1,-1,-1
326,17,1572.21,429.32,119.01,271.69,0.873,-1,-1,-1
326,19,1882.48,436.98,37.99,175.85,0.752,-1,-1,-1
326,22,1350.92,373.82,101.19,343.56,0.876,-1,-1,-1
326,24,30.58,535.70,73.43,214.43,0.142,-1,-1,-1
326,26,1418.17,407.12,64.81,274.54,0.572,-1,-1,-1
326,28,1173.64,406.93,93.94,315.46,0.888,-1,-1,-1
326,29,1439.18,371.79,76.11,339.10,0.465,-1,-1,-1
327,5,1258.16,385.11,121.69,350.55,0.880,-1,-1,-1
327,6,124.24,533.21,73.10,210.10,0.522,-1,-1,-1
327,7,1679.33,528.97,93.30,199.23,0.890,-1,-1,-1
327,10,1450.95,373.90,157.46,374.60,0.911,-1,-1,-1
327,11,1690.59,398.84,110.20,220.31,0.861,-1,-1,-1
327,17,1572.55,427.51,118.31,273.75,0.874,-1,-1,-1
327,19,1882.63,436.24,37.98,176.19,0.774,-1,-1,-1
327,22,1354.08,375.94,100.86,341.01,0.848,-1,-1,-1
327,24,30.47,523.42,77.62,227.38,0.116,-1,-1,-1
327,26,1420.57,406.98,64.63,275.29,0.476,-1,-1,-1
327,28,1171.85,405.54,95.67,317.94,0.885,-1,-1,-1
327,29,1442.08,371.38,73.91,329.18,0.524,-1,-1,-1
328,5,1261.95,386.62,119.83,348.20,0.877,-1,-1,-1
328,6,124.48,533.00,73.23,210.55,0.576,-1,-1,-1
328,7,1677.34,528.32,95.24,200.01,0.878,-1,-1,-1
328,10,1450.54,374.61,157.72,373.29,0.908,-1,-1,-1
328,11,1686.82,398.83,120.23,243.86,0.868,-1,-1,-1
328,17,1572.59,422.29,118.78,278.96,0.868,-1,-1,-1
328,19,1883.70,435.93,37.44,175.11,0.760,-1,-1,-1
328,22,1355.41,376.85,100.43,339.39,0.850,-1,-1,-1
328,24,37.85,532.88,73.85,217.76,0.383,-1,-1,-1
328,26,1425.91,406.25,63.69,274.65,0.348,-1,-1,-1
328,28,1169.93,403.78,97.66,320.68,0.901,-1,-1,-1
328,29,1444.56,370.57,72.17,321.25,0.449,-1,-1,-1
329,5,1268.25,388.42,118.87,347.55,0.884,-1,-1,-1
329,6,124.68,533.20,73.30,210.69,0.512,-1,-1,-1
329,7,1673.28,528.67,96.53,200.10,0.859,-1,-1,-1
329,10,1450.78,376.54,157.35,371.78,0.894,-1,-1,-1
329,11,1686.94,400.01,123.24,254.05,0.881,-1,-1,-1
329,17,1574.20,419.42,118.29,282.18,0.856,-1,-1,-1
329,19,1884.73,436.15,36.89,174.25,0.748,-1,-1,-1
329,22,1355.82,379.40,99.24,336.09,0.812,-1,-1,-1
329,24,37.76,521.26,77.64,230.51,0.223,-1,-1,-1
329,26,1430.11,404.28,63.77,277.86,0.134,-1,-1,-1
329,28,1168.13,401.30,99.98,323.87,0.908,-1,-1,-1
329,29,1447.05,370.40,71.32,317.32,0.466,-1,-1,-1
330,5,1274.13,388.25,118.62,347.35,0.869,-1,-1,-1
330,6,124.46,532.77,73.55,211.36,0.605,-1,-1,-1
330,7,1671.27,528.51,97.25,200.18,0.836,-1,-1,-1
330,10,1450.77,375.77,157.63,372.37,0.903,-1,-1,-1
330,11,1688.75,401.16,124.03,257.88,0.885,-1,-1,-1
330,17,1577.22,416.15,117.62,285.53,0.825,-1,-1,-1
330,19,1885.98,436.25,36.41,174.27,0.737,-1,-1,-1
330,22,1357.05,378.34,98.37,334.64,0.813,-1,-1,-1
330,23,1567.76,421.60,62.80,240.62,0.506,-1,-1,-1
330,24,41.56,530.14,74.18,221.13,0.210,-1,-1,-1
330,28,1167.23,399.59,102.07,325.44,0.897,-1,-1,-1
330,29,1448.87,370.83,70.70,314.42,0.552,-1,-1,-1
331,5,1279.43,387.71,119.15,348.40,0.895,-1,-1,-1
331,6,124.16,531.73,73.83,212.18,0.681,-1,-1,-1
331,7,1671.40,528.89,96.88,199.77,0.860,-1,-1,-1
331,10,1451.53,377.14,156.90,370.59,0.900,-1,-1,-1
331,11,1689.90,402.40,123.27,258.00,0.888,-1,-1,-1
331,17,1581.93,413.68,116.02,287.67,0.803,-1,-1,-1
331,19,1886.86,436.71,35.88,173.84,0.719,-1,-1,-1
331,22,1358.72,378.41,97.44,331.94,0.819,-1,-1,-1
331,23,1567.43,418.92,65.38,249.35,0.419,-1,-1,-1
331,24,39.77,517.82,77.75,233.42,0.296,-1,-1,-1
331,28,1165.91,398.19,104.08,326.23,0.902,-1,-1,-1
331,29,1451.60,371.38,70.23,311.31,0.604,-1,-1,-1
332,5,1286.59,388.65,119.48,347.08,0.886,-1,-1,-1
332,6,123.55,530.95,74.20,213.87,0.789,-1,-1,-1
332,7,1673.14,528.64,96.28,201.41,0.849,-1,-1,-1
332,10,1450.76,376.17,156.60,371.17,0.907,-1,-1,-1
332,11,1694.68,404.63,120.99,256.15,0.887,-1,-1,-1
332,17,1588.55,412.36,114.20,289.75,0.790,-1,-1,-1
332,19,1888.20,439.39,35.05,171.36,0.574,-1,-1,-1
332,22,1361.62,378.82,96.62,330.86,0.836,-1,-1,-1
332,23,1569.11,420.48,65.19,248.62,0.438,-1,-1,-1
332,24,39.05,510.19,79.36,240.54,0.408,-1,-1,-1
332,28,1164.45,397.48,106.09,327.68,0.889,-1,-1,-1
332,29,1452.22,373.09,70.56,312.66,0.193,-1,-1,-1
333,5,1292.23,391.06,119.59,344.27,0.884,-1,-1,-1
333,6,123.53,529.82,74.31,214.90,0.788,-1,-1,-1
333,7,1673.92,528.92,95.11,201.12,0.780,-1,-1,-1
333,10,1450.17,376.58,155.39,369.80,0.908,-1,-1,-1
333,11,1698.51,406.47,118.36,253.80,0.878,-1,-1,-1
333,17,1597.19,411.56,112.42,290.11,0.806,-1,-1,-1
333,19,1888.90,440.77,34.33,169.36,0.556,-1,-1,-1
333,22,1364.42,378.61,95.36,329.04,0.834,-1,-1,-1
333,23,1569.97,420.63,64.33,244.52,0.752,-1,-1,-1
333,24,38.65,504.76,80.35,245.69,0.435,-1,-1,-1
333,28,1162.04,395.65,108.57,330.53,0.918,-1,-1,-1
333,29,1454.32,374.90,70.02,309.37,0.178,-1,-1,-1
334,5,1297.87,393.42,119.52,341.33,0.889,-1,-1,-1
334,6,123.77,528.87,74.57,216.08,0.761,-1,-1,-1
334,7,1674.86,529.27,93.92,201.33,0.825,-1,-1,-1
334,10,1449.12,377.76,153.66,367.54,0.896,-1,-1,-1
334,11,1702.47,408.25,115.61,251.89,0.884,-1,-1,-1
334,17,1600.72,410.61,110.71,290.74,0.752,-1,-1,-1
334,19,1891.32,445.40,32.85,164.51,0.466,-1,-1,-1
334,22,1367.97,378.20,94.31,329.27,0.822,-1,-1,-1
334,23,1569.20,420.19,66.55,254.52,0.724,-1,-1,-1
334,24,37.99,502.15,80.69,248.40,0.438,-1,-1,-1
334,28,1159.21,394.89,110.92,333.33,0.917,-1,-1,-1
335,5,1301.23,395.43,119.35,338.86,0.893,-1,-1,-1
335,6,123.49,528.53,74.57,216.68,0.746,-1,-1,-1
335,7,1676.18,529.40,92.77,201.67,0.828,-1,-1,-1
335,10,1447.74,379.38,151.18,363.13,0.890,-1,-1,-1
335,11,1707.75,407.80,113.57,252.48,0.876,-1,-1,-1
335,17,1606.60,409.99,109.37,290.95,0.761,-1,-1,-1
335,19,1892.20,445.87,32.56,164.21,0.117,-1,-1,-1
335,22,1370.28,377.76,93.46,329.85,0.823,-1,-1,-1
335,23,1569.91,418.99,67.45,260.26,0.659,-1,-1,-1
335,24,37.55,500.38,80.61,250.03,0.515,-1,-1,-1
335,28,1157.13,394.78,112.85,334.99,0.919,-1,-1,-1
336,5,1303.51,396.06,119.18,337.44,0.891,-1,-1,-1
336,6,123.43,529.97,74.06,215.33,0.402,-1,-1,-1
336,7,1677.46,529.56,91.58,201.75,0.832,-1,-1,-1
336,10,1446.88,380.27,148.52,358.01,0.890,-1,-1,-1
336,11,1710.44,407.05,111.90,252.73,0.881,-1,-1,-1
336,17,1609.30,409.66,107.61,291.17,0.768,-1,-1,-1
336,22,1372.67,377.38,92.56,330.24,0.793,-1,-1,-1
336,23,1571.56,417.89,67.31,262.40,0.686,-1,-1,-1
336,24,37.95,499.55,80.16,250.94,0.487,-1,-1,-1
336,28,1155.78,394.88,114.54,335.94,0.921,-1,-1,-1
337,5,1306.45,393.22,119.45,339.65,0.896,-1,-1,-1
337,6,124.00,534.02,72.74,211.36,0.319,-1,-1,-1
337,7,1678.69,527.92,90.77,203.00,0.851,-1,-1,-1
337,10,1446.51,380.15,146.70,354.47,0.897,-1,-1,-1
337,11,1716.86,406.33,111.14,252.92,0.895,-1,-1,-1
337,17,1610.27,409.57,105.71,291.88,0.741,-1,-1,-1
337,22,1376.86,378.14,90.80,329.11,0.819,-1,-1,-1
337,23,1576.66,416.66,68.16,264.71,0.605,-1,-1,-1
337,24,38.60,498.85,79.46,251.31,0.623,-1,-1,-1
337,28,1154.10,395.22,116.39,336.83,0.925,-1,-1,-1
338,5,1310.00,393.02,119.05,339.90,0.905,-1,-1,-1
338,7,1680.21,527.77,89.86,203.61,0.848,-1,-1,-1
338,10,1445.96,380.77,145.72,351.73,0.916,-1,-1,-1
338,11,1722.95,405.11,111.29,253.92,0.901,-1,-1,-1
338,17,1612.67,409.89,103.90,292.72,0.760,-1,-1,-1
338,22,1380.36,379.83,88.82,327.70,0.834,-1,-1,-1
338,23,1578.68,416.14,67.82,263.45,0.703,-1,-1,-1
338,24,38.58,499.02,79.02,251.55,0.443,-1,-1,-1
338,28,1152.84,395.90,118.30,338.47,0.922,-1,-1,-1
339,5,1315.69,392.50,118.30,337.97,0.881,-1,-1,-1
339,6,123.90,532.75,73.26,212.99,0.602,-1,-1,-1
339,7,1681.15,527.96,88.92,203.23,0.844,-1,-1,-1
339,10,1445.88,384.37,144.31,347.01,0.906,-1,-1,-1
339,11,1730.51,403.54,112.36,255.13,0.877,-1,-1,-1
339,17,1618.41,410.47,102.52,291.54,0.781,-1,-1,-1
339,22,1384.25,381.54,86.56,325.74,0.803,-1,-1,-1
339,23,1582.02,415.36,67.27,260.78,0.805,-1,-1,-1
339,24,38.55,499.70,78.62,251.21,0.234,-1,-1,-1
339,28,1151.60,395.78,120.49,339.97,0.925,-1,-1,-1
340,5,1321.57,391.91,117.98,336.48,0.894,-1,-1,-1
340,6,124.71,534.34,72.85,211.49,0.462,-1,-1,-1
340,7,1682.10,528.17,88.23,203.20,0.824,-1,-1,-1
340,10,1446.00,386.79,143.63,344.04,0.910,-1,-1,-1
340,11,1736.36,402.19,113.05,255.78,0.883,-1,-1,-1
340,17,1620.40,410.02,101.35,290.53,0.610,-1,-1,-1
340,22,1387.11,382.95,84.64,324.55,0.782,-1,-1,-1
340,23,1585.18,415.49,68.34,265.66,0.809,-1,-1,-1
340,24,38.89,499.87,78.19,251.01,0.334,-1,-1,-1
340,28,1150.24,394.79,122.63,341.68,0.917,-1,-1,-1
341,5,1326.23,391.68,118.03,335.79,0.901,-1,-1,-1
341,6,125.32,534.35,72.91,211.58,0.327,-1,-1,-1
341,7,1681.58,528.07,87.29,203.21,0.852,-1,-1,-1
341,10,1446.40,389.02,143.22,341.74,0.911,-1,-1,-1
341,11,1740.13,402.59,113.65,255.38,0.889,-1,-1,-1
341,17,1625.58,409.88,101.44,291.00,0.706,-1,-1,-1
341,22,1388.47,384.88,83.48,324.97,0.707,-1,-1,-1
341,23,1588.59,416.47,68.34,266.52,0.823,-1,-1,-1
341,24,37.43,499.63,78.23,251.18,0.193,-1,-1,-1
341,28,1148.86,394.02,124.69,343.24,0.912,-1,-1,-1
342,5,1331.12,390.86,118.13,335.31,0.898,-1,-1,-1
342,6,126.16,537.75,71.87,208.21,0.291,-1,-1,-1
342,7,1680.83,527.10,86.75,203.97,0.841,-1,-1,-1
342,10,1447.92,392.16,142.62,338.60,0.903,-1,-1,-1
342,11,1742.32,402.69,114.08,255.00,0.892,-1,-1,-1
342,17,1629.63,409.80,101.87,291.19,0.733,-1,-1,-1
342,22,1391.04,386.57,81.21,321.61,0.720,-1,-1,-1
342,23,1593.63,418.78,67.16,260.39,0.824,-1,-1,-1
342,24,37.32,499.02,78.26,251.36,0.112,-1,-1,-1
342,28,1147.69,391.45,126.79,345.58,0.908,-1,-1,-1
342,30,1504.33,378.78,71.63,94.45,0.722,-1,-1,-1
343,5,1335.20,391.21,117.79,333.70,0.878,-1,-1,-1
343,6,126.46,537.42,71.93,208.03,0.594,-1,-1,-1
343,7,1680.57,526.81,86.08,204.36,0.847,-1,-1,-1
343,10,1449.63,394.66,142.30,336.47,0.895,-1,-1,-1
343,11,1744.20,404.05,113.70,253.56,0.883,-1,-1,-1
343,17,1633.95,409.26,103.35,293.02,0.701,-1,-1,-1
343,22,1393.49,387.53,79.44,319.39,0.639,-1,-1,-1
343,23,1596.71,420.00,66.75,256.82,0.824,-1,-1,-1
343,24,37.19,499.25,78.00,251.00,0.244,-1,-1,-1
343,28,1146.34,388.80,128.83,348.71,0.911,-1,-1,-1
343,30,1504.80,378.56,72.56,95.73,0.714,-1,-1,-1
344,5,1338.01,391.85,117.59,333.69,0.878,-1,-1,-1
344,6,126.22,533.26,73.19,211.99,0.586,-1,-1,-1
344,7,1681.35,526.69,85.12,204.30,0.855,-1,-1,-1
344,10,1451.70,396.41,141.91,334.38,0.885,-1,-1,-1
344,11,1745.52,405.58,112.47,250.26,0.882,-1,-1,-1
344,17,1636.98,409.00,104.58,294.18,0.774,-1,-1,-1
344,22,1395.52,388.15,77.98,318.23,0.630,-1,-1,-1
344,23,1599.23,422.30,67.22,255.56,0.822,-1,-1,-1
344,24,36.42,499.37,77.86,250.74,0.292,-1,-1,-1
344,28,1145.58,386.95,130.10,350.00,0.910,-1,-1,-1
344,30,1506.86,378.89,72.23,95.36,0.650,-1,-1,-1
345,5,1342.86,392.81,117.35,333.12,0.876,-1,-1,-1
345,6,125.75,529.30,74.28,215.58,0.637,-1,-1,-1
345,7,1682.47,527.27,84.25,204.18,0.854,-1,-1,-1
345,10,1454.60,398.82,141.07,331.16,0.885,-1,-1,-1
345,11,1749.81,407.98,111.09,248.80,0.860,-1,-1,-1
345,17,1647.19,408.02,104.22,294.39,0.428,-1,-1,-1
345,22,1396.61,388.96,77.00,317.09,0.396,-1,-1,-1
345,23,1601.65,425.04,68.33,255.28,0.816,-1,-1,-1
345,24,35.49,499.73,77.84,250.82,0.363,-1,-1,-1
345,28,1144.22,384.73,131.75,353.47,0.904,-1,-1,-1
345,30,1510.00,379.57,70.59,93.23,0.484,-1,-1,-1
346,5,1346.69,391.50,117.56,333.63,0.894,-1,-1,-1
346,6,125.30,527.87,74.74,217.30,0.610,-1,-1,-1
346,7,1679.99,527.14,84.27,204.38,0.781,-1,-1,-1
346,10,1456.51,399.51,140.82,329.70,0.886,-1,-1,-1
346,11,1751.79,409.58,109.67,247.82,0.847,-1,-1,-1
346,17,1657.82,406.71,104.59,296.63,0.682,-1,-1,-1
346,22,1399.66,389.14,76.18,315.94,0.241,-1,-1,-1
346,23,1604.45,425.26,72.56,265.59,0.819,-1,-1,-1
346,24,35.41,499.58,77.64,250.48,0.441,-1,-1,-1
346,28,1143.25,383.90,132.96,356.38,0.898,-1,-1,-1
346,30,1513.30,380.73,67.48,89.15,0.392,-1,-1,-1
347,5,1351.01,389.97,117.87,335.48,0.892,-1,-1,-1
347,6,125.25,526.92,74.98,218.38,0.678,-1,-1,-1
347,7,1676.87,527.05,84.72,204.82,0.859,-1,-1,-1
347,10,1459.15,399.42,140.47,328.04,0.895,-1,-1,-1
347,11,1754.06,410.55,108.45,247.63,0.840,-1,-1,-1
347,17,1669.13,405.21,104.64,299.68,0.768,-1,-1,-1
347,22,1404.21,389.71,74.59,311.77,0.146,-1,-1,-1
347,23,1608.27,424.93,72.51,258.30,0.829,-1,-1,-1
347,24,38.09,499.38,77.01,250.34,0.434,-1,-1,-1
347,26,1528.62,385.31,68.85,293.11,0.559,-1,-1,-1
347,28,1142.55,384.54,133.33,357.76,0.918,-1,-1,-1
347,30,1516.64,381.86,68.51,90.64,0.143,-1,-1,-1
348,5,1356.61,396.40,115.15,328.49,0.889,-1,-1,-1
348,6,125.24,528.85,74.49,216.98,0.538,-1,-1,-1
348,7,1677.66,527.47,84.33,204.34,0.844,-1,-1,-1
348,10,1462.11,399.60,140.14,326.30,0.897,-1,-1,-1
348,11,1756.01,409.86,107.72,248.05,0.840,-1,-1,-1
348,17,1676.41,403.89,104.07,300.75,0.764,-1,-1,-1
348,23,1611.30,423.92,73.21,254.31,0.823,-1,-1,-1
348,24,34.89,499.77,77.27,249.83,0.424,-1,-1,-1
348,26,1532.63,385.86,70.11,292.62,0.534,-1,-1,-1
348,28,1141.69,385.69,133.50,358.72,0.913,-1,-1,-1
348,30,1520.13,384.13,68.95,91.40,0.239,-1,-1,-1
349,5,1362.04,401.51,112.55,321.00,0.888,-1,-1,-1
349,6,125.02,529.96,74.07,215.77,0.552,-1,-1,-1
349,7,1677.99,527.79,83.93,203.96,0.857,-1,-1,-1
349,10,1465.79,399.23,139.45,323.22,0.898,-1,-1,-1
349,11,1759.09,410.24,105.03,243.77,0.829,-1,-1,-1
349,17,1681.69,402.67,103.72,302.05,0.752,-1,-1,-1
349,23,1614.59,423.35,73.80,250.52,0.811,-1,-1,-1
349,24,31.91,500.12,77.74,249.64,0.442,-1,-1,-1
349,26,1535.92,386.24,71.43,293.94,0.615,-1,-1,-1
349,28,1140.46,386.20,133.73,360.08,0.903,-1,-1,-1
349,30,1522.70,385.60,70.99,94.34,0.270,-1,-1,-1
350,5,1366.91,405.01,110.83,316.71,0.885,-1,-1,-1
350,6,124.83,529.89,74.09,216.21,0.706,-1,-1,-1
350,7,1678.04,529.61,83.25,202.25,0.872,-1,-1,-1
350,10,1468.57,397.12,140.08,322.92,0.897,-1,-1,-1
350,11,1762.16,409.03,103.61,242.91,0.864,-1,-1,-1
350,17,1685.57,401.18,103.30,303.73,0.763,-1,-1,-1
350,23,1618.44,423.12,74.56,248.17,0.840,-1,-1,-1
350,24,28.30,500.59,78.66,249.50,0.518,-1,-1,-1
350,26,1540.68,387.17,72.04,293.74,0.688,-1,-1,-1
350,28,1138.07,386.61,134.01,361.81,0.882,-1,-1,-1
350,30,1526.37,386.80,73.74,98.36,0.187,-1,-1,-1
351,5,1371.33,407.15,109.37,313.52,0.868,-1,-1,-1
351,6,124.59,529.69,74.03,216.32,0.774,-1,-1,-1
351,7,1677.56,530.51,83.09,201.16,0.840,-1,-1,-1
351,10,1471.10,396.67,140.32,322.16,0.889,-1,-1,-1
351,11,1764.44,408.38,102.15,242.16,0.866,-1,-1,-1
351,17,1688.11,400.12,103.10,306.30,0.726,-1,-1,-1
351,23,1622.40,423.16,75.57,247.30,0.844,-1,-1,-1
351,24,26.12,500.91,79.44,249.15,0.476,-1,-1,-1
351,26,1544.96,387.28,72.57,293.04,0.675,-1,-1,-1
351,28,1135.96,386.29,134.47,364.43,0.867,-1,-1,-1
351,30,1530.09,387.41,74.77,100.12,0.203,-1,-1,-1
352,5,1376.63,408.53,107.45,309.32,0.868,-1,-1,-1
352,6,124.26,530.86,73.59,215.21,0.682,-1,-1,-1
352,7,1677.46,531.44,82.86,199.80,0.794,-1,-1,-1
352,10,1471.83,395.88,140.30,322.54,0.899,-1,-1,-1
352,11,1766.63,407.79,101.11,242.19,0.841,-1,-1,-1
352,17,1694.19,400.19,103.21,308.67,0.780,-1,-1,-1
352,23,1627.86,423.46,76.17,245.72,0.842,-1,-1,-1
352,24,23.89,500.88,80.93,248.85,0.712,-1,-1,-1
352,26,1549.98,387.09,74.37,298.18,0.799,-1,-1,-1
352,28,1130.29,385.22,135.63,367.38,0.848,-1,-1,-1
353,5,1381.82,408.87,105.45,304.69,0.883,-1,-1,-1
353,6,123.75,528.50,74.21,217.68,0.751,-1,-1,-1
353,7,1677.37,531.58,83.02,199.52,0.767,-1,-1,-1
353,10,1473.92,396.14,139.98,322.15,0.894,-1,-1,-1
353,11,1769.06,408.03,99.55,241.74,0.846,-1,-1,-1
353,17,1701.58,399.29,104.38,311.36,0.845,-1,-1,-1
353,23,1631.45,424.34,77.12,244.16,0.832,-1,-1,-1
353,24,22.65,501.12,82.11,248.54,0.670,-1,-1,-1
353,26,1553.55,386.47,75.06,299.41,0.780,-1,-1,-1
353,28,1125.01,383.47,136.71,369.98,0.879,-1,-1,-1
354,5,1385.92,407.98,104.41,302.79,0.866,-1,-1,-1
354,6,122.95,527.16,74.48,219.27,0.781,-1,-1,-1
354,7,1676.91,531.88,83.02,199.19,0.733,-1,-1,-1
354,10,1475.51,397.49,139.11,320.88,0.889,-1,-1,-1
354,11,1771.72,408.93,97.87,240.99,0.804,-1,-1,-1
354,17,1708.05,399.88,105.49,312.03,0.870,-1,-1,-1
354,23,1635.54,424.44,78.48,244.34,0.825,-1,-1,-1
354,24,21.73,501.12,83.37,248.81,0.699,-1,-1,-1
354,26,1556.50,386.36,75.48,299.14,0.784,-1,-1,-1
354,28,1121.15,381.02,137.88,372.91,0.897,-1,-1,-1
355,5,1390.24,407.90,103.86,301.79,0.858,-1,-1,-1
355,6,122.42,526.34,74.48,219.89,0.750,-1,-1,-1
355,7,1677.15,531.70,83.26,199.87,0.652,-1,-1,-1
355,10,1478.62,399.51,137.80,318.90,0.876,-1,-1,-1
355,11,1775.75,409.64,96.34,240.39,0.804,-1,-1,-1
355,17,1713.83,400.18,106.58,312.76,0.834,-1,-1,-1
355,23,1639.63,426.25,79.08,242.52,0.797,-1,-1,-1
355,24,21.03,501.09,84.41,249.01,0.680,-1,-1,-1
355,26,1561.53,385.88,75.79,297.05,0.745,-1,-1,-1
355,28,1117.84,377.67,139.02,375.86,0.897,-1,-1,-1
356,5,1392.68,408.14,103.61,301.57,0.863,-1,-1,-1
356,6,122.03,525.78,74.35,220.33,0.737,-1,-1,-1
356,7,1681.82,532.27,82.47,199.79,0.768,-1,-1,-1
356,10,1481.58,401.74,136.67,316.73,0.896,-1,-1,-1
356,11,1779.27,411.47,93.78,238.03,0.837,-1,-1,-1
356,17,1716.85,400.17,107.76,314.52,0.843,-1,-1,-1
356,22,1384.58,393.41,71.58,303.77,0.663,-1,-1,-1
356,23,1642.43,427.45,79.84,241.26,0.801,-1,-1,-1
356,24,20.97,501.89,84.73,248.41,0.508,-1,-1,-1
356,26,1565.55,385.50,77.01,297.83,0.793,-1,-1,-1
356,28,1115.35,375.55,139.77,377.67,0.898,-1,-1,-1
357,5,1396.51,408.53,103.20,301.62,0.875,-1,-1,-1
357,6,121.52,525.37,74.21,220.88,0.732,-1,-1,-1
357,7,1683.37,531.88,82.97,200.98,0.759,-1,-1,-1
357,10,1486.93,403.62,135.43,314.35,0.882,-1,-1,-1
357,11,1784.21,412.66,90.91,234.62,0.806,-1,-1,-1
357,17,1719.64,399.22,108.63,317.14,0.829,-1,-1,-1
357,22,1385.41,394.02,69.81,301.33,0.740,-1,-1,-1
357,23,1646.69,428.92,80.76,240.32,0.837,-1,-1,-1
357,24,21.77,502.27,84.88,247.96,0.456,-1,-1,-1
357,26,1570.34,385.18,78.20,297.99,0.804,-1,-1,-1
357,28,1112.24,374.32,140.64,379.07,0.900,-1,-1,-1
358,5,1400.81,409.31,102.44,300.13,0.811,-1,-1,-1
358,6,121.04,525.02,73.97,221.34,0.772,-1,-1,-1
358,7,1686.37,532.81,83.21,201.98,0.825,-1,-1,-1
358,10,1490.39,404.82,134.38,312.42,0.871,-1,-1,-1
358,11,1786.36,413.58,89.19,234.02,0.812,-1,-1,-1
358,17,1722.35,397.93,109.42,319.51,0.825,-1,-1,-1
358,22,1386.15,394.91,68.89,300.08,0.729,-1,-1,-1
358,23,1650.00,429.92,81.27,238.51,0.836,-1,-1,-1
358,24,21.71,502.55,85.27,247.70,0.493,-1,-1,-1
358,26,1573.67,385.58,79.51,299.04,0.771,-1,-1,-1
358,28,1109.90,373.51,141.67,380.77,0.903,-1,-1,-1
359,5,1404.47,410.30,101.76,298.75,0.824,-1,-1,-1
359,6,121.10,524.97,73.76,221.49,0.786,-1,-1,-1
359,7,1688.41,533.58,83.03,202.16,0.825,-1,-1,-1
359,10,1494.30,405.56,133.37,310.84,0.886,-1,-1,-1
359,11,1788.64,414.56,87.05,232.03,0.795,-1,-1,-1
359,17,1723.82,396.64,109.77,321.19,0.839,-1,-1,-1
359,22,1386.90,395.23,68.79,299.62,0.647,-1,-1,-1
359,23,1652.48,429.85,82.10,237.69,0.836,-1,-1,-1
359,24,22.78,502.22,85.51,247.94,0.475,-1,-1,-1
359,26,1577.65,386.23,80.64,298.50,0.799,-1,-1,-1
359,28,1107.01,372.68,143.21,383.69,0.907,-1,-1,-1
360,5,1413.22,411.67,100.71,293.56,0.581,-1,-1,-1
360,6,120.37,525.29,73.23,221.10,0.817,-1,-1,-1
360,7,1692.26,533.46,82.96,202.60,0.843,-1,-1,-1
360,10,1499.47,406.16,132.07,308.70,0.890,-1,-1,-1
360,11,1793.40,415.15,85.33,231.11,0.707,-1,-1,-1
360,17,1726.30,396.22,109.30,321.77,0.823,-1,-1,-1
360,22,1392.00,395.52,69.22,302.95,0.470,-1,-1,-1
360,23,1656.19,431.47,82.48,235.92,0.828,-1,-1,-1
360,24,21.92,502.52,85.72,247.07,0.334,-1,-1,-1
360,26,1582.71,387.40,81.49,296.48,0.783,-1,-1,-1
360,28,1104.86,372.58,144.69,386.36,0.908,-1,-1,-1
361,5,1421.49,412.62,100.23,288.75,0.775,-1,-1,-1
361,6,120.24,525.57,72.83,220.93,0.824,-1,-1,-1
361,7,1697.15,532.15,83.27,204.22,0.836,-1,-1,-1
361,10,1504.48,406.64,129.59,304.02,0.894,-1,-1,-1
361,11,1798.99,414.80,83.77,230.62,0.703,-1,-1,-1
361,17,1728.09,395.23,108.95,322.81,0.840,-1,-1,-1
361,22,1400.12,394.77,70.56,307.39,0.645,-1,-1,-1
361,23,1659.42,431.45,83.23,235.33,0.844,-1,-1,-1
361,24,21.38,501.70,86.25,247.47,0.310,-1,-1,-1
361,26,1586.88,389.29,81.52,291.32,0.795,-1,-1,-1
361,28,1103.15,372.62,146.02,388.52,0.909,-1,-1,-1
362,5,1427.95,413.58,101.57,290.11,0.863,-1,-1,-1
362,6,120.28,526.26,72.25,219.87,0.783,-1,-1,-1
362,7,1703.89,529.83,83.77,206.48,0.788,-1,-1,-1
362,10,1509.47,405.84,128.35,302.61,0.883,-1,-1,-1
362,11,1805.25,414.81,82.47,229.71,0.732,-1,-1,-1
362,17,1731.26,394.27,108.78,323.31,0.767,-1,-1,-1
362,22,1406.48,393.61,71.62,310.86,0.635,-1,-1,-1
362,23,1662.78,430.08,84.07,235.85,0.850,-1,-1,-1
362,24,26.21,500.91,86.41,249.56,0.457,-1,-1,-1
362,26,1591.09,391.60,81.63,286.63,0.792,-1,-1,-1
362,28,1102.09,373.70,147.34,390.59,0.910,-1,-1,-1
363,5,1431.93,413.35,102.51,291.57,0.867,-1,-1,-1
363,6,120.63,526.39,71.98,219.64,0.811,-1,-1,-1
363,7,1709.45,527.72,84.17,209.05,0.623,-1,-1,-1
363,10,1514.00,405.24,127.66,302.29,0.879,-1,-1,-1
363,11,1810.89,414.47,81.81,229.78,0.799,-1,-1,-1
363,17,1737.06,393.19,108.61,323.31,0.808,-1,-1,-1
363,22,1409.81,393.45,71.39,309.48,0.577,-1,-1,-1
363,23,1666.17,428.89,84.06,235.08,0.818,-1,-1,-1
363,24,28.84,500.57,81.58,233.94,0.154,-1,-1,-1
363,26,1594.77,392.72,82.34,284.95,0.779,-1,-1,-1
363,28,1100.87,374.53,149.09,393.40,0.910,-1,-1,-1
363,31,-1.75,253.14,180.33,728.25,0.843,-1,-1,-1
364,5,1434.59,413.55,102.61,291.66,0.869,-1,-1,-1
364,6,121.46,525.81,72.15,220.23,0.762,-1,-1,-1
364,7,1715.88,525.66,83.92,211.26,0.809,-1,-1,-1
364,10,1518.79,404.39,127.11,302.37,0.878,-1,-1,-1
364,11,1816.90,413.20,81.56,230.50,0.762,-1,-1,-1
364,17,1741.98,391.77,109.20,325.18,0.838,-1,-1,-1
364,22,1413.77,393.38,70.60,306.03,0.379,-1,-1,-1
364,23,1668.54,427.30,84.23,234.82,0.829,-1,-1,-1
364,24,38.45,500.10,74.69,214.83,0.417,-1,-1,-1
364,26,1598.64,393.04,81.20,277.04,0.755,-1,-1,-1
364,28,1099.46,374.59,150.75,395.54,0.915,-1,-1,-1
364,31,-2.02,242.70,182.74,738.16,0.636,-1,-1,-1
365,5,1437.58,413.12,101.96,289.84,0.832,-1,-1,-1
365,6,121.58,526.21,70.57,215.48,0.647,-1,-1,-1
365,7,1724.06,522.83,85.07,214.20,0.860,-1,-1,-1
365,10,1524.96,405.21,125.92,301.13,0.888,-1,-1,-1
365,11,1822.93,411.34,81.62,231.91,0.722,-1,-1,-1
365,17,1749.30,389.97,110.42,326.29,0.864,-1,-1,-1
365,22,1420.69,394.04,66.39,286.05,0.419,-1,-1,-1
365,23,1671.23,426.67,84.78,234.56,0.804,-1,-1,-1
365,26,1601.39,392.67,80.61,271.93,0.806,-1,-1,-1
365,28,1097.94,373.50,152.41,397.61,0.916,-1,-1,-1
365,31,-0.41,240.15,183.20,740.04,0.859,-1,-1,-1
366,5,1442.20,412.14,101.07,288.28,0.860,-1,-1,-1
366,6,123.39,526.01,65.19,197.86,0.212,-1,-1,-1
366,7,1731.66,521.77,86.58,215.06,0.871,-1,-1,-1
366,10,1531.08,406.03,124.94,300.57,0.904,-1,-1,-1
366,11,1828.05,410.37,78.75,223.33,0.444,-1,-1,-1
366,17,1756.33,389.33,112.36,327.34,0.852,-1,-1,-1
366,22,1425.05,393.90,64.32,276.01,0.398,-1,-1,-1
366,23,1675.39,426.71,85.19,234.17,0.808,-1,-1,-1
366,26,1603.55,392.30,82.20,275.64,0.752,-1,-1,-1
366,28,1096.43,371.56,154.11,399.86,0.905,-1,-1,-1
366,31,-1.85,235.15,184.63,746.57,0.882,-1,-1,-1
367,5,1446.73,410.59,100.96,288.42,0.884,-1,-1,-1
367,6,126.84,525.73,59.36,180.05,0.185,-1,-1,-1
367,7,1739.85,522.24,89.18,214.73,0.892,-1,-1,-1
367,10,1538.09,408.04,124.07,297.98,0.915,-1,-1,-1
367,11,1835.63,411.26,70.34,197.85,0.584,-1,-1,-1
367,17,1764.95,388.36,115.90,329.58,0.867,-1,-1,-1
367,22,1428.47,394.17,63.17,270.39,0.255,-1,-1,-1
367,23,1680.19,427.10,85.87,233.60,0.777,-1,-1,-1
367,26,1606.44,392.11,81.49,271.29,0.560,-1,-1,-1
367,28,1095.21,367.86,156.18,403.86,0.902,-1,-1,-1
367,31,-2.11,235.74,184.90,748.43,0.909,-1,-1,-1
368,5,1451.69,409.27,101.10,288.84,0.882,-1,-1,-1
368,7,1744.75,522.98,91.92,214.65,0.876,-1,-1,-1
368,10,1544.52,409.96,123.45,295.16,0.902,-1,-1,-1
368,11,1840.06,412.46,65.10,182.05,0.471,-1,-1,-1
368,17,1771.44,387.66,118.94,330.92,0.849,-1,-1,-1
368,22,1429.91,394.04,65.68,282.79,0.780,-1,-1,-1
368,23,1683.59,427.50,86.36,232.66,0.792,-1,-1,-1
368,26,1610.60,390.98,80.96,268.54,0.675,-1,-1,-1
368,28,1093.96,364.75,157.79,407.20,0.909,-1,-1,-1
368,31,2.03,234.11,184.48,748.40,0.886,-1,-1,-1
369,5,1455.83,408.91,101.14,288.69,0.880,-1,-1,-1
369,7,1748.90,523.42,94.71,214.64,0.875,-1,-1,-1
369,10,1548.78,410.86,123.00,294.28,0.901,-1,-1,-1
369,11,1843.19,413.38,61.53,171.33,0.318,-1,-1,-1
369,17,1778.27,387.46,121.93,331.17,0.882,-1,-1,-1
369,22,1431.93,395.44,65.94,285.33,0.772,-1,-1,-1
369,23,1686.97,428.51,86.97,231.41,0.815,-1,-1,-1
369,26,1613.91,389.08,81.13,268.89,0.683,-1,-1,-1
369,28,1092.05,362.04,158.95,409.90,0.911,-1,-1,-1
369,31,19.64,236.03,183.78,744.93,0.873,-1,-1,-1
370,5,1461.18,409.40,101.51,288.03,0.881,-1,-1,-1
370,7,1753.69,524.46,96.89,214.70,0.871,-1,-1,-1
370,10,1553.50,411.29,122.59,293.48,0.888,-1,-1,-1
370,11,1845.95,414.50,58.89,163.46,0.325,-1,-1,-1
370,17,1783.04,387.04,124.84,333.37,0.883,-1,-1,-1
370,22,1435.16,396.77,65.95,286.13,0.726,-1,-1,-1
370,23,1691.13,430.53,87.36,229.47,0.816,-1,-1,-1
370,26,1617.21,387.51,81.06,269.19,0.800,-1,-1,-1
370,28,1089.72,359.61,160.15,413.45,0.908,-1,-1,-1
370,31,63.41,239.38,186.44,738.53,0.864,-1,-1,-1
371,5,1465.42,410.25,101.73,286.93,0.872,-1,-1,-1
371,7,1759.24,524.75,98.05,214.86,0.875,-1,-1,-1
371,10,1556.89,410.96,122.58,293.76,0.885,-1,-1,-1
371,11,1848.58,415.93,56.08,154.83,0.175,-1,-1,-1
371,17,1786.78,387.75,126.66,334.56,0.888,-1,-1,-1
371,22,1439.06,398.07,66.04,285.89,0.694,-1,-1,-1
371,23,1693.94,432.64,87.84,228.40,0.771,-1,-1,-1
371,26,1617.87,387.25,83.78,281.05,0.789,-1,-1,-1
371,28,1086.65,358.08,161.47,417.38,0.903,-1,-1,-1
371,31,99.13,245.61,193.01,732.02,0.903,-1,-1,-1
372,5,1470.70,412.58,101.63,284.52,0.873,-1,-1,-1
372,7,1768.91,524.23,97.57,215.23,0.852,-1,-1,-1
372,10,1562.63,410.44,121.58,292.03,0.869,-1,-1,-1
372,17,1789.27,388.87,127.78,335.28,0.864,-1,-1,-1
372,22,1443.12,399.65,65.92,285.64,0.729,-1,-1,-1
372,23,1694.80,434.02,87.29,226.44,0.654,-1,-1,-1
372,26,1622.15,387.78,84.04,283.19,0.716,-1,-1,-1
372,28,1082.58,358.64,162.00,419.39,0.914,-1,-1,-1
372,31,127.78,251.87,202.54,723.99,0.900,-1,-1,-1
373,5,1474.63,414.67,101.61,282.16,0.874,-1,-1,-1
373,7,1780.26,523.81,97.00,215.83,0.847,-1,-1,-1
373,10,1569.69,409.79,120.27,290.30,0.881,-1,-1,-1
373,17,1791.00,388.29,128.73,336.62,0.864,-1,-1,-1
373,22,1446.58,400.80,65.53,284.22,0.747,-1,-1,-1
373,23,1697.38,434.87,87.11,224.62,0.721,-1,-1,-1
373,26,1628.25,388.31,84.00,283.57,0.758,-1,-1,-1
373,28,1078.53,358.82,162.61,421.51,0.917,-1,-1,-1
373,31,142.68,259.12,212.69,713.57,0.899,-1,-1,-1
373,32,1760.44,448.61,46.56,191.23,0.734,-1,-1,-1
373,33,915.86,516.22,39.17,114.12,0.683,-1,-1,-1
374,5,1477.28,416.43,101.54,279.34,0.859,-1,-1,-1
374,7,1790.83,522.89,97.21,217.41,0.810,-1,-1,-1
374,10,1575.34,408.91,119.32,289.98,0.888,-1,-1,-1
374,17,1794.01,387.72,129.31,339.05,0.854,-1,-1,-1
374,22,1449.19,401.15,65.32,283.48,0.773,-1,-1,-1
374,23,1699.32,434.76,87.31,224.08,0.741,-1,-1,-1
374,26,1634.15,389.21,83.76,282.06,0.738,-1,-1,-1
374,28,1074.62,359.53,163.25,423.45,0.921,-1,-1,-1
374,31,149.54,269.19,221.87,696.50,0.908,-1,-1,-1
374,32,1763.53,449.16,46.57,190.78,0.800,-1,-1,-1
374,33,914.94,516.62,39.14,114.05,0.340,-1,-1,-1
375,5,1481.77,417.85,101.59,276.93,0.879,-1,-1,-1
375,7,1806.27,524.40,96.94,217.98,0.852,-1,-1,-1
375,10,1580.60,407.50,118.97,290.29,0.879,-1,-1,-1
375,17,1796.97,385.47,129.74,341.89,0.721,-1,-1,-1
375,22,1451.87,400.35,64.96,282.63,0.750,-1,-1,-1
375,23,1702.44,433.48,88.01,224.32,0.782,-1,-1,-1
375,24,37.22,499.80,84.11,246.27,0.510,-1,-1,-1
375,26,1640.55,393.17,82.93,277.85,0.744,-1,-1,-1
375,28,1070.92,360.84,162.95,423.75,0.922,-1,-1,-1
375,31,154.73,272.90,233.63,689.63,0.925,-1,-1,-1
375,32,1768.60,449.64,46.48,189.44,0.793,-1,-1,-1
375,33,913.33,516.83,39.12,114.00,0.398,-1,-1,-1
376,5,1485.75,418.52,102.35,275.76,0.882,-1,-1,-1
376,6,121.06,527.71,70.10,213.30,0.537,-1,-1,-1
376,7,1815.62,524.80,97.75,218.13,0.856,-1,-1,-1
376,10,1585.36,406.38,118.83,290.75,0.891,-1,-1,-1
376,17,1799.83,383.74,129.77,344.13,0.678,-1,-1,-1
376,22,1454.67,400.30,63.79,277.70,0.716,-1,-1,-1
376,23,1705.24,432.50,88.12,223.65,0.770,-1,-1,-1
376,24,35.03,501.47,84.09,247.40,0.414,-1,-1,-1
376,26,1647.58,394.77,82.83,276.33,0.736,-1,-1,-1
376,28,1066.71,360.31,163.53,426.42,0.900,-1,-1,-1
376,31,160.35,275.01,243.33,683.66,0.921,-1,-1,-1
376,32,1772.98,450.28,46.60,188.70,0.790,-1,-1,-1
376,33,912.02,517.25,38.93,113.48,0.315,-1,-1,-1
377,5,1489.89,418.72,102.64,274.01,0.885,-1,-1,-1
377,6,120.63,527.96,71.04,216.68,0.556,-1,-1,-1
377,7,1820.79,525.53,98.57,219.37,0.898,-1,-1,-1
377,10,1590.21,406.04,118.65,291.00,0.887,-1,-1,-1
377,17,1804.40,381.49,127.01,338.24,0.510,-1,-1,-1
377,22,1457.68,400.22,60.94,265.18,0.690,-1,-1,-1
377,23,1708.80,431.15,88.67,224.69,0.737,-1,-1,-1
377,24,37.92,503.44,82.44,247.00,0.581,-1,-1,-1
377,26,1652.77,394.88,82.62,275.79,0.835,-1,-1,-1
377,28,1059.32,358.24,165.03,431.88,0.897,-1,-1,-1
377,31,178.34,276.42,247.77,674.03,0.920,-1,-1,-1
377,32,1777.87,450.25,47.06,189.04,0.771,-1,-1,-1
377,33,910.87,517.47,38.90,113.60,0.650,-1,-1,-1
378,5,1492.82,418.49,102.22,270.47,0.891,-1,-1,-1
378,6,120.30,527.13,71.72,219.23,0.586,-1,-1,-1
378,7,1824.07,525.75,98.66,219.77,0.891,-1,-1,-1
378,10,1594.83,406.69,118.29,290.34,0.873,-1,-1,-1
378,17,1817.46,379.74,105.64,278.31,0.646,-1,-1,-1
378,22,1460.32,399.32,60.49,263.67,0.696,-1,-1,-1
378,23,1712.23,430.68,88.53,223.83,0.669,-1,-1,-1
378,24,40.21,504.43,80.84,246.58,0.628,-1,-1,-1
378,26,1657.28,396.16,81.80,273.33,0.809,-1,-1,-1
378,28,1053.41,355.61,166.15,436.25,0.891,-1,-1,-1
378,31,197.59,276.32,247.64,660.48,0.913,-1,-1,-1
378,32,1781.05,451.98,47.04,187.53,0.759,-1,-1,-1
378,33,910.03,517.63,38.86,113.61,0.585,-1,-1,-1
379,5,1493.36,417.99,101.96,269.14,0.889,-1,-1,-1
379,6,120.39,527.04,71.77,220.19,0.708,-1,-1,-1
379,7,1826.77,526.07,98.41,220.04,0.874,-1,-1,-1
379,10,1598.98,407.16,118.12,289.64,0.887,-1,-1,-1
379,17,1825.31,378.36,94.01,246.03,0.665,-1,-1,-1
379,22,1462.66,398.67,62.19,271.05,0.724,-1,-1,-1
379,23,1715.71,429.91,88.67,223.42,0.733,-1,-1,-1
379,24,40.89,504.38,79.95,247.06,0.572,-1,-1,-1
379,26,1660.11,395.06,81.59,274.06,0.793,-1,-1,-1
379,28,1048.09,353.17,166.89,439.79,0.915,-1,-1,-1
379,31,218.54,275.98,245.01,648.62,0.888,-1,-1,-1
379,32,1783.22,453.11,47.14,186.52,0.755,-1,-1,-1
379,33,909.30,517.80,38.70,113.40,0.623,-1,-1,-1
380,5,1493.31,417.18,101.71,269.86,0.889,-1,-1,-1
380,6,120.23,526.61,71.85,221.13,0.642,-1,-1,-1
380,7,1833.94,526.64,97.47,219.86,0.546,-1,-1,-1
380,10,1604.19,409.32,117.43,287.29,0.888,-1,-1,-1
380,17,1826.94,377.36,95.23,250.37,0.767,-1,-1,-1
380,22,1464.28,398.52,62.90,274.64,0.749,-1,-1,-1
380,23,1719.17,429.05,89.12,224.35,0.741,-1,-1,-1
380,24,39.80,504.72,79.39,246.91,0.521,-1,-1,-1
380,26,1663.79,394.58,81.06,274.30,0.781,-1,-1,-1
380,28,1041.65,349.40,168.12,444.23,0.909,-1,-1,-1
380,31,248.93,275.79,239.02,639.33,0.873,-1,-1,-1
380,32,1784.96,453.99,47.08,185.31,0.753,-1,-1,-1
380,33,908.60,518.01,38.68,113.69,0.680,-1,-1,-1
381,5,1492.74,416.47,101.30,270.93,0.880,-1,-1,-1
381,6,120.19,525.88,72.00,222.12,0.553,-1,-1,-1
381,7,1842.23,527.21,95.94,219.78,0.541,-1,-1,-1
381,10,1608.27,411.32,116.83,285.21,0.884,-1,-1,-1
381,17,1828.56,376.97,96.24,255.47,0.824,-1,-1,-1
381,22,1466.94,399.23,62.86,275.97,0.759,-1,-1,-1
381,23,1721.63,427.92,89.54,225.75,0.789,-1,-1,-1
381,24,40.17,503.21,79.30,248.36,0.333,-1,-1,-1
381,26,1668.46,394.62,80.53,274.08,0.789,-1,-1,-1
381,28,1036.96,346.32,168.98,447.25,0.910,-1,-1,-1
381,31,280.28,277.59,232.40,634.06,0.883,-1,-1,-1
381,32,1788.31,455.06,47.32,183.77,0.799,-1,-1,-1
381,33,908.19,518.14,38.57,113.58,0.632,-1,-1,-1
382,5,1493.18,415.06,100.62,272.21,0.872,-1,-1,-1
382,6,120.95,526.96,71.50,220.95,0.664,-1,-1,-1
382,10,1613.48,412.10,116.55,284.19,0.905,-1,-1,-1
382,17,1825.63,376.80,108.45,292.80,0.593,-1,-1,-1
382,22,1469.97,400.44,62.82,277.22,0.776,-1,-1,-1
382,23,1724.07,429.09,88.44,223.74,0.788,-1,-1,-1
382,24,31.04,501.56,81.04,249.38,0.671,-1,-1,-1
382,26,1673.97,393.19,81.05,275.62,0.825,-1,-1,-1
382,28,1032.08,342.82,170.05,450.50,0.900,-1,-1,-1
382,31,315.05,279.44,225.26,630.20,0.905,-1,-1,-1
382,32,1791.42,454.62,47.67,182.44,0.786,-1,-1,-1
382,33,906.83,519.12,38.34,112.78,0.589,-1,-1,-1
383,5,1496.03,416.70,99.27,270.47,0.871,-1,-1,-1
383,6,121.22,526.05,71.70,221.77,0.575,-1,-1,-1
383,10,1616.99,412.71,116.17,283.19,0.898,-1,-1,-1
383,17,1824.23,376.93,115.93,320.88,0.725,-1,-1,-1
383,22,1474.28,401.34,62.57,277.91,0.793,-1,-1,-1
383,23,1726.40,430.45,87.53,221.75,0.765,-1,-1,-1
383,24,28.34,500.32,82.24,251.10,0.212,-1,-1,-1
383,26,1679.13,392.62,82.00,276.20,0.828,-1,-1,-1
383,28,1027.17,340.50,171.37,454.73,0.907,-1,-1,-1
383,31,341.81,281.95,219.61,625.51,0.876,-1,-1,-1
383,32,1793.43,453.43,48.04,180.86,0.777,-1,-1,-1
383,33,905.21,519.89,38.37,112.47,0.493,-1,-1,-1
384,5,1499.38,416.65,98.54,269.77,0.868,-1,-1,-1
384,6,121.45,524.60,72.25,223.41,0.463,-1,-1,-1
384,10,1620.49,412.31,115.66,281.67,0.887,-1,-1,-1
384,17,1825.15,378.11,118.72,342.64,0.884,-1,-1,-1
384,22,1478.53,402.31,61.95,277.01,0.811,-1,-1,-1
384,23,1728.76,432.12,86.48,219.47,0.763,-1,-1,-1
384,24,25.83,458.69,97.16,293.57,0.528,-1,-1,-1
384,26,1684.07,391.85,83.14,277.21,0.808,-1,-1,-1
384,28,1022.60,339.09,172.93,459.37,0.901,-1,-1,-1
384,31,368.08,284.44,217.21,621.28,0.904,-1,-1,-1
384,32,1794.22,453.14,48.73,180.40,0.787,-1,-1,-1
384,33,905.66,520.13,38.20,112.09,0.414,-1,-1,-1
385,5,1503.59,418.45,97.66,267.78,0.873,-1,-1,-1
385,6,121.30,525.44,72.08,222.92,0.101,-1,-1,-1
385,10,1624.55,411.94,114.53,278.27,0.889,-1,-1,-1
385,17,1828.24,376.74,116.87,351.25,0.877,-1,-1,-1
385,22,1482.89,403.84,61.06,274.57,0.794,-1,-1,-1
385,23,1730.17,434.05,85.94,216.81,0.784,-1,-1,-1
385,24,22.98,474.73,92.83,277.46,0.603,-1,-1,-1
385,26,1689.05,390.98,84.06,276.97,0.781,-1,-1,-1
385,28,1017.46,338.30,174.09,462.99,0.899,-1,-1,-1
385,31,391.40,287.86,218.18,615.58,0.906,-1,-1,-1
385,32,1795.80,451.81,49.87,181.34,0.810,-1,-1,-1
385,33,905.69,520.69,37.78,111.01,0.367,-1,-1,-1
386,5,1506.08,419.65,97.23,266.82,0.858,-1,-1,-1
386,6,115.68,495.28,80.56,252.61,0.677,-1,-1,-1
386,10,1627.44,411.46,114.43,277.91,0.877,-1,-1,-1
386,17,1832.45,375.39,112.91,354.06,0.888,-1,-1,-1
386,22,1486.88,404.98,60.40,271.97,0.800,-1,-1,-1
386,23,1732.79,436.74,85.32,214.18,0.806,-1,-1,-1
386,24,21.34,488.85,89.21,262.73,0.747,-1,-1,-1
386,26,1693.15,391.47,84.81,276.11,0.735,-1,-1,-1
386,28,1013.34,338.66,175.08,465.77,0.899,-1,-1,-1
386,31,405.52,294.17,219.88,607.59,0.911,-1,-1,-1
386,32,1797.89,451.66,50.84,181.15,0.845,-1,-1,-1
386,33,907.10,522.47,37.08,108.83,0.366,-1,-1,-1
387,5,1509.99,421.48,95.91,264.43,0.847,-1,-1,-1
387,6,114.25,484.11,82.88,263.72,0.683,-1,-1,-1
387,10,1631.56,410.42,114.35,277.65,0.897,-1,-1,-1
387,17,1837.62,373.71,108.76,355.77,0.862,-1,-1,-1
387,22,1491.84,405.35,60.16,270.54,0.767,-1,-1,-1
387,23,1736.41,436.89,85.02,213.48,0.762,-1,-1,-1
387,24,20.87,494.81,88.15,256.66,0.653,-1,-1,-1
387,26,1698.22,392.12,85.98,276.27,0.741,-1,-1,-1
387,28,1006.81,339.83,176.43,467.06,0.903,-1,-1,-1
387,31,417.11,301.48,222.28,596.53,0.915,-1,-1,-1
387,32,1800.12,451.94,51.68,180.59,0.854,-1,-1,-1
388,5,1513.55,422.66,94.84,262.88,0.864,-1,-1,-1
388,6,113.42,477.99,84.12,269.89,0.512,-1,-1,-1
388,10,1635.22,410.19,114.13,277.07,0.909,-1,-1,-1
388,17,1842.13,371.89,104.94,358.25,0.852,-1,-1,-1
388,22,1496.35,405.44,60.28,270.60,0.776,-1,-1,-1
388,23,1738.95,436.39,84.69,213.39,0.749,-1,-1,-1
388,24,20.24,498.85,87.71,252.22,0.765,-1,-1,-1
388,26,1702.57,393.63,86.47,274.02,0.775,-1,-1,-1
388,28,1001.88,340.80,178.51,470.10,0.914,-1,-1,-1
388,31,422.95,304.93,226.78,591.89,0.921,-1,-1,-1
388,32,1802.48,452.35,52.50,180.14,0.855,-1,-1,-1
389,5,1515.85,422.45,93.94,262.12,0.835,-1,-1,-1
389,6,111.09,458.57,89.32,289.58,0.323,-1,-1,-1
389,10,1637.49,410.02,113.85,277.01,0.902,-1,-1,-1
389,17,1846.33,370.01,101.08,360.15,0.844,-1,-1,-1
389,22,1501.06,404.94,60.29,270.47,0.767,-1,-1,-1
389,23,1741.42,434.30,84.57,214.19,0.750,-1,-1,-1
389,24,19.88,500.30,88.10,250.56,0.746,-1,-1,-1
389,26,1704.86,395.15,86.47,269.91,0.701,-1,-1,-1
389,28,997.24,339.90,181.19,474.63,0.915,-1,-1,-1
389,31,427.93,307.41,230.11,588.00,0.919,-1,-1,-1
389,32,1806.17,453.12,53.43,179.66,0.825,-1,-1,-1
389,34,1164.15,457.54,51.22,188.89,0.649,-1,-1,-1
390,5,1520.28,421.87,92.61,260.40,0.845,-1,-1,-1
390,6,114.37,480.45,82.58,267.74,0.389,-1,-1,-1
390,10,1642.62,410.57,113.79,276.61,0.898,-1,-1,-1
390,17,1852.52,377.55,94.90,349.29,0.721,-1,-1,-1
390,22,1506.09,404.07,60.08,268.94,0.569,-1,-1,-1
390,23,1745.60,432.96,84.74,215.08,0.745,-1,-1,-1
390,24,19.49,500.99,88.63,249.44,0.776,-1,-1,-1
390,26,1708.17,396.85,86.96,269.80,0.523,-1,-1,-1
390,28,991.86,338.20,183.70,478.46,0.910,-1,-1,-1
390,31,441.16,309.58,230.23,583.21,0.905,-1,-1,-1
390,32,1809.89,454.53,54.25,178.62,0.832,-1,-1,-1
390,34,1165.95,456.92,51.32,188.98,0.749,-1,-1,-1
391,5,1524.34,421.09,91.75,258.60,0.866,-1,-1,-1
391,6,118.51,505.12,74.81,242.19,0.588,-1,-1,-1
391,10,1647.67,411.86,113.84,275.25,0.896,-1,-1,-1
391,17,1857.42,375.82,89.42,337.09,0.592,-1,-1,-1
391,22,1511.66,402.76,59.55,266.54,0.630,-1,-1,-1
391,23,1748.73,432.02,85.11,216.74,0.739,-1,-1,-1
391,24,19.17,501.59,89.12,248.28,0.797,-1,-1,-1
391,26,1709.69,397.70,88.22,272.08,0.501,-1,-1,-1
391,28,987.49,336.18,185.68,481.33,0.911,-1,-1,-1
391,31,455.86,308.85,227.21,575.49,0.886,-1,-1,-1
391,32,1811.98,455.47,55.01,177.87,0.822,-1,-1,-1
391,34,1167.85,455.65,51.77,189.98,0.750,-1,-1,-1
392,5,1530.53,420.73,91.51,257.60,0.831,-1,-1,-1
392,6,121.29,518.63,70.78,228.25,0.637,-1,-1,-1
392,10,1653.59,413.68,113.51,272.80,0.885,-1,-1,-1
392,17,1865.34,373.83,78.03,300.22,0.544,-1,-1,-1
392,22,1517.45,402.09,59.12,265.59,0.522,-1,-1,-1
392,23,1754.26,430.89,84.83,217.47,0.752,-1,-1,-1
392,24,19.00,501.94,89.42,247.85,0.598,-1,-1,-1
392,26,1712.52,397.55,88.88,272.65,0.589,-1,-1,-1
392,28,981.67,332.88,187.71,485.00,0.885,-1,-1,-1
392,31,477.92,306.58,220.12,565.00,0.895,-1,-1,-1
392,32,1814.23,456.88,55.25,176.01,0.837,-1,-1,-1
392,34,1175.21,454.60,52.15,191.19,0.817,-1,-1,-1
393,5,1535.30,419.59,91.99,257.75,0.876,-1,-1,-1
393,6,122.74,525.16,69.01,221.70,0.637,-1,-1,-1
393,10,1657.59,414.73,113.10,271.19,0.889,-1,-1,-1
393,22,1522.09,401.11,58.06,261.58,0.337,-1,-1,-1
393,23,1758.93,429.73,84.60,218.15,0.757,-1,-1,-1
393,24,19.15,502.78,89.49,246.97,0.543,-1,-1,-1
393,26,1715.91,397.41,89.11,273.21,0.499,-1,-1,-1
393,28,976.36,329.23,189.72,488.71,0.908,-1,-1,-1
393,31,499.93,305.18,212.49,557.42,0.887,-1,-1,-1
393,32,1815.62,457.22,55.71,174.83,0.863,-1,-1,-1
393,34,1179.69,453.71,52.39,191.81,0.827,-1,-1,-1
394,5,1541.38,419.79,92.47,257.27,0.878,-1,-1,-1
394,6,123.58,528.30,68.32,218.48,0.660,-1,-1,-1
394,10,1661.19,415.29,112.78,270.32,0.881,-1,-1,-1
394,22,1526.99,400.10,58.10,262.32,0.271,-1,-1,-1
394,23,1762.86,429.65,83.84,217.31,0.796,-1,-1,-1
394,24,20.71,513.24,86.47,236.30,0.597,-1,-1,-1
394,26,1719.29,396.98,88.56,271.75,0.580,-1,-1,-1
394,28,972.19,326.11,191.37,492.69,0.895,-1,-1,-1
394,31,523.88,304.49,205.17,552.51,0.878,-1,-1,-1
394,32,1816.52,456.89,56.33,174.51,0.844,-1,-1,-1
394,34,1183.46,452.98,52.75,192.67,0.839,-1,-1,-1
395,5,1547.00,419.89,93.47,257.30,0.887,-1,-1,-1
395,6,123.52,530.01,68.02,216.73,0.747,-1,-1,-1
395,10,1665.24,415.52,112.07,269.48,0.876,-1,-1,-1
395,23,1767.49,430.10,82.97,216.42,0.821,-1,-1,-1
395,24,20.05,509.45,88.25,240.57,0.470,-1,-1,-1
395,26,1727.88,397.00,80.07,244.55,0.622,-1,-1,-1
395,28,966.87,323.52,192.37,496.72,0.917,-1,-1,-1
395,31,545.60,303.95,199.19,550.70,0.901,-1,-1,-1
395,32,1818.51,453.24,57.50,176.93,0.857,-1,-1,-1
395,34,1189.60,453.13,53.15,192.64,0.832,-1,-1,-1
396,5,1550.79,420.32,94.13,256.81,0.885,-1,-1,-1
396,6,124.59,530.75,68.41,215.90,0.745,-1,-1,-1
396,10,1669.18,415.20,111.65,269.65,0.871,-1,-1,-1
396,23,1770.81,430.96,82.08,215.43,0.769,-1,-1,-1
396,24,20.79,516.21,86.23,233.56,0.389,-1,-1,-1
396,26,1730.16,396.32,81.35,249.41,0.599,-1,-1,-1
396,28,960.73,321.92,193.50,501.22,0.909,-1,-1,-1
396,31,566.93,305.13,194.27,544.94,0.863,-1,-1,-1
396,32,1820.65,452.71,57.73,176.82,0.852,-1,-1,-1
396,34,1196.31,453.61,54.00,192.47,0.829,-1,-1,-1
397,5,1555.29,420.78,94.63,256.44,0.885,-1,-1,-1
397,6,124.81,530.92,68.93,215.88,0.736,-1,-1,-1
397,10,1675.06,414.21,110.98,268.21,0.892,-1,-1,-1
397,23,1775.61,432.80,81.32,213.81,0.789,-1,-1,-1
397,24,19.68,508.53,89.32,241.15,0.583,-1,-1,-1
397,26,1732.14,395.95,83.43,258.76,0.816,-1,-1,-1
397,28,950.52,321.51,194.51,504.20,0.923,-1,-1,-1
397,31,594.65,309.32,193.08,541.04,0.899,-1,-1,-1
397,32,1823.79,452.97,57.68,176.30,0.827,-1,-1,-1
397,34,1202.12,454.76,54.73,191.39,0.793,-1,-1,-1
398,5,1558.47,421.65,94.65,254.99,0.851,-1,-1,-1
398,6,123.86,531.39,68.90,215.11,0.731,-1,-1,-1
398,10,1679.80,413.75,110.88,267.34,0.897,-1,-1,-1
398,23,1780.28,438.31,78.80,207.31,0.690,-1,-1,-1
398,24,18.64,504.58,91.30,245.40,0.739,-1,-1,-1
398,26,1733.87,394.94,84.03,264.12,0.739,-1,-1,-1
398,28,937.43,321.59,196.88,508.22,0.932,-1,-1,-1
398,31,614.45,314.09,194.33,536.79,0.920,-1,-1,-1
398,32,1826.08,451.87,58.13,177.36,0.812,-1,-1,-1
398,34,1205.90,455.81,56.10,190.56,0.862,-1,-1,-1
399,5,1562.08,422.86,94.74,253.75,0.880,-1,-1,-1
399,6,122.80,530.95,68.94,215.40,0.758,-1,-1,-1
399,10,1684.02,412.35,111.45,267.67,0.901,-1,-1,-1
399,23,1784.62,440.72,76.75,202.16,0.586,-1,-1,-1
399,24,18.04,502.81,92.33,247.28,0.697,-1,-1,-1
399,26,1737.72,394.70,82.81,263.94,0.723,-1,-1,-1
399,28,926.71,322.30,198.71,511.21,0.918,-1,-1,-1
399,31,628.35,318.66,196.41,530.46,0.917,-1,-1,-1
399,32,1827.76,448.05,59.42,180.86,0.773,-1,-1,-1
399,34,1205.80,456.37,57.31,189.79,0.882,-1,-1,-1
400,5,1566.72,423.81,94.78,253.05,0.873,-1,-1,-1
400,6,122.17,530.36,69.05,215.91,0.717,-1,-1,-1
400,10,1687.55,411.56,112.10,268.09,0.881,-1,-1,-1
400,22,1550.53,404.24,56.82,258.33,0.546,-1,-1,-1
400,23,1791.09,442.86,73.70,194.49,0.125,-1,-1,-1
400,24,17.74,501.47,93.11,248.46,0.730,-1,-1,-1
400,26,1743.14,395.98,81.68,262.39,0.735,-1,-1,-1
400,28,918.29,324.06,199.59,512.91,0.912,-1,-1,-1
400,31,636.96,323.66,198.42,522.53,0.914,-1,-1,-1
400,32,1828.54,445.47,60.47,183.54,0.793,-1,-1,-1
400,34,1206.75,456.31,59.13,190.10,0.886,-1,-1,-1
401,5,1569.52,424.15,94.78,252.04,0.872,-1,-1,-1
401,6,121.80,530.65,68.93,215.64,0.716,-1,-1,-1
401,10,1691.09,411.27,112.98,268.17,0.896,-1,-1,-1
401,22,1554.78,405.48,56.00,255.45,0.387,-1,-1,-1
401,24,17.24,500.81,93.59,248.88,0.784,-1,-1,-1
401,26,1750.88,396.33,81.33,261.12,0.633,-1,-1,-1
401,28,912.22,324.56,200.87,515.65,0.911,-1,-1,-1
401,31,640.22,329.01,200.88,515.51,0.928,-1,-1,-1
401,32,1827.95,443.68,61.52,185.29,0.770,-1,-1,-1
401,34,1207.44,455.77,60.44,190.41,0.852,-1,-1,-1
402,5,1572.32,423.31,93.98,249.76,0.847,-1,-1,-1
402,6,121.90,531.13,68.82,215.14,0.711,-1,-1,-1
402,10,1694.33,411.72,113.67,267.57,0.892,-1,-1,-1
402,22,1558.51,405.70,55.62,255.26,0.444,-1,-1,-1
402,24,17.17,500.12,94.05,249.54,0.679,-1,-1,-1
402,26,1763.93,397.57,81.98,258.04,0.680,-1,-1,-1
402,28,904.95,323.34,203.78,521.52,0.895,-1,-1,-1
402,31,644.73,332.01,203.26,511.49,0.920,-1,-1,-1
402,32,1829.59,444.40,61.53,184.30,0.724,-1,-1,-1
402,34,1209.43,454.76,61.57,190.81,0.872,-1,-1,-1
403,5,1574.11,422.43,93.64,249.41,0.880,-1,-1,-1
403,6,121.87,531.80,68.59,214.49,0.781,-1,-1,-1
403,10,1697.35,413.11,114.06,266.16,0.860,-1,-1,-1
403,22,1561.62,405.94,53.76,247.41,0.350,-1,-1,-1
403,24,17.35,500.12,94.25,249.56,0.627,-1,-1,-1
403,26,1772.00,399.23,82.74,255.73,0.652,-1,-1,-1
403,28,897.90,320.12,206.61,527.33,0.918,-1,-1,-1
403,31,648.92,332.42,204.97,509.99,0.916,-1,-1,-1
403,32,1832.40,447.13,60.63,181.57,0.707,-1,-1,-1
403,34,1211.95,453.79,62.31,191.27,0.867,-1,-1,-1
404,5,1576.28,422.22,93.19,249.20,0.889,-1,-1,-1
404,6,121.73,532.04,68.48,214.27,0.761,-1,-1,-1
404,10,1699.57,414.92,114.44,264.04,0.852,-1,-1,-1
404,22,1564.96,405.80,52.32,240.83,0.343,-1,-1,-1
404,24,17.34,500.09,94.41,249.38,0.653,-1,-1,-1
404,26,1776.92,400.01,84.48,254.70,0.801,-1,-1,-1
404,28,888.45,317.41,208.13,530.10,0.912,-1,-1,-1
404,31,657.14,333.55,203.99,504.94,0.913,-1,-1,-1
404,32,1835.00,448.43,60.03,180.09,0.732,-1,-1,-1
404,34,1213.78,453.26,62.45,191.23,0.851,-1,-1,-1
405,5,1578.17,419.50,93.27,251.52,0.866,-1,-1,-1
405,6,121.74,531.93,68.51,214.42,0.754,-1,-1,-1
405,10,1703.34,415.87,114.75,262.52,0.871,-1,-1,-1
405,22,1570.65,405.15,50.33,231.42,0.328,-1,-1,-1
405,24,17.37,499.90,94.69,249.50,0.692,-1,-1,-1
405,26,1772.56,400.21,84.57,254.82,0.762,-1,-1,-1
405,28,872.84,312.13,209.41,535.06,0.923,-1,-1,-1
405,31,671.68,331.79,198.40,495.41,0.913,-1,-1,-1
405,32,1837.38,448.13,59.96,179.67,0.669,-1,-1,-1
405,34,1217.37,452.54,62.02,191.45,0.812,-1,-1,-1
406,5,1581.58,420.73,91.92,249.73,0.842,-1,-1,-1
406,6,121.75,531.96,68.45,214.24,0.753,-1,-1,-1
406,10,1707.42,417.21,114.97,261.05,0.879,-1,-1,-1
406,22,1575.00,404.80,53.35,245.36,0.443,-1,-1,-1
406,24,17.32,500.54,94.76,249.03,0.726,-1,-1,-1
406,26,1775.82,400.60,86.04,254.48,0.793,-1,-1,-1
406,28,862.41,307.82,210.41,539.28,0.927,-1,-1,-1
406,31,687.99,330.65,192.97,490.19,0.897,-1,-1,-1
406,32,1839.61,450.44,58.99,176.36,0.720,-1,-1,-1
406,34,1221.54,451.72,61.25,191.77,0.839,-1,-1,-1
407,5,1589.54,421.55,91.54,247.58,0.842,-1,-1,-1
407,6,121.82,531.78,68.51,214.43,0.729,-1,-1,-1
407,10,1710.53,418.08,114.76,259.49,0.880,-1,-1,-1
407,22,1580.76,404.39,54.96,253.44,0.521,-1,-1,-1
407,24,17.36,499.99,95.07,249.47,0.704,-1,-1,-1
407,26,1773.63,400.08,86.11,255.28,0.774,-1,-1,-1
407,28,852.94,304.23,211.84,544.91,0.912,-1,-1,-1
407,31,708.09,329.95,187.36,488.28,0.842,-1,-1,-1
407,32,1842.08,449.18,58.86,176.00,0.728,-1,-1,-1
407,34,1226.37,450.83,60.97,192.68,0.822,-1,-1,-1
408,5,1597.06,422.36,91.95,246.64,0.857,-1,-1,-1
408,6,121.79,532.12,68.45,214.11,0.762,-1,-1,-1
408,10,1712.56,418.16,113.97,257.08,0.877,-1,-1,-1
408,22,1587.47,404.05,57.10,257.94,0.602,-1,-1,-1
408,24,17.38,499.75,95.19,249.35,0.702,-1,-1,-1
408,26,1773.44,399.08,86.65,256.75,0.810,-1,-1,-1
408,28,852.06,301.70,212.08,552.70,0.914,-1,-1,-1
408,31,726.38,328.91,182.35,487.59,0.811,-1,-1,-1
408,32,1843.49,447.22,59.24,177.67,0.811,-1,-1,-1
408,34,1231.09,450.16,60.84,193.93,0.852,-1,-1,-1
409,5,1603.37,422.38,92.82,246.44,0.881,-1,-1,-1
409,6,121.97,532.04,68.49,214.16,0.771,-1,-1,-1
409,10,1715.04,418.53,113.02,254.34,0.877,-1,-1,-1
409,22,1594.39,404.51,58.65,257.66,0.599,-1,-1,-1
409,24,17.36,499.67,95.34,249.33,0.707,-1,-1,-1
409,26,1775.97,398.38,86.84,255.74,0.791,-1,-1,-1
409,28,851.15,300.19,211.55,559.92,0.916,-1,-1,-1
409,31,742.96,329.45,177.42,486.21,0.803,-1,-1,-1
409,32,1848.17,452.48,57.09,171.78,0.715,-1,-1,-1
409,34,1235.24,450.38,60.51,193.99,0.846,-1,-1,-1
409,35,1680.97,473.29,48.03,111.12,0.651,-1,-1,-1
410,5,1608.06,422.54,93.65,246.35,0.865,-1,-1,-1
410,6,121.91,531.94,68.50,214.27,0.747,-1,-1,-1
410,10,1717.11,419.31,112.55,252.95,0.872,-1,-1,-1
410,22,1599.86,403.90,60.10,260.18,0.452,-1,-1,-1
410,24,17.68,499.62,95.45,249.54,0.644,-1,-1,-1
410,26,1780.68,397.60,88.07,257.26,0.852,-1,-1,-1
410,28,843.64,300.52,211.56,565.78,0.922,-1,-1,-1
410,31,760.55,331.01,173.56,483.18,0.779,-1,-1,-1
410,32,1853.16,454.44,55.93,169.42,0.678,-1,-1,-1
410,34,1241.97,450.74,60.40,193.68,0.873,-1,-1,-1
410,35,1680.86,472.96,48.78,112.83,0.647,-1,-1,-1
411,5,1610.54,423.02,94.27,245.95,0.840,-1,-1,-1
411,6,121.97,531.86,68.57,214.49,0.760,-1,-1,-1
411,10,1719.42,419.29,112.30,252.45,0.883,-1,-1,-1
411,22,1599.36,404.22,60.49,261.57,0.566,-1,-1,-1
411,24,17.47,499.65,95.68,249.91,0.624,-1,-1,-1
411,26,1786.09,397.74,88.69,256.90,0.862,-1,-1,-1
411,28,833.85,300.86,212.04,569.62,0.846,-1,-1,-1
411,31,768.17,333.58,169.93,481.06,0.671,-1,-1,-1
411,32,1856.31,455.15,55.39,168.69,0.660,-1,-1,-1
411,34,1247.47,450.95,60.98,193.61,0.867,-1,-1,-1
411,35,1681.55,472.37,48.98,113.31,0.640,-1,-1,-1
412,5,1613.15,423.91,94.39,245.24,0.872,-1,-1,-1
412,6,123.01,531.45,68.95,214.75,0.758,-1,-1,-1
412,10,1722.95,418.19,112.08,252.54,0.904,-1,-1,-1
412,22,1602.48,405.56,56.14,241.08,0.717,-1,-1,-1
412,24,22.56,499.77,94.66,249.90,0.666,-1,-1,-1
412,26,1791.79,397.21,90.10,257.14,0.841,-1,-1,-1
412,28,819.46,300.97,213.75,574.08,0.821,-1,-1,-1
412,31,769.37,337.72,165.06,474.91,0.652,-1,-1,-1
412,32,1856.03,455.60,57.83,173.99,0.761,-1,-1,-1
412,34,1254.07,450.60,62.72,193.56,0.873,-1,-1,-1
412,35,1683.46,471.27,49.66,115.18,0.541,-1,-1,-1
413,5,1616.44,424.24,93.57,242.98,0.866,-1,-1,-1
413,6,123.43,531.26,69.24,215.03,0.724,-1,-1,-1
413,10,1725.37,418.26,111.58,252.10,0.913,-1,-1,-1
413,22,1605.69,406.63,54.26,231.40,0.737,-1,-1,-1
413,24,25.92,501.46,93.25,248.51,0.611,-1,-1,-1
413,26,1795.94,397.93,90.50,254.29,0.850,-1,-1,-1
413,28,803.08,301.47,217.10,578.75,0.922,-1,-1,-1
413,31,773.43,342.28,160.77,467.26,0.400,-1,-1,-1
413,32,1856.21,457.30,58.58,174.31,0.695,-1,-1,-1
413,34,1259.37,451.42,64.61,192.65,0.873,-1,-1,-1
413,35,1682.82,461.03,54.11,125.72,0.162,-1,-1,-1
414,5,1619.80,420.88,93.79,244.82,0.883,-1,-1,-1
414,6,123.74,531.23,69.53,215.05,0.742,-1,-1,-1
414,10,1728.21,419.10,111.03,251.38,0.909,-1,-1,-1
414,22,1609.11,407.74,53.95,230.02,0.791,-1,-1,-1
414,24,23.33,500.93,93.51,249.05,0.498,-1,-1,-1
414,26,1800.01,398.91,91.37,252.61,0.834,-1,-1,-1
414,28,791.48,300.09,220.45,585.06,0.893,-1,-1,-1
414,32,1855.03,454.96,60.64,179.57,0.775,-1,-1,-1
414,34,1261.65,452.12,66.70,191.94,0.885,-1,-1,-1
415,5,1626.27,420.75,93.14,244.33,0.881,-1,-1,-1
415,6,122.54,530.92,69.45,215.31,0.774,-1,-1,-1
415,10,1732.27,418.65,111.04,251.85,0.890,-1,-1,-1
415,22,1612.25,408.98,56.07,241.00,0.816,-1,-1,-1
415,24,27.17,503.63,91.68,246.92,0.684,-1,-1,-1
415,26,1803.79,400.57,91.50,249.80,0.858,-1,-1,-1
415,28,777.66,297.69,224.09,590.28,0.928,-1,-1,-1
415,32,1858.05,452.88,60.20,178.01,0.704,-1,-1,-1
415,34,1263.12,452.59,68.92,191.78,0.888,-1,-1,-1
416,5,1633.32,420.34,92.93,244.04,0.868,-1,-1,-1
416,6,121.91,531.21,69.28,215.10,0.780,-1,-1,-1
416,10,1737.11,420.26,110.59,250.17,0.873,-1,-1,-1
416,22,1616.14,409.12,56.98,246.07,0.747,-1,-1,-1
416,24,31.62,507.51,88.97,242.91,0.696,-1,-1,-1
416,26,1806.21,401.95,91.49,247.42,0.851,-1,-1,-1
416,28,766.18,294.40,227.28,595.38,0.899,-1,-1,-1
416,32,1862.01,451.65,59.07,175.71,0.750,-1,-1,-1
416,34,1263.20,451.83,71.55,192.94,0.891,-1,-1,-1
417,5,1639.73,420.18,92.86,242.65,0.834,-1,-1,-1
417,6,121.68,529.89,69.63,216.58,0.767,-1,-1,-1
417,10,1740.83,422.95,109.22,247.30,0.889,-1,-1,-1
417,22,1621.32,408.74,57.67,249.67,0.623,-1,-1,-1
417,24,31.20,505.39,88.94,244.88,0.631,-1,-1,-1
417,26,1810.24,402.79,91.85,246.32,0.856,-1,-1,-1
417,28,753.21,288.92,231.00,601.31,0.925,-1,-1,-1
417,32,1864.55,450.28,58.25,174.62,0.772,-1,-1,-1
417,34,1264.78,451.25,73.80,193.81,0.872,-1,-1,-1
418,5,1641.04,419.79,94.75,243.16,0.833,-1,-1,-1
418,6,121.77,530.27,69.40,215.92,0.711,-1,-1,-1
418,10,1744.02,423.13,108.74,247.03,0.882,-1,-1,-1
418,22,1625.92,408.58,56.54,244.65,0.465,-1,-1,-1
418,24,30.60,503.59,89.01,246.47,0.527,-1,-1,-1
418,26,1812.56,402.78,92.25,246.90,0.824,-1,-1,-1
418,28,742.80,283.78,234.55,608.25,0.918,-1,-1,-1
418,31,897.33,473.32,107.39,314.79,0.728,-1,-1,-1
418,32,1865.71,448.26,57.99,175.26,0.763,-1,-1,-1
418,34,1265.77,450.84,75.46,194.50,0.856,-1,-1,-1
419,5,1643.85,419.83,96.40,242.40,0.876,-1,-1,-1
419,6,121.92,531.17,69.10,215.01,0.727,-1,-1,-1
419,10,1747.69,422.62,108.69,247.05,0.891,-1,-1,-1
419,22,1632.76,407.85,50.92,217.56,0.570,-1,-1,-1
419,24,32.51,502.86,88.54,247.27,0.475,-1,-1,-1
419,26,1814.98,402.74,92.25,246.50,0.812,-1,-1,-1
419,28,734.10,280.26,235.48,610.18,0.917,-1,-1,-1
419,31,894.35,375.84,134.83,409.04,0.818,-1,-1,-1
419,32,1867.01,446.99,57.39,175.39,0.775,-1,-1,-1
419,34,1266.87,450.92,76.52,194.30,0.856,-1,-1,-1
420,5,1650.43,421.80,96.52,239.62,0.836,-1,-1,-1
420,6,121.91,531.14,68.94,214.62,0.720,-1,-1,-1
420,10,1752.15,422.59,107.85,244.84,0.897,-1,-1,-1
420,22,1638.51,406.77,47.96,203.11,0.332,-1,-1,-1
420,24,31.59,502.78,88.26,247.46,0.456,-1,-1,-1
420,26,1818.56,402.71,91.48,245.67,0.843,-1,-1,-1
420,28,723.43,276.27,236.67,614.52,0.918,-1,-1,-1
420,31,902.61,357.34,136.68,426.57,0.863,-1,-1,-1
420,32,1870.30,448.22,56.00,173.73,0.670,-1,-1,-1
420,34,1275.08,450.22,76.05,194.97,0.730,-1,-1,-1
421,5,1658.64,423.59,96.74,238.26,0.867,-1,-1,-1
421,6,121.90,530.69,68.96,214.69,0.604,-1,-1,-1
421,10,1756.39,421.14,108.01,244.20,0.889,-1,-1,-1
421,22,1638.11,405.14,54.79,231.90,0.704,-1,-1,-1
421,24,33.21,502.52,87.71,247.65,0.350,-1,-1,-1
421,26,1821.51,401.90,91.03,246.52,0.849,-1,-1,-1
421,28,712.10,274.26,238.51,620.35,0.914,-1,-1,-1
421,31,909.89,348.19,136.39,435.30,0.875,-1,-1,-1
421,32,1873.79,449.08,54.35,171.90,0.685,-1,-1,-1
421,34,1276.05,449.51,76.17,195.51,0.779,-1,-1,-1
422,5,1664.08,424.79,96.84,237.63,0.857,-1,-1,-1
422,6,121.57,530.64,69.02,215.03,0.821,-1,-1,-1
422,10,1750.00,422.46,99.95,230.01,0.536,-1,-1,-1
422,22,1645.03,404.82,48.90,202.12,0.644,-1,-1,-1
422,23,1823.89,400.14,91.32,247.32,0.811,-1,-1,-1
422,24,33.63,502.03,87.00,248.09,0.608,-1,-1,-1
422,26,1795.60,412.14,91.61,245.87,0.867,-1,-1,-1
422,28,694.74,275.54,240.20,623.47,0.924,-1,-1,-1
422,31,918.38,345.32,135.33,437.55,0.897,-1,-1,-1
422,32,1877.76,448.58,53.05,171.62,0.596,-1,-1,-1
422,34,1280.84,448.40,75.38,196.68,0.846,-1,-1,-1
423,5,1667.67,425.57,96.87,237.15,0.861,-1,-1,-1
423,6,121.46,530.59,69.00,215.23,0.805,-1,-1,-1
423,22,1649.89,405.01,44.77,180.77,0.661,-1,-1,-1
423,23,1826.11,398.30,89.96,249.43,0.816,-1,-1,-1
423,24,34.96,501.67,86.37,248.38,0.383,-1,-1,-1
423,26,1785.41,416.40,92.48,246.27,0.864,-1,-1,-1
423,28,675.44,274.48,244.57,629.57,0.923,-1,-1,-1
423,31,927.10,346.17,135.94,436.65,0.900,-1,-1,-1
423,32,1880.87,448.08,51.74,172.17,0.653,-1,-1,-1
423,34,1286.22,448.62,73.75,196.20,0.834,-1,-1,-1
424,5,1671.59,426.12,96.71,236.51,0.858,-1,-1,-1
424,6,121.45,530.86,68.93,215.34,0.837,-1,-1,-1
424,10,1744.10,423.03,92.43,216.52,0.517,-1,-1,-1
424,22,1653.79,405.25,43.08,172.11,0.256,-1,-1,-1
424,23,1828.28,397.45,88.61,251.13,0.840,-1,-1,-1
424,24,36.26,501.70,85.52,248.27,0.441,-1,-1,-1
424,26,1783.08,419.02,93.08,245.52,0.880,-1,-1,-1
424,28,659.25,275.14,248.85,634.13,0.931,-1,-1,-1
424,31,936.94,348.43,138.41,434.08,0.915,-1,-1,-1
424,32,1883.29,447.54,50.69,173.05,0.570,-1,-1,-1
424,34,1291.73,448.43,72.55,196.34,0.834,-1,-1,-1
425,5,1675.49,426.83,96.02,234.62,0.863,-1,-1,-1
425,6,121.52,530.63,68.86,215.59,0.808,-1,-1,-1
425,10,1744.23,424.39,88.45,210.97,0.621,-1,-1,-1
425,22,1651.90,406.80,53.11,212.81,0.587,-1,-1,-1
425,23,1831.42,397.71,86.58,250.48,0.837,-1,-1,-1
425,24,37.60,502.10,84.76,248.03,0.268,-1,-1,-1
425,26,1784.59,420.26,93.97,245.35,0.836,-1,-1,-1
425,28,650.19,276.91,252.47,637.82,0.934,-1,-1,-1
425,31,950.48,352.30,141.29,430.35,0.925,-1,-1,-1
425,34,1298.19,448.66,71.71,196.08,0.874,-1,-1,-1
426,5,1678.57,426.14,95.07,232.95,0.850,-1,-1,-1
426,6,118.46,507.82,75.21,237.66,0.558,-1,-1,-1
426,10,1745.60,426.38,85.11,207.35,0.740,-1,-1,-1
426,22,1652.20,407.95,57.33,231.38,0.794,-1,-1,-1
426,23,1833.71,397.68,85.05,249.98,0.822,-1,-1,-1
426,24,38.41,502.00,84.16,248.58,0.360,-1,-1,-1
426,26,1787.07,421.01,94.67,245.06,0.831,-1,-1,-1
426,28,644.68,277.32,255.97,641.56,0.931,-1,-1,-1
426,31,958.11,355.02,144.02,426.79,0.919,-1,-1,-1
426,34,1302.97,448.63,71.12,196.19,0.885,-1,-1,-1
427,5,1680.76,425.23,94.13,232.31,0.846,-1,-1,-1
427,6,119.53,516.29,72.55,229.40,0.603,-1,-1,-1
427,10,1747.52,428.56,82.13,204.12,0.737,-1,-1,-1
427,22,1654.69,408.86,59.24,239.85,0.790,-1,-1,-1
427,23,1837.51,398.50,83.79,248.61,0.835,-1,-1,-1
427,24,38.94,501.38,83.52,249.07,0.472,-1,-1,-1
427,26,1789.83,421.84,95.50,243.50,0.839,-1,-1,-1
427,28,638.79,275.74,260.38,649.11,0.924,-1,-1,-1
427,31,960.12,358.43,145.94,422.23,0.918,-1,-1,-1
427,34,1309.01,448.05,71.19,196.71,0.883,-1,-1,-1
428,5,1682.77,424.54,93.40,232.68,0.845,-1,-1,-1
428,6,120.67,523.06,70.41,222.91,0.741,-1,-1,-1
428,10,1750.45,430.46,79.64,201.87,0.747,-1,-1,-1
428,22,1658.06,409.68,59.96,243.52,0.747,-1,-1,-1
428,23,1840.95,399.42,82.29,246.65,0.813,-1,-1,-1
428,24,38.39,501.65,82.71,248.66,0.448,-1,-1,-1
428,26,1791.79,423.33,96.15,241.84,0.864,-1,-1,-1
428,28,627.76,271.86,264.76,658.03,0.925,-1,-1,-1
428,31,962.53,361.74,147.38,417.83,0.909,-1,-1,-1
428,34,1314.58,446.16,72.47,199.28,0.857,-1,-1,-1
429,5,1685.48,423.95,92.41,232.43,0.850,-1,-1,-1
429,6,120.90,526.69,69.20,219.50,0.771,-1,-1,-1
429,10,1753.62,432.03,76.95,198.77,0.790,-1,-1,-1
429,22,1660.82,410.84,60.56,246.00,0.751,-1,-1,-1
429,23,1843.98,401.30,80.29,243.01,0.792,-1,-1,-1
429,24,37.77,500.69,82.20,249.51,0.585,-1,-1,-1
429,26,1793.47,423.95,97.01,241.05,0.883,-1,-1,-1
429,28,615.25,268.22,267.98,663.83,0.919,-1,-1,-1
429,31,965.29,362.95,148.55,414.70,0.910,-1,-1,-1
429,34,1318.68,447.73,72.75,198.06,0.866,-1,-1,-1
429,36,1163.79,475.26,42.73,165.20,0.710,-1,-1,-1
430,5,1689.48,424.52,91.46,230.41,0.856,-1,-1,-1
430,6,121.45,529.12,68.53,217.17,0.825,-1,-1,-1
430,10,1757.03,433.06,75.21,197.46,0.810,-1,-1,-1
430,22,1667.60,411.37,61.96,246.69,0.743,-1,-1,-1
430,23,1846.61,403.15,78.36,240.37,0.848,-1,-1,-1
430,24,39.87,503.72,80.49,246.91,0.464,-1,-1,-1
430,26,1796.07,425.09,97.65,239.81,0.890,-1,-1,-1
430,28,592.90,261.94,270.49,670.98,0.912,-1,-1,-1
430,31,971.64,363.16,147.40,409.99,0.910,-1,-1,-1
430,34,1322.84,450.05,73.38,195.64,0.887,-1,-1,-1
430,36,1167.42,475.83,42.79,164.80,0.786,-1,-1,-1
431,5,1694.93,425.01,91.71,229.55,0.873,-1,-1,-1
431,6,122.00,530.54,68.12,215.68,0.633,-1,-1,-1
431,10,1759.27,433.01,74.27,197.99,0.835,-1,-1,-1
431,22,1670.13,411.40,61.74,245.20,0.660,-1,-1,-1
431,23,1849.10,404.39,76.75,239.14,0.848,-1,-1,-1
431,24,40.60,502.76,79.93,247.61,0.433,-1,-1,-1
431,26,1798.32,425.28,98.26,239.18,0.887,-1,-1,-1
431,28,574.20,256.66,271.43,677.17,0.926,-1,-1,-1
431,31,979.47,362.06,145.09,404.50,0.890,-1,-1,-1
431,34,1324.68,450.78,74.54,195.07,0.885,-1,-1,-1
431,36,1171.17,476.61,43.05,164.44,0.807,-1,-1,-1
432,5,1700.69,426.12,92.07,228.85,0.882,-1,-1,-1
432,6,122.10,530.44,68.07,215.61,0.716,-1,-1,-1
432,10,1761.78,432.59,73.27,198.41,0.837,-1,-1,-1
432,22,1672.49,411.46,61.82,244.98,0.719,-1,-1,-1
432,23,1851.37,405.25,75.22,238.43,0.843,-1,-1,-1
432,24,41.72,501.83,79.37,248.18,0.351,-1,-1,-1
432,26,1801.40,425.24,98.44,237.44,0.898,-1,-1,-1
432,28,558.20,251.65,271.87,680.03,0.924,-1,-1,-1
432,31,989.91,361.70,142.94,400.89,0.866,-1,-1,-1
432,34,1325.47,450.82,75.91,195.27,0.889,-1,-1,-1
432,36,1175.09,477.30,43.43,163.92,0.775,-1,-1,-1
433,5,1706.47,427.49,92.19,227.47,0.882,-1,-1,-1
433,6,122.12,530.48,68.03,215.43,0.759,-1,-1,-1
433,10,1765.30,432.06,72.37,198.35,0.802,-1,-1,-1
433,22,1678.36,411.09,56.10,217.70,0.542,-1,-1,-1
433,23,1853.98,404.94,73.62,237.73,0.813,-1,-1,-1
433,24,40.70,498.86,79.80,251.08,0.389,-1,-1,-1
433,26,1805.36,425.17,97.88,234.65,0.878,-1,-1,-1
433,28,540.76,247.24,276.25,693.84,0.917,-1,-1,-1
433,31,1006.00,360.53,140.59,400.40,0.892,-1,-1,-1
433,34,1327.70,450.84,76.59,195.06,0.891,-1,-1,-1
433,36,1180.60,477.90,43.96,162.99,0.801,-1,-1,-1
434,5,1710.88,427.85,92.46,227.21,0.869,-1,-1,-1
434,6,122.20,531.53,67.78,214.59,0.703,-1,-1,-1
434,10,1768.45,431.49,71.13,197.28,0.812,-1,-1,-1
434,22,1683.64,410.75,52.84,202.04,0.407,-1,-1,-1
434,23,1856.36,404.78,71.82,236.64,0.825,-1,-1,-1
434,24,40.62,497.05,79.92,253.03,0.247,-1,-1,-1
434,26,1807.73,423.42,97.95,234.63,0.902,-1,-1,-1
434,28,526.57,245.00,279.93,705.69,0.864,-1,-1,-1
434,31,1019.59,360.14,138.17,399.77,0.889,-1,-1,-1
434,34,1330.04,450.76,76.83,194.91,0.891,-1,-1,-1
434,36,1183.65,477.61,45.15,163.50,0.841,-1,-1,-1
435,5,1715.49,428.88,91.38,224.51,0.878,-1,-1,-1
435,6,122.06,531.97,67.62,213.97,0.757,-1,-1,-1
435,10,1772.71,430.18,70.12,197.59,0.832,-1,-1,-1
435,22,1683.72,409.50,60.45,229.19,0.788,-1,-1,-1
435,23,1857.03,404.45,73.46,248.07,0.786,-1,-1,-1
435,24,39.81,498.29,79.19,251.75,0.405,-1,-1,-1
435,26,1812.27,422.60,98.05,234.85,0.892,-1,-1,-1
435,28,510.10,243.52,282.94,715.50,0.919,-1,-1,-1
435,31,1032.46,360.26,135.87,398.83,0.882,-1,-1,-1
435,34,1335.08,450.51,75.99,194.63,0.866,-1,-1,-1
435,36,1187.23,477.10,45.93,163.62,0.807,-1,-1,-1
436,5,1718.60,428.81,91.16,224.83,0.887,-1,-1,-1
436,6,122.17,532.14,67.66,213.85,0.748,-1,-1,-1
436,10,1776.56,429.48,69.20,198.52,0.819,-1,-1,-1
436,22,1686.65,409.42,60.55,226.42,0.800,-1,-1,-1
436,23,1860.42,404.04,70.13,241.59,0.751,-1,-1,-1
436,24,40.31,499.83,78.22,250.32,0.519,-1,-1,-1
436,26,1815.40,422.67,97.71,234.59,0.887,-1,-1,-1
436,28,495.80,242.37,284.88,722.42,0.917,-1,-1,-1
436,31,1043.01,362.02,133.24,396.28,0.877,-1,-1,-1
436,34,1338.65,450.24,75.20,194.68,0.840,-1,-1,-1
436,36,1190.46,476.34,46.71,164.67,0.755,-1,-1,-1
437,5,1720.70,427.24,90.97,225.94,0.874,-1,-1,-1
437,6,122.06,532.15,67.69,213.89,0.730,-1,-1,-1
437,10,1780.37,428.71,68.16,198.84,0.778,-1,-1,-1
437,22,1689.02,409.80,62.02,229.97,0.774,-1,-1,-1
437,23,1861.84,403.57,70.42,248.41,0.724,-1,-1,-1
437,24,40.98,501.05,77.39,248.91,0.375,-1,-1,-1
437,26,1818.24,423.25,97.32,233.82,0.879,-1,-1,-1
437,28,481.38,242.43,287.04,727.43,0.918,-1,-1,-1
437,31,1051.18,363.82,131.29,394.33,0.881,-1,-1,-1
437,34,1343.57,449.91,73.87,195.08,0.837,-1,-1,-1
437,36,1194.28,475.50,47.10,165.54,0.677,-1,-1,-1
438,5,1723.46,426.18,90.07,225.99,0.862,-1,-1,-1
438,6,121.72,532.27,67.74,213.92,0.710,-1,-1,-1
438,10,1782.02,428.51,66.66,198.88,0.737,-1,-1,-1
438,22,1691.90,410.08,63.43,233.85,0.821,-1,-1,-1
438,23,1860.64,404.80,71.99,256.91,0.490,-1,-1,-1
438,24,41.53,500.45,77.03,249.48,0.414,-1,-1,-1
438,26,1820.44,423.49,97.74,234.71,0.847,-1,-1,-1
438,28,461.06,242.84,292.51,740.24,0.927,-1,-1,-1
438,31,1060.50,366.88,129.30,390.96,0.896,-1,-1,-1
438,34,1349.11,449.73,72.50,195.28,0.847,-1,-1,-1
438,36,1197.90,473.94,47.42,166.99,0.653,-1,-1,-1
439,5,1725.38,426.01,89.11,226.10,0.869,-1,-1,-1
439,6,121.75,532.39,67.71,213.85,0.786,-1,-1,-1
439,10,1784.43,429.10,64.71,198.38,0.765,-1,-1,-1
439,22,1694.86,410.66,64.39,237.16,0.854,-1,-1,-1
439,23,1860.83,410.80,71.43,256.57,0.281,-1,-1,-1
439,24,41.97,499.92,76.72,249.97,0.394,-1,-1,-1
439,26,1821.34,424.28,97.73,235.76,0.831,-1,-1,-1
439,28,445.16,242.28,296.76,750.33,0.926,-1,-1,-1
439,31,1067.41,369.40,128.10,387.62,0.892,-1,-1,-1
439,34,1353.97,449.63,71.44,195.73,0.845,-1,-1,-1
439,36,1201.82,472.48,47.61,167.97,0.666,-1,-1,-1
440,5,1730.18,425.81,88.33,225.79,0.857,-1,-1,-1
440,6,121.76,531.94,67.89,214.43,0.658,-1,-1,-1
440,10,1789.24,430.19,62.65,197.34,0.756,-1,-1,-1
440,22,1698.26,412.60,64.36,237.18,0.842,-1,-1,-1
440,23,1858.41,402.67,74.09,270.14,0.571,-1,-1,-1
440,24,-11.41,346.84,153.75,525.05,0.831,-1,-1,-1
440,26,1818.93,425.63,96.13,235.36,0.738,-1,-1,-1
440,28,427.07,238.18,301.17,759.63,0.928,-1,-1,-1
440,31,1074.98,372.27,128.08,383.94,0.907,-1,-1,-1
440,34,1358.76,449.45,70.71,196.24,0.850,-1,-1,-1
440,36,1206.37,471.42,47.69,169.04,0.598,-1,-1,-1
441,5,1735.41,425.37,88.12,226.22,0.876,-1,-1,-1
441,6,121.77,532.06,67.87,214.33,0.649,-1,-1,-1
441,10,1793.26,431.55,60.68,195.91,0.755,-1,-1,-1
441,22,1701.15,414.73,63.99,235.65,0.819,-1,-1,-1
441,23,1857.30,394.98,75.12,281.08,0.776,-1,-1,-1
441,24,-13.76,301.67,173.69,605.78,0.937,-1,-1,-1
441,26,1816.73,426.41,93.02,233.49,0.817,-1,-1,-1
441,28,409.11,234.46,304.60,766.78,0.925,-1,-1,-1
441,31,1079.71,374.37,128.29,380.91,0.907,-1,-1,-1
441,34,1364.30,449.51,70.27,196.40,0.856,-1,-1,-1
441,36,1210.94,470.50,47.47,168.43,0.671,-1,-1,-1
442,5,1739.27,424.52,88.17,226.86,0.858,-1,-1,-1
442,6,121.77,532.28,67.80,214.07,0.657,-1,-1,-1
442,10,1797.10,432.47,58.77,193.79,0.727,-1,-1,-1
442,22,1704.20,415.01,64.06,235.48,0.745,-1,-1,-1
442,23,1856.85,390.20,74.67,287.00,0.829,-1,-1,-1
442,24,-5.45,278.24,187.47,646.61,0.917,-1,-1,-1
442,26,1816.53,428.18,89.76,231.10,0.786,-1,-1,-1
442,28,393.59,228.75,306.69,772.11,0.926,-1,-1,-1
442,31,1082.43,374.28,129.17,380.50,0.895,-1,-1,-1
442,34,1370.83,449.83,70.73,196.81,0.875,-1,-1,-1
442,36,1215.19,470.28,47.86,169.28,0.696,-1,-1,-1
443,5,1744.09,425.89,87.44,225.63,0.864,-1,-1,-1
443,6,122.06,532.37,67.77,213.78,0.476,-1,-1,-1
443,10,1802.00,433.14,57.86,192.75,0.638,-1,-1,-1
443,22,1710.16,414.14,64.82,235.51,0.794,-1,-1,-1
443,23,1856.10,388.98,74.03,289.47,0.761,-1,-1,-1
443,24,10.07,269.35,199.76,661.74,0.931,-1,-1,-1
443,26,1817.33,430.12,87.20,230.13,0.689,-1,-1,-1
443,28,376.02,221.34,309.01,779.04,0.937,-1,-1,-1
443,31,1093.87,373.14,126.73,375.46,0.851,-1,-1,-1
443,34,1377.98,449.92,71.84,196.32,0.887,-1,-1,-1
443,36,1222.52,470.55,48.09,168.50,0.658,-1,-1,-1
444,5,1748.56,427.38,86.60,223.92,0.858,-1,-1,-1
444,6,122.17,529.51,68.52,216.10,0.411,-1,-1,-1
444,10,1806.16,433.98,57.58,192.76,0.768,-1,-1,-1
444,22,1711.22,410.57,65.45,238.77,0.786,-1,-1,-1
444,23,1848.86,388.92,74.63,290.32,0.834,-1,-1,-1
444,24,20.05,268.46,208.84,662.88,0.931,-1,-1,-1
444,28,359.25,214.23,311.19,786.02,0.924,-1,-1,-1
444,31,1106.17,372.66,123.89,371.03,0.868,-1,-1,-1
444,34,1381.52,450.52,72.98,195.43,0.885,-1,-1,-1
444,36,1229.05,471.12,48.82,168.35,0.666,-1,-1,-1
445,5,1752.64,428.77,85.49,221.84,0.845,-1,-1,-1
445,10,1807.57,434.27,56.47,192.31,0.569,-1,-1,-1
445,22,1713.84,410.87,64.73,237.70,0.804,-1,-1,-1
445,23,1842.18,388.13,75.91,290.94,0.855,-1,-1,-1
445,24,24.88,270.91,217.31,663.17,0.936,-1,-1,-1
445,28,340.38,208.67,313.16,791.91,0.926,-1,-1,-1
445,31,1117.13,371.26,122.35,369.94,0.877,-1,-1,-1
445,34,1384.23,450.96,74.68,195.00,0.896,-1,-1,-1
445,36,1236.41,471.70,50.14,167.48,0.779,-1,-1,-1
445,37,1681.11,473.40,46.94,113.06,0.752,-1,-1,-1
446,5,1756.64,429.78,84.76,221.01,0.851,-1,-1,-1
446,10,1806.79,433.73,57.28,196.75,0.109,-1,-1,-1
446,22,1718.13,411.89,64.42,236.33,0.789,-1,-1,-1
446,23,1837.86,388.40,76.83,289.30,0.849,-1,-1,-1
446,24,26.58,273.45,224.71,661.83,0.941,-1,-1,-1
446,28,323.61,204.97,315.09,797.63,0.920,-1,-1,-1
446,31,1128.36,370.81,120.45,368.80,0.900,-1,-1,-1
446,34,1385.13,451.71,76.33,194.44,0.896,-1,-1,-1
446,36,1240.64,472.32,51.33,167.54,0.759,-1,-1,-1
446,37,1680.97,472.98,47.21,113.59,0.775,-1,-1,-1
447,5,1758.44,430.58,83.41,219.12,0.842,-1,-1,-1
447,22,1721.80,412.43,63.71,233.23,0.804,-1,-1,-1
447,23,1849.70,384.43,74.93,289.92,0.643,-1,-1,-1
447,24,26.25,275.69,231.31,660.88,0.937,-1,-1,-1
447,26,1812.67,399.26,104.35,275.05,0.862,-1,-1,-1
447,28,305.95,203.12,318.03,804.41,0.922,-1,-1,-1
447,31,1136.65,369.24,119.82,370.94,0.884,-1,-1,-1
447,34,1385.57,452.56,77.81,193.58,0.886,-1,-1,-1
447,36,1244.82,472.43,52.09,167.24,0.697,-1,-1,-1
447,37,1680.81,472.76,47.26,113.63,0.790,-1,-1,-1
448,5,1758.97,431.29,81.38,217.07,0.805,-1,-1,-1
448,22,1725.00,411.81,63.84,232.49,0.821,-1,-1,-1
448,23,1855.86,381.62,71.69,282.07,0.614,-1,-1,-1
448,24,26.13,275.38,235.65,655.95,0.917,-1,-1,-1
448,26,1801.23,394.94,110.19,282.12,0.901,-1,-1,-1
448,28,267.92,201.94,326.66,812.54,0.916,-1,-1,-1
448,31,1146.86,369.62,118.30,369.46,0.888,-1,-1,-1
448,34,1385.53,452.64,79.43,193.92,0.870,-1,-1,-1
448,36,1248.00,471.79,52.19,166.98,0.508,-1,-1,-1
448,37,1680.91,472.81,47.28,113.48,0.787,-1,-1,-1
449,5,1760.87,431.66,79.96,216.01,0.673,-1,-1,-1
449,22,1727.08,410.90,64.18,232.33,0.828,-1,-1,-1
449,23,1858.43,380.62,70.69,283.04,0.682,-1,-1,-1
449,24,24.67,275.71,240.46,654.20,0.925,-1,-1,-1
449,26,1791.78,393.93,115.28,284.86,0.916,-1,-1,-1
449,28,240.24,201.60,336.89,821.07,0.910,-1,-1,-1
449,31,1155.80,370.32,117.50,369.05,0.875,-1,-1,-1
449,34,1386.50,452.06,80.74,194.69,0.872,-1,-1,-1
449,36,1251.83,471.00,46.70,147.66,0.465,-1,-1,-1
449,37,1681.44,472.92,47.45,113.63,0.788,-1,-1,-1
450,5,1764.46,430.96,79.41,215.12,0.168,-1,-1,-1
450,22,1729.37,411.17,64.62,230.75,0.842,-1,-1,-1
450,23,1857.12,381.39,69.60,281.68,0.776,-1,-1,-1
450,24,22.03,275.52,246.48,658.10,0.931,-1,-1,-1
450,26,1785.52,396.82,118.06,281.46,0.899,-1,-1,-1
450,28,218.77,201.54,349.36,834.42,0.909,-1,-1,-1
450,31,1169.57,373.77,118.03,365.23,0.891,-1,-1,-1
450,34,1389.99,452.11,80.96,194.87,0.866,-1,-1,-1
450,36,1256.72,469.96,42.91,135.12,0.462,-1,-1,-1
450,37,1681.62,473.14,47.67,113.85,0.773,-1,-1,-1
451,22,1729.94,411.88,65.06,228.78,0.850,-1,-1,-1
451,23,1854.97,383.41,68.30,276.49,0.747,-1,-1,-1
451,24,19.84,275.02,248.32,652.44,0.910,-1,-1,-1
451,26,1780.22,396.24,121.95,281.18,0.907,-1,-1,-1
451,28,203.20,201.66,360.41,843.58,0.921,-1,-1,-1
451,31,1181.02,375.79,119.94,361.79,0.898,-1,-1,-1
451,34,1392.72,451.82,80.71,194.76,0.877,-1,-1,-1
451,36,1260.94,468.50,40.80,128.03,0.333,-1,-1,-1
451,37,1681.77,473.65,47.60,113.34,0.764,-1,-1,-1
452,22,1729.68,412.40,65.63,228.58,0.843,-1,-1,-1
452,23,1852.56,384.10,68.50,276.66,0.606,-1,-1,-1
452,24,19.21,276.26,246.60,643.23,0.903,-1,-1,-1
452,26,1776.42,396.63,125.19,281.48,0.875,-1,-1,-1
452,28,191.81,201.35,370.75,854.05,0.920,-1,-1,-1
452,31,1188.39,378.93,122.61,357.62,0.913,-1,-1,-1
452,34,1396.55,451.25,80.43,195.58,0.795,-1,-1,-1
452,36,1265.00,467.26,39.15,122.67,0.334,-1,-1,-1
452,37,1681.57,473.91,47.45,112.75,0.757,-1,-1,-1
453,10,1828.20,393.53,79.18,266.06,0.748,-1,-1,-1
453,22,1728.44,413.42,65.73,228.00,0.829,-1,-1,-1
453,23,1868.04,403.47,55.36,227.39,0.584,-1,-1,-1
453,24,30.36,275.72,242.95,639.98,0.882,-1,-1,-1
453,26,1768.43,397.18,126.47,281.69,0.883,-1,-1,-1
453,28,177.27,196.36,378.94,866.48,0.896,-1,-1,-1
453,31,1191.52,382.15,125.19,353.78,0.917,-1,-1,-1
453,34,1403.65,451.06,78.97,195.54,0.813,-1,-1,-1
453,36,1273.22,465.97,35.21,109.01,0.124,-1,-1,-1
453,37,1681.19,473.97,47.43,112.47,0.761,-1,-1,-1
454,10,1826.52,389.92,83.51,272.87,0.755,-1,-1,-1
454,22,1728.47,415.16,64.88,225.20,0.715,-1,-1,-1
454,23,1878.39,418.36,46.72,195.59,0.678,-1,-1,-1
454,24,43.91,274.82,238.74,638.54,0.816,-1,-1,-1
454,26,1761.10,398.22,125.81,280.15,0.831,-1,-1,-1
454,28,163.34,189.43,385.03,876.61,0.887,-1,-1,-1
454,31,1192.70,384.10,127.98,351.70,0.917,-1,-1,-1
454,34,1409.86,451.16,77.26,195.27,0.859,-1,-1,-1
454,36,1280.21,464.89,30.71,94.12,0.188,-1,-1,-1
454,37,1680.97,473.92,47.44,112.28,0.765,-1,-1,-1
455,10,1826.60,389.33,86.35,276.49,0.785,-1,-1,-1
455,23,1879.82,425.98,45.03,191.56,0.760,-1,-1,-1
455,24,62.28,275.16,233.90,636.13,0.784,-1,-1,-1
455,26,1742.79,398.79,124.53,277.63,0.828,-1,-1,-1
455,28,136.49,179.64,389.90,890.26,0.869,-1,-1,-1
455,31,1196.20,384.86,129.91,350.38,0.907,-1,-1,-1
455,34,1414.96,450.19,76.03,196.47,0.858,-1,-1,-1
455,37,1681.27,473.90,47.57,112.29,0.755,-1,-1,-1
456,10,1822.77,390.75,89.85,279.52,0.833,-1,-1,-1
456,23,1875.14,428.29,50.83,220.29,0.759,-1,-1,-1
456,24,64.23,272.34,233.76,640.68,0.402,-1,-1,-1
456,26,1732.11,397.76,123.62,277.60,0.848,-1,-1,-1
456,28,99.96,171.25,390.35,894.30,0.901,-1,-1,-1
456,31,1201.24,384.20,130.82,349.87,0.897,-1,-1,-1
456,34,1421.85,449.27,75.57,197.40,0.885,-1,-1,-1
456,37,1681.09,473.50,47.71,112.32,0.765,-1,-1,-1
457,10,1818.56,390.36,93.54,282.75,0.846,-1,-1,-1
457,23,1872.34,429.67,52.35,228.92,0.746,-1,-1,-1
457,26,1723.75,397.53,121.51,277.67,0.836,-1,-1,-1
457,28,65.12,165.38,387.33,893.67,0.916,-1,-1,-1
457,31,1206.82,383.17,130.31,346.68,0.903,-1,-1,-1
457,34,1428.65,449.09,75.17,197.28,0.893,-1,-1,-1
457,37,1680.99,473.26,47.91,112.58,0.767,-1,-1,-1
458,5,1802.75,393.76,104.11,277.74,0.906,-1,-1,-1
458,10,1827.83,406.57,79.58,244.95,0.554,-1,-1,-1
458,23,1872.16,429.69,50.12,219.74,0.811,-1,-1,-1
458,26,1714.42,398.23,119.02,277.58,0.833,-1,-1,-1
458,28,28.63,158.41,392.77,910.52,0.904,-1,-1,-1
458,31,1220.06,381.27,129.70,345.98,0.905,-1,-1,-1
458,34,1435.01,449.46,75.55,197.45,0.874,-1,-1,-1
458,37,1681.00,473.67,48.18,112.96,0.761,-1,-1,-1
459,5,1800.42,391.84,105.33,279.90,0.869,-1,-1,-1
459,10,1833.44,422.28,68.12,213.66,0.638,-1,-1,-1
459,23,1872.87,428.94,49.05,216.70,0.814,-1,-1,-1
459,26,1706.52,398.57,117.09,277.49,0.832,-1,-1,-1
459,28,1.89,154.40,395.75,919.55,0.890,-1,-1,-1
459,31,1231.58,379.92,128.28,345.41,0.891,-1,-1,-1
459,34,1439.44,449.24,76.43,197.81,0.891,-1,-1,-1
459,37,1680.19,473.77,48.32,113.35,0.744,-1,-1,-1
460,5,1790.78,390.06,105.44,281.53,0.754,-1,-1,-1
460,10,1832.22,429.41,63.32,202.44,0.738,-1,-1,-1
460,23,1874.18,428.16,48.35,216.25,0.826,-1,-1,-1
460,26,1694.54,399.83,116.50,275.94,0.910,-1,-1,-1
460,28,-15.09,152.03,393.94,921.30,0.927,-1,-1,-1
460,31,1241.97,376.74,127.85,347.72,0.875,-1,-1,-1
460,34,1442.61,450.09,77.20,196.97,0.895,-1,-1,-1
460,37,1678.01,473.57,47.93,113.35,0.688,-1,-1,-1
461,5,1777.89,389.68,103.87,281.40,0.805,-1,-1,-1
461,10,1828.96,431.92,62.71,203.65,0.796,-1,-1,-1
461,23,1875.56,428.17,47.53,215.56,0.818,-1,-1,-1
461,26,1683.12,401.68,117.35,274.25,0.895,-1,-1,-1
461,28,-26.58,148.94,390.66,926.45,0.915,-1,-1,-1
461,31,1249.20,375.60,127.26,348.66,0.878,-1,-1,-1
461,34,1444.44,450.77,78.27,196.43,0.899,-1,-1,-1
461,37,1676.28,473.48,47.78,113.36,0.386,-1,-1,-1
462,5,1767.97,389.21,101.79,281.74,0.783,-1,-1,-1
462,10,1827.34,432.05,62.54,205.69,0.837,-1,-1,-1
462,23,1877.20,428.47,46.84,216.16,0.801,-1,-1,-1
462,24,227.82,292.45,215.67,587.25,0.789,-1,-1,-1
462,26,1673.31,405.75,118.59,269.95,0.910,-1,-1,-1
462,28,-31.89,146.49,385.01,929.27,0.916,-1,-1,-1
462,31,1257.44,374.99,126.28,349.11,0.854,-1,-1,-1
462,34,1445.78,451.32,79.38,195.67,0.898,-1,-1,-1
463,5,1760.26,391.19,99.15,279.69,0.851,-1,-1,-1
463,10,1825.88,431.08,63.62,208.49,0.856,-1,-1,-1
463,23,1879.62,431.00,45.10,212.06,0.782,-1,-1,-1
463,24,240.61,299.52,217.32,578.27,0.906,-1,-1,-1
463,26,1665.04,407.72,121.74,268.14,0.926,-1,-1,-1
463,28,-36.89,146.40,379.01,928.91,0.941,-1,-1,-1
463,31,1268.54,379.01,123.31,344.47,0.836,-1,-1,-1
463,34,1447.40,451.44,80.26,195.61,0.890,-1,-1,-1
464,5,1750.78,392.81,98.87,278.60,0.858,-1,-1,-1
464,10,1823.98,429.74,64.42,210.06,0.862,-1,-1,-1
464,23,1882.23,434.36,43.11,206.99,0.783,-1,-1,-1
464,24,236.57,301.42,226.61,587.92,0.917,-1,-1,-1
464,26,1660.35,409.51,124.34,265.83,0.922,-1,-1,-1
464,28,-37.09,142.62,374.92,931.66,0.935,-1,-1,-1
464,31,1274.19,382.90,121.74,340.30,0.889,-1,-1,-1
464,34,1450.17,451.67,80.45,195.38,0.892,-1,-1,-1
465,5,1735.14,395.29,101.22,276.63,0.889,-1,-1,-1
465,10,1822.90,429.03,65.89,211.05,0.864,-1,-1,-1
465,23,1885.15,439.86,40.78,199.59,0.672,-1,-1,-1
465,24,229.33,301.39,234.69,592.66,0.923,-1,-1,-1
465,26,1656.16,410.38,127.16,265.28,0.908,-1,-1,-1
465,28,-41.13,136.84,371.30,937.66,0.910,-1,-1,-1
465,31,1283.77,385.76,120.96,337.40,0.876,-1,-1,-1
465,34,1455.26,451.95,79.44,194.30,0.884,-1,-1,-1
466,5,1723.28,397.89,104.80,275.50,0.901,-1,-1,-1
466,10,1823.72,428.43,67.07,211.48,0.830,-1,-1,-1
466,22,1781.69,418.14,59.68,208.37,0.722,-1,-1,-1
466,23,1888.46,443.34,38.59,192.69,0.588,-1,-1,-1
466,24,232.49,301.52,238.05,592.42,0.922,-1,-1,-1
466,26,1651.23,410.94,129.48,265.44,0.915,-1,-1,-1
466,28,-45.70,132.14,366.69,942.54,0.887,-1,-1,-1
466,31,1291.97,388.01,120.52,334.85,0.886,-1,-1,-1
466,34,1460.79,451.45,78.31,194.41,0.851,-1,-1,-1
467,5,1714.01,399.13,108.90,274.14,0.911,-1,-1,-1
467,10,1825.99,428.37,68.39,211.83,0.840,-1,-1,-1
467,22,1783.84,418.89,59.03,206.88,0.775,-1,-1,-1
467,24,242.02,301.75,237.63,589.52,0.922,-1,-1,-1
467,26,1646.71,411.16,130.71,265.37,0.901,-1,-1,-1
467,28,-55.66,125.75,360.25,949.50,0.885,-1,-1,-1
467,31,1297.73,389.67,120.23,332.78,0.898,-1,-1,-1
467,34,1466.52,450.99,77.21,194.84,0.841,-1,-1,-1
468,5,1708.45,400.76,112.51,271.62,0.895,-1,-1,-1
468,10,1828.12,429.68,68.84,210.23,0.803,-1,-1,-1
468,22,1784.76,419.23,59.98,207.95,0.818,-1,-1,-1
468,24,260.31,300.37,232.39,583.19,0.912,-1,-1,-1
468,26,1639.51,411.95,129.11,263.04,0.876,-1,-1,-1
468,28,-74.22,116.28,352.17,957.36,0.821,-1,-1,-1
468,31,1302.88,390.44,119.75,331.12,0.890,-1,-1,-1
468,34,1473.68,450.25,76.46,195.44,0.819,-1,-1,-1
469,5,1708.36,401.42,114.59,270.69,0.845,-1,-1,-1
469,6,113.38,476.47,83.61,270.19,0.694,-1,-1,-1
469,10,1833.14,431.07,70.50,208.89,0.850,-1,-1,-1
469,22,1785.74,419.85,62.13,208.67,0.830,-1,-1,-1
469,24,276.42,299.76,226.02,577.03,0.906,-1,-1,-1
469,26,1630.61,410.87,127.77,263.13,0.840,-1,-1,-1
469,28,-88.61,106.24,342.54,965.05,0.815,-1,-1,-1
469,31,1308.71,389.41,118.75,330.21,0.883,-1,-1,-1
469,34,1479.22,451.05,75.51,194.76,0.817,-1,-1,-1
470,5,1708.66,401.70,115.95,269.85,0.894,-1,-1,-1
470,6,113.56,475.06,83.09,272.09,0.520,-1,-1,-1
470,10,1835.79,432.36,71.52,207.06,0.832,-1,-1,-1
470,22,1785.00,420.35,64.08,210.28,0.851,-1,-1,-1
470,24,292.77,300.15,220.94,572.79,0.912,-1,-1,-1
470,26,1617.00,409.68,126.22,263.96,0.842,-1,-1,-1
470,28,-99.41,109.23,327.71,962.45,0.816,-1,-1,-1
470,31,1316.54,389.14,115.94,325.27,0.862,-1,-1,-1
470,34,1484.57,450.76,75.27,194.68,0.831,-1,-1,-1
471,5,1700.91,401.51,117.74,269.19,0.890,-1,-1,-1
471,6,114.53,474.41,82.08,272.66,0.599,-1,-1,-1
471,10,1837.65,434.06,72.19,204.42,0.854,-1,-1,-1
471,22,1784.56,420.27,65.38,210.88,0.868,-1,-1,-1
471,24,305.44,298.81,218.32,573.18,0.918,-1,-1,-1
471,26,1605.61,409.69,122.99,263.53,0.799,-1,-1,-1
471,28,-106.63,114.00,313.29,957.52,0.767,-1,-1,-1
471,31,1322.17,387.17,114.58,324.84,0.879,-1,-1,-1
471,34,1491.77,450.11,75.67,194.82,0.836,-1,-1,-1
471,38,1163.91,465.36,32.12,177.43,0.803,-1,-1,-1
472,5,1694.49,401.47,118.58,268.76,0.894,-1,-1,-1
472,6,119.45,505.21,72.99,241.44,0.764,-1,-1,-1
472,10,1837.08,435.66,72.07,202.14,0.823,-1,-1,-1
472,22,1785.43,420.72,66.10,210.72,0.884,-1,-1,-1
472,24,316.66,298.27,215.84,573.30,0.925,-1,-1,-1
472,26,1597.60,410.22,119.74,263.30,0.830,-1,-1,-1
472,28,-99.17,193.24,275.89,879.83,0.785,-1,-1,-1
472,31,1328.16,386.02,113.47,324.94,0.876,-1,-1,-1
472,34,1498.07,450.14,76.87,194.82,0.881,-1,-1,-1
472,38,1166.44,465.19,32.20,177.45,0.767,-1,-1,-1
473,5,1685.01,401.45,117.89,267.94,0.898,-1,-1,-1
473,6,121.09,516.94,69.59,229.63,0.628,-1,-1,-1
473,10,1836.59,437.51,71.78,200.48,0.848,-1,-1,-1
473,22,1785.42,420.07,67.41,213.68,0.885,-1,-1,-1
473,24,333.87,298.78,215.09,572.21,0.919,-1,-1,-1
473,26,1590.36,411.81,115.99,261.48,0.865,-1,-1,-1
473,31,1335.59,384.46,112.72,325.74,0.855,-1,-1,-1
473,34,1505.05,450.83,78.71,194.35,0.864,-1,-1,-1
473,38,1169.35,465.58,32.48,177.48,0.812,-1,-1,-1
474,5,1675.25,400.75,116.96,268.05,0.894,-1,-1,-1
474,6,118.15,496.98,74.73,249.62,0.644,-1,-1,-1
474,10,1838.45,438.50,71.38,198.29,0.851,-1,-1,-1
474,22,1786.99,419.64,67.59,214.25,0.870,-1,-1,-1
474,24,351.46,300.04,215.88,570.46,0.918,-1,-1,-1
474,26,1581.94,413.78,113.87,259.48,0.891,-1,-1,-1
474,31,1343.41,384.22,111.56,325.75,0.852,-1,-1,-1
474,34,1509.20,451.34,80.71,193.90,0.867,-1,-1,-1
474,38,1174.96,465.41,33.29,177.92,0.861,-1,-1,-1
474,39,42.21,501.14,66.51,248.71,0.587,-1,-1,-1
475,5,1662.12,401.03,115.28,267.74,0.868,-1,-1,-1
475,6,115.33,481.89,78.46,264.63,0.629,-1,-1,-1
475,10,1840.85,438.71,70.88,196.23,0.857,-1,-1,-1
475,22,1788.19,419.41,67.31,213.79,0.866,-1,-1,-1
475,24,372.70,301.85,219.26,569.68,0.939,-1,-1,-1
475,26,1572.00,416.40,113.37,256.75,0.899,-1,-1,-1
475,31,1355.74,384.98,111.69,324.66,0.898,-1,-1,-1
475,34,1507.60,450.67,82.59,195.85,0.881,-1,-1,-1
475,38,1182.43,466.14,34.39,176.90,0.876,-1,-1,-1
475,39,42.42,500.80,66.65,249.11,0.588,-1,-1,-1
476,5,1646.98,401.36,113.59,266.99,0.842,-1,-1,-1
476,6,119.13,504.52,72.08,241.96,0.687,-1,-1,-1
476,10,1841.89,438.14,71.05,195.90,0.868,-1,-1,-1
476,22,1789.13,418.63,67.24,214.36,0.873,-1,-1,-1
476,24,387.47,303.61,222.79,568.31,0.944,-1,-1,-1
476,26,1565.32,419.26,113.59,253.91,0.901,-1,-1,-1
476,31,1366.90,387.09,112.19,321.86,0.911,-1,-1,-1
476,34,1506.91,451.28,83.07,194.82,0.880,-1,-1,-1
476,38,1186.90,466.25,36.02,176.70,0.894,-1,-1,-1
476,39,42.51,500.48,66.77,249.37,0.597,-1,-1,-1
477,5,1634.79,402.59,111.47,266.04,0.874,-1,-1,-1
477,6,121.06,516.55,68.70,229.86,0.500,-1,-1,-1
477,10,1842.15,437.13,71.71,196.82,0.871,-1,-1,-1
477,22,1790.80,418.77,66.65,213.99,0.859,-1,-1,-1
477,24,398.00,305.68,225.50,566.00,0.936,-1,-1,-1
477,26,1561.79,423.30,113.60,250.28,0.901,-1,-1,-1
477,31,1374.76,389.40,113.75,319.46,0.914,-1,-1,-1
477,34,1505.89,451.60,83.36,194.00,0.882,-1,-1,-1
477,38,1188.63,465.86,38.08,177.17,0.902,-1,-1,-1
477,39,36.05,501.26,66.98,248.78,0.545,-1,-1,-1
478,5,1630.75,404.12,109.28,264.54,0.852,-1,-1,-1
478,6,122.66,526.31,66.04,219.91,0.678,-1,-1,-1
478,10,1842.65,435.15,72.85,198.72,0.882,-1,-1,-1
478,22,1792.69,418.81,66.04,213.37,0.856,-1,-1,-1
478,24,407.29,308.08,227.10,563.63,0.933,-1,-1,-1
478,26,1558.68,424.92,114.51,248.74,0.901,-1,-1,-1
478,31,1382.69,391.24,114.75,316.76,0.895,-1,-1,-1
478,34,1504.61,451.12,83.00,194.01,0.831,-1,-1,-1
478,38,1189.47,465.09,40.11,177.63,0.883,-1,-1,-1
478,39,38.09,501.40,66.95,248.59,0.342,-1,-1,-1
479,5,1625.12,405.03,108.63,263.68,0.866,-1,-1,-1
479,6,123.11,528.95,65.40,217.10,0.710,-1,-1,-1
479,10,1842.79,433.94,73.74,199.77,0.887,-1,-1,-1
479,22,1793.79,419.33,65.53,212.69,0.846,-1,-1,-1
479,24,412.59,311.33,227.27,559.40,0.930,-1,-1,-1
479,26,1555.99,424.69,115.58,248.59,0.903,-1,-1,-1
479,31,1387.11,393.49,115.22,313.84,0.907,-1,-1,-1
479,34,1505.72,450.88,82.05,193.88,0.795,-1,-1,-1
479,38,1190.15,464.29,42.03,178.27,0.882,-1,-1,-1
479,39,41.07,501.38,66.91,248.57,0.512,-1,-1,-1
480,5,1617.84,408.12,108.60,261.03,0.854,-1,-1,-1
480,6,123.43,531.40,64.94,214.65,0.666,-1,-1,-1
480,10,1843.59,433.90,74.04,199.72,0.882,-1,-1,-1
480,22,1796.47,420.29,65.28,211.88,0.837,-1,-1,-1
480,24,414.69,314.59,226.50,552.87,0.933,-1,-1,-1
480,26,1550.35,424.41,115.44,248.64,0.909,-1,-1,-1
480,31,1390.94,394.09,115.77,312.68,0.927,-1,-1,-1
480,34,1509.85,450.17,81.11,193.23,0.568,-1,-1,-1
480,38,1193.25,462.86,43.68,179.92,0.875,-1,-1,-1
480,39,41.75,501.48,66.93,248.48,0.395,-1,-1,-1
481,5,1614.08,410.26,108.82,259.43,0.832,-1,-1,-1
481,6,123.51,532.00,64.95,214.12,0.582,-1,-1,-1
481,10,1844.11,434.35,74.22,199.51,0.880,-1,-1,-1
481,22,1796.88,421.02,65.15,211.48,0.839,-1,-1,-1
481,24,415.43,316.13,226.85,549.36,0.935,-1,-1,-1
481,26,1540.98,423.16,113.99,249.08,0.828,-1,-1,-1
481,31,1394.06,394.74,115.77,311.64,0.905,-1,-1,-1
481,37,1684.84,473.15,47.02,112.68,0.516,-1,-1,-1
481,38,1198.41,462.64,44.81,180.27,0.882,-1,-1,-1
481,39,41.63,501.05,67.13,248.96,0.587,-1,-1,-1
482,5,1608.38,412.39,109.92,257.37,0.862,-1,-1,-1
482,6,123.50,532.64,64.96,213.40,0.600,-1,-1,-1
482,10,1845.47,435.89,73.74,198.10,0.871,-1,-1,-1
482,22,1797.37,421.84,65.08,210.68,0.830,-1,-1,-1
482,24,417.27,315.98,227.13,547.38,0.929,-1,-1,-1
482,26,1533.13,421.19,112.30,249.96,0.846,-1,-1,-1
482,31,1397.37,394.27,115.47,310.95,0.902,-1,-1,-1
482,37,1683.67,473.54,47.03,112.82,0.664,-1,-1,-1
482,38,1203.64,462.06,45.58,180.63,0.842,-1,-1,-1
482,39,44.94,500.71,66.96,249.06,0.514,-1,-1,-1
483,5,1605.14,414.15,110.95,255.40,0.900,-1,-1,-1
483,6,123.61,532.44,65.12,213.52,0.449,-1,-1,-1
483,10,1846.82,437.66,73.02,196.21,0.877,-1,-1,-1
483,22,1797.05,422.80,65.26,209.59,0.835,-1,-1,-1
483,24,421.46,316.61,225.86,543.79,0.924,-1,-1,-1
483,26,1526.47,420.55,109.72,250.15,0.842,-1,-1,-1
483,31,1402.89,393.99,113.69,307.75,0.861,-1,-1,-1
483,37,1682.70,473.95,47.22,112.82,0.708,-1,-1,-1
483,38,1210.17,461.23,46.37,181.51,0.809,-1,-1,-1
483,39,46.50,499.95,66.71,248.77,0.267,-1,-1,-1
483,40,6.01,281.70,167.33,708.53,0.894,-1,-1,-1
484,5,1599.84,414.74,112.50,254.81,0.887,-1,-1,-1
484,6,123.53,532.81,65.13,213.15,0.552,-1,-1,-1
484,10,1848.40,438.32,72.48,195.41,0.879,-1,-1,-1
484,22,1797.03,423.97,65.36,207.91,0.839,-1,-1,-1
484,24,427.29,315.98,224.07,541.28,0.918,-1,-1,-1
484,26,1519.14,420.38,107.51,250.11,0.753,-1,-1,-1
484,31,1409.62,393.38,112.01,306.40,0.854,-1,-1,-1
484,37,1682.08,474.23,47.31,112.20,0.696,-1,-1,-1
484,38,1215.75,459.95,47.38,182.75,0.848,-1,-1,-1
484,39,43.56,499.63,67.00,249.17,0.311,-1,-1,-1
484,40,16.86,226.10,180.19,758.55,0.927,-1,-1,-1
485,5,1591.88,415.56,112.68,253.56,0.886,-1,-1,-1
485,6,123.89,533.96,64.93,212.19,0.188,-1,-1,-1
485,10,1849.42,438.28,71.97,194.82,0.874,-1,-1,-1
485,22,1797.10,424.75,65.57,206.36,0.827,-1,-1,-1
485,24,438.38,316.13,218.86,533.50,0.920,-1,-1,-1
485,31,1417.87,392.35,110.88,306.23,0.829,-1,-1,-1
485,34,1512.65,424.53,99.15,242.76,0.781,-1,-1,-1
485,37,1682.04,474.11,47.50,112.37,0.736,-1,-1,-1
485,38,1221.34,459.78,48.05,182.69,0.825,-1,-1,-1
485,40,26.52,207.13,186.10,775.47,0.942,-1,-1,-1
486,5,1585.51,415.32,111.82,252.41,0.883,-1,-1,-1
486,6,125.66,535.10,65.03,210.93,0.304,-1,-1,-1
486,10,1849.97,437.55,71.88,195.45,0.880,-1,-1,-1
486,22,1797.73,425.05,66.04,205.65,0.846,-1,-1,-1
486,24,449.28,314.87,214.81,529.60,0.921,-1,-1,-1
486,26,1498.91,421.93,105.64,248.98,0.844,-1,-1,-1
486,31,1425.18,391.18,109.64,306.33,0.860,-1,-1,-1
486,37,1682.17,474.13,47.59,112.34,0.734,-1,-1,-1
486,38,1226.34,460.08,49.69,182.50,0.848,-1,-1,-1
486,40,31.42,204.90,188.71,776.08,0.937,-1,-1,-1
487,5,1578.28,414.90,110.09,251.24,0.882,-1,-1,-1
487,10,1850.75,437.05,71.33,195.04,0.875,-1,-1,-1
487,22,1800.06,424.75,66.22,205.54,0.850,-1,-1,-1
487,24,460.77,314.01,211.15,528.42,0.932,-1,-1,-1
487,26,1491.49,423.24,104.44,247.47,0.853,-1,-1,-1
487,31,1430.28,390.71,108.23,306.41,0.875,-1,-1,-1
487,37,1682.04,474.18,47.63,112.30,0.751,-1,-1,-1
487,38,1231.88,460.43,52.03,182.20,0.881,-1,-1,-1
487,40,33.37,210.88,190.08,769.61,0.942,-1,-1,-1
488,5,1568.11,414.57,107.90,250.54,0.855,-1,-1,-1
488,10,1852.12,435.76,70.65,194.73,0.877,-1,-1,-1
488,22,1802.37,424.58,65.93,203.73,0.846,-1,-1,-1
488,24,472.11,313.19,207.80,527.98,0.932,-1,-1,-1
488,26,1491.26,425.39,102.04,244.08,0.824,-1,-1,-1
488,31,1436.01,391.76,106.41,305.08,0.834,-1,-1,-1
488,37,1681.99,474.13,47.72,112.42,0.743,-1,-1,-1
488,38,1240.03,460.17,55.30,182.41,0.885,-1,-1,-1
488,40,33.92,212.75,192.63,767.29,0.926,-1,-1,-1
489,5,1558.47,414.65,105.65,250.30,0.838,-1,-1,-1
489,10,1852.95,434.69,70.18,195.05,0.872,-1,-1,-1
489,22,1803.80,424.19,66.05,203.40,0.830,-1,-1,-1
489,24,480.54,312.76,204.74,527.54,0.931,-1,-1,-1
489,26,1493.50,428.48,99.48,241.14,0.753,-1,-1,-1
489,31,1441.13,393.34,104.75,303.25,0.829,-1,-1,-1
489,37,1681.79,474.33,47.68,112.23,0.758,-1,-1,-1
489,38,1242.83,460.67,58.03,181.90,0.888,-1,-1,-1
489,40,32.95,214.23,195.42,765.60,0.926,-1,-1,-1
490,5,1548.37,415.08,103.47,250.07,0.811,-1,-1,-1
490,10,1854.33,433.88,69.50,195.28,0.870,-1,-1,-1
490,22,1806.46,423.76,66.01,203.52,0.875,-1,-1,-1
490,24,490.07,314.04,201.51,526.06,0.927,-1,-1,-1
490,26,1493.24,428.74,98.64,240.95,0.417,-1,-1,-1
490,31,1446.90,395.47,103.56,300.58,0.740,-1,-1,-1
490,37,1681.53,474.65,47.68,112.06,0.727,-1,-1,-1
490,38,1245.26,461.10,60.26,181.24,0.891,-1,-1,-1
490,40,32.11,212.29,201.39,775.15,0.926,-1,-1,-1
491,5,1541.46,415.54,102.29,250.09,0.770,-1,-1,-1
491,10,1855.93,433.40,68.61,195.18,0.863,-1,-1,-1
491,22,1809.32,423.42,65.70,203.37,0.880,-1,-1,-1
491,24,499.18,316.02,198.66,524.54,0.926,-1,-1,-1
491,26,1494.40,436.55,94.92,233.18,0.254,-1,-1,-1
491,31,1452.85,397.27,102.65,297.96,0.789,-1,-1,-1
491,37,1681.44,474.69,47.71,111.87,0.747,-1,-1,-1
491,38,1246.97,460.37,62.28,181.44,0.882,-1,-1,-1
491,39,44.65,499.97,66.74,249.07,0.705,-1,-1,-1
491,40,44.09,212.86,202.85,771.48,0.913,-1,-1,-1
492,5,1562.33,435.53,87.03,216.18,0.776,-1,-1,-1
492,10,1857.42,433.22,67.79,195.54,0.858,-1,-1,-1
492,22,1811.73,423.72,65.74,203.37,0.882,-1,-1,-1
492,24,507.70,318.25,196.00,523.25,0.921,-1,-1,-1
492,26,1495.69,437.35,93.80,231.96,0.121,-1,-1,-1
492,31,1457.27,398.25,102.45,296.74,0.804,-1,-1,-1
492,34,1538.29,417.99,99.95,248.82,0.840,-1,-1,-1
492,37,1681.39,474.77,47.76,111.79,0.738,-1,-1,-1
492,38,1249.01,458.50,64.43,183.24,0.878,-1,-1,-1
492,39,43.84,499.96,67.02,249.58,0.636,-1,-1,-1
492,40,77.70,212.77,201.11,764.45,0.881,-1,-1,-1
493,5,1573.72,445.13,78.93,198.79,0.770,-1,-1,-1
493,10,1859.08,433.16,66.66,195.07,0.851,-1,-1,-1
493,22,1814.85,424.01,66.36,203.15,0.881,-1,-1,-1
493,24,517.36,319.93,193.33,521.66,0.925,-1,-1,-1
493,31,1465.61,399.08,102.57,296.51,0.876,-1,-1,-1
493,34,1538.15,418.70,99.38,248.63,0.867,-1,-1,-1
493,37,1681.56,474.28,47.96,112.14,0.744,-1,-1,-1
493,38,1252.05,457.52,65.52,183.60,0.883,-1,-1,-1
493,39,44.07,499.85,67.15,249.72,0.597,-1,-1,-1
493,40,111.67,215.22,201.14,761.16,0.895,-1,-1,-1
494,5,1578.76,448.74,75.23,191.44,0.799,-1,-1,-1
494,10,1859.78,433.95,65.58,194.35,0.853,-1,-1,-1
494,22,1817.65,424.60,66.78,202.75,0.876,-1,-1,-1
494,24,527.39,322.74,190.42,517.69,0.927,-1,-1,-1
494,31,1469.96,400.73,101.89,294.49,0.877,-1,-1,-1
494,34,1536.92,420.06,98.65,246.43,0.839,-1,-1,-1
494,37,1681.66,474.29,48.10,112.33,0.742,-1,-1,-1
494,38,1257.95,456.07,66.06,184.95,0.887,-1,-1,-1
494,39,44.64,499.72,67.22,249.90,0.590,-1,-1,-1
494,40,140.48,219.41,204.37,756.84,0.903,-1,-1,-1
495,5,1584.07,450.37,72.77,188.47,0.821,-1,-1,-1
495,6,121.88,529.85,66.72,216.93,0.710,-1,-1,-1
495,10,1861.50,434.81,64.30,193.52,0.847,-1,-1,-1
495,22,1820.40,425.62,67.21,201.53,0.872,-1,-1,-1
495,24,540.74,325.88,188.37,513.29,0.926,-1,-1,-1
495,31,1473.33,401.50,100.51,290.36,0.788,-1,-1,-1
495,34,1537.39,421.46,98.17,245.25,0.662,-1,-1,-1
495,37,1681.74,474.31,48.18,112.33,0.744,-1,-1,-1
495,38,1265.71,454.93,66.05,185.87,0.844,-1,-1,-1
495,39,37.55,499.63,68.81,250.07,0.672,-1,-1,-1
495,40,176.21,226.62,213.17,747.15,0.936,-1,-1,-1
496,5,1588.04,451.23,70.95,187.14,0.811,-1,-1,-1
496,6,123.05,528.43,67.64,218.35,0.694,-1,-1,-1
496,10,1862.72,435.99,63.01,192.36,0.835,-1,-1,-1
496,22,1821.18,426.79,66.86,200.16,0.850,-1,-1,-1
496,24,550.38,328.72,186.77,509.43,0.925,-1,-1,-1
496,26,1442.86,431.29,95.21,240.06,0.714,-1,-1,-1
496,31,1478.14,400.49,99.28,289.32,0.834,-1,-1,-1
496,34,1544.85,436.58,91.51,230.30,0.698,-1,-1,-1
496,37,1681.62,474.54,48.23,112.21,0.715,-1,-1,-1
496,38,1273.01,454.42,65.80,186.74,0.829,-1,-1,-1
496,39,32.45,500.27,70.53,249.58,0.731,-1,-1,-1
496,40,199.90,235.24,224.94,737.96,0.941,-1,-1,-1
497,5,1590.48,450.52,70.13,188.36,0.819,-1,-1,-1
497,6,123.10,528.75,67.67,217.73,0.675,-1,-1,-1
497,10,1863.54,437.43,61.86,191.33,0.838,-1,-1,-1
497,22,1823.08,427.84,66.70,198.67,0.852,-1,-1,-1
497,24,557.91,331.11,185.27,505.95,0.922,-1,-1,-1
497,26,1429.22,431.10,93.11,240.46,0.769,-1,-1,-1
497,31,1482.39,399.69,98.59,289.03,0.633,-1,-1,-1
497,37,1681.21,474.52,48.25,112.22,0.709,-1,-1,-1
497,38,1279.66,454.21,65.20,186.82,0.840,-1,-1,-1
497,39,34.99,500.20,70.64,249.59,0.481,-1,-1,-1
497,40,212.69,242.79,237.54,730.10,0.929,-1,-1,-1
498,5,1593.75,449.91,69.61,189.99,0.832,-1,-1,-1
498,6,122.74,529.86,67.64,216.86,0.677,-1,-1,-1
498,10,1864.80,438.68,60.62,190.09,0.829,-1,-1,-1
498,22,1823.70,428.52,66.38,198.00,0.843,-1,-1,-1
498,24,567.04,333.09,183.77,502.79,0.917,-1,-1,-1
498,26,1420.56,431.23,90.64,239.96,0.803,-1,-1,-1
498,31,1488.49,397.51,97.68,289.03,0.837,-1,-1,-1
498,37,1681.43,474.63,48.52,112.55,0.732,-1,-1,-1
498,38,1286.86,453.40,64.60,187.95,0.864,-1,-1,-1
498,39,37.86,500.31,70.62,249.59,0.538,-1,-1,-1
498,40,218.58,249.53,249.26,719.96,0.933,-1,-1,-1
499,5,1597.43,449.70,69.00,190.97,0.832,-1,-1,-1
499,6,122.57,529.80,67.77,217.13,0.638,-1,-1,-1
499,10,1866.40,439.71,59.26,188.61,0.825,-1,-1,-1
499,22,1824.43,428.77,65.90,197.62,0.845,-1,-1,-1
499,24,573.37,333.65,182.58,501.21,0.927,-1,-1,-1
499,26,1414.38,431.07,88.42,239.72,0.829,-1,-1,-1
499,31,1493.01,396.13,97.55,290.56,0.838,-1,-1,-1
499,37,1681.81,474.78,48.84,113.09,0.712,-1,-1,-1
499,38,1294.05,454.45,64.34,187.09,0.866,-1,-1,-1
499,39,38.89,500.38,70.72,249.60,0.660,-1,-1,-1
499,40,223.95,253.56,259.52,712.13,0.926,-1,-1,-1
500,5,1601.83,450.10,68.61,190.42,0.601,-1,-1,-1
500,6,122.56,530.52,67.66,216.57,0.594,-1,-1,-1
500,10,1868.04,440.37,57.43,185.40,0.819,-1,-1,-1
500,22,1825.74,428.56,65.51,197.79,0.853,-1,-1,-1
500,24,581.92,334.82,179.95,497.57,0.932,-1,-1,-1
500,26,1406.23,434.07,86.80,236.59,0.874,-1,-1,-1
500,31,1483.05,409.18,87.39,266.12,0.705,-1,-1,-1
500,34,1501.40,402.74,110.01,282.88,0.873,-1,-1,-1
500,37,1681.77,474.80,49.12,113.61,0.707,-1,-1,-1
500,38,1301.48,455.25,65.37,186.27,0.888,-1,-1,-1
500,39,38.41,500.23,71.06,249.64,0.659,-1,-1,-1
500,40,224.87,256.30,268.84,705.08,0.925,-1,-1,-1
501,5,1608.74,450.52,68.50,189.97,0.840,-1,-1,-1
501,6,123.02,530.03,68.02,216.80,0.630,-1,-1,-1
501,10,1869.66,439.44,56.38,185.05,0.807,-1,-1,-1
501,22,1827.77,427.93,65.02,198.40,0.855,-1,-1,-1
501,24,590.19,333.91,177.92,496.14,0.923,-1,-1,-1
501,26,1399.44,435.98,86.82,234.79,0.871,-1,-1,-1
501,31,1474.84,417.66,80.31,250.64,0.773,-1,-1,-1
501,34,1501.33,398.13,111.25,289.84,0.885,-1,-1,-1
501,37,1682.06,474.78,49.43,113.84,0.706,-1,-1,-1
501,38,1306.21,455.73,66.77,185.48,0.878,-1,-1,-1
501,39,38.25,499.99,71.43,250.04,0.682,-1,-1,-1
501,40,232.47,256.64,275.52,698.18,0.939,-1,-1,-1
502,5,1613.64,450.78,68.83,189.40,0.817,-1,-1,-1
502,6,122.76,532.02,67.55,214.98,0.613,-1,-1,-1
502,10,1870.01,437.96,55.86,186.14,0.809,-1,-1,-1
502,22,1829.23,427.44,64.25,198.03,0.855,-1,-1,-1
502,24,598.62,334.23,175.11,491.61,0.927,-1,-1,-1
502,26,1394.38,437.41,87.41,233.44,0.893,-1,-1,-1
502,31,1471.23,424.14,75.83,241.12,0.816,-1,-1,-1
502,34,1506.48,397.29,112.21,292.06,0.889,-1,-1,-1
502,37,1681.51,474.94,49.19,113.12,0.723,-1,-1,-1
502,38,1308.90,456.40,68.68,185.48,0.889,-1,-1,-1
502,39,39.75,500.14,71.35,249.94,0.560,-1,-1,-1
502,40,255.12,255.09,275.66,689.04,0.928,-1,-1,-1
503,5,1615.91,441.93,72.50,198.44,0.826,-1,-1,-1
503,6,122.53,532.73,67.40,214.30,0.643,-1,-1,-1
503,10,1870.61,437.02,55.28,186.99,0.792,-1,-1,-1
503,22,1830.53,427.00,63.77,197.57,0.850,-1,-1,-1
503,24,607.89,333.63,172.05,485.33,0.923,-1,-1,-1
503,26,1391.54,440.02,87.81,230.74,0.894,-1,-1,-1
503,31,1465.07,424.64,74.24,239.58,0.870,-1,-1,-1
503,34,1513.87,398.00,113.11,291.71,0.888,-1,-1,-1
503,37,1681.03,475.06,49.00,112.51,0.725,-1,-1,-1
503,38,1311.23,456.73,70.52,186.24,0.873,-1,-1,-1
503,39,40.15,500.21,71.34,249.82,0.410,-1,-1,-1
503,40,285.33,253.22,270.63,678.04,0.916,-1,-1,-1
504,5,1617.11,445.56,71.28,194.82,0.816,-1,-1,-1
504,6,122.82,532.44,67.67,214.58,0.562,-1,-1,-1
504,10,1870.93,436.39,54.54,187.07,0.806,-1,-1,-1
504,22,1831.32,426.61,63.29,197.34,0.848,-1,-1,-1
504,24,614.25,333.03,169.89,481.49,0.921,-1,-1,-1
504,26,1389.19,441.14,88.66,229.64,0.883,-1,-1,-1
504,31,1458.81,427.13,73.39,236.55,0.883,-1,-1,-1
504,34,1520.05,399.37,113.01,289.38,0.888,-1,-1,-1
504,37,1680.75,475.00,48.90,112.28,0.728,-1,-1,-1
504,38,1313.53,457.20,72.27,186.60,0.882,-1,-1,-1
504,39,41.55,499.94,71.24,249.96,0.264,-1,-1,-1
504,40,310.87,250.92,265.03,673.50,0.927,-1,-1,-1
505,5,1619.25,441.54,72.55,197.87,0.747,-1,-1,-1
505,6,121.94,531.91,67.92,214.94,0.706,-1,-1,-1
505,10,1871.07,437.15,53.63,186.00,0.794,-1,-1,-1
505,22,1832.56,426.09,63.10,197.76,0.840,-1,-1,-1
505,24,620.60,332.44,168.54,480.51,0.917,-1,-1,-1
505,26,1386.02,441.17,88.88,228.45,0.868,-1,-1,-1
505,31,1453.10,427.86,73.98,235.51,0.871,-1,-1,-1
505,34,1524.91,400.62,112.11,287.30,0.893,-1,-1,-1
505,37,1680.78,474.80,48.81,112.14,0.726,-1,-1,-1
505,38,1317.36,456.09,73.44,187.90,0.870,-1,-1,-1
505,39,32.53,500.63,72.92,248.77,0.738,-1,-1,-1
505,40,359.02,249.59,257.55,671.38,0.925,-1,-1,-1
506,5,1617.52,437.45,74.43,201.90,0.748,-1,-1,-1
506,6,121.76,531.13,68.20,215.64,0.752,-1,-1,-1
506,10,1872.58,438.25,52.41,184.50,0.790,-1,-1,-1
506,22,1833.49,426.05,62.89,197.69,0.846,-1,-1,-1
506,24,626.40,332.84,167.28,479.60,0.912,-1,-1,-1
506,26,1379.86,440.06,88.63,228.91,0.856,-1,-1,-1
506,31,1447.31,428.90,75.15,235.37,0.875,-1,-1,-1
506,34,1527.64,401.15,111.42,286.44,0.877,-1,-1,-1
506,37,1680.94,474.79,48.81,112.24,0.724,-1,-1,-1
506,38,1321.05,455.69,73.91,188.74,0.860,-1,-1,-1
506,39,29.79,499.04,74.32,250.33,0.489,-1,-1,-1
506,40,398.69,249.71,250.87,669.98,0.918,-1,-1,-1
507,5,1620.30,441.55,72.99,197.81,0.780,-1,-1,-1
507,6,121.92,530.26,68.40,216.55,0.684,-1,-1,-1
507,10,1874.18,439.44,51.19,183.33,0.805,-1,-1,-1
507,22,1834.27,426.38,62.71,197.63,0.845,-1,-1,-1
507,24,632.65,333.57,166.12,478.26,0.912,-1,-1,-1
507,26,1374.39,439.32,86.91,227.16,0.825,-1,-1,-1
507,31,1442.65,430.55,76.72,234.93,0.870,-1,-1,-1
507,34,1530.97,402.82,110.05,284.49,0.880,-1,-1,-1
507,37,1681.19,475.01,48.71,111.83,0.713,-1,-1,-1
507,38,1325.28,455.44,73.42,189.18,0.875,-1,-1,-1
507,39,24.36,458.20,86.67,291.46,0.628,-1,-1,-1
507,40,424.81,251.80,245.83,666.59,0.905,-1,-1,-1
508,5,1623.83,447.15,70.82,192.09,0.820,-1,-1,-1
508,6,121.56,528.58,68.86,218.39,0.669,-1,-1,-1
508,10,1875.71,441.52,49.73,181.03,0.790,-1,-1,-1
508,22,1835.03,427.15,62.57,196.96,0.830,-1,-1,-1
508,24,645.23,333.27,167.01,478.55,0.913,-1,-1,-1
508,26,1367.89,438.09,85.78,227.35,0.792,-1,-1,-1
508,31,1437.35,432.10,78.51,233.59,0.866,-1,-1,-1
508,34,1535.74,402.51,108.35,282.94,0.874,-1,-1,-1
508,37,1681.76,475.33,48.50,111.38,0.656,-1,-1,-1
508,38,1331.90,455.96,72.14,189.31,0.802,-1,-1,-1
508,39,24.42,466.86,84.97,282.75,0.242,-1,-1,-1
508,40,445.68,256.94,243.47,661.56,0.915,-1,-1,-1
509,5,1625.60,449.24,69.91,189.91,0.813,-1,-1,-1
509,6,121.56,528.77,68.72,218.19,0.640,-1,-1,-1
509,10,1876.93,443.44,48.24,178.10,0.757,-1,-1,-1
509,22,1833.56,427.90,62.77,195.74,0.792,-1,-1,-1
509,24,656.71,334.75,167.96,476.27,0.912,-1,-1,-1
509,26,1359.62,436.51,84.57,229.53,0.813,-1,-1,-1
509,31,1433.43,432.92,80.54,232.92,0.883,-1,-1,-1
509,34,1539.92,402.81,106.11,280.29,0.873,-1,-1,-1
509,37,1682.53,475.50,48.28,111.15,0.541,-1,-1,-1
509,38,1337.15,456.13,71.17,189.47,0.640,-1,-1,-1
509,39,25.20,481.18,81.89,268.27,0.510,-1,-1,-1
509,40,462.78,262.09,243.73,655.62,0.925,-1,-1,-1
510,5,1628.19,449.73,69.82,189.33,0.809,-1,-1,-1
510,6,121.19,527.45,68.90,219.16,0.745,-1,-1,-1
510,10,1878.50,442.37,53.07,201.16,0.535,-1,-1,-1
510,22,1832.60,428.93,63.61,194.67,0.800,-1,-1,-1
510,24,671.29,337.02,169.34,473.32,0.917,-1,-1,-1
510,26,1351.25,436.36,82.68,228.34,0.829,-1,-1,-1
510,31,1427.67,433.24,82.44,232.53,0.878,-1,-1,-1
510,34,1544.05,401.79,103.80,278.07,0.871,-1,-1,-1
510,37,1683.40,475.00,47.82,110.95,0.456,-1,-1,-1
510,39,25.15,490.79,80.71,258.91,0.688,-1,-1,-1
510,40,477.95,270.67,246.67,647.44,0.932,-1,-1,-1
511,5,1632.17,449.28,69.74,189.11,0.782,-1,-1,-1
511,6,121.47,529.02,68.42,217.60,0.803,-1,-1,-1
511,10,1880.00,440.05,55.96,218.23,0.535,-1,-1,-1
511,22,1831.76,430.02,64.78,193.54,0.842,-1,-1,-1
511,24,682.48,339.28,170.35,470.54,0.908,-1,-1,-1
511,26,1346.47,436.64,80.97,228.00,0.845,-1,-1,-1
511,31,1421.84,433.87,83.67,231.58,0.890,-1,-1,-1
511,34,1547.89,401.63,101.46,276.14,0.870,-1,-1,-1
511,37,1685.00,474.76,47.69,111.29,0.424,-1,-1,-1
511,39,24.73,494.78,80.45,255.20,0.596,-1,-1,-1
511,40,487.27,274.85,251.06,642.33,0.921,-1,-1,-1
512,5,1636.89,450.68,69.17,187.65,0.759,-1,-1,-1
512,6,117.02,492.00,79.40,254.85,0.506,-1,-1,-1
512,10,1878.94,422.29,60.96,246.06,0.618,-1,-1,-1
512,22,1831.96,430.52,65.40,193.05,0.755,-1,-1,-1
512,24,691.46,339.68,171.36,469.69,0.906,-1,-1,-1
512,26,1341.37,437.35,80.10,227.24,0.878,-1,-1,-1
512,31,1416.23,433.66,84.34,231.19,0.867,-1,-1,-1
512,34,1550.42,399.92,100.36,277.73,0.872,-1,-1,-1
512,37,1686.46,475.11,47.17,110.86,0.355,-1,-1,-1
512,39,24.06,497.54,80.56,252.43,0.592,-1,-1,-1
512,40,493.24,278.76,254.77,637.15,0.916,-1,-1,-1
513,5,1643.05,450.22,69.35,188.13,0.775,-1,-1,-1
513,6,118.96,506.90,74.74,240.28,0.686,-1,-1,-1
513,10,1875.74,404.38,64.66,270.52,0.703,-1,-1,-1
513,22,1831.23,431.12,65.35,192.45,0.776,-1,-1,-1
513,24,701.58,343.50,169.95,465.67,0.899,-1,-1,-1
513,26,1333.07,439.45,80.11,225.25,0.873,-1,-1,-1
513,31,1408.04,433.65,83.70,228.94,0.825,-1,-1,-1
513,34,1546.50,400.45,100.61,277.37,0.891,-1,-1,-1
513,39,22.81,498.60,81.12,251.71,0.377,-1,-1,-1
513,40,501.70,281.75,257.91,633.01,0.927,-1,-1,-1
514,5,1648.02,449.32,69.37,188.73,0.776,-1,-1,-1
514,6,120.15,516.35,71.69,230.69,0.680,-1,-1,-1
514,10,1873.20,393.11,66.13,284.79,0.670,-1,-1,-1
514,22,1832.70,431.62,64.36,191.21,0.735,-1,-1,-1
514,24,709.46,344.25,167.81,462.46,0.894,-1,-1,-1
514,26,1326.03,441.43,81.06,223.31,0.888,-1,-1,-1
514,31,1401.08,433.67,82.78,227.08,0.715,-1,-1,-1
514,34,1547.72,400.43,100.42,276.96,0.862,-1,-1,-1
514,39,22.08,499.49,81.78,251.31,0.446,-1,-1,-1
514,40,520.90,284.30,257.56,626.88,0.924,-1,-1,-1
515,5,1651.64,448.77,69.67,189.63,0.789,-1,-1,-1
515,6,121.07,520.91,70.29,226.53,0.675,-1,-1,-1
515,10,1870.05,384.68,66.36,294.28,0.771,-1,-1,-1
515,22,1834.73,431.64,63.90,191.09,0.773,-1,-1,-1
515,24,715.71,345.69,165.38,460.27,0.886,-1,-1,-1
515,26,1321.20,444.15,82.13,220.41,0.899,-1,-1,-1
515,31,1393.53,433.88,82.01,226.74,0.700,-1,-1,-1
515,34,1552.81,402.38,99.38,275.03,0.887,-1,-1,-1
515,39,21.93,500.14,82.79,250.46,0.695,-1,-1,-1
515,40,544.02,282.94,253.08,616.41,0.923,-1,-1,-1
516,5,1654.73,448.78,69.75,189.60,0.713,-1,-1,-1
516,6,121.78,525.48,68.96,222.17,0.726,-1,-1,-1
516,10,1865.00,378.96,66.74,300.89,0.787,-1,-1,-1
516,22,1837.55,431.43,63.25,190.75,0.699,-1,-1,-1
516,24,720.38,345.76,162.54,457.33,0.867,-1,-1,-1
516,26,1317.40,446.62,83.55,217.17,0.892,-1,-1,-1
516,34,1563.97,404.55,97.50,273.13,0.891,-1,-1,-1
516,38,1370.87,434.83,83.51,224.93,0.778,-1,-1,-1
516,39,21.74,500.38,83.84,250.22,0.722,-1,-1,-1
516,40,572.53,281.53,246.59,607.09,0.898,-1,-1,-1
517,5,1656.32,448.72,70.04,190.09,0.763,-1,-1,-1
517,6,122.09,526.75,68.50,220.81,0.679,-1,-1,-1
517,10,1860.29,375.65,67.34,305.11,0.716,-1,-1,-1
517,22,1839.60,431.40,62.24,189.53,0.622,-1,-1,-1
517,24,725.15,346.75,159.27,451.74,0.753,-1,-1,-1
517,26,1314.39,447.85,85.31,215.77,0.876,-1,-1,-1
517,31,1383.19,433.12,81.49,227.17,0.725,-1,-1,-1
517,34,1571.48,406.52,96.01,271.22,0.894,-1,-1,-1
517,39,22.08,500.68,84.54,249.72,0.624,-1,-1,-1
517,40,600.27,280.09,239.06,600.40,0.908,-1,-1,-1
518,5,1658.25,449.47,69.98,189.70,0.724,-1,-1,-1
518,6,122.37,527.97,68.10,219.40,0.797,-1,-1,-1
518,10,1855.37,374.08,67.84,306.76,0.776,-1,-1,-1
518,22,1841.22,431.15,61.69,189.38,0.750,-1,-1,-1
518,24,738.69,346.68,153.89,446.98,0.838,-1,-1,-1
518,26,1311.31,448.19,86.38,214.47,0.867,-1,-1,-1
518,31,1374.84,433.79,81.00,227.78,0.836,-1,-1,-1
518,34,1578.06,408.71,94.55,269.15,0.889,-1,-1,-1
518,38,1396.98,446.09,75.99,207.59,0.538,-1,-1,-1
518,39,29.72,500.75,83.90,250.56,0.529,-1,-1,-1
518,40,627.42,280.71,231.02,595.52,0.890,-1,-1,-1
519,5,1659.83,449.85,69.83,189.82,0.784,-1,-1,-1
519,6,122.60,529.90,67.44,217.26,0.816,-1,-1,-1
519,10,1851.79,373.72,68.44,307.90,0.806,-1,-1,-1
519,22,1843.44,430.84,61.50,189.31,0.727,-1,-1,-1
519,24,744.65,344.96,154.17,451.95,0.723,-1,-1,-1
519,26,1306.31,446.44,86.40,213.43,0.810,-1,-1,-1
519,31,1366.75,433.90,81.65,228.53,0.841,-1,-1,-1
519,34,1582.90,409.97,93.47,267.51,0.887,-1,-1,-1
519,38,1407.82,452.53,71.11,197.29,0.563,-1,-1,-1
519,39,35.23,500.62,82.78,250.38,0.638,-1,-1,-1
519,40,647.09,280.39,223.83,593.31,0.908,-1,-1,-1
520,5,1660.77,450.45,69.72,189.33,0.811,-1,-1,-1
520,6,122.37,530.96,67.08,215.85,0.794,-1,-1,-1
520,10,1847.78,374.17,69.38,308.70,0.727,-1,-1,-1
520,22,1842.22,431.40,61.76,188.65,0.699,-1,-1,-1
520,24,745.95,345.98,152.08,445.25,0.828,-1,-1,-1
520,26,1303.22,445.44,86.40,213.12,0.801,-1,-1,-1
520,31,1365.86,435.43,80.94,227.21,0.844,-1,-1,-1
520,34,1585.83,411.08,92.07,265.43,0.882,-1,-1,-1
520,38,1414.59,456.16,67.81,192.23,0.745,-1,-1,-1
520,39,37.69,500.76,82.25,251.23,0.554,-1,-1,-1
520,40,666.13,281.68,218.73,590.32,0.921,-1,-1,-1
521,5,1662.64,451.25,69.84,188.77,0.847,-1,-1,-1
521,6,123.98,530.35,67.81,216.64,0.779,-1,-1,-1
521,10,1841.58,376.53,71.07,305.94,0.914,-1,-1,-1
521,24,752.23,346.64,150.52,441.20,0.747,-1,-1,-1
521,26,1297.46,444.11,85.44,213.41,0.864,-1,-1,-1
521,31,1363.90,438.10,79.90,223.25,0.874,-1,-1,-1
521,34,1589.35,410.80,90.85,264.17,0.877,-1,-1,-1
521,38,1420.11,456.41,66.21,189.59,0.780,-1,-1,-1
521,39,39.54,500.48,81.31,250.97,0.614,-1,-1,-1
521,40,691.36,284.76,217.70,585.33,0.922,-1,-1,-1
522,5,1663.63,451.14,70.39,189.76,0.819,-1,-1,-1
522,6,127.07,528.66,69.54,218.37,0.784,-1,-1,-1
522,10,1836.72,377.73,73.67,306.85,0.909,-1,-1,-1
522,24,760.87,347.79,148.31,437.70,0.718,-1,-1,-1
522,26,1292.24,442.75,84.35,213.86,0.823,-1,-1,-1
522,31,1361.13,441.07,79.56,219.80,0.865,-1,-1,-1
522,34,1592.87,408.92,89.84,263.27,0.880,-1,-1,-1
522,38,1425.67,456.33,65.60,189.18,0.832,-1,-1,-1
522,39,39.81,500.56,80.65,250.49,0.498,-1,-1,-1
522,40,707.41,288.66,219.63,581.70,0.911,-1,-1,-1
523,5,1666.04,451.04,70.38,190.39,0.803,-1,-1,-1
523,6,128.46,527.60,71.09,219.73,0.766,-1,-1,-1
523,10,1832.14,378.58,76.17,306.94,0.880,-1,-1,-1
523,24,769.96,358.18,144.46,427.60,0.244,-1,-1,-1
523,26,1284.66,441.02,83.28,215.30,0.801,-1,-1,-1
523,31,1356.20,441.77,80.72,218.68,0.882,-1,-1,-1
523,34,1597.06,407.37,88.86,262.65,0.890,-1,-1,-1
523,38,1432.19,456.62,65.34,189.96,0.864,-1,-1,-1
523,39,31.70,500.42,81.67,250.61,0.637,-1,-1,-1
523,40,719.12,294.25,223.25,577.45,0.929,-1,-1,-1
524,5,1669.42,449.20,70.73,192.21,0.778,-1,-1,-1
524,6,126.05,527.69,70.93,219.29,0.633,-1,-1,-1
524,10,1830.27,378.81,78.41,307.73,0.897,-1,-1,-1
524,24,781.45,380.12,136.53,406.11,0.437,-1,-1,-1
524,26,1279.20,442.33,80.99,213.33,0.784,-1,-1,-1
524,31,1350.66,441.47,82.35,218.68,0.876,-1,-1,-1
524,34,1600.75,406.09,88.27,262.92,0.881,-1,-1,-1
524,38,1439.88,456.88,65.89,190.52,0.874,-1,-1,-1
524,39,27.62,500.59,82.36,250.04,0.620,-1,-1,-1
524,40,723.53,298.88,225.77,570.17,0.940,-1,-1,-1
525,5,1671.64,448.72,70.77,193.02,0.763,-1,-1,-1
525,6,123.61,528.93,70.36,218.19,0.749,-1,-1,-1
525,10,1827.83,378.01,80.99,309.44,0.915,-1,-1,-1
525,24,793.18,392.52,131.34,393.20,0.329,-1,-1,-1
525,26,1274.92,444.28,78.87,211.52,0.798,-1,-1,-1
525,31,1346.64,440.73,83.88,219.31,0.883,-1,-1,-1
525,34,1603.89,405.21,87.91,263.65,0.884,-1,-1,-1
525,38,1447.26,458.14,67.71,190.05,0.882,-1,-1,-1
525,39,31.89,500.68,81.93,250.44,0.630,-1,-1,-1
525,40,725.26,302.52,229.42,567.03,0.936,-1,-1,-1
