seq,frame,gt_id,old_hid,new_hid,prev_frame,gap,min_vis,crowd_iou,other_gt,speed,transfer,app_sim,new_track,occlusion,long_occlusion,fast_motion,similar_appearance,primary
MOT17-02-FRCNN,15,17,12,15,10,4,0.64832,0.22194199243379573,10,0.0,False,0.4166020452976227,True,True,False,False,False,occlusion
MOT17-02-FRCNN,24,20,9,17,18,5,0.5,0.32299927901946646,40,0.0051813471502590676,False,0.5862168073654175,True,True,False,False,False,occlusion
MOT17-02-FRCNN,25,21,14,18,15,9,0.76923,0.014493160688706009,2,0.017333860290696047,False,0.45656487345695496,True,True,False,False,False,occlusion
MOT17-02-FRCNN,35,20,17,21,28,6,0.47826,0.22923731631092492,3,0.00510204081632653,False,0.7562103271484375,True,True,False,False,False,occlusion
MOT17-02-FRCNN,50,20,21,25,45,4,0.43836,0.2665803946942737,3,0.007712872341874097,False,0.7867822647094727,True,True,False,False,False,occlusion
MOT17-02-FRCNN,57,21,18,27,49,7,1.0,0.0,-1,0.02007487997477474,False,,True,True,False,False,False,occlusion
MOT17-02-FRCNN,61,15,4,29,52,8,0.92287,0.3716933770998262,39,0.0,False,0.5436577796936035,True,True,False,False,False,occlusion
MOT17-02-FRCNN,87,23,13,34,9,77,0.0,0.669787671026005,19,0.00381581566126244,False,0.8816853761672974,True,True,True,False,False,long occlusion (> buffer)
MOT17-02-FRCNN,98,29,31,35,79,18,1.0,0.13105513475427163,27,0.01,False,0.5158861875534058,True,True,False,False,False,occlusion
MOT17-02-FRCNN,103,17,15,36,21,81,0.55963,0.29180642069956875,10,0.0,False,0.30870625376701355,True,True,True,False,False,long occlusion (> buffer)
MOT17-02-FRCNN,109,26,10,37,16,92,0.0,0.4802541988197912,27,0.011526123595359742,False,0.8016455173492432,True,True,True,False,False,long occlusion (> buffer)
MOT17-02-FRCNN,110,17,36,38,105,4,0.5554,0.29180642069956875,10,0.010352166562499028,False,0.32667776942253113,True,True,False,False,False,occlusion
MOT17-02-FRCNN,115,29,35,40,103,11,1.0,0.5381818181818182,31,0.009708737864077669,False,0.7793892621994019,True,True,False,False,False,occlusion
MOT17-02-FRCNN,129,15,29,41,124,4,0.91757,0.12136974425661032,70,0.010101010101010102,False,0.6051191687583923,True,True,False,False,False,occlusion
MOT17-02-FRCNN,131,29,40,42,116,14,1.0,0.593365553602812,31,0.015203257981578748,False,0.8020687103271484,True,True,False,False,False,occlusion
MOT17-02-FRCNN,145,27,32,47,80,64,0.10476,0.7864693446088795,26,0.004761904761904762,False,0.7136291861534119,True,True,True,False,False,long occlusion (> buffer)
MOT17-02-FRCNN,146,37,46,49,137,8,0.39541,0.37252983760516534,20,0.006671471856895315,False,0.7935629487037659,True,True,False,False,False,occlusion
MOT17-02-FRCNN,146,26,37,48,140,5,1.0,0.4278728606356968,27,0.01054749045990467,False,0.6780367493629456,True,True,False,False,False,occlusion
MOT17-02-FRCNN,154,17,38,51,113,40,0.50872,0.6035137701804368,39,0.0,False,0.5626881718635559,True,True,True,False,False,long occlusion (> buffer)
MOT17-02-FRCNN,157,23,34,52,104,52,0.0,0.6894224279240189,19,0.007389883353033021,False,0.900658905506134,True,True,True,False,False,long occlusion (> buffer)
MOT17-02-FRCNN,169,39,50,54,162,6,0.9697,0.0,-1,0.011235955056179775,False,,True,True,False,False,False,occlusion
MOT17-02-FRCNN,175,27,47,56,167,7,0.47904,0.4248034491503931,62,0.0,False,0.7667965888977051,True,True,False,False,False,occlusion
MOT17-02-FRCNN,182,36,22,57,64,117,0.0,0.3231792717086835,57,0.004777748521530727,False,0.45485565066337585,True,True,True,False,False,long occlusion (> buffer)
MOT17-02-FRCNN,188,29,42,58,136,51,1.0,0.1506902335182557,31,0.010750326814902835,False,0.6631630659103394,True,True,True,False,False,long occlusion (> buffer)
MOT17-02-FRCNN,192,26,48,60,181,10,1.0,0.5894420815611708,31,0.010352166562499028,False,0.689934492111206,True,True,False,False,False,occlusion
MOT17-02-FRCNN,192,17,51,59,162,29,0.51318,0.32615973218555716,10,0.009174311926605505,False,0.3777580261230469,True,True,False,False,False,occlusion
MOT17-02-FRCNN,194,14,8,61,189,4,1.0,0.41457003379647017,39,0.020202020202020204,False,0.5836536884307861,True,True,False,False,False,occlusion
MOT17-02-FRCNN,202,39,54,62,175,26,0.0,0.8133971291866029,14,0.026557393299962418,False,0.35911497473716736,True,True,False,False,False,occlusion
MOT17-02-FRCNN,209,27,56,63,190,18,0.74272,0.4874048037492677,62,0.009433962264150943,False,0.8080180883407593,True,True,False,False,False,occlusion
MOT17-02-FRCNN,220,37,49,66,209,10,0.055944,0.4826533393911858,20,0.022536594702916104,False,0.7917042374610901,True,True,False,False,False,occlusion
MOT17-02-FRCNN,228,26,60,67,218,9,1.0,0.4535833081342607,29,0.014505860826460456,False,0.828164279460907,True,True,False,False,False,occlusion
MOT17-02-FRCNN,236,37,66,70,230,5,0.15976,0.5037820397920775,20,0.02213827893946088,False,0.8702520132064819,True,True,False,False,False,occlusion
MOT17-02-FRCNN,237,23,52,72,175,61,0.0,0.5482797903850536,19,0.007007790933523294,False,0.7738357782363892,True,True,True,False,False,long occlusion (> buffer)
MOT17-02-FRCNN,241,14,61,74,209,31,0.0,0.3,17,0.0,False,0.6491270065307617,True,True,True,False,False,long occlusion (> buffer)
MOT17-02-FRCNN,246,58,65,75,241,4,1.0,0.2420749279538905,61,0.0,False,0.7052896618843079,True,True,False,False,False,occlusion
MOT17-02-FRCNN,260,39,62,80,227,32,0.0,0.15133149678604224,37,0.019230769230769232,False,0.5389235615730286,True,True,True,False,False,long occlusion (> buffer)
MOT17-02-FRCNN,260,40,64,81,217,42,0.070378,0.6589972527472527,17,0.017772007006972675,False,0.6942289471626282,True,True,True,False,False,long occlusion (> buffer)
MOT17-02-FRCNN,264,42,77,83,257,6,0.1121,0.7623762376237624,41,0.014710973536182828,False,0.9621012210845947,True,True,False,False,False,occlusion
MOT17-02-FRCNN,265,28,55,84,258,6,1.0,0.0,-1,0.009615384615384616,False,,True,True,False,False,False,occlusion
MOT17-02-FRCNN,270,26,67,86,262,7,1.0,0.7295052365474901,29,0.014117310982894551,False,0.8022464513778687,True,True,False,False,False,occlusion
MOT17-02-FRCNN,280,39,80,89,266,13,0.14634,0.0,-1,0.02403846153846154,False,,True,True,False,False,False,occlusion
MOT17-02-FRCNN,282,57,68,92,252,29,0.82111,0.6943919344675489,61,0.018328426045080243,False,0.9307796359062195,True,True,False,False,False,occlusion
MOT17-02-FRCNN,284,40,81,93,278,5,0.10204,0.632183908045977,14,0.037037037037037035,False,0.454039603471756,True,True,False,False,False,occlusion
MOT17-02-FRCNN,291,38,76,94,282,8,0.0039683,0.7622571692876966,37,0.04004432656439677,False,0.7135051488876343,True,True,False,False,False,occlusion
MOT17-02-FRCNN,293,59,45,95,152,140,0.0,0.5555555555555556,58,0.011785113019775794,False,0.8678646087646484,True,True,True,False,False,long occlusion (> buffer)
MOT17-02-FRCNN,294,18,7,96,156,137,0.0,0.8329238329238329,40,0.008849557522123894,False,0.32379063963890076,True,True,True,False,False,long occlusion (> buffer)
MOT17-02-FRCNN,304,43,82,101,264,39,0.95238,0.36943375481033536,60,0.008333333333333333,False,0.569283127784729,True,True,True,False,False,long occlusion (> buffer)
MOT17-02-FRCNN,304,37,70,100,247,56,0.025424,0.8280623608017817,20,0.02864366347547195,False,0.8174017667770386,True,True,True,False,False,long occlusion (> buffer)
MOT17-02-FRCNN,305,62,39,102,150,154,0.0,0.509090909090909,27,0.0,False,0.6326968669891357,True,True,True,False,False,long occlusion (> buffer)
MOT17-02-FRCNN,307,29,58,104,189,117,0.12245,0.8117106773823192,26,0.0,False,0.6727721095085144,True,True,True,False,False,long occlusion (> buffer)
MOT17-02-FRCNN,308,32,98,105,305,2,0.44906,0.0,-1,0.02081651815146657,False,,True,True,False,False,False,occlusion
MOT17-02-FRCNN,314,29,104,106,309,4,0.65957,0.42730844793713163,31,0.0,False,0.7320695519447327,True,True,False,False,False,occlusion
MOT17-02-FRCNN,319,20,25,107,318,0,0.62946,0.267862231425369,37,0.040552029995366806,False,0.760320246219635,True,False,False,False,False,other (detector jitter / missed det)
MOT17-02-FRCNN,319,39,89,108,295,23,0.0,0.212004662004662,38,0.04090909090909091,False,0.4586755633354187,True,True,False,False,False,occlusion
MOT17-02-FRCNN,338,40,93,114,324,13,0.0,0.2286204021124803,38,0.01904761904761905,False,0.20129528641700745,True,True,False,False,False,occlusion
MOT17-02-FRCNN,339,43,101,115,308,30,1.0,0.0,-1,0.0,False,,True,True,False,False,False,occlusion
MOT17-02-FRCNN,348,43,115,116,339,8,1.0,0.0,-1,0.0,False,,True,True,False,False,False,occlusion
MOT17-02-FRCNN,353,40,114,119,341,11,0.0,0.0558561209706628,3,0.004807692307692308,False,0.17453157901763916,True,True,False,False,False,occlusion
MOT17-02-FRCNN,354,62,102,120,306,47,0.77273,0.33078880407124683,56,0.0,False,0.5390363335609436,True,True,True,False,False,long occlusion (> buffer)
MOT17-02-FRCNN,355,39,108,121,345,9,1.0,0.0,-1,0.03211009174311927,False,,True,True,False,False,False,occlusion
MOT17-02-FRCNN,356,38,94,122,329,26,0.0,0.2719181379518814,3,0.01677444674949428,False,0.5435420274734497,True,True,False,False,False,occlusion
MOT17-02-FRCNN,356,61,79,123,259,96,0.083333,0.8636363636363636,57,0.0,False,0.9078112840652466,True,True,True,False,False,long occlusion (> buffer)
MOT17-02-FRCNN,357,43,116,124,352,4,1.0,0.0,-1,0.014925373134328358,False,,True,True,False,False,False,occlusion
MOT17-02-FRCNN,367,26,86,125,346,20,0.0,0.18978333069745373,31,0.0,False,0.4173937141895294,True,True,False,False,False,occlusion
MOT17-02-FRCNN,374,28,84,128,277,96,0.0,0.588716271463614,29,0.009259259259259259,False,0.8934929966926575,True,True,True,False,False,long occlusion (> buffer)
MOT17-02-FRCNN,376,15,41,129,172,203,0.0,0.929757343550447,67,0.006666666666666667,False,0.12245422601699829,True,True,True,False,False,long occlusion (> buffer)
MOT17-02-FRCNN,379,28,128,130,374,4,0.10654,0.588716271463614,29,0.0,False,0.8764200806617737,True,True,False,False,False,occlusion
MOT17-02-FRCNN,380,27,63,131,335,44,0.0,0.3753351206434316,54,0.004545454545454545,False,0.6599770784378052,True,True,True,False,False,long occlusion (> buffer)
MOT17-02-FRCNN,385,38,122,132,362,22,0.0,0.7293274531422271,36,0.017378766664506138,False,0.6798393726348877,True,True,False,False,False,occlusion
MOT17-02-FRCNN,388,48,118,133,366,21,0.0,0.6115384615384616,56,0.007692307692307693,False,0.8862575888633728,True,True,False,False,False,occlusion
MOT17-02-FRCNN,394,17,59,137,200,193,0.0,0.6589972527472527,40,0.0,False,0.5030785202980042,True,True,True,False,False,long occlusion (> buffer)
MOT17-02-FRCNN,395,40,119,138,388,6,0.0,0.02688197134456527,3,0.010416666666666666,False,0.25799882411956787,True,True,False,False,False,occlusion
MOT17-02-FRCNN,397,58,75,139,248,148,0.0,0.84375,59,0.00909090909090909,False,0.5712031722068787,True,True,True,False,False,long occlusion (> buffer)
MOT17-02-FRCNN,399,57,92,140,350,48,0.0,0.7623918174665618,61,0.0,False,0.911099374294281,True,True,True,False,False,long occlusion (> buffer)
MOT17-02-FRCNN,409,43,124,142,372,36,0.0,0.05186519166452277,32,0.006578947368421052,False,0.6868377327919006,True,True,True,False,False,long occlusion (> buffer)
MOT17-02-FRCNN,412,42,83,143,268,143,0.0,0.8562469850458273,15,0.020014415570685947,False,0.6262261867523193,True,True,True,False,False,long occlusion (> buffer)
MOT17-02-FRCNN,416,26,125,145,379,36,0.0,0.2514341511046015,29,0.0,False,0.6342989802360535,True,True,True,False,False,long occlusion (> buffer)
MOT17-02-FRCNN,416,29,106,144,345,70,0.0,0.6114729985291028,31,0.0,True,0.5966837406158447,False,True,True,False,False,long occlusion (> buffer)
MOT17-02-FRCNN,424,3,1,146,247,176,0.0,0.7680580762250454,19,0.006959712413253421,False,0.8359301686286926,True,True,True,False,False,long occlusion (> buffer)
MOT17-02-FRCNN,431,36,57,148,327,103,0.0,0.7293274531422271,38,0.009851332274667848,False,0.2189359813928604,True,True,True,False,False,long occlusion (> buffer)
MOT17-02-FRCNN,433,49,135,149,396,36,0.0,0.41996830427892234,56,0.021107665110046196,False,0.789145290851593,True,True,True,False,False,long occlusion (> buffer)
MOT17-02-FRCNN,436,48,133,150,396,39,0.0,0.5678873239436619,62,0.013888888888888888,False,0.335752010345459,True,True,True,False,False,long occlusion (> buffer)
MOT17-02-FRCNN,442,26,145,153,419,22,0.0,0.22372390491130686,29,0.0,False,0.6256333589553833,True,True,False,False,False,occlusion
MOT17-02-FRCNN,443,36,148,154,433,9,0.0,0.33171449595290653,3,0.03419616413989864,False,0.7042911052703857,True,True,False,False,False,occlusion
MOT17-02-FRCNN,443,29,144,155,423,19,0.0,0.6170483460559797,28,0.0,False,0.9054424166679382,True,True,False,False,False,occlusion
MOT17-02-FRCNN,444,57,140,156,401,42,0.0,0.7299618320610687,61,0.0,False,0.9456273317337036,True,True,True,False,False,long occlusion (> buffer)
MOT17-02-FRCNN,446,19,5,157,435,10,0.0,0.5776119402985075,3,0.008986264611039027,False,0.8538415431976318,True,True,False,False,False,occlusion
MOT17-02-FRCNN,449,23,72,162,441,7,0.0,0.21677698574338086,16,0.007633587786259542,False,0.3552775979042053,True,True,False,False,False,occlusion
MOT17-02-FRCNN,449,44,73,161,284,164,0.0,0.08949303405572756,33,0.0,False,0.31459370255470276,True,True,True,False,False,long occlusion (> buffer)
MOT17-02-FRCNN,456,32,105,163,447,8,0.0,0.5221429185656549,33,0.011589403973509934,False,0.8629490733146667,True,True,False,False,False,occlusion
MOT17-02-FRCNN,458,17,137,164,397,60,0.0,0.6341056146942183,76,0.00909090909090909,False,0.3788819909095764,True,True,True,False,False,long occlusion (> buffer)
MOT17-02-FRCNN,459,34,117,165,451,7,0.0,0.09738559979317477,16,0.020478902344884857,False,0.4981474280357361,True,True,False,False,False,occlusion
MOT17-02-FRCNN,461,43,142,166,413,47,0.0,0.08674842955429256,34,0.008417937871268424,False,0.5570847392082214,True,True,True,False,False,long occlusion (> buffer)
MOT17-02-FRCNN,462,38,132,169,438,23,0.0,0.3059210526315789,32,0.017482517482517484,False,0.5782949328422546,True,True,False,False,False,occlusion
MOT17-02-FRCNN,465,35,127,170,455,9,0.0,0.09903397302904564,16,0.006484804452273361,False,0.5669156908988953,True,True,False,False,False,occlusion
MOT17-02-FRCNN,468,67,109,174,345,122,0.0,0.9397590361445783,42,0.00641025641025641,False,0.9270979166030884,True,True,True,False,False,long occlusion (> buffer)
MOT17-02-FRCNN,470,26,153,175,459,10,0.0,0.19047619047619047,29,0.0,False,0.4680086374282837,True,True,False,False,False,occlusion
MOT17-02-FRCNN,471,48,150,176,447,23,0.0,0.08403361344537816,60,0.014710973536182828,False,0.5734372735023499,True,True,False,False,False,occlusion
MOT17-02-FRCNN,473,44,161,178,450,22,0.0,0.08584008584008584,34,0.013802888749998703,False,0.23476773500442505,True,True,False,False,False,occlusion
MOT17-02-FRCNN,473,49,149,177,440,32,0.0,0.6344086021505376,56,0.01574695758802669,False,0.9487476944923401,True,True,True,False,False,long occlusion (> buffer)
MOT17-02-FRCNN,478,33,113,181,448,29,0.0,0.760806916426513,32,0.023715415019762844,False,0.7750625014305115,True,True,False,False,False,occlusion
MOT17-02-FRCNN,481,38,169,183,466,14,0.0,0.2556332556332556,34,0.014388489208633094,False,0.5125851631164551,True,True,False,False,False,occlusion
MOT17-02-FRCNN,483,3,146,180,426,56,0.0,0.6590537899274411,19,0.010830324909747292,False,0.8357389569282532,True,True,True,False,False,long occlusion (> buffer)
MOT17-02-FRCNN,485,9,168,184,480,4,0.71136,0.30120481927710846,77,0.0,False,0.6671209335327148,True,True,False,False,False,occlusion
MOT17-02-FRCNN,490,40,138,187,416,73,0.0,0.1163278872056817,36,0.013634560838413353,False,0.5093331336975098,True,True,True,False,False,long occlusion (> buffer)
MOT17-02-FRCNN,490,27,131,188,390,99,0.0,0.7710351861295257,28,0.0,False,0.9587551951408386,True,True,True,False,False,long occlusion (> buffer)
MOT17-02-FRCNN,492,42,143,189,424,67,0.0,0.9397590361445783,67,0.021700555924303477,False,0.44707420468330383,True,True,True,False,False,long occlusion (> buffer)
MOT17-02-FRCNN,493,26,175,190,471,21,0.10435,0.21951219512195122,29,0.0043859649122807015,False,0.8077982664108276,True,True,False,False,False,occlusion
MOT17-02-FRCNN,494,43,166,191,461,32,0.0,0.13747292418772564,35,0.013000395218022034,False,0.5717994570732117,True,True,True,False,False,long occlusion (> buffer)
MOT17-02-FRCNN,497,34,165,192,492,4,1.0,0.5293842709896436,32,0.022727272727272728,False,0.8734370470046997,True,True,False,False,False,occlusion
MOT17-02-FRCNN,505,32,163,194,490,14,0.10299,0.5293842709896436,34,0.006666666666666667,False,0.8662647604942322,True,True,False,False,False,occlusion
MOT17-02-FRCNN,512,38,183,195,495,16,0.0,0.4496124031007752,44,0.017333860290696047,False,0.5504545569419861,True,True,False,False,False,occlusion
MOT17-02-FRCNN,519,44,178,197,485,33,0.0,0.4496124031007752,38,0.005555555555555556,False,0.4396386742591858,True,True,True,False,False,long occlusion (> buffer)
MOT17-02-FRCNN,519,28,130,198,386,132,0.0,0.7710351861295257,27,0.0,False,0.9246827960014343,True,True,True,False,False,long occlusion (> buffer)
MOT17-02-FRCNN,523,19,157,199,518,4,0.91623,0.30340545928988183,3,0.00705788310240433,False,0.7932860851287842,True,True,False,False,False,occlusion
MOT17-02-FRCNN,534,19,199,201,529,4,0.82241,0.29078407452589555,3,0.01594433166526401,False,0.622141420841217,True,True,False,False,False,occlusion
MOT17-02-FRCNN,536,17,164,200,472,63,0.0,0.7419590643274854,42,0.009259259259259259,False,0.19074669480323792,True,True,True,False,False,long occlusion (> buffer)
MOT17-02-FRCNN,550,41,141,202,404,145,0.0,0.8221574344023324,78,0.014640174352631386,False,0.49348118901252747,True,True,True,False,False,long occlusion (> buffer)
MOT17-02-FRCNN,560,10,53,203,171,388,0.0,0.7611248966087676,9,0.005702474041826997,False,0.48135054111480713,True,True,True,False,False,long occlusion (> buffer)
MOT17-02-FRCNN,565,3,180,204,558,6,0.25247,0.3031479866379239,23,0.0090311986863711,False,0.9067105054855347,True,True,False,False,False,occlusion
MOT17-02-FRCNN,570,9,184,207,520,49,0.0084352,0.6124393624393625,42,0.0,False,0.1902054399251938,True,True,True,False,False,long occlusion (> buffer)
MOT17-02-FRCNN,580,43,191,205,535,44,0.0,0.7816091954022989,38,0.0068651143804519185,False,0.6204131841659546,True,True,True,False,False,long occlusion (> buffer)
MOT17-02-FRCNN,583,33,181,208,548,34,0.028807,0.733284039294391,34,0.0040650406504065045,False,0.7954651117324829,True,True,True,False,False,long occlusion (> buffer)
MOT17-04-FRCNN,8,76,24,27,1,6,0.80251,0.007752538956508256,77,0.0,False,0.6874893307685852,True,True,False,False,False,occlusion
MOT17-04-FRCNN,15,71,19,28,10,4,0.5,0.26832725799918994,70,0.006289308176100629,False,0.8655218482017517,True,True,False,False,False,occlusion
MOT17-04-FRCNN,17,74,26,29,8,8,0.64072,0.11478546050833562,75,0.010667311465869791,False,0.6580088138580322,True,True,False,False,False,occlusion
MOT17-04-FRCNN,21,75,25,31,1,19,0.55567,0.13141172617097938,74,0.011764705882352941,False,0.6855999231338501,True,True,False,False,False,occlusion
MOT17-04-FRCNN,25,76,27,32,14,10,0.80251,0.03569436698271054,77,0.0,False,0.6343783736228943,True,True,False,False,False,occlusion
MOT17-04-FRCNN,29,88,30,33,20,8,1.0,0.5018382352941176,89,0.0,False,0.7996706962585449,True,True,False,False,False,occlusion
MOT17-04-FRCNN,38,65,21,35,1,36,0.1957,0.0,-1,0.007365695637359871,False,,True,True,True,False,False,long occlusion (> buffer)
MOT17-04-FRCNN,40,82,15,36,35,4,0.033708,0.5295638885623604,83,0.005649717514124294,False,0.9482276439666748,True,True,False,False,False,occlusion
MOT17-04-FRCNN,43,75,31,37,35,7,0.67899,0.0834597875569044,74,0.01745793980492605,False,0.6748170852661133,True,True,False,False,False,occlusion
MOT17-04-FRCNN,61,71,28,39,40,20,0.14615,0.5237945903567228,66,0.008928571428571428,False,0.8110854029655457,True,True,False,False,False,occlusion
MOT17-04-FRCNN,68,70,22,40,53,14,0.16313,0.5543631363605875,66,0.005494505494505495,False,0.7594635486602783,True,True,False,False,False,occlusion
MOT17-04-FRCNN,83,92,23,41,28,54,0.92109,0.5244393923736695,96,0.006097560975609756,False,0.9070864319801331,True,True,True,False,False,long occlusion (> buffer)
MOT17-04-FRCNN,85,89,38,42,79,5,0.61673,0.2819548872180451,87,0.013300340727798905,False,0.8022712469100952,True,True,False,False,False,occlusion
MOT17-04-FRCNN,85,60,11,43,66,18,0.22014,0.4977918396941533,66,0.0,False,0.7125760316848755,True,True,False,False,False,occlusion
MOT17-04-FRCNN,86,76,32,44,26,59,0.80251,0.054514480408858604,77,0.0,False,0.41771483421325684,True,True,True,False,False,long occlusion (> buffer)
MOT17-04-FRCNN,91,63,6,46,34,56,0.35571,0.04890483383685801,62,0.016852462123830347,False,0.4820483326911926,True,True,True,False,False,long occlusion (> buffer)
MOT17-04-FRCNN,91,71,39,47,86,4,1.0,0.15890811601267366,70,0.010542547589075992,False,0.8139099478721619,True,True,False,False,False,occlusion
MOT17-04-FRCNN,96,62,20,49,36,59,0.66004,0.04890483383685801,63,0.003401360544217687,False,0.5161736011505127,True,True,True,False,False,long occlusion (> buffer)
MOT17-04-FRCNN,100,84,45,50,95,4,0.93384,0.022780159216166565,87,0.00641025641025641,False,0.7729852795600891,True,True,False,False,False,occlusion
MOT17-04-FRCNN,103,82,36,52,59,43,0.033708,0.6354252683732452,83,0.01520659744487199,False,0.9124439358711243,True,True,True,False,False,long occlusion (> buffer)
MOT17-04-FRCNN,110,84,50,53,103,6,0.839,0.0710915382195659,87,0.007213122508063838,False,0.786679208278656,True,True,False,False,False,occlusion
MOT17-04-FRCNN,113,76,44,54,86,26,0.80251,0.0,-1,0.0,False,,True,True,False,False,False,occlusion
MOT17-04-FRCNN,114,92,41,55,97,16,0.9102,0.5534962089300758,96,0.006097560975609756,False,0.9037224650382996,True,True,False,False,False,occlusion
MOT17-04-FRCNN,126,82,52,58,120,5,0.2928,0.3893134258170703,83,0.008546696378833459,False,0.8865883946418762,True,True,False,False,False,occlusion
MOT17-04-FRCNN,126,63,46,59,119,6,0.42838,0.2562581563649306,65,0.018404907975460124,False,0.8973293304443359,True,True,False,False,False,occlusion
MOT17-04-FRCNN,132,87,56,60,121,10,0.77361,0.14181409716371807,84,0.008838834764831844,False,0.5870577096939087,True,True,False,False,False,occlusion
MOT17-04-FRCNN,144,86,57,61,137,6,0.76506,0.06972067039106145,78,0.004234172342434416,False,0.8038332462310791,True,True,False,False,False,occlusion
MOT17-04-FRCNN,145,74,29,62,18,126,0.51765,0.1032283259567821,75,0.018890566864280183,False,0.618453860282898,True,True,True,False,False,long occlusion (> buffer)
MOT17-04-FRCNN,145,65,35,63,116,28,0.73656,0.3655980749825351,63,0.014243071267018952,False,0.9124175906181335,True,True,False,False,False,occlusion
MOT17-04-FRCNN,149,87,60,64,144,4,0.95221,0.34581360021445806,84,0.0125,False,0.7845518589019775,True,True,False,False,False,occlusion
MOT17-04-FRCNN,153,60,43,67,95,57,0.29714,0.4850894632206759,70,0.0,False,0.5961931347846985,True,True,True,False,False,long occlusion (> buffer)
MOT17-04-FRCNN,153,74,62,66,146,6,0.96771,0.0,-1,0.01976423537605237,False,,True,True,False,False,False,occlusion
MOT17-04-FRCNN,155,66,4,69,107,47,0.20232,0.2521434609346697,82,0.017996765107547226,False,0.5089151263237,True,True,True,False,False,long occlusion (> buffer)
MOT17-04-FRCNN,159,74,66,70,154,4,0.99582,0.0,-1,0.016828640022295324,False,,True,True,False,False,False,occlusion
MOT17-04-FRCNN,162,86,61,71,156,5,0.73251,0.07498610339077265,66,0.0,False,0.6509914398193359,True,True,False,False,False,occlusion
MOT17-04-FRCNN,164,65,63,72,146,17,0.81667,0.3697380041212835,63,0.020449746880001455,False,0.8515982031822205,True,True,False,False,False,occlusion
MOT17-04-FRCNN,181,92,55,75,173,7,0.92882,0.4456591639871383,96,0.0,False,0.865685224533081,True,True,False,False,False,occlusion
MOT17-04-FRCNN,181,74,70,74,172,8,1.0,0.0,-1,0.015822784810126583,False,,True,True,False,False,False,occlusion
MOT17-04-FRCNN,181,87,64,76,174,6,1.0,0.1330166270783848,85,0.0125,False,0.6137021780014038,True,True,False,False,False,occlusion
MOT17-04-FRCNN,181,76,54,77,156,24,0.80743,0.0,-1,0.0,False,,True,True,False,False,False,occlusion
MOT17-04-FRCNN,194,92,75,79,189,4,0.92882,0.4456591639871383,96,0.0,False,0.8708359003067017,True,True,False,False,False,occlusion
MOT17-04-FRCNN,196,63,59,80,133,62,0.30557,0.3697380041212835,65,0.01524390243902439,False,0.8125457167625427,True,True,True,False,False,long occlusion (> buffer)
MOT17-04-FRCNN,205,89,42,82,176,28,0.38095,0.3607373271889401,83,0.019056917373312048,False,0.7338964939117432,True,True,False,False,False,occlusion
MOT17-04-FRCNN,212,75,37,83,188,23,0.25882,0.4124136258940478,67,0.01838533523353709,False,0.768247663974762,True,True,False,False,False,occlusion
MOT17-04-FRCNN,215,62,49,84,192,22,0.73762,0.017703862660944206,118,0.0,False,0.6945632696151733,True,True,False,False,False,occlusion
MOT17-04-FRCNN,218,66,69,85,211,6,0.95851,0.2612647308018178,86,0.005747126436781609,False,0.7709375619888306,True,True,False,False,False,occlusion
MOT17-04-FRCNN,228,92,79,86,197,30,0.92882,0.4456591639871383,96,0.0,False,0.8576076030731201,True,True,False,False,False,occlusion
MOT17-04-FRCNN,239,62,84,89,230,8,0.73006,0.0,-1,0.009491366190423458,False,,True,True,False,False,False,occlusion
MOT17-04-FRCNN,240,92,86,90,235,4,0.92882,0.4456591639871383,96,0.0,False,0.8655884861946106,True,True,False,False,False,occlusion
MOT17-04-FRCNN,244,75,83,92,224,19,0.25749,0.4451535700039888,60,0.009641090427342621,False,0.5601205825805664,True,True,False,False,False,occlusion
MOT17-04-FRCNN,245,92,90,93,240,4,0.92882,0.4456591639871383,96,0.0,False,0.8617889881134033,True,True,False,False,False,occlusion
MOT17-04-FRCNN,247,88,33,94,235,11,1.0,0.4081352094452531,87,0.0,False,0.7640680074691772,True,True,False,False,False,occlusion
MOT17-04-FRCNN,249,66,85,95,234,14,0.87068,0.20985714285714285,86,0.0028089887640449437,False,0.7402282953262329,True,True,False,False,False,occlusion
MOT17-04-FRCNN,250,118,87,96,240,9,0.93931,0.0,-1,0.01251927526202774,False,,True,True,False,False,False,occlusion
MOT17-04-FRCNN,258,92,93,97,252,5,0.92882,0.4456591639871383,96,0.0,False,0.8426743745803833,True,True,False,False,False,occlusion
MOT17-04-FRCNN,262,118,96,98,254,7,0.9726,0.0,-1,0.022817020178569285,False,,True,True,False,False,False,occlusion
MOT17-04-FRCNN,263,89,82,99,218,44,0.021916,0.39452233452885554,82,0.02060315014550851,False,0.6062831878662109,True,True,True,False,False,long occlusion (> buffer)
MOT17-04-FRCNN,271,88,94,100,247,23,1.0,0.3648738379814077,91,0.005747126436781609,False,0.8584784269332886,True,True,False,False,False,occlusion
MOT17-04-FRCNN,275,76,77,102,183,91,0.7906,0.011344699397513138,75,0.0,False,0.6057413816452026,True,True,True,False,False,long occlusion (> buffer)
MOT17-04-FRCNN,277,88,100,103,271,5,1.0,0.3828946261878732,91,0.0,False,0.8475684523582458,True,True,False,False,False,occlusion
MOT17-04-FRCNN,281,66,95,104,264,16,0.75008,0.20071982281284606,86,0.005714285714285714,False,0.7090117931365967,True,True,False,False,False,occlusion
MOT17-04-FRCNN,283,118,98,105,276,6,1.0,0.0,-1,0.014808397201985363,False,,True,True,False,False,False,occlusion
MOT17-04-FRCNN,297,123,81,106,292,4,0.41441,0.3559812875918913,122,0.016131713639236826,False,0.841829776763916,True,True,False,False,False,occlusion
MOT17-04-FRCNN,300,92,97,107,259,40,0.92838,0.44788108207921706,96,0.003125,False,0.7559698820114136,True,True,True,False,False,long occlusion (> buffer)
MOT17-04-FRCNN,301,88,103,108,290,10,1.0,0.4166092350103377,91,0.004017652165832657,False,0.8908696174621582,True,True,False,False,False,occlusion
MOT17-04-FRCNN,315,123,106,110,308,6,0.54721,0.2805392156862745,122,0.009935728426447424,False,0.8296746015548706,True,True,False,False,False,occlusion
MOT17-04-FRCNN,316,88,108,111,303,12,1.0,0.5022794529312965,91,0.003972510006665998,False,0.9200394153594971,True,True,False,False,False,occlusion
MOT17-04-FRCNN,323,60,67,113,315,7,1.0,0.40312625250501,74,0.0,False,0.6620966196060181,True,True,False,False,False,occlusion
MOT17-04-FRCNN,328,89,99,115,323,4,0.40857,0.3702912102591504,71,0.02391516553475711,False,0.7739832997322083,True,True,False,False,False,occlusion
MOT17-04-FRCNN,330,123,110,116,315,14,0.46468,0.3090695550045674,122,0.014571361335646743,False,0.7894909977912903,True,True,False,False,False,occlusion
MOT17-04-FRCNN,341,92,107,119,303,37,0.94085,0.5283251231527094,93,0.0031446540880503146,False,0.8349618911743164,True,True,True,False,False,long occlusion (> buffer)
MOT17-04-FRCNN,346,88,111,121,327,18,1.0,0.5532064834390416,91,0.0,False,0.9326649904251099,True,True,False,False,False,occlusion
MOT17-04-FRCNN,355,106,118,122,341,13,0.62855,0.0,-1,0.005349444922248301,False,,True,True,False,False,False,occlusion
MOT17-04-FRCNN,357,82,58,123,351,5,0.25909,0.4046535154274153,3,0.013192198857116064,False,0.7807470560073853,True,True,False,False,False,occlusion
MOT17-04-FRCNN,359,66,104,124,299,59,0.69008,0.2183984116479153,86,0.006615585732247899,False,0.7542548179626465,True,True,True,False,False,long occlusion (> buffer)
MOT17-04-FRCNN,376,97,126,128,371,4,0.69811,0.0,-1,0.0031645569620253164,False,,True,True,False,False,False,occlusion
MOT17-04-FRCNN,379,88,121,129,360,18,1.0,0.5682630450321658,91,0.005681818181818182,False,0.9465793967247009,True,True,False,False,False,occlusion
MOT17-04-FRCNN,380,68,8,130,88,291,0.60714,0.659277108433735,69,0.0,False,0.8031703233718872,True,True,True,False,False,long occlusion (> buffer)
MOT17-04-FRCNN,386,98,112,132,322,63,0.33825,0.38263588263588266,2,0.005780346820809248,False,0.8365710973739624,True,True,True,False,False,long occlusion (> buffer)
MOT17-04-FRCNN,390,92,119,133,351,38,0.92244,0.6259580991313235,93,0.0,False,0.9109330177307129,True,True,True,False,False,long occlusion (> buffer)
MOT17-04-FRCNN,395,97,128,134,390,4,0.72956,0.0,-1,0.006289308176100629,False,,True,True,False,False,False,occlusion
MOT17-04-FRCNN,399,88,129,135,392,6,1.0,0.4971486078497149,91,0.0,False,0.90648353099823,True,True,False,False,False,occlusion
MOT17-04-FRCNN,403,97,134,136,396,6,0.74534,0.0,-1,0.0069877124296868435,False,,True,True,False,False,False,occlusion
MOT17-04-FRCNN,404,68,130,138,381,22,0.63768,0.31227436823104693,69,0.0,False,0.77544766664505,True,True,False,False,False,occlusion
MOT17-04-FRCNN,404,60,113,137,399,4,1.0,0.10472731988846379,74,0.0,False,0.7543449401855469,True,True,False,False,False,occlusion
MOT17-04-FRCNN,405,106,122,139,398,6,0.40505,0.369702434625789,4,0.013663899153363239,False,0.8675236105918884,True,True,False,False,False,occlusion
MOT17-04-FRCNN,408,3,2,141,385,22,0.46798,0.09345539752602038,6,0.01902391835743155,False,0.5749865770339966,True,True,False,False,False,occlusion
MOT17-04-FRCNN,414,97,136,144,408,5,0.77301,0.0,-1,0.006172839506172839,False,,True,True,False,False,False,occlusion
MOT17-04-FRCNN,429,98,132,146,418,10,0.81055,0.240532241555783,2,0.005780346820809248,False,0.8331438302993774,True,True,False,False,False,occlusion
MOT17-04-FRCNN,434,106,139,147,406,27,0.27536,0.4790759794222398,4,0.015131250075368705,False,0.6922090649604797,True,True,False,False,False,occlusion
MOT17-04-FRCNN,440,2,1,148,420,19,0.55919,0.4243306169965076,66,0.0075224125658143355,False,0.7148497700691223,True,True,False,False,False,occlusion
MOT17-04-FRCNN,450,88,135,149,410,39,1.0,0.4801976052918027,91,0.0,False,0.8976284265518188,True,True,True,False,False,long occlusion (> buffer)
MOT17-04-FRCNN,450,92,133,150,408,41,0.64226,0.7175011483693156,93,0.0,False,0.7838548421859741,True,True,True,False,False,long occlusion (> buffer)
MOT17-04-FRCNN,453,98,146,151,436,16,0.60146,0.2937270662240084,2,0.005813953488372093,False,0.699544370174408,True,True,False,False,False,occlusion
MOT17-04-FRCNN,455,80,14,152,448,6,1.0,0.12123036176488293,93,0.014124293785310734,False,0.6337549090385437,True,True,False,False,False,occlusion
MOT17-04-FRCNN,456,86,71,153,167,288,0.41211,0.512765750897971,66,0.0029239766081871343,False,0.7810045480728149,True,True,True,False,False,long occlusion (> buffer)
MOT17-04-FRCNN,461,97,144,156,437,23,0.81098,0.3506893755068938,67,0.009202453987730062,False,0.8799349665641785,True,True,False,False,False,occlusion
MOT17-04-FRCNN,462,120,143,157,418,43,0.13575,0.7487237663074305,119,0.020203050891044214,False,0.46817532181739807,True,True,True,False,False,long occlusion (> buffer)
MOT17-04-FRCNN,468,80,152,158,457,10,1.0,0.253696119941695,90,0.008670520231213872,False,0.42882081866264343,True,True,False,False,False,occlusion
MOT17-04-FRCNN,470,98,151,159,456,13,0.57206,0.22755741127348644,99,0.008426966292134831,False,0.7392667531967163,True,True,False,False,False,occlusion
MOT17-04-FRCNN,471,121,127,160,448,22,0.40761,0.5237456399248726,120,0.02316740732269698,False,0.6070185303688049,True,True,False,False,False,occlusion
MOT17-04-FRCNN,474,119,125,161,373,100,0.0,0.7487237663074305,120,0.012271147695290656,False,0.7479885816574097,True,True,True,False,False,long occlusion (> buffer)
MOT17-04-FRCNN,475,97,156,162,467,7,0.79755,0.33664010408196454,67,0.0030864197530864196,False,0.8124640583992004,True,True,False,False,False,occlusion
MOT17-04-FRCNN,476,86,153,163,463,12,0.80367,0.5371352785145889,66,0.006694814303891586,False,0.8827987313270569,True,True,False,False,False,occlusion
MOT17-04-FRCNN,479,88,149,164,453,25,1.0,0.7764932562620424,91,0.0,False,0.9435502290725708,True,True,False,False,False,occlusion
MOT17-04-FRCNN,482,68,138,165,404,77,0.63768,0.3663849378135092,69,0.0074042594888643724,False,0.5485339760780334,True,True,True,False,False,long occlusion (> buffer)
MOT17-04-FRCNN,483,89,115,166,472,10,0.25405,0.5755604997432826,1,0.027540469205293187,False,0.8376065492630005,True,True,False,False,False,occlusion
MOT17-04-FRCNN,490,86,163,167,477,12,0.79079,0.4209106239460371,66,0.006615585732247899,False,0.6967062950134277,True,True,False,False,False,occlusion
MOT17-04-FRCNN,492,119,161,169,475,16,0.76452,0.10646083476272156,118,0.008676156824374818,False,0.6829789876937866,True,True,False,False,False,occlusion
MOT17-04-FRCNN,492,80,158,168,486,5,1.0,0.31403940886699505,90,0.01330992843749875,False,0.711103081703186,True,True,False,False,False,occlusion
MOT17-04-FRCNN,494,88,164,170,480,13,0.94726,0.7764932562620424,91,0.0,False,0.929864227771759,True,True,False,False,False,occlusion
MOT17-04-FRCNN,502,90,16,172,461,40,0.46784,0.5918762088974855,94,0.0,False,0.7783879041671753,True,True,True,False,False,long occlusion (> buffer)
MOT17-04-FRCNN,507,86,167,173,498,8,0.71279,0.14834068473009873,99,0.005847953216374269,False,0.740276575088501,True,True,False,False,False,occlusion
MOT17-04-FRCNN,516,86,173,174,509,6,0.73719,0.11908137227105188,99,0.006538210460525701,False,0.7454577684402466,True,True,False,False,False,occlusion
MOT17-04-FRCNN,526,97,162,175,520,5,0.72393,0.048715677590788306,65,0.008729713347982069,False,0.522520899772644,True,True,False,False,False,occlusion
MOT17-04-FRCNN,531,106,147,177,526,4,0.60883,0.0,-1,0.009438615904355992,False,,True,True,False,False,False,occlusion
MOT17-04-FRCNN,536,69,12,178,23,512,0.094305,0.7269230769230769,68,0.0068651143804519185,False,0.6181634664535522,True,True,True,False,False,long occlusion (> buffer)
MOT17-04-FRCNN,542,69,178,180,536,5,0.5698,0.03877858535720617,68,0.006734350297014738,False,0.595637321472168,True,True,False,False,False,occlusion
MOT17-04-FRCNN,543,92,150,181,534,8,0.96536,0.7293274531422271,93,0.0,False,0.905610203742981,True,True,False,False,False,occlusion
MOT17-04-FRCNN,546,80,168,183,528,17,0.30909,0.5069462421261541,88,0.0158354643279279,False,0.5451357364654541,True,True,False,False,False,occlusion
MOT17-04-FRCNN,548,63,80,185,538,9,0.67808,0.0,-1,0.010829718014275272,False,,True,True,False,False,False,occlusion
MOT17-04-FRCNN,548,88,170,184,504,43,0.29974,0.7354786480469541,91,0.0,False,0.9233999848365784,True,True,True,False,False,long occlusion (> buffer)
MOT17-04-FRCNN,551,89,166,186,534,16,0.27043,0.0,-1,0.0208716396726916,False,,True,True,False,False,False,occlusion
MOT17-04-FRCNN,554,74,74,189,196,357,0.0,0.7076156429422598,75,0.006666666666666667,False,0.5632181167602539,True,True,True,False,False,long occlusion (> buffer)
MOT17-04-FRCNN,559,70,40,192,552,6,0.4781,0.23228096570206164,71,0.011213369028548656,False,0.876777172088623,True,True,False,False,False,occlusion
MOT17-04-FRCNN,560,119,169,193,552,7,0.91875,0.0,-1,0.011338211558062859,False,,True,True,False,False,False,occlusion
MOT17-04-FRCNN,562,83,13,194,551,10,0.27271,0.6402140781172467,82,0.017777721663891886,False,0.8191661834716797,True,True,False,False,False,occlusion
MOT17-04-FRCNN,563,80,183,196,556,6,0.81222,0.23773155671108223,124,0.015822784810126583,False,0.5900245308876038,True,True,False,False,False,occlusion
MOT17-04-FRCNN,566,120,157,197,561,4,0.66776,0.0,-1,0.010667311465869791,False,,True,True,False,False,False,occlusion
MOT17-04-FRCNN,569,74,189,201,562,6,0.80936,0.056880399075313295,60,0.0033112582781456954,False,0.4367698132991791,True,True,False,False,False,occlusion
MOT17-04-FRCNN,576,92,181,202,567,8,0.86807,0.6366032762191678,93,0.003125,False,0.8589451909065247,True,True,False,False,False,occlusion
MOT17-04-FRCNN,580,124,200,204,570,9,0.69938,0.1601213040181956,80,0.008468344684868833,False,0.42912596464157104,True,True,False,False,False,occlusion
MOT17-04-FRCNN,583,86,174,205,576,6,1.0,0.0,-1,0.0064626242124271385,False,,True,True,False,False,False,occlusion
MOT17-04-FRCNN,590,92,202,206,579,10,0.7941,0.5681943677526229,93,0.0,False,0.8911637663841248,True,True,False,False,False,occlusion
MOT17-04-FRCNN,598,74,201,210,586,11,0.94771,0.0,-1,0.0,False,,True,True,False,False,False,occlusion
MOT17-04-FRCNN,604,86,205,213,594,9,1.0,0.0,-1,0.008174644869208643,False,,True,True,False,False,False,occlusion
MOT17-04-FRCNN,609,3,141,214,586,22,0.38979,0.08168504580197211,6,0.022268873018522702,False,0.5294555425643921,True,True,False,False,False,occlusion
MOT17-04-FRCNN,613,86,213,215,608,4,1.0,0.0,-1,0.002857142857142857,False,,True,True,False,False,False,occlusion
MOT17-04-FRCNN,625,92,206,221,620,4,0.66675,0.3135800637840243,93,0.0031446540880503146,False,0.8447449207305908,True,True,False,False,False,occlusion
MOT17-04-FRCNN,653,75,92,223,293,359,0.2897,0.7076156429422598,74,0.005847953216374269,False,0.7997539043426514,True,True,True,False,False,long occlusion (> buffer)
MOT17-04-FRCNN,654,86,215,224,624,29,1.0,0.0,-1,0.0028735632183908046,False,,True,True,False,False,False,occlusion
MOT17-04-FRCNN,661,86,224,226,655,5,1.0,0.0,-1,0.002857142857142857,False,,True,True,False,False,False,occlusion
MOT17-04-FRCNN,663,133,212,229,599,63,0.56856,0.7086614173228346,131,0.006535947712418301,False,0.6312917470932007,True,True,True,False,False,long occlusion (> buffer)
MOT17-04-FRCNN,667,141,222,230,660,6,0.73103,0.0,-1,0.02345525850524255,False,,True,True,False,False,False,occlusion
MOT17-04-FRCNN,668,90,172,231,662,5,0.62227,0.3367708669029971,95,0.0,False,0.4738926589488983,True,True,False,False,False,occlusion
MOT17-04-FRCNN,669,86,226,232,664,4,1.0,0.0,-1,0.003994953566025692,False,,True,True,False,False,False,occlusion
MOT17-04-FRCNN,678,132,227,235,664,13,0.79774,0.6498272884283247,134,0.008838834764831844,False,0.9257813692092896,True,True,False,False,False,occlusion
MOT17-04-FRCNN,688,132,235,236,682,5,0.80632,0.5813177648040033,134,0.0069877124296868435,False,0.8544085025787354,True,True,False,False,False,occlusion
MOT17-04-FRCNN,692,92,221,237,638,53,0.50222,0.48650296064089166,93,0.003105590062111801,False,0.8542119860649109,True,True,True,False,False,long occlusion (> buffer)
MOT17-04-FRCNN,697,141,230,238,687,9,0.65493,0.0,-1,0.02127659574468085,False,,True,True,False,False,False,occlusion
MOT17-04-FRCNN,699,92,237,239,693,5,0.67184,0.4341439529949404,93,0.003067484662576687,False,0.8440717458724976,True,True,False,False,False,occlusion
MOT17-04-FRCNN,708,106,177,241,534,173,0.3332,0.06309409888357256,111,0.010481253707744154,False,0.5461766719818115,True,True,True,False,False,long occlusion (> buffer)
MOT17-04-FRCNN,709,86,232,242,697,11,1.0,0.0,-1,0.005714285714285714,False,,True,True,False,False,False,occlusion
MOT17-04-FRCNN,719,106,241,244,712,6,0.87283,0.09465020576131687,111,0.005813953488372093,False,0.527799665927887,True,True,False,False,False,occlusion
MOT17-04-FRCNN,722,90,231,245,678,43,0.4165,0.3933144852818892,95,0.0,False,0.6859304308891296,True,True,True,False,False,long occlusion (> buffer)
MOT17-04-FRCNN,724,132,236,246,708,15,0.825,0.6788837574923848,134,0.008894424920585503,False,0.8956823945045471,True,True,False,False,False,occlusion
MOT17-04-FRCNN,729,141,238,247,704,24,0.57857,0.0,-1,0.02158273381294964,False,,True,True,False,False,False,occlusion
MOT17-04-FRCNN,730,111,155,248,725,4,0.7415,0.11319783895034731,106,0.0,False,0.5439591407775879,True,True,False,False,False,occlusion
MOT17-04-FRCNN,732,88,184,249,727,4,0.76643,0.548244807939717,91,0.0,False,0.8805729150772095,True,True,False,False,False,occlusion
MOT17-04-FRCNN,732,133,229,250,670,61,0.41398,0.2945389435989257,91,0.013551927136362362,False,0.6977429389953613,True,True,True,False,False,long occlusion (> buffer)
MOT17-04-FRCNN,733,132,246,251,727,5,0.82546,0.7122680412371134,134,0.011267347735824966,False,0.899259626865387,True,True,False,False,False,occlusion
MOT17-04-FRCNN,740,106,244,253,721,18,0.87672,0.11512105984467794,111,0.006694814303891586,False,0.49997058510780334,True,True,False,False,False,occlusion
MOT17-04-FRCNN,748,132,251,254,733,14,0.76581,0.703012912482066,134,0.008417937871268424,False,0.8358412384986877,True,True,False,False,False,occlusion
MOT17-04-FRCNN,753,106,253,255,742,10,0.98417,0.10382004525489152,111,0.009582659576267817,False,0.4423995614051819,True,True,False,False,False,occlusion
MOT17-04-FRCNN,759,88,249,256,738,20,0.59797,0.5832221163012393,91,0.0,False,0.9321410059928894,True,True,False,False,False,occlusion
MOT17-04-FRCNN,764,92,239,258,699,64,0.55122,0.41212962207166765,93,0.006134969325153374,False,0.8356744647026062,True,True,True,False,False,long occlusion (> buffer)
MOT17-04-FRCNN,777,132,254,262,772,4,0.84481,0.6259207459207459,134,0.008519358809476477,False,0.8251043558120728,True,True,False,False,False,occlusion
MOT17-04-FRCNN,784,88,256,263,761,22,0.57296,0.5989492119089317,91,0.005813953488372093,False,0.8957076072692871,True,True,False,False,False,occlusion
MOT17-04-FRCNN,793,111,248,264,738,54,0.68109,0.3067787319568792,107,0.006896551724137931,False,0.7751266360282898,True,True,True,False,False,long occlusion (> buffer)
MOT17-04-FRCNN,796,92,258,266,779,16,0.92256,0.2885864995030961,93,0.0,False,0.8233692646026611,True,True,False,False,False,occlusion
MOT17-04-FRCNN,806,92,266,267,797,8,0.93561,0.3992193044712562,126,0.0,False,0.49569252133369446,True,True,False,False,False,occlusion
MOT17-04-FRCNN,822,92,267,271,811,10,0.91951,0.3174072836618777,126,0.003048780487804878,False,0.5394758582115173,True,True,False,False,False,occlusion
MOT17-04-FRCNN,845,68,165,276,840,4,0.4423,0.3202108384121232,88,0.0,False,0.6021645665168762,True,True,False,False,False,occlusion
MOT17-04-FRCNN,864,86,242,281,852,11,0.98581,0.0,-1,0.0,False,,True,True,False,False,False,occlusion
MOT17-04-FRCNN,868,68,276,283,863,4,0.47277,0.34209221616261776,91,0.0,False,0.5488142371177673,True,True,False,False,False,occlusion
MOT17-04-FRCNN,878,86,281,286,867,10,0.98581,0.0,-1,0.0,False,,True,True,False,False,False,occlusion
MOT17-04-FRCNN,882,68,283,287,875,6,0.52899,0.3472906403940887,91,0.0,False,0.5467652082443237,True,True,False,False,False,occlusion
MOT17-04-FRCNN,883,111,264,288,875,7,0.8058,0.1996949105533213,105,0.0064516129032258064,False,0.42073196172714233,True,True,False,False,False,occlusion
MOT17-04-FRCNN,889,92,271,290,872,16,1.0,0.5867776411614489,94,0.0,False,0.8049826622009277,True,True,False,False,False,occlusion
MOT17-04-FRCNN,898,117,289,291,893,4,0.95533,0.033828227776733694,127,0.007818419501747517,False,0.591968297958374,True,True,False,False,False,occlusion
MOT17-04-FRCNN,911,111,288,294,886,24,0.75658,0.17982568572160984,105,0.00967741935483871,False,0.4557975232601166,True,True,False,False,False,occlusion
MOT17-04-FRCNN,924,90,245,295,729,194,0.23226,0.5266897431226089,95,0.0,False,0.6473503112792969,True,True,True,False,False,long occlusion (> buffer)
MOT17-04-FRCNN,927,106,255,297,919,7,0.87949,0.006205783790492739,111,0.009555497043061453,False,0.30522993206977844,True,True,False,False,False,occlusion
MOT17-04-FRCNN,932,105,142,298,776,155,0.28726,0.33013633481293597,108,0.006756756756756757,False,0.3913004994392395,True,True,True,False,False,long occlusion (> buffer)
MOT17-04-FRCNN,932,86,286,299,927,4,1.0,0.0,-1,0.0029411764705882353,False,,True,True,False,False,False,occlusion
MOT17-04-FRCNN,937,3,214,300,806,130,0.34566,0.14878668004959555,6,0.004582106511270061,False,0.5178046822547913,True,True,True,False,False,long occlusion (> buffer)
MOT17-04-FRCNN,943,3,300,301,937,5,0.43176,0.10780460415496912,6,0.004563404035713856,False,0.5032389760017395,True,True,False,False,False,occlusion
MOT17-04-FRCNN,943,90,295,302,931,11,0.30976,0.33932515804707136,94,0.0,False,0.7315256595611572,True,True,False,False,False,occlusion
MOT17-04-FRCNN,950,117,291,303,926,23,0.73333,0.1158668642425624,126,0.004621612948931684,False,0.7080670595169067,True,True,False,False,False,occlusion
MOT17-04-FRCNN,951,111,294,304,927,23,0.78965,0.013699412066898795,105,0.012658227848101266,False,0.30588191747665405,True,True,False,False,False,occlusion
MOT17-04-FRCNN,964,117,303,305,959,4,0.78179,0.10666666666666667,126,0.006535947712418301,False,0.7204905152320862,True,True,False,False,False,occlusion
MOT17-04-FRCNN,965,111,304,306,960,4,0.80069,0.0,-1,0.006134969325153374,False,,True,True,False,False,False,occlusion
MOT17-04-FRCNN,978,86,299,307,973,4,0.9574,0.01579746835443038,134,0.002976190476190476,False,0.5431624054908752,True,True,False,False,False,occlusion
MOT17-04-FRCNN,978,69,180,308,957,20,0.41451,0.708658880386629,68,0.016556427540148584,False,0.9337369203567505,True,True,False,False,False,occlusion
MOT17-04-FRCNN,985,69,308,309,978,6,0.66406,0.6427631069464881,68,0.010416666666666666,False,0.8984165787696838,True,True,False,False,False,occlusion
MOT17-04-FRCNN,988,90,302,310,982,5,0.9066,0.30649441340782124,94,0.0,False,0.6924456357955933,True,True,False,False,False,occlusion
MOT17-04-FRCNN,992,86,307,311,986,5,0.93651,0.08108463867316046,117,0.0030120481927710845,False,0.6961721181869507,True,True,False,False,False,occlusion
MOT17-04-FRCNN,1001,68,287,312,889,111,0.0,0.708658880386629,69,0.012048192771084338,False,0.7187154293060303,True,True,True,False,False,long occlusion (> buffer)
MOT17-04-FRCNN,1006,3,301,313,946,59,0.3341,0.10235750522232169,6,0.006615643640519623,False,0.47587037086486816,True,True,True,False,False,long occlusion (> buffer)
MOT17-04-FRCNN,1014,69,309,314,986,27,0.63436,0.3687707641196013,88,0.015544041450777202,False,0.49088820815086365,True,True,False,False,False,occlusion
MOT17-04-FRCNN,1023,68,312,315,1011,11,0.62395,0.4118024374599102,88,0.02147239263803681,False,0.3427906632423401,True,True,False,False,False,occlusion
MOT17-04-FRCNN,1025,112,273,316,1012,12,0.88623,0.0,-1,0.015060240963855422,False,,True,True,False,False,False,occlusion
MOT17-04-FRCNN,1043,69,314,317,1035,7,0.75,0.29116598441832825,117,0.0161775599210059,False,0.7354873418807983,True,True,False,False,False,occlusion
MOT17-04-FRCNN,1050,111,306,318,1044,5,0.74516,0.0,-1,0.013718208450918956,False,,True,True,False,False,False,occlusion
MOT17-05-FRCNN,10,4,3,7,7,2,0.88956,0.2012987012987013,5,0.11594202898550725,False,0.8169693946838379,True,True,False,True,False,occlusion
MOT17-05-FRCNN,33,14,4,14,17,15,0.0,0.4546680148297944,5,0.1288470508005519,False,0.8611001372337341,True,True,False,True,False,occlusion
MOT17-05-FRCNN,34,5,3,14,4,29,0.0,0.5436802973977695,14,0.09567070992093485,True,0.8570349812507629,False,True,False,True,True,occlusion + similar appearance
MOT17-05-FRCNN,35,4,7,14,17,17,0.0,0.3546453546453546,5,0.1305178652093622,True,0.7850242853164673,False,True,False,True,False,occlusion
MOT17-05-FRCNN,35,3,5,15,19,15,0.0,0.0634441087613293,4,0.09519716382329886,False,0.8002420663833618,True,True,False,True,False,occlusion
MOT17-05-FRCNN,36,14,14,16,33,2,1.0,0.32507739938080493,5,0.13469952459984466,False,0.8298202157020569,True,True,False,True,False,occlusion
MOT17-05-FRCNN,60,125,2,17,59,0,0.86799,0.02242984349703184,14,0.008348794063079777,False,0.5431331992149353,True,False,False,False,False,other (detector jitter / missed det)
MOT17-05-FRCNN,61,125,17,2,60,0,0.85868,0.02227895103272221,14,0.008202341610631719,False,0.6016263365745544,False,False,False,False,False,other (detector jitter / missed det)
MOT17-05-FRCNN,66,14,16,20,40,25,0.0,0.31596544998606857,5,0.015463917525773196,False,0.7705823183059692,True,True,False,False,False,occlusion
MOT17-05-FRCNN,75,107,23,21,72,2,0.40741,0.391644908616188,9,0.013975424859373687,True,0.8868069052696228,False,True,False,False,True,occlusion + similar appearance
MOT17-05-FRCNN,83,125,2,27,82,0,0.81356,0.020872507317548118,14,0.0012005208509109466,False,0.5959272980690002,True,False,False,False,False,other (detector jitter / missed det)
MOT17-05-FRCNN,87,117,22,28,74,12,0.0,0.0033826287179243714,125,0.06544612104155016,False,0.6771984100341797,True,True,False,False,False,occlusion
MOT17-05-FRCNN,89,14,20,29,74,14,0.0,0.02108849636869004,125,0.0,False,0.7456512451171875,True,True,False,False,False,occlusion
MOT17-05-FRCNN,94,9,21,31,73,20,0.0,0.4019674355495251,107,0.011235955056179775,False,0.9097582697868347,True,True,False,False,False,occlusion
MOT17-05-FRCNN,99,14,29,36,93,5,0.0,0.021406322904450246,125,0.0,False,0.7425559759140015,True,True,False,False,False,occlusion
MOT17-05-FRCNN,100,1,1,38,89,10,0.70174,0.32268397538565285,2,0.0011350028590474278,False,0.8476702570915222,True,True,False,False,False,occlusion
MOT17-05-FRCNN,101,107,21,39,79,21,0.0,0.4105473965287049,9,0.013000395218022034,False,0.8817451000213623,True,True,False,False,False,occlusion
MOT17-05-FRCNN,106,139,35,41,101,4,0.0,0.06972883231876037,8,0.0,False,0.6486395001411438,True,True,False,False,False,occlusion
MOT17-05-FRCNN,107,9,31,42,101,5,0.14774,0.3948549207298833,107,0.005494505494505495,False,0.9305857419967651,True,True,False,False,False,occlusion
MOT17-05-FRCNN,108,125,27,2,107,0,0.80402,0.020564291425387057,14,0.0023728415476058644,False,0.7549273371696472,False,False,False,False,False,other (detector jitter / missed det)
MOT17-05-FRCNN,111,107,39,43,101,9,0.16315,0.4211785821118756,9,0.011363636363636364,False,0.9257006645202637,True,True,False,False,False,occlusion
MOT17-05-FRCNN,120,8,33,45,103,16,0.0,0.19112627986348124,139,0.01694915254237288,False,0.6937069892883301,True,True,False,False,False,occlusion
MOT17-05-FRCNN,121,14,36,46,104,16,0.0,0.021097439721600796,125,0.0,False,0.7542368769645691,True,True,False,False,False,occlusion
MOT17-05-FRCNN,125,107,43,47,111,13,0.0,0.5094339622641509,9,0.0,False,0.9303151369094849,True,True,False,False,False,occlusion
MOT17-05-FRCNN,128,8,45,50,120,7,0.0,0.21283783783783783,139,0.016129032258064516,False,0.6693285703659058,True,True,False,False,False,occlusion
MOT17-05-FRCNN,131,9,42,52,112,18,0.0,0.5533980582524272,107,0.0,False,0.9267460703849792,True,True,False,False,False,occlusion
MOT17-05-FRCNN,133,1,38,53,116,16,0.69044,0.2602188756898326,2,0.003993610223642172,False,0.9038367867469788,True,True,False,False,False,occlusion
MOT17-05-FRCNN,139,125,2,44,134,4,0.78818,0.019810928117010525,14,0.0018388716920228535,False,0.7406945824623108,True,True,False,False,False,occlusion
MOT17-05-FRCNN,148,125,44,2,145,2,0.78176,0.018835473938250715,14,0.001823872738580579,False,0.8043063282966614,False,True,False,False,False,occlusion
MOT17-05-FRCNN,156,125,2,44,155,0,0.77922,0.019559155880367468,14,0.009890670780972714,False,0.7271214127540588,False,False,False,False,False,other (detector jitter / missed det)
MOT17-05-FRCNN,156,14,46,55,145,10,0.0,0.042414011394809034,8,0.0,False,0.7813453078269958,True,True,False,False,False,occlusion
MOT17-05-FRCNN,157,8,50,56,142,14,0.0,0.121537825547747,12,0.024705294220065465,False,0.7076091766357422,True,True,False,False,False,occlusion
MOT17-05-FRCNN,166,107,47,58,125,40,0.0,0.5590103644266132,9,0.0,False,0.8287738561630249,True,True,True,False,False,long occlusion (> buffer)
MOT17-05-FRCNN,180,12,48,63,134,45,0.0,0.121537825547747,8,0.018518518518518517,False,0.6383612155914307,True,True,True,False,False,long occlusion (> buffer)
MOT17-05-FRCNN,180,14,55,61,170,9,0.0,0.22068306663482207,8,0.0,False,0.7684177160263062,True,True,False,False,False,occlusion
MOT17-05-FRCNN,180,8,56,62,170,9,0.0,0.22068306663482207,14,0.007575757575757576,False,0.7684177160263062,True,True,False,False,False,occlusion
MOT17-05-FRCNN,209,12,63,66,196,12,0.38462,0.2983251919050942,8,0.01694915254237288,False,0.7950366735458374,True,True,False,False,False,occlusion
MOT17-05-FRCNN,217,12,66,68,210,6,0.5,0.24573378839590443,8,0.018328426045080243,False,0.7111421227455139,True,True,False,False,False,occlusion
MOT17-05-FRCNN,222,125,44,69,158,63,0.7571,0.02286027923570375,14,0.009932878612578471,False,0.7162303924560547,True,True,True,False,False,long occlusion (> buffer)
MOT17-05-FRCNN,229,1,53,67,179,49,0.61557,0.2579727863680772,2,0.018801147595082213,False,0.5910066962242126,True,True,True,False,False,long occlusion (> buffer)
MOT17-05-FRCNN,231,1,67,71,230,0,0.78512,0.0,-1,0.021175296803279862,False,,True,False,False,False,False,other (detector jitter / missed det)
MOT17-05-FRCNN,234,1,71,67,233,0,0.8045,0.057811753463927376,17,0.01807897922438981,False,0.7635321617126465,False,False,False,False,False,other (detector jitter / missed det)
MOT17-05-FRCNN,235,1,67,71,234,0,0.84029,0.09841113079850118,17,0.01807897922438981,False,0.8600808382034302,False,False,False,False,False,other (detector jitter / missed det)
MOT17-05-FRCNN,245,1,71,67,244,0,0.93372,0.058466372282608696,15,0.019632337641667438,False,0.7730835676193237,False,False,False,False,False,other (detector jitter / missed det)
MOT17-05-FRCNN,249,1,67,71,248,0,0.92442,0.07482070546909304,15,0.022665276757143207,False,0.7619014382362366,False,False,False,False,False,other (detector jitter / missed det)
MOT17-05-FRCNN,252,125,69,80,251,0,0.084615,0.23323530829677483,126,0.03263698953658781,False,0.8854247331619263,True,True,False,False,False,occlusion
MOT17-05-FRCNN,256,15,74,85,241,14,0.0,0.6573862771945839,27,0.06459672385322834,False,0.9757057428359985,True,True,False,False,False,occlusion
MOT17-05-FRCNN,263,20,78,83,257,5,0.0,0.33114422834049,23,0.03355704697986577,True,0.9118837118148804,False,True,False,False,True,occlusion + similar appearance
MOT17-05-FRCNN,264,23,83,18,262,1,0.98319,0.3084520417853751,2,0.07779133143333321,True,0.8336771726608276,False,True,False,False,False,occlusion
MOT17-05-FRCNN,267,23,18,89,264,2,0.43448,0.33636042402826855,2,0.1396765750957765,False,0.7493677735328674,True,True,False,True,False,occlusion
MOT17-05-FRCNN,268,2,18,90,263,4,0.0,0.33636042402826855,23,0.037064558201210344,False,0.7080621719360352,True,True,False,False,False,occlusion
MOT17-05-FRCNN,280,2,90,95,271,8,0.0,0.6472081218274112,20,0.12447110853004278,False,0.6568357348442078,True,True,False,True,False,occlusion
MOT17-05-FRCNN,280,1,71,94,279,0,0.85061,0.05921507684845,30,0.057858599966140144,False,0.7664353847503662,True,False,False,False,False,other (detector jitter / missed det)
MOT17-05-FRCNN,283,2,95,98,280,2,0.44643,0.09765578280110035,25,0.211463749702571,False,0.681580662727356,True,True,False,True,False,occlusion
MOT17-05-FRCNN,287,28,93,102,275,11,0.0,0.9846153846153847,29,0.11153846153846154,False,0.7009913921356201,True,True,False,True,False,occlusion
MOT17-05-FRCNN,287,26,86,100,261,25,0.0,0.7647058823529411,25,0.05464896762978632,False,0.9365076422691345,True,True,False,False,False,occlusion
MOT17-05-FRCNN,287,29,96,101,284,2,0.26316,0.06411489190111355,20,0.04312596705806131,False,0.7307302951812744,True,True,False,False,False,occlusion
MOT17-05-FRCNN,288,1,94,103,280,7,0.51436,0.05442176870748299,29,0.030269341542973126,False,0.7703458666801453,True,True,False,False,False,occlusion
MOT17-05-FRCNN,289,30,96,102,282,6,0.08,0.5462839610835251,28,0.08009549306106181,True,0.8116579055786133,False,True,False,True,False,occlusion
MOT17-05-FRCNN,302,28,102,106,294,7,0.0,0.4702667952426872,30,0.04987627772924589,False,0.5843807458877563,True,True,False,False,False,occlusion
MOT17-05-FRCNN,302,20,83,107,300,1,0.86331,0.3733191542949893,1,0.03563971251324771,False,0.8315883874893188,True,True,False,False,False,occlusion
MOT17-05-FRCNN,304,29,101,109,293,10,0.0,0.33702734309739935,38,0.07280247998276111,False,0.9148027896881104,True,True,False,False,False,occlusion
MOT17-05-FRCNN,309,1,103,83,302,6,0.040064,0.6908234053421656,20,0.024871846765369274,True,0.3044554591178894,False,True,False,False,False,occlusion
MOT17-05-FRCNN,309,2,98,114,287,21,0.0,0.4970414201183432,30,0.009164213022540122,False,0.8295704126358032,True,True,False,False,False,occlusion
MOT17-05-FRCNN,309,31,101,112,298,10,0.0,0.6797908335896647,35,0.02658296169874239,True,0.9204016327857971,False,True,False,False,True,occlusion + similar appearance
MOT17-05-FRCNN,315,38,104,115,303,11,0.0,0.33702734309739935,37,0.06065228969938952,True,0.7535934448242188,False,True,False,False,False,occlusion
MOT17-05-FRCNN,322,2,114,108,316,5,0.0,0.453522220065981,36,0.07013959897138496,True,0.8897411823272705,False,True,False,False,True,occlusion + similar appearance
MOT17-05-FRCNN,323,35,112,118,307,15,0.0,0.6797908335896647,31,0.04251890763948785,False,0.7390558123588562,True,True,False,False,False,occlusion
MOT17-05-FRCNN,324,31,112,119,321,2,0.0,0.2749331759641754,34,0.06759189550192886,False,0.7902319431304932,True,True,False,False,False,occlusion
MOT17-05-FRCNN,325,36,108,105,320,4,0.79365,0.7665827495621717,33,0.15724671892362302,True,0.9674050807952881,False,True,False,True,True,occlusion + similar appearance
MOT17-05-FRCNN,327,36,105,116,326,0,1.0,0.6487804878048781,43,0.11880856259398051,True,0.9402105212211609,False,True,False,True,True,occlusion + similar appearance
MOT17-05-FRCNN,330,41,116,121,324,5,0.0,0.6821488528259653,43,0.07646302563405155,False,0.9643334746360779,True,True,False,False,False,occlusion
MOT17-05-FRCNN,336,38,115,122,328,7,0.0,0.46110818636483286,35,0.03081555202970643,False,0.7986965775489807,True,True,False,False,False,occlusion
MOT17-05-FRCNN,342,41,121,125,331,10,0.0,0.6071846104793283,31,0.026066350710900472,False,0.6665250062942505,True,True,False,False,False,occlusion
MOT17-05-FRCNN,364,44,128,133,354,9,0.0,0.47104247104247104,38,0.14357076610122527,False,0.8031690716743469,True,True,False,True,False,occlusion
MOT17-05-FRCNN,368,1,83,132,367,0,0.87706,0.0,-1,0.027650016464138463,False,,True,False,False,False,False,other (detector jitter / missed det)
MOT17-05-FRCNN,373,47,123,135,346,26,0.0,0.19469026548672566,44,0.08232168307397653,False,0.5356537699699402,True,True,False,True,False,occlusion
MOT17-05-FRCNN,386,47,135,141,383,2,1.0,0.0,-1,0.13518379100385772,False,,True,True,False,True,False,occlusion
MOT17-05-FRCNN,389,48,139,143,384,4,1.0,0.31181619256017507,49,0.14611461586322613,False,0.8256978988647461,True,True,False,True,False,occlusion
MOT17-05-FRCNN,391,49,138,144,381,9,0.34375,0.4080578512396694,48,0.09951394036064118,False,0.793694257736206,True,True,False,True,False,occlusion
MOT17-05-FRCNN,400,48,143,144,391,8,1.0,0.5071076298230345,49,0.05555555555555555,True,0.8976578116416931,False,True,False,False,True,occlusion + similar appearance
MOT17-05-FRCNN,422,48,144,149,416,5,1.0,0.49489975378121703,49,0.07899691597789896,False,0.9395005702972412,True,True,False,False,False,occlusion
MOT17-05-FRCNN,435,51,152,151,434,0,0.92636,0.3501144164759725,128,0.08498869802811883,False,0.9223748445510864,True,True,False,True,False,occlusion
MOT17-05-FRCNN,440,54,148,155,427,12,0.0,0.3518140589569161,128,0.04241063370868095,False,0.7409045696258545,True,True,False,False,False,occlusion
MOT17-05-FRCNN,443,128,150,156,434,8,0.0,0.3860748706188602,51,0.028946929052337575,False,0.43792569637298584,True,True,False,False,False,occlusion
MOT17-05-FRCNN,446,38,122,158,439,6,0.0,0.05621704555277034,51,0.022438186696393764,False,0.6158262491226196,True,True,False,False,False,occlusion
MOT17-05-FRCNN,447,42,129,159,440,6,0.0,0.060776644480940445,51,0.03747782299712556,False,0.5010491609573364,True,True,False,False,False,occlusion
MOT17-05-FRCNN,450,48,149,161,438,11,0.0,0.4798951048951049,49,0.10738068841694934,False,0.9009560942649841,True,True,False,True,False,occlusion
MOT17-05-FRCNN,498,54,155,165,478,19,0.015873,0.37768093651200546,52,0.013530564842046492,False,0.8421339988708496,True,True,False,False,False,occlusion
MOT17-05-FRCNN,514,56,167,168,512,1,0.54118,0.16543726235741446,55,0.0352063657130941,False,0.8656929731369019,True,True,False,False,False,occlusion
MOT17-05-FRCNN,519,128,156,169,490,28,0.0,0.36747100305973796,124,0.013503621044599325,False,0.6376354098320007,True,True,False,False,False,occlusion
MOT17-05-FRCNN,530,52,153,171,515,14,0.0,0.5386338185890257,54,0.01741485963784883,False,0.9214558601379395,True,True,False,False,False,occlusion
MOT17-05-FRCNN,538,53,157,173,518,19,0.0,0.2198939414980892,124,0.021427478217774167,False,0.5785130262374878,True,True,False,False,False,occlusion
MOT17-05-FRCNN,540,54,165,174,510,29,0.0,0.5386338185890257,52,0.028846028341604643,False,0.7599164247512817,True,True,False,False,False,occlusion
MOT17-05-FRCNN,564,60,171,176,557,6,0.0,0.3830673633667561,62,0.009221172614956342,False,0.6872952580451965,True,True,False,False,False,occlusion
MOT17-05-FRCNN,568,54,174,171,563,4,0.0,0.3364205938436393,62,0.01221438259096028,True,0.6956183910369873,False,True,False,False,False,occlusion
MOT17-05-FRCNN,570,52,171,169,551,18,0.0,0.43029419560031806,128,0.020710967679516166,True,0.9062221646308899,False,True,False,False,True,occlusion + similar appearance
MOT17-05-FRCNN,577,53,173,176,563,13,0.0,0.6525134328358209,60,0.020895522388059702,True,0.9591077566146851,False,True,False,False,True,occlusion + similar appearance
MOT17-05-FRCNN,582,53,176,177,577,4,0.0,0.6200701554797118,54,0.02789902697672617,False,0.8963980674743652,True,True,False,False,False,occlusion
MOT17-05-FRCNN,587,54,171,177,572,14,0.0,0.6525134328358209,53,0.06165535339907805,True,0.7945406436920166,False,True,False,False,False,occlusion
MOT17-05-FRCNN,617,63,180,184,616,0,0.29245,0.15536115971007247,129,0.042071197411003236,False,0.7798634767532349,True,True,False,False,False,occlusion
MOT17-05-FRCNN,636,69,189,188,631,4,0.0,0.21411380436651195,129,0.07476080285343001,False,0.836988091468811,True,True,False,False,False,occlusion
MOT17-05-FRCNN,636,109,186,190,624,11,0.0,0.40074640127954503,66,0.03197674418604651,False,0.8817760944366455,True,True,False,False,False,occlusion
MOT17-05-FRCNN,642,69,188,193,637,4,0.0,0.36373873873873874,129,0.07086763875156434,False,0.8497870564460754,True,True,False,False,False,occlusion
MOT17-05-FRCNN,645,129,191,188,638,6,0.87912,0.36373873873873874,69,0.040400407451689435,True,0.7644151449203491,False,True,False,False,False,occlusion
MOT17-05-FRCNN,711,66,187,208,706,4,0.11538,0.07318547168671058,129,0.02201090493024251,False,0.5692982077598572,True,True,False,False,False,occlusion
MOT17-05-FRCNN,765,89,218,224,756,8,0.0,0.4472843450479233,98,0.0738032013570946,False,0.5833864212036133,True,True,False,False,False,occlusion
MOT17-05-FRCNN,777,98,223,227,771,5,0.0,0.8756013745704467,96,0.011526123595359742,False,0.8274967670440674,True,True,False,False,False,occlusion
MOT17-05-FRCNN,777,94,225,228,775,1,0.0,0.6296275640525136,93,0.03561616935935519,False,0.9370228052139282,True,True,False,False,False,occlusion
MOT17-05-FRCNN,778,93,225,228,773,4,0.0,0.875684556407448,94,0.04021076183690049,True,0.9330622553825378,False,True,False,False,True,occlusion + similar appearance
MOT17-05-FRCNN,781,93,228,229,779,1,0.5,0.4797069048721156,94,0.030714832701892576,False,0.8105757236480713,True,True,False,False,False,occlusion
MOT17-05-FRCNN,781,89,224,231,774,6,0.0,0.828700108712533,90,0.038223384230765635,False,0.6779909133911133,True,True,False,False,False,occlusion
MOT17-05-FRCNN,783,94,228,232,777,5,0.0,0.6006398634957876,93,0.013535520444913981,False,0.7774482369422913,True,True,False,False,False,occlusion
MOT17-05-FRCNN,787,71,197,228,786,0,0.0,0.2925219941348974,93,0.0,True,0.8523184657096863,False,True,False,False,True,occlusion + similar appearance
MOT17-05-FRCNN,790,94,232,233,786,3,0.0,0.2922517279010549,93,0.024239487646193766,False,0.875377357006073,True,True,False,False,False,occlusion
MOT17-05-FRCNN,793,93,229,228,781,11,0.65537,0.3659977032864877,71,0.030193371724274984,True,0.8796864748001099,False,True,False,False,True,occlusion + similar appearance
MOT17-05-FRCNN,799,98,227,236,782,16,0.0,0.26775375162471937,91,0.0377850182675938,False,0.7621297240257263,True,True,False,False,False,occlusion
MOT17-05-FRCNN,809,98,236,235,805,3,0.61111,0.8533333333333334,99,0.056655772373253165,True,0.7951469421386719,False,True,False,False,False,occlusion
MOT17-05-FRCNN,818,99,235,242,808,9,0.0031291,0.8054416188132348,101,0.046583850931677016,False,0.8492626547813416,True,True,False,False,False,occlusion
MOT17-05-FRCNN,824,71,228,243,792,31,0.0,0.32727272727272727,93,0.004125586674353855,False,0.7143916487693787,True,True,True,False,False,long occlusion (> buffer)
MOT17-05-FRCNN,828,101,239,245,817,10,0.55556,0.22601310012236378,99,0.04445396633280478,False,0.7014410495758057,True,True,False,False,False,occlusion
MOT17-05-FRCNN,836,98,235,234,831,4,0.0,0.4969429561928774,97,0.06132899415143312,True,0.9127253890037537,False,True,False,False,True,occlusion + similar appearance
MOT17-09-FRCNN,28,21,7,12,22,5,1.0,0.17983914209115281,22,0.008600261451922268,False,0.5877467393875122,True,True,False,False,False,occlusion
MOT17-09-FRCNN,52,1,4,15,32,19,0.0,0.18508548897166438,23,0.033928571428571426,False,0.7962033152580261,True,True,False,False,False,occlusion
MOT17-09-FRCNN,131,23,2,27,117,13,0.0,0.3580183803703038,19,0.021499353995462798,False,0.6764856576919556,True,True,False,False,False,occlusion
MOT17-09-FRCNN,141,21,12,30,106,34,0.0,0.24817583598191503,22,0.014285714285714285,False,0.13304463028907776,True,True,True,False,False,long occlusion (> buffer)
MOT17-09-FRCNN,155,23,27,32,133,21,0.0,0.40040034088431736,22,0.018773958426846357,False,0.27272260189056396,True,True,False,False,False,occlusion
MOT17-09-FRCNN,169,22,3,35,105,63,0.0,0.40040034088431736,23,0.01293103448275862,False,0.6666392087936401,True,True,True,False,False,long occlusion (> buffer)
MOT17-09-FRCNN,173,7,14,37,155,17,0.0,0.7007831777706255,10,0.010765288839732795,False,0.8055944442749023,True,True,False,False,False,occlusion
MOT17-09-FRCNN,173,21,30,36,144,28,0.0,0.34233658302700976,18,0.009555497043061453,False,0.5999584197998047,True,True,False,False,False,occlusion
MOT17-09-FRCNN,183,8,28,41,173,9,0.0,0.38798236523633045,1,0.03290816052633759,False,0.47277143597602844,True,True,False,False,False,occlusion
MOT17-09-FRCNN,187,10,31,42,177,9,0.0,0.7953435875898998,1,0.03386062536506641,False,0.7863793969154358,True,True,False,False,False,occlusion
MOT17-09-FRCNN,189,1,15,44,166,22,0.0,0.7953435875898998,10,0.002740279384190919,False,0.8104856610298157,True,True,False,False,False,occlusion
MOT17-09-FRCNN,192,7,37,47,180,11,0.0,0.17689293779313273,1,0.02325953250665091,False,0.8415648937225342,True,True,False,False,False,occlusion
MOT17-09-FRCNN,199,8,41,49,188,10,0.0,0.1721462601071054,20,0.03951471477910231,False,0.5288714170455933,True,True,False,False,False,occlusion
MOT17-09-FRCNN,201,11,45,50,192,8,0.0,0.2877769835596855,29,0.02623334393502226,False,0.6827186346054077,True,True,False,False,False,occlusion
MOT17-09-FRCNN,204,10,42,51,191,12,0.0,0.16697237350791547,8,0.04799640860795003,False,0.7089245319366455,True,True,False,False,False,occlusion
MOT17-09-FRCNN,210,1,44,54,195,14,0.0,0.5652475811041549,7,0.028750289482583135,False,0.9214556217193604,True,True,False,False,False,occlusion
MOT17-09-FRCNN,210,7,47,53,198,11,0.0,0.5652475811041549,1,0.028801947600633846,False,0.9214556217193604,True,True,False,False,False,occlusion
MOT17-09-FRCNN,212,29,48,55,203,8,0.0,0.31396919274396434,7,0.039282186175062975,False,0.789458155632019,True,True,False,False,False,occlusion
MOT17-09-FRCNN,215,11,50,57,206,8,0.0,0.24167212375605202,29,0.03317785907751668,False,0.7071346044540405,True,True,False,False,False,occlusion
MOT17-09-FRCNN,221,12,5,58,220,0,0.90463,0.42015944512276454,13,0.05325034578146611,False,0.8021234273910522,True,True,False,False,False,occlusion
MOT17-09-FRCNN,224,7,53,54,210,13,0.15108,0.8766768362794548,1,0.04209740433587859,True,0.895252525806427,False,True,False,False,True,occlusion + similar appearance
MOT17-09-FRCNN,246,1,54,65,223,22,0.0,0.6526472684855161,7,0.019203992322869994,False,0.8073594570159912,True,True,False,False,False,occlusion
MOT17-09-FRCNN,248,22,35,66,242,5,0.40561,0.525336013999032,21,0.0025163942390980343,False,0.5763489603996277,True,True,False,False,False,occlusion
MOT17-09-FRCNN,249,23,32,67,240,8,0.1895,0.727735368956743,18,0.013392857142857142,False,0.982062816619873,True,True,False,False,False,occlusion
MOT17-09-FRCNN,255,2,60,68,235,19,0.0,0.6688844278749642,10,0.006480077172476188,False,0.6816681623458862,True,True,False,False,False,occlusion
MOT17-09-FRCNN,285,11,57,73,256,28,0.0017764,0.7186009538950715,12,0.012790697674418604,False,0.8423066139221191,True,True,False,False,False,occlusion
MOT17-09-FRCNN,310,1,65,79,263,46,0.0,0.8114368440101339,2,0.0162094768082595,False,0.4401598572731018,True,True,True,False,False,long occlusion (> buffer)
MOT17-09-FRCNN,318,2,68,80,258,59,0.0,0.8114368440101339,1,0.00625,False,0.5262296199798584,True,True,True,False,False,long occlusion (> buffer)
MOT17-09-FRCNN,322,1,79,82,321,0,0.0,0.3298017880436512,29,0.017091625205987906,False,0.7898440957069397,True,True,False,False,False,occlusion
MOT17-09-FRCNN,335,7,54,84,227,107,0.0,0.6953757627787187,2,0.027881040892193308,False,0.6887993216514587,True,True,True,False,False,long occlusion (> buffer)
MOT17-09-FRCNN,349,1,82,87,327,21,0.0,0.642448738170347,29,0.016917293233082706,False,0.9742907881736755,True,True,False,False,False,occlusion
MOT17-09-FRCNN,361,11,73,89,344,16,0.041206,0.868073300722786,13,0.013088080760224918,False,0.9184728860855103,True,True,False,False,False,occlusion
MOT17-09-FRCNN,370,11,89,91,363,6,0.18091,0.6278906797477225,13,0.01644736842105263,False,0.8924907445907593,True,True,False,False,False,occlusion
MOT17-09-FRCNN,373,10,51,92,318,54,0.0,0.6303642264695276,22,0.019230769230769232,False,0.7260753512382507,True,True,True,False,False,long occlusion (> buffer)
MOT17-09-FRCNN,386,29,55,87,297,88,0.01061,0.8437675831801643,1,0.014045745206095034,True,0.9490765333175659,False,True,True,False,True,long occlusion (> buffer)
MOT17-09-FRCNN,411,11,91,100,392,18,0.2265,0.6312918573290099,13,0.015267175572519083,False,0.9458909034729004,True,True,False,False,False,occlusion
MOT17-09-FRCNN,420,6,90,102,412,7,0.0,0.540369483407458,2,0.03152807343546341,False,0.8275464773178101,True,True,False,False,False,occlusion
MOT17-09-FRCNN,426,1,87,103,385,40,0.0,0.6146648672964462,29,0.009370694603676502,False,0.6277856826782227,True,True,True,False,False,long occlusion (> buffer)
MOT17-09-FRCNN,449,1,103,106,445,3,0.0,0.47492836676217765,14,0.00980392156862745,True,0.8551098108291626,False,True,False,False,True,occlusion + similar appearance
MOT17-09-FRCNN,457,1,106,109,452,4,0.0,0.5524516507130299,13,0.01041188289297389,False,0.8772951364517212,True,True,False,False,False,occlusion
MOT17-09-FRCNN,460,1,109,111,459,0,0.0,0.5150844730490748,13,0.01015228426395939,False,0.9024216532707214,True,True,False,False,False,occlusion
MOT17-09-FRCNN,463,4,107,112,455,7,0.0,0.4247051236712363,2,0.01617527010864361,False,0.7662270069122314,True,True,False,False,False,occlusion
MOT17-09-FRCNN,468,11,100,113,454,13,0.0,0.7601243653823448,15,0.009370694603676502,False,0.8704051971435547,True,True,False,False,False,occlusion
MOT17-09-FRCNN,487,13,5,111,449,37,0.0,0.678080879064716,1,0.01758805500226336,True,0.9300118684768677,False,True,True,False,True,long occlusion (> buffer)
MOT17-09-FRCNN,494,3,97,120,480,13,0.0,0.5853417377332839,14,0.03151690430206331,False,0.7053216099739075,True,True,False,False,False,occlusion
MOT17-09-FRCNN,498,14,106,122,489,8,0.0,0.7681713848508034,6,0.040701187793700785,False,0.5579480528831482,True,True,False,False,False,occlusion
MOT17-09-FRCNN,505,15,109,123,496,8,0.0,0.8031480824436344,6,0.026718042644273153,False,0.7907121777534485,True,True,False,False,False,occlusion
MOT17-09-FRCNN,520,9,115,126,509,10,0.0,0.7568390710828302,14,0.036156113796152405,False,0.7618582844734192,True,True,False,False,False,occlusion
MOT17-10-FRCNN,10,22,17,18,1,8,0.61429,0.0,-1,0.0648135645652113,False,,True,True,False,False,False,occlusion
MOT17-10-FRCNN,10,38,14,19,5,4,1.0,0.16605316973415132,27,0.05078241233047872,False,0.6737455725669861,True,True,False,False,False,occlusion
MOT17-10-FRCNN,25,2,2,20,15,9,0.0,0.5833296009316075,1,0.10227272727272728,False,0.7706044912338257,True,True,False,True,False,occlusion
MOT17-10-FRCNN,30,15,16,21,20,9,0.4747,0.2699978084593469,8,0.09094840295024037,False,0.5460150241851807,True,True,False,True,False,occlusion
MOT17-10-FRCNN,32,18,8,24,24,7,1.0,0.0,-1,0.19043725891702173,False,,True,True,False,True,False,occlusion
MOT17-10-FRCNN,32,13,11,22,24,7,1.0,0.4009546539379475,26,0.13094570021973104,False,0.6193075180053711,True,True,False,True,False,occlusion
MOT17-10-FRCNN,32,38,19,26,10,21,0.87765,0.26468155500413565,27,0.20011108026404845,False,0.6045833826065063,True,True,False,True,False,occlusion
MOT17-10-FRCNN,32,4,7,23,24,7,1.0,0.1926070038910506,26,0.12112034878123862,False,0.5015847086906433,True,True,False,True,False,occlusion
MOT17-10-FRCNN,33,39,13,27,15,17,0.95167,0.02435897435897436,28,0.2087769275867604,False,0.37814226746559143,True,True,False,True,False,occlusion
MOT17-10-FRCNN,40,38,26,31,33,6,1.0,0.2380080556572684,27,0.09483560032174458,False,0.705096960067749,True,True,False,True,False,occlusion
MOT17-10-FRCNN,41,26,28,33,33,7,0.096774,0.3745618427641462,4,0.05279573340327945,False,0.79156494140625,True,True,False,False,False,occlusion
MOT17-10-FRCNN,41,6,6,32,10,30,0.0,0.6277173913043478,3,0.05407419362608739,False,0.7138542532920837,True,True,False,False,False,occlusion
MOT17-10-FRCNN,41,39,27,34,33,7,0.75951,0.15261044176706828,28,0.09655178619520983,False,0.6045395135879517,True,True,False,True,False,occlusion
MOT17-10-FRCNN,57,15,21,42,30,26,0.0,0.37687986954158365,3,0.045051667353917496,False,0.6649524569511414,True,True,False,False,False,occlusion
MOT17-10-FRCNN,57,40,35,41,43,13,1.0,0.39156626506024095,42,0.09582659576267817,False,0.616976261138916,True,True,False,True,False,occlusion
MOT17-10-FRCNN,59,41,37,43,44,14,1.0,0.0,-1,0.08642405955242008,False,,True,True,False,True,False,occlusion
MOT17-10-FRCNN,66,11,40,46,60,5,0.51216,0.4804804804804805,23,0.02388483020024064,False,0.8013674020767212,True,True,False,False,False,occlusion
MOT17-10-FRCNN,71,23,10,47,21,49,0.0,0.564066852367688,6,0.02142857142857143,False,0.3524329960346222,True,True,True,False,False,long occlusion (> buffer)
MOT17-10-FRCNN,71,12,12,48,4,66,0.088,0.28117359413202936,7,0.03466772058139209,False,0.4930730164051056,True,True,True,False,False,long occlusion (> buffer)
MOT17-10-FRCNN,98,26,33,53,60,37,0.0,0.7868504772004242,4,0.026265549075879732,False,0.7808034420013428,True,True,True,False,False,long occlusion (> buffer)
MOT17-10-FRCNN,99,41,43,55,60,38,0.0,0.09534583063994828,30,0.05084745762711865,False,0.5915355086326599,True,True,True,False,False,long occlusion (> buffer)
MOT17-10-FRCNN,110,29,54,58,102,7,0.95042,0.22833723653395785,30,0.02127659574468085,False,0.7555282711982727,True,True,False,False,False,occlusion
MOT17-10-FRCNN,115,24,36,60,99,15,0.066667,0.4778411584028083,2,0.03721912053717361,False,0.9224830865859985,True,True,False,False,False,occlusion
MOT17-10-FRCNN,115,23,47,59,89,25,0.0,0.017011458292597082,11,0.0218088114494371,False,0.5232745409011841,True,True,False,False,False,occlusion
MOT17-10-FRCNN,117,18,24,23,84,32,0.0,0.7792521109770808,4,0.06747917715201057,True,0.8372364044189453,False,True,True,False,False,long occlusion (> buffer)
MOT17-10-FRCNN,121,4,23,53,116,4,0.79987,0.3468516542155816,26,0.08023342082209751,True,0.5506596565246582,False,True,False,True,False,occlusion
MOT17-10-FRCNN,122,13,22,23,116,5,0.78049,0.6149068322981367,18,0.07758620689655173,True,0.8024550676345825,False,True,False,False,False,occlusion
MOT17-10-FRCNN,123,43,39,65,115,7,0.74074,0.07967667436489607,7,0.23592493617535806,False,0.35064348578453064,True,True,False,True,False,occlusion
MOT17-10-FRCNN,123,26,53,64,119,3,0.78125,0.07928571428571428,4,0.13513513513513514,False,0.5640255212783813,True,True,False,True,False,occlusion
MOT17-10-FRCNN,123,24,60,62,120,2,0.36566,0.32350882650283846,2,0.17409524912226673,False,0.8068921566009521,True,True,False,True,False,occlusion
MOT17-10-FRCNN,123,29,58,68,110,12,0.45714,0.6030534351145038,30,0.10644078113766677,False,0.864730954170227,True,True,False,True,False,occlusion
MOT17-10-FRCNN,123,7,50,66,115,7,1.0,0.07967667436489607,43,0.12300381896608772,False,0.35064348578453064,True,True,False,True,False,occlusion
MOT17-10-FRCNN,126,11,46,70,92,33,0.0,0.17561158848664132,45,0.028104586405910053,False,0.36716601252555847,True,True,True,False,False,long occlusion (> buffer)
MOT17-10-FRCNN,152,18,23,73,121,30,0.0,0.704965450747228,4,0.05310269719801568,False,0.7199581861495972,True,True,False,False,False,occlusion
MOT17-10-FRCNN,158,29,68,74,144,13,0.78302,0.521712158808933,41,0.025643641938735733,False,0.6943149566650391,True,True,False,False,False,occlusion
MOT17-10-FRCNN,165,12,48,69,87,77,0.47368,0.4892086330935252,34,0.04818364223837471,True,0.7216596007347107,False,True,True,False,False,long occlusion (> buffer)
MOT17-10-FRCNN,167,45,67,75,151,15,1.0,0.43731431966726086,54,0.08584645893961879,False,0.536066472530365,True,True,False,True,False,occlusion
MOT17-10-FRCNN,169,7,66,76,165,3,1.0,0.16770799079250245,43,0.0749066834269309,False,0.4602714776992798,True,True,False,False,False,occlusion
MOT17-10-FRCNN,169,43,65,77,155,13,0.33333,0.1988988300068823,7,0.10294117647058823,False,0.4602714776992798,True,True,False,True,False,occlusion
MOT17-10-FRCNN,170,25,73,78,168,1,0.47059,0.32868247956946384,18,0.08247422680412371,False,0.7685970067977905,True,True,False,True,False,occlusion
MOT17-10-FRCNN,171,29,74,80,158,12,0.68691,0.4156358238495794,41,0.09923158994156325,False,0.6219697594642639,True,True,False,True,False,occlusion
MOT17-10-FRCNN,173,18,73,81,164,8,0.035684,0.5373991031390134,13,0.07547169811320754,False,0.8671777248382568,True,True,False,False,False,occlusion
MOT17-10-FRCNN,173,41,55,83,102,70,0.0,0.6742857142857143,30,0.18107149208503706,False,0.5365036725997925,True,True,True,True,False,long occlusion (> buffer)
MOT17-10-FRCNN,173,43,77,84,170,2,0.39286,0.1728511038046031,7,0.1456503713205926,False,0.5788171291351318,True,True,False,True,False,occlusion
MOT17-10-FRCNN,173,44,71,82,156,16,0.77406,0.0,-1,0.331208989104565,False,,True,True,False,True,False,occlusion
MOT17-10-FRCNN,178,43,84,86,173,4,0.39286,0.1728511038046031,7,0.04583011101693304,False,0.4363083839416504,True,True,False,False,False,occlusion
MOT17-10-FRCNN,178,25,78,87,172,5,0.26471,0.5286103542234333,18,0.022586545227270605,False,0.8592525124549866,True,True,False,False,False,occlusion
MOT17-10-FRCNN,182,44,82,88,173,8,1.0,0.0,-1,0.0844828129208086,False,,True,True,False,True,False,occlusion
MOT17-10-FRCNN,192,44,88,90,187,4,0.97379,0.0,-1,0.019641855032959656,False,,True,True,False,False,False,occlusion
MOT17-10-FRCNN,194,26,64,89,145,48,0.0,0.7076991942703671,31,0.012297509238026914,True,0.7929428815841675,False,True,True,False,False,long occlusion (> buffer)
MOT17-10-FRCNN,198,29,80,91,173,24,0.69879,0.26006441223832527,30,0.018328426045080243,False,0.7481870651245117,True,True,False,False,False,occlusion
MOT17-10-FRCNN,204,18,81,93,200,3,0.85385,0.6134294385432474,32,0.08082094143559387,False,0.8966574668884277,True,True,False,True,False,occlusion
MOT17-10-FRCNN,205,26,89,94,201,3,0.86084,0.0789027149321267,31,0.0787424794620645,False,0.29494595527648926,True,True,False,False,False,occlusion
MOT17-10-FRCNN,209,45,75,96,195,13,1.0,0.2699530516431925,54,0.08321783316232577,False,0.6515812873840332,True,True,False,True,False,occlusion
MOT17-10-FRCNN,212,29,91,97,200,11,0.66805,0.23234745536903811,30,0.05826859061384848,False,0.7323856353759766,True,True,False,False,False,occlusion
MOT17-10-FRCNN,213,44,90,98,195,17,0.85897,0.0,-1,0.09859154929577464,False,,True,True,False,True,False,occlusion
MOT17-10-FRCNN,219,29,97,99,214,4,0.60703,0.14611260053619302,30,0.022900763358778626,False,0.6260796189308167,True,True,False,False,False,occlusion
MOT17-10-FRCNN,227,13,23,101,134,92,0.0,0.8743927827897293,4,0.03314563036811941,False,0.8678207397460938,True,True,True,False,False,long occlusion (> buffer)
MOT17-10-FRCNN,233,30,61,102,115,117,0.037037,0.6742857142857143,41,0.026134526117094044,False,0.7001498937606812,True,True,True,False,False,long occlusion (> buffer)
MOT17-10-FRCNN,245,31,89,101,193,51,0.0,0.7372549019607844,13,0.02,True,0.9031340479850769,False,True,True,False,True,long occlusion (> buffer)
MOT17-10-FRCNN,246,18,93,105,240,5,0.17394,0.6332757628094415,25,0.005656854249492381,False,0.5842487215995789,True,True,False,False,False,occlusion
MOT17-10-FRCNN,248,29,99,107,243,4,0.58824,0.24096385542168675,23,0.008281733249999222,False,0.8145087957382202,True,True,False,False,False,occlusion
MOT17-10-FRCNN,251,24,62,106,233,17,0.049959,0.3237478003347783,9,0.030869010459686007,False,0.7538866996765137,True,True,False,False,False,occlusion
MOT17-10-FRCNN,252,30,102,59,233,18,0.4131,0.7801125082726671,23,0.008403361344537815,True,0.9146565198898315,False,True,False,False,True,occlusion + similar appearance
MOT17-10-FRCNN,261,56,100,108,221,39,0.71459,0.1014370245139476,57,0.07331370418032097,False,0.5184271931648254,True,True,True,False,False,long occlusion (> buffer)
MOT17-10-FRCNN,266,13,101,110,255,10,0.27273,0.41696844283497153,4,0.02175713172881685,False,0.8483994007110596,True,True,False,False,False,occlusion
MOT17-10-FRCNN,266,25,87,105,181,84,0.0,0.7615560640732265,18,0.03379594775096443,True,0.6358102560043335,False,True,True,False,False,long occlusion (> buffer)
MOT17-10-FRCNN,268,29,107,112,261,6,0.49958,0.7390648567119156,23,0.022195456979513774,False,0.7979419231414795,True,True,False,False,False,occlusion
MOT17-10-FRCNN,277,30,59,115,265,11,0.39535,0.2830338057160953,29,0.07191780821917808,False,0.7345132231712341,True,True,False,False,False,occlusion
MOT17-10-FRCNN,277,29,112,114,268,8,0.47519,0.2830338057160953,30,0.061046511627906974,False,0.7345132231712341,True,True,False,False,False,occlusion
MOT17-10-FRCNN,278,44,98,116,274,3,0.097403,0.392619926199262,45,0.20671700730781561,False,0.5274730324745178,True,True,False,True,False,occlusion
MOT17-10-FRCNN,281,13,110,53,280,0,0.53333,0.26076649545634134,4,0.061068702290076333,True,0.7450430989265442,False,False,False,False,False,other (detector jitter / missed det)
MOT17-10-FRCNN,282,26,94,117,278,3,1.0,0.0,-1,0.1391304347826087,False,,True,True,False,True,False,occlusion
MOT17-10-FRCNN,283,44,116,119,280,2,0.67345,0.08817526194040005,45,0.2917923442440341,False,0.5486587882041931,True,True,False,True,False,occlusion
MOT17-10-FRCNN,283,56,108,118,264,18,0.64306,0.21138613861386138,57,0.19672131147540983,False,0.7590801119804382,True,True,False,True,False,occlusion
MOT17-10-FRCNN,284,4,53,121,280,3,0.34884,0.3067484662576687,13,0.02723735725776537,False,0.7005292177200317,True,True,False,False,False,occlusion
MOT17-10-FRCNN,290,23,59,111,250,39,0.0,0.7413127413127413,29,0.036167593207172465,False,0.5002515912055969,True,True,True,False,False,long occlusion (> buffer)
MOT17-10-FRCNN,292,45,96,122,285,6,1.0,0.4418145956607495,54,0.0283901675233385,False,0.6500816345214844,True,True,False,False,False,occlusion
MOT17-10-FRCNN,294,44,119,125,285,8,0.94156,0.0,-1,0.04192501483097662,False,,True,True,False,False,False,occlusion
MOT17-10-FRCNN,294,59,120,126,285,8,0.71186,0.0,-1,0.06216467716317223,False,,True,True,False,False,False,occlusion
MOT17-10-FRCNN,296,4,121,127,285,10,0.16327,0.436046511627907,7,0.021081851067789197,False,0.7859770059585571,True,True,False,False,False,occlusion
MOT17-10-FRCNN,298,31,101,128,245,52,0.0,0.6976744186046512,13,0.028160937640269532,False,0.4352152943611145,True,True,True,False,False,long occlusion (> buffer)
MOT17-10-FRCNN,305,31,128,129,298,6,0.38922,0.3847102342786683,32,0.06210472941423982,False,0.8668916821479797,True,True,False,False,False,occlusion
MOT17-10-FRCNN,306,30,115,130,284,21,0.51111,0.24337689862239492,29,0.04696132596685083,False,0.8141716122627258,True,True,False,False,False,occlusion
MOT17-10-FRCNN,307,59,126,131,298,8,0.26971,0.46316359696641385,71,0.08791412954470318,False,0.7703670263290405,True,True,False,True,False,occlusion
MOT17-10-FRCNN,309,18,105,132,308,0,0.32184,0.6699304303014687,25,0.029874138969641716,False,0.915915846824646,True,True,False,False,False,occlusion
MOT17-10-FRCNN,311,12,69,124,288,22,0.51965,0.33021543660611913,23,0.023702491453191546,False,0.5166581273078918,True,True,False,False,False,occlusion
MOT17-10-FRCNN,318,44,125,134,312,5,1.0,0.0,-1,0.03761206282907168,False,,True,True,False,False,False,occlusion
MOT17-10-FRCNN,321,59,131,135,311,9,0.67797,0.06387832699619772,71,0.07710579232757896,False,0.4691925048828125,True,True,False,False,False,occlusion
MOT17-10-FRCNN,325,56,118,137,285,39,0.0,0.4351464435146444,57,0.046875,False,0.5524682998657227,True,True,True,False,False,long occlusion (> buffer)
MOT17-10-FRCNN,327,34,69,123,135,191,0.0,0.4892086330935252,12,0.024139524123422743,False,0.5372037887573242,True,True,True,False,False,long occlusion (> buffer)
MOT17-10-FRCNN,332,23,111,133,292,39,0.0,0.33021543660611913,12,0.036167593207172465,False,0.5064741373062134,True,True,True,False,False,long occlusion (> buffer)
MOT17-10-FRCNN,344,59,135,140,326,17,0.0,0.3656752803510483,71,0.06298638865858242,False,0.47685039043426514,True,True,False,False,False,occlusion
MOT17-10-FRCNN,349,59,140,142,344,4,0.4749,0.11064479206409768,71,0.02142747821777417,False,0.5648987889289856,True,True,False,False,False,occlusion
MOT17-10-FRCNN,350,45,122,143,330,19,0.0,0.350797054162394,30,0.03305880138526609,False,0.6551606059074402,True,True,False,False,False,occlusion
MOT17-10-FRCNN,360,32,101,144,235,124,0.0,0.8275925925925925,23,0.05483617431962252,False,0.7879704236984253,True,True,True,False,False,long occlusion (> buffer)
MOT17-10-FRCNN,363,31,129,123,312,50,0.0,0.8205980066445183,34,0.04679048100229399,True,0.8661415576934814,False,True,True,False,True,long occlusion (> buffer)
MOT17-10-FRCNN,364,56,137,146,326,37,0.0,0.05971740869101573,7,0.046875,False,0.6580201387405396,True,True,True,False,False,long occlusion (> buffer)
MOT17-10-FRCNN,372,31,123,147,363,8,0.12742,0.3751568381430364,34,0.017200522903844537,False,0.3252719044685364,True,True,False,False,False,occlusion
MOT17-10-FRCNN,376,56,146,150,371,4,1.0,0.0,-1,0.08194434716963613,False,,True,True,False,True,False,occlusion
MOT17-10-FRCNN,376,59,142,149,353,22,0.0,0.29922279792746115,71,0.11013708510212579,False,0.762861430644989,True,True,False,True,False,occlusion
MOT17-10-FRCNN,381,23,133,152,350,30,0.0,0.8275925925925925,32,0.029011721652920913,False,0.4577866196632385,True,True,False,False,False,occlusion
MOT17-10-FRCNN,382,14,145,154,363,18,1.0,0.0,-1,0.07003281758456992,False,,True,True,False,False,False,occlusion
MOT17-10-FRCNN,390,34,123,155,362,27,0.0,0.7113721651166585,23,0.009620500424306769,False,0.4606359302997589,True,True,False,False,False,occlusion
MOT17-10-FRCNN,391,14,154,159,382,8,1.0,0.0,-1,0.01774657124999833,False,,True,True,False,False,False,occlusion
MOT17-10-FRCNN,392,57,151,160,382,9,0.85366,0.5974137931034482,71,0.022256489354715983,False,0.888388454914093,True,True,False,False,False,occlusion
MOT17-10-FRCNN,394,12,124,161,382,11,0.0,0.5507975941422594,7,0.011976047904191617,False,0.7591795921325684,True,True,False,False,False,occlusion
MOT17-10-FRCNN,398,56,150,163,387,10,0.97123,0.0,-1,0.019641855032959656,False,,True,True,False,False,False,occlusion
MOT17-10-FRCNN,406,59,149,166,398,7,0.2,0.4618548990276739,57,0.0435142634576337,False,0.78993159532547,True,True,False,False,False,occlusion
MOT17-10-FRCNN,408,71,138,167,334,73,0.0,0.5974137931034482,57,0.022447834323382463,False,0.6429531574249268,True,True,True,False,False,long occlusion (> buffer)
MOT17-10-FRCNN,409,34,155,168,403,5,0.65667,0.0,-1,0.016778523489932886,False,,True,True,False,False,False,occlusion
MOT17-10-FRCNN,410,14,159,169,395,14,1.0,0.0,-1,0.041649656391752145,False,,True,True,False,False,False,occlusion
MOT17-10-FRCNN,418,32,144,174,368,49,0.0,0.15808823529411764,12,0.04648643202362453,False,0.4575520157814026,True,True,True,False,False,long occlusion (> buffer)
MOT17-10-FRCNN,421,56,163,175,410,10,0.64932,0.6464454976303318,71,0.03105649968749708,False,0.8725130558013916,True,True,False,False,False,occlusion
MOT17-10-FRCNN,423,57,160,166,393,29,0.37439,0.6641123882503193,59,0.018292682926829267,True,0.8955162763595581,False,True,False,False,True,occlusion + similar appearance
MOT17-10-FRCNN,429,31,147,177,372,56,0.0,0.1715686274509804,12,0.03103448275862069,False,0.4043779969215393,True,True,True,False,False,long occlusion (> buffer)
MOT17-10-FRCNN,431,57,166,178,423,7,0.44828,0.4801829268292683,59,0.041666666666666664,False,0.7696884870529175,True,True,False,False,False,occlusion
MOT17-10-FRCNN,432,49,171,179,423,8,1.0,0.0,-1,0.09816918156232525,False,,True,True,False,True,False,occlusion
MOT17-10-FRCNN,432,14,169,180,423,8,1.0,0.0,-1,0.029035955109983524,False,,True,True,False,False,False,occlusion
MOT17-10-FRCNN,433,59,166,181,422,10,0.16,0.4801829268292683,57,0.034401045807689073,False,0.7045763731002808,True,True,False,False,False,occlusion
MOT17-10-FRCNN,440,56,175,182,423,16,0.56164,0.6128133704735376,71,0.08055363982396381,False,0.6891972422599792,True,True,False,True,False,occlusion
MOT17-10-FRCNN,443,25,105,183,309,133,0.0,0.9072164948453608,18,0.010198655497882896,False,0.8022417426109314,True,True,True,False,False,long occlusion (> buffer)
MOT17-10-FRCNN,445,71,167,185,409,35,0.015625,0.6464454976303318,56,0.050194883494736185,False,0.6032801866531372,True,True,True,False,False,long occlusion (> buffer)
MOT17-10-FRCNN,446,14,180,186,437,8,1.0,0.0,-1,0.06880257057681259,False,,True,True,False,False,False,occlusion
MOT17-10-FRCNN,448,2,20,183,419,28,0.0,0.7029173667328548,25,0.02564102564102564,True,0.6836713552474976,False,True,False,False,False,occlusion
MOT17-10-FRCNN,449,49,179,187,437,11,1.0,0.0,-1,0.06567274155042077,False,,True,True,False,False,False,occlusion
MOT17-10-FRCNN,452,2,183,188,449,2,0.49206,0.2788284132841328,25,0.03223616943109401,False,0.5736156702041626,True,True,False,False,False,occlusion
MOT17-10-FRCNN,458,14,186,189,451,6,1.0,0.0,-1,0.08333333333333333,False,,True,True,False,True,False,occlusion
MOT17-10-FRCNN,460,71,185,191,452,7,0.73913,0.26655202063628547,59,0.06544612104155016,False,0.5303360819816589,True,True,False,False,False,occlusion
MOT17-10-FRCNN,460,49,187,190,449,10,1.0,0.0,-1,0.04878048780487805,False,,True,True,False,False,False,occlusion
MOT17-10-FRCNN,460,59,181,192,433,26,0.0,0.752895752895753,56,0.06501820764756895,False,0.6676347851753235,True,True,False,False,False,occlusion
MOT17-10-FRCNN,462,56,182,195,451,10,0.93333,0.4721549636803874,59,0.019641855032959656,False,0.7169908285140991,True,True,False,False,False,occlusion
MOT17-10-FRCNN,469,14,189,196,464,4,1.0,0.0,-1,0.03227227540248598,False,,True,True,False,False,False,occlusion
MOT17-10-FRCNN,470,49,190,197,463,6,1.0,0.0,-1,0.034493013716416956,False,,True,True,False,False,False,occlusion
MOT17-10-FRCNN,474,71,191,198,464,9,1.0,0.39886039886039887,59,0.015873015873015872,False,0.553310751914978,True,True,False,False,False,occlusion
MOT17-10-FRCNN,484,25,183,203,478,5,0.11429,0.5485327313769752,18,0.012363338476215893,False,0.897511899471283,True,True,False,False,False,occlusion
MOT17-10-FRCNN,485,71,198,205,480,4,0.69565,0.14719626168224298,59,0.050194883494736185,False,0.485120952129364,True,True,False,False,False,occlusion
MOT17-10-FRCNN,486,59,192,206,480,5,0.72848,0.14719626168224298,71,0.04865042554105199,False,0.5885554552078247,True,True,False,False,False,occlusion
MOT17-10-FRCNN,488,49,197,209,474,13,1.0,0.0,-1,0.05453824335365341,False,,True,True,False,False,False,occlusion
MOT17-10-FRCNN,488,14,196,208,478,9,0.64865,0.09098039215686274,2,0.03429971702850177,False,0.20994776487350464,True,True,False,False,False,occlusion
MOT17-10-FRCNN,488,50,200,207,478,9,0.10526,0.45595854922279794,33,0.07838154946660846,False,0.39222514629364014,True,True,False,False,False,occlusion
MOT17-10-FRCNN,497,56,195,210,469,27,0.0,0.5098901098901099,23,0.03105649968749708,False,0.2588748335838318,True,True,False,False,False,occlusion
MOT17-10-FRCNN,501,34,168,202,442,58,0.0,0.15364736429551246,12,0.010727419934530883,False,0.6924026608467102,True,True,True,False,False,long occlusion (> buffer)
MOT17-10-FRCNN,503,49,209,212,497,5,1.0,0.0,-1,0.044194173824159216,False,,True,True,False,False,False,occlusion
MOT17-10-FRCNN,512,71,205,214,489,22,0.73913,0.166270783847981,59,0.03549314249999666,False,0.552064061164856,True,True,False,False,False,occlusion
MOT17-10-FRCNN,514,49,212,215,503,10,1.0,0.0,-1,0.08318903308077029,False,,True,True,False,True,False,occlusion
MOT17-10-FRCNN,527,34,202,216,517,9,0.53933,0.17905632477483532,46,0.03868223573375352,False,0.4191874861717224,True,True,False,False,False,occlusion
MOT17-10-FRCNN,528,49,215,217,523,4,0.95238,0.0,-1,0.08944271909999159,False,,True,True,False,True,False,occlusion
MOT17-10-FRCNN,528,50,207,218,523,4,0.81818,0.06206896551724138,33,0.10677479402439452,False,0.357940673828125,True,True,False,True,False,occlusion
MOT17-10-FRCNN,528,59,206,221,523,4,0.52848,0.17604790419161676,71,0.08284868934053083,False,0.6112488508224487,True,True,False,True,False,occlusion
MOT17-10-FRCNN,532,71,214,222,523,8,0.65217,0.17604790419161676,59,0.047619047619047616,False,0.5119869112968445,True,True,False,False,False,occlusion
MOT17-10-FRCNN,533,14,208,224,493,39,0.0,0.5666589914805434,2,0.0476649543564213,False,0.6533782482147217,True,True,True,False,False,long occlusion (> buffer)
MOT17-10-FRCNN,540,50,218,227,533,6,0.875,0.03644797879390325,33,0.056469243931578206,False,0.2483167201280594,True,True,False,False,False,occlusion
MOT17-10-FRCNN,540,49,217,226,535,4,1.0,0.0,-1,0.020327890704543543,False,,True,True,False,False,False,occlusion
MOT17-10-FRCNN,570,50,227,234,563,6,0.95322,0.0,-1,0.06832421820591991,False,,True,True,False,False,False,occlusion
MOT17-10-FRCNN,570,49,226,232,563,6,1.0,0.0,-1,0.07017543859649122,False,,True,True,False,False,False,occlusion
MOT17-10-FRCNN,595,66,235,241,574,20,0.81818,0.2310385064177363,67,0.04207250638385368,False,0.6565392017364502,True,True,False,False,False,occlusion
MOT17-10-FRCNN,606,69,238,242,595,10,0.6,0.10914900773629331,23,0.06325528553445595,False,0.4313667416572571,True,True,False,False,False,occlusion
MOT17-10-FRCNN,609,72,239,243,601,7,0.47619,0.14269141531322505,68,0.05453824335365341,False,0.6843546628952026,True,True,False,False,False,occlusion
MOT17-10-FRCNN,627,72,243,246,615,11,0.57143,0.23163841807909605,73,0.0879402750113168,False,0.6833707094192505,True,True,False,True,False,occlusion
MOT17-10-FRCNN,649,69,242,248,642,6,0.70732,0.05120889022375732,4,0.06451612903225806,False,0.35896697640419006,True,True,False,False,False,occlusion
MOT17-10-FRCNN,649,66,241,249,596,52,0.7035,0.5806451612903226,67,0.09259259259259259,False,0.803443431854248,True,True,True,True,False,long occlusion (> buffer)
MOT17-10-FRCNN,649,50,234,247,642,6,1.0,0.0,-1,0.06666666666666667,False,,True,True,False,False,False,occlusion
MOT17-11-FRCNN,24,5,10,17,21,2,1.0,0.0,-1,0.09839287464889022,False,,True,True,False,True,False,occlusion
MOT17-11-FRCNN,24,28,7,18,20,3,0.67391,0.011033119394113444,1,0.12469439804713696,False,0.5938641428947449,True,True,False,True,False,occlusion
MOT17-11-FRCNN,56,25,5,27,15,40,0.0,0.2076531387748898,1,0.02289238905056501,False,0.8566800355911255,True,True,True,False,False,long occlusion (> buffer)
MOT17-11-FRCNN,146,6,6,43,92,53,0.0,0.20240963855421687,88,0.01072961373390558,False,0.832180380821228,True,True,True,False,False,long occlusion (> buffer)
MOT17-11-FRCNN,156,6,43,44,151,4,0.14607,0.15035119345934908,1,0.011946127308643374,False,0.7190967798233032,True,True,False,False,False,occlusion
MOT17-11-FRCNN,195,55,45,47,189,5,0.17647,0.15128240934692547,26,0.01788854381999832,False,0.8676567077636719,True,True,False,False,False,occlusion
MOT17-11-FRCNN,217,55,47,50,211,5,0.26471,0.11423761423761424,26,0.048,False,0.7377421259880066,True,True,False,False,False,occlusion
MOT17-11-FRCNN,246,25,27,53,194,51,0.0,0.3755020080321285,1,0.007858866318214754,False,0.8771243095397949,True,True,True,False,False,long occlusion (> buffer)
MOT17-11-FRCNN,322,32,55,60,315,6,0.5625,0.07961615522513972,7,0.020942236160055493,False,0.8194988369941711,True,True,False,False,False,occlusion
MOT17-11-FRCNN,324,57,58,62,305,18,0.0,0.45652173913043476,58,0.016,False,0.684474766254425,True,True,False,False,False,occlusion
MOT17-11-FRCNN,337,14,8,67,322,14,0.0,0.421005655708731,27,0.008789485094008976,False,0.8320608139038086,True,True,False,False,False,occlusion
MOT17-11-FRCNN,358,31,69,71,349,8,0.75325,0.052791538765462116,25,0.04196654330335445,False,0.6607111692428589,True,True,False,False,False,occlusion
MOT17-11-FRCNN,427,32,60,83,324,102,0.0,0.2227659026525882,7,0.023218936251634403,False,0.45291051268577576,True,True,True,False,False,long occlusion (> buffer)
MOT17-11-FRCNN,454,10,73,86,430,23,0.0,0.26901679917646804,1,0.01929260450160772,False,0.6867176294326782,True,True,False,False,False,occlusion
MOT17-11-FRCNN,507,41,90,92,498,8,0.081395,0.2176473173089599,1,0.0026683274761756513,False,0.7851771712303162,True,True,False,False,False,occlusion
MOT17-11-FRCNN,544,32,83,95,467,76,0.0,0.3957663451232583,12,0.013443094699364022,False,0.6884795427322388,True,True,True,False,False,long occlusion (> buffer)
MOT17-11-FRCNN,551,41,92,98,517,33,0.0,0.6247582205029013,25,0.012438715849089859,False,0.6242649555206299,True,True,True,False,False,long occlusion (> buffer)
MOT17-11-FRCNN,564,39,81,99,556,7,0.01074,0.8124850205564057,41,0.019542342684964718,False,0.8977439999580383,True,True,False,False,False,occlusion
MOT17-11-FRCNN,604,42,93,104,543,60,0.0,0.6669387755102041,39,0.011650661485980563,False,0.899746298789978,True,True,True,False,False,long occlusion (> buffer)
MOT17-11-FRCNN,619,61,103,106,610,8,0.0057069,0.6896551724137931,60,0.03716541536664289,False,0.8558889627456665,True,True,False,False,False,occlusion
MOT17-11-FRCNN,629,47,102,109,623,5,0.0,0.306207822613965,44,0.017316017316017316,False,0.8111181259155273,True,True,False,False,False,occlusion
MOT17-11-FRCNN,705,48,105,53,662,42,0.0,0.5514705882352942,25,0.003787878787878788,True,0.8006875514984131,False,True,True,False,False,long occlusion (> buffer)
MOT17-11-FRCNN,720,25,53,121,704,15,0.0,0.39846426522945594,48,0.0062652879035546465,False,0.7219597101211548,True,True,False,False,False,occlusion
MOT17-11-FRCNN,724,39,99,122,688,35,0.0,0.542011932383162,42,0.022122770926206594,False,0.5395299792289734,True,True,True,False,False,long occlusion (> buffer)
MOT17-11-FRCNN,729,1,2,123,711,17,0.0,0.24377001973662923,48,0.00514038615517193,False,0.5297359824180603,True,True,False,False,False,occlusion
MOT17-11-FRCNN,736,33,110,125,721,14,0.0,0.4185466532893794,34,0.034654743521106514,False,0.8702104687690735,True,True,False,False,False,occlusion
MOT17-11-FRCNN,740,43,119,126,725,14,0.0,0.0936500909940485,39,0.06056017439061931,False,0.7038400173187256,True,True,False,False,False,occlusion
MOT17-11-FRCNN,750,25,121,130,739,10,0.0,0.4496362743785424,39,0.019334367510666046,False,0.8381407856941223,True,True,False,False,False,occlusion
MOT17-11-FRCNN,761,1,123,132,748,12,0.0,0.3741228363296131,35,0.004555808656036446,False,0.4414949417114258,True,True,False,False,False,occlusion
MOT17-11-FRCNN,767,35,123,135,751,15,0.0,0.34483429030627455,1,0.011319202428850223,False,0.5509535074234009,True,True,False,False,False,occlusion
MOT17-11-FRCNN,775,33,125,137,764,10,0.0,0.4454696610787172,39,0.009959110655650503,False,0.7691901922225952,True,True,False,False,False,occlusion
MOT17-11-FRCNN,808,34,116,147,717,90,0.0,0.43984842582427314,33,0.00402690047986554,False,0.783819317817688,True,True,True,False,False,long occlusion (> buffer)
MOT17-11-FRCNN,813,34,147,148,808,4,0.0,0.18045654785742893,33,0.009590977844668216,False,0.3221440315246582,True,True,False,False,False,occlusion
MOT17-11-FRCNN,814,51,146,149,805,8,0.0,0.10508651955035095,38,0.01349440422111732,False,0.6655821800231934,True,True,False,False,False,occlusion
MOT17-13-FRCNN,13,10,9,12,8,4,1.0,0.0,-1,0.16176470588235295,False,,True,True,False,True,False,occlusion
MOT17-13-FRCNN,27,7,7,16,22,4,1.0,0.06935428766655279,34,0.05453824335365341,False,0.6097376346588135,True,True,False,False,False,occlusion
MOT17-13-FRCNN,37,15,13,18,20,16,0.78932,0.40503432494279173,38,0.04300130725961134,False,0.44337964057922363,True,True,False,False,False,occlusion
MOT17-13-FRCNN,42,17,14,19,33,8,0.5,0.0,-1,0.018518518518518517,False,,True,True,False,False,False,occlusion
MOT17-13-FRCNN,46,15,18,20,41,4,0.13793,0.7189349112426036,19,0.021461614734904697,False,0.8390825986862183,True,True,False,False,False,occlusion
MOT17-13-FRCNN,60,15,20,25,47,12,0.78281,0.4792626728110599,19,0.05665577237325316,False,0.5577314496040344,True,True,False,False,False,occlusion
MOT17-13-FRCNN,75,17,19,29,67,7,0.4626,0.24081933936150582,19,0.05263157894736842,False,0.5949190258979797,True,True,False,False,False,occlusion
MOT17-13-FRCNN,77,34,27,30,66,10,0.69012,0.1721311475409836,32,0.059665616229592065,False,0.6905021667480469,True,True,False,False,False,occlusion
MOT17-13-FRCNN,78,19,24,31,66,11,0.92289,0.24081933936150582,17,0.05523667237978117,False,0.5696719288825989,True,True,False,False,False,occlusion
MOT17-13-FRCNN,82,16,28,33,75,6,0.75,0.6477157360406092,38,0.06454655846735297,False,0.752165675163269,True,True,False,False,False,occlusion
MOT17-13-FRCNN,106,145,35,39,101,4,0.6155,0.0,-1,0.08196721311475409,False,,True,True,False,True,False,occlusion
MOT17-13-FRCNN,117,34,30,42,77,39,0.25,0.7993079584775087,60,0.08875543224988794,False,0.5740295052528381,True,True,True,True,False,long occlusion (> buffer)
MOT17-13-FRCNN,125,4,11,43,9,115,0.0,0.10213455822750608,63,0.02276347997139636,False,0.6837325692176819,True,True,True,False,False,long occlusion (> buffer)
MOT17-13-FRCNN,134,50,38,45,113,20,0.98175,0.0,-1,0.09122420135448708,False,,True,True,False,True,False,occlusion
MOT17-13-FRCNN,136,49,37,46,106,29,1.0,0.25096153846153846,47,0.07613542137212795,False,0.7740000486373901,True,True,False,False,False,occlusion
MOT17-13-FRCNN,137,7,16,47,111,25,0.31994,0.0,-1,0.03475111098404547,False,,True,True,False,False,False,occlusion
MOT17-13-FRCNN,151,17,29,49,141,9,0.63043,0.0,-1,0.08043409991006438,False,,True,True,False,True,False,occlusion
MOT17-13-FRCNN,151,145,39,50,141,9,1.0,0.2655855855855856,40,0.07042253521126761,False,0.6327376365661621,True,True,False,False,False,occlusion
MOT17-13-FRCNN,171,39,48,51,160,10,1.0,0.0,-1,0.06728250340783787,False,,True,True,False,False,False,occlusion
MOT17-13-FRCNN,179,50,45,52,157,21,1.0,0.3595505617977528,37,0.06984958237798335,False,0.6581928133964539,True,True,False,False,False,occlusion
MOT17-13-FRCNN,183,4,43,54,152,30,0.192,0.0,-1,0.003937007874015748,False,,True,True,False,False,False,occlusion
MOT17-13-FRCNN,185,33,26,56,62,122,0.35993,0.6157480314960629,73,0.022817020178569285,False,0.5586453676223755,True,True,True,False,False,long occlusion (> buffer)
MOT17-13-FRCNN,185,39,51,57,177,7,1.0,0.0,-1,0.0632455532033676,False,,True,True,False,False,False,occlusion
MOT17-13-FRCNN,189,18,53,59,183,5,0.24566,0.6872017353579176,49,0.05852057359806528,False,0.796306848526001,True,True,False,False,False,occlusion
MOT17-13-FRCNN,197,72,58,61,190,6,0.84,0.06971428571428571,73,0.041666666666666664,False,0.6343364715576172,True,True,False,False,False,occlusion
MOT17-13-FRCNN,199,150,60,62,191,7,0.92004,0.13363636363636364,152,0.045454545454545456,False,0.6689746379852295,True,True,False,False,False,occlusion
MOT17-13-FRCNN,199,50,52,63,181,17,1.0,0.7415254237288136,37,0.059867171800603164,False,0.9425375461578369,True,True,False,False,False,occlusion
MOT17-13-FRCNN,200,18,59,64,190,9,0.30231,0.5144694533762058,49,0.0572653559113564,False,0.7860382795333862,True,True,False,False,False,occlusion
MOT17-13-FRCNN,206,49,46,65,144,61,0.0,0.7,18,0.05696002496878354,False,0.6611399054527283,True,True,True,False,False,long occlusion (> buffer)
MOT17-13-FRCNN,209,150,62,66,201,7,1.0,0.11556099052277591,152,0.039022933385032633,False,0.6930525898933411,True,True,False,False,False,occlusion
MOT17-13-FRCNN,215,47,22,68,53,161,0.10863,0.7142214221422142,49,0.03244075185020785,False,0.7785559892654419,True,True,True,False,False,long occlusion (> buffer)
MOT17-13-FRCNN,221,168,67,69,215,5,0.4871,0.0,-1,0.05100447838981257,False,,True,True,False,False,False,occlusion
MOT17-13-FRCNN,223,72,61,71,200,22,0.72321,0.17039106145251395,73,0.0078125,False,0.643287181854248,True,True,False,False,False,occlusion
MOT17-13-FRCNN,224,150,66,72,219,4,1.0,0.0,-1,0.016203391141302825,False,,True,True,False,False,False,occlusion
MOT17-13-FRCNN,236,39,57,74,202,33,1.0,0.0,-1,0.053114786599924836,False,,True,True,True,False,False,long occlusion (> buffer)
MOT17-13-FRCNN,237,72,71,75,227,9,0.57818,0.11184451778511184,73,0.05687585851000405,False,0.6973971128463745,True,True,False,False,False,occlusion
MOT17-13-FRCNN,241,39,74,76,236,4,1.0,0.0,-1,0.06453627877894652,False,,True,True,False,False,False,occlusion
MOT17-13-FRCNN,246,33,56,77,193,52,0.35646,0.3804692454026633,146,0.06454826866332665,False,0.5681024789810181,True,True,True,False,False,long occlusion (> buffer)
MOT17-13-FRCNN,247,39,76,78,242,4,1.0,0.0,-1,0.08414501276770736,False,,True,True,False,True,False,occlusion
MOT17-13-FRCNN,256,168,69,79,223,32,0.30571,0.0,-1,0.09078750045221223,False,,True,True,True,True,False,long occlusion (> buffer)
MOT17-13-FRCNN,257,52,73,80,230,26,0.36,0.4291871921182266,50,0.05646636306817651,False,0.36407387256622314,True,True,False,False,False,occlusion
MOT17-13-FRCNN,260,34,42,81,120,139,0.0,0.9363894811656006,133,0.0880836238564912,False,0.9808948040008545,True,True,True,True,False,long occlusion (> buffer)
MOT17-13-FRCNN,264,47,68,83,215,48,0.035326,0.7736883320281911,49,0.026283605740168994,False,0.7990764379501343,True,True,True,False,False,long occlusion (> buffer)
MOT17-13-FRCNN,271,33,77,47,251,19,0.045455,0.36070513786349256,7,0.11595301594456424,True,0.7509717345237732,False,True,False,True,False,occlusion
MOT17-13-FRCNN,272,49,65,85,210,61,1.0,0.7736883320281911,47,0.03130967980364732,False,0.843946635723114,True,True,True,False,False,long occlusion (> buffer)
MOT17-13-FRCNN,274,52,80,86,260,13,0.28125,0.46522447080716445,148,0.01784926373992074,False,0.883568286895752,True,True,False,False,False,occlusion
MOT17-13-FRCNN,280,168,79,88,273,6,0.66909,0.0,-1,0.09358096200458799,False,,True,True,False,True,False,occlusion
MOT17-13-FRCNN,280,49,85,89,273,6,1.0,0.7344978165938865,47,0.02912621359223301,False,0.8443163633346558,True,True,False,False,False,occlusion
MOT17-13-FRCNN,282,133,70,90,238,43,0.0,0.9363894811656006,34,0.046100346885875644,False,0.330976665019989,True,True,True,False,False,long occlusion (> buffer)
MOT17-13-FRCNN,282,39,78,91,269,12,0.64,0.0,-1,0.14735421919017772,False,,True,True,False,True,False,occlusion
MOT17-13-FRCNN,284,7,47,92,270,13,0.13067,0.37575757575757573,33,0.09094840295024037,False,0.6780632734298706,True,True,False,True,False,occlusion
MOT17-13-FRCNN,291,18,64,95,200,90,0.3368,0.47648902821316613,49,0.02773927772077526,False,0.4806327223777771,True,True,True,False,False,long occlusion (> buffer)
MOT17-13-FRCNN,297,39,91,96,290,6,0.84318,0.0,-1,0.10557179862029055,False,,True,True,False,True,False,occlusion
MOT17-13-FRCNN,298,163,84,97,287,10,0.39041,0.1429796968830426,168,0.09008867423264319,False,0.6565000414848328,True,True,False,True,False,occlusion
MOT17-13-FRCNN,313,18,95,102,291,21,0.47895,0.3547511312217195,48,0.017200522903844537,False,0.6032277345657349,True,True,False,False,False,occlusion
MOT17-13-FRCNN,313,143,98,101,304,8,0.77477,0.0,-1,0.10041237288352056,False,,True,True,False,True,False,occlusion
MOT17-13-FRCNN,315,133,90,104,297,17,0.26119,0.5685293697298842,139,0.03188061098999079,False,0.7895119786262512,True,True,False,False,False,occlusion
MOT17-13-FRCNN,338,143,101,106,322,15,0.80583,0.0,-1,0.06600537351134264,False,,True,True,False,False,False,occlusion
MOT17-13-FRCNN,339,147,94,108,297,41,0.065531,0.6795004225748896,133,0.02120912514978817,False,0.8970814943313599,True,True,True,False,False,long occlusion (> buffer)
MOT17-13-FRCNN,339,47,83,107,267,71,0.068584,0.7456140350877193,49,0.04194929420752015,False,0.7140932083129883,True,True,True,False,False,long occlusion (> buffer)
MOT17-13-FRCNN,341,163,97,109,300,40,0.37778,0.2097902097902098,168,0.030864197530864196,False,0.6154563426971436,True,True,True,False,False,long occlusion (> buffer)
MOT17-13-FRCNN,346,135,105,112,341,4,0.55556,0.5195130902862736,157,0.06369325761616873,False,0.8486059308052063,True,True,False,False,False,occlusion
MOT17-13-FRCNN,349,163,109,113,341,7,0.6413,0.17541874151199638,59,0.04232622028651464,False,0.5722357034683228,True,True,False,False,False,occlusion
MOT17-13-FRCNN,357,49,89,117,325,31,1.0,0.52834008097166,47,0.04054202128420999,False,0.7032447457313538,True,True,True,False,False,long occlusion (> buffer)
MOT17-13-FRCNN,357,142,110,116,352,4,0.23504,0.4144736842105263,65,0.03479958824691765,False,0.7110903263092041,True,True,False,False,False,occlusion
MOT17-13-FRCNN,357,47,107,115,350,6,0.084274,0.7378425471249802,48,0.04028379184927872,False,0.8889607787132263,True,True,False,False,False,occlusion
MOT17-13-FRCNN,359,163,113,119,352,6,0.52083,0.15188708192697145,139,0.03005645306621289,False,0.34204044938087463,True,True,False,False,False,occlusion
MOT17-13-FRCNN,365,49,117,120,359,5,0.73469,0.1906158357771261,48,0.05292196726234236,False,0.6843048334121704,True,True,False,False,False,occlusion
MOT17-13-FRCNN,376,153,111,123,354,21,0.52316,0.09346787041954328,69,0.03225806451612903,False,0.5897194147109985,True,True,False,False,False,occlusion
MOT17-13-FRCNN,381,139,103,125,376,4,0.38092,0.11593088657791446,147,0.0474050736845325,False,0.7418164014816284,True,True,False,False,False,occlusion
MOT17-13-FRCNN,384,68,122,126,377,6,0.14545,0.46674826601387187,70,0.027122444221238214,False,0.7591435313224792,True,True,False,False,False,occlusion
MOT17-13-FRCNN,387,157,93,128,292,94,0.046044,0.8741808650065531,135,0.07234042553191489,False,0.9267744421958923,True,True,True,False,False,long occlusion (> buffer)
MOT17-13-FRCNN,389,153,123,129,378,10,0.63158,0.0,-1,0.06476535953459385,False,,True,True,False,False,False,occlusion
MOT17-13-FRCNN,390,155,121,130,376,13,0.75306,0.7661469933184856,161,0.019008632907181935,False,0.9032697677612305,True,True,False,False,False,occlusion
MOT17-13-FRCNN,393,151,99,131,302,90,0.36722,0.42574981711777615,163,0.056321875280539065,False,0.8770433068275452,True,True,True,False,False,long occlusion (> buffer)
MOT17-13-FRCNN,394,68,126,114,384,9,0.15595,0.44655581947743467,70,0.08430389290062576,True,0.7717874646186829,False,True,False,True,False,occlusion
MOT17-13-FRCNN,399,70,114,124,393,5,0.49485,0.4864121643481074,69,0.09220069377175129,True,0.7952588200569153,False,True,False,True,False,occlusion
MOT17-13-FRCNN,401,69,124,133,393,7,0.42559,0.3155181302629318,70,0.09136250564655354,False,0.7961840629577637,True,True,False,True,False,occlusion
MOT17-13-FRCNN,401,157,128,132,394,6,0.24488,0.3720089697929033,135,0.05316592339748478,False,0.7902265191078186,True,True,False,False,False,occlusion
MOT17-13-FRCNN,404,147,108,134,396,7,0.53742,0.2361275088547816,139,0.07097329693623647,False,0.7891674041748047,True,True,False,False,False,occlusion
MOT17-13-FRCNN,409,155,130,136,395,13,0.68619,0.5376549094375596,161,0.056656738236409335,False,0.8744075894355774,True,True,False,False,False,occlusion
MOT17-13-FRCNN,410,160,127,137,388,21,0.01748,0.3212938005390836,155,0.05521472392638037,False,0.7690417766571045,True,True,False,False,False,occlusion
MOT17-13-FRCNN,413,135,112,138,392,20,0.20395,0.6476485788113695,133,0.0722484153434937,False,0.8880603313446045,True,True,False,False,False,occlusion
MOT17-13-FRCNN,422,135,138,140,413,8,0.41201,0.38272660830080707,133,0.09135011192895139,False,0.7576807737350464,True,True,False,True,False,occlusion
MOT17-13-FRCNN,424,155,136,141,414,9,0.45122,0.4950681070925317,161,0.07183738694045266,False,0.8129746913909912,True,True,False,False,False,occlusion
MOT17-13-FRCNN,436,139,125,143,416,19,0.0301,0.7171731859822597,147,0.20016584810097982,False,0.9806118011474609,True,True,False,True,False,occlusion
MOT17-13-FRCNN,438,147,134,143,433,4,0.69295,0.717852684144819,139,0.14266674794737247,True,0.975020706653595,False,True,False,True,True,occlusion + similar appearance
MOT17-13-FRCNN,439,151,131,144,429,9,0.79508,0.3514401212733704,163,0.19601055810565127,False,0.8473806381225586,True,True,False,True,False,occlusion
MOT17-13-FRCNN,449,161,136,145,418,30,0.054288,0.4950681070925317,155,0.108007755246266,False,0.7845617532730103,True,True,False,True,False,occlusion
MOT17-13-FRCNN,455,65,142,147,445,9,0.17582,0.0,-1,0.17883860419060632,False,,True,True,False,True,False,occlusion
MOT17-13-FRCNN,456,164,148,149,455,0,0.053686,0.7251231527093596,142,0.21730674684008827,False,0.9723842144012451,True,True,False,True,False,occlusion
MOT17-13-FRCNN,457,65,147,148,456,0,1.0,0.0,164,0.16587064642136104,True,0.5485690832138062,False,False,False,True,False,fast motion
MOT17-13-FRCNN,458,142,116,150,447,10,0.018667,0.7545164718384697,164,0.19651367814866547,False,0.9622223377227783,True,True,False,True,False,occlusion
MOT17-13-FRCNN,458,65,148,147,457,0,0.96588,0.0,-1,0.1801509939412817,False,,False,False,False,True,False,fast motion
MOT17-13-FRCNN,459,142,150,151,458,0,0.73134,0.654041102202562,164,0.19651367814866547,False,0.9614782333374023,True,True,False,True,False,occlusion
MOT17-13-FRCNN,460,70,124,152,448,11,0.31365,0.3485609221412913,164,0.1701479464722697,False,0.8088287115097046,True,True,False,True,False,occlusion
MOT17-13-FRCNN,461,142,151,152,460,0,0.33824,0.5619039721369932,70,0.19350158618414984,True,0.7287179231643677,False,True,False,True,False,occlusion
MOT17-13-FRCNN,462,65,147,151,461,0,0.83283,0.041785774340003363,142,0.21204893123735385,True,0.5927280187606812,False,False,False,True,False,fast motion
MOT17-13-FRCNN,463,142,152,153,462,0,0.68657,0.6964618249534451,164,0.22445053076937946,False,0.9671414494514465,True,True,False,True,False,occlusion
MOT17-13-FRCNN,463,65,151,147,462,0,0.86294,0.011960735791470759,142,0.2081418961430555,False,0.5792717933654785,False,False,False,True,False,fast motion
MOT17-13-FRCNN,464,142,153,154,463,0,0.16129,0.7046402502606882,164,0.22445053076937946,False,0.9658336639404297,True,True,False,True,False,occlusion
MOT17-13-FRCNN,465,65,147,153,464,0,0.85921,0.0,142,0.21305240562249775,True,0.5801228880882263,False,False,False,True,False,fast motion
MOT17-13-FRCNN,466,65,153,147,465,0,0.81045,0.0,-1,0.21305240562249775,False,,False,False,False,True,False,fast motion
MOT17-13-FRCNN,466,164,149,155,456,9,0.053686,0.7046402502606882,142,0.23393640279496622,False,0.9493618011474609,True,True,False,True,False,occlusion
MOT17-13-FRCNN,467,142,154,155,465,1,0.070175,0.639344262295082,164,0.2158287081229001,True,0.9524939656257629,False,True,False,True,True,occlusion + similar appearance
MOT17-13-FRCNN,467,65,147,154,466,0,0.78445,0.0,142,0.1863905325443787,True,0.5654175281524658,False,False,False,True,False,fast motion
MOT17-13-FRCNN,468,65,154,147,467,0,0.73176,0.0,-1,0.1863905325443787,False,,False,False,False,True,False,fast motion
MOT17-13-FRCNN,509,22,156,160,486,22,0.50996,0.2095321017565112,21,0.16205807125404262,False,0.7702512741088867,True,True,False,True,False,occlusion
MOT17-13-FRCNN,588,53,166,167,583,4,1.0,0.0,-1,0.07110916944933293,False,,True,True,False,False,False,occlusion
MOT17-13-FRCNN,593,28,164,168,570,22,0.3,0.0,-1,0.0784313725490196,False,,True,True,False,False,False,occlusion
MOT17-13-FRCNN,613,27,165,170,606,6,0.39226,0.0,-1,0.040675628020671456,False,,True,True,False,False,False,occlusion
MOT17-13-FRCNN,653,43,171,172,641,11,0.79463,0.12640449438202248,55,0.17827412463974704,False,0.814720094203949,True,True,False,True,False,occlusion
MOT17-13-FRCNN,660,42,169,173,606,53,0.23776,0.11161247511612475,28,0.11326388252865008,False,0.6638402938842773,True,True,True,True,False,long occlusion (> buffer)
MOT17-13-FRCNN,676,43,172,174,665,10,0.82143,0.15767634854771784,55,0.1920738428602685,False,0.8145289421081543,True,True,False,True,False,occlusion
MOT17-13-FRCNN,686,43,174,176,680,5,0.78571,0.14315642458100558,55,0.1920738428602685,False,0.868880033493042,True,True,False,True,False,occlusion
MOT17-13-FRCNN,686,42,173,175,681,4,1.0,0.0,-1,0.1310326268504562,False,,True,True,False,True,False,occlusion
MOT17-13-FRCNN,713,55,178,179,701,11,0.73684,0.12777777777777777,43,0.12147816447594377,False,0.7820181846618652,True,True,False,True,False,occlusion
MOT17-13-FRCNN,749,55,179,181,741,7,0.80952,0.11037527593818984,43,0.04140866624999611,False,0.7888487577438354,True,True,False,False,False,occlusion
