1,1,0.07,25.83,346.10,1004.29,0.931,-1,-1,-1
1,2,867.18,150.07,235.92,629.37,0.890,-1,-1,-1
1,3,547.11,265.99,93.42,321.42,0.881,-1,-1,-1
1,4,399.86,278.67,108.93,318.39,0.850,-1,-1,-1
1,5,863.37,253.48,89.88,300.19,0.829,-1,-1,-1
1,6,742.55,324.03,41.97,126.74,0.767,-1,-1,-1
1,7,795.26,329.78,40.00,117.57,0.767,-1,-1,-1
1,8,1051.66,294.54,88.52,342.19,0.742,-1,-1,-1
2,1,-3.36,16.52,348.53,1011.64,0.900,-1,-1,-1
2,2,863.05,147.10,237.67,634.24,0.897,-1,-1,-1
2,3,542.99,263.67,94.51,325.19,0.879,-1,-1,-1
2,4,395.17,275.55,109.66,320.31,0.858,-1,-1,-1
2,5,863.01,252.02,90.05,300.79,0.819,-1,-1,-1
2,6,739.27,323.05,42.26,127.62,0.763,-1,-1,-1
2,7,794.17,327.81,40.09,117.88,0.775,-1,-1,-1
2,8,1051.53,292.38,88.84,343.70,0.747,-1,-1,-1
3,1,-6.70,12.65,350.34,1017.77,0.892,-1,-1,-1
3,2,860.88,148.76,237.71,634.95,0.892,-1,-1,-1
3,3,537.98,263.51,95.72,329.56,0.884,-1,-1,-1
3,4,389.91,275.13,110.47,322.19,0.894,-1,-1,-1
3,5,860.31,254.50,89.67,299.60,0.846,-1,-1,-1
3,6,736.62,324.28,42.19,127.39,0.774,-1,-1,-1
3,7,791.19,329.18,39.93,117.33,0.815,-1,-1,-1
3,8,1049.37,292.14,89.78,347.62,0.719,-1,-1,-1
3,9,694.17,335.67,42.46,114.20,0.723,-1,-1,-1
3,10,770.26,339.43,21.66,59.15,0.588,-1,-1,-1
4,1,-11.43,10.02,350.87,1020.99,0.821,-1,-1,-1
4,2,861.26,150.35,237.02,634.53,0.891,-1,-1,-1
4,3,532.60,263.20,96.26,331.54,0.876,-1,-1,-1
4,4,382.06,272.74,111.25,324.31,0.886,-1,-1,-1
4,5,856.27,255.45,89.51,299.29,0.864,-1,-1,-1
4,6,732.06,323.22,42.48,128.23,0.774,-1,-1,-1
4,7,787.95,328.94,40.20,118.14,0.803,-1,-1,-1
4,8,1046.54,290.96,90.42,350.49,0.761,-1,-1,-1
4,9,691.21,334.52,42.38,114.05,0.744,-1,-1,-1
4,10,767.45,338.94,22.21,60.63,0.520,-1,-1,-1
4,11,1667.85,537.03,64.52,163.60,0.676,-1,-1,-1
5,1,-18.21,10.09,350.41,1022.47,0.797,-1,-1,-1
5,2,863.53,150.91,235.12,631.68,0.883,-1,-1,-1
5,3,527.28,259.42,97.48,335.83,0.874,-1,-1,-1
5,4,374.06,269.97,111.84,325.50,0.898,-1,-1,-1
5,5,853.85,254.74,89.69,300.15,0.820,-1,-1,-1
5,6,729.81,320.51,43.03,129.92,0.777,-1,-1,-1
5,7,786.18,326.68,40.16,118.07,0.802,-1,-1,-1
5,8,1044.46,288.44,91.01,353.42,0.761,-1,-1,-1
5,9,687.39,331.27,43.94,118.55,0.793,-1,-1,-1
5,10,764.91,336.37,22.89,62.43,0.394,-1,-1,-1
5,11,1668.13,536.06,65.34,165.76,0.780,-1,-1,-1
6,1,-24.85,18.09,346.02,1015.01,0.847,-1,-1,-1
6,2,867.74,150.84,231.80,626.13,0.881,-1,-1,-1
6,3,522.20,258.54,98.04,337.75,0.868,-1,-1,-1
6,4,366.59,265.94,113.39,329.16,0.898,-1,-1,-1
6,5,851.87,255.23,89.72,300.79,0.837,-1,-1,-1
6,6,725.90,318.79,43.78,131.73,0.806,-1,-1,-1
6,7,784.88,326.20,39.77,117.00,0.793,-1,-1,-1
6,8,1037.58,254.16,100.07,390.78,0.686,-1,-1,-1
6,9,685.15,330.60,43.53,117.69,0.777,-1,-1,-1
6,10,763.46,335.23,22.72,61.92,0.353,-1,-1,-1
6,11,1668.99,537.30,65.34,165.87,0.730,-1,-1,-1
6,12,1727.32,529.87,159.21,134.06,0.523,-1,-1,-1
6,13,1787.22,341.05,36.70,33.82,0.663,-1,-1,-1
7,1,-26.55,63.12,332.01,980.41,0.866,-1,-1,-1
7,2,871.97,152.14,228.41,621.73,0.880,-1,-1,-1
7,3,517.68,259.04,99.26,341.86,0.888,-1,-1,-1
7,4,360.10,263.59,115.43,334.26,0.891,-1,-1,-1
7,5,850.59,256.62,89.92,302.36,0.834,-1,-1,-1
7,6,722.26,318.95,44.10,132.07,0.818,-1,-1,-1
7,7,782.50,326.57,40.03,117.62,0.792,-1,-1,-1
7,8,1038.11,273.19,95.67,374.88,0.785,-1,-1,-1
7,9,681.76,331.35,44.91,122.00,0.797,-1,-1,-1
7,10,762.76,336.77,21.86,59.56,0.259,-1,-1,-1
7,11,1670.93,539.37,65.48,166.29,0.624,-1,-1,-1
7,12,1735.95,536.83,151.00,127.03,0.616,-1,-1,-1
7,13,1786.43,344.07,36.51,33.67,0.657,-1,-1,-1
7,14,1371.62,320.99,34.59,54.84,0.734,-1,-1,-1
8,1,-33.67,88.63,322.53,962.62,0.875,-1,-1,-1
8,2,871.71,153.81,226.14,621.00,0.874,-1,-1,-1
8,3,512.71,261.97,100.06,344.58,0.886,-1,-1,-1
8,4,353.61,264.43,116.78,336.83,0.894,-1,-1,-1
8,5,850.21,259.47,89.44,301.90,0.809,-1,-1,-1
8,6,718.89,319.94,44.48,132.30,0.836,-1,-1,-1
8,7,780.72,328.01,40.46,119.01,0.801,-1,-1,-1
8,8,1037.28,284.60,93.39,367.58,0.800,-1,-1,-1
8,9,679.31,333.78,44.58,121.77,0.829,-1,-1,-1
8,10,760.68,338.94,21.66,58.86,0.473,-1,-1,-1
8,11,1673.07,542.41,65.16,165.57,0.747,-1,-1,-1
8,12,1736.00,539.71,156.41,131.56,0.595,-1,-1,-1
8,13,1785.59,347.61,35.93,33.13,0.650,-1,-1,-1
8,14,1370.13,323.71,34.39,54.51,0.732,-1,-1,-1
8,15,1310.90,339.94,24.74,38.84,0.660,-1,-1,-1
8,16,830.85,337.77,32.87,108.14,0.543,-1,-1,-1
9,1,-40.82,101.88,314.74,953.29,0.884,-1,-1,-1
9,2,868.93,154.77,224.77,623.37,0.883,-1,-1,-1
9,3,508.08,262.25,101.30,348.60,0.883,-1,-1,-1
9,4,347.03,265.58,117.88,338.31,0.905,-1,-1,-1
9,5,849.80,262.06,88.97,301.47,0.815,-1,-1,-1
9,6,716.79,321.24,44.68,131.83,0.842,-1,-1,-1
9,7,779.29,330.73,40.11,118.12,0.786,-1,-1,-1
9,8,1030.84,257.70,101.17,401.64,0.765,-1,-1,-1
9,9,677.11,336.79,44.11,121.26,0.842,-1,-1,-1
9,10,759.14,340.29,21.68,58.85,0.418,-1,-1,-1
9,11,1675.31,544.23,66.33,168.68,0.788,-1,-1,-1
9,12,1739.33,542.56,157.79,132.60,0.690,-1,-1,-1
9,13,1785.23,351.30,34.76,32.04,0.661,-1,-1,-1
9,14,1368.62,325.92,34.51,54.66,0.738,-1,-1,-1
9,15,1308.37,342.71,24.29,38.17,0.642,-1,-1,-1
9,16,830.16,339.30,32.96,108.59,0.501,-1,-1,-1
10,1,-48.70,112.97,307.08,947.49,0.871,-1,-1,-1
10,2,865.33,155.54,223.25,625.54,0.884,-1,-1,-1
10,3,503.68,260.34,102.90,353.53,0.882,-1,-1,-1
10,4,340.80,266.31,119.30,340.52,0.914,-1,-1,-1
10,5,849.64,264.31,88.34,300.80,0.837,-1,-1,-1
10,6,715.28,321.65,45.12,132.06,0.851,-1,-1,-1
10,7,777.39,331.72,40.06,117.71,0.786,-1,-1,-1
10,8,1027.48,245.72,103.66,414.95,0.735,-1,-1,-1
10,9,674.98,338.74,44.25,122.53,0.841,-1,-1,-1
10,10,758.13,343.21,21.13,57.28,0.389,-1,-1,-1
10,11,1678.06,545.27,66.35,168.85,0.781,-1,-1,-1
10,12,1743.48,543.03,160.23,134.56,0.681,-1,-1,-1
10,13,1785.00,352.89,34.27,31.57,0.638,-1,-1,-1
10,14,1366.89,326.66,34.83,55.06,0.748,-1,-1,-1
10,15,1304.87,342.47,25.14,39.58,0.634,-1,-1,-1
10,16,830.25,333.24,35.33,116.43,0.497,-1,-1,-1
11,1,-46.79,118.76,282.34,883.39,0.780,-1,-1,-1
11,2,861.90,155.71,222.29,629.24,0.884,-1,-1,-1
11,3,498.70,260.15,103.80,355.95,0.874,-1,-1,-1
11,4,334.51,267.32,121.40,344.85,0.909,-1,-1,-1
11,5,850.15,266.51,87.51,299.81,0.807,-1,-1,-1
11,6,714.74,323.08,45.16,131.74,0.840,-1,-1,-1
11,7,775.12,332.81,40.41,118.10,0.810,-1,-1,-1
11,8,1028.87,265.76,98.01,395.25,0.744,-1,-1,-1
11,9,673.77,340.34,44.05,122.84,0.851,-1,-1,-1
11,10,757.11,345.16,20.84,56.45,0.371,-1,-1,-1
11,11,1681.23,545.48,65.57,166.85,0.754,-1,-1,-1
11,12,1749.44,544.07,160.50,134.50,0.694,-1,-1,-1
11,13,1784.50,353.37,34.70,31.98,0.555,-1,-1,-1
11,14,1366.40,327.34,35.16,55.48,0.742,-1,-1,-1
11,15,1303.49,347.95,22.55,35.50,0.563,-1,-1,-1
11,16,830.23,335.34,35.20,115.99,0.574,-1,-1,-1
12,1,-34.09,126.60,231.36,735.44,0.878,-1,-1,-1
12,2,856.41,155.73,221.17,631.03,0.898,-1,-1,-1
12,3,493.72,259.32,105.03,359.31,0.873,-1,-1,-1
12,4,328.51,267.83,123.62,349.75,0.906,-1,-1,-1
12,5,849.71,268.14,86.41,298.44,0.821,-1,-1,-1
12,6,714.42,324.10,45.47,131.38,0.854,-1,-1,-1
12,7,773.88,333.55,40.42,117.18,0.798,-1,-1,-1
12,8,1022.73,249.03,101.56,415.16,0.768,-1,-1,-1
12,9,671.34,341.00,43.73,122.79,0.822,-1,-1,-1
12,10,756.47,346.29,19.82,53.60,0.301,-1,-1,-1
12,11,1683.98,544.35,65.48,166.71,0.766,-1,-1,-1
12,12,1754.08,543.44,159.78,133.58,0.700,-1,-1,-1
12,13,1784.56,353.24,34.73,32.03,0.548,-1,-1,-1
12,14,1365.62,327.23,35.38,55.74,0.722,-1,-1,-1
12,15,1299.69,345.91,23.85,37.67,0.696,-1,-1,-1
12,16,830.42,337.33,34.91,114.92,0.622,-1,-1,-1
13,1,-27.62,141.40,194.37,628.89,0.880,-1,-1,-1
13,2,851.12,154.78,220.42,633.00,0.917,-1,-1,-1
13,3,489.54,258.30,105.88,361.46,0.880,-1,-1,-1
13,4,322.73,267.66,125.52,353.09,0.904,-1,-1,-1
13,5,849.42,266.64,86.04,300.12,0.804,-1,-1,-1
13,6,713.11,324.50,46.37,132.40,0.847,-1,-1,-1
13,7,771.92,333.37,40.72,116.89,0.802,-1,-1,-1
13,8,1019.74,239.75,102.38,424.14,0.754,-1,-1,-1
13,9,669.74,341.51,43.29,122.35,0.815,-1,-1,-1
13,10,755.21,346.90,18.91,51.06,0.227,-1,-1,-1
13,11,1687.59,542.50,65.79,167.74,0.750,-1,-1,-1
13,12,1755.87,540.45,161.55,134.92,0.716,-1,-1,-1
13,13,1785.60,352.22,34.71,32.00,0.565,-1,-1,-1
13,14,1365.15,326.54,35.45,55.65,0.747,-1,-1,-1
13,15,1297.54,346.39,23.03,36.40,0.599,-1,-1,-1
13,16,831.24,338.69,34.55,113.44,0.703,-1,-1,-1
14,1,-30.27,177.91,174.14,577.02,0.864,-1,-1,-1
14,2,844.86,153.54,220.53,636.45,0.908,-1,-1,-1
14,3,486.03,256.51,107.02,364.26,0.892,-1,-1,-1
14,4,317.69,268.68,127.19,356.55,0.911,-1,-1,-1
14,5,849.49,265.25,85.37,301.10,0.741,-1,-1,-1
14,6,712.15,325.00,47.09,132.81,0.834,-1,-1,-1
14,7,771.72,333.16,40.94,116.63,0.791,-1,-1,-1
14,8,1018.64,235.03,100.31,420.05,0.769,-1,-1,-1
14,9,668.34,341.43,42.78,121.51,0.814,-1,-1,-1
14,10,754.41,347.39,18.16,48.95,0.202,-1,-1,-1
14,11,1691.72,539.69,67.05,171.12,0.598,-1,-1,-1
14,12,1758.10,538.25,162.36,135.56,0.541,-1,-1,-1
14,13,1787.22,351.54,33.42,30.76,0.436,-1,-1,-1
14,14,1365.49,325.72,35.57,55.63,0.743,-1,-1,-1
14,15,1295.41,345.41,22.85,36.17,0.678,-1,-1,-1
14,16,831.56,339.56,34.50,112.99,0.755,-1,-1,-1
15,1,-35.78,230.13,159.78,545.99,0.853,-1,-1,-1
15,2,840.41,153.74,220.54,638.75,0.905,-1,-1,-1
15,3,483.48,256.97,107.65,364.33,0.895,-1,-1,-1
15,4,313.98,270.48,128.70,359.40,0.910,-1,-1,-1
15,5,850.90,279.16,80.90,286.88,0.520,-1,-1,-1
15,6,710.58,326.36,48.11,134.05,0.830,-1,-1,-1
15,7,772.15,333.98,41.10,116.68,0.788,-1,-1,-1
15,8,1016.95,233.35,99.08,418.72,0.769,-1,-1,-1
15,9,666.60,341.57,42.71,122.03,0.805,-1,-1,-1
15,10,754.98,348.63,16.91,45.50,0.133,-1,-1,-1
15,11,1696.90,537.08,67.41,171.93,0.665,-1,-1,-1
15,12,1759.20,535.63,166.07,138.85,0.414,-1,-1,-1
15,13,1788.81,350.67,32.75,30.08,0.532,-1,-1,-1
15,14,1365.93,325.26,35.71,55.72,0.740,-1,-1,-1
15,15,1293.27,345.02,22.98,36.46,0.666,-1,-1,-1
15,16,832.16,340.82,34.61,112.77,0.759,-1,-1,-1
16,2,835.93,155.31,220.58,642.04,0.913,-1,-1,-1
16,3,480.84,257.69,108.91,366.26,0.898,-1,-1,-1
16,4,309.83,273.34,129.89,360.98,0.897,-1,-1,-1
16,6,708.75,328.25,48.81,134.72,0.835,-1,-1,-1
16,7,772.15,336.45,41.04,115.74,0.791,-1,-1,-1
16,8,1014.02,234.12,99.14,421.97,0.806,-1,-1,-1
16,9,665.51,343.38,42.00,120.72,0.801,-1,-1,-1
16,10,754.23,350.93,17.57,47.24,0.143,-1,-1,-1
16,11,1701.29,535.49,69.45,177.25,0.734,-1,-1,-1
16,12,1760.41,533.88,169.69,142.25,0.418,-1,-1,-1
16,13,1790.28,349.87,33.46,30.76,0.417,-1,-1,-1
16,14,1366.10,325.34,35.98,56.12,0.634,-1,-1,-1
16,15,1291.48,345.33,23.18,36.89,0.602,-1,-1,-1
16,16,833.36,342.34,34.79,112.60,0.780,-1,-1,-1
17,2,832.99,157.65,220.13,644.53,0.918,-1,-1,-1
17,3,478.90,259.53,110.70,369.37,0.925,-1,-1,-1
17,4,306.69,276.65,131.92,364.79,0.908,-1,-1,-1
17,6,709.66,330.64,49.60,136.83,0.828,-1,-1,-1
17,7,772.42,339.92,41.18,114.98,0.771,-1,-1,-1
17,8,1012.78,236.00,98.58,420.61,0.818,-1,-1,-1
17,9,663.99,345.17,43.07,124.71,0.817,-1,-1,-1
17,10,754.63,353.98,17.12,46.08,0.123,-1,-1,-1
17,11,1706.50,534.81,71.30,182.05,0.597,-1,-1,-1
17,12,1749.14,533.65,198.46,167.80,-1.000,-1,-1,-1
17,13,1791.96,348.95,34.79,31.98,0.411,-1,-1,-1
17,14,1367.41,326.24,36.16,56.47,0.589,-1,-1,-1
17,15,1290.32,346.59,23.24,37.07,0.506,-1,-1,-1
17,16,834.73,342.79,35.63,114.66,0.762,-1,-1,-1
18,2,831.80,160.73,219.45,647.29,0.923,-1,-1,-1
18,3,477.87,261.67,112.70,373.11,0.900,-1,-1,-1
18,4,303.53,279.93,134.22,369.42,0.912,-1,-1,-1
18,6,711.47,333.88,49.35,136.42,0.828,-1,-1,-1
18,7,772.93,343.17,41.70,115.45,0.772,-1,-1,-1
18,8,1012.34,237.96,98.19,417.60,0.828,-1,-1,-1
18,9,663.05,347.40,43.63,127.19,0.810,-1,-1,-1
18,10,764.05,355.95,18.99,51.32,-1.000,-1,-1,-1
18,11,1711.11,536.07,72.09,184.03,0.597,-1,-1,-1
18,12,1737.86,533.42,227.24,193.34,0.516,-1,-1,-1
18,13,1793.04,349.67,36.27,33.32,0.456,-1,-1,-1
18,14,1369.44,328.49,35.93,56.29,0.530,-1,-1,-1
18,15,1289.69,349.67,22.69,36.16,0.354,-1,-1,-1
18,16,836.31,346.08,35.88,114.55,0.765,-1,-1,-1
19,2,831.44,165.24,218.90,651.37,0.910,-1,-1,-1
19,3,475.95,265.45,114.78,377.80,0.895,-1,-1,-1
19,4,300.76,284.08,135.98,373.10,0.908,-1,-1,-1
19,6,711.92,338.03,49.48,137.44,0.823,-1,-1,-1
19,7,774.25,347.76,41.98,115.65,0.736,-1,-1,-1
19,8,1009.80,241.53,98.21,416.10,0.853,-1,-1,-1
19,9,662.86,352.17,43.76,128.21,0.801,-1,-1,-1
19,10,773.47,357.91,20.87,56.56,-1.000,-1,-1,-1
19,11,1715.67,539.45,73.04,186.25,0.617,-1,-1,-1
19,12,1732.84,535.79,242.19,208.02,0.223,-1,-1,-1
19,13,1793.99,352.33,36.76,33.74,0.367,-1,-1,-1
19,14,1371.22,332.44,35.61,55.98,0.508,-1,-1,-1
19,15,1288.43,353.41,23.06,36.74,0.255,-1,-1,-1
19,16,837.30,350.07,36.33,114.85,0.732,-1,-1,-1
20,2,835.21,169.22,217.81,654.06,0.902,-1,-1,-1
20,3,475.46,270.23,116.88,382.56,0.895,-1,-1,-1
20,4,298.78,287.76,137.30,376.27,0.906,-1,-1,-1
20,6,714.46,342.45,50.15,140.30,0.813,-1,-1,-1
20,7,776.03,351.67,41.92,115.72,0.616,-1,-1,-1
20,8,1009.33,246.45,97.85,413.69,0.850,-1,-1,-1
20,9,663.74,356.36,44.20,130.25,0.812,-1,-1,-1
20,10,782.90,359.88,22.75,61.80,-1.000,-1,-1,-1
20,11,1722.02,542.30,74.19,188.86,0.510,-1,-1,-1
20,12,1750.74,538.42,227.65,196.85,-1.000,-1,-1,-1
20,13,1796.89,355.43,34.89,31.89,0.381,-1,-1,-1
20,14,1373.20,335.78,35.21,55.46,0.474,-1,-1,-1
20,15,1288.90,358.32,22.30,35.43,0.227,-1,-1,-1
20,16,839.07,352.03,37.27,117.35,0.585,-1,-1,-1
21,2,846.91,173.13,215.96,654.41,0.896,-1,-1,-1
21,3,481.56,274.69,119.01,387.53,0.900,-1,-1,-1
21,4,304.66,290.00,138.90,381.62,0.887,-1,-1,-1
21,6,721.14,344.98,50.22,141.17,0.774,-1,-1,-1
21,7,784.34,355.29,41.57,114.87,0.363,-1,-1,-1
21,8,1017.05,248.27,98.64,415.46,0.833,-1,-1,-1
21,9,671.79,360.05,44.25,130.33,0.780,-1,-1,-1
21,10,792.32,361.85,24.62,67.05,-1.000,-1,-1,-1
21,11,1736.92,543.58,75.62,192.10,0.442,-1,-1,-1
21,12,1768.64,541.05,213.11,185.67,-1.000,-1,-1,-1
21,13,1806.93,355.52,36.17,33.04,0.113,-1,-1,-1
21,14,1381.41,338.38,34.98,55.00,0.101,-1,-1,-1
21,16,847.36,354.53,37.73,118.51,0.458,-1,-1,-1
22,2,864.84,174.60,214.58,655.31,0.873,-1,-1,-1
22,3,497.35,276.06,121.39,393.72,0.908,-1,-1,-1
22,4,321.37,291.16,140.13,384.79,0.897,-1,-1,-1
22,6,739.10,346.08,49.46,139.52,0.819,-1,-1,-1
22,7,801.56,358.26,41.86,115.32,0.684,-1,-1,-1
22,8,1034.71,250.53,99.94,419.95,0.867,-1,-1,-1
22,9,689.73,363.16,43.28,127.10,0.833,-1,-1,-1
22,10,801.74,363.82,26.50,72.29,-1.000,-1,-1,-1
22,11,1763.27,544.61,77.83,197.60,0.660,-1,-1,-1
22,12,1786.54,543.68,198.57,174.49,0.554,-1,-1,-1
22,13,1829.62,355.58,37.93,34.63,0.170,-1,-1,-1
22,14,1397.82,339.43,35.45,55.18,0.517,-1,-1,-1
22,16,865.34,358.40,37.37,116.18,0.656,-1,-1,-1
23,2,873.34,175.67,213.12,656.40,0.890,-1,-1,-1
23,3,508.89,280.70,122.49,395.33,0.903,-1,-1,-1
23,4,333.57,293.68,140.79,385.81,0.893,-1,-1,-1
23,6,752.54,349.39,49.82,140.11,0.787,-1,-1,-1
23,7,813.54,361.86,42.22,115.69,0.686,-1,-1,-1
23,8,1045.57,254.61,101.45,423.86,0.870,-1,-1,-1
23,9,702.45,367.07,42.66,125.06,0.809,-1,-1,-1
23,10,811.17,365.79,28.38,77.53,-1.000,-1,-1,-1
23,11,1786.10,547.23,75.71,191.00,0.619,-1,-1,-1
23,13,1846.25,357.56,39.06,35.66,0.348,-1,-1,-1
23,14,1414.35,342.33,35.58,55.56,0.647,-1,-1,-1
23,16,879.71,361.56,36.51,113.74,0.220,-1,-1,-1
24,2,877.94,175.14,211.89,655.97,0.903,-1,-1,-1
24,3,519.01,282.52,123.50,397.06,0.897,-1,-1,-1
24,4,343.84,293.49,141.81,388.22,0.902,-1,-1,-1
24,6,764.66,348.97,50.84,143.29,0.747,-1,-1,-1
24,7,825.69,361.40,42.34,115.84,0.719,-1,-1,-1
24,8,1055.33,256.55,102.58,424.64,0.864,-1,-1,-1
24,9,713.18,367.65,42.84,125.48,0.816,-1,-1,-1
24,10,820.59,367.76,30.25,82.77,-1.000,-1,-1,-1
24,11,1806.43,544.87,74.19,186.37,0.503,-1,-1,-1
24,13,1863.00,354.93,38.40,34.98,0.165,-1,-1,-1
24,14,1428.78,340.69,35.16,55.07,0.681,-1,-1,-1
25,2,882.68,175.17,212.08,657.17,0.906,-1,-1,-1
25,3,530.36,285.51,125.12,400.55,0.916,-1,-1,-1
25,4,355.20,294.47,143.07,392.00,0.877,-1,-1,-1
25,6,777.94,349.40,51.57,145.64,0.804,-1,-1,-1
25,7,839.83,362.25,42.61,115.86,0.601,-1,-1,-1
25,8,1066.98,257.78,105.01,428.39,0.897,-1,-1,-1
25,9,726.48,368.72,43.31,126.19,0.798,-1,-1,-1
25,10,830.01,369.73,32.13,88.01,-1.000,-1,-1,-1
25,11,1830.64,543.62,75.56,188.04,0.634,-1,-1,-1
25,13,1881.56,352.54,37.70,34.34,0.219,-1,-1,-1
25,14,1444.28,339.30,35.22,55.28,0.632,-1,-1,-1
26,2,888.04,177.51,211.44,653.72,0.908,-1,-1,-1
26,3,543.17,288.29,126.78,404.99,0.901,-1,-1,-1
26,4,367.13,296.53,143.34,393.60,0.882,-1,-1,-1
26,6,792.80,351.63,50.58,143.11,0.824,-1,-1,-1
26,7,855.48,364.12,42.74,115.84,0.644,-1,-1,-1
26,8,1080.26,261.34,107.33,430.06,0.887,-1,-1,-1
26,9,741.51,372.06,43.17,125.60,0.822,-1,-1,-1
26,10,839.43,371.70,34.01,93.25,-1.000,-1,-1,-1
26,11,1850.58,545.72,76.32,190.93,0.555,-1,-1,-1
26,14,1461.85,340.45,35.01,55.11,0.672,-1,-1,-1
27,2,892.82,179.92,212.15,653.98,0.916,-1,-1,-1
27,3,556.95,291.38,127.92,407.66,0.900,-1,-1,-1
27,4,380.64,299.96,143.77,395.17,0.909,-1,-1,-1
27,6,806.79,354.96,51.33,144.90,0.806,-1,-1,-1
27,7,871.74,367.42,42.74,115.95,0.653,-1,-1,-1
27,8,1093.24,265.20,109.96,431.99,0.892,-1,-1,-1
27,9,756.26,375.86,43.48,126.16,0.796,-1,-1,-1
27,10,848.86,373.67,35.88,98.50,-1.000,-1,-1,-1
27,11,1866.37,550.43,77.35,197.24,0.522,-1,-1,-1
27,14,1478.60,342.59,35.54,56.01,0.446,-1,-1,-1
28,2,889.47,184.74,213.20,655.04,0.919,-1,-1,-1
28,3,562.49,296.19,129.12,410.69,0.898,-1,-1,-1
28,4,386.20,305.97,144.51,397.45,0.916,-1,-1,-1
28,6,813.89,360.41,50.91,143.50,0.812,-1,-1,-1
28,7,881.41,372.47,41.82,114.31,0.652,-1,-1,-1
28,8,1098.92,271.67,112.60,433.44,0.905,-1,-1,-1
28,9,764.32,381.14,43.89,127.09,0.816,-1,-1,-1
28,10,858.28,375.64,37.76,103.74,0.527,-1,-1,-1
28,14,1488.26,347.38,35.77,56.40,0.470,-1,-1,-1
29,2,887.06,190.78,214.91,657.87,0.919,-1,-1,-1
29,3,566.51,299.82,130.46,414.34,0.909,-1,-1,-1
29,4,389.02,311.29,145.95,401.72,0.916,-1,-1,-1
29,6,818.98,365.96,50.41,142.21,0.844,-1,-1,-1
29,7,888.15,376.26,40.10,110.80,0.592,-1,-1,-1
29,8,1103.41,277.91,114.78,432.28,0.906,-1,-1,-1
29,9,770.89,385.36,44.29,127.08,0.800,-1,-1,-1
29,10,863.87,379.92,38.92,108.25,0.525,-1,-1,-1
29,14,1496.27,350.69,35.93,56.82,0.661,-1,-1,-1
30,2,889.85,195.04,216.92,661.44,0.916,-1,-1,-1
30,3,573.48,302.05,131.82,417.80,0.921,-1,-1,-1
30,4,394.80,315.93,147.63,407.21,0.915,-1,-1,-1
30,6,826.76,370.28,50.76,143.49,0.847,-1,-1,-1
30,7,898.38,379.25,39.36,109.24,0.179,-1,-1,-1
30,8,1110.79,283.01,116.78,430.18,0.906,-1,-1,-1
30,9,779.31,388.30,44.84,128.64,0.840,-1,-1,-1
30,10,872.79,382.66,39.83,112.69,0.689,-1,-1,-1
30,14,1507.02,353.31,36.86,58.58,0.743,-1,-1,-1
31,2,891.01,200.89,218.77,665.00,0.919,-1,-1,-1
31,3,577.39,305.04,133.03,420.26,0.915,-1,-1,-1
31,4,397.56,320.69,149.26,414.23,0.902,-1,-1,-1
31,6,832.61,375.16,50.57,142.22,0.843,-1,-1,-1
31,7,900.11,384.54,38.88,108.00,-1.000,-1,-1,-1
31,8,1114.90,287.49,119.50,430.84,0.908,-1,-1,-1
31,9,785.41,392.98,44.55,127.55,0.832,-1,-1,-1
31,10,879.03,386.92,39.14,111.70,0.699,-1,-1,-1
31,14,1515.19,358.71,36.75,58.20,0.709,-1,-1,-1
32,2,892.76,207.18,220.63,668.11,0.926,-1,-1,-1
32,3,579.24,306.67,135.08,426.46,0.912,-1,-1,-1
32,4,398.94,324.82,150.51,419.44,0.900,-1,-1,-1
32,6,836.23,380.70,51.42,144.23,0.841,-1,-1,-1
32,7,901.83,389.83,38.41,106.76,-1.000,-1,-1,-1
32,8,1117.68,292.18,122.12,430.57,0.914,-1,-1,-1
32,9,790.17,397.87,44.20,126.01,0.826,-1,-1,-1
32,10,884.88,391.49,38.52,111.38,0.739,-1,-1,-1
32,14,1522.78,363.92,37.05,58.74,0.753,-1,-1,-1
33,2,895.61,214.15,221.90,669.27,0.924,-1,-1,-1
33,3,582.26,310.31,136.02,428.86,0.913,-1,-1,-1
33,4,400.10,329.63,150.93,422.47,0.898,-1,-1,-1
33,6,840.70,386.05,51.65,144.06,0.859,-1,-1,-1
33,7,903.55,395.12,37.93,105.52,-1.000,-1,-1,-1
33,8,1120.41,296.72,124.95,430.43,0.917,-1,-1,-1
33,9,794.80,401.56,44.37,125.91,0.831,-1,-1,-1
33,10,889.12,396.34,37.93,110.17,0.685,-1,-1,-1
33,14,1529.36,369.95,37.15,58.54,0.718,-1,-1,-1
33,17,1816.55,388.45,29.06,36.79,0.598,-1,-1,-1
34,2,898.83,221.19,223.15,671.28,0.916,-1,-1,-1
34,3,584.38,312.47,137.37,433.06,0.906,-1,-1,-1
34,4,399.83,333.23,151.77,427.37,0.895,-1,-1,-1
34,6,844.99,390.48,51.46,143.08,0.852,-1,-1,-1
34,7,905.28,400.41,37.46,104.28,-1.000,-1,-1,-1
34,8,1122.90,300.98,128.08,431.29,0.911,-1,-1,-1
34,9,798.95,405.00,45.24,128.12,0.788,-1,-1,-1
34,10,894.06,401.13,36.63,106.59,0.537,-1,-1,-1
34,14,1536.09,375.27,37.12,58.43,0.695,-1,-1,-1
34,17,1824.59,394.16,29.13,36.84,0.625,-1,-1,-1
35,2,901.70,228.79,224.31,674.24,0.909,-1,-1,-1
35,3,585.89,315.36,138.32,436.30,0.902,-1,-1,-1
35,4,398.40,336.97,152.74,432.56,0.902,-1,-1,-1
35,6,847.38,395.31,51.64,142.94,0.866,-1,-1,-1
35,7,907.00,405.70,36.98,103.04,-1.000,-1,-1,-1
35,8,1124.76,305.68,130.47,429.49,0.906,-1,-1,-1
35,9,802.08,409.69,45.66,129.08,0.832,-1,-1,-1
35,10,898.17,407.28,34.95,101.49,0.531,-1,-1,-1
35,14,1541.87,381.29,37.45,58.62,0.711,-1,-1,-1
35,17,1830.99,400.64,29.45,37.19,0.633,-1,-1,-1
35,18,1630.39,814.23,91.10,96.51,0.555,-1,-1,-1
36,2,905.18,236.65,224.93,676.09,0.916,-1,-1,-1
36,3,586.78,319.88,139.14,440.20,0.904,-1,-1,-1
36,4,395.03,340.54,153.62,437.01,0.913,-1,-1,-1
36,6,849.45,400.16,52.56,145.08,0.853,-1,-1,-1
36,7,908.72,410.98,36.51,101.80,-1.000,-1,-1,-1
36,8,1126.82,310.57,133.10,429.94,0.907,-1,-1,-1
36,9,804.89,415.61,46.29,131.18,0.781,-1,-1,-1
36,10,901.47,413.93,33.47,95.87,0.712,-1,-1,-1
36,14,1547.80,387.79,37.43,58.47,0.703,-1,-1,-1
36,17,1837.93,407.80,29.32,36.97,0.524,-1,-1,-1
36,18,1640.21,822.15,93.48,99.10,0.314,-1,-1,-1
37,2,908.48,244.70,225.32,678.17,0.921,-1,-1,-1
37,3,586.18,323.70,140.75,448.27,0.915,-1,-1,-1
37,4,391.50,343.31,154.53,441.82,0.913,-1,-1,-1
37,6,851.19,405.53,52.42,144.30,0.858,-1,-1,-1
37,7,910.45,416.27,36.03,100.56,-1.000,-1,-1,-1
37,8,1129.58,316.15,135.05,428.29,0.912,-1,-1,-1
37,9,806.46,419.65,46.87,133.72,0.773,-1,-1,-1
37,10,904.12,420.07,32.92,93.62,0.689,-1,-1,-1
37,14,1552.49,394.62,37.61,58.12,0.717,-1,-1,-1
37,17,1845.55,415.16,28.78,36.31,0.465,-1,-1,-1
37,18,1649.86,830.45,88.86,94.34,0.329,-1,-1,-1
38,2,912.02,251.21,224.59,677.51,0.919,-1,-1,-1
38,3,585.14,329.98,142.10,455.68,0.910,-1,-1,-1
38,4,385.58,345.97,155.63,447.61,0.900,-1,-1,-1
38,6,851.79,411.40,53.25,145.87,0.845,-1,-1,-1
38,7,912.17,421.56,35.56,99.32,-1.000,-1,-1,-1
38,8,1130.42,322.54,140.83,442.69,0.896,-1,-1,-1
38,9,809.21,426.52,47.12,133.95,0.813,-1,-1,-1
38,10,906.05,426.72,34.00,96.44,0.568,-1,-1,-1
38,14,1557.30,401.24,38.25,58.78,0.683,-1,-1,-1
38,17,1850.61,422.43,29.07,36.65,0.345,-1,-1,-1
38,18,1658.17,839.48,94.94,101.03,0.311,-1,-1,-1
39,2,915.12,257.07,224.73,680.29,0.923,-1,-1,-1
39,3,583.56,335.86,143.80,464.63,0.909,-1,-1,-1
39,4,379.20,351.45,156.38,450.37,0.904,-1,-1,-1
39,6,852.01,417.92,53.77,146.52,0.819,-1,-1,-1
39,7,913.89,426.85,35.08,98.08,-1.000,-1,-1,-1
39,8,1133.26,328.61,140.56,437.10,0.921,-1,-1,-1
39,9,809.22,434.40,46.57,132.94,0.755,-1,-1,-1
39,10,907.51,434.20,35.09,99.68,0.632,-1,-1,-1
39,14,1560.47,408.87,38.18,58.53,0.629,-1,-1,-1
39,17,1854.98,430.08,29.22,36.77,0.426,-1,-1,-1
39,18,1669.66,848.44,91.60,97.66,0.288,-1,-1,-1
40,2,917.25,261.31,224.65,683.68,0.922,-1,-1,-1
40,3,581.12,340.62,144.94,472.10,0.909,-1,-1,-1
40,4,373.14,354.96,157.54,454.86,0.888,-1,-1,-1
40,6,854.91,422.84,55.03,149.83,0.807,-1,-1,-1
40,7,915.62,432.14,34.60,96.84,-1.000,-1,-1,-1
40,8,1134.65,334.12,141.46,435.63,0.898,-1,-1,-1
40,9,809.02,440.79,46.68,134.24,0.759,-1,-1,-1
40,10,908.58,440.21,35.86,102.31,0.723,-1,-1,-1
40,14,1562.56,414.71,38.30,58.73,0.616,-1,-1,-1
40,17,1858.59,436.42,29.37,37.02,0.399,-1,-1,-1
40,18,1672.58,855.92,102.13,109.25,0.137,-1,-1,-1
41,2,919.14,264.50,223.80,684.68,0.917,-1,-1,-1
41,3,578.16,344.19,145.22,476.41,0.902,-1,-1,-1
41,4,364.90,356.97,158.94,459.88,0.892,-1,-1,-1
41,6,853.33,426.50,55.62,150.64,0.800,-1,-1,-1
41,7,917.34,437.43,34.13,95.60,-1.000,-1,-1,-1
41,8,1135.37,339.78,142.25,434.34,0.909,-1,-1,-1
41,9,809.63,446.63,46.65,133.79,0.738,-1,-1,-1
41,10,907.90,444.52,36.56,104.69,0.698,-1,-1,-1
41,14,1562.49,420.30,38.52,59.02,0.655,-1,-1,-1
41,17,1859.96,442.00,29.58,37.27,0.252,-1,-1,-1
42,2,921.95,269.20,220.32,677.53,0.915,-1,-1,-1
42,3,573.67,350.09,145.91,481.61,0.910,-1,-1,-1
42,4,353.04,358.99,161.22,464.89,0.936,-1,-1,-1
42,6,851.27,431.70,56.01,151.33,0.831,-1,-1,-1
42,7,919.06,442.72,33.65,94.36,-1.000,-1,-1,-1
42,8,1134.62,346.79,142.71,433.27,0.916,-1,-1,-1
42,9,806.95,451.35,46.61,134.47,0.761,-1,-1,-1
42,10,906.05,448.62,37.85,108.31,0.705,-1,-1,-1
42,14,1562.20,426.29,38.52,59.06,0.536,-1,-1,-1
42,17,1859.16,448.29,30.37,38.22,0.163,-1,-1,-1
43,2,923.49,276.66,216.46,668.34,0.914,-1,-1,-1
43,3,568.90,355.92,146.77,487.45,0.919,-1,-1,-1
43,4,341.22,364.03,163.67,469.64,0.921,-1,-1,-1
43,6,849.21,437.90,55.42,149.89,0.859,-1,-1,-1
43,7,920.79,448.00,33.18,93.12,-1.000,-1,-1,-1
43,8,1132.18,353.71,144.10,436.22,0.912,-1,-1,-1
43,9,804.32,457.74,46.03,133.71,0.766,-1,-1,-1
43,10,902.95,454.11,38.09,109.19,0.707,-1,-1,-1
43,14,1560.65,433.12,38.20,58.49,0.672,-1,-1,-1
43,17,1856.99,453.95,31.18,39.16,0.453,-1,-1,-1
44,2,923.06,280.97,213.60,662.20,0.910,-1,-1,-1
44,3,563.24,357.81,147.82,493.91,0.903,-1,-1,-1
44,4,328.20,365.85,167.05,476.80,0.913,-1,-1,-1
44,6,844.97,440.23,55.90,150.94,0.844,-1,-1,-1
44,7,922.51,453.29,32.70,91.88,-1.000,-1,-1,-1
44,8,1129.59,358.24,145.12,437.81,0.900,-1,-1,-1
44,9,799.97,461.08,45.15,131.55,0.791,-1,-1,-1
44,10,899.45,455.90,38.55,110.86,0.679,-1,-1,-1
44,14,1558.38,436.12,38.23,58.44,0.691,-1,-1,-1
44,17,1856.36,458.83,30.00,37.56,0.138,-1,-1,-1
45,2,920.31,287.12,212.37,662.30,0.912,-1,-1,-1
45,3,556.57,360.79,149.39,501.79,0.909,-1,-1,-1
45,4,314.26,370.44,172.41,489.42,0.912,-1,-1,-1
45,5,932.81,455.71,25.98,91.02,0.522,-1,-1,-1
45,6,841.22,445.39,56.11,151.23,0.811,-1,-1,-1
45,7,924.23,458.58,32.23,90.64,-1.000,-1,-1,-1
45,8,1125.72,365.24,145.72,438.75,0.897,-1,-1,-1
45,9,795.54,464.58,45.22,132.33,0.739,-1,-1,-1
45,10,895.19,459.45,38.94,112.59,0.765,-1,-1,-1
45,14,1555.23,441.19,38.29,58.09,0.698,-1,-1,-1
45,17,1853.30,463.72,30.29,37.87,0.424,-1,-1,-1
46,2,917.17,295.42,211.89,665.33,0.917,-1,-1,-1
46,3,548.63,366.37,150.93,508.42,0.917,-1,-1,-1
46,4,298.39,377.47,177.83,501.41,0.924,-1,-1,-1
46,5,927.88,461.90,26.34,92.35,-1.000,-1,-1,-1
46,6,837.69,451.51,56.88,152.59,0.843,-1,-1,-1
46,7,925.96,463.87,31.75,89.40,0.620,-1,-1,-1
46,8,1120.18,373.35,148.96,448.77,0.875,-1,-1,-1
46,9,790.66,470.45,45.98,134.75,0.793,-1,-1,-1
46,10,891.01,465.41,39.18,113.76,0.793,-1,-1,-1
46,14,1551.98,447.87,38.98,59.16,0.729,-1,-1,-1
46,17,1849.32,470.00,30.53,38.08,0.431,-1,-1,-1
47,2,911.79,303.27,212.11,670.79,0.918,-1,-1,-1
47,3,539.83,370.48,152.64,515.16,0.905,-1,-1,-1
47,4,284.30,384.46,182.62,512.00,0.922,-1,-1,-1
47,5,922.96,468.10,26.70,93.69,-1.000,-1,-1,-1
47,6,832.75,457.57,56.97,152.92,0.869,-1,-1,-1
47,7,922.10,469.49,30.94,88.06,0.630,-1,-1,-1
47,8,1115.72,381.38,148.00,445.23,0.919,-1,-1,-1
47,9,784.65,475.45,46.13,135.59,0.838,-1,-1,-1
47,10,886.18,471.26,39.22,114.40,0.777,-1,-1,-1
47,14,1547.69,454.78,38.86,58.78,0.687,-1,-1,-1
47,17,1843.93,476.44,31.22,38.69,0.588,-1,-1,-1
48,2,906.69,310.96,211.67,673.65,0.916,-1,-1,-1
48,3,531.13,375.48,154.18,520.96,0.916,-1,-1,-1
48,4,267.95,391.31,187.49,521.40,0.917,-1,-1,-1
48,5,918.03,474.29,27.06,95.02,-1.000,-1,-1,-1
48,6,828.88,463.68,57.08,152.53,0.869,-1,-1,-1
48,7,916.65,475.03,31.29,89.47,0.639,-1,-1,-1
48,8,1110.92,388.14,147.92,444.60,0.915,-1,-1,-1
48,9,778.78,480.55,47.48,139.85,0.841,-1,-1,-1
48,10,881.65,476.92,38.74,113.53,0.782,-1,-1,-1
48,14,1543.26,460.25,39.37,59.51,0.751,-1,-1,-1
48,17,1838.83,482.05,31.86,39.33,0.542,-1,-1,-1
48,19,1773.44,894.06,103.79,165.43,0.706,-1,-1,-1
49,2,901.25,319.42,211.23,677.02,0.903,-1,-1,-1
49,3,522.92,381.92,155.45,524.91,0.918,-1,-1,-1
49,4,252.67,399.09,191.82,529.73,0.922,-1,-1,-1
49,5,913.11,480.48,27.42,96.36,-1.000,-1,-1,-1
49,6,823.32,470.03,56.75,151.83,0.874,-1,-1,-1
49,7,911.21,480.60,32.41,93.81,0.706,-1,-1,-1
49,8,1105.52,393.03,148.23,445.80,0.916,-1,-1,-1
49,9,773.87,486.02,48.68,142.91,0.811,-1,-1,-1
49,10,876.80,482.50,38.63,113.39,0.733,-1,-1,-1
49,14,1538.65,465.38,39.28,59.21,0.749,-1,-1,-1
49,17,1832.58,486.26,32.35,39.81,0.512,-1,-1,-1
49,19,1772.40,898.78,104.90,167.00,0.658,-1,-1,-1
50,2,895.70,329.32,210.58,679.06,0.902,-1,-1,-1
50,3,514.78,387.28,157.43,530.56,0.931,-1,-1,-1
50,4,238.10,407.91,196.01,537.93,0.923,-1,-1,-1
50,5,908.18,486.67,27.78,97.69,0.685,-1,-1,-1
50,6,818.94,476.57,57.11,152.04,0.858,-1,-1,-1
50,8,1100.32,398.48,147.91,444.93,0.914,-1,-1,-1
50,9,768.76,491.91,49.01,143.10,0.825,-1,-1,-1
50,10,871.66,489.43,38.69,113.94,0.752,-1,-1,-1
50,14,1533.57,470.16,39.14,58.74,0.736,-1,-1,-1
50,17,1826.63,491.11,31.99,39.24,0.136,-1,-1,-1
50,19,1772.59,903.13,101.31,161.09,0.171,-1,-1,-1
51,2,889.32,336.73,209.75,681.43,0.905,-1,-1,-1
51,3,506.08,389.72,159.97,537.98,0.924,-1,-1,-1
51,4,226.07,414.43,199.84,547.00,0.919,-1,-1,-1
51,5,902.09,491.13,27.88,98.86,0.433,-1,-1,-1
51,6,814.96,481.13,57.33,151.61,0.859,-1,-1,-1
51,8,1095.49,402.45,148.08,445.15,0.915,-1,-1,-1
51,9,763.39,496.73,47.81,139.59,0.853,-1,-1,-1
51,10,867.17,494.44,38.58,113.80,0.750,-1,-1,-1
51,14,1530.06,473.79,39.49,59.28,0.741,-1,-1,-1
51,17,1822.65,493.94,32.26,39.51,0.242,-1,-1,-1
51,19,1772.76,907.14,105.02,166.65,0.755,-1,-1,-1
52,2,884.41,343.84,207.87,680.08,0.904,-1,-1,-1
52,3,498.85,392.48,162.28,543.95,0.928,-1,-1,-1
52,4,209.37,418.05,205.02,558.01,0.924,-1,-1,-1
52,5,896.42,494.28,28.06,100.23,0.447,-1,-1,-1
52,6,810.09,484.13,57.91,152.87,0.864,-1,-1,-1
52,8,1090.79,405.69,148.54,445.64,0.916,-1,-1,-1
52,9,758.55,500.11,48.07,140.35,0.834,-1,-1,-1
52,10,863.16,498.53,38.05,112.61,0.786,-1,-1,-1
52,14,1527.03,476.18,39.45,59.33,0.722,-1,-1,-1
52,17,1819.06,495.58,32.34,39.48,0.255,-1,-1,-1
52,19,1773.95,908.96,106.05,167.88,0.650,-1,-1,-1
53,2,879.62,348.54,205.95,679.89,0.914,-1,-1,-1
53,3,492.62,395.34,164.62,549.73,0.919,-1,-1,-1
53,4,196.41,421.87,209.26,566.73,0.936,-1,-1,-1
53,5,888.96,497.85,27.74,98.58,-1.000,-1,-1,-1
53,6,807.31,487.97,58.15,153.11,0.878,-1,-1,-1
53,8,1087.13,408.21,149.39,446.60,0.914,-1,-1,-1
53,9,755.08,504.68,48.77,141.68,0.835,-1,-1,-1
53,10,860.89,503.98,37.74,112.09,0.785,-1,-1,-1
53,14,1525.64,478.51,38.78,58.31,0.696,-1,-1,-1
53,17,1816.27,496.78,32.59,39.48,0.487,-1,-1,-1
53,19,1778.23,910.47,103.62,163.59,0.578,-1,-1,-1
54,2,874.51,352.20,204.36,679.79,0.914,-1,-1,-1
54,3,487.49,397.26,166.73,554.54,0.923,-1,-1,-1
54,4,183.54,423.31,213.07,573.93,0.936,-1,-1,-1
54,5,881.50,501.42,27.42,96.93,-1.000,-1,-1,-1
54,6,804.64,490.46,59.06,155.55,0.874,-1,-1,-1
54,8,1084.86,409.93,148.65,441.88,0.916,-1,-1,-1
54,9,752.65,508.18,48.23,139.17,0.825,-1,-1,-1
54,10,858.99,507.51,38.37,114.04,0.739,-1,-1,-1
54,14,1524.44,479.52,38.89,58.50,0.730,-1,-1,-1
54,17,1814.27,497.28,32.78,39.47,0.460,-1,-1,-1
54,19,1782.11,911.70,103.20,162.88,0.581,-1,-1,-1
55,2,869.22,353.27,203.07,679.66,0.911,-1,-1,-1
55,3,482.27,398.67,169.37,562.12,0.920,-1,-1,-1
55,4,172.06,422.87,216.57,581.38,0.927,-1,-1,-1
55,5,874.04,504.98,27.10,95.28,-1.000,-1,-1,-1
55,6,803.40,491.50,58.97,155.12,0.857,-1,-1,-1
55,8,1082.05,410.24,149.16,440.64,0.913,-1,-1,-1
55,9,749.71,510.81,48.19,139.16,0.821,-1,-1,-1
55,10,857.05,509.46,38.25,114.03,0.656,-1,-1,-1
55,14,1524.18,479.38,39.13,58.99,0.708,-1,-1,-1
55,17,1813.25,496.67,33.20,39.63,0.509,-1,-1,-1
55,19,1786.85,912.15,102.22,161.20,0.296,-1,-1,-1
56,2,864.12,352.96,202.59,681.27,0.901,-1,-1,-1
56,3,477.06,399.96,173.35,574.03,0.918,-1,-1,-1
56,4,160.70,423.02,220.57,589.45,0.933,-1,-1,-1
56,5,866.59,508.55,26.78,93.63,-1.000,-1,-1,-1
56,6,801.17,493.74,59.56,156.92,0.857,-1,-1,-1
56,8,1080.51,411.11,150.32,441.49,0.914,-1,-1,-1
56,9,748.30,513.84,48.83,139.70,0.832,-1,-1,-1
56,10,855.32,511.82,38.22,114.34,0.665,-1,-1,-1
56,14,1523.28,479.70,39.35,59.30,0.696,-1,-1,-1
56,17,1812.77,496.30,33.25,39.45,0.263,-1,-1,-1
56,19,1787.24,911.25,104.03,163.41,0.411,-1,-1,-1
56,20,1034.55,441.92,52.92,309.78,0.791,-1,-1,-1
57,2,859.40,351.80,201.87,680.42,0.908,-1,-1,-1
57,3,471.30,401.01,177.60,587.30,0.924,-1,-1,-1
57,4,150.65,422.65,224.42,598.46,0.924,-1,-1,-1
57,5,859.13,512.12,26.46,91.98,0.682,-1,-1,-1
57,6,799.56,495.37,59.59,157.55,0.854,-1,-1,-1
57,8,1079.44,411.54,151.87,443.04,0.919,-1,-1,-1
57,9,746.92,516.42,49.27,139.04,0.851,-1,-1,-1
57,14,1521.40,480.04,39.56,59.32,0.711,-1,-1,-1
57,17,1812.13,495.89,33.28,39.22,0.174,-1,-1,-1
57,19,1788.87,911.43,104.96,163.51,0.546,-1,-1,-1
57,20,1032.56,443.33,53.17,311.50,0.778,-1,-1,-1
58,2,854.35,350.08,200.24,674.55,0.913,-1,-1,-1
58,3,466.21,402.28,181.76,600.77,0.916,-1,-1,-1
58,4,140.39,420.59,228.25,607.71,0.913,-1,-1,-1
58,5,854.48,513.93,25.61,89.08,0.224,-1,-1,-1
58,6,798.88,495.82,60.22,159.29,0.850,-1,-1,-1
58,8,1078.65,411.18,153.99,445.87,0.917,-1,-1,-1
58,9,745.15,517.92,50.25,140.35,0.777,-1,-1,-1
58,14,1520.57,479.96,40.01,59.53,0.702,-1,-1,-1
58,17,1812.96,495.41,33.26,38.90,0.186,-1,-1,-1
58,19,1790.01,911.96,105.87,163.76,0.378,-1,-1,-1
58,20,1031.31,443.12,53.36,312.72,0.801,-1,-1,-1
59,2,848.51,348.05,198.69,667.68,0.926,-1,-1,-1
59,3,461.93,402.49,184.79,608.24,0.916,-1,-1,-1
59,4,130.88,418.71,231.97,618.49,0.916,-1,-1,-1
59,6,797.88,496.01,60.40,159.94,0.847,-1,-1,-1
59,8,1077.69,411.55,156.11,447.86,0.923,-1,-1,-1
59,9,742.59,519.19,49.83,138.78,0.819,-1,-1,-1
59,14,1521.47,479.14,39.90,59.46,0.716,-1,-1,-1
59,17,1813.18,494.15,33.58,38.86,0.469,-1,-1,-1
59,19,1791.67,911.99,106.58,163.81,0.345,-1,-1,-1
59,20,1029.84,442.94,53.53,313.55,0.813,-1,-1,-1
60,2,841.11,347.06,198.93,665.56,0.918,-1,-1,-1
60,3,455.76,402.36,187.35,615.95,0.918,-1,-1,-1
60,4,119.97,417.16,234.11,623.79,0.927,-1,-1,-1
60,6,796.81,496.92,59.97,159.50,0.802,-1,-1,-1
60,8,1076.35,412.74,158.29,449.64,0.925,-1,-1,-1
60,9,739.46,520.40,49.82,138.26,0.840,-1,-1,-1
60,14,1521.62,479.63,39.63,59.16,0.601,-1,-1,-1
60,17,1813.52,494.52,33.55,38.25,0.574,-1,-1,-1
60,19,1795.02,911.23,107.01,164.73,-1.000,-1,-1,-1
60,20,1027.63,443.67,53.53,313.22,0.828,-1,-1,-1
61,2,834.13,346.43,201.24,669.96,0.909,-1,-1,-1
61,3,449.51,402.92,191.03,628.58,0.920,-1,-1,-1
61,4,108.17,416.66,237.27,631.73,0.916,-1,-1,-1
61,6,795.79,497.23,59.45,159.51,0.782,-1,-1,-1
61,8,1076.35,413.28,160.56,451.14,0.921,-1,-1,-1
61,9,736.09,520.62,51.18,141.74,0.813,-1,-1,-1
61,14,1522.33,479.29,39.85,59.74,0.532,-1,-1,-1
61,17,1813.16,493.84,33.79,38.17,0.333,-1,-1,-1
61,19,1798.36,910.47,107.45,165.64,-1.000,-1,-1,-1
61,20,1025.72,444.14,53.33,310.97,0.828,-1,-1,-1
62,2,828.62,345.45,203.47,672.76,0.910,-1,-1,-1
62,3,446.85,400.25,194.39,640.05,0.921,-1,-1,-1
62,4,99.39,414.46,242.67,647.65,0.927,-1,-1,-1
62,6,796.21,495.90,58.51,159.17,0.784,-1,-1,-1
62,8,1077.40,412.67,163.00,452.62,0.914,-1,-1,-1
62,9,736.78,517.41,51.44,141.80,0.805,-1,-1,-1
62,14,1524.29,476.40,40.03,60.16,0.574,-1,-1,-1
62,17,1814.18,490.68,34.36,38.51,0.328,-1,-1,-1
62,19,1801.71,909.71,107.88,166.55,-1.000,-1,-1,-1
62,20,1025.52,442.60,53.47,309.76,0.835,-1,-1,-1
63,2,825.13,343.29,205.77,676.72,0.915,-1,-1,-1
63,3,445.05,396.06,197.18,649.03,0.922,-1,-1,-1
63,4,91.72,410.96,245.75,658.47,0.931,-1,-1,-1
63,6,795.82,493.65,57.80,158.89,0.792,-1,-1,-1
63,8,1079.32,410.76,165.01,452.77,0.919,-1,-1,-1
63,9,738.11,514.16,51.98,142.19,0.843,-1,-1,-1
63,14,1527.29,473.41,40.11,60.45,0.721,-1,-1,-1
63,17,1816.12,487.44,34.65,38.71,0.303,-1,-1,-1
63,19,1805.05,908.95,108.32,167.47,-1.000,-1,-1,-1
63,20,1025.87,439.30,53.90,309.74,0.847,-1,-1,-1
64,2,824.07,343.42,208.04,679.92,0.916,-1,-1,-1
64,3,445.13,389.48,200.44,659.11,0.919,-1,-1,-1
64,4,83.89,408.53,246.31,663.49,0.902,-1,-1,-1
64,6,797.51,492.49,57.03,158.40,0.797,-1,-1,-1
64,8,1083.76,411.76,166.97,452.62,0.919,-1,-1,-1
64,9,741.06,512.17,52.32,142.34,0.858,-1,-1,-1
64,14,1531.45,472.18,39.89,60.06,0.746,-1,-1,-1
64,17,1817.30,486.21,34.69,39.58,0.613,-1,-1,-1
64,19,1808.40,908.19,108.75,168.38,-1.000,-1,-1,-1
64,20,1028.26,437.37,54.54,309.81,0.860,-1,-1,-1
65,2,824.03,342.45,209.99,683.00,0.916,-1,-1,-1
65,3,445.03,383.59,203.18,666.58,0.919,-1,-1,-1
65,4,77.68,404.77,245.99,665.49,0.901,-1,-1,-1
65,6,799.17,489.60,56.21,157.73,0.775,-1,-1,-1
65,8,1087.03,409.72,169.28,453.77,0.926,-1,-1,-1
65,9,743.47,508.22,52.52,142.87,0.844,-1,-1,-1
65,14,1536.24,469.86,40.08,60.07,0.777,-1,-1,-1
65,17,1821.34,484.04,34.40,39.85,0.504,-1,-1,-1
65,19,1811.75,907.43,109.19,169.29,0.704,-1,-1,-1
65,20,1031.25,434.49,55.42,309.87,0.871,-1,-1,-1
66,2,825.65,341.37,210.89,683.03,0.911,-1,-1,-1
66,3,445.50,373.55,207.06,677.98,0.919,-1,-1,-1
66,4,68.04,402.41,246.45,669.65,0.917,-1,-1,-1
66,6,802.47,486.42,52.35,147.61,0.823,-1,-1,-1
66,8,1090.62,406.96,170.50,453.38,0.919,-1,-1,-1
66,9,746.87,504.56,52.23,142.20,0.857,-1,-1,-1
66,14,1540.89,466.40,40.41,60.45,0.742,-1,-1,-1
66,17,1826.08,480.80,34.19,40.27,0.636,-1,-1,-1
66,19,1819.28,905.06,108.53,170.04,0.682,-1,-1,-1
66,20,1034.22,430.95,56.40,310.39,0.855,-1,-1,-1
67,2,826.83,341.52,211.63,682.13,0.907,-1,-1,-1
67,3,445.63,365.75,210.06,685.84,0.920,-1,-1,-1
67,4,60.57,398.82,247.39,672.65,0.921,-1,-1,-1
67,6,805.42,482.40,50.58,143.11,0.781,-1,-1,-1
67,8,1094.95,403.67,172.04,453.21,0.919,-1,-1,-1
67,9,749.58,500.08,52.68,143.20,0.855,-1,-1,-1
67,14,1545.11,463.55,40.38,60.18,0.747,-1,-1,-1
67,17,1831.39,478.12,33.63,40.24,0.623,-1,-1,-1
67,19,1825.50,903.05,108.44,171.85,0.477,-1,-1,-1
67,20,1036.21,427.42,57.41,311.10,0.846,-1,-1,-1
68,2,828.79,340.36,212.62,682.11,0.913,-1,-1,-1
68,3,444.08,356.62,213.55,693.23,0.925,-1,-1,-1
68,4,51.18,392.79,248.50,674.95,0.924,-1,-1,-1
68,6,808.28,477.99,49.82,141.68,0.717,-1,-1,-1
68,8,1098.48,399.99,173.35,452.88,0.921,-1,-1,-1
68,9,751.67,496.27,52.95,143.84,0.869,-1,-1,-1
68,14,1549.36,460.21,40.75,60.86,0.745,-1,-1,-1
68,17,1836.48,475.46,33.48,40.46,0.596,-1,-1,-1
68,19,1844.31,901.24,82.08,128.57,0.511,-1,-1,-1
68,20,1037.96,423.71,58.33,311.43,0.855,-1,-1,-1
69,2,831.23,337.64,213.80,683.33,0.906,-1,-1,-1
69,3,443.42,348.88,217.02,700.34,0.930,-1,-1,-1
69,4,39.62,384.96,250.90,680.42,0.925,-1,-1,-1
69,6,812.06,473.32,50.34,144.07,0.735,-1,-1,-1
69,8,1102.87,395.59,174.84,454.39,0.925,-1,-1,-1
69,9,754.48,492.53,53.25,144.39,0.869,-1,-1,-1
69,14,1554.54,456.88,40.62,60.72,0.763,-1,-1,-1
69,17,1842.20,472.40,33.48,40.94,0.577,-1,-1,-1
69,19,1845.68,898.65,94.52,150.52,0.294,-1,-1,-1
69,20,1039.99,420.40,59.38,311.67,0.870,-1,-1,-1
69,21,1734.80,914.33,61.53,163.99,0.739,-1,-1,-1
70,2,834.17,334.22,213.99,680.51,0.906,-1,-1,-1
70,3,441.66,339.33,221.40,710.06,0.937,-1,-1,-1
70,4,26.75,378.02,253.61,686.28,0.918,-1,-1,-1
70,6,814.21,469.26,50.45,145.17,0.742,-1,-1,-1
70,8,1105.64,391.48,175.89,454.85,0.930,-1,-1,-1
70,9,757.52,489.14,53.64,144.67,0.859,-1,-1,-1
70,14,1558.10,453.53,40.93,61.05,0.756,-1,-1,-1
70,17,1846.97,469.44,33.08,40.96,0.613,-1,-1,-1
70,18,1264.89,492.46,277.96,313.95,0.530,-1,-1,-1
70,19,1845.04,897.11,96.01,153.66,-1.000,-1,-1,-1
70,20,1040.76,416.90,60.63,312.28,0.871,-1,-1,-1
70,21,1741.91,912.53,62.30,165.79,0.674,-1,-1,-1
71,2,835.97,329.23,215.12,680.69,0.912,-1,-1,-1
71,3,438.28,332.71,225.55,719.87,0.938,-1,-1,-1
71,4,10.26,369.89,258.69,699.03,0.925,-1,-1,-1
71,6,815.81,465.25,49.87,144.14,0.755,-1,-1,-1
71,8,1107.62,387.63,176.32,454.27,0.923,-1,-1,-1
71,9,758.72,486.33,53.75,144.50,0.873,-1,-1,-1
71,14,1560.71,450.12,41.37,61.69,0.708,-1,-1,-1
71,17,1850.14,466.61,32.70,40.88,0.563,-1,-1,-1
71,18,1266.04,488.80,264.57,298.95,-1.000,-1,-1,-1
71,19,1844.40,895.56,97.50,156.80,-1.000,-1,-1,-1
71,20,1041.56,413.64,62.01,313.46,0.878,-1,-1,-1
71,21,1749.14,910.24,63.50,168.09,0.842,-1,-1,-1
72,2,837.09,324.66,215.86,679.70,0.920,-1,-1,-1
72,3,432.91,325.72,231.20,735.45,0.928,-1,-1,-1
72,4,-3.03,360.54,261.90,710.21,0.938,-1,-1,-1
72,6,816.72,461.93,49.84,144.71,0.784,-1,-1,-1
72,8,1109.11,383.93,176.48,452.86,0.923,-1,-1,-1
72,9,759.39,483.69,53.76,144.42,0.868,-1,-1,-1
72,14,1562.95,447.97,41.55,61.91,0.695,-1,-1,-1
72,17,1853.15,464.94,32.29,40.74,0.575,-1,-1,-1
72,18,1267.19,485.15,251.18,283.96,-1.000,-1,-1,-1
72,19,1843.77,894.02,99.00,159.95,-1.000,-1,-1,-1
72,20,1041.89,411.26,63.09,313.89,0.858,-1,-1,-1
72,21,1755.92,908.80,64.52,169.87,0.631,-1,-1,-1
73,2,837.60,320.10,215.34,674.57,0.918,-1,-1,-1
73,3,425.76,318.82,236.34,750.21,0.925,-1,-1,-1
73,4,-12.79,350.83,263.46,720.59,0.937,-1,-1,-1
73,6,816.05,457.75,50.37,147.04,0.781,-1,-1,-1
73,8,1109.38,380.94,175.19,448.18,0.928,-1,-1,-1
73,9,757.21,480.58,53.98,145.32,0.853,-1,-1,-1
73,14,1563.51,445.56,41.53,61.68,0.669,-1,-1,-1
73,17,1854.16,462.94,32.12,40.80,0.458,-1,-1,-1
73,18,1268.34,481.49,237.80,268.96,-1.000,-1,-1,-1
73,19,1843.13,892.47,100.49,163.09,-1.000,-1,-1,-1
73,20,1041.23,408.59,63.93,314.01,0.863,-1,-1,-1
73,21,1759.99,900.99,68.18,178.19,0.694,-1,-1,-1
74,2,838.61,314.78,213.32,665.29,0.909,-1,-1,-1
74,3,417.13,311.39,239.45,758.51,0.924,-1,-1,-1
74,4,-21.90,341.35,263.10,730.64,0.942,-1,-1,-1
74,6,814.49,454.76,52.67,154.65,0.783,-1,-1,-1
74,8,1109.54,376.91,174.95,446.62,0.929,-1,-1,-1
74,9,754.85,478.68,54.19,146.36,0.848,-1,-1,-1
74,14,1563.90,443.76,41.71,61.71,0.663,-1,-1,-1
74,17,1854.93,461.50,31.50,40.22,0.461,-1,-1,-1
74,18,1269.48,477.83,224.41,253.96,-1.000,-1,-1,-1
74,19,1842.49,890.93,101.98,166.23,-1.000,-1,-1,-1
74,20,1040.78,406.33,64.58,313.96,0.867,-1,-1,-1
74,21,1765.09,901.29,68.98,178.26,0.706,-1,-1,-1
75,2,840.06,309.13,211.58,656.88,0.906,-1,-1,-1
75,3,408.67,304.07,242.53,766.82,0.926,-1,-1,-1
75,4,-29.38,332.21,261.99,742.27,0.935,-1,-1,-1
75,6,813.11,451.80,54.33,160.31,0.792,-1,-1,-1
75,8,1108.24,373.01,174.84,447.04,0.931,-1,-1,-1
75,9,752.99,476.36,54.79,147.50,0.838,-1,-1,-1
75,14,1564.40,442.06,41.97,61.82,0.659,-1,-1,-1
75,17,1855.75,460.29,30.92,39.63,0.495,-1,-1,-1
75,18,1270.63,474.18,211.02,238.97,-1.000,-1,-1,-1
75,19,1841.85,889.39,103.47,169.37,-1.000,-1,-1,-1
75,20,1040.18,404.42,65.16,313.98,0.856,-1,-1,-1
75,21,1768.04,896.66,71.82,182.84,0.810,-1,-1,-1
76,2,842.59,304.53,211.00,652.79,0.908,-1,-1,-1
76,3,399.45,297.78,244.74,772.11,0.922,-1,-1,-1
76,4,-35.53,323.64,258.74,750.33,0.922,-1,-1,-1
76,6,813.43,449.78,55.05,162.37,0.792,-1,-1,-1
76,8,1107.24,370.32,174.56,448.27,0.929,-1,-1,-1
76,9,750.30,473.98,54.67,147.88,0.824,-1,-1,-1
76,14,1566.77,441.55,41.58,61.16,0.596,-1,-1,-1
76,17,1856.68,459.53,30.67,39.39,0.372,-1,-1,-1
76,18,1271.78,470.52,197.63,223.97,-1.000,-1,-1,-1
76,19,1841.22,887.84,104.97,172.51,-1.000,-1,-1,-1
76,20,1040.02,402.43,65.75,314.38,0.842,-1,-1,-1
76,21,1771.69,898.34,72.12,181.69,0.593,-1,-1,-1
77,2,844.14,301.55,212.03,655.30,0.916,-1,-1,-1
77,3,388.54,289.48,248.27,782.06,0.929,-1,-1,-1
77,4,-40.28,316.98,254.00,756.48,0.919,-1,-1,-1
77,6,811.97,448.83,55.97,164.14,0.804,-1,-1,-1
77,8,1106.53,368.81,174.34,451.05,0.928,-1,-1,-1
77,9,747.40,472.62,54.65,148.34,0.808,-1,-1,-1
77,14,1568.45,441.59,41.25,60.52,0.633,-1,-1,-1
77,17,1857.88,459.74,30.45,39.13,0.381,-1,-1,-1
77,18,1272.93,466.86,184.25,208.98,-1.000,-1,-1,-1
77,19,1840.58,886.30,106.46,175.65,-1.000,-1,-1,-1
77,20,1039.92,402.05,66.23,314.49,0.833,-1,-1,-1
77,21,1774.68,902.21,71.83,177.98,0.711,-1,-1,-1
78,2,841.89,299.44,212.40,658.22,0.904,-1,-1,-1
78,3,375.64,286.57,250.24,784.64,0.920,-1,-1,-1
78,4,-45.83,312.33,247.72,761.93,0.925,-1,-1,-1
78,6,809.59,447.85,57.48,167.71,0.819,-1,-1,-1
78,8,1105.28,367.65,173.85,452.60,0.927,-1,-1,-1
78,9,744.10,470.50,55.27,149.97,0.771,-1,-1,-1
78,14,1567.46,440.57,41.33,60.57,0.670,-1,-1,-1
78,17,1856.97,458.94,30.68,39.50,0.529,-1,-1,-1
78,18,1274.08,463.21,170.86,193.98,-1.000,-1,-1,-1
78,19,1839.94,884.76,107.95,178.80,-1.000,-1,-1,-1
78,20,1036.70,399.82,67.10,316.63,0.843,-1,-1,-1
78,21,1774.56,904.13,72.06,175.75,0.700,-1,-1,-1
79,2,840.18,297.31,212.65,661.87,0.906,-1,-1,-1
79,3,360.19,280.93,253.53,791.73,0.923,-1,-1,-1
79,4,-51.05,308.51,240.15,765.01,0.912,-1,-1,-1
79,6,806.59,446.57,58.20,169.59,0.827,-1,-1,-1
79,8,1103.00,365.84,173.30,454.23,0.923,-1,-1,-1
79,9,739.44,466.89,55.93,152.16,0.816,-1,-1,-1
79,14,1565.68,438.77,41.90,61.46,0.696,-1,-1,-1
79,17,1855.44,457.94,31.00,39.94,0.546,-1,-1,-1
79,18,1275.23,459.55,157.47,178.98,-1.000,-1,-1,-1
79,19,1839.30,883.21,109.45,181.94,-1.000,-1,-1,-1
79,20,1033.16,397.11,67.85,318.18,0.831,-1,-1,-1
79,21,1773.12,904.48,72.92,175.13,0.664,-1,-1,-1
80,2,837.49,296.41,211.78,663.89,0.909,-1,-1,-1
80,3,342.25,274.71,255.49,794.44,0.933,-1,-1,-1
80,4,-48.05,342.94,210.57,675.03,-1.000,-1,-1,-1
80,6,801.84,445.10,58.48,169.87,0.794,-1,-1,-1
80,8,1099.68,364.06,172.67,455.28,0.925,-1,-1,-1
80,9,733.08,463.83,55.85,152.85,0.846,-1,-1,-1
80,14,1562.89,437.07,42.08,61.88,0.750,-1,-1,-1
80,17,1851.01,456.68,31.11,40.22,0.559,-1,-1,-1
80,18,1276.37,455.89,144.09,163.99,-1.000,-1,-1,-1
80,19,1838.67,881.67,110.94,185.08,-1.000,-1,-1,-1
80,20,1027.63,394.14,68.48,318.93,0.849,-1,-1,-1
80,21,1769.05,903.96,74.46,175.63,0.719,-1,-1,-1
81,2,835.50,296.29,210.78,666.32,0.907,-1,-1,-1
81,3,322.05,265.49,258.94,802.26,0.915,-1,-1,-1
81,4,-45.04,377.37,180.98,585.06,0.659,-1,-1,-1
81,5,541.31,427.35,77.51,282.80,0.535,-1,-1,-1
81,6,796.90,443.23,59.95,171.25,0.861,-1,-1,-1
81,8,1096.63,362.53,172.18,456.85,0.924,-1,-1,-1
81,9,727.34,461.46,55.78,152.75,0.840,-1,-1,-1
81,14,1559.36,436.07,42.04,61.57,0.676,-1,-1,-1
81,17,1847.04,456.44,30.69,39.73,0.545,-1,-1,-1
81,18,1277.52,452.24,130.70,148.99,-1.000,-1,-1,-1
81,19,1838.03,880.12,112.43,188.22,-1.000,-1,-1,-1
81,20,1021.23,391.14,69.37,320.84,0.853,-1,-1,-1
81,21,1762.37,900.87,76.61,179.06,0.180,-1,-1,-1
82,2,833.77,294.91,208.94,666.74,0.895,-1,-1,-1
82,3,301.24,253.38,264.58,817.25,0.918,-1,-1,-1
82,4,-32.31,421.27,132.35,435.54,0.660,-1,-1,-1
82,5,527.16,421.67,76.11,290.76,0.687,-1,-1,-1
82,6,793.38,437.93,61.02,173.00,0.850,-1,-1,-1
82,8,1093.17,358.93,171.47,458.50,0.915,-1,-1,-1
82,9,722.59,456.27,55.92,153.40,0.825,-1,-1,-1
82,14,1554.27,431.85,42.70,61.91,0.622,-1,-1,-1
82,17,1843.48,452.41,30.69,39.54,0.522,-1,-1,-1
82,18,1278.67,448.58,117.31,133.99,-1.000,-1,-1,-1
82,19,1837.39,878.58,113.93,191.36,-1.000,-1,-1,-1
82,20,1015.96,386.21,69.79,320.32,0.837,-1,-1,-1
82,21,1754.39,891.92,80.21,185.92,0.107,-1,-1,-1
83,2,830.20,293.50,207.32,668.85,0.897,-1,-1,-1
83,3,278.79,240.50,270.21,830.85,0.921,-1,-1,-1
83,4,-32.72,457.34,106.11,358.24,0.607,-1,-1,-1
83,5,516.69,417.03,74.36,294.50,0.773,-1,-1,-1
83,6,786.23,433.78,61.65,174.34,0.828,-1,-1,-1
83,8,1087.36,355.76,170.67,459.75,0.907,-1,-1,-1
83,9,717.19,451.83,55.75,153.69,0.841,-1,-1,-1
83,14,1550.83,427.85,42.82,62.22,0.652,-1,-1,-1
83,17,1838.60,448.67,31.05,39.80,0.434,-1,-1,-1
83,18,1279.82,444.92,103.93,119.00,-1.000,-1,-1,-1
83,19,1836.75,877.04,115.42,194.51,-1.000,-1,-1,-1
83,20,1009.61,382.24,70.30,320.56,0.834,-1,-1,-1
83,21,1751.30,891.70,80.60,185.49,-1.000,-1,-1,-1
84,2,823.02,293.79,205.68,670.57,0.887,-1,-1,-1
84,3,255.50,230.72,275.20,841.20,0.923,-1,-1,-1
84,4,-30.83,447.06,112.77,380.35,-1.000,-1,-1,-1
84,5,505.55,414.71,73.55,295.86,0.830,-1,-1,-1
84,6,777.52,431.06,62.51,175.31,0.826,-1,-1,-1
84,8,1080.52,355.38,169.54,459.82,0.912,-1,-1,-1
84,9,710.66,449.58,55.86,154.27,0.860,-1,-1,-1
84,14,1545.31,425.98,42.59,61.82,0.675,-1,-1,-1
84,17,1830.95,447.43,30.75,39.49,0.461,-1,-1,-1
84,18,1280.97,441.27,90.54,104.00,-1.000,-1,-1,-1
84,19,1836.12,875.49,116.91,197.65,-1.000,-1,-1,-1
84,20,1001.28,379.86,70.94,320.31,0.842,-1,-1,-1
84,21,1748.22,891.49,80.98,185.06,0.604,-1,-1,-1
85,2,814.18,292.71,202.56,666.86,0.899,-1,-1,-1
85,3,229.05,218.03,281.96,855.55,0.919,-1,-1,-1
85,4,-28.94,436.78,119.43,402.46,-1.000,-1,-1,-1
85,5,492.84,411.33,73.92,296.57,0.864,-1,-1,-1
85,6,767.74,427.18,62.91,175.93,0.834,-1,-1,-1
85,8,1073.20,353.65,168.36,459.50,0.918,-1,-1,-1
85,9,703.04,447.04,55.80,153.99,0.844,-1,-1,-1
85,14,1538.33,423.70,42.68,62.11,0.655,-1,-1,-1
85,17,1822.53,445.83,30.76,39.65,0.536,-1,-1,-1
85,18,1282.11,437.61,77.15,89.00,-1.000,-1,-1,-1
85,19,1835.48,873.95,118.41,200.79,0.633,-1,-1,-1
85,20,991.98,376.36,71.55,318.93,0.855,-1,-1,-1
85,21,1747.35,890.95,82.72,186.38,0.692,-1,-1,-1
86,2,804.04,288.82,200.55,665.97,0.917,-1,-1,-1
86,3,203.45,205.17,287.82,866.50,0.932,-1,-1,-1
86,4,-27.05,426.50,126.09,424.58,-1.000,-1,-1,-1
86,5,476.61,406.45,76.27,299.73,0.871,-1,-1,-1
86,6,759.30,421.88,62.96,176.53,0.812,-1,-1,-1
86,8,1065.28,350.68,166.98,458.19,0.919,-1,-1,-1
86,9,695.03,443.38,56.32,155.20,0.822,-1,-1,-1
86,14,1530.61,420.63,42.88,62.23,0.739,-1,-1,-1
86,17,1814.08,442.11,30.84,40.03,0.594,-1,-1,-1
86,18,1283.26,433.96,63.77,74.01,-1.000,-1,-1,-1
86,19,1833.08,870.10,116.43,199.95,-1.000,-1,-1,-1
86,20,981.71,372.09,72.57,318.54,0.847,-1,-1,-1
86,21,1743.01,887.93,84.93,189.17,0.622,-1,-1,-1
87,2,792.42,284.52,199.43,665.84,0.909,-1,-1,-1
87,3,178.66,193.75,294.50,878.09,0.932,-1,-1,-1
87,4,-25.16,416.22,132.75,446.69,-1.000,-1,-1,-1
87,5,460.86,402.69,79.48,303.48,0.860,-1,-1,-1
87,6,749.74,417.46,62.97,176.78,0.867,-1,-1,-1
87,8,1057.19,346.62,166.43,459.45,0.919,-1,-1,-1
87,9,687.97,440.47,56.47,155.37,0.843,-1,-1,-1
87,14,1523.62,417.24,42.89,62.21,0.723,-1,-1,-1
87,17,1805.34,438.35,30.84,40.44,0.439,-1,-1,-1
87,18,1284.41,430.30,50.38,59.01,0.546,-1,-1,-1
87,19,1830.68,866.25,114.46,199.11,-1.000,-1,-1,-1
87,20,971.41,368.59,73.64,317.82,0.846,-1,-1,-1
87,21,1738.26,884.63,87.34,192.07,0.602,-1,-1,-1
87,22,1276.24,436.23,39.76,45.02,0.527,-1,-1,-1
88,2,779.14,279.37,198.93,666.82,0.897,-1,-1,-1
88,3,151.59,180.20,302.03,890.64,0.932,-1,-1,-1
88,4,-23.27,405.94,139.41,468.80,-1.000,-1,-1,-1
88,5,445.26,399.64,82.60,306.78,0.818,-1,-1,-1
88,6,739.64,413.41,62.66,176.59,0.826,-1,-1,-1
88,8,1048.24,341.40,165.59,460.22,0.918,-1,-1,-1
88,9,679.76,437.00,56.99,156.02,0.830,-1,-1,-1
88,14,1516.15,412.67,43.19,62.64,0.745,-1,-1,-1
88,17,1796.70,433.92,30.58,40.20,0.499,-1,-1,-1
88,18,1284.08,430.66,44.28,52.08,-1.000,-1,-1,-1
88,19,1828.28,862.40,112.49,198.27,-1.000,-1,-1,-1
88,20,961.24,364.30,75.00,317.01,0.873,-1,-1,-1
88,21,1733.44,878.19,90.70,197.95,0.511,-1,-1,-1
88,22,1267.16,432.59,39.31,44.53,0.508,-1,-1,-1
89,2,767.76,273.39,198.24,663.72,0.906,-1,-1,-1
89,3,125.20,166.25,310.76,906.28,0.931,-1,-1,-1
89,4,-21.38,395.66,146.07,490.91,-1.000,-1,-1,-1
89,5,433.88,394.44,84.93,310.36,0.763,-1,-1,-1
89,6,730.47,408.59,61.66,175.54,0.830,-1,-1,-1
89,8,1040.70,335.36,165.40,461.69,0.913,-1,-1,-1
89,9,671.26,433.25,57.23,156.67,0.838,-1,-1,-1
89,14,1509.80,408.21,43.32,62.96,0.769,-1,-1,-1
89,17,1789.15,429.45,30.49,40.40,0.576,-1,-1,-1
89,18,1283.74,431.01,38.17,45.14,-1.000,-1,-1,-1
89,19,1825.88,858.55,110.51,197.43,0.764,-1,-1,-1
89,20,953.24,359.66,76.54,317.53,0.856,-1,-1,-1
89,21,1722.94,871.59,93.59,204.21,0.777,-1,-1,-1
89,22,1260.58,428.88,37.58,42.62,0.587,-1,-1,-1
90,2,757.63,266.61,196.27,654.07,0.920,-1,-1,-1
90,3,99.69,154.75,319.12,916.93,0.943,-1,-1,-1
90,4,-19.48,385.38,152.73,513.02,-1.000,-1,-1,-1
90,5,423.80,390.53,87.77,312.27,0.838,-1,-1,-1
90,6,724.62,403.74,58.76,168.92,0.748,-1,-1,-1
90,8,1035.01,329.91,165.23,462.43,0.917,-1,-1,-1
90,9,666.92,430.33,57.78,156.86,0.861,-1,-1,-1
90,14,1505.54,403.57,43.66,63.43,0.697,-1,-1,-1
90,17,1783.46,424.74,29.88,39.98,0.534,-1,-1,-1
90,18,1283.41,431.37,32.07,38.21,0.550,-1,-1,-1
90,19,1827.85,852.48,105.29,193.17,0.639,-1,-1,-1
90,20,946.85,355.25,78.01,317.64,0.854,-1,-1,-1
90,21,1718.03,865.34,95.96,210.11,0.748,-1,-1,-1
90,22,1255.75,425.50,37.20,42.29,0.601,-1,-1,-1
91,2,746.75,258.95,195.86,647.45,0.924,-1,-1,-1
91,3,76.48,143.31,328.18,928.45,0.935,-1,-1,-1
91,4,-17.59,375.10,159.39,535.13,-1.000,-1,-1,-1
91,5,417.49,386.30,89.15,314.06,0.808,-1,-1,-1
91,6,719.28,399.56,56.45,163.80,0.693,-1,-1,-1
91,8,1030.27,323.64,164.41,460.01,0.922,-1,-1,-1
91,9,659.27,426.50,57.63,157.51,0.849,-1,-1,-1
91,14,1501.35,398.78,43.66,63.72,0.760,-1,-1,-1
91,17,1778.17,419.72,29.58,39.95,0.537,-1,-1,-1
91,18,1277.74,426.07,30.18,36.46,0.402,-1,-1,-1
91,19,1827.49,845.75,103.86,197.24,0.791,-1,-1,-1
91,20,938.42,350.86,78.37,317.75,0.671,-1,-1,-1
91,21,1717.36,861.22,98.99,214.52,0.837,-1,-1,-1
91,22,1248.79,421.82,38.96,44.38,0.211,-1,-1,-1
92,2,735.48,252.90,197.96,647.42,0.923,-1,-1,-1
92,3,52.40,132.72,337.48,937.50,0.943,-1,-1,-1
92,4,-15.70,364.82,166.05,557.24,-1.000,-1,-1,-1
92,5,412.31,381.99,90.15,316.60,0.754,-1,-1,-1
92,6,715.55,396.01,51.48,149.75,0.507,-1,-1,-1
92,8,1026.73,318.64,163.96,456.76,0.920,-1,-1,-1
92,9,653.29,423.62,57.21,157.29,0.810,-1,-1,-1
92,14,1498.10,394.87,43.20,63.09,0.739,-1,-1,-1
92,17,1773.81,415.80,29.08,39.43,0.376,-1,-1,-1
92,18,1271.61,422.49,30.20,37.37,0.403,-1,-1,-1
92,19,1827.18,841.48,102.95,201.58,0.829,-1,-1,-1
92,20,934.35,347.28,79.89,318.55,0.815,-1,-1,-1
92,21,1716.24,857.12,101.20,218.93,0.800,-1,-1,-1
92,22,1246.63,421.00,34.56,39.38,0.435,-1,-1,-1
93,2,725.48,247.99,200.62,648.84,0.911,-1,-1,-1
93,3,32.09,119.56,347.59,948.70,0.937,-1,-1,-1
93,4,-13.81,354.54,172.71,579.35,-1.000,-1,-1,-1
93,5,404.74,378.39,91.88,317.93,0.812,-1,-1,-1
93,6,711.64,392.44,48.18,140.65,0.216,-1,-1,-1
93,8,1023.32,313.97,164.78,456.54,0.921,-1,-1,-1
93,9,650.76,419.88,57.98,158.45,0.836,-1,-1,-1
93,14,1495.80,391.79,43.09,62.92,0.713,-1,-1,-1
93,17,1770.46,412.87,28.62,39.10,0.572,-1,-1,-1
93,18,1267.54,420.49,29.20,36.82,0.388,-1,-1,-1
93,19,1826.73,837.98,102.27,205.10,0.833,-1,-1,-1
93,20,928.59,345.12,82.15,319.00,0.868,-1,-1,-1
93,21,1714.65,854.74,102.73,222.05,0.741,-1,-1,-1
93,22,1244.95,420.90,30.08,34.27,0.436,-1,-1,-1
94,2,715.29,244.46,204.08,653.74,0.920,-1,-1,-1
94,3,19.11,108.60,355.71,958.87,0.941,-1,-1,-1
94,4,-11.92,344.26,179.37,601.46,-1.000,-1,-1,-1
94,5,397.92,376.57,93.72,319.92,0.831,-1,-1,-1
94,6,708.39,390.87,53.78,157.37,0.351,-1,-1,-1
94,8,1020.50,310.45,166.72,458.86,0.922,-1,-1,-1
94,9,645.92,418.24,58.33,159.76,0.817,-1,-1,-1
94,14,1493.77,389.81,43.42,63.41,0.689,-1,-1,-1
94,17,1768.63,410.90,28.64,39.17,0.368,-1,-1,-1
94,18,1265.95,419.34,28.96,36.33,0.245,-1,-1,-1
94,19,1828.26,836.33,100.76,205.64,0.728,-1,-1,-1
94,20,922.23,343.95,84.44,320.00,0.857,-1,-1,-1
94,21,1713.73,853.60,103.27,224.09,0.741,-1,-1,-1
94,22,1240.93,417.59,30.69,35.04,0.388,-1,-1,-1
95,2,706.56,243.55,207.67,659.01,0.921,-1,-1,-1
95,3,12.05,98.37,361.86,965.89,0.933,-1,-1,-1
95,4,-10.03,333.98,186.04,623.57,-1.000,-1,-1,-1
95,5,393.12,374.72,95.28,322.46,0.854,-1,-1,-1
95,6,711.36,389.56,53.18,155.73,-1.000,-1,-1,-1
95,8,1017.39,309.06,168.67,460.38,0.927,-1,-1,-1
95,9,642.76,417.36,58.89,160.69,0.836,-1,-1,-1
95,14,1492.52,388.94,43.55,63.64,0.738,-1,-1,-1
95,17,1767.95,409.71,29.24,39.79,0.420,-1,-1,-1
95,18,1262.89,418.27,28.71,36.12,0.139,-1,-1,-1
95,19,1831.61,836.64,98.39,204.05,0.622,-1,-1,-1
95,20,917.64,344.02,86.63,321.06,0.841,-1,-1,-1
95,21,1713.68,854.67,102.49,223.29,0.769,-1,-1,-1
95,22,1236.97,415.59,31.33,35.88,0.378,-1,-1,-1
96,2,700.11,244.99,210.15,661.17,0.917,-1,-1,-1
96,3,5.05,89.19,365.49,970.52,0.929,-1,-1,-1
96,4,-8.14,323.70,192.70,645.68,-1.000,-1,-1,-1
96,5,388.73,373.97,96.56,325.13,0.834,-1,-1,-1
96,6,714.33,388.26,52.59,154.10,-1.000,-1,-1,-1
96,8,1015.33,308.89,170.70,461.94,0.928,-1,-1,-1
96,9,639.99,416.40,59.73,162.57,0.844,-1,-1,-1
96,14,1490.81,388.12,43.65,63.92,0.730,-1,-1,-1
96,17,1765.49,409.13,29.08,39.72,0.497,-1,-1,-1
96,18,1259.10,418.86,27.35,34.63,0.135,-1,-1,-1
96,19,1833.60,836.10,97.46,205.35,0.605,-1,-1,-1
96,20,913.34,345.63,88.32,320.39,0.810,-1,-1,-1
96,21,1715.35,854.03,103.10,224.59,0.692,-1,-1,-1
96,22,1233.53,415.03,30.86,35.43,0.316,-1,-1,-1
97,2,697.01,245.26,212.08,663.66,0.905,-1,-1,-1
97,3,-2.55,81.08,368.85,979.42,0.912,-1,-1,-1
97,4,-6.24,313.42,199.36,667.79,-1.000,-1,-1,-1
97,5,384.69,371.37,97.93,327.55,0.849,-1,-1,-1
97,6,717.30,386.95,52.00,152.47,-1.000,-1,-1,-1
97,8,1015.55,307.61,173.09,463.71,0.926,-1,-1,-1
97,9,635.56,414.17,60.42,164.13,0.824,-1,-1,-1
97,14,1490.80,386.36,43.52,63.82,0.729,-1,-1,-1
97,17,1765.02,407.68,28.46,39.00,0.434,-1,-1,-1
97,19,1835.14,834.52,97.87,208.51,0.429,-1,-1,-1
97,20,910.40,344.65,90.32,321.37,0.761,-1,-1,-1
97,21,1720.91,852.10,103.91,226.19,0.805,-1,-1,-1
97,22,1231.54,412.05,31.48,36.33,0.450,-1,-1,-1
98,2,695.88,247.54,213.50,665.88,0.906,-1,-1,-1
98,3,-9.69,67.95,371.32,989.02,0.857,-1,-1,-1
98,4,-4.35,303.14,206.02,689.90,-1.000,-1,-1,-1
98,5,382.81,369.85,99.17,330.24,0.834,-1,-1,-1
98,6,720.27,385.64,51.41,150.83,-1.000,-1,-1,-1
98,8,1016.49,308.56,175.51,465.32,0.929,-1,-1,-1
98,9,633.80,413.38,60.95,166.02,0.854,-1,-1,-1
98,14,1492.85,387.05,43.70,63.85,0.747,-1,-1,-1
98,17,1766.18,408.62,28.62,39.47,0.525,-1,-1,-1
98,19,1842.58,836.65,89.00,191.12,0.536,-1,-1,-1
98,20,904.65,345.94,90.69,321.36,0.680,-1,-1,-1
98,21,1726.80,853.53,104.38,226.32,0.831,-1,-1,-1
98,22,1230.85,411.16,32.50,37.70,0.428,-1,-1,-1
99,2,696.71,249.91,214.22,667.79,0.897,-1,-1,-1
99,3,-15.00,53.23,371.24,993.35,0.827,-1,-1,-1
99,4,-2.46,292.86,212.68,712.01,-1.000,-1,-1,-1
99,5,380.58,368.25,100.68,333.13,0.857,-1,-1,-1
99,6,723.24,384.33,50.81,149.20,-1.000,-1,-1,-1
99,8,1018.73,309.57,178.12,466.50,0.928,-1,-1,-1
99,9,633.62,413.16,61.24,167.31,0.861,-1,-1,-1
99,14,1495.09,387.70,43.71,63.75,0.723,-1,-1,-1
99,17,1768.37,409.12,27.63,38.08,0.408,-1,-1,-1
99,19,1849.41,837.82,82.36,180.22,0.680,-1,-1,-1
99,20,899.71,346.78,90.62,321.70,0.713,-1,-1,-1
99,21,1732.22,854.04,104.77,226.29,0.811,-1,-1,-1
99,22,1230.37,411.11,32.71,38.19,0.569,-1,-1,-1
99,23,969.55,402.54,46.70,203.39,0.574,-1,-1,-1
100,2,697.89,252.63,214.08,666.30,0.910,-1,-1,-1
100,3,-19.99,38.61,370.79,998.98,0.818,-1,-1,-1
100,4,-0.57,282.58,219.34,734.13,-1.000,-1,-1,-1
100,5,379.39,367.82,101.78,334.95,0.856,-1,-1,-1
100,6,726.21,383.03,50.22,147.57,-1.000,-1,-1,-1
100,8,1020.42,310.88,180.22,466.71,0.924,-1,-1,-1
100,9,633.50,412.96,61.21,167.41,0.840,-1,-1,-1
100,14,1497.82,386.85,43.55,63.62,0.743,-1,-1,-1
100,17,1770.27,408.56,27.78,38.41,0.331,-1,-1,-1
100,19,1851.81,838.11,86.04,190.82,0.175,-1,-1,-1
100,20,901.26,346.33,90.90,322.06,0.644,-1,-1,-1
100,21,1737.41,853.07,105.25,226.88,0.756,-1,-1,-1
100,22,1230.92,409.79,33.22,38.85,0.307,-1,-1,-1
100,23,968.94,393.18,48.79,212.52,0.458,-1,-1,-1
101,2,700.01,253.35,214.52,667.96,0.903,-1,-1,-1
101,3,-26.37,28.10,370.02,1006.67,0.812,-1,-1,-1
101,4,1.32,272.30,226.00,756.24,-1.000,-1,-1,-1
101,5,379.03,366.14,103.31,338.29,0.858,-1,-1,-1
101,6,729.18,381.72,49.63,145.93,-1.000,-1,-1,-1
101,8,1023.49,310.97,182.38,467.48,0.912,-1,-1,-1
101,9,633.79,411.85,61.17,167.48,0.859,-1,-1,-1
101,14,1501.90,384.72,43.69,64.13,0.715,-1,-1,-1
101,17,1773.82,406.01,28.02,38.63,0.287,-1,-1,-1
101,20,910.28,344.80,93.04,322.44,0.857,-1,-1,-1
101,21,1744.61,852.54,104.89,225.99,0.708,-1,-1,-1
101,22,1232.50,408.01,32.84,38.40,0.117,-1,-1,-1
101,23,977.32,394.27,48.17,209.85,-1.000,-1,-1,-1
102,2,706.09,253.34,214.12,667.04,0.906,-1,-1,-1
102,3,-31.99,23.61,366.90,1009.99,0.786,-1,-1,-1
102,4,3.21,262.02,232.66,778.35,-1.000,-1,-1,-1
102,5,380.95,365.49,104.41,340.67,0.822,-1,-1,-1
102,6,732.16,380.41,49.04,144.30,-1.000,-1,-1,-1
102,8,1027.56,311.38,184.53,468.38,0.919,-1,-1,-1
102,9,636.98,411.28,61.08,167.88,0.869,-1,-1,-1
102,14,1507.80,383.48,43.53,63.90,0.641,-1,-1,-1
102,17,1779.18,404.18,28.06,38.46,0.235,-1,-1,-1
102,20,917.68,342.95,94.91,322.88,0.868,-1,-1,-1
102,21,1753.94,856.45,102.90,221.51,0.709,-1,-1,-1
102,23,985.70,395.36,47.56,207.17,-1.000,-1,-1,-1
103,2,715.75,251.46,213.51,666.39,0.909,-1,-1,-1
103,3,-35.52,32.03,360.66,1007.94,0.812,-1,-1,-1
103,4,5.11,251.74,239.32,800.46,-1.000,-1,-1,-1
103,5,388.19,364.43,104.97,341.99,0.823,-1,-1,-1
103,6,735.13,379.11,48.44,142.67,-1.000,-1,-1,-1
103,8,1036.65,311.22,186.20,468.18,0.924,-1,-1,-1
103,9,644.25,409.39,60.84,167.66,0.855,-1,-1,-1
103,14,1517.19,380.99,43.48,63.95,0.681,-1,-1,-1
103,17,1789.61,401.28,28.70,39.32,0.221,-1,-1,-1
103,20,926.33,340.72,96.54,324.28,0.838,-1,-1,-1
103,21,1769.38,854.31,103.34,222.40,0.778,-1,-1,-1
103,23,994.08,396.46,46.94,204.49,-1.000,-1,-1,-1
104,2,730.26,249.27,213.01,665.67,0.907,-1,-1,-1
104,3,-34.58,24.57,348.61,984.14,0.633,-1,-1,-1
104,4,7.00,241.46,245.98,822.57,0.816,-1,-1,-1
104,5,399.66,361.73,105.95,344.27,0.862,-1,-1,-1
104,6,738.10,377.80,47.85,141.03,-1.000,-1,-1,-1
104,8,1050.54,309.46,187.33,468.36,0.922,-1,-1,-1
104,9,657.70,407.98,61.03,167.99,0.851,-1,-1,-1
104,14,1532.67,378.63,43.96,64.50,0.730,-1,-1,-1
104,17,1806.80,399.61,28.96,39.88,0.275,-1,-1,-1
104,20,938.75,337.37,97.25,324.83,0.663,-1,-1,-1
104,21,1791.11,856.25,103.22,221.15,0.834,-1,-1,-1
104,23,1002.46,397.55,46.33,201.82,-1.000,-1,-1,-1
105,2,740.73,246.94,212.35,664.22,0.920,-1,-1,-1
105,3,-44.18,96.01,321.39,921.07,-1.000,-1,-1,-1
105,4,8.32,236.28,246.08,837.43,0.851,-1,-1,-1
105,5,407.42,362.42,105.99,342.42,0.897,-1,-1,-1
105,6,741.07,376.49,47.26,139.40,-1.000,-1,-1,-1
105,8,1061.37,308.41,188.05,468.29,0.930,-1,-1,-1
105,9,666.75,407.87,61.06,168.34,0.856,-1,-1,-1
105,14,1545.32,377.46,44.46,65.05,0.780,-1,-1,-1
105,17,1821.03,399.02,29.41,40.67,0.300,-1,-1,-1
105,20,947.01,336.09,97.37,325.14,0.487,-1,-1,-1
105,21,1809.40,859.28,103.29,218.56,0.878,-1,-1,-1
105,23,1010.84,398.64,45.71,199.14,-1.000,-1,-1,-1
106,2,750.68,244.59,208.80,651.49,0.930,-1,-1,-1
106,3,-53.78,167.46,294.16,858.00,0.785,-1,-1,-1
106,5,412.63,360.50,106.79,344.06,0.885,-1,-1,-1
106,6,744.04,375.19,46.67,137.77,-1.000,-1,-1,-1
106,8,1069.13,304.95,188.99,469.33,0.928,-1,-1,-1
106,9,674.73,405.47,61.75,168.99,0.859,-1,-1,-1
106,14,1555.18,374.38,44.96,65.52,0.768,-1,-1,-1
106,17,1833.25,396.24,29.68,41.43,0.450,-1,-1,-1
106,20,948.43,333.04,96.27,325.16,0.813,-1,-1,-1
106,21,1820.93,858.17,103.01,218.89,0.872,-1,-1,-1
106,23,1019.22,399.74,45.10,196.46,0.690,-1,-1,-1
107,2,758.77,240.74,206.14,643.20,0.925,-1,-1,-1
107,3,-72.96,216.28,272.77,824.53,0.695,-1,-1,-1
107,5,415.48,359.27,107.90,346.89,0.828,-1,-1,-1
107,6,747.01,373.88,46.07,136.13,-1.000,-1,-1,-1
107,8,1075.62,302.78,189.34,470.51,0.923,-1,-1,-1
107,9,677.97,403.46,62.55,170.46,0.848,-1,-1,-1
107,14,1564.73,372.48,45.40,66.07,0.775,-1,-1,-1
107,17,1844.29,394.91,29.34,41.21,0.312,-1,-1,-1
107,20,953.95,330.85,95.43,323.98,0.798,-1,-1,-1
107,21,1829.81,858.13,102.07,219.97,0.841,-1,-1,-1
107,23,1026.28,399.68,44.79,195.36,0.474,-1,-1,-1
108,2,764.72,236.63,205.28,640.99,0.922,-1,-1,-1
108,3,-16.77,226.96,259.68,785.15,-1.000,-1,-1,-1
108,5,417.39,359.63,108.66,347.43,0.869,-1,-1,-1
108,6,749.98,372.57,45.48,134.50,-1.000,-1,-1,-1
108,8,1078.66,301.25,188.50,471.17,0.918,-1,-1,-1
108,9,682.96,402.37,63.62,171.89,0.858,-1,-1,-1
108,14,1572.47,371.46,45.96,66.74,0.769,-1,-1,-1
108,17,1854.30,394.08,29.18,41.29,0.468,-1,-1,-1
108,20,958.21,330.36,93.82,322.02,0.807,-1,-1,-1
108,21,1837.39,859.51,99.48,218.46,0.797,-1,-1,-1
108,23,1031.72,398.78,44.91,196.05,0.628,-1,-1,-1
109,2,767.87,233.51,205.17,642.56,0.915,-1,-1,-1
109,3,39.42,237.64,246.59,745.77,-1.000,-1,-1,-1
109,5,417.85,358.03,109.85,350.05,0.862,-1,-1,-1
109,6,752.95,371.26,44.89,132.87,-1.000,-1,-1,-1
109,8,1080.89,299.83,186.21,469.10,0.921,-1,-1,-1
109,9,685.16,400.78,64.50,173.55,0.850,-1,-1,-1
109,14,1578.96,370.28,46.16,66.77,0.745,-1,-1,-1
109,17,1861.92,392.98,29.31,41.67,0.388,-1,-1,-1
109,20,961.98,329.27,92.76,322.02,0.802,-1,-1,-1
109,21,1843.59,863.84,95.04,214.13,0.836,-1,-1,-1
109,23,1036.41,399.39,44.58,195.05,0.709,-1,-1,-1
110,2,770.65,232.70,204.33,642.28,0.909,-1,-1,-1
110,3,95.61,248.32,233.49,706.39,-1.000,-1,-1,-1
110,5,415.97,355.09,112.05,356.04,0.865,-1,-1,-1
110,6,755.92,369.96,44.30,131.23,0.581,-1,-1,-1
110,8,1084.39,296.34,183.45,465.56,0.920,-1,-1,-1
110,9,686.95,399.20,64.97,173.76,0.849,-1,-1,-1
110,14,1584.95,368.62,46.29,66.93,0.786,-1,-1,-1
110,17,1868.21,391.51,29.41,42.06,0.331,-1,-1,-1
110,20,964.97,327.46,91.64,321.79,0.771,-1,-1,-1
110,21,1852.35,878.30,86.69,199.95,0.766,-1,-1,-1
110,23,1039.44,399.57,44.17,193.64,0.746,-1,-1,-1
111,2,773.82,231.78,203.50,643.27,0.905,-1,-1,-1
111,3,151.79,259.00,220.40,667.01,-1.000,-1,-1,-1
111,5,414.05,351.07,114.22,362.31,0.862,-1,-1,-1
111,6,756.00,369.39,45.13,134.35,0.692,-1,-1,-1
111,8,1088.72,294.04,181.42,464.28,0.921,-1,-1,-1
111,9,688.80,396.11,65.87,175.45,0.860,-1,-1,-1
111,14,1590.81,367.49,46.56,67.17,0.781,-1,-1,-1
111,17,1874.63,390.76,29.36,42.10,0.266,-1,-1,-1
111,20,971.04,325.86,91.40,321.30,0.611,-1,-1,-1
111,23,1042.01,396.34,44.58,195.91,0.628,-1,-1,-1
111,24,1258.76,390.67,74.92,251.80,0.528,-1,-1,-1
112,2,776.13,231.10,203.07,646.56,0.907,-1,-1,-1
112,3,207.98,269.68,207.31,627.63,-1.000,-1,-1,-1
112,5,411.77,347.08,115.95,366.62,0.886,-1,-1,-1
112,6,758.27,368.31,45.84,139.02,0.701,-1,-1,-1
112,8,1092.55,290.95,180.34,465.57,0.923,-1,-1,-1
112,9,691.10,393.64,66.81,177.43,0.869,-1,-1,-1
112,14,1595.62,365.65,46.98,67.88,0.744,-1,-1,-1
112,17,1880.04,389.47,29.16,41.98,0.251,-1,-1,-1
112,20,975.23,323.46,91.47,322.13,0.709,-1,-1,-1
112,23,1044.63,395.42,44.45,195.75,0.608,-1,-1,-1
112,24,1262.15,390.42,74.42,250.15,0.607,-1,-1,-1
113,2,779.02,230.78,201.94,648.04,0.905,-1,-1,-1
113,3,264.17,280.36,194.21,588.25,-1.000,-1,-1,-1
113,5,410.72,343.50,117.34,369.94,0.885,-1,-1,-1
113,6,760.60,367.28,45.99,141.82,0.692,-1,-1,-1
113,8,1096.83,288.42,179.53,467.52,0.923,-1,-1,-1
113,9,692.76,391.37,67.58,178.73,0.876,-1,-1,-1
113,14,1601.26,364.97,47.03,67.89,0.796,-1,-1,-1
113,17,1885.55,388.54,29.18,42.16,0.236,-1,-1,-1
113,20,975.33,322.70,90.77,322.70,0.807,-1,-1,-1
113,23,1047.21,393.20,44.55,196.89,0.712,-1,-1,-1
113,24,1266.61,388.36,74.92,251.63,0.661,-1,-1,-1
113,25,951.77,395.28,34.03,127.68,0.635,-1,-1,-1
114,2,782.04,231.15,200.41,648.79,0.903,-1,-1,-1
114,3,320.36,291.04,181.12,548.87,-1.000,-1,-1,-1
114,5,409.26,340.19,118.68,372.75,0.875,-1,-1,-1
114,6,763.69,367.03,45.25,141.69,0.667,-1,-1,-1
114,8,1100.45,286.72,178.92,469.94,0.920,-1,-1,-1
114,9,694.49,390.10,68.24,179.20,0.869,-1,-1,-1
114,14,1606.75,363.96,47.34,68.50,0.792,-1,-1,-1
114,17,1892.04,387.93,28.83,41.95,0.492,-1,-1,-1
114,20,977.39,320.72,90.84,324.22,0.688,-1,-1,-1
114,23,1050.10,392.07,44.52,197.40,0.633,-1,-1,-1
114,24,1270.23,389.38,74.44,250.07,0.656,-1,-1,-1
114,25,954.13,392.95,34.69,130.08,0.729,-1,-1,-1
115,2,784.39,232.68,198.74,648.78,0.894,-1,-1,-1
115,3,376.54,301.72,168.03,509.49,-1.000,-1,-1,-1
115,5,407.56,337.93,119.86,374.92,0.869,-1,-1,-1
115,6,766.42,366.76,44.90,142.83,0.540,-1,-1,-1
115,8,1104.55,285.75,178.29,471.37,0.922,-1,-1,-1
115,9,694.40,388.64,69.09,181.09,0.862,-1,-1,-1
115,14,1612.76,363.57,47.25,68.38,0.795,-1,-1,-1
115,17,1896.48,387.25,29.74,44.01,0.342,-1,-1,-1
115,20,977.23,320.03,90.56,324.79,0.802,-1,-1,-1
115,23,1053.07,391.29,44.17,195.95,0.678,-1,-1,-1
115,24,1275.76,389.58,74.38,249.75,0.597,-1,-1,-1
115,25,956.01,390.90,35.22,131.82,0.773,-1,-1,-1
116,2,785.66,234.03,197.00,648.90,0.896,-1,-1,-1
116,3,432.73,312.40,154.93,470.11,-1.000,-1,-1,-1
116,5,406.94,336.43,120.79,376.67,0.862,-1,-1,-1
116,6,768.83,365.79,44.31,142.70,0.372,-1,-1,-1
116,8,1108.58,284.99,177.80,473.70,0.926,-1,-1,-1
116,9,696.79,388.43,69.64,180.67,0.875,-1,-1,-1
116,14,1618.64,363.23,47.29,68.39,0.789,-1,-1,-1
116,20,978.22,319.42,90.74,325.38,0.689,-1,-1,-1
116,23,1056.46,390.42,43.87,194.69,0.617,-1,-1,-1
116,24,1279.69,390.13,74.36,249.74,0.700,-1,-1,-1
116,25,957.55,389.29,36.00,134.14,0.814,-1,-1,-1
117,2,785.55,233.87,194.94,646.30,0.893,-1,-1,-1
117,3,488.92,323.08,141.84,430.73,-1.000,-1,-1,-1
117,5,404.95,332.97,121.90,379.42,0.865,-1,-1,-1
117,8,1112.20,283.63,177.50,476.25,0.919,-1,-1,-1
117,9,697.28,386.34,70.73,181.93,0.879,-1,-1,-1
117,14,1623.46,361.76,47.32,68.28,0.799,-1,-1,-1
117,20,980.40,318.61,91.47,325.91,0.655,-1,-1,-1
117,23,1058.36,386.89,43.92,194.95,0.597,-1,-1,-1
117,24,1282.44,387.92,75.00,251.64,0.454,-1,-1,-1
117,25,958.09,387.65,36.50,135.11,0.818,-1,-1,-1
118,2,783.78,235.18,193.54,645.36,0.896,-1,-1,-1
118,3,545.11,333.76,128.75,391.35,-1.000,-1,-1,-1
118,5,399.37,331.33,123.83,382.97,0.864,-1,-1,-1
118,8,1113.74,284.90,177.12,478.60,0.917,-1,-1,-1
118,9,697.83,387.72,71.64,182.44,0.878,-1,-1,-1
118,14,1626.27,362.62,47.39,68.32,0.788,-1,-1,-1
118,20,981.91,319.16,92.53,326.95,0.669,-1,-1,-1
118,23,1059.07,385.79,44.07,195.57,0.630,-1,-1,-1
118,24,1285.61,387.23,76.24,255.31,0.656,-1,-1,-1
118,25,957.90,388.53,36.87,134.59,0.819,-1,-1,-1
119,2,781.10,236.27,193.15,646.86,0.903,-1,-1,-1
119,3,601.29,344.45,115.65,351.98,-1.000,-1,-1,-1
119,5,393.79,330.66,125.62,386.16,0.886,-1,-1,-1
119,8,1115.38,286.56,176.43,480.29,0.916,-1,-1,-1
119,9,697.54,389.44,72.45,182.46,0.885,-1,-1,-1
119,14,1628.97,364.30,47.58,68.38,0.762,-1,-1,-1
119,20,979.87,321.74,92.69,326.01,0.729,-1,-1,-1
119,23,1059.36,385.12,44.50,197.52,0.635,-1,-1,-1
119,24,1288.99,389.27,76.46,255.71,0.706,-1,-1,-1
119,25,958.12,389.32,37.65,135.36,0.816,-1,-1,-1
120,2,776.71,234.63,192.55,645.48,0.897,-1,-1,-1
120,3,657.48,355.13,102.56,312.60,-1.000,-1,-1,-1
120,5,388.99,328.71,127.16,389.63,0.884,-1,-1,-1
120,8,1115.86,286.60,176.00,482.41,0.915,-1,-1,-1
120,9,696.59,389.53,73.04,182.12,0.878,-1,-1,-1
120,14,1630.93,364.46,47.84,68.42,0.791,-1,-1,-1
120,20,977.58,322.39,92.98,325.77,0.743,-1,-1,-1
120,23,1057.65,378.76,45.93,203.92,0.526,-1,-1,-1
120,24,1290.02,389.38,76.74,256.33,0.664,-1,-1,-1
120,25,956.78,388.82,37.88,135.46,0.627,-1,-1,-1
121,2,770.50,232.97,192.20,642.49,0.909,-1,-1,-1
121,3,713.67,365.81,89.47,273.22,-1.000,-1,-1,-1
121,5,384.12,328.25,128.46,393.01,0.892,-1,-1,-1
121,8,1113.78,288.21,174.71,482.27,0.920,-1,-1,-1
121,9,693.06,389.64,73.57,183.00,0.866,-1,-1,-1
121,14,1632.03,364.93,48.25,68.52,0.781,-1,-1,-1
121,20,980.93,321.69,95.17,327.52,0.712,-1,-1,-1
121,23,1056.18,379.77,45.73,203.24,0.462,-1,-1,-1
121,24,1289.79,389.42,77.22,257.19,0.476,-1,-1,-1
121,25,955.47,387.58,38.10,136.19,0.101,-1,-1,-1
122,2,762.97,231.68,190.92,634.89,0.918,-1,-1,-1
122,3,769.86,376.49,76.37,233.84,-1.000,-1,-1,-1
122,5,377.30,327.13,130.13,397.87,0.886,-1,-1,-1
122,8,1112.19,288.88,173.80,482.31,0.924,-1,-1,-1
122,9,689.70,388.79,74.00,183.96,0.866,-1,-1,-1
122,14,1630.97,365.13,48.42,68.44,0.761,-1,-1,-1
122,20,974.58,322.32,95.43,327.23,0.794,-1,-1,-1
122,23,1049.18,368.44,48.64,214.30,0.679,-1,-1,-1
122,24,1289.07,389.41,77.81,257.97,0.492,-1,-1,-1
122,25,952.40,386.23,38.14,136.38,0.533,-1,-1,-1
123,2,754.66,231.09,191.07,630.86,0.929,-1,-1,-1
123,3,826.04,387.17,63.28,194.46,-1.000,-1,-1,-1
123,5,369.49,327.17,132.41,404.28,0.858,-1,-1,-1
123,8,1109.99,289.48,172.79,482.08,0.925,-1,-1,-1
123,9,685.45,389.60,74.05,184.35,0.823,-1,-1,-1
123,14,1629.72,366.72,48.23,67.67,0.780,-1,-1,-1
123,20,968.71,323.41,95.88,328.30,0.848,-1,-1,-1
123,23,1043.84,363.61,50.50,220.04,0.776,-1,-1,-1
123,24,1287.13,389.11,78.31,259.91,0.543,-1,-1,-1
123,25,950.49,386.31,38.06,136.84,0.582,-1,-1,-1
124,2,744.80,230.27,193.04,631.86,0.917,-1,-1,-1
124,3,882.23,397.85,50.18,155.08,0.588,-1,-1,-1
124,5,360.22,327.47,134.16,409.06,0.868,-1,-1,-1
124,8,1105.65,289.88,172.16,482.71,0.913,-1,-1,-1
124,9,681.34,389.34,74.02,185.28,0.858,-1,-1,-1
124,14,1627.16,368.69,48.44,67.76,0.802,-1,-1,-1
124,20,963.54,324.54,96.01,328.02,0.852,-1,-1,-1
124,23,1038.90,362.95,51.39,220.83,0.763,-1,-1,-1
124,24,1283.78,390.24,78.78,260.86,0.434,-1,-1,-1
124,25,947.13,386.09,37.71,136.79,0.556,-1,-1,-1
125,2,733.74,229.90,196.23,635.98,0.927,-1,-1,-1
125,3,914.89,400.00,41.75,130.92,0.368,-1,-1,-1
125,5,351.05,328.57,134.68,409.28,0.867,-1,-1,-1
125,8,1101.05,289.95,171.48,483.30,0.917,-1,-1,-1
125,9,675.83,388.95,73.91,186.40,0.801,-1,-1,-1
125,14,1623.68,369.22,49.19,68.70,0.800,-1,-1,-1
125,20,958.17,324.29,96.40,329.16,0.857,-1,-1,-1
125,22,1276.79,392.77,39.81,47.73,0.542,-1,-1,-1
125,23,1034.60,364.38,51.62,218.02,0.811,-1,-1,-1
125,24,1279.60,389.61,79.51,262.77,0.406,-1,-1,-1
125,25,941.27,386.77,37.10,135.25,0.356,-1,-1,-1
126,2,725.79,230.91,199.13,639.35,0.921,-1,-1,-1
126,3,913.69,400.83,41.94,132.06,-1.000,-1,-1,-1
126,5,342.47,330.25,135.89,412.44,0.855,-1,-1,-1
126,8,1096.30,290.29,171.51,484.99,0.916,-1,-1,-1
126,9,670.05,389.94,74.04,187.75,0.766,-1,-1,-1
126,14,1619.82,369.42,49.49,69.11,0.797,-1,-1,-1
126,20,952.11,324.93,96.60,329.37,0.831,-1,-1,-1
126,22,1270.48,393.42,39.36,47.82,0.296,-1,-1,-1
126,23,1030.31,365.57,52.56,219.78,0.782,-1,-1,-1
126,24,1277.48,390.77,79.74,263.14,0.316,-1,-1,-1
126,25,934.84,388.89,36.28,132.53,0.339,-1,-1,-1
127,2,718.87,232.82,201.81,642.69,0.905,-1,-1,-1
127,3,912.49,401.67,42.13,133.21,0.545,-1,-1,-1
127,5,333.79,332.41,137.37,416.72,0.866,-1,-1,-1
127,8,1091.27,291.35,170.93,484.73,0.916,-1,-1,-1
127,9,664.74,390.37,74.21,189.58,0.806,-1,-1,-1
127,14,1616.86,370.44,49.47,69.18,0.793,-1,-1,-1
127,20,945.70,325.40,97.06,330.05,0.841,-1,-1,-1
127,22,1266.02,395.45,38.54,47.32,0.128,-1,-1,-1
127,23,1026.79,367.87,53.13,219.62,0.800,-1,-1,-1
127,25,929.45,391.75,35.87,131.68,0.193,-1,-1,-1
128,2,715.71,234.03,203.21,643.72,0.916,-1,-1,-1
128,3,911.78,396.36,45.41,142.83,0.591,-1,-1,-1
128,5,324.61,332.69,139.83,423.18,0.877,-1,-1,-1
128,8,1087.36,291.44,170.20,482.35,0.915,-1,-1,-1
128,9,659.25,389.71,74.30,191.37,0.833,-1,-1,-1
128,14,1614.76,371.25,48.93,68.42,0.801,-1,-1,-1
128,20,938.26,324.12,98.49,331.90,0.874,-1,-1,-1
128,22,1261.64,395.64,38.45,47.78,0.103,-1,-1,-1
128,23,1022.95,369.08,54.10,221.54,0.817,-1,-1,-1
128,25,920.75,394.33,36.73,134.26,-1.000,-1,-1,-1
129,2,714.39,235.97,204.39,644.60,0.919,-1,-1,-1
129,5,317.29,332.38,141.68,428.66,0.867,-1,-1,-1
129,8,1084.83,290.86,170.59,483.51,0.917,-1,-1,-1
129,9,656.32,389.37,74.16,193.02,0.848,-1,-1,-1
129,14,1614.21,370.60,49.04,68.70,0.805,-1,-1,-1
129,20,935.61,322.26,99.90,333.67,0.894,-1,-1,-1
129,22,1259.76,395.26,37.35,46.87,0.123,-1,-1,-1
129,23,1021.43,369.50,54.99,222.69,0.821,-1,-1,-1
129,25,912.05,396.91,37.59,136.84,0.599,-1,-1,-1
130,2,714.01,237.85,205.14,644.52,0.919,-1,-1,-1
130,5,311.68,330.66,143.25,434.08,0.838,-1,-1,-1
130,8,1083.43,289.41,170.05,481.90,0.921,-1,-1,-1
130,9,654.91,388.74,73.71,194.16,0.854,-1,-1,-1
130,14,1614.42,369.70,49.28,69.31,0.800,-1,-1,-1
130,20,933.73,320.96,100.96,334.73,0.893,-1,-1,-1
130,22,1258.96,394.74,36.37,46.25,0.332,-1,-1,-1
130,23,1020.49,369.46,55.75,223.02,0.828,-1,-1,-1
130,25,907.64,397.58,38.39,139.07,0.346,-1,-1,-1
131,2,713.67,239.25,206.03,645.18,0.923,-1,-1,-1
131,5,306.31,328.12,145.08,439.56,0.865,-1,-1,-1
131,8,1081.99,287.56,170.46,482.84,0.923,-1,-1,-1
131,9,653.99,388.50,72.97,194.63,0.857,-1,-1,-1
131,14,1614.89,368.58,49.39,69.71,0.816,-1,-1,-1
131,20,930.53,319.71,101.35,333.39,0.890,-1,-1,-1
131,22,1257.76,394.18,35.71,46.08,0.382,-1,-1,-1
131,23,1018.54,368.54,56.85,223.61,0.866,-1,-1,-1
131,25,904.42,397.93,39.02,140.69,0.355,-1,-1,-1
132,2,714.95,240.65,207.01,646.64,0.923,-1,-1,-1
132,5,301.81,327.27,146.33,442.60,0.854,-1,-1,-1
132,8,1081.45,286.07,171.19,484.22,0.923,-1,-1,-1
132,9,653.74,388.52,72.48,195.79,0.857,-1,-1,-1
132,14,1616.23,367.55,49.26,69.79,0.813,-1,-1,-1
132,20,927.29,318.96,101.56,332.38,0.883,-1,-1,-1
132,22,1257.85,393.78,34.71,45.43,0.478,-1,-1,-1
132,23,1016.97,367.28,58.30,225.06,0.873,-1,-1,-1
132,25,902.63,398.05,39.57,142.44,0.121,-1,-1,-1
133,2,715.81,241.81,207.32,645.91,0.917,-1,-1,-1
133,5,297.26,325.37,148.28,447.98,0.853,-1,-1,-1
133,8,1081.13,285.64,172.12,485.78,0.921,-1,-1,-1
133,9,653.90,389.02,72.25,197.32,0.863,-1,-1,-1
133,14,1617.75,367.51,48.93,69.43,0.803,-1,-1,-1
133,20,924.08,319.42,101.62,331.46,0.886,-1,-1,-1
133,22,1257.50,394.28,34.22,45.57,0.546,-1,-1,-1
133,23,1015.52,367.01,59.69,226.06,0.878,-1,-1,-1
134,2,716.25,242.62,207.48,644.80,0.933,-1,-1,-1
134,5,292.91,324.68,149.83,452.78,0.855,-1,-1,-1
134,8,1080.47,286.64,173.23,487.46,0.916,-1,-1,-1
134,9,653.48,390.59,72.00,198.38,0.878,-1,-1,-1
134,14,1619.00,368.27,49.33,70.08,0.826,-1,-1,-1
134,20,920.94,320.79,102.27,332.67,0.896,-1,-1,-1
134,22,1257.15,397.08,32.76,43.95,0.422,-1,-1,-1
134,23,1015.86,367.58,60.60,224.51,0.871,-1,-1,-1
135,2,717.45,243.13,208.03,645.17,0.932,-1,-1,-1
135,5,288.62,324.78,151.39,457.50,0.869,-1,-1,-1
135,8,1079.87,288.21,174.43,489.60,0.917,-1,-1,-1
135,9,653.83,393.83,71.88,198.29,0.870,-1,-1,-1
135,14,1620.91,368.76,49.53,70.38,0.831,-1,-1,-1
135,20,918.51,321.54,102.44,333.16,0.886,-1,-1,-1
135,22,1256.97,398.92,31.45,42.43,0.349,-1,-1,-1
135,23,1014.93,368.22,61.74,223.46,0.883,-1,-1,-1
136,2,719.26,242.52,209.26,647.75,0.923,-1,-1,-1
136,5,285.55,324.41,152.56,460.59,0.878,-1,-1,-1
136,8,1081.07,289.26,175.84,491.80,0.917,-1,-1,-1
136,9,654.21,395.06,72.02,199.05,0.865,-1,-1,-1
136,14,1624.83,368.72,49.49,70.37,0.828,-1,-1,-1
136,20,918.20,321.10,102.58,334.66,0.876,-1,-1,-1
136,22,1258.73,399.21,31.30,42.22,-1.000,-1,-1,-1
136,23,1015.26,367.85,63.24,223.51,0.882,-1,-1,-1
137,2,723.55,241.94,206.79,638.19,0.918,-1,-1,-1
137,5,282.44,323.54,154.16,465.33,0.873,-1,-1,-1
137,8,1083.07,290.52,177.07,493.63,0.921,-1,-1,-1
137,9,656.02,395.99,72.51,200.13,0.865,-1,-1,-1
137,14,1628.46,368.86,49.41,70.29,0.829,-1,-1,-1
137,20,918.92,320.85,102.40,335.87,0.877,-1,-1,-1
137,22,1260.50,399.49,31.15,42.02,-1.000,-1,-1,-1
137,23,1015.85,368.77,64.53,222.54,0.891,-1,-1,-1
138,2,730.23,243.97,204.50,630.11,0.903,-1,-1,-1
138,5,281.23,324.43,155.63,470.05,0.893,-1,-1,-1
138,8,1086.58,295.28,178.03,494.51,0.915,-1,-1,-1
138,9,658.78,399.17,73.29,201.48,0.861,-1,-1,-1
138,14,1633.34,371.27,49.57,70.54,0.821,-1,-1,-1
138,20,921.71,324.50,101.66,335.56,0.867,-1,-1,-1
138,22,1262.26,399.77,31.00,41.81,-1.000,-1,-1,-1
138,23,1018.41,371.46,65.98,222.77,0.891,-1,-1,-1
139,2,734.14,243.48,203.14,625.02,0.909,-1,-1,-1
139,5,279.35,323.14,156.67,473.26,0.890,-1,-1,-1
139,8,1089.55,296.47,178.55,494.09,0.919,-1,-1,-1
139,9,658.87,398.09,74.00,203.08,0.870,-1,-1,-1
139,14,1637.64,369.75,49.18,69.98,0.804,-1,-1,-1
139,20,924.22,324.94,101.20,335.76,0.871,-1,-1,-1
139,22,1264.02,400.05,30.85,41.60,-1.000,-1,-1,-1
139,23,1020.41,370.76,66.93,222.63,0.876,-1,-1,-1
140,2,739.16,244.32,203.24,625.29,0.910,-1,-1,-1
140,5,277.26,322.78,158.90,480.23,0.889,-1,-1,-1
140,8,1094.16,296.41,179.61,495.76,0.923,-1,-1,-1
140,9,659.96,397.52,75.03,205.16,0.871,-1,-1,-1
140,14,1643.34,368.22,49.52,70.47,0.827,-1,-1,-1
140,20,926.94,324.78,101.30,337.04,0.882,-1,-1,-1
140,22,1265.79,400.33,30.69,41.39,-1.000,-1,-1,-1
140,23,1025.35,372.04,67.28,221.59,0.886,-1,-1,-1
141,2,744.90,245.69,203.19,627.37,0.912,-1,-1,-1
141,5,274.25,322.72,162.07,490.02,0.874,-1,-1,-1
141,8,1098.87,297.27,180.31,496.84,0.939,-1,-1,-1
141,9,660.68,397.26,75.80,206.69,0.871,-1,-1,-1
141,14,1648.61,368.51,49.45,70.52,0.810,-1,-1,-1
141,20,928.88,326.03,101.48,339.00,0.885,-1,-1,-1
141,22,1267.55,400.61,30.54,41.19,-1.000,-1,-1,-1
141,23,1028.20,373.19,68.01,221.27,0.889,-1,-1,-1
142,2,751.81,247.48,202.71,629.84,0.913,-1,-1,-1
142,5,272.77,322.97,164.31,497.05,0.864,-1,-1,-1
142,8,1105.47,298.56,180.62,496.52,0.934,-1,-1,-1
142,9,662.75,396.70,76.66,208.77,0.835,-1,-1,-1
142,14,1655.13,369.06,49.71,70.96,0.805,-1,-1,-1
142,20,932.11,327.56,101.18,338.92,0.877,-1,-1,-1
142,22,1269.32,400.90,30.39,40.98,0.532,-1,-1,-1
142,23,1031.64,374.78,68.85,220.93,0.890,-1,-1,-1
143,2,758.57,251.26,202.15,633.31,0.912,-1,-1,-1
143,5,272.10,324.76,166.02,502.21,0.889,-1,-1,-1
143,6,737.63,363.73,52.26,166.69,0.735,-1,-1,-1
143,8,1112.64,298.75,181.57,497.56,0.931,-1,-1,-1
143,9,664.43,397.20,77.14,210.45,0.833,-1,-1,-1
143,14,1662.33,369.49,49.91,71.25,0.810,-1,-1,-1
143,20,936.40,329.34,101.13,339.81,0.876,-1,-1,-1
143,22,1273.19,400.78,30.92,41.91,0.152,-1,-1,-1
143,23,1036.06,377.26,69.36,220.31,0.879,-1,-1,-1
144,2,766.02,254.48,200.73,635.03,0.910,-1,-1,-1
144,5,270.55,325.82,167.78,507.03,0.900,-1,-1,-1
144,6,741.17,363.42,54.27,172.14,0.764,-1,-1,-1
144,8,1118.46,299.14,181.73,496.96,0.932,-1,-1,-1
144,9,668.83,396.42,77.86,212.47,0.857,-1,-1,-1
144,14,1669.28,369.04,50.35,71.83,0.764,-1,-1,-1
144,20,941.36,331.01,100.65,339.75,0.865,-1,-1,-1
144,22,1277.77,400.72,30.12,41.20,0.378,-1,-1,-1
144,23,1040.77,379.23,69.88,219.44,0.890,-1,-1,-1
145,2,773.68,257.19,199.05,635.49,0.904,-1,-1,-1
145,5,269.38,325.53,169.44,511.74,0.898,-1,-1,-1
145,6,745.40,363.39,55.52,174.53,0.758,-1,-1,-1
145,8,1124.42,298.29,182.11,498.16,0.925,-1,-1,-1
145,9,671.88,395.31,78.13,213.52,0.870,-1,-1,-1
145,14,1677.37,369.51,50.52,72.00,0.795,-1,-1,-1
145,20,946.76,332.05,100.37,339.77,0.860,-1,-1,-1
145,22,1282.71,399.68,30.25,41.95,0.413,-1,-1,-1
145,23,1045.38,380.31,70.24,218.80,0.898,-1,-1,-1
146,2,779.97,261.18,197.28,635.53,0.900,-1,-1,-1
146,5,267.68,325.82,171.67,518.89,0.887,-1,-1,-1
146,6,745.84,364.99,61.23,194.24,0.798,-1,-1,-1
146,8,1132.73,298.19,181.45,494.57,0.923,-1,-1,-1
146,9,673.67,395.72,78.44,214.50,0.872,-1,-1,-1
146,14,1685.16,370.49,50.89,72.47,0.777,-1,-1,-1
146,20,952.24,333.93,100.03,339.49,0.870,-1,-1,-1
146,23,1050.24,382.11,70.65,218.35,0.890,-1,-1,-1
147,2,784.51,264.36,195.92,636.99,0.905,-1,-1,-1
147,5,265.24,326.90,173.37,524.35,0.884,-1,-1,-1
147,6,748.14,366.58,63.53,202.99,0.734,-1,-1,-1
147,8,1140.10,297.92,181.55,492.35,0.924,-1,-1,-1
147,9,677.02,396.42,78.59,215.16,0.875,-1,-1,-1
147,14,1692.22,371.77,51.13,72.68,0.782,-1,-1,-1
147,20,955.76,335.75,99.70,340.04,0.872,-1,-1,-1
147,23,1053.17,383.37,71.37,219.14,0.887,-1,-1,-1
148,2,787.60,267.48,193.32,632.77,0.900,-1,-1,-1
148,5,259.39,326.94,177.08,536.28,0.868,-1,-1,-1
148,6,749.84,368.06,64.13,204.55,0.657,-1,-1,-1
148,8,1144.73,298.62,182.26,492.68,0.922,-1,-1,-1
148,9,677.23,397.16,79.23,216.71,0.872,-1,-1,-1
148,14,1697.98,373.24,51.23,72.71,0.777,-1,-1,-1
148,20,958.20,337.87,99.35,340.66,0.865,-1,-1,-1
148,23,1054.83,384.48,71.98,219.75,0.881,-1,-1,-1
149,2,789.13,269.45,191.73,631.04,0.900,-1,-1,-1
149,5,252.95,326.17,179.89,545.51,0.879,-1,-1,-1
149,6,752.30,369.31,61.80,194.40,0.700,-1,-1,-1
149,8,1146.26,299.40,183.03,495.37,0.925,-1,-1,-1
149,9,677.23,399.27,80.08,217.99,0.899,-1,-1,-1
149,14,1702.46,375.80,51.25,72.36,0.807,-1,-1,-1
149,20,960.08,339.92,98.89,340.86,0.866,-1,-1,-1
149,23,1056.29,385.95,72.67,220.96,0.884,-1,-1,-1
150,2,789.45,270.25,190.62,630.30,0.912,-1,-1,-1
150,5,245.78,324.22,182.60,555.18,0.883,-1,-1,-1
150,6,754.45,370.39,60.39,187.68,0.813,-1,-1,-1
150,8,1148.16,300.22,183.22,497.22,0.933,-1,-1,-1
150,9,677.25,400.86,80.88,219.50,0.899,-1,-1,-1
150,14,1706.53,378.11,51.39,72.30,0.828,-1,-1,-1
150,20,961.76,342.97,97.95,339.40,0.877,-1,-1,-1
150,23,1056.43,386.69,73.47,222.18,0.885,-1,-1,-1
151,2,788.76,270.20,189.87,629.63,0.909,-1,-1,-1
151,5,238.00,321.97,184.90,563.55,0.899,-1,-1,-1
151,6,755.62,371.25,60.42,186.80,0.753,-1,-1,-1
151,8,1149.47,300.82,183.64,499.77,0.934,-1,-1,-1
151,9,677.94,403.32,81.86,221.20,0.897,-1,-1,-1
151,14,1709.81,380.98,50.50,70.70,0.784,-1,-1,-1
151,20,963.24,344.97,97.39,339.17,0.873,-1,-1,-1
151,23,1056.70,387.43,73.96,222.72,0.888,-1,-1,-1
152,2,787.65,268.04,188.65,625.23,0.904,-1,-1,-1
152,5,227.80,319.06,187.19,570.38,0.887,-1,-1,-1
152,6,756.67,371.11,60.09,184.49,0.476,-1,-1,-1
152,8,1150.47,300.28,184.09,502.50,0.936,-1,-1,-1
152,9,678.09,405.22,82.68,221.60,0.887,-1,-1,-1
152,14,1712.86,381.71,51.03,70.98,0.789,-1,-1,-1
152,20,964.64,345.33,97.36,340.43,0.875,-1,-1,-1
152,23,1056.73,387.16,74.41,222.75,0.884,-1,-1,-1
153,2,786.01,266.34,187.26,616.82,0.908,-1,-1,-1
153,5,218.23,316.05,189.84,578.09,0.883,-1,-1,-1
153,6,757.54,371.07,59.37,181.64,0.288,-1,-1,-1
153,8,1153.33,301.03,184.37,504.29,0.932,-1,-1,-1
153,9,678.57,407.19,83.38,221.87,0.897,-1,-1,-1
153,14,1715.84,383.17,50.81,70.56,0.792,-1,-1,-1
153,20,966.14,345.75,96.89,340.67,0.860,-1,-1,-1
153,23,1056.44,387.17,74.92,222.62,0.895,-1,-1,-1
154,2,783.71,264.45,187.80,612.82,0.907,-1,-1,-1
154,5,209.54,312.65,191.90,584.18,0.874,-1,-1,-1
154,6,755.78,369.42,73.19,225.87,0.601,-1,-1,-1
154,8,1155.26,301.40,184.95,507.16,0.928,-1,-1,-1
154,9,679.48,408.13,84.50,222.82,0.896,-1,-1,-1
154,14,1718.47,384.04,50.93,70.77,0.770,-1,-1,-1
154,20,967.10,345.20,96.77,342.06,0.858,-1,-1,-1
154,23,1055.90,387.03,75.45,222.61,0.893,-1,-1,-1
155,2,780.74,259.84,190.27,615.01,0.905,-1,-1,-1
155,5,201.01,306.84,194.07,591.16,0.860,-1,-1,-1
155,6,754.30,365.48,79.26,246.95,0.681,-1,-1,-1
155,8,1155.28,300.00,185.04,508.67,0.925,-1,-1,-1
155,9,678.71,406.51,86.11,223.54,0.890,-1,-1,-1
155,14,1719.30,382.46,51.09,71.04,0.812,-1,-1,-1
155,20,967.31,342.40,96.69,343.84,0.831,-1,-1,-1
155,23,1053.94,383.96,76.41,223.83,0.876,-1,-1,-1
156,2,779.52,258.21,192.75,619.09,0.910,-1,-1,-1
156,5,192.89,302.84,196.30,598.22,0.859,-1,-1,-1
156,6,752.29,363.96,82.92,260.74,0.757,-1,-1,-1
156,8,1154.66,301.25,185.26,510.77,0.928,-1,-1,-1
156,9,676.53,404.82,88.14,226.51,0.874,-1,-1,-1
156,14,1719.70,383.35,51.13,71.10,0.787,-1,-1,-1
156,20,967.60,342.71,96.14,343.69,0.830,-1,-1,-1
156,23,1052.05,383.45,77.30,225.06,0.874,-1,-1,-1
157,2,777.59,259.81,194.35,620.92,0.905,-1,-1,-1
157,5,183.68,299.87,198.04,605.33,0.863,-1,-1,-1
157,6,750.37,365.05,84.12,267.28,0.794,-1,-1,-1
157,8,1151.89,304.88,184.92,511.62,0.931,-1,-1,-1
157,9,673.24,405.74,89.52,228.38,0.885,-1,-1,-1
157,14,1718.49,385.70,51.57,71.57,0.792,-1,-1,-1
157,20,965.80,342.78,95.54,343.96,0.820,-1,-1,-1
157,23,1049.79,385.64,77.48,224.50,0.877,-1,-1,-1
158,2,774.77,259.52,196.01,622.64,0.923,-1,-1,-1
158,5,166.49,295.45,200.95,612.25,0.889,-1,-1,-1
158,6,746.94,362.92,84.76,271.54,0.805,-1,-1,-1
158,8,1148.34,304.46,184.03,511.28,0.929,-1,-1,-1
158,9,668.14,403.56,90.91,230.49,0.894,-1,-1,-1
158,14,1715.54,384.71,52.00,71.94,0.752,-1,-1,-1
158,20,963.96,340.85,94.34,342.85,0.866,-1,-1,-1
158,23,1046.22,385.44,77.49,223.32,0.883,-1,-1,-1
159,2,773.18,260.70,198.08,625.47,0.911,-1,-1,-1
159,5,151.12,290.98,204.81,622.91,0.879,-1,-1,-1
159,6,742.99,361.49,85.09,274.43,0.834,-1,-1,-1
159,8,1144.05,304.63,182.63,509.44,0.916,-1,-1,-1
159,9,662.29,401.54,92.30,232.76,0.891,-1,-1,-1
159,14,1712.26,383.59,52.66,72.57,0.773,-1,-1,-1
159,20,961.48,339.53,93.67,342.48,0.835,-1,-1,-1
159,23,1041.17,384.90,78.11,223.44,0.882,-1,-1,-1
160,2,770.05,262.49,200.00,628.94,0.906,-1,-1,-1
160,5,132.68,288.02,210.30,638.18,0.890,-1,-1,-1
160,6,738.88,360.37,85.60,277.28,0.855,-1,-1,-1
160,8,1138.59,303.81,182.18,510.28,0.915,-1,-1,-1
160,9,655.57,399.15,93.58,234.81,0.895,-1,-1,-1
160,14,1708.28,383.32,53.19,73.17,0.779,-1,-1,-1
160,20,957.19,339.03,93.32,342.21,0.818,-1,-1,-1
160,23,1037.10,385.37,78.42,223.10,0.894,-1,-1,-1
161,2,766.68,266.37,201.00,630.10,0.911,-1,-1,-1
161,5,115.48,286.62,216.64,655.84,0.909,-1,-1,-1
161,6,734.31,362.11,85.67,277.22,0.842,-1,-1,-1
161,8,1132.60,304.56,182.08,511.86,0.920,-1,-1,-1
161,9,648.08,398.35,94.95,237.26,0.893,-1,-1,-1
161,14,1704.21,384.89,53.08,72.82,0.765,-1,-1,-1
161,20,953.50,340.39,92.59,341.41,0.851,-1,-1,-1
161,23,1032.98,387.11,78.61,222.80,0.889,-1,-1,-1
162,2,765.40,269.07,201.19,628.46,0.905,-1,-1,-1
162,5,98.07,284.50,221.45,669.47,0.924,-1,-1,-1
162,6,728.68,361.86,86.34,278.02,0.881,-1,-1,-1
162,8,1125.86,303.96,181.74,512.85,0.920,-1,-1,-1
162,9,639.62,397.82,95.50,237.80,0.886,-1,-1,-1
162,14,1699.54,385.15,53.64,73.44,0.811,-1,-1,-1
162,20,948.97,340.54,91.91,340.95,0.865,-1,-1,-1
162,23,1027.55,388.19,78.61,221.68,0.896,-1,-1,-1
163,2,764.79,269.64,202.57,629.69,0.915,-1,-1,-1
163,5,81.37,282.67,224.75,678.04,0.896,-1,-1,-1
163,6,721.27,361.22,87.15,278.36,0.866,-1,-1,-1
163,8,1118.74,302.44,181.53,513.54,0.925,-1,-1,-1
163,9,631.14,396.35,96.24,238.60,0.904,-1,-1,-1
163,14,1694.30,384.39,53.69,73.55,0.779,-1,-1,-1
163,20,942.56,337.91,91.97,343.30,0.850,-1,-1,-1
163,23,1022.55,388.23,78.57,220.99,0.884,-1,-1,-1
164,2,763.93,269.45,202.66,627.78,0.922,-1,-1,-1
164,5,64.42,281.90,228.83,688.91,0.906,-1,-1,-1
164,6,711.91,361.28,88.16,279.74,0.840,-1,-1,-1
164,8,1112.53,300.57,180.90,511.91,0.928,-1,-1,-1
164,9,622.78,395.47,97.08,240.77,0.902,-1,-1,-1
164,14,1689.12,382.86,54.07,73.88,0.803,-1,-1,-1
164,20,936.67,336.65,92.14,344.41,0.864,-1,-1,-1
164,23,1017.59,388.38,78.63,220.51,0.868,-1,-1,-1
165,2,761.68,267.77,202.90,628.01,0.927,-1,-1,-1
165,5,47.14,280.20,233.73,701.86,0.920,-1,-1,-1
165,6,704.31,360.21,89.36,282.42,0.838,-1,-1,-1
165,8,1107.25,298.72,179.33,506.42,0.937,-1,-1,-1
165,9,614.63,395.78,97.44,241.50,0.903,-1,-1,-1
165,14,1684.40,381.17,54.63,74.51,0.767,-1,-1,-1
165,20,931.14,335.40,92.23,345.33,0.863,-1,-1,-1
165,23,1011.90,388.11,78.81,219.88,0.898,-1,-1,-1
166,2,760.44,264.51,202.51,627.53,0.927,-1,-1,-1
166,5,31.14,277.35,239.79,720.40,0.910,-1,-1,-1
166,6,695.54,359.39,90.68,284.34,0.836,-1,-1,-1
166,8,1102.57,295.90,179.04,504.21,0.937,-1,-1,-1
166,9,605.75,393.76,97.84,243.89,0.895,-1,-1,-1
166,14,1681.41,379.73,54.63,74.29,0.807,-1,-1,-1
166,20,927.81,334.66,91.92,346.22,0.866,-1,-1,-1
166,23,1008.91,387.03,79.13,220.19,0.891,-1,-1,-1
167,2,760.71,261.41,201.58,626.01,0.926,-1,-1,-1
167,5,14.33,272.75,245.17,737.16,0.910,-1,-1,-1
167,6,689.08,357.20,92.42,288.18,0.857,-1,-1,-1
167,8,1098.14,293.66,179.98,504.79,0.928,-1,-1,-1
167,9,599.64,392.96,97.93,245.12,0.897,-1,-1,-1
167,14,1678.62,377.94,54.89,74.31,0.777,-1,-1,-1
167,20,926.62,334.44,91.43,346.54,0.863,-1,-1,-1
167,23,1006.65,385.65,79.43,220.52,0.891,-1,-1,-1
168,2,761.30,257.68,199.26,619.56,0.910,-1,-1,-1
168,5,-0.85,267.04,249.46,750.95,0.920,-1,-1,-1
168,6,683.57,353.97,93.91,291.65,0.881,-1,-1,-1
168,8,1093.40,291.00,181.57,507.45,0.928,-1,-1,-1
168,9,594.32,392.74,98.52,246.77,0.908,-1,-1,-1
168,14,1676.84,375.47,55.36,75.10,0.808,-1,-1,-1
168,20,924.98,333.04,91.04,347.67,0.848,-1,-1,-1
168,23,1003.49,384.26,79.79,220.85,0.894,-1,-1,-1
169,2,763.03,254.25,196.42,610.98,0.902,-1,-1,-1
169,5,-11.07,260.45,252.22,764.60,0.932,-1,-1,-1
169,6,678.47,351.62,95.40,294.25,0.896,-1,-1,-1
169,8,1089.80,289.03,182.99,509.60,0.931,-1,-1,-1
169,9,588.30,391.69,99.35,249.34,0.893,-1,-1,-1
169,14,1674.11,373.54,55.64,75.39,0.787,-1,-1,-1
169,20,923.65,332.38,90.41,348.47,0.843,-1,-1,-1
169,23,1000.89,382.40,80.21,221.74,0.881,-1,-1,-1
170,2,763.14,251.54,195.10,607.19,0.921,-1,-1,-1
170,5,-18.02,253.21,253.50,777.23,0.932,-1,-1,-1
170,6,674.03,349.43,97.14,296.34,0.896,-1,-1,-1
170,8,1087.24,288.23,184.08,510.26,0.932,-1,-1,-1
170,9,583.05,391.65,99.94,250.97,0.872,-1,-1,-1
170,14,1670.83,371.66,56.52,76.12,0.766,-1,-1,-1
170,20,923.25,331.83,89.57,348.70,0.844,-1,-1,-1
170,23,999.12,380.44,80.71,222.85,0.872,-1,-1,-1
171,2,763.53,249.56,195.24,608.31,0.919,-1,-1,-1
171,5,-23.01,247.68,253.99,790.44,0.931,-1,-1,-1
171,6,672.08,347.70,98.97,298.93,0.894,-1,-1,-1
171,8,1085.94,287.24,185.68,512.32,0.935,-1,-1,-1
171,9,579.00,392.19,100.73,252.17,0.890,-1,-1,-1
171,14,1672.63,369.53,56.28,76.15,0.764,-1,-1,-1
171,20,923.06,331.29,88.77,349.45,0.826,-1,-1,-1
171,23,999.09,379.49,80.29,221.46,0.867,-1,-1,-1
172,2,763.20,248.93,195.49,609.57,0.910,-1,-1,-1
172,5,-27.01,242.41,252.99,801.82,0.938,-1,-1,-1
172,6,670.12,346.78,100.87,300.96,0.871,-1,-1,-1
172,8,1084.18,286.96,187.20,513.97,0.933,-1,-1,-1
172,9,573.58,390.97,102.85,256.37,0.900,-1,-1,-1
172,14,1672.17,368.25,56.39,76.27,0.742,-1,-1,-1
172,20,923.11,331.73,88.03,349.89,0.820,-1,-1,-1
172,23,997.74,378.16,80.33,220.79,0.861,-1,-1,-1
173,2,764.27,248.10,195.59,612.96,0.901,-1,-1,-1
173,5,-31.69,237.61,251.46,814.81,0.935,-1,-1,-1
173,6,666.35,344.64,103.08,303.16,0.882,-1,-1,-1
173,8,1082.31,286.46,188.72,515.41,0.938,-1,-1,-1
173,9,567.36,388.81,104.63,259.73,0.894,-1,-1,-1
173,14,1672.44,366.12,56.07,76.05,0.767,-1,-1,-1
173,20,922.82,330.79,87.19,349.63,0.822,-1,-1,-1
173,23,995.48,376.39,80.44,220.01,0.874,-1,-1,-1
174,2,767.07,248.59,195.43,616.74,0.902,-1,-1,-1
174,5,-34.65,232.39,250.17,829.17,0.913,-1,-1,-1
174,6,665.07,343.80,105.44,304.74,0.896,-1,-1,-1
174,8,1083.17,286.86,190.37,517.77,0.938,-1,-1,-1
174,9,562.78,386.08,106.79,264.30,0.883,-1,-1,-1
174,14,1674.68,364.79,55.65,75.65,0.770,-1,-1,-1
174,20,924.00,330.48,86.65,350.20,0.800,-1,-1,-1
174,23,995.30,374.89,80.94,220.46,0.873,-1,-1,-1
175,2,770.81,249.84,195.14,620.80,0.889,-1,-1,-1
175,5,-36.70,228.95,246.94,838.60,0.908,-1,-1,-1
175,6,664.74,342.20,108.09,306.86,0.891,-1,-1,-1
175,8,1085.75,287.28,191.72,519.60,0.939,-1,-1,-1
175,9,560.17,384.48,108.58,267.40,0.896,-1,-1,-1
175,14,1678.46,364.01,55.61,75.83,0.792,-1,-1,-1
175,20,925.16,330.33,85.90,351.03,0.789,-1,-1,-1
175,23,997.01,374.66,81.09,220.39,0.868,-1,-1,-1
176,2,776.33,255.57,193.64,620.74,0.888,-1,-1,-1
176,5,-37.68,229.38,242.76,845.13,0.892,-1,-1,-1
176,6,665.51,344.33,110.58,307.83,0.883,-1,-1,-1
176,8,1088.84,289.91,192.73,520.76,0.938,-1,-1,-1
176,9,558.38,386.12,109.39,268.90,0.877,-1,-1,-1
176,14,1683.25,364.98,55.48,75.69,0.789,-1,-1,-1
176,20,926.67,331.70,84.46,351.67,0.778,-1,-1,-1
176,23,1000.88,376.67,80.91,220.23,0.877,-1,-1,-1
177,2,779.60,257.50,192.11,621.29,0.889,-1,-1,-1
177,5,-38.57,227.53,237.10,848.86,0.914,-1,-1,-1
177,6,664.97,343.02,113.71,311.57,0.882,-1,-1,-1
177,8,1091.79,288.07,193.70,521.24,0.932,-1,-1,-1
177,9,557.03,383.94,110.82,270.87,0.898,-1,-1,-1
177,14,1685.93,361.34,55.65,76.12,0.775,-1,-1,-1
177,20,925.65,329.46,83.17,352.20,0.774,-1,-1,-1
177,23,1002.51,374.75,81.17,221.05,0.881,-1,-1,-1
178,2,783.30,260.11,191.06,622.62,0.883,-1,-1,-1
178,5,-39.12,225.91,230.77,850.29,0.902,-1,-1,-1
178,6,665.79,345.10,116.50,313.28,0.882,-1,-1,-1
178,8,1096.28,288.72,194.61,521.93,0.926,-1,-1,-1
178,9,556.27,384.64,111.74,271.72,0.901,-1,-1,-1
178,14,1690.57,360.38,55.82,76.69,0.782,-1,-1,-1
178,20,925.81,329.42,81.77,352.00,0.789,-1,-1,-1
178,23,1005.56,375.31,80.96,220.61,0.883,-1,-1,-1
179,2,787.51,262.64,190.36,623.48,0.863,-1,-1,-1
179,5,-38.76,226.16,224.98,850.33,0.868,-1,-1,-1
179,6,664.85,345.48,119.50,315.49,0.892,-1,-1,-1
179,8,1100.40,286.84,195.95,525.12,0.924,-1,-1,-1
179,9,555.04,384.64,112.54,272.66,0.912,-1,-1,-1
179,14,1696.05,359.62,55.92,76.47,0.786,-1,-1,-1
179,20,926.31,328.25,80.09,349.76,0.772,-1,-1,-1
179,23,1008.31,375.67,80.80,220.44,0.889,-1,-1,-1
180,2,792.21,265.45,188.23,619.08,0.874,-1,-1,-1
180,5,-39.68,229.75,217.64,847.06,0.873,-1,-1,-1
180,6,665.00,346.31,121.98,317.47,0.891,-1,-1,-1
180,8,1105.59,285.92,196.78,527.27,0.924,-1,-1,-1
180,9,554.71,384.83,114.14,275.67,0.915,-1,-1,-1
180,14,1701.77,358.88,56.80,77.22,0.785,-1,-1,-1
180,20,929.01,326.71,78.36,346.14,0.749,-1,-1,-1
180,23,1012.38,377.11,80.37,219.44,0.863,-1,-1,-1
181,2,796.75,266.25,187.69,617.57,0.875,-1,-1,-1
181,5,-39.89,239.32,210.26,838.24,0.792,-1,-1,-1
181,6,665.50,347.97,124.29,319.36,0.893,-1,-1,-1
181,8,1112.45,285.78,197.50,529.08,0.919,-1,-1,-1
181,9,554.72,386.88,115.43,278.08,0.905,-1,-1,-1
181,14,1707.70,357.62,57.20,77.85,0.786,-1,-1,-1
181,20,931.78,326.42,76.73,342.06,0.734,-1,-1,-1
181,23,1017.69,378.85,80.09,219.37,0.853,-1,-1,-1
182,2,799.00,264.70,187.31,616.18,0.881,-1,-1,-1
182,5,-39.52,260.41,199.55,815.88,0.789,-1,-1,-1
182,6,665.59,347.24,127.17,323.32,0.902,-1,-1,-1
182,8,1119.91,284.76,196.65,526.96,0.920,-1,-1,-1
182,9,554.81,387.46,116.73,280.46,0.904,-1,-1,-1
182,14,1715.21,356.19,57.63,78.15,0.754,-1,-1,-1
182,20,935.04,324.90,76.63,345.34,0.759,-1,-1,-1
182,23,1022.60,380.07,79.57,218.52,0.877,-1,-1,-1
183,2,800.75,263.71,186.26,611.44,0.896,-1,-1,-1
183,5,-39.35,287.99,187.68,787.51,0.768,-1,-1,-1
183,6,666.01,345.98,129.81,327.47,0.894,-1,-1,-1
183,8,1127.45,284.37,194.58,521.68,0.924,-1,-1,-1
183,9,555.92,388.63,117.56,281.34,0.900,-1,-1,-1
183,14,1722.11,355.67,57.96,78.44,0.763,-1,-1,-1
183,20,939.29,324.99,76.17,346.50,0.701,-1,-1,-1
183,23,1026.81,381.19,79.46,218.60,0.876,-1,-1,-1
183,26,1000.59,409.45,31.09,123.74,0.648,-1,-1,-1
184,2,803.15,262.00,184.40,602.40,0.913,-1,-1,-1
184,5,-35.63,345.80,168.30,729.67,0.847,-1,-1,-1
184,6,666.97,344.45,132.12,330.65,0.898,-1,-1,-1
184,8,1133.54,283.71,193.59,519.13,0.929,-1,-1,-1
184,9,557.60,389.75,118.50,282.62,0.892,-1,-1,-1
184,14,1730.25,355.55,58.42,78.67,0.737,-1,-1,-1
184,20,944.33,325.68,75.34,346.80,0.712,-1,-1,-1
184,23,1032.04,382.00,78.91,218.16,0.882,-1,-1,-1
184,26,1006.70,410.12,30.82,122.52,0.681,-1,-1,-1
185,2,803.74,260.25,184.03,597.27,0.925,-1,-1,-1
185,5,-35.66,376.52,156.50,699.48,0.787,-1,-1,-1
185,6,668.16,341.30,134.38,335.20,0.898,-1,-1,-1
185,8,1139.30,283.51,192.96,518.10,0.934,-1,-1,-1
185,9,558.87,390.16,119.81,284.46,0.895,-1,-1,-1
185,14,1736.47,354.78,58.74,79.10,0.775,-1,-1,-1
185,20,946.98,323.97,75.49,350.13,0.601,-1,-1,-1
185,23,1035.10,382.09,78.75,218.05,0.892,-1,-1,-1
185,26,1009.41,409.52,30.97,123.09,0.663,-1,-1,-1
186,2,804.88,257.26,185.42,598.36,0.932,-1,-1,-1
186,5,-38.51,392.36,148.02,683.61,0.745,-1,-1,-1
186,6,669.35,338.51,136.57,339.42,0.906,-1,-1,-1
186,8,1145.93,282.61,192.84,519.10,0.935,-1,-1,-1
186,9,558.17,390.28,120.84,286.99,0.886,-1,-1,-1
186,14,1743.37,354.61,58.75,79.01,0.763,-1,-1,-1
186,20,950.00,322.62,75.11,351.55,0.676,-1,-1,-1
186,23,1038.42,381.23,78.83,218.73,0.846,-1,-1,-1
186,26,1012.11,409.03,31.10,123.40,0.578,-1,-1,-1
187,2,806.21,255.37,186.78,600.61,0.928,-1,-1,-1
187,5,-44.08,413.28,139.22,660.74,0.560,-1,-1,-1
187,6,669.89,335.03,138.11,342.64,0.911,-1,-1,-1
187,8,1149.63,281.56,192.85,520.95,0.934,-1,-1,-1
187,9,556.96,388.94,121.79,289.84,0.890,-1,-1,-1
187,14,1748.98,353.87,59.09,79.63,0.793,-1,-1,-1
187,20,952.44,321.95,74.18,351.07,0.702,-1,-1,-1
187,23,1041.26,380.15,79.01,219.55,0.850,-1,-1,-1
187,26,1016.99,407.81,30.94,122.80,0.519,-1,-1,-1
188,2,804.34,253.88,188.59,603.24,0.926,-1,-1,-1
188,5,8.04,412.77,133.56,633.49,-1.000,-1,-1,-1
188,6,668.68,331.72,139.53,346.07,0.896,-1,-1,-1
188,8,1152.25,280.20,192.87,523.35,0.926,-1,-1,-1
188,9,558.05,387.18,123.55,292.41,0.899,-1,-1,-1
188,14,1752.68,352.88,59.10,79.79,0.693,-1,-1,-1
188,20,953.71,321.00,73.19,350.75,0.734,-1,-1,-1
188,23,1042.30,378.50,79.22,220.08,0.844,-1,-1,-1
188,26,1017.79,406.80,31.03,122.40,0.606,-1,-1,-1
189,2,802.68,253.55,190.56,605.82,0.917,-1,-1,-1
189,5,60.16,412.26,127.89,606.25,-1.000,-1,-1,-1
189,6,667.28,329.60,139.95,347.80,0.896,-1,-1,-1
189,8,1154.81,278.94,193.22,526.65,0.927,-1,-1,-1
189,9,556.27,385.43,125.65,295.69,0.896,-1,-1,-1
189,14,1756.07,352.84,59.06,79.75,0.724,-1,-1,-1
189,20,954.94,320.86,72.24,349.89,0.757,-1,-1,-1
189,23,1042.26,377.51,79.33,220.10,0.863,-1,-1,-1
189,26,1018.38,406.77,30.97,121.80,0.612,-1,-1,-1
190,2,804.58,252.94,191.91,609.07,0.912,-1,-1,-1
190,5,112.27,411.75,122.22,579.01,-1.000,-1,-1,-1
190,6,664.95,327.36,140.91,350.55,0.898,-1,-1,-1
190,8,1156.43,278.64,193.35,529.73,0.924,-1,-1,-1
190,9,552.08,382.99,127.45,298.92,0.892,-1,-1,-1
190,14,1758.26,353.17,59.54,80.57,0.767,-1,-1,-1
190,20,955.41,320.77,71.99,352.10,0.744,-1,-1,-1
190,23,1041.54,376.72,79.30,218.87,0.864,-1,-1,-1
190,26,1018.44,406.68,31.35,122.83,0.492,-1,-1,-1
191,2,806.02,254.43,192.79,611.65,0.906,-1,-1,-1
191,5,164.39,411.24,116.55,551.76,-1.000,-1,-1,-1
191,6,664.70,326.49,141.95,354.40,0.901,-1,-1,-1
191,8,1156.83,280.17,193.21,532.58,0.924,-1,-1,-1
191,9,548.53,381.98,129.40,301.93,0.902,-1,-1,-1
191,14,1761.40,355.12,59.44,80.64,0.803,-1,-1,-1
191,20,956.02,321.96,72.02,354.40,0.616,-1,-1,-1
191,23,1040.55,376.95,79.68,218.74,0.839,-1,-1,-1
191,26,1018.94,407.16,31.93,124.56,0.314,-1,-1,-1
191,27,221.56,287.70,81.34,77.81,0.555,-1,-1,-1
192,2,806.27,258.54,193.20,612.10,0.896,-1,-1,-1
192,5,216.50,410.73,110.88,524.52,-1.000,-1,-1,-1
192,6,662.30,327.56,142.61,357.30,0.914,-1,-1,-1
192,8,1156.41,284.13,192.43,533.81,0.924,-1,-1,-1
192,9,543.90,381.72,131.32,304.85,0.909,-1,-1,-1
192,14,1763.23,358.16,59.45,80.90,0.795,-1,-1,-1
192,20,955.46,323.99,72.21,358.02,0.618,-1,-1,-1
192,23,1039.51,378.99,80.05,218.70,0.850,-1,-1,-1
192,26,1018.46,409.65,32.36,125.87,0.400,-1,-1,-1
192,27,219.84,289.46,81.59,78.05,0.518,-1,-1,-1
193,2,805.95,262.94,193.50,613.04,0.926,-1,-1,-1
193,5,268.62,410.23,105.21,497.28,-1.000,-1,-1,-1
193,6,658.86,328.31,143.74,361.29,0.905,-1,-1,-1
193,8,1153.90,286.16,191.69,535.85,0.924,-1,-1,-1
193,9,537.82,380.80,133.15,307.52,0.915,-1,-1,-1
193,14,1762.69,360.35,59.49,81.20,0.809,-1,-1,-1
193,20,953.46,325.56,71.83,358.73,0.601,-1,-1,-1
193,23,1037.73,379.97,80.61,219.81,0.852,-1,-1,-1
193,26,1016.70,411.03,32.70,126.69,0.550,-1,-1,-1
193,27,216.27,289.48,81.73,78.21,0.637,-1,-1,-1
194,2,806.57,268.13,193.86,614.87,0.926,-1,-1,-1
194,5,320.74,409.72,99.54,470.03,-1.000,-1,-1,-1
194,6,653.64,330.72,145.45,365.07,0.900,-1,-1,-1
194,8,1150.46,287.91,191.23,538.48,0.928,-1,-1,-1
194,9,530.18,380.95,135.07,311.26,0.906,-1,-1,-1
194,14,1761.98,363.55,59.41,81.20,0.799,-1,-1,-1
194,20,951.00,328.26,71.14,358.14,0.573,-1,-1,-1
194,23,1035.71,381.96,81.10,221.15,0.875,-1,-1,-1
194,26,1015.33,414.20,32.81,127.02,0.554,-1,-1,-1
194,27,212.08,290.44,82.44,78.92,0.538,-1,-1,-1
195,2,806.28,272.28,193.41,612.80,0.929,-1,-1,-1
195,5,372.85,409.21,93.87,442.79,-1.000,-1,-1,-1
195,6,647.36,333.77,146.85,368.19,0.903,-1,-1,-1
195,8,1146.73,290.78,190.05,538.88,0.928,-1,-1,-1
195,9,523.08,383.23,136.80,314.89,0.917,-1,-1,-1
195,14,1759.96,368.03,59.19,80.76,0.847,-1,-1,-1
195,20,948.54,332.66,70.41,357.25,0.446,-1,-1,-1
195,23,1033.43,385.10,81.18,221.77,0.877,-1,-1,-1
195,26,1012.50,418.58,32.70,125.82,0.525,-1,-1,-1
195,27,207.81,292.56,82.11,78.62,0.502,-1,-1,-1
196,2,805.17,273.80,193.26,611.48,0.922,-1,-1,-1
196,5,424.97,408.70,88.20,415.55,-1.000,-1,-1,-1
196,6,639.93,335.49,148.67,370.28,0.908,-1,-1,-1
196,8,1142.82,293.46,188.61,538.07,0.921,-1,-1,-1
196,9,514.17,383.69,138.67,319.06,0.921,-1,-1,-1
196,14,1757.67,369.99,59.09,80.38,0.836,-1,-1,-1
196,20,946.10,334.79,69.94,357.07,0.255,-1,-1,-1
196,23,1029.79,386.14,81.13,221.76,0.885,-1,-1,-1
196,26,1008.60,420.11,32.66,124.95,0.491,-1,-1,-1
196,27,202.99,292.71,82.08,78.60,0.479,-1,-1,-1
197,2,801.69,273.32,194.47,611.96,0.912,-1,-1,-1
197,5,477.08,408.19,82.53,388.30,-1.000,-1,-1,-1
197,6,631.69,336.42,150.56,372.93,0.908,-1,-1,-1
197,8,1138.28,293.68,187.88,539.12,0.910,-1,-1,-1
197,9,504.51,383.57,140.16,322.83,0.902,-1,-1,-1
197,14,1755.47,370.59,58.90,80.06,0.792,-1,-1,-1
197,20,947.86,335.06,61.93,315.59,0.240,-1,-1,-1
197,23,1026.62,387.04,80.81,221.10,0.880,-1,-1,-1
197,26,1004.56,420.32,32.67,123.90,0.525,-1,-1,-1
197,27,196.77,291.39,82.26,78.76,0.535,-1,-1,-1
198,2,801.28,274.61,194.37,610.06,0.918,-1,-1,-1
198,5,529.20,407.68,76.86,361.06,-1.000,-1,-1,-1
198,6,624.34,338.93,152.90,377.74,0.908,-1,-1,-1
198,8,1133.60,296.06,187.30,539.99,0.911,-1,-1,-1
198,9,495.97,385.81,142.39,327.86,0.920,-1,-1,-1
198,14,1752.69,373.65,59.24,80.58,0.814,-1,-1,-1
198,20,948.72,337.75,56.21,286.31,0.136,-1,-1,-1
198,23,1022.55,389.63,80.78,220.58,0.862,-1,-1,-1
198,26,1002.27,422.49,32.75,123.66,0.485,-1,-1,-1
198,27,191.12,292.41,82.57,79.08,0.456,-1,-1,-1
199,2,802.39,276.27,191.91,601.24,0.922,-1,-1,-1
199,5,581.32,407.17,71.19,333.81,-1.000,-1,-1,-1
199,6,613.68,341.02,155.67,382.61,0.910,-1,-1,-1
199,8,1128.04,298.98,186.85,540.47,0.917,-1,-1,-1
199,9,486.52,388.96,143.22,329.86,0.903,-1,-1,-1
199,14,1749.32,376.57,59.99,81.36,0.794,-1,-1,-1
199,20,947.90,340.85,51.83,263.71,0.156,-1,-1,-1
199,23,1018.67,393.05,80.78,220.29,0.873,-1,-1,-1
199,26,998.98,425.86,32.63,122.52,0.618,-1,-1,-1
199,27,185.00,293.01,82.84,79.34,0.397,-1,-1,-1
200,2,800.61,277.61,190.43,594.53,0.925,-1,-1,-1
200,5,633.43,406.66,65.52,306.57,-1.000,-1,-1,-1
200,6,604.47,341.85,157.81,387.52,0.900,-1,-1,-1
200,8,1121.74,301.84,186.09,539.19,0.923,-1,-1,-1
200,9,476.82,393.20,143.75,331.24,0.931,-1,-1,-1
200,14,1744.77,380.16,60.41,81.58,0.761,-1,-1,-1
200,20,946.40,344.97,48.35,246.17,0.347,-1,-1,-1
200,23,1014.28,397.30,80.49,219.43,0.835,-1,-1,-1
200,26,993.71,427.70,33.11,123.18,0.655,-1,-1,-1
200,27,177.93,293.97,82.95,79.44,0.353,-1,-1,-1
201,2,797.70,280.21,189.88,591.35,0.923,-1,-1,-1
201,5,685.55,406.15,59.85,279.33,-1.000,-1,-1,-1
201,6,591.81,341.94,160.23,391.91,0.918,-1,-1,-1
201,8,1115.53,303.96,184.51,533.79,0.927,-1,-1,-1
201,9,465.36,395.59,144.71,333.72,0.924,-1,-1,-1
201,14,1740.09,382.33,60.69,81.82,0.735,-1,-1,-1
201,20,941.88,347.35,46.48,236.16,0.108,-1,-1,-1
201,23,1008.65,400.03,80.64,219.60,0.865,-1,-1,-1
201,26,989.04,430.25,33.23,122.64,0.676,-1,-1,-1
201,27,169.52,294.50,83.34,79.86,0.463,-1,-1,-1
202,2,795.44,281.76,190.39,592.86,0.920,-1,-1,-1
202,5,737.66,405.65,54.18,252.08,0.615,-1,-1,-1
202,6,581.71,341.77,161.87,396.05,0.904,-1,-1,-1
202,8,1110.75,304.69,184.69,532.15,0.929,-1,-1,-1
202,9,455.15,397.85,146.54,338.30,0.915,-1,-1,-1
202,14,1735.38,384.04,60.84,81.99,0.773,-1,-1,-1
202,20,942.62,348.05,46.97,238.63,-1.000,-1,-1,-1
202,23,1005.65,403.17,80.19,218.29,0.884,-1,-1,-1
202,26,985.24,432.22,33.24,122.43,0.719,-1,-1,-1
202,27,162.22,295.57,83.78,80.29,0.463,-1,-1,-1
203,2,794.30,283.39,190.91,595.77,0.912,-1,-1,-1
203,5,767.59,400.91,52.92,240.18,0.836,-1,-1,-1
203,6,572.90,341.00,163.48,400.26,0.909,-1,-1,-1
203,8,1106.80,305.81,185.55,533.02,0.931,-1,-1,-1
203,9,445.06,398.79,148.80,343.39,0.898,-1,-1,-1
203,14,1732.02,384.82,60.89,81.85,0.788,-1,-1,-1
203,20,943.36,348.76,47.46,241.11,-1.000,-1,-1,-1
203,23,1003.01,405.18,80.20,218.30,0.885,-1,-1,-1
203,26,982.88,433.25,33.53,123.10,0.719,-1,-1,-1
203,27,156.66,297.30,83.75,80.30,0.554,-1,-1,-1
203,28,700.40,406.51,57.21,157.56,0.556,-1,-1,-1
204,2,796.02,284.45,190.33,598.03,0.907,-1,-1,-1
204,5,770.93,399.15,54.37,241.48,-1.000,-1,-1,-1
204,6,564.84,339.62,165.03,404.46,0.906,-1,-1,-1
204,8,1104.22,306.97,186.50,534.37,0.931,-1,-1,-1
204,9,434.84,398.13,150.92,348.40,0.912,-1,-1,-1
204,14,1729.70,385.90,61.30,81.95,0.804,-1,-1,-1
204,20,944.10,349.46,47.95,243.59,-1.000,-1,-1,-1
204,23,1001.28,407.23,80.07,218.00,0.877,-1,-1,-1
204,26,981.56,433.89,33.68,123.44,0.652,-1,-1,-1
204,27,152.34,298.59,83.84,80.34,0.492,-1,-1,-1
204,28,693.37,408.14,61.56,169.74,0.683,-1,-1,-1
205,2,798.04,285.10,189.15,599.51,0.905,-1,-1,-1
205,5,774.27,397.40,55.82,242.79,0.864,-1,-1,-1
205,6,557.75,337.85,166.22,407.51,0.906,-1,-1,-1
205,8,1102.35,306.42,187.97,536.70,0.933,-1,-1,-1
205,9,426.24,396.85,152.55,352.56,0.913,-1,-1,-1
205,14,1729.73,385.94,61.32,82.03,0.820,-1,-1,-1
205,20,944.84,350.16,48.44,246.07,-1.000,-1,-1,-1
205,23,1000.04,407.25,80.36,218.82,0.871,-1,-1,-1
205,26,979.85,433.97,33.67,123.04,0.662,-1,-1,-1
205,27,148.16,298.85,84.45,80.94,0.497,-1,-1,-1
205,28,689.70,409.73,61.65,170.34,0.835,-1,-1,-1
206,2,800.02,286.48,187.71,601.01,0.907,-1,-1,-1
206,5,771.33,394.50,59.15,248.82,0.867,-1,-1,-1
206,6,552.60,336.06,167.45,410.67,0.904,-1,-1,-1
206,8,1100.77,305.82,189.68,539.14,0.934,-1,-1,-1
206,9,417.40,395.46,153.90,355.77,0.905,-1,-1,-1
206,14,1730.29,386.09,61.42,82.23,0.813,-1,-1,-1
206,20,945.58,350.87,48.93,248.55,-1.000,-1,-1,-1
206,23,999.63,407.33,80.64,219.57,0.878,-1,-1,-1
206,26,978.93,434.11,33.71,122.79,0.662,-1,-1,-1
206,27,144.87,299.29,84.96,81.47,0.466,-1,-1,-1
206,28,685.95,411.17,61.55,170.43,0.766,-1,-1,-1
207,2,801.69,288.15,185.82,601.34,0.907,-1,-1,-1
207,5,769.28,393.17,61.64,251.46,0.850,-1,-1,-1
207,6,546.40,334.57,168.89,413.00,0.900,-1,-1,-1
207,8,1100.08,306.13,191.36,540.55,0.934,-1,-1,-1
207,9,409.92,393.51,154.62,358.08,0.916,-1,-1,-1
207,14,1731.10,385.93,61.35,82.24,0.826,-1,-1,-1
207,20,946.33,351.57,49.42,251.03,-1.000,-1,-1,-1
207,23,999.22,406.72,80.98,220.41,0.876,-1,-1,-1
207,26,978.16,434.14,33.97,123.14,0.661,-1,-1,-1
207,27,141.88,299.25,85.36,81.87,0.352,-1,-1,-1
207,28,679.77,412.00,64.99,180.29,0.491,-1,-1,-1
208,2,802.88,289.26,183.92,601.49,0.906,-1,-1,-1
208,5,765.91,392.39,63.64,253.25,0.858,-1,-1,-1
208,6,538.38,331.64,171.64,416.56,0.906,-1,-1,-1
208,8,1099.76,305.71,193.24,542.41,0.935,-1,-1,-1
208,9,402.53,391.23,155.52,360.89,0.914,-1,-1,-1
208,14,1732.24,385.37,61.36,82.43,0.826,-1,-1,-1
208,20,947.07,352.28,49.91,253.51,-1.000,-1,-1,-1
208,23,998.71,405.19,80.97,220.39,0.875,-1,-1,-1
208,26,977.60,433.85,34.17,123.47,0.625,-1,-1,-1
208,27,138.91,298.76,85.42,81.95,0.402,-1,-1,-1
208,28,671.07,412.22,71.50,199.13,0.671,-1,-1,-1
209,2,802.99,291.07,181.93,600.80,0.911,-1,-1,-1
209,5,762.01,392.94,65.29,254.92,0.867,-1,-1,-1
209,6,532.98,329.68,175.07,422.60,0.908,-1,-1,-1
209,8,1099.74,306.17,195.22,544.25,0.936,-1,-1,-1
209,9,395.51,389.32,156.73,364.89,0.913,-1,-1,-1
209,14,1733.43,385.15,61.47,82.82,0.821,-1,-1,-1
209,20,947.81,352.98,50.40,255.99,-1.000,-1,-1,-1
209,23,998.47,404.32,80.66,219.28,0.871,-1,-1,-1
209,26,977.18,434.13,34.38,123.70,0.613,-1,-1,-1
209,27,136.34,299.11,85.86,82.38,0.400,-1,-1,-1
209,28,665.00,413.19,74.44,208.09,0.687,-1,-1,-1
210,2,801.90,293.24,180.32,600.46,0.909,-1,-1,-1
210,5,757.80,394.33,66.93,258.31,0.878,-1,-1,-1
210,6,524.67,328.89,179.63,430.47,0.910,-1,-1,-1
210,8,1099.44,307.24,197.16,546.44,0.936,-1,-1,-1
210,9,387.93,387.93,157.64,368.41,0.909,-1,-1,-1
210,14,1734.96,386.09,61.00,82.34,0.827,-1,-1,-1
210,20,948.55,353.69,50.89,258.47,-1.000,-1,-1,-1
210,23,997.67,404.14,80.60,218.58,0.877,-1,-1,-1
210,26,976.81,434.87,34.20,123.15,0.528,-1,-1,-1
210,27,133.94,299.80,85.74,82.34,0.590,-1,-1,-1
210,28,658.88,413.68,76.90,215.86,0.645,-1,-1,-1
211,2,798.94,294.53,179.12,600.40,0.904,-1,-1,-1
211,5,753.34,395.73,67.77,259.99,0.863,-1,-1,-1
211,6,519.93,329.28,183.33,436.97,0.885,-1,-1,-1
211,8,1099.62,309.60,198.56,547.30,0.934,-1,-1,-1
211,9,380.64,387.63,158.26,371.52,0.914,-1,-1,-1
211,14,1736.28,386.12,61.11,82.57,0.751,-1,-1,-1
211,20,949.29,354.39,51.38,260.95,-1.000,-1,-1,-1
211,23,997.57,403.90,80.59,218.75,0.865,-1,-1,-1
211,26,976.52,435.44,34.30,123.56,0.616,-1,-1,-1
211,27,130.93,299.85,86.06,82.65,0.478,-1,-1,-1
211,28,653.49,413.13,78.93,222.81,0.716,-1,-1,-1
212,2,795.39,292.98,178.92,601.75,0.895,-1,-1,-1
212,5,749.84,396.72,68.13,260.75,0.839,-1,-1,-1
212,6,513.68,329.39,187.17,441.89,0.897,-1,-1,-1
212,8,1099.72,311.31,200.18,549.18,0.926,-1,-1,-1
212,9,372.88,387.33,160.13,378.14,0.910,-1,-1,-1
212,14,1738.30,387.34,60.26,81.56,0.789,-1,-1,-1
212,20,950.03,355.10,51.87,263.43,-1.000,-1,-1,-1
212,23,998.13,403.69,80.36,218.64,0.844,-1,-1,-1
212,26,975.41,435.61,34.67,124.69,0.361,-1,-1,-1
212,27,128.32,299.57,85.95,82.53,0.468,-1,-1,-1
212,28,648.95,409.75,80.68,229.52,0.754,-1,-1,-1
213,2,791.12,293.07,178.59,600.84,0.903,-1,-1,-1
213,5,746.32,397.95,68.64,262.51,0.832,-1,-1,-1
213,6,508.93,329.91,190.94,448.39,0.897,-1,-1,-1
213,8,1099.25,313.10,201.38,550.32,0.922,-1,-1,-1
213,9,364.50,387.66,162.15,384.62,0.907,-1,-1,-1
213,14,1740.27,389.75,60.44,81.99,0.779,-1,-1,-1
213,20,950.77,355.80,52.36,265.91,-1.000,-1,-1,-1
213,23,997.68,404.31,80.54,219.67,0.842,-1,-1,-1
213,26,974.11,436.83,34.78,124.93,0.491,-1,-1,-1
213,27,125.67,299.03,85.88,82.43,0.285,-1,-1,-1
213,28,645.23,410.14,80.75,230.39,0.582,-1,-1,-1
214,2,789.58,297.16,176.58,591.83,0.896,-1,-1,-1
214,5,744.99,402.68,68.76,263.29,0.816,-1,-1,-1
214,6,505.49,333.58,193.83,452.62,0.894,-1,-1,-1
214,8,1101.76,316.88,201.38,549.03,0.922,-1,-1,-1
214,9,358.07,392.78,163.69,390.13,0.903,-1,-1,-1
214,14,1743.23,393.12,59.63,81.17,0.714,-1,-1,-1
214,20,951.52,356.51,52.85,268.38,-1.000,-1,-1,-1
214,23,999.17,409.56,79.81,218.64,0.823,-1,-1,-1
214,26,974.68,440.50,34.65,124.38,0.265,-1,-1,-1
214,27,125.29,302.15,85.86,82.35,0.351,-1,-1,-1
214,28,644.52,412.65,79.80,227.81,0.630,-1,-1,-1
215,2,788.39,292.95,176.24,587.41,0.893,-1,-1,-1
215,5,744.39,400.99,68.91,264.63,0.779,-1,-1,-1
215,6,501.61,331.51,197.37,458.76,0.899,-1,-1,-1
215,8,1105.01,315.07,201.71,549.86,0.927,-1,-1,-1
215,9,353.34,392.94,166.01,397.77,0.905,-1,-1,-1
215,14,1746.77,391.16,59.54,81.29,0.729,-1,-1,-1
215,20,952.26,357.21,53.34,270.86,-1.000,-1,-1,-1
215,23,1001.01,407.51,79.78,219.24,0.843,-1,-1,-1
215,26,976.18,438.64,34.78,124.76,0.591,-1,-1,-1
215,27,125.79,299.84,85.93,82.40,0.384,-1,-1,-1
215,28,643.91,410.39,79.07,225.89,0.615,-1,-1,-1
216,2,789.19,293.02,176.77,585.26,0.910,-1,-1,-1
216,5,744.61,401.77,69.00,266.07,0.840,-1,-1,-1
216,6,497.03,330.48,201.10,465.41,0.892,-1,-1,-1
216,8,1110.14,315.44,202.01,551.67,0.920,-1,-1,-1
216,9,351.03,394.80,166.50,400.71,0.908,-1,-1,-1
216,14,1752.16,392.54,59.77,81.65,0.769,-1,-1,-1
216,20,953.00,357.92,53.83,273.34,-1.000,-1,-1,-1
216,23,1003.29,408.97,79.73,218.99,0.876,-1,-1,-1
216,26,979.47,439.89,34.63,124.06,0.582,-1,-1,-1
216,27,128.21,299.12,86.29,82.74,0.206,-1,-1,-1
216,28,644.15,409.24,78.41,224.37,0.622,-1,-1,-1
217,2,787.41,291.09,183.36,605.77,0.885,-1,-1,-1
217,5,746.08,400.78,69.30,268.10,0.826,-1,-1,-1
217,6,492.34,328.35,204.77,472.75,0.910,-1,-1,-1
217,8,1115.79,315.10,202.37,553.91,0.920,-1,-1,-1
217,9,349.63,395.68,167.25,404.03,0.912,-1,-1,-1
217,14,1756.62,393.07,60.76,82.93,0.752,-1,-1,-1
217,20,953.74,358.62,54.32,275.82,-1.000,-1,-1,-1
217,23,1006.88,410.54,79.61,218.23,0.877,-1,-1,-1
217,26,983.15,440.43,34.59,123.92,0.560,-1,-1,-1
217,27,131.07,298.26,86.84,83.35,0.405,-1,-1,-1
217,28,644.80,408.72,77.73,222.73,0.495,-1,-1,-1
218,2,791.63,292.21,182.00,597.34,0.913,-1,-1,-1
218,5,748.76,400.38,69.78,270.59,0.826,-1,-1,-1
218,6,490.36,326.44,207.53,479.21,0.913,-1,-1,-1
218,8,1123.09,315.67,201.22,552.20,0.923,-1,-1,-1
218,9,347.08,396.09,167.23,406.63,0.896,-1,-1,-1
218,14,1764.11,394.18,61.28,83.67,0.770,-1,-1,-1
218,20,954.48,359.33,54.81,278.30,-1.000,-1,-1,-1
218,23,1011.33,413.11,79.36,217.41,0.851,-1,-1,-1
218,26,988.75,441.39,34.65,124.31,0.544,-1,-1,-1
218,27,134.80,298.07,87.36,83.87,0.323,-1,-1,-1
218,28,649.13,408.65,75.06,215.72,0.694,-1,-1,-1
219,2,795.52,294.01,182.57,594.73,0.914,-1,-1,-1
219,5,752.37,400.31,70.74,273.23,0.851,-1,-1,-1
219,6,489.87,323.88,209.71,485.70,0.915,-1,-1,-1
219,8,1130.87,315.27,199.43,548.13,0.928,-1,-1,-1
219,9,346.17,395.67,168.22,412.09,0.896,-1,-1,-1
219,14,1773.16,395.49,61.57,84.23,0.782,-1,-1,-1
219,20,955.22,360.03,55.30,280.78,-1.000,-1,-1,-1
219,23,1017.15,415.15,79.13,217.15,0.834,-1,-1,-1
219,26,994.14,442.75,34.64,124.47,0.510,-1,-1,-1
219,27,139.56,298.85,87.35,83.93,0.363,-1,-1,-1
219,28,655.00,410.40,72.44,209.23,0.714,-1,-1,-1
220,2,799.91,295.92,183.37,594.16,0.920,-1,-1,-1
220,5,754.94,399.49,71.55,275.28,0.862,-1,-1,-1
220,6,490.82,319.89,211.35,492.32,0.909,-1,-1,-1
220,8,1138.10,315.12,198.35,545.48,0.930,-1,-1,-1
220,9,350.05,394.01,170.10,416.30,0.900,-1,-1,-1
220,14,1780.14,395.64,62.33,85.03,0.750,-1,-1,-1
220,20,955.96,360.74,55.79,283.26,-1.000,-1,-1,-1
220,23,1022.11,416.08,79.08,216.61,0.838,-1,-1,-1
220,26,1000.25,443.35,34.41,124.19,0.587,-1,-1,-1
220,27,144.36,298.81,87.41,84.09,0.572,-1,-1,-1
220,28,660.09,410.50,70.90,205.96,0.769,-1,-1,-1
221,2,804.90,297.79,184.02,594.17,0.922,-1,-1,-1
221,5,757.99,397.86,72.67,277.82,0.869,-1,-1,-1
221,6,492.61,315.79,212.93,499.86,0.905,-1,-1,-1
221,8,1145.98,315.20,198.43,546.96,0.928,-1,-1,-1
221,9,351.72,391.13,172.80,422.33,0.915,-1,-1,-1
221,14,1789.31,396.55,62.78,85.83,0.808,-1,-1,-1
221,20,956.71,361.44,56.28,285.74,-1.000,-1,-1,-1
221,23,1026.88,417.22,79.39,217.75,0.865,-1,-1,-1
221,26,1005.10,443.81,34.28,123.34,0.583,-1,-1,-1
221,27,149.71,298.62,86.70,83.32,0.445,-1,-1,-1
221,28,664.96,411.33,70.26,204.25,0.725,-1,-1,-1
222,2,811.39,300.36,184.12,593.67,0.922,-1,-1,-1
222,5,761.63,397.37,74.13,279.99,0.862,-1,-1,-1
222,6,495.17,312.06,213.59,505.92,0.905,-1,-1,-1
222,8,1153.02,316.21,198.60,548.64,0.930,-1,-1,-1
222,9,351.96,388.90,175.02,427.10,0.917,-1,-1,-1
222,14,1799.48,397.73,62.68,85.85,0.821,-1,-1,-1
222,20,957.45,362.15,56.77,288.22,0.517,-1,-1,-1
222,23,1031.08,419.04,78.83,216.34,0.872,-1,-1,-1
222,26,1011.56,444.40,33.55,121.12,0.245,-1,-1,-1
222,27,155.18,298.68,86.63,83.36,0.465,-1,-1,-1
222,28,669.52,412.71,69.78,202.70,0.761,-1,-1,-1
223,2,817.32,301.94,183.84,592.14,0.897,-1,-1,-1
223,5,763.87,396.03,75.65,281.51,0.846,-1,-1,-1
223,6,494.28,309.42,213.96,509.68,0.906,-1,-1,-1
223,8,1158.68,312.35,199.70,554.50,0.927,-1,-1,-1
223,9,350.75,385.35,177.25,432.53,0.905,-1,-1,-1
223,14,1807.77,397.24,63.05,86.46,0.763,-1,-1,-1
223,20,962.83,361.47,58.53,294.34,0.644,-1,-1,-1
223,23,1035.04,419.01,78.51,215.98,0.861,-1,-1,-1
223,26,1014.60,444.16,33.95,121.69,0.426,-1,-1,-1
223,27,159.74,298.74,86.52,83.32,0.348,-1,-1,-1
223,28,672.18,412.81,69.81,202.02,0.739,-1,-1,-1
224,2,824.75,304.64,184.30,592.87,0.905,-1,-1,-1
224,5,765.07,395.85,77.28,283.18,0.868,-1,-1,-1
224,6,492.80,305.43,215.36,515.37,0.903,-1,-1,-1
224,8,1164.55,312.55,199.33,556.26,0.925,-1,-1,-1
224,9,348.65,382.21,178.95,437.45,0.906,-1,-1,-1
224,14,1816.35,397.37,63.35,87.11,0.830,-1,-1,-1
224,20,967.43,360.93,59.84,298.65,0.608,-1,-1,-1
224,23,1037.74,418.84,78.52,216.17,0.830,-1,-1,-1
224,26,1020.64,444.09,33.70,121.01,0.132,-1,-1,-1
224,27,164.16,298.78,86.48,83.35,0.521,-1,-1,-1
224,28,674.03,412.14,70.21,203.37,0.725,-1,-1,-1
225,2,831.57,306.67,184.27,592.50,0.884,-1,-1,-1
225,5,765.98,395.38,79.21,285.23,0.878,-1,-1,-1
225,6,489.86,301.81,217.00,520.64,0.924,-1,-1,-1
225,8,1169.83,310.57,199.51,560.42,0.924,-1,-1,-1
225,9,341.78,378.69,179.52,441.89,0.901,-1,-1,-1
225,14,1824.24,398.41,63.26,87.00,0.804,-1,-1,-1
225,20,972.02,360.11,60.86,304.64,0.408,-1,-1,-1
225,23,1039.65,418.05,79.06,217.71,0.862,-1,-1,-1
225,26,1025.50,443.64,33.70,121.52,0.121,-1,-1,-1
225,27,168.17,297.75,86.60,83.56,0.428,-1,-1,-1
225,28,675.37,410.45,71.33,206.62,0.769,-1,-1,-1
226,2,837.80,305.81,183.48,589.95,0.906,-1,-1,-1
226,5,766.03,395.88,80.99,285.50,0.886,-1,-1,-1
226,6,485.34,299.12,220.79,531.14,0.922,-1,-1,-1
226,8,1173.73,309.03,199.77,564.78,0.932,-1,-1,-1
226,9,335.95,375.22,180.45,445.69,0.913,-1,-1,-1
226,14,1830.40,398.91,63.48,87.30,0.802,-1,-1,-1
226,20,975.80,359.16,61.45,308.65,0.319,-1,-1,-1
226,23,1042.00,417.02,79.70,219.43,0.861,-1,-1,-1
226,26,1027.48,441.11,37.39,132.96,-1.000,-1,-1,-1
226,27,170.98,296.94,85.97,82.99,0.440,-1,-1,-1
226,28,674.04,409.32,72.33,210.33,0.808,-1,-1,-1
227,2,842.52,305.98,183.43,589.67,0.911,-1,-1,-1
227,5,764.24,396.94,83.38,286.60,0.900,-1,-1,-1
227,6,484.28,297.33,223.78,541.87,0.917,-1,-1,-1
227,8,1176.94,308.98,199.61,567.78,0.924,-1,-1,-1
227,9,331.01,372.84,182.17,451.55,0.917,-1,-1,-1
227,14,1835.83,399.64,63.81,87.88,0.820,-1,-1,-1
227,20,979.72,359.35,61.73,310.85,0.321,-1,-1,-1
227,23,1043.55,416.10,79.88,219.44,0.867,-1,-1,-1
227,26,1029.45,438.57,41.08,144.41,-1.000,-1,-1,-1
227,27,172.64,296.67,85.53,82.59,0.393,-1,-1,-1
227,28,672.37,408.68,73.70,214.38,0.758,-1,-1,-1
228,2,845.19,304.02,183.84,590.57,0.914,-1,-1,-1
228,5,762.11,397.55,86.11,287.93,0.902,-1,-1,-1
228,6,481.20,294.42,225.84,550.13,0.919,-1,-1,-1
228,8,1179.01,309.30,199.32,570.19,0.915,-1,-1,-1
228,9,322.52,370.43,185.12,461.58,0.915,-1,-1,-1
228,14,1839.78,400.07,64.01,88.17,0.818,-1,-1,-1
228,20,981.36,358.54,62.02,313.75,0.303,-1,-1,-1
228,23,1044.46,415.33,79.89,218.97,0.866,-1,-1,-1
228,26,1031.43,436.04,44.77,155.85,-1.000,-1,-1,-1
228,27,172.66,295.29,85.09,82.18,0.575,-1,-1,-1
228,28,669.07,407.22,75.05,217.61,0.766,-1,-1,-1
229,2,849.52,302.36,182.83,585.63,0.907,-1,-1,-1
229,5,759.75,398.41,89.21,291.57,0.901,-1,-1,-1
229,6,474.95,294.16,228.03,556.81,0.920,-1,-1,-1
229,8,1180.53,311.63,198.79,571.22,0.918,-1,-1,-1
229,9,314.51,370.50,187.42,470.34,0.910,-1,-1,-1
229,14,1844.34,401.42,63.68,87.71,0.761,-1,-1,-1
229,20,983.93,358.27,62.58,317.58,0.118,-1,-1,-1
229,23,1045.57,415.56,80.16,218.60,0.856,-1,-1,-1
229,26,1033.41,433.50,48.45,167.29,-1.000,-1,-1,-1
229,27,172.31,294.96,85.39,82.58,0.625,-1,-1,-1
229,28,664.24,406.09,79.11,227.91,0.790,-1,-1,-1
230,2,853.71,301.88,181.71,580.02,0.912,-1,-1,-1
230,5,756.89,399.42,92.10,294.96,0.896,-1,-1,-1
230,6,468.86,294.59,230.76,564.85,0.915,-1,-1,-1
230,8,1181.08,312.69,199.05,574.57,0.916,-1,-1,-1
230,9,305.60,371.29,188.09,475.01,0.904,-1,-1,-1
230,14,1848.18,403.61,64.00,88.08,0.786,-1,-1,-1
230,20,986.62,358.71,63.23,322.88,0.242,-1,-1,-1
230,23,1047.57,415.85,80.12,219.25,0.863,-1,-1,-1
230,26,1035.39,430.96,52.14,178.74,-1.000,-1,-1,-1
230,27,172.41,295.56,85.37,82.59,0.622,-1,-1,-1
230,28,660.14,404.10,83.96,241.43,0.815,-1,-1,-1
231,2,856.03,300.80,181.13,576.48,0.912,-1,-1,-1
231,5,752.59,399.33,94.98,298.84,0.898,-1,-1,-1
231,6,456.41,292.08,235.11,574.74,0.909,-1,-1,-1
231,8,1179.98,313.44,198.88,576.30,0.915,-1,-1,-1
231,9,293.60,369.30,189.93,481.64,0.887,-1,-1,-1
231,14,1850.49,405.60,64.39,88.58,0.772,-1,-1,-1
231,20,987.31,357.83,63.29,324.92,0.200,-1,-1,-1
231,23,1046.76,415.74,79.92,219.96,0.876,-1,-1,-1
231,26,1037.36,428.43,55.83,190.18,-1.000,-1,-1,-1
231,27,170.79,294.47,86.19,83.53,0.586,-1,-1,-1
231,28,653.16,402.89,88.68,254.57,0.810,-1,-1,-1
232,2,856.05,301.05,181.78,576.95,0.919,-1,-1,-1
232,5,746.30,399.47,97.62,303.19,0.880,-1,-1,-1
232,6,444.13,289.17,240.26,589.34,0.915,-1,-1,-1
232,8,1177.14,315.06,198.13,576.49,0.921,-1,-1,-1
232,9,280.86,368.30,192.45,491.66,0.899,-1,-1,-1
232,14,1850.33,407.72,65.22,89.71,0.830,-1,-1,-1
232,20,989.44,375.63,62.75,325.25,0.100,-1,-1,-1
232,23,1042.81,417.23,80.22,220.14,0.829,-1,-1,-1
232,26,1039.34,425.89,59.52,201.62,-1.000,-1,-1,-1
232,27,167.62,294.43,86.61,84.03,0.485,-1,-1,-1
232,28,645.54,402.11,93.66,268.81,0.837,-1,-1,-1
233,2,854.50,302.14,182.45,579.19,0.914,-1,-1,-1
233,5,738.10,400.04,100.41,307.45,0.893,-1,-1,-1
233,6,423.69,287.34,245.71,601.30,0.913,-1,-1,-1
233,8,1173.65,316.57,197.98,577.83,0.921,-1,-1,-1
233,9,266.12,368.77,195.12,502.18,0.894,-1,-1,-1
233,14,1849.55,411.67,64.68,88.79,0.809,-1,-1,-1
233,20,987.66,371.66,63.88,332.96,0.245,-1,-1,-1
233,23,1037.34,419.30,80.78,220.05,-1.000,-1,-1,-1
233,26,1041.32,423.36,63.20,213.07,0.808,-1,-1,-1
233,27,163.29,294.85,86.43,83.88,0.563,-1,-1,-1
233,28,635.50,403.79,97.28,278.85,0.861,-1,-1,-1
234,2,853.10,304.05,182.88,581.62,0.915,-1,-1,-1
234,5,729.92,399.11,102.56,309.73,0.895,-1,-1,-1
234,6,403.37,284.18,250.85,612.12,0.924,-1,-1,-1
234,8,1169.30,317.35,197.93,578.75,0.921,-1,-1,-1
234,9,250.03,368.10,197.81,512.00,0.905,-1,-1,-1
234,14,1848.08,413.39,65.07,89.24,0.828,-1,-1,-1
234,20,985.46,366.92,67.26,355.13,0.437,-1,-1,-1
234,23,1031.87,421.36,81.35,219.97,0.870,-1,-1,-1
234,26,1038.62,422.73,66.17,216.79,-1.000,-1,-1,-1
234,27,157.67,294.69,86.37,83.94,0.564,-1,-1,-1
234,28,625.44,405.60,101.77,292.60,0.880,-1,-1,-1
235,2,852.64,305.07,183.13,584.03,0.907,-1,-1,-1
235,5,724.50,396.10,104.52,312.93,0.897,-1,-1,-1
235,6,387.62,279.73,254.65,620.52,0.919,-1,-1,-1
235,8,1165.99,316.32,198.37,580.53,0.924,-1,-1,-1
235,9,233.78,364.58,201.84,525.17,0.901,-1,-1,-1
235,14,1847.89,414.17,65.03,89.27,0.835,-1,-1,-1
235,20,983.27,363.08,68.50,367.43,0.570,-1,-1,-1
235,23,1029.47,422.42,81.72,220.05,-1.000,-1,-1,-1
235,26,1035.92,422.10,69.13,220.51,0.876,-1,-1,-1
235,27,153.39,292.83,86.13,83.65,0.480,-1,-1,-1
235,28,618.11,401.19,105.16,303.78,0.863,-1,-1,-1
236,2,852.69,308.05,182.59,584.48,0.907,-1,-1,-1
236,5,719.25,394.37,106.86,317.78,0.897,-1,-1,-1
236,6,383.05,275.46,256.50,630.96,0.917,-1,-1,-1
236,8,1164.16,318.24,198.17,580.09,0.921,-1,-1,-1
236,9,216.77,362.12,204.94,535.03,0.910,-1,-1,-1
236,14,1848.55,416.39,64.92,89.14,0.818,-1,-1,-1
236,20,982.77,362.43,68.86,373.26,0.487,-1,-1,-1
236,23,1027.06,423.49,82.10,220.14,0.876,-1,-1,-1
236,27,150.58,292.62,85.84,83.17,0.633,-1,-1,-1
236,28,612.15,402.64,106.27,308.26,0.875,-1,-1,-1
237,2,851.92,311.00,182.10,586.15,0.903,-1,-1,-1
237,5,714.80,392.43,108.27,320.56,0.888,-1,-1,-1
237,6,370.11,271.14,259.20,640.90,0.915,-1,-1,-1
237,8,1160.59,320.07,197.27,575.25,0.927,-1,-1,-1
237,9,201.68,360.20,207.16,543.26,0.904,-1,-1,-1
237,14,1848.22,418.80,64.92,89.18,0.807,-1,-1,-1
237,20,980.86,363.02,69.48,379.04,0.341,-1,-1,-1
237,23,1024.63,425.24,82.45,219.95,0.877,-1,-1,-1
237,27,146.76,292.05,86.29,83.62,0.668,-1,-1,-1
237,28,606.81,405.00,106.36,309.85,0.891,-1,-1,-1
238,2,851.37,314.54,181.28,587.10,0.905,-1,-1,-1
238,5,709.70,391.08,109.83,323.48,0.890,-1,-1,-1
238,6,349.65,267.51,263.25,650.16,0.901,-1,-1,-1
238,8,1157.49,321.62,196.58,570.19,0.928,-1,-1,-1
238,9,186.30,357.35,209.53,551.04,0.910,-1,-1,-1
238,14,1847.19,420.36,64.94,89.25,0.802,-1,-1,-1
238,20,978.74,363.00,69.62,381.45,0.151,-1,-1,-1
238,23,1022.01,427.49,82.53,219.76,0.853,-1,-1,-1
238,27,142.68,292.25,86.48,83.82,0.564,-1,-1,-1
238,28,600.50,405.41,106.58,312.69,0.891,-1,-1,-1
239,2,848.68,319.10,180.30,587.25,0.899,-1,-1,-1
239,5,704.17,390.83,111.61,327.35,0.903,-1,-1,-1
239,6,331.84,262.46,267.83,660.73,0.916,-1,-1,-1
239,8,1152.99,321.61,198.07,570.75,0.927,-1,-1,-1
239,9,168.23,352.14,212.79,561.74,0.902,-1,-1,-1
239,14,1844.69,421.89,65.12,89.43,0.811,-1,-1,-1
239,20,976.01,364.56,68.94,379.49,0.567,-1,-1,-1
239,23,1019.78,429.20,82.61,219.70,0.845,-1,-1,-1
239,27,136.98,292.40,86.77,84.21,0.558,-1,-1,-1
239,28,592.39,406.53,107.31,316.22,0.890,-1,-1,-1
240,2,843.77,322.54,179.87,588.52,0.878,-1,-1,-1
240,5,698.16,391.04,112.66,329.33,0.910,-1,-1,-1
240,6,319.22,258.27,271.22,668.77,0.912,-1,-1,-1
240,8,1145.97,324.18,199.23,571.19,0.932,-1,-1,-1
240,9,148.76,347.41,215.76,572.06,0.881,-1,-1,-1
240,14,1841.07,423.93,65.84,90.40,0.812,-1,-1,-1
240,20,973.75,366.36,67.87,376.02,0.642,-1,-1,-1
240,23,1016.92,431.35,83.19,221.45,0.838,-1,-1,-1
240,27,130.70,292.42,86.58,83.96,0.509,-1,-1,-1
240,28,583.24,407.25,107.53,317.87,0.891,-1,-1,-1
241,2,838.85,325.21,178.75,586.95,0.878,-1,-1,-1
241,5,691.61,391.47,114.07,332.31,0.914,-1,-1,-1
241,6,298.92,253.43,276.33,677.80,0.919,-1,-1,-1
241,8,1139.70,325.16,201.06,572.94,0.935,-1,-1,-1
241,9,133.85,343.28,217.97,579.31,0.881,-1,-1,-1
241,14,1837.48,426.08,65.80,90.20,0.843,-1,-1,-1
241,20,969.14,367.39,66.60,372.60,0.637,-1,-1,-1
241,23,1015.28,433.74,82.50,220.56,0.814,-1,-1,-1
241,27,124.14,292.20,86.92,84.26,0.445,-1,-1,-1
241,28,573.35,407.09,108.15,320.70,0.894,-1,-1,-1
242,2,830.72,325.31,177.93,587.06,0.919,-1,-1,-1
242,5,684.27,391.88,115.81,336.96,0.934,-1,-1,-1
242,6,278.14,248.99,284.47,693.49,0.911,-1,-1,-1
242,8,1133.13,324.74,203.17,575.56,0.932,-1,-1,-1
242,9,109.69,340.10,221.16,586.37,0.874,-1,-1,-1
242,14,1833.71,426.61,65.80,90.11,0.799,-1,-1,-1
242,20,964.25,367.19,66.17,372.54,0.602,-1,-1,-1
242,23,1010.45,433.83,82.24,220.31,0.850,-1,-1,-1
242,27,115.77,291.63,86.96,84.28,0.583,-1,-1,-1
242,28,563.61,406.22,108.46,321.69,0.892,-1,-1,-1
243,2,823.27,323.93,177.37,587.22,0.920,-1,-1,-1
243,5,677.25,392.62,116.65,339.26,0.909,-1,-1,-1
243,6,258.08,245.06,293.57,712.11,0.887,-1,-1,-1
243,8,1126.43,324.28,205.01,578.43,0.935,-1,-1,-1
243,9,91.03,338.67,226.21,599.68,0.850,-1,-1,-1
243,14,1829.69,426.27,65.89,90.15,0.843,-1,-1,-1
243,20,961.00,367.11,65.33,370.51,0.743,-1,-1,-1
243,23,1006.99,433.41,82.08,220.60,0.858,-1,-1,-1
243,27,107.95,292.05,86.95,84.46,0.592,-1,-1,-1
243,28,553.94,404.41,110.26,327.12,0.884,-1,-1,-1
244,2,815.54,322.60,177.10,586.30,0.909,-1,-1,-1
244,5,670.01,393.73,118.01,343.62,0.913,-1,-1,-1
244,6,235.82,240.77,303.97,733.24,0.870,-1,-1,-1
244,8,1120.75,325.25,206.39,579.86,0.933,-1,-1,-1
244,9,73.21,337.03,233.36,616.84,0.860,-1,-1,-1
244,14,1825.33,426.12,66.09,90.38,0.834,-1,-1,-1
244,20,957.86,367.45,64.33,369.81,0.762,-1,-1,-1
244,23,1003.59,433.63,81.63,220.49,0.858,-1,-1,-1
244,27,98.50,292.81,87.13,84.90,0.431,-1,-1,-1
244,28,542.14,402.76,113.57,337.50,0.895,-1,-1,-1
245,2,807.47,320.10,177.10,584.36,0.902,-1,-1,-1
245,5,662.23,394.44,119.19,347.55,0.899,-1,-1,-1
245,6,211.68,237.24,320.22,771.16,0.852,-1,-1,-1
245,8,1115.77,325.80,208.12,582.17,0.933,-1,-1,-1
245,9,48.47,335.98,236.58,627.14,0.870,-1,-1,-1
245,14,1821.62,425.36,66.30,90.92,0.843,-1,-1,-1
245,20,955.85,368.53,63.37,369.84,0.762,-1,-1,-1
245,23,1000.83,433.82,81.13,220.91,0.846,-1,-1,-1
245,27,90.75,292.94,86.87,84.70,0.518,-1,-1,-1
245,28,530.56,400.90,115.78,344.84,0.891,-1,-1,-1
246,2,800.22,317.65,176.56,578.88,0.912,-1,-1,-1
246,5,654.82,394.21,120.34,351.39,0.875,-1,-1,-1
246,6,191.91,234.66,325.05,777.17,0.898,-1,-1,-1
246,8,1112.40,327.35,209.56,584.41,0.934,-1,-1,-1
246,9,23.57,335.89,240.22,636.42,0.872,-1,-1,-1
246,14,1818.06,424.87,66.52,91.39,0.842,-1,-1,-1
246,20,951.64,367.64,63.38,371.58,0.722,-1,-1,-1
246,23,998.75,433.79,79.72,219.36,0.782,-1,-1,-1
246,27,83.30,292.90,86.89,84.76,0.462,-1,-1,-1
246,28,521.79,400.00,117.15,349.99,0.887,-1,-1,-1
247,2,792.70,317.98,176.38,573.13,0.924,-1,-1,-1
247,5,646.47,395.02,121.53,355.18,0.885,-1,-1,-1
247,6,167.63,231.52,334.43,794.13,0.892,-1,-1,-1
247,8,1107.72,328.55,210.98,587.39,0.931,-1,-1,-1
247,9,0.22,337.44,244.03,648.59,0.913,-1,-1,-1
247,14,1814.22,425.60,66.24,91.15,0.862,-1,-1,-1
247,20,946.94,368.67,63.31,372.49,0.781,-1,-1,-1
247,23,995.31,433.76,78.41,218.29,0.847,-1,-1,-1
247,27,76.08,293.28,87.05,84.87,0.307,-1,-1,-1
247,28,513.02,399.20,118.95,356.44,0.897,-1,-1,-1
248,2,783.63,319.77,177.88,572.84,0.907,-1,-1,-1
248,5,636.71,397.36,122.91,359.55,0.900,-1,-1,-1
248,6,142.45,229.78,344.46,812.85,0.895,-1,-1,-1
248,8,1104.07,331.71,212.10,589.95,0.926,-1,-1,-1
248,9,-15.53,340.36,248.12,666.66,0.912,-1,-1,-1
248,14,1810.15,427.73,65.98,90.64,0.830,-1,-1,-1
248,20,944.16,372.80,62.92,373.58,0.772,-1,-1,-1
248,23,991.45,436.69,77.29,217.42,0.827,-1,-1,-1
248,27,65.30,296.26,94.37,92.32,0.138,-1,-1,-1
248,28,502.87,400.45,121.15,364.86,0.890,-1,-1,-1
249,2,777.56,322.01,180.01,575.02,0.910,-1,-1,-1
249,5,631.02,399.26,124.02,363.41,0.903,-1,-1,-1
249,6,120.86,228.60,354.91,835.23,0.880,-1,-1,-1
249,8,1101.95,334.22,212.86,591.93,0.926,-1,-1,-1
249,9,-27.27,342.71,250.38,685.56,0.919,-1,-1,-1
249,14,1807.54,428.53,66.06,90.49,0.829,-1,-1,-1
249,20,942.60,375.09,63.11,376.33,0.788,-1,-1,-1
249,23,989.12,438.79,76.26,217.57,0.802,-1,-1,-1
249,27,64.39,299.29,91.73,90.67,0.510,-1,-1,-1
249,28,494.83,403.02,123.51,373.25,0.907,-1,-1,-1
250,2,774.61,323.02,182.47,579.46,0.902,-1,-1,-1
250,5,627.67,399.57,125.57,367.73,0.909,-1,-1,-1
250,6,100.72,223.55,362.71,852.12,0.900,-1,-1,-1
250,8,1102.91,336.06,213.22,593.16,0.924,-1,-1,-1
250,9,-36.77,342.97,252.53,708.92,0.911,-1,-1,-1
250,14,1809.43,427.80,65.27,89.48,0.791,-1,-1,-1
250,20,943.08,376.45,63.38,378.44,0.774,-1,-1,-1
250,23,989.55,439.55,75.35,217.30,0.695,-1,-1,-1
250,27,63.32,301.42,90.01,89.73,0.411,-1,-1,-1
250,28,488.54,405.17,125.62,380.81,0.903,-1,-1,-1
251,2,772.26,327.33,184.91,584.67,0.901,-1,-1,-1
251,5,623.39,400.77,126.65,371.39,0.911,-1,-1,-1
251,6,84.34,219.61,367.27,863.21,0.892,-1,-1,-1
251,8,1104.16,339.52,213.48,594.10,0.924,-1,-1,-1
251,9,-44.51,342.51,251.10,726.46,0.911,-1,-1,-1
251,14,1810.91,430.01,65.45,89.92,0.798,-1,-1,-1
251,20,942.83,378.90,63.44,379.28,0.777,-1,-1,-1
251,23,978.85,442.29,87.64,257.58,0.811,-1,-1,-1
251,27,60.83,305.11,90.34,90.70,0.226,-1,-1,-1
251,28,482.98,409.05,127.07,385.74,0.907,-1,-1,-1
252,2,771.90,332.08,186.00,586.29,0.896,-1,-1,-1
252,5,619.47,401.50,127.73,374.45,0.901,-1,-1,-1
252,6,71.08,215.72,368.07,866.03,0.906,-1,-1,-1
252,8,1104.81,342.05,213.02,593.35,0.923,-1,-1,-1
252,9,-47.05,340.64,246.19,735.45,0.916,-1,-1,-1
252,14,1811.48,430.23,65.70,90.38,0.762,-1,-1,-1
252,20,942.13,380.40,63.35,379.14,0.767,-1,-1,-1
252,23,974.08,443.29,92.48,277.12,0.783,-1,-1,-1
252,27,59.80,308.85,88.98,90.13,0.467,-1,-1,-1
252,28,478.40,413.36,127.70,387.97,0.900,-1,-1,-1
253,2,771.87,334.14,187.54,589.80,0.908,-1,-1,-1
253,5,614.70,399.00,129.50,379.34,0.896,-1,-1,-1
253,6,56.80,207.56,366.67,862.52,0.869,-1,-1,-1
253,8,1107.66,340.38,213.31,594.84,0.922,-1,-1,-1
253,9,-50.30,337.24,239.89,740.66,0.903,-1,-1,-1
253,14,1814.71,427.63,66.22,90.86,0.779,-1,-1,-1
253,20,941.67,378.87,63.75,381.16,0.717,-1,-1,-1
253,23,968.17,430.74,98.42,300.36,0.774,-1,-1,-1
253,27,56.59,309.51,87.74,89.67,0.507,-1,-1,-1
253,28,473.23,413.11,129.54,393.34,0.902,-1,-1,-1
254,2,774.81,339.14,187.67,589.56,0.908,-1,-1,-1
254,5,610.75,399.62,131.23,382.66,0.902,-1,-1,-1
254,6,40.68,201.81,372.15,876.68,0.918,-1,-1,-1
254,8,1111.37,340.79,213.16,595.27,0.923,-1,-1,-1
254,9,-53.77,337.93,232.42,743.29,0.869,-1,-1,-1
254,14,1818.78,427.16,66.60,91.39,0.796,-1,-1,-1
254,20,943.47,381.17,63.83,381.33,0.705,-1,-1,-1
254,23,967.57,428.06,101.44,314.98,0.777,-1,-1,-1
254,27,55.51,312.87,87.10,89.40,0.296,-1,-1,-1
254,28,470.47,415.14,131.27,398.25,0.889,-1,-1,-1
255,2,778.71,343.04,187.42,588.67,0.910,-1,-1,-1
255,5,608.18,399.19,132.85,385.53,0.897,-1,-1,-1
255,6,28.00,194.17,375.13,885.78,0.908,-1,-1,-1
255,8,1116.30,340.64,212.03,591.97,0.917,-1,-1,-1
255,9,-56.39,336.10,224.83,745.29,0.852,-1,-1,-1
255,14,1822.91,425.67,67.29,92.44,0.810,-1,-1,-1
255,20,946.58,381.23,64.12,382.24,0.637,-1,-1,-1
255,23,969.93,426.70,103.31,324.04,0.680,-1,-1,-1
255,27,50.25,314.76,86.90,89.21,0.422,-1,-1,-1
255,28,468.56,415.49,132.77,402.31,0.892,-1,-1,-1
255,29,777.42,454.32,53.14,204.08,0.600,-1,-1,-1
256,2,783.93,347.40,187.02,587.37,0.901,-1,-1,-1
256,5,606.50,398.97,135.32,390.87,0.898,-1,-1,-1
256,6,14.97,189.81,376.69,888.70,0.900,-1,-1,-1
256,8,1123.51,340.95,210.38,586.87,0.922,-1,-1,-1
256,9,-58.33,336.62,216.87,745.68,0.827,-1,-1,-1
256,14,1828.91,425.76,67.36,92.31,0.788,-1,-1,-1
256,20,951.53,381.80,64.71,384.77,0.380,-1,-1,-1
256,23,966.98,427.09,107.90,337.61,0.735,-1,-1,-1
256,27,49.09,317.08,86.82,89.12,0.378,-1,-1,-1
256,28,467.78,416.18,134.32,406.26,0.893,-1,-1,-1
256,29,780.09,455.68,53.10,203.75,0.561,-1,-1,-1
257,2,790.06,349.33,186.11,584.06,0.903,-1,-1,-1
257,5,604.09,400.50,138.28,397.22,0.902,-1,-1,-1
257,6,2.45,183.48,380.89,897.83,0.938,-1,-1,-1
257,8,1129.48,341.55,209.53,584.61,0.930,-1,-1,-1
257,9,-59.15,344.01,206.28,731.22,0.731,-1,-1,-1
257,14,1834.32,424.80,68.36,93.78,0.828,-1,-1,-1
257,20,953.76,382.53,65.47,389.01,0.607,-1,-1,-1
257,23,968.11,428.38,110.30,344.18,0.678,-1,-1,-1
257,27,48.46,319.15,86.17,88.68,0.158,-1,-1,-1
257,28,466.63,414.93,136.12,410.91,0.898,-1,-1,-1
257,29,782.65,456.09,53.47,204.74,0.711,-1,-1,-1
258,2,795.45,349.30,185.82,583.57,0.896,-1,-1,-1
258,5,601.67,400.38,141.04,402.81,0.905,-1,-1,-1
258,6,-4.60,176.81,382.91,903.54,0.940,-1,-1,-1
258,8,1134.05,341.67,209.80,585.71,0.928,-1,-1,-1
258,9,-56.93,394.83,184.31,670.78,0.634,-1,-1,-1
258,14,1841.44,423.53,68.83,94.05,0.834,-1,-1,-1
258,20,957.53,381.77,66.41,393.67,0.595,-1,-1,-1
258,23,977.25,429.65,108.79,341.63,0.647,-1,-1,-1
258,27,47.92,318.95,86.28,89.14,0.307,-1,-1,-1
258,28,464.31,412.05,137.90,415.51,0.897,-1,-1,-1
258,29,784.77,455.66,53.96,206.16,0.715,-1,-1,-1
259,2,799.77,349.04,185.94,583.94,0.890,-1,-1,-1
259,5,598.59,401.93,142.74,404.67,0.901,-1,-1,-1
259,6,-9.38,168.70,384.27,909.21,0.939,-1,-1,-1
259,8,1138.75,339.40,210.95,590.51,0.928,-1,-1,-1
259,14,1847.35,423.81,69.54,94.87,0.816,-1,-1,-1
259,20,961.04,380.39,66.72,396.20,0.658,-1,-1,-1
259,23,986.90,431.61,106.08,337.34,0.827,-1,-1,-1
259,27,46.06,315.55,86.60,89.43,-1.000,-1,-1,-1
259,28,461.22,409.84,139.38,419.80,0.896,-1,-1,-1
259,29,785.77,455.93,54.43,207.18,0.773,-1,-1,-1
260,2,804.97,349.06,185.09,582.05,0.901,-1,-1,-1
260,5,595.74,404.29,144.70,406.60,0.905,-1,-1,-1
260,6,-13.51,160.28,385.29,916.29,0.947,-1,-1,-1
260,8,1142.06,338.77,211.86,595.40,0.927,-1,-1,-1
260,14,1851.95,424.17,69.31,94.81,0.833,-1,-1,-1
260,20,961.71,381.63,66.66,395.94,0.696,-1,-1,-1
260,23,992.48,432.19,104.87,337.76,0.841,-1,-1,-1
260,27,44.20,312.16,86.91,89.73,-1.000,-1,-1,-1
260,28,457.07,407.37,140.55,423.86,0.891,-1,-1,-1
260,29,786.79,456.12,53.57,203.06,0.720,-1,-1,-1
260,30,727.46,481.71,38.41,130.62,0.785,-1,-1,-1
261,2,809.28,347.44,182.83,574.87,0.903,-1,-1,-1
261,5,592.02,405.64,147.45,411.81,0.896,-1,-1,-1
261,6,-16.01,153.33,383.44,917.62,0.959,-1,-1,-1
261,8,1146.01,338.15,212.14,598.67,0.928,-1,-1,-1
261,14,1855.00,424.00,68.89,94.92,0.836,-1,-1,-1
261,20,962.03,382.39,66.59,396.09,0.723,-1,-1,-1
261,23,975.93,434.45,104.11,342.24,0.547,-1,-1,-1
261,26,998.64,431.75,100.98,333.73,0.846,-1,-1,-1
261,27,42.34,308.77,87.22,90.02,-1.000,-1,-1,-1
261,28,453.16,404.77,142.14,427.98,0.887,-1,-1,-1
261,29,784.60,456.23,54.25,205.73,0.827,-1,-1,-1
261,30,727.40,481.29,38.76,131.79,0.805,-1,-1,-1
262,2,812.84,344.81,180.76,568.32,0.914,-1,-1,-1
262,5,587.07,406.20,149.83,415.76,0.914,-1,-1,-1
262,6,-18.72,146.95,381.59,920.70,0.960,-1,-1,-1
262,8,1148.64,337.02,211.78,600.16,0.927,-1,-1,-1
262,14,1857.39,423.74,68.48,95.44,0.819,-1,-1,-1
262,20,963.02,382.47,66.33,395.89,0.758,-1,-1,-1
262,23,1016.51,450.16,81.78,259.96,-1.000,-1,-1,-1
262,26,1002.13,429.32,100.59,338.82,0.864,-1,-1,-1
262,27,40.48,305.38,87.54,90.31,-1.000,-1,-1,-1
262,28,447.50,402.90,143.74,433.18,0.897,-1,-1,-1
262,29,785.08,456.23,53.62,202.91,0.829,-1,-1,-1
262,30,727.15,481.13,38.80,132.06,0.813,-1,-1,-1
263,2,815.43,339.31,180.47,567.94,0.918,-1,-1,-1
263,5,581.16,404.40,152.75,421.07,0.915,-1,-1,-1
263,6,-24.57,136.17,381.41,931.14,0.947,-1,-1,-1
263,8,1151.02,335.68,211.79,602.18,0.929,-1,-1,-1
263,14,1859.75,423.12,67.66,95.75,0.820,-1,-1,-1
263,20,965.62,381.46,66.29,398.15,0.709,-1,-1,-1
263,23,1057.09,465.86,59.45,177.67,0.512,-1,-1,-1
263,26,1005.03,424.68,101.31,343.94,0.834,-1,-1,-1
263,27,38.62,301.98,87.85,90.61,-1.000,-1,-1,-1
263,28,439.72,399.22,146.49,442.61,0.902,-1,-1,-1
263,29,785.07,454.75,53.36,201.11,0.827,-1,-1,-1
263,30,726.88,479.76,38.68,131.82,0.818,-1,-1,-1
264,2,817.96,334.72,180.51,569.49,0.912,-1,-1,-1
264,5,575.45,402.82,155.29,426.33,0.912,-1,-1,-1
264,6,-30.37,127.32,379.57,939.64,0.921,-1,-1,-1
264,8,1154.34,334.65,211.53,603.49,0.927,-1,-1,-1
264,14,1862.43,422.37,66.55,95.79,0.789,-1,-1,-1
264,20,968.43,379.65,66.18,396.79,0.634,-1,-1,-1
264,23,1091.03,475.71,38.51,112.96,-1.000,-1,-1,-1
264,26,1009.66,419.94,102.99,348.68,0.856,-1,-1,-1
264,27,36.76,298.59,88.16,90.90,-1.000,-1,-1,-1
264,28,430.84,395.70,149.65,451.26,0.897,-1,-1,-1
264,29,786.67,453.47,52.94,197.91,0.821,-1,-1,-1
264,30,727.15,478.45,38.48,131.36,0.814,-1,-1,-1
265,2,820.77,331.30,180.10,570.85,0.899,-1,-1,-1
265,5,567.54,393.05,159.60,436.67,0.896,-1,-1,-1
265,6,-28.15,120.08,357.29,894.72,0.925,-1,-1,-1
265,8,1155.82,332.17,211.16,604.63,0.928,-1,-1,-1
265,14,1864.78,419.79,65.27,96.02,0.796,-1,-1,-1
265,20,967.93,377.38,65.95,396.97,0.698,-1,-1,-1
265,23,1124.98,485.57,17.56,48.25,0.564,-1,-1,-1
265,26,1012.46,414.06,104.79,351.69,0.895,-1,-1,-1
265,27,34.90,295.20,88.48,91.19,-1.000,-1,-1,-1
265,28,420.37,390.90,152.89,457.76,0.895,-1,-1,-1
265,29,786.51,450.19,55.44,205.83,0.817,-1,-1,-1
265,30,726.54,475.48,38.66,132.14,0.819,-1,-1,-1
266,2,824.49,328.44,178.90,570.91,0.894,-1,-1,-1
266,5,560.78,385.27,162.94,444.22,0.916,-1,-1,-1
266,6,-30.67,119.95,342.27,870.00,0.919,-1,-1,-1
266,8,1157.26,330.70,210.89,606.06,0.925,-1,-1,-1
266,14,1867.30,418.95,63.59,96.07,0.833,-1,-1,-1
266,20,968.25,376.04,65.94,397.83,0.682,-1,-1,-1
266,26,1015.27,409.54,107.13,354.96,0.892,-1,-1,-1
266,27,33.05,291.80,88.79,91.49,-1.000,-1,-1,-1
266,28,410.99,387.67,155.24,462.91,0.886,-1,-1,-1
266,29,786.80,448.06,57.77,212.47,0.836,-1,-1,-1
266,30,726.38,473.26,38.80,132.79,0.820,-1,-1,-1
267,2,827.91,326.71,177.81,571.70,0.887,-1,-1,-1
267,5,555.08,376.05,166.04,452.74,0.914,-1,-1,-1
267,6,-26.41,192.83,307.09,790.10,0.916,-1,-1,-1
267,8,1158.49,328.66,211.05,608.76,0.923,-1,-1,-1
267,14,1869.93,417.09,62.26,96.70,0.788,-1,-1,-1
267,20,968.76,374.39,65.89,398.34,0.684,-1,-1,-1
267,26,1017.17,404.79,109.64,358.26,0.889,-1,-1,-1
267,27,31.19,288.41,89.10,91.78,-1.000,-1,-1,-1
267,28,403.66,383.67,157.54,469.83,0.886,-1,-1,-1
267,29,787.85,445.64,59.26,214.91,0.878,-1,-1,-1
267,30,725.78,470.90,38.99,133.66,0.805,-1,-1,-1
268,2,830.95,326.25,176.62,573.38,0.889,-1,-1,-1
268,5,550.61,371.74,167.65,456.84,0.904,-1,-1,-1
268,6,-38.08,222.13,294.72,776.79,0.901,-1,-1,-1
268,8,1159.59,327.12,210.94,610.67,0.917,-1,-1,-1
268,14,1872.39,416.55,60.34,96.36,0.774,-1,-1,-1
268,20,969.65,374.39,65.56,398.08,0.692,-1,-1,-1
268,26,1018.35,401.76,112.73,363.20,0.901,-1,-1,-1
268,27,29.33,285.02,89.42,92.07,-1.000,-1,-1,-1
268,28,398.11,381.44,159.02,475.79,0.874,-1,-1,-1
268,29,788.71,443.87,60.71,216.52,0.886,-1,-1,-1
268,30,724.96,469.37,39.14,134.21,0.801,-1,-1,-1
269,2,833.63,325.42,174.89,573.57,0.881,-1,-1,-1
269,5,545.55,367.76,168.65,458.85,0.899,-1,-1,-1
269,6,-52.44,227.12,293.39,799.65,0.917,-1,-1,-1
269,8,1159.22,323.46,210.29,611.11,0.923,-1,-1,-1
269,14,1873.48,415.18,59.23,96.99,0.708,-1,-1,-1
269,20,968.26,371.90,65.89,400.92,0.700,-1,-1,-1
269,26,1018.90,398.65,115.73,367.89,0.884,-1,-1,-1
269,27,27.47,281.63,89.73,92.37,-1.000,-1,-1,-1
269,28,390.57,378.24,160.51,482.38,0.888,-1,-1,-1
269,29,787.14,440.14,63.41,223.45,0.856,-1,-1,-1
269,30,723.09,466.64,39.16,134.20,0.786,-1,-1,-1
270,2,831.03,324.03,174.08,575.10,0.871,-1,-1,-1
270,5,540.32,357.20,171.60,466.69,0.896,-1,-1,-1
270,6,-63.59,228.23,284.72,789.77,0.611,-1,-1,-1
270,8,1158.23,318.79,209.94,612.81,0.920,-1,-1,-1
270,14,1874.25,413.80,58.02,97.60,0.728,-1,-1,-1
270,20,966.91,369.39,66.06,401.59,0.696,-1,-1,-1
270,26,1017.55,395.39,119.48,373.09,0.883,-1,-1,-1
270,27,25.61,278.23,90.04,92.66,-1.000,-1,-1,-1
270,28,382.79,371.27,162.74,490.14,0.883,-1,-1,-1
270,29,784.86,435.33,64.93,225.41,0.876,-1,-1,-1
270,30,721.09,463.30,39.37,134.68,0.736,-1,-1,-1
271,2,832.58,323.23,172.01,575.10,0.891,-1,-1,-1
271,5,537.53,354.49,172.07,467.38,0.913,-1,-1,-1
271,6,-46.39,227.94,223.30,629.98,0.754,-1,-1,-1
271,8,1157.92,314.74,208.28,609.60,0.918,-1,-1,-1
271,14,1874.67,412.39,56.72,98.04,0.733,-1,-1,-1
271,20,965.64,367.18,66.19,400.93,0.694,-1,-1,-1
271,26,1016.75,393.88,122.56,375.63,0.907,-1,-1,-1
271,27,23.75,274.84,90.36,92.95,-1.000,-1,-1,-1
271,28,372.46,365.40,164.25,496.45,0.896,-1,-1,-1
271,29,783.21,431.65,65.87,225.59,0.877,-1,-1,-1
271,30,719.63,460.88,39.39,134.46,0.774,-1,-1,-1
272,2,829.21,318.51,170.49,575.35,0.888,-1,-1,-1
272,5,530.90,342.42,175.10,475.82,0.916,-1,-1,-1
272,6,-51.36,236.52,203.74,592.37,0.764,-1,-1,-1
272,8,1154.62,308.02,208.34,612.07,0.926,-1,-1,-1
272,14,1874.24,408.18,55.10,98.02,0.784,-1,-1,-1
272,20,962.11,361.90,66.44,402.08,0.650,-1,-1,-1
272,26,1014.82,389.97,125.09,377.82,0.906,-1,-1,-1
272,27,21.89,271.45,90.67,93.25,-1.000,-1,-1,-1
272,28,359.50,357.18,165.62,501.89,0.908,-1,-1,-1
272,29,778.80,426.07,66.33,224.21,0.903,-1,-1,-1
272,30,716.10,455.87,39.56,134.71,0.819,-1,-1,-1
273,2,824.49,315.00,168.04,572.00,0.880,-1,-1,-1
273,5,523.84,334.81,178.36,485.42,0.912,-1,-1,-1
273,6,-45.01,334.63,161.27,479.97,0.686,-1,-1,-1
273,8,1150.74,302.40,207.98,612.87,0.927,-1,-1,-1
273,14,1873.79,405.41,53.55,97.55,0.773,-1,-1,-1
273,20,957.49,355.83,67.18,405.47,0.646,-1,-1,-1
273,26,1009.02,386.45,127.81,380.07,0.898,-1,-1,-1
273,27,20.03,268.06,90.98,93.54,-1.000,-1,-1,-1
273,28,345.82,345.89,167.95,509.54,0.905,-1,-1,-1
273,29,772.83,420.25,67.26,225.29,0.893,-1,-1,-1
273,30,710.60,450.87,39.57,134.49,0.782,-1,-1,-1
274,2,819.06,309.35,166.65,572.27,0.896,-1,-1,-1
274,5,516.17,328.82,181.50,494.84,0.909,-1,-1,-1
274,8,1146.96,296.81,206.43,608.89,0.933,-1,-1,-1
274,14,1872.45,401.67,52.53,97.54,0.807,-1,-1,-1
274,20,953.57,350.02,67.61,406.41,0.663,-1,-1,-1
274,26,1007.73,382.56,129.00,381.54,0.877,-1,-1,-1
274,27,18.17,264.66,91.30,93.83,0.505,-1,-1,-1
274,28,331.85,335.61,169.86,515.77,0.902,-1,-1,-1
274,29,765.80,413.71,68.78,229.51,0.873,-1,-1,-1
274,30,704.39,445.28,39.40,133.91,0.806,-1,-1,-1
275,2,810.12,301.98,165.68,572.29,0.901,-1,-1,-1
275,5,507.65,322.48,183.38,500.65,0.915,-1,-1,-1
275,8,1143.68,291.11,204.75,603.17,0.934,-1,-1,-1
275,14,1871.21,398.73,51.77,97.61,0.823,-1,-1,-1
275,20,946.21,343.37,67.84,406.20,0.686,-1,-1,-1
275,26,1004.41,379.44,130.19,383.50,0.874,-1,-1,-1
275,27,9.72,256.49,92.31,94.48,0.387,-1,-1,-1
275,28,317.24,327.00,171.50,520.67,0.903,-1,-1,-1
275,29,758.88,407.67,68.46,227.35,0.875,-1,-1,-1
275,30,697.48,439.32,39.44,134.02,0.740,-1,-1,-1
276,2,802.14,295.21,164.52,568.64,0.888,-1,-1,-1
276,5,498.05,316.31,184.81,505.81,0.910,-1,-1,-1
276,8,1139.24,285.69,204.28,599.87,0.933,-1,-1,-1
276,14,1869.77,394.67,51.25,97.41,0.808,-1,-1,-1
276,20,937.49,336.56,67.19,405.22,0.707,-1,-1,-1
276,26,1001.17,373.21,131.99,388.58,0.892,-1,-1,-1
276,27,2.04,249.29,92.56,94.51,0.169,-1,-1,-1
276,28,303.20,317.65,173.85,528.07,0.904,-1,-1,-1
276,29,751.60,401.83,68.36,227.33,0.880,-1,-1,-1
276,30,690.77,433.41,39.15,133.48,0.795,-1,-1,-1
277,2,794.01,287.08,162.79,561.08,0.884,-1,-1,-1
277,5,488.74,309.76,186.28,511.24,0.914,-1,-1,-1
277,8,1134.40,279.54,204.57,599.41,0.936,-1,-1,-1
277,14,1867.53,390.26,50.98,96.84,0.824,-1,-1,-1
277,20,931.76,328.36,67.92,410.70,0.664,-1,-1,-1
277,26,993.03,366.07,134.58,393.75,0.859,-1,-1,-1
277,27,-4.55,240.50,91.93,94.50,0.578,-1,-1,-1
277,28,287.29,306.91,177.98,541.86,0.919,-1,-1,-1
277,29,743.87,395.12,68.37,228.11,0.847,-1,-1,-1
277,30,684.09,426.94,39.41,134.02,0.756,-1,-1,-1
278,2,784.72,278.79,162.79,557.67,0.903,-1,-1,-1
278,5,478.74,300.62,188.67,520.56,0.920,-1,-1,-1
278,8,1129.91,272.51,205.11,599.76,0.929,-1,-1,-1
278,14,1865.30,384.94,51.32,96.82,0.836,-1,-1,-1
278,20,927.93,320.93,68.55,409.42,0.737,-1,-1,-1
278,26,989.41,357.47,136.30,399.20,0.884,-1,-1,-1
278,27,-10.83,232.69,91.41,94.66,0.168,-1,-1,-1
278,28,272.73,298.48,181.77,554.61,0.897,-1,-1,-1
278,29,736.98,388.93,68.08,228.18,0.835,-1,-1,-1
278,30,677.46,420.40,39.45,134.15,0.732,-1,-1,-1
279,2,777.50,269.48,163.32,555.42,0.913,-1,-1,-1
279,5,470.74,289.40,191.60,532.39,0.916,-1,-1,-1
279,8,1125.54,264.12,206.57,602.49,0.937,-1,-1,-1
279,14,1865.17,378.53,51.69,97.03,0.827,-1,-1,-1
279,20,922.55,313.95,67.88,403.30,0.755,-1,-1,-1
279,26,986.43,347.14,137.89,402.55,0.889,-1,-1,-1
279,27,-14.57,223.12,90.65,94.84,0.187,-1,-1,-1
279,28,259.94,286.44,185.34,564.95,0.905,-1,-1,-1
279,29,731.75,381.57,68.04,229.32,0.821,-1,-1,-1
279,30,671.37,411.93,39.82,135.56,0.561,-1,-1,-1
280,2,772.31,259.79,165.10,556.56,0.919,-1,-1,-1
280,5,465.69,281.62,193.85,541.97,0.918,-1,-1,-1
280,8,1123.91,255.16,208.25,606.21,0.938,-1,-1,-1
280,14,1866.13,371.42,52.04,97.32,0.847,-1,-1,-1
280,20,919.58,304.20,68.21,404.13,0.752,-1,-1,-1
280,26,986.13,336.37,139.88,406.95,0.892,-1,-1,-1
280,27,-15.92,214.17,88.78,94.25,0.272,-1,-1,-1
280,28,249.23,275.56,188.60,573.98,0.915,-1,-1,-1
280,29,728.13,373.57,68.35,231.73,0.837,-1,-1,-1
280,30,668.68,403.69,39.88,136.45,0.638,-1,-1,-1
281,2,768.15,251.68,166.84,557.50,0.907,-1,-1,-1
281,5,459.95,268.01,197.08,553.58,0.924,-1,-1,-1
281,8,1123.14,247.08,209.30,607.74,0.934,-1,-1,-1
281,14,1867.12,364.64,52.01,97.00,0.838,-1,-1,-1
281,20,918.49,297.25,67.61,400.69,0.683,-1,-1,-1
281,26,986.85,323.05,142.55,414.82,0.891,-1,-1,-1
281,27,-15.38,207.22,88.82,94.45,-1.000,-1,-1,-1
281,28,239.03,265.61,192.47,584.64,0.927,-1,-1,-1
281,29,725.45,366.54,68.85,234.72,0.764,-1,-1,-1
281,30,666.08,397.24,39.74,136.71,0.772,-1,-1,-1
282,2,764.68,242.76,168.71,559.02,0.901,-1,-1,-1
282,5,455.12,253.08,199.69,563.01,0.927,-1,-1,-1
282,8,1122.79,238.15,210.58,609.92,0.930,-1,-1,-1
282,14,1868.35,356.98,52.23,97.57,0.822,-1,-1,-1
282,20,917.10,288.45,67.20,396.78,0.682,-1,-1,-1
282,26,986.13,309.43,144.97,421.05,0.894,-1,-1,-1
282,27,-14.85,200.27,88.86,94.66,-1.000,-1,-1,-1
282,28,229.53,254.73,196.51,593.82,0.926,-1,-1,-1
282,29,723.67,358.18,70.92,242.81,0.785,-1,-1,-1
282,30,663.94,388.84,40.09,138.35,0.752,-1,-1,-1
283,2,763.23,233.48,170.72,561.58,0.907,-1,-1,-1
283,5,451.62,237.76,202.39,572.14,0.925,-1,-1,-1
283,8,1124.00,230.26,212.23,612.87,0.931,-1,-1,-1
283,14,1870.46,349.25,52.12,97.80,0.778,-1,-1,-1
283,20,914.58,277.66,67.71,402.72,0.705,-1,-1,-1
283,26,986.23,296.80,147.64,426.71,0.856,-1,-1,-1
283,27,-14.31,193.32,88.91,94.87,-1.000,-1,-1,-1
283,28,220.98,244.78,200.86,603.22,0.917,-1,-1,-1
283,29,725.37,350.65,69.58,237.03,0.816,-1,-1,-1
283,30,664.15,381.34,39.87,138.21,0.774,-1,-1,-1
284,2,763.28,226.18,172.29,563.03,0.907,-1,-1,-1
284,5,447.94,222.63,205.22,580.07,0.932,-1,-1,-1
284,8,1126.61,222.82,213.69,615.45,0.927,-1,-1,-1
284,14,1872.73,342.33,51.67,97.79,0.800,-1,-1,-1
284,20,914.09,267.41,67.28,403.15,0.778,-1,-1,-1
284,26,988.56,286.96,150.12,433.12,0.909,-1,-1,-1
284,27,-13.78,186.38,88.95,95.08,-1.000,-1,-1,-1
284,28,210.24,229.96,206.45,618.88,0.927,-1,-1,-1
284,29,725.70,342.52,69.82,237.11,0.814,-1,-1,-1
284,30,664.74,373.79,39.91,139.60,0.742,-1,-1,-1
285,2,764.31,219.02,173.69,564.15,0.906,-1,-1,-1
285,5,443.71,208.20,208.58,588.60,0.935,-1,-1,-1
285,8,1129.58,214.35,214.66,616.91,0.926,-1,-1,-1
285,14,1875.90,335.34,50.53,97.02,0.794,-1,-1,-1
285,20,914.83,257.30,67.21,405.21,0.766,-1,-1,-1
285,26,990.03,277.47,153.85,442.75,0.895,-1,-1,-1
285,27,-13.24,179.43,88.99,95.29,-1.000,-1,-1,-1
285,28,200.54,216.18,211.63,632.40,0.936,-1,-1,-1
285,29,725.23,334.54,72.07,244.75,0.814,-1,-1,-1
285,30,666.07,365.97,39.79,140.33,0.766,-1,-1,-1
286,2,765.86,212.33,175.14,565.68,0.900,-1,-1,-1
286,5,438.11,193.27,213.12,599.52,0.930,-1,-1,-1
286,8,1133.58,207.90,215.59,619.40,0.928,-1,-1,-1
286,14,1879.56,329.11,49.80,97.29,0.694,-1,-1,-1
286,20,916.01,246.57,67.45,409.78,0.752,-1,-1,-1
286,26,993.18,269.60,156.85,451.59,0.877,-1,-1,-1
286,27,-12.70,172.48,89.03,95.50,-1.000,-1,-1,-1
286,28,191.84,201.37,216.41,645.20,0.916,-1,-1,-1
286,29,726.31,327.49,73.23,247.53,0.817,-1,-1,-1
286,30,666.85,358.88,41.40,147.49,0.734,-1,-1,-1
287,2,768.92,205.81,175.97,565.29,0.907,-1,-1,-1
287,5,433.69,177.80,217.58,610.08,0.928,-1,-1,-1
287,8,1139.23,200.16,215.56,620.00,0.925,-1,-1,-1
287,14,1883.60,321.01,49.55,97.97,0.433,-1,-1,-1
287,20,922.01,236.25,67.80,408.98,0.759,-1,-1,-1
287,26,996.18,261.79,158.79,456.21,0.884,-1,-1,-1
287,27,-12.17,165.53,89.07,95.71,-1.000,-1,-1,-1
287,28,181.82,188.02,220.25,654.66,0.912,-1,-1,-1
287,29,726.91,319.14,73.87,249.42,0.850,-1,-1,-1
287,30,662.29,345.95,56.27,204.81,0.546,-1,-1,-1
288,2,774.08,200.42,177.06,566.25,0.910,-1,-1,-1
288,5,429.44,165.19,222.83,622.61,0.936,-1,-1,-1
288,8,1146.63,192.18,215.61,619.45,0.929,-1,-1,-1
288,20,927.32,226.09,68.57,410.41,0.717,-1,-1,-1
288,26,1002.75,255.07,160.53,461.09,0.896,-1,-1,-1
288,27,-11.63,158.59,89.11,95.92,-1.000,-1,-1,-1
288,28,172.69,173.15,224.36,666.25,0.916,-1,-1,-1
288,29,729.02,310.89,73.98,249.30,0.832,-1,-1,-1
288,30,662.86,336.98,61.58,226.41,0.109,-1,-1,-1
289,2,780.46,194.43,177.36,564.20,0.915,-1,-1,-1
289,5,425.53,157.72,228.34,636.86,0.932,-1,-1,-1
289,8,1155.30,186.09,216.52,621.80,0.930,-1,-1,-1
289,9,673.36,337.67,40.04,146.94,0.776,-1,-1,-1
289,20,931.61,223.92,68.55,409.15,0.662,-1,-1,-1
289,26,1010.96,249.64,162.43,467.67,0.886,-1,-1,-1
289,27,-11.10,151.64,89.15,96.13,-1.000,-1,-1,-1
289,28,162.99,160.59,227.76,676.34,0.923,-1,-1,-1
289,29,732.70,304.29,72.87,244.04,0.840,-1,-1,-1
289,30,671.38,334.93,54.99,202.65,-1.000,-1,-1,-1
290,2,786.91,190.05,177.76,563.87,0.895,-1,-1,-1
290,5,421.62,153.52,233.54,649.43,0.929,-1,-1,-1
290,8,1164.40,181.38,216.47,622.13,0.934,-1,-1,-1
290,9,682.04,330.93,39.65,146.40,-1.000,-1,-1,-1
290,20,937.67,222.30,67.70,403.10,0.754,-1,-1,-1
290,26,1017.72,244.77,164.85,476.77,0.882,-1,-1,-1
290,27,-10.56,144.69,89.19,96.34,-1.000,-1,-1,-1
290,28,153.34,151.45,230.78,685.87,0.927,-1,-1,-1
290,29,737.39,298.68,74.45,247.94,0.852,-1,-1,-1
290,30,679.91,332.88,48.41,178.90,0.716,-1,-1,-1
291,2,793.07,183.62,178.66,565.10,0.896,-1,-1,-1
291,5,415.82,146.56,239.31,662.59,0.932,-1,-1,-1
291,8,1173.46,175.53,217.48,624.76,0.932,-1,-1,-1
291,9,690.73,324.19,39.27,145.86,0.633,-1,-1,-1
291,20,942.69,217.60,67.55,401.80,0.735,-1,-1,-1
291,26,1026.13,237.65,167.14,486.71,0.892,-1,-1,-1
291,27,-10.03,137.74,89.23,96.54,-1.000,-1,-1,-1
291,28,142.67,144.41,232.73,692.92,0.926,-1,-1,-1
291,29,739.42,290.22,77.46,257.20,0.856,-1,-1,-1
291,30,686.21,327.64,45.64,169.15,-1.000,-1,-1,-1
292,2,800.46,180.49,178.05,561.66,0.889,-1,-1,-1
292,5,409.22,143.04,245.06,675.69,0.934,-1,-1,-1
292,8,1181.86,173.28,216.26,621.10,0.930,-1,-1,-1
292,9,698.27,319.09,39.38,147.50,-1.000,-1,-1,-1
292,20,950.94,218.93,68.24,401.90,0.628,-1,-1,-1
292,26,1032.11,233.63,168.90,494.64,0.904,-1,-1,-1
292,27,-9.49,130.80,89.27,96.75,-1.000,-1,-1,-1
292,28,130.82,135.33,237.49,708.88,0.921,-1,-1,-1
292,29,742.02,285.70,79.66,263.52,0.848,-1,-1,-1
292,30,692.52,322.39,42.88,159.40,0.515,-1,-1,-1
293,2,809.25,178.23,176.36,555.04,0.897,-1,-1,-1
293,5,404.25,138.79,251.49,691.91,0.935,-1,-1,-1
293,8,1192.64,170.83,214.33,616.57,0.921,-1,-1,-1
293,9,705.81,313.99,39.50,149.15,0.645,-1,-1,-1
293,20,957.15,220.83,69.59,406.39,0.671,-1,-1,-1
293,26,1038.76,228.91,171.11,502.35,0.904,-1,-1,-1
293,27,-8.95,123.85,89.31,96.96,-1.000,-1,-1,-1
293,28,115.44,129.91,245.05,732.05,0.904,-1,-1,-1
293,29,746.51,282.27,80.25,263.37,0.865,-1,-1,-1
293,30,700.52,320.07,41.46,154.83,-1.000,-1,-1,-1
294,2,816.98,178.04,175.63,552.09,0.907,-1,-1,-1
294,5,402.10,138.86,256.41,704.88,0.931,-1,-1,-1
294,8,1204.85,169.54,214.03,617.67,0.921,-1,-1,-1
294,9,709.82,316.43,38.90,147.00,-1.000,-1,-1,-1
294,20,965.11,221.37,69.45,403.12,0.741,-1,-1,-1
294,26,1048.58,223.58,174.14,511.36,0.911,-1,-1,-1
294,27,-8.42,116.90,89.35,97.17,0.548,-1,-1,-1
294,28,98.33,125.76,253.18,753.99,0.900,-1,-1,-1
294,29,754.13,280.36,80.78,262.94,0.864,-1,-1,-1
294,30,708.53,317.74,40.05,150.27,0.703,-1,-1,-1
295,2,825.46,176.93,176.26,554.37,0.910,-1,-1,-1
295,5,397.14,139.12,263.82,726.14,0.926,-1,-1,-1
295,8,1217.78,169.49,213.62,619.94,0.930,-1,-1,-1
295,9,713.84,318.87,38.29,144.85,-1.000,-1,-1,-1
295,20,973.64,223.77,70.61,407.41,0.633,-1,-1,-1
295,26,1056.85,220.13,177.47,520.35,0.922,-1,-1,-1
295,27,-3.65,117.21,88.56,97.45,0.425,-1,-1,-1
295,28,75.87,129.49,261.16,768.78,0.892,-1,-1,-1
295,29,761.44,280.91,80.92,261.00,0.880,-1,-1,-1
295,30,717.36,320.26,38.70,146.21,0.773,-1,-1,-1
296,2,832.95,177.59,176.35,555.08,0.905,-1,-1,-1
296,5,389.79,134.73,270.56,745.86,0.924,-1,-1,-1
296,8,1229.40,169.70,212.79,622.39,0.935,-1,-1,-1
296,9,717.85,321.31,37.69,142.70,-1.000,-1,-1,-1
296,20,980.46,221.75,72.32,412.95,0.733,-1,-1,-1
296,26,1063.82,216.16,180.87,529.26,0.921,-1,-1,-1
296,27,2.14,115.96,87.77,97.86,0.427,-1,-1,-1
296,28,56.63,130.53,269.65,785.61,0.886,-1,-1,-1
296,29,767.11,279.70,81.55,260.49,0.888,-1,-1,-1
296,30,724.38,319.28,38.26,145.40,0.689,-1,-1,-1
297,2,841.26,178.78,176.19,556.92,0.907,-1,-1,-1
297,5,383.44,128.05,276.75,764.66,0.927,-1,-1,-1
297,8,1239.83,169.58,212.74,628.22,0.925,-1,-1,-1
297,9,721.87,323.75,37.08,140.55,-1.000,-1,-1,-1
297,20,987.09,222.92,73.32,413.28,0.710,-1,-1,-1
297,26,1071.61,212.51,184.06,537.07,0.921,-1,-1,-1
297,27,7.39,114.88,87.42,98.23,0.242,-1,-1,-1
297,28,42.32,127.44,278.04,804.33,0.894,-1,-1,-1
297,29,772.49,279.70,82.40,260.58,0.902,-1,-1,-1
297,30,730.55,319.44,38.07,145.17,0.675,-1,-1,-1
298,2,848.60,180.28,175.47,558.52,0.890,-1,-1,-1
298,5,375.99,118.43,281.70,780.87,0.936,-1,-1,-1
298,8,1250.47,169.98,211.79,632.18,0.916,-1,-1,-1
298,9,725.88,326.18,36.48,138.40,-1.000,-1,-1,-1
298,20,992.83,221.34,74.93,410.84,0.882,-1,-1,-1
298,26,1078.32,209.24,187.11,543.98,0.920,-1,-1,-1
298,27,13.63,114.52,86.06,98.28,0.556,-1,-1,-1
298,28,33.44,126.25,284.25,820.30,0.884,-1,-1,-1
298,29,777.33,279.95,83.47,261.73,0.899,-1,-1,-1
298,30,735.96,316.92,38.49,147.51,0.720,-1,-1,-1
299,2,855.83,181.36,174.61,559.90,0.889,-1,-1,-1
299,5,366.64,108.19,286.65,796.01,0.933,-1,-1,-1
299,8,1256.25,170.10,211.51,636.11,0.911,-1,-1,-1
299,9,729.90,328.62,35.87,136.25,-1.000,-1,-1,-1
299,20,996.98,221.63,76.57,412.53,0.841,-1,-1,-1
299,26,1083.76,205.60,191.81,554.62,0.915,-1,-1,-1
299,27,18.66,114.40,84.93,97.97,0.366,-1,-1,-1
299,28,21.10,115.65,293.87,846.21,0.853,-1,-1,-1
299,29,781.58,280.38,84.39,262.13,0.904,-1,-1,-1
299,30,740.62,309.96,40.06,154.43,0.629,-1,-1,-1
300,2,862.12,183.53,173.34,560.14,0.883,-1,-1,-1
300,5,356.72,97.47,291.96,811.00,0.934,-1,-1,-1
300,8,1259.44,170.84,211.81,640.23,0.911,-1,-1,-1
300,9,733.91,331.06,35.27,134.11,-1.000,-1,-1,-1
300,20,1000.63,219.38,77.92,412.68,0.838,-1,-1,-1
300,26,1089.07,203.40,196.37,565.54,0.913,-1,-1,-1
300,27,21.65,115.28,84.06,97.92,0.244,-1,-1,-1
300,28,10.03,104.86,302.40,869.96,0.877,-1,-1,-1
300,29,784.60,280.60,85.55,263.76,0.907,-1,-1,-1
300,30,744.92,309.06,40.14,155.32,0.532,-1,-1,-1
301,2,865.74,185.24,171.80,559.79,0.887,-1,-1,-1
301,5,345.22,86.12,297.35,825.42,0.933,-1,-1,-1
301,8,1261.38,171.14,212.33,643.58,0.909,-1,-1,-1
301,9,737.93,333.50,34.67,131.96,-1.000,-1,-1,-1
301,20,1003.86,217.21,79.15,414.11,0.846,-1,-1,-1
301,26,1093.57,201.97,201.72,579.29,0.923,-1,-1,-1
301,28,-2.73,92.52,310.35,894.28,0.922,-1,-1,-1
301,29,787.06,280.77,86.46,264.40,0.907,-1,-1,-1
301,30,747.67,302.71,41.35,161.25,0.613,-1,-1,-1
302,2,868.62,187.04,170.28,559.60,0.879,-1,-1,-1
302,5,333.70,74.63,304.03,842.48,0.929,-1,-1,-1
302,8,1262.59,170.89,212.89,646.70,0.912,-1,-1,-1
302,9,741.94,335.94,34.06,129.81,-1.000,-1,-1,-1
302,20,1005.77,218.16,79.68,412.47,0.847,-1,-1,-1
302,26,1097.51,201.63,204.40,587.32,0.919,-1,-1,-1
302,28,-15.20,76.10,317.22,922.17,0.920,-1,-1,-1
302,29,788.31,281.05,87.88,266.95,0.902,-1,-1,-1
302,30,749.25,300.52,41.70,163.91,0.613,-1,-1,-1
303,2,869.67,189.67,168.20,557.86,0.888,-1,-1,-1
303,5,321.00,63.35,311.19,859.44,0.935,-1,-1,-1
303,8,1264.22,170.80,212.64,648.36,0.914,-1,-1,-1
303,9,745.96,338.38,33.46,127.66,-1.000,-1,-1,-1
303,20,1007.74,216.27,80.62,414.25,0.876,-1,-1,-1
303,26,1099.73,201.08,206.79,595.37,0.918,-1,-1,-1
303,28,-25.27,63.85,319.45,941.29,0.914,-1,-1,-1
303,29,788.70,281.04,88.92,268.08,0.898,-1,-1,-1
303,30,749.64,300.07,41.41,164.30,0.632,-1,-1,-1
304,2,869.30,189.82,166.58,556.91,0.888,-1,-1,-1
304,5,308.61,53.84,318.87,877.21,0.933,-1,-1,-1
304,8,1267.37,171.70,211.52,649.12,0.916,-1,-1,-1
304,9,749.98,340.81,32.85,125.51,-1.000,-1,-1,-1
304,20,1008.05,215.38,81.50,414.90,0.862,-1,-1,-1
304,26,1101.22,201.26,209.45,605.97,0.916,-1,-1,-1
304,28,-36.72,55.26,318.53,957.67,0.907,-1,-1,-1
304,29,788.23,281.56,90.35,271.41,0.896,-1,-1,-1
304,30,749.22,299.09,41.23,165.85,0.612,-1,-1,-1
304,31,1083.53,339.58,35.30,125.79,0.619,-1,-1,-1
304,32,624.37,314.69,48.84,143.25,0.619,-1,-1,-1
305,2,866.02,190.34,165.70,557.44,0.901,-1,-1,-1
305,5,292.43,47.12,330.08,906.54,0.930,-1,-1,-1
305,8,1270.29,172.50,209.87,649.32,0.913,-1,-1,-1
305,9,753.99,343.25,32.25,123.36,0.563,-1,-1,-1
305,20,1008.75,214.95,82.72,417.95,0.854,-1,-1,-1
305,26,1102.17,201.28,212.52,618.31,0.913,-1,-1,-1
305,28,-48.60,49.99,314.60,970.25,0.882,-1,-1,-1
305,29,786.95,282.71,91.22,273.35,0.892,-1,-1,-1
305,30,748.13,298.88,41.38,168.10,0.333,-1,-1,-1
305,31,1085.69,340.89,34.84,124.08,0.530,-1,-1,-1
305,32,622.50,316.17,49.18,144.18,0.645,-1,-1,-1
306,2,861.09,189.58,165.55,558.56,0.901,-1,-1,-1
306,5,277.69,42.24,339.04,929.07,0.927,-1,-1,-1
306,8,1272.19,172.06,208.38,650.41,0.913,-1,-1,-1
306,9,749.69,330.22,34.96,137.08,-1.000,-1,-1,-1
306,20,1008.88,214.65,84.01,419.81,0.867,-1,-1,-1
306,26,1101.11,198.57,217.11,635.33,0.919,-1,-1,-1
306,28,-59.31,43.86,310.58,985.69,0.858,-1,-1,-1
306,29,785.12,282.90,92.15,275.40,0.892,-1,-1,-1
306,30,747.09,304.70,39.64,163.42,0.570,-1,-1,-1
306,31,1086.92,340.86,32.75,116.52,0.229,-1,-1,-1
306,32,619.89,316.26,49.92,146.23,0.690,-1,-1,-1
307,2,856.46,185.95,164.66,555.49,0.892,-1,-1,-1
307,5,260.70,38.06,349.03,954.80,0.926,-1,-1,-1
307,8,1273.26,168.73,206.98,652.83,0.905,-1,-1,-1
307,9,745.39,317.19,37.67,150.79,0.573,-1,-1,-1
307,20,1008.87,214.36,85.29,420.29,0.854,-1,-1,-1
307,26,1099.82,194.69,221.63,651.92,0.922,-1,-1,-1
307,28,-65.90,39.66,301.86,989.06,0.859,-1,-1,-1
307,29,781.86,280.80,93.12,278.54,0.887,-1,-1,-1
307,30,745.76,315.66,36.93,153.08,-1.000,-1,-1,-1
307,31,1085.85,338.61,32.62,116.03,0.275,-1,-1,-1
307,32,617.37,314.44,51.57,151.11,0.623,-1,-1,-1
308,2,850.32,182.93,164.85,553.87,0.910,-1,-1,-1
308,5,243.63,34.76,357.83,978.73,0.914,-1,-1,-1
308,8,1273.13,166.14,205.95,657.73,0.903,-1,-1,-1
308,9,743.38,323.42,36.04,145.91,-1.000,-1,-1,-1
308,20,1006.20,216.86,86.49,421.66,0.872,-1,-1,-1
308,26,1098.46,189.23,226.85,668.72,0.921,-1,-1,-1
308,28,-73.68,41.27,292.90,993.05,0.832,-1,-1,-1
308,29,779.22,281.03,93.42,280.85,0.885,-1,-1,-1
308,30,744.43,326.63,34.21,142.74,0.549,-1,-1,-1
308,31,1083.14,339.22,35.26,125.52,0.302,-1,-1,-1
308,32,615.13,315.05,51.32,150.41,0.790,-1,-1,-1
309,2,843.42,183.17,165.29,550.75,0.904,-1,-1,-1
309,5,227.32,32.75,363.15,991.65,0.919,-1,-1,-1
309,8,1273.03,168.18,203.19,656.52,0.902,-1,-1,-1
309,9,741.37,329.65,34.42,141.03,0.542,-1,-1,-1
309,20,1003.63,221.66,87.03,419.72,0.868,-1,-1,-1
309,26,1096.36,186.36,230.90,681.50,0.920,-1,-1,-1
309,28,-66.22,128.56,257.38,909.47,0.901,-1,-1,-1
309,29,775.72,281.75,93.59,282.80,0.871,-1,-1,-1
309,30,741.43,320.08,35.33,149.06,-1.000,-1,-1,-1
309,31,1081.36,341.72,36.24,128.91,0.198,-1,-1,-1
309,32,611.74,317.19,51.06,149.74,0.727,-1,-1,-1
310,2,838.42,180.11,166.81,550.26,0.896,-1,-1,-1
310,5,209.99,30.60,366.92,999.45,0.926,-1,-1,-1
310,8,1274.95,165.15,201.04,657.55,0.900,-1,-1,-1
310,9,739.40,320.75,35.26,147.69,-1.000,-1,-1,-1
310,20,1002.93,219.81,88.20,421.18,0.869,-1,-1,-1
310,26,1095.60,178.19,235.08,694.08,0.910,-1,-1,-1
310,28,-69.49,162.01,239.53,879.72,0.829,-1,-1,-1
310,29,773.13,277.90,93.13,283.25,0.883,-1,-1,-1
310,30,738.44,313.53,36.45,155.38,0.602,-1,-1,-1
310,31,1079.43,337.08,37.73,134.37,0.313,-1,-1,-1
310,32,606.76,312.92,51.62,151.02,0.680,-1,-1,-1
311,2,834.56,178.68,168.86,551.03,0.896,-1,-1,-1
311,5,192.55,20.28,372.81,1013.06,0.918,-1,-1,-1
311,8,1278.58,163.52,197.66,654.34,0.895,-1,-1,-1
311,9,737.42,311.85,36.11,154.36,0.644,-1,-1,-1
311,20,1003.33,219.06,88.76,420.81,0.860,-1,-1,-1
311,26,1097.13,169.57,239.45,707.12,0.912,-1,-1,-1
311,28,-72.79,184.42,228.05,859.57,0.643,-1,-1,-1
311,29,772.16,275.43,92.71,283.75,0.866,-1,-1,-1
311,30,738.15,319.54,34.57,148.03,-1.000,-1,-1,-1
311,31,1078.51,336.06,37.14,132.51,0.456,-1,-1,-1
311,32,605.36,310.44,51.71,150.85,0.725,-1,-1,-1
312,2,831.07,178.38,171.40,553.25,0.902,-1,-1,-1
312,5,175.72,13.60,378.59,1024.01,0.918,-1,-1,-1
312,8,1282.34,162.96,193.73,648.60,0.895,-1,-1,-1
312,9,736.79,319.04,34.18,146.94,-1.000,-1,-1,-1
312,20,1003.07,219.17,89.54,421.42,0.861,-1,-1,-1
312,26,1098.46,160.50,243.43,720.11,0.914,-1,-1,-1
312,28,-75.67,211.96,212.75,832.69,0.723,-1,-1,-1
312,29,770.72,273.96,92.75,285.76,0.858,-1,-1,-1
312,30,737.86,325.55,32.69,140.69,0.574,-1,-1,-1
312,31,1078.77,336.80,35.67,127.42,0.654,-1,-1,-1
312,32,604.10,308.82,51.91,151.42,0.587,-1,-1,-1
312,33,-7.08,221.92,88.40,483.67,0.506,-1,-1,-1
313,2,829.21,178.79,173.45,555.28,0.907,-1,-1,-1
313,5,157.85,8.43,383.44,1028.63,0.925,-1,-1,-1
313,8,1284.45,162.39,191.26,647.60,0.892,-1,-1,-1
313,9,736.15,326.22,32.25,139.53,0.573,-1,-1,-1
313,20,1000.86,220.10,90.47,421.83,0.851,-1,-1,-1
313,26,1099.61,150.34,247.48,733.12,0.916,-1,-1,-1
313,29,768.54,272.75,92.97,288.35,0.860,-1,-1,-1
313,30,734.94,318.18,33.99,147.82,-1.000,-1,-1,-1
313,31,1078.41,336.38,34.83,124.30,0.307,-1,-1,-1
313,32,601.48,307.99,51.82,150.98,0.511,-1,-1,-1
314,2,826.33,178.64,175.51,557.12,0.907,-1,-1,-1
314,5,139.33,5.26,388.21,1030.09,0.924,-1,-1,-1
314,8,1284.86,160.91,189.99,650.17,0.875,-1,-1,-1
314,9,733.60,328.67,31.40,136.79,-1.000,-1,-1,-1
314,20,999.14,220.67,91.31,421.45,0.846,-1,-1,-1
314,26,1099.30,142.02,252.83,750.67,0.915,-1,-1,-1
314,29,765.52,271.04,92.88,289.65,0.871,-1,-1,-1
314,30,732.02,310.81,35.29,154.96,0.634,-1,-1,-1
314,31,1076.12,335.56,35.93,128.32,0.269,-1,-1,-1
314,32,598.88,306.53,52.11,151.65,0.542,-1,-1,-1
315,2,824.99,179.12,177.53,558.14,0.916,-1,-1,-1
315,5,116.57,4.60,393.98,1030.41,0.919,-1,-1,-1
315,8,1286.34,159.78,188.85,652.93,0.869,-1,-1,-1
315,9,731.04,331.11,30.55,134.04,0.589,-1,-1,-1
315,20,998.62,221.50,91.60,420.45,0.825,-1,-1,-1
315,26,1100.71,133.84,260.63,776.98,0.900,-1,-1,-1
315,29,763.14,269.48,92.97,290.92,0.864,-1,-1,-1
315,30,728.77,308.48,35.49,156.51,-1.000,-1,-1,-1
315,31,1075.28,333.78,34.41,122.56,0.237,-1,-1,-1
315,32,595.13,305.32,52.92,153.74,0.692,-1,-1,-1
316,2,823.28,179.91,179.10,558.43,0.916,-1,-1,-1
316,5,92.95,3.75,401.34,1031.11,0.939,-1,-1,-1
316,8,1289.99,158.73,187.11,655.57,0.869,-1,-1,-1
316,9,727.35,324.84,31.65,141.23,0.477,-1,-1,-1
316,20,998.55,221.61,92.02,419.73,0.816,-1,-1,-1
316,26,1102.33,128.44,267.76,802.83,0.900,-1,-1,-1
316,29,760.18,268.11,93.15,292.27,0.852,-1,-1,-1
316,30,725.53,306.16,35.68,158.07,-1.000,-1,-1,-1
316,31,1074.04,333.29,33.42,118.75,0.415,-1,-1,-1
316,32,591.30,304.81,52.82,153.67,0.244,-1,-1,-1
317,2,821.37,179.62,180.28,558.21,0.913,-1,-1,-1
317,5,67.84,3.31,410.45,1033.48,0.942,-1,-1,-1
317,8,1294.66,156.25,184.92,658.96,0.865,-1,-1,-1
317,9,724.15,326.21,30.89,139.02,0.479,-1,-1,-1
317,20,996.98,218.89,92.82,420.80,0.824,-1,-1,-1
317,26,1104.18,123.50,273.10,822.97,0.895,-1,-1,-1
317,29,756.15,265.31,93.74,294.64,0.865,-1,-1,-1
317,30,722.28,303.83,35.87,159.63,-1.000,-1,-1,-1
317,31,1072.09,332.39,32.45,114.94,0.350,-1,-1,-1
317,32,586.00,303.39,52.60,153.17,0.225,-1,-1,-1
318,2,820.79,180.51,181.06,557.52,0.912,-1,-1,-1
318,5,43.23,3.48,419.06,1036.39,0.931,-1,-1,-1
318,8,1299.53,153.70,182.46,662.47,0.861,-1,-1,-1
318,9,721.53,321.25,31.45,142.42,-1.000,-1,-1,-1
318,20,994.85,215.55,93.85,422.50,0.837,-1,-1,-1
318,26,1107.35,120.13,277.66,839.24,0.889,-1,-1,-1
318,29,752.52,263.08,95.02,299.01,0.882,-1,-1,-1
318,30,719.04,301.51,36.07,161.19,0.553,-1,-1,-1
318,31,1070.46,331.01,33.02,117.04,0.268,-1,-1,-1
318,32,586.00,302.49,52.85,153.10,0.261,-1,-1,-1
319,2,819.34,179.88,181.20,554.85,0.915,-1,-1,-1
319,5,31.39,3.64,416.68,1013.17,0.937,-1,-1,-1
319,8,1304.31,151.23,179.57,664.72,0.853,-1,-1,-1
319,9,718.91,316.29,32.02,145.82,-1.000,-1,-1,-1
319,20,991.87,211.73,95.24,424.57,0.839,-1,-1,-1
319,26,1109.67,116.83,284.35,862.23,0.884,-1,-1,-1
319,29,749.17,261.48,95.48,300.15,0.878,-1,-1,-1
319,30,716.54,296.47,36.59,165.63,0.363,-1,-1,-1
319,31,1069.28,329.19,32.46,114.99,0.217,-1,-1,-1
319,32,582.36,301.97,52.90,153.61,0.272,-1,-1,-1
320,2,817.14,176.25,181.77,553.32,0.916,-1,-1,-1
320,5,18.52,2.68,419.44,1010.72,0.910,-1,-1,-1
320,8,1309.60,149.85,176.45,665.94,0.840,-1,-1,-1
320,9,716.29,311.34,32.58,149.21,0.673,-1,-1,-1
320,20,989.50,207.08,96.64,426.61,0.854,-1,-1,-1
320,26,1112.58,109.62,291.75,889.00,0.894,-1,-1,-1
320,29,745.93,258.70,96.26,302.21,0.882,-1,-1,-1
320,30,714.36,296.32,35.92,164.02,-1.000,-1,-1,-1
320,31,1068.08,328.35,32.59,115.43,0.332,-1,-1,-1
320,32,578.03,300.58,52.69,153.64,0.469,-1,-1,-1
321,2,815.74,172.22,182.84,554.32,0.920,-1,-1,-1
321,5,7.93,2.44,417.62,1001.00,0.917,-1,-1,-1
321,8,1315.68,146.99,173.57,668.05,0.816,-1,-1,-1
321,9,713.43,307.36,32.78,151.52,-1.000,-1,-1,-1
321,20,987.03,202.49,97.58,427.58,0.848,-1,-1,-1
321,26,1116.32,99.96,299.90,918.54,0.892,-1,-1,-1
321,29,741.95,256.14,97.31,305.01,0.879,-1,-1,-1
321,30,712.17,296.17,35.26,162.41,0.639,-1,-1,-1
321,31,1066.21,325.47,33.62,119.38,0.422,-1,-1,-1
321,32,575.01,299.32,52.44,152.94,0.102,-1,-1,-1
322,2,818.33,168.57,182.49,553.59,0.915,-1,-1,-1
322,5,-2.43,1.55,415.94,996.71,0.893,-1,-1,-1
322,8,1322.46,144.83,171.54,670.24,0.674,-1,-1,-1
322,9,710.56,303.38,32.99,153.82,0.704,-1,-1,-1
322,20,985.28,198.65,98.00,426.64,0.836,-1,-1,-1
322,26,1123.51,83.62,308.36,948.26,0.867,-1,-1,-1
322,29,737.83,254.21,98.16,307.30,0.880,-1,-1,-1
322,30,709.81,297.69,34.55,160.07,-1.000,-1,-1,-1
322,31,1063.60,323.41,35.81,128.17,0.515,-1,-1,-1
322,32,569.72,297.18,52.16,153.25,0.539,-1,-1,-1
323,2,819.85,165.85,180.86,549.00,0.912,-1,-1,-1
323,5,-14.71,2.09,414.99,999.79,0.899,-1,-1,-1
323,8,1345.03,146.26,142.07,555.72,0.535,-1,-1,-1
323,9,708.38,304.35,32.83,153.59,-1.000,-1,-1,-1
323,20,982.91,196.27,97.97,424.25,0.833,-1,-1,-1
323,26,1135.99,71.40,314.18,967.84,0.874,-1,-1,-1
323,29,733.63,253.40,98.82,308.77,0.887,-1,-1,-1
323,30,707.44,299.21,33.83,157.74,0.693,-1,-1,-1
323,31,1062.64,324.12,35.03,125.77,0.583,-1,-1,-1
323,32,564.88,295.15,52.69,155.99,0.730,-1,-1,-1
324,2,821.09,165.29,178.67,541.60,0.910,-1,-1,-1
324,5,-27.09,4.84,410.85,1000.19,0.864,-1,-1,-1
324,8,1276.99,162.78,131.86,515.73,-1.000,-1,-1,-1
324,9,706.20,305.32,32.67,153.36,0.624,-1,-1,-1
324,20,981.83,195.86,98.31,423.39,0.845,-1,-1,-1
324,26,1149.22,62.80,318.48,979.30,0.897,-1,-1,-1
324,29,730.37,254.36,99.78,312.88,0.874,-1,-1,-1
324,31,1062.07,324.81,34.61,124.51,0.521,-1,-1,-1
324,32,562.23,296.12,52.69,156.95,0.681,-1,-1,-1
325,2,822.03,163.47,178.51,541.37,0.911,-1,-1,-1
325,5,-43.61,8.79,413.10,1017.94,0.733,-1,-1,-1
325,8,1208.95,179.30,121.64,475.74,-1.000,-1,-1,-1
325,9,704.61,305.06,32.42,153.56,0.392,-1,-1,-1
325,20,981.18,194.84,99.03,424.31,0.837,-1,-1,-1
325,26,1159.17,54.60,320.49,984.92,0.897,-1,-1,-1
325,29,725.48,253.71,100.56,315.13,0.865,-1,-1,-1
325,31,1061.89,324.59,34.58,124.72,0.554,-1,-1,-1
325,32,560.29,296.17,52.61,157.35,0.675,-1,-1,-1
326,2,823.02,161.99,179.07,544.71,0.912,-1,-1,-1
326,5,-57.18,7.83,403.13,1006.44,0.637,-1,-1,-1
326,8,1140.91,195.81,111.43,435.75,-1.000,-1,-1,-1
326,9,703.33,306.45,31.96,152.68,0.432,-1,-1,-1
326,20,981.92,193.96,100.00,425.52,0.842,-1,-1,-1
326,26,1169.15,42.11,324.24,995.29,0.920,-1,-1,-1
326,29,721.62,252.16,101.69,318.43,0.874,-1,-1,-1
326,31,1062.28,325.50,33.94,122.78,0.514,-1,-1,-1
326,32,559.24,294.83,53.34,160.65,0.659,-1,-1,-1
327,2,825.43,163.71,179.39,547.83,0.914,-1,-1,-1
327,5,-77.09,11.28,403.14,1023.57,0.578,-1,-1,-1
327,8,1072.87,212.33,101.21,395.76,-1.000,-1,-1,-1
327,9,703.36,308.87,31.89,153.30,0.220,-1,-1,-1
327,20,983.79,195.93,101.01,426.68,0.843,-1,-1,-1
327,26,1179.20,26.20,330.64,1012.95,0.919,-1,-1,-1
327,29,720.23,252.99,102.45,320.87,0.883,-1,-1,-1
327,31,1063.01,326.95,34.86,126.73,0.391,-1,-1,-1
327,32,559.06,297.06,53.47,161.58,0.657,-1,-1,-1
328,2,826.11,162.69,179.37,550.37,0.909,-1,-1,-1
328,5,-98.64,14.71,389.31,1022.72,0.754,-1,-1,-1
328,8,1004.83,228.85,91.00,355.77,-1.000,-1,-1,-1
328,9,701.28,299.03,33.26,161.57,0.109,-1,-1,-1
328,20,983.99,194.63,101.91,427.62,0.847,-1,-1,-1
328,26,1187.46,13.48,336.95,1028.83,0.920,-1,-1,-1
328,29,716.90,249.68,103.66,323.93,0.864,-1,-1,-1
328,31,1062.44,324.74,35.55,129.99,0.463,-1,-1,-1
328,32,557.80,295.11,53.81,163.36,0.649,-1,-1,-1
329,2,828.97,164.61,179.12,552.78,0.905,-1,-1,-1
329,8,936.78,245.36,80.78,315.78,-1.000,-1,-1,-1
329,20,984.98,194.95,102.74,428.62,0.845,-1,-1,-1
329,26,1202.08,7.88,342.27,1039.37,0.907,-1,-1,-1
329,29,715.44,248.19,105.13,327.31,0.872,-1,-1,-1
329,31,1064.36,324.04,36.14,132.88,0.307,-1,-1,-1
329,32,557.65,294.72,53.95,164.83,0.693,-1,-1,-1
329,34,824.88,232.11,56.70,204.84,0.735,-1,-1,-1
330,2,833.15,168.15,178.47,555.42,0.897,-1,-1,-1
330,8,868.74,261.88,70.57,275.79,-1.000,-1,-1,-1
330,20,985.83,197.12,103.72,430.10,0.863,-1,-1,-1
330,26,1219.41,5.32,345.02,1040.40,0.927,-1,-1,-1
330,29,714.88,249.17,105.94,328.57,0.872,-1,-1,-1
330,31,1067.57,325.93,34.19,126.00,0.454,-1,-1,-1
330,32,558.17,295.05,53.77,164.99,0.695,-1,-1,-1
330,34,825.15,232.35,57.52,207.66,0.611,-1,-1,-1
331,2,839.36,174.08,176.97,556.29,0.897,-1,-1,-1
331,8,800.70,278.40,60.35,235.81,-1.000,-1,-1,-1
331,20,988.22,201.02,104.19,430.04,0.857,-1,-1,-1
331,26,1241.48,6.31,348.19,1037.50,0.925,-1,-1,-1
331,29,714.46,251.45,107.17,331.09,0.885,-1,-1,-1
331,31,1071.76,328.98,32.37,119.12,0.148,-1,-1,-1
331,32,559.46,296.95,54.10,166.55,0.520,-1,-1,-1
331,34,825.50,233.79,58.30,210.36,0.470,-1,-1,-1
332,2,844.14,180.91,175.04,556.23,0.889,-1,-1,-1
332,8,732.66,294.91,50.13,195.82,-1.000,-1,-1,-1
332,20,990.47,205.80,104.76,430.45,0.862,-1,-1,-1
332,26,1261.37,7.82,350.57,1032.88,0.923,-1,-1,-1
332,29,713.34,254.54,108.18,332.11,0.903,-1,-1,-1
332,31,1074.81,332.17,30.83,113.39,0.307,-1,-1,-1
332,32,558.21,300.30,53.49,165.93,0.447,-1,-1,-1
332,34,814.81,236.08,82.90,300.41,0.643,-1,-1,-1
333,2,846.30,185.70,173.29,556.89,0.881,-1,-1,-1
333,8,664.62,311.43,39.92,155.83,0.577,-1,-1,-1
333,20,992.06,209.20,105.69,431.90,0.871,-1,-1,-1
333,26,1280.53,6.04,357.02,1038.15,0.925,-1,-1,-1
333,29,711.20,256.00,109.75,334.86,0.898,-1,-1,-1
333,31,1076.81,334.70,29.56,108.84,0.308,-1,-1,-1
333,32,557.02,303.08,53.16,165.86,0.580,-1,-1,-1
333,34,808.97,235.22,93.82,341.55,0.623,-1,-1,-1
334,2,846.24,189.75,172.23,559.68,0.879,-1,-1,-1
334,8,608.18,330.45,32.01,124.82,0.526,-1,-1,-1
334,20,992.42,213.90,106.43,432.16,0.862,-1,-1,-1
334,26,1297.89,4.33,366.79,1049.85,0.899,-1,-1,-1
334,29,708.53,258.58,111.07,336.67,0.885,-1,-1,-1
334,31,1077.74,337.54,29.40,108.49,0.341,-1,-1,-1
334,32,556.35,306.36,53.52,166.96,0.544,-1,-1,-1
334,34,803.43,237.35,100.12,366.12,0.684,-1,-1,-1
334,35,1174.93,321.50,51.61,80.04,0.682,-1,-1,-1
335,2,846.38,193.59,169.87,557.30,0.886,-1,-1,-1
335,8,600.30,333.72,33.63,131.47,-1.000,-1,-1,-1
335,20,992.88,218.94,107.11,431.64,0.869,-1,-1,-1
335,26,1314.92,6.21,371.87,1040.82,0.897,-1,-1,-1
335,29,705.74,261.04,111.81,336.99,0.878,-1,-1,-1
335,31,1078.70,342.40,28.88,106.72,0.198,-1,-1,-1
335,32,554.25,308.90,54.23,169.87,0.548,-1,-1,-1
335,34,800.30,240.15,103.39,379.74,0.667,-1,-1,-1
335,35,1173.23,324.58,51.75,80.21,0.744,-1,-1,-1
336,2,843.40,196.59,168.21,555.54,0.882,-1,-1,-1
336,8,592.42,336.98,35.25,138.12,0.568,-1,-1,-1
336,20,991.61,223.27,108.01,431.31,0.867,-1,-1,-1
336,26,1332.15,5.58,383.20,1039.93,0.899,-1,-1,-1
336,29,701.52,262.47,113.41,340.36,0.906,-1,-1,-1
336,31,1078.30,346.21,29.47,109.35,0.243,-1,-1,-1
336,32,552.06,311.84,54.28,170.93,0.580,-1,-1,-1
336,34,796.70,242.66,105.41,388.55,0.589,-1,-1,-1
336,35,1171.47,328.30,51.35,79.51,0.582,-1,-1,-1
336,36,1262.35,162.42,171.71,650.85,0.789,-1,-1,-1
337,2,839.56,198.75,167.34,555.41,0.875,-1,-1,-1
337,8,585.87,339.14,35.62,139.64,-1.000,-1,-1,-1
337,20,988.44,227.79,109.52,432.16,0.885,-1,-1,-1
337,26,1350.51,7.67,396.51,1038.84,0.879,-1,-1,-1
337,29,696.57,265.43,115.26,344.15,0.904,-1,-1,-1
337,31,1077.38,352.67,28.96,108.02,0.274,-1,-1,-1
337,32,550.04,315.36,54.32,172.01,0.209,-1,-1,-1
337,34,793.96,245.15,105.54,390.47,0.630,-1,-1,-1
337,35,1169.23,332.63,50.81,78.51,0.696,-1,-1,-1
337,36,1256.96,165.58,171.83,650.66,0.520,-1,-1,-1
338,2,834.91,199.63,167.01,555.33,0.882,-1,-1,-1
338,8,579.32,341.29,35.99,141.15,0.581,-1,-1,-1
338,20,985.74,231.82,110.49,431.12,0.877,-1,-1,-1
338,26,1374.24,7.26,413.99,1040.00,0.881,-1,-1,-1
338,29,691.82,267.20,116.72,347.18,0.898,-1,-1,-1
338,31,1074.71,357.41,31.18,117.36,0.116,-1,-1,-1
338,32,546.18,318.37,54.44,173.04,0.533,-1,-1,-1
338,34,790.23,247.54,104.51,389.25,0.709,-1,-1,-1
338,35,1165.10,335.81,50.33,77.59,0.689,-1,-1,-1
338,36,1234.79,234.59,152.96,580.54,0.566,-1,-1,-1
339,2,831.04,198.77,166.24,551.81,0.896,-1,-1,-1
339,8,579.29,343.86,36.13,142.05,-1.000,-1,-1,-1
339,20,983.77,234.35,111.48,430.38,0.876,-1,-1,-1
339,26,1386.95,6.03,429.57,1042.61,0.841,-1,-1,-1
339,29,687.79,267.68,118.02,350.14,0.884,-1,-1,-1
339,31,1073.42,359.65,31.92,121.36,0.112,-1,-1,-1
339,32,541.62,320.00,54.63,174.22,0.513,-1,-1,-1
339,34,786.66,247.02,104.02,390.17,0.694,-1,-1,-1
339,35,1160.90,338.01,49.89,76.74,0.606,-1,-1,-1
339,36,1237.27,195.63,167.63,634.59,0.696,-1,-1,-1
340,2,826.96,195.18,165.73,546.47,0.906,-1,-1,-1
340,8,579.26,346.43,36.26,142.94,0.560,-1,-1,-1
340,20,983.03,234.25,112.75,430.55,0.882,-1,-1,-1
340,26,1390.39,2.48,447.92,1058.16,0.831,-1,-1,-1
340,29,684.19,267.26,119.40,353.42,0.883,-1,-1,-1
340,31,1074.00,361.47,32.55,124.59,0.133,-1,-1,-1
340,32,537.81,319.41,55.07,176.52,0.560,-1,-1,-1
340,34,784.71,245.94,104.07,392.56,0.694,-1,-1,-1
340,35,1156.55,338.10,49.95,76.60,0.680,-1,-1,-1
340,36,1241.82,181.61,178.82,674.19,0.857,-1,-1,-1
341,2,821.70,191.96,167.17,545.40,0.910,-1,-1,-1
341,8,579.94,346.24,36.73,145.56,0.550,-1,-1,-1
341,20,982.37,232.43,114.08,431.59,0.881,-1,-1,-1
341,26,1392.42,2.95,459.53,1048.95,0.940,-1,-1,-1
341,29,680.21,265.85,120.67,356.32,0.885,-1,-1,-1
341,31,1073.22,361.02,32.96,127.51,0.117,-1,-1,-1
341,32,534.24,318.23,55.09,178.32,0.601,-1,-1,-1
341,34,782.89,243.75,103.67,393.04,0.721,-1,-1,-1
341,35,1153.23,337.94,49.68,76.10,0.297,-1,-1,-1
341,36,1243.26,173.40,184.24,691.27,0.890,-1,-1,-1
342,2,817.48,189.36,169.50,547.57,0.913,-1,-1,-1
342,8,578.70,346.41,37.75,149.38,0.589,-1,-1,-1
342,20,981.32,230.28,115.14,431.98,0.874,-1,-1,-1
342,26,1394.38,4.66,469.46,1047.09,0.890,-1,-1,-1
342,29,674.58,264.75,122.04,360.26,0.889,-1,-1,-1
342,32,530.49,317.07,55.39,179.79,0.614,-1,-1,-1
342,34,780.52,242.14,103.17,392.78,0.788,-1,-1,-1
342,35,1142.41,336.66,59.87,92.14,-1.000,-1,-1,-1
342,36,1244.37,167.29,187.29,698.60,0.893,-1,-1,-1
343,2,812.61,187.38,171.85,549.71,0.915,-1,-1,-1
343,8,574.33,345.80,37.62,148.66,-1.000,-1,-1,-1
343,20,979.00,229.26,116.02,432.86,0.868,-1,-1,-1
343,26,1399.16,5.54,476.01,1043.11,0.883,-1,-1,-1
343,29,668.83,264.17,123.21,363.51,0.885,-1,-1,-1
343,32,524.86,316.54,54.70,178.31,0.208,-1,-1,-1
343,34,776.79,241.77,102.74,393.46,0.793,-1,-1,-1
343,35,1131.59,335.38,70.06,108.19,-1.000,-1,-1,-1
343,36,1242.70,162.95,188.62,698.64,0.906,-1,-1,-1
344,2,808.60,186.52,174.30,552.60,0.905,-1,-1,-1
344,8,569.96,345.18,37.49,147.93,-1.000,-1,-1,-1
344,20,977.79,227.53,117.19,433.62,0.868,-1,-1,-1
344,26,1430.12,1.39,438.78,945.08,0.517,-1,-1,-1
344,29,664.78,261.51,124.54,366.61,0.872,-1,-1,-1
344,32,522.15,314.42,55.48,180.32,0.553,-1,-1,-1
344,34,773.61,240.71,103.37,398.48,0.793,-1,-1,-1
344,35,1120.77,334.10,80.24,124.24,-1.000,-1,-1,-1
344,36,1238.27,156.08,191.46,704.04,0.906,-1,-1,-1
345,2,805.47,184.94,175.84,552.95,0.907,-1,-1,-1
345,8,565.59,344.57,37.37,147.21,-1.000,-1,-1,-1
345,20,977.04,225.23,118.04,433.35,0.869,-1,-1,-1
345,26,1459.53,-1.77,408.32,867.62,0.546,-1,-1,-1
345,29,660.20,259.00,125.14,368.04,0.875,-1,-1,-1
345,32,516.00,311.04,55.64,181.45,0.655,-1,-1,-1
345,34,769.07,238.85,103.48,401.88,0.807,-1,-1,-1
345,35,1109.95,332.82,90.43,140.29,-1.000,-1,-1,-1
345,36,1235.07,151.94,194.34,706.26,0.915,-1,-1,-1
346,2,802.23,188.52,177.43,553.79,0.907,-1,-1,-1
346,8,561.22,343.95,37.24,146.49,0.694,-1,-1,-1
346,20,973.12,223.41,119.66,436.62,0.855,-1,-1,-1
346,26,1483.50,1.91,405.62,855.90,0.740,-1,-1,-1
346,29,652.89,257.01,126.16,370.35,0.900,-1,-1,-1
346,32,508.40,310.59,54.73,179.93,0.785,-1,-1,-1
346,34,763.90,237.75,103.12,405.16,0.837,-1,-1,-1
346,35,1099.13,331.54,100.62,156.34,0.544,-1,-1,-1
346,36,1231.42,148.21,198.53,709.72,0.922,-1,-1,-1
347,2,797.05,190.84,178.27,551.61,0.908,-1,-1,-1
347,8,556.86,343.68,37.30,146.35,0.654,-1,-1,-1
347,20,969.69,223.14,119.71,434.97,0.879,-1,-1,-1
347,26,1498.13,0.67,414.64,876.65,0.462,-1,-1,-1
347,29,643.46,254.80,128.08,375.78,0.901,-1,-1,-1
347,32,500.57,310.24,54.19,179.37,0.725,-1,-1,-1
347,34,756.06,236.51,103.25,406.96,0.823,-1,-1,-1
347,35,1088.74,331.10,106.52,168.94,0.652,-1,-1,-1
347,36,1224.32,148.35,203.02,713.53,0.927,-1,-1,-1
348,2,795.12,190.29,179.02,550.48,0.900,-1,-1,-1
348,8,551.79,339.25,37.31,146.96,0.758,-1,-1,-1
348,20,966.85,219.53,119.90,433.97,0.877,-1,-1,-1
348,26,1531.81,3.41,405.57,864.79,0.727,-1,-1,-1
348,29,637.36,249.85,129.60,380.06,0.884,-1,-1,-1
348,32,493.36,305.87,53.90,179.01,0.756,-1,-1,-1
348,34,752.43,232.14,103.64,409.74,0.810,-1,-1,-1
348,35,1080.82,327.48,110.19,178.44,0.648,-1,-1,-1
348,36,1217.42,143.70,205.27,707.84,0.923,-1,-1,-1
349,2,795.10,193.61,179.66,549.75,0.877,-1,-1,-1
349,8,546.82,335.39,37.74,147.57,0.624,-1,-1,-1
349,20,965.16,217.33,119.56,431.57,0.888,-1,-1,-1
349,26,1564.80,8.31,394.53,847.33,0.248,-1,-1,-1
349,29,632.15,246.46,130.33,381.77,0.875,-1,-1,-1
349,32,487.59,302.75,53.77,179.38,0.643,-1,-1,-1
349,34,746.91,229.15,104.85,414.10,0.834,-1,-1,-1
349,35,1078.52,331.07,109.68,179.52,0.531,-1,-1,-1
349,36,1208.82,141.54,211.09,715.39,0.920,-1,-1,-1
350,2,795.12,193.71,179.94,548.58,0.885,-1,-1,-1
350,8,541.45,333.27,38.41,148.22,0.740,-1,-1,-1
350,20,963.95,216.14,119.57,431.82,0.878,-1,-1,-1
350,29,625.17,243.56,131.61,385.72,0.874,-1,-1,-1
350,32,482.21,300.85,53.51,179.40,0.676,-1,-1,-1
350,34,743.96,225.81,105.65,418.09,0.836,-1,-1,-1
350,35,1070.50,330.18,110.13,181.12,-1.000,-1,-1,-1
350,36,1202.29,140.54,212.76,706.82,0.935,-1,-1,-1
351,2,795.88,195.72,179.50,545.97,0.886,-1,-1,-1
351,8,536.36,332.96,38.64,148.85,0.694,-1,-1,-1
351,20,963.32,217.51,119.22,430.25,0.871,-1,-1,-1
351,29,618.96,242.02,132.54,388.99,0.884,-1,-1,-1
351,32,476.88,300.90,53.23,179.14,0.671,-1,-1,-1
351,34,740.83,223.74,106.51,420.85,0.859,-1,-1,-1
351,35,1062.48,329.30,110.58,182.72,-1.000,-1,-1,-1
351,36,1194.73,142.25,216.06,703.90,0.927,-1,-1,-1
352,2,796.29,195.35,180.06,545.99,0.885,-1,-1,-1
352,8,530.13,329.65,39.57,151.32,0.671,-1,-1,-1
352,20,961.16,217.38,119.33,431.49,0.857,-1,-1,-1
352,29,612.93,240.53,133.10,391.33,0.875,-1,-1,-1
352,32,471.25,299.92,53.09,179.56,0.671,-1,-1,-1
352,34,736.02,220.51,107.85,425.34,0.868,-1,-1,-1
352,35,1054.46,328.42,111.02,184.32,-1.000,-1,-1,-1
352,36,1186.46,142.82,220.52,704.91,0.930,-1,-1,-1
353,2,797.04,193.38,180.97,547.30,0.905,-1,-1,-1
353,8,523.50,327.09,40.03,152.38,0.668,-1,-1,-1
353,20,959.56,217.17,118.39,431.56,0.852,-1,-1,-1
353,29,606.00,238.36,133.45,392.70,0.898,-1,-1,-1
353,32,464.43,297.96,53.28,180.16,0.657,-1,-1,-1
353,34,730.82,216.24,109.59,431.17,0.851,-1,-1,-1
353,35,1046.44,327.53,111.47,185.92,0.598,-1,-1,-1
353,36,1178.20,142.15,225.38,707.84,0.933,-1,-1,-1
354,2,797.23,192.86,180.92,546.05,0.906,-1,-1,-1
354,8,515.63,325.86,41.06,155.14,0.766,-1,-1,-1
354,20,956.24,218.51,117.53,431.95,0.851,-1,-1,-1
354,29,597.75,237.41,133.92,395.05,0.904,-1,-1,-1
354,32,456.53,298.01,53.64,181.38,0.703,-1,-1,-1
354,34,725.27,215.15,110.16,431.80,0.846,-1,-1,-1
354,35,1038.45,326.67,109.34,185.76,0.589,-1,-1,-1
354,36,1171.18,143.82,229.92,710.10,0.938,-1,-1,-1
355,2,796.61,191.25,178.24,537.02,0.907,-1,-1,-1
355,8,507.58,324.60,41.56,156.52,0.744,-1,-1,-1
355,20,951.13,218.76,116.73,432.27,0.852,-1,-1,-1
355,29,589.06,234.97,134.67,398.46,0.892,-1,-1,-1
355,32,448.74,296.94,53.26,179.80,0.599,-1,-1,-1
355,34,718.61,211.31,111.67,436.08,0.850,-1,-1,-1
355,35,1030.33,326.48,107.49,185.03,0.467,-1,-1,-1
355,36,1163.74,142.50,235.17,714.80,0.938,-1,-1,-1
356,2,793.91,190.00,176.52,531.29,0.913,-1,-1,-1
356,8,500.20,323.28,42.32,157.69,0.657,-1,-1,-1
356,20,945.84,218.49,115.94,432.73,0.858,-1,-1,-1
356,29,578.60,232.68,135.81,402.80,0.887,-1,-1,-1
356,32,440.95,296.19,53.72,181.17,0.724,-1,-1,-1
356,34,709.96,206.93,113.86,441.45,0.876,-1,-1,-1
356,35,1021.22,323.09,106.07,186.69,0.675,-1,-1,-1
356,36,1156.16,140.80,239.64,718.64,0.939,-1,-1,-1
356,37,148.47,282.85,54.45,228.39,0.654,-1,-1,-1
357,2,789.95,186.90,177.05,534.40,0.917,-1,-1,-1
357,8,490.83,322.40,42.76,158.32,0.684,-1,-1,-1
357,20,939.14,220.11,115.44,434.49,0.850,-1,-1,-1
357,29,566.97,229.64,137.85,409.99,0.902,-1,-1,-1
357,32,432.68,295.73,54.18,181.92,0.721,-1,-1,-1
357,34,701.24,203.57,116.01,445.67,0.876,-1,-1,-1
357,35,1013.14,321.38,103.90,187.72,0.740,-1,-1,-1
357,36,1149.31,140.01,243.76,722.22,0.941,-1,-1,-1
357,37,137.73,282.85,54.59,228.04,0.777,-1,-1,-1
358,2,785.70,183.94,177.46,537.97,0.911,-1,-1,-1
358,8,482.44,322.25,42.85,158.35,0.610,-1,-1,-1
358,20,931.04,220.22,114.46,433.53,0.856,-1,-1,-1
358,29,553.29,228.26,139.73,415.14,0.893,-1,-1,-1
358,32,424.25,295.05,54.79,183.59,0.691,-1,-1,-1
358,34,690.79,200.15,118.74,449.79,0.893,-1,-1,-1
358,35,1005.06,321.44,101.25,187.11,0.701,-1,-1,-1
358,36,1141.41,139.01,246.70,724.46,0.938,-1,-1,-1
358,37,126.61,283.56,55.09,228.51,0.801,-1,-1,-1
359,2,781.53,181.89,176.79,538.26,0.907,-1,-1,-1
359,8,472.56,323.50,42.59,156.74,0.722,-1,-1,-1
359,20,925.62,219.75,113.63,433.48,0.829,-1,-1,-1
359,29,539.09,225.96,142.25,421.73,0.892,-1,-1,-1
359,32,414.02,293.98,55.11,183.79,0.772,-1,-1,-1
359,34,679.93,196.78,121.55,453.64,0.899,-1,-1,-1
359,35,997.38,319.60,99.23,188.21,0.758,-1,-1,-1
359,36,1134.83,139.58,249.46,726.07,0.937,-1,-1,-1
359,37,114.37,282.38,56.35,231.41,0.850,-1,-1,-1
360,2,776.24,181.35,176.36,539.92,0.901,-1,-1,-1
360,8,461.57,324.04,43.17,157.93,0.742,-1,-1,-1
360,20,917.22,219.09,112.64,433.23,0.837,-1,-1,-1
360,29,524.16,225.50,143.95,425.21,0.894,-1,-1,-1
360,32,402.99,293.98,55.80,185.94,0.763,-1,-1,-1
360,34,667.91,194.54,124.56,457.14,0.911,-1,-1,-1
360,35,990.61,320.54,96.32,187.54,0.786,-1,-1,-1
360,36,1127.49,139.46,252.12,728.47,0.936,-1,-1,-1
360,37,99.80,283.02,57.56,232.84,0.857,-1,-1,-1
361,2,770.65,180.24,176.18,543.25,0.903,-1,-1,-1
361,8,451.37,325.32,43.08,157.29,0.735,-1,-1,-1
361,20,909.49,218.41,111.63,433.49,0.851,-1,-1,-1
361,29,510.23,224.46,145.93,430.38,0.909,-1,-1,-1
361,32,391.34,294.02,56.26,187.82,0.726,-1,-1,-1
361,34,656.18,192.80,127.86,461.51,0.909,-1,-1,-1
361,35,982.22,319.27,95.23,189.70,0.774,-1,-1,-1
361,36,1119.75,140.89,253.39,728.37,0.930,-1,-1,-1
361,37,86.22,284.01,58.99,233.88,0.867,-1,-1,-1
362,2,765.65,182.46,176.15,547.69,0.906,-1,-1,-1
362,8,441.13,323.45,44.71,162.92,0.726,-1,-1,-1
362,20,902.00,218.45,110.85,434.24,0.850,-1,-1,-1
362,29,498.21,225.82,147.41,435.46,0.886,-1,-1,-1
362,32,381.28,295.36,56.52,189.97,0.717,-1,-1,-1
362,34,644.47,193.09,131.94,467.71,0.914,-1,-1,-1
362,35,974.92,321.13,93.55,189.86,0.797,-1,-1,-1
362,36,1113.34,141.78,254.84,728.99,0.934,-1,-1,-1
362,37,73.20,286.45,60.60,235.13,0.864,-1,-1,-1
363,2,761.87,182.99,175.40,551.08,0.908,-1,-1,-1
363,8,432.27,323.04,45.32,164.77,0.657,-1,-1,-1
363,20,894.60,218.22,110.11,435.16,0.829,-1,-1,-1
363,29,486.11,225.17,149.29,441.81,0.896,-1,-1,-1
363,32,371.82,295.58,56.62,191.69,0.663,-1,-1,-1
363,34,632.47,192.27,136.21,472.15,0.913,-1,-1,-1
363,35,968.47,320.96,92.37,190.36,0.798,-1,-1,-1
363,36,1108.98,141.23,256.69,730.81,0.928,-1,-1,-1
363,37,62.78,287.93,62.29,236.47,0.860,-1,-1,-1
364,2,760.18,182.85,174.20,553.94,0.900,-1,-1,-1
364,8,426.93,324.68,44.98,162.85,0.675,-1,-1,-1
364,20,889.65,216.10,109.70,438.02,0.837,-1,-1,-1
364,29,475.04,224.33,151.20,447.62,0.890,-1,-1,-1
364,32,364.73,295.52,56.69,192.63,0.712,-1,-1,-1
364,34,621.42,190.70,140.94,477.59,0.913,-1,-1,-1
364,35,965.12,319.62,91.59,191.50,0.804,-1,-1,-1
364,36,1106.94,138.89,257.43,730.70,0.929,-1,-1,-1
364,37,56.70,288.78,63.64,237.12,0.845,-1,-1,-1
365,2,760.12,189.10,171.65,551.35,0.906,-1,-1,-1
365,8,422.72,330.17,44.73,161.20,0.632,-1,-1,-1
365,20,886.99,215.87,109.08,440.74,0.854,-1,-1,-1
365,29,466.50,225.57,152.73,451.96,0.886,-1,-1,-1
365,32,361.78,299.22,56.52,192.75,0.712,-1,-1,-1
365,34,612.19,192.75,146.06,483.88,0.913,-1,-1,-1
365,35,963.36,320.98,90.94,192.56,0.754,-1,-1,-1
365,36,1107.54,138.76,258.48,732.18,0.929,-1,-1,-1
365,37,54.22,292.21,64.07,234.86,0.818,-1,-1,-1
366,2,758.01,194.09,169.01,547.47,0.898,-1,-1,-1
366,8,417.87,334.49,44.59,159.09,0.690,-1,-1,-1
366,20,884.92,216.63,107.05,437.13,0.811,-1,-1,-1
366,29,455.53,225.66,154.58,456.89,0.886,-1,-1,-1
366,32,356.82,301.02,56.57,193.75,0.707,-1,-1,-1
366,34,603.48,194.44,151.25,493.18,0.916,-1,-1,-1
366,35,959.25,321.90,90.08,192.09,0.713,-1,-1,-1
366,36,1104.87,138.71,258.82,731.78,0.930,-1,-1,-1
366,37,51.32,294.98,64.70,233.16,0.797,-1,-1,-1
367,2,757.95,193.38,167.39,546.96,0.893,-1,-1,-1
367,8,415.58,332.99,45.56,161.60,0.655,-1,-1,-1
367,20,885.06,213.83,105.13,434.66,0.812,-1,-1,-1
367,29,448.13,222.46,156.37,462.35,0.910,-1,-1,-1
367,32,354.63,300.00,56.56,194.06,0.669,-1,-1,-1
367,34,600.88,192.86,153.98,496.43,0.912,-1,-1,-1
367,35,957.95,314.46,91.44,196.68,0.690,-1,-1,-1
367,36,1104.98,136.45,258.18,727.93,0.933,-1,-1,-1
367,37,50.13,294.85,65.77,233.29,0.844,-1,-1,-1
368,2,758.63,194.24,166.10,547.09,0.882,-1,-1,-1
368,8,413.47,332.71,45.93,163.37,0.705,-1,-1,-1
368,20,886.17,213.16,103.29,433.66,0.830,-1,-1,-1
368,29,442.14,221.87,157.84,466.34,0.907,-1,-1,-1
368,32,352.28,301.00,56.65,194.69,0.779,-1,-1,-1
368,34,598.50,193.15,157.32,504.12,0.917,-1,-1,-1
368,35,958.66,313.40,91.11,197.46,0.814,-1,-1,-1
368,36,1105.90,137.03,256.44,720.89,0.933,-1,-1,-1
368,37,49.99,295.95,66.97,234.40,0.831,-1,-1,-1
369,2,759.43,193.82,165.46,548.23,0.876,-1,-1,-1
369,8,411.35,331.40,46.10,165.10,0.469,-1,-1,-1
369,20,887.99,212.72,101.40,432.11,0.814,-1,-1,-1
369,29,436.69,220.24,160.12,471.18,0.908,-1,-1,-1
369,32,349.86,301.19,57.16,196.11,0.748,-1,-1,-1
369,34,595.08,193.12,160.07,510.29,0.911,-1,-1,-1
369,35,959.35,313.60,90.58,197.50,0.797,-1,-1,-1
369,36,1107.20,137.81,255.30,715.51,0.937,-1,-1,-1
369,37,50.47,297.13,68.09,234.96,0.845,-1,-1,-1
370,2,761.54,194.52,164.39,547.22,0.891,-1,-1,-1
370,20,889.99,213.17,99.87,432.03,0.781,-1,-1,-1
370,29,433.42,220.78,162.87,475.76,0.904,-1,-1,-1
370,32,348.40,303.69,57.09,196.39,0.806,-1,-1,-1
370,34,592.10,193.82,162.63,516.62,0.915,-1,-1,-1
370,35,960.09,314.41,90.59,198.76,0.795,-1,-1,-1
370,36,1107.96,137.94,256.11,717.15,0.937,-1,-1,-1
370,37,52.31,300.60,69.07,235.17,0.833,-1,-1,-1
371,2,764.34,195.43,162.22,541.55,0.897,-1,-1,-1
371,20,891.94,214.53,98.39,431.83,0.782,-1,-1,-1
371,29,428.77,222.63,164.92,479.12,0.900,-1,-1,-1
371,32,348.25,306.72,56.90,196.22,0.792,-1,-1,-1
371,34,588.71,193.52,164.73,521.96,0.921,-1,-1,-1
371,35,962.08,316.58,90.32,198.45,0.813,-1,-1,-1
371,36,1108.77,138.63,257.34,720.56,0.934,-1,-1,-1
371,37,53.86,304.16,70.12,235.69,0.855,-1,-1,-1
371,38,1068.51,352.88,22.03,25.82,0.655,-1,-1,-1
372,2,766.74,196.00,160.80,537.84,0.899,-1,-1,-1
372,20,894.51,215.78,97.42,433.29,0.779,-1,-1,-1
372,29,423.46,223.73,167.02,482.05,0.905,-1,-1,-1
372,32,349.46,308.78,56.78,197.06,0.811,-1,-1,-1
372,34,584.84,192.16,167.13,528.01,0.920,-1,-1,-1
372,35,964.52,318.61,90.18,198.06,0.804,-1,-1,-1
372,36,1109.58,139.23,258.36,724.43,0.937,-1,-1,-1
372,37,55.37,306.71,71.11,236.41,0.816,-1,-1,-1
372,38,1071.13,353.72,22.08,25.86,0.622,-1,-1,-1
372,39,739.09,307.45,32.94,195.06,0.661,-1,-1,-1
373,2,768.43,198.05,161.10,539.03,0.899,-1,-1,-1
373,20,896.69,219.29,96.08,432.45,0.752,-1,-1,-1
373,29,417.60,221.01,170.47,489.63,0.901,-1,-1,-1
373,32,351.84,311.93,56.58,197.95,0.816,-1,-1,-1
373,34,580.32,192.18,169.42,533.10,0.918,-1,-1,-1
373,35,965.71,321.67,89.79,197.76,0.817,-1,-1,-1
373,36,1110.54,141.48,259.76,729.88,0.933,-1,-1,-1
373,37,56.80,310.05,71.73,236.07,0.819,-1,-1,-1
373,38,1072.15,356.09,21.94,25.73,0.409,-1,-1,-1
373,39,739.45,310.25,33.37,197.28,0.646,-1,-1,-1
374,2,770.28,200.39,161.13,539.53,0.905,-1,-1,-1
374,20,899.12,221.91,94.94,432.99,0.844,-1,-1,-1
374,29,413.87,225.21,171.18,489.54,0.897,-1,-1,-1
374,32,352.82,315.02,56.36,198.09,0.734,-1,-1,-1
374,34,572.74,192.32,172.50,538.69,0.900,-1,-1,-1
374,35,967.32,323.58,90.06,198.71,0.784,-1,-1,-1
374,36,1110.56,143.34,260.98,735.86,0.924,-1,-1,-1
374,37,58.13,313.72,72.09,235.28,0.832,-1,-1,-1
374,38,1072.58,359.18,21.42,25.15,0.496,-1,-1,-1
374,39,739.19,313.08,33.52,197.62,0.654,-1,-1,-1
375,2,771.65,203.93,161.05,540.02,0.905,-1,-1,-1
375,20,901.20,224.17,93.91,433.90,0.826,-1,-1,-1
375,29,406.31,223.62,173.68,497.38,0.893,-1,-1,-1
375,32,351.99,318.11,56.44,197.89,0.658,-1,-1,-1
375,34,568.35,191.82,174.99,543.48,0.904,-1,-1,-1
375,35,969.71,324.77,90.91,200.84,0.759,-1,-1,-1
375,36,1111.09,144.96,261.51,740.91,0.923,-1,-1,-1
375,37,58.61,317.11,72.18,234.73,0.764,-1,-1,-1
375,38,1073.10,362.27,20.93,24.63,0.521,-1,-1,-1
375,39,738.86,315.24,33.74,197.57,0.778,-1,-1,-1
375,40,-0.82,338.85,59.41,199.75,0.581,-1,-1,-1
376,2,773.02,207.11,161.06,541.32,0.899,-1,-1,-1
376,20,903.11,227.39,92.97,435.24,0.817,-1,-1,-1
376,29,399.29,227.05,174.60,502.17,0.892,-1,-1,-1
376,32,350.90,320.55,56.80,199.42,0.603,-1,-1,-1
376,34,562.24,190.55,178.34,550.12,0.911,-1,-1,-1
376,35,971.72,329.72,90.63,199.36,0.828,-1,-1,-1
376,36,1111.18,148.50,261.20,744.24,0.924,-1,-1,-1
376,37,58.13,319.48,72.29,235.46,0.663,-1,-1,-1
376,38,1073.55,365.49,21.19,24.96,0.481,-1,-1,-1
376,39,738.51,317.29,34.17,197.88,0.805,-1,-1,-1
376,40,-1.96,340.92,59.39,199.83,0.378,-1,-1,-1
377,2,774.86,210.71,160.86,541.77,0.906,-1,-1,-1
377,20,905.10,231.52,91.84,434.92,0.807,-1,-1,-1
377,29,391.79,228.05,176.62,510.48,0.896,-1,-1,-1
377,32,350.83,322.64,56.86,200.11,0.645,-1,-1,-1
377,34,556.81,189.67,181.51,555.25,0.916,-1,-1,-1
377,35,972.21,333.40,90.44,199.61,0.741,-1,-1,-1
377,36,1112.50,152.64,260.59,747.36,0.929,-1,-1,-1
377,37,58.09,321.36,71.97,235.01,0.618,-1,-1,-1
377,38,1073.79,369.06,21.25,25.18,0.584,-1,-1,-1
377,39,739.36,319.88,34.86,198.57,0.835,-1,-1,-1
377,40,-3.54,340.93,59.77,201.36,0.336,-1,-1,-1
378,2,777.31,214.09,160.90,542.81,0.913,-1,-1,-1
378,20,907.12,235.55,91.40,437.52,0.806,-1,-1,-1
378,29,387.14,228.69,178.36,518.83,0.896,-1,-1,-1
378,32,350.77,323.83,57.31,201.71,0.447,-1,-1,-1
378,34,552.23,188.77,184.57,559.52,0.919,-1,-1,-1
378,35,975.08,335.21,91.25,201.25,0.736,-1,-1,-1
378,36,1112.73,155.56,260.04,751.30,0.922,-1,-1,-1
378,37,57.77,323.98,71.54,234.53,0.665,-1,-1,-1
378,38,1074.99,373.03,20.74,24.72,0.672,-1,-1,-1
378,39,740.55,321.89,35.74,199.48,0.856,-1,-1,-1
378,40,-3.05,344.14,59.03,199.04,0.403,-1,-1,-1
378,41,1047.26,371.94,27.26,28.08,0.656,-1,-1,-1
379,2,779.67,214.69,161.45,545.59,0.913,-1,-1,-1
379,20,910.01,236.66,90.90,440.53,0.805,-1,-1,-1
379,29,382.62,229.65,178.86,523.34,0.901,-1,-1,-1
379,32,351.61,330.42,56.14,196.88,0.168,-1,-1,-1
379,34,547.46,187.65,187.47,563.21,0.919,-1,-1,-1
379,35,977.20,336.31,91.83,202.61,0.748,-1,-1,-1
379,36,1112.29,157.28,259.43,755.23,0.920,-1,-1,-1
379,37,57.64,324.90,71.33,234.57,0.633,-1,-1,-1
379,38,1075.53,375.81,20.86,25.02,0.679,-1,-1,-1
379,39,741.56,322.72,36.74,200.57,0.867,-1,-1,-1
379,40,-4.02,345.46,58.64,198.03,0.344,-1,-1,-1
379,41,1048.96,374.92,26.62,27.40,0.666,-1,-1,-1
380,2,781.43,216.84,161.39,545.72,0.913,-1,-1,-1
380,20,912.00,238.22,89.98,441.28,0.804,-1,-1,-1
380,29,378.67,229.14,179.46,526.84,0.886,-1,-1,-1
380,34,541.07,185.86,190.62,567.45,0.923,-1,-1,-1
380,35,977.01,336.43,92.36,204.83,0.760,-1,-1,-1
380,36,1111.31,157.62,258.22,758.00,0.922,-1,-1,-1
380,37,57.18,334.04,68.51,225.83,0.476,-1,-1,-1
380,38,1075.53,378.25,20.83,25.09,0.587,-1,-1,-1
380,39,741.43,323.46,37.96,201.64,0.876,-1,-1,-1
380,40,-4.82,345.83,58.33,197.25,0.191,-1,-1,-1
380,41,1050.61,377.44,26.26,27.00,0.683,-1,-1,-1
381,2,782.27,219.38,161.28,545.58,0.912,-1,-1,-1
381,20,912.18,240.70,89.33,442.30,0.798,-1,-1,-1
381,29,372.32,228.23,182.25,537.95,0.866,-1,-1,-1
381,34,533.57,183.97,195.25,576.18,0.925,-1,-1,-1
381,35,976.83,336.47,92.58,207.09,0.768,-1,-1,-1
381,36,1109.96,159.17,256.03,757.24,0.921,-1,-1,-1
381,37,54.76,341.66,66.07,218.30,0.341,-1,-1,-1
381,38,1074.98,381.11,20.21,24.39,0.492,-1,-1,-1
381,39,740.42,323.94,39.38,203.24,0.869,-1,-1,-1
381,40,-7.62,345.26,58.24,197.58,0.217,-1,-1,-1
381,41,1050.64,379.48,26.48,27.18,0.665,-1,-1,-1
382,2,783.48,222.23,160.36,542.01,0.912,-1,-1,-1
382,20,913.22,244.52,88.43,440.12,0.740,-1,-1,-1
382,29,368.42,227.24,184.09,545.30,0.865,-1,-1,-1
382,34,526.03,182.87,200.82,587.60,0.925,-1,-1,-1
382,35,976.68,336.92,92.79,208.52,0.607,-1,-1,-1
382,36,1107.59,158.19,255.10,759.82,0.923,-1,-1,-1
382,37,52.51,347.23,64.46,213.05,0.334,-1,-1,-1
382,38,1075.05,383.65,19.74,23.86,0.503,-1,-1,-1
382,39,739.50,324.84,40.90,204.31,0.878,-1,-1,-1
382,40,-5.53,344.28,58.63,198.85,0.181,-1,-1,-1
382,41,1050.94,382.06,25.72,26.34,0.662,-1,-1,-1
383,2,783.91,220.33,160.54,542.48,0.905,-1,-1,-1
383,20,913.56,244.78,87.91,440.50,0.746,-1,-1,-1
383,29,361.90,221.07,186.91,555.62,0.852,-1,-1,-1
383,34,517.92,178.33,206.86,600.26,0.927,-1,-1,-1
383,35,975.00,330.51,95.42,214.89,0.624,-1,-1,-1
383,36,1106.05,156.45,253.86,760.61,0.926,-1,-1,-1
383,37,49.08,347.94,63.22,209.14,0.110,-1,-1,-1
383,38,1074.07,383.22,19.64,23.77,0.379,-1,-1,-1
383,39,738.36,322.82,42.62,205.87,0.873,-1,-1,-1
383,40,-7.51,340.57,58.72,199.68,0.152,-1,-1,-1
383,41,1051.20,381.41,25.98,26.57,0.648,-1,-1,-1
384,2,783.46,216.17,161.57,545.74,0.901,-1,-1,-1
384,20,912.68,245.01,87.62,443.00,0.782,-1,-1,-1
384,29,351.85,215.93,188.96,564.11,0.856,-1,-1,-1
384,34,510.21,174.94,212.10,610.64,0.925,-1,-1,-1
384,35,973.25,327.17,96.95,219.29,0.659,-1,-1,-1
384,36,1102.44,153.98,254.00,764.17,0.923,-1,-1,-1
384,37,38.61,340.25,63.33,210.37,-1.000,-1,-1,-1
384,38,1071.45,383.22,19.87,24.21,0.320,-1,-1,-1
384,39,736.74,321.56,44.25,207.27,0.873,-1,-1,-1
384,40,-7.84,333.54,59.21,201.73,-1.000,-1,-1,-1
384,41,1050.13,381.07,26.76,27.35,0.514,-1,-1,-1
385,2,783.88,216.88,161.78,545.29,0.899,-1,-1,-1
385,20,913.08,247.46,87.09,442.66,0.740,-1,-1,-1
385,29,346.15,216.08,189.84,568.99,0.864,-1,-1,-1
385,34,504.80,175.05,215.72,616.28,0.926,-1,-1,-1
385,35,975.25,333.27,95.37,215.92,0.673,-1,-1,-1
385,36,1100.35,155.94,253.53,764.68,0.923,-1,-1,-1
385,37,28.14,332.57,63.44,211.60,-1.000,-1,-1,-1
385,38,1070.28,386.05,19.83,24.30,0.313,-1,-1,-1
385,39,735.71,323.15,45.98,208.07,0.884,-1,-1,-1
385,40,-8.18,326.52,59.70,203.78,-1.000,-1,-1,-1
385,41,1050.61,384.22,26.26,26.76,0.609,-1,-1,-1
386,2,782.91,216.37,160.85,538.43,0.903,-1,-1,-1
386,20,912.27,247.02,86.64,442.75,0.760,-1,-1,-1
386,29,336.66,206.08,192.05,577.79,0.879,-1,-1,-1
386,34,498.18,171.75,219.75,624.06,0.925,-1,-1,-1
386,35,975.26,335.30,94.17,213.84,0.637,-1,-1,-1
386,36,1097.76,157.17,252.34,760.09,0.924,-1,-1,-1
386,37,17.67,324.88,63.55,212.83,-1.000,-1,-1,-1
386,38,1068.92,386.85,19.30,23.69,0.171,-1,-1,-1
386,39,733.87,321.24,47.73,208.34,0.892,-1,-1,-1
386,40,-8.52,319.49,60.18,205.83,-1.000,-1,-1,-1
386,41,1050.58,384.97,25.72,26.12,0.591,-1,-1,-1
387,2,780.42,215.99,160.16,531.47,0.909,-1,-1,-1
387,20,911.32,245.22,86.35,442.65,0.777,-1,-1,-1
387,29,328.18,200.60,193.33,584.36,0.896,-1,-1,-1
387,34,490.67,169.06,224.01,632.27,0.931,-1,-1,-1
387,35,975.22,335.71,93.25,212.68,0.685,-1,-1,-1
387,36,1094.58,156.54,250.76,752.26,0.928,-1,-1,-1
387,37,7.21,317.19,63.66,214.06,-1.000,-1,-1,-1
387,38,1066.71,385.92,19.65,24.27,0.285,-1,-1,-1
387,39,731.26,319.32,49.51,209.51,0.878,-1,-1,-1
387,40,-8.86,312.46,60.67,207.88,0.512,-1,-1,-1
387,41,1050.12,384.72,25.38,25.67,0.573,-1,-1,-1
388,2,777.33,214.24,161.43,531.16,0.905,-1,-1,-1
388,20,911.03,243.40,85.36,439.35,0.802,-1,-1,-1
388,29,319.97,194.00,195.31,593.01,0.887,-1,-1,-1
388,34,483.91,166.21,229.21,644.25,0.927,-1,-1,-1
388,35,975.23,336.80,92.22,211.21,0.732,-1,-1,-1
388,36,1091.35,155.90,250.78,748.34,0.935,-1,-1,-1
388,37,-3.26,309.51,63.76,215.29,0.609,-1,-1,-1
388,38,1063.40,384.78,19.78,24.56,0.181,-1,-1,-1
388,39,728.63,317.64,51.30,210.24,0.891,-1,-1,-1
388,40,-10.72,307.88,61.05,210.77,-1.000,-1,-1,-1
388,41,1049.36,384.08,25.12,25.31,0.553,-1,-1,-1
389,2,773.87,213.73,163.47,533.26,0.908,-1,-1,-1
389,20,911.08,242.78,83.94,433.41,0.810,-1,-1,-1
389,29,311.79,189.63,197.20,600.85,0.893,-1,-1,-1
389,34,479.46,163.11,233.68,656.69,0.924,-1,-1,-1
389,35,975.58,338.85,91.18,210.04,0.764,-1,-1,-1
389,36,1087.82,155.98,252.54,748.84,0.936,-1,-1,-1
389,39,726.77,317.83,52.88,209.89,0.897,-1,-1,-1
389,40,-12.58,303.29,61.43,213.65,0.514,-1,-1,-1
389,41,1048.51,384.19,25.54,25.65,0.544,-1,-1,-1
390,2,770.69,215.20,165.06,534.16,0.900,-1,-1,-1
390,20,910.04,242.75,83.24,430.64,0.800,-1,-1,-1
390,29,303.80,187.07,198.50,605.89,0.896,-1,-1,-1
390,34,475.78,160.42,236.45,665.73,0.921,-1,-1,-1
390,35,975.82,338.84,90.89,210.95,0.819,-1,-1,-1
390,36,1083.49,157.27,256.54,754.26,0.931,-1,-1,-1
390,39,724.64,318.06,54.58,209.86,0.899,-1,-1,-1
390,40,-14.12,299.68,61.51,215.88,0.142,-1,-1,-1
390,41,1047.84,384.58,25.67,25.71,0.597,-1,-1,-1
391,2,768.16,215.89,166.09,533.31,0.902,-1,-1,-1
391,20,907.17,242.58,83.32,431.09,0.820,-1,-1,-1
391,29,295.53,182.85,200.24,611.93,0.902,-1,-1,-1
391,34,472.06,154.90,238.75,674.85,0.925,-1,-1,-1
391,35,975.53,339.32,90.13,210.46,0.830,-1,-1,-1
391,36,1078.56,156.94,260.42,758.38,0.935,-1,-1,-1
391,39,721.84,317.09,56.62,211.52,0.906,-1,-1,-1
391,40,-13.68,296.26,60.72,214.60,0.161,-1,-1,-1
391,41,1046.75,384.00,26.02,25.98,0.635,-1,-1,-1
392,2,765.31,215.69,167.39,534.94,0.898,-1,-1,-1
392,20,904.31,241.28,83.64,432.44,0.828,-1,-1,-1
392,29,286.24,177.22,202.52,619.98,0.911,-1,-1,-1
392,34,468.89,148.38,240.82,684.13,0.922,-1,-1,-1
392,35,974.37,337.72,90.11,211.32,0.831,-1,-1,-1
392,36,1073.44,156.15,264.32,763.45,0.928,-1,-1,-1
392,39,718.44,315.77,58.70,213.23,0.909,-1,-1,-1
392,41,1045.89,383.22,25.66,25.51,0.581,-1,-1,-1
393,2,762.96,218.21,167.90,534.68,0.896,-1,-1,-1
393,20,902.14,240.78,84.03,433.89,0.847,-1,-1,-1
393,29,277.24,173.77,204.96,627.47,0.897,-1,-1,-1
393,34,465.76,142.27,242.88,693.49,0.920,-1,-1,-1
393,35,972.04,338.30,89.52,210.98,0.806,-1,-1,-1
393,36,1069.51,156.65,268.33,768.64,0.929,-1,-1,-1
393,39,715.18,315.43,60.50,214.46,0.904,-1,-1,-1
393,41,1045.11,383.49,25.56,25.35,0.525,-1,-1,-1
394,2,760.28,219.26,168.11,534.62,0.895,-1,-1,-1
394,20,900.05,239.44,84.51,435.12,0.852,-1,-1,-1
394,29,265.81,168.80,207.33,634.19,0.908,-1,-1,-1
394,34,460.69,134.04,245.08,703.90,0.915,-1,-1,-1
394,35,969.93,336.48,90.22,212.66,0.859,-1,-1,-1
394,36,1065.79,155.99,272.04,774.03,0.928,-1,-1,-1
394,39,711.45,313.95,62.10,215.74,0.906,-1,-1,-1
394,41,1043.62,382.44,25.70,25.44,0.470,-1,-1,-1
395,2,757.90,220.85,167.67,533.66,0.900,-1,-1,-1
395,20,898.29,239.47,84.87,436.73,0.839,-1,-1,-1
395,29,254.35,165.29,209.55,639.10,0.914,-1,-1,-1
395,34,455.51,127.16,246.72,712.96,0.924,-1,-1,-1
395,35,968.22,335.62,90.47,213.51,0.871,-1,-1,-1
395,36,1062.98,155.72,275.38,778.12,0.925,-1,-1,-1
395,39,707.93,312.83,63.72,217.06,0.912,-1,-1,-1
395,41,1042.63,382.23,25.80,25.46,0.373,-1,-1,-1
396,2,755.28,221.99,166.85,531.97,0.897,-1,-1,-1
396,20,897.11,239.17,84.96,437.04,0.824,-1,-1,-1
396,29,237.01,162.57,214.68,650.98,0.898,-1,-1,-1
396,34,449.41,120.03,248.76,722.24,0.928,-1,-1,-1
396,35,966.50,334.81,90.40,213.94,0.869,-1,-1,-1
396,36,1059.79,158.65,277.64,779.14,0.932,-1,-1,-1
396,39,704.26,311.44,65.20,218.66,0.906,-1,-1,-1
396,41,1041.58,382.15,25.72,25.29,0.292,-1,-1,-1
397,2,752.80,221.96,166.12,530.71,0.901,-1,-1,-1
397,20,895.85,239.09,85.24,438.44,0.823,-1,-1,-1
397,29,216.44,158.38,221.21,662.69,0.906,-1,-1,-1
397,34,444.30,113.93,250.77,730.30,0.929,-1,-1,-1
397,35,965.74,333.75,90.47,214.75,0.876,-1,-1,-1
397,36,1056.40,156.81,281.12,785.24,0.929,-1,-1,-1
397,39,701.45,310.12,66.32,219.85,0.898,-1,-1,-1
397,41,1040.78,381.66,26.14,25.63,0.387,-1,-1,-1
398,2,748.38,220.87,165.81,530.46,0.906,-1,-1,-1
398,20,892.98,238.39,85.20,438.28,0.832,-1,-1,-1
398,29,195.14,154.77,227.31,670.23,0.911,-1,-1,-1
398,34,437.84,106.30,253.72,739.92,0.934,-1,-1,-1
398,35,965.29,331.87,90.90,216.22,0.881,-1,-1,-1
398,36,1053.13,155.18,283.39,789.22,0.929,-1,-1,-1
398,39,697.80,307.94,67.46,221.24,0.894,-1,-1,-1
398,41,1039.15,379.84,27.30,26.71,0.450,-1,-1,-1
399,2,742.66,218.97,165.87,531.60,0.908,-1,-1,-1
399,20,889.11,238.20,85.30,438.72,0.851,-1,-1,-1
399,29,172.58,151.00,235.78,684.54,0.900,-1,-1,-1
399,34,430.51,99.32,257.96,752.80,0.936,-1,-1,-1
399,35,964.26,330.88,91.01,217.05,0.866,-1,-1,-1
399,36,1052.22,154.43,284.87,791.66,0.928,-1,-1,-1
399,39,693.87,306.89,68.33,222.65,0.891,-1,-1,-1
399,41,1037.51,379.17,28.05,27.42,0.327,-1,-1,-1
400,2,735.38,217.50,165.83,530.72,0.907,-1,-1,-1
400,20,885.35,238.58,85.85,440.34,0.858,-1,-1,-1
400,29,152.14,147.69,244.57,699.48,0.910,-1,-1,-1
400,34,423.10,93.77,260.74,760.29,0.934,-1,-1,-1
400,35,963.04,331.14,90.88,217.27,0.862,-1,-1,-1
400,36,1050.91,154.28,285.51,792.17,0.928,-1,-1,-1
400,39,689.42,306.23,69.23,224.36,0.890,-1,-1,-1
400,41,1035.57,378.97,28.91,28.31,0.356,-1,-1,-1
401,2,730.48,215.46,165.09,527.05,0.909,-1,-1,-1
401,20,881.67,239.30,86.62,441.42,0.863,-1,-1,-1
401,29,135.88,143.64,252.61,713.98,0.925,-1,-1,-1
401,34,415.93,88.52,264.82,771.07,0.930,-1,-1,-1
401,35,963.58,330.83,91.29,218.20,0.876,-1,-1,-1
401,36,1051.38,154.63,284.74,789.53,0.921,-1,-1,-1
401,39,685.88,305.41,69.69,225.89,0.873,-1,-1,-1
401,41,1034.74,378.87,29.60,29.05,0.581,-1,-1,-1
402,2,727.20,212.36,164.48,522.59,0.917,-1,-1,-1
402,20,879.65,238.72,87.35,441.92,0.856,-1,-1,-1
402,29,124.12,139.04,259.00,727.67,0.927,-1,-1,-1
402,34,409.32,83.06,270.56,786.53,0.925,-1,-1,-1
402,35,963.97,331.02,90.42,217.19,0.851,-1,-1,-1
402,36,1052.99,151.33,284.93,791.89,0.922,-1,-1,-1
402,39,683.50,303.86,69.89,227.49,0.842,-1,-1,-1
402,41,1034.91,377.30,30.33,29.79,0.303,-1,-1,-1
403,2,724.17,211.32,165.37,522.99,0.919,-1,-1,-1
403,20,878.76,240.59,87.99,441.52,0.851,-1,-1,-1
403,29,113.48,136.64,266.55,747.61,0.911,-1,-1,-1
403,34,403.03,79.27,277.13,804.32,0.917,-1,-1,-1
403,35,966.91,331.61,91.03,218.53,0.873,-1,-1,-1
403,36,1055.45,149.36,285.21,795.29,0.929,-1,-1,-1
403,39,682.27,304.41,69.68,228.52,0.850,-1,-1,-1
403,41,1037.16,378.33,30.20,29.71,0.242,-1,-1,-1
404,2,722.14,212.53,166.74,524.74,0.918,-1,-1,-1
404,20,878.62,243.19,88.73,441.57,0.858,-1,-1,-1
404,29,100.37,135.36,272.77,763.58,0.909,-1,-1,-1
404,34,394.90,77.11,285.19,825.69,0.918,-1,-1,-1
404,35,969.58,332.77,91.72,220.11,0.865,-1,-1,-1
404,36,1059.00,149.55,285.04,796.56,0.929,-1,-1,-1
404,39,683.04,306.54,69.40,229.20,0.843,-1,-1,-1
404,41,1041.08,380.95,29.24,28.73,0.487,-1,-1,-1
405,2,721.17,213.33,167.73,526.26,0.913,-1,-1,-1
405,20,877.69,243.59,89.45,441.69,0.850,-1,-1,-1
405,29,87.56,133.86,278.13,777.61,0.890,-1,-1,-1
405,34,385.14,75.80,291.05,839.40,0.908,-1,-1,-1
405,35,971.11,332.96,91.90,220.54,0.858,-1,-1,-1
405,36,1062.73,150.26,284.14,795.14,0.923,-1,-1,-1
405,39,684.16,307.36,69.50,231.12,0.846,-1,-1,-1
405,41,1044.11,381.83,28.24,27.67,0.306,-1,-1,-1
406,2,721.81,213.41,168.41,527.52,0.905,-1,-1,-1
406,20,877.59,243.67,89.87,441.02,0.849,-1,-1,-1
406,29,74.99,130.09,282.88,789.68,0.906,-1,-1,-1
406,34,378.27,70.99,296.94,852.34,0.915,-1,-1,-1
406,35,974.99,332.93,91.60,219.86,0.837,-1,-1,-1
406,36,1066.86,150.07,281.75,788.91,0.916,-1,-1,-1
406,39,686.52,306.97,69.44,232.18,0.777,-1,-1,-1
406,41,1048.81,382.37,27.92,27.37,-1.000,-1,-1,-1
407,2,722.28,214.92,168.95,528.81,0.892,-1,-1,-1
407,20,877.87,243.61,90.66,441.91,0.847,-1,-1,-1
407,29,66.64,127.46,287.03,800.43,0.900,-1,-1,-1
407,34,369.30,68.86,303.01,863.39,0.916,-1,-1,-1
407,35,976.28,333.04,91.26,220.24,0.819,-1,-1,-1
407,36,1071.69,151.10,278.96,780.68,0.924,-1,-1,-1
407,39,689.03,307.56,69.36,233.12,0.811,-1,-1,-1
407,41,1053.51,382.90,27.61,27.06,-1.000,-1,-1,-1
408,2,724.42,217.12,169.17,529.58,0.897,-1,-1,-1
408,20,878.94,241.74,91.74,443.92,0.848,-1,-1,-1
408,29,58.39,121.30,292.70,814.51,0.899,-1,-1,-1
408,34,359.91,67.23,310.16,878.17,0.915,-1,-1,-1
408,35,980.89,333.81,91.79,221.31,0.837,-1,-1,-1
408,36,1076.76,151.80,277.96,779.41,0.928,-1,-1,-1
408,39,690.82,308.33,69.03,233.81,0.837,-1,-1,-1
408,41,1058.20,383.43,27.29,26.76,-1.000,-1,-1,-1
409,2,728.46,220.12,169.01,529.76,0.897,-1,-1,-1
409,20,882.31,240.77,92.19,442.00,0.851,-1,-1,-1
409,29,50.86,118.26,297.82,826.36,0.901,-1,-1,-1
409,34,354.25,64.10,317.49,896.34,0.898,-1,-1,-1
409,35,986.47,335.12,92.27,222.10,0.861,-1,-1,-1
409,36,1081.44,152.81,278.23,782.65,0.930,-1,-1,-1
409,39,694.57,309.84,68.60,234.60,0.842,-1,-1,-1
409,41,1062.90,383.96,26.97,26.45,-1.000,-1,-1,-1
409,42,650.67,339.45,50.25,168.62,0.783,-1,-1,-1
410,2,733.26,224.15,168.64,529.56,0.892,-1,-1,-1
410,20,887.11,240.51,92.23,438.01,0.857,-1,-1,-1
410,29,45.80,113.15,303.22,836.70,0.923,-1,-1,-1
410,34,351.38,61.42,325.15,918.95,0.894,-1,-1,-1
410,35,992.52,336.12,92.53,222.52,0.856,-1,-1,-1
410,36,1086.91,152.27,279.38,788.81,0.924,-1,-1,-1
410,39,699.42,310.60,68.37,236.22,0.846,-1,-1,-1
410,41,1067.60,384.49,26.65,26.15,0.630,-1,-1,-1
410,42,651.86,341.50,55.47,186.24,0.775,-1,-1,-1
411,2,738.10,226.11,168.37,529.94,0.906,-1,-1,-1
411,20,892.43,240.18,92.93,436.37,0.865,-1,-1,-1
411,29,35.14,106.33,307.80,848.11,0.924,-1,-1,-1
411,34,349.61,58.34,330.67,939.15,0.905,-1,-1,-1
411,35,999.26,336.49,92.40,221.67,0.835,-1,-1,-1
411,36,1094.00,152.52,279.85,793.04,0.925,-1,-1,-1
411,39,705.10,309.92,68.15,237.22,0.836,-1,-1,-1
411,41,1074.03,383.88,27.11,26.62,0.530,-1,-1,-1
411,42,653.17,342.13,58.76,197.27,0.835,-1,-1,-1
411,43,982.99,360.84,30.89,131.14,0.671,-1,-1,-1
412,2,742.81,226.64,168.52,531.03,0.902,-1,-1,-1
412,20,896.31,239.48,93.92,435.72,0.881,-1,-1,-1
412,29,22.09,98.26,312.26,859.90,0.928,-1,-1,-1
412,34,345.38,55.67,335.18,956.36,0.898,-1,-1,-1
412,35,1005.33,335.57,93.29,223.34,0.867,-1,-1,-1
412,36,1100.11,153.02,280.87,798.37,0.926,-1,-1,-1
412,39,710.59,308.90,68.09,238.86,0.849,-1,-1,-1
412,41,1080.73,384.13,26.87,26.49,0.500,-1,-1,-1
412,42,654.70,342.42,60.23,201.47,0.863,-1,-1,-1
412,43,987.72,360.82,31.18,132.16,0.774,-1,-1,-1
413,2,746.70,227.27,167.90,529.65,0.902,-1,-1,-1
413,20,900.13,239.49,95.22,436.35,0.875,-1,-1,-1
413,29,8.89,91.20,316.73,871.72,0.935,-1,-1,-1
413,34,340.83,50.06,338.28,969.58,0.910,-1,-1,-1
413,35,1010.29,334.87,94.06,224.67,0.868,-1,-1,-1
413,36,1103.97,153.94,282.38,804.85,0.919,-1,-1,-1
413,39,716.72,308.24,67.98,239.61,0.838,-1,-1,-1
413,41,1087.25,385.27,26.23,25.85,0.233,-1,-1,-1
413,42,655.99,342.69,61.05,202.45,0.868,-1,-1,-1
413,43,992.07,360.06,31.36,132.69,0.694,-1,-1,-1
414,2,750.20,226.23,167.54,528.94,0.903,-1,-1,-1
414,20,904.77,238.70,96.55,437.54,0.870,-1,-1,-1
414,29,-0.35,84.09,320.39,881.66,0.937,-1,-1,-1
414,34,334.66,45.35,340.92,980.10,0.905,-1,-1,-1
414,35,1014.71,333.55,94.93,226.50,0.847,-1,-1,-1
414,36,1106.80,153.55,283.78,810.87,0.916,-1,-1,-1
414,39,720.63,306.77,67.49,240.63,0.845,-1,-1,-1
414,41,1093.01,384.77,26.61,26.25,0.456,-1,-1,-1
414,42,657.08,342.26,62.11,203.19,0.896,-1,-1,-1
414,43,995.37,359.18,31.81,134.29,0.749,-1,-1,-1
415,2,752.76,224.72,167.47,528.80,0.900,-1,-1,-1
415,20,908.58,238.63,97.50,437.93,0.866,-1,-1,-1
415,29,-6.44,77.08,323.64,892.53,0.931,-1,-1,-1
415,34,327.55,39.14,343.59,989.72,0.896,-1,-1,-1
415,35,1019.41,333.20,95.45,227.53,0.845,-1,-1,-1
415,36,1111.68,156.81,283.14,811.21,0.917,-1,-1,-1
415,39,723.67,305.61,66.98,241.84,0.844,-1,-1,-1
415,41,1097.58,383.26,28.01,27.91,0.436,-1,-1,-1
415,42,657.95,342.25,63.38,204.15,0.880,-1,-1,-1
415,43,999.09,358.71,32.16,135.48,0.647,-1,-1,-1
416,2,754.53,222.78,167.04,527.43,0.885,-1,-1,-1
416,20,910.59,238.00,98.84,438.79,0.854,-1,-1,-1
416,29,-14.50,67.14,329.37,915.14,0.931,-1,-1,-1
416,34,320.12,22.16,341.91,983.38,0.902,-1,-1,-1
416,35,1021.76,331.32,96.61,229.53,0.847,-1,-1,-1
416,36,1114.84,153.97,284.57,818.93,0.918,-1,-1,-1
416,39,726.83,304.08,66.72,243.27,0.790,-1,-1,-1
416,41,1102.50,381.24,29.35,29.39,0.293,-1,-1,-1
416,42,659.41,341.33,65.03,205.98,0.892,-1,-1,-1
416,43,1001.89,357.51,32.59,136.98,0.663,-1,-1,-1
417,2,754.10,221.05,166.93,525.39,0.894,-1,-1,-1
417,20,911.19,237.91,100.49,439.84,0.855,-1,-1,-1
417,29,-17.45,59.19,337.08,941.90,0.897,-1,-1,-1
417,34,306.55,15.40,348.74,1002.52,0.894,-1,-1,-1
417,35,1025.29,330.92,97.13,230.20,0.830,-1,-1,-1
417,36,1118.35,152.93,284.74,823.45,0.924,-1,-1,-1
417,39,728.97,302.53,66.39,244.56,0.763,-1,-1,-1
417,42,661.92,340.26,66.94,208.92,0.874,-1,-1,-1
417,43,1004.08,357.37,32.72,137.25,0.538,-1,-1,-1
418,2,752.82,217.97,166.81,522.47,0.897,-1,-1,-1
418,20,910.67,237.07,102.06,440.04,0.858,-1,-1,-1
418,29,-30.37,53.47,339.63,964.02,0.894,-1,-1,-1
418,34,292.29,10.04,353.98,1014.11,0.886,-1,-1,-1
418,35,1021.75,328.28,99.13,231.98,0.826,-1,-1,-1
418,36,1120.05,150.77,284.17,826.03,0.925,-1,-1,-1
418,39,729.71,300.33,65.96,244.52,0.715,-1,-1,-1
418,42,659.65,337.71,68.88,210.81,0.873,-1,-1,-1
418,43,1005.13,356.49,32.77,137.10,0.550,-1,-1,-1
419,2,751.47,216.13,167.20,521.56,0.893,-1,-1,-1
419,20,909.05,237.45,103.83,440.65,0.864,-1,-1,-1
419,29,-39.28,45.80,338.69,979.48,0.891,-1,-1,-1
419,34,279.80,5.35,353.57,1003.02,0.920,-1,-1,-1
419,35,1018.45,326.61,101.27,233.63,0.848,-1,-1,-1
419,36,1119.95,148.62,283.49,827.58,0.924,-1,-1,-1
419,39,728.97,298.94,65.62,244.71,0.738,-1,-1,-1
419,42,656.39,336.38,70.82,211.79,0.873,-1,-1,-1
419,43,1006.17,356.97,32.81,136.67,0.517,-1,-1,-1
420,2,749.59,215.70,168.40,523.76,0.890,-1,-1,-1
420,20,909.23,240.05,105.56,439.46,0.870,-1,-1,-1
420,29,-44.50,40.53,333.31,983.95,0.883,-1,-1,-1
420,34,264.25,6.18,360.45,1013.35,0.913,-1,-1,-1
420,35,1017.15,326.99,102.41,233.73,0.843,-1,-1,-1
420,36,1120.13,146.64,282.61,827.60,0.924,-1,-1,-1
420,39,727.78,299.12,65.85,247.29,0.763,-1,-1,-1
420,42,651.60,336.29,72.77,212.44,0.896,-1,-1,-1
420,43,1007.90,358.05,32.88,136.16,0.551,-1,-1,-1
421,2,747.55,213.98,169.49,525.90,0.883,-1,-1,-1
421,20,907.90,240.38,107.80,439.56,0.889,-1,-1,-1
421,29,-47.70,33.49,322.81,975.57,0.895,-1,-1,-1
421,34,252.05,3.93,360.04,997.69,0.925,-1,-1,-1
421,35,1017.23,326.43,103.10,233.49,0.820,-1,-1,-1
421,36,1119.60,142.11,282.73,830.45,0.923,-1,-1,-1
421,39,726.92,297.34,65.89,249.49,0.718,-1,-1,-1
421,42,651.37,334.19,74.55,213.45,0.868,-1,-1,-1
421,43,1007.35,356.29,33.30,137.62,0.274,-1,-1,-1
422,2,744.09,212.41,169.80,526.43,0.893,-1,-1,-1
422,20,906.67,240.20,110.52,440.33,0.896,-1,-1,-1
422,29,-52.85,30.47,314.25,973.64,0.868,-1,-1,-1
422,34,235.69,2.64,363.65,991.84,0.924,-1,-1,-1
422,35,1014.60,322.97,104.71,236.47,0.767,-1,-1,-1
422,36,1116.66,136.25,283.87,835.15,0.923,-1,-1,-1
422,39,724.69,295.27,65.71,250.73,0.756,-1,-1,-1
422,42,646.56,331.02,76.66,215.56,0.886,-1,-1,-1
422,43,1011.41,345.28,36.30,148.47,-1.000,-1,-1,-1
423,2,741.23,212.75,170.15,526.79,0.896,-1,-1,-1
423,20,903.70,240.42,112.78,440.85,0.880,-1,-1,-1
423,29,-58.51,29.97,306.17,974.61,0.847,-1,-1,-1
423,34,219.08,2.37,367.73,986.54,0.931,-1,-1,-1
423,35,1014.06,327.47,103.31,231.98,0.760,-1,-1,-1
423,36,1113.73,133.35,284.46,837.39,0.920,-1,-1,-1
423,39,721.97,294.69,65.79,253.68,0.823,-1,-1,-1
423,42,641.64,330.01,78.39,216.00,0.892,-1,-1,-1
423,43,1015.47,334.27,39.31,159.31,0.605,-1,-1,-1
424,2,738.71,214.27,169.86,525.78,0.907,-1,-1,-1
424,20,900.88,241.99,114.90,440.06,0.879,-1,-1,-1
424,29,-64.73,21.51,299.41,980.80,0.815,-1,-1,-1
424,34,201.54,2.96,372.70,982.54,0.935,-1,-1,-1
424,35,1014.34,330.81,102.56,228.95,0.762,-1,-1,-1
424,36,1111.06,132.44,284.91,837.04,0.919,-1,-1,-1
424,39,718.65,294.86,65.56,254.13,0.670,-1,-1,-1
424,42,637.80,329.28,79.68,216.63,0.862,-1,-1,-1
424,43,1017.71,328.44,41.55,165.68,0.546,-1,-1,-1
425,2,735.92,213.59,169.54,525.59,0.889,-1,-1,-1
425,20,898.53,241.07,116.36,437.73,0.884,-1,-1,-1
425,29,-70.63,23.95,288.88,978.01,0.818,-1,-1,-1
425,34,178.10,2.13,378.77,981.17,0.931,-1,-1,-1
425,35,1014.72,331.51,100.65,225.85,0.764,-1,-1,-1
425,36,1109.49,130.01,283.04,826.83,0.929,-1,-1,-1
425,39,714.00,292.17,65.39,255.02,0.804,-1,-1,-1
425,42,631.71,326.15,81.44,218.10,0.904,-1,-1,-1
425,43,1018.63,322.14,43.35,169.66,0.712,-1,-1,-1
425,44,1001.66,352.19,38.52,139.70,0.540,-1,-1,-1
426,2,731.26,213.27,168.91,525.55,0.878,-1,-1,-1
426,20,897.08,238.38,118.19,438.92,0.885,-1,-1,-1
426,29,-77.75,16.95,278.27,977.73,0.806,-1,-1,-1
426,34,154.14,1.97,387.78,985.81,0.934,-1,-1,-1
426,35,1014.86,331.09,99.05,224.27,0.731,-1,-1,-1
426,36,1106.43,127.43,282.64,819.27,0.931,-1,-1,-1
426,39,709.27,289.36,65.50,257.06,0.810,-1,-1,-1
426,42,626.40,324.31,82.40,219.00,0.900,-1,-1,-1
426,43,1018.68,318.33,44.55,172.87,0.529,-1,-1,-1
426,44,999.38,350.32,38.62,140.19,0.519,-1,-1,-1
426,45,561.56,324.48,37.43,182.33,0.786,-1,-1,-1
427,2,727.93,215.32,168.66,526.09,0.869,-1,-1,-1
427,20,897.49,237.94,119.84,440.53,0.889,-1,-1,-1
427,29,-79.36,72.56,257.98,926.92,0.577,-1,-1,-1
427,34,127.76,3.40,399.65,996.26,0.922,-1,-1,-1
427,35,1016.74,331.39,97.67,223.35,0.639,-1,-1,-1
427,36,1102.11,127.57,284.46,816.83,0.938,-1,-1,-1
427,39,705.61,288.92,65.91,260.59,0.784,-1,-1,-1
427,42,623.06,324.44,83.78,221.18,0.901,-1,-1,-1
427,43,1017.39,317.50,48.40,187.23,0.650,-1,-1,-1
427,44,997.42,349.92,39.01,141.89,0.554,-1,-1,-1
427,45,554.59,320.30,38.79,187.98,0.819,-1,-1,-1
428,2,720.68,217.18,167.96,525.24,0.879,-1,-1,-1
428,20,896.87,238.35,120.71,440.07,0.883,-1,-1,-1
428,34,100.84,4.36,410.97,1000.87,0.932,-1,-1,-1
428,35,1021.36,332.30,95.22,221.89,0.702,-1,-1,-1
428,36,1096.19,129.09,287.12,817.54,0.935,-1,-1,-1
428,39,700.82,288.74,66.04,263.36,0.772,-1,-1,-1
428,42,619.56,325.09,84.61,223.01,0.891,-1,-1,-1
428,43,1014.29,317.07,54.16,210.57,0.650,-1,-1,-1
428,44,995.24,350.31,39.13,142.77,0.532,-1,-1,-1
428,45,549.04,318.85,39.65,190.70,0.846,-1,-1,-1
428,46,-8.73,162.74,96.36,516.79,0.581,-1,-1,-1
429,2,713.11,217.73,167.01,524.54,0.884,-1,-1,-1
429,20,894.81,238.27,121.27,438.52,0.894,-1,-1,-1
429,34,67.37,6.61,427.90,1018.87,0.935,-1,-1,-1
429,35,1023.79,332.65,92.35,220.11,0.775,-1,-1,-1
429,36,1089.62,130.64,290.62,820.12,0.938,-1,-1,-1
429,39,695.83,288.16,66.13,265.60,0.705,-1,-1,-1
429,42,615.99,325.24,85.22,224.35,0.894,-1,-1,-1
429,43,1011.39,317.08,57.53,224.98,0.745,-1,-1,-1
429,44,992.89,349.72,39.38,144.34,0.585,-1,-1,-1
429,45,543.22,316.97,40.62,193.57,0.858,-1,-1,-1
429,46,-5.65,171.28,94.17,504.90,0.392,-1,-1,-1
429,47,857.31,334.77,44.78,211.67,0.674,-1,-1,-1
430,2,705.83,216.27,166.36,524.72,0.889,-1,-1,-1
430,20,892.55,235.88,121.61,436.12,0.883,-1,-1,-1
430,34,49.21,5.61,433.53,1008.20,0.941,-1,-1,-1
430,35,1022.47,331.63,91.15,219.93,0.580,-1,-1,-1
430,36,1085.09,130.06,294.91,825.12,0.928,-1,-1,-1
430,39,689.89,286.89,66.04,266.93,0.633,-1,-1,-1
430,42,611.72,324.81,85.93,225.89,0.877,-1,-1,-1
430,43,1009.20,315.84,58.41,228.90,0.668,-1,-1,-1
430,44,990.07,347.28,39.27,144.35,0.319,-1,-1,-1
430,45,538.25,319.10,40.49,190.86,0.843,-1,-1,-1
430,46,-7.92,189.99,90.25,484.32,0.228,-1,-1,-1
430,47,848.72,317.83,47.96,227.01,0.736,-1,-1,-1
431,2,696.03,214.65,166.09,524.28,0.898,-1,-1,-1
431,20,891.65,234.13,122.01,434.76,0.887,-1,-1,-1
431,34,33.94,7.71,445.62,1019.66,0.939,-1,-1,-1
431,35,1020.69,330.27,90.57,221.66,0.607,-1,-1,-1
431,36,1079.40,131.03,298.47,828.50,0.930,-1,-1,-1
431,39,683.18,281.97,67.13,272.58,0.312,-1,-1,-1
431,42,606.53,325.25,85.94,226.52,0.906,-1,-1,-1
431,43,1006.77,315.33,59.46,234.09,0.775,-1,-1,-1
431,45,532.53,320.15,40.92,190.64,0.854,-1,-1,-1
431,47,843.11,311.18,49.14,232.49,0.754,-1,-1,-1
432,2,688.22,212.63,165.54,521.98,0.911,-1,-1,-1
432,20,890.82,233.95,121.95,432.37,0.884,-1,-1,-1
432,34,28.16,7.02,446.49,1006.07,0.931,-1,-1,-1
432,35,1018.95,329.68,89.87,223.25,0.700,-1,-1,-1
432,36,1076.93,132.05,301.77,831.90,0.931,-1,-1,-1
432,39,677.64,282.25,66.80,272.67,0.491,-1,-1,-1
432,42,602.38,325.78,86.25,227.79,0.896,-1,-1,-1
432,43,1005.98,315.02,59.69,236.03,0.808,-1,-1,-1
432,45,528.47,321.14,41.36,190.31,0.857,-1,-1,-1
432,47,838.03,308.24,49.80,235.17,0.799,-1,-1,-1
433,2,682.09,209.44,164.71,516.86,0.918,-1,-1,-1
433,20,891.07,231.36,122.05,431.80,0.885,-1,-1,-1
433,34,18.41,8.44,457.94,1022.88,0.922,-1,-1,-1
433,35,1018.96,327.83,89.26,224.94,0.706,-1,-1,-1
433,36,1075.90,131.51,304.85,835.80,0.930,-1,-1,-1
433,39,673.77,280.89,66.91,273.98,0.251,-1,-1,-1
433,42,599.09,324.58,86.57,229.23,0.898,-1,-1,-1
433,43,1005.39,312.66,60.13,237.72,0.831,-1,-1,-1
433,45,525.00,320.51,41.95,190.47,0.858,-1,-1,-1
433,47,834.94,307.03,49.83,233.98,0.793,-1,-1,-1
434,2,677.22,205.21,164.92,515.27,0.914,-1,-1,-1
434,20,891.71,228.36,122.23,432.39,0.882,-1,-1,-1
434,34,10.39,8.04,464.55,1032.17,0.912,-1,-1,-1
434,35,1020.54,325.98,88.22,225.98,0.758,-1,-1,-1
434,36,1076.77,130.35,307.58,838.90,0.934,-1,-1,-1
434,39,671.34,278.08,66.79,274.39,0.287,-1,-1,-1
434,42,596.32,321.90,86.89,231.31,0.892,-1,-1,-1
434,43,1006.55,310.62,60.33,238.47,0.852,-1,-1,-1
434,45,522.70,319.42,42.68,190.94,0.867,-1,-1,-1
434,47,833.14,306.24,50.10,232.81,0.818,-1,-1,-1
435,2,673.59,201.24,166.54,518.87,0.905,-1,-1,-1
435,20,892.08,225.69,122.56,433.40,0.877,-1,-1,-1
435,34,8.97,6.83,458.97,1013.69,0.899,-1,-1,-1
435,35,1022.12,324.03,86.78,225.83,0.821,-1,-1,-1
435,36,1077.31,129.50,309.82,841.20,0.935,-1,-1,-1
435,39,667.81,274.59,67.12,277.11,0.453,-1,-1,-1
435,42,594.12,319.50,86.93,232.83,0.888,-1,-1,-1
435,43,1006.58,308.40,60.70,238.68,0.868,-1,-1,-1
435,45,520.23,319.15,43.64,192.38,0.875,-1,-1,-1
435,47,830.32,306.33,50.66,232.45,0.859,-1,-1,-1
436,2,670.40,197.56,168.17,522.92,0.897,-1,-1,-1
436,20,892.49,222.70,122.89,435.00,0.870,-1,-1,-1
436,34,5.70,5.87,456.21,1003.80,0.899,-1,-1,-1
436,35,1024.85,321.55,85.40,226.13,0.821,-1,-1,-1
436,36,1078.79,128.82,311.22,841.86,0.933,-1,-1,-1
436,39,664.41,271.62,67.09,279.09,0.502,-1,-1,-1
436,42,591.52,316.12,86.75,234.39,0.889,-1,-1,-1
436,43,1006.17,305.19,61.46,240.23,0.864,-1,-1,-1
436,45,517.84,314.85,44.75,195.06,0.856,-1,-1,-1
436,47,827.87,305.42,51.36,232.08,0.852,-1,-1,-1
437,2,667.48,193.30,169.55,526.23,0.895,-1,-1,-1
437,20,893.26,219.82,123.24,436.79,0.878,-1,-1,-1
437,34,0.85,4.37,453.74,997.24,0.879,-1,-1,-1
437,35,1026.43,318.24,84.77,227.33,0.805,-1,-1,-1
437,36,1081.85,124.06,311.99,841.31,0.928,-1,-1,-1
437,39,661.07,268.95,66.89,280.28,0.568,-1,-1,-1
437,42,589.18,312.10,86.71,236.40,0.898,-1,-1,-1
437,43,1005.90,303.02,61.79,239.83,0.870,-1,-1,-1
437,45,516.28,310.94,45.18,195.03,0.857,-1,-1,-1
437,47,825.51,304.30,52.27,231.71,0.864,-1,-1,-1
438,2,664.30,192.69,170.66,528.76,0.898,-1,-1,-1
438,20,894.01,219.59,123.19,438.03,0.875,-1,-1,-1
438,34,-7.70,4.78,453.16,999.43,0.891,-1,-1,-1
438,35,1027.53,317.39,84.61,228.96,0.824,-1,-1,-1
438,36,1085.06,121.39,311.66,837.94,0.925,-1,-1,-1
438,39,659.39,286.54,62.60,262.56,0.355,-1,-1,-1
438,42,585.85,310.57,86.95,238.59,0.892,-1,-1,-1
438,43,1005.57,302.66,62.27,239.60,0.875,-1,-1,-1
438,45,514.62,311.04,45.47,194.40,0.844,-1,-1,-1
438,47,824.53,305.33,53.44,231.40,0.862,-1,-1,-1
439,2,661.71,192.90,170.74,528.50,0.908,-1,-1,-1
439,20,893.53,219.49,123.15,439.46,0.870,-1,-1,-1
439,34,-16.64,4.92,449.46,997.70,0.863,-1,-1,-1
439,35,1028.47,316.60,84.62,230.80,0.818,-1,-1,-1
439,36,1086.19,118.64,313.01,839.82,0.922,-1,-1,-1
439,39,657.14,297.98,59.72,251.40,0.401,-1,-1,-1
439,42,581.57,309.52,87.07,240.56,0.883,-1,-1,-1
439,43,1003.88,302.47,62.90,239.58,0.887,-1,-1,-1
439,45,512.69,311.74,45.79,193.72,0.857,-1,-1,-1
439,47,821.68,305.90,54.38,231.38,0.840,-1,-1,-1
440,2,659.23,192.23,172.15,532.87,0.901,-1,-1,-1
440,20,892.65,218.53,123.29,440.98,0.871,-1,-1,-1
440,34,-27.04,5.24,445.77,999.24,0.824,-1,-1,-1
440,35,1031.09,311.12,85.09,235.02,0.795,-1,-1,-1
440,36,1092.25,113.54,305.72,815.13,0.923,-1,-1,-1
440,39,654.54,286.08,62.02,262.71,0.335,-1,-1,-1
440,42,577.99,306.75,87.56,243.39,0.878,-1,-1,-1
440,43,1003.24,300.28,63.67,240.31,0.853,-1,-1,-1
440,45,511.16,311.76,46.12,192.68,0.844,-1,-1,-1
440,47,820.41,304.19,55.55,231.72,0.798,-1,-1,-1
441,2,659.51,193.27,171.57,530.24,0.902,-1,-1,-1
441,20,894.49,218.98,123.24,441.27,0.851,-1,-1,-1
441,34,-37.05,5.67,440.61,1000.35,0.802,-1,-1,-1
441,35,1036.99,310.15,84.13,236.27,0.819,-1,-1,-1
441,36,1094.67,111.02,311.82,830.36,0.917,-1,-1,-1
441,39,654.06,278.97,63.37,269.93,0.261,-1,-1,-1
441,42,576.18,305.54,87.91,245.62,0.879,-1,-1,-1
441,43,1004.35,299.14,64.18,239.98,0.853,-1,-1,-1
441,45,511.18,311.57,46.72,192.99,0.838,-1,-1,-1
441,47,820.34,303.34,56.95,232.38,0.864,-1,-1,-1
442,2,659.68,196.03,172.50,533.00,0.913,-1,-1,-1
442,20,896.71,220.62,122.84,441.65,0.866,-1,-1,-1
442,34,-47.14,5.50,434.67,1000.34,0.739,-1,-1,-1
442,35,1043.91,310.95,82.90,236.70,0.811,-1,-1,-1
442,36,1101.26,111.45,312.17,828.82,0.922,-1,-1,-1
442,39,654.36,275.30,64.13,275.05,0.408,-1,-1,-1
442,42,575.59,305.59,88.10,246.76,0.894,-1,-1,-1
442,43,1006.03,300.91,64.81,239.34,0.877,-1,-1,-1
442,45,512.37,311.33,47.47,194.42,0.851,-1,-1,-1
442,47,822.27,303.23,58.66,233.12,0.867,-1,-1,-1
443,2,661.98,199.51,173.75,537.79,0.899,-1,-1,-1
443,20,900.31,222.25,122.18,441.36,0.861,-1,-1,-1
443,34,-58.62,5.54,428.27,1000.49,0.663,-1,-1,-1
443,35,1050.43,311.10,82.10,237.46,0.794,-1,-1,-1
443,36,1109.65,113.79,310.53,820.97,0.918,-1,-1,-1
443,39,657.17,290.75,60.47,260.12,0.313,-1,-1,-1
443,42,576.38,306.71,88.16,246.75,0.894,-1,-1,-1
443,43,1008.59,299.95,65.92,240.65,0.874,-1,-1,-1
443,45,514.73,309.02,48.46,197.09,0.843,-1,-1,-1
443,47,825.30,302.87,60.07,233.07,0.861,-1,-1,-1
444,2,667.03,200.45,172.09,533.14,0.903,-1,-1,-1
444,20,904.11,221.53,121.75,441.29,0.873,-1,-1,-1
444,34,-69.18,4.85,417.42,995.76,0.717,-1,-1,-1
444,35,1057.40,309.69,81.13,237.90,0.818,-1,-1,-1
444,36,1117.06,114.84,308.72,812.79,0.918,-1,-1,-1
444,39,660.72,276.36,63.27,273.58,0.475,-1,-1,-1
444,42,577.08,304.79,88.95,248.79,0.892,-1,-1,-1
444,43,1011.92,296.66,67.02,241.92,0.879,-1,-1,-1
444,45,517.30,305.19,49.45,199.49,0.838,-1,-1,-1
444,47,827.58,300.02,61.46,232.35,0.882,-1,-1,-1
445,2,672.00,201.82,170.58,528.18,0.916,-1,-1,-1
445,20,908.09,221.90,121.37,441.04,0.876,-1,-1,-1
445,34,-74.38,5.22,393.67,960.47,0.706,-1,-1,-1
445,35,1064.72,307.89,80.70,239.29,0.811,-1,-1,-1
445,36,1122.43,120.74,309.09,813.27,0.926,-1,-1,-1
445,39,664.78,269.83,63.23,273.59,0.484,-1,-1,-1
445,42,578.86,304.90,89.61,250.58,0.912,-1,-1,-1
445,43,1016.27,295.54,67.82,242.71,0.887,-1,-1,-1
445,45,521.57,305.18,49.66,199.47,0.858,-1,-1,-1
445,47,831.66,298.34,63.06,231.89,0.903,-1,-1,-1
446,2,678.07,202.26,169.90,526.34,0.905,-1,-1,-1
446,20,911.88,220.95,121.91,443.72,0.872,-1,-1,-1
446,34,-79.45,4.28,369.94,926.87,0.727,-1,-1,-1
446,35,1072.43,309.29,79.58,238.41,0.838,-1,-1,-1
446,36,1131.42,124.24,310.74,817.87,0.933,-1,-1,-1
446,39,669.17,266.11,61.80,265.34,0.632,-1,-1,-1
446,42,581.85,306.09,89.71,250.60,0.899,-1,-1,-1
446,43,1021.02,295.64,68.44,242.81,0.900,-1,-1,-1
446,45,526.28,307.30,49.38,197.36,0.858,-1,-1,-1
446,47,836.33,297.85,64.56,232.05,0.885,-1,-1,-1
446,48,1643.27,365.87,59.85,41.99,0.636,-1,-1,-1
447,2,684.47,202.87,169.14,524.24,0.913,-1,-1,-1
447,20,916.72,219.85,122.34,445.88,0.894,-1,-1,-1
447,35,1080.58,311.68,78.24,236.81,0.849,-1,-1,-1
447,36,1137.30,128.97,312.07,823.21,0.930,-1,-1,-1
447,39,674.27,263.90,60.83,258.73,0.705,-1,-1,-1
447,42,584.87,307.63,90.22,251.22,0.899,-1,-1,-1
447,43,1026.77,296.28,68.98,242.99,0.876,-1,-1,-1
447,45,531.90,309.05,49.25,195.93,0.853,-1,-1,-1
447,47,842.06,297.22,66.14,232.69,0.903,-1,-1,-1
447,48,1649.64,366.08,61.38,43.08,0.613,-1,-1,-1
448,2,691.30,204.33,169.32,525.30,0.911,-1,-1,-1
448,20,921.86,220.47,122.71,447.15,0.876,-1,-1,-1
448,35,1089.29,313.88,77.32,236.67,0.831,-1,-1,-1
448,36,1147.13,136.28,312.64,826.36,0.926,-1,-1,-1
448,39,680.39,263.62,59.92,252.35,0.492,-1,-1,-1
448,42,588.76,309.42,90.75,252.32,0.899,-1,-1,-1
448,43,1032.26,297.37,69.86,243.96,0.890,-1,-1,-1
448,45,537.86,309.82,49.73,196.85,0.860,-1,-1,-1
448,47,849.59,297.95,67.97,233.74,0.890,-1,-1,-1
448,48,1658.45,367.71,62.35,43.80,0.541,-1,-1,-1
449,2,699.46,204.77,166.90,517.39,0.905,-1,-1,-1
449,20,927.12,219.97,123.38,448.34,0.887,-1,-1,-1
449,35,1098.08,315.51,76.27,236.64,0.839,-1,-1,-1
449,36,1155.33,141.81,313.38,829.04,0.924,-1,-1,-1
449,39,685.58,263.16,60.93,254.93,0.474,-1,-1,-1
449,42,592.78,310.61,91.52,253.55,0.917,-1,-1,-1
449,43,1038.37,298.26,70.64,245.09,0.884,-1,-1,-1
449,45,543.21,308.97,50.40,198.71,0.862,-1,-1,-1
449,47,855.52,298.92,69.62,234.42,0.902,-1,-1,-1
449,48,1665.78,368.37,65.31,45.94,0.660,-1,-1,-1
450,2,705.79,203.89,165.13,511.24,0.896,-1,-1,-1
450,20,932.03,219.08,124.14,449.38,0.886,-1,-1,-1
450,35,1106.10,316.48,75.49,237.03,0.850,-1,-1,-1
450,36,1161.40,146.90,312.95,830.10,0.926,-1,-1,-1
450,39,689.22,261.76,62.86,261.56,0.592,-1,-1,-1
450,42,594.92,309.90,92.56,255.28,0.921,-1,-1,-1
450,43,1044.47,298.41,71.08,245.60,0.882,-1,-1,-1
450,45,548.59,310.01,50.43,197.86,0.861,-1,-1,-1
450,47,860.79,299.31,70.70,234.05,0.880,-1,-1,-1
450,48,1673.74,369.31,66.00,46.49,0.684,-1,-1,-1
451,2,712.39,203.21,164.82,509.17,0.901,-1,-1,-1
451,20,937.47,218.96,124.43,448.44,0.868,-1,-1,-1
451,35,1114.09,317.93,74.73,236.82,0.803,-1,-1,-1
451,36,1168.90,150.57,312.12,830.37,0.930,-1,-1,-1
451,39,693.64,260.31,64.72,268.44,0.477,-1,-1,-1
451,42,598.30,309.12,93.75,257.24,0.911,-1,-1,-1
451,43,1050.37,299.07,71.57,245.72,0.883,-1,-1,-1
451,45,554.46,309.50,50.85,198.58,0.852,-1,-1,-1
451,47,864.56,300.44,71.93,233.91,0.863,-1,-1,-1
451,48,1682.30,371.64,65.94,46.49,0.634,-1,-1,-1
452,2,717.40,202.96,165.84,510.63,0.900,-1,-1,-1
452,20,943.64,219.42,124.06,443.84,0.878,-1,-1,-1
452,35,1122.71,318.48,74.35,237.66,0.822,-1,-1,-1
452,36,1175.53,156.33,312.24,833.09,0.915,-1,-1,-1
452,39,697.66,259.46,68.00,282.06,0.506,-1,-1,-1
452,42,602.26,308.88,94.86,259.58,0.897,-1,-1,-1
452,43,1056.88,300.43,72.03,246.23,0.876,-1,-1,-1
452,45,560.91,309.08,51.28,199.59,0.863,-1,-1,-1
452,47,868.95,301.50,73.56,234.28,0.858,-1,-1,-1
452,48,1691.67,373.71,66.25,46.75,0.658,-1,-1,-1
453,2,723.14,203.12,167.03,513.05,0.914,-1,-1,-1
453,20,949.97,218.77,124.13,440.31,0.879,-1,-1,-1
453,35,1131.01,319.13,74.15,238.50,0.832,-1,-1,-1
453,36,1182.00,159.14,313.02,837.10,0.916,-1,-1,-1
453,39,701.76,258.01,70.70,293.64,0.666,-1,-1,-1
453,42,606.27,307.28,95.90,261.92,0.893,-1,-1,-1
453,43,1064.08,299.89,72.69,247.73,0.881,-1,-1,-1
453,45,567.18,308.26,51.69,200.23,0.847,-1,-1,-1
453,47,876.47,302.89,74.38,233.84,0.850,-1,-1,-1
453,48,1702.02,375.17,65.70,46.34,0.640,-1,-1,-1
454,2,729.47,202.65,167.64,514.26,0.912,-1,-1,-1
454,20,956.00,218.28,124.56,438.45,0.902,-1,-1,-1
454,35,1139.26,318.96,74.21,239.82,0.801,-1,-1,-1
454,36,1188.97,160.84,313.55,839.56,0.917,-1,-1,-1
454,39,706.89,255.94,72.13,299.36,0.626,-1,-1,-1
454,42,611.14,304.92,96.86,263.60,0.878,-1,-1,-1
454,43,1071.96,299.72,73.02,248.25,0.905,-1,-1,-1
454,45,573.84,307.53,51.92,200.17,0.853,-1,-1,-1
454,47,884.58,303.79,74.55,232.25,0.871,-1,-1,-1
454,48,1713.24,376.54,65.30,46.08,0.671,-1,-1,-1
455,2,738.17,202.21,167.84,515.25,0.910,-1,-1,-1
455,20,963.58,216.88,125.60,439.19,0.906,-1,-1,-1
455,35,1148.08,318.29,73.86,241.03,0.806,-1,-1,-1
455,36,1194.34,160.77,313.11,840.26,0.917,-1,-1,-1
455,39,711.30,253.93,73.63,306.44,0.866,-1,-1,-1
455,42,615.50,302.57,97.55,264.96,0.903,-1,-1,-1
455,43,1079.45,299.39,73.48,249.22,0.881,-1,-1,-1
455,45,581.11,307.93,51.89,199.31,0.847,-1,-1,-1
455,47,891.89,304.16,75.24,232.35,0.880,-1,-1,-1
455,48,1725.60,377.45,64.17,45.26,0.705,-1,-1,-1
456,2,746.54,202.00,167.59,515.85,0.906,-1,-1,-1
456,20,970.29,215.19,126.75,440.61,0.903,-1,-1,-1
456,35,1154.82,317.63,73.62,242.14,0.742,-1,-1,-1
456,36,1201.29,159.81,312.35,838.91,0.920,-1,-1,-1
456,39,715.47,252.02,74.95,312.32,0.865,-1,-1,-1
456,42,619.52,299.53,98.98,267.77,0.902,-1,-1,-1
456,43,1086.53,298.86,73.84,249.88,0.876,-1,-1,-1
456,45,587.45,306.72,52.03,198.95,0.874,-1,-1,-1
456,47,899.93,304.81,75.25,231.36,0.821,-1,-1,-1
456,48,1738.35,378.23,61.78,43.56,0.662,-1,-1,-1
457,2,754.74,202.01,166.67,515.30,0.902,-1,-1,-1
457,20,977.05,213.62,128.03,442.34,0.898,-1,-1,-1
457,35,1162.57,316.73,72.90,242.49,0.730,-1,-1,-1
457,36,1204.82,157.46,312.10,838.67,0.933,-1,-1,-1
457,39,720.02,249.74,76.60,319.21,0.852,-1,-1,-1
457,42,622.90,296.34,99.83,270.36,0.906,-1,-1,-1
457,43,1093.76,297.69,74.35,251.18,0.885,-1,-1,-1
457,45,593.51,306.39,52.04,198.25,0.832,-1,-1,-1
457,47,906.85,304.99,75.41,231.13,0.864,-1,-1,-1
457,48,1750.42,378.66,59.40,41.82,0.638,-1,-1,-1
458,2,762.51,202.26,165.63,514.37,0.886,-1,-1,-1
458,20,983.86,212.79,128.91,443.22,0.893,-1,-1,-1
458,35,1168.98,315.63,72.07,243.43,0.747,-1,-1,-1
458,36,1209.90,155.23,312.91,839.05,0.929,-1,-1,-1
458,39,724.19,247.90,77.75,324.03,0.867,-1,-1,-1
458,42,627.85,294.17,100.54,271.61,0.867,-1,-1,-1
458,43,1099.94,297.52,74.56,251.47,0.870,-1,-1,-1
458,45,598.59,304.50,52.30,198.77,0.857,-1,-1,-1
458,47,913.14,304.41,75.37,230.55,0.882,-1,-1,-1
458,48,1761.48,379.99,57.57,40.45,0.578,-1,-1,-1
459,2,770.33,202.81,165.33,515.44,0.880,-1,-1,-1
459,20,991.46,211.95,129.81,443.95,0.896,-1,-1,-1
459,35,1175.55,315.29,70.94,243.58,0.718,-1,-1,-1
459,36,1214.35,151.22,314.77,841.07,0.932,-1,-1,-1
459,39,728.66,247.46,78.61,327.04,0.885,-1,-1,-1
459,42,632.59,293.21,101.19,273.32,0.894,-1,-1,-1
459,43,1106.53,297.28,74.74,251.77,0.875,-1,-1,-1
459,45,603.66,304.58,52.20,198.06,0.820,-1,-1,-1
459,47,920.19,303.74,75.30,230.54,0.852,-1,-1,-1
459,48,1773.05,380.14,55.59,38.94,0.588,-1,-1,-1
460,2,775.60,201.73,165.22,517.28,0.890,-1,-1,-1
460,20,999.75,210.44,131.53,445.35,0.909,-1,-1,-1
460,35,1181.93,314.73,69.61,242.16,0.520,-1,-1,-1
460,36,1218.07,145.22,315.27,837.90,0.931,-1,-1,-1
460,39,732.30,245.32,79.10,328.30,0.864,-1,-1,-1
460,42,635.83,290.46,102.15,276.87,0.898,-1,-1,-1
460,43,1115.42,294.59,74.53,253.66,0.818,-1,-1,-1
460,45,607.77,301.34,52.85,200.32,0.806,-1,-1,-1
460,47,925.02,301.71,75.82,231.29,0.876,-1,-1,-1
460,48,1782.73,378.10,54.75,38.21,0.486,-1,-1,-1
461,2,778.42,199.86,164.87,518.06,0.873,-1,-1,-1
461,20,1006.76,209.61,133.61,446.66,0.910,-1,-1,-1
461,36,1221.60,138.60,315.70,833.81,0.933,-1,-1,-1
461,39,734.46,241.34,79.71,330.12,0.856,-1,-1,-1
461,42,637.23,288.52,102.87,280.08,0.893,-1,-1,-1
461,43,1118.19,294.09,74.78,253.95,0.846,-1,-1,-1
461,45,610.33,292.65,54.69,207.73,0.618,-1,-1,-1
461,47,929.54,299.53,76.27,232.43,0.874,-1,-1,-1
461,48,1790.34,376.94,55.19,38.45,0.557,-1,-1,-1
462,2,781.27,198.73,163.77,515.85,0.902,-1,-1,-1
462,20,1012.81,210.00,135.91,447.78,0.914,-1,-1,-1
462,36,1223.64,135.00,315.68,827.63,0.929,-1,-1,-1
462,39,736.17,240.63,80.34,331.80,0.854,-1,-1,-1
462,42,638.47,288.00,103.40,283.00,0.895,-1,-1,-1
462,43,1120.62,293.77,75.08,253.91,0.868,-1,-1,-1
462,45,613.10,295.85,53.66,203.80,0.784,-1,-1,-1
462,47,932.96,298.17,76.79,233.52,0.874,-1,-1,-1
462,48,1797.58,377.38,55.26,38.39,0.509,-1,-1,-1
463,2,782.00,195.64,163.51,515.58,0.906,-1,-1,-1
463,20,1016.30,209.57,138.06,447.62,0.909,-1,-1,-1
463,36,1223.13,132.28,315.80,820.82,0.936,-1,-1,-1
463,39,736.48,238.99,80.88,332.87,0.864,-1,-1,-1
463,42,638.57,286.98,103.02,283.58,0.892,-1,-1,-1
463,43,1122.58,291.75,75.29,253.76,0.858,-1,-1,-1
463,45,614.69,297.32,52.73,200.03,0.823,-1,-1,-1
463,47,935.38,294.96,76.89,233.36,0.878,-1,-1,-1
463,48,1802.53,375.95,55.73,38.65,0.399,-1,-1,-1
464,2,780.27,189.76,163.90,516.14,0.902,-1,-1,-1
464,20,1017.45,206.97,140.22,448.01,0.911,-1,-1,-1
464,36,1219.36,127.72,318.77,823.01,0.937,-1,-1,-1
464,39,734.34,234.72,81.81,334.90,0.863,-1,-1,-1
464,42,636.24,284.15,102.38,283.90,0.894,-1,-1,-1
464,43,1122.63,287.01,76.02,255.63,0.875,-1,-1,-1
464,45,613.76,297.31,51.89,196.88,0.791,-1,-1,-1
464,47,935.81,289.77,76.63,232.09,0.889,-1,-1,-1
464,48,1805.20,372.31,56.80,39.38,0.452,-1,-1,-1
465,2,777.33,185.24,164.13,514.44,0.911,-1,-1,-1
465,20,1016.25,205.18,142.18,448.73,0.910,-1,-1,-1
465,36,1215.19,124.16,323.52,829.99,0.937,-1,-1,-1
465,39,731.14,230.57,83.48,339.72,0.877,-1,-1,-1
465,42,632.99,281.20,102.16,285.38,0.876,-1,-1,-1
465,43,1121.94,283.28,76.53,256.91,0.858,-1,-1,-1
465,45,611.86,290.84,52.72,200.18,0.811,-1,-1,-1
465,47,935.27,285.92,76.77,232.12,0.891,-1,-1,-1
465,48,1805.58,369.75,58.49,40.49,0.431,-1,-1,-1
466,2,774.40,181.33,163.94,509.80,0.914,-1,-1,-1
466,20,1013.45,203.57,143.84,449.61,0.913,-1,-1,-1
466,36,1212.32,121.87,327.88,836.04,0.930,-1,-1,-1
466,39,727.09,226.50,84.49,342.33,0.869,-1,-1,-1
466,42,629.28,278.37,102.28,287.97,0.880,-1,-1,-1
466,43,1119.92,280.25,77.04,257.94,0.846,-1,-1,-1
466,45,608.96,287.66,52.87,200.84,0.766,-1,-1,-1
466,47,933.95,282.72,77.07,232.56,0.892,-1,-1,-1
466,48,1805.46,367.59,60.44,41.73,0.525,-1,-1,-1
467,2,770.53,179.47,165.08,508.78,0.918,-1,-1,-1
467,20,1009.78,203.81,145.09,450.60,0.916,-1,-1,-1
467,36,1209.49,120.22,333.11,845.09,0.924,-1,-1,-1
467,39,722.83,224.39,85.52,344.08,0.866,-1,-1,-1
467,42,624.69,276.36,102.62,291.47,0.893,-1,-1,-1
467,43,1118.43,278.67,77.56,259.35,0.856,-1,-1,-1
467,45,605.61,284.94,53.07,202.02,0.696,-1,-1,-1
467,47,932.94,281.41,77.29,232.58,0.894,-1,-1,-1
467,48,1804.15,366.86,62.06,42.76,0.540,-1,-1,-1
468,2,765.88,178.39,167.05,510.24,0.920,-1,-1,-1
468,20,1004.98,204.35,145.77,450.10,0.912,-1,-1,-1
468,36,1205.61,121.07,337.89,853.67,0.926,-1,-1,-1
468,39,717.33,220.97,87.09,347.94,0.867,-1,-1,-1
468,42,619.04,273.86,103.31,295.33,0.880,-1,-1,-1
468,43,1115.20,277.85,77.78,259.26,0.869,-1,-1,-1
468,45,600.52,283.83,53.27,203.31,0.487,-1,-1,-1
468,47,930.41,279.97,77.81,233.40,0.893,-1,-1,-1
468,48,1801.45,366.26,63.97,43.95,0.488,-1,-1,-1
469,2,762.76,177.40,168.55,511.06,0.912,-1,-1,-1
469,20,999.75,203.58,146.32,449.13,0.908,-1,-1,-1
469,36,1201.11,121.27,340.62,857.66,0.925,-1,-1,-1
469,39,711.61,217.60,88.92,351.76,0.853,-1,-1,-1
469,42,612.76,272.34,103.02,297.11,0.890,-1,-1,-1
469,43,1111.52,277.43,78.01,259.46,0.835,-1,-1,-1
469,45,592.16,281.53,59.98,230.70,0.270,-1,-1,-1
469,47,927.81,278.65,78.24,233.97,0.898,-1,-1,-1
469,48,1796.93,364.75,65.79,45.14,0.591,-1,-1,-1
470,2,760.10,177.02,169.64,512.13,0.908,-1,-1,-1
470,20,993.97,202.52,146.93,448.92,0.902,-1,-1,-1
470,36,1196.50,122.66,343.04,862.25,0.932,-1,-1,-1
470,39,704.96,214.58,90.67,355.61,0.867,-1,-1,-1
470,42,605.69,270.15,103.18,299.90,0.885,-1,-1,-1
470,43,1108.01,275.14,78.62,261.09,0.851,-1,-1,-1
470,45,587.74,280.79,58.44,225.20,0.215,-1,-1,-1
470,47,925.10,278.36,78.36,233.78,0.882,-1,-1,-1
470,48,1792.94,363.61,66.00,45.18,0.651,-1,-1,-1
471,2,757.23,176.92,170.99,514.22,0.901,-1,-1,-1
471,20,989.12,201.34,147.64,450.01,0.905,-1,-1,-1
471,36,1193.45,123.97,345.47,867.02,0.932,-1,-1,-1
471,39,697.56,212.64,92.06,357.71,0.855,-1,-1,-1
471,42,598.30,267.29,103.71,303.75,0.898,-1,-1,-1
471,43,1104.20,274.12,78.97,261.94,0.837,-1,-1,-1
471,45,582.48,280.94,57.44,221.86,0.108,-1,-1,-1
471,47,923.22,278.90,78.49,233.16,0.881,-1,-1,-1
471,48,1790.42,362.93,65.94,44.97,0.641,-1,-1,-1
472,2,755.90,176.73,171.44,514.63,0.913,-1,-1,-1
472,20,984.95,198.41,147.98,450.58,0.905,-1,-1,-1
472,36,1191.02,122.59,346.98,870.12,0.933,-1,-1,-1
472,39,691.44,209.92,93.61,359.86,0.845,-1,-1,-1
472,42,591.11,264.47,103.61,305.62,0.904,-1,-1,-1
472,43,1101.78,272.59,78.94,262.38,0.813,-1,-1,-1
472,47,921.44,278.55,78.83,232.96,0.881,-1,-1,-1
472,48,1787.45,360.48,66.10,44.99,0.682,-1,-1,-1
473,2,754.92,177.40,172.07,515.53,0.907,-1,-1,-1
473,20,981.33,196.83,148.43,451.40,0.909,-1,-1,-1
473,36,1188.88,119.96,347.87,871.72,0.926,-1,-1,-1
473,39,685.30,207.71,95.79,364.22,0.863,-1,-1,-1
473,42,584.22,262.13,104.46,308.68,0.886,-1,-1,-1
473,43,1099.17,271.55,79.01,263.15,0.831,-1,-1,-1
473,47,920.65,279.53,79.04,231.85,0.892,-1,-1,-1
473,48,1786.40,359.55,65.08,44.21,0.704,-1,-1,-1
474,2,755.57,178.62,172.14,514.87,0.917,-1,-1,-1
474,20,978.11,195.81,147.90,449.80,0.906,-1,-1,-1
474,36,1188.37,117.97,346.62,867.55,0.922,-1,-1,-1
474,39,679.47,204.93,97.79,367.98,0.864,-1,-1,-1
474,42,576.58,259.72,105.00,311.58,0.898,-1,-1,-1
474,43,1097.56,271.16,78.98,263.51,0.820,-1,-1,-1
474,47,919.18,279.97,79.04,230.80,0.886,-1,-1,-1
474,48,1784.97,358.11,64.23,43.45,0.688,-1,-1,-1
475,2,757.57,179.43,171.83,513.50,0.914,-1,-1,-1
475,20,975.03,193.81,146.97,446.99,0.910,-1,-1,-1
475,36,1187.90,115.08,346.32,865.83,0.924,-1,-1,-1
475,39,674.16,201.95,99.58,370.64,0.886,-1,-1,-1
475,42,570.03,256.58,105.30,313.86,0.917,-1,-1,-1
475,43,1096.11,269.63,78.94,264.12,0.835,-1,-1,-1
475,47,917.84,279.64,78.88,229.83,0.880,-1,-1,-1
475,48,1785.41,354.94,63.42,42.84,0.630,-1,-1,-1
476,2,760.30,180.61,171.92,513.34,0.903,-1,-1,-1
476,20,971.91,191.83,145.91,444.02,0.908,-1,-1,-1
476,36,1188.38,111.38,345.15,861.49,0.927,-1,-1,-1
476,39,669.53,200.23,102.05,375.25,0.888,-1,-1,-1
476,42,563.94,255.51,106.13,317.67,0.912,-1,-1,-1
476,43,1094.14,268.77,79.18,265.30,0.851,-1,-1,-1
476,47,916.64,279.94,78.63,229.48,0.864,-1,-1,-1
476,48,1786.50,352.61,63.26,42.85,0.679,-1,-1,-1
477,2,763.62,182.15,171.92,511.97,0.910,-1,-1,-1
477,20,969.86,191.85,145.44,443.71,0.906,-1,-1,-1
477,36,1189.76,108.73,343.99,857.69,0.920,-1,-1,-1
477,39,664.92,200.86,105.08,381.50,0.899,-1,-1,-1
477,42,558.95,256.56,106.62,320.34,0.917,-1,-1,-1
477,43,1093.44,269.37,79.40,266.35,0.873,-1,-1,-1
477,47,916.71,281.92,78.44,229.47,0.872,-1,-1,-1
477,48,1789.06,352.38,62.59,42.42,0.639,-1,-1,-1
478,2,768.02,183.66,171.94,512.16,0.911,-1,-1,-1
478,20,968.78,193.92,145.02,443.79,0.907,-1,-1,-1
478,36,1193.01,108.37,339.90,846.02,0.929,-1,-1,-1
478,39,661.10,203.03,108.05,387.38,0.903,-1,-1,-1
478,42,554.07,259.83,107.16,322.45,0.905,-1,-1,-1
478,43,1093.12,271.81,79.44,266.80,0.878,-1,-1,-1
478,47,916.16,284.89,78.42,229.78,0.857,-1,-1,-1
478,48,1790.88,353.07,63.31,43.01,0.640,-1,-1,-1
479,2,771.83,183.42,172.22,513.19,0.909,-1,-1,-1
479,20,968.00,194.85,144.23,443.79,0.902,-1,-1,-1
479,36,1195.98,107.13,337.65,838.87,0.932,-1,-1,-1
479,39,658.73,204.27,110.47,390.47,0.899,-1,-1,-1
479,42,549.28,261.19,107.63,324.14,0.900,-1,-1,-1
479,43,1093.47,271.60,79.83,268.74,0.889,-1,-1,-1
479,47,915.55,284.21,79.26,231.96,0.871,-1,-1,-1
479,48,1792.52,352.56,63.82,43.42,0.569,-1,-1,-1
480,2,775.95,183.22,172.20,513.71,0.907,-1,-1,-1
480,20,967.97,195.81,143.60,444.02,0.900,-1,-1,-1
480,36,1197.94,105.42,338.53,840.07,0.933,-1,-1,-1
480,39,657.02,205.80,112.75,392.03,0.908,-1,-1,-1
480,42,545.62,263.10,108.38,326.44,0.897,-1,-1,-1
480,43,1094.47,271.29,80.00,270.34,0.887,-1,-1,-1
480,47,917.56,285.16,79.08,232.14,0.840,-1,-1,-1
480,48,1792.59,349.32,68.40,46.83,0.417,-1,-1,-1
481,2,780.16,184.18,171.71,511.94,0.908,-1,-1,-1
481,20,969.47,198.38,143.41,446.93,0.890,-1,-1,-1
481,36,1201.13,107.54,342.73,850.24,0.924,-1,-1,-1
481,39,655.41,207.94,115.23,395.25,0.906,-1,-1,-1
481,42,542.32,266.06,109.86,331.02,0.897,-1,-1,-1
481,43,1095.56,273.65,80.09,270.82,0.882,-1,-1,-1
481,47,921.81,287.50,78.78,232.42,0.839,-1,-1,-1
481,48,1795.40,351.46,70.06,48.03,0.266,-1,-1,-1
482,2,787.08,186.23,170.43,506.80,0.914,-1,-1,-1
482,20,971.96,202.26,142.47,446.94,0.876,-1,-1,-1
482,36,1204.86,110.71,344.88,854.25,0.922,-1,-1,-1
482,39,654.60,210.07,117.82,399.31,0.899,-1,-1,-1
482,42,540.73,269.24,110.94,333.71,0.896,-1,-1,-1
482,43,1098.12,276.10,80.34,271.32,0.864,-1,-1,-1
482,47,925.86,290.51,77.57,230.37,0.797,-1,-1,-1
482,48,1805.15,356.06,73.34,49.55,0.490,-1,-1,-1
483,2,792.19,185.09,170.24,504.92,0.916,-1,-1,-1
483,20,974.50,202.26,142.16,447.69,0.865,-1,-1,-1
483,36,1208.78,110.96,346.60,857.44,0.920,-1,-1,-1
483,39,653.83,207.97,120.47,403.96,0.898,-1,-1,-1
483,42,538.93,267.89,112.63,338.49,0.879,-1,-1,-1
483,43,1101.79,274.48,80.57,272.17,0.867,-1,-1,-1
483,47,929.24,284.32,78.40,234.13,0.502,-1,-1,-1
483,48,1811.88,355.31,76.00,50.85,0.369,-1,-1,-1
484,2,797.20,185.14,170.84,505.93,0.908,-1,-1,-1
484,20,976.95,203.47,141.59,449.90,0.867,-1,-1,-1
484,36,1212.12,112.72,347.11,857.56,0.917,-1,-1,-1
484,39,654.32,206.92,122.99,407.74,0.895,-1,-1,-1
484,42,537.48,268.12,113.95,341.42,0.885,-1,-1,-1
484,43,1103.88,274.48,81.17,272.70,0.883,-1,-1,-1
484,47,932.94,284.53,77.86,234.26,0.694,-1,-1,-1
484,48,1816.26,356.23,80.69,53.55,0.518,-1,-1,-1
485,2,803.42,186.60,171.57,507.15,0.910,-1,-1,-1
485,20,980.87,206.73,140.40,450.63,0.871,-1,-1,-1
485,36,1213.34,116.43,351.83,869.86,0.920,-1,-1,-1
485,39,655.55,207.03,125.36,411.51,0.912,-1,-1,-1
485,42,535.87,269.19,115.89,344.80,0.906,-1,-1,-1
485,43,1106.41,275.95,82.15,273.97,0.900,-1,-1,-1
485,47,939.80,285.86,77.23,234.15,0.566,-1,-1,-1
485,48,1821.07,357.96,84.91,56.21,0.447,-1,-1,-1
486,2,811.61,189.91,171.83,507.87,0.907,-1,-1,-1
486,20,987.13,211.45,138.88,449.46,0.871,-1,-1,-1
486,36,1216.59,120.98,356.13,882.29,0.917,-1,-1,-1
486,39,657.68,206.80,127.40,414.56,0.907,-1,-1,-1
486,42,536.24,269.67,117.87,348.08,0.894,-1,-1,-1
486,43,1111.14,279.22,82.84,274.37,0.886,-1,-1,-1
486,47,947.37,290.07,76.15,233.42,0.656,-1,-1,-1
486,48,1828.61,362.52,86.04,56.85,0.473,-1,-1,-1
486,49,759.00,310.33,63.13,188.79,0.633,-1,-1,-1
487,2,819.82,195.60,171.89,507.54,0.917,-1,-1,-1
487,20,994.49,217.27,137.79,450.24,0.875,-1,-1,-1
487,36,1220.66,129.72,358.22,889.58,0.924,-1,-1,-1
487,39,661.77,209.73,129.44,416.80,0.910,-1,-1,-1
487,42,537.61,272.13,119.81,350.90,0.899,-1,-1,-1
487,43,1117.19,284.23,83.70,275.08,0.889,-1,-1,-1
487,47,955.97,295.56,75.95,234.90,0.515,-1,-1,-1
487,48,1835.42,368.10,88.81,58.84,0.514,-1,-1,-1
487,49,766.56,315.59,63.02,188.04,0.743,-1,-1,-1
488,2,828.04,201.95,171.91,507.25,0.914,-1,-1,-1
488,20,1000.01,220.99,136.48,450.64,0.880,-1,-1,-1
488,36,1224.55,136.91,358.22,892.27,0.930,-1,-1,-1
488,39,664.62,212.02,130.86,417.60,0.905,-1,-1,-1
488,42,538.45,272.40,121.93,354.66,0.882,-1,-1,-1
488,43,1123.35,288.02,84.40,275.86,0.884,-1,-1,-1
488,47,963.38,299.32,75.50,235.08,0.223,-1,-1,-1
488,48,1838.11,374.84,92.92,62.58,0.768,-1,-1,-1
488,49,771.43,321.17,62.36,185.84,0.458,-1,-1,-1
489,2,835.58,207.20,171.98,506.91,0.915,-1,-1,-1
489,20,1005.11,224.88,134.95,449.45,0.891,-1,-1,-1
489,36,1226.53,142.20,358.19,894.72,0.933,-1,-1,-1
489,39,667.20,212.47,132.84,420.15,0.906,-1,-1,-1
489,42,536.99,272.18,123.58,357.52,0.888,-1,-1,-1
489,43,1128.73,293.35,84.88,274.74,0.898,-1,-1,-1
489,47,970.49,306.24,73.73,230.88,0.151,-1,-1,-1
489,48,1841.83,381.11,94.06,64.83,0.767,-1,-1,-1
489,49,773.79,322.35,63.57,188.89,0.578,-1,-1,-1
490,2,840.82,212.96,172.64,507.76,0.914,-1,-1,-1
490,20,1008.06,228.49,133.95,449.34,0.891,-1,-1,-1
490,36,1227.90,145.29,358.37,896.99,0.936,-1,-1,-1
490,39,671.86,213.98,136.02,423.72,0.893,-1,-1,-1
490,42,536.35,272.63,125.61,360.98,0.885,-1,-1,-1
490,43,1132.60,297.58,85.82,275.22,0.897,-1,-1,-1
490,48,1846.53,388.30,93.53,65.53,0.568,-1,-1,-1
491,2,846.39,217.99,172.97,508.28,0.903,-1,-1,-1
491,20,1009.08,231.35,133.86,451.31,0.895,-1,-1,-1
491,36,1226.22,145.98,359.10,901.08,0.934,-1,-1,-1
491,39,672.21,214.57,139.09,428.07,0.891,-1,-1,-1
491,42,534.01,274.60,127.46,363.66,0.880,-1,-1,-1
491,43,1135.47,301.49,87.07,276.75,0.896,-1,-1,-1
491,48,1846.51,390.65,94.48,66.46,-1.000,-1,-1,-1
492,2,851.23,222.02,173.05,508.68,0.904,-1,-1,-1
492,20,1009.75,233.65,133.63,452.93,0.896,-1,-1,-1
492,36,1223.33,144.44,358.89,903.55,0.930,-1,-1,-1
492,39,670.77,215.25,142.19,432.30,0.904,-1,-1,-1
492,42,532.13,276.21,129.29,365.25,0.875,-1,-1,-1
492,43,1137.62,304.97,88.11,277.72,0.890,-1,-1,-1
492,48,1846.48,393.00,95.42,67.39,-1.000,-1,-1,-1
493,2,855.54,226.97,172.46,507.10,0.901,-1,-1,-1
493,20,1009.94,235.45,133.35,453.97,0.898,-1,-1,-1
493,36,1219.89,142.37,358.71,906.17,0.931,-1,-1,-1
493,39,669.09,216.06,144.84,435.40,0.904,-1,-1,-1
493,42,530.13,277.96,132.14,368.96,0.873,-1,-1,-1
493,43,1138.89,308.62,89.20,278.26,0.909,-1,-1,-1
493,48,1846.45,395.34,96.37,68.32,-1.000,-1,-1,-1
494,2,858.11,229.90,172.46,507.20,0.898,-1,-1,-1
494,20,1009.60,236.90,132.68,452.13,0.904,-1,-1,-1
494,36,1220.29,138.96,352.06,889.82,0.929,-1,-1,-1
494,39,667.00,215.89,148.45,440.93,0.906,-1,-1,-1
494,42,526.45,278.71,134.85,373.76,0.870,-1,-1,-1
494,43,1139.89,310.81,90.29,279.19,0.906,-1,-1,-1
494,48,1846.42,397.69,97.31,69.25,-1.000,-1,-1,-1
495,2,858.79,231.20,172.63,507.60,0.893,-1,-1,-1
495,20,1008.71,237.72,131.52,447.93,0.906,-1,-1,-1
495,36,1216.74,133.71,351.23,888.34,0.927,-1,-1,-1
495,39,663.15,216.31,152.17,446.88,0.913,-1,-1,-1
495,42,520.54,279.38,137.51,379.81,0.874,-1,-1,-1
495,43,1140.60,313.55,91.12,279.58,0.894,-1,-1,-1
495,48,1846.40,400.04,98.26,70.18,-1.000,-1,-1,-1
495,50,849.17,320.06,50.94,239.47,0.753,-1,-1,-1
496,2,860.26,230.65,172.57,508.34,0.892,-1,-1,-1
496,20,1009.67,237.52,130.90,444.06,0.896,-1,-1,-1
496,36,1214.47,129.65,349.04,882.73,0.927,-1,-1,-1
496,39,657.62,216.31,155.06,449.89,0.905,-1,-1,-1
496,42,515.64,279.78,139.44,383.97,0.891,-1,-1,-1
496,43,1141.15,314.03,91.77,280.19,0.894,-1,-1,-1
496,45,622.07,318.30,55.89,214.68,0.604,-1,-1,-1
496,48,1846.37,402.38,99.20,71.11,-1.000,-1,-1,-1
496,50,852.49,320.73,51.09,239.80,0.773,-1,-1,-1
497,2,860.92,229.24,172.70,509.59,0.894,-1,-1,-1
497,20,1009.42,236.96,130.74,442.49,0.900,-1,-1,-1
497,36,1211.00,123.09,350.88,888.19,0.924,-1,-1,-1
497,39,651.37,215.19,158.46,455.18,0.873,-1,-1,-1
497,42,511.23,280.87,140.47,385.04,0.896,-1,-1,-1
497,43,1140.18,313.80,92.92,281.80,0.895,-1,-1,-1
497,45,621.84,323.34,55.00,209.51,0.537,-1,-1,-1
497,48,1846.34,404.73,100.15,72.04,-1.000,-1,-1,-1
497,50,854.99,324.24,50.72,237.65,0.658,-1,-1,-1
498,2,862.97,228.60,170.96,503.78,0.889,-1,-1,-1
498,20,1009.31,236.46,130.87,443.33,0.901,-1,-1,-1
498,36,1209.20,118.90,352.64,894.15,0.927,-1,-1,-1
498,39,644.33,214.93,160.64,459.24,0.873,-1,-1,-1
498,42,507.17,282.57,141.48,386.33,0.892,-1,-1,-1
498,43,1139.52,313.70,93.90,283.67,0.892,-1,-1,-1
498,45,619.14,323.62,55.20,210.07,0.403,-1,-1,-1
498,48,1846.32,407.08,101.10,72.97,-1.000,-1,-1,-1
498,50,857.63,338.57,48.24,225.42,0.569,-1,-1,-1
499,2,864.48,226.54,169.51,498.76,0.892,-1,-1,-1
499,20,1009.08,235.41,131.18,444.71,0.900,-1,-1,-1
499,36,1207.52,114.79,355.28,903.32,0.926,-1,-1,-1
499,39,637.87,214.48,163.28,464.66,0.873,-1,-1,-1
499,42,500.49,282.22,143.73,392.21,0.904,-1,-1,-1
499,43,1139.28,312.14,94.70,285.56,0.889,-1,-1,-1
499,48,1846.29,409.43,102.04,73.90,-1.000,-1,-1,-1
499,50,858.71,348.82,46.27,215.71,0.199,-1,-1,-1
500,2,865.33,225.49,169.13,497.17,0.899,-1,-1,-1
500,20,1008.98,235.35,131.59,445.98,0.900,-1,-1,-1
500,36,1206.12,113.22,356.96,910.27,0.916,-1,-1,-1
500,39,630.44,214.15,166.46,471.24,0.901,-1,-1,-1
500,42,493.73,281.81,145.83,398.35,0.910,-1,-1,-1
500,43,1138.35,310.87,95.58,287.87,0.895,-1,-1,-1
500,48,1846.26,411.77,102.99,74.83,-1.000,-1,-1,-1
500,50,857.75,357.97,44.69,208.09,0.144,-1,-1,-1
501,2,866.25,225.05,169.61,498.69,0.906,-1,-1,-1
501,20,1008.92,235.31,132.08,447.23,0.893,-1,-1,-1
501,36,1205.34,113.79,357.47,913.97,0.928,-1,-1,-1
501,39,624.74,213.30,169.41,478.22,0.906,-1,-1,-1
501,42,486.25,282.10,147.08,403.05,0.920,-1,-1,-1
501,43,1137.57,310.71,95.93,288.68,0.903,-1,-1,-1
501,48,1846.24,414.12,103.93,75.76,-1.000,-1,-1,-1
501,50,856.02,358.49,44.58,207.09,-1.000,-1,-1,-1
502,2,866.49,224.62,169.84,499.52,0.915,-1,-1,-1
502,20,1008.13,235.64,132.71,448.52,0.896,-1,-1,-1
502,36,1206.25,115.41,356.11,912.87,0.927,-1,-1,-1
502,39,616.35,210.80,171.73,485.01,0.888,-1,-1,-1
502,42,478.20,281.48,148.54,408.06,0.920,-1,-1,-1
502,43,1137.20,310.43,95.97,288.65,0.901,-1,-1,-1
502,48,1846.21,416.47,104.88,76.69,-1.000,-1,-1,-1
502,50,854.28,359.02,44.47,206.10,-1.000,-1,-1,-1
503,2,865.22,223.94,170.05,500.28,0.902,-1,-1,-1
503,20,1005.95,234.57,132.92,449.02,0.895,-1,-1,-1
503,36,1205.29,117.39,357.96,921.27,0.928,-1,-1,-1
503,39,606.51,206.68,173.68,490.72,0.906,-1,-1,-1
503,42,468.54,277.60,150.14,414.23,0.899,-1,-1,-1
503,43,1135.47,308.41,96.09,288.78,0.897,-1,-1,-1
503,48,1846.18,418.81,105.83,77.62,-1.000,-1,-1,-1
503,50,852.55,359.55,44.36,205.11,-1.000,-1,-1,-1
504,2,865.54,221.15,170.51,502.90,0.910,-1,-1,-1
504,20,1004.10,232.97,133.10,449.54,0.895,-1,-1,-1
504,36,1205.35,118.02,358.30,925.62,0.929,-1,-1,-1
504,39,598.15,199.27,175.75,496.99,0.896,-1,-1,-1
504,42,458.52,272.74,151.30,419.76,0.910,-1,-1,-1
504,43,1134.47,304.55,96.80,289.79,0.900,-1,-1,-1
504,48,1846.16,421.16,106.77,78.55,-1.000,-1,-1,-1
504,50,850.82,360.08,44.24,204.11,0.647,-1,-1,-1
505,2,865.61,220.27,170.68,504.54,0.904,-1,-1,-1
505,20,1003.03,231.73,133.17,450.26,0.894,-1,-1,-1
505,36,1205.92,118.42,358.52,929.91,0.922,-1,-1,-1
505,39,586.97,192.82,177.29,504.12,0.896,-1,-1,-1
505,42,448.67,269.14,152.39,424.32,0.908,-1,-1,-1
505,43,1134.07,301.65,97.24,290.83,0.904,-1,-1,-1
505,48,1846.13,423.51,107.72,79.48,0.512,-1,-1,-1
505,50,848.66,358.02,45.18,205.85,0.702,-1,-1,-1
506,2,866.13,221.15,170.29,504.03,0.908,-1,-1,-1
506,20,1002.58,230.72,132.79,450.13,0.888,-1,-1,-1
506,36,1207.68,115.30,357.38,930.44,0.923,-1,-1,-1
506,39,578.09,187.37,178.70,510.21,0.911,-1,-1,-1
506,42,439.19,264.35,154.20,430.76,0.911,-1,-1,-1
506,43,1133.28,298.76,97.84,291.99,0.896,-1,-1,-1
506,48,1843.04,418.90,109.58,81.54,-1.000,-1,-1,-1
506,50,846.93,356.45,46.41,207.91,0.733,-1,-1,-1
507,2,865.31,222.98,170.39,504.69,0.910,-1,-1,-1
507,20,1000.75,231.26,132.31,450.69,0.871,-1,-1,-1
507,36,1208.81,115.89,356.60,932.04,0.918,-1,-1,-1
507,39,569.39,185.24,179.46,514.66,0.906,-1,-1,-1
507,42,428.00,260.29,155.95,438.26,0.914,-1,-1,-1
507,43,1130.17,297.35,98.57,293.30,0.895,-1,-1,-1
507,48,1839.96,414.28,111.44,83.60,-1.000,-1,-1,-1
507,50,844.93,353.97,47.68,211.67,0.572,-1,-1,-1
508,2,865.23,224.21,169.75,503.46,0.899,-1,-1,-1
508,20,996.68,230.97,131.69,452.15,0.866,-1,-1,-1
508,36,1209.69,113.07,352.65,924.03,0.931,-1,-1,-1
508,39,558.23,182.11,180.89,520.28,0.913,-1,-1,-1
508,42,415.98,256.82,157.23,443.99,0.909,-1,-1,-1
508,43,1125.37,295.62,99.56,294.83,0.911,-1,-1,-1
508,48,1836.87,409.67,113.30,85.66,-1.000,-1,-1,-1
508,50,840.97,331.22,52.81,234.19,0.627,-1,-1,-1
508,51,1549.56,386.99,36.32,53.91,0.666,-1,-1,-1
509,2,863.20,224.27,168.73,500.74,0.885,-1,-1,-1
509,20,993.21,230.43,130.18,451.32,0.861,-1,-1,-1
509,36,1209.52,109.83,350.06,918.77,0.932,-1,-1,-1
509,39,545.50,177.03,182.24,526.24,0.917,-1,-1,-1
509,42,403.35,255.53,157.52,446.13,0.906,-1,-1,-1
509,43,1121.69,293.74,99.97,295.03,0.901,-1,-1,-1
509,48,1833.78,405.06,115.16,87.71,-1.000,-1,-1,-1
509,50,838.61,316.01,56.15,249.15,0.815,-1,-1,-1
509,51,1545.14,384.41,36.89,54.84,0.414,-1,-1,-1
510,2,859.44,222.49,168.25,499.68,0.885,-1,-1,-1
510,20,988.51,229.17,129.15,452.71,0.854,-1,-1,-1
510,36,1208.33,106.10,349.76,919.16,0.928,-1,-1,-1
510,39,532.68,174.60,183.37,530.69,0.913,-1,-1,-1
510,42,390.11,254.72,158.78,450.74,0.917,-1,-1,-1
510,43,1117.41,291.33,100.86,296.19,0.909,-1,-1,-1
510,48,1830.70,400.45,117.02,89.77,-1.000,-1,-1,-1
510,50,837.13,307.90,57.59,257.20,0.831,-1,-1,-1
510,51,1541.64,380.88,37.39,55.76,0.463,-1,-1,-1
511,2,856.78,219.19,168.06,500.15,0.895,-1,-1,-1
511,20,984.31,227.43,127.81,454.02,0.855,-1,-1,-1
511,36,1211.16,97.88,346.60,911.14,0.926,-1,-1,-1
511,39,521.86,171.48,184.48,535.64,0.925,-1,-1,-1
511,42,376.50,252.52,161.39,459.67,0.883,-1,-1,-1
511,43,1113.21,288.06,101.75,297.53,0.901,-1,-1,-1
511,48,1827.61,395.84,118.88,91.83,0.501,-1,-1,-1
511,50,835.36,302.89,58.09,261.37,0.819,-1,-1,-1
511,51,1542.66,378.15,37.78,56.35,-1.000,-1,-1,-1
511,52,1088.11,318.70,35.41,195.94,0.738,-1,-1,-1
512,2,855.62,215.53,167.44,500.12,0.906,-1,-1,-1
512,20,981.19,224.53,126.32,454.46,0.866,-1,-1,-1
512,36,1212.27,92.30,345.27,906.60,0.931,-1,-1,-1
512,39,509.92,168.18,187.59,544.57,0.909,-1,-1,-1
512,42,363.42,250.01,164.34,469.35,0.887,-1,-1,-1
512,43,1109.60,285.33,102.55,298.54,0.901,-1,-1,-1
512,48,1824.74,386.30,122.19,97.19,-1.000,-1,-1,-1
512,50,833.38,299.65,58.55,264.98,0.778,-1,-1,-1
512,51,1543.68,375.42,38.18,56.95,-1.000,-1,-1,-1
512,52,1078.84,317.31,35.65,196.31,0.684,-1,-1,-1
513,2,855.29,212.14,165.32,495.28,0.909,-1,-1,-1
513,20,978.47,221.38,124.46,454.42,0.866,-1,-1,-1
513,36,1212.61,85.37,344.72,903.84,0.923,-1,-1,-1
513,39,498.74,163.14,191.48,556.71,0.919,-1,-1,-1
513,42,350.88,246.39,165.98,475.65,0.888,-1,-1,-1
513,43,1106.97,282.81,102.93,298.12,0.909,-1,-1,-1
513,48,1821.88,376.76,125.50,102.55,0.627,-1,-1,-1
513,50,832.50,296.77,58.95,268.16,0.787,-1,-1,-1
513,51,1544.70,372.70,38.57,57.54,-1.000,-1,-1,-1
513,52,1074.21,315.16,35.96,196.86,0.652,-1,-1,-1
514,2,854.67,207.52,163.56,491.33,0.910,-1,-1,-1
514,20,976.71,215.89,123.04,456.42,0.862,-1,-1,-1
514,36,1210.80,76.62,346.44,908.33,0.922,-1,-1,-1
514,39,488.38,158.73,195.25,567.60,0.919,-1,-1,-1
514,42,339.40,243.75,167.51,481.25,0.895,-1,-1,-1
514,43,1105.49,279.47,103.65,297.96,0.912,-1,-1,-1
514,48,1822.14,365.81,124.95,108.46,0.704,-1,-1,-1
514,50,831.85,293.98,59.29,270.97,0.714,-1,-1,-1
514,51,1545.72,369.97,38.96,58.14,-1.000,-1,-1,-1
514,52,1071.01,311.97,36.36,197.26,0.751,-1,-1,-1
515,2,853.89,202.93,163.11,491.48,0.906,-1,-1,-1
515,20,976.52,210.88,121.39,457.60,0.865,-1,-1,-1
515,36,1211.90,68.66,348.07,913.36,0.921,-1,-1,-1
515,39,479.24,153.62,199.13,578.73,0.917,-1,-1,-1
515,42,329.48,241.31,169.46,487.27,0.887,-1,-1,-1
515,43,1103.61,276.13,104.42,298.89,0.915,-1,-1,-1
515,48,1825.31,358.33,119.90,111.03,0.794,-1,-1,-1
515,50,832.10,293.02,59.14,270.73,0.439,-1,-1,-1
515,51,1546.74,367.24,39.35,58.73,-1.000,-1,-1,-1
515,52,1068.86,309.05,36.82,197.42,0.817,-1,-1,-1
516,2,853.27,198.16,163.01,493.46,0.901,-1,-1,-1
516,20,975.96,206.56,119.19,455.68,0.854,-1,-1,-1
516,36,1214.17,61.72,347.19,912.37,0.919,-1,-1,-1
516,39,471.83,148.21,201.36,583.87,0.913,-1,-1,-1
516,42,318.42,238.42,171.96,495.16,0.880,-1,-1,-1
516,43,1101.76,272.48,105.11,299.45,0.905,-1,-1,-1
516,48,1827.60,351.87,115.70,113.25,0.796,-1,-1,-1
516,50,832.62,292.35,58.37,267.99,0.691,-1,-1,-1
516,51,1547.76,364.52,39.75,59.33,-1.000,-1,-1,-1
516,52,1066.43,306.14,37.52,197.74,0.841,-1,-1,-1
517,2,853.54,196.23,162.86,495.47,0.900,-1,-1,-1
517,20,976.53,204.87,116.60,451.47,0.848,-1,-1,-1
517,36,1217.07,57.75,346.79,913.08,0.923,-1,-1,-1
517,39,465.16,145.25,205.06,592.40,0.921,-1,-1,-1
517,42,309.33,237.12,174.90,503.43,0.869,-1,-1,-1
517,43,1101.27,270.52,106.21,301.29,0.900,-1,-1,-1
517,48,1830.91,348.69,111.66,114.71,0.784,-1,-1,-1
517,50,834.30,297.48,56.86,261.19,0.516,-1,-1,-1
517,51,1548.78,361.79,40.14,59.93,-1.000,-1,-1,-1
517,52,1066.03,305.11,38.15,197.93,0.827,-1,-1,-1
518,2,853.30,194.78,162.77,497.97,0.882,-1,-1,-1
518,20,976.00,202.84,114.11,447.88,0.832,-1,-1,-1
518,36,1217.18,55.92,350.28,925.86,0.914,-1,-1,-1
518,39,458.73,143.00,209.05,601.06,0.933,-1,-1,-1
518,42,299.58,237.16,177.51,511.48,0.874,-1,-1,-1
518,43,1101.26,268.40,107.04,302.28,0.895,-1,-1,-1
518,48,1833.69,346.28,108.79,116.24,0.729,-1,-1,-1
518,50,835.15,294.50,56.88,262.47,0.600,-1,-1,-1
518,51,1549.80,359.06,40.53,60.52,-1.000,-1,-1,-1
518,52,1065.07,304.13,39.11,199.67,0.846,-1,-1,-1
519,2,852.70,193.05,162.02,498.72,0.870,-1,-1,-1
519,20,975.10,200.23,112.32,447.13,0.835,-1,-1,-1
519,36,1219.44,53.15,350.62,929.37,0.901,-1,-1,-1
519,39,452.54,140.18,213.56,612.40,0.923,-1,-1,-1
519,42,288.55,232.67,180.82,522.56,0.918,-1,-1,-1
519,43,1100.44,263.84,108.28,305.27,0.881,-1,-1,-1
519,48,1836.07,344.06,106.68,116.83,0.545,-1,-1,-1
519,50,836.69,292.68,56.70,262.44,0.368,-1,-1,-1
519,51,1550.82,356.34,40.93,61.12,-1.000,-1,-1,-1
519,52,1063.70,299.71,40.34,203.21,0.800,-1,-1,-1
520,2,854.13,191.89,161.60,500.73,0.885,-1,-1,-1
520,20,974.89,197.82,110.89,447.93,0.846,-1,-1,-1
520,36,1219.80,52.91,353.91,943.16,0.904,-1,-1,-1
520,39,446.91,133.28,218.95,626.09,0.927,-1,-1,-1
520,42,280.06,228.61,183.47,531.10,0.916,-1,-1,-1
520,43,1101.80,262.64,109.37,306.95,0.895,-1,-1,-1
520,50,838.96,286.64,57.69,267.92,0.417,-1,-1,-1
520,51,1551.84,353.61,41.32,61.71,-1.000,-1,-1,-1
520,52,1064.06,296.44,41.43,205.71,0.825,-1,-1,-1
521,2,857.37,195.69,160.21,498.86,0.875,-1,-1,-1
521,20,977.20,198.13,109.23,448.29,0.849,-1,-1,-1
521,36,1223.13,56.36,354.69,951.13,0.896,-1,-1,-1
521,39,445.27,131.87,222.43,633.54,0.926,-1,-1,-1
521,42,273.96,227.95,185.48,536.64,0.910,-1,-1,-1
521,43,1105.48,263.21,110.00,307.26,0.899,-1,-1,-1
521,50,845.62,302.44,55.11,255.40,0.345,-1,-1,-1
521,51,1552.86,350.88,41.71,62.31,-1.000,-1,-1,-1
521,52,1067.00,296.45,41.98,206.09,0.852,-1,-1,-1
522,2,859.89,195.62,159.41,498.55,0.882,-1,-1,-1
522,20,977.28,195.04,108.14,449.73,0.855,-1,-1,-1
522,36,1225.72,57.01,353.18,954.17,0.901,-1,-1,-1
522,39,442.90,128.37,225.52,639.51,0.928,-1,-1,-1
522,42,266.55,223.68,188.15,543.87,0.908,-1,-1,-1
522,43,1107.99,260.41,110.28,306.64,0.895,-1,-1,-1
522,50,851.12,306.61,54.04,250.23,0.116,-1,-1,-1
522,51,1553.88,348.16,42.10,62.90,-1.000,-1,-1,-1
522,52,1068.58,291.80,42.76,207.34,0.859,-1,-1,-1
523,2,862.52,194.22,158.25,497.68,0.896,-1,-1,-1
523,20,978.81,192.89,106.90,450.05,0.855,-1,-1,-1
523,36,1227.73,57.90,351.97,958.74,0.900,-1,-1,-1
523,39,440.70,122.25,229.33,647.89,0.927,-1,-1,-1
523,42,259.40,218.16,191.38,551.95,0.910,-1,-1,-1
523,43,1110.09,257.07,110.94,307.12,0.901,-1,-1,-1
523,51,1554.90,345.43,42.50,63.50,-1.000,-1,-1,-1
523,52,1071.19,287.43,43.62,208.70,0.860,-1,-1,-1
524,2,866.53,196.03,156.61,495.16,0.900,-1,-1,-1
524,20,980.17,193.38,105.81,450.77,0.847,-1,-1,-1
524,36,1231.44,63.29,347.43,952.85,0.900,-1,-1,-1
524,39,437.79,115.75,233.63,658.27,0.920,-1,-1,-1
524,42,252.67,215.67,194.80,559.96,0.906,-1,-1,-1
524,43,1111.48,256.27,111.59,308.04,0.898,-1,-1,-1
524,51,1555.92,342.70,42.89,64.10,-1.000,-1,-1,-1
524,52,1073.96,286.45,44.24,209.32,0.856,-1,-1,-1
525,2,871.13,195.78,156.26,495.89,0.902,-1,-1,-1
525,20,984.01,194.44,104.73,451.79,0.856,-1,-1,-1
525,36,1234.94,64.47,343.63,948.27,0.904,-1,-1,-1
525,39,436.92,111.67,237.15,665.37,0.930,-1,-1,-1
525,42,246.07,212.13,197.21,565.51,0.902,-1,-1,-1
525,43,1114.66,255.56,112.11,309.02,0.896,-1,-1,-1
525,51,1556.94,339.98,43.28,64.69,-1.000,-1,-1,-1
525,52,1077.09,285.63,44.95,209.86,0.862,-1,-1,-1
526,2,875.51,197.03,156.22,497.23,0.907,-1,-1,-1
526,20,988.38,197.55,103.89,453.35,0.834,-1,-1,-1
526,36,1235.61,62.70,344.16,954.49,0.904,-1,-1,-1
526,39,435.46,108.74,241.05,672.59,0.931,-1,-1,-1
526,42,239.16,210.54,199.81,571.76,0.907,-1,-1,-1
526,43,1118.34,256.12,113.09,310.90,0.914,-1,-1,-1
526,51,1557.96,337.25,43.68,65.29,0.500,-1,-1,-1
526,52,1081.04,286.65,45.61,210.14,0.866,-1,-1,-1
527,2,879.12,197.68,156.21,497.70,0.904,-1,-1,-1
527,20,992.57,199.31,103.37,455.28,0.823,-1,-1,-1
527,36,1239.27,56.27,340.53,946.85,0.912,-1,-1,-1
527,39,431.73,105.39,245.54,680.80,0.924,-1,-1,-1
527,42,233.21,209.75,202.35,577.62,0.905,-1,-1,-1
527,43,1121.68,257.52,113.76,311.11,0.915,-1,-1,-1
527,51,1565.16,336.60,44.29,66.18,0.142,-1,-1,-1
527,52,1084.84,286.99,46.53,211.13,0.865,-1,-1,-1
528,2,881.28,197.98,155.57,495.81,0.910,-1,-1,-1
528,20,996.20,200.88,102.35,455.44,0.825,-1,-1,-1
528,36,1239.59,55.87,342.60,956.40,0.916,-1,-1,-1
528,39,427.66,101.97,250.37,689.31,0.929,-1,-1,-1
528,42,227.14,209.39,205.05,584.73,0.900,-1,-1,-1
528,43,1125.09,258.77,114.39,311.06,0.918,-1,-1,-1
528,51,1572.28,336.84,44.71,66.80,0.280,-1,-1,-1
528,52,1088.71,287.46,47.29,211.80,0.867,-1,-1,-1
529,2,881.39,197.88,154.41,492.57,0.908,-1,-1,-1
529,20,999.68,203.12,101.42,456.09,0.840,-1,-1,-1
529,36,1241.31,55.27,342.73,959.49,0.916,-1,-1,-1
529,39,423.60,99.87,255.25,696.87,0.934,-1,-1,-1
529,42,220.87,210.12,209.59,597.84,0.908,-1,-1,-1
529,43,1129.31,260.39,115.11,312.03,0.910,-1,-1,-1
529,51,1581.41,338.69,43.29,64.68,0.529,-1,-1,-1
529,52,1092.92,288.57,48.31,213.43,0.867,-1,-1,-1
530,2,882.51,198.92,153.48,489.18,0.917,-1,-1,-1
530,20,1004.18,205.95,100.55,455.91,0.842,-1,-1,-1
530,36,1245.49,52.64,339.97,951.03,0.914,-1,-1,-1
530,39,418.25,97.97,262.17,710.60,0.933,-1,-1,-1
530,42,214.52,209.68,215.66,616.28,0.888,-1,-1,-1
530,43,1133.75,262.49,115.93,313.87,0.900,-1,-1,-1
530,51,1592.00,342.04,41.32,61.94,0.617,-1,-1,-1
530,52,1096.82,291.79,49.11,214.36,0.868,-1,-1,-1
531,2,883.08,199.78,153.67,488.83,0.917,-1,-1,-1
531,20,1009.47,207.92,100.14,456.44,0.846,-1,-1,-1
531,36,1250.07,50.72,339.29,947.22,0.924,-1,-1,-1
531,39,411.90,95.63,270.67,730.68,0.916,-1,-1,-1
531,42,207.88,211.98,219.29,627.89,0.900,-1,-1,-1
531,43,1137.67,264.12,116.33,315.11,0.892,-1,-1,-1
531,51,1600.56,344.93,41.12,61.86,0.370,-1,-1,-1
531,52,1100.43,293.82,49.98,215.76,0.868,-1,-1,-1
532,2,885.45,200.60,154.09,489.93,0.909,-1,-1,-1
532,20,1013.24,208.86,100.00,457.74,0.831,-1,-1,-1
532,36,1253.65,50.11,340.42,947.73,0.916,-1,-1,-1
532,39,406.55,94.53,277.84,747.67,0.917,-1,-1,-1
532,42,203.04,212.50,221.35,635.34,0.899,-1,-1,-1
532,43,1140.74,265.97,116.59,315.99,0.915,-1,-1,-1
532,51,1591.04,330.22,58.58,89.69,0.510,-1,-1,-1
532,52,1103.40,296.15,51.06,217.55,0.875,-1,-1,-1
533,2,888.88,202.57,154.67,491.45,0.912,-1,-1,-1
533,20,1014.97,209.21,99.81,459.31,0.824,-1,-1,-1
533,36,1257.99,50.03,342.72,949.98,0.920,-1,-1,-1
533,39,399.00,92.73,283.21,758.60,0.872,-1,-1,-1
533,42,198.19,213.31,223.70,642.26,0.892,-1,-1,-1
533,43,1143.66,267.43,116.73,316.52,0.922,-1,-1,-1
533,51,1592.25,325.48,65.47,101.66,0.425,-1,-1,-1
533,52,1106.24,298.49,51.96,218.04,0.876,-1,-1,-1
534,2,893.45,204.75,154.86,491.56,0.900,-1,-1,-1
534,20,1016.40,208.19,99.78,461.52,0.847,-1,-1,-1
534,36,1261.40,49.33,345.64,954.25,0.918,-1,-1,-1
534,39,391.08,90.47,288.37,768.95,0.868,-1,-1,-1
534,42,192.92,213.23,227.20,650.36,0.897,-1,-1,-1
534,43,1146.53,268.29,117.23,317.95,0.912,-1,-1,-1
534,51,1595.00,320.74,70.82,111.24,0.304,-1,-1,-1
534,52,1109.40,299.89,52.74,218.35,0.877,-1,-1,-1
535,2,895.73,206.03,155.24,492.25,0.900,-1,-1,-1
535,20,1017.40,206.66,99.94,463.99,0.857,-1,-1,-1
535,36,1264.07,46.15,349.42,961.34,0.919,-1,-1,-1
535,39,382.44,89.19,292.76,779.87,0.872,-1,-1,-1
535,42,181.83,210.46,230.58,661.33,0.907,-1,-1,-1
535,43,1148.47,268.06,117.86,319.72,0.896,-1,-1,-1
535,51,1594.71,307.90,79.53,127.30,0.543,-1,-1,-1
535,52,1111.67,301.06,53.34,219.09,0.867,-1,-1,-1
536,2,897.90,208.12,155.26,492.08,0.893,-1,-1,-1
536,20,1018.09,205.23,99.77,464.36,0.850,-1,-1,-1
536,36,1267.55,45.15,353.20,968.84,0.929,-1,-1,-1
536,39,370.28,79.49,301.59,806.84,0.855,-1,-1,-1
536,42,168.79,207.72,235.34,676.41,0.896,-1,-1,-1
536,43,1150.70,267.98,118.55,320.98,0.882,-1,-1,-1
536,51,1596.51,300.36,84.64,137.26,0.410,-1,-1,-1
536,52,1113.19,300.99,54.13,221.27,0.857,-1,-1,-1
537,2,900.22,211.07,154.87,491.05,0.887,-1,-1,-1
537,20,1018.12,204.73,98.90,460.85,0.841,-1,-1,-1
537,36,1271.36,45.15,355.74,972.42,0.932,-1,-1,-1
537,39,356.65,77.55,308.83,830.63,0.854,-1,-1,-1
537,42,155.26,203.97,240.61,692.42,0.888,-1,-1,-1
537,43,1151.26,268.11,118.95,320.99,0.884,-1,-1,-1
537,51,1599.08,295.33,88.09,144.26,0.302,-1,-1,-1
537,52,1114.52,301.26,54.77,222.94,0.860,-1,-1,-1
538,2,902.01,211.96,155.12,492.12,0.889,-1,-1,-1
538,20,1019.61,203.07,98.71,459.05,0.824,-1,-1,-1
538,36,1274.70,45.84,358.91,977.92,0.927,-1,-1,-1
538,39,343.00,70.71,313.39,848.33,0.858,-1,-1,-1
538,42,139.25,197.79,245.42,708.17,0.896,-1,-1,-1
538,43,1150.79,267.21,119.87,323.20,0.877,-1,-1,-1
538,51,1602.64,290.32,90.76,149.94,0.286,-1,-1,-1
538,52,1116.08,299.34,55.60,225.69,0.847,-1,-1,-1
539,2,901.86,210.84,155.15,492.79,0.877,-1,-1,-1
539,20,1018.74,199.32,98.84,458.25,0.827,-1,-1,-1
539,36,1274.95,44.60,361.46,982.09,0.926,-1,-1,-1
539,39,327.60,59.56,315.56,862.05,0.842,-1,-1,-1
539,42,120.05,187.47,250.36,724.18,0.902,-1,-1,-1
539,43,1148.24,262.84,120.83,326.61,0.864,-1,-1,-1
539,51,1606.80,282.23,91.97,154.21,0.673,-1,-1,-1
539,52,1115.15,291.66,57.18,232.10,0.814,-1,-1,-1
540,2,900.92,212.49,154.98,492.86,0.882,-1,-1,-1
540,20,1017.10,200.32,99.03,457.80,0.831,-1,-1,-1
540,36,1274.60,47.16,363.30,983.73,0.928,-1,-1,-1
540,39,308.66,48.84,318.72,878.72,0.860,-1,-1,-1
540,42,98.14,180.21,254.30,738.22,0.904,-1,-1,-1
540,43,1142.88,264.64,120.46,326.54,0.895,-1,-1,-1
540,51,1610.07,285.22,91.27,153.85,0.287,-1,-1,-1
540,52,1114.46,294.38,57.20,231.85,0.834,-1,-1,-1
541,2,899.92,215.83,154.16,490.17,0.882,-1,-1,-1
541,20,1015.09,202.64,98.91,456.38,0.843,-1,-1,-1
541,36,1274.70,52.63,364.59,984.01,0.929,-1,-1,-1
541,39,295.20,42.93,323.17,896.09,0.884,-1,-1,-1
541,42,76.66,176.57,257.22,748.74,0.901,-1,-1,-1
541,43,1139.23,267.76,119.26,324.02,0.876,-1,-1,-1
541,51,1613.47,284.69,92.69,157.52,0.658,-1,-1,-1
541,52,1113.60,295.86,57.41,232.59,0.800,-1,-1,-1
542,2,896.70,211.39,154.61,491.00,0.884,-1,-1,-1
542,20,1013.01,201.15,98.70,454.61,0.852,-1,-1,-1
542,36,1276.63,53.02,363.78,978.86,0.916,-1,-1,-1
542,39,277.85,31.63,325.81,908.27,0.895,-1,-1,-1
542,42,55.27,167.81,260.12,758.71,0.909,-1,-1,-1
542,43,1136.71,264.89,118.88,324.89,0.871,-1,-1,-1
542,51,1614.32,280.46,93.25,160.29,0.663,-1,-1,-1
542,52,1112.07,291.55,57.76,234.00,0.776,-1,-1,-1
543,2,894.49,208.32,154.92,490.93,0.895,-1,-1,-1
543,20,1011.00,199.54,98.88,455.09,0.848,-1,-1,-1
543,36,1278.56,52.78,364.41,977.95,0.917,-1,-1,-1
543,39,261.21,23.98,327.12,919.20,0.892,-1,-1,-1
543,42,32.76,159.29,264.60,771.49,0.896,-1,-1,-1
543,43,1132.22,262.99,118.95,325.89,0.843,-1,-1,-1
543,51,1616.05,277.01,91.11,156.61,0.124,-1,-1,-1
543,52,1111.26,295.52,56.48,228.02,0.555,-1,-1,-1
543,53,585.03,282.94,63.58,259.54,0.745,-1,-1,-1
544,2,893.17,207.64,154.00,486.70,0.891,-1,-1,-1
544,20,1008.88,199.19,99.49,458.23,0.837,-1,-1,-1
544,36,1281.42,54.17,364.33,976.13,0.919,-1,-1,-1
544,39,247.47,12.54,329.41,929.78,0.894,-1,-1,-1
544,42,12.70,152.96,268.72,785.21,0.913,-1,-1,-1
544,43,1127.50,263.94,119.21,326.35,0.859,-1,-1,-1
544,51,1618.38,279.44,91.76,159.45,0.517,-1,-1,-1
544,52,1110.91,299.97,55.55,223.92,0.333,-1,-1,-1
544,53,581.89,282.81,63.79,260.43,0.760,-1,-1,-1
545,2,890.71,207.40,152.68,481.43,0.890,-1,-1,-1
545,20,1007.25,201.58,99.47,459.31,0.835,-1,-1,-1
545,36,1282.35,56.02,365.55,978.39,0.926,-1,-1,-1
545,39,228.42,5.65,335.32,947.38,0.876,-1,-1,-1
545,42,-5.24,147.54,272.07,797.78,0.900,-1,-1,-1
545,43,1121.77,265.42,119.76,327.35,0.825,-1,-1,-1
545,51,1618.74,281.89,91.90,161.26,0.409,-1,-1,-1
545,52,1109.98,299.88,55.93,225.79,0.441,-1,-1,-1
545,53,578.46,283.26,63.90,260.92,0.767,-1,-1,-1
546,2,885.87,206.69,152.40,478.96,0.896,-1,-1,-1
546,20,1003.52,202.58,99.46,461.52,0.795,-1,-1,-1
546,36,1283.61,58.92,365.03,975.73,0.927,-1,-1,-1
546,39,209.34,5.05,338.47,955.57,0.890,-1,-1,-1
546,42,-21.92,141.39,274.97,816.98,0.897,-1,-1,-1
546,43,1114.23,266.19,120.23,327.64,0.815,-1,-1,-1
546,51,1617.02,282.35,92.53,163.83,0.275,-1,-1,-1
546,52,1106.93,302.90,55.44,223.70,0.407,-1,-1,-1
546,53,574.19,282.55,64.09,261.49,0.787,-1,-1,-1
547,2,880.68,204.98,153.12,480.46,0.885,-1,-1,-1
547,20,997.75,202.76,100.01,465.18,0.857,-1,-1,-1
547,36,1280.81,57.08,366.38,979.48,0.925,-1,-1,-1
547,39,187.50,0.69,343.03,966.93,0.889,-1,-1,-1
547,42,-29.24,136.01,275.03,826.83,0.874,-1,-1,-1
547,43,1108.55,266.81,120.24,327.23,0.858,-1,-1,-1
547,51,1614.30,282.20,92.79,166.36,0.444,-1,-1,-1
547,52,1100.76,301.67,55.15,223.95,0.233,-1,-1,-1
547,53,567.61,280.90,64.66,263.68,0.820,-1,-1,-1
548,2,875.05,205.57,153.60,482.15,0.883,-1,-1,-1
548,20,993.65,204.70,100.01,465.93,0.785,-1,-1,-1
548,36,1279.96,58.29,364.39,973.14,0.920,-1,-1,-1
548,39,166.94,4.80,347.38,973.05,0.912,-1,-1,-1
548,42,-36.94,132.58,273.30,836.04,0.872,-1,-1,-1
548,43,1100.22,268.14,120.55,328.19,0.881,-1,-1,-1
548,51,1610.98,283.44,92.09,168.16,0.645,-1,-1,-1
548,52,1094.65,306.19,53.85,219.91,0.410,-1,-1,-1
548,53,560.78,280.03,65.17,265.74,0.820,-1,-1,-1
548,54,1210.34,346.28,31.59,32.42,0.670,-1,-1,-1
549,2,869.06,206.36,153.65,483.28,0.915,-1,-1,-1
549,20,988.59,207.38,98.11,459.03,0.768,-1,-1,-1
549,36,1278.30,58.37,363.23,969.35,0.924,-1,-1,-1
549,39,140.89,3.68,353.03,983.28,0.891,-1,-1,-1
549,42,-44.46,128.54,271.57,845.80,0.814,-1,-1,-1
549,43,1094.37,269.98,120.43,328.91,0.876,-1,-1,-1
549,51,1607.69,284.37,91.38,169.60,0.568,-1,-1,-1
549,52,1055.93,288.48,73.80,297.08,0.738,-1,-1,-1
549,53,554.23,281.18,65.52,267.53,0.839,-1,-1,-1
549,54,1204.97,347.59,30.65,31.41,0.625,-1,-1,-1
550,2,863.09,207.52,153.58,485.08,0.905,-1,-1,-1
550,20,982.61,208.70,98.17,463.43,0.794,-1,-1,-1
550,36,1276.10,57.20,363.16,969.24,0.922,-1,-1,-1
550,39,112.65,3.95,356.72,983.85,0.908,-1,-1,-1
550,42,-52.32,146.76,262.62,835.13,0.762,-1,-1,-1
550,43,1089.40,272.15,119.35,327.91,0.878,-1,-1,-1
550,51,1605.83,286.24,89.25,169.10,0.726,-1,-1,-1
550,52,1040.16,282.86,82.72,324.92,0.808,-1,-1,-1
550,53,547.30,281.54,65.63,267.78,0.835,-1,-1,-1
550,54,1199.53,348.91,30.73,31.44,0.670,-1,-1,-1
551,2,858.99,208.46,153.48,486.68,0.897,-1,-1,-1
551,20,978.42,210.64,97.90,465.64,0.834,-1,-1,-1
551,36,1276.31,55.94,362.89,969.99,0.917,-1,-1,-1
551,39,88.57,2.86,360.19,979.45,0.898,-1,-1,-1
551,42,-58.59,165.08,252.50,824.04,0.769,-1,-1,-1
551,43,1086.70,274.06,117.96,327.70,0.894,-1,-1,-1
551,51,1604.13,287.25,87.76,169.11,0.719,-1,-1,-1
551,52,1029.94,273.10,91.13,348.87,0.853,-1,-1,-1
551,53,541.08,281.64,66.10,269.17,0.827,-1,-1,-1
551,54,1196.03,350.22,30.27,30.92,0.652,-1,-1,-1
552,2,854.35,211.00,152.59,486.44,0.889,-1,-1,-1
552,20,974.16,212.06,97.83,467.42,0.866,-1,-1,-1
552,36,1277.07,53.69,361.01,966.92,0.916,-1,-1,-1
552,39,60.95,3.65,366.64,980.39,0.912,-1,-1,-1
552,42,-60.51,197.54,238.35,797.70,0.729,-1,-1,-1
552,43,1083.21,275.15,116.70,327.13,0.875,-1,-1,-1
552,51,1603.82,287.74,86.42,168.92,0.706,-1,-1,-1
552,52,1024.48,274.02,95.61,356.65,0.805,-1,-1,-1
552,53,535.30,281.56,66.48,270.74,0.822,-1,-1,-1
552,54,1192.09,350.99,30.48,31.08,0.696,-1,-1,-1
553,2,849.84,214.23,151.54,485.74,0.890,-1,-1,-1
553,20,971.44,213.72,97.54,467.45,0.847,-1,-1,-1
553,36,1277.50,53.82,359.82,966.43,0.906,-1,-1,-1
553,39,37.39,4.56,374.15,982.10,0.920,-1,-1,-1
553,43,1081.71,275.82,115.64,327.76,0.861,-1,-1,-1
553,51,1603.47,288.46,85.48,168.66,0.750,-1,-1,-1
553,52,1019.79,271.69,100.36,365.50,0.809,-1,-1,-1
553,53,531.16,282.94,66.67,271.72,0.826,-1,-1,-1
553,54,1188.84,352.20,30.79,31.29,0.737,-1,-1,-1
554,2,846.43,216.72,150.37,485.44,0.890,-1,-1,-1
554,20,969.09,215.07,96.77,464.88,0.828,-1,-1,-1
554,36,1270.64,53.59,361.63,971.97,0.912,-1,-1,-1
554,39,22.99,5.08,380.09,984.02,0.923,-1,-1,-1
554,43,1081.66,276.74,113.88,328.56,0.846,-1,-1,-1
554,51,1602.29,288.69,85.35,169.21,0.748,-1,-1,-1
554,52,1019.99,273.16,102.92,366.45,0.839,-1,-1,-1
554,53,526.58,284.52,66.85,272.69,0.821,-1,-1,-1
554,54,1186.84,353.35,30.53,30.92,0.695,-1,-1,-1
555,2,844.41,220.04,148.79,483.93,0.885,-1,-1,-1
555,20,966.43,216.71,96.52,463.82,0.841,-1,-1,-1
555,36,1267.41,54.95,361.87,974.33,0.904,-1,-1,-1
555,39,8.98,8.38,393.82,1014.50,0.918,-1,-1,-1
555,43,1081.63,278.00,111.74,329.66,0.836,-1,-1,-1
555,51,1602.89,290.18,84.68,169.02,0.754,-1,-1,-1
555,52,1021.49,275.49,104.50,366.92,0.853,-1,-1,-1
555,53,522.73,286.37,66.98,273.20,0.809,-1,-1,-1
555,54,1185.39,355.33,30.29,30.51,0.707,-1,-1,-1
556,2,841.70,222.00,147.55,483.18,0.888,-1,-1,-1
556,20,962.47,218.02,96.94,463.66,0.856,-1,-1,-1
556,36,1265.12,56.96,361.41,974.38,0.903,-1,-1,-1
556,39,0.05,10.63,399.20,1026.81,0.907,-1,-1,-1
556,43,1081.83,280.02,110.13,331.58,0.724,-1,-1,-1
556,51,1605.51,291.61,84.43,169.25,0.513,-1,-1,-1
556,52,1024.12,272.69,106.35,372.95,0.854,-1,-1,-1
556,53,520.26,288.56,67.23,273.96,0.833,-1,-1,-1
556,54,1184.91,357.81,29.85,29.94,0.636,-1,-1,-1
557,2,837.60,221.87,146.76,482.84,0.899,-1,-1,-1
557,20,961.51,217.01,97.16,464.04,0.838,-1,-1,-1
557,36,1262.87,65.33,363.77,985.18,0.898,-1,-1,-1
557,39,-6.56,11.11,400.07,1029.48,0.889,-1,-1,-1
557,43,1082.67,280.55,108.73,330.08,0.226,-1,-1,-1
557,51,1607.11,290.41,84.43,169.18,0.455,-1,-1,-1
557,52,1034.57,265.96,110.47,381.40,0.781,-1,-1,-1
557,53,518.34,288.69,67.70,275.02,0.823,-1,-1,-1
557,54,1182.83,356.51,31.60,31.64,0.537,-1,-1,-1
558,2,834.56,221.72,146.42,483.13,0.909,-1,-1,-1
558,20,961.54,216.77,97.36,464.40,0.838,-1,-1,-1
558,36,1265.88,62.38,359.32,977.59,0.890,-1,-1,-1
558,39,-12.78,9.66,393.32,1015.31,0.811,-1,-1,-1
558,43,1074.32,275.82,114.71,348.72,-1.000,-1,-1,-1
558,51,1608.07,289.69,85.97,171.12,0.664,-1,-1,-1
558,52,1046.74,268.68,111.01,380.36,0.842,-1,-1,-1
558,53,518.19,289.22,68.38,276.90,0.814,-1,-1,-1
558,54,1183.35,356.63,33.68,33.77,0.541,-1,-1,-1
559,2,832.36,221.97,146.26,482.37,0.915,-1,-1,-1
559,20,961.23,217.58,98.00,463.86,0.856,-1,-1,-1
559,36,1272.08,62.61,355.78,976.27,0.902,-1,-1,-1
559,39,-16.67,7.26,387.79,1005.98,0.843,-1,-1,-1
559,43,1065.97,271.09,120.70,367.36,0.853,-1,-1,-1
559,51,1610.12,290.49,88.42,173.24,0.802,-1,-1,-1
559,52,1057.64,269.82,110.76,379.15,-1.000,-1,-1,-1
559,53,518.20,290.23,68.77,277.82,0.849,-1,-1,-1
559,54,1186.40,358.55,32.43,32.40,0.602,-1,-1,-1
560,2,829.71,223.03,145.18,476.71,0.912,-1,-1,-1
560,20,962.18,218.92,97.93,459.46,0.868,-1,-1,-1
560,36,1274.86,63.80,352.33,974.55,0.908,-1,-1,-1
560,39,-19.33,5.54,384.56,1002.36,0.795,-1,-1,-1
560,43,1067.33,272.27,122.35,374.30,0.872,-1,-1,-1
560,51,1611.00,291.67,90.35,174.28,0.800,-1,-1,-1
560,52,1068.55,270.97,110.51,377.93,-1.000,-1,-1,-1
560,53,518.96,292.20,68.85,277.37,0.812,-1,-1,-1
560,54,1191.88,359.68,32.48,32.43,-1.000,-1,-1,-1
561,2,827.37,220.97,144.77,472.54,0.905,-1,-1,-1
561,20,964.16,215.74,98.42,456.70,0.862,-1,-1,-1
561,36,1279.01,61.23,349.67,975.55,0.907,-1,-1,-1
561,39,-20.56,2.52,382.32,1001.63,0.755,-1,-1,-1
561,43,1061.72,272.29,117.63,362.26,-1.000,-1,-1,-1
561,51,1615.66,287.31,92.32,175.56,0.742,-1,-1,-1
561,52,1079.45,272.11,110.26,376.72,0.872,-1,-1,-1
561,53,522.57,289.67,69.07,277.47,0.766,-1,-1,-1
561,54,1197.36,360.80,32.53,32.47,-1.000,-1,-1,-1
562,2,825.96,220.47,146.36,473.62,0.907,-1,-1,-1
562,20,965.62,215.11,99.15,456.48,0.858,-1,-1,-1
562,36,1282.57,60.86,346.97,975.75,0.910,-1,-1,-1
562,39,-21.59,4.45,378.05,997.59,0.785,-1,-1,-1
562,43,1056.10,272.32,112.90,350.22,0.772,-1,-1,-1
562,51,1625.67,286.55,95.36,177.83,0.619,-1,-1,-1
562,52,1091.74,273.55,109.84,377.35,0.871,-1,-1,-1
562,53,526.10,290.42,69.31,277.35,0.774,-1,-1,-1
562,54,1202.85,361.92,32.57,32.50,-1.000,-1,-1,-1
563,2,828.36,220.62,148.21,474.70,0.911,-1,-1,-1
563,20,970.51,214.70,100.82,457.92,0.869,-1,-1,-1
563,36,1289.11,58.00,346.41,980.31,0.909,-1,-1,-1
563,39,-24.92,4.23,375.29,998.92,0.738,-1,-1,-1
563,43,1058.10,274.14,108.20,340.48,0.816,-1,-1,-1
563,51,1640.09,285.18,99.77,181.80,0.732,-1,-1,-1
563,52,1108.76,273.30,111.75,379.42,0.900,-1,-1,-1
563,53,531.42,291.02,69.86,278.43,0.818,-1,-1,-1
563,54,1208.33,363.05,32.62,32.54,-1.000,-1,-1,-1
564,2,831.74,221.61,150.52,476.60,0.923,-1,-1,-1
564,20,976.16,215.85,102.55,458.47,0.882,-1,-1,-1
564,36,1300.41,57.97,345.71,980.08,0.915,-1,-1,-1
564,39,-28.35,5.48,369.51,994.38,0.765,-1,-1,-1
564,43,1066.08,274.71,105.62,336.56,0.855,-1,-1,-1
564,51,1651.83,284.44,102.53,184.51,0.740,-1,-1,-1
564,52,1127.64,272.99,115.91,382.70,0.909,-1,-1,-1
564,53,538.47,290.64,70.79,280.42,0.837,-1,-1,-1
564,54,1213.82,364.17,32.67,32.57,-1.000,-1,-1,-1
565,2,836.13,223.98,152.04,477.78,0.920,-1,-1,-1
565,20,983.05,218.15,104.45,459.92,0.875,-1,-1,-1
565,36,1310.35,56.35,347.54,982.50,0.917,-1,-1,-1
565,39,-35.02,11.56,369.64,1008.12,0.745,-1,-1,-1
565,43,1076.28,275.91,104.15,335.63,0.829,-1,-1,-1
565,51,1663.07,285.15,105.63,188.71,0.836,-1,-1,-1
565,52,1145.81,275.19,121.06,385.20,0.924,-1,-1,-1
565,53,545.42,293.91,70.99,279.36,0.878,-1,-1,-1
565,54,1219.30,365.29,32.72,32.60,-1.000,-1,-1,-1
566,2,842.34,224.81,153.99,479.33,0.913,-1,-1,-1
566,20,989.35,218.58,106.39,462.24,0.874,-1,-1,-1
566,36,1319.41,55.46,349.81,981.68,0.921,-1,-1,-1
566,39,-44.88,12.43,366.43,1017.80,0.759,-1,-1,-1
566,43,1084.83,276.17,103.90,335.81,0.844,-1,-1,-1
566,51,1674.23,283.90,108.06,192.70,0.827,-1,-1,-1
566,52,1159.33,277.69,126.82,386.48,0.919,-1,-1,-1
566,53,550.85,293.04,72.00,281.84,0.845,-1,-1,-1
566,54,1224.78,366.42,32.77,32.64,-1.000,-1,-1,-1
567,2,847.15,227.62,155.28,479.80,0.912,-1,-1,-1
567,20,994.50,219.91,108.02,464.64,0.874,-1,-1,-1
567,36,1325.39,60.52,355.21,988.14,0.919,-1,-1,-1
567,39,-53.57,21.90,363.04,1025.59,0.671,-1,-1,-1
567,43,1093.60,276.83,104.52,338.60,0.868,-1,-1,-1
567,51,1696.51,284.73,113.01,196.00,0.792,-1,-1,-1
567,52,1167.02,279.00,132.40,389.60,0.908,-1,-1,-1
567,53,556.49,293.91,72.84,282.63,0.853,-1,-1,-1
567,54,1230.27,367.54,32.82,32.67,-1.000,-1,-1,-1
568,2,851.71,230.44,156.12,480.07,0.902,-1,-1,-1
568,20,999.56,223.17,109.38,465.19,0.879,-1,-1,-1
568,36,1332.23,59.00,359.18,986.19,0.929,-1,-1,-1
568,39,-63.02,22.12,357.15,1023.33,0.497,-1,-1,-1
568,43,1100.76,278.05,105.26,341.37,0.874,-1,-1,-1
568,51,1703.53,286.59,114.36,199.47,0.771,-1,-1,-1
568,52,1173.54,281.39,137.31,392.35,0.912,-1,-1,-1
568,53,560.80,295.17,73.40,282.92,0.885,-1,-1,-1
568,54,1235.75,368.66,32.87,32.71,-1.000,-1,-1,-1
569,2,855.84,234.60,156.23,480.03,0.916,-1,-1,-1
569,20,1002.86,226.38,110.40,464.23,0.873,-1,-1,-1
569,36,1336.01,58.08,363.42,983.73,0.934,-1,-1,-1
569,39,-71.75,33.77,351.51,1016.11,0.124,-1,-1,-1
569,43,1106.82,279.42,106.09,343.31,0.870,-1,-1,-1
569,51,1712.38,287.90,114.64,200.95,0.704,-1,-1,-1
569,52,1181.07,284.66,143.17,394.61,0.909,-1,-1,-1
569,53,564.96,295.95,74.41,284.77,0.878,-1,-1,-1
569,54,1241.24,369.79,32.92,32.74,-1.000,-1,-1,-1
570,2,861.31,238.59,156.04,479.50,0.913,-1,-1,-1
570,20,1007.06,229.78,111.48,464.38,0.877,-1,-1,-1
570,36,1342.75,58.30,366.96,978.11,0.927,-1,-1,-1
570,43,1114.58,280.15,107.36,345.94,0.879,-1,-1,-1
570,51,1722.30,288.80,115.35,203.51,0.731,-1,-1,-1
570,52,1188.83,286.36,149.35,398.58,0.917,-1,-1,-1
570,53,569.75,295.98,75.18,286.19,0.866,-1,-1,-1
570,54,1246.72,370.91,32.96,32.78,-1.000,-1,-1,-1
571,2,867.56,241.43,155.29,477.53,0.903,-1,-1,-1
571,20,1010.11,232.22,113.03,465.41,0.898,-1,-1,-1
571,36,1347.95,59.13,371.71,975.26,0.924,-1,-1,-1
571,43,1122.80,281.21,108.92,348.39,0.887,-1,-1,-1
571,51,1732.69,291.20,114.97,203.74,0.647,-1,-1,-1
571,52,1195.30,286.03,155.39,404.10,0.901,-1,-1,-1
571,53,574.22,295.04,76.15,289.00,0.850,-1,-1,-1
571,54,1252.20,372.03,33.01,32.81,-1.000,-1,-1,-1
572,2,872.78,242.70,154.73,475.61,0.902,-1,-1,-1
572,20,1014.20,234.75,114.67,465.58,0.905,-1,-1,-1
572,36,1353.50,59.62,377.95,975.13,0.918,-1,-1,-1
572,43,1130.03,281.86,110.45,350.88,0.877,-1,-1,-1
572,51,1745.66,293.12,113.78,203.13,0.709,-1,-1,-1
572,52,1205.77,285.64,159.50,407.73,0.912,-1,-1,-1
572,53,579.28,296.38,76.36,288.68,0.877,-1,-1,-1
572,54,1257.69,373.16,33.06,32.84,-1.000,-1,-1,-1
573,2,877.86,242.76,154.65,475.52,0.904,-1,-1,-1
573,20,1017.37,236.82,116.03,465.89,0.895,-1,-1,-1
573,36,1357.77,59.82,384.52,976.40,0.922,-1,-1,-1
573,43,1134.82,282.44,111.88,352.78,0.884,-1,-1,-1
573,51,1754.27,294.58,114.65,205.22,0.716,-1,-1,-1
573,52,1218.10,285.49,161.74,410.84,0.891,-1,-1,-1
573,53,583.67,296.90,76.63,288.98,0.867,-1,-1,-1
573,54,1263.17,374.28,33.11,32.88,-1.000,-1,-1,-1
574,2,882.07,242.44,155.08,475.98,0.903,-1,-1,-1
574,20,1021.31,237.54,117.35,466.41,0.872,-1,-1,-1
574,36,1362.69,60.44,391.36,979.08,0.925,-1,-1,-1
574,43,1139.92,283.37,112.68,353.46,0.892,-1,-1,-1
574,51,1764.28,295.63,114.83,206.17,0.617,-1,-1,-1
574,52,1232.12,284.59,163.07,415.44,0.890,-1,-1,-1
574,53,586.72,298.45,76.36,287.89,0.850,-1,-1,-1
574,54,1268.65,375.40,33.16,32.91,-1.000,-1,-1,-1
575,2,885.24,241.32,155.43,475.48,0.905,-1,-1,-1
575,20,1026.87,236.64,117.62,466.99,0.855,-1,-1,-1
575,36,1363.82,61.64,396.06,980.42,0.921,-1,-1,-1
575,43,1143.91,283.35,114.15,355.78,0.898,-1,-1,-1
575,51,1772.23,296.03,115.55,207.56,0.649,-1,-1,-1
575,52,1243.02,281.55,164.07,421.28,0.881,-1,-1,-1
575,53,589.11,299.54,76.37,287.69,0.840,-1,-1,-1
575,54,1274.14,376.53,33.21,32.95,-1.000,-1,-1,-1
576,2,887.08,241.52,154.46,471.62,0.903,-1,-1,-1
576,20,1027.10,237.04,118.72,467.90,0.868,-1,-1,-1
576,36,1368.05,64.41,399.14,979.56,0.921,-1,-1,-1
576,43,1147.49,284.30,115.58,358.82,0.900,-1,-1,-1
576,51,1780.38,297.67,115.96,208.25,0.657,-1,-1,-1
576,52,1255.61,280.17,164.14,426.57,0.849,-1,-1,-1
576,53,591.03,300.65,76.67,288.81,0.828,-1,-1,-1
576,54,1279.62,377.65,33.26,32.98,-1.000,-1,-1,-1
577,2,891.40,239.46,154.05,467.95,0.911,-1,-1,-1
577,20,1031.68,234.73,119.09,470.16,0.857,-1,-1,-1
577,36,1374.88,64.67,401.01,977.81,0.917,-1,-1,-1
577,43,1149.06,283.72,116.99,361.03,0.880,-1,-1,-1
577,51,1789.81,296.85,114.86,205.75,0.400,-1,-1,-1
577,52,1271.02,277.69,162.73,430.54,0.839,-1,-1,-1
577,53,591.64,297.30,77.29,291.82,0.780,-1,-1,-1
577,54,1285.11,378.77,33.31,33.02,0.537,-1,-1,-1
578,2,890.18,238.41,153.90,467.42,0.907,-1,-1,-1
578,20,1029.07,233.38,120.58,472.47,0.878,-1,-1,-1
578,36,1382.90,71.54,405.49,985.01,0.919,-1,-1,-1
578,43,1150.08,283.42,117.88,362.39,0.895,-1,-1,-1
578,51,1796.67,297.37,115.95,207.60,0.624,-1,-1,-1
578,52,1289.22,277.62,161.10,435.23,0.795,-1,-1,-1
578,53,591.96,296.41,77.49,292.93,0.768,-1,-1,-1
578,54,1285.71,379.64,33.06,32.61,0.664,-1,-1,-1
579,2,888.41,242.84,153.86,467.78,0.901,-1,-1,-1
579,20,1027.39,238.16,121.54,473.23,0.881,-1,-1,-1
579,36,1390.83,73.86,404.93,978.80,0.919,-1,-1,-1
579,43,1149.09,288.54,117.98,362.26,0.891,-1,-1,-1
579,51,1801.13,303.23,117.23,210.21,0.585,-1,-1,-1
579,52,1305.19,284.32,158.14,437.72,0.843,-1,-1,-1
579,53,590.49,302.66,77.49,292.87,0.846,-1,-1,-1
579,54,1284.19,384.63,33.62,33.10,0.599,-1,-1,-1
580,2,884.63,243.61,154.11,469.17,0.887,-1,-1,-1
580,20,1025.05,238.26,122.23,473.35,0.876,-1,-1,-1
580,36,1398.07,75.52,405.48,976.76,0.932,-1,-1,-1
580,43,1147.24,289.84,118.03,362.03,0.891,-1,-1,-1
580,51,1807.60,304.74,117.31,212.66,0.695,-1,-1,-1
580,52,1315.15,284.09,157.55,444.98,0.828,-1,-1,-1
580,53,586.08,302.45,78.01,294.72,0.840,-1,-1,-1
580,54,1280.96,384.75,33.86,33.26,0.557,-1,-1,-1
581,2,882.30,243.55,154.65,472.49,0.882,-1,-1,-1
581,20,1022.51,236.10,122.77,470.72,0.895,-1,-1,-1
581,36,1407.13,73.86,406.68,977.70,0.927,-1,-1,-1
581,43,1146.54,289.63,118.59,363.12,0.881,-1,-1,-1
581,51,1812.39,304.62,116.78,214.62,0.758,-1,-1,-1
581,52,1328.72,284.31,158.18,449.69,0.844,-1,-1,-1
581,53,583.55,301.11,78.11,295.40,0.853,-1,-1,-1
581,54,1279.94,383.60,33.89,33.39,0.424,-1,-1,-1
582,2,880.43,244.26,153.92,472.98,0.890,-1,-1,-1
582,20,1020.45,234.87,123.38,467.49,0.891,-1,-1,-1
582,36,1418.50,72.73,406.75,975.82,0.921,-1,-1,-1
582,43,1146.04,288.87,119.47,365.28,0.892,-1,-1,-1
582,51,1816.21,304.98,116.34,217.53,0.762,-1,-1,-1
582,52,1340.66,284.07,159.97,453.68,0.889,-1,-1,-1
582,53,581.51,299.90,78.51,297.42,0.840,-1,-1,-1
582,54,1279.31,383.10,33.59,33.20,0.259,-1,-1,-1
583,2,877.29,247.08,153.06,473.29,0.906,-1,-1,-1
583,20,1017.62,236.37,124.80,467.17,0.890,-1,-1,-1
583,36,1428.75,78.51,409.53,980.47,0.914,-1,-1,-1
583,43,1143.81,289.59,120.48,367.22,0.893,-1,-1,-1
583,51,1819.99,306.65,115.23,218.66,0.630,-1,-1,-1
583,52,1345.53,285.28,161.68,458.20,0.888,-1,-1,-1
583,53,579.74,301.24,78.39,298.19,0.842,-1,-1,-1
583,54,1278.38,384.35,33.37,33.15,0.144,-1,-1,-1
584,2,871.30,250.08,152.26,473.48,0.910,-1,-1,-1
584,20,1013.50,236.42,126.29,468.32,0.886,-1,-1,-1
584,36,1437.03,81.30,410.40,981.15,0.918,-1,-1,-1
584,43,1139.92,289.64,121.78,370.17,0.887,-1,-1,-1
584,51,1823.30,309.09,113.52,220.74,0.759,-1,-1,-1
584,52,1346.67,287.35,162.83,460.75,0.863,-1,-1,-1
584,53,574.48,301.38,78.64,300.32,0.846,-1,-1,-1
584,54,1275.82,385.44,33.69,33.77,0.225,-1,-1,-1
584,55,1223.11,314.00,65.18,188.15,0.672,-1,-1,-1
585,2,864.85,253.34,150.93,471.22,0.910,-1,-1,-1
585,20,1008.19,236.40,127.23,467.58,0.888,-1,-1,-1
585,36,1445.24,76.66,409.87,977.46,0.920,-1,-1,-1
585,43,1136.94,289.91,122.42,370.92,0.891,-1,-1,-1
585,51,1826.46,309.63,111.62,222.74,0.755,-1,-1,-1
585,52,1347.80,288.36,162.95,459.39,0.856,-1,-1,-1
585,53,570.13,301.67,78.52,300.51,0.828,-1,-1,-1
585,54,1272.92,385.18,33.72,34.18,0.169,-1,-1,-1
585,55,1220.98,314.38,67.09,193.81,0.623,-1,-1,-1
586,2,859.68,255.76,149.89,470.18,0.901,-1,-1,-1
586,20,1002.93,236.58,128.14,467.17,0.900,-1,-1,-1
586,36,1453.35,83.47,411.39,979.87,0.922,-1,-1,-1
586,43,1136.71,289.42,122.76,372.35,0.884,-1,-1,-1
586,51,1829.67,309.40,109.17,224.18,0.783,-1,-1,-1
586,52,1349.18,288.01,162.76,455.63,0.857,-1,-1,-1
586,53,565.38,301.60,78.81,302.48,0.836,-1,-1,-1
586,54,1269.87,385.14,33.80,34.70,0.163,-1,-1,-1
586,55,1219.16,313.73,69.47,201.00,0.613,-1,-1,-1
587,2,856.92,257.17,148.47,468.95,0.906,-1,-1,-1
587,20,996.94,237.74,129.20,467.05,0.897,-1,-1,-1
587,36,1457.96,75.60,412.79,982.89,0.925,-1,-1,-1
587,43,1138.53,289.65,123.19,374.07,0.890,-1,-1,-1
587,51,1832.87,310.19,105.67,222.79,0.762,-1,-1,-1
587,52,1349.91,287.92,163.80,454.32,0.892,-1,-1,-1
587,53,559.93,302.46,79.03,303.43,0.850,-1,-1,-1
587,54,1267.00,386.11,32.83,34.18,0.171,-1,-1,-1
587,55,1217.85,314.58,69.89,202.55,0.575,-1,-1,-1
588,2,852.49,257.17,147.08,468.65,0.908,-1,-1,-1
588,20,991.57,237.87,130.29,467.05,0.868,-1,-1,-1
588,36,1462.03,76.47,414.55,987.69,0.920,-1,-1,-1
588,43,1140.43,289.60,123.86,376.05,0.890,-1,-1,-1
588,51,1835.22,310.95,102.86,222.13,0.733,-1,-1,-1
588,52,1350.25,286.53,167.45,460.26,0.871,-1,-1,-1
588,53,554.78,301.57,79.25,305.44,0.857,-1,-1,-1
588,54,1263.68,386.68,32.15,33.91,0.121,-1,-1,-1
588,55,1216.83,315.05,69.80,202.88,0.648,-1,-1,-1
589,2,847.46,256.18,146.45,469.83,0.895,-1,-1,-1
589,20,987.20,237.63,131.43,468.21,0.874,-1,-1,-1
589,36,1467.11,75.91,415.18,990.90,0.897,-1,-1,-1
589,43,1143.04,288.66,124.85,378.40,0.886,-1,-1,-1
589,51,1838.41,311.53,100.54,221.71,0.638,-1,-1,-1
589,52,1352.10,284.93,169.76,461.35,0.878,-1,-1,-1
589,53,549.48,301.03,79.63,306.98,0.853,-1,-1,-1
589,55,1216.50,315.74,69.74,203.36,0.529,-1,-1,-1
590,2,840.78,255.31,146.09,470.89,0.903,-1,-1,-1
590,20,983.64,237.90,132.85,470.80,0.869,-1,-1,-1
590,36,1467.61,77.00,415.56,990.22,0.903,-1,-1,-1
590,43,1145.50,288.33,126.04,380.86,0.885,-1,-1,-1
590,51,1841.99,312.09,97.96,221.03,0.653,-1,-1,-1
590,52,1356.86,282.00,172.77,465.38,0.882,-1,-1,-1
590,53,545.88,302.97,79.39,306.42,0.843,-1,-1,-1
590,55,1216.93,316.66,68.32,199.80,0.532,-1,-1,-1
590,56,1115.67,339.61,32.48,223.30,0.566,-1,-1,-1
591,2,834.05,253.72,145.68,470.44,0.916,-1,-1,-1
591,20,981.65,238.21,133.89,472.04,0.880,-1,-1,-1
591,36,1468.32,87.44,413.42,981.89,0.905,-1,-1,-1
591,43,1147.88,286.43,127.41,383.54,0.842,-1,-1,-1
591,51,1845.84,311.61,95.12,220.20,0.666,-1,-1,-1
591,52,1364.86,277.60,173.33,465.83,0.863,-1,-1,-1
591,53,542.54,302.31,79.65,307.53,0.844,-1,-1,-1
591,55,1217.40,319.83,67.15,196.88,0.392,-1,-1,-1
591,56,1114.97,337.55,32.73,224.75,0.595,-1,-1,-1
592,2,826.79,250.77,144.63,466.22,0.914,-1,-1,-1
592,20,979.03,238.94,134.81,472.25,0.882,-1,-1,-1
592,36,1466.85,84.57,415.12,982.39,0.910,-1,-1,-1
592,43,1149.45,284.62,128.77,386.20,0.832,-1,-1,-1
592,51,1850.21,313.70,90.47,216.98,0.783,-1,-1,-1
592,52,1377.63,273.96,173.88,471.87,0.760,-1,-1,-1
592,53,539.41,302.39,79.81,307.81,0.859,-1,-1,-1
592,55,1218.69,320.73,65.59,192.90,0.193,-1,-1,-1
592,56,1115.30,335.24,33.12,226.61,0.678,-1,-1,-1
593,2,820.58,249.66,143.81,461.69,0.918,-1,-1,-1
593,20,976.68,239.96,135.72,471.94,0.895,-1,-1,-1
593,36,1467.26,79.37,417.76,987.01,0.916,-1,-1,-1
593,43,1150.65,283.47,130.35,389.69,0.874,-1,-1,-1
593,51,1855.76,323.26,84.06,205.68,0.597,-1,-1,-1
593,52,1391.11,271.57,174.99,481.04,0.672,-1,-1,-1
593,53,535.95,302.50,80.19,309.04,0.860,-1,-1,-1
593,55,1221.58,322.31,61.88,182.51,0.111,-1,-1,-1
593,56,1115.81,335.05,33.28,225.92,0.724,-1,-1,-1
594,2,814.26,248.93,144.55,461.43,0.917,-1,-1,-1
594,20,976.05,241.75,136.41,471.57,0.896,-1,-1,-1
594,36,1469.81,76.65,418.44,988.79,0.920,-1,-1,-1
594,43,1152.83,283.29,131.63,392.73,0.876,-1,-1,-1
594,51,1861.59,338.36,76.01,188.79,0.518,-1,-1,-1
594,52,1402.20,275.18,171.72,477.09,0.418,-1,-1,-1
594,53,533.87,304.50,80.11,309.08,0.856,-1,-1,-1
594,55,1216.69,320.78,65.33,192.95,-1.000,-1,-1,-1
594,56,1116.87,334.99,33.81,226.46,0.765,-1,-1,-1
595,2,809.27,248.38,145.96,463.05,0.922,-1,-1,-1
595,20,975.41,242.71,137.56,472.34,0.900,-1,-1,-1
595,36,1477.49,79.87,416.06,985.83,0.915,-1,-1,-1
595,43,1154.61,281.81,132.94,396.29,0.893,-1,-1,-1
595,51,1874.04,351.75,58.05,145.31,0.542,-1,-1,-1
595,52,1416.92,293.74,165.68,463.10,0.137,-1,-1,-1
595,53,532.72,304.48,80.41,310.18,0.855,-1,-1,-1
595,55,1211.79,319.26,68.78,203.39,-1.000,-1,-1,-1
595,56,1117.32,334.89,34.53,227.87,0.779,-1,-1,-1
596,2,805.66,247.20,147.39,464.24,0.916,-1,-1,-1
596,20,976.06,242.29,138.77,473.86,0.895,-1,-1,-1
596,36,1482.33,75.44,416.01,990.82,0.906,-1,-1,-1
596,43,1157.26,278.52,133.96,398.82,0.870,-1,-1,-1
596,52,1408.34,293.71,164.80,461.49,-1.000,-1,-1,-1
596,53,531.85,304.46,80.81,311.09,0.838,-1,-1,-1
596,55,1206.90,317.73,72.22,213.82,-1.000,-1,-1,-1
596,56,1118.44,333.40,35.42,229.55,0.772,-1,-1,-1
597,2,802.86,246.56,149.43,467.60,0.912,-1,-1,-1
597,20,977.11,242.91,139.70,474.72,0.892,-1,-1,-1
597,36,1488.07,64.96,411.49,985.67,0.913,-1,-1,-1
597,43,1160.10,277.09,135.33,402.28,0.878,-1,-1,-1
597,52,1399.76,293.67,163.92,459.89,-1.000,-1,-1,-1
597,53,531.25,305.02,81.61,313.28,0.845,-1,-1,-1
597,55,1202.00,316.21,75.67,224.26,-1.000,-1,-1,-1
597,56,1119.17,333.54,36.30,229.78,0.788,-1,-1,-1
598,2,801.95,252.55,150.73,468.46,0.907,-1,-1,-1
598,20,979.33,248.04,140.11,474.40,0.879,-1,-1,-1
598,36,1490.34,64.71,412.04,993.10,0.907,-1,-1,-1
598,43,1161.86,280.65,136.30,404.47,0.874,-1,-1,-1
598,52,1391.18,293.64,163.04,458.29,-1.000,-1,-1,-1
598,53,532.04,307.76,82.41,315.76,0.804,-1,-1,-1
598,55,1197.11,314.68,79.12,234.70,-1.000,-1,-1,-1
598,56,1118.24,335.95,37.56,230.66,0.752,-1,-1,-1
598,57,941.68,361.09,41.28,169.27,0.627,-1,-1,-1
599,2,802.78,255.75,151.70,469.26,0.915,-1,-1,-1
599,20,981.79,249.14,140.37,473.76,0.882,-1,-1,-1
599,36,1494.95,64.14,411.56,997.88,0.921,-1,-1,-1
599,43,1166.76,281.88,136.93,405.02,0.889,-1,-1,-1
599,52,1382.59,293.61,162.15,456.68,-1.000,-1,-1,-1
599,53,533.74,309.00,83.09,317.64,0.843,-1,-1,-1
599,55,1192.21,313.16,82.57,245.13,-1.000,-1,-1,-1
599,56,1118.48,334.94,39.41,232.56,0.831,-1,-1,-1
599,57,943.72,362.41,41.23,168.81,0.718,-1,-1,-1
600,2,804.97,258.20,152.56,469.87,0.916,-1,-1,-1
600,20,986.62,248.40,140.86,474.51,0.890,-1,-1,-1
600,36,1500.49,62.42,409.74,997.45,0.931,-1,-1,-1
600,43,1170.80,280.19,138.47,407.78,0.885,-1,-1,-1
600,52,1374.01,293.58,161.27,455.08,-1.000,-1,-1,-1
600,53,535.63,308.20,83.63,319.57,0.849,-1,-1,-1
600,55,1187.32,311.63,86.02,255.57,-1.000,-1,-1,-1
600,56,1122.27,336.19,40.47,229.81,0.833,-1,-1,-1
600,57,948.01,361.53,41.42,169.02,0.689,-1,-1,-1
601,2,807.83,261.78,153.09,470.34,0.916,-1,-1,-1
601,20,990.25,249.62,141.24,475.39,0.887,-1,-1,-1
601,36,1507.77,64.12,410.30,1000.18,0.917,-1,-1,-1
601,43,1179.02,281.25,139.17,410.57,0.803,-1,-1,-1
601,52,1365.43,293.55,160.39,453.47,-1.000,-1,-1,-1
601,53,537.62,310.99,83.99,320.09,0.849,-1,-1,-1
601,55,1182.42,310.11,89.46,266.01,-1.000,-1,-1,-1
601,56,1126.59,339.05,41.47,228.54,0.830,-1,-1,-1
601,57,951.64,362.50,41.81,169.79,0.733,-1,-1,-1
602,2,812.36,266.23,153.49,471.02,0.905,-1,-1,-1
602,20,994.35,251.75,141.24,475.79,0.900,-1,-1,-1
602,36,1512.69,67.32,409.78,998.68,0.928,-1,-1,-1
602,43,1185.81,282.17,140.44,414.40,0.883,-1,-1,-1
602,52,1356.85,293.52,159.51,451.87,-1.000,-1,-1,-1
602,53,540.27,314.93,84.01,319.91,0.840,-1,-1,-1
602,55,1177.53,308.58,92.91,276.44,0.603,-1,-1,-1
602,56,1131.38,342.93,42.57,228.27,0.829,-1,-1,-1
602,57,954.64,365.11,42.11,170.49,0.561,-1,-1,-1
603,2,817.85,272.06,153.70,471.22,0.908,-1,-1,-1
603,20,999.78,254.76,141.32,476.86,0.900,-1,-1,-1
603,36,1517.38,70.88,408.07,995.11,0.928,-1,-1,-1
603,43,1193.75,284.70,141.53,417.87,0.866,-1,-1,-1
603,52,1348.27,293.49,158.63,450.27,-1.000,-1,-1,-1
603,53,544.18,320.24,84.79,322.28,0.853,-1,-1,-1
603,55,1179.02,311.70,95.56,287.54,0.702,-1,-1,-1
603,56,1137.00,347.48,43.63,228.62,0.829,-1,-1,-1
603,57,959.10,369.32,42.52,171.10,0.730,-1,-1,-1
604,2,824.53,276.13,153.48,469.90,0.891,-1,-1,-1
604,20,1005.10,258.58,141.11,477.65,0.897,-1,-1,-1
604,36,1521.17,73.04,406.01,991.33,0.925,-1,-1,-1
604,43,1202.51,287.49,142.27,419.69,0.869,-1,-1,-1
604,52,1339.69,293.46,157.74,448.66,-1.000,-1,-1,-1
604,53,549.16,323.14,85.00,322.94,0.852,-1,-1,-1
604,55,1183.71,314.61,97.00,295.40,0.798,-1,-1,-1
604,56,1143.28,351.68,44.87,229.24,0.870,-1,-1,-1
604,57,963.21,372.75,43.03,171.79,0.764,-1,-1,-1
605,2,830.50,278.40,153.39,469.14,0.900,-1,-1,-1
605,20,1011.82,260.89,139.30,472.08,0.891,-1,-1,-1
605,36,1524.16,74.67,404.22,988.96,0.929,-1,-1,-1
605,43,1212.86,290.85,142.33,419.84,0.889,-1,-1,-1
605,52,1331.10,293.43,156.86,447.06,-1.000,-1,-1,-1
605,53,554.23,325.78,84.92,322.73,0.856,-1,-1,-1
605,55,1189.72,315.28,97.89,302.54,0.813,-1,-1,-1
605,56,1148.85,354.58,45.95,228.47,0.852,-1,-1,-1
605,57,966.01,374.96,43.32,172.07,0.777,-1,-1,-1
606,2,836.95,279.08,153.49,469.82,0.900,-1,-1,-1
606,20,1018.52,262.02,138.14,469.45,0.893,-1,-1,-1
606,36,1528.37,77.53,402.59,988.70,0.928,-1,-1,-1
606,43,1223.54,291.38,142.53,421.90,0.870,-1,-1,-1
606,52,1322.52,293.40,155.98,445.46,-1.000,-1,-1,-1
606,53,559.21,327.38,85.29,323.48,0.881,-1,-1,-1
606,55,1198.14,316.74,97.98,306.75,0.795,-1,-1,-1
606,56,1154.95,357.31,47.14,228.36,0.880,-1,-1,-1
606,57,972.85,376.62,43.64,171.85,0.761,-1,-1,-1
607,2,843.31,279.92,153.14,469.59,0.898,-1,-1,-1
607,20,1024.60,263.38,137.32,467.05,0.909,-1,-1,-1
607,36,1533.74,77.86,399.68,986.58,0.931,-1,-1,-1
607,43,1236.22,291.76,142.99,425.16,0.861,-1,-1,-1
607,52,1313.94,293.37,155.10,443.85,-1.000,-1,-1,-1
607,53,565.03,328.12,85.86,325.15,0.854,-1,-1,-1
607,55,1207.36,318.90,97.47,308.09,0.787,-1,-1,-1
607,56,1161.12,358.78,48.47,228.45,0.869,-1,-1,-1
607,57,979.00,377.86,43.98,171.92,0.790,-1,-1,-1
608,2,851.65,280.67,151.28,463.13,0.901,-1,-1,-1
608,20,1031.65,263.78,137.14,467.36,0.898,-1,-1,-1
608,36,1540.07,79.63,397.19,988.12,0.937,-1,-1,-1
608,43,1248.63,291.32,142.83,427.08,0.852,-1,-1,-1
608,52,1305.36,293.34,154.22,442.25,-1.000,-1,-1,-1
608,53,571.34,328.33,85.71,324.58,0.857,-1,-1,-1
608,55,1217.14,319.98,97.32,309.78,0.806,-1,-1,-1
608,56,1167.04,359.08,49.72,228.82,0.861,-1,-1,-1
608,57,986.01,379.22,44.16,170.82,0.770,-1,-1,-1
609,2,858.88,279.63,150.15,458.99,0.915,-1,-1,-1
609,20,1037.23,264.60,137.31,468.22,0.901,-1,-1,-1
609,36,1546.39,80.63,393.38,987.31,0.929,-1,-1,-1
609,43,1259.84,291.32,143.12,430.17,0.872,-1,-1,-1
609,52,1296.78,293.30,153.34,440.65,-1.000,-1,-1,-1
609,53,576.61,328.91,85.69,325.11,0.851,-1,-1,-1
609,55,1224.76,320.20,97.47,311.73,0.792,-1,-1,-1
609,56,1171.73,359.03,51.27,229.92,0.873,-1,-1,-1
609,57,993.01,387.34,43.21,163.80,0.780,-1,-1,-1
610,2,864.77,279.04,149.80,458.66,0.907,-1,-1,-1
610,20,1042.15,265.35,137.91,469.92,0.902,-1,-1,-1
610,36,1553.82,83.05,386.44,978.40,0.923,-1,-1,-1
610,43,1270.23,290.90,143.48,434.48,0.877,-1,-1,-1
610,52,1288.20,293.27,152.45,439.04,-1.000,-1,-1,-1
610,53,580.74,328.50,86.30,327.40,0.877,-1,-1,-1
610,55,1231.69,320.11,101.57,328.74,0.798,-1,-1,-1
610,56,1176.52,359.09,52.58,231.09,0.871,-1,-1,-1
610,57,998.06,391.54,42.99,160.77,0.787,-1,-1,-1
611,2,869.04,279.45,149.55,458.68,0.896,-1,-1,-1
611,20,1043.01,267.51,139.30,471.60,0.901,-1,-1,-1
611,36,1562.24,84.33,380.00,972.42,0.922,-1,-1,-1
611,43,1258.75,307.52,122.52,374.31,0.778,-1,-1,-1
611,52,1279.62,293.24,151.57,437.44,0.847,-1,-1,-1
611,53,582.82,328.87,86.73,328.65,0.872,-1,-1,-1
611,55,1228.46,333.26,94.47,311.43,0.726,-1,-1,-1
611,56,1179.50,359.92,53.69,231.93,0.840,-1,-1,-1
611,57,999.60,394.15,43.09,160.44,0.744,-1,-1,-1
612,2,871.34,280.25,149.78,460.63,0.892,-1,-1,-1
612,20,1042.57,270.88,140.64,471.37,0.894,-1,-1,-1
612,36,1570.24,91.15,375.30,973.27,0.922,-1,-1,-1
612,43,1251.16,317.43,114.69,354.76,0.810,-1,-1,-1
612,52,1281.14,294.46,148.14,439.01,0.864,-1,-1,-1
612,53,584.29,329.22,86.93,329.35,0.868,-1,-1,-1
612,55,1227.09,341.81,90.54,304.26,0.729,-1,-1,-1
612,56,1182.09,361.59,54.16,229.44,0.852,-1,-1,-1
612,57,999.90,397.17,42.84,159.60,0.775,-1,-1,-1
613,2,873.78,282.85,149.69,462.04,0.880,-1,-1,-1
613,20,1042.34,273.99,142.53,472.14,0.897,-1,-1,-1
613,36,1578.02,91.68,369.78,972.56,0.913,-1,-1,-1
613,43,1251.15,321.75,111.35,348.96,0.825,-1,-1,-1
613,52,1284.79,296.32,144.75,440.61,0.840,-1,-1,-1
613,53,585.58,329.28,87.32,331.24,0.850,-1,-1,-1
613,55,1228.15,347.01,87.97,301.11,0.755,-1,-1,-1
613,56,1184.65,363.18,54.85,228.66,0.849,-1,-1,-1
613,57,1001.27,400.22,42.43,158.40,0.743,-1,-1,-1
614,2,876.83,286.64,148.97,462.85,0.889,-1,-1,-1
614,20,1042.66,277.29,144.79,473.99,0.880,-1,-1,-1
614,36,1587.39,91.31,362.17,966.93,0.911,-1,-1,-1
614,43,1255.03,326.08,109.69,348.16,0.836,-1,-1,-1
614,52,1292.84,298.10,142.57,443.99,0.857,-1,-1,-1
614,53,587.10,331.91,87.62,332.42,0.837,-1,-1,-1
614,55,1231.57,351.78,85.73,298.73,0.749,-1,-1,-1
614,56,1187.45,366.04,55.69,229.25,0.833,-1,-1,-1
614,57,1003.00,404.14,42.20,157.88,0.479,-1,-1,-1
615,2,880.05,289.72,148.09,463.10,0.873,-1,-1,-1
615,20,1043.64,279.53,147.11,475.35,0.874,-1,-1,-1
615,36,1597.57,99.74,355.77,965.81,0.886,-1,-1,-1
615,43,1258.84,328.58,108.93,349.19,0.844,-1,-1,-1
615,52,1302.06,299.34,140.50,447.20,0.864,-1,-1,-1
615,53,589.31,333.06,87.94,335.09,0.822,-1,-1,-1
615,55,1235.22,353.41,84.42,298.47,0.745,-1,-1,-1
615,56,1189.73,367.85,56.75,231.37,0.832,-1,-1,-1
615,57,1004.54,405.71,42.48,159.27,0.308,-1,-1,-1
616,2,882.44,292.47,148.03,464.85,0.855,-1,-1,-1
616,20,1044.25,281.38,149.21,476.87,0.831,-1,-1,-1
616,36,1607.97,104.77,348.36,963.11,0.882,-1,-1,-1
616,43,1261.20,329.62,108.89,351.97,0.818,-1,-1,-1
616,52,1309.08,300.35,138.90,451.31,0.865,-1,-1,-1
616,53,589.75,333.08,88.15,337.25,0.773,-1,-1,-1
616,55,1237.58,353.38,83.84,300.22,0.736,-1,-1,-1
616,56,1191.56,367.53,57.77,234.38,0.819,-1,-1,-1
616,57,1006.13,406.58,43.13,161.71,0.417,-1,-1,-1
617,2,882.75,296.36,147.21,464.58,0.873,-1,-1,-1
617,20,1038.33,285.12,149.06,477.13,0.770,-1,-1,-1
617,36,1615.04,102.03,342.17,963.99,0.882,-1,-1,-1
617,43,1262.23,330.63,109.63,356.59,0.820,-1,-1,-1
617,52,1315.20,303.55,136.96,452.61,0.871,-1,-1,-1
617,53,589.46,333.86,88.40,338.92,0.836,-1,-1,-1
617,55,1239.47,355.00,83.21,301.40,0.776,-1,-1,-1
617,56,1192.40,371.29,57.92,232.80,0.835,-1,-1,-1
617,57,1005.56,408.37,43.43,163.26,0.689,-1,-1,-1
618,2,880.86,300.59,146.20,464.22,0.878,-1,-1,-1
618,20,1033.51,288.53,147.51,474.51,0.708,-1,-1,-1
618,36,1623.59,116.24,332.01,953.71,0.904,-1,-1,-1
618,43,1263.13,332.68,110.55,361.32,0.820,-1,-1,-1
618,52,1319.49,307.00,134.91,453.20,0.883,-1,-1,-1
618,53,587.20,336.26,88.39,338.89,0.855,-1,-1,-1
618,55,1240.51,357.87,82.57,301.80,0.720,-1,-1,-1
618,56,1191.96,375.34,58.20,231.74,0.853,-1,-1,-1
618,57,1003.24,410.79,43.48,164.31,0.762,-1,-1,-1
619,2,878.61,302.18,145.00,463.50,0.868,-1,-1,-1
619,20,1027.41,288.42,146.68,475.71,0.862,-1,-1,-1
619,36,1632.10,123.63,322.37,945.20,0.905,-1,-1,-1
619,43,1261.79,331.65,112.29,368.48,0.819,-1,-1,-1
619,52,1321.50,306.57,133.49,454.96,0.881,-1,-1,-1
619,53,582.63,335.90,89.13,341.79,0.867,-1,-1,-1
619,55,1240.42,358.09,81.81,301.68,0.755,-1,-1,-1
619,56,1189.71,376.07,58.49,230.98,0.843,-1,-1,-1
619,57,999.33,410.59,43.41,164.41,0.712,-1,-1,-1
620,2,878.03,303.70,143.88,461.78,0.870,-1,-1,-1
620,20,1024.61,289.12,146.25,477.68,0.895,-1,-1,-1
620,36,1640.10,123.41,315.09,943.50,0.900,-1,-1,-1
620,43,1260.76,331.30,114.45,377.99,0.808,-1,-1,-1
620,52,1323.88,307.35,132.40,457.33,0.877,-1,-1,-1
620,53,580.20,335.87,89.69,344.19,0.866,-1,-1,-1
620,55,1241.28,359.31,81.15,301.44,0.745,-1,-1,-1
620,56,1188.94,377.52,58.64,230.66,0.814,-1,-1,-1
620,57,996.33,410.88,43.33,164.78,0.674,-1,-1,-1
620,58,1127.18,343.41,89.25,330.23,0.692,-1,-1,-1
621,2,872.80,304.19,143.35,461.90,0.895,-1,-1,-1
621,20,1021.27,288.29,145.73,480.52,0.897,-1,-1,-1
621,36,1645.73,122.50,308.23,942.04,0.905,-1,-1,-1
621,43,1259.61,331.12,115.50,383.95,0.818,-1,-1,-1
621,52,1325.02,307.25,131.54,460.14,0.878,-1,-1,-1
621,53,577.67,337.58,89.24,343.32,0.877,-1,-1,-1
621,55,1241.30,360.74,80.47,300.72,0.741,-1,-1,-1
621,56,1187.24,379.18,58.89,230.99,0.782,-1,-1,-1
621,57,992.73,410.89,43.54,165.73,0.771,-1,-1,-1
621,58,1123.03,341.32,93.86,347.58,0.781,-1,-1,-1
622,2,867.65,304.89,143.10,461.76,0.905,-1,-1,-1
622,20,1018.60,288.00,145.01,482.46,0.900,-1,-1,-1
622,36,1650.79,121.51,302.26,943.19,0.909,-1,-1,-1
622,43,1257.96,331.89,115.41,386.63,0.826,-1,-1,-1
622,52,1326.51,308.25,130.73,462.33,0.897,-1,-1,-1
622,53,573.65,336.47,89.81,346.02,0.856,-1,-1,-1
622,55,1240.97,362.57,79.93,299.86,0.729,-1,-1,-1
622,56,1185.73,381.88,58.73,229.80,0.798,-1,-1,-1
622,57,988.09,411.58,43.48,166.43,0.780,-1,-1,-1
622,58,1119.44,338.01,97.06,359.84,0.805,-1,-1,-1
623,2,861.86,305.75,143.64,462.44,0.907,-1,-1,-1
623,20,1014.74,288.50,144.26,483.32,0.894,-1,-1,-1
623,36,1655.92,130.16,295.09,939.38,0.909,-1,-1,-1
623,43,1255.37,333.23,117.45,397.09,0.818,-1,-1,-1
623,52,1326.48,308.92,130.16,464.54,0.882,-1,-1,-1
623,53,568.62,339.02,89.55,345.39,0.845,-1,-1,-1
623,55,1239.67,364.98,79.85,300.84,0.748,-1,-1,-1
623,56,1183.88,384.26,58.19,227.31,0.676,-1,-1,-1
623,57,983.14,414.19,42.92,165.05,0.729,-1,-1,-1
623,58,1117.43,337.41,98.91,367.07,0.813,-1,-1,-1
624,2,855.25,305.04,143.44,459.19,0.894,-1,-1,-1
624,20,1009.09,288.54,143.23,481.62,0.906,-1,-1,-1
624,36,1660.19,131.60,288.98,938.13,0.909,-1,-1,-1
624,43,1252.41,333.39,116.30,396.18,0.805,-1,-1,-1
624,52,1325.56,307.82,129.89,467.08,0.867,-1,-1,-1
624,53,561.90,339.14,89.88,346.43,0.856,-1,-1,-1
624,55,1236.84,363.14,80.17,303.18,0.745,-1,-1,-1
624,56,1180.45,385.16,57.68,225.21,0.452,-1,-1,-1
624,57,976.94,413.24,42.90,166.12,0.729,-1,-1,-1
624,58,1113.51,334.59,102.23,379.71,0.823,-1,-1,-1
625,2,848.97,304.64,142.95,454.14,0.899,-1,-1,-1
625,20,1002.22,287.99,141.65,478.13,0.905,-1,-1,-1
625,36,1664.96,132.37,283.44,937.93,0.902,-1,-1,-1
625,43,1249.30,333.06,116.52,401.42,0.825,-1,-1,-1
625,52,1323.92,308.27,129.51,468.69,0.880,-1,-1,-1
625,53,556.49,337.37,90.76,350.60,0.873,-1,-1,-1
625,55,1235.24,364.14,79.91,303.16,0.707,-1,-1,-1
625,56,1175.33,385.92,62.04,242.92,0.328,-1,-1,-1
625,57,971.40,413.30,42.84,166.79,0.768,-1,-1,-1
625,58,1110.26,334.98,104.39,388.35,0.841,-1,-1,-1
626,2,842.66,304.11,143.75,452.10,0.897,-1,-1,-1
626,20,996.37,288.14,140.16,475.19,0.878,-1,-1,-1
626,36,1668.55,126.05,279.67,943.48,0.903,-1,-1,-1
626,43,1245.38,332.94,115.40,400.50,0.783,-1,-1,-1
626,52,1322.45,308.16,129.21,470.78,0.902,-1,-1,-1
626,53,551.52,339.37,90.28,350.22,0.873,-1,-1,-1
626,55,1233.06,363.22,80.32,305.57,0.761,-1,-1,-1
626,56,1174.49,386.95,57.11,222.18,0.314,-1,-1,-1
626,57,967.38,415.51,42.56,165.16,0.598,-1,-1,-1
626,58,1105.39,334.39,105.93,394.65,0.836,-1,-1,-1
627,2,836.27,302.84,145.69,453.20,0.909,-1,-1,-1
627,20,986.74,286.47,138.67,472.40,0.823,-1,-1,-1
627,36,1673.93,124.51,274.95,947.52,0.920,-1,-1,-1
627,43,1241.94,332.49,115.77,404.39,0.819,-1,-1,-1
627,52,1321.59,307.55,128.93,472.67,0.897,-1,-1,-1
627,53,545.80,339.59,90.54,351.98,0.865,-1,-1,-1
627,55,1231.08,362.03,80.46,307.31,0.743,-1,-1,-1
627,56,1174.86,387.08,51.10,196.60,0.533,-1,-1,-1
627,57,964.01,419.28,42.14,162.51,0.475,-1,-1,-1
627,58,1097.99,332.09,108.99,405.69,0.802,-1,-1,-1
628,2,830.11,302.50,147.54,454.15,0.907,-1,-1,-1
628,20,978.01,286.23,139.07,475.70,0.868,-1,-1,-1
628,36,1674.02,122.04,271.37,950.03,0.898,-1,-1,-1
628,43,1238.52,331.78,115.91,407.36,0.807,-1,-1,-1
628,52,1320.89,305.85,128.87,475.37,0.895,-1,-1,-1
628,53,539.67,341.08,90.81,353.27,0.860,-1,-1,-1
628,55,1227.93,359.81,80.95,311.18,0.716,-1,-1,-1
628,56,1173.20,387.01,47.68,181.24,0.602,-1,-1,-1
628,57,959.04,419.83,42.01,162.37,0.183,-1,-1,-1
628,58,1092.39,331.16,110.62,411.69,0.845,-1,-1,-1
628,59,1617.56,437.49,102.57,191.17,0.667,-1,-1,-1
629,2,825.27,302.84,149.52,455.61,0.903,-1,-1,-1
629,20,972.58,285.03,137.69,472.13,0.865,-1,-1,-1
629,36,1648.30,128.13,272.18,942.70,0.830,-1,-1,-1
629,43,1236.31,330.77,115.23,408.06,0.798,-1,-1,-1
629,52,1319.79,304.30,128.71,478.01,0.894,-1,-1,-1
629,53,534.39,341.43,91.13,355.11,0.873,-1,-1,-1
629,55,1225.38,357.67,81.95,317.46,0.642,-1,-1,-1
629,56,1170.73,386.69,46.49,175.16,0.621,-1,-1,-1
629,57,955.24,423.10,41.32,159.83,0.129,-1,-1,-1
629,58,1088.88,330.19,111.96,416.82,0.854,-1,-1,-1
629,59,1616.98,437.36,100.58,187.05,0.762,-1,-1,-1
630,2,821.54,303.77,151.33,456.30,0.898,-1,-1,-1
630,20,967.97,284.47,137.45,472.66,0.887,-1,-1,-1
630,36,1634.91,130.42,274.06,940.27,0.825,-1,-1,-1
630,43,1234.87,327.94,114.88,411.02,0.853,-1,-1,-1
630,52,1319.47,302.92,128.47,480.15,0.858,-1,-1,-1
630,53,530.18,342.21,91.42,356.52,0.885,-1,-1,-1
630,55,1223.08,354.81,82.33,321.82,0.622,-1,-1,-1
630,56,1167.96,386.33,46.25,173.06,0.626,-1,-1,-1
630,57,951.12,427.64,40.41,156.73,0.128,-1,-1,-1
630,58,1086.29,330.03,112.83,420.13,0.872,-1,-1,-1
630,59,1617.06,436.46,99.05,183.80,0.630,-1,-1,-1
631,2,820.33,304.73,152.87,456.24,0.896,-1,-1,-1
631,20,964.86,283.32,137.34,473.42,0.888,-1,-1,-1
631,36,1652.60,121.51,273.08,947.17,0.828,-1,-1,-1
631,43,1234.92,323.84,115.12,415.86,0.848,-1,-1,-1
631,52,1320.32,301.29,127.82,480.61,0.882,-1,-1,-1
631,53,526.88,343.09,91.28,356.90,0.875,-1,-1,-1
631,55,1221.95,351.67,82.66,326.39,0.682,-1,-1,-1
631,56,1166.44,385.00,46.58,173.05,0.632,-1,-1,-1
631,57,931.07,425.25,41.63,161.00,-1.000,-1,-1,-1
631,58,1085.35,329.57,113.47,422.64,0.868,-1,-1,-1
631,59,1618.13,433.86,99.93,185.09,0.676,-1,-1,-1
632,2,819.18,306.44,153.92,455.24,0.902,-1,-1,-1
632,20,963.23,283.42,137.49,475.05,0.890,-1,-1,-1
632,36,1667.30,122.13,268.96,946.87,0.866,-1,-1,-1
632,43,1235.16,321.56,115.69,421.16,0.839,-1,-1,-1
632,52,1321.72,300.48,127.71,483.23,0.892,-1,-1,-1
632,53,524.07,341.14,92.04,359.84,0.897,-1,-1,-1
632,55,1220.82,350.20,83.26,332.10,0.680,-1,-1,-1
632,56,1166.88,384.76,44.86,165.09,0.244,-1,-1,-1
632,57,911.02,422.86,42.86,165.28,-1.000,-1,-1,-1
632,58,1087.68,329.88,114.35,424.61,0.875,-1,-1,-1
632,59,1619.08,433.29,101.59,187.91,0.583,-1,-1,-1
633,2,818.64,309.10,155.22,454.67,0.903,-1,-1,-1
633,20,962.66,283.79,137.84,476.73,0.887,-1,-1,-1
633,36,1679.54,119.38,264.93,949.73,0.862,-1,-1,-1
633,43,1236.79,320.83,115.48,422.88,0.854,-1,-1,-1
633,52,1324.84,299.69,127.48,485.70,0.893,-1,-1,-1
633,53,522.70,341.65,92.65,361.66,0.886,-1,-1,-1
633,55,1220.96,348.88,83.92,339.12,0.641,-1,-1,-1
633,56,1170.74,384.28,39.62,142.97,0.133,-1,-1,-1
633,57,890.97,420.46,44.08,169.56,-1.000,-1,-1,-1
633,58,1090.11,329.71,115.40,427.53,0.890,-1,-1,-1
633,59,1622.69,433.03,101.87,188.21,0.325,-1,-1,-1
634,2,818.23,312.24,156.57,454.29,0.903,-1,-1,-1
634,20,962.69,284.99,138.26,478.74,0.891,-1,-1,-1
634,36,1689.22,110.20,261.47,957.44,0.870,-1,-1,-1
634,43,1238.92,320.28,115.84,426.05,0.847,-1,-1,-1
634,52,1329.35,299.89,127.01,487.72,0.875,-1,-1,-1
634,53,520.94,342.19,93.47,364.68,0.875,-1,-1,-1
634,55,1222.04,349.66,84.62,346.08,0.647,-1,-1,-1
634,57,870.92,418.07,45.31,173.83,-1.000,-1,-1,-1
634,58,1093.17,329.96,116.12,430.00,0.898,-1,-1,-1
634,59,1625.30,432.75,104.50,192.78,0.515,-1,-1,-1
635,2,820.78,314.14,157.93,455.43,0.901,-1,-1,-1
635,20,964.57,285.05,138.89,481.46,0.888,-1,-1,-1
635,36,1695.78,102.84,257.91,964.12,0.858,-1,-1,-1
635,43,1242.19,320.18,116.58,429.06,0.821,-1,-1,-1
635,52,1334.01,297.33,127.42,492.78,0.868,-1,-1,-1
635,53,520.98,342.16,93.64,365.89,0.831,-1,-1,-1
635,55,1222.12,349.10,85.11,349.90,0.639,-1,-1,-1
635,57,850.87,415.68,46.53,178.11,-1.000,-1,-1,-1
635,58,1098.45,327.74,117.29,433.42,0.898,-1,-1,-1
635,59,1625.21,430.50,113.90,210.46,0.164,-1,-1,-1
636,2,824.28,317.38,158.58,455.73,0.887,-1,-1,-1
636,20,965.73,287.48,139.33,483.45,0.883,-1,-1,-1
636,36,1699.46,98.51,253.97,968.11,0.863,-1,-1,-1
636,43,1243.95,318.18,118.13,435.36,0.813,-1,-1,-1
636,52,1339.33,298.28,127.43,496.18,0.871,-1,-1,-1
636,53,520.21,345.31,94.51,368.39,0.878,-1,-1,-1
636,55,1224.24,351.09,85.63,355.08,0.576,-1,-1,-1
636,57,830.82,413.28,47.75,182.38,0.602,-1,-1,-1
636,58,1102.95,329.21,118.41,435.47,0.898,-1,-1,-1
636,59,1631.44,431.41,110.90,204.61,0.451,-1,-1,-1
637,2,827.32,322.28,158.50,455.43,0.875,-1,-1,-1
637,20,966.39,293.38,138.89,482.84,0.891,-1,-1,-1
637,36,1700.18,108.78,248.34,962.76,0.875,-1,-1,-1
637,43,1245.16,320.51,118.86,437.97,0.809,-1,-1,-1
637,52,1343.93,301.44,127.08,497.81,0.883,-1,-1,-1
637,53,519.07,349.34,95.30,371.32,0.873,-1,-1,-1
637,55,1225.08,353.70,85.98,359.89,0.570,-1,-1,-1
637,57,813.82,409.00,50.86,192.37,0.699,-1,-1,-1
637,58,1106.35,333.61,119.12,435.48,0.913,-1,-1,-1
637,59,1640.12,434.15,90.26,164.71,0.504,-1,-1,-1
638,2,829.46,320.76,158.24,454.99,0.876,-1,-1,-1
638,20,966.65,293.79,138.53,482.45,0.888,-1,-1,-1
638,36,1698.43,109.57,244.33,960.32,0.885,-1,-1,-1
638,43,1245.55,316.40,119.95,441.45,0.833,-1,-1,-1
638,52,1347.40,299.09,126.93,500.20,0.875,-1,-1,-1
638,53,516.90,347.76,95.90,373.51,0.854,-1,-1,-1
638,55,1224.99,350.74,86.47,364.86,0.599,-1,-1,-1
638,57,804.84,402.91,52.80,198.19,0.779,-1,-1,-1
638,58,1109.10,331.80,120.52,437.39,0.905,-1,-1,-1
638,59,1644.30,431.16,80.45,145.89,0.267,-1,-1,-1
639,2,833.55,320.45,158.24,455.78,0.887,-1,-1,-1
639,20,969.23,297.65,137.93,481.43,0.891,-1,-1,-1
639,36,1697.48,96.71,242.91,965.51,0.871,-1,-1,-1
639,43,1250.91,314.69,120.86,445.05,0.870,-1,-1,-1
639,52,1353.02,299.03,127.45,503.18,0.871,-1,-1,-1
639,53,517.82,350.22,95.74,373.69,0.874,-1,-1,-1
639,55,1228.16,349.95,86.83,368.58,0.628,-1,-1,-1
639,57,801.70,401.32,53.57,200.93,0.766,-1,-1,-1
639,58,1114.77,333.31,121.08,437.03,0.902,-1,-1,-1
639,59,1652.12,430.09,76.31,137.95,0.125,-1,-1,-1
640,2,838.30,320.54,157.11,453.41,0.891,-1,-1,-1
640,20,972.74,300.57,137.54,481.79,0.882,-1,-1,-1
640,36,1695.76,90.14,241.98,971.46,0.879,-1,-1,-1
640,43,1256.29,315.71,122.03,450.17,0.872,-1,-1,-1
640,52,1359.77,298.66,128.15,507.58,0.870,-1,-1,-1
640,53,519.00,352.45,96.10,375.59,0.858,-1,-1,-1
640,55,1232.45,349.35,86.87,371.98,0.664,-1,-1,-1
640,57,800.86,400.01,54.47,205.02,0.801,-1,-1,-1
640,58,1120.95,333.71,122.93,439.66,0.905,-1,-1,-1
640,59,1657.71,430.18,74.11,133.36,-1.000,-1,-1,-1
641,2,844.41,321.95,155.00,447.57,0.886,-1,-1,-1
641,20,979.21,302.71,137.99,482.81,0.878,-1,-1,-1
641,36,1694.64,89.80,239.97,970.70,0.884,-1,-1,-1
641,43,1260.77,315.42,123.84,458.11,0.859,-1,-1,-1
641,52,1367.44,299.07,128.31,508.61,0.891,-1,-1,-1
641,53,521.13,354.63,96.25,376.62,0.864,-1,-1,-1
641,55,1238.36,348.91,86.83,375.83,0.689,-1,-1,-1
641,57,802.61,399.28,54.95,208.17,0.817,-1,-1,-1
641,58,1126.88,333.22,126.16,444.18,0.910,-1,-1,-1
641,59,1663.29,430.27,71.91,128.78,-1.000,-1,-1,-1
642,2,851.05,324.27,153.58,444.33,0.899,-1,-1,-1
642,20,984.85,307.29,137.92,481.66,0.881,-1,-1,-1
642,36,1695.32,107.09,236.05,959.70,0.874,-1,-1,-1
642,43,1265.56,317.08,125.80,465.94,0.870,-1,-1,-1
642,52,1375.26,300.18,129.12,512.25,0.857,-1,-1,-1
642,53,524.10,357.11,96.45,377.97,0.865,-1,-1,-1
642,55,1245.07,349.04,87.25,380.94,0.599,-1,-1,-1
642,57,806.59,400.43,54.87,208.85,0.846,-1,-1,-1
642,58,1132.27,333.25,129.18,450.17,0.904,-1,-1,-1
642,59,1668.88,430.35,69.71,124.19,-1.000,-1,-1,-1
643,2,856.37,325.10,153.22,444.65,0.900,-1,-1,-1
643,20,987.69,307.96,138.07,482.64,0.904,-1,-1,-1
643,36,1693.84,113.39,234.15,954.89,0.863,-1,-1,-1
643,43,1272.33,317.39,126.26,470.08,0.860,-1,-1,-1
643,52,1384.13,299.49,129.60,514.95,0.881,-1,-1,-1
643,53,526.61,358.06,96.91,380.08,0.871,-1,-1,-1
643,55,1250.51,346.25,86.89,383.21,0.777,-1,-1,-1
643,57,810.08,400.15,54.99,209.59,0.851,-1,-1,-1
643,58,1135.02,332.57,132.09,454.91,0.911,-1,-1,-1
643,59,1674.47,430.44,67.51,119.61,-1.000,-1,-1,-1
644,2,862.27,325.91,152.98,445.15,0.896,-1,-1,-1
644,20,993.75,308.64,138.38,483.31,0.897,-1,-1,-1
644,36,1692.34,119.41,233.05,952.00,0.872,-1,-1,-1
644,43,1280.70,318.56,126.74,473.88,0.828,-1,-1,-1
644,52,1391.99,298.35,130.50,518.89,0.898,-1,-1,-1
644,53,530.82,359.09,97.44,381.57,0.865,-1,-1,-1
644,55,1255.84,345.31,86.94,385.15,0.670,-1,-1,-1
644,57,814.79,399.87,55.45,210.98,0.859,-1,-1,-1
644,58,1139.58,331.78,135.53,462.21,0.919,-1,-1,-1
644,59,1680.05,430.53,65.31,115.02,-1.000,-1,-1,-1
644,60,1545.61,438.48,30.46,27.33,0.678,-1,-1,-1
645,2,867.17,327.81,152.87,446.07,0.891,-1,-1,-1
645,20,1000.06,309.96,138.62,484.60,0.894,-1,-1,-1
645,36,1690.23,122.75,232.52,950.74,0.885,-1,-1,-1
645,43,1285.68,318.33,127.69,478.49,0.854,-1,-1,-1
645,52,1398.19,299.10,131.54,522.57,0.853,-1,-1,-1
645,53,532.72,359.96,97.80,382.83,0.869,-1,-1,-1
645,55,1262.26,345.11,86.74,388.69,0.678,-1,-1,-1
645,57,818.48,400.75,55.76,210.99,0.872,-1,-1,-1
645,58,1143.82,332.18,139.06,469.97,0.899,-1,-1,-1
645,59,1685.64,430.62,63.12,110.44,-1.000,-1,-1,-1
645,60,1548.79,439.40,31.51,28.29,0.679,-1,-1,-1
646,2,871.41,328.63,152.81,446.77,0.894,-1,-1,-1
646,20,1003.14,308.32,139.60,488.02,0.896,-1,-1,-1
646,36,1688.80,122.24,232.14,949.60,0.877,-1,-1,-1
646,43,1290.30,316.38,128.75,483.30,0.865,-1,-1,-1
646,52,1404.61,298.29,132.28,526.47,0.883,-1,-1,-1
646,53,534.02,360.66,98.25,384.05,0.865,-1,-1,-1
646,55,1267.68,344.85,86.10,389.88,0.729,-1,-1,-1
646,57,820.72,401.15,56.54,212.20,0.848,-1,-1,-1
646,58,1146.27,331.14,141.12,472.30,0.909,-1,-1,-1
646,59,1691.23,430.70,60.92,105.85,-1.000,-1,-1,-1
646,60,1552.72,439.77,30.79,27.65,0.724,-1,-1,-1
647,2,874.27,329.97,153.11,448.70,0.894,-1,-1,-1
647,20,1005.84,307.80,139.91,490.66,0.885,-1,-1,-1
647,36,1687.91,124.54,231.68,948.06,0.888,-1,-1,-1
647,43,1295.72,315.84,128.87,485.51,0.872,-1,-1,-1
647,52,1410.34,299.40,132.60,528.09,0.900,-1,-1,-1
647,53,534.12,361.62,98.63,385.50,0.865,-1,-1,-1
647,55,1271.48,345.44,85.48,390.71,0.740,-1,-1,-1
647,57,822.06,402.00,57.35,213.40,0.854,-1,-1,-1
647,58,1145.69,330.81,144.12,476.76,0.906,-1,-1,-1
647,59,1696.81,430.79,58.72,101.27,-1.000,-1,-1,-1
647,60,1555.26,440.58,30.22,27.15,0.666,-1,-1,-1
648,2,876.09,332.05,152.94,448.95,0.896,-1,-1,-1
648,20,1007.65,307.53,139.90,491.32,0.890,-1,-1,-1
648,36,1690.42,141.45,227.93,932.18,0.881,-1,-1,-1
648,43,1300.52,314.45,130.51,493.95,0.890,-1,-1,-1
648,52,1415.71,300.01,132.98,529.20,0.898,-1,-1,-1
648,53,534.24,361.63,99.13,387.60,0.854,-1,-1,-1
648,55,1273.79,345.97,85.10,392.26,0.795,-1,-1,-1
648,57,823.07,402.54,58.41,215.43,0.868,-1,-1,-1
648,58,1144.56,332.33,147.02,479.98,0.912,-1,-1,-1
648,59,1702.40,430.88,56.52,96.68,-1.000,-1,-1,-1
648,60,1556.47,441.63,31.33,28.18,0.562,-1,-1,-1
649,2,876.79,334.03,153.20,450.63,0.895,-1,-1,-1
649,20,1010.41,307.09,139.68,491.88,0.886,-1,-1,-1
649,36,1701.96,228.42,209.16,845.39,0.903,-1,-1,-1
649,43,1305.07,312.75,131.56,499.97,0.895,-1,-1,-1
649,52,1422.77,300.27,133.44,530.37,0.886,-1,-1,-1
649,53,534.47,360.52,99.92,390.27,0.848,-1,-1,-1
649,55,1275.62,345.64,84.98,394.90,0.752,-1,-1,-1
649,57,823.57,403.80,59.00,215.68,0.879,-1,-1,-1
649,58,1143.79,332.97,150.28,484.30,0.921,-1,-1,-1
649,59,1707.99,430.97,54.32,92.10,-1.000,-1,-1,-1
649,60,1558.49,442.47,31.34,28.22,0.612,-1,-1,-1
650,2,878.06,335.46,153.26,451.08,0.895,-1,-1,-1
650,20,1014.19,306.34,136.22,479.59,0.877,-1,-1,-1
650,36,1709.54,270.22,200.36,803.18,0.899,-1,-1,-1
650,43,1309.16,311.00,132.80,504.92,0.891,-1,-1,-1
650,52,1428.12,298.75,134.99,537.45,0.880,-1,-1,-1
650,53,535.95,359.99,100.90,392.04,0.852,-1,-1,-1
650,55,1276.17,344.81,85.03,401.31,0.741,-1,-1,-1
650,57,823.63,404.57,59.83,216.88,0.878,-1,-1,-1
650,58,1142.68,333.64,153.83,488.64,0.926,-1,-1,-1
650,59,1713.57,431.05,52.12,87.51,-1.000,-1,-1,-1
650,60,1559.62,442.95,31.65,28.52,0.556,-1,-1,-1
651,2,880.34,336.06,153.49,450.84,0.891,-1,-1,-1
651,20,1017.20,304.99,134.37,472.87,0.881,-1,-1,-1
651,36,1716.30,288.66,196.19,783.94,0.879,-1,-1,-1
651,43,1313.11,308.74,133.34,505.86,0.892,-1,-1,-1
651,52,1434.35,296.97,136.15,542.68,0.888,-1,-1,-1
651,53,537.46,359.63,102.02,393.05,0.855,-1,-1,-1
651,55,1277.18,343.54,85.27,407.39,0.649,-1,-1,-1
651,57,823.66,406.09,60.34,216.59,0.881,-1,-1,-1
651,58,1141.96,332.75,158.08,494.79,0.928,-1,-1,-1
651,59,1719.16,431.14,49.92,82.92,-1.000,-1,-1,-1
651,60,1560.69,443.52,31.35,28.25,0.497,-1,-1,-1
652,2,880.79,336.80,153.18,448.55,0.892,-1,-1,-1
652,20,1019.06,305.33,134.41,473.92,0.881,-1,-1,-1
652,36,1722.06,294.03,194.70,779.70,0.852,-1,-1,-1
652,43,1315.60,306.28,134.30,508.43,0.888,-1,-1,-1
652,52,1439.43,296.18,136.85,545.65,0.894,-1,-1,-1
652,53,537.62,359.34,103.51,394.68,0.859,-1,-1,-1
652,55,1278.33,344.83,84.69,405.40,0.576,-1,-1,-1
652,57,821.87,406.05,61.54,218.32,0.876,-1,-1,-1
652,58,1139.36,332.29,163.49,504.92,0.923,-1,-1,-1
652,59,1724.74,431.23,47.72,78.34,-1.000,-1,-1,-1
652,60,1560.45,444.50,32.40,29.26,0.287,-1,-1,-1
653,2,879.83,338.10,153.45,447.63,0.900,-1,-1,-1
653,20,1020.17,305.91,134.28,474.94,0.895,-1,-1,-1
653,36,1736.53,298.81,176.13,701.58,0.705,-1,-1,-1
653,43,1318.19,305.26,135.27,511.04,0.871,-1,-1,-1
653,52,1444.21,295.99,137.39,547.66,0.897,-1,-1,-1
653,53,534.72,360.11,104.57,396.18,0.866,-1,-1,-1
653,55,1277.71,346.52,84.69,407.92,0.673,-1,-1,-1
653,57,819.06,407.22,62.52,219.32,0.878,-1,-1,-1
653,58,1136.66,329.54,168.14,512.95,0.922,-1,-1,-1
653,59,1730.33,431.32,45.52,73.75,-1.000,-1,-1,-1
653,60,1561.48,445.86,31.82,28.77,0.214,-1,-1,-1
654,2,877.57,336.10,154.64,449.05,0.896,-1,-1,-1
654,20,1019.20,304.29,134.12,475.24,0.884,-1,-1,-1
654,36,1745.83,292.30,173.95,696.77,0.869,-1,-1,-1
654,43,1319.30,301.81,136.04,512.52,0.870,-1,-1,-1
654,52,1447.16,292.14,138.35,551.80,0.887,-1,-1,-1
654,53,531.57,356.49,106.29,400.31,0.859,-1,-1,-1
654,55,1278.91,344.76,80.64,388.83,0.637,-1,-1,-1
654,57,816.61,406.56,63.25,220.37,0.869,-1,-1,-1
654,58,1133.07,320.86,173.58,524.20,0.920,-1,-1,-1
654,59,1735.92,431.40,43.33,69.17,-1.000,-1,-1,-1
655,2,875.01,334.93,155.93,450.62,0.888,-1,-1,-1
655,20,1016.93,303.35,134.00,476.66,0.871,-1,-1,-1
655,36,1750.95,288.84,176.10,714.32,0.856,-1,-1,-1
655,43,1319.45,298.90,138.09,518.59,0.873,-1,-1,-1
655,52,1449.55,289.06,139.71,556.95,0.878,-1,-1,-1
655,53,525.75,355.84,106.64,401.12,0.846,-1,-1,-1
655,55,1280.21,343.35,77.51,373.60,0.639,-1,-1,-1
655,57,813.06,404.58,64.62,224.50,0.768,-1,-1,-1
655,58,1129.15,314.95,178.38,533.81,0.922,-1,-1,-1
655,59,1741.50,431.49,41.13,64.58,0.633,-1,-1,-1
656,2,870.01,335.90,156.96,451.82,0.890,-1,-1,-1
656,20,1013.49,303.64,134.36,480.93,0.874,-1,-1,-1
656,36,1755.02,289.46,177.98,736.54,0.893,-1,-1,-1
656,43,1318.67,299.30,139.42,521.99,0.886,-1,-1,-1
656,52,1450.11,290.24,140.52,559.89,0.870,-1,-1,-1
656,53,517.79,357.15,106.79,403.12,0.879,-1,-1,-1
656,55,1278.38,341.37,76.88,373.16,0.646,-1,-1,-1
656,57,807.74,406.55,65.72,227.56,0.768,-1,-1,-1
656,58,1124.49,314.41,181.73,539.33,0.930,-1,-1,-1
656,59,1736.48,433.00,46.63,63.47,0.783,-1,-1,-1
657,2,866.79,337.50,156.09,446.59,0.886,-1,-1,-1
657,20,1011.43,307.45,133.29,479.60,0.872,-1,-1,-1
657,36,1760.15,292.67,177.34,750.76,0.893,-1,-1,-1
657,43,1318.12,300.84,141.24,527.34,0.890,-1,-1,-1
657,52,1451.69,292.96,140.78,560.15,0.877,-1,-1,-1
657,53,512.01,357.92,107.49,406.24,0.871,-1,-1,-1
657,55,1277.57,343.50,74.06,360.34,0.604,-1,-1,-1
657,57,802.81,408.89,65.73,226.21,0.739,-1,-1,-1
657,58,1120.47,314.71,184.47,543.42,0.931,-1,-1,-1
657,59,1733.76,434.64,51.22,62.37,0.805,-1,-1,-1
658,2,864.64,335.10,155.64,441.74,0.897,-1,-1,-1
658,20,1008.98,306.53,132.87,481.06,0.887,-1,-1,-1
658,36,1765.39,292.40,175.60,761.66,0.883,-1,-1,-1
658,43,1317.45,298.07,143.44,534.17,0.895,-1,-1,-1
658,52,1453.29,289.75,141.53,562.11,0.879,-1,-1,-1
658,53,506.61,357.27,107.35,406.50,0.884,-1,-1,-1
658,55,1274.69,339.00,77.66,382.26,0.691,-1,-1,-1
658,57,798.25,405.93,66.51,227.44,0.874,-1,-1,-1
658,58,1117.17,311.34,187.14,547.48,0.936,-1,-1,-1
658,59,1729.37,431.78,55.45,62.42,0.818,-1,-1,-1
659,2,862.45,332.60,156.28,440.19,0.891,-1,-1,-1
659,20,1006.99,304.57,131.99,482.04,0.877,-1,-1,-1
659,36,1772.06,291.94,171.92,765.36,0.872,-1,-1,-1
659,43,1317.70,296.36,145.59,540.27,0.895,-1,-1,-1
659,52,1456.15,287.98,142.07,563.53,0.886,-1,-1,-1
659,53,503.36,356.20,107.57,407.88,0.863,-1,-1,-1
659,55,1273.60,334.92,76.29,376.23,0.539,-1,-1,-1
659,57,793.85,403.57,67.50,228.60,0.845,-1,-1,-1
659,58,1114.53,308.36,189.85,551.75,0.927,-1,-1,-1
659,59,1727.54,429.77,57.80,62.07,0.690,-1,-1,-1
660,2,860.11,331.51,157.14,439.54,0.890,-1,-1,-1
660,20,1005.65,304.39,131.11,482.57,0.870,-1,-1,-1
660,36,1778.07,291.38,168.91,773.03,0.860,-1,-1,-1
660,43,1317.03,295.35,147.76,545.22,0.893,-1,-1,-1
660,52,1459.51,287.95,142.54,564.25,0.881,-1,-1,-1
660,53,499.60,355.58,107.64,409.73,0.858,-1,-1,-1
660,55,1270.45,333.50,80.05,396.01,0.509,-1,-1,-1
660,57,790.76,402.59,68.25,228.70,0.873,-1,-1,-1
660,58,1111.71,304.79,193.04,557.70,0.926,-1,-1,-1
660,59,1725.99,428.84,60.80,62.49,0.717,-1,-1,-1
661,2,857.74,331.70,158.64,440.65,0.887,-1,-1,-1
661,20,1002.80,305.97,130.39,482.90,0.869,-1,-1,-1
661,36,1783.24,292.46,165.33,778.22,0.851,-1,-1,-1
661,43,1314.67,293.82,150.37,552.18,0.888,-1,-1,-1
661,52,1461.90,287.30,143.55,566.43,0.890,-1,-1,-1
661,53,497.78,355.96,108.59,411.21,0.867,-1,-1,-1
661,55,1264.91,331.88,82.72,413.33,0.672,-1,-1,-1
661,57,786.86,401.18,69.19,229.50,0.858,-1,-1,-1
661,58,1108.08,300.71,195.88,563.34,0.927,-1,-1,-1
661,59,1722.74,428.21,63.97,63.33,0.757,-1,-1,-1
662,2,854.28,332.92,159.71,441.68,0.895,-1,-1,-1
662,20,999.33,307.59,129.18,480.85,0.879,-1,-1,-1
662,36,1786.19,294.20,161.09,779.68,0.867,-1,-1,-1
662,43,1311.02,294.75,152.95,556.95,0.899,-1,-1,-1
662,52,1462.49,287.79,144.38,568.17,0.890,-1,-1,-1
662,53,489.13,355.80,109.36,415.61,0.886,-1,-1,-1
662,55,1257.73,330.33,84.96,428.29,0.646,-1,-1,-1
662,57,780.57,401.03,70.45,231.36,0.876,-1,-1,-1
662,58,1104.15,298.24,198.51,568.93,0.923,-1,-1,-1
662,59,1721.87,428.17,66.91,63.76,0.802,-1,-1,-1
663,2,850.58,333.31,160.63,442.83,0.907,-1,-1,-1
663,20,994.42,308.70,128.85,482.03,0.867,-1,-1,-1
663,36,1787.66,294.85,157.05,780.09,0.863,-1,-1,-1
663,43,1303.94,291.05,156.56,564.97,0.904,-1,-1,-1
663,52,1461.10,286.94,145.72,571.89,0.888,-1,-1,-1
663,53,482.11,355.49,110.06,418.66,0.885,-1,-1,-1
663,55,1250.48,328.74,87.19,443.97,0.490,-1,-1,-1
663,57,773.19,401.26,71.60,232.56,0.872,-1,-1,-1
663,58,1098.60,294.67,201.33,575.64,0.929,-1,-1,-1
663,59,1716.88,427.38,69.76,64.65,0.793,-1,-1,-1
664,2,847.41,334.46,161.16,442.93,0.909,-1,-1,-1
664,20,988.72,309.13,128.75,482.92,0.861,-1,-1,-1
664,36,1789.00,293.63,153.63,781.87,0.854,-1,-1,-1
664,43,1297.45,287.44,159.75,572.74,0.898,-1,-1,-1
664,52,1459.34,287.18,146.79,573.92,0.889,-1,-1,-1
664,53,474.04,355.00,110.44,421.45,0.888,-1,-1,-1
664,55,1242.82,325.83,88.52,454.45,0.453,-1,-1,-1
664,57,767.15,401.64,72.85,233.64,0.877,-1,-1,-1
664,58,1092.97,291.75,205.12,585.79,0.932,-1,-1,-1
664,59,1712.07,428.13,71.38,64.41,0.764,-1,-1,-1
664,61,1646.46,437.88,31.15,27.52,0.592,-1,-1,-1
665,2,845.31,334.93,161.59,443.07,0.906,-1,-1,-1
665,20,983.63,308.67,128.45,483.21,0.863,-1,-1,-1
665,36,1791.31,289.91,150.43,784.32,0.848,-1,-1,-1
665,43,1292.82,284.76,162.13,578.01,0.909,-1,-1,-1
665,52,1457.50,286.92,148.13,576.45,0.894,-1,-1,-1
665,53,466.65,355.00,110.37,421.52,0.884,-1,-1,-1
665,55,1237.01,324.98,88.38,456.01,0.372,-1,-1,-1
665,57,763.72,402.23,73.79,233.48,0.873,-1,-1,-1
665,58,1087.41,290.55,209.36,597.99,0.930,-1,-1,-1
665,59,1706.89,427.36,72.79,64.13,0.734,-1,-1,-1
665,61,1640.19,437.45,31.55,27.85,0.642,-1,-1,-1
666,2,843.15,335.09,161.64,442.68,0.901,-1,-1,-1
666,20,978.56,307.00,128.84,485.32,0.879,-1,-1,-1
666,36,1788.82,284.56,148.71,788.47,0.845,-1,-1,-1
666,43,1287.63,281.04,163.89,581.33,0.902,-1,-1,-1
666,52,1455.65,285.95,149.38,578.07,0.898,-1,-1,-1
666,53,459.24,353.92,110.80,423.98,0.896,-1,-1,-1
666,55,1229.03,323.85,88.00,456.26,0.259,-1,-1,-1
666,57,758.49,402.01,75.62,234.96,0.903,-1,-1,-1
666,58,1082.55,288.64,213.45,610.13,0.924,-1,-1,-1
666,59,1702.52,424.82,74.92,64.61,0.784,-1,-1,-1
666,61,1633.69,435.90,32.39,28.56,0.644,-1,-1,-1
667,2,836.23,333.92,161.29,443.56,0.890,-1,-1,-1
667,20,974.05,304.57,129.31,487.43,0.886,-1,-1,-1
667,36,1783.33,278.98,148.43,794.71,0.850,-1,-1,-1
667,43,1282.21,276.97,165.91,585.98,0.906,-1,-1,-1
667,52,1453.75,284.60,150.68,579.00,0.899,-1,-1,-1
667,53,453.85,352.55,111.82,426.72,0.881,-1,-1,-1
667,55,1232.49,323.23,61.77,291.24,0.549,-1,-1,-1
667,57,754.00,402.25,77.11,236.05,0.899,-1,-1,-1
667,58,1078.05,286.72,218.49,625.82,0.926,-1,-1,-1
667,59,1697.41,422.40,76.69,64.91,0.758,-1,-1,-1
667,61,1628.92,434.60,32.44,28.57,0.593,-1,-1,-1
668,2,832.04,335.09,159.14,439.56,0.891,-1,-1,-1
668,20,969.98,301.43,129.60,488.70,0.876,-1,-1,-1
668,36,1758.75,270.62,153.45,803.32,0.818,-1,-1,-1
668,43,1277.88,272.98,167.76,590.66,0.911,-1,-1,-1
668,52,1451.62,283.18,152.42,580.42,0.906,-1,-1,-1
668,53,445.99,351.73,112.16,428.23,0.902,-1,-1,-1
668,55,1231.68,322.00,39.18,166.40,0.518,-1,-1,-1
668,57,748.50,401.34,78.92,237.77,0.861,-1,-1,-1
668,58,1076.80,283.85,219.79,628.79,0.931,-1,-1,-1
668,59,1693.37,420.06,77.68,64.53,0.806,-1,-1,-1
668,61,1624.93,433.55,31.53,27.73,0.473,-1,-1,-1
669,2,829.24,334.43,157.78,437.97,0.894,-1,-1,-1
669,20,966.23,298.50,130.17,491.52,0.874,-1,-1,-1
669,36,1772.15,269.30,151.35,804.89,0.866,-1,-1,-1
669,43,1274.75,268.38,169.57,596.00,0.905,-1,-1,-1
669,52,1450.09,281.39,154.28,581.94,0.910,-1,-1,-1
669,53,439.35,349.63,113.15,431.42,0.896,-1,-1,-1
669,55,1227.13,319.87,31.17,119.55,0.604,-1,-1,-1
669,57,743.51,400.36,80.32,238.95,0.887,-1,-1,-1
669,58,1075.57,280.81,222.58,635.84,0.928,-1,-1,-1
669,59,1690.67,418.00,78.65,64.33,0.710,-1,-1,-1
669,61,1620.44,432.31,31.22,27.42,0.454,-1,-1,-1
670,2,827.98,332.77,156.33,436.59,0.890,-1,-1,-1
670,20,964.24,296.15,130.20,490.49,0.868,-1,-1,-1
670,36,1774.93,188.37,162.10,885.28,0.852,-1,-1,-1
670,43,1273.12,264.48,171.30,601.72,0.898,-1,-1,-1
670,52,1449.82,279.60,156.62,584.49,0.915,-1,-1,-1
670,53,432.60,347.56,113.97,435.18,0.899,-1,-1,-1
670,55,1226.08,317.15,30.34,106.70,0.595,-1,-1,-1
670,57,739.35,399.35,81.48,240.42,0.897,-1,-1,-1
670,58,1075.36,279.18,226.70,646.38,0.924,-1,-1,-1
670,59,1686.07,411.86,84.76,69.09,0.666,-1,-1,-1
670,61,1616.16,431.37,31.38,27.53,0.328,-1,-1,-1
671,2,827.66,332.30,155.88,438.80,0.897,-1,-1,-1
671,20,964.99,295.45,129.05,483.23,0.880,-1,-1,-1
671,36,1777.76,151.98,164.46,920.57,0.849,-1,-1,-1
671,43,1273.37,262.16,172.95,607.23,0.899,-1,-1,-1
671,52,1450.73,278.83,158.92,587.04,0.911,-1,-1,-1
671,53,428.33,347.92,114.13,436.06,0.897,-1,-1,-1
671,55,1226.81,314.96,29.59,96.97,0.533,-1,-1,-1
671,57,735.00,398.47,82.88,242.90,0.897,-1,-1,-1
671,58,1076.03,278.61,230.82,656.59,0.927,-1,-1,-1
671,59,1684.84,409.43,87.41,71.17,-1.000,-1,-1,-1
671,61,1614.13,432.18,31.36,27.48,0.143,-1,-1,-1
672,2,828.38,331.94,154.40,438.31,0.891,-1,-1,-1
672,20,965.92,294.33,129.10,480.18,0.886,-1,-1,-1
672,36,1778.68,129.03,164.77,942.34,0.847,-1,-1,-1
672,43,1275.57,259.36,174.25,611.73,0.898,-1,-1,-1
672,52,1452.52,277.75,160.96,589.38,0.910,-1,-1,-1
672,53,425.30,347.35,115.28,440.10,0.884,-1,-1,-1
672,57,732.27,397.56,83.91,244.49,0.901,-1,-1,-1
672,58,1075.22,275.91,238.59,678.46,0.913,-1,-1,-1
672,59,1683.61,407.00,90.07,73.25,0.608,-1,-1,-1
672,61,1612.68,431.41,31.55,27.59,0.391,-1,-1,-1
673,2,829.89,330.39,151.68,434.10,0.894,-1,-1,-1
673,20,966.52,292.63,129.72,479.83,0.885,-1,-1,-1
673,36,1777.46,111.49,164.24,956.51,0.863,-1,-1,-1
673,43,1277.76,255.94,176.18,619.00,0.889,-1,-1,-1
673,52,1455.14,275.43,163.03,591.94,0.914,-1,-1,-1
673,53,423.13,344.46,116.99,444.99,0.877,-1,-1,-1
673,57,730.16,394.22,85.57,248.18,0.907,-1,-1,-1
673,58,1075.77,274.36,243.39,690.62,0.912,-1,-1,-1
673,59,1683.99,407.07,89.56,71.89,0.736,-1,-1,-1
673,61,1611.63,429.45,31.28,27.35,0.241,-1,-1,-1
674,2,831.62,330.72,149.80,432.02,0.897,-1,-1,-1
674,20,967.78,293.29,130.57,480.02,0.889,-1,-1,-1
674,36,1776.22,104.37,162.57,961.18,0.882,-1,-1,-1
674,43,1280.63,254.71,179.94,633.68,0.905,-1,-1,-1
674,52,1459.30,274.87,165.00,593.62,0.907,-1,-1,-1
674,53,419.25,343.62,117.98,449.56,0.882,-1,-1,-1
674,57,728.61,391.81,87.21,252.45,0.909,-1,-1,-1
674,58,1074.71,268.56,249.54,706.70,0.912,-1,-1,-1
674,59,1688.68,410.53,88.37,69.58,0.679,-1,-1,-1
675,2,831.55,330.46,149.22,433.77,0.896,-1,-1,-1
675,20,967.51,293.37,131.44,480.58,0.889,-1,-1,-1
675,36,1772.23,95.96,162.31,969.24,0.862,-1,-1,-1
675,43,1285.14,254.53,183.74,646.49,0.894,-1,-1,-1
675,52,1462.07,275.05,166.11,592.86,0.902,-1,-1,-1
675,53,415.52,344.75,118.43,451.38,0.893,-1,-1,-1
675,57,727.66,392.41,87.44,252.93,0.913,-1,-1,-1
675,58,1073.93,262.77,255.05,718.50,0.927,-1,-1,-1
675,59,1689.88,413.83,87.74,67.12,0.810,-1,-1,-1
676,2,832.18,331.05,148.54,435.19,0.900,-1,-1,-1
676,20,968.46,294.33,131.76,479.81,0.883,-1,-1,-1
676,36,1767.47,87.29,162.82,977.39,0.857,-1,-1,-1
676,43,1292.45,255.11,187.99,659.24,0.878,-1,-1,-1
676,52,1466.80,275.70,165.85,586.68,0.907,-1,-1,-1
676,53,412.85,347.03,119.04,454.16,0.890,-1,-1,-1
676,57,727.90,393.43,87.75,253.71,0.900,-1,-1,-1
676,58,1074.01,259.38,260.12,728.69,0.918,-1,-1,-1
676,59,1690.32,414.78,89.80,67.46,0.761,-1,-1,-1
677,2,831.99,328.74,147.87,436.08,0.899,-1,-1,-1
677,20,968.25,291.43,132.38,480.52,0.884,-1,-1,-1
677,36,1763.77,108.13,159.99,957.33,0.880,-1,-1,-1
677,43,1300.32,250.56,192.46,671.48,0.883,-1,-1,-1
677,52,1470.07,272.03,166.40,584.35,0.906,-1,-1,-1
677,53,409.52,344.64,119.63,456.36,0.889,-1,-1,-1
677,57,727.01,391.13,88.08,253.85,0.902,-1,-1,-1
677,58,1073.20,252.53,265.44,738.80,0.920,-1,-1,-1
677,59,1690.45,411.65,92.03,68.27,0.701,-1,-1,-1
678,2,832.33,328.59,147.42,436.94,0.900,-1,-1,-1
678,20,968.90,290.69,132.98,481.19,0.879,-1,-1,-1
678,36,1760.90,139.54,156.44,926.04,0.886,-1,-1,-1
678,43,1307.51,248.10,196.58,683.45,0.887,-1,-1,-1
678,52,1474.08,271.23,167.37,584.13,0.897,-1,-1,-1
678,53,407.71,343.89,120.14,457.96,0.889,-1,-1,-1
678,57,727.66,389.36,88.62,255.26,0.880,-1,-1,-1
678,58,1071.97,245.67,270.97,749.58,0.924,-1,-1,-1
678,59,1694.39,414.88,87.59,64.48,0.168,-1,-1,-1
679,2,833.81,328.05,147.20,438.27,0.892,-1,-1,-1
679,20,971.92,290.36,133.18,481.07,0.853,-1,-1,-1
679,36,1761.03,197.49,149.78,868.46,0.898,-1,-1,-1
679,43,1313.17,244.69,200.18,696.03,0.903,-1,-1,-1
679,52,1479.92,268.65,169.21,587.90,0.894,-1,-1,-1
679,53,407.44,342.85,120.70,460.09,0.893,-1,-1,-1
679,57,729.67,388.05,89.46,257.68,0.870,-1,-1,-1
679,58,1070.92,238.84,276.24,760.79,0.927,-1,-1,-1
679,59,1699.04,418.95,82.40,60.15,0.233,-1,-1,-1
680,2,836.08,328.59,147.90,440.93,0.893,-1,-1,-1
680,20,975.97,291.25,134.07,484.10,0.824,-1,-1,-1
680,36,1760.47,228.47,145.99,826.66,0.891,-1,-1,-1
680,43,1320.41,242.03,204.27,710.96,0.889,-1,-1,-1
680,52,1486.69,267.71,170.96,592.44,0.898,-1,-1,-1
680,53,408.62,343.30,121.09,461.68,0.888,-1,-1,-1
680,57,730.90,387.46,91.15,262.33,0.871,-1,-1,-1
680,58,1071.51,232.82,281.78,774.62,0.928,-1,-1,-1
680,59,1706.16,423.81,77.04,56.03,0.274,-1,-1,-1
681,2,839.15,331.19,147.88,440.71,0.894,-1,-1,-1
681,20,980.50,292.57,134.15,484.16,0.830,-1,-1,-1
681,36,1764.12,245.50,135.75,742.03,0.859,-1,-1,-1
681,43,1328.77,239.84,207.56,724.60,0.887,-1,-1,-1
681,52,1493.44,268.03,171.88,595.02,0.891,-1,-1,-1
681,53,410.26,344.32,121.53,463.48,0.887,-1,-1,-1
681,57,734.75,389.09,91.45,263.76,0.881,-1,-1,-1
681,58,1073.06,226.46,286.75,788.59,0.929,-1,-1,-1
681,59,1712.81,427.33,73.89,53.59,0.363,-1,-1,-1
682,2,841.37,332.30,148.02,440.86,0.896,-1,-1,-1
682,20,983.71,292.98,134.86,486.19,0.834,-1,-1,-1
682,36,1769.32,255.47,124.81,655.71,0.813,-1,-1,-1
682,43,1337.84,235.24,210.15,736.86,0.868,-1,-1,-1
682,52,1501.18,266.32,172.86,600.80,0.906,-1,-1,-1
682,53,412.46,343.87,122.07,465.46,0.894,-1,-1,-1
682,57,737.31,389.22,92.14,265.50,0.873,-1,-1,-1
682,58,1077.31,221.58,290.40,797.92,0.923,-1,-1,-1
682,59,1718.80,423.44,78.95,57.31,0.218,-1,-1,-1
683,2,844.90,333.17,148.25,440.62,0.898,-1,-1,-1
683,20,987.95,294.26,135.56,489.53,0.849,-1,-1,-1
683,36,1775.71,262.78,112.32,558.75,0.839,-1,-1,-1
683,43,1349.08,231.42,212.61,747.18,0.888,-1,-1,-1
683,52,1507.24,266.64,173.22,604.29,0.893,-1,-1,-1
683,53,414.28,342.36,122.82,468.36,0.895,-1,-1,-1
683,57,739.87,390.00,92.92,266.63,0.900,-1,-1,-1
683,58,1081.34,218.48,295.38,812.39,0.922,-1,-1,-1
683,59,1726.77,426.85,74.96,54.36,0.306,-1,-1,-1
684,2,849.41,335.01,148.44,440.49,0.894,-1,-1,-1
684,20,994.56,296.94,135.34,489.26,0.840,-1,-1,-1
684,36,1780.87,268.96,107.52,511.72,0.820,-1,-1,-1
684,43,1363.66,228.34,215.55,755.71,0.912,-1,-1,-1
684,52,1513.85,268.23,173.59,607.77,0.877,-1,-1,-1
684,53,416.84,342.48,123.79,472.03,0.890,-1,-1,-1
684,57,744.17,391.70,93.46,267.44,0.887,-1,-1,-1
684,58,1087.56,218.48,300.21,827.42,0.916,-1,-1,-1
684,59,1735.46,429.61,72.82,52.76,0.588,-1,-1,-1
685,2,858.09,335.75,148.77,438.24,0.885,-1,-1,-1
685,20,1000.35,296.48,135.56,491.64,0.855,-1,-1,-1
685,36,1785.32,276.01,107.28,490.81,0.856,-1,-1,-1
685,43,1378.02,220.37,220.67,768.77,0.904,-1,-1,-1
685,52,1521.65,268.93,173.49,609.70,0.846,-1,-1,-1
685,53,419.80,341.15,124.57,474.83,0.886,-1,-1,-1
685,57,749.84,391.22,94.25,269.32,0.885,-1,-1,-1
685,58,1093.71,215.74,304.88,842.52,0.921,-1,-1,-1
685,59,1744.08,426.25,78.37,56.78,0.185,-1,-1,-1
686,2,862.63,334.00,148.89,437.84,0.890,-1,-1,-1
686,20,1006.51,296.26,135.50,491.53,0.861,-1,-1,-1
686,36,1793.51,285.47,104.97,468.69,0.794,-1,-1,-1
686,43,1394.10,214.74,225.09,778.07,0.890,-1,-1,-1
686,52,1531.18,267.10,173.12,612.85,0.828,-1,-1,-1
686,53,424.40,339.08,124.70,475.29,0.885,-1,-1,-1
686,57,754.52,390.22,95.29,270.78,0.880,-1,-1,-1
686,58,1099.98,211.60,308.27,853.87,0.929,-1,-1,-1
686,59,1756.11,423.12,83.46,60.66,0.465,-1,-1,-1
687,2,873.58,331.46,150.86,439.03,0.877,-1,-1,-1
687,20,1013.01,295.20,136.01,494.67,0.854,-1,-1,-1
687,36,1803.60,300.14,101.61,446.89,0.762,-1,-1,-1
687,43,1410.09,205.11,231.56,789.97,0.884,-1,-1,-1
687,52,1541.53,265.73,173.21,617.47,0.719,-1,-1,-1
687,53,428.98,336.22,125.12,476.87,0.894,-1,-1,-1
687,57,759.33,387.52,96.79,272.76,0.884,-1,-1,-1
687,58,1106.81,205.30,310.55,861.14,0.932,-1,-1,-1
687,59,1770.89,420.83,85.39,62.01,0.642,-1,-1,-1
688,2,876.81,329.27,150.49,438.91,0.899,-1,-1,-1
688,20,1018.90,293.22,135.74,494.18,0.859,-1,-1,-1
688,36,1814.90,320.53,96.78,423.15,0.698,-1,-1,-1
688,43,1425.14,194.53,238.04,800.56,0.907,-1,-1,-1
688,52,1551.95,264.00,171.67,617.50,0.730,-1,-1,-1
688,53,432.53,332.18,125.72,478.81,0.901,-1,-1,-1
688,57,764.17,383.57,98.43,275.72,0.885,-1,-1,-1
688,58,1111.92,198.79,313.30,868.89,0.936,-1,-1,-1
688,59,1783.08,418.11,86.75,63.02,0.321,-1,-1,-1
689,2,884.79,324.79,149.99,436.27,0.889,-1,-1,-1
689,20,1022.75,291.24,135.37,494.57,0.852,-1,-1,-1
689,36,1827.24,345.45,89.97,393.74,0.473,-1,-1,-1
689,43,1440.19,185.60,245.76,810.65,0.910,-1,-1,-1
689,52,1566.54,256.15,172.11,624.10,0.148,-1,-1,-1
689,53,435.57,325.38,126.55,481.94,0.902,-1,-1,-1
689,57,767.60,378.68,99.97,278.78,0.884,-1,-1,-1
689,58,1114.66,193.05,316.21,876.09,0.944,-1,-1,-1
690,2,894.88,319.96,150.06,432.55,0.877,-1,-1,-1
690,20,1026.46,288.18,135.31,495.29,0.812,-1,-1,-1
690,36,1843.99,392.50,79.60,351.75,0.737,-1,-1,-1
690,43,1453.80,176.34,254.21,822.09,0.917,-1,-1,-1
690,53,437.69,319.63,127.26,484.90,0.908,-1,-1,-1
690,57,771.26,373.97,101.53,281.53,0.869,-1,-1,-1
690,58,1116.55,183.46,320.58,885.34,0.943,-1,-1,-1
691,2,902.51,314.76,150.78,431.08,0.888,-1,-1,-1
691,20,1028.96,282.99,134.66,494.36,0.762,-1,-1,-1
691,36,1858.70,424.33,70.52,315.91,0.466,-1,-1,-1
691,43,1469.56,169.36,262.51,829.12,0.932,-1,-1,-1
691,53,439.25,316.60,127.27,485.13,0.905,-1,-1,-1
691,57,774.61,369.10,102.39,282.62,0.886,-1,-1,-1
691,58,1118.43,175.74,325.29,893.95,0.934,-1,-1,-1
691,62,868.04,384.83,53.25,225.71,0.776,-1,-1,-1
692,2,907.09,310.12,151.79,431.27,0.892,-1,-1,-1
692,20,1037.48,277.86,147.43,539.33,0.551,-1,-1,-1
692,43,1477.09,159.04,278.12,860.62,0.927,-1,-1,-1
692,53,439.71,311.61,127.93,488.08,0.898,-1,-1,-1
692,57,777.14,363.91,103.97,285.21,0.881,-1,-1,-1
692,58,1120.65,163.74,330.50,900.94,0.925,-1,-1,-1
692,62,869.56,381.48,53.62,227.13,0.802,-1,-1,-1
693,2,909.99,306.31,152.56,431.64,0.889,-1,-1,-1
693,20,1041.71,272.37,157.36,574.52,0.503,-1,-1,-1
693,43,1483.86,146.54,292.53,885.75,0.937,-1,-1,-1
693,53,438.50,307.51,128.27,489.68,0.899,-1,-1,-1
693,57,778.78,359.45,105.53,286.57,0.876,-1,-1,-1
693,58,1121.45,150.94,338.58,912.69,0.939,-1,-1,-1
693,62,870.19,378.81,54.02,228.88,0.815,-1,-1,-1
694,2,912.53,303.08,153.62,432.66,0.888,-1,-1,-1
694,20,1042.74,267.30,163.65,597.80,0.180,-1,-1,-1
694,43,1492.70,139.42,303.04,897.29,0.924,-1,-1,-1
694,53,436.90,303.14,128.70,491.85,0.900,-1,-1,-1
694,57,778.56,351.31,108.59,292.66,0.875,-1,-1,-1
694,58,1121.92,137.52,348.01,924.89,0.933,-1,-1,-1
694,62,870.37,376.00,54.22,229.94,0.824,-1,-1,-1
695,2,913.35,300.13,154.63,434.67,0.902,-1,-1,-1
695,20,1043.11,260.56,170.87,627.84,0.526,-1,-1,-1
695,43,1499.45,131.78,316.64,916.69,0.928,-1,-1,-1
695,53,433.67,299.88,129.17,493.96,0.909,-1,-1,-1
695,57,776.76,346.26,110.42,295.34,0.881,-1,-1,-1
695,58,1115.36,122.00,359.75,938.19,0.902,-1,-1,-1
695,62,870.16,373.28,54.44,230.54,0.846,-1,-1,-1
696,2,915.12,298.86,155.08,435.44,0.900,-1,-1,-1
696,20,1038.51,255.68,176.37,650.70,0.555,-1,-1,-1
696,43,1507.00,128.01,327.94,929.28,0.918,-1,-1,-1
696,53,430.56,298.19,129.92,496.43,0.910,-1,-1,-1
696,57,775.49,348.25,110.41,292.83,0.884,-1,-1,-1
696,58,1106.47,107.65,371.75,949.39,0.879,-1,-1,-1
696,62,869.72,372.14,54.83,231.26,0.845,-1,-1,-1
697,2,916.49,293.80,155.80,436.94,0.902,-1,-1,-1
697,20,1034.10,242.57,181.83,674.18,0.570,-1,-1,-1
697,43,1515.40,120.11,336.78,935.43,0.919,-1,-1,-1
697,53,426.86,291.94,130.87,499.91,0.902,-1,-1,-1
697,55,1037.68,257.42,123.26,411.10,0.563,-1,-1,-1
697,57,772.92,345.13,110.84,292.36,0.888,-1,-1,-1
697,58,1102.10,91.30,383.97,962.69,0.869,-1,-1,-1
697,62,868.72,366.54,55.20,231.76,0.856,-1,-1,-1
698,2,919.77,290.21,156.07,436.85,0.889,-1,-1,-1
698,20,1030.92,235.64,184.20,689.91,0.560,-1,-1,-1
698,43,1524.22,111.78,345.62,940.14,0.912,-1,-1,-1
698,53,424.84,285.46,131.58,503.09,0.895,-1,-1,-1
698,55,1029.47,251.63,126.98,434.92,0.500,-1,-1,-1
698,57,773.39,341.60,112.04,293.14,0.900,-1,-1,-1
698,58,1114.21,77.52,395.64,981.20,0.913,-1,-1,-1
698,62,868.91,361.17,55.75,233.14,0.868,-1,-1,-1
699,2,923.27,285.64,156.49,437.21,0.886,-1,-1,-1
699,20,1042.09,218.50,188.98,716.30,0.477,-1,-1,-1
699,43,1532.86,100.61,354.39,947.50,0.920,-1,-1,-1
699,53,424.52,278.73,132.19,505.36,0.890,-1,-1,-1
699,55,1021.09,246.85,135.12,472.79,0.220,-1,-1,-1
699,57,775.37,337.11,113.37,294.08,0.901,-1,-1,-1
699,58,1127.41,61.18,404.28,993.63,0.912,-1,-1,-1
699,62,869.52,354.58,56.39,235.37,0.857,-1,-1,-1
700,2,925.56,283.94,156.60,436.63,0.879,-1,-1,-1
700,20,1038.96,202.30,191.69,737.66,0.770,-1,-1,-1
700,43,1534.25,89.48,365.73,965.79,0.938,-1,-1,-1
700,53,422.87,273.36,133.19,509.37,0.897,-1,-1,-1
700,55,1034.93,252.82,129.91,454.31,-1.000,-1,-1,-1
700,57,774.96,333.45,115.04,296.34,0.894,-1,-1,-1
700,58,1141.43,51.17,410.79,1002.18,0.931,-1,-1,-1
700,62,870.16,349.52,57.07,237.22,0.861,-1,-1,-1
701,2,926.78,283.98,156.92,435.60,0.880,-1,-1,-1
701,20,1035.99,194.15,191.94,751.70,0.784,-1,-1,-1
701,43,1534.80,82.67,372.72,975.25,0.924,-1,-1,-1
701,53,417.90,271.05,134.30,514.00,0.897,-1,-1,-1
701,55,1048.77,258.79,124.70,435.84,-1.000,-1,-1,-1
701,57,772.77,332.41,116.48,299.23,0.894,-1,-1,-1
701,58,1150.05,46.93,415.42,1005.87,0.937,-1,-1,-1
701,62,871.67,347.29,58.57,239.44,0.864,-1,-1,-1
702,2,924.09,280.16,156.59,435.23,0.879,-1,-1,-1
702,20,1035.55,184.10,193.01,761.64,0.834,-1,-1,-1
702,43,1535.06,69.55,377.78,983.06,0.906,-1,-1,-1
702,53,411.38,265.46,135.24,518.14,0.899,-1,-1,-1
702,55,1062.60,264.75,119.49,417.36,-1.000,-1,-1,-1
702,57,769.19,327.64,117.85,302.55,0.895,-1,-1,-1
702,58,1152.99,39.17,421.67,1013.97,0.935,-1,-1,-1
702,62,870.40,342.50,60.11,241.23,0.857,-1,-1,-1
702,63,1491.52,211.04,81.74,171.40,0.671,-1,-1,-1
703,2,916.14,275.72,154.43,434.92,0.885,-1,-1,-1
703,20,1035.79,175.80,194.20,770.66,0.825,-1,-1,-1
703,43,1536.40,58.84,380.69,987.28,0.909,-1,-1,-1
703,53,405.94,260.34,136.18,521.93,0.892,-1,-1,-1
703,55,1076.44,270.72,114.28,398.88,-1.000,-1,-1,-1
703,57,766.49,322.61,119.39,306.95,0.896,-1,-1,-1
703,58,1157.28,33.14,427.17,1020.81,0.934,-1,-1,-1
703,62,867.03,337.89,61.58,244.04,0.855,-1,-1,-1
703,63,1492.41,207.48,74.07,155.34,0.603,-1,-1,-1
704,2,910.52,271.70,152.04,434.35,0.873,-1,-1,-1
704,20,1037.67,164.55,198.52,780.00,0.891,-1,-1,-1
704,43,1539.15,50.49,383.01,992.71,0.914,-1,-1,-1
704,53,399.88,255.08,137.04,524.64,0.901,-1,-1,-1
704,55,1090.28,276.69,109.07,380.40,-1.000,-1,-1,-1
704,57,764.14,316.66,120.45,310.16,0.898,-1,-1,-1
704,58,1161.80,29.35,430.74,1024.19,0.938,-1,-1,-1
704,62,863.20,333.20,62.21,244.98,0.845,-1,-1,-1
704,63,1495.59,203.05,65.94,138.34,0.640,-1,-1,-1
705,2,909.74,266.02,148.40,429.92,0.861,-1,-1,-1
705,20,1030.76,154.93,201.50,788.70,0.890,-1,-1,-1
705,43,1543.51,44.10,384.07,997.78,0.924,-1,-1,-1
705,53,395.02,248.17,138.05,527.98,0.892,-1,-1,-1
705,55,1104.11,282.65,103.86,361.92,-1.000,-1,-1,-1
705,57,762.61,310.57,120.87,311.56,0.909,-1,-1,-1
705,58,1166.62,16.22,436.93,1035.94,0.935,-1,-1,-1
705,62,860.80,327.98,62.55,245.23,0.817,-1,-1,-1
705,63,1498.85,196.35,62.21,130.51,0.260,-1,-1,-1
706,2,911.20,258.21,146.03,429.06,0.863,-1,-1,-1
706,20,1020.45,142.59,208.20,813.09,0.863,-1,-1,-1
706,43,1549.02,19.92,387.98,1015.52,0.926,-1,-1,-1
706,53,391.80,241.16,139.09,531.63,0.898,-1,-1,-1
706,55,1117.95,288.62,98.65,343.44,-1.000,-1,-1,-1
706,57,762.07,303.99,121.50,313.66,0.909,-1,-1,-1
706,58,1176.05,7.59,441.33,1043.08,0.944,-1,-1,-1
706,62,859.37,323.30,62.79,245.41,0.850,-1,-1,-1
707,2,913.00,252.45,143.76,427.99,0.840,-1,-1,-1
707,20,1010.70,128.42,217.13,842.90,0.869,-1,-1,-1
707,43,1560.65,5.81,382.07,1008.30,0.903,-1,-1,-1
707,53,389.21,235.47,139.67,533.36,0.899,-1,-1,-1
707,55,1131.79,294.59,93.43,324.96,-1.000,-1,-1,-1
707,57,762.50,296.36,122.50,316.64,0.897,-1,-1,-1
707,58,1187.32,4.35,443.57,1043.99,0.946,-1,-1,-1
707,62,858.84,318.34,62.94,245.81,0.844,-1,-1,-1
708,2,913.89,245.61,142.36,428.58,0.774,-1,-1,-1
708,20,1002.73,114.18,223.74,859.19,0.872,-1,-1,-1
708,43,1573.96,0.07,375.15,1002.11,0.904,-1,-1,-1
708,53,386.52,227.47,140.84,536.96,0.896,-1,-1,-1
708,55,1145.62,300.55,88.22,306.48,-1.000,-1,-1,-1
708,57,762.16,288.94,123.22,318.79,0.877,-1,-1,-1
708,58,1202.59,2.01,446.56,1043.65,0.936,-1,-1,-1
708,62,857.88,312.51,63.41,247.00,0.835,-1,-1,-1
709,2,912.72,238.63,141.17,431.19,0.811,-1,-1,-1
709,20,990.93,97.66,236.56,899.42,0.890,-1,-1,-1
709,43,1589.29,-2.38,370.39,1007.09,0.892,-1,-1,-1
709,53,383.84,219.54,141.74,539.15,0.897,-1,-1,-1
709,55,1159.46,306.52,83.01,288.00,-1.000,-1,-1,-1
709,57,762.48,279.90,124.11,321.74,0.889,-1,-1,-1
709,58,1222.53,2.29,452.36,1047.30,0.943,-1,-1,-1
709,62,856.88,306.04,64.29,249.84,0.853,-1,-1,-1
710,2,909.67,232.03,139.40,432.74,0.785,-1,-1,-1
710,20,979.15,84.69,247.72,931.98,0.899,-1,-1,-1
710,43,1607.15,-2.36,362.38,1006.21,0.868,-1,-1,-1
710,53,380.19,213.03,143.06,543.30,0.893,-1,-1,-1
710,55,1173.30,312.49,77.80,269.52,-1.000,-1,-1,-1
710,57,761.43,272.69,125.43,325.90,0.885,-1,-1,-1
710,58,1242.36,2.40,459.44,1051.39,0.942,-1,-1,-1
710,62,855.69,301.30,65.09,252.62,0.842,-1,-1,-1
711,2,908.41,262.06,126.53,397.13,0.621,-1,-1,-1
711,20,967.79,77.32,256.39,952.24,0.889,-1,-1,-1
711,43,1626.66,-1.66,354.66,1006.45,0.795,-1,-1,-1
711,53,375.99,207.08,144.58,548.82,0.895,-1,-1,-1
711,55,1187.14,318.45,72.59,251.04,-1.000,-1,-1,-1
711,57,759.99,267.48,126.94,330.52,0.873,-1,-1,-1
711,58,1271.67,4.00,466.89,1048.53,0.940,-1,-1,-1
711,62,854.30,298.19,65.71,254.61,0.845,-1,-1,-1
712,2,910.67,257.93,126.87,399.06,-1.000,-1,-1,-1
712,20,950.05,65.30,266.34,973.59,0.868,-1,-1,-1
712,52,1698.56,10.04,258.40,976.87,0.696,-1,-1,-1
712,53,371.49,201.42,146.02,554.10,0.910,-1,-1,-1
712,55,1200.97,324.42,67.38,232.56,-1.000,-1,-1,-1
712,57,758.01,264.00,128.41,334.54,0.881,-1,-1,-1
712,58,1298.25,5.37,473.97,1043.95,0.933,-1,-1,-1
712,62,852.35,295.10,65.88,255.13,0.857,-1,-1,-1
713,2,912.94,253.79,127.20,400.99,-1.000,-1,-1,-1
713,20,937.68,52.22,275.23,990.36,0.907,-1,-1,-1
713,52,1727.99,-1.95,235.26,912.38,0.508,-1,-1,-1
713,53,366.93,194.02,147.70,559.73,0.902,-1,-1,-1
713,55,1214.81,330.39,62.17,214.08,0.824,-1,-1,-1
713,57,755.11,258.58,130.31,339.33,0.882,-1,-1,-1
713,58,1328.97,4.34,486.40,1047.28,0.920,-1,-1,-1
713,62,850.59,288.30,66.42,256.83,0.878,-1,-1,-1
714,2,915.20,249.65,127.53,402.92,-1.000,-1,-1,-1
714,20,929.17,43.96,280.95,998.12,0.900,-1,-1,-1
714,52,1692.21,21.68,220.68,854.19,-1.000,-1,-1,-1
714,53,363.28,190.83,148.72,562.40,0.909,-1,-1,-1
714,55,1232.42,334.53,57.49,194.94,0.872,-1,-1,-1
714,57,753.45,257.46,130.48,339.73,0.926,-1,-1,-1
714,58,1349.67,4.06,499.14,1051.09,0.916,-1,-1,-1
714,62,848.97,286.20,66.85,258.57,0.868,-1,-1,-1
715,2,917.46,245.52,127.86,404.85,-1.000,-1,-1,-1
715,20,920.59,36.44,285.45,1002.88,0.896,-1,-1,-1
715,52,1656.43,45.31,206.11,796.00,-1.000,-1,-1,-1
715,53,361.33,188.53,149.15,562.31,0.903,-1,-1,-1
715,55,1237.90,331.81,56.90,191.68,0.843,-1,-1,-1
715,57,752.00,254.27,131.57,341.47,0.887,-1,-1,-1
715,58,1356.75,3.87,506.95,1044.44,0.903,-1,-1,-1
715,62,849.16,282.72,66.86,259.89,0.852,-1,-1,-1
716,2,919.73,241.38,128.19,406.78,-1.000,-1,-1,-1
716,20,907.38,26.61,291.20,1012.93,0.893,-1,-1,-1
716,52,1620.65,68.93,191.53,737.81,-1.000,-1,-1,-1
716,53,358.93,186.10,150.18,564.31,0.899,-1,-1,-1
716,55,1240.92,326.14,57.35,192.91,0.840,-1,-1,-1
716,57,750.79,251.58,132.68,343.39,0.883,-1,-1,-1
716,58,1354.90,3.66,515.22,1040.74,0.887,-1,-1,-1
716,62,846.92,278.58,66.57,262.47,0.814,-1,-1,-1
717,2,921.99,237.24,128.52,408.71,-1.000,-1,-1,-1
717,20,891.16,13.47,299.02,1028.60,0.894,-1,-1,-1
717,52,1584.87,92.56,176.95,679.63,-1.000,-1,-1,-1
717,53,355.03,181.99,151.85,568.84,0.906,-1,-1,-1
717,55,1242.34,319.70,58.44,196.66,0.850,-1,-1,-1
717,57,748.15,247.69,134.15,346.75,0.894,-1,-1,-1
717,58,1349.98,2.67,515.38,1018.11,0.873,-1,-1,-1
717,62,842.48,273.87,66.32,265.75,0.575,-1,-1,-1
718,2,924.26,233.11,128.85,410.64,-1.000,-1,-1,-1
718,20,871.82,15.05,304.11,1035.76,0.888,-1,-1,-1
718,52,1549.10,116.19,162.37,621.44,-1.000,-1,-1,-1
718,53,350.54,179.19,153.65,574.35,0.901,-1,-1,-1
718,55,1243.81,314.64,60.01,201.44,0.850,-1,-1,-1
718,57,745.85,244.82,135.21,350.85,0.898,-1,-1,-1
718,58,1343.27,3.29,521.35,1010.00,0.844,-1,-1,-1
718,62,839.20,271.23,66.79,267.67,-1.000,-1,-1,-1
718,64,1216.08,301.73,52.54,187.62,0.671,-1,-1,-1
719,2,926.52,228.97,129.19,412.57,-1.000,-1,-1,-1
719,20,847.38,8.42,309.61,1042.16,0.914,-1,-1,-1
719,52,1513.32,139.81,147.79,563.25,-1.000,-1,-1,-1
719,53,345.67,176.32,155.23,579.54,0.904,-1,-1,-1
719,55,1246.46,322.24,58.66,194.31,0.827,-1,-1,-1
719,57,739.25,241.81,135.30,356.26,0.879,-1,-1,-1
719,58,1338.62,4.57,528.18,1004.19,0.868,-1,-1,-1
719,62,835.91,268.59,67.26,269.59,-1.000,-1,-1,-1
719,64,1216.72,300.72,52.72,188.32,0.713,-1,-1,-1
720,2,928.79,224.84,129.52,414.50,-1.000,-1,-1,-1
720,20,822.83,6.43,313.71,1041.56,0.914,-1,-1,-1
720,52,1477.54,163.44,133.22,505.06,-1.000,-1,-1,-1
720,53,341.48,174.73,156.64,583.84,0.908,-1,-1,-1
720,55,1247.07,315.63,61.73,203.03,0.850,-1,-1,-1
720,57,732.64,239.01,134.48,358.96,0.694,-1,-1,-1
720,58,1337.83,6.63,533.89,998.74,0.867,-1,-1,-1
720,62,832.62,265.95,67.73,271.51,-1.000,-1,-1,-1
720,64,1217.56,300.10,52.73,188.53,0.694,-1,-1,-1
720,65,1102.03,169.53,110.54,514.21,0.846,-1,-1,-1
721,2,931.05,220.70,129.85,416.43,-1.000,-1,-1,-1
721,20,798.00,4.39,320.37,1049.63,0.922,-1,-1,-1
721,52,1441.76,187.06,118.64,446.87,-1.000,-1,-1,-1
721,53,336.88,172.57,158.08,587.49,0.907,-1,-1,-1
721,55,1247.60,311.65,63.52,207.16,0.847,-1,-1,-1
721,57,724.68,236.74,131.61,357.15,0.601,-1,-1,-1
721,58,1336.84,6.57,541.20,999.10,0.866,-1,-1,-1
721,62,829.34,263.31,68.21,273.43,-1.000,-1,-1,-1
721,64,1217.57,298.16,53.07,190.07,0.742,-1,-1,-1
721,65,1098.63,168.07,111.37,517.40,0.869,-1,-1,-1
722,2,933.31,216.56,130.18,418.36,-1.000,-1,-1,-1
722,20,777.50,4.79,322.65,1042.49,0.924,-1,-1,-1
722,52,1405.99,210.69,104.06,388.69,-1.000,-1,-1,-1
722,53,332.45,168.77,159.60,591.44,0.899,-1,-1,-1
722,55,1248.06,309.07,64.70,210.12,0.853,-1,-1,-1
722,57,727.37,255.05,106.29,290.48,0.502,-1,-1,-1
722,58,1336.83,7.34,546.26,996.91,0.877,-1,-1,-1
722,62,826.05,260.67,68.68,275.35,-1.000,-1,-1,-1
722,64,1217.29,298.25,52.24,187.33,0.747,-1,-1,-1
722,65,1099.20,165.14,111.57,516.22,0.860,-1,-1,-1
723,2,935.58,212.43,130.51,420.29,-1.000,-1,-1,-1
723,20,755.25,5.51,325.03,1035.20,0.918,-1,-1,-1
723,52,1370.21,234.32,89.48,330.50,-1.000,-1,-1,-1
723,53,327.58,165.63,160.90,594.80,0.901,-1,-1,-1
723,55,1248.82,308.24,64.81,209.39,0.848,-1,-1,-1
723,57,727.72,254.53,107.97,295.71,-1.000,-1,-1,-1
723,58,1339.46,8.30,548.49,991.51,0.874,-1,-1,-1
723,62,822.76,258.03,69.15,277.27,-1.000,-1,-1,-1
723,64,1216.68,298.26,51.88,186.40,0.743,-1,-1,-1
723,65,1098.92,163.28,111.57,511.63,0.872,-1,-1,-1
723,66,1301.66,109.69,171.62,554.73,0.852,-1,-1,-1
724,2,937.84,208.29,130.84,422.22,-1.000,-1,-1,-1
724,20,734.39,5.06,329.33,1032.05,0.917,-1,-1,-1
724,52,1334.43,257.94,74.90,272.31,-1.000,-1,-1,-1
724,53,322.60,162.45,161.95,598.02,0.894,-1,-1,-1
724,55,1251.65,308.84,61.70,196.65,0.724,-1,-1,-1
724,57,728.08,254.00,109.65,300.94,-1.000,-1,-1,-1
724,58,1338.82,10.89,560.67,1010.52,0.899,-1,-1,-1
724,62,819.48,255.39,69.62,279.19,-1.000,-1,-1,-1
724,64,1217.10,296.94,51.74,186.37,0.742,-1,-1,-1
724,65,1097.58,160.92,112.13,507.35,0.878,-1,-1,-1
724,66,1277.13,109.08,193.01,624.37,0.868,-1,-1,-1
725,2,940.11,204.15,131.18,424.15,-1.000,-1,-1,-1
725,20,710.57,4.50,333.68,1032.00,0.900,-1,-1,-1
725,52,1298.65,281.57,60.33,214.12,0.652,-1,-1,-1
725,53,317.04,158.47,163.06,602.25,0.901,-1,-1,-1
725,55,1256.08,310.14,53.99,168.27,0.147,-1,-1,-1
725,57,728.43,253.48,111.32,306.17,-1.000,-1,-1,-1
725,58,1338.64,12.52,564.91,1014.88,0.828,-1,-1,-1
725,62,816.19,252.76,70.09,281.11,-1.000,-1,-1,-1
725,64,1216.19,294.84,51.92,187.74,0.757,-1,-1,-1
725,65,1086.44,157.44,114.29,506.80,0.891,-1,-1,-1
725,66,1255.30,106.51,203.11,655.77,0.910,-1,-1,-1
726,2,942.37,200.02,131.51,426.08,-1.000,-1,-1,-1
726,20,681.85,5.21,338.08,1031.26,0.917,-1,-1,-1
726,52,1262.09,193.40,135.72,455.99,-1.000,-1,-1,-1
726,53,310.59,152.81,164.39,607.52,0.898,-1,-1,-1
726,55,1253.11,309.69,57.60,180.19,0.333,-1,-1,-1
726,57,728.78,252.96,113.00,311.40,-1.000,-1,-1,-1
726,58,1360.30,11.24,559.09,1007.43,0.771,-1,-1,-1
726,62,812.90,250.12,70.56,283.03,-1.000,-1,-1,-1
726,64,1216.33,292.60,50.06,181.11,0.722,-1,-1,-1
726,65,1081.07,155.71,116.30,505.14,0.875,-1,-1,-1
726,66,1233.33,104.50,216.56,697.10,0.909,-1,-1,-1
727,2,944.63,195.88,131.84,428.01,0.727,-1,-1,-1
727,20,646.20,5.61,346.20,1041.01,0.914,-1,-1,-1
727,52,1225.52,105.23,211.11,697.86,0.920,-1,-1,-1
727,53,301.27,146.27,166.24,614.19,0.911,-1,-1,-1
727,55,1247.49,307.50,59.77,187.88,0.139,-1,-1,-1
727,57,729.14,252.44,114.67,316.63,-1.000,-1,-1,-1
727,58,1389.81,13.21,557.79,1016.64,0.771,-1,-1,-1
727,62,809.62,247.48,71.03,284.95,-1.000,-1,-1,-1
727,64,1211.48,291.40,52.84,191.34,0.212,-1,-1,-1
727,65,1073.52,153.03,118.76,506.48,0.848,-1,-1,-1
727,66,1217.62,104.36,220.84,705.61,-1.000,-1,-1,-1
728,2,940.18,191.20,130.71,432.13,0.858,-1,-1,-1
728,20,608.59,5.56,353.80,1045.75,0.913,-1,-1,-1
728,52,1193.42,97.48,228.65,714.33,-1.000,-1,-1,-1
728,53,291.76,141.24,167.54,618.02,0.910,-1,-1,-1
728,55,1243.22,305.41,59.94,188.67,-1.000,-1,-1,-1
728,57,729.49,251.91,116.35,321.86,-1.000,-1,-1,-1
728,58,1431.48,13.53,550.71,1023.56,0.709,-1,-1,-1
728,62,806.33,244.84,71.50,286.87,-1.000,-1,-1,-1
728,64,1212.35,290.22,52.72,192.39,0.574,-1,-1,-1
728,65,1068.79,148.06,122.05,509.68,0.888,-1,-1,-1
728,66,1201.91,104.22,225.13,714.13,0.893,-1,-1,-1
729,2,933.32,188.45,129.65,433.17,0.863,-1,-1,-1
729,20,567.37,5.05,361.68,1046.87,0.924,-1,-1,-1
729,52,1161.32,89.73,246.20,730.80,0.923,-1,-1,-1
729,53,280.94,134.71,168.94,623.02,0.911,-1,-1,-1
729,55,1238.95,303.32,60.10,189.46,-1.000,-1,-1,-1
729,57,729.84,251.39,118.03,327.09,-1.000,-1,-1,-1
729,62,803.04,242.20,71.97,288.79,-1.000,-1,-1,-1
729,64,1209.73,286.68,52.41,192.28,0.537,-1,-1,-1
729,65,1062.47,144.31,124.57,510.75,0.892,-1,-1,-1
729,66,1184.87,101.94,228.77,714.07,-1.000,-1,-1,-1
729,67,1550.15,317.44,32.45,29.02,0.609,-1,-1,-1
730,2,921.83,187.09,129.56,433.73,0.876,-1,-1,-1
730,20,523.97,5.63,370.04,1044.36,0.927,-1,-1,-1
730,52,1149.82,91.41,253.05,724.60,-1.000,-1,-1,-1
730,53,270.17,127.54,170.87,629.19,0.907,-1,-1,-1
730,55,1234.68,301.23,60.26,190.26,-1.000,-1,-1,-1
730,57,730.20,250.87,119.70,332.32,-1.000,-1,-1,-1
730,62,799.76,239.56,72.44,290.71,-1.000,-1,-1,-1
730,64,1201.52,283.46,52.16,191.20,0.123,-1,-1,-1
730,65,1055.38,140.50,127.36,513.71,0.878,-1,-1,-1
730,66,1167.82,99.66,232.40,714.02,0.922,-1,-1,-1
730,67,1546.52,316.29,31.98,28.62,0.504,-1,-1,-1
731,2,915.47,186.12,130.42,433.76,0.876,-1,-1,-1
731,20,475.29,5.99,384.85,1058.81,0.935,-1,-1,-1
731,52,1138.33,93.10,259.90,718.39,0.921,-1,-1,-1
731,53,259.11,121.10,172.69,636.20,0.890,-1,-1,-1
731,55,1230.41,299.14,60.43,191.05,-1.000,-1,-1,-1
731,57,730.55,250.34,121.38,337.55,-1.000,-1,-1,-1
731,62,796.47,236.92,72.92,292.63,-1.000,-1,-1,-1
731,64,1190.58,280.79,53.06,194.60,-1.000,-1,-1,-1
731,65,1050.21,139.24,129.47,515.55,0.832,-1,-1,-1
731,66,1155.78,96.60,237.64,716.73,-1.000,-1,-1,-1
731,67,1541.38,315.94,31.17,27.90,0.216,-1,-1,-1
732,2,910.70,183.88,131.90,434.97,0.831,-1,-1,-1
732,20,425.79,6.19,393.77,1050.61,0.921,-1,-1,-1
732,52,1124.43,87.95,268.85,722.78,-1.000,-1,-1,-1
732,53,243.71,116.24,173.14,640.97,0.885,-1,-1,-1
732,55,1226.14,297.05,60.59,191.85,-1.000,-1,-1,-1
732,57,730.91,249.82,123.06,342.77,-1.000,-1,-1,-1
732,62,793.18,234.28,73.39,294.55,-1.000,-1,-1,-1
732,64,1179.65,278.11,53.97,198.00,-1.000,-1,-1,-1
732,65,1044.97,137.18,131.14,517.83,0.820,-1,-1,-1
732,66,1143.73,93.55,242.88,719.43,0.927,-1,-1,-1
732,67,1537.40,314.61,30.55,27.36,0.101,-1,-1,-1
733,2,905.00,180.00,132.72,435.86,0.861,-1,-1,-1
733,20,367.23,5.24,408.30,1051.32,0.917,-1,-1,-1
733,52,1110.53,82.81,277.80,727.16,0.923,-1,-1,-1
733,53,219.21,109.58,170.94,642.74,0.560,-1,-1,-1
733,55,1221.87,294.96,60.76,192.64,-1.000,-1,-1,-1
733,57,731.26,249.30,124.73,348.00,-1.000,-1,-1,-1
733,62,789.90,231.65,73.86,296.47,-1.000,-1,-1,-1
733,64,1168.72,275.44,54.88,201.41,-1.000,-1,-1,-1
733,65,1036.64,133.66,132.35,518.92,0.805,-1,-1,-1
733,66,1129.86,88.88,249.04,726.55,-1.000,-1,-1,-1
733,67,1531.28,310.65,30.67,27.47,0.146,-1,-1,-1
734,2,899.69,181.55,133.17,435.36,0.869,-1,-1,-1
734,20,309.54,10.43,421.16,1045.56,0.907,-1,-1,-1
734,52,1093.90,82.96,283.23,730.35,-1.000,-1,-1,-1
734,53,199.59,106.09,173.28,651.47,-1.000,-1,-1,-1
734,55,1217.60,292.87,60.92,193.43,-1.000,-1,-1,-1
734,57,731.61,248.78,126.41,353.23,0.547,-1,-1,-1
734,62,786.61,229.01,74.33,298.39,0.521,-1,-1,-1
734,64,1157.79,272.76,55.79,204.81,-1.000,-1,-1,-1
734,65,1029.83,136.40,133.84,521.52,0.845,-1,-1,-1
734,66,1116.00,84.22,255.21,733.67,0.916,-1,-1,-1
734,67,1527.41,313.00,30.55,27.43,0.423,-1,-1,-1
735,2,891.51,180.94,133.26,435.01,0.875,-1,-1,-1
735,20,251.30,13.35,435.52,1046.74,0.857,-1,-1,-1
735,52,1077.27,83.11,288.66,733.54,0.921,-1,-1,-1
735,53,179.97,102.60,175.63,660.20,-1.000,-1,-1,-1
735,55,1213.33,290.78,61.08,194.23,-1.000,-1,-1,-1
735,57,717.98,207.15,138.36,400.93,0.809,-1,-1,-1
735,62,777.98,227.74,73.88,297.25,0.189,-1,-1,-1
735,64,1146.85,270.08,56.70,208.21,-1.000,-1,-1,-1
735,65,1018.15,135.44,133.85,523.31,0.826,-1,-1,-1
735,66,1088.90,96.02,230.47,663.29,-1.000,-1,-1,-1
735,67,1519.41,313.41,30.73,27.67,0.417,-1,-1,-1
736,2,885.54,176.63,134.32,439.42,0.854,-1,-1,-1
736,20,191.99,12.26,449.85,1046.97,0.835,-1,-1,-1
736,52,1058.49,77.27,291.98,735.65,0.927,-1,-1,-1
736,53,160.35,99.11,177.97,668.93,-1.000,-1,-1,-1
736,55,1209.07,288.69,61.25,195.02,-1.000,-1,-1,-1
736,57,706.18,190.37,142.43,418.95,0.870,-1,-1,-1
736,62,771.28,225.86,74.61,302.39,0.532,-1,-1,-1
736,64,1135.92,267.41,57.60,211.62,-1.000,-1,-1,-1
736,65,1007.69,135.74,133.17,523.86,0.809,-1,-1,-1
736,66,1061.81,107.81,205.72,592.90,-1.000,-1,-1,-1
736,67,1512.08,312.33,31.76,28.71,0.382,-1,-1,-1
737,2,878.47,176.92,132.99,435.58,0.863,-1,-1,-1
737,20,130.04,11.58,463.34,1034.94,0.865,-1,-1,-1
737,52,1038.33,74.42,290.03,734.28,0.890,-1,-1,-1
737,53,140.74,95.62,180.31,677.66,-1.000,-1,-1,-1
737,55,1204.80,286.60,61.41,195.81,-1.000,-1,-1,-1
737,57,686.58,181.13,145.79,429.24,0.851,-1,-1,-1
737,62,762.84,223.15,74.94,305.38,0.329,-1,-1,-1
737,64,1124.99,264.73,58.51,215.02,-1.000,-1,-1,-1
737,65,996.46,140.22,130.01,515.28,0.742,-1,-1,-1
737,66,1034.71,119.61,180.98,522.51,-1.000,-1,-1,-1
738,2,863.89,174.79,133.16,436.62,0.869,-1,-1,-1
738,20,90.02,11.44,475.57,1028.77,0.850,-1,-1,-1
738,52,1007.06,71.78,285.97,734.17,0.878,-1,-1,-1
738,53,121.12,92.13,182.66,686.40,-1.000,-1,-1,-1
738,55,1200.53,284.51,61.57,196.61,0.681,-1,-1,-1
738,57,657.47,174.11,150.36,436.59,0.899,-1,-1,-1
738,62,746.11,220.12,74.64,306.12,0.356,-1,-1,-1
738,64,1114.05,262.05,59.42,218.42,-1.000,-1,-1,-1
738,65,975.42,144.19,128.66,514.50,0.636,-1,-1,-1
738,66,1007.62,131.40,156.24,452.13,0.511,-1,-1,-1
739,2,845.23,178.52,132.53,433.50,0.867,-1,-1,-1
739,20,67.82,14.43,478.10,1009.95,0.767,-1,-1,-1
739,52,974.27,72.55,281.44,740.53,0.878,-1,-1,-1
739,53,101.50,88.64,185.00,695.13,-1.000,-1,-1,-1
739,55,1178.36,286.60,61.80,195.99,0.824,-1,-1,-1
739,57,631.08,172.07,154.51,443.69,0.911,-1,-1,-1
739,62,724.52,221.49,74.78,309.29,0.364,-1,-1,-1
739,64,1103.12,259.38,60.33,221.83,-1.000,-1,-1,-1
739,65,953.62,154.65,126.23,509.01,0.604,-1,-1,-1
739,66,981.24,103.45,197.47,578.72,-1.000,-1,-1,-1
740,2,831.36,179.10,132.40,431.17,0.890,-1,-1,-1
740,20,46.59,15.95,488.47,1017.14,0.786,-1,-1,-1
740,52,945.17,71.15,278.37,742.53,-1.000,-1,-1,-1
740,53,81.89,85.14,187.35,703.86,-1.000,-1,-1,-1
740,55,1161.28,288.40,62.29,194.90,0.836,-1,-1,-1
740,57,612.23,168.28,158.36,450.44,0.902,-1,-1,-1
740,64,1092.19,256.70,61.24,225.23,-1.000,-1,-1,-1
740,65,964.19,162.52,120.95,486.50,-1.000,-1,-1,-1
740,66,954.86,75.49,238.70,705.32,0.850,-1,-1,-1
741,2,820.80,178.38,133.83,432.67,0.883,-1,-1,-1
741,20,23.21,18.91,492.33,1016.63,0.751,-1,-1,-1
741,52,916.08,69.76,275.29,744.53,0.851,-1,-1,-1
741,53,62.27,81.65,189.69,712.59,-1.000,-1,-1,-1
741,55,1150.60,288.89,66.69,211.55,0.830,-1,-1,-1
741,57,597.99,164.94,162.24,457.28,0.907,-1,-1,-1
741,64,1081.26,254.02,62.14,228.63,-1.000,-1,-1,-1
741,65,974.76,170.39,115.67,463.99,-1.000,-1,-1,-1
741,66,928.12,71.47,244.33,728.24,-1.000,-1,-1,-1
742,2,806.54,180.04,135.60,432.87,0.889,-1,-1,-1
742,20,-16.17,18.63,493.81,1025.16,0.731,-1,-1,-1
742,52,892.10,71.31,274.10,748.50,-1.000,-1,-1,-1
742,53,42.65,78.16,192.03,721.32,-1.000,-1,-1,-1
742,55,1136.92,286.20,71.58,233.71,0.831,-1,-1,-1
742,57,582.69,163.16,165.64,463.84,0.895,-1,-1,-1
742,64,1070.32,251.35,63.05,232.04,-1.000,-1,-1,-1
742,65,985.33,178.26,110.39,441.48,-1.000,-1,-1,-1
742,66,901.38,67.44,249.96,751.16,0.874,-1,-1,-1
743,2,792.91,179.81,137.84,434.50,0.880,-1,-1,-1
743,20,-68.54,31.68,470.06,1000.78,0.784,-1,-1,-1
743,52,868.13,72.86,272.91,752.47,0.890,-1,-1,-1
743,53,23.03,74.67,194.38,730.06,-1.000,-1,-1,-1
743,55,1125.40,286.11,72.20,240.43,0.806,-1,-1,-1
743,57,567.15,159.77,168.75,470.08,0.892,-1,-1,-1
743,64,1059.39,248.67,63.96,235.44,-1.000,-1,-1,-1
743,65,995.90,186.12,105.11,418.97,-1.000,-1,-1,-1
743,66,868.16,66.16,253.64,755.28,-1.000,-1,-1,-1
743,68,1095.86,230.44,48.64,250.87,0.816,-1,-1,-1
744,2,778.68,179.94,140.23,435.19,0.887,-1,-1,-1
744,52,839.85,68.74,272.50,758.87,0.850,-1,-1,-1
744,53,3.42,71.18,196.72,738.79,0.884,-1,-1,-1
744,55,1116.36,285.64,70.26,240.61,0.826,-1,-1,-1
744,57,551.11,159.78,171.84,476.08,0.890,-1,-1,-1
744,64,1048.46,246.00,64.87,238.84,-1.000,-1,-1,-1
744,65,1006.47,193.99,99.83,396.46,-1.000,-1,-1,-1
744,66,834.93,64.89,257.32,759.41,-1.000,-1,-1,-1
744,68,1079.89,226.36,57.55,295.05,0.846,-1,-1,-1
744,69,1787.62,318.61,124.85,107.52,0.689,-1,-1,-1
745,2,760.81,180.52,140.94,435.36,0.858,-1,-1,-1
745,52,799.40,66.19,274.13,762.69,0.868,-1,-1,-1
745,53,-11.11,66.39,197.46,753.23,0.902,-1,-1,-1
745,55,1107.38,284.16,69.90,244.30,0.744,-1,-1,-1
745,57,534.89,157.53,176.48,486.17,0.913,-1,-1,-1
745,64,1037.53,243.32,65.78,242.25,0.662,-1,-1,-1
745,65,1017.04,201.86,94.55,373.95,-1.000,-1,-1,-1
745,66,801.70,63.62,261.00,763.53,-1.000,-1,-1,-1
745,68,1070.16,224.25,61.44,312.58,0.802,-1,-1,-1
745,69,1780.98,319.01,123.32,106.07,0.549,-1,-1,-1
746,2,743.31,181.41,140.91,435.08,0.823,-1,-1,-1
746,52,758.70,62.67,279.24,766.18,0.871,-1,-1,-1
746,53,-22.17,60.39,195.08,765.17,0.908,-1,-1,-1
746,55,1097.74,288.75,68.19,241.48,0.578,-1,-1,-1
746,57,518.05,154.03,180.86,495.44,0.896,-1,-1,-1
746,64,1024.06,240.88,67.49,248.35,0.574,-1,-1,-1
746,65,1027.61,209.73,89.27,351.44,-1.000,-1,-1,-1
746,66,768.47,62.34,264.68,767.65,-1.000,-1,-1,-1
746,68,1061.22,223.07,63.50,319.17,0.841,-1,-1,-1
746,69,1773.70,318.41,122.24,104.97,0.709,-1,-1,-1
747,2,724.86,182.26,137.57,427.40,0.812,-1,-1,-1
747,52,727.81,60.69,285.56,770.10,-1.000,-1,-1,-1
747,53,-32.22,53.52,191.87,777.89,0.861,-1,-1,-1
747,55,1088.76,300.62,65.17,231.47,0.300,-1,-1,-1
747,57,500.56,152.75,183.11,499.56,0.866,-1,-1,-1
747,64,1013.00,237.57,69.96,257.31,0.772,-1,-1,-1
747,65,1038.18,217.60,83.99,328.93,0.845,-1,-1,-1
747,66,735.24,61.07,268.36,771.77,0.900,-1,-1,-1
747,68,1056.09,221.99,64.57,320.81,-1.000,-1,-1,-1
747,69,1765.81,318.89,120.56,103.31,0.711,-1,-1,-1
748,2,711.63,181.54,133.13,419.13,0.688,-1,-1,-1
748,52,696.93,58.71,291.88,774.02,0.905,-1,-1,-1
748,53,-38.88,58.29,185.38,781.12,0.855,-1,-1,-1
748,55,1080.76,317.40,60.89,216.22,0.406,-1,-1,-1
748,57,485.58,151.91,186.75,506.12,0.914,-1,-1,-1
748,64,1000.30,236.05,77.07,288.99,0.796,-1,-1,-1
748,65,994.58,188.07,86.05,337.27,-1.000,-1,-1,-1
748,66,711.15,60.26,276.29,775.14,-1.000,-1,-1,-1
748,68,1050.96,220.91,65.63,322.46,0.870,-1,-1,-1
748,69,1758.81,319.48,119.19,101.80,0.732,-1,-1,-1
749,2,693.83,219.22,112.35,358.35,0.637,-1,-1,-1
749,52,741.55,86.31,257.83,694.13,-1.000,-1,-1,-1
749,53,-43.85,69.04,177.24,776.34,0.799,-1,-1,-1
749,55,1075.97,334.09,57.15,201.94,0.414,-1,-1,-1
749,57,472.30,150.91,189.99,512.96,0.850,-1,-1,-1
749,64,987.26,236.83,81.85,306.16,0.866,-1,-1,-1
749,65,950.99,158.55,88.12,345.61,0.693,-1,-1,-1
749,66,687.06,59.45,284.21,778.51,0.919,-1,-1,-1
749,68,1047.32,222.44,67.37,322.12,0.878,-1,-1,-1
749,69,1753.05,320.12,119.70,101.81,0.764,-1,-1,-1
750,2,677.92,243.34,100.33,323.91,0.611,-1,-1,-1
750,52,786.18,113.91,223.78,614.24,0.741,-1,-1,-1
750,53,-44.23,123.13,161.52,731.93,0.743,-1,-1,-1
750,55,1071.80,344.91,55.27,194.69,0.377,-1,-1,-1
750,57,454.71,151.03,194.97,525.57,0.852,-1,-1,-1
750,64,977.13,238.77,85.28,317.06,0.868,-1,-1,-1
750,65,923.15,151.44,100.98,397.62,-1.000,-1,-1,-1
750,66,669.59,63.10,296.93,782.21,0.917,-1,-1,-1
750,68,1042.69,225.98,68.72,321.37,0.814,-1,-1,-1
750,69,1749.21,322.14,120.15,101.85,0.610,-1,-1,-1
751,2,668.19,258.52,92.67,304.70,0.650,-1,-1,-1
751,52,724.94,86.52,256.40,693.75,-1.000,-1,-1,-1
751,53,-43.40,182.38,146.38,680.91,0.599,-1,-1,-1
751,55,1070.38,357.12,52.34,183.86,0.183,-1,-1,-1
751,57,439.07,148.91,198.93,536.77,0.825,-1,-1,-1
751,64,970.65,239.79,87.97,324.37,0.883,-1,-1,-1
751,65,895.31,144.34,113.84,449.64,0.860,-1,-1,-1
751,66,652.88,62.09,308.03,788.94,0.914,-1,-1,-1
751,68,1039.30,227.19,71.03,323.80,0.843,-1,-1,-1
751,69,1746.51,321.64,122.45,103.33,0.651,-1,-1,-1
752,2,674.48,251.35,97.01,320.21,-1.000,-1,-1,-1
752,52,663.69,59.12,289.01,773.26,0.906,-1,-1,-1
752,55,1052.07,305.12,70.39,245.43,-1.000,-1,-1,-1
752,57,428.05,144.72,202.90,546.77,0.881,-1,-1,-1
752,64,965.68,239.21,90.55,331.00,0.869,-1,-1,-1
752,65,875.97,140.42,123.81,490.96,0.853,-1,-1,-1
752,66,636.16,56.15,314.73,801.29,-1.000,-1,-1,-1
752,68,1037.40,226.59,73.97,329.63,0.855,-1,-1,-1
752,69,1746.64,321.80,123.76,104.03,0.690,-1,-1,-1
753,2,680.78,244.18,101.35,335.73,-1.000,-1,-1,-1
753,52,638.34,52.84,298.91,795.68,-1.000,-1,-1,-1
753,55,1033.75,253.13,88.44,307.01,0.859,-1,-1,-1
753,57,416.57,143.52,205.98,555.04,0.837,-1,-1,-1
753,64,962.98,241.38,92.76,335.35,0.884,-1,-1,-1
753,65,863.20,140.90,129.80,516.13,0.870,-1,-1,-1
753,66,619.43,50.21,321.44,813.63,0.905,-1,-1,-1
753,68,1037.69,228.35,75.55,331.75,-1.000,-1,-1,-1
753,69,1746.68,324.15,125.56,105.00,0.816,-1,-1,-1
753,70,1853.88,340.13,62.71,348.90,0.659,-1,-1,-1
754,2,687.07,237.01,105.69,351.25,-1.000,-1,-1,-1
754,52,612.99,46.55,308.81,818.09,0.887,-1,-1,-1
754,55,1031.17,242.76,92.97,319.50,-1.000,-1,-1,-1
754,57,407.63,141.02,209.16,562.59,0.867,-1,-1,-1
754,64,962.26,244.51,93.92,335.16,0.893,-1,-1,-1
754,65,847.64,143.82,135.30,526.85,0.883,-1,-1,-1
754,66,598.06,47.49,325.55,825.12,-1.000,-1,-1,-1
754,68,1037.98,230.10,77.14,333.86,0.855,-1,-1,-1
754,69,1747.12,325.66,126.42,105.11,0.792,-1,-1,-1
754,70,1846.25,323.95,64.07,354.77,0.746,-1,-1,-1
755,2,693.37,229.84,110.04,366.76,-1.000,-1,-1,-1
755,52,581.67,43.14,315.45,832.50,-1.000,-1,-1,-1
755,55,1028.59,232.38,97.50,331.98,0.877,-1,-1,-1
755,57,398.88,136.24,212.90,570.28,0.910,-1,-1,-1
755,64,961.56,244.26,95.53,336.86,0.886,-1,-1,-1
755,65,840.08,145.54,139.01,531.24,0.883,-1,-1,-1
755,66,576.69,44.76,329.66,836.61,0.910,-1,-1,-1
755,68,1039.87,229.28,79.20,336.57,-1.000,-1,-1,-1
755,69,1748.57,323.25,129.12,106.71,0.768,-1,-1,-1
755,70,1839.63,308.37,65.93,362.02,0.740,-1,-1,-1
756,2,699.66,222.67,114.38,382.28,-1.000,-1,-1,-1
756,52,550.36,39.73,322.08,846.90,0.907,-1,-1,-1
756,55,1030.83,230.39,99.59,334.44,-1.000,-1,-1,-1
756,57,390.56,133.89,215.83,577.68,0.867,-1,-1,-1
756,64,962.25,245.19,97.85,340.78,0.885,-1,-1,-1
756,65,837.69,149.43,141.50,533.01,0.873,-1,-1,-1
756,66,597.66,97.88,294.45,752.57,-1.000,-1,-1,-1
756,68,1041.77,228.45,81.26,339.28,0.874,-1,-1,-1
756,69,1751.56,323.70,130.33,107.29,0.635,-1,-1,-1
756,70,1835.51,298.14,66.29,360.13,0.669,-1,-1,-1
757,2,705.96,215.50,118.72,397.80,-1.000,-1,-1,-1
757,52,513.22,39.72,328.36,859.65,0.910,-1,-1,-1
757,55,1033.08,228.40,101.69,336.90,0.870,-1,-1,-1
757,57,380.83,132.46,218.03,584.62,0.898,-1,-1,-1
757,64,963.35,246.87,100.27,344.38,0.889,-1,-1,-1
757,65,833.26,153.54,142.74,534.20,0.867,-1,-1,-1
757,66,618.62,150.99,259.23,668.53,0.569,-1,-1,-1
757,68,1045.67,229.50,83.21,341.57,-1.000,-1,-1,-1
757,69,1753.96,327.48,132.30,108.51,0.805,-1,-1,-1
757,70,1830.16,292.16,69.60,374.54,0.576,-1,-1,-1
757,71,1444.37,325.82,28.92,29.74,0.659,-1,-1,-1
758,2,712.25,208.33,123.06,413.31,-1.000,-1,-1,-1
758,52,475.60,41.39,332.15,865.25,0.887,-1,-1,-1
758,55,1037.49,228.96,104.32,344.08,-1.000,-1,-1,-1
758,57,373.04,131.33,219.69,592.22,0.883,-1,-1,-1
758,64,966.16,248.12,102.76,348.99,0.882,-1,-1,-1
758,65,831.50,158.83,143.52,534.10,0.880,-1,-1,-1
758,66,589.33,137.69,270.68,699.28,-1.000,-1,-1,-1
758,68,1049.58,230.54,85.16,343.85,0.865,-1,-1,-1
758,69,1758.38,330.15,134.70,110.40,0.583,-1,-1,-1
758,70,1829.59,295.39,68.32,363.23,0.491,-1,-1,-1
758,71,1445.21,328.44,29.56,30.40,0.454,-1,-1,-1
759,2,718.55,201.16,127.41,428.83,0.798,-1,-1,-1
759,52,442.39,41.02,337.59,876.52,0.903,-1,-1,-1
759,55,1041.90,229.51,106.94,351.25,0.873,-1,-1,-1
759,57,366.59,133.45,219.85,597.05,0.891,-1,-1,-1
759,64,969.74,247.67,105.58,353.73,0.897,-1,-1,-1
759,65,831.49,163.42,143.72,532.55,0.890,-1,-1,-1
759,66,560.04,124.39,282.14,730.03,-1.000,-1,-1,-1
759,67,1352.59,327.67,36.00,33.34,0.579,-1,-1,-1
759,68,1053.49,230.33,88.03,350.96,-1.000,-1,-1,-1
759,69,1764.40,332.68,135.65,111.06,0.415,-1,-1,-1
759,70,1831.39,305.39,66.42,346.57,0.650,-1,-1,-1
759,71,1446.74,329.83,30.15,31.01,0.620,-1,-1,-1
760,2,722.13,197.98,128.83,438.71,0.843,-1,-1,-1
760,52,411.99,40.29,341.23,885.46,0.865,-1,-1,-1
760,55,1046.15,229.01,108.06,354.09,-1.000,-1,-1,-1
760,57,362.71,134.08,220.15,602.19,0.893,-1,-1,-1
760,64,974.02,247.04,108.17,357.61,0.903,-1,-1,-1
760,65,832.23,165.79,144.06,532.38,0.894,-1,-1,-1
760,66,530.76,111.09,293.59,760.78,-1.000,-1,-1,-1
760,67,1357.74,329.34,35.23,33.29,0.517,-1,-1,-1
760,68,1057.39,230.11,90.91,358.06,0.892,-1,-1,-1
760,69,1770.47,334.58,136.80,111.77,0.751,-1,-1,-1
760,70,1833.92,318.74,65.12,333.56,0.639,-1,-1,-1
760,71,1448.67,331.95,29.69,30.52,0.634,-1,-1,-1
761,2,722.12,198.54,129.15,441.28,0.885,-1,-1,-1
761,52,390.29,39.80,344.08,895.15,0.866,-1,-1,-1
761,55,1050.40,228.51,109.19,356.93,0.900,-1,-1,-1
761,57,360.13,134.47,221.76,610.49,0.894,-1,-1,-1
761,64,978.83,247.92,110.42,360.04,0.885,-1,-1,-1
761,65,833.47,167.90,143.97,531.37,0.898,-1,-1,-1
761,66,501.47,97.80,305.04,791.52,-1.000,-1,-1,-1
761,67,1362.36,332.35,34.76,33.41,0.354,-1,-1,-1
761,68,1061.40,230.28,92.61,362.12,-1.000,-1,-1,-1
761,69,1775.80,337.08,138.67,113.34,0.766,-1,-1,-1
761,70,1836.56,330.57,64.47,326.29,0.496,-1,-1,-1
761,71,1450.65,334.95,29.85,30.67,0.579,-1,-1,-1
762,2,716.98,200.78,132.07,446.80,0.903,-1,-1,-1
762,52,375.76,39.63,347.69,906.23,0.843,-1,-1,-1
762,55,1053.99,228.09,110.44,362.57,-1.000,-1,-1,-1
762,57,353.51,134.79,224.16,620.94,0.886,-1,-1,-1
762,64,983.96,247.85,112.76,362.70,0.883,-1,-1,-1
762,65,834.57,168.66,144.64,533.64,0.905,-1,-1,-1
762,66,472.18,84.50,316.49,822.27,-1.000,-1,-1,-1
762,67,1368.03,335.53,33.38,32.65,0.576,-1,-1,-1
762,68,1065.41,230.46,94.32,366.17,0.884,-1,-1,-1
762,69,1781.55,339.83,139.34,113.93,0.771,-1,-1,-1
762,70,1842.19,349.40,63.49,317.36,0.645,-1,-1,-1
762,71,1453.31,337.98,29.53,30.32,0.577,-1,-1,-1
763,2,715.87,202.88,134.63,449.94,0.906,-1,-1,-1
763,52,363.86,39.38,350.39,914.82,0.846,-1,-1,-1
763,55,1057.58,227.66,111.69,368.20,0.894,-1,-1,-1
763,57,337.75,135.36,221.14,619.46,0.880,-1,-1,-1
763,64,988.09,248.49,115.48,365.01,0.907,-1,-1,-1
763,65,835.54,168.66,145.15,534.43,0.900,-1,-1,-1
763,66,442.89,71.20,327.94,853.02,-1.000,-1,-1,-1
763,67,1373.12,337.94,33.01,32.72,0.579,-1,-1,-1
763,68,1068.73,230.42,95.30,369.35,-1.000,-1,-1,-1
763,69,1787.49,342.69,139.63,114.44,0.503,-1,-1,-1
763,70,1847.62,360.76,63.54,316.19,0.570,-1,-1,-1
763,71,1455.95,340.74,28.86,29.63,0.591,-1,-1,-1
764,2,718.51,204.93,136.83,451.05,0.889,-1,-1,-1
764,52,352.12,38.28,353.88,921.36,0.812,-1,-1,-1
764,55,1064.27,226.76,112.66,371.68,-1.000,-1,-1,-1
764,57,323.99,136.83,218.49,618.00,0.840,-1,-1,-1
764,64,992.33,246.02,119.44,370.54,0.895,-1,-1,-1
764,65,836.68,168.51,145.69,534.27,0.896,-1,-1,-1
764,66,413.60,57.90,339.39,883.77,-1.000,-1,-1,-1
764,67,1378.50,340.34,31.84,31.90,0.574,-1,-1,-1
764,68,1072.05,230.38,96.28,372.52,0.888,-1,-1,-1
764,69,1791.72,344.15,139.85,115.01,0.491,-1,-1,-1
764,70,1856.68,391.33,58.99,293.12,0.432,-1,-1,-1
764,71,1459.66,342.62,28.21,28.92,0.483,-1,-1,-1
765,2,720.97,206.41,137.49,450.94,0.884,-1,-1,-1
765,52,338.14,37.45,358.50,926.99,-1.000,-1,-1,-1
765,55,1070.96,225.86,113.64,375.16,-1.000,-1,-1,-1
765,57,312.81,138.37,216.28,617.63,0.738,-1,-1,-1
765,64,996.30,245.15,123.07,374.38,0.888,-1,-1,-1
765,65,838.35,167.01,145.39,530.79,0.894,-1,-1,-1
765,66,384.31,44.61,350.85,914.51,0.840,-1,-1,-1
765,67,1383.87,341.85,30.02,30.45,0.619,-1,-1,-1
765,68,1075.35,228.65,97.81,377.55,0.866,-1,-1,-1
765,69,1797.42,345.83,137.91,114.13,0.525,-1,-1,-1
765,70,1866.47,419.52,54.55,272.15,0.243,-1,-1,-1
765,71,1463.07,343.48,28.14,28.82,0.465,-1,-1,-1
766,2,723.73,208.03,137.88,449.61,0.883,-1,-1,-1
766,52,324.15,36.62,363.12,932.61,0.889,-1,-1,-1
766,55,1077.65,224.96,114.62,378.63,0.872,-1,-1,-1
766,57,311.42,181.97,204.69,580.81,0.117,-1,-1,-1
766,64,999.54,243.21,127.40,379.66,0.897,-1,-1,-1
766,65,840.62,165.33,144.58,524.13,0.889,-1,-1,-1
766,66,359.62,41.54,357.12,922.45,-1.000,-1,-1,-1
766,67,1388.52,342.13,29.54,30.14,0.524,-1,-1,-1
766,68,1082.50,227.50,99.58,380.73,-1.000,-1,-1,-1
766,69,1803.33,346.48,135.17,112.62,0.417,-1,-1,-1
766,71,1466.37,343.83,27.31,27.91,0.373,-1,-1,-1
766,72,654.25,278.28,77.13,332.12,0.787,-1,-1,-1
767,2,727.37,208.71,138.12,447.48,0.895,-1,-1,-1
767,52,310.51,35.43,369.90,937.75,0.860,-1,-1,-1
767,55,1081.32,223.87,116.34,383.32,-1.000,-1,-1,-1
767,57,322.89,168.66,211.65,603.21,-1.000,-1,-1,-1
767,64,1001.65,243.18,131.13,382.68,0.874,-1,-1,-1
767,65,842.40,163.27,144.35,520.81,0.870,-1,-1,-1
767,66,334.92,38.47,363.39,930.39,-1.000,-1,-1,-1
767,67,1391.94,341.66,29.35,30.10,0.444,-1,-1,-1
767,68,1089.65,226.36,101.35,383.90,0.859,-1,-1,-1
767,69,1808.54,346.36,131.11,110.10,0.422,-1,-1,-1
767,71,1468.54,343.80,27.14,27.72,0.509,-1,-1,-1
767,72,649.37,275.29,78.64,336.99,0.831,-1,-1,-1
768,2,729.23,208.90,137.85,445.26,0.893,-1,-1,-1
768,52,294.48,35.91,375.92,939.33,0.854,-1,-1,-1
768,55,1085.00,222.77,118.07,388.01,0.860,-1,-1,-1
768,57,334.36,155.36,218.62,625.62,-1.000,-1,-1,-1
768,64,1003.01,242.70,135.90,387.54,0.890,-1,-1,-1
768,65,843.26,160.92,143.97,518.39,0.870,-1,-1,-1
768,66,310.23,35.41,369.66,938.33,-1.000,-1,-1,-1
768,67,1394.18,341.77,28.78,29.55,0.427,-1,-1,-1
768,68,1091.04,225.27,103.28,388.74,-1.000,-1,-1,-1
768,71,1469.01,343.97,26.78,27.32,0.595,-1,-1,-1
768,72,646.16,272.44,79.96,340.49,0.827,-1,-1,-1
769,2,729.81,207.94,137.71,444.67,0.887,-1,-1,-1
769,52,274.20,32.18,383.21,947.65,-1.000,-1,-1,-1
769,55,1084.63,221.77,119.28,393.50,-1.000,-1,-1,-1
769,57,345.83,142.06,225.58,648.03,-1.000,-1,-1,-1
769,64,1002.07,242.95,140.13,389.71,0.888,-1,-1,-1
769,65,841.00,159.93,144.17,516.20,0.888,-1,-1,-1
769,66,285.54,32.34,375.94,946.27,0.872,-1,-1,-1
769,67,1395.80,341.98,29.20,29.87,0.459,-1,-1,-1
769,68,1092.43,224.17,105.22,393.58,0.860,-1,-1,-1
769,71,1468.83,344.81,26.59,27.09,0.576,-1,-1,-1
769,72,643.66,270.23,81.16,342.87,0.825,-1,-1,-1
770,2,729.30,204.79,137.73,445.91,0.883,-1,-1,-1
770,52,253.92,28.45,390.50,955.98,0.906,-1,-1,-1
770,55,1084.27,220.76,120.50,399.00,0.844,-1,-1,-1
770,57,357.30,128.75,232.55,670.43,-1.000,-1,-1,-1
770,64,999.02,242.55,144.61,391.77,0.882,-1,-1,-1
770,65,839.93,157.67,144.72,517.08,0.843,-1,-1,-1
770,66,258.88,28.89,383.00,947.72,-1.000,-1,-1,-1
770,67,1397.94,339.57,29.43,30.11,0.438,-1,-1,-1
770,68,1090.66,221.97,106.27,397.97,-1.000,-1,-1,-1
770,71,1468.47,343.91,26.13,26.59,0.550,-1,-1,-1
770,72,641.04,265.97,83.02,347.18,0.831,-1,-1,-1
771,2,726.88,201.38,137.15,445.27,0.882,-1,-1,-1
771,52,230.11,27.88,395.78,961.71,-1.000,-1,-1,-1
771,55,1082.97,217.45,122.18,403.69,-1.000,-1,-1,-1
771,57,368.77,115.45,239.51,692.84,-1.000,-1,-1,-1
771,64,994.53,240.32,150.06,395.52,0.895,-1,-1,-1
771,65,837.74,154.16,145.48,518.46,0.850,-1,-1,-1
771,66,232.22,25.44,390.07,949.17,0.886,-1,-1,-1
771,67,1397.52,337.11,29.74,30.44,0.232,-1,-1,-1
771,68,1088.90,219.76,107.33,402.37,0.831,-1,-1,-1
771,71,1465.97,341.80,26.27,26.76,0.229,-1,-1,-1
771,72,637.08,260.27,84.91,351.38,0.774,-1,-1,-1
772,2,725.44,200.18,135.57,442.05,0.886,-1,-1,-1
772,52,206.31,27.32,401.05,967.44,0.883,-1,-1,-1
772,55,1081.66,214.14,123.86,408.38,-1.000,-1,-1,-1
772,57,380.24,102.15,246.48,715.25,-1.000,-1,-1,-1
772,64,992.26,242.03,155.40,400.65,0.901,-1,-1,-1
772,65,832.85,155.05,146.44,521.53,0.882,-1,-1,-1
772,66,207.26,26.18,391.57,944.68,-1.000,-1,-1,-1
772,67,1396.86,339.46,29.51,30.35,0.537,-1,-1,-1
772,68,1086.61,218.54,109.06,409.70,0.844,-1,-1,-1
772,71,1463.58,344.40,26.14,26.62,0.284,-1,-1,-1
772,72,633.97,259.77,86.66,354.75,0.814,-1,-1,-1
773,2,721.25,198.15,134.10,438.31,0.893,-1,-1,-1
773,52,257.51,41.02,366.17,895.34,-1.000,-1,-1,-1
773,55,1080.36,210.83,125.54,413.07,-1.000,-1,-1,-1
773,57,391.71,88.85,253.44,737.65,0.749,-1,-1,-1
773,64,986.49,240.83,160.83,406.27,0.918,-1,-1,-1
773,65,826.68,154.50,147.62,524.43,0.889,-1,-1,-1
773,66,182.31,26.91,393.07,940.20,0.853,-1,-1,-1
773,67,1393.04,339.07,29.57,30.55,0.448,-1,-1,-1
773,68,1084.00,215.82,110.33,414.23,0.873,-1,-1,-1
773,71,1458.76,344.63,25.92,26.34,0.426,-1,-1,-1
773,72,628.53,257.55,88.20,356.77,0.819,-1,-1,-1
774,2,715.44,193.12,133.93,439.64,0.863,-1,-1,-1
774,52,308.71,54.72,331.29,823.24,0.815,-1,-1,-1
774,55,1079.06,207.52,127.21,417.75,-1.000,-1,-1,-1
774,57,392.40,75.86,253.95,748.72,-1.000,-1,-1,-1
774,64,981.11,238.11,165.50,410.78,0.920,-1,-1,-1
774,65,820.10,151.85,148.81,526.62,0.893,-1,-1,-1
774,66,147.72,20.28,397.53,952.69,0.871,-1,-1,-1
774,67,1389.11,337.03,29.67,30.87,0.481,-1,-1,-1
774,68,1082.74,210.37,112.12,419.83,0.871,-1,-1,-1
774,71,1454.30,342.88,25.68,26.03,0.427,-1,-1,-1
774,72,621.52,253.75,90.06,359.35,0.858,-1,-1,-1
775,2,708.18,190.52,132.50,436.10,0.853,-1,-1,-1
775,52,279.08,54.73,333.62,834.19,-1.000,-1,-1,-1
775,55,1077.76,204.21,128.89,422.44,-1.000,-1,-1,-1
775,57,393.08,62.88,254.45,759.78,0.872,-1,-1,-1
775,64,975.33,233.47,169.94,415.78,0.918,-1,-1,-1
775,65,815.13,149.77,149.31,527.41,0.905,-1,-1,-1
775,66,119.97,11.08,392.60,951.26,0.888,-1,-1,-1
775,67,1385.98,334.76,29.43,30.89,0.227,-1,-1,-1
775,68,1082.51,204.27,114.15,425.30,0.870,-1,-1,-1
775,71,1448.26,340.32,27.08,27.53,0.407,-1,-1,-1
775,72,615.07,250.27,91.79,361.34,0.872,-1,-1,-1
776,2,702.49,188.65,132.86,438.34,0.849,-1,-1,-1
776,52,249.44,54.74,335.96,845.15,-1.000,-1,-1,-1
776,55,1076.46,200.89,130.57,427.13,-1.000,-1,-1,-1
776,57,384.89,51.47,254.84,768.54,0.823,-1,-1,-1
776,64,970.27,229.36,173.35,420.60,0.912,-1,-1,-1
776,65,810.01,149.34,149.58,528.04,0.900,-1,-1,-1
776,66,95.45,6.65,385.89,948.59,0.913,-1,-1,-1
776,67,1381.87,333.37,29.23,31.01,0.464,-1,-1,-1
776,68,1082.92,198.01,116.34,430.09,0.885,-1,-1,-1
776,71,1441.69,338.64,27.80,28.36,0.352,-1,-1,-1
776,72,607.89,247.45,93.74,363.94,0.877,-1,-1,-1
777,2,695.59,188.28,134.16,442.19,0.844,-1,-1,-1
777,52,219.81,54.75,338.29,856.11,-1.000,-1,-1,-1
777,55,1075.16,197.58,132.25,431.82,-1.000,-1,-1,-1
777,57,372.38,45.02,258.32,784.87,0.854,-1,-1,-1
777,64,964.14,226.81,176.20,425.73,0.904,-1,-1,-1
777,65,804.65,150.82,150.16,529.05,0.888,-1,-1,-1
777,66,73.04,5.08,381.83,951.89,0.895,-1,-1,-1
777,67,1376.84,334.32,29.67,31.77,0.421,-1,-1,-1
777,68,1082.59,195.35,118.75,434.00,0.884,-1,-1,-1
777,71,1434.62,339.45,27.99,28.62,0.387,-1,-1,-1
777,72,599.23,246.86,95.31,365.37,0.857,-1,-1,-1
778,2,687.52,188.83,135.11,445.03,0.888,-1,-1,-1
778,52,190.18,54.76,340.63,867.07,-1.000,-1,-1,-1
778,55,1073.85,194.27,133.93,436.51,-1.000,-1,-1,-1
778,57,361.43,38.84,259.80,795.00,0.886,-1,-1,-1
778,64,957.90,224.47,178.24,430.31,0.899,-1,-1,-1
778,65,796.51,152.88,150.49,529.53,0.887,-1,-1,-1
778,66,50.38,6.64,379.58,959.74,0.890,-1,-1,-1
778,67,1370.30,334.95,29.62,32.03,0.505,-1,-1,-1
778,68,1080.25,192.86,121.68,437.61,0.891,-1,-1,-1
778,71,1426.47,339.39,28.26,28.96,0.425,-1,-1,-1
778,72,589.46,246.04,96.79,366.88,0.853,-1,-1,-1
779,2,680.19,186.12,135.78,449.63,0.873,-1,-1,-1
779,52,160.55,54.77,342.97,878.02,-1.000,-1,-1,-1
779,55,1072.55,190.96,135.61,441.20,0.878,-1,-1,-1
779,57,344.72,34.64,267.86,822.57,0.825,-1,-1,-1
779,64,952.04,219.13,180.06,435.99,0.887,-1,-1,-1
779,65,789.30,153.45,151.04,531.16,0.900,-1,-1,-1
779,66,25.75,7.63,378.23,971.53,0.900,-1,-1,-1
779,67,1361.63,335.01,29.58,32.06,0.564,-1,-1,-1
779,68,1078.02,191.80,124.20,442.52,-1.000,-1,-1,-1
779,71,1417.90,338.64,28.80,29.62,0.410,-1,-1,-1
779,72,580.25,244.94,98.11,368.61,0.846,-1,-1,-1
779,73,669.69,262.91,66.86,348.77,0.663,-1,-1,-1
780,2,673.98,188.89,136.09,452.21,0.843,-1,-1,-1
780,52,130.92,54.78,345.30,888.98,-1.000,-1,-1,-1
780,55,1070.42,189.88,138.53,447.49,-1.000,-1,-1,-1
780,57,328.49,30.66,276.30,852.02,0.861,-1,-1,-1
780,64,947.04,215.71,180.73,439.70,0.887,-1,-1,-1
780,65,782.80,154.49,151.39,531.89,0.884,-1,-1,-1
780,66,-0.63,9.61,378.10,984.97,0.915,-1,-1,-1
780,67,1355.56,335.39,28.96,31.50,0.527,-1,-1,-1
780,68,1075.78,190.74,126.72,447.44,0.889,-1,-1,-1
780,71,1410.06,338.14,28.90,29.84,0.405,-1,-1,-1
780,72,569.75,243.68,99.18,369.43,0.856,-1,-1,-1
780,73,660.98,259.21,67.71,352.71,0.617,-1,-1,-1
781,2,670.07,190.26,134.59,449.40,0.857,-1,-1,-1
781,52,101.29,54.78,347.64,899.94,-1.000,-1,-1,-1
781,53,551.77,243.54,91.57,377.26,0.859,-1,-1,-1
781,55,1068.29,188.80,141.46,453.77,0.882,-1,-1,-1
781,57,308.82,24.89,283.06,871.52,0.886,-1,-1,-1
781,64,943.97,212.71,181.01,443.74,0.891,-1,-1,-1
781,65,778.26,154.69,151.19,530.53,0.889,-1,-1,-1
781,66,-24.90,10.64,377.33,997.01,0.915,-1,-1,-1
781,67,1351.93,335.02,28.32,31.12,0.384,-1,-1,-1
781,68,1074.09,189.59,129.84,454.11,-1.000,-1,-1,-1
781,71,1403.76,337.26,28.72,29.81,0.332,-1,-1,-1
781,72,556.72,243.33,101.37,372.90,-1.000,-1,-1,-1
781,73,653.34,260.53,67.97,353.26,0.761,-1,-1,-1
782,2,667.37,191.53,133.45,447.12,0.860,-1,-1,-1
782,52,71.66,54.79,349.97,910.90,-1.000,-1,-1,-1
782,53,545.30,243.28,95.73,377.25,-1.000,-1,-1,-1
782,55,1067.52,187.55,143.88,458.14,-1.000,-1,-1,-1
782,57,289.60,22.38,292.93,899.90,0.890,-1,-1,-1
782,64,940.54,207.43,182.87,453.07,0.899,-1,-1,-1
782,65,773.92,155.27,151.13,528.97,0.890,-1,-1,-1
782,66,-36.34,8.20,367.64,986.51,0.901,-1,-1,-1
782,67,1349.41,334.26,27.83,30.77,0.421,-1,-1,-1
782,68,1072.40,188.43,132.96,460.79,0.879,-1,-1,-1
782,71,1398.37,336.02,29.01,30.30,0.361,-1,-1,-1
782,72,543.69,242.98,103.56,376.36,0.877,-1,-1,-1
782,73,646.30,259.22,68.48,354.27,0.772,-1,-1,-1
783,2,667.24,192.64,132.45,446.80,0.844,-1,-1,-1
783,52,42.03,54.80,352.31,921.85,-1.000,-1,-1,-1
783,53,538.84,243.03,99.90,377.23,0.871,-1,-1,-1
783,55,1066.74,186.30,146.31,462.51,0.888,-1,-1,-1
783,57,266.68,18.86,303.64,922.35,0.916,-1,-1,-1
783,64,939.59,205.15,185.03,464.31,0.902,-1,-1,-1
783,65,771.91,154.37,151.53,529.56,0.897,-1,-1,-1
783,66,-45.51,7.48,359.01,980.99,0.861,-1,-1,-1
783,67,1348.48,333.80,27.45,30.54,0.415,-1,-1,-1
783,68,1072.34,186.53,135.83,465.91,-1.000,-1,-1,-1
783,71,1386.85,335.46,45.09,48.42,0.512,-1,-1,-1
783,72,534.48,243.21,105.26,378.47,-1.000,-1,-1,-1
783,73,640.44,258.31,69.11,355.25,0.788,-1,-1,-1
784,2,668.72,192.79,131.05,445.78,0.837,-1,-1,-1
784,52,12.40,54.81,354.64,932.81,-1.000,-1,-1,-1
784,53,557.00,244.48,99.30,374.43,-1.000,-1,-1,-1
784,55,1067.58,184.84,149.23,468.11,-1.000,-1,-1,-1
784,57,249.74,22.98,312.75,939.88,0.898,-1,-1,-1
784,64,940.02,203.16,185.69,471.90,0.900,-1,-1,-1
784,65,769.92,152.94,152.05,530.26,0.897,-1,-1,-1
784,66,-51.84,8.87,349.51,977.50,0.879,-1,-1,-1
784,67,1348.06,332.78,27.30,30.55,0.492,-1,-1,-1
784,68,1072.29,184.62,138.70,471.03,0.884,-1,-1,-1
784,72,525.28,243.45,106.95,380.59,0.849,-1,-1,-1
784,73,635.40,255.83,70.01,357.17,0.807,-1,-1,-1
785,2,670.41,192.66,129.42,443.90,0.832,-1,-1,-1
785,52,-17.23,54.82,356.98,943.77,-1.000,-1,-1,-1
785,53,575.16,245.92,98.71,371.63,-1.000,-1,-1,-1
785,55,1068.42,183.38,152.16,473.72,0.901,-1,-1,-1
785,57,232.15,11.80,321.41,961.52,0.878,-1,-1,-1
785,64,940.83,201.46,185.59,477.12,0.899,-1,-1,-1
785,65,768.92,150.87,152.56,531.41,0.901,-1,-1,-1
785,66,-62.61,16.39,345.85,993.12,0.839,-1,-1,-1
785,67,1347.92,331.56,27.02,30.38,0.511,-1,-1,-1
785,68,1074.35,182.80,141.83,476.62,-1.000,-1,-1,-1
785,72,516.36,241.09,110.02,385.50,0.855,-1,-1,-1
785,73,630.79,254.28,71.10,359.81,0.816,-1,-1,-1
786,2,673.67,191.68,128.18,443.66,0.838,-1,-1,-1
786,52,-46.87,54.83,359.32,954.73,-1.000,-1,-1,-1
786,53,593.32,247.37,98.12,368.82,-1.000,-1,-1,-1
786,55,1071.37,180.94,155.65,481.44,-1.000,-1,-1,-1
786,57,219.61,8.74,327.99,976.63,0.890,-1,-1,-1
786,64,941.99,199.84,186.61,484.41,0.899,-1,-1,-1
786,65,769.38,148.29,152.84,531.77,0.892,-1,-1,-1
786,66,-66.71,32.91,333.70,986.29,0.843,-1,-1,-1
786,67,1348.98,330.60,26.87,30.32,0.432,-1,-1,-1
786,68,1076.41,180.97,144.95,482.20,0.908,-1,-1,-1
786,72,509.83,237.86,113.14,391.56,0.862,-1,-1,-1
786,73,626.96,252.23,72.71,363.33,0.832,-1,-1,-1
787,2,676.62,191.85,127.53,444.99,0.848,-1,-1,-1
787,52,-76.50,54.84,361.65,965.69,0.835,-1,-1,-1
787,53,611.49,248.82,97.53,366.02,0.832,-1,-1,-1
787,55,1074.33,178.49,159.13,489.15,0.900,-1,-1,-1
787,57,212.92,31.86,327.34,965.68,0.876,-1,-1,-1
787,64,944.44,200.23,187.71,491.07,0.894,-1,-1,-1
787,65,770.65,147.99,152.75,529.83,0.894,-1,-1,-1
787,66,-71.17,45.43,326.65,980.21,-1.000,-1,-1,-1
787,67,1351.03,331.74,26.51,30.02,0.147,-1,-1,-1
787,68,1079.38,179.54,148.42,488.90,-1.000,-1,-1,-1
787,70,1854.68,355.28,76.55,395.05,0.593,-1,-1,-1
787,72,504.94,237.29,115.39,396.43,0.861,-1,-1,-1
787,73,624.95,250.14,74.53,368.29,-1.000,-1,-1,-1
788,2,679.34,192.87,127.30,447.05,0.841,-1,-1,-1
788,52,-81.34,71.66,347.88,962.44,-1.000,-1,-1,-1
788,53,614.70,250.64,98.96,369.34,-1.000,-1,-1,-1
788,55,1077.69,177.22,162.12,495.49,-1.000,-1,-1,-1
788,57,203.84,23.33,333.97,979.90,0.879,-1,-1,-1
788,64,948.24,202.41,189.03,497.67,0.894,-1,-1,-1
788,65,772.98,148.78,152.04,526.17,0.860,-1,-1,-1
788,66,-75.63,57.94,319.59,974.13,0.793,-1,-1,-1
788,68,1082.36,178.11,151.90,495.60,0.890,-1,-1,-1
788,70,1852.51,327.81,80.14,423.50,0.578,-1,-1,-1
788,72,500.93,237.06,117.16,400.91,0.865,-1,-1,-1
788,73,622.95,248.05,76.34,373.26,0.819,-1,-1,-1
789,2,682.74,193.77,126.45,445.61,0.824,-1,-1,-1
789,52,-86.18,88.49,334.11,959.19,0.853,-1,-1,-1
789,53,617.92,252.46,100.40,372.67,0.837,-1,-1,-1
789,55,1081.06,175.94,165.11,501.83,0.903,-1,-1,-1
789,57,193.50,19.29,339.17,985.53,0.891,-1,-1,-1
789,64,951.50,202.59,191.45,507.18,0.902,-1,-1,-1
789,65,775.03,149.15,151.79,524.20,0.878,-1,-1,-1
789,66,-75.78,78.68,310.41,965.12,-1.000,-1,-1,-1
789,68,1086.90,175.59,155.07,502.03,-1.000,-1,-1,-1
789,70,1849.34,319.27,80.64,428.31,0.629,-1,-1,-1
789,72,498.21,236.95,118.43,404.86,0.850,-1,-1,-1
789,73,621.82,249.99,77.63,374.87,-1.000,-1,-1,-1
790,2,688.33,192.90,124.62,438.61,0.822,-1,-1,-1
790,52,-87.41,101.25,320.31,954.80,-1.000,-1,-1,-1
790,53,619.74,254.23,101.47,374.54,-1.000,-1,-1,-1
790,55,1086.59,173.00,168.82,511.79,-1.000,-1,-1,-1
790,57,184.33,18.63,343.20,983.79,0.897,-1,-1,-1
790,64,956.55,198.54,193.54,515.91,0.905,-1,-1,-1
790,65,778.69,149.60,150.87,521.04,0.879,-1,-1,-1
790,66,-75.93,99.41,301.22,956.10,0.833,-1,-1,-1
790,68,1091.44,173.07,158.23,508.47,0.897,-1,-1,-1
790,70,1848.67,324.03,78.02,408.69,0.650,-1,-1,-1
790,72,497.83,234.23,119.67,410.04,0.857,-1,-1,-1
790,73,620.69,251.93,78.92,376.49,0.852,-1,-1,-1
790,74,928.10,281.66,65.65,235.07,0.737,-1,-1,-1
791,2,692.56,192.29,126.68,445.64,0.831,-1,-1,-1
791,52,-88.65,114.01,306.51,950.41,0.856,-1,-1,-1
791,53,621.57,255.99,102.55,376.42,0.863,-1,-1,-1
791,55,1092.12,170.06,172.53,521.75,0.888,-1,-1,-1
791,57,174.49,22.80,350.15,990.08,0.891,-1,-1,-1
791,64,962.26,198.03,196.71,525.85,0.923,-1,-1,-1
791,65,783.71,152.81,150.58,520.87,0.879,-1,-1,-1
791,66,-73.33,112.08,264.48,849.37,-1.000,-1,-1,-1
791,68,1099.80,171.25,159.73,510.26,-1.000,-1,-1,-1
791,70,1847.42,310.59,79.21,411.88,0.634,-1,-1,-1
791,72,499.19,234.77,120.14,413.40,0.843,-1,-1,-1
791,73,622.66,254.87,80.19,376.99,-1.000,-1,-1,-1
791,74,933.64,284.68,65.36,234.06,0.688,-1,-1,-1
792,2,698.98,194.12,127.32,448.00,0.839,-1,-1,-1
792,52,-83.27,125.61,285.54,942.03,0.806,-1,-1,-1
792,53,623.16,257.17,104.32,378.24,-1.000,-1,-1,-1
792,55,1101.80,166.86,173.49,524.51,-1.000,-1,-1,-1
792,57,167.49,16.67,359.57,1000.50,0.899,-1,-1,-1
792,64,968.83,194.90,200.06,535.02,0.903,-1,-1,-1
792,65,791.77,154.76,150.52,521.29,0.893,-1,-1,-1
792,66,-70.72,124.74,227.73,742.63,0.522,-1,-1,-1
792,68,1108.15,169.42,161.22,512.06,0.887,-1,-1,-1
792,70,1848.10,306.79,79.91,413.68,0.496,-1,-1,-1
792,72,505.79,235.72,119.54,415.27,0.810,-1,-1,-1
792,73,624.63,257.81,81.45,377.49,0.852,-1,-1,-1
792,74,939.29,287.09,64.20,229.67,0.602,-1,-1,-1
793,2,706.47,192.26,128.29,450.89,0.864,-1,-1,-1
793,52,-60.66,124.07,280.12,925.53,-1.000,-1,-1,-1
793,53,624.75,258.34,106.09,380.06,0.867,-1,-1,-1
793,55,1111.49,163.66,174.44,527.28,0.901,-1,-1,-1
793,57,162.46,19.79,368.90,1003.00,0.908,-1,-1,-1
793,64,977.16,187.65,204.16,544.66,0.927,-1,-1,-1
793,65,804.48,154.21,149.97,522.99,0.877,-1,-1,-1
793,66,-77.97,140.90,249.63,851.14,0.753,-1,-1,-1
793,68,1117.45,164.38,165.13,524.29,-1.000,-1,-1,-1
793,70,1855.14,352.42,71.29,359.33,0.641,-1,-1,-1
793,72,512.23,234.04,117.45,411.98,0.829,-1,-1,-1
793,73,629.93,258.00,83.94,381.51,-1.000,-1,-1,-1
793,74,947.32,284.74,64.51,230.73,0.252,-1,-1,-1
794,2,715.99,194.01,128.97,453.29,0.858,-1,-1,-1
794,52,-38.06,122.52,274.70,909.03,-1.000,-1,-1,-1
794,53,630.07,258.58,108.78,385.92,-1.000,-1,-1,-1
794,57,154.84,19.49,383.75,1018.14,0.917,-1,-1,-1
794,64,988.70,184.18,207.74,550.71,0.926,-1,-1,-1
794,65,813.90,154.28,150.44,525.87,0.894,-1,-1,-1
794,66,-79.43,156.97,244.95,864.96,0.642,-1,-1,-1
794,68,1126.76,159.34,169.04,536.51,0.900,-1,-1,-1
794,72,518.18,234.08,117.01,413.69,0.822,-1,-1,-1
794,73,635.23,258.19,86.42,385.54,0.852,-1,-1,-1
794,74,958.23,283.99,64.33,230.02,0.369,-1,-1,-1
795,2,727.08,195.76,128.56,451.53,0.839,-1,-1,-1
795,52,-15.45,120.98,269.29,892.53,-1.000,-1,-1,-1
795,53,635.39,258.82,111.48,391.79,0.871,-1,-1,-1
795,57,145.82,10.53,393.12,1014.13,0.906,-1,-1,-1
795,64,997.08,179.11,213.31,561.82,0.935,-1,-1,-1
795,65,824.34,157.31,150.73,528.48,0.889,-1,-1,-1
795,66,-77.51,176.02,234.87,855.66,0.592,-1,-1,-1
795,68,1136.27,157.49,172.04,548.47,0.901,-1,-1,-1
795,72,524.34,235.47,117.96,419.27,0.818,-1,-1,-1
795,73,639.33,259.82,88.93,389.59,-1.000,-1,-1,-1
795,74,969.20,285.62,63.78,227.99,0.166,-1,-1,-1
796,2,737.94,199.74,128.49,450.54,0.858,-1,-1,-1
796,52,7.15,119.43,263.87,876.03,-1.000,-1,-1,-1
796,53,638.00,260.18,113.57,396.73,-1.000,-1,-1,-1
796,57,134.08,11.28,409.83,1026.69,0.905,-1,-1,-1
796,64,1005.47,177.50,218.27,569.64,0.924,-1,-1,-1
796,65,833.72,160.34,151.28,532.32,0.884,-1,-1,-1
796,68,1148.27,156.96,174.30,560.15,0.892,-1,-1,-1
796,72,530.68,237.90,115.98,412.14,0.791,-1,-1,-1
796,73,643.44,261.44,91.43,393.64,0.899,-1,-1,-1
796,74,981.83,287.59,57.82,205.81,0.105,-1,-1,-1
797,2,746.66,205.99,127.96,448.31,0.863,-1,-1,-1
797,52,29.75,117.89,258.46,859.52,-1.000,-1,-1,-1
797,53,640.61,261.55,115.65,401.68,0.883,-1,-1,-1
797,57,115.53,11.19,426.29,1029.99,0.911,-1,-1,-1
797,64,1012.33,179.19,223.13,576.23,0.925,-1,-1,-1
797,65,842.35,167.00,150.91,532.18,0.905,-1,-1,-1
797,68,1157.23,158.67,176.31,572.45,0.881,-1,-1,-1
797,72,534.43,242.35,116.13,412.67,0.607,-1,-1,-1
797,73,645.80,263.39,93.82,397.60,-1.000,-1,-1,-1
797,74,992.73,291.17,54.07,191.60,0.118,-1,-1,-1
798,2,753.26,209.35,128.13,448.72,0.873,-1,-1,-1
798,52,52.36,116.34,253.04,843.02,-1.000,-1,-1,-1
798,53,677.71,264.83,97.22,339.03,0.608,-1,-1,-1
798,57,99.10,4.88,439.59,1021.25,0.920,-1,-1,-1
798,64,1015.63,178.43,231.15,590.45,0.936,-1,-1,-1
798,65,849.39,173.93,149.83,530.04,0.907,-1,-1,-1
798,68,1167.28,160.92,177.33,582.13,0.883,-1,-1,-1
798,72,540.03,244.88,108.91,383.96,0.610,-1,-1,-1
798,73,648.17,265.35,96.21,401.55,0.871,-1,-1,-1
798,74,999.79,294.55,59.50,210.39,0.305,-1,-1,-1
799,2,758.96,213.92,127.87,448.65,0.869,-1,-1,-1
799,52,74.96,114.80,247.63,826.52,-1.000,-1,-1,-1
799,53,706.38,267.81,82.24,289.29,0.674,-1,-1,-1
799,57,86.31,3.15,454.28,1017.26,0.918,-1,-1,-1
799,64,1016.91,179.55,239.96,606.46,0.934,-1,-1,-1
799,65,855.53,179.31,149.21,529.50,0.906,-1,-1,-1
799,68,1175.83,163.64,181.52,599.95,0.829,-1,-1,-1
799,72,543.84,247.63,103.79,360.56,0.723,-1,-1,-1
799,73,649.30,268.14,99.00,402.88,0.871,-1,-1,-1
799,74,1014.09,297.47,43.01,146.39,0.511,-1,-1,-1
799,75,1857.02,347.44,27.05,37.61,0.667,-1,-1,-1
799,76,1881.21,345.81,29.00,39.01,0.585,-1,-1,-1
800,2,763.97,218.93,127.34,447.12,0.867,-1,-1,-1
800,52,97.57,113.25,242.21,810.02,-1.000,-1,-1,-1
800,53,720.80,271.58,74.68,265.02,0.769,-1,-1,-1
800,57,77.67,5.84,470.92,1023.15,0.900,-1,-1,-1
800,64,1017.22,183.33,247.10,616.97,0.917,-1,-1,-1
800,65,861.06,184.85,148.49,528.88,0.896,-1,-1,-1
800,68,1182.13,166.07,183.67,612.02,0.863,-1,-1,-1
800,72,544.55,251.02,102.46,350.69,0.738,-1,-1,-1
800,73,651.24,270.78,101.79,405.33,0.878,-1,-1,-1
800,74,1010.73,301.24,64.91,219.94,0.760,-1,-1,-1
800,75,1866.46,351.80,27.38,38.08,0.652,-1,-1,-1
800,76,1890.14,350.09,28.92,38.91,0.469,-1,-1,-1
801,2,768.61,225.39,126.52,445.53,0.846,-1,-1,-1
801,52,120.17,111.71,236.80,793.52,-1.000,-1,-1,-1
801,53,727.19,274.89,71.87,257.50,0.781,-1,-1,-1
801,57,73.94,4.38,479.31,1013.19,0.875,-1,-1,-1
801,64,1016.72,186.35,254.98,627.89,0.932,-1,-1,-1
801,65,865.72,188.44,148.53,530.86,0.868,-1,-1,-1
801,68,1188.84,167.71,185.71,625.01,0.891,-1,-1,-1
801,72,543.84,254.05,103.67,347.90,0.837,-1,-1,-1
801,73,651.92,272.87,104.32,409.07,0.873,-1,-1,-1
801,74,1013.53,304.58,69.11,232.25,0.752,-1,-1,-1
801,75,1874.90,354.75,27.69,38.54,0.611,-1,-1,-1
801,76,1896.73,353.30,28.23,38.08,0.432,-1,-1,-1
802,2,774.75,229.11,125.82,443.66,0.850,-1,-1,-1
802,52,142.78,110.16,231.38,777.02,-1.000,-1,-1,-1
802,53,731.98,278.54,70.17,254.50,0.775,-1,-1,-1
802,57,69.46,4.67,485.66,1006.02,0.812,-1,-1,-1
802,64,1015.33,187.97,264.40,642.22,0.932,-1,-1,-1
802,65,871.09,192.11,147.65,530.07,0.864,-1,-1,-1
802,68,1197.68,167.09,186.97,636.18,0.898,-1,-1,-1
802,72,542.45,256.92,106.62,351.47,0.838,-1,-1,-1
802,73,652.72,273.87,106.67,411.95,0.880,-1,-1,-1
802,74,1015.65,307.71,71.74,239.58,0.685,-1,-1,-1
802,75,1883.33,358.19,27.35,38.12,0.631,-1,-1,-1
803,2,777.88,231.01,124.63,442.65,0.856,-1,-1,-1
803,52,165.38,108.62,225.96,760.52,-1.000,-1,-1,-1
803,53,736.17,281.46,69.47,254.58,0.769,-1,-1,-1
803,57,61.20,4.75,491.03,1006.95,0.632,-1,-1,-1
803,64,1016.28,190.12,271.89,651.24,0.927,-1,-1,-1
803,65,875.77,193.41,147.75,531.28,0.888,-1,-1,-1
803,68,1207.81,165.17,188.83,646.83,0.897,-1,-1,-1
803,72,542.33,257.30,107.86,348.11,0.838,-1,-1,-1
803,73,653.93,274.58,108.98,415.58,0.902,-1,-1,-1
803,74,1021.21,309.97,73.17,244.17,0.606,-1,-1,-1
803,75,1892.11,362.47,27.17,37.91,0.619,-1,-1,-1
804,2,781.85,230.14,123.97,443.72,0.864,-1,-1,-1
804,52,187.99,107.07,220.55,744.02,-1.000,-1,-1,-1
804,53,739.45,283.34,69.20,255.79,0.803,-1,-1,-1
804,57,57.35,4.91,497.54,1005.73,0.750,-1,-1,-1
804,64,1016.79,186.81,281.56,667.28,0.931,-1,-1,-1
804,65,880.10,193.24,147.48,530.73,0.866,-1,-1,-1
804,68,1219.25,161.56,191.50,658.11,0.892,-1,-1,-1
804,72,544.80,257.74,105.34,329.75,0.853,-1,-1,-1
804,73,655.94,272.48,111.57,421.88,0.896,-1,-1,-1
804,74,1027.45,311.81,73.96,246.95,0.558,-1,-1,-1
804,75,1899.33,366.03,26.98,37.96,0.577,-1,-1,-1
805,2,785.53,224.83,124.78,451.25,0.881,-1,-1,-1
805,52,210.59,105.53,215.13,727.51,-1.000,-1,-1,-1
805,53,742.59,283.58,69.26,258.57,0.818,-1,-1,-1
805,57,53.07,4.90,502.54,1004.64,0.669,-1,-1,-1
805,64,1019.56,185.97,290.40,682.42,0.922,-1,-1,-1
805,65,883.21,191.11,147.69,532.22,0.876,-1,-1,-1
805,68,1232.34,157.10,194.07,667.56,0.903,-1,-1,-1
805,72,545.78,256.28,104.44,317.27,0.829,-1,-1,-1
805,73,657.64,271.62,114.15,428.92,0.884,-1,-1,-1
805,74,1032.69,312.69,74.95,249.91,0.629,-1,-1,-1
806,2,790.33,222.04,124.56,454.64,0.889,-1,-1,-1
806,52,233.19,103.98,209.72,711.01,-1.000,-1,-1,-1
806,53,744.47,282.72,69.38,261.72,0.829,-1,-1,-1
806,57,54.00,2.58,493.45,975.48,0.587,-1,-1,-1
806,64,1021.38,182.15,298.86,697.73,0.927,-1,-1,-1
806,65,886.09,188.46,148.54,535.12,0.895,-1,-1,-1
806,68,1243.10,150.94,197.34,677.55,0.907,-1,-1,-1
806,71,1504.99,365.95,34.05,36.25,0.502,-1,-1,-1
806,72,544.05,253.46,104.24,309.21,0.701,-1,-1,-1
806,73,659.12,270.79,116.90,436.06,0.887,-1,-1,-1
806,74,1036.07,313.51,76.01,252.69,0.477,-1,-1,-1
807,2,794.91,222.70,122.84,451.31,0.872,-1,-1,-1
807,52,255.80,102.44,204.30,694.51,-1.000,-1,-1,-1
807,53,746.04,281.49,69.18,262.77,0.829,-1,-1,-1
807,57,44.61,-0.26,490.70,963.36,0.579,-1,-1,-1
807,64,1024.61,172.62,307.71,716.86,0.924,-1,-1,-1
807,65,888.86,185.88,149.42,537.17,0.907,-1,-1,-1
807,68,1255.35,143.34,201.81,689.68,0.907,-1,-1,-1
807,71,1509.40,366.68,33.32,35.40,0.430,-1,-1,-1
807,72,539.43,249.19,108.04,313.83,0.682,-1,-1,-1
807,73,660.31,268.90,119.68,443.90,0.900,-1,-1,-1
807,74,1036.35,313.20,77.58,257.70,0.408,-1,-1,-1
808,2,799.31,225.38,119.99,442.07,0.872,-1,-1,-1
808,52,278.40,100.89,198.89,678.01,-1.000,-1,-1,-1
808,53,747.35,281.11,69.11,264.31,0.838,-1,-1,-1
808,57,-2.55,2.37,501.70,993.18,0.505,-1,-1,-1
808,64,1030.73,167.70,312.43,726.85,0.932,-1,-1,-1
808,65,893.02,183.41,148.50,533.72,0.881,-1,-1,-1
808,68,1266.94,136.36,206.32,700.61,0.910,-1,-1,-1
808,71,1513.33,368.03,32.62,34.59,0.370,-1,-1,-1
808,72,531.24,245.55,116.38,327.08,0.860,-1,-1,-1
808,73,659.75,268.61,122.30,450.43,0.900,-1,-1,-1
808,74,1041.28,312.98,77.19,256.57,0.316,-1,-1,-1
808,77,1900.67,373.22,22.15,38.08,0.547,-1,-1,-1
809,2,802.27,224.66,119.40,439.84,0.875,-1,-1,-1
809,52,301.01,99.35,193.47,661.51,-1.000,-1,-1,-1
809,53,746.86,276.16,69.67,268.41,0.828,-1,-1,-1
809,57,-1.54,1.80,504.86,997.56,0.764,-1,-1,-1
809,64,1036.17,158.40,318.02,739.85,0.928,-1,-1,-1
809,65,898.66,179.79,147.30,529.32,0.862,-1,-1,-1
809,68,1277.26,127.92,211.80,713.40,0.913,-1,-1,-1
809,71,1519.12,368.35,31.11,33.50,0.151,-1,-1,-1
809,72,519.47,240.23,135.82,378.21,0.832,-1,-1,-1
809,73,658.29,267.13,124.63,455.48,0.885,-1,-1,-1
809,74,1043.13,312.38,76.34,254.36,-1.000,-1,-1,-1
810,2,803.64,222.92,118.84,438.99,0.865,-1,-1,-1
810,52,323.61,97.80,188.05,645.01,-1.000,-1,-1,-1
810,53,746.63,272.82,70.10,272.16,0.845,-1,-1,-1
810,57,-10.29,1.28,502.10,995.53,0.760,-1,-1,-1
810,64,1043.36,147.38,323.69,755.54,0.932,-1,-1,-1
810,65,900.93,178.02,147.05,526.28,0.875,-1,-1,-1
810,68,1286.90,120.15,218.09,727.63,0.911,-1,-1,-1
810,71,1524.04,369.54,29.46,32.37,0.414,-1,-1,-1
810,72,505.48,235.77,160.36,448.76,0.868,-1,-1,-1
810,73,657.11,265.24,126.73,459.00,0.888,-1,-1,-1
810,74,1044.98,311.78,75.48,252.14,-1.000,-1,-1,-1
811,2,804.92,225.00,118.34,438.33,0.878,-1,-1,-1
811,52,346.22,96.26,182.64,628.51,0.782,-1,-1,-1
811,53,746.24,273.61,70.24,273.57,0.843,-1,-1,-1
811,57,-23.04,2.32,498.52,993.76,0.486,-1,-1,-1
811,64,1050.25,141.15,328.57,770.76,0.932,-1,-1,-1
811,65,903.56,179.72,147.07,524.16,0.868,-1,-1,-1
811,68,1297.21,118.17,223.09,737.32,0.926,-1,-1,-1
811,71,1527.86,373.76,28.76,32.54,0.618,-1,-1,-1
811,72,499.09,235.71,173.07,487.12,0.906,-1,-1,-1
811,73,657.05,268.01,128.59,461.48,0.901,-1,-1,-1
811,74,1046.83,311.19,74.63,249.92,-1.000,-1,-1,-1
812,2,802.33,221.83,118.18,439.52,0.875,-1,-1,-1
812,52,325.24,80.48,207.93,736.41,0.838,-1,-1,-1
812,53,743.68,267.30,70.66,276.36,0.832,-1,-1,-1
812,57,-35.95,-1.13,478.35,962.61,0.646,-1,-1,-1
812,64,1056.73,132.59,331.51,782.86,0.919,-1,-1,-1
812,65,901.14,175.95,148.45,525.65,0.897,-1,-1,-1
812,68,1303.00,112.13,231.41,760.35,0.909,-1,-1,-1
812,71,1528.37,371.67,29.08,33.47,0.151,-1,-1,-1
812,72,492.37,229.98,179.35,508.30,0.924,-1,-1,-1
812,73,653.01,263.67,132.15,469.87,0.900,-1,-1,-1
812,74,1048.68,310.59,73.78,247.70,0.570,-1,-1,-1
813,2,800.08,220.66,118.29,440.51,0.879,-1,-1,-1
813,52,308.30,67.10,218.59,781.42,0.859,-1,-1,-1
813,53,741.04,263.44,71.00,278.26,0.819,-1,-1,-1
813,57,-41.38,36.44,473.21,954.88,0.253,-1,-1,-1
813,64,1066.12,126.61,334.19,796.64,0.913,-1,-1,-1
813,65,899.58,173.37,150.15,528.21,0.902,-1,-1,-1
813,68,1308.61,107.50,241.64,790.07,0.900,-1,-1,-1
813,72,486.70,226.58,182.35,520.51,0.918,-1,-1,-1
813,73,649.26,260.75,135.45,477.30,0.899,-1,-1,-1
813,74,1050.10,308.46,73.03,249.96,0.801,-1,-1,-1
814,2,797.88,219.22,118.61,441.97,0.880,-1,-1,-1
814,52,282.41,50.95,230.20,812.84,0.893,-1,-1,-1
814,53,738.66,260.89,71.23,279.35,0.777,-1,-1,-1
814,57,-75.42,25.63,479.23,981.00,0.384,-1,-1,-1
814,64,1073.12,120.92,340.02,820.09,0.910,-1,-1,-1
814,65,899.01,172.33,151.15,529.04,0.906,-1,-1,-1
814,68,1314.88,103.84,249.49,811.60,0.902,-1,-1,-1
814,72,482.97,222.71,183.72,528.47,0.917,-1,-1,-1
814,73,647.21,257.50,138.45,483.45,0.900,-1,-1,-1
814,74,1051.24,305.94,72.97,252.88,0.790,-1,-1,-1
815,2,795.76,220.64,119.33,444.03,0.879,-1,-1,-1
815,52,255.85,45.85,241.23,832.92,0.914,-1,-1,-1
815,53,740.94,261.15,63.90,247.10,0.519,-1,-1,-1
815,64,1079.64,119.15,346.63,846.54,0.908,-1,-1,-1
815,65,898.65,173.43,152.56,531.47,0.907,-1,-1,-1
815,68,1322.83,101.64,254.92,823.44,0.904,-1,-1,-1
815,72,479.88,222.22,184.84,536.43,0.920,-1,-1,-1
815,73,645.76,256.80,141.89,489.61,0.914,-1,-1,-1
815,74,1054.61,305.45,73.94,257.34,0.840,-1,-1,-1
816,2,792.61,221.86,119.83,444.23,0.878,-1,-1,-1
816,52,237.06,37.00,249.83,848.49,0.928,-1,-1,-1
816,53,743.85,261.62,54.35,203.97,0.746,-1,-1,-1
816,64,1082.89,114.62,354.61,879.05,0.917,-1,-1,-1
816,65,897.73,174.04,153.44,532.50,0.908,-1,-1,-1
816,68,1327.30,99.79,262.45,841.07,0.895,-1,-1,-1
816,72,474.12,220.20,187.02,546.21,0.903,-1,-1,-1
816,73,643.65,254.40,145.21,495.03,0.918,-1,-1,-1
816,74,1056.16,304.48,74.31,259.33,0.849,-1,-1,-1
817,2,788.56,222.39,120.66,445.09,0.877,-1,-1,-1
817,52,222.07,31.45,257.13,860.90,0.927,-1,-1,-1
817,53,744.82,261.41,49.46,180.81,0.726,-1,-1,-1
817,64,1086.54,111.98,358.15,900.34,0.918,-1,-1,-1
817,65,896.22,173.76,154.40,534.40,0.909,-1,-1,-1
817,68,1331.13,96.63,271.55,864.73,0.885,-1,-1,-1
817,72,464.93,219.29,189.11,554.13,0.895,-1,-1,-1
817,73,640.45,251.41,148.76,501.50,0.922,-1,-1,-1
817,74,1057.29,303.88,74.91,260.36,0.859,-1,-1,-1
818,2,783.42,223.23,121.68,446.65,0.874,-1,-1,-1
818,52,207.69,28.29,267.07,886.33,0.926,-1,-1,-1
818,53,741.62,262.01,44.82,157.81,0.736,-1,-1,-1
818,64,1091.05,110.45,359.61,914.96,0.901,-1,-1,-1
818,65,893.97,175.47,155.00,535.61,0.912,-1,-1,-1
818,68,1333.08,91.63,281.28,890.21,0.862,-1,-1,-1
818,72,453.87,218.59,191.60,560.67,0.908,-1,-1,-1
818,73,636.66,249.86,151.60,505.87,0.936,-1,-1,-1
818,74,1058.05,303.42,76.16,261.60,0.872,-1,-1,-1
819,2,777.68,223.89,122.29,445.87,0.874,-1,-1,-1
819,52,192.81,21.89,279.83,925.11,0.916,-1,-1,-1
819,53,741.09,262.13,39.25,132.20,0.732,-1,-1,-1
819,64,1094.62,111.38,364.09,938.57,0.912,-1,-1,-1
819,65,891.23,177.31,155.12,535.82,0.919,-1,-1,-1
819,68,1338.00,83.53,288.36,906.75,0.893,-1,-1,-1
819,72,442.30,217.10,195.24,568.46,0.903,-1,-1,-1
819,73,631.39,247.17,154.80,511.78,0.926,-1,-1,-1
819,74,1058.23,303.26,77.24,261.51,0.879,-1,-1,-1
820,2,773.04,223.55,122.77,444.94,0.877,-1,-1,-1
820,52,178.68,18.38,289.04,951.72,0.910,-1,-1,-1
820,53,737.28,261.25,36.20,116.48,0.682,-1,-1,-1
820,64,1101.11,110.37,367.40,957.54,0.896,-1,-1,-1
820,65,889.63,178.50,154.93,535.27,0.917,-1,-1,-1
820,68,1343.46,69.14,296.94,929.76,0.872,-1,-1,-1
820,72,431.27,215.52,198.55,575.75,0.901,-1,-1,-1
820,73,626.70,243.02,158.24,518.07,0.921,-1,-1,-1
820,74,1058.41,302.64,78.43,261.65,0.876,-1,-1,-1
821,2,770.33,223.39,123.77,445.41,0.883,-1,-1,-1
821,52,167.56,13.52,294.13,963.95,0.887,-1,-1,-1
821,53,736.55,260.61,32.35,98.91,0.658,-1,-1,-1
821,64,1110.42,97.52,368.22,967.75,0.894,-1,-1,-1
821,65,890.25,180.26,154.75,535.32,0.897,-1,-1,-1
821,68,1357.12,58.48,290.69,901.05,0.869,-1,-1,-1
821,72,423.49,214.32,201.65,583.06,0.901,-1,-1,-1
821,73,623.58,241.14,161.19,522.86,0.921,-1,-1,-1
821,74,1059.78,302.51,80.11,262.93,0.879,-1,-1,-1
822,2,767.52,221.52,124.77,445.30,0.889,-1,-1,-1
822,52,156.23,9.01,297.64,968.94,0.892,-1,-1,-1
822,53,734.74,257.94,30.75,90.02,0.700,-1,-1,-1
822,64,1118.86,87.45,371.41,983.02,0.891,-1,-1,-1
822,65,889.53,180.84,154.58,534.83,0.915,-1,-1,-1
822,68,1365.02,44.05,291.40,895.87,0.877,-1,-1,-1
822,72,416.44,212.36,205.17,592.67,0.901,-1,-1,-1
822,73,619.98,238.40,164.08,527.45,0.920,-1,-1,-1
822,74,1061.45,300.81,82.02,264.50,0.892,-1,-1,-1
823,2,764.46,218.93,126.51,446.58,0.892,-1,-1,-1
823,52,145.37,6.11,300.06,968.77,0.889,-1,-1,-1
823,53,729.31,255.04,31.39,86.59,0.758,-1,-1,-1
823,64,1130.44,72.56,369.51,980.02,0.894,-1,-1,-1
823,65,889.80,181.35,154.28,533.61,0.915,-1,-1,-1
823,68,1371.11,29.73,297.49,911.20,0.877,-1,-1,-1
823,72,409.83,210.69,208.16,601.88,0.910,-1,-1,-1
823,73,616.48,236.50,167.81,535.15,0.919,-1,-1,-1
823,74,1063.36,299.52,84.10,266.01,0.895,-1,-1,-1
824,2,762.79,216.72,128.44,447.94,0.894,-1,-1,-1
824,52,130.37,7.41,309.97,995.49,0.903,-1,-1,-1
824,53,725.87,252.20,32.57,85.17,0.795,-1,-1,-1
824,64,1140.63,54.91,372.15,985.80,0.896,-1,-1,-1
824,65,891.05,181.08,154.30,532.92,0.918,-1,-1,-1
824,68,1376.99,17.29,309.57,952.02,0.879,-1,-1,-1
824,72,403.58,207.13,211.03,612.81,0.906,-1,-1,-1
824,73,612.88,232.40,173.30,549.09,0.924,-1,-1,-1
824,74,1065.20,298.86,86.01,267.10,0.892,-1,-1,-1
825,2,761.45,214.57,130.18,448.21,0.889,-1,-1,-1
825,52,119.34,3.59,310.34,986.98,0.901,-1,-1,-1
825,53,724.78,249.68,33.40,84.00,0.749,-1,-1,-1
825,64,1150.35,41.32,379.06,997.41,0.918,-1,-1,-1
825,65,893.72,180.04,154.91,533.27,0.909,-1,-1,-1
825,68,1383.66,9.96,319.98,992.13,0.859,-1,-1,-1
825,72,399.49,203.13,213.13,621.92,0.904,-1,-1,-1
825,73,609.34,229.86,178.67,564.08,0.919,-1,-1,-1
825,74,1066.17,297.89,87.98,268.05,0.901,-1,-1,-1
826,2,760.80,213.34,131.52,446.09,0.889,-1,-1,-1
826,52,106.61,2.82,313.87,986.81,0.911,-1,-1,-1
826,53,723.62,247.70,35.04,85.45,0.746,-1,-1,-1
826,64,1157.91,22.91,390.39,1014.38,0.920,-1,-1,-1
826,65,896.22,178.23,155.87,534.44,0.912,-1,-1,-1
826,68,1398.45,2.21,320.82,1002.72,0.822,-1,-1,-1
826,72,394.97,200.04,215.29,630.26,0.901,-1,-1,-1
826,73,605.91,228.91,182.48,574.13,0.916,-1,-1,-1
826,74,1067.88,298.04,89.47,268.62,0.893,-1,-1,-1
827,2,761.01,211.32,133.93,445.99,0.892,-1,-1,-1
827,52,91.80,1.55,318.85,991.43,0.919,-1,-1,-1
827,53,721.70,244.96,36.63,86.83,0.739,-1,-1,-1
827,64,1165.48,11.60,401.92,1025.25,0.923,-1,-1,-1
827,65,898.48,175.98,156.67,534.33,0.905,-1,-1,-1
827,68,1413.17,2.35,323.08,1020.72,0.829,-1,-1,-1
827,72,389.09,195.99,217.61,638.79,0.896,-1,-1,-1
827,73,602.87,228.60,184.66,578.50,0.917,-1,-1,-1
827,74,1070.53,296.09,91.04,270.20,0.883,-1,-1,-1
828,2,761.67,210.05,136.55,446.45,0.897,-1,-1,-1
828,52,77.30,0.44,323.76,994.79,0.914,-1,-1,-1
828,53,720.06,242.59,38.81,89.31,0.732,-1,-1,-1
828,64,1175.86,6.29,416.09,1036.72,0.914,-1,-1,-1
828,65,903.00,172.78,157.43,534.53,0.905,-1,-1,-1
828,68,1429.48,2.25,324.31,1034.79,0.840,-1,-1,-1
828,72,383.43,191.40,219.86,647.71,0.891,-1,-1,-1
828,73,599.89,227.74,188.49,588.55,0.914,-1,-1,-1
828,74,1074.43,294.34,92.58,272.85,0.861,-1,-1,-1
829,2,761.55,211.72,139.13,447.68,0.887,-1,-1,-1
829,52,62.52,1.05,329.26,999.60,0.910,-1,-1,-1
829,53,718.44,244.15,41.34,92.30,0.759,-1,-1,-1
829,64,1189.75,5.61,430.85,1041.19,0.918,-1,-1,-1
829,65,908.47,175.49,156.94,529.62,0.914,-1,-1,-1
829,68,1458.00,1.56,316.74,1019.92,0.817,-1,-1,-1
829,72,380.84,191.42,220.93,655.22,0.897,-1,-1,-1
829,73,597.00,228.87,192.36,598.92,0.912,-1,-1,-1
829,74,1078.33,296.40,93.84,275.29,0.882,-1,-1,-1
830,2,764.01,213.14,141.67,447.44,0.893,-1,-1,-1
830,52,46.85,4.09,339.10,1014.55,0.934,-1,-1,-1
830,53,717.56,244.67,44.49,96.88,0.772,-1,-1,-1
830,64,1204.63,6.63,445.51,1039.34,0.919,-1,-1,-1
830,65,914.01,176.74,156.15,523.06,0.914,-1,-1,-1
830,68,1486.81,0.00,310.73,1009.35,0.756,-1,-1,-1
830,72,379.83,191.03,220.99,660.50,0.901,-1,-1,-1
830,73,594.03,230.87,196.40,610.18,0.917,-1,-1,-1
830,74,1083.61,296.51,94.51,276.29,0.876,-1,-1,-1
831,2,767.60,212.46,145.02,448.60,0.897,-1,-1,-1
831,52,33.47,3.50,348.97,1025.51,0.945,-1,-1,-1
831,53,715.47,242.85,48.31,102.47,0.778,-1,-1,-1
831,64,1219.28,4.52,465.43,1040.81,0.934,-1,-1,-1
831,65,919.39,175.12,156.27,520.18,0.915,-1,-1,-1
831,68,1517.14,1.98,311.89,1023.56,0.807,-1,-1,-1
831,72,376.80,188.20,221.90,668.46,0.894,-1,-1,-1
831,73,590.70,229.52,200.28,620.79,0.918,-1,-1,-1
831,74,1087.70,294.18,95.52,277.61,0.885,-1,-1,-1
832,2,771.25,213.78,147.88,448.75,0.904,-1,-1,-1
832,52,27.69,3.30,357.80,1033.58,0.948,-1,-1,-1
832,53,715.75,243.21,52.60,109.84,0.697,-1,-1,-1
832,64,1230.65,3.63,487.43,1045.52,0.926,-1,-1,-1
832,65,924.93,174.95,157.39,521.28,0.915,-1,-1,-1
832,68,1552.57,3.62,311.58,1032.91,0.735,-1,-1,-1
832,72,374.73,188.43,222.78,676.09,0.895,-1,-1,-1
832,73,587.55,229.19,204.46,632.41,0.922,-1,-1,-1
832,74,1091.42,293.66,96.86,279.98,0.878,-1,-1,-1
833,2,774.44,215.10,150.54,449.00,0.913,-1,-1,-1
833,52,29.16,2.18,359.99,1019.21,0.940,-1,-1,-1
833,53,714.20,243.45,59.62,122.55,0.749,-1,-1,-1
833,64,1242.22,4.15,510.85,1045.07,0.936,-1,-1,-1
833,65,929.58,175.20,158.16,522.08,0.916,-1,-1,-1
833,68,1588.25,1.95,305.67,1013.44,0.663,-1,-1,-1
833,72,372.21,188.10,225.69,689.39,0.895,-1,-1,-1
833,73,585.17,227.76,207.89,641.65,0.924,-1,-1,-1
833,74,1097.83,293.82,97.32,280.36,0.877,-1,-1,-1
834,2,779.26,217.08,153.24,449.83,0.912,-1,-1,-1
834,52,30.73,3.36,363.92,1010.71,0.934,-1,-1,-1
834,53,716.07,244.40,64.73,132.12,0.689,-1,-1,-1
834,64,1251.60,5.43,535.61,1043.85,0.937,-1,-1,-1
834,65,934.38,175.92,158.76,523.87,0.916,-1,-1,-1
834,68,1620.83,2.73,307.82,1027.79,0.685,-1,-1,-1
834,72,368.32,187.74,229.43,705.53,0.889,-1,-1,-1
834,73,583.91,225.81,211.06,650.00,0.928,-1,-1,-1
834,74,1104.27,294.45,97.73,281.18,0.844,-1,-1,-1
835,2,785.12,220.26,155.91,450.99,0.916,-1,-1,-1
835,52,30.78,3.66,369.29,1007.87,0.932,-1,-1,-1
835,53,713.08,246.86,82.13,169.89,0.707,-1,-1,-1
835,64,1252.52,6.97,554.91,1037.32,0.932,-1,-1,-1
835,65,941.03,178.23,159.16,524.95,0.907,-1,-1,-1
835,68,1647.86,4.17,301.42,1014.18,0.603,-1,-1,-1
835,72,366.70,188.91,232.52,719.29,0.895,-1,-1,-1
835,73,583.33,223.84,214.62,659.11,0.932,-1,-1,-1
835,74,1110.29,295.16,99.23,284.55,0.870,-1,-1,-1
836,2,790.66,222.18,158.38,452.32,0.908,-1,-1,-1
836,52,30.10,4.61,374.14,1004.57,0.928,-1,-1,-1
836,53,713.78,248.25,93.15,195.63,0.797,-1,-1,-1
836,64,1251.67,6.15,573.45,1037.27,0.923,-1,-1,-1
836,65,947.75,180.62,159.18,525.68,0.891,-1,-1,-1
836,68,1673.18,4.79,297.21,1007.85,0.308,-1,-1,-1
836,72,365.69,189.19,234.38,728.75,0.899,-1,-1,-1
836,73,582.39,220.89,218.49,668.15,0.930,-1,-1,-1
836,74,1117.06,295.77,100.09,286.12,0.870,-1,-1,-1
837,2,797.30,224.02,160.26,452.60,0.909,-1,-1,-1
837,52,28.17,2.01,380.68,1007.45,0.934,-1,-1,-1
837,53,716.65,248.75,99.91,213.01,0.757,-1,-1,-1
837,64,1253.98,6.67,588.13,1040.23,0.884,-1,-1,-1
837,65,954.35,183.39,158.71,525.57,0.909,-1,-1,-1
837,68,1633.56,39.51,272.59,923.45,-1.000,-1,-1,-1
837,72,363.75,187.97,237.02,739.99,0.886,-1,-1,-1
837,73,581.72,217.94,222.12,675.66,0.936,-1,-1,-1
837,74,1124.47,296.52,100.57,287.65,0.844,-1,-1,-1
838,2,802.93,225.34,161.69,452.20,0.911,-1,-1,-1
838,52,26.63,-0.25,385.28,1006.35,0.923,-1,-1,-1
838,53,720.32,248.57,104.76,226.68,0.732,-1,-1,-1
838,64,1265.34,9.54,595.29,1035.58,0.880,-1,-1,-1
838,65,960.95,185.51,157.98,525.24,0.899,-1,-1,-1
838,68,1593.93,74.24,247.98,839.06,-1.000,-1,-1,-1
838,72,361.48,185.54,240.13,753.12,0.898,-1,-1,-1
838,73,581.99,214.52,226.03,683.06,0.938,-1,-1,-1
838,74,1131.77,296.62,101.29,289.37,0.884,-1,-1,-1
839,2,809.96,224.61,163.23,452.34,0.908,-1,-1,-1
839,52,24.72,-1.20,389.69,1006.05,0.920,-1,-1,-1
839,53,722.56,247.27,109.49,240.67,0.793,-1,-1,-1
839,64,1289.63,10.37,596.08,1028.88,0.879,-1,-1,-1
839,65,967.00,186.26,157.48,525.55,0.893,-1,-1,-1
839,68,1554.31,108.96,223.36,754.67,-1.000,-1,-1,-1
839,72,359.81,182.96,242.85,765.34,0.902,-1,-1,-1
839,73,582.20,210.88,229.80,690.14,0.929,-1,-1,-1
839,74,1138.90,295.91,101.76,290.72,0.873,-1,-1,-1
840,2,816.43,223.52,164.07,451.60,0.911,-1,-1,-1
840,52,24.80,-1.41,390.53,996.75,0.901,-1,-1,-1
840,53,727.44,245.30,112.11,250.61,0.785,-1,-1,-1
840,64,1324.03,6.98,587.54,1014.45,0.811,-1,-1,-1
840,65,972.42,187.50,156.56,525.54,0.888,-1,-1,-1
840,68,1514.69,143.68,198.74,670.28,-1.000,-1,-1,-1
840,72,357.36,179.63,247.05,782.95,0.897,-1,-1,-1
840,73,583.29,206.83,232.98,695.14,0.933,-1,-1,-1
840,74,1144.51,294.74,102.53,292.97,0.832,-1,-1,-1
841,2,823.71,220.97,165.62,452.13,0.911,-1,-1,-1
841,52,29.35,-1.75,382.59,961.67,0.898,-1,-1,-1
841,53,732.80,241.77,113.59,259.17,0.821,-1,-1,-1
841,64,1370.18,5.34,579.89,1012.03,0.777,-1,-1,-1
841,65,978.42,187.64,155.65,524.26,0.896,-1,-1,-1
841,68,1475.06,178.40,174.12,585.89,0.527,-1,-1,-1
841,72,355.04,174.35,250.04,796.48,0.890,-1,-1,-1
841,73,583.39,201.05,237.23,702.36,0.940,-1,-1,-1
841,74,1151.60,293.37,103.04,294.77,0.877,-1,-1,-1
842,2,829.98,217.51,167.62,454.24,0.907,-1,-1,-1
842,52,25.02,0.87,390.42,972.64,0.873,-1,-1,-1
842,53,736.72,238.70,114.63,266.31,0.831,-1,-1,-1
842,64,1434.75,4.32,561.61,1003.59,0.793,-1,-1,-1
842,65,983.72,186.56,154.92,524.02,0.913,-1,-1,-1
842,68,1399.88,219.43,198.54,663.28,0.920,-1,-1,-1
842,72,352.83,166.58,252.99,810.33,0.886,-1,-1,-1
842,73,584.64,194.59,241.67,710.53,0.930,-1,-1,-1
842,74,1157.87,289.98,103.62,297.27,0.875,-1,-1,-1
843,2,835.57,214.32,167.77,450.61,0.913,-1,-1,-1
843,52,20.79,2.75,397.14,982.01,0.886,-1,-1,-1
843,53,740.54,233.64,115.55,273.68,0.828,-1,-1,-1
843,64,1486.02,2.46,544.41,996.04,0.689,-1,-1,-1
843,65,988.78,183.32,154.54,524.60,0.910,-1,-1,-1
843,68,1404.18,222.62,206.29,677.95,0.920,-1,-1,-1
843,72,349.40,155.94,256.67,824.94,0.887,-1,-1,-1
843,73,584.14,186.33,248.78,729.00,0.920,-1,-1,-1
843,74,1163.90,285.40,104.26,300.05,0.832,-1,-1,-1
844,2,839.79,210.10,168.12,447.48,0.905,-1,-1,-1
844,52,15.44,2.94,401.92,988.97,0.876,-1,-1,-1
844,53,744.74,227.80,116.09,280.72,0.837,-1,-1,-1
844,64,1533.54,2.97,524.51,988.19,0.698,-1,-1,-1
844,65,993.78,178.82,154.37,525.54,0.899,-1,-1,-1
844,68,1417.85,217.34,218.23,706.36,0.919,-1,-1,-1
844,72,346.49,143.58,260.57,839.16,0.894,-1,-1,-1
844,73,582.08,179.06,256.90,752.30,0.913,-1,-1,-1
844,74,1170.26,281.24,104.46,302.28,0.799,-1,-1,-1
845,2,839.48,205.20,170.15,449.56,0.902,-1,-1,-1
845,52,6.69,2.57,404.26,993.90,0.844,-1,-1,-1
845,53,746.59,221.93,114.95,282.22,0.814,-1,-1,-1
845,64,1577.96,2.07,505.09,982.33,0.649,-1,-1,-1
845,65,996.04,173.33,154.73,527.73,0.899,-1,-1,-1
845,68,1430.93,208.95,231.83,738.89,0.904,-1,-1,-1
845,72,339.42,130.03,265.87,853.98,0.906,-1,-1,-1
845,73,580.68,173.67,263.28,772.14,0.907,-1,-1,-1
845,74,1173.64,277.35,104.40,303.42,0.843,-1,-1,-1
846,2,839.13,201.73,170.76,448.61,0.892,-1,-1,-1
846,52,-2.72,2.85,402.07,991.14,0.835,-1,-1,-1
846,53,748.00,218.12,113.73,283.36,0.810,-1,-1,-1
846,65,997.55,168.62,155.04,529.42,0.908,-1,-1,-1
846,68,1439.83,198.50,244.84,774.51,0.913,-1,-1,-1
846,72,330.61,122.92,269.86,860.78,0.887,-1,-1,-1
846,73,579.50,169.39,266.75,783.45,0.909,-1,-1,-1
846,74,1177.63,274.12,104.49,305.51,0.840,-1,-1,-1
847,2,836.04,196.30,171.29,449.08,0.880,-1,-1,-1
847,52,-14.94,2.05,395.76,982.30,0.785,-1,-1,-1
847,53,748.45,211.74,113.06,285.58,0.782,-1,-1,-1
847,65,998.72,161.97,154.17,526.35,0.904,-1,-1,-1
847,68,1446.87,191.06,248.66,787.23,0.921,-1,-1,-1
847,72,322.39,111.76,274.81,869.65,0.867,-1,-1,-1
847,73,577.62,161.73,270.53,797.04,0.902,-1,-1,-1
847,74,1180.33,269.45,104.19,306.70,0.836,-1,-1,-1
848,2,834.79,191.20,173.12,451.01,0.895,-1,-1,-1
848,52,-31.62,2.30,384.54,967.03,0.782,-1,-1,-1
848,53,747.58,206.70,111.93,285.17,0.723,-1,-1,-1
848,65,998.56,154.87,153.75,523.84,0.909,-1,-1,-1
848,68,1457.95,183.27,253.12,804.67,0.921,-1,-1,-1
848,72,311.79,103.47,282.10,886.15,0.900,-1,-1,-1
848,73,570.94,152.35,276.78,817.90,0.904,-1,-1,-1
848,74,1180.71,263.81,104.04,309.18,0.841,-1,-1,-1
849,2,832.25,190.72,174.45,452.36,0.897,-1,-1,-1
849,52,-57.40,7.95,385.66,988.01,0.659,-1,-1,-1
849,53,745.51,205.17,113.59,291.98,0.678,-1,-1,-1
849,65,997.79,152.62,153.33,520.19,0.919,-1,-1,-1
849,68,1468.02,176.16,260.18,833.02,0.905,-1,-1,-1
849,72,301.01,94.42,291.29,909.41,0.924,-1,-1,-1
849,73,566.09,149.47,282.81,839.81,0.903,-1,-1,-1
849,74,1180.08,262.12,103.35,310.31,0.843,-1,-1,-1
850,2,827.78,186.61,175.78,453.50,0.892,-1,-1,-1
850,52,-83.40,6.10,377.09,986.16,0.528,-1,-1,-1
850,53,743.85,200.82,108.54,279.28,0.515,-1,-1,-1
850,65,994.87,146.49,153.44,517.23,0.910,-1,-1,-1
850,68,1479.44,169.12,264.26,851.72,0.911,-1,-1,-1
850,72,289.47,84.96,296.76,922.13,0.919,-1,-1,-1
850,73,559.87,142.12,289.63,864.26,0.900,-1,-1,-1
850,74,1178.39,257.14,102.41,311.21,0.826,-1,-1,-1
850,78,1418.89,322.10,32.94,37.44,0.663,-1,-1,-1
851,2,823.35,182.48,176.69,455.00,0.899,-1,-1,-1
851,52,-99.18,3.46,340.80,917.34,0.601,-1,-1,-1
851,53,741.03,196.43,103.27,266.08,0.637,-1,-1,-1
851,65,992.38,141.17,154.51,517.24,0.918,-1,-1,-1
851,68,1493.13,163.27,267.64,864.89,0.927,-1,-1,-1
851,72,275.59,74.15,305.59,945.86,0.911,-1,-1,-1
851,73,552.64,133.29,296.80,889.50,0.896,-1,-1,-1
851,74,1177.34,251.88,101.56,312.11,0.824,-1,-1,-1
851,78,1417.70,316.82,33.48,38.05,0.677,-1,-1,-1
852,2,819.38,178.53,177.35,455.67,0.906,-1,-1,-1
852,53,738.08,191.42,98.81,254.40,0.645,-1,-1,-1
852,65,989.74,136.10,156.02,518.65,0.924,-1,-1,-1
852,68,1506.08,160.43,270.36,874.13,0.917,-1,-1,-1
852,72,260.54,64.66,312.51,963.82,0.917,-1,-1,-1
852,73,544.96,122.38,302.46,908.54,0.902,-1,-1,-1
852,74,1175.89,246.99,100.84,313.28,0.824,-1,-1,-1
852,78,1416.29,312.17,33.42,37.99,0.604,-1,-1,-1
853,2,816.82,176.14,177.71,455.58,0.908,-1,-1,-1
853,53,736.39,186.59,92.94,238.76,0.690,-1,-1,-1
853,65,987.25,132.11,157.56,519.96,0.925,-1,-1,-1
853,68,1518.69,152.15,274.90,887.69,0.926,-1,-1,-1
853,72,247.92,58.20,317.42,975.30,0.911,-1,-1,-1
853,73,537.44,110.87,308.39,928.44,0.900,-1,-1,-1
853,74,1175.16,242.46,100.39,315.11,0.817,-1,-1,-1
853,78,1414.52,308.22,33.69,38.30,0.562,-1,-1,-1
854,2,814.48,175.36,177.66,454.72,0.908,-1,-1,-1
854,53,732.72,182.62,90.23,231.29,0.622,-1,-1,-1
854,65,985.34,130.67,159.12,521.34,0.922,-1,-1,-1
854,68,1531.19,140.54,280.83,905.52,0.915,-1,-1,-1
854,72,233.69,50.08,322.29,984.56,0.920,-1,-1,-1
854,73,531.21,100.35,313.89,945.53,0.912,-1,-1,-1
854,74,1174.70,240.02,99.69,316.40,0.826,-1,-1,-1
854,78,1412.53,305.94,34.43,39.19,0.567,-1,-1,-1
855,2,809.84,173.22,178.41,456.25,0.908,-1,-1,-1
855,53,730.79,177.14,84.45,215.41,0.572,-1,-1,-1
855,65,981.73,128.44,160.73,522.72,0.923,-1,-1,-1
855,68,1540.97,122.70,288.52,927.08,0.919,-1,-1,-1
855,72,215.98,41.71,327.43,993.01,0.917,-1,-1,-1
855,73,523.60,88.82,318.38,957.43,0.912,-1,-1,-1
855,74,1172.65,236.23,99.18,317.90,0.807,-1,-1,-1
855,78,1410.04,303.07,34.85,39.70,0.552,-1,-1,-1
856,2,806.74,170.12,178.55,456.61,0.905,-1,-1,-1
856,53,730.02,172.40,72.79,181.09,0.523,-1,-1,-1
856,65,977.94,125.46,162.11,523.73,0.918,-1,-1,-1
856,68,1549.85,111.10,295.44,942.87,0.909,-1,-1,-1
856,72,196.06,35.10,332.12,998.64,0.901,-1,-1,-1
856,73,515.19,76.04,323.06,968.63,0.900,-1,-1,-1
856,74,1169.76,231.55,98.70,319.55,0.799,-1,-1,-1
856,78,1406.65,299.50,34.99,39.94,0.699,-1,-1,-1
857,2,801.54,167.26,178.76,457.38,0.899,-1,-1,-1
857,53,728.68,167.70,62.75,149.79,0.609,-1,-1,-1
857,65,973.39,124.60,163.26,524.51,0.916,-1,-1,-1
857,68,1559.03,102.78,302.69,955.47,0.914,-1,-1,-1
857,72,176.07,24.64,334.21,995.50,0.865,-1,-1,-1
857,73,505.04,66.57,327.96,977.55,0.912,-1,-1,-1
857,74,1166.06,229.66,97.97,320.02,0.817,-1,-1,-1
857,78,1402.21,297.65,35.00,39.97,0.595,-1,-1,-1
858,2,797.50,163.11,179.45,458.44,0.897,-1,-1,-1
858,53,723.66,163.38,59.44,136.64,0.565,-1,-1,-1
858,65,967.84,122.16,164.81,525.99,0.921,-1,-1,-1
858,68,1569.17,94.48,311.53,968.96,0.918,-1,-1,-1
858,72,153.05,13.22,338.66,998.73,0.862,-1,-1,-1
858,73,494.83,55.88,332.18,982.12,0.919,-1,-1,-1
858,74,1163.07,225.73,97.73,321.38,0.805,-1,-1,-1
858,78,1397.61,294.51,34.82,39.78,0.223,-1,-1,-1
859,2,795.16,158.44,180.46,460.80,0.905,-1,-1,-1
859,53,718.40,157.63,59.32,132.91,-1.000,-1,-1,-1
859,65,964.10,121.40,165.29,525.04,0.927,-1,-1,-1
859,68,1578.02,87.02,317.69,975.97,0.921,-1,-1,-1
859,72,129.26,5.71,343.28,1002.22,0.792,-1,-1,-1
859,73,486.17,46.14,338.29,991.12,0.917,-1,-1,-1
859,74,1159.99,222.00,97.26,323.13,0.806,-1,-1,-1
859,78,1392.94,291.07,34.63,39.57,0.466,-1,-1,-1
860,2,793.47,154.16,181.25,462.82,0.914,-1,-1,-1
860,53,713.15,151.88,59.19,129.19,0.608,-1,-1,-1
860,65,963.07,119.64,166.03,524.87,0.926,-1,-1,-1
860,68,1581.88,73.79,322.64,981.16,0.921,-1,-1,-1
860,72,99.05,6.88,354.37,1021.19,0.890,-1,-1,-1
860,73,476.20,37.22,345.28,1001.78,0.933,-1,-1,-1
860,74,1158.25,218.43,96.82,323.83,0.795,-1,-1,-1
860,78,1391.44,288.37,32.99,37.65,0.545,-1,-1,-1
861,2,791.86,149.51,181.72,464.67,0.916,-1,-1,-1
861,53,706.28,144.43,63.58,129.74,0.702,-1,-1,-1
861,65,962.97,118.23,166.44,523.88,0.919,-1,-1,-1
861,68,1582.30,61.07,327.12,986.18,0.921,-1,-1,-1
861,72,70.68,5.62,362.43,1027.45,0.882,-1,-1,-1
861,73,466.18,22.78,353.15,1015.69,0.935,-1,-1,-1
861,74,1156.88,214.15,96.83,325.63,0.805,-1,-1,-1
861,78,1391.02,285.27,32.26,36.73,0.626,-1,-1,-1
862,2,792.03,144.40,181.01,463.39,0.916,-1,-1,-1
862,53,700.60,138.47,67.24,130.44,0.594,-1,-1,-1
862,65,962.86,116.51,166.98,523.79,0.918,-1,-1,-1
862,68,1584.76,51.95,330.29,990.94,0.908,-1,-1,-1
862,72,45.01,7.21,370.41,1034.67,0.875,-1,-1,-1
862,73,456.24,13.73,359.28,1023.08,0.935,-1,-1,-1
862,74,1157.39,210.26,97.26,328.16,0.763,-1,-1,-1
862,78,1391.67,282.43,32.10,36.52,0.626,-1,-1,-1
863,2,792.80,142.21,179.51,460.21,0.914,-1,-1,-1
863,53,690.88,133.62,72.99,132.77,0.724,-1,-1,-1
863,65,963.68,115.22,167.34,523.05,0.921,-1,-1,-1
863,68,1587.81,42.13,332.50,996.06,0.889,-1,-1,-1
863,72,26.00,7.59,376.11,1038.02,0.916,-1,-1,-1
863,73,445.29,9.42,364.43,1026.86,0.933,-1,-1,-1
863,74,1160.81,207.25,97.86,331.18,0.761,-1,-1,-1
863,78,1392.05,280.03,31.85,36.12,0.552,-1,-1,-1
864,2,793.49,140.52,178.69,458.93,0.914,-1,-1,-1
864,53,682.41,131.52,80.00,138.73,0.709,-1,-1,-1
864,65,966.29,113.54,167.78,523.16,0.918,-1,-1,-1
864,68,1594.65,35.55,333.59,1002.21,0.853,-1,-1,-1
864,72,15.22,9.14,379.84,1039.90,0.885,-1,-1,-1
864,73,434.30,6.92,369.61,1030.29,0.939,-1,-1,-1
864,74,1163.72,205.49,97.54,332.16,0.799,-1,-1,-1
864,78,1393.83,278.21,31.95,36.16,0.518,-1,-1,-1
865,2,794.63,138.62,178.95,461.07,0.918,-1,-1,-1
865,53,674.79,130.02,87.72,147.63,0.637,-1,-1,-1
865,65,969.71,111.04,168.73,525.55,0.914,-1,-1,-1
865,68,1607.88,20.62,330.95,1001.23,0.784,-1,-1,-1
865,72,2.51,9.90,381.32,1042.40,0.890,-1,-1,-1
865,73,422.54,5.87,374.50,1032.90,0.941,-1,-1,-1
865,74,1167.21,204.34,97.42,333.45,0.787,-1,-1,-1
865,78,1396.33,276.99,31.45,35.47,0.570,-1,-1,-1
866,2,794.56,136.83,179.68,464.46,0.921,-1,-1,-1
866,53,664.11,128.68,101.50,169.66,0.505,-1,-1,-1
866,65,972.67,108.50,169.25,527.42,0.910,-1,-1,-1
866,68,1625.15,9.08,325.16,997.91,0.824,-1,-1,-1
866,72,-5.22,8.01,370.53,1013.07,0.851,-1,-1,-1
866,73,405.36,5.38,381.06,1039.35,0.940,-1,-1,-1
866,74,1170.35,202.61,97.54,335.21,0.793,-1,-1,-1
866,78,1398.17,274.17,31.98,36.03,0.386,-1,-1,-1
867,2,794.76,139.19,179.69,465.90,0.918,-1,-1,-1
867,53,649.20,131.88,123.60,207.33,0.760,-1,-1,-1
867,65,975.96,109.01,168.64,526.08,0.912,-1,-1,-1
867,68,1640.15,10.84,324.53,1020.94,0.868,-1,-1,-1
867,72,-15.96,9.29,363.67,1001.34,0.869,-1,-1,-1
867,73,387.74,6.03,385.87,1038.48,0.924,-1,-1,-1
867,74,1172.98,202.95,97.50,336.68,0.764,-1,-1,-1
867,78,1399.54,275.09,32.02,35.99,0.647,-1,-1,-1
867,79,751.18,200.86,60.11,329.32,0.631,-1,-1,-1
868,2,794.20,141.24,179.49,467.03,0.924,-1,-1,-1
868,53,635.31,135.73,141.16,239.78,0.749,-1,-1,-1
868,65,977.77,110.48,167.02,521.54,0.911,-1,-1,-1
868,68,1655.75,6.88,319.26,1029.76,0.813,-1,-1,-1
868,72,-29.03,14.46,365.88,1019.39,0.822,-1,-1,-1
868,73,365.49,6.43,393.23,1044.04,0.930,-1,-1,-1
868,74,1174.66,202.53,97.53,338.55,0.746,-1,-1,-1
868,78,1399.52,274.05,32.44,36.41,0.650,-1,-1,-1
868,79,748.36,204.86,60.75,332.47,0.754,-1,-1,-1
869,2,793.41,142.64,179.41,468.31,0.922,-1,-1,-1
869,53,621.82,136.82,159.53,276.40,0.750,-1,-1,-1
869,65,978.77,110.50,165.16,516.94,0.916,-1,-1,-1
869,68,1689.73,129.60,279.83,927.86,0.883,-1,-1,-1
869,72,-35.21,10.27,357.56,1009.03,0.835,-1,-1,-1
869,73,338.09,6.00,399.92,1044.58,0.927,-1,-1,-1
869,74,1176.38,202.59,97.26,339.85,0.769,-1,-1,-1
869,78,1399.46,272.71,33.24,37.26,0.474,-1,-1,-1
869,79,746.22,206.97,61.76,337.27,0.760,-1,-1,-1
870,2,793.07,145.77,179.32,469.59,0.915,-1,-1,-1
870,53,604.37,138.74,186.26,332.55,0.767,-1,-1,-1
870,65,979.22,111.04,164.14,515.72,0.918,-1,-1,-1
870,68,1710.99,184.31,257.97,874.13,0.783,-1,-1,-1
870,72,-42.58,9.66,349.69,1002.90,0.812,-1,-1,-1
870,73,311.90,5.98,405.57,1037.35,0.932,-1,-1,-1
870,74,1179.19,202.61,97.41,341.92,0.807,-1,-1,-1
870,78,1399.65,272.18,33.80,37.86,0.416,-1,-1,-1
870,79,743.92,209.30,63.38,345.41,0.717,-1,-1,-1
871,2,792.69,151.29,179.04,470.13,0.910,-1,-1,-1
871,53,583.62,141.92,218.42,408.51,0.854,-1,-1,-1
871,65,979.22,113.73,163.41,515.40,0.915,-1,-1,-1
871,68,1757.91,252.88,198.59,682.55,0.734,-1,-1,-1
871,72,-49.88,10.03,343.03,1002.81,0.802,-1,-1,-1
871,73,282.74,6.99,415.08,1038.09,0.935,-1,-1,-1
871,74,1180.24,203.74,97.71,345.56,0.818,-1,-1,-1
871,78,1400.09,273.21,34.73,38.91,0.220,-1,-1,-1
871,79,742.75,212.71,63.71,345.81,0.735,-1,-1,-1
872,2,792.78,156.88,178.84,470.97,0.912,-1,-1,-1
872,53,572.61,144.79,231.64,454.02,0.886,-1,-1,-1
872,65,978.91,116.54,162.82,517.19,0.917,-1,-1,-1
872,72,-61.43,14.80,337.04,1013.49,0.830,-1,-1,-1
872,73,252.84,8.23,423.74,1033.02,0.923,-1,-1,-1
872,74,1181.68,205.48,97.48,347.05,0.855,-1,-1,-1
872,78,1400.57,275.23,35.00,39.19,0.485,-1,-1,-1
872,79,740.29,216.70,64.33,348.03,0.740,-1,-1,-1
873,2,793.81,162.01,178.26,470.45,0.912,-1,-1,-1
873,53,566.70,146.73,234.57,479.18,0.887,-1,-1,-1
873,65,979.35,119.67,161.96,518.61,0.914,-1,-1,-1
873,72,-72.94,21.47,330.26,1013.57,0.628,-1,-1,-1
873,73,220.18,3.41,436.67,1039.76,0.893,-1,-1,-1
873,74,1181.70,207.06,97.94,349.22,0.790,-1,-1,-1
873,78,1402.44,276.74,35.56,39.61,0.484,-1,-1,-1
873,79,738.54,220.73,64.27,346.71,0.724,-1,-1,-1
874,2,794.32,165.31,178.21,471.35,0.916,-1,-1,-1
874,53,563.06,148.04,233.31,493.25,0.876,-1,-1,-1
874,65,979.49,122.40,160.98,519.62,0.898,-1,-1,-1
874,72,-78.18,80.89,310.44,970.74,0.554,-1,-1,-1
874,73,184.92,4.69,452.10,1050.24,0.884,-1,-1,-1
874,74,1184.71,208.19,97.98,350.93,0.805,-1,-1,-1
874,78,1404.05,277.75,35.87,39.75,0.501,-1,-1,-1
874,79,735.38,221.79,66.20,357.07,0.586,-1,-1,-1
875,2,796.03,167.08,177.79,471.36,0.912,-1,-1,-1
875,53,561.17,148.00,229.65,500.46,0.889,-1,-1,-1
875,65,979.33,125.61,159.59,519.46,0.880,-1,-1,-1
875,72,-44.99,129.56,294.96,933.64,0.827,-1,-1,-1
875,73,161.88,5.07,462.27,1048.65,0.907,-1,-1,-1
875,74,1185.70,209.00,98.27,352.28,0.777,-1,-1,-1
875,78,1405.42,279.02,35.83,39.46,0.493,-1,-1,-1
875,79,734.80,223.65,67.56,362.53,0.726,-1,-1,-1
876,2,797.45,168.16,177.37,471.43,0.915,-1,-1,-1
876,53,557.72,148.02,226.31,505.56,0.892,-1,-1,-1
876,65,978.97,128.55,158.19,519.96,0.885,-1,-1,-1
876,72,-41.70,171.87,273.67,876.60,0.647,-1,-1,-1
876,73,131.53,4.53,470.28,1037.80,0.885,-1,-1,-1
876,74,1188.47,210.31,98.38,353.32,0.748,-1,-1,-1
876,78,1406.42,280.26,36.39,39.74,0.653,-1,-1,-1
876,79,733.57,224.69,68.54,364.85,0.773,-1,-1,-1
877,2,798.01,167.49,176.76,471.11,0.917,-1,-1,-1
877,53,554.77,147.52,222.98,508.89,0.895,-1,-1,-1
877,65,977.79,130.97,156.35,519.04,0.889,-1,-1,-1
877,72,-37.91,229.47,234.19,761.57,0.659,-1,-1,-1
877,73,94.65,4.85,485.26,1043.97,0.875,-1,-1,-1
877,74,1190.10,210.60,98.45,353.72,0.758,-1,-1,-1
877,78,1405.95,280.62,36.59,39.74,0.675,-1,-1,-1
877,79,730.90,225.08,69.59,367.12,0.758,-1,-1,-1
878,2,798.13,166.15,176.06,470.66,0.920,-1,-1,-1
878,53,549.14,146.44,220.31,511.36,0.892,-1,-1,-1
878,65,975.93,132.26,154.64,517.87,0.892,-1,-1,-1
878,73,74.85,3.20,482.46,1009.66,0.879,-1,-1,-1
878,74,1188.67,209.26,99.03,354.49,0.758,-1,-1,-1
878,78,1404.49,279.96,36.41,39.52,0.658,-1,-1,-1
878,79,727.44,224.73,70.50,369.33,0.609,-1,-1,-1
879,2,796.66,163.94,175.92,471.14,0.924,-1,-1,-1
879,53,542.54,145.05,219.78,516.22,0.857,-1,-1,-1
879,65,973.90,133.62,152.91,516.06,0.892,-1,-1,-1
879,73,56.34,2.67,490.11,1005.09,0.877,-1,-1,-1
879,74,1184.79,208.49,100.43,355.19,0.791,-1,-1,-1
879,78,1402.98,279.60,36.33,39.35,0.636,-1,-1,-1
879,79,721.82,216.93,72.65,377.32,0.704,-1,-1,-1
879,80,1827.83,266.27,26.94,40.79,0.582,-1,-1,-1
880,2,795.95,161.71,174.31,466.58,0.913,-1,-1,-1
880,53,535.45,143.29,220.38,521.70,0.857,-1,-1,-1
880,65,971.10,134.19,151.47,514.52,0.878,-1,-1,-1
880,73,39.05,2.86,495.99,1004.51,0.840,-1,-1,-1
880,74,1182.57,207.82,101.89,355.83,0.811,-1,-1,-1
880,78,1402.40,279.72,35.65,38.70,0.516,-1,-1,-1
880,79,715.10,208.17,74.99,386.10,0.663,-1,-1,-1
880,80,1830.62,266.48,25.90,39.21,0.568,-1,-1,-1
881,2,795.06,158.21,173.25,463.18,0.907,-1,-1,-1
881,53,527.47,141.42,221.76,527.18,0.893,-1,-1,-1
881,65,967.45,133.32,150.25,513.98,0.887,-1,-1,-1
881,73,24.91,2.11,498.48,1002.63,0.754,-1,-1,-1
881,74,1183.79,206.15,103.08,357.51,0.778,-1,-1,-1
881,78,1402.14,279.09,34.94,37.98,0.492,-1,-1,-1
881,79,709.31,204.66,76.46,388.35,0.749,-1,-1,-1
881,80,1833.80,266.87,24.50,37.06,0.536,-1,-1,-1
882,2,793.82,155.83,173.19,462.66,0.906,-1,-1,-1
882,53,518.94,140.01,223.17,532.54,0.910,-1,-1,-1
882,65,964.15,131.16,149.80,514.86,0.892,-1,-1,-1
882,73,13.56,1.90,495.09,991.86,0.679,-1,-1,-1
882,74,1184.92,204.78,104.11,359.38,0.773,-1,-1,-1
882,78,1401.20,279.15,34.52,37.64,0.536,-1,-1,-1
882,79,701.98,201.18,77.56,388.31,0.786,-1,-1,-1
882,80,1836.82,267.82,23.44,35.41,0.550,-1,-1,-1
883,2,791.04,154.43,173.87,463.95,0.905,-1,-1,-1
883,53,508.33,138.89,225.98,539.91,0.892,-1,-1,-1
883,65,960.40,128.55,150.03,517.57,0.895,-1,-1,-1
883,73,0.92,3.85,494.81,990.68,0.700,-1,-1,-1
883,74,1184.34,204.66,105.22,360.18,0.805,-1,-1,-1
883,78,1400.24,280.48,33.32,36.26,0.550,-1,-1,-1
883,79,695.15,201.26,78.79,387.76,0.789,-1,-1,-1
883,80,1840.88,269.37,22.71,34.21,0.254,-1,-1,-1
884,2,787.55,152.77,174.33,464.62,0.905,-1,-1,-1
884,53,496.66,135.76,229.24,548.37,0.858,-1,-1,-1
884,65,956.31,124.28,150.44,519.82,0.896,-1,-1,-1
884,73,-18.80,9.77,497.55,999.93,0.540,-1,-1,-1
884,74,1181.51,202.78,106.85,362.10,0.824,-1,-1,-1
884,78,1400.79,280.84,31.56,34.27,0.314,-1,-1,-1
884,79,687.08,194.85,81.49,394.07,0.779,-1,-1,-1
884,80,1842.32,269.60,21.55,32.32,0.417,-1,-1,-1
885,2,784.28,150.12,174.78,466.01,0.906,-1,-1,-1
885,53,480.90,129.40,234.24,560.79,0.645,-1,-1,-1
885,65,951.78,120.23,151.31,522.89,0.875,-1,-1,-1
885,73,-39.03,12.33,496.71,1008.33,0.646,-1,-1,-1
885,74,1180.80,200.73,108.43,364.41,0.824,-1,-1,-1
885,78,1397.19,282.21,31.92,34.68,-1.000,-1,-1,-1
885,79,678.99,190.47,83.07,396.54,0.601,-1,-1,-1
885,80,1841.86,269.16,21.01,31.31,0.455,-1,-1,-1
886,2,779.24,151.32,175.85,468.37,0.898,-1,-1,-1
886,53,465.48,128.30,237.90,569.13,0.850,-1,-1,-1
886,65,945.60,119.73,152.33,526.28,0.863,-1,-1,-1
886,73,-60.34,16.62,490.19,1007.19,0.612,-1,-1,-1
886,74,1178.54,202.11,109.82,366.32,0.818,-1,-1,-1
886,78,1393.59,283.58,32.28,35.08,-1.000,-1,-1,-1
886,79,668.97,198.63,83.97,391.33,0.781,-1,-1,-1
886,80,1841.81,272.64,20.61,30.65,0.279,-1,-1,-1
887,2,772.15,154.20,176.24,468.34,0.892,-1,-1,-1
887,53,451.48,125.99,241.31,576.43,0.909,-1,-1,-1
887,65,940.21,120.25,151.66,522.39,0.850,-1,-1,-1
887,73,-84.87,20.24,485.06,1006.08,0.251,-1,-1,-1
887,74,1175.15,205.03,110.81,367.14,0.828,-1,-1,-1
887,78,1389.99,284.95,32.63,35.49,0.535,-1,-1,-1
887,79,658.45,198.70,86.40,394.74,0.747,-1,-1,-1
887,80,1838.86,277.72,21.88,32.51,0.446,-1,-1,-1
888,2,763.93,154.17,177.09,469.96,0.896,-1,-1,-1
888,53,435.23,121.64,244.30,582.20,0.845,-1,-1,-1
888,65,932.29,118.29,150.12,513.44,0.901,-1,-1,-1
888,74,1171.34,204.73,111.48,367.92,0.834,-1,-1,-1
888,78,1383.47,284.18,33.48,36.54,0.536,-1,-1,-1
888,79,645.94,201.12,88.02,393.02,0.805,-1,-1,-1
888,80,1832.49,277.79,23.76,34.98,0.551,-1,-1,-1
889,2,754.14,154.72,177.53,471.20,0.871,-1,-1,-1
889,53,417.91,113.37,249.97,593.04,0.838,-1,-1,-1
889,65,921.47,117.15,150.38,510.77,0.884,-1,-1,-1
889,74,1165.32,204.63,112.42,370.14,0.837,-1,-1,-1
889,78,1375.05,284.45,34.00,37.21,0.367,-1,-1,-1
889,79,631.26,206.38,88.88,388.98,0.773,-1,-1,-1
890,2,739.64,157.66,177.11,471.96,0.881,-1,-1,-1
890,53,391.25,106.05,255.20,604.58,0.875,-1,-1,-1
890,65,904.17,118.48,151.45,511.33,0.893,-1,-1,-1
890,74,1152.43,206.97,112.91,371.54,0.814,-1,-1,-1
890,78,1360.16,288.08,32.89,35.87,0.132,-1,-1,-1
890,79,608.17,209.39,90.35,387.50,0.797,-1,-1,-1
891,2,727.21,162.05,176.66,472.89,0.890,-1,-1,-1
891,53,368.61,100.34,260.79,614.78,0.892,-1,-1,-1
891,65,889.60,120.46,153.36,513.63,0.889,-1,-1,-1
891,74,1142.26,209.74,113.34,372.97,0.838,-1,-1,-1
891,78,1347.35,291.34,34.19,37.38,0.572,-1,-1,-1
891,79,588.73,212.44,91.71,385.92,0.820,-1,-1,-1
892,2,716.28,165.00,176.02,473.37,0.901,-1,-1,-1
892,53,345.97,93.66,267.87,629.39,0.875,-1,-1,-1
892,65,877.55,122.25,155.27,517.19,0.864,-1,-1,-1
892,74,1133.10,213.13,113.45,374.17,0.843,-1,-1,-1
892,78,1337.10,294.75,34.73,38.16,0.619,-1,-1,-1
892,79,570.05,211.66,94.96,392.05,0.786,-1,-1,-1
892,81,1066.35,286.27,53.94,46.52,0.641,-1,-1,-1
893,2,706.29,167.55,174.28,471.83,0.898,-1,-1,-1
893,53,323.06,87.55,274.92,643.62,0.893,-1,-1,-1
893,65,866.58,126.33,156.74,517.25,0.911,-1,-1,-1
893,74,1123.66,217.12,113.63,374.31,0.871,-1,-1,-1
893,78,1326.08,296.97,35.89,39.70,0.683,-1,-1,-1
893,79,547.75,217.03,100.67,408.52,0.820,-1,-1,-1
893,81,1054.50,287.50,56.70,48.90,0.613,-1,-1,-1
894,2,695.88,169.84,173.59,472.53,0.901,-1,-1,-1
894,53,303.38,85.18,280.18,653.85,0.902,-1,-1,-1
894,65,856.20,130.36,158.97,518.07,0.899,-1,-1,-1
894,74,1116.04,220.87,113.78,374.62,0.839,-1,-1,-1
894,78,1318.47,301.03,35.80,39.66,0.653,-1,-1,-1
894,79,527.30,202.62,109.15,436.42,0.819,-1,-1,-1
894,81,1048.22,291.11,55.82,48.09,0.607,-1,-1,-1
895,2,686.03,170.49,172.85,473.45,0.892,-1,-1,-1
895,53,284.14,81.99,288.36,672.52,0.881,-1,-1,-1
895,65,847.13,134.56,160.97,518.90,0.902,-1,-1,-1
895,74,1108.70,222.55,114.75,377.11,0.819,-1,-1,-1
895,78,1311.41,305.08,35.55,39.31,0.507,-1,-1,-1
895,79,510.39,190.57,115.36,456.34,0.813,-1,-1,-1
895,81,1041.41,293.73,55.64,47.90,0.547,-1,-1,-1
896,2,678.17,170.36,171.53,472.54,0.891,-1,-1,-1
896,53,265.96,78.67,293.78,684.40,0.883,-1,-1,-1
896,65,841.05,138.26,162.36,519.16,0.904,-1,-1,-1
896,74,1103.99,223.78,115.93,379.23,0.833,-1,-1,-1
896,78,1305.72,308.11,35.15,38.85,0.276,-1,-1,-1
896,79,494.77,183.84,119.76,470.07,0.831,-1,-1,-1
896,81,1034.58,296.12,55.50,47.81,0.538,-1,-1,-1
897,2,663.67,170.82,171.49,469.68,0.802,-1,-1,-1
897,53,246.95,74.92,300.66,702.18,0.888,-1,-1,-1
897,65,832.86,141.90,163.12,518.58,0.800,-1,-1,-1
897,74,1100.37,225.22,116.87,380.45,0.834,-1,-1,-1
897,79,480.81,176.68,123.90,482.05,0.838,-1,-1,-1
897,81,1028.98,298.17,56.02,48.32,0.493,-1,-1,-1
898,2,659.75,171.86,174.30,478.72,0.797,-1,-1,-1
898,53,233.87,71.28,307.21,719.22,0.869,-1,-1,-1
898,65,829.28,145.23,163.56,519.07,0.808,-1,-1,-1
898,74,1098.76,227.72,117.74,381.46,0.839,-1,-1,-1
898,79,471.25,175.65,126.55,487.25,0.827,-1,-1,-1
898,81,1026.91,299.78,56.31,48.64,0.499,-1,-1,-1
898,82,956.73,252.28,47.24,241.79,0.607,-1,-1,-1
899,2,649.38,170.99,175.59,476.97,0.848,-1,-1,-1
899,53,223.03,65.78,312.99,734.21,0.886,-1,-1,-1
899,65,828.98,147.55,163.82,517.99,0.835,-1,-1,-1
899,74,1098.75,228.73,118.55,382.25,0.835,-1,-1,-1
899,79,462.97,172.94,129.99,494.74,0.847,-1,-1,-1
899,81,1026.81,301.35,55.38,47.88,0.322,-1,-1,-1
899,82,955.43,256.22,46.72,239.14,0.494,-1,-1,-1
900,2,641.58,169.50,185.63,502.36,0.863,-1,-1,-1
900,53,212.60,60.72,320.60,754.80,0.886,-1,-1,-1
900,65,832.17,149.69,164.57,517.73,0.871,-1,-1,-1
900,74,1101.64,228.45,119.92,385.06,0.838,-1,-1,-1
900,79,458.02,171.40,134.14,504.60,0.851,-1,-1,-1
900,81,1030.33,302.16,55.22,47.79,0.460,-1,-1,-1
900,82,958.04,267.16,44.98,230.21,0.510,-1,-1,-1
