1,1,1697.84,389.38,158.87,339.60,0.909,-1,-1,-1
1,2,0.28,342.21,111.58,562.00,0.847,-1,-1,-1
1,3,1292.63,462.45,67.30,197.17,0.834,-1,-1,-1
1,4,260.91,457.23,92.48,247.77,0.789,-1,-1,-1
1,5,1887.77,395.22,31.82,176.42,0.715,-1,-1,-1
1,6,121.17,509.35,74.62,236.65,0.640,-1,-1,-1
1,7,1255.88,538.00,59.80,117.93,0.620,-1,-1,-1
1,8,866.19,522.74,37.25,104.78,0.561,-1,-1,-1
1,9,46.90,498.92,70.17,250.58,0.509,-1,-1,-1
2,1,1694.19,388.26,159.31,340.50,0.899,-1,-1,-1
2,2,2.94,337.80,112.39,565.66,0.855,-1,-1,-1
2,3,1293.68,462.36,67.47,197.82,0.807,-1,-1,-1
2,4,263.18,456.91,92.54,248.01,0.811,-1,-1,-1
2,5,1886.78,393.46,31.80,176.18,0.747,-1,-1,-1
2,6,120.35,507.55,75.17,238.48,0.637,-1,-1,-1
2,7,1256.40,538.56,60.02,118.44,-1.000,-1,-1,-1
2,8,866.49,522.21,37.34,105.06,0.520,-1,-1,-1
3,1,1691.15,387.72,159.59,340.86,0.880,-1,-1,-1
3,2,3.87,323.87,115.29,579.58,0.867,-1,-1,-1
3,3,1294.62,462.15,67.32,197.57,0.789,-1,-1,-1
3,4,262.90,457.34,92.55,247.95,0.792,-1,-1,-1
3,5,1885.96,388.89,31.52,174.25,0.738,-1,-1,-1
3,6,121.86,517.31,71.92,228.21,0.712,-1,-1,-1
3,7,1256.92,539.12,60.24,118.94,0.694,-1,-1,-1
3,8,866.20,522.24,37.34,105.06,0.552,-1,-1,-1
4,1,1687.00,387.19,160.22,342.18,0.877,-1,-1,-1
4,2,2.55,278.94,124.35,624.85,0.837,-1,-1,-1
4,3,1295.39,461.59,67.26,197.77,0.785,-1,-1,-1
4,4,263.37,457.10,92.86,248.82,0.829,-1,-1,-1
4,5,1883.14,375.76,34.76,191.98,0.628,-1,-1,-1
4,6,122.08,522.91,70.09,222.49,0.670,-1,-1,-1
4,7,1258.31,540.26,59.65,118.06,0.705,-1,-1,-1
4,8,866.54,521.68,37.36,105.22,0.585,-1,-1,-1
5,1,1684.11,386.96,161.84,345.86,0.873,-1,-1,-1
5,2,4.86,249.87,130.50,653.95,0.873,-1,-1,-1
5,3,1297.74,461.12,67.43,198.54,0.781,-1,-1,-1
5,4,261.66,457.80,92.96,248.69,0.776,-1,-1,-1
5,5,1879.64,351.65,39.79,220.01,0.783,-1,-1,-1
5,6,123.32,524.36,69.70,221.22,0.613,-1,-1,-1
5,7,1260.57,541.13,59.11,117.49,0.710,-1,-1,-1
5,8,867.26,521.77,37.13,104.72,0.623,-1,-1,-1
6,1,1683.04,386.85,163.19,349.28,0.870,-1,-1,-1
6,2,5.43,234.71,134.28,670.94,0.882,-1,-1,-1
6,3,1300.22,460.70,67.59,199.09,0.753,-1,-1,-1
6,4,261.01,457.77,93.33,249.26,0.775,-1,-1,-1
6,5,1877.44,341.17,42.21,233.40,0.802,-1,-1,-1
6,6,122.71,523.76,69.94,222.09,0.595,-1,-1,-1
6,7,1263.28,541.33,58.78,117.38,0.588,-1,-1,-1
6,8,867.19,521.68,37.07,104.66,0.538,-1,-1,-1
7,1,1682.35,386.98,163.49,350.79,0.855,-1,-1,-1
7,2,11.00,228.40,136.64,676.04,0.921,-1,-1,-1
7,3,1304.05,459.38,68.28,200.86,0.780,-1,-1,-1
7,4,264.29,456.64,93.18,249.28,0.832,-1,-1,-1
7,5,1875.04,335.60,44.09,243.35,0.799,-1,-1,-1
7,6,124.46,529.53,68.23,216.42,0.635,-1,-1,-1
7,7,1265.90,540.80,58.66,117.90,0.618,-1,-1,-1
8,1,1681.57,387.46,163.26,351.53,0.868,-1,-1,-1
8,2,13.13,223.67,139.39,682.53,0.915,-1,-1,-1
8,3,1306.46,458.84,68.58,201.43,0.793,-1,-1,-1
8,4,268.05,455.99,92.81,249.32,0.774,-1,-1,-1
8,5,1873.34,335.62,45.48,250.62,0.785,-1,-1,-1
8,6,123.17,519.74,71.31,226.41,0.525,-1,-1,-1
8,7,1269.07,540.27,58.57,118.31,0.540,-1,-1,-1
9,1,1682.31,388.34,162.96,352.02,0.869,-1,-1,-1
9,2,13.41,221.86,140.94,682.81,0.919,-1,-1,-1
9,3,1309.34,458.44,68.91,201.65,0.836,-1,-1,-1
9,4,267.12,456.14,92.52,248.60,0.765,-1,-1,-1
9,5,1872.16,336.72,46.19,253.84,0.806,-1,-1,-1
9,6,122.29,511.26,73.82,234.84,0.773,-1,-1,-1
9,7,1271.14,539.73,58.82,119.42,0.533,-1,-1,-1
10,1,1680.52,389.16,162.83,353.57,0.885,-1,-1,-1
10,2,15.90,223.43,142.67,680.55,0.929,-1,-1,-1
10,3,1312.42,458.35,69.38,201.85,0.868,-1,-1,-1
10,4,267.53,455.42,92.47,248.67,0.765,-1,-1,-1
10,5,1870.82,337.69,47.40,259.74,0.781,-1,-1,-1
10,6,121.81,506.22,75.28,240.09,0.746,-1,-1,-1
10,7,1272.97,539.49,59.28,121.23,0.643,-1,-1,-1
11,1,1680.72,389.22,162.81,354.59,0.881,-1,-1,-1
11,2,16.86,224.52,144.52,678.24,0.932,-1,-1,-1
11,3,1314.96,458.64,69.96,202.24,0.874,-1,-1,-1
11,4,269.16,455.74,91.97,247.92,0.740,-1,-1,-1
11,5,1868.99,338.42,49.02,267.79,0.752,-1,-1,-1
11,6,120.71,500.89,76.67,245.45,0.736,-1,-1,-1
11,7,1275.05,539.68,59.43,122.32,0.616,-1,-1,-1
12,1,1679.97,387.95,163.39,356.46,0.877,-1,-1,-1
12,2,17.19,225.85,146.74,677.16,0.933,-1,-1,-1
12,3,1317.26,458.98,70.68,202.47,0.881,-1,-1,-1
12,4,268.68,455.17,92.04,248.34,0.777,-1,-1,-1
12,5,1867.29,338.39,50.78,276.72,0.758,-1,-1,-1
12,6,120.07,498.44,77.14,247.96,0.705,-1,-1,-1
12,7,1276.90,539.83,59.07,122.47,0.673,-1,-1,-1
13,1,1676.53,385.77,164.04,359.00,0.881,-1,-1,-1
13,2,16.60,226.76,152.32,692.21,0.930,-1,-1,-1
13,3,1319.13,459.39,71.42,202.76,0.874,-1,-1,-1
13,4,267.88,454.86,92.54,249.37,0.754,-1,-1,-1
13,5,1865.33,336.70,53.20,289.59,0.735,-1,-1,-1
13,6,119.38,494.30,77.96,251.62,0.629,-1,-1,-1
13,7,1278.85,539.97,58.70,122.80,0.650,-1,-1,-1
14,1,1674.57,384.09,164.19,360.39,0.892,-1,-1,-1
14,2,16.85,228.65,155.86,696.65,0.930,-1,-1,-1
14,3,1320.16,459.81,71.90,202.96,0.863,-1,-1,-1
14,4,269.70,454.63,92.73,249.61,0.688,-1,-1,-1
14,5,1863.56,336.20,55.87,304.57,0.767,-1,-1,-1
14,7,1280.35,540.02,58.24,123.17,0.682,-1,-1,-1
14,10,872.15,520.90,40.84,107.60,0.629,-1,-1,-1
15,1,1672.22,381.84,164.74,362.75,0.872,-1,-1,-1
15,2,18.96,231.75,158.02,692.01,0.927,-1,-1,-1
15,3,1321.67,460.20,72.14,202.84,0.823,-1,-1,-1
15,4,277.65,454.54,92.45,249.31,0.660,-1,-1,-1
15,5,1861.21,331.66,59.12,323.22,0.788,-1,-1,-1
15,7,1281.83,539.61,57.75,123.55,0.693,-1,-1,-1
15,10,872.69,521.05,41.02,108.00,0.642,-1,-1,-1
15,11,1813.26,444.54,45.41,173.26,0.795,-1,-1,-1
16,1,1668.90,380.54,164.61,363.49,0.860,-1,-1,-1
16,2,19.96,231.11,160.68,688.78,0.934,-1,-1,-1
16,3,1322.98,460.49,72.50,202.76,0.825,-1,-1,-1
16,4,287.31,454.71,91.88,248.85,0.527,-1,-1,-1
16,5,1859.58,330.12,61.01,334.34,0.821,-1,-1,-1
16,7,1283.53,538.89,57.64,124.61,0.688,-1,-1,-1
16,10,873.46,521.36,41.12,108.28,0.658,-1,-1,-1
16,11,1815.89,444.54,45.67,173.36,0.777,-1,-1,-1
17,1,1666.04,379.15,165.27,364.90,0.866,-1,-1,-1
17,2,21.04,232.72,163.58,685.35,0.937,-1,-1,-1
17,3,1324.48,460.99,72.68,202.23,0.822,-1,-1,-1
17,4,285.58,454.25,93.02,249.21,0.519,-1,-1,-1
17,5,1858.35,328.02,62.44,343.10,0.833,-1,-1,-1
17,7,1285.20,538.70,57.13,124.79,0.678,-1,-1,-1
17,10,873.89,521.15,41.56,109.48,0.648,-1,-1,-1
17,11,1817.31,445.44,46.00,173.44,0.751,-1,-1,-1
18,1,1660.67,378.07,165.92,366.20,0.873,-1,-1,-1
18,2,23.15,234.75,166.20,678.58,0.936,-1,-1,-1
18,3,1325.54,461.46,72.65,201.73,0.811,-1,-1,-1
18,4,301.00,455.07,92.43,248.39,0.858,-1,-1,-1
18,5,1854.73,324.73,68.41,379.89,0.818,-1,-1,-1
18,7,1287.39,538.79,56.09,123.80,0.750,-1,-1,-1
18,10,874.91,520.92,41.62,109.73,0.658,-1,-1,-1
18,11,1817.82,446.15,46.14,172.60,0.802,-1,-1,-1
19,1,1655.62,377.46,167.26,368.38,0.888,-1,-1,-1
19,2,25.37,236.75,169.21,672.18,0.930,-1,-1,-1
19,3,1325.69,461.62,72.46,201.41,0.811,-1,-1,-1
19,4,307.77,454.62,92.35,248.42,0.862,-1,-1,-1
19,5,1852.45,321.76,71.98,404.47,0.841,-1,-1,-1
19,7,1289.71,538.65,55.84,124.08,0.731,-1,-1,-1
19,10,875.78,520.80,41.63,109.89,0.659,-1,-1,-1
19,11,1816.80,446.93,46.35,171.48,0.826,-1,-1,-1
20,1,1651.47,376.84,168.24,369.82,0.894,-1,-1,-1
20,2,28.84,237.28,173.85,669.49,0.929,-1,-1,-1
20,3,1326.31,461.69,72.39,201.55,0.804,-1,-1,-1
20,4,311.67,455.66,92.32,247.84,0.847,-1,-1,-1
20,5,1850.68,320.08,74.06,420.68,0.848,-1,-1,-1
20,7,1292.63,539.47,55.23,123.29,0.690,-1,-1,-1
20,10,877.28,520.99,41.34,109.41,0.628,-1,-1,-1
20,11,1814.80,447.41,46.65,171.11,0.795,-1,-1,-1
21,1,1647.97,376.74,169.68,372.33,0.895,-1,-1,-1
21,2,30.65,237.90,178.80,667.46,0.929,-1,-1,-1
21,3,1327.56,461.82,72.28,201.66,0.774,-1,-1,-1
21,4,313.34,456.96,92.10,246.36,0.851,-1,-1,-1
21,5,1850.05,319.28,75.01,431.02,0.852,-1,-1,-1
21,7,1294.34,539.89,54.87,123.17,0.629,-1,-1,-1
21,10,877.77,521.70,40.87,108.40,0.602,-1,-1,-1
21,11,1814.10,447.73,47.03,170.95,0.805,-1,-1,-1
22,1,1643.00,376.90,170.40,373.61,0.892,-1,-1,-1
22,2,32.92,239.09,184.56,665.89,0.938,-1,-1,-1
22,3,1328.90,461.60,72.25,201.76,0.764,-1,-1,-1
22,4,312.99,455.89,92.64,247.60,0.868,-1,-1,-1
22,5,1849.19,318.63,75.50,438.13,0.852,-1,-1,-1
22,7,1295.85,540.16,54.53,123.06,0.540,-1,-1,-1
22,10,878.15,522.47,40.66,108.13,0.563,-1,-1,-1
22,11,1813.06,447.62,47.76,172.00,0.821,-1,-1,-1
23,1,1639.63,378.39,171.20,375.53,0.902,-1,-1,-1
23,2,37.33,240.35,190.92,663.15,0.931,-1,-1,-1
23,3,1330.85,461.33,72.42,202.07,0.757,-1,-1,-1
23,4,312.18,454.24,93.36,249.33,0.888,-1,-1,-1
23,5,1848.03,318.41,75.81,443.18,0.862,-1,-1,-1
23,10,878.47,522.40,40.65,108.46,0.546,-1,-1,-1
23,11,1813.82,447.21,48.18,172.36,0.851,-1,-1,-1
24,1,1637.02,379.14,171.78,377.11,0.904,-1,-1,-1
24,2,42.26,241.24,198.38,660.25,0.938,-1,-1,-1
24,3,1331.38,461.22,72.51,202.57,0.743,-1,-1,-1
24,4,311.91,454.75,93.29,248.83,0.889,-1,-1,-1
24,5,1847.00,318.55,75.76,445.13,0.878,-1,-1,-1
24,10,878.83,522.22,40.57,108.65,0.518,-1,-1,-1
24,11,1813.57,446.41,48.75,172.84,0.838,-1,-1,-1
25,1,1634.61,380.41,171.97,378.42,0.901,-1,-1,-1
25,2,50.75,238.61,209.97,663.90,0.949,-1,-1,-1
25,3,1332.98,461.12,72.93,203.30,0.751,-1,-1,-1
25,4,311.27,456.48,93.19,247.45,0.836,-1,-1,-1
25,5,1843.37,319.64,76.24,445.08,0.899,-1,-1,-1
25,10,879.33,522.31,40.38,108.50,-1.000,-1,-1,-1
25,11,1814.07,445.97,48.80,172.12,0.772,-1,-1,-1
26,1,1631.34,380.46,172.51,380.49,0.905,-1,-1,-1
26,2,55.79,237.35,221.20,665.67,0.942,-1,-1,-1
26,3,1333.99,461.13,73.14,203.52,0.765,-1,-1,-1
26,4,312.33,457.21,93.02,246.63,0.882,-1,-1,-1
26,5,1840.89,320.42,77.08,446.88,0.891,-1,-1,-1
26,10,879.84,522.40,40.20,108.36,0.527,-1,-1,-1
26,11,1815.19,445.57,48.79,172.03,0.600,-1,-1,-1
27,1,1627.74,379.92,172.77,381.89,0.897,-1,-1,-1
27,2,59.47,237.31,231.43,664.42,0.927,-1,-1,-1
27,3,1334.40,461.16,73.24,203.58,0.764,-1,-1,-1
27,4,312.18,457.68,93.12,246.09,0.880,-1,-1,-1
27,5,1839.99,321.30,77.54,447.02,0.887,-1,-1,-1
28,1,1624.73,378.03,173.25,383.79,0.884,-1,-1,-1
28,2,63.02,235.14,242.44,666.04,0.904,-1,-1,-1
28,3,1334.88,461.20,73.48,203.78,0.784,-1,-1,-1
28,4,312.42,457.57,93.56,246.04,0.889,-1,-1,-1
28,5,1838.00,320.33,78.57,449.06,0.894,-1,-1,-1
28,12,1307.11,538.83,42.58,125.84,0.656,-1,-1,-1
29,1,1623.21,375.95,173.40,385.73,0.891,-1,-1,-1
29,2,63.14,233.88,253.41,666.84,0.919,-1,-1,-1
29,3,1335.43,461.28,73.63,203.54,0.788,-1,-1,-1
29,4,313.24,457.30,94.49,246.30,0.884,-1,-1,-1
29,5,1835.28,319.16,79.89,450.82,0.901,-1,-1,-1
29,12,1307.76,538.56,42.81,126.57,0.656,-1,-1,-1
30,1,1622.38,374.17,173.39,387.85,0.888,-1,-1,-1
30,2,66.57,233.18,265.60,667.58,0.923,-1,-1,-1
30,3,1335.85,461.75,73.73,203.05,0.796,-1,-1,-1
30,4,316.20,455.44,95.73,248.47,0.834,-1,-1,-1
30,5,1831.85,316.80,81.83,454.38,0.909,-1,-1,-1
30,12,1308.45,538.76,42.79,126.58,0.588,-1,-1,-1
31,1,1621.68,373.73,172.30,388.09,0.874,-1,-1,-1
31,2,70.15,232.99,278.45,667.12,0.928,-1,-1,-1
31,3,1335.94,462.06,73.83,202.67,0.804,-1,-1,-1
31,4,322.09,455.57,95.65,248.28,0.794,-1,-1,-1
31,5,1828.98,314.43,83.76,457.20,0.912,-1,-1,-1
31,12,1309.31,539.20,42.63,126.12,0.592,-1,-1,-1
32,1,1620.92,372.66,171.72,389.11,0.864,-1,-1,-1
32,2,67.36,232.73,290.06,667.55,0.925,-1,-1,-1
32,3,1335.53,462.22,73.85,202.32,0.825,-1,-1,-1
32,4,327.02,455.06,96.17,249.59,0.789,-1,-1,-1
32,5,1825.98,312.60,85.72,459.02,0.913,-1,-1,-1
32,12,1310.46,539.49,42.37,125.36,0.651,-1,-1,-1
33,1,1620.20,371.89,170.70,389.27,0.876,-1,-1,-1
33,2,66.73,233.95,301.82,666.56,0.936,-1,-1,-1
33,3,1336.08,462.34,74.09,202.24,0.863,-1,-1,-1
33,5,1822.21,310.08,88.08,461.33,0.913,-1,-1,-1
33,12,1311.76,539.35,42.42,125.52,0.639,-1,-1,-1
34,1,1619.21,371.24,169.81,390.07,0.879,-1,-1,-1
34,2,65.46,235.95,311.99,663.39,0.933,-1,-1,-1
34,3,1337.46,462.56,74.67,202.18,0.867,-1,-1,-1
34,5,1818.92,308.97,90.32,462.20,0.915,-1,-1,-1
34,12,1312.75,539.28,42.43,125.63,0.670,-1,-1,-1
35,1,1619.09,370.80,170.25,393.52,0.865,-1,-1,-1
35,2,67.92,240.10,323.96,660.99,0.949,-1,-1,-1
35,3,1339.39,463.20,75.49,201.94,0.881,-1,-1,-1
35,5,1814.83,307.53,92.89,463.01,0.917,-1,-1,-1
35,12,1313.81,539.76,42.34,125.34,0.729,-1,-1,-1
36,1,1616.84,370.05,170.24,397.23,0.873,-1,-1,-1
36,2,69.05,244.30,334.68,656.22,0.949,-1,-1,-1
36,3,1340.20,463.64,76.16,201.68,0.878,-1,-1,-1
36,5,1811.87,307.03,95.31,463.42,0.916,-1,-1,-1
36,12,1314.87,540.06,42.27,124.90,0.682,-1,-1,-1
37,1,1616.17,369.84,169.99,399.78,0.853,-1,-1,-1
37,2,67.26,245.30,346.19,654.86,0.941,-1,-1,-1
37,3,1340.86,463.67,76.92,201.75,0.875,-1,-1,-1
37,5,1808.81,306.20,97.84,463.78,0.916,-1,-1,-1
37,12,1315.54,540.34,42.28,124.63,0.744,-1,-1,-1
38,1,1615.66,369.96,169.10,401.09,0.876,-1,-1,-1
38,2,69.26,250.20,354.57,649.80,0.940,-1,-1,-1
38,3,1341.34,463.75,77.33,201.46,0.867,-1,-1,-1
38,5,1805.78,305.61,100.79,466.44,0.918,-1,-1,-1
38,12,1316.27,540.21,42.31,124.41,0.756,-1,-1,-1
39,1,1615.09,370.81,167.87,401.52,0.880,-1,-1,-1
39,2,80.33,255.08,359.75,645.01,0.929,-1,-1,-1
39,3,1341.41,464.11,77.61,201.09,0.865,-1,-1,-1
39,5,1803.06,305.35,103.98,470.74,0.920,-1,-1,-1
39,12,1316.78,539.98,42.42,124.58,0.739,-1,-1,-1
40,1,1615.36,371.82,167.26,402.73,0.887,-1,-1,-1
40,2,95.38,257.08,362.99,643.14,0.903,-1,-1,-1
40,3,1341.76,464.38,77.80,200.58,0.867,-1,-1,-1
40,5,1800.40,305.54,106.90,473.64,0.926,-1,-1,-1
40,12,1317.22,539.59,42.59,124.87,0.766,-1,-1,-1
41,1,1614.98,371.54,167.70,406.13,0.889,-1,-1,-1
41,2,114.41,256.00,364.67,643.65,0.914,-1,-1,-1
41,3,1342.21,464.30,78.19,200.71,0.861,-1,-1,-1
41,5,1798.53,305.89,109.07,473.47,0.925,-1,-1,-1
41,12,1317.55,539.49,42.69,124.93,0.734,-1,-1,-1
42,1,1613.58,371.26,168.09,408.97,0.893,-1,-1,-1
42,2,138.10,254.91,358.45,631.47,0.911,-1,-1,-1
42,3,1342.57,464.26,78.63,201.13,0.857,-1,-1,-1
42,5,1796.52,306.53,111.30,473.56,0.928,-1,-1,-1
42,12,1317.72,539.45,42.78,124.97,0.737,-1,-1,-1
42,13,123.59,529.68,67.04,216.38,0.668,-1,-1,-1
43,1,1612.36,370.15,168.61,411.10,0.902,-1,-1,-1
43,2,163.76,253.44,356.65,633.92,0.901,-1,-1,-1
43,3,1342.99,464.06,78.82,200.88,0.854,-1,-1,-1
43,5,1794.36,307.92,114.36,478.31,0.930,-1,-1,-1
43,12,1318.19,539.19,42.88,125.14,0.742,-1,-1,-1
43,13,118.99,501.48,75.53,244.25,0.576,-1,-1,-1
44,1,1609.22,368.76,168.55,412.39,0.891,-1,-1,-1
44,2,192.99,251.84,350.37,632.75,0.912,-1,-1,-1
44,3,1343.17,463.83,79.26,201.41,0.861,-1,-1,-1
44,5,1792.73,308.94,116.65,480.18,0.930,-1,-1,-1
44,12,1318.56,538.93,43.02,125.46,0.712,-1,-1,-1
44,13,119.59,509.99,72.87,235.69,0.542,-1,-1,-1
45,1,1606.31,365.93,169.21,415.57,0.891,-1,-1,-1
45,2,228.60,251.94,339.16,625.76,0.896,-1,-1,-1
45,3,1343.31,463.71,79.55,201.72,0.867,-1,-1,-1
45,5,1790.74,308.16,119.41,484.76,0.927,-1,-1,-1
45,12,1319.02,538.87,43.09,125.60,0.723,-1,-1,-1
45,13,120.85,518.28,70.28,227.39,0.670,-1,-1,-1
46,1,1603.88,363.84,169.93,417.80,0.888,-1,-1,-1
46,2,257.46,252.13,328.42,620.18,0.899,-1,-1,-1
46,3,1344.05,464.37,79.37,200.77,0.868,-1,-1,-1
46,5,1789.46,306.45,121.83,488.96,0.926,-1,-1,-1
46,12,1319.30,538.79,43.13,125.67,0.704,-1,-1,-1
46,13,121.39,522.20,69.04,223.39,0.610,-1,-1,-1
47,1,1600.25,363.24,170.52,418.15,0.904,-1,-1,-1
47,2,274.93,252.78,320.05,618.53,0.830,-1,-1,-1
47,3,1344.22,465.02,79.19,200.02,0.865,-1,-1,-1
47,5,1788.57,303.07,124.21,494.19,0.927,-1,-1,-1
47,12,1319.27,538.84,43.18,125.65,0.697,-1,-1,-1
47,13,122.32,527.46,67.36,217.87,0.583,-1,-1,-1
47,14,247.26,457.89,54.69,240.61,0.754,-1,-1,-1
48,1,1594.60,361.74,172.25,419.64,0.906,-1,-1,-1
48,2,302.75,254.63,308.27,613.31,0.898,-1,-1,-1
48,3,1344.11,464.54,79.35,200.30,0.858,-1,-1,-1
48,5,1787.81,298.83,126.37,499.43,0.927,-1,-1,-1
48,12,1319.19,538.93,43.21,125.60,0.657,-1,-1,-1
48,13,124.67,528.71,67.31,216.82,0.690,-1,-1,-1
48,14,248.00,457.47,54.93,240.96,0.709,-1,-1,-1
49,1,1589.07,360.68,174.04,420.99,0.910,-1,-1,-1
49,2,332.22,256.41,299.14,608.43,0.895,-1,-1,-1
49,3,1344.26,464.64,79.37,200.15,0.852,-1,-1,-1
49,5,1786.97,295.88,127.73,501.39,0.926,-1,-1,-1
49,12,1319.15,538.88,43.32,125.70,0.678,-1,-1,-1
49,13,125.20,529.42,67.36,216.30,0.678,-1,-1,-1
49,14,247.77,457.62,55.04,240.60,0.755,-1,-1,-1
50,1,1583.51,359.72,176.28,422.59,0.910,-1,-1,-1
50,2,363.86,259.41,295.17,604.05,0.914,-1,-1,-1
50,3,1344.28,464.46,79.69,200.67,0.862,-1,-1,-1
50,5,1786.30,292.08,129.48,505.91,0.929,-1,-1,-1
50,12,1318.92,538.90,43.37,125.55,0.720,-1,-1,-1
50,13,124.22,528.36,67.71,217.28,0.642,-1,-1,-1
50,14,247.05,457.96,55.08,240.21,0.655,-1,-1,-1
51,1,1578.89,358.91,178.68,424.70,0.910,-1,-1,-1
51,2,385.68,264.29,293.37,598.12,0.933,-1,-1,-1
51,3,1344.33,464.74,79.76,200.61,0.857,-1,-1,-1
51,5,1785.52,289.61,130.79,508.80,0.927,-1,-1,-1
51,12,1318.92,538.87,43.43,125.58,0.709,-1,-1,-1
51,13,123.81,529.47,67.47,216.20,0.738,-1,-1,-1
51,14,246.42,458.37,55.06,239.50,0.649,-1,-1,-1
52,1,1575.49,358.18,180.81,425.94,0.914,-1,-1,-1
52,2,399.73,268.66,293.96,593.26,0.934,-1,-1,-1
52,3,1344.25,464.40,79.85,200.66,0.860,-1,-1,-1
52,5,1784.68,288.00,131.78,510.35,0.932,-1,-1,-1
52,12,1319.13,538.81,43.50,125.75,0.700,-1,-1,-1
52,13,124.07,529.61,67.50,215.87,0.665,-1,-1,-1
52,14,245.28,458.44,55.16,239.49,0.685,-1,-1,-1
52,15,360.18,446.35,84.59,260.65,0.783,-1,-1,-1
53,1,1571.74,356.68,183.55,429.33,0.902,-1,-1,-1
53,2,408.53,271.71,295.84,588.73,0.942,-1,-1,-1
53,3,1344.04,464.59,79.91,200.80,0.860,-1,-1,-1
53,5,1783.22,286.47,132.89,511.76,0.938,-1,-1,-1
53,12,1319.20,538.82,43.54,125.81,0.710,-1,-1,-1
53,13,124.27,532.36,66.66,213.05,0.525,-1,-1,-1
53,14,244.54,458.74,55.26,239.43,0.734,-1,-1,-1
53,15,372.27,445.07,85.27,261.52,0.765,-1,-1,-1
54,1,1568.31,357.18,185.31,431.18,0.897,-1,-1,-1
54,2,414.67,273.02,297.30,583.64,0.938,-1,-1,-1
54,3,1343.96,464.73,79.95,200.81,0.860,-1,-1,-1
54,5,1781.71,285.35,134.07,513.15,0.939,-1,-1,-1
54,12,1319.30,538.93,43.49,125.79,0.708,-1,-1,-1
54,13,123.97,533.04,66.44,212.41,-1.000,-1,-1,-1
54,14,244.09,459.20,55.30,239.11,0.751,-1,-1,-1
54,15,377.14,444.72,85.92,261.37,0.816,-1,-1,-1
55,1,1563.97,359.32,186.02,431.65,0.898,-1,-1,-1
55,2,422.60,279.58,296.74,575.70,0.939,-1,-1,-1
55,3,1344.02,464.55,79.86,200.45,0.867,-1,-1,-1
55,5,1780.09,284.52,135.29,514.39,0.942,-1,-1,-1
55,12,1319.25,539.11,43.39,125.59,0.744,-1,-1,-1
55,13,123.67,533.72,66.22,211.78,0.574,-1,-1,-1
55,14,243.66,459.28,55.51,239.50,0.761,-1,-1,-1
55,15,378.98,444.75,87.02,261.28,0.866,-1,-1,-1
56,1,1559.74,359.88,186.98,433.07,0.897,-1,-1,-1
56,2,429.32,277.65,298.41,575.22,0.942,-1,-1,-1
56,3,1343.52,464.43,79.90,200.78,0.863,-1,-1,-1
56,5,1778.16,284.10,136.71,515.90,0.945,-1,-1,-1
56,12,1319.12,539.21,43.30,125.48,0.742,-1,-1,-1
56,13,124.01,538.33,64.88,207.30,0.519,-1,-1,-1
56,14,243.19,458.92,55.70,239.82,0.775,-1,-1,-1
56,15,379.83,445.03,88.14,260.89,0.894,-1,-1,-1
57,1,1554.82,360.03,188.66,436.87,0.907,-1,-1,-1
57,2,441.83,276.20,297.38,574.83,0.937,-1,-1,-1
57,3,1343.67,464.54,79.66,200.16,0.862,-1,-1,-1
57,5,1776.21,284.47,138.31,518.04,0.941,-1,-1,-1
57,12,1319.17,539.34,43.19,125.30,0.718,-1,-1,-1
57,13,124.00,537.87,65.09,207.94,-1.000,-1,-1,-1
57,14,242.89,459.10,55.77,239.72,0.748,-1,-1,-1
57,15,379.81,445.18,89.41,260.75,0.902,-1,-1,-1
57,16,907.46,521.55,39.04,106.83,0.634,-1,-1,-1
58,1,1549.15,360.36,190.00,438.89,0.910,-1,-1,-1
58,2,462.02,273.00,292.32,573.43,0.919,-1,-1,-1
58,3,1343.69,465.19,79.47,199.66,0.857,-1,-1,-1
58,5,1773.26,284.38,140.18,520.11,0.937,-1,-1,-1
58,12,1318.90,539.27,43.14,125.29,0.750,-1,-1,-1
58,13,123.98,537.41,65.31,208.58,0.515,-1,-1,-1
58,14,242.32,459.70,55.71,239.19,0.705,-1,-1,-1
58,15,379.38,445.32,90.65,260.50,0.890,-1,-1,-1
58,16,903.03,520.72,39.79,108.45,0.610,-1,-1,-1
59,1,1543.01,359.21,191.35,440.98,0.918,-1,-1,-1
59,2,483.30,266.61,288.95,578.33,0.892,-1,-1,-1
59,3,1343.64,465.39,79.47,199.70,0.861,-1,-1,-1
59,5,1770.24,284.81,141.83,520.19,0.940,-1,-1,-1
59,12,1318.68,539.42,43.11,125.20,0.774,-1,-1,-1
59,13,124.26,535.44,66.03,210.52,0.537,-1,-1,-1
59,14,241.67,460.22,55.50,238.45,0.697,-1,-1,-1
59,15,376.22,445.45,92.39,260.46,0.888,-1,-1,-1
59,16,901.07,520.10,40.21,109.05,0.565,-1,-1,-1
60,1,1535.51,355.88,193.66,444.87,0.914,-1,-1,-1
60,2,523.35,262.98,283.76,581.34,0.915,-1,-1,-1
60,3,1343.52,465.69,79.36,199.57,0.861,-1,-1,-1
60,5,1767.17,285.32,144.22,522.82,0.942,-1,-1,-1
60,12,1318.48,539.66,42.99,124.88,0.758,-1,-1,-1
60,13,124.38,536.16,65.93,209.84,0.522,-1,-1,-1
60,14,241.24,462.16,54.93,236.38,0.612,-1,-1,-1
60,15,375.70,444.25,94.24,261.51,0.899,-1,-1,-1
60,16,900.05,519.59,40.72,109.65,0.657,-1,-1,-1
61,1,1529.32,353.30,195.68,447.57,0.914,-1,-1,-1
61,2,554.94,262.63,278.67,581.33,0.899,-1,-1,-1
61,3,1343.75,465.82,79.35,199.53,0.865,-1,-1,-1
61,5,1764.23,285.21,146.89,526.48,0.941,-1,-1,-1
61,12,1318.32,539.87,42.92,124.64,0.756,-1,-1,-1
61,13,125.96,535.99,66.45,210.00,0.628,-1,-1,-1
61,14,241.80,470.49,52.94,227.88,0.670,-1,-1,-1
61,15,376.16,444.14,95.57,261.39,0.894,-1,-1,-1
61,16,899.38,519.36,41.11,109.87,0.630,-1,-1,-1
61,17,18.76,510.94,92.18,239.77,0.570,-1,-1,-1
62,1,1524.32,351.25,197.38,449.52,0.905,-1,-1,-1
62,2,579.17,263.12,274.52,580.46,0.902,-1,-1,-1
62,3,1344.21,465.71,79.44,199.40,0.863,-1,-1,-1
62,5,1760.69,285.19,149.39,528.32,0.945,-1,-1,-1
62,12,1318.13,539.82,42.96,124.75,0.741,-1,-1,-1
62,13,125.13,537.13,66.21,208.82,0.582,-1,-1,-1
62,14,241.83,473.72,52.12,224.56,0.666,-1,-1,-1
62,15,378.30,442.46,97.09,262.71,0.895,-1,-1,-1
62,16,898.86,518.92,42.02,111.50,0.616,-1,-1,-1
62,17,17.84,506.70,93.68,243.61,-1.000,-1,-1,-1
63,1,1519.41,349.46,199.10,451.42,0.875,-1,-1,-1
63,2,603.15,267.64,270.41,576.19,0.907,-1,-1,-1
63,3,1344.32,465.81,79.38,199.07,0.865,-1,-1,-1
63,5,1756.11,283.21,152.74,532.41,0.943,-1,-1,-1
63,12,1318.00,539.93,42.92,124.57,0.746,-1,-1,-1
63,13,125.21,537.56,66.30,208.38,0.509,-1,-1,-1
63,14,241.45,474.71,51.77,223.45,0.613,-1,-1,-1
63,15,384.65,442.10,97.74,263.17,0.912,-1,-1,-1
63,16,898.52,518.73,42.58,112.12,0.624,-1,-1,-1
63,17,16.93,502.47,95.18,247.46,0.543,-1,-1,-1
64,1,1513.02,348.43,199.71,451.98,0.879,-1,-1,-1
64,2,618.67,272.67,267.10,571.68,0.913,-1,-1,-1
64,3,1344.20,465.42,79.53,199.32,0.864,-1,-1,-1
64,5,1751.82,280.94,156.22,536.52,0.942,-1,-1,-1
64,12,1317.81,540.08,42.93,124.51,0.759,-1,-1,-1
64,13,126.79,536.62,67.21,209.27,0.659,-1,-1,-1
64,14,241.61,475.16,52.13,225.43,0.633,-1,-1,-1
64,15,390.90,440.90,98.16,264.23,0.908,-1,-1,-1
64,16,900.74,518.60,42.68,112.50,-1.000,-1,-1,-1
64,17,16.72,501.02,95.48,248.13,0.613,-1,-1,-1
65,1,1509.55,347.32,200.39,452.78,0.877,-1,-1,-1
65,2,634.17,278.01,264.26,565.63,0.920,-1,-1,-1
65,3,1344.08,465.49,79.52,199.21,0.868,-1,-1,-1
65,5,1746.88,277.67,160.11,541.21,0.943,-1,-1,-1
65,12,1317.67,540.01,42.98,124.58,0.763,-1,-1,-1
65,13,127.04,535.04,68.22,210.72,0.692,-1,-1,-1
65,14,243.15,475.70,52.67,226.81,0.704,-1,-1,-1
65,15,398.70,440.11,98.01,265.15,0.903,-1,-1,-1
65,16,902.97,518.47,42.78,112.88,0.623,-1,-1,-1
65,17,16.80,501.18,95.54,248.25,0.661,-1,-1,-1
66,1,1507.66,345.98,201.24,455.58,0.889,-1,-1,-1
66,2,643.28,282.29,262.67,560.53,0.923,-1,-1,-1
66,3,1344.13,465.51,79.62,199.22,0.866,-1,-1,-1
66,5,1742.14,275.43,163.76,544.17,0.950,-1,-1,-1
66,12,1317.51,540.13,42.93,124.34,0.774,-1,-1,-1
66,13,127.62,535.44,68.76,210.41,0.600,-1,-1,-1
66,14,246.85,476.23,53.99,228.20,0.791,-1,-1,-1
66,15,403.89,439.56,97.73,265.85,0.909,-1,-1,-1
66,16,904.57,518.59,42.60,112.52,0.508,-1,-1,-1
66,17,16.71,501.64,95.36,247.73,0.544,-1,-1,-1
67,1,1507.47,345.41,202.00,460.39,0.896,-1,-1,-1
67,2,650.61,286.38,261.62,554.89,0.937,-1,-1,-1
67,3,1343.69,465.67,79.65,199.44,0.867,-1,-1,-1
67,5,1738.25,273.89,167.06,546.23,0.943,-1,-1,-1
67,12,1317.25,539.91,43.04,124.59,0.779,-1,-1,-1
67,13,128.11,536.93,68.77,208.89,0.566,-1,-1,-1
67,14,251.15,476.75,55.47,227.17,0.824,-1,-1,-1
67,15,409.38,439.72,97.23,265.85,0.903,-1,-1,-1
67,16,906.23,518.39,42.50,112.49,0.606,-1,-1,-1
67,17,19.55,517.71,89.53,231.73,0.623,-1,-1,-1
68,1,1507.58,345.34,202.19,464.02,0.890,-1,-1,-1
68,2,658.54,289.06,261.89,552.20,0.939,-1,-1,-1
68,3,1343.71,465.77,79.48,199.02,0.867,-1,-1,-1
68,5,1733.72,271.84,170.78,548.97,0.942,-1,-1,-1
68,12,1317.18,539.89,43.05,124.57,0.786,-1,-1,-1
68,13,126.68,537.77,68.58,207.89,0.564,-1,-1,-1
68,14,254.20,478.03,57.34,226.10,0.824,-1,-1,-1
68,15,414.79,439.70,97.32,266.04,0.907,-1,-1,-1
68,16,906.85,517.21,42.94,114.05,0.584,-1,-1,-1
68,17,18.14,509.70,92.73,239.96,0.690,-1,-1,-1
69,1,1506.47,345.32,202.12,467.58,0.902,-1,-1,-1
69,2,664.35,290.14,261.05,550.11,0.924,-1,-1,-1
69,3,1343.67,466.11,79.27,198.46,0.865,-1,-1,-1
69,5,1728.86,270.05,173.98,550.28,0.942,-1,-1,-1
69,12,1317.27,540.34,42.86,123.97,0.789,-1,-1,-1
69,13,127.20,538.40,68.85,207.21,0.594,-1,-1,-1
69,14,256.02,478.90,59.37,225.87,0.826,-1,-1,-1
69,15,418.62,439.57,97.46,265.61,0.913,-1,-1,-1
69,16,907.18,515.80,43.32,115.63,0.631,-1,-1,-1
69,17,17.49,505.29,94.41,244.27,0.776,-1,-1,-1
70,1,1504.95,345.90,201.68,470.52,0.898,-1,-1,-1
70,2,681.87,289.57,259.12,548.34,0.911,-1,-1,-1
70,3,1343.62,465.84,79.40,198.71,0.867,-1,-1,-1
70,5,1723.02,268.09,177.03,552.29,0.941,-1,-1,-1
70,12,1317.34,540.60,42.77,123.63,0.765,-1,-1,-1
70,13,127.92,538.88,69.25,206.28,0.603,-1,-1,-1
70,14,257.53,478.85,61.55,226.79,0.801,-1,-1,-1
70,15,421.33,439.55,97.83,264.91,0.913,-1,-1,-1
70,17,19.94,520.92,89.00,228.84,0.750,-1,-1,-1
71,1,1504.50,346.76,200.53,471.55,0.903,-1,-1,-1
71,2,700.03,287.84,253.28,541.06,0.906,-1,-1,-1
71,3,1343.53,465.69,79.43,198.74,0.871,-1,-1,-1
71,5,1717.75,267.10,179.73,553.85,0.935,-1,-1,-1
71,12,1317.35,540.82,42.68,123.28,0.787,-1,-1,-1
71,13,128.16,540.05,69.52,205.08,0.618,-1,-1,-1
71,14,257.91,477.67,63.90,228.50,0.815,-1,-1,-1
71,15,422.70,439.57,98.54,264.83,0.914,-1,-1,-1
71,17,18.18,511.36,92.80,238.57,0.765,-1,-1,-1
72,1,1503.73,347.95,199.98,473.81,0.906,-1,-1,-1
72,2,716.63,285.91,246.02,533.90,0.901,-1,-1,-1
72,3,1343.47,465.58,79.42,198.76,0.867,-1,-1,-1
72,5,1712.31,266.64,182.58,556.72,0.937,-1,-1,-1
72,12,1317.24,540.86,42.67,123.17,0.801,-1,-1,-1
72,13,126.84,541.04,69.56,204.35,0.598,-1,-1,-1
72,14,257.90,476.26,66.48,230.22,0.848,-1,-1,-1
72,15,423.37,440.15,99.16,263.99,0.914,-1,-1,-1
72,17,17.28,506.68,94.61,243.26,0.768,-1,-1,-1
73,1,1501.73,346.72,200.59,478.75,0.905,-1,-1,-1
73,2,733.73,283.26,238.38,528.29,0.889,-1,-1,-1
73,3,1343.70,465.39,79.64,199.08,0.876,-1,-1,-1
73,5,1706.66,266.03,186.25,563.37,0.934,-1,-1,-1
73,12,1317.24,540.90,42.72,123.23,0.779,-1,-1,-1
73,13,127.01,540.46,70.06,205.10,-1.000,-1,-1,-1
73,14,258.38,475.14,68.93,231.37,0.861,-1,-1,-1
73,15,423.28,440.68,100.32,263.90,0.917,-1,-1,-1
73,17,17.01,503.50,95.77,246.16,0.815,-1,-1,-1
74,1,1500.44,344.64,200.97,482.47,0.904,-1,-1,-1
74,2,746.73,281.58,232.29,526.68,0.863,-1,-1,-1
74,3,1343.84,465.36,79.77,199.20,0.867,-1,-1,-1
74,5,1702.28,265.83,189.17,569.42,0.930,-1,-1,-1
74,12,1317.23,540.91,42.73,123.23,0.765,-1,-1,-1
74,13,127.19,539.89,70.57,205.86,0.572,-1,-1,-1
74,14,260.30,474.29,71.29,232.27,0.850,-1,-1,-1
74,15,422.59,440.90,101.74,264.14,0.917,-1,-1,-1
74,17,16.76,502.62,96.13,247.01,0.812,-1,-1,-1
75,1,1499.32,340.89,201.86,486.59,0.907,-1,-1,-1
75,2,763.09,282.71,225.78,523.14,0.857,-1,-1,-1
75,3,1343.85,464.81,80.15,199.87,0.868,-1,-1,-1
75,5,1699.29,266.20,189.98,569.20,0.938,-1,-1,-1
75,12,1317.21,540.94,42.73,123.16,0.779,-1,-1,-1
75,13,125.69,540.86,70.47,204.89,0.552,-1,-1,-1
75,14,260.83,472.55,73.78,234.12,0.833,-1,-1,-1
75,15,421.23,440.68,103.56,264.67,0.921,-1,-1,-1
75,17,19.59,521.00,89.79,228.72,0.729,-1,-1,-1
76,1,1497.57,337.88,202.40,489.62,0.905,-1,-1,-1
76,2,784.52,284.26,221.67,520.43,0.864,-1,-1,-1
76,3,1343.86,464.97,80.19,199.70,0.869,-1,-1,-1
76,5,1696.95,266.57,191.04,569.92,0.940,-1,-1,-1
76,12,1317.16,540.89,42.73,123.18,0.773,-1,-1,-1
76,13,125.31,539.45,71.08,206.35,-1.000,-1,-1,-1
76,14,262.46,471.26,76.43,235.50,0.848,-1,-1,-1
76,15,420.19,439.81,105.53,265.61,0.925,-1,-1,-1
76,17,19.43,520.45,90.13,229.07,0.601,-1,-1,-1
77,1,1491.91,335.79,202.77,491.46,0.914,-1,-1,-1
77,2,806.16,286.89,219.59,517.65,0.888,-1,-1,-1
77,3,1343.55,465.35,80.20,199.77,0.859,-1,-1,-1
77,5,1694.73,266.94,192.29,571.46,0.937,-1,-1,-1
77,12,1316.96,540.91,42.76,123.21,0.779,-1,-1,-1
77,13,124.93,538.04,71.69,207.81,0.570,-1,-1,-1
77,14,265.41,470.45,78.27,235.74,0.863,-1,-1,-1
77,15,419.67,438.72,107.39,267.12,0.922,-1,-1,-1
77,17,17.63,511.45,93.75,238.39,0.617,-1,-1,-1
78,1,1487.14,333.80,203.49,493.22,0.910,-1,-1,-1
78,2,828.67,291.90,219.50,512.85,0.911,-1,-1,-1
78,3,1343.17,465.58,80.08,199.59,0.851,-1,-1,-1
78,5,1691.91,267.33,193.92,574.16,0.939,-1,-1,-1
78,12,1316.83,540.83,42.80,123.32,0.768,-1,-1,-1
78,13,124.95,537.16,72.25,208.60,0.582,-1,-1,-1
78,14,269.14,469.78,79.64,236.50,0.888,-1,-1,-1
78,15,419.60,437.17,108.69,268.57,0.926,-1,-1,-1
78,17,20.28,525.82,88.70,223.88,0.712,-1,-1,-1
79,1,1479.96,332.11,204.92,494.52,0.898,-1,-1,-1
79,2,841.39,296.79,220.19,506.65,0.928,-1,-1,-1
79,3,1343.10,465.50,80.01,199.40,0.858,-1,-1,-1
79,5,1689.02,267.46,195.51,576.56,0.940,-1,-1,-1
79,12,1316.79,540.77,42.81,123.31,0.750,-1,-1,-1
79,13,125.13,537.71,72.30,207.71,0.520,-1,-1,-1
79,14,273.96,469.41,81.70,237.35,0.886,-1,-1,-1
79,15,420.32,435.73,109.59,270.04,0.926,-1,-1,-1
79,17,19.54,513.80,93.30,236.42,0.613,-1,-1,-1
80,1,1470.14,329.36,208.28,497.74,0.908,-1,-1,-1
80,2,847.65,301.85,220.70,499.80,0.924,-1,-1,-1
80,3,1343.60,465.68,80.11,199.18,0.865,-1,-1,-1
80,5,1685.20,266.91,197.94,581.44,0.943,-1,-1,-1
80,12,1316.75,540.84,42.83,123.30,0.766,-1,-1,-1
80,13,124.59,537.92,72.36,207.50,0.563,-1,-1,-1
80,14,280.50,469.97,83.68,236.65,0.872,-1,-1,-1
80,15,422.61,434.24,109.91,271.58,0.922,-1,-1,-1
80,17,18.66,508.01,95.50,242.57,0.511,-1,-1,-1
81,1,1463.55,327.80,211.60,499.51,0.909,-1,-1,-1
81,2,850.42,303.83,222.52,496.68,0.924,-1,-1,-1
81,3,1343.44,465.75,80.39,199.59,0.863,-1,-1,-1
81,5,1682.52,265.44,200.29,586.52,0.941,-1,-1,-1
81,12,1316.68,540.79,42.88,123.42,0.753,-1,-1,-1
81,13,124.47,537.10,72.70,208.05,0.501,-1,-1,-1
81,14,285.41,471.22,85.33,235.30,0.869,-1,-1,-1
81,15,426.26,433.44,109.56,272.36,0.908,-1,-1,-1
81,17,17.19,503.61,96.92,246.64,0.733,-1,-1,-1
82,1,1456.41,326.39,215.42,502.68,0.916,-1,-1,-1
82,2,853.15,305.15,223.91,494.52,0.927,-1,-1,-1
82,3,1343.22,464.89,80.74,200.21,0.877,-1,-1,-1
82,5,1680.95,263.33,202.31,591.15,0.937,-1,-1,-1
82,12,1316.59,540.80,42.88,123.43,0.759,-1,-1,-1
82,13,124.08,534.90,73.48,209.99,0.577,-1,-1,-1
82,14,289.90,471.54,87.13,234.96,0.878,-1,-1,-1
82,15,430.18,432.61,108.91,273.23,0.902,-1,-1,-1
82,17,16.13,501.70,97.49,248.52,0.776,-1,-1,-1
83,1,1447.47,326.30,218.73,504.15,0.917,-1,-1,-1
83,2,862.44,306.92,222.36,490.18,0.920,-1,-1,-1
83,3,1342.48,465.19,80.47,199.63,0.860,-1,-1,-1
83,5,1679.80,259.20,204.92,597.82,0.932,-1,-1,-1
83,12,1316.56,540.77,42.89,123.42,0.776,-1,-1,-1
83,13,124.17,533.62,74.02,210.96,0.564,-1,-1,-1
83,14,291.79,471.99,88.68,234.62,0.890,-1,-1,-1
83,15,433.54,431.69,107.91,274.35,0.900,-1,-1,-1
83,17,16.17,500.91,97.56,249.38,0.728,-1,-1,-1
84,1,1440.95,326.56,221.84,505.69,0.912,-1,-1,-1
84,2,873.42,306.92,218.64,483.95,0.926,-1,-1,-1
84,3,1342.09,465.51,80.28,199.20,0.868,-1,-1,-1
84,5,1679.40,255.58,206.90,602.52,0.934,-1,-1,-1
84,12,1316.65,540.77,42.88,123.27,0.779,-1,-1,-1
84,13,123.83,533.45,74.11,211.09,0.587,-1,-1,-1
84,14,293.71,472.66,89.83,234.20,0.889,-1,-1,-1
84,15,435.72,431.00,106.36,274.90,0.893,-1,-1,-1
85,1,1433.39,327.03,225.06,508.93,0.911,-1,-1,-1
85,2,891.75,304.28,212.91,479.81,0.921,-1,-1,-1
85,3,1341.98,466.41,79.87,197.98,0.869,-1,-1,-1
85,5,1678.07,251.27,209.11,607.35,0.935,-1,-1,-1
85,12,1316.49,540.26,43.06,123.80,0.756,-1,-1,-1
85,14,295.76,471.06,91.19,236.05,0.885,-1,-1,-1
85,15,439.69,430.42,105.02,275.30,0.901,-1,-1,-1
86,1,1427.19,328.24,228.36,512.79,0.909,-1,-1,-1
86,2,911.86,300.89,209.54,480.38,0.900,-1,-1,-1
86,3,1342.09,465.60,80.47,199.13,0.867,-1,-1,-1
86,5,1676.60,247.13,210.98,611.33,0.939,-1,-1,-1
86,12,1316.38,539.97,43.19,124.19,0.762,-1,-1,-1
86,14,298.11,468.99,92.25,238.22,0.884,-1,-1,-1
86,15,443.84,430.22,104.21,275.36,0.888,-1,-1,-1
87,1,1421.86,330.36,229.93,513.13,0.905,-1,-1,-1
87,2,929.77,299.55,207.04,480.25,0.882,-1,-1,-1
87,3,1341.76,465.39,80.65,199.32,0.867,-1,-1,-1
87,5,1674.79,243.52,212.62,615.19,0.931,-1,-1,-1
87,12,1316.56,540.35,43.08,123.81,0.792,-1,-1,-1
87,14,301.28,467.19,92.89,239.85,0.890,-1,-1,-1
87,15,449.21,430.13,104.06,275.56,0.901,-1,-1,-1
88,1,1413.73,329.95,233.47,518.97,0.909,-1,-1,-1
88,2,947.47,299.89,205.68,479.66,0.898,-1,-1,-1
88,3,1341.45,465.55,80.84,199.63,0.874,-1,-1,-1
88,5,1672.94,240.68,213.74,617.89,0.935,-1,-1,-1
88,12,1316.32,539.96,43.24,124.30,0.786,-1,-1,-1
88,14,305.57,466.16,93.62,240.45,0.880,-1,-1,-1
88,15,455.91,430.49,104.66,275.17,0.912,-1,-1,-1
89,1,1407.45,330.40,235.86,522.87,0.904,-1,-1,-1
89,2,959.10,301.63,204.73,477.62,0.876,-1,-1,-1
89,3,1341.07,465.71,80.90,199.75,0.874,-1,-1,-1
89,5,1671.20,239.90,214.25,618.91,0.938,-1,-1,-1
89,12,1316.08,539.50,43.39,124.73,0.751,-1,-1,-1
89,14,308.39,464.43,94.62,241.92,0.883,-1,-1,-1
89,15,460.15,431.07,105.51,274.97,0.914,-1,-1,-1
89,18,122.02,532.83,76.69,212.74,0.502,-1,-1,-1
90,1,1398.49,329.04,238.01,526.33,0.912,-1,-1,-1
90,2,971.80,306.93,203.45,472.38,0.878,-1,-1,-1
90,3,1341.11,466.01,80.66,199.25,0.856,-1,-1,-1
90,5,1669.18,238.90,214.64,619.59,0.937,-1,-1,-1
90,12,1316.01,539.53,43.38,124.69,0.772,-1,-1,-1
90,14,312.15,464.48,95.05,242.13,0.880,-1,-1,-1
90,15,462.99,431.51,106.05,274.67,0.914,-1,-1,-1
90,18,121.94,531.72,77.10,213.90,-1.000,-1,-1,-1
90,19,22.96,455.24,86.76,294.54,0.703,-1,-1,-1
91,1,1390.02,326.55,239.94,529.85,0.917,-1,-1,-1
91,2,982.01,312.30,201.85,466.15,0.850,-1,-1,-1
91,3,1341.37,466.13,80.58,198.94,0.843,-1,-1,-1
91,5,1666.63,238.21,215.76,622.58,0.939,-1,-1,-1
91,12,1315.95,539.17,43.49,125.00,0.773,-1,-1,-1
91,14,314.10,463.71,95.49,243.04,0.880,-1,-1,-1
91,15,464.20,431.95,106.18,274.60,0.913,-1,-1,-1
91,18,121.85,530.60,77.51,215.07,0.545,-1,-1,-1
91,19,21.24,456.66,86.87,294.54,0.687,-1,-1,-1
92,1,1382.97,323.72,241.71,533.32,0.907,-1,-1,-1
92,2,986.83,317.49,201.38,460.50,0.871,-1,-1,-1
92,3,1341.16,466.36,80.48,198.75,0.851,-1,-1,-1
92,5,1663.25,238.48,217.23,626.52,0.934,-1,-1,-1
92,12,1315.98,539.23,43.47,125.00,0.754,-1,-1,-1
92,14,315.08,463.21,96.13,244.36,0.894,-1,-1,-1
92,15,464.53,432.58,105.83,274.53,0.906,-1,-1,-1
92,18,121.60,530.98,77.38,214.86,0.509,-1,-1,-1
92,19,17.88,457.40,87.07,294.30,0.674,-1,-1,-1
93,1,1377.25,322.28,242.39,534.80,0.909,-1,-1,-1
93,2,993.84,321.72,201.34,455.16,0.895,-1,-1,-1
93,3,1340.89,466.54,80.37,198.45,0.839,-1,-1,-1
93,5,1655.22,239.79,219.44,629.54,0.923,-1,-1,-1
93,12,1315.96,539.14,43.49,125.10,0.759,-1,-1,-1
93,14,316.74,462.74,96.98,245.97,0.891,-1,-1,-1
93,15,464.06,432.33,105.78,275.83,0.893,-1,-1,-1
93,18,122.08,532.27,76.92,213.62,0.574,-1,-1,-1
93,19,14.19,457.41,87.48,294.28,0.653,-1,-1,-1
94,1,1373.28,320.12,242.79,536.88,0.906,-1,-1,-1
94,2,1001.06,324.68,201.40,451.38,0.890,-1,-1,-1
94,3,1341.03,466.67,80.56,198.46,0.837,-1,-1,-1
94,5,1646.52,241.10,221.96,632.27,0.921,-1,-1,-1
94,12,1315.98,539.37,43.44,124.93,0.758,-1,-1,-1
94,14,318.72,461.90,97.16,246.30,0.893,-1,-1,-1
94,15,465.15,431.43,105.47,277.24,0.889,-1,-1,-1
94,18,121.87,531.77,76.95,213.83,0.562,-1,-1,-1
95,1,1371.72,318.77,242.35,537.90,0.911,-1,-1,-1
95,2,1006.52,326.69,202.18,448.97,0.887,-1,-1,-1
95,3,1340.74,466.30,80.78,198.81,0.833,-1,-1,-1
95,5,1638.99,240.68,224.33,636.56,0.919,-1,-1,-1
95,12,1315.88,539.31,43.46,125.01,0.729,-1,-1,-1
95,14,320.32,462.11,96.93,246.05,0.897,-1,-1,-1
95,15,466.77,430.25,104.86,278.60,0.896,-1,-1,-1
95,18,121.11,526.37,78.82,219.28,0.577,-1,-1,-1
96,1,1371.02,317.31,240.88,538.75,0.909,-1,-1,-1
96,2,1017.42,326.65,201.42,446.31,0.896,-1,-1,-1
96,3,1340.19,466.36,80.76,198.67,0.845,-1,-1,-1
96,5,1634.18,240.62,225.42,640.41,0.926,-1,-1,-1
96,12,1315.89,539.60,43.53,125.02,0.740,-1,-1,-1
96,14,322.24,464.04,96.34,245.54,0.890,-1,-1,-1
96,15,468.41,428.20,104.29,280.47,0.901,-1,-1,-1
96,18,121.15,526.13,78.92,219.66,0.522,-1,-1,-1
97,1,1370.19,316.56,239.40,540.53,0.904,-1,-1,-1
97,2,1029.68,325.40,198.39,440.83,0.884,-1,-1,-1
97,3,1340.46,466.34,81.20,199.14,0.851,-1,-1,-1
97,5,1629.32,240.74,225.76,643.18,0.927,-1,-1,-1
97,12,1315.92,540.07,43.50,124.71,0.783,-1,-1,-1
97,14,323.71,464.73,95.74,245.82,0.901,-1,-1,-1
97,15,469.57,426.46,103.91,282.75,0.900,-1,-1,-1
97,18,121.54,527.28,78.43,218.40,0.548,-1,-1,-1
98,1,1367.07,315.62,240.45,548.15,0.897,-1,-1,-1
98,2,1039.71,322.66,195.01,436.45,0.877,-1,-1,-1
98,3,1340.97,466.27,81.74,199.46,0.873,-1,-1,-1
98,5,1621.87,236.78,227.21,649.29,0.930,-1,-1,-1
98,12,1315.65,540.25,43.50,124.56,0.803,-1,-1,-1
98,14,323.71,462.68,95.79,248.57,0.895,-1,-1,-1
98,15,470.43,423.83,104.27,285.43,0.904,-1,-1,-1
98,18,121.84,529.22,77.71,216.44,0.551,-1,-1,-1
99,1,1364.24,315.52,241.13,554.69,0.886,-1,-1,-1
99,2,1049.25,321.01,191.47,434.21,0.883,-1,-1,-1
99,3,1340.95,466.53,81.72,198.52,0.861,-1,-1,-1
99,5,1615.75,233.58,228.32,654.06,0.932,-1,-1,-1
99,12,1315.50,539.75,43.58,124.73,0.801,-1,-1,-1
99,14,323.61,461.13,95.79,251.08,0.887,-1,-1,-1
99,15,470.89,422.49,104.67,286.87,0.915,-1,-1,-1
99,18,122.39,530.68,77.24,214.97,0.577,-1,-1,-1
100,1,1359.35,316.41,240.45,558.43,0.883,-1,-1,-1
100,2,1056.17,320.26,187.62,432.51,0.884,-1,-1,-1
100,3,1340.76,466.13,82.13,198.76,0.847,-1,-1,-1
100,5,1610.99,230.08,229.28,657.60,0.931,-1,-1,-1
100,12,1315.65,539.96,43.59,124.52,0.791,-1,-1,-1
100,14,324.01,458.71,95.93,253.93,0.891,-1,-1,-1
100,15,470.31,421.75,105.51,287.99,0.905,-1,-1,-1
100,18,121.60,530.74,77.13,214.91,0.539,-1,-1,-1
101,1,1355.26,316.62,238.86,561.36,0.907,-1,-1,-1
101,2,1067.39,321.35,183.86,430.70,0.848,-1,-1,-1
101,3,1339.25,465.58,82.20,199.03,0.830,-1,-1,-1
101,5,1605.20,227.93,230.53,660.48,0.936,-1,-1,-1
101,12,1315.58,540.18,43.64,124.40,0.780,-1,-1,-1
101,14,324.93,456.25,96.10,256.39,0.896,-1,-1,-1
101,15,469.47,420.85,106.67,289.72,0.907,-1,-1,-1
101,18,120.80,533.01,76.09,212.50,0.626,-1,-1,-1
102,1,1351.53,317.79,236.51,562.22,0.914,-1,-1,-1
102,2,1080.44,322.32,182.14,429.74,0.858,-1,-1,-1
102,3,1337.80,465.25,81.96,199.16,0.774,-1,-1,-1
102,5,1598.96,225.44,231.21,662.38,0.935,-1,-1,-1
102,12,1315.44,539.98,43.66,124.37,0.761,-1,-1,-1
102,14,326.20,454.37,96.27,258.68,0.893,-1,-1,-1
102,15,469.10,420.12,107.80,290.98,0.902,-1,-1,-1
102,18,121.80,531.37,76.84,214.21,0.541,-1,-1,-1
103,1,1347.01,319.62,235.88,566.79,0.912,-1,-1,-1
103,2,1097.74,324.41,181.65,427.67,0.884,-1,-1,-1
103,3,1329.34,465.35,79.58,198.54,0.750,-1,-1,-1
103,5,1590.86,223.12,231.76,664.90,0.931,-1,-1,-1
103,12,1315.22,540.02,43.62,124.19,0.749,-1,-1,-1
103,14,328.53,451.65,96.48,261.18,0.901,-1,-1,-1
103,15,468.74,419.61,108.96,292.51,0.901,-1,-1,-1
103,18,122.49,531.24,76.98,214.38,0.612,-1,-1,-1
104,1,1341.06,320.40,235.37,569.88,0.914,-1,-1,-1
104,2,1112.54,328.04,180.82,423.73,0.915,-1,-1,-1
104,3,1324.87,465.00,77.88,198.22,0.599,-1,-1,-1
104,5,1583.79,220.73,231.96,667.36,0.931,-1,-1,-1
104,12,1315.02,539.45,43.86,124.80,0.707,-1,-1,-1
104,14,331.77,450.43,96.47,262.10,0.890,-1,-1,-1
104,15,468.33,419.33,110.02,293.25,0.908,-1,-1,-1
104,18,122.63,530.39,77.38,215.31,0.572,-1,-1,-1
105,1,1336.68,318.73,235.48,573.55,0.916,-1,-1,-1
105,2,1122.11,332.27,179.93,418.64,0.919,-1,-1,-1
105,3,1322.61,464.95,76.13,197.86,0.609,-1,-1,-1
105,5,1577.70,219.28,232.05,669.50,0.932,-1,-1,-1
105,12,1314.97,539.69,43.81,124.51,0.703,-1,-1,-1
105,14,334.70,449.86,96.72,262.95,0.890,-1,-1,-1
105,15,467.50,419.84,110.84,293.51,0.905,-1,-1,-1
105,18,123.18,531.16,77.27,214.58,0.624,-1,-1,-1
105,20,36.71,499.30,74.04,250.36,0.616,-1,-1,-1
106,1,1328.30,313.60,237.01,580.62,0.899,-1,-1,-1
106,2,1127.26,336.46,179.12,413.64,0.922,-1,-1,-1
106,5,1570.22,217.71,233.42,675.27,0.923,-1,-1,-1
106,12,1314.88,540.08,43.72,124.07,0.711,-1,-1,-1
106,14,337.08,451.61,96.38,261.98,0.891,-1,-1,-1
106,15,468.12,420.80,111.26,292.81,0.905,-1,-1,-1
106,18,122.83,532.30,76.89,213.35,0.548,-1,-1,-1
106,20,36.29,499.40,74.03,250.21,0.610,-1,-1,-1
106,21,910.12,517.56,32.70,111.08,0.579,-1,-1,-1
107,1,1319.62,308.70,238.95,585.63,0.902,-1,-1,-1
107,2,1130.62,339.03,178.46,410.09,0.920,-1,-1,-1
107,5,1563.55,216.87,234.63,682.44,0.933,-1,-1,-1
107,14,338.74,454.08,95.55,259.78,0.892,-1,-1,-1
107,15,468.39,421.18,111.67,292.90,0.900,-1,-1,-1
107,18,122.75,532.12,77.00,213.51,0.506,-1,-1,-1
107,20,37.65,499.94,73.87,249.74,0.508,-1,-1,-1
107,21,910.04,517.39,32.54,110.54,0.602,-1,-1,-1
108,1,1307.68,304.13,241.87,592.41,0.894,-1,-1,-1
108,2,1135.94,339.66,177.18,406.97,0.910,-1,-1,-1
108,5,1556.32,216.47,236.31,691.31,0.934,-1,-1,-1
108,14,340.48,456.14,94.74,258.18,0.885,-1,-1,-1
108,15,468.98,421.64,111.83,293.68,0.904,-1,-1,-1
108,18,121.71,530.22,77.69,215.53,0.590,-1,-1,-1
108,20,37.58,499.64,73.80,249.64,0.625,-1,-1,-1
108,21,909.75,517.25,32.87,111.67,0.672,-1,-1,-1
109,1,1297.84,300.53,244.11,594.99,0.874,-1,-1,-1
109,2,1143.46,339.57,173.82,401.27,0.908,-1,-1,-1
109,5,1551.52,216.47,237.06,696.98,0.934,-1,-1,-1
109,14,341.20,456.44,94.69,259.03,0.882,-1,-1,-1
109,15,469.83,421.97,111.88,294.56,0.907,-1,-1,-1
109,18,121.07,531.65,77.01,214.05,0.590,-1,-1,-1
109,20,37.30,500.17,73.74,249.36,0.589,-1,-1,-1
109,21,909.63,517.41,32.89,111.80,0.553,-1,-1,-1
110,1,1288.78,297.34,247.28,600.48,0.872,-1,-1,-1
110,2,1152.73,338.32,170.18,397.99,0.906,-1,-1,-1
110,5,1548.40,216.37,236.31,697.31,0.928,-1,-1,-1
110,14,342.64,455.82,94.83,261.19,0.891,-1,-1,-1
110,15,469.92,421.77,112.03,296.33,0.907,-1,-1,-1
110,18,121.72,532.54,76.68,213.03,0.570,-1,-1,-1
110,20,37.35,500.67,73.59,248.79,0.538,-1,-1,-1
111,1,1279.30,294.01,249.53,603.26,0.876,-1,-1,-1
111,2,1160.97,335.02,168.61,399.29,0.852,-1,-1,-1
111,5,1543.53,217.09,235.24,696.54,0.925,-1,-1,-1
111,14,343.98,453.99,95.47,264.66,0.894,-1,-1,-1
111,15,469.93,421.14,112.24,298.70,0.901,-1,-1,-1
111,18,121.77,532.21,76.76,213.26,0.561,-1,-1,-1
111,20,37.28,500.35,73.78,249.36,0.618,-1,-1,-1
112,1,1271.57,292.17,251.12,603.74,0.904,-1,-1,-1
112,2,1167.01,333.70,166.60,399.66,0.825,-1,-1,-1
112,5,1539.18,217.86,234.93,698.01,0.932,-1,-1,-1
112,14,345.33,452.36,95.85,267.18,0.879,-1,-1,-1
112,15,468.89,420.02,111.87,300.52,0.909,-1,-1,-1
112,18,121.19,531.05,77.07,214.53,0.518,-1,-1,-1
112,20,36.96,499.78,74.05,250.08,0.682,-1,-1,-1
113,1,1265.41,290.56,253.63,608.95,0.919,-1,-1,-1
113,2,1171.63,333.46,164.40,399.86,0.849,-1,-1,-1
113,5,1533.78,217.83,235.92,703.04,0.932,-1,-1,-1
113,14,345.47,449.39,96.03,270.20,0.866,-1,-1,-1
113,15,467.07,418.59,111.46,302.25,0.891,-1,-1,-1
113,18,121.90,531.12,77.07,214.37,0.592,-1,-1,-1
113,20,36.09,499.65,74.28,250.38,0.663,-1,-1,-1
114,1,1261.06,289.85,255.04,612.09,0.919,-1,-1,-1
114,2,1175.66,334.84,161.94,398.75,0.850,-1,-1,-1
114,5,1528.04,217.49,238.33,712.69,0.925,-1,-1,-1
114,14,345.95,446.98,96.15,272.55,0.866,-1,-1,-1
114,15,465.34,417.28,110.96,303.56,0.881,-1,-1,-1
114,20,36.76,499.60,74.25,250.13,0.621,-1,-1,-1
115,1,1257.11,290.18,256.51,615.40,0.912,-1,-1,-1
115,2,1177.38,335.35,159.35,397.26,0.836,-1,-1,-1
115,5,1523.02,216.21,239.22,718.01,0.917,-1,-1,-1
115,14,345.86,443.23,96.44,276.05,0.872,-1,-1,-1
115,15,463.12,416.11,110.67,304.54,0.879,-1,-1,-1
115,20,36.95,499.68,74.26,249.94,-1.000,-1,-1,-1
116,1,1249.74,292.08,257.82,618.80,0.905,-1,-1,-1
116,2,1176.95,339.93,156.11,392.16,0.800,-1,-1,-1
116,5,1516.89,211.96,240.85,725.91,0.914,-1,-1,-1
116,14,345.62,440.68,96.48,279.12,0.879,-1,-1,-1
116,15,461.42,414.08,110.51,306.78,0.890,-1,-1,-1
116,20,37.13,499.77,74.27,249.75,0.569,-1,-1,-1
116,22,248.55,516.51,45.34,63.23,0.501,-1,-1,-1
117,1,1243.76,294.33,259.26,623.77,0.900,-1,-1,-1
117,2,1179.15,344.41,152.85,386.07,0.711,-1,-1,-1
117,5,1510.41,207.99,241.82,732.88,0.922,-1,-1,-1
117,14,345.90,439.53,96.10,281.17,0.874,-1,-1,-1
117,15,460.48,412.51,110.28,308.45,0.894,-1,-1,-1
117,20,35.98,500.00,74.48,249.50,-1.000,-1,-1,-1
118,1,1235.60,295.69,259.90,628.83,0.872,-1,-1,-1
118,5,1503.83,202.15,243.40,741.28,0.928,-1,-1,-1
118,14,345.70,439.69,95.63,282.52,0.872,-1,-1,-1
118,15,458.80,411.33,110.07,309.91,0.898,-1,-1,-1
118,20,34.82,500.23,74.69,249.26,0.509,-1,-1,-1
119,1,1214.48,296.19,264.45,636.45,0.880,-1,-1,-1
119,5,1498.76,197.30,244.67,747.91,0.930,-1,-1,-1
119,14,346.55,442.42,94.47,281.11,0.871,-1,-1,-1
119,15,457.75,410.59,109.74,310.81,0.902,-1,-1,-1
120,1,1206.80,296.06,266.95,642.34,0.910,-1,-1,-1
120,5,1494.93,193.60,245.57,752.68,0.930,-1,-1,-1
120,14,347.45,445.73,93.18,279.06,0.856,-1,-1,-1
120,15,457.07,410.22,109.36,311.19,0.908,-1,-1,-1
121,1,1197.76,292.34,269.29,646.63,0.915,-1,-1,-1
121,5,1489.55,188.59,246.58,757.76,0.924,-1,-1,-1
121,14,346.73,447.29,92.71,278.79,0.857,-1,-1,-1
121,15,455.98,409.96,109.16,311.89,0.901,-1,-1,-1
122,1,1184.97,289.39,272.20,651.48,0.924,-1,-1,-1
122,5,1484.75,182.77,248.02,763.79,0.921,-1,-1,-1
122,14,344.96,449.56,92.53,279.04,0.867,-1,-1,-1
122,15,454.44,410.07,109.12,312.80,0.900,-1,-1,-1
122,23,120.87,528.35,83.07,217.25,0.509,-1,-1,-1
123,1,1168.13,285.13,276.22,656.48,0.918,-1,-1,-1
123,5,1478.93,178.20,249.55,770.08,0.902,-1,-1,-1
123,14,342.70,448.36,93.29,281.75,0.873,-1,-1,-1
123,15,453.29,410.90,108.62,312.71,0.897,-1,-1,-1
123,23,118.49,530.00,82.12,215.08,0.539,-1,-1,-1
123,24,34.80,501.66,76.31,248.17,0.556,-1,-1,-1
124,1,1152.78,281.28,279.84,660.84,0.929,-1,-1,-1
124,5,1474.59,174.16,250.38,773.71,0.902,-1,-1,-1
124,14,341.33,444.85,94.40,286.04,0.885,-1,-1,-1
124,15,452.43,411.39,108.14,312.44,0.897,-1,-1,-1
124,24,34.66,502.41,76.06,247.16,0.537,-1,-1,-1
125,1,1140.10,278.64,282.93,663.59,0.928,-1,-1,-1
125,5,1470.08,172.32,250.81,775.52,0.903,-1,-1,-1
125,14,339.32,443.45,94.95,288.14,0.884,-1,-1,-1
125,15,451.41,411.98,108.12,313.42,0.897,-1,-1,-1
125,24,30.87,502.76,76.37,247.24,0.528,-1,-1,-1
126,1,1128.18,276.56,285.43,665.45,0.915,-1,-1,-1
126,5,1466.01,170.05,251.92,777.69,0.909,-1,-1,-1
126,14,337.39,441.07,95.40,290.28,0.884,-1,-1,-1
126,15,450.99,411.66,108.25,315.21,0.899,-1,-1,-1
126,24,36.58,502.56,76.37,247.47,0.527,-1,-1,-1
127,1,1120.76,274.80,287.86,668.25,0.923,-1,-1,-1
127,5,1457.65,170.01,254.45,781.86,0.871,-1,-1,-1
127,14,336.20,437.77,96.64,293.39,0.871,-1,-1,-1
127,15,450.78,410.78,108.36,317.34,0.897,-1,-1,-1
127,25,910.39,515.47,33.19,114.32,0.510,-1,-1,-1
128,1,1115.52,272.74,292.85,680.30,0.877,-1,-1,-1
128,5,1437.89,169.44,259.71,788.96,0.906,-1,-1,-1
128,14,334.25,432.28,98.83,298.57,0.885,-1,-1,-1
128,15,450.54,408.49,108.68,320.58,0.898,-1,-1,-1
128,25,910.37,516.39,32.90,113.29,0.568,-1,-1,-1
129,1,1118.73,271.99,295.32,685.62,0.845,-1,-1,-1
129,5,1421.63,170.44,264.53,791.36,0.923,-1,-1,-1
129,14,332.82,430.28,100.27,300.69,0.895,-1,-1,-1
129,15,450.62,406.30,108.68,323.09,0.898,-1,-1,-1
129,25,910.30,516.95,32.78,112.87,0.608,-1,-1,-1
129,26,122.31,543.75,67.09,201.63,0.566,-1,-1,-1
130,1,1115.63,271.15,296.09,693.54,0.881,-1,-1,-1
130,5,1406.17,171.16,269.42,794.45,0.922,-1,-1,-1
130,14,332.65,430.17,101.30,301.51,0.894,-1,-1,-1
130,15,450.63,404.15,108.65,325.50,0.897,-1,-1,-1
130,25,910.37,517.17,32.62,112.31,0.612,-1,-1,-1
130,26,119.68,532.74,70.72,212.81,0.731,-1,-1,-1
131,1,1108.94,271.27,295.62,699.74,0.878,-1,-1,-1
131,5,1393.46,170.46,275.06,802.60,0.909,-1,-1,-1
131,14,332.79,431.71,102.13,300.72,0.905,-1,-1,-1
131,15,450.50,402.92,108.41,327.04,0.893,-1,-1,-1
131,25,910.37,516.97,32.71,112.66,0.613,-1,-1,-1
131,26,119.18,529.13,71.96,216.85,0.766,-1,-1,-1
131,27,1350.16,361.67,104.73,338.31,0.796,-1,-1,-1
132,1,1102.42,271.70,294.78,705.74,0.889,-1,-1,-1
132,5,1386.76,169.76,278.95,810.10,0.908,-1,-1,-1
132,14,332.90,433.09,102.98,300.13,0.908,-1,-1,-1
132,15,450.55,401.52,108.14,328.45,0.894,-1,-1,-1
132,25,910.48,517.03,32.67,112.51,0.592,-1,-1,-1
132,26,118.61,526.22,72.75,219.69,0.760,-1,-1,-1
132,27,1348.36,363.16,104.03,336.31,0.798,-1,-1,-1
133,1,1098.62,273.21,295.82,713.30,0.893,-1,-1,-1
133,5,1380.57,167.80,281.92,818.57,0.905,-1,-1,-1
133,14,332.57,434.91,103.81,299.89,0.905,-1,-1,-1
133,15,450.23,400.10,107.82,329.64,0.895,-1,-1,-1
133,25,910.43,516.90,32.81,113.05,0.615,-1,-1,-1
133,26,117.77,519.63,74.67,226.19,0.677,-1,-1,-1
133,27,1345.28,364.15,103.32,334.54,0.677,-1,-1,-1
134,1,1093.99,272.83,298.56,724.78,0.899,-1,-1,-1
134,5,1374.94,163.25,284.44,827.88,0.887,-1,-1,-1
134,14,332.17,434.62,105.17,301.79,0.906,-1,-1,-1
134,15,450.42,399.72,107.27,329.89,0.895,-1,-1,-1
134,25,910.40,517.08,32.84,113.18,0.632,-1,-1,-1
134,26,117.40,516.46,75.52,229.48,0.658,-1,-1,-1
135,1,1089.21,271.01,299.73,732.49,0.887,-1,-1,-1
135,5,1367.61,157.66,286.56,837.40,0.902,-1,-1,-1
135,14,331.91,432.99,106.57,304.38,0.903,-1,-1,-1
135,15,450.48,398.85,107.07,331.10,0.898,-1,-1,-1
135,25,910.35,516.95,32.90,113.42,0.672,-1,-1,-1
135,26,118.48,522.08,73.52,223.95,0.763,-1,-1,-1
136,1,1075.95,265.90,300.20,738.83,0.848,-1,-1,-1
136,5,1357.64,152.48,289.00,846.82,0.911,-1,-1,-1
136,14,331.33,430.01,108.15,307.90,0.912,-1,-1,-1
136,15,450.34,397.33,107.34,333.58,0.897,-1,-1,-1
136,25,910.45,516.92,32.87,113.38,0.683,-1,-1,-1
136,26,121.69,525.56,72.58,220.47,0.777,-1,-1,-1
137,1,1065.51,260.43,301.13,745.18,0.883,-1,-1,-1
137,5,1349.74,148.16,290.77,853.09,0.920,-1,-1,-1
137,14,330.68,427.65,109.42,310.13,0.923,-1,-1,-1
137,15,450.28,395.89,107.66,336.11,0.893,-1,-1,-1
137,25,910.52,517.03,32.81,113.16,0.666,-1,-1,-1
137,26,123.00,526.91,72.51,219.28,0.774,-1,-1,-1
137,28,23.03,422.95,110.60,503.86,0.895,-1,-1,-1
138,1,1053.29,254.53,301.32,750.85,0.905,-1,-1,-1
138,5,1342.03,143.72,292.46,858.58,0.919,-1,-1,-1
138,14,329.15,425.61,110.62,312.13,0.905,-1,-1,-1
138,15,450.06,395.90,107.95,337.86,0.894,-1,-1,-1
138,25,910.67,517.02,32.76,112.90,0.621,-1,-1,-1
138,26,120.58,521.55,73.99,224.39,0.688,-1,-1,-1
138,28,27.30,322.27,133.17,599.77,0.933,-1,-1,-1
139,1,1039.86,249.88,302.56,754.31,0.915,-1,-1,-1
139,5,1332.29,140.58,293.98,862.42,0.910,-1,-1,-1
139,14,327.24,422.77,112.02,314.63,0.905,-1,-1,-1
139,15,449.92,395.82,108.05,338.60,0.899,-1,-1,-1
139,25,910.66,517.06,32.81,113.08,0.640,-1,-1,-1
139,26,118.12,510.13,77.47,235.26,0.607,-1,-1,-1
139,28,29.56,286.67,142.75,633.82,0.929,-1,-1,-1
140,1,1025.08,245.75,305.09,757.86,0.914,-1,-1,-1
140,5,1322.12,136.82,295.54,866.51,0.922,-1,-1,-1
140,14,325.01,420.85,113.42,317.06,0.918,-1,-1,-1
140,15,449.91,396.49,107.77,337.60,0.901,-1,-1,-1
140,25,910.62,517.25,32.78,112.86,0.632,-1,-1,-1
140,28,29.55,271.53,148.42,648.50,0.930,-1,-1,-1
140,29,1691.97,474.04,44.16,111.07,0.546,-1,-1,-1
141,1,1008.56,240.96,309.07,763.29,0.922,-1,-1,-1
141,5,1308.59,132.24,296.72,872.46,0.936,-1,-1,-1
141,14,322.03,419.39,115.05,320.17,0.893,-1,-1,-1
141,15,450.30,397.94,107.56,336.02,0.901,-1,-1,-1
141,25,910.62,517.30,32.80,112.81,0.621,-1,-1,-1
141,28,28.75,262.74,153.00,656.88,0.935,-1,-1,-1
141,29,1692.29,473.89,44.25,111.30,-1.000,-1,-1,-1
141,30,1324.97,544.19,38.42,125.18,0.761,-1,-1,-1
142,1,995.42,237.51,313.29,767.63,0.922,-1,-1,-1
142,5,1297.21,129.73,297.18,877.30,0.923,-1,-1,-1
142,14,319.41,418.55,116.41,322.64,0.894,-1,-1,-1
142,15,449.62,398.95,108.39,337.79,0.903,-1,-1,-1
142,25,910.66,517.23,32.76,112.67,0.632,-1,-1,-1
142,28,28.21,262.60,156.14,657.57,0.934,-1,-1,-1
142,29,1692.61,473.74,44.34,111.54,0.556,-1,-1,-1
142,30,1325.56,545.60,38.12,123.82,0.725,-1,-1,-1
143,1,979.87,234.12,319.16,776.63,0.918,-1,-1,-1
143,5,1286.12,128.55,299.05,885.23,0.933,-1,-1,-1
143,14,317.05,418.18,117.60,324.33,0.895,-1,-1,-1
143,15,449.15,400.00,109.27,339.59,0.906,-1,-1,-1
143,25,910.54,517.09,32.78,112.81,0.649,-1,-1,-1
143,28,26.28,263.01,159.06,657.84,0.927,-1,-1,-1
143,29,1692.20,473.45,44.47,111.89,0.568,-1,-1,-1
143,30,1325.58,545.16,38.38,124.30,0.663,-1,-1,-1
144,1,964.70,232.05,327.01,792.44,0.918,-1,-1,-1
144,5,1277.41,127.24,301.50,894.50,0.935,-1,-1,-1
144,14,315.19,418.07,119.06,326.37,0.902,-1,-1,-1
144,15,448.32,400.10,110.26,341.94,0.901,-1,-1,-1
144,25,910.63,517.23,32.82,112.83,0.632,-1,-1,-1
144,28,26.95,265.26,163.18,662.14,0.899,-1,-1,-1
144,29,1692.33,473.31,44.52,112.07,0.558,-1,-1,-1
144,30,1325.11,547.82,37.60,121.51,0.694,-1,-1,-1
145,1,953.94,229.77,329.88,794.90,0.918,-1,-1,-1
145,5,1270.70,126.69,303.40,901.45,0.938,-1,-1,-1
145,14,313.16,418.28,120.67,328.90,0.911,-1,-1,-1
145,15,447.58,400.07,111.63,345.36,0.902,-1,-1,-1
145,25,910.60,517.01,32.98,113.34,0.618,-1,-1,-1
145,28,30.68,265.01,166.68,662.11,0.895,-1,-1,-1
145,29,1692.72,473.32,44.47,112.02,0.558,-1,-1,-1
146,1,944.85,229.58,334.06,801.41,0.919,-1,-1,-1
146,5,1262.03,126.03,305.13,906.47,0.935,-1,-1,-1
146,14,310.79,418.82,122.49,332.15,0.911,-1,-1,-1
146,15,447.70,399.38,113.05,348.14,0.909,-1,-1,-1
146,25,910.67,517.01,33.04,113.43,0.553,-1,-1,-1
146,28,46.61,267.71,167.41,656.86,0.874,-1,-1,-1
146,29,1693.03,473.36,44.41,111.92,0.549,-1,-1,-1
147,1,936.95,230.73,337.80,809.47,0.906,-1,-1,-1
147,5,1252.46,126.87,308.80,917.89,0.928,-1,-1,-1
147,14,308.91,419.22,123.69,333.91,0.911,-1,-1,-1
147,15,448.48,398.38,114.70,350.73,0.912,-1,-1,-1
147,25,910.68,517.14,33.16,113.75,0.568,-1,-1,-1
147,28,63.75,272.41,168.31,650.63,0.906,-1,-1,-1
147,29,1692.51,473.36,44.48,112.11,0.598,-1,-1,-1
147,31,8.03,388.88,96.80,516.04,0.775,-1,-1,-1
148,1,926.79,233.68,339.43,815.69,0.893,-1,-1,-1
148,5,1243.00,125.66,309.60,920.75,0.922,-1,-1,-1
148,14,307.32,417.46,124.93,336.17,0.908,-1,-1,-1
148,15,449.17,396.08,116.67,353.93,0.914,-1,-1,-1
148,25,910.59,517.25,33.19,113.76,0.615,-1,-1,-1
148,28,95.58,275.48,172.79,646.38,0.915,-1,-1,-1
148,29,1692.27,473.56,44.53,112.27,0.615,-1,-1,-1
148,31,39.93,393.26,99.33,518.68,0.763,-1,-1,-1
149,1,916.63,235.64,340.77,822.96,0.900,-1,-1,-1
149,5,1236.58,124.56,308.94,918.98,0.922,-1,-1,-1
149,14,306.06,415.96,125.75,337.50,0.915,-1,-1,-1
149,15,449.22,394.34,118.00,354.95,0.908,-1,-1,-1
149,25,910.61,517.28,33.13,113.46,0.555,-1,-1,-1
149,28,126.60,279.86,179.75,641.80,0.919,-1,-1,-1
149,29,1692.37,473.44,44.47,112.30,0.557,-1,-1,-1
149,31,60.20,395.68,101.98,513.90,0.833,-1,-1,-1
150,1,906.71,235.71,342.49,830.63,0.914,-1,-1,-1
150,5,1228.30,123.12,314.80,938.03,0.905,-1,-1,-1
150,14,304.93,414.96,126.52,338.39,0.909,-1,-1,-1
150,15,449.17,392.47,119.43,356.63,0.909,-1,-1,-1
150,25,910.49,517.40,33.13,113.46,0.584,-1,-1,-1
150,28,148.70,283.07,189.06,638.04,0.914,-1,-1,-1
150,29,1692.59,473.39,44.40,112.25,0.563,-1,-1,-1
150,31,65.55,397.53,106.88,515.17,0.881,-1,-1,-1
151,1,891.91,234.78,344.08,835.77,0.907,-1,-1,-1
151,5,1217.45,120.20,318.01,949.43,0.911,-1,-1,-1
151,14,302.82,412.77,128.39,342.32,0.891,-1,-1,-1
151,15,449.32,387.24,121.59,361.19,0.913,-1,-1,-1
151,28,164.13,286.31,200.27,632.79,0.919,-1,-1,-1
151,29,1693.03,473.36,44.36,112.25,0.587,-1,-1,-1
151,31,66.32,395.83,111.01,510.49,0.874,-1,-1,-1
152,1,879.55,229.77,348.55,845.13,0.906,-1,-1,-1
152,5,1210.02,115.54,317.71,949.36,0.918,-1,-1,-1
152,14,301.75,411.44,128.36,340.81,0.881,-1,-1,-1
152,15,450.17,385.70,122.71,362.67,0.905,-1,-1,-1
152,28,172.15,292.24,210.86,626.61,0.914,-1,-1,-1
152,29,1693.50,473.50,44.19,112.00,0.516,-1,-1,-1
152,31,70.05,394.10,114.98,510.34,0.841,-1,-1,-1
153,1,860.52,224.23,352.54,851.50,0.916,-1,-1,-1
153,5,1200.91,109.54,319.69,955.97,0.925,-1,-1,-1
153,14,309.70,409.33,126.75,340.63,0.880,-1,-1,-1
153,15,451.63,386.50,123.05,362.28,0.913,-1,-1,-1
153,28,175.09,295.15,221.33,622.08,0.919,-1,-1,-1
153,29,1693.10,473.46,44.18,112.01,0.537,-1,-1,-1
153,31,87.77,391.74,111.91,492.07,0.732,-1,-1,-1
154,1,843.05,220.73,355.50,853.89,0.928,-1,-1,-1
154,5,1193.13,103.52,322.08,964.12,0.932,-1,-1,-1
154,14,318.57,408.69,123.04,335.52,0.784,-1,-1,-1
154,15,452.86,385.84,123.62,363.29,0.908,-1,-1,-1
154,28,176.21,296.23,230.82,618.48,0.914,-1,-1,-1
154,29,1692.55,473.43,44.16,112.07,0.547,-1,-1,-1
154,31,110.35,391.07,104.42,455.72,0.674,-1,-1,-1
155,1,824.95,216.02,358.78,856.25,0.931,-1,-1,-1
155,5,1184.70,96.72,324.93,972.10,0.937,-1,-1,-1
155,14,327.65,407.64,116.19,319.76,0.568,-1,-1,-1
155,15,455.97,387.79,123.95,362.22,0.901,-1,-1,-1
155,28,179.02,297.72,238.08,615.15,0.896,-1,-1,-1
155,29,1692.81,473.33,44.21,112.23,-1.000,-1,-1,-1
155,31,128.47,389.67,111.59,481.31,0.800,-1,-1,-1
155,32,1465.42,377.63,116.43,306.58,0.891,-1,-1,-1
156,1,800.09,211.63,362.80,858.69,0.924,-1,-1,-1
156,5,1173.86,90.60,327.78,978.75,0.923,-1,-1,-1
156,15,460.30,388.72,125.00,361.48,0.911,-1,-1,-1
156,28,190.13,297.80,241.01,607.91,0.900,-1,-1,-1
156,29,1693.08,473.22,44.27,112.38,0.536,-1,-1,-1
156,31,164.89,389.54,118.26,489.83,0.888,-1,-1,-1
156,32,1466.66,377.81,116.32,305.52,0.893,-1,-1,-1
157,1,777.74,207.77,368.20,864.78,0.914,-1,-1,-1
157,5,1165.77,85.88,330.46,983.46,0.933,-1,-1,-1
157,15,463.07,389.75,126.46,362.04,0.908,-1,-1,-1
157,28,205.16,297.40,241.40,601.16,0.909,-1,-1,-1
157,29,1693.28,472.99,44.28,112.49,0.534,-1,-1,-1
157,31,186.45,391.76,125.73,490.61,0.911,-1,-1,-1
157,32,1468.22,379.01,115.83,303.29,0.911,-1,-1,-1
158,1,759.78,203.16,373.40,870.65,0.912,-1,-1,-1
158,5,1154.05,72.76,335.58,995.93,0.923,-1,-1,-1
158,15,462.92,389.58,127.03,363.41,0.872,-1,-1,-1
158,28,228.76,294.72,239.50,600.50,0.911,-1,-1,-1
158,29,1693.36,473.28,44.15,112.20,0.586,-1,-1,-1
158,31,195.08,392.98,133.01,490.64,0.900,-1,-1,-1
158,32,1470.55,378.50,116.11,303.54,0.902,-1,-1,-1
159,1,747.15,201.05,375.99,873.15,0.910,-1,-1,-1
159,5,1144.63,66.23,337.60,998.13,0.930,-1,-1,-1
159,15,461.06,390.29,126.83,364.93,0.881,-1,-1,-1
159,28,250.27,293.24,235.41,600.09,0.872,-1,-1,-1
159,29,1693.79,472.98,44.27,112.56,0.566,-1,-1,-1
159,31,196.86,392.88,139.84,491.13,0.888,-1,-1,-1
159,32,1476.93,377.83,115.68,301.70,0.893,-1,-1,-1
159,33,123.92,528.07,63.70,216.25,0.570,-1,-1,-1
160,1,741.74,198.63,376.40,875.11,0.897,-1,-1,-1
160,5,1136.34,63.13,340.09,1001.15,0.933,-1,-1,-1
160,15,462.89,390.45,127.39,368.29,0.882,-1,-1,-1
160,28,278.04,294.96,230.07,597.93,0.897,-1,-1,-1
160,29,1693.83,473.08,44.21,112.44,0.587,-1,-1,-1
160,31,196.59,393.67,144.67,488.04,0.856,-1,-1,-1
160,32,1483.68,376.59,115.32,300.51,0.864,-1,-1,-1
160,33,123.32,525.86,64.48,218.67,0.747,-1,-1,-1
161,1,746.63,198.39,371.10,869.17,0.879,-1,-1,-1
161,5,1127.39,57.73,340.98,997.44,0.939,-1,-1,-1
161,15,468.05,390.26,127.43,372.05,0.865,-1,-1,-1
161,28,315.79,295.69,226.77,596.61,0.919,-1,-1,-1
161,29,1693.47,472.70,44.37,112.92,0.571,-1,-1,-1
161,31,198.58,394.70,150.11,483.50,0.908,-1,-1,-1
161,32,1489.32,375.13,115.79,300.51,0.875,-1,-1,-1
161,33,123.49,526.01,64.56,218.63,0.716,-1,-1,-1
162,1,746.25,197.61,369.91,874.96,0.881,-1,-1,-1
162,5,1118.24,54.02,343.93,999.47,0.940,-1,-1,-1
162,15,475.69,390.93,125.92,373.18,0.859,-1,-1,-1
162,28,344.32,297.04,225.09,594.12,0.908,-1,-1,-1
162,29,1693.70,472.84,44.21,112.59,0.555,-1,-1,-1
162,31,207.33,394.76,153.72,479.66,0.879,-1,-1,-1
162,32,1493.79,374.09,116.50,300.94,0.859,-1,-1,-1
162,33,123.53,526.74,64.41,217.70,0.793,-1,-1,-1
163,1,739.31,197.94,368.90,879.44,0.869,-1,-1,-1
163,5,1105.30,54.34,348.72,1007.59,0.933,-1,-1,-1
163,15,487.08,391.85,124.47,372.88,0.826,-1,-1,-1
163,28,369.56,300.69,224.70,589.08,0.871,-1,-1,-1
163,29,1693.72,473.14,44.07,112.32,0.568,-1,-1,-1
163,31,228.63,393.53,154.73,474.25,0.819,-1,-1,-1
163,32,1499.47,373.50,116.89,301.08,0.851,-1,-1,-1
163,33,124.07,527.59,64.42,217.35,0.786,-1,-1,-1
164,1,731.66,198.95,364.85,875.43,0.855,-1,-1,-1
164,5,1095.18,49.54,350.43,1006.72,0.934,-1,-1,-1
164,15,493.74,390.60,123.36,374.67,0.759,-1,-1,-1
164,28,385.59,303.15,226.82,586.59,0.880,-1,-1,-1
164,29,1693.98,473.17,43.91,112.14,0.558,-1,-1,-1
164,31,248.00,391.31,154.55,471.22,0.867,-1,-1,-1
164,32,1503.96,374.81,116.59,299.36,0.813,-1,-1,-1
164,33,123.41,527.95,64.49,216.97,0.784,-1,-1,-1
165,1,722.18,198.14,363.14,876.78,0.853,-1,-1,-1
165,5,1083.94,52.25,353.43,1010.60,0.931,-1,-1,-1
165,15,501.74,389.57,121.53,374.39,0.783,-1,-1,-1
165,28,397.97,308.14,229.48,581.75,0.879,-1,-1,-1
165,29,1693.84,473.54,43.73,111.83,0.579,-1,-1,-1
165,31,269.68,389.04,153.39,470.46,0.865,-1,-1,-1
165,32,1506.14,376.63,116.74,297.58,0.820,-1,-1,-1
165,33,124.81,528.17,64.43,216.66,0.806,-1,-1,-1
166,1,710.36,198.22,360.77,875.14,0.891,-1,-1,-1
166,5,1070.08,47.15,354.06,1004.35,0.936,-1,-1,-1
166,15,513.39,388.66,114.07,353.54,0.634,-1,-1,-1
166,28,410.02,312.20,233.75,576.21,0.911,-1,-1,-1
166,29,1693.46,473.37,43.83,112.12,0.588,-1,-1,-1
166,31,302.92,387.52,151.55,470.91,0.810,-1,-1,-1
166,32,1510.45,381.26,116.18,292.96,0.803,-1,-1,-1
166,33,125.68,527.92,64.45,216.74,0.820,-1,-1,-1
166,34,24.43,500.39,80.60,249.09,0.558,-1,-1,-1
167,1,698.42,189.85,362.32,882.73,0.883,-1,-1,-1
167,5,1057.39,44.16,355.52,1000.10,0.934,-1,-1,-1
167,28,419.64,315.28,236.82,569.72,0.908,-1,-1,-1
167,29,1692.69,473.23,44.00,112.44,0.572,-1,-1,-1
167,31,323.49,386.73,151.28,473.33,0.862,-1,-1,-1
167,32,1511.38,384.75,116.25,288.87,0.840,-1,-1,-1
167,33,126.03,528.21,64.41,216.40,0.728,-1,-1,-1
167,34,24.33,500.56,80.59,248.71,0.591,-1,-1,-1
168,1,680.20,182.52,363.99,890.16,0.907,-1,-1,-1
168,5,1041.94,41.67,358.11,998.81,0.934,-1,-1,-1
168,28,431.32,316.09,239.70,567.14,0.917,-1,-1,-1
168,29,1692.16,473.32,44.08,112.41,0.576,-1,-1,-1
168,31,347.68,387.64,152.59,472.12,0.808,-1,-1,-1
168,32,1513.93,386.19,116.80,286.95,0.829,-1,-1,-1
168,33,126.47,528.27,64.38,216.15,0.589,-1,-1,-1
168,34,25.23,500.86,80.61,248.46,0.562,-1,-1,-1
168,35,1405.19,461.89,46.97,215.41,0.829,-1,-1,-1
169,1,655.81,173.29,367.13,898.38,0.892,-1,-1,-1
169,5,1028.41,46.93,361.55,998.63,0.931,-1,-1,-1
169,28,439.69,316.43,237.10,559.59,0.883,-1,-1,-1
169,29,1692.15,473.20,43.93,112.18,0.553,-1,-1,-1
169,31,375.91,390.61,154.19,467.26,0.839,-1,-1,-1
169,32,1515.15,387.31,117.62,285.14,0.850,-1,-1,-1
169,33,127.10,527.24,64.58,216.76,0.562,-1,-1,-1
169,35,1400.09,452.22,49.80,225.20,0.822,-1,-1,-1
170,1,628.68,165.52,371.32,906.05,0.906,-1,-1,-1
170,5,1016.09,39.83,366.55,1004.11,0.918,-1,-1,-1
170,28,451.07,317.17,229.87,547.59,0.886,-1,-1,-1
170,29,1692.24,473.66,43.74,111.80,0.585,-1,-1,-1
170,31,383.08,393.46,155.43,465.40,0.871,-1,-1,-1
170,32,1515.99,387.93,118.80,284.10,0.876,-1,-1,-1
170,33,127.79,528.65,64.32,215.33,0.744,-1,-1,-1
170,35,1398.23,447.46,51.84,229.89,0.813,-1,-1,-1
171,1,594.81,158.11,377.96,918.05,0.894,-1,-1,-1
171,5,1004.96,41.54,372.43,1010.18,0.921,-1,-1,-1
171,28,473.29,316.49,221.43,540.92,0.873,-1,-1,-1
171,29,1692.27,473.54,43.78,111.94,0.604,-1,-1,-1
171,31,395.92,397.19,159.12,461.14,0.888,-1,-1,-1
171,32,1521.97,388.14,117.99,279.90,0.860,-1,-1,-1
171,33,128.91,529.35,64.20,214.50,0.702,-1,-1,-1
171,35,1398.58,445.60,53.32,231.45,0.819,-1,-1,-1
172,1,572.20,155.44,379.85,916.54,0.897,-1,-1,-1
172,5,991.67,24.53,378.59,1018.98,0.927,-1,-1,-1
172,28,494.07,315.28,215.55,540.35,0.807,-1,-1,-1
172,29,1692.65,473.17,43.91,112.30,0.583,-1,-1,-1
172,31,403.78,399.14,162.69,458.02,0.856,-1,-1,-1
172,32,1525.94,386.68,118.15,278.73,0.860,-1,-1,-1
172,33,130.97,528.99,64.38,214.32,0.722,-1,-1,-1
172,35,1399.66,445.30,54.65,232.03,0.827,-1,-1,-1
173,1,552.05,148.77,383.00,921.58,0.903,-1,-1,-1
173,5,977.00,15.12,384.50,1027.91,0.931,-1,-1,-1
173,28,504.63,315.16,208.71,534.24,0.638,-1,-1,-1
173,29,1693.10,472.82,43.99,112.51,0.601,-1,-1,-1
173,31,407.23,400.26,165.36,455.29,0.909,-1,-1,-1
173,32,1529.91,385.26,118.44,279.22,0.883,-1,-1,-1
173,33,131.60,529.29,64.38,213.79,0.654,-1,-1,-1
173,35,1399.99,445.38,55.94,231.91,0.824,-1,-1,-1
173,36,1339.98,544.55,45.08,137.76,0.861,-1,-1,-1
173,37,352.34,409.98,102.70,357.11,0.866,-1,-1,-1
174,1,535.57,144.64,385.55,926.85,0.896,-1,-1,-1
174,5,965.58,11.63,386.75,1028.00,0.906,-1,-1,-1
174,29,1693.17,472.72,43.97,112.59,0.573,-1,-1,-1
174,31,415.00,402.05,165.74,451.72,0.910,-1,-1,-1
174,32,1533.79,384.60,118.14,279.26,0.796,-1,-1,-1
174,33,132.13,529.91,64.64,213.52,0.685,-1,-1,-1
174,35,1400.31,445.89,57.12,231.20,0.808,-1,-1,-1
174,36,1341.22,544.81,45.53,138.17,0.882,-1,-1,-1
174,37,359.80,410.71,103.78,358.41,0.856,-1,-1,-1
175,1,523.28,141.07,386.02,929.03,0.894,-1,-1,-1
175,5,956.84,16.70,390.26,1032.01,0.878,-1,-1,-1
175,29,1693.46,472.68,43.91,112.62,0.576,-1,-1,-1
175,31,427.35,398.58,165.00,451.76,0.883,-1,-1,-1
175,32,1537.32,384.19,117.66,279.35,0.816,-1,-1,-1
175,33,132.12,529.82,64.92,213.55,0.696,-1,-1,-1
175,35,1400.80,446.69,58.23,230.54,0.785,-1,-1,-1
175,36,1341.77,545.31,45.84,138.06,0.887,-1,-1,-1
175,37,366.81,410.86,106.22,363.47,0.864,-1,-1,-1
175,38,10.50,536.47,44.76,469.59,0.718,-1,-1,-1
176,1,513.86,138.42,384.70,927.86,0.858,-1,-1,-1
176,5,936.87,12.65,389.41,1030.74,0.930,-1,-1,-1
176,29,1692.71,472.86,43.97,112.54,0.571,-1,-1,-1
176,31,445.69,396.17,160.18,445.44,0.747,-1,-1,-1
176,32,1542.67,384.74,116.52,278.60,0.811,-1,-1,-1
176,33,132.72,529.64,65.34,213.49,0.686,-1,-1,-1
176,35,1399.53,441.89,60.93,236.19,0.803,-1,-1,-1
176,36,1342.34,546.08,46.09,137.87,0.877,-1,-1,-1
176,37,370.65,409.26,113.10,383.91,0.853,-1,-1,-1
176,38,17.42,532.06,45.93,475.64,0.696,-1,-1,-1
176,39,910.19,517.08,32.81,111.95,0.614,-1,-1,-1
177,1,505.73,142.66,382.75,926.61,0.894,-1,-1,-1
177,5,921.71,10.16,389.45,1033.98,0.926,-1,-1,-1
177,29,1692.54,472.86,43.90,112.50,0.612,-1,-1,-1
177,31,461.95,395.41,154.15,436.83,0.511,-1,-1,-1
177,32,1548.70,385.59,115.94,277.89,0.830,-1,-1,-1
177,33,132.82,529.90,65.73,213.52,0.706,-1,-1,-1
177,35,1398.68,440.53,62.69,238.49,0.801,-1,-1,-1
177,36,1343.69,546.60,46.31,137.67,0.851,-1,-1,-1
177,37,375.89,407.90,116.09,391.38,0.878,-1,-1,-1
177,38,21.11,530.40,46.97,478.65,0.672,-1,-1,-1
177,39,910.16,517.19,33.07,112.86,0.647,-1,-1,-1
178,1,482.77,136.75,385.11,933.90,0.879,-1,-1,-1
178,5,910.57,9.95,387.24,1031.69,0.928,-1,-1,-1
178,29,1692.59,472.81,43.80,112.39,0.611,-1,-1,-1
178,32,1552.80,386.36,115.96,276.81,0.875,-1,-1,-1
178,33,132.39,530.01,65.88,213.24,0.712,-1,-1,-1
178,35,1399.74,442.60,63.50,236.56,0.830,-1,-1,-1
178,36,1345.54,546.79,46.69,137.79,0.828,-1,-1,-1
178,37,380.24,407.45,117.22,393.44,0.854,-1,-1,-1
178,38,21.51,528.53,47.92,480.26,0.667,-1,-1,-1
178,39,910.07,517.06,33.18,113.25,0.644,-1,-1,-1
179,1,461.15,138.92,386.93,931.69,0.825,-1,-1,-1
179,5,895.41,10.53,385.20,1030.73,0.921,-1,-1,-1
179,29,1692.22,472.68,43.81,112.37,0.594,-1,-1,-1
179,32,1559.33,390.72,114.84,272.04,0.899,-1,-1,-1
179,33,132.82,530.03,66.26,213.21,0.687,-1,-1,-1
179,35,1400.86,445.83,63.77,232.62,0.829,-1,-1,-1
179,36,1347.60,546.40,47.23,138.17,0.869,-1,-1,-1
179,37,384.85,404.15,118.60,397.31,0.867,-1,-1,-1
179,38,19.05,518.20,49.48,488.87,0.663,-1,-1,-1
179,39,910.15,517.01,33.28,113.54,0.654,-1,-1,-1
180,1,449.02,142.71,388.69,927.58,0.845,-1,-1,-1
180,5,885.14,10.78,382.79,1028.54,0.920,-1,-1,-1
180,29,1691.75,472.75,43.81,112.31,0.605,-1,-1,-1
180,32,1563.05,393.65,113.84,268.25,0.888,-1,-1,-1
180,33,132.21,530.11,66.70,213.36,0.674,-1,-1,-1
180,35,1401.52,446.66,64.84,231.86,0.832,-1,-1,-1
180,36,1349.33,546.27,47.70,138.23,0.869,-1,-1,-1
180,37,385.96,403.00,118.76,399.04,0.828,-1,-1,-1
180,38,24.70,463.83,56.88,542.63,0.799,-1,-1,-1
180,39,909.44,516.62,33.30,113.75,0.512,-1,-1,-1
181,1,434.13,147.54,392.33,922.87,0.803,-1,-1,-1
181,5,873.17,10.08,381.57,1028.54,0.917,-1,-1,-1
181,29,1691.62,472.56,43.91,112.53,0.603,-1,-1,-1
181,32,1566.66,395.94,113.06,266.27,0.865,-1,-1,-1
181,33,131.26,530.10,66.95,213.37,0.622,-1,-1,-1
181,35,1401.56,447.01,65.82,231.13,0.820,-1,-1,-1
181,36,1351.26,545.59,48.44,139.11,0.858,-1,-1,-1
182,1,425.80,145.35,399.86,924.73,0.851,-1,-1,-1
182,5,863.30,10.79,379.52,1025.33,0.925,-1,-1,-1
182,29,1692.00,472.51,44.00,112.60,0.598,-1,-1,-1
182,32,1569.71,396.08,112.66,265.99,0.860,-1,-1,-1
182,33,131.31,532.80,66.35,210.73,0.523,-1,-1,-1
182,35,1402.66,447.09,67.34,231.46,0.830,-1,-1,-1
182,36,1352.45,545.47,48.82,139.03,0.861,-1,-1,-1
183,1,407.96,138.63,408.45,933.59,0.804,-1,-1,-1
183,5,854.96,11.72,380.29,1028.74,0.913,-1,-1,-1
183,29,1692.20,472.35,44.14,112.77,0.640,-1,-1,-1
183,32,1572.91,396.41,111.91,265.10,0.870,-1,-1,-1
183,33,131.67,535.65,65.58,207.58,0.509,-1,-1,-1
183,35,1403.68,446.96,69.05,232.02,0.846,-1,-1,-1
183,36,1353.52,545.20,49.36,139.75,0.860,-1,-1,-1
183,40,23.68,180.13,133.90,829.16,0.876,-1,-1,-1
183,41,719.05,321.40,138.88,508.22,0.864,-1,-1,-1
184,1,386.02,135.48,412.54,935.84,0.593,-1,-1,-1
184,5,842.52,13.25,382.03,1034.61,0.918,-1,-1,-1
184,29,1692.59,472.25,44.29,112.86,0.564,-1,-1,-1
184,32,1578.16,395.15,111.15,263.82,0.877,-1,-1,-1
184,35,1404.00,446.05,71.06,234.03,0.855,-1,-1,-1
184,36,1354.66,544.94,49.59,139.95,0.859,-1,-1,-1
184,40,64.70,189.62,136.31,815.12,0.935,-1,-1,-1
184,41,710.52,320.48,139.91,508.63,0.895,-1,-1,-1
185,1,322.19,121.87,411.46,942.59,0.730,-1,-1,-1
185,5,831.42,12.38,381.31,1032.58,0.914,-1,-1,-1
185,29,1693.34,472.04,44.41,112.91,0.631,-1,-1,-1
185,32,1582.83,393.87,110.98,262.74,0.852,-1,-1,-1
185,35,1404.81,446.24,72.60,234.92,0.838,-1,-1,-1
185,36,1355.71,545.20,49.60,139.71,0.848,-1,-1,-1
185,40,88.41,196.07,140.87,801.75,0.932,-1,-1,-1
185,41,723.38,320.15,140.55,508.51,0.889,-1,-1,-1
186,1,285.06,111.92,409.33,942.03,0.597,-1,-1,-1
186,5,816.14,11.29,383.76,1040.54,0.918,-1,-1,-1
186,29,1693.55,471.99,44.70,113.18,0.687,-1,-1,-1
186,32,1587.28,390.75,112.87,265.76,0.877,-1,-1,-1
186,35,1405.41,445.85,74.02,236.15,0.824,-1,-1,-1
186,36,1357.65,545.82,49.81,140.13,0.859,-1,-1,-1
186,40,88.52,203.88,146.37,792.29,0.937,-1,-1,-1
186,41,736.00,318.67,140.37,510.85,0.866,-1,-1,-1
187,1,248.28,104.09,409.26,947.30,0.563,-1,-1,-1
187,5,803.99,10.76,385.69,1046.25,0.934,-1,-1,-1
187,29,1693.66,471.78,45.16,114.09,0.684,-1,-1,-1
187,32,1590.98,389.07,113.75,266.81,0.748,-1,-1,-1
187,35,1404.83,445.30,75.37,237.55,0.842,-1,-1,-1
187,36,1359.36,546.71,49.96,140.66,0.866,-1,-1,-1
187,40,83.73,212.51,151.47,780.73,0.928,-1,-1,-1
187,41,747.95,321.54,138.78,508.34,0.814,-1,-1,-1
187,42,630.57,405.36,147.09,411.00,0.902,-1,-1,-1
187,43,1467.32,427.97,57.50,223.30,0.809,-1,-1,-1
188,1,224.74,96.85,393.21,911.99,0.601,-1,-1,-1
188,5,791.16,11.19,386.73,1048.97,0.914,-1,-1,-1
188,29,1693.66,471.72,45.40,114.69,0.581,-1,-1,-1
188,32,1593.78,388.71,114.50,267.22,0.827,-1,-1,-1
188,35,1405.69,444.62,76.72,238.67,0.833,-1,-1,-1
188,36,1360.88,547.14,50.09,141.08,0.859,-1,-1,-1
188,40,76.09,215.42,157.08,775.62,0.908,-1,-1,-1
188,41,766.65,349.88,131.67,481.65,0.663,-1,-1,-1
188,42,644.98,405.41,146.22,409.25,0.886,-1,-1,-1
188,43,1472.49,429.99,57.92,222.36,0.799,-1,-1,-1
189,1,180.50,90.33,390.68,903.65,0.597,-1,-1,-1
189,5,773.92,10.91,385.37,1047.69,0.923,-1,-1,-1
189,29,1694.81,471.48,45.74,115.45,0.519,-1,-1,-1
189,32,1595.92,389.54,114.99,266.62,0.853,-1,-1,-1
189,35,1407.07,444.38,78.20,239.74,0.845,-1,-1,-1
189,36,1363.07,546.86,50.37,142.09,0.817,-1,-1,-1
189,40,65.09,217.58,158.71,768.27,0.762,-1,-1,-1
189,42,663.78,402.13,146.49,412.72,0.856,-1,-1,-1
189,43,1479.67,431.22,58.90,222.08,0.843,-1,-1,-1
189,44,576.12,377.47,91.73,407.83,0.827,-1,-1,-1
189,45,-4.91,235.60,141.20,766.94,0.650,-1,-1,-1
189,46,20.21,241.57,36.53,626.11,0.597,-1,-1,-1
190,1,117.38,83.51,404.43,927.22,0.586,-1,-1,-1
190,5,759.89,9.93,385.41,1050.11,0.920,-1,-1,-1
190,32,1597.97,391.29,115.26,265.02,0.855,-1,-1,-1
190,35,1408.03,443.80,79.73,240.63,0.841,-1,-1,-1
190,36,1365.23,546.35,50.48,142.95,0.810,-1,-1,-1
190,40,101.91,220.12,125.51,595.57,0.615,-1,-1,-1
190,42,675.37,400.30,146.18,414.38,0.739,-1,-1,-1
190,43,1484.77,431.68,60.01,222.14,0.831,-1,-1,-1
190,44,588.38,375.62,93.93,410.04,0.860,-1,-1,-1
190,45,5.31,238.57,134.10,726.56,0.664,-1,-1,-1
191,1,68.34,79.63,405.76,914.45,0.713,-1,-1,-1
191,5,742.64,9.21,384.70,1047.44,0.909,-1,-1,-1
191,32,1601.68,394.60,114.98,261.36,0.793,-1,-1,-1
191,35,1407.65,443.04,81.18,241.64,0.851,-1,-1,-1
191,36,1367.87,545.14,50.71,144.36,0.788,-1,-1,-1
191,42,688.75,400.48,145.85,415.86,0.701,-1,-1,-1
191,43,1489.92,431.40,61.36,222.99,0.811,-1,-1,-1
191,44,598.99,376.70,96.37,411.14,0.881,-1,-1,-1
191,45,6.03,244.07,132.83,718.72,0.660,-1,-1,-1
192,1,33.61,77.70,415.33,926.10,0.736,-1,-1,-1
192,5,726.55,8.71,385.76,1049.37,0.925,-1,-1,-1
192,32,1603.94,397.11,115.24,259.18,0.794,-1,-1,-1
192,35,1408.26,442.22,82.39,241.59,0.834,-1,-1,-1
192,36,1370.32,543.66,50.96,146.01,0.804,-1,-1,-1
192,43,1492.25,431.24,62.53,222.81,0.810,-1,-1,-1
192,44,604.35,376.72,98.57,409.48,0.886,-1,-1,-1
192,45,7.84,246.72,131.90,712.36,0.558,-1,-1,-1
192,47,497.81,395.52,74.72,406.89,0.792,-1,-1,-1
193,1,11.92,74.99,425.63,942.29,0.818,-1,-1,-1
193,5,713.07,8.66,383.51,1042.27,0.859,-1,-1,-1
193,32,1606.10,399.23,114.70,256.01,0.738,-1,-1,-1
193,35,1407.36,442.07,83.56,241.95,0.846,-1,-1,-1
193,36,1373.74,542.67,51.15,146.86,0.808,-1,-1,-1
193,43,1493.97,430.86,63.90,223.58,0.835,-1,-1,-1
193,44,607.28,378.50,100.86,407.04,0.886,-1,-1,-1
193,45,31.08,251.45,93.77,494.95,0.544,-1,-1,-1
193,47,508.15,394.93,75.82,409.74,0.719,-1,-1,-1
194,1,3.85,109.41,423.34,936.04,0.757,-1,-1,-1
194,5,694.73,7.39,385.04,1044.41,0.854,-1,-1,-1
194,32,1608.72,400.92,114.62,254.04,0.834,-1,-1,-1
194,35,1407.14,441.73,84.54,241.77,0.860,-1,-1,-1
194,36,1376.59,540.89,51.61,148.53,0.813,-1,-1,-1
194,43,1495.60,430.68,65.06,223.56,0.851,-1,-1,-1
194,44,597.93,378.60,102.06,407.20,0.832,-1,-1,-1
194,47,527.52,394.47,77.33,412.39,0.810,-1,-1,-1
195,1,-16.68,96.69,422.43,935.63,0.515,-1,-1,-1
195,5,676.56,7.72,386.00,1040.99,0.874,-1,-1,-1
195,32,1610.41,401.27,114.89,252.89,0.840,-1,-1,-1
195,35,1407.08,441.50,85.69,241.90,0.867,-1,-1,-1
195,36,1379.41,539.57,52.33,149.91,0.821,-1,-1,-1
195,43,1496.12,430.37,66.40,223.99,0.862,-1,-1,-1
195,44,594.63,380.64,98.11,390.38,0.796,-1,-1,-1
195,47,536.82,393.25,78.96,413.27,0.852,-1,-1,-1
196,1,-31.90,83.90,416.70,929.77,0.717,-1,-1,-1
196,5,648.34,6.73,394.21,1049.03,0.885,-1,-1,-1
196,32,1613.99,401.68,114.13,250.26,0.864,-1,-1,-1
196,35,1407.95,441.37,86.71,242.29,0.870,-1,-1,-1
196,36,1383.13,539.15,53.40,150.61,0.827,-1,-1,-1
196,43,1496.96,429.36,67.49,224.58,0.858,-1,-1,-1
196,47,542.91,393.82,80.65,411.76,0.852,-1,-1,-1
197,1,-53.00,78.73,420.40,946.78,0.512,-1,-1,-1
197,5,622.50,7.85,400.82,1044.03,0.900,-1,-1,-1
197,32,1618.86,400.67,113.13,248.62,0.769,-1,-1,-1
197,35,1409.16,441.35,87.89,242.48,0.866,-1,-1,-1
197,36,1387.67,539.65,53.98,150.55,0.795,-1,-1,-1
197,43,1497.25,428.70,68.46,224.87,0.855,-1,-1,-1
197,47,541.71,393.73,82.00,411.23,0.836,-1,-1,-1
198,1,-69.95,73.23,421.82,964.24,0.594,-1,-1,-1
198,5,596.99,17.08,407.87,1040.12,0.874,-1,-1,-1
198,32,1622.51,399.09,112.63,248.90,0.791,-1,-1,-1
198,35,1410.53,441.28,88.90,242.71,0.874,-1,-1,-1
198,36,1391.34,541.01,54.58,149.63,0.823,-1,-1,-1
198,43,1499.34,427.94,69.23,226.08,0.760,-1,-1,-1
198,47,540.94,389.48,84.41,414.25,0.843,-1,-1,-1
198,48,298.46,225.60,227.28,738.63,0.907,-1,-1,-1
199,1,-84.23,64.28,413.95,973.54,0.751,-1,-1,-1
199,5,570.18,9.52,420.51,1045.40,0.847,-1,-1,-1
199,32,1623.70,396.74,113.08,250.94,0.873,-1,-1,-1
199,35,1412.36,440.84,90.33,243.84,0.878,-1,-1,-1
199,36,1393.27,542.00,54.89,149.38,0.812,-1,-1,-1
199,43,1500.69,426.97,70.02,226.99,0.798,-1,-1,-1
199,48,307.54,231.74,228.01,732.09,0.905,-1,-1,-1
199,49,927.22,514.33,146.04,289.08,0.847,-1,-1,-1
200,1,-91.26,77.39,397.92,973.60,0.833,-1,-1,-1
200,5,541.02,4.18,431.06,1045.20,0.804,-1,-1,-1
200,32,1625.78,396.06,112.75,251.22,0.868,-1,-1,-1
200,35,1413.69,440.57,91.68,244.98,0.887,-1,-1,-1
200,36,1395.12,542.40,55.03,149.31,0.769,-1,-1,-1
200,43,1504.04,425.98,70.57,228.82,0.810,-1,-1,-1
200,48,302.35,236.54,229.03,726.95,0.894,-1,-1,-1
200,49,940.18,503.84,150.83,297.85,0.853,-1,-1,-1
201,1,-97.86,89.30,376.74,954.26,0.757,-1,-1,-1
201,5,504.59,1.48,443.65,1047.91,0.798,-1,-1,-1
201,32,1628.56,396.61,111.72,250.66,0.875,-1,-1,-1
201,35,1415.93,440.69,92.66,245.59,0.870,-1,-1,-1
201,36,1399.38,541.53,55.17,150.15,0.825,-1,-1,-1
201,43,1507.61,424.66,70.92,229.53,0.712,-1,-1,-1
201,48,297.69,242.17,228.67,718.46,0.904,-1,-1,-1
201,49,936.96,381.87,211.21,419.67,0.902,-1,-1,-1
201,50,194.36,267.26,157.96,648.45,0.872,-1,-1,-1
202,1,-84.17,170.19,317.37,840.53,0.862,-1,-1,-1
202,5,480.48,0.17,455.93,1050.59,0.813,-1,-1,-1
202,32,1632.34,397.40,111.08,249.75,0.877,-1,-1,-1
202,35,1418.64,440.86,93.54,246.05,0.877,-1,-1,-1
202,36,1403.14,537.33,56.38,154.15,0.822,-1,-1,-1
202,43,1510.84,424.21,71.20,230.00,0.751,-1,-1,-1
202,48,291.44,245.58,228.37,712.64,0.905,-1,-1,-1
202,49,942.57,338.94,231.79,462.81,0.922,-1,-1,-1
202,50,216.01,265.73,156.74,640.53,0.898,-1,-1,-1
203,1,-73.83,215.97,267.15,737.35,0.832,-1,-1,-1
203,5,455.03,-0.43,464.82,1049.29,0.772,-1,-1,-1
203,32,1636.67,399.17,110.39,247.69,0.881,-1,-1,-1
203,35,1421.23,441.35,94.27,245.98,0.877,-1,-1,-1
203,36,1406.79,536.43,56.62,154.92,0.831,-1,-1,-1
203,43,1519.61,424.75,70.80,229.12,0.807,-1,-1,-1
203,48,289.30,246.62,226.77,706.83,0.902,-1,-1,-1
203,49,947.98,320.80,239.39,479.79,0.922,-1,-1,-1
203,50,237.01,265.44,153.27,620.65,0.888,-1,-1,-1
203,51,858.11,549.79,101.62,239.84,0.839,-1,-1,-1
204,5,437.89,2.28,469.24,1050.00,0.753,-1,-1,-1
204,32,1641.83,401.06,110.26,246.02,0.883,-1,-1,-1
204,35,1423.65,441.25,95.35,246.70,0.845,-1,-1,-1
204,36,1410.11,535.79,57.17,156.22,0.801,-1,-1,-1
204,43,1529.22,425.70,72.00,228.03,0.846,-1,-1,-1
204,49,952.54,316.33,240.22,483.01,0.926,-1,-1,-1
204,50,254.34,265.08,162.06,650.93,0.906,-1,-1,-1
204,51,866.99,504.13,121.96,286.76,0.697,-1,-1,-1
205,5,394.03,47.71,463.73,1014.49,0.757,-1,-1,-1
205,32,1645.71,401.96,110.03,245.11,0.893,-1,-1,-1
205,35,1426.33,441.05,95.98,246.55,0.844,-1,-1,-1
205,36,1413.49,538.45,56.37,153.17,0.800,-1,-1,-1
205,43,1538.10,426.37,74.53,227.54,0.888,-1,-1,-1
205,49,956.71,316.71,237.26,478.17,0.920,-1,-1,-1
205,50,263.09,267.75,160.37,641.16,0.913,-1,-1,-1
205,51,866.69,439.81,149.78,351.08,0.879,-1,-1,-1
206,5,343.20,99.09,454.60,969.63,0.840,-1,-1,-1
206,32,1648.76,403.60,108.70,242.90,0.886,-1,-1,-1
206,35,1428.64,440.50,98.00,250.22,0.813,-1,-1,-1
206,36,1416.50,539.67,56.89,153.76,0.819,-1,-1,-1
206,43,1545.45,428.41,77.46,225.27,0.892,-1,-1,-1
206,49,962.69,317.76,234.13,474.65,0.925,-1,-1,-1
206,50,263.13,272.24,156.96,634.06,0.857,-1,-1,-1
206,51,866.53,413.45,161.33,376.54,0.867,-1,-1,-1
206,52,-13.01,421.78,87.11,565.73,0.715,-1,-1,-1
207,5,299.18,67.02,476.43,1000.55,0.781,-1,-1,-1
207,32,1651.11,405.20,107.29,240.72,0.889,-1,-1,-1
207,35,1430.13,439.22,99.89,253.18,0.829,-1,-1,-1
207,36,1418.81,540.35,57.40,154.57,0.783,-1,-1,-1
207,43,1548.76,429.27,80.91,224.33,0.894,-1,-1,-1
207,49,970.71,318.24,229.72,469.99,0.910,-1,-1,-1
207,51,865.57,402.97,166.80,388.54,0.912,-1,-1,-1
207,52,-10.03,325.05,109.07,709.79,0.834,-1,-1,-1
208,5,265.53,29.69,495.56,1032.20,0.837,-1,-1,-1
208,32,1653.03,405.30,106.49,240.19,0.873,-1,-1,-1
208,35,1432.74,437.17,101.15,256.07,0.835,-1,-1,-1
208,36,1421.21,541.23,57.60,154.49,0.797,-1,-1,-1
208,43,1550.46,429.88,84.34,223.76,0.889,-1,-1,-1
208,49,979.70,319.24,225.13,467.08,0.921,-1,-1,-1
208,51,864.65,399.94,165.96,387.60,0.912,-1,-1,-1
208,52,13.45,275.22,120.50,769.88,0.922,-1,-1,-1
209,5,210.86,17.11,500.29,1036.70,0.864,-1,-1,-1
209,32,1658.32,404.47,105.79,239.01,0.855,-1,-1,-1
209,35,1435.95,434.72,102.10,257.76,0.837,-1,-1,-1
209,36,1423.32,540.38,58.42,156.01,0.801,-1,-1,-1
209,43,1552.03,430.06,87.20,223.70,0.852,-1,-1,-1
209,49,996.83,320.20,219.57,464.58,0.927,-1,-1,-1
209,51,879.69,398.68,164.22,383.76,0.900,-1,-1,-1
209,52,29.15,256.81,126.23,784.21,0.930,-1,-1,-1
210,5,162.79,11.13,503.16,1037.35,0.875,-1,-1,-1
210,32,1663.19,403.35,105.53,238.24,0.868,-1,-1,-1
210,35,1438.80,433.40,102.14,257.29,0.851,-1,-1,-1
210,36,1424.18,537.48,59.58,159.47,0.769,-1,-1,-1
210,43,1551.75,429.67,90.18,224.04,0.873,-1,-1,-1
210,49,1017.75,320.97,215.52,463.73,0.917,-1,-1,-1
210,51,893.81,398.65,161.24,379.05,0.909,-1,-1,-1
210,52,28.92,253.76,128.33,780.56,0.925,-1,-1,-1
210,53,668.46,394.89,153.96,398.75,0.786,-1,-1,-1
210,54,678.20,392.40,222.08,378.70,0.744,-1,-1,-1
211,5,109.13,7.53,509.08,1043.29,0.932,-1,-1,-1
211,32,1668.85,401.65,106.34,239.09,0.879,-1,-1,-1
211,35,1440.91,432.03,102.73,258.46,0.831,-1,-1,-1
211,36,1426.56,533.91,60.52,163.28,0.750,-1,-1,-1
211,43,1554.66,429.15,92.02,224.06,0.891,-1,-1,-1
211,49,1042.62,322.92,212.05,461.13,0.924,-1,-1,-1
211,51,910.32,398.06,157.82,375.45,0.905,-1,-1,-1
211,52,21.77,257.41,123.20,740.12,0.901,-1,-1,-1
211,54,672.24,375.62,236.78,406.10,0.881,-1,-1,-1
212,5,68.95,6.31,514.38,1046.13,0.925,-1,-1,-1
212,32,1671.03,400.46,106.81,239.50,0.851,-1,-1,-1
212,35,1443.40,431.61,102.94,258.90,0.820,-1,-1,-1
212,36,1427.76,531.83,60.57,165.26,0.814,-1,-1,-1
212,43,1559.07,428.62,92.48,223.29,0.883,-1,-1,-1
212,49,1059.84,323.78,210.08,459.81,0.928,-1,-1,-1
212,51,922.15,397.13,155.30,374.58,0.907,-1,-1,-1
212,52,10.91,259.32,118.75,715.04,0.734,-1,-1,-1
212,54,662.04,368.84,244.81,421.09,0.885,-1,-1,-1
212,55,487.87,261.59,340.52,634.40,0.916,-1,-1,-1
213,5,38.08,6.33,517.19,1042.71,0.892,-1,-1,-1
213,32,1672.99,400.19,107.10,239.54,0.808,-1,-1,-1
213,35,1444.63,432.25,102.58,259.04,0.811,-1,-1,-1
213,36,1429.70,531.16,60.36,166.10,0.812,-1,-1,-1
213,43,1563.98,427.55,92.54,223.96,0.851,-1,-1,-1
213,49,1073.36,325.67,208.20,457.82,0.926,-1,-1,-1
213,51,933.52,397.24,153.20,374.47,0.909,-1,-1,-1
213,54,657.97,366.79,248.57,429.05,0.887,-1,-1,-1
213,55,494.95,249.44,344.76,644.12,0.915,-1,-1,-1
213,56,909.25,515.51,32.37,112.48,0.632,-1,-1,-1
214,5,13.73,7.00,519.17,1039.40,0.898,-1,-1,-1
214,32,1675.32,400.79,107.26,238.78,0.849,-1,-1,-1
214,35,1445.84,433.63,101.82,258.25,0.817,-1,-1,-1
214,36,1431.95,531.04,60.54,166.40,0.783,-1,-1,-1
214,43,1571.58,426.52,91.76,224.71,0.728,-1,-1,-1
214,49,1088.40,329.67,205.93,454.03,0.930,-1,-1,-1
214,51,947.63,399.35,150.00,371.10,0.895,-1,-1,-1
214,54,669.90,360.45,248.79,432.29,0.565,-1,-1,-1
214,55,501.39,247.95,344.60,645.49,0.921,-1,-1,-1
214,56,910.17,516.17,32.41,112.40,0.547,-1,-1,-1
215,5,-2.71,6.61,521.01,1040.75,0.848,-1,-1,-1
215,32,1678.04,401.76,107.01,237.29,0.866,-1,-1,-1
215,35,1448.20,433.53,101.68,258.39,0.767,-1,-1,-1
215,36,1434.90,531.76,60.60,165.72,0.753,-1,-1,-1
215,43,1578.60,426.55,90.10,223.99,0.778,-1,-1,-1
215,49,1098.46,333.83,203.52,449.59,0.939,-1,-1,-1
215,51,960.25,401.74,146.95,368.19,0.897,-1,-1,-1
215,54,679.41,358.75,247.39,433.96,0.591,-1,-1,-1
215,55,506.68,250.59,341.83,641.41,0.930,-1,-1,-1
215,56,911.78,516.34,32.62,112.78,0.539,-1,-1,-1
215,57,299.71,292.32,412.85,565.88,0.884,-1,-1,-1
216,5,-13.02,5.44,511.06,1019.60,0.755,-1,-1,-1
216,32,1681.23,403.62,106.74,235.43,0.811,-1,-1,-1
216,35,1453.99,434.46,101.15,258.31,0.864,-1,-1,-1
216,36,1439.45,535.90,59.72,163.10,0.771,-1,-1,-1
216,43,1584.71,425.87,89.58,224.50,0.765,-1,-1,-1
216,49,1108.40,337.71,200.46,444.64,0.917,-1,-1,-1
216,51,974.64,404.14,144.77,366.47,0.899,-1,-1,-1
216,54,676.52,359.00,244.79,432.00,0.510,-1,-1,-1
216,55,516.63,253.95,336.13,632.83,0.921,-1,-1,-1
216,56,911.91,516.51,32.88,113.38,0.533,-1,-1,-1
216,57,317.75,273.64,417.58,581.02,0.876,-1,-1,-1
217,5,-21.27,8.27,505.80,1010.14,0.710,-1,-1,-1
217,32,1684.31,405.25,106.49,233.93,0.801,-1,-1,-1
217,35,1457.42,434.72,100.81,258.60,0.867,-1,-1,-1
217,36,1441.88,538.98,59.09,161.48,0.800,-1,-1,-1
217,43,1592.17,425.67,89.07,224.21,0.753,-1,-1,-1
217,49,1116.14,342.31,197.67,440.01,0.922,-1,-1,-1
217,51,985.15,408.29,141.94,361.47,0.900,-1,-1,-1
217,54,697.33,364.15,237.08,426.45,0.777,-1,-1,-1
217,55,529.97,255.21,332.37,630.82,0.921,-1,-1,-1
217,56,911.88,516.60,32.85,112.91,0.610,-1,-1,-1
217,57,338.24,268.17,413.77,587.54,0.902,-1,-1,-1
218,5,-30.68,9.64,509.78,1021.58,0.682,-1,-1,-1
218,32,1687.71,406.19,106.17,232.83,0.830,-1,-1,-1
218,35,1461.05,435.11,100.50,258.78,0.849,-1,-1,-1
218,36,1445.04,541.13,58.23,160.08,0.835,-1,-1,-1
218,43,1600.92,425.99,89.21,223.40,0.769,-1,-1,-1
218,49,1122.71,344.46,195.72,436.93,0.929,-1,-1,-1
218,51,992.06,411.72,140.06,357.43,0.897,-1,-1,-1
218,54,708.11,365.54,229.41,423.69,0.814,-1,-1,-1
218,55,547.78,256.07,325.64,626.41,0.928,-1,-1,-1
218,56,911.58,516.77,32.91,112.94,-1.000,-1,-1,-1
218,57,357.02,267.33,404.82,588.10,0.893,-1,-1,-1
219,5,-34.13,9.97,494.24,993.72,0.677,-1,-1,-1
219,32,1690.52,406.68,106.18,232.22,0.804,-1,-1,-1
219,35,1465.49,435.66,99.92,258.85,0.853,-1,-1,-1
219,36,1449.15,541.77,57.84,159.82,0.818,-1,-1,-1
219,43,1614.59,426.23,90.73,223.68,0.862,-1,-1,-1
219,49,1132.16,345.63,192.98,432.92,0.925,-1,-1,-1
219,51,999.67,414.63,138.77,353.47,0.902,-1,-1,-1
219,54,723.92,366.16,219.41,417.36,0.824,-1,-1,-1
219,55,572.35,256.17,315.54,619.00,0.901,-1,-1,-1
219,56,911.28,516.93,32.98,112.97,0.630,-1,-1,-1
219,57,379.39,270.22,393.11,586.85,0.909,-1,-1,-1
219,58,205.87,516.71,176.93,487.86,0.910,-1,-1,-1
220,5,50.75,152.64,422.77,850.11,0.669,-1,-1,-1
220,32,1693.14,406.34,106.26,232.45,0.811,-1,-1,-1
220,35,1468.54,435.13,99.98,260.06,0.845,-1,-1,-1
220,36,1452.91,541.36,57.97,160.55,0.834,-1,-1,-1
220,43,1623.26,426.77,92.61,223.36,0.859,-1,-1,-1
220,49,1142.21,345.95,189.16,426.18,0.917,-1,-1,-1
220,51,1007.09,415.73,137.56,350.62,0.903,-1,-1,-1
220,54,735.91,368.74,213.82,417.90,0.793,-1,-1,-1
220,55,600.10,257.93,305.90,613.79,0.899,-1,-1,-1
220,56,911.35,516.95,33.09,113.02,0.605,-1,-1,-1
220,57,402.97,274.70,380.24,582.67,0.890,-1,-1,-1
220,58,214.33,416.17,214.41,584.19,-1.000,-1,-1,-1
221,5,-14.48,91.20,451.40,918.34,0.573,-1,-1,-1
221,32,1694.66,405.87,106.05,231.76,0.818,-1,-1,-1
221,35,1470.99,433.76,99.77,261.90,0.842,-1,-1,-1
221,36,1457.70,540.27,58.20,161.65,0.849,-1,-1,-1
221,43,1629.32,427.42,94.64,222.81,0.845,-1,-1,-1
221,49,1150.91,346.43,184.83,419.51,0.918,-1,-1,-1
221,51,1020.36,415.24,135.10,346.84,0.910,-1,-1,-1
221,54,754.08,369.27,208.32,417.03,0.747,-1,-1,-1
221,55,633.44,257.73,299.08,613.73,0.912,-1,-1,-1
221,56,912.09,516.92,33.33,113.19,0.636,-1,-1,-1
221,57,439.87,279.97,369.15,579.33,0.919,-1,-1,-1
221,58,222.80,315.64,251.90,680.52,0.929,-1,-1,-1
222,5,32.76,172.66,398.27,812.77,-1.000,-1,-1,-1
222,32,1696.51,405.87,105.03,229.30,0.802,-1,-1,-1
222,35,1473.39,432.82,99.24,263.15,0.834,-1,-1,-1
222,36,1460.80,539.55,58.42,162.39,0.833,-1,-1,-1
222,43,1634.06,427.92,97.76,222.31,0.887,-1,-1,-1
222,49,1155.57,346.14,182.39,417.95,0.917,-1,-1,-1
222,51,1031.88,413.98,132.38,343.37,0.895,-1,-1,-1
222,54,773.15,366.78,205.09,417.19,0.701,-1,-1,-1
222,55,659.02,258.65,294.65,614.36,0.848,-1,-1,-1
222,56,911.28,516.53,33.55,113.79,0.525,-1,-1,-1
222,57,462.73,285.13,358.35,574.64,0.915,-1,-1,-1
222,58,231.27,279.63,269.91,712.39,0.928,-1,-1,-1
223,5,80.00,254.13,345.14,707.20,0.841,-1,-1,-1
223,32,1698.14,404.99,104.71,228.65,0.788,-1,-1,-1
223,35,1474.43,432.29,98.41,263.79,0.818,-1,-1,-1
223,36,1463.56,539.18,58.83,162.94,0.828,-1,-1,-1
223,43,1636.32,428.03,100.94,221.73,0.896,-1,-1,-1
223,49,1158.43,345.98,179.64,417.06,0.911,-1,-1,-1
223,51,1040.20,412.58,130.42,341.83,0.894,-1,-1,-1
223,54,796.69,369.93,199.39,411.49,0.720,-1,-1,-1
223,55,683.27,264.12,287.06,607.54,0.895,-1,-1,-1
223,57,475.46,289.80,348.17,570.54,0.916,-1,-1,-1
223,58,237.56,268.01,279.48,719.62,0.923,-1,-1,-1
224,5,126.38,301.06,316.13,643.98,0.875,-1,-1,-1
224,32,1700.66,403.46,105.08,230.10,0.856,-1,-1,-1
224,35,1476.81,430.21,98.28,266.05,0.829,-1,-1,-1
224,36,1466.66,539.65,58.98,162.44,0.848,-1,-1,-1
224,43,1637.57,429.13,103.72,220.31,0.902,-1,-1,-1
224,49,1161.69,346.23,176.40,416.75,0.889,-1,-1,-1
224,51,1049.80,411.90,129.49,341.88,0.890,-1,-1,-1
224,54,817.71,395.75,186.49,384.48,0.502,-1,-1,-1
224,55,705.73,266.03,282.02,604.76,0.889,-1,-1,-1
224,57,485.30,295.44,336.65,563.58,0.919,-1,-1,-1
224,58,245.10,267.72,286.17,719.20,0.937,-1,-1,-1
225,5,145.00,317.50,307.06,618.93,0.900,-1,-1,-1
225,32,1703.39,402.49,104.81,230.43,0.864,-1,-1,-1
225,35,1480.58,429.04,97.80,266.76,0.822,-1,-1,-1
225,36,1469.55,540.47,59.14,162.09,0.862,-1,-1,-1
225,43,1638.03,429.51,106.13,219.60,0.887,-1,-1,-1
225,49,1171.22,346.71,174.26,416.49,0.898,-1,-1,-1
225,51,1057.81,412.35,128.19,340.12,0.886,-1,-1,-1
225,54,837.43,411.67,177.54,367.12,-1.000,-1,-1,-1
225,55,726.48,270.26,277.65,601.25,0.884,-1,-1,-1
225,57,492.78,298.37,327.07,559.73,0.921,-1,-1,-1
225,58,254.60,267.25,290.09,716.22,0.896,-1,-1,-1
226,5,154.48,323.55,304.55,608.10,0.915,-1,-1,-1
226,32,1707.78,403.75,103.20,228.48,0.858,-1,-1,-1
226,35,1486.40,427.20,98.00,268.61,0.818,-1,-1,-1
226,36,1472.97,541.88,59.56,162.67,0.862,-1,-1,-1
226,43,1641.26,428.51,107.94,220.29,0.898,-1,-1,-1
226,49,1185.35,348.95,171.93,413.21,0.911,-1,-1,-1
226,51,1069.04,414.15,127.85,339.08,0.894,-1,-1,-1
226,54,857.15,427.60,168.60,349.76,0.522,-1,-1,-1
226,55,740.90,274.29,274.10,597.22,0.902,-1,-1,-1
226,57,504.53,298.81,318.11,557.30,0.912,-1,-1,-1
226,58,273.62,270.14,287.32,702.59,0.894,-1,-1,-1
227,5,161.25,324.50,304.37,604.17,0.919,-1,-1,-1
227,32,1712.55,404.88,101.64,226.17,0.846,-1,-1,-1
227,35,1491.61,426.26,98.18,269.38,0.829,-1,-1,-1
227,36,1475.62,543.04,59.67,162.46,0.850,-1,-1,-1
227,43,1645.92,427.27,108.62,220.99,0.870,-1,-1,-1
227,49,1194.93,351.46,170.31,410.26,0.914,-1,-1,-1
227,51,1080.49,416.39,128.26,337.02,0.901,-1,-1,-1
227,54,877.34,453.51,154.48,323.14,0.640,-1,-1,-1
227,55,752.20,278.56,271.39,591.91,0.912,-1,-1,-1
227,57,518.49,298.60,308.94,555.89,0.912,-1,-1,-1
227,58,294.90,271.62,283.27,691.30,0.902,-1,-1,-1
228,5,172.69,323.88,303.22,601.74,0.869,-1,-1,-1
228,32,1718.41,406.64,100.25,223.75,0.859,-1,-1,-1
228,35,1496.13,426.29,97.93,268.76,0.859,-1,-1,-1
228,36,1478.22,543.83,59.75,162.40,0.828,-1,-1,-1
228,43,1650.90,426.01,108.45,221.70,0.874,-1,-1,-1
228,49,1202.13,353.55,167.92,406.92,0.905,-1,-1,-1
228,51,1086.63,418.67,127.71,334.45,0.875,-1,-1,-1
228,54,890.62,464.46,147.28,311.81,0.634,-1,-1,-1
228,55,759.15,280.14,270.69,589.71,0.896,-1,-1,-1
228,57,536.06,298.52,296.92,551.15,0.922,-1,-1,-1
228,58,319.44,271.19,279.05,685.52,0.902,-1,-1,-1
229,5,185.37,320.68,293.92,593.24,0.879,-1,-1,-1
229,32,1725.82,408.01,98.62,221.25,0.804,-1,-1,-1
229,35,1502.59,427.16,98.71,268.74,0.875,-1,-1,-1
229,36,1482.40,543.25,60.06,163.61,0.809,-1,-1,-1
229,43,1658.94,424.12,107.56,223.78,0.868,-1,-1,-1
229,49,1207.29,354.83,166.16,405.23,0.892,-1,-1,-1
229,51,1095.46,421.28,127.65,331.24,0.891,-1,-1,-1
229,54,904.97,474.90,139.61,300.51,0.633,-1,-1,-1
229,55,766.05,280.40,269.97,588.06,0.907,-1,-1,-1
229,57,561.88,298.65,281.82,541.65,0.910,-1,-1,-1
229,58,357.33,272.32,273.01,680.32,0.919,-1,-1,-1
229,59,36.56,499.54,72.89,250.83,0.539,-1,-1,-1
230,5,208.81,317.96,284.18,587.54,0.914,-1,-1,-1
230,32,1732.64,409.63,96.80,218.69,0.804,-1,-1,-1
230,35,1507.81,427.47,99.99,269.38,0.893,-1,-1,-1
230,36,1486.20,541.98,60.38,164.99,0.815,-1,-1,-1
230,43,1666.84,422.59,105.79,225.10,0.842,-1,-1,-1
230,49,1213.00,356.40,163.53,403.66,0.900,-1,-1,-1
230,51,1099.24,423.31,127.63,328.93,0.894,-1,-1,-1
230,54,916.74,485.02,132.47,291.15,0.627,-1,-1,-1
230,55,774.08,280.84,267.97,585.82,0.924,-1,-1,-1
230,57,583.77,298.88,269.56,536.33,0.900,-1,-1,-1
230,58,387.23,273.82,268.54,677.23,0.919,-1,-1,-1
230,59,37.14,499.75,72.73,250.18,0.566,-1,-1,-1
231,5,242.01,314.76,275.00,586.70,0.869,-1,-1,-1
231,32,1738.85,410.49,94.96,217.36,0.804,-1,-1,-1
231,35,1511.88,428.04,100.84,268.98,0.891,-1,-1,-1
231,36,1492.08,540.33,61.29,166.96,0.788,-1,-1,-1
231,43,1673.94,421.46,103.48,225.94,0.828,-1,-1,-1
231,49,1218.21,357.67,160.24,401.42,0.898,-1,-1,-1
231,51,1104.33,424.65,127.17,325.79,0.902,-1,-1,-1
231,55,790.67,279.52,261.92,579.37,0.918,-1,-1,-1
231,57,605.37,299.10,259.95,534.84,0.912,-1,-1,-1
231,58,416.74,278.66,264.23,672.00,0.926,-1,-1,-1
232,5,277.13,314.00,263.50,585.28,0.882,-1,-1,-1
232,32,1743.31,411.88,92.90,215.75,0.838,-1,-1,-1
232,35,1513.63,428.61,101.50,269.59,0.882,-1,-1,-1
232,36,1495.90,538.87,61.55,168.36,0.837,-1,-1,-1
232,43,1679.65,421.02,101.26,226.18,0.817,-1,-1,-1
232,49,1222.93,358.17,156.84,399.07,0.891,-1,-1,-1
232,51,1111.80,425.44,125.63,321.48,0.888,-1,-1,-1
232,55,807.58,279.37,253.84,571.94,0.920,-1,-1,-1
232,57,623.20,300.02,250.94,532.64,0.916,-1,-1,-1
232,58,440.30,283.71,260.89,667.58,0.922,-1,-1,-1
233,5,307.29,313.94,253.34,585.71,0.895,-1,-1,-1
233,32,1746.13,412.53,91.16,214.82,0.827,-1,-1,-1
233,35,1515.03,428.92,101.78,269.66,0.867,-1,-1,-1
233,36,1500.33,537.06,62.01,170.27,0.852,-1,-1,-1
233,43,1685.11,420.86,99.04,226.07,0.844,-1,-1,-1
233,49,1227.64,358.21,152.94,395.70,0.887,-1,-1,-1
233,51,1119.32,425.07,123.62,317.82,0.886,-1,-1,-1
233,55,823.66,276.86,246.10,568.85,0.912,-1,-1,-1
233,57,644.27,300.62,245.13,531.54,0.904,-1,-1,-1
233,58,459.80,289.89,257.98,663.17,0.918,-1,-1,-1
233,60,1193.18,434.46,62.49,219.08,0.653,-1,-1,-1
234,5,335.95,316.27,244.11,585.06,0.879,-1,-1,-1
234,32,1751.80,411.92,90.17,215.23,0.822,-1,-1,-1
234,35,1517.56,427.62,102.34,271.36,0.874,-1,-1,-1
234,36,1509.87,536.00,63.72,171.29,0.863,-1,-1,-1
234,43,1697.62,421.94,97.40,224.85,0.868,-1,-1,-1
234,49,1237.85,357.22,149.55,391.77,0.903,-1,-1,-1
234,51,1128.76,422.56,122.41,317.60,0.884,-1,-1,-1
234,55,837.73,276.66,237.70,565.99,0.912,-1,-1,-1
234,57,674.26,303.83,241.33,528.06,0.920,-1,-1,-1
234,58,478.14,296.91,255.25,654.45,0.901,-1,-1,-1
234,60,1199.09,434.31,63.35,221.61,0.648,-1,-1,-1
234,61,120.94,534.33,76.61,209.01,0.672,-1,-1,-1
235,5,363.52,319.71,238.14,580.78,0.799,-1,-1,-1
235,32,1756.70,411.08,89.40,216.00,0.842,-1,-1,-1
235,35,1519.72,426.62,102.65,272.34,0.855,-1,-1,-1
235,36,1515.89,536.19,65.49,171.20,0.856,-1,-1,-1
235,43,1704.67,422.10,96.35,224.44,0.838,-1,-1,-1
235,49,1247.49,356.74,147.99,389.67,0.907,-1,-1,-1
235,51,1136.13,420.91,121.97,319.02,0.852,-1,-1,-1
235,55,850.46,276.45,230.89,565.27,0.906,-1,-1,-1
235,57,696.49,305.93,239.59,526.10,0.919,-1,-1,-1
235,58,491.72,304.20,253.05,644.56,0.898,-1,-1,-1
235,60,1202.35,433.68,64.16,224.14,0.549,-1,-1,-1
235,61,120.10,533.25,77.13,210.48,0.640,-1,-1,-1
236,5,392.64,323.78,235.46,574.67,0.832,-1,-1,-1
236,32,1761.64,409.15,88.81,217.31,0.857,-1,-1,-1
236,35,1522.30,426.04,101.99,271.52,0.834,-1,-1,-1
236,36,1520.01,537.35,67.42,170.67,0.861,-1,-1,-1
236,43,1712.18,423.14,96.03,223.16,0.843,-1,-1,-1
236,49,1259.96,356.93,147.81,389.07,0.899,-1,-1,-1
236,51,1145.27,420.54,121.54,319.25,0.835,-1,-1,-1
236,55,874.76,277.37,225.99,562.94,0.908,-1,-1,-1
236,57,709.97,309.39,237.16,521.99,0.894,-1,-1,-1
236,58,507.06,308.35,252.56,638.18,0.913,-1,-1,-1
236,61,120.25,532.98,77.21,210.83,0.752,-1,-1,-1
237,5,407.64,325.87,234.95,571.87,0.907,-1,-1,-1
237,32,1766.19,408.16,88.25,218.32,0.854,-1,-1,-1
237,35,1524.98,426.06,100.68,269.03,0.817,-1,-1,-1
237,36,1522.51,537.52,69.88,170.73,0.866,-1,-1,-1
237,43,1716.78,425.81,95.36,220.31,0.868,-1,-1,-1
237,49,1269.22,357.07,148.50,388.67,0.907,-1,-1,-1
237,51,1153.13,420.03,120.94,318.45,0.884,-1,-1,-1
237,55,896.37,280.13,223.00,560.16,0.922,-1,-1,-1
237,57,717.61,313.40,234.30,516.28,0.917,-1,-1,-1
237,58,522.29,311.04,251.64,631.56,0.920,-1,-1,-1
237,61,120.01,532.55,77.40,211.45,0.588,-1,-1,-1
238,5,411.33,328.62,232.68,567.11,0.877,-1,-1,-1
238,32,1769.70,407.73,88.09,219.27,0.592,-1,-1,-1
238,35,1527.10,425.50,100.78,270.16,0.757,-1,-1,-1
238,36,1524.80,537.70,72.36,170.58,0.875,-1,-1,-1
238,43,1720.70,427.20,95.02,218.60,0.867,-1,-1,-1
238,49,1277.52,357.65,149.07,387.11,0.908,-1,-1,-1
238,51,1159.63,422.99,119.33,314.66,0.849,-1,-1,-1
238,55,916.17,283.27,221.33,556.89,0.927,-1,-1,-1
238,57,721.10,316.11,231.75,511.00,0.928,-1,-1,-1
238,58,540.91,312.26,247.32,619.76,0.899,-1,-1,-1
238,61,119.84,532.25,77.46,211.75,0.662,-1,-1,-1
239,5,428.45,331.59,232.65,563.37,0.783,-1,-1,-1
239,32,1773.60,408.08,87.29,217.96,-1.000,-1,-1,-1
239,35,1528.57,424.84,100.99,271.91,0.666,-1,-1,-1
239,36,1527.96,538.68,74.35,169.71,0.878,-1,-1,-1
239,43,1725.51,426.41,94.30,218.37,0.862,-1,-1,-1
239,49,1286.07,359.68,149.21,384.79,0.912,-1,-1,-1
239,51,1167.65,424.65,118.21,313.05,0.874,-1,-1,-1
239,55,933.90,287.16,220.73,551.39,0.923,-1,-1,-1
239,57,723.70,316.84,230.32,508.85,0.923,-1,-1,-1
239,58,569.48,312.28,240.23,606.25,0.899,-1,-1,-1
239,61,116.08,508.90,85.63,235.20,-1.000,-1,-1,-1
239,62,1692.59,472.03,38.86,112.24,0.552,-1,-1,-1
240,5,432.50,331.07,231.12,563.18,0.917,-1,-1,-1
240,32,1777.49,408.43,86.48,216.65,0.526,-1,-1,-1
240,35,1534.42,424.14,88.28,236.34,0.591,-1,-1,-1
240,36,1531.90,538.90,75.56,169.38,0.826,-1,-1,-1
240,43,1731.42,425.08,93.07,218.17,0.816,-1,-1,-1
240,49,1291.34,361.12,149.60,383.38,0.914,-1,-1,-1
240,51,1174.28,426.51,116.86,311.14,0.905,-1,-1,-1
240,55,941.54,290.51,221.22,547.89,0.921,-1,-1,-1
240,57,728.28,315.68,228.69,508.00,0.914,-1,-1,-1
240,58,590.45,311.60,233.96,596.09,0.918,-1,-1,-1
240,61,112.32,485.56,93.81,258.66,0.739,-1,-1,-1
240,62,1692.69,471.84,38.99,112.54,0.559,-1,-1,-1
241,5,451.64,334.93,222.63,550.74,0.902,-1,-1,-1
241,32,1787.88,409.90,73.48,181.81,-1.000,-1,-1,-1
241,35,1537.38,423.36,83.70,223.65,-1.000,-1,-1,-1
241,36,1537.77,538.93,75.99,169.08,0.843,-1,-1,-1
241,43,1736.77,423.87,92.60,218.28,0.778,-1,-1,-1
241,49,1296.59,364.54,148.90,378.89,0.912,-1,-1,-1
241,51,1181.66,427.98,115.42,309.12,0.884,-1,-1,-1
241,55,943.43,292.11,221.72,545.09,0.931,-1,-1,-1
241,57,740.64,313.26,225.57,508.38,0.910,-1,-1,-1
241,58,611.13,312.23,228.98,589.12,0.925,-1,-1,-1
241,61,114.67,500.10,88.24,243.63,0.530,-1,-1,-1
241,62,1692.38,471.84,39.22,113.14,0.544,-1,-1,-1
241,63,918.60,378.85,54.66,380.67,0.630,-1,-1,-1
241,64,15.19,501.22,97.08,248.03,0.594,-1,-1,-1
242,5,473.11,335.33,213.50,539.58,0.899,-1,-1,-1
242,32,1798.26,411.37,60.48,146.96,0.586,-1,-1,-1
242,35,1540.34,422.58,79.13,210.97,0.500,-1,-1,-1
242,36,1546.32,538.63,76.05,169.23,0.881,-1,-1,-1
242,43,1742.83,422.31,92.10,219.49,0.853,-1,-1,-1
242,49,1301.73,367.39,148.45,375.35,0.911,-1,-1,-1
242,51,1187.48,428.71,114.05,307.16,0.870,-1,-1,-1
242,55,944.68,292.49,222.29,542.27,0.939,-1,-1,-1
242,57,760.88,311.85,217.62,501.79,0.905,-1,-1,-1
242,58,626.51,314.12,224.99,583.85,0.920,-1,-1,-1
242,61,117.21,515.80,82.48,228.05,0.676,-1,-1,-1
242,62,1692.17,472.01,39.20,113.01,0.547,-1,-1,-1
242,64,15.26,502.12,96.82,247.40,-1.000,-1,-1,-1
243,5,496.10,332.64,205.79,534.06,0.886,-1,-1,-1
243,36,1554.34,538.59,75.80,169.37,0.871,-1,-1,-1
243,43,1748.59,421.52,91.76,220.34,0.824,-1,-1,-1
243,49,1304.94,368.86,149.00,373.94,0.898,-1,-1,-1
243,51,1192.79,428.77,113.09,306.55,0.843,-1,-1,-1
243,55,946.69,292.86,222.57,540.62,0.921,-1,-1,-1
243,57,773.31,311.28,212.70,499.89,0.842,-1,-1,-1
243,58,640.88,314.79,224.38,581.34,0.919,-1,-1,-1
243,61,118.61,523.20,79.79,220.82,0.679,-1,-1,-1
243,62,1692.37,472.00,39.24,113.06,0.552,-1,-1,-1
243,64,15.33,503.03,96.57,246.78,0.604,-1,-1,-1
244,5,524.59,330.63,198.50,532.25,0.846,-1,-1,-1
244,36,1561.33,538.26,76.19,171.09,0.875,-1,-1,-1
244,43,1755.65,421.33,90.91,219.84,0.845,-1,-1,-1
244,49,1311.00,370.12,149.16,371.88,0.899,-1,-1,-1
244,51,1198.93,428.28,111.11,302.61,0.870,-1,-1,-1
244,55,954.80,292.16,221.09,539.11,0.922,-1,-1,-1
244,57,791.67,309.76,207.19,499.21,0.837,-1,-1,-1
244,58,662.65,319.07,227.13,575.12,0.924,-1,-1,-1
244,61,120.02,527.07,78.27,217.04,0.678,-1,-1,-1
244,62,1692.57,471.93,39.45,113.42,0.580,-1,-1,-1
244,64,15.36,503.20,96.57,246.77,-1.000,-1,-1,-1
245,5,545.01,328.65,192.46,532.91,0.856,-1,-1,-1
245,36,1566.53,538.65,75.86,171.08,0.870,-1,-1,-1
245,43,1760.88,422.13,90.59,219.30,0.873,-1,-1,-1
245,49,1315.83,369.93,147.98,366.19,0.902,-1,-1,-1
245,51,1203.62,427.17,109.81,299.92,0.873,-1,-1,-1
245,55,965.93,291.29,217.32,535.71,0.913,-1,-1,-1
245,57,804.94,309.85,200.98,497.63,0.864,-1,-1,-1
245,58,677.80,321.94,231.89,570.78,0.921,-1,-1,-1
245,62,1692.74,471.87,39.62,113.61,0.568,-1,-1,-1
245,64,15.40,503.37,96.56,246.76,0.535,-1,-1,-1
246,5,569.76,329.31,189.14,533.13,0.744,-1,-1,-1
246,36,1574.11,539.11,75.91,170.18,0.848,-1,-1,-1
246,43,1767.72,422.20,90.98,219.34,0.737,-1,-1,-1
246,49,1320.48,369.81,146.59,360.94,0.900,-1,-1,-1
246,51,1208.08,425.97,109.54,299.96,0.863,-1,-1,-1
246,55,984.11,292.43,210.71,527.60,0.915,-1,-1,-1
246,57,819.56,310.52,194.82,495.89,0.872,-1,-1,-1
246,58,687.27,325.61,235.88,564.99,0.916,-1,-1,-1
246,62,1692.54,471.89,39.76,113.60,0.567,-1,-1,-1
246,65,933.86,366.82,177.14,396.72,0.640,-1,-1,-1
247,5,600.18,330.93,187.12,529.35,0.725,-1,-1,-1
247,36,1581.44,539.76,76.60,170.09,0.836,-1,-1,-1
247,43,1769.77,423.01,90.18,218.59,0.800,-1,-1,-1
247,49,1323.12,368.44,145.94,360.18,0.902,-1,-1,-1
247,51,1214.72,425.69,108.94,300.51,0.812,-1,-1,-1
247,55,1005.02,291.79,206.88,525.59,0.921,-1,-1,-1
247,57,832.87,311.49,188.37,493.29,0.882,-1,-1,-1
247,58,692.44,326.95,240.06,560.78,0.921,-1,-1,-1
247,62,1692.23,471.90,39.85,113.53,0.533,-1,-1,-1
247,65,931.07,378.30,165.62,374.14,0.870,-1,-1,-1
248,5,629.53,333.68,187.46,525.29,0.885,-1,-1,-1
248,36,1585.92,540.22,77.55,171.14,0.840,-1,-1,-1
248,43,1772.92,423.67,89.21,217.60,0.724,-1,-1,-1
248,49,1323.80,367.90,144.90,360.76,0.905,-1,-1,-1
248,51,1223.41,425.83,108.04,299.56,0.858,-1,-1,-1
248,55,1021.69,292.58,204.78,525.31,0.920,-1,-1,-1
248,57,846.86,313.48,183.64,491.64,0.869,-1,-1,-1
248,58,697.30,325.88,243.91,559.57,0.925,-1,-1,-1
248,62,1692.36,471.98,39.88,113.31,0.536,-1,-1,-1
248,65,937.09,381.69,158.55,361.85,0.848,-1,-1,-1
248,66,1538.48,422.31,78.49,278.03,0.819,-1,-1,-1
249,5,650.13,337.57,191.53,522.53,0.921,-1,-1,-1
249,36,1590.41,539.46,78.24,172.98,0.874,-1,-1,-1
249,43,1776.81,424.78,87.65,214.83,0.660,-1,-1,-1
249,49,1323.98,368.05,142.13,359.23,0.904,-1,-1,-1
249,51,1234.03,426.79,108.46,298.48,0.866,-1,-1,-1
249,55,1040.15,293.15,203.92,523.83,0.922,-1,-1,-1
249,57,866.23,316.08,180.70,489.26,0.847,-1,-1,-1
249,58,708.79,326.43,243.79,555.50,0.913,-1,-1,-1
249,62,1692.66,472.00,40.02,113.24,0.535,-1,-1,-1
249,65,942.64,383.30,155.49,359.42,0.794,-1,-1,-1
249,66,1538.70,422.20,78.53,278.31,0.824,-1,-1,-1
249,67,1810.35,410.79,67.13,221.69,0.695,-1,-1,-1
250,5,659.97,341.66,195.03,517.84,0.905,-1,-1,-1
250,36,1595.52,538.64,78.04,174.49,0.848,-1,-1,-1
250,43,1783.63,425.57,88.26,214.36,0.805,-1,-1,-1
250,49,1324.73,367.98,140.27,359.22,0.873,-1,-1,-1
250,51,1241.63,428.33,109.23,296.55,0.883,-1,-1,-1
250,55,1054.32,293.94,204.03,523.26,0.927,-1,-1,-1
250,57,882.22,319.32,177.73,486.03,0.822,-1,-1,-1
250,58,721.82,326.81,241.53,550.96,0.915,-1,-1,-1
250,62,1692.95,472.22,40.01,112.67,0.530,-1,-1,-1
250,65,948.26,382.58,153.25,359.62,0.783,-1,-1,-1
250,66,1538.82,421.99,78.89,279.73,0.829,-1,-1,-1
250,67,1814.39,410.96,65.54,216.35,0.628,-1,-1,-1
251,5,662.70,344.41,195.72,511.88,0.815,-1,-1,-1
251,36,1600.99,535.30,78.19,178.33,0.821,-1,-1,-1
251,43,1789.32,425.07,89.71,214.95,0.833,-1,-1,-1
251,49,1332.33,368.58,139.14,358.99,0.899,-1,-1,-1
251,51,1250.29,430.70,108.71,293.16,0.867,-1,-1,-1
251,55,1069.11,297.38,203.76,519.89,0.910,-1,-1,-1
251,57,896.07,322.51,174.42,482.44,0.813,-1,-1,-1
251,58,747.14,324.32,239.52,553.73,0.909,-1,-1,-1
251,62,1693.00,472.30,40.09,112.50,0.550,-1,-1,-1
251,65,956.29,381.70,150.44,359.18,0.754,-1,-1,-1
251,66,1539.51,421.95,79.25,280.98,0.829,-1,-1,-1
251,67,1818.01,411.04,66.36,219.12,0.538,-1,-1,-1
252,5,658.51,345.29,196.92,509.54,0.899,-1,-1,-1
252,36,1606.74,533.02,77.67,180.85,0.862,-1,-1,-1
252,43,1792.24,422.70,91.82,217.15,0.894,-1,-1,-1
252,49,1339.26,369.62,138.28,358.38,0.899,-1,-1,-1
252,51,1256.82,432.93,107.88,290.09,0.866,-1,-1,-1
252,55,1079.66,300.17,204.41,517.35,0.901,-1,-1,-1
252,57,907.59,326.60,170.58,477.80,0.818,-1,-1,-1
252,58,776.82,323.15,234.49,553.54,0.907,-1,-1,-1
252,62,1692.49,472.34,40.15,112.47,0.513,-1,-1,-1
252,65,964.54,381.46,147.25,358.84,0.775,-1,-1,-1
252,66,1539.72,421.81,79.39,281.37,0.840,-1,-1,-1
253,5,661.76,345.34,198.62,508.28,0.939,-1,-1,-1
253,36,1612.72,531.66,76.87,182.36,0.857,-1,-1,-1
253,43,1795.34,423.28,92.13,216.11,0.868,-1,-1,-1
253,49,1345.70,371.48,136.84,356.20,0.894,-1,-1,-1
253,51,1260.37,435.00,107.31,287.78,0.852,-1,-1,-1
253,55,1087.64,302.98,205.03,514.42,0.904,-1,-1,-1
253,57,916.46,330.39,166.50,473.93,0.861,-1,-1,-1
253,58,797.43,321.58,230.44,554.65,0.888,-1,-1,-1
253,62,1692.24,472.42,40.21,112.40,0.519,-1,-1,-1
253,65,970.88,381.47,144.29,358.54,0.743,-1,-1,-1
253,66,1539.82,421.75,79.47,281.35,0.840,-1,-1,-1
254,5,675.20,342.56,198.60,505.85,0.914,-1,-1,-1
254,36,1623.17,530.46,77.18,183.74,0.861,-1,-1,-1
254,43,1798.30,423.35,91.80,214.51,0.862,-1,-1,-1
254,49,1352.83,374.28,134.89,352.37,0.897,-1,-1,-1
254,51,1264.52,434.49,107.19,287.10,0.873,-1,-1,-1
254,55,1094.76,306.78,205.35,510.38,0.906,-1,-1,-1
254,57,925.21,330.51,162.45,468.42,0.708,-1,-1,-1
254,58,818.40,323.17,225.38,551.86,0.892,-1,-1,-1
254,65,982.96,382.10,139.52,353.40,0.752,-1,-1,-1
254,66,1540.03,421.72,79.50,281.05,0.849,-1,-1,-1
255,5,687.97,340.88,196.13,501.26,0.920,-1,-1,-1
255,36,1631.42,528.89,78.58,185.49,0.855,-1,-1,-1
255,43,1800.19,421.30,92.29,216.03,0.845,-1,-1,-1
255,49,1358.22,375.29,133.47,350.96,0.902,-1,-1,-1
255,51,1268.47,432.95,106.42,286.10,0.854,-1,-1,-1
255,55,1101.78,308.64,205.38,507.52,0.904,-1,-1,-1
255,57,934.45,330.05,157.32,460.51,0.665,-1,-1,-1
255,58,836.64,323.42,221.57,550.50,0.889,-1,-1,-1
255,65,993.35,383.09,134.90,349.22,0.791,-1,-1,-1
255,66,1540.21,421.76,79.57,280.93,0.854,-1,-1,-1
255,68,1229.97,430.77,66.11,233.12,0.653,-1,-1,-1
256,5,705.60,338.34,192.08,499.81,0.915,-1,-1,-1
256,36,1638.99,529.02,80.16,185.81,0.891,-1,-1,-1
256,43,1802.37,420.56,92.23,216.23,0.868,-1,-1,-1
256,49,1361.76,375.24,131.92,349.79,0.884,-1,-1,-1
256,51,1273.56,431.06,105.81,286.06,-1.000,-1,-1,-1
256,55,1108.52,308.29,205.01,504.87,0.879,-1,-1,-1
256,57,942.94,329.09,154.26,459.59,0.648,-1,-1,-1
256,58,856.97,323.95,219.18,549.88,0.914,-1,-1,-1
256,65,1003.01,384.85,131.55,347.80,0.792,-1,-1,-1
256,66,1540.48,421.64,79.66,281.05,0.856,-1,-1,-1
256,68,1235.88,429.03,67.11,236.09,0.677,-1,-1,-1
257,5,724.99,337.19,187.09,498.76,0.885,-1,-1,-1
257,36,1643.61,529.96,81.45,185.69,0.888,-1,-1,-1
257,43,1805.03,420.51,91.92,216.06,0.800,-1,-1,-1
257,49,1365.04,376.16,129.98,347.50,0.892,-1,-1,-1
257,51,1278.65,429.16,105.20,286.02,0.739,-1,-1,-1
257,55,1114.70,307.77,204.36,504.38,0.920,-1,-1,-1
257,58,872.06,325.93,217.57,547.27,0.913,-1,-1,-1
257,65,1010.11,387.25,130.97,353.70,0.796,-1,-1,-1
257,66,1540.40,421.50,79.70,281.05,0.853,-1,-1,-1
257,68,1238.93,429.19,67.64,237.89,-1.000,-1,-1,-1
258,5,743.50,336.59,182.50,498.62,0.896,-1,-1,-1
258,36,1646.23,531.08,82.51,185.65,0.878,-1,-1,-1
258,43,1807.16,419.81,92.06,217.16,0.807,-1,-1,-1
258,49,1368.44,375.07,127.77,346.15,0.900,-1,-1,-1
258,51,1282.82,427.23,104.13,287.10,0.823,-1,-1,-1
258,55,1119.90,307.89,202.66,502.90,0.909,-1,-1,-1
258,58,882.36,329.48,216.23,543.05,0.923,-1,-1,-1
258,65,1012.21,389.77,129.68,353.84,0.736,-1,-1,-1
258,66,1540.43,421.41,79.73,281.01,0.848,-1,-1,-1
258,68,1241.98,429.35,68.17,239.69,0.574,-1,-1,-1
259,5,763.73,337.43,178.35,497.30,0.901,-1,-1,-1
259,36,1650.47,531.32,82.83,186.06,0.888,-1,-1,-1
259,43,1809.73,418.65,92.21,218.45,0.816,-1,-1,-1
259,49,1376.37,374.30,125.39,343.20,0.918,-1,-1,-1
259,51,1288.82,427.43,102.40,285.89,0.839,-1,-1,-1
259,55,1127.95,307.36,197.72,494.32,0.911,-1,-1,-1
259,58,891.95,333.16,215.01,538.52,0.916,-1,-1,-1
259,65,1023.21,391.87,126.71,350.09,0.772,-1,-1,-1
259,66,1540.31,421.32,79.71,281.03,0.840,-1,-1,-1
260,5,779.98,339.03,174.81,495.62,0.899,-1,-1,-1
260,36,1655.65,531.52,82.57,186.16,0.877,-1,-1,-1
260,43,1813.98,419.06,91.68,217.81,0.788,-1,-1,-1
260,49,1385.04,373.92,124.81,342.86,0.924,-1,-1,-1
260,51,1294.04,427.64,101.03,285.23,0.852,-1,-1,-1
260,55,1133.92,306.53,193.87,488.91,0.913,-1,-1,-1
260,58,903.16,335.07,213.96,534.88,0.919,-1,-1,-1
260,65,1027.33,392.93,129.78,364.04,0.671,-1,-1,-1
260,66,1540.38,420.71,79.80,281.60,0.851,-1,-1,-1
260,69,123.27,533.63,73.10,210.72,0.664,-1,-1,-1
261,5,793.70,340.71,172.23,495.34,0.913,-1,-1,-1
261,36,1662.24,530.34,82.58,187.41,0.891,-1,-1,-1
261,43,1817.22,419.58,91.21,217.11,0.711,-1,-1,-1
261,49,1392.33,373.45,124.74,341.39,0.917,-1,-1,-1
261,51,1299.07,428.90,99.27,283.79,0.881,-1,-1,-1
261,55,1138.08,305.59,191.21,487.25,0.926,-1,-1,-1
261,58,918.62,335.10,211.47,530.35,0.902,-1,-1,-1
261,65,1035.48,393.31,130.69,371.78,0.567,-1,-1,-1
261,66,1540.48,420.32,79.83,281.93,0.853,-1,-1,-1
261,69,122.99,533.24,73.30,211.28,0.572,-1,-1,-1
261,70,1128.09,447.18,75.12,295.00,0.674,-1,-1,-1
262,5,812.08,343.57,170.36,492.39,0.880,-1,-1,-1
262,36,1671.62,529.17,82.38,189.21,0.890,-1,-1,-1
262,43,1822.25,422.07,90.51,214.47,0.815,-1,-1,-1
262,49,1401.80,373.98,124.78,340.26,0.907,-1,-1,-1
262,51,1305.11,430.02,97.53,282.43,0.879,-1,-1,-1
262,55,1142.74,305.75,187.90,484.81,0.928,-1,-1,-1
262,58,938.88,332.27,206.82,522.36,0.894,-1,-1,-1
262,65,1047.17,391.24,132.43,380.57,0.612,-1,-1,-1
262,66,1541.47,420.29,79.72,281.95,0.837,-1,-1,-1
262,69,122.86,533.01,73.40,211.55,-1.000,-1,-1,-1
262,70,1131.59,447.99,75.33,295.25,0.706,-1,-1,-1
263,5,823.45,347.48,168.78,486.61,0.915,-1,-1,-1
263,36,1677.88,528.40,82.20,191.11,0.898,-1,-1,-1
263,43,1824.71,424.47,90.02,211.89,0.833,-1,-1,-1
263,49,1407.57,374.84,125.05,339.13,0.914,-1,-1,-1
263,51,1309.82,430.95,95.75,280.49,0.890,-1,-1,-1
263,55,1149.04,306.06,185.50,484.04,0.919,-1,-1,-1
263,58,953.54,330.65,203.26,517.58,0.909,-1,-1,-1
263,65,1061.01,389.68,132.99,384.91,0.754,-1,-1,-1
263,66,1542.87,420.20,79.95,282.57,0.831,-1,-1,-1
263,69,122.73,532.78,73.50,211.81,0.657,-1,-1,-1
263,70,1137.83,448.85,75.06,293.98,0.722,-1,-1,-1
264,5,834.67,349.59,169.29,481.79,0.909,-1,-1,-1
264,36,1683.48,527.41,82.05,193.50,0.879,-1,-1,-1
264,43,1826.03,426.39,89.23,209.56,0.840,-1,-1,-1
264,49,1412.31,375.60,125.12,337.52,0.923,-1,-1,-1
264,51,1315.25,432.78,93.91,278.15,0.891,-1,-1,-1
264,55,1162.44,307.54,184.16,482.38,0.923,-1,-1,-1
264,58,969.82,332.46,199.81,513.35,0.904,-1,-1,-1
264,66,1544.32,420.07,80.15,283.03,0.831,-1,-1,-1
264,69,122.83,533.16,73.23,210.95,0.627,-1,-1,-1
265,5,842.10,351.40,170.70,480.00,0.902,-1,-1,-1
265,36,1689.48,527.26,81.68,194.53,0.871,-1,-1,-1
265,43,1828.18,427.18,89.15,208.34,0.850,-1,-1,-1
265,49,1416.32,376.90,125.18,335.64,0.916,-1,-1,-1
265,51,1319.35,433.36,92.72,277.30,0.894,-1,-1,-1
265,55,1173.82,310.33,183.09,479.63,0.924,-1,-1,-1
265,58,982.55,331.93,197.12,512.29,0.913,-1,-1,-1
265,66,1545.74,420.26,80.33,283.06,0.811,-1,-1,-1
265,69,122.87,532.95,73.29,211.08,0.585,-1,-1,-1
266,5,848.12,352.14,171.59,478.81,0.911,-1,-1,-1
266,36,1693.81,528.03,81.09,195.28,0.873,-1,-1,-1
266,43,1829.40,427.61,88.78,207.53,0.823,-1,-1,-1
266,49,1419.32,377.72,125.78,335.76,0.909,-1,-1,-1
266,51,1322.62,432.91,91.85,277.26,0.903,-1,-1,-1
266,55,1182.59,313.19,182.09,476.56,0.907,-1,-1,-1
266,58,994.64,331.59,194.89,512.05,0.914,-1,-1,-1
266,66,1546.87,420.30,80.44,283.00,0.813,-1,-1,-1
266,69,122.84,532.80,73.35,211.16,0.699,-1,-1,-1
267,5,860.83,354.22,168.62,471.53,0.918,-1,-1,-1
267,36,1700.45,529.21,79.95,194.83,0.858,-1,-1,-1
267,43,1831.54,426.95,88.30,206.52,0.795,-1,-1,-1
267,49,1423.47,379.81,125.74,334.21,0.904,-1,-1,-1
267,51,1328.14,432.02,89.85,273.55,0.885,-1,-1,-1
267,55,1189.86,315.35,180.73,474.72,0.901,-1,-1,-1
267,58,1017.17,331.04,196.12,512.80,0.908,-1,-1,-1
267,66,1547.30,420.27,80.23,282.80,0.804,-1,-1,-1
267,69,122.74,532.56,73.50,211.40,0.744,-1,-1,-1
268,5,875.64,355.14,164.92,464.21,0.905,-1,-1,-1
268,36,1705.82,531.00,78.64,193.58,0.837,-1,-1,-1
268,43,1831.66,426.52,88.08,205.38,0.864,-1,-1,-1
268,49,1426.20,382.46,125.43,332.36,0.902,-1,-1,-1
268,51,1331.97,431.02,88.76,272.88,0.877,-1,-1,-1
268,55,1194.95,317.91,178.05,470.68,0.901,-1,-1,-1
268,58,1035.99,333.31,197.66,510.48,0.920,-1,-1,-1
268,66,1548.27,420.46,79.94,282.34,0.810,-1,-1,-1
268,69,122.67,532.47,73.54,211.26,0.699,-1,-1,-1
269,5,894.09,354.01,161.07,459.11,0.906,-1,-1,-1
269,36,1711.35,529.76,78.35,195.01,0.822,-1,-1,-1
269,43,1832.26,424.35,88.57,206.71,0.843,-1,-1,-1
269,49,1429.40,384.83,124.48,329.51,0.905,-1,-1,-1
269,51,1338.88,430.77,87.48,272.06,0.883,-1,-1,-1
269,55,1202.52,320.27,174.26,464.36,0.900,-1,-1,-1
269,58,1050.48,336.33,199.67,506.08,0.929,-1,-1,-1
269,66,1549.88,421.33,79.34,281.40,0.801,-1,-1,-1
269,69,122.53,532.39,73.58,211.29,0.680,-1,-1,-1
269,71,1691.49,472.36,41.31,112.02,0.565,-1,-1,-1
270,5,903.68,353.09,157.92,456.59,0.903,-1,-1,-1
270,36,1712.66,528.48,78.23,196.32,0.849,-1,-1,-1
270,43,1833.00,423.87,88.55,207.07,0.821,-1,-1,-1
270,49,1431.70,386.40,123.53,327.18,0.902,-1,-1,-1
270,51,1345.26,430.60,86.47,271.96,0.875,-1,-1,-1
270,55,1208.29,321.18,171.49,462.00,0.902,-1,-1,-1
270,58,1057.00,336.97,202.11,503.68,0.937,-1,-1,-1
270,66,1551.82,422.05,78.89,280.85,0.816,-1,-1,-1
270,69,122.57,532.49,73.39,210.70,0.670,-1,-1,-1
270,71,1692.08,472.49,41.47,112.33,0.599,-1,-1,-1
271,5,910.21,351.72,155.64,456.89,0.897,-1,-1,-1
271,36,1715.65,526.66,78.86,198.23,0.867,-1,-1,-1
271,43,1833.72,422.91,88.55,207.86,0.848,-1,-1,-1
271,49,1433.62,387.44,122.38,324.91,0.898,-1,-1,-1
271,51,1353.05,431.27,85.77,270.73,0.881,-1,-1,-1
271,55,1214.81,320.55,169.22,460.50,0.921,-1,-1,-1
271,58,1060.37,337.24,204.42,502.63,0.929,-1,-1,-1
271,66,1553.14,422.83,78.43,280.42,0.807,-1,-1,-1
271,69,122.59,532.92,73.25,210.08,0.714,-1,-1,-1
271,71,1692.38,472.27,41.63,112.55,0.616,-1,-1,-1
272,5,921.81,351.49,153.62,455.63,0.900,-1,-1,-1
272,36,1722.58,524.70,80.73,200.40,0.863,-1,-1,-1
272,43,1834.22,422.33,88.42,208.51,0.861,-1,-1,-1
272,49,1435.32,388.48,119.46,318.59,0.899,-1,-1,-1
272,51,1363.62,432.17,85.95,269.96,0.879,-1,-1,-1
272,55,1225.82,320.20,166.92,455.36,0.908,-1,-1,-1
272,58,1067.53,340.58,204.10,498.77,0.920,-1,-1,-1
272,66,1556.16,423.92,78.04,279.15,0.834,-1,-1,-1
272,69,122.73,533.40,73.08,209.40,0.664,-1,-1,-1
272,71,1692.13,472.16,41.71,112.55,0.609,-1,-1,-1
272,72,19.93,501.28,89.40,248.80,0.640,-1,-1,-1
273,5,932.99,352.60,152.25,455.37,0.883,-1,-1,-1
273,36,1728.28,525.46,81.92,200.73,0.856,-1,-1,-1
273,43,1835.67,422.02,87.91,208.90,0.870,-1,-1,-1
273,49,1435.50,388.65,117.10,315.19,0.884,-1,-1,-1
273,51,1370.84,434.08,86.27,268.18,0.881,-1,-1,-1
273,55,1235.00,320.27,165.39,451.15,0.914,-1,-1,-1
273,58,1075.93,340.60,203.09,496.73,0.918,-1,-1,-1
273,66,1558.26,425.19,77.42,276.75,0.846,-1,-1,-1
273,69,122.84,533.18,73.22,209.66,0.556,-1,-1,-1
273,71,1691.48,472.21,41.83,112.66,0.605,-1,-1,-1
273,72,20.12,500.91,89.55,249.05,0.519,-1,-1,-1
274,5,951.73,355.34,151.52,451.94,0.896,-1,-1,-1
274,36,1732.54,528.67,81.87,198.13,0.876,-1,-1,-1
274,43,1837.70,422.37,87.08,209.00,0.852,-1,-1,-1
274,49,1435.89,388.60,114.69,314.18,0.881,-1,-1,-1
274,51,1375.21,435.67,86.82,266.00,0.887,-1,-1,-1
274,55,1246.10,320.09,165.23,449.27,0.913,-1,-1,-1
274,58,1090.47,337.75,198.58,491.02,0.917,-1,-1,-1
274,66,1561.62,426.34,77.40,275.11,0.860,-1,-1,-1
274,69,122.95,533.59,73.19,209.48,0.516,-1,-1,-1
274,71,1691.60,472.24,41.98,112.69,0.618,-1,-1,-1
274,72,19.54,501.56,89.48,248.39,0.688,-1,-1,-1
275,5,967.24,356.48,152.81,450.67,0.919,-1,-1,-1
275,36,1735.23,530.68,81.82,196.37,0.876,-1,-1,-1
275,43,1840.37,424.11,85.36,207.35,0.858,-1,-1,-1
275,49,1438.29,388.49,112.64,313.88,0.867,-1,-1,-1
275,51,1377.34,436.99,87.42,263.94,0.894,-1,-1,-1
275,55,1255.43,320.32,165.07,446.59,0.913,-1,-1,-1
275,58,1106.01,335.45,195.16,490.33,0.900,-1,-1,-1
275,66,1564.40,427.21,77.61,273.31,0.861,-1,-1,-1
275,69,123.16,533.82,73.21,209.31,0.559,-1,-1,-1
275,71,1691.59,472.10,42.17,112.91,0.582,-1,-1,-1
275,72,18.74,501.32,89.65,248.42,0.657,-1,-1,-1
276,5,982.67,359.36,154.44,447.29,0.922,-1,-1,-1
276,36,1737.98,531.75,81.79,195.85,0.872,-1,-1,-1
276,43,1843.13,425.40,83.68,205.87,0.816,-1,-1,-1
276,49,1441.33,388.78,110.82,313.30,0.859,-1,-1,-1
276,51,1378.52,438.78,87.79,261.59,0.897,-1,-1,-1
276,55,1262.62,320.74,165.77,446.34,0.904,-1,-1,-1
276,58,1120.56,333.60,192.44,491.36,0.916,-1,-1,-1
276,66,1568.72,428.26,78.36,271.21,0.893,-1,-1,-1
276,69,123.37,533.92,73.18,208.92,0.608,-1,-1,-1
276,71,1691.53,471.94,42.41,113.21,0.601,-1,-1,-1
276,73,1115.73,337.09,58.73,384.43,0.578,-1,-1,-1
277,5,991.55,362.55,155.26,442.06,0.919,-1,-1,-1
277,36,1740.90,531.04,82.05,197.56,0.851,-1,-1,-1
277,43,1846.47,427.29,81.54,203.65,0.800,-1,-1,-1
277,49,1447.51,388.84,109.37,312.88,0.875,-1,-1,-1
277,51,1380.72,438.42,88.14,260.55,0.891,-1,-1,-1
277,55,1271.43,322.89,165.35,443.06,0.897,-1,-1,-1
277,58,1134.73,333.96,190.30,490.42,0.893,-1,-1,-1
277,66,1574.92,430.03,80.04,269.35,0.896,-1,-1,-1
277,69,123.20,533.28,73.52,209.92,0.598,-1,-1,-1
277,71,1691.89,471.85,42.58,113.34,0.595,-1,-1,-1
277,73,1131.81,338.16,45.11,292.15,0.649,-1,-1,-1
278,5,995.13,363.33,156.61,440.33,0.920,-1,-1,-1
278,36,1741.78,531.12,82.35,199.17,0.846,-1,-1,-1
278,43,1849.50,428.39,79.70,202.40,0.786,-1,-1,-1
278,49,1454.19,389.41,108.47,312.27,0.881,-1,-1,-1
278,51,1384.10,437.77,87.69,258.90,0.876,-1,-1,-1
278,55,1278.40,325.05,165.47,441.20,0.891,-1,-1,-1
278,58,1145.06,334.75,188.80,490.09,0.917,-1,-1,-1
278,66,1579.52,432.36,82.01,267.62,0.889,-1,-1,-1
278,69,123.15,532.76,73.81,210.78,0.545,-1,-1,-1
278,71,1691.98,471.83,42.73,113.40,0.570,-1,-1,-1
278,73,1137.48,340.35,53.77,347.82,-1.000,-1,-1,-1
279,5,998.47,363.57,157.28,438.85,0.921,-1,-1,-1
279,36,1740.80,531.22,82.74,200.60,0.856,-1,-1,-1
279,43,1850.79,428.87,78.40,201.25,0.667,-1,-1,-1
279,49,1461.39,390.85,107.74,310.63,0.892,-1,-1,-1
279,51,1390.36,436.96,86.21,257.58,0.891,-1,-1,-1
279,55,1286.67,328.06,165.15,439.52,0.884,-1,-1,-1
279,58,1157.51,336.97,187.22,488.14,0.922,-1,-1,-1
279,66,1582.73,435.85,83.62,265.35,0.894,-1,-1,-1
279,69,122.98,532.48,73.99,211.25,0.512,-1,-1,-1
279,71,1692.07,471.61,42.98,113.68,0.617,-1,-1,-1
279,73,1143.15,342.53,62.43,403.48,0.761,-1,-1,-1
280,5,1002.03,362.36,157.35,437.73,0.914,-1,-1,-1
280,36,1739.30,531.19,82.84,201.05,0.886,-1,-1,-1
280,43,1850.93,428.39,77.27,201.05,0.797,-1,-1,-1
280,49,1467.01,392.47,107.21,309.03,0.888,-1,-1,-1
280,51,1396.20,436.14,84.62,257.39,0.855,-1,-1,-1
280,55,1293.66,331.14,163.65,435.67,0.892,-1,-1,-1
280,58,1169.25,339.40,185.57,485.20,0.889,-1,-1,-1
280,66,1584.47,440.96,84.36,261.00,0.903,-1,-1,-1
280,71,1691.75,471.68,43.05,113.58,0.586,-1,-1,-1
280,73,1147.32,339.18,66.71,430.45,0.661,-1,-1,-1
280,74,15.17,502.63,96.86,247.28,0.598,-1,-1,-1
281,5,1007.16,360.73,155.28,432.43,0.921,-1,-1,-1
281,36,1735.28,529.91,83.17,202.11,0.881,-1,-1,-1
281,43,1851.47,427.68,76.14,200.90,0.819,-1,-1,-1
281,49,1471.93,393.62,107.08,307.80,0.876,-1,-1,-1
281,51,1400.48,435.40,83.23,257.14,0.821,-1,-1,-1
281,55,1300.72,333.96,161.13,429.93,0.908,-1,-1,-1
281,58,1180.66,342.11,183.69,480.41,0.889,-1,-1,-1
281,66,1586.02,444.87,84.99,257.30,0.899,-1,-1,-1
281,71,1691.83,471.65,43.17,113.56,0.573,-1,-1,-1
281,73,1152.71,338.93,68.82,442.69,0.645,-1,-1,-1
281,74,15.54,502.12,96.88,247.39,0.567,-1,-1,-1
282,5,1014.80,358.71,153.00,430.40,0.912,-1,-1,-1
282,36,1729.16,528.33,83.23,203.86,0.885,-1,-1,-1
282,43,1854.78,426.51,73.93,198.55,0.777,-1,-1,-1
282,49,1477.17,394.64,106.33,305.62,0.880,-1,-1,-1
282,51,1407.14,435.48,81.72,256.53,0.846,-1,-1,-1
282,55,1306.28,335.63,158.99,425.90,0.892,-1,-1,-1
282,58,1193.91,345.72,181.62,475.20,0.887,-1,-1,-1
282,66,1587.51,450.65,84.84,251.73,0.903,-1,-1,-1
282,71,1690.53,471.92,42.98,113.21,0.548,-1,-1,-1
282,73,1162.08,340.76,69.71,442.20,0.690,-1,-1,-1
283,5,1025.33,356.51,151.61,429.45,0.890,-1,-1,-1
283,36,1726.15,526.93,83.75,205.67,0.892,-1,-1,-1
283,43,1857.66,425.69,72.23,197.69,0.750,-1,-1,-1
283,49,1479.98,394.89,105.88,304.72,0.887,-1,-1,-1
283,51,1412.87,435.28,80.45,256.15,0.839,-1,-1,-1
283,55,1310.57,336.12,157.99,424.65,0.880,-1,-1,-1
283,58,1204.79,347.59,179.95,471.41,0.886,-1,-1,-1
283,66,1588.71,456.97,84.42,245.44,0.902,-1,-1,-1
283,71,1689.83,472.30,42.72,112.72,0.584,-1,-1,-1
283,73,1168.69,343.59,70.59,438.01,0.828,-1,-1,-1
284,5,1040.50,356.69,151.25,428.09,0.912,-1,-1,-1
284,36,1723.32,525.93,85.01,206.96,0.908,-1,-1,-1
284,43,1860.05,424.98,69.01,191.74,0.746,-1,-1,-1
284,49,1481.86,394.23,105.57,305.15,0.879,-1,-1,-1
284,51,1419.02,436.45,79.14,255.02,0.801,-1,-1,-1
284,55,1315.45,335.38,155.97,421.08,0.888,-1,-1,-1
284,58,1219.43,348.42,178.04,466.90,0.884,-1,-1,-1
284,66,1589.51,462.56,84.46,239.67,0.900,-1,-1,-1
284,71,1689.28,472.15,42.70,112.81,0.550,-1,-1,-1
284,73,1177.34,344.81,71.63,433.74,0.795,-1,-1,-1
285,5,1052.26,357.16,151.77,427.21,0.903,-1,-1,-1
285,36,1719.91,525.21,86.92,207.62,0.912,-1,-1,-1
285,43,1861.03,424.10,68.35,193.80,0.794,-1,-1,-1
285,49,1484.37,393.14,105.13,305.50,0.868,-1,-1,-1
285,51,1424.51,438.62,77.41,252.85,0.826,-1,-1,-1
285,55,1321.11,334.66,153.67,417.66,0.894,-1,-1,-1
285,58,1229.07,348.59,176.80,464.51,0.861,-1,-1,-1
285,66,1591.91,467.15,84.68,234.89,0.905,-1,-1,-1
285,71,1689.10,472.09,42.66,112.87,0.554,-1,-1,-1
285,73,1184.23,344.79,72.83,431.98,0.818,-1,-1,-1
286,5,1062.28,357.09,153.15,427.38,0.904,-1,-1,-1
286,36,1717.36,525.00,89.15,207.68,0.908,-1,-1,-1
286,43,1862.46,423.26,67.30,195.09,0.798,-1,-1,-1
286,49,1487.25,392.97,104.35,304.54,0.886,-1,-1,-1
286,51,1428.77,440.49,75.68,249.94,0.851,-1,-1,-1
286,55,1326.41,334.48,152.22,417.01,0.893,-1,-1,-1
286,58,1240.37,348.77,174.57,460.06,0.863,-1,-1,-1
286,66,1594.00,471.27,85.24,230.80,0.898,-1,-1,-1
286,71,1688.97,472.23,42.54,112.73,0.547,-1,-1,-1
286,73,1192.74,344.18,74.00,426.59,0.816,-1,-1,-1
287,5,1072.32,359.70,154.01,424.18,0.912,-1,-1,-1
287,36,1713.58,524.94,91.61,207.40,0.911,-1,-1,-1
287,43,1864.02,423.23,66.06,195.40,0.754,-1,-1,-1
287,49,1491.78,391.69,102.76,301.74,0.892,-1,-1,-1
287,51,1432.12,442.30,74.60,248.30,0.871,-1,-1,-1
287,55,1332.36,334.10,151.12,418.49,0.873,-1,-1,-1
287,58,1251.20,347.18,172.42,455.63,0.881,-1,-1,-1
287,66,1596.70,476.30,85.67,225.86,0.887,-1,-1,-1
287,71,1689.24,472.27,42.45,112.59,0.557,-1,-1,-1
287,73,1198.32,342.70,75.03,424.24,0.758,-1,-1,-1
287,75,42.62,500.60,68.26,249.78,0.520,-1,-1,-1
288,5,1079.17,362.57,155.33,422.15,0.907,-1,-1,-1
288,36,1711.62,524.60,93.97,207.86,0.906,-1,-1,-1
288,43,1866.38,423.47,64.23,194.16,0.737,-1,-1,-1
288,49,1499.50,390.16,102.17,301.38,0.895,-1,-1,-1
288,51,1434.84,443.18,73.80,247.36,0.883,-1,-1,-1
288,55,1338.36,333.92,148.56,415.53,0.868,-1,-1,-1
288,58,1259.45,346.39,171.59,454.78,0.893,-1,-1,-1
288,66,1598.68,481.84,85.89,220.27,0.874,-1,-1,-1
288,71,1689.71,472.16,42.55,112.73,-1.000,-1,-1,-1
288,73,1203.19,341.87,76.15,420.29,0.799,-1,-1,-1
288,75,42.33,500.74,68.14,249.21,0.586,-1,-1,-1
289,5,1086.46,364.09,156.48,419.52,0.908,-1,-1,-1
289,36,1708.98,524.73,95.90,207.93,0.914,-1,-1,-1
289,43,1868.63,424.02,60.93,187.38,0.716,-1,-1,-1
289,49,1510.69,388.33,102.15,302.17,0.903,-1,-1,-1
289,51,1440.14,442.00,72.82,247.24,0.859,-1,-1,-1
289,55,1345.56,334.14,145.59,412.76,0.857,-1,-1,-1
289,58,1268.90,345.07,171.54,455.84,0.893,-1,-1,-1
289,66,1600.60,489.49,85.26,212.54,0.873,-1,-1,-1
289,71,1690.18,472.05,42.65,112.88,0.516,-1,-1,-1
289,73,1207.80,344.35,77.11,413.03,0.835,-1,-1,-1
289,75,42.51,501.11,68.04,248.75,0.552,-1,-1,-1
290,5,1092.27,366.27,157.25,416.73,0.905,-1,-1,-1
290,36,1706.50,524.96,97.22,207.79,0.907,-1,-1,-1
290,43,1870.84,425.14,58.16,182.52,0.753,-1,-1,-1
290,49,1518.30,389.28,101.92,301.23,0.897,-1,-1,-1
290,51,1445.72,441.19,71.24,245.31,0.826,-1,-1,-1
290,55,1351.75,334.61,142.61,409.99,0.834,-1,-1,-1
290,58,1277.58,345.70,170.22,454.12,0.889,-1,-1,-1
290,66,1602.77,494.74,85.34,207.09,0.869,-1,-1,-1
290,71,1690.79,471.99,42.77,112.94,0.531,-1,-1,-1
290,73,1212.03,344.62,78.79,411.34,0.772,-1,-1,-1
290,75,42.46,501.26,68.00,248.50,0.569,-1,-1,-1
291,5,1095.61,367.92,157.94,414.67,0.908,-1,-1,-1
291,36,1704.01,524.73,98.28,207.80,0.908,-1,-1,-1
291,43,1872.18,425.65,56.28,179.74,0.718,-1,-1,-1
291,49,1524.13,389.68,102.14,300.97,0.899,-1,-1,-1
291,51,1450.62,439.99,70.10,244.97,0.846,-1,-1,-1
291,55,1358.30,335.87,139.34,405.88,0.814,-1,-1,-1
291,58,1286.70,347.76,169.53,451.73,0.912,-1,-1,-1
291,66,1604.89,499.71,84.43,201.79,0.654,-1,-1,-1
291,71,1691.06,472.04,42.91,113.05,0.518,-1,-1,-1
291,73,1213.97,345.51,79.53,407.86,0.809,-1,-1,-1
291,75,42.36,501.29,68.04,248.45,0.599,-1,-1,-1
292,5,1100.91,369.34,158.06,412.29,0.918,-1,-1,-1
292,36,1700.54,524.74,98.82,207.84,0.912,-1,-1,-1
292,43,1875.01,426.82,52.14,168.75,0.676,-1,-1,-1
292,49,1532.08,389.78,102.76,300.69,0.897,-1,-1,-1
292,51,1456.10,438.67,69.26,245.52,0.822,-1,-1,-1
292,55,1367.90,337.93,136.36,401.83,0.806,-1,-1,-1
292,58,1300.50,350.77,170.43,448.88,0.913,-1,-1,-1
292,66,1600.16,505.35,82.56,196.39,0.840,-1,-1,-1
292,71,1690.97,472.21,42.93,112.81,0.533,-1,-1,-1
292,73,1222.06,347.00,81.45,404.13,0.872,-1,-1,-1
292,75,41.81,501.67,68.08,248.37,-1.000,-1,-1,-1
292,76,124.58,533.66,70.26,209.81,0.544,-1,-1,-1
293,5,1103.69,370.31,157.97,410.33,0.915,-1,-1,-1
293,36,1698.58,524.68,99.26,207.64,0.911,-1,-1,-1
293,43,1878.53,428.03,47.48,155.93,0.709,-1,-1,-1
293,49,1538.69,390.41,103.95,301.27,0.891,-1,-1,-1
293,51,1460.52,438.31,68.17,244.87,0.784,-1,-1,-1
293,55,1375.21,340.57,134.38,399.85,0.783,-1,-1,-1
293,58,1308.75,353.28,171.49,445.91,0.910,-1,-1,-1
293,66,1599.18,509.09,81.17,192.50,0.859,-1,-1,-1
293,71,1691.12,471.96,43.03,112.80,0.600,-1,-1,-1
293,73,1227.36,348.17,83.84,402.84,0.854,-1,-1,-1
293,75,41.25,502.05,68.12,248.30,0.502,-1,-1,-1
293,76,124.37,532.94,70.47,210.42,0.662,-1,-1,-1
294,5,1106.41,370.31,156.03,405.22,0.904,-1,-1,-1
294,36,1696.66,524.87,99.85,207.26,0.913,-1,-1,-1
294,43,1880.18,428.79,45.17,150.59,0.731,-1,-1,-1
294,49,1551.41,391.72,107.08,301.46,0.913,-1,-1,-1
294,51,1468.91,439.96,66.77,240.77,0.816,-1,-1,-1
294,55,1381.06,343.70,131.77,395.28,0.588,-1,-1,-1
294,58,1316.93,357.16,170.62,440.33,0.922,-1,-1,-1
294,66,1599.65,514.58,79.22,186.75,0.833,-1,-1,-1
294,71,1691.08,472.22,42.92,112.21,0.553,-1,-1,-1
294,73,1231.38,349.71,85.90,402.74,0.837,-1,-1,-1
294,76,124.15,531.89,70.81,211.40,0.560,-1,-1,-1
295,5,1107.47,370.06,153.58,400.26,0.894,-1,-1,-1
295,36,1695.21,525.28,100.50,206.73,0.910,-1,-1,-1
295,43,1880.59,429.06,44.68,151.43,0.740,-1,-1,-1
295,49,1557.80,392.63,109.78,300.62,0.903,-1,-1,-1
295,51,1477.22,441.54,65.97,238.10,0.697,-1,-1,-1
295,55,1387.33,346.99,128.45,390.49,0.702,-1,-1,-1
295,58,1322.14,357.34,170.94,438.94,0.907,-1,-1,-1
295,66,1598.86,516.81,78.84,184.53,0.828,-1,-1,-1
295,71,1690.85,472.52,42.78,111.60,0.521,-1,-1,-1
295,73,1233.82,350.81,87.27,401.38,0.801,-1,-1,-1
295,76,124.16,532.18,70.74,211.10,0.633,-1,-1,-1
296,5,1107.33,369.66,151.41,397.91,0.894,-1,-1,-1
296,36,1693.98,525.28,101.42,206.68,0.904,-1,-1,-1
296,43,1880.81,429.00,44.71,154.25,0.743,-1,-1,-1
296,49,1562.86,393.07,111.75,297.99,0.892,-1,-1,-1
296,51,1481.65,443.29,64.51,234.75,0.679,-1,-1,-1
296,55,1393.37,348.75,125.94,388.11,0.711,-1,-1,-1
296,58,1326.12,357.94,170.56,437.36,0.904,-1,-1,-1
296,66,1598.91,518.44,78.51,182.85,0.805,-1,-1,-1
296,73,1239.49,353.45,89.11,395.92,0.845,-1,-1,-1
296,76,124.31,531.60,70.85,211.35,0.606,-1,-1,-1
297,5,1105.75,368.91,149.01,397.60,0.893,-1,-1,-1
297,36,1690.80,525.54,101.81,206.47,0.904,-1,-1,-1
297,43,1880.52,428.80,45.19,158.67,0.734,-1,-1,-1
297,49,1566.94,394.05,113.67,296.90,0.898,-1,-1,-1
297,51,1488.11,450.67,62.90,227.25,0.541,-1,-1,-1
297,55,1410.62,349.35,103.85,317.15,0.548,-1,-1,-1
297,58,1336.98,358.18,168.67,433.91,0.900,-1,-1,-1
297,66,1599.87,518.69,78.60,182.66,0.819,-1,-1,-1
297,73,1246.13,355.24,91.70,391.70,0.881,-1,-1,-1
297,76,124.40,531.33,71.04,211.72,0.673,-1,-1,-1
298,5,1107.20,368.70,146.33,397.54,0.892,-1,-1,-1
298,36,1688.74,526.08,101.84,205.90,0.909,-1,-1,-1
298,43,1880.31,428.31,45.68,163.54,0.753,-1,-1,-1
298,49,1571.06,393.58,114.32,296.59,0.560,-1,-1,-1
298,51,1490.82,453.54,63.01,225.21,0.692,-1,-1,-1
298,58,1347.80,357.48,166.47,429.00,0.909,-1,-1,-1
298,66,1593.14,520.95,79.03,180.31,0.618,-1,-1,-1
298,73,1251.04,356.12,94.41,390.30,0.877,-1,-1,-1
298,76,124.72,531.73,70.77,210.70,0.609,-1,-1,-1
299,5,1114.33,370.39,144.38,395.52,0.895,-1,-1,-1
299,36,1686.17,526.50,101.10,205.17,0.919,-1,-1,-1
299,43,1880.50,428.08,45.57,166.15,0.733,-1,-1,-1
299,49,1578.61,394.03,106.39,271.67,0.620,-1,-1,-1
299,51,1493.98,452.59,63.21,225.09,0.573,-1,-1,-1
299,58,1357.42,353.41,166.40,429.56,0.927,-1,-1,-1
299,66,1592.36,523.25,79.36,178.28,0.797,-1,-1,-1
299,73,1261.03,357.74,97.35,388.10,0.894,-1,-1,-1
299,76,124.60,531.84,70.66,210.16,0.608,-1,-1,-1
300,5,1122.25,371.42,143.50,394.48,0.907,-1,-1,-1
300,36,1685.20,527.44,99.63,203.87,0.916,-1,-1,-1
300,43,1880.80,428.12,45.14,167.48,0.726,-1,-1,-1
300,49,1578.74,393.28,108.85,277.86,-1.000,-1,-1,-1
300,51,1496.07,449.91,63.75,226.64,0.510,-1,-1,-1
300,58,1364.05,352.12,166.33,429.65,0.911,-1,-1,-1
300,66,1594.85,524.22,79.57,177.39,0.826,-1,-1,-1
300,73,1267.93,356.06,100.05,388.33,0.867,-1,-1,-1
300,76,124.48,531.66,70.76,210.29,0.583,-1,-1,-1
301,5,1129.91,371.73,143.29,393.86,0.902,-1,-1,-1
301,36,1686.22,528.75,98.14,202.18,0.903,-1,-1,-1
301,43,1881.33,428.52,44.15,166.27,0.709,-1,-1,-1
301,49,1578.87,392.53,111.32,284.05,0.506,-1,-1,-1
301,51,1495.34,446.89,64.68,228.93,0.779,-1,-1,-1
301,58,1368.78,350.14,167.32,431.02,0.903,-1,-1,-1
301,66,1596.18,523.70,80.26,178.14,0.835,-1,-1,-1
301,73,1272.19,355.96,101.78,387.38,0.862,-1,-1,-1
301,76,124.10,531.42,70.96,210.81,0.611,-1,-1,-1
302,5,1138.26,373.37,142.83,391.39,0.893,-1,-1,-1
302,36,1689.15,529.80,96.44,200.28,0.912,-1,-1,-1
302,43,1882.84,429.35,41.27,156.82,0.680,-1,-1,-1
302,49,1585.00,391.55,95.25,241.02,0.580,-1,-1,-1
302,51,1496.73,445.78,65.51,230.04,0.729,-1,-1,-1
302,58,1374.13,349.97,168.34,430.91,0.912,-1,-1,-1
302,66,1596.40,522.67,80.87,178.76,0.846,-1,-1,-1
302,73,1277.09,357.55,101.84,382.28,0.869,-1,-1,-1
302,76,123.93,531.94,70.80,210.17,0.617,-1,-1,-1
302,77,1239.72,422.02,40.86,264.13,0.755,-1,-1,-1
303,5,1143.96,373.10,142.90,390.83,0.900,-1,-1,-1
303,36,1692.39,530.57,95.10,199.02,0.904,-1,-1,-1
303,43,1883.70,430.59,39.30,150.47,0.692,-1,-1,-1
303,49,1588.04,391.10,84.73,213.27,0.583,-1,-1,-1
303,51,1498.81,444.17,66.54,231.73,0.799,-1,-1,-1
303,58,1378.13,351.38,168.95,429.62,0.907,-1,-1,-1
303,66,1596.31,521.63,81.26,179.30,0.770,-1,-1,-1
303,73,1280.19,355.36,102.58,381.64,0.871,-1,-1,-1
303,76,123.89,531.56,71.03,210.69,0.531,-1,-1,-1
303,77,1242.25,419.77,41.99,269.62,0.794,-1,-1,-1
304,5,1147.83,374.37,142.13,388.89,0.891,-1,-1,-1
304,36,1696.76,530.65,93.80,197.58,0.896,-1,-1,-1
304,43,1884.22,431.81,37.76,145.38,0.721,-1,-1,-1
304,49,1591.23,390.84,79.08,198.42,0.573,-1,-1,-1
304,51,1503.97,441.09,67.52,235.20,0.770,-1,-1,-1
304,58,1383.84,353.64,169.66,427.62,0.908,-1,-1,-1
304,66,1601.82,519.27,83.81,181.65,0.699,-1,-1,-1
304,73,1283.19,355.63,101.81,378.06,0.870,-1,-1,-1
304,76,123.92,531.58,71.24,211.04,0.578,-1,-1,-1
304,77,1242.59,420.67,42.42,269.69,0.769,-1,-1,-1
305,5,1151.07,374.95,140.92,387.85,0.882,-1,-1,-1
305,36,1699.84,530.18,93.02,197.56,0.896,-1,-1,-1
305,43,1884.74,433.06,36.82,142.60,0.718,-1,-1,-1
305,49,1595.23,390.91,84.98,212.48,-1.000,-1,-1,-1
305,51,1510.04,440.09,67.35,235.67,0.778,-1,-1,-1
305,58,1388.08,355.48,170.18,425.15,0.907,-1,-1,-1
305,66,1604.01,515.02,87.75,185.83,0.845,-1,-1,-1
305,73,1285.40,355.89,101.54,376.42,0.875,-1,-1,-1
305,76,123.93,531.95,71.32,210.95,0.594,-1,-1,-1
305,77,1243.80,419.68,42.86,270.47,0.746,-1,-1,-1
306,5,1155.35,375.61,139.21,386.78,0.887,-1,-1,-1
306,36,1701.47,529.23,92.76,198.50,0.898,-1,-1,-1
306,43,1884.70,433.98,36.52,142.19,0.734,-1,-1,-1
306,49,1599.23,390.98,90.88,226.54,0.677,-1,-1,-1
306,51,1515.31,439.00,67.11,236.60,0.744,-1,-1,-1
306,58,1391.03,357.76,170.20,422.50,0.900,-1,-1,-1
306,66,1603.56,510.53,91.72,190.22,0.849,-1,-1,-1
306,73,1287.85,355.77,101.44,375.70,0.853,-1,-1,-1
306,76,123.86,531.81,71.38,210.98,0.501,-1,-1,-1
306,77,1245.66,416.70,43.34,272.94,0.508,-1,-1,-1
307,5,1159.32,376.00,137.35,386.02,0.887,-1,-1,-1
307,36,1701.93,528.47,92.47,198.94,0.892,-1,-1,-1
307,43,1884.58,434.99,36.61,143.48,0.742,-1,-1,-1
307,49,1601.84,392.30,95.12,236.53,0.779,-1,-1,-1
307,51,1520.12,439.30,66.54,236.18,0.746,-1,-1,-1
307,58,1394.64,361.10,169.44,418.39,0.902,-1,-1,-1
307,66,1602.36,505.79,95.48,194.81,0.811,-1,-1,-1
307,73,1291.01,355.96,101.60,376.55,0.848,-1,-1,-1
307,76,123.56,532.22,71.33,210.71,0.562,-1,-1,-1
307,78,1689.36,472.25,43.26,113.55,0.578,-1,-1,-1
308,5,1162.96,375.24,135.45,385.66,0.890,-1,-1,-1
308,36,1702.04,527.58,92.53,200.15,0.892,-1,-1,-1
308,43,1884.79,435.40,36.75,145.27,0.733,-1,-1,-1
308,49,1604.79,393.24,96.83,241.03,0.787,-1,-1,-1
308,51,1524.27,440.69,65.67,234.06,0.727,-1,-1,-1
308,58,1399.17,362.34,169.91,416.52,0.915,-1,-1,-1
308,66,1599.80,501.10,98.83,199.56,0.749,-1,-1,-1
308,73,1293.57,356.70,101.27,376.05,0.832,-1,-1,-1
308,78,1689.44,472.64,43.00,112.79,0.550,-1,-1,-1
309,5,1170.53,374.95,133.39,382.72,0.892,-1,-1,-1
309,36,1701.36,526.80,92.59,201.04,0.893,-1,-1,-1
309,43,1884.61,435.37,37.51,149.95,0.739,-1,-1,-1
309,49,1607.60,393.98,98.19,244.75,0.706,-1,-1,-1
309,51,1528.71,443.05,64.54,230.83,0.775,-1,-1,-1
309,58,1405.74,363.16,169.64,413.77,0.903,-1,-1,-1
309,66,1594.46,495.87,102.08,205.11,0.798,-1,-1,-1
309,73,1297.10,358.06,100.71,374.72,0.868,-1,-1,-1
310,5,1179.14,374.70,132.27,380.61,0.896,-1,-1,-1
310,36,1699.52,526.25,92.77,201.54,0.895,-1,-1,-1
310,43,1884.76,435.01,37.91,153.41,0.719,-1,-1,-1
310,49,1611.63,394.94,97.45,244.38,0.702,-1,-1,-1
310,51,1533.52,445.16,63.64,228.77,0.762,-1,-1,-1
310,58,1411.64,363.31,168.17,407.96,0.900,-1,-1,-1
310,66,1590.67,491.40,104.86,209.86,0.860,-1,-1,-1
310,73,1300.54,359.18,100.04,373.60,0.881,-1,-1,-1
310,79,1363.86,396.18,71.04,307.48,0.741,-1,-1,-1
311,5,1186.27,375.33,131.82,378.52,0.896,-1,-1,-1
311,36,1698.98,525.16,92.88,202.44,0.897,-1,-1,-1
311,43,1884.98,434.54,38.02,155.86,0.730,-1,-1,-1
311,49,1616.72,394.83,93.62,235.27,0.553,-1,-1,-1
311,51,1538.63,446.62,62.93,227.43,0.732,-1,-1,-1
311,58,1416.19,363.62,166.66,403.09,0.894,-1,-1,-1
311,66,1587.50,486.52,107.42,214.84,0.879,-1,-1,-1
311,73,1303.73,361.20,98.96,370.51,0.874,-1,-1,-1
311,79,1371.93,398.30,69.27,299.93,0.708,-1,-1,-1
312,5,1194.00,376.06,132.36,377.20,0.895,-1,-1,-1
312,36,1698.97,524.67,92.38,202.71,0.882,-1,-1,-1
312,43,1883.44,434.61,39.83,165.04,0.671,-1,-1,-1
312,49,1620.04,395.00,102.74,261.96,0.845,-1,-1,-1
312,51,1543.41,446.97,61.67,224.54,0.766,-1,-1,-1
312,58,1421.01,363.94,166.27,401.16,0.903,-1,-1,-1
312,66,1584.49,481.28,109.90,219.95,0.897,-1,-1,-1
312,73,1307.20,363.33,98.53,369.28,0.837,-1,-1,-1
312,79,1379.28,397.98,68.35,296.69,0.753,-1,-1,-1
313,5,1200.59,376.98,133.11,376.32,0.910,-1,-1,-1
313,36,1698.92,525.16,91.64,202.35,0.889,-1,-1,-1
313,43,1883.36,434.05,40.53,170.70,0.732,-1,-1,-1
313,49,1625.01,394.66,105.77,272.39,0.868,-1,-1,-1
313,51,1547.09,446.46,60.90,223.20,0.740,-1,-1,-1
313,58,1422.88,363.81,166.35,401.40,0.902,-1,-1,-1
313,66,1582.54,477.54,111.67,223.69,0.892,-1,-1,-1
313,73,1308.60,364.69,98.65,368.75,0.855,-1,-1,-1
313,79,1383.42,398.22,67.68,294.69,0.729,-1,-1,-1
314,5,1207.97,377.94,133.96,375.44,0.898,-1,-1,-1
314,36,1698.16,526.06,90.64,201.38,0.888,-1,-1,-1
314,43,1883.52,433.09,41.07,176.55,0.778,-1,-1,-1
314,49,1634.21,393.50,107.92,278.25,0.873,-1,-1,-1
314,51,1550.55,445.10,60.42,222.87,0.669,-1,-1,-1
314,58,1424.71,363.44,166.79,401.79,0.910,-1,-1,-1
314,66,1580.72,473.61,113.36,227.78,0.900,-1,-1,-1
314,73,1311.01,366.06,98.70,368.17,0.850,-1,-1,-1
314,79,1386.94,401.18,66.35,290.37,0.786,-1,-1,-1
315,5,1213.75,380.00,134.22,372.64,0.901,-1,-1,-1
315,36,1697.83,528.14,89.17,199.29,0.885,-1,-1,-1
315,43,1883.25,432.63,41.09,179.61,0.785,-1,-1,-1
315,49,1645.97,393.30,110.34,280.00,0.882,-1,-1,-1
315,51,1553.42,444.65,59.97,222.00,-1.000,-1,-1,-1
315,58,1428.14,364.37,166.53,401.23,0.900,-1,-1,-1
315,66,1579.48,470.78,114.42,230.75,0.901,-1,-1,-1
315,73,1312.76,366.51,98.27,365.63,0.815,-1,-1,-1
315,79,1392.32,404.39,65.56,287.22,0.763,-1,-1,-1
316,5,1217.20,380.73,134.84,371.47,0.898,-1,-1,-1
316,36,1696.91,526.93,89.06,200.47,0.889,-1,-1,-1
316,43,1882.56,432.28,41.10,181.73,0.774,-1,-1,-1
316,49,1654.72,393.28,112.48,280.31,0.896,-1,-1,-1
316,51,1556.28,444.20,59.52,221.13,0.575,-1,-1,-1
316,58,1432.26,365.95,165.41,398.92,0.903,-1,-1,-1
316,66,1578.81,468.20,115.12,233.32,0.896,-1,-1,-1
316,73,1312.99,365.91,99.66,369.23,0.832,-1,-1,-1
316,79,1396.86,407.36,64.54,282.58,0.722,-1,-1,-1
317,5,1221.94,384.05,134.38,367.97,0.891,-1,-1,-1
317,36,1696.17,525.86,88.86,201.52,0.886,-1,-1,-1
317,43,1881.83,432.46,40.92,182.60,0.809,-1,-1,-1
317,49,1662.19,393.79,114.38,279.82,0.899,-1,-1,-1
317,51,1558.39,443.09,58.99,220.75,0.549,-1,-1,-1
317,58,1436.82,368.07,163.78,395.89,0.909,-1,-1,-1
317,66,1577.93,464.86,115.90,236.49,0.880,-1,-1,-1
317,73,1314.65,365.11,99.10,365.44,0.817,-1,-1,-1
317,79,1402.02,409.61,64.68,281.68,0.801,-1,-1,-1
318,5,1226.28,384.11,134.95,368.39,0.888,-1,-1,-1
318,36,1695.77,525.84,88.40,201.73,0.894,-1,-1,-1
318,43,1882.26,433.27,40.38,182.06,0.766,-1,-1,-1
318,49,1666.81,394.40,115.91,279.25,0.894,-1,-1,-1
318,51,1561.06,443.20,58.15,219.60,0.626,-1,-1,-1
318,58,1440.65,369.24,162.61,393.36,0.908,-1,-1,-1
318,66,1577.01,462.22,116.28,239.18,0.879,-1,-1,-1
318,73,1315.79,365.04,98.38,360.27,0.794,-1,-1,-1
318,79,1405.24,411.31,64.72,280.17,0.776,-1,-1,-1
318,80,1183.04,408.85,81.20,293.68,0.783,-1,-1,-1
319,5,1231.28,385.43,134.52,366.76,0.872,-1,-1,-1
319,36,1694.64,526.52,87.76,200.96,0.888,-1,-1,-1
319,43,1882.11,433.96,39.81,180.45,0.765,-1,-1,-1
319,49,1670.73,395.62,116.69,278.27,0.800,-1,-1,-1
319,58,1445.00,371.35,161.37,390.11,0.912,-1,-1,-1
319,66,1575.42,458.58,116.87,242.83,0.879,-1,-1,-1
319,73,1317.70,365.09,98.04,357.35,0.796,-1,-1,-1
319,79,1408.66,411.28,65.22,279.73,0.768,-1,-1,-1
319,80,1182.50,405.94,83.06,299.98,0.794,-1,-1,-1
320,5,1234.90,387.13,133.86,364.53,0.885,-1,-1,-1
320,36,1690.50,526.86,88.10,200.57,0.884,-1,-1,-1
320,43,1882.07,434.65,39.11,177.93,0.796,-1,-1,-1
320,49,1680.25,396.60,103.69,240.83,0.565,-1,-1,-1
320,58,1447.71,372.41,160.73,388.29,0.910,-1,-1,-1
320,66,1573.97,452.78,118.09,248.53,0.883,-1,-1,-1
320,73,1319.20,365.10,98.03,355.57,0.790,-1,-1,-1
320,79,1410.93,410.93,65.92,280.42,0.773,-1,-1,-1
320,80,1182.25,403.85,85.19,307.37,0.799,-1,-1,-1
321,5,1238.13,387.58,133.35,364.07,0.907,-1,-1,-1
321,36,1687.87,527.35,88.37,200.35,0.901,-1,-1,-1
321,43,1881.83,435.41,39.05,178.33,0.797,-1,-1,-1
321,49,1685.71,399.05,89.77,199.65,0.811,-1,-1,-1
321,58,1449.77,373.06,160.05,386.75,0.912,-1,-1,-1
321,66,1573.11,448.66,118.59,252.74,0.882,-1,-1,-1
321,73,1323.68,365.50,97.96,354.18,0.806,-1,-1,-1
321,79,1413.05,411.07,66.36,281.32,0.663,-1,-1,-1
321,80,1181.45,403.29,86.40,311.03,0.808,-1,-1,-1
321,81,126.41,535.31,71.47,208.18,0.512,-1,-1,-1
321,82,1433.77,367.09,66.85,313.70,0.689,-1,-1,-1
322,5,1241.49,389.19,131.76,361.64,0.893,-1,-1,-1
322,36,1687.29,528.19,88.17,199.75,0.894,-1,-1,-1
322,43,1882.19,436.52,38.64,177.17,0.741,-1,-1,-1
322,49,1689.24,399.80,84.71,182.74,0.760,-1,-1,-1
322,58,1451.81,373.99,158.82,383.59,0.911,-1,-1,-1
322,66,1572.81,444.96,118.79,256.47,0.877,-1,-1,-1
322,73,1329.29,367.07,98.06,352.28,0.817,-1,-1,-1
322,79,1414.83,410.55,64.53,273.97,-1.000,-1,-1,-1
322,80,1179.92,404.32,87.47,313.55,0.833,-1,-1,-1
322,81,125.89,535.42,71.48,208.20,-1.000,-1,-1,-1
322,82,1433.98,370.13,70.67,331.82,0.668,-1,-1,-1
323,5,1244.24,388.95,129.85,358.71,0.876,-1,-1,-1
323,36,1686.32,528.99,87.95,198.92,0.901,-1,-1,-1
323,43,1882.26,437.47,38.21,175.57,0.744,-1,-1,-1
323,49,1692.02,399.76,84.14,176.05,0.824,-1,-1,-1
323,58,1453.27,374.39,157.11,378.64,0.920,-1,-1,-1
323,66,1572.89,440.58,119.13,260.97,0.884,-1,-1,-1
323,73,1336.27,368.42,97.92,350.65,0.820,-1,-1,-1
323,79,1416.62,410.03,62.71,266.62,0.512,-1,-1,-1
323,80,1178.43,405.40,88.10,313.84,0.840,-1,-1,-1
323,81,125.36,535.53,71.49,208.22,0.581,-1,-1,-1
323,82,1434.93,371.26,72.76,342.28,0.683,-1,-1,-1
324,5,1248.16,387.45,127.30,355.41,0.884,-1,-1,-1
324,36,1684.14,529.78,88.37,198.33,0.898,-1,-1,-1
324,43,1882.35,437.90,38.05,175.22,0.765,-1,-1,-1
324,49,1690.82,399.58,92.36,189.27,0.866,-1,-1,-1
324,58,1452.99,373.74,156.92,377.04,0.917,-1,-1,-1
324,66,1573.15,437.62,118.71,263.78,0.875,-1,-1,-1
324,73,1344.07,371.08,97.50,346.68,0.878,-1,-1,-1
324,80,1177.49,406.28,89.12,314.53,0.872,-1,-1,-1
324,81,124.69,534.35,71.82,209.20,0.512,-1,-1,-1
324,82,1436.83,371.63,73.88,348.01,0.633,-1,-1,-1
325,5,1251.57,386.38,124.96,351.87,0.867,-1,-1,-1
325,36,1682.25,529.38,89.46,198.48,0.896,-1,-1,-1
325,43,1882.22,437.16,38.09,175.79,0.790,-1,-1,-1
325,49,1690.55,398.95,98.53,198.77,0.875,-1,-1,-1
325,58,1452.47,373.36,157.09,376.45,0.914,-1,-1,-1
325,66,1572.89,433.27,118.73,267.67,0.876,-1,-1,-1
325,73,1348.24,372.30,98.39,345.84,0.882,-1,-1,-1
325,80,1175.87,406.58,90.19,314.92,0.871,-1,-1,-1
325,82,1438.16,371.34,74.01,349.71,0.627,-1,-1,-1
326,5,1254.23,382.47,124.03,353.61,0.876,-1,-1,-1
326,36,1680.93,529.11,91.21,198.66,0.901,-1,-1,-1
326,43,1882.38,436.99,37.99,175.83,0.752,-1,-1,-1
326,49,1691.01,398.74,103.08,205.96,0.872,-1,-1,-1
326,58,1451.49,373.15,157.46,375.98,0.920,-1,-1,-1
326,66,1572.17,429.32,118.92,271.67,0.873,-1,-1,-1
326,73,1352.03,373.81,98.86,343.59,0.876,-1,-1,-1
326,80,1174.93,406.77,91.50,315.59,0.888,-1,-1,-1
326,82,1429.77,388.91,66.95,316.36,0.572,-1,-1,-1
327,5,1258.06,385.18,121.67,350.47,0.880,-1,-1,-1
327,36,1679.15,529.03,93.24,199.18,0.890,-1,-1,-1
327,43,1882.37,436.35,37.97,176.14,0.774,-1,-1,-1
327,49,1690.32,398.72,110.29,220.65,0.861,-1,-1,-1
327,58,1450.75,373.99,157.58,374.49,0.911,-1,-1,-1
327,66,1572.41,427.59,118.21,273.69,0.874,-1,-1,-1
327,73,1355.02,376.01,98.70,340.99,0.848,-1,-1,-1
327,80,1173.00,405.46,93.39,318.01,0.885,-1,-1,-1
327,82,1437.63,380.91,67.10,316.47,0.524,-1,-1,-1
328,5,1261.91,386.71,119.82,348.16,0.877,-1,-1,-1
328,36,1677.27,528.42,95.19,199.99,0.878,-1,-1,-1
328,43,1883.57,436.07,37.44,175.09,0.760,-1,-1,-1
328,49,1686.68,398.75,120.31,244.19,0.868,-1,-1,-1
328,58,1450.43,374.72,157.84,373.24,0.908,-1,-1,-1
328,66,1572.55,422.40,118.71,278.94,0.868,-1,-1,-1
328,73,1356.34,376.94,98.46,339.41,0.850,-1,-1,-1
328,80,1171.03,403.76,95.58,320.76,0.901,-1,-1,-1
329,5,1268.24,388.30,118.88,347.58,0.884,-1,-1,-1
329,36,1673.33,528.57,96.49,200.11,0.859,-1,-1,-1
329,43,1884.77,436.04,36.90,174.27,0.748,-1,-1,-1
329,49,1686.93,399.71,123.32,254.41,0.881,-1,-1,-1
329,58,1450.75,376.44,157.48,371.79,0.894,-1,-1,-1
329,66,1574.24,419.31,118.24,282.21,0.856,-1,-1,-1
329,73,1356.72,379.26,97.43,336.17,0.812,-1,-1,-1
329,80,1169.14,401.10,98.09,323.99,0.908,-1,-1,-1
329,83,124.15,533.02,74.05,210.81,0.512,-1,-1,-1
330,5,1274.15,388.28,118.63,347.37,0.869,-1,-1,-1
330,36,1671.34,528.55,97.20,200.19,0.836,-1,-1,-1
330,43,1886.05,436.30,36.42,174.28,0.737,-1,-1,-1
330,49,1688.76,401.03,124.09,258.20,0.885,-1,-1,-1
330,58,1450.77,375.80,157.74,372.37,0.903,-1,-1,-1
330,66,1577.29,416.19,117.57,285.55,0.825,-1,-1,-1
330,73,1357.92,378.36,96.70,334.71,0.813,-1,-1,-1
330,80,1168.18,399.54,100.35,325.54,0.897,-1,-1,-1
330,83,123.97,532.70,74.30,211.54,0.605,-1,-1,-1
331,5,1279.45,387.74,119.15,348.41,0.895,-1,-1,-1
331,36,1671.45,528.93,96.84,199.78,0.860,-1,-1,-1
331,43,1886.91,436.76,35.89,173.84,0.719,-1,-1,-1
331,49,1689.90,402.30,123.32,258.27,0.888,-1,-1,-1
331,58,1451.52,377.19,156.98,370.57,0.900,-1,-1,-1
331,66,1581.98,413.73,115.97,287.68,0.803,-1,-1,-1
331,73,1359.52,378.44,95.90,331.99,0.819,-1,-1,-1
331,80,1166.78,398.16,102.52,326.31,0.902,-1,-1,-1
331,83,123.70,531.57,74.59,212.41,0.681,-1,-1,-1
332,5,1286.52,388.58,119.45,347.01,0.886,-1,-1,-1
332,36,1673.01,528.51,96.21,201.37,0.849,-1,-1,-1
332,43,1887.94,439.25,35.04,171.31,0.574,-1,-1,-1
332,49,1694.50,404.41,121.00,256.33,0.887,-1,-1,-1
332,58,1450.63,376.10,156.64,371.09,0.907,-1,-1,-1
332,66,1588.42,412.25,114.13,289.69,0.790,-1,-1,-1
332,73,1362.25,378.73,95.17,330.82,0.836,-1,-1,-1
332,80,1165.17,397.35,104.64,327.69,0.889,-1,-1,-1
332,83,123.15,530.66,75.12,214.16,0.789,-1,-1,-1
333,5,1292.22,391.14,119.58,344.24,0.884,-1,-1,-1
333,36,1673.88,529.00,95.06,201.10,0.780,-1,-1,-1
333,43,1888.76,440.86,34.32,169.33,0.556,-1,-1,-1
333,49,1698.43,406.44,118.37,253.99,0.878,-1,-1,-1
333,58,1450.12,376.67,155.44,369.75,0.908,-1,-1,-1
333,66,1597.15,411.64,112.36,290.07,0.806,-1,-1,-1
333,73,1365.05,378.68,94.04,329.03,0.834,-1,-1,-1
333,80,1162.73,395.68,107.26,330.56,0.918,-1,-1,-1
333,83,123.01,529.61,75.36,215.20,0.788,-1,-1,-1
334,5,1297.92,393.41,119.53,341.36,0.889,-1,-1,-1
334,36,1674.97,529.28,93.89,201.34,0.825,-1,-1,-1
334,49,1702.54,408.14,115.63,252.10,0.884,-1,-1,-1
334,58,1449.17,377.75,153.72,367.56,0.896,-1,-1,-1
334,66,1600.82,410.60,110.68,290.77,0.752,-1,-1,-1
334,73,1368.65,378.18,93.10,329.33,0.822,-1,-1,-1
334,80,1159.88,394.84,109.75,333.41,0.917,-1,-1,-1
334,83,123.09,528.60,75.70,216.44,0.761,-1,-1,-1
335,5,1301.20,395.40,119.35,338.84,0.893,-1,-1,-1
335,36,1676.16,529.36,92.72,201.66,0.828,-1,-1,-1
335,49,1707.69,407.67,113.58,252.63,0.876,-1,-1,-1
335,58,1447.69,379.35,151.22,363.10,0.890,-1,-1,-1
335,66,1606.58,409.95,109.33,290.94,0.761,-1,-1,-1
335,73,1370.82,377.72,92.32,329.86,0.823,-1,-1,-1
335,80,1157.68,394.71,111.77,335.02,0.919,-1,-1,-1
335,83,122.85,528.26,75.76,216.97,0.746,-1,-1,-1
335,84,1567.66,420.77,70.45,260.71,0.659,-1,-1,-1
336,5,1303.43,396.12,119.16,337.38,0.891,-1,-1,-1
336,36,1677.33,529.61,91.52,201.71,0.832,-1,-1,-1
336,49,1710.28,407.05,111.88,252.83,0.881,-1,-1,-1
336,58,1446.77,380.34,148.53,357.94,0.890,-1,-1,-1
336,66,1609.17,409.74,107.56,291.11,0.768,-1,-1,-1
336,73,1373.10,377.46,91.49,330.20,0.793,-1,-1,-1
336,80,1156.25,394.91,113.55,335.93,0.921,-1,-1,-1
336,84,1569.33,419.67,70.58,261.82,0.686,-1,-1,-1
337,5,1306.39,393.31,119.43,339.61,0.896,-1,-1,-1
337,36,1678.59,528.02,90.72,202.97,0.851,-1,-1,-1
337,49,1716.74,406.38,111.12,253.01,0.895,-1,-1,-1
337,58,1446.43,380.25,146.71,354.41,0.897,-1,-1,-1
337,66,1610.15,409.70,105.66,291.82,0.741,-1,-1,-1
337,73,1377.27,378.25,89.81,329.08,0.819,-1,-1,-1
337,80,1154.54,395.28,115.49,336.82,0.925,-1,-1,-1
337,84,1575.84,418.38,71.10,263.72,0.605,-1,-1,-1
338,5,1309.97,392.92,119.03,339.86,0.905,-1,-1,-1
338,36,1680.14,527.65,89.81,203.59,0.848,-1,-1,-1
338,49,1722.86,404.95,111.27,254.00,0.901,-1,-1,-1
338,58,1445.90,380.67,145.71,351.69,0.916,-1,-1,-1
338,66,1612.58,409.78,103.85,292.68,0.760,-1,-1,-1
338,73,1380.76,379.73,87.90,327.67,0.834,-1,-1,-1
338,80,1153.25,395.77,117.48,338.46,0.922,-1,-1,-1
338,84,1577.86,417.27,70.52,261.86,0.703,-1,-1,-1
339,5,1315.72,392.47,118.29,337.95,0.881,-1,-1,-1
339,36,1681.16,527.91,88.88,203.22,0.844,-1,-1,-1
339,49,1730.50,403.45,112.34,255.21,0.877,-1,-1,-1
339,58,1445.90,384.35,144.31,346.98,0.906,-1,-1,-1
339,66,1618.41,410.44,102.49,291.51,0.781,-1,-1,-1
339,73,1384.68,381.50,85.72,325.72,0.803,-1,-1,-1
339,80,1152.02,395.73,119.75,339.98,0.925,-1,-1,-1
339,84,1581.39,416.20,69.72,259.09,0.805,-1,-1,-1
340,5,1321.54,391.97,117.97,336.46,0.894,-1,-1,-1
340,36,1682.06,528.23,88.19,203.19,0.824,-1,-1,-1
340,49,1736.31,402.21,113.03,255.86,0.883,-1,-1,-1
340,58,1445.96,386.86,143.62,344.02,0.910,-1,-1,-1
340,66,1620.33,410.10,101.32,290.51,0.610,-1,-1,-1
340,73,1387.45,383.02,83.87,324.55,0.782,-1,-1,-1
340,80,1150.57,394.84,121.96,341.69,0.917,-1,-1,-1
340,84,1584.42,416.35,71.01,264.58,0.809,-1,-1,-1
341,5,1326.21,391.60,118.04,335.82,0.901,-1,-1,-1
341,36,1681.60,527.98,87.27,203.22,0.852,-1,-1,-1
341,49,1740.15,402.47,113.64,255.48,0.889,-1,-1,-1
341,58,1446.40,388.93,143.22,341.76,0.911,-1,-1,-1
341,66,1625.58,409.79,101.43,291.02,0.706,-1,-1,-1
341,73,1388.82,384.77,82.76,325.01,0.707,-1,-1,-1
341,80,1149.16,393.92,124.09,343.29,0.912,-1,-1,-1
341,84,1587.84,417.13,71.05,265.56,0.823,-1,-1,-1
342,5,1331.13,390.85,118.14,335.35,0.898,-1,-1,-1
342,36,1680.89,527.10,86.73,204.00,0.841,-1,-1,-1
342,49,1742.37,402.64,114.06,255.09,0.892,-1,-1,-1
342,58,1447.96,392.15,142.62,338.63,0.903,-1,-1,-1
342,66,1629.68,409.78,101.86,291.22,0.733,-1,-1,-1
342,73,1391.39,386.54,80.54,321.66,0.720,-1,-1,-1
342,80,1147.98,391.41,126.24,345.63,0.908,-1,-1,-1
342,84,1593.16,419.54,69.42,259.23,0.824,-1,-1,-1
342,85,1500.53,379.25,78.66,92.48,0.722,-1,-1,-1
343,5,1335.24,391.31,117.81,333.75,0.878,-1,-1,-1
343,36,1680.67,526.94,86.07,204.39,0.847,-1,-1,-1
343,49,1744.30,404.13,113.69,253.65,0.883,-1,-1,-1
343,58,1449.70,394.76,142.30,336.51,0.895,-1,-1,-1
343,66,1634.05,409.39,103.35,293.07,0.701,-1,-1,-1
343,73,1393.86,387.65,78.82,319.46,0.639,-1,-1,-1
343,80,1146.62,388.89,128.32,348.77,0.911,-1,-1,-1
343,84,1596.38,420.83,68.64,255.70,0.824,-1,-1,-1
343,85,1500.68,379.22,80.90,95.34,0.714,-1,-1,-1
344,5,1338.06,391.93,117.60,333.72,0.878,-1,-1,-1
344,36,1681.45,526.79,85.11,204.32,0.855,-1,-1,-1
344,49,1745.62,405.64,112.45,250.33,0.882,-1,-1,-1
344,58,1451.77,396.49,141.90,334.41,0.885,-1,-1,-1
344,66,1637.08,409.11,104.57,294.22,0.774,-1,-1,-1
344,73,1395.90,388.27,77.39,318.29,0.630,-1,-1,-1
344,80,1145.86,387.02,129.63,350.04,0.910,-1,-1,-1
344,84,1599.03,423.07,68.71,254.55,0.822,-1,-1,-1
344,85,1502.51,379.48,81.11,95.83,0.650,-1,-1,-1
345,5,1342.79,392.78,117.34,333.08,0.876,-1,-1,-1
345,36,1682.37,527.23,84.21,204.16,0.854,-1,-1,-1
345,49,1749.69,407.93,111.04,248.82,0.860,-1,-1,-1
345,58,1454.54,398.79,141.02,331.12,0.885,-1,-1,-1
345,66,1646.36,408.06,104.80,295.49,-1.000,-1,-1,-1
345,80,1144.40,384.69,131.30,353.45,0.904,-1,-1,-1
345,84,1601.45,425.66,69.34,254.34,0.816,-1,-1,-1
345,86,124.50,527.29,76.98,216.95,0.637,-1,-1,-1
346,5,1346.69,391.53,117.55,333.61,0.894,-1,-1,-1
346,36,1679.98,527.18,84.24,204.36,0.781,-1,-1,-1
346,49,1751.77,409.60,109.63,247.85,0.847,-1,-1,-1
346,58,1456.53,399.54,140.78,329.68,0.886,-1,-1,-1
346,66,1655.65,407.00,105.02,296.76,0.682,-1,-1,-1
346,80,1143.48,383.92,132.54,356.37,0.898,-1,-1,-1
346,84,1604.52,425.85,73.17,264.95,0.819,-1,-1,-1
346,86,123.93,526.36,77.44,218.42,0.610,-1,-1,-1
347,5,1350.99,389.97,117.86,335.47,0.892,-1,-1,-1
347,36,1676.85,527.05,84.69,204.81,0.859,-1,-1,-1
347,49,1754.04,410.53,108.42,247.66,0.840,-1,-1,-1
347,58,1459.14,399.42,140.42,328.03,0.895,-1,-1,-1
347,66,1668.37,405.53,104.85,299.35,0.768,-1,-1,-1
347,80,1142.73,384.54,132.95,357.76,0.918,-1,-1,-1
347,84,1608.59,425.41,72.53,257.64,0.829,-1,-1,-1
347,86,123.83,525.91,77.61,219.12,0.678,-1,-1,-1
348,5,1356.62,396.32,115.15,328.49,0.889,-1,-1,-1
348,36,1677.68,527.39,84.31,204.33,0.844,-1,-1,-1
348,49,1756.03,409.76,107.69,248.08,0.840,-1,-1,-1
348,58,1462.15,399.53,140.09,326.30,0.897,-1,-1,-1
348,66,1676.11,404.18,104.15,300.14,0.764,-1,-1,-1
348,80,1141.88,385.61,133.15,358.73,0.913,-1,-1,-1
348,84,1611.82,424.24,72.79,253.70,0.823,-1,-1,-1
348,86,123.87,528.44,76.87,217.13,0.538,-1,-1,-1
349,5,1362.08,401.49,112.55,321.00,0.888,-1,-1,-1
349,36,1678.04,527.76,83.91,203.96,0.857,-1,-1,-1
349,49,1759.14,410.19,104.99,243.80,0.829,-1,-1,-1
349,58,1465.85,399.21,139.40,323.22,0.898,-1,-1,-1
349,66,1681.61,403.03,103.73,301.32,0.752,-1,-1,-1
349,80,1140.67,386.18,133.41,360.09,0.903,-1,-1,-1
349,84,1615.28,423.67,73.06,249.96,0.811,-1,-1,-1
349,86,123.73,530.05,76.27,215.56,0.552,-1,-1,-1
349,87,1527.10,387.07,84.02,293.73,0.615,-1,-1,-1
350,5,1366.93,404.97,110.83,316.71,0.885,-1,-1,-1
350,36,1678.08,529.57,83.23,202.25,0.872,-1,-1,-1
350,49,1762.20,408.98,103.57,242.94,0.864,-1,-1,-1
350,58,1468.62,397.08,140.03,322.92,0.897,-1,-1,-1
350,66,1685.56,401.51,103.28,303.00,0.763,-1,-1,-1
350,80,1138.25,386.56,133.71,361.82,0.882,-1,-1,-1
350,84,1619.17,423.37,73.63,247.70,0.840,-1,-1,-1
350,86,123.54,529.91,76.32,216.05,0.706,-1,-1,-1
350,87,1532.59,388.22,83.82,293.34,0.688,-1,-1,-1
351,5,1371.35,407.18,109.37,313.53,0.868,-1,-1,-1
351,36,1677.59,530.55,83.07,201.16,0.840,-1,-1,-1
351,49,1764.48,408.40,102.12,242.19,0.866,-1,-1,-1
351,58,1471.15,396.70,140.27,322.17,0.889,-1,-1,-1
351,66,1688.15,400.53,103.06,305.58,0.726,-1,-1,-1
351,80,1136.12,386.31,134.19,364.45,0.867,-1,-1,-1
351,84,1623.16,423.44,74.51,246.90,0.844,-1,-1,-1
351,86,123.33,529.77,76.23,216.19,0.774,-1,-1,-1
351,87,1537.52,388.36,83.48,292.42,0.675,-1,-1,-1
352,5,1376.69,408.51,107.46,309.33,0.868,-1,-1,-1
352,36,1677.55,531.40,82.84,199.80,0.794,-1,-1,-1
352,49,1766.71,407.74,101.08,242.21,0.841,-1,-1,-1
352,58,1471.91,395.85,140.25,322.55,0.899,-1,-1,-1
352,66,1694.28,400.47,103.18,308.04,0.780,-1,-1,-1
352,80,1130.48,385.20,135.36,367.40,0.848,-1,-1,-1
352,84,1628.67,423.65,75.04,245.37,0.842,-1,-1,-1
352,86,123.06,531.06,75.71,215.00,0.682,-1,-1,-1
352,87,1543.53,387.78,85.00,298.43,0.799,-1,-1,-1
353,5,1381.83,408.89,105.45,304.69,0.883,-1,-1,-1
353,36,1677.40,531.60,82.99,199.53,0.767,-1,-1,-1
353,49,1769.08,408.04,99.53,241.76,0.846,-1,-1,-1
353,58,1473.96,396.16,139.92,322.15,0.894,-1,-1,-1
353,66,1701.61,399.55,104.38,310.85,0.845,-1,-1,-1
353,80,1125.15,383.48,136.46,369.99,0.879,-1,-1,-1
353,84,1632.24,424.55,75.90,243.84,0.832,-1,-1,-1
353,86,122.50,528.58,76.41,217.60,0.751,-1,-1,-1
353,87,1547.39,387.08,85.12,299.64,0.780,-1,-1,-1
354,5,1385.92,408.00,104.41,302.80,0.866,-1,-1,-1
354,36,1676.92,531.91,83.00,199.19,0.733,-1,-1,-1
354,49,1771.74,408.94,97.85,241.02,0.804,-1,-1,-1
354,58,1475.54,397.51,139.05,320.88,0.889,-1,-1,-1
354,66,1708.06,400.10,105.52,311.61,0.870,-1,-1,-1
354,80,1121.27,381.03,137.65,372.93,0.897,-1,-1,-1
354,84,1636.32,424.63,77.21,244.07,0.825,-1,-1,-1
354,86,121.67,527.20,76.71,219.23,0.781,-1,-1,-1
354,87,1550.74,386.88,84.83,299.23,0.784,-1,-1,-1
354,88,14.75,501.34,98.31,248.72,0.699,-1,-1,-1
355,5,1390.22,407.90,103.86,301.79,0.858,-1,-1,-1
355,36,1677.14,531.70,83.24,199.87,0.652,-1,-1,-1
355,49,1775.74,409.63,96.32,240.40,0.804,-1,-1,-1
355,58,1478.63,399.51,137.74,318.90,0.876,-1,-1,-1
355,66,1713.82,400.37,106.60,312.36,0.834,-1,-1,-1
355,80,1117.94,377.67,138.80,375.86,0.897,-1,-1,-1
355,84,1640.40,426.41,77.78,242.26,0.797,-1,-1,-1
355,86,121.17,526.39,76.69,219.85,0.750,-1,-1,-1
355,87,1556.38,386.32,84.19,296.94,0.745,-1,-1,-1
355,88,14.66,501.30,98.41,249.02,0.680,-1,-1,-1
356,5,1392.71,408.10,103.61,301.57,0.863,-1,-1,-1
356,36,1681.88,532.22,82.44,199.80,0.768,-1,-1,-1
356,49,1779.33,411.41,93.76,238.05,0.837,-1,-1,-1
356,58,1481.64,401.70,136.61,316.73,0.896,-1,-1,-1
356,66,1716.90,400.29,107.79,314.18,0.843,-1,-1,-1
356,80,1115.48,375.51,139.58,377.68,0.898,-1,-1,-1
356,84,1643.24,427.54,78.54,241.04,0.801,-1,-1,-1
356,86,120.82,525.79,76.56,220.30,0.737,-1,-1,-1
356,87,1561.09,385.80,84.53,297.76,0.793,-1,-1,-1
356,88,15.20,502.27,98.08,248.27,0.508,-1,-1,-1
357,5,1396.49,408.54,103.20,301.62,0.875,-1,-1,-1
357,36,1683.36,531.87,82.95,200.98,0.759,-1,-1,-1
357,49,1784.19,412.65,90.89,234.63,0.806,-1,-1,-1
357,58,1486.94,403.62,135.36,314.35,0.882,-1,-1,-1
357,66,1719.62,399.38,108.66,316.82,0.829,-1,-1,-1
357,80,1112.32,374.32,140.46,379.07,0.900,-1,-1,-1
357,84,1647.42,429.04,79.48,240.13,0.837,-1,-1,-1
357,86,120.30,525.39,76.41,220.85,0.732,-1,-1,-1
357,87,1566.42,385.47,84.79,297.91,0.804,-1,-1,-1
358,5,1400.78,409.30,102.44,300.13,0.811,-1,-1,-1
358,36,1686.35,532.80,83.19,201.98,0.825,-1,-1,-1
358,49,1786.34,413.56,89.17,234.03,0.812,-1,-1,-1
358,58,1490.40,404.81,134.32,312.42,0.871,-1,-1,-1
358,66,1722.32,398.06,109.45,319.22,0.825,-1,-1,-1
358,80,1109.97,373.50,141.50,380.77,0.903,-1,-1,-1
358,84,1650.68,430.01,80.02,238.35,0.836,-1,-1,-1
358,86,119.83,525.01,76.16,221.32,0.772,-1,-1,-1
358,87,1570.15,385.85,85.37,298.98,0.771,-1,-1,-1
358,89,1391.63,394.94,58.72,300.05,0.729,-1,-1,-1
359,5,1404.44,410.31,101.76,298.75,0.824,-1,-1,-1
359,36,1688.40,533.58,83.01,202.15,0.825,-1,-1,-1
359,49,1788.61,414.56,87.03,232.03,0.795,-1,-1,-1
359,58,1494.30,405.57,133.30,310.83,0.886,-1,-1,-1
359,66,1723.78,396.77,109.81,320.93,0.839,-1,-1,-1
359,80,1107.07,372.68,143.06,383.69,0.907,-1,-1,-1
359,84,1653.13,429.95,80.88,237.54,0.836,-1,-1,-1
359,86,119.94,524.98,75.88,221.46,0.786,-1,-1,-1
359,87,1574.62,386.49,85.67,298.42,0.799,-1,-1,-1
359,89,1392.91,395.23,58.80,299.79,0.647,-1,-1,-1
360,5,1413.16,411.61,100.70,293.54,0.581,-1,-1,-1
360,36,1692.22,533.41,82.93,202.59,0.843,-1,-1,-1
360,49,1793.35,415.09,85.31,231.11,0.707,-1,-1,-1
360,58,1499.46,406.12,132.00,308.69,0.890,-1,-1,-1
360,66,1726.24,396.28,109.34,321.53,0.823,-1,-1,-1
360,80,1104.91,372.55,144.54,386.35,0.908,-1,-1,-1
360,84,1656.79,431.50,81.31,235.78,0.828,-1,-1,-1
360,86,119.27,525.28,75.30,221.07,0.817,-1,-1,-1
360,87,1580.14,387.60,85.71,296.37,0.783,-1,-1,-1
360,89,1400.50,394.74,59.81,304.17,-1.000,-1,-1,-1
361,5,1421.47,412.60,100.23,288.74,0.775,-1,-1,-1
361,36,1697.14,532.13,83.25,204.21,0.836,-1,-1,-1
361,49,1798.95,414.76,83.76,230.62,0.703,-1,-1,-1
361,58,1504.50,406.62,129.52,304.01,0.894,-1,-1,-1
361,66,1728.05,395.31,108.98,322.60,0.840,-1,-1,-1
361,80,1103.21,372.61,145.89,388.52,0.909,-1,-1,-1
361,84,1660.01,431.49,82.11,235.21,0.844,-1,-1,-1
361,86,119.21,525.56,74.81,220.90,0.824,-1,-1,-1
361,87,1584.77,389.50,84.96,291.17,0.795,-1,-1,-1
361,89,1408.08,394.25,60.82,308.56,0.645,-1,-1,-1
362,5,1427.92,413.57,101.56,290.10,0.863,-1,-1,-1
362,36,1703.86,529.81,83.74,206.47,0.788,-1,-1,-1
362,49,1805.21,414.79,82.46,229.71,0.732,-1,-1,-1
362,58,1509.47,405.83,128.28,302.60,0.883,-1,-1,-1
362,66,1731.20,394.36,108.81,323.10,0.767,-1,-1,-1
362,80,1102.14,373.68,147.21,390.58,0.910,-1,-1,-1
362,84,1663.32,430.12,83.01,235.75,0.850,-1,-1,-1
362,86,119.31,526.24,74.14,219.83,0.783,-1,-1,-1
362,87,1589.35,391.81,84.41,286.46,0.792,-1,-1,-1
362,89,1414.84,392.98,61.93,312.61,0.635,-1,-1,-1
363,5,1431.90,413.34,102.51,291.56,0.867,-1,-1,-1
363,36,1709.41,527.71,84.14,209.04,0.623,-1,-1,-1
363,49,1810.85,414.46,81.79,229.78,0.799,-1,-1,-1
363,58,1514.00,405.24,127.60,302.28,0.879,-1,-1,-1
363,66,1737.01,393.26,108.64,323.13,0.808,-1,-1,-1
363,80,1100.91,374.52,148.98,393.39,0.910,-1,-1,-1
363,84,1666.68,428.94,83.07,234.99,0.818,-1,-1,-1
363,86,119.71,526.37,73.77,219.61,0.811,-1,-1,-1
363,87,1593.30,392.91,84.65,284.80,0.779,-1,-1,-1
363,89,1417.87,392.90,61.85,310.94,0.577,-1,-1,-1
363,90,-90.10,301.48,355.50,664.87,0.843,-1,-1,-1
364,5,1434.57,413.55,102.61,291.66,0.869,-1,-1,-1
364,36,1715.86,525.66,83.90,211.26,0.809,-1,-1,-1
364,49,1816.88,413.20,81.55,230.51,0.762,-1,-1,-1
364,58,1518.81,404.40,127.05,302.38,0.878,-1,-1,-1
364,66,1741.95,391.84,109.25,325.04,0.838,-1,-1,-1
364,80,1099.49,374.59,150.65,395.54,0.915,-1,-1,-1
364,84,1669.02,427.35,83.30,234.75,0.829,-1,-1,-1
364,86,120.54,525.83,73.85,220.21,0.762,-1,-1,-1
364,87,1597.43,393.22,83.06,276.87,0.755,-1,-1,-1
364,90,-98.58,247.05,375.85,707.97,0.636,-1,-1,-1
365,5,1437.57,413.10,101.96,289.84,0.832,-1,-1,-1
365,36,1724.06,522.80,85.05,214.20,0.860,-1,-1,-1
365,49,1822.93,411.31,81.62,231.93,0.722,-1,-1,-1
365,58,1524.98,405.18,125.87,301.14,0.888,-1,-1,-1
365,66,1749.27,390.00,110.47,326.18,0.864,-1,-1,-1
365,80,1097.97,373.47,152.32,397.62,0.916,-1,-1,-1
365,84,1671.70,426.69,83.90,234.50,0.804,-1,-1,-1
365,86,120.68,526.18,72.16,215.46,0.647,-1,-1,-1
365,87,1600.40,392.78,82.14,271.79,0.806,-1,-1,-1
365,90,-100.92,224.53,384.42,735.48,0.859,-1,-1,-1
366,5,1442.20,412.18,101.08,288.29,0.860,-1,-1,-1
366,36,1731.68,521.82,86.57,215.07,0.871,-1,-1,-1
366,49,1829.25,411.56,76.10,215.38,-1.000,-1,-1,-1
366,58,1531.12,406.07,124.88,300.58,0.904,-1,-1,-1
366,66,1756.33,389.42,112.41,327.25,0.852,-1,-1,-1
366,80,1096.47,371.59,154.03,399.87,0.905,-1,-1,-1
366,84,1675.86,426.79,84.37,234.11,0.808,-1,-1,-1
366,87,1602.67,392.47,83.59,275.54,0.752,-1,-1,-1
366,90,-101.70,212.75,385.32,751.95,0.882,-1,-1,-1
367,5,1446.76,410.66,100.97,288.44,0.884,-1,-1,-1
367,36,1739.90,522.33,89.16,214.74,0.892,-1,-1,-1
367,49,1835.58,411.82,70.58,198.84,0.584,-1,-1,-1
367,58,1538.16,408.11,124.01,298.00,0.915,-1,-1,-1
367,66,1764.98,388.49,115.95,329.51,0.867,-1,-1,-1
367,80,1095.26,367.91,156.10,403.87,0.902,-1,-1,-1
367,84,1680.67,427.23,85.07,233.55,0.777,-1,-1,-1
367,87,1605.66,392.36,82.70,271.17,0.560,-1,-1,-1
367,90,-98.61,212.30,379.03,757.64,0.909,-1,-1,-1
368,5,1451.72,409.31,101.10,288.85,0.882,-1,-1,-1
368,36,1744.81,523.03,91.90,214.66,0.876,-1,-1,-1
368,58,1544.58,410.00,123.39,295.17,0.902,-1,-1,-1
368,66,1771.47,387.75,118.99,330.86,0.849,-1,-1,-1
368,80,1094.02,364.77,157.72,407.22,0.909,-1,-1,-1
368,84,1684.04,427.58,85.61,232.62,0.792,-1,-1,-1
368,87,1609.91,391.16,82.07,268.44,0.675,-1,-1,-1
368,90,-90.76,210.57,370.58,759.30,0.886,-1,-1,-1
369,5,1455.87,408.91,101.14,288.70,0.880,-1,-1,-1
369,36,1748.96,523.43,94.67,214.64,0.875,-1,-1,-1
369,58,1548.84,410.86,122.95,294.29,0.901,-1,-1,-1
369,66,1778.30,387.50,121.97,331.11,0.882,-1,-1,-1
369,80,1092.10,362.04,158.89,409.92,0.911,-1,-1,-1
369,84,1687.39,428.54,86.26,231.38,0.815,-1,-1,-1
369,87,1613.28,389.18,82.18,268.80,0.683,-1,-1,-1
369,90,-69.55,213.39,360.53,756.29,0.873,-1,-1,-1
370,5,1461.19,409.41,101.51,288.04,0.881,-1,-1,-1
370,36,1753.73,524.47,96.86,214.70,0.871,-1,-1,-1
370,58,1553.54,411.30,122.53,293.48,0.888,-1,-1,-1
370,66,1783.04,387.08,124.89,333.32,0.883,-1,-1,-1
370,80,1089.76,359.61,160.09,413.46,0.908,-1,-1,-1
370,84,1691.51,430.57,86.69,229.44,0.816,-1,-1,-1
370,87,1616.61,387.59,82.06,269.13,0.800,-1,-1,-1
370,90,-22.90,218.36,353.33,749.62,0.864,-1,-1,-1
370,91,1435.81,397.26,63.13,288.18,0.726,-1,-1,-1
371,5,1465.42,410.23,101.74,286.94,0.872,-1,-1,-1
371,36,1759.27,524.72,98.01,214.86,0.875,-1,-1,-1
371,58,1556.93,410.93,122.52,293.76,0.885,-1,-1,-1
371,66,1786.76,387.75,126.70,334.51,0.888,-1,-1,-1
371,80,1086.68,358.06,161.41,417.38,0.903,-1,-1,-1
371,84,1694.29,432.63,87.20,228.37,0.771,-1,-1,-1
371,87,1617.24,387.28,84.84,281.00,0.789,-1,-1,-1
371,90,18.02,228.01,348.62,741.50,0.903,-1,-1,-1
371,91,1440.27,398.60,62.95,286.98,0.694,-1,-1,-1
372,5,1470.74,412.50,101.63,284.51,0.873,-1,-1,-1
372,36,1768.97,524.13,97.53,215.23,0.852,-1,-1,-1
372,58,1562.70,410.35,121.52,292.03,0.869,-1,-1,-1
372,66,1789.29,388.80,127.82,335.23,0.864,-1,-1,-1
372,80,1082.65,358.58,161.94,419.39,0.914,-1,-1,-1
372,84,1695.17,433.92,86.68,226.40,0.654,-1,-1,-1
372,87,1621.58,387.73,85.08,283.14,0.716,-1,-1,-1
372,90,52.11,236.35,347.38,732.49,0.900,-1,-1,-1
372,91,1444.73,400.14,62.83,286.19,0.729,-1,-1,-1
373,5,1474.64,414.63,101.61,282.16,0.874,-1,-1,-1
373,36,1780.29,523.75,96.96,215.83,0.847,-1,-1,-1
373,58,1569.73,409.74,120.20,290.29,0.881,-1,-1,-1
373,66,1790.99,388.26,128.76,336.57,0.864,-1,-1,-1
373,80,1078.58,358.79,162.56,421.50,0.917,-1,-1,-1
373,84,1697.70,434.82,86.53,224.58,0.721,-1,-1,-1
373,87,1627.69,388.30,84.98,283.53,0.758,-1,-1,-1
373,90,72.84,245.45,346.75,721.20,0.899,-1,-1,-1
373,91,1448.19,401.27,62.48,284.34,0.747,-1,-1,-1
373,92,1760.37,448.72,45.69,191.08,0.734,-1,-1,-1
374,5,1477.30,416.41,101.54,279.34,0.859,-1,-1,-1
374,36,1790.86,522.85,97.17,217.41,0.810,-1,-1,-1
374,58,1575.38,408.88,119.26,289.97,0.888,-1,-1,-1
374,66,1794.00,387.71,129.34,339.01,0.854,-1,-1,-1
374,80,1074.67,359.51,163.20,423.44,0.921,-1,-1,-1
374,84,1699.63,434.73,86.76,224.05,0.741,-1,-1,-1
374,87,1633.63,389.21,84.66,282.01,0.738,-1,-1,-1
374,90,86.11,257.38,344.26,703.27,0.908,-1,-1,-1
374,91,1450.69,401.46,62.37,283.48,0.773,-1,-1,-1
374,92,1764.27,449.13,45.80,190.78,0.800,-1,-1,-1
375,5,1481.83,417.82,101.59,276.93,0.879,-1,-1,-1
375,36,1806.35,524.36,96.91,217.97,0.852,-1,-1,-1
375,58,1580.69,407.47,118.91,290.28,0.879,-1,-1,-1
375,66,1797.03,385.44,129.77,341.84,0.721,-1,-1,-1
375,80,1071.01,360.83,162.91,423.74,0.922,-1,-1,-1
375,84,1702.77,433.45,87.50,224.30,0.782,-1,-1,-1
375,87,1640.15,393.16,83.74,277.81,0.744,-1,-1,-1
375,90,96.83,263.14,345.99,695.24,0.925,-1,-1,-1
375,91,1453.32,400.48,62.20,282.57,0.750,-1,-1,-1
375,92,1769.46,449.54,45.81,189.54,0.793,-1,-1,-1
376,5,1485.75,418.48,102.35,275.76,0.882,-1,-1,-1
376,36,1815.65,524.76,97.71,218.13,0.856,-1,-1,-1
376,58,1585.39,406.34,118.77,290.75,0.891,-1,-1,-1
376,66,1799.83,383.70,129.80,344.09,0.678,-1,-1,-1
376,80,1066.73,360.29,163.49,426.42,0.900,-1,-1,-1
376,84,1705.50,432.47,87.64,223.63,0.770,-1,-1,-1
376,87,1647.16,394.76,83.57,276.30,0.736,-1,-1,-1
376,90,107.20,266.51,346.61,688.56,0.921,-1,-1,-1
376,91,1455.96,400.36,61.11,277.35,0.716,-1,-1,-1
376,92,1773.69,450.15,46.02,188.83,0.790,-1,-1,-1
377,5,1489.86,418.73,102.64,274.01,0.885,-1,-1,-1
377,36,1820.78,525.55,98.53,219.37,0.898,-1,-1,-1
377,58,1590.20,406.05,118.59,291.00,0.887,-1,-1,-1
377,66,1804.35,381.53,127.03,338.20,0.510,-1,-1,-1
377,80,1059.30,358.24,164.99,431.88,0.897,-1,-1,-1
377,84,1709.00,431.18,88.21,224.68,0.737,-1,-1,-1
377,87,1652.36,394.92,83.30,275.77,0.835,-1,-1,-1
377,90,129.84,268.99,341.97,678.33,0.920,-1,-1,-1
377,91,1458.84,400.29,58.32,264.25,0.690,-1,-1,-1
377,92,1778.43,450.20,46.53,189.14,0.771,-1,-1,-1
378,5,1492.85,418.51,102.22,270.47,0.891,-1,-1,-1
378,36,1824.13,525.77,98.62,219.77,0.891,-1,-1,-1
378,58,1594.89,406.71,118.24,290.35,0.873,-1,-1,-1
378,66,1817.48,379.78,105.66,278.27,0.646,-1,-1,-1
378,80,1053.45,355.63,166.11,436.26,0.891,-1,-1,-1
378,84,1712.49,430.72,88.10,223.81,0.669,-1,-1,-1
378,87,1656.96,396.20,82.43,273.31,0.809,-1,-1,-1
378,90,153.65,269.83,333.08,664.33,0.913,-1,-1,-1
378,91,1461.46,399.34,58.06,262.96,0.696,-1,-1,-1
378,92,1781.62,451.88,46.58,187.65,0.759,-1,-1,-1
378,93,122.09,527.72,68.38,218.25,0.586,-1,-1,-1
379,5,1493.40,418.01,101.96,269.14,0.889,-1,-1,-1
379,36,1826.84,526.07,98.37,220.04,0.874,-1,-1,-1
379,58,1599.05,407.17,118.07,289.65,0.887,-1,-1,-1
379,66,1825.35,378.37,94.02,246.01,0.665,-1,-1,-1
379,80,1048.14,353.19,166.86,439.79,0.915,-1,-1,-1
379,84,1715.98,429.93,88.26,223.40,0.733,-1,-1,-1
379,87,1659.82,395.09,82.19,274.05,0.793,-1,-1,-1
379,90,178.44,270.11,323.01,652.14,0.888,-1,-1,-1
379,91,1463.79,398.65,59.89,270.76,0.724,-1,-1,-1
379,92,1783.76,453.00,46.74,186.64,0.755,-1,-1,-1
379,93,122.18,527.48,68.49,218.62,0.708,-1,-1,-1
379,94,911.45,517.74,35.40,113.42,0.623,-1,-1,-1
379,95,48.76,505.00,64.55,245.02,0.572,-1,-1,-1
380,5,1493.32,417.16,101.71,269.86,0.889,-1,-1,-1
380,36,1833.99,526.59,97.43,219.86,0.546,-1,-1,-1
380,58,1604.24,409.29,117.37,287.29,0.888,-1,-1,-1
380,66,1826.95,377.34,95.25,250.35,0.767,-1,-1,-1
380,80,1041.69,349.38,168.09,444.23,0.909,-1,-1,-1
380,84,1719.40,429.02,88.72,224.34,0.741,-1,-1,-1
380,87,1663.49,394.56,81.64,274.28,0.781,-1,-1,-1
380,90,212.12,270.49,310.54,642.48,0.873,-1,-1,-1
380,91,1465.31,398.47,60.74,274.49,0.749,-1,-1,-1
380,92,1785.44,453.86,46.72,185.42,0.753,-1,-1,-1
380,93,121.96,526.89,68.65,219.14,0.642,-1,-1,-1
380,94,910.63,517.92,35.49,113.76,0.680,-1,-1,-1
380,95,46.49,505.07,64.57,244.83,0.521,-1,-1,-1
381,5,1492.81,416.45,101.30,270.93,0.880,-1,-1,-1
381,36,1842.37,527.15,95.91,219.78,0.541,-1,-1,-1
381,58,1608.37,411.29,116.77,285.21,0.884,-1,-1,-1
381,66,1828.62,376.94,96.26,255.45,0.824,-1,-1,-1
381,80,1037.05,346.31,168.95,447.25,0.910,-1,-1,-1
381,84,1721.90,427.89,89.17,225.74,0.789,-1,-1,-1
381,87,1668.24,394.60,81.08,274.07,0.789,-1,-1,-1
381,90,246.57,273.07,298.05,636.74,0.883,-1,-1,-1
381,91,1467.94,399.19,60.91,275.87,0.759,-1,-1,-1
381,92,1788.75,454.94,47.02,183.87,0.799,-1,-1,-1
381,93,121.98,526.12,68.88,219.88,0.553,-1,-1,-1
381,94,910.26,518.07,35.46,113.62,0.632,-1,-1,-1
381,95,40.48,503.23,65.32,246.46,-1.000,-1,-1,-1
382,5,1493.18,415.07,100.62,272.21,0.872,-1,-1,-1
382,58,1613.51,412.11,116.49,284.19,0.905,-1,-1,-1
382,66,1825.61,376.82,108.48,292.79,0.593,-1,-1,-1
382,80,1032.10,342.83,170.02,450.50,0.900,-1,-1,-1
382,84,1724.25,429.10,88.09,223.73,0.788,-1,-1,-1
382,87,1673.70,393.20,81.55,275.60,0.825,-1,-1,-1
382,90,284.24,275.67,285.24,632.41,0.905,-1,-1,-1
382,91,1470.81,400.45,61.06,277.16,0.776,-1,-1,-1
382,92,1791.72,454.56,47.43,182.53,0.786,-1,-1,-1
382,93,122.61,527.36,68.52,218.71,0.664,-1,-1,-1
382,94,908.65,519.18,35.26,112.71,0.589,-1,-1,-1
382,95,34.47,501.40,66.08,248.09,0.671,-1,-1,-1
383,5,1496.11,416.65,99.27,270.47,0.871,-1,-1,-1
383,58,1617.10,412.66,116.12,283.20,0.898,-1,-1,-1
383,66,1824.31,376.87,115.97,320.87,0.725,-1,-1,-1
383,80,1027.24,340.47,171.36,454.74,0.907,-1,-1,-1
383,84,1726.66,430.39,87.21,221.75,0.765,-1,-1,-1
383,87,1678.97,392.58,82.45,276.20,0.828,-1,-1,-1
383,90,313.51,278.48,274.84,627.56,0.876,-1,-1,-1
383,91,1475.12,401.29,61.01,277.88,0.793,-1,-1,-1
383,92,1793.77,453.33,47.86,180.94,0.777,-1,-1,-1
383,93,122.92,526.32,68.84,219.61,0.575,-1,-1,-1
383,95,33.66,472.62,74.30,277.57,-1.000,-1,-1,-1
384,5,1499.40,416.64,98.54,269.77,0.868,-1,-1,-1
384,58,1620.54,412.31,115.60,281.67,0.887,-1,-1,-1
384,66,1825.16,378.11,118.76,342.63,0.884,-1,-1,-1
384,80,1022.64,339.08,172.91,459.37,0.901,-1,-1,-1
384,84,1728.94,432.11,86.18,219.47,0.763,-1,-1,-1
384,87,1683.88,391.85,83.54,277.20,0.808,-1,-1,-1
384,90,342.27,281.54,267.66,622.96,0.904,-1,-1,-1
384,91,1479.23,402.30,60.59,276.97,0.811,-1,-1,-1
384,92,1794.45,453.10,48.59,180.46,0.787,-1,-1,-1
384,95,32.85,443.84,82.52,307.05,0.528,-1,-1,-1
385,5,1503.58,418.47,97.66,267.78,0.873,-1,-1,-1
385,58,1624.57,411.96,114.47,278.27,0.889,-1,-1,-1
385,66,1828.21,376.77,116.91,351.24,0.877,-1,-1,-1
385,80,1017.46,338.32,174.07,462.99,0.899,-1,-1,-1
385,84,1730.31,434.08,85.66,216.80,0.784,-1,-1,-1
385,87,1688.84,391.02,84.42,276.96,0.781,-1,-1,-1
385,90,367.87,285.39,264.17,617.03,0.906,-1,-1,-1
385,91,1483.48,403.88,59.85,274.52,0.794,-1,-1,-1
385,92,1795.97,451.82,49.76,181.38,0.810,-1,-1,-1
385,95,29.78,466.69,77.21,284.12,0.603,-1,-1,-1
386,5,1506.07,419.62,97.22,266.81,0.858,-1,-1,-1
386,58,1627.46,411.43,114.37,277.90,0.877,-1,-1,-1
386,66,1832.42,375.35,112.95,354.04,0.888,-1,-1,-1
386,80,1013.36,338.64,175.06,465.76,0.899,-1,-1,-1
386,84,1732.91,436.70,85.06,214.17,0.806,-1,-1,-1
386,87,1692.96,391.43,85.13,276.09,0.735,-1,-1,-1
386,90,384.26,292.02,261.58,608.83,0.911,-1,-1,-1
386,91,1487.42,404.96,59.29,271.91,0.800,-1,-1,-1
386,92,1798.01,451.60,50.77,181.18,0.845,-1,-1,-1
386,95,28.46,485.80,73.16,264.70,0.747,-1,-1,-1
387,5,1509.98,421.45,95.91,264.43,0.847,-1,-1,-1
387,58,1631.59,410.39,114.29,277.65,0.897,-1,-1,-1
387,66,1837.58,373.69,108.80,355.75,0.862,-1,-1,-1
387,80,1006.82,339.80,176.41,467.06,0.903,-1,-1,-1
387,84,1736.52,436.86,84.77,213.47,0.762,-1,-1,-1
387,87,1698.05,392.09,86.27,276.26,0.741,-1,-1,-1
387,90,397.95,299.61,259.88,597.60,0.915,-1,-1,-1
387,91,1492.37,405.33,59.11,270.49,0.767,-1,-1,-1
387,92,1800.22,451.90,51.64,180.62,0.854,-1,-1,-1
387,95,28.04,493.18,72.12,257.22,0.653,-1,-1,-1
388,5,1513.55,422.63,94.84,262.87,0.864,-1,-1,-1
388,58,1635.25,410.17,114.07,277.06,0.909,-1,-1,-1
388,66,1842.11,371.87,104.99,358.24,0.852,-1,-1,-1
388,80,1001.91,340.78,178.49,470.10,0.914,-1,-1,-1
388,84,1739.07,436.36,84.46,213.38,0.749,-1,-1,-1
388,87,1702.44,393.61,86.72,274.01,0.775,-1,-1,-1
388,90,405.57,303.37,260.96,592.80,0.921,-1,-1,-1
388,91,1496.86,405.43,59.28,270.56,0.776,-1,-1,-1
388,92,1802.57,452.31,52.48,180.16,0.855,-1,-1,-1
388,95,27.46,498.11,72.02,252.16,0.765,-1,-1,-1
388,96,119.80,474.97,71.24,271.61,0.512,-1,-1,-1
389,5,1515.82,422.44,93.94,262.11,0.835,-1,-1,-1
389,58,1637.49,410.01,113.78,277.00,0.902,-1,-1,-1
389,66,1846.25,369.99,101.13,360.14,0.844,-1,-1,-1
389,80,997.23,339.90,181.17,474.62,0.915,-1,-1,-1
389,84,1741.49,434.28,84.35,214.18,0.750,-1,-1,-1
389,87,1704.68,395.13,86.69,269.90,0.701,-1,-1,-1
389,90,412.10,306.05,261.24,588.78,0.919,-1,-1,-1
389,91,1501.50,404.93,59.34,270.43,0.767,-1,-1,-1
389,92,1806.18,453.10,53.43,179.68,0.825,-1,-1,-1
389,95,27.00,499.85,72.77,250.30,0.746,-1,-1,-1
389,97,1164.58,457.61,50.35,188.77,0.649,-1,-1,-1
390,5,1520.26,421.86,92.61,260.40,0.845,-1,-1,-1
390,58,1642.63,410.57,113.73,276.61,0.898,-1,-1,-1
390,66,1852.47,377.55,94.96,349.28,0.721,-1,-1,-1
390,80,991.86,338.18,183.69,478.46,0.910,-1,-1,-1
390,84,1745.68,432.95,84.53,215.08,0.745,-1,-1,-1
390,87,1708.02,396.84,87.17,269.79,0.523,-1,-1,-1
390,90,426.69,308.33,258.66,583.92,0.905,-1,-1,-1
390,91,1506.53,404.06,59.16,268.90,0.569,-1,-1,-1
390,92,1809.91,454.51,54.27,178.64,0.832,-1,-1,-1
390,95,26.45,500.67,73.79,249.12,0.776,-1,-1,-1
390,97,1166.30,456.94,50.52,188.95,0.749,-1,-1,-1
391,5,1524.32,421.11,91.75,258.60,0.866,-1,-1,-1
391,58,1647.69,411.88,113.78,275.25,0.896,-1,-1,-1
391,66,1857.37,375.86,89.47,337.09,0.592,-1,-1,-1
391,80,987.48,336.20,185.67,481.34,0.911,-1,-1,-1
391,84,1748.82,432.05,84.91,216.74,0.739,-1,-1,-1
391,87,1709.56,397.73,88.41,272.08,0.501,-1,-1,-1
391,90,442.63,307.75,253.16,576.16,0.886,-1,-1,-1
391,91,1512.08,402.79,58.68,266.51,0.630,-1,-1,-1
391,92,1812.00,455.49,55.05,177.90,0.822,-1,-1,-1
391,95,25.87,501.40,74.88,247.97,0.797,-1,-1,-1
391,97,1168.12,455.72,51.02,189.96,0.750,-1,-1,-1
392,5,1530.50,420.77,91.52,257.60,0.831,-1,-1,-1
392,58,1653.59,413.71,113.45,272.80,0.885,-1,-1,-1
392,80,981.64,332.92,187.71,485.00,0.885,-1,-1,-1
392,84,1754.32,430.93,84.65,217.47,0.752,-1,-1,-1
392,87,1712.38,397.60,89.06,272.65,0.589,-1,-1,-1
392,90,465.94,305.66,243.60,565.57,0.895,-1,-1,-1
392,91,1517.82,402.14,58.31,265.56,0.522,-1,-1,-1
392,92,1814.22,456.91,55.30,176.03,0.837,-1,-1,-1
392,95,25.44,501.80,75.55,247.48,0.598,-1,-1,-1
392,97,1175.24,454.68,51.42,191.14,0.817,-1,-1,-1
393,5,1535.22,419.67,91.99,257.75,0.876,-1,-1,-1
393,58,1657.54,414.82,113.04,271.18,0.889,-1,-1,-1
393,80,976.29,329.29,189.71,488.70,0.908,-1,-1,-1
393,84,1758.92,429.84,84.42,218.14,0.757,-1,-1,-1
393,87,1715.83,397.39,88.78,271.93,-1.000,-1,-1,-1
393,90,489.00,304.37,233.87,557.90,0.887,-1,-1,-1
393,92,1815.55,457.30,55.76,174.85,0.863,-1,-1,-1
393,95,25.39,502.62,76.02,246.57,0.543,-1,-1,-1
393,97,1179.64,453.81,51.70,191.76,0.827,-1,-1,-1
393,98,123.27,530.50,68.32,215.72,0.637,-1,-1,-1
394,5,1541.30,419.91,92.47,257.27,0.878,-1,-1,-1
394,58,1661.15,415.42,112.72,270.32,0.881,-1,-1,-1
394,80,972.12,326.20,191.35,492.69,0.895,-1,-1,-1
394,84,1762.85,429.81,83.68,217.30,0.796,-1,-1,-1
394,87,1719.28,397.18,88.50,271.21,0.580,-1,-1,-1
394,90,513.85,303.80,224.77,552.94,0.878,-1,-1,-1
394,92,1816.44,457.02,56.39,174.52,0.844,-1,-1,-1
394,95,26.58,513.22,73.84,235.84,0.597,-1,-1,-1
394,97,1183.43,453.09,52.10,192.62,0.839,-1,-1,-1
394,98,123.67,530.25,68.48,216.06,0.660,-1,-1,-1
395,5,1546.95,419.92,93.47,257.30,0.887,-1,-1,-1
395,58,1665.21,415.56,112.01,269.48,0.876,-1,-1,-1
395,80,966.82,323.52,192.36,496.72,0.917,-1,-1,-1
395,84,1767.50,430.15,82.82,216.42,0.821,-1,-1,-1
395,87,1728.09,397.01,79.60,242.80,0.622,-1,-1,-1
395,90,536.44,303.30,217.14,551.06,0.901,-1,-1,-1
395,92,1818.45,453.29,57.55,176.94,0.857,-1,-1,-1
395,97,1189.53,453.14,52.57,192.61,0.832,-1,-1,-1
395,98,123.30,530.18,68.55,216.15,0.747,-1,-1,-1
396,5,1550.83,420.30,94.13,256.81,0.885,-1,-1,-1
396,58,1669.24,415.18,111.59,269.65,0.871,-1,-1,-1
396,80,960.76,321.90,193.50,501.22,0.909,-1,-1,-1
396,84,1770.91,430.94,81.93,215.43,0.769,-1,-1,-1
396,87,1730.25,396.21,81.25,248.81,0.599,-1,-1,-1
396,90,558.60,304.53,210.76,545.28,0.863,-1,-1,-1
396,92,1820.69,452.68,57.78,176.83,0.852,-1,-1,-1
396,97,1196.27,453.58,53.52,192.46,0.829,-1,-1,-1
396,98,124.69,530.20,68.74,216.13,0.745,-1,-1,-1
397,5,1555.25,420.77,94.63,256.44,0.885,-1,-1,-1
397,58,1675.05,414.21,110.91,268.20,0.892,-1,-1,-1
397,80,950.49,321.50,194.50,504.20,0.923,-1,-1,-1
397,84,1775.63,432.80,81.18,213.81,0.789,-1,-1,-1
397,87,1732.08,395.88,83.46,258.63,0.816,-1,-1,-1
397,90,587.00,308.82,208.12,541.31,0.899,-1,-1,-1
397,92,1823.73,452.96,57.73,176.30,0.827,-1,-1,-1
397,97,1201.96,454.72,54.35,191.39,0.793,-1,-1,-1
397,98,124.92,530.01,69.05,216.50,0.736,-1,-1,-1
398,5,1558.46,421.66,94.65,254.99,0.851,-1,-1,-1
398,58,1679.82,413.76,110.82,267.34,0.897,-1,-1,-1
398,80,937.44,321.60,196.87,508.21,0.932,-1,-1,-1
398,84,1780.32,438.32,78.67,207.30,0.690,-1,-1,-1
398,87,1733.83,394.88,84.08,264.15,0.739,-1,-1,-1
398,90,607.55,313.69,207.97,537.02,0.920,-1,-1,-1
398,92,1826.06,451.87,58.18,177.36,0.812,-1,-1,-1
398,97,1205.79,455.78,55.84,190.57,0.862,-1,-1,-1
398,98,123.94,530.44,68.93,215.82,0.731,-1,-1,-1
399,5,1562.06,422.86,94.74,253.74,0.880,-1,-1,-1
399,58,1684.03,412.35,111.38,267.67,0.901,-1,-1,-1
399,80,926.70,322.29,198.70,511.20,0.918,-1,-1,-1
399,84,1784.65,440.73,76.62,202.15,0.586,-1,-1,-1
399,87,1737.66,394.64,82.87,264.06,0.723,-1,-1,-1
399,90,622.11,318.31,208.75,530.65,0.917,-1,-1,-1
399,92,1827.73,448.05,59.46,180.86,0.773,-1,-1,-1
399,97,1205.71,456.34,57.14,189.80,0.882,-1,-1,-1
399,98,122.79,530.02,69.00,216.11,0.758,-1,-1,-1
399,99,15.76,501.12,97.33,248.91,0.697,-1,-1,-1
400,5,1566.74,423.81,94.78,253.05,0.873,-1,-1,-1
400,58,1687.59,411.56,112.04,268.08,0.881,-1,-1,-1
400,80,918.32,324.06,199.58,512.90,0.912,-1,-1,-1
400,87,1743.12,395.91,81.74,262.54,0.735,-1,-1,-1
400,90,631.36,323.37,209.56,522.70,0.914,-1,-1,-1
400,92,1828.54,445.46,60.51,183.55,0.793,-1,-1,-1
400,97,1206.69,456.29,59.04,190.10,0.886,-1,-1,-1
400,98,122.17,529.46,69.14,216.64,0.717,-1,-1,-1
400,99,15.84,500.73,97.41,249.12,0.730,-1,-1,-1
401,5,1569.53,424.17,94.78,252.03,0.872,-1,-1,-1
401,58,1691.13,411.29,112.92,268.16,0.896,-1,-1,-1
401,80,912.25,324.57,200.86,515.63,0.911,-1,-1,-1
401,87,1750.85,396.30,81.39,261.29,0.633,-1,-1,-1
401,90,635.17,328.77,210.92,515.65,0.928,-1,-1,-1
401,92,1827.95,443.71,61.56,185.29,0.770,-1,-1,-1
401,97,1207.37,455.76,60.39,190.42,0.852,-1,-1,-1
401,98,121.79,529.80,69.03,216.30,0.716,-1,-1,-1
401,99,15.50,500.55,97.36,248.99,0.784,-1,-1,-1
402,5,1572.31,423.35,93.98,249.75,0.847,-1,-1,-1
402,58,1694.35,411.77,113.60,267.56,0.892,-1,-1,-1
402,80,904.96,323.37,203.77,521.50,0.895,-1,-1,-1
402,87,1763.86,397.58,82.05,258.20,0.680,-1,-1,-1
402,90,640.13,331.81,212.38,511.61,0.920,-1,-1,-1
402,92,1829.57,444.46,61.57,184.29,0.724,-1,-1,-1
402,97,1209.34,454.78,61.55,190.81,0.872,-1,-1,-1
402,98,121.89,530.39,68.88,215.73,0.711,-1,-1,-1
402,99,15.60,500.05,97.54,249.47,0.679,-1,-1,-1
403,5,1574.11,422.42,93.64,249.41,0.880,-1,-1,-1
403,58,1697.38,413.10,114.00,266.16,0.860,-1,-1,-1
403,80,897.91,320.11,206.60,527.32,0.918,-1,-1,-1
403,87,1771.94,399.18,82.83,255.89,0.652,-1,-1,-1
403,90,644.71,332.22,213.31,510.11,0.916,-1,-1,-1
403,92,1832.39,447.12,60.67,181.57,0.707,-1,-1,-1
403,97,1211.87,453.76,62.31,191.27,0.867,-1,-1,-1
403,98,121.86,531.20,68.62,214.95,0.781,-1,-1,-1
403,99,15.91,500.20,97.49,249.32,0.627,-1,-1,-1
404,5,1576.28,422.21,93.19,249.20,0.889,-1,-1,-1
404,58,1699.61,414.90,114.37,264.04,0.852,-1,-1,-1
404,80,888.46,317.39,208.13,530.09,0.912,-1,-1,-1
404,87,1776.87,399.96,84.56,254.82,0.801,-1,-1,-1
404,90,653.31,333.36,211.57,505.05,0.913,-1,-1,-1
404,92,1835.00,448.42,60.06,180.09,0.732,-1,-1,-1
404,97,1213.71,453.24,62.45,191.23,0.851,-1,-1,-1
404,98,121.71,531.50,68.52,214.68,0.761,-1,-1,-1
404,99,16.01,500.23,97.40,249.07,0.653,-1,-1,-1
405,5,1578.17,419.50,93.27,251.53,0.866,-1,-1,-1
405,58,1703.38,415.86,114.68,262.52,0.871,-1,-1,-1
405,80,872.85,312.13,209.40,535.06,0.923,-1,-1,-1
405,87,1772.53,400.17,84.64,254.93,0.762,-1,-1,-1
405,90,668.24,331.64,205.22,495.50,0.913,-1,-1,-1
405,92,1837.38,448.13,59.99,179.67,0.669,-1,-1,-1
405,97,1217.30,452.53,62.02,191.45,0.812,-1,-1,-1
405,98,121.71,531.48,68.54,214.79,0.754,-1,-1,-1
405,99,16.12,500.07,97.48,249.21,0.692,-1,-1,-1
406,5,1581.58,420.73,91.92,249.74,0.842,-1,-1,-1
406,58,1707.46,417.21,114.90,261.05,0.879,-1,-1,-1
406,80,862.41,307.83,210.41,539.28,0.927,-1,-1,-1
406,87,1775.79,400.57,86.11,254.58,0.793,-1,-1,-1
406,90,684.84,330.52,199.20,490.28,0.897,-1,-1,-1
406,92,1839.62,450.43,59.03,176.36,0.720,-1,-1,-1
406,97,1221.49,451.72,61.24,191.77,0.839,-1,-1,-1
406,98,121.73,531.57,68.48,214.57,0.753,-1,-1,-1
406,99,16.14,500.76,97.32,248.75,0.726,-1,-1,-1
407,5,1589.53,421.58,91.54,247.58,0.842,-1,-1,-1
407,58,1710.56,418.10,114.69,259.49,0.880,-1,-1,-1
407,80,852.93,304.24,211.83,544.91,0.912,-1,-1,-1
407,87,1773.59,400.08,86.17,255.37,0.774,-1,-1,-1
407,90,705.15,329.83,193.15,488.36,0.842,-1,-1,-1
407,92,1842.06,449.20,58.88,176.00,0.728,-1,-1,-1
407,97,1226.32,450.85,60.94,192.69,0.822,-1,-1,-1
407,98,121.79,531.43,68.53,214.73,0.729,-1,-1,-1
407,99,16.24,500.18,97.49,249.23,0.704,-1,-1,-1
408,5,1597.08,422.36,91.95,246.65,0.857,-1,-1,-1
408,58,1712.62,418.17,113.90,257.09,0.877,-1,-1,-1
408,80,852.09,301.72,212.08,552.70,0.914,-1,-1,-1
408,87,1773.44,399.07,86.70,256.82,0.810,-1,-1,-1
408,90,723.66,328.80,187.78,487.67,0.811,-1,-1,-1
408,92,1843.51,447.22,59.27,177.68,0.811,-1,-1,-1
408,97,1231.08,450.16,60.82,193.93,0.852,-1,-1,-1
408,98,121.79,531.84,68.45,214.37,0.762,-1,-1,-1
408,99,16.35,499.93,97.46,249.13,0.702,-1,-1,-1
409,5,1603.35,422.38,92.82,246.44,0.881,-1,-1,-1
409,58,1715.06,418.53,112.95,254.35,0.877,-1,-1,-1
409,80,851.13,300.19,211.54,559.92,0.916,-1,-1,-1
409,87,1775.92,398.37,86.89,255.80,0.791,-1,-1,-1
409,90,740.38,329.34,182.49,486.28,0.803,-1,-1,-1
409,92,1848.15,452.49,57.12,171.78,0.715,-1,-1,-1
409,97,1235.19,450.38,60.48,193.99,0.846,-1,-1,-1
409,98,121.95,531.77,68.49,214.38,0.771,-1,-1,-1
409,99,16.36,499.80,97.46,249.12,0.707,-1,-1,-1
409,100,1596.72,404.64,53.97,258.83,0.599,-1,-1,-1
410,5,1608.03,422.54,93.64,246.35,0.865,-1,-1,-1
410,58,1717.12,419.32,112.48,252.95,0.872,-1,-1,-1
410,80,843.62,300.52,211.56,565.77,0.922,-1,-1,-1
410,87,1780.64,397.59,88.11,257.31,0.852,-1,-1,-1
410,90,758.12,330.91,178.30,483.24,0.779,-1,-1,-1
410,92,1853.12,454.44,55.95,169.42,0.678,-1,-1,-1
410,97,1241.92,450.74,60.37,193.68,0.873,-1,-1,-1
410,98,121.88,531.71,68.49,214.47,0.747,-1,-1,-1
410,99,16.71,499.78,97.48,249.34,0.644,-1,-1,-1
410,100,1597.46,404.61,54.27,259.99,-1.000,-1,-1,-1
410,101,1680.81,472.94,48.80,112.88,0.647,-1,-1,-1
411,5,1610.58,423.00,94.28,245.96,0.840,-1,-1,-1
411,58,1719.50,419.26,112.23,252.46,0.883,-1,-1,-1
411,80,833.89,300.85,212.04,569.63,0.846,-1,-1,-1
411,87,1786.13,397.70,88.72,256.95,0.862,-1,-1,-1
411,90,765.92,333.47,174.44,481.14,0.671,-1,-1,-1
411,92,1856.37,455.11,55.42,168.70,0.660,-1,-1,-1
411,97,1247.49,450.93,60.96,193.61,0.867,-1,-1,-1
411,98,121.98,531.67,68.56,214.67,0.760,-1,-1,-1
411,99,16.58,499.80,97.62,249.75,0.624,-1,-1,-1
411,100,1598.20,404.57,54.56,261.16,0.566,-1,-1,-1
411,101,1681.57,472.32,49.01,113.38,0.640,-1,-1,-1
412,5,1613.15,423.90,94.39,245.24,0.872,-1,-1,-1
412,58,1722.98,418.18,112.01,252.55,0.904,-1,-1,-1
412,80,819.45,300.95,213.75,574.08,0.821,-1,-1,-1
412,87,1791.76,397.19,90.13,257.18,0.841,-1,-1,-1
412,90,767.21,337.62,169.30,474.97,0.652,-1,-1,-1
412,92,1856.02,455.59,57.85,173.99,0.761,-1,-1,-1
412,97,1254.04,450.59,62.71,193.57,0.873,-1,-1,-1
412,98,123.02,531.26,68.90,214.91,0.758,-1,-1,-1
412,99,21.60,499.88,96.78,249.75,0.666,-1,-1,-1
412,100,1602.84,405.88,49.59,236.27,0.717,-1,-1,-1
412,101,1683.43,471.24,49.69,115.24,0.541,-1,-1,-1
413,5,1616.46,424.21,93.57,242.98,0.866,-1,-1,-1
413,58,1725.42,418.24,111.51,252.10,0.913,-1,-1,-1
413,80,803.10,301.46,217.10,578.75,0.922,-1,-1,-1
413,87,1795.95,397.89,90.52,254.32,0.850,-1,-1,-1
413,92,1856.23,457.26,58.60,174.31,0.695,-1,-1,-1
413,97,1259.36,451.40,64.61,192.66,0.873,-1,-1,-1
413,98,123.47,531.10,69.17,215.18,0.724,-1,-1,-1
413,99,24.95,501.60,95.47,248.36,0.611,-1,-1,-1
413,100,1606.86,406.83,48.01,227.39,0.737,-1,-1,-1
414,5,1619.85,420.85,93.79,244.82,0.883,-1,-1,-1
414,58,1728.30,419.06,110.97,251.38,0.909,-1,-1,-1
414,80,791.54,300.09,220.45,585.05,0.893,-1,-1,-1
414,87,1800.05,398.85,91.39,252.64,0.834,-1,-1,-1
414,92,1855.08,454.90,60.66,179.57,0.775,-1,-1,-1
414,97,1261.67,452.10,66.72,191.94,0.885,-1,-1,-1
414,98,123.86,531.13,69.44,215.17,0.742,-1,-1,-1
414,99,26.48,503.04,94.57,247.29,-1.000,-1,-1,-1
414,100,1610.69,407.87,48.24,227.56,0.791,-1,-1,-1
415,5,1626.32,420.72,93.14,244.33,0.881,-1,-1,-1
415,58,1732.35,418.62,110.98,251.85,0.890,-1,-1,-1
415,80,777.72,297.70,224.09,590.28,0.928,-1,-1,-1
415,87,1803.83,400.53,91.51,249.83,0.858,-1,-1,-1
415,92,1858.11,452.83,60.22,178.02,0.704,-1,-1,-1
415,97,1263.14,452.58,68.94,191.78,0.888,-1,-1,-1
415,98,122.65,530.85,69.37,215.41,0.774,-1,-1,-1
415,99,28.02,504.47,93.67,246.22,0.684,-1,-1,-1
415,100,1613.93,409.10,50.90,240.02,0.816,-1,-1,-1
416,5,1633.34,420.35,92.93,244.04,0.868,-1,-1,-1
416,58,1737.16,420.27,110.52,250.17,0.873,-1,-1,-1
416,80,766.23,294.44,227.27,595.37,0.899,-1,-1,-1
416,87,1806.23,401.95,91.50,247.44,0.851,-1,-1,-1
416,92,1862.04,451.64,59.08,175.71,0.750,-1,-1,-1
416,97,1263.20,451.85,71.57,192.94,0.891,-1,-1,-1
416,98,122.01,531.17,69.21,215.18,0.780,-1,-1,-1
416,99,31.64,508.16,91.05,242.38,0.696,-1,-1,-1
416,100,1617.72,409.23,52.11,245.45,0.747,-1,-1,-1
417,5,1639.73,420.17,92.86,242.65,0.834,-1,-1,-1
417,58,1740.86,422.94,109.15,247.29,0.889,-1,-1,-1
417,80,753.23,288.91,231.00,601.30,0.925,-1,-1,-1
417,87,1810.23,402.78,91.85,246.33,0.856,-1,-1,-1
417,92,1864.54,450.27,58.27,174.62,0.772,-1,-1,-1
417,97,1264.75,451.24,73.83,193.81,0.872,-1,-1,-1
417,98,121.75,529.80,69.57,216.65,0.767,-1,-1,-1
417,99,30.68,505.67,91.14,244.62,0.631,-1,-1,-1
417,100,1622.84,408.79,52.98,249.24,0.623,-1,-1,-1
418,5,1641.06,419.81,94.75,243.15,0.833,-1,-1,-1
418,58,1744.08,423.15,108.67,247.03,0.882,-1,-1,-1
418,80,742.83,283.80,234.55,608.24,0.918,-1,-1,-1
418,87,1812.58,402.80,92.25,246.91,0.824,-1,-1,-1
418,92,1865.74,448.28,58.00,175.26,0.763,-1,-1,-1
418,97,1265.77,450.85,75.49,194.50,0.856,-1,-1,-1
418,98,121.84,530.19,69.35,215.99,0.711,-1,-1,-1
418,99,29.87,503.76,91.24,246.33,0.527,-1,-1,-1
418,100,1628.57,408.36,49.50,231.66,-1.000,-1,-1,-1
419,5,1643.81,419.84,96.40,242.40,0.876,-1,-1,-1
419,58,1747.68,422.63,108.62,247.05,0.891,-1,-1,-1
419,80,734.06,280.28,235.48,610.19,0.917,-1,-1,-1
419,87,1814.94,402.74,92.25,246.52,0.812,-1,-1,-1
419,92,1866.96,447.00,57.40,175.40,0.775,-1,-1,-1
419,97,1266.79,450.94,76.55,194.30,0.856,-1,-1,-1
419,98,121.89,531.12,69.05,215.07,0.727,-1,-1,-1
419,100,1634.29,407.94,46.03,214.07,0.570,-1,-1,-1
420,5,1650.43,421.79,96.52,239.62,0.836,-1,-1,-1
420,58,1752.19,422.58,107.79,244.84,0.897,-1,-1,-1
420,80,723.41,276.26,236.68,614.54,0.918,-1,-1,-1
420,87,1818.57,402.71,91.48,245.70,0.843,-1,-1,-1
420,92,1870.30,448.22,56.01,173.74,0.670,-1,-1,-1
420,97,1275.03,450.21,76.08,194.98,0.730,-1,-1,-1
420,98,121.87,531.06,68.90,214.69,0.720,-1,-1,-1
420,100,1636.56,406.34,48.95,227.04,-1.000,-1,-1,-1
420,102,900.51,352.41,128.70,427.19,0.863,-1,-1,-1
421,5,1658.63,423.58,96.74,238.26,0.867,-1,-1,-1
421,58,1756.41,421.13,107.95,244.20,0.889,-1,-1,-1
421,80,712.08,274.24,238.51,620.35,0.914,-1,-1,-1
421,87,1821.50,401.89,91.02,246.53,0.849,-1,-1,-1
421,92,1873.77,449.07,54.36,171.90,0.685,-1,-1,-1
421,97,1276.00,449.50,76.20,195.51,0.779,-1,-1,-1
421,98,121.89,530.59,68.92,214.75,0.604,-1,-1,-1
421,100,1638.83,404.75,51.87,240.00,0.704,-1,-1,-1
421,102,905.33,340.50,131.48,438.32,0.875,-1,-1,-1
422,5,1664.06,424.76,96.84,237.63,0.857,-1,-1,-1
422,58,1764.56,419.93,107.62,244.73,0.867,-1,-1,-1
422,80,694.74,275.51,240.19,623.46,0.924,-1,-1,-1
422,87,1824.56,400.76,90.37,247.02,0.811,-1,-1,-1
422,92,1877.73,448.54,53.06,171.62,0.596,-1,-1,-1
422,97,1280.81,448.37,75.40,196.68,0.846,-1,-1,-1
422,98,121.60,530.56,68.98,215.07,0.821,-1,-1,-1
422,100,1646.03,403.66,45.77,206.95,0.644,-1,-1,-1
422,102,913.88,338.29,131.81,440.66,0.897,-1,-1,-1
423,5,1667.65,425.57,96.87,237.15,0.861,-1,-1,-1
423,58,1769.93,419.11,107.50,245.70,0.864,-1,-1,-1
423,80,675.46,274.45,244.56,629.56,0.923,-1,-1,-1
423,87,1826.90,399.47,89.78,248.00,0.816,-1,-1,-1
423,92,1880.83,448.08,51.75,172.16,0.653,-1,-1,-1
423,97,1286.20,448.61,73.77,196.20,0.834,-1,-1,-1
423,98,121.50,530.48,68.96,215.26,0.805,-1,-1,-1
423,100,1651.04,403.77,41.66,183.93,0.661,-1,-1,-1
423,102,923.76,340.39,131.91,439.27,0.900,-1,-1,-1
424,5,1671.56,426.13,96.70,236.50,0.858,-1,-1,-1
424,58,1774.91,419.45,106.95,245.22,0.880,-1,-1,-1
424,80,659.27,275.13,248.84,634.10,0.931,-1,-1,-1
424,87,1828.79,398.76,89.21,249.34,0.840,-1,-1,-1
424,92,1883.23,447.56,50.70,173.04,0.570,-1,-1,-1
424,97,1291.70,448.42,72.57,196.33,0.834,-1,-1,-1
424,98,121.50,530.78,68.90,215.35,0.837,-1,-1,-1
424,100,1652.03,404.23,46.16,203.60,-1.000,-1,-1,-1
424,102,935.47,343.93,132.66,436.07,0.915,-1,-1,-1
425,5,1675.45,426.78,96.01,234.61,0.863,-1,-1,-1
425,58,1779.81,419.63,106.87,245.17,0.836,-1,-1,-1
425,80,650.19,276.88,252.46,637.80,0.934,-1,-1,-1
425,87,1831.65,398.99,87.80,248.56,0.837,-1,-1,-1
425,97,1298.15,448.62,71.72,196.07,0.874,-1,-1,-1
425,98,121.54,530.57,68.83,215.60,0.808,-1,-1,-1
425,100,1653.02,404.70,50.67,223.26,0.587,-1,-1,-1
425,102,950.77,348.79,133.81,431.85,0.925,-1,-1,-1
426,5,1678.58,426.15,95.07,232.95,0.850,-1,-1,-1
426,58,1783.92,420.06,106.67,244.95,0.831,-1,-1,-1
426,80,644.70,277.32,255.97,641.55,0.931,-1,-1,-1
426,87,1833.76,398.99,86.65,248.07,0.822,-1,-1,-1
426,97,1302.97,448.64,71.14,196.19,0.885,-1,-1,-1
426,98,118.48,507.78,75.21,237.69,0.558,-1,-1,-1
426,100,1653.70,406.02,54.12,238.38,0.794,-1,-1,-1
426,102,959.49,352.18,135.29,427.99,0.919,-1,-1,-1
426,103,1764.34,427.35,45.77,206.61,0.740,-1,-1,-1
427,5,1680.71,425.24,94.13,232.31,0.846,-1,-1,-1
427,58,1787.33,420.81,106.54,243.42,0.839,-1,-1,-1
427,80,638.76,275.73,260.38,649.10,0.924,-1,-1,-1
427,87,1837.36,399.70,85.53,246.85,0.835,-1,-1,-1
427,97,1308.94,448.05,71.20,196.71,0.883,-1,-1,-1
427,98,119.48,516.20,72.55,229.43,0.603,-1,-1,-1
427,100,1656.20,406.88,55.85,245.16,0.790,-1,-1,-1
427,102,962.09,356.08,136.47,423.16,0.918,-1,-1,-1
427,103,1766.04,429.74,45.41,204.10,0.737,-1,-1,-1
428,5,1682.73,424.52,93.40,232.68,0.845,-1,-1,-1
428,58,1789.56,422.35,106.25,241.79,0.864,-1,-1,-1
428,80,627.75,271.86,264.76,658.02,0.925,-1,-1,-1
428,87,1840.70,400.51,84.14,244.99,0.813,-1,-1,-1
428,97,1314.54,446.15,72.48,199.27,0.857,-1,-1,-1
428,98,120.65,523.03,70.41,222.93,0.741,-1,-1,-1
428,100,1659.55,407.62,56.63,247.97,0.747,-1,-1,-1
428,102,964.93,359.76,137.59,418.58,0.909,-1,-1,-1
428,103,1768.44,431.61,45.22,202.17,0.747,-1,-1,-1
429,5,1685.46,423.94,92.41,232.43,0.850,-1,-1,-1
429,58,1791.36,423.09,106.24,241.02,0.883,-1,-1,-1
429,80,615.24,268.22,267.97,663.83,0.919,-1,-1,-1
429,87,1843.68,402.33,82.19,241.45,0.792,-1,-1,-1
429,97,1318.66,447.73,72.76,198.06,0.866,-1,-1,-1
429,98,120.89,526.67,69.20,219.52,0.771,-1,-1,-1
429,100,1662.31,408.91,57.31,249.73,0.751,-1,-1,-1
429,102,967.96,361.28,138.78,415.32,0.910,-1,-1,-1
429,103,1770.61,433.03,44.88,199.01,0.790,-1,-1,-1
429,104,1167.44,475.32,34.83,165.05,0.710,-1,-1,-1
430,5,1689.52,424.51,91.46,230.40,0.856,-1,-1,-1
430,58,1794.13,424.32,106.05,239.77,0.890,-1,-1,-1
430,80,592.97,261.94,270.49,670.96,0.912,-1,-1,-1
430,87,1846.16,403.98,80.39,239.09,0.848,-1,-1,-1
430,97,1322.88,450.05,73.39,195.64,0.887,-1,-1,-1
430,98,121.53,529.10,68.53,217.17,0.825,-1,-1,-1
430,100,1669.15,409.59,58.72,249.88,0.743,-1,-1,-1
430,102,974.35,361.71,138.23,410.49,0.910,-1,-1,-1
430,103,1773.12,433.85,45.13,197.79,0.810,-1,-1,-1
430,104,1171.39,475.82,35.15,164.79,0.786,-1,-1,-1
431,5,1694.91,425.00,91.71,229.55,0.873,-1,-1,-1
431,58,1796.43,424.59,105.95,239.16,0.887,-1,-1,-1
431,80,574.20,256.66,271.43,677.15,0.926,-1,-1,-1
431,87,1848.46,405.10,78.89,238.04,0.848,-1,-1,-1
431,97,1324.65,450.76,74.54,195.07,0.885,-1,-1,-1
431,98,122.00,530.52,68.12,215.69,0.633,-1,-1,-1
431,100,1671.52,409.61,58.69,248.25,0.660,-1,-1,-1
431,102,981.91,360.75,136.67,404.91,0.890,-1,-1,-1
431,103,1774.30,433.57,45.91,198.44,0.835,-1,-1,-1
431,104,1174.97,476.56,35.70,164.48,0.807,-1,-1,-1
432,5,1700.68,426.12,92.07,228.85,0.882,-1,-1,-1
432,58,1799.61,424.65,105.42,237.42,0.898,-1,-1,-1
432,80,558.20,251.64,271.87,680.03,0.924,-1,-1,-1
432,87,1850.64,405.90,77.44,237.46,0.843,-1,-1,-1
432,97,1325.45,450.81,75.92,195.27,0.889,-1,-1,-1
432,98,122.09,530.40,68.07,215.62,0.716,-1,-1,-1
432,100,1673.86,409.94,58.87,247.52,0.719,-1,-1,-1
432,102,992.15,360.51,135.25,401.26,0.866,-1,-1,-1
432,103,1775.87,433.03,46.63,198.90,0.837,-1,-1,-1
432,104,1178.69,477.23,36.40,163.99,0.775,-1,-1,-1
433,5,1706.44,427.55,92.19,227.47,0.882,-1,-1,-1
433,58,1803.72,424.70,104.24,234.63,0.878,-1,-1,-1
433,80,540.74,247.27,276.26,693.84,0.917,-1,-1,-1
433,87,1853.19,405.60,75.90,236.84,0.813,-1,-1,-1
433,97,1327.67,450.89,76.60,195.06,0.891,-1,-1,-1
433,98,122.07,530.49,68.03,215.44,0.759,-1,-1,-1
433,100,1679.47,409.56,53.63,220.36,0.542,-1,-1,-1
433,102,1008.08,359.58,133.76,400.72,0.892,-1,-1,-1
433,103,1778.63,432.48,47.23,198.85,0.802,-1,-1,-1
433,104,1183.90,477.88,37.32,163.08,0.801,-1,-1,-1
434,5,1710.87,427.86,92.46,227.20,0.869,-1,-1,-1
434,58,1806.12,422.99,103.77,234.61,0.902,-1,-1,-1
434,80,526.58,244.96,279.93,705.68,0.864,-1,-1,-1
434,87,1855.52,405.32,74.14,235.86,0.825,-1,-1,-1
434,97,1330.03,450.75,76.84,194.91,0.891,-1,-1,-1
434,98,122.20,531.45,67.78,214.59,0.703,-1,-1,-1
434,100,1682.03,409.14,56.15,228.98,-1.000,-1,-1,-1
434,102,1021.49,359.25,132.12,400.04,0.889,-1,-1,-1
434,103,1780.91,431.78,47.60,197.72,0.812,-1,-1,-1
434,104,1186.78,477.56,38.87,163.55,0.841,-1,-1,-1
435,5,1715.54,428.93,91.39,224.52,0.878,-1,-1,-1
435,58,1810.82,422.26,103.41,234.85,0.892,-1,-1,-1
435,80,510.13,243.54,282.95,715.51,0.919,-1,-1,-1
435,87,1856.14,404.99,75.99,247.39,0.786,-1,-1,-1
435,97,1335.12,450.56,76.00,194.64,0.866,-1,-1,-1
435,98,122.06,531.98,67.63,213.99,0.757,-1,-1,-1
435,100,1684.58,408.72,58.67,237.60,0.788,-1,-1,-1
435,102,1034.20,359.53,130.48,399.09,0.882,-1,-1,-1
435,103,1784.38,430.44,48.15,197.99,0.832,-1,-1,-1
435,104,1190.24,477.12,39.97,163.66,0.807,-1,-1,-1
436,5,1718.61,428.82,91.16,224.84,0.887,-1,-1,-1
436,58,1813.99,422.33,102.64,234.58,0.887,-1,-1,-1
436,80,495.80,242.37,284.88,722.43,0.917,-1,-1,-1
436,87,1859.51,404.53,72.57,240.90,0.751,-1,-1,-1
436,97,1338.65,450.25,75.21,194.69,0.840,-1,-1,-1
436,98,122.14,532.14,67.67,213.86,0.748,-1,-1,-1
436,100,1687.87,408.92,57.94,230.11,0.800,-1,-1,-1
436,102,1044.54,361.36,128.41,396.50,0.877,-1,-1,-1
436,103,1787.43,429.66,48.64,198.90,0.819,-1,-1,-1
436,104,1193.32,476.35,40.97,164.70,0.755,-1,-1,-1
437,5,1720.66,427.26,90.98,225.94,0.874,-1,-1,-1
437,58,1816.87,422.95,101.85,233.82,0.879,-1,-1,-1
437,80,481.33,242.41,287.04,727.44,0.918,-1,-1,-1
437,87,1860.80,404.02,72.97,247.79,0.724,-1,-1,-1
437,97,1343.52,449.92,73.88,195.08,0.837,-1,-1,-1
437,98,121.97,532.11,67.70,213.90,0.730,-1,-1,-1
437,100,1690.34,409.47,59.13,231.77,0.774,-1,-1,-1
437,102,1052.54,363.24,126.94,394.52,0.881,-1,-1,-1
437,103,1790.53,428.88,48.86,199.21,0.778,-1,-1,-1
437,104,1196.99,475.51,41.53,165.55,0.677,-1,-1,-1
438,5,1723.48,426.18,90.07,225.99,0.862,-1,-1,-1
438,58,1819.22,423.19,101.96,234.70,0.847,-1,-1,-1
438,80,461.09,242.86,292.51,740.23,0.927,-1,-1,-1
438,97,1349.13,449.73,72.51,195.28,0.847,-1,-1,-1
438,98,121.74,532.29,67.74,213.93,0.710,-1,-1,-1
438,100,1693.35,409.83,60.48,234.61,0.821,-1,-1,-1
438,102,1061.84,366.40,125.36,391.12,0.896,-1,-1,-1
438,103,1791.59,428.64,48.59,199.23,0.737,-1,-1,-1
438,104,1200.62,473.97,41.99,166.99,0.653,-1,-1,-1
439,5,1725.32,425.98,89.10,226.10,0.869,-1,-1,-1
439,58,1820.10,423.97,101.68,235.74,0.831,-1,-1,-1
439,80,445.13,242.24,296.75,750.31,0.926,-1,-1,-1
439,97,1353.90,449.60,71.44,195.72,0.845,-1,-1,-1
439,98,121.72,532.34,67.71,213.85,0.786,-1,-1,-1
439,100,1696.19,410.45,61.55,237.41,0.854,-1,-1,-1
439,102,1068.59,368.94,124.49,387.75,0.892,-1,-1,-1
439,103,1793.18,429.19,47.95,198.68,0.765,-1,-1,-1
439,104,1204.38,472.47,42.34,167.96,0.666,-1,-1,-1
440,5,1730.12,425.82,88.33,225.78,0.857,-1,-1,-1
440,58,1817.81,425.36,99.87,235.34,0.738,-1,-1,-1
440,80,427.07,238.18,301.16,759.60,0.928,-1,-1,-1
440,97,1358.71,449.45,70.71,196.24,0.850,-1,-1,-1
440,98,121.75,531.91,67.89,214.42,0.658,-1,-1,-1
440,100,1699.50,412.46,61.69,237.20,0.842,-1,-1,-1
440,102,1076.14,371.92,124.72,384.04,0.907,-1,-1,-1
440,103,1797.32,430.31,47.14,197.59,0.756,-1,-1,-1
440,104,1208.86,471.44,42.56,169.02,0.598,-1,-1,-1
440,105,25.07,271.10,52.34,662.33,0.831,-1,-1,-1
441,5,1735.39,425.37,88.11,226.22,0.876,-1,-1,-1
441,58,1815.64,426.18,96.48,233.48,0.817,-1,-1,-1
441,80,409.12,234.47,304.60,766.77,0.925,-1,-1,-1
441,97,1364.29,449.51,70.28,196.39,0.856,-1,-1,-1
441,98,121.77,532.07,67.87,214.33,0.649,-1,-1,-1
441,100,1702.35,414.61,61.51,235.56,0.819,-1,-1,-1
441,102,1080.84,374.07,125.18,381.00,0.907,-1,-1,-1
441,103,1800.76,431.66,46.34,196.13,0.755,-1,-1,-1
441,104,1213.34,470.53,42.57,168.43,0.671,-1,-1,-1
441,105,49.09,270.95,55.58,660.63,0.937,-1,-1,-1
442,5,1739.29,424.48,88.17,226.86,0.858,-1,-1,-1
442,58,1815.54,427.94,92.98,231.09,0.786,-1,-1,-1
442,80,393.61,228.75,306.70,772.11,0.926,-1,-1,-1
442,97,1370.84,449.81,70.73,196.82,0.875,-1,-1,-1
442,98,121.78,532.29,67.81,214.08,0.657,-1,-1,-1
442,100,1705.37,414.86,61.72,235.34,0.745,-1,-1,-1
442,102,1083.52,373.99,126.27,380.60,0.895,-1,-1,-1
442,103,1804.09,432.54,45.48,193.99,0.727,-1,-1,-1
442,104,1217.53,470.29,43.16,169.28,0.696,-1,-1,-1
442,106,1865.90,388.23,54.51,287.93,0.829,-1,-1,-1
443,5,1744.10,425.89,87.44,225.64,0.864,-1,-1,-1
443,58,1816.42,429.91,90.25,230.13,0.689,-1,-1,-1
443,80,376.00,221.34,309.02,779.06,0.937,-1,-1,-1
443,97,1377.97,449.93,71.85,196.33,0.887,-1,-1,-1
443,100,1711.25,414.03,62.63,235.38,0.794,-1,-1,-1
443,102,1094.81,372.88,124.08,375.56,0.851,-1,-1,-1
443,103,1808.62,433.23,45.28,192.96,0.638,-1,-1,-1
443,104,1224.71,470.57,43.64,168.51,0.658,-1,-1,-1
443,106,1864.61,388.41,54.65,288.43,0.761,-1,-1,-1
444,5,1748.57,427.39,86.61,223.93,0.858,-1,-1,-1
444,80,359.20,214.22,311.20,786.05,0.924,-1,-1,-1
444,97,1381.51,450.53,72.99,195.44,0.885,-1,-1,-1
444,100,1712.25,410.48,63.38,238.65,0.786,-1,-1,-1
444,102,1107.03,372.43,121.50,371.12,0.868,-1,-1,-1
444,103,1812.32,434.06,45.79,192.92,0.768,-1,-1,-1
444,104,1231.12,471.14,44.60,168.36,0.666,-1,-1,-1
444,106,1856.32,389.20,55.30,288.55,0.834,-1,-1,-1
444,107,31.19,279.06,204.15,643.68,0.931,-1,-1,-1
445,5,1752.63,428.76,85.49,221.84,0.845,-1,-1,-1
445,80,340.36,208.64,313.16,791.93,0.926,-1,-1,-1
445,97,1384.22,450.95,74.68,195.01,0.896,-1,-1,-1
445,100,1714.77,410.77,62.82,237.58,0.804,-1,-1,-1
445,102,1117.94,371.05,120.16,370.02,0.877,-1,-1,-1
445,103,1813.43,434.34,45.26,192.48,0.569,-1,-1,-1
445,104,1238.31,471.70,46.24,167.49,0.779,-1,-1,-1
445,106,1849.48,388.58,56.45,289.00,0.855,-1,-1,-1
445,107,36.37,283.11,205.99,642.55,0.936,-1,-1,-1
446,5,1756.67,429.75,84.76,221.02,0.851,-1,-1,-1
446,80,323.58,204.93,315.11,797.67,0.920,-1,-1,-1
446,97,1385.14,451.69,76.34,194.45,0.896,-1,-1,-1
446,100,1719.03,411.79,62.65,236.22,0.789,-1,-1,-1
446,102,1129.11,370.62,118.48,368.87,0.900,-1,-1,-1
446,104,1242.45,472.30,47.69,167.55,0.759,-1,-1,-1
446,106,1845.38,388.99,57.38,287.13,0.849,-1,-1,-1
446,107,38.41,285.40,208.62,641.92,0.941,-1,-1,-1
446,108,1680.95,472.95,47.23,113.64,0.775,-1,-1,-1
447,5,1758.45,430.57,83.41,219.12,0.842,-1,-1,-1
447,80,305.92,203.13,318.04,804.43,0.922,-1,-1,-1
447,97,1385.56,452.56,77.82,193.59,0.886,-1,-1,-1
447,100,1722.60,412.36,62.08,233.13,0.804,-1,-1,-1
447,102,1137.34,369.10,118.02,370.99,0.884,-1,-1,-1
447,104,1246.50,472.44,48.66,167.25,0.697,-1,-1,-1
447,106,1837.68,391.67,59.13,284.66,0.862,-1,-1,-1
447,107,38.45,287.04,211.93,642.18,0.937,-1,-1,-1
447,108,1680.78,472.74,47.28,113.67,0.790,-1,-1,-1
448,5,1759.06,431.27,81.39,217.09,0.805,-1,-1,-1
448,80,267.90,201.91,326.69,812.61,0.916,-1,-1,-1
448,97,1385.58,452.63,79.44,193.94,0.870,-1,-1,-1
448,100,1725.83,411.73,62.35,232.42,0.821,-1,-1,-1
448,102,1147.55,369.47,116.66,369.53,0.888,-1,-1,-1
448,104,1249.70,471.78,48.89,167.00,0.508,-1,-1,-1
448,106,1823.35,393.15,63.22,284.09,0.901,-1,-1,-1
448,107,38.84,285.93,213.86,637.60,0.917,-1,-1,-1
448,108,1680.95,472.78,47.29,113.53,0.787,-1,-1,-1
449,5,1760.83,431.71,79.96,216.02,0.673,-1,-1,-1
449,80,240.17,201.59,336.89,821.08,0.910,-1,-1,-1
449,97,1386.45,452.09,80.75,194.69,0.872,-1,-1,-1
449,100,1727.73,410.89,62.79,232.25,0.828,-1,-1,-1
449,102,1156.35,370.23,115.99,369.10,0.875,-1,-1,-1
449,106,1812.41,394.64,68.22,283.66,0.916,-1,-1,-1
449,107,37.28,285.02,217.62,637.84,0.925,-1,-1,-1
449,108,1681.37,472.95,47.46,113.67,0.788,-1,-1,-1
449,109,1878.74,380.36,34.13,280.40,0.682,-1,-1,-1
450,80,218.70,201.50,349.38,834.45,0.909,-1,-1,-1
450,97,1389.96,452.11,80.96,194.88,0.866,-1,-1,-1
450,100,1729.99,411.13,63.35,230.69,0.842,-1,-1,-1
450,102,1170.10,373.67,116.64,365.27,0.891,-1,-1,-1
450,106,1805.13,398.66,72.29,278.71,0.899,-1,-1,-1
450,107,34.35,283.62,223.43,644.09,0.931,-1,-1,-1
450,108,1681.58,473.14,47.69,113.88,0.773,-1,-1,-1
450,109,1873.94,381.94,34.59,280.37,0.776,-1,-1,-1
451,80,203.13,201.63,360.43,843.62,0.921,-1,-1,-1
451,97,1392.69,451.86,80.72,194.77,0.877,-1,-1,-1
451,100,1730.52,411.89,63.89,228.73,0.850,-1,-1,-1
451,102,1181.52,375.73,118.64,361.84,0.898,-1,-1,-1
451,106,1799.34,398.26,77.63,278.21,0.907,-1,-1,-1
451,107,31.91,282.56,225.20,638.99,0.910,-1,-1,-1
451,108,1681.74,473.69,47.61,113.37,0.764,-1,-1,-1
451,109,1869.81,384.70,34.62,274.80,0.747,-1,-1,-1
452,80,191.71,201.30,370.77,854.10,0.920,-1,-1,-1
452,97,1396.52,451.26,80.43,195.60,0.795,-1,-1,-1
452,100,1730.20,412.40,64.55,228.54,0.843,-1,-1,-1
452,102,1188.86,378.86,121.40,357.66,0.913,-1,-1,-1
452,106,1794.89,398.71,82.46,278.43,0.875,-1,-1,-1
452,107,30.50,283.07,224.55,630.74,0.903,-1,-1,-1
452,108,1681.54,473.92,47.46,112.78,0.757,-1,-1,-1
452,109,1866.31,385.69,35.34,275.34,0.606,-1,-1,-1
453,80,177.25,196.35,378.96,866.51,0.896,-1,-1,-1
453,97,1403.67,451.08,78.97,195.55,0.813,-1,-1,-1
453,100,1728.98,413.41,64.72,227.96,0.829,-1,-1,-1
453,102,1192.02,382.10,124.07,353.81,0.917,-1,-1,-1
453,106,1785.92,399.11,86.09,278.88,0.883,-1,-1,-1
453,107,40.99,282.00,222.98,628.48,0.882,-1,-1,-1
453,108,1681.21,473.97,47.44,112.49,0.761,-1,-1,-1
453,109,1855.30,388.16,37.01,274.02,0.748,-1,-1,-1
454,80,163.28,189.43,385.06,876.65,0.887,-1,-1,-1
454,97,1409.86,451.17,77.27,195.28,0.859,-1,-1,-1
454,100,1728.96,415.14,63.94,225.16,0.715,-1,-1,-1
454,102,1193.14,384.05,126.95,351.73,0.917,-1,-1,-1
454,106,1777.36,400.15,87.82,277.32,0.831,-1,-1,-1
454,107,53.92,281.09,220.49,627.10,0.816,-1,-1,-1
454,108,1680.98,473.91,47.45,112.30,0.765,-1,-1,-1
454,109,1847.33,389.32,39.31,273.94,0.755,-1,-1,-1
455,80,136.44,179.63,389.92,890.31,0.869,-1,-1,-1
455,97,1414.98,450.14,76.04,196.48,0.858,-1,-1,-1
455,102,1196.63,384.78,128.94,350.41,0.907,-1,-1,-1
455,106,1757.74,400.49,89.07,274.99,0.828,-1,-1,-1
455,107,71.72,281.18,217.38,625.18,0.784,-1,-1,-1
455,108,1681.29,473.83,47.58,112.31,0.755,-1,-1,-1
455,109,1844.88,391.03,41.81,274.27,0.785,-1,-1,-1
455,110,1888.09,428.06,29.66,188.16,0.760,-1,-1,-1
456,80,99.87,171.17,390.37,894.36,0.901,-1,-1,-1
456,97,1421.85,449.31,75.58,197.41,0.885,-1,-1,-1
456,102,1201.61,384.18,129.93,349.90,0.897,-1,-1,-1
456,106,1746.18,399.30,90.61,275.36,0.848,-1,-1,-1
456,108,1681.10,473.55,47.72,112.33,0.765,-1,-1,-1
456,109,1840.07,393.53,45.42,276.24,0.833,-1,-1,-1
456,110,1881.95,428.08,35.60,225.40,0.759,-1,-1,-1
457,80,65.03,165.33,387.35,893.71,0.916,-1,-1,-1
457,97,1428.63,449.13,75.18,197.29,0.893,-1,-1,-1
457,102,1207.15,383.15,129.49,346.70,0.903,-1,-1,-1
457,106,1736.84,398.92,90.89,275.66,0.836,-1,-1,-1
457,108,1680.97,473.31,47.92,112.60,0.767,-1,-1,-1
457,109,1835.45,393.26,49.61,279.24,0.846,-1,-1,-1
457,110,1877.83,428.22,37.99,239.22,0.746,-1,-1,-1
458,80,28.56,158.40,392.78,910.54,0.904,-1,-1,-1
458,97,1434.99,449.46,75.55,197.46,0.874,-1,-1,-1
458,102,1220.37,381.24,128.95,346.00,0.905,-1,-1,-1
458,106,1726.58,399.42,90.68,275.79,0.833,-1,-1,-1
458,108,1680.98,473.66,48.18,112.96,0.761,-1,-1,-1
458,109,1829.21,392.78,54.20,280.58,0.906,-1,-1,-1
458,110,1877.00,427.87,36.91,229.72,0.811,-1,-1,-1
459,80,1.84,154.39,395.77,919.59,0.890,-1,-1,-1
459,97,1439.45,449.25,76.43,197.82,0.891,-1,-1,-1
459,102,1231.89,379.90,127.59,345.42,0.891,-1,-1,-1
459,106,1717.91,399.64,90.82,275.90,0.832,-1,-1,-1
459,108,1680.20,473.78,48.32,113.36,0.744,-1,-1,-1
459,109,1821.00,393.11,57.24,279.13,0.869,-1,-1,-1
459,110,1877.62,427.17,36.53,225.21,0.814,-1,-1,-1
460,80,-15.10,152.10,393.94,921.30,0.927,-1,-1,-1
460,97,1442.60,450.14,77.21,196.97,0.895,-1,-1,-1
460,102,1242.25,376.77,127.21,347.73,0.875,-1,-1,-1
460,106,1705.13,400.68,92.57,274.72,0.910,-1,-1,-1
460,108,1677.99,473.62,47.94,113.35,0.688,-1,-1,-1
460,109,1807.03,392.61,59.08,278.83,0.754,-1,-1,-1
460,110,1878.80,426.55,36.49,223.42,0.826,-1,-1,-1
460,111,1842.18,435.04,39.54,191.38,0.738,-1,-1,-1
461,80,-26.65,148.91,390.67,926.47,0.915,-1,-1,-1
461,97,1444.41,450.79,78.27,196.44,0.899,-1,-1,-1
461,102,1249.44,375.59,126.67,348.67,0.878,-1,-1,-1
461,106,1692.92,402.41,95.30,273.18,0.895,-1,-1,-1
461,109,1791.97,392.38,60.47,278.23,0.805,-1,-1,-1
461,110,1879.97,426.66,36.42,221.83,0.818,-1,-1,-1
461,111,1837.23,433.37,41.99,202.31,0.796,-1,-1,-1
462,80,-31.97,146.51,385.02,929.31,0.916,-1,-1,-1
462,97,1445.78,451.39,79.38,195.67,0.898,-1,-1,-1
462,102,1257.68,375.04,125.74,349.13,0.854,-1,-1,-1
462,106,1682.36,406.44,98.46,269.04,0.910,-1,-1,-1
462,109,1780.50,392.01,61.30,278.41,0.783,-1,-1,-1
462,110,1881.41,427.15,36.45,221.78,0.801,-1,-1,-1
462,111,1834.86,431.78,43.54,208.26,0.837,-1,-1,-1
463,80,-36.97,146.40,379.03,928.96,0.941,-1,-1,-1
463,97,1447.40,451.51,80.27,195.62,0.890,-1,-1,-1
463,102,1268.76,379.05,122.81,344.49,0.836,-1,-1,-1
463,106,1673.45,408.30,103.24,267.38,0.926,-1,-1,-1
463,109,1772.25,393.64,62.19,276.76,0.851,-1,-1,-1
463,110,1883.49,429.81,35.63,217.12,0.782,-1,-1,-1
463,111,1833.37,430.10,45.16,212.35,0.856,-1,-1,-1
463,112,259.48,300.33,180.86,577.58,0.906,-1,-1,-1
464,80,-37.17,142.60,374.93,931.69,0.935,-1,-1,-1
464,97,1450.14,451.74,80.45,195.39,0.892,-1,-1,-1
464,102,1274.36,382.95,121.29,340.31,0.889,-1,-1,-1
464,106,1668.08,410.04,107.36,265.16,0.922,-1,-1,-1
464,109,1762.18,395.02,64.56,275.98,0.858,-1,-1,-1
464,110,1885.75,433.37,34.52,211.31,0.783,-1,-1,-1
464,111,1831.38,428.55,46.43,214.10,0.862,-1,-1,-1
464,112,249.20,301.77,187.53,591.03,0.917,-1,-1,-1
465,80,-41.17,136.81,371.32,937.70,0.910,-1,-1,-1
465,97,1455.30,451.95,79.44,194.31,0.884,-1,-1,-1
465,102,1284.00,385.75,120.55,337.42,0.876,-1,-1,-1
465,106,1663.42,410.78,111.45,264.69,0.908,-1,-1,-1
465,109,1746.33,397.10,69.09,274.39,0.889,-1,-1,-1
465,110,1888.34,438.79,33.07,203.84,0.672,-1,-1,-1
465,111,1830.57,427.75,48.00,214.84,0.864,-1,-1,-1
465,112,240.73,301.33,192.82,596.92,0.923,-1,-1,-1
466,80,-45.72,132.11,366.69,942.52,0.887,-1,-1,-1
466,97,1460.74,451.44,78.31,194.40,0.851,-1,-1,-1
466,102,1292.11,388.00,120.14,334.85,0.886,-1,-1,-1
466,106,1657.86,411.29,114.97,264.91,0.915,-1,-1,-1
466,109,1734.10,399.47,74.58,273.56,0.901,-1,-1,-1
466,110,1891.18,442.32,31.61,196.77,0.588,-1,-1,-1
466,111,1831.27,427.17,49.44,215.07,0.830,-1,-1,-1
466,112,244.60,301.26,195.74,596.31,0.922,-1,-1,-1
467,80,-55.68,125.70,360.24,949.45,0.885,-1,-1,-1
467,97,1466.43,451.02,77.21,194.83,0.841,-1,-1,-1
467,102,1297.82,389.69,119.87,332.76,0.898,-1,-1,-1
467,106,1652.81,411.53,117.30,264.88,0.901,-1,-1,-1
467,109,1724.46,400.54,80.53,272.44,0.911,-1,-1,-1
467,111,1833.58,427.31,51.02,214.96,0.840,-1,-1,-1
467,112,254.71,301.42,196.90,592.71,0.922,-1,-1,-1
468,80,-74.21,116.24,352.16,957.31,0.821,-1,-1,-1
468,97,1473.63,450.27,76.46,195.43,0.819,-1,-1,-1
468,102,1303.00,390.45,119.42,331.11,0.890,-1,-1,-1
468,106,1645.13,412.27,116.80,262.58,0.876,-1,-1,-1
468,109,1718.44,402.02,85.91,270.06,0.895,-1,-1,-1
468,111,1835.59,428.68,52.04,213.12,0.803,-1,-1,-1
468,112,272.66,299.97,195.21,585.72,0.912,-1,-1,-1
468,113,1784.77,419.25,56.58,208.64,0.818,-1,-1,-1
469,80,-88.62,106.21,342.53,965.02,0.815,-1,-1,-1
469,97,1479.17,451.04,75.50,194.75,0.817,-1,-1,-1
469,102,1308.81,389.40,118.45,330.20,0.883,-1,-1,-1
469,106,1635.83,411.14,116.30,262.71,0.840,-1,-1,-1
469,109,1717.74,402.60,89.53,269.19,0.845,-1,-1,-1
469,111,1840.69,430.23,53.97,211.22,0.850,-1,-1,-1
469,112,287.87,299.35,192.69,579.05,0.906,-1,-1,-1
469,113,1786.38,419.88,57.32,209.63,0.830,-1,-1,-1
470,80,-99.38,109.18,327.69,962.40,0.816,-1,-1,-1
470,97,1484.53,450.79,75.27,194.67,0.831,-1,-1,-1
470,102,1316.64,389.17,115.66,325.25,0.862,-1,-1,-1
470,106,1621.87,409.96,115.53,263.57,0.842,-1,-1,-1
470,109,1717.69,402.71,92.78,268.61,0.894,-1,-1,-1
470,111,1843.17,431.68,55.54,209.10,0.832,-1,-1,-1
470,112,303.55,299.80,190.92,574.42,0.912,-1,-1,-1
470,113,1786.06,420.45,58.33,211.37,0.851,-1,-1,-1
471,80,-106.63,114.00,313.28,957.49,0.767,-1,-1,-1
471,97,1491.74,450.15,75.66,194.81,0.836,-1,-1,-1
471,102,1322.26,387.21,114.33,324.83,0.879,-1,-1,-1
471,106,1610.15,409.97,113.03,263.17,0.799,-1,-1,-1
471,109,1709.41,402.40,96.24,268.11,0.890,-1,-1,-1
471,111,1844.79,433.51,56.93,206.11,0.854,-1,-1,-1
471,112,315.56,298.51,191.00,574.62,0.918,-1,-1,-1
471,113,1786.07,420.32,59.03,211.83,0.868,-1,-1,-1
471,114,120.29,476.10,70.97,270.99,0.599,-1,-1,-1
471,115,1164.10,465.53,31.32,177.26,0.803,-1,-1,-1
472,97,1498.00,450.21,76.87,194.81,0.881,-1,-1,-1
472,102,1328.20,386.09,113.24,324.93,0.876,-1,-1,-1
472,106,1601.79,410.49,110.52,262.98,0.830,-1,-1,-1
472,109,1702.40,402.29,98.73,267.81,0.894,-1,-1,-1
472,111,1843.78,435.22,57.68,203.66,0.823,-1,-1,-1
472,112,326.04,298.01,190.99,574.55,0.925,-1,-1,-1
472,113,1787.28,420.82,59.51,211.47,0.884,-1,-1,-1
472,114,125.64,514.51,60.96,231.99,0.764,-1,-1,-1
472,115,1166.80,465.17,31.48,177.46,0.767,-1,-1,-1
473,97,1505.03,450.84,78.71,194.34,0.864,-1,-1,-1
473,102,1335.68,384.48,112.51,325.73,0.855,-1,-1,-1
473,106,1594.27,411.98,107.57,261.22,0.865,-1,-1,-1
473,109,1692.38,402.09,99.72,267.12,0.898,-1,-1,-1
473,111,1842.95,437.07,58.31,201.75,0.848,-1,-1,-1
473,112,342.87,298.57,192.02,573.32,0.919,-1,-1,-1
473,113,1787.50,420.03,60.84,214.47,0.885,-1,-1,-1
473,114,127.18,527.25,57.77,219.20,0.628,-1,-1,-1
473,115,1169.72,465.46,31.85,177.55,0.812,-1,-1,-1
474,97,1509.17,451.35,80.70,193.90,0.867,-1,-1,-1
474,102,1343.48,384.23,111.36,325.74,0.852,-1,-1,-1
474,106,1585.51,413.92,106.22,259.27,0.891,-1,-1,-1
474,109,1682.04,401.32,100.28,267.32,0.894,-1,-1,-1
474,111,1844.38,438.13,58.84,199.37,0.851,-1,-1,-1
474,112,360.15,299.85,194.15,571.43,0.918,-1,-1,-1
474,113,1789.04,419.59,61.30,214.95,0.870,-1,-1,-1
474,114,122.95,499.15,65.17,247.35,0.644,-1,-1,-1
474,115,1175.11,465.28,32.81,177.99,0.861,-1,-1,-1
475,97,1507.61,450.67,82.59,195.85,0.881,-1,-1,-1
475,102,1355.84,384.98,111.51,324.65,0.898,-1,-1,-1
475,106,1575.28,416.50,106.42,256.57,0.899,-1,-1,-1
475,109,1668.39,401.54,99.91,267.07,0.868,-1,-1,-1
475,111,1846.41,438.38,59.25,197.15,0.857,-1,-1,-1
475,112,381.35,301.70,198.54,570.49,0.939,-1,-1,-1
475,113,1790.22,419.34,61.39,214.38,0.866,-1,-1,-1
475,114,119.71,482.23,69.61,264.19,0.629,-1,-1,-1
475,115,1182.38,466.00,34.11,177.00,0.876,-1,-1,-1
475,116,42.38,500.81,66.63,249.06,0.588,-1,-1,-1
476,97,1506.93,451.27,83.07,194.82,0.880,-1,-1,-1
476,102,1367.00,387.08,112.03,321.87,0.911,-1,-1,-1
476,106,1568.33,419.33,107.27,253.76,0.901,-1,-1,-1
476,109,1652.78,401.82,99.37,266.37,0.842,-1,-1,-1
476,111,1847.12,437.84,60.20,196.68,0.868,-1,-1,-1
476,112,395.85,303.50,203.14,569.02,0.944,-1,-1,-1
476,113,1791.11,418.53,61.71,214.86,0.873,-1,-1,-1
476,114,123.46,506.94,63.43,239.49,0.687,-1,-1,-1
476,115,1186.76,466.13,35.95,176.79,0.894,-1,-1,-1
476,116,42.46,500.51,66.76,249.31,0.597,-1,-1,-1
477,97,1505.92,451.53,83.36,194.00,0.882,-1,-1,-1
477,102,1374.86,389.35,113.60,319.46,0.914,-1,-1,-1
477,106,1564.54,423.31,107.88,250.15,0.901,-1,-1,-1
477,109,1640.21,402.92,98.44,265.52,0.874,-1,-1,-1
477,111,1847.08,436.80,61.54,197.50,0.871,-1,-1,-1
477,112,405.99,305.58,206.98,566.63,0.936,-1,-1,-1
477,113,1792.64,418.61,61.58,214.42,0.859,-1,-1,-1
477,114,124.83,516.39,61.13,230.10,-1.000,-1,-1,-1
477,115,1188.46,465.74,38.18,177.24,0.902,-1,-1,-1
477,116,36.02,501.31,66.96,248.73,0.545,-1,-1,-1
478,97,1504.64,451.11,83.00,194.02,0.831,-1,-1,-1
478,102,1382.78,391.24,114.61,316.77,0.895,-1,-1,-1
478,106,1561.20,424.98,109.27,248.63,0.901,-1,-1,-1
478,109,1635.77,404.46,97.31,264.07,0.852,-1,-1,-1
478,111,1847.30,434.91,63.30,199.31,0.882,-1,-1,-1
478,112,414.79,308.00,209.82,564.20,0.933,-1,-1,-1
478,113,1794.42,418.73,61.39,213.75,0.856,-1,-1,-1
478,114,126.20,525.85,58.84,220.71,0.678,-1,-1,-1
478,115,1189.26,465.02,40.36,177.69,0.883,-1,-1,-1
478,116,38.21,501.35,66.93,248.67,-1.000,-1,-1,-1
479,97,1505.73,450.87,82.05,193.87,0.795,-1,-1,-1
479,102,1387.19,393.49,115.09,313.84,0.907,-1,-1,-1
479,106,1558.30,424.73,110.77,248.49,0.903,-1,-1,-1
479,109,1629.80,405.32,97.59,263.27,0.866,-1,-1,-1
479,111,1847.12,433.73,64.82,200.27,0.887,-1,-1,-1
479,112,419.58,311.29,211.28,559.87,0.930,-1,-1,-1
479,113,1795.38,419.25,61.23,213.01,0.846,-1,-1,-1
479,114,126.67,529.13,58.36,217.48,0.710,-1,-1,-1
479,115,1189.92,464.24,42.38,178.31,0.882,-1,-1,-1
479,116,40.40,501.38,66.89,248.60,0.512,-1,-1,-1
480,97,1509.91,450.08,81.11,193.22,0.568,-1,-1,-1
480,102,1391.04,394.04,115.65,312.68,0.927,-1,-1,-1
480,106,1552.50,424.40,111.03,248.55,0.909,-1,-1,-1
480,109,1622.19,408.32,98.43,260.66,0.854,-1,-1,-1
480,111,1847.64,433.65,65.77,200.17,0.882,-1,-1,-1
480,112,421.19,314.54,211.80,553.28,0.933,-1,-1,-1
480,113,1798.03,420.17,61.24,212.16,0.837,-1,-1,-1
480,114,126.97,531.86,58.07,214.90,0.666,-1,-1,-1
480,115,1193.03,462.78,44.07,179.95,0.875,-1,-1,-1
480,116,40.75,501.11,67.01,248.86,-1.000,-1,-1,-1
481,102,1394.14,394.68,115.66,311.64,0.905,-1,-1,-1
481,106,1542.97,423.13,109.86,248.98,0.828,-1,-1,-1
481,109,1618.12,410.43,99.38,259.09,0.832,-1,-1,-1
481,111,1847.85,434.12,66.55,199.90,0.880,-1,-1,-1
481,112,421.45,316.05,213.30,549.70,0.935,-1,-1,-1
481,113,1798.35,420.91,61.36,211.71,0.839,-1,-1,-1
481,114,126.97,532.49,58.24,214.37,0.582,-1,-1,-1
481,115,1198.16,462.54,45.23,180.29,0.882,-1,-1,-1
481,116,41.10,500.84,67.12,249.13,0.587,-1,-1,-1
482,102,1397.43,394.25,115.37,310.95,0.902,-1,-1,-1
482,106,1534.97,421.21,108.45,249.87,0.846,-1,-1,-1
482,109,1612.16,412.58,101.21,257.08,0.862,-1,-1,-1
482,111,1848.91,435.73,66.69,198.46,0.871,-1,-1,-1
482,112,422.83,315.91,214.64,547.68,0.929,-1,-1,-1
482,113,1798.77,421.79,61.49,210.89,0.830,-1,-1,-1
482,114,126.87,533.12,58.41,213.62,0.600,-1,-1,-1
482,115,1203.37,462.00,46.00,180.65,0.842,-1,-1,-1
482,116,44.92,500.54,66.92,249.16,0.514,-1,-1,-1
483,102,1402.94,393.95,113.60,307.75,0.861,-1,-1,-1
483,106,1528.19,420.54,106.15,250.08,0.842,-1,-1,-1
483,109,1608.65,414.28,103.01,255.17,0.900,-1,-1,-1
483,111,1849.97,437.50,66.54,196.52,0.877,-1,-1,-1
483,112,426.54,316.54,214.42,544.06,0.924,-1,-1,-1
483,113,1798.41,422.73,61.84,209.77,0.835,-1,-1,-1
483,114,126.82,533.39,58.55,213.54,-1.000,-1,-1,-1
483,115,1209.89,461.16,46.78,181.53,0.809,-1,-1,-1
483,117,1685.04,474.00,41.61,112.83,0.708,-1,-1,-1
484,102,1409.68,393.35,111.92,306.39,0.854,-1,-1,-1
484,106,1520.76,420.39,104.15,250.04,0.753,-1,-1,-1
484,109,1603.11,414.87,105.18,254.61,0.887,-1,-1,-1
484,111,1851.32,438.20,66.52,195.67,0.879,-1,-1,-1
484,112,431.99,315.90,213.59,541.51,0.918,-1,-1,-1
484,113,1798.37,423.94,62.09,208.06,0.839,-1,-1,-1
484,114,126.77,533.65,58.69,213.46,0.552,-1,-1,-1
484,115,1215.50,459.89,47.79,182.76,0.848,-1,-1,-1
484,117,1684.38,474.35,41.46,112.07,0.696,-1,-1,-1
484,118,19.81,236.18,175.38,738.30,0.927,-1,-1,-1
485,102,1418.00,392.36,110.80,306.24,0.829,-1,-1,-1
485,106,1512.34,420.49,102.17,250.35,0.781,-1,-1,-1
485,109,1594.96,415.69,105.96,253.39,0.886,-1,-1,-1
485,111,1852.20,438.19,66.49,195.07,0.874,-1,-1,-1
485,112,442.63,316.11,209.43,533.74,0.920,-1,-1,-1
485,113,1798.48,424.74,62.45,206.50,0.827,-1,-1,-1
485,115,1221.15,459.77,48.45,182.71,0.825,-1,-1,-1
485,117,1684.56,474.17,41.70,112.33,0.736,-1,-1,-1
485,118,29.48,219.10,180.70,752.99,0.942,-1,-1,-1
486,102,1425.23,391.16,109.57,306.33,0.860,-1,-1,-1
486,106,1501.46,421.76,100.78,249.18,0.844,-1,-1,-1
486,109,1588.28,415.41,105.65,252.25,0.883,-1,-1,-1
486,111,1852.45,437.45,66.79,195.65,0.880,-1,-1,-1
486,112,453.14,314.82,206.26,529.77,0.921,-1,-1,-1
486,113,1798.99,425.02,63.07,205.76,0.846,-1,-1,-1
486,115,1226.10,460.04,50.10,182.51,0.848,-1,-1,-1
486,117,1684.65,474.14,41.86,112.31,0.734,-1,-1,-1
486,118,33.90,215.86,183.75,755.72,0.937,-1,-1,-1
487,102,1430.31,390.71,108.17,306.41,0.875,-1,-1,-1
487,106,1493.80,423.24,99.88,247.38,0.853,-1,-1,-1
487,109,1580.83,414.99,104.45,251.10,0.882,-1,-1,-1
487,111,1853.05,436.97,66.65,195.22,0.875,-1,-1,-1
487,112,464.27,313.99,203.40,528.58,0.932,-1,-1,-1
487,113,1801.26,424.73,63.44,205.63,0.850,-1,-1,-1
487,115,1231.63,460.42,52.46,182.21,0.881,-1,-1,-1
487,117,1684.52,474.20,42.03,112.27,0.751,-1,-1,-1
487,118,35.33,220.11,185.89,752.62,0.942,-1,-1,-1
488,102,1436.05,391.77,106.35,305.09,0.834,-1,-1,-1
488,106,1493.32,425.49,97.84,243.84,0.824,-1,-1,-1
488,109,1570.46,414.66,102.70,250.42,0.855,-1,-1,-1
488,111,1854.24,435.69,66.33,194.89,0.877,-1,-1,-1
488,112,475.29,313.18,200.78,528.13,0.932,-1,-1,-1
488,113,1803.50,424.57,63.34,203.81,0.846,-1,-1,-1
488,115,1239.77,460.16,55.74,182.42,0.885,-1,-1,-1
488,117,1684.44,474.13,42.27,112.42,0.743,-1,-1,-1
488,118,35.57,220.65,188.97,752.72,0.926,-1,-1,-1
489,102,1441.16,393.34,104.69,303.26,0.829,-1,-1,-1
489,106,1495.42,428.64,95.57,240.80,0.753,-1,-1,-1
489,109,1560.64,414.72,100.83,250.19,0.838,-1,-1,-1
489,111,1854.91,434.63,66.19,195.20,0.872,-1,-1,-1
489,112,483.43,312.75,198.36,527.67,0.931,-1,-1,-1
489,113,1804.86,424.17,63.62,203.47,0.830,-1,-1,-1
489,115,1242.57,460.66,58.47,181.91,0.888,-1,-1,-1
489,117,1684.19,474.34,42.41,112.21,0.758,-1,-1,-1
489,118,34.34,220.87,192.28,753.29,0.926,-1,-1,-1
490,102,1446.96,395.37,103.52,300.60,0.740,-1,-1,-1
490,109,1550.42,415.08,98.98,249.98,0.811,-1,-1,-1
490,111,1856.18,433.76,65.81,195.42,0.870,-1,-1,-1
490,112,492.70,313.94,195.71,526.19,0.927,-1,-1,-1
490,113,1807.49,423.68,63.76,203.59,0.875,-1,-1,-1
490,115,1245.02,461.02,60.69,181.25,0.891,-1,-1,-1
490,117,1683.90,474.59,42.57,112.05,0.727,-1,-1,-1
490,118,33.29,217.78,198.70,764.82,0.926,-1,-1,-1
491,102,1452.88,397.27,102.61,297.97,0.789,-1,-1,-1
491,109,1543.38,415.62,98.08,250.00,0.770,-1,-1,-1
491,111,1857.63,433.35,65.21,195.30,0.863,-1,-1,-1
491,112,501.56,316.02,193.39,524.66,0.926,-1,-1,-1
491,113,1810.27,423.42,63.64,203.43,0.880,-1,-1,-1
491,115,1246.73,460.38,62.70,181.45,0.882,-1,-1,-1
491,117,1683.75,474.71,42.76,111.86,0.747,-1,-1,-1
491,118,45.20,217.81,200.42,762.26,0.913,-1,-1,-1
492,102,1457.29,398.24,102.41,296.75,0.804,-1,-1,-1
492,109,1538.71,417.02,97.00,249.10,0.840,-1,-1,-1
492,111,1858.97,433.17,64.64,195.65,0.858,-1,-1,-1
492,112,509.89,318.26,191.19,523.35,0.921,-1,-1,-1
492,113,1812.59,423.70,63.84,203.42,0.882,-1,-1,-1
492,115,1248.77,458.50,64.83,183.25,0.878,-1,-1,-1
492,117,1683.61,474.77,42.99,111.78,0.738,-1,-1,-1
492,118,78.88,217.31,198.87,755.93,0.881,-1,-1,-1
493,102,1465.58,399.13,102.53,296.51,0.876,-1,-1,-1
493,109,1534.95,418.71,96.64,248.39,0.867,-1,-1,-1
493,111,1860.45,433.19,63.75,195.17,0.851,-1,-1,-1
493,112,519.33,319.94,188.95,521.73,0.925,-1,-1,-1
493,113,1815.60,424.07,64.58,203.19,0.881,-1,-1,-1
493,115,1251.79,457.56,65.90,183.61,0.883,-1,-1,-1
493,117,1683.66,474.35,43.37,112.13,0.744,-1,-1,-1
493,118,112.70,219.04,199.23,753.93,0.895,-1,-1,-1
493,119,45.56,499.87,63.77,249.78,0.597,-1,-1,-1
494,102,1469.99,400.72,101.85,294.49,0.877,-1,-1,-1
494,109,1531.98,420.49,95.98,245.95,0.839,-1,-1,-1
494,111,1861.10,433.92,62.90,194.43,0.853,-1,-1,-1
494,112,529.23,322.71,186.44,517.75,0.927,-1,-1,-1
494,113,1818.40,424.59,65.13,202.79,0.876,-1,-1,-1
494,115,1257.76,456.05,66.41,184.96,0.887,-1,-1,-1
494,117,1683.74,474.29,43.70,112.33,0.742,-1,-1,-1
494,118,141.39,222.60,202.72,750.71,0.903,-1,-1,-1
494,119,46.37,499.63,63.86,249.96,0.590,-1,-1,-1
494,120,1592.20,449.18,57.78,190.30,0.799,-1,-1,-1
495,102,1473.35,401.50,100.47,290.36,0.788,-1,-1,-1
495,109,1530.30,422.26,95.53,244.52,0.662,-1,-1,-1
495,111,1862.73,434.78,61.83,193.59,0.847,-1,-1,-1
495,112,542.42,325.86,184.76,513.35,0.926,-1,-1,-1
495,113,1821.12,425.61,65.67,201.56,0.872,-1,-1,-1
495,115,1265.54,454.92,66.37,185.88,0.844,-1,-1,-1
495,117,1683.75,474.30,43.97,112.32,0.744,-1,-1,-1
495,118,176.99,229.20,211.76,742.22,0.936,-1,-1,-1
495,119,38.41,499.58,64.41,250.12,0.672,-1,-1,-1
495,120,1594.67,449.06,57.79,190.42,0.821,-1,-1,-1
496,102,1478.18,400.42,99.25,289.34,0.834,-1,-1,-1
496,109,1537.88,437.50,89.25,229.43,0.698,-1,-1,-1
496,111,1863.90,435.89,60.73,192.44,0.835,-1,-1,-1
496,112,551.89,328.64,183.50,509.51,0.925,-1,-1,-1
496,113,1821.89,426.71,65.44,200.21,0.850,-1,-1,-1
496,115,1272.86,454.34,66.11,186.75,0.829,-1,-1,-1
496,117,1683.60,474.46,44.20,112.21,0.715,-1,-1,-1
496,118,200.52,237.34,223.69,733.85,0.941,-1,-1,-1
496,119,33.61,500.26,65.00,249.54,0.731,-1,-1,-1
496,120,1597.20,449.21,57.65,190.26,0.811,-1,-1,-1
497,102,1482.46,399.63,98.57,289.05,0.633,-1,-1,-1
497,111,1864.64,437.36,59.76,191.39,0.838,-1,-1,-1
497,112,559.31,331.06,182.28,506.01,0.922,-1,-1,-1
497,113,1823.75,427.78,65.37,198.70,0.852,-1,-1,-1
497,115,1279.54,454.15,65.48,186.83,0.840,-1,-1,-1
497,117,1683.11,474.46,44.40,112.22,0.709,-1,-1,-1
497,118,213.25,244.66,236.36,726.47,0.929,-1,-1,-1
497,119,36.18,500.26,65.05,249.54,-1.000,-1,-1,-1
497,120,1598.56,448.38,58.01,191.81,0.819,-1,-1,-1
497,121,124.43,528.69,65.58,217.28,0.675,-1,-1,-1
498,102,1488.54,397.42,97.66,289.03,0.837,-1,-1,-1
498,111,1865.79,438.57,58.68,190.14,0.829,-1,-1,-1
498,112,568.33,332.99,181.04,502.83,0.917,-1,-1,-1
498,113,1824.30,428.42,65.15,198.02,0.843,-1,-1,-1
498,115,1286.74,453.30,64.86,187.96,0.864,-1,-1,-1
498,117,1683.24,474.52,44.83,112.55,0.732,-1,-1,-1
498,118,219.10,251.08,248.17,716.80,0.933,-1,-1,-1
498,119,38.74,500.26,65.10,249.53,0.538,-1,-1,-1
498,120,1601.08,447.83,58.38,193.31,0.832,-1,-1,-1
498,121,124.07,530.21,65.26,215.98,0.677,-1,-1,-1
498,122,1431.39,431.17,71.06,239.47,0.803,-1,-1,-1
499,102,1492.99,396.02,97.53,290.56,0.838,-1,-1,-1
499,111,1867.26,439.59,57.47,188.66,0.825,-1,-1,-1
499,112,574.49,333.54,180.08,501.25,0.927,-1,-1,-1
499,113,1824.93,428.67,64.76,197.64,0.845,-1,-1,-1
499,115,1293.89,454.34,64.58,187.10,0.866,-1,-1,-1
499,117,1683.49,474.66,45.31,113.09,0.712,-1,-1,-1
499,118,224.35,254.88,258.52,709.38,0.926,-1,-1,-1
499,119,40.72,500.27,65.33,249.58,0.660,-1,-1,-1
499,120,1604.13,447.80,58.56,194.04,0.832,-1,-1,-1
499,121,123.72,530.11,65.42,216.35,0.638,-1,-1,-1
499,122,1424.98,431.11,70.85,239.06,0.829,-1,-1,-1
500,102,1499.61,396.37,97.41,290.81,0.873,-1,-1,-1
500,111,1868.84,440.28,55.80,185.45,0.819,-1,-1,-1
500,112,582.93,334.72,177.70,497.62,0.932,-1,-1,-1
500,113,1826.22,428.49,64.47,197.81,0.853,-1,-1,-1
500,115,1301.33,455.17,65.59,186.28,0.888,-1,-1,-1
500,117,1683.39,474.70,45.75,113.62,0.707,-1,-1,-1
500,118,225.20,257.43,267.94,702.70,0.925,-1,-1,-1
500,119,40.48,500.07,65.69,249.65,0.659,-1,-1,-1
500,120,1608.61,447.83,58.76,194.13,0.601,-1,-1,-1
500,121,123.65,530.91,65.28,215.71,0.594,-1,-1,-1
500,122,1416.01,434.64,70.17,235.50,0.874,-1,-1,-1
501,102,1507.77,396.77,97.62,290.64,0.885,-1,-1,-1
501,111,1870.35,439.48,54.86,185.08,0.807,-1,-1,-1
501,112,591.12,333.93,175.85,496.16,0.923,-1,-1,-1
501,113,1828.17,427.98,64.05,198.41,0.855,-1,-1,-1
501,115,1306.05,455.76,66.98,185.48,0.878,-1,-1,-1
501,117,1683.56,474.82,46.19,113.84,0.706,-1,-1,-1
501,118,232.80,257.69,274.71,696.15,0.939,-1,-1,-1
501,119,40.52,499.95,66.14,250.06,0.682,-1,-1,-1
501,120,1614.88,449.09,58.83,192.47,0.840,-1,-1,-1
501,121,124.30,530.40,65.53,216.10,0.630,-1,-1,-1
501,122,1409.04,436.77,70.44,233.69,0.871,-1,-1,-1
502,102,1516.30,398.15,98.58,289.79,0.889,-1,-1,-1
502,111,1870.69,438.05,54.44,186.17,0.809,-1,-1,-1
502,112,599.49,334.27,173.25,491.62,0.927,-1,-1,-1
502,113,1829.63,427.53,63.36,198.04,0.855,-1,-1,-1
502,115,1308.78,456.46,68.87,185.48,0.889,-1,-1,-1
502,117,1682.97,475.04,46.14,113.12,0.723,-1,-1,-1
502,118,255.46,256.03,274.95,687.25,0.928,-1,-1,-1
502,119,42.10,500.15,66.24,249.95,0.560,-1,-1,-1
502,120,1619.55,449.61,59.41,191.54,0.817,-1,-1,-1
502,121,124.02,532.60,65.04,214.17,0.613,-1,-1,-1
502,122,1403.93,438.14,71.22,232.49,0.893,-1,-1,-1
502,123,1481.26,425.71,47.03,239.37,0.816,-1,-1,-1
503,102,1524.74,399.72,99.91,288.25,0.888,-1,-1,-1
503,111,1871.25,437.07,53.95,187.01,0.792,-1,-1,-1
503,112,608.70,333.68,170.37,485.34,0.923,-1,-1,-1
503,113,1830.90,427.06,62.95,197.58,0.850,-1,-1,-1
503,115,1311.13,456.79,70.70,186.24,0.873,-1,-1,-1
503,117,1682.42,475.14,46.12,112.51,0.725,-1,-1,-1
503,118,285.67,254.09,269.99,676.42,0.916,-1,-1,-1
503,120,1621.72,440.81,62.98,200.38,0.826,-1,-1,-1
503,121,123.77,533.29,64.95,213.58,0.643,-1,-1,-1
503,122,1401.07,440.74,71.83,229.81,0.894,-1,-1,-1
503,123,1476.01,424.32,47.69,240.89,0.870,-1,-1,-1
504,102,1530.74,401.39,100.61,285.58,0.888,-1,-1,-1
504,111,1871.53,436.47,53.30,187.09,0.806,-1,-1,-1
504,112,614.99,333.11,168.35,481.50,0.921,-1,-1,-1
504,113,1831.66,426.69,62.53,197.35,0.848,-1,-1,-1
504,115,1313.45,457.28,72.44,186.60,0.882,-1,-1,-1
504,117,1682.06,475.10,46.20,112.28,0.728,-1,-1,-1
504,118,311.15,251.69,264.50,672.14,0.927,-1,-1,-1
504,120,1622.50,444.59,62.40,196.58,0.816,-1,-1,-1
504,121,124.12,532.99,65.20,213.95,0.562,-1,-1,-1
504,122,1398.58,441.79,72.99,228.83,0.883,-1,-1,-1
504,123,1469.71,426.43,48.10,238.64,0.883,-1,-1,-1
505,102,1534.76,402.70,100.75,283.65,0.893,-1,-1,-1
505,111,1871.61,437.34,52.48,186.02,0.794,-1,-1,-1
505,112,621.27,332.58,167.14,480.52,0.917,-1,-1,-1
505,113,1832.86,426.27,62.39,197.76,0.840,-1,-1,-1
505,115,1317.26,456.26,73.60,187.89,0.870,-1,-1,-1
505,117,1681.99,475.00,46.27,112.14,0.726,-1,-1,-1
505,118,359.26,250.35,257.09,670.19,0.925,-1,-1,-1
505,120,1624.47,440.70,63.91,199.58,0.747,-1,-1,-1
505,121,123.14,532.39,65.52,214.50,0.706,-1,-1,-1
505,122,1395.01,441.81,73.82,227.73,0.868,-1,-1,-1
505,123,1464.00,427.04,49.25,237.89,0.871,-1,-1,-1
506,102,1536.77,403.04,100.99,282.99,0.877,-1,-1,-1
506,111,1873.12,438.31,51.35,184.52,0.790,-1,-1,-1
506,112,627.02,332.91,166.00,479.62,0.912,-1,-1,-1
506,113,1833.81,426.11,62.24,197.70,0.846,-1,-1,-1
506,115,1320.98,455.76,74.06,188.74,0.860,-1,-1,-1
506,117,1682.11,474.88,46.42,112.24,0.724,-1,-1,-1
506,118,398.90,250.33,250.48,668.93,0.918,-1,-1,-1
506,120,1622.60,436.56,65.94,203.48,0.748,-1,-1,-1
506,121,122.92,531.45,65.90,215.32,0.752,-1,-1,-1
506,122,1388.23,440.47,74.50,228.31,0.856,-1,-1,-1
506,123,1458.23,427.99,50.82,237.72,0.875,-1,-1,-1
507,102,1539.23,404.41,100.59,281.35,0.880,-1,-1,-1
507,111,1874.70,439.34,50.21,183.35,0.805,-1,-1,-1
507,112,633.23,333.50,164.95,478.27,0.912,-1,-1,-1
507,113,1834.59,426.28,62.10,197.64,0.845,-1,-1,-1
507,115,1325.24,455.36,73.55,189.19,0.875,-1,-1,-1
507,117,1682.33,474.92,46.46,111.83,0.713,-1,-1,-1
507,118,425.00,252.22,245.49,665.65,0.905,-1,-1,-1
507,120,1625.00,440.65,65.08,199.16,0.780,-1,-1,-1
507,121,123.03,530.36,66.23,216.28,0.684,-1,-1,-1
507,122,1382.10,439.52,73.91,226.59,0.825,-1,-1,-1
507,123,1453.63,429.59,52.73,237.10,0.870,-1,-1,-1
508,102,1543.18,403.93,99.80,280.10,0.874,-1,-1,-1
508,111,1876.16,441.41,48.83,181.04,0.790,-1,-1,-1
508,112,645.78,333.23,165.94,478.55,0.913,-1,-1,-1
508,113,1835.31,427.05,62.00,196.96,0.830,-1,-1,-1
508,115,1331.86,455.88,72.27,189.30,0.802,-1,-1,-1
508,117,1682.81,475.23,46.38,111.38,0.656,-1,-1,-1
508,118,445.85,257.33,243.17,660.73,0.915,-1,-1,-1
508,120,1628.04,446.43,63.57,193.16,0.820,-1,-1,-1
508,121,122.64,528.66,66.82,218.17,0.669,-1,-1,-1
508,122,1374.98,438.23,73.74,226.84,0.792,-1,-1,-1
508,123,1448.25,431.26,54.88,235.52,0.866,-1,-1,-1
509,102,1546.59,404.06,98.41,277.74,0.873,-1,-1,-1
509,111,1877.37,443.33,47.42,178.11,0.757,-1,-1,-1
509,112,657.24,334.71,166.97,476.27,0.912,-1,-1,-1
509,113,1833.85,427.79,62.24,195.74,0.792,-1,-1,-1
509,115,1337.15,456.03,71.29,189.47,0.640,-1,-1,-1
509,117,1683.58,475.36,46.25,111.14,0.541,-1,-1,-1
509,118,462.95,262.43,243.47,654.91,0.925,-1,-1,-1
509,120,1629.48,448.61,63.17,190.81,0.813,-1,-1,-1
509,121,122.62,528.85,66.79,217.98,0.640,-1,-1,-1
509,122,1366.02,436.60,73.59,229.13,0.813,-1,-1,-1
509,123,1444.27,432.19,57.42,234.57,0.883,-1,-1,-1
510,102,1550.04,403.06,96.90,275.82,0.871,-1,-1,-1
510,111,1879.06,442.46,52.19,201.17,0.535,-1,-1,-1
510,112,671.79,337.14,168.43,473.33,0.917,-1,-1,-1
510,113,1832.93,429.01,63.12,194.68,0.800,-1,-1,-1
510,118,478.11,271.10,246.44,646.86,0.932,-1,-1,-1
510,120,1631.86,449.35,63.49,190.12,0.809,-1,-1,-1
510,121,122.16,527.69,67.12,219.01,0.745,-1,-1,-1
510,122,1357.02,436.61,72.71,228.00,0.829,-1,-1,-1
510,123,1438.29,432.74,60.01,233.99,0.878,-1,-1,-1
511,102,1553.19,402.65,95.27,274.15,0.870,-1,-1,-1
511,111,1880.54,440.02,55.05,218.24,0.535,-1,-1,-1
511,112,682.92,339.30,169.51,470.55,0.908,-1,-1,-1
511,113,1832.02,429.99,64.31,193.55,0.842,-1,-1,-1
511,118,487.39,275.15,250.85,641.81,0.921,-1,-1,-1
511,120,1635.58,448.84,63.78,189.83,0.782,-1,-1,-1
511,121,122.34,529.14,66.76,217.48,0.803,-1,-1,-1
511,122,1351.62,436.76,71.94,227.71,0.845,-1,-1,-1
511,123,1432.00,433.35,62.25,232.83,0.890,-1,-1,-1
511,124,14.82,499.67,100.90,250.39,0.596,-1,-1,-1
512,102,1555.10,400.79,94.75,276.00,0.872,-1,-1,-1
512,111,1879.41,422.24,60.00,246.07,0.618,-1,-1,-1
512,112,691.84,339.67,170.59,469.68,0.906,-1,-1,-1
512,113,1832.16,430.48,64.95,193.05,0.755,-1,-1,-1
512,118,493.34,279.00,254.58,636.67,0.916,-1,-1,-1
512,120,1640.03,450.25,63.59,188.31,0.759,-1,-1,-1
512,121,117.88,491.83,77.78,254.95,0.506,-1,-1,-1
512,122,1345.99,437.43,71.84,227.00,0.878,-1,-1,-1
512,123,1425.83,433.16,64.02,232.32,0.867,-1,-1,-1
512,124,14.32,500.09,100.64,249.85,0.592,-1,-1,-1
513,102,1550.65,401.00,95.48,275.90,0.891,-1,-1,-1
513,111,1876.24,404.09,63.69,270.53,0.703,-1,-1,-1
513,112,701.94,343.29,169.24,465.67,0.899,-1,-1,-1
513,113,1831.44,430.88,64.93,192.45,0.776,-1,-1,-1
513,118,501.80,281.75,257.75,632.61,0.927,-1,-1,-1
513,120,1646.01,449.64,64.08,188.70,0.775,-1,-1,-1
513,121,119.73,506.52,73.29,240.30,0.686,-1,-1,-1
513,122,1337.35,439.33,72.40,225.03,0.873,-1,-1,-1
513,123,1417.02,432.95,64.64,230.02,0.825,-1,-1,-1
514,102,1551.61,401.08,95.69,275.61,0.862,-1,-1,-1
514,111,1873.76,392.97,65.18,284.81,0.670,-1,-1,-1
514,112,709.83,344.20,167.17,462.47,0.894,-1,-1,-1
514,113,1832.96,431.53,63.97,191.22,0.735,-1,-1,-1
514,118,521.02,284.44,257.42,626.53,0.924,-1,-1,-1
514,120,1650.85,448.95,64.41,189.23,0.776,-1,-1,-1
514,121,120.88,516.23,70.37,230.66,0.680,-1,-1,-1
514,122,1330.07,441.47,73.79,223.13,0.888,-1,-1,-1
514,123,1409.56,433.10,64.74,228.20,0.715,-1,-1,-1
515,102,1556.16,402.90,95.09,273.87,0.887,-1,-1,-1
515,111,1870.45,384.52,65.46,294.29,0.771,-1,-1,-1
515,112,715.97,345.59,164.79,460.26,0.886,-1,-1,-1
515,113,1834.85,431.53,63.53,191.08,0.773,-1,-1,-1
515,118,544.06,283.02,252.94,616.09,0.923,-1,-1,-1
515,120,1654.17,448.40,64.99,190.06,0.789,-1,-1,-1
515,121,121.68,520.76,69.07,226.48,0.675,-1,-1,-1
515,122,1324.88,444.14,75.30,220.25,0.899,-1,-1,-1
515,123,1401.46,433.29,64.86,227.78,0.700,-1,-1,-1
516,102,1566.98,405.02,93.64,272.13,0.891,-1,-1,-1
516,111,1865.38,378.83,65.90,300.90,0.787,-1,-1,-1
516,112,720.63,345.70,162.00,457.32,0.867,-1,-1,-1
516,113,1837.68,431.33,62.90,190.75,0.699,-1,-1,-1
516,118,572.60,281.63,246.47,606.79,0.898,-1,-1,-1
516,120,1657.15,448.44,65.32,190.02,0.713,-1,-1,-1
516,121,122.37,525.39,67.82,222.11,0.726,-1,-1,-1
516,122,1320.88,446.63,77.10,217.02,0.892,-1,-1,-1
516,123,1387.03,432.98,65.40,227.95,0.778,-1,-1,-1
517,102,1574.15,406.93,92.53,270.34,0.894,-1,-1,-1
517,111,1860.63,375.53,66.55,305.11,0.716,-1,-1,-1
517,112,725.39,346.72,158.77,451.73,0.753,-1,-1,-1
517,113,1839.71,431.31,61.91,189.52,0.622,-1,-1,-1
517,118,600.33,280.20,238.96,600.14,0.908,-1,-1,-1
517,120,1658.58,448.43,65.85,190.44,0.763,-1,-1,-1
517,121,122.65,526.72,67.43,220.75,0.679,-1,-1,-1
517,122,1317.68,447.87,79.20,215.63,0.876,-1,-1,-1
517,123,1385.82,432.76,65.62,227.77,0.725,-1,-1,-1
517,125,15.31,500.46,99.67,249.79,0.624,-1,-1,-1
518,102,1580.46,409.07,91.39,268.39,0.889,-1,-1,-1
518,111,1855.71,373.98,67.11,306.77,0.776,-1,-1,-1
518,112,738.88,346.64,153.45,446.98,0.838,-1,-1,-1
518,113,1841.35,431.08,61.39,189.39,0.750,-1,-1,-1
518,118,627.45,280.79,230.94,595.31,0.890,-1,-1,-1
518,120,1660.39,449.21,66.03,190.03,0.724,-1,-1,-1
518,121,122.83,527.94,67.12,219.37,0.797,-1,-1,-1
518,122,1314.40,448.21,80.64,214.36,0.867,-1,-1,-1
518,123,1380.03,433.81,66.05,227.61,0.836,-1,-1,-1
518,125,24.75,500.40,99.81,251.06,0.529,-1,-1,-1
519,102,1585.06,410.38,90.61,266.84,0.887,-1,-1,-1
519,111,1852.10,373.73,67.77,307.91,0.806,-1,-1,-1
519,112,744.82,345.05,153.75,451.96,0.723,-1,-1,-1
519,113,1843.56,430.88,61.21,189.31,0.727,-1,-1,-1
519,118,647.10,280.57,223.77,593.14,0.908,-1,-1,-1
519,120,1661.81,449.74,66.13,190.09,0.784,-1,-1,-1
519,121,123.01,530.01,66.54,217.23,0.816,-1,-1,-1
519,122,1309.20,446.56,81.01,213.32,0.810,-1,-1,-1
519,123,1372.67,434.20,67.53,228.05,0.841,-1,-1,-1
519,125,30.14,500.44,99.14,250.76,0.638,-1,-1,-1
520,102,1587.83,411.40,89.47,264.85,0.882,-1,-1,-1
520,111,1848.17,374.15,68.75,308.72,0.727,-1,-1,-1
520,112,746.17,346.01,151.70,445.26,0.828,-1,-1,-1
520,113,1842.43,431.41,61.48,188.66,0.699,-1,-1,-1
520,118,666.20,281.79,218.67,590.18,0.921,-1,-1,-1
520,120,1662.68,450.33,66.29,189.55,0.811,-1,-1,-1
520,121,122.81,531.01,66.24,215.83,0.794,-1,-1,-1
520,122,1306.01,445.51,81.34,213.02,0.801,-1,-1,-1
520,123,1371.88,435.76,67.87,226.62,0.844,-1,-1,-1
520,125,32.21,500.52,99.02,251.79,0.554,-1,-1,-1
520,126,1421.34,457.65,51.39,190.23,0.745,-1,-1,-1
521,102,1591.09,411.16,88.47,263.63,0.877,-1,-1,-1
521,111,1841.83,376.59,70.50,305.94,0.914,-1,-1,-1
521,112,752.41,346.75,150.16,441.19,0.747,-1,-1,-1
521,118,691.40,284.92,217.64,585.17,0.922,-1,-1,-1
521,120,1664.31,451.22,66.66,188.94,0.847,-1,-1,-1
521,121,124.43,530.45,66.98,216.61,0.779,-1,-1,-1
521,122,1299.93,444.23,80.80,213.32,0.864,-1,-1,-1
521,123,1369.55,438.50,67.99,222.66,0.874,-1,-1,-1
521,125,33.38,500.29,98.18,251.35,0.614,-1,-1,-1
521,126,1424.92,456.26,51.43,189.84,0.780,-1,-1,-1
522,102,1594.45,409.20,87.67,262.80,0.880,-1,-1,-1
522,111,1836.96,377.75,73.14,306.84,0.909,-1,-1,-1
522,112,761.06,347.88,147.97,437.68,0.718,-1,-1,-1
522,118,707.47,288.78,219.58,581.56,0.911,-1,-1,-1
522,120,1665.19,451.09,67.42,189.92,0.819,-1,-1,-1
522,121,127.57,528.75,68.66,218.34,0.784,-1,-1,-1
522,122,1294.54,442.83,80.06,213.77,0.823,-1,-1,-1
522,123,1366.44,441.42,68.63,219.25,0.865,-1,-1,-1
522,125,28.32,500.24,98.12,251.22,-1.000,-1,-1,-1
522,126,1430.17,455.52,51.84,190.38,0.832,-1,-1,-1
523,102,1598.51,407.63,86.89,262.25,0.890,-1,-1,-1
523,111,1832.40,378.63,75.69,306.93,0.880,-1,-1,-1
523,118,719.20,294.35,223.21,577.32,0.929,-1,-1,-1
523,120,1667.53,451.01,67.61,190.53,0.803,-1,-1,-1
523,121,129.02,527.65,70.19,219.70,0.766,-1,-1,-1
523,122,1286.84,441.11,79.28,215.22,0.801,-1,-1,-1
523,123,1361.21,442.08,70.59,218.20,0.882,-1,-1,-1
523,125,23.25,500.20,98.06,251.08,0.637,-1,-1,-1
523,126,1436.78,455.70,52.45,191.50,0.864,-1,-1,-1
524,102,1602.06,406.44,86.46,262.57,0.881,-1,-1,-1
524,111,1830.51,378.96,77.96,307.73,0.897,-1,-1,-1
524,118,723.59,299.10,225.73,570.07,0.940,-1,-1,-1
524,120,1670.83,449.32,68.12,192.34,0.778,-1,-1,-1
524,121,126.57,527.98,70.07,219.26,0.633,-1,-1,-1
524,122,1281.20,442.57,77.32,213.26,0.784,-1,-1,-1
524,123,1355.35,441.88,72.90,218.25,0.876,-1,-1,-1
524,125,19.55,500.72,97.70,250.21,0.620,-1,-1,-1
524,126,1444.78,456.13,53.30,192.09,0.874,-1,-1,-1
525,102,1605.11,405.32,86.25,263.34,0.884,-1,-1,-1
525,111,1828.08,377.96,80.57,309.44,0.915,-1,-1,-1
525,118,725.33,302.52,229.39,566.95,0.936,-1,-1,-1
525,120,1673.00,448.60,68.32,193.14,0.763,-1,-1,-1
525,121,124.10,528.93,69.57,218.17,0.749,-1,-1,-1
525,122,1276.77,444.27,75.51,211.46,0.798,-1,-1,-1
525,123,1351.05,440.88,75.08,218.94,0.883,-1,-1,-1
525,125,24.56,500.55,97.02,250.55,0.630,-1,-1,-1
525,126,1452.77,457.31,54.66,191.46,0.882,-1,-1,-1
