1,1,470.80,430.88,68.19,174.48,0.899,-1,-1,-1
1,2,1474.14,418.92,76.87,173.14,0.884,-1,-1,-1
1,3,1366.66,396.62,64.75,214.64,0.881,-1,-1,-1
1,4,683.79,410.48,59.23,196.45,0.818,-1,-1,-1
1,5,553.04,435.13,44.39,165.82,0.813,-1,-1,-1
1,6,733.39,422.31,46.85,170.55,0.791,-1,-1,-1
1,7,1228.97,413.06,32.91,113.37,0.791,-1,-1,-1
1,8,1113.55,418.09,28.95,79.51,0.782,-1,-1,-1
1,9,1595.82,424.39,36.60,102.48,0.773,-1,-1,-1
1,10,637.09,424.65,43.83,134.29,0.769,-1,-1,-1
1,11,1171.27,419.14,35.83,102.82,0.760,-1,-1,-1
1,12,960.66,416.88,31.08,102.74,0.713,-1,-1,-1
1,13,809.40,425.14,22.96,65.15,0.661,-1,-1,-1
1,14,859.20,430.73,21.67,73.05,0.657,-1,-1,-1
1,15,840.85,430.86,20.49,58.07,0.588,-1,-1,-1
1,16,599.87,432.69,43.62,166.57,0.545,-1,-1,-1
1,17,400.42,432.37,25.75,54.80,0.512,-1,-1,-1
2,1,464.45,429.87,68.33,174.83,0.897,-1,-1,-1
2,2,1467.19,419.58,76.63,172.57,0.882,-1,-1,-1
2,3,1364.70,397.51,64.48,213.76,0.881,-1,-1,-1
2,4,678.30,410.71,59.16,196.32,0.763,-1,-1,-1
2,5,552.85,433.35,44.65,166.34,0.777,-1,-1,-1
2,6,726.66,420.41,47.30,172.05,0.774,-1,-1,-1
2,7,1223.38,413.27,32.56,112.13,0.744,-1,-1,-1
2,8,1108.65,417.40,29.29,80.44,0.777,-1,-1,-1
2,9,1591.84,424.69,36.58,102.43,0.777,-1,-1,-1
2,10,631.63,422.45,44.44,136.12,0.806,-1,-1,-1
2,11,1166.95,419.26,35.95,103.25,0.736,-1,-1,-1
2,12,957.08,417.94,30.81,101.85,0.666,-1,-1,-1
2,13,804.50,424.95,22.59,64.14,0.538,-1,-1,-1
2,14,854.91,429.01,21.81,73.46,0.621,-1,-1,-1
2,16,590.48,429.25,44.93,171.17,0.718,-1,-1,-1
3,1,457.73,429.88,68.27,174.64,0.879,-1,-1,-1
3,2,1460.28,420.82,75.94,170.98,0.872,-1,-1,-1
3,3,1361.64,398.70,64.69,214.41,0.888,-1,-1,-1
3,4,669.75,410.94,59.39,197.19,0.794,-1,-1,-1
3,5,545.79,432.60,44.75,166.33,0.780,-1,-1,-1
3,6,719.94,420.29,47.37,172.18,0.790,-1,-1,-1
3,7,1218.06,413.33,29.12,100.08,0.660,-1,-1,-1
3,8,1103.15,417.31,29.33,80.54,0.800,-1,-1,-1
3,9,1585.80,424.67,36.82,103.12,0.795,-1,-1,-1
3,10,625.07,422.15,44.62,136.55,0.800,-1,-1,-1
3,11,1161.43,419.82,36.04,103.70,0.754,-1,-1,-1
3,12,951.80,417.80,30.92,102.25,0.650,-1,-1,-1
3,13,797.24,425.14,22.40,63.69,0.676,-1,-1,-1
3,14,848.69,427.78,22.40,75.49,0.607,-1,-1,-1
3,16,582.01,429.06,45.34,172.11,0.780,-1,-1,-1
4,1,450.47,430.65,68.46,175.10,0.901,-1,-1,-1
4,2,1453.48,421.75,76.06,171.52,0.873,-1,-1,-1
4,3,1358.78,400.12,65.12,215.94,0.885,-1,-1,-1
4,4,662.50,411.60,59.64,198.09,0.801,-1,-1,-1
4,5,536.83,432.44,44.77,166.24,0.797,-1,-1,-1
4,6,712.42,420.37,47.25,171.75,0.743,-1,-1,-1
4,7,1212.29,414.23,27.73,95.16,0.600,-1,-1,-1
4,8,1097.40,417.99,29.24,80.29,0.777,-1,-1,-1
4,9,1579.94,424.77,37.15,104.01,0.802,-1,-1,-1
4,10,617.82,424.58,44.28,135.48,0.829,-1,-1,-1
4,11,1154.51,421.17,36.36,104.81,0.792,-1,-1,-1
4,12,945.28,418.61,30.95,102.36,0.695,-1,-1,-1
4,13,789.85,425.28,22.67,64.57,0.687,-1,-1,-1
4,14,842.85,427.66,22.44,75.57,0.611,-1,-1,-1
4,16,574.43,429.44,45.60,172.27,0.813,-1,-1,-1
5,1,440.51,432.18,68.85,175.94,0.892,-1,-1,-1
5,2,1443.53,424.37,76.06,171.98,0.869,-1,-1,-1
5,3,1354.80,403.39,66.82,221.75,0.869,-1,-1,-1
5,4,651.35,413.95,59.86,199.23,0.765,-1,-1,-1
5,5,525.91,433.14,45.24,167.77,0.791,-1,-1,-1
5,6,698.89,422.68,47.79,173.38,0.680,-1,-1,-1
5,7,1200.64,416.34,30.31,103.96,0.638,-1,-1,-1
5,8,1088.92,420.91,29.34,80.48,0.761,-1,-1,-1
5,9,1572.48,428.57,36.73,102.80,0.727,-1,-1,-1
5,10,608.80,428.00,44.06,134.56,0.813,-1,-1,-1
5,11,1146.22,423.76,36.21,104.74,0.792,-1,-1,-1
5,13,781.86,426.85,22.93,65.39,0.567,-1,-1,-1
5,14,834.57,429.54,22.35,75.31,0.504,-1,-1,-1
5,16,565.55,430.35,46.33,173.44,0.738,-1,-1,-1
6,1,434.08,432.36,68.75,175.52,0.885,-1,-1,-1
6,2,1437.10,426.36,75.44,170.96,0.864,-1,-1,-1
6,3,1354.18,405.82,68.00,226.22,0.849,-1,-1,-1
6,4,646.80,415.56,60.31,200.64,0.748,-1,-1,-1
6,5,521.17,434.16,45.24,167.19,0.799,-1,-1,-1
6,6,694.10,423.86,47.52,172.08,0.719,-1,-1,-1
6,7,1194.63,417.73,31.49,107.81,0.721,-1,-1,-1
6,8,1084.82,423.20,29.06,79.65,0.755,-1,-1,-1
6,9,1568.29,431.01,37.05,103.61,0.692,-1,-1,-1
6,10,603.44,428.08,44.06,134.13,0.755,-1,-1,-1
6,11,1142.26,426.28,34.09,98.73,0.750,-1,-1,-1
6,13,777.19,432.77,21.40,60.99,0.561,-1,-1,-1
6,16,557.42,429.37,47.05,174.81,0.741,-1,-1,-1
7,1,428.00,433.41,69.40,177.25,0.864,-1,-1,-1
7,2,1430.76,429.38,74.62,169.67,0.864,-1,-1,-1
7,3,1353.91,407.05,69.06,230.07,0.816,-1,-1,-1
7,4,642.88,419.16,59.79,199.43,0.669,-1,-1,-1
7,5,516.53,435.54,45.56,168.09,0.758,-1,-1,-1
7,6,687.66,428.50,46.71,169.26,0.655,-1,-1,-1
7,7,1189.54,420.16,31.94,108.82,-1.000,-1,-1,-1
7,8,1081.88,425.81,29.19,79.99,-1.000,-1,-1,-1
7,9,1565.53,433.38,37.23,104.18,-1.000,-1,-1,-1
7,10,600.34,428.81,44.09,134.07,-1.000,-1,-1,-1
7,11,1138.05,428.46,34.64,100.50,-1.000,-1,-1,-1
7,13,773.07,436.21,21.20,60.39,-1.000,-1,-1,-1
7,16,551.56,432.62,46.75,172.44,0.741,-1,-1,-1
8,1,424.16,434.75,69.43,177.04,0.892,-1,-1,-1
8,2,1424.71,430.37,74.88,170.30,0.845,-1,-1,-1
8,3,1353.86,408.80,69.37,231.56,0.861,-1,-1,-1
8,4,639.21,422.08,60.07,200.18,0.735,-1,-1,-1
8,5,512.64,438.53,45.68,167.53,0.779,-1,-1,-1
8,6,682.61,429.19,47.56,172.62,0.729,-1,-1,-1
8,7,1184.44,422.59,32.39,109.82,0.813,-1,-1,-1
8,8,1078.93,428.42,29.31,80.33,0.785,-1,-1,-1
8,9,1562.76,435.75,37.40,104.75,0.707,-1,-1,-1
8,10,597.23,429.54,44.12,134.01,0.715,-1,-1,-1
8,11,1133.83,430.64,35.19,102.27,0.792,-1,-1,-1
8,13,768.96,439.65,20.99,59.80,0.638,-1,-1,-1
8,16,548.71,434.31,47.31,172.99,0.765,-1,-1,-1
9,1,422.38,434.47,69.33,176.57,0.893,-1,-1,-1
9,2,1421.45,430.17,75.37,171.57,0.867,-1,-1,-1
9,3,1355.92,408.51,69.90,233.81,0.851,-1,-1,-1
9,4,636.59,422.25,60.62,202.60,0.744,-1,-1,-1
9,5,509.63,439.55,45.85,167.43,0.784,-1,-1,-1
9,6,679.44,428.81,48.17,174.92,0.719,-1,-1,-1
9,7,1181.59,423.65,33.30,111.32,0.829,-1,-1,-1
9,8,1078.31,429.00,29.47,80.86,0.789,-1,-1,-1
9,9,1562.37,437.38,37.57,105.37,0.687,-1,-1,-1
9,10,595.97,430.00,44.00,133.41,0.686,-1,-1,-1
9,11,1132.30,431.00,35.16,102.51,0.785,-1,-1,-1
9,13,767.47,437.54,22.03,62.71,0.665,-1,-1,-1
9,16,548.06,435.99,47.25,171.14,0.780,-1,-1,-1
10,1,418.36,434.81,69.14,176.39,0.890,-1,-1,-1
10,2,1420.98,429.89,75.68,173.34,0.833,-1,-1,-1
10,3,1360.13,407.68,70.34,235.80,0.859,-1,-1,-1
10,4,634.16,421.87,61.08,204.85,0.722,-1,-1,-1
10,5,506.11,441.01,45.84,166.65,0.821,-1,-1,-1
10,6,675.15,431.38,47.68,172.97,0.659,-1,-1,-1
10,7,1180.02,424.03,33.75,111.70,0.815,-1,-1,-1
10,8,1077.22,429.47,29.62,81.40,0.794,-1,-1,-1
10,9,1562.78,437.84,37.72,105.92,0.738,-1,-1,-1
10,10,593.79,429.28,44.92,136.13,0.539,-1,-1,-1
10,11,1130.61,430.79,35.49,104.05,0.807,-1,-1,-1
10,13,765.51,438.06,22.07,62.79,0.626,-1,-1,-1
10,16,547.70,435.67,47.38,170.43,0.796,-1,-1,-1
10,18,342.72,436.56,24.67,56.86,0.685,-1,-1,-1
10,19,818.47,435.71,25.02,76.64,0.572,-1,-1,-1
11,1,415.52,435.90,68.98,176.20,0.875,-1,-1,-1
11,2,1419.90,431.20,75.20,173.46,0.756,-1,-1,-1
11,3,1363.07,407.01,70.75,237.66,0.864,-1,-1,-1
11,4,631.34,421.62,60.72,204.08,0.526,-1,-1,-1
11,5,503.31,442.58,45.89,165.96,0.820,-1,-1,-1
11,7,1179.15,424.94,33.83,111.04,0.806,-1,-1,-1
11,8,1076.19,430.30,29.51,81.13,0.767,-1,-1,-1
11,9,1563.10,439.15,37.48,105.26,0.715,-1,-1,-1
11,10,590.29,429.84,50.96,155.04,0.651,-1,-1,-1
11,11,1128.96,431.48,35.45,104.49,0.760,-1,-1,-1
11,13,763.97,439.22,21.91,62.23,0.626,-1,-1,-1
11,16,546.26,428.22,49.55,178.36,0.760,-1,-1,-1
11,18,338.80,436.97,25.05,57.76,0.581,-1,-1,-1
12,1,412.68,435.32,69.25,176.76,0.884,-1,-1,-1
12,2,1419.43,432.19,74.22,172.98,0.785,-1,-1,-1
12,3,1366.14,405.97,71.32,240.17,0.871,-1,-1,-1
12,4,630.34,420.99,59.76,201.03,0.632,-1,-1,-1
12,5,500.82,442.82,46.11,165.55,0.803,-1,-1,-1
12,7,1178.13,425.07,34.00,110.31,0.794,-1,-1,-1
12,8,1075.22,430.04,29.46,81.05,0.759,-1,-1,-1
12,9,1563.12,438.71,37.72,106.16,0.684,-1,-1,-1
12,10,587.28,428.42,54.96,168.24,0.762,-1,-1,-1
12,11,1128.11,431.26,35.25,104.53,0.777,-1,-1,-1
12,13,763.42,438.08,22.29,63.33,0.598,-1,-1,-1
12,16,545.38,425.37,50.42,181.78,0.722,-1,-1,-1
12,18,335.76,436.64,24.98,57.67,0.573,-1,-1,-1
13,1,409.55,436.44,69.05,176.48,0.881,-1,-1,-1
13,2,1418.90,433.24,73.76,173.35,0.556,-1,-1,-1
13,3,1369.01,405.98,72.02,242.74,0.868,-1,-1,-1
13,4,630.47,419.50,61.12,204.69,-1.000,-1,-1,-1
13,5,498.26,443.45,46.38,165.55,0.797,-1,-1,-1
13,7,1175.73,424.93,34.53,110.32,0.786,-1,-1,-1
13,8,1074.60,429.97,29.26,80.50,0.777,-1,-1,-1
13,9,1563.44,438.98,37.60,105.97,0.631,-1,-1,-1
13,10,586.47,429.30,51.78,158.31,0.646,-1,-1,-1
13,11,1127.11,431.44,34.94,104.23,0.764,-1,-1,-1
13,13,762.73,439.79,21.71,61.78,0.596,-1,-1,-1
13,16,543.89,423.24,51.30,185.33,0.698,-1,-1,-1
13,18,333.03,436.71,24.99,57.83,0.573,-1,-1,-1
14,1,407.07,436.98,68.97,176.30,0.874,-1,-1,-1
14,2,1415.37,433.74,73.93,174.75,-1.000,-1,-1,-1
14,3,1372.26,406.32,72.56,243.72,0.866,-1,-1,-1
14,4,630.61,418.01,62.49,208.35,0.675,-1,-1,-1
14,5,494.79,442.86,46.68,166.09,0.786,-1,-1,-1
14,7,1172.74,424.79,35.26,110.71,0.782,-1,-1,-1
14,8,1072.99,429.34,29.29,80.53,0.763,-1,-1,-1
14,9,1562.80,438.72,37.45,105.72,0.618,-1,-1,-1
14,10,581.01,429.36,55.16,169.31,0.649,-1,-1,-1
14,11,1124.83,431.24,34.81,104.63,0.737,-1,-1,-1
14,13,761.18,439.69,21.75,61.89,0.508,-1,-1,-1
14,16,542.02,430.03,49.49,178.87,0.661,-1,-1,-1
14,18,325.95,435.04,25.19,58.28,-1.000,-1,-1,-1
15,1,400.83,436.61,69.03,175.83,0.884,-1,-1,-1
15,2,1411.84,434.24,74.09,176.15,0.570,-1,-1,-1
15,3,1377.23,406.76,73.56,243.63,0.877,-1,-1,-1
15,4,622.89,416.58,63.98,212.44,0.790,-1,-1,-1
15,5,487.02,440.06,47.12,167.04,0.804,-1,-1,-1
15,7,1167.57,422.96,36.45,112.71,0.807,-1,-1,-1
15,8,1068.75,427.22,29.46,81.07,0.778,-1,-1,-1
15,9,1559.63,437.71,37.40,105.81,0.668,-1,-1,-1
15,10,574.01,429.12,57.26,176.14,0.794,-1,-1,-1
15,11,1120.39,430.07,34.34,103.83,0.752,-1,-1,-1
15,13,755.67,438.20,21.56,61.36,0.633,-1,-1,-1
15,16,534.90,429.72,49.65,179.36,0.642,-1,-1,-1
15,18,318.86,433.37,25.38,58.73,0.762,-1,-1,-1
16,1,392.71,435.99,69.91,177.11,0.880,-1,-1,-1
16,3,1379.39,407.04,75.18,245.26,0.861,-1,-1,-1
16,4,613.92,415.84,65.77,217.63,0.813,-1,-1,-1
16,5,479.66,439.18,47.83,167.99,0.824,-1,-1,-1
16,7,1162.46,422.32,36.89,112.88,0.732,-1,-1,-1
16,8,1064.19,426.77,29.59,81.22,0.767,-1,-1,-1
16,9,1555.86,437.05,37.31,105.70,0.680,-1,-1,-1
16,10,566.79,427.58,58.41,180.74,0.764,-1,-1,-1
16,11,1115.91,429.71,33.93,103.13,0.733,-1,-1,-1
16,13,750.97,436.63,21.93,62.11,0.626,-1,-1,-1
16,16,529.67,432.52,49.07,177.47,0.705,-1,-1,-1
16,18,311.82,432.92,25.26,58.49,0.618,-1,-1,-1
17,1,384.72,437.09,70.02,177.54,0.869,-1,-1,-1
17,3,1378.02,407.58,76.85,248.17,0.868,-1,-1,-1
17,4,607.95,415.20,67.36,221.71,0.832,-1,-1,-1
17,5,472.98,439.42,48.29,168.41,0.821,-1,-1,-1
17,7,1157.21,422.68,37.29,112.54,0.790,-1,-1,-1
17,8,1059.34,427.21,29.60,81.16,0.749,-1,-1,-1
17,9,1551.68,436.77,37.31,106.04,0.692,-1,-1,-1
17,10,560.90,428.13,59.13,183.31,0.735,-1,-1,-1
17,11,1111.06,430.44,33.53,102.46,0.765,-1,-1,-1
17,13,746.49,433.22,23.22,65.69,0.529,-1,-1,-1
17,16,525.76,435.86,48.03,174.48,0.704,-1,-1,-1
17,18,303.73,433.36,25.66,59.34,0.724,-1,-1,-1
18,1,377.97,437.41,70.31,178.28,0.875,-1,-1,-1
18,3,1375.78,408.58,78.26,250.86,0.869,-1,-1,-1
18,4,601.34,418.34,66.97,219.93,0.799,-1,-1,-1
18,5,466.86,439.74,48.65,168.65,0.797,-1,-1,-1
18,7,1152.27,423.73,37.54,111.65,0.729,-1,-1,-1
18,8,1055.00,428.43,29.29,80.32,0.671,-1,-1,-1
18,10,551.09,431.40,59.70,181.77,0.703,-1,-1,-1
18,11,1106.51,431.88,33.10,102.00,0.685,-1,-1,-1
18,16,520.13,437.66,46.93,171.02,0.655,-1,-1,-1
18,18,296.75,434.17,25.67,59.52,0.687,-1,-1,-1
19,1,370.84,438.04,70.87,179.84,0.873,-1,-1,-1
19,3,1372.30,410.21,79.14,253.22,0.875,-1,-1,-1
19,4,595.58,420.27,65.15,212.62,0.800,-1,-1,-1
19,5,460.16,441.01,48.93,168.87,0.795,-1,-1,-1
19,7,1146.56,425.57,36.59,106.56,0.778,-1,-1,-1
19,8,1049.60,429.82,29.48,80.97,0.731,-1,-1,-1
19,10,543.81,432.32,59.85,182.00,0.734,-1,-1,-1
19,11,1101.27,433.77,33.02,102.38,0.694,-1,-1,-1
19,16,513.25,439.91,45.80,166.67,0.635,-1,-1,-1
19,18,289.28,435.69,25.96,60.29,0.679,-1,-1,-1
20,1,357.97,442.22,71.28,180.97,0.884,-1,-1,-1
20,3,1365.30,413.02,80.48,258.37,0.872,-1,-1,-1
20,4,580.93,425.35,67.46,219.77,0.828,-1,-1,-1
20,5,445.98,445.26,49.60,170.15,0.846,-1,-1,-1
20,7,1138.21,429.19,37.29,108.32,0.737,-1,-1,-1
20,8,1040.07,432.59,30.06,82.93,0.761,-1,-1,-1
20,10,538.66,435.36,54.21,164.25,-1.000,-1,-1,-1
20,11,1093.09,438.11,31.12,96.54,0.743,-1,-1,-1
20,16,501.22,444.33,47.28,170.35,0.681,-1,-1,-1
21,1,347.06,443.86,70.63,179.19,0.884,-1,-1,-1
21,3,1360.58,414.07,81.21,261.41,0.863,-1,-1,-1
21,4,568.37,427.78,68.10,221.76,0.703,-1,-1,-1
21,5,435.92,447.67,50.05,170.65,0.817,-1,-1,-1
21,7,1130.74,431.60,37.65,108.64,0.789,-1,-1,-1
21,8,1031.91,435.25,30.19,83.36,0.725,-1,-1,-1
21,10,533.51,438.39,48.57,146.50,0.596,-1,-1,-1
21,11,1085.08,439.88,32.15,100.08,0.669,-1,-1,-1
22,1,335.68,445.58,70.94,179.43,0.879,-1,-1,-1
22,3,1355.72,414.83,81.96,264.35,0.833,-1,-1,-1
22,4,557.10,430.43,69.32,224.74,0.823,-1,-1,-1
22,5,427.26,451.35,50.04,169.74,0.838,-1,-1,-1
22,7,1123.86,433.63,37.89,109.32,0.656,-1,-1,-1
22,8,1024.37,438.16,29.54,81.68,0.701,-1,-1,-1
22,10,525.01,440.27,46.87,141.21,-1.000,-1,-1,-1
22,11,1077.78,441.26,32.16,100.21,-1.000,-1,-1,-1
23,1,324.45,447.26,71.32,179.52,0.880,-1,-1,-1
23,3,1350.39,414.93,82.41,266.46,0.853,-1,-1,-1
23,4,546.04,433.79,70.45,226.27,0.780,-1,-1,-1
23,5,417.20,453.59,50.72,170.49,0.827,-1,-1,-1
23,7,1116.01,435.26,38.01,109.89,0.688,-1,-1,-1
23,8,1016.22,440.10,29.76,82.51,0.713,-1,-1,-1
23,10,516.51,442.14,45.18,135.92,0.549,-1,-1,-1
23,11,1070.48,442.64,32.18,100.33,0.669,-1,-1,-1
24,1,311.17,449.34,72.32,181.85,0.888,-1,-1,-1
24,3,1343.37,416.01,82.83,268.30,0.873,-1,-1,-1
24,4,531.83,436.50,71.64,229.10,0.811,-1,-1,-1
24,5,405.35,456.80,51.20,169.92,0.843,-1,-1,-1
24,7,1106.47,437.31,38.42,111.77,0.759,-1,-1,-1
24,8,1006.35,442.60,30.06,83.57,0.786,-1,-1,-1
24,10,504.46,444.70,44.32,133.35,0.622,-1,-1,-1
24,11,1059.83,444.69,32.82,102.11,0.748,-1,-1,-1
25,1,287.32,450.25,73.66,185.04,0.866,-1,-1,-1
25,3,1329.43,415.52,83.67,271.66,0.857,-1,-1,-1
25,4,510.21,438.14,73.24,233.85,0.773,-1,-1,-1
25,5,383.69,460.31,51.65,169.96,0.793,-1,-1,-1
25,20,1305.08,449.86,42.40,163.59,0.810,-1,-1,-1
26,1,266.51,450.41,74.42,186.42,0.869,-1,-1,-1
26,3,1316.91,416.32,83.91,273.38,0.844,-1,-1,-1
26,4,489.07,438.02,74.13,236.01,0.738,-1,-1,-1
26,5,366.33,461.85,52.15,170.72,0.758,-1,-1,-1
26,20,1288.18,451.85,42.99,164.80,0.783,-1,-1,-1
27,1,239.09,449.31,75.24,187.33,0.867,-1,-1,-1
27,3,1297.65,416.94,84.18,274.55,0.836,-1,-1,-1
27,4,464.47,437.66,74.43,236.77,0.698,-1,-1,-1
27,5,342.77,462.04,52.05,169.02,0.688,-1,-1,-1
27,20,1264.79,452.71,42.77,162.54,0.744,-1,-1,-1
28,1,218.53,448.53,76.26,190.16,0.894,-1,-1,-1
28,3,1284.52,417.61,84.19,275.22,0.887,-1,-1,-1
28,4,434.76,433.71,78.83,244.11,0.806,-1,-1,-1
28,5,317.94,459.31,53.58,173.53,0.854,-1,-1,-1
28,20,1246.44,450.20,44.20,165.97,0.860,-1,-1,-1
29,1,202.77,447.26,76.55,191.04,0.892,-1,-1,-1
29,3,1275.51,418.61,84.37,275.69,0.893,-1,-1,-1
29,4,416.93,431.17,81.29,248.38,0.748,-1,-1,-1
29,5,299.54,457.18,54.14,175.34,0.854,-1,-1,-1
29,20,1231.54,448.87,44.66,165.25,0.857,-1,-1,-1
30,1,178.86,446.64,77.05,192.65,0.888,-1,-1,-1
30,3,1262.21,419.99,85.51,279.69,0.858,-1,-1,-1
30,4,384.91,429.35,84.35,253.38,0.772,-1,-1,-1
30,5,276.40,455.38,54.61,176.99,0.838,-1,-1,-1
30,20,1209.24,447.97,45.44,164.91,0.873,-1,-1,-1
30,21,332.86,449.04,63.76,180.80,0.546,-1,-1,-1
31,1,160.49,447.64,77.70,194.53,0.894,-1,-1,-1
31,3,1252.73,422.51,86.43,282.84,0.879,-1,-1,-1
31,4,360.57,429.34,87.77,258.14,0.775,-1,-1,-1
31,5,257.72,456.19,54.75,177.81,0.838,-1,-1,-1
31,20,1192.35,448.68,46.78,166.07,0.862,-1,-1,-1
32,1,144.25,447.75,78.48,196.16,0.892,-1,-1,-1
32,3,1244.09,424.20,87.46,287.31,0.879,-1,-1,-1
32,4,344.08,426.95,89.95,264.61,0.639,-1,-1,-1
32,5,241.64,456.49,55.11,178.74,0.839,-1,-1,-1
32,20,1177.66,449.55,48.00,166.23,0.874,-1,-1,-1
32,22,922.51,450.01,38.42,104.45,0.760,-1,-1,-1
32,23,970.53,442.48,41.49,114.54,0.738,-1,-1,-1
32,24,879.88,447.24,32.72,83.04,0.786,-1,-1,-1
32,25,1370.96,458.18,32.54,106.84,0.767,-1,-1,-1
32,26,607.43,453.43,27.31,81.11,0.625,-1,-1,-1
33,1,127.38,448.50,79.32,197.91,0.898,-1,-1,-1
33,3,1235.70,426.36,88.28,290.80,0.874,-1,-1,-1
33,4,325.32,429.61,91.06,267.36,0.760,-1,-1,-1
33,5,226.11,458.61,55.42,178.21,0.812,-1,-1,-1
33,20,1165.11,451.80,49.34,166.26,0.880,-1,-1,-1
33,22,913.30,453.07,37.94,103.21,0.757,-1,-1,-1
33,23,960.72,445.89,39.29,108.61,0.792,-1,-1,-1
33,24,869.07,449.19,32.96,83.75,0.782,-1,-1,-1
33,25,1361.28,461.50,32.52,106.72,0.697,-1,-1,-1
33,26,596.45,456.30,27.15,80.58,0.573,-1,-1,-1
33,27,541.65,452.40,25.51,69.19,0.695,-1,-1,-1
33,28,940.58,446.48,26.82,88.28,0.660,-1,-1,-1
34,1,112.39,450.03,80.11,199.62,0.882,-1,-1,-1
34,3,1228.31,427.48,89.20,295.23,0.853,-1,-1,-1
34,4,304.39,432.72,93.37,270.70,0.730,-1,-1,-1
34,5,211.67,460.88,55.78,179.22,0.805,-1,-1,-1
34,20,1153.33,454.84,50.37,165.72,0.867,-1,-1,-1
34,22,901.82,456.36,37.72,102.83,0.690,-1,-1,-1
34,23,948.87,447.75,40.32,111.44,0.718,-1,-1,-1
34,24,858.55,451.68,33.14,84.25,0.742,-1,-1,-1
34,25,1351.94,464.55,32.17,105.48,0.609,-1,-1,-1
34,29,9.18,453.08,32.79,69.14,0.773,-1,-1,-1
35,1,93.73,453.75,79.82,198.48,0.886,-1,-1,-1
35,3,1222.05,429.04,90.37,299.48,0.876,-1,-1,-1
35,4,284.39,436.90,94.77,274.15,0.746,-1,-1,-1
35,5,193.85,465.20,56.03,179.99,0.823,-1,-1,-1
35,20,1138.07,459.06,51.71,166.41,0.856,-1,-1,-1
35,22,887.40,459.81,37.96,103.85,0.790,-1,-1,-1
35,23,933.40,451.83,40.96,112.31,0.858,-1,-1,-1
35,24,845.88,455.35,33.24,84.63,0.791,-1,-1,-1
35,25,1338.84,467.58,32.44,106.26,0.780,-1,-1,-1
36,1,80.80,455.05,79.92,198.81,0.887,-1,-1,-1
36,3,1218.73,427.94,91.56,304.40,0.879,-1,-1,-1
36,4,271.95,442.69,94.73,274.08,0.805,-1,-1,-1
36,5,180.73,466.10,57.22,182.29,0.824,-1,-1,-1
36,20,1127.76,462.00,52.15,165.00,0.818,-1,-1,-1
36,22,878.26,460.65,37.98,104.43,0.736,-1,-1,-1
36,23,925.14,452.79,41.67,113.38,0.826,-1,-1,-1
36,24,838.38,456.93,33.31,84.92,0.764,-1,-1,-1
36,25,1331.46,469.23,32.41,106.08,0.699,-1,-1,-1
37,1,70.83,456.71,80.17,199.08,0.894,-1,-1,-1
37,3,1217.91,426.28,92.48,308.12,0.877,-1,-1,-1
37,4,254.94,441.60,97.37,280.03,0.738,-1,-1,-1
37,5,169.99,468.52,57.25,182.40,0.843,-1,-1,-1
37,20,1120.66,463.51,52.73,163.95,0.849,-1,-1,-1
37,22,871.54,460.33,38.12,105.23,0.759,-1,-1,-1
37,23,920.15,453.32,42.07,113.99,0.766,-1,-1,-1
37,24,832.73,458.01,32.69,83.48,0.745,-1,-1,-1
37,25,1325.86,469.44,32.77,107.20,0.590,-1,-1,-1
37,30,1821.17,365.31,82.06,294.15,0.590,-1,-1,-1
38,1,62.05,457.73,80.80,200.08,0.882,-1,-1,-1
38,3,1217.65,425.19,92.80,309.88,0.857,-1,-1,-1
38,4,241.43,442.48,98.70,284.26,0.719,-1,-1,-1
38,5,160.74,471.13,57.24,182.42,0.822,-1,-1,-1
38,20,1114.44,464.46,53.71,164.34,0.850,-1,-1,-1
38,22,866.07,460.62,37.87,104.78,0.721,-1,-1,-1
38,23,914.07,453.83,41.98,113.76,0.584,-1,-1,-1
38,24,827.16,457.97,32.98,84.13,0.744,-1,-1,-1
38,25,1321.91,468.34,32.78,107.15,-1.000,-1,-1,-1
38,30,1817.52,362.98,82.41,295.20,0.698,-1,-1,-1
39,1,55.18,457.64,81.09,200.82,0.892,-1,-1,-1
39,3,1217.10,423.16,93.54,312.34,0.877,-1,-1,-1
39,4,228.29,441.98,99.75,286.10,0.779,-1,-1,-1
39,5,153.60,471.21,57.61,182.22,0.812,-1,-1,-1
39,20,1109.35,463.07,54.79,164.94,0.855,-1,-1,-1
39,22,860.80,458.69,37.78,104.96,0.796,-1,-1,-1
39,23,907.49,452.43,41.37,112.89,0.775,-1,-1,-1
39,24,823.09,456.60,32.83,83.81,0.781,-1,-1,-1
39,25,1317.97,467.25,32.79,107.11,0.700,-1,-1,-1
39,30,1817.86,361.12,82.08,293.49,0.564,-1,-1,-1
39,31,546.86,464.55,30.93,79.81,0.526,-1,-1,-1
40,1,42.52,457.67,81.54,201.40,0.887,-1,-1,-1
40,3,1217.50,420.92,94.85,315.88,0.865,-1,-1,-1
40,4,214.08,441.07,101.08,289.20,0.806,-1,-1,-1
40,5,140.47,470.52,57.38,179.78,0.834,-1,-1,-1
40,20,1099.81,459.24,55.15,163.65,0.870,-1,-1,-1
40,22,852.02,456.12,37.71,105.71,0.774,-1,-1,-1
40,23,899.38,450.04,41.12,112.76,0.745,-1,-1,-1
40,24,816.03,453.99,32.79,83.72,0.771,-1,-1,-1
40,25,1312.40,463.05,32.77,107.02,0.688,-1,-1,-1
40,30,1809.64,357.51,82.67,294.20,-1.000,-1,-1,-1
40,31,536.87,461.42,31.76,82.09,0.569,-1,-1,-1
41,1,33.11,457.26,81.96,201.57,0.899,-1,-1,-1
41,3,1220.25,418.66,96.50,317.93,0.872,-1,-1,-1
41,4,197.87,438.34,103.28,293.46,0.781,-1,-1,-1
41,5,130.36,468.64,57.94,180.05,0.813,-1,-1,-1
41,20,1092.32,454.98,55.73,162.91,0.857,-1,-1,-1
41,22,844.96,452.88,37.84,107.17,0.788,-1,-1,-1
41,23,892.99,447.41,40.89,112.86,0.724,-1,-1,-1
41,24,811.06,450.79,32.94,84.21,0.808,-1,-1,-1
41,25,1307.85,459.98,32.50,106.01,0.557,-1,-1,-1
41,30,1801.41,353.90,83.25,294.91,0.599,-1,-1,-1
41,31,529.04,459.98,31.53,81.60,0.623,-1,-1,-1
41,32,287.43,453.16,59.37,189.57,0.582,-1,-1,-1
41,33,882.14,447.30,25.37,104.23,0.694,-1,-1,-1
41,34,481.03,457.40,22.56,67.49,0.608,-1,-1,-1
41,35,452.83,457.17,23.62,66.68,0.600,-1,-1,-1
41,36,927.03,444.61,22.89,101.14,0.713,-1,-1,-1
42,1,24.74,456.81,82.36,201.60,0.901,-1,-1,-1
42,3,1223.69,416.33,98.99,320.82,0.898,-1,-1,-1
42,4,182.13,433.52,106.67,299.21,0.789,-1,-1,-1
42,5,121.72,466.85,57.82,178.39,0.799,-1,-1,-1
42,20,1085.13,451.16,56.25,162.87,0.828,-1,-1,-1
42,22,839.77,450.46,37.37,107.11,0.798,-1,-1,-1
42,23,887.96,445.06,40.61,113.15,0.692,-1,-1,-1
42,24,806.48,448.66,32.69,83.64,0.761,-1,-1,-1
42,30,1792.87,348.50,84.94,297.89,0.681,-1,-1,-1
42,31,523.04,457.94,31.60,82.07,0.665,-1,-1,-1
42,32,283.15,451.68,59.46,189.70,0.631,-1,-1,-1
42,33,876.63,446.10,25.38,104.33,0.700,-1,-1,-1
42,34,475.64,454.32,23.43,70.19,0.650,-1,-1,-1
42,35,447.39,456.01,23.44,66.24,0.555,-1,-1,-1
42,36,922.74,441.36,23.32,102.82,0.787,-1,-1,-1
42,37,422.53,464.35,18.34,55.79,0.597,-1,-1,-1
43,1,16.46,455.69,82.99,202.07,0.893,-1,-1,-1
43,3,1225.20,415.01,100.98,323.06,0.885,-1,-1,-1
43,4,170.59,432.44,107.78,300.29,0.776,-1,-1,-1
43,5,113.92,465.12,57.52,175.56,0.794,-1,-1,-1
43,20,1079.23,447.50,57.20,163.84,0.848,-1,-1,-1
43,22,835.02,448.37,37.07,107.50,0.792,-1,-1,-1
43,23,883.48,442.35,40.10,112.79,0.788,-1,-1,-1
43,24,801.75,446.43,32.91,84.32,0.786,-1,-1,-1
43,30,1788.71,343.09,86.77,300.67,0.762,-1,-1,-1
43,31,517.72,458.02,30.95,80.65,0.650,-1,-1,-1
43,32,270.19,450.23,59.80,190.85,0.696,-1,-1,-1
43,33,871.62,444.65,25.10,103.17,0.678,-1,-1,-1
43,34,470.46,453.52,23.16,69.48,0.587,-1,-1,-1
43,35,441.89,454.44,23.40,66.14,0.664,-1,-1,-1
43,36,918.41,438.59,23.55,103.50,0.761,-1,-1,-1
43,37,417.32,462.33,18.64,56.70,0.658,-1,-1,-1
43,38,730.33,449.92,23.99,40.84,0.589,-1,-1,-1
44,1,8.37,456.90,83.19,201.48,0.881,-1,-1,-1
44,3,1224.67,413.67,103.65,329.21,0.909,-1,-1,-1
44,4,163.47,431.73,108.69,302.17,0.756,-1,-1,-1
44,5,107.67,464.53,56.42,169.58,0.784,-1,-1,-1
44,20,1073.50,445.29,58.17,165.15,0.860,-1,-1,-1
44,22,830.54,447.72,36.64,107.35,0.781,-1,-1,-1
44,23,878.81,441.00,39.85,112.91,0.756,-1,-1,-1
44,24,796.88,444.60,33.11,84.92,0.767,-1,-1,-1
44,30,1787.48,338.35,88.42,302.39,0.720,-1,-1,-1
44,31,512.03,456.37,31.50,82.28,0.621,-1,-1,-1
44,32,262.08,450.96,59.25,189.59,0.618,-1,-1,-1
44,33,866.69,442.74,25.14,103.37,0.676,-1,-1,-1
44,34,465.07,454.72,22.50,67.62,0.516,-1,-1,-1
44,36,914.29,437.82,23.57,103.00,0.763,-1,-1,-1
44,37,412.80,462.97,18.42,55.96,0.564,-1,-1,-1
45,1,-2.89,456.07,83.34,202.93,0.860,-1,-1,-1
45,3,1222.98,410.72,105.83,336.78,0.869,-1,-1,-1
45,4,138.82,427.27,112.53,310.23,0.763,-1,-1,-1
45,5,94.11,464.24,55.41,164.89,0.733,-1,-1,-1
45,20,1065.69,443.55,58.89,165.59,0.868,-1,-1,-1
45,22,824.14,446.63,36.27,107.44,0.762,-1,-1,-1
45,23,872.75,440.02,38.84,109.93,0.652,-1,-1,-1
45,24,790.64,443.52,33.16,84.95,0.748,-1,-1,-1
45,30,1786.02,334.89,89.87,302.94,0.717,-1,-1,-1
45,31,505.38,453.50,31.85,83.55,0.541,-1,-1,-1
45,32,248.91,449.73,60.01,192.10,0.666,-1,-1,-1
45,33,862.03,441.38,22.53,92.37,0.631,-1,-1,-1
45,36,909.47,436.16,23.80,103.29,0.780,-1,-1,-1
46,1,-8.61,457.42,82.49,202.59,0.854,-1,-1,-1
46,3,1221.04,407.41,107.46,343.84,0.870,-1,-1,-1
46,4,128.36,424.38,115.02,317.59,0.761,-1,-1,-1
46,5,84.83,464.40,54.56,160.83,0.703,-1,-1,-1
46,20,1058.49,443.11,59.38,165.42,0.842,-1,-1,-1
46,22,819.19,446.87,35.89,107.35,0.761,-1,-1,-1
46,23,868.02,439.23,39.04,111.10,0.690,-1,-1,-1
46,24,786.95,443.26,33.34,85.56,0.765,-1,-1,-1
46,30,1783.59,331.40,91.16,304.48,0.601,-1,-1,-1
46,31,498.82,452.47,32.46,85.51,0.608,-1,-1,-1
46,32,239.57,450.15,60.23,192.52,0.704,-1,-1,-1
46,33,855.78,440.61,24.19,99.23,0.644,-1,-1,-1
46,36,904.59,437.36,23.91,102.80,0.820,-1,-1,-1
47,1,-13.34,455.31,81.21,203.40,0.873,-1,-1,-1
47,3,1220.56,404.54,108.45,349.65,0.882,-1,-1,-1
47,4,119.94,426.46,114.99,317.27,0.703,-1,-1,-1
47,5,77.20,462.57,54.76,159.81,0.783,-1,-1,-1
47,20,1053.05,442.86,59.63,164.62,0.847,-1,-1,-1
47,22,815.38,446.21,35.19,106.32,0.781,-1,-1,-1
47,23,864.67,438.21,38.48,110.01,0.684,-1,-1,-1
47,24,782.60,442.22,33.57,86.10,0.749,-1,-1,-1
47,30,1783.86,330.05,91.69,304.91,-1.000,-1,-1,-1
47,31,494.16,449.95,32.79,86.89,0.590,-1,-1,-1
47,32,231.34,450.31,59.75,190.59,0.696,-1,-1,-1
47,33,850.74,438.80,24.75,100.98,0.620,-1,-1,-1
47,36,901.30,436.59,24.13,102.63,0.809,-1,-1,-1
48,1,-18.21,448.18,81.94,211.28,0.869,-1,-1,-1
48,3,1221.12,403.26,109.15,354.16,0.894,-1,-1,-1
48,4,113.11,431.34,113.08,313.23,0.762,-1,-1,-1
48,5,67.87,463.41,55.87,161.62,0.785,-1,-1,-1
48,20,1046.75,444.02,59.96,164.22,0.866,-1,-1,-1
48,22,811.47,446.23,33.53,101.79,0.729,-1,-1,-1
48,23,861.33,437.28,37.09,106.61,0.716,-1,-1,-1
48,24,778.19,442.23,33.87,86.83,0.739,-1,-1,-1
48,30,1784.13,328.69,92.23,305.33,0.506,-1,-1,-1
48,31,488.37,448.78,33.50,89.15,0.643,-1,-1,-1
48,32,219.07,451.28,60.72,192.26,0.681,-1,-1,-1
48,33,845.94,438.75,25.21,102.87,0.690,-1,-1,-1
48,36,896.58,436.41,24.69,103.71,0.796,-1,-1,-1
48,39,703.43,447.61,25.40,59.20,0.592,-1,-1,-1
49,1,-20.21,453.25,76.51,202.65,0.816,-1,-1,-1
49,3,1222.30,400.79,109.96,359.15,0.898,-1,-1,-1
49,4,96.39,433.06,114.69,314.49,0.792,-1,-1,-1
49,5,58.74,463.48,56.14,162.12,0.729,-1,-1,-1
49,20,1040.58,445.26,60.19,163.69,0.863,-1,-1,-1
49,22,806.58,446.95,34.16,104.72,0.760,-1,-1,-1
49,23,854.58,438.07,38.12,109.44,0.744,-1,-1,-1
49,24,773.51,443.02,33.53,85.94,0.773,-1,-1,-1
49,30,1783.82,331.11,93.75,304.26,0.720,-1,-1,-1
49,31,483.15,450.62,32.85,87.84,0.630,-1,-1,-1
49,32,213.36,452.61,60.33,190.82,0.576,-1,-1,-1
49,33,840.77,438.94,24.77,101.19,0.582,-1,-1,-1
49,36,892.56,437.71,25.07,103.81,0.820,-1,-1,-1
49,39,698.02,448.51,25.35,59.08,0.697,-1,-1,-1
50,1,-23.55,460.07,71.47,195.65,0.756,-1,-1,-1
50,3,1225.01,397.33,111.12,365.54,0.888,-1,-1,-1
50,4,77.14,430.94,118.71,326.36,0.734,-1,-1,-1
50,5,44.73,462.53,56.68,164.90,0.690,-1,-1,-1
50,20,1031.41,445.48,60.28,163.82,0.869,-1,-1,-1
50,22,800.35,445.72,34.38,106.44,0.759,-1,-1,-1
50,23,848.74,437.06,38.39,110.80,0.724,-1,-1,-1
50,24,768.25,442.37,33.76,86.47,0.757,-1,-1,-1
50,30,1782.09,330.52,95.02,305.68,0.560,-1,-1,-1
50,31,476.93,449.49,32.84,87.90,0.635,-1,-1,-1
50,32,201.49,452.94,60.99,191.83,0.667,-1,-1,-1
50,33,835.23,438.51,25.30,103.21,0.553,-1,-1,-1
50,36,887.06,436.53,25.90,105.72,0.831,-1,-1,-1
50,39,690.79,448.29,26.28,61.43,0.733,-1,-1,-1
51,3,1226.70,394.88,111.99,371.04,0.871,-1,-1,-1
51,4,54.83,432.82,121.21,332.24,0.715,-1,-1,-1
51,5,33.17,462.38,56.53,164.72,-1.000,-1,-1,-1
51,20,1023.75,446.91,60.19,163.60,0.876,-1,-1,-1
51,22,795.90,446.28,32.07,99.59,0.728,-1,-1,-1
51,23,844.08,437.68,38.43,111.97,0.729,-1,-1,-1
51,24,763.21,443.23,33.46,85.97,0.739,-1,-1,-1
51,30,1784.05,330.73,94.52,303.87,0.529,-1,-1,-1
51,31,470.53,451.76,31.71,84.74,0.536,-1,-1,-1
51,32,189.85,454.54,61.16,190.50,0.744,-1,-1,-1
51,33,829.86,439.09,25.60,104.65,0.650,-1,-1,-1
51,36,881.75,437.24,26.31,105.37,0.803,-1,-1,-1
51,39,684.95,449.35,26.41,61.87,0.678,-1,-1,-1
52,3,1227.95,392.00,113.09,377.24,0.891,-1,-1,-1
52,4,40.42,430.59,125.35,339.59,0.739,-1,-1,-1
52,5,21.60,462.22,56.37,164.54,0.636,-1,-1,-1
52,20,1017.17,446.01,60.16,162.60,0.855,-1,-1,-1
52,22,790.86,444.47,33.31,104.21,0.736,-1,-1,-1
52,23,840.16,435.58,38.81,114.40,0.733,-1,-1,-1
52,24,759.12,442.27,33.39,85.89,0.751,-1,-1,-1
52,30,1780.11,331.29,95.94,305.61,-1.000,-1,-1,-1
52,31,464.56,451.95,31.83,85.07,0.729,-1,-1,-1
52,32,178.91,450.75,62.28,193.15,0.759,-1,-1,-1
52,33,824.57,438.17,25.66,104.91,0.715,-1,-1,-1
52,36,877.54,435.62,26.91,106.17,0.836,-1,-1,-1
52,39,680.08,447.86,26.85,63.21,0.743,-1,-1,-1
53,3,1229.35,389.73,113.58,381.15,0.887,-1,-1,-1
53,4,24.21,426.17,130.70,346.08,0.817,-1,-1,-1
53,20,1010.18,443.14,60.90,163.51,0.842,-1,-1,-1
53,22,786.41,442.23,33.43,105.33,0.754,-1,-1,-1
53,23,836.49,434.94,38.08,113.76,0.789,-1,-1,-1
53,24,755.03,440.09,33.58,86.58,0.784,-1,-1,-1
53,30,1776.17,331.86,97.36,307.35,0.634,-1,-1,-1
53,31,460.43,451.74,31.10,83.56,0.705,-1,-1,-1
53,32,170.40,448.35,63.01,193.87,0.790,-1,-1,-1
53,33,820.17,436.89,26.13,106.74,0.736,-1,-1,-1
53,36,873.73,433.82,27.66,107.41,0.827,-1,-1,-1
53,39,675.39,446.02,27.12,64.13,0.792,-1,-1,-1
54,3,1230.27,389.00,114.04,384.81,0.894,-1,-1,-1
54,4,12.40,426.44,131.45,347.83,0.601,-1,-1,-1
54,20,1003.18,440.15,61.21,164.21,0.862,-1,-1,-1
54,22,780.95,440.14,33.49,106.26,0.768,-1,-1,-1
54,23,831.59,434.12,37.57,112.72,0.769,-1,-1,-1
54,24,749.85,437.96,33.13,85.60,0.747,-1,-1,-1
54,30,1772.87,331.02,98.95,307.75,0.589,-1,-1,-1
54,31,454.76,450.17,29.86,80.06,0.564,-1,-1,-1
54,32,160.17,447.57,62.83,191.52,0.715,-1,-1,-1
54,33,815.62,435.82,24.88,101.80,0.619,-1,-1,-1
54,36,869.16,432.05,27.91,106.18,0.800,-1,-1,-1
54,39,670.33,443.93,27.20,64.65,0.680,-1,-1,-1
55,3,1232.78,387.53,114.06,387.13,0.880,-1,-1,-1
55,4,-1.01,415.80,135.67,359.12,0.858,-1,-1,-1
55,20,992.37,434.98,62.10,165.14,0.870,-1,-1,-1
55,22,773.10,436.30,33.76,108.13,0.814,-1,-1,-1
55,23,824.21,430.88,37.54,113.94,0.753,-1,-1,-1
55,24,743.43,434.50,33.34,86.13,0.752,-1,-1,-1
55,31,446.02,446.74,30.52,82.20,0.706,-1,-1,-1
55,32,142.43,443.20,64.18,194.79,0.804,-1,-1,-1
55,33,807.77,432.75,25.94,105.97,0.718,-1,-1,-1
55,36,862.50,427.20,28.77,107.41,0.815,-1,-1,-1
55,39,663.07,440.44,26.93,64.40,0.718,-1,-1,-1
55,40,187.12,431.99,60.02,175.44,0.693,-1,-1,-1
56,3,1236.85,387.33,115.02,389.81,0.881,-1,-1,-1
56,4,-18.63,413.03,134.82,366.66,0.818,-1,-1,-1
56,20,983.23,432.65,62.86,165.78,0.853,-1,-1,-1
56,22,766.25,433.55,34.09,109.70,0.762,-1,-1,-1
56,23,818.44,428.52,37.56,114.95,0.766,-1,-1,-1
56,24,736.76,432.57,33.57,86.96,0.745,-1,-1,-1
56,31,439.06,444.80,30.79,83.34,0.698,-1,-1,-1
56,32,130.35,440.45,65.96,198.33,0.809,-1,-1,-1
56,33,801.14,431.10,26.41,107.85,0.671,-1,-1,-1
56,36,856.09,424.86,29.58,107.98,0.831,-1,-1,-1
56,39,656.58,437.93,26.96,65.05,0.763,-1,-1,-1
56,40,180.06,432.84,59.79,175.16,0.538,-1,-1,-1
57,3,1241.36,387.33,116.81,393.49,0.888,-1,-1,-1
57,4,-21.46,411.65,132.01,366.20,0.866,-1,-1,-1
57,20,975.54,431.54,63.29,165.55,0.859,-1,-1,-1
57,22,759.31,433.02,34.29,110.55,0.776,-1,-1,-1
57,23,811.20,427.49,37.24,115.47,0.724,-1,-1,-1
57,24,730.47,431.36,33.29,86.90,0.770,-1,-1,-1
57,31,433.03,443.97,30.29,81.98,0.620,-1,-1,-1
57,32,119.90,439.56,66.94,198.91,0.785,-1,-1,-1
57,33,794.93,429.86,26.37,108.04,0.693,-1,-1,-1
57,36,850.24,423.07,30.55,108.85,0.850,-1,-1,-1
57,39,650.58,436.82,26.79,65.09,0.755,-1,-1,-1
57,40,167.83,430.78,60.61,177.29,0.704,-1,-1,-1
57,41,369.85,444.39,21.11,64.18,0.575,-1,-1,-1
57,42,63.35,445.22,58.00,196.79,0.752,-1,-1,-1
58,3,1244.33,387.62,119.49,399.62,0.898,-1,-1,-1
58,4,-25.64,408.00,130.10,368.59,0.799,-1,-1,-1
58,20,969.38,431.04,63.65,165.28,0.880,-1,-1,-1
58,22,753.34,432.33,33.72,108.59,0.726,-1,-1,-1
58,23,805.52,426.65,36.57,114.66,0.742,-1,-1,-1
58,24,725.11,430.29,33.00,86.29,0.737,-1,-1,-1
58,31,428.66,442.68,28.08,75.88,0.574,-1,-1,-1
58,32,109.69,438.60,67.48,198.60,0.758,-1,-1,-1
58,33,789.85,429.16,26.11,106.92,0.707,-1,-1,-1
58,36,846.08,421.87,31.22,109.38,0.827,-1,-1,-1
58,39,645.74,435.56,26.49,64.84,0.718,-1,-1,-1
58,40,157.73,430.40,60.60,177.03,0.595,-1,-1,-1
58,42,55.35,445.34,57.74,195.58,0.647,-1,-1,-1
59,3,1246.37,386.30,122.42,405.72,0.905,-1,-1,-1
59,4,-27.77,425.80,121.72,348.62,0.595,-1,-1,-1
59,20,964.49,431.33,63.81,164.70,0.874,-1,-1,-1
59,22,747.76,431.82,34.20,109.20,0.795,-1,-1,-1
59,23,800.38,426.23,36.02,114.13,0.773,-1,-1,-1
59,24,720.64,430.06,33.01,86.52,0.725,-1,-1,-1
59,32,101.33,435.86,69.41,202.35,0.819,-1,-1,-1
59,33,785.82,429.05,25.97,106.91,0.704,-1,-1,-1
59,36,842.75,421.86,31.68,108.92,0.819,-1,-1,-1
59,39,641.49,434.02,26.56,65.44,0.747,-1,-1,-1
59,40,152.07,433.48,59.84,174.68,0.602,-1,-1,-1
59,42,46.28,445.06,57.84,195.61,0.703,-1,-1,-1
59,43,324.19,450.04,19.69,57.10,0.542,-1,-1,-1
60,3,1247.19,383.49,125.95,417.83,0.890,-1,-1,-1
60,20,955.91,433.12,63.76,164.25,0.869,-1,-1,-1
60,22,740.58,433.39,34.35,109.22,0.752,-1,-1,-1
60,23,793.71,427.02,35.60,113.87,0.733,-1,-1,-1
60,24,714.97,431.03,33.21,87.41,0.738,-1,-1,-1
60,32,89.22,438.53,70.07,202.29,0.792,-1,-1,-1
60,33,780.20,429.63,25.98,107.39,0.589,-1,-1,-1
60,36,838.89,423.58,32.01,108.27,0.804,-1,-1,-1
60,39,635.14,434.95,26.70,65.91,0.747,-1,-1,-1
60,40,138.93,433.33,61.34,178.95,0.557,-1,-1,-1
60,42,32.72,448.28,57.77,195.06,0.682,-1,-1,-1
60,43,318.49,452.86,19.59,56.80,0.572,-1,-1,-1
60,44,1231.70,435.56,33.69,47.70,0.664,-1,-1,-1
61,3,1250.30,381.72,127.41,425.54,0.882,-1,-1,-1
61,20,949.46,433.97,63.79,164.69,0.865,-1,-1,-1
61,22,736.49,434.96,34.58,109.99,-1.000,-1,-1,-1
61,23,787.56,427.34,35.28,112.56,0.711,-1,-1,-1
61,24,710.97,431.35,32.79,86.59,0.705,-1,-1,-1
61,32,83.04,439.94,70.54,202.84,0.687,-1,-1,-1
61,36,835.98,424.41,32.96,109.54,0.742,-1,-1,-1
61,39,631.32,435.26,27.01,66.81,-1.000,-1,-1,-1
61,42,21.46,450.83,57.51,193.17,0.578,-1,-1,-1
62,3,1254.66,382.11,127.97,430.74,0.891,-1,-1,-1
62,20,945.64,435.75,63.88,164.68,0.830,-1,-1,-1
62,22,732.40,436.52,34.82,110.77,0.765,-1,-1,-1
62,23,782.44,428.40,35.25,112.24,0.657,-1,-1,-1
62,24,708.41,432.88,33.27,88.46,0.752,-1,-1,-1
62,32,74.76,441.99,71.83,203.94,0.795,-1,-1,-1
62,36,834.16,426.32,33.48,109.52,0.800,-1,-1,-1
62,39,627.49,435.56,27.32,67.71,0.603,-1,-1,-1
62,42,14.17,452.14,57.66,193.06,0.611,-1,-1,-1
63,3,1260.13,379.14,129.25,438.64,0.873,-1,-1,-1
63,20,943.32,436.14,63.87,164.49,0.844,-1,-1,-1
63,22,731.04,437.76,34.53,109.73,0.770,-1,-1,-1
63,23,780.02,429.64,35.26,112.40,0.732,-1,-1,-1
63,24,707.31,433.39,33.19,88.95,0.764,-1,-1,-1
63,32,71.05,442.89,71.95,203.50,0.755,-1,-1,-1
63,36,833.95,427.03,33.90,109.23,0.825,-1,-1,-1
63,39,626.68,437.37,27.04,66.95,0.716,-1,-1,-1
63,42,7.07,450.47,59.00,196.27,0.707,-1,-1,-1
64,3,1267.95,376.02,130.15,444.50,0.861,-1,-1,-1
64,20,943.08,435.56,63.11,161.75,0.871,-1,-1,-1
64,22,730.56,437.86,34.42,109.66,0.753,-1,-1,-1
64,23,777.65,429.52,35.72,113.29,0.741,-1,-1,-1
64,24,706.30,433.40,32.92,88.88,0.720,-1,-1,-1
64,32,67.02,443.21,73.11,204.95,0.798,-1,-1,-1
64,36,834.93,426.62,34.40,109.94,0.811,-1,-1,-1
64,39,625.34,438.07,27.16,66.95,0.701,-1,-1,-1
64,42,2.55,448.47,60.80,200.59,0.860,-1,-1,-1
65,3,1281.32,372.55,132.44,452.72,0.889,-1,-1,-1
65,20,939.66,434.35,63.34,162.24,0.841,-1,-1,-1
65,22,728.39,437.52,33.76,108.18,0.657,-1,-1,-1
65,23,776.57,429.72,35.81,113.40,0.803,-1,-1,-1
65,24,705.63,433.84,32.65,88.30,0.681,-1,-1,-1
65,32,59.39,444.50,73.56,204.10,0.764,-1,-1,-1
65,36,836.00,426.36,34.96,110.55,0.808,-1,-1,-1
65,39,623.75,436.90,27.36,67.61,0.659,-1,-1,-1
65,42,-1.92,448.94,61.08,201.18,0.711,-1,-1,-1
65,45,1229.88,437.05,32.68,111.23,0.622,-1,-1,-1
66,3,1292.81,370.11,134.42,459.42,0.898,-1,-1,-1
66,20,936.40,432.39,64.10,164.07,0.856,-1,-1,-1
66,22,727.29,436.31,33.37,107.45,0.747,-1,-1,-1
66,23,774.55,428.50,36.39,114.60,0.782,-1,-1,-1
66,24,704.74,432.78,31.92,87.24,0.724,-1,-1,-1
66,32,54.83,444.23,73.92,203.89,0.824,-1,-1,-1
66,36,836.43,424.50,35.58,111.50,0.829,-1,-1,-1
66,39,621.51,434.62,28.14,69.02,0.666,-1,-1,-1
66,42,-4.21,448.60,61.04,201.40,0.807,-1,-1,-1
66,45,1229.49,435.52,33.00,112.26,0.713,-1,-1,-1
66,46,115.45,439.17,63.60,179.06,0.734,-1,-1,-1
67,3,1305.65,368.90,137.85,465.47,0.901,-1,-1,-1
67,20,932.81,430.24,64.75,165.56,0.856,-1,-1,-1
67,22,725.08,434.65,33.42,107.92,0.733,-1,-1,-1
67,23,771.02,427.19,36.79,115.07,0.757,-1,-1,-1
67,24,702.67,431.43,31.55,87.18,0.688,-1,-1,-1
67,32,51.53,443.12,74.10,202.90,0.839,-1,-1,-1
67,36,835.92,422.56,36.14,112.44,0.834,-1,-1,-1
67,39,620.05,434.05,28.01,68.11,0.674,-1,-1,-1
67,42,-7.20,447.44,60.82,202.44,0.795,-1,-1,-1
67,45,1228.50,434.22,32.95,111.99,0.634,-1,-1,-1
67,46,105.79,433.88,65.56,184.32,0.756,-1,-1,-1
68,3,1318.53,368.57,143.03,472.42,0.910,-1,-1,-1
68,20,929.82,428.66,64.70,165.84,0.855,-1,-1,-1
68,22,723.05,432.90,33.18,107.87,0.739,-1,-1,-1
68,23,768.80,425.67,36.53,112.71,0.788,-1,-1,-1
68,24,701.04,430.12,31.05,86.62,0.640,-1,-1,-1
68,32,48.06,439.62,74.94,203.82,0.787,-1,-1,-1
68,36,835.30,420.37,36.62,113.05,0.840,-1,-1,-1
68,39,619.25,434.13,27.29,65.95,0.692,-1,-1,-1
68,42,-9.94,446.60,59.71,201.28,0.760,-1,-1,-1
68,45,1227.33,432.27,33.21,112.63,0.702,-1,-1,-1
68,46,100.04,430.91,65.85,184.96,-1.000,-1,-1,-1
69,3,1333.84,366.71,149.65,480.27,0.908,-1,-1,-1
69,20,927.44,426.60,64.59,165.77,0.863,-1,-1,-1
69,22,720.69,430.10,32.99,107.82,0.795,-1,-1,-1
69,23,767.41,422.69,36.91,112.67,0.830,-1,-1,-1
69,24,700.24,426.82,30.23,85.40,0.697,-1,-1,-1
69,32,45.01,436.74,74.59,202.23,0.807,-1,-1,-1
69,36,834.94,416.98,36.92,113.45,0.853,-1,-1,-1
69,39,618.67,430.80,27.57,66.32,0.733,-1,-1,-1
69,42,-10.46,443.45,58.29,199.38,0.808,-1,-1,-1
69,45,1226.78,429.13,33.77,114.53,0.727,-1,-1,-1
69,46,94.28,427.94,66.14,185.60,0.660,-1,-1,-1
70,3,1350.65,364.81,159.29,493.87,0.923,-1,-1,-1
70,20,922.56,425.76,64.41,164.78,0.864,-1,-1,-1
70,22,717.97,427.43,33.02,108.60,0.795,-1,-1,-1
70,23,765.20,420.63,37.41,113.65,0.809,-1,-1,-1
70,24,698.37,423.96,30.65,87.87,0.699,-1,-1,-1
70,32,34.94,435.57,74.48,203.20,0.783,-1,-1,-1
70,36,834.00,414.37,37.38,114.55,0.848,-1,-1,-1
70,39,617.49,428.04,27.96,67.54,0.683,-1,-1,-1
70,42,-13.19,444.19,57.06,199.82,0.779,-1,-1,-1
70,45,1226.87,426.28,33.99,114.88,0.632,-1,-1,-1
70,46,86.19,424.43,67.31,188.12,0.772,-1,-1,-1
71,3,1356.43,363.12,167.95,506.49,0.916,-1,-1,-1
71,20,919.14,425.30,64.23,163.73,0.869,-1,-1,-1
71,22,715.46,425.76,33.11,109.39,0.780,-1,-1,-1
71,23,763.38,418.82,37.90,114.93,0.828,-1,-1,-1
71,24,696.80,422.00,30.43,88.60,0.710,-1,-1,-1
71,32,30.08,433.21,75.28,204.38,0.829,-1,-1,-1
71,36,832.89,412.71,37.75,115.15,0.861,-1,-1,-1
71,39,617.29,427.02,27.43,66.54,0.747,-1,-1,-1
71,42,-15.25,444.45,55.60,199.09,0.699,-1,-1,-1
71,45,1225.54,424.70,34.16,115.30,0.743,-1,-1,-1
71,46,78.73,419.68,68.87,192.36,0.806,-1,-1,-1
71,47,119.21,443.71,49.33,134.37,0.738,-1,-1,-1
71,48,500.38,423.50,41.57,119.25,0.729,-1,-1,-1
72,3,1360.48,361.90,175.66,517.49,0.920,-1,-1,-1
72,20,915.64,424.91,64.13,163.22,0.866,-1,-1,-1
72,22,714.47,425.36,32.63,108.33,0.744,-1,-1,-1
72,23,762.48,418.28,37.60,112.87,0.816,-1,-1,-1
72,24,696.05,421.19,29.46,87.01,0.663,-1,-1,-1
72,32,25.54,432.76,75.79,204.80,0.814,-1,-1,-1
72,36,832.64,412.57,37.77,114.83,0.841,-1,-1,-1
72,39,616.30,426.17,27.37,66.69,0.696,-1,-1,-1
72,42,-16.06,449.00,52.80,191.96,0.533,-1,-1,-1
72,45,1225.77,423.81,34.09,114.62,0.606,-1,-1,-1
72,46,74.79,422.16,67.42,187.12,0.785,-1,-1,-1
72,47,116.58,442.54,49.29,134.22,0.707,-1,-1,-1
72,48,495.72,422.37,41.89,120.32,0.694,-1,-1,-1
73,3,1363.34,357.71,184.15,533.76,0.896,-1,-1,-1
73,20,912.71,424.77,63.98,163.05,0.852,-1,-1,-1
73,22,713.60,425.19,32.55,108.13,0.745,-1,-1,-1
73,23,761.36,418.37,38.32,113.96,0.827,-1,-1,-1
73,24,695.84,420.70,28.99,86.88,0.671,-1,-1,-1
73,32,19.70,432.25,76.36,205.94,0.823,-1,-1,-1
73,36,832.99,413.06,37.84,114.61,0.845,-1,-1,-1
73,39,616.25,426.17,27.05,66.27,0.683,-1,-1,-1
73,42,-15.68,459.23,49.21,181.63,0.501,-1,-1,-1
73,45,1225.83,423.37,34.51,115.72,0.578,-1,-1,-1
73,46,71.36,423.56,68.11,187.90,0.778,-1,-1,-1
73,47,113.84,440.66,49.61,135.02,0.719,-1,-1,-1
73,48,491.89,422.81,41.94,120.57,0.675,-1,-1,-1
73,49,1776.34,297.51,131.23,341.22,0.804,-1,-1,-1
73,50,529.70,426.28,28.40,90.84,0.715,-1,-1,-1
74,3,1364.47,354.01,190.93,546.95,0.909,-1,-1,-1
74,20,910.19,424.37,63.96,163.26,0.854,-1,-1,-1
74,22,713.06,426.22,32.27,107.38,0.765,-1,-1,-1
74,23,760.39,418.00,38.75,115.43,0.832,-1,-1,-1
74,24,695.54,420.52,28.69,87.22,0.697,-1,-1,-1
74,32,14.83,432.21,75.99,205.42,0.821,-1,-1,-1
74,36,832.69,413.42,37.99,114.50,0.856,-1,-1,-1
74,39,615.78,425.65,27.39,67.31,0.758,-1,-1,-1
74,45,1225.49,423.77,34.81,116.66,0.712,-1,-1,-1
74,46,68.13,419.38,69.79,191.65,0.824,-1,-1,-1
74,47,111.42,438.18,50.06,136.15,0.822,-1,-1,-1
74,48,489.67,420.32,42.92,123.72,0.767,-1,-1,-1
74,49,1779.29,295.93,132.79,345.07,0.735,-1,-1,-1
74,50,529.57,425.47,28.90,92.31,0.749,-1,-1,-1
75,3,1372.75,350.52,196.86,562.86,0.915,-1,-1,-1
75,20,904.99,425.61,64.19,163.87,0.860,-1,-1,-1
75,22,710.48,428.22,32.62,108.83,0.721,-1,-1,-1
75,23,759.35,419.99,38.94,116.58,0.777,-1,-1,-1
75,24,693.80,422.17,29.02,88.97,0.517,-1,-1,-1
75,32,6.99,433.85,76.42,205.06,0.796,-1,-1,-1
75,36,830.86,415.60,38.54,115.83,0.839,-1,-1,-1
75,39,613.82,427.73,27.20,67.01,0.663,-1,-1,-1
75,45,1224.49,427.08,34.71,116.33,0.770,-1,-1,-1
75,46,60.15,423.44,70.55,192.40,0.822,-1,-1,-1
75,47,105.52,436.91,51.23,139.25,0.796,-1,-1,-1
75,48,486.04,424.07,43.09,124.26,0.750,-1,-1,-1
75,49,1784.05,297.17,134.10,348.57,0.731,-1,-1,-1
75,50,529.19,428.02,28.80,91.83,0.702,-1,-1,-1
76,3,1380.63,347.53,200.08,575.54,0.904,-1,-1,-1
76,20,900.21,425.92,64.41,163.55,0.875,-1,-1,-1
76,22,708.98,429.56,32.76,109.57,0.759,-1,-1,-1
76,23,758.81,421.07,38.66,116.26,0.773,-1,-1,-1
76,24,692.82,424.33,28.28,87.60,0.602,-1,-1,-1
76,32,-0.24,433.63,76.11,204.78,0.811,-1,-1,-1
76,36,829.81,417.05,38.70,116.01,0.842,-1,-1,-1
76,39,612.76,429.04,26.78,66.20,0.721,-1,-1,-1
76,45,1223.91,429.09,34.69,116.26,0.716,-1,-1,-1
76,46,54.56,425.59,70.03,189.88,0.810,-1,-1,-1
76,47,102.01,435.86,51.86,140.64,0.796,-1,-1,-1
76,48,484.57,427.09,42.09,121.52,0.759,-1,-1,-1
76,49,1788.93,298.89,134.70,350.70,0.633,-1,-1,-1
76,50,528.64,429.31,28.32,90.15,0.754,-1,-1,-1
77,3,1390.42,345.07,201.29,585.38,0.882,-1,-1,-1
77,20,896.14,426.45,65.17,164.93,0.867,-1,-1,-1
77,22,707.95,431.03,32.77,109.49,0.784,-1,-1,-1
77,23,757.91,422.22,38.32,116.10,0.780,-1,-1,-1
77,24,692.14,425.66,28.02,87.68,0.577,-1,-1,-1
77,32,-4.46,433.08,76.57,207.41,0.840,-1,-1,-1
77,36,828.96,418.15,38.98,116.72,0.848,-1,-1,-1
77,39,611.87,431.62,26.24,64.99,0.747,-1,-1,-1
77,45,1223.41,430.75,34.89,117.03,0.785,-1,-1,-1
77,46,49.85,421.42,72.21,194.64,0.848,-1,-1,-1
77,47,99.04,435.06,52.81,143.01,0.803,-1,-1,-1
77,48,482.04,425.78,42.27,122.66,0.769,-1,-1,-1
77,49,1787.92,299.14,136.91,357.25,0.856,-1,-1,-1
77,50,528.03,429.65,28.69,91.22,0.754,-1,-1,-1
78,3,1401.85,342.51,201.72,596.30,0.895,-1,-1,-1
78,20,892.06,426.48,65.75,166.08,0.843,-1,-1,-1
78,22,706.19,431.44,32.88,109.66,0.783,-1,-1,-1
78,23,756.15,422.74,37.99,116.09,0.787,-1,-1,-1
78,24,690.48,426.52,27.77,88.03,0.606,-1,-1,-1
78,32,-8.78,432.44,75.86,208.99,0.840,-1,-1,-1
78,36,827.26,418.48,39.28,117.42,0.855,-1,-1,-1
78,39,610.41,432.39,26.12,65.02,0.720,-1,-1,-1
78,45,1222.25,432.26,35.10,117.97,0.810,-1,-1,-1
78,46,45.02,420.43,73.79,197.55,0.820,-1,-1,-1
78,47,95.27,434.83,53.27,143.58,0.833,-1,-1,-1
78,48,478.00,422.04,43.33,126.39,0.744,-1,-1,-1
78,49,1787.32,299.82,138.00,361.11,0.883,-1,-1,-1
78,50,527.27,429.63,29.00,92.07,0.734,-1,-1,-1
79,3,1414.15,342.71,200.87,604.04,0.901,-1,-1,-1
79,20,888.91,427.60,66.03,165.90,0.862,-1,-1,-1
79,22,703.32,431.84,33.20,110.13,0.780,-1,-1,-1
79,23,753.82,423.10,37.89,116.23,0.771,-1,-1,-1
79,24,688.62,426.67,27.99,89.39,0.505,-1,-1,-1
79,32,-11.07,432.31,74.62,209.37,0.829,-1,-1,-1
79,36,825.33,419.00,39.63,118.63,0.850,-1,-1,-1
79,39,608.39,432.90,26.07,65.22,0.702,-1,-1,-1
79,45,1221.25,434.16,35.01,117.76,0.769,-1,-1,-1
79,46,38.94,421.57,73.64,196.14,0.819,-1,-1,-1
79,47,91.65,435.95,53.52,143.56,0.816,-1,-1,-1
79,48,473.60,424.06,43.05,125.72,0.751,-1,-1,-1
79,49,1790.72,302.77,137.38,361.28,0.794,-1,-1,-1
79,50,526.29,429.80,29.46,93.37,0.731,-1,-1,-1
80,3,1429.76,341.80,203.58,621.33,0.861,-1,-1,-1
80,20,883.94,427.97,66.24,166.18,0.838,-1,-1,-1
80,22,700.75,430.17,33.15,109.72,0.748,-1,-1,-1
80,23,751.16,422.62,37.84,116.46,0.819,-1,-1,-1
80,24,686.01,425.77,28.01,90.06,0.558,-1,-1,-1
80,32,-14.95,430.80,72.02,207.13,0.752,-1,-1,-1
80,36,823.48,417.26,40.09,120.00,0.854,-1,-1,-1
80,39,606.07,432.73,25.61,64.10,0.737,-1,-1,-1
80,45,1219.89,434.35,35.29,118.56,0.769,-1,-1,-1
80,46,30.85,420.09,73.69,195.53,0.821,-1,-1,-1
80,47,87.88,435.75,53.78,143.21,0.850,-1,-1,-1
80,48,469.00,422.38,43.19,126.11,0.779,-1,-1,-1
80,49,1790.09,306.56,137.20,362.20,0.841,-1,-1,-1
80,50,525.15,427.51,29.61,93.78,0.738,-1,-1,-1
81,3,1442.60,342.29,206.28,639.77,0.887,-1,-1,-1
81,20,879.85,428.08,66.00,165.81,0.846,-1,-1,-1
81,22,698.79,428.68,33.01,109.19,0.757,-1,-1,-1
81,23,748.02,421.33,37.96,116.63,0.782,-1,-1,-1
81,24,684.24,424.46,27.66,89.75,0.596,-1,-1,-1
81,32,-18.83,429.01,69.80,205.19,0.591,-1,-1,-1
81,36,822.29,415.38,40.24,120.58,0.849,-1,-1,-1
81,39,603.95,431.50,25.50,63.99,0.717,-1,-1,-1
81,45,1218.79,433.66,35.52,119.17,0.774,-1,-1,-1
81,46,24.31,418.20,74.26,195.39,0.846,-1,-1,-1
81,47,84.24,433.12,54.53,144.44,0.829,-1,-1,-1
81,48,464.50,420.26,43.02,125.95,0.791,-1,-1,-1
81,49,1790.37,307.61,136.80,362.91,0.855,-1,-1,-1
81,50,523.74,424.92,29.90,94.68,0.739,-1,-1,-1
82,3,1457.07,343.22,208.52,654.80,0.896,-1,-1,-1
82,20,876.35,427.70,65.70,165.25,0.853,-1,-1,-1
82,22,696.75,426.36,33.31,109.93,0.805,-1,-1,-1
82,23,745.21,419.27,38.21,117.09,0.785,-1,-1,-1
82,24,682.22,422.64,27.20,89.44,0.584,-1,-1,-1
82,32,-20.94,430.10,65.40,198.92,0.705,-1,-1,-1
82,36,821.07,413.56,40.22,120.62,0.859,-1,-1,-1
82,39,601.94,428.94,25.66,64.74,0.728,-1,-1,-1
82,45,1217.78,432.50,35.56,118.93,0.779,-1,-1,-1
82,46,19.47,416.75,74.93,195.42,0.843,-1,-1,-1
82,47,81.26,431.89,54.29,142.90,0.844,-1,-1,-1
82,48,461.50,418.64,42.77,125.18,0.792,-1,-1,-1
82,49,1791.14,308.40,136.05,362.81,0.841,-1,-1,-1
82,50,522.74,422.37,29.89,94.68,0.705,-1,-1,-1
83,3,1476.61,343.27,211.90,667.30,0.912,-1,-1,-1
83,20,872.74,427.31,65.29,164.70,0.846,-1,-1,-1
83,22,694.45,424.23,33.52,110.81,0.780,-1,-1,-1
83,23,742.11,417.49,38.61,116.96,0.823,-1,-1,-1
83,24,680.83,421.17,26.73,88.76,0.596,-1,-1,-1
83,32,-22.49,431.66,62.71,195.49,0.541,-1,-1,-1
83,36,819.69,411.95,40.33,121.02,0.857,-1,-1,-1
83,39,600.22,426.94,25.51,64.75,0.711,-1,-1,-1
83,45,1216.42,430.68,35.68,119.10,0.807,-1,-1,-1
83,46,13.90,412.11,76.17,197.62,0.810,-1,-1,-1
83,47,78.64,429.74,54.72,143.40,0.864,-1,-1,-1
83,48,458.46,416.74,42.48,124.50,0.773,-1,-1,-1
83,49,1791.55,308.84,135.13,362.31,0.873,-1,-1,-1
83,50,522.22,423.16,29.00,91.55,0.704,-1,-1,-1
84,3,1497.76,342.82,217.70,679.92,0.904,-1,-1,-1
84,20,869.21,426.05,64.62,163.79,0.851,-1,-1,-1
84,22,692.07,422.16,33.65,111.43,0.777,-1,-1,-1
84,23,739.60,416.11,39.31,117.47,0.814,-1,-1,-1
84,24,679.07,419.47,26.32,88.04,0.619,-1,-1,-1
84,36,818.41,410.85,40.32,120.92,0.840,-1,-1,-1
84,39,598.15,425.00,25.35,64.68,0.704,-1,-1,-1
84,45,1215.75,429.22,35.70,118.56,0.780,-1,-1,-1
84,46,7.66,409.57,77.12,199.15,0.847,-1,-1,-1
84,47,75.65,427.46,54.64,142.55,0.854,-1,-1,-1
84,48,455.12,415.54,41.40,121.20,0.785,-1,-1,-1
84,49,1792.73,306.56,135.07,364.56,0.813,-1,-1,-1
84,50,521.30,423.24,28.61,89.76,0.689,-1,-1,-1
85,3,1520.74,341.90,228.44,705.89,0.892,-1,-1,-1
85,20,865.12,424.78,64.41,163.69,0.833,-1,-1,-1
85,22,688.82,420.83,33.88,112.35,0.770,-1,-1,-1
85,23,735.72,415.45,39.42,116.87,0.788,-1,-1,-1
85,36,816.76,409.89,40.58,121.36,0.863,-1,-1,-1
85,39,595.28,423.50,25.35,64.88,0.715,-1,-1,-1
85,45,1213.91,427.70,35.89,118.98,0.797,-1,-1,-1
85,46,1.28,408.01,77.84,200.68,0.867,-1,-1,-1
85,47,71.79,425.29,54.90,142.39,0.850,-1,-1,-1
85,48,450.40,414.94,41.70,121.13,0.774,-1,-1,-1
85,49,1795.06,306.56,134.06,364.48,0.766,-1,-1,-1
85,50,520.10,425.07,28.43,88.23,0.678,-1,-1,-1
85,51,1828.98,493.54,111.33,402.39,0.758,-1,-1,-1
86,3,1534.00,339.27,237.37,726.24,0.889,-1,-1,-1
86,20,862.64,423.13,63.96,162.96,0.809,-1,-1,-1
86,22,686.95,419.47,33.91,112.37,0.768,-1,-1,-1
86,23,733.57,414.62,39.40,116.46,0.772,-1,-1,-1
86,36,816.63,409.38,40.53,120.92,0.874,-1,-1,-1
86,39,593.19,422.84,25.41,64.69,0.692,-1,-1,-1
86,45,1213.93,427.06,35.76,118.11,0.815,-1,-1,-1
86,46,-2.51,403.08,79.18,204.66,0.863,-1,-1,-1
86,47,69.95,424.35,54.80,140.87,0.860,-1,-1,-1
86,48,447.12,414.40,42.09,121.13,0.706,-1,-1,-1
86,49,1801.59,320.99,128.16,350.17,0.567,-1,-1,-1
86,50,519.14,424.22,29.20,89.63,0.703,-1,-1,-1
86,51,1825.02,443.68,124.51,455.00,0.816,-1,-1,-1
87,3,1541.38,335.34,243.18,739.68,0.887,-1,-1,-1
87,20,859.86,421.59,63.58,162.20,0.840,-1,-1,-1
87,22,684.63,418.39,34.26,112.95,0.795,-1,-1,-1
87,23,730.77,414.09,39.34,116.76,0.789,-1,-1,-1
87,36,815.80,409.14,40.92,121.55,0.861,-1,-1,-1
87,39,591.81,421.88,25.67,65.31,0.745,-1,-1,-1
87,45,1213.35,425.87,36.07,118.87,0.809,-1,-1,-1
87,46,-5.36,401.73,79.56,207.17,0.856,-1,-1,-1
87,47,68.17,425.40,54.20,138.19,0.848,-1,-1,-1
87,48,442.33,411.52,42.33,121.36,0.571,-1,-1,-1
87,49,1802.19,314.10,129.44,356.51,0.647,-1,-1,-1
87,50,518.55,423.20,30.03,91.03,0.652,-1,-1,-1
87,51,1826.52,416.12,130.15,482.11,0.764,-1,-1,-1
88,3,1546.68,333.34,244.99,745.12,0.882,-1,-1,-1
88,20,856.73,420.10,63.61,162.13,0.845,-1,-1,-1
88,22,682.38,417.30,34.71,113.79,0.805,-1,-1,-1
88,23,728.91,414.00,39.24,116.67,0.776,-1,-1,-1
88,36,815.75,409.21,41.21,121.69,0.842,-1,-1,-1
88,39,590.61,421.65,25.44,64.66,0.758,-1,-1,-1
88,45,1213.11,425.45,36.26,119.12,0.790,-1,-1,-1
88,46,-6.75,402.02,78.73,206.79,0.857,-1,-1,-1
88,47,66.15,425.24,53.36,135.40,0.592,-1,-1,-1
88,50,518.50,423.22,30.16,89.89,0.573,-1,-1,-1
88,51,1827.71,400.65,132.48,497.98,0.729,-1,-1,-1
89,3,1559.34,326.44,245.11,749.53,0.867,-1,-1,-1
89,20,855.18,418.96,63.50,162.56,0.817,-1,-1,-1
89,22,681.14,417.40,34.78,113.91,-1.000,-1,-1,-1
89,23,731.08,413.71,33.76,98.29,0.620,-1,-1,-1
89,36,815.37,408.88,41.02,121.13,0.768,-1,-1,-1
89,39,590.22,422.40,25.31,64.02,-1.000,-1,-1,-1
89,45,1213.93,425.11,36.18,118.62,0.621,-1,-1,-1
89,46,-7.80,402.60,75.87,201.35,0.833,-1,-1,-1
89,47,68.49,423.79,46.70,115.29,0.699,-1,-1,-1
89,50,519.69,423.09,30.33,89.63,-1.000,-1,-1,-1
89,51,1827.66,391.64,133.51,510.93,0.761,-1,-1,-1
90,3,1591.05,318.14,245.29,757.58,0.891,-1,-1,-1
90,20,851.55,419.18,64.23,164.09,0.821,-1,-1,-1
90,22,679.91,417.51,34.84,114.04,0.795,-1,-1,-1
90,23,727.09,414.47,37.44,110.16,0.787,-1,-1,-1
90,36,816.72,409.49,41.46,122.24,0.842,-1,-1,-1
90,39,589.83,423.15,25.18,63.39,0.752,-1,-1,-1
90,45,1214.53,425.56,36.65,120.05,0.819,-1,-1,-1
90,46,-10.12,407.29,73.81,200.09,0.874,-1,-1,-1
90,47,68.87,426.92,40.05,96.05,0.749,-1,-1,-1
90,50,520.88,422.97,30.49,89.36,0.653,-1,-1,-1
90,51,1825.12,386.75,134.53,521.86,0.659,-1,-1,-1
91,3,1617.70,310.47,247.27,768.41,0.821,-1,-1,-1
91,20,850.88,417.96,65.00,166.00,0.820,-1,-1,-1
91,22,680.20,416.37,35.32,115.49,0.737,-1,-1,-1
91,23,726.21,414.19,38.38,113.04,0.742,-1,-1,-1
91,36,817.94,409.08,41.34,122.09,0.816,-1,-1,-1
91,39,590.50,421.43,25.88,65.05,0.572,-1,-1,-1
91,45,1216.27,425.40,36.72,119.82,0.776,-1,-1,-1
91,46,-11.52,408.38,73.26,201.70,0.766,-1,-1,-1
91,50,522.92,422.69,30.11,87.83,-1.000,-1,-1,-1
91,51,1830.42,382.92,123.29,482.56,0.525,-1,-1,-1
92,3,1650.45,304.45,249.65,773.98,0.873,-1,-1,-1
92,20,850.94,418.99,64.96,165.55,0.833,-1,-1,-1
92,22,680.83,416.15,35.37,115.56,0.792,-1,-1,-1
92,23,726.05,414.07,38.82,115.28,0.747,-1,-1,-1
92,36,820.44,408.30,41.48,122.43,0.834,-1,-1,-1
92,39,592.56,421.29,26.02,65.20,0.717,-1,-1,-1
92,45,1218.83,425.52,36.95,120.26,0.795,-1,-1,-1
92,46,-13.45,411.51,72.21,201.55,0.617,-1,-1,-1
92,50,524.97,422.40,29.73,86.29,0.635,-1,-1,-1
92,51,1837.43,387.79,111.32,441.67,0.625,-1,-1,-1
92,52,422.12,409.17,39.88,70.85,0.707,-1,-1,-1
93,3,1672.91,298.41,250.58,780.45,0.919,-1,-1,-1
93,20,851.85,420.16,63.82,163.02,0.813,-1,-1,-1
93,22,681.79,414.79,35.41,115.88,0.703,-1,-1,-1
93,23,726.63,412.98,39.30,116.82,0.707,-1,-1,-1
93,36,823.28,407.19,41.34,122.41,0.800,-1,-1,-1
93,39,594.30,421.38,25.63,64.18,0.589,-1,-1,-1
93,45,1221.83,424.99,36.94,120.16,0.753,-1,-1,-1
93,46,-10.18,414.91,62.98,175.31,-1.000,-1,-1,-1
93,50,528.52,419.58,29.74,86.07,-1.000,-1,-1,-1
93,52,422.51,407.63,39.67,70.59,-1.000,-1,-1,-1
94,3,1690.68,294.39,247.84,781.85,0.924,-1,-1,-1
94,20,853.52,418.97,63.27,161.82,0.782,-1,-1,-1
94,22,683.19,411.90,35.12,114.87,0.768,-1,-1,-1
94,23,727.68,410.85,39.13,117.76,0.741,-1,-1,-1
94,36,825.99,404.31,41.59,123.46,0.798,-1,-1,-1
94,39,596.53,419.62,25.44,63.47,0.711,-1,-1,-1
94,45,1224.94,423.21,37.06,120.35,0.792,-1,-1,-1
94,46,-6.90,418.32,53.75,149.07,0.631,-1,-1,-1
94,50,532.06,416.75,29.76,85.85,0.703,-1,-1,-1
94,52,422.90,406.10,39.46,70.33,0.630,-1,-1,-1
95,3,1712.61,287.00,242.92,786.46,0.899,-1,-1,-1
95,20,852.30,415.81,63.40,162.38,0.805,-1,-1,-1
95,22,684.15,408.72,35.05,114.88,0.810,-1,-1,-1
95,23,725.99,407.01,39.07,118.24,0.773,-1,-1,-1
95,36,827.51,399.70,41.98,125.79,0.805,-1,-1,-1
95,39,598.27,416.10,25.56,63.76,0.712,-1,-1,-1
95,45,1227.68,419.10,37.28,120.70,0.792,-1,-1,-1
95,50,538.08,414.29,27.49,79.17,0.673,-1,-1,-1
95,52,419.14,403.15,38.85,69.46,0.765,-1,-1,-1
96,3,1731.79,286.66,235.85,789.90,0.903,-1,-1,-1
96,20,851.16,412.61,63.08,162.34,0.791,-1,-1,-1
96,22,684.74,405.23,35.05,114.75,0.776,-1,-1,-1
96,23,724.60,403.00,39.44,119.39,0.794,-1,-1,-1
96,36,828.79,396.09,41.81,126.32,0.746,-1,-1,-1
96,39,598.89,413.51,25.36,63.44,0.606,-1,-1,-1
96,45,1229.74,415.37,37.30,120.29,0.774,-1,-1,-1
96,50,540.60,410.88,27.87,80.40,0.705,-1,-1,-1
96,52,417.49,400.71,38.13,68.45,0.642,-1,-1,-1
96,53,759.28,403.89,24.87,96.87,0.642,-1,-1,-1
97,3,1751.00,316.72,221.43,759.78,0.787,-1,-1,-1
97,20,848.09,408.90,63.18,162.43,0.808,-1,-1,-1
97,22,685.48,401.89,35.06,114.57,0.811,-1,-1,-1
97,23,724.55,398.72,39.54,120.07,0.786,-1,-1,-1
97,36,829.79,392.21,42.03,128.19,0.737,-1,-1,-1
97,39,600.35,410.28,25.15,62.70,0.676,-1,-1,-1
97,45,1231.52,411.29,37.80,121.69,0.788,-1,-1,-1
97,50,544.45,407.83,26.71,76.55,0.739,-1,-1,-1
97,52,414.94,397.07,37.94,68.40,0.701,-1,-1,-1
97,53,758.67,399.17,26.59,103.36,0.684,-1,-1,-1
97,54,324.96,403.52,32.16,91.66,0.707,-1,-1,-1
98,3,1769.42,352.68,205.98,723.00,0.712,-1,-1,-1
98,20,846.06,405.89,63.24,163.00,0.749,-1,-1,-1
98,22,685.50,398.48,35.35,115.07,0.828,-1,-1,-1
98,23,724.02,396.29,39.37,119.95,0.799,-1,-1,-1
98,36,830.51,389.75,41.77,128.67,0.669,-1,-1,-1
98,39,600.72,407.61,25.25,63.00,0.661,-1,-1,-1
98,45,1233.09,408.22,38.18,122.76,0.781,-1,-1,-1
98,50,547.20,406.24,25.97,73.42,0.706,-1,-1,-1
98,52,411.05,393.86,38.42,69.47,0.791,-1,-1,-1
98,53,758.32,396.63,27.35,105.99,0.728,-1,-1,-1
98,54,323.73,400.85,32.65,93.19,0.708,-1,-1,-1
99,3,1787.32,372.73,170.38,602.15,0.718,-1,-1,-1
99,20,843.71,403.22,63.27,162.52,0.820,-1,-1,-1
99,22,685.23,397.08,35.51,115.26,0.812,-1,-1,-1
99,23,722.53,394.55,39.15,119.61,0.805,-1,-1,-1
99,36,830.83,388.50,40.40,125.44,0.544,-1,-1,-1
99,39,600.95,405.62,25.20,62.85,0.702,-1,-1,-1
99,45,1233.61,405.79,38.58,123.71,0.804,-1,-1,-1
99,50,548.36,403.08,26.32,73.65,0.731,-1,-1,-1
99,52,407.12,391.84,38.61,69.92,0.788,-1,-1,-1
99,53,757.15,394.86,27.94,107.76,0.737,-1,-1,-1
99,54,322.48,399.20,32.53,93.01,0.686,-1,-1,-1
99,55,285.36,417.89,17.95,55.58,0.620,-1,-1,-1
100,3,1794.71,377.52,149.57,537.04,0.863,-1,-1,-1
100,20,841.58,399.93,63.62,163.28,0.812,-1,-1,-1
100,22,685.69,395.37,35.65,115.34,0.782,-1,-1,-1
100,23,722.41,392.46,39.26,120.11,0.774,-1,-1,-1
100,39,601.53,403.73,25.18,62.87,0.629,-1,-1,-1
100,45,1235.53,403.20,39.08,125.00,0.805,-1,-1,-1
100,50,550.09,401.89,25.98,71.69,0.751,-1,-1,-1
100,52,404.28,390.53,38.48,69.75,0.712,-1,-1,-1
100,53,757.16,392.77,28.39,108.90,0.728,-1,-1,-1
100,54,321.16,398.16,32.28,92.35,-1.000,-1,-1,-1
100,55,285.21,414.32,18.61,57.58,-1.000,-1,-1,-1
100,56,369.69,407.75,20.03,55.13,0.524,-1,-1,-1
101,3,1793.35,375.79,143.35,520.32,0.880,-1,-1,-1
101,20,836.64,398.07,64.30,163.59,0.838,-1,-1,-1
101,22,685.23,393.68,35.88,115.45,0.763,-1,-1,-1
101,23,721.55,391.07,39.35,120.68,0.744,-1,-1,-1
101,39,601.17,402.48,25.19,63.07,-1.000,-1,-1,-1
101,45,1236.73,401.79,39.25,125.21,0.800,-1,-1,-1
101,50,549.89,398.84,26.82,73.66,0.643,-1,-1,-1
101,52,402.31,392.18,37.00,67.45,0.668,-1,-1,-1
101,53,756.98,391.69,28.66,109.34,0.731,-1,-1,-1
101,54,319.84,397.13,32.04,91.70,0.529,-1,-1,-1
101,55,285.06,410.74,19.26,59.57,0.598,-1,-1,-1
101,56,367.12,406.82,20.30,55.90,-1.000,-1,-1,-1
102,3,1790.23,375.12,141.22,516.23,0.898,-1,-1,-1
102,20,833.69,396.96,64.73,163.79,0.836,-1,-1,-1
102,22,684.02,393.50,35.92,115.28,0.760,-1,-1,-1
102,23,719.86,390.89,38.96,119.59,0.754,-1,-1,-1
102,39,600.82,401.23,25.21,63.27,0.668,-1,-1,-1
102,45,1237.26,401.44,39.71,125.81,0.791,-1,-1,-1
102,50,549.56,398.17,27.00,73.43,0.704,-1,-1,-1
102,52,398.61,391.19,37.20,68.34,0.725,-1,-1,-1
102,53,756.41,390.89,28.93,109.54,0.762,-1,-1,-1
102,54,314.35,397.41,31.43,89.82,0.510,-1,-1,-1
102,55,284.19,408.86,19.64,60.62,0.538,-1,-1,-1
102,56,364.56,405.89,20.57,56.67,0.562,-1,-1,-1
103,3,1781.38,372.50,142.70,519.71,0.905,-1,-1,-1
103,20,830.36,391.80,66.38,168.13,0.781,-1,-1,-1
103,22,682.00,392.57,36.23,116.07,0.708,-1,-1,-1
103,23,717.90,389.35,39.32,120.38,0.738,-1,-1,-1
103,39,599.95,401.11,24.97,62.74,-1.000,-1,-1,-1
103,45,1237.21,400.14,39.61,124.82,0.761,-1,-1,-1
103,50,549.45,397.40,26.51,71.73,0.529,-1,-1,-1
103,53,755.00,389.44,29.21,109.89,0.682,-1,-1,-1
103,56,362.01,405.55,20.56,56.51,-1.000,-1,-1,-1
104,3,1767.53,372.51,146.20,522.77,0.909,-1,-1,-1
104,20,826.10,388.73,67.24,171.58,0.809,-1,-1,-1
104,22,680.96,393.25,36.37,115.70,0.786,-1,-1,-1
104,23,717.33,389.86,38.56,119.31,0.776,-1,-1,-1
104,39,599.08,401.00,24.74,62.21,0.672,-1,-1,-1
104,45,1236.12,399.84,40.06,125.59,0.812,-1,-1,-1
104,50,548.53,396.41,27.02,72.66,0.662,-1,-1,-1
104,53,753.32,390.00,29.37,109.74,0.704,-1,-1,-1
104,56,359.46,405.20,20.55,56.35,0.587,-1,-1,-1
105,3,1744.40,375.22,153.92,527.54,0.932,-1,-1,-1
105,20,822.84,385.11,68.09,175.26,0.823,-1,-1,-1
105,22,680.15,393.16,36.72,116.47,0.789,-1,-1,-1
105,23,716.44,389.19,38.27,119.61,0.787,-1,-1,-1
105,39,597.82,399.25,25.02,63.46,0.723,-1,-1,-1
105,45,1237.04,399.38,40.48,126.15,0.792,-1,-1,-1
105,50,548.62,395.59,27.52,73.52,0.751,-1,-1,-1
105,53,752.53,390.24,29.31,108.50,0.737,-1,-1,-1
105,56,357.33,404.04,20.31,55.48,0.514,-1,-1,-1
106,3,1728.16,378.99,161.06,526.89,0.937,-1,-1,-1
106,20,820.53,384.80,67.86,175.88,0.792,-1,-1,-1
106,22,678.33,392.99,37.00,116.89,0.772,-1,-1,-1
106,23,714.70,389.22,38.27,120.23,0.775,-1,-1,-1
106,39,595.99,398.82,25.06,64.13,0.593,-1,-1,-1
106,45,1236.57,399.44,40.97,126.96,0.802,-1,-1,-1
106,50,548.47,396.15,27.96,74.07,0.743,-1,-1,-1
106,53,750.82,390.92,29.38,107.96,0.737,-1,-1,-1
106,56,354.01,403.54,20.53,55.91,0.592,-1,-1,-1
107,3,1718.09,382.26,168.05,526.71,0.937,-1,-1,-1
107,20,818.49,386.83,66.66,174.16,0.775,-1,-1,-1
107,22,676.90,392.25,37.49,117.20,0.799,-1,-1,-1
107,23,714.14,389.06,37.94,120.14,0.766,-1,-1,-1
107,39,594.38,397.50,25.25,65.16,0.660,-1,-1,-1
107,45,1236.16,400.18,41.08,126.77,0.823,-1,-1,-1
107,50,548.40,394.26,28.86,76.38,0.769,-1,-1,-1
107,53,749.46,391.17,29.50,107.78,0.705,-1,-1,-1
107,56,351.90,403.57,20.63,55.93,0.651,-1,-1,-1
107,57,381.73,397.14,21.43,62.27,0.534,-1,-1,-1
108,3,1712.44,385.53,174.37,526.39,0.940,-1,-1,-1
108,20,817.28,387.38,66.00,173.52,0.751,-1,-1,-1
108,22,675.60,391.75,37.49,115.85,0.809,-1,-1,-1
108,23,713.20,388.24,37.82,120.64,0.754,-1,-1,-1
108,39,592.97,395.53,25.70,67.06,0.678,-1,-1,-1
108,45,1236.38,400.16,41.70,127.31,0.834,-1,-1,-1
108,50,548.21,393.52,29.25,77.07,0.782,-1,-1,-1
108,53,748.57,390.84,29.59,107.68,0.698,-1,-1,-1
108,56,349.78,403.12,20.81,55.83,0.672,-1,-1,-1
108,57,377.56,389.75,23.95,69.12,0.730,-1,-1,-1
109,3,1709.37,385.59,180.66,529.27,0.940,-1,-1,-1
109,20,815.62,382.85,67.27,178.18,0.716,-1,-1,-1
109,22,674.47,391.51,37.60,114.84,0.811,-1,-1,-1
109,23,712.30,387.78,37.62,120.90,0.744,-1,-1,-1
109,39,591.82,395.46,25.56,67.09,0.698,-1,-1,-1
109,45,1236.41,400.19,42.18,127.52,0.825,-1,-1,-1
109,50,548.23,394.35,29.25,76.79,0.783,-1,-1,-1
109,53,747.31,390.70,29.75,107.76,0.682,-1,-1,-1
109,56,347.95,402.69,21.08,55.98,0.691,-1,-1,-1
109,57,374.97,390.22,23.85,68.45,0.641,-1,-1,-1
110,3,1709.31,385.67,185.30,531.19,0.926,-1,-1,-1
110,20,814.31,394.75,61.61,163.70,0.767,-1,-1,-1
110,22,672.24,390.96,38.16,115.70,0.764,-1,-1,-1
110,23,709.78,387.29,37.05,120.44,0.756,-1,-1,-1
110,39,589.92,395.29,25.47,66.89,0.789,-1,-1,-1
110,45,1235.95,399.68,42.72,127.87,0.832,-1,-1,-1
110,50,547.57,392.81,30.07,78.55,0.776,-1,-1,-1
110,53,746.21,390.00,29.98,107.80,0.724,-1,-1,-1
110,56,344.13,402.30,21.21,56.12,0.658,-1,-1,-1
110,57,369.69,388.52,24.65,70.15,0.733,-1,-1,-1
110,58,309.19,401.14,28.60,87.50,0.622,-1,-1,-1
111,3,1710.59,382.92,188.93,533.48,0.909,-1,-1,-1
111,20,812.08,396.84,59.84,160.13,0.754,-1,-1,-1
111,22,670.39,390.24,38.79,116.99,0.768,-1,-1,-1
111,23,707.34,386.68,36.88,119.95,0.759,-1,-1,-1
111,39,589.13,395.28,25.10,66.10,0.687,-1,-1,-1
111,45,1235.99,399.10,42.63,127.04,0.738,-1,-1,-1
111,50,547.76,394.58,29.80,77.56,0.681,-1,-1,-1
111,53,744.94,389.04,30.24,108.17,0.631,-1,-1,-1
111,57,365.86,388.67,24.57,69.47,0.509,-1,-1,-1
112,3,1710.43,380.41,191.99,534.43,0.915,-1,-1,-1
112,20,810.87,394.83,60.42,162.36,0.826,-1,-1,-1
112,22,669.37,389.63,39.11,117.59,0.734,-1,-1,-1
112,23,706.01,386.20,36.85,120.37,0.750,-1,-1,-1
112,39,588.38,395.10,24.88,65.87,0.723,-1,-1,-1
112,45,1236.20,398.65,42.60,126.41,0.716,-1,-1,-1
112,50,547.20,391.29,31.78,82.84,0.754,-1,-1,-1
112,53,743.98,388.53,30.36,108.06,0.619,-1,-1,-1
112,57,361.12,388.65,25.18,70.25,-1.000,-1,-1,-1
113,3,1713.43,375.84,192.57,530.23,0.922,-1,-1,-1
113,20,808.52,393.92,60.24,163.24,0.833,-1,-1,-1
113,22,669.45,389.56,39.55,117.97,0.818,-1,-1,-1
113,23,705.27,386.02,36.80,121.53,0.773,-1,-1,-1
113,39,587.80,394.94,25.02,66.39,0.770,-1,-1,-1
113,45,1237.49,397.88,43.00,127.19,0.749,-1,-1,-1
113,50,547.83,392.51,32.04,83.03,0.766,-1,-1,-1
113,53,743.93,388.51,30.39,107.64,0.674,-1,-1,-1
113,57,356.38,388.62,25.78,71.02,0.717,-1,-1,-1
114,3,1716.45,372.59,192.07,526.71,0.913,-1,-1,-1
114,20,808.17,393.24,60.27,163.95,0.822,-1,-1,-1
114,22,670.24,389.79,39.46,117.66,0.759,-1,-1,-1
114,23,706.16,386.00,36.66,122.01,0.744,-1,-1,-1
114,39,588.60,395.21,25.01,66.56,0.734,-1,-1,-1
114,45,1239.49,397.06,43.12,127.44,0.740,-1,-1,-1
114,50,549.18,392.18,32.76,84.77,0.751,-1,-1,-1
114,53,744.00,388.45,30.29,107.59,0.615,-1,-1,-1
114,57,354.17,389.72,25.95,69.87,0.658,-1,-1,-1
115,3,1719.59,367.82,191.02,528.15,0.797,-1,-1,-1
115,20,809.43,395.49,59.74,163.05,0.850,-1,-1,-1
115,22,671.87,391.93,39.57,117.07,0.771,-1,-1,-1
115,23,707.26,387.92,36.46,121.45,0.743,-1,-1,-1
115,39,591.17,396.57,25.17,67.13,0.723,-1,-1,-1
115,45,1243.94,397.36,43.24,127.66,0.775,-1,-1,-1
115,50,552.86,395.03,34.62,89.76,0.756,-1,-1,-1
115,53,747.65,389.55,30.72,108.11,0.686,-1,-1,-1
115,57,352.89,392.24,26.82,70.25,0.712,-1,-1,-1
115,59,45.57,401.00,61.14,145.34,0.837,-1,-1,-1
115,60,853.58,381.41,30.93,135.85,0.675,-1,-1,-1
115,61,306.80,397.27,29.93,95.24,0.585,-1,-1,-1
116,3,1717.03,365.79,190.49,536.01,0.851,-1,-1,-1
116,20,810.93,397.16,59.04,161.26,0.813,-1,-1,-1
116,22,673.71,393.08,39.84,116.74,0.738,-1,-1,-1
116,23,710.06,389.33,36.08,119.93,0.745,-1,-1,-1
116,45,1248.06,398.07,43.23,127.60,0.685,-1,-1,-1
116,53,750.97,390.35,30.86,107.77,0.630,-1,-1,-1
116,57,353.13,395.71,26.26,67.54,0.547,-1,-1,-1
116,59,47.73,402.00,60.93,144.97,0.829,-1,-1,-1
116,60,858.14,382.74,31.09,136.11,0.697,-1,-1,-1
117,3,1714.32,364.37,190.37,542.54,0.689,-1,-1,-1
117,20,813.53,398.65,59.40,161.53,0.710,-1,-1,-1
117,22,677.00,394.77,39.75,116.38,-1.000,-1,-1,-1
117,23,713.06,390.00,31.98,103.81,0.587,-1,-1,-1
117,45,1251.91,399.60,43.05,126.85,-1.000,-1,-1,-1
117,53,754.24,391.75,31.01,107.76,-1.000,-1,-1,-1
117,59,50.90,403.51,61.08,145.44,0.771,-1,-1,-1
117,60,860.67,382.88,31.81,138.34,-1.000,-1,-1,-1
118,3,1712.47,365.81,189.85,547.09,0.825,-1,-1,-1
118,20,815.96,401.00,60.02,162.58,0.828,-1,-1,-1
118,22,680.29,396.46,39.65,116.02,0.735,-1,-1,-1
118,23,714.63,392.22,36.24,117.16,0.768,-1,-1,-1
118,45,1255.77,401.13,42.87,126.09,0.700,-1,-1,-1
118,53,757.50,393.15,31.16,107.76,0.629,-1,-1,-1
118,59,56.65,406.67,60.72,144.86,0.825,-1,-1,-1
118,60,863.20,383.01,32.53,140.58,0.828,-1,-1,-1
119,3,1707.47,367.56,191.93,553.29,0.820,-1,-1,-1
119,20,821.28,401.67,59.67,161.46,0.846,-1,-1,-1
119,22,686.98,396.68,39.71,116.26,0.774,-1,-1,-1
119,23,720.39,392.97,36.68,118.46,0.719,-1,-1,-1
119,45,1263.83,401.23,43.38,127.44,0.676,-1,-1,-1
119,53,764.95,393.84,31.44,107.54,0.680,-1,-1,-1
119,59,65.77,407.35,59.86,143.16,0.832,-1,-1,-1
119,60,870.24,383.51,32.88,139.99,0.839,-1,-1,-1
120,3,1707.20,369.13,195.09,558.23,0.857,-1,-1,-1
120,20,827.14,402.16,59.57,161.56,0.784,-1,-1,-1
120,23,721.28,394.34,36.53,117.80,-1.000,-1,-1,-1
120,45,1271.30,401.16,43.49,127.71,0.521,-1,-1,-1
120,53,762.05,393.98,33.03,112.10,-1.000,-1,-1,-1
120,59,75.59,408.47,59.06,141.73,0.802,-1,-1,-1
120,60,876.38,383.98,33.23,140.73,0.543,-1,-1,-1
121,3,1711.03,372.75,197.45,560.38,0.930,-1,-1,-1
121,20,841.75,400.69,59.71,161.45,0.847,-1,-1,-1
121,23,722.18,395.71,36.37,117.15,0.781,-1,-1,-1
121,53,759.16,394.12,34.62,116.66,0.793,-1,-1,-1
121,59,99.21,411.57,58.39,140.71,0.837,-1,-1,-1
122,3,1715.18,375.34,197.76,558.88,0.925,-1,-1,-1
122,20,851.35,398.53,59.91,162.28,0.849,-1,-1,-1
122,23,727.13,395.24,36.33,116.86,0.752,-1,-1,-1
122,53,762.16,392.73,35.70,119.70,0.766,-1,-1,-1
122,59,116.76,411.85,57.18,138.38,0.861,-1,-1,-1
123,3,1716.69,375.05,199.05,561.08,0.921,-1,-1,-1
123,20,858.92,395.54,59.86,162.73,0.814,-1,-1,-1
123,23,732.63,393.21,36.65,118.03,0.736,-1,-1,-1
123,53,766.40,390.71,36.56,121.57,0.770,-1,-1,-1
123,59,128.23,409.99,56.39,137.02,0.839,-1,-1,-1
123,62,912.25,377.23,47.74,143.77,0.866,-1,-1,-1
123,63,1319.77,395.44,45.56,131.38,0.730,-1,-1,-1
123,64,814.79,391.37,37.35,107.07,0.752,-1,-1,-1
123,65,660.77,398.07,26.73,67.48,0.690,-1,-1,-1
123,66,628.06,394.86,35.21,96.51,0.610,-1,-1,-1
123,67,45.41,411.92,40.02,98.64,0.640,-1,-1,-1
123,68,373.56,399.35,31.14,95.76,0.609,-1,-1,-1
123,69,408.51,397.91,34.02,68.39,0.633,-1,-1,-1
124,3,1720.43,373.56,199.75,564.71,0.916,-1,-1,-1
124,20,864.38,393.12,59.67,162.75,0.830,-1,-1,-1
124,23,737.39,392.52,36.02,116.39,0.607,-1,-1,-1
124,53,769.76,389.22,37.06,122.47,0.631,-1,-1,-1
124,59,137.17,408.02,55.84,136.52,0.832,-1,-1,-1
124,62,918.71,375.49,47.94,144.21,0.886,-1,-1,-1
124,63,1326.79,393.29,45.68,131.72,0.652,-1,-1,-1
124,64,822.20,389.74,37.52,107.63,0.708,-1,-1,-1
124,65,667.59,395.87,26.90,67.96,0.702,-1,-1,-1
124,66,634.74,392.16,35.74,98.10,0.698,-1,-1,-1
124,67,53.68,409.81,39.88,98.33,0.572,-1,-1,-1
124,68,380.19,396.43,31.49,96.86,0.709,-1,-1,-1
124,69,416.04,395.86,34.05,68.39,0.629,-1,-1,-1
125,3,1726.21,371.42,199.59,569.30,0.920,-1,-1,-1
125,20,871.71,389.90,60.16,163.48,0.835,-1,-1,-1
125,23,743.10,391.36,35.30,114.64,0.652,-1,-1,-1
125,53,773.95,385.89,37.25,122.50,0.771,-1,-1,-1
125,59,145.43,404.27,55.36,135.70,0.834,-1,-1,-1
125,62,926.64,373.18,47.68,143.31,0.882,-1,-1,-1
125,63,1336.15,390.46,45.89,132.20,0.729,-1,-1,-1
125,64,830.01,386.78,37.31,107.20,0.750,-1,-1,-1
125,65,674.64,394.12,26.37,66.67,0.737,-1,-1,-1
125,66,642.18,388.60,36.41,100.02,0.764,-1,-1,-1
125,67,61.62,406.21,39.94,98.48,0.608,-1,-1,-1
125,68,386.23,392.87,31.93,98.22,0.712,-1,-1,-1
125,69,422.97,392.25,34.47,69.04,0.639,-1,-1,-1
126,3,1740.68,365.80,189.37,547.04,0.913,-1,-1,-1
126,20,882.37,387.35,59.92,162.65,0.813,-1,-1,-1
126,23,750.93,389.60,34.91,113.99,-1.000,-1,-1,-1
126,53,780.25,383.04,36.55,120.52,0.680,-1,-1,-1
126,59,158.59,401.29,54.34,133.30,0.841,-1,-1,-1
126,62,939.62,370.47,47.76,143.52,0.883,-1,-1,-1
126,63,1348.78,386.97,46.41,133.71,0.617,-1,-1,-1
126,64,840.48,382.36,37.63,108.30,0.564,-1,-1,-1
126,65,686.62,391.87,26.03,65.93,0.599,-1,-1,-1
126,66,654.25,385.64,36.30,99.83,0.705,-1,-1,-1
126,67,73.49,404.09,39.77,98.17,0.508,-1,-1,-1
126,68,396.82,390.43,32.16,98.99,0.521,-1,-1,-1
126,69,429.90,390.10,34.04,68.32,-1.000,-1,-1,-1
126,70,2.60,390.81,68.38,217.22,0.834,-1,-1,-1
127,3,1751.95,360.09,184.62,543.74,0.897,-1,-1,-1
127,20,890.39,386.20,59.70,162.14,0.795,-1,-1,-1
127,23,758.76,387.84,34.52,113.33,0.709,-1,-1,-1
127,53,785.20,380.13,36.87,121.80,0.782,-1,-1,-1
127,59,168.51,398.17,54.90,135.47,0.865,-1,-1,-1
127,62,947.71,368.96,47.85,143.58,0.854,-1,-1,-1
127,63,1359.53,384.38,46.82,134.90,0.792,-1,-1,-1
127,64,851.38,379.98,37.37,107.90,0.803,-1,-1,-1
127,65,695.62,388.55,26.31,66.88,0.712,-1,-1,-1
127,66,663.14,382.20,36.66,100.99,0.774,-1,-1,-1
127,67,84.46,401.39,39.93,98.89,0.648,-1,-1,-1
127,68,405.52,390.12,31.29,96.59,0.699,-1,-1,-1
127,69,436.83,387.95,33.61,67.60,0.623,-1,-1,-1
127,70,5.27,380.24,71.71,226.84,0.862,-1,-1,-1
128,3,1761.07,353.11,182.58,552.24,0.903,-1,-1,-1
128,20,898.48,384.98,60.02,161.66,0.828,-1,-1,-1
128,23,766.89,385.84,34.25,113.05,0.643,-1,-1,-1
128,53,790.44,377.86,37.38,122.95,0.791,-1,-1,-1
128,59,178.36,395.67,55.25,136.56,0.871,-1,-1,-1
128,62,956.04,367.48,48.19,144.46,0.873,-1,-1,-1
128,63,1369.24,382.63,46.93,135.00,0.711,-1,-1,-1
128,64,860.08,377.78,37.59,108.80,0.759,-1,-1,-1
128,65,704.07,387.35,26.11,66.43,0.708,-1,-1,-1
128,66,671.61,379.92,37.15,102.57,0.764,-1,-1,-1
128,67,93.38,399.42,39.76,98.71,0.635,-1,-1,-1
128,68,414.98,387.96,31.52,97.09,0.706,-1,-1,-1
128,69,444.46,383.03,35.04,70.75,0.607,-1,-1,-1
128,70,7.80,375.09,73.55,231.13,0.849,-1,-1,-1
129,3,1766.12,346.56,179.96,558.48,0.899,-1,-1,-1
129,20,905.88,384.77,60.12,161.22,0.823,-1,-1,-1
129,23,775.34,385.54,33.80,112.57,0.672,-1,-1,-1
129,53,796.59,376.68,37.62,123.54,0.788,-1,-1,-1
129,59,187.60,394.76,55.04,136.66,0.863,-1,-1,-1
129,62,963.72,366.64,48.65,145.63,0.881,-1,-1,-1
129,63,1378.61,381.01,47.64,136.86,0.751,-1,-1,-1
129,64,868.71,376.73,37.36,108.37,0.793,-1,-1,-1
129,65,712.24,386.89,26.03,66.47,0.758,-1,-1,-1
129,66,679.98,378.99,36.97,102.30,0.781,-1,-1,-1
129,67,102.38,399.20,39.54,98.47,0.693,-1,-1,-1
129,68,422.95,385.98,31.95,98.21,0.684,-1,-1,-1
129,69,450.92,382.24,34.58,70.07,0.589,-1,-1,-1
129,70,10.47,372.97,75.10,233.45,0.876,-1,-1,-1
130,3,1769.67,341.47,175.63,557.97,0.898,-1,-1,-1
130,20,912.45,384.09,60.33,161.11,0.812,-1,-1,-1
130,23,782.70,384.67,33.33,111.59,0.702,-1,-1,-1
130,53,801.77,375.92,37.75,122.80,0.828,-1,-1,-1
130,59,196.06,393.42,54.99,136.69,0.860,-1,-1,-1
130,62,970.39,365.41,49.00,146.20,0.863,-1,-1,-1
130,63,1387.55,379.96,47.80,137.31,0.833,-1,-1,-1
130,64,876.25,375.43,37.14,107.93,0.805,-1,-1,-1
130,65,719.81,385.63,25.99,66.57,0.717,-1,-1,-1
130,66,687.28,377.35,36.82,102.13,0.752,-1,-1,-1
130,67,110.19,398.52,39.29,98.25,0.680,-1,-1,-1
130,68,429.43,384.68,31.99,98.38,0.693,-1,-1,-1
130,69,461.15,381.09,35.02,70.68,0.666,-1,-1,-1
130,70,12.82,371.29,76.56,234.31,0.893,-1,-1,-1
131,3,1774.26,336.36,172.97,564.01,0.880,-1,-1,-1
131,20,923.79,381.66,60.43,161.60,0.804,-1,-1,-1
131,23,791.19,383.32,33.24,111.78,-1.000,-1,-1,-1
131,53,810.84,374.96,38.50,123.66,0.810,-1,-1,-1
131,59,208.85,391.11,55.60,138.72,0.808,-1,-1,-1
131,62,982.06,362.12,50.10,149.44,0.853,-1,-1,-1
131,63,1402.14,378.27,47.97,137.69,0.812,-1,-1,-1
131,64,888.16,375.05,36.67,106.81,0.656,-1,-1,-1
131,65,729.48,384.59,26.05,66.78,-1.000,-1,-1,-1
131,66,699.05,375.21,36.98,102.49,0.592,-1,-1,-1
131,67,120.79,397.41,39.08,97.85,-1.000,-1,-1,-1
131,68,441.50,381.21,33.27,102.04,0.615,-1,-1,-1
131,69,472.33,381.19,34.57,69.76,-1.000,-1,-1,-1
131,70,17.33,366.96,77.60,235.27,0.748,-1,-1,-1
132,3,1769.10,334.13,171.87,567.56,0.850,-1,-1,-1
132,20,932.91,380.70,60.19,161.09,0.796,-1,-1,-1
132,23,799.69,381.98,33.15,111.98,0.549,-1,-1,-1
132,53,818.27,374.42,38.85,123.22,0.802,-1,-1,-1
132,59,221.26,391.16,55.06,137.10,0.834,-1,-1,-1
132,62,991.59,360.76,50.49,150.34,0.875,-1,-1,-1
132,63,1413.50,378.54,48.33,138.67,0.826,-1,-1,-1
132,64,897.93,373.33,37.14,108.45,0.797,-1,-1,-1
132,65,739.16,383.56,26.10,67.00,0.623,-1,-1,-1
132,66,708.52,374.26,37.40,104.18,0.754,-1,-1,-1
132,67,131.39,396.30,38.87,97.45,0.712,-1,-1,-1
132,68,451.24,381.77,32.84,100.54,0.665,-1,-1,-1
132,69,483.50,381.30,34.11,68.83,0.559,-1,-1,-1
132,70,23.66,366.36,79.01,236.22,0.873,-1,-1,-1
133,3,1757.59,334.70,172.58,571.62,0.918,-1,-1,-1
133,20,940.81,379.23,59.39,158.99,0.809,-1,-1,-1
133,23,807.97,380.66,33.01,111.96,-1.000,-1,-1,-1
133,53,824.95,373.85,39.20,122.72,0.833,-1,-1,-1
133,59,232.05,390.23,55.19,136.70,0.882,-1,-1,-1
133,62,999.71,359.23,50.69,150.93,0.887,-1,-1,-1
133,63,1422.97,377.39,48.72,139.56,0.829,-1,-1,-1
133,64,907.20,372.35,36.93,108.19,0.713,-1,-1,-1
133,65,748.07,382.52,25.83,66.52,0.727,-1,-1,-1
133,66,717.28,373.88,36.79,103.04,0.832,-1,-1,-1
133,67,140.12,394.59,38.84,97.44,0.798,-1,-1,-1
133,68,457.61,381.23,32.52,100.01,0.521,-1,-1,-1
133,69,492.87,379.99,34.26,68.90,0.634,-1,-1,-1
133,70,31.09,366.29,79.89,233.98,0.894,-1,-1,-1
134,3,1750.81,335.98,171.64,566.53,0.905,-1,-1,-1
134,20,947.99,376.65,59.55,159.10,0.796,-1,-1,-1
134,23,816.25,379.35,32.86,111.94,0.514,-1,-1,-1
134,53,832.72,372.33,39.48,122.46,0.807,-1,-1,-1
134,59,241.24,389.28,54.61,134.81,0.871,-1,-1,-1
134,62,1007.85,356.78,51.27,152.58,0.875,-1,-1,-1
134,63,1433.08,376.11,48.84,139.72,0.842,-1,-1,-1
134,64,915.16,370.47,36.87,108.39,0.759,-1,-1,-1
134,65,756.08,380.50,25.69,66.43,0.699,-1,-1,-1
134,66,725.44,372.17,36.29,102.04,0.775,-1,-1,-1
134,67,148.92,391.59,39.20,98.62,0.727,-1,-1,-1
134,68,466.53,379.72,32.72,99.82,0.660,-1,-1,-1
134,69,501.13,377.36,34.59,69.30,0.646,-1,-1,-1
134,70,36.37,364.11,81.14,233.58,0.898,-1,-1,-1
135,3,1749.88,338.14,166.24,543.68,0.907,-1,-1,-1
135,20,953.05,373.24,59.99,160.25,0.816,-1,-1,-1
135,53,838.92,370.76,39.88,122.49,0.790,-1,-1,-1
135,59,249.52,386.91,54.01,132.95,0.875,-1,-1,-1
135,62,1015.58,353.89,51.66,153.47,0.883,-1,-1,-1
135,63,1441.72,374.01,49.01,139.93,0.853,-1,-1,-1
135,64,921.67,368.42,36.84,108.88,0.737,-1,-1,-1
135,65,762.87,377.69,25.72,66.98,0.729,-1,-1,-1
135,66,732.54,370.38,36.05,101.80,0.750,-1,-1,-1
135,67,155.74,388.97,39.05,98.24,0.736,-1,-1,-1
135,68,473.53,376.13,33.14,100.97,-1.000,-1,-1,-1
135,69,508.24,373.27,35.40,70.84,0.685,-1,-1,-1
135,70,41.79,361.44,82.48,233.34,0.871,-1,-1,-1
135,71,110.19,387.49,25.82,65.18,0.678,-1,-1,-1
136,3,1750.61,339.54,165.51,539.32,0.906,-1,-1,-1
136,20,959.59,369.31,60.62,161.29,0.828,-1,-1,-1
136,53,847.18,367.54,38.64,116.44,0.739,-1,-1,-1
136,59,257.96,382.06,54.21,133.29,0.850,-1,-1,-1
136,62,1024.30,349.50,52.28,155.42,0.883,-1,-1,-1
136,63,1452.23,372.37,49.21,140.28,0.792,-1,-1,-1
136,64,928.36,364.47,36.94,109.81,0.752,-1,-1,-1
136,65,770.60,374.59,25.21,65.87,0.710,-1,-1,-1
136,66,740.81,367.56,35.70,101.18,0.761,-1,-1,-1
136,67,164.39,383.71,39.05,98.41,0.752,-1,-1,-1
136,68,480.53,372.53,33.56,102.12,0.636,-1,-1,-1
136,69,516.51,368.18,36.06,72.14,0.679,-1,-1,-1
136,70,46.48,356.60,84.17,234.58,0.863,-1,-1,-1
136,71,118.99,382.74,25.64,64.86,0.622,-1,-1,-1
137,3,1753.47,340.52,165.28,539.25,0.904,-1,-1,-1
137,20,963.47,365.96,60.95,161.87,0.817,-1,-1,-1
137,53,852.48,362.40,39.85,119.22,0.813,-1,-1,-1
137,59,265.29,376.43,54.35,133.27,0.871,-1,-1,-1
137,62,1031.33,346.48,52.49,155.77,0.896,-1,-1,-1
137,63,1460.42,368.94,49.58,140.96,0.837,-1,-1,-1
137,64,934.97,361.53,36.04,107.76,0.746,-1,-1,-1
137,65,776.87,370.77,25.20,66.26,0.763,-1,-1,-1
137,66,746.72,363.59,36.01,102.37,0.764,-1,-1,-1
137,67,170.22,378.72,39.10,98.85,0.759,-1,-1,-1
137,68,487.71,368.84,33.70,101.44,0.518,-1,-1,-1
137,69,521.18,362.78,36.98,73.36,0.730,-1,-1,-1
137,70,49.19,351.97,85.67,235.20,0.876,-1,-1,-1
137,71,126.79,377.60,25.48,64.59,0.695,-1,-1,-1
138,3,1757.67,339.92,165.35,543.27,0.905,-1,-1,-1
138,20,967.35,362.84,61.52,161.68,0.856,-1,-1,-1
138,53,857.36,359.28,40.01,118.62,0.756,-1,-1,-1
138,59,270.85,372.17,54.17,133.05,0.851,-1,-1,-1
138,62,1037.20,343.38,52.66,156.13,0.893,-1,-1,-1
138,63,1467.50,366.21,49.91,141.35,0.826,-1,-1,-1
138,64,940.63,358.54,35.56,107.61,0.748,-1,-1,-1
138,65,782.16,367.52,24.94,66.05,0.729,-1,-1,-1
138,66,751.63,360.02,36.01,102.68,0.777,-1,-1,-1
138,67,175.18,374.99,39.31,99.75,0.728,-1,-1,-1
138,68,491.62,366.42,33.32,99.85,0.604,-1,-1,-1
138,69,526.72,358.33,37.58,74.58,0.786,-1,-1,-1
138,70,51.25,348.92,87.08,235.69,0.885,-1,-1,-1
138,71,132.53,374.15,25.07,63.69,0.658,-1,-1,-1
139,3,1762.57,336.68,165.19,549.38,0.903,-1,-1,-1
139,20,969.97,362.21,61.62,160.12,0.858,-1,-1,-1
139,53,860.52,357.78,40.66,118.43,0.794,-1,-1,-1
139,59,275.81,369.75,53.56,131.39,0.851,-1,-1,-1
139,62,1041.60,341.45,52.99,156.52,0.900,-1,-1,-1
139,63,1473.43,363.21,50.48,142.80,0.842,-1,-1,-1
139,64,945.23,356.34,35.26,107.59,0.670,-1,-1,-1
139,65,786.16,364.71,24.88,66.37,0.731,-1,-1,-1
139,66,756.13,358.25,35.65,101.74,0.781,-1,-1,-1
139,67,178.94,372.31,39.25,99.76,0.740,-1,-1,-1
139,68,495.30,363.26,33.58,100.22,0.555,-1,-1,-1
139,69,531.31,355.72,37.96,74.91,0.795,-1,-1,-1
139,70,52.08,347.25,88.29,236.07,0.893,-1,-1,-1
139,71,136.53,371.73,24.64,62.76,0.675,-1,-1,-1
140,3,1767.59,333.92,164.47,556.10,0.908,-1,-1,-1
140,20,971.82,361.71,61.86,159.43,0.853,-1,-1,-1
140,53,862.60,356.93,40.77,117.86,0.657,-1,-1,-1
140,59,279.91,367.74,53.29,130.98,0.835,-1,-1,-1
140,62,1045.57,340.31,53.14,156.32,0.896,-1,-1,-1
140,63,1478.30,361.45,50.93,143.45,0.843,-1,-1,-1
140,64,949.16,354.33,35.33,108.62,0.580,-1,-1,-1
140,65,789.82,363.04,24.44,65.50,0.675,-1,-1,-1
140,66,759.51,356.53,35.54,101.82,0.757,-1,-1,-1
140,67,182.13,371.07,38.77,98.61,0.758,-1,-1,-1
140,68,498.44,361.71,33.63,100.20,-1.000,-1,-1,-1
140,69,537.20,354.94,37.47,73.49,0.611,-1,-1,-1
140,70,52.78,346.23,89.37,235.99,0.883,-1,-1,-1
140,71,140.61,370.12,24.67,62.97,0.700,-1,-1,-1
141,3,1775.38,327.97,164.19,569.01,0.882,-1,-1,-1
141,20,974.01,361.29,61.49,157.91,0.824,-1,-1,-1
141,53,865.88,354.43,41.31,119.14,0.616,-1,-1,-1
141,59,284.34,365.44,53.83,133.09,0.830,-1,-1,-1
141,62,1051.74,339.10,53.67,157.39,0.899,-1,-1,-1
141,63,1485.31,358.61,51.27,144.24,0.829,-1,-1,-1
141,64,953.59,352.56,34.71,107.63,0.666,-1,-1,-1
141,65,794.27,361.09,24.44,65.93,0.565,-1,-1,-1
141,66,764.41,354.54,35.87,102.74,0.749,-1,-1,-1
141,67,187.11,370.39,38.48,98.60,0.761,-1,-1,-1
141,68,501.59,360.16,33.67,100.18,0.643,-1,-1,-1
141,69,544.31,352.01,38.60,74.93,0.713,-1,-1,-1
141,70,53.57,345.55,90.45,236.47,0.884,-1,-1,-1
141,71,144.82,368.86,24.34,62.37,0.719,-1,-1,-1
142,3,1782.17,323.93,162.56,578.65,0.863,-1,-1,-1
142,20,976.08,360.17,61.93,158.35,0.800,-1,-1,-1
142,53,868.68,351.19,42.36,122.50,0.694,-1,-1,-1
142,59,288.97,364.82,53.17,132.43,0.829,-1,-1,-1
142,62,1056.91,338.31,54.22,158.29,0.894,-1,-1,-1
142,63,1491.35,357.27,51.47,144.17,0.798,-1,-1,-1
142,64,958.42,351.10,32.03,99.60,0.628,-1,-1,-1
142,65,797.97,360.41,24.29,65.68,0.667,-1,-1,-1
142,66,768.07,353.37,36.03,103.29,0.765,-1,-1,-1
142,67,192.16,369.97,38.24,98.62,0.689,-1,-1,-1
142,68,503.64,357.40,34.01,101.48,0.571,-1,-1,-1
142,69,550.00,352.42,38.53,73.60,0.776,-1,-1,-1
142,70,54.90,345.11,91.51,237.01,0.871,-1,-1,-1
142,71,148.56,368.37,24.20,62.26,0.713,-1,-1,-1
143,3,1789.41,320.32,160.14,588.38,0.864,-1,-1,-1
143,20,977.10,359.78,62.48,158.86,0.829,-1,-1,-1
143,53,872.24,350.69,42.52,124.82,0.749,-1,-1,-1
143,59,293.38,365.96,52.94,133.17,0.843,-1,-1,-1
143,62,1060.89,338.90,54.82,159.07,0.893,-1,-1,-1
143,63,1496.53,356.72,51.90,145.09,0.802,-1,-1,-1
143,64,962.95,351.28,30.81,95.42,0.661,-1,-1,-1
143,65,801.87,361.12,24.40,66.27,0.679,-1,-1,-1
143,66,771.44,353.72,36.00,103.23,0.764,-1,-1,-1
143,67,195.70,370.22,38.31,99.33,0.681,-1,-1,-1
143,68,505.33,358.44,33.76,101.14,0.593,-1,-1,-1
143,69,555.02,352.46,38.66,73.52,-1.000,-1,-1,-1
143,70,55.97,346.84,92.19,236.67,0.867,-1,-1,-1
143,71,152.10,369.34,24.53,63.46,0.712,-1,-1,-1
144,3,1797.47,317.69,156.38,595.27,0.854,-1,-1,-1
144,20,978.39,358.80,62.87,159.51,0.781,-1,-1,-1
144,53,875.32,352.62,41.79,124.07,0.763,-1,-1,-1
144,59,297.38,366.99,52.30,132.17,0.844,-1,-1,-1
144,62,1065.29,338.51,55.48,160.09,0.906,-1,-1,-1
144,63,1501.84,356.25,51.98,144.77,0.828,-1,-1,-1
144,64,967.11,351.08,29.20,90.38,0.640,-1,-1,-1
144,65,804.65,361.34,24.34,66.27,0.635,-1,-1,-1
144,66,775.00,354.57,35.92,103.06,0.775,-1,-1,-1
144,67,199.89,371.16,37.95,99.44,0.709,-1,-1,-1
144,68,506.94,359.69,33.13,100.26,0.526,-1,-1,-1
144,69,560.04,352.50,38.79,73.45,0.513,-1,-1,-1
144,70,57.94,347.93,93.17,236.88,0.855,-1,-1,-1
144,71,155.53,370.09,24.78,64.45,0.708,-1,-1,-1
145,3,1804.59,317.05,151.83,600.63,0.859,-1,-1,-1
145,20,982.81,358.51,63.00,159.99,0.812,-1,-1,-1
145,53,878.95,355.37,40.71,121.60,0.638,-1,-1,-1
145,59,301.07,368.92,52.22,132.28,0.825,-1,-1,-1
145,62,1070.02,338.62,56.07,161.00,0.892,-1,-1,-1
145,63,1507.56,356.79,52.15,144.87,0.792,-1,-1,-1
145,64,968.84,351.28,31.92,99.59,0.604,-1,-1,-1
145,65,808.17,361.76,23.95,65.56,0.527,-1,-1,-1
145,66,779.08,355.48,35.81,102.55,0.699,-1,-1,-1
145,67,204.09,373.03,37.50,99.18,0.725,-1,-1,-1
145,69,563.32,352.99,40.15,75.25,0.689,-1,-1,-1
145,70,59.22,349.63,94.07,236.97,0.861,-1,-1,-1
145,71,158.99,371.57,24.96,65.14,0.722,-1,-1,-1
146,3,1808.93,319.76,147.02,601.78,0.834,-1,-1,-1
146,20,987.53,359.57,63.24,161.07,0.834,-1,-1,-1
146,53,881.17,356.36,40.75,121.63,0.731,-1,-1,-1
146,59,307.04,371.87,52.33,133.41,0.824,-1,-1,-1
146,62,1076.51,337.89,57.40,164.97,0.890,-1,-1,-1
146,63,1514.84,357.22,52.40,145.40,-1.000,-1,-1,-1
146,65,812.28,362.84,24.38,67.06,0.596,-1,-1,-1
146,66,783.16,357.17,36.36,104.32,0.698,-1,-1,-1
146,67,209.62,375.79,36.97,98.45,0.531,-1,-1,-1
146,69,569.71,353.63,41.21,76.32,-1.000,-1,-1,-1
146,70,58.76,352.51,95.03,238.71,0.842,-1,-1,-1
146,71,164.32,374.19,25.18,66.35,0.678,-1,-1,-1
147,3,1802.30,320.56,142.90,594.97,0.848,-1,-1,-1
147,20,991.45,360.20,63.60,161.69,0.829,-1,-1,-1
147,53,884.74,357.71,40.89,122.55,0.768,-1,-1,-1
147,59,314.54,374.94,51.23,131.56,0.847,-1,-1,-1
147,62,1083.09,339.24,57.46,164.72,0.894,-1,-1,-1
147,63,1522.12,357.66,52.66,145.94,0.583,-1,-1,-1
147,65,817.72,364.13,24.28,67.21,0.600,-1,-1,-1
147,66,788.39,358.64,36.92,105.52,0.768,-1,-1,-1
147,67,215.26,378.51,36.32,97.50,0.726,-1,-1,-1
147,69,576.09,354.28,42.27,77.40,0.711,-1,-1,-1
147,70,61.59,354.74,95.90,238.80,0.874,-1,-1,-1
147,71,169.76,376.60,24.74,65.55,0.731,-1,-1,-1
148,3,1795.16,321.56,141.88,597.65,0.856,-1,-1,-1
148,20,995.14,360.19,63.87,161.88,0.826,-1,-1,-1
148,53,888.14,358.05,41.13,122.98,0.708,-1,-1,-1
148,59,320.12,377.03,50.02,128.50,0.835,-1,-1,-1
148,62,1089.63,338.33,57.80,165.84,0.873,-1,-1,-1
148,63,1530.01,358.59,52.57,145.70,0.688,-1,-1,-1
148,65,822.70,364.71,24.17,67.07,-1.000,-1,-1,-1
148,66,792.97,359.27,36.81,105.48,0.568,-1,-1,-1
148,67,220.25,378.98,36.44,98.10,-1.000,-1,-1,-1
148,69,583.41,356.70,41.70,75.72,0.541,-1,-1,-1
148,70,63.74,355.53,96.99,239.65,0.853,-1,-1,-1
148,71,175.42,377.32,24.22,64.07,0.527,-1,-1,-1
148,72,-1.51,396.39,51.75,179.58,0.843,-1,-1,-1
149,3,1788.70,324.37,142.06,602.61,0.867,-1,-1,-1
149,20,998.94,360.39,64.12,162.18,0.830,-1,-1,-1
149,53,891.83,357.49,41.56,124.00,0.740,-1,-1,-1
149,59,326.38,378.08,49.58,127.82,0.802,-1,-1,-1
149,62,1095.29,338.19,58.20,167.03,0.888,-1,-1,-1
149,63,1536.61,359.24,52.88,146.17,0.672,-1,-1,-1
149,65,827.67,365.28,24.05,66.93,0.600,-1,-1,-1
149,66,797.57,360.55,36.69,104.96,0.724,-1,-1,-1
149,67,225.24,379.44,36.55,98.70,0.646,-1,-1,-1
149,69,594.19,359.27,40.89,73.80,0.643,-1,-1,-1
149,70,67.34,356.31,97.88,239.77,0.885,-1,-1,-1
149,71,181.10,378.66,24.45,64.87,0.686,-1,-1,-1
149,72,-0.02,396.79,54.61,189.49,0.880,-1,-1,-1
150,3,1789.64,327.67,134.80,571.96,0.884,-1,-1,-1
150,20,1002.57,360.38,64.02,161.69,0.818,-1,-1,-1
150,53,895.57,358.52,41.03,122.72,0.736,-1,-1,-1
150,59,331.38,377.34,49.30,127.64,0.788,-1,-1,-1
150,62,1101.08,337.40,58.39,167.62,0.892,-1,-1,-1
150,63,1543.55,358.17,53.51,147.43,0.665,-1,-1,-1
150,65,833.08,364.91,23.73,66.42,0.666,-1,-1,-1
150,66,802.56,359.33,37.36,107.21,0.721,-1,-1,-1
150,67,231.11,378.55,36.81,99.39,-1.000,-1,-1,-1
150,69,597.77,357.30,43.19,75.69,0.790,-1,-1,-1
150,70,69.31,355.81,98.56,239.69,0.877,-1,-1,-1
150,71,186.81,378.05,24.48,64.98,0.565,-1,-1,-1
150,72,2.45,395.40,55.59,192.15,0.885,-1,-1,-1
151,3,1788.64,329.47,132.05,559.37,0.909,-1,-1,-1
151,20,1008.12,360.64,63.28,160.17,0.804,-1,-1,-1
151,53,901.35,355.96,41.35,124.00,0.779,-1,-1,-1
151,59,339.18,375.15,48.73,127.04,0.844,-1,-1,-1
151,62,1108.51,334.98,59.35,169.91,0.898,-1,-1,-1
151,63,1553.08,356.87,53.70,147.74,0.506,-1,-1,-1
151,65,840.33,363.62,23.64,66.41,0.560,-1,-1,-1
151,66,809.87,358.55,37.93,108.41,0.728,-1,-1,-1
151,67,236.99,377.66,37.07,100.09,0.613,-1,-1,-1
151,69,606.34,356.74,43.21,75.09,0.683,-1,-1,-1
151,70,73.44,354.80,99.60,240.84,0.890,-1,-1,-1
151,71,194.57,376.75,24.52,65.37,0.641,-1,-1,-1
151,72,4.61,393.72,56.71,194.61,0.905,-1,-1,-1
152,3,1789.10,328.70,131.27,556.84,0.902,-1,-1,-1
152,20,1011.89,359.46,63.07,159.73,0.849,-1,-1,-1
152,53,903.99,353.92,41.38,124.39,0.807,-1,-1,-1
152,59,343.56,372.48,48.46,127.00,0.853,-1,-1,-1
152,62,1112.85,333.37,59.77,170.80,0.893,-1,-1,-1
152,63,1559.58,354.39,54.01,148.30,0.684,-1,-1,-1
152,65,844.79,361.84,23.73,66.94,0.655,-1,-1,-1
152,66,814.18,356.57,38.45,109.67,0.744,-1,-1,-1
152,69,611.74,352.55,45.13,77.40,0.720,-1,-1,-1
152,70,73.86,353.04,100.58,241.54,0.894,-1,-1,-1
152,71,199.16,375.62,24.11,64.64,0.648,-1,-1,-1
152,72,5.32,392.01,57.31,195.12,0.904,-1,-1,-1
152,73,937.79,358.07,27.80,94.69,0.680,-1,-1,-1
153,3,1791.46,326.40,131.53,562.00,0.883,-1,-1,-1
153,20,1012.73,357.74,62.21,158.65,0.827,-1,-1,-1
153,53,905.58,351.30,41.41,124.59,0.782,-1,-1,-1
153,59,346.50,369.52,47.83,125.47,0.825,-1,-1,-1
153,62,1116.61,331.22,59.68,170.33,0.886,-1,-1,-1
153,63,1565.07,351.82,53.99,147.98,0.655,-1,-1,-1
153,65,848.51,359.22,23.80,67.80,0.581,-1,-1,-1
153,66,818.25,353.76,37.99,108.16,0.739,-1,-1,-1
153,69,615.87,349.34,45.86,78.04,0.722,-1,-1,-1
153,70,73.07,350.37,101.54,242.11,0.880,-1,-1,-1
153,71,202.21,373.38,23.91,64.09,0.507,-1,-1,-1
153,72,5.61,388.80,57.68,194.89,0.860,-1,-1,-1
153,73,940.96,357.23,27.28,92.73,0.619,-1,-1,-1
154,3,1794.57,323.13,131.41,567.93,0.887,-1,-1,-1
154,20,1014.41,355.34,61.70,158.48,0.810,-1,-1,-1
154,53,907.21,348.99,41.41,125.10,0.789,-1,-1,-1
154,59,348.84,366.57,48.31,127.11,0.831,-1,-1,-1
154,62,1120.05,328.92,59.70,170.29,0.900,-1,-1,-1
154,63,1569.92,350.05,54.23,148.32,0.626,-1,-1,-1
154,65,851.27,356.45,23.87,68.25,0.650,-1,-1,-1
154,66,820.82,351.09,38.49,109.64,0.706,-1,-1,-1
154,69,620.77,345.68,46.61,79.31,0.766,-1,-1,-1
154,70,72.66,348.09,102.16,242.11,0.887,-1,-1,-1
154,71,205.09,371.18,23.65,63.75,0.614,-1,-1,-1
154,72,4.64,385.67,57.97,194.96,0.838,-1,-1,-1
154,73,942.84,352.47,28.04,95.13,0.564,-1,-1,-1
155,3,1798.54,318.95,130.82,574.43,0.884,-1,-1,-1
155,20,1015.83,352.67,61.44,158.93,0.801,-1,-1,-1
155,53,908.34,346.64,41.34,125.63,0.795,-1,-1,-1
155,59,351.19,364.45,48.85,128.74,0.842,-1,-1,-1
155,62,1122.63,327.55,59.82,170.55,0.898,-1,-1,-1
155,63,1572.99,347.16,54.98,149.94,0.697,-1,-1,-1
155,65,854.10,354.56,23.36,66.99,0.600,-1,-1,-1
155,66,823.67,348.22,38.73,110.40,0.700,-1,-1,-1
155,69,624.22,343.66,47.10,79.64,0.808,-1,-1,-1
155,70,71.29,346.45,103.24,243.26,0.896,-1,-1,-1
155,71,206.41,369.51,23.66,64.17,0.649,-1,-1,-1
155,72,5.76,383.79,57.82,192.37,0.852,-1,-1,-1
155,73,944.28,351.95,27.92,94.42,0.508,-1,-1,-1
156,3,1800.22,311.71,131.47,586.97,0.866,-1,-1,-1
156,20,1018.98,349.19,60.90,158.19,0.801,-1,-1,-1
156,53,908.87,344.22,41.14,125.71,0.769,-1,-1,-1
156,59,353.82,362.08,48.65,127.49,0.837,-1,-1,-1
156,62,1125.10,325.41,60.20,172.01,0.892,-1,-1,-1
156,63,1577.27,345.15,55.49,151.39,0.717,-1,-1,-1
156,65,857.21,352.80,22.86,65.67,0.566,-1,-1,-1
156,66,826.60,346.74,38.60,109.51,0.717,-1,-1,-1
156,69,627.31,340.37,47.93,80.49,0.800,-1,-1,-1
156,70,68.14,344.42,103.99,243.11,0.876,-1,-1,-1
156,71,207.17,366.35,24.34,66.53,0.625,-1,-1,-1
156,72,5.05,380.13,58.10,191.96,0.836,-1,-1,-1
156,73,944.40,346.46,29.21,98.38,0.624,-1,-1,-1
157,3,1799.48,306.18,131.17,593.40,0.886,-1,-1,-1
157,20,1019.98,347.02,60.67,158.37,0.795,-1,-1,-1
157,53,908.69,343.16,40.64,125.05,0.760,-1,-1,-1
157,59,355.00,361.01,50.02,130.37,0.827,-1,-1,-1
157,62,1126.74,323.72,60.46,173.28,0.887,-1,-1,-1
157,63,1580.87,343.43,55.73,151.84,0.719,-1,-1,-1
157,65,859.14,351.79,22.47,64.67,0.521,-1,-1,-1
157,66,828.02,345.95,38.79,110.09,0.677,-1,-1,-1
157,69,629.90,338.63,48.58,80.90,0.803,-1,-1,-1
157,70,64.63,343.81,105.10,243.54,0.877,-1,-1,-1
157,72,1.96,377.96,58.61,194.00,0.858,-1,-1,-1
157,73,944.40,343.45,29.99,100.46,0.650,-1,-1,-1
158,3,1796.33,304.90,132.14,603.54,0.899,-1,-1,-1
158,20,1019.20,345.98,61.01,159.94,0.805,-1,-1,-1
158,53,907.99,342.54,40.51,125.25,0.759,-1,-1,-1
158,59,355.56,361.61,50.12,129.34,0.840,-1,-1,-1
158,62,1127.39,322.99,60.67,174.71,0.881,-1,-1,-1
158,63,1582.52,342.95,55.92,152.28,0.798,-1,-1,-1
158,66,829.28,345.16,39.67,111.23,0.657,-1,-1,-1
158,69,632.01,338.10,48.91,81.04,0.777,-1,-1,-1
158,70,59.62,343.58,106.50,245.06,0.867,-1,-1,-1
158,72,0.96,377.22,59.27,196.25,0.834,-1,-1,-1
158,73,944.03,341.55,30.81,102.31,0.725,-1,-1,-1
158,74,548.60,354.50,34.68,109.01,0.502,-1,-1,-1
159,3,1791.89,302.75,133.33,611.36,0.887,-1,-1,-1
159,20,1017.14,346.77,60.36,159.23,0.806,-1,-1,-1
159,53,906.99,343.20,40.24,125.36,0.758,-1,-1,-1
159,59,355.62,362.97,49.69,126.39,0.824,-1,-1,-1
159,62,1127.38,322.95,60.97,176.29,0.883,-1,-1,-1
159,63,1583.93,343.74,55.93,152.21,0.755,-1,-1,-1
159,66,830.19,345.09,40.40,111.46,0.701,-1,-1,-1
159,69,633.92,339.38,48.66,80.30,0.775,-1,-1,-1
159,70,55.07,343.33,107.63,246.03,0.832,-1,-1,-1
159,72,0.02,377.29,59.37,196.99,0.836,-1,-1,-1
159,73,943.36,341.33,31.38,103.40,0.672,-1,-1,-1
160,3,1775.70,301.84,137.52,618.20,0.887,-1,-1,-1
160,20,1013.50,346.66,60.99,161.38,0.818,-1,-1,-1
160,53,905.15,344.34,39.98,125.31,0.785,-1,-1,-1
160,59,353.97,363.47,50.72,129.08,0.855,-1,-1,-1
160,62,1126.40,322.74,61.34,177.98,0.893,-1,-1,-1
160,63,1583.21,344.56,56.29,153.19,0.804,-1,-1,-1
160,66,827.42,344.90,41.40,114.42,0.744,-1,-1,-1
160,69,635.89,339.76,49.41,80.79,0.775,-1,-1,-1
160,70,49.03,342.66,108.88,247.97,0.889,-1,-1,-1
160,72,-2.10,377.92,58.82,196.92,0.868,-1,-1,-1
160,73,940.14,340.86,31.69,104.73,0.572,-1,-1,-1
161,3,1753.03,306.15,144.92,623.77,0.920,-1,-1,-1
161,20,1008.70,346.32,61.76,164.24,0.815,-1,-1,-1
161,53,899.21,345.80,39.39,124.02,0.801,-1,-1,-1
161,59,346.65,365.97,50.89,129.23,0.802,-1,-1,-1
161,62,1123.31,323.95,61.82,180.03,0.879,-1,-1,-1
161,63,1580.10,346.66,56.50,153.70,0.764,-1,-1,-1
161,66,825.14,346.21,42.08,115.17,0.624,-1,-1,-1
161,69,634.09,342.50,49.48,80.46,0.756,-1,-1,-1
161,70,35.47,343.98,110.03,249.70,0.848,-1,-1,-1
161,72,-1.64,380.09,49.73,166.71,0.558,-1,-1,-1
161,73,936.49,345.20,32.01,104.11,0.802,-1,-1,-1
162,3,1736.99,309.65,152.57,628.10,0.914,-1,-1,-1
162,20,1001.67,346.24,62.39,165.44,0.838,-1,-1,-1
162,53,894.45,346.01,39.57,125.12,0.798,-1,-1,-1
162,59,343.86,366.33,51.08,128.91,0.837,-1,-1,-1
162,62,1120.70,323.81,62.08,180.96,0.896,-1,-1,-1
162,63,1577.08,346.85,56.92,154.79,0.775,-1,-1,-1
162,66,820.01,346.46,42.22,115.97,0.674,-1,-1,-1
162,69,631.55,343.09,50.27,81.20,0.770,-1,-1,-1
162,70,25.74,343.79,111.13,251.29,0.880,-1,-1,-1
162,73,933.00,346.25,32.54,104.08,0.806,-1,-1,-1
163,3,1723.53,313.28,160.43,630.61,0.914,-1,-1,-1
163,20,997.59,352.14,60.76,159.94,0.734,-1,-1,-1
163,53,888.88,346.04,39.93,126.07,0.824,-1,-1,-1
163,59,338.52,366.95,50.50,127.69,0.783,-1,-1,-1
163,62,1117.71,323.80,62.39,182.11,0.885,-1,-1,-1
163,63,1573.93,348.00,56.46,153.39,0.774,-1,-1,-1
163,66,816.68,347.70,42.25,114.74,0.610,-1,-1,-1
163,69,629.15,343.81,50.13,80.97,0.707,-1,-1,-1
163,70,15.66,343.92,112.14,252.90,0.855,-1,-1,-1
163,73,929.60,346.89,32.94,103.39,0.811,-1,-1,-1
164,3,1714.75,317.68,166.86,626.20,0.927,-1,-1,-1
164,20,991.84,356.47,59.87,156.16,0.766,-1,-1,-1
164,53,884.12,346.35,39.57,125.37,0.814,-1,-1,-1
164,59,333.55,366.89,51.13,128.80,0.826,-1,-1,-1
164,62,1113.68,324.09,62.74,183.21,0.909,-1,-1,-1
164,63,1570.24,348.42,57.02,154.68,0.674,-1,-1,-1
164,66,807.97,349.72,42.52,115.20,0.721,-1,-1,-1
164,69,615.01,344.01,70.25,116.66,0.786,-1,-1,-1
164,70,6.20,344.72,112.96,254.30,0.862,-1,-1,-1
164,73,924.79,346.95,33.29,103.64,0.651,-1,-1,-1
165,3,1708.55,321.23,173.70,624.32,0.940,-1,-1,-1
165,20,982.39,350.66,62.17,162.10,0.831,-1,-1,-1
165,53,878.22,346.64,39.51,125.35,0.804,-1,-1,-1
165,59,327.84,366.56,51.00,128.07,0.845,-1,-1,-1
165,62,1109.12,324.38,63.05,184.00,0.901,-1,-1,-1
165,63,1564.18,348.70,57.40,155.51,0.766,-1,-1,-1
165,66,800.46,350.09,42.51,115.02,0.733,-1,-1,-1
165,69,608.50,344.07,77.31,131.57,0.846,-1,-1,-1
165,70,-1.35,345.39,112.47,254.84,0.904,-1,-1,-1
165,73,917.73,347.32,33.27,103.58,0.641,-1,-1,-1
166,3,1701.89,321.07,179.58,622.39,0.891,-1,-1,-1
166,20,973.02,356.84,59.39,153.88,0.724,-1,-1,-1
166,53,868.86,346.23,39.75,126.13,0.812,-1,-1,-1
166,59,315.41,365.40,50.75,127.68,0.833,-1,-1,-1
166,62,1102.20,325.00,63.39,185.05,0.901,-1,-1,-1
166,63,1556.61,348.53,57.36,155.70,0.755,-1,-1,-1
166,69,602.90,343.84,80.01,138.37,0.502,-1,-1,-1
166,70,-8.90,345.30,111.24,256.52,0.874,-1,-1,-1
166,73,909.45,346.67,33.74,103.54,0.755,-1,-1,-1
166,75,199.09,370.31,36.08,101.25,0.533,-1,-1,-1
167,3,1693.97,319.79,186.77,625.95,0.922,-1,-1,-1
167,20,962.63,355.50,59.78,154.55,0.777,-1,-1,-1
167,53,861.15,346.75,39.48,125.28,0.805,-1,-1,-1
167,59,306.91,364.62,50.74,127.86,0.834,-1,-1,-1
167,62,1095.65,325.47,63.80,185.54,0.903,-1,-1,-1
167,63,1548.81,347.32,57.61,156.30,0.836,-1,-1,-1
167,69,594.75,343.41,81.75,144.43,0.727,-1,-1,-1
167,70,-12.95,362.32,102.70,240.74,0.770,-1,-1,-1
167,73,903.85,345.89,34.41,104.61,0.503,-1,-1,-1
167,75,187.26,370.21,36.44,102.01,0.624,-1,-1,-1
168,3,1681.99,318.31,190.55,625.16,0.916,-1,-1,-1
168,20,953.74,351.92,60.93,156.88,0.828,-1,-1,-1
168,53,854.04,345.74,39.74,126.24,0.825,-1,-1,-1
168,59,298.84,363.15,51.35,129.92,0.833,-1,-1,-1
168,62,1089.63,325.29,64.16,185.86,0.903,-1,-1,-1
168,63,1542.54,346.18,57.93,156.95,0.762,-1,-1,-1
168,69,588.73,342.95,81.51,145.88,0.852,-1,-1,-1
168,70,-15.91,371.71,96.10,231.37,0.863,-1,-1,-1
168,73,904.81,353.40,31.30,95.94,0.592,-1,-1,-1
168,75,177.24,369.15,36.63,102.62,0.593,-1,-1,-1
169,3,1668.66,314.61,191.30,619.72,0.903,-1,-1,-1
169,20,944.58,349.80,61.25,157.92,0.819,-1,-1,-1
169,53,846.42,345.51,39.64,126.33,0.802,-1,-1,-1
169,59,289.49,362.40,51.32,130.51,0.827,-1,-1,-1
169,62,1082.80,324.45,64.70,186.58,0.912,-1,-1,-1
169,63,1535.13,345.86,57.79,156.65,0.810,-1,-1,-1
169,69,580.08,342.07,81.19,148.51,0.790,-1,-1,-1
169,70,-20.13,375.30,91.59,227.20,0.792,-1,-1,-1
169,75,167.57,368.27,36.83,102.98,0.736,-1,-1,-1
169,76,766.88,349.08,43.25,114.39,0.746,-1,-1,-1
169,77,802.85,353.64,22.16,67.77,0.709,-1,-1,-1
170,3,1654.95,309.90,189.06,610.02,0.905,-1,-1,-1
170,20,936.81,347.16,62.05,159.83,0.831,-1,-1,-1
170,53,838.98,344.47,39.59,126.77,0.790,-1,-1,-1
170,59,279.50,362.61,51.39,130.33,0.839,-1,-1,-1
170,62,1075.82,323.48,65.34,187.88,0.912,-1,-1,-1
170,63,1527.20,344.91,57.84,156.63,0.764,-1,-1,-1
170,69,571.90,341.99,80.18,149.60,0.733,-1,-1,-1
170,75,155.70,368.05,36.96,103.48,0.644,-1,-1,-1
170,76,758.15,348.51,43.05,114.02,0.665,-1,-1,-1
170,77,794.27,353.19,21.99,67.21,0.645,-1,-1,-1
170,78,876.14,344.79,29.65,104.71,0.700,-1,-1,-1
170,79,1863.77,332.53,40.63,557.83,0.830,-1,-1,-1
170,80,442.87,368.87,29.38,100.23,0.652,-1,-1,-1
171,3,1636.19,305.29,188.22,608.51,0.916,-1,-1,-1
171,20,923.95,347.35,62.01,160.16,0.796,-1,-1,-1
171,53,826.51,344.03,39.56,127.40,0.814,-1,-1,-1
171,59,262.86,363.16,51.05,130.73,0.775,-1,-1,-1
171,62,1064.98,322.01,66.14,189.72,0.906,-1,-1,-1
171,63,1515.56,344.03,57.94,156.89,0.754,-1,-1,-1
171,69,559.88,341.06,80.60,150.14,0.825,-1,-1,-1
171,75,137.60,368.69,37.44,104.44,0.703,-1,-1,-1
171,76,743.54,347.06,45.21,120.02,0.792,-1,-1,-1
171,78,877.70,355.01,26.30,92.95,0.621,-1,-1,-1
171,79,1852.63,281.57,45.93,615.34,0.879,-1,-1,-1
171,80,443.02,360.16,32.91,112.28,0.594,-1,-1,-1
172,3,1620.89,302.92,188.24,609.84,0.907,-1,-1,-1
172,20,913.05,347.27,62.69,162.02,0.823,-1,-1,-1
172,53,815.51,344.25,39.76,128.40,0.825,-1,-1,-1
172,59,250.90,364.86,50.67,130.38,0.773,-1,-1,-1
172,62,1056.65,321.42,66.58,191.03,0.917,-1,-1,-1
172,63,1505.23,343.34,57.95,156.88,0.809,-1,-1,-1
172,69,546.72,341.46,80.01,150.34,0.801,-1,-1,-1
172,75,124.34,369.76,37.76,105.55,0.726,-1,-1,-1
172,76,733.25,347.09,44.85,119.50,0.769,-1,-1,-1
172,78,874.98,360.22,24.43,86.54,0.539,-1,-1,-1
172,79,1841.38,259.36,49.85,641.28,0.885,-1,-1,-1
172,80,436.62,355.49,35.29,120.33,0.705,-1,-1,-1
173,3,1607.24,301.70,188.72,611.69,0.908,-1,-1,-1
173,20,903.89,347.05,62.84,162.72,0.819,-1,-1,-1
173,53,807.23,345.01,39.59,128.22,0.814,-1,-1,-1
173,59,241.11,365.98,50.55,130.46,0.815,-1,-1,-1
173,62,1050.48,320.72,66.90,192.08,0.919,-1,-1,-1
173,63,1498.37,343.74,57.76,156.29,0.657,-1,-1,-1
173,69,535.79,341.78,78.73,151.28,0.792,-1,-1,-1
173,75,111.67,371.36,37.63,105.09,0.688,-1,-1,-1
173,76,725.60,347.59,45.20,120.79,0.748,-1,-1,-1
173,79,1832.35,253.79,53.39,651.61,0.892,-1,-1,-1
173,80,429.31,354.42,35.97,122.17,0.703,-1,-1,-1
173,81,845.98,345.63,32.88,107.08,0.720,-1,-1,-1
173,82,69.62,370.77,26.02,68.49,0.671,-1,-1,-1
173,83,468.09,369.67,19.98,57.82,0.540,-1,-1,-1
173,84,767.03,356.83,18.55,66.00,0.501,-1,-1,-1
174,3,1594.90,300.80,188.65,613.91,0.886,-1,-1,-1
174,20,897.76,345.95,62.85,163.19,0.768,-1,-1,-1
174,53,801.12,345.88,39.25,125.78,0.634,-1,-1,-1
174,59,233.30,367.27,50.64,130.75,-1.000,-1,-1,-1
174,62,1045.42,320.30,66.82,192.87,0.821,-1,-1,-1
174,69,529.89,342.45,77.27,151.47,0.711,-1,-1,-1
174,75,103.25,372.63,38.20,106.22,-1.000,-1,-1,-1
174,76,719.51,347.74,45.39,121.36,-1.000,-1,-1,-1
174,79,1827.03,252.62,56.97,658.36,0.887,-1,-1,-1
174,81,840.87,346.85,32.87,107.07,-1.000,-1,-1,-1
175,3,1584.48,304.89,189.34,615.10,0.902,-1,-1,-1
175,20,891.28,347.49,62.71,162.83,0.766,-1,-1,-1
175,53,793.34,346.21,40.21,128.33,0.773,-1,-1,-1
175,59,225.49,368.57,50.74,131.04,0.672,-1,-1,-1
175,62,1040.31,318.71,67.61,195.66,0.906,-1,-1,-1
175,69,519.94,340.24,78.22,155.35,0.819,-1,-1,-1
175,75,94.83,373.91,38.77,107.34,0.676,-1,-1,-1
175,76,713.42,347.88,45.58,121.93,0.578,-1,-1,-1
175,79,1817.83,259.16,61.01,653.19,0.909,-1,-1,-1
175,81,835.76,348.08,32.86,107.06,0.670,-1,-1,-1
176,3,1568.80,306.40,192.32,622.26,0.899,-1,-1,-1
176,20,886.81,348.47,61.87,162.26,0.799,-1,-1,-1
176,53,789.56,346.00,40.40,127.88,0.787,-1,-1,-1
176,59,221.04,369.95,50.38,130.01,0.754,-1,-1,-1
176,62,1038.89,318.73,67.91,196.80,0.910,-1,-1,-1
176,69,518.18,340.89,78.59,154.91,0.854,-1,-1,-1
176,75,90.78,374.39,39.24,107.63,0.747,-1,-1,-1
176,76,710.26,349.54,45.46,122.17,0.778,-1,-1,-1
176,79,1800.34,265.39,68.14,657.58,0.922,-1,-1,-1
176,81,832.80,347.90,32.88,107.14,0.744,-1,-1,-1
177,3,1557.38,309.06,194.18,624.12,0.891,-1,-1,-1
177,20,884.86,350.41,60.56,160.58,0.799,-1,-1,-1
177,53,785.82,346.72,41.18,128.35,0.802,-1,-1,-1
177,59,218.73,369.88,50.66,130.99,0.797,-1,-1,-1
177,62,1038.35,319.22,68.55,199.05,0.900,-1,-1,-1
177,69,512.72,340.16,79.35,157.27,0.845,-1,-1,-1
177,75,88.09,375.14,39.15,107.25,0.702,-1,-1,-1
177,76,707.04,350.74,45.50,122.82,0.735,-1,-1,-1
177,79,1787.40,271.20,75.42,657.11,0.913,-1,-1,-1
177,81,830.99,348.30,32.94,107.30,0.731,-1,-1,-1
178,3,1546.61,310.25,195.52,624.79,0.897,-1,-1,-1
178,20,883.87,350.07,59.18,157.82,0.805,-1,-1,-1
178,53,785.95,345.97,41.13,127.40,0.821,-1,-1,-1
178,59,218.99,368.33,49.90,129.94,0.807,-1,-1,-1
178,62,1037.65,318.79,68.74,199.93,0.907,-1,-1,-1
178,69,514.55,341.27,77.46,155.24,0.837,-1,-1,-1
178,75,85.86,374.71,39.06,107.09,0.679,-1,-1,-1
178,76,704.94,350.50,45.89,124.18,0.764,-1,-1,-1
178,79,1778.23,274.88,82.86,656.08,0.910,-1,-1,-1
178,81,829.40,347.30,32.97,107.52,0.753,-1,-1,-1
178,85,1489.23,343.22,57.83,160.20,0.531,-1,-1,-1
178,86,748.53,351.77,24.25,72.85,0.746,-1,-1,-1
178,87,857.95,363.03,22.79,85.40,0.572,-1,-1,-1
179,3,1537.95,310.43,197.01,625.95,0.901,-1,-1,-1
179,20,882.97,348.27,58.72,157.33,0.778,-1,-1,-1
179,53,785.22,343.97,42.04,128.52,0.798,-1,-1,-1
179,59,217.12,365.41,49.47,128.56,0.831,-1,-1,-1
179,62,1037.96,317.92,68.60,199.74,0.901,-1,-1,-1
179,69,512.76,340.53,77.11,155.20,0.765,-1,-1,-1
179,75,84.73,372.94,38.84,106.30,0.642,-1,-1,-1
179,76,704.69,349.35,46.04,124.70,0.745,-1,-1,-1
179,79,1770.95,277.83,90.55,653.19,0.921,-1,-1,-1
179,81,828.50,345.73,33.12,108.13,0.700,-1,-1,-1
179,85,1490.14,340.97,58.06,160.80,0.749,-1,-1,-1
179,86,748.79,351.66,23.63,70.98,0.721,-1,-1,-1
179,87,858.10,360.98,22.25,83.35,-1.000,-1,-1,-1
180,3,1531.48,308.53,198.81,629.39,0.893,-1,-1,-1
180,20,883.18,345.92,58.52,156.96,0.767,-1,-1,-1
180,53,784.51,340.79,42.46,129.15,0.816,-1,-1,-1
180,59,216.39,360.82,49.61,128.64,0.837,-1,-1,-1
180,62,1038.69,315.53,68.85,200.63,0.900,-1,-1,-1
180,69,511.47,337.36,77.36,156.65,0.793,-1,-1,-1
180,75,85.49,369.56,38.66,105.60,0.705,-1,-1,-1
180,76,704.90,345.30,45.78,124.43,0.795,-1,-1,-1
180,79,1766.35,277.69,98.10,654.19,0.912,-1,-1,-1
180,81,828.68,341.95,33.27,108.81,0.756,-1,-1,-1
180,85,1491.36,338.61,58.07,160.74,0.608,-1,-1,-1
180,86,749.74,348.86,23.20,69.49,0.752,-1,-1,-1
180,87,858.26,358.94,21.71,81.29,0.628,-1,-1,-1
181,3,1523.48,304.86,198.25,630.09,0.886,-1,-1,-1
181,20,879.31,340.52,58.58,158.12,0.810,-1,-1,-1
181,53,783.01,335.35,42.17,128.79,0.817,-1,-1,-1
181,59,215.80,353.96,50.78,131.21,0.863,-1,-1,-1
181,62,1038.71,310.69,69.28,202.09,0.897,-1,-1,-1
181,69,507.28,331.02,77.06,156.26,0.880,-1,-1,-1
181,75,82.24,362.99,38.41,105.16,0.689,-1,-1,-1
181,76,703.05,338.19,46.34,127.17,0.823,-1,-1,-1
181,79,1763.24,273.41,105.40,655.92,0.916,-1,-1,-1
181,81,828.15,336.45,33.10,108.41,0.733,-1,-1,-1
181,86,748.96,341.90,23.42,69.89,0.770,-1,-1,-1
181,87,857.64,352.88,21.93,82.08,0.511,-1,-1,-1
182,3,1519.78,298.81,196.36,627.21,0.899,-1,-1,-1
182,20,877.49,336.30,58.19,157.26,0.814,-1,-1,-1
182,53,781.81,330.62,41.69,127.67,0.826,-1,-1,-1
182,59,214.83,348.19,51.28,132.19,0.863,-1,-1,-1
182,62,1038.80,306.03,69.99,204.55,0.894,-1,-1,-1
182,69,506.14,324.66,75.52,153.03,0.897,-1,-1,-1
182,75,79.08,356.90,38.88,106.42,0.720,-1,-1,-1
182,76,702.25,332.82,46.09,127.54,0.818,-1,-1,-1
182,79,1759.24,269.39,110.53,650.95,0.896,-1,-1,-1
182,81,828.18,331.24,32.85,107.74,0.759,-1,-1,-1
182,86,749.38,338.95,22.49,66.75,0.768,-1,-1,-1
182,87,857.43,347.86,21.93,82.01,0.639,-1,-1,-1
182,88,37.64,354.19,29.99,72.15,0.703,-1,-1,-1
183,3,1514.44,292.11,194.12,621.99,0.898,-1,-1,-1
183,20,876.15,333.57,58.23,156.91,0.817,-1,-1,-1
183,53,781.00,326.93,41.67,128.24,0.815,-1,-1,-1
183,59,214.66,344.44,51.62,132.64,0.856,-1,-1,-1
183,62,1038.86,302.67,70.40,206.23,0.892,-1,-1,-1
183,69,504.57,321.33,75.42,152.70,0.879,-1,-1,-1
183,75,77.83,352.59,38.83,106.91,0.704,-1,-1,-1
183,76,702.14,329.39,45.88,127.56,0.818,-1,-1,-1
183,79,1755.41,263.91,114.86,643.23,0.880,-1,-1,-1
183,81,827.59,327.46,32.87,107.75,0.746,-1,-1,-1
183,86,749.24,335.35,22.68,67.11,0.778,-1,-1,-1
183,87,857.10,343.78,22.17,82.86,0.511,-1,-1,-1
183,88,35.47,349.90,30.55,73.69,0.734,-1,-1,-1
183,89,943.65,331.34,21.91,91.49,0.657,-1,-1,-1
184,3,1507.34,287.68,190.80,610.96,0.910,-1,-1,-1
184,20,874.58,331.76,58.52,156.42,0.818,-1,-1,-1
184,53,779.76,324.89,41.61,128.41,0.824,-1,-1,-1
184,59,214.61,341.98,51.92,133.02,0.860,-1,-1,-1
184,62,1038.89,299.69,70.80,208.04,0.888,-1,-1,-1
184,69,503.08,318.90,75.51,152.56,0.880,-1,-1,-1
184,75,75.45,349.98,38.89,106.75,0.702,-1,-1,-1
184,76,701.37,327.04,45.64,127.45,0.830,-1,-1,-1
184,79,1749.37,258.59,118.91,634.75,0.880,-1,-1,-1
184,81,827.58,325.31,32.82,107.82,0.746,-1,-1,-1
184,86,748.46,333.25,22.65,66.54,0.773,-1,-1,-1
184,88,33.62,346.97,30.41,73.47,0.736,-1,-1,-1
184,89,941.62,329.28,21.85,91.23,0.637,-1,-1,-1
185,3,1499.47,284.36,190.15,608.21,0.910,-1,-1,-1
185,20,873.09,331.47,58.55,155.04,0.832,-1,-1,-1
185,53,779.14,322.54,41.56,128.98,0.808,-1,-1,-1
185,59,215.33,339.94,51.72,131.66,0.861,-1,-1,-1
185,62,1039.48,297.43,70.93,209.01,0.888,-1,-1,-1
185,69,501.67,315.08,76.59,154.53,0.883,-1,-1,-1
185,75,74.04,347.34,39.16,106.65,0.731,-1,-1,-1
185,76,701.47,324.29,45.75,128.30,0.812,-1,-1,-1
185,79,1741.31,253.79,123.27,629.24,0.867,-1,-1,-1
185,81,827.59,323.14,32.93,108.38,0.740,-1,-1,-1
185,86,748.37,330.57,23.15,67.89,0.745,-1,-1,-1
185,88,32.56,344.75,29.74,72.12,0.683,-1,-1,-1
185,89,939.81,328.08,22.03,91.71,0.599,-1,-1,-1
186,3,1487.32,280.69,191.76,613.66,0.911,-1,-1,-1
186,20,869.97,330.12,58.92,155.39,0.827,-1,-1,-1
186,53,778.26,321.79,41.54,129.45,0.813,-1,-1,-1
186,59,215.66,338.14,51.65,131.23,0.860,-1,-1,-1
186,62,1041.14,294.70,71.60,211.85,0.900,-1,-1,-1
186,69,500.46,312.61,77.51,155.87,0.888,-1,-1,-1
186,75,72.35,344.15,39.72,107.50,0.719,-1,-1,-1
186,76,701.68,322.52,45.62,128.41,0.800,-1,-1,-1
186,79,1731.63,250.37,130.61,636.06,0.862,-1,-1,-1
186,81,827.95,321.91,33.10,108.99,0.697,-1,-1,-1
186,86,748.61,328.60,23.54,68.79,0.758,-1,-1,-1
186,88,31.06,340.84,29.17,70.84,0.639,-1,-1,-1
186,89,938.10,328.26,22.35,92.57,-1.000,-1,-1,-1
187,3,1471.42,280.72,195.32,620.95,0.906,-1,-1,-1
187,20,868.02,331.06,58.98,155.10,0.825,-1,-1,-1
187,53,777.58,322.40,41.28,128.90,0.813,-1,-1,-1
187,59,215.55,337.94,51.47,130.73,0.857,-1,-1,-1
187,62,1042.55,294.11,71.99,213.87,0.899,-1,-1,-1
187,69,499.79,312.29,78.28,157.30,0.884,-1,-1,-1
187,75,70.61,342.51,40.03,107.85,0.703,-1,-1,-1
187,76,702.85,323.11,45.45,128.08,0.814,-1,-1,-1
187,79,1715.61,250.88,139.88,642.38,0.885,-1,-1,-1
187,81,827.99,322.48,33.02,108.81,0.742,-1,-1,-1
187,86,749.52,329.97,23.19,67.47,0.758,-1,-1,-1
187,88,29.67,340.00,28.74,69.82,0.644,-1,-1,-1
187,89,936.39,328.44,22.66,93.43,0.510,-1,-1,-1
188,3,1454.47,281.81,199.91,627.98,0.914,-1,-1,-1
188,20,866.48,331.89,58.59,154.22,0.809,-1,-1,-1
188,53,777.46,323.20,41.03,128.50,0.777,-1,-1,-1
188,59,215.10,337.95,51.30,130.58,0.838,-1,-1,-1
188,62,1044.84,294.08,72.13,215.14,0.898,-1,-1,-1
188,69,500.66,311.45,78.13,157.84,0.850,-1,-1,-1
188,75,69.41,341.26,40.40,108.04,0.627,-1,-1,-1
188,76,703.68,323.75,45.55,129.06,0.754,-1,-1,-1
188,79,1698.07,254.15,150.24,647.39,0.855,-1,-1,-1
188,81,828.35,322.67,33.00,108.51,0.696,-1,-1,-1
188,86,750.12,329.91,23.23,67.65,0.685,-1,-1,-1
188,89,932.97,328.11,24.21,99.04,-1.000,-1,-1,-1
189,3,1439.60,285.45,204.22,632.71,0.913,-1,-1,-1
189,20,867.12,333.19,58.48,153.74,0.787,-1,-1,-1
189,53,776.58,325.51,41.10,128.92,0.817,-1,-1,-1
189,59,215.53,338.45,51.31,130.56,0.829,-1,-1,-1
189,62,1045.89,295.67,72.33,216.50,0.910,-1,-1,-1
189,69,501.20,312.13,78.11,158.70,0.794,-1,-1,-1
189,75,67.36,341.08,40.74,108.90,0.680,-1,-1,-1
189,76,704.85,325.82,45.97,129.68,0.760,-1,-1,-1
189,79,1685.11,259.13,162.60,651.29,0.884,-1,-1,-1
189,81,827.73,324.07,33.36,109.71,0.752,-1,-1,-1
189,86,749.86,331.46,23.62,68.64,0.722,-1,-1,-1
189,89,929.54,327.78,25.76,104.64,0.528,-1,-1,-1
190,3,1426.50,290.67,209.13,637.72,0.914,-1,-1,-1
190,20,865.67,334.02,58.29,153.78,0.807,-1,-1,-1
190,53,776.07,326.71,41.24,129.41,0.843,-1,-1,-1
190,59,216.72,338.55,51.63,131.13,0.861,-1,-1,-1
190,62,1047.76,297.66,72.53,217.34,0.913,-1,-1,-1
190,69,500.44,312.68,78.40,159.99,0.869,-1,-1,-1
190,75,66.21,341.08,40.85,109.10,0.714,-1,-1,-1
190,76,705.32,327.49,45.88,129.35,0.814,-1,-1,-1
190,79,1676.33,266.24,174.85,653.50,0.912,-1,-1,-1
190,81,828.25,325.42,33.35,109.83,0.749,-1,-1,-1
190,86,750.84,333.89,23.30,67.43,0.770,-1,-1,-1
190,89,924.10,328.12,27.35,109.58,0.776,-1,-1,-1
191,3,1411.99,298.89,213.39,641.14,0.918,-1,-1,-1
191,20,864.81,334.76,59.13,155.36,0.765,-1,-1,-1
191,53,775.17,329.33,40.93,128.10,0.800,-1,-1,-1
191,59,217.24,337.49,51.17,129.94,0.862,-1,-1,-1
191,62,1050.25,300.73,73.32,219.90,0.907,-1,-1,-1
191,69,501.05,312.52,78.35,161.77,0.803,-1,-1,-1
191,75,65.82,340.52,40.94,109.31,0.714,-1,-1,-1
191,76,705.60,329.11,45.74,129.13,0.801,-1,-1,-1
191,79,1664.92,276.40,181.25,653.81,0.802,-1,-1,-1
191,81,829.05,327.44,33.66,110.59,0.775,-1,-1,-1
191,86,752.03,336.26,23.03,66.22,0.741,-1,-1,-1
191,89,922.69,328.20,28.17,111.65,0.654,-1,-1,-1
192,3,1403.74,307.06,215.52,639.64,0.924,-1,-1,-1
192,20,867.11,336.59,59.86,156.43,0.762,-1,-1,-1
192,53,774.69,330.61,41.33,129.20,0.822,-1,-1,-1
192,59,218.78,337.06,50.79,128.68,0.880,-1,-1,-1
192,62,1052.22,304.14,73.84,221.36,0.899,-1,-1,-1
192,69,502.45,313.77,77.24,162.09,0.802,-1,-1,-1
192,75,66.25,340.59,41.12,109.48,0.746,-1,-1,-1
192,76,704.78,330.82,45.86,129.99,0.799,-1,-1,-1
192,79,1652.35,286.25,185.12,651.72,0.820,-1,-1,-1
192,81,829.48,329.97,33.34,109.65,0.761,-1,-1,-1
192,86,753.25,337.96,23.08,65.96,0.732,-1,-1,-1
192,89,922.35,328.80,28.67,112.43,-1.000,-1,-1,-1
192,90,28.11,337.84,25.89,72.57,0.639,-1,-1,-1
193,3,1398.34,312.48,217.27,639.18,0.919,-1,-1,-1
193,20,865.57,337.13,59.84,157.57,0.768,-1,-1,-1
193,53,774.85,331.61,41.08,128.28,0.779,-1,-1,-1
193,59,218.20,335.64,50.56,128.77,0.854,-1,-1,-1
193,62,1054.34,306.46,74.24,222.29,0.898,-1,-1,-1
193,69,503.74,313.69,76.17,163.19,0.804,-1,-1,-1
193,75,64.66,338.67,41.22,109.53,0.655,-1,-1,-1
193,76,704.42,330.69,46.12,131.20,0.751,-1,-1,-1
193,79,1649.12,292.42,191.62,653.71,0.841,-1,-1,-1
193,81,830.27,330.54,33.71,110.58,0.723,-1,-1,-1
193,86,753.96,337.63,23.35,66.78,0.586,-1,-1,-1
193,89,922.01,329.39,29.17,113.22,0.742,-1,-1,-1
193,90,28.50,335.75,25.66,71.87,0.587,-1,-1,-1
194,3,1394.37,316.18,219.12,640.36,0.904,-1,-1,-1
194,20,864.43,338.16,59.07,156.61,0.786,-1,-1,-1
194,53,774.19,331.48,41.29,128.60,0.757,-1,-1,-1
194,59,217.58,333.50,50.83,130.20,0.832,-1,-1,-1
194,62,1055.80,308.67,74.54,222.58,0.905,-1,-1,-1
194,69,504.21,313.02,74.85,164.18,0.830,-1,-1,-1
194,75,61.53,337.59,40.90,109.16,0.699,-1,-1,-1
194,76,704.75,330.83,45.73,131.13,0.778,-1,-1,-1
194,79,1640.22,296.18,195.80,655.75,0.858,-1,-1,-1
194,81,830.58,331.36,33.37,109.44,0.758,-1,-1,-1
194,86,754.22,337.37,23.54,67.37,0.665,-1,-1,-1
194,89,922.98,330.67,29.51,112.73,0.733,-1,-1,-1
194,90,27.29,333.74,26.27,73.33,0.638,-1,-1,-1
195,3,1391.84,317.87,220.32,641.53,0.906,-1,-1,-1
195,20,863.96,339.41,58.82,156.27,0.776,-1,-1,-1
195,53,774.13,330.51,41.86,130.18,0.789,-1,-1,-1
195,59,217.87,332.98,50.66,130.73,0.862,-1,-1,-1
195,62,1057.17,310.26,74.86,223.11,0.905,-1,-1,-1
195,69,504.14,311.97,74.66,167.31,0.807,-1,-1,-1
195,75,60.42,336.93,40.92,109.20,0.713,-1,-1,-1
195,76,704.60,329.85,45.98,132.19,0.796,-1,-1,-1
195,79,1636.92,298.38,199.05,656.40,0.872,-1,-1,-1
195,81,830.62,331.52,33.68,110.68,0.758,-1,-1,-1
195,86,754.74,337.47,23.43,67.05,0.672,-1,-1,-1
195,89,923.68,330.85,30.12,113.07,0.770,-1,-1,-1
195,90,25.86,332.84,26.39,73.64,0.525,-1,-1,-1
196,3,1387.10,315.30,218.50,639.04,0.909,-1,-1,-1
196,20,866.02,341.54,57.73,154.27,0.809,-1,-1,-1
196,53,774.03,329.80,41.99,131.03,0.739,-1,-1,-1
196,59,220.37,331.59,50.31,130.53,0.836,-1,-1,-1
196,62,1061.03,310.44,76.09,226.12,0.902,-1,-1,-1
196,69,505.90,311.58,72.83,166.87,0.823,-1,-1,-1
196,76,708.19,330.55,45.33,131.51,0.789,-1,-1,-1
196,79,1631.07,298.65,198.49,651.81,0.855,-1,-1,-1
196,81,832.41,331.56,33.40,110.01,0.746,-1,-1,-1
196,86,757.23,337.74,23.11,66.41,0.625,-1,-1,-1
196,89,925.31,331.06,29.46,109.46,0.597,-1,-1,-1
197,3,1386.75,313.61,214.65,631.53,0.910,-1,-1,-1
197,20,867.75,342.81,57.18,153.96,0.807,-1,-1,-1
197,53,773.83,331.13,41.75,131.55,0.714,-1,-1,-1
197,59,222.71,332.01,50.41,131.41,0.832,-1,-1,-1
197,62,1064.02,311.09,76.97,228.14,0.906,-1,-1,-1
197,69,506.65,313.41,70.82,166.12,0.796,-1,-1,-1
197,76,710.62,330.56,45.25,132.74,0.792,-1,-1,-1
197,79,1626.96,297.77,196.48,643.71,0.865,-1,-1,-1
197,81,834.32,332.62,33.34,110.12,0.764,-1,-1,-1
197,86,759.19,340.03,22.77,65.80,0.739,-1,-1,-1
197,89,926.12,331.69,29.75,110.69,0.534,-1,-1,-1
198,3,1387.75,311.73,211.49,626.21,0.916,-1,-1,-1
198,20,869.44,344.84,56.43,153.33,0.821,-1,-1,-1
198,53,774.28,331.65,41.61,132.15,0.727,-1,-1,-1
198,59,224.23,333.89,50.10,130.12,0.834,-1,-1,-1
198,62,1067.67,311.64,77.67,229.81,0.910,-1,-1,-1
198,69,508.35,315.04,68.84,165.28,0.807,-1,-1,-1
198,76,712.49,333.42,44.73,131.52,0.814,-1,-1,-1
198,79,1624.53,295.47,195.68,638.80,0.844,-1,-1,-1
198,81,836.38,333.85,33.33,110.56,0.791,-1,-1,-1
198,86,761.10,340.93,22.75,66.09,0.733,-1,-1,-1
198,89,928.78,333.27,29.75,110.43,0.596,-1,-1,-1
198,91,390.84,331.01,32.58,80.47,0.643,-1,-1,-1
199,3,1387.34,310.61,210.85,628.84,0.920,-1,-1,-1
199,20,872.41,346.37,56.03,153.30,0.782,-1,-1,-1
199,53,776.55,333.26,41.45,131.57,0.733,-1,-1,-1
199,59,227.53,336.63,49.24,128.27,0.815,-1,-1,-1
199,62,1071.75,312.25,78.57,231.86,0.893,-1,-1,-1
199,69,508.81,315.94,67.76,165.25,0.779,-1,-1,-1
199,76,715.03,334.24,44.64,131.82,0.769,-1,-1,-1
199,79,1623.76,293.34,197.63,643.02,0.809,-1,-1,-1
199,81,839.03,335.30,33.11,110.19,0.739,-1,-1,-1
199,86,763.75,342.48,22.66,66.03,0.530,-1,-1,-1
199,89,934.34,335.25,27.74,101.06,0.589,-1,-1,-1
199,91,392.36,333.52,32.69,80.64,-1.000,-1,-1,-1
200,3,1386.90,311.03,211.03,633.73,0.924,-1,-1,-1
200,20,876.78,348.84,55.84,152.78,0.777,-1,-1,-1
200,53,777.48,336.71,41.27,131.56,0.789,-1,-1,-1
200,59,231.31,340.79,48.93,127.85,0.840,-1,-1,-1
200,62,1076.23,313.42,79.32,234.10,0.901,-1,-1,-1
200,69,511.02,319.28,66.42,165.18,0.824,-1,-1,-1
200,76,717.11,336.29,44.90,132.99,0.814,-1,-1,-1
200,79,1622.41,293.43,199.67,647.17,0.783,-1,-1,-1
200,81,841.46,338.10,33.08,110.39,0.788,-1,-1,-1
200,86,766.25,347.11,22.09,64.66,0.741,-1,-1,-1
200,89,937.10,337.94,29.86,107.79,0.672,-1,-1,-1
200,91,393.88,336.04,32.81,80.81,0.668,-1,-1,-1
200,92,32.30,338.97,28.52,70.95,0.696,-1,-1,-1
201,3,1384.52,315.50,213.84,646.47,0.920,-1,-1,-1
201,20,883.42,353.01,55.43,152.29,0.749,-1,-1,-1
201,53,780.43,339.99,42.05,133.13,0.557,-1,-1,-1
201,59,238.36,346.88,47.57,124.51,0.762,-1,-1,-1
201,62,1085.40,316.85,80.17,237.38,0.858,-1,-1,-1
201,69,515.62,328.66,63.50,159.36,0.694,-1,-1,-1
201,76,722.52,343.46,43.46,129.03,0.636,-1,-1,-1
201,79,1621.18,297.85,203.02,656.40,0.775,-1,-1,-1
201,89,942.99,342.27,28.39,100.76,0.560,-1,-1,-1
202,3,1381.42,320.03,215.36,655.39,0.853,-1,-1,-1
202,20,888.29,356.45,55.45,152.96,0.698,-1,-1,-1
202,53,786.21,347.31,41.48,129.87,0.723,-1,-1,-1
202,59,245.99,352.37,47.04,123.07,0.751,-1,-1,-1
202,62,1091.87,320.83,80.14,238.93,0.717,-1,-1,-1
202,69,521.94,345.60,58.57,147.40,0.599,-1,-1,-1
202,76,729.22,347.69,43.70,129.68,-1.000,-1,-1,-1
202,79,1624.16,303.42,206.01,662.11,0.749,-1,-1,-1
203,3,1380.79,326.35,215.51,661.38,0.899,-1,-1,-1
203,20,896.23,361.21,56.61,154.47,0.826,-1,-1,-1
203,53,792.05,350.96,41.73,132.14,0.772,-1,-1,-1
203,59,254.91,356.72,47.68,124.68,0.841,-1,-1,-1
203,62,1101.87,325.48,80.76,241.39,0.900,-1,-1,-1
203,69,528.04,342.91,61.29,156.34,0.815,-1,-1,-1
203,76,735.93,351.92,43.93,130.32,0.808,-1,-1,-1
203,79,1628.72,311.33,209.29,667.38,0.812,-1,-1,-1
204,3,1384.69,332.47,216.09,668.20,0.887,-1,-1,-1
204,20,904.92,364.91,57.08,154.14,0.775,-1,-1,-1
204,53,801.30,354.52,41.44,132.40,0.782,-1,-1,-1
204,59,266.39,359.20,47.99,125.40,0.851,-1,-1,-1
204,62,1113.83,329.00,81.41,244.01,0.898,-1,-1,-1
204,69,536.63,343.68,61.30,158.60,0.814,-1,-1,-1
204,76,746.24,356.33,44.73,132.55,0.832,-1,-1,-1
204,79,1632.02,318.06,211.76,673.46,0.763,-1,-1,-1
204,93,866.51,358.09,41.10,106.60,0.690,-1,-1,-1
205,3,1388.42,337.77,215.11,671.88,0.883,-1,-1,-1
205,20,912.08,367.50,56.86,154.14,0.783,-1,-1,-1
205,53,811.47,357.27,42.29,134.26,0.725,-1,-1,-1
205,59,277.46,361.28,47.26,123.68,0.782,-1,-1,-1
205,62,1126.29,332.01,82.18,247.25,0.881,-1,-1,-1
205,69,542.78,345.01,61.36,160.39,0.701,-1,-1,-1
205,76,753.88,361.56,44.42,131.77,0.753,-1,-1,-1
205,79,1640.61,324.35,214.72,678.51,0.790,-1,-1,-1
205,93,875.62,360.24,41.12,106.77,0.506,-1,-1,-1
205,94,974.32,365.17,32.97,107.81,0.530,-1,-1,-1
206,3,1391.60,346.45,213.39,672.44,0.894,-1,-1,-1
206,20,925.01,370.19,57.45,155.32,0.785,-1,-1,-1
206,53,822.91,359.18,42.39,135.09,0.730,-1,-1,-1
206,59,293.89,363.11,46.98,122.24,0.824,-1,-1,-1
206,62,1141.48,336.80,82.37,248.03,0.897,-1,-1,-1
206,69,554.86,346.91,61.29,161.90,0.778,-1,-1,-1
206,76,766.22,362.97,45.18,133.41,0.769,-1,-1,-1
206,79,1643.97,331.01,216.51,686.15,0.857,-1,-1,-1
206,93,889.21,363.13,42.10,109.46,0.657,-1,-1,-1
206,94,986.04,365.56,33.81,110.52,0.521,-1,-1,-1
207,3,1394.00,350.92,212.80,674.49,0.868,-1,-1,-1
207,20,932.57,371.53,57.97,155.97,0.799,-1,-1,-1
207,53,833.15,363.78,41.15,132.29,0.742,-1,-1,-1
207,59,305.64,363.50,47.98,125.18,0.832,-1,-1,-1
207,62,1153.50,339.55,82.89,249.51,0.910,-1,-1,-1
207,69,564.56,348.84,60.67,162.38,0.819,-1,-1,-1
207,76,777.95,364.50,45.64,133.36,0.825,-1,-1,-1
207,79,1649.84,333.68,218.64,694.02,0.780,-1,-1,-1
207,93,900.88,365.09,42.61,110.98,0.581,-1,-1,-1
207,94,997.02,365.60,34.16,112.08,0.655,-1,-1,-1
208,3,1397.57,353.92,212.42,677.46,0.873,-1,-1,-1
208,20,936.76,372.24,58.98,156.81,0.806,-1,-1,-1
208,53,842.36,365.49,40.08,129.22,0.677,-1,-1,-1
208,59,314.69,364.55,48.20,125.96,0.785,-1,-1,-1
208,62,1163.18,341.28,83.69,252.19,0.887,-1,-1,-1
208,69,569.97,351.20,60.19,161.89,0.799,-1,-1,-1
208,76,784.59,362.01,46.84,136.62,0.778,-1,-1,-1
208,79,1659.03,335.50,220.15,696.61,0.693,-1,-1,-1
208,93,907.78,365.47,42.38,110.13,0.508,-1,-1,-1
208,94,1004.92,365.54,34.15,111.82,-1.000,-1,-1,-1
209,3,1400.26,353.95,211.68,681.16,0.872,-1,-1,-1
209,20,941.49,373.77,59.01,155.48,0.810,-1,-1,-1
209,53,848.91,366.12,39.89,129.96,0.775,-1,-1,-1
209,59,323.50,364.82,48.14,126.09,0.834,-1,-1,-1
209,62,1170.95,342.06,84.31,254.22,0.902,-1,-1,-1
209,69,575.57,352.85,59.63,160.77,0.805,-1,-1,-1
209,76,792.01,361.93,47.06,136.75,0.824,-1,-1,-1
209,79,1666.14,334.86,220.26,693.43,0.793,-1,-1,-1
209,93,916.39,366.27,42.06,109.33,0.704,-1,-1,-1
209,94,1012.82,365.49,34.13,111.56,0.712,-1,-1,-1
209,95,546.87,369.13,41.20,58.46,0.685,-1,-1,-1
209,96,155.49,364.58,40.40,109.58,0.684,-1,-1,-1
210,3,1403.55,351.69,210.14,683.16,0.876,-1,-1,-1
210,20,948.65,373.80,58.79,154.21,0.809,-1,-1,-1
210,53,855.17,364.54,40.18,132.36,0.747,-1,-1,-1
210,59,331.59,364.07,48.32,126.86,0.845,-1,-1,-1
210,62,1178.94,340.99,85.17,257.20,0.915,-1,-1,-1
210,69,581.72,352.34,59.08,160.31,0.836,-1,-1,-1
210,76,798.92,361.22,47.42,137.32,0.833,-1,-1,-1
210,79,1668.73,332.52,218.24,687.01,0.819,-1,-1,-1
210,93,922.59,364.96,42.22,110.31,0.772,-1,-1,-1
210,94,1020.21,364.94,34.23,111.41,0.769,-1,-1,-1
210,95,553.19,368.95,40.78,57.95,0.739,-1,-1,-1
210,96,163.58,364.55,40.51,109.68,-1.000,-1,-1,-1
211,3,1407.31,345.05,205.60,673.38,0.869,-1,-1,-1
211,20,957.59,373.44,58.11,151.88,0.827,-1,-1,-1
211,53,863.21,363.58,40.34,133.41,0.613,-1,-1,-1
211,59,343.88,364.96,47.96,125.33,0.873,-1,-1,-1
211,62,1190.00,337.47,86.39,261.32,0.902,-1,-1,-1
211,69,587.56,352.54,59.01,159.90,0.819,-1,-1,-1
211,76,807.66,359.16,47.84,138.51,0.831,-1,-1,-1
211,79,1675.66,325.10,214.38,673.08,0.858,-1,-1,-1
211,93,930.37,362.93,42.48,111.67,0.751,-1,-1,-1
211,94,1029.06,363.85,34.35,111.83,0.666,-1,-1,-1
211,96,171.66,364.52,40.62,109.79,0.576,-1,-1,-1
212,3,1411.18,340.54,201.68,663.11,0.857,-1,-1,-1
212,20,963.98,372.63,58.00,151.01,0.847,-1,-1,-1
212,53,870.50,361.17,41.00,136.12,0.800,-1,-1,-1
212,59,352.45,365.48,47.81,124.28,0.877,-1,-1,-1
212,62,1198.67,335.02,87.09,263.80,0.895,-1,-1,-1
212,69,591.22,352.36,59.20,159.93,-1.000,-1,-1,-1
212,76,814.58,358.03,48.16,139.71,0.819,-1,-1,-1
212,79,1679.37,318.80,214.72,673.31,0.882,-1,-1,-1
212,93,938.76,363.02,42.15,111.08,0.648,-1,-1,-1
212,94,1036.17,362.52,34.69,112.71,0.651,-1,-1,-1
212,96,177.25,364.31,40.28,108.90,0.553,-1,-1,-1
212,97,474.61,354.76,41.17,85.30,0.687,-1,-1,-1
213,3,1412.75,336.31,198.90,656.02,0.885,-1,-1,-1
213,20,968.54,371.31,58.07,150.87,0.809,-1,-1,-1
213,53,876.92,360.91,40.99,135.64,0.729,-1,-1,-1
213,59,359.23,365.42,47.77,124.06,0.861,-1,-1,-1
213,62,1206.34,331.70,88.09,267.36,0.905,-1,-1,-1
213,69,594.88,352.18,59.39,159.96,0.815,-1,-1,-1
213,76,820.41,357.54,48.13,139.98,0.833,-1,-1,-1
213,79,1680.57,313.13,216.74,678.99,0.903,-1,-1,-1
213,93,944.08,362.22,42.17,111.66,0.712,-1,-1,-1
213,94,1042.83,361.93,34.68,112.42,0.685,-1,-1,-1
213,96,183.49,363.87,40.12,108.50,0.645,-1,-1,-1
213,97,478.17,353.48,41.36,85.54,0.586,-1,-1,-1
213,98,151.35,360.04,23.59,74.64,0.687,-1,-1,-1
214,3,1413.66,332.78,198.48,656.48,0.870,-1,-1,-1
214,20,972.28,370.34,58.70,152.27,0.826,-1,-1,-1
214,53,882.77,363.10,40.90,133.96,0.775,-1,-1,-1
214,59,364.35,366.58,47.71,124.09,0.850,-1,-1,-1
214,62,1212.73,329.18,88.85,270.37,0.893,-1,-1,-1
214,69,597.95,353.36,59.56,159.48,0.803,-1,-1,-1
214,76,824.51,358.18,47.78,139.35,0.846,-1,-1,-1
214,79,1677.29,309.37,220.46,684.40,0.888,-1,-1,-1
214,93,947.81,361.89,42.31,112.82,0.728,-1,-1,-1
214,94,1048.01,362.67,34.72,112.44,0.763,-1,-1,-1
214,96,188.11,364.86,40.18,108.66,0.638,-1,-1,-1
214,97,481.23,353.84,41.36,85.40,0.562,-1,-1,-1
214,98,154.91,361.15,23.38,74.04,0.703,-1,-1,-1
215,3,1413.98,330.19,199.50,662.10,0.897,-1,-1,-1
215,20,977.31,370.09,58.88,152.55,0.792,-1,-1,-1
215,53,887.62,362.37,41.28,134.39,0.721,-1,-1,-1
215,59,369.36,366.53,46.91,122.23,0.850,-1,-1,-1
215,62,1220.31,326.88,89.56,273.00,0.900,-1,-1,-1
215,69,598.19,353.75,60.28,158.35,0.767,-1,-1,-1
215,76,828.85,357.63,47.74,140.38,0.810,-1,-1,-1
215,79,1668.91,306.68,226.76,692.76,0.892,-1,-1,-1
215,93,952.66,361.26,42.27,113.24,0.748,-1,-1,-1
215,94,1051.53,362.49,34.39,111.98,0.565,-1,-1,-1
215,96,195.69,361.79,41.51,111.97,-1.000,-1,-1,-1
215,98,160.09,361.10,22.68,71.79,0.697,-1,-1,-1
216,3,1407.04,330.27,204.79,673.61,0.886,-1,-1,-1
216,20,983.98,371.87,59.16,153.05,0.816,-1,-1,-1
216,53,894.69,361.46,42.24,136.06,0.805,-1,-1,-1
216,59,375.60,366.15,48.22,126.34,0.824,-1,-1,-1
216,62,1231.10,325.74,90.95,277.98,0.884,-1,-1,-1
216,69,600.92,353.60,61.82,159.62,0.800,-1,-1,-1
216,76,834.19,360.08,47.18,138.98,0.711,-1,-1,-1
216,79,1653.27,310.81,236.22,702.65,0.915,-1,-1,-1
216,93,955.58,362.06,42.51,113.55,0.735,-1,-1,-1
216,94,1059.82,362.89,34.67,112.52,0.678,-1,-1,-1
216,96,203.26,358.71,42.84,115.28,0.618,-1,-1,-1
216,98,167.51,362.65,21.63,68.44,0.504,-1,-1,-1
217,3,1400.10,332.09,209.73,683.25,0.889,-1,-1,-1
217,20,988.38,374.18,58.88,152.43,0.806,-1,-1,-1
217,53,897.92,362.86,42.22,135.15,0.819,-1,-1,-1
217,59,382.31,367.30,47.51,123.50,0.856,-1,-1,-1
217,62,1238.72,326.38,91.92,282.19,0.900,-1,-1,-1
217,69,603.91,355.03,62.91,159.18,0.839,-1,-1,-1
217,76,837.99,361.16,46.95,139.39,0.796,-1,-1,-1
217,79,1645.63,317.28,244.11,707.92,0.929,-1,-1,-1
217,93,961.93,363.33,41.97,113.46,0.692,-1,-1,-1
217,94,1065.48,365.15,34.61,112.02,0.512,-1,-1,-1
217,96,206.15,359.73,42.47,114.23,-1.000,-1,-1,-1
217,98,172.44,362.96,22.18,70.13,0.586,-1,-1,-1
218,3,1394.62,334.94,214.23,691.29,0.895,-1,-1,-1
218,20,992.15,375.52,58.86,152.30,0.823,-1,-1,-1
218,53,900.13,362.97,42.49,135.09,0.832,-1,-1,-1
218,59,387.32,366.95,47.03,122.02,0.854,-1,-1,-1
218,62,1246.87,327.29,92.64,284.64,0.895,-1,-1,-1
218,69,607.13,354.93,63.75,159.60,0.839,-1,-1,-1
218,76,842.34,362.88,46.49,139.16,0.796,-1,-1,-1
218,79,1642.14,322.75,249.98,712.34,0.921,-1,-1,-1
218,93,967.65,364.64,41.40,112.93,0.764,-1,-1,-1
218,94,1069.69,366.74,34.92,112.37,0.776,-1,-1,-1
218,96,209.03,360.74,42.09,113.19,0.510,-1,-1,-1
218,98,177.76,362.10,22.13,69.86,0.670,-1,-1,-1
219,3,1392.32,338.37,217.64,694.89,0.886,-1,-1,-1
219,20,995.49,376.55,58.59,151.70,0.771,-1,-1,-1
219,53,902.10,363.25,42.75,134.67,0.818,-1,-1,-1
219,59,391.55,365.36,46.56,120.91,0.855,-1,-1,-1
219,62,1253.49,328.28,93.18,286.09,0.890,-1,-1,-1
219,69,608.82,353.92,64.79,160.79,0.858,-1,-1,-1
219,76,845.67,364.15,45.70,137.61,0.784,-1,-1,-1
219,79,1643.13,326.82,253.56,712.44,0.920,-1,-1,-1
219,93,971.23,364.97,41.24,113.12,0.659,-1,-1,-1
219,94,1072.54,367.14,35.03,112.20,0.753,-1,-1,-1
219,96,210.63,361.32,41.23,110.82,0.602,-1,-1,-1
219,98,181.00,360.30,22.32,70.19,0.683,-1,-1,-1
219,99,496.03,356.42,47.51,81.88,0.611,-1,-1,-1
220,3,1388.94,342.97,219.16,695.14,0.893,-1,-1,-1
220,20,998.36,378.32,58.16,150.59,0.800,-1,-1,-1
220,53,903.51,364.81,42.94,134.11,0.828,-1,-1,-1
220,59,396.83,364.73,46.05,119.83,0.849,-1,-1,-1
220,62,1260.39,330.45,93.90,287.56,0.887,-1,-1,-1
220,69,609.98,353.50,66.02,162.29,0.859,-1,-1,-1
220,76,848.25,365.71,45.21,137.03,0.794,-1,-1,-1
220,79,1642.75,330.77,256.40,712.83,0.924,-1,-1,-1
220,93,975.88,365.51,41.33,113.88,0.730,-1,-1,-1
220,94,1076.38,368.49,34.91,111.80,0.744,-1,-1,-1
220,96,210.87,361.26,41.63,111.36,0.729,-1,-1,-1
220,98,184.00,360.26,22.42,70.32,0.650,-1,-1,-1
220,99,497.96,355.31,48.25,83.17,0.567,-1,-1,-1
221,3,1383.08,348.59,219.72,695.68,0.906,-1,-1,-1
221,20,1001.34,378.48,58.16,150.72,0.771,-1,-1,-1
221,53,903.97,365.82,43.54,133.97,0.811,-1,-1,-1
221,59,400.78,362.30,46.07,120.20,0.832,-1,-1,-1
221,62,1267.90,333.24,95.23,291.99,0.880,-1,-1,-1
221,69,610.03,352.58,66.85,163.24,0.863,-1,-1,-1
221,76,849.73,364.46,45.50,138.49,0.818,-1,-1,-1
221,79,1640.83,335.06,259.31,716.69,0.889,-1,-1,-1
221,93,977.56,366.04,41.39,114.33,0.674,-1,-1,-1
221,94,1079.90,369.47,34.98,111.48,0.775,-1,-1,-1
221,96,212.51,359.72,41.89,111.62,0.597,-1,-1,-1
221,98,186.50,357.86,22.54,70.50,0.627,-1,-1,-1
221,99,499.09,353.37,49.06,84.79,0.764,-1,-1,-1
221,100,700.93,373.06,19.61,46.97,0.506,-1,-1,-1
222,3,1378.80,351.36,220.76,698.12,0.898,-1,-1,-1
222,20,1003.31,378.07,57.65,150.26,0.738,-1,-1,-1
222,53,903.44,366.59,43.95,133.63,0.801,-1,-1,-1
222,59,403.04,360.94,45.99,120.46,0.841,-1,-1,-1
222,62,1273.54,334.92,96.05,295.32,0.862,-1,-1,-1
222,69,610.42,353.16,66.96,162.52,0.872,-1,-1,-1
222,76,850.48,363.83,45.56,139.38,0.831,-1,-1,-1
222,79,1642.87,337.53,260.90,717.13,0.873,-1,-1,-1
222,93,979.38,366.15,41.44,114.66,0.682,-1,-1,-1
222,94,1081.64,369.75,35.21,111.59,0.820,-1,-1,-1
222,96,212.93,358.31,42.13,111.86,0.676,-1,-1,-1
222,98,187.31,356.05,23.05,72.07,0.637,-1,-1,-1
222,99,499.42,352.07,49.70,86.18,0.795,-1,-1,-1
223,3,1375.43,351.29,222.19,701.29,0.894,-1,-1,-1
223,20,1006.01,377.27,57.38,150.20,0.735,-1,-1,-1
223,53,902.31,366.43,44.11,133.33,0.809,-1,-1,-1
223,59,404.64,359.93,45.78,120.48,0.851,-1,-1,-1
223,62,1278.66,335.28,97.12,299.65,0.867,-1,-1,-1
223,69,610.41,352.56,67.39,163.02,0.874,-1,-1,-1
223,76,851.63,362.37,45.67,140.53,0.805,-1,-1,-1
223,79,1644.59,338.17,259.72,711.18,0.827,-1,-1,-1
223,93,981.05,366.13,41.25,114.92,0.672,-1,-1,-1
223,94,1083.19,369.30,35.62,112.00,0.811,-1,-1,-1
223,96,216.20,356.25,42.56,112.27,0.585,-1,-1,-1
223,98,187.52,354.34,23.34,72.91,0.698,-1,-1,-1
223,99,500.06,351.25,49.29,85.81,0.739,-1,-1,-1
224,3,1369.49,349.31,224.86,707.56,0.891,-1,-1,-1
224,20,1008.07,375.19,57.13,149.96,0.760,-1,-1,-1
224,53,902.66,364.35,44.46,134.17,0.799,-1,-1,-1
224,59,407.64,358.28,45.68,121.00,0.818,-1,-1,-1
224,62,1279.56,332.39,99.01,303.75,0.888,-1,-1,-1
224,69,611.87,351.65,67.56,162.91,0.845,-1,-1,-1
224,76,853.66,359.27,45.93,142.55,0.796,-1,-1,-1
224,79,1642.91,336.10,256.07,702.33,0.831,-1,-1,-1
224,93,982.98,365.23,40.77,114.51,0.674,-1,-1,-1
224,94,1086.23,368.03,35.79,112.37,0.777,-1,-1,-1
224,96,217.88,352.65,43.40,113.65,0.597,-1,-1,-1
224,98,188.75,352.24,23.60,73.56,0.773,-1,-1,-1
224,99,501.73,349.34,49.00,85.72,0.698,-1,-1,-1
225,3,1366.57,346.39,223.93,698.29,0.879,-1,-1,-1
225,20,1010.18,373.73,56.95,150.16,0.782,-1,-1,-1
225,53,902.45,362.40,44.75,135.01,0.801,-1,-1,-1
225,59,410.30,357.71,45.12,120.12,0.796,-1,-1,-1
225,62,1282.81,330.79,100.45,307.11,0.838,-1,-1,-1
225,69,612.29,350.37,67.76,163.07,0.846,-1,-1,-1
225,76,854.79,358.66,45.31,142.38,0.730,-1,-1,-1
225,79,1639.85,331.41,252.19,694.23,0.831,-1,-1,-1
225,93,984.99,363.84,40.62,114.57,0.699,-1,-1,-1
225,94,1089.42,366.83,35.86,112.42,-1.000,-1,-1,-1
225,96,217.83,350.86,43.63,114.27,-1.000,-1,-1,-1
225,98,189.29,350.81,23.25,71.96,0.738,-1,-1,-1
225,99,501.96,347.94,48.97,85.95,0.693,-1,-1,-1
226,3,1357.76,340.52,220.44,683.50,0.896,-1,-1,-1
226,20,1011.15,372.89,57.26,151.49,0.771,-1,-1,-1
226,53,902.34,360.40,45.03,136.38,0.794,-1,-1,-1
226,59,412.50,357.12,45.03,120.12,0.828,-1,-1,-1
226,62,1289.68,327.07,102.10,311.84,0.859,-1,-1,-1
226,69,611.66,349.22,68.23,163.36,0.860,-1,-1,-1
226,76,855.87,356.35,45.41,143.44,0.747,-1,-1,-1
226,79,1633.69,324.49,252.93,701.08,0.834,-1,-1,-1
226,93,987.78,362.78,40.28,114.01,0.697,-1,-1,-1
226,94,1092.61,365.63,35.93,112.47,0.743,-1,-1,-1
226,96,217.78,349.08,43.86,114.89,0.591,-1,-1,-1
226,98,190.76,348.60,23.46,72.29,0.771,-1,-1,-1
226,99,500.62,345.73,49.61,87.54,0.692,-1,-1,-1
227,3,1352.19,335.83,220.19,679.85,0.894,-1,-1,-1
227,20,1011.66,372.01,57.44,151.96,0.772,-1,-1,-1
227,53,903.90,360.02,44.96,136.53,0.764,-1,-1,-1
227,59,415.85,356.26,44.87,119.64,0.820,-1,-1,-1
227,62,1295.71,323.48,103.80,316.58,0.869,-1,-1,-1
227,69,613.03,348.65,68.19,162.86,0.676,-1,-1,-1
227,76,857.57,355.59,45.14,143.79,0.736,-1,-1,-1
227,79,1631.37,320.50,253.70,707.31,0.803,-1,-1,-1
227,93,988.67,360.81,40.27,115.05,0.682,-1,-1,-1
227,94,1094.61,363.69,36.40,113.26,0.782,-1,-1,-1
227,96,218.83,348.81,43.71,114.71,-1.000,-1,-1,-1
227,98,192.82,346.76,23.46,72.18,0.549,-1,-1,-1
227,99,501.24,344.66,49.09,86.95,0.649,-1,-1,-1
227,101,939.07,364.51,30.15,119.92,0.580,-1,-1,-1
228,3,1350.86,332.84,221.93,682.93,0.856,-1,-1,-1
228,20,1014.81,372.66,56.77,151.18,0.750,-1,-1,-1
228,53,905.53,360.12,44.52,136.45,0.780,-1,-1,-1
228,59,418.95,356.82,44.75,119.11,0.832,-1,-1,-1
228,62,1303.80,321.58,104.67,319.55,0.846,-1,-1,-1
228,69,613.77,347.25,69.29,164.65,0.845,-1,-1,-1
228,76,860.66,356.61,44.63,142.80,0.773,-1,-1,-1
228,79,1629.25,318.79,254.28,713.99,0.797,-1,-1,-1
228,93,991.46,362.07,39.88,114.65,0.734,-1,-1,-1
228,94,1096.94,363.88,36.27,113.93,0.705,-1,-1,-1
228,96,219.89,348.53,43.56,114.54,0.723,-1,-1,-1
228,98,195.27,347.45,23.48,72.34,0.748,-1,-1,-1
228,99,502.41,345.59,48.68,86.56,0.780,-1,-1,-1
228,101,941.43,365.42,30.67,121.74,0.716,-1,-1,-1
229,3,1350.59,331.89,224.18,687.89,0.840,-1,-1,-1
229,20,1017.47,373.37,56.37,150.18,0.772,-1,-1,-1
229,53,908.16,359.36,44.26,137.04,0.771,-1,-1,-1
229,59,422.56,356.65,44.53,118.41,0.835,-1,-1,-1
229,62,1311.97,320.63,105.06,321.18,0.719,-1,-1,-1
229,69,615.52,346.56,69.78,165.13,0.837,-1,-1,-1
229,76,864.11,356.07,44.49,143.17,0.787,-1,-1,-1
229,79,1629.18,318.98,255.49,721.80,0.787,-1,-1,-1
229,93,993.95,361.67,39.69,115.01,0.719,-1,-1,-1
229,94,1101.36,364.00,36.33,113.79,0.738,-1,-1,-1
229,96,221.46,348.94,43.16,113.63,0.743,-1,-1,-1
229,98,198.40,347.44,23.57,72.52,0.730,-1,-1,-1
229,99,504.09,345.74,48.44,86.33,0.755,-1,-1,-1
229,101,943.44,364.33,31.13,123.30,0.559,-1,-1,-1
230,3,1357.28,330.29,229.31,697.89,0.853,-1,-1,-1
230,20,1020.20,373.46,56.33,149.26,0.760,-1,-1,-1
230,53,914.61,359.59,39.25,120.60,0.525,-1,-1,-1
230,59,426.84,355.83,43.37,116.12,0.766,-1,-1,-1
230,62,1319.12,318.89,105.90,324.62,0.647,-1,-1,-1
230,69,619.16,344.76,69.85,165.79,0.783,-1,-1,-1
230,76,866.13,356.70,43.85,142.02,0.606,-1,-1,-1
230,79,1636.42,320.64,258.34,729.52,0.856,-1,-1,-1
230,93,998.33,361.62,39.87,116.39,-1.000,-1,-1,-1
230,94,1107.25,364.39,36.44,114.15,-1.000,-1,-1,-1
230,96,225.60,348.84,43.25,113.79,-1.000,-1,-1,-1
230,98,203.22,347.33,23.36,71.88,-1.000,-1,-1,-1
230,99,507.07,346.19,48.06,85.61,-1.000,-1,-1,-1
230,101,946.98,366.23,30.92,122.24,-1.000,-1,-1,-1
230,102,481.37,360.31,34.14,127.39,0.569,-1,-1,-1
231,3,1356.73,333.14,231.71,703.04,0.853,-1,-1,-1
231,20,1024.42,374.84,56.41,149.94,0.802,-1,-1,-1
231,53,918.31,361.24,41.83,129.57,0.800,-1,-1,-1
231,59,433.05,355.41,43.80,118.00,0.830,-1,-1,-1
231,62,1327.73,319.57,107.69,330.69,0.589,-1,-1,-1
231,69,622.11,344.45,70.37,166.86,0.854,-1,-1,-1
231,76,871.10,355.39,44.16,144.38,0.771,-1,-1,-1
231,79,1637.73,326.25,258.02,730.27,0.791,-1,-1,-1
231,93,1002.71,361.57,40.06,117.78,0.706,-1,-1,-1
231,94,1113.14,364.78,36.55,114.52,0.667,-1,-1,-1
231,96,229.75,348.74,43.33,113.94,0.769,-1,-1,-1
231,98,208.05,347.22,23.15,71.25,0.752,-1,-1,-1
231,99,510.05,346.63,47.68,84.89,0.639,-1,-1,-1
231,101,950.53,368.14,30.72,121.19,0.704,-1,-1,-1
231,102,484.60,359.00,33.40,124.46,0.589,-1,-1,-1
232,3,1355.17,335.47,233.17,706.59,0.858,-1,-1,-1
232,20,1027.79,371.78,57.03,152.13,0.783,-1,-1,-1
232,53,922.19,360.29,42.89,133.12,0.767,-1,-1,-1
232,59,440.42,352.86,41.35,111.52,0.797,-1,-1,-1
232,62,1335.02,319.62,108.45,334.40,0.514,-1,-1,-1
232,69,625.13,341.65,70.90,168.26,0.865,-1,-1,-1
232,76,875.13,353.02,44.50,146.04,0.550,-1,-1,-1
232,79,1637.31,328.66,258.73,734.96,0.793,-1,-1,-1
232,93,1006.73,359.90,39.39,116.96,0.701,-1,-1,-1
232,94,1118.58,364.36,35.97,111.82,0.705,-1,-1,-1
232,96,233.83,346.86,43.20,113.60,-1.000,-1,-1,-1
232,98,212.92,343.59,23.41,71.96,0.519,-1,-1,-1
232,99,514.39,345.40,47.07,83.96,0.605,-1,-1,-1
232,101,954.39,367.04,30.62,120.57,-1.000,-1,-1,-1
232,102,488.81,356.96,33.73,125.29,0.610,-1,-1,-1
233,3,1352.99,337.34,233.57,708.78,0.860,-1,-1,-1
233,20,1029.68,369.68,56.92,152.15,0.763,-1,-1,-1
233,53,925.96,358.31,43.33,135.18,0.790,-1,-1,-1
233,59,443.02,350.09,42.40,114.82,0.802,-1,-1,-1
233,62,1351.28,319.54,90.29,272.11,0.513,-1,-1,-1
233,69,628.27,339.30,71.25,169.38,0.878,-1,-1,-1
233,76,879.11,351.11,44.05,146.90,0.810,-1,-1,-1
233,79,1638.42,330.46,257.03,733.38,0.816,-1,-1,-1
233,93,1010.32,358.23,39.07,117.20,0.684,-1,-1,-1
233,94,1120.71,363.04,35.93,111.88,0.681,-1,-1,-1
233,96,237.92,344.98,43.06,113.25,0.673,-1,-1,-1
233,98,216.88,341.16,23.35,72.13,0.719,-1,-1,-1
233,99,517.57,343.87,46.82,83.93,0.606,-1,-1,-1
233,101,958.25,365.94,30.52,119.96,0.736,-1,-1,-1
233,102,491.42,353.44,34.32,127.28,0.608,-1,-1,-1
234,3,1354.75,338.92,232.85,709.45,0.875,-1,-1,-1
234,20,1034.83,366.75,56.41,150.39,0.828,-1,-1,-1
234,53,929.76,356.16,43.46,136.31,0.749,-1,-1,-1
234,59,447.10,347.66,42.84,116.83,0.743,-1,-1,-1
234,62,1365.34,318.76,75.58,222.98,0.541,-1,-1,-1
234,69,632.40,337.19,71.38,169.48,0.851,-1,-1,-1
234,76,883.40,349.29,43.45,147.24,0.743,-1,-1,-1
234,79,1641.02,330.60,256.84,736.24,0.790,-1,-1,-1
234,93,1016.16,356.33,38.30,116.25,0.710,-1,-1,-1
234,94,1124.62,361.49,35.64,111.88,0.569,-1,-1,-1
234,96,245.34,340.72,44.46,115.34,0.634,-1,-1,-1
234,98,221.99,339.15,23.22,71.71,0.738,-1,-1,-1
234,99,520.16,341.20,47.16,84.91,0.662,-1,-1,-1
234,101,961.77,363.97,30.63,119.89,0.682,-1,-1,-1
235,3,1358.89,338.60,232.14,709.47,0.882,-1,-1,-1
235,20,1037.63,364.06,56.75,149.84,0.836,-1,-1,-1
235,53,934.46,352.81,43.67,137.58,0.736,-1,-1,-1
235,59,453.18,344.49,44.25,120.90,0.796,-1,-1,-1
235,62,1376.71,316.90,66.35,190.79,0.629,-1,-1,-1
235,69,636.70,334.79,71.44,170.14,0.854,-1,-1,-1
235,76,888.19,345.26,43.57,149.07,0.741,-1,-1,-1
235,79,1646.83,328.28,257.26,739.43,0.786,-1,-1,-1
235,93,1021.82,353.96,37.72,115.62,0.591,-1,-1,-1
235,94,1129.49,359.05,35.71,112.40,0.616,-1,-1,-1
235,96,248.51,339.40,44.06,114.43,0.655,-1,-1,-1
235,98,226.72,336.77,23.41,71.99,0.703,-1,-1,-1
235,99,521.08,337.37,47.95,86.14,-1.000,-1,-1,-1
235,101,967.08,361.11,30.58,119.44,0.630,-1,-1,-1
235,103,1833.24,389.13,80.32,99.47,0.704,-1,-1,-1
236,3,1360.66,335.63,232.24,715.38,0.883,-1,-1,-1
236,20,1040.93,359.18,56.95,150.61,0.745,-1,-1,-1
236,53,939.53,347.19,43.86,138.69,0.795,-1,-1,-1
236,59,460.85,341.03,44.44,121.56,0.788,-1,-1,-1
236,62,1388.19,312.26,60.52,170.20,0.631,-1,-1,-1
236,69,640.26,330.77,71.79,171.36,0.833,-1,-1,-1
236,76,892.27,340.20,43.11,149.58,0.786,-1,-1,-1
236,79,1649.69,322.20,255.70,738.94,0.833,-1,-1,-1
236,93,1026.61,348.75,37.43,116.66,0.738,-1,-1,-1
236,94,1136.64,354.54,36.10,112.92,0.738,-1,-1,-1
236,96,252.73,336.76,43.88,113.29,0.565,-1,-1,-1
236,98,231.05,333.41,23.64,72.71,0.624,-1,-1,-1
236,99,522.00,333.55,48.73,87.38,0.739,-1,-1,-1
236,101,972.89,357.80,30.34,117.49,0.697,-1,-1,-1
236,103,1836.78,385.21,85.16,105.73,-1.000,-1,-1,-1
236,104,2.95,337.35,61.10,192.01,0.910,-1,-1,-1
237,3,1362.81,332.37,231.42,717.75,0.784,-1,-1,-1
237,20,1042.80,354.76,57.82,151.82,0.790,-1,-1,-1
237,53,942.05,342.17,44.06,140.47,0.800,-1,-1,-1
237,59,467.18,337.73,44.71,121.77,0.778,-1,-1,-1
237,62,1395.79,307.78,58.83,162.92,0.558,-1,-1,-1
237,69,642.65,327.46,71.78,171.86,0.856,-1,-1,-1
237,76,895.75,337.25,42.19,148.37,0.793,-1,-1,-1
237,79,1651.60,315.36,251.95,731.64,0.828,-1,-1,-1
237,93,1029.69,345.42,37.37,117.77,0.670,-1,-1,-1
237,94,1141.64,351.38,35.85,112.43,0.650,-1,-1,-1
237,96,254.90,333.87,43.65,112.74,0.539,-1,-1,-1
237,98,232.82,330.02,24.03,73.34,0.691,-1,-1,-1
237,99,523.37,328.47,50.33,89.57,0.733,-1,-1,-1
237,101,976.91,354.11,30.89,118.05,0.798,-1,-1,-1
237,103,1840.32,381.28,90.00,111.98,0.627,-1,-1,-1
237,104,3.85,333.41,61.84,193.67,0.904,-1,-1,-1
238,3,1364.19,327.15,229.50,716.39,0.822,-1,-1,-1
238,20,1044.91,352.55,57.99,151.25,0.766,-1,-1,-1
238,53,944.88,338.70,44.04,140.33,0.795,-1,-1,-1
238,59,472.12,336.02,45.25,122.07,0.784,-1,-1,-1
238,62,1403.19,302.44,56.88,153.29,0.697,-1,-1,-1
238,69,645.20,324.55,71.76,172.27,0.848,-1,-1,-1
238,76,898.95,334.71,41.75,147.91,0.754,-1,-1,-1
238,79,1653.01,308.12,247.97,722.38,0.834,-1,-1,-1
238,93,1032.60,341.91,37.22,117.90,0.653,-1,-1,-1
238,94,1145.15,347.85,35.79,112.65,0.635,-1,-1,-1
238,96,256.07,331.24,43.96,113.41,0.626,-1,-1,-1
238,98,235.67,326.73,24.28,74.42,0.668,-1,-1,-1
238,99,523.86,324.29,51.23,90.52,0.683,-1,-1,-1
238,101,979.60,350.64,31.03,117.61,0.790,-1,-1,-1
238,103,1845.96,380.34,87.25,108.91,-1.000,-1,-1,-1
238,104,4.15,330.29,62.09,193.67,0.902,-1,-1,-1
239,3,1367.57,322.84,225.68,707.39,0.771,-1,-1,-1
239,20,1047.07,351.41,58.08,150.45,0.762,-1,-1,-1
239,53,946.58,335.99,44.19,140.87,0.801,-1,-1,-1
239,59,476.33,335.44,45.54,121.34,0.819,-1,-1,-1
239,62,1410.52,297.94,55.07,144.26,0.656,-1,-1,-1
239,69,647.33,322.11,72.02,173.06,0.851,-1,-1,-1
239,76,901.06,333.23,41.26,147.82,0.759,-1,-1,-1
239,79,1652.86,301.97,244.69,715.69,0.877,-1,-1,-1
239,93,1034.09,339.90,37.08,117.80,0.626,-1,-1,-1
239,94,1147.04,345.23,35.79,113.41,0.627,-1,-1,-1
239,96,257.56,329.10,43.93,113.47,-1.000,-1,-1,-1
239,98,238.45,325.13,23.53,72.24,0.706,-1,-1,-1
239,99,524.49,321.13,52.39,92.53,0.798,-1,-1,-1
239,101,980.96,347.87,31.49,118.93,0.782,-1,-1,-1
239,103,1851.59,379.40,84.50,105.84,0.570,-1,-1,-1
239,104,4.89,328.68,62.34,193.48,0.841,-1,-1,-1
240,3,1373.93,316.25,221.90,697.15,0.838,-1,-1,-1
240,20,1048.33,351.02,57.82,149.35,0.765,-1,-1,-1
240,53,948.19,334.06,44.28,141.75,0.766,-1,-1,-1
240,59,479.03,334.83,45.90,121.49,0.829,-1,-1,-1
240,62,1417.24,293.29,55.61,139.55,0.814,-1,-1,-1
240,69,649.15,320.40,72.33,173.66,0.863,-1,-1,-1
240,76,902.95,330.85,41.33,149.58,0.769,-1,-1,-1
240,79,1653.29,297.43,244.48,717.49,0.873,-1,-1,-1
240,93,1034.91,338.12,37.35,118.37,0.595,-1,-1,-1
240,94,1148.86,343.14,35.95,113.96,0.694,-1,-1,-1
240,96,259.05,326.96,43.90,113.53,0.590,-1,-1,-1
240,98,239.81,323.56,23.60,72.33,0.706,-1,-1,-1
240,99,524.70,319.05,53.10,93.50,0.791,-1,-1,-1
240,101,981.72,346.27,31.68,119.85,0.765,-1,-1,-1
240,103,1855.37,380.11,81.93,103.47,0.550,-1,-1,-1
240,104,4.11,327.02,62.45,193.08,0.849,-1,-1,-1
241,3,1380.86,309.58,220.30,694.49,0.867,-1,-1,-1
241,20,1052.12,350.26,57.56,148.24,0.705,-1,-1,-1
241,53,951.58,331.83,44.39,142.97,0.743,-1,-1,-1
241,59,482.32,332.95,46.54,123.00,0.695,-1,-1,-1
241,62,1430.33,287.00,55.37,133.37,0.818,-1,-1,-1
241,69,651.53,317.64,72.55,174.90,0.885,-1,-1,-1
241,76,906.67,328.56,41.38,151.42,0.807,-1,-1,-1
241,79,1643.95,291.68,250.34,728.09,0.871,-1,-1,-1
241,94,1153.14,340.75,35.91,112.88,0.694,-1,-1,-1
241,96,261.68,326.01,43.66,112.56,0.670,-1,-1,-1
241,98,243.56,321.93,21.62,65.33,0.680,-1,-1,-1
241,99,527.28,317.27,53.10,93.34,0.777,-1,-1,-1
241,101,984.77,343.81,31.85,120.42,0.711,-1,-1,-1
241,103,1863.31,382.27,76.21,97.37,0.525,-1,-1,-1
241,104,4.68,324.33,63.17,193.86,0.896,-1,-1,-1
242,3,1385.60,304.88,220.37,696.40,0.894,-1,-1,-1
242,20,1054.40,349.69,57.78,148.07,0.739,-1,-1,-1
242,53,954.63,330.97,44.23,143.21,0.743,-1,-1,-1
242,59,485.36,332.06,46.29,122.39,0.745,-1,-1,-1
242,62,1440.07,283.24,55.85,129.84,0.781,-1,-1,-1
242,69,653.54,316.25,72.48,175.64,0.875,-1,-1,-1
242,76,910.24,328.88,40.84,150.36,0.821,-1,-1,-1
242,79,1633.19,288.99,257.16,736.92,0.889,-1,-1,-1
242,94,1156.32,339.33,36.51,114.14,0.746,-1,-1,-1
242,96,263.12,324.48,44.24,113.50,0.583,-1,-1,-1
242,98,244.17,320.58,22.79,67.99,0.597,-1,-1,-1
242,99,530.11,316.68,52.65,92.71,0.766,-1,-1,-1
242,101,987.34,341.64,32.17,121.97,0.723,-1,-1,-1
242,104,4.60,323.20,63.53,193.60,0.895,-1,-1,-1
243,3,1385.05,303.43,222.53,701.49,0.873,-1,-1,-1
243,20,1057.82,349.30,58.30,147.97,0.762,-1,-1,-1
243,53,959.52,330.68,44.18,142.66,0.754,-1,-1,-1
243,59,486.80,331.17,45.25,120.37,0.717,-1,-1,-1
243,69,655.35,314.84,72.27,176.45,0.870,-1,-1,-1
243,76,913.07,327.73,40.72,150.80,0.774,-1,-1,-1
243,79,1622.22,289.13,265.69,745.17,0.917,-1,-1,-1
243,94,1159.66,338.50,36.80,114.96,0.603,-1,-1,-1
243,96,265.96,323.88,44.20,113.06,0.624,-1,-1,-1
243,98,247.22,319.91,21.95,64.36,0.641,-1,-1,-1
243,99,532.60,317.02,52.03,91.46,0.800,-1,-1,-1
243,101,990.00,340.02,32.62,123.90,0.679,-1,-1,-1
243,104,5.09,322.13,64.07,193.48,0.893,-1,-1,-1
244,3,1380.49,299.59,226.84,710.90,0.884,-1,-1,-1
244,20,1061.97,345.35,59.65,150.52,0.750,-1,-1,-1
244,53,962.71,330.35,44.30,142.61,0.600,-1,-1,-1
244,59,491.28,330.12,42.38,113.19,-1.000,-1,-1,-1
244,69,657.85,313.72,71.87,176.58,0.816,-1,-1,-1
244,76,915.14,327.30,40.55,150.92,0.609,-1,-1,-1
244,79,1614.64,287.61,273.77,754.33,0.913,-1,-1,-1
244,94,1163.87,337.27,36.78,115.06,0.582,-1,-1,-1
244,96,269.34,322.77,44.74,113.99,-1.000,-1,-1,-1
244,98,250.14,318.83,21.24,61.69,-1.000,-1,-1,-1
244,101,992.51,338.23,33.06,125.70,-1.000,-1,-1,-1
244,104,5.82,319.15,65.57,196.26,0.874,-1,-1,-1
245,3,1374.37,303.79,229.73,713.19,0.882,-1,-1,-1
245,20,1065.85,345.53,59.72,149.83,0.757,-1,-1,-1
245,53,965.98,332.07,44.10,141.99,0.769,-1,-1,-1
245,59,495.75,329.07,39.52,106.00,0.581,-1,-1,-1
245,69,659.49,312.15,72.20,179.02,0.851,-1,-1,-1
245,76,917.03,329.09,40.05,149.48,0.567,-1,-1,-1
245,79,1613.90,289.01,279.36,758.42,0.911,-1,-1,-1
245,94,1168.50,336.94,36.25,113.25,-1.000,-1,-1,-1
245,96,272.72,321.65,45.27,114.91,0.508,-1,-1,-1
245,98,253.05,317.75,20.52,59.02,0.613,-1,-1,-1
245,101,995.02,336.44,33.50,127.51,0.511,-1,-1,-1
245,104,7.40,320.13,66.00,194.42,0.891,-1,-1,-1
246,3,1369.04,305.69,235.41,721.67,0.906,-1,-1,-1
246,20,1071.73,344.43,59.99,150.45,0.756,-1,-1,-1
246,53,969.92,330.71,44.30,142.55,0.805,-1,-1,-1
246,59,500.48,328.95,40.58,109.33,-1.000,-1,-1,-1
246,69,663.68,310.70,71.81,180.26,0.870,-1,-1,-1
246,76,921.51,327.06,40.37,151.07,0.756,-1,-1,-1
246,79,1617.75,294.80,282.23,758.81,0.911,-1,-1,-1
246,94,1173.12,336.60,35.73,111.43,0.557,-1,-1,-1
246,96,276.57,321.53,44.85,112.35,0.653,-1,-1,-1
246,98,257.68,315.82,20.11,56.96,0.597,-1,-1,-1
246,101,998.99,338.06,33.01,125.18,0.688,-1,-1,-1
246,104,11.40,318.16,67.20,194.10,0.881,-1,-1,-1
246,105,1056.02,334.74,37.70,121.76,0.595,-1,-1,-1
247,3,1363.81,309.22,239.32,725.61,0.902,-1,-1,-1
247,20,1074.45,343.76,60.45,151.23,0.816,-1,-1,-1
247,53,971.20,330.03,44.55,143.11,0.795,-1,-1,-1
247,59,505.20,328.84,41.64,112.65,0.586,-1,-1,-1
247,69,665.20,309.49,71.45,181.70,0.872,-1,-1,-1
247,76,923.48,327.64,40.17,150.71,0.745,-1,-1,-1
247,79,1619.36,298.60,283.85,758.92,0.893,-1,-1,-1
247,94,1174.19,337.42,36.55,114.07,0.672,-1,-1,-1
247,96,278.37,320.68,44.91,111.94,0.573,-1,-1,-1
247,98,258.44,314.41,20.38,56.59,0.674,-1,-1,-1
247,101,1000.20,338.47,32.90,124.53,0.676,-1,-1,-1
247,104,11.38,317.61,68.08,193.46,0.881,-1,-1,-1
247,105,1058.23,334.43,37.75,122.06,0.607,-1,-1,-1
248,3,1361.24,313.90,240.63,723.90,0.890,-1,-1,-1
248,20,1077.75,343.83,60.68,151.61,0.821,-1,-1,-1
248,53,972.16,330.02,44.72,143.36,0.806,-1,-1,-1
248,59,506.66,326.67,43.77,120.13,0.655,-1,-1,-1
248,69,666.08,308.62,70.92,182.76,0.871,-1,-1,-1
248,76,924.34,325.82,40.72,152.81,0.746,-1,-1,-1
248,79,1621.99,300.98,285.64,760.20,0.898,-1,-1,-1
248,94,1175.42,337.69,37.09,115.14,0.717,-1,-1,-1
248,96,278.10,319.01,45.90,112.58,0.606,-1,-1,-1
248,98,258.59,313.03,20.77,56.44,0.688,-1,-1,-1
248,101,1001.21,337.85,33.08,125.17,0.627,-1,-1,-1
248,104,11.08,317.10,68.82,193.23,0.881,-1,-1,-1
248,105,1059.78,334.07,38.01,123.14,0.631,-1,-1,-1
248,106,1525.78,290.27,99.79,233.34,0.647,-1,-1,-1
248,107,534.78,316.71,54.54,88.86,0.775,-1,-1,-1
249,3,1361.31,316.39,241.77,722.99,0.886,-1,-1,-1
249,20,1081.15,343.31,60.85,152.23,0.843,-1,-1,-1
249,53,973.36,329.29,44.70,143.06,0.810,-1,-1,-1
249,59,508.09,324.83,44.04,122.32,0.551,-1,-1,-1
249,69,667.22,307.56,70.09,182.82,0.859,-1,-1,-1
249,76,926.08,325.18,40.32,151.59,0.743,-1,-1,-1
249,79,1624.29,303.19,285.99,759.59,0.881,-1,-1,-1
249,94,1176.90,337.34,37.64,116.07,0.782,-1,-1,-1
249,96,274.95,315.83,46.08,113.46,0.713,-1,-1,-1
249,98,258.73,311.27,21.01,55.47,0.735,-1,-1,-1
249,101,1002.97,337.59,32.90,125.15,0.685,-1,-1,-1
249,104,12.24,315.21,69.28,192.61,0.877,-1,-1,-1
249,105,1062.60,333.00,38.04,123.49,0.719,-1,-1,-1
249,106,1530.70,291.45,103.63,242.29,0.689,-1,-1,-1
249,107,534.44,314.28,55.32,90.03,0.764,-1,-1,-1
250,3,1361.35,316.55,243.13,725.00,0.886,-1,-1,-1
250,20,1084.72,342.38,60.51,151.36,0.799,-1,-1,-1
250,53,975.27,327.46,44.69,143.28,0.794,-1,-1,-1
250,59,509.24,323.05,44.07,123.84,0.527,-1,-1,-1
250,69,668.46,305.25,69.52,183.64,0.846,-1,-1,-1
250,76,927.87,321.66,40.60,153.28,0.785,-1,-1,-1
250,79,1627.95,301.66,286.97,762.57,0.890,-1,-1,-1
250,94,1178.72,336.57,37.62,115.21,0.716,-1,-1,-1
250,96,277.01,314.20,46.31,113.17,0.617,-1,-1,-1
250,98,260.71,309.28,21.18,55.03,0.683,-1,-1,-1
250,101,1004.76,336.81,32.47,124.15,0.682,-1,-1,-1
250,104,13.91,312.86,69.69,192.89,0.880,-1,-1,-1
250,105,1065.01,331.27,38.02,123.49,0.777,-1,-1,-1
250,106,1529.76,290.52,113.73,265.66,0.570,-1,-1,-1
250,107,534.29,311.00,56.42,91.63,0.797,-1,-1,-1
251,3,1361.65,312.55,242.66,727.53,0.877,-1,-1,-1
251,20,1088.41,341.48,59.73,149.25,0.799,-1,-1,-1
251,53,977.56,324.05,44.52,143.68,0.788,-1,-1,-1
251,59,509.55,321.49,44.48,125.54,-1.000,-1,-1,-1
251,69,671.00,301.83,69.38,185.76,0.844,-1,-1,-1
251,76,930.43,319.57,40.48,153.37,0.762,-1,-1,-1
251,79,1638.08,297.21,280.43,746.54,0.893,-1,-1,-1
251,94,1182.21,334.60,37.64,115.25,-1.000,-1,-1,-1
251,96,277.89,311.96,47.72,115.16,0.591,-1,-1,-1
251,98,263.43,307.80,21.10,53.73,0.709,-1,-1,-1
251,101,1007.09,336.01,31.90,122.85,0.627,-1,-1,-1
251,104,16.96,311.06,70.00,193.29,0.866,-1,-1,-1
251,105,1069.44,328.75,37.58,122.17,0.722,-1,-1,-1
251,106,1505.18,284.47,187.84,443.05,0.725,-1,-1,-1
251,107,533.61,306.86,57.88,94.00,0.780,-1,-1,-1
252,3,1364.81,306.58,240.56,722.89,0.877,-1,-1,-1
252,20,1092.01,340.32,59.50,148.73,0.734,-1,-1,-1
252,53,978.25,320.46,44.92,145.58,0.790,-1,-1,-1
252,59,509.85,319.93,44.89,127.24,0.543,-1,-1,-1
252,69,673.19,299.46,69.27,187.59,0.865,-1,-1,-1
252,76,933.31,317.31,40.82,154.19,0.771,-1,-1,-1
252,79,1644.99,290.66,275.77,736.06,0.895,-1,-1,-1
252,94,1185.69,332.63,37.66,115.30,0.710,-1,-1,-1
252,96,276.72,310.19,48.11,116.32,0.686,-1,-1,-1
252,98,264.89,306.56,21.38,53.47,0.703,-1,-1,-1
252,101,1008.98,334.68,31.56,122.44,0.566,-1,-1,-1
252,104,20.25,309.55,70.35,193.26,0.859,-1,-1,-1
252,105,1072.74,326.22,37.62,122.06,0.686,-1,-1,-1
252,106,1510.37,280.86,195.60,465.75,0.797,-1,-1,-1
252,107,531.73,301.69,60.31,98.17,0.767,-1,-1,-1
253,3,1367.05,301.92,236.73,712.68,0.873,-1,-1,-1
253,20,1095.76,339.18,59.04,148.95,0.719,-1,-1,-1
253,53,978.95,318.57,44.77,146.09,0.819,-1,-1,-1
253,59,507.82,319.88,44.42,127.56,0.667,-1,-1,-1
253,69,674.38,297.75,68.95,189.10,0.875,-1,-1,-1
253,76,934.95,315.37,41.29,155.56,0.805,-1,-1,-1
253,79,1649.61,284.71,273.48,732.18,0.896,-1,-1,-1
253,94,1187.31,330.30,37.89,115.76,0.780,-1,-1,-1
253,96,277.10,310.75,47.84,116.25,0.682,-1,-1,-1
253,98,266.43,306.80,21.44,53.11,0.692,-1,-1,-1
253,101,1010.34,332.85,31.40,122.95,0.666,-1,-1,-1
253,104,22.78,309.72,70.72,193.16,0.863,-1,-1,-1
253,105,1074.13,324.32,38.15,123.90,0.753,-1,-1,-1
253,106,1520.22,275.16,197.92,476.84,0.848,-1,-1,-1
253,107,532.00,302.88,59.54,96.87,0.802,-1,-1,-1
254,3,1374.49,297.26,234.75,702.28,0.849,-1,-1,-1
254,20,1098.00,337.36,58.64,149.14,0.776,-1,-1,-1
254,53,979.68,317.93,44.56,145.93,0.799,-1,-1,-1
254,59,506.07,319.97,44.11,128.23,0.747,-1,-1,-1
254,69,675.46,296.92,68.35,189.72,0.873,-1,-1,-1
254,76,936.42,313.23,41.72,157.01,0.815,-1,-1,-1
254,79,1651.11,279.56,274.32,737.67,0.896,-1,-1,-1
254,94,1189.66,329.22,37.42,115.16,0.757,-1,-1,-1
254,96,277.32,311.18,47.79,116.52,0.718,-1,-1,-1
254,98,267.25,307.86,21.72,53.16,0.754,-1,-1,-1
254,101,1010.93,331.02,31.32,123.77,0.622,-1,-1,-1
254,104,24.75,310.23,71.13,193.12,0.858,-1,-1,-1
254,105,1076.19,322.71,38.29,124.58,0.764,-1,-1,-1
254,106,1532.21,269.60,197.97,483.14,0.859,-1,-1,-1
254,107,531.80,302.18,60.36,98.24,0.790,-1,-1,-1
255,3,1375.36,290.26,234.86,701.59,0.865,-1,-1,-1
255,20,1099.22,335.59,58.40,149.53,0.759,-1,-1,-1
255,53,981.51,317.21,44.31,145.36,0.739,-1,-1,-1
255,59,505.63,319.75,43.89,129.00,0.741,-1,-1,-1
255,69,676.48,295.82,67.63,190.26,0.861,-1,-1,-1
255,76,937.68,312.38,41.84,157.39,0.775,-1,-1,-1
255,79,1651.78,275.70,275.92,746.26,0.897,-1,-1,-1
255,94,1192.64,327.83,37.50,115.19,0.788,-1,-1,-1
255,96,278.42,312.01,47.23,115.97,0.664,-1,-1,-1
255,98,268.96,307.98,22.04,53.24,0.758,-1,-1,-1
255,101,1013.17,328.04,31.49,125.64,0.513,-1,-1,-1
255,104,24.77,310.56,71.48,193.22,0.855,-1,-1,-1
255,105,1077.94,320.89,38.70,126.46,0.721,-1,-1,-1
255,106,1544.20,263.55,198.89,490.87,0.792,-1,-1,-1
255,107,530.19,299.96,61.49,100.53,0.732,-1,-1,-1
256,3,1378.07,284.68,237.52,709.35,0.894,-1,-1,-1
256,20,1103.15,333.36,57.96,148.80,0.773,-1,-1,-1
256,53,983.86,316.61,44.35,145.52,0.791,-1,-1,-1
256,59,506.76,321.42,42.88,127.39,0.740,-1,-1,-1
256,69,679.61,296.20,66.61,189.82,0.878,-1,-1,-1
256,76,939.60,312.64,41.38,156.63,0.729,-1,-1,-1
256,79,1653.36,271.38,278.49,760.21,0.896,-1,-1,-1
256,94,1198.13,325.99,37.67,114.94,0.827,-1,-1,-1
256,96,283.01,313.31,47.15,115.72,0.610,-1,-1,-1
256,98,271.89,309.42,22.33,53.41,0.702,-1,-1,-1
256,104,26.05,312.31,71.99,193.82,0.842,-1,-1,-1
256,105,1081.97,319.66,38.62,126.53,0.747,-1,-1,-1
256,106,1560.52,256.54,202.86,504.46,0.682,-1,-1,-1
256,107,530.86,302.45,60.13,98.64,0.751,-1,-1,-1
257,3,1380.05,281.46,239.90,718.65,0.904,-1,-1,-1
257,20,1108.89,331.45,57.57,148.20,0.808,-1,-1,-1
257,53,986.59,316.29,44.37,145.64,0.807,-1,-1,-1
257,59,508.86,322.79,42.20,126.31,0.730,-1,-1,-1
257,69,683.14,296.51,65.65,189.23,0.872,-1,-1,-1
257,76,942.06,318.32,39.75,151.13,0.701,-1,-1,-1
257,79,1654.75,268.38,279.50,770.14,0.885,-1,-1,-1
257,94,1202.51,324.66,37.40,113.98,0.535,-1,-1,-1
257,96,287.46,316.93,46.35,112.62,0.739,-1,-1,-1
257,98,273.57,311.19,22.85,53.32,0.688,-1,-1,-1
257,104,28.19,314.25,71.72,193.14,0.864,-1,-1,-1
257,105,1086.41,319.60,38.37,125.75,0.738,-1,-1,-1
257,106,1572.59,252.16,205.94,515.72,0.526,-1,-1,-1
257,107,532.91,302.57,59.62,98.26,0.679,-1,-1,-1
258,3,1382.87,279.17,241.52,727.69,0.907,-1,-1,-1
258,20,1112.19,328.97,58.65,150.70,0.698,-1,-1,-1
258,53,990.53,320.78,43.71,140.63,0.759,-1,-1,-1
258,59,510.17,323.73,42.17,126.72,-1.000,-1,-1,-1
258,69,685.07,298.13,63.99,185.31,0.797,-1,-1,-1
258,76,946.38,317.30,40.52,152.75,-1.000,-1,-1,-1
258,79,1655.35,267.20,278.99,775.06,0.872,-1,-1,-1
258,94,1205.88,324.07,37.48,113.34,0.557,-1,-1,-1
258,96,289.45,317.15,46.63,113.01,-1.000,-1,-1,-1
258,98,275.95,312.27,23.23,53.76,-1.000,-1,-1,-1
258,104,30.48,314.91,71.98,194.92,0.721,-1,-1,-1
258,105,1089.28,318.55,39.12,128.00,0.655,-1,-1,-1
258,106,1587.85,246.62,205.13,519.05,0.618,-1,-1,-1
258,107,534.32,303.72,58.50,96.52,-1.000,-1,-1,-1
259,3,1387.38,281.10,241.79,732.42,0.890,-1,-1,-1
259,20,1116.50,329.14,58.78,151.00,0.766,-1,-1,-1
259,53,992.60,318.92,45.41,143.74,0.832,-1,-1,-1
259,59,511.49,324.67,42.14,127.13,0.557,-1,-1,-1
259,69,687.41,298.15,64.49,187.94,0.847,-1,-1,-1
259,76,950.70,316.28,41.29,154.37,0.672,-1,-1,-1
259,79,1665.59,269.89,275.47,776.48,0.851,-1,-1,-1
259,94,1210.54,323.81,37.96,114.82,0.537,-1,-1,-1
259,96,291.44,317.37,46.91,113.40,0.636,-1,-1,-1
259,98,278.33,313.34,23.61,54.20,0.715,-1,-1,-1
259,104,34.59,317.19,72.43,194.21,0.877,-1,-1,-1
259,105,1092.96,318.69,38.65,126.35,0.696,-1,-1,-1
259,106,1601.52,244.32,201.58,519.69,0.837,-1,-1,-1
259,107,535.72,304.87,57.38,94.78,0.514,-1,-1,-1
260,3,1395.43,282.39,243.36,739.67,0.857,-1,-1,-1
260,20,1120.06,327.56,58.89,151.55,0.715,-1,-1,-1
260,53,995.57,317.68,46.00,143.40,0.797,-1,-1,-1
260,59,514.62,324.86,42.29,129.12,0.633,-1,-1,-1
260,69,690.03,297.40,64.80,189.16,0.853,-1,-1,-1
260,76,953.64,317.71,40.71,151.98,0.659,-1,-1,-1
260,79,1670.40,270.91,272.32,777.09,0.830,-1,-1,-1
260,94,1215.69,322.07,38.57,116.47,0.758,-1,-1,-1
260,96,294.02,317.83,46.36,112.63,0.722,-1,-1,-1
260,98,282.47,313.01,23.83,54.27,0.659,-1,-1,-1
260,104,37.74,317.76,71.97,193.24,0.832,-1,-1,-1
260,105,1097.88,317.92,38.32,125.23,0.731,-1,-1,-1
260,106,1617.75,243.74,195.62,510.24,0.737,-1,-1,-1
260,107,537.46,303.82,57.50,95.00,-1.000,-1,-1,-1
261,3,1405.29,283.90,241.55,739.28,0.884,-1,-1,-1
261,20,1129.07,326.24,58.19,149.64,0.768,-1,-1,-1
261,53,998.86,314.23,47.08,144.18,0.818,-1,-1,-1
261,59,517.85,322.61,41.92,129.06,0.511,-1,-1,-1
261,69,694.50,294.78,64.75,189.56,0.860,-1,-1,-1
261,76,958.78,315.42,40.64,151.49,0.756,-1,-1,-1
261,79,1669.22,270.77,270.58,779.66,0.860,-1,-1,-1
261,94,1222.90,318.84,38.62,116.78,0.710,-1,-1,-1
261,96,299.00,314.76,46.68,113.25,0.658,-1,-1,-1
261,98,287.35,310.31,24.27,54.45,0.777,-1,-1,-1
261,104,42.41,315.40,71.80,192.68,0.842,-1,-1,-1
261,105,1104.72,314.82,38.48,125.14,0.761,-1,-1,-1
261,106,1640.35,240.45,195.53,515.00,0.664,-1,-1,-1
261,107,539.19,302.77,57.62,95.22,0.540,-1,-1,-1
261,108,834.64,325.76,21.76,62.50,0.595,-1,-1,-1
262,3,1415.33,286.04,239.42,736.72,0.893,-1,-1,-1
262,20,1136.88,325.85,57.37,147.90,0.803,-1,-1,-1
262,53,1001.76,311.47,47.68,143.67,0.816,-1,-1,-1
262,59,519.93,318.88,42.16,130.47,-1.000,-1,-1,-1
262,69,698.34,293.36,64.37,189.45,0.852,-1,-1,-1
262,76,962.85,312.44,41.26,152.59,0.759,-1,-1,-1
262,79,1670.54,269.69,268.94,783.32,0.858,-1,-1,-1
262,94,1227.90,316.22,38.35,116.71,-1.000,-1,-1,-1
262,96,302.86,311.45,47.08,114.08,0.619,-1,-1,-1
262,98,290.72,308.35,24.76,54.58,0.642,-1,-1,-1
262,104,45.03,314.03,71.17,191.79,0.830,-1,-1,-1
262,105,1111.27,312.34,38.85,125.28,0.767,-1,-1,-1
262,106,1657.83,237.55,196.30,520.52,0.502,-1,-1,-1
262,108,839.61,324.05,21.36,61.38,-1.000,-1,-1,-1
262,109,0.38,304.35,19.82,190.27,0.779,-1,-1,-1
263,3,1424.30,284.81,238.79,739.01,0.890,-1,-1,-1
263,20,1143.05,323.13,56.98,147.98,0.804,-1,-1,-1
263,53,1004.77,308.77,48.00,143.74,0.776,-1,-1,-1
263,59,522.01,315.16,42.40,131.89,0.664,-1,-1,-1
263,69,701.11,289.95,64.75,190.38,0.890,-1,-1,-1
263,76,966.09,306.52,42.15,155.62,0.791,-1,-1,-1
263,79,1676.35,268.16,265.99,786.18,0.862,-1,-1,-1
263,94,1232.89,313.60,38.09,116.64,0.674,-1,-1,-1
263,96,307.74,308.38,47.07,114.02,0.634,-1,-1,-1
263,98,294.18,304.71,25.03,54.74,0.702,-1,-1,-1
263,104,48.85,310.79,71.07,190.85,0.851,-1,-1,-1
263,105,1116.00,308.70,39.21,125.32,0.754,-1,-1,-1
263,108,844.59,322.34,20.97,60.26,0.516,-1,-1,-1
263,109,1.57,297.42,20.92,200.03,0.836,-1,-1,-1
264,3,1430.12,283.71,238.46,743.25,0.905,-1,-1,-1
264,20,1148.02,320.79,56.49,147.23,0.769,-1,-1,-1
264,53,1004.59,306.10,47.71,143.84,0.762,-1,-1,-1
264,59,523.77,311.05,42.33,133.32,0.632,-1,-1,-1
264,69,702.21,286.51,65.42,192.10,0.881,-1,-1,-1
264,76,968.48,300.87,42.92,158.16,0.814,-1,-1,-1
264,79,1685.63,264.89,258.93,780.31,0.915,-1,-1,-1
264,94,1238.31,310.52,37.80,116.73,0.649,-1,-1,-1
264,96,310.40,305.48,47.19,113.79,0.705,-1,-1,-1
264,98,296.50,301.23,25.31,54.85,0.747,-1,-1,-1
264,104,53.03,307.52,72.07,190.90,0.855,-1,-1,-1
264,105,1119.48,305.39,39.94,126.72,0.772,-1,-1,-1
264,108,847.16,315.84,21.85,62.82,0.544,-1,-1,-1
264,109,2.35,292.36,21.55,204.80,0.856,-1,-1,-1
265,3,1435.29,280.70,237.29,744.96,0.896,-1,-1,-1
265,20,1151.17,318.81,56.27,147.39,0.768,-1,-1,-1
265,53,1006.00,303.57,47.26,144.42,0.748,-1,-1,-1
265,59,524.29,307.67,42.15,134.29,0.627,-1,-1,-1
265,69,703.97,284.17,65.61,192.88,0.850,-1,-1,-1
265,76,968.66,297.34,43.75,160.12,0.732,-1,-1,-1
265,79,1693.07,260.58,250.85,768.73,0.894,-1,-1,-1
265,94,1241.87,308.18,37.37,117.00,0.730,-1,-1,-1
265,96,310.32,302.70,47.56,114.43,0.697,-1,-1,-1
265,98,297.42,297.36,26.03,56.20,0.758,-1,-1,-1
265,104,51.77,304.41,72.71,191.36,0.885,-1,-1,-1
265,105,1122.19,303.04,40.35,127.50,0.755,-1,-1,-1
265,109,2.90,288.59,22.09,208.03,0.865,-1,-1,-1
266,3,1446.31,275.59,231.32,728.95,0.884,-1,-1,-1
266,20,1157.42,314.56,56.42,147.96,0.824,-1,-1,-1
266,53,1007.31,300.73,46.13,142.59,0.721,-1,-1,-1
266,69,708.47,281.38,65.28,193.35,0.849,-1,-1,-1
266,76,970.71,292.90,44.58,162.46,0.690,-1,-1,-1
266,79,1703.79,252.31,241.77,756.08,0.905,-1,-1,-1
266,94,1246.79,305.41,37.83,117.81,0.709,-1,-1,-1
266,96,311.08,299.78,47.74,114.76,0.752,-1,-1,-1
266,98,298.55,294.07,26.51,57.37,0.697,-1,-1,-1
266,104,51.68,300.38,72.78,191.10,0.854,-1,-1,-1
266,105,1126.50,299.21,41.34,128.97,0.836,-1,-1,-1
266,109,3.97,284.89,22.58,209.61,0.854,-1,-1,-1
266,110,1040.22,309.42,24.92,128.52,0.646,-1,-1,-1
267,3,1455.54,269.85,226.54,715.20,0.866,-1,-1,-1
267,20,1161.98,311.77,56.78,148.88,0.810,-1,-1,-1
267,53,1008.26,297.90,45.62,142.84,0.733,-1,-1,-1
267,69,709.67,279.41,65.19,193.36,0.837,-1,-1,-1
267,76,974.19,290.10,45.23,163.65,0.774,-1,-1,-1
267,79,1710.04,242.92,237.67,760.04,0.908,-1,-1,-1
267,94,1249.69,303.70,37.76,117.31,0.708,-1,-1,-1
267,96,310.97,297.27,48.04,115.58,0.737,-1,-1,-1
267,98,299.14,292.24,26.74,58.14,0.721,-1,-1,-1
267,104,52.16,298.13,73.21,191.29,0.881,-1,-1,-1
267,105,1129.40,296.98,41.81,129.58,0.805,-1,-1,-1
267,109,4.77,282.92,23.11,210.55,0.858,-1,-1,-1
267,110,1041.77,307.92,24.25,124.62,0.601,-1,-1,-1
268,3,1463.50,263.70,224.25,708.31,0.895,-1,-1,-1
268,20,1165.34,309.59,56.97,149.61,0.807,-1,-1,-1
268,53,1008.54,295.65,45.23,143.02,0.770,-1,-1,-1
268,69,708.84,277.52,66.04,195.23,0.873,-1,-1,-1
268,76,976.71,293.36,44.41,158.87,0.803,-1,-1,-1
268,79,1707.73,237.87,236.00,765.97,0.892,-1,-1,-1
268,94,1251.51,302.60,37.79,116.71,0.748,-1,-1,-1
268,96,311.22,294.78,48.44,117.01,0.722,-1,-1,-1
268,98,299.61,290.85,27.07,59.09,0.688,-1,-1,-1
268,104,52.60,296.40,73.78,191.71,0.888,-1,-1,-1
268,105,1131.23,294.89,42.24,130.18,0.801,-1,-1,-1
268,109,5.87,281.10,23.77,211.20,0.851,-1,-1,-1
268,110,1043.15,307.20,24.23,123.86,0.687,-1,-1,-1
268,111,597.64,296.70,23.77,83.05,0.737,-1,-1,-1
268,112,544.55,279.70,57.91,156.45,0.663,-1,-1,-1
269,3,1469.76,258.51,225.09,710.51,0.898,-1,-1,-1
269,20,1167.13,308.30,57.26,150.84,0.812,-1,-1,-1
269,53,1008.65,295.33,45.08,142.69,0.784,-1,-1,-1
269,69,707.10,277.03,66.78,196.32,0.881,-1,-1,-1
269,76,977.73,292.25,45.03,159.97,0.801,-1,-1,-1
269,79,1701.29,233.90,236.27,773.48,0.873,-1,-1,-1
269,94,1252.11,302.14,38.06,116.57,0.754,-1,-1,-1
269,96,311.18,293.21,49.05,118.47,0.745,-1,-1,-1
269,98,298.92,288.93,27.65,60.60,0.673,-1,-1,-1
269,104,52.65,295.34,74.18,192.08,0.868,-1,-1,-1
269,105,1132.84,294.16,42.53,130.20,0.776,-1,-1,-1
269,109,6.14,280.25,24.21,210.10,0.833,-1,-1,-1
269,110,1043.27,307.30,24.26,123.35,0.533,-1,-1,-1
269,111,598.60,297.48,23.60,81.93,0.768,-1,-1,-1
269,113,855.64,308.53,21.93,62.21,0.615,-1,-1,-1
270,3,1472.10,254.79,228.11,717.72,0.893,-1,-1,-1
270,20,1168.20,307.89,57.28,150.55,0.785,-1,-1,-1
270,53,1008.90,295.12,44.96,142.39,0.766,-1,-1,-1
270,69,709.23,276.66,66.33,195.76,0.830,-1,-1,-1
270,76,978.18,290.56,45.90,162.20,0.804,-1,-1,-1
270,79,1693.06,234.40,237.38,779.94,0.881,-1,-1,-1
270,94,1254.81,301.74,38.26,117.16,0.693,-1,-1,-1
270,96,311.50,292.35,49.52,119.42,0.747,-1,-1,-1
270,98,299.32,288.44,27.56,60.15,0.530,-1,-1,-1
270,104,52.59,294.80,74.34,192.11,0.851,-1,-1,-1
270,105,1134.91,294.30,42.71,129.67,0.744,-1,-1,-1
270,109,5.97,279.66,24.54,208.80,0.788,-1,-1,-1
270,110,1042.41,307.17,24.61,124.59,-1.000,-1,-1,-1
270,111,600.36,298.25,23.59,81.17,0.778,-1,-1,-1
270,113,856.23,309.61,21.69,61.55,-1.000,-1,-1,-1
271,3,1466.10,253.55,234.07,730.82,0.908,-1,-1,-1
271,20,1168.93,309.31,57.40,150.44,0.800,-1,-1,-1
271,53,1007.02,295.53,45.20,144.56,0.784,-1,-1,-1
271,69,709.10,278.06,66.30,196.56,0.866,-1,-1,-1
271,76,975.75,291.58,45.82,162.54,0.826,-1,-1,-1
271,79,1685.13,236.59,240.12,790.17,0.904,-1,-1,-1
271,94,1254.77,302.21,38.37,117.14,0.629,-1,-1,-1
271,96,309.54,294.04,49.42,118.91,0.732,-1,-1,-1
271,98,296.84,291.33,26.97,58.37,0.750,-1,-1,-1
271,104,48.08,295.88,74.65,193.47,0.847,-1,-1,-1
271,105,1134.76,295.76,43.29,130.04,0.816,-1,-1,-1
271,109,4.97,281.05,25.09,209.32,0.869,-1,-1,-1
271,110,1041.54,307.04,24.96,125.82,0.657,-1,-1,-1
271,111,600.43,300.14,23.87,80.83,0.800,-1,-1,-1
271,113,856.83,310.69,21.45,60.89,0.594,-1,-1,-1
272,3,1463.90,256.57,238.28,739.08,0.902,-1,-1,-1
272,20,1170.13,312.26,57.26,150.18,0.782,-1,-1,-1
272,53,1005.72,298.62,44.66,144.24,0.752,-1,-1,-1
272,69,708.66,279.67,66.45,199.04,0.840,-1,-1,-1
272,76,973.72,293.93,46.17,164.55,0.774,-1,-1,-1
272,79,1684.46,240.09,239.72,791.43,0.914,-1,-1,-1
272,94,1252.99,303.39,38.90,118.40,0.657,-1,-1,-1
272,96,308.58,296.51,48.99,118.30,0.707,-1,-1,-1
272,98,293.22,293.52,27.59,59.17,0.682,-1,-1,-1
272,104,45.29,298.78,75.59,194.63,0.852,-1,-1,-1
272,105,1133.98,298.51,43.64,130.16,0.766,-1,-1,-1
272,109,3.29,284.64,25.27,209.36,0.840,-1,-1,-1
272,110,1041.31,310.70,24.90,124.67,0.668,-1,-1,-1
272,111,598.97,302.18,24.40,81.39,0.743,-1,-1,-1
273,3,1461.93,259.23,241.54,745.13,0.903,-1,-1,-1
273,20,1165.49,313.62,58.06,149.70,0.789,-1,-1,-1
273,53,1002.96,299.38,44.58,145.54,0.771,-1,-1,-1
273,69,705.60,281.24,65.95,198.83,0.834,-1,-1,-1
273,76,969.86,295.37,45.67,162.70,0.793,-1,-1,-1
273,79,1687.68,241.11,237.88,789.71,0.907,-1,-1,-1
273,94,1251.51,304.06,38.82,118.20,0.734,-1,-1,-1
273,96,304.20,297.86,49.22,118.80,0.744,-1,-1,-1
273,98,288.32,295.33,27.18,57.95,0.771,-1,-1,-1
273,104,40.04,300.74,75.60,194.30,0.863,-1,-1,-1
273,105,1131.61,299.37,44.18,130.39,0.825,-1,-1,-1
273,109,3.98,299.90,24.04,195.19,0.768,-1,-1,-1
273,110,1037.82,312.08,25.28,125.23,0.711,-1,-1,-1
273,111,596.20,302.58,25.20,82.65,0.788,-1,-1,-1
274,3,1462.73,262.23,243.70,747.70,0.897,-1,-1,-1
274,20,1164.14,315.04,58.29,149.08,0.766,-1,-1,-1
274,53,1000.79,300.99,43.98,145.40,0.758,-1,-1,-1
274,69,702.76,281.89,65.70,199.90,0.843,-1,-1,-1
274,76,965.63,294.67,46.34,165.21,0.784,-1,-1,-1
274,79,1692.35,243.04,235.63,788.39,0.902,-1,-1,-1
274,94,1251.11,304.52,38.50,117.46,0.544,-1,-1,-1
274,96,302.97,299.26,48.79,118.44,0.654,-1,-1,-1
274,98,284.29,296.67,27.01,57.30,0.687,-1,-1,-1
274,104,37.73,302.84,75.73,193.64,0.818,-1,-1,-1
274,105,1129.55,299.86,44.77,130.86,0.841,-1,-1,-1
274,109,5.71,310.96,23.53,186.07,0.665,-1,-1,-1
274,110,1036.21,312.44,25.36,124.71,0.707,-1,-1,-1
274,111,594.32,303.47,25.62,82.39,0.789,-1,-1,-1
275,3,1462.92,263.67,245.50,749.55,0.884,-1,-1,-1
275,20,1161.24,314.91,59.15,149.44,0.826,-1,-1,-1
275,53,998.92,301.76,43.22,144.63,0.766,-1,-1,-1
275,69,698.92,280.64,65.91,201.90,0.845,-1,-1,-1
275,76,962.84,295.72,46.04,163.85,0.779,-1,-1,-1
275,79,1695.31,242.81,234.57,791.76,0.900,-1,-1,-1
275,94,1248.81,303.71,38.45,118.04,0.646,-1,-1,-1
275,96,298.28,299.89,49.02,118.72,0.739,-1,-1,-1
275,98,279.64,296.76,27.37,57.33,0.760,-1,-1,-1
275,104,34.38,303.54,76.32,193.65,0.864,-1,-1,-1
275,105,1127.46,299.06,45.06,130.79,0.828,-1,-1,-1
275,109,6.66,319.45,23.24,178.35,0.710,-1,-1,-1
275,110,1034.23,310.69,25.80,125.48,0.737,-1,-1,-1
275,111,592.98,303.21,26.33,82.69,0.810,-1,-1,-1
276,3,1464.38,266.83,246.04,748.47,0.873,-1,-1,-1
276,20,1158.21,314.59,59.13,149.06,0.757,-1,-1,-1
276,53,994.50,301.66,42.56,144.26,0.724,-1,-1,-1
276,69,692.24,281.43,65.36,201.71,0.810,-1,-1,-1
276,76,957.72,296.64,46.38,164.64,0.800,-1,-1,-1
276,79,1698.72,242.22,234.91,802.39,0.884,-1,-1,-1
276,94,1244.03,303.27,38.72,119.57,0.693,-1,-1,-1
276,96,291.01,301.23,48.89,118.64,0.747,-1,-1,-1
276,104,27.26,305.09,76.80,194.23,0.752,-1,-1,-1
276,105,1122.37,298.94,45.51,131.41,0.814,-1,-1,-1
276,110,1028.97,309.53,26.46,126.96,0.745,-1,-1,-1
276,111,588.81,303.87,27.13,83.01,0.755,-1,-1,-1
277,3,1464.03,268.75,247.37,748.06,0.867,-1,-1,-1
277,20,1151.37,313.61,59.23,148.43,0.827,-1,-1,-1
277,53,989.08,300.42,41.99,143.92,0.709,-1,-1,-1
277,69,684.39,281.68,64.89,201.22,0.821,-1,-1,-1
277,76,951.76,296.34,46.88,166.22,0.818,-1,-1,-1
277,79,1701.84,241.97,231.61,799.28,0.898,-1,-1,-1
277,94,1239.83,304.48,37.93,117.10,0.581,-1,-1,-1
277,96,282.38,301.72,49.57,119.80,0.663,-1,-1,-1
277,104,18.06,306.04,78.20,196.34,0.869,-1,-1,-1
277,105,1116.86,298.85,45.47,130.43,0.806,-1,-1,-1
277,110,1021.81,307.32,27.27,129.00,0.730,-1,-1,-1
277,111,582.47,304.74,27.72,82.92,0.820,-1,-1,-1
277,114,501.15,287.67,68.34,159.48,0.681,-1,-1,-1
277,115,475.60,304.41,40.08,150.56,0.671,-1,-1,-1
278,3,1460.90,269.24,250.91,752.87,0.856,-1,-1,-1
278,20,1144.02,312.44,59.45,147.76,0.846,-1,-1,-1
278,53,981.44,300.82,41.78,145.30,0.743,-1,-1,-1
278,69,674.75,282.02,64.92,202.62,0.806,-1,-1,-1
278,76,944.99,296.56,47.06,166.20,0.810,-1,-1,-1
278,79,1703.84,240.75,226.96,788.89,0.901,-1,-1,-1
278,94,1232.21,303.37,38.11,117.65,0.692,-1,-1,-1
278,96,271.40,302.31,49.99,120.21,0.700,-1,-1,-1
278,104,7.42,305.80,79.53,199.03,0.879,-1,-1,-1
278,105,1109.48,298.83,45.71,130.39,0.802,-1,-1,-1
278,110,1013.66,307.08,27.57,127.88,0.746,-1,-1,-1
278,111,574.56,304.84,28.42,83.29,0.776,-1,-1,-1
278,114,489.92,286.87,66.38,154.77,0.713,-1,-1,-1
278,115,464.00,305.49,40.46,152.08,0.702,-1,-1,-1
278,116,248.13,298.90,28.38,58.39,0.637,-1,-1,-1
279,3,1456.37,267.79,252.92,752.11,0.833,-1,-1,-1
279,20,1137.51,310.43,59.67,147.59,0.815,-1,-1,-1
279,53,973.12,299.62,41.49,145.78,0.734,-1,-1,-1
279,69,664.18,280.81,65.20,204.48,0.788,-1,-1,-1
279,76,936.77,294.86,47.76,167.73,0.802,-1,-1,-1
279,79,1705.55,237.41,222.39,777.22,0.907,-1,-1,-1
279,96,260.89,302.06,50.19,120.45,0.674,-1,-1,-1
279,104,0.31,304.79,78.96,198.88,0.870,-1,-1,-1
279,105,1101.95,297.81,45.81,130.04,0.704,-1,-1,-1
279,110,1005.18,305.97,28.08,128.54,0.764,-1,-1,-1
279,111,566.24,304.32,29.23,83.29,0.784,-1,-1,-1
279,114,479.05,286.21,62.67,145.75,0.728,-1,-1,-1
279,115,454.18,304.84,40.13,151.07,-1.000,-1,-1,-1
279,116,236.02,297.17,28.62,58.98,0.631,-1,-1,-1
280,3,1440.87,263.64,247.12,734.53,0.865,-1,-1,-1
280,20,1130.53,307.62,60.01,147.96,0.799,-1,-1,-1
280,53,965.94,297.11,41.23,146.16,0.605,-1,-1,-1
280,69,654.11,278.30,65.06,204.76,0.831,-1,-1,-1
280,76,928.32,292.04,48.73,168.78,0.855,-1,-1,-1
280,79,1705.31,231.46,218.53,765.07,0.922,-1,-1,-1
280,96,249.71,301.62,49.94,119.09,0.703,-1,-1,-1
280,104,-5.14,302.83,76.68,196.53,0.908,-1,-1,-1
280,105,1091.81,296.39,45.21,129.23,0.790,-1,-1,-1
280,110,995.97,304.37,28.91,129.40,0.771,-1,-1,-1
280,111,557.13,302.95,29.88,83.20,0.812,-1,-1,-1
280,114,467.90,283.54,62.95,146.40,0.674,-1,-1,-1
280,115,444.36,304.18,39.80,150.06,0.648,-1,-1,-1
280,116,224.45,295.12,28.75,59.29,0.718,-1,-1,-1
281,3,1429.55,254.22,241.92,715.62,0.866,-1,-1,-1
281,20,1120.97,304.98,60.14,148.60,0.826,-1,-1,-1
281,53,967.68,299.41,38.76,136.18,0.793,-1,-1,-1
281,69,637.59,276.26,65.22,205.47,0.853,-1,-1,-1
281,76,916.85,288.39,50.10,170.84,0.836,-1,-1,-1
281,79,1697.91,223.05,220.32,768.12,0.911,-1,-1,-1
281,96,232.83,300.59,50.52,120.00,0.720,-1,-1,-1
281,104,-10.60,306.31,71.07,185.81,0.666,-1,-1,-1
281,105,1079.02,293.71,45.33,130.53,0.757,-1,-1,-1
281,111,544.88,302.06,30.51,83.34,0.781,-1,-1,-1
281,114,445.65,281.24,69.99,163.76,0.782,-1,-1,-1
281,115,426.13,304.09,39.47,149.40,0.645,-1,-1,-1
282,3,1432.15,247.92,243.03,706.72,0.832,-1,-1,-1
282,20,1114.53,303.19,59.87,148.76,0.771,-1,-1,-1
282,53,965.63,299.46,37.74,132.70,0.762,-1,-1,-1
282,69,625.03,274.63,65.63,207.00,0.805,-1,-1,-1
282,76,905.16,287.19,51.12,170.83,0.861,-1,-1,-1
282,79,1691.64,217.24,222.85,772.30,0.908,-1,-1,-1
282,96,217.02,299.55,51.82,121.61,0.754,-1,-1,-1
282,105,1068.26,291.46,44.95,130.82,0.791,-1,-1,-1
282,111,533.71,301.15,31.33,83.44,0.836,-1,-1,-1
282,114,431.16,279.57,72.66,171.14,0.809,-1,-1,-1
282,115,413.97,304.42,38.75,147.28,0.603,-1,-1,-1
282,117,1188.95,296.82,39.18,116.31,0.835,-1,-1,-1
283,3,1428.65,243.37,246.52,708.28,0.829,-1,-1,-1
283,20,1109.74,301.79,59.37,148.66,0.800,-1,-1,-1
283,53,961.54,299.22,37.04,130.46,0.771,-1,-1,-1
283,69,613.04,272.95,66.31,208.39,0.851,-1,-1,-1
283,76,896.86,285.65,52.40,171.79,0.852,-1,-1,-1
283,79,1686.12,213.50,226.08,777.86,0.912,-1,-1,-1
283,96,205.93,298.91,52.31,122.20,0.675,-1,-1,-1
283,105,1061.00,290.24,44.51,130.61,0.746,-1,-1,-1
283,111,525.70,300.56,32.06,83.63,0.778,-1,-1,-1
283,114,418.46,278.54,74.14,176.02,0.774,-1,-1,-1
283,115,402.24,303.72,39.03,148.97,0.603,-1,-1,-1
283,117,1182.57,295.17,39.33,116.76,0.779,-1,-1,-1
283,118,782.70,304.77,21.81,62.27,0.662,-1,-1,-1
283,119,180.49,294.99,32.05,73.58,0.631,-1,-1,-1
283,120,692.19,309.15,18.58,46.60,0.559,-1,-1,-1
284,3,1422.98,238.40,251.35,715.80,0.849,-1,-1,-1
284,20,1104.94,301.63,58.69,147.75,0.791,-1,-1,-1
284,53,956.18,299.06,36.72,129.62,0.782,-1,-1,-1
284,69,604.45,272.38,64.83,201.70,0.850,-1,-1,-1
284,76,888.92,284.81,53.38,172.09,0.858,-1,-1,-1
284,79,1680.51,210.11,229.77,784.43,0.911,-1,-1,-1
284,96,195.28,300.24,52.44,121.63,0.748,-1,-1,-1
284,105,1054.59,288.79,44.55,131.59,0.768,-1,-1,-1
284,111,517.49,300.06,32.79,84.04,0.828,-1,-1,-1
284,114,405.87,278.24,74.24,177.20,0.746,-1,-1,-1
284,115,391.51,303.88,38.48,147.40,0.516,-1,-1,-1
284,117,1176.06,293.66,39.38,116.76,0.828,-1,-1,-1
284,118,776.04,306.54,20.98,59.83,0.576,-1,-1,-1
284,119,169.38,295.71,30.22,69.10,0.586,-1,-1,-1
284,120,685.99,308.56,18.81,47.15,-1.000,-1,-1,-1
284,121,931.46,288.05,32.20,146.64,0.560,-1,-1,-1
285,3,1419.87,236.28,255.05,720.21,0.880,-1,-1,-1
285,20,1101.09,302.06,57.89,146.79,0.816,-1,-1,-1
285,53,949.69,298.92,37.27,130.05,0.795,-1,-1,-1
285,69,597.00,272.27,63.88,195.99,0.794,-1,-1,-1
285,76,882.83,284.92,54.10,171.75,0.847,-1,-1,-1
285,79,1676.26,209.27,232.93,789.00,0.902,-1,-1,-1
285,96,186.18,300.63,52.99,122.87,0.646,-1,-1,-1
285,105,1049.12,287.50,44.37,132.22,0.807,-1,-1,-1
285,111,511.41,299.40,33.76,84.86,0.764,-1,-1,-1
285,114,395.36,278.41,74.54,178.85,0.737,-1,-1,-1
285,117,1171.85,293.07,39.21,116.39,0.786,-1,-1,-1
285,118,769.54,306.59,20.99,59.81,0.681,-1,-1,-1
285,119,158.49,297.41,32.05,73.30,0.591,-1,-1,-1
285,120,679.79,307.97,19.03,47.70,0.526,-1,-1,-1
285,121,925.90,287.76,31.69,144.44,0.597,-1,-1,-1
286,3,1414.81,233.72,257.49,726.51,0.870,-1,-1,-1
286,20,1098.98,301.51,56.27,144.18,0.767,-1,-1,-1
286,53,945.49,298.46,36.81,128.50,0.507,-1,-1,-1
286,69,589.60,271.91,63.09,190.96,0.811,-1,-1,-1
286,76,877.97,284.30,53.55,169.23,0.759,-1,-1,-1
286,79,1674.97,208.86,235.60,793.97,0.895,-1,-1,-1
286,105,1046.95,286.13,44.59,131.45,0.805,-1,-1,-1
286,111,506.20,298.39,34.72,85.36,0.815,-1,-1,-1
286,114,383.24,277.75,76.44,183.67,0.564,-1,-1,-1
286,117,1166.27,290.97,39.32,116.89,0.790,-1,-1,-1
287,3,1413.38,234.98,259.34,732.46,0.890,-1,-1,-1
287,20,1096.12,301.32,56.16,144.70,0.812,-1,-1,-1
287,53,941.74,299.40,33.97,117.68,0.530,-1,-1,-1
287,69,580.75,271.15,66.01,198.01,-1.000,-1,-1,-1
287,76,872.36,286.29,52.39,163.39,0.769,-1,-1,-1
287,79,1672.51,209.51,237.75,795.90,0.900,-1,-1,-1
287,105,1043.40,285.73,45.01,132.28,0.794,-1,-1,-1
287,111,499.45,298.22,35.91,87.26,0.789,-1,-1,-1
287,114,376.38,278.41,76.33,184.16,-1.000,-1,-1,-1
287,117,1161.68,289.75,39.77,118.33,0.735,-1,-1,-1
288,3,1416.63,236.59,257.80,730.79,0.903,-1,-1,-1
288,20,1095.80,298.76,56.11,145.04,0.823,-1,-1,-1
288,53,938.25,296.94,36.23,124.72,0.770,-1,-1,-1
288,69,571.91,270.38,68.93,205.06,0.846,-1,-1,-1
288,76,867.89,284.07,55.08,169.02,0.859,-1,-1,-1
288,79,1671.93,207.89,238.95,795.64,0.901,-1,-1,-1
288,105,1039.85,284.11,44.65,132.12,0.670,-1,-1,-1
288,111,497.36,297.19,36.82,87.96,0.832,-1,-1,-1
288,114,369.51,279.07,76.22,184.64,0.794,-1,-1,-1
288,117,1160.91,287.41,39.32,117.07,0.766,-1,-1,-1
289,3,1421.59,237.69,256.03,730.09,0.879,-1,-1,-1
289,20,1096.02,295.21,56.11,145.74,0.789,-1,-1,-1
289,53,934.03,295.60,37.10,126.50,-1.000,-1,-1,-1
289,76,864.11,287.19,54.26,165.66,0.698,-1,-1,-1
289,79,1674.25,205.11,240.57,800.33,0.906,-1,-1,-1
289,105,1040.36,277.02,46.27,136.87,0.766,-1,-1,-1
289,111,496.58,294.91,37.50,88.92,0.774,-1,-1,-1
289,114,363.65,278.90,77.20,188.39,0.671,-1,-1,-1
289,117,1160.79,288.80,37.99,112.79,0.647,-1,-1,-1
290,3,1424.84,237.35,254.61,731.08,0.901,-1,-1,-1
290,20,1095.76,292.37,56.21,146.45,0.834,-1,-1,-1
290,53,929.82,294.27,37.96,128.28,0.767,-1,-1,-1
290,76,862.60,282.82,56.61,171.16,0.857,-1,-1,-1
290,79,1675.66,201.86,241.94,805.07,0.913,-1,-1,-1
290,105,1037.36,276.42,45.56,135.97,0.789,-1,-1,-1
290,111,496.18,295.00,37.61,87.88,0.826,-1,-1,-1
290,114,359.87,277.52,75.49,186.17,0.770,-1,-1,-1
290,117,1160.64,284.13,38.65,114.92,0.668,-1,-1,-1
291,3,1431.41,234.12,254.03,735.67,0.889,-1,-1,-1
291,20,1096.80,288.42,55.95,146.19,0.820,-1,-1,-1
291,53,931.05,290.73,38.48,128.27,0.791,-1,-1,-1
291,76,861.63,281.46,57.00,170.62,0.828,-1,-1,-1
291,79,1679.84,198.50,241.79,807.59,0.905,-1,-1,-1
291,105,1037.04,274.03,45.00,135.10,0.760,-1,-1,-1
291,111,496.53,293.19,37.62,86.98,0.825,-1,-1,-1
291,114,356.31,274.41,75.03,186.30,0.764,-1,-1,-1
291,117,1160.57,280.12,38.16,113.93,0.597,-1,-1,-1
292,3,1443.75,227.84,251.79,734.22,0.846,-1,-1,-1
292,20,1099.65,282.89,56.30,146.99,0.814,-1,-1,-1
292,53,930.63,284.43,38.71,127.82,0.808,-1,-1,-1
292,76,859.37,273.88,59.14,175.52,0.861,-1,-1,-1
292,79,1692.26,190.32,234.68,790.18,0.875,-1,-1,-1
292,105,1037.40,269.84,44.52,134.79,0.673,-1,-1,-1
292,111,498.20,289.11,37.93,87.01,0.822,-1,-1,-1
292,114,352.85,268.83,74.85,187.53,0.848,-1,-1,-1
292,117,1163.59,274.17,38.64,115.14,0.709,-1,-1,-1
292,122,157.16,289.32,52.94,128.65,0.604,-1,-1,-1
292,123,613.21,286.73,37.88,69.50,0.776,-1,-1,-1
293,3,1452.74,219.81,247.13,726.55,0.883,-1,-1,-1
293,20,1100.51,278.39,56.52,147.23,0.830,-1,-1,-1
293,53,930.41,278.19,39.57,128.24,0.828,-1,-1,-1
293,76,856.58,267.46,61.08,180.14,0.837,-1,-1,-1
293,79,1702.53,180.64,228.02,775.96,0.913,-1,-1,-1
293,105,1038.28,265.38,43.84,134.23,0.759,-1,-1,-1
293,111,498.55,285.58,38.00,86.67,0.811,-1,-1,-1
293,114,349.68,264.30,75.09,190.06,0.836,-1,-1,-1
293,117,1164.76,268.46,39.34,117.27,0.743,-1,-1,-1
293,122,153.28,284.50,53.53,130.09,0.708,-1,-1,-1
293,123,611.33,282.22,38.46,70.33,0.705,-1,-1,-1
293,124,541.04,253.49,62.67,116.52,0.811,-1,-1,-1
294,3,1461.95,212.59,242.70,719.28,0.853,-1,-1,-1
294,20,1101.84,274.13,56.80,147.06,0.841,-1,-1,-1
294,53,931.07,272.93,40.35,129.34,0.819,-1,-1,-1
294,76,854.75,260.81,62.35,182.99,0.874,-1,-1,-1
294,79,1710.65,173.59,223.53,771.29,0.917,-1,-1,-1
294,105,1040.66,260.76,43.64,134.53,0.780,-1,-1,-1
294,111,500.43,280.94,38.03,86.59,0.772,-1,-1,-1
294,114,348.21,259.22,74.85,191.25,0.834,-1,-1,-1
294,117,1167.14,263.62,39.66,118.16,0.713,-1,-1,-1
294,122,155.50,280.38,52.86,128.52,0.640,-1,-1,-1
294,123,611.08,276.86,39.18,71.19,0.789,-1,-1,-1
294,124,539.06,248.80,63.08,116.87,0.794,-1,-1,-1
294,125,121.51,277.52,34.56,87.49,0.697,-1,-1,-1
294,126,663.01,287.08,20.13,47.68,0.610,-1,-1,-1
295,3,1473.45,205.49,238.49,711.84,0.897,-1,-1,-1
295,20,1103.45,271.56,56.91,146.24,0.841,-1,-1,-1
295,53,931.86,269.52,41.00,130.20,0.800,-1,-1,-1
295,76,853.35,254.93,63.57,186.59,0.861,-1,-1,-1
295,79,1715.91,167.99,221.07,774.69,0.914,-1,-1,-1
295,105,1042.68,257.51,43.63,135.30,0.765,-1,-1,-1
295,111,502.09,278.04,37.51,85.46,0.712,-1,-1,-1
295,114,347.28,255.48,74.70,192.64,0.832,-1,-1,-1
295,117,1168.41,260.21,39.52,118.31,0.599,-1,-1,-1
295,122,155.75,277.45,52.63,128.26,0.717,-1,-1,-1
295,123,611.12,273.78,39.72,71.71,0.759,-1,-1,-1
295,124,536.57,246.56,63.15,116.71,0.819,-1,-1,-1
295,125,119.53,274.65,35.19,88.98,0.723,-1,-1,-1
295,126,663.41,284.93,19.92,47.18,-1.000,-1,-1,-1
296,3,1481.80,200.04,237.25,712.39,0.919,-1,-1,-1
296,20,1104.58,270.14,57.29,145.74,0.846,-1,-1,-1
296,53,931.25,267.75,41.46,130.45,0.804,-1,-1,-1
296,76,851.59,251.31,64.55,189.09,0.865,-1,-1,-1
296,79,1713.73,165.84,220.11,778.64,0.912,-1,-1,-1
296,105,1043.53,254.62,43.71,136.42,0.721,-1,-1,-1
296,111,503.04,276.10,37.48,85.98,0.763,-1,-1,-1
296,114,344.89,252.94,75.37,196.21,0.800,-1,-1,-1
296,117,1169.69,258.69,39.26,117.68,0.641,-1,-1,-1
296,122,153.17,275.56,53.02,129.16,0.756,-1,-1,-1
296,123,610.67,272.15,40.03,71.66,0.798,-1,-1,-1
296,124,531.57,245.09,63.15,116.32,0.788,-1,-1,-1
296,125,116.16,273.73,35.23,88.94,0.732,-1,-1,-1
296,126,663.81,282.77,19.70,46.68,0.588,-1,-1,-1
296,127,901.16,257.31,31.07,146.45,0.688,-1,-1,-1
297,3,1490.90,193.78,239.50,722.13,0.896,-1,-1,-1
297,20,1106.86,268.30,57.99,145.41,0.850,-1,-1,-1
297,53,931.21,264.10,42.11,132.84,0.767,-1,-1,-1
297,76,850.71,247.12,65.20,190.77,0.859,-1,-1,-1
297,79,1704.08,162.90,222.89,788.46,0.817,-1,-1,-1
297,105,1046.31,251.79,43.82,137.74,0.773,-1,-1,-1
297,114,343.41,249.49,74.93,196.47,0.805,-1,-1,-1
297,117,1173.51,256.22,39.45,118.29,0.673,-1,-1,-1
297,122,153.01,272.28,53.08,129.29,0.695,-1,-1,-1
297,123,611.53,269.59,40.47,71.84,0.801,-1,-1,-1
297,124,527.69,240.90,63.77,117.20,0.830,-1,-1,-1
297,125,115.75,273.15,34.70,87.25,0.687,-1,-1,-1
297,126,665.53,278.58,20.31,48.18,0.665,-1,-1,-1
297,127,901.58,253.43,31.41,147.79,0.720,-1,-1,-1
298,3,1491.52,189.45,243.55,732.59,0.895,-1,-1,-1
298,20,1107.43,267.22,58.82,145.37,0.854,-1,-1,-1
298,53,931.10,262.40,42.33,133.85,0.790,-1,-1,-1
298,76,849.68,246.39,65.46,191.27,0.845,-1,-1,-1
298,79,1695.02,161.19,226.31,799.13,0.871,-1,-1,-1
298,105,1048.62,250.49,43.69,137.79,0.770,-1,-1,-1
298,114,341.33,247.33,75.34,198.81,0.802,-1,-1,-1
298,117,1174.91,255.13,39.58,118.23,0.656,-1,-1,-1
298,122,152.09,270.70,53.06,129.23,0.669,-1,-1,-1
298,123,611.40,268.39,40.49,71.37,0.754,-1,-1,-1
298,124,523.11,238.68,64.48,118.49,0.782,-1,-1,-1
298,125,112.76,271.84,34.97,87.73,0.729,-1,-1,-1
298,126,666.12,276.77,20.71,49.15,0.559,-1,-1,-1
298,127,900.70,252.12,31.54,147.96,0.729,-1,-1,-1
298,128,790.63,270.27,40.22,112.73,0.703,-1,-1,-1
299,3,1488.69,189.85,247.78,740.84,0.894,-1,-1,-1
299,20,1107.98,267.79,59.44,144.98,0.837,-1,-1,-1
299,53,931.10,263.20,42.44,133.90,0.796,-1,-1,-1
299,76,847.81,246.93,65.38,190.60,0.853,-1,-1,-1
299,79,1692.98,164.11,227.51,803.67,0.901,-1,-1,-1
299,105,1049.92,250.29,43.94,138.72,0.719,-1,-1,-1
299,114,339.91,246.66,75.18,199.14,0.818,-1,-1,-1
299,117,1175.58,256.17,39.55,117.73,0.636,-1,-1,-1
299,122,148.79,270.68,52.82,129.21,0.756,-1,-1,-1
299,123,610.85,269.18,40.30,70.42,0.732,-1,-1,-1
299,124,518.88,239.54,64.52,118.35,0.811,-1,-1,-1
299,125,109.58,271.46,35.25,88.31,0.649,-1,-1,-1
299,127,898.71,253.77,31.79,148.68,0.744,-1,-1,-1
300,3,1486.18,191.36,252.68,748.36,0.895,-1,-1,-1
300,20,1108.54,266.67,59.56,143.67,0.841,-1,-1,-1
300,53,931.58,262.81,42.70,133.80,0.801,-1,-1,-1
300,76,845.94,243.68,66.44,194.06,0.863,-1,-1,-1
300,79,1694.59,166.41,228.42,810.30,0.896,-1,-1,-1
300,105,1050.97,249.85,44.04,138.82,0.737,-1,-1,-1
300,114,335.57,245.60,74.40,198.28,0.801,-1,-1,-1
300,117,1175.90,255.97,39.69,117.61,0.718,-1,-1,-1
300,122,145.93,269.26,53.34,130.44,0.771,-1,-1,-1
300,123,610.40,267.41,41.09,71.07,0.762,-1,-1,-1
300,124,515.64,237.57,64.99,119.40,0.805,-1,-1,-1
300,125,107.26,269.18,35.24,88.29,0.521,-1,-1,-1
300,127,896.91,253.40,31.96,148.83,0.769,-1,-1,-1
301,3,1482.75,195.06,256.51,751.77,0.904,-1,-1,-1
301,20,1109.28,267.17,60.33,144.97,0.835,-1,-1,-1
301,53,930.29,264.87,42.26,132.94,0.705,-1,-1,-1
301,76,843.75,245.65,66.67,194.92,0.862,-1,-1,-1
301,79,1699.85,169.67,226.07,807.26,0.890,-1,-1,-1
301,105,1049.50,251.87,44.10,139.55,0.755,-1,-1,-1
301,114,331.84,245.26,74.96,200.04,0.687,-1,-1,-1
301,117,1175.82,257.68,39.78,117.88,0.764,-1,-1,-1
301,122,144.72,268.45,54.18,132.86,0.744,-1,-1,-1
301,123,608.46,267.86,41.47,70.96,0.732,-1,-1,-1
301,124,511.86,238.16,64.88,119.50,0.815,-1,-1,-1
301,125,101.10,267.33,35.72,89.39,-1.000,-1,-1,-1
301,127,894.61,257.85,32.07,148.61,0.693,-1,-1,-1
302,3,1479.64,200.84,259.96,754.64,0.910,-1,-1,-1
302,20,1109.81,266.93,60.69,146.37,0.837,-1,-1,-1
302,53,929.08,266.03,41.81,132.45,0.771,-1,-1,-1
302,76,839.50,244.78,67.29,196.63,0.861,-1,-1,-1
302,79,1706.02,174.46,224.13,808.59,0.883,-1,-1,-1
302,105,1047.40,252.06,43.85,139.78,0.783,-1,-1,-1
302,114,327.24,244.65,74.69,200.14,0.812,-1,-1,-1
302,117,1174.60,258.08,40.15,118.57,0.733,-1,-1,-1
302,122,139.47,266.58,54.07,133.03,0.758,-1,-1,-1
302,123,605.06,267.78,42.23,71.57,0.793,-1,-1,-1
302,124,500.50,237.39,65.59,119.67,0.845,-1,-1,-1
302,125,94.93,265.49,36.19,90.49,0.600,-1,-1,-1
302,127,891.08,257.55,32.05,147.40,0.729,-1,-1,-1
303,3,1476.86,205.01,260.91,754.10,0.893,-1,-1,-1
303,20,1110.22,267.09,60.60,147.07,0.854,-1,-1,-1
303,53,927.01,267.48,41.27,131.30,0.760,-1,-1,-1
303,76,834.63,245.08,67.78,198.49,0.831,-1,-1,-1
303,79,1709.68,176.86,223.74,816.26,0.858,-1,-1,-1
303,105,1047.43,252.34,44.46,140.03,0.773,-1,-1,-1
303,114,320.40,243.32,74.99,202.15,0.713,-1,-1,-1
303,117,1173.20,258.53,40.21,118.74,0.727,-1,-1,-1
303,122,134.73,264.93,54.29,133.41,0.569,-1,-1,-1
303,123,601.45,267.23,42.68,71.64,0.784,-1,-1,-1
303,124,493.34,236.23,65.95,120.49,0.829,-1,-1,-1
303,125,89.02,263.57,36.29,90.85,-1.000,-1,-1,-1
303,127,888.01,259.20,31.73,144.53,0.727,-1,-1,-1
304,3,1474.72,210.07,261.62,755.80,0.870,-1,-1,-1
304,20,1109.88,268.13,60.25,147.26,0.837,-1,-1,-1
304,53,926.14,268.39,40.94,130.97,0.779,-1,-1,-1
304,76,831.46,246.84,67.10,196.95,0.883,-1,-1,-1
304,79,1720.02,180.12,211.05,776.29,0.893,-1,-1,-1
304,105,1047.52,253.07,45.07,140.14,0.774,-1,-1,-1
304,114,311.82,241.95,76.03,205.00,0.602,-1,-1,-1
304,117,1171.69,259.35,40.24,118.42,0.754,-1,-1,-1
304,122,128.25,263.20,54.79,134.77,0.761,-1,-1,-1
304,123,598.42,266.68,43.68,72.52,0.807,-1,-1,-1
304,124,487.29,236.80,66.15,120.85,0.824,-1,-1,-1
304,125,83.10,261.65,36.39,91.22,0.562,-1,-1,-1
304,127,885.01,258.17,32.47,146.76,0.758,-1,-1,-1
305,3,1470.74,213.01,261.63,757.94,0.880,-1,-1,-1
305,20,1108.81,269.01,59.61,146.83,0.816,-1,-1,-1
305,53,925.76,268.78,40.87,131.25,0.819,-1,-1,-1
305,76,827.93,245.66,67.41,198.61,0.869,-1,-1,-1
305,79,1726.50,183.45,204.55,760.18,0.909,-1,-1,-1
305,105,1043.45,253.82,44.63,140.21,0.742,-1,-1,-1
305,114,308.70,240.78,76.39,206.52,0.826,-1,-1,-1
305,117,1169.46,259.96,40.45,118.83,0.764,-1,-1,-1
305,122,123.03,262.09,54.52,134.18,0.782,-1,-1,-1
305,123,594.87,266.06,44.52,73.27,0.809,-1,-1,-1
305,124,481.08,236.30,66.70,122.13,0.838,-1,-1,-1
305,125,77.29,259.35,36.77,92.50,0.673,-1,-1,-1
305,127,881.90,257.84,32.80,147.02,0.758,-1,-1,-1
305,129,753.47,266.96,47.95,118.03,0.587,-1,-1,-1
306,3,1469.18,215.25,260.05,755.49,0.884,-1,-1,-1
306,20,1106.95,270.25,59.20,146.10,0.817,-1,-1,-1
306,53,923.23,268.75,40.74,131.32,0.835,-1,-1,-1
306,76,822.67,244.15,68.09,201.95,0.879,-1,-1,-1
306,79,1727.74,184.75,206.43,777.85,0.896,-1,-1,-1
306,105,1041.04,253.61,45.09,141.06,0.755,-1,-1,-1
306,114,300.96,238.82,76.78,209.05,0.755,-1,-1,-1
306,117,1166.45,259.93,40.21,118.90,0.704,-1,-1,-1
306,122,117.45,259.90,55.03,135.43,0.775,-1,-1,-1
306,123,590.24,265.15,45.29,74.02,0.830,-1,-1,-1
306,124,474.62,235.22,67.19,123.63,0.838,-1,-1,-1
306,125,70.16,256.65,37.15,93.95,0.732,-1,-1,-1
306,127,877.20,256.90,33.49,148.76,0.782,-1,-1,-1
306,129,742.95,266.66,47.99,118.22,0.560,-1,-1,-1
306,130,257.10,267.01,53.90,178.08,0.686,-1,-1,-1
307,3,1472.40,213.31,253.86,740.93,0.895,-1,-1,-1
307,20,1104.08,270.91,59.13,145.41,0.816,-1,-1,-1
307,53,917.76,266.56,40.59,131.46,0.811,-1,-1,-1
307,76,813.34,244.33,67.78,202.05,0.864,-1,-1,-1
307,79,1730.76,182.87,203.67,778.33,0.920,-1,-1,-1
307,105,1042.67,253.63,44.56,140.61,0.548,-1,-1,-1
307,114,288.19,236.48,77.13,211.65,0.691,-1,-1,-1
307,117,1162.14,258.95,40.59,120.34,0.834,-1,-1,-1
307,122,106.26,257.46,55.04,135.72,0.782,-1,-1,-1
307,123,582.90,263.32,45.73,74.37,0.796,-1,-1,-1
307,124,461.94,231.91,68.66,127.41,0.822,-1,-1,-1
307,125,60.43,254.05,36.70,93.35,0.551,-1,-1,-1
307,127,870.01,255.89,33.72,147.62,0.769,-1,-1,-1
307,129,734.14,267.20,46.78,115.48,0.628,-1,-1,-1
307,130,243.31,265.55,54.51,179.80,0.737,-1,-1,-1
307,131,646.69,274.11,20.20,50.87,0.571,-1,-1,-1
308,3,1473.91,210.67,249.04,730.20,0.907,-1,-1,-1
308,20,1101.82,271.14,59.09,145.02,0.829,-1,-1,-1
308,53,914.33,265.37,40.80,131.79,0.792,-1,-1,-1
308,76,806.34,243.28,68.04,204.01,0.869,-1,-1,-1
308,79,1730.64,181.88,202.65,783.73,0.918,-1,-1,-1
308,105,1044.82,254.14,43.59,139.35,0.512,-1,-1,-1
308,114,275.99,235.99,78.26,214.35,-1.000,-1,-1,-1
308,117,1159.37,258.26,40.72,121.23,0.794,-1,-1,-1
308,122,97.76,256.07,55.47,137.01,0.835,-1,-1,-1
308,123,577.19,262.89,45.95,74.27,0.825,-1,-1,-1
308,124,451.59,229.67,68.62,128.08,0.857,-1,-1,-1
308,125,50.66,251.85,37.27,95.51,0.671,-1,-1,-1
308,127,863.85,256.24,34.14,146.85,0.819,-1,-1,-1
308,129,726.59,266.99,46.23,114.30,0.704,-1,-1,-1
308,130,233.07,264.08,55.42,182.85,0.704,-1,-1,-1
308,131,641.22,274.22,20.15,50.77,0.538,-1,-1,-1
309,3,1476.49,208.42,245.36,722.92,0.916,-1,-1,-1
309,20,1099.85,271.78,59.07,145.00,0.834,-1,-1,-1
309,53,910.25,265.14,41.21,133.20,0.823,-1,-1,-1
309,76,800.46,243.46,68.18,205.73,0.861,-1,-1,-1
309,79,1728.89,181.14,202.64,791.39,0.912,-1,-1,-1
309,105,1045.54,254.86,42.77,139.09,0.632,-1,-1,-1
309,114,263.80,235.51,79.38,217.06,0.506,-1,-1,-1
309,117,1156.30,259.12,40.52,121.07,0.778,-1,-1,-1
309,122,90.62,256.18,55.12,136.52,0.824,-1,-1,-1
309,123,571.94,263.37,46.14,74.32,0.735,-1,-1,-1
309,124,443.28,228.32,69.05,129.70,0.835,-1,-1,-1
309,125,42.96,252.13,37.38,96.14,0.667,-1,-1,-1
309,127,858.17,257.21,34.94,147.21,0.820,-1,-1,-1
309,129,720.49,268.32,46.06,113.92,0.788,-1,-1,-1
309,130,222.15,264.07,55.72,183.87,0.729,-1,-1,-1
309,131,636.54,274.62,20.43,51.56,0.633,-1,-1,-1
309,132,1026.50,254.17,41.87,142.01,0.771,-1,-1,-1
310,3,1476.20,207.04,244.56,725.59,0.908,-1,-1,-1
310,20,1099.33,272.87,59.13,145.61,0.849,-1,-1,-1
310,53,906.90,266.06,41.35,133.70,0.837,-1,-1,-1
310,76,795.30,245.09,68.13,207.22,0.864,-1,-1,-1
310,79,1727.20,183.38,202.63,797.95,0.912,-1,-1,-1
310,105,1046.39,260.44,40.71,134.13,0.504,-1,-1,-1
310,114,247.38,236.70,80.50,219.09,0.699,-1,-1,-1
310,117,1153.86,260.27,40.13,120.43,0.816,-1,-1,-1
310,122,82.88,257.41,55.16,136.99,0.802,-1,-1,-1
310,123,567.10,265.25,46.12,73.99,0.801,-1,-1,-1
310,124,435.87,228.65,68.84,130.41,0.834,-1,-1,-1
310,125,36.62,253.73,37.12,95.82,0.588,-1,-1,-1
310,127,853.32,257.23,36.02,149.52,0.786,-1,-1,-1
310,129,716.54,270.30,45.85,113.41,0.791,-1,-1,-1
310,130,212.20,265.13,55.80,184.23,0.762,-1,-1,-1
310,131,632.43,274.28,21.21,53.65,0.634,-1,-1,-1
310,132,1023.40,255.74,41.85,141.89,0.753,-1,-1,-1
311,3,1476.98,205.89,244.85,732.01,0.913,-1,-1,-1
311,20,1099.75,274.43,58.77,145.16,0.839,-1,-1,-1
311,53,904.25,267.80,41.48,134.05,0.846,-1,-1,-1
311,76,790.41,246.21,68.14,208.98,0.864,-1,-1,-1
311,79,1725.82,184.74,202.70,804.21,0.916,-1,-1,-1
311,114,237.02,238.47,81.42,221.07,0.540,-1,-1,-1
311,117,1152.07,261.65,39.97,120.12,0.775,-1,-1,-1
311,122,76.70,259.78,55.91,138.89,0.814,-1,-1,-1
311,123,563.46,267.54,46.36,74.05,0.818,-1,-1,-1
311,124,429.25,229.80,68.50,130.94,0.839,-1,-1,-1
311,125,30.54,257.22,36.73,95.30,0.611,-1,-1,-1
311,127,849.93,258.21,37.01,151.23,0.811,-1,-1,-1
311,129,712.92,273.40,45.44,111.89,0.813,-1,-1,-1
311,130,204.14,266.10,56.30,186.09,0.774,-1,-1,-1
311,131,629.35,275.60,21.31,53.96,0.539,-1,-1,-1
311,132,1022.25,257.18,42.07,142.40,0.749,-1,-1,-1
312,3,1480.06,208.20,246.11,744.71,0.903,-1,-1,-1
312,20,1100.77,276.53,58.47,145.23,0.828,-1,-1,-1
312,53,902.58,271.02,41.57,134.40,0.833,-1,-1,-1
312,76,785.42,248.26,68.77,212.42,0.866,-1,-1,-1
312,79,1719.87,189.87,204.59,812.79,0.869,-1,-1,-1
312,114,225.56,243.60,80.79,219.18,0.780,-1,-1,-1
312,117,1152.51,265.79,37.27,111.26,0.724,-1,-1,-1
312,122,72.77,265.30,55.67,138.66,0.820,-1,-1,-1
312,123,560.23,271.69,46.93,74.66,0.782,-1,-1,-1
312,124,422.43,234.50,67.81,130.90,0.856,-1,-1,-1
312,125,23.62,264.00,36.24,94.34,0.673,-1,-1,-1
312,127,845.95,263.22,37.45,150.40,0.787,-1,-1,-1
312,129,706.89,278.27,45.59,111.82,0.649,-1,-1,-1
312,130,195.10,269.22,57.45,190.26,0.715,-1,-1,-1
312,132,1020.50,261.26,41.95,142.02,0.765,-1,-1,-1
312,133,490.94,273.38,29.90,84.03,0.761,-1,-1,-1
313,3,1484.47,210.63,245.62,753.26,0.897,-1,-1,-1
313,20,1101.32,278.56,58.24,144.86,0.772,-1,-1,-1
313,53,900.16,275.17,40.92,132.75,0.733,-1,-1,-1
313,76,783.60,252.69,66.05,205.00,0.813,-1,-1,-1
313,79,1719.06,193.91,205.68,820.61,0.859,-1,-1,-1
313,114,219.12,247.41,79.61,217.20,0.690,-1,-1,-1
313,117,1151.62,268.89,36.18,107.76,0.530,-1,-1,-1
313,122,68.54,268.94,55.51,138.66,0.581,-1,-1,-1
313,123,558.35,275.09,47.16,74.94,0.764,-1,-1,-1
313,124,415.47,236.80,67.97,132.24,0.804,-1,-1,-1
313,127,843.28,269.82,36.92,146.34,0.664,-1,-1,-1
313,130,188.32,272.99,57.89,191.35,0.757,-1,-1,-1
313,132,1022.36,263.82,42.53,143.03,0.777,-1,-1,-1
313,133,488.96,276.70,29.12,81.06,0.727,-1,-1,-1
314,3,1489.21,214.92,245.52,762.15,0.896,-1,-1,-1
314,20,1099.15,279.79,58.97,148.28,0.803,-1,-1,-1
314,53,898.33,280.56,40.92,132.04,0.783,-1,-1,-1
314,76,778.63,254.71,66.21,205.18,0.800,-1,-1,-1
314,79,1720.47,197.54,206.14,828.68,0.900,-1,-1,-1
314,114,214.18,251.88,79.74,217.09,-1.000,-1,-1,-1
314,117,1150.27,271.89,37.59,112.30,0.619,-1,-1,-1
314,122,65.61,273.91,55.94,140.05,0.781,-1,-1,-1
314,123,556.13,278.31,47.15,74.59,0.720,-1,-1,-1
314,124,409.13,240.29,68.71,134.77,0.801,-1,-1,-1
314,127,839.01,273.28,37.97,147.76,0.689,-1,-1,-1
314,130,182.72,277.39,58.95,194.48,0.802,-1,-1,-1
314,132,1022.04,266.88,43.26,144.35,0.786,-1,-1,-1
314,133,486.84,279.93,29.83,82.37,0.713,-1,-1,-1
315,3,1496.30,218.77,244.39,767.00,0.887,-1,-1,-1
315,20,1101.14,283.84,58.56,147.06,0.863,-1,-1,-1
315,53,899.27,283.59,41.43,132.27,0.838,-1,-1,-1
315,76,776.08,255.13,68.47,213.43,0.845,-1,-1,-1
315,79,1728.11,203.55,202.55,824.47,0.898,-1,-1,-1
315,114,209.24,256.34,79.86,216.98,0.793,-1,-1,-1
315,117,1152.49,275.81,38.38,115.11,0.738,-1,-1,-1
315,122,65.69,278.27,55.96,140.23,0.778,-1,-1,-1
315,123,556.16,282.56,47.23,74.50,0.756,-1,-1,-1
315,124,406.69,243.40,68.52,135.30,0.806,-1,-1,-1
315,127,838.76,278.13,38.75,146.67,0.805,-1,-1,-1
315,130,176.09,281.70,59.25,195.13,0.696,-1,-1,-1
315,132,1023.20,270.24,43.57,144.49,0.762,-1,-1,-1
315,133,489.53,284.55,29.41,80.13,0.775,-1,-1,-1
316,3,1505.19,222.52,242.23,768.23,0.897,-1,-1,-1
316,20,1103.67,285.05,58.58,146.86,0.827,-1,-1,-1
316,53,901.49,284.26,41.70,132.98,0.834,-1,-1,-1
316,76,775.88,255.57,69.11,216.53,0.877,-1,-1,-1
316,79,1735.21,207.60,199.22,823.03,0.880,-1,-1,-1
316,114,207.47,258.74,80.80,218.25,0.845,-1,-1,-1
316,117,1155.72,277.73,38.68,116.63,0.693,-1,-1,-1
316,122,65.31,281.57,55.67,139.64,0.769,-1,-1,-1
316,123,558.11,284.77,47.36,74.72,0.779,-1,-1,-1
316,124,407.11,246.19,67.91,134.77,0.848,-1,-1,-1
316,127,840.11,278.33,39.41,147.58,0.792,-1,-1,-1
316,130,171.93,285.62,58.25,192.30,0.784,-1,-1,-1
316,132,1025.89,270.99,44.07,145.32,0.754,-1,-1,-1
316,133,493.17,286.47,29.43,79.42,0.743,-1,-1,-1
317,3,1518.61,226.63,240.09,766.76,0.881,-1,-1,-1
317,20,1109.56,286.40,58.57,145.34,0.870,-1,-1,-1
317,53,905.26,285.37,41.37,132.63,0.785,-1,-1,-1
317,76,776.99,256.61,69.27,219.29,0.882,-1,-1,-1
317,79,1754.34,208.82,183.12,771.92,0.902,-1,-1,-1
317,114,207.28,260.99,82.22,220.90,0.849,-1,-1,-1
317,117,1162.21,277.34,39.23,118.94,0.782,-1,-1,-1
317,122,69.30,283.91,55.55,140.13,0.797,-1,-1,-1
317,123,561.76,286.39,47.43,74.85,0.773,-1,-1,-1
317,124,407.85,248.40,67.74,134.88,0.859,-1,-1,-1
317,127,842.29,276.18,40.65,151.13,0.815,-1,-1,-1
317,130,167.74,288.60,58.72,195.08,0.634,-1,-1,-1
317,132,1028.80,271.08,43.93,145.40,0.787,-1,-1,-1
317,133,499.35,288.08,29.74,79.28,0.764,-1,-1,-1
318,3,1531.57,227.68,238.87,770.37,0.885,-1,-1,-1
318,20,1115.37,286.12,58.94,144.85,0.862,-1,-1,-1
318,53,910.47,285.46,41.19,132.36,0.800,-1,-1,-1
318,76,778.63,256.43,68.83,219.31,0.865,-1,-1,-1
318,79,1771.09,220.40,171.46,742.31,0.893,-1,-1,-1
318,114,206.44,261.43,83.87,223.19,0.809,-1,-1,-1
318,117,1168.52,276.49,39.21,119.17,0.748,-1,-1,-1
318,122,72.28,284.77,55.21,139.87,0.745,-1,-1,-1
318,123,566.16,286.53,47.69,75.35,0.756,-1,-1,-1
318,124,408.76,248.80,67.58,135.06,0.858,-1,-1,-1
318,127,844.40,275.32,41.35,151.77,0.817,-1,-1,-1
318,130,163.96,289.73,59.02,197.27,0.573,-1,-1,-1
318,132,1034.10,270.26,43.91,145.20,0.812,-1,-1,-1
318,133,506.17,288.77,29.72,77.95,0.778,-1,-1,-1
318,134,27.81,283.74,30.14,90.92,0.593,-1,-1,-1
319,3,1540.09,226.54,238.41,775.43,0.867,-1,-1,-1
319,20,1119.99,284.82,59.53,145.13,0.858,-1,-1,-1
319,53,914.95,283.99,41.23,132.90,0.806,-1,-1,-1
319,76,779.56,255.52,68.87,219.90,0.880,-1,-1,-1
319,79,1785.74,246.60,160.23,708.19,0.746,-1,-1,-1
319,114,206.30,259.66,86.10,226.62,0.876,-1,-1,-1
319,117,1174.86,274.03,39.33,119.76,0.820,-1,-1,-1
319,122,75.79,284.62,55.09,139.97,0.798,-1,-1,-1
319,123,570.40,286.30,47.49,74.85,0.774,-1,-1,-1
319,124,409.69,248.37,67.76,135.66,0.861,-1,-1,-1
319,127,846.99,273.25,41.54,150.35,0.822,-1,-1,-1
319,130,160.00,289.10,59.61,198.41,0.722,-1,-1,-1
319,132,1038.33,268.31,43.90,145.41,0.741,-1,-1,-1
319,133,511.82,287.99,30.14,77.87,0.769,-1,-1,-1
319,134,30.59,282.71,30.95,93.23,0.670,-1,-1,-1
320,3,1550.84,222.76,236.74,774.57,0.888,-1,-1,-1
320,20,1123.37,283.09,59.71,144.66,0.825,-1,-1,-1
320,53,917.95,283.25,40.64,131.63,0.799,-1,-1,-1
320,76,779.41,254.35,69.14,220.35,0.872,-1,-1,-1
320,79,1804.64,303.92,141.46,637.91,0.706,-1,-1,-1
320,114,204.15,257.44,88.20,229.95,0.857,-1,-1,-1
320,117,1179.70,271.49,39.53,120.54,0.790,-1,-1,-1
320,122,77.99,284.01,54.90,139.88,0.781,-1,-1,-1
320,123,573.68,285.19,47.62,74.78,0.786,-1,-1,-1
320,124,410.08,247.52,67.88,136.26,0.861,-1,-1,-1
320,127,848.37,271.48,41.87,149.37,0.810,-1,-1,-1
320,130,161.20,288.66,59.71,199.56,0.702,-1,-1,-1
320,132,1042.46,266.04,44.11,145.95,0.730,-1,-1,-1
320,133,516.72,286.94,30.12,76.38,0.789,-1,-1,-1
320,134,32.78,281.94,30.89,92.83,0.620,-1,-1,-1
321,3,1559.56,216.56,234.69,770.25,0.889,-1,-1,-1
321,20,1126.84,280.78,60.03,144.49,0.824,-1,-1,-1
321,53,920.52,280.90,40.39,131.06,0.815,-1,-1,-1
321,76,778.82,253.22,69.30,220.36,0.876,-1,-1,-1
321,79,1826.47,336.44,117.52,544.31,0.781,-1,-1,-1
321,114,202.32,256.77,88.74,230.10,0.843,-1,-1,-1
321,117,1183.99,268.37,39.36,120.11,0.822,-1,-1,-1
321,122,79.89,282.81,54.72,139.36,0.831,-1,-1,-1
321,123,574.16,283.32,47.58,75.21,0.705,-1,-1,-1
321,124,409.81,246.43,67.51,135.78,0.873,-1,-1,-1
321,127,848.99,268.12,42.69,150.58,0.811,-1,-1,-1
321,130,159.76,286.11,59.76,200.98,0.745,-1,-1,-1
321,132,1045.32,263.88,44.36,146.94,0.779,-1,-1,-1
321,133,520.06,285.51,30.71,76.60,0.790,-1,-1,-1
321,134,33.57,279.82,31.29,93.67,0.667,-1,-1,-1
321,135,649.98,288.35,19.25,54.43,0.682,-1,-1,-1
322,3,1570.99,207.27,229.94,754.83,0.904,-1,-1,-1
322,20,1132.72,276.41,59.80,143.53,0.775,-1,-1,-1
322,53,924.48,275.83,40.35,130.89,0.783,-1,-1,-1
322,76,781.25,250.82,69.16,220.94,0.873,-1,-1,-1
322,79,1838.24,358.41,116.38,558.19,0.689,-1,-1,-1
322,114,195.98,253.06,90.17,231.77,0.855,-1,-1,-1
322,117,1191.01,264.26,39.63,121.09,0.765,-1,-1,-1
322,122,82.67,280.32,55.12,140.60,0.839,-1,-1,-1
322,123,578.38,280.66,47.96,75.65,0.672,-1,-1,-1
322,124,408.63,243.15,67.95,136.81,0.876,-1,-1,-1
322,127,852.93,264.09,43.43,152.21,0.816,-1,-1,-1
322,130,158.82,277.69,62.13,208.05,0.769,-1,-1,-1
322,132,1050.09,259.89,44.37,147.47,0.754,-1,-1,-1
322,133,526.90,282.10,31.32,77.16,0.771,-1,-1,-1
322,134,35.81,277.80,32.00,95.24,0.741,-1,-1,-1
322,135,654.05,286.47,18.68,52.77,0.652,-1,-1,-1
323,3,1580.36,201.09,228.11,747.65,0.895,-1,-1,-1
323,20,1137.17,272.78,60.14,144.12,0.855,-1,-1,-1
323,53,926.47,273.05,40.16,131.01,0.794,-1,-1,-1
323,76,782.50,249.36,69.29,221.81,0.868,-1,-1,-1
323,79,1839.74,372.16,113.06,555.99,0.668,-1,-1,-1
323,114,191.20,251.57,90.71,232.13,0.844,-1,-1,-1
323,117,1196.03,261.74,39.73,121.73,0.777,-1,-1,-1
323,122,83.85,279.14,55.65,142.28,0.844,-1,-1,-1
323,123,580.45,278.84,48.17,76.27,0.689,-1,-1,-1
323,124,406.93,241.37,68.31,137.55,0.878,-1,-1,-1
323,127,855.31,262.53,43.50,151.07,0.801,-1,-1,-1
323,130,157.71,277.96,63.33,207.68,0.839,-1,-1,-1
323,132,1053.28,257.51,44.45,148.48,0.777,-1,-1,-1
323,133,531.67,279.37,32.09,77.89,0.796,-1,-1,-1
323,134,36.59,277.34,32.50,96.18,0.723,-1,-1,-1
323,135,656.53,285.14,18.67,52.70,0.614,-1,-1,-1
324,3,1588.37,196.56,229.71,751.83,0.907,-1,-1,-1
324,20,1142.59,270.35,60.78,145.47,0.864,-1,-1,-1
324,53,929.46,270.94,40.04,130.83,0.753,-1,-1,-1
324,76,782.67,247.67,70.21,225.45,0.840,-1,-1,-1
324,114,186.17,249.50,91.56,234.08,0.812,-1,-1,-1
324,117,1200.82,259.59,39.94,122.66,0.784,-1,-1,-1
324,122,86.72,278.25,55.41,142.41,0.825,-1,-1,-1
324,123,583.63,277.30,48.17,76.29,0.678,-1,-1,-1
324,124,405.66,239.98,68.40,137.59,0.878,-1,-1,-1
324,127,856.97,260.50,44.23,151.69,0.786,-1,-1,-1
324,130,153.79,278.07,63.62,206.82,0.742,-1,-1,-1
324,132,1057.09,255.49,44.48,148.78,0.781,-1,-1,-1
324,133,535.25,277.71,32.52,77.85,0.787,-1,-1,-1
324,134,36.84,276.97,32.72,96.07,0.705,-1,-1,-1
324,135,659.16,284.56,18.43,51.86,0.583,-1,-1,-1
324,136,1088.26,278.50,24.84,121.44,0.527,-1,-1,-1
325,3,1593.21,192.93,233.49,760.82,0.907,-1,-1,-1
325,20,1147.62,268.56,60.91,146.02,0.851,-1,-1,-1
325,53,932.80,269.59,40.29,131.61,0.749,-1,-1,-1
325,76,784.08,246.48,69.11,221.48,0.816,-1,-1,-1
325,114,182.19,247.44,92.92,236.71,0.819,-1,-1,-1
325,117,1205.42,257.95,40.07,122.82,0.805,-1,-1,-1
325,122,88.86,277.43,55.09,142.43,0.846,-1,-1,-1
325,123,584.67,276.25,47.64,75.92,0.600,-1,-1,-1
325,124,403.90,239.01,68.69,137.71,0.868,-1,-1,-1
325,127,859.78,260.37,44.89,150.78,0.749,-1,-1,-1
325,130,149.09,277.61,63.74,206.60,0.688,-1,-1,-1
325,132,1062.25,254.31,44.96,149.50,0.737,-1,-1,-1
325,133,539.16,276.34,32.75,77.36,0.771,-1,-1,-1
325,134,38.63,276.37,32.85,96.08,0.720,-1,-1,-1
325,135,661.83,282.68,18.86,52.95,0.658,-1,-1,-1
325,137,750.70,278.59,19.80,62.85,0.645,-1,-1,-1
326,3,1596.01,192.18,237.35,766.02,0.907,-1,-1,-1
326,20,1152.40,269.28,60.65,145.91,0.864,-1,-1,-1
326,53,935.10,269.76,40.36,131.48,0.760,-1,-1,-1
326,76,785.20,246.41,67.66,215.60,0.829,-1,-1,-1
326,114,176.80,247.84,94.10,239.45,0.765,-1,-1,-1
326,117,1209.24,258.50,40.01,122.82,0.798,-1,-1,-1
326,122,90.44,278.03,54.92,142.83,0.812,-1,-1,-1
326,123,587.17,276.44,47.80,76.27,0.727,-1,-1,-1
326,124,400.87,240.16,69.50,138.27,0.858,-1,-1,-1
326,127,860.22,260.78,45.72,150.86,0.791,-1,-1,-1
326,130,145.08,278.53,64.58,208.05,0.704,-1,-1,-1
326,132,1064.63,254.57,44.79,149.18,0.769,-1,-1,-1
326,133,542.56,276.58,33.09,77.19,0.756,-1,-1,-1
326,134,38.23,276.65,33.22,96.92,0.676,-1,-1,-1
326,135,664.22,283.02,19.31,54.11,0.537,-1,-1,-1
326,137,753.22,281.40,19.35,61.41,0.631,-1,-1,-1
327,3,1601.38,192.99,245.06,783.08,0.899,-1,-1,-1
327,20,1157.27,271.19,60.08,145.21,0.843,-1,-1,-1
327,53,937.93,271.27,40.62,133.64,0.830,-1,-1,-1
327,76,783.22,245.57,68.12,217.08,0.855,-1,-1,-1
327,114,171.46,249.05,95.43,242.15,0.823,-1,-1,-1
327,117,1216.05,260.59,37.46,113.95,0.688,-1,-1,-1
327,122,91.59,279.33,54.43,142.40,0.735,-1,-1,-1
327,123,590.26,277.59,47.86,76.34,0.610,-1,-1,-1
327,124,397.87,241.45,70.21,138.47,0.872,-1,-1,-1
327,127,863.43,262.83,46.33,151.49,0.798,-1,-1,-1
327,130,140.47,280.83,65.35,207.88,0.747,-1,-1,-1
327,132,1069.25,255.76,45.26,150.31,0.768,-1,-1,-1
327,133,546.78,277.50,33.20,76.74,0.717,-1,-1,-1
327,134,39.13,277.40,33.88,97.96,0.722,-1,-1,-1
328,3,1605.48,197.75,250.85,792.52,0.914,-1,-1,-1
328,20,1161.59,274.68,60.16,145.53,0.860,-1,-1,-1
328,53,941.87,275.23,40.61,133.02,0.777,-1,-1,-1
328,76,783.74,248.07,68.87,217.87,0.830,-1,-1,-1
328,114,170.20,251.07,96.55,243.83,0.841,-1,-1,-1
328,117,1220.73,263.73,36.90,110.80,0.778,-1,-1,-1
328,122,92.86,281.11,53.86,142.25,0.717,-1,-1,-1
328,123,590.87,279.42,47.56,76.34,-1.000,-1,-1,-1
328,124,394.55,243.23,72.21,141.42,0.840,-1,-1,-1
328,127,867.34,267.90,45.87,148.59,0.788,-1,-1,-1
328,130,137.13,284.25,66.34,208.12,0.692,-1,-1,-1
328,132,1071.39,258.48,45.58,151.78,0.711,-1,-1,-1
328,133,551.22,279.10,33.72,76.57,0.694,-1,-1,-1
328,134,39.15,279.69,34.98,100.06,0.706,-1,-1,-1
329,3,1611.54,201.22,255.80,800.67,0.907,-1,-1,-1
329,20,1164.75,277.40,59.81,144.85,0.868,-1,-1,-1
329,53,942.83,277.47,40.42,133.16,0.823,-1,-1,-1
329,76,781.34,248.00,67.72,212.64,0.873,-1,-1,-1
329,114,163.25,252.78,96.23,243.66,0.838,-1,-1,-1
329,117,1222.34,266.90,38.70,115.40,0.795,-1,-1,-1
329,122,92.25,282.46,52.92,140.37,0.743,-1,-1,-1
329,123,591.48,281.25,47.26,76.34,0.726,-1,-1,-1
329,124,392.74,245.88,72.15,139.38,0.879,-1,-1,-1
329,127,868.78,269.33,46.52,149.56,0.804,-1,-1,-1
329,130,132.42,286.44,68.15,208.35,0.812,-1,-1,-1
329,132,1073.49,260.07,45.50,151.31,0.712,-1,-1,-1
329,133,553.46,281.68,34.17,76.32,0.785,-1,-1,-1
329,134,38.36,281.17,34.89,99.51,0.725,-1,-1,-1
330,3,1619.30,204.55,259.33,805.13,0.914,-1,-1,-1
330,20,1168.23,279.16,59.72,144.85,0.854,-1,-1,-1
330,53,945.15,279.72,39.88,131.76,0.817,-1,-1,-1
330,76,780.67,248.64,67.36,209.82,0.868,-1,-1,-1
330,114,160.06,255.14,95.76,242.91,0.789,-1,-1,-1
330,117,1224.29,268.93,39.60,117.67,0.744,-1,-1,-1
330,122,93.60,283.01,52.49,140.44,0.663,-1,-1,-1
330,123,592.84,282.26,47.01,76.27,-1.000,-1,-1,-1
330,124,391.95,247.00,72.75,138.96,0.860,-1,-1,-1
330,127,870.18,270.70,46.64,148.45,0.830,-1,-1,-1
330,130,131.70,287.96,69.49,209.71,0.625,-1,-1,-1
330,132,1075.36,261.59,45.62,152.02,0.742,-1,-1,-1
330,133,555.92,282.59,34.97,76.47,0.805,-1,-1,-1
330,134,37.80,282.37,35.29,100.07,0.756,-1,-1,-1
331,3,1630.76,209.24,260.44,804.97,0.906,-1,-1,-1
331,20,1171.43,279.52,59.30,144.43,0.847,-1,-1,-1
331,53,947.05,280.29,39.82,131.86,0.814,-1,-1,-1
331,76,778.99,247.83,68.00,209.93,0.879,-1,-1,-1
331,114,155.15,255.78,96.58,243.64,0.801,-1,-1,-1
331,117,1227.00,269.64,40.17,119.08,0.791,-1,-1,-1
331,123,594.21,283.28,46.75,76.20,0.615,-1,-1,-1
331,124,390.38,248.12,73.44,138.20,0.869,-1,-1,-1
331,127,870.31,270.57,47.60,148.79,0.818,-1,-1,-1
331,130,123.71,288.63,71.43,213.25,0.659,-1,-1,-1
331,132,1077.57,261.90,45.64,152.86,0.753,-1,-1,-1
331,133,557.40,283.18,35.62,76.40,0.806,-1,-1,-1
331,134,37.03,282.17,35.54,99.87,0.765,-1,-1,-1
331,138,690.40,281.42,29.51,63.05,0.544,-1,-1,-1
332,3,1645.18,214.57,260.54,803.10,0.918,-1,-1,-1
332,20,1175.49,280.11,59.12,144.78,0.820,-1,-1,-1
332,53,950.13,281.83,39.88,131.61,0.796,-1,-1,-1
332,76,775.92,248.47,69.13,210.88,0.891,-1,-1,-1
332,114,147.28,256.89,98.62,246.77,0.865,-1,-1,-1
332,117,1230.72,270.60,40.70,120.30,0.829,-1,-1,-1
332,123,596.84,283.19,47.45,77.23,0.673,-1,-1,-1
332,124,387.92,248.32,74.43,137.95,0.866,-1,-1,-1
332,127,873.88,270.04,47.72,148.79,0.768,-1,-1,-1
332,130,111.26,288.17,72.50,216.29,0.749,-1,-1,-1
332,132,1082.00,262.29,45.97,152.82,0.727,-1,-1,-1
332,133,557.95,282.71,36.66,77.38,0.790,-1,-1,-1
332,134,35.67,280.53,36.14,100.86,0.784,-1,-1,-1
332,138,685.96,279.86,30.41,64.86,0.604,-1,-1,-1
333,3,1654.40,217.45,261.14,804.28,0.925,-1,-1,-1
333,20,1178.10,280.55,58.59,144.35,0.814,-1,-1,-1
333,53,951.62,282.06,40.52,132.71,0.823,-1,-1,-1
333,76,773.32,249.08,69.91,211.32,0.895,-1,-1,-1
333,114,139.17,256.08,101.07,250.71,0.851,-1,-1,-1
333,117,1232.35,271.13,40.96,120.75,0.812,-1,-1,-1
333,123,596.00,283.76,46.90,76.99,0.670,-1,-1,-1
333,124,384.63,248.62,75.79,138.22,0.874,-1,-1,-1
333,127,875.19,269.58,48.22,150.03,0.788,-1,-1,-1
333,130,102.01,287.32,73.25,217.80,0.814,-1,-1,-1
333,132,1084.66,262.74,46.33,152.69,0.745,-1,-1,-1
333,133,558.41,283.98,36.91,76.50,0.796,-1,-1,-1
333,134,33.82,279.92,36.41,100.66,0.729,-1,-1,-1
333,138,682.76,280.10,30.62,65.05,0.597,-1,-1,-1
334,3,1660.95,220.89,260.53,802.68,0.917,-1,-1,-1
334,20,1179.73,280.71,58.33,144.53,0.805,-1,-1,-1
334,53,952.36,282.39,40.85,133.25,0.835,-1,-1,-1
334,76,770.70,249.80,70.68,211.71,0.897,-1,-1,-1
334,114,130.29,254.67,103.49,254.56,0.852,-1,-1,-1
334,117,1233.29,271.70,41.08,120.94,0.801,-1,-1,-1
334,123,594.98,284.26,46.07,76.47,0.712,-1,-1,-1
334,124,381.51,248.61,77.05,138.47,0.862,-1,-1,-1
334,127,875.78,270.47,47.70,147.53,0.792,-1,-1,-1
334,130,94.74,286.17,73.64,218.97,0.791,-1,-1,-1
334,132,1086.15,263.26,46.97,152.93,0.784,-1,-1,-1
334,133,558.46,284.40,37.39,76.15,0.795,-1,-1,-1
334,134,30.74,279.06,36.93,100.62,0.763,-1,-1,-1
334,138,678.41,280.58,30.42,64.26,0.702,-1,-1,-1
335,3,1666.76,219.49,259.14,800.57,0.913,-1,-1,-1
335,20,1180.26,280.28,58.32,145.23,0.807,-1,-1,-1
335,53,951.56,282.19,40.95,133.32,0.815,-1,-1,-1
335,76,767.00,250.38,71.38,211.97,0.889,-1,-1,-1
335,114,122.18,252.37,105.61,257.56,0.869,-1,-1,-1
335,117,1233.52,271.21,41.28,121.48,0.809,-1,-1,-1
335,123,593.36,284.65,45.15,75.86,0.630,-1,-1,-1
335,124,377.55,248.08,78.46,138.94,0.861,-1,-1,-1
335,127,875.32,271.32,47.25,146.14,0.821,-1,-1,-1
335,130,87.39,283.37,73.83,220.94,0.804,-1,-1,-1
335,132,1086.39,263.04,47.80,153.51,0.785,-1,-1,-1
335,133,558.16,283.17,38.60,77.08,0.804,-1,-1,-1
335,134,25.79,277.42,37.49,100.91,0.797,-1,-1,-1
336,3,1673.24,217.69,254.76,789.72,0.913,-1,-1,-1
336,20,1179.55,279.46,58.51,145.97,0.805,-1,-1,-1
336,53,949.81,280.87,41.19,133.68,0.840,-1,-1,-1
336,76,761.95,250.76,72.21,212.16,0.898,-1,-1,-1
336,114,113.24,249.48,107.84,260.23,0.831,-1,-1,-1
336,117,1232.76,270.91,41.11,120.85,0.787,-1,-1,-1
336,123,590.78,281.83,45.67,77.81,0.745,-1,-1,-1
336,124,372.88,246.23,80.00,139.75,0.855,-1,-1,-1
336,127,874.25,269.76,47.74,147.96,0.822,-1,-1,-1
336,130,79.64,280.89,73.73,222.21,0.850,-1,-1,-1
336,132,1083.85,262.82,47.82,153.62,0.676,-1,-1,-1
336,133,556.42,281.87,39.65,78.13,0.817,-1,-1,-1
336,134,20.42,274.91,37.75,101.36,0.776,-1,-1,-1
337,3,1681.75,215.87,248.88,776.31,0.928,-1,-1,-1
337,20,1175.54,281.59,58.69,146.44,0.828,-1,-1,-1
337,53,947.19,280.73,41.68,134.99,0.847,-1,-1,-1
337,76,754.77,252.01,73.50,213.06,0.913,-1,-1,-1
337,114,95.29,247.19,109.63,265.07,0.828,-1,-1,-1
337,117,1231.25,272.62,41.16,121.34,0.760,-1,-1,-1
337,123,587.82,281.76,45.81,78.58,0.646,-1,-1,-1
337,124,366.21,246.81,81.85,141.12,0.867,-1,-1,-1
337,127,871.87,269.63,48.24,150.13,0.805,-1,-1,-1
337,130,66.77,278.66,75.11,227.30,0.772,-1,-1,-1
337,132,1079.73,264.45,47.65,153.14,0.723,-1,-1,-1
337,133,553.28,282.19,40.51,79.27,0.811,-1,-1,-1
337,134,12.06,275.11,37.86,102.03,0.754,-1,-1,-1
338,3,1685.82,214.98,247.03,776.34,0.917,-1,-1,-1
338,20,1172.29,284.09,58.58,145.68,0.853,-1,-1,-1
338,53,944.39,280.85,41.90,135.98,0.848,-1,-1,-1
338,76,748.25,253.10,74.81,213.93,0.896,-1,-1,-1
338,114,79.85,245.72,110.75,268.16,0.870,-1,-1,-1
338,117,1229.71,273.76,41.39,122.62,0.742,-1,-1,-1
338,123,585.58,282.36,46.16,79.18,0.503,-1,-1,-1
338,124,359.38,246.95,83.60,142.33,0.857,-1,-1,-1
338,127,868.67,270.38,48.34,150.81,0.777,-1,-1,-1
338,130,55.34,277.78,75.37,229.46,0.611,-1,-1,-1
338,132,1076.65,265.84,47.80,153.56,0.694,-1,-1,-1
338,133,550.67,282.85,40.99,79.98,0.787,-1,-1,-1
338,134,3.85,274.53,38.12,103.26,0.790,-1,-1,-1
339,3,1688.91,216.52,245.89,779.92,0.917,-1,-1,-1
339,20,1168.79,287.75,58.96,145.52,0.861,-1,-1,-1
339,53,941.61,283.24,42.19,137.12,0.834,-1,-1,-1
339,76,741.50,253.92,77.05,217.72,0.908,-1,-1,-1
339,114,66.51,246.93,111.21,270.35,0.868,-1,-1,-1
339,117,1228.36,277.14,41.09,122.30,0.731,-1,-1,-1
339,123,581.74,285.15,46.49,79.74,0.722,-1,-1,-1
339,124,353.43,249.37,85.08,143.13,0.873,-1,-1,-1
339,127,865.59,272.73,48.69,151.88,0.785,-1,-1,-1
339,130,37.11,280.21,75.49,231.33,0.729,-1,-1,-1
339,132,1072.56,269.21,47.66,153.40,0.793,-1,-1,-1
339,133,546.97,285.03,41.96,81.81,0.783,-1,-1,-1
339,134,-1.59,276.72,37.66,103.65,0.789,-1,-1,-1
340,3,1689.95,218.57,246.16,788.71,0.921,-1,-1,-1
340,20,1165.79,291.36,59.14,144.87,0.863,-1,-1,-1
340,53,938.27,285.76,42.36,137.61,0.836,-1,-1,-1
340,76,735.54,254.64,78.70,219.72,0.903,-1,-1,-1
340,114,55.73,248.86,111.27,271.20,0.835,-1,-1,-1
340,117,1226.87,280.08,40.99,122.72,0.671,-1,-1,-1
340,123,577.79,287.48,46.80,80.29,0.771,-1,-1,-1
340,124,348.24,250.07,86.63,144.26,0.874,-1,-1,-1
340,127,862.92,276.11,48.74,152.21,0.785,-1,-1,-1
340,130,20.76,283.62,75.05,231.64,0.741,-1,-1,-1
340,132,1071.63,272.04,48.26,154.48,0.772,-1,-1,-1
340,133,545.13,286.92,42.09,82.56,0.771,-1,-1,-1
340,134,-5.74,278.34,36.84,104.20,0.792,-1,-1,-1
340,139,639.04,286.89,33.89,64.77,0.594,-1,-1,-1
341,3,1690.66,221.94,246.30,797.96,0.924,-1,-1,-1
341,20,1162.76,295.32,59.23,143.99,0.872,-1,-1,-1
341,53,935.90,289.17,42.37,137.61,0.863,-1,-1,-1
341,76,729.18,256.41,80.51,221.48,0.904,-1,-1,-1
341,114,44.93,251.04,111.50,272.00,0.856,-1,-1,-1
341,117,1226.12,283.55,40.54,122.24,0.655,-1,-1,-1
341,123,574.32,290.17,47.01,80.87,0.661,-1,-1,-1
341,124,344.15,252.02,87.87,145.11,0.888,-1,-1,-1
341,127,860.30,280.81,48.27,151.20,0.810,-1,-1,-1
341,130,7.28,286.38,75.42,234.62,0.715,-1,-1,-1
341,132,1068.53,275.80,48.09,154.70,0.810,-1,-1,-1
341,133,543.21,289.45,42.07,83.04,0.798,-1,-1,-1
341,134,-7.83,281.27,35.56,103.34,0.758,-1,-1,-1
342,3,1693.91,232.45,245.46,806.32,0.919,-1,-1,-1
342,20,1159.33,301.52,59.74,144.53,0.877,-1,-1,-1
342,53,933.02,295.18,42.46,137.03,0.839,-1,-1,-1
342,76,719.35,260.32,83.17,224.74,0.905,-1,-1,-1
342,114,32.21,255.88,112.57,273.96,0.865,-1,-1,-1
342,117,1224.39,289.50,40.45,122.04,0.635,-1,-1,-1
342,123,572.61,294.57,47.24,80.71,0.535,-1,-1,-1
342,124,340.20,257.78,88.79,145.61,0.871,-1,-1,-1
342,127,857.11,286.87,47.98,150.23,0.824,-1,-1,-1
342,130,-5.37,291.33,75.47,238.12,0.698,-1,-1,-1
342,132,1066.54,281.39,47.77,154.47,0.793,-1,-1,-1
342,133,541.18,294.07,42.39,84.33,0.762,-1,-1,-1
343,3,1697.44,241.52,243.52,812.42,0.931,-1,-1,-1
343,20,1156.74,306.72,59.91,144.28,0.858,-1,-1,-1
343,53,930.43,301.40,42.28,135.91,0.834,-1,-1,-1
343,76,711.47,264.41,85.12,226.90,0.886,-1,-1,-1
343,114,17.83,260.13,115.07,276.26,0.849,-1,-1,-1
343,117,1224.54,294.64,40.26,121.69,0.560,-1,-1,-1
343,123,571.22,299.33,48.42,81.96,0.678,-1,-1,-1
343,124,336.98,262.17,89.36,145.81,0.883,-1,-1,-1
343,127,855.18,293.44,47.16,147.40,0.803,-1,-1,-1
343,130,-11.87,295.47,74.41,239.01,-1.000,-1,-1,-1
343,132,1067.30,286.35,48.38,154.90,0.753,-1,-1,-1
343,133,539.89,299.44,41.89,83.33,0.758,-1,-1,-1
344,3,1702.94,248.23,240.41,815.96,0.920,-1,-1,-1
344,20,1157.32,310.31,59.83,143.26,0.864,-1,-1,-1
344,53,930.76,304.93,42.65,135.91,0.858,-1,-1,-1
344,76,703.85,267.14,89.18,233.24,0.909,-1,-1,-1
344,114,13.97,264.86,116.37,278.44,0.859,-1,-1,-1
344,117,1225.57,299.31,40.07,121.33,0.550,-1,-1,-1
344,123,569.72,302.45,49.21,82.93,0.772,-1,-1,-1
344,124,336.60,265.54,90.00,146.04,0.882,-1,-1,-1
344,127,855.05,296.85,47.13,147.37,0.821,-1,-1,-1
344,130,-18.37,299.61,73.35,239.89,0.794,-1,-1,-1
344,132,1067.22,290.27,48.53,155.60,0.794,-1,-1,-1
344,133,541.22,304.23,41.35,82.98,0.773,-1,-1,-1
344,140,653.90,312.20,20.01,57.35,0.512,-1,-1,-1
345,3,1708.37,254.39,236.29,816.29,0.908,-1,-1,-1
345,20,1157.85,312.42,59.92,142.85,0.872,-1,-1,-1
345,53,930.41,307.96,43.22,136.73,0.811,-1,-1,-1
345,76,696.70,268.80,94.17,242.64,0.911,-1,-1,-1
345,114,6.16,268.19,119.21,282.33,0.901,-1,-1,-1
345,117,1226.45,302.72,39.88,121.21,-1.000,-1,-1,-1
345,123,568.74,305.73,49.20,82.96,0.731,-1,-1,-1
345,124,336.79,267.47,91.01,147.55,0.868,-1,-1,-1
345,127,855.90,300.14,46.54,144.79,0.790,-1,-1,-1
345,132,1067.88,293.15,48.34,154.75,0.751,-1,-1,-1
345,133,541.70,307.38,41.15,82.90,0.719,-1,-1,-1
346,3,1713.27,259.08,231.61,815.23,0.920,-1,-1,-1
346,20,1157.47,314.57,60.19,142.96,0.862,-1,-1,-1
346,53,930.30,310.99,43.41,136.67,0.827,-1,-1,-1
346,76,690.31,270.61,97.49,248.54,0.897,-1,-1,-1
346,114,0.44,270.89,121.14,285.72,0.894,-1,-1,-1
346,117,1227.34,306.14,39.70,121.10,0.631,-1,-1,-1
346,123,566.85,307.82,49.63,84.01,0.724,-1,-1,-1
346,124,336.47,270.98,90.92,147.13,0.872,-1,-1,-1
346,127,855.08,301.81,46.88,145.92,0.813,-1,-1,-1
346,132,1067.47,295.82,48.65,155.62,0.720,-1,-1,-1
346,133,542.24,310.79,40.76,82.94,0.744,-1,-1,-1
347,3,1720.55,261.84,226.48,814.56,0.914,-1,-1,-1
347,20,1158.85,315.53,61.04,144.62,0.878,-1,-1,-1
347,53,930.01,314.82,42.64,134.66,0.797,-1,-1,-1
347,76,681.99,273.16,104.57,265.65,0.907,-1,-1,-1
347,114,-5.33,273.19,122.03,289.51,0.908,-1,-1,-1
347,117,1231.66,308.61,39.50,120.99,0.807,-1,-1,-1
347,123,567.28,309.63,50.88,85.29,0.765,-1,-1,-1
347,124,338.30,273.01,91.53,147.91,0.871,-1,-1,-1
347,127,855.24,304.42,46.50,144.62,0.824,-1,-1,-1
347,132,1069.20,297.68,49.16,156.84,0.707,-1,-1,-1
347,133,544.48,313.09,40.05,82.86,0.743,-1,-1,-1
348,3,1723.94,263.52,221.96,813.64,0.910,-1,-1,-1
348,20,1159.13,317.10,61.33,145.42,0.870,-1,-1,-1
348,53,928.60,317.62,42.21,133.99,0.812,-1,-1,-1
348,76,674.52,275.32,108.83,275.78,0.904,-1,-1,-1
348,114,-10.80,273.71,121.39,292.37,0.915,-1,-1,-1
348,117,1232.74,310.61,39.35,121.20,0.821,-1,-1,-1
348,123,564.70,310.94,51.62,86.40,0.790,-1,-1,-1
348,124,338.73,275.54,91.71,148.28,0.868,-1,-1,-1
348,127,853.19,304.67,47.11,145.87,0.773,-1,-1,-1
348,132,1069.87,299.60,49.72,157.71,0.772,-1,-1,-1
348,133,545.35,315.45,39.08,81.69,0.585,-1,-1,-1
348,141,608.62,314.82,32.55,65.80,0.673,-1,-1,-1
349,3,1727.97,262.69,216.30,807.98,0.921,-1,-1,-1
349,20,1159.58,317.81,61.20,145.37,0.855,-1,-1,-1
349,53,927.13,319.41,41.57,132.35,0.813,-1,-1,-1
349,76,668.23,276.19,110.74,280.54,0.880,-1,-1,-1
349,114,-16.80,274.03,108.21,263.89,0.567,-1,-1,-1
349,117,1233.58,311.82,39.14,120.90,0.835,-1,-1,-1
349,123,561.86,312.52,51.20,85.46,0.789,-1,-1,-1
349,124,338.26,276.88,91.82,147.89,0.872,-1,-1,-1
349,127,850.87,304.15,48.02,147.87,0.772,-1,-1,-1
349,132,1069.73,300.57,49.82,157.59,0.763,-1,-1,-1
349,133,545.40,315.60,38.23,81.04,0.690,-1,-1,-1
349,141,605.22,314.75,33.05,67.07,0.631,-1,-1,-1
349,142,652.69,322.31,20.26,57.98,0.683,-1,-1,-1
350,3,1731.38,262.67,211.62,804.62,0.909,-1,-1,-1
350,20,1160.12,318.50,61.01,145.22,0.868,-1,-1,-1
350,53,926.10,319.84,41.16,131.95,0.791,-1,-1,-1
350,76,662.49,274.34,113.05,287.12,0.870,-1,-1,-1
350,114,-21.33,274.79,110.66,274.75,0.702,-1,-1,-1
350,117,1234.53,312.31,39.12,120.96,0.825,-1,-1,-1
350,123,560.28,313.65,50.65,84.12,0.759,-1,-1,-1
350,124,338.64,277.59,92.23,147.41,0.875,-1,-1,-1
350,127,849.90,304.85,48.10,147.48,0.602,-1,-1,-1
350,132,1070.45,300.59,50.38,158.15,0.771,-1,-1,-1
350,133,547.05,312.90,39.10,82.99,0.503,-1,-1,-1
350,141,601.57,313.82,33.39,67.96,0.598,-1,-1,-1
350,142,651.77,322.12,20.33,58.14,0.575,-1,-1,-1
350,143,36.07,305.93,46.93,152.41,0.647,-1,-1,-1
351,3,1735.66,257.55,206.15,798.21,0.920,-1,-1,-1
351,20,1160.04,318.81,60.57,144.31,0.851,-1,-1,-1
351,53,924.77,318.43,40.75,131.32,0.820,-1,-1,-1
351,76,657.50,275.17,113.49,288.33,0.877,-1,-1,-1
351,114,-26.20,276.72,109.14,278.43,0.743,-1,-1,-1
351,117,1235.50,311.64,39.02,120.65,0.852,-1,-1,-1
351,123,558.77,313.59,50.50,83.28,0.762,-1,-1,-1
351,124,338.52,276.54,93.45,148.21,0.883,-1,-1,-1
351,127,848.72,303.76,49.00,149.43,0.827,-1,-1,-1
351,132,1069.99,299.78,50.69,158.47,0.771,-1,-1,-1
351,133,548.71,310.36,37.51,79.70,0.585,-1,-1,-1
351,142,650.77,321.79,20.01,57.21,0.655,-1,-1,-1
351,143,28.66,304.04,46.99,152.48,0.766,-1,-1,-1
352,3,1738.67,253.88,202.10,796.70,0.923,-1,-1,-1
352,20,1159.24,320.85,59.95,143.21,0.843,-1,-1,-1
352,53,922.52,317.20,40.85,132.18,0.813,-1,-1,-1
352,76,648.86,275.47,115.48,294.21,0.902,-1,-1,-1
352,117,1236.22,311.85,39.33,121.05,0.867,-1,-1,-1
352,123,556.70,314.43,50.42,83.10,0.571,-1,-1,-1
352,124,342.05,275.55,94.33,149.77,0.871,-1,-1,-1
352,127,845.74,304.74,49.53,150.12,0.825,-1,-1,-1
352,132,1069.29,300.16,51.21,159.19,0.800,-1,-1,-1
352,142,648.67,322.00,20.13,57.44,0.659,-1,-1,-1
352,143,19.35,304.27,47.41,153.22,0.779,-1,-1,-1
353,3,1741.82,254.07,197.28,790.68,0.922,-1,-1,-1
353,20,1158.39,322.11,59.70,143.16,0.843,-1,-1,-1
353,53,921.10,316.95,41.18,133.55,0.817,-1,-1,-1
353,76,640.32,275.42,118.06,302.45,0.892,-1,-1,-1
353,117,1236.32,312.16,39.70,121.51,0.859,-1,-1,-1
353,123,554.64,313.75,51.83,84.87,0.725,-1,-1,-1
353,124,341.29,275.19,95.99,151.49,0.881,-1,-1,-1
353,127,843.66,304.98,49.94,150.44,0.830,-1,-1,-1
353,132,1067.37,301.54,51.14,158.92,0.792,-1,-1,-1
353,142,646.69,322.53,20.33,57.92,0.635,-1,-1,-1
353,143,13.17,304.36,47.79,153.70,0.779,-1,-1,-1
354,3,1737.16,256.67,197.44,799.09,0.909,-1,-1,-1
354,20,1158.05,324.36,59.25,142.89,0.854,-1,-1,-1
354,53,919.61,317.73,40.93,133.95,0.831,-1,-1,-1
354,76,635.59,276.79,117.44,302.74,0.845,-1,-1,-1
354,117,1236.18,313.58,40.23,122.94,0.803,-1,-1,-1
354,123,552.47,314.00,53.43,86.82,0.789,-1,-1,-1
354,124,343.60,276.27,96.54,152.26,0.873,-1,-1,-1
354,127,843.33,308.17,49.09,146.68,0.781,-1,-1,-1
354,132,1067.49,303.68,51.62,159.06,0.806,-1,-1,-1
354,143,7.14,305.79,48.44,154.48,0.786,-1,-1,-1
355,3,1731.10,260.90,196.18,795.30,0.906,-1,-1,-1
355,20,1158.34,326.83,58.87,142.71,0.870,-1,-1,-1
355,53,918.33,319.68,40.86,134.62,0.837,-1,-1,-1
355,76,629.76,278.17,117.74,304.27,0.883,-1,-1,-1
355,117,1236.84,316.70,40.44,122.53,0.813,-1,-1,-1
355,123,550.31,316.47,53.45,86.51,0.776,-1,-1,-1
355,124,344.10,277.08,97.66,153.55,0.882,-1,-1,-1
355,127,842.41,310.38,50.01,148.81,0.816,-1,-1,-1
355,132,1067.81,305.91,52.08,159.18,0.799,-1,-1,-1
355,143,4.30,306.93,48.77,154.44,0.750,-1,-1,-1
356,3,1722.39,265.89,197.91,799.19,0.904,-1,-1,-1
356,20,1156.47,329.24,57.91,141.76,0.846,-1,-1,-1
356,53,916.19,321.82,40.70,135.58,0.670,-1,-1,-1
356,76,623.79,277.58,118.44,306.72,0.877,-1,-1,-1
356,117,1236.94,319.35,40.41,122.60,0.664,-1,-1,-1
356,123,548.78,318.02,53.08,86.38,0.507,-1,-1,-1
356,124,343.97,278.05,98.00,154.39,0.861,-1,-1,-1
356,127,842.72,314.54,48.62,143.37,0.754,-1,-1,-1
356,132,1066.24,307.74,53.06,160.58,0.800,-1,-1,-1
356,143,-0.20,308.51,48.89,154.78,0.810,-1,-1,-1
357,3,1719.52,278.35,189.95,753.16,0.928,-1,-1,-1
357,20,1154.98,333.06,57.77,141.91,0.834,-1,-1,-1
357,53,913.14,327.37,40.31,135.01,0.812,-1,-1,-1
357,76,615.18,279.19,119.87,311.38,0.889,-1,-1,-1
357,117,1238.22,324.10,40.69,123.20,0.617,-1,-1,-1
357,123,544.96,322.96,52.15,85.12,0.652,-1,-1,-1
357,124,342.68,279.73,99.61,156.00,0.888,-1,-1,-1
357,127,838.84,319.13,49.72,144.92,0.837,-1,-1,-1
357,132,1065.42,312.44,53.48,160.86,0.789,-1,-1,-1
357,143,-2.84,311.17,48.77,154.75,0.789,-1,-1,-1
358,3,1717.70,284.14,189.06,738.98,0.927,-1,-1,-1
358,20,1153.08,335.60,58.13,143.24,0.834,-1,-1,-1
358,53,911.54,330.58,39.88,134.54,0.799,-1,-1,-1
358,76,607.58,280.18,121.11,315.09,0.896,-1,-1,-1
358,117,1237.85,327.28,41.18,123.61,0.618,-1,-1,-1
358,123,543.01,325.30,51.79,85.26,0.795,-1,-1,-1
358,124,340.92,280.35,101.45,157.67,0.897,-1,-1,-1
358,127,836.38,320.85,51.24,148.66,0.814,-1,-1,-1
358,132,1063.84,315.64,53.81,161.95,0.775,-1,-1,-1
358,143,-4.11,313.06,48.42,154.40,0.845,-1,-1,-1
359,3,1718.86,290.61,189.99,736.23,0.926,-1,-1,-1
359,20,1149.63,338.08,58.39,143.90,0.853,-1,-1,-1
359,53,908.90,333.47,39.79,135.64,0.823,-1,-1,-1
359,76,599.97,281.96,122.03,318.14,0.894,-1,-1,-1
359,117,1237.54,330.79,41.01,123.20,0.578,-1,-1,-1
359,123,540.29,326.87,52.19,87.13,0.780,-1,-1,-1
359,124,336.97,281.03,103.89,160.34,0.908,-1,-1,-1
359,127,835.06,322.65,51.69,150.21,0.820,-1,-1,-1
359,132,1062.81,318.68,54.32,162.27,0.794,-1,-1,-1
359,143,-7.07,313.87,48.57,157.29,0.847,-1,-1,-1
360,3,1720.99,297.06,191.10,737.16,0.917,-1,-1,-1
360,20,1147.28,340.09,59.16,145.55,0.880,-1,-1,-1
360,53,907.50,335.90,38.91,133.90,0.793,-1,-1,-1
360,76,592.73,283.29,123.25,322.38,0.887,-1,-1,-1
360,117,1237.95,333.69,41.32,123.98,0.641,-1,-1,-1
360,123,537.97,328.23,51.90,87.54,0.724,-1,-1,-1
360,124,332.80,281.93,105.53,161.47,0.900,-1,-1,-1
360,127,832.90,324.65,51.58,149.39,0.806,-1,-1,-1
360,132,1060.83,320.72,54.73,162.75,0.767,-1,-1,-1
360,143,-9.45,314.70,47.99,158.62,0.830,-1,-1,-1
360,144,499.04,324.64,44.13,89.49,0.556,-1,-1,-1
361,3,1723.41,298.81,193.24,745.80,0.920,-1,-1,-1
361,20,1145.84,342.53,59.12,144.71,0.878,-1,-1,-1
361,53,906.48,337.70,38.46,133.63,0.813,-1,-1,-1
361,76,586.68,284.31,124.11,325.68,0.884,-1,-1,-1
361,117,1238.33,335.31,41.47,124.02,0.704,-1,-1,-1
361,123,535.85,328.55,51.88,88.28,0.705,-1,-1,-1
361,124,329.24,281.82,107.28,162.26,0.908,-1,-1,-1
361,127,832.20,325.20,51.21,148.09,0.800,-1,-1,-1
361,132,1059.77,321.95,55.15,162.78,0.784,-1,-1,-1
361,143,-10.92,314.59,47.09,159.20,0.808,-1,-1,-1
361,144,498.16,323.46,44.93,90.93,0.690,-1,-1,-1
362,3,1727.02,299.84,195.12,757.69,0.924,-1,-1,-1
362,20,1142.95,344.43,58.92,143.53,0.869,-1,-1,-1
362,53,904.32,338.65,38.37,134.39,0.821,-1,-1,-1
362,76,575.97,285.32,125.60,330.34,0.897,-1,-1,-1
362,117,1239.30,336.69,41.26,123.16,0.738,-1,-1,-1
362,123,529.40,328.65,51.68,88.82,0.651,-1,-1,-1
362,124,324.45,281.81,109.82,163.02,0.911,-1,-1,-1
362,127,830.29,323.97,52.15,151.88,0.845,-1,-1,-1
362,132,1058.40,322.33,55.81,163.64,0.778,-1,-1,-1
362,143,-12.60,322.94,44.29,152.58,0.629,-1,-1,-1
362,144,491.84,322.17,44.71,90.43,0.708,-1,-1,-1
363,3,1727.45,296.29,196.42,766.40,0.917,-1,-1,-1
363,20,1141.01,344.17,58.93,142.89,0.864,-1,-1,-1
363,53,903.24,337.67,38.30,135.32,0.806,-1,-1,-1
363,76,567.70,285.45,125.80,331.49,0.906,-1,-1,-1
363,117,1240.23,338.02,40.65,121.09,0.760,-1,-1,-1
363,123,525.07,328.12,51.41,88.96,0.587,-1,-1,-1
363,124,321.14,280.92,112.37,163.58,0.918,-1,-1,-1
363,127,829.30,322.48,52.25,153.29,0.856,-1,-1,-1
363,132,1057.54,321.76,56.42,164.40,0.784,-1,-1,-1
363,143,-13.08,328.77,41.37,146.16,0.697,-1,-1,-1
363,144,487.62,320.64,44.65,90.30,0.716,-1,-1,-1
363,145,986.58,342.10,20.71,59.69,0.586,-1,-1,-1
364,3,1727.15,291.76,196.77,770.54,0.909,-1,-1,-1
364,20,1139.49,344.07,58.80,141.88,0.890,-1,-1,-1
364,53,902.41,336.99,38.03,135.71,0.780,-1,-1,-1
364,76,559.89,286.34,126.82,334.41,0.890,-1,-1,-1
364,117,1240.84,339.84,40.10,118.65,0.768,-1,-1,-1
364,123,522.26,328.99,50.38,87.77,0.548,-1,-1,-1
364,124,317.42,280.95,114.71,163.51,0.910,-1,-1,-1
364,127,827.41,322.31,52.02,153.23,0.834,-1,-1,-1
364,132,1056.68,320.75,56.95,164.61,0.841,-1,-1,-1
364,144,482.86,319.84,45.37,91.66,0.659,-1,-1,-1
364,146,711.83,336.95,23.45,63.63,0.527,-1,-1,-1
365,3,1726.38,287.38,197.85,778.08,0.919,-1,-1,-1
365,20,1136.84,343.25,59.23,142.09,0.884,-1,-1,-1
365,53,900.71,335.26,38.08,137.40,0.822,-1,-1,-1
365,76,551.72,286.25,127.61,337.03,0.897,-1,-1,-1
365,117,1239.29,335.32,41.64,122.76,0.807,-1,-1,-1
365,124,313.49,281.49,117.42,163.10,0.912,-1,-1,-1
365,127,825.37,321.91,51.77,153.19,0.844,-1,-1,-1
365,132,1055.01,320.20,57.14,164.15,0.828,-1,-1,-1
365,144,476.27,319.86,45.87,92.82,0.659,-1,-1,-1
365,146,708.97,337.24,23.34,63.36,0.640,-1,-1,-1
366,3,1727.89,283.50,198.68,787.31,0.917,-1,-1,-1
366,20,1135.16,342.31,59.37,141.87,0.870,-1,-1,-1
366,53,900.01,333.11,38.04,138.47,0.830,-1,-1,-1
366,76,545.04,284.99,128.98,341.27,0.894,-1,-1,-1
366,117,1240.47,337.20,41.07,120.33,0.750,-1,-1,-1
366,124,311.05,281.56,120.44,163.08,0.910,-1,-1,-1
366,127,824.03,320.71,51.90,154.26,0.834,-1,-1,-1
366,132,1054.64,319.26,57.67,164.72,0.831,-1,-1,-1
366,144,468.37,320.86,45.94,92.43,0.704,-1,-1,-1
366,146,707.85,337.57,23.08,62.66,0.595,-1,-1,-1
367,3,1735.76,281.82,196.31,788.84,0.892,-1,-1,-1
367,20,1134.75,340.88,59.40,141.32,0.877,-1,-1,-1
367,53,900.79,331.84,37.79,138.49,0.805,-1,-1,-1
367,76,535.01,281.44,131.65,349.62,0.898,-1,-1,-1
367,117,1247.75,344.00,35.80,104.09,0.524,-1,-1,-1
367,124,309.55,283.23,123.11,162.27,0.899,-1,-1,-1
367,127,823.79,320.77,51.47,153.70,0.833,-1,-1,-1
367,132,1055.17,319.06,57.96,165.19,0.723,-1,-1,-1
367,144,464.42,321.63,45.61,91.62,0.569,-1,-1,-1
367,146,707.39,337.97,23.16,62.96,0.597,-1,-1,-1
368,3,1743.44,282.12,192.40,786.56,0.908,-1,-1,-1
368,20,1134.81,339.36,59.80,141.72,0.886,-1,-1,-1
368,53,901.44,331.01,37.82,139.31,0.813,-1,-1,-1
368,76,527.16,278.72,133.22,355.15,0.903,-1,-1,-1
368,117,1248.86,340.52,38.27,111.38,0.569,-1,-1,-1
368,124,309.96,283.72,126.86,162.73,0.908,-1,-1,-1
368,127,823.59,320.62,51.47,154.06,0.836,-1,-1,-1
368,132,1055.90,318.70,57.98,165.35,0.714,-1,-1,-1
368,144,460.53,322.77,45.22,90.83,0.714,-1,-1,-1
368,146,707.58,338.61,23.05,62.74,0.675,-1,-1,-1
369,3,1750.44,281.53,188.11,779.01,0.768,-1,-1,-1
369,20,1135.01,338.07,60.00,142.49,0.809,-1,-1,-1
369,53,903.00,332.71,37.20,137.25,-1.000,-1,-1,-1
369,76,520.76,276.94,134.16,359.75,0.877,-1,-1,-1
369,117,1252.49,339.37,38.82,113.60,-1.000,-1,-1,-1
369,124,312.34,285.45,125.28,162.05,0.837,-1,-1,-1
369,127,823.62,323.68,50.42,150.90,-1.000,-1,-1,-1
369,132,1056.82,317.58,58.22,166.20,0.782,-1,-1,-1
369,146,707.93,339.23,23.27,63.45,-1.000,-1,-1,-1
370,3,1759.98,283.64,180.46,762.19,0.875,-1,-1,-1
370,20,1136.40,336.35,61.11,145.05,0.876,-1,-1,-1
370,53,904.55,334.41,36.57,135.18,0.789,-1,-1,-1
370,76,514.72,273.63,135.87,365.58,0.886,-1,-1,-1
370,117,1256.11,338.23,39.37,115.82,0.676,-1,-1,-1
370,124,314.47,284.38,130.40,165.01,0.893,-1,-1,-1
370,127,823.64,326.74,49.38,147.74,0.779,-1,-1,-1
370,132,1057.47,316.75,58.65,168.37,0.785,-1,-1,-1
370,146,708.28,339.84,23.49,64.17,0.523,-1,-1,-1
371,3,1766.74,305.27,171.46,730.70,0.705,-1,-1,-1
371,20,1142.15,336.51,61.09,144.91,0.866,-1,-1,-1
371,53,908.88,332.68,37.34,138.02,0.820,-1,-1,-1
371,76,513.59,272.81,135.11,364.54,0.908,-1,-1,-1
371,117,1263.85,336.08,39.62,118.60,0.737,-1,-1,-1
371,124,320.25,285.09,132.67,164.87,0.912,-1,-1,-1
371,127,828.55,328.56,48.92,146.54,0.832,-1,-1,-1
371,132,1063.43,316.78,58.80,168.96,0.780,-1,-1,-1
371,146,713.52,339.63,23.72,65.00,0.671,-1,-1,-1
372,3,1782.64,378.13,151.63,655.00,0.865,-1,-1,-1
372,20,1152.02,335.03,60.56,143.87,0.873,-1,-1,-1
372,53,914.02,329.75,38.23,139.10,0.846,-1,-1,-1
372,76,510.71,269.65,137.32,373.10,0.896,-1,-1,-1
372,117,1274.57,333.44,39.78,120.01,0.650,-1,-1,-1
372,124,330.59,283.02,134.50,166.14,0.897,-1,-1,-1
372,127,833.96,325.41,48.60,145.59,0.743,-1,-1,-1
372,132,1072.99,314.13,59.34,170.29,0.789,-1,-1,-1
372,147,503.72,327.02,31.47,88.47,0.751,-1,-1,-1
373,3,1790.96,411.57,142.24,623.73,0.868,-1,-1,-1
373,20,1158.90,334.17,60.12,143.17,0.853,-1,-1,-1
373,53,917.46,327.67,39.01,139.40,0.829,-1,-1,-1
373,76,508.01,266.50,137.58,376.37,0.891,-1,-1,-1
373,117,1284.68,329.34,40.01,122.38,0.741,-1,-1,-1
373,124,339.82,281.62,135.88,166.95,0.886,-1,-1,-1
373,127,838.00,322.79,48.48,145.17,0.679,-1,-1,-1
373,132,1079.23,312.38,59.73,171.01,0.705,-1,-1,-1
374,3,1796.94,426.36,137.82,614.86,0.838,-1,-1,-1
374,20,1165.15,332.18,59.98,142.97,0.863,-1,-1,-1
374,53,921.48,325.09,39.91,139.99,0.851,-1,-1,-1
374,76,506.73,264.20,137.43,378.47,0.901,-1,-1,-1
374,117,1293.25,324.79,39.45,121.87,0.738,-1,-1,-1
374,124,348.81,279.02,137.42,168.44,0.914,-1,-1,-1
374,127,844.03,317.98,49.10,147.23,0.824,-1,-1,-1
374,132,1086.67,309.19,60.47,172.42,0.791,-1,-1,-1
374,148,2.64,318.63,20.01,160.54,0.738,-1,-1,-1
375,3,1798.27,427.88,136.78,618.45,0.765,-1,-1,-1
375,20,1170.13,330.13,59.70,142.64,0.840,-1,-1,-1
375,53,924.00,323.05,40.74,140.35,0.845,-1,-1,-1
375,76,499.82,262.22,139.20,383.94,0.905,-1,-1,-1
375,117,1300.05,322.49,39.50,122.72,0.715,-1,-1,-1
375,124,355.15,276.49,138.50,169.80,0.897,-1,-1,-1
375,127,846.95,315.58,49.58,148.97,0.666,-1,-1,-1
375,132,1091.94,306.57,60.63,172.55,0.759,-1,-1,-1
375,148,3.63,314.52,20.34,162.10,0.787,-1,-1,-1
376,3,1799.09,431.42,135.50,619.21,0.706,-1,-1,-1
376,20,1173.10,327.72,59.18,142.08,0.830,-1,-1,-1
376,53,926.23,319.52,41.76,141.70,0.836,-1,-1,-1
376,76,491.61,259.47,140.70,386.86,0.893,-1,-1,-1
376,117,1305.86,320.25,39.24,123.09,0.791,-1,-1,-1
376,124,359.34,273.69,139.61,171.69,0.902,-1,-1,-1
376,127,849.69,310.21,50.43,150.59,0.835,-1,-1,-1
376,132,1095.77,304.23,60.73,172.75,0.753,-1,-1,-1
376,148,4.27,310.94,20.77,164.15,0.739,-1,-1,-1
376,149,659.52,329.24,21.26,60.36,0.634,-1,-1,-1
376,150,737.18,324.38,25.93,67.06,0.730,-1,-1,-1
377,3,1781.60,259.74,167.44,789.80,0.839,-1,-1,-1
377,20,1179.72,321.39,59.03,142.19,0.815,-1,-1,-1
377,53,930.89,313.27,42.19,141.82,0.847,-1,-1,-1
377,76,477.84,254.93,144.47,394.35,0.903,-1,-1,-1
377,117,1313.49,314.21,39.27,123.65,0.761,-1,-1,-1
377,124,365.78,267.50,140.13,172.90,0.888,-1,-1,-1
377,127,852.92,303.93,50.96,150.94,0.844,-1,-1,-1
377,132,1102.64,297.93,61.08,173.03,0.802,-1,-1,-1
377,148,5.00,304.78,21.22,165.47,0.783,-1,-1,-1
377,149,664.16,323.68,21.43,60.90,0.670,-1,-1,-1
377,150,740.39,318.48,26.05,67.49,0.680,-1,-1,-1
377,151,690.80,319.33,31.01,66.14,0.602,-1,-1,-1
378,3,1777.70,204.47,173.73,842.51,0.829,-1,-1,-1
378,20,1184.35,316.86,58.54,141.54,0.853,-1,-1,-1
378,53,933.98,309.97,42.47,141.61,0.838,-1,-1,-1
378,76,470.61,252.64,147.95,402.16,0.901,-1,-1,-1
378,117,1319.14,310.05,39.49,124.61,0.804,-1,-1,-1
378,124,369.90,264.60,140.48,173.96,0.875,-1,-1,-1
378,127,856.19,300.46,51.43,151.93,0.833,-1,-1,-1
378,132,1107.15,294.50,61.18,172.76,0.791,-1,-1,-1
378,148,4.90,301.56,21.70,167.33,0.744,-1,-1,-1
378,149,667.36,320.20,21.45,60.96,0.690,-1,-1,-1
378,150,742.70,315.40,26.12,67.65,0.655,-1,-1,-1
378,151,693.55,316.35,30.78,65.75,0.563,-1,-1,-1
379,3,1778.20,184.02,175.80,865.40,0.541,-1,-1,-1
379,20,1187.36,314.68,58.17,141.16,0.849,-1,-1,-1
379,53,936.46,307.78,42.86,142.09,0.816,-1,-1,-1
379,76,467.71,250.98,150.43,408.43,0.894,-1,-1,-1
379,117,1324.01,308.55,39.28,124.61,0.790,-1,-1,-1
379,124,373.19,263.37,140.37,174.42,0.747,-1,-1,-1
379,127,857.18,299.00,51.94,152.50,0.849,-1,-1,-1
379,132,1110.03,292.41,61.30,172.97,0.772,-1,-1,-1
379,148,4.08,299.92,21.88,167.34,0.731,-1,-1,-1
379,149,669.41,318.47,21.59,61.33,0.707,-1,-1,-1
379,150,743.53,313.98,26.27,67.95,0.693,-1,-1,-1
379,151,694.82,315.22,30.51,65.23,0.641,-1,-1,-1
380,3,1789.94,180.15,161.58,809.48,0.630,-1,-1,-1
380,20,1190.00,312.53,58.31,141.67,0.862,-1,-1,-1
380,53,939.31,306.75,43.09,142.11,0.811,-1,-1,-1
380,76,465.69,249.10,152.33,414.67,0.879,-1,-1,-1
380,117,1328.16,306.67,39.42,125.18,0.735,-1,-1,-1
380,124,374.82,262.26,139.93,174.97,0.687,-1,-1,-1
380,127,859.53,297.52,51.45,151.16,0.809,-1,-1,-1
380,132,1111.86,290.14,61.38,174.15,0.800,-1,-1,-1
380,148,3.54,298.94,22.08,167.28,0.755,-1,-1,-1
380,149,671.25,318.12,21.34,60.40,0.720,-1,-1,-1
380,150,743.90,311.51,26.83,69.26,0.631,-1,-1,-1
380,151,696.47,314.08,30.48,65.26,0.671,-1,-1,-1
380,152,595.13,308.06,30.89,74.76,0.777,-1,-1,-1
380,153,646.64,313.54,13.74,35.49,0.627,-1,-1,-1
381,3,1802.61,198.44,148.46,758.72,0.605,-1,-1,-1
381,20,1192.28,311.35,58.58,142.59,0.866,-1,-1,-1
381,53,941.28,307.22,43.18,141.33,0.814,-1,-1,-1
381,76,463.11,247.77,153.69,420.10,0.874,-1,-1,-1
381,117,1332.85,306.62,39.35,124.50,0.813,-1,-1,-1
381,124,373.83,262.64,139.77,176.88,0.814,-1,-1,-1
381,127,861.96,297.32,51.04,150.26,0.817,-1,-1,-1
381,132,1116.65,289.64,61.64,174.45,0.770,-1,-1,-1
381,148,3.34,299.37,22.07,165.58,0.716,-1,-1,-1
381,149,673.10,318.24,21.34,60.15,0.657,-1,-1,-1
381,150,746.12,312.59,26.34,67.89,0.703,-1,-1,-1
381,151,698.85,315.18,29.80,63.87,0.534,-1,-1,-1
381,152,597.93,308.32,31.07,74.89,0.756,-1,-1,-1
381,153,649.53,313.95,13.60,35.15,0.544,-1,-1,-1
382,20,1193.74,311.65,59.11,143.62,0.883,-1,-1,-1
382,53,942.72,308.07,43.07,140.05,0.812,-1,-1,-1
382,76,454.42,244.18,155.32,428.52,0.877,-1,-1,-1
382,117,1338.26,306.73,39.69,125.10,0.703,-1,-1,-1
382,124,375.83,263.47,136.76,176.67,0.859,-1,-1,-1
382,127,864.61,299.30,50.34,147.96,0.824,-1,-1,-1
382,132,1120.73,290.48,62.01,174.59,0.813,-1,-1,-1
382,148,3.56,300.15,22.48,166.51,0.724,-1,-1,-1
382,149,675.24,319.23,21.60,60.68,0.696,-1,-1,-1
382,150,747.91,314.09,26.21,67.36,0.716,-1,-1,-1
382,151,699.69,313.60,30.91,66.50,0.610,-1,-1,-1
382,152,601.32,309.89,31.17,74.84,0.743,-1,-1,-1
382,153,653.47,315.83,13.32,34.39,0.547,-1,-1,-1
382,154,1047.44,319.34,18.19,55.85,0.542,-1,-1,-1
383,20,1194.17,313.50,59.62,144.85,0.872,-1,-1,-1
383,53,944.68,310.68,43.17,138.79,0.805,-1,-1,-1
383,76,443.69,243.95,156.69,435.44,0.873,-1,-1,-1
383,117,1342.44,308.45,39.79,125.21,0.768,-1,-1,-1
383,124,376.18,265.07,133.97,177.41,0.828,-1,-1,-1
383,127,866.08,301.82,50.76,149.16,0.812,-1,-1,-1
383,132,1123.43,291.92,62.69,176.34,0.819,-1,-1,-1
383,148,3.74,302.04,23.06,168.34,0.755,-1,-1,-1
383,149,676.96,320.62,21.93,61.44,0.682,-1,-1,-1
383,150,750.05,316.23,25.72,66.05,0.661,-1,-1,-1
383,152,603.74,311.91,31.00,74.10,0.672,-1,-1,-1
383,153,655.84,317.53,13.86,35.76,0.511,-1,-1,-1
383,155,571.82,309.87,35.17,94.32,0.689,-1,-1,-1
383,156,1831.96,679.03,75.21,375.98,0.509,-1,-1,-1
384,20,1195.70,315.94,59.28,144.15,0.860,-1,-1,-1
384,53,944.20,311.95,43.61,139.28,0.733,-1,-1,-1
384,76,430.73,242.60,157.77,441.73,0.808,-1,-1,-1
384,117,1345.42,310.81,39.88,125.22,0.634,-1,-1,-1
384,124,375.05,265.90,130.36,177.16,0.741,-1,-1,-1
384,127,867.82,304.07,49.72,146.33,0.818,-1,-1,-1
384,132,1125.72,293.54,63.08,176.89,0.804,-1,-1,-1
384,148,3.73,303.40,23.05,167.14,-1.000,-1,-1,-1
384,149,677.60,321.79,22.03,61.31,0.517,-1,-1,-1
384,150,751.88,318.05,25.63,65.64,-1.000,-1,-1,-1
384,152,605.05,315.18,30.39,72.31,0.541,-1,-1,-1
384,155,567.48,312.17,35.32,94.31,0.521,-1,-1,-1
384,156,1830.90,760.54,59.96,294.04,0.703,-1,-1,-1
385,20,1197.01,317.87,59.28,143.86,0.875,-1,-1,-1
385,53,945.83,313.42,43.66,138.52,0.768,-1,-1,-1
385,76,414.45,241.21,158.14,446.30,0.892,-1,-1,-1
385,117,1349.04,311.69,40.08,126.00,-1.000,-1,-1,-1
385,124,376.16,266.73,126.23,176.36,0.730,-1,-1,-1
385,127,869.30,305.15,50.30,147.55,0.827,-1,-1,-1
385,132,1128.77,294.41,63.73,178.62,0.786,-1,-1,-1
385,148,3.72,304.76,23.03,165.94,0.684,-1,-1,-1
385,149,680.54,323.63,21.76,60.06,0.633,-1,-1,-1
385,150,753.70,319.88,25.54,65.23,0.614,-1,-1,-1
385,152,608.24,316.40,30.38,71.97,0.751,-1,-1,-1
385,155,567.51,313.21,35.92,95.10,0.709,-1,-1,-1
385,156,1833.10,819.34,47.80,225.55,0.752,-1,-1,-1
386,20,1196.55,319.24,59.18,143.59,0.873,-1,-1,-1
386,53,946.04,315.39,43.45,137.45,0.763,-1,-1,-1
386,76,401.66,239.28,158.80,452.41,0.877,-1,-1,-1
386,117,1352.65,312.57,40.29,126.78,0.673,-1,-1,-1
386,124,380.53,267.25,110.83,158.32,0.658,-1,-1,-1
386,127,869.70,305.46,50.89,149.54,0.808,-1,-1,-1
386,132,1129.74,294.60,64.15,179.65,0.784,-1,-1,-1
386,148,3.76,306.25,23.47,166.55,0.709,-1,-1,-1
386,149,680.66,322.09,22.63,62.31,0.669,-1,-1,-1
386,150,753.30,319.91,25.64,65.44,0.598,-1,-1,-1
386,152,608.95,317.14,30.04,70.63,0.723,-1,-1,-1
386,155,567.99,313.80,36.48,95.06,0.749,-1,-1,-1
387,20,1196.29,322.78,58.69,142.03,0.864,-1,-1,-1
387,53,945.68,317.44,43.48,136.95,0.757,-1,-1,-1
387,76,376.48,238.97,163.36,464.51,0.911,-1,-1,-1
387,127,869.45,306.77,50.92,149.24,0.805,-1,-1,-1
387,132,1131.13,297.79,64.32,180.45,0.800,-1,-1,-1
387,148,2.03,307.75,23.61,167.64,0.637,-1,-1,-1
387,149,680.78,323.12,22.77,62.42,0.698,-1,-1,-1
387,150,752.53,322.29,25.75,65.60,0.634,-1,-1,-1
387,152,608.91,318.32,30.50,71.07,0.773,-1,-1,-1
387,155,566.68,315.97,36.78,94.72,0.692,-1,-1,-1
388,20,1194.55,324.28,58.46,141.25,0.877,-1,-1,-1
388,53,944.34,317.75,44.02,138.76,0.769,-1,-1,-1
388,76,355.78,238.19,168.72,477.41,0.913,-1,-1,-1
388,127,868.12,305.67,51.63,151.07,0.813,-1,-1,-1
388,132,1129.83,299.20,64.00,180.78,0.795,-1,-1,-1
388,149,680.28,323.17,22.95,62.72,0.706,-1,-1,-1
388,152,608.14,318.27,31.46,72.58,0.770,-1,-1,-1
388,155,565.42,315.08,37.98,96.76,0.608,-1,-1,-1
388,157,1785.68,728.56,162.01,343.78,0.792,-1,-1,-1
389,20,1193.42,324.80,58.02,140.25,0.865,-1,-1,-1
389,53,942.99,318.18,44.37,139.68,0.765,-1,-1,-1
389,76,334.83,238.56,173.48,485.10,0.920,-1,-1,-1
389,127,866.61,305.68,51.86,151.33,0.816,-1,-1,-1
389,132,1130.06,300.28,63.90,180.59,0.742,-1,-1,-1
389,149,679.05,323.96,22.89,62.46,0.711,-1,-1,-1
389,152,606.73,317.85,32.26,73.72,0.778,-1,-1,-1
389,155,566.18,314.61,38.48,97.88,0.662,-1,-1,-1
389,157,1782.01,687.84,180.62,385.79,0.595,-1,-1,-1
390,20,1192.54,323.30,57.77,140.21,0.863,-1,-1,-1
390,53,940.71,316.96,44.38,140.41,0.792,-1,-1,-1
390,76,317.20,237.97,177.80,489.52,0.917,-1,-1,-1
390,127,864.23,304.18,52.24,152.34,0.815,-1,-1,-1
390,132,1129.78,299.63,64.03,180.92,0.814,-1,-1,-1
390,149,677.68,322.28,23.23,63.31,0.730,-1,-1,-1
390,152,605.17,315.73,32.97,74.42,0.817,-1,-1,-1
390,155,565.91,313.11,38.59,98.21,0.706,-1,-1,-1
390,157,1785.05,678.42,184.33,398.30,0.743,-1,-1,-1
390,158,728.88,324.82,18.74,45.57,0.549,-1,-1,-1
391,20,1191.90,321.47,57.82,141.24,0.861,-1,-1,-1
391,53,938.62,315.89,44.19,140.52,0.787,-1,-1,-1
391,76,299.51,235.62,182.29,493.14,0.920,-1,-1,-1
391,127,862.98,302.80,52.28,152.68,0.793,-1,-1,-1
391,132,1129.88,298.32,64.06,180.64,0.815,-1,-1,-1
391,149,676.45,320.96,23.19,63.17,0.725,-1,-1,-1
391,152,603.92,313.42,33.69,75.05,0.829,-1,-1,-1
391,155,565.41,311.61,38.65,98.47,0.718,-1,-1,-1
391,158,727.32,324.27,18.21,44.27,0.578,-1,-1,-1
391,159,1047.32,323.99,30.25,63.93,0.682,-1,-1,-1
392,20,1190.93,318.94,58.14,143.18,0.852,-1,-1,-1
392,53,937.72,314.83,44.06,141.04,0.781,-1,-1,-1
392,76,272.36,234.72,190.66,507.98,0.918,-1,-1,-1
392,127,861.23,302.05,52.27,152.80,0.821,-1,-1,-1
392,132,1129.87,297.66,64.13,180.26,0.822,-1,-1,-1
392,149,674.84,319.48,23.38,63.75,0.690,-1,-1,-1
392,152,602.51,311.18,34.50,76.02,0.812,-1,-1,-1
392,155,564.03,310.46,38.91,99.11,0.555,-1,-1,-1
392,159,1046.25,322.55,30.22,63.91,0.667,-1,-1,-1
392,160,698.49,315.29,23.11,71.14,0.562,-1,-1,-1
393,20,1190.49,317.08,57.95,143.50,0.847,-1,-1,-1
393,53,936.92,313.31,44.11,141.63,0.787,-1,-1,-1
393,76,252.16,231.16,197.65,518.50,0.923,-1,-1,-1
393,127,859.79,300.54,52.65,154.31,0.824,-1,-1,-1
393,132,1129.33,296.70,64.28,180.85,0.800,-1,-1,-1
393,149,674.42,318.96,23.08,62.85,0.704,-1,-1,-1
393,152,601.76,309.56,34.82,75.89,0.813,-1,-1,-1
393,155,562.53,308.51,39.32,99.97,0.589,-1,-1,-1
393,159,1045.38,321.35,29.66,62.86,0.589,-1,-1,-1
393,160,698.09,314.33,22.90,70.43,0.591,-1,-1,-1
394,20,1189.85,316.03,58.01,144.14,0.828,-1,-1,-1
394,53,936.04,312.54,44.04,141.55,0.799,-1,-1,-1
394,76,234.74,227.91,202.82,526.72,0.916,-1,-1,-1
394,127,858.47,300.14,52.55,154.69,0.833,-1,-1,-1
394,132,1129.40,296.24,64.44,181.21,0.794,-1,-1,-1
394,149,674.20,318.79,23.02,62.57,0.696,-1,-1,-1
394,152,601.25,308.80,35.15,75.87,0.824,-1,-1,-1
394,155,560.67,306.72,39.82,100.92,0.618,-1,-1,-1
394,159,1045.37,320.33,29.74,63.22,0.713,-1,-1,-1
394,160,697.75,317.92,21.47,65.89,0.550,-1,-1,-1
394,161,383.39,258.24,94.17,318.36,0.853,-1,-1,-1
395,20,1189.37,316.44,57.76,143.51,0.829,-1,-1,-1
395,53,935.22,312.61,44.04,141.03,0.783,-1,-1,-1
395,76,217.99,224.55,207.19,535.25,0.913,-1,-1,-1
395,127,857.85,301.01,52.03,153.31,0.832,-1,-1,-1
395,132,1130.51,296.91,64.65,180.40,0.829,-1,-1,-1
395,149,674.26,319.94,22.72,61.71,0.667,-1,-1,-1
395,152,601.58,309.40,35.11,75.08,0.808,-1,-1,-1
395,155,560.05,306.49,40.24,101.54,0.723,-1,-1,-1
395,159,1046.21,320.59,29.57,62.97,0.677,-1,-1,-1
395,160,696.98,315.48,22.46,68.76,0.560,-1,-1,-1
395,161,379.82,258.40,95.44,322.19,0.873,-1,-1,-1
395,162,1841.06,542.89,67.59,193.97,0.757,-1,-1,-1
396,20,1189.33,316.70,57.27,142.27,0.838,-1,-1,-1
396,53,935.05,312.20,43.87,140.08,0.761,-1,-1,-1
396,76,203.30,218.17,210.85,544.68,0.907,-1,-1,-1
396,127,857.40,300.76,51.73,152.76,0.814,-1,-1,-1
396,132,1130.51,296.23,64.91,180.43,0.775,-1,-1,-1
396,149,674.88,320.12,22.50,60.80,0.651,-1,-1,-1
396,152,601.90,309.11,35.02,74.04,0.803,-1,-1,-1
396,155,559.40,305.58,40.39,101.41,0.663,-1,-1,-1
396,161,375.59,257.33,95.61,322.09,0.861,-1,-1,-1
396,162,1836.70,528.61,66.46,188.75,0.778,-1,-1,-1
396,163,735.39,315.46,21.00,68.51,0.566,-1,-1,-1
397,20,1190.86,317.70,56.99,141.89,0.838,-1,-1,-1
397,53,935.42,311.07,44.87,140.99,0.682,-1,-1,-1
397,76,175.91,211.64,210.25,556.18,0.888,-1,-1,-1
397,127,856.90,300.98,53.22,156.90,0.788,-1,-1,-1
397,132,1136.31,295.63,63.69,178.16,0.795,-1,-1,-1
397,149,677.30,320.49,22.41,60.66,-1.000,-1,-1,-1
397,152,603.77,309.57,34.82,72.48,0.775,-1,-1,-1
397,155,557.25,307.62,40.80,98.48,0.781,-1,-1,-1
397,161,370.73,256.38,94.75,318.65,0.829,-1,-1,-1
397,162,1839.06,520.85,59.92,168.23,0.587,-1,-1,-1
397,163,736.19,316.22,20.90,67.96,-1.000,-1,-1,-1
398,20,1193.93,318.86,56.87,141.91,0.771,-1,-1,-1
398,53,938.31,310.51,45.78,142.02,0.758,-1,-1,-1
398,76,160.47,207.17,208.59,565.21,0.899,-1,-1,-1
398,127,858.16,301.47,52.73,155.95,0.824,-1,-1,-1
398,132,1139.02,296.13,63.97,179.63,0.806,-1,-1,-1
398,149,679.72,320.85,22.32,60.52,0.709,-1,-1,-1
398,152,607.22,310.82,35.05,72.26,0.826,-1,-1,-1
398,155,559.82,307.19,41.59,99.58,0.677,-1,-1,-1
398,161,369.14,254.19,96.93,324.94,0.860,-1,-1,-1
398,162,1845.57,525.68,50.93,139.48,0.749,-1,-1,-1
398,163,737.00,316.99,20.79,67.40,0.601,-1,-1,-1
399,20,1198.94,318.85,56.64,141.86,0.844,-1,-1,-1
399,53,942.41,309.23,47.01,143.07,0.800,-1,-1,-1
399,76,147.55,202.54,206.93,574.35,0.894,-1,-1,-1
399,127,860.16,300.57,52.85,156.76,0.771,-1,-1,-1
399,132,1142.10,294.77,64.01,181.57,0.826,-1,-1,-1
399,152,610.29,310.74,35.32,71.46,0.786,-1,-1,-1
399,155,556.90,306.20,42.39,100.03,0.753,-1,-1,-1
399,161,366.80,253.62,97.69,327.39,0.862,-1,-1,-1
399,162,1850.60,531.57,45.26,121.73,-1.000,-1,-1,-1
399,163,738.17,315.95,21.09,67.96,-1.000,-1,-1,-1
400,20,1201.06,317.50,56.47,142.20,0.831,-1,-1,-1
400,53,945.17,308.84,47.58,142.83,0.791,-1,-1,-1
400,76,133.77,199.31,204.97,580.64,0.886,-1,-1,-1
400,127,860.16,299.00,53.12,158.17,0.803,-1,-1,-1
400,132,1146.27,294.60,64.29,183.33,0.822,-1,-1,-1
400,152,613.22,310.76,35.16,70.36,0.815,-1,-1,-1
400,155,560.50,305.25,42.93,100.89,0.629,-1,-1,-1
400,161,365.85,252.60,98.84,329.88,0.873,-1,-1,-1
400,162,1855.64,537.45,39.59,103.98,0.731,-1,-1,-1
400,163,739.33,314.91,21.39,68.51,0.664,-1,-1,-1
401,20,1204.58,315.90,55.61,140.91,0.837,-1,-1,-1
401,53,946.37,307.38,48.27,143.16,0.718,-1,-1,-1
401,76,119.93,196.47,204.05,586.74,0.893,-1,-1,-1
401,127,861.53,297.73,52.42,156.19,0.786,-1,-1,-1
401,132,1149.79,292.90,64.62,185.49,0.809,-1,-1,-1
401,152,616.18,309.49,35.42,70.33,0.769,-1,-1,-1
401,155,558.40,303.10,44.37,101.89,0.732,-1,-1,-1
401,161,364.26,251.51,99.49,330.82,0.857,-1,-1,-1
401,163,741.07,311.23,21.71,69.23,-1.000,-1,-1,-1
402,20,1208.63,311.50,55.28,141.39,0.843,-1,-1,-1
402,53,948.67,304.79,48.50,143.00,0.838,-1,-1,-1
402,76,76.83,192.57,211.04,597.57,0.895,-1,-1,-1
402,127,862.36,292.56,52.97,157.65,0.838,-1,-1,-1
402,132,1155.38,289.56,64.49,186.34,0.810,-1,-1,-1
402,152,619.56,304.85,36.46,72.26,0.811,-1,-1,-1
402,155,562.09,298.98,45.19,103.57,0.702,-1,-1,-1
402,161,361.74,248.01,101.36,334.31,0.892,-1,-1,-1
402,163,742.80,307.55,22.02,69.95,0.700,-1,-1,-1
402,164,906.48,323.47,31.50,73.85,0.619,-1,-1,-1
403,20,1210.98,307.90,55.00,141.97,0.834,-1,-1,-1
403,53,949.47,303.02,48.65,141.80,0.827,-1,-1,-1
403,76,47.07,190.81,217.35,602.79,0.892,-1,-1,-1
403,127,862.60,289.03,52.91,157.19,0.834,-1,-1,-1
403,132,1158.70,286.73,63.58,184.94,0.823,-1,-1,-1
403,152,621.64,301.25,37.03,72.98,0.809,-1,-1,-1
403,155,563.56,295.96,45.61,104.30,0.595,-1,-1,-1
403,161,358.75,244.51,103.04,336.40,0.873,-1,-1,-1
403,163,743.68,304.99,21.92,69.05,0.671,-1,-1,-1
403,164,907.77,318.22,32.29,75.68,0.532,-1,-1,-1
404,20,1212.03,304.39,54.99,143.19,0.827,-1,-1,-1
404,53,949.57,299.32,49.22,142.73,0.813,-1,-1,-1
404,76,25.26,186.52,226.45,615.10,0.928,-1,-1,-1
404,127,863.19,285.28,53.10,157.08,0.847,-1,-1,-1
404,132,1161.44,283.53,63.09,184.91,0.850,-1,-1,-1
404,152,623.12,296.68,37.52,73.52,0.827,-1,-1,-1
404,161,355.50,240.95,104.10,336.86,0.864,-1,-1,-1
404,163,744.15,301.88,21.77,68.33,0.636,-1,-1,-1
404,164,908.99,314.24,32.49,76.10,0.575,-1,-1,-1
404,165,984.66,297.47,24.53,70.11,0.623,-1,-1,-1
405,20,1212.74,302.09,54.51,142.90,0.842,-1,-1,-1
405,53,948.62,296.51,49.51,143.40,0.798,-1,-1,-1
405,76,12.84,183.34,234.69,627.99,0.931,-1,-1,-1
405,127,862.97,282.64,53.47,157.52,0.840,-1,-1,-1
405,132,1162.76,280.70,62.49,184.33,0.845,-1,-1,-1
405,152,623.24,293.03,38.26,74.65,0.830,-1,-1,-1
405,161,351.14,238.28,106.06,339.92,0.871,-1,-1,-1
405,163,744.35,299.79,21.59,67.45,0.568,-1,-1,-1
405,164,909.20,310.00,33.45,78.30,0.645,-1,-1,-1
405,165,985.53,294.94,24.52,69.99,0.699,-1,-1,-1
406,20,1212.47,300.08,54.22,142.96,0.850,-1,-1,-1
406,53,947.36,294.25,49.83,144.35,0.795,-1,-1,-1
406,76,4.68,182.42,240.65,637.64,0.937,-1,-1,-1
406,127,862.25,280.92,53.63,157.42,0.839,-1,-1,-1
406,132,1163.18,279.27,62.30,185.22,0.831,-1,-1,-1
406,152,622.91,290.52,39.10,75.97,0.826,-1,-1,-1
406,161,345.90,237.09,107.63,340.82,0.863,-1,-1,-1
406,163,743.06,297.83,21.54,67.25,0.526,-1,-1,-1
406,164,909.50,309.01,33.09,77.29,0.644,-1,-1,-1
406,165,985.39,293.78,24.55,69.96,0.690,-1,-1,-1
406,166,699.96,297.00,22.80,69.18,0.605,-1,-1,-1
407,20,1212.78,299.77,53.96,142.37,0.827,-1,-1,-1
407,53,946.99,291.72,50.16,145.34,0.753,-1,-1,-1
407,76,-4.72,177.93,241.44,639.68,0.942,-1,-1,-1
407,127,863.22,279.95,53.27,155.87,0.842,-1,-1,-1
407,132,1166.50,276.94,61.20,182.69,0.825,-1,-1,-1
407,152,624.57,288.41,39.10,75.36,0.836,-1,-1,-1
407,161,341.66,234.29,109.72,342.13,0.894,-1,-1,-1
407,163,743.27,296.80,21.33,66.42,0.537,-1,-1,-1
407,164,911.00,308.57,32.69,76.20,0.565,-1,-1,-1
407,165,987.18,291.14,25.29,72.21,0.667,-1,-1,-1
407,166,699.89,295.64,22.96,69.56,0.542,-1,-1,-1
408,20,1213.55,300.23,53.68,141.72,0.829,-1,-1,-1
408,53,946.31,290.88,50.42,146.20,0.798,-1,-1,-1
408,76,-13.31,174.50,240.23,640.96,0.933,-1,-1,-1
408,127,863.39,280.04,53.38,155.74,0.855,-1,-1,-1
408,132,1168.69,276.31,60.88,182.46,0.813,-1,-1,-1
408,152,624.98,288.39,39.85,76.48,0.842,-1,-1,-1
408,161,337.51,233.72,112.30,344.26,0.892,-1,-1,-1
408,163,742.45,296.63,21.84,67.69,0.678,-1,-1,-1
408,164,911.77,308.50,32.56,75.72,0.568,-1,-1,-1
408,165,989.08,292.89,24.74,70.67,0.616,-1,-1,-1
408,166,700.06,295.55,23.30,70.35,0.701,-1,-1,-1
408,167,722.15,305.49,20.47,58.01,0.571,-1,-1,-1
409,20,1214.00,301.11,53.52,141.80,0.812,-1,-1,-1
409,53,945.97,291.60,50.21,145.72,0.799,-1,-1,-1
409,76,-23.63,179.69,230.55,622.77,0.834,-1,-1,-1
409,127,863.66,281.10,53.58,156.15,0.851,-1,-1,-1
409,132,1169.05,276.92,61.39,185.58,0.814,-1,-1,-1
409,152,625.91,289.17,40.16,76.60,0.827,-1,-1,-1
409,161,333.45,234.19,115.17,345.63,0.882,-1,-1,-1
409,163,741.15,296.74,22.36,69.09,0.716,-1,-1,-1
409,164,912.39,309.24,32.87,76.32,0.610,-1,-1,-1
409,165,989.34,293.77,24.89,71.16,0.643,-1,-1,-1
409,166,699.57,295.70,23.59,71.12,0.715,-1,-1,-1
409,167,722.17,308.87,19.91,56.35,0.638,-1,-1,-1
409,168,548.30,287.13,56.36,108.32,0.567,-1,-1,-1
410,20,1214.94,302.25,53.11,141.79,0.808,-1,-1,-1
410,53,946.51,292.80,49.71,144.27,0.809,-1,-1,-1
410,127,864.64,282.43,53.57,156.22,0.842,-1,-1,-1
410,132,1171.15,277.81,60.62,184.97,0.783,-1,-1,-1
410,152,626.85,290.61,40.08,76.08,0.822,-1,-1,-1
410,161,330.67,232.79,118.47,347.12,0.889,-1,-1,-1
410,163,740.52,297.23,22.85,69.56,0.669,-1,-1,-1
410,164,913.24,310.66,32.80,75.85,0.647,-1,-1,-1
410,165,989.99,294.63,25.06,71.70,0.641,-1,-1,-1
410,166,700.87,296.13,23.66,70.95,0.717,-1,-1,-1
410,168,546.52,287.52,56.80,109.20,0.604,-1,-1,-1
410,169,1081.34,304.50,24.37,63.01,0.573,-1,-1,-1
410,170,451.22,289.43,18.94,58.67,0.543,-1,-1,-1
410,171,1023.25,311.44,18.27,40.90,0.536,-1,-1,-1
411,20,1215.28,304.57,52.53,141.48,0.769,-1,-1,-1
411,53,946.55,293.97,49.48,143.87,0.770,-1,-1,-1
411,127,866.28,284.52,53.83,156.97,0.814,-1,-1,-1
411,132,1173.48,279.09,60.66,186.33,0.779,-1,-1,-1
411,152,627.37,292.66,40.31,76.08,0.791,-1,-1,-1
411,161,327.72,231.63,122.98,353.00,0.890,-1,-1,-1
411,165,990.34,296.13,24.83,71.01,0.555,-1,-1,-1
411,166,701.34,297.65,23.70,70.46,0.588,-1,-1,-1
411,168,548.24,288.97,56.92,109.55,0.543,-1,-1,-1
411,169,1082.80,309.03,24.52,63.45,-1.000,-1,-1,-1
411,171,1024.89,314.88,18.24,40.82,-1.000,-1,-1,-1
412,20,1215.22,307.95,51.94,140.88,0.797,-1,-1,-1
412,53,947.10,297.96,49.20,143.48,0.804,-1,-1,-1
412,127,867.63,289.77,53.36,155.11,0.831,-1,-1,-1
412,132,1175.48,283.62,59.20,183.98,0.793,-1,-1,-1
412,152,629.31,298.41,39.71,74.81,0.814,-1,-1,-1
412,161,325.63,238.10,126.10,352.43,0.906,-1,-1,-1
412,165,992.51,304.20,24.13,68.65,0.709,-1,-1,-1
412,166,701.43,301.79,23.90,70.95,0.636,-1,-1,-1
412,168,548.18,291.87,57.15,110.33,-1.000,-1,-1,-1
412,169,1084.26,313.55,24.67,63.90,0.537,-1,-1,-1
412,171,1026.53,318.31,18.21,40.73,0.523,-1,-1,-1
413,20,1216.63,309.61,51.55,140.80,0.756,-1,-1,-1
413,53,947.50,299.63,49.33,144.52,0.810,-1,-1,-1
413,127,868.35,292.27,53.90,156.34,0.842,-1,-1,-1
413,132,1177.09,285.87,59.59,187.90,0.813,-1,-1,-1
413,152,630.88,301.56,39.59,74.63,0.823,-1,-1,-1
413,161,323.45,238.68,130.32,355.82,0.903,-1,-1,-1
413,165,993.93,305.74,24.49,69.54,0.703,-1,-1,-1
413,166,701.38,302.60,24.51,72.49,0.693,-1,-1,-1
413,168,548.12,294.76,57.38,111.10,0.597,-1,-1,-1
413,169,1085.06,314.86,25.66,66.59,0.616,-1,-1,-1
413,171,1028.65,322.24,17.79,39.72,0.584,-1,-1,-1
414,20,1217.77,311.59,51.43,141.89,0.765,-1,-1,-1
414,53,948.80,302.08,49.29,145.10,0.790,-1,-1,-1
414,127,869.29,295.08,53.72,155.92,0.853,-1,-1,-1
414,132,1179.32,289.27,59.98,191.92,0.813,-1,-1,-1
414,152,631.44,305.27,39.63,74.51,0.831,-1,-1,-1
414,161,320.35,241.01,134.11,357.42,0.902,-1,-1,-1
414,165,994.85,308.75,24.56,69.58,0.615,-1,-1,-1
414,166,700.82,302.92,25.39,75.04,0.669,-1,-1,-1
414,168,548.85,299.28,56.92,111.06,0.699,-1,-1,-1
414,169,1085.35,316.29,26.62,69.36,0.632,-1,-1,-1
414,171,1029.80,325.89,17.94,40.02,0.517,-1,-1,-1
415,20,1218.86,313.50,51.26,142.70,0.732,-1,-1,-1
415,53,949.34,304.67,49.14,145.15,0.802,-1,-1,-1
415,127,869.81,297.48,53.55,155.39,0.839,-1,-1,-1
415,132,1181.00,291.76,59.60,193.67,0.812,-1,-1,-1
415,152,631.98,307.45,39.90,75.02,0.825,-1,-1,-1
415,161,320.17,244.08,137.39,359.28,0.906,-1,-1,-1
415,165,995.94,310.58,25.07,70.81,0.693,-1,-1,-1
415,166,699.98,303.01,26.18,77.65,0.621,-1,-1,-1
415,168,547.74,301.56,57.00,112.17,0.622,-1,-1,-1
415,169,1086.62,319.19,25.47,66.60,0.618,-1,-1,-1
415,171,1030.83,329.49,17.42,38.77,0.512,-1,-1,-1
415,172,914.27,327.74,37.12,75.48,0.602,-1,-1,-1
416,20,1219.83,315.79,50.61,142.44,0.732,-1,-1,-1
416,53,950.55,306.62,49.08,146.08,0.802,-1,-1,-1
416,127,870.30,298.98,53.98,156.74,0.842,-1,-1,-1
416,132,1182.43,293.63,59.02,194.65,0.784,-1,-1,-1
416,152,632.31,308.74,40.24,75.72,0.834,-1,-1,-1
416,161,318.92,245.47,140.54,361.31,0.906,-1,-1,-1
416,165,997.05,313.91,24.57,69.19,0.688,-1,-1,-1
416,166,698.93,303.00,26.85,79.96,0.643,-1,-1,-1
416,168,549.16,303.83,56.79,112.37,0.610,-1,-1,-1
416,169,1087.47,319.56,25.14,65.78,0.672,-1,-1,-1
416,171,1031.18,329.93,17.92,39.83,0.650,-1,-1,-1
416,172,914.38,328.39,38.15,77.67,0.672,-1,-1,-1
417,20,1221.68,318.33,49.73,141.32,0.774,-1,-1,-1
417,53,951.33,310.32,48.34,144.65,0.811,-1,-1,-1
417,127,870.05,300.23,54.28,157.30,0.850,-1,-1,-1
417,132,1184.74,294.82,58.29,194.52,0.733,-1,-1,-1
417,152,632.60,309.74,40.95,77.45,0.820,-1,-1,-1
417,161,316.42,248.10,143.70,362.48,0.913,-1,-1,-1
417,165,997.68,316.34,24.26,67.94,0.692,-1,-1,-1
417,166,699.19,309.22,25.46,75.25,0.685,-1,-1,-1
417,168,546.60,306.23,56.46,112.63,0.543,-1,-1,-1
417,169,1088.73,321.46,24.17,63.19,0.652,-1,-1,-1
417,171,1032.03,330.40,17.90,39.77,0.601,-1,-1,-1
417,172,914.58,330.14,38.04,77.51,0.511,-1,-1,-1
417,173,447.33,305.04,19.21,56.38,0.590,-1,-1,-1
418,20,1222.78,319.47,49.00,140.83,0.767,-1,-1,-1
418,53,951.76,312.01,47.81,143.84,0.813,-1,-1,-1
418,127,869.69,300.76,54.22,156.99,0.852,-1,-1,-1
418,132,1186.81,294.33,58.13,196.13,0.765,-1,-1,-1
418,152,632.46,309.96,41.13,78.09,0.811,-1,-1,-1
418,161,314.64,249.54,147.00,364.18,0.917,-1,-1,-1
418,165,998.26,317.11,24.18,67.19,0.685,-1,-1,-1
418,166,698.57,313.43,24.71,72.03,0.689,-1,-1,-1
418,168,543.35,307.81,56.46,113.04,-1.000,-1,-1,-1
418,169,1089.47,320.85,24.45,64.03,0.607,-1,-1,-1
418,171,1032.35,330.07,18.05,40.00,0.630,-1,-1,-1
418,172,914.09,330.50,38.17,77.96,0.687,-1,-1,-1
418,174,251.16,303.29,56.36,156.31,0.757,-1,-1,-1
419,20,1223.80,320.24,48.41,140.42,0.658,-1,-1,-1
419,53,951.96,313.37,47.53,143.44,0.812,-1,-1,-1
419,127,869.11,301.48,54.32,157.16,0.844,-1,-1,-1
419,132,1189.18,293.97,57.64,197.86,0.795,-1,-1,-1
419,152,632.13,310.49,41.70,79.57,0.829,-1,-1,-1
419,161,313.46,251.78,151.56,369.14,0.918,-1,-1,-1
419,165,998.75,318.80,23.83,65.64,0.728,-1,-1,-1
419,166,698.61,316.98,24.01,69.34,0.715,-1,-1,-1
419,168,540.10,309.39,56.47,113.46,0.537,-1,-1,-1
419,169,1090.45,321.89,23.75,62.20,0.602,-1,-1,-1
419,171,1032.70,330.27,17.80,39.44,0.550,-1,-1,-1
419,172,914.05,331.80,37.99,77.65,0.548,-1,-1,-1
419,174,248.17,305.70,56.81,156.69,0.810,-1,-1,-1
420,53,952.06,314.04,47.21,142.86,0.815,-1,-1,-1
420,127,867.97,301.44,54.31,157.39,0.835,-1,-1,-1
420,132,1190.97,293.25,57.45,200.21,0.758,-1,-1,-1
420,152,631.88,310.72,41.82,80.24,0.831,-1,-1,-1
420,161,312.53,252.69,153.97,368.90,0.919,-1,-1,-1
420,165,998.63,318.84,23.84,65.13,0.712,-1,-1,-1
420,166,696.80,316.78,24.71,70.39,0.610,-1,-1,-1
420,168,539.51,309.66,56.82,113.85,0.615,-1,-1,-1
420,169,1090.78,321.47,23.80,62.45,0.641,-1,-1,-1
420,171,1032.32,330.20,18.05,39.99,-1.000,-1,-1,-1
420,172,913.71,332.40,37.73,77.18,0.571,-1,-1,-1
420,174,245.16,305.98,57.42,157.26,0.814,-1,-1,-1
421,53,952.10,315.08,46.96,142.53,0.787,-1,-1,-1
421,127,867.14,302.30,54.03,157.04,0.828,-1,-1,-1
421,132,1191.84,292.47,57.24,202.26,0.749,-1,-1,-1
421,152,631.40,311.95,41.84,80.68,0.824,-1,-1,-1
421,161,311.00,253.34,156.96,371.08,0.919,-1,-1,-1
421,165,998.14,320.45,23.55,63.90,0.695,-1,-1,-1
421,166,698.35,320.12,23.82,68.05,-1.000,-1,-1,-1
421,168,534.86,310.86,56.65,113.99,0.576,-1,-1,-1
421,169,1090.21,322.41,23.68,62.34,0.653,-1,-1,-1
421,171,1031.93,330.12,18.30,40.54,0.659,-1,-1,-1
421,172,913.08,333.68,37.34,76.37,0.532,-1,-1,-1
421,174,239.67,307.48,58.08,158.26,0.793,-1,-1,-1
421,175,723.39,319.74,32.77,66.17,0.598,-1,-1,-1
422,53,952.51,315.46,47.30,144.14,0.806,-1,-1,-1
422,127,865.73,304.32,53.68,156.57,0.840,-1,-1,-1
422,132,1193.49,292.07,57.32,204.24,0.676,-1,-1,-1
422,152,631.57,315.31,41.39,80.10,0.805,-1,-1,-1
422,161,308.86,254.51,160.86,374.45,0.922,-1,-1,-1
422,165,997.74,321.50,23.89,64.62,0.724,-1,-1,-1
422,166,699.90,323.46,22.94,65.71,0.525,-1,-1,-1
422,168,532.26,313.37,57.55,114.31,0.740,-1,-1,-1
422,169,1089.98,324.33,24.14,63.74,0.592,-1,-1,-1
422,171,1031.28,331.15,18.48,40.90,0.631,-1,-1,-1
422,172,912.84,335.65,36.97,75.68,0.539,-1,-1,-1
422,174,226.37,309.47,59.05,160.17,0.747,-1,-1,-1
422,175,721.42,320.62,33.66,68.21,0.669,-1,-1,-1
422,176,750.24,320.92,16.46,48.50,0.632,-1,-1,-1
423,53,952.35,316.68,47.52,144.62,0.799,-1,-1,-1
423,127,865.20,306.69,53.35,156.14,0.856,-1,-1,-1
423,132,1194.42,292.48,57.19,205.24,0.707,-1,-1,-1
423,152,632.26,319.07,40.51,78.62,0.813,-1,-1,-1
423,161,310.70,256.73,163.93,377.88,0.912,-1,-1,-1
423,165,997.53,322.41,24.17,65.28,0.647,-1,-1,-1
423,166,693.53,324.78,23.69,67.79,0.574,-1,-1,-1
423,168,527.71,316.27,57.53,114.17,0.751,-1,-1,-1
423,169,1090.35,325.80,24.90,65.90,0.612,-1,-1,-1
423,171,1031.54,332.95,18.44,40.76,0.612,-1,-1,-1
423,172,912.49,336.23,37.69,77.27,0.548,-1,-1,-1
423,174,218.15,312.56,59.29,161.03,0.816,-1,-1,-1
423,175,720.10,320.68,34.82,70.90,0.672,-1,-1,-1
423,176,750.02,324.56,16.15,47.59,0.563,-1,-1,-1
424,53,952.62,316.34,47.69,145.69,0.764,-1,-1,-1
424,127,864.50,309.25,52.81,155.67,0.832,-1,-1,-1
424,132,1195.11,292.65,57.14,206.20,0.680,-1,-1,-1
424,152,631.65,321.68,40.09,77.91,0.794,-1,-1,-1
424,161,311.52,257.81,166.12,379.83,0.908,-1,-1,-1
424,165,996.19,323.45,24.38,65.66,0.631,-1,-1,-1
424,168,524.24,319.12,57.06,113.57,0.771,-1,-1,-1
424,172,910.79,334.99,38.66,79.55,0.582,-1,-1,-1
424,174,208.14,314.97,59.60,161.11,0.781,-1,-1,-1
425,53,953.09,319.83,47.59,144.36,0.696,-1,-1,-1
425,127,864.58,312.95,51.66,152.52,0.826,-1,-1,-1
425,132,1196.19,295.35,57.18,205.89,0.551,-1,-1,-1
425,152,632.00,325.61,39.84,77.90,0.781,-1,-1,-1
425,161,314.40,261.66,167.71,381.85,0.907,-1,-1,-1
425,165,996.44,325.60,24.19,65.18,-1.000,-1,-1,-1
425,168,522.62,322.10,56.91,113.72,0.745,-1,-1,-1
425,172,910.93,337.82,37.92,78.11,-1.000,-1,-1,-1
425,174,202.55,318.50,59.87,161.87,0.639,-1,-1,-1
426,53,953.21,317.16,48.63,147.96,0.749,-1,-1,-1
426,127,864.14,315.18,51.73,153.35,0.794,-1,-1,-1
426,132,1198.09,295.96,57.26,207.30,0.548,-1,-1,-1
426,152,632.64,328.43,39.29,76.87,0.810,-1,-1,-1
426,161,315.95,260.08,170.35,386.21,0.905,-1,-1,-1
426,165,996.68,327.76,24.00,64.71,0.566,-1,-1,-1
426,168,521.71,324.62,56.57,113.64,0.721,-1,-1,-1
426,172,911.08,340.64,37.18,76.68,0.524,-1,-1,-1
426,174,194.08,319.46,60.83,163.93,0.653,-1,-1,-1
427,53,956.04,320.55,48.24,145.91,0.700,-1,-1,-1
427,127,864.36,316.74,52.01,153.20,0.831,-1,-1,-1
427,132,1197.91,297.19,57.84,207.44,0.707,-1,-1,-1
427,152,635.50,331.05,39.39,77.36,0.795,-1,-1,-1
427,161,319.76,261.34,172.30,390.39,0.905,-1,-1,-1
427,165,1000.24,329.26,24.11,65.01,0.508,-1,-1,-1
427,168,521.90,327.42,57.00,114.76,0.742,-1,-1,-1
427,172,912.32,341.62,37.47,77.32,-1.000,-1,-1,-1
427,174,188.39,323.70,61.27,164.02,0.769,-1,-1,-1
428,53,958.20,321.16,48.34,145.70,0.787,-1,-1,-1
428,127,865.43,316.68,51.78,152.85,0.836,-1,-1,-1
428,132,1198.96,296.36,58.75,209.41,0.583,-1,-1,-1
428,152,638.10,331.31,39.46,77.91,0.804,-1,-1,-1
428,161,324.39,260.81,173.06,391.23,0.911,-1,-1,-1
428,165,1001.21,327.97,24.49,66.30,0.676,-1,-1,-1
428,168,521.99,327.82,57.28,115.79,0.771,-1,-1,-1
428,172,913.56,342.59,37.76,77.95,0.639,-1,-1,-1
428,174,183.27,325.38,61.57,161.95,0.771,-1,-1,-1
429,53,959.73,320.21,48.50,146.39,0.781,-1,-1,-1
429,127,866.40,316.38,51.67,152.86,0.828,-1,-1,-1
429,132,1205.11,295.09,58.85,211.05,0.654,-1,-1,-1
429,152,640.42,330.98,39.68,78.58,0.791,-1,-1,-1
429,161,328.81,260.93,174.68,394.96,0.908,-1,-1,-1
429,165,1003.39,328.38,24.04,65.31,0.686,-1,-1,-1
429,168,522.16,328.29,57.25,116.30,0.745,-1,-1,-1
429,172,916.20,343.43,37.75,77.89,0.686,-1,-1,-1
429,174,177.24,327.22,63.21,161.09,0.818,-1,-1,-1
429,177,252.65,328.63,55.44,145.13,0.689,-1,-1,-1
430,53,962.44,319.43,48.20,146.48,0.797,-1,-1,-1
430,127,866.20,314.46,51.95,153.40,0.856,-1,-1,-1
430,132,1205.65,292.90,60.05,213.50,0.723,-1,-1,-1
430,152,642.72,328.67,40.01,79.61,0.836,-1,-1,-1
430,161,333.67,259.27,175.84,397.08,0.924,-1,-1,-1
430,165,1005.87,327.27,24.20,65.78,0.671,-1,-1,-1
430,168,522.34,326.59,57.79,117.99,0.782,-1,-1,-1
430,172,918.74,342.55,37.96,77.82,0.609,-1,-1,-1
430,174,173.33,325.83,66.53,164.12,0.852,-1,-1,-1
430,177,249.72,327.57,56.61,147.79,0.830,-1,-1,-1
431,53,963.69,317.95,47.98,146.71,0.794,-1,-1,-1
431,127,865.75,312.52,52.42,154.56,0.869,-1,-1,-1
431,132,1208.91,291.49,60.15,214.64,0.710,-1,-1,-1
431,152,643.82,326.45,40.27,80.46,0.841,-1,-1,-1
431,161,336.46,257.65,177.74,401.44,0.925,-1,-1,-1
431,165,1007.37,325.75,24.34,66.08,0.698,-1,-1,-1
431,168,522.16,325.17,58.13,118.91,0.777,-1,-1,-1
431,172,920.19,340.32,38.51,78.80,0.598,-1,-1,-1
431,174,167.80,321.09,70.32,169.17,0.865,-1,-1,-1
431,177,249.15,326.53,56.74,147.37,0.845,-1,-1,-1
431,178,692.54,333.98,18.88,66.07,0.525,-1,-1,-1
432,53,962.70,314.22,48.26,148.02,0.770,-1,-1,-1
432,127,863.90,309.05,52.82,155.49,0.859,-1,-1,-1
432,132,1210.86,288.27,60.29,215.48,0.731,-1,-1,-1
432,152,643.58,322.33,40.81,81.91,0.819,-1,-1,-1
432,161,340.04,254.91,178.35,402.98,0.926,-1,-1,-1
432,165,1006.34,321.46,24.91,67.73,0.638,-1,-1,-1
432,168,519.90,322.02,59.00,120.52,0.719,-1,-1,-1
432,172,920.32,336.66,38.56,79.11,0.657,-1,-1,-1
432,174,158.45,320.02,70.73,167.53,0.806,-1,-1,-1
432,177,241.74,324.16,56.36,145.73,0.852,-1,-1,-1
432,178,689.86,330.70,18.92,66.21,-1.000,-1,-1,-1
432,179,1041.18,330.44,19.99,41.44,0.547,-1,-1,-1
432,180,1100.62,320.15,27.17,72.20,0.545,-1,-1,-1
433,53,961.67,310.57,48.69,149.99,0.775,-1,-1,-1
433,127,862.53,306.27,53.07,156.25,0.865,-1,-1,-1
433,132,1209.83,284.93,61.37,218.32,0.657,-1,-1,-1
433,152,642.97,319.53,40.91,82.43,0.800,-1,-1,-1
433,161,342.80,253.26,178.78,404.12,0.929,-1,-1,-1
433,165,1004.86,318.45,25.18,68.55,0.708,-1,-1,-1
433,168,516.16,319.40,59.51,121.80,0.720,-1,-1,-1
433,172,919.86,333.38,38.97,80.08,0.630,-1,-1,-1
433,174,148.83,318.86,70.89,166.14,0.834,-1,-1,-1
433,177,235.93,322.66,56.52,144.88,0.864,-1,-1,-1
433,178,687.19,327.42,18.97,66.35,0.613,-1,-1,-1
433,179,1040.20,328.06,19.87,41.19,0.635,-1,-1,-1
433,180,1099.55,317.92,27.77,73.69,0.679,-1,-1,-1
433,181,711.21,328.79,18.57,61.27,0.578,-1,-1,-1
434,53,959.74,311.47,47.92,147.86,0.766,-1,-1,-1
434,127,860.28,305.45,52.79,155.49,0.865,-1,-1,-1
434,132,1210.41,283.17,61.67,219.69,0.709,-1,-1,-1
434,152,641.22,317.69,41.05,82.98,0.802,-1,-1,-1
434,161,343.32,252.89,178.44,403.68,0.923,-1,-1,-1
434,165,1002.69,315.88,25.64,69.61,0.713,-1,-1,-1
434,168,512.23,317.77,59.62,122.18,0.772,-1,-1,-1
434,172,918.03,330.30,39.67,81.65,0.633,-1,-1,-1
434,174,138.06,318.11,71.80,167.39,0.587,-1,-1,-1
434,177,228.68,322.29,56.96,144.58,0.873,-1,-1,-1
434,178,685.15,328.02,18.73,65.25,0.579,-1,-1,-1
434,179,1039.02,327.33,19.79,41.03,0.593,-1,-1,-1
434,180,1098.13,316.53,27.91,73.99,0.500,-1,-1,-1
435,53,956.80,309.67,48.04,148.99,0.780,-1,-1,-1
435,127,857.91,304.89,52.56,154.75,0.874,-1,-1,-1
435,132,1208.41,282.13,61.92,219.14,0.682,-1,-1,-1
435,152,639.34,316.57,41.13,83.16,0.827,-1,-1,-1
435,161,342.54,251.98,179.10,406.15,0.913,-1,-1,-1
435,165,1000.45,314.82,25.76,69.50,0.710,-1,-1,-1
435,168,507.35,316.40,59.53,122.31,0.789,-1,-1,-1
435,172,915.71,328.97,39.69,81.84,0.599,-1,-1,-1
435,174,123.29,315.76,72.74,168.49,0.787,-1,-1,-1
435,177,221.32,321.45,57.56,144.34,0.878,-1,-1,-1
435,178,681.68,327.02,18.83,65.43,-1.000,-1,-1,-1
435,179,1037.22,326.56,19.86,41.20,0.519,-1,-1,-1
435,180,1097.03,317.72,26.84,71.02,-1.000,-1,-1,-1
436,53,954.97,309.08,47.59,148.48,0.792,-1,-1,-1
436,127,855.86,304.45,52.57,154.81,0.877,-1,-1,-1
436,132,1207.96,281.10,62.08,219.42,0.647,-1,-1,-1
436,152,637.11,315.58,41.10,83.36,0.818,-1,-1,-1
436,161,343.02,250.45,179.54,408.59,0.912,-1,-1,-1
436,165,998.93,314.28,25.94,69.60,0.711,-1,-1,-1
436,168,504.66,314.70,59.82,122.91,0.744,-1,-1,-1
436,172,914.50,329.91,38.93,80.06,0.639,-1,-1,-1
436,174,112.16,312.21,73.22,170.73,0.775,-1,-1,-1
436,177,214.87,320.09,58.49,144.40,0.897,-1,-1,-1
436,178,678.20,326.02,18.92,65.61,0.625,-1,-1,-1
436,179,1034.78,327.31,20.06,41.64,-1.000,-1,-1,-1
436,180,1095.94,318.90,25.77,68.05,0.542,-1,-1,-1
437,53,950.22,308.07,47.57,148.91,0.788,-1,-1,-1
437,127,852.34,306.02,52.26,154.00,0.868,-1,-1,-1
437,132,1201.94,280.95,63.78,221.64,0.789,-1,-1,-1
437,152,633.72,316.76,40.66,82.49,0.818,-1,-1,-1
437,161,340.44,250.30,180.38,410.64,0.911,-1,-1,-1
437,165,995.31,314.57,26.09,69.29,0.730,-1,-1,-1
437,168,499.29,313.77,60.14,123.92,0.795,-1,-1,-1
437,172,911.65,331.49,38.42,79.15,0.654,-1,-1,-1
437,174,93.94,311.79,74.02,172.06,0.564,-1,-1,-1
437,177,203.19,319.36,60.01,146.49,0.867,-1,-1,-1
437,178,672.59,329.30,18.50,63.37,0.651,-1,-1,-1
437,179,1032.34,328.06,20.26,42.07,0.594,-1,-1,-1
437,180,1093.45,318.68,25.70,67.57,0.616,-1,-1,-1
438,53,946.98,310.15,46.68,146.17,0.756,-1,-1,-1
438,127,849.16,307.20,52.27,154.17,0.861,-1,-1,-1
438,132,1199.90,281.06,64.60,222.46,0.671,-1,-1,-1
438,152,630.19,317.52,40.30,82.14,0.826,-1,-1,-1
438,161,336.54,250.55,181.42,411.89,0.911,-1,-1,-1
438,165,992.12,313.81,26.76,70.61,0.723,-1,-1,-1
438,168,494.74,313.53,60.07,124.64,0.807,-1,-1,-1
438,174,80.77,311.48,73.67,172.25,0.746,-1,-1,-1
438,177,191.87,318.61,60.89,147.19,0.865,-1,-1,-1
438,178,667.89,331.13,18.27,61.40,0.686,-1,-1,-1
439,53,944.59,313.81,45.94,143.89,0.754,-1,-1,-1
439,127,847.55,309.95,52.12,153.89,0.851,-1,-1,-1
439,132,1200.84,282.75,64.57,222.48,0.598,-1,-1,-1
439,152,628.26,319.83,40.03,82.42,0.792,-1,-1,-1
439,161,333.22,251.86,184.12,417.54,0.908,-1,-1,-1
439,165,990.63,315.60,27.69,72.46,0.740,-1,-1,-1
439,168,492.83,315.83,59.90,124.90,0.812,-1,-1,-1
439,174,69.52,312.49,74.39,173.34,0.654,-1,-1,-1
439,177,184.77,319.63,61.88,148.98,0.794,-1,-1,-1
439,178,664.23,332.35,18.87,62.51,0.624,-1,-1,-1
440,53,940.24,310.42,47.66,150.42,0.762,-1,-1,-1
440,127,845.00,310.85,51.78,152.78,0.849,-1,-1,-1
440,132,1201.03,284.53,64.98,224.44,0.555,-1,-1,-1
440,152,624.91,321.98,39.98,82.75,0.799,-1,-1,-1
440,161,328.54,252.46,186.15,420.24,0.906,-1,-1,-1
440,165,988.28,319.96,27.12,70.66,0.751,-1,-1,-1
440,168,489.02,318.67,58.77,123.39,0.802,-1,-1,-1
440,174,59.94,315.05,73.83,171.80,0.551,-1,-1,-1
440,177,176.41,319.22,63.38,152.13,0.751,-1,-1,-1
440,178,660.57,334.39,19.03,62.41,0.526,-1,-1,-1
440,182,695.95,327.50,27.45,68.93,0.596,-1,-1,-1
441,53,939.51,314.74,46.62,147.98,0.803,-1,-1,-1
441,127,842.82,312.71,52.33,154.65,0.873,-1,-1,-1
441,132,1205.67,287.73,64.22,225.93,0.744,-1,-1,-1
441,152,623.40,324.25,39.57,82.45,0.827,-1,-1,-1
441,161,327.20,253.47,188.55,423.04,0.900,-1,-1,-1
441,165,986.63,322.11,27.12,70.27,0.737,-1,-1,-1
441,168,486.67,319.84,59.09,124.57,0.820,-1,-1,-1
441,174,48.56,318.44,75.07,170.44,0.865,-1,-1,-1
441,177,169.34,320.61,63.66,151.77,0.846,-1,-1,-1
441,178,658.58,337.66,19.09,61.44,0.660,-1,-1,-1
441,182,693.73,329.51,27.54,69.17,0.646,-1,-1,-1
442,53,936.34,321.08,45.89,146.06,0.754,-1,-1,-1
442,127,838.99,315.78,52.09,154.09,0.842,-1,-1,-1
442,132,1205.70,290.50,63.93,227.87,0.691,-1,-1,-1
442,152,619.80,327.80,39.50,82.69,0.805,-1,-1,-1
442,161,330.08,255.72,189.88,426.36,0.903,-1,-1,-1
442,165,983.18,325.87,26.82,69.16,0.721,-1,-1,-1
442,168,482.03,322.54,59.12,125.63,0.705,-1,-1,-1
442,174,32.39,324.06,76.85,170.08,0.781,-1,-1,-1
442,177,154.87,324.15,63.22,152.02,0.706,-1,-1,-1
442,182,688.37,332.11,27.97,70.31,0.533,-1,-1,-1
443,53,932.84,321.41,46.06,146.87,0.757,-1,-1,-1
443,127,835.64,317.15,51.82,152.72,0.869,-1,-1,-1
443,132,1204.70,291.79,63.68,228.78,0.642,-1,-1,-1
443,152,616.68,328.88,39.60,83.39,0.771,-1,-1,-1
443,161,330.64,255.99,188.95,423.49,0.898,-1,-1,-1
443,165,979.76,327.66,27.12,69.56,0.744,-1,-1,-1
443,174,19.49,326.36,79.04,169.95,0.870,-1,-1,-1
443,177,145.24,326.56,63.52,151.77,0.799,-1,-1,-1
443,182,683.26,332.41,28.40,71.58,0.647,-1,-1,-1
443,183,1183.99,306.46,44.55,206.08,0.616,-1,-1,-1
444,53,930.25,324.47,45.77,146.41,0.800,-1,-1,-1
444,127,831.68,317.61,52.64,155.02,0.883,-1,-1,-1
444,132,1204.38,293.79,63.20,229.57,0.691,-1,-1,-1
444,152,613.33,330.09,39.36,83.38,0.806,-1,-1,-1
444,161,335.97,255.71,187.92,424.37,0.912,-1,-1,-1
444,165,976.56,329.40,27.29,69.78,0.742,-1,-1,-1
444,174,8.52,328.29,80.59,170.22,0.857,-1,-1,-1
444,177,134.67,328.36,63.74,151.93,0.775,-1,-1,-1
444,182,679.76,334.63,27.77,70.22,0.613,-1,-1,-1
444,183,1178.80,306.43,44.86,207.13,0.698,-1,-1,-1
444,184,890.19,346.09,41.01,80.86,0.656,-1,-1,-1
445,53,927.43,326.06,45.50,146.13,0.806,-1,-1,-1
445,127,828.12,318.55,53.06,156.04,0.866,-1,-1,-1
445,132,1204.92,294.87,63.00,230.16,0.652,-1,-1,-1
445,152,610.39,330.46,39.45,83.90,0.787,-1,-1,-1
445,161,337.85,254.78,186.54,424.91,0.912,-1,-1,-1
445,165,973.07,330.40,27.38,69.87,0.728,-1,-1,-1
445,174,-1.60,328.70,80.60,170.61,0.706,-1,-1,-1
445,177,128.13,329.62,62.95,151.53,0.683,-1,-1,-1
445,182,675.56,335.60,27.64,69.81,-1.000,-1,-1,-1
445,183,1177.02,307.19,44.99,207.94,0.613,-1,-1,-1
445,184,887.58,347.50,40.29,79.49,0.535,-1,-1,-1
445,185,700.98,341.47,20.89,60.85,0.522,-1,-1,-1
446,53,924.70,326.86,45.54,146.39,0.791,-1,-1,-1
446,127,824.31,318.51,53.53,157.12,0.870,-1,-1,-1
446,132,1202.98,295.19,62.54,230.84,0.714,-1,-1,-1
446,152,607.63,330.25,39.91,85.08,0.798,-1,-1,-1
446,161,340.57,254.02,181.13,414.40,0.919,-1,-1,-1
446,165,970.84,331.14,27.22,69.45,0.768,-1,-1,-1
446,174,-8.92,329.30,79.30,170.44,0.838,-1,-1,-1
446,177,120.39,331.25,62.50,150.89,0.643,-1,-1,-1
446,182,671.35,336.58,27.51,69.39,0.556,-1,-1,-1
446,183,1173.07,305.80,45.43,209.63,0.605,-1,-1,-1
446,184,884.73,347.68,40.08,79.13,0.619,-1,-1,-1
446,185,696.95,340.67,21.58,62.73,0.657,-1,-1,-1
446,186,1080.49,337.89,24.35,71.33,0.675,-1,-1,-1
447,53,920.10,328.60,45.18,145.56,0.804,-1,-1,-1
447,127,818.11,318.93,53.05,155.15,0.878,-1,-1,-1
447,132,1198.20,295.39,62.56,232.75,0.595,-1,-1,-1
447,152,602.54,330.39,40.27,85.61,0.853,-1,-1,-1
447,161,336.33,251.79,180.78,414.57,0.910,-1,-1,-1
447,165,966.04,331.18,27.32,69.81,0.739,-1,-1,-1
447,174,-17.36,343.66,71.57,157.21,0.582,-1,-1,-1
447,177,109.41,331.72,62.80,151.52,0.554,-1,-1,-1
447,182,664.93,335.19,27.96,70.78,0.606,-1,-1,-1
447,183,1170.68,303.79,45.88,211.64,0.688,-1,-1,-1
447,184,878.68,349.02,39.62,78.22,0.686,-1,-1,-1
447,185,692.05,341.42,21.15,61.42,0.594,-1,-1,-1
447,186,1076.66,337.70,24.17,70.83,0.569,-1,-1,-1
448,53,916.94,328.27,45.39,146.61,0.817,-1,-1,-1
448,127,813.64,319.46,53.28,155.44,0.876,-1,-1,-1
448,132,1194.89,295.61,62.43,233.88,0.666,-1,-1,-1
448,152,598.82,331.23,40.22,85.46,0.842,-1,-1,-1
448,161,333.09,251.15,180.97,415.28,0.914,-1,-1,-1
448,165,962.68,331.16,27.38,69.95,0.741,-1,-1,-1
448,177,98.86,332.46,62.68,150.99,0.518,-1,-1,-1
448,182,660.17,336.64,27.78,70.29,0.578,-1,-1,-1
448,183,1167.07,303.47,46.34,212.37,0.612,-1,-1,-1
448,184,874.90,350.29,39.37,77.71,0.622,-1,-1,-1
448,185,688.01,342.58,20.94,60.61,0.574,-1,-1,-1
448,186,1074.16,339.12,22.71,66.34,0.659,-1,-1,-1
449,53,915.16,327.68,45.48,147.11,0.808,-1,-1,-1
449,127,810.71,319.99,53.33,155.26,0.867,-1,-1,-1
449,132,1192.85,295.22,62.17,234.62,0.670,-1,-1,-1
449,152,597.03,331.63,40.24,85.35,0.855,-1,-1,-1
449,161,330.86,249.86,181.86,417.79,0.928,-1,-1,-1
449,165,961.09,331.52,26.94,68.88,0.736,-1,-1,-1
449,177,91.01,332.12,61.87,150.31,0.726,-1,-1,-1
449,182,657.01,335.66,28.25,71.48,0.669,-1,-1,-1
449,183,1166.83,302.54,46.61,213.19,0.540,-1,-1,-1
449,184,873.10,350.61,39.26,77.55,0.688,-1,-1,-1
449,185,685.91,343.04,20.79,60.01,0.568,-1,-1,-1
449,186,1073.07,339.37,22.74,66.30,0.607,-1,-1,-1
449,187,1003.79,343.85,18.74,42.91,0.555,-1,-1,-1
450,53,914.32,327.95,45.31,146.73,0.781,-1,-1,-1
450,127,809.49,320.53,52.91,153.51,0.847,-1,-1,-1
450,132,1191.68,295.00,62.04,235.08,0.614,-1,-1,-1
450,152,596.32,332.35,40.05,84.92,0.822,-1,-1,-1
450,161,330.62,247.94,188.72,433.14,0.919,-1,-1,-1
450,165,959.68,330.77,27.13,69.42,0.758,-1,-1,-1
450,177,81.07,331.96,61.51,150.15,0.641,-1,-1,-1
450,182,654.52,336.35,28.61,72.29,-1.000,-1,-1,-1
450,183,1166.49,303.26,46.86,214.48,-1.000,-1,-1,-1
450,184,872.42,350.15,39.73,78.58,0.664,-1,-1,-1
450,185,684.65,342.03,21.36,61.45,0.512,-1,-1,-1
450,186,1072.14,338.50,23.15,67.28,0.661,-1,-1,-1
451,53,913.27,327.58,45.53,147.44,0.787,-1,-1,-1
451,127,806.50,321.44,53.16,153.33,0.867,-1,-1,-1
451,132,1191.56,294.74,62.02,234.88,0.696,-1,-1,-1
451,152,594.50,334.30,40.22,85.39,0.825,-1,-1,-1
451,161,332.52,248.06,191.22,434.64,0.909,-1,-1,-1
451,165,958.98,333.57,26.67,68.43,0.751,-1,-1,-1
451,177,70.57,332.88,61.68,151.44,0.696,-1,-1,-1
451,182,652.02,337.04,28.96,73.10,0.716,-1,-1,-1
451,183,1166.14,303.98,47.12,215.77,0.603,-1,-1,-1
451,184,871.11,350.99,39.90,78.95,0.716,-1,-1,-1
451,185,683.21,343.46,21.50,61.78,0.588,-1,-1,-1
451,186,1070.63,338.63,23.78,69.01,0.582,-1,-1,-1
452,53,912.04,327.25,45.52,147.29,0.772,-1,-1,-1
452,127,804.27,322.74,52.64,151.29,0.834,-1,-1,-1
452,132,1191.10,295.17,62.43,235.77,0.662,-1,-1,-1
452,152,592.49,335.78,39.85,84.87,0.814,-1,-1,-1
452,161,333.87,250.09,192.11,430.86,0.913,-1,-1,-1
452,165,958.20,334.49,26.14,67.47,0.644,-1,-1,-1
452,177,64.55,332.81,61.74,153.00,0.634,-1,-1,-1
452,183,1166.55,303.73,47.00,215.24,0.528,-1,-1,-1
452,184,868.78,351.13,40.41,80.08,0.729,-1,-1,-1
452,185,683.05,345.73,21.12,60.12,0.561,-1,-1,-1
452,188,1145.78,332.37,41.34,137.10,0.651,-1,-1,-1
453,53,912.04,328.41,46.10,149.26,0.756,-1,-1,-1
453,127,802.10,325.89,52.56,150.91,0.833,-1,-1,-1
453,132,1191.38,297.29,62.85,236.80,0.637,-1,-1,-1
453,152,592.63,338.93,39.78,84.83,0.798,-1,-1,-1
453,161,334.77,253.09,195.21,431.88,0.919,-1,-1,-1
453,165,958.24,336.60,25.74,66.80,0.628,-1,-1,-1
453,177,59.20,335.03,61.67,154.98,0.768,-1,-1,-1
453,183,1165.77,307.10,46.99,215.45,0.613,-1,-1,-1
453,184,867.63,353.15,40.55,80.54,0.661,-1,-1,-1
453,188,1142.97,336.22,41.57,137.71,0.686,-1,-1,-1
454,53,913.75,328.75,46.50,150.66,0.768,-1,-1,-1
454,127,803.34,328.45,53.14,152.27,0.831,-1,-1,-1
454,132,1196.14,298.74,63.76,237.35,0.607,-1,-1,-1
454,152,595.38,341.50,39.60,84.52,0.808,-1,-1,-1
454,161,335.50,257.70,197.01,431.22,0.921,-1,-1,-1
454,165,959.80,338.20,25.61,66.88,0.625,-1,-1,-1
454,177,56.26,338.10,61.24,154.67,0.804,-1,-1,-1
454,183,1168.12,309.06,46.76,215.21,0.558,-1,-1,-1
454,184,868.82,354.50,40.53,80.81,0.596,-1,-1,-1
454,188,1145.04,340.36,40.69,134.52,0.747,-1,-1,-1
455,53,915.46,328.35,46.94,151.79,0.784,-1,-1,-1
455,127,804.68,328.22,53.45,152.30,0.844,-1,-1,-1
455,132,1200.69,298.84,65.08,238.37,0.691,-1,-1,-1
455,152,598.10,341.78,39.79,85.21,0.824,-1,-1,-1
455,161,333.86,258.57,200.06,434.54,0.918,-1,-1,-1
455,165,962.88,340.34,24.95,65.53,0.624,-1,-1,-1
455,177,54.37,339.15,60.88,153.92,0.852,-1,-1,-1
455,183,1170.00,310.22,47.00,217.10,0.545,-1,-1,-1
455,184,870.37,354.59,40.67,81.29,0.538,-1,-1,-1
455,188,1145.67,338.36,41.81,137.77,0.784,-1,-1,-1
456,53,918.26,330.33,46.66,151.42,0.779,-1,-1,-1
456,127,806.78,328.94,54.23,154.01,0.846,-1,-1,-1
456,132,1204.53,299.28,66.44,241.13,0.716,-1,-1,-1
456,152,601.22,342.31,39.86,85.64,0.812,-1,-1,-1
456,161,332.75,259.91,200.35,434.66,0.913,-1,-1,-1
456,165,966.00,341.89,23.84,63.01,0.621,-1,-1,-1
456,177,53.71,340.26,60.76,153.52,0.780,-1,-1,-1
456,183,1173.23,310.61,47.04,217.54,-1.000,-1,-1,-1
456,184,873.49,356.59,40.32,80.82,0.680,-1,-1,-1
456,188,1147.61,340.26,41.85,137.15,0.801,-1,-1,-1
457,53,921.45,329.69,47.20,152.90,0.814,-1,-1,-1
457,127,809.13,329.12,54.07,153.68,0.859,-1,-1,-1
457,132,1208.92,299.96,68.03,243.13,0.704,-1,-1,-1
457,152,604.86,342.68,40.12,86.27,0.783,-1,-1,-1
457,161,334.06,262.73,201.74,437.38,0.918,-1,-1,-1
457,165,968.92,341.27,24.67,65.48,0.731,-1,-1,-1
457,177,52.46,340.63,61.54,154.92,0.789,-1,-1,-1
457,183,1176.47,311.00,47.09,217.97,0.552,-1,-1,-1
457,184,876.02,356.96,40.33,80.75,-1.000,-1,-1,-1
457,188,1149.28,340.62,42.03,136.98,0.798,-1,-1,-1
458,53,924.09,331.02,46.86,151.19,0.813,-1,-1,-1
458,127,810.98,326.75,54.63,156.17,0.856,-1,-1,-1
458,132,1211.37,298.84,69.73,245.09,0.749,-1,-1,-1
458,152,607.84,340.82,41.25,89.01,0.828,-1,-1,-1
458,161,337.76,262.55,205.27,443.19,0.925,-1,-1,-1
458,165,971.11,339.21,25.48,68.12,0.724,-1,-1,-1
458,177,50.39,342.29,61.46,153.04,0.862,-1,-1,-1
458,183,1181.47,309.76,47.42,219.47,0.712,-1,-1,-1
458,184,878.56,357.33,40.34,80.69,0.602,-1,-1,-1
458,188,1147.87,337.83,42.62,137.95,0.844,-1,-1,-1
458,189,1080.94,342.32,33.31,75.67,0.621,-1,-1,-1
459,53,925.13,330.65,46.65,150.07,0.810,-1,-1,-1
459,127,812.35,324.71,55.04,158.09,0.852,-1,-1,-1
459,132,1211.61,297.14,71.57,246.24,0.715,-1,-1,-1
459,152,609.92,338.32,41.67,90.45,0.820,-1,-1,-1
459,161,341.86,261.67,208.32,447.77,0.921,-1,-1,-1
459,165,973.07,337.40,25.70,69.13,0.728,-1,-1,-1
459,177,49.23,342.60,61.51,151.74,0.870,-1,-1,-1
459,183,1184.50,309.37,47.39,219.51,0.655,-1,-1,-1
459,184,881.53,355.79,40.26,80.62,0.682,-1,-1,-1
459,188,1147.38,335.57,42.89,138.25,0.822,-1,-1,-1
459,189,1084.38,341.47,32.31,73.48,0.538,-1,-1,-1
460,53,926.95,330.71,46.27,148.63,0.820,-1,-1,-1
460,127,813.36,322.51,54.97,158.78,0.862,-1,-1,-1
460,132,1209.81,295.00,73.19,246.92,0.760,-1,-1,-1
460,152,611.66,336.80,41.81,90.75,0.827,-1,-1,-1
460,161,345.59,259.37,209.74,448.49,0.919,-1,-1,-1
460,165,974.47,335.38,25.73,69.69,0.759,-1,-1,-1
460,177,45.54,341.61,61.87,151.16,0.796,-1,-1,-1
460,183,1187.80,306.65,47.53,220.77,0.719,-1,-1,-1
460,188,1147.32,332.68,43.28,138.89,0.822,-1,-1,-1
460,189,1087.23,340.40,31.64,72.09,0.601,-1,-1,-1
460,190,1018.64,345.90,20.18,44.55,0.658,-1,-1,-1
460,191,701.46,349.83,22.27,58.67,0.654,-1,-1,-1
460,192,681.60,344.49,20.67,64.35,0.662,-1,-1,-1
460,193,1486.64,296.56,39.20,78.90,0.638,-1,-1,-1
460,194,85.76,314.38,35.62,53.04,0.525,-1,-1,-1
461,53,927.95,331.40,45.59,146.10,0.809,-1,-1,-1
461,127,814.04,320.36,54.44,157.83,0.861,-1,-1,-1
461,132,1209.49,293.12,74.51,247.23,0.758,-1,-1,-1
461,152,612.39,334.99,41.78,90.80,0.830,-1,-1,-1
461,161,347.18,256.53,212.56,451.81,0.930,-1,-1,-1
461,165,975.08,332.64,25.99,70.79,0.757,-1,-1,-1
461,177,35.58,339.30,63.40,151.59,0.870,-1,-1,-1
461,183,1189.67,304.30,47.66,222.31,0.699,-1,-1,-1
461,188,1146.71,330.23,43.73,139.64,0.835,-1,-1,-1
461,189,1089.00,338.69,31.11,71.14,0.636,-1,-1,-1
461,190,1019.30,343.12,20.96,46.32,0.666,-1,-1,-1
461,191,701.74,347.47,22.66,59.69,0.699,-1,-1,-1
461,192,682.33,343.57,20.40,63.50,0.670,-1,-1,-1
461,193,1488.46,295.65,39.28,78.99,0.549,-1,-1,-1
461,194,85.66,313.56,34.67,51.59,0.563,-1,-1,-1
462,53,927.61,331.68,45.37,144.69,0.797,-1,-1,-1
462,127,814.55,319.49,54.10,157.33,0.855,-1,-1,-1
462,132,1209.99,291.63,74.96,247.50,0.727,-1,-1,-1
462,152,612.22,334.32,41.74,90.65,0.823,-1,-1,-1
462,161,347.38,255.21,214.25,452.44,0.931,-1,-1,-1
462,165,975.45,331.26,26.11,71.34,0.745,-1,-1,-1
462,177,27.45,338.19,64.53,151.83,0.828,-1,-1,-1
462,183,1190.52,302.95,47.64,222.82,0.721,-1,-1,-1
462,188,1146.51,329.15,43.84,139.45,0.831,-1,-1,-1
462,189,1090.26,338.29,30.25,69.36,0.631,-1,-1,-1
462,190,1020.08,342.76,20.61,45.56,0.534,-1,-1,-1
462,191,701.80,345.89,23.11,60.90,0.682,-1,-1,-1
462,192,682.45,341.99,20.35,63.35,0.674,-1,-1,-1
462,193,1489.61,294.34,39.53,79.39,0.571,-1,-1,-1
462,194,85.34,312.62,34.70,51.62,-1.000,-1,-1,-1
462,195,657.75,339.59,21.63,70.05,0.699,-1,-1,-1
463,53,928.12,333.25,44.47,141.47,0.821,-1,-1,-1
463,127,815.11,318.80,54.22,158.40,0.871,-1,-1,-1
463,132,1213.71,289.44,75.63,249.40,0.687,-1,-1,-1
463,152,613.57,333.81,41.21,89.80,0.837,-1,-1,-1
463,161,345.11,250.53,216.44,456.22,0.937,-1,-1,-1
463,165,976.10,330.15,26.08,71.15,0.765,-1,-1,-1
463,177,13.65,335.97,66.33,154.08,0.804,-1,-1,-1
463,183,1192.96,300.48,48.04,224.57,0.785,-1,-1,-1
463,188,1148.50,328.90,44.41,139.38,0.813,-1,-1,-1
463,189,1090.63,334.03,32.18,74.20,0.595,-1,-1,-1
463,190,1021.04,341.23,20.88,46.19,0.595,-1,-1,-1
463,191,701.74,345.57,22.84,60.31,0.622,-1,-1,-1
463,192,682.76,340.27,20.55,63.97,0.728,-1,-1,-1
463,193,1491.89,291.72,40.20,80.61,0.638,-1,-1,-1
463,194,85.02,311.68,34.73,51.64,0.504,-1,-1,-1
463,195,656.79,339.09,21.68,70.03,0.722,-1,-1,-1
464,53,927.95,332.81,44.47,141.46,0.823,-1,-1,-1
464,127,816.09,318.45,53.99,158.07,0.857,-1,-1,-1
464,132,1216.84,288.03,76.30,250.56,0.708,-1,-1,-1
464,152,613.81,333.84,40.85,89.28,0.848,-1,-1,-1
464,161,342.93,248.36,216.86,458.06,0.933,-1,-1,-1
464,165,976.55,329.80,26.05,70.84,0.766,-1,-1,-1
464,177,5.21,334.65,66.75,154.61,0.833,-1,-1,-1
464,183,1194.40,299.35,48.18,225.15,0.783,-1,-1,-1
464,188,1149.43,329.42,44.70,138.54,0.822,-1,-1,-1
464,189,1091.77,333.48,32.61,75.58,0.620,-1,-1,-1
464,191,701.94,345.26,22.63,59.86,0.525,-1,-1,-1
464,192,683.34,339.43,20.64,64.27,0.722,-1,-1,-1
464,193,1493.63,288.90,41.06,82.24,0.684,-1,-1,-1
464,194,83.85,311.18,34.99,52.04,-1.000,-1,-1,-1
464,195,656.84,339.69,21.29,68.49,0.740,-1,-1,-1
465,53,927.77,332.09,44.51,141.52,0.816,-1,-1,-1
465,127,817.11,318.67,53.19,156.26,0.853,-1,-1,-1
465,132,1219.17,288.01,77.49,251.46,0.783,-1,-1,-1
465,152,615.06,334.58,40.25,88.41,0.831,-1,-1,-1
465,161,339.67,247.73,215.56,458.38,0.937,-1,-1,-1
465,165,976.92,330.17,26.14,70.84,0.763,-1,-1,-1
465,177,-1.32,333.89,66.36,154.52,0.833,-1,-1,-1
465,183,1195.53,299.78,48.29,226.09,0.756,-1,-1,-1
465,188,1150.04,330.16,44.85,137.73,0.803,-1,-1,-1
465,192,683.95,339.83,20.59,64.18,0.713,-1,-1,-1
465,193,1495.70,289.53,40.94,81.87,-1.000,-1,-1,-1
465,194,82.68,310.67,35.25,52.43,0.546,-1,-1,-1
465,195,655.93,338.13,21.92,70.29,0.724,-1,-1,-1
466,53,928.39,332.31,44.29,140.68,0.787,-1,-1,-1
466,127,817.81,318.65,53.60,158.52,0.840,-1,-1,-1
466,132,1218.48,287.80,79.50,253.55,0.802,-1,-1,-1
466,152,616.62,335.16,39.78,87.58,0.832,-1,-1,-1
466,161,336.38,247.20,213.97,459.55,0.932,-1,-1,-1
466,165,977.66,330.59,25.96,70.29,0.739,-1,-1,-1
466,177,-3.30,333.75,66.81,155.48,0.800,-1,-1,-1
466,183,1196.30,299.83,48.37,226.89,0.704,-1,-1,-1
466,188,1149.73,330.56,45.01,137.99,0.760,-1,-1,-1
466,192,684.94,339.59,20.73,64.62,0.657,-1,-1,-1
466,193,1497.78,290.16,40.82,81.51,0.592,-1,-1,-1
466,195,655.68,337.87,22.21,70.98,0.668,-1,-1,-1
467,53,927.92,332.87,43.80,139.39,0.727,-1,-1,-1
467,127,816.75,318.88,53.80,159.40,0.806,-1,-1,-1
467,132,1217.76,287.74,80.93,253.97,0.804,-1,-1,-1
467,152,615.62,335.19,39.57,87.32,0.794,-1,-1,-1
467,161,330.47,245.93,211.18,459.93,0.912,-1,-1,-1
467,165,977.31,331.07,25.75,69.89,0.609,-1,-1,-1
467,177,-6.26,333.36,65.42,155.09,0.718,-1,-1,-1
467,183,1197.47,298.79,48.52,227.51,0.692,-1,-1,-1
467,188,1148.58,329.99,45.48,138.92,0.804,-1,-1,-1
467,192,684.70,339.60,20.35,63.16,0.606,-1,-1,-1
467,193,1499.32,291.44,41.00,81.78,-1.000,-1,-1,-1
467,195,654.89,338.27,22.01,70.24,-1.000,-1,-1,-1
468,53,927.16,332.66,43.91,139.83,0.786,-1,-1,-1
468,127,816.90,319.11,53.37,158.72,0.835,-1,-1,-1
468,132,1218.20,288.71,82.13,254.64,0.778,-1,-1,-1
468,152,615.61,335.80,40.26,88.53,0.816,-1,-1,-1
468,161,321.76,248.10,209.85,464.15,0.922,-1,-1,-1
468,165,978.02,330.43,26.35,71.10,0.781,-1,-1,-1
468,177,-8.54,334.05,64.52,155.33,0.817,-1,-1,-1
468,183,1198.32,300.49,48.44,227.67,0.723,-1,-1,-1
468,188,1148.47,330.32,45.28,137.73,0.808,-1,-1,-1
468,192,684.58,340.94,20.59,63.81,0.687,-1,-1,-1
468,193,1500.87,292.71,41.18,82.05,0.565,-1,-1,-1
468,195,654.10,338.67,21.82,69.50,0.590,-1,-1,-1
469,53,925.66,333.74,44.21,141.43,0.803,-1,-1,-1
469,127,815.62,320.17,53.55,159.32,0.842,-1,-1,-1
469,132,1214.22,291.72,83.33,254.79,0.718,-1,-1,-1
469,152,615.03,336.89,41.01,90.45,0.817,-1,-1,-1
469,161,313.74,251.29,208.12,468.37,0.918,-1,-1,-1
469,165,976.80,332.94,26.58,70.84,0.772,-1,-1,-1
469,177,-10.42,336.48,63.13,155.27,0.835,-1,-1,-1
469,183,1199.03,301.69,48.67,228.98,0.701,-1,-1,-1
469,188,1146.99,332.06,45.36,137.49,0.846,-1,-1,-1
469,192,683.65,343.29,20.53,63.35,0.742,-1,-1,-1
469,193,1501.40,294.95,41.04,81.46,0.589,-1,-1,-1
469,195,652.66,341.86,21.59,68.36,0.633,-1,-1,-1
469,196,1098.29,338.32,26.07,80.13,0.733,-1,-1,-1
470,53,925.14,335.05,44.45,142.49,0.747,-1,-1,-1
470,127,814.45,320.98,53.99,160.38,0.835,-1,-1,-1
470,132,1212.86,293.89,84.16,255.07,0.761,-1,-1,-1
470,152,615.46,337.79,41.31,91.55,0.808,-1,-1,-1
470,161,308.11,253.89,205.31,469.56,0.904,-1,-1,-1
470,165,976.85,334.48,26.76,70.97,0.746,-1,-1,-1
470,177,-12.35,338.11,61.84,154.89,0.716,-1,-1,-1
470,183,1201.01,303.60,48.99,230.07,0.547,-1,-1,-1
470,188,1146.06,333.36,45.72,138.02,0.827,-1,-1,-1
470,192,684.05,346.36,20.11,61.48,0.560,-1,-1,-1
470,193,1502.41,296.51,40.74,80.74,-1.000,-1,-1,-1
470,196,1098.71,338.63,25.68,78.87,-1.000,-1,-1,-1
470,197,1023.71,344.46,20.36,48.99,0.521,-1,-1,-1
470,198,704.24,349.37,20.57,60.30,0.514,-1,-1,-1
471,53,923.88,336.06,44.25,142.20,0.798,-1,-1,-1
471,127,812.64,320.64,54.29,161.01,0.867,-1,-1,-1
471,132,1211.75,294.77,85.55,257.03,0.724,-1,-1,-1
471,152,614.70,336.47,41.76,92.93,0.834,-1,-1,-1
471,161,301.92,254.24,203.43,472.80,0.902,-1,-1,-1
471,165,976.00,334.55,27.00,71.24,0.762,-1,-1,-1
471,177,-15.00,337.88,59.64,153.35,0.705,-1,-1,-1
471,183,1199.23,304.56,49.17,230.57,0.714,-1,-1,-1
471,188,1144.51,333.14,46.18,138.54,0.838,-1,-1,-1
471,192,683.20,347.91,19.73,59.76,0.665,-1,-1,-1
471,193,1503.43,298.07,40.44,80.02,0.540,-1,-1,-1
471,196,1099.13,338.94,25.30,77.62,0.665,-1,-1,-1
471,197,1023.24,345.39,20.13,48.45,0.586,-1,-1,-1
471,198,703.53,349.06,20.39,59.67,0.552,-1,-1,-1
472,53,922.22,335.77,44.56,143.66,0.792,-1,-1,-1
472,127,810.47,321.11,54.56,161.36,0.869,-1,-1,-1
472,132,1215.50,294.09,86.85,260.06,0.738,-1,-1,-1
472,152,613.41,336.33,42.20,94.64,0.839,-1,-1,-1
472,161,294.31,255.28,201.59,477.41,0.915,-1,-1,-1
472,165,974.69,334.65,27.37,71.63,0.787,-1,-1,-1
472,177,-17.62,339.20,57.49,152.66,0.693,-1,-1,-1
472,183,1198.32,306.33,49.53,230.76,0.758,-1,-1,-1
472,188,1142.09,333.71,46.66,139.02,0.839,-1,-1,-1
472,192,681.36,347.79,19.95,60.07,0.618,-1,-1,-1
472,193,1503.49,299.33,40.77,80.52,0.517,-1,-1,-1
472,196,1098.25,340.00,26.00,79.64,0.677,-1,-1,-1
472,197,1021.66,345.86,20.20,48.60,-1.000,-1,-1,-1
472,198,702.30,352.26,19.33,56.51,0.505,-1,-1,-1
473,53,918.91,336.67,44.54,144.12,0.798,-1,-1,-1
473,127,805.92,321.75,54.85,161.42,0.861,-1,-1,-1
473,132,1214.20,294.55,87.29,261.52,0.741,-1,-1,-1
473,152,610.09,335.79,42.50,96.14,0.808,-1,-1,-1
473,161,283.96,255.71,198.33,477.10,0.930,-1,-1,-1
473,165,971.80,335.13,27.61,71.97,0.782,-1,-1,-1
473,183,1197.09,307.32,50.16,232.21,0.716,-1,-1,-1
473,188,1138.35,335.08,47.23,138.96,0.839,-1,-1,-1
473,192,678.06,348.88,19.75,58.76,0.666,-1,-1,-1
473,196,1096.14,340.63,25.73,78.77,0.657,-1,-1,-1
473,197,1020.08,346.34,20.26,48.74,0.520,-1,-1,-1
473,198,700.04,351.04,19.78,57.74,-1.000,-1,-1,-1
473,199,881.09,354.41,40.02,84.14,0.537,-1,-1,-1
473,200,994.77,343.05,16.63,52.62,0.523,-1,-1,-1
474,53,916.34,335.84,44.96,145.87,0.808,-1,-1,-1
474,127,801.95,321.51,55.36,162.05,0.882,-1,-1,-1
474,132,1214.68,294.43,87.55,263.15,0.753,-1,-1,-1
474,152,607.73,335.08,42.73,97.51,0.817,-1,-1,-1
474,161,276.03,254.98,195.97,477.05,0.912,-1,-1,-1
474,165,970.21,335.49,27.60,72.01,0.775,-1,-1,-1
474,183,1194.76,307.69,50.60,234.05,0.749,-1,-1,-1
474,188,1134.90,336.24,47.50,138.26,0.829,-1,-1,-1
474,192,675.21,347.46,20.43,60.25,0.701,-1,-1,-1
474,196,1094.02,340.88,25.80,78.83,0.694,-1,-1,-1
474,197,1018.41,347.58,19.77,47.53,0.588,-1,-1,-1
474,198,697.78,349.82,20.23,58.97,0.546,-1,-1,-1
474,199,878.30,353.68,40.46,85.04,0.598,-1,-1,-1
474,200,992.91,344.14,16.35,51.73,0.587,-1,-1,-1
475,53,915.32,336.45,44.68,145.40,0.789,-1,-1,-1
475,127,799.41,321.43,55.37,162.22,0.812,-1,-1,-1
475,132,1214.87,294.44,87.98,264.25,0.743,-1,-1,-1
475,152,606.48,335.56,42.60,97.79,0.795,-1,-1,-1
475,161,270.60,254.97,194.19,476.27,0.901,-1,-1,-1
475,165,969.37,336.59,27.38,71.40,0.747,-1,-1,-1
475,183,1193.35,308.15,50.97,235.46,0.732,-1,-1,-1
475,188,1132.28,337.45,47.66,137.74,0.812,-1,-1,-1
475,192,673.05,347.12,20.88,61.03,0.653,-1,-1,-1
475,196,1093.24,341.13,25.90,78.98,0.644,-1,-1,-1
475,198,696.01,350.10,20.16,58.74,-1.000,-1,-1,-1
475,199,875.70,354.88,40.20,84.47,0.537,-1,-1,-1
475,200,992.21,344.38,16.16,51.12,-1.000,-1,-1,-1
476,53,914.33,335.86,44.78,146.07,0.804,-1,-1,-1
476,127,796.89,321.83,55.27,161.35,0.852,-1,-1,-1
476,132,1215.46,293.81,88.46,265.46,0.764,-1,-1,-1
476,152,605.06,335.73,45.08,104.52,0.782,-1,-1,-1
476,161,265.47,253.87,194.84,479.59,0.905,-1,-1,-1
476,165,968.69,336.20,27.49,71.87,0.780,-1,-1,-1
476,183,1193.12,308.00,51.22,236.36,0.760,-1,-1,-1
476,188,1130.84,337.93,48.20,137.33,0.836,-1,-1,-1
476,192,672.13,346.44,20.97,60.84,0.744,-1,-1,-1
476,196,1092.83,341.20,26.62,81.09,0.700,-1,-1,-1
476,198,694.25,350.38,20.09,58.50,0.534,-1,-1,-1
476,199,875.54,355.59,39.75,83.43,0.532,-1,-1,-1
476,200,991.52,344.63,15.96,50.50,0.579,-1,-1,-1
477,53,914.16,340.08,43.51,141.95,0.762,-1,-1,-1
477,127,794.93,322.44,55.37,161.07,0.849,-1,-1,-1
477,132,1214.74,292.70,89.00,267.44,0.756,-1,-1,-1
477,152,605.24,336.52,45.65,106.32,0.811,-1,-1,-1
477,161,260.20,253.12,196.17,483.17,0.915,-1,-1,-1
477,165,968.22,336.80,27.14,71.23,0.780,-1,-1,-1
477,183,1193.45,307.09,51.57,237.50,0.723,-1,-1,-1
477,188,1128.93,338.67,48.82,136.77,0.843,-1,-1,-1
477,192,670.84,346.48,21.18,61.09,0.726,-1,-1,-1
477,196,1092.62,341.34,26.37,80.27,0.660,-1,-1,-1
477,198,692.47,350.79,20.13,58.47,0.578,-1,-1,-1
477,200,990.27,345.61,16.20,51.27,-1.000,-1,-1,-1
478,53,912.86,343.89,42.63,138.95,0.748,-1,-1,-1
478,127,792.19,324.44,55.54,160.97,0.856,-1,-1,-1
478,132,1215.31,293.33,89.19,268.23,0.765,-1,-1,-1
478,152,605.09,339.27,45.73,107.19,0.792,-1,-1,-1
478,161,258.06,254.94,200.33,485.91,0.918,-1,-1,-1
478,165,967.70,339.20,26.35,69.69,0.751,-1,-1,-1
478,183,1193.75,307.93,51.90,238.21,0.702,-1,-1,-1
478,188,1125.66,340.60,49.31,136.33,0.831,-1,-1,-1
478,192,669.82,347.29,21.53,62.00,0.679,-1,-1,-1
478,196,1091.87,342.42,27.07,82.62,0.634,-1,-1,-1
478,198,691.23,353.13,20.06,58.05,0.534,-1,-1,-1
478,200,989.02,346.59,16.44,52.04,0.625,-1,-1,-1
478,201,1497.92,304.41,47.55,80.25,0.545,-1,-1,-1
479,53,912.63,346.97,42.39,137.83,-1.000,-1,-1,-1
479,127,791.46,326.19,55.32,160.61,-1.000,-1,-1,-1
479,132,1217.44,294.12,89.56,269.58,0.646,-1,-1,-1
479,152,605.76,342.09,45.22,106.58,-1.000,-1,-1,-1
479,161,256.55,258.66,202.07,482.23,0.904,-1,-1,-1
479,165,967.60,342.15,26.08,69.25,-1.000,-1,-1,-1
479,188,1124.11,342.46,48.81,135.37,0.684,-1,-1,-1
479,192,669.32,348.93,21.85,63.02,-1.000,-1,-1,-1
479,198,690.26,353.97,20.90,60.53,-1.000,-1,-1,-1
480,53,912.40,350.05,42.15,136.71,0.718,-1,-1,-1
480,127,790.73,327.95,55.10,160.25,0.808,-1,-1,-1
480,132,1218.27,294.87,90.19,272.01,0.766,-1,-1,-1
480,152,606.43,344.91,44.70,105.96,0.803,-1,-1,-1
480,161,252.41,263.67,207.69,486.64,0.923,-1,-1,-1
480,165,967.50,345.09,25.81,68.80,0.749,-1,-1,-1
480,188,1121.64,343.59,49.90,138.08,0.807,-1,-1,-1
480,192,668.81,350.58,22.17,64.05,0.661,-1,-1,-1
480,198,689.30,354.81,21.75,63.02,0.563,-1,-1,-1
481,53,914.30,350.31,42.60,137.20,0.736,-1,-1,-1
481,127,792.50,329.20,55.40,161.19,0.838,-1,-1,-1
481,132,1219.69,296.51,90.20,273.10,0.769,-1,-1,-1
481,152,608.81,346.67,43.91,105.09,0.783,-1,-1,-1
481,161,250.46,264.88,211.72,488.03,0.919,-1,-1,-1
481,165,969.38,346.40,25.63,68.43,0.722,-1,-1,-1
481,188,1122.00,344.14,50.38,137.73,0.787,-1,-1,-1
481,192,670.76,351.42,21.89,63.09,-1.000,-1,-1,-1
482,53,915.34,350.06,42.96,138.13,0.692,-1,-1,-1
482,127,795.32,329.71,55.64,161.58,0.852,-1,-1,-1
482,132,1223.10,297.27,90.05,272.92,0.675,-1,-1,-1
482,152,612.32,348.61,43.29,104.53,0.803,-1,-1,-1
482,161,249.59,268.85,215.35,488.81,0.923,-1,-1,-1
482,165,972.02,346.73,25.48,68.33,0.726,-1,-1,-1
482,188,1124.03,344.10,50.63,137.33,0.779,-1,-1,-1
482,192,672.71,352.27,21.62,62.12,0.547,-1,-1,-1
483,53,917.33,347.99,43.67,140.82,0.728,-1,-1,-1
483,127,798.63,329.84,55.16,160.32,0.867,-1,-1,-1
483,132,1227.21,297.34,90.47,275.47,0.686,-1,-1,-1
483,152,617.20,348.70,43.69,106.45,0.814,-1,-1,-1
483,161,246.76,275.41,217.89,487.83,0.917,-1,-1,-1
483,165,975.98,346.91,25.32,68.26,0.759,-1,-1,-1
483,188,1127.35,344.05,51.18,137.63,0.831,-1,-1,-1
483,202,377.99,336.43,68.46,114.94,0.648,-1,-1,-1
484,53,919.09,341.71,45.46,146.65,0.742,-1,-1,-1
484,127,802.08,328.42,55.30,160.85,0.844,-1,-1,-1
484,132,1232.99,296.02,90.78,277.75,0.702,-1,-1,-1
484,152,621.62,347.06,43.91,107.88,0.806,-1,-1,-1
484,161,245.75,279.65,221.17,489.15,0.920,-1,-1,-1
484,165,980.59,345.09,25.42,68.91,0.760,-1,-1,-1
484,188,1130.66,342.84,51.67,137.94,0.832,-1,-1,-1
484,202,378.86,336.04,68.75,115.47,0.546,-1,-1,-1
484,203,1213.24,308.62,56.02,246.75,0.682,-1,-1,-1
484,204,887.07,364.31,36.91,83.79,0.533,-1,-1,-1
485,53,920.85,338.82,46.33,149.11,0.791,-1,-1,-1
485,127,804.48,326.97,55.88,162.73,0.857,-1,-1,-1
485,132,1238.18,294.88,90.98,278.98,0.733,-1,-1,-1
485,152,625.40,344.98,44.25,109.92,0.803,-1,-1,-1
485,161,244.03,281.70,224.33,491.05,0.917,-1,-1,-1
485,165,983.38,343.82,25.88,70.20,0.767,-1,-1,-1
485,188,1133.41,341.86,52.15,138.26,0.840,-1,-1,-1
485,202,367.77,335.72,89.81,151.65,0.561,-1,-1,-1
485,203,1216.63,306.86,56.43,248.64,0.663,-1,-1,-1
485,204,889.38,364.35,36.67,83.17,0.606,-1,-1,-1
485,205,707.40,353.97,24.18,62.58,0.582,-1,-1,-1
486,53,919.81,336.02,46.86,150.43,0.826,-1,-1,-1
486,127,806.04,325.80,55.93,163.48,0.867,-1,-1,-1
486,132,1243.05,293.96,91.29,279.24,0.742,-1,-1,-1
486,152,628.42,342.96,44.29,110.82,0.821,-1,-1,-1
486,161,241.06,284.52,226.49,491.07,0.920,-1,-1,-1
486,165,985.12,341.18,26.05,71.15,0.775,-1,-1,-1
486,188,1133.94,340.96,52.45,137.99,0.846,-1,-1,-1
486,202,362.13,334.84,99.57,169.37,0.632,-1,-1,-1
486,203,1219.49,305.45,56.58,249.24,0.643,-1,-1,-1
486,204,889.97,363.61,36.52,82.75,0.506,-1,-1,-1
486,205,708.76,355.87,23.02,59.66,0.505,-1,-1,-1
486,206,688.08,352.76,23.17,62.31,0.640,-1,-1,-1
487,53,920.75,333.73,47.56,150.53,0.808,-1,-1,-1
487,127,807.65,323.31,55.69,163.60,0.864,-1,-1,-1
487,132,1248.20,290.43,92.84,281.39,0.769,-1,-1,-1
487,152,629.75,339.00,44.42,111.83,0.806,-1,-1,-1
487,161,238.54,286.43,227.59,488.55,0.919,-1,-1,-1
487,165,986.60,338.83,25.92,70.84,0.746,-1,-1,-1
487,188,1135.17,338.89,52.60,137.96,0.853,-1,-1,-1
487,202,356.99,332.99,105.16,180.69,0.619,-1,-1,-1
487,203,1220.36,303.62,56.74,250.16,0.642,-1,-1,-1
487,205,710.75,353.00,23.38,60.56,-1.000,-1,-1,-1
487,206,689.68,350.90,22.56,60.69,0.639,-1,-1,-1
488,53,921.60,332.01,47.87,150.48,0.811,-1,-1,-1
488,127,809.63,322.12,55.39,163.09,0.855,-1,-1,-1
488,132,1248.89,287.54,93.44,284.16,0.751,-1,-1,-1
488,152,634.05,336.84,44.06,111.75,0.811,-1,-1,-1
488,161,232.06,288.10,231.35,492.78,0.924,-1,-1,-1
488,165,988.93,338.31,25.22,69.03,0.766,-1,-1,-1
488,188,1137.64,337.21,52.40,137.09,0.839,-1,-1,-1
488,202,351.82,331.83,113.84,197.42,0.550,-1,-1,-1
488,203,1224.10,300.62,57.24,252.09,0.551,-1,-1,-1
488,205,712.75,350.14,23.73,61.47,0.587,-1,-1,-1
488,206,692.32,348.30,22.44,60.39,0.659,-1,-1,-1
488,207,1010.92,343.39,15.43,52.89,0.622,-1,-1,-1
488,208,1119.17,336.16,24.07,85.43,0.581,-1,-1,-1
488,209,1037.85,346.76,20.58,47.31,0.607,-1,-1,-1
489,53,921.14,330.80,48.01,150.15,0.816,-1,-1,-1
489,127,811.92,320.80,54.60,160.90,0.845,-1,-1,-1
489,132,1250.22,285.59,93.08,284.33,0.678,-1,-1,-1
489,152,637.41,335.81,43.43,110.66,0.817,-1,-1,-1
489,161,227.26,288.03,233.85,494.50,0.924,-1,-1,-1
489,165,990.31,336.91,25.35,69.58,0.762,-1,-1,-1
489,188,1139.90,335.93,52.20,136.44,0.817,-1,-1,-1
489,202,347.03,330.09,119.95,210.69,0.582,-1,-1,-1
489,203,1227.76,298.02,57.66,254.09,0.633,-1,-1,-1
489,205,714.86,349.26,23.28,60.40,0.531,-1,-1,-1
489,206,694.47,346.35,22.46,60.53,0.691,-1,-1,-1
489,207,1013.42,341.58,15.35,52.54,0.632,-1,-1,-1
489,208,1122.86,335.16,23.82,84.32,0.709,-1,-1,-1
489,209,1039.52,344.35,20.99,48.28,0.503,-1,-1,-1
490,53,921.78,330.61,48.01,148.91,0.805,-1,-1,-1
490,127,814.48,319.32,54.73,161.54,0.858,-1,-1,-1
490,132,1252.93,283.88,92.92,285.20,0.705,-1,-1,-1
490,152,640.25,335.72,42.92,109.72,0.819,-1,-1,-1
490,161,223.33,288.48,236.13,495.94,0.925,-1,-1,-1
490,165,992.18,335.35,25.40,69.90,0.780,-1,-1,-1
490,188,1142.91,334.48,52.29,136.53,0.805,-1,-1,-1
490,202,343.87,328.99,126.54,225.99,0.664,-1,-1,-1
490,203,1231.66,296.55,57.85,255.07,0.620,-1,-1,-1
490,206,697.50,346.12,22.47,60.66,0.667,-1,-1,-1
490,207,1015.53,340.20,15.80,54.05,0.581,-1,-1,-1
490,208,1125.88,334.44,24.17,85.39,0.643,-1,-1,-1
490,209,1041.78,343.61,21.06,48.39,0.616,-1,-1,-1
491,53,921.93,330.17,48.41,149.27,0.828,-1,-1,-1
491,127,816.19,319.99,54.70,161.75,0.858,-1,-1,-1
491,132,1256.20,282.46,93.70,288.49,0.758,-1,-1,-1
491,152,642.21,336.41,42.65,109.58,0.807,-1,-1,-1
491,161,219.77,289.06,238.84,498.62,0.918,-1,-1,-1
491,165,993.64,334.00,25.80,71.05,0.795,-1,-1,-1
491,188,1144.68,333.65,52.47,136.70,0.810,-1,-1,-1
491,202,341.47,328.27,128.68,233.84,0.655,-1,-1,-1
491,203,1236.42,296.33,57.97,255.26,0.796,-1,-1,-1
491,206,699.78,345.70,22.39,60.64,0.683,-1,-1,-1
491,207,1017.96,340.17,15.79,53.92,0.678,-1,-1,-1
491,208,1127.63,334.86,24.37,85.95,0.717,-1,-1,-1
491,209,1043.57,343.83,20.92,48.02,0.642,-1,-1,-1
492,53,922.69,330.06,48.56,148.70,0.815,-1,-1,-1
492,127,818.45,320.34,54.92,162.94,0.859,-1,-1,-1
492,132,1258.94,282.28,94.92,291.54,0.794,-1,-1,-1
492,152,644.36,337.96,42.54,110.11,0.793,-1,-1,-1
492,161,215.65,288.93,242.02,502.20,0.920,-1,-1,-1
492,165,995.10,334.32,25.93,71.30,0.797,-1,-1,-1
492,188,1146.86,333.74,52.24,136.07,0.818,-1,-1,-1
492,202,338.28,328.86,129.93,241.58,0.708,-1,-1,-1
492,203,1239.23,296.53,57.98,256.03,0.813,-1,-1,-1
492,206,701.82,345.70,22.54,61.27,0.667,-1,-1,-1
492,207,1020.56,340.92,15.85,53.97,0.671,-1,-1,-1
492,208,1129.72,335.73,24.91,87.68,0.755,-1,-1,-1
492,209,1045.28,344.01,21.14,48.54,0.547,-1,-1,-1
493,53,924.89,334.22,48.06,145.73,0.690,-1,-1,-1
493,127,821.30,321.76,54.86,163.10,0.864,-1,-1,-1
493,132,1266.87,282.20,96.32,293.93,0.784,-1,-1,-1
493,152,648.33,340.72,42.04,109.57,0.814,-1,-1,-1
493,161,207.49,289.79,246.89,508.50,0.930,-1,-1,-1
493,165,997.65,336.08,25.79,70.60,0.773,-1,-1,-1
493,188,1149.10,334.91,52.20,135.96,0.815,-1,-1,-1
493,202,335.73,330.06,130.98,249.82,0.737,-1,-1,-1
493,203,1243.16,297.23,58.67,259.53,0.661,-1,-1,-1
493,206,705.00,347.02,22.68,61.82,0.605,-1,-1,-1
493,207,1024.10,343.10,15.74,53.41,0.706,-1,-1,-1
493,208,1132.35,336.74,25.16,88.38,0.549,-1,-1,-1
493,209,1048.64,346.90,21.18,48.61,0.594,-1,-1,-1
494,53,927.27,337.73,47.76,143.06,0.679,-1,-1,-1
494,127,822.31,323.63,54.32,161.41,0.861,-1,-1,-1
494,132,1271.92,282.89,97.59,295.78,0.813,-1,-1,-1
494,152,651.54,341.17,41.88,109.78,0.777,-1,-1,-1
494,161,201.24,290.64,249.95,511.88,0.925,-1,-1,-1
494,165,1000.25,339.02,25.52,70.06,0.682,-1,-1,-1
494,188,1151.04,335.77,52.52,136.69,0.795,-1,-1,-1
494,202,331.78,330.76,131.30,254.25,0.605,-1,-1,-1
494,203,1248.33,298.30,59.01,260.39,0.670,-1,-1,-1
494,206,707.16,347.30,23.52,64.05,0.526,-1,-1,-1
494,207,1026.60,344.60,15.79,53.46,-1.000,-1,-1,-1
494,209,1051.14,349.09,20.98,48.10,-1.000,-1,-1,-1
495,53,930.23,347.24,45.84,135.56,0.743,-1,-1,-1
495,127,824.37,324.73,54.34,161.85,0.869,-1,-1,-1
495,132,1274.68,285.01,97.86,296.93,0.698,-1,-1,-1
495,152,654.16,343.04,41.78,109.85,0.826,-1,-1,-1
495,161,195.18,291.31,253.13,515.16,0.928,-1,-1,-1
495,165,1002.37,339.68,26.20,71.74,0.764,-1,-1,-1
495,188,1152.20,337.41,53.26,138.09,0.841,-1,-1,-1
495,202,332.76,332.27,128.37,255.01,0.747,-1,-1,-1
495,203,1252.11,299.90,59.35,261.88,0.689,-1,-1,-1
495,206,708.96,348.88,23.69,64.83,0.677,-1,-1,-1
495,207,1029.11,346.10,15.83,53.51,0.626,-1,-1,-1
495,209,1053.64,351.28,20.78,47.58,0.609,-1,-1,-1
496,53,930.07,342.39,47.72,140.52,0.680,-1,-1,-1
496,127,825.94,323.62,54.66,162.61,0.858,-1,-1,-1
496,132,1276.96,285.43,97.68,297.66,0.685,-1,-1,-1
496,152,655.96,341.83,41.69,109.51,0.816,-1,-1,-1
496,161,188.95,290.38,257.08,520.33,0.930,-1,-1,-1
496,165,1003.80,339.64,26.30,71.73,0.770,-1,-1,-1
496,188,1153.61,337.45,53.30,137.97,0.829,-1,-1,-1
496,202,333.48,332.71,126.10,256.69,0.750,-1,-1,-1
496,203,1254.90,299.76,59.68,262.66,0.699,-1,-1,-1
496,206,710.66,349.85,23.55,64.52,0.583,-1,-1,-1
496,207,1031.25,345.69,16.20,54.45,0.668,-1,-1,-1
496,209,1054.52,348.71,22.37,51.33,0.604,-1,-1,-1
497,53,929.46,345.19,46.90,138.84,0.672,-1,-1,-1
497,127,826.03,324.95,55.06,163.89,0.871,-1,-1,-1
497,132,1280.32,287.45,97.95,299.70,0.735,-1,-1,-1
497,152,657.43,343.06,41.40,109.30,0.834,-1,-1,-1
497,161,181.68,290.84,261.79,527.30,0.924,-1,-1,-1
497,165,1004.79,339.72,26.81,73.12,0.756,-1,-1,-1
497,188,1153.90,339.60,53.36,137.41,0.821,-1,-1,-1
497,202,333.04,333.74,123.42,257.85,0.805,-1,-1,-1
497,203,1256.53,301.50,60.03,264.39,0.787,-1,-1,-1
497,206,711.05,350.42,23.65,64.91,0.649,-1,-1,-1
497,207,1032.34,346.70,16.39,54.74,0.601,-1,-1,-1
497,209,1055.31,348.69,22.96,52.77,0.512,-1,-1,-1
497,210,627.25,348.79,29.23,72.37,0.629,-1,-1,-1
498,53,927.54,341.86,48.02,142.84,0.659,-1,-1,-1
498,127,826.70,324.14,55.49,164.37,0.875,-1,-1,-1
498,132,1288.87,286.71,99.93,302.75,0.798,-1,-1,-1
498,152,661.52,341.46,41.22,109.58,0.835,-1,-1,-1
498,161,171.66,289.63,266.44,534.13,0.928,-1,-1,-1
498,165,1006.09,339.38,27.26,73.79,0.756,-1,-1,-1
498,188,1155.44,340.81,53.61,137.60,0.804,-1,-1,-1
498,202,329.66,332.89,124.24,266.03,0.782,-1,-1,-1
498,203,1260.43,301.96,60.47,265.97,0.713,-1,-1,-1
498,206,713.15,350.52,23.75,64.96,0.642,-1,-1,-1
498,207,1034.90,346.39,16.63,55.10,0.523,-1,-1,-1
498,210,626.92,347.44,29.21,72.32,-1.000,-1,-1,-1
499,53,925.67,338.07,48.81,146.63,0.651,-1,-1,-1
499,127,825.99,323.39,55.89,164.93,0.891,-1,-1,-1
499,132,1293.48,286.09,101.52,304.62,0.816,-1,-1,-1
499,152,663.12,340.37,41.15,110.33,0.831,-1,-1,-1
499,161,162.60,288.75,270.25,539.11,0.933,-1,-1,-1
499,165,1007.13,338.09,27.39,73.73,0.788,-1,-1,-1
499,188,1155.76,341.23,53.62,136.93,0.800,-1,-1,-1
499,202,328.10,331.81,121.49,265.90,0.786,-1,-1,-1
499,203,1263.13,301.80,60.71,266.28,0.777,-1,-1,-1
499,206,713.85,349.66,23.82,64.98,0.621,-1,-1,-1
499,207,1036.56,346.34,16.59,54.58,0.607,-1,-1,-1
499,210,626.59,346.09,29.18,72.28,0.626,-1,-1,-1
500,53,923.27,334.27,49.03,148.79,0.692,-1,-1,-1
500,127,825.55,322.00,55.96,164.38,0.879,-1,-1,-1
500,132,1296.55,284.75,102.57,304.95,0.810,-1,-1,-1
500,152,663.95,338.49,41.22,111.08,0.834,-1,-1,-1
500,161,153.54,287.61,273.16,541.63,0.933,-1,-1,-1
500,165,1007.66,337.07,27.27,72.80,0.790,-1,-1,-1
500,188,1154.79,339.51,53.94,137.48,0.809,-1,-1,-1
500,202,325.76,330.30,120.66,268.16,0.689,-1,-1,-1
500,203,1265.45,300.99,60.75,266.63,0.792,-1,-1,-1
500,206,714.01,348.03,23.78,64.79,0.636,-1,-1,-1
500,207,1037.53,345.92,16.59,54.16,0.571,-1,-1,-1
500,210,626.45,343.22,29.41,72.92,-1.000,-1,-1,-1
500,211,1579.00,298.76,49.48,87.60,0.535,-1,-1,-1
501,53,921.18,332.19,48.95,149.45,0.666,-1,-1,-1
501,127,824.93,319.78,56.27,164.43,0.886,-1,-1,-1
501,132,1298.33,282.36,103.67,306.92,0.763,-1,-1,-1
501,152,665.47,335.92,40.89,110.87,0.829,-1,-1,-1
501,161,145.20,283.48,277.06,546.35,0.931,-1,-1,-1
501,165,1008.51,334.58,27.82,74.03,0.791,-1,-1,-1
501,188,1154.53,337.85,53.86,136.86,0.804,-1,-1,-1
501,202,326.24,327.91,117.04,264.57,0.703,-1,-1,-1
501,203,1268.67,298.44,61.43,268.31,0.798,-1,-1,-1
501,206,714.60,345.93,23.58,64.01,0.660,-1,-1,-1
501,207,1039.10,343.62,16.57,53.63,0.674,-1,-1,-1
501,210,626.31,340.36,29.63,73.55,0.657,-1,-1,-1
502,53,920.01,330.98,48.65,149.55,0.707,-1,-1,-1
502,127,824.96,318.81,56.31,163.70,0.872,-1,-1,-1
502,132,1296.23,280.03,103.24,307.75,0.779,-1,-1,-1
502,152,666.72,334.13,40.80,110.93,0.829,-1,-1,-1
502,161,135.00,280.51,281.51,551.68,0.936,-1,-1,-1
502,165,1009.12,332.64,28.07,74.45,0.764,-1,-1,-1
502,188,1153.76,335.56,54.20,137.12,0.812,-1,-1,-1
502,202,328.60,325.71,113.62,262.98,0.725,-1,-1,-1
502,203,1271.00,296.33,62.08,269.92,0.771,-1,-1,-1
502,206,714.89,344.65,23.51,63.59,0.655,-1,-1,-1
502,207,1039.88,341.73,16.61,53.29,0.694,-1,-1,-1
502,210,626.01,338.80,29.41,73.16,0.608,-1,-1,-1
503,53,918.97,329.22,48.82,149.79,0.758,-1,-1,-1
503,127,823.81,317.34,56.54,163.46,0.881,-1,-1,-1
503,132,1296.16,277.42,103.16,309.52,0.714,-1,-1,-1
503,152,670.27,333.01,41.01,110.41,0.838,-1,-1,-1
503,161,119.29,276.71,287.70,560.02,0.933,-1,-1,-1
503,165,1010.07,331.80,27.61,72.83,0.787,-1,-1,-1
503,188,1152.04,333.13,53.95,135.88,0.825,-1,-1,-1
503,202,322.73,322.71,115.58,272.88,0.702,-1,-1,-1
503,203,1273.53,293.68,62.83,271.91,0.779,-1,-1,-1
503,206,715.18,341.98,23.40,63.31,0.632,-1,-1,-1
503,207,1040.53,340.30,16.59,52.59,0.686,-1,-1,-1
503,210,623.83,334.91,30.22,75.30,0.532,-1,-1,-1
503,212,1063.03,344.95,20.85,47.64,0.506,-1,-1,-1
504,53,918.72,325.65,49.52,152.10,0.774,-1,-1,-1
504,127,824.12,315.97,56.28,161.91,0.873,-1,-1,-1
504,132,1300.01,275.66,103.44,309.89,0.730,-1,-1,-1
504,152,673.44,332.05,41.24,109.93,0.819,-1,-1,-1
504,161,108.27,272.96,292.78,566.36,0.936,-1,-1,-1
504,165,1012.49,331.23,27.06,71.55,0.724,-1,-1,-1
504,188,1151.55,330.64,54.15,136.06,0.817,-1,-1,-1
504,202,321.78,319.66,112.40,270.70,0.731,-1,-1,-1
504,203,1276.44,291.60,63.48,274.00,0.695,-1,-1,-1
504,206,716.74,339.23,23.51,63.46,0.534,-1,-1,-1
504,207,1041.42,338.63,17.01,53.15,0.632,-1,-1,-1
504,210,624.14,333.74,30.05,74.97,0.555,-1,-1,-1
505,53,917.30,326.42,49.55,151.44,0.833,-1,-1,-1
505,127,822.14,316.06,56.93,162.72,0.889,-1,-1,-1
505,132,1300.13,274.31,103.82,312.90,0.731,-1,-1,-1
505,152,672.96,333.03,40.73,108.79,0.822,-1,-1,-1
505,161,97.59,270.49,298.39,574.94,0.931,-1,-1,-1
505,165,1012.70,331.23,26.70,70.58,0.783,-1,-1,-1
505,188,1151.07,329.57,54.86,137.12,0.846,-1,-1,-1
505,202,319.29,318.87,110.15,270.21,0.703,-1,-1,-1
505,203,1277.31,290.48,64.10,275.88,0.762,-1,-1,-1
505,206,716.42,338.49,23.21,62.72,0.541,-1,-1,-1
505,207,1041.16,338.62,17.03,52.84,0.668,-1,-1,-1
505,210,621.88,334.37,29.83,74.57,0.618,-1,-1,-1
506,53,916.00,324.96,49.88,152.07,0.835,-1,-1,-1
506,127,821.54,315.14,57.36,163.32,0.882,-1,-1,-1
506,132,1301.29,272.71,104.33,316.50,0.808,-1,-1,-1
506,152,673.47,333.32,40.10,107.45,0.846,-1,-1,-1
506,161,88.75,266.82,301.70,579.25,0.931,-1,-1,-1
506,165,1013.54,330.15,26.88,71.21,0.757,-1,-1,-1
506,188,1151.58,328.32,55.05,137.27,0.834,-1,-1,-1
506,202,319.17,317.17,107.04,268.48,0.754,-1,-1,-1
506,203,1278.18,289.09,64.77,277.71,0.808,-1,-1,-1
506,206,716.80,337.19,23.01,61.91,0.675,-1,-1,-1
506,207,1041.21,338.08,17.21,52.91,0.728,-1,-1,-1
506,210,620.63,332.93,29.89,74.89,0.533,-1,-1,-1
507,53,915.07,325.04,49.66,150.86,-1.000,-1,-1,-1
507,127,824.51,314.53,54.62,155.16,0.814,-1,-1,-1
507,132,1306.88,272.47,104.32,315.61,0.695,-1,-1,-1
507,152,674.10,328.22,42.18,112.59,0.717,-1,-1,-1
507,161,79.37,264.32,305.53,585.92,0.933,-1,-1,-1
507,165,1015.58,331.22,26.44,70.27,-1.000,-1,-1,-1
507,188,1151.85,328.27,54.57,136.81,0.823,-1,-1,-1
507,202,314.59,316.47,106.04,268.45,0.535,-1,-1,-1
507,203,1280.78,289.07,65.05,278.42,-1.000,-1,-1,-1
507,206,718.34,336.51,23.61,63.62,-1.000,-1,-1,-1
507,207,1042.50,337.10,17.65,54.13,-1.000,-1,-1,-1
508,53,914.13,325.12,49.44,149.64,0.720,-1,-1,-1
508,127,825.03,312.69,56.65,160.98,0.853,-1,-1,-1
508,132,1309.42,271.20,105.49,320.08,0.772,-1,-1,-1
508,152,676.73,330.63,41.23,110.21,0.830,-1,-1,-1
508,161,66.23,261.87,313.07,598.75,0.925,-1,-1,-1
508,165,1017.61,332.29,26.00,69.34,0.751,-1,-1,-1
508,188,1153.77,329.37,54.66,137.06,0.825,-1,-1,-1
508,202,312.65,316.79,105.37,270.43,0.599,-1,-1,-1
508,203,1283.38,289.06,65.33,279.12,0.732,-1,-1,-1
508,206,719.88,335.82,24.21,65.33,0.604,-1,-1,-1
508,207,1043.80,336.13,18.09,55.35,0.569,-1,-1,-1
509,53,914.98,322.37,50.40,151.45,0.673,-1,-1,-1
509,127,828.31,310.62,57.86,164.01,0.868,-1,-1,-1
509,132,1318.18,269.48,107.50,323.71,0.779,-1,-1,-1
509,152,681.26,329.11,41.19,109.84,0.816,-1,-1,-1
509,161,56.24,258.48,319.49,608.15,0.942,-1,-1,-1
509,165,1021.17,330.56,26.09,69.80,0.688,-1,-1,-1
509,188,1157.07,328.82,54.55,136.52,0.815,-1,-1,-1
509,202,313.67,316.06,104.87,273.19,0.612,-1,-1,-1
509,203,1288.72,287.57,65.87,280.18,0.706,-1,-1,-1
509,206,723.61,335.49,24.10,65.37,-1.000,-1,-1,-1
509,207,1046.87,335.21,17.98,54.84,-1.000,-1,-1,-1
510,53,915.92,318.49,51.63,154.08,0.774,-1,-1,-1
510,127,831.12,309.12,57.55,163.36,0.872,-1,-1,-1
510,132,1324.67,268.30,108.53,325.75,0.826,-1,-1,-1
510,152,686.02,328.49,40.53,108.41,0.823,-1,-1,-1
510,161,48.21,255.96,324.56,615.29,0.935,-1,-1,-1
510,165,1024.18,327.69,26.85,71.99,0.760,-1,-1,-1
510,188,1160.50,327.70,54.72,136.90,0.861,-1,-1,-1
510,202,315.83,314.65,103.42,273.91,0.622,-1,-1,-1
510,203,1294.96,285.47,66.97,283.42,0.818,-1,-1,-1
510,206,727.35,335.16,24.00,65.42,0.643,-1,-1,-1
510,207,1049.94,334.29,17.87,54.34,0.727,-1,-1,-1
511,53,921.52,317.90,50.66,152.97,0.815,-1,-1,-1
511,127,833.05,308.03,57.32,163.58,0.857,-1,-1,-1
511,132,1330.44,266.51,110.18,328.31,0.822,-1,-1,-1
511,152,690.23,327.33,40.23,108.08,0.832,-1,-1,-1
511,161,41.86,255.03,328.00,619.23,0.929,-1,-1,-1
511,165,1026.95,326.09,26.88,72.14,0.760,-1,-1,-1
511,188,1163.88,326.13,55.00,137.89,0.847,-1,-1,-1
511,202,316.76,313.64,103.42,278.46,0.597,-1,-1,-1
511,203,1299.89,283.95,67.89,285.22,0.831,-1,-1,-1
511,206,730.85,334.86,23.70,64.90,0.514,-1,-1,-1
511,207,1052.89,332.90,17.92,54.06,0.658,-1,-1,-1
512,53,924.57,318.22,49.98,149.80,0.783,-1,-1,-1
512,127,836.64,306.18,56.85,162.22,0.871,-1,-1,-1
512,132,1336.79,263.81,111.08,330.28,0.817,-1,-1,-1
512,152,694.26,322.78,40.88,110.90,0.820,-1,-1,-1
512,161,33.03,251.35,334.64,629.11,0.944,-1,-1,-1
512,165,1030.98,323.68,26.75,72.21,0.779,-1,-1,-1
512,188,1168.14,323.78,55.02,138.09,0.866,-1,-1,-1
512,202,317.64,311.51,103.26,282.65,0.639,-1,-1,-1
512,203,1303.64,281.47,68.36,286.34,0.793,-1,-1,-1
512,206,735.12,332.47,23.80,65.62,0.663,-1,-1,-1
512,207,1056.44,330.68,17.93,54.11,0.642,-1,-1,-1
512,213,969.85,353.56,39.66,81.22,0.601,-1,-1,-1
512,214,756.59,337.38,24.24,61.90,0.615,-1,-1,-1
513,53,924.91,313.28,51.53,152.07,0.847,-1,-1,-1
513,127,840.28,301.66,57.70,164.85,0.863,-1,-1,-1
513,132,1339.67,258.04,111.00,333.29,0.767,-1,-1,-1
513,152,699.36,319.46,40.23,109.81,0.801,-1,-1,-1
513,161,17.71,248.27,340.16,635.68,0.942,-1,-1,-1
513,165,1035.37,321.40,25.98,70.06,0.778,-1,-1,-1
513,188,1172.15,320.67,54.66,137.13,0.804,-1,-1,-1
513,202,318.70,307.58,101.63,281.85,0.590,-1,-1,-1
513,203,1310.44,275.65,69.45,289.79,0.772,-1,-1,-1
513,206,738.90,329.06,23.43,64.75,0.678,-1,-1,-1
513,207,1060.03,326.33,18.42,55.56,0.581,-1,-1,-1
513,213,972.46,348.59,40.34,82.68,0.674,-1,-1,-1
513,214,760.08,331.23,24.84,63.38,0.560,-1,-1,-1
514,53,924.38,308.58,53.01,153.83,0.842,-1,-1,-1
514,127,841.36,297.73,57.87,166.49,0.856,-1,-1,-1
514,132,1343.34,253.19,110.37,334.38,0.755,-1,-1,-1
514,152,702.94,315.41,40.10,109.79,0.825,-1,-1,-1
514,161,8.14,244.55,344.78,641.46,0.943,-1,-1,-1
514,165,1038.38,315.70,26.52,71.88,0.768,-1,-1,-1
514,188,1175.08,316.33,54.18,136.00,0.804,-1,-1,-1
514,202,320.41,303.24,99.28,280.28,0.727,-1,-1,-1
514,203,1316.21,271.07,70.28,292.40,0.794,-1,-1,-1
514,206,742.12,325.30,23.08,63.91,0.676,-1,-1,-1
514,207,1063.02,322.04,18.66,56.10,0.610,-1,-1,-1
514,213,976.34,344.83,39.48,80.95,0.618,-1,-1,-1
514,214,763.85,327.47,24.39,62.20,0.641,-1,-1,-1
514,215,1089.67,325.82,23.43,51.37,0.651,-1,-1,-1
515,53,923.78,306.24,53.55,153.38,0.854,-1,-1,-1
515,127,842.59,294.98,57.79,167.23,0.878,-1,-1,-1
515,132,1350.06,250.81,111.09,336.77,0.747,-1,-1,-1
515,152,705.53,312.34,39.99,109.61,0.822,-1,-1,-1
515,161,1.80,242.04,348.49,647.15,0.945,-1,-1,-1
515,165,1040.49,312.47,26.48,71.94,0.790,-1,-1,-1
515,188,1177.18,312.12,54.04,135.65,0.788,-1,-1,-1
515,202,321.35,299.59,97.75,281.18,0.762,-1,-1,-1
515,203,1320.23,268.08,71.03,294.88,0.823,-1,-1,-1
515,206,744.53,322.40,22.94,63.63,0.703,-1,-1,-1
515,207,1065.61,318.71,18.73,56.21,0.705,-1,-1,-1
515,213,978.92,340.24,40.22,82.54,0.652,-1,-1,-1
515,214,766.47,323.48,24.39,62.16,0.657,-1,-1,-1
515,215,1091.35,321.98,23.07,50.53,0.647,-1,-1,-1
516,53,924.20,304.76,53.74,152.10,0.850,-1,-1,-1
516,127,843.19,292.99,57.19,166.31,0.877,-1,-1,-1
516,132,1352.80,249.47,110.95,337.48,0.781,-1,-1,-1
516,152,706.87,310.12,39.88,108.94,0.819,-1,-1,-1
516,161,-3.04,239.07,351.91,653.91,0.938,-1,-1,-1
516,165,1040.98,308.67,26.84,73.07,0.780,-1,-1,-1
516,188,1177.83,308.77,54.51,136.26,0.814,-1,-1,-1
516,202,318.07,296.73,97.77,281.88,-1.000,-1,-1,-1
516,203,1322.45,265.21,71.85,297.59,0.805,-1,-1,-1
516,206,746.04,321.10,22.60,62.62,0.657,-1,-1,-1
516,207,1067.09,315.89,18.89,56.58,0.734,-1,-1,-1
516,213,980.48,337.19,40.39,82.98,0.675,-1,-1,-1
516,214,767.15,318.68,25.42,64.83,0.624,-1,-1,-1
516,215,1092.97,318.87,23.14,50.65,0.625,-1,-1,-1
517,53,925.34,303.37,53.82,151.79,0.839,-1,-1,-1
517,127,844.73,291.69,56.45,164.91,0.890,-1,-1,-1
517,132,1355.07,246.44,110.62,339.59,0.836,-1,-1,-1
517,152,709.00,308.19,39.74,107.84,0.823,-1,-1,-1
517,161,-8.17,234.66,355.21,662.61,0.944,-1,-1,-1
517,165,1042.77,307.39,26.49,72.03,0.812,-1,-1,-1
517,188,1179.50,305.62,54.85,137.05,0.834,-1,-1,-1
517,202,314.79,293.86,97.79,282.58,0.727,-1,-1,-1
517,203,1325.38,262.97,71.75,297.66,0.822,-1,-1,-1
517,206,747.82,319.11,22.38,62.17,0.701,-1,-1,-1
517,207,1068.69,313.00,19.16,57.43,0.730,-1,-1,-1
517,213,983.58,335.64,39.59,81.66,0.661,-1,-1,-1
517,214,767.68,312.75,26.83,68.63,0.617,-1,-1,-1
517,215,1094.54,316.81,23.27,50.95,0.630,-1,-1,-1
518,53,923.85,302.83,53.38,150.82,0.862,-1,-1,-1
518,127,845.23,290.16,56.14,165.17,0.876,-1,-1,-1
518,132,1356.06,244.85,110.41,340.57,0.797,-1,-1,-1
518,152,710.95,306.43,40.16,109.27,0.814,-1,-1,-1
518,161,-15.51,227.85,360.24,677.75,0.947,-1,-1,-1
518,165,1043.90,306.02,26.48,71.78,0.793,-1,-1,-1
518,188,1179.92,303.80,55.25,137.95,0.843,-1,-1,-1
518,203,1328.56,261.06,72.45,300.15,0.802,-1,-1,-1
518,206,749.61,316.80,22.23,61.87,0.652,-1,-1,-1
518,207,1070.18,312.01,18.92,56.48,0.688,-1,-1,-1
518,213,984.40,333.87,39.55,81.87,0.679,-1,-1,-1
518,214,768.81,311.66,26.53,67.99,0.522,-1,-1,-1
518,215,1095.26,316.22,23.14,50.72,0.658,-1,-1,-1
519,53,923.61,301.68,52.83,150.22,0.830,-1,-1,-1
519,127,845.81,287.98,56.24,166.22,0.874,-1,-1,-1
519,132,1361.83,240.91,112.15,345.54,0.753,-1,-1,-1
519,152,712.77,305.59,39.78,108.43,0.819,-1,-1,-1
519,161,-21.28,221.89,362.31,689.23,0.944,-1,-1,-1
519,165,1044.86,305.56,26.31,70.89,0.747,-1,-1,-1
519,188,1180.19,303.20,55.32,137.98,0.860,-1,-1,-1
519,203,1331.33,258.98,73.12,302.32,0.800,-1,-1,-1
519,206,750.98,315.86,21.72,60.27,0.595,-1,-1,-1
519,207,1071.66,311.06,18.75,55.88,0.640,-1,-1,-1
519,213,985.17,332.69,39.54,82.12,0.680,-1,-1,-1
519,214,769.78,313.29,25.39,65.13,0.519,-1,-1,-1
519,215,1097.02,316.33,22.76,49.88,0.562,-1,-1,-1
520,53,922.31,302.43,51.51,148.39,0.841,-1,-1,-1
520,127,845.64,289.41,55.63,165.01,0.872,-1,-1,-1
520,132,1365.52,239.66,113.39,350.05,0.763,-1,-1,-1
520,152,713.18,306.35,39.89,108.86,0.788,-1,-1,-1
520,161,-25.88,219.21,362.36,698.60,0.946,-1,-1,-1
520,165,1044.51,305.11,27.05,72.57,0.802,-1,-1,-1
520,188,1179.04,304.55,55.51,137.97,0.838,-1,-1,-1
520,203,1333.55,259.25,73.66,304.22,0.795,-1,-1,-1
520,206,751.65,316.14,21.63,60.20,0.670,-1,-1,-1
520,207,1072.17,312.35,18.97,56.45,0.695,-1,-1,-1
520,213,986.29,333.81,39.31,81.93,0.536,-1,-1,-1
520,214,770.12,313.17,25.81,66.34,0.568,-1,-1,-1
520,215,1097.60,317.62,22.71,49.79,0.579,-1,-1,-1
521,53,919.59,300.95,51.30,150.41,0.831,-1,-1,-1
521,127,844.61,289.23,55.70,165.67,0.875,-1,-1,-1
521,132,1367.40,238.59,114.26,353.67,0.765,-1,-1,-1
521,152,713.87,306.75,40.01,109.75,0.815,-1,-1,-1
521,161,-30.01,216.27,362.57,709.69,0.943,-1,-1,-1
521,165,1044.16,305.26,27.24,72.70,0.788,-1,-1,-1
521,188,1177.90,304.61,56.34,139.47,0.857,-1,-1,-1
521,203,1334.76,258.94,74.20,306.48,0.823,-1,-1,-1
521,206,751.84,316.22,21.54,60.02,0.657,-1,-1,-1
521,207,1072.20,313.51,18.89,55.98,0.717,-1,-1,-1
521,213,984.75,333.92,40.05,83.53,0.627,-1,-1,-1
521,214,770.43,313.76,25.54,65.71,0.502,-1,-1,-1
521,215,1097.14,318.94,22.48,49.28,0.676,-1,-1,-1
522,53,917.12,302.59,50.68,150.81,0.733,-1,-1,-1
522,127,842.95,290.94,55.44,165.20,0.820,-1,-1,-1
522,132,1371.26,239.63,115.85,356.05,0.781,-1,-1,-1
522,152,712.67,307.45,40.00,110.25,0.776,-1,-1,-1
522,161,-34.07,214.86,360.36,717.49,0.934,-1,-1,-1
522,165,1044.28,307.96,26.61,71.33,0.578,-1,-1,-1
522,188,1176.91,307.04,55.71,138.77,0.800,-1,-1,-1
522,203,1335.22,260.11,74.42,307.13,0.776,-1,-1,-1
522,206,751.12,317.23,21.77,60.74,-1.000,-1,-1,-1
522,207,1071.70,314.62,18.90,56.02,-1.000,-1,-1,-1
522,213,983.78,335.43,40.27,84.19,-1.000,-1,-1,-1
522,214,770.15,315.89,25.05,64.45,-1.000,-1,-1,-1
522,215,1095.49,319.83,22.76,50.01,-1.000,-1,-1,-1
523,53,914.17,303.48,50.26,152.00,0.821,-1,-1,-1
523,127,838.99,291.66,55.94,166.39,0.868,-1,-1,-1
523,132,1370.70,240.89,116.27,359.11,0.782,-1,-1,-1
523,152,712.55,307.67,40.11,111.02,0.820,-1,-1,-1
523,161,-40.29,217.84,357.73,728.55,0.951,-1,-1,-1
523,165,1041.78,309.01,27.35,72.64,0.761,-1,-1,-1
523,188,1173.68,309.29,55.78,138.46,0.842,-1,-1,-1
523,203,1336.42,261.90,74.55,307.72,0.796,-1,-1,-1
523,206,750.40,318.24,22.00,61.47,0.713,-1,-1,-1
523,207,1071.20,315.72,18.90,56.07,0.677,-1,-1,-1
523,213,982.81,336.94,40.49,84.85,0.687,-1,-1,-1
523,214,769.87,318.02,24.55,63.18,0.546,-1,-1,-1
523,215,1093.83,320.73,23.04,50.74,0.701,-1,-1,-1
524,53,908.68,305.71,51.09,156.64,0.787,-1,-1,-1
524,127,834.94,292.43,56.39,168.12,0.834,-1,-1,-1
524,132,1370.84,242.95,116.70,360.59,0.761,-1,-1,-1
524,152,709.37,307.99,40.58,112.81,0.801,-1,-1,-1
524,161,-45.16,223.69,352.89,736.29,0.940,-1,-1,-1
524,165,1039.39,312.31,27.10,71.59,0.695,-1,-1,-1
524,188,1170.15,312.07,55.53,137.34,0.756,-1,-1,-1
524,203,1334.97,264.28,74.68,309.04,0.796,-1,-1,-1
525,53,905.87,306.36,51.00,158.62,0.759,-1,-1,-1
525,127,833.15,292.83,56.31,168.71,0.833,-1,-1,-1
525,132,1372.25,242.86,117.36,361.99,0.756,-1,-1,-1
525,152,707.26,306.98,41.19,114.74,0.782,-1,-1,-1
525,161,-47.59,227.66,346.76,741.42,0.932,-1,-1,-1
525,165,1037.70,313.89,26.90,71.01,0.636,-1,-1,-1
525,188,1167.85,312.37,55.31,136.88,0.722,-1,-1,-1
525,203,1335.84,265.21,74.93,309.95,0.775,-1,-1,-1
526,53,903.17,307.24,49.60,155.73,0.831,-1,-1,-1
526,127,828.76,294.37,56.26,167.63,0.879,-1,-1,-1
526,132,1370.41,242.88,118.15,365.61,0.774,-1,-1,-1
526,152,706.26,307.68,40.99,114.89,0.798,-1,-1,-1
526,161,-49.65,236.46,339.08,744.38,0.934,-1,-1,-1
526,165,1034.76,312.83,27.52,72.52,0.786,-1,-1,-1
526,188,1162.77,313.26,54.52,135.58,0.779,-1,-1,-1
526,203,1335.71,265.46,75.52,311.57,0.805,-1,-1,-1
527,53,899.52,307.35,48.98,155.19,0.829,-1,-1,-1
527,127,824.46,294.31,56.47,166.92,0.886,-1,-1,-1
527,132,1368.02,242.36,117.72,366.38,0.764,-1,-1,-1
527,152,704.49,307.31,40.81,115.06,0.801,-1,-1,-1
527,161,-45.26,278.42,316.08,709.67,0.916,-1,-1,-1
527,165,1031.35,311.71,27.90,72.90,0.757,-1,-1,-1
527,188,1156.95,311.87,54.51,135.93,0.798,-1,-1,-1
527,203,1334.44,264.90,75.92,313.85,0.801,-1,-1,-1
527,216,270.98,294.07,97.61,169.93,0.838,-1,-1,-1
528,53,893.88,305.70,47.95,153.24,0.819,-1,-1,-1
528,127,816.16,291.40,56.76,167.38,0.882,-1,-1,-1
528,132,1364.81,239.51,118.09,369.66,0.782,-1,-1,-1
528,152,700.84,304.45,40.57,114.61,0.796,-1,-1,-1
528,161,-48.91,303.20,300.60,694.92,0.919,-1,-1,-1
528,165,1025.25,307.83,28.76,74.69,0.801,-1,-1,-1
528,188,1149.75,307.69,54.34,136.21,0.819,-1,-1,-1
528,203,1331.29,260.51,77.05,317.89,0.821,-1,-1,-1
528,216,254.84,291.07,99.97,173.68,0.826,-1,-1,-1
528,217,1078.16,318.26,21.25,53.53,0.631,-1,-1,-1
528,218,1053.80,312.98,20.86,59.37,0.736,-1,-1,-1
528,219,962.00,335.42,37.16,87.78,0.725,-1,-1,-1
528,220,936.11,330.61,30.39,90.66,0.613,-1,-1,-1
528,221,733.26,319.17,19.91,61.62,0.617,-1,-1,-1
529,53,887.82,304.89,47.25,152.40,0.828,-1,-1,-1
529,127,809.11,290.38,56.85,166.94,0.869,-1,-1,-1
529,132,1361.50,238.62,117.92,370.68,0.764,-1,-1,-1
529,152,697.41,304.73,40.05,112.35,0.811,-1,-1,-1
529,161,-52.05,322.54,288.78,688.54,0.909,-1,-1,-1
529,165,1020.15,305.91,28.91,74.83,0.762,-1,-1,-1
529,188,1144.12,304.89,54.28,137.19,0.823,-1,-1,-1
529,203,1327.81,258.94,77.33,318.77,0.822,-1,-1,-1
529,216,242.90,288.73,99.01,171.23,0.802,-1,-1,-1
529,217,1073.50,318.00,20.62,51.80,0.520,-1,-1,-1
529,218,1049.23,310.89,20.78,59.17,0.638,-1,-1,-1
529,219,957.91,334.93,36.45,85.93,0.654,-1,-1,-1
529,220,928.73,328.74,30.66,91.10,0.603,-1,-1,-1
529,221,728.13,316.85,19.29,59.66,0.525,-1,-1,-1
530,53,882.94,303.45,46.79,152.08,0.850,-1,-1,-1
530,127,803.44,288.74,57.10,167.18,0.871,-1,-1,-1
530,132,1359.83,237.57,117.60,370.71,0.741,-1,-1,-1
530,152,694.59,304.32,39.97,110.97,0.840,-1,-1,-1
530,161,-53.46,341.48,275.11,675.22,0.871,-1,-1,-1
530,165,1016.22,304.18,29.06,75.30,0.758,-1,-1,-1
530,188,1141.32,303.77,53.64,137.00,0.831,-1,-1,-1
530,203,1324.80,257.19,77.88,320.12,0.820,-1,-1,-1
530,216,232.49,286.86,100.08,172.39,0.791,-1,-1,-1
530,217,1068.64,315.09,21.04,52.83,0.626,-1,-1,-1
530,218,1044.89,309.46,20.44,58.26,0.696,-1,-1,-1
530,219,956.25,334.70,35.89,84.63,0.682,-1,-1,-1
530,220,923.74,326.93,30.88,91.25,0.669,-1,-1,-1
530,221,724.00,317.08,18.81,58.22,-1.000,-1,-1,-1
531,53,878.43,301.76,46.62,152.85,0.833,-1,-1,-1
531,127,797.24,288.48,57.21,166.31,0.867,-1,-1,-1
531,132,1357.44,236.20,117.23,371.59,0.776,-1,-1,-1
531,152,691.09,304.24,39.79,110.05,0.820,-1,-1,-1
531,165,1012.33,303.07,28.74,74.32,0.780,-1,-1,-1
531,188,1137.10,302.60,53.24,137.06,0.829,-1,-1,-1
531,203,1321.90,253.85,78.89,324.15,0.821,-1,-1,-1
531,216,223.19,285.13,100.55,172.28,0.813,-1,-1,-1
531,217,1064.02,311.51,21.99,55.22,0.506,-1,-1,-1
531,218,1040.75,307.78,20.59,58.69,0.730,-1,-1,-1
531,219,954.26,333.53,35.87,84.59,0.681,-1,-1,-1
531,220,919.96,325.24,31.41,92.38,0.640,-1,-1,-1
531,221,719.88,317.31,18.33,56.77,0.589,-1,-1,-1
532,53,873.99,300.94,46.59,153.52,0.826,-1,-1,-1
532,127,791.57,287.69,57.41,166.19,0.863,-1,-1,-1
532,132,1356.29,235.36,117.52,373.49,0.734,-1,-1,-1
532,152,687.39,304.21,39.47,108.89,0.807,-1,-1,-1
532,165,1008.16,302.42,28.87,74.42,0.778,-1,-1,-1
532,188,1132.47,302.95,52.37,135.94,0.817,-1,-1,-1
532,203,1319.82,251.82,79.56,326.66,0.802,-1,-1,-1
532,216,213.45,283.80,101.13,172.22,0.843,-1,-1,-1
532,217,1059.84,312.36,21.70,54.40,-1.000,-1,-1,-1
532,218,1036.89,307.64,20.54,58.55,-1.000,-1,-1,-1
532,219,947.10,333.36,36.34,85.26,-1.000,-1,-1,-1
532,220,915.15,323.93,31.88,93.29,0.700,-1,-1,-1
532,221,716.25,317.26,18.05,55.94,0.505,-1,-1,-1
532,222,734.79,318.70,24.81,60.74,0.637,-1,-1,-1
532,223,12.08,273.05,41.00,104.01,0.518,-1,-1,-1
533,53,869.04,299.43,46.18,153.08,0.803,-1,-1,-1
533,127,783.80,287.72,57.33,166.82,0.860,-1,-1,-1
533,132,1354.95,234.22,117.93,376.12,0.734,-1,-1,-1
533,152,683.06,305.56,39.15,108.15,0.840,-1,-1,-1
533,165,1004.09,302.74,28.64,74.07,0.780,-1,-1,-1
533,188,1127.19,303.56,52.05,136.17,0.824,-1,-1,-1
533,203,1317.36,251.26,80.44,329.24,0.811,-1,-1,-1
533,216,198.88,281.95,103.55,175.67,0.850,-1,-1,-1
533,217,1055.66,313.22,21.40,53.58,0.667,-1,-1,-1
533,218,1033.04,307.49,20.49,58.40,0.612,-1,-1,-1
533,219,939.95,333.18,36.81,85.93,0.704,-1,-1,-1
533,220,910.10,324.67,32.13,93.22,0.753,-1,-1,-1
533,222,729.76,318.75,24.70,60.53,0.603,-1,-1,-1
533,223,2.32,273.13,41.37,105.06,0.616,-1,-1,-1
533,224,1170.30,302.82,25.68,92.99,0.768,-1,-1,-1
534,53,866.62,297.80,45.77,153.09,0.801,-1,-1,-1
534,127,780.73,287.40,56.51,166.06,0.861,-1,-1,-1
534,132,1356.37,231.88,119.39,378.95,0.738,-1,-1,-1
534,152,680.03,305.09,39.32,108.56,0.812,-1,-1,-1
534,165,1002.57,305.35,27.30,70.63,0.713,-1,-1,-1
534,188,1124.04,303.65,51.41,135.87,0.804,-1,-1,-1
534,203,1316.27,249.89,81.34,331.90,0.802,-1,-1,-1
534,216,188.43,280.82,104.55,176.92,0.799,-1,-1,-1
534,217,1053.08,312.32,22.13,55.49,-1.000,-1,-1,-1
534,219,938.24,332.70,37.00,86.23,0.630,-1,-1,-1
534,220,906.31,323.31,32.79,94.55,0.711,-1,-1,-1
534,222,727.04,317.24,25.21,61.87,0.580,-1,-1,-1
534,224,1168.37,302.73,24.51,88.47,0.672,-1,-1,-1
535,53,862.98,298.91,46.31,155.71,0.790,-1,-1,-1
535,127,777.80,288.51,55.71,164.62,0.842,-1,-1,-1
535,132,1357.13,232.67,119.02,376.74,0.738,-1,-1,-1
535,152,677.82,305.76,39.87,109.99,0.819,-1,-1,-1
535,165,999.30,305.58,28.02,72.52,0.785,-1,-1,-1
535,188,1121.33,305.33,50.83,135.01,0.810,-1,-1,-1
535,203,1315.55,248.72,82.29,335.15,0.793,-1,-1,-1
535,216,181.28,281.16,100.87,170.18,0.543,-1,-1,-1
535,217,1050.50,311.43,22.87,57.41,0.612,-1,-1,-1
535,219,937.24,332.40,37.29,86.90,0.538,-1,-1,-1
535,222,723.91,318.77,25.83,63.65,0.579,-1,-1,-1
535,224,1165.16,302.76,27.25,98.35,0.680,-1,-1,-1
536,53,862.02,297.94,47.31,159.85,0.779,-1,-1,-1
536,127,775.94,288.17,55.98,165.44,0.843,-1,-1,-1
536,132,1356.37,231.92,120.15,381.18,0.769,-1,-1,-1
536,152,678.93,305.17,40.31,110.08,0.783,-1,-1,-1
536,165,998.22,305.68,27.87,72.09,0.690,-1,-1,-1
536,188,1120.86,303.47,50.95,136.68,0.775,-1,-1,-1
536,203,1316.74,249.03,82.94,336.93,0.801,-1,-1,-1
536,216,173.61,280.35,101.76,171.64,0.772,-1,-1,-1
536,219,936.18,332.86,37.19,86.44,-1.000,-1,-1,-1
536,222,722.51,317.21,26.68,65.88,0.560,-1,-1,-1
536,224,1163.73,302.30,29.01,104.72,0.710,-1,-1,-1
537,53,860.60,296.87,47.99,163.22,0.809,-1,-1,-1
537,127,773.52,287.27,56.27,166.63,0.867,-1,-1,-1
537,132,1357.09,231.23,121.07,384.49,0.753,-1,-1,-1
537,152,678.80,305.30,40.40,109.65,0.837,-1,-1,-1
537,165,997.89,304.83,28.15,72.62,0.712,-1,-1,-1
537,188,1121.60,303.31,50.21,135.77,0.774,-1,-1,-1
537,203,1318.60,248.68,83.54,337.86,0.803,-1,-1,-1
537,216,167.99,281.65,104.13,175.92,0.802,-1,-1,-1
537,219,935.12,333.32,37.08,85.99,0.622,-1,-1,-1
537,222,723.23,317.24,26.36,65.07,0.570,-1,-1,-1
537,224,1163.76,303.02,29.46,106.17,0.666,-1,-1,-1
538,53,857.63,293.58,47.21,160.31,0.836,-1,-1,-1
538,127,771.23,284.53,56.37,167.19,0.864,-1,-1,-1
538,132,1358.70,226.22,122.52,390.31,0.759,-1,-1,-1
538,152,679.07,301.86,40.57,110.08,0.829,-1,-1,-1
538,165,997.37,301.29,28.51,73.48,0.764,-1,-1,-1
538,188,1121.11,300.43,49.77,136.02,0.783,-1,-1,-1
538,203,1320.56,245.53,84.46,340.98,0.811,-1,-1,-1
538,216,161.65,280.54,104.28,175.96,0.788,-1,-1,-1
538,219,936.75,331.69,37.02,85.86,0.687,-1,-1,-1
538,222,722.43,315.83,25.54,63.17,0.726,-1,-1,-1
538,224,1164.28,301.10,28.98,103.57,0.749,-1,-1,-1
539,53,856.69,290.42,47.07,158.26,0.843,-1,-1,-1
539,127,771.27,281.86,56.57,167.65,0.849,-1,-1,-1
539,132,1361.94,220.98,123.63,395.68,0.764,-1,-1,-1
539,152,680.07,297.75,40.79,110.71,0.815,-1,-1,-1
539,165,997.94,297.75,28.52,73.62,0.775,-1,-1,-1
539,188,1122.05,296.50,49.46,136.59,0.763,-1,-1,-1
539,203,1323.92,242.80,85.07,343.36,0.840,-1,-1,-1
539,216,155.49,277.26,107.14,180.96,0.826,-1,-1,-1
539,219,937.07,328.09,37.72,87.21,0.659,-1,-1,-1
539,222,723.26,313.68,25.02,62.01,0.692,-1,-1,-1
539,224,1165.29,297.96,30.06,106.95,0.726,-1,-1,-1
539,225,901.91,316.75,39.40,97.26,0.703,-1,-1,-1
540,53,854.99,287.97,47.62,158.65,0.856,-1,-1,-1
540,127,770.92,279.55,56.33,167.79,0.874,-1,-1,-1
540,132,1364.02,217.88,124.17,398.71,0.735,-1,-1,-1
540,152,680.80,296.00,40.63,110.29,0.834,-1,-1,-1
540,165,998.43,294.02,29.00,75.00,0.772,-1,-1,-1
540,188,1122.97,293.67,49.30,136.94,0.783,-1,-1,-1
540,203,1326.42,240.24,85.46,344.55,0.816,-1,-1,-1
540,216,151.28,275.12,107.68,182.25,0.821,-1,-1,-1
540,219,933.29,326.24,38.30,86.87,0.715,-1,-1,-1
540,222,725.29,310.17,25.13,62.25,0.774,-1,-1,-1
540,224,1167.20,295.09,30.61,108.54,0.689,-1,-1,-1
540,225,902.41,316.43,38.47,94.86,0.703,-1,-1,-1
540,226,1053.22,305.16,24.51,55.13,0.769,-1,-1,-1
540,227,1028.88,300.72,23.90,57.36,0.641,-1,-1,-1
541,53,853.11,286.07,47.59,156.99,0.875,-1,-1,-1
541,127,769.49,277.05,56.04,167.72,0.866,-1,-1,-1
541,132,1365.67,215.17,124.47,401.59,0.763,-1,-1,-1
541,152,681.13,294.23,40.31,109.43,0.815,-1,-1,-1
541,165,998.21,291.35,29.08,75.46,0.764,-1,-1,-1
541,188,1122.25,291.04,49.28,137.43,0.823,-1,-1,-1
541,203,1328.37,236.85,86.27,347.72,0.828,-1,-1,-1
541,216,145.64,272.55,108.98,185.06,0.798,-1,-1,-1
541,219,934.98,323.97,38.53,87.04,0.684,-1,-1,-1
541,222,725.86,307.38,25.22,62.46,0.752,-1,-1,-1
541,224,1168.54,292.09,29.66,104.30,0.682,-1,-1,-1
541,225,901.96,313.55,38.67,95.24,0.754,-1,-1,-1
541,226,1053.33,303.99,23.69,53.27,0.684,-1,-1,-1
541,227,1029.07,298.20,23.93,57.64,0.698,-1,-1,-1
541,228,1640.24,236.68,57.03,161.46,0.568,-1,-1,-1
542,53,851.48,283.60,47.81,156.46,0.877,-1,-1,-1
542,127,768.57,274.75,55.68,167.16,0.863,-1,-1,-1
542,132,1367.61,211.89,124.63,404.15,0.759,-1,-1,-1
542,152,680.55,290.82,40.54,109.92,0.826,-1,-1,-1
542,165,998.20,287.85,29.01,75.49,0.777,-1,-1,-1
542,188,1122.58,288.46,48.92,136.87,0.804,-1,-1,-1
542,203,1330.00,233.54,86.28,348.12,0.814,-1,-1,-1
542,216,140.58,269.97,109.09,185.85,0.830,-1,-1,-1
542,219,936.20,321.28,38.49,86.87,0.694,-1,-1,-1
542,222,725.96,303.32,25.89,64.08,0.774,-1,-1,-1
542,224,1168.60,288.38,30.47,105.93,0.747,-1,-1,-1
542,225,901.01,309.80,39.17,96.24,0.774,-1,-1,-1
542,226,1052.94,299.69,24.21,54.46,0.759,-1,-1,-1
542,227,1028.66,295.16,24.24,58.67,0.746,-1,-1,-1
542,228,1642.12,235.35,55.91,158.34,0.633,-1,-1,-1
543,53,850.50,280.95,47.65,155.47,0.861,-1,-1,-1
543,127,767.79,273.73,54.74,164.54,0.844,-1,-1,-1
543,132,1370.20,206.05,124.95,407.82,0.773,-1,-1,-1
543,152,680.77,287.96,40.29,109.13,0.811,-1,-1,-1
543,165,998.14,284.45,28.79,75.10,0.789,-1,-1,-1
543,188,1121.84,285.35,48.56,135.57,0.832,-1,-1,-1
543,203,1332.48,228.20,87.03,351.76,0.810,-1,-1,-1
543,216,132.73,266.03,110.73,189.56,0.829,-1,-1,-1
543,219,937.30,317.16,38.57,87.14,0.715,-1,-1,-1
543,222,726.52,299.81,25.88,63.87,0.628,-1,-1,-1
543,224,1168.52,283.27,31.48,107.79,0.822,-1,-1,-1
543,225,899.99,306.34,39.23,95.96,0.763,-1,-1,-1
543,226,1052.52,295.06,24.82,55.90,0.768,-1,-1,-1
543,227,1028.43,290.49,24.65,60.03,0.756,-1,-1,-1
543,228,1644.55,231.17,55.94,158.51,0.619,-1,-1,-1
544,53,848.95,278.78,47.91,156.73,0.844,-1,-1,-1
544,127,766.78,271.41,54.66,164.65,0.848,-1,-1,-1
544,132,1372.50,202.29,125.17,410.95,0.775,-1,-1,-1
544,152,680.56,286.07,40.25,108.72,0.822,-1,-1,-1
544,165,997.30,281.76,28.98,75.58,0.801,-1,-1,-1
544,188,1120.96,284.31,48.18,134.26,0.822,-1,-1,-1
544,203,1335.18,224.30,87.61,354.95,0.806,-1,-1,-1
544,216,126.59,264.07,111.16,191.13,0.843,-1,-1,-1
544,219,937.27,313.87,39.00,88.21,0.702,-1,-1,-1
544,222,726.74,297.28,25.96,63.75,0.692,-1,-1,-1
544,224,1168.10,279.88,32.28,108.54,0.835,-1,-1,-1
544,225,898.59,304.63,39.47,96.08,0.761,-1,-1,-1
544,226,1052.23,292.12,24.76,55.82,0.707,-1,-1,-1
544,227,1027.47,286.32,25.34,62.13,0.737,-1,-1,-1
544,228,1645.75,227.49,56.46,160.06,-1.000,-1,-1,-1
544,229,221.95,284.88,27.07,82.95,0.696,-1,-1,-1
545,53,847.87,277.27,48.26,158.32,0.833,-1,-1,-1
545,127,765.96,269.24,54.67,165.13,0.858,-1,-1,-1
545,132,1375.96,199.18,124.58,411.04,0.781,-1,-1,-1
545,152,680.72,284.63,40.42,108.51,0.820,-1,-1,-1
545,165,996.81,279.90,29.15,75.93,0.797,-1,-1,-1
545,188,1120.12,283.77,47.88,132.85,0.835,-1,-1,-1
545,203,1339.90,221.36,87.93,356.66,0.817,-1,-1,-1
545,216,121.47,262.67,111.57,192.34,0.859,-1,-1,-1
545,219,937.24,312.11,39.13,88.44,0.647,-1,-1,-1
545,222,726.93,295.74,26.15,64.03,0.687,-1,-1,-1
545,224,1167.77,277.31,33.22,110.05,0.822,-1,-1,-1
545,225,897.25,302.74,40.01,96.79,0.761,-1,-1,-1
545,226,1052.21,290.30,24.85,56.08,0.752,-1,-1,-1
545,227,1027.71,284.01,25.36,62.66,0.727,-1,-1,-1
545,228,1646.95,223.82,56.98,161.61,0.580,-1,-1,-1
545,229,219.21,283.50,27.34,83.58,0.583,-1,-1,-1
546,53,847.07,275.98,47.93,157.44,0.846,-1,-1,-1
546,127,765.55,267.69,54.91,166.39,0.857,-1,-1,-1
546,132,1378.91,196.37,125.18,415.82,0.774,-1,-1,-1
546,152,681.47,284.86,40.50,108.40,0.818,-1,-1,-1
546,165,997.24,280.57,28.49,74.01,0.785,-1,-1,-1
546,188,1120.50,282.72,48.46,132.92,0.830,-1,-1,-1
546,203,1342.50,218.00,88.59,360.02,0.826,-1,-1,-1
546,216,116.23,262.56,112.06,193.62,0.831,-1,-1,-1
546,219,937.68,311.48,39.07,88.32,0.700,-1,-1,-1
546,222,727.39,295.56,25.93,63.23,0.680,-1,-1,-1
546,224,1168.35,276.32,34.37,112.55,0.836,-1,-1,-1
546,225,896.37,301.17,40.75,97.87,0.763,-1,-1,-1
546,226,1052.36,289.36,24.82,56.06,0.732,-1,-1,-1
546,227,1028.30,283.72,24.99,62.26,0.736,-1,-1,-1
546,228,1648.38,219.95,57.96,164.59,0.698,-1,-1,-1
546,229,215.92,283.22,27.65,84.25,0.658,-1,-1,-1
547,53,845.67,276.32,47.76,157.25,0.835,-1,-1,-1
547,127,765.06,268.49,55.03,167.14,0.856,-1,-1,-1
547,132,1382.01,195.36,125.18,418.13,0.743,-1,-1,-1
547,152,681.56,285.72,40.99,108.88,0.828,-1,-1,-1
547,165,996.88,280.50,28.78,74.71,0.789,-1,-1,-1
547,188,1119.42,282.85,48.96,133.13,0.845,-1,-1,-1
547,203,1345.50,217.25,88.83,362.43,0.841,-1,-1,-1
547,216,110.89,263.08,112.97,195.89,0.858,-1,-1,-1
547,219,938.11,312.72,38.66,87.35,0.718,-1,-1,-1
547,222,727.11,296.09,26.04,63.33,0.673,-1,-1,-1
547,224,1168.83,276.71,35.18,113.77,0.842,-1,-1,-1
547,225,895.24,302.07,41.09,97.60,0.781,-1,-1,-1
547,226,1052.38,290.28,24.78,56.09,0.758,-1,-1,-1
547,227,1028.38,284.62,24.92,62.66,0.710,-1,-1,-1
547,228,1649.89,219.22,58.43,166.15,0.684,-1,-1,-1
547,229,213.44,284.53,27.67,83.90,0.747,-1,-1,-1
548,53,844.20,277.91,47.39,156.65,0.820,-1,-1,-1
548,127,763.56,270.25,55.26,168.12,0.863,-1,-1,-1
548,132,1387.09,193.39,126.79,426.09,0.725,-1,-1,-1
548,152,682.40,286.88,41.27,108.92,0.828,-1,-1,-1
548,165,996.58,282.44,28.64,74.17,0.771,-1,-1,-1
548,188,1118.42,283.32,49.50,133.24,0.798,-1,-1,-1
548,203,1349.30,217.21,89.32,365.45,0.843,-1,-1,-1
548,216,101.56,265.01,114.45,199.23,0.849,-1,-1,-1
548,219,937.45,313.75,39.06,88.44,0.608,-1,-1,-1
548,222,726.38,296.31,26.64,64.78,-1.000,-1,-1,-1
548,224,1169.57,278.75,34.24,108.45,0.788,-1,-1,-1
548,225,894.60,303.39,41.88,98.65,0.755,-1,-1,-1
548,226,1052.49,291.90,24.86,56.32,0.718,-1,-1,-1
548,227,1028.48,287.20,24.66,62.39,0.695,-1,-1,-1
548,228,1652.93,220.63,58.25,165.55,0.627,-1,-1,-1
548,229,209.97,287.85,27.95,84.02,0.730,-1,-1,-1
549,53,842.82,277.62,48.02,158.04,0.774,-1,-1,-1
549,127,761.55,271.22,55.20,167.55,0.858,-1,-1,-1
549,132,1391.84,193.27,127.76,429.92,0.702,-1,-1,-1
549,152,682.79,287.59,41.69,109.44,0.841,-1,-1,-1
549,165,996.82,285.49,28.07,72.79,0.700,-1,-1,-1
549,188,1118.60,283.65,50.08,134.05,0.829,-1,-1,-1
549,203,1352.33,217.14,89.50,367.23,0.832,-1,-1,-1
549,216,93.87,266.82,114.56,200.02,0.858,-1,-1,-1
549,219,936.65,313.86,39.60,89.75,0.551,-1,-1,-1
549,222,725.66,296.52,27.24,66.23,0.518,-1,-1,-1
549,224,1170.82,280.93,34.72,108.82,0.780,-1,-1,-1
549,225,894.93,303.92,42.43,99.71,0.555,-1,-1,-1
549,226,1052.17,293.14,24.86,56.22,0.516,-1,-1,-1
549,227,1028.22,288.35,24.68,62.67,0.588,-1,-1,-1
549,228,1655.86,221.30,58.38,166.00,-1.000,-1,-1,-1
549,229,207.76,289.71,28.03,83.95,-1.000,-1,-1,-1
550,53,843.23,278.58,47.30,156.17,0.825,-1,-1,-1
550,127,762.36,271.21,55.55,168.69,0.876,-1,-1,-1
550,132,1398.03,193.45,128.51,432.50,0.742,-1,-1,-1
550,152,684.90,287.88,41.94,109.83,0.807,-1,-1,-1
550,165,997.92,285.85,28.52,73.66,0.778,-1,-1,-1
550,188,1119.25,284.33,50.74,134.29,0.846,-1,-1,-1
550,203,1356.44,217.88,89.99,369.79,0.825,-1,-1,-1
550,216,90.61,268.24,113.96,199.29,0.848,-1,-1,-1
550,219,937.67,315.99,39.57,89.43,0.652,-1,-1,-1
550,224,1172.80,282.68,35.47,108.97,0.820,-1,-1,-1
550,225,895.21,306.43,42.56,99.10,0.777,-1,-1,-1
550,226,1053.85,295.79,24.50,55.45,0.672,-1,-1,-1
550,227,1029.99,290.61,24.11,61.49,0.618,-1,-1,-1
550,228,1658.79,221.97,58.51,166.45,0.518,-1,-1,-1
550,229,205.55,291.57,28.12,83.88,0.700,-1,-1,-1
551,53,842.28,278.01,47.76,157.92,0.788,-1,-1,-1
551,127,762.37,270.36,56.04,170.04,0.867,-1,-1,-1
551,132,1402.13,192.22,129.19,435.95,0.776,-1,-1,-1
551,152,686.54,286.74,42.54,111.02,0.823,-1,-1,-1
551,165,998.18,286.32,28.52,73.46,0.761,-1,-1,-1
551,188,1119.30,282.49,51.66,135.74,0.842,-1,-1,-1
551,203,1359.28,215.40,91.18,374.65,0.814,-1,-1,-1
551,216,84.78,267.26,114.95,201.98,0.854,-1,-1,-1
551,219,938.83,316.49,39.56,89.30,0.676,-1,-1,-1
551,224,1174.07,282.21,36.05,108.73,0.819,-1,-1,-1
551,225,896.09,306.69,42.75,99.07,0.588,-1,-1,-1
551,226,1054.51,295.74,24.51,55.61,0.643,-1,-1,-1
551,227,1030.73,290.81,23.97,61.61,0.685,-1,-1,-1
551,228,1661.11,221.37,58.75,167.43,0.724,-1,-1,-1
551,229,202.05,290.46,28.79,85.11,0.714,-1,-1,-1
552,53,841.75,279.81,48.27,160.08,0.825,-1,-1,-1
552,127,762.09,272.11,56.15,169.96,0.883,-1,-1,-1
552,132,1408.29,193.49,129.66,437.57,0.747,-1,-1,-1
552,152,687.63,288.55,42.61,111.05,0.834,-1,-1,-1
552,165,999.14,287.64,28.42,73.10,0.745,-1,-1,-1
552,188,1119.96,284.12,52.04,136.12,0.853,-1,-1,-1
552,203,1363.43,217.17,91.86,377.96,0.826,-1,-1,-1
552,216,79.13,269.01,115.89,204.44,0.874,-1,-1,-1
552,219,939.39,318.91,39.33,88.51,0.678,-1,-1,-1
552,224,1174.98,283.81,37.18,110.31,0.830,-1,-1,-1
552,225,896.36,308.28,43.16,99.31,0.703,-1,-1,-1
552,226,1054.83,297.61,24.47,55.56,0.640,-1,-1,-1
552,227,1031.21,292.11,24.14,62.43,0.719,-1,-1,-1
552,229,199.81,291.85,29.40,86.42,0.778,-1,-1,-1
553,53,839.76,280.80,47.19,156.94,0.819,-1,-1,-1
553,127,759.38,273.11,55.90,168.19,0.865,-1,-1,-1
553,132,1411.97,192.90,130.07,439.18,0.719,-1,-1,-1
553,152,686.37,287.68,42.76,111.85,0.816,-1,-1,-1
553,165,996.88,286.98,28.72,72.94,0.798,-1,-1,-1
553,188,1118.49,285.13,51.86,135.09,0.860,-1,-1,-1
553,203,1365.91,216.71,92.63,381.58,0.810,-1,-1,-1
553,216,68.34,268.76,115.74,204.97,0.853,-1,-1,-1
553,219,937.70,318.54,39.60,88.98,0.668,-1,-1,-1
553,224,1172.96,282.03,39.45,115.15,0.847,-1,-1,-1
553,225,894.30,305.89,44.36,101.61,0.761,-1,-1,-1
553,226,1054.49,296.74,23.70,53.70,0.640,-1,-1,-1
553,227,1030.73,292.11,23.86,61.93,0.712,-1,-1,-1
553,229,193.81,291.35,29.27,85.16,0.761,-1,-1,-1
554,53,838.69,279.61,47.59,159.20,0.811,-1,-1,-1
554,127,757.41,272.15,56.10,168.01,0.855,-1,-1,-1
554,132,1415.88,190.96,131.09,442.70,0.706,-1,-1,-1
554,152,686.55,286.31,42.64,111.69,0.816,-1,-1,-1
554,165,995.34,284.50,29.67,74.75,0.789,-1,-1,-1
554,188,1117.85,284.36,51.66,133.74,0.847,-1,-1,-1
554,203,1368.62,215.90,93.12,384.01,0.814,-1,-1,-1
554,216,63.58,268.13,112.03,198.73,0.826,-1,-1,-1
554,219,937.57,316.89,39.80,89.63,0.711,-1,-1,-1
554,224,1172.13,280.19,41.00,117.80,0.834,-1,-1,-1
554,225,892.98,304.22,44.84,102.31,0.762,-1,-1,-1
554,226,1054.65,295.78,22.51,50.62,0.561,-1,-1,-1
554,227,1030.86,291.46,23.52,61.19,0.669,-1,-1,-1
554,229,189.73,289.38,29.41,84.49,0.782,-1,-1,-1
555,53,838.15,277.97,47.68,160.11,0.822,-1,-1,-1
555,127,755.11,270.08,56.45,168.30,0.873,-1,-1,-1
555,132,1416.72,188.79,131.66,446.43,0.725,-1,-1,-1
555,152,687.13,284.72,42.63,111.65,0.831,-1,-1,-1
555,165,995.36,282.17,29.64,74.50,0.777,-1,-1,-1
555,188,1116.70,282.47,52.15,134.63,0.839,-1,-1,-1
555,203,1370.47,213.65,93.47,386.38,0.821,-1,-1,-1
555,216,53.48,265.96,115.67,205.62,0.839,-1,-1,-1
555,219,937.29,315.50,39.79,90.01,0.696,-1,-1,-1
555,224,1172.03,277.63,41.70,117.67,0.848,-1,-1,-1
555,225,892.51,303.49,44.58,100.98,0.766,-1,-1,-1
555,226,1053.59,293.76,23.47,52.74,0.728,-1,-1,-1
555,227,1030.90,289.81,23.11,60.40,0.699,-1,-1,-1
555,229,185.13,286.91,30.41,85.92,0.802,-1,-1,-1
556,53,837.99,277.10,47.88,160.55,0.826,-1,-1,-1
556,127,752.57,268.24,56.66,168.27,0.892,-1,-1,-1
556,132,1417.74,186.53,132.50,451.10,0.710,-1,-1,-1
556,152,686.41,282.66,43.17,112.56,0.828,-1,-1,-1
556,165,994.43,280.39,29.91,74.96,0.742,-1,-1,-1
556,188,1115.13,280.85,52.26,134.85,0.840,-1,-1,-1
556,203,1372.33,211.55,93.93,389.11,0.839,-1,-1,-1
556,216,45.43,264.24,117.62,209.26,0.835,-1,-1,-1
556,219,936.64,314.50,39.41,89.01,0.691,-1,-1,-1
556,224,1172.38,275.20,42.60,119.16,0.835,-1,-1,-1
556,225,891.36,300.78,45.40,102.26,0.761,-1,-1,-1
556,226,1052.96,292.00,23.65,53.08,0.679,-1,-1,-1
556,227,1029.60,286.26,23.94,63.00,0.712,-1,-1,-1
556,229,180.28,284.25,31.68,88.47,0.787,-1,-1,-1
557,53,835.78,276.94,48.27,162.33,0.854,-1,-1,-1
557,127,748.96,267.14,57.12,168.76,0.885,-1,-1,-1
557,132,1418.56,184.79,133.11,454.96,0.735,-1,-1,-1
557,152,685.35,282.44,43.32,112.69,0.832,-1,-1,-1
557,165,992.94,279.84,29.68,74.35,0.781,-1,-1,-1
557,188,1113.76,281.26,51.93,133.66,0.831,-1,-1,-1
557,203,1373.09,208.33,95.09,394.30,0.778,-1,-1,-1
557,216,35.40,263.99,118.29,211.14,0.848,-1,-1,-1
557,219,934.77,312.42,39.74,90.08,0.701,-1,-1,-1
557,224,1171.51,273.78,44.19,122.93,0.847,-1,-1,-1
557,225,889.07,299.57,45.88,102.58,0.788,-1,-1,-1
557,226,1050.93,291.04,24.51,55.20,0.719,-1,-1,-1
557,227,1028.42,285.04,23.84,63.02,0.680,-1,-1,-1
557,229,174.86,284.19,32.39,89.26,0.774,-1,-1,-1
558,53,835.33,276.40,47.45,159.57,0.845,-1,-1,-1
558,127,746.98,266.99,57.05,168.35,0.845,-1,-1,-1
558,132,1421.20,182.05,134.38,460.59,0.706,-1,-1,-1
558,152,685.13,282.90,42.92,111.46,0.820,-1,-1,-1
558,165,992.71,279.23,29.60,74.10,0.754,-1,-1,-1
558,188,1113.13,278.55,52.15,134.66,0.799,-1,-1,-1
558,203,1376.17,206.89,95.51,396.79,0.800,-1,-1,-1
558,216,25.27,262.46,117.68,210.11,0.817,-1,-1,-1
558,219,933.48,310.86,39.98,90.70,0.689,-1,-1,-1
558,224,1173.18,272.52,43.87,121.47,0.812,-1,-1,-1
558,225,888.79,299.00,45.89,102.45,0.693,-1,-1,-1
558,226,1049.93,287.97,25.64,57.85,0.698,-1,-1,-1
558,227,1027.43,283.06,24.12,63.94,0.643,-1,-1,-1
558,229,169.48,284.40,32.86,89.09,0.763,-1,-1,-1
559,53,835.07,277.37,48.18,161.26,0.848,-1,-1,-1
559,127,743.23,269.28,57.14,168.00,0.863,-1,-1,-1
559,132,1425.94,181.27,135.91,466.37,0.723,-1,-1,-1
559,152,685.11,284.86,42.92,111.02,0.827,-1,-1,-1
559,165,991.74,280.25,29.51,73.62,0.790,-1,-1,-1
559,188,1112.06,279.24,51.77,134.16,0.808,-1,-1,-1
559,203,1378.98,206.02,96.51,400.55,0.791,-1,-1,-1
559,216,17.82,263.25,115.53,205.68,0.843,-1,-1,-1
559,219,931.73,311.44,40.26,91.09,0.636,-1,-1,-1
559,224,1174.02,273.67,44.09,121.56,0.827,-1,-1,-1
559,225,887.23,301.49,45.54,101.01,0.745,-1,-1,-1
559,226,1049.04,289.23,25.61,57.70,0.689,-1,-1,-1
559,227,1026.65,283.22,24.34,64.86,0.634,-1,-1,-1
559,229,164.06,286.43,35.12,93.90,0.784,-1,-1,-1
560,53,833.78,278.18,47.24,158.13,0.854,-1,-1,-1
560,127,740.07,269.26,57.65,169.26,0.850,-1,-1,-1
560,132,1430.23,180.57,136.81,469.84,0.697,-1,-1,-1
560,152,684.26,286.17,42.76,111.13,0.826,-1,-1,-1
560,165,991.42,282.12,29.36,73.46,0.777,-1,-1,-1
560,188,1111.73,280.15,51.56,133.81,0.817,-1,-1,-1
560,203,1381.00,205.57,97.11,402.83,0.782,-1,-1,-1
560,216,8.51,263.93,117.13,208.05,0.841,-1,-1,-1
560,219,929.78,312.44,40.65,91.67,0.692,-1,-1,-1
560,224,1174.86,274.97,43.90,120.65,0.804,-1,-1,-1
560,225,886.28,303.02,45.74,100.97,0.774,-1,-1,-1
560,226,1047.89,290.70,25.80,58.24,0.692,-1,-1,-1
560,227,1026.22,283.96,24.52,65.70,0.648,-1,-1,-1
560,229,159.31,288.70,35.41,93.75,0.753,-1,-1,-1
561,53,833.77,279.72,47.25,157.46,0.858,-1,-1,-1
561,127,738.17,271.40,57.56,169.38,0.834,-1,-1,-1
561,132,1436.82,180.39,138.70,474.80,0.718,-1,-1,-1
561,152,683.93,288.87,42.13,109.81,0.823,-1,-1,-1
561,165,991.40,283.72,29.30,73.34,0.753,-1,-1,-1
561,188,1111.17,281.14,51.35,133.87,0.817,-1,-1,-1
561,203,1383.60,205.92,98.20,406.76,0.838,-1,-1,-1
561,216,1.65,265.59,116.44,206.12,0.860,-1,-1,-1
561,219,927.85,313.65,41.16,92.70,0.672,-1,-1,-1
561,224,1176.73,277.21,42.39,115.88,0.776,-1,-1,-1
561,225,885.35,304.04,46.39,102.14,0.748,-1,-1,-1
561,226,1048.09,291.94,25.61,57.62,0.511,-1,-1,-1
561,227,1026.19,285.83,24.40,65.24,0.579,-1,-1,-1
561,229,155.65,290.89,35.38,92.58,0.724,-1,-1,-1
562,53,831.25,281.95,47.02,157.91,0.817,-1,-1,-1
562,127,735.98,274.35,57.31,168.79,0.844,-1,-1,-1
562,132,1440.23,181.26,139.79,476.50,0.661,-1,-1,-1
562,152,683.47,291.08,42.10,109.66,0.836,-1,-1,-1
562,165,990.75,286.98,28.93,72.57,0.710,-1,-1,-1
562,188,1110.64,283.91,50.77,133.17,0.797,-1,-1,-1
562,203,1384.56,206.69,99.22,409.52,0.823,-1,-1,-1
562,216,-3.10,267.63,115.27,204.39,0.858,-1,-1,-1
562,219,925.97,314.57,41.53,93.28,0.528,-1,-1,-1
562,224,1177.49,280.22,40.38,109.24,0.774,-1,-1,-1
562,225,883.81,306.16,46.65,102.68,0.772,-1,-1,-1
562,226,1049.81,295.52,25.32,56.75,-1.000,-1,-1,-1
562,227,1028.15,289.33,23.96,64.11,-1.000,-1,-1,-1
562,229,152.72,293.42,34.77,89.73,0.596,-1,-1,-1
563,53,832.96,284.62,47.72,161.80,0.816,-1,-1,-1
563,127,737.22,278.61,56.89,167.02,0.857,-1,-1,-1
563,132,1451.89,183.34,143.29,484.31,0.693,-1,-1,-1
563,152,687.55,293.10,42.67,111.15,0.840,-1,-1,-1
563,165,994.13,291.52,28.91,71.96,0.731,-1,-1,-1
563,188,1113.33,287.97,51.06,133.74,0.818,-1,-1,-1
563,203,1391.71,209.22,100.77,415.71,0.827,-1,-1,-1
563,216,-8.22,270.58,114.52,204.94,0.834,-1,-1,-1
563,219,929.71,318.27,41.60,93.51,0.607,-1,-1,-1
563,224,1180.53,283.25,41.74,109.66,0.807,-1,-1,-1
563,225,886.06,308.60,47.32,104.39,0.768,-1,-1,-1
563,226,1051.54,299.10,25.04,55.88,0.534,-1,-1,-1
563,227,1030.12,292.83,23.53,62.98,0.541,-1,-1,-1
563,229,152.31,295.38,35.81,91.78,0.560,-1,-1,-1
563,230,81.02,285.40,46.13,123.41,0.721,-1,-1,-1
564,53,836.91,287.58,48.18,164.66,0.807,-1,-1,-1
564,127,741.17,281.04,57.03,167.28,0.868,-1,-1,-1
564,132,1455.07,184.57,144.30,490.27,0.739,-1,-1,-1
564,152,693.09,297.15,42.38,110.37,0.808,-1,-1,-1
564,165,999.73,295.62,28.09,70.38,0.733,-1,-1,-1
564,188,1116.83,291.22,51.37,133.71,0.832,-1,-1,-1
564,203,1401.21,212.00,101.83,418.65,0.821,-1,-1,-1
564,216,-8.21,275.58,113.92,205.02,0.872,-1,-1,-1
564,219,930.42,322.26,42.60,94.34,0.667,-1,-1,-1
564,224,1185.83,286.36,41.86,106.77,0.783,-1,-1,-1
564,225,888.93,312.07,47.38,103.98,0.657,-1,-1,-1
564,229,155.28,299.34,36.54,93.45,0.641,-1,-1,-1
564,230,81.80,290.24,46.58,124.60,0.779,-1,-1,-1
565,53,841.70,288.78,47.52,162.52,0.812,-1,-1,-1
565,127,743.23,281.45,57.85,169.46,0.850,-1,-1,-1
565,132,1459.45,184.32,145.91,498.35,0.731,-1,-1,-1
565,152,698.37,297.02,43.56,113.31,0.793,-1,-1,-1
565,165,1003.73,297.15,28.06,70.41,0.607,-1,-1,-1
565,188,1118.82,289.06,53.33,137.82,0.820,-1,-1,-1
565,203,1407.76,211.65,103.59,426.17,0.816,-1,-1,-1
565,216,-8.73,277.38,113.51,205.75,0.864,-1,-1,-1
565,219,934.03,324.90,42.38,93.80,-1.000,-1,-1,-1
565,224,1189.26,286.38,46.96,117.21,0.839,-1,-1,-1
565,225,893.37,314.08,47.46,103.64,0.665,-1,-1,-1
565,229,158.31,298.83,38.00,97.45,0.645,-1,-1,-1
565,230,81.70,290.62,47.94,127.72,0.757,-1,-1,-1
566,53,845.22,290.98,46.86,160.84,0.811,-1,-1,-1
566,127,747.28,284.25,57.30,168.18,0.875,-1,-1,-1
566,132,1466.68,185.79,146.41,502.10,0.736,-1,-1,-1
566,152,702.12,298.91,43.09,112.38,0.790,-1,-1,-1
566,165,1009.36,298.72,28.40,71.33,0.767,-1,-1,-1
566,188,1123.00,293.35,52.58,135.23,0.837,-1,-1,-1
566,203,1415.12,211.93,104.77,430.53,0.792,-1,-1,-1
566,216,-10.26,279.12,113.54,206.85,-1.000,-1,-1,-1
566,219,937.64,327.53,42.15,93.27,0.532,-1,-1,-1
566,224,1193.23,288.24,49.03,119.92,0.869,-1,-1,-1
566,225,898.24,316.75,47.40,103.32,0.724,-1,-1,-1
566,229,161.19,301.10,37.49,96.11,0.570,-1,-1,-1
566,230,84.15,293.51,47.97,127.13,0.701,-1,-1,-1
567,53,849.06,291.13,46.93,161.20,0.809,-1,-1,-1
567,127,750.61,284.36,57.50,168.93,0.847,-1,-1,-1
567,132,1482.83,186.98,148.56,506.23,0.708,-1,-1,-1
567,152,707.73,300.61,42.73,111.45,0.790,-1,-1,-1
567,165,1014.23,298.88,28.31,71.13,0.694,-1,-1,-1
567,188,1127.62,296.33,51.88,133.02,0.813,-1,-1,-1
567,203,1424.36,215.09,105.07,431.21,0.834,-1,-1,-1
567,216,-11.79,280.86,113.57,207.94,0.799,-1,-1,-1
567,219,943.90,329.85,41.86,91.76,0.604,-1,-1,-1
567,224,1197.18,288.23,52.56,126.87,0.873,-1,-1,-1
567,225,903.17,318.11,47.23,103.11,0.539,-1,-1,-1
567,229,166.49,302.14,37.85,97.62,0.731,-1,-1,-1
567,230,88.27,295.38,47.54,124.85,0.747,-1,-1,-1
568,53,851.74,290.97,46.84,159.55,0.859,-1,-1,-1
568,127,755.13,284.40,57.25,168.40,0.860,-1,-1,-1
568,132,1491.33,185.99,150.30,513.67,0.668,-1,-1,-1
568,152,712.12,299.95,42.31,110.50,0.833,-1,-1,-1
568,165,1019.54,296.78,28.70,72.25,0.764,-1,-1,-1
568,188,1128.97,295.02,52.05,133.32,0.825,-1,-1,-1
568,203,1433.90,214.11,106.83,439.83,0.842,-1,-1,-1
568,216,-11.29,280.99,113.15,210.25,0.884,-1,-1,-1
568,219,951.48,329.35,41.84,92.16,0.662,-1,-1,-1
568,224,1203.81,286.88,54.14,128.82,0.887,-1,-1,-1
568,225,908.27,317.44,47.65,103.91,0.659,-1,-1,-1
568,229,169.17,302.84,37.54,97.90,0.742,-1,-1,-1
568,230,85.51,294.88,49.39,126.78,0.857,-1,-1,-1
568,231,1721.97,222.43,63.63,178.41,0.537,-1,-1,-1
569,53,854.40,290.82,46.42,157.02,0.865,-1,-1,-1
569,127,758.31,284.08,56.70,166.55,0.857,-1,-1,-1
569,132,1497.99,183.75,151.24,519.68,0.729,-1,-1,-1
569,152,715.81,300.06,41.83,109.02,0.827,-1,-1,-1
569,165,1023.22,294.62,29.39,74.13,0.782,-1,-1,-1
569,188,1131.08,294.84,52.05,132.52,0.837,-1,-1,-1
569,203,1442.65,213.24,107.65,445.26,0.850,-1,-1,-1
569,216,-11.57,280.99,111.50,210.69,0.897,-1,-1,-1
569,219,955.83,328.60,41.79,92.12,0.750,-1,-1,-1
569,224,1209.81,285.86,54.97,129.63,0.886,-1,-1,-1
569,225,912.24,315.66,48.13,104.94,0.746,-1,-1,-1
569,229,170.98,302.66,37.27,98.11,0.717,-1,-1,-1
569,230,80.38,294.07,50.72,127.98,0.869,-1,-1,-1
569,231,1729.40,219.89,63.64,178.54,0.736,-1,-1,-1
570,53,856.80,288.94,47.08,158.56,0.857,-1,-1,-1
570,127,760.82,282.28,56.98,167.47,0.866,-1,-1,-1
570,132,1504.91,179.93,152.30,526.17,0.719,-1,-1,-1
570,152,718.88,297.61,41.85,108.92,0.829,-1,-1,-1
570,165,1026.63,291.48,29.85,75.60,0.768,-1,-1,-1
570,188,1133.36,292.02,52.31,132.67,0.833,-1,-1,-1
570,203,1449.47,210.45,107.82,446.19,0.830,-1,-1,-1
570,216,-11.84,279.30,109.86,210.95,0.875,-1,-1,-1
570,219,958.84,325.84,42.51,93.50,0.669,-1,-1,-1
570,224,1215.22,283.55,55.62,130.48,0.890,-1,-1,-1
570,225,915.60,313.73,48.18,104.94,0.714,-1,-1,-1
570,229,171.43,300.72,37.67,99.69,0.767,-1,-1,-1
570,230,78.12,291.55,52.06,128.67,0.875,-1,-1,-1
570,231,1737.33,218.43,63.22,177.40,0.606,-1,-1,-1
570,232,1084.06,300.05,27.94,58.99,0.723,-1,-1,-1
570,233,129.80,304.98,33.68,95.13,0.741,-1,-1,-1
570,234,1064.37,295.23,20.86,63.44,0.633,-1,-1,-1
571,53,858.18,288.45,47.66,160.06,0.854,-1,-1,-1
571,127,763.00,282.12,56.98,167.34,0.858,-1,-1,-1
571,132,1512.25,177.19,153.14,531.68,0.769,-1,-1,-1
571,152,721.52,296.88,42.02,109.14,0.835,-1,-1,-1
571,165,1029.08,289.86,30.07,76.51,0.766,-1,-1,-1
571,188,1133.95,290.52,52.29,132.53,0.832,-1,-1,-1
571,203,1455.81,208.72,108.27,447.37,0.832,-1,-1,-1
571,216,-12.63,277.90,108.16,211.62,0.878,-1,-1,-1
571,219,962.25,323.88,42.79,94.50,0.718,-1,-1,-1
571,224,1220.20,282.99,55.34,129.39,0.876,-1,-1,-1
571,225,917.70,312.49,48.46,105.22,0.690,-1,-1,-1
571,229,171.18,300.64,37.78,99.66,0.792,-1,-1,-1
571,230,74.40,290.07,53.15,129.82,0.887,-1,-1,-1
571,231,1743.22,218.19,62.97,176.81,0.593,-1,-1,-1
571,232,1086.79,298.57,28.11,59.50,0.717,-1,-1,-1
571,233,128.76,303.92,34.10,96.12,0.763,-1,-1,-1
571,234,1066.46,294.55,20.72,63.04,0.533,-1,-1,-1
572,53,858.90,287.77,47.41,158.50,0.858,-1,-1,-1
572,127,764.38,279.19,57.67,169.48,0.861,-1,-1,-1
572,132,1520.86,174.78,154.34,536.61,0.708,-1,-1,-1
572,152,722.92,295.99,42.24,109.13,0.833,-1,-1,-1
572,165,1031.00,288.62,30.22,77.41,0.801,-1,-1,-1
572,188,1134.87,288.99,52.49,133.02,0.833,-1,-1,-1
572,203,1460.31,205.79,109.21,450.72,0.848,-1,-1,-1
572,216,-13.55,275.90,105.91,211.59,0.878,-1,-1,-1
572,219,964.03,323.73,42.89,94.44,0.648,-1,-1,-1
572,224,1224.38,282.24,55.52,129.78,0.871,-1,-1,-1
572,225,919.28,310.65,48.99,106.15,0.662,-1,-1,-1
572,229,170.59,299.51,38.10,99.88,0.803,-1,-1,-1
572,230,72.27,287.97,54.11,130.93,0.882,-1,-1,-1
572,231,1747.39,213.71,64.21,180.56,0.679,-1,-1,-1
572,232,1089.24,297.37,28.18,59.80,0.707,-1,-1,-1
572,233,127.74,302.78,34.17,96.10,0.785,-1,-1,-1
572,234,1067.47,292.68,21.00,63.88,0.674,-1,-1,-1
573,53,857.66,286.73,48.09,160.45,0.848,-1,-1,-1
573,127,766.18,279.53,57.61,169.53,0.853,-1,-1,-1
573,132,1536.04,172.84,157.41,544.70,0.691,-1,-1,-1
573,152,725.10,295.16,42.42,109.26,0.811,-1,-1,-1
573,165,1032.61,287.62,30.49,78.54,0.785,-1,-1,-1
573,188,1136.27,287.89,53.25,135.04,0.837,-1,-1,-1
573,203,1468.47,203.80,110.77,456.46,0.860,-1,-1,-1
573,216,-16.39,273.63,103.67,212.86,0.863,-1,-1,-1
573,219,965.81,323.62,43.07,94.49,0.621,-1,-1,-1
573,224,1228.77,282.07,56.02,131.29,0.886,-1,-1,-1
573,225,920.86,310.16,49.49,106.86,0.673,-1,-1,-1
573,229,169.96,298.47,38.35,100.35,0.772,-1,-1,-1
573,230,67.84,285.55,54.87,132.65,0.874,-1,-1,-1
573,231,1753.51,213.63,64.96,182.86,0.738,-1,-1,-1
573,232,1092.46,297.95,28.09,59.78,0.783,-1,-1,-1
573,233,123.58,301.31,34.30,96.65,0.795,-1,-1,-1
573,234,1069.71,293.51,21.19,64.17,0.679,-1,-1,-1
574,53,857.06,286.77,47.89,159.70,0.833,-1,-1,-1
574,127,766.84,281.44,57.04,167.61,0.844,-1,-1,-1
574,132,1541.01,171.42,158.08,550.23,0.749,-1,-1,-1
574,152,726.40,295.03,42.65,109.83,0.804,-1,-1,-1
574,165,1034.34,290.56,29.54,76.11,0.766,-1,-1,-1
574,188,1137.58,287.38,53.31,136.55,0.828,-1,-1,-1
574,203,1474.95,203.17,112.06,461.03,0.852,-1,-1,-1
574,216,-18.96,273.41,101.70,212.58,0.660,-1,-1,-1
574,219,964.89,324.09,43.84,95.00,0.647,-1,-1,-1
574,224,1231.50,282.52,56.23,131.96,0.882,-1,-1,-1
574,225,922.20,311.25,49.51,106.55,0.726,-1,-1,-1
574,229,168.58,298.53,38.05,99.35,0.754,-1,-1,-1
574,230,63.19,284.37,54.70,133.13,0.872,-1,-1,-1
574,231,1759.02,217.53,63.82,179.69,0.675,-1,-1,-1
574,232,1094.27,298.01,28.55,60.87,0.766,-1,-1,-1
574,233,121.36,300.73,34.51,97.15,0.753,-1,-1,-1
574,234,1071.36,294.55,21.36,64.60,0.646,-1,-1,-1
574,235,635.72,305.22,18.18,48.10,0.513,-1,-1,-1
575,53,857.71,288.02,47.37,157.89,0.841,-1,-1,-1
575,127,768.55,281.17,57.75,169.32,0.856,-1,-1,-1
575,132,1546.79,170.60,158.86,555.43,0.695,-1,-1,-1
575,152,729.84,296.56,42.20,108.74,0.765,-1,-1,-1
575,165,1037.17,294.83,28.61,73.51,0.781,-1,-1,-1
575,188,1140.50,288.74,53.20,136.97,0.738,-1,-1,-1
575,203,1480.94,204.09,113.67,464.92,0.858,-1,-1,-1
575,216,-20.01,272.81,98.81,212.44,0.808,-1,-1,-1
575,219,968.99,325.83,43.69,94.93,0.699,-1,-1,-1
575,224,1234.70,284.64,56.21,131.75,0.834,-1,-1,-1
575,225,927.66,313.12,49.27,106.94,0.595,-1,-1,-1
575,229,168.50,298.91,38.21,99.50,0.763,-1,-1,-1
575,230,61.79,284.24,54.45,133.34,0.872,-1,-1,-1
575,231,1766.15,220.76,63.79,179.29,0.617,-1,-1,-1
575,232,1096.27,299.98,29.17,62.36,0.733,-1,-1,-1
575,233,120.06,300.95,34.59,97.37,0.806,-1,-1,-1
575,234,1072.10,295.67,21.76,65.75,0.606,-1,-1,-1
576,53,857.82,289.65,47.16,157.28,0.850,-1,-1,-1
576,127,769.36,281.93,58.00,169.83,0.859,-1,-1,-1
576,132,1553.73,172.13,160.14,562.63,0.678,-1,-1,-1
576,152,732.20,298.10,41.76,108.12,0.789,-1,-1,-1
576,165,1038.83,298.37,27.95,71.61,0.762,-1,-1,-1
576,188,1141.72,291.88,52.57,136.37,0.779,-1,-1,-1
576,203,1486.35,205.55,115.11,468.84,0.841,-1,-1,-1
576,216,-21.08,273.29,95.55,212.58,0.839,-1,-1,-1
576,219,970.47,327.44,43.74,95.30,0.610,-1,-1,-1
576,224,1236.69,286.69,56.53,132.34,0.858,-1,-1,-1
576,225,927.81,315.12,49.60,107.68,0.733,-1,-1,-1
576,229,166.34,299.13,38.62,100.64,0.772,-1,-1,-1
576,230,59.85,284.57,54.41,134.11,0.863,-1,-1,-1
576,231,1771.38,224.60,62.16,174.27,0.546,-1,-1,-1
576,232,1098.11,302.47,28.89,62.04,0.711,-1,-1,-1
576,233,118.49,300.88,34.89,98.42,0.758,-1,-1,-1
576,234,1073.84,297.15,22.07,66.61,0.657,-1,-1,-1
577,53,857.17,291.44,47.41,159.20,0.602,-1,-1,-1
577,127,766.44,285.16,57.90,169.12,0.819,-1,-1,-1
577,132,1560.72,175.18,160.61,565.85,0.581,-1,-1,-1
577,152,731.87,299.09,42.09,109.01,0.733,-1,-1,-1
577,165,1039.26,302.13,28.25,72.42,-1.000,-1,-1,-1
577,188,1142.05,295.94,51.57,135.25,0.752,-1,-1,-1
577,203,1490.50,208.23,116.21,472.81,0.754,-1,-1,-1
577,219,971.77,330.42,43.95,95.94,-1.000,-1,-1,-1
577,224,1238.55,289.05,56.69,133.10,0.692,-1,-1,-1
577,225,926.55,317.78,49.17,106.52,0.561,-1,-1,-1
577,229,162.81,300.47,38.18,98.80,0.656,-1,-1,-1
577,230,54.50,285.62,55.16,135.28,-1.000,-1,-1,-1
577,231,1774.60,229.87,62.60,175.58,-1.000,-1,-1,-1
577,232,1098.70,305.97,29.24,63.10,-1.000,-1,-1,-1
577,233,114.00,301.51,35.53,100.15,-1.000,-1,-1,-1
577,234,1074.27,300.40,22.56,68.01,-1.000,-1,-1,-1
578,53,856.08,295.05,47.43,160.04,0.809,-1,-1,-1
578,127,767.20,287.21,58.14,170.67,0.830,-1,-1,-1
578,132,1570.00,177.90,163.31,577.37,0.682,-1,-1,-1
578,152,733.15,299.32,43.59,114.07,0.782,-1,-1,-1
578,165,1039.70,305.89,28.55,73.22,0.738,-1,-1,-1
578,188,1142.72,302.82,50.81,134.07,0.827,-1,-1,-1
578,203,1497.46,210.86,118.66,481.79,0.864,-1,-1,-1
578,219,973.07,333.40,44.16,96.57,0.714,-1,-1,-1
578,224,1240.27,292.99,57.21,134.14,0.829,-1,-1,-1
578,225,927.17,321.60,49.95,108.09,0.784,-1,-1,-1
578,229,159.39,299.58,39.67,102.89,0.774,-1,-1,-1
578,230,49.15,286.66,55.90,136.45,0.860,-1,-1,-1
578,231,1777.82,235.13,63.04,176.88,0.602,-1,-1,-1
578,232,1099.30,309.48,29.59,64.17,0.739,-1,-1,-1
578,233,109.50,302.14,36.17,101.89,0.798,-1,-1,-1
578,234,1074.70,303.65,23.06,69.40,0.635,-1,-1,-1
579,53,853.16,298.24,48.01,163.23,0.813,-1,-1,-1
579,127,766.81,291.02,57.86,170.42,0.826,-1,-1,-1
579,132,1575.77,179.08,165.02,587.14,0.676,-1,-1,-1
579,152,732.60,302.50,43.33,113.79,0.785,-1,-1,-1
579,165,1038.06,309.82,28.23,72.37,0.678,-1,-1,-1
579,188,1141.98,306.25,50.85,135.28,0.788,-1,-1,-1
579,203,1502.08,215.78,120.13,485.22,0.863,-1,-1,-1
579,219,972.03,337.77,43.20,94.70,0.629,-1,-1,-1
579,224,1243.38,297.02,56.57,133.55,0.818,-1,-1,-1
579,225,927.05,325.32,49.58,107.14,0.719,-1,-1,-1
579,229,153.89,301.87,39.37,102.38,0.755,-1,-1,-1
579,230,42.69,290.45,55.30,132.87,0.841,-1,-1,-1
579,231,1778.67,236.58,64.19,180.24,-1.000,-1,-1,-1
579,232,1098.66,310.98,29.99,65.18,-1.000,-1,-1,-1
579,233,105.10,304.50,36.09,101.12,0.576,-1,-1,-1
579,234,1073.94,305.46,23.41,70.32,-1.000,-1,-1,-1
580,53,851.29,299.86,48.25,164.09,0.825,-1,-1,-1
580,127,765.60,290.79,58.26,171.81,0.827,-1,-1,-1
580,132,1580.46,180.92,166.11,594.61,0.739,-1,-1,-1
580,152,732.70,304.58,42.72,112.80,0.774,-1,-1,-1
580,165,1036.94,309.96,28.85,73.92,0.749,-1,-1,-1
580,188,1141.12,307.22,50.67,136.16,0.827,-1,-1,-1
580,203,1505.17,218.38,121.63,488.81,0.868,-1,-1,-1
580,219,971.43,339.48,43.35,95.20,0.667,-1,-1,-1
580,224,1242.45,298.95,57.01,134.26,0.872,-1,-1,-1
580,225,926.69,327.11,49.77,107.50,0.698,-1,-1,-1
580,229,149.02,301.00,39.82,104.04,0.742,-1,-1,-1
580,230,36.59,289.07,56.92,135.69,0.870,-1,-1,-1
580,231,1779.52,238.04,65.33,183.59,0.648,-1,-1,-1
580,232,1098.02,312.47,30.38,66.19,0.648,-1,-1,-1
580,233,100.19,305.30,36.04,100.31,0.808,-1,-1,-1
580,234,1073.17,307.27,23.76,71.24,0.627,-1,-1,-1
581,53,849.33,300.60,47.87,162.46,0.837,-1,-1,-1
581,127,763.34,291.23,58.51,171.55,0.825,-1,-1,-1
581,132,1584.64,183.15,166.56,598.99,0.703,-1,-1,-1
581,152,731.83,306.46,42.05,111.56,0.742,-1,-1,-1
581,165,1034.09,308.96,29.58,75.96,0.739,-1,-1,-1
581,188,1140.35,308.67,49.99,135.56,0.838,-1,-1,-1
581,203,1507.67,219.87,123.22,491.53,0.843,-1,-1,-1
581,219,969.94,340.96,43.31,95.08,0.596,-1,-1,-1
581,224,1243.30,300.72,56.78,134.06,0.851,-1,-1,-1
581,225,923.57,328.77,49.74,106.90,0.665,-1,-1,-1
581,229,142.55,300.09,40.02,105.09,0.812,-1,-1,-1
581,230,30.32,288.15,58.22,137.15,0.879,-1,-1,-1
581,232,1097.24,315.54,29.37,64.30,0.716,-1,-1,-1
581,233,94.30,305.06,36.33,100.36,0.807,-1,-1,-1
581,234,1072.77,309.15,23.32,69.85,0.603,-1,-1,-1
582,53,846.55,301.21,47.41,161.02,0.848,-1,-1,-1
582,127,759.42,290.44,58.89,172.51,0.842,-1,-1,-1
582,132,1587.55,183.48,167.30,602.60,0.781,-1,-1,-1
582,152,729.39,306.97,41.54,111.16,0.773,-1,-1,-1
582,165,1031.60,309.21,29.38,75.55,0.787,-1,-1,-1
582,188,1139.16,309.06,49.37,134.26,0.799,-1,-1,-1
582,203,1507.99,220.81,124.77,494.38,0.862,-1,-1,-1
582,219,963.86,342.14,43.77,94.73,0.596,-1,-1,-1
582,224,1242.03,301.57,57.19,135.75,0.887,-1,-1,-1
582,225,921.64,329.91,49.47,106.20,0.540,-1,-1,-1
582,229,134.22,298.56,40.73,106.32,0.843,-1,-1,-1
582,230,23.09,287.40,58.68,137.73,0.874,-1,-1,-1
582,232,1094.80,317.56,27.85,61.34,0.779,-1,-1,-1
582,233,86.83,304.89,36.63,100.14,0.815,-1,-1,-1
582,234,1069.22,311.24,22.55,67.33,0.712,-1,-1,-1
583,53,842.87,299.82,47.53,161.76,0.819,-1,-1,-1
583,127,755.16,286.95,59.37,173.89,0.831,-1,-1,-1
583,132,1594.27,183.13,168.79,610.41,0.665,-1,-1,-1
583,152,727.24,305.59,40.81,110.16,0.722,-1,-1,-1
583,165,1029.21,308.29,29.05,74.67,0.772,-1,-1,-1
583,188,1136.16,307.52,48.54,133.41,0.825,-1,-1,-1
583,203,1510.32,216.48,127.76,502.57,0.827,-1,-1,-1
583,219,961.89,340.00,44.13,95.59,0.741,-1,-1,-1
583,224,1242.13,301.07,57.15,136.62,0.873,-1,-1,-1
583,225,918.49,327.94,49.91,107.20,0.643,-1,-1,-1
583,229,123.82,295.16,41.31,106.89,0.801,-1,-1,-1
583,230,9.19,283.58,59.16,137.68,0.902,-1,-1,-1
583,232,1092.44,316.64,27.06,59.88,0.765,-1,-1,-1
583,233,78.61,301.77,36.91,99.74,0.830,-1,-1,-1
583,234,1066.49,311.62,21.94,65.50,0.576,-1,-1,-1
584,53,839.27,298.35,48.26,164.39,0.835,-1,-1,-1
584,127,750.39,285.41,59.58,174.66,0.868,-1,-1,-1
584,132,1597.24,179.91,169.75,617.82,0.817,-1,-1,-1
584,152,724.42,302.81,40.78,111.17,0.733,-1,-1,-1
584,165,1026.31,306.82,29.20,74.94,0.756,-1,-1,-1
584,188,1133.48,305.24,48.76,134.90,0.778,-1,-1,-1
584,203,1511.79,213.92,130.22,508.47,0.830,-1,-1,-1
584,219,959.50,338.91,44.20,95.82,0.691,-1,-1,-1
584,224,1241.83,300.35,57.02,137.52,0.864,-1,-1,-1
584,225,914.25,326.60,50.25,107.70,0.719,-1,-1,-1
584,229,115.06,293.00,42.01,107.41,0.842,-1,-1,-1
584,230,0.13,280.41,58.96,138.45,0.870,-1,-1,-1
584,232,1089.98,315.62,26.89,59.94,0.772,-1,-1,-1
584,233,71.38,299.39,37.60,100.29,0.819,-1,-1,-1
584,234,1063.42,310.51,22.27,66.65,0.637,-1,-1,-1
585,53,836.61,297.52,48.08,163.64,0.835,-1,-1,-1
585,127,747.38,285.89,59.40,173.80,0.854,-1,-1,-1
585,132,1602.15,180.30,170.85,623.57,0.724,-1,-1,-1
585,152,722.27,302.29,40.23,111.26,0.725,-1,-1,-1
585,165,1023.38,306.00,29.57,75.27,0.785,-1,-1,-1
585,188,1131.52,305.00,48.87,135.28,0.798,-1,-1,-1
585,203,1513.92,212.04,132.50,514.74,0.853,-1,-1,-1
585,219,957.83,338.56,44.12,96.07,0.734,-1,-1,-1
585,224,1241.45,300.56,56.99,138.78,0.877,-1,-1,-1
585,225,911.02,325.58,50.80,108.45,0.736,-1,-1,-1
585,229,108.64,291.54,42.69,107.72,0.851,-1,-1,-1
585,230,-6.52,280.18,57.45,137.62,0.827,-1,-1,-1
585,232,1088.21,315.11,26.76,60.12,0.736,-1,-1,-1
585,233,65.88,297.98,38.23,100.92,0.788,-1,-1,-1
585,234,1061.43,309.81,22.51,67.52,0.606,-1,-1,-1
585,236,1776.59,242.78,60.74,106.29,0.689,-1,-1,-1
585,237,657.05,309.42,13.22,41.34,0.534,-1,-1,-1
586,53,835.89,295.98,46.92,159.13,0.847,-1,-1,-1
586,127,745.59,284.85,59.26,173.82,0.840,-1,-1,-1
586,132,1606.30,177.10,172.54,630.90,0.705,-1,-1,-1
586,152,721.03,300.20,40.11,112.31,0.732,-1,-1,-1
586,165,1021.92,305.88,29.27,74.42,0.755,-1,-1,-1
586,188,1131.28,303.29,50.06,137.05,0.801,-1,-1,-1
586,203,1516.94,210.53,135.03,520.65,0.872,-1,-1,-1
586,219,956.40,337.65,44.35,96.74,0.715,-1,-1,-1
586,224,1241.69,299.65,56.90,139.85,0.861,-1,-1,-1
586,225,909.84,324.92,51.05,108.85,0.698,-1,-1,-1
586,229,103.20,289.64,43.40,108.67,0.831,-1,-1,-1
586,230,-12.23,276.77,56.11,139.65,0.877,-1,-1,-1
586,232,1086.91,314.22,27.04,61.21,0.743,-1,-1,-1
586,233,61.40,295.76,38.81,101.76,0.690,-1,-1,-1
586,234,1059.13,310.14,22.15,66.23,0.666,-1,-1,-1
586,236,1777.94,244.35,59.42,103.86,0.634,-1,-1,-1
587,53,835.13,296.70,46.95,158.81,0.841,-1,-1,-1
587,127,743.90,285.54,59.27,174.31,0.831,-1,-1,-1
587,132,1611.43,175.80,174.08,637.49,0.759,-1,-1,-1
587,152,720.36,301.50,39.35,111.48,0.723,-1,-1,-1
587,165,1021.12,306.09,29.33,74.67,0.742,-1,-1,-1
587,188,1130.75,304.51,50.59,136.55,0.809,-1,-1,-1
587,203,1520.02,210.25,137.32,525.25,0.859,-1,-1,-1
587,219,955.48,338.33,44.32,96.74,0.675,-1,-1,-1
587,224,1242.48,300.44,56.56,139.95,0.868,-1,-1,-1
587,225,909.49,325.85,51.13,108.59,0.647,-1,-1,-1
587,229,98.78,290.94,43.80,108.91,0.817,-1,-1,-1
587,230,-15.72,278.57,53.61,138.37,0.801,-1,-1,-1
587,232,1085.95,314.55,27.33,62.24,0.708,-1,-1,-1
587,233,55.74,294.91,40.01,103.92,0.808,-1,-1,-1
587,234,1057.54,310.38,22.68,67.74,0.627,-1,-1,-1
587,236,1780.28,246.71,57.99,101.15,0.704,-1,-1,-1
588,53,833.02,298.73,47.36,159.25,0.848,-1,-1,-1
588,127,740.84,289.05,59.30,173.65,0.840,-1,-1,-1
588,132,1617.81,174.73,176.62,646.96,0.754,-1,-1,-1
588,152,719.43,303.87,38.48,110.08,0.534,-1,-1,-1
588,165,1019.75,309.46,29.05,73.57,0.752,-1,-1,-1
588,188,1127.38,308.31,50.32,135.26,0.822,-1,-1,-1
588,203,1524.33,211.53,139.75,531.20,0.857,-1,-1,-1
588,219,951.66,339.96,45.07,97.74,0.671,-1,-1,-1
588,224,1243.29,302.46,56.85,140.72,0.845,-1,-1,-1
588,225,907.05,328.46,51.25,108.93,0.767,-1,-1,-1
588,229,93.17,292.88,43.97,108.59,0.832,-1,-1,-1
588,230,-17.25,283.90,50.92,134.36,0.615,-1,-1,-1
588,232,1085.36,318.13,27.13,61.88,0.745,-1,-1,-1
588,233,47.59,296.20,40.61,104.54,0.825,-1,-1,-1
588,234,1056.48,315.43,21.65,64.32,0.545,-1,-1,-1
589,53,834.01,302.02,47.48,158.93,0.833,-1,-1,-1
589,127,739.05,291.47,59.74,172.91,0.873,-1,-1,-1
589,132,1626.47,175.46,179.27,658.05,0.763,-1,-1,-1
589,165,1020.46,312.07,29.44,74.54,0.757,-1,-1,-1
589,188,1128.10,312.54,51.05,134.57,0.834,-1,-1,-1
589,203,1530.65,211.48,142.21,539.23,0.835,-1,-1,-1
589,219,953.37,342.87,44.53,97.15,0.677,-1,-1,-1
589,224,1243.23,303.67,57.26,141.36,0.850,-1,-1,-1
589,225,907.47,330.66,51.46,109.26,0.718,-1,-1,-1
589,229,91.07,295.25,43.95,108.20,0.843,-1,-1,-1
589,230,-16.51,288.96,48.73,132.22,0.719,-1,-1,-1
589,232,1085.98,319.69,27.38,62.94,0.684,-1,-1,-1
589,233,43.50,297.77,41.23,106.13,0.818,-1,-1,-1
589,234,1056.62,318.56,21.61,64.16,0.537,-1,-1,-1
590,53,834.01,304.37,47.43,158.93,0.805,-1,-1,-1
590,127,740.31,294.32,58.93,170.78,0.763,-1,-1,-1
590,132,1635.85,176.17,181.46,666.89,0.693,-1,-1,-1
590,165,1019.83,315.42,29.43,73.96,0.655,-1,-1,-1
590,188,1128.64,315.99,50.64,132.83,0.717,-1,-1,-1
590,203,1536.90,213.94,144.16,543.44,0.815,-1,-1,-1
590,219,953.61,344.12,45.14,98.37,-1.000,-1,-1,-1
590,224,1246.23,305.59,57.41,142.29,0.654,-1,-1,-1
590,225,905.90,331.60,52.41,111.33,0.685,-1,-1,-1
590,229,91.05,298.04,43.60,107.57,0.641,-1,-1,-1
590,232,1087.76,322.24,27.04,62.20,-1.000,-1,-1,-1
590,233,38.54,300.19,41.00,105.63,0.543,-1,-1,-1
590,234,1058.79,321.00,21.35,63.40,-1.000,-1,-1,-1
591,53,835.00,304.65,48.47,160.72,0.857,-1,-1,-1
591,127,741.70,294.87,59.71,171.55,0.824,-1,-1,-1
591,132,1646.13,175.21,183.98,676.26,0.685,-1,-1,-1
591,165,1023.35,316.06,29.64,74.81,0.761,-1,-1,-1
591,188,1129.28,317.98,51.08,132.48,0.811,-1,-1,-1
591,203,1545.55,215.10,146.36,547.89,0.812,-1,-1,-1
591,219,953.84,345.36,45.75,99.58,0.632,-1,-1,-1
591,224,1248.77,306.74,58.00,143.40,0.849,-1,-1,-1
591,225,908.05,332.38,52.62,112.21,0.740,-1,-1,-1
591,229,90.39,300.50,43.72,107.49,0.822,-1,-1,-1
591,232,1089.54,324.78,26.70,61.46,0.669,-1,-1,-1
591,233,39.01,302.10,41.14,106.39,0.715,-1,-1,-1
591,234,1060.97,323.44,21.09,62.65,0.517,-1,-1,-1
592,53,835.51,305.71,49.05,161.19,0.860,-1,-1,-1
592,127,742.88,295.64,60.40,172.29,0.853,-1,-1,-1
592,132,1654.55,174.53,185.86,684.76,0.806,-1,-1,-1
592,165,1025.95,317.41,29.23,73.87,0.796,-1,-1,-1
592,188,1129.98,319.62,51.84,132.27,0.839,-1,-1,-1
592,203,1551.60,216.21,149.19,555.83,0.855,-1,-1,-1
592,219,955.91,346.04,46.36,101.28,0.695,-1,-1,-1
592,224,1249.70,307.88,58.62,144.85,0.848,-1,-1,-1
592,225,909.44,335.36,52.16,111.26,0.744,-1,-1,-1
592,229,89.57,302.42,43.79,107.90,0.797,-1,-1,-1
592,232,1091.97,327.35,25.95,59.65,0.679,-1,-1,-1
592,233,39.54,303.96,41.20,107.34,0.782,-1,-1,-1
592,234,1063.23,324.95,21.18,62.90,0.586,-1,-1,-1
593,53,835.31,307.32,49.61,161.29,0.875,-1,-1,-1
593,127,741.23,296.50,61.40,174.05,0.822,-1,-1,-1
593,132,1668.74,174.54,189.50,698.16,0.777,-1,-1,-1
593,165,1027.79,317.97,29.08,73.70,0.807,-1,-1,-1
593,188,1129.46,319.61,52.35,131.83,0.859,-1,-1,-1
593,203,1559.88,215.28,151.35,563.60,0.878,-1,-1,-1
593,219,957.13,348.36,46.16,100.97,0.677,-1,-1,-1
593,224,1252.34,309.24,59.75,146.44,0.891,-1,-1,-1
593,225,910.47,337.87,51.69,110.02,0.706,-1,-1,-1
593,229,87.79,304.46,43.73,108.74,0.816,-1,-1,-1
593,232,1094.01,328.35,26.26,60.38,0.760,-1,-1,-1
593,233,37.43,307.34,40.75,106.94,0.802,-1,-1,-1
593,234,1065.39,325.16,21.44,64.04,0.719,-1,-1,-1
593,238,713.83,326.04,19.79,56.47,0.622,-1,-1,-1
594,53,834.88,308.82,50.46,162.39,0.874,-1,-1,-1
594,127,740.39,297.55,62.27,175.63,0.817,-1,-1,-1
594,132,1682.30,174.87,191.96,705.34,0.797,-1,-1,-1
594,165,1028.84,317.15,29.71,75.36,0.807,-1,-1,-1
594,188,1129.34,319.67,53.15,132.43,0.830,-1,-1,-1
594,203,1567.50,215.44,153.21,569.08,0.853,-1,-1,-1
594,219,958.54,349.81,46.34,101.53,0.695,-1,-1,-1
594,224,1254.94,310.48,60.49,147.49,0.884,-1,-1,-1
594,225,911.39,339.96,51.55,109.67,0.717,-1,-1,-1
594,229,86.71,305.81,43.78,110.05,0.799,-1,-1,-1
594,232,1095.06,329.29,26.50,61.15,0.745,-1,-1,-1
594,233,36.26,310.08,40.39,106.97,0.779,-1,-1,-1
594,234,1067.03,325.91,21.74,65.01,0.689,-1,-1,-1
594,238,714.78,327.77,19.65,56.06,0.660,-1,-1,-1
595,53,833.84,310.73,50.93,162.91,0.866,-1,-1,-1
595,127,740.22,299.40,62.32,175.27,0.824,-1,-1,-1
595,132,1691.34,174.27,195.19,718.14,0.844,-1,-1,-1
595,165,1029.06,318.14,29.78,75.70,0.816,-1,-1,-1
595,188,1129.00,319.77,53.74,132.77,0.853,-1,-1,-1
595,203,1573.80,215.16,155.21,576.18,0.831,-1,-1,-1
595,219,958.42,351.77,46.61,102.12,0.694,-1,-1,-1
595,224,1256.60,311.90,60.95,147.81,0.890,-1,-1,-1
595,225,912.16,341.69,51.24,109.04,0.710,-1,-1,-1
595,229,84.60,306.83,43.38,110.17,0.826,-1,-1,-1
595,232,1095.77,330.20,26.22,60.64,0.760,-1,-1,-1
595,233,33.42,312.29,39.99,106.54,0.776,-1,-1,-1
595,234,1068.10,326.74,21.66,64.82,0.742,-1,-1,-1
595,238,714.97,329.23,19.20,54.73,0.665,-1,-1,-1
595,239,677.52,328.97,11.75,36.93,0.685,-1,-1,-1
595,240,604.31,324.51,21.05,52.10,0.527,-1,-1,-1
595,241,623.14,325.99,19.54,50.43,0.608,-1,-1,-1
596,53,833.16,312.28,51.23,163.22,0.843,-1,-1,-1
596,127,741.20,301.57,62.17,174.07,0.810,-1,-1,-1
596,132,1704.89,174.50,198.54,725.43,0.851,-1,-1,-1
596,165,1029.73,318.94,30.22,77.19,0.790,-1,-1,-1
596,188,1129.88,320.08,54.79,134.52,0.848,-1,-1,-1
596,203,1580.56,215.73,156.81,581.70,0.833,-1,-1,-1
596,219,959.91,353.49,46.16,101.30,0.705,-1,-1,-1
596,224,1258.43,312.28,62.18,150.28,0.882,-1,-1,-1
596,225,913.09,342.60,51.50,109.44,0.728,-1,-1,-1
596,229,81.94,308.17,42.82,109.95,0.805,-1,-1,-1
596,232,1095.99,329.99,27.07,63.24,0.711,-1,-1,-1
596,233,31.26,313.61,39.90,106.82,0.773,-1,-1,-1
596,234,1068.32,326.56,22.06,66.11,0.712,-1,-1,-1
596,238,714.67,330.14,19.02,54.31,0.642,-1,-1,-1
596,239,678.17,329.85,11.79,37.03,0.574,-1,-1,-1
596,241,623.84,327.49,19.33,49.87,0.550,-1,-1,-1
597,53,832.91,314.27,51.09,161.72,0.867,-1,-1,-1
597,127,739.26,303.09,62.63,172.88,0.816,-1,-1,-1
597,132,1713.82,175.35,200.34,730.68,0.847,-1,-1,-1
597,165,1030.44,318.68,30.70,78.78,0.773,-1,-1,-1
597,188,1130.99,319.95,55.06,135.31,0.835,-1,-1,-1
597,203,1587.80,214.83,158.55,587.17,0.847,-1,-1,-1
597,219,959.96,353.90,46.52,101.71,0.699,-1,-1,-1
597,224,1260.80,312.76,62.46,150.30,0.887,-1,-1,-1
597,225,913.84,343.15,51.69,109.87,0.716,-1,-1,-1
597,229,78.68,309.26,42.96,110.77,0.790,-1,-1,-1
597,232,1096.70,330.42,27.12,63.91,0.716,-1,-1,-1
597,233,29.25,314.80,39.77,106.76,0.710,-1,-1,-1
597,234,1069.22,327.17,21.80,65.50,0.755,-1,-1,-1
597,238,715.45,328.45,19.83,56.56,0.587,-1,-1,-1
597,239,678.39,331.19,12.07,37.90,-1.000,-1,-1,-1
598,53,831.61,318.26,51.62,162.80,0.872,-1,-1,-1
598,127,737.73,305.67,63.66,173.05,0.832,-1,-1,-1
598,132,1724.25,172.59,202.22,743.85,0.904,-1,-1,-1
598,165,1031.35,321.08,30.05,77.34,0.757,-1,-1,-1
598,188,1132.05,322.18,54.93,134.69,0.764,-1,-1,-1
598,203,1597.32,214.50,161.09,596.02,0.885,-1,-1,-1
598,219,960.99,356.81,46.20,100.81,0.647,-1,-1,-1
598,224,1263.19,314.11,62.83,150.46,0.873,-1,-1,-1
598,225,914.56,345.26,52.03,110.72,0.718,-1,-1,-1
598,229,74.10,312.77,43.14,110.29,0.799,-1,-1,-1
598,232,1097.78,332.55,27.25,64.69,0.724,-1,-1,-1
598,233,24.13,318.86,39.93,106.22,0.734,-1,-1,-1
598,234,1069.81,331.04,21.31,63.85,0.721,-1,-1,-1
598,238,716.06,331.68,20.27,57.71,0.695,-1,-1,-1
598,239,678.60,332.54,12.34,38.76,0.590,-1,-1,-1
599,53,831.11,321.07,52.20,164.37,0.869,-1,-1,-1
599,127,739.13,308.36,64.42,172.95,0.848,-1,-1,-1
599,132,1732.26,173.61,202.37,753.86,0.876,-1,-1,-1
599,165,1032.99,323.35,29.71,76.58,0.758,-1,-1,-1
599,188,1132.44,324.09,54.70,134.37,0.515,-1,-1,-1
599,203,1605.88,213.99,163.42,604.28,0.833,-1,-1,-1
599,219,962.40,359.03,46.42,100.96,0.631,-1,-1,-1
599,224,1266.21,315.41,63.78,151.73,0.876,-1,-1,-1
599,225,914.91,347.05,52.20,110.95,0.547,-1,-1,-1
599,229,69.85,315.53,43.79,111.01,0.783,-1,-1,-1
599,232,1099.85,334.49,26.86,63.75,0.690,-1,-1,-1
599,233,21.82,322.01,40.19,106.09,0.724,-1,-1,-1
599,234,1070.13,330.55,22.33,66.86,0.696,-1,-1,-1
599,238,717.16,332.87,20.56,58.37,0.614,-1,-1,-1
599,239,679.88,335.40,12.13,38.07,-1.000,-1,-1,-1
600,53,831.09,323.33,52.36,164.53,0.872,-1,-1,-1
600,127,739.90,310.01,65.80,174.26,0.861,-1,-1,-1
600,132,1741.32,172.35,201.88,767.62,0.870,-1,-1,-1
600,165,1034.70,327.25,29.13,75.35,0.755,-1,-1,-1
600,188,1135.36,327.92,54.37,133.98,0.822,-1,-1,-1
600,203,1616.44,213.13,165.80,612.64,0.820,-1,-1,-1
600,219,963.94,361.91,46.41,100.71,0.625,-1,-1,-1
600,224,1269.62,317.50,64.63,153.09,0.893,-1,-1,-1
600,225,916.25,349.36,52.72,111.74,0.569,-1,-1,-1
600,229,68.83,319.13,43.90,110.86,0.762,-1,-1,-1
600,232,1101.72,336.70,26.60,63.82,0.741,-1,-1,-1
600,233,20.73,324.53,40.50,107.20,0.731,-1,-1,-1
600,234,1071.99,333.10,22.19,66.66,0.706,-1,-1,-1
600,238,717.76,335.79,20.98,59.42,0.583,-1,-1,-1
600,239,681.17,338.27,11.92,37.39,0.550,-1,-1,-1
601,53,832.13,325.44,52.20,163.76,0.875,-1,-1,-1
601,127,742.18,313.97,66.16,172.96,0.847,-1,-1,-1
601,132,1749.58,170.37,199.90,778.72,0.863,-1,-1,-1
601,165,1036.37,329.77,29.67,77.13,0.760,-1,-1,-1
601,188,1136.83,332.20,54.10,133.65,0.863,-1,-1,-1
601,203,1629.35,214.05,167.92,619.83,0.851,-1,-1,-1
601,219,967.71,364.88,46.58,101.27,0.709,-1,-1,-1
601,224,1273.39,319.95,65.25,153.60,0.886,-1,-1,-1
601,225,917.67,352.58,53.34,112.04,0.770,-1,-1,-1
601,229,69.92,323.07,44.17,111.07,0.790,-1,-1,-1
601,232,1104.59,338.21,27.04,65.53,0.685,-1,-1,-1
601,233,19.97,327.70,40.35,107.76,0.724,-1,-1,-1
601,234,1072.53,336.58,22.60,67.42,0.683,-1,-1,-1
601,238,720.01,339.55,20.80,58.83,0.661,-1,-1,-1
601,239,683.19,341.69,12.25,38.44,0.577,-1,-1,-1
602,53,834.03,327.72,51.84,162.43,0.861,-1,-1,-1
602,127,745.36,318.89,65.90,171.51,0.797,-1,-1,-1
602,132,1759.43,168.64,196.85,789.53,0.843,-1,-1,-1
602,165,1039.03,333.86,28.90,75.25,0.746,-1,-1,-1
602,188,1138.95,335.38,53.68,133.23,0.744,-1,-1,-1
602,203,1640.23,214.27,170.66,628.24,0.835,-1,-1,-1
602,219,969.99,367.44,46.43,101.16,0.685,-1,-1,-1
602,224,1277.50,322.09,66.00,155.09,0.860,-1,-1,-1
602,225,920.32,354.94,54.00,113.22,0.775,-1,-1,-1
602,229,70.28,326.87,44.13,110.50,0.774,-1,-1,-1
602,232,1106.82,341.03,26.91,65.71,0.606,-1,-1,-1
602,233,20.18,330.86,39.98,107.85,0.744,-1,-1,-1
602,234,1074.95,340.90,22.32,65.96,0.631,-1,-1,-1
603,53,836.49,333.82,51.38,160.88,0.832,-1,-1,-1
603,127,748.36,321.46,67.52,174.99,0.858,-1,-1,-1
603,132,1772.05,171.60,193.65,805.71,0.820,-1,-1,-1
603,165,1041.78,340.51,28.78,75.17,0.690,-1,-1,-1
603,188,1143.20,339.18,53.53,133.35,-1.000,-1,-1,-1
603,203,1660.45,214.66,175.68,643.53,0.869,-1,-1,-1
603,219,967.77,370.45,48.52,104.55,0.601,-1,-1,-1
603,224,1284.05,327.06,67.09,157.70,0.864,-1,-1,-1
603,225,921.79,359.96,54.52,114.31,0.684,-1,-1,-1
603,229,67.90,332.39,44.70,112.40,0.699,-1,-1,-1
603,232,1110.47,345.07,26.71,65.49,-1.000,-1,-1,-1
603,233,19.05,334.85,40.13,108.54,-1.000,-1,-1,-1
603,234,1078.49,345.44,22.66,66.76,0.507,-1,-1,-1
604,53,839.12,336.32,51.81,161.76,0.865,-1,-1,-1
604,127,754.98,325.87,66.78,173.64,0.844,-1,-1,-1
604,132,1792.00,176.03,175.00,750.68,0.740,-1,-1,-1
604,165,1045.46,344.80,28.57,74.63,0.753,-1,-1,-1
604,188,1147.45,342.97,53.38,133.47,0.809,-1,-1,-1
604,203,1674.68,215.04,179.06,653.67,0.827,-1,-1,-1
604,219,969.06,375.21,49.26,104.16,0.728,-1,-1,-1
604,224,1292.05,330.75,67.31,158.85,0.884,-1,-1,-1
604,225,925.08,364.54,54.76,114.40,0.712,-1,-1,-1
604,229,69.25,336.54,44.84,112.62,0.809,-1,-1,-1
604,232,1114.11,349.10,26.52,65.26,0.663,-1,-1,-1
604,233,17.92,338.83,40.28,109.24,0.669,-1,-1,-1
604,234,1081.48,351.96,21.74,63.33,0.662,-1,-1,-1
605,53,840.44,339.03,51.47,160.43,0.867,-1,-1,-1
605,127,757.25,327.93,66.95,174.64,0.840,-1,-1,-1
605,132,1803.76,211.22,169.99,748.97,0.593,-1,-1,-1
605,165,1047.72,348.49,28.30,73.86,0.735,-1,-1,-1
605,188,1150.20,346.22,52.95,133.24,0.767,-1,-1,-1
605,203,1687.90,216.56,182.25,660.89,0.847,-1,-1,-1
605,219,974.41,379.38,48.55,103.13,0.679,-1,-1,-1
605,224,1297.43,333.27,67.65,160.65,0.887,-1,-1,-1
605,225,927.46,367.82,54.96,114.73,0.752,-1,-1,-1
605,229,67.69,338.98,45.12,113.88,0.836,-1,-1,-1
605,232,1116.27,351.00,27.34,67.97,0.519,-1,-1,-1
605,233,15.06,343.27,40.82,110.70,0.795,-1,-1,-1
605,234,1083.68,355.01,21.87,63.86,0.676,-1,-1,-1
606,53,840.67,342.38,52.01,162.54,0.825,-1,-1,-1
606,127,758.69,330.54,67.20,175.74,0.838,-1,-1,-1
606,165,1048.71,352.20,28.44,74.18,0.699,-1,-1,-1
606,188,1156.08,349.04,53.85,133.62,0.545,-1,-1,-1
606,203,1705.05,219.49,186.72,665.03,0.879,-1,-1,-1
606,219,977.75,383.31,48.10,102.34,0.652,-1,-1,-1
606,224,1302.08,337.01,67.45,160.71,0.885,-1,-1,-1
606,225,929.11,370.78,55.01,115.22,0.700,-1,-1,-1
606,229,65.22,342.89,45.24,114.36,0.816,-1,-1,-1
606,232,1117.48,355.96,26.74,66.81,0.611,-1,-1,-1
606,233,12.95,348.07,40.79,110.82,0.707,-1,-1,-1
606,234,1084.67,357.53,22.14,64.83,0.715,-1,-1,-1
606,242,729.95,358.56,23.14,57.87,0.527,-1,-1,-1
607,53,840.58,342.99,52.65,164.42,0.846,-1,-1,-1
607,127,760.30,332.42,66.96,174.86,0.882,-1,-1,-1
607,165,1049.82,352.79,28.73,75.01,0.740,-1,-1,-1
607,188,1156.43,349.76,53.72,133.16,0.823,-1,-1,-1
607,203,1714.64,219.31,191.16,674.40,0.802,-1,-1,-1
607,219,981.44,384.85,48.07,103.17,0.733,-1,-1,-1
607,224,1306.22,338.14,67.47,161.59,0.851,-1,-1,-1
607,225,930.74,371.15,55.54,116.43,0.785,-1,-1,-1
607,229,61.92,343.88,44.76,114.43,0.839,-1,-1,-1
607,232,1119.87,358.02,27.06,68.26,0.602,-1,-1,-1
607,233,11.61,349.74,40.86,111.23,0.804,-1,-1,-1
607,234,1085.07,358.82,22.56,66.04,0.576,-1,-1,-1
607,242,731.62,360.00,22.79,57.00,0.682,-1,-1,-1
608,53,840.96,346.54,52.06,161.95,0.859,-1,-1,-1
608,127,760.46,333.38,66.94,175.18,0.879,-1,-1,-1
608,165,1051.48,353.91,28.13,73.54,0.748,-1,-1,-1
608,188,1154.97,349.85,54.19,134.40,0.838,-1,-1,-1
608,203,1723.63,218.03,194.45,684.42,0.924,-1,-1,-1
608,219,982.44,386.20,48.28,103.93,0.681,-1,-1,-1
608,224,1310.96,339.51,67.28,162.10,0.881,-1,-1,-1
608,225,931.76,373.33,55.07,115.30,0.761,-1,-1,-1
608,229,57.00,345.75,44.47,115.35,0.759,-1,-1,-1
608,232,1122.70,360.84,25.57,64.63,0.749,-1,-1,-1
608,233,7.02,352.48,41.35,110.99,0.865,-1,-1,-1
608,234,1086.71,360.58,22.05,64.62,0.609,-1,-1,-1
608,242,732.53,361.34,22.83,57.15,0.649,-1,-1,-1
609,53,841.99,347.47,51.73,160.38,0.856,-1,-1,-1
609,127,761.77,333.24,66.93,174.90,0.873,-1,-1,-1
609,165,1052.24,351.66,28.46,74.61,0.752,-1,-1,-1
609,188,1154.76,348.86,54.52,134.81,0.844,-1,-1,-1
609,203,1729.72,217.28,196.33,693.39,0.921,-1,-1,-1
609,219,983.11,385.91,48.38,104.37,0.638,-1,-1,-1
609,224,1315.74,338.28,67.26,162.78,0.885,-1,-1,-1
609,225,932.55,372.61,55.46,115.89,0.736,-1,-1,-1
609,229,53.23,345.97,44.33,116.02,0.760,-1,-1,-1
609,232,1124.54,361.14,24.87,63.04,0.749,-1,-1,-1
609,233,4.36,353.38,41.98,110.92,0.861,-1,-1,-1
609,234,1089.68,360.84,21.65,63.64,0.641,-1,-1,-1
609,242,733.73,360.85,22.82,57.15,0.696,-1,-1,-1
609,243,696.41,362.05,11.90,37.13,0.634,-1,-1,-1
610,53,842.76,347.40,51.88,160.57,0.855,-1,-1,-1
610,127,762.38,331.84,67.31,175.52,0.878,-1,-1,-1
610,165,1053.08,349.68,28.37,74.36,0.757,-1,-1,-1
610,188,1154.43,347.94,54.68,134.97,0.842,-1,-1,-1
610,203,1734.70,210.83,197.80,705.05,0.917,-1,-1,-1
610,219,984.39,384.66,48.46,104.88,0.640,-1,-1,-1
610,224,1319.21,336.84,67.18,163.14,0.869,-1,-1,-1
610,225,933.97,370.69,55.99,117.38,0.665,-1,-1,-1
610,229,50.21,345.56,44.07,116.24,0.738,-1,-1,-1
610,232,1126.15,360.91,24.18,61.53,0.697,-1,-1,-1
610,233,2.72,353.73,42.34,110.15,0.874,-1,-1,-1
610,234,1090.75,360.42,21.31,62.60,0.645,-1,-1,-1
610,242,734.24,360.13,22.84,57.16,0.649,-1,-1,-1
610,243,697.03,361.95,11.62,36.21,0.555,-1,-1,-1
610,244,672.47,359.37,14.85,40.10,0.504,-1,-1,-1
611,53,843.40,346.57,51.99,160.58,0.863,-1,-1,-1
611,127,762.86,331.44,67.26,175.33,0.866,-1,-1,-1
611,165,1053.79,347.35,28.62,75.09,0.775,-1,-1,-1
611,188,1154.74,347.52,54.58,134.26,0.843,-1,-1,-1
611,203,1740.77,207.21,196.78,711.29,0.920,-1,-1,-1
611,219,980.98,382.23,49.91,106.09,0.688,-1,-1,-1
611,224,1321.85,333.77,67.98,165.32,0.878,-1,-1,-1
611,225,935.76,370.40,55.68,116.94,0.666,-1,-1,-1
611,229,47.36,345.45,44.13,117.06,0.752,-1,-1,-1
611,232,1127.29,359.61,24.12,61.34,0.726,-1,-1,-1
611,233,1.77,353.79,42.80,109.99,0.881,-1,-1,-1
611,234,1091.73,359.30,21.27,62.51,0.629,-1,-1,-1
611,242,734.77,359.38,22.94,57.38,0.659,-1,-1,-1
611,243,697.69,361.67,11.37,35.40,0.573,-1,-1,-1
611,244,673.26,358.34,14.88,40.20,-1.000,-1,-1,-1
612,53,844.84,344.95,52.07,160.44,0.870,-1,-1,-1
612,127,763.36,330.67,67.36,175.10,0.861,-1,-1,-1
612,165,1054.72,345.35,28.76,75.66,0.796,-1,-1,-1
612,188,1154.66,346.88,54.22,133.01,0.846,-1,-1,-1
612,203,1747.01,202.14,195.70,721.19,0.917,-1,-1,-1
612,219,980.04,381.11,50.74,105.89,0.749,-1,-1,-1
612,224,1325.05,330.69,68.62,166.91,0.890,-1,-1,-1
612,225,937.34,370.13,55.08,115.57,0.671,-1,-1,-1
612,229,45.76,345.01,44.18,117.68,0.763,-1,-1,-1
612,232,1127.95,356.72,24.44,62.38,0.731,-1,-1,-1
612,233,1.18,353.41,43.09,109.64,0.884,-1,-1,-1
612,234,1092.51,355.84,21.83,63.95,0.686,-1,-1,-1
612,242,735.89,358.59,22.98,57.47,0.708,-1,-1,-1
612,243,698.19,359.85,11.88,37.00,0.591,-1,-1,-1
612,244,674.04,357.30,14.90,40.31,0.525,-1,-1,-1
613,53,848.19,342.79,52.17,160.19,0.876,-1,-1,-1
613,127,765.16,331.34,67.01,174.10,0.838,-1,-1,-1
613,165,1057.84,345.15,28.78,75.75,0.748,-1,-1,-1
613,188,1157.05,345.95,53.98,132.38,0.841,-1,-1,-1
613,203,1758.75,194.40,190.24,720.35,0.913,-1,-1,-1
613,219,985.65,380.76,50.48,105.57,0.549,-1,-1,-1
613,224,1331.52,327.75,69.64,168.84,0.890,-1,-1,-1
613,225,940.00,368.79,55.35,115.80,0.700,-1,-1,-1
613,229,45.63,345.93,44.39,118.47,0.806,-1,-1,-1
613,232,1131.62,356.12,24.18,61.92,0.787,-1,-1,-1
613,233,0.86,353.53,43.82,110.62,0.870,-1,-1,-1
613,234,1095.88,353.32,22.29,65.43,0.714,-1,-1,-1
613,242,738.87,357.90,23.05,57.68,0.708,-1,-1,-1
613,243,701.06,358.00,12.47,38.85,0.587,-1,-1,-1
613,244,676.30,355.61,15.48,41.91,0.533,-1,-1,-1
614,53,851.09,340.51,52.35,160.29,0.861,-1,-1,-1
614,127,766.63,332.37,66.35,172.61,0.828,-1,-1,-1
614,165,1060.88,345.44,28.33,74.54,0.775,-1,-1,-1
614,188,1160.48,345.38,54.04,132.03,0.835,-1,-1,-1
614,203,1769.47,189.32,184.68,720.86,0.895,-1,-1,-1
614,219,986.68,380.00,51.18,105.72,0.584,-1,-1,-1
614,224,1336.66,326.40,70.24,169.94,0.884,-1,-1,-1
614,225,942.80,367.25,55.70,116.67,0.700,-1,-1,-1
614,229,45.30,347.11,44.22,118.32,0.813,-1,-1,-1
614,232,1134.65,355.08,24.18,62.03,0.652,-1,-1,-1
614,233,-0.08,352.50,44.65,112.54,0.877,-1,-1,-1
614,234,1099.82,350.85,22.68,67.11,0.735,-1,-1,-1
614,242,741.09,357.07,23.36,58.54,0.636,-1,-1,-1
614,243,703.19,357.82,12.42,38.70,-1.000,-1,-1,-1
615,53,852.90,339.08,52.90,160.85,0.853,-1,-1,-1
615,127,769.73,331.16,66.65,173.04,0.850,-1,-1,-1
615,165,1063.47,345.07,28.05,73.66,0.785,-1,-1,-1
615,188,1163.50,344.66,54.13,131.86,0.795,-1,-1,-1
615,203,1777.72,186.66,181.49,727.73,0.811,-1,-1,-1
615,219,989.39,378.11,51.91,107.04,0.510,-1,-1,-1
615,224,1340.28,325.64,70.61,170.74,0.846,-1,-1,-1
615,225,944.79,366.40,55.90,117.18,0.758,-1,-1,-1
615,229,45.49,347.95,43.91,117.65,0.803,-1,-1,-1
615,232,1136.92,354.86,23.98,61.68,0.545,-1,-1,-1
615,233,-1.24,352.11,44.91,113.68,0.881,-1,-1,-1
615,234,1102.78,349.96,22.67,67.37,0.736,-1,-1,-1
615,242,743.75,356.85,23.49,58.75,0.654,-1,-1,-1
615,243,705.33,357.63,12.37,38.55,0.538,-1,-1,-1
616,53,856.52,339.32,53.10,161.07,0.794,-1,-1,-1
616,127,769.15,331.22,66.12,171.84,0.785,-1,-1,-1
616,165,1066.20,345.76,28.26,74.10,-1.000,-1,-1,-1
616,188,1165.42,344.10,53.52,131.19,0.758,-1,-1,-1
616,203,1786.80,190.60,176.84,727.47,0.740,-1,-1,-1
616,219,994.55,377.96,51.74,107.09,-1.000,-1,-1,-1
616,224,1343.97,325.42,70.69,172.10,0.642,-1,-1,-1
616,225,947.11,366.38,55.55,116.53,0.697,-1,-1,-1
616,229,47.76,349.27,42.49,113.84,0.673,-1,-1,-1
616,232,1139.60,351.14,25.51,65.84,-1.000,-1,-1,-1
616,233,-2.42,351.17,45.45,115.66,-1.000,-1,-1,-1
616,234,1105.27,348.52,23.39,69.46,-1.000,-1,-1,-1
616,242,745.88,357.30,23.40,58.53,-1.000,-1,-1,-1
617,53,859.48,338.48,53.96,163.89,0.846,-1,-1,-1
617,127,771.80,330.17,66.29,172.68,0.839,-1,-1,-1
617,165,1068.92,346.45,28.47,74.55,0.728,-1,-1,-1
617,188,1168.13,342.24,53.88,132.36,0.800,-1,-1,-1
617,203,1797.02,193.49,170.81,730.78,0.827,-1,-1,-1
617,219,999.71,377.81,51.58,107.13,0.672,-1,-1,-1
617,224,1349.67,325.41,71.64,173.46,0.806,-1,-1,-1
617,225,950.81,366.13,56.32,118.52,0.740,-1,-1,-1
617,229,48.33,349.74,42.70,115.00,0.806,-1,-1,-1
617,232,1142.27,347.41,27.04,70.00,0.649,-1,-1,-1
617,233,-3.60,350.23,45.99,117.63,0.781,-1,-1,-1
617,234,1107.76,347.09,24.10,71.56,0.707,-1,-1,-1
617,242,748.02,357.74,23.32,58.32,0.608,-1,-1,-1
618,53,863.47,337.70,55.53,166.61,0.872,-1,-1,-1
618,127,777.11,331.28,66.05,172.24,0.833,-1,-1,-1
618,165,1076.78,345.53,28.60,74.77,0.671,-1,-1,-1
618,188,1174.84,341.52,54.26,132.77,0.828,-1,-1,-1
618,224,1356.97,325.45,72.09,175.08,0.801,-1,-1,-1
618,225,957.30,366.38,56.28,118.65,0.749,-1,-1,-1
618,229,50.04,349.84,43.44,116.57,0.812,-1,-1,-1
618,232,1149.46,348.04,26.64,68.98,0.598,-1,-1,-1
618,233,-2.88,349.55,46.30,119.20,0.853,-1,-1,-1
618,234,1115.13,344.62,24.74,73.56,0.638,-1,-1,-1
618,242,754.72,357.26,23.77,59.40,0.620,-1,-1,-1
619,53,866.50,338.64,55.95,166.46,0.815,-1,-1,-1
619,127,779.72,330.32,66.32,173.82,0.826,-1,-1,-1
619,165,1082.65,346.47,28.69,74.34,0.708,-1,-1,-1
619,188,1177.50,341.69,53.73,132.68,0.793,-1,-1,-1
619,224,1363.19,326.45,72.79,176.61,0.769,-1,-1,-1
619,225,961.44,365.68,57.07,120.42,0.729,-1,-1,-1
619,229,51.07,350.47,43.77,118.14,0.720,-1,-1,-1
619,232,1154.16,349.25,26.11,67.87,-1.000,-1,-1,-1
619,233,-2.82,350.18,46.40,119.93,0.725,-1,-1,-1
619,234,1121.14,343.97,25.30,74.94,0.688,-1,-1,-1
619,242,758.77,357.39,23.62,59.08,-1.000,-1,-1,-1
620,53,868.25,339.13,56.95,166.51,0.893,-1,-1,-1
620,127,783.78,330.36,66.17,174.25,0.843,-1,-1,-1
620,165,1087.38,345.73,28.52,73.98,0.726,-1,-1,-1
620,188,1181.96,340.86,54.03,133.86,0.836,-1,-1,-1
620,224,1369.56,326.03,73.88,178.38,0.815,-1,-1,-1
620,225,965.66,365.98,57.14,120.50,0.704,-1,-1,-1
620,229,52.13,350.55,43.96,118.72,0.818,-1,-1,-1
620,232,1158.86,350.46,25.59,66.76,0.620,-1,-1,-1
620,233,-2.19,351.53,46.07,119.60,0.846,-1,-1,-1
620,234,1126.65,345.84,24.54,72.21,0.708,-1,-1,-1
620,242,762.82,357.52,23.47,58.76,0.608,-1,-1,-1
621,53,868.92,339.72,58.22,167.98,0.859,-1,-1,-1
621,127,786.53,330.93,66.08,174.53,0.832,-1,-1,-1
621,165,1091.29,345.16,29.05,75.09,0.657,-1,-1,-1
621,188,1185.06,340.56,54.36,134.60,0.731,-1,-1,-1
621,224,1372.26,325.24,74.86,181.89,0.845,-1,-1,-1
621,225,968.65,364.78,57.64,122.02,0.751,-1,-1,-1
621,229,52.24,350.53,43.98,119.47,0.775,-1,-1,-1
621,232,1162.60,350.97,25.20,65.74,-1.000,-1,-1,-1
621,233,-1.82,353.33,45.93,119.70,0.854,-1,-1,-1
621,234,1130.23,342.33,26.01,76.75,0.682,-1,-1,-1
621,242,765.35,355.93,24.40,61.07,0.522,-1,-1,-1
622,53,870.64,341.25,57.82,163.89,0.874,-1,-1,-1
622,127,789.62,331.78,65.47,173.81,0.826,-1,-1,-1
622,165,1094.17,344.08,29.00,74.80,0.749,-1,-1,-1
622,188,1186.71,341.76,53.33,133.27,0.772,-1,-1,-1
622,224,1377.27,325.14,74.66,181.02,0.845,-1,-1,-1
622,225,971.24,365.80,57.49,121.66,0.587,-1,-1,-1
622,229,52.65,350.49,44.23,120.41,0.837,-1,-1,-1
622,232,1166.35,351.49,24.80,64.72,0.621,-1,-1,-1
622,233,-1.52,356.41,45.06,117.83,0.840,-1,-1,-1
622,234,1133.10,344.00,24.82,73.86,0.742,-1,-1,-1
622,242,768.51,357.46,23.71,59.16,0.643,-1,-1,-1
622,245,1017.38,378.86,48.12,109.59,0.679,-1,-1,-1
623,53,872.02,342.59,58.34,163.31,0.885,-1,-1,-1
623,127,791.43,332.89,64.34,172.41,0.850,-1,-1,-1
623,165,1095.88,341.59,29.54,76.58,0.747,-1,-1,-1
623,188,1190.33,341.21,53.65,133.85,0.805,-1,-1,-1
623,224,1381.51,322.99,75.50,183.50,0.861,-1,-1,-1
623,225,973.97,366.16,57.36,121.13,0.742,-1,-1,-1
623,229,52.22,349.97,44.23,121.10,0.814,-1,-1,-1
623,232,1169.56,351.30,24.80,64.86,0.597,-1,-1,-1
623,233,-1.04,357.87,44.01,115.25,0.862,-1,-1,-1
623,234,1135.22,344.30,24.57,73.21,0.701,-1,-1,-1
623,242,770.71,357.11,23.86,59.52,0.643,-1,-1,-1
623,245,1019.81,378.63,48.26,109.59,0.642,-1,-1,-1
624,53,874.65,342.50,58.94,163.58,0.869,-1,-1,-1
624,127,797.11,332.23,64.35,172.81,0.840,-1,-1,-1
624,165,1101.58,342.35,28.82,74.28,0.770,-1,-1,-1
624,188,1195.05,341.38,53.48,133.21,0.502,-1,-1,-1
624,224,1389.08,320.66,76.04,185.19,0.858,-1,-1,-1
624,225,978.03,364.81,58.10,122.75,0.641,-1,-1,-1
624,229,51.36,350.65,44.48,121.18,0.828,-1,-1,-1
624,232,1174.69,351.03,24.56,64.32,0.592,-1,-1,-1
624,233,-0.15,360.00,43.98,114.78,0.847,-1,-1,-1
624,234,1140.46,345.47,23.83,70.89,0.711,-1,-1,-1
624,242,775.26,357.34,23.40,58.34,0.671,-1,-1,-1
624,245,1027.42,377.07,48.77,110.66,0.652,-1,-1,-1
625,53,877.85,342.92,59.04,163.73,0.836,-1,-1,-1
625,127,800.66,333.48,63.66,172.06,0.845,-1,-1,-1
625,165,1104.68,342.78,28.72,73.85,0.757,-1,-1,-1
625,188,1199.00,342.09,53.24,132.57,0.773,-1,-1,-1
625,224,1396.92,319.79,76.24,185.99,0.839,-1,-1,-1
625,225,980.24,365.17,58.06,122.37,0.703,-1,-1,-1
625,229,49.53,351.74,44.80,120.89,0.829,-1,-1,-1
625,232,1178.06,351.38,24.32,64.00,0.684,-1,-1,-1
625,233,-0.19,360.89,44.38,115.81,0.849,-1,-1,-1
625,234,1144.25,345.53,23.56,70.21,0.732,-1,-1,-1
625,242,778.19,357.38,23.38,58.36,0.701,-1,-1,-1
625,245,1027.71,377.42,49.29,111.05,0.740,-1,-1,-1
626,53,880.28,342.02,59.30,164.17,0.884,-1,-1,-1
626,127,804.07,333.84,63.19,171.89,0.865,-1,-1,-1
626,165,1107.43,343.24,28.41,73.11,0.754,-1,-1,-1
626,188,1201.91,342.06,53.04,132.11,0.809,-1,-1,-1
626,224,1404.19,319.06,76.29,186.98,0.829,-1,-1,-1
626,225,983.57,366.10,57.90,122.03,-1.000,-1,-1,-1
626,229,48.51,352.51,45.29,121.03,0.835,-1,-1,-1
626,232,1181.60,351.92,23.52,62.03,0.741,-1,-1,-1
626,233,-0.19,361.45,44.45,115.98,0.853,-1,-1,-1
626,234,1147.69,345.28,23.64,70.23,0.744,-1,-1,-1
626,242,780.61,358.03,23.07,57.38,0.741,-1,-1,-1
626,245,1028.73,377.65,49.95,111.33,0.773,-1,-1,-1
627,53,882.76,342.82,58.90,163.22,0.879,-1,-1,-1
627,127,806.83,333.30,63.03,173.07,0.872,-1,-1,-1
627,165,1109.97,343.32,28.57,73.52,0.705,-1,-1,-1
627,188,1204.13,343.03,52.57,131.64,0.843,-1,-1,-1
627,224,1411.18,318.63,76.84,189.92,0.840,-1,-1,-1
627,225,986.89,367.04,57.73,121.68,0.536,-1,-1,-1
627,229,47.79,353.34,45.89,121.25,0.843,-1,-1,-1
627,232,1184.24,352.25,23.46,62.08,0.725,-1,-1,-1
627,233,-0.87,361.53,44.37,116.35,0.876,-1,-1,-1
627,234,1149.61,345.65,23.81,70.86,0.745,-1,-1,-1
627,242,782.96,358.77,22.94,57.14,0.683,-1,-1,-1
627,245,1034.66,378.34,49.97,111.28,0.573,-1,-1,-1
627,246,743.93,360.11,12.01,38.62,0.599,-1,-1,-1
628,53,884.26,342.80,58.43,162.03,0.880,-1,-1,-1
628,127,808.81,333.54,62.54,173.16,0.869,-1,-1,-1
628,165,1111.58,344.16,28.69,73.99,0.738,-1,-1,-1
628,188,1204.90,343.30,52.19,131.50,0.833,-1,-1,-1
628,224,1417.62,319.29,76.58,191.34,0.839,-1,-1,-1
628,225,987.81,368.07,57.78,121.53,0.637,-1,-1,-1
628,229,47.83,354.25,46.25,121.28,0.841,-1,-1,-1
628,232,1185.90,352.84,23.42,62.01,0.689,-1,-1,-1
628,233,-2.34,362.18,43.92,116.74,0.877,-1,-1,-1
628,234,1151.24,347.50,23.27,69.64,0.746,-1,-1,-1
628,242,784.19,359.84,22.87,56.86,0.715,-1,-1,-1
628,245,1034.98,378.65,50.73,112.25,0.617,-1,-1,-1
628,246,745.33,361.35,11.81,37.99,0.674,-1,-1,-1
629,53,886.48,343.84,58.93,164.55,0.867,-1,-1,-1
629,127,811.73,335.00,62.03,172.62,0.854,-1,-1,-1
629,165,1114.72,346.76,28.58,73.67,0.720,-1,-1,-1
629,188,1208.58,344.09,52.72,132.31,0.584,-1,-1,-1
629,224,1430.01,322.86,76.68,192.81,0.876,-1,-1,-1
629,225,990.19,369.42,58.46,122.85,0.628,-1,-1,-1
629,229,46.32,355.27,47.03,122.34,0.835,-1,-1,-1
629,233,-3.83,361.62,43.69,118.35,0.874,-1,-1,-1
629,234,1152.74,345.29,24.82,74.84,0.649,-1,-1,-1
629,242,786.01,362.23,22.98,57.07,0.683,-1,-1,-1
629,245,1041.14,381.03,50.83,112.44,0.650,-1,-1,-1
630,53,888.31,347.85,58.45,163.98,0.846,-1,-1,-1
630,127,814.76,338.04,61.75,172.28,0.833,-1,-1,-1
630,165,1116.08,348.18,29.46,76.42,0.620,-1,-1,-1
630,188,1211.46,346.53,53.88,134.10,0.759,-1,-1,-1
630,224,1437.53,328.30,75.88,191.64,0.866,-1,-1,-1
630,225,993.79,371.02,59.01,124.08,0.639,-1,-1,-1
630,229,45.00,357.05,48.02,124.11,0.837,-1,-1,-1
630,233,-6.10,356.66,45.70,126.42,0.768,-1,-1,-1
630,234,1154.71,345.34,25.91,78.48,0.537,-1,-1,-1
630,242,785.36,358.59,25.69,63.95,0.635,-1,-1,-1
630,245,1045.57,381.72,51.54,113.90,0.618,-1,-1,-1
631,53,889.92,348.70,58.13,164.17,0.865,-1,-1,-1
631,127,815.76,338.19,62.08,173.83,0.847,-1,-1,-1
631,165,1118.23,351.04,29.07,75.32,0.714,-1,-1,-1
631,188,1213.34,348.09,54.32,135.16,0.706,-1,-1,-1
631,224,1444.06,329.97,76.42,193.80,0.890,-1,-1,-1
631,225,993.59,374.13,58.85,123.17,0.765,-1,-1,-1
631,229,41.57,357.77,48.63,124.79,0.859,-1,-1,-1
631,233,-7.05,358.06,44.45,126.22,0.829,-1,-1,-1
631,234,1156.75,351.10,24.38,74.11,0.723,-1,-1,-1
631,242,787.77,362.64,24.75,61.57,0.705,-1,-1,-1
631,245,1041.92,385.28,52.15,113.50,0.798,-1,-1,-1
632,53,891.91,350.93,57.70,163.92,0.876,-1,-1,-1
632,127,816.50,338.46,62.21,174.54,0.852,-1,-1,-1
632,165,1120.39,353.91,28.65,74.00,0.753,-1,-1,-1
632,188,1214.01,349.45,54.03,133.72,0.793,-1,-1,-1
632,224,1449.68,330.19,77.26,196.60,0.838,-1,-1,-1
632,225,994.80,375.12,59.31,123.68,0.782,-1,-1,-1
632,229,39.03,358.27,48.70,124.67,0.865,-1,-1,-1
632,233,-7.60,358.02,43.74,126.70,0.721,-1,-1,-1
632,234,1159.34,352.67,24.40,74.37,0.678,-1,-1,-1
632,242,789.93,363.59,25.10,62.45,0.687,-1,-1,-1
632,245,1043.16,386.87,52.57,113.68,0.606,-1,-1,-1
633,53,892.98,352.80,56.96,162.47,0.864,-1,-1,-1
633,127,819.02,338.85,61.90,174.48,0.863,-1,-1,-1
633,165,1121.13,353.17,29.24,75.64,0.645,-1,-1,-1
633,188,1214.24,350.55,54.08,133.57,0.748,-1,-1,-1
633,224,1454.85,329.98,78.19,199.57,0.878,-1,-1,-1
633,225,997.77,375.36,59.32,123.62,0.716,-1,-1,-1
633,229,36.12,358.82,49.35,126.15,0.841,-1,-1,-1
633,233,-8.97,358.03,43.16,128.60,0.753,-1,-1,-1
633,234,1160.36,353.82,24.35,74.41,0.591,-1,-1,-1
633,242,790.75,363.74,25.15,62.63,0.609,-1,-1,-1
633,245,1049.23,384.29,53.03,114.88,0.693,-1,-1,-1
634,53,893.71,351.93,56.59,161.93,0.864,-1,-1,-1
634,127,818.52,337.06,61.92,174.34,0.854,-1,-1,-1
634,165,1122.83,353.21,28.76,74.13,0.752,-1,-1,-1
634,188,1213.77,350.10,54.07,133.22,0.726,-1,-1,-1
634,224,1461.21,328.69,77.92,199.43,0.879,-1,-1,-1
634,225,997.68,372.30,60.26,125.49,0.792,-1,-1,-1
634,229,28.58,357.07,49.02,126.15,0.813,-1,-1,-1
634,233,-10.09,356.67,41.23,127.41,0.785,-1,-1,-1
634,234,1161.44,350.47,24.99,76.54,0.684,-1,-1,-1
634,242,792.25,363.21,24.60,61.19,0.691,-1,-1,-1
634,245,1052.52,384.02,52.74,114.63,0.708,-1,-1,-1
635,53,893.43,351.90,55.91,160.63,0.843,-1,-1,-1
635,127,817.95,336.16,61.87,174.68,0.839,-1,-1,-1
635,165,1123.31,354.32,27.84,71.62,0.693,-1,-1,-1
635,188,1209.46,349.60,53.78,132.05,0.804,-1,-1,-1
635,224,1463.62,325.16,79.23,202.64,0.839,-1,-1,-1
635,225,997.43,371.02,60.47,126.08,0.790,-1,-1,-1
635,229,20.45,355.14,49.15,127.09,0.705,-1,-1,-1
635,234,1161.18,349.60,24.74,75.72,-1.000,-1,-1,-1
635,242,792.06,361.94,25.35,62.75,0.620,-1,-1,-1
635,245,1053.75,382.43,53.37,116.30,0.557,-1,-1,-1
636,53,892.01,349.37,55.55,160.00,0.873,-1,-1,-1
636,127,815.27,333.98,61.47,173.93,0.853,-1,-1,-1
636,165,1121.21,350.16,28.16,72.18,0.748,-1,-1,-1
636,188,1206.40,347.42,53.49,131.71,0.841,-1,-1,-1
636,224,1463.95,321.43,80.21,203.89,0.891,-1,-1,-1
636,225,995.35,368.02,61.06,127.41,0.764,-1,-1,-1
636,229,12.43,351.92,48.80,127.49,0.769,-1,-1,-1
636,234,1160.91,348.72,24.49,74.90,0.723,-1,-1,-1
636,242,789.77,360.56,24.50,60.35,0.695,-1,-1,-1
636,245,1045.71,380.86,53.96,115.58,0.798,-1,-1,-1
637,53,891.55,346.78,55.32,159.64,0.850,-1,-1,-1
637,127,813.91,332.90,60.62,171.74,0.835,-1,-1,-1
637,165,1120.59,347.92,27.98,71.48,0.714,-1,-1,-1
637,188,1202.38,343.92,53.85,132.06,0.841,-1,-1,-1
637,224,1464.55,319.50,81.32,204.06,0.868,-1,-1,-1
637,225,994.98,366.25,60.67,126.62,0.701,-1,-1,-1
637,229,7.64,349.38,48.06,125.57,0.765,-1,-1,-1
637,234,1160.00,341.06,25.96,79.95,0.656,-1,-1,-1
637,242,788.62,356.18,24.93,61.31,0.600,-1,-1,-1
637,245,1047.97,377.56,54.46,117.12,0.635,-1,-1,-1
638,53,891.74,343.25,54.93,158.08,0.877,-1,-1,-1
638,127,813.65,329.97,60.40,171.28,0.852,-1,-1,-1
638,165,1119.93,342.99,28.43,72.38,0.753,-1,-1,-1
638,188,1200.76,339.77,54.44,133.17,0.848,-1,-1,-1
638,224,1465.22,314.96,82.91,205.04,0.879,-1,-1,-1
638,225,993.41,362.68,60.92,126.70,0.777,-1,-1,-1
638,229,1.99,345.64,48.06,125.95,0.816,-1,-1,-1
638,234,1159.50,336.03,26.39,81.73,0.679,-1,-1,-1
638,242,787.30,354.24,24.24,59.44,0.720,-1,-1,-1
638,245,1043.63,373.16,55.71,118.09,0.782,-1,-1,-1
639,53,890.26,339.45,54.38,156.12,0.886,-1,-1,-1
639,127,811.27,327.01,60.30,170.40,0.853,-1,-1,-1
639,165,1117.66,339.58,28.49,72.40,0.779,-1,-1,-1
639,188,1197.03,335.17,54.53,132.48,0.868,-1,-1,-1
639,224,1464.67,311.47,85.64,207.84,0.890,-1,-1,-1
639,225,990.97,359.31,61.15,126.65,0.739,-1,-1,-1
639,229,-4.36,342.75,47.19,126.45,0.813,-1,-1,-1
639,234,1157.56,332.38,26.22,82.11,0.716,-1,-1,-1
639,242,784.78,350.65,24.01,59.05,0.675,-1,-1,-1
639,245,1044.88,370.68,55.37,118.06,0.673,-1,-1,-1
640,53,890.39,336.27,54.26,155.41,0.889,-1,-1,-1
640,127,809.47,323.53,60.93,171.69,0.872,-1,-1,-1
640,165,1116.67,337.22,28.66,72.64,0.771,-1,-1,-1
640,188,1195.10,332.15,55.11,133.07,0.867,-1,-1,-1
640,224,1466.24,308.61,88.34,210.55,0.899,-1,-1,-1
640,225,990.03,357.21,61.39,126.61,0.757,-1,-1,-1
640,229,-6.96,341.18,46.07,126.16,0.822,-1,-1,-1
640,234,1157.32,332.80,25.26,79.62,0.692,-1,-1,-1
640,242,783.21,348.52,23.98,59.27,0.697,-1,-1,-1
640,245,1043.41,367.88,55.83,118.62,0.611,-1,-1,-1
641,53,890.60,334.00,54.86,156.85,0.888,-1,-1,-1
641,127,808.95,321.97,61.28,172.45,0.878,-1,-1,-1
641,165,1116.36,335.75,28.80,72.83,0.777,-1,-1,-1
641,188,1193.94,329.73,55.87,134.43,0.855,-1,-1,-1
641,224,1467.41,306.25,91.02,213.79,0.892,-1,-1,-1
641,225,989.57,355.59,61.84,127.28,0.718,-1,-1,-1
641,229,-7.93,340.99,44.26,124.10,0.839,-1,-1,-1
641,234,1157.09,328.83,25.79,81.93,0.679,-1,-1,-1
641,242,782.35,347.34,24.05,59.61,0.690,-1,-1,-1
641,245,1045.49,366.75,55.34,117.73,0.577,-1,-1,-1
642,53,890.59,332.81,55.43,158.12,0.887,-1,-1,-1
642,127,807.70,320.96,61.73,173.06,0.876,-1,-1,-1
642,165,1116.03,335.68,28.65,72.32,0.780,-1,-1,-1
642,188,1193.45,328.87,56.50,135.39,0.874,-1,-1,-1
642,224,1469.08,305.34,93.33,216.03,0.888,-1,-1,-1
642,225,988.80,355.38,62.30,127.90,0.770,-1,-1,-1
642,229,-8.85,341.50,42.67,122.59,0.798,-1,-1,-1
642,234,1157.37,330.65,24.97,79.50,0.674,-1,-1,-1
642,242,781.69,347.36,23.74,58.99,0.703,-1,-1,-1
642,245,1039.82,366.72,56.55,118.23,0.733,-1,-1,-1
643,53,892.37,333.20,55.16,158.29,0.856,-1,-1,-1
643,127,807.22,320.30,60.93,171.76,0.849,-1,-1,-1
643,165,1116.21,336.52,28.34,71.78,0.723,-1,-1,-1
643,188,1194.31,328.98,56.15,135.26,0.853,-1,-1,-1
643,224,1472.54,306.49,94.69,218.00,0.821,-1,-1,-1
643,225,991.06,355.83,62.04,127.95,0.599,-1,-1,-1
643,229,-9.78,341.96,41.31,121.54,0.734,-1,-1,-1
643,245,1043.75,364.06,57.59,120.81,0.617,-1,-1,-1
644,53,894.58,334.32,55.83,160.46,0.843,-1,-1,-1
644,127,810.40,321.82,61.19,171.29,0.847,-1,-1,-1
644,165,1117.72,338.78,28.29,71.76,0.728,-1,-1,-1
644,188,1196.20,332.27,55.36,133.88,0.848,-1,-1,-1
644,224,1477.25,305.50,98.25,223.08,0.899,-1,-1,-1
644,225,992.24,355.95,62.80,130.27,0.740,-1,-1,-1
644,229,-9.91,345.68,40.37,120.18,-1.000,-1,-1,-1
644,245,1048.48,366.46,56.89,119.94,0.674,-1,-1,-1
645,53,896.73,334.47,56.54,161.95,0.855,-1,-1,-1
645,127,813.90,324.01,61.21,170.95,0.847,-1,-1,-1
645,165,1121.73,340.85,28.53,72.03,0.817,-1,-1,-1
645,188,1200.11,334.47,54.92,132.98,0.852,-1,-1,-1
645,224,1488.56,306.01,99.94,225.90,0.858,-1,-1,-1
645,225,995.04,358.54,62.76,129.85,0.757,-1,-1,-1
645,229,-10.04,349.40,39.42,118.83,0.739,-1,-1,-1
645,245,1051.49,369.00,56.70,119.83,0.625,-1,-1,-1
646,53,898.37,336.89,56.44,161.73,0.778,-1,-1,-1
646,127,814.36,325.56,61.05,170.06,0.820,-1,-1,-1
646,165,1124.42,343.05,28.04,70.89,0.683,-1,-1,-1
646,188,1202.52,335.01,55.45,134.53,0.838,-1,-1,-1
646,224,1497.62,301.49,102.67,232.41,0.803,-1,-1,-1
646,225,997.48,358.64,63.05,130.48,0.658,-1,-1,-1
646,229,-9.51,346.89,39.84,122.52,0.677,-1,-1,-1
646,245,1051.18,369.04,58.36,122.16,0.628,-1,-1,-1
647,53,901.16,336.94,56.93,162.31,0.851,-1,-1,-1
647,127,818.47,327.11,61.38,170.28,0.847,-1,-1,-1
647,165,1127.89,343.08,28.44,71.07,0.808,-1,-1,-1
647,188,1205.13,334.93,55.65,135.50,0.845,-1,-1,-1
647,224,1509.63,304.11,102.30,231.52,0.886,-1,-1,-1
647,225,1000.76,359.72,63.31,131.50,0.732,-1,-1,-1
647,229,-9.54,345.03,40.21,126.32,0.671,-1,-1,-1
647,245,1056.37,367.98,58.96,124.17,0.601,-1,-1,-1
648,53,904.93,337.66,56.81,161.60,0.856,-1,-1,-1
648,127,822.22,327.15,61.87,171.42,0.866,-1,-1,-1
648,165,1132.22,342.82,28.77,71.35,0.818,-1,-1,-1
648,188,1209.64,336.70,54.95,133.73,0.849,-1,-1,-1
648,224,1525.09,304.68,101.58,232.17,0.887,-1,-1,-1
648,225,1005.05,361.27,63.10,131.01,0.580,-1,-1,-1
648,229,-9.37,343.61,39.92,128.59,0.723,-1,-1,-1
648,245,1062.33,368.81,58.39,123.48,0.692,-1,-1,-1
649,53,907.43,338.24,56.87,160.58,0.875,-1,-1,-1
649,127,826.69,325.82,62.52,172.16,0.852,-1,-1,-1
649,165,1137.87,342.42,27.82,68.98,0.745,-1,-1,-1
649,188,1214.34,336.49,54.59,133.15,0.849,-1,-1,-1
649,224,1542.57,304.77,101.01,233.81,0.844,-1,-1,-1
649,225,1009.23,361.16,63.22,131.15,0.718,-1,-1,-1
649,229,-9.50,338.54,40.22,133.10,0.729,-1,-1,-1
649,245,1065.12,367.88,59.50,125.58,0.569,-1,-1,-1
649,247,1181.15,335.92,23.71,79.79,0.698,-1,-1,-1
649,248,798.25,346.36,27.17,63.96,0.638,-1,-1,-1
649,249,707.27,349.52,20.08,54.51,0.539,-1,-1,-1
650,53,909.79,337.89,57.28,160.29,0.892,-1,-1,-1
650,127,831.13,325.94,62.16,171.17,0.877,-1,-1,-1
650,165,1142.70,341.05,28.21,69.65,0.788,-1,-1,-1
650,188,1218.82,335.63,53.85,131.73,0.848,-1,-1,-1
650,224,1556.92,304.64,100.71,236.60,0.898,-1,-1,-1
650,225,1013.35,360.68,63.63,131.50,0.739,-1,-1,-1
650,229,-9.13,334.68,39.82,135.14,0.730,-1,-1,-1
650,245,1070.87,366.73,59.95,127.35,0.656,-1,-1,-1
650,247,1185.65,335.01,23.79,80.05,0.726,-1,-1,-1
650,248,802.28,347.44,26.00,61.30,0.726,-1,-1,-1
650,249,712.87,347.21,19.83,53.85,0.604,-1,-1,-1
651,53,913.37,337.62,57.57,159.95,0.884,-1,-1,-1
651,127,836.10,323.51,62.87,172.72,0.852,-1,-1,-1
651,165,1147.74,338.83,28.60,70.83,0.763,-1,-1,-1
651,188,1223.90,334.64,53.50,131.07,0.855,-1,-1,-1
651,224,1569.90,303.41,101.02,240.63,0.896,-1,-1,-1
651,225,1018.01,359.03,64.04,132.44,0.560,-1,-1,-1
651,229,-9.07,331.77,39.37,136.88,0.693,-1,-1,-1
651,245,1072.65,367.42,59.82,126.07,0.606,-1,-1,-1
651,247,1190.46,330.98,24.88,83.87,0.701,-1,-1,-1
651,248,806.25,344.05,27.11,64.02,0.736,-1,-1,-1
651,249,717.38,346.12,19.75,53.65,0.547,-1,-1,-1
652,53,916.64,336.98,57.84,159.70,0.860,-1,-1,-1
652,127,841.15,323.47,62.68,171.78,0.872,-1,-1,-1
652,165,1152.28,337.71,28.53,70.75,0.771,-1,-1,-1
652,188,1228.01,333.14,53.66,131.52,0.856,-1,-1,-1
652,224,1581.17,304.54,100.85,241.61,0.887,-1,-1,-1
652,225,1022.52,358.75,63.68,131.73,0.636,-1,-1,-1
652,229,-8.78,329.74,38.73,137.77,0.683,-1,-1,-1
652,245,1072.68,367.57,60.79,125.41,0.725,-1,-1,-1
652,247,1195.97,332.71,24.03,81.17,0.684,-1,-1,-1
652,248,810.04,343.29,26.84,63.54,0.674,-1,-1,-1
652,249,719.94,343.79,20.52,55.69,-1.000,-1,-1,-1
653,53,920.20,336.11,58.31,160.35,0.878,-1,-1,-1
653,127,845.82,323.74,62.42,170.99,0.865,-1,-1,-1
653,165,1156.31,337.72,28.47,70.64,0.787,-1,-1,-1
653,188,1230.98,331.70,54.13,132.76,0.861,-1,-1,-1
653,224,1591.11,305.45,101.03,243.04,0.896,-1,-1,-1
653,225,1026.15,358.84,63.78,131.43,0.682,-1,-1,-1
653,229,-8.66,328.70,37.55,137.50,0.735,-1,-1,-1
653,245,1075.18,367.65,61.17,124.97,0.606,-1,-1,-1
653,247,1200.81,335.22,23.14,78.00,0.776,-1,-1,-1
653,248,813.62,344.12,26.33,62.50,0.718,-1,-1,-1
653,249,722.49,341.45,21.28,57.73,0.625,-1,-1,-1
654,53,928.72,335.30,57.36,157.50,0.823,-1,-1,-1
654,127,852.36,322.03,62.82,172.51,0.845,-1,-1,-1
654,165,1162.22,338.14,28.39,70.22,0.721,-1,-1,-1
654,188,1236.60,332.91,53.97,132.04,0.848,-1,-1,-1
654,224,1603.68,307.06,102.90,246.28,0.862,-1,-1,-1
654,225,1030.05,358.47,64.57,132.79,0.525,-1,-1,-1
654,229,-5.73,327.05,36.61,135.99,0.818,-1,-1,-1
654,245,1079.42,364.44,63.96,129.12,0.672,-1,-1,-1
654,248,818.06,339.65,27.83,66.18,0.513,-1,-1,-1
