1,1,16.81,146.78,73.89,193.01,0.895,-1,-1,-1
1,2,119.18,158.68,80.04,170.84,0.891,-1,-1,-1
2,1,16.82,144.99,74.65,195.00,0.892,-1,-1,-1
2,2,119.34,156.82,81.01,172.88,0.886,-1,-1,-1
3,1,20.33,143.08,75.60,197.67,0.889,-1,-1,-1
3,2,124.04,154.12,82.61,176.53,0.891,-1,-1,-1
4,1,23.29,143.15,76.25,199.47,0.896,-1,-1,-1
4,2,129.71,152.79,83.75,179.14,0.894,-1,-1,-1
4,3,254.67,200.77,15.70,60.49,0.664,-1,-1,-1
5,1,28.60,143.92,77.64,203.08,0.897,-1,-1,-1
5,2,136.10,154.65,84.68,181.23,0.865,-1,-1,-1
5,3,249.71,197.97,17.11,65.65,0.726,-1,-1,-1
6,1,33.00,138.87,80.34,210.68,0.895,-1,-1,-1
6,2,142.17,153.82,86.13,184.49,0.881,-1,-1,-1
6,3,249.29,196.61,17.85,67.92,0.683,-1,-1,-1
7,1,36.81,138.94,80.50,211.55,0.911,-1,-1,-1
7,2,146.47,151.14,87.86,188.41,0.876,-1,-1,-1
7,3,254.06,195.38,18.13,68.68,0.762,-1,-1,-1
7,4,272.85,201.25,25.43,63.27,0.811,-1,-1,-1
7,5,227.06,199.62,22.59,64.30,0.731,-1,-1,-1
8,1,40.88,137.87,81.67,215.08,0.894,-1,-1,-1
8,2,152.76,150.78,89.30,192.05,0.891,-1,-1,-1
8,4,280.73,202.05,25.61,63.90,0.775,-1,-1,-1
8,5,233.94,199.12,23.13,65.59,0.792,-1,-1,-1
9,1,43.31,133.57,83.81,221.16,0.875,-1,-1,-1
9,2,157.70,150.41,90.12,194.43,0.907,-1,-1,-1
9,4,286.50,202.01,25.89,64.65,0.777,-1,-1,-1
9,5,241.06,200.04,22.91,64.90,0.750,-1,-1,-1
9,6,307.50,208.09,16.17,42.38,0.662,-1,-1,-1
10,1,48.43,133.40,84.48,223.02,0.879,-1,-1,-1
10,2,163.13,148.65,91.79,197.93,0.902,-1,-1,-1
10,4,294.12,200.72,26.43,66.23,0.816,-1,-1,-1
10,5,249.68,200.62,22.69,64.18,0.753,-1,-1,-1
10,6,314.94,208.26,16.14,42.42,0.740,-1,-1,-1
10,7,274.95,197.61,20.99,67.18,0.669,-1,-1,-1
11,1,53.12,133.21,85.08,224.40,0.894,-1,-1,-1
11,2,169.21,147.43,93.14,201.17,0.904,-1,-1,-1
11,4,301.60,200.48,26.57,66.92,0.786,-1,-1,-1
11,5,257.43,200.84,22.73,64.04,0.703,-1,-1,-1
11,6,321.45,206.57,16.83,44.33,0.508,-1,-1,-1
11,7,284.12,197.76,20.91,66.89,0.735,-1,-1,-1
12,1,60.32,133.78,86.41,228.13,0.913,-1,-1,-1
12,2,178.21,147.50,94.66,205.03,0.907,-1,-1,-1
12,4,311.12,201.49,26.70,67.50,0.737,-1,-1,-1
12,5,267.94,201.00,23.37,65.71,0.817,-1,-1,-1
12,7,294.14,193.19,22.89,73.45,0.750,-1,-1,-1
13,1,64.65,131.59,88.21,233.20,0.907,-1,-1,-1
13,2,185.80,147.49,95.64,207.66,0.893,-1,-1,-1
13,4,319.33,201.39,26.52,67.44,0.677,-1,-1,-1
13,5,275.80,202.36,23.33,65.11,0.793,-1,-1,-1
13,7,301.98,196.46,22.10,70.97,0.753,-1,-1,-1
14,1,73.02,130.51,89.23,236.48,0.913,-1,-1,-1
14,2,196.06,146.50,96.90,210.85,0.881,-1,-1,-1
14,4,329.99,201.46,26.30,67.16,0.735,-1,-1,-1
14,5,285.85,201.71,23.64,65.70,0.825,-1,-1,-1
14,7,312.44,197.47,21.82,70.18,0.781,-1,-1,-1
14,8,168.25,196.64,28.50,71.41,0.517,-1,-1,-1
15,1,80.36,132.77,89.70,237.46,0.896,-1,-1,-1
15,2,205.99,146.48,98.40,214.63,0.907,-1,-1,-1
15,4,341.55,202.44,26.37,67.67,0.772,-1,-1,-1
15,5,295.62,201.71,23.88,66.39,0.836,-1,-1,-1
15,7,323.19,197.64,21.97,70.49,0.724,-1,-1,-1
15,8,179.73,196.80,28.61,71.87,0.551,-1,-1,-1
16,1,83.86,128.45,91.58,242.13,0.863,-1,-1,-1
16,2,210.78,142.88,100.73,219.49,0.889,-1,-1,-1
16,4,350.55,200.90,26.77,68.47,0.753,-1,-1,-1
16,5,302.86,198.36,24.70,68.61,0.741,-1,-1,-1
16,7,330.74,196.70,21.78,70.05,0.785,-1,-1,-1
16,8,187.01,195.22,28.62,72.03,0.628,-1,-1,-1
16,9,5.69,147.26,37.39,144.71,0.849,-1,-1,-1
17,1,85.82,126.19,92.88,245.42,0.885,-1,-1,-1
17,2,216.40,140.51,102.66,223.65,0.870,-1,-1,-1
17,4,356.47,198.43,26.96,68.85,0.569,-1,-1,-1
17,5,308.37,197.83,24.58,68.26,0.768,-1,-1,-1
17,7,336.33,195.01,22.04,70.98,0.682,-1,-1,-1
17,8,191.23,193.50,28.79,72.58,0.687,-1,-1,-1
17,9,6.75,144.71,36.88,141.99,0.681,-1,-1,-1
18,1,85.68,122.03,96.13,254.30,0.899,-1,-1,-1
18,2,220.56,138.38,105.32,228.65,0.880,-1,-1,-1
18,5,313.44,197.20,24.80,68.82,0.768,-1,-1,-1
18,8,195.46,192.98,28.77,72.50,0.643,-1,-1,-1
18,9,6.36,143.53,38.21,146.31,0.720,-1,-1,-1
19,1,84.20,119.63,97.73,258.72,0.907,-1,-1,-1
19,2,222.58,134.79,107.84,233.19,0.901,-1,-1,-1
19,5,315.84,195.31,24.89,69.17,0.757,-1,-1,-1
19,8,197.04,191.33,28.66,72.24,0.718,-1,-1,-1
19,9,6.60,139.67,40.05,151.47,0.888,-1,-1,-1
20,1,80.22,115.61,100.18,265.39,0.899,-1,-1,-1
20,2,221.33,131.25,110.65,238.54,0.897,-1,-1,-1
20,10,357.30,180.65,17.53,30.72,0.535,-1,-1,-1
21,1,75.88,112.14,102.33,271.14,0.899,-1,-1,-1
21,2,219.90,128.82,113.33,244.50,0.866,-1,-1,-1
22,1,71.72,106.78,105.97,281.61,0.898,-1,-1,-1
22,2,217.77,125.27,116.45,251.19,0.855,-1,-1,-1
22,11,44.02,184.91,25.56,70.40,0.724,-1,-1,-1
23,1,69.47,105.69,108.61,289.09,0.888,-1,-1,-1
23,2,217.57,124.93,118.92,257.09,0.900,-1,-1,-1
23,11,46.38,186.51,25.83,71.18,0.735,-1,-1,-1
24,1,67.24,104.26,111.14,295.67,0.893,-1,-1,-1
24,2,215.14,122.11,122.87,265.16,0.870,-1,-1,-1
24,11,49.41,187.74,25.49,70.27,0.523,-1,-1,-1
24,12,139.07,103.61,47.60,142.26,0.655,-1,-1,-1
25,1,64.66,102.41,114.23,303.95,0.910,-1,-1,-1
25,2,220.68,119.94,125.33,273.27,0.890,-1,-1,-1
25,12,140.53,102.13,49.18,147.31,0.737,-1,-1,-1
26,1,62.84,100.06,116.33,309.93,0.919,-1,-1,-1
26,2,219.37,117.36,128.24,280.51,0.892,-1,-1,-1
26,12,141.56,100.38,48.87,146.80,0.759,-1,-1,-1
27,1,59.97,96.90,119.39,318.13,0.893,-1,-1,-1
27,2,220.80,114.01,130.64,287.05,0.862,-1,-1,-1
27,12,140.78,97.72,50.62,152.73,0.706,-1,-1,-1
27,13,-0.02,131.97,42.10,172.57,0.705,-1,-1,-1
28,1,58.37,94.65,121.78,324.08,0.878,-1,-1,-1
28,2,223.43,111.70,133.19,294.67,0.852,-1,-1,-1
28,12,140.79,95.59,52.01,157.60,0.653,-1,-1,-1
28,13,-1.34,130.32,42.78,175.55,0.586,-1,-1,-1
29,1,55.50,90.90,123.99,329.56,0.878,-1,-1,-1
29,2,222.46,107.45,136.90,303.20,0.868,-1,-1,-1
29,12,131.00,92.91,70.53,215.97,0.589,-1,-1,-1
29,13,-0.72,127.59,43.62,179.04,0.774,-1,-1,-1
30,1,54.28,95.94,125.08,330.39,0.799,-1,-1,-1
30,2,227.75,104.65,138.31,308.90,0.829,-1,-1,-1
30,12,133.27,91.04,67.21,206.14,-1.000,-1,-1,-1
30,13,-1.71,125.86,44.01,181.11,0.745,-1,-1,-1
31,1,50.79,98.67,126.88,332.39,0.802,-1,-1,-1
31,2,232.04,100.58,139.63,314.52,0.839,-1,-1,-1
31,12,135.54,89.16,63.90,196.30,0.556,-1,-1,-1
31,13,-2.60,123.23,44.54,183.99,0.707,-1,-1,-1
32,1,50.58,90.31,131.51,342.97,0.806,-1,-1,-1
32,2,237.48,97.75,142.10,323.12,0.881,-1,-1,-1
32,12,140.31,86.28,58.48,180.04,0.590,-1,-1,-1
32,13,-3.07,122.06,45.07,186.90,0.681,-1,-1,-1
33,1,53.50,91.33,133.04,344.71,0.756,-1,-1,-1
33,2,240.91,93.21,145.08,330.20,0.860,-1,-1,-1
33,12,146.99,81.64,56.53,174.45,0.630,-1,-1,-1
33,13,-1.65,118.46,45.83,190.16,0.780,-1,-1,-1
33,14,413.37,187.69,28.17,77.52,0.801,-1,-1,-1
34,1,56.96,94.58,134.02,345.43,0.777,-1,-1,-1
34,2,252.72,90.69,148.11,337.21,0.860,-1,-1,-1
34,12,154.59,79.06,56.19,173.87,0.758,-1,-1,-1
34,13,0.28,117.14,46.73,193.17,0.852,-1,-1,-1
34,14,414.45,181.10,29.97,82.74,0.531,-1,-1,-1
35,1,64.68,83.14,131.29,334.99,0.800,-1,-1,-1
35,2,258.58,89.79,152.66,346.23,0.863,-1,-1,-1
35,12,161.46,78.73,56.06,173.47,0.730,-1,-1,-1
35,13,1.68,117.12,47.35,194.86,0.575,-1,-1,-1
35,14,410.18,182.07,30.27,84.01,0.797,-1,-1,-1
35,15,373.17,191.49,31.05,74.07,0.851,-1,-1,-1
36,1,70.51,84.21,136.87,347.46,0.760,-1,-1,-1
36,2,271.74,84.86,151.07,338.97,0.878,-1,-1,-1
36,12,170.16,75.69,56.47,174.83,0.795,-1,-1,-1
36,13,4.79,116.54,48.64,197.65,0.706,-1,-1,-1
36,14,414.91,180.56,30.71,85.65,0.767,-1,-1,-1
36,15,383.87,191.67,30.92,73.82,0.831,-1,-1,-1
36,16,443.07,187.45,27.87,81.79,0.811,-1,-1,-1
37,1,72.91,80.59,141.89,358.59,0.782,-1,-1,-1
37,2,280.72,81.86,151.24,335.77,0.884,-1,-1,-1
37,12,174.67,73.04,57.19,177.61,0.739,-1,-1,-1
37,13,6.58,115.47,49.77,199.97,0.615,-1,-1,-1
37,14,419.77,180.76,30.43,85.59,0.803,-1,-1,-1
37,15,390.64,191.60,30.93,73.92,0.830,-1,-1,-1
37,16,450.05,186.99,27.98,82.19,0.812,-1,-1,-1
38,1,73.47,91.10,145.31,365.59,0.788,-1,-1,-1
38,2,288.95,78.98,152.93,334.88,0.888,-1,-1,-1
38,12,177.97,71.34,60.58,189.15,0.720,-1,-1,-1
38,14,425.47,184.93,29.37,83.01,0.755,-1,-1,-1
38,15,397.03,196.58,29.40,70.30,0.735,-1,-1,-1
38,16,455.34,187.10,28.10,82.53,-1.000,-1,-1,-1
39,1,74.68,85.33,147.41,367.93,0.755,-1,-1,-1
39,2,294.28,75.38,156.70,338.62,0.877,-1,-1,-1
39,12,180.35,67.35,61.52,193.24,0.800,-1,-1,-1
39,14,430.50,186.23,28.43,80.89,0.804,-1,-1,-1
39,15,402.95,197.43,28.88,69.25,0.642,-1,-1,-1
39,16,460.63,187.21,28.21,82.88,0.518,-1,-1,-1
40,1,72.64,88.34,152.71,379.62,0.762,-1,-1,-1
40,2,299.73,72.61,159.72,338.82,0.898,-1,-1,-1
40,12,182.68,66.43,61.65,194.62,0.764,-1,-1,-1
40,14,434.55,185.59,28.83,82.56,0.729,-1,-1,-1
40,15,407.95,200.20,28.09,67.52,0.603,-1,-1,-1
40,16,465.88,187.29,28.69,84.18,0.631,-1,-1,-1
41,1,73.59,83.45,150.63,370.18,0.767,-1,-1,-1
41,2,305.14,67.68,160.66,335.08,0.836,-1,-1,-1
41,12,183.34,65.24,62.12,196.87,0.737,-1,-1,-1
41,14,437.94,187.02,28.53,82.11,0.696,-1,-1,-1
41,16,474.20,187.46,22.08,63.30,0.672,-1,-1,-1
42,1,65.30,86.07,155.52,379.46,0.745,-1,-1,-1
42,2,305.27,62.90,162.90,334.87,0.781,-1,-1,-1
42,12,180.33,60.91,63.34,201.52,0.761,-1,-1,-1
42,14,441.07,189.04,22.88,64.59,0.582,-1,-1,-1
42,16,476.02,186.64,16.82,46.20,0.673,-1,-1,-1
43,1,60.26,94.69,157.12,379.62,0.760,-1,-1,-1
43,2,304.41,58.79,166.57,336.78,0.797,-1,-1,-1
43,12,178.13,57.00,63.89,204.14,0.733,-1,-1,-1
43,16,476.15,188.25,13.42,35.48,0.591,-1,-1,-1
44,1,55.52,100.24,158.31,378.54,0.749,-1,-1,-1
44,2,305.54,55.29,169.98,337.25,0.846,-1,-1,-1
44,12,176.56,53.72,64.62,207.52,0.777,-1,-1,-1
45,1,52.26,94.77,162.45,385.29,0.772,-1,-1,-1
45,2,305.16,50.71,171.37,333.48,0.754,-1,-1,-1
45,12,175.61,50.41,66.01,213.26,0.749,-1,-1,-1
46,1,47.40,91.66,165.41,388.09,0.704,-1,-1,-1
46,2,303.68,47.97,177.81,339.06,0.821,-1,-1,-1
46,12,174.87,47.71,66.65,216.25,0.649,-1,-1,-1
47,1,44.12,90.62,166.62,386.93,0.689,-1,-1,-1
47,2,306.59,43.26,180.64,339.81,0.767,-1,-1,-1
47,12,174.14,43.81,67.45,220.30,0.793,-1,-1,-1
48,1,42.14,89.03,169.56,389.38,0.739,-1,-1,-1
48,2,304.62,37.64,185.00,341.39,0.768,-1,-1,-1
48,12,175.06,40.86,67.60,221.12,0.661,-1,-1,-1
49,1,40.32,89.10,170.29,386.88,0.701,-1,-1,-1
49,2,311.12,32.94,182.52,332.52,0.627,-1,-1,-1
49,12,174.91,38.81,69.12,226.76,0.616,-1,-1,-1
50,1,36.88,88.44,172.59,387.55,0.704,-1,-1,-1
50,2,311.25,26.32,186.48,333.95,0.754,-1,-1,-1
50,12,174.75,35.95,69.83,229.39,0.502,-1,-1,-1
51,1,35.09,87.41,175.17,388.93,0.698,-1,-1,-1
51,2,311.26,22.40,191.15,334.40,0.857,-1,-1,-1
51,12,167.49,36.35,84.04,280.15,0.587,-1,-1,-1
52,1,32.59,87.76,177.07,388.59,0.737,-1,-1,-1
52,2,310.82,19.57,196.34,337.05,0.826,-1,-1,-1
52,12,165.24,33.14,89.18,301.43,0.623,-1,-1,-1
53,1,30.78,87.35,179.25,389.73,0.685,-1,-1,-1
53,2,310.08,18.21,202.63,341.51,0.858,-1,-1,-1
53,12,163.87,30.74,92.22,316.40,0.681,-1,-1,-1
54,1,28.76,86.60,181.55,391.39,0.658,-1,-1,-1
54,2,311.28,17.26,205.81,339.98,0.866,-1,-1,-1
54,12,163.65,29.20,92.79,322.81,0.689,-1,-1,-1
55,1,31.01,86.93,183.28,390.28,0.660,-1,-1,-1
55,2,312.93,13.26,211.12,343.95,0.771,-1,-1,-1
55,12,163.98,27.40,93.68,328.87,0.568,-1,-1,-1
56,1,30.31,86.87,185.56,391.27,0.612,-1,-1,-1
56,2,313.66,6.76,218.57,351.42,0.816,-1,-1,-1
56,12,164.77,25.71,93.39,330.37,0.524,-1,-1,-1
57,1,30.96,87.32,186.34,387.31,0.639,-1,-1,-1
57,2,317.38,4.32,221.43,348.92,0.882,-1,-1,-1
58,1,31.82,87.79,188.23,385.82,0.641,-1,-1,-1
58,2,323.01,3.01,218.33,338.43,0.732,-1,-1,-1
59,1,32.88,88.28,190.63,386.05,0.609,-1,-1,-1
59,2,325.76,2.50,223.02,340.43,0.755,-1,-1,-1
59,17,306.78,66.93,264.71,337.80,0.831,-1,-1,-1
60,1,32.04,88.67,192.45,387.25,0.545,-1,-1,-1
60,2,331.92,1.53,221.94,333.05,0.703,-1,-1,-1
60,17,281.11,83.64,281.29,360.20,0.529,-1,-1,-1
61,1,30.83,88.57,194.44,387.37,0.542,-1,-1,-1
61,2,331.86,-0.04,229.86,341.78,0.591,-1,-1,-1
61,17,275.10,121.27,270.06,347.23,0.632,-1,-1,-1
62,1,28.03,89.01,196.09,386.92,0.595,-1,-1,-1
62,2,336.43,1.14,228.74,332.73,0.821,-1,-1,-1
62,18,177.60,16.21,77.27,325.31,0.629,-1,-1,-1
62,19,-0.86,81.74,29.91,167.31,0.521,-1,-1,-1
63,1,24.69,88.33,198.56,388.47,0.568,-1,-1,-1
63,2,337.83,1.16,230.86,331.95,0.637,-1,-1,-1
63,18,177.81,15.72,78.38,329.99,0.591,-1,-1,-1
64,1,22.75,88.03,199.65,388.93,-1.000,-1,-1,-1
64,2,338.42,1.60,234.09,331.67,0.719,-1,-1,-1
64,18,178.96,15.79,78.26,329.34,0.559,-1,-1,-1
65,1,20.81,87.72,200.74,389.39,0.644,-1,-1,-1
65,2,340.35,1.69,238.90,335.41,0.608,-1,-1,-1
65,18,179.67,17.07,78.20,328.65,0.707,-1,-1,-1
66,1,24.13,46.43,186.65,356.12,0.536,-1,-1,-1
66,2,337.44,1.61,241.46,336.52,0.603,-1,-1,-1
66,18,181.14,14.91,76.71,321.41,0.752,-1,-1,-1
66,20,503.35,193.08,25.66,77.41,0.576,-1,-1,-1
67,1,25.05,19.10,178.09,333.60,0.637,-1,-1,-1
67,2,331.90,1.66,241.80,335.10,0.558,-1,-1,-1
67,18,182.10,14.21,77.63,324.40,0.721,-1,-1,-1
67,20,503.70,194.69,24.95,75.24,0.524,-1,-1,-1
68,1,18.36,56.67,194.51,362.22,0.691,-1,-1,-1
68,2,335.37,1.59,240.56,329.48,0.653,-1,-1,-1
68,18,183.45,13.33,77.35,322.66,-1.000,-1,-1,-1
68,20,504.53,193.59,25.15,75.91,0.616,-1,-1,-1
69,1,14.18,71.90,202.10,374.56,0.681,-1,-1,-1
69,2,337.67,1.83,242.86,328.39,0.714,-1,-1,-1
69,18,184.80,12.45,77.06,320.93,0.748,-1,-1,-1
69,20,504.86,193.93,25.02,75.57,0.652,-1,-1,-1
70,1,11.88,79.62,206.03,380.40,0.608,-1,-1,-1
70,2,339.33,2.22,246.78,329.77,0.688,-1,-1,-1
70,18,184.37,15.57,80.13,332.66,0.807,-1,-1,-1
70,20,505.15,194.05,24.67,74.54,0.690,-1,-1,-1
71,1,10.09,84.81,208.81,383.92,0.687,-1,-1,-1
71,2,312.80,55.37,257.57,349.63,0.665,-1,-1,-1
71,18,185.11,15.87,81.15,335.78,0.739,-1,-1,-1
71,20,505.22,194.12,24.51,74.06,0.628,-1,-1,-1
72,1,9.46,87.23,210.60,385.91,0.673,-1,-1,-1
72,2,325.76,28.97,253.65,339.32,0.760,-1,-1,-1
72,18,186.31,15.50,81.91,337.32,0.727,-1,-1,-1
72,20,505.50,193.96,24.55,74.30,0.629,-1,-1,-1
72,21,302.83,177.65,18.75,85.51,0.785,-1,-1,-1
72,22,587.86,195.94,17.48,51.87,0.804,-1,-1,-1
72,23,289.84,183.20,19.86,75.16,0.550,-1,-1,-1
73,1,8.83,88.59,212.11,387.43,0.710,-1,-1,-1
73,2,330.41,15.12,253.81,334.92,0.780,-1,-1,-1
73,18,188.98,13.25,80.45,328.68,0.692,-1,-1,-1
73,20,505.20,194.14,24.82,75.29,0.627,-1,-1,-1
73,21,302.79,177.56,18.81,85.80,0.620,-1,-1,-1
73,22,588.80,195.65,17.88,52.60,0.834,-1,-1,-1
73,24,2.30,0.39,221.97,318.78,0.624,-1,-1,-1
74,1,8.07,89.21,213.42,388.84,0.719,-1,-1,-1
74,2,332.38,8.08,253.50,330.87,0.779,-1,-1,-1
74,18,189.11,14.45,82.15,333.41,0.751,-1,-1,-1
74,20,504.60,194.48,25.01,75.90,0.623,-1,-1,-1
74,21,300.58,177.75,18.64,84.35,-1.000,-1,-1,-1
74,22,588.64,195.72,17.89,52.31,0.754,-1,-1,-1
74,24,2.61,0.37,221.05,317.45,0.677,-1,-1,-1
74,25,311.77,111.90,202.46,368.05,0.510,-1,-1,-1
75,1,8.08,89.19,214.09,389.21,0.671,-1,-1,-1
75,2,331.06,5.19,254.71,329.58,0.668,-1,-1,-1
75,18,189.94,11.72,82.52,332.05,0.767,-1,-1,-1
75,21,298.37,177.94,18.46,82.90,0.654,-1,-1,-1
75,24,2.24,0.52,221.23,317.70,0.618,-1,-1,-1
76,1,7.53,89.39,214.35,388.55,0.711,-1,-1,-1
76,2,329.32,3.78,256.31,329.63,0.558,-1,-1,-1
76,18,190.63,10.69,82.88,331.22,0.716,-1,-1,-1
76,21,297.22,177.79,18.43,81.49,0.598,-1,-1,-1
76,24,1.22,0.52,222.53,319.58,0.670,-1,-1,-1
76,26,194.21,78.16,84.18,345.73,0.709,-1,-1,-1
77,1,6.91,89.46,214.90,388.44,0.654,-1,-1,-1
77,2,331.52,1.61,251.31,321.13,0.558,-1,-1,-1
77,18,191.18,10.54,83.26,331.39,0.557,-1,-1,-1
77,21,296.70,177.17,18.98,81.23,0.834,-1,-1,-1
77,24,0.68,0.58,222.86,320.07,0.687,-1,-1,-1
77,26,194.42,77.12,84.59,347.40,0.645,-1,-1,-1
78,1,6.47,89.34,215.84,389.12,0.686,-1,-1,-1
78,2,324.65,2.16,257.75,326.93,0.730,-1,-1,-1
78,18,191.05,11.82,84.46,335.67,0.561,-1,-1,-1
78,21,296.27,177.01,19.30,81.04,0.630,-1,-1,-1
78,24,1.61,0.55,222.54,319.51,0.663,-1,-1,-1
78,26,194.43,77.96,84.20,345.85,0.666,-1,-1,-1
79,1,7.05,89.95,214.94,386.40,0.617,-1,-1,-1
79,2,318.85,2.46,262.17,330.52,0.740,-1,-1,-1
79,18,190.75,11.23,83.95,332.77,0.718,-1,-1,-1
79,21,295.99,177.18,19.68,80.80,0.659,-1,-1,-1
79,24,1.96,0.47,222.52,319.45,0.666,-1,-1,-1
79,26,193.63,78.39,83.94,345.04,0.540,-1,-1,-1
80,1,7.60,90.00,215.44,386.63,0.581,-1,-1,-1
80,2,319.38,1.03,257.80,322.53,0.701,-1,-1,-1
80,18,190.96,11.21,83.76,331.31,0.647,-1,-1,-1
80,24,1.62,0.34,222.71,319.69,0.656,-1,-1,-1
81,1,8.47,89.58,215.30,385.30,0.677,-1,-1,-1
81,2,318.96,0.31,255.66,317.79,0.603,-1,-1,-1
81,18,189.83,16.02,84.00,331.75,0.688,-1,-1,-1
81,24,1.08,0.37,222.67,319.60,0.610,-1,-1,-1
82,1,7.73,89.60,215.83,385.26,0.669,-1,-1,-1
82,2,313.76,1.04,261.86,324.64,0.528,-1,-1,-1
82,18,189.62,15.40,83.56,329.63,0.704,-1,-1,-1
82,24,0.71,0.48,223.07,320.15,0.676,-1,-1,-1
82,27,263.33,82.24,315.26,366.18,0.641,-1,-1,-1
83,1,7.56,89.36,216.48,385.80,0.634,-1,-1,-1
83,2,314.82,0.48,257.43,316.68,0.628,-1,-1,-1
83,18,188.32,17.18,84.21,331.37,0.719,-1,-1,-1
83,24,0.91,0.41,222.89,319.81,0.625,-1,-1,-1
83,27,250.85,102.31,319.10,372.20,0.609,-1,-1,-1
84,1,7.41,89.52,216.80,385.46,0.661,-1,-1,-1
84,2,314.03,0.56,259.19,316.74,0.665,-1,-1,-1
84,18,186.97,16.30,83.56,328.24,0.722,-1,-1,-1
84,24,1.01,0.37,222.97,319.87,-1.000,-1,-1,-1
84,27,241.92,102.54,326.85,383.63,0.653,-1,-1,-1
85,1,7.69,89.44,218.03,386.60,0.657,-1,-1,-1
85,2,314.99,0.44,258.73,314.14,0.607,-1,-1,-1
85,18,185.47,16.11,81.82,320.54,0.734,-1,-1,-1
85,24,1.11,0.33,223.05,319.94,0.583,-1,-1,-1
85,27,238.70,100.85,329.80,389.97,0.650,-1,-1,-1
86,1,8.34,89.60,218.58,386.76,0.666,-1,-1,-1
86,2,316.09,0.19,260.36,314.04,0.708,-1,-1,-1
86,18,182.47,17.19,81.25,317.49,0.707,-1,-1,-1
86,27,240.05,98.46,330.05,393.46,0.659,-1,-1,-1
87,1,7.69,89.54,219.38,387.38,0.663,-1,-1,-1
87,2,317.05,0.10,259.50,311.12,0.677,-1,-1,-1
87,18,178.77,17.58,80.80,314.86,0.627,-1,-1,-1
87,27,240.90,96.51,327.08,394.22,0.716,-1,-1,-1
87,28,614.87,193.04,25.64,57.18,0.765,-1,-1,-1
88,1,7.00,89.84,219.52,387.44,-1.000,-1,-1,-1
88,2,318.73,0.27,256.18,304.32,0.700,-1,-1,-1
88,18,175.98,20.40,80.41,312.23,0.551,-1,-1,-1
88,27,242.17,98.76,324.00,393.39,0.518,-1,-1,-1
88,28,616.49,192.64,25.77,57.75,0.763,-1,-1,-1
89,1,6.31,90.14,219.67,387.50,0.596,-1,-1,-1
89,2,316.35,0.09,261.04,308.56,0.690,-1,-1,-1
89,18,174.49,22.48,80.13,310.01,0.523,-1,-1,-1
89,27,283.88,70.08,295.70,358.12,0.818,-1,-1,-1
89,28,619.09,193.88,24.88,56.12,0.636,-1,-1,-1
89,29,504.06,192.37,25.88,79.89,0.682,-1,-1,-1
90,2,314.44,0.32,265.02,312.52,0.538,-1,-1,-1
90,18,173.11,24.17,80.17,308.67,0.587,-1,-1,-1
90,27,271.61,85.48,300.21,366.78,0.556,-1,-1,-1
90,29,504.11,192.37,25.77,79.64,0.614,-1,-1,-1
91,2,315.53,0.09,266.04,312.78,0.682,-1,-1,-1
91,18,172.17,25.16,80.39,307.59,0.601,-1,-1,-1
91,27,292.22,67.22,286.39,349.19,0.704,-1,-1,-1
91,29,504.30,191.87,25.67,79.46,0.596,-1,-1,-1
91,30,197.73,117.76,57.84,304.31,0.517,-1,-1,-1
92,2,320.46,0.11,267.58,315.67,0.653,-1,-1,-1
92,18,171.85,25.60,80.92,307.93,-1.000,-1,-1,-1
92,27,275.46,79.14,297.17,366.00,0.547,-1,-1,-1
92,29,504.65,192.25,25.54,79.24,0.601,-1,-1,-1
93,2,317.69,-0.01,266.60,313.62,0.644,-1,-1,-1
93,18,171.53,26.04,81.45,308.27,0.741,-1,-1,-1
93,27,294.51,64.00,282.24,346.56,0.685,-1,-1,-1
93,29,504.56,191.91,25.59,79.61,0.561,-1,-1,-1
94,2,315.06,0.09,266.85,312.37,0.751,-1,-1,-1
94,18,171.80,25.84,84.05,318.28,-1.000,-1,-1,-1
94,27,283.16,91.27,282.12,349.55,0.541,-1,-1,-1
94,31,300.89,177.89,25.33,62.99,0.510,-1,-1,-1
95,2,313.76,0.03,268.22,313.50,0.627,-1,-1,-1
95,18,172.08,25.65,86.66,328.29,0.777,-1,-1,-1
95,27,296.38,66.28,278.65,345.14,0.734,-1,-1,-1
95,31,301.86,177.28,25.45,63.26,0.522,-1,-1,-1
96,2,314.77,-0.07,264.90,308.58,0.703,-1,-1,-1
96,18,174.31,25.12,88.15,334.56,0.816,-1,-1,-1
96,27,303.84,57.77,273.38,338.13,0.695,-1,-1,-1
96,31,301.55,176.81,25.60,63.64,0.625,-1,-1,-1
97,2,313.18,-0.09,268.30,312.45,0.620,-1,-1,-1
97,18,176.32,24.68,89.01,337.41,0.841,-1,-1,-1
97,27,306.91,53.77,272.67,336.95,0.808,-1,-1,-1
97,31,299.93,176.86,28.77,71.80,-1.000,-1,-1,-1
97,32,261.85,191.21,18.45,58.29,0.814,-1,-1,-1
98,2,312.42,-0.02,270.38,314.69,0.652,-1,-1,-1
98,18,179.79,23.86,89.66,338.96,0.847,-1,-1,-1
98,27,309.91,52.20,272.56,336.43,0.727,-1,-1,-1
98,31,298.30,176.90,31.94,79.95,0.652,-1,-1,-1
98,33,559.52,198.58,17.46,46.22,0.655,-1,-1,-1
98,34,2.09,0.54,219.89,319.45,0.668,-1,-1,-1
98,35,543.68,201.80,13.00,37.54,0.677,-1,-1,-1
98,36,506.97,190.73,21.72,77.87,0.688,-1,-1,-1
98,37,314.43,119.85,194.00,359.53,0.560,-1,-1,-1
99,2,312.52,-0.03,270.58,314.70,0.733,-1,-1,-1
99,18,182.18,23.66,89.96,339.20,0.859,-1,-1,-1
99,27,311.09,51.61,271.36,334.60,0.730,-1,-1,-1
99,31,297.39,177.09,33.37,84.13,0.688,-1,-1,-1
99,33,559.70,198.97,17.44,46.15,0.680,-1,-1,-1
99,34,2.01,0.54,219.86,319.35,0.704,-1,-1,-1
99,35,543.49,202.28,12.94,37.42,0.640,-1,-1,-1
99,36,506.76,190.98,22.21,79.60,0.718,-1,-1,-1
99,37,314.91,122.08,192.93,357.30,0.537,-1,-1,-1
100,2,311.93,-0.02,270.66,314.44,0.650,-1,-1,-1
100,18,184.69,23.22,90.36,339.96,0.819,-1,-1,-1
100,27,309.99,51.31,273.81,337.62,0.878,-1,-1,-1
100,31,297.29,177.60,33.84,85.98,0.719,-1,-1,-1
100,33,559.52,198.85,17.61,46.56,0.802,-1,-1,-1
100,34,2.61,0.49,218.92,317.94,0.649,-1,-1,-1
100,35,543.13,201.78,13.16,38.11,-1.000,-1,-1,-1
100,36,506.22,191.06,22.35,80.03,0.672,-1,-1,-1
100,38,2.11,88.10,220.18,389.36,0.536,-1,-1,-1
101,2,315.79,0.06,269.80,314.21,0.663,-1,-1,-1
101,18,188.30,22.61,90.61,340.05,0.815,-1,-1,-1
101,27,310.99,52.15,271.77,334.77,0.756,-1,-1,-1
101,31,297.42,177.35,34.32,87.74,0.633,-1,-1,-1
101,33,559.45,198.99,17.63,46.59,0.616,-1,-1,-1
101,34,2.63,0.45,218.31,316.95,0.633,-1,-1,-1
101,35,542.76,201.27,13.38,38.80,0.556,-1,-1,-1
101,36,506.38,191.39,22.33,79.93,0.618,-1,-1,-1
101,38,1.58,87.97,220.29,389.60,0.571,-1,-1,-1
101,39,279.98,179.82,28.34,78.11,0.540,-1,-1,-1
102,2,318.07,0.19,269.07,313.86,0.697,-1,-1,-1
102,18,191.54,20.41,89.18,332.34,0.841,-1,-1,-1
102,27,312.38,51.52,270.39,332.53,0.644,-1,-1,-1
102,33,558.81,198.55,17.87,47.11,-1.000,-1,-1,-1
102,34,2.13,0.49,218.89,317.73,0.645,-1,-1,-1
102,36,506.41,191.50,22.30,79.83,-1.000,-1,-1,-1
102,38,3.75,70.21,216.29,382.36,0.585,-1,-1,-1
103,2,314.44,0.23,271.01,315.83,0.671,-1,-1,-1
103,18,192.46,20.36,90.78,337.53,0.837,-1,-1,-1
103,27,313.70,51.95,268.79,329.91,0.704,-1,-1,-1
103,33,558.17,198.11,18.11,47.62,0.683,-1,-1,-1
103,34,3.03,0.60,219.01,317.95,0.663,-1,-1,-1
103,36,506.43,191.61,22.27,79.73,0.524,-1,-1,-1
103,38,5.68,61.56,213.81,377.79,0.611,-1,-1,-1
104,2,318.29,0.24,270.13,315.02,0.646,-1,-1,-1
104,18,192.80,20.22,91.21,338.89,0.849,-1,-1,-1
104,27,314.79,53.56,270.13,331.00,0.669,-1,-1,-1
104,34,2.26,0.81,220.10,319.51,0.682,-1,-1,-1
104,36,506.59,191.96,22.11,79.10,0.646,-1,-1,-1
104,38,6.16,63.09,213.58,377.29,-1.000,-1,-1,-1
104,40,307.21,86.66,210.88,381.51,0.527,-1,-1,-1
105,2,321.17,0.23,269.66,314.83,0.694,-1,-1,-1
105,18,192.07,20.44,91.42,340.05,0.839,-1,-1,-1
105,27,314.68,53.57,271.93,333.08,-1.000,-1,-1,-1
105,34,3.27,0.59,219.53,318.73,0.685,-1,-1,-1
105,36,506.96,192.62,21.84,78.14,-1.000,-1,-1,-1
105,38,6.65,64.62,213.35,376.78,0.600,-1,-1,-1
105,40,309.09,80.94,208.32,376.92,0.582,-1,-1,-1
106,2,320.68,0.21,270.55,315.96,0.666,-1,-1,-1
106,18,191.11,20.80,91.37,341.07,0.821,-1,-1,-1
106,27,314.57,53.58,273.74,335.17,0.756,-1,-1,-1
106,34,3.14,0.58,219.87,319.12,0.726,-1,-1,-1
106,36,507.32,193.28,21.58,77.18,0.538,-1,-1,-1
106,38,6.62,67.07,213.18,376.19,0.532,-1,-1,-1
106,40,311.91,100.85,204.21,369.38,0.541,-1,-1,-1
106,41,540.90,201.57,12.62,38.66,0.538,-1,-1,-1
107,2,321.14,0.09,270.72,315.39,0.616,-1,-1,-1
107,18,190.53,21.08,91.21,341.62,0.794,-1,-1,-1
107,27,315.20,51.01,275.81,336.54,0.866,-1,-1,-1
107,34,3.92,0.50,219.50,318.42,0.714,-1,-1,-1
107,38,4.57,77.67,216.46,382.05,0.602,-1,-1,-1
107,40,313.37,105.98,203.70,368.34,-1.000,-1,-1,-1
107,41,540.88,202.03,12.54,38.42,0.571,-1,-1,-1
107,42,302.68,177.66,23.82,85.34,0.771,-1,-1,-1
108,2,317.17,2.02,277.10,322.79,0.778,-1,-1,-1
108,18,190.83,19.35,89.20,334.13,0.808,-1,-1,-1
108,34,4.60,0.48,218.92,317.20,0.733,-1,-1,-1
108,38,4.45,82.82,217.86,384.45,0.543,-1,-1,-1
108,40,314.82,111.11,203.19,367.30,0.517,-1,-1,-1
108,41,540.69,201.06,12.85,39.36,0.582,-1,-1,-1
108,42,302.54,177.74,23.93,85.63,0.784,-1,-1,-1
109,2,314.62,3.14,282.84,329.71,0.800,-1,-1,-1
109,18,190.32,19.99,90.21,338.12,0.809,-1,-1,-1
109,34,4.56,0.43,218.58,316.31,0.751,-1,-1,-1
109,38,5.90,78.90,215.14,379.05,0.527,-1,-1,-1
109,42,302.05,177.64,23.95,85.71,0.735,-1,-1,-1
110,2,317.18,3.57,282.89,329.84,0.736,-1,-1,-1
110,18,189.31,20.95,92.97,349.26,0.805,-1,-1,-1
110,34,3.12,0.56,219.92,318.14,0.738,-1,-1,-1
110,38,5.92,75.89,213.83,376.37,0.558,-1,-1,-1
110,42,302.11,177.53,24.06,85.88,0.761,-1,-1,-1
111,2,318.88,3.74,283.39,330.67,0.772,-1,-1,-1
111,18,189.56,21.25,91.89,344.28,0.816,-1,-1,-1
111,34,2.82,0.58,219.26,316.96,0.686,-1,-1,-1
111,38,5.16,74.67,214.37,377.07,0.501,-1,-1,-1
111,42,302.03,177.49,24.14,86.03,0.752,-1,-1,-1
111,43,289.59,180.68,19.21,77.37,0.605,-1,-1,-1
112,2,319.09,3.69,283.74,331.53,0.721,-1,-1,-1
112,18,189.74,21.77,90.70,337.50,0.841,-1,-1,-1
112,34,1.88,0.57,220.00,318.07,0.716,-1,-1,-1
112,38,4.54,73.73,215.12,378.22,0.601,-1,-1,-1
112,42,301.21,177.52,24.01,85.58,0.560,-1,-1,-1
113,2,323.44,2.32,277.55,323.96,0.576,-1,-1,-1
113,18,190.17,20.86,89.45,330.00,0.847,-1,-1,-1
113,34,1.71,0.59,219.27,316.95,0.704,-1,-1,-1
113,38,3.84,73.35,215.86,379.40,0.626,-1,-1,-1
113,42,302.32,177.69,19.37,67.62,0.558,-1,-1,-1
114,2,315.37,2.83,282.02,328.73,0.660,-1,-1,-1
114,18,190.34,21.17,89.31,326.70,0.844,-1,-1,-1
114,34,1.21,0.61,219.85,317.78,0.711,-1,-1,-1
114,38,3.89,72.98,215.50,378.52,0.539,-1,-1,-1
115,2,308.83,2.87,284.77,331.42,0.761,-1,-1,-1
115,18,189.80,21.92,91.44,333.47,0.824,-1,-1,-1
115,34,1.08,0.58,220.00,317.99,0.707,-1,-1,-1
115,38,3.18,77.44,216.65,380.70,-1.000,-1,-1,-1
116,2,306.95,1.82,279.99,324.38,0.673,-1,-1,-1
116,18,189.89,22.75,94.03,342.91,0.781,-1,-1,-1
116,34,1.18,0.58,220.43,318.68,0.721,-1,-1,-1
116,38,2.47,81.90,217.79,382.89,0.547,-1,-1,-1
117,2,309.92,1.01,272.64,314.42,0.690,-1,-1,-1
117,18,191.75,22.32,93.82,341.09,0.718,-1,-1,-1
117,34,1.30,0.76,220.79,319.06,0.654,-1,-1,-1
117,44,294.83,93.53,225.92,385.78,0.531,-1,-1,-1
118,2,308.10,0.73,273.26,314.72,0.629,-1,-1,-1
118,18,194.70,21.43,90.29,326.19,0.750,-1,-1,-1
118,34,2.12,0.79,221.25,319.39,0.697,-1,-1,-1
118,44,326.26,64.54,208.09,353.06,0.667,-1,-1,-1
119,2,307.64,1.03,272.85,313.89,0.719,-1,-1,-1
119,18,197.11,21.88,89.75,323.22,0.775,-1,-1,-1
119,34,-3.50,32.00,235.49,341.81,0.555,-1,-1,-1
119,44,339.38,52.93,201.09,338.56,0.692,-1,-1,-1
120,2,307.43,0.73,272.43,312.68,0.741,-1,-1,-1
120,18,199.54,21.93,87.99,315.99,0.818,-1,-1,-1
120,34,0.10,17.42,230.21,333.38,0.721,-1,-1,-1
120,44,343.86,49.46,199.96,333.64,0.688,-1,-1,-1
120,45,546.67,196.69,21.83,50.58,0.676,-1,-1,-1
121,2,307.30,0.60,271.09,310.16,0.672,-1,-1,-1
121,18,200.84,22.06,87.27,312.57,0.740,-1,-1,-1
121,34,2.63,11.08,228.21,329.78,0.600,-1,-1,-1
121,44,344.40,49.32,201.64,332.23,0.767,-1,-1,-1
121,46,500.37,192.01,28.60,79.97,0.840,-1,-1,-1
122,2,310.04,0.95,268.35,306.13,0.691,-1,-1,-1
122,18,201.40,22.37,86.39,308.99,0.823,-1,-1,-1
122,34,9.81,6.27,224.92,324.62,0.670,-1,-1,-1
122,44,345.76,48.76,201.73,329.05,0.638,-1,-1,-1
122,46,500.43,192.56,28.41,79.36,0.805,-1,-1,-1
123,2,314.31,0.57,269.72,308.42,0.612,-1,-1,-1
123,18,201.34,22.39,86.18,308.74,0.788,-1,-1,-1
123,34,11.46,4.37,224.80,323.67,0.549,-1,-1,-1
123,44,315.99,68.21,219.82,359.96,0.646,-1,-1,-1
123,46,500.61,193.12,28.22,78.78,0.824,-1,-1,-1
124,2,311.68,0.20,272.56,311.72,0.758,-1,-1,-1
124,18,201.23,22.69,85.72,307.60,0.731,-1,-1,-1
124,34,15.86,2.82,224.32,322.51,0.687,-1,-1,-1
124,44,327.59,60.35,214.27,346.81,0.657,-1,-1,-1
124,46,500.97,193.09,28.26,78.90,0.812,-1,-1,-1
125,2,312.88,0.05,273.50,313.37,0.622,-1,-1,-1
125,18,201.08,23.64,86.35,311.09,0.607,-1,-1,-1
125,34,17.48,2.31,223.88,321.13,-1.000,-1,-1,-1
125,44,327.58,52.39,222.02,356.11,0.689,-1,-1,-1
125,46,501.25,192.44,28.42,79.40,0.808,-1,-1,-1
125,47,293.05,178.88,29.96,78.06,0.578,-1,-1,-1
126,2,314.52,0.08,272.70,313.06,0.668,-1,-1,-1
126,18,201.30,23.88,84.47,304.30,0.533,-1,-1,-1
126,34,19.09,1.79,223.45,319.74,0.676,-1,-1,-1
126,44,326.97,51.38,225.61,356.99,0.805,-1,-1,-1
126,46,501.44,191.98,28.60,80.02,0.798,-1,-1,-1
126,48,561.24,201.59,15.84,39.91,0.636,-1,-1,-1
127,2,314.59,-0.01,274.04,315.08,0.648,-1,-1,-1
127,18,200.70,24.53,85.62,309.71,0.584,-1,-1,-1
127,34,15.70,1.39,226.24,321.31,0.755,-1,-1,-1
127,44,331.31,51.51,222.48,346.80,0.754,-1,-1,-1
127,46,501.89,191.60,28.68,80.42,0.749,-1,-1,-1
127,48,561.70,202.48,15.48,39.01,0.690,-1,-1,-1
127,49,213.41,84.59,71.33,341.10,0.656,-1,-1,-1
128,2,313.21,0.02,274.62,315.90,0.616,-1,-1,-1
128,18,202.00,24.23,84.03,304.19,-1.000,-1,-1,-1
128,34,16.18,1.12,227.56,321.68,0.758,-1,-1,-1
128,44,331.09,49.59,224.82,345.26,0.799,-1,-1,-1
128,46,502.24,190.97,28.76,80.91,0.767,-1,-1,-1
128,48,562.36,203.96,14.81,37.30,0.654,-1,-1,-1
128,49,213.01,92.56,70.21,335.64,0.653,-1,-1,-1
128,50,546.32,194.10,15.91,53.76,0.666,-1,-1,-1
129,2,312.28,0.00,275.60,317.23,0.639,-1,-1,-1
129,18,203.29,23.94,82.44,298.66,0.554,-1,-1,-1
129,34,14.64,1.01,229.25,322.19,0.746,-1,-1,-1
129,44,325.92,47.31,234.62,357.29,0.764,-1,-1,-1
129,46,502.24,191.01,28.71,80.97,0.768,-1,-1,-1
129,48,561.60,202.55,15.38,38.71,0.702,-1,-1,-1
129,49,213.33,85.84,71.04,339.84,0.672,-1,-1,-1
129,50,544.73,193.88,16.09,54.26,0.729,-1,-1,-1
130,2,311.58,-0.04,276.11,317.82,0.702,-1,-1,-1
130,18,201.99,23.72,83.14,301.29,-1.000,-1,-1,-1
130,34,14.77,0.99,229.47,321.07,0.682,-1,-1,-1
130,44,328.01,49.44,231.87,346.87,0.855,-1,-1,-1
130,46,502.41,190.56,28.74,81.30,0.760,-1,-1,-1
130,48,561.39,202.12,15.56,39.12,0.686,-1,-1,-1
130,49,211.65,73.17,72.87,348.75,0.600,-1,-1,-1
130,50,543.50,193.85,16.14,54.17,0.719,-1,-1,-1
131,2,313.08,0.08,275.25,317.40,0.515,-1,-1,-1
131,18,200.69,23.50,83.84,303.92,0.735,-1,-1,-1
131,34,14.57,0.94,230.38,321.76,0.641,-1,-1,-1
131,44,327.87,49.78,232.21,342.74,0.792,-1,-1,-1
131,46,502.20,190.70,28.64,81.20,0.769,-1,-1,-1
131,48,560.81,201.80,15.65,39.28,0.697,-1,-1,-1
131,49,212.67,76.49,72.28,346.35,0.651,-1,-1,-1
131,50,541.24,193.43,16.39,54.53,0.725,-1,-1,-1
131,51,-0.42,81.73,35.90,219.04,0.627,-1,-1,-1
131,52,296.91,178.79,25.27,67.86,0.538,-1,-1,-1
132,2,310.62,0.01,274.72,316.90,0.659,-1,-1,-1
132,18,200.36,23.36,84.16,305.48,0.699,-1,-1,-1
132,34,13.26,1.13,230.51,320.97,0.727,-1,-1,-1
132,44,327.99,50.85,229.92,336.16,0.631,-1,-1,-1
132,46,502.08,190.39,28.61,81.33,0.768,-1,-1,-1
132,48,560.76,201.95,15.53,38.88,0.527,-1,-1,-1
132,49,214.34,87.82,70.58,338.59,0.620,-1,-1,-1
132,50,539.91,192.66,16.78,55.36,0.745,-1,-1,-1
132,51,-0.17,81.90,35.55,216.87,0.599,-1,-1,-1
132,52,295.39,178.54,27.31,73.12,-1.000,-1,-1,-1
133,2,308.01,1.75,278.59,322.73,0.673,-1,-1,-1
133,18,199.98,23.28,84.24,306.03,0.722,-1,-1,-1
133,34,13.70,0.69,230.16,320.52,0.648,-1,-1,-1
133,44,324.49,51.27,232.55,336.75,0.667,-1,-1,-1
133,46,501.98,190.20,28.74,81.75,0.792,-1,-1,-1
133,48,560.23,201.43,15.83,39.56,0.507,-1,-1,-1
133,49,215.19,93.55,69.64,334.57,0.592,-1,-1,-1
133,50,538.82,191.85,17.22,56.42,0.636,-1,-1,-1
133,51,-0.01,81.96,35.22,214.86,0.571,-1,-1,-1
133,52,293.88,178.29,29.34,78.38,0.764,-1,-1,-1
133,53,27.11,88.84,223.74,387.09,0.647,-1,-1,-1
134,2,311.05,0.94,275.01,319.85,0.668,-1,-1,-1
134,18,198.97,23.72,85.70,312.30,0.645,-1,-1,-1
134,34,12.04,0.94,229.65,319.25,0.644,-1,-1,-1
134,44,326.04,52.74,234.82,337.82,0.716,-1,-1,-1
134,46,501.22,190.44,28.81,81.67,0.778,-1,-1,-1
134,48,559.73,200.62,16.28,40.58,0.558,-1,-1,-1
134,49,215.54,97.20,68.97,331.73,0.571,-1,-1,-1
134,50,537.65,190.97,17.70,57.61,0.644,-1,-1,-1
134,51,1.37,81.93,35.50,216.10,0.560,-1,-1,-1
134,52,292.61,178.08,30.42,81.03,0.575,-1,-1,-1
134,53,25.50,80.79,217.61,376.31,0.516,-1,-1,-1
134,54,305.22,118.97,203.94,359.47,0.507,-1,-1,-1
135,2,314.51,0.51,272.97,319.04,0.601,-1,-1,-1
135,18,197.20,24.51,88.12,322.36,0.687,-1,-1,-1
135,34,10.88,1.11,230.30,320.25,0.724,-1,-1,-1
135,44,325.87,52.92,237.16,339.02,0.706,-1,-1,-1
135,46,500.80,190.46,28.89,81.64,0.788,-1,-1,-1
135,49,214.96,93.54,69.41,333.90,-1.000,-1,-1,-1
135,50,537.10,190.86,17.92,57.78,0.730,-1,-1,-1
135,52,291.76,177.27,31.09,82.46,0.823,-1,-1,-1
135,53,18.86,83.86,221.97,383.99,0.579,-1,-1,-1
135,54,306.10,122.30,201.90,355.81,-1.000,-1,-1,-1
136,2,313.68,0.22,270.09,316.33,0.738,-1,-1,-1
136,18,195.28,25.87,89.88,330.02,0.745,-1,-1,-1
136,34,8.41,1.26,229.66,319.32,0.664,-1,-1,-1
136,44,323.86,54.01,236.47,334.36,0.757,-1,-1,-1
136,46,500.54,190.30,28.97,81.91,0.758,-1,-1,-1
136,49,214.37,89.89,69.84,336.07,0.517,-1,-1,-1
136,50,536.18,190.54,18.11,58.12,-1.000,-1,-1,-1
136,52,291.08,176.84,31.61,83.58,0.678,-1,-1,-1
136,53,12.12,85.16,224.27,388.11,0.634,-1,-1,-1
136,54,306.98,125.64,199.86,352.16,0.544,-1,-1,-1
137,2,315.63,0.18,268.32,315.96,0.701,-1,-1,-1
137,18,194.02,25.12,90.67,333.17,0.773,-1,-1,-1
137,34,7.13,1.25,227.96,317.00,0.586,-1,-1,-1
137,44,322.99,54.03,236.73,332.78,0.537,-1,-1,-1
137,46,500.55,190.17,29.02,82.02,0.755,-1,-1,-1
137,50,535.26,190.23,18.31,58.47,0.563,-1,-1,-1
137,52,291.11,176.83,31.64,83.35,0.786,-1,-1,-1
137,53,7.73,85.56,225.61,390.58,0.634,-1,-1,-1
137,54,306.95,126.38,199.49,351.41,-1.000,-1,-1,-1
138,2,312.75,0.06,267.79,315.00,0.704,-1,-1,-1
138,18,192.51,24.34,91.58,336.32,0.786,-1,-1,-1
138,34,4.97,2.11,228.14,317.53,-1.000,-1,-1,-1
138,44,321.00,54.03,238.29,331.80,0.726,-1,-1,-1
138,46,500.62,190.55,28.84,81.54,0.730,-1,-1,-1
138,50,534.00,189.94,18.64,58.54,0.565,-1,-1,-1
138,52,291.97,176.73,31.92,83.40,0.762,-1,-1,-1
138,53,6.98,79.31,220.49,381.63,0.619,-1,-1,-1
138,54,306.92,127.12,199.12,350.67,0.553,-1,-1,-1
139,2,311.26,0.08,267.18,313.90,0.605,-1,-1,-1
139,18,192.19,23.71,90.48,330.91,0.735,-1,-1,-1
139,34,2.81,2.97,228.31,318.07,0.685,-1,-1,-1
139,44,312.91,50.98,253.34,351.30,0.848,-1,-1,-1
139,46,500.96,190.46,28.77,81.58,0.704,-1,-1,-1
139,50,532.95,189.77,19.02,58.86,-1.000,-1,-1,-1
139,52,291.40,176.78,31.96,83.23,0.707,-1,-1,-1
139,53,6.04,76.89,217.94,377.19,0.577,-1,-1,-1
139,54,309.12,134.48,195.06,343.02,-1.000,-1,-1,-1
140,2,316.43,0.01,266.33,313.92,0.692,-1,-1,-1
140,18,189.56,23.07,94.77,346.96,0.772,-1,-1,-1
140,34,1.46,2.32,226.29,315.47,-1.000,-1,-1,-1
140,44,311.98,52.00,255.28,352.64,0.648,-1,-1,-1
140,46,502.46,190.48,28.89,81.57,0.672,-1,-1,-1
140,50,531.89,189.60,19.39,59.18,0.594,-1,-1,-1
140,52,291.06,176.77,32.01,83.07,0.775,-1,-1,-1
140,53,4.61,74.33,217.32,376.10,0.628,-1,-1,-1
140,54,311.32,141.84,191.00,335.38,0.646,-1,-1,-1
141,2,315.58,0.07,267.31,315.29,0.613,-1,-1,-1
141,18,189.08,23.18,94.22,343.04,0.779,-1,-1,-1
141,34,0.11,1.67,224.27,312.86,0.751,-1,-1,-1
141,44,307.59,48.12,264.00,363.65,0.822,-1,-1,-1
141,46,502.07,189.82,28.99,82.23,0.760,-1,-1,-1
141,50,532.35,189.50,19.75,59.36,0.639,-1,-1,-1
141,52,290.83,177.15,31.87,82.55,-1.000,-1,-1,-1
141,53,4.21,72.96,215.75,373.71,0.576,-1,-1,-1
142,2,315.27,0.11,268.34,316.84,0.584,-1,-1,-1
142,18,189.04,22.83,92.28,332.49,0.814,-1,-1,-1
142,34,1.17,1.94,219.05,305.23,0.620,-1,-1,-1
142,44,310.48,48.30,259.13,354.94,0.609,-1,-1,-1
142,46,502.11,189.32,29.05,82.75,0.755,-1,-1,-1
142,50,533.29,189.49,20.01,59.43,0.603,-1,-1,-1
142,52,290.59,177.54,31.74,82.03,0.760,-1,-1,-1
142,53,0.98,80.00,218.17,378.64,0.559,-1,-1,-1
143,2,314.98,0.11,267.91,316.04,0.510,-1,-1,-1
143,18,188.25,22.56,92.02,327.97,0.783,-1,-1,-1
143,34,-0.44,1.62,219.80,306.77,0.618,-1,-1,-1
143,44,311.70,47.58,258.28,351.63,0.631,-1,-1,-1
143,46,502.24,188.93,28.95,83.04,0.756,-1,-1,-1
143,52,290.54,177.99,31.51,81.46,0.618,-1,-1,-1
143,53,0.74,76.40,215.68,374.63,0.573,-1,-1,-1
144,2,316.29,0.35,268.24,315.71,0.639,-1,-1,-1
144,18,187.57,22.33,92.35,325.64,0.820,-1,-1,-1
144,34,-1.32,1.40,220.21,307.65,-1.000,-1,-1,-1
144,44,295.48,70.47,264.28,363.19,0.513,-1,-1,-1
144,46,502.50,188.44,28.84,83.55,0.766,-1,-1,-1
144,52,294.52,177.96,27.85,72.10,0.673,-1,-1,-1
144,53,0.04,73.39,216.30,376.04,0.509,-1,-1,-1
145,2,317.45,0.37,269.45,316.54,0.715,-1,-1,-1
145,18,186.70,22.24,92.77,323.32,0.826,-1,-1,-1
145,34,-2.20,1.18,220.62,308.54,0.721,-1,-1,-1
145,44,284.12,80.09,270.79,376.26,0.546,-1,-1,-1
145,46,503.12,188.49,28.39,83.21,0.754,-1,-1,-1
145,52,296.27,177.93,26.09,67.59,0.584,-1,-1,-1
145,53,-0.26,77.48,217.38,378.57,-1.000,-1,-1,-1
146,2,316.31,1.73,275.08,322.89,0.712,-1,-1,-1
146,18,185.82,22.17,93.38,321.97,0.842,-1,-1,-1
146,34,-3.93,2.37,223.21,313.34,0.720,-1,-1,-1
146,44,282.36,88.30,269.52,377.03,-1.000,-1,-1,-1
146,52,294.60,178.06,28.19,73.40,0.556,-1,-1,-1
146,53,-0.55,81.56,218.46,381.09,0.542,-1,-1,-1
147,2,316.12,2.29,276.54,324.91,0.612,-1,-1,-1
147,18,183.37,22.58,99.09,342.12,0.811,-1,-1,-1
147,34,-3.17,1.60,222.30,312.53,0.664,-1,-1,-1
147,44,280.60,96.51,268.25,377.80,0.657,-1,-1,-1
147,52,294.16,177.73,30.39,80.37,0.689,-1,-1,-1
147,53,-1.27,84.63,220.67,385.69,0.539,-1,-1,-1
148,2,316.67,2.92,280.33,329.06,0.804,-1,-1,-1
148,18,182.51,23.35,101.45,350.82,0.713,-1,-1,-1
148,34,-3.64,2.20,224.97,317.00,0.564,-1,-1,-1
148,44,285.75,106.98,261.56,370.31,-1.000,-1,-1,-1
148,52,294.64,177.89,30.94,83.29,0.777,-1,-1,-1
148,53,-1.23,86.47,220.94,386.92,0.588,-1,-1,-1
149,2,318.73,2.79,281.34,329.61,0.627,-1,-1,-1
149,18,183.47,23.29,102.42,355.97,0.759,-1,-1,-1
149,34,-1.77,1.72,224.31,316.12,0.549,-1,-1,-1
149,44,290.90,117.46,254.86,362.83,0.510,-1,-1,-1
149,52,295.12,177.84,30.98,84.57,0.734,-1,-1,-1
149,53,1.80,80.12,216.98,379.81,0.612,-1,-1,-1
150,2,320.07,2.76,281.26,328.47,0.683,-1,-1,-1
150,18,187.22,22.78,97.54,338.68,0.789,-1,-1,-1
150,34,0.22,3.38,225.75,318.63,0.751,-1,-1,-1
150,44,289.31,113.52,255.62,368.16,0.594,-1,-1,-1
150,53,2.25,83.49,218.80,383.53,0.570,-1,-1,-1
151,2,319.21,2.93,282.52,329.73,-1.000,-1,-1,-1
151,18,189.45,22.50,95.18,330.82,0.800,-1,-1,-1
151,34,3.10,4.03,226.00,319.38,0.708,-1,-1,-1
151,44,304.75,133.31,237.92,347.69,0.619,-1,-1,-1
151,53,4.78,84.93,219.41,384.71,-1.000,-1,-1,-1
152,2,318.34,3.10,283.77,330.99,0.611,-1,-1,-1
152,18,190.65,22.17,93.85,326.58,0.785,-1,-1,-1
152,34,5.41,4.51,226.18,320.01,0.738,-1,-1,-1
152,44,313.63,142.98,229.38,338.84,0.567,-1,-1,-1
152,53,7.31,86.38,220.02,385.89,0.607,-1,-1,-1
153,2,314.90,3.17,281.46,328.13,0.756,-1,-1,-1
153,18,190.71,23.01,94.69,330.43,0.805,-1,-1,-1
153,34,8.47,3.27,222.60,314.18,0.694,-1,-1,-1
153,44,302.02,125.93,239.04,356.67,0.571,-1,-1,-1
153,53,12.26,82.92,215.07,376.10,0.655,-1,-1,-1
154,2,312.53,3.17,280.37,326.93,0.588,-1,-1,-1
154,18,191.45,22.44,93.52,326.50,0.794,-1,-1,-1
154,34,10.88,2.74,220.40,310.43,0.762,-1,-1,-1
154,44,293.96,114.62,244.65,368.44,0.529,-1,-1,-1
154,53,13.80,79.44,212.91,371.47,0.597,-1,-1,-1
155,2,310.20,2.95,279.70,325.57,0.745,-1,-1,-1
155,18,191.22,22.95,93.95,328.27,0.721,-1,-1,-1
155,34,13.48,2.32,219.80,309.86,0.621,-1,-1,-1
155,44,301.89,95.61,243.21,364.50,-1.000,-1,-1,-1
155,53,15.43,76.39,213.32,372.01,0.554,-1,-1,-1
156,2,307.24,2.33,277.56,322.54,0.722,-1,-1,-1
156,18,190.81,23.39,94.02,328.81,0.738,-1,-1,-1
156,34,15.05,1.71,218.96,308.95,0.772,-1,-1,-1
156,44,309.82,76.60,241.76,360.57,0.561,-1,-1,-1
156,53,15.78,74.74,213.54,372.08,0.523,-1,-1,-1
156,55,501.84,192.11,25.30,78.94,0.781,-1,-1,-1
157,2,307.18,1.87,267.63,310.65,0.564,-1,-1,-1
157,18,191.66,21.59,91.07,317.40,0.749,-1,-1,-1
157,34,14.59,1.50,218.66,308.44,0.827,-1,-1,-1
157,44,315.34,67.79,239.95,356.14,0.607,-1,-1,-1
157,53,14.22,81.03,215.04,374.56,0.511,-1,-1,-1
157,55,501.59,195.21,24.59,76.47,0.779,-1,-1,-1
157,56,524.68,192.35,23.99,59.23,0.769,-1,-1,-1
158,2,300.63,1.48,261.52,305.13,0.552,-1,-1,-1
158,18,190.86,21.10,92.27,322.14,0.795,-1,-1,-1
158,34,13.14,1.15,219.07,308.78,0.812,-1,-1,-1
158,44,311.23,54.63,243.11,363.81,0.632,-1,-1,-1
158,53,15.01,92.45,213.64,372.09,0.537,-1,-1,-1
158,55,501.07,196.55,24.33,75.30,0.769,-1,-1,-1
158,56,523.92,192.41,24.06,59.47,0.810,-1,-1,-1
159,2,293.40,1.12,259.04,303.87,-1.000,-1,-1,-1
159,18,191.09,20.63,92.63,323.11,0.792,-1,-1,-1
159,34,11.50,1.17,219.71,309.44,0.676,-1,-1,-1
159,53,12.75,91.47,217.01,377.82,0.581,-1,-1,-1
159,55,499.76,189.97,26.36,81.34,0.835,-1,-1,-1
159,56,523.69,192.27,24.09,59.58,0.764,-1,-1,-1
159,57,591.44,0.22,45.96,255.99,0.645,-1,-1,-1
160,2,286.17,0.76,256.56,302.62,0.513,-1,-1,-1
160,18,188.91,21.03,94.76,331.47,0.810,-1,-1,-1
160,34,8.62,0.74,222.13,313.07,0.635,-1,-1,-1
160,53,11.38,83.80,215.79,374.79,0.576,-1,-1,-1
160,55,498.48,186.54,27.88,85.74,0.858,-1,-1,-1
160,56,523.46,194.60,23.38,57.93,0.601,-1,-1,-1
160,57,589.43,0.01,46.46,257.94,0.730,-1,-1,-1
161,18,187.54,20.47,95.75,335.75,0.757,-1,-1,-1
161,34,5.20,0.44,224.34,316.37,0.632,-1,-1,-1
161,53,10.21,78.42,215.24,372.97,0.634,-1,-1,-1
161,55,497.30,184.48,28.80,88.19,0.858,-1,-1,-1
161,56,521.62,193.03,24.28,60.34,0.753,-1,-1,-1
161,57,588.73,0.10,46.83,259.40,0.582,-1,-1,-1
162,18,187.01,20.09,96.46,338.39,0.780,-1,-1,-1
162,34,4.04,0.22,224.70,316.94,0.664,-1,-1,-1
162,53,9.71,75.08,215.67,373.22,0.604,-1,-1,-1
162,55,497.25,182.74,29.46,89.89,0.863,-1,-1,-1
162,56,521.54,192.09,24.55,61.25,0.738,-1,-1,-1
162,57,590.25,0.40,46.74,258.57,0.646,-1,-1,-1
163,18,186.80,19.35,96.58,338.82,0.785,-1,-1,-1
163,34,2.21,0.18,226.12,319.08,0.686,-1,-1,-1
163,53,8.62,73.75,215.91,373.40,-1.000,-1,-1,-1
163,55,497.33,182.11,29.80,90.53,0.862,-1,-1,-1
163,56,521.33,191.26,24.85,62.21,0.730,-1,-1,-1
163,57,591.32,0.51,46.68,257.98,0.652,-1,-1,-1
164,18,185.41,17.65,95.77,334.92,0.713,-1,-1,-1
164,53,7.52,72.43,216.14,373.59,0.539,-1,-1,-1
164,55,496.70,181.52,30.15,91.18,0.868,-1,-1,-1
164,56,520.67,190.59,24.95,62.74,0.779,-1,-1,-1
164,57,591.30,0.53,46.75,257.94,0.577,-1,-1,-1
165,18,184.67,16.49,95.75,334.02,0.742,-1,-1,-1
165,53,6.73,72.98,215.76,372.48,0.518,-1,-1,-1
165,55,496.66,180.95,30.52,91.98,0.863,-1,-1,-1
165,56,520.50,190.63,25.00,62.96,0.757,-1,-1,-1
166,18,182.72,16.13,97.96,341.82,0.743,-1,-1,-1
166,53,4.98,71.21,217.15,374.73,0.557,-1,-1,-1
166,55,496.87,180.26,30.73,92.40,0.864,-1,-1,-1
166,56,520.71,189.86,25.08,63.50,0.721,-1,-1,-1
166,58,284.69,179.24,23.01,77.55,0.577,-1,-1,-1
167,18,182.50,13.85,96.68,335.72,0.778,-1,-1,-1
167,53,10.86,36.78,203.37,347.12,0.567,-1,-1,-1
167,55,496.66,181.00,30.63,91.72,0.870,-1,-1,-1
167,56,520.73,189.88,24.92,63.30,0.708,-1,-1,-1
167,58,283.90,180.11,23.18,78.17,0.568,-1,-1,-1
168,18,182.53,11.99,96.20,332.93,0.799,-1,-1,-1
168,53,5.83,44.45,213.56,365.33,0.561,-1,-1,-1
168,55,496.40,181.08,30.69,91.60,0.870,-1,-1,-1
168,56,520.54,189.80,24.99,63.73,0.768,-1,-1,-1
168,58,282.04,180.18,23.24,78.33,0.695,-1,-1,-1
169,18,182.65,10.96,96.15,331.82,0.811,-1,-1,-1
169,53,5.11,56.44,215.04,368.30,0.560,-1,-1,-1
169,55,496.68,181.62,30.65,91.23,0.867,-1,-1,-1
169,56,520.53,189.94,24.86,63.84,0.790,-1,-1,-1
170,18,182.50,10.30,96.39,331.46,0.822,-1,-1,-1
170,53,2.52,56.21,218.98,376.13,0.588,-1,-1,-1
170,55,496.63,181.49,30.73,91.15,0.864,-1,-1,-1
170,56,520.65,189.40,24.92,64.45,0.773,-1,-1,-1
170,59,0.87,0.32,221.63,317.91,0.619,-1,-1,-1
171,18,181.99,9.97,96.98,332.84,0.783,-1,-1,-1
171,53,1.65,59.62,219.62,377.50,-1.000,-1,-1,-1
171,59,0.35,0.46,222.05,318.54,0.621,-1,-1,-1
172,18,181.35,10.10,97.33,333.22,0.778,-1,-1,-1
172,53,0.78,63.03,220.26,378.87,0.541,-1,-1,-1
172,59,0.12,0.61,221.86,318.32,0.698,-1,-1,-1
173,18,181.38,10.54,97.37,332.70,0.822,-1,-1,-1
173,53,1.25,67.79,218.54,376.24,0.545,-1,-1,-1
173,59,-0.31,0.70,222.66,319.55,0.696,-1,-1,-1
173,60,287.19,0.70,213.27,301.87,0.614,-1,-1,-1
174,18,181.70,10.62,97.20,331.38,0.776,-1,-1,-1
174,53,-0.04,73.78,219.89,379.05,-1.000,-1,-1,-1
174,59,-0.49,0.69,222.47,319.35,0.715,-1,-1,-1
174,60,287.85,0.71,214.18,303.32,0.616,-1,-1,-1
175,18,181.07,11.92,97.22,330.17,0.832,-1,-1,-1
175,53,-1.34,79.77,221.23,381.86,0.504,-1,-1,-1
175,59,-1.13,0.61,222.70,319.89,0.732,-1,-1,-1
176,18,179.82,15.08,99.26,336.54,0.819,-1,-1,-1
176,53,-0.39,76.84,219.58,379.32,0.548,-1,-1,-1
176,59,-1.27,0.64,222.52,319.81,0.716,-1,-1,-1
177,18,180.51,14.01,97.59,329.49,0.804,-1,-1,-1
177,53,0.27,75.11,218.97,378.62,0.625,-1,-1,-1
177,59,-1.21,0.54,222.21,319.53,0.685,-1,-1,-1
178,18,180.36,13.74,98.19,330.56,0.809,-1,-1,-1
178,53,0.60,73.80,218.69,378.55,0.659,-1,-1,-1
178,59,-0.69,0.61,221.47,318.58,0.704,-1,-1,-1
179,18,180.56,13.49,98.31,330.22,0.810,-1,-1,-1
179,53,0.28,73.00,219.17,379.95,0.602,-1,-1,-1
179,59,-0.78,0.68,221.75,319.17,0.714,-1,-1,-1
180,18,180.68,13.67,98.38,329.43,0.815,-1,-1,-1
180,53,0.98,72.68,218.40,378.99,0.612,-1,-1,-1
180,59,-0.84,0.67,221.54,319.15,0.723,-1,-1,-1
180,61,496.11,182.02,32.73,91.11,0.872,-1,-1,-1
180,62,520.44,187.43,23.35,69.60,0.781,-1,-1,-1
180,63,546.38,199.92,19.43,46.72,0.623,-1,-1,-1
181,18,180.98,13.43,98.37,328.69,0.812,-1,-1,-1
181,53,1.50,73.04,217.17,377.04,0.634,-1,-1,-1
181,59,-0.45,0.71,220.98,318.48,0.750,-1,-1,-1
181,61,495.87,181.97,32.77,91.27,0.877,-1,-1,-1
181,62,521.01,188.75,22.95,68.35,0.714,-1,-1,-1
181,63,546.62,199.35,19.78,47.63,0.600,-1,-1,-1
182,18,180.85,13.09,98.62,328.94,0.796,-1,-1,-1
182,53,1.22,72.25,217.98,378.91,0.647,-1,-1,-1
182,59,-0.18,0.69,220.57,317.99,0.741,-1,-1,-1
182,61,495.73,182.13,32.69,91.20,0.881,-1,-1,-1
182,62,521.89,188.34,23.34,69.27,0.751,-1,-1,-1
182,63,547.24,199.59,19.59,47.14,-1.000,-1,-1,-1
183,18,180.81,12.61,98.73,328.82,0.781,-1,-1,-1
183,53,1.65,72.26,217.62,378.71,0.586,-1,-1,-1
183,59,-0.12,0.73,220.54,318.06,0.713,-1,-1,-1
183,61,495.83,181.78,32.68,91.38,0.869,-1,-1,-1
183,62,521.97,188.78,23.36,68.98,0.785,-1,-1,-1
183,63,547.86,199.82,19.39,46.65,0.564,-1,-1,-1
184,18,180.72,12.55,98.97,329.14,0.803,-1,-1,-1
184,53,1.67,72.22,217.59,378.90,-1.000,-1,-1,-1
184,59,-0.06,0.72,220.76,318.51,0.728,-1,-1,-1
184,61,495.73,181.93,32.57,91.20,0.866,-1,-1,-1
184,62,522.54,187.73,23.82,70.09,0.783,-1,-1,-1
184,63,548.37,199.86,19.44,46.78,0.663,-1,-1,-1
185,18,180.15,12.43,99.39,330.44,0.817,-1,-1,-1
185,53,1.69,72.18,217.56,379.08,0.603,-1,-1,-1
185,59,-0.22,0.71,220.65,318.60,0.681,-1,-1,-1
185,61,495.81,181.96,32.44,90.96,0.861,-1,-1,-1
185,62,523.53,188.02,23.83,69.86,0.775,-1,-1,-1
185,63,548.38,199.77,19.58,47.12,0.554,-1,-1,-1
186,18,179.83,12.32,99.48,330.76,0.810,-1,-1,-1
186,53,1.82,71.47,217.13,378.62,0.576,-1,-1,-1
186,59,0.43,0.62,219.90,317.62,0.680,-1,-1,-1
186,61,496.07,182.31,32.20,90.51,0.871,-1,-1,-1
186,62,524.15,186.57,24.43,71.31,0.774,-1,-1,-1
186,63,548.12,198.90,20.03,48.28,0.681,-1,-1,-1
187,18,179.68,12.30,99.56,331.09,0.812,-1,-1,-1
187,53,1.72,71.19,217.02,378.58,-1.000,-1,-1,-1
187,59,0.70,0.71,219.38,316.91,0.699,-1,-1,-1
187,61,496.56,182.88,31.96,90.05,0.850,-1,-1,-1
187,62,524.67,185.75,24.81,72.24,0.623,-1,-1,-1
187,63,547.85,198.50,20.22,48.94,0.712,-1,-1,-1
188,18,179.40,12.52,99.59,331.21,0.804,-1,-1,-1
188,53,1.61,70.92,216.90,378.54,0.573,-1,-1,-1
188,59,0.72,0.80,219.40,316.99,0.699,-1,-1,-1
188,61,496.62,182.97,31.86,90.05,0.858,-1,-1,-1
188,62,524.79,187.55,24.59,71.34,0.780,-1,-1,-1
188,63,548.10,198.37,20.16,48.96,0.696,-1,-1,-1
188,64,294.50,177.65,26.39,62.91,0.734,-1,-1,-1
189,18,179.19,12.33,99.79,331.89,0.809,-1,-1,-1
189,53,1.88,70.69,216.78,378.62,0.567,-1,-1,-1
189,59,0.63,0.85,219.42,317.10,0.699,-1,-1,-1
189,61,496.64,182.62,31.81,90.21,0.851,-1,-1,-1
189,62,524.91,187.38,24.79,71.74,0.521,-1,-1,-1
189,63,547.75,198.21,20.21,49.15,0.574,-1,-1,-1
189,64,295.04,177.52,26.71,63.60,0.677,-1,-1,-1
190,18,179.29,12.62,99.84,332.09,0.810,-1,-1,-1
190,53,2.30,70.98,216.12,377.48,-1.000,-1,-1,-1
190,59,0.73,0.80,219.57,317.53,0.684,-1,-1,-1
190,61,496.71,182.54,31.74,90.34,0.845,-1,-1,-1
190,62,525.39,187.86,24.77,71.56,-1.000,-1,-1,-1
190,63,548.15,198.26,19.97,48.69,0.655,-1,-1,-1
190,64,295.20,177.62,26.76,63.68,0.703,-1,-1,-1
191,18,179.52,12.56,99.59,331.06,0.797,-1,-1,-1
191,53,2.71,71.26,215.46,376.34,0.622,-1,-1,-1
191,59,1.15,0.77,218.94,316.58,0.664,-1,-1,-1
191,61,496.71,182.26,31.74,90.63,0.840,-1,-1,-1
191,62,525.86,188.35,24.75,71.39,0.617,-1,-1,-1
191,63,548.42,198.32,20.01,48.91,0.565,-1,-1,-1
191,64,295.32,177.54,26.54,63.14,0.732,-1,-1,-1
192,18,179.62,11.87,99.59,330.68,0.793,-1,-1,-1
192,53,2.21,71.01,216.25,377.96,0.631,-1,-1,-1
192,59,0.83,0.71,219.14,316.97,0.649,-1,-1,-1
192,61,496.65,182.15,31.65,90.62,0.863,-1,-1,-1
192,62,525.88,186.25,25.57,73.55,0.792,-1,-1,-1
192,63,548.53,198.14,20.05,49.21,0.517,-1,-1,-1
192,64,295.57,177.61,26.24,62.38,0.736,-1,-1,-1
193,18,179.38,11.64,99.78,331.08,0.802,-1,-1,-1
193,53,2.34,71.16,215.98,377.74,0.573,-1,-1,-1
193,59,0.40,0.67,219.33,317.39,0.676,-1,-1,-1
193,61,496.67,182.85,31.42,90.08,0.835,-1,-1,-1
193,62,525.70,185.60,25.89,74.30,0.792,-1,-1,-1
193,63,548.42,197.00,20.52,50.60,0.621,-1,-1,-1
193,64,296.01,177.72,25.50,60.57,0.674,-1,-1,-1
194,18,179.15,12.65,100.06,331.86,0.801,-1,-1,-1
194,53,2.06,71.28,216.14,378.26,0.568,-1,-1,-1
194,59,0.38,0.67,219.07,317.13,0.717,-1,-1,-1
194,61,496.65,182.88,31.39,90.11,0.814,-1,-1,-1
194,62,526.10,185.94,25.95,74.36,-1.000,-1,-1,-1
194,63,548.66,197.06,20.49,50.77,0.549,-1,-1,-1
194,64,296.17,177.73,24.75,58.69,0.612,-1,-1,-1
195,18,179.06,12.23,99.87,331.12,0.785,-1,-1,-1
195,53,1.69,71.17,215.84,377.97,0.573,-1,-1,-1
195,59,-0.11,0.67,219.54,318.04,0.701,-1,-1,-1
195,61,496.25,182.31,31.57,90.84,0.858,-1,-1,-1
195,62,526.49,186.27,26.00,74.43,0.572,-1,-1,-1
195,63,549.01,198.16,20.01,49.85,0.571,-1,-1,-1
195,64,295.94,177.72,23.78,56.29,0.666,-1,-1,-1
196,18,178.53,12.44,100.06,331.69,0.777,-1,-1,-1
196,53,1.44,71.22,216.10,378.69,0.539,-1,-1,-1
196,59,-0.55,0.71,219.98,318.93,0.670,-1,-1,-1
196,61,496.09,181.81,31.75,91.48,0.839,-1,-1,-1
196,62,526.87,187.46,25.94,73.61,0.757,-1,-1,-1
196,63,549.32,198.58,19.86,49.76,0.543,-1,-1,-1
196,64,295.36,177.71,22.10,52.33,0.640,-1,-1,-1
197,18,176.58,13.70,102.91,342.08,0.790,-1,-1,-1
197,53,1.15,71.13,216.38,379.34,-1.000,-1,-1,-1
197,59,-0.51,0.60,219.91,318.98,0.677,-1,-1,-1
197,61,496.25,182.00,31.64,91.33,0.836,-1,-1,-1
197,62,527.27,187.55,26.22,73.78,0.702,-1,-1,-1
197,64,295.39,177.90,20.53,48.58,0.594,-1,-1,-1
198,18,176.26,16.35,102.72,341.81,0.773,-1,-1,-1
198,53,0.85,71.05,216.65,379.98,0.641,-1,-1,-1
198,59,-0.50,0.63,219.52,318.64,0.704,-1,-1,-1
198,61,496.27,181.49,31.83,91.86,0.827,-1,-1,-1
198,62,529.05,187.53,26.88,74.05,0.772,-1,-1,-1
198,64,294.83,177.84,20.14,47.74,0.627,-1,-1,-1
199,18,174.81,16.91,103.40,345.35,0.791,-1,-1,-1
199,53,0.45,70.89,216.94,380.72,-1.000,-1,-1,-1
199,59,-1.22,0.72,219.09,318.44,0.672,-1,-1,-1
199,61,495.94,181.27,31.85,92.16,0.827,-1,-1,-1
199,62,529.47,187.26,27.62,74.48,0.748,-1,-1,-1
199,64,294.28,178.02,19.87,47.13,0.615,-1,-1,-1
200,18,173.42,16.76,103.24,346.48,0.850,-1,-1,-1
200,53,0.05,70.73,217.23,381.46,0.654,-1,-1,-1
200,59,-1.80,0.61,219.31,319.26,0.661,-1,-1,-1
200,61,495.93,181.46,31.80,92.18,0.828,-1,-1,-1
200,62,529.02,186.53,28.16,75.27,0.725,-1,-1,-1
200,64,294.03,177.83,19.35,45.88,-1.000,-1,-1,-1
201,18,170.10,17.86,102.72,345.81,0.861,-1,-1,-1
201,61,495.64,182.46,31.47,91.37,0.841,-1,-1,-1
201,62,529.47,186.56,28.85,75.71,0.741,-1,-1,-1
201,64,293.79,177.65,18.83,44.64,0.556,-1,-1,-1
202,18,166.58,19.45,101.83,343.36,0.747,-1,-1,-1
202,61,495.53,183.82,31.02,90.04,0.821,-1,-1,-1
202,62,528.48,186.81,29.17,76.03,0.729,-1,-1,-1
202,64,293.36,177.76,18.70,44.34,0.500,-1,-1,-1
203,18,162.91,20.50,101.12,342.20,0.706,-1,-1,-1
203,61,495.01,183.88,31.05,90.15,0.848,-1,-1,-1
203,62,527.69,187.06,29.29,76.29,0.554,-1,-1,-1
203,64,292.95,177.85,18.50,43.84,0.540,-1,-1,-1
204,18,159.14,21.72,100.84,342.06,0.537,-1,-1,-1
204,61,494.18,183.60,31.35,91.10,0.849,-1,-1,-1
204,62,525.68,186.96,29.64,77.09,-1.000,-1,-1,-1
204,64,292.33,178.18,18.19,43.09,0.520,-1,-1,-1
205,18,155.69,23.10,100.52,340.99,-1.000,-1,-1,-1
205,61,494.30,184.98,30.97,89.92,0.861,-1,-1,-1
205,62,523.66,186.86,29.99,77.90,0.753,-1,-1,-1
206,18,152.24,24.47,100.20,339.91,0.506,-1,-1,-1
206,61,494.32,185.75,30.67,89.03,0.859,-1,-1,-1
206,62,522.16,185.43,30.74,79.49,0.832,-1,-1,-1
207,18,154.01,25.99,98.75,337.77,0.675,-1,-1,-1
207,61,493.90,184.98,30.86,89.74,0.839,-1,-1,-1
207,62,520.41,185.13,30.84,79.96,0.816,-1,-1,-1
208,18,157.73,29.54,95.73,331.42,0.788,-1,-1,-1
208,61,493.89,184.72,30.88,89.97,0.824,-1,-1,-1
208,62,519.80,184.90,31.16,80.59,0.788,-1,-1,-1
209,18,161.22,34.22,93.31,326.90,0.765,-1,-1,-1
209,61,493.47,183.83,31.03,90.82,0.846,-1,-1,-1
209,62,519.73,184.78,31.58,81.22,0.818,-1,-1,-1
209,65,267.25,192.13,19.42,40.10,0.638,-1,-1,-1
209,66,543.45,196.73,17.72,53.56,0.576,-1,-1,-1
210,18,164.63,42.00,92.91,329.81,0.839,-1,-1,-1
210,61,492.59,183.21,31.27,91.76,0.818,-1,-1,-1
210,62,518.42,184.72,31.74,81.82,0.777,-1,-1,-1
210,66,542.68,195.72,18.17,54.91,0.516,-1,-1,-1
210,67,-0.90,0.76,207.92,311.52,0.682,-1,-1,-1
211,18,166.78,47.41,91.74,327.75,0.852,-1,-1,-1
211,61,491.80,182.63,31.38,92.18,0.843,-1,-1,-1
211,62,518.12,184.23,32.03,82.54,0.689,-1,-1,-1
211,67,-2.88,1.03,206.20,309.16,0.729,-1,-1,-1
212,18,167.76,58.38,92.15,328.02,0.827,-1,-1,-1
212,61,490.80,184.68,31.02,91.04,0.841,-1,-1,-1
212,62,517.74,184.21,32.22,83.16,0.799,-1,-1,-1
212,67,-5.14,1.04,206.09,309.43,0.782,-1,-1,-1
213,18,166.43,60.86,94.29,330.34,0.831,-1,-1,-1
213,61,489.46,183.20,31.32,92.18,0.812,-1,-1,-1
213,62,516.08,183.99,32.12,83.38,0.812,-1,-1,-1
213,67,-7.60,1.19,206.54,310.80,0.767,-1,-1,-1
214,18,167.12,70.73,95.69,328.06,0.815,-1,-1,-1
214,61,488.30,182.53,31.66,93.41,0.821,-1,-1,-1
214,62,515.16,184.12,32.09,83.71,0.798,-1,-1,-1
214,67,-9.85,1.07,206.66,312.00,0.766,-1,-1,-1
215,18,169.69,67.58,97.78,330.21,0.804,-1,-1,-1
215,61,486.66,181.96,31.95,94.17,0.845,-1,-1,-1
215,62,514.01,183.92,32.04,84.07,0.692,-1,-1,-1
215,67,-12.52,0.96,209.76,317.92,0.714,-1,-1,-1
216,18,173.18,64.30,99.42,331.48,0.847,-1,-1,-1
216,61,485.11,181.64,32.09,94.68,0.858,-1,-1,-1
216,62,512.18,184.54,31.66,83.35,0.816,-1,-1,-1
216,67,-13.32,0.81,207.83,316.31,0.715,-1,-1,-1
217,18,176.58,67.56,99.61,328.38,0.835,-1,-1,-1
217,61,484.42,181.44,31.95,94.44,0.822,-1,-1,-1
217,62,510.53,183.53,31.77,83.92,0.788,-1,-1,-1
217,67,-13.96,0.66,207.66,317.58,0.717,-1,-1,-1
217,68,537.88,195.15,19.87,55.87,0.641,-1,-1,-1
218,18,180.13,70.65,99.75,326.10,0.856,-1,-1,-1
218,61,481.79,180.92,32.30,95.81,0.853,-1,-1,-1
218,62,508.39,184.16,31.52,83.49,0.791,-1,-1,-1
218,67,-13.90,0.53,206.75,317.78,0.720,-1,-1,-1
218,68,537.04,194.99,19.82,55.71,0.684,-1,-1,-1
219,18,184.25,75.37,99.14,321.71,0.871,-1,-1,-1
219,61,480.32,180.20,32.45,96.70,0.840,-1,-1,-1
219,62,507.03,184.58,31.43,83.55,0.786,-1,-1,-1
219,67,-12.73,0.66,205.79,317.70,0.710,-1,-1,-1
219,68,536.95,195.72,19.71,55.30,0.639,-1,-1,-1
220,18,188.20,80.94,97.79,315.16,0.875,-1,-1,-1
220,61,479.21,180.01,32.44,97.21,0.812,-1,-1,-1
220,62,506.26,184.16,31.72,84.26,0.831,-1,-1,-1
220,67,-10.12,1.04,204.14,316.22,0.735,-1,-1,-1
220,68,537.24,196.40,19.38,54.30,0.525,-1,-1,-1
221,18,192.66,86.19,95.95,306.95,0.892,-1,-1,-1
221,61,479.64,179.74,32.31,98.36,0.843,-1,-1,-1
221,62,504.99,183.09,32.43,86.21,0.824,-1,-1,-1
221,67,-7.41,1.12,202.61,314.73,0.775,-1,-1,-1
221,68,536.78,196.45,19.64,54.98,0.502,-1,-1,-1
222,18,199.34,90.22,93.18,295.04,0.879,-1,-1,-1
222,61,481.31,179.97,31.94,99.39,0.810,-1,-1,-1
222,62,505.59,182.77,32.57,86.59,0.848,-1,-1,-1
222,67,-3.82,0.76,201.76,313.63,0.796,-1,-1,-1
222,68,538.02,196.71,19.83,55.35,0.659,-1,-1,-1
222,69,286.93,29.18,205.36,323.83,0.648,-1,-1,-1
223,18,206.26,92.68,89.08,279.85,0.878,-1,-1,-1
223,61,482.34,179.75,31.85,101.21,0.803,-1,-1,-1
223,62,505.45,182.70,32.57,87.25,0.808,-1,-1,-1
223,67,-0.51,0.77,203.15,315.58,0.782,-1,-1,-1
223,68,538.48,196.78,20.08,55.82,0.667,-1,-1,-1
223,69,292.23,34.10,204.73,322.81,0.629,-1,-1,-1
224,18,211.11,95.51,86.70,271.32,0.867,-1,-1,-1
224,61,482.83,179.81,31.56,101.99,0.810,-1,-1,-1
224,62,505.37,182.75,32.65,87.91,0.800,-1,-1,-1
224,67,3.10,0.83,205.51,318.58,0.789,-1,-1,-1
224,68,538.31,196.95,20.39,56.31,0.598,-1,-1,-1
224,69,290.13,39.87,215.45,340.32,0.673,-1,-1,-1
225,18,215.52,100.31,85.01,264.94,0.894,-1,-1,-1
225,61,483.14,179.89,31.29,102.44,0.841,-1,-1,-1
225,62,505.81,182.76,32.75,88.61,0.799,-1,-1,-1
225,67,5.03,0.99,208.96,323.22,0.798,-1,-1,-1
225,68,538.88,196.67,21.10,57.57,0.832,-1,-1,-1
225,69,289.41,46.85,215.66,341.46,0.796,-1,-1,-1
226,18,220.09,106.47,83.11,258.35,0.906,-1,-1,-1
226,61,482.89,179.26,31.24,103.32,0.827,-1,-1,-1
226,62,505.67,182.92,32.63,89.14,0.813,-1,-1,-1
226,67,6.86,1.08,210.41,324.04,0.761,-1,-1,-1
226,68,539.17,196.94,21.52,58.13,0.800,-1,-1,-1
226,69,295.37,50.10,210.00,333.65,0.687,-1,-1,-1
227,18,226.11,110.78,80.90,250.40,0.898,-1,-1,-1
227,61,481.41,179.26,31.50,104.00,0.850,-1,-1,-1
227,62,505.88,183.36,32.56,89.55,0.817,-1,-1,-1
227,67,7.46,1.08,212.10,325.47,0.765,-1,-1,-1
227,68,539.76,197.09,21.77,58.36,0.789,-1,-1,-1
227,69,298.09,53.34,202.82,323.52,0.709,-1,-1,-1
228,18,231.78,112.38,79.67,245.45,0.854,-1,-1,-1
228,61,481.26,179.38,31.81,105.03,0.857,-1,-1,-1
228,62,506.77,183.11,32.51,90.21,0.833,-1,-1,-1
228,67,8.32,1.25,212.90,325.69,0.704,-1,-1,-1
228,68,541.57,197.17,21.95,58.74,-1.000,-1,-1,-1
228,69,296.12,58.17,203.96,327.56,0.688,-1,-1,-1
229,18,240.19,111.10,77.04,235.17,0.910,-1,-1,-1
229,61,482.59,180.04,31.91,105.39,0.837,-1,-1,-1
229,62,506.84,182.51,32.37,91.27,0.789,-1,-1,-1
229,67,8.67,2.92,212.92,324.72,0.674,-1,-1,-1
229,68,543.39,197.25,22.13,59.12,0.728,-1,-1,-1
229,69,294.37,64.16,200.04,324.44,0.741,-1,-1,-1
229,70,293.12,94.14,190.27,381.72,0.737,-1,-1,-1
230,18,244.52,110.78,76.12,229.97,0.909,-1,-1,-1
230,61,483.60,180.79,31.97,105.75,0.842,-1,-1,-1
230,62,507.26,181.94,32.44,92.89,0.805,-1,-1,-1
230,67,8.10,3.09,212.70,323.38,0.720,-1,-1,-1
230,68,544.37,197.42,22.28,59.19,0.669,-1,-1,-1
230,69,288.89,70.48,200.74,330.01,0.839,-1,-1,-1
230,71,10.57,82.82,211.56,390.61,0.683,-1,-1,-1
231,18,248.98,111.34,76.00,227.46,0.881,-1,-1,-1
231,61,485.35,181.44,31.74,105.98,0.850,-1,-1,-1
231,62,507.83,181.56,32.33,93.86,0.818,-1,-1,-1
231,67,8.12,3.72,212.63,323.06,-1.000,-1,-1,-1
231,68,547.24,197.97,22.51,59.22,0.808,-1,-1,-1
231,69,287.42,72.26,200.00,334.20,0.846,-1,-1,-1
231,71,12.66,85.77,210.90,389.48,0.694,-1,-1,-1
231,72,457.67,165.77,30.35,126.25,0.837,-1,-1,-1
232,18,254.35,113.38,75.58,225.20,0.880,-1,-1,-1
232,61,488.21,182.07,31.08,105.17,0.756,-1,-1,-1
232,62,508.80,181.86,32.11,94.28,0.816,-1,-1,-1
232,67,8.15,4.34,212.56,322.74,0.709,-1,-1,-1
232,68,550.69,198.53,22.83,59.76,0.737,-1,-1,-1
232,69,292.23,72.92,196.47,335.51,0.879,-1,-1,-1
232,71,12.74,87.76,210.20,388.30,0.729,-1,-1,-1
232,72,460.54,162.74,31.57,130.43,0.858,-1,-1,-1
233,18,257.98,117.07,75.40,222.22,0.892,-1,-1,-1
233,61,491.40,181.56,30.91,106.09,0.646,-1,-1,-1
233,62,512.36,182.30,31.79,94.47,0.827,-1,-1,-1
233,67,7.88,3.52,210.82,318.77,0.809,-1,-1,-1
233,68,555.17,198.79,23.17,60.56,0.762,-1,-1,-1
233,69,297.34,73.90,194.17,336.60,0.866,-1,-1,-1
233,71,12.52,81.04,206.37,380.81,0.608,-1,-1,-1
233,72,466.76,160.54,32.61,133.73,0.860,-1,-1,-1
233,73,571.50,163.47,71.25,189.57,0.763,-1,-1,-1
234,18,265.48,118.95,74.01,218.35,0.903,-1,-1,-1
234,61,494.26,179.54,31.74,110.09,0.794,-1,-1,-1
234,62,515.87,182.68,31.42,94.73,0.811,-1,-1,-1
234,67,9.38,2.49,209.97,316.53,0.762,-1,-1,-1
234,68,560.15,196.99,24.00,62.68,0.697,-1,-1,-1
234,69,307.13,74.29,192.15,336.91,0.887,-1,-1,-1
234,71,11.90,82.98,208.00,383.65,-1.000,-1,-1,-1
234,72,475.23,160.44,32.46,132.79,0.746,-1,-1,-1
234,73,573.05,167.33,71.14,189.66,0.566,-1,-1,-1
235,18,271.95,119.35,73.08,214.97,0.889,-1,-1,-1
235,61,498.11,178.27,31.27,109.47,0.552,-1,-1,-1
235,62,518.62,182.44,31.70,95.57,0.829,-1,-1,-1
235,67,10.37,1.87,209.76,314.99,0.701,-1,-1,-1
235,68,567.51,195.50,25.16,64.81,0.774,-1,-1,-1
235,69,321.11,79.19,188.03,333.08,0.891,-1,-1,-1
235,71,11.29,84.92,209.62,386.49,0.701,-1,-1,-1
235,72,479.28,159.86,36.77,149.52,0.792,-1,-1,-1
235,73,571.78,168.32,83.52,224.22,-1.000,-1,-1,-1
236,18,279.23,118.17,71.02,207.68,0.903,-1,-1,-1
236,62,522.47,180.62,32.42,98.15,0.730,-1,-1,-1
236,67,15.36,2.64,209.59,314.28,-1.000,-1,-1,-1
236,68,574.04,192.22,26.66,68.00,0.767,-1,-1,-1
236,69,332.97,81.72,185.25,330.66,0.863,-1,-1,-1
236,71,12.04,85.99,210.96,388.25,0.684,-1,-1,-1
236,73,570.52,169.31,95.90,258.77,0.588,-1,-1,-1
237,18,287.69,118.65,70.17,204.16,0.912,-1,-1,-1
237,62,527.47,179.43,33.21,101.04,0.584,-1,-1,-1
237,67,20.35,3.42,209.42,313.58,0.685,-1,-1,-1
237,68,582.31,192.92,26.95,67.97,0.801,-1,-1,-1
237,69,347.54,88.04,184.52,332.31,0.854,-1,-1,-1
237,71,15.22,86.34,211.77,388.97,0.629,-1,-1,-1
238,18,294.62,119.59,69.87,201.98,0.899,-1,-1,-1
238,62,531.07,177.97,34.79,106.45,0.653,-1,-1,-1
238,67,25.61,5.16,211.01,315.53,0.506,-1,-1,-1
238,68,588.24,192.91,27.53,68.75,0.781,-1,-1,-1
238,69,359.14,90.14,183.73,333.89,0.857,-1,-1,-1
238,71,20.25,87.29,211.83,387.54,0.706,-1,-1,-1
238,74,228.92,171.56,52.55,101.32,0.827,-1,-1,-1
239,18,304.08,122.65,69.24,200.47,0.873,-1,-1,-1
239,67,32.74,9.04,212.26,317.04,0.599,-1,-1,-1
239,68,593.65,192.63,28.13,69.92,0.782,-1,-1,-1
239,69,372.79,91.80,183.29,336.92,0.868,-1,-1,-1
239,71,28.24,87.94,212.19,387.16,0.718,-1,-1,-1
239,74,237.72,168.07,56.42,109.26,0.691,-1,-1,-1
239,75,364.59,180.25,22.28,84.43,0.730,-1,-1,-1
240,18,308.78,124.33,68.78,197.58,0.888,-1,-1,-1
240,67,44.21,13.22,211.50,315.83,0.746,-1,-1,-1
240,68,597.42,191.75,28.67,70.60,0.814,-1,-1,-1
240,69,387.26,91.22,181.92,336.88,0.836,-1,-1,-1
240,71,37.17,88.05,212.78,388.07,0.602,-1,-1,-1
240,74,240.66,162.32,58.77,114.94,0.838,-1,-1,-1
240,75,365.15,180.93,21.91,82.88,-1.000,-1,-1,-1
241,18,312.60,124.04,67.73,195.35,0.869,-1,-1,-1
241,67,53.06,15.45,209.47,312.30,0.723,-1,-1,-1
241,68,598.43,190.89,29.46,72.16,0.698,-1,-1,-1
241,69,396.35,89.83,180.78,338.56,0.854,-1,-1,-1
241,71,45.53,89.12,212.00,385.87,0.709,-1,-1,-1
241,74,242.87,158.31,59.34,117.24,0.680,-1,-1,-1
241,75,365.71,181.62,21.54,81.33,0.575,-1,-1,-1
242,18,315.29,123.31,66.82,191.69,0.843,-1,-1,-1
242,67,59.71,16.08,209.90,312.53,0.711,-1,-1,-1
242,68,597.56,190.49,27.25,65.99,0.662,-1,-1,-1
242,69,402.76,90.11,178.93,339.02,0.847,-1,-1,-1
242,71,57.37,86.62,203.65,368.90,0.623,-1,-1,-1
242,76,392.17,179.87,26.18,81.23,0.809,-1,-1,-1
243,18,314.58,121.90,66.77,190.29,0.843,-1,-1,-1
243,67,63.68,14.92,209.14,310.24,0.653,-1,-1,-1
243,69,407.81,91.04,175.72,337.25,0.858,-1,-1,-1
243,71,61.17,87.64,208.80,378.10,0.627,-1,-1,-1
243,76,390.62,179.33,26.40,81.73,0.836,-1,-1,-1
244,18,314.03,120.43,67.56,191.26,0.894,-1,-1,-1
244,67,69.92,13.25,207.00,306.72,-1.000,-1,-1,-1
244,69,413.06,94.29,171.30,332.81,0.859,-1,-1,-1
244,71,68.96,85.01,203.44,366.47,0.662,-1,-1,-1
244,76,390.92,178.65,26.78,82.80,0.850,-1,-1,-1
245,18,313.77,120.43,68.01,191.12,0.876,-1,-1,-1
245,67,76.16,11.58,204.87,303.19,0.709,-1,-1,-1
245,69,415.92,95.74,168.15,331.62,0.845,-1,-1,-1
245,71,74.54,86.22,206.03,371.95,-1.000,-1,-1,-1
245,76,390.21,177.44,27.24,84.23,0.847,-1,-1,-1
245,77,9.02,167.70,47.00,87.44,0.863,-1,-1,-1
245,78,416.40,175.43,24.88,103.68,0.777,-1,-1,-1
246,18,313.30,120.50,68.20,190.62,0.885,-1,-1,-1
246,67,80.10,12.05,201.81,297.05,0.766,-1,-1,-1
246,69,417.67,93.36,166.23,334.30,0.845,-1,-1,-1
246,71,80.12,87.44,208.62,377.44,0.559,-1,-1,-1
246,76,388.58,175.97,27.62,85.35,0.789,-1,-1,-1
246,77,-2.99,164.85,47.80,89.56,0.854,-1,-1,-1
246,78,417.34,173.69,25.58,105.44,0.843,-1,-1,-1
247,18,314.28,121.90,67.90,190.06,0.891,-1,-1,-1
247,67,83.16,12.78,202.89,298.45,0.693,-1,-1,-1
247,69,423.60,90.74,159.52,325.29,0.743,-1,-1,-1
247,71,85.51,85.05,200.68,362.33,0.527,-1,-1,-1
247,76,385.46,175.76,27.84,85.80,0.762,-1,-1,-1
247,78,414.54,171.85,26.37,107.95,0.839,-1,-1,-1
247,79,32.27,195.93,15.90,36.93,0.653,-1,-1,-1
248,18,312.63,122.71,67.94,189.20,0.864,-1,-1,-1
248,67,86.41,11.52,203.73,299.90,0.707,-1,-1,-1
248,69,425.85,92.81,160.42,331.66,0.794,-1,-1,-1
248,71,84.04,87.00,208.27,377.01,0.696,-1,-1,-1
248,76,383.30,175.32,28.36,87.12,0.827,-1,-1,-1
248,78,412.97,170.82,27.14,109.90,0.866,-1,-1,-1
248,79,28.65,194.70,16.34,37.86,0.715,-1,-1,-1
248,80,507.18,0.35,125.83,312.49,0.735,-1,-1,-1
249,18,313.74,122.72,67.38,186.56,0.896,-1,-1,-1
249,67,95.43,10.44,201.37,296.61,-1.000,-1,-1,-1
249,69,431.92,92.55,159.92,334.81,0.636,-1,-1,-1
249,71,92.26,66.40,204.94,371.13,0.775,-1,-1,-1
249,76,384.21,174.21,28.91,88.66,0.791,-1,-1,-1
249,78,413.97,170.26,27.79,111.03,0.865,-1,-1,-1
249,79,28.62,195.35,16.19,37.37,0.782,-1,-1,-1
249,80,502.66,1.16,129.05,319.81,0.759,-1,-1,-1
249,81,285.99,170.02,29.71,93.29,0.826,-1,-1,-1
250,18,318.26,123.08,66.50,183.45,0.900,-1,-1,-1
250,67,104.45,9.36,199.01,293.31,0.739,-1,-1,-1
250,69,439.38,103.94,158.41,334.88,0.528,-1,-1,-1
250,71,101.95,71.94,198.66,360.08,0.635,-1,-1,-1
250,76,386.98,174.53,29.46,90.14,0.810,-1,-1,-1
250,78,416.47,170.09,28.68,113.35,0.833,-1,-1,-1
250,79,31.52,197.18,16.39,37.64,0.797,-1,-1,-1
250,80,503.94,1.28,131.49,325.61,0.826,-1,-1,-1
250,81,290.60,170.97,29.66,93.68,0.778,-1,-1,-1
251,18,322.91,123.23,65.94,182.41,0.904,-1,-1,-1
251,67,110.11,11.02,201.91,298.37,-1.000,-1,-1,-1
251,69,446.68,101.31,151.19,324.63,0.514,-1,-1,-1
251,71,112.92,75.28,193.83,351.17,0.652,-1,-1,-1
251,76,389.53,174.52,29.75,91.25,0.826,-1,-1,-1
251,78,418.03,169.43,29.79,116.13,0.863,-1,-1,-1
251,79,33.63,197.04,16.92,38.84,0.787,-1,-1,-1
251,80,506.16,3.32,133.92,332.12,0.762,-1,-1,-1
251,82,72.10,175.95,25.93,85.40,0.815,-1,-1,-1
252,18,327.23,126.40,65.62,181.37,0.902,-1,-1,-1
252,67,115.78,12.69,204.80,303.43,0.513,-1,-1,-1
252,71,116.42,82.89,203.35,371.02,0.722,-1,-1,-1
252,76,392.11,175.86,29.97,92.26,0.800,-1,-1,-1
252,78,419.55,171.32,30.60,117.69,0.864,-1,-1,-1
252,79,35.73,199.24,16.77,38.58,0.739,-1,-1,-1
252,80,508.95,6.31,134.54,334.64,0.766,-1,-1,-1
252,82,74.44,179.30,27.75,89.45,0.866,-1,-1,-1
253,18,333.92,129.95,65.27,179.95,0.910,-1,-1,-1
253,67,123.30,20.07,209.64,313.09,0.578,-1,-1,-1
253,71,125.05,86.31,206.76,381.03,0.813,-1,-1,-1
253,76,396.50,175.44,30.44,94.04,0.827,-1,-1,-1
253,78,422.51,171.91,31.68,120.00,0.856,-1,-1,-1
253,79,39.33,201.54,16.58,38.23,0.646,-1,-1,-1
253,80,513.83,8.43,133.07,332.88,0.810,-1,-1,-1
253,82,74.47,180.64,29.51,93.02,0.894,-1,-1,-1
254,18,338.31,132.29,64.89,179.02,0.901,-1,-1,-1
254,67,133.01,26.49,207.71,313.08,0.722,-1,-1,-1
254,71,135.28,90.93,204.10,379.04,0.802,-1,-1,-1
254,76,400.01,176.03,30.36,94.47,0.785,-1,-1,-1
254,78,424.43,171.67,32.63,122.18,0.834,-1,-1,-1
254,79,41.95,203.49,16.45,37.98,0.682,-1,-1,-1
254,80,515.89,8.62,134.17,338.40,0.819,-1,-1,-1
254,82,73.59,180.85,30.79,95.45,0.845,-1,-1,-1
254,83,467.46,142.61,44.09,179.39,0.859,-1,-1,-1
254,84,321.61,190.37,22.42,77.88,0.700,-1,-1,-1
255,18,340.58,135.55,64.30,178.43,0.883,-1,-1,-1
255,67,146.59,34.08,202.72,307.40,0.707,-1,-1,-1
255,71,147.89,101.99,199.30,372.44,0.822,-1,-1,-1
255,76,402.58,176.87,30.31,95.12,0.505,-1,-1,-1
255,78,424.06,171.93,33.34,124.13,0.812,-1,-1,-1
255,79,42.17,206.44,16.28,37.56,0.607,-1,-1,-1
255,80,516.98,8.82,133.37,339.33,0.869,-1,-1,-1
255,82,69.70,181.53,31.89,97.98,0.652,-1,-1,-1
255,83,457.48,144.10,45.91,183.70,0.902,-1,-1,-1
256,18,342.28,135.30,63.35,176.37,0.894,-1,-1,-1
256,67,156.14,35.63,202.52,309.47,0.728,-1,-1,-1
256,71,158.86,105.08,197.51,371.26,0.836,-1,-1,-1
256,78,421.53,170.62,34.03,126.58,0.634,-1,-1,-1
256,80,517.05,7.99,132.89,340.12,0.748,-1,-1,-1
256,83,447.93,143.03,48.36,188.82,0.902,-1,-1,-1
256,85,99.57,139.46,46.12,164.53,0.762,-1,-1,-1
257,18,343.65,134.84,62.40,175.42,0.888,-1,-1,-1
257,67,164.91,35.85,198.95,304.83,0.514,-1,-1,-1
257,71,166.52,106.17,195.51,369.29,0.822,-1,-1,-1
257,78,417.71,168.91,34.77,129.76,0.790,-1,-1,-1
257,83,441.95,139.60,51.40,196.09,0.910,-1,-1,-1
257,85,85.93,136.42,47.98,169.30,0.789,-1,-1,-1
257,86,499.88,163.10,36.42,149.23,0.819,-1,-1,-1
258,18,343.02,134.59,62.02,175.81,0.886,-1,-1,-1
258,67,168.73,32.21,193.82,296.78,0.622,-1,-1,-1
258,71,173.64,106.16,188.94,357.12,0.587,-1,-1,-1
258,83,429.14,134.14,54.48,204.85,0.873,-1,-1,-1
258,85,62.77,132.77,52.04,178.50,0.926,-1,-1,-1
258,86,497.69,163.24,37.27,150.06,0.859,-1,-1,-1
258,87,28.29,180.07,43.60,88.15,0.601,-1,-1,-1
259,18,341.93,136.43,61.13,174.89,0.890,-1,-1,-1
259,67,166.58,29.80,196.15,300.90,0.509,-1,-1,-1
259,71,171.80,106.32,191.50,364.53,0.695,-1,-1,-1
259,83,412.48,129.64,56.92,211.82,0.869,-1,-1,-1
259,85,42.55,131.16,55.45,181.77,0.932,-1,-1,-1
259,86,493.15,165.16,37.79,149.59,0.767,-1,-1,-1
260,18,337.02,139.79,60.16,173.64,0.892,-1,-1,-1
260,67,160.03,28.32,196.44,301.45,0.520,-1,-1,-1
260,71,165.22,104.58,185.95,352.75,0.679,-1,-1,-1
260,83,398.08,127.26,60.68,221.70,0.851,-1,-1,-1
260,85,23.97,128.11,60.03,189.54,0.938,-1,-1,-1
260,86,483.38,163.48,39.65,154.94,0.740,-1,-1,-1
261,18,329.14,143.86,59.54,171.56,0.899,-1,-1,-1
261,67,149.43,25.30,197.81,304.01,0.574,-1,-1,-1
261,71,150.22,98.03,193.66,368.67,0.648,-1,-1,-1
261,83,384.27,126.08,66.13,232.39,0.911,-1,-1,-1
261,85,8.31,125.38,62.87,195.92,0.923,-1,-1,-1
261,86,472.06,153.71,43.50,169.25,0.695,-1,-1,-1
262,18,322.07,146.09,58.27,169.73,0.779,-1,-1,-1
262,67,138.22,20.47,194.92,300.60,0.702,-1,-1,-1
262,71,133.99,93.90,198.14,378.71,0.712,-1,-1,-1
262,83,367.21,125.21,71.77,241.39,0.871,-1,-1,-1
262,85,-6.26,135.04,59.49,186.68,0.661,-1,-1,-1
263,18,326.63,132.34,77.34,221.83,0.841,-1,-1,-1
263,67,124.38,15.90,199.43,308.51,0.572,-1,-1,-1
263,71,126.18,91.93,189.39,360.00,0.700,-1,-1,-1
263,83,376.69,146.73,59.10,194.85,0.843,-1,-1,-1
264,18,325.47,123.89,87.38,246.76,0.853,-1,-1,-1
264,67,114.87,12.97,200.62,310.39,-1.000,-1,-1,-1
264,71,110.57,90.86,196.42,373.70,0.745,-1,-1,-1
264,83,378.48,156.04,52.59,172.31,0.703,-1,-1,-1
265,67,105.35,10.05,201.81,312.27,0.503,-1,-1,-1
265,71,98.43,90.45,199.54,379.20,0.736,-1,-1,-1
265,83,374.41,158.81,49.53,161.64,0.880,-1,-1,-1
265,88,444.77,0.57,178.83,323.54,0.660,-1,-1,-1
266,71,89.78,89.23,202.53,384.62,0.685,-1,-1,-1
266,83,369.85,157.81,49.31,159.99,0.875,-1,-1,-1
266,88,441.17,-0.03,170.53,307.92,0.565,-1,-1,-1
267,71,82.30,89.06,203.53,385.76,0.628,-1,-1,-1
267,83,364.32,152.23,50.48,161.88,0.817,-1,-1,-1
267,88,431.67,-0.45,187.97,339.00,0.568,-1,-1,-1
267,89,258.08,90.63,87.06,292.64,0.809,-1,-1,-1
268,71,80.21,88.06,206.01,388.28,0.566,-1,-1,-1
268,83,357.72,144.43,51.91,165.55,0.865,-1,-1,-1
268,88,432.52,2.34,189.97,341.51,0.716,-1,-1,-1
268,89,249.44,81.83,88.63,298.15,0.612,-1,-1,-1
268,90,318.12,136.04,40.11,162.44,0.886,-1,-1,-1
269,71,77.26,73.38,202.69,379.56,-1.000,-1,-1,-1
269,83,350.31,138.35,53.15,168.80,0.838,-1,-1,-1
269,88,434.19,3.54,188.79,337.82,0.720,-1,-1,-1
269,90,315.20,130.25,39.94,160.45,0.876,-1,-1,-1
270,71,74.30,58.69,199.37,370.84,0.604,-1,-1,-1
270,83,339.76,123.93,54.71,172.94,0.892,-1,-1,-1
270,88,431.13,2.58,187.24,332.22,0.727,-1,-1,-1
270,90,313.23,116.22,39.82,159.83,0.856,-1,-1,-1
270,91,277.25,135.69,36.19,123.25,0.597,-1,-1,-1
271,71,68.80,20.72,201.71,368.66,0.764,-1,-1,-1
271,83,331.33,100.96,56.64,178.37,0.858,-1,-1,-1
271,88,427.19,3.86,189.64,333.93,0.727,-1,-1,-1
271,90,311.59,93.98,39.99,161.36,0.828,-1,-1,-1
272,71,63.49,6.55,194.48,344.44,0.850,-1,-1,-1
272,83,320.01,66.03,59.60,186.96,0.896,-1,-1,-1
272,88,422.97,4.88,192.43,334.63,0.831,-1,-1,-1
273,71,71.05,2.35,192.76,341.55,0.697,-1,-1,-1
273,83,312.87,47.81,61.54,192.22,0.857,-1,-1,-1
273,88,419.62,5.08,196.67,337.24,0.882,-1,-1,-1
273,92,593.01,45.74,50.46,278.00,0.541,-1,-1,-1
274,71,54.54,-1.59,203.89,358.62,0.834,-1,-1,-1
274,83,305.86,47.38,63.06,196.47,0.872,-1,-1,-1
274,88,421.09,3.00,195.77,331.13,0.844,-1,-1,-1
274,92,593.60,21.29,53.82,297.56,0.505,-1,-1,-1
274,93,259.25,77.88,48.99,140.75,0.815,-1,-1,-1
275,71,46.48,-3.94,207.76,364.62,0.722,-1,-1,-1
275,83,297.84,58.24,64.53,200.91,0.877,-1,-1,-1
275,88,416.07,4.34,198.55,333.33,0.806,-1,-1,-1
275,92,593.75,9.39,55.98,311.16,0.565,-1,-1,-1
275,93,260.10,94.21,48.29,139.07,0.736,-1,-1,-1
276,71,50.21,-4.57,193.38,335.77,0.691,-1,-1,-1
276,83,292.74,79.38,66.16,205.15,0.864,-1,-1,-1
276,88,415.55,4.99,203.39,339.81,0.731,-1,-1,-1
276,92,593.28,16.05,57.31,320.38,0.558,-1,-1,-1
277,71,48.06,-3.26,188.45,325.20,0.757,-1,-1,-1
277,83,284.63,96.24,67.03,208.03,0.874,-1,-1,-1
277,88,417.34,5.44,205.47,340.60,0.816,-1,-1,-1
277,92,592.72,43.19,55.26,310.73,0.728,-1,-1,-1
278,71,41.29,-3.04,186.74,320.76,0.520,-1,-1,-1
278,83,274.18,104.46,69.01,214.30,0.850,-1,-1,-1
278,88,411.78,5.41,206.75,341.27,0.740,-1,-1,-1
278,92,589.90,48.70,55.26,311.52,0.694,-1,-1,-1
278,94,33.24,59.80,203.89,358.48,0.701,-1,-1,-1
279,71,29.21,6.53,181.44,309.30,0.521,-1,-1,-1
279,83,260.42,117.52,71.10,220.72,0.872,-1,-1,-1
279,88,397.81,5.48,207.37,341.28,0.717,-1,-1,-1
279,92,584.23,52.66,56.37,316.82,0.764,-1,-1,-1
279,94,15.25,79.16,211.63,372.56,0.576,-1,-1,-1
279,95,328.05,145.05,32.47,148.05,0.858,-1,-1,-1
280,71,14.01,12.28,181.06,308.19,0.562,-1,-1,-1
280,83,239.57,122.29,72.93,226.28,0.883,-1,-1,-1
280,88,378.01,5.41,207.76,340.20,0.793,-1,-1,-1
280,92,577.72,58.33,57.07,315.52,0.848,-1,-1,-1
280,94,-3.08,89.92,213.46,376.71,0.652,-1,-1,-1
280,95,314.09,150.22,32.68,146.61,0.877,-1,-1,-1
280,96,182.48,144.69,54.99,203.14,0.869,-1,-1,-1
280,97,362.47,120.50,45.86,208.33,0.638,-1,-1,-1
281,83,207.78,112.82,76.08,236.99,0.870,-1,-1,-1
281,88,356.26,5.34,208.28,339.01,0.741,-1,-1,-1
281,92,558.67,57.16,59.05,313.20,0.831,-1,-1,-1
281,96,157.00,136.48,55.54,203.76,0.877,-1,-1,-1
282,83,177.35,110.10,79.54,247.82,0.865,-1,-1,-1
282,88,339.83,2.25,218.26,353.81,0.823,-1,-1,-1
282,92,546.50,71.79,59.40,308.30,0.617,-1,-1,-1
282,96,137.73,135.64,54.09,198.94,0.736,-1,-1,-1
283,83,157.52,113.80,83.21,257.75,0.863,-1,-1,-1
283,88,343.96,0.88,222.01,358.96,0.837,-1,-1,-1
283,96,115.73,154.56,45.99,169.14,0.797,-1,-1,-1
283,98,256.96,155.63,49.01,142.52,0.773,-1,-1,-1
283,99,301.29,97.20,76.37,296.55,0.782,-1,-1,-1
284,83,147.46,113.25,87.12,267.35,0.865,-1,-1,-1
284,88,358.71,0.28,224.31,362.20,0.727,-1,-1,-1
284,96,112.63,161.83,42.80,157.54,0.826,-1,-1,-1
284,98,265.33,162.94,48.36,141.20,0.806,-1,-1,-1
284,99,305.63,93.40,81.78,315.52,0.882,-1,-1,-1
285,83,148.41,109.19,89.70,275.40,0.857,-1,-1,-1
285,88,390.03,3.19,217.98,350.17,0.816,-1,-1,-1
285,98,277.82,162.99,47.77,140.46,0.816,-1,-1,-1
285,99,308.62,84.87,77.67,299.36,0.810,-1,-1,-1
286,83,152.39,107.43,91.64,281.08,0.846,-1,-1,-1
286,88,412.99,4.30,215.43,347.59,0.748,-1,-1,-1
286,98,293.53,175.84,43.58,128.48,0.712,-1,-1,-1
286,99,318.85,78.72,76.15,292.21,0.840,-1,-1,-1
287,83,160.27,106.14,94.84,288.22,0.847,-1,-1,-1
287,88,427.51,2.58,218.10,355.48,0.536,-1,-1,-1
287,98,308.98,183.18,40.88,120.88,0.721,-1,-1,-1
287,99,328.43,74.74,76.56,292.74,0.826,-1,-1,-1
287,100,373.99,84.51,96.17,342.97,0.849,-1,-1,-1
287,101,131.23,164.10,48.18,163.18,0.818,-1,-1,-1
287,102,262.79,174.80,29.59,125.38,0.720,-1,-1,-1
288,83,163.37,102.44,96.82,294.86,0.864,-1,-1,-1
288,98,323.04,186.08,39.02,115.62,0.695,-1,-1,-1
288,99,340.19,68.67,78.43,297.76,0.856,-1,-1,-1
288,100,398.64,75.89,97.27,343.34,0.825,-1,-1,-1
288,101,133.97,160.98,49.29,167.53,0.772,-1,-1,-1
288,102,275.30,174.12,29.49,124.82,0.689,-1,-1,-1
288,103,7.89,66.98,134.05,375.33,0.707,-1,-1,-1
289,83,170.95,100.75,100.08,305.35,0.867,-1,-1,-1
289,98,341.04,190.48,37.91,112.33,0.789,-1,-1,-1
289,99,356.39,64.97,81.32,305.81,0.828,-1,-1,-1
289,100,424.34,97.95,99.33,346.52,0.754,-1,-1,-1
289,101,141.69,159.13,50.48,172.10,0.753,-1,-1,-1
289,102,271.24,163.60,38.67,162.16,0.836,-1,-1,-1
289,103,13.04,73.47,132.77,370.09,0.799,-1,-1,-1
290,83,181.38,99.91,103.21,315.35,0.848,-1,-1,-1
290,98,357.08,192.56,37.39,110.96,-1.000,-1,-1,-1
290,99,373.56,60.15,84.09,314.03,0.872,-1,-1,-1
290,100,449.67,93.93,107.87,370.98,0.777,-1,-1,-1
290,101,152.62,157.21,51.44,176.05,0.825,-1,-1,-1
290,102,285.05,160.16,42.17,175.42,0.802,-1,-1,-1
290,103,20.14,79.66,131.54,363.98,0.783,-1,-1,-1
291,83,193.28,97.51,106.99,327.65,0.818,-1,-1,-1
291,98,373.11,194.63,36.87,109.58,0.675,-1,-1,-1
291,99,392.62,53.65,87.09,321.07,0.866,-1,-1,-1
291,100,475.82,93.63,112.68,380.87,0.741,-1,-1,-1
291,101,158.43,154.07,52.64,179.47,0.819,-1,-1,-1
291,102,304.09,158.81,44.24,181.85,0.821,-1,-1,-1
291,103,28.31,98.38,132.25,363.71,0.716,-1,-1,-1
292,83,208.03,93.01,109.18,335.20,0.826,-1,-1,-1
292,99,409.21,48.45,92.35,336.98,0.845,-1,-1,-1
292,100,495.33,91.31,116.95,390.19,0.733,-1,-1,-1
292,101,168.35,154.40,53.00,180.92,0.791,-1,-1,-1
292,102,321.75,161.94,45.42,183.99,0.812,-1,-1,-1
292,103,33.16,90.14,131.48,357.48,0.731,-1,-1,-1
293,83,220.08,84.91,111.92,344.43,0.855,-1,-1,-1
293,99,426.96,35.87,93.58,335.06,0.827,-1,-1,-1
293,100,511.25,81.72,116.83,385.41,0.731,-1,-1,-1
293,101,177.53,153.56,52.95,181.67,0.673,-1,-1,-1
293,102,337.81,164.22,46.10,182.61,0.857,-1,-1,-1
293,103,43.84,77.86,131.78,355.95,0.716,-1,-1,-1
294,83,228.41,75.11,117.07,360.76,0.770,-1,-1,-1
294,99,441.42,23.36,100.24,353.62,0.833,-1,-1,-1
294,100,524.88,91.21,116.73,384.20,0.546,-1,-1,-1
294,101,187.12,166.77,49.07,168.95,0.715,-1,-1,-1
294,102,354.64,164.79,47.23,182.95,0.828,-1,-1,-1
294,103,49.47,75.94,132.02,352.90,0.641,-1,-1,-1
295,83,240.18,65.77,117.31,359.83,0.836,-1,-1,-1
295,99,458.94,15.89,101.94,350.16,0.830,-1,-1,-1
295,100,540.66,81.71,109.10,358.61,0.612,-1,-1,-1
295,101,207.87,183.23,39.28,134.54,0.812,-1,-1,-1
295,102,372.31,164.01,47.26,179.11,0.838,-1,-1,-1
295,103,57.46,95.65,136.24,358.57,0.735,-1,-1,-1
296,83,248.09,55.42,120.06,366.61,0.781,-1,-1,-1
296,99,472.23,7.13,106.19,355.03,0.782,-1,-1,-1
296,100,550.77,71.12,108.71,359.79,0.581,-1,-1,-1
296,101,221.54,192.56,35.11,118.62,0.898,-1,-1,-1
296,102,387.12,163.34,47.75,178.31,0.861,-1,-1,-1
296,103,58.22,107.15,138.25,357.67,0.771,-1,-1,-1
297,83,251.41,46.49,123.94,374.80,0.696,-1,-1,-1
297,99,484.04,6.82,113.47,367.96,0.813,-1,-1,-1
297,101,227.51,194.94,33.51,112.53,0.841,-1,-1,-1
297,102,399.88,162.33,48.56,178.40,0.801,-1,-1,-1
297,103,51.80,112.41,141.99,356.12,0.799,-1,-1,-1
297,104,7.19,124.15,60.10,211.77,0.874,-1,-1,-1
298,83,249.29,72.72,126.75,379.43,0.745,-1,-1,-1
298,99,494.94,21.80,118.25,374.40,0.748,-1,-1,-1
298,101,230.83,197.65,32.53,109.05,0.686,-1,-1,-1
298,102,415.01,164.74,50.49,175.45,0.915,-1,-1,-1
298,103,64.42,116.41,144.67,356.40,0.798,-1,-1,-1
298,104,1.32,119.16,56.71,199.85,0.889,-1,-1,-1
299,83,249.30,76.07,126.87,375.03,0.795,-1,-1,-1
299,99,501.08,28.68,121.64,378.22,0.697,-1,-1,-1
299,102,422.94,166.15,52.59,173.57,0.906,-1,-1,-1
299,103,74.40,110.01,149.52,364.21,0.810,-1,-1,-1
299,104,-2.43,115.46,56.68,200.40,0.913,-1,-1,-1
300,83,245.64,94.99,127.68,371.68,0.693,-1,-1,-1
300,99,507.63,14.19,122.02,375.23,0.645,-1,-1,-1
300,102,429.74,166.47,54.54,172.50,0.904,-1,-1,-1
300,103,86.49,100.76,147.09,356.66,0.751,-1,-1,-1
300,104,-4.31,126.95,55.99,198.74,0.829,-1,-1,-1
301,83,243.44,126.59,122.93,349.01,0.647,-1,-1,-1
301,99,512.78,16.41,123.57,377.51,0.544,-1,-1,-1
301,102,435.04,164.54,56.33,172.39,0.905,-1,-1,-1
301,103,88.13,106.64,148.98,362.02,0.732,-1,-1,-1
301,104,2.32,142.02,49.68,174.09,0.885,-1,-1,-1
301,105,368.72,167.14,45.02,139.06,0.891,-1,-1,-1
302,83,224.29,134.49,124.73,344.21,0.696,-1,-1,-1
302,99,519.57,7.71,123.36,375.95,0.518,-1,-1,-1
302,102,447.27,161.96,57.27,172.47,0.875,-1,-1,-1
302,103,90.17,89.40,142.84,350.49,0.709,-1,-1,-1
302,104,2.71,146.98,47.95,167.16,0.799,-1,-1,-1
302,105,368.35,164.96,46.26,141.64,0.874,-1,-1,-1
302,106,403.90,178.49,36.97,116.66,0.744,-1,-1,-1
302,107,195.76,15.49,146.30,369.59,0.685,-1,-1,-1
303,83,202.88,152.98,123.36,329.34,0.598,-1,-1,-1
303,102,457.32,159.79,58.32,173.75,0.876,-1,-1,-1
303,103,90.95,98.06,133.40,331.56,0.569,-1,-1,-1
303,104,7.06,147.67,47.90,167.07,0.806,-1,-1,-1
303,105,372.94,163.40,47.11,143.50,0.831,-1,-1,-1
303,106,405.73,187.01,34.19,107.83,0.558,-1,-1,-1
303,107,175.64,7.20,137.38,345.57,0.657,-1,-1,-1
304,83,172.93,163.27,122.22,320.09,0.617,-1,-1,-1
304,102,466.14,158.53,58.68,173.39,0.873,-1,-1,-1
304,105,377.99,160.88,47.39,144.47,0.731,-1,-1,-1
304,106,406.74,183.94,34.23,108.18,-1.000,-1,-1,-1
304,107,149.84,2.28,124.66,309.84,0.760,-1,-1,-1
304,108,344.23,190.37,30.23,123.63,0.851,-1,-1,-1
304,109,29.30,93.82,80.95,295.15,0.866,-1,-1,-1
305,83,174.37,152.24,119.65,316.70,-1.000,-1,-1,-1
305,102,470.85,159.66,59.12,172.75,0.892,-1,-1,-1
305,105,382.68,160.01,48.23,146.78,0.831,-1,-1,-1
305,106,407.75,180.86,34.27,108.54,0.585,-1,-1,-1
305,107,120.50,1.09,122.10,298.18,0.785,-1,-1,-1
305,108,347.95,190.87,30.74,123.16,0.873,-1,-1,-1
305,109,16.92,90.58,83.63,301.81,0.893,-1,-1,-1
305,110,298.57,156.76,47.09,159.80,0.870,-1,-1,-1
306,83,175.80,141.21,117.09,313.30,0.730,-1,-1,-1
306,102,474.82,161.21,59.38,170.83,0.894,-1,-1,-1
306,105,386.17,159.48,49.18,148.28,0.892,-1,-1,-1
306,107,73.45,1.33,128.25,305.68,0.773,-1,-1,-1
306,108,347.83,188.79,31.76,124.77,0.866,-1,-1,-1
306,110,303.80,154.51,48.16,162.83,0.843,-1,-1,-1
306,111,532.13,139.56,56.88,234.30,0.708,-1,-1,-1
306,112,273.34,156.99,38.17,141.00,0.701,-1,-1,-1
306,113,444.15,207.24,17.39,56.34,0.641,-1,-1,-1
307,83,184.17,108.76,102.59,275.78,0.584,-1,-1,-1
307,102,476.52,161.35,60.01,170.44,0.880,-1,-1,-1
307,105,389.80,159.57,50.27,148.18,0.894,-1,-1,-1
307,107,44.81,-0.42,128.78,301.65,0.672,-1,-1,-1
307,108,348.98,187.14,32.77,126.75,0.851,-1,-1,-1
307,110,309.55,152.75,48.91,165.37,0.844,-1,-1,-1
307,111,531.97,130.83,60.82,245.85,0.825,-1,-1,-1
307,112,270.09,157.50,38.68,142.86,0.571,-1,-1,-1
308,83,163.58,99.69,118.24,315.67,0.761,-1,-1,-1
308,102,481.93,160.86,59.46,169.49,0.792,-1,-1,-1
308,105,391.50,159.36,51.53,148.58,0.877,-1,-1,-1
308,108,353.64,185.67,33.29,128.55,0.779,-1,-1,-1
308,110,312.41,151.21,49.75,167.69,0.865,-1,-1,-1
308,111,528.40,122.98,65.03,257.05,0.837,-1,-1,-1
308,112,271.03,165.52,37.71,139.53,-1.000,-1,-1,-1
309,83,151.04,91.83,124.19,324.37,0.761,-1,-1,-1
309,105,396.00,158.83,53.30,149.99,0.869,-1,-1,-1
309,108,361.59,184.41,33.84,130.34,0.790,-1,-1,-1
309,110,317.52,150.13,51.16,169.81,0.883,-1,-1,-1
309,111,527.29,116.32,71.92,276.75,0.861,-1,-1,-1
309,112,271.97,173.53,36.75,136.20,0.595,-1,-1,-1
309,114,467.46,168.47,32.60,120.25,0.823,-1,-1,-1
310,83,142.61,81.14,131.16,337.34,0.745,-1,-1,-1
310,105,397.84,159.34,54.95,152.59,0.822,-1,-1,-1
310,108,369.64,184.92,34.37,131.01,0.559,-1,-1,-1
310,110,320.32,150.85,53.21,171.51,0.907,-1,-1,-1
310,111,525.15,114.37,78.15,290.85,0.891,-1,-1,-1
310,112,271.65,175.80,37.01,138.12,0.719,-1,-1,-1
310,114,466.60,172.11,32.55,119.52,0.826,-1,-1,-1
311,83,135.16,83.86,138.12,350.52,0.802,-1,-1,-1
311,105,399.42,159.11,55.75,154.46,0.796,-1,-1,-1
311,108,373.95,186.44,35.07,131.66,0.537,-1,-1,-1
311,110,316.45,150.66,55.61,173.84,0.909,-1,-1,-1
311,111,522.55,111.92,85.55,307.71,0.892,-1,-1,-1
311,112,269.15,177.65,37.25,138.74,0.627,-1,-1,-1
311,114,463.67,174.95,32.20,117.67,0.823,-1,-1,-1
311,115,65.79,106.84,69.59,311.88,0.775,-1,-1,-1
312,83,129.58,95.41,140.00,349.96,0.777,-1,-1,-1
312,105,400.18,158.22,57.25,157.94,0.869,-1,-1,-1
312,108,374.47,187.31,35.86,132.64,0.559,-1,-1,-1
312,110,310.87,150.21,58.31,177.20,0.907,-1,-1,-1
312,111,514.87,106.36,91.92,322.13,0.857,-1,-1,-1
312,112,268.04,178.12,37.45,139.42,0.711,-1,-1,-1
312,114,457.79,176.13,32.20,116.84,0.830,-1,-1,-1
312,115,36.13,102.40,77.38,343.07,0.736,-1,-1,-1
313,83,124.42,104.53,141.06,346.17,0.818,-1,-1,-1
313,105,400.74,156.53,58.55,161.31,0.876,-1,-1,-1
313,108,369.08,188.10,37.67,135.28,0.870,-1,-1,-1
313,110,307.86,149.46,60.53,180.28,0.895,-1,-1,-1
313,111,508.80,99.07,97.11,331.24,0.861,-1,-1,-1
313,112,269.28,178.37,37.78,140.43,0.771,-1,-1,-1
313,114,450.61,176.72,31.98,114.93,0.845,-1,-1,-1
313,115,14.41,107.07,80.33,354.63,0.640,-1,-1,-1
314,83,121.47,118.77,143.58,345.73,0.829,-1,-1,-1
314,105,400.97,155.48,59.72,164.30,0.890,-1,-1,-1
314,108,370.39,187.18,38.66,137.65,0.817,-1,-1,-1
314,110,308.63,148.53,62.17,182.66,0.887,-1,-1,-1
314,111,504.51,91.16,102.64,340.72,0.854,-1,-1,-1
314,112,270.01,179.31,37.88,140.86,0.742,-1,-1,-1
314,114,445.52,176.50,32.03,114.21,0.780,-1,-1,-1
314,115,-0.06,121.65,80.04,352.76,0.719,-1,-1,-1
315,83,121.37,117.64,149.48,355.12,0.817,-1,-1,-1
315,105,404.80,157.50,59.83,163.74,0.878,-1,-1,-1
315,108,375.38,189.12,39.96,141.92,0.840,-1,-1,-1
315,110,312.36,148.94,63.20,186.30,0.859,-1,-1,-1
315,111,502.84,83.17,109.62,353.93,0.869,-1,-1,-1
315,112,273.71,182.38,38.53,142.84,0.608,-1,-1,-1
315,114,441.89,183.49,30.87,109.02,0.624,-1,-1,-1
315,115,11.30,143.07,56.22,235.52,0.908,-1,-1,-1
316,83,124.79,118.28,152.36,358.42,0.778,-1,-1,-1
316,105,414.44,157.45,60.22,163.80,0.834,-1,-1,-1
316,108,384.34,187.93,43.38,145.62,0.913,-1,-1,-1
316,110,316.27,146.59,65.04,191.74,0.846,-1,-1,-1
316,111,502.74,73.04,112.35,353.43,0.840,-1,-1,-1
316,112,279.52,181.79,38.98,144.94,0.805,-1,-1,-1
316,114,441.88,183.17,30.42,107.36,0.563,-1,-1,-1
316,115,22.92,147.40,46.23,189.78,0.861,-1,-1,-1
317,83,129.58,104.17,153.38,356.89,0.715,-1,-1,-1
317,105,423.25,156.79,60.99,165.81,0.855,-1,-1,-1
317,108,395.04,187.86,46.95,148.56,0.902,-1,-1,-1
317,110,322.90,144.75,66.94,195.59,0.879,-1,-1,-1
317,111,502.55,57.21,118.33,366.53,0.818,-1,-1,-1
317,112,285.14,179.66,39.88,148.77,0.760,-1,-1,-1
317,115,30.53,147.27,44.12,178.54,0.876,-1,-1,-1
318,83,133.53,105.63,157.95,363.63,0.814,-1,-1,-1
318,105,430.76,156.27,61.54,167.77,0.862,-1,-1,-1
318,108,404.03,186.74,49.31,151.31,0.785,-1,-1,-1
318,110,331.81,143.60,69.53,198.75,0.888,-1,-1,-1
318,111,502.93,45.48,122.42,375.02,0.786,-1,-1,-1
318,112,283.96,178.54,41.63,151.34,0.751,-1,-1,-1
318,115,34.14,148.22,44.11,174.98,0.875,-1,-1,-1
319,83,139.03,109.70,157.84,360.70,0.644,-1,-1,-1
319,105,440.18,153.67,61.48,169.25,0.902,-1,-1,-1
319,108,412.86,183.29,51.90,154.76,0.872,-1,-1,-1
319,110,339.12,141.25,72.51,201.82,0.884,-1,-1,-1
319,111,504.24,45.50,124.43,380.18,0.565,-1,-1,-1
319,112,292.43,174.13,43.32,155.99,0.860,-1,-1,-1
319,115,35.18,148.04,45.85,174.32,0.915,-1,-1,-1
320,83,147.40,112.26,159.19,361.53,0.788,-1,-1,-1
320,105,451.46,149.10,62.44,172.76,0.812,-1,-1,-1
320,108,422.95,178.73,53.75,158.22,0.871,-1,-1,-1
320,110,344.87,135.41,76.19,206.62,0.914,-1,-1,-1
320,111,511.60,22.88,118.96,361.41,0.520,-1,-1,-1
320,112,300.86,170.42,44.92,158.57,0.832,-1,-1,-1
320,115,39.56,145.98,47.42,172.88,0.908,-1,-1,-1
321,83,159.70,113.22,159.31,358.97,0.735,-1,-1,-1
321,105,453.37,159.71,59.76,168.73,0.792,-1,-1,-1
321,108,436.16,173.72,48.30,142.78,-1.000,-1,-1,-1
321,110,352.08,129.56,79.58,210.97,0.915,-1,-1,-1
321,111,530.35,34.75,105.89,321.56,0.706,-1,-1,-1
321,112,310.36,167.06,46.45,159.55,0.700,-1,-1,-1
321,115,48.99,141.45,48.58,172.51,0.892,-1,-1,-1
322,83,169.76,109.98,160.20,361.88,0.748,-1,-1,-1
322,105,464.00,161.20,59.00,168.28,0.767,-1,-1,-1
322,108,449.37,168.70,42.85,127.34,0.795,-1,-1,-1
322,110,361.98,120.79,83.29,217.31,0.898,-1,-1,-1
322,111,557.79,48.35,91.90,286.08,0.748,-1,-1,-1
322,115,59.97,134.71,49.44,172.16,0.875,-1,-1,-1
323,83,187.70,87.66,160.78,360.76,0.717,-1,-1,-1
323,105,482.55,161.16,60.90,170.35,0.751,-1,-1,-1
323,108,464.46,166.28,38.38,113.37,0.820,-1,-1,-1
323,110,379.08,115.28,85.88,223.17,0.890,-1,-1,-1
323,115,74.70,131.76,49.03,169.33,0.882,-1,-1,-1
323,116,543.72,154.84,45.54,140.36,0.712,-1,-1,-1
323,117,199.33,44.24,159.02,288.65,0.527,-1,-1,-1
323,118,136.23,106.21,86.31,210.92,0.904,-1,-1,-1
324,83,200.67,89.05,153.13,342.63,0.649,-1,-1,-1
324,105,498.36,159.15,63.90,172.65,0.809,-1,-1,-1
324,108,473.17,162.93,37.08,109.52,0.828,-1,-1,-1
324,110,393.81,108.94,87.87,228.99,0.843,-1,-1,-1
324,115,83.50,128.28,49.60,169.64,0.887,-1,-1,-1
324,116,551.98,149.52,50.60,156.14,0.596,-1,-1,-1
324,117,216.04,33.74,154.91,280.50,0.778,-1,-1,-1
324,118,132.97,99.96,90.18,220.87,0.922,-1,-1,-1
324,119,362.18,150.76,62.26,169.39,0.828,-1,-1,-1
325,83,213.89,87.70,166.52,371.54,0.776,-1,-1,-1
325,105,515.95,155.98,66.86,175.67,0.824,-1,-1,-1
325,110,407.64,103.02,89.40,235.58,0.736,-1,-1,-1
325,115,89.21,125.86,50.39,170.56,0.868,-1,-1,-1
325,116,568.63,160.35,48.46,149.57,0.513,-1,-1,-1
325,117,226.58,31.11,158.05,285.70,0.557,-1,-1,-1
325,118,123.74,94.73,95.65,235.03,0.910,-1,-1,-1
325,119,373.45,146.11,63.49,173.39,0.789,-1,-1,-1
326,83,225.91,87.39,162.18,357.41,0.767,-1,-1,-1
326,105,531.02,153.48,68.20,177.90,0.832,-1,-1,-1
326,110,420.59,98.55,90.21,241.36,0.871,-1,-1,-1
326,115,93.31,125.72,51.89,171.71,0.882,-1,-1,-1
326,116,567.35,154.79,53.18,164.38,-1.000,-1,-1,-1
326,117,231.31,32.59,162.75,294.02,-1.000,-1,-1,-1
326,118,114.45,90.89,99.83,246.13,0.915,-1,-1,-1
326,119,381.03,143.20,64.20,176.37,0.827,-1,-1,-1
327,83,233.76,88.87,160.73,349.94,0.769,-1,-1,-1
327,105,529.54,131.38,73.65,190.76,0.819,-1,-1,-1
327,110,429.54,93.69,92.04,247.54,0.888,-1,-1,-1
327,115,89.44,125.62,53.16,172.58,0.877,-1,-1,-1
327,116,566.06,149.23,57.90,179.20,0.769,-1,-1,-1
327,117,236.04,34.07,167.44,302.34,0.632,-1,-1,-1
327,118,101.85,85.70,103.70,256.63,0.887,-1,-1,-1
327,119,385.10,139.56,65.16,179.97,0.833,-1,-1,-1
328,83,235.24,93.37,164.07,353.19,0.689,-1,-1,-1
328,105,532.17,120.90,76.53,196.73,0.706,-1,-1,-1
328,110,435.15,92.67,93.56,250.24,0.884,-1,-1,-1
328,115,81.89,129.67,52.63,168.74,0.746,-1,-1,-1
328,116,573.35,145.44,60.97,187.54,0.877,-1,-1,-1
328,117,242.30,39.42,164.46,295.49,0.786,-1,-1,-1
328,118,84.73,80.27,109.07,271.08,0.864,-1,-1,-1
328,119,393.49,137.37,63.35,176.06,0.777,-1,-1,-1
328,120,2.57,124.58,26.68,158.58,0.869,-1,-1,-1
329,83,238.76,101.91,169.65,361.93,0.794,-1,-1,-1
329,105,536.26,113.70,78.79,203.13,0.790,-1,-1,-1
329,110,434.31,90.39,96.16,255.07,0.887,-1,-1,-1
329,116,574.60,144.56,62.72,190.88,0.883,-1,-1,-1
329,117,244.77,37.33,168.84,302.53,0.729,-1,-1,-1
329,118,63.24,71.52,115.61,288.40,0.863,-1,-1,-1
329,119,402.85,135.89,65.58,182.46,0.505,-1,-1,-1
329,120,8.83,126.12,26.85,156.05,0.890,-1,-1,-1
330,83,247.58,96.29,166.12,351.01,0.751,-1,-1,-1
330,105,542.08,111.00,82.47,218.07,0.849,-1,-1,-1
330,110,432.49,90.47,98.44,259.85,0.847,-1,-1,-1
330,116,576.11,146.30,63.68,192.53,0.556,-1,-1,-1
330,117,247.80,35.93,171.63,306.78,0.704,-1,-1,-1
330,118,42.70,64.32,121.17,303.50,0.840,-1,-1,-1
330,119,409.54,136.86,67.71,188.91,0.619,-1,-1,-1
330,120,11.16,129.46,27.38,155.02,0.874,-1,-1,-1
330,121,508.15,137.63,53.65,160.60,0.783,-1,-1,-1
331,83,251.06,90.63,166.23,348.59,0.701,-1,-1,-1
331,105,549.23,109.61,83.34,226.33,0.845,-1,-1,-1
331,110,434.61,91.98,99.80,263.25,0.863,-1,-1,-1
331,116,577.30,148.74,64.01,192.63,0.646,-1,-1,-1
331,117,253.83,33.87,168.69,300.39,0.693,-1,-1,-1
331,118,25.56,57.70,126.03,316.44,0.870,-1,-1,-1
331,119,404.02,137.33,70.21,194.22,0.822,-1,-1,-1
331,120,10.47,131.13,28.06,155.61,0.840,-1,-1,-1
331,121,505.20,137.54,54.73,163.57,0.785,-1,-1,-1
332,83,254.79,93.97,164.29,340.82,0.760,-1,-1,-1
332,105,555.67,106.75,83.18,228.42,0.859,-1,-1,-1
332,110,443.60,88.96,100.31,265.61,0.849,-1,-1,-1
332,116,587.92,148.75,60.55,184.62,0.667,-1,-1,-1
332,117,254.07,30.63,171.92,305.69,0.515,-1,-1,-1
332,118,2.10,47.57,130.01,329.20,0.887,-1,-1,-1
332,119,407.00,133.93,71.62,200.12,0.831,-1,-1,-1
333,83,254.77,93.64,165.64,341.22,0.723,-1,-1,-1
333,105,560.38,106.56,83.37,229.65,0.887,-1,-1,-1
333,110,450.98,86.90,100.00,267.19,0.826,-1,-1,-1
333,117,254.85,27.19,170.36,301.74,0.639,-1,-1,-1
333,118,-11.97,39.67,129.78,333.36,0.867,-1,-1,-1
333,119,412.06,131.96,72.76,206.54,0.838,-1,-1,-1
334,83,252.89,92.22,166.45,339.74,0.781,-1,-1,-1
334,105,560.68,106.73,82.42,225.23,0.903,-1,-1,-1
334,110,457.61,82.30,100.94,271.98,0.895,-1,-1,-1
334,117,253.03,27.37,172.95,306.31,-1.000,-1,-1,-1
334,118,-26.30,30.35,129.15,339.58,0.772,-1,-1,-1
334,119,413.85,130.69,72.44,208.30,0.855,-1,-1,-1
335,83,253.42,94.13,166.60,338.59,0.723,-1,-1,-1
335,105,559.11,108.51,82.56,223.21,0.916,-1,-1,-1
335,110,461.61,80.54,101.04,274.12,0.877,-1,-1,-1
335,117,251.22,27.56,175.55,310.87,0.674,-1,-1,-1
335,118,-36.45,43.86,125.06,338.68,0.756,-1,-1,-1
335,119,412.90,130.95,72.13,210.11,0.847,-1,-1,-1
336,83,249.21,88.64,169.07,341.80,0.804,-1,-1,-1
336,105,558.12,104.67,84.45,227.70,0.915,-1,-1,-1
336,110,465.25,77.14,102.01,277.34,0.880,-1,-1,-1
336,117,247.41,26.35,178.22,315.76,0.551,-1,-1,-1
336,119,418.73,128.47,75.99,217.61,0.795,-1,-1,-1
336,122,24.70,117.27,58.15,182.14,0.790,-1,-1,-1
337,83,250.19,86.52,168.61,338.62,0.747,-1,-1,-1
337,105,564.18,98.38,82.90,226.83,0.909,-1,-1,-1
337,110,470.63,72.74,103.94,279.70,0.883,-1,-1,-1
337,119,421.68,123.73,78.72,221.82,0.811,-1,-1,-1
337,122,26.08,112.46,57.08,178.64,0.843,-1,-1,-1
338,83,251.10,84.86,169.06,337.09,0.726,-1,-1,-1
338,105,574.65,96.17,79.88,226.80,0.898,-1,-1,-1
338,110,473.77,71.30,106.06,283.20,0.879,-1,-1,-1
338,119,426.63,118.95,81.30,228.29,0.774,-1,-1,-1
338,122,25.51,112.89,57.82,180.34,0.865,-1,-1,-1
339,83,249.58,76.49,171.94,340.64,0.740,-1,-1,-1
339,105,580.18,94.36,77.58,228.07,0.875,-1,-1,-1
339,110,474.49,69.94,108.16,286.82,0.882,-1,-1,-1
339,119,430.53,116.79,82.22,231.45,0.745,-1,-1,-1
339,122,24.77,113.10,58.41,181.78,0.878,-1,-1,-1
339,123,195.91,194.53,16.17,44.07,0.719,-1,-1,-1
339,124,-20.46,175.63,73.10,110.99,0.529,-1,-1,-1
340,83,244.15,82.31,186.10,369.11,0.791,-1,-1,-1
340,105,586.49,95.04,74.62,228.39,0.844,-1,-1,-1
340,110,479.70,68.33,110.52,289.70,0.867,-1,-1,-1
340,119,442.12,115.61,79.63,227.48,0.653,-1,-1,-1
340,122,26.96,113.26,60.25,183.07,0.895,-1,-1,-1
340,123,190.75,194.06,16.53,45.06,0.798,-1,-1,-1
341,83,246.77,86.07,190.60,377.89,0.802,-1,-1,-1
341,105,593.39,109.59,68.30,216.02,0.764,-1,-1,-1
341,110,491.10,66.47,112.21,293.51,0.818,-1,-1,-1
341,119,458.46,116.40,79.11,232.45,0.846,-1,-1,-1
341,122,26.74,115.24,62.52,181.90,0.932,-1,-1,-1
341,123,187.13,194.80,16.61,45.35,0.716,-1,-1,-1
342,83,247.85,87.95,193.35,380.79,0.751,-1,-1,-1
342,110,505.89,62.02,114.02,298.84,0.725,-1,-1,-1
342,119,472.22,115.47,77.91,233.77,0.885,-1,-1,-1
342,122,24.38,115.09,65.58,182.34,0.937,-1,-1,-1
342,123,185.98,194.56,16.69,45.56,0.701,-1,-1,-1
342,125,434.27,105.67,58.94,212.62,0.849,-1,-1,-1
342,126,7.04,113.27,20.33,174.55,0.796,-1,-1,-1
342,127,251.17,11.84,195.73,314.53,0.706,-1,-1,-1
343,83,258.42,90.47,195.40,382.74,0.800,-1,-1,-1
343,110,527.26,58.31,115.54,308.95,0.898,-1,-1,-1
343,119,487.97,117.32,78.35,236.17,0.897,-1,-1,-1
343,122,26.88,116.92,66.44,179.37,0.893,-1,-1,-1
343,123,186.00,195.62,16.90,46.12,0.623,-1,-1,-1
343,125,441.33,104.30,61.25,220.59,0.829,-1,-1,-1
343,126,11.66,117.04,21.42,179.31,0.811,-1,-1,-1
343,127,267.33,14.47,192.42,308.93,0.794,-1,-1,-1
343,128,228.87,169.86,30.88,90.12,0.847,-1,-1,-1
344,83,268.22,90.78,196.15,382.65,0.692,-1,-1,-1
344,110,539.63,56.52,114.27,313.39,0.893,-1,-1,-1
344,119,499.15,119.89,78.73,236.93,0.884,-1,-1,-1
344,122,31.33,118.72,67.27,178.95,0.889,-1,-1,-1
344,123,185.57,197.41,17.01,46.18,0.650,-1,-1,-1
344,125,445.02,104.00,63.15,227.03,0.766,-1,-1,-1
344,126,14.04,120.52,21.89,178.01,0.767,-1,-1,-1
344,127,276.89,16.23,194.34,311.82,0.699,-1,-1,-1
344,128,224.48,170.45,31.68,92.17,0.856,-1,-1,-1
345,83,280.19,84.32,193.17,374.17,0.632,-1,-1,-1
345,110,551.10,53.85,111.21,314.89,0.852,-1,-1,-1
345,119,510.95,117.49,80.02,241.38,0.865,-1,-1,-1
345,122,44.66,117.32,66.67,179.73,0.868,-1,-1,-1
345,123,185.65,197.26,16.95,45.96,0.591,-1,-1,-1
345,125,455.01,100.14,63.82,230.92,0.777,-1,-1,-1
345,126,22.00,122.63,23.33,172.09,0.927,-1,-1,-1
345,127,287.58,11.33,199.00,319.37,0.631,-1,-1,-1
345,128,216.78,168.85,32.77,94.13,0.898,-1,-1,-1
346,83,304.21,79.10,186.54,361.19,0.697,-1,-1,-1
346,110,561.69,59.01,109.34,320.82,0.771,-1,-1,-1
346,119,532.17,117.79,81.43,246.25,0.852,-1,-1,-1
346,122,58.19,121.77,65.74,179.30,0.838,-1,-1,-1
346,123,187.81,200.55,16.80,45.46,0.507,-1,-1,-1
346,125,460.04,99.71,67.03,242.72,0.612,-1,-1,-1
346,127,299.51,9.48,199.48,320.16,-1.000,-1,-1,-1
346,128,214.92,173.14,33.48,94.88,0.866,-1,-1,-1
347,83,323.16,76.32,183.34,355.05,0.690,-1,-1,-1
347,119,553.00,115.75,85.97,265.00,0.879,-1,-1,-1
347,122,75.30,126.99,65.10,177.67,0.898,-1,-1,-1
347,125,471.82,97.03,69.40,252.32,0.644,-1,-1,-1
347,127,311.44,7.64,199.96,320.95,0.607,-1,-1,-1
347,128,215.82,173.05,35.07,98.48,0.856,-1,-1,-1
348,83,326.35,83.58,190.87,369.56,0.637,-1,-1,-1
348,119,567.70,112.19,82.75,260.68,0.868,-1,-1,-1
348,122,87.08,128.29,65.61,176.70,0.904,-1,-1,-1
348,125,479.56,89.92,72.41,264.46,0.782,-1,-1,-1
348,127,321.83,6.10,196.58,315.32,-1.000,-1,-1,-1
348,128,216.68,171.33,36.03,100.44,0.858,-1,-1,-1
348,129,16.32,128.64,78.54,171.47,0.912,-1,-1,-1
349,83,335.33,87.73,193.73,376.49,0.661,-1,-1,-1
349,119,578.84,108.40,81.42,264.71,0.800,-1,-1,-1
349,122,94.48,130.61,66.43,174.94,0.906,-1,-1,-1
349,125,488.85,84.68,75.19,276.13,0.516,-1,-1,-1
349,127,332.22,4.57,193.20,309.69,0.547,-1,-1,-1
349,128,212.64,170.69,37.09,102.60,0.848,-1,-1,-1
349,129,32.47,127.95,78.20,171.91,0.860,-1,-1,-1
350,83,337.16,88.76,196.63,381.92,0.604,-1,-1,-1
350,119,587.79,107.85,80.53,267.91,0.578,-1,-1,-1
350,122,97.22,131.89,66.83,172.52,0.877,-1,-1,-1
350,125,496.20,80.03,78.70,291.18,0.611,-1,-1,-1
350,127,338.00,2.81,187.83,300.20,0.591,-1,-1,-1
350,128,208.57,169.77,38.06,104.54,0.845,-1,-1,-1
350,129,42.64,128.36,77.82,172.40,0.870,-1,-1,-1
351,83,340.48,80.77,195.37,379.20,-1.000,-1,-1,-1
351,122,106.52,129.86,65.84,170.73,0.840,-1,-1,-1
351,125,503.01,73.44,83.76,311.12,0.681,-1,-1,-1
351,127,341.96,1.67,188.38,300.75,0.535,-1,-1,-1
351,128,203.63,168.32,38.67,105.33,0.828,-1,-1,-1
351,129,53.64,128.98,77.27,170.56,0.867,-1,-1,-1
352,83,343.81,72.77,194.12,376.49,0.551,-1,-1,-1
352,122,121.29,127.42,64.58,169.62,0.873,-1,-1,-1
352,125,520.42,66.75,89.21,323.44,0.798,-1,-1,-1
352,127,346.35,0.68,190.47,305.04,0.711,-1,-1,-1
352,128,199.36,166.26,39.71,107.15,0.880,-1,-1,-1
352,129,61.61,130.19,76.31,166.93,0.874,-1,-1,-1
353,83,347.47,66.21,192.12,371.79,0.505,-1,-1,-1
353,122,135.31,123.86,64.04,170.18,0.876,-1,-1,-1
353,125,526.10,54.74,95.81,343.98,0.794,-1,-1,-1
353,127,351.84,0.04,190.92,306.17,0.624,-1,-1,-1
353,128,197.63,162.75,40.60,109.25,0.857,-1,-1,-1
353,129,67.59,130.57,75.67,163.41,0.921,-1,-1,-1
354,83,349.04,78.01,196.05,379.10,0.559,-1,-1,-1
354,122,148.71,125.75,64.10,170.11,0.890,-1,-1,-1
354,125,532.69,47.05,100.20,357.63,0.801,-1,-1,-1
354,127,357.15,0.18,189.97,304.14,-1.000,-1,-1,-1
354,128,196.14,162.94,40.59,109.32,0.771,-1,-1,-1
354,129,73.02,132.49,75.76,162.63,0.904,-1,-1,-1
355,83,351.41,84.59,198.13,381.28,0.602,-1,-1,-1
355,122,160.81,131.03,65.40,168.84,0.897,-1,-1,-1
355,125,543.56,41.27,98.56,352.70,0.686,-1,-1,-1
355,127,362.45,0.32,189.02,302.11,0.542,-1,-1,-1
355,129,89.18,134.24,74.65,160.85,0.881,-1,-1,-1
355,130,12.24,69.95,41.61,293.10,0.895,-1,-1,-1
356,83,352.46,62.87,198.50,377.80,0.667,-1,-1,-1
356,122,163.90,130.31,66.89,167.97,0.903,-1,-1,-1
356,125,551.98,30.20,97.91,352.27,0.560,-1,-1,-1
356,129,103.69,130.24,74.04,161.54,0.894,-1,-1,-1
356,130,16.22,54.00,44.25,305.92,0.872,-1,-1,-1
357,83,352.13,50.61,200.85,377.35,0.699,-1,-1,-1
357,122,166.32,128.49,67.43,166.94,0.906,-1,-1,-1
357,125,561.30,19.94,95.08,346.67,0.645,-1,-1,-1
357,129,116.26,127.70,73.10,161.69,0.878,-1,-1,-1
357,130,25.89,43.12,46.88,310.42,0.901,-1,-1,-1
358,83,354.45,53.89,201.19,374.35,0.658,-1,-1,-1
358,122,169.09,128.79,67.25,166.15,0.896,-1,-1,-1
358,125,570.83,43.53,88.21,328.12,0.741,-1,-1,-1
358,129,122.75,129.39,72.58,162.38,0.876,-1,-1,-1
358,130,29.89,42.01,49.30,310.46,0.904,-1,-1,-1
359,83,350.15,73.05,206.92,382.60,0.767,-1,-1,-1
359,122,175.75,143.48,65.59,164.93,0.859,-1,-1,-1
359,125,577.45,69.18,85.13,324.04,0.690,-1,-1,-1
359,129,124.98,148.72,71.77,160.17,0.919,-1,-1,-1
359,130,27.88,64.46,51.29,307.54,0.927,-1,-1,-1
359,131,533.43,71.70,78.91,338.77,0.733,-1,-1,-1
360,83,351.56,87.03,205.69,377.33,0.727,-1,-1,-1
360,122,182.06,155.12,64.06,165.00,0.869,-1,-1,-1
360,129,125.76,163.03,70.63,156.48,0.905,-1,-1,-1
360,130,24.41,77.11,53.75,310.19,0.901,-1,-1,-1
360,131,539.58,81.39,82.43,352.92,0.628,-1,-1,-1
360,132,353.50,23.55,216.77,311.37,0.742,-1,-1,-1
361,83,350.00,95.84,206.15,375.11,0.810,-1,-1,-1
361,122,182.45,158.22,62.84,163.92,0.888,-1,-1,-1
361,129,123.24,164.36,70.85,156.93,0.890,-1,-1,-1
361,130,19.98,76.73,56.13,313.31,0.916,-1,-1,-1
361,131,539.89,73.53,85.51,364.13,0.642,-1,-1,-1
361,132,350.66,22.59,217.04,311.93,0.611,-1,-1,-1
362,83,355.16,95.77,200.37,362.40,0.721,-1,-1,-1
362,122,181.63,157.34,62.15,162.97,0.912,-1,-1,-1
362,129,124.19,159.39,70.10,156.67,0.849,-1,-1,-1
362,130,18.04,69.76,59.01,318.91,0.909,-1,-1,-1
362,131,537.73,58.07,88.10,372.98,0.660,-1,-1,-1
362,132,349.72,19.52,214.89,308.97,0.583,-1,-1,-1
363,83,353.56,92.88,207.53,375.83,0.716,-1,-1,-1
363,122,182.02,159.32,61.73,161.80,0.893,-1,-1,-1
363,129,130.53,157.61,68.62,156.95,0.861,-1,-1,-1
363,130,18.43,68.88,61.34,319.69,0.890,-1,-1,-1
363,131,538.05,57.30,91.08,384.26,0.508,-1,-1,-1
363,132,348.22,18.02,217.48,312.96,0.505,-1,-1,-1
364,83,357.25,100.92,206.06,372.86,0.689,-1,-1,-1
364,122,183.48,164.01,61.39,161.48,0.897,-1,-1,-1
364,129,137.50,161.57,67.25,156.70,0.844,-1,-1,-1
364,130,19.55,73.00,64.65,324.10,0.884,-1,-1,-1
364,131,547.49,27.55,84.64,355.39,0.607,-1,-1,-1
364,132,354.45,16.96,216.47,312.52,0.678,-1,-1,-1
364,133,100.22,177.57,36.77,137.53,0.847,-1,-1,-1
365,83,356.12,96.42,209.63,380.74,0.709,-1,-1,-1
365,122,186.25,168.41,60.12,159.93,0.885,-1,-1,-1
365,129,139.04,166.82,66.13,156.57,0.894,-1,-1,-1
365,130,19.73,79.69,66.21,319.34,0.877,-1,-1,-1
365,131,550.37,31.45,87.30,366.77,0.511,-1,-1,-1
365,132,357.39,20.75,211.02,305.64,0.781,-1,-1,-1
365,133,90.14,181.62,37.72,140.27,0.740,-1,-1,-1
366,83,357.79,102.27,206.44,375.77,0.712,-1,-1,-1
366,122,189.37,161.83,59.14,159.67,0.879,-1,-1,-1
366,129,137.46,163.56,66.14,155.42,0.892,-1,-1,-1
366,130,17.75,76.45,68.27,320.83,0.828,-1,-1,-1
366,131,555.63,42.44,88.86,375.43,0.520,-1,-1,-1
366,132,357.30,19.24,211.29,307.04,0.612,-1,-1,-1
366,133,77.46,190.72,34.56,128.05,0.579,-1,-1,-1
367,83,363.31,107.40,203.46,370.59,0.705,-1,-1,-1
367,122,196.40,153.70,58.36,159.58,0.875,-1,-1,-1
367,129,138.82,157.26,65.97,153.24,0.916,-1,-1,-1
367,130,19.45,68.65,70.79,320.87,0.838,-1,-1,-1
367,132,363.17,14.57,208.58,304.31,0.712,-1,-1,-1
367,133,72.24,176.23,36.46,134.62,0.514,-1,-1,-1
367,134,574.16,40.41,84.14,256.21,0.778,-1,-1,-1
368,122,207.74,151.35,57.88,159.23,0.891,-1,-1,-1
368,129,144.85,155.87,65.79,151.81,0.916,-1,-1,-1
368,130,22.54,66.19,73.74,316.56,0.904,-1,-1,-1
368,132,372.55,12.85,207.37,303.57,0.703,-1,-1,-1
369,122,221.64,155.55,58.19,158.06,0.899,-1,-1,-1
369,129,157.25,158.85,65.73,151.34,0.891,-1,-1,-1
369,130,26.37,72.42,77.17,311.56,0.902,-1,-1,-1
369,132,383.17,13.55,207.65,305.04,0.724,-1,-1,-1
370,122,226.00,159.57,58.57,156.70,0.904,-1,-1,-1
370,129,168.70,159.97,65.00,151.10,0.894,-1,-1,-1
370,130,28.03,75.65,79.26,301.34,0.896,-1,-1,-1
370,132,390.45,11.79,208.86,307.95,0.790,-1,-1,-1
371,122,227.68,160.74,58.87,156.05,0.892,-1,-1,-1
371,129,177.74,157.45,64.54,152.82,0.879,-1,-1,-1
371,130,26.60,75.14,84.57,305.20,0.921,-1,-1,-1
371,132,396.91,8.08,210.86,311.30,0.732,-1,-1,-1
372,122,233.06,159.75,58.71,155.36,0.887,-1,-1,-1
372,129,187.80,158.35,63.26,151.91,0.878,-1,-1,-1
372,130,25.90,75.06,89.34,306.54,0.926,-1,-1,-1
372,132,409.49,3.97,209.09,307.68,0.669,-1,-1,-1
373,122,243.58,158.59,58.15,155.61,0.871,-1,-1,-1
373,129,199.37,159.73,62.51,151.15,0.877,-1,-1,-1
373,130,35.25,77.71,93.02,309.52,0.898,-1,-1,-1
373,132,420.36,1.44,210.49,309.51,0.645,-1,-1,-1
373,135,182.35,218.78,17.43,49.45,0.742,-1,-1,-1
374,122,256.41,158.86,57.33,155.87,0.871,-1,-1,-1
374,129,209.43,162.81,61.57,149.49,0.897,-1,-1,-1
374,130,42.72,81.55,95.73,309.14,0.897,-1,-1,-1
374,132,430.08,0.10,210.54,310.25,0.525,-1,-1,-1
374,135,186.43,220.33,17.65,49.63,0.853,-1,-1,-1
374,136,-8.22,113.40,61.59,262.48,0.875,-1,-1,-1
375,122,265.10,158.64,56.67,156.29,0.872,-1,-1,-1
375,129,215.26,164.46,60.82,148.05,0.887,-1,-1,-1
375,130,45.71,85.56,98.17,309.87,0.890,-1,-1,-1
375,132,436.66,0.20,212.05,313.71,-1.000,-1,-1,-1
375,135,190.11,219.62,17.72,49.75,0.754,-1,-1,-1
375,136,-7.72,102.95,64.38,276.09,0.897,-1,-1,-1
376,122,270.63,159.48,55.95,155.69,0.895,-1,-1,-1
376,129,220.62,164.23,60.35,147.43,0.875,-1,-1,-1
376,130,47.32,82.46,101.29,311.08,0.907,-1,-1,-1
376,132,443.23,0.31,213.57,317.18,0.521,-1,-1,-1
376,135,190.79,218.23,17.78,49.67,0.764,-1,-1,-1
376,136,-4.71,97.01,65.58,282.00,0.867,-1,-1,-1
377,122,275.77,160.13,55.35,155.19,0.866,-1,-1,-1
377,129,226.47,162.43,59.11,146.23,0.875,-1,-1,-1
377,130,50.51,79.36,103.90,309.79,0.910,-1,-1,-1
377,132,457.62,0.40,211.01,318.59,0.641,-1,-1,-1
377,135,190.07,216.89,17.97,49.81,0.728,-1,-1,-1
377,136,-2.35,93.65,67.16,289.19,0.876,-1,-1,-1
377,137,419.33,222.24,8.94,30.39,0.596,-1,-1,-1
378,122,278.83,160.48,55.11,155.37,0.898,-1,-1,-1
378,129,230.45,160.94,58.16,146.36,0.869,-1,-1,-1
378,130,55.86,74.86,105.56,307.84,0.914,-1,-1,-1
378,132,467.52,-0.07,209.98,321.94,0.510,-1,-1,-1
378,135,188.70,216.64,18.14,49.83,0.731,-1,-1,-1
378,136,-0.80,91.90,67.40,290.46,0.860,-1,-1,-1
378,137,418.41,222.29,9.00,30.50,0.708,-1,-1,-1
379,122,283.96,158.67,54.51,155.07,0.880,-1,-1,-1
379,129,232.93,158.92,57.62,147.83,0.885,-1,-1,-1
379,130,57.10,71.00,108.01,310.02,0.905,-1,-1,-1
379,132,473.84,11.00,213.42,334.28,0.563,-1,-1,-1
379,135,186.42,214.91,18.53,50.56,0.775,-1,-1,-1
379,136,-0.85,91.14,66.20,285.94,0.847,-1,-1,-1
379,137,417.03,221.65,8.91,30.05,0.680,-1,-1,-1
379,138,447.23,193.30,20.08,82.06,0.528,-1,-1,-1
379,139,461.19,192.68,26.97,89.46,0.556,-1,-1,-1
380,122,288.14,158.90,53.73,154.24,0.892,-1,-1,-1
380,129,237.15,159.62,57.68,149.50,0.894,-1,-1,-1
380,130,54.30,72.56,110.54,313.39,0.890,-1,-1,-1
380,132,473.92,45.94,224.44,360.24,0.543,-1,-1,-1
380,135,182.42,216.01,18.73,50.65,0.828,-1,-1,-1
380,136,-2.23,94.27,65.34,283.77,0.833,-1,-1,-1
380,137,414.21,223.26,9.07,30.39,0.738,-1,-1,-1
380,138,446.27,198.18,19.52,79.73,-1.000,-1,-1,-1
380,139,455.56,192.98,27.36,90.10,0.665,-1,-1,-1
381,122,291.23,160.81,53.59,155.35,0.886,-1,-1,-1
381,129,240.04,164.63,57.51,148.11,0.904,-1,-1,-1
381,130,48.78,75.38,112.87,316.99,0.923,-1,-1,-1
381,132,480.78,66.08,228.13,377.75,0.587,-1,-1,-1
381,135,178.10,217.91,19.22,51.75,0.789,-1,-1,-1
381,136,-3.89,102.23,63.53,278.47,0.847,-1,-1,-1
381,137,411.59,225.27,9.06,30.15,0.699,-1,-1,-1
381,138,445.32,203.05,18.97,77.39,0.553,-1,-1,-1
381,139,455.55,193.99,27.39,90.09,-1.000,-1,-1,-1
381,140,513.45,166.07,53.96,162.47,0.846,-1,-1,-1
382,122,294.11,160.98,53.44,156.02,0.882,-1,-1,-1
382,129,238.50,166.86,57.37,146.85,0.898,-1,-1,-1
382,130,41.51,77.65,115.58,322.49,0.897,-1,-1,-1
382,135,172.89,217.91,19.55,52.18,0.764,-1,-1,-1
382,136,-2.82,113.52,55.21,242.90,0.752,-1,-1,-1
382,137,408.12,225.59,9.16,30.16,0.751,-1,-1,-1
382,139,455.55,195.01,27.42,90.08,0.656,-1,-1,-1
382,140,516.89,164.60,57.66,170.94,0.919,-1,-1,-1
383,122,295.50,163.14,53.82,156.56,0.895,-1,-1,-1
383,129,234.85,169.10,57.56,146.89,0.909,-1,-1,-1
383,130,31.71,80.73,117.18,325.06,0.898,-1,-1,-1
383,135,166.08,218.96,20.04,53.03,0.835,-1,-1,-1
383,136,-3.09,127.74,48.16,213.54,0.775,-1,-1,-1
383,137,403.41,226.54,9.18,29.84,0.737,-1,-1,-1
383,139,454.91,197.92,27.19,88.92,0.716,-1,-1,-1
383,140,516.69,163.74,61.08,177.78,0.920,-1,-1,-1
384,122,292.43,163.06,54.05,156.43,0.829,-1,-1,-1
384,129,233.85,167.08,57.07,145.91,0.885,-1,-1,-1
384,130,17.37,78.29,119.17,328.77,0.899,-1,-1,-1
384,136,-3.20,156.59,38.86,173.44,0.529,-1,-1,-1
384,139,450.41,197.70,26.94,87.32,0.818,-1,-1,-1
384,140,517.56,156.46,65.14,187.26,0.924,-1,-1,-1
385,122,288.53,161.63,54.07,156.65,0.904,-1,-1,-1
385,129,235.18,164.00,56.72,146.66,0.893,-1,-1,-1
385,130,9.43,73.35,117.99,323.15,0.894,-1,-1,-1
385,136,-8.94,180.52,40.19,182.67,0.532,-1,-1,-1
385,140,518.29,150.34,67.94,193.40,0.933,-1,-1,-1
386,122,287.33,159.90,54.04,157.18,0.884,-1,-1,-1
386,129,235.94,161.61,56.71,148.12,0.895,-1,-1,-1
386,130,3.39,67.67,119.72,327.60,0.896,-1,-1,-1
386,140,516.22,145.95,71.15,203.03,0.846,-1,-1,-1
386,141,141.30,215.14,22.95,54.39,0.752,-1,-1,-1
387,122,286.99,157.04,53.67,157.59,0.887,-1,-1,-1
387,129,236.11,160.42,56.98,149.17,0.904,-1,-1,-1
387,130,-0.97,61.66,121.61,333.93,0.890,-1,-1,-1
387,140,518.59,140.18,75.02,215.42,0.892,-1,-1,-1
387,141,131.68,213.20,23.19,55.00,0.787,-1,-1,-1
388,122,285.40,156.62,53.87,159.05,0.882,-1,-1,-1
388,129,233.90,161.74,56.85,149.39,0.898,-1,-1,-1
388,130,-3.84,60.40,121.63,336.05,0.888,-1,-1,-1
388,140,518.36,137.64,78.22,226.36,0.890,-1,-1,-1
388,141,124.01,213.57,23.52,55.79,0.709,-1,-1,-1
388,142,383.98,220.29,12.15,30.42,0.557,-1,-1,-1
389,122,281.77,161.03,53.87,158.32,0.911,-1,-1,-1
389,129,230.71,167.24,56.27,148.68,0.897,-1,-1,-1
389,130,-6.46,74.96,120.36,335.46,0.846,-1,-1,-1
389,140,518.60,135.76,82.47,240.79,0.884,-1,-1,-1
389,141,113.71,216.98,24.06,57.13,0.793,-1,-1,-1
389,143,428.95,197.38,26.82,85.58,0.656,-1,-1,-1
390,122,276.52,162.66,53.61,156.78,0.882,-1,-1,-1
390,129,225.83,167.58,55.98,148.58,0.891,-1,-1,-1
390,130,-9.55,68.20,117.12,331.65,0.893,-1,-1,-1
390,140,516.60,129.42,85.39,251.11,0.889,-1,-1,-1
390,141,103.84,216.67,24.12,57.34,0.751,-1,-1,-1
390,143,420.99,195.97,26.90,85.86,0.600,-1,-1,-1
391,122,268.27,163.11,53.23,155.40,0.915,-1,-1,-1
391,129,218.73,165.68,55.55,148.58,0.889,-1,-1,-1
391,130,-13.38,78.67,111.48,322.68,0.861,-1,-1,-1
391,140,513.39,119.42,90.27,263.43,0.906,-1,-1,-1
391,141,92.14,215.37,24.52,58.33,0.605,-1,-1,-1
391,143,411.59,194.58,26.54,84.81,0.549,-1,-1,-1
391,144,396.32,194.78,23.99,76.98,0.573,-1,-1,-1
392,122,262.50,162.51,53.00,154.77,0.865,-1,-1,-1
392,129,213.84,162.78,54.79,148.04,0.874,-1,-1,-1
392,130,-17.12,90.73,105.97,315.61,0.863,-1,-1,-1
392,140,512.27,110.79,96.44,275.04,0.922,-1,-1,-1
392,141,79.91,213.76,24.76,59.14,0.756,-1,-1,-1
392,144,392.53,195.14,24.77,79.18,-1.000,-1,-1,-1
393,122,259.01,162.92,52.38,152.99,0.884,-1,-1,-1
393,129,208.34,163.46,54.36,148.69,0.900,-1,-1,-1
393,130,-22.23,98.18,102.42,315.97,0.838,-1,-1,-1
393,140,510.11,105.28,107.12,296.85,0.922,-1,-1,-1
393,141,67.93,215.36,25.06,59.88,0.805,-1,-1,-1
393,144,388.74,195.50,25.54,81.38,0.621,-1,-1,-1
394,122,258.84,163.04,52.17,152.63,0.866,-1,-1,-1
394,129,206.91,164.11,54.14,149.78,0.907,-1,-1,-1
394,130,-24.38,102.29,98.54,315.38,0.839,-1,-1,-1
394,140,507.94,103.05,114.53,309.47,0.934,-1,-1,-1
394,141,61.64,216.50,25.37,60.49,0.800,-1,-1,-1
394,144,387.71,195.05,26.51,83.71,0.636,-1,-1,-1
395,122,256.09,160.60,52.36,153.22,0.880,-1,-1,-1
395,129,206.41,162.38,54.47,150.78,0.898,-1,-1,-1
395,140,503.65,97.25,122.31,324.11,0.917,-1,-1,-1
395,141,53.87,214.76,25.40,60.78,0.772,-1,-1,-1
395,144,384.01,193.69,26.97,84.25,0.623,-1,-1,-1
396,122,253.79,161.71,52.22,154.03,0.901,-1,-1,-1
396,129,205.75,165.08,54.37,149.68,0.897,-1,-1,-1
396,140,502.54,90.20,125.97,328.98,0.866,-1,-1,-1
396,141,45.64,214.61,25.57,61.26,0.742,-1,-1,-1
396,144,378.99,195.38,27.40,83.88,0.775,-1,-1,-1
397,122,252.10,164.94,51.60,153.41,0.903,-1,-1,-1
397,129,202.22,167.89,54.25,148.72,0.905,-1,-1,-1
397,140,501.24,84.59,131.91,342.06,0.904,-1,-1,-1
397,141,36.70,214.82,25.95,61.96,0.788,-1,-1,-1
397,144,374.81,196.59,27.89,84.72,0.662,-1,-1,-1
397,145,-9.54,112.17,39.53,223.24,0.524,-1,-1,-1
398,122,250.99,168.30,50.72,152.48,0.899,-1,-1,-1
398,129,199.84,170.42,54.23,148.81,0.903,-1,-1,-1
398,140,502.57,69.47,138.88,362.49,0.828,-1,-1,-1
398,141,30.60,215.96,26.34,62.86,0.764,-1,-1,-1
398,144,372.44,198.66,27.83,83.23,0.751,-1,-1,-1
399,122,251.76,168.07,50.76,152.55,0.908,-1,-1,-1
399,129,199.57,169.80,53.82,148.24,0.894,-1,-1,-1
399,140,505.43,73.67,144.08,379.95,0.643,-1,-1,-1
399,141,25.14,215.85,26.81,64.05,0.722,-1,-1,-1
399,144,370.30,196.49,28.60,84.46,0.796,-1,-1,-1
399,146,322.87,220.23,13.18,35.88,0.610,-1,-1,-1
400,122,250.23,166.19,50.34,151.71,0.909,-1,-1,-1
400,129,200.66,167.03,52.94,147.32,0.887,-1,-1,-1
400,140,513.78,60.24,142.22,378.72,-1.000,-1,-1,-1
400,141,17.79,213.95,27.40,65.26,0.813,-1,-1,-1
400,144,367.06,195.91,28.72,84.00,0.689,-1,-1,-1
400,146,319.70,218.34,13.32,36.26,0.531,-1,-1,-1
400,147,299.19,223.09,12.54,29.46,0.564,-1,-1,-1
401,122,247.89,165.03,49.96,151.31,0.884,-1,-1,-1
401,129,199.71,165.50,53.02,147.36,0.894,-1,-1,-1
401,140,522.12,46.81,140.37,377.49,0.619,-1,-1,-1
401,141,8.76,213.12,27.61,65.51,0.779,-1,-1,-1
401,144,362.21,196.44,28.86,83.55,0.802,-1,-1,-1
402,122,245.38,162.17,49.69,151.35,0.868,-1,-1,-1
402,129,196.57,162.71,53.32,148.36,0.897,-1,-1,-1
402,140,535.33,62.78,134.16,370.03,0.655,-1,-1,-1
402,141,0.38,210.60,27.82,66.07,0.572,-1,-1,-1
402,144,356.52,196.94,27.62,80.48,-1.000,-1,-1,-1
403,122,243.22,164.27,49.75,150.40,0.900,-1,-1,-1
403,129,195.29,164.81,53.20,148.36,0.880,-1,-1,-1
403,141,-4.29,211.04,28.11,67.27,0.764,-1,-1,-1
403,144,350.83,197.44,26.39,77.42,0.643,-1,-1,-1
404,122,242.16,165.80,49.96,149.49,0.905,-1,-1,-1
404,129,195.32,167.47,52.29,145.94,0.876,-1,-1,-1
404,141,-8.24,210.63,27.94,67.92,0.673,-1,-1,-1
404,144,347.22,196.71,25.34,75.07,0.501,-1,-1,-1
405,122,241.79,165.79,49.98,148.22,0.917,-1,-1,-1
405,129,194.95,166.86,52.22,145.63,0.894,-1,-1,-1
405,141,-12.08,210.22,27.41,68.02,0.536,-1,-1,-1
405,144,348.39,193.97,26.56,77.82,0.560,-1,-1,-1
406,122,242.08,164.93,49.92,147.54,0.898,-1,-1,-1
406,129,194.05,166.07,51.90,144.56,0.885,-1,-1,-1
406,144,348.51,192.75,27.47,79.31,0.688,-1,-1,-1
407,122,244.03,161.98,49.38,145.82,0.887,-1,-1,-1
407,129,193.31,162.74,51.55,143.21,0.876,-1,-1,-1
407,144,346.82,191.46,28.03,80.04,0.773,-1,-1,-1
408,122,246.14,159.76,49.08,145.59,0.882,-1,-1,-1
408,129,193.49,159.52,51.40,144.04,0.887,-1,-1,-1
408,144,345.84,191.24,28.03,79.32,0.654,-1,-1,-1
409,122,247.27,158.22,48.68,145.36,0.894,-1,-1,-1
409,129,192.94,158.18,50.71,143.41,0.894,-1,-1,-1
409,144,344.91,189.74,28.30,79.50,0.655,-1,-1,-1
410,122,246.31,156.99,48.91,146.76,0.887,-1,-1,-1
410,129,190.41,158.42,50.48,142.81,0.894,-1,-1,-1
410,144,343.06,187.85,28.38,79.61,0.519,-1,-1,-1
411,122,242.77,156.95,48.62,146.34,0.893,-1,-1,-1
411,129,187.21,159.24,50.19,141.61,0.896,-1,-1,-1
411,144,340.15,186.72,28.22,78.88,0.620,-1,-1,-1
412,122,237.95,158.83,48.25,145.04,0.889,-1,-1,-1
412,129,182.89,161.06,49.66,140.89,0.861,-1,-1,-1
412,144,334.07,186.20,28.47,78.91,0.630,-1,-1,-1
413,122,236.09,159.05,47.77,144.01,0.861,-1,-1,-1
413,129,181.07,160.69,49.64,141.42,0.882,-1,-1,-1
413,144,330.40,185.39,28.54,78.50,0.633,-1,-1,-1
414,122,233.17,159.47,47.40,143.15,0.853,-1,-1,-1
414,129,180.49,160.92,49.91,140.52,0.844,-1,-1,-1
414,144,324.61,185.65,28.66,78.19,0.538,-1,-1,-1
415,122,228.59,159.77,46.66,141.12,0.859,-1,-1,-1
415,129,175.32,160.21,49.44,139.25,0.862,-1,-1,-1
415,144,319.68,187.71,28.13,77.55,-1.000,-1,-1,-1
416,122,222.66,161.79,46.54,140.62,0.856,-1,-1,-1
416,129,171.13,161.32,49.69,139.17,0.883,-1,-1,-1
416,144,314.75,189.78,27.59,76.90,0.717,-1,-1,-1
416,148,543.46,117.62,97.54,304.84,0.878,-1,-1,-1
417,122,218.28,165.06,46.69,140.00,0.894,-1,-1,-1
417,129,167.36,163.39,50.33,140.22,0.897,-1,-1,-1
417,148,541.19,114.57,100.14,313.26,0.813,-1,-1,-1
418,122,213.36,166.02,46.77,138.16,0.885,-1,-1,-1
418,129,164.46,164.37,50.05,138.76,0.864,-1,-1,-1
418,148,538.69,109.48,102.53,321.00,0.602,-1,-1,-1
419,122,210.45,167.33,46.66,136.64,0.884,-1,-1,-1
419,129,162.92,166.30,49.52,136.76,0.873,-1,-1,-1
419,148,532.06,62.23,107.33,336.00,0.712,-1,-1,-1
420,122,206.50,166.39,46.61,135.54,0.864,-1,-1,-1
420,129,160.13,166.70,49.18,135.54,0.881,-1,-1,-1
420,148,523.96,34.77,102.33,316.24,0.656,-1,-1,-1
421,122,201.07,164.48,46.23,134.38,0.878,-1,-1,-1
421,129,154.70,166.62,48.99,135.08,0.894,-1,-1,-1
421,148,514.97,23.28,97.97,296.72,0.616,-1,-1,-1
422,122,197.43,162.51,45.93,134.26,0.861,-1,-1,-1
422,129,150.94,164.73,48.40,133.01,0.890,-1,-1,-1
422,148,507.36,19.60,97.04,287.51,0.596,-1,-1,-1
422,149,285.49,190.26,21.79,74.06,0.616,-1,-1,-1
423,122,194.01,160.79,45.53,133.75,0.885,-1,-1,-1
423,129,146.64,162.04,48.18,132.95,0.876,-1,-1,-1
423,148,497.92,23.13,97.75,282.35,0.636,-1,-1,-1
423,149,283.06,188.05,22.22,75.33,0.676,-1,-1,-1
423,150,498.83,84.93,123.94,350.54,0.719,-1,-1,-1
424,122,190.53,160.64,45.12,133.65,0.901,-1,-1,-1
424,129,141.30,160.89,48.10,133.46,0.882,-1,-1,-1
424,148,483.98,29.43,102.34,288.70,0.681,-1,-1,-1
424,149,278.76,186.34,22.44,75.90,0.599,-1,-1,-1
424,150,484.86,94.99,123.03,346.11,0.772,-1,-1,-1
425,122,185.80,160.22,44.43,132.32,0.864,-1,-1,-1
425,129,135.71,159.74,47.81,133.20,0.875,-1,-1,-1
425,148,467.39,33.51,107.28,296.73,0.637,-1,-1,-1
425,149,271.29,184.00,22.48,75.87,0.627,-1,-1,-1
425,150,465.63,94.68,122.88,342.41,0.765,-1,-1,-1
426,122,181.54,159.49,43.80,131.05,0.859,-1,-1,-1
426,129,130.64,159.71,47.34,131.50,0.887,-1,-1,-1
426,148,452.44,36.40,110.63,299.65,0.684,-1,-1,-1
426,149,263.62,181.75,22.65,76.13,0.531,-1,-1,-1
426,150,457.58,94.71,122.26,337.64,0.747,-1,-1,-1
427,122,177.39,157.37,43.63,130.52,0.886,-1,-1,-1
427,129,126.37,159.23,47.08,130.11,0.835,-1,-1,-1
427,148,435.79,38.62,115.14,308.02,0.650,-1,-1,-1
427,149,256.22,179.55,22.59,75.77,0.697,-1,-1,-1
427,150,434.54,93.33,122.63,335.09,0.811,-1,-1,-1
428,122,174.03,154.46,43.57,130.61,0.867,-1,-1,-1
428,129,121.51,158.95,47.01,128.54,0.860,-1,-1,-1
428,149,250.29,178.11,22.44,75.30,0.584,-1,-1,-1
428,150,414.75,78.16,123.37,335.91,0.834,-1,-1,-1
429,122,170.25,152.80,43.17,129.20,0.882,-1,-1,-1
429,129,117.89,156.71,46.75,127.90,0.871,-1,-1,-1
429,149,244.69,178.49,22.11,74.35,-1.000,-1,-1,-1
429,150,396.72,61.91,123.98,338.90,0.874,-1,-1,-1
430,122,165.00,153.13,42.96,128.01,0.888,-1,-1,-1
430,129,113.91,154.76,46.71,127.32,0.865,-1,-1,-1
430,149,239.09,178.88,21.77,73.41,0.554,-1,-1,-1
430,150,375.95,57.82,122.43,334.17,0.773,-1,-1,-1
431,122,161.47,153.03,43.06,127.18,0.891,-1,-1,-1
431,129,110.76,152.30,46.96,127.22,0.871,-1,-1,-1
431,149,233.70,177.86,21.72,73.29,0.602,-1,-1,-1
431,150,358.36,58.43,121.67,328.84,0.868,-1,-1,-1
431,151,435.17,153.85,169.44,325.25,0.701,-1,-1,-1
432,122,158.53,153.86,42.63,124.95,0.889,-1,-1,-1
432,129,109.48,151.50,46.97,126.63,0.857,-1,-1,-1
432,149,226.72,176.36,22.24,73.64,0.741,-1,-1,-1
432,150,342.72,58.25,117.37,316.15,0.860,-1,-1,-1
432,151,434.70,151.66,171.36,327.54,0.625,-1,-1,-1
433,122,155.95,154.76,42.34,123.42,0.865,-1,-1,-1
433,129,106.80,153.06,46.84,125.21,0.875,-1,-1,-1
433,149,222.58,176.21,22.60,73.64,0.722,-1,-1,-1
433,150,329.60,57.04,115.76,313.06,0.797,-1,-1,-1
433,151,437.59,149.40,173.26,329.48,0.690,-1,-1,-1
434,122,152.30,153.75,42.58,123.05,0.883,-1,-1,-1
434,129,102.00,153.95,46.96,124.71,0.879,-1,-1,-1
434,149,217.05,173.70,23.49,75.88,0.505,-1,-1,-1
434,150,315.55,58.50,113.54,312.01,0.817,-1,-1,-1
434,151,407.34,132.03,182.78,347.44,0.661,-1,-1,-1
434,152,386.87,37.61,198.35,361.73,0.681,-1,-1,-1
435,122,149.95,152.25,42.11,121.39,0.878,-1,-1,-1
435,129,97.90,153.91,46.92,123.94,0.877,-1,-1,-1
435,149,215.67,175.04,22.99,74.12,0.669,-1,-1,-1
435,150,301.34,84.11,102.57,286.30,0.815,-1,-1,-1
435,151,365.93,106.96,195.28,372.45,0.665,-1,-1,-1
436,122,148.31,149.58,42.11,121.49,0.880,-1,-1,-1
436,129,93.48,152.17,46.93,123.87,0.853,-1,-1,-1
436,149,212.67,175.29,22.77,72.41,0.746,-1,-1,-1
436,151,315.76,96.59,200.25,382.02,0.768,-1,-1,-1
436,153,588.20,112.40,49.05,280.97,0.639,-1,-1,-1
437,122,146.89,149.26,41.89,120.95,0.880,-1,-1,-1
437,129,89.81,150.72,46.33,121.79,0.895,-1,-1,-1
437,149,210.02,175.24,22.63,71.79,0.533,-1,-1,-1
437,151,283.21,122.05,189.26,356.69,0.755,-1,-1,-1
437,153,591.64,107.63,50.03,287.40,0.569,-1,-1,-1
437,154,4.48,64.17,71.53,277.14,0.678,-1,-1,-1
438,122,144.33,149.70,41.58,120.35,0.892,-1,-1,-1
438,129,85.29,148.85,46.22,121.34,0.862,-1,-1,-1
438,149,205.78,175.60,22.45,70.57,0.521,-1,-1,-1
438,151,248.88,134.98,186.08,343.16,0.766,-1,-1,-1
438,153,575.06,84.13,55.59,315.61,0.770,-1,-1,-1
438,154,4.18,74.39,69.19,267.57,0.768,-1,-1,-1
439,122,141.65,149.55,41.16,119.77,0.865,-1,-1,-1
439,129,81.29,147.59,46.39,122.05,0.866,-1,-1,-1
439,151,225.14,140.45,186.67,337.43,0.729,-1,-1,-1
439,153,562.20,94.03,56.37,308.47,0.867,-1,-1,-1
439,154,-0.59,77.21,72.79,282.02,0.685,-1,-1,-1
440,129,79.51,146.97,43.12,112.43,0.766,-1,-1,-1
440,153,552.58,85.80,60.56,320.37,0.827,-1,-1,-1
440,155,380.06,136.52,47.34,177.12,0.711,-1,-1,-1
441,153,550.12,99.24,60.92,310.47,0.812,-1,-1,-1
441,155,369.88,137.44,47.92,178.58,0.710,-1,-1,-1
442,153,549.78,102.19,60.78,300.36,0.817,-1,-1,-1
442,155,365.81,137.28,47.73,177.99,0.788,-1,-1,-1
443,153,541.33,86.74,63.39,306.35,0.780,-1,-1,-1
443,155,362.47,135.61,47.30,177.00,0.693,-1,-1,-1
443,156,262.06,65.27,115.77,324.48,0.877,-1,-1,-1
444,153,529.03,81.56,65.71,309.65,0.695,-1,-1,-1
444,155,357.05,136.80,47.20,177.00,0.735,-1,-1,-1
444,156,254.42,63.49,114.35,319.94,0.886,-1,-1,-1
445,153,514.96,80.32,68.98,309.76,0.727,-1,-1,-1
445,155,354.09,138.02,47.29,177.48,0.831,-1,-1,-1
445,156,251.18,61.44,113.27,316.63,0.912,-1,-1,-1
445,157,596.55,86.62,37.45,257.15,0.829,-1,-1,-1
446,153,507.29,82.98,74.86,313.28,0.819,-1,-1,-1
446,155,349.52,139.91,47.52,176.59,0.860,-1,-1,-1
446,156,247.07,58.72,112.97,316.29,0.886,-1,-1,-1
446,157,591.53,82.94,40.81,278.10,0.811,-1,-1,-1
446,158,147.74,158.01,35.45,114.06,0.879,-1,-1,-1
447,153,504.85,86.71,80.53,315.72,0.845,-1,-1,-1
447,155,347.03,142.01,48.45,177.72,0.886,-1,-1,-1
447,156,241.74,74.78,109.56,306.46,0.846,-1,-1,-1
447,157,586.43,82.49,43.02,288.81,0.848,-1,-1,-1
447,158,148.15,159.84,35.49,113.85,0.851,-1,-1,-1
447,159,100.01,154.44,36.85,118.55,0.835,-1,-1,-1
448,153,499.13,86.62,81.83,306.21,0.861,-1,-1,-1
448,155,346.24,141.89,49.24,178.37,0.858,-1,-1,-1
448,156,235.19,66.14,112.89,316.99,0.890,-1,-1,-1
448,157,578.66,82.54,44.98,296.24,0.664,-1,-1,-1
448,158,149.01,158.83,35.45,113.11,0.857,-1,-1,-1
448,159,102.82,154.84,36.52,116.74,0.852,-1,-1,-1
448,160,2.56,0.84,103.93,295.55,0.794,-1,-1,-1
449,153,490.11,85.17,83.36,304.06,0.902,-1,-1,-1
449,155,345.80,142.79,49.69,178.42,0.858,-1,-1,-1
449,156,234.19,66.04,112.23,316.71,0.900,-1,-1,-1
449,157,572.23,86.63,46.79,295.70,0.869,-1,-1,-1
449,158,150.65,159.05,35.56,112.88,0.856,-1,-1,-1
449,159,106.76,157.64,36.20,114.98,0.840,-1,-1,-1
449,160,7.79,0.46,100.32,284.18,0.828,-1,-1,-1
450,153,489.19,82.85,86.32,309.14,0.775,-1,-1,-1
450,155,349.97,141.01,49.42,176.32,0.836,-1,-1,-1
450,156,231.99,66.38,112.25,317.49,0.905,-1,-1,-1
450,157,575.18,87.03,46.17,288.59,0.564,-1,-1,-1
450,158,157.40,158.70,35.58,112.58,0.864,-1,-1,-1
450,159,115.47,159.56,36.08,113.93,0.855,-1,-1,-1
450,160,7.47,1.04,107.62,304.23,0.759,-1,-1,-1
450,161,211.68,182.54,24.26,69.20,0.658,-1,-1,-1
450,162,8.18,67.61,104.48,372.02,0.652,-1,-1,-1
451,153,492.71,83.09,88.06,308.26,0.799,-1,-1,-1
451,155,354.15,140.29,49.65,176.53,0.815,-1,-1,-1
451,156,229.79,66.49,112.46,317.60,0.906,-1,-1,-1
451,157,573.48,87.64,47.01,287.10,0.652,-1,-1,-1
451,158,164.26,159.80,35.68,112.13,0.867,-1,-1,-1
451,159,122.77,161.18,35.87,112.35,0.873,-1,-1,-1
451,160,10.84,6.49,107.26,301.45,0.761,-1,-1,-1
451,162,10.73,84.48,107.26,380.59,0.753,-1,-1,-1
452,153,491.93,109.67,85.14,290.37,0.789,-1,-1,-1
452,155,359.54,139.95,50.18,177.43,0.756,-1,-1,-1
452,156,228.77,63.27,113.52,318.74,0.927,-1,-1,-1
452,157,576.89,86.80,48.22,288.12,0.811,-1,-1,-1
452,158,172.76,161.02,35.69,111.52,0.893,-1,-1,-1
452,159,131.35,161.04,35.69,110.83,0.866,-1,-1,-1
452,160,13.18,8.60,111.54,311.27,0.759,-1,-1,-1
452,162,16.71,78.27,104.75,369.16,0.667,-1,-1,-1
453,153,496.98,118.45,86.59,287.25,0.781,-1,-1,-1
453,155,365.53,139.08,51.68,179.37,0.802,-1,-1,-1
453,156,232.55,59.79,114.65,320.06,0.917,-1,-1,-1
453,157,580.06,83.09,49.82,295.47,0.736,-1,-1,-1
453,158,180.34,160.79,35.47,110.74,0.873,-1,-1,-1
453,159,139.57,158.44,36.09,111.41,0.851,-1,-1,-1
453,160,20.64,4.39,108.69,297.26,0.854,-1,-1,-1
453,162,20.98,66.65,106.68,372.97,0.645,-1,-1,-1
454,153,503.68,101.59,94.54,306.55,0.866,-1,-1,-1
454,155,373.10,141.97,53.12,180.91,0.828,-1,-1,-1
454,156,239.59,59.41,117.22,325.87,0.884,-1,-1,-1
454,157,583.97,82.36,51.43,304.89,0.827,-1,-1,-1
454,158,189.10,163.60,35.39,110.18,0.861,-1,-1,-1
454,159,148.93,159.79,36.32,111.65,0.843,-1,-1,-1
454,160,24.62,4.89,111.21,299.27,0.747,-1,-1,-1
454,162,24.30,60.76,109.59,379.10,0.666,-1,-1,-1
455,153,503.28,89.07,96.87,310.36,0.863,-1,-1,-1
455,155,380.03,140.91,54.31,182.28,0.868,-1,-1,-1
455,156,248.57,58.28,119.22,331.38,0.889,-1,-1,-1
455,157,581.80,87.92,51.90,303.13,0.737,-1,-1,-1
455,158,197.33,162.18,35.58,110.60,0.860,-1,-1,-1
455,159,158.54,159.94,36.10,110.53,0.829,-1,-1,-1
455,160,26.24,2.55,115.18,305.02,0.726,-1,-1,-1
455,162,30.11,66.11,110.85,377.03,0.706,-1,-1,-1
456,153,503.01,83.67,98.91,314.50,0.882,-1,-1,-1
456,155,383.55,140.64,55.74,184.33,0.880,-1,-1,-1
456,156,254.97,59.88,119.89,332.86,0.904,-1,-1,-1
456,157,583.17,86.80,52.92,308.68,0.646,-1,-1,-1
456,158,205.13,162.07,35.49,110.00,0.840,-1,-1,-1
456,159,166.79,161.64,35.69,109.48,0.839,-1,-1,-1
456,160,30.77,2.88,117.99,304.69,0.785,-1,-1,-1
456,162,33.01,61.35,112.30,376.99,0.542,-1,-1,-1
457,153,497.06,85.52,102.85,319.47,0.867,-1,-1,-1
457,155,385.84,140.73,56.60,184.05,0.838,-1,-1,-1
457,156,262.65,64.31,119.13,329.88,0.892,-1,-1,-1
457,157,590.86,87.45,50.82,300.66,0.749,-1,-1,-1
457,158,213.65,163.36,35.60,109.83,0.873,-1,-1,-1
457,159,176.14,165.07,34.62,106.12,0.848,-1,-1,-1
457,160,33.05,2.46,123.54,311.76,0.758,-1,-1,-1
457,162,38.56,62.47,114.30,374.92,0.664,-1,-1,-1
458,153,498.31,111.56,101.40,300.54,0.880,-1,-1,-1
458,155,391.44,138.52,56.94,184.67,0.823,-1,-1,-1
458,156,268.73,64.51,119.61,329.91,0.881,-1,-1,-1
458,157,595.65,84.14,50.16,302.73,0.749,-1,-1,-1
458,158,220.93,162.44,35.75,109.93,0.861,-1,-1,-1
458,159,185.19,164.64,34.12,105.02,0.814,-1,-1,-1
458,160,42.05,2.43,128.73,317.63,0.782,-1,-1,-1
458,162,48.28,63.05,115.92,373.31,0.559,-1,-1,-1
459,153,505.51,121.12,104.79,299.36,0.872,-1,-1,-1
459,155,397.56,141.72,57.65,186.40,0.869,-1,-1,-1
459,156,273.91,69.59,121.53,333.71,0.908,-1,-1,-1
459,157,595.67,85.66,49.17,299.31,0.773,-1,-1,-1
459,158,229.08,166.47,35.86,109.63,0.869,-1,-1,-1
459,160,56.34,2.52,132.03,318.05,0.802,-1,-1,-1
459,162,59.10,71.60,119.09,378.83,-1.000,-1,-1,-1
460,153,506.83,107.50,111.50,314.52,0.778,-1,-1,-1
460,155,400.28,142.64,58.39,187.36,0.882,-1,-1,-1
460,156,277.46,67.54,121.63,331.51,0.899,-1,-1,-1
460,157,598.05,84.04,48.25,299.23,0.781,-1,-1,-1
460,158,233.56,169.12,35.41,107.82,0.838,-1,-1,-1
460,160,64.01,1.54,136.09,321.33,0.816,-1,-1,-1
460,162,69.91,80.15,122.25,384.35,0.721,-1,-1,-1
461,153,506.23,94.52,112.16,317.34,0.856,-1,-1,-1
461,155,403.55,142.68,59.30,189.39,0.876,-1,-1,-1
461,156,281.12,63.11,121.82,330.32,0.904,-1,-1,-1
461,157,598.03,81.18,47.83,300.70,0.783,-1,-1,-1
461,158,239.08,168.44,35.36,107.52,0.849,-1,-1,-1
461,160,70.87,1.44,141.05,325.94,0.845,-1,-1,-1
461,162,86.91,88.09,123.75,384.64,0.637,-1,-1,-1
462,153,505.73,88.10,113.53,322.47,0.752,-1,-1,-1
462,155,403.85,143.32,60.31,190.69,0.883,-1,-1,-1
462,156,282.55,60.54,122.64,331.82,0.881,-1,-1,-1
462,157,594.69,81.69,47.87,299.67,0.647,-1,-1,-1
462,158,242.34,167.94,35.46,107.57,0.832,-1,-1,-1
462,160,74.85,1.20,144.55,327.62,0.822,-1,-1,-1
462,162,98.70,92.22,124.16,383.90,0.539,-1,-1,-1
463,153,507.09,88.40,114.56,323.68,0.718,-1,-1,-1
463,155,405.47,145.81,60.60,192.06,0.855,-1,-1,-1
463,156,283.29,77.97,120.34,325.15,0.864,-1,-1,-1
463,157,590.22,81.92,48.79,302.10,0.823,-1,-1,-1
463,158,245.23,170.18,35.17,107.01,0.811,-1,-1,-1
463,160,76.72,1.37,146.86,324.79,0.874,-1,-1,-1
464,153,502.77,88.85,116.26,324.20,0.658,-1,-1,-1
464,155,404.42,145.38,60.46,192.04,0.860,-1,-1,-1
464,156,282.19,84.58,119.80,325.00,0.830,-1,-1,-1
464,157,588.41,83.34,49.46,303.75,0.789,-1,-1,-1
464,158,245.02,170.07,35.03,106.78,0.831,-1,-1,-1
464,160,75.25,0.68,149.64,323.69,0.858,-1,-1,-1
465,153,497.21,89.32,117.37,322.14,0.690,-1,-1,-1
465,155,403.35,143.93,59.72,189.85,0.778,-1,-1,-1
465,156,279.76,70.77,119.22,327.15,0.891,-1,-1,-1
465,157,588.64,84.87,49.98,306.78,0.698,-1,-1,-1
465,158,243.78,169.40,34.83,106.06,0.841,-1,-1,-1
465,160,73.38,0.49,151.34,320.08,0.866,-1,-1,-1
465,163,497.49,128.64,85.13,299.64,0.733,-1,-1,-1
466,153,490.49,89.19,118.05,321.45,0.761,-1,-1,-1
466,155,402.84,142.85,59.69,189.62,0.788,-1,-1,-1
466,156,276.11,64.44,118.51,328.53,0.899,-1,-1,-1
466,157,591.06,84.62,50.05,310.20,0.807,-1,-1,-1
466,158,243.55,169.38,34.75,106.13,0.844,-1,-1,-1
466,160,71.67,0.56,154.50,319.98,0.866,-1,-1,-1
467,153,482.17,88.98,116.64,319.30,0.898,-1,-1,-1
467,155,404.74,142.69,59.58,189.77,0.817,-1,-1,-1
467,156,271.65,62.93,118.71,330.42,0.886,-1,-1,-1
467,157,588.74,83.20,50.86,313.72,0.847,-1,-1,-1
467,158,244.64,170.17,34.72,105.69,0.797,-1,-1,-1
467,160,70.10,0.22,157.63,321.14,0.801,-1,-1,-1
467,164,99.14,96.74,140.83,381.09,0.650,-1,-1,-1
468,153,471.45,87.73,115.15,317.20,0.852,-1,-1,-1
468,155,404.60,141.27,60.18,191.27,0.770,-1,-1,-1
468,156,266.98,59.31,120.60,337.11,0.874,-1,-1,-1
468,157,582.32,82.34,52.73,316.53,0.852,-1,-1,-1
468,158,243.63,168.50,34.40,105.26,0.783,-1,-1,-1
468,160,66.99,0.05,159.14,317.86,0.838,-1,-1,-1
468,164,82.38,90.59,144.15,388.49,0.559,-1,-1,-1
469,153,454.09,88.08,116.59,318.15,0.902,-1,-1,-1
469,155,403.76,140.38,60.52,191.72,0.819,-1,-1,-1
469,156,260.71,52.62,120.27,333.60,0.858,-1,-1,-1
469,157,574.66,83.25,55.57,320.47,0.851,-1,-1,-1
469,158,243.69,171.12,32.36,99.44,0.693,-1,-1,-1
469,160,62.52,0.23,161.81,318.00,0.819,-1,-1,-1
469,164,75.05,88.21,146.09,391.83,0.564,-1,-1,-1
470,153,441.22,88.67,119.22,321.81,0.880,-1,-1,-1
470,155,403.98,139.84,59.77,187.97,0.753,-1,-1,-1
470,156,259.65,48.47,121.86,335.36,0.898,-1,-1,-1
470,157,568.87,82.89,56.94,309.90,0.874,-1,-1,-1
470,158,245.48,168.94,32.67,100.88,0.705,-1,-1,-1
470,160,62.12,0.06,164.68,317.90,0.831,-1,-1,-1
470,164,73.31,61.67,144.53,384.42,0.528,-1,-1,-1
471,153,441.00,102.72,117.11,312.06,0.869,-1,-1,-1
471,155,405.46,138.25,60.78,191.45,0.703,-1,-1,-1
471,156,263.00,46.30,123.17,336.55,0.894,-1,-1,-1
471,157,563.27,81.18,60.32,309.89,0.901,-1,-1,-1
471,160,64.19,-0.01,168.31,319.37,0.818,-1,-1,-1
471,164,80.74,74.00,146.46,387.50,0.582,-1,-1,-1
472,153,441.09,95.68,118.69,314.98,0.841,-1,-1,-1
472,155,405.62,135.40,60.95,191.71,0.598,-1,-1,-1
472,156,266.43,44.19,123.64,335.95,0.864,-1,-1,-1
472,157,564.14,77.05,62.95,315.13,0.875,-1,-1,-1
472,160,68.28,-0.04,172.14,320.96,0.858,-1,-1,-1
473,153,439.42,89.51,117.71,313.86,0.844,-1,-1,-1
473,155,402.26,132.03,61.33,192.13,0.626,-1,-1,-1
473,156,267.28,41.51,124.05,336.66,0.867,-1,-1,-1
473,157,569.20,73.74,63.18,314.03,0.861,-1,-1,-1
473,160,73.60,0.32,174.46,320.28,0.839,-1,-1,-1
474,153,440.66,80.92,116.62,314.01,0.882,-1,-1,-1
474,155,400.91,130.14,61.60,193.43,0.683,-1,-1,-1
474,156,269.85,40.15,124.19,337.77,0.875,-1,-1,-1
474,157,561.58,72.03,66.46,317.83,0.878,-1,-1,-1
474,160,81.94,0.13,174.72,316.17,0.813,-1,-1,-1
475,153,440.71,77.27,117.89,318.14,0.728,-1,-1,-1
475,155,402.00,129.35,61.92,194.69,0.529,-1,-1,-1
475,156,274.61,41.05,123.24,335.84,0.881,-1,-1,-1
475,157,552.54,70.59,68.69,307.82,0.885,-1,-1,-1
475,160,89.51,0.04,174.42,310.68,0.757,-1,-1,-1
476,153,444.87,77.09,118.54,319.29,0.809,-1,-1,-1
476,155,405.12,131.01,61.89,195.72,-1.000,-1,-1,-1
476,156,278.94,43.54,122.43,333.73,0.876,-1,-1,-1
476,157,548.28,70.01,71.95,306.56,0.888,-1,-1,-1
476,160,91.55,1.24,182.51,320.44,0.832,-1,-1,-1
477,153,450.00,84.34,119.25,320.15,0.820,-1,-1,-1
477,155,408.24,132.67,61.86,196.75,0.731,-1,-1,-1
477,156,281.23,45.06,122.08,332.41,0.892,-1,-1,-1
477,157,548.15,69.84,74.66,308.69,0.855,-1,-1,-1
477,160,91.05,1.50,186.75,323.84,0.811,-1,-1,-1
478,153,449.64,82.65,120.85,323.13,0.818,-1,-1,-1
478,155,409.50,132.66,61.31,196.62,0.559,-1,-1,-1
478,156,282.04,40.22,120.72,328.22,0.840,-1,-1,-1
478,157,548.66,74.48,76.44,307.20,0.870,-1,-1,-1
478,160,88.40,1.53,190.26,326.03,0.810,-1,-1,-1
479,153,444.80,87.09,120.52,320.19,0.852,-1,-1,-1
479,156,279.84,40.28,121.91,331.24,0.857,-1,-1,-1
479,157,549.20,74.19,79.65,316.23,0.809,-1,-1,-1
479,160,87.89,1.27,190.82,322.42,0.818,-1,-1,-1
480,153,441.60,89.14,118.68,315.82,0.861,-1,-1,-1
480,156,277.45,42.45,122.03,331.44,0.856,-1,-1,-1
480,157,550.39,76.10,81.94,322.68,0.864,-1,-1,-1
480,160,85.12,1.58,193.74,324.41,0.841,-1,-1,-1
481,153,434.19,85.06,116.97,313.70,0.881,-1,-1,-1
481,156,272.67,41.70,122.23,333.15,0.879,-1,-1,-1
481,157,545.14,75.24,84.09,323.14,0.841,-1,-1,-1
481,160,80.70,1.06,194.73,323.44,0.807,-1,-1,-1
482,153,420.11,86.88,117.63,316.25,0.880,-1,-1,-1
482,156,265.99,40.76,121.66,333.40,0.869,-1,-1,-1
482,157,534.62,76.02,87.83,328.01,0.850,-1,-1,-1
482,160,75.98,0.48,197.21,323.17,0.806,-1,-1,-1
483,153,406.31,89.39,118.75,318.71,0.889,-1,-1,-1
483,156,258.73,48.80,120.85,334.58,0.845,-1,-1,-1
483,157,527.30,81.96,89.86,326.85,0.821,-1,-1,-1
483,160,66.33,0.30,198.75,322.34,0.830,-1,-1,-1
484,153,397.58,98.75,118.12,317.18,0.800,-1,-1,-1
484,156,250.59,51.88,120.32,336.69,0.826,-1,-1,-1
484,157,521.48,86.41,92.59,331.07,0.842,-1,-1,-1
484,160,58.65,0.50,200.93,321.97,0.794,-1,-1,-1
485,153,393.61,96.15,117.54,316.77,0.865,-1,-1,-1
485,156,243.40,53.66,118.97,336.24,0.891,-1,-1,-1
485,157,517.40,86.79,92.51,327.85,0.727,-1,-1,-1
485,160,50.53,0.77,202.48,320.40,0.826,-1,-1,-1
486,153,389.82,92.44,116.02,315.97,0.871,-1,-1,-1
486,156,239.39,49.43,117.25,333.13,0.691,-1,-1,-1
486,157,512.48,85.28,91.90,322.26,0.721,-1,-1,-1
486,160,44.72,0.70,204.41,319.92,0.780,-1,-1,-1
487,153,385.72,91.78,114.55,315.14,0.846,-1,-1,-1
487,156,235.23,46.48,116.36,332.65,0.770,-1,-1,-1
487,157,503.03,85.88,92.59,321.92,0.663,-1,-1,-1
487,160,39.35,0.34,207.33,320.55,0.821,-1,-1,-1
488,153,382.78,96.73,114.07,316.08,0.827,-1,-1,-1
488,156,233.63,44.31,115.49,332.84,0.739,-1,-1,-1
488,157,485.57,90.46,96.59,325.47,0.823,-1,-1,-1
488,160,37.63,0.42,210.22,321.06,0.798,-1,-1,-1
489,153,379.86,97.17,114.74,319.22,0.780,-1,-1,-1
489,156,233.80,40.59,111.84,325.68,0.784,-1,-1,-1
489,157,473.60,92.58,100.46,327.55,0.864,-1,-1,-1
489,160,35.98,0.18,212.09,319.48,0.780,-1,-1,-1
490,153,376.27,98.48,115.78,322.83,0.829,-1,-1,-1
490,156,234.32,39.18,107.88,317.98,0.682,-1,-1,-1
490,157,470.04,94.22,103.14,328.10,0.843,-1,-1,-1
490,160,33.61,0.32,214.74,318.62,0.714,-1,-1,-1
491,153,374.56,101.74,115.72,324.41,0.859,-1,-1,-1
491,156,238.74,40.34,99.23,296.36,0.791,-1,-1,-1
491,157,466.98,95.00,102.96,324.16,0.847,-1,-1,-1
491,160,31.17,0.43,217.11,317.32,0.696,-1,-1,-1
492,153,373.05,98.91,113.18,319.10,0.888,-1,-1,-1
492,156,241.45,41.39,92.34,279.00,0.859,-1,-1,-1
492,157,466.18,92.02,102.70,321.55,0.795,-1,-1,-1
492,160,28.42,0.54,220.78,318.66,0.661,-1,-1,-1
493,153,370.94,95.75,111.52,317.15,0.902,-1,-1,-1
493,156,241.01,42.82,90.57,275.39,0.837,-1,-1,-1
493,157,465.91,89.54,102.55,320.48,0.828,-1,-1,-1
493,160,22.28,0.62,223.96,319.96,0.732,-1,-1,-1
494,153,369.15,98.87,110.09,315.30,0.874,-1,-1,-1
494,156,237.47,42.40,94.49,288.60,0.697,-1,-1,-1
494,157,464.35,90.20,102.55,320.37,0.823,-1,-1,-1
494,160,19.70,0.85,227.08,320.67,0.777,-1,-1,-1
495,153,365.88,105.37,109.34,312.63,0.823,-1,-1,-1
495,156,232.03,36.36,100.71,308.02,0.698,-1,-1,-1
495,157,461.76,89.55,104.42,325.05,0.781,-1,-1,-1
495,160,22.62,0.73,229.35,320.46,0.521,-1,-1,-1
496,153,364.90,109.12,109.42,312.58,0.877,-1,-1,-1
496,156,228.81,38.39,105.11,321.98,0.714,-1,-1,-1
496,157,461.70,89.46,105.13,326.23,0.707,-1,-1,-1
496,160,23.28,0.75,229.23,316.09,0.685,-1,-1,-1
497,153,367.02,110.73,109.10,313.45,0.880,-1,-1,-1
497,156,227.41,33.31,106.38,325.88,0.602,-1,-1,-1
497,157,463.00,89.43,105.35,325.77,0.752,-1,-1,-1
498,153,368.14,109.23,108.94,315.58,0.850,-1,-1,-1
498,156,227.29,29.78,105.78,324.42,0.745,-1,-1,-1
498,157,465.83,88.85,105.28,325.29,0.772,-1,-1,-1
498,165,341.26,140.42,59.28,197.19,0.655,-1,-1,-1
499,153,368.75,97.95,108.80,317.23,0.868,-1,-1,-1
499,156,226.79,27.01,105.33,324.79,0.819,-1,-1,-1
499,157,467.79,85.92,103.65,319.50,0.802,-1,-1,-1
499,165,340.78,139.72,59.87,199.30,-1.000,-1,-1,-1
500,153,374.12,93.27,107.69,315.98,0.887,-1,-1,-1
500,156,225.62,31.77,104.39,324.14,0.749,-1,-1,-1
500,157,470.80,84.57,104.63,320.50,0.816,-1,-1,-1
500,165,340.30,139.02,60.46,201.42,0.663,-1,-1,-1
501,153,379.94,91.54,108.26,317.88,0.878,-1,-1,-1
501,156,229.35,36.60,101.21,319.06,0.791,-1,-1,-1
501,157,470.97,83.81,106.64,321.80,0.842,-1,-1,-1
501,165,343.83,136.34,61.67,206.45,0.706,-1,-1,-1
502,153,383.99,90.69,110.91,325.67,0.861,-1,-1,-1
502,156,238.01,32.47,86.07,270.04,0.778,-1,-1,-1
502,157,470.39,85.13,108.54,322.55,0.789,-1,-1,-1
502,165,349.59,135.40,63.06,210.93,0.760,-1,-1,-1
502,166,-2.03,0.71,306.39,321.10,0.743,-1,-1,-1
503,153,389.32,89.78,110.77,324.96,0.851,-1,-1,-1
503,156,244.54,25.10,76.73,240.12,0.656,-1,-1,-1
503,157,472.57,84.62,110.40,323.99,0.817,-1,-1,-1
503,165,348.65,131.81,64.07,215.19,0.574,-1,-1,-1
503,166,4.47,0.59,301.79,316.75,0.707,-1,-1,-1
504,153,391.58,89.35,110.88,325.74,0.853,-1,-1,-1
504,157,476.35,81.03,111.50,325.87,0.777,-1,-1,-1
504,165,347.46,128.58,65.01,219.15,0.713,-1,-1,-1
504,166,13.00,0.42,297.11,312.25,0.686,-1,-1,-1
505,153,391.58,88.90,109.05,321.82,0.868,-1,-1,-1
505,157,480.69,79.98,110.47,322.46,0.781,-1,-1,-1
505,165,345.63,129.79,65.41,220.32,0.768,-1,-1,-1
505,166,6.80,2.74,303.69,319.87,0.517,-1,-1,-1
506,153,388.97,83.96,106.94,317.25,0.885,-1,-1,-1
506,157,482.95,76.36,110.76,323.48,0.805,-1,-1,-1
506,165,341.30,129.23,66.05,221.46,0.839,-1,-1,-1
506,166,16.99,2.13,301.59,317.92,-1.000,-1,-1,-1
507,153,386.79,85.01,106.03,316.17,0.872,-1,-1,-1
507,157,483.86,78.08,111.45,325.95,0.827,-1,-1,-1
507,165,339.74,129.88,66.10,221.84,0.808,-1,-1,-1
507,166,27.18,1.52,299.49,315.97,0.527,-1,-1,-1
508,153,382.46,86.81,106.62,317.14,0.886,-1,-1,-1
508,157,485.42,78.19,110.33,323.39,0.815,-1,-1,-1
508,165,340.56,128.76,64.35,215.79,0.850,-1,-1,-1
508,166,40.19,1.21,300.05,317.58,0.688,-1,-1,-1
509,153,378.33,88.50,107.62,317.36,0.869,-1,-1,-1
509,157,487.62,78.24,111.31,326.96,0.850,-1,-1,-1
509,165,343.30,126.40,63.35,213.17,0.767,-1,-1,-1
509,166,52.07,0.91,298.15,316.17,-1.000,-1,-1,-1
510,153,376.55,89.16,108.81,320.01,0.871,-1,-1,-1
510,157,489.98,80.78,109.95,323.19,0.810,-1,-1,-1
510,165,346.31,126.69,62.88,213.12,0.643,-1,-1,-1
510,166,63.96,0.61,296.24,314.76,0.544,-1,-1,-1
511,153,377.34,88.79,109.88,324.38,0.864,-1,-1,-1
511,157,493.47,80.85,109.01,321.34,0.839,-1,-1,-1
511,166,83.67,0.35,293.82,313.34,-1.000,-1,-1,-1
511,167,6.44,67.21,106.56,265.20,0.793,-1,-1,-1
512,153,381.54,88.98,108.85,323.26,0.866,-1,-1,-1
512,157,498.49,83.19,108.55,319.83,0.846,-1,-1,-1
512,166,103.39,0.09,291.40,311.93,0.789,-1,-1,-1
512,167,21.29,67.16,110.68,275.05,0.727,-1,-1,-1
513,153,389.53,90.40,106.67,319.62,0.838,-1,-1,-1
513,157,503.59,84.55,109.26,320.96,0.780,-1,-1,-1
513,166,127.50,0.21,289.02,312.01,0.773,-1,-1,-1
513,167,48.14,71.60,123.04,307.97,0.869,-1,-1,-1
514,153,394.47,89.73,104.17,314.55,0.832,-1,-1,-1
514,157,506.04,83.59,109.77,320.96,0.788,-1,-1,-1
514,166,139.65,0.25,290.41,315.78,0.779,-1,-1,-1
514,167,63.71,71.61,127.90,323.23,0.868,-1,-1,-1
514,168,4.12,115.70,81.35,236.49,0.873,-1,-1,-1
515,153,416.94,91.33,79.62,239.68,0.863,-1,-1,-1
515,157,498.88,85.99,111.59,322.99,0.790,-1,-1,-1
515,166,162.44,0.27,290.18,318.09,0.791,-1,-1,-1
515,167,80.07,74.62,130.01,330.39,0.840,-1,-1,-1
515,168,-5.82,110.43,85.71,250.37,0.858,-1,-1,-1
516,153,435.06,94.54,65.78,199.95,0.622,-1,-1,-1
516,157,494.81,88.54,112.78,321.96,0.777,-1,-1,-1
516,166,191.86,0.63,288.89,317.74,0.706,-1,-1,-1
516,167,87.18,79.07,129.31,331.03,0.850,-1,-1,-1
516,168,-13.38,106.30,89.11,262.64,0.838,-1,-1,-1
517,157,501.00,90.75,115.54,327.59,0.804,-1,-1,-1
517,166,215.11,0.57,288.67,317.89,-1.000,-1,-1,-1
517,167,94.33,84.60,126.89,326.65,0.881,-1,-1,-1
517,168,-17.40,103.74,88.24,263.91,0.893,-1,-1,-1
518,157,507.33,94.61,115.41,328.33,0.732,-1,-1,-1
518,166,238.37,0.52,288.44,318.05,0.542,-1,-1,-1
518,167,100.03,88.21,125.74,324.37,0.871,-1,-1,-1
518,168,-22.67,98.75,88.83,270.27,0.805,-1,-1,-1
519,166,266.51,0.29,287.77,317.94,0.619,-1,-1,-1
519,167,106.48,84.20,121.51,316.08,0.848,-1,-1,-1
519,169,184.17,40.94,113.47,338.36,0.825,-1,-1,-1
520,166,293.40,0.37,287.35,317.62,-1.000,-1,-1,-1
520,167,114.10,81.32,117.51,310.55,0.860,-1,-1,-1
520,169,191.58,31.01,114.17,339.23,0.867,-1,-1,-1
521,166,320.30,0.44,286.94,317.29,0.664,-1,-1,-1
521,167,116.82,81.17,114.14,302.27,0.821,-1,-1,-1
521,169,199.28,25.13,116.63,344.21,0.811,-1,-1,-1
522,166,340.05,1.02,288.49,319.65,0.799,-1,-1,-1
522,167,118.99,85.44,110.75,292.40,0.787,-1,-1,-1
522,169,202.63,28.60,119.75,350.60,0.750,-1,-1,-1
523,166,357.46,0.83,286.34,318.35,0.688,-1,-1,-1
523,167,114.44,89.33,113.43,299.98,0.839,-1,-1,-1
523,169,205.57,45.95,120.67,350.52,0.715,-1,-1,-1
524,166,367.20,1.63,288.09,321.72,-1.000,-1,-1,-1
524,167,110.53,86.38,114.23,302.88,0.854,-1,-1,-1
524,169,208.34,62.59,119.50,343.35,0.794,-1,-1,-1
525,166,376.94,2.42,289.85,325.10,0.644,-1,-1,-1
525,167,115.32,86.09,111.97,297.93,0.843,-1,-1,-1
525,169,215.60,70.83,119.18,338.98,0.779,-1,-1,-1
526,166,383.56,3.82,291.24,331.04,0.679,-1,-1,-1
526,167,126.48,81.31,108.89,291.89,0.875,-1,-1,-1
526,169,222.96,71.67,120.31,339.78,0.632,-1,-1,-1
527,166,390.74,4.23,288.73,333.81,0.750,-1,-1,-1
527,167,134.82,76.87,107.06,291.41,0.860,-1,-1,-1
527,169,228.43,45.19,120.74,337.83,0.677,-1,-1,-1
528,166,395.02,28.24,298.36,348.67,-1.000,-1,-1,-1
528,167,145.66,84.52,104.30,289.77,0.860,-1,-1,-1
528,169,231.60,63.52,125.63,347.77,0.805,-1,-1,-1
529,166,399.30,52.24,307.98,363.54,0.544,-1,-1,-1
529,167,151.81,92.79,102.37,289.11,0.848,-1,-1,-1
529,169,235.74,56.20,125.42,344.71,0.540,-1,-1,-1
530,166,409.52,36.66,303.20,364.93,0.501,-1,-1,-1
530,167,154.46,98.95,100.65,287.06,0.865,-1,-1,-1
530,169,239.25,62.82,126.02,342.37,0.721,-1,-1,-1
530,170,123.66,161.45,44.82,149.83,0.813,-1,-1,-1
530,171,387.68,108.99,81.87,319.19,0.803,-1,-1,-1
531,167,155.37,103.97,99.46,285.04,0.855,-1,-1,-1
531,169,238.83,73.76,129.56,348.28,0.751,-1,-1,-1
531,170,117.76,160.11,46.42,154.68,0.833,-1,-1,-1
531,171,391.03,112.92,82.04,318.77,0.785,-1,-1,-1
532,167,161.27,106.14,95.58,275.89,0.841,-1,-1,-1
532,169,237.75,81.77,129.16,343.14,0.830,-1,-1,-1
532,170,105.97,158.71,49.28,162.44,0.853,-1,-1,-1
532,171,388.85,109.31,79.61,306.65,0.875,-1,-1,-1
533,167,164.01,98.77,94.32,276.93,0.857,-1,-1,-1
533,169,232.73,72.88,130.09,342.87,0.784,-1,-1,-1
533,170,90.61,155.52,51.48,167.36,0.874,-1,-1,-1
533,171,382.27,103.83,79.91,304.70,0.863,-1,-1,-1
534,167,156.01,93.18,93.74,276.16,0.827,-1,-1,-1
534,169,220.32,65.18,131.84,344.77,0.771,-1,-1,-1
534,170,70.06,149.36,55.01,177.19,0.856,-1,-1,-1
534,171,368.58,98.88,80.94,305.50,0.897,-1,-1,-1
534,172,145.66,160.43,28.35,126.22,0.543,-1,-1,-1
535,167,147.37,91.50,90.89,267.14,0.839,-1,-1,-1
535,169,210.09,43.16,131.67,340.52,0.776,-1,-1,-1
535,170,53.06,142.21,58.24,186.59,0.844,-1,-1,-1
535,171,354.13,102.33,82.09,304.75,0.876,-1,-1,-1
535,172,139.83,157.79,29.09,129.35,-1.000,-1,-1,-1
535,173,457.90,90.50,52.02,319.02,0.840,-1,-1,-1
536,167,142.78,92.53,92.69,272.91,0.525,-1,-1,-1
536,169,204.13,57.41,129.94,330.92,0.767,-1,-1,-1
536,170,36.24,134.48,62.36,196.73,0.881,-1,-1,-1
536,171,343.26,99.45,85.21,309.85,0.884,-1,-1,-1
536,172,133.99,155.16,29.83,132.49,0.569,-1,-1,-1
536,173,457.50,88.87,52.17,316.10,0.864,-1,-1,-1
537,167,137.75,96.48,92.64,272.44,0.693,-1,-1,-1
537,169,196.93,47.66,135.31,340.49,0.761,-1,-1,-1
537,170,24.81,122.66,66.39,208.38,0.832,-1,-1,-1
537,171,337.45,94.93,88.47,316.84,0.864,-1,-1,-1
537,172,128.45,147.78,31.44,138.49,0.724,-1,-1,-1
537,173,455.57,87.23,53.74,319.84,0.866,-1,-1,-1
538,167,137.75,96.22,88.99,261.55,0.522,-1,-1,-1
538,169,199.04,46.79,137.77,343.55,0.749,-1,-1,-1
538,170,12.30,116.78,71.30,221.28,0.852,-1,-1,-1
538,171,334.33,98.19,89.69,317.86,0.857,-1,-1,-1
538,172,124.82,144.13,32.62,142.68,0.715,-1,-1,-1
538,173,455.91,86.58,54.95,319.68,0.856,-1,-1,-1
539,167,147.44,112.15,83.22,245.65,0.807,-1,-1,-1
539,169,204.13,49.08,138.01,339.27,0.819,-1,-1,-1
539,170,1.41,112.06,75.49,233.63,0.810,-1,-1,-1
539,171,334.75,100.19,88.72,313.06,0.794,-1,-1,-1
539,172,123.53,140.27,34.03,146.93,0.724,-1,-1,-1
539,173,463.17,85.67,56.45,318.71,0.863,-1,-1,-1
540,167,157.70,120.27,80.06,240.26,0.849,-1,-1,-1
540,169,206.95,39.53,143.77,350.98,0.775,-1,-1,-1
540,170,-3.42,109.24,79.85,246.30,0.820,-1,-1,-1
540,171,339.79,93.71,90.02,316.40,0.886,-1,-1,-1
540,172,126.90,139.85,35.16,148.46,0.865,-1,-1,-1
540,173,469.05,84.34,58.68,321.24,0.834,-1,-1,-1
540,174,414.91,132.14,45.08,216.80,0.838,-1,-1,-1
541,167,171.15,123.96,77.92,240.74,0.810,-1,-1,-1
541,169,217.31,53.34,143.02,346.51,0.765,-1,-1,-1
541,170,-8.92,105.89,84.06,261.12,0.846,-1,-1,-1
541,171,346.14,89.95,91.10,319.83,0.890,-1,-1,-1
541,172,126.47,139.10,37.59,152.84,0.884,-1,-1,-1
541,173,475.90,79.14,61.57,324.89,0.822,-1,-1,-1
541,174,417.81,131.23,46.10,220.35,0.826,-1,-1,-1
542,167,184.01,126.42,76.18,243.28,0.788,-1,-1,-1
542,169,227.58,56.55,143.94,346.98,0.767,-1,-1,-1
542,170,-13.68,98.73,87.35,274.43,0.801,-1,-1,-1
542,171,351.63,97.63,91.00,318.66,0.841,-1,-1,-1
542,172,122.76,138.48,40.80,157.62,0.900,-1,-1,-1
542,173,477.93,77.49,65.09,329.78,0.798,-1,-1,-1
542,174,421.41,131.36,44.94,213.45,0.585,-1,-1,-1
543,167,194.41,134.04,73.05,240.95,0.800,-1,-1,-1
543,169,237.22,61.24,145.00,347.12,0.788,-1,-1,-1
543,170,-16.66,90.82,90.84,289.07,0.787,-1,-1,-1
543,171,356.38,101.92,92.19,322.52,0.780,-1,-1,-1
543,172,118.92,139.81,44.00,160.64,0.909,-1,-1,-1
543,173,476.44,80.40,69.01,331.18,0.811,-1,-1,-1
543,174,428.06,133.38,44.62,210.83,0.588,-1,-1,-1
544,167,202.45,135.89,70.95,238.67,0.670,-1,-1,-1
544,169,244.27,60.41,148.13,353.23,0.798,-1,-1,-1
544,170,-19.20,85.79,91.89,297.79,0.803,-1,-1,-1
544,171,359.63,102.65,93.40,326.34,0.607,-1,-1,-1
544,172,115.55,136.72,47.28,165.06,0.901,-1,-1,-1
544,173,479.69,81.01,71.76,329.83,0.751,-1,-1,-1
544,174,434.29,133.32,45.08,212.33,0.603,-1,-1,-1
544,175,189.44,147.41,38.56,149.69,0.825,-1,-1,-1
545,167,211.29,136.41,68.89,235.37,0.588,-1,-1,-1
545,169,251.65,60.23,148.35,350.51,0.759,-1,-1,-1
545,170,-16.61,97.97,88.51,289.37,0.787,-1,-1,-1
545,171,363.82,100.96,95.51,333.97,0.655,-1,-1,-1
545,172,113.95,134.25,50.41,169.01,0.915,-1,-1,-1
545,173,482.06,88.22,75.55,337.79,0.689,-1,-1,-1
545,174,439.82,132.29,45.90,216.14,0.723,-1,-1,-1
545,175,192.81,145.31,39.37,151.74,0.834,-1,-1,-1
546,167,223.39,132.39,66.99,233.01,0.531,-1,-1,-1
546,169,259.14,57.89,151.82,355.45,0.712,-1,-1,-1
546,170,-18.00,108.46,85.31,285.06,0.817,-1,-1,-1
546,171,370.11,94.28,96.62,336.74,0.748,-1,-1,-1
546,172,116.04,131.10,53.29,173.77,0.905,-1,-1,-1
546,173,489.52,101.72,76.04,333.45,0.623,-1,-1,-1
546,174,448.11,130.61,46.80,220.79,0.693,-1,-1,-1
546,175,196.90,144.72,40.78,155.76,0.844,-1,-1,-1
547,167,233.20,132.94,64.25,225.92,0.503,-1,-1,-1
547,169,267.83,30.58,148.96,341.98,0.704,-1,-1,-1
547,171,382.88,86.39,94.01,329.19,0.762,-1,-1,-1
547,172,116.48,125.61,55.57,179.32,0.860,-1,-1,-1
547,173,508.43,82.60,78.09,329.95,0.816,-1,-1,-1
547,174,458.14,128.12,47.92,227.04,0.658,-1,-1,-1
547,175,200.15,140.78,42.49,160.74,0.864,-1,-1,-1
548,169,272.80,32.42,154.50,350.91,0.699,-1,-1,-1
548,171,393.82,94.60,92.24,324.45,0.567,-1,-1,-1
548,172,114.29,121.64,58.25,185.02,0.847,-1,-1,-1
548,173,523.01,73.48,81.11,329.36,0.829,-1,-1,-1
548,174,470.02,126.87,48.97,233.49,0.777,-1,-1,-1
548,175,203.32,137.97,44.30,166.01,0.847,-1,-1,-1
549,169,272.89,36.46,156.39,348.33,0.750,-1,-1,-1
549,171,402.53,91.71,93.11,331.40,0.718,-1,-1,-1
549,172,117.00,118.59,60.11,190.78,0.840,-1,-1,-1
549,173,532.07,68.18,84.10,329.56,0.855,-1,-1,-1
549,174,479.59,125.48,49.78,238.20,0.712,-1,-1,-1
549,175,205.69,135.25,45.81,170.00,0.836,-1,-1,-1
550,169,277.51,25.45,159.88,353.69,0.768,-1,-1,-1
550,171,407.19,92.03,92.56,332.24,0.637,-1,-1,-1
550,172,113.75,108.94,62.93,199.17,0.869,-1,-1,-1
550,173,538.88,57.62,88.03,338.58,0.864,-1,-1,-1
550,174,486.37,118.48,51.33,244.13,0.684,-1,-1,-1
550,175,204.65,122.86,48.48,176.62,0.895,-1,-1,-1
551,169,278.57,26.37,163.82,361.67,0.729,-1,-1,-1
551,171,408.28,82.38,92.56,335.81,0.691,-1,-1,-1
551,172,105.72,101.79,65.85,205.79,0.888,-1,-1,-1
551,173,542.86,51.12,90.44,343.80,0.851,-1,-1,-1
551,174,491.75,113.29,52.37,247.54,0.699,-1,-1,-1
551,175,203.64,115.10,50.50,181.00,0.908,-1,-1,-1
552,169,274.34,21.94,164.31,360.30,0.747,-1,-1,-1
552,171,411.15,75.67,84.40,306.63,-1.000,-1,-1,-1
552,172,92.69,101.04,69.53,213.82,0.902,-1,-1,-1
552,173,547.34,50.06,90.12,340.07,0.760,-1,-1,-1
552,174,496.40,114.32,53.36,249.92,0.851,-1,-1,-1
552,175,196.23,111.69,54.38,190.98,0.906,-1,-1,-1
553,169,269.40,16.62,166.92,363.22,0.724,-1,-1,-1
553,171,414.03,68.96,76.24,277.45,0.780,-1,-1,-1
553,172,80.88,99.78,73.12,222.43,0.901,-1,-1,-1
553,173,548.48,51.98,93.25,351.98,0.827,-1,-1,-1
553,174,500.82,114.94,54.61,253.35,0.839,-1,-1,-1
553,175,187.74,112.30,57.29,195.52,0.920,-1,-1,-1
554,169,263.84,16.01,168.56,362.55,0.753,-1,-1,-1
554,171,409.98,66.25,77.07,282.56,-1.000,-1,-1,-1
554,172,70.74,97.65,76.07,230.82,0.885,-1,-1,-1
554,173,551.97,53.67,93.09,352.88,0.821,-1,-1,-1
554,174,505.80,116.58,54.91,251.01,0.871,-1,-1,-1
554,175,180.81,113.49,60.64,202.58,0.906,-1,-1,-1
555,169,263.44,5.97,170.69,361.70,0.789,-1,-1,-1
555,171,405.93,63.54,77.90,287.66,0.685,-1,-1,-1
555,172,62.32,91.81,78.42,240.17,0.850,-1,-1,-1
555,173,554.15,46.72,95.74,366.25,0.649,-1,-1,-1
555,174,513.11,115.03,55.12,248.31,0.869,-1,-1,-1
555,175,176.36,111.52,63.71,210.04,0.906,-1,-1,-1
556,169,263.00,1.38,172.58,361.97,0.714,-1,-1,-1
556,171,409.65,89.47,73.76,270.32,0.732,-1,-1,-1
556,172,52.36,88.95,80.54,248.41,0.844,-1,-1,-1
556,173,557.18,45.09,95.01,366.47,0.612,-1,-1,-1
556,174,518.10,116.02,56.05,248.78,0.884,-1,-1,-1
556,175,172.42,109.14,66.69,218.63,0.896,-1,-1,-1
557,169,267.82,15.37,173.68,362.61,0.690,-1,-1,-1
557,171,414.27,108.47,76.51,277.33,0.821,-1,-1,-1
557,172,34.34,88.60,84.16,257.92,0.883,-1,-1,-1
557,173,556.73,89.25,91.08,351.41,0.712,-1,-1,-1
557,174,523.39,122.33,57.63,252.43,0.870,-1,-1,-1
557,175,166.26,108.77,69.93,228.26,0.890,-1,-1,-1
558,169,270.37,21.80,175.06,363.97,0.727,-1,-1,-1
558,171,419.23,113.35,80.66,287.84,0.848,-1,-1,-1
558,172,15.59,84.37,88.21,265.79,0.924,-1,-1,-1
558,173,552.90,91.52,91.86,354.22,0.774,-1,-1,-1
558,174,526.99,125.60,57.17,247.75,0.807,-1,-1,-1
558,175,160.10,105.58,72.75,236.23,0.892,-1,-1,-1
559,169,279.02,11.36,169.89,350.23,0.759,-1,-1,-1
559,171,432.03,109.65,85.95,302.52,0.755,-1,-1,-1
559,172,5.06,78.57,91.52,274.08,0.926,-1,-1,-1
559,173,557.91,94.11,87.37,338.37,0.772,-1,-1,-1
559,174,534.13,122.48,56.64,244.84,0.825,-1,-1,-1
559,175,157.33,97.75,75.66,243.56,0.894,-1,-1,-1
560,169,278.56,20.02,175.96,362.26,0.772,-1,-1,-1
560,171,443.53,100.29,90.44,315.38,0.750,-1,-1,-1
560,172,-1.36,76.02,93.63,280.81,0.928,-1,-1,-1
560,173,563.28,90.98,85.70,335.98,0.687,-1,-1,-1
560,174,538.51,119.09,57.79,251.11,0.845,-1,-1,-1
560,175,151.31,86.20,81.56,262.00,0.874,-1,-1,-1
561,169,275.20,10.86,171.68,348.59,0.805,-1,-1,-1
561,171,450.66,85.89,95.16,327.81,0.754,-1,-1,-1
561,172,-8.69,71.53,93.35,285.04,0.913,-1,-1,-1
561,173,566.19,70.13,85.13,338.36,0.680,-1,-1,-1
561,174,543.05,116.14,56.85,249.53,0.591,-1,-1,-1
561,175,138.29,80.41,86.29,275.76,0.880,-1,-1,-1
562,169,266.53,8.54,175.22,352.37,0.749,-1,-1,-1
562,171,457.86,75.61,99.90,340.18,0.723,-1,-1,-1
562,172,-13.55,79.88,87.69,274.86,0.906,-1,-1,-1
562,173,565.70,52.96,83.56,334.85,0.750,-1,-1,-1
562,174,531.76,93.31,64.86,278.25,-1.000,-1,-1,-1
562,175,124.01,73.13,90.50,288.14,0.846,-1,-1,-1
563,169,261.05,3.62,179.58,357.72,0.660,-1,-1,-1
563,171,470.83,80.88,103.81,348.07,0.507,-1,-1,-1
563,173,567.64,48.78,85.49,347.52,0.557,-1,-1,-1
563,174,520.47,70.49,72.86,306.97,0.715,-1,-1,-1
563,175,108.95,65.04,97.45,309.06,0.845,-1,-1,-1
564,169,254.05,1.61,183.00,360.09,0.716,-1,-1,-1
564,171,487.75,59.91,108.09,356.32,0.561,-1,-1,-1
564,175,97.85,58.76,102.11,323.98,0.840,-1,-1,-1
564,176,407.10,78.00,82.38,276.14,0.809,-1,-1,-1
565,169,248.46,5.56,186.66,363.74,0.743,-1,-1,-1
565,171,497.78,44.70,112.81,364.66,0.600,-1,-1,-1
565,175,85.05,50.53,105.17,331.14,0.848,-1,-1,-1
565,176,409.03,73.54,87.04,292.08,0.800,-1,-1,-1
566,169,244.32,6.98,189.25,365.73,0.786,-1,-1,-1
566,171,505.99,55.82,116.60,373.27,0.617,-1,-1,-1
566,175,73.97,43.14,107.27,335.58,0.823,-1,-1,-1
566,176,413.17,68.41,91.80,308.61,0.761,-1,-1,-1
567,169,240.57,4.15,189.44,363.90,0.744,-1,-1,-1
567,171,518.18,55.52,110.89,355.48,-1.000,-1,-1,-1
567,175,61.10,31.74,109.58,338.46,0.728,-1,-1,-1
567,176,418.81,59.35,96.06,323.51,0.753,-1,-1,-1
568,169,236.65,2.02,189.68,362.72,0.768,-1,-1,-1
568,171,530.37,55.21,105.18,337.68,0.637,-1,-1,-1
568,175,45.80,21.35,114.10,345.95,0.822,-1,-1,-1
568,176,423.12,47.97,98.98,330.21,0.797,-1,-1,-1
569,169,229.86,0.29,190.31,361.27,0.822,-1,-1,-1
569,171,537.94,53.86,101.16,323.04,0.556,-1,-1,-1
569,175,26.57,22.00,120.62,361.04,0.722,-1,-1,-1
569,176,428.80,31.63,102.75,338.83,0.856,-1,-1,-1
570,169,226.07,4.07,185.27,346.43,0.819,-1,-1,-1
570,171,540.04,50.24,103.32,331.63,0.835,-1,-1,-1
570,175,16.28,9.53,118.51,350.24,0.673,-1,-1,-1
570,176,435.95,20.35,106.15,346.14,0.780,-1,-1,-1
571,169,216.27,1.32,192.70,356.20,0.834,-1,-1,-1
571,171,547.70,53.63,103.84,338.60,0.648,-1,-1,-1
571,175,2.94,5.53,122.80,363.65,0.621,-1,-1,-1
571,176,444.76,6.63,111.92,359.48,0.809,-1,-1,-1
572,169,210.40,2.87,191.03,345.26,0.847,-1,-1,-1
572,171,555.48,57.17,96.63,319.27,0.769,-1,-1,-1
572,175,-5.67,36.58,125.60,373.37,0.515,-1,-1,-1
572,176,455.33,2.05,112.71,353.96,0.844,-1,-1,-1
573,169,205.21,3.91,193.48,342.85,0.810,-1,-1,-1
573,176,466.27,-2.61,119.32,366.26,0.788,-1,-1,-1
574,169,200.78,1.52,203.58,356.38,0.780,-1,-1,-1
574,176,481.13,-2.14,120.01,356.73,0.808,-1,-1,-1
575,169,202.62,0.34,208.74,360.41,0.802,-1,-1,-1
575,176,487.67,-2.23,120.55,352.17,0.727,-1,-1,-1
576,169,210.86,2.03,205.62,350.26,0.711,-1,-1,-1
576,176,497.76,-3.68,119.60,344.26,0.632,-1,-1,-1
577,169,220.80,1.44,201.75,338.15,0.739,-1,-1,-1
577,176,505.25,-3.21,119.63,341.85,0.519,-1,-1,-1
578,169,224.00,0.42,211.08,352.06,0.702,-1,-1,-1
579,169,233.82,2.82,209.23,345.40,0.786,-1,-1,-1
580,169,243.11,4.06,208.66,340.89,0.816,-1,-1,-1
581,169,256.87,4.71,210.50,340.67,0.795,-1,-1,-1
582,169,266.74,5.18,213.03,340.74,0.842,-1,-1,-1
582,177,497.20,77.00,95.18,314.92,0.557,-1,-1,-1
582,178,219.43,149.89,38.80,136.76,0.842,-1,-1,-1
583,169,277.40,5.38,215.33,337.91,0.893,-1,-1,-1
583,177,481.01,83.34,94.93,313.28,0.767,-1,-1,-1
583,178,217.51,156.91,39.81,138.46,0.869,-1,-1,-1
584,169,284.22,2.33,227.74,353.85,0.842,-1,-1,-1
584,177,486.70,89.24,96.54,315.63,0.578,-1,-1,-1
584,178,213.83,159.79,41.15,141.38,0.848,-1,-1,-1
585,169,293.37,3.58,228.00,347.07,0.840,-1,-1,-1
585,177,486.54,101.53,93.87,307.07,0.511,-1,-1,-1
585,178,208.65,156.56,43.13,146.70,0.836,-1,-1,-1
585,179,10.49,76.77,66.83,323.99,0.529,-1,-1,-1
586,169,299.78,4.10,228.73,342.71,0.848,-1,-1,-1
586,177,497.40,116.95,91.25,296.70,0.705,-1,-1,-1
586,178,205.63,156.25,44.70,150.59,0.860,-1,-1,-1
586,179,17.32,33.06,70.62,340.21,0.549,-1,-1,-1
587,169,300.10,4.27,228.93,340.02,0.751,-1,-1,-1
587,177,504.83,121.61,83.13,269.84,0.611,-1,-1,-1
587,178,198.37,150.43,47.07,157.11,0.849,-1,-1,-1
587,179,22.08,5.33,71.46,340.86,0.606,-1,-1,-1
588,169,290.61,1.97,238.89,354.49,0.748,-1,-1,-1
588,177,511.49,125.88,78.58,256.24,0.615,-1,-1,-1
588,178,189.55,147.06,49.88,165.01,0.850,-1,-1,-1
588,179,22.54,-9.18,72.75,344.20,0.537,-1,-1,-1
589,169,269.94,0.79,244.77,362.95,0.764,-1,-1,-1
589,177,486.63,129.67,76.59,245.64,0.874,-1,-1,-1
589,178,170.11,146.13,52.29,170.53,0.854,-1,-1,-1
589,179,19.39,-15.07,72.59,341.09,0.554,-1,-1,-1
590,169,255.72,3.06,238.11,350.74,0.811,-1,-1,-1
590,177,473.73,128.29,76.75,242.66,0.865,-1,-1,-1
590,178,154.85,144.07,54.60,175.80,0.855,-1,-1,-1
591,169,237.10,4.30,236.10,345.69,0.841,-1,-1,-1
591,177,460.05,127.53,73.79,233.61,0.543,-1,-1,-1
591,178,137.48,139.95,57.18,182.13,0.869,-1,-1,-1
592,169,220.25,4.76,235.58,343.45,0.818,-1,-1,-1
592,177,442.60,127.95,73.34,231.29,0.684,-1,-1,-1
592,178,117.90,140.64,61.13,192.50,0.892,-1,-1,-1
593,169,207.39,4.94,235.85,341.08,0.876,-1,-1,-1
593,177,425.04,124.87,73.73,232.18,-1.000,-1,-1,-1
593,178,96.45,134.15,65.02,202.04,0.862,-1,-1,-1
594,169,199.79,2.35,244.07,354.43,0.785,-1,-1,-1
594,177,407.48,121.78,74.12,233.07,0.735,-1,-1,-1
594,178,76.75,125.79,69.54,212.62,0.897,-1,-1,-1
595,169,197.91,3.56,239.55,347.86,0.728,-1,-1,-1
595,177,394.22,124.01,74.38,235.43,0.698,-1,-1,-1
595,178,58.09,118.88,74.61,225.36,0.880,-1,-1,-1
596,169,193.87,4.14,235.58,341.79,0.792,-1,-1,-1
596,177,384.62,126.01,74.38,235.78,-1.000,-1,-1,-1
596,178,43.26,113.58,78.38,234.30,0.894,-1,-1,-1
597,169,190.61,4.69,235.80,343.55,0.821,-1,-1,-1
597,177,375.03,128.02,74.38,236.12,0.520,-1,-1,-1
597,178,27.89,107.64,82.14,244.05,0.825,-1,-1,-1
598,169,186.91,2.26,243.00,356.34,0.756,-1,-1,-1
598,178,13.68,104.37,85.25,252.63,0.846,-1,-1,-1
599,169,185.58,0.94,245.13,362.09,0.782,-1,-1,-1
599,178,1.27,101.10,87.65,259.43,0.871,-1,-1,-1
599,180,156.59,153.56,46.92,150.63,0.891,-1,-1,-1
600,169,190.58,3.32,240.26,355.11,0.798,-1,-1,-1
600,178,-9.93,96.28,90.35,270.48,0.753,-1,-1,-1
600,180,148.62,153.50,49.38,157.28,0.862,-1,-1,-1
601,169,189.76,1.54,243.61,360.73,0.753,-1,-1,-1
601,178,-12.46,95.83,83.59,249.01,0.515,-1,-1,-1
601,180,144.04,153.19,51.35,162.24,0.872,-1,-1,-1
601,181,606.04,146.94,35.43,202.70,0.602,-1,-1,-1
602,169,188.25,0.59,244.68,362.22,0.787,-1,-1,-1
602,180,142.36,151.46,52.95,166.98,0.859,-1,-1,-1
602,181,602.17,130.70,38.89,222.60,0.549,-1,-1,-1
603,169,187.05,0.14,245.38,363.84,0.739,-1,-1,-1
603,180,136.78,151.06,55.14,172.64,0.870,-1,-1,-1
603,181,596.08,113.58,43.22,247.08,0.685,-1,-1,-1
604,169,184.57,-0.08,244.67,363.73,0.771,-1,-1,-1
604,180,134.25,148.41,57.35,177.89,0.884,-1,-1,-1
604,181,591.57,101.57,45.38,258.17,0.737,-1,-1,-1
605,169,184.60,0.38,241.70,361.26,0.725,-1,-1,-1
605,180,131.45,144.90,59.27,182.98,0.853,-1,-1,-1
605,181,585.81,91.42,54.60,311.83,0.522,-1,-1,-1
605,182,14.48,211.85,28.85,216.28,0.519,-1,-1,-1
606,169,184.74,1.80,238.83,359.33,0.725,-1,-1,-1
606,180,127.89,140.59,61.19,187.31,0.887,-1,-1,-1
606,181,588.00,88.65,51.93,296.50,0.672,-1,-1,-1
607,169,186.42,4.90,233.81,354.16,0.766,-1,-1,-1
607,180,122.40,134.69,63.88,193.33,0.864,-1,-1,-1
608,169,185.24,8.63,233.13,355.35,0.745,-1,-1,-1
608,180,113.11,132.34,67.49,199.60,0.870,-1,-1,-1
609,169,188.32,4.38,234.39,359.43,0.733,-1,-1,-1
609,180,106.13,127.34,71.49,207.78,0.852,-1,-1,-1
610,169,196.85,2.11,235.95,364.25,0.740,-1,-1,-1
610,180,99.38,123.91,75.16,217.39,0.873,-1,-1,-1
611,169,205.24,0.94,235.51,365.69,0.739,-1,-1,-1
611,180,94.60,122.68,78.42,226.08,0.861,-1,-1,-1
612,169,219.87,3.65,226.68,351.90,0.759,-1,-1,-1
612,180,85.17,117.82,81.74,234.87,0.845,-1,-1,-1
613,169,228.25,4.91,223.32,346.38,0.818,-1,-1,-1
613,180,70.36,109.80,85.76,243.80,0.874,-1,-1,-1
613,183,191.08,117.46,67.07,256.70,0.809,-1,-1,-1
614,169,238.95,2.45,228.68,355.94,0.732,-1,-1,-1
614,180,55.31,101.90,91.27,259.80,0.876,-1,-1,-1
614,183,187.96,105.91,68.61,260.80,0.854,-1,-1,-1
614,184,-0.41,25.26,76.23,331.34,0.577,-1,-1,-1
614,185,145.81,159.45,39.16,129.61,0.861,-1,-1,-1
615,169,249.32,1.08,229.69,358.95,0.764,-1,-1,-1
615,180,46.35,96.06,96.18,275.76,0.870,-1,-1,-1
615,183,187.51,101.73,70.16,264.96,0.860,-1,-1,-1
615,184,-1.65,26.38,79.94,347.68,-1.000,-1,-1,-1
615,185,140.52,157.37,40.44,133.13,0.857,-1,-1,-1
616,169,267.85,3.55,220.55,342.64,0.765,-1,-1,-1
616,180,40.25,89.32,95.93,278.31,0.783,-1,-1,-1
616,183,187.81,101.64,71.42,268.46,0.833,-1,-1,-1
616,184,-2.90,27.50,83.65,364.03,0.514,-1,-1,-1
616,185,134.12,152.81,42.47,138.52,0.826,-1,-1,-1
617,169,281.56,4.42,217.70,337.25,0.808,-1,-1,-1
617,180,37.27,79.48,86.08,248.87,-1.000,-1,-1,-1
617,183,186.86,98.60,72.34,270.49,0.828,-1,-1,-1
617,184,0.36,20.15,84.18,365.99,0.517,-1,-1,-1
617,185,128.90,146.21,44.35,143.29,0.829,-1,-1,-1
618,169,291.39,2.60,211.47,326.49,0.822,-1,-1,-1
618,180,34.28,69.64,76.23,219.43,0.644,-1,-1,-1
618,183,181.34,95.01,73.12,272.34,0.854,-1,-1,-1
618,184,2.64,14.82,84.44,366.56,-1.000,-1,-1,-1
618,185,117.77,140.15,46.41,148.73,0.861,-1,-1,-1
619,169,295.32,1.61,211.09,326.06,0.773,-1,-1,-1
619,183,175.13,92.39,72.89,271.09,0.844,-1,-1,-1
619,184,4.91,9.49,84.69,367.13,0.522,-1,-1,-1
619,185,106.10,136.46,47.91,151.22,0.889,-1,-1,-1
619,186,239.75,126.03,32.70,167.45,0.731,-1,-1,-1
619,187,262.37,94.86,55.10,256.33,0.859,-1,-1,-1
620,169,296.02,3.36,213.63,331.96,0.777,-1,-1,-1
620,183,170.22,92.27,71.70,265.94,0.851,-1,-1,-1
620,185,98.46,134.40,49.53,154.69,0.864,-1,-1,-1
620,186,237.54,126.24,33.46,170.78,0.760,-1,-1,-1
620,187,263.07,93.87,56.10,259.80,0.883,-1,-1,-1
621,169,297.73,4.16,212.86,333.71,0.803,-1,-1,-1
621,183,168.83,97.49,71.73,265.54,0.849,-1,-1,-1
621,185,95.22,136.25,51.53,158.93,0.823,-1,-1,-1
621,186,239.11,131.86,33.79,171.85,0.797,-1,-1,-1
621,187,263.65,99.19,58.01,267.51,0.868,-1,-1,-1
622,169,301.83,4.86,210.69,333.26,0.826,-1,-1,-1
622,183,171.66,105.44,71.77,265.74,0.870,-1,-1,-1
622,185,93.65,139.47,52.91,161.59,0.864,-1,-1,-1
622,186,242.36,139.27,34.02,172.25,0.814,-1,-1,-1
622,187,266.43,107.33,58.37,268.53,0.856,-1,-1,-1
623,169,304.36,2.44,206.49,328.34,0.744,-1,-1,-1
623,183,171.36,112.05,72.12,266.98,0.855,-1,-1,-1
623,185,92.66,140.47,50.55,153.41,0.818,-1,-1,-1
623,186,242.93,144.68,33.94,171.16,0.628,-1,-1,-1
623,187,267.15,114.20,58.42,267.09,0.857,-1,-1,-1
624,169,297.17,1.06,216.98,349.05,0.759,-1,-1,-1
624,183,169.36,117.35,72.72,268.16,0.817,-1,-1,-1
624,186,240.79,147.26,34.02,171.75,0.617,-1,-1,-1
624,187,266.21,118.53,58.37,264.87,0.873,-1,-1,-1
625,169,296.20,0.38,220.30,358.74,0.785,-1,-1,-1
625,183,169.56,116.31,73.87,270.31,0.828,-1,-1,-1
625,187,264.60,117.28,58.37,261.46,0.832,-1,-1,-1
626,169,301.69,2.46,215.18,351.57,0.751,-1,-1,-1
626,183,174.17,113.18,74.40,270.01,0.858,-1,-1,-1
626,187,265.58,113.54,58.14,257.58,0.862,-1,-1,-1
627,169,310.62,3.81,210.85,343.83,0.805,-1,-1,-1
627,183,177.67,107.68,73.46,264.22,0.879,-1,-1,-1
627,187,264.78,107.89,59.03,259.00,0.882,-1,-1,-1
628,169,323.49,4.26,210.16,340.60,0.742,-1,-1,-1
628,183,180.75,102.14,73.39,262.29,0.841,-1,-1,-1
628,187,265.74,104.46,60.19,260.43,0.881,-1,-1,-1
629,169,343.29,4.86,212.35,339.74,0.798,-1,-1,-1
629,183,186.21,104.10,74.33,263.68,0.844,-1,-1,-1
629,187,271.97,108.70,60.92,259.65,0.851,-1,-1,-1
629,188,12.36,22.12,137.86,371.78,0.551,-1,-1,-1
630,169,357.80,2.22,224.14,354.86,0.795,-1,-1,-1
630,183,193.58,108.26,75.22,264.03,0.790,-1,-1,-1
630,187,281.85,110.94,61.86,260.46,0.866,-1,-1,-1
630,188,18.29,47.25,137.29,369.10,0.534,-1,-1,-1
630,189,164.53,133.67,46.82,180.94,0.787,-1,-1,-1
631,169,377.00,1.79,219.11,339.98,0.802,-1,-1,-1
631,183,200.95,111.15,75.78,263.26,0.819,-1,-1,-1
631,187,290.34,112.77,61.86,255.99,0.870,-1,-1,-1
631,188,26.09,35.60,138.90,370.54,0.713,-1,-1,-1
631,189,169.03,132.01,48.62,187.72,0.734,-1,-1,-1
632,169,388.66,3.49,221.67,339.81,0.771,-1,-1,-1
632,183,211.82,114.27,74.90,261.98,0.830,-1,-1,-1
632,187,297.52,114.46,61.04,249.04,0.864,-1,-1,-1
632,188,32.31,27.86,138.75,366.41,0.712,-1,-1,-1
633,169,394.69,1.72,232.02,354.46,0.720,-1,-1,-1
633,183,220.18,114.93,73.16,257.08,0.862,-1,-1,-1
633,187,303.56,115.27,61.37,247.04,0.865,-1,-1,-1
633,188,44.50,22.50,139.68,366.09,0.623,-1,-1,-1
634,169,402.17,0.78,235.90,360.33,0.706,-1,-1,-1
634,183,227.69,112.77,72.69,256.36,0.853,-1,-1,-1
634,187,310.83,114.36,62.47,248.30,0.879,-1,-1,-1
634,188,57.40,28.39,140.21,363.29,0.708,-1,-1,-1
635,169,415.00,3.27,229.12,350.45,0.796,-1,-1,-1
635,183,236.39,113.63,70.92,251.79,0.886,-1,-1,-1
635,187,318.04,115.65,63.23,248.58,0.889,-1,-1,-1
635,188,71.59,45.65,139.85,357.57,0.759,-1,-1,-1
636,169,415.46,30.18,235.54,361.66,-1.000,-1,-1,-1
636,183,238.93,115.08,69.98,249.22,0.796,-1,-1,-1
636,187,320.71,116.16,63.09,245.87,0.890,-1,-1,-1
636,188,83.16,40.77,138.88,352.69,0.513,-1,-1,-1
636,190,294.57,142.85,32.47,161.47,0.715,-1,-1,-1
637,169,415.92,57.08,241.97,372.87,0.658,-1,-1,-1
637,183,240.43,117.39,68.73,245.86,0.880,-1,-1,-1
637,187,321.44,115.46,62.39,240.80,0.881,-1,-1,-1
637,188,95.28,47.32,137.80,347.09,0.688,-1,-1,-1
637,190,293.83,141.36,33.01,164.09,0.728,-1,-1,-1
637,191,53.70,124.42,189.42,349.89,0.807,-1,-1,-1
638,169,421.97,103.18,229.65,352.87,0.545,-1,-1,-1
638,183,243.46,116.81,66.93,240.47,0.869,-1,-1,-1
638,187,321.92,113.51,62.00,236.67,0.879,-1,-1,-1
638,188,101.36,44.49,140.12,349.59,0.784,-1,-1,-1
638,190,294.70,140.21,32.73,162.29,0.658,-1,-1,-1
638,191,62.77,116.90,194.74,360.18,0.629,-1,-1,-1
639,169,420.07,131.90,222.74,340.34,0.608,-1,-1,-1
639,183,245.82,115.80,64.90,234.30,0.882,-1,-1,-1
639,187,320.27,112.75,62.24,235.18,0.861,-1,-1,-1
639,188,100.49,39.08,140.97,347.79,0.607,-1,-1,-1
639,190,294.21,138.94,32.24,159.68,0.599,-1,-1,-1
640,169,418.35,146.56,219.75,333.98,0.574,-1,-1,-1
640,183,244.82,114.10,64.76,235.35,0.870,-1,-1,-1
640,187,315.70,113.11,63.07,235.98,0.885,-1,-1,-1
640,188,85.30,35.85,144.26,346.67,0.747,-1,-1,-1
640,190,290.56,137.61,32.85,162.58,0.532,-1,-1,-1
640,192,431.61,4.81,204.41,342.21,0.798,-1,-1,-1
641,169,416.12,135.83,228.55,348.95,-1.000,-1,-1,-1
641,183,240.85,115.73,64.67,236.44,0.840,-1,-1,-1
641,187,309.46,115.83,63.68,235.91,0.893,-1,-1,-1
641,188,74.41,33.38,148.08,348.92,0.659,-1,-1,-1
641,190,284.52,139.10,32.92,162.30,0.551,-1,-1,-1
641,192,427.20,4.99,203.21,339.43,0.803,-1,-1,-1
642,169,413.88,125.09,237.35,363.93,0.533,-1,-1,-1
642,183,238.57,119.96,64.14,236.02,0.866,-1,-1,-1
642,187,305.90,118.44,63.77,234.69,0.880,-1,-1,-1
642,188,64.91,15.20,155.72,358.69,0.729,-1,-1,-1
642,190,279.91,141.92,32.86,161.74,0.566,-1,-1,-1
642,192,419.24,5.05,205.19,341.57,0.855,-1,-1,-1
642,193,-13.09,55.98,140.09,328.78,0.753,-1,-1,-1
643,183,235.60,121.61,63.97,236.74,0.862,-1,-1,-1
643,187,303.34,119.30,63.74,233.22,0.871,-1,-1,-1
643,188,55.59,6.84,162.21,361.79,0.764,-1,-1,-1
643,190,275.53,144.41,32.73,160.69,-1.000,-1,-1,-1
643,192,416.31,4.41,204.43,338.66,0.840,-1,-1,-1
644,183,227.81,124.18,64.22,236.72,0.854,-1,-1,-1
644,187,300.01,121.68,62.99,228.89,0.889,-1,-1,-1
644,188,49.88,5.31,163.50,355.32,0.824,-1,-1,-1
644,190,271.15,146.90,32.61,159.65,0.786,-1,-1,-1
644,192,415.28,4.15,202.39,332.84,0.845,-1,-1,-1
645,183,224.74,124.51,62.52,232.05,0.844,-1,-1,-1
645,187,295.50,121.09,63.05,227.60,0.887,-1,-1,-1
645,188,53.58,4.41,166.01,356.72,0.747,-1,-1,-1
645,190,266.68,147.00,32.69,159.47,0.698,-1,-1,-1
645,192,412.02,4.49,206.15,337.02,0.754,-1,-1,-1
646,183,222.35,124.37,58.73,218.68,0.762,-1,-1,-1
646,187,290.12,121.83,63.37,228.26,0.880,-1,-1,-1
646,188,58.96,22.70,164.89,354.21,0.721,-1,-1,-1
646,190,260.45,147.33,32.65,157.83,0.663,-1,-1,-1
646,192,410.80,4.44,207.86,338.21,0.656,-1,-1,-1
647,183,219.92,126.54,55.37,206.00,0.771,-1,-1,-1
647,187,285.49,125.16,63.51,228.28,0.867,-1,-1,-1
647,188,61.62,31.23,165.98,356.98,0.749,-1,-1,-1
647,190,254.88,148.59,32.89,156.86,0.809,-1,-1,-1
647,192,411.03,4.63,208.99,338.02,0.723,-1,-1,-1
648,183,217.16,129.10,54.46,203.44,0.830,-1,-1,-1
648,187,282.63,128.23,63.80,229.20,0.871,-1,-1,-1
648,188,61.22,32.56,167.29,361.16,0.803,-1,-1,-1
648,190,253.40,150.37,32.82,155.96,0.707,-1,-1,-1
648,192,409.91,4.70,209.05,335.97,0.656,-1,-1,-1
649,183,215.51,134.05,54.71,205.27,0.858,-1,-1,-1
649,187,280.43,131.48,63.45,226.83,0.875,-1,-1,-1
649,188,61.95,42.16,168.25,364.54,0.817,-1,-1,-1
649,190,253.40,154.24,31.55,150.55,0.756,-1,-1,-1
649,192,410.97,2.15,205.21,326.49,0.698,-1,-1,-1
650,183,214.21,135.10,55.23,208.45,0.872,-1,-1,-1
650,187,277.98,131.18,63.15,224.30,0.882,-1,-1,-1
650,188,62.02,54.49,164.47,357.25,0.658,-1,-1,-1
650,190,251.23,155.85,31.59,151.49,0.619,-1,-1,-1
650,192,405.29,0.81,220.51,350.18,0.724,-1,-1,-1
651,183,205.55,131.35,57.18,213.07,0.840,-1,-1,-1
651,187,271.97,126.23,62.57,220.92,0.875,-1,-1,-1
651,188,59.34,29.34,164.03,357.60,0.645,-1,-1,-1
651,190,246.93,153.22,30.76,148.11,0.602,-1,-1,-1
651,192,404.80,2.72,220.11,347.01,0.769,-1,-1,-1
652,183,204.43,130.52,57.92,215.53,0.861,-1,-1,-1
652,187,267.55,126.87,63.21,221.85,0.882,-1,-1,-1
652,188,59.82,33.17,161.73,354.12,0.670,-1,-1,-1
652,192,408.14,2.20,215.77,337.25,0.769,-1,-1,-1
653,183,203.39,133.46,58.63,218.97,0.874,-1,-1,-1
653,187,264.67,132.16,63.83,222.56,0.879,-1,-1,-1
653,188,59.77,22.86,160.20,350.93,0.522,-1,-1,-1
653,192,408.83,3.67,217.49,338.35,0.714,-1,-1,-1
654,183,201.85,133.69,58.31,219.31,0.845,-1,-1,-1
654,187,262.48,132.59,64.20,222.00,0.863,-1,-1,-1
654,188,52.33,12.02,157.45,340.51,0.710,-1,-1,-1
654,192,406.16,4.39,217.96,336.40,0.696,-1,-1,-1
655,183,198.44,134.69,58.72,219.24,0.873,-1,-1,-1
655,187,262.97,132.53,64.46,221.83,0.870,-1,-1,-1
655,188,45.39,7.28,158.69,336.76,0.760,-1,-1,-1
655,192,406.71,4.63,219.55,337.50,0.711,-1,-1,-1
656,183,201.32,135.37,57.75,217.92,0.838,-1,-1,-1
656,187,265.61,131.10,64.09,220.17,0.863,-1,-1,-1
656,188,34.85,3.01,169.60,354.13,0.813,-1,-1,-1
656,192,408.16,4.61,219.01,336.59,0.587,-1,-1,-1
657,183,204.85,131.18,56.10,212.53,0.788,-1,-1,-1
657,187,270.41,125.76,63.11,215.39,0.895,-1,-1,-1
657,188,34.92,4.40,167.94,343.72,0.771,-1,-1,-1
657,192,410.57,4.62,218.33,334.79,0.586,-1,-1,-1
658,183,211.51,128.35,54.78,208.48,0.814,-1,-1,-1
658,187,274.81,121.82,63.09,214.34,0.875,-1,-1,-1
658,188,37.87,10.95,173.75,353.42,0.725,-1,-1,-1
658,192,407.89,4.50,217.42,331.19,0.668,-1,-1,-1
658,194,391.61,108.10,220.85,372.18,0.608,-1,-1,-1
659,183,214.06,127.12,54.16,204.46,0.744,-1,-1,-1
659,187,279.91,120.21,63.59,214.93,0.867,-1,-1,-1
659,188,51.92,10.14,173.44,352.86,0.794,-1,-1,-1
659,192,397.82,4.33,219.90,332.68,0.715,-1,-1,-1
660,183,214.05,131.70,52.18,194.66,0.783,-1,-1,-1
660,187,279.15,125.26,63.55,214.18,0.872,-1,-1,-1
660,188,59.90,10.60,171.98,352.29,0.736,-1,-1,-1
660,192,392.97,4.48,224.39,338.17,0.792,-1,-1,-1
661,183,219.23,134.37,50.82,190.62,0.791,-1,-1,-1
661,187,278.15,128.31,63.58,212.72,0.870,-1,-1,-1
661,188,69.87,8.34,167.05,343.06,0.587,-1,-1,-1
661,192,394.91,4.47,226.12,340.17,0.718,-1,-1,-1
662,183,221.40,136.91,48.77,183.56,0.660,-1,-1,-1
662,187,276.11,130.64,63.54,211.30,0.879,-1,-1,-1
662,188,76.99,6.42,163.26,335.43,0.588,-1,-1,-1
662,192,398.33,4.83,227.80,340.90,0.752,-1,-1,-1
663,183,223.50,136.32,47.31,176.89,-1.000,-1,-1,-1
663,187,276.18,131.23,62.56,207.05,0.885,-1,-1,-1
663,188,79.55,5.51,169.54,351.73,0.817,-1,-1,-1
663,192,401.48,4.96,228.91,341.49,0.769,-1,-1,-1
663,195,29.14,129.97,76.89,209.71,0.762,-1,-1,-1
664,183,225.61,135.73,45.86,170.21,0.618,-1,-1,-1
664,187,276.46,131.38,62.51,205.08,0.882,-1,-1,-1
664,188,81.96,9.51,167.61,350.81,0.796,-1,-1,-1
664,192,403.89,4.92,228.91,340.74,0.660,-1,-1,-1
664,195,25.14,125.88,79.83,218.31,0.849,-1,-1,-1
665,183,227.79,133.18,45.87,167.53,0.755,-1,-1,-1
665,187,277.99,129.24,62.91,205.49,0.881,-1,-1,-1
665,188,87.62,12.76,161.47,339.22,0.684,-1,-1,-1
665,192,403.94,2.90,234.94,350.58,0.515,-1,-1,-1
665,195,12.17,115.83,84.19,230.30,0.855,-1,-1,-1
666,183,229.59,131.55,46.74,168.95,0.787,-1,-1,-1
666,187,279.99,127.96,63.34,205.67,0.878,-1,-1,-1
666,188,91.18,13.23,160.01,337.45,0.533,-1,-1,-1
666,192,407.32,3.37,232.05,346.20,0.540,-1,-1,-1
666,195,6.12,107.30,87.96,240.22,0.861,-1,-1,-1
667,183,231.15,132.57,47.12,169.89,0.806,-1,-1,-1
667,187,280.84,127.94,63.36,205.06,0.884,-1,-1,-1
667,188,88.80,39.18,161.60,344.35,0.710,-1,-1,-1
667,192,415.18,3.78,229.01,342.98,0.515,-1,-1,-1
667,195,-2.76,98.74,91.04,250.09,0.929,-1,-1,-1
668,183,233.61,134.47,47.10,168.89,0.674,-1,-1,-1
668,187,284.20,129.92,63.30,203.78,0.855,-1,-1,-1
668,188,92.75,27.80,165.16,355.10,0.647,-1,-1,-1
668,192,419.76,14.01,236.42,357.91,0.543,-1,-1,-1
668,195,-8.23,94.86,93.48,259.32,0.915,-1,-1,-1
669,183,237.67,132.34,48.51,175.13,0.645,-1,-1,-1
669,187,287.53,127.21,62.55,200.62,0.877,-1,-1,-1
669,188,91.32,47.97,164.94,352.92,0.803,-1,-1,-1
669,192,428.19,10.46,230.09,351.89,0.542,-1,-1,-1
669,195,-13.71,88.24,94.24,266.10,0.917,-1,-1,-1
669,196,64.66,91.14,54.44,264.08,0.775,-1,-1,-1
669,197,405.98,104.89,71.93,262.39,0.852,-1,-1,-1
670,183,239.10,130.42,50.84,184.05,0.758,-1,-1,-1
670,187,291.58,125.14,62.11,198.48,0.874,-1,-1,-1
670,188,87.68,26.06,168.28,359.13,0.786,-1,-1,-1
670,192,426.43,47.31,239.76,371.58,0.557,-1,-1,-1
670,195,-18.51,88.06,93.27,269.90,0.910,-1,-1,-1
670,196,58.18,84.59,58.47,282.44,0.769,-1,-1,-1
670,197,409.24,103.28,71.23,258.20,0.851,-1,-1,-1
671,183,239.79,132.66,51.96,188.15,0.703,-1,-1,-1
671,187,292.39,128.54,62.48,198.51,0.891,-1,-1,-1
671,188,83.14,24.59,170.73,361.75,0.759,-1,-1,-1
671,192,431.89,79.60,236.02,370.80,0.564,-1,-1,-1
671,195,-21.88,97.65,89.93,267.00,0.853,-1,-1,-1
671,196,52.37,84.22,62.37,299.17,0.709,-1,-1,-1
671,197,410.06,108.18,72.08,259.57,0.861,-1,-1,-1
672,183,241.01,141.18,51.70,187.64,0.722,-1,-1,-1
672,187,293.45,136.99,62.55,198.97,0.881,-1,-1,-1
672,188,78.03,32.63,172.70,361.13,0.781,-1,-1,-1
672,192,433.92,86.40,239.62,382.70,0.563,-1,-1,-1
672,196,41.28,84.18,66.85,316.77,0.755,-1,-1,-1
672,197,406.55,117.57,75.31,269.81,0.805,-1,-1,-1
673,183,246.39,140.70,50.19,182.94,0.793,-1,-1,-1
673,187,296.53,134.87,62.02,197.84,0.854,-1,-1,-1
673,188,80.05,32.32,171.57,356.85,0.790,-1,-1,-1
673,192,438.63,117.62,224.74,361.56,0.569,-1,-1,-1
673,196,31.67,72.20,71.70,333.26,0.853,-1,-1,-1
673,197,408.09,114.63,75.47,268.44,0.819,-1,-1,-1
674,183,245.11,137.39,51.71,188.48,0.817,-1,-1,-1
674,187,294.89,131.94,61.16,195.90,0.873,-1,-1,-1
674,188,83.33,61.47,167.93,348.73,0.754,-1,-1,-1
674,196,19.75,56.14,76.46,348.89,0.855,-1,-1,-1
674,197,405.16,108.84,76.37,269.96,0.717,-1,-1,-1
675,183,240.03,138.20,51.80,186.16,0.742,-1,-1,-1
675,187,290.52,134.00,59.91,192.18,0.863,-1,-1,-1
675,188,87.76,80.03,163.94,342.05,0.777,-1,-1,-1
675,196,9.52,43.49,77.62,351.42,0.836,-1,-1,-1
675,197,399.57,109.46,75.85,266.48,0.810,-1,-1,-1
676,183,238.43,140.27,51.61,186.15,0.809,-1,-1,-1
676,187,285.98,137.81,59.08,189.18,0.880,-1,-1,-1
676,188,86.13,66.56,167.70,353.76,0.772,-1,-1,-1
676,196,0.16,32.53,81.70,370.73,0.637,-1,-1,-1
676,197,394.63,112.88,76.08,266.07,0.845,-1,-1,-1
677,183,238.96,140.32,51.58,186.66,0.707,-1,-1,-1
677,187,284.99,138.77,59.18,189.52,0.879,-1,-1,-1
677,188,89.95,71.21,163.97,346.76,0.749,-1,-1,-1
677,196,-6.28,28.99,82.10,374.21,0.636,-1,-1,-1
677,197,394.30,113.89,77.51,269.33,0.835,-1,-1,-1
678,183,233.89,139.58,52.05,187.61,0.782,-1,-1,-1
678,187,282.81,137.54,59.57,190.59,0.872,-1,-1,-1
678,188,91.30,67.02,164.88,351.15,0.644,-1,-1,-1
678,197,392.62,113.62,78.77,271.54,0.746,-1,-1,-1
678,198,454.71,2.78,189.64,335.80,0.660,-1,-1,-1
679,183,233.41,143.19,51.85,187.58,0.731,-1,-1,-1
679,187,281.66,140.55,59.60,190.81,0.876,-1,-1,-1
679,188,94.12,71.52,164.39,352.97,0.694,-1,-1,-1
679,197,385.66,115.27,81.08,275.97,0.793,-1,-1,-1
679,198,454.47,4.05,191.79,340.30,0.532,-1,-1,-1
680,183,232.69,147.70,51.63,187.32,0.766,-1,-1,-1
680,187,281.37,144.06,59.47,190.37,0.887,-1,-1,-1
680,188,98.40,88.08,158.85,342.89,0.753,-1,-1,-1
680,197,379.97,118.04,82.48,277.26,0.859,-1,-1,-1
680,198,462.20,2.96,180.05,319.25,-1.000,-1,-1,-1
681,183,230.49,148.40,51.71,188.08,0.758,-1,-1,-1
681,187,280.75,144.28,58.74,188.64,0.876,-1,-1,-1
681,188,94.66,98.42,154.78,337.23,0.695,-1,-1,-1
681,197,377.55,117.17,84.01,280.41,0.819,-1,-1,-1
681,198,469.94,1.88,168.30,298.21,0.699,-1,-1,-1
682,183,226.47,146.50,51.31,186.03,0.820,-1,-1,-1
682,187,277.69,142.45,58.31,186.51,0.861,-1,-1,-1
682,188,91.53,103.00,152.56,335.42,0.713,-1,-1,-1
682,197,373.02,114.56,83.17,276.57,0.847,-1,-1,-1
682,198,473.03,0.88,167.51,297.03,0.758,-1,-1,-1
682,199,57.92,128.76,55.11,207.73,0.803,-1,-1,-1
683,183,227.74,145.80,50.27,184.04,0.812,-1,-1,-1
683,187,276.22,142.52,58.14,185.69,0.860,-1,-1,-1
683,188,94.80,102.56,153.59,340.07,0.791,-1,-1,-1
683,197,365.87,113.47,83.88,275.17,0.807,-1,-1,-1
683,198,476.96,0.05,166.43,295.70,0.714,-1,-1,-1
683,199,51.09,125.60,58.38,219.67,0.776,-1,-1,-1
684,183,228.12,143.94,49.98,184.84,0.787,-1,-1,-1
684,187,274.59,140.56,58.81,187.12,0.868,-1,-1,-1
684,188,88.64,59.87,157.05,349.07,0.807,-1,-1,-1
684,197,361.64,111.45,85.55,278.22,0.816,-1,-1,-1
684,198,481.29,-0.08,165.93,296.22,0.764,-1,-1,-1
684,199,43.43,116.98,62.72,235.02,0.792,-1,-1,-1
685,183,227.77,143.47,49.68,184.36,0.737,-1,-1,-1
685,187,273.97,138.76,59.35,188.41,0.874,-1,-1,-1
685,188,81.64,38.12,160.37,355.80,0.757,-1,-1,-1
685,197,362.14,110.67,86.79,280.89,0.870,-1,-1,-1
685,198,485.43,-0.32,164.06,293.94,0.555,-1,-1,-1
685,199,32.76,109.82,66.10,245.65,0.714,-1,-1,-1
686,183,226.77,143.18,49.49,184.05,0.828,-1,-1,-1
686,187,273.21,137.17,59.31,187.87,0.810,-1,-1,-1
686,188,77.14,31.10,161.52,356.27,0.808,-1,-1,-1
686,197,359.22,110.57,88.26,284.01,0.829,-1,-1,-1
686,199,21.80,98.02,70.87,260.84,0.786,-1,-1,-1
687,183,227.05,141.71,48.79,182.83,0.763,-1,-1,-1
687,187,271.93,135.95,59.23,187.57,0.836,-1,-1,-1
687,188,74.59,32.13,160.37,350.52,0.796,-1,-1,-1
687,197,358.32,109.54,89.59,287.19,0.839,-1,-1,-1
687,199,10.53,85.52,75.72,276.16,0.844,-1,-1,-1
688,183,226.31,139.25,47.27,179.16,0.782,-1,-1,-1
688,187,269.25,132.73,58.48,185.14,0.865,-1,-1,-1
688,188,71.06,31.09,161.08,348.93,0.815,-1,-1,-1
688,197,357.44,106.50,90.19,287.07,0.843,-1,-1,-1
688,199,2.95,74.36,76.95,279.68,0.813,-1,-1,-1
689,183,224.63,138.91,46.79,179.22,0.821,-1,-1,-1
689,187,266.03,131.96,58.41,185.43,0.862,-1,-1,-1
689,188,74.54,65.43,158.33,340.86,0.831,-1,-1,-1
689,197,356.69,105.41,89.19,282.60,0.865,-1,-1,-1
689,199,-3.94,67.57,79.08,288.45,0.781,-1,-1,-1
690,183,219.12,138.93,47.31,179.78,0.749,-1,-1,-1
690,187,263.33,132.18,58.65,186.29,0.884,-1,-1,-1
690,188,77.11,49.76,157.64,340.28,0.788,-1,-1,-1
690,197,355.20,104.15,88.26,278.24,0.834,-1,-1,-1
690,199,-5.76,70.86,71.99,262.41,-1.000,-1,-1,-1
690,200,312.74,151.83,38.07,138.46,0.822,-1,-1,-1
691,187,261.87,134.64,58.53,186.35,0.873,-1,-1,-1
691,188,86.45,42.93,156.38,340.72,0.809,-1,-1,-1
691,197,353.78,103.42,88.22,276.96,0.845,-1,-1,-1
691,199,-7.58,74.15,64.89,236.37,0.596,-1,-1,-1
691,200,314.17,153.06,38.61,139.74,0.841,-1,-1,-1
692,187,261.04,138.39,57.96,185.01,0.875,-1,-1,-1
692,188,94.40,70.16,154.12,339.16,0.812,-1,-1,-1
692,197,351.17,103.37,90.02,282.12,0.768,-1,-1,-1
692,199,-7.92,82.17,56.75,208.00,0.600,-1,-1,-1
692,200,315.77,151.71,40.01,143.97,0.852,-1,-1,-1
693,187,262.65,135.14,57.87,185.54,0.858,-1,-1,-1
693,188,100.44,72.96,152.76,339.29,0.768,-1,-1,-1
693,197,350.60,101.65,91.30,285.33,0.804,-1,-1,-1
693,200,319.31,146.93,40.81,145.94,0.851,-1,-1,-1
693,201,43.84,129.38,64.16,188.57,0.861,-1,-1,-1
694,187,263.21,131.10,57.35,183.92,0.835,-1,-1,-1
694,188,107.13,78.15,150.60,336.00,0.721,-1,-1,-1
694,197,349.42,98.39,92.38,287.99,0.803,-1,-1,-1
694,200,320.86,140.42,42.07,150.18,0.755,-1,-1,-1
694,201,30.72,125.38,66.99,195.75,0.895,-1,-1,-1
694,202,446.38,4.03,174.30,346.40,0.717,-1,-1,-1
695,187,264.15,129.01,56.02,180.01,0.841,-1,-1,-1
695,188,114.25,86.23,146.13,326.81,0.850,-1,-1,-1
695,197,344.82,95.81,93.09,290.22,0.835,-1,-1,-1
695,200,324.25,136.07,38.88,137.42,0.512,-1,-1,-1
695,201,17.80,121.04,71.20,207.40,0.901,-1,-1,-1
695,202,447.03,2.29,170.41,337.06,0.792,-1,-1,-1
696,187,266.36,130.75,55.96,180.54,0.839,-1,-1,-1
696,188,118.09,90.69,145.81,326.86,0.578,-1,-1,-1
696,197,342.59,98.40,92.33,287.38,0.826,-1,-1,-1
696,200,330.90,134.86,34.38,120.18,0.512,-1,-1,-1
696,201,8.40,118.63,75.39,219.20,0.889,-1,-1,-1
696,202,453.43,1.41,167.00,329.40,0.667,-1,-1,-1
696,203,95.64,142.99,38.63,153.95,0.856,-1,-1,-1
697,187,267.51,131.68,56.38,181.82,0.828,-1,-1,-1
697,188,124.00,90.37,147.71,332.63,0.748,-1,-1,-1
697,197,341.65,96.48,91.25,284.08,0.858,-1,-1,-1
697,201,3.40,114.99,78.90,228.21,0.870,-1,-1,-1
697,202,474.64,0.86,149.40,293.51,0.703,-1,-1,-1
697,203,94.31,143.13,39.33,156.61,0.845,-1,-1,-1
698,187,267.91,133.63,56.08,180.25,0.847,-1,-1,-1
698,188,130.53,62.50,147.58,335.74,0.714,-1,-1,-1
698,197,338.14,93.82,91.81,284.41,0.846,-1,-1,-1
698,201,-3.31,108.33,82.32,238.84,0.841,-1,-1,-1
698,202,477.70,0.52,145.97,285.50,0.700,-1,-1,-1
698,203,89.32,140.85,40.47,161.05,0.808,-1,-1,-1
699,187,267.89,139.11,55.32,178.33,0.886,-1,-1,-1
699,188,133.50,55.17,147.98,340.95,0.808,-1,-1,-1
699,197,334.48,96.42,92.34,284.98,0.858,-1,-1,-1
699,201,-7.21,106.10,83.81,244.30,0.795,-1,-1,-1
699,202,476.53,0.46,147.01,285.87,0.725,-1,-1,-1
699,203,84.32,142.62,41.91,166.95,0.755,-1,-1,-1
699,204,106.04,168.00,48.68,180.81,0.757,-1,-1,-1
700,187,270.24,144.32,54.62,177.48,0.851,-1,-1,-1
700,188,131.69,66.40,151.98,350.16,0.793,-1,-1,-1
700,197,332.65,103.56,93.10,287.03,0.853,-1,-1,-1
700,201,-12.39,106.82,86.58,255.22,0.791,-1,-1,-1
700,202,475.30,0.26,148.79,287.57,0.725,-1,-1,-1
700,204,97.34,172.21,51.42,190.90,0.831,-1,-1,-1
701,187,269.84,140.27,53.19,174.47,0.831,-1,-1,-1
701,188,129.27,59.76,151.12,343.52,0.821,-1,-1,-1
701,197,326.54,102.72,94.18,289.96,0.878,-1,-1,-1
701,201,-16.09,117.68,81.72,243.03,0.549,-1,-1,-1
701,202,475.38,0.16,148.96,286.58,0.609,-1,-1,-1
701,204,85.11,165.87,54.95,203.31,0.803,-1,-1,-1
702,187,267.62,138.36,52.05,171.93,0.820,-1,-1,-1
702,188,128.13,58.30,151.30,340.00,0.808,-1,-1,-1
702,197,320.57,101.09,95.39,293.49,0.845,-1,-1,-1
702,201,-1.25,135.61,64.99,193.58,0.818,-1,-1,-1
702,202,467.04,6.67,161.14,309.97,-1.000,-1,-1,-1
702,204,68.25,160.09,58.39,214.48,0.876,-1,-1,-1
703,187,267.15,138.94,50.37,167.09,0.783,-1,-1,-1
703,188,126.15,55.68,153.44,341.11,0.830,-1,-1,-1
703,197,313.52,101.64,95.99,293.62,0.825,-1,-1,-1
703,201,2.29,144.55,58.56,174.11,0.848,-1,-1,-1
703,202,458.71,13.19,173.33,333.36,0.509,-1,-1,-1
703,204,53.65,157.78,62.51,227.33,0.828,-1,-1,-1
704,187,265.29,141.61,49.26,163.98,0.781,-1,-1,-1
704,188,124.54,56.92,156.78,347.88,0.808,-1,-1,-1
704,197,311.32,101.88,93.87,287.95,0.861,-1,-1,-1
704,201,-1.27,147.65,56.79,169.48,0.850,-1,-1,-1
704,202,452.00,11.61,179.60,344.82,-1.000,-1,-1,-1
704,204,36.61,154.61,68.28,245.42,0.886,-1,-1,-1
705,187,261.81,142.33,49.20,164.48,0.792,-1,-1,-1
705,188,126.65,53.76,154.86,344.80,0.799,-1,-1,-1
705,197,305.77,99.21,92.81,283.21,0.841,-1,-1,-1
705,202,445.29,10.04,185.87,356.28,0.578,-1,-1,-1
705,204,17.27,150.55,73.79,261.27,0.905,-1,-1,-1
706,187,258.64,141.99,48.70,163.25,0.762,-1,-1,-1
706,188,130.27,50.43,153.68,344.87,0.770,-1,-1,-1
706,197,300.38,97.18,92.67,282.88,0.832,-1,-1,-1
706,202,437.79,6.36,188.46,358.77,0.540,-1,-1,-1
706,204,2.58,145.79,78.47,277.84,0.888,-1,-1,-1
706,205,72.18,109.12,68.96,247.47,0.896,-1,-1,-1
706,206,378.95,105.20,65.20,230.07,0.650,-1,-1,-1
707,188,130.42,52.14,151.59,342.47,0.845,-1,-1,-1
707,197,295.09,97.27,92.85,283.59,0.859,-1,-1,-1
707,202,429.75,3.61,192.15,361.59,0.681,-1,-1,-1
707,204,-9.29,139.75,82.26,294.99,0.846,-1,-1,-1
707,205,55.98,104.77,73.74,263.03,0.860,-1,-1,-1
707,206,371.56,103.15,66.73,236.04,0.715,-1,-1,-1
707,207,423.12,129.42,189.20,349.39,0.526,-1,-1,-1
708,188,127.65,43.20,150.74,342.47,0.842,-1,-1,-1
708,197,288.97,98.13,94.27,288.42,0.856,-1,-1,-1
708,202,421.88,4.67,190.96,351.55,0.740,-1,-1,-1
708,204,-21.13,131.26,85.04,310.63,0.681,-1,-1,-1
708,205,38.94,100.03,75.80,268.62,0.850,-1,-1,-1
708,207,411.14,141.95,182.57,335.36,0.539,-1,-1,-1
709,188,122.94,43.14,152.42,349.83,0.834,-1,-1,-1
709,197,282.59,98.76,95.59,292.09,0.834,-1,-1,-1
709,202,403.46,5.15,194.22,349.67,-1.000,-1,-1,-1
709,205,17.23,91.92,81.53,286.10,0.882,-1,-1,-1
709,207,408.36,147.86,179.98,328.95,0.500,-1,-1,-1
710,188,119.82,40.31,153.41,356.03,0.848,-1,-1,-1
710,197,278.04,97.27,96.89,295.99,0.813,-1,-1,-1
710,202,385.04,5.62,197.48,347.79,0.860,-1,-1,-1
710,205,4.42,81.61,87.26,304.91,0.869,-1,-1,-1
711,188,117.86,43.96,151.74,355.24,0.841,-1,-1,-1
711,197,273.42,91.60,98.91,300.11,0.809,-1,-1,-1
711,202,354.54,4.95,206.79,346.05,0.905,-1,-1,-1
711,205,-3.29,66.76,92.73,323.94,0.851,-1,-1,-1
711,208,245.77,139.37,42.10,117.92,0.755,-1,-1,-1
712,188,115.19,44.30,150.33,356.35,0.871,-1,-1,-1
712,197,268.54,105.11,93.86,281.71,0.664,-1,-1,-1
712,202,340.70,5.15,210.46,340.47,0.832,-1,-1,-1
712,205,-14.47,55.81,96.35,340.20,0.761,-1,-1,-1
712,208,244.49,141.55,40.80,114.22,0.674,-1,-1,-1
713,188,111.44,38.47,151.78,362.97,0.791,-1,-1,-1
713,197,261.55,93.86,96.77,287.41,0.828,-1,-1,-1
713,202,349.68,5.46,211.32,338.75,0.669,-1,-1,-1
713,205,-18.99,40.52,93.36,333.46,0.771,-1,-1,-1
713,208,244.17,142.17,37.94,106.11,0.699,-1,-1,-1
714,188,108.52,40.40,149.84,359.05,0.839,-1,-1,-1
714,197,257.98,91.08,98.87,290.30,0.865,-1,-1,-1
714,202,372.47,5.37,215.30,338.25,0.825,-1,-1,-1
714,205,-13.48,64.19,80.10,287.38,0.863,-1,-1,-1
714,208,246.09,143.20,36.09,100.93,0.750,-1,-1,-1
714,209,34.43,94.43,61.44,228.69,0.756,-1,-1,-1
715,188,105.74,37.31,150.92,361.45,0.835,-1,-1,-1
715,197,262.77,89.08,100.50,296.24,0.859,-1,-1,-1
715,202,383.78,5.37,219.86,339.62,0.818,-1,-1,-1
715,205,-12.01,62.38,77.56,280.28,0.826,-1,-1,-1
715,208,249.35,140.56,35.93,100.45,0.719,-1,-1,-1
715,209,34.11,87.56,63.66,236.24,0.805,-1,-1,-1
716,188,105.21,41.73,149.86,356.59,0.861,-1,-1,-1
716,197,266.96,90.67,101.08,298.39,0.881,-1,-1,-1
716,202,389.01,5.11,223.30,341.13,0.745,-1,-1,-1
716,208,254.08,141.40,35.28,98.45,0.783,-1,-1,-1
716,209,30.61,83.50,67.84,250.57,0.836,-1,-1,-1
717,188,105.08,44.19,149.88,352.82,0.868,-1,-1,-1
717,197,269.45,92.92,103.01,301.19,0.860,-1,-1,-1
717,202,393.08,4.90,225.09,341.52,0.647,-1,-1,-1
717,208,259.86,142.65,35.06,97.37,0.786,-1,-1,-1
717,209,25.06,78.30,72.42,263.44,0.887,-1,-1,-1
718,188,105.80,51.99,150.83,351.30,0.833,-1,-1,-1
718,197,276.29,94.83,103.13,302.40,0.841,-1,-1,-1
718,202,394.81,5.07,227.57,341.70,0.803,-1,-1,-1
718,208,265.28,146.32,35.53,98.50,0.794,-1,-1,-1
718,209,17.51,74.83,79.43,284.30,0.904,-1,-1,-1
719,188,109.33,60.00,150.66,346.76,0.825,-1,-1,-1
719,197,285.15,96.21,102.43,300.91,0.869,-1,-1,-1
719,202,395.66,5.12,230.38,343.59,0.742,-1,-1,-1
719,208,269.99,149.14,37.05,102.65,0.784,-1,-1,-1
719,209,14.34,72.69,84.33,296.43,0.914,-1,-1,-1
720,188,110.77,67.34,149.38,340.31,0.836,-1,-1,-1
720,197,293.13,96.97,100.38,295.15,0.827,-1,-1,-1
720,202,395.48,2.84,239.44,358.02,0.680,-1,-1,-1
720,208,274.05,150.58,38.75,107.70,0.706,-1,-1,-1
720,209,12.24,70.91,89.59,310.72,0.892,-1,-1,-1
721,188,110.31,62.78,152.65,348.27,0.815,-1,-1,-1
721,197,298.48,96.43,99.75,293.88,0.839,-1,-1,-1
721,202,398.88,3.92,235.12,350.01,0.752,-1,-1,-1
721,208,280.40,149.56,37.22,103.52,0.675,-1,-1,-1
721,209,7.99,61.36,95.00,326.82,0.883,-1,-1,-1
722,188,114.47,58.26,149.93,343.68,0.851,-1,-1,-1
722,197,300.83,96.42,99.20,290.84,0.812,-1,-1,-1
722,202,402.80,4.29,231.27,343.39,0.621,-1,-1,-1
722,208,286.25,149.99,35.63,99.20,0.750,-1,-1,-1
722,209,5.69,53.79,97.99,334.38,0.898,-1,-1,-1
723,188,123.09,56.50,147.56,343.10,0.865,-1,-1,-1
723,197,304.54,99.46,102.63,300.66,0.842,-1,-1,-1
723,202,404.29,2.51,235.22,349.88,0.551,-1,-1,-1
723,208,292.44,152.59,34.76,97.30,0.759,-1,-1,-1
723,209,4.09,46.16,100.33,340.28,0.861,-1,-1,-1
724,188,129.12,56.08,146.75,346.80,0.880,-1,-1,-1
724,197,307.22,102.10,103.50,302.75,0.833,-1,-1,-1
724,202,399.99,50.12,241.22,359.34,0.529,-1,-1,-1
724,208,296.59,154.44,35.06,98.70,0.714,-1,-1,-1
724,209,0.72,36.00,105.78,358.75,0.850,-1,-1,-1
724,210,256.51,159.17,42.60,147.19,0.765,-1,-1,-1
725,188,135.42,56.70,143.60,344.24,0.853,-1,-1,-1
725,197,309.81,100.95,102.90,301.80,0.840,-1,-1,-1
725,202,404.43,29.53,241.13,360.45,0.562,-1,-1,-1
725,208,299.57,154.22,35.07,99.05,0.540,-1,-1,-1
725,209,-3.61,22.43,109.19,371.85,0.650,-1,-1,-1
725,210,260.59,158.06,43.68,150.93,0.831,-1,-1,-1
725,211,123.11,199.18,15.28,46.17,0.717,-1,-1,-1
726,188,142.37,63.95,138.92,338.56,0.884,-1,-1,-1
726,197,313.44,100.38,102.55,301.95,0.825,-1,-1,-1
726,202,404.01,19.49,244.81,367.81,0.642,-1,-1,-1
726,208,303.45,154.37,34.40,97.36,0.596,-1,-1,-1
726,209,-6.46,15.11,108.47,370.96,0.549,-1,-1,-1
726,210,263.87,155.96,44.07,152.42,0.841,-1,-1,-1
726,211,126.14,198.81,15.58,47.02,0.767,-1,-1,-1
726,212,93.80,187.92,23.89,70.13,0.803,-1,-1,-1
726,213,143.03,195.54,14.95,50.71,0.758,-1,-1,-1
727,188,146.44,68.47,136.87,338.68,0.859,-1,-1,-1
727,197,313.09,96.98,101.59,300.62,0.835,-1,-1,-1
727,202,403.82,10.31,244.15,367.76,0.657,-1,-1,-1
727,208,306.27,152.69,33.58,95.45,0.627,-1,-1,-1
727,210,266.47,153.71,43.76,151.74,0.864,-1,-1,-1
727,211,127.55,196.21,15.95,48.12,0.746,-1,-1,-1
727,212,93.75,186.80,24.09,70.69,0.616,-1,-1,-1
727,213,145.08,194.02,14.82,50.28,0.800,-1,-1,-1
728,188,148.42,64.21,134.44,337.71,0.871,-1,-1,-1
728,197,314.41,94.97,99.50,294.79,0.815,-1,-1,-1
728,202,402.06,7.03,234.07,349.49,0.879,-1,-1,-1
728,208,307.30,150.73,32.26,92.37,0.661,-1,-1,-1
728,210,266.43,152.78,43.55,151.19,0.851,-1,-1,-1
728,211,126.53,194.60,16.33,49.24,0.691,-1,-1,-1
728,212,89.77,186.09,24.47,71.72,0.785,-1,-1,-1
728,213,143.63,193.17,14.96,50.82,0.786,-1,-1,-1
729,188,148.72,60.67,132.31,337.61,0.860,-1,-1,-1
729,197,312.08,92.70,99.62,296.49,0.862,-1,-1,-1
729,202,402.81,3.78,228.46,337.37,0.851,-1,-1,-1
729,208,307.23,149.67,31.16,89.72,0.591,-1,-1,-1
729,210,265.80,151.91,43.58,151.66,0.853,-1,-1,-1
729,211,124.41,193.50,16.38,49.43,0.692,-1,-1,-1
729,212,86.98,185.30,24.72,72.40,0.758,-1,-1,-1
729,213,141.96,193.38,14.63,49.76,0.754,-1,-1,-1
730,188,147.99,66.60,131.29,340.26,0.849,-1,-1,-1
730,197,311.42,97.94,99.95,297.63,0.876,-1,-1,-1
730,202,397.67,4.33,231.40,339.11,0.795,-1,-1,-1
730,210,265.92,156.58,43.56,151.50,0.853,-1,-1,-1
730,211,123.11,195.75,16.70,50.55,0.687,-1,-1,-1
730,212,83.49,188.90,25.16,73.17,0.817,-1,-1,-1
730,213,141.02,197.78,14.31,48.71,0.692,-1,-1,-1
731,188,149.00,70.38,129.77,340.20,0.864,-1,-1,-1
731,197,311.42,105.09,100.69,300.27,0.853,-1,-1,-1
731,202,399.53,4.32,232.24,340.32,0.539,-1,-1,-1
731,210,267.53,161.99,42.83,149.15,0.856,-1,-1,-1
731,211,123.10,200.23,16.63,50.30,0.723,-1,-1,-1
731,212,81.45,191.52,26.10,75.23,0.833,-1,-1,-1
732,188,150.04,74.23,128.48,337.68,0.828,-1,-1,-1
732,197,312.30,116.56,99.31,296.22,0.845,-1,-1,-1
732,210,268.34,165.04,42.29,147.65,0.844,-1,-1,-1
732,211,122.01,203.34,16.65,50.34,0.696,-1,-1,-1
732,212,78.02,192.95,26.98,77.36,0.815,-1,-1,-1
733,188,149.83,80.76,126.70,331.55,0.822,-1,-1,-1
733,197,311.99,113.18,100.92,301.76,0.860,-1,-1,-1
733,210,267.19,166.51,41.89,146.18,0.825,-1,-1,-1
733,212,71.53,194.05,28.02,79.55,0.833,-1,-1,-1
734,188,145.73,88.23,128.32,333.58,0.810,-1,-1,-1
734,197,312.36,114.31,99.61,298.86,0.859,-1,-1,-1
734,210,266.90,168.80,41.25,143.97,0.833,-1,-1,-1
734,212,66.82,197.78,28.64,80.40,0.870,-1,-1,-1
735,188,140.53,91.51,129.62,334.88,0.833,-1,-1,-1
735,197,313.82,111.01,98.64,295.77,0.848,-1,-1,-1
735,210,266.15,168.17,41.35,143.97,0.811,-1,-1,-1
735,212,62.56,197.42,28.84,80.89,0.810,-1,-1,-1
736,188,142.00,87.07,127.99,331.81,0.768,-1,-1,-1
736,197,313.49,107.64,97.90,294.30,0.854,-1,-1,-1
736,210,265.63,167.54,41.49,144.44,0.848,-1,-1,-1
736,212,56.83,194.81,29.58,82.02,0.822,-1,-1,-1
737,188,141.12,81.68,127.53,333.22,0.826,-1,-1,-1
737,197,312.60,106.72,97.39,292.79,0.862,-1,-1,-1
737,210,263.96,167.37,41.60,144.12,0.861,-1,-1,-1
737,212,50.06,191.18,30.64,84.37,0.843,-1,-1,-1
737,214,405.56,3.80,230.90,343.44,0.697,-1,-1,-1
738,188,138.94,79.36,126.84,334.41,0.857,-1,-1,-1
738,197,311.01,107.73,98.02,294.46,0.844,-1,-1,-1
738,210,262.65,166.49,41.71,143.43,0.870,-1,-1,-1
738,212,44.86,187.78,31.51,86.41,0.834,-1,-1,-1
738,214,407.53,4.07,228.35,339.50,0.591,-1,-1,-1
738,215,107.39,134.86,51.93,187.37,0.876,-1,-1,-1
739,188,136.78,79.24,125.29,333.64,0.852,-1,-1,-1
739,197,308.66,109.61,98.91,296.74,0.846,-1,-1,-1
739,210,261.76,165.51,42.17,143.12,0.866,-1,-1,-1
739,212,39.08,185.44,32.32,88.33,0.763,-1,-1,-1
739,214,394.27,58.52,243.56,362.69,0.531,-1,-1,-1
739,215,99.14,132.84,53.87,193.66,0.863,-1,-1,-1
740,188,135.96,86.44,123.94,334.07,0.844,-1,-1,-1
740,197,307.34,110.88,98.93,297.56,0.844,-1,-1,-1
740,210,262.71,164.19,42.84,142.79,0.812,-1,-1,-1
740,212,32.56,184.03,33.05,89.84,0.857,-1,-1,-1
740,214,392.50,97.90,245.28,365.70,0.633,-1,-1,-1
740,215,90.32,130.27,57.86,206.96,0.859,-1,-1,-1
741,188,136.01,86.31,119.25,323.89,0.873,-1,-1,-1
741,197,305.91,108.59,98.10,295.45,0.847,-1,-1,-1
741,210,262.86,161.76,43.22,142.92,0.839,-1,-1,-1
741,212,27.70,181.69,33.52,91.09,0.757,-1,-1,-1
741,214,389.23,115.99,246.50,367.77,0.578,-1,-1,-1
741,215,83.66,125.16,60.38,214.60,0.837,-1,-1,-1
742,188,135.92,89.60,118.68,325.96,0.854,-1,-1,-1
742,197,305.07,106.18,98.06,294.14,0.814,-1,-1,-1
742,210,263.84,161.85,43.05,141.91,0.850,-1,-1,-1
742,212,22.62,179.96,34.03,92.35,0.757,-1,-1,-1
742,214,391.23,64.88,247.87,370.13,0.581,-1,-1,-1
742,215,77.98,118.14,64.22,224.75,0.889,-1,-1,-1
742,216,237.69,151.62,29.34,136.70,0.794,-1,-1,-1
743,188,137.23,90.51,116.54,323.19,0.838,-1,-1,-1
743,197,303.36,104.30,96.07,288.68,0.846,-1,-1,-1
743,210,263.68,162.10,43.01,140.72,0.812,-1,-1,-1
743,212,15.89,176.51,34.99,94.83,0.779,-1,-1,-1
743,214,397.78,39.20,236.60,352.72,0.548,-1,-1,-1
743,215,67.61,108.73,68.40,235.56,0.897,-1,-1,-1
743,216,238.01,149.85,29.48,137.24,0.766,-1,-1,-1
744,188,141.28,86.44,113.50,317.90,0.867,-1,-1,-1
744,197,302.64,105.05,95.89,288.11,0.858,-1,-1,-1
744,210,264.87,162.32,43.08,140.25,0.834,-1,-1,-1
744,212,9.79,173.73,36.19,97.25,0.783,-1,-1,-1
744,214,381.75,16.63,245.98,366.57,0.716,-1,-1,-1
744,215,55.80,99.97,73.52,249.04,0.910,-1,-1,-1
744,216,239.29,149.36,29.56,137.45,0.739,-1,-1,-1
745,188,142.92,84.11,113.16,319.57,0.854,-1,-1,-1
745,197,304.54,102.40,96.49,290.21,0.860,-1,-1,-1
745,210,267.29,160.89,42.65,138.52,0.792,-1,-1,-1
745,212,4.83,171.84,36.27,97.78,0.633,-1,-1,-1
745,214,378.11,8.23,234.21,344.51,0.872,-1,-1,-1
745,215,39.57,93.08,79.19,262.04,0.902,-1,-1,-1
745,216,241.29,149.08,29.32,136.35,0.686,-1,-1,-1
746,188,149.95,84.05,111.26,317.63,0.879,-1,-1,-1
746,197,305.33,103.31,98.22,296.27,0.851,-1,-1,-1
746,210,271.95,160.27,42.39,137.68,0.783,-1,-1,-1
746,214,388.44,5.21,234.85,344.95,0.768,-1,-1,-1
746,215,23.51,89.14,87.05,281.79,0.888,-1,-1,-1
746,216,245.55,150.70,28.80,133.93,0.613,-1,-1,-1
746,217,121.76,135.07,46.74,177.39,0.885,-1,-1,-1
747,188,155.16,88.69,109.56,315.11,0.866,-1,-1,-1
747,197,307.59,105.10,99.26,299.31,0.866,-1,-1,-1
747,210,275.59,159.43,42.47,137.81,0.810,-1,-1,-1
747,214,394.26,4.04,234.43,343.27,0.799,-1,-1,-1
747,215,11.48,83.82,92.99,297.38,0.900,-1,-1,-1
747,216,249.88,151.59,28.35,131.66,0.603,-1,-1,-1
747,217,119.75,129.12,49.57,187.01,0.888,-1,-1,-1
748,188,159.56,92.27,109.55,316.35,0.880,-1,-1,-1
748,197,309.38,106.30,99.09,299.65,0.866,-1,-1,-1
748,210,277.80,160.01,42.55,137.43,0.664,-1,-1,-1
748,214,399.30,3.48,234.17,342.66,0.716,-1,-1,-1
748,215,-0.04,75.68,97.42,312.45,0.902,-1,-1,-1
748,216,255.88,152.47,22.16,100.31,0.567,-1,-1,-1
748,217,117.53,124.24,52.46,196.80,0.891,-1,-1,-1
749,188,161.38,95.57,110.69,320.51,0.877,-1,-1,-1
749,197,312.57,108.63,97.98,297.19,0.859,-1,-1,-1
749,210,281.29,163.50,42.35,136.12,0.738,-1,-1,-1
749,214,400.50,3.87,234.47,342.87,0.796,-1,-1,-1
749,215,-8.32,67.28,100.13,324.47,0.862,-1,-1,-1
749,216,258.87,151.94,25.48,114.22,-1.000,-1,-1,-1
749,217,113.74,121.33,55.33,206.09,0.908,-1,-1,-1
750,188,165.59,95.49,110.80,321.77,0.876,-1,-1,-1
750,197,318.14,106.49,94.93,288.25,0.867,-1,-1,-1
750,210,287.45,164.58,42.77,136.71,0.801,-1,-1,-1
750,214,403.33,3.74,233.83,341.87,0.775,-1,-1,-1
750,215,-16.51,53.48,106.92,350.11,0.639,-1,-1,-1
750,216,261.86,151.42,28.80,128.13,0.729,-1,-1,-1
750,217,112.06,115.33,58.35,214.50,0.903,-1,-1,-1
751,188,172.11,92.95,109.20,318.83,0.895,-1,-1,-1
751,197,324.64,100.31,95.18,288.02,0.817,-1,-1,-1
751,210,294.96,162.69,42.13,134.63,0.737,-1,-1,-1
751,214,404.61,1.50,239.78,352.21,0.583,-1,-1,-1
751,215,-16.42,62.52,103.89,342.08,0.688,-1,-1,-1
751,216,266.18,148.70,31.36,136.66,0.808,-1,-1,-1
751,217,110.40,108.01,61.40,221.57,0.919,-1,-1,-1
752,188,179.18,87.71,106.13,310.99,0.889,-1,-1,-1
752,197,330.06,99.91,95.57,288.86,0.779,-1,-1,-1
752,210,302.16,161.48,41.60,132.64,0.666,-1,-1,-1
752,214,412.41,0.48,227.08,332.77,0.587,-1,-1,-1
752,215,-16.98,69.68,101.96,337.49,0.586,-1,-1,-1
752,216,271.47,147.69,32.81,141.32,0.690,-1,-1,-1
752,217,105.94,100.54,65.77,232.52,0.915,-1,-1,-1
753,188,184.32,84.24,104.22,306.43,0.875,-1,-1,-1
753,197,333.81,100.85,96.80,292.04,0.819,-1,-1,-1
753,210,310.73,160.51,37.08,117.32,0.520,-1,-1,-1
753,214,414.93,-0.34,219.94,320.92,0.621,-1,-1,-1
753,215,-7.47,66.99,80.90,265.25,0.807,-1,-1,-1
753,216,276.75,148.17,32.90,139.10,0.777,-1,-1,-1
753,217,99.58,94.63,70.84,245.16,0.910,-1,-1,-1
754,188,192.33,84.25,101.75,300.03,0.874,-1,-1,-1
754,197,340.87,102.78,92.64,277.58,0.798,-1,-1,-1
754,210,319.62,160.53,34.09,106.98,0.542,-1,-1,-1
754,214,418.02,-0.32,214.59,311.63,0.730,-1,-1,-1
754,216,282.63,148.88,33.21,139.08,0.651,-1,-1,-1
754,217,91.98,89.52,77.02,261.20,0.901,-1,-1,-1
755,188,197.13,85.26,102.06,302.93,0.869,-1,-1,-1
755,197,344.53,102.13,96.31,288.61,0.847,-1,-1,-1
755,210,326.45,160.79,32.13,100.02,0.576,-1,-1,-1
755,214,423.76,-0.62,211.78,307.44,0.693,-1,-1,-1
755,216,287.53,148.49,34.10,141.47,0.745,-1,-1,-1
755,217,84.84,84.79,82.44,273.60,0.914,-1,-1,-1
756,188,202.76,88.30,103.63,311.01,0.883,-1,-1,-1
756,197,347.38,100.21,98.88,296.53,0.809,-1,-1,-1
756,216,293.87,149.06,34.14,139.35,0.727,-1,-1,-1
756,217,77.26,78.70,88.94,289.56,0.909,-1,-1,-1
756,218,35.24,167.55,42.93,89.21,0.746,-1,-1,-1
756,219,-0.19,160.70,28.58,114.64,0.891,-1,-1,-1
756,220,176.94,192.28,17.25,45.69,0.855,-1,-1,-1
757,188,205.24,89.88,103.18,310.35,0.811,-1,-1,-1
757,197,349.20,96.72,99.38,298.00,0.855,-1,-1,-1
757,216,297.51,146.24,34.57,140.32,0.811,-1,-1,-1
757,217,68.74,68.65,95.47,307.04,0.912,-1,-1,-1
757,219,-1.69,155.19,29.92,120.45,0.743,-1,-1,-1
758,188,209.56,91.38,102.21,309.93,0.902,-1,-1,-1
758,197,351.33,93.99,98.33,293.90,0.852,-1,-1,-1
758,216,300.30,146.32,34.28,139.06,0.834,-1,-1,-1
758,217,56.21,57.78,101.24,321.74,0.915,-1,-1,-1
759,188,208.80,88.83,100.77,303.32,0.903,-1,-1,-1
759,197,350.97,94.06,98.18,292.62,0.871,-1,-1,-1
759,216,303.25,147.90,33.65,136.91,0.742,-1,-1,-1
759,217,40.18,47.84,106.80,334.07,0.896,-1,-1,-1
760,188,206.21,85.26,101.25,301.01,0.897,-1,-1,-1
760,197,349.77,92.14,100.25,299.09,0.880,-1,-1,-1
760,216,305.35,147.19,33.10,135.23,0.737,-1,-1,-1
760,217,21.17,36.72,113.54,349.27,0.917,-1,-1,-1
760,221,188.21,161.98,29.87,119.55,0.767,-1,-1,-1
761,188,201.80,81.90,103.54,300.54,0.896,-1,-1,-1
761,197,349.57,93.33,102.19,303.95,0.829,-1,-1,-1
761,216,307.76,146.63,32.73,134.39,0.684,-1,-1,-1
761,217,7.34,21.37,115.70,355.16,0.889,-1,-1,-1
761,221,183.73,159.66,30.11,120.08,-1.000,-1,-1,-1
762,188,195.96,78.97,107.61,303.32,0.900,-1,-1,-1
762,197,350.11,92.55,102.77,306.11,0.846,-1,-1,-1
762,216,310.11,146.17,32.07,132.27,0.680,-1,-1,-1
762,217,-2.52,8.66,119.21,367.48,0.590,-1,-1,-1
762,221,179.26,157.34,30.35,120.60,0.532,-1,-1,-1
762,222,131.50,175.90,22.68,70.43,0.818,-1,-1,-1
763,188,193.33,78.03,110.37,303.24,0.910,-1,-1,-1
763,197,348.17,87.40,104.03,309.59,0.827,-1,-1,-1
763,216,310.35,141.46,32.16,132.19,0.617,-1,-1,-1
763,217,-9.91,30.20,114.93,357.84,-1.000,-1,-1,-1
763,221,167.49,147.15,31.66,124.39,0.728,-1,-1,-1
763,222,127.19,167.90,23.28,72.19,0.856,-1,-1,-1
764,188,197.26,80.38,113.21,308.08,0.899,-1,-1,-1
764,197,351.68,87.64,103.11,306.74,0.851,-1,-1,-1
764,216,311.84,140.45,32.89,134.51,0.739,-1,-1,-1
764,217,-17.30,51.73,110.66,348.19,0.733,-1,-1,-1
764,221,162.74,146.86,32.21,125.01,0.810,-1,-1,-1
764,222,125.62,167.20,23.56,73.07,0.792,-1,-1,-1
764,223,83.73,159.77,39.68,88.17,0.857,-1,-1,-1
765,188,205.97,84.27,112.93,307.74,0.900,-1,-1,-1
765,197,356.12,88.32,101.52,300.38,0.868,-1,-1,-1
765,216,313.42,142.82,32.12,131.06,0.638,-1,-1,-1
765,221,155.83,151.59,33.24,125.46,0.899,-1,-1,-1
765,222,125.27,170.45,23.80,73.93,0.783,-1,-1,-1
765,223,85.85,162.70,40.65,90.52,0.802,-1,-1,-1
765,224,57.08,157.33,39.50,97.58,0.709,-1,-1,-1
765,225,466.73,0.96,163.56,321.15,0.781,-1,-1,-1
766,188,213.02,85.06,111.95,307.71,0.912,-1,-1,-1
766,197,356.44,88.11,100.54,295.47,0.849,-1,-1,-1
766,216,312.97,145.38,31.29,128.03,0.723,-1,-1,-1
766,221,149.19,148.06,35.82,132.02,0.866,-1,-1,-1
766,222,123.05,172.53,24.09,75.01,0.770,-1,-1,-1
766,223,88.17,165.73,40.50,90.78,0.843,-1,-1,-1
766,224,57.02,159.49,40.37,99.67,0.678,-1,-1,-1
766,225,462.56,3.92,171.02,335.49,0.819,-1,-1,-1
766,226,196.14,154.72,36.09,114.94,0.793,-1,-1,-1
767,188,219.56,81.89,106.93,297.24,0.895,-1,-1,-1
767,197,356.84,88.82,100.44,294.13,0.844,-1,-1,-1
767,216,311.66,147.24,30.41,124.23,0.657,-1,-1,-1
767,221,140.66,151.64,36.35,128.63,0.907,-1,-1,-1
767,222,117.91,171.09,24.68,76.86,0.573,-1,-1,-1
767,223,87.94,165.45,40.40,91.36,0.718,-1,-1,-1
767,224,55.16,159.44,40.25,99.74,0.825,-1,-1,-1
767,225,464.94,1.83,166.00,324.65,0.784,-1,-1,-1
767,226,192.12,152.16,38.74,123.21,0.883,-1,-1,-1
768,188,220.71,81.06,104.58,294.21,0.882,-1,-1,-1
768,197,352.93,92.33,101.62,298.28,0.856,-1,-1,-1
768,221,131.88,154.21,37.46,128.00,0.892,-1,-1,-1
768,223,86.81,166.28,40.28,91.92,0.672,-1,-1,-1
768,224,51.72,159.59,40.74,101.35,0.792,-1,-1,-1
768,225,468.45,0.89,159.58,310.59,0.809,-1,-1,-1
768,226,187.56,152.81,40.42,128.32,0.884,-1,-1,-1
769,188,221.06,82.00,103.73,295.12,0.886,-1,-1,-1
769,197,345.57,95.12,103.24,300.70,0.789,-1,-1,-1
769,221,120.39,154.55,38.59,129.08,0.881,-1,-1,-1
769,223,83.26,166.58,40.31,92.53,0.526,-1,-1,-1
769,224,50.25,158.15,41.68,104.40,0.821,-1,-1,-1
769,225,468.23,1.00,165.37,321.64,0.810,-1,-1,-1
769,226,184.53,153.72,41.49,131.06,0.896,-1,-1,-1
770,188,220.90,83.23,103.39,296.51,0.890,-1,-1,-1
770,197,345.89,94.30,104.08,303.12,0.800,-1,-1,-1
770,221,111.09,152.69,39.91,130.94,0.850,-1,-1,-1
770,223,79.56,170.01,38.88,89.83,0.592,-1,-1,-1
770,224,50.62,156.95,41.98,105.97,0.794,-1,-1,-1
770,225,472.93,0.87,165.90,323.05,0.872,-1,-1,-1
770,226,181.46,151.98,43.02,135.01,0.907,-1,-1,-1
771,188,216.97,87.06,103.44,297.42,0.855,-1,-1,-1
771,197,342.31,93.66,101.89,296.59,0.813,-1,-1,-1
771,221,101.94,152.45,40.33,132.36,0.669,-1,-1,-1
771,223,78.58,167.20,39.77,92.68,0.622,-1,-1,-1
771,224,48.49,155.81,42.42,107.49,0.766,-1,-1,-1
771,225,482.39,0.83,163.93,321.09,0.684,-1,-1,-1
771,226,173.15,148.61,45.24,141.12,0.885,-1,-1,-1
772,188,216.82,89.32,102.28,296.42,0.865,-1,-1,-1
772,197,337.55,91.36,100.47,292.11,0.827,-1,-1,-1
772,221,88.57,150.54,41.51,133.94,0.860,-1,-1,-1
772,224,46.30,153.99,43.06,108.71,0.748,-1,-1,-1
772,225,492.45,0.49,164.48,325.27,0.635,-1,-1,-1
772,226,165.86,144.98,46.81,144.66,0.899,-1,-1,-1
773,188,215.79,90.75,101.01,293.79,0.853,-1,-1,-1
773,197,335.85,87.77,100.34,291.51,0.842,-1,-1,-1
773,221,76.09,150.25,42.18,134.26,0.870,-1,-1,-1
773,224,43.60,152.30,43.05,108.51,0.684,-1,-1,-1
773,225,503.08,0.45,160.35,320.37,0.584,-1,-1,-1
773,226,158.41,140.27,48.86,149.64,0.884,-1,-1,-1
774,188,218.06,88.33,99.20,290.13,0.875,-1,-1,-1
774,197,334.65,86.05,99.42,288.57,0.840,-1,-1,-1
774,221,66.33,150.32,43.09,134.73,0.810,-1,-1,-1
774,224,41.15,151.79,43.43,109.59,0.682,-1,-1,-1
774,225,497.87,5.07,156.98,314.65,0.540,-1,-1,-1
774,226,152.83,137.66,50.55,153.75,0.887,-1,-1,-1
775,188,217.78,87.06,96.71,281.76,0.892,-1,-1,-1
775,197,331.95,87.46,101.21,294.00,0.841,-1,-1,-1
775,221,57.44,150.78,43.54,135.33,-1.000,-1,-1,-1
775,225,511.24,3.12,156.05,318.29,0.638,-1,-1,-1
775,226,149.94,137.00,52.12,158.38,0.879,-1,-1,-1
776,188,216.92,87.82,96.30,278.72,0.888,-1,-1,-1
776,197,331.88,91.19,101.98,297.97,0.862,-1,-1,-1
776,221,48.55,151.25,43.99,135.93,0.776,-1,-1,-1
776,226,144.56,137.76,53.89,163.31,0.898,-1,-1,-1
777,188,216.89,90.32,96.52,277.39,0.867,-1,-1,-1
777,197,330.86,93.56,102.32,300.15,0.844,-1,-1,-1
777,221,39.88,150.69,45.36,138.01,0.842,-1,-1,-1
777,226,138.44,136.93,55.80,168.24,0.904,-1,-1,-1
777,227,88.84,163.42,39.15,100.87,0.680,-1,-1,-1
777,228,447.20,42.32,131.32,357.58,0.699,-1,-1,-1
778,188,215.43,94.05,98.23,278.91,0.878,-1,-1,-1
778,197,333.38,95.18,101.90,301.68,0.882,-1,-1,-1
778,221,31.48,153.01,46.04,137.94,0.868,-1,-1,-1
778,226,133.50,135.19,58.21,174.28,0.899,-1,-1,-1
778,227,92.02,164.83,39.29,101.50,0.816,-1,-1,-1
778,228,434.86,30.80,133.54,363.23,0.720,-1,-1,-1
779,188,219.73,102.31,98.35,275.98,0.856,-1,-1,-1
779,197,338.78,97.10,100.90,300.41,0.816,-1,-1,-1
779,221,26.97,155.62,47.04,138.77,0.850,-1,-1,-1
779,226,131.68,133.74,60.49,180.26,0.891,-1,-1,-1
779,227,98.16,166.29,39.49,102.59,0.822,-1,-1,-1
779,228,427.77,25.50,129.11,350.28,0.781,-1,-1,-1
779,229,393.20,116.92,175.74,342.34,0.706,-1,-1,-1
779,230,208.54,143.49,44.99,171.85,0.823,-1,-1,-1
780,188,225.27,105.31,98.31,273.26,0.867,-1,-1,-1
780,197,342.78,94.85,98.82,296.03,0.808,-1,-1,-1
780,221,22.72,158.54,47.98,137.54,0.889,-1,-1,-1
780,226,130.09,131.18,62.61,185.39,0.907,-1,-1,-1
780,227,103.56,166.49,39.74,103.80,0.853,-1,-1,-1
780,228,417.41,22.25,123.33,334.64,0.681,-1,-1,-1
780,229,382.61,102.16,179.47,350.74,-1.000,-1,-1,-1
780,230,210.64,137.74,47.77,182.81,0.795,-1,-1,-1
781,188,231.73,104.70,96.56,268.64,0.903,-1,-1,-1
781,197,343.34,110.21,102.87,308.46,0.596,-1,-1,-1
781,221,18.56,158.05,49.50,138.32,0.894,-1,-1,-1
781,226,126.72,127.21,65.77,193.21,0.919,-1,-1,-1
781,227,105.28,166.31,39.47,103.95,0.673,-1,-1,-1
781,228,404.13,16.27,117.00,317.46,0.606,-1,-1,-1
781,229,372.02,87.40,183.20,359.15,0.707,-1,-1,-1
781,230,210.25,131.34,50.96,195.78,0.869,-1,-1,-1
781,231,75.57,157.70,27.91,116.88,0.844,-1,-1,-1
782,188,238.60,104.12,94.16,263.28,0.899,-1,-1,-1
782,197,341.11,117.40,103.86,313.80,0.616,-1,-1,-1
782,221,13.23,157.51,50.68,139.14,0.873,-1,-1,-1
782,226,122.12,125.64,68.37,198.58,0.895,-1,-1,-1
782,227,105.23,167.60,38.65,102.91,0.586,-1,-1,-1
782,228,394.54,20.04,110.98,301.12,0.547,-1,-1,-1
782,230,208.78,126.77,53.12,204.46,0.855,-1,-1,-1
782,231,77.22,157.84,28.32,117.41,0.816,-1,-1,-1
783,188,244.86,103.69,92.59,261.78,0.880,-1,-1,-1
783,197,350.26,104.58,110.63,330.84,-1.000,-1,-1,-1
783,221,6.19,156.69,52.25,140.96,0.886,-1,-1,-1
783,226,115.89,124.38,71.62,206.90,0.893,-1,-1,-1
783,228,385.97,24.93,106.63,289.33,0.546,-1,-1,-1
783,230,206.23,123.20,54.78,210.85,0.878,-1,-1,-1
783,231,79.95,159.98,28.26,115.83,0.830,-1,-1,-1
783,232,460.01,3.08,174.42,331.08,0.757,-1,-1,-1
784,188,250.55,105.50,90.44,258.38,0.882,-1,-1,-1
784,197,359.41,91.75,117.40,347.89,0.697,-1,-1,-1
784,221,-0.10,157.54,52.90,142.66,0.809,-1,-1,-1
784,226,109.77,122.80,75.18,217.62,0.887,-1,-1,-1
784,228,369.87,32.18,114.68,311.12,0.645,-1,-1,-1
784,230,201.17,120.58,57.09,217.16,0.903,-1,-1,-1
784,231,82.42,158.68,29.52,120.07,0.825,-1,-1,-1
784,232,460.52,2.10,173.65,329.40,0.676,-1,-1,-1
785,188,251.47,109.07,89.02,256.38,0.874,-1,-1,-1
785,197,360.92,107.15,118.66,348.22,0.504,-1,-1,-1
785,221,-5.75,158.27,52.24,143.24,0.866,-1,-1,-1
785,226,99.09,118.37,79.14,227.14,0.861,-1,-1,-1
785,228,355.88,60.84,122.44,331.77,0.778,-1,-1,-1
785,230,193.43,116.21,60.78,228.29,0.886,-1,-1,-1
785,232,463.42,1.58,172.61,327.35,0.613,-1,-1,-1
786,188,250.80,114.08,86.79,252.19,0.850,-1,-1,-1
786,197,358.52,95.29,120.46,347.63,0.780,-1,-1,-1
786,221,-12.23,157.57,51.36,145.27,0.778,-1,-1,-1
786,226,81.83,111.45,83.95,237.38,0.896,-1,-1,-1
786,228,352.12,47.72,120.81,323.55,0.725,-1,-1,-1
786,230,180.49,112.28,65.20,239.98,0.889,-1,-1,-1
786,232,467.73,1.35,172.77,328.00,0.639,-1,-1,-1
787,188,250.63,117.10,84.98,249.23,0.872,-1,-1,-1
787,221,-6.16,163.50,44.36,125.72,0.758,-1,-1,-1
787,226,67.53,106.59,88.25,246.48,0.893,-1,-1,-1
787,228,346.01,44.26,124.66,331.12,0.767,-1,-1,-1
787,230,169.05,111.26,69.13,248.17,0.916,-1,-1,-1
787,232,472.56,1.47,171.96,327.10,0.562,-1,-1,-1
788,188,250.45,117.86,83.44,247.65,0.894,-1,-1,-1
788,221,-4.97,167.53,40.07,114.29,0.846,-1,-1,-1
788,226,50.98,101.84,93.87,259.22,0.872,-1,-1,-1
788,228,351.32,41.19,131.30,336.77,0.862,-1,-1,-1
788,230,154.92,108.02,74.73,264.10,0.886,-1,-1,-1
788,232,481.26,0.76,167.59,320.33,0.772,-1,-1,-1
789,188,249.81,118.13,80.41,240.96,0.903,-1,-1,-1
789,221,-9.12,170.57,37.49,109.66,0.689,-1,-1,-1
789,226,31.69,98.20,100.74,275.30,0.884,-1,-1,-1
789,228,344.94,42.47,138.11,346.25,0.788,-1,-1,-1
789,230,140.01,102.84,80.11,280.50,0.879,-1,-1,-1
789,232,485.53,1.18,165.72,318.04,0.600,-1,-1,-1
790,188,244.26,120.47,79.24,236.85,0.900,-1,-1,-1
790,226,11.49,95.92,107.52,292.77,0.894,-1,-1,-1
790,228,341.06,48.30,138.36,337.62,0.750,-1,-1,-1
790,230,125.05,96.20,84.86,296.61,0.885,-1,-1,-1
790,232,487.63,1.47,163.29,314.91,0.740,-1,-1,-1
790,233,442.21,43.83,88.17,326.69,0.775,-1,-1,-1
791,188,238.63,122.62,77.89,230.71,0.905,-1,-1,-1
791,226,-1.86,90.83,113.44,311.19,0.834,-1,-1,-1
791,228,333.79,52.98,138.65,333.02,0.549,-1,-1,-1
791,230,110.46,88.42,89.24,311.77,0.882,-1,-1,-1
791,232,487.18,1.36,161.16,311.90,0.766,-1,-1,-1
791,233,439.22,54.12,92.43,341.78,0.752,-1,-1,-1
791,234,200.64,192.22,25.86,86.57,0.809,-1,-1,-1
792,188,231.88,128.60,79.75,233.91,0.867,-1,-1,-1
792,226,-12.66,84.85,116.58,324.85,0.778,-1,-1,-1
792,228,328.74,58.87,140.09,327.55,0.708,-1,-1,-1
792,230,92.60,84.27,93.75,325.48,0.878,-1,-1,-1
792,232,487.65,0.95,160.67,312.11,0.674,-1,-1,-1
792,233,437.05,58.83,93.25,343.57,0.748,-1,-1,-1
792,234,195.27,193.47,26.60,88.56,0.794,-1,-1,-1
793,188,224.86,129.99,81.27,234.93,0.828,-1,-1,-1
793,226,-20.88,73.92,117.06,332.81,0.735,-1,-1,-1
793,228,321.89,59.69,145.82,331.62,0.801,-1,-1,-1
793,230,64.90,89.72,99.57,337.00,0.797,-1,-1,-1
793,233,435.58,51.06,91.90,335.99,0.829,-1,-1,-1
793,234,190.83,192.03,27.20,89.65,0.735,-1,-1,-1
794,188,218.95,126.78,81.81,234.43,0.797,-1,-1,-1
794,226,-28.60,67.51,115.62,336.62,0.672,-1,-1,-1
794,228,296.62,58.73,146.55,334.78,0.779,-1,-1,-1
794,230,41.17,90.78,104.47,345.35,0.759,-1,-1,-1
794,233,426.26,41.22,95.78,344.97,0.780,-1,-1,-1
794,234,186.57,183.76,28.05,91.82,0.807,-1,-1,-1
795,188,220.43,126.76,77.38,221.18,0.849,-1,-1,-1
795,228,301.34,58.83,150.33,331.42,0.833,-1,-1,-1
795,230,20.41,87.87,107.11,350.38,0.751,-1,-1,-1
795,233,423.73,65.16,97.48,347.90,0.736,-1,-1,-1
795,234,180.52,182.07,28.89,93.63,0.796,-1,-1,-1
796,188,219.39,126.92,76.92,219.21,0.893,-1,-1,-1
796,228,300.73,66.45,159.16,341.58,0.874,-1,-1,-1
796,230,6.29,55.77,108.30,353.02,0.727,-1,-1,-1
796,233,423.95,77.46,98.91,349.07,0.838,-1,-1,-1
796,234,176.07,183.20,29.68,95.13,0.837,-1,-1,-1
796,235,126.79,174.74,30.34,98.80,0.849,-1,-1,-1
797,188,219.16,123.83,76.87,220.11,0.902,-1,-1,-1
797,228,299.07,71.77,161.73,339.04,0.851,-1,-1,-1
797,230,-4.86,38.27,102.86,338.96,-1.000,-1,-1,-1
797,233,422.39,60.11,99.41,348.33,0.709,-1,-1,-1
797,234,170.93,180.87,30.64,97.17,0.794,-1,-1,-1
797,235,120.79,172.72,30.88,99.81,0.791,-1,-1,-1
798,188,220.66,122.39,77.19,224.19,0.875,-1,-1,-1
798,228,298.01,67.89,163.60,334.80,0.851,-1,-1,-1
798,230,-16.01,20.77,97.41,324.89,0.747,-1,-1,-1
798,233,418.31,70.85,102.75,356.49,0.778,-1,-1,-1
798,234,168.65,179.87,31.63,99.07,0.762,-1,-1,-1
798,235,115.56,173.73,31.35,100.54,0.777,-1,-1,-1
799,188,221.56,123.07,76.04,224.02,0.864,-1,-1,-1
799,228,293.42,70.67,168.91,338.96,0.902,-1,-1,-1
799,233,416.45,78.04,101.94,351.65,0.602,-1,-1,-1
799,234,165.40,178.64,32.66,101.28,0.823,-1,-1,-1
799,235,111.45,171.96,32.80,104.21,0.732,-1,-1,-1
799,236,69.53,161.55,30.40,122.65,0.754,-1,-1,-1
800,188,220.07,123.49,74.61,223.10,0.863,-1,-1,-1
800,228,288.79,64.58,172.33,339.65,0.868,-1,-1,-1
800,233,411.69,56.84,102.57,352.27,0.630,-1,-1,-1
800,234,160.48,175.33,33.91,103.51,0.831,-1,-1,-1
800,235,101.74,167.50,33.96,107.64,0.754,-1,-1,-1
800,236,65.25,157.28,31.03,124.83,0.793,-1,-1,-1
801,188,219.44,127.00,73.35,223.10,0.863,-1,-1,-1
801,228,284.83,61.40,173.27,336.66,0.838,-1,-1,-1
801,233,405.89,49.28,100.86,346.30,0.588,-1,-1,-1
801,234,157.59,175.26,35.02,105.07,0.844,-1,-1,-1
801,235,93.96,166.30,35.10,110.90,0.824,-1,-1,-1
801,236,61.24,157.40,31.71,127.20,0.784,-1,-1,-1
802,188,221.57,129.80,71.93,221.83,0.846,-1,-1,-1
802,228,285.49,60.49,175.56,335.47,0.849,-1,-1,-1
802,233,407.72,41.41,104.63,356.38,0.582,-1,-1,-1
802,234,155.82,175.40,36.43,107.47,0.849,-1,-1,-1
802,235,86.50,164.79,36.06,114.24,0.848,-1,-1,-1
802,236,59.13,157.73,32.12,128.54,0.840,-1,-1,-1
802,237,203.34,186.09,26.29,82.47,0.841,-1,-1,-1
802,238,460.30,0.87,172.45,321.82,0.816,-1,-1,-1
802,239,16.95,146.50,47.16,131.55,0.590,-1,-1,-1
803,188,223.55,131.79,70.47,219.64,0.776,-1,-1,-1
803,228,282.24,61.64,183.98,348.45,0.858,-1,-1,-1
803,233,410.47,39.77,104.04,350.09,0.746,-1,-1,-1
803,234,154.40,176.42,37.61,109.43,0.854,-1,-1,-1
803,235,82.46,164.71,36.37,116.04,0.670,-1,-1,-1
803,236,58.67,158.63,32.63,129.77,0.798,-1,-1,-1
803,237,203.22,188.41,26.57,83.00,0.822,-1,-1,-1
803,238,464.11,0.07,168.98,314.90,0.794,-1,-1,-1
803,239,15.97,147.30,49.67,138.69,-1.000,-1,-1,-1
804,188,227.93,132.87,68.95,215.50,0.787,-1,-1,-1
804,228,285.13,65.67,184.56,346.09,0.825,-1,-1,-1
804,233,412.35,33.03,108.36,362.74,0.734,-1,-1,-1
804,234,155.58,178.27,38.35,111.20,0.782,-1,-1,-1
804,235,80.93,165.37,36.46,117.47,0.678,-1,-1,-1
804,236,60.63,160.32,33.07,130.79,0.770,-1,-1,-1
804,237,205.56,190.26,26.82,83.59,0.845,-1,-1,-1
804,238,469.73,0.24,170.12,317.39,0.788,-1,-1,-1
804,239,14.99,148.09,52.18,145.83,0.629,-1,-1,-1
805,188,232.45,129.99,68.01,212.07,0.862,-1,-1,-1
805,228,294.86,63.97,183.44,338.94,0.792,-1,-1,-1
805,233,417.88,34.58,109.23,362.89,0.799,-1,-1,-1
805,234,157.89,177.31,39.29,112.88,0.779,-1,-1,-1
805,235,81.44,164.07,36.48,118.21,0.649,-1,-1,-1
805,236,62.87,158.72,33.40,131.90,0.595,-1,-1,-1
805,237,208.10,187.15,27.69,86.07,0.830,-1,-1,-1
805,238,476.13,2.39,173.69,325.75,0.781,-1,-1,-1
805,239,18.67,146.08,53.65,150.38,0.775,-1,-1,-1
806,188,239.21,130.08,67.23,208.06,0.884,-1,-1,-1
806,228,305.00,60.55,189.69,346.08,0.809,-1,-1,-1
806,233,428.73,35.87,107.66,352.15,0.826,-1,-1,-1
806,234,163.74,176.36,40.84,115.49,0.884,-1,-1,-1
806,235,76.61,160.41,40.50,127.79,0.902,-1,-1,-1
806,237,211.31,186.09,28.21,87.65,0.768,-1,-1,-1
806,238,492.06,1.32,161.84,304.96,0.682,-1,-1,-1
806,239,23.38,146.33,53.86,151.32,0.752,-1,-1,-1
807,188,245.07,132.00,67.12,203.97,0.884,-1,-1,-1
807,228,315.83,60.15,186.21,334.76,0.736,-1,-1,-1
807,233,440.40,37.36,109.54,354.30,0.785,-1,-1,-1
807,234,167.56,174.67,42.25,118.08,0.863,-1,-1,-1
807,235,75.96,157.89,42.52,132.26,0.874,-1,-1,-1
807,237,215.38,185.91,28.64,89.01,0.740,-1,-1,-1
807,238,514.06,22.90,144.63,275.46,0.795,-1,-1,-1
807,239,28.02,144.96,53.61,151.11,0.715,-1,-1,-1
808,188,252.30,132.95,65.93,196.02,0.876,-1,-1,-1
808,228,327.32,58.31,188.05,335.36,-1.000,-1,-1,-1
808,233,449.85,34.85,109.92,351.29,0.613,-1,-1,-1
808,234,172.46,171.93,43.58,120.05,0.877,-1,-1,-1
808,235,77.53,155.93,43.27,133.76,0.858,-1,-1,-1
808,237,220.21,184.45,28.89,89.90,0.838,-1,-1,-1
808,238,542.54,68.78,113.19,218.43,0.870,-1,-1,-1
808,239,33.10,142.31,53.88,153.01,0.764,-1,-1,-1
809,188,262.38,136.22,69.75,206.31,0.899,-1,-1,-1
809,228,338.81,56.48,189.88,335.96,0.801,-1,-1,-1
809,233,467.46,44.65,113.67,357.02,0.742,-1,-1,-1
809,234,180.50,171.45,44.87,122.88,0.847,-1,-1,-1
809,235,81.75,156.34,43.35,134.84,0.773,-1,-1,-1
809,237,227.60,185.19,29.31,91.33,0.771,-1,-1,-1
809,239,42.48,142.73,54.13,155.64,0.755,-1,-1,-1
810,188,272.18,138.42,71.27,209.92,0.890,-1,-1,-1
810,228,352.30,52.48,190.39,332.43,0.736,-1,-1,-1
810,233,481.75,35.54,115.94,358.60,0.665,-1,-1,-1
810,234,187.63,172.78,45.99,125.08,0.876,-1,-1,-1
810,235,86.81,158.08,43.39,136.27,0.778,-1,-1,-1
810,237,235.28,186.57,29.65,92.44,0.860,-1,-1,-1
810,239,51.23,144.50,54.22,157.33,0.682,-1,-1,-1
810,240,260.48,198.09,23.55,79.71,0.784,-1,-1,-1
811,188,280.18,136.44,71.18,210.77,0.840,-1,-1,-1
811,228,360.49,47.76,191.62,332.21,0.685,-1,-1,-1
811,233,495.13,25.40,119.15,361.92,0.796,-1,-1,-1
811,234,189.11,171.53,47.80,128.20,0.867,-1,-1,-1
811,235,92.77,156.18,43.68,138.36,0.829,-1,-1,-1
811,237,239.84,184.89,30.28,94.02,0.781,-1,-1,-1
811,239,58.14,144.73,53.72,157.25,0.721,-1,-1,-1
811,240,266.42,194.73,24.23,82.34,0.810,-1,-1,-1
812,188,288.83,133.45,70.60,208.84,0.879,-1,-1,-1
812,228,371.32,43.82,194.53,334.13,0.718,-1,-1,-1
812,233,502.79,27.07,122.93,369.41,0.789,-1,-1,-1
812,234,191.01,170.56,49.64,132.52,0.873,-1,-1,-1
812,235,96.77,156.16,43.76,139.68,0.829,-1,-1,-1
812,237,242.09,183.23,31.09,96.10,0.800,-1,-1,-1
812,239,61.33,143.33,54.09,160.35,0.808,-1,-1,-1
812,240,269.44,193.27,24.96,84.83,0.868,-1,-1,-1
813,188,293.83,133.11,70.29,208.96,0.884,-1,-1,-1
813,228,368.82,43.48,203.59,352.57,0.764,-1,-1,-1
813,233,508.76,35.04,124.84,373.07,0.774,-1,-1,-1
813,234,190.20,168.77,51.55,136.77,0.864,-1,-1,-1
813,235,99.02,155.22,44.17,141.84,0.814,-1,-1,-1
813,237,243.22,181.97,32.17,98.83,0.839,-1,-1,-1
813,239,60.60,143.37,53.44,158.69,0.722,-1,-1,-1
813,240,269.97,193.34,25.73,87.15,0.873,-1,-1,-1
814,188,298.80,131.96,69.67,209.14,0.885,-1,-1,-1
814,228,377.30,37.47,207.75,358.64,0.707,-1,-1,-1
814,233,514.41,30.10,125.28,373.90,0.817,-1,-1,-1
814,234,188.07,165.07,53.21,140.72,0.857,-1,-1,-1
814,235,99.72,152.89,44.38,143.88,0.833,-1,-1,-1
814,237,242.67,179.60,33.23,101.10,0.837,-1,-1,-1
814,239,56.13,138.91,54.72,161.26,0.831,-1,-1,-1
814,240,270.54,192.46,26.13,88.23,0.876,-1,-1,-1
815,188,303.47,134.10,69.36,209.88,0.886,-1,-1,-1
815,228,373.81,31.32,207.26,359.78,0.744,-1,-1,-1
815,233,517.59,25.89,126.74,378.91,0.657,-1,-1,-1
815,234,186.03,163.36,55.38,144.48,0.864,-1,-1,-1
815,235,99.60,151.35,44.62,146.59,0.848,-1,-1,-1
815,237,241.99,179.22,34.31,103.94,0.833,-1,-1,-1
815,239,53.77,139.02,55.34,162.39,0.764,-1,-1,-1
815,240,270.96,192.62,26.65,90.24,0.862,-1,-1,-1
816,188,307.31,135.64,68.58,209.49,0.891,-1,-1,-1
816,228,378.17,51.91,211.17,366.98,0.781,-1,-1,-1
816,233,521.65,22.91,123.83,370.37,0.640,-1,-1,-1
816,234,182.03,160.07,57.66,149.07,0.884,-1,-1,-1
816,235,98.53,149.24,44.92,148.69,0.850,-1,-1,-1
816,237,240.55,176.74,35.55,107.54,0.849,-1,-1,-1
816,239,54.61,137.45,56.15,165.51,-1.000,-1,-1,-1
816,240,270.41,191.80,26.91,91.44,0.832,-1,-1,-1
816,241,292.19,185.60,18.19,84.67,0.742,-1,-1,-1
817,188,310.63,135.83,67.80,208.63,0.868,-1,-1,-1
817,228,373.12,60.64,211.75,371.31,0.834,-1,-1,-1
817,233,521.81,21.82,124.80,375.03,0.647,-1,-1,-1
817,234,177.22,157.26,60.03,154.12,0.877,-1,-1,-1
817,235,96.69,147.65,45.03,150.09,0.829,-1,-1,-1
817,237,238.41,173.41,36.53,110.51,0.849,-1,-1,-1
817,239,55.45,135.87,56.96,168.62,0.586,-1,-1,-1
817,240,268.92,189.64,27.33,93.22,0.834,-1,-1,-1
817,241,291.67,182.94,18.99,87.57,0.818,-1,-1,-1
818,188,314.29,133.94,67.35,208.72,0.876,-1,-1,-1
818,228,377.83,35.15,209.21,370.29,0.773,-1,-1,-1
818,233,526.45,15.77,121.15,365.42,0.572,-1,-1,-1
818,234,172.31,155.83,62.83,160.02,0.854,-1,-1,-1
818,235,94.30,145.42,45.45,152.51,0.837,-1,-1,-1
818,237,234.58,169.44,37.94,114.80,0.881,-1,-1,-1
818,240,267.69,186.42,28.18,96.27,0.863,-1,-1,-1
818,241,292.47,180.55,19.57,88.84,0.829,-1,-1,-1
818,242,19.36,136.32,44.44,164.43,0.828,-1,-1,-1
819,188,317.08,132.39,66.07,205.12,0.872,-1,-1,-1
819,228,385.77,20.56,206.14,368.89,0.759,-1,-1,-1
819,233,531.88,10.93,116.22,352.17,0.610,-1,-1,-1
819,234,169.47,155.57,64.89,164.09,0.838,-1,-1,-1
819,235,92.64,144.60,45.68,154.57,0.831,-1,-1,-1
819,237,232.15,167.22,39.20,118.09,0.889,-1,-1,-1
819,240,267.20,185.05,29.20,99.47,0.849,-1,-1,-1
819,241,293.09,180.68,20.03,89.67,0.784,-1,-1,-1
819,242,11.19,134.89,46.12,169.01,0.870,-1,-1,-1
820,188,316.25,132.19,66.13,204.25,0.882,-1,-1,-1
820,228,392.25,31.67,204.52,369.16,0.765,-1,-1,-1
820,233,534.83,8.50,117.90,362.36,0.609,-1,-1,-1
820,234,157.69,155.34,67.27,170.44,0.846,-1,-1,-1
820,235,86.96,145.74,46.31,157.59,0.823,-1,-1,-1
820,237,226.43,168.27,40.70,122.38,0.885,-1,-1,-1
820,240,263.31,187.55,29.57,100.93,0.834,-1,-1,-1
820,241,290.12,181.97,20.74,90.75,0.825,-1,-1,-1
820,242,2.23,138.91,46.38,169.88,0.902,-1,-1,-1
821,188,313.40,130.41,66.51,204.58,0.895,-1,-1,-1
821,228,390.46,37.50,201.08,368.84,0.783,-1,-1,-1
821,233,541.23,8.08,113.16,351.26,0.545,-1,-1,-1
821,234,149.54,150.72,70.19,176.57,0.885,-1,-1,-1
821,235,78.99,143.17,46.89,160.86,0.807,-1,-1,-1
821,237,220.49,166.63,41.54,124.80,0.874,-1,-1,-1
821,240,257.60,186.05,30.46,104.55,0.855,-1,-1,-1
821,241,285.48,179.64,21.76,93.52,0.792,-1,-1,-1
821,242,-4.57,135.73,46.77,172.76,0.889,-1,-1,-1
822,188,310.50,130.95,67.02,204.99,0.885,-1,-1,-1
822,228,393.88,51.21,200.21,371.33,0.726,-1,-1,-1
822,233,547.84,10.20,108.58,341.28,0.547,-1,-1,-1
822,234,138.68,145.79,73.58,184.47,0.875,-1,-1,-1
822,235,70.61,141.09,47.60,163.71,0.835,-1,-1,-1
822,237,212.80,166.10,42.65,128.15,0.891,-1,-1,-1
822,240,251.61,184.91,31.46,108.32,0.859,-1,-1,-1
822,241,279.55,178.42,22.62,95.50,0.758,-1,-1,-1
823,188,312.81,135.44,68.03,205.20,0.879,-1,-1,-1
823,228,402.30,55.26,200.44,374.15,0.565,-1,-1,-1
823,234,132.33,143.81,76.50,190.95,0.892,-1,-1,-1
823,235,65.25,141.59,48.40,166.93,0.833,-1,-1,-1
823,237,208.27,166.38,44.28,132.72,0.873,-1,-1,-1
823,240,249.24,185.53,32.36,111.58,0.838,-1,-1,-1
823,241,276.66,178.09,24.03,99.31,0.789,-1,-1,-1
824,188,311.73,137.41,68.20,204.90,0.875,-1,-1,-1
824,228,415.67,49.84,197.68,372.74,0.732,-1,-1,-1
824,234,121.76,139.77,80.52,200.48,0.905,-1,-1,-1
824,235,58.34,140.44,49.25,170.04,0.844,-1,-1,-1
824,237,201.72,163.25,46.15,137.82,0.852,-1,-1,-1
824,240,244.74,182.71,33.58,115.72,0.826,-1,-1,-1
824,241,272.26,176.65,25.01,101.35,0.804,-1,-1,-1
824,243,381.87,115.29,74.12,277.31,0.820,-1,-1,-1
825,188,313.08,137.25,68.71,205.09,0.862,-1,-1,-1
825,228,435.08,27.00,188.02,353.68,0.669,-1,-1,-1
825,234,107.53,136.40,85.79,211.17,0.900,-1,-1,-1
825,235,51.87,138.79,50.21,172.98,0.838,-1,-1,-1
825,237,194.61,159.96,47.96,142.49,0.884,-1,-1,-1
825,240,240.32,180.34,35.06,120.24,0.859,-1,-1,-1
825,241,268.10,175.30,26.10,103.81,0.822,-1,-1,-1
825,243,385.90,112.03,73.31,272.68,0.827,-1,-1,-1
826,188,313.12,133.88,68.61,204.64,0.850,-1,-1,-1
826,228,444.80,25.18,193.24,365.42,0.757,-1,-1,-1
826,234,94.86,131.32,90.78,222.11,0.871,-1,-1,-1
826,235,45.18,134.03,51.15,176.85,0.839,-1,-1,-1
826,237,187.03,154.45,49.77,146.95,0.896,-1,-1,-1
826,240,234.89,176.90,36.56,124.37,0.858,-1,-1,-1
826,241,264.62,171.99,26.93,105.34,0.831,-1,-1,-1
826,243,389.19,108.60,70.58,260.62,0.762,-1,-1,-1
827,188,312.18,133.16,67.94,201.76,0.906,-1,-1,-1
827,228,454.38,23.89,193.47,368.02,0.561,-1,-1,-1
827,234,78.02,126.92,96.20,235.19,0.880,-1,-1,-1
827,235,33.79,131.22,52.19,181.72,0.854,-1,-1,-1
827,237,172.22,153.77,52.86,153.08,0.906,-1,-1,-1
827,240,226.45,177.61,38.09,128.89,0.860,-1,-1,-1
827,241,257.23,173.20,27.96,107.98,0.848,-1,-1,-1
827,243,386.84,109.18,72.80,265.82,0.847,-1,-1,-1
827,244,289.82,172.60,30.42,101.08,0.797,-1,-1,-1
828,188,312.37,132.83,67.96,201.92,0.907,-1,-1,-1
828,228,462.38,13.93,194.45,374.10,0.642,-1,-1,-1
828,234,65.45,121.36,100.39,246.43,0.833,-1,-1,-1
828,235,26.99,129.70,53.17,184.79,0.787,-1,-1,-1
828,237,162.42,153.26,55.30,157.90,0.903,-1,-1,-1
828,240,220.31,177.50,39.35,133.46,0.889,-1,-1,-1
828,241,251.97,173.41,28.94,110.55,0.860,-1,-1,-1
828,243,386.37,111.71,73.87,266.02,0.871,-1,-1,-1
828,244,286.75,174.46,30.06,99.91,0.843,-1,-1,-1
828,245,-7.11,110.69,41.68,213.43,0.599,-1,-1,-1
829,188,314.93,131.81,68.17,203.24,0.896,-1,-1,-1
829,234,55.74,114.67,104.45,258.13,0.818,-1,-1,-1
829,235,21.36,127.13,54.18,188.76,0.803,-1,-1,-1
829,237,155.16,150.54,58.07,165.08,0.901,-1,-1,-1
829,240,214.17,175.42,41.03,138.38,0.854,-1,-1,-1
829,241,247.78,171.11,30.12,113.69,0.815,-1,-1,-1
829,243,388.04,112.82,75.69,269.19,0.824,-1,-1,-1
829,244,287.77,173.07,30.21,100.07,0.850,-1,-1,-1
829,245,-8.40,110.90,41.73,214.64,0.557,-1,-1,-1
830,188,317.71,136.25,67.87,203.39,0.910,-1,-1,-1
830,234,37.45,111.53,109.99,270.55,0.860,-1,-1,-1
830,235,15.15,128.49,54.44,191.80,0.667,-1,-1,-1
830,237,149.89,150.24,60.51,172.21,0.896,-1,-1,-1
830,240,208.57,174.65,43.36,144.53,0.873,-1,-1,-1
830,241,247.44,172.12,31.33,116.70,0.892,-1,-1,-1
830,243,387.72,116.09,77.33,272.80,0.835,-1,-1,-1
830,244,290.16,174.99,30.41,100.16,0.852,-1,-1,-1
831,188,318.00,139.18,67.23,203.05,0.903,-1,-1,-1
831,234,19.60,105.38,116.33,284.67,0.875,-1,-1,-1
831,235,7.33,135.91,52.74,187.66,0.598,-1,-1,-1
831,237,142.91,146.50,63.03,179.58,0.901,-1,-1,-1
831,240,202.73,171.35,45.68,150.68,0.863,-1,-1,-1
831,241,244.37,170.47,32.52,119.91,0.869,-1,-1,-1
831,243,387.52,116.94,78.55,274.16,0.820,-1,-1,-1
831,244,289.56,174.13,30.73,100.58,0.852,-1,-1,-1
832,188,315.35,137.09,66.95,203.52,0.883,-1,-1,-1
832,234,1.51,93.47,123.95,305.96,0.849,-1,-1,-1
832,237,129.71,137.31,66.30,188.64,0.894,-1,-1,-1
832,240,192.38,165.43,48.90,159.97,0.859,-1,-1,-1
832,241,237.24,165.18,34.26,124.46,0.857,-1,-1,-1
832,243,383.04,111.65,79.35,273.79,0.797,-1,-1,-1
832,244,284.67,170.51,31.18,101.36,0.866,-1,-1,-1
833,188,313.48,135.74,66.67,203.31,0.882,-1,-1,-1
833,234,-9.18,85.18,126.08,315.13,0.792,-1,-1,-1
833,237,117.26,131.62,70.27,199.82,0.861,-1,-1,-1
833,240,181.66,162.60,51.39,166.35,0.885,-1,-1,-1
833,241,231.45,162.56,35.65,127.60,0.886,-1,-1,-1
833,243,379.18,108.73,78.88,269.01,0.840,-1,-1,-1
833,244,279.95,168.97,31.68,102.03,0.868,-1,-1,-1
834,188,312.75,131.78,66.18,201.44,0.883,-1,-1,-1
834,234,-18.04,80.46,124.56,319.69,0.879,-1,-1,-1
834,237,105.28,127.30,73.46,208.72,0.864,-1,-1,-1
834,240,173.65,159.74,54.98,175.17,0.862,-1,-1,-1
834,241,227.31,160.11,37.36,131.29,0.861,-1,-1,-1
834,243,379.11,106.28,79.71,267.98,0.837,-1,-1,-1
834,244,276.54,167.69,32.07,102.01,0.889,-1,-1,-1
835,188,311.64,128.90,66.31,199.40,0.862,-1,-1,-1
835,234,-19.02,88.38,108.50,280.87,0.649,-1,-1,-1
835,237,94.59,123.10,77.98,222.57,0.840,-1,-1,-1
835,240,166.15,155.78,59.01,185.15,0.895,-1,-1,-1
835,241,224.37,157.22,39.53,135.88,0.854,-1,-1,-1
835,243,377.48,103.96,81.90,272.82,0.861,-1,-1,-1
835,244,275.25,167.48,32.16,101.15,0.869,-1,-1,-1
836,188,316.20,127.05,66.11,196.74,0.858,-1,-1,-1
836,234,-20.18,97.18,94.29,248.69,0.700,-1,-1,-1
836,237,84.77,117.14,83.08,236.81,0.836,-1,-1,-1
836,240,162.87,151.51,61.61,194.44,0.910,-1,-1,-1
836,241,223.19,154.26,41.68,140.46,0.865,-1,-1,-1
836,243,379.13,104.66,83.43,275.18,0.884,-1,-1,-1
836,244,275.86,167.01,32.45,99.92,0.869,-1,-1,-1
837,188,323.81,127.90,65.42,192.94,0.861,-1,-1,-1
837,234,-22.91,107.63,83.96,228.72,0.757,-1,-1,-1
837,237,77.40,112.86,87.52,249.04,0.792,-1,-1,-1
837,240,158.58,147.19,64.05,204.49,0.902,-1,-1,-1
837,241,224.37,151.90,44.02,145.88,0.881,-1,-1,-1
837,243,383.73,107.09,85.11,278.60,0.834,-1,-1,-1
837,244,276.70,167.17,33.30,100.79,0.883,-1,-1,-1
