1,1,1611.37,559.04,52.86,115.33,0.857,-1,-1,-1
1,2,1521.66,568.77,49.67,108.25,0.823,-1,-1,-1
1,3,0.16,664.76,50.22,219.08,0.816,-1,-1,-1
1,4,121.86,709.64,50.04,94.46,0.800,-1,-1,-1
1,5,1368.76,514.46,35.39,99.15,0.766,-1,-1,-1
1,6,501.46,549.25,36.14,88.84,0.718,-1,-1,-1
1,7,1445.30,509.46,26.51,73.62,0.705,-1,-1,-1
1,8,276.59,586.88,37.09,146.25,0.663,-1,-1,-1
1,9,194.83,574.29,40.79,153.99,0.635,-1,-1,-1
1,10,540.22,549.10,35.27,89.82,0.634,-1,-1,-1
1,11,1486.49,520.24,24.37,73.84,0.536,-1,-1,-1
2,1,1616.43,558.85,53.18,115.98,0.855,-1,-1,-1
2,2,1525.76,564.57,51.52,112.40,0.820,-1,-1,-1
2,3,-4.37,651.40,51.03,223.17,0.834,-1,-1,-1
2,4,111.80,702.33,51.28,96.87,0.800,-1,-1,-1
2,5,1371.15,511.61,35.90,100.58,0.781,-1,-1,-1
2,6,500.41,540.65,36.59,89.93,0.761,-1,-1,-1
2,7,1448.54,507.72,26.31,73.06,0.721,-1,-1,-1
2,8,272.48,581.05,36.89,145.39,0.568,-1,-1,-1
2,9,188.77,564.62,41.13,155.35,0.624,-1,-1,-1
2,10,538.53,539.95,35.98,91.68,0.631,-1,-1,-1
2,11,1488.75,517.58,24.80,75.13,0.511,-1,-1,-1
3,1,1622.59,554.27,53.59,116.80,0.857,-1,-1,-1
3,2,1531.47,558.85,52.21,114.01,0.852,-1,-1,-1
3,3,-8.16,666.40,51.33,225.82,0.812,-1,-1,-1
3,4,104.71,718.02,50.93,96.35,0.786,-1,-1,-1
3,5,1373.45,507.65,37.27,104.53,0.773,-1,-1,-1
3,6,499.55,547.63,36.56,89.81,0.715,-1,-1,-1
3,7,1450.93,502.13,27.07,75.23,0.708,-1,-1,-1
3,8,267.33,589.43,37.48,147.72,0.606,-1,-1,-1
3,9,181.62,577.11,41.02,155.01,0.713,-1,-1,-1
3,10,537.84,545.46,36.29,92.57,0.651,-1,-1,-1
3,11,1492.24,513.84,24.53,74.32,0.612,-1,-1,-1
4,1,1630.26,553.53,55.29,120.36,0.867,-1,-1,-1
4,2,1538.88,557.40,53.76,117.71,0.856,-1,-1,-1
4,3,-8.55,689.18,43.18,190.98,0.637,-1,-1,-1
4,4,93.74,723.12,51.25,97.21,0.739,-1,-1,-1
4,5,1378.35,505.78,36.56,102.55,0.777,-1,-1,-1
4,6,498.67,548.23,37.51,92.18,0.745,-1,-1,-1
4,7,1455.08,497.73,28.18,78.38,0.712,-1,-1,-1
4,8,262.37,592.19,37.69,148.43,0.633,-1,-1,-1
4,9,173.27,580.62,41.23,155.83,0.688,-1,-1,-1
4,10,537.45,544.34,37.46,95.67,0.600,-1,-1,-1
4,11,1497.10,512.82,24.75,74.96,0.586,-1,-1,-1
5,1,1636.65,560.64,56.11,122.01,0.877,-1,-1,-1
5,2,1544.76,562.87,54.35,119.30,0.813,-1,-1,-1
5,4,78.37,720.63,52.52,100.07,0.717,-1,-1,-1
5,5,1382.56,511.93,35.91,100.92,0.782,-1,-1,-1
5,6,497.00,544.85,38.04,93.49,0.763,-1,-1,-1
5,7,1459.13,500.88,28.67,79.75,0.731,-1,-1,-1
5,8,252.53,585.31,38.97,153.56,0.721,-1,-1,-1
5,10,535.96,545.53,36.32,92.91,0.659,-1,-1,-1
5,11,1501.58,517.14,24.77,74.96,0.661,-1,-1,-1
6,1,1644.37,570.53,56.94,123.54,0.833,-1,-1,-1
6,2,1552.89,571.67,54.95,121.07,0.811,-1,-1,-1
6,4,62.67,729.54,53.98,103.49,0.689,-1,-1,-1
6,5,1387.00,521.26,35.28,99.42,0.758,-1,-1,-1
6,6,495.84,550.21,38.79,95.56,0.756,-1,-1,-1
6,7,1463.90,511.89,27.60,76.83,0.750,-1,-1,-1
6,8,247.30,596.01,38.11,149.70,0.602,-1,-1,-1
6,9,155.05,586.43,41.74,157.46,0.542,-1,-1,-1
6,10,534.87,552.10,35.88,92.00,0.599,-1,-1,-1
7,1,1652.02,572.40,58.25,126.19,0.831,-1,-1,-1
7,2,1560.42,571.53,56.02,123.75,0.825,-1,-1,-1
7,4,46.91,734.32,56.06,108.26,0.714,-1,-1,-1
7,5,1390.24,521.32,35.32,99.72,0.776,-1,-1,-1
7,6,493.57,549.22,39.50,97.67,0.746,-1,-1,-1
7,7,1466.89,509.92,28.44,79.34,0.732,-1,-1,-1
7,8,241.56,607.00,36.40,142.61,0.622,-1,-1,-1
7,9,142.91,584.17,43.34,162.83,0.700,-1,-1,-1
7,10,533.46,553.18,35.71,91.76,0.644,-1,-1,-1
7,11,1510.46,521.95,25.25,76.52,0.613,-1,-1,-1
8,1,1659.59,579.35,58.62,126.46,0.838,-1,-1,-1
8,2,1569.14,578.93,55.75,123.35,0.817,-1,-1,-1
8,4,32.38,741.41,55.71,108.00,0.663,-1,-1,-1
8,5,1393.26,527.63,35.03,99.25,0.765,-1,-1,-1
8,6,491.67,551.31,39.33,97.63,0.763,-1,-1,-1
8,7,1470.22,514.09,28.60,79.87,0.733,-1,-1,-1
8,9,132.20,588.53,43.37,162.07,0.573,-1,-1,-1
8,10,532.51,555.81,36.25,93.27,0.623,-1,-1,-1
8,11,1514.82,528.24,25.63,77.69,0.621,-1,-1,-1
9,1,1666.34,584.49,59.97,128.92,0.864,-1,-1,-1
9,2,1576.04,585.72,55.79,124.02,0.808,-1,-1,-1
9,4,15.79,743.85,56.01,109.14,0.754,-1,-1,-1
9,5,1396.11,531.77,35.01,99.50,0.774,-1,-1,-1
9,6,490.34,551.97,38.83,96.67,0.770,-1,-1,-1
9,7,1474.16,519.03,28.42,79.25,0.760,-1,-1,-1
9,8,222.92,603.96,38.81,151.51,0.640,-1,-1,-1
9,10,532.94,555.89,36.79,94.45,0.557,-1,-1,-1
9,11,1518.06,532.39,26.32,79.85,0.578,-1,-1,-1
10,1,1672.72,597.21,59.83,127.91,0.859,-1,-1,-1
10,2,1581.10,595.75,56.19,125.55,0.830,-1,-1,-1
10,4,-1.32,737.62,56.71,111.39,0.822,-1,-1,-1
10,5,1398.15,539.46,34.67,98.95,0.787,-1,-1,-1
10,6,487.66,548.22,38.92,97.28,0.746,-1,-1,-1
10,7,1477.32,527.30,28.21,78.63,0.735,-1,-1,-1
10,8,211.26,598.22,39.51,153.81,0.633,-1,-1,-1
10,10,532.04,552.08,37.27,95.39,0.602,-1,-1,-1
11,1,1679.82,590.94,61.13,130.08,0.890,-1,-1,-1
11,2,1588.17,593.15,56.23,125.98,0.842,-1,-1,-1
11,4,-12.26,746.85,57.28,113.92,0.675,-1,-1,-1
11,5,1400.44,535.04,35.15,100.75,0.793,-1,-1,-1
11,6,485.21,549.99,39.02,98.04,0.765,-1,-1,-1
11,7,1479.99,525.01,28.06,78.06,0.710,-1,-1,-1
11,8,202.20,600.52,40.67,158.20,0.577,-1,-1,-1
11,9,96.58,593.35,44.78,165.59,0.626,-1,-1,-1
11,10,531.01,554.89,37.29,95.00,0.596,-1,-1,-1
12,1,1687.02,591.51,61.95,131.53,0.858,-1,-1,-1
12,2,1596.02,594.68,56.79,127.44,0.831,-1,-1,-1
12,5,1403.08,535.40,35.53,102.16,0.791,-1,-1,-1
12,6,483.10,552.95,38.86,98.17,0.774,-1,-1,-1
12,7,1482.09,523.35,28.97,80.62,0.736,-1,-1,-1
12,8,193.24,600.94,41.42,160.97,0.525,-1,-1,-1
12,9,84.05,596.75,44.62,162.98,0.623,-1,-1,-1
12,10,527.80,555.93,37.49,95.68,0.624,-1,-1,-1
13,1,1694.37,592.30,62.65,133.03,0.883,-1,-1,-1
13,2,1602.76,594.84,57.68,130.11,0.838,-1,-1,-1
13,5,1405.88,534.54,35.37,102.09,0.817,-1,-1,-1
13,6,481.05,545.90,38.37,97.52,0.772,-1,-1,-1
13,7,1484.37,521.34,29.42,81.69,0.730,-1,-1,-1
13,8,183.47,597.26,41.27,160.09,0.537,-1,-1,-1
13,9,73.79,589.06,45.11,164.06,0.551,-1,-1,-1
13,10,525.25,550.90,37.09,94.98,0.516,-1,-1,-1
14,1,1701.47,587.67,63.43,135.12,0.872,-1,-1,-1
14,2,1610.61,593.44,56.65,127.68,0.852,-1,-1,-1
14,5,1408.54,534.00,34.62,100.22,0.780,-1,-1,-1
14,6,478.80,547.39,38.15,97.37,0.733,-1,-1,-1
14,7,1486.47,519.68,29.47,81.64,0.650,-1,-1,-1
14,8,173.92,601.77,41.28,159.46,0.587,-1,-1,-1
14,9,58.24,590.01,47.03,168.85,0.726,-1,-1,-1
14,10,521.96,550.65,37.31,95.99,0.634,-1,-1,-1
14,12,641.61,533.43,25.41,67.14,0.541,-1,-1,-1
15,1,1709.83,587.00,64.52,138.18,0.877,-1,-1,-1
15,2,1618.27,594.33,56.92,128.71,0.816,-1,-1,-1
15,5,1411.91,533.78,34.58,100.12,0.789,-1,-1,-1
15,6,477.49,546.14,38.12,97.85,0.752,-1,-1,-1
15,8,162.91,601.51,41.87,160.58,0.679,-1,-1,-1
15,9,47.54,587.73,47.89,171.41,0.678,-1,-1,-1
15,10,521.63,547.77,37.92,97.42,0.686,-1,-1,-1
15,12,640.69,531.74,25.73,67.96,0.642,-1,-1,-1
15,13,673.19,521.69,28.11,72.79,0.715,-1,-1,-1
16,1,1716.94,589.41,64.61,139.24,0.890,-1,-1,-1
16,2,1625.56,596.28,57.13,130.05,0.828,-1,-1,-1
16,5,1415.30,535.55,34.36,99.39,0.765,-1,-1,-1
16,6,475.89,545.13,38.18,98.44,0.715,-1,-1,-1
16,7,1494.27,524.60,27.88,77.22,0.734,-1,-1,-1
16,8,151.98,601.69,42.39,162.55,0.510,-1,-1,-1
16,9,33.40,586.51,49.42,175.16,0.637,-1,-1,-1
16,10,519.87,546.77,38.05,97.93,0.594,-1,-1,-1
16,12,639.68,531.82,25.41,67.05,0.512,-1,-1,-1
16,13,672.63,521.62,28.14,72.94,0.641,-1,-1,-1
17,1,1724.01,590.45,64.70,140.24,0.850,-1,-1,-1
17,2,1633.40,595.99,57.66,131.84,0.763,-1,-1,-1
17,5,1418.22,535.64,34.70,99.83,0.793,-1,-1,-1
17,6,474.19,546.78,38.07,98.53,0.760,-1,-1,-1
17,7,1496.95,521.75,28.00,77.79,0.675,-1,-1,-1
17,8,138.74,602.23,43.56,167.31,0.613,-1,-1,-1
17,9,17.88,588.13,51.16,179.39,0.673,-1,-1,-1
17,10,517.14,547.87,38.14,98.38,0.740,-1,-1,-1
17,13,671.74,523.80,28.39,73.66,0.692,-1,-1,-1
18,1,1732.33,592.17,64.41,140.77,0.862,-1,-1,-1
18,2,1640.73,594.95,58.18,134.34,0.812,-1,-1,-1
18,5,1421.01,535.67,34.90,100.45,0.763,-1,-1,-1
18,6,472.33,546.73,38.24,99.42,0.767,-1,-1,-1
18,7,1500.12,521.66,27.48,76.71,0.669,-1,-1,-1
18,9,5.21,590.96,51.61,179.65,0.661,-1,-1,-1
18,10,515.09,547.83,38.38,99.27,0.755,-1,-1,-1
18,12,637.75,535.28,25.32,66.71,0.538,-1,-1,-1
18,13,670.92,524.16,28.68,74.51,0.695,-1,-1,-1
19,1,1741.56,593.48,64.10,141.27,0.850,-1,-1,-1
19,2,1649.12,594.59,58.37,136.00,0.849,-1,-1,-1
19,5,1423.51,536.41,34.94,100.73,0.762,-1,-1,-1
19,6,470.34,546.24,38.64,100.88,0.793,-1,-1,-1
19,7,1504.00,521.33,27.53,76.60,0.709,-1,-1,-1
19,9,-3.82,594.52,51.26,178.94,0.616,-1,-1,-1
19,10,512.65,548.32,38.14,99.19,0.708,-1,-1,-1
19,12,636.31,536.11,25.43,66.91,0.540,-1,-1,-1
19,13,670.20,524.25,28.92,75.28,0.708,-1,-1,-1
20,1,1750.00,594.22,64.18,142.60,0.859,-1,-1,-1
20,2,1656.48,593.53,58.84,138.25,0.823,-1,-1,-1
20,5,1426.13,536.52,35.29,101.56,0.769,-1,-1,-1
20,6,468.38,547.78,38.32,100.49,0.675,-1,-1,-1
20,9,-10.54,599.83,50.13,177.76,0.691,-1,-1,-1
20,10,510.02,551.54,37.41,97.67,0.657,-1,-1,-1
20,12,634.25,537.28,25.85,67.96,0.595,-1,-1,-1
20,13,669.09,524.29,29.24,76.22,0.728,-1,-1,-1
21,1,1759.19,597.72,63.68,142.40,0.862,-1,-1,-1
21,2,1663.75,594.73,59.21,140.15,0.835,-1,-1,-1
21,5,1428.60,537.22,35.57,102.32,0.782,-1,-1,-1
21,6,465.38,548.86,38.11,99.81,0.736,-1,-1,-1
21,7,1510.22,520.85,27.54,76.93,0.562,-1,-1,-1
21,10,508.14,553.69,37.03,97.00,0.685,-1,-1,-1
21,11,1562.26,539.96,26.60,81.82,0.504,-1,-1,-1
21,13,668.46,524.28,29.29,76.47,0.725,-1,-1,-1
22,1,1768.34,599.62,63.75,143.32,0.869,-1,-1,-1
22,2,1671.14,596.13,59.69,142.24,0.875,-1,-1,-1
22,5,1431.12,537.93,35.78,102.77,0.828,-1,-1,-1
22,6,463.24,549.46,38.49,100.87,0.732,-1,-1,-1
22,7,1513.53,519.92,27.62,77.72,0.635,-1,-1,-1
22,10,504.95,552.79,38.20,100.17,0.615,-1,-1,-1
22,11,1566.10,541.04,26.06,81.17,0.576,-1,-1,-1
22,13,667.45,526.45,28.87,75.52,0.706,-1,-1,-1
23,1,1777.93,600.40,64.61,145.41,0.861,-1,-1,-1
23,2,1678.74,599.69,59.96,143.20,0.782,-1,-1,-1
23,5,1433.61,538.10,36.26,104.20,0.812,-1,-1,-1
23,6,462.28,549.78,38.73,101.91,0.685,-1,-1,-1
23,10,502.03,549.73,39.87,104.98,0.668,-1,-1,-1
23,13,666.47,527.58,29.07,76.26,0.695,-1,-1,-1
23,14,1068.17,491.55,17.10,33.86,0.630,-1,-1,-1
24,1,1787.44,597.42,66.10,149.20,0.874,-1,-1,-1
24,2,1685.75,598.96,61.01,146.08,0.841,-1,-1,-1
24,5,1435.89,536.57,36.84,105.95,0.785,-1,-1,-1
24,6,460.43,552.81,38.76,101.96,0.747,-1,-1,-1
24,10,500.25,552.38,39.86,104.77,0.735,-1,-1,-1
24,13,664.85,528.25,29.97,78.89,0.738,-1,-1,-1
24,14,1067.10,491.58,17.41,34.44,0.633,-1,-1,-1
25,1,1797.32,602.33,66.83,150.78,0.880,-1,-1,-1
25,2,1693.95,604.49,61.99,148.25,0.879,-1,-1,-1
25,5,1438.57,539.07,37.05,106.50,0.800,-1,-1,-1
25,6,458.27,554.79,39.29,103.25,0.771,-1,-1,-1
25,7,1525.20,523.51,27.90,78.38,0.670,-1,-1,-1
25,10,499.74,555.73,39.71,103.98,0.743,-1,-1,-1
25,13,664.19,529.57,30.46,80.41,0.734,-1,-1,-1
25,14,1066.80,493.66,17.34,34.26,0.668,-1,-1,-1
26,1,1807.17,605.89,67.79,152.41,0.894,-1,-1,-1
26,2,1701.48,609.04,62.23,149.28,0.859,-1,-1,-1
26,5,1441.39,541.44,37.47,107.43,0.813,-1,-1,-1
26,6,456.59,556.25,39.49,103.78,0.760,-1,-1,-1
26,7,1528.96,523.48,28.71,80.64,0.750,-1,-1,-1
26,10,498.87,559.40,39.43,102.33,0.709,-1,-1,-1
26,13,663.72,530.36,30.85,81.74,0.757,-1,-1,-1
26,14,1067.20,495.27,17.15,33.90,0.551,-1,-1,-1
27,1,1815.15,608.56,69.53,155.75,0.886,-1,-1,-1
27,2,1708.79,613.12,63.01,151.34,0.866,-1,-1,-1
27,5,1444.16,543.65,37.80,108.17,0.818,-1,-1,-1
27,6,453.85,558.83,39.46,103.88,0.743,-1,-1,-1
27,7,1531.98,525.19,29.10,81.38,0.759,-1,-1,-1
27,10,498.37,562.42,39.63,101.78,0.698,-1,-1,-1
27,13,663.23,536.27,29.90,79.09,0.759,-1,-1,-1
27,14,1067.09,497.71,16.96,33.60,0.610,-1,-1,-1
28,1,1823.91,610.12,70.96,158.27,0.879,-1,-1,-1
28,2,1716.97,615.86,63.26,152.48,0.884,-1,-1,-1
28,5,1447.67,544.89,38.32,109.48,0.828,-1,-1,-1
28,6,451.98,560.85,39.35,104.09,0.677,-1,-1,-1
28,7,1535.95,528.04,29.01,79.87,0.769,-1,-1,-1
28,10,495.49,562.38,40.66,104.45,0.651,-1,-1,-1
28,13,662.99,540.03,29.49,77.91,0.765,-1,-1,-1
29,1,1831.91,617.92,71.75,159.12,0.886,-1,-1,-1
29,2,1724.42,621.96,64.14,155.14,0.866,-1,-1,-1
29,5,1450.63,548.63,38.90,111.14,0.838,-1,-1,-1
29,6,448.44,561.14,39.87,105.50,0.767,-1,-1,-1
29,7,1539.50,531.93,29.64,81.15,0.785,-1,-1,-1
29,10,493.92,563.47,40.69,104.91,0.669,-1,-1,-1
29,13,662.38,541.29,29.70,78.39,0.744,-1,-1,-1
30,1,1842.11,620.92,69.51,152.40,0.694,-1,-1,-1
30,2,1731.90,624.41,64.66,156.99,0.875,-1,-1,-1
30,5,1453.63,551.84,38.93,111.04,0.830,-1,-1,-1
30,6,445.13,565.28,40.35,106.74,0.766,-1,-1,-1
30,7,1542.67,534.52,29.86,81.23,0.803,-1,-1,-1
30,10,492.39,567.61,40.88,105.40,0.707,-1,-1,-1
30,13,660.90,544.08,30.00,79.06,0.724,-1,-1,-1
31,1,1851.80,624.59,66.24,144.27,0.622,-1,-1,-1
31,2,1741.72,628.28,65.18,158.57,0.882,-1,-1,-1
31,5,1457.29,556.49,39.11,112.01,0.810,-1,-1,-1
31,6,442.77,574.46,40.79,107.60,0.799,-1,-1,-1
31,7,1546.91,538.32,29.98,81.28,0.789,-1,-1,-1
31,10,491.13,577.95,40.31,104.04,0.665,-1,-1,-1
31,13,660.42,553.35,29.88,78.57,0.787,-1,-1,-1
32,1,1854.53,630.89,71.41,157.61,0.853,-1,-1,-1
32,2,1750.16,630.99,65.91,160.79,0.832,-1,-1,-1
32,5,1460.97,560.68,38.75,110.98,0.804,-1,-1,-1
32,6,441.13,576.55,40.05,105.57,0.802,-1,-1,-1
32,7,1550.08,538.35,30.98,84.04,0.770,-1,-1,-1
32,10,489.52,581.26,39.53,102.00,0.713,-1,-1,-1
32,13,659.26,555.13,30.01,78.76,0.509,-1,-1,-1
33,1,1859.50,627.32,72.33,163.36,0.846,-1,-1,-1
33,2,1759.92,626.80,65.82,160.62,0.816,-1,-1,-1
33,5,1463.50,555.35,39.17,112.51,0.807,-1,-1,-1
33,6,438.56,571.17,40.15,105.98,0.797,-1,-1,-1
33,7,1553.08,529.81,32.36,87.96,0.758,-1,-1,-1
33,10,487.57,578.72,39.36,101.15,0.698,-1,-1,-1
33,13,657.20,551.72,29.92,78.71,0.500,-1,-1,-1
34,1,1865.65,627.69,71.33,165.97,0.805,-1,-1,-1
34,2,1771.73,625.24,64.82,157.67,0.883,-1,-1,-1
34,5,1467.50,554.43,39.18,113.01,0.783,-1,-1,-1
34,6,435.88,571.33,40.07,105.84,0.781,-1,-1,-1
34,7,1557.77,531.14,31.27,84.46,0.771,-1,-1,-1
34,10,484.87,577.90,39.86,102.60,0.695,-1,-1,-1
35,2,1781.99,623.50,65.58,158.93,0.878,-1,-1,-1
35,5,1471.67,552.29,39.20,113.17,0.804,-1,-1,-1
35,6,433.66,566.74,39.95,105.69,0.775,-1,-1,-1
35,7,1562.66,528.39,31.18,84.04,0.780,-1,-1,-1
35,10,481.72,570.09,41.00,105.44,0.720,-1,-1,-1
35,12,615.35,543.69,30.33,79.86,0.521,-1,-1,-1
36,2,1791.87,622.10,67.49,163.12,0.884,-1,-1,-1
36,5,1475.96,550.87,38.93,112.45,0.813,-1,-1,-1
36,6,431.53,563.04,39.83,105.74,0.779,-1,-1,-1
36,7,1567.82,526.74,30.57,82.36,0.737,-1,-1,-1
36,10,479.26,566.09,41.63,106.72,0.721,-1,-1,-1
36,12,615.05,545.17,29.90,78.91,0.515,-1,-1,-1
37,2,1801.31,622.76,69.27,167.09,0.877,-1,-1,-1
37,5,1480.09,549.18,38.89,112.70,0.798,-1,-1,-1
37,6,429.35,559.91,39.46,105.02,0.754,-1,-1,-1
37,7,1571.81,523.90,31.00,83.32,0.756,-1,-1,-1
37,10,475.99,559.48,42.46,108.89,0.694,-1,-1,-1
37,12,614.01,543.57,29.85,78.94,0.556,-1,-1,-1
37,15,523.91,529.35,24.34,80.93,0.603,-1,-1,-1
38,2,1811.57,622.43,70.96,170.78,0.872,-1,-1,-1
38,5,1483.74,544.50,39.41,114.56,0.793,-1,-1,-1
38,6,426.76,557.73,39.66,105.82,0.744,-1,-1,-1
38,7,1575.53,520.11,31.15,83.77,0.732,-1,-1,-1
38,10,474.33,558.93,42.23,107.38,0.714,-1,-1,-1
38,12,612.73,542.14,30.25,80.07,0.584,-1,-1,-1
38,15,519.89,527.97,24.29,80.59,0.655,-1,-1,-1
39,2,1822.47,625.80,72.21,173.13,0.878,-1,-1,-1
39,5,1487.51,543.43,39.88,116.37,0.812,-1,-1,-1
39,6,424.84,552.67,40.19,107.72,0.726,-1,-1,-1
39,7,1581.11,518.65,31.78,85.51,0.705,-1,-1,-1
39,10,472.38,553.99,42.57,107.78,0.708,-1,-1,-1
39,12,612.00,539.83,29.88,78.98,0.612,-1,-1,-1
39,15,518.34,523.27,24.57,81.47,0.574,-1,-1,-1
40,2,1832.94,626.38,73.54,176.12,0.886,-1,-1,-1
40,5,1491.10,540.76,40.49,118.79,0.802,-1,-1,-1
40,6,422.51,551.70,40.40,108.67,0.727,-1,-1,-1
40,7,1585.08,515.07,32.56,87.81,0.758,-1,-1,-1
40,10,469.03,551.73,43.25,109.60,0.734,-1,-1,-1
40,12,610.72,540.43,29.57,77.80,0.647,-1,-1,-1
40,13,649.36,530.36,31.86,84.30,0.675,-1,-1,-1
40,15,514.63,522.61,25.12,83.16,0.611,-1,-1,-1
41,2,1843.99,631.58,74.51,178.66,0.898,-1,-1,-1
41,5,1496.08,542.48,40.38,118.91,0.821,-1,-1,-1
41,6,420.85,550.40,40.47,109.17,0.736,-1,-1,-1
41,7,1590.25,517.12,32.34,86.81,0.728,-1,-1,-1
41,10,466.69,553.01,42.75,107.73,0.736,-1,-1,-1
41,12,609.95,539.72,29.80,78.21,0.606,-1,-1,-1
41,13,648.68,526.68,32.08,85.38,0.775,-1,-1,-1
41,15,512.12,521.12,25.72,84.93,0.629,-1,-1,-1
42,2,1852.63,636.37,74.14,180.27,0.883,-1,-1,-1
42,5,1500.76,543.42,40.90,120.99,0.803,-1,-1,-1
42,6,419.53,550.07,40.75,110.11,0.767,-1,-1,-1
42,7,1595.19,519.05,32.40,86.37,0.681,-1,-1,-1
42,10,464.42,555.49,42.12,105.55,0.682,-1,-1,-1
42,13,647.96,525.72,32.34,86.61,0.789,-1,-1,-1
42,15,509.65,522.14,25.97,85.45,0.666,-1,-1,-1
43,2,1860.65,640.20,72.44,180.77,0.873,-1,-1,-1
43,5,1506.65,545.83,41.39,121.77,0.846,-1,-1,-1
43,6,417.17,551.29,41.09,110.52,0.719,-1,-1,-1
43,7,1599.89,522.71,32.28,85.70,0.773,-1,-1,-1
43,10,461.99,558.04,41.84,104.53,0.663,-1,-1,-1
43,13,646.83,527.24,32.06,86.02,0.779,-1,-1,-1
43,15,507.43,524.00,26.24,86.14,0.654,-1,-1,-1
44,2,1868.66,643.18,69.04,177.72,0.830,-1,-1,-1
44,5,1511.21,546.88,41.97,123.48,0.827,-1,-1,-1
44,6,414.30,552.73,41.66,111.78,0.660,-1,-1,-1
44,7,1603.64,517.82,34.63,92.40,0.730,-1,-1,-1
44,10,459.73,563.51,41.11,102.21,0.704,-1,-1,-1
44,12,606.45,541.61,30.66,80.49,0.515,-1,-1,-1
44,13,645.70,528.82,31.97,85.92,0.777,-1,-1,-1
44,15,504.97,526.11,27.05,88.70,0.639,-1,-1,-1
45,2,1877.45,653.87,65.35,173.51,0.695,-1,-1,-1
45,5,1516.38,550.18,42.58,124.97,0.844,-1,-1,-1
45,6,413.17,552.19,41.82,112.03,0.645,-1,-1,-1
45,7,1608.07,521.37,34.70,92.05,0.766,-1,-1,-1
45,10,457.89,560.08,42.54,106.26,0.654,-1,-1,-1
45,12,605.34,541.37,30.98,81.22,0.614,-1,-1,-1
45,13,645.45,529.89,31.61,84.97,0.774,-1,-1,-1
45,15,503.06,526.37,27.20,89.05,0.546,-1,-1,-1
46,5,1521.32,551.97,43.24,126.42,0.829,-1,-1,-1
46,6,412.07,553.19,41.79,112.69,0.562,-1,-1,-1
46,7,1612.94,525.56,33.85,89.08,0.831,-1,-1,-1
46,10,456.10,562.88,42.24,105.53,0.689,-1,-1,-1
46,12,604.04,541.09,31.86,83.58,0.622,-1,-1,-1
46,13,644.06,530.86,31.85,85.73,0.761,-1,-1,-1
46,15,500.29,527.63,27.52,89.84,0.580,-1,-1,-1
47,5,1526.23,554.06,43.97,127.85,0.822,-1,-1,-1
47,6,411.22,553.66,41.48,112.53,0.668,-1,-1,-1
47,7,1617.87,529.76,33.16,87.12,0.783,-1,-1,-1
47,10,453.45,560.91,43.40,108.30,0.718,-1,-1,-1
47,12,603.34,541.11,32.13,84.37,0.592,-1,-1,-1
47,13,643.02,530.94,32.27,86.93,0.772,-1,-1,-1
47,15,497.62,526.74,27.84,90.88,0.593,-1,-1,-1
48,5,1530.71,556.30,44.50,128.60,0.855,-1,-1,-1
48,6,409.44,556.78,41.47,113.12,0.747,-1,-1,-1
48,7,1621.95,532.49,32.78,86.24,0.773,-1,-1,-1
48,10,451.12,561.49,44.65,111.33,0.765,-1,-1,-1
48,13,641.56,533.10,32.24,86.69,0.754,-1,-1,-1
48,15,494.75,528.95,28.12,91.61,0.682,-1,-1,-1
49,5,1534.42,559.68,45.70,131.69,0.838,-1,-1,-1
49,6,407.88,558.90,41.24,112.93,0.753,-1,-1,-1
49,7,1626.26,535.71,32.46,85.95,0.784,-1,-1,-1
49,10,449.06,562.07,45.60,113.41,0.737,-1,-1,-1
49,13,640.21,535.56,32.39,86.79,0.798,-1,-1,-1
49,15,491.56,530.55,28.43,92.42,0.625,-1,-1,-1
50,5,1538.95,560.13,46.47,133.63,0.838,-1,-1,-1
50,6,405.26,560.21,40.94,112.29,0.746,-1,-1,-1
50,7,1630.67,534.23,32.61,86.98,0.787,-1,-1,-1
50,10,447.24,562.15,45.78,113.56,0.749,-1,-1,-1
50,13,639.33,535.89,32.58,86.96,0.793,-1,-1,-1
50,15,488.70,530.31,28.61,92.81,0.549,-1,-1,-1
51,5,1543.64,562.41,46.55,133.54,0.845,-1,-1,-1
51,6,401.87,560.54,41.02,112.81,0.781,-1,-1,-1
51,7,1634.77,535.27,32.57,87.70,0.799,-1,-1,-1
51,10,444.99,561.52,46.65,114.74,0.770,-1,-1,-1
51,13,638.24,536.57,32.80,87.38,0.810,-1,-1,-1
51,15,485.69,530.30,29.16,94.27,0.561,-1,-1,-1
52,5,1548.10,563.69,46.69,133.52,0.846,-1,-1,-1
52,6,398.36,562.00,41.35,113.76,0.781,-1,-1,-1
52,7,1638.97,535.24,32.71,88.77,0.788,-1,-1,-1
52,10,442.77,566.68,45.79,111.52,0.739,-1,-1,-1
52,13,637.31,537.76,32.81,87.28,0.821,-1,-1,-1
52,15,482.21,530.76,29.56,95.22,0.591,-1,-1,-1
52,16,340.69,560.67,31.66,105.85,0.653,-1,-1,-1
52,17,787.75,514.02,20.27,54.45,0.555,-1,-1,-1
53,5,1552.06,565.02,47.57,135.96,0.863,-1,-1,-1
53,6,394.82,561.68,42.08,115.51,0.799,-1,-1,-1
53,7,1643.50,536.26,32.53,88.58,0.764,-1,-1,-1
53,10,439.12,566.18,46.70,113.67,0.708,-1,-1,-1
53,13,636.22,538.36,32.96,87.76,0.812,-1,-1,-1
53,15,479.39,531.04,29.67,95.36,0.538,-1,-1,-1
53,16,337.46,560.83,31.53,105.19,0.729,-1,-1,-1
53,17,787.34,514.13,20.39,54.76,0.509,-1,-1,-1
53,18,510.67,554.28,23.01,67.30,0.595,-1,-1,-1
54,5,1556.30,565.41,48.23,137.88,0.866,-1,-1,-1
54,6,391.34,561.01,42.50,116.50,0.767,-1,-1,-1
54,7,1647.66,535.95,32.62,89.06,0.739,-1,-1,-1
54,10,436.46,566.13,47.32,114.48,0.691,-1,-1,-1
54,13,634.71,538.08,33.22,88.43,0.802,-1,-1,-1
54,15,476.02,530.95,29.95,95.80,0.635,-1,-1,-1
54,16,333.68,560.39,32.00,106.34,0.701,-1,-1,-1
54,18,507.73,554.10,23.31,68.17,0.622,-1,-1,-1
55,5,1560.56,566.21,48.91,139.76,0.835,-1,-1,-1
55,6,388.15,560.45,42.57,117.07,0.764,-1,-1,-1
55,7,1652.71,536.12,32.73,89.17,0.758,-1,-1,-1
55,10,434.50,565.29,47.94,115.77,0.691,-1,-1,-1
55,13,633.62,537.89,33.32,88.50,0.815,-1,-1,-1
55,15,473.29,530.98,29.91,95.53,0.630,-1,-1,-1
55,16,330.54,559.95,32.43,107.30,0.564,-1,-1,-1
55,18,504.74,554.15,23.14,67.60,0.638,-1,-1,-1
56,5,1563.40,558.68,52.75,152.18,0.846,-1,-1,-1
56,6,384.88,559.89,43.08,118.12,0.801,-1,-1,-1
56,7,1657.54,536.01,33.45,90.31,0.748,-1,-1,-1
56,10,431.39,564.88,48.62,117.27,0.682,-1,-1,-1
56,12,601.96,544.62,32.65,88.20,0.628,-1,-1,-1
56,13,631.92,537.75,33.82,89.71,0.788,-1,-1,-1
56,15,470.00,531.42,29.86,95.17,0.541,-1,-1,-1
56,16,326.13,558.61,33.81,110.99,0.721,-1,-1,-1
56,17,786.48,513.69,20.51,55.10,0.572,-1,-1,-1
56,18,501.48,553.99,23.63,68.99,0.659,-1,-1,-1
57,5,1568.29,560.96,52.00,150.27,0.823,-1,-1,-1
57,6,381.09,558.58,43.59,119.24,0.824,-1,-1,-1
57,7,1662.55,534.39,34.11,90.96,0.770,-1,-1,-1
57,10,427.78,562.38,50.00,120.02,0.701,-1,-1,-1
57,12,601.54,544.27,32.32,89.05,0.602,-1,-1,-1
57,13,630.46,536.77,34.04,90.36,0.802,-1,-1,-1
57,15,466.30,531.05,30.09,95.91,0.581,-1,-1,-1
57,16,322.16,557.92,34.54,112.11,0.748,-1,-1,-1
57,17,785.60,512.33,20.62,55.44,0.512,-1,-1,-1
57,18,498.48,553.57,23.82,69.50,0.705,-1,-1,-1
58,5,1572.69,558.69,51.87,150.66,0.834,-1,-1,-1
58,6,377.83,558.32,43.16,118.24,0.799,-1,-1,-1
58,7,1667.28,533.59,34.50,90.73,0.806,-1,-1,-1
58,10,425.50,562.70,49.54,118.91,0.696,-1,-1,-1
58,12,601.11,543.74,31.62,88.74,0.516,-1,-1,-1
58,13,628.77,535.51,34.09,90.62,0.797,-1,-1,-1
58,15,462.68,530.04,30.00,95.62,0.657,-1,-1,-1
58,16,318.57,556.34,34.89,111.55,0.704,-1,-1,-1
58,18,495.13,553.20,23.37,68.07,0.670,-1,-1,-1
59,5,1577.30,558.96,51.40,149.71,0.801,-1,-1,-1
59,6,374.02,556.28,43.41,119.08,0.816,-1,-1,-1
59,7,1671.54,532.77,35.08,91.26,0.795,-1,-1,-1
59,10,422.61,561.77,49.49,118.58,0.738,-1,-1,-1
59,13,627.24,533.71,34.13,91.02,0.778,-1,-1,-1
59,15,459.75,528.89,29.69,94.93,0.594,-1,-1,-1
59,16,314.95,554.03,35.55,112.25,0.695,-1,-1,-1
59,17,784.80,508.52,20.80,56.08,0.511,-1,-1,-1
59,18,491.99,552.04,23.38,67.99,0.674,-1,-1,-1
60,5,1580.82,554.45,52.96,155.35,0.801,-1,-1,-1
60,6,370.88,554.18,43.87,120.61,0.817,-1,-1,-1
60,7,1674.15,529.80,36.20,94.08,0.675,-1,-1,-1
60,10,419.41,561.45,49.44,118.35,0.750,-1,-1,-1
60,12,598.71,540.07,31.64,90.77,0.664,-1,-1,-1
60,13,625.15,532.95,34.23,91.48,0.811,-1,-1,-1
60,15,455.24,527.33,30.03,96.32,0.569,-1,-1,-1
60,16,311.62,553.68,36.00,112.11,0.719,-1,-1,-1
60,17,783.40,506.75,20.91,56.53,0.539,-1,-1,-1
60,18,488.34,551.49,23.77,69.04,0.705,-1,-1,-1
60,19,573.98,539.91,31.21,93.25,0.667,-1,-1,-1
61,5,1586.19,555.91,51.77,151.89,0.774,-1,-1,-1
61,6,366.63,549.53,45.72,126.33,0.783,-1,-1,-1
61,7,1677.77,530.01,35.04,90.66,0.752,-1,-1,-1
61,10,415.19,561.75,49.32,118.25,0.711,-1,-1,-1
61,12,596.75,539.07,31.40,91.65,0.654,-1,-1,-1
61,13,622.93,532.51,34.25,91.81,0.783,-1,-1,-1
61,15,451.43,526.64,30.18,97.46,0.640,-1,-1,-1
61,16,307.94,554.94,36.41,111.68,0.708,-1,-1,-1
61,18,484.83,552.10,23.98,69.54,0.713,-1,-1,-1
61,19,570.67,541.31,31.90,95.33,0.670,-1,-1,-1
62,5,1591.13,559.04,51.12,149.76,0.694,-1,-1,-1
62,6,362.81,547.63,45.44,126.47,0.778,-1,-1,-1
62,7,1680.70,532.68,34.62,89.58,0.776,-1,-1,-1
62,10,411.30,558.98,49.18,118.42,0.716,-1,-1,-1
62,12,595.20,537.89,31.68,92.64,0.558,-1,-1,-1
62,13,621.26,530.87,33.89,91.05,0.672,-1,-1,-1
62,16,303.98,552.24,36.66,110.61,0.746,-1,-1,-1
62,18,481.12,550.17,23.92,69.16,0.697,-1,-1,-1
62,19,568.04,539.69,32.45,97.05,0.693,-1,-1,-1
62,20,1388.09,508.92,21.33,58.39,0.561,-1,-1,-1
63,5,1597.76,553.63,50.73,147.68,0.833,-1,-1,-1
63,6,360.32,559.81,44.15,123.54,0.793,-1,-1,-1
63,7,1684.60,524.31,34.29,88.82,0.776,-1,-1,-1
63,10,408.49,567.44,47.93,116.40,0.708,-1,-1,-1
63,12,594.60,545.99,31.48,91.21,0.576,-1,-1,-1
63,13,619.74,535.02,33.68,90.63,0.537,-1,-1,-1
63,15,444.78,531.91,30.45,98.98,0.536,-1,-1,-1
63,16,301.10,562.11,37.18,110.57,0.765,-1,-1,-1
63,18,478.01,556.81,23.92,68.97,0.700,-1,-1,-1
63,19,566.60,549.83,31.78,94.90,0.679,-1,-1,-1
64,5,1602.45,558.92,51.41,149.32,0.848,-1,-1,-1
64,6,357.71,555.99,43.50,122.49,0.719,-1,-1,-1
64,7,1687.98,529.49,34.44,89.72,0.817,-1,-1,-1
64,10,404.95,562.39,47.46,115.98,0.745,-1,-1,-1
64,13,618.40,532.66,33.45,90.04,0.619,-1,-1,-1
64,16,296.24,556.22,38.91,114.69,0.776,-1,-1,-1
64,18,474.90,552.75,24.14,69.35,0.715,-1,-1,-1
64,19,563.69,545.59,32.05,95.59,0.722,-1,-1,-1
65,5,1607.09,562.41,51.05,147.35,0.822,-1,-1,-1
65,6,353.39,558.37,43.76,123.62,0.747,-1,-1,-1
65,7,1690.73,528.95,34.42,89.92,0.792,-1,-1,-1
65,10,400.91,566.06,46.87,114.77,0.738,-1,-1,-1
65,12,589.67,545.12,32.82,95.07,0.502,-1,-1,-1
65,13,615.25,533.88,33.64,90.71,0.602,-1,-1,-1
65,16,290.96,557.97,39.42,115.18,0.782,-1,-1,-1
65,18,470.22,554.33,24.37,69.79,0.661,-1,-1,-1
65,19,561.15,551.43,30.96,92.08,0.678,-1,-1,-1
65,21,1576.91,512.14,18.74,50.69,0.562,-1,-1,-1
66,5,1613.09,560.10,51.85,149.23,0.798,-1,-1,-1
66,6,351.13,564.98,43.04,121.89,0.750,-1,-1,-1
66,7,1695.08,524.22,34.91,91.42,0.829,-1,-1,-1
66,10,398.79,572.74,45.88,112.35,0.762,-1,-1,-1
66,12,587.09,546.17,33.60,97.13,0.508,-1,-1,-1
66,13,613.45,537.97,33.30,89.84,0.632,-1,-1,-1
66,16,286.93,563.01,40.10,116.75,0.755,-1,-1,-1
66,18,467.01,559.07,23.93,68.16,0.760,-1,-1,-1
66,19,558.79,553.72,31.57,93.82,0.612,-1,-1,-1
66,21,1577.30,509.05,18.76,50.71,0.570,-1,-1,-1
67,5,1616.54,568.84,51.83,149.22,0.861,-1,-1,-1
67,6,347.73,558.50,43.69,124.16,0.751,-1,-1,-1
67,7,1698.97,531.60,34.92,91.55,0.822,-1,-1,-1
67,10,396.02,571.16,45.20,110.26,0.730,-1,-1,-1
67,13,611.76,535.73,33.06,89.66,0.519,-1,-1,-1
67,16,282.04,557.16,40.06,116.33,0.715,-1,-1,-1
67,18,462.44,554.89,24.28,68.76,0.763,-1,-1,-1
67,19,555.43,549.02,32.22,95.82,0.689,-1,-1,-1
68,5,1620.07,567.13,52.06,149.66,0.850,-1,-1,-1
68,6,343.56,559.99,44.25,126.04,0.771,-1,-1,-1
68,7,1701.53,529.85,35.08,91.39,0.810,-1,-1,-1
68,10,390.86,571.88,46.25,112.85,0.782,-1,-1,-1
68,16,277.35,558.99,39.82,115.20,0.651,-1,-1,-1
68,18,457.59,557.10,24.50,68.99,0.742,-1,-1,-1
68,19,552.21,552.86,31.58,93.63,0.710,-1,-1,-1
68,22,526.55,558.88,24.59,81.52,0.631,-1,-1,-1
69,5,1624.37,571.52,53.42,153.06,0.862,-1,-1,-1
69,6,339.37,557.02,44.54,126.83,0.763,-1,-1,-1
69,7,1704.79,534.93,35.42,91.88,0.818,-1,-1,-1
69,10,386.38,570.55,46.35,113.25,0.731,-1,-1,-1
69,16,272.08,556.62,39.69,114.91,0.696,-1,-1,-1
69,18,452.57,555.93,24.99,69.88,0.772,-1,-1,-1
69,19,548.55,552.51,31.56,93.13,0.715,-1,-1,-1
69,22,522.80,560.38,24.22,80.10,0.562,-1,-1,-1
70,5,1628.69,571.64,54.28,154.88,0.869,-1,-1,-1
70,6,334.18,556.75,45.11,127.93,0.767,-1,-1,-1
70,7,1707.45,534.89,36.00,92.73,0.776,-1,-1,-1
70,10,381.34,569.22,47.14,115.60,0.696,-1,-1,-1
70,16,266.59,555.99,40.65,117.85,0.588,-1,-1,-1
70,18,447.26,556.48,25.18,69.88,0.743,-1,-1,-1
70,19,544.56,552.58,31.67,93.05,0.757,-1,-1,-1
70,21,1572.43,514.90,18.86,50.97,0.561,-1,-1,-1
70,22,519.20,561.77,24.12,79.62,0.549,-1,-1,-1
71,5,1632.28,573.74,55.37,157.64,0.873,-1,-1,-1
71,6,330.48,554.19,45.49,129.16,0.749,-1,-1,-1
71,7,1709.49,536.31,36.44,93.11,0.810,-1,-1,-1
71,10,376.80,567.08,47.58,117.24,0.685,-1,-1,-1
71,12,576.65,540.69,34.97,102.70,0.570,-1,-1,-1
71,16,260.47,551.27,41.71,121.60,0.600,-1,-1,-1
71,18,441.58,555.80,25.64,70.59,0.754,-1,-1,-1
71,19,540.32,550.86,32.32,94.52,0.783,-1,-1,-1
72,5,1635.51,572.74,56.37,159.25,0.874,-1,-1,-1
72,6,325.66,554.27,46.12,130.76,0.772,-1,-1,-1
72,7,1711.26,535.47,36.93,93.36,0.825,-1,-1,-1
72,10,372.03,564.91,48.80,121.03,0.798,-1,-1,-1
72,16,255.27,552.98,41.32,120.73,0.597,-1,-1,-1
72,18,435.48,556.94,26.01,71.15,0.758,-1,-1,-1
72,19,535.81,551.18,32.71,95.27,0.754,-1,-1,-1
72,22,510.09,562.05,24.61,81.01,0.578,-1,-1,-1
73,5,1639.09,574.48,57.18,159.99,0.881,-1,-1,-1
73,6,320.61,551.83,46.59,132.03,0.767,-1,-1,-1
73,7,1712.77,537.61,37.38,93.74,0.839,-1,-1,-1
73,10,367.97,564.12,48.40,119.92,0.803,-1,-1,-1
73,12,569.51,538.27,35.50,106.38,0.542,-1,-1,-1
73,13,591.58,532.68,33.85,92.73,0.610,-1,-1,-1
73,16,249.05,551.01,41.85,123.04,0.601,-1,-1,-1
73,18,429.57,555.30,26.38,71.67,0.751,-1,-1,-1
73,19,531.31,549.99,32.93,95.31,0.803,-1,-1,-1
73,22,505.18,559.06,25.03,82.12,0.635,-1,-1,-1
74,5,1642.48,573.96,58.28,161.17,0.880,-1,-1,-1
74,6,316.04,551.19,46.83,132.93,0.770,-1,-1,-1
74,7,1714.05,536.05,38.01,94.71,0.843,-1,-1,-1
74,10,363.22,561.50,49.47,122.82,0.805,-1,-1,-1
74,12,565.81,538.43,35.08,107.22,0.608,-1,-1,-1
74,13,588.19,533.25,32.96,91.29,0.627,-1,-1,-1
74,18,423.43,554.87,26.59,71.81,0.785,-1,-1,-1
74,19,527.07,549.88,33.01,94.97,0.763,-1,-1,-1
75,5,1646.19,575.97,59.30,162.59,0.860,-1,-1,-1
75,6,310.08,551.14,47.12,133.87,0.785,-1,-1,-1
75,7,1714.88,538.02,38.34,94.78,0.832,-1,-1,-1
75,10,359.26,561.51,49.51,122.94,0.770,-1,-1,-1
75,13,584.77,533.10,32.54,91.03,0.621,-1,-1,-1
75,16,238.37,554.14,40.81,120.59,0.521,-1,-1,-1
75,18,417.22,554.46,26.67,71.54,0.746,-1,-1,-1
75,19,521.50,549.87,33.46,95.81,0.781,-1,-1,-1
75,20,1389.88,516.78,21.42,58.85,0.515,-1,-1,-1
75,21,1564.17,519.39,18.57,50.26,0.585,-1,-1,-1
75,22,496.15,558.63,24.64,80.52,0.526,-1,-1,-1
76,5,1651.89,576.90,60.02,164.93,0.862,-1,-1,-1
76,6,304.79,549.48,47.60,135.51,0.809,-1,-1,-1
76,7,1715.50,538.88,38.38,93.94,0.845,-1,-1,-1
76,10,353.87,559.40,50.48,125.34,0.790,-1,-1,-1
76,12,558.09,537.05,35.09,109.61,0.606,-1,-1,-1
76,13,580.08,533.15,32.41,91.48,0.706,-1,-1,-1
76,16,232.52,555.45,40.25,119.68,0.527,-1,-1,-1
76,18,410.78,553.88,26.92,71.54,0.790,-1,-1,-1
76,19,516.35,549.23,34.01,96.92,0.769,-1,-1,-1
76,21,1562.37,519.57,18.62,50.31,0.562,-1,-1,-1
77,5,1656.03,579.51,60.38,165.60,0.869,-1,-1,-1
77,6,298.48,549.55,47.59,135.36,0.755,-1,-1,-1
77,7,1715.88,540.50,38.26,92.79,0.840,-1,-1,-1
77,10,348.64,558.73,50.91,126.37,0.775,-1,-1,-1
77,12,552.95,537.10,34.61,110.77,0.692,-1,-1,-1
77,13,574.86,532.85,32.94,93.55,0.703,-1,-1,-1
77,18,403.93,553.66,27.44,72.70,0.746,-1,-1,-1
77,19,510.59,549.87,34.33,97.29,0.788,-1,-1,-1
77,20,1389.92,519.56,20.92,57.54,0.522,-1,-1,-1
77,21,1560.27,520.38,18.61,50.12,0.621,-1,-1,-1
78,5,1658.90,581.67,60.92,166.30,0.888,-1,-1,-1
78,6,293.32,552.93,46.29,131.34,0.729,-1,-1,-1
78,7,1715.96,540.92,38.38,92.35,0.851,-1,-1,-1
78,10,343.29,558.08,51.46,127.92,0.741,-1,-1,-1
78,12,548.93,538.54,33.86,109.95,0.615,-1,-1,-1
78,13,570.41,533.35,32.82,93.62,0.638,-1,-1,-1
78,18,396.74,554.50,27.30,71.69,0.786,-1,-1,-1
78,19,505.00,550.82,34.72,98.13,0.794,-1,-1,-1
78,22,479.38,549.73,28.63,93.54,0.605,-1,-1,-1
79,5,1661.16,583.41,61.32,166.68,0.883,-1,-1,-1
79,6,286.07,550.92,46.74,131.86,0.769,-1,-1,-1
79,7,1715.68,541.13,38.41,92.05,0.842,-1,-1,-1
79,10,338.66,557.67,51.48,127.88,0.737,-1,-1,-1
79,12,543.22,539.57,33.29,109.53,0.671,-1,-1,-1
79,13,565.23,533.18,33.07,94.62,0.708,-1,-1,-1
79,17,779.68,504.86,22.10,59.70,0.544,-1,-1,-1
79,18,389.87,554.01,27.35,71.24,0.712,-1,-1,-1
79,19,498.80,550.24,35.36,99.63,0.767,-1,-1,-1
80,5,1663.47,583.21,61.82,166.83,0.867,-1,-1,-1
80,6,278.85,551.97,46.59,130.89,0.805,-1,-1,-1
80,7,1715.10,539.00,39.04,93.60,0.829,-1,-1,-1
80,10,332.34,557.35,52.34,129.70,0.763,-1,-1,-1
80,12,538.16,539.51,33.29,111.22,0.673,-1,-1,-1
80,13,560.90,534.27,32.99,95.00,0.761,-1,-1,-1
80,17,778.55,506.87,21.62,58.25,0.562,-1,-1,-1
80,18,382.76,555.70,27.29,70.53,0.714,-1,-1,-1
80,19,492.36,551.44,36.02,101.12,0.785,-1,-1,-1
80,22,463.63,537.53,34.02,110.91,0.501,-1,-1,-1
81,5,1665.11,583.17,62.54,167.74,0.870,-1,-1,-1
81,6,271.89,551.95,46.68,130.62,0.802,-1,-1,-1
81,7,1714.48,537.85,39.24,94.26,0.822,-1,-1,-1
81,10,326.90,557.17,53.22,130.60,0.769,-1,-1,-1
81,12,533.19,539.71,32.89,111.35,0.628,-1,-1,-1
81,13,555.96,534.01,33.28,96.31,0.714,-1,-1,-1
81,18,374.97,556.02,27.70,71.09,0.716,-1,-1,-1
81,19,486.04,550.96,36.73,102.79,0.795,-1,-1,-1
81,22,457.56,546.15,32.52,105.47,0.566,-1,-1,-1
81,23,155.71,556.89,35.94,128.21,0.735,-1,-1,-1
82,5,1666.69,583.54,63.68,169.87,0.892,-1,-1,-1
82,6,265.08,552.52,46.58,130.15,0.746,-1,-1,-1
82,7,1713.32,536.97,39.53,95.30,0.822,-1,-1,-1
82,10,319.89,554.82,54.53,133.25,0.780,-1,-1,-1
82,12,528.03,539.63,32.77,111.85,0.647,-1,-1,-1
82,13,552.09,535.11,32.85,95.68,0.688,-1,-1,-1
82,18,367.34,555.89,28.00,71.49,0.644,-1,-1,-1
82,19,479.79,550.86,37.09,103.54,0.750,-1,-1,-1
82,22,451.85,552.43,30.56,98.65,0.630,-1,-1,-1
82,23,147.06,557.45,36.55,129.70,0.814,-1,-1,-1
83,5,1668.14,583.78,64.40,170.76,0.895,-1,-1,-1
83,6,257.25,553.09,47.16,131.66,0.838,-1,-1,-1
83,7,1712.16,535.99,39.76,96.42,0.797,-1,-1,-1
83,10,313.98,557.21,54.29,132.62,0.719,-1,-1,-1
83,12,521.32,540.36,32.92,112.39,0.704,-1,-1,-1
83,13,547.60,536.94,32.61,95.31,0.577,-1,-1,-1
83,17,770.10,507.96,21.75,58.46,0.553,-1,-1,-1
83,18,359.59,557.19,28.29,72.08,0.679,-1,-1,-1
83,19,473.50,551.72,37.54,104.42,0.803,-1,-1,-1
83,22,445.74,556.45,29.81,96.27,0.696,-1,-1,-1
83,23,139.07,559.20,36.88,130.06,0.737,-1,-1,-1
84,5,1669.69,582.77,65.46,172.65,0.889,-1,-1,-1
84,6,249.81,554.44,47.55,132.64,0.801,-1,-1,-1
84,7,1710.91,534.13,39.94,97.43,0.786,-1,-1,-1
84,10,306.79,559.60,54.09,132.33,0.758,-1,-1,-1
84,12,516.11,540.35,33.57,113.92,0.708,-1,-1,-1
84,13,542.58,537.16,32.76,96.57,0.699,-1,-1,-1
84,17,766.44,507.97,21.64,58.66,0.521,-1,-1,-1
84,18,351.45,558.41,28.69,73.15,0.690,-1,-1,-1
84,19,466.56,552.20,37.91,104.95,0.803,-1,-1,-1
84,22,438.60,558.63,29.18,94.26,0.669,-1,-1,-1
84,23,131.76,560.24,37.74,132.31,0.772,-1,-1,-1
85,5,1671.50,584.20,66.42,174.30,0.892,-1,-1,-1
85,6,242.13,556.33,47.81,132.91,0.779,-1,-1,-1
85,7,1709.67,533.87,40.22,98.89,0.781,-1,-1,-1
85,10,299.03,560.53,54.34,133.33,0.782,-1,-1,-1
85,12,511.35,541.42,33.83,114.52,0.640,-1,-1,-1
85,13,538.32,538.52,32.45,96.48,0.588,-1,-1,-1
85,18,343.04,559.52,29.96,76.66,0.638,-1,-1,-1
85,19,460.39,553.33,38.28,105.64,0.768,-1,-1,-1
85,22,431.87,560.42,29.58,95.35,0.663,-1,-1,-1
85,23,124.09,561.31,38.23,133.09,0.696,-1,-1,-1
85,24,404.11,560.53,24.64,82.48,0.641,-1,-1,-1
86,5,1673.53,584.11,67.40,175.76,0.904,-1,-1,-1
86,6,234.03,558.21,48.18,133.55,0.793,-1,-1,-1
86,7,1708.19,533.11,40.31,100.04,0.753,-1,-1,-1
86,10,291.19,562.74,53.29,131.93,0.776,-1,-1,-1
86,12,505.43,542.30,34.01,115.56,0.695,-1,-1,-1
86,13,531.95,539.44,32.65,97.63,0.711,-1,-1,-1
86,18,335.08,560.56,30.24,77.57,0.693,-1,-1,-1
86,19,453.89,554.52,38.51,106.14,0.688,-1,-1,-1
86,22,425.01,561.34,29.68,95.70,0.638,-1,-1,-1
86,23,116.73,561.83,38.60,133.37,0.750,-1,-1,-1
86,24,396.42,562.98,24.99,83.52,0.676,-1,-1,-1
87,5,1675.19,586.18,68.19,176.91,0.896,-1,-1,-1
87,6,225.76,558.59,49.10,135.25,0.786,-1,-1,-1
87,7,1707.06,533.51,40.40,100.88,0.704,-1,-1,-1
87,10,283.61,564.32,52.99,131.69,0.749,-1,-1,-1
87,12,500.52,543.78,34.38,116.37,0.673,-1,-1,-1
87,13,526.73,540.28,32.68,98.43,0.606,-1,-1,-1
87,18,327.09,562.16,30.67,79.08,0.677,-1,-1,-1
87,19,446.81,556.00,38.96,107.33,0.768,-1,-1,-1
87,22,418.29,562.28,29.65,95.54,0.538,-1,-1,-1
87,23,109.42,562.76,38.45,131.61,0.775,-1,-1,-1
87,24,388.98,565.64,25.10,83.70,0.597,-1,-1,-1
88,5,1677.17,587.25,69.22,178.93,0.893,-1,-1,-1
88,6,218.91,562.40,49.33,135.34,0.754,-1,-1,-1
88,7,1706.19,533.93,39.74,99.41,0.657,-1,-1,-1
88,10,275.84,566.84,52.77,132.35,0.799,-1,-1,-1
88,12,494.77,546.46,34.46,117.38,0.687,-1,-1,-1
88,13,520.53,541.88,32.92,99.75,0.702,-1,-1,-1
88,18,318.86,564.30,30.72,79.53,0.643,-1,-1,-1
88,19,440.80,560.33,38.43,105.50,0.724,-1,-1,-1
88,22,411.27,565.08,29.48,94.66,0.642,-1,-1,-1
88,23,101.17,564.94,38.94,131.92,0.717,-1,-1,-1
88,24,380.85,567.25,25.90,86.07,0.676,-1,-1,-1
89,5,1679.01,590.41,69.87,180.10,0.890,-1,-1,-1
89,6,214.56,565.53,48.44,133.48,0.712,-1,-1,-1
89,7,1705.36,535.16,39.08,98.00,0.681,-1,-1,-1
89,10,268.37,567.76,52.54,132.70,0.781,-1,-1,-1
89,12,489.30,547.93,34.54,118.51,0.678,-1,-1,-1
89,13,514.62,542.65,32.81,99.96,0.718,-1,-1,-1
89,18,310.72,565.54,30.86,80.50,0.661,-1,-1,-1
89,19,433.56,560.78,39.17,107.42,0.794,-1,-1,-1
89,22,404.45,566.14,29.38,93.75,0.613,-1,-1,-1
89,23,93.14,565.87,39.38,131.98,0.708,-1,-1,-1
89,24,372.78,568.70,25.94,85.98,0.677,-1,-1,-1
90,5,1681.37,592.29,70.94,182.83,0.882,-1,-1,-1
90,6,206.88,568.44,48.88,134.07,0.703,-1,-1,-1
90,7,1706.81,536.51,33.16,81.72,0.541,-1,-1,-1
90,10,261.51,569.73,52.77,134.08,0.753,-1,-1,-1
90,12,482.31,551.40,34.40,118.85,0.741,-1,-1,-1
90,13,508.61,544.79,32.98,101.12,0.673,-1,-1,-1
90,18,302.86,568.65,30.60,80.30,0.588,-1,-1,-1
90,19,426.96,563.24,39.60,108.83,0.728,-1,-1,-1
90,22,396.85,568.31,31.07,99.10,0.695,-1,-1,-1
90,23,85.12,568.38,39.80,132.54,0.590,-1,-1,-1
90,24,365.86,573.23,25.72,84.83,0.504,-1,-1,-1
91,5,1684.24,595.83,71.88,185.06,0.891,-1,-1,-1
91,6,201.05,570.18,49.03,134.98,0.724,-1,-1,-1
91,7,1706.49,539.32,29.48,71.54,0.690,-1,-1,-1
91,10,254.15,571.90,52.82,135.09,0.795,-1,-1,-1
91,12,476.45,555.02,34.19,118.08,0.699,-1,-1,-1
91,13,502.62,545.72,33.30,102.81,0.560,-1,-1,-1
91,19,419.43,565.09,40.03,110.15,0.711,-1,-1,-1
91,22,389.09,571.80,31.11,99.13,0.629,-1,-1,-1
91,23,76.23,569.83,40.79,134.92,0.522,-1,-1,-1
91,24,358.04,576.84,25.67,84.19,0.658,-1,-1,-1
92,5,1687.34,601.25,72.13,185.15,0.895,-1,-1,-1
92,6,194.85,571.95,49.07,135.58,0.709,-1,-1,-1
92,7,1704.67,541.16,30.52,73.55,0.726,-1,-1,-1
92,10,246.97,574.34,53.25,137.04,0.782,-1,-1,-1
92,12,470.32,557.83,34.56,119.55,0.728,-1,-1,-1
92,13,495.58,547.45,33.62,104.44,0.734,-1,-1,-1
92,18,286.76,574.59,29.86,78.92,0.545,-1,-1,-1
92,19,412.44,568.18,40.13,110.66,0.776,-1,-1,-1
92,22,381.42,575.38,31.71,101.31,0.711,-1,-1,-1
92,23,68.36,572.74,41.86,136.58,0.561,-1,-1,-1
92,24,350.22,580.09,26.20,85.32,0.724,-1,-1,-1
93,5,1689.72,605.06,72.52,186.25,0.885,-1,-1,-1
93,6,188.20,573.41,49.49,136.99,0.703,-1,-1,-1
93,7,1702.70,542.79,31.86,76.44,0.745,-1,-1,-1
93,10,239.57,576.15,53.57,138.77,0.770,-1,-1,-1
93,12,464.26,560.73,34.49,120.05,0.696,-1,-1,-1
93,13,489.31,549.87,33.33,104.53,0.716,-1,-1,-1
93,19,405.19,570.60,40.49,111.77,0.769,-1,-1,-1
93,22,373.65,578.54,32.32,103.27,0.695,-1,-1,-1
93,23,59.68,575.21,42.90,137.92,0.608,-1,-1,-1
93,24,342.73,583.93,26.43,85.32,0.723,-1,-1,-1
93,25,1591.77,515.69,19.52,61.39,0.607,-1,-1,-1
94,5,1691.87,607.58,72.79,187.13,0.887,-1,-1,-1
94,6,182.73,575.21,49.71,138.50,0.799,-1,-1,-1
94,7,1700.08,543.76,34.20,82.02,0.781,-1,-1,-1
94,10,232.40,579.15,53.18,139.04,0.790,-1,-1,-1
94,12,457.13,563.08,34.75,121.53,0.717,-1,-1,-1
94,13,482.95,552.31,33.29,105.00,0.638,-1,-1,-1
94,19,397.83,573.95,40.59,112.00,0.777,-1,-1,-1
94,22,365.96,577.21,33.45,107.24,0.716,-1,-1,-1
94,23,50.33,579.19,43.62,138.17,0.617,-1,-1,-1
94,24,334.77,587.38,26.55,85.04,0.686,-1,-1,-1
94,25,1587.92,516.72,19.60,61.45,0.557,-1,-1,-1
95,5,1694.48,610.30,73.63,189.64,0.902,-1,-1,-1
95,6,175.96,576.46,49.96,139.81,0.729,-1,-1,-1
95,7,1697.76,545.60,36.22,86.94,0.807,-1,-1,-1
95,10,225.69,580.63,53.37,140.62,0.783,-1,-1,-1
95,12,449.71,564.73,34.93,122.29,0.717,-1,-1,-1
95,13,476.22,553.24,33.52,106.50,0.685,-1,-1,-1
95,19,390.37,576.28,41.03,113.35,0.790,-1,-1,-1
95,22,358.60,580.46,33.39,107.31,0.721,-1,-1,-1
95,23,40.96,581.77,44.34,138.50,0.620,-1,-1,-1
95,24,326.78,587.49,27.50,87.43,0.709,-1,-1,-1
95,25,1582.57,518.71,20.15,62.67,0.649,-1,-1,-1
95,26,648.02,519.41,21.50,58.85,0.522,-1,-1,-1
96,5,1697.57,611.70,74.30,191.83,0.899,-1,-1,-1
96,6,169.18,579.66,49.37,138.95,0.726,-1,-1,-1
96,7,1695.74,546.58,38.55,92.47,0.808,-1,-1,-1
96,10,218.41,583.29,53.62,142.09,0.764,-1,-1,-1
96,12,443.96,566.12,35.52,124.40,0.716,-1,-1,-1
96,13,469.93,554.96,33.54,107.36,0.654,-1,-1,-1
96,19,383.18,578.79,41.18,113.74,0.814,-1,-1,-1
96,22,351.45,584.29,33.12,106.42,0.729,-1,-1,-1
96,24,319.22,589.58,27.98,88.17,0.728,-1,-1,-1
96,25,1579.40,519.53,20.46,63.02,0.635,-1,-1,-1
96,26,643.82,521.19,21.22,58.03,0.501,-1,-1,-1
97,5,1700.44,612.72,74.89,193.82,0.889,-1,-1,-1
97,6,161.52,579.80,49.61,139.85,0.783,-1,-1,-1
97,7,1693.32,547.84,40.29,96.78,0.854,-1,-1,-1
97,10,211.01,584.05,53.37,142.17,0.774,-1,-1,-1
97,12,436.89,567.14,35.46,124.10,0.693,-1,-1,-1
97,13,463.78,556.64,33.11,106.51,0.598,-1,-1,-1
97,19,375.65,578.84,41.85,114.88,0.802,-1,-1,-1
97,21,1534.86,526.41,19.83,53.52,0.573,-1,-1,-1
97,22,343.18,583.42,34.00,109.57,0.736,-1,-1,-1
97,24,310.97,588.58,28.60,89.68,0.635,-1,-1,-1
97,25,1576.33,520.24,20.29,61.74,0.660,-1,-1,-1
97,26,638.98,521.92,21.15,57.81,0.565,-1,-1,-1
98,5,1703.67,613.76,75.45,195.76,0.875,-1,-1,-1
98,6,152.99,581.74,50.00,140.44,0.766,-1,-1,-1
98,7,1691.10,548.90,41.47,99.70,0.850,-1,-1,-1
98,10,203.47,584.66,53.61,143.28,0.789,-1,-1,-1
98,12,430.79,569.30,35.70,124.52,0.715,-1,-1,-1
98,13,457.45,558.93,32.66,105.79,0.691,-1,-1,-1
98,19,368.25,580.37,42.33,115.84,0.821,-1,-1,-1
98,21,1533.68,526.87,19.00,51.80,0.593,-1,-1,-1
98,22,335.27,585.33,34.25,110.68,0.693,-1,-1,-1
98,23,13.91,587.05,45.63,141.12,0.548,-1,-1,-1
98,24,302.75,589.66,29.64,92.42,0.636,-1,-1,-1
98,25,1572.36,520.68,20.47,61.90,0.599,-1,-1,-1
99,5,1707.73,615.17,76.29,197.93,0.898,-1,-1,-1
99,6,144.51,581.05,51.13,142.50,0.794,-1,-1,-1
99,7,1688.90,550.27,41.95,100.76,0.847,-1,-1,-1
99,10,196.99,583.58,53.90,143.81,0.800,-1,-1,-1
99,12,422.62,570.65,35.82,124.91,0.648,-1,-1,-1
99,13,450.66,559.09,32.92,107.07,0.582,-1,-1,-1
99,19,360.95,580.07,42.66,116.26,0.807,-1,-1,-1
99,22,326.44,581.93,35.51,114.86,0.744,-1,-1,-1
99,24,293.08,589.08,30.18,93.45,0.713,-1,-1,-1
99,25,1567.68,521.33,21.25,63.86,0.583,-1,-1,-1
100,5,1711.09,615.30,77.23,200.05,0.906,-1,-1,-1
100,6,135.16,582.97,51.25,140.48,0.812,-1,-1,-1
100,7,1686.66,550.56,42.32,101.66,0.833,-1,-1,-1
100,10,190.03,584.36,54.43,144.83,0.803,-1,-1,-1
100,12,414.22,572.83,35.75,125.01,0.668,-1,-1,-1
100,13,444.18,560.30,32.77,107.24,0.716,-1,-1,-1
100,19,353.58,581.13,43.28,117.20,0.825,-1,-1,-1
100,21,1527.28,527.96,19.77,53.34,0.517,-1,-1,-1
100,22,318.81,585.18,34.69,111.94,0.739,-1,-1,-1
100,23,-2.12,577.80,49.43,153.46,0.531,-1,-1,-1
100,24,283.78,590.02,30.86,95.02,0.744,-1,-1,-1
100,25,1563.68,521.62,21.14,63.44,0.550,-1,-1,-1
100,26,624.66,524.27,21.39,58.43,0.523,-1,-1,-1
100,27,699.11,529.82,23.55,57.57,0.517,-1,-1,-1
101,5,1713.04,616.98,77.93,201.88,0.902,-1,-1,-1
101,6,126.61,582.65,51.57,139.83,0.799,-1,-1,-1
101,7,1685.12,552.00,42.33,102.22,0.834,-1,-1,-1
101,10,182.92,583.46,54.97,145.60,0.801,-1,-1,-1
101,12,405.24,571.19,36.85,128.10,0.684,-1,-1,-1
101,13,435.88,560.79,32.90,107.08,0.785,-1,-1,-1
101,19,345.36,581.06,43.97,118.47,0.841,-1,-1,-1
101,21,1522.57,529.12,20.56,54.65,0.500,-1,-1,-1
101,22,309.88,586.01,34.91,112.90,0.740,-1,-1,-1
101,24,274.77,590.50,31.18,95.58,0.724,-1,-1,-1
101,25,1558.70,522.61,21.08,63.02,0.588,-1,-1,-1
101,26,619.08,521.82,22.30,60.95,0.581,-1,-1,-1
101,27,694.24,529.35,23.83,58.35,0.573,-1,-1,-1
102,5,1714.80,618.13,78.63,203.68,0.903,-1,-1,-1
102,6,118.31,581.89,52.44,141.08,0.799,-1,-1,-1
102,7,1683.63,552.40,42.15,102.58,0.830,-1,-1,-1
102,10,175.49,582.94,55.96,147.31,0.814,-1,-1,-1
102,12,397.31,574.66,36.64,126.49,0.739,-1,-1,-1
102,13,429.27,561.64,32.71,106.64,0.779,-1,-1,-1
102,19,337.30,581.38,44.73,119.95,0.813,-1,-1,-1
102,22,301.90,587.01,34.86,112.67,0.708,-1,-1,-1
102,24,266.36,591.64,31.51,95.97,0.723,-1,-1,-1
102,26,614.18,522.40,22.23,60.63,0.591,-1,-1,-1
103,5,1717.32,618.91,79.81,206.59,0.898,-1,-1,-1
103,6,109.48,581.62,53.79,143.55,0.809,-1,-1,-1
103,7,1681.74,551.48,42.24,103.72,0.830,-1,-1,-1
103,10,168.29,582.98,56.75,148.41,0.796,-1,-1,-1
103,12,389.78,575.67,37.03,127.15,0.738,-1,-1,-1
103,13,422.75,562.32,32.69,106.64,0.791,-1,-1,-1
103,19,329.35,581.94,45.11,120.06,0.832,-1,-1,-1
103,22,292.51,587.95,35.12,113.54,0.720,-1,-1,-1
103,24,257.71,592.77,31.60,95.60,0.733,-1,-1,-1
103,26,609.55,523.01,22.11,60.26,0.569,-1,-1,-1
103,27,684.71,529.66,24.17,59.22,0.536,-1,-1,-1
104,5,1719.45,621.66,80.86,209.11,0.902,-1,-1,-1
104,6,99.87,580.13,55.24,146.96,0.773,-1,-1,-1
104,7,1679.62,552.57,42.07,104.55,0.811,-1,-1,-1
104,10,160.51,581.82,57.48,149.14,0.766,-1,-1,-1
104,12,381.84,575.46,37.23,127.33,0.746,-1,-1,-1
104,13,415.98,561.36,33.01,107.76,0.767,-1,-1,-1
104,19,320.87,581.04,45.72,121.05,0.842,-1,-1,-1
104,22,282.63,589.56,35.01,112.80,0.686,-1,-1,-1
104,24,248.71,592.32,31.80,95.92,0.692,-1,-1,-1
104,25,1546.18,523.47,21.34,63.45,0.554,-1,-1,-1
104,26,605.07,522.96,21.89,59.47,0.597,-1,-1,-1
104,27,679.87,529.20,24.20,59.38,0.518,-1,-1,-1
105,5,1722.08,622.82,81.94,211.73,0.904,-1,-1,-1
105,6,91.71,579.74,55.64,147.03,0.815,-1,-1,-1
105,7,1677.23,551.69,41.92,105.35,0.824,-1,-1,-1
105,10,152.02,580.83,58.58,151.65,0.577,-1,-1,-1
105,12,372.26,575.65,37.94,128.49,0.771,-1,-1,-1
105,13,409.24,562.13,33.10,108.02,0.812,-1,-1,-1
105,19,313.02,582.22,45.91,121.04,0.810,-1,-1,-1
105,22,273.79,590.45,35.86,114.59,0.669,-1,-1,-1
105,24,240.04,593.21,32.02,96.12,0.670,-1,-1,-1
105,25,1541.09,522.82,21.90,64.23,0.678,-1,-1,-1
105,26,600.15,522.72,22.30,60.41,0.662,-1,-1,-1
105,27,675.84,529.71,23.97,58.99,0.511,-1,-1,-1
106,5,1724.47,625.42,82.69,213.80,0.896,-1,-1,-1
106,6,81.68,577.68,56.22,147.75,0.813,-1,-1,-1
106,7,1674.89,552.12,41.59,105.86,0.827,-1,-1,-1
106,10,143.28,579.98,59.24,152.13,0.757,-1,-1,-1
106,12,363.64,576.25,38.33,128.84,0.757,-1,-1,-1
106,13,402.19,560.68,33.45,109.16,0.799,-1,-1,-1
106,19,304.37,581.44,46.46,122.05,0.842,-1,-1,-1
106,22,264.47,592.35,35.79,113.77,0.683,-1,-1,-1
106,24,230.80,592.21,32.25,96.72,0.687,-1,-1,-1
106,25,1537.26,523.26,22.22,64.28,0.627,-1,-1,-1
106,26,595.68,521.80,22.33,60.45,0.661,-1,-1,-1
106,27,671.40,529.03,23.92,59.01,0.507,-1,-1,-1
107,5,1726.83,626.27,83.49,215.93,0.889,-1,-1,-1
107,6,71.83,576.95,56.91,148.97,0.762,-1,-1,-1
107,7,1672.97,551.01,40.97,105.72,0.836,-1,-1,-1
107,10,134.75,579.38,60.21,153.42,0.714,-1,-1,-1
107,12,354.74,575.85,38.77,129.91,0.714,-1,-1,-1
107,13,395.33,560.25,33.82,110.16,0.788,-1,-1,-1
107,19,295.96,581.97,46.69,122.37,0.805,-1,-1,-1
107,22,255.91,592.74,36.30,114.84,0.718,-1,-1,-1
107,24,222.09,592.04,32.98,98.00,0.731,-1,-1,-1
107,25,1533.96,522.78,22.22,63.58,0.506,-1,-1,-1
107,26,590.82,521.38,22.40,60.59,0.558,-1,-1,-1
108,5,1728.87,629.04,84.52,218.49,0.886,-1,-1,-1
108,6,60.68,575.63,57.78,149.96,0.805,-1,-1,-1
108,7,1670.89,552.44,40.49,105.70,0.803,-1,-1,-1
108,10,125.80,575.59,61.76,156.63,0.780,-1,-1,-1
108,12,346.39,573.12,40.03,133.02,0.784,-1,-1,-1
108,13,387.98,559.31,34.27,111.08,0.800,-1,-1,-1
108,19,286.88,581.25,47.23,123.74,0.782,-1,-1,-1
108,22,247.46,592.36,36.76,115.05,0.676,-1,-1,-1
108,24,212.01,590.77,33.43,98.91,0.748,-1,-1,-1
108,25,1530.81,523.21,22.31,62.82,0.516,-1,-1,-1
108,26,585.89,520.04,22.62,61.13,0.505,-1,-1,-1
108,28,-0.03,576.94,61.88,142.04,0.659,-1,-1,-1
109,5,1730.45,630.69,85.32,220.43,0.892,-1,-1,-1
109,6,51.20,577.57,58.09,149.44,0.774,-1,-1,-1
109,7,1668.38,553.44,40.07,105.33,0.734,-1,-1,-1
109,10,116.23,575.43,62.53,157.93,0.785,-1,-1,-1
109,12,338.12,573.45,40.69,134.42,0.772,-1,-1,-1
109,13,380.90,559.68,34.56,111.56,0.790,-1,-1,-1
109,19,277.53,582.71,47.76,125.04,0.828,-1,-1,-1
109,22,237.59,593.66,36.73,114.75,0.699,-1,-1,-1
109,24,202.09,591.24,34.14,100.48,0.770,-1,-1,-1
109,25,1526.54,523.71,22.18,61.81,0.502,-1,-1,-1
109,26,580.67,518.28,23.31,63.09,0.525,-1,-1,-1
109,28,-7.43,578.28,61.95,142.87,0.708,-1,-1,-1
110,5,1732.18,633.55,85.77,221.53,0.910,-1,-1,-1
110,6,40.65,578.21,58.68,149.82,0.772,-1,-1,-1
110,7,1666.39,556.27,39.13,103.46,0.691,-1,-1,-1
110,10,106.47,573.74,63.35,159.39,0.817,-1,-1,-1
110,12,328.53,572.17,41.11,136.47,0.796,-1,-1,-1
110,13,372.31,559.23,35.17,112.11,0.830,-1,-1,-1
110,19,268.37,582.98,47.99,125.28,0.798,-1,-1,-1
110,22,226.64,591.62,37.40,117.00,0.702,-1,-1,-1
110,24,192.53,590.68,34.30,100.84,0.761,-1,-1,-1
110,25,1522.44,524.17,22.11,61.25,0.521,-1,-1,-1
110,26,575.34,517.16,23.75,64.31,0.583,-1,-1,-1
110,28,-13.83,578.38,61.90,144.16,0.726,-1,-1,-1
111,5,1733.88,635.28,86.12,222.49,0.906,-1,-1,-1
111,6,32.02,579.30,58.87,150.20,0.760,-1,-1,-1
111,7,1664.15,562.02,37.13,97.98,0.671,-1,-1,-1
111,10,95.77,573.35,64.09,161.13,0.794,-1,-1,-1
111,12,319.07,572.36,41.14,137.50,0.817,-1,-1,-1
111,13,364.30,559.00,35.85,113.16,0.793,-1,-1,-1
111,19,258.43,582.65,48.67,127.16,0.792,-1,-1,-1
111,22,215.84,591.79,37.41,117.33,0.682,-1,-1,-1
111,24,182.78,591.11,34.62,101.68,0.722,-1,-1,-1
111,25,1517.37,523.93,22.34,61.43,0.525,-1,-1,-1
111,26,570.03,516.67,23.86,64.80,0.526,-1,-1,-1
112,5,1735.77,638.49,86.39,222.75,0.891,-1,-1,-1
112,6,23.87,580.78,58.78,150.55,0.725,-1,-1,-1
112,10,85.52,573.28,64.58,162.55,0.792,-1,-1,-1
112,12,309.70,572.44,41.38,139.49,0.746,-1,-1,-1
112,13,356.67,559.74,36.35,113.84,0.805,-1,-1,-1
112,19,247.83,582.81,49.07,128.41,0.810,-1,-1,-1
112,22,204.49,592.47,37.69,118.53,0.679,-1,-1,-1
112,24,172.28,592.96,35.02,102.71,0.748,-1,-1,-1
112,25,1513.43,524.46,22.61,61.64,0.581,-1,-1,-1
113,5,1736.85,637.16,88.07,227.16,0.885,-1,-1,-1
113,6,15.53,582.08,59.15,150.92,0.708,-1,-1,-1
113,10,74.99,575.61,63.94,161.51,0.788,-1,-1,-1
113,12,299.59,572.47,41.57,141.57,0.776,-1,-1,-1
113,13,348.29,560.59,37.06,114.77,0.831,-1,-1,-1
113,19,237.87,584.27,49.29,128.68,0.794,-1,-1,-1
113,22,193.10,594.07,38.00,119.45,0.719,-1,-1,-1
113,24,161.73,595.16,35.13,103.00,0.702,-1,-1,-1
113,26,559.53,517.78,23.75,64.62,0.555,-1,-1,-1
113,28,-15.60,565.62,63.80,149.69,0.555,-1,-1,-1
114,5,1738.20,635.63,89.52,230.89,0.892,-1,-1,-1
114,6,7.41,583.55,58.72,150.88,0.710,-1,-1,-1
114,10,64.10,579.22,62.92,159.27,0.809,-1,-1,-1
114,12,289.57,572.89,41.60,142.91,0.774,-1,-1,-1
114,13,341.16,560.51,37.50,115.79,0.723,-1,-1,-1
114,19,227.90,588.51,48.56,126.59,0.743,-1,-1,-1
114,22,182.66,594.68,37.29,117.14,0.534,-1,-1,-1
114,24,151.33,597.58,35.08,102.77,0.762,-1,-1,-1
114,25,1504.11,523.74,23.16,63.02,0.574,-1,-1,-1
115,5,1739.86,636.55,90.45,233.00,0.901,-1,-1,-1
115,6,-0.45,584.59,58.04,150.50,0.667,-1,-1,-1
115,10,53.09,580.60,62.85,159.56,0.796,-1,-1,-1
115,12,279.76,574.90,41.08,142.27,0.791,-1,-1,-1
115,13,333.45,561.35,37.86,116.50,0.778,-1,-1,-1
115,19,216.85,587.73,49.35,128.54,0.807,-1,-1,-1
115,22,172.48,595.71,34.46,107.33,0.696,-1,-1,-1
115,24,141.22,598.88,35.17,103.52,0.750,-1,-1,-1
115,25,1500.15,524.06,23.38,63.40,0.609,-1,-1,-1
116,5,1741.25,637.88,91.43,235.29,0.900,-1,-1,-1
116,6,-7.12,587.03,56.88,149.98,0.786,-1,-1,-1
116,10,43.10,584.91,62.02,158.10,0.784,-1,-1,-1
116,12,270.12,577.96,41.10,142.27,0.790,-1,-1,-1
116,13,324.88,563.08,38.18,116.70,0.791,-1,-1,-1
116,19,205.89,590.22,49.87,129.48,0.822,-1,-1,-1
116,22,161.29,597.25,34.20,106.36,0.647,-1,-1,-1
116,24,130.65,600.69,35.30,104.25,0.760,-1,-1,-1
116,25,1496.33,524.30,23.47,63.69,0.598,-1,-1,-1
116,29,1468.28,529.46,15.75,54.06,0.565,-1,-1,-1
117,5,1742.59,639.26,92.67,238.21,0.902,-1,-1,-1
117,6,-12.37,587.59,55.48,150.56,0.789,-1,-1,-1
117,10,32.78,586.55,61.98,158.38,0.762,-1,-1,-1
117,12,260.20,578.56,41.88,144.49,0.812,-1,-1,-1
117,13,318.20,563.86,38.16,116.80,0.691,-1,-1,-1
117,19,195.15,590.76,50.91,131.55,0.816,-1,-1,-1
117,22,149.19,598.39,36.82,114.91,0.683,-1,-1,-1
117,24,120.24,601.48,35.20,104.45,0.733,-1,-1,-1
117,25,1491.36,523.97,23.67,64.34,0.670,-1,-1,-1
117,29,1464.17,529.88,16.01,54.86,0.574,-1,-1,-1
117,30,1425.41,530.79,19.77,57.46,0.518,-1,-1,-1
118,5,1744.77,640.31,93.96,241.57,0.903,-1,-1,-1
118,6,-16.65,587.40,54.44,152.54,0.727,-1,-1,-1
118,10,22.24,587.20,62.57,160.74,0.770,-1,-1,-1
118,12,250.40,579.62,42.18,146.22,0.813,-1,-1,-1
118,13,309.86,564.09,38.50,117.73,0.636,-1,-1,-1
118,19,184.91,592.87,51.25,131.85,0.813,-1,-1,-1
118,22,137.30,599.45,38.50,120.38,0.725,-1,-1,-1
118,24,109.63,601.99,35.46,105.67,0.708,-1,-1,-1
118,25,1486.29,523.24,23.41,64.24,0.726,-1,-1,-1
118,30,1420.47,530.99,19.68,57.11,0.589,-1,-1,-1
119,5,1747.42,641.35,95.42,244.61,0.896,-1,-1,-1
119,6,-20.58,589.89,52.85,151.67,0.517,-1,-1,-1
119,10,12.54,588.68,62.69,161.68,0.754,-1,-1,-1
119,12,239.91,580.89,42.55,147.98,0.808,-1,-1,-1
119,13,300.73,564.76,38.98,118.52,0.818,-1,-1,-1
119,19,174.68,594.60,51.69,132.59,0.827,-1,-1,-1
119,22,125.09,600.98,39.89,124.43,0.764,-1,-1,-1
119,24,98.54,603.10,35.59,106.78,0.723,-1,-1,-1
119,25,1481.98,522.96,23.03,63.67,0.674,-1,-1,-1
119,29,1455.01,528.57,15.97,54.53,0.546,-1,-1,-1
119,30,1415.89,528.99,20.41,59.25,0.561,-1,-1,-1
120,5,1750.75,643.27,96.54,246.47,0.892,-1,-1,-1
120,10,2.66,590.20,62.79,162.25,0.675,-1,-1,-1
120,12,230.24,581.84,42.88,149.14,0.800,-1,-1,-1
120,13,293.72,565.95,38.79,118.38,0.681,-1,-1,-1
120,19,163.95,596.52,52.41,134.00,0.826,-1,-1,-1
120,22,113.87,602.49,40.77,127.41,0.747,-1,-1,-1
120,24,87.82,604.25,35.58,107.57,0.713,-1,-1,-1
120,25,1477.32,522.44,23.11,64.10,0.690,-1,-1,-1
120,29,1449.56,528.27,15.84,53.97,0.520,-1,-1,-1
120,30,1411.90,528.26,20.44,59.34,0.566,-1,-1,-1
121,5,1754.30,645.25,97.66,248.68,0.896,-1,-1,-1
121,10,-4.31,593.95,61.54,159.75,0.718,-1,-1,-1
121,12,220.32,581.66,43.50,150.40,0.820,-1,-1,-1
121,13,285.23,566.03,39.08,119.07,0.688,-1,-1,-1
121,19,153.26,597.67,52.82,134.74,0.838,-1,-1,-1
121,22,103.07,603.23,41.51,130.07,0.661,-1,-1,-1
121,24,76.97,604.80,35.57,108.26,0.758,-1,-1,-1
121,25,1473.04,522.39,22.80,63.40,0.692,-1,-1,-1
121,29,1444.55,527.41,16.00,54.42,0.528,-1,-1,-1
122,5,1757.94,647.11,98.55,251.08,0.907,-1,-1,-1
122,10,-10.28,591.55,62.23,163.66,0.669,-1,-1,-1
122,12,210.25,582.80,44.29,151.47,0.846,-1,-1,-1
122,13,276.35,566.30,39.67,120.54,0.835,-1,-1,-1
122,19,142.15,599.02,53.42,136.40,0.821,-1,-1,-1
122,22,91.93,605.23,41.72,130.99,0.741,-1,-1,-1
122,24,66.18,606.81,35.61,108.80,0.708,-1,-1,-1
122,25,1468.48,520.86,23.13,64.24,0.659,-1,-1,-1
122,26,509.24,521.46,24.00,65.24,0.578,-1,-1,-1
122,29,1440.01,525.91,16.67,56.53,0.554,-1,-1,-1
123,5,1760.62,649.64,99.36,253.79,0.904,-1,-1,-1
123,10,-15.89,587.18,62.89,169.36,0.683,-1,-1,-1
123,12,199.05,584.79,44.82,152.02,0.838,-1,-1,-1
123,13,268.65,567.00,39.93,121.40,0.606,-1,-1,-1
123,19,131.84,601.89,53.74,137.11,0.819,-1,-1,-1
123,22,80.78,607.45,42.10,132.13,0.709,-1,-1,-1
123,24,55.38,609.60,35.57,108.88,0.676,-1,-1,-1
123,25,1463.59,520.60,23.62,65.35,0.714,-1,-1,-1
123,26,502.67,523.75,23.82,64.18,0.564,-1,-1,-1
123,29,1435.22,524.99,16.78,56.98,0.580,-1,-1,-1
124,5,1763.50,651.15,100.30,257.09,0.891,-1,-1,-1
124,10,-19.20,586.27,61.17,171.55,0.795,-1,-1,-1
124,12,188.11,586.73,45.18,152.21,0.768,-1,-1,-1
124,13,259.88,567.79,40.29,122.36,0.809,-1,-1,-1
124,19,120.78,603.32,54.38,138.68,0.845,-1,-1,-1
124,22,69.49,609.68,42.05,131.86,0.751,-1,-1,-1
124,24,43.46,611.70,36.13,111.22,0.706,-1,-1,-1
124,25,1459.38,520.50,23.65,65.36,0.697,-1,-1,-1
124,29,1430.34,524.87,16.69,56.67,0.587,-1,-1,-1
125,5,1767.71,652.28,101.30,259.48,0.892,-1,-1,-1
125,12,177.33,587.44,45.92,153.49,0.828,-1,-1,-1
125,13,251.36,568.23,40.74,123.66,0.834,-1,-1,-1
125,19,109.33,604.90,55.16,140.95,0.829,-1,-1,-1
125,22,58.28,610.74,42.21,132.09,0.719,-1,-1,-1
125,24,32.13,613.42,36.12,111.73,0.702,-1,-1,-1
125,25,1454.33,520.32,23.76,65.49,0.602,-1,-1,-1
125,29,1425.98,524.69,16.65,56.50,0.614,-1,-1,-1
125,31,1736.13,556.78,45.83,115.00,0.656,-1,-1,-1
126,5,1771.94,653.28,102.57,262.92,0.894,-1,-1,-1
126,12,166.76,588.90,46.62,155.12,0.758,-1,-1,-1
126,13,242.93,568.29,41.35,125.63,0.729,-1,-1,-1
126,19,98.57,606.21,55.54,141.87,0.823,-1,-1,-1
126,22,46.98,612.62,42.21,132.07,0.753,-1,-1,-1
126,24,20.72,614.83,36.32,112.75,0.668,-1,-1,-1
126,25,1449.97,520.35,23.89,65.88,0.684,-1,-1,-1
126,26,485.58,523.67,24.48,65.94,0.591,-1,-1,-1
126,29,1422.15,524.35,16.78,56.94,0.581,-1,-1,-1
126,31,1734.74,558.83,45.69,114.73,0.556,-1,-1,-1
127,5,1776.93,654.74,103.65,265.61,0.901,-1,-1,-1
127,12,156.40,591.39,47.33,156.54,0.760,-1,-1,-1
127,13,234.83,570.84,41.27,125.31,0.801,-1,-1,-1
127,19,87.58,608.74,54.87,140.06,0.811,-1,-1,-1
127,22,35.38,615.10,42.59,133.14,0.716,-1,-1,-1
127,24,9.02,617.27,36.69,114.55,0.606,-1,-1,-1
127,29,1418.69,525.23,16.73,56.65,0.579,-1,-1,-1
128,5,1781.94,656.06,104.75,268.15,0.903,-1,-1,-1
128,12,143.77,593.93,47.70,157.18,0.731,-1,-1,-1
128,13,226.01,572.42,41.42,125.63,0.820,-1,-1,-1
128,19,76.32,610.22,55.28,140.71,0.829,-1,-1,-1
128,22,23.50,616.55,43.08,133.98,0.761,-1,-1,-1
128,24,-2.09,618.79,36.53,115.10,0.690,-1,-1,-1
128,25,1440.55,520.71,23.94,66.00,0.555,-1,-1,-1
128,26,474.24,525.02,24.60,66.38,0.598,-1,-1,-1
128,29,1414.40,525.73,16.87,56.93,0.626,-1,-1,-1
128,31,1728.15,556.77,47.46,119.31,0.627,-1,-1,-1
129,5,1787.00,657.35,106.06,271.30,0.898,-1,-1,-1
129,12,130.45,596.15,47.56,158.03,0.719,-1,-1,-1
129,13,217.64,574.39,41.47,125.82,0.761,-1,-1,-1
129,19,64.84,611.84,56.07,142.77,0.824,-1,-1,-1
129,22,12.50,618.25,42.03,130.57,0.554,-1,-1,-1
129,25,1436.01,520.94,24.12,66.58,0.656,-1,-1,-1
129,29,1410.40,526.14,17.07,57.44,0.595,-1,-1,-1
129,31,1725.42,556.82,47.51,119.62,0.622,-1,-1,-1
130,5,1791.63,659.19,107.54,274.28,0.897,-1,-1,-1
130,12,119.33,598.89,47.65,158.31,0.730,-1,-1,-1
130,13,208.96,576.41,41.53,125.87,0.793,-1,-1,-1
130,19,52.92,613.95,55.99,142.45,0.845,-1,-1,-1
130,22,0.12,620.21,42.90,133.76,0.745,-1,-1,-1
130,25,1431.59,521.01,24.48,67.52,0.511,-1,-1,-1
130,26,463.27,526.63,24.68,66.50,0.555,-1,-1,-1
130,29,1406.62,526.81,16.93,57.01,0.572,-1,-1,-1
130,31,1722.54,557.81,47.31,119.18,0.604,-1,-1,-1
131,5,1795.93,660.83,109.48,278.36,0.913,-1,-1,-1
131,12,108.76,601.34,47.92,158.52,0.784,-1,-1,-1
131,13,200.33,577.29,41.70,126.32,0.781,-1,-1,-1
131,19,41.13,615.26,56.36,143.55,0.812,-1,-1,-1
131,22,-8.30,621.69,42.98,136.02,0.654,-1,-1,-1
131,25,1427.10,521.65,24.74,68.04,0.697,-1,-1,-1
131,29,1402.47,527.32,17.02,57.24,0.650,-1,-1,-1
131,31,1721.04,559.45,46.49,117.35,0.622,-1,-1,-1
132,5,1799.60,662.00,112.20,284.53,0.908,-1,-1,-1
132,12,97.41,603.43,48.65,160.53,0.811,-1,-1,-1
132,13,191.77,576.96,42.04,127.47,0.815,-1,-1,-1
132,19,29.30,616.82,56.72,144.62,0.820,-1,-1,-1
132,25,1423.21,521.68,24.72,67.76,0.601,-1,-1,-1
132,26,452.02,527.93,24.64,66.51,0.582,-1,-1,-1
132,29,1398.64,527.58,17.07,57.20,0.628,-1,-1,-1
132,31,1718.04,560.40,46.15,116.55,0.669,-1,-1,-1
132,32,77.91,567.60,34.70,119.38,0.653,-1,-1,-1
133,5,1803.53,664.53,114.84,291.29,0.913,-1,-1,-1
133,12,84.98,604.84,49.36,163.15,0.781,-1,-1,-1
133,13,183.09,577.34,42.47,128.81,0.795,-1,-1,-1
133,19,17.10,619.37,57.51,146.83,0.831,-1,-1,-1
133,26,446.54,528.35,24.89,66.92,0.569,-1,-1,-1
133,29,1394.47,527.39,17.19,57.59,0.627,-1,-1,-1
133,31,1716.12,562.39,45.37,114.67,0.731,-1,-1,-1
134,5,1806.35,668.57,116.01,295.12,0.910,-1,-1,-1
134,12,71.98,606.81,49.92,165.11,0.741,-1,-1,-1
134,13,173.92,579.01,42.49,129.08,0.819,-1,-1,-1
134,19,4.61,622.11,58.31,149.00,0.823,-1,-1,-1
134,25,1414.64,522.09,25.02,68.31,0.646,-1,-1,-1
134,26,440.62,530.60,24.78,66.41,0.674,-1,-1,-1
134,29,1390.08,527.09,17.53,58.78,0.660,-1,-1,-1
134,31,1714.49,563.68,44.95,113.55,0.705,-1,-1,-1
135,5,1808.38,671.05,116.84,299.22,0.913,-1,-1,-1
135,12,58.70,608.16,50.36,166.61,0.747,-1,-1,-1
135,13,165.31,580.88,42.33,129.07,0.814,-1,-1,-1
135,19,-5.56,622.82,58.53,151.58,0.821,-1,-1,-1
135,25,1410.69,522.46,24.84,67.70,0.662,-1,-1,-1
135,26,434.44,531.41,24.79,66.17,0.626,-1,-1,-1
135,29,1385.92,527.07,17.64,58.88,0.633,-1,-1,-1
135,31,1711.87,563.73,44.84,112.99,0.600,-1,-1,-1
136,5,1811.07,673.05,116.91,302.72,0.905,-1,-1,-1
136,12,45.32,610.23,50.53,166.97,0.656,-1,-1,-1
136,13,156.10,580.97,42.51,130.09,0.812,-1,-1,-1
136,19,-13.12,622.14,57.95,154.35,0.818,-1,-1,-1
136,26,427.97,530.85,25.06,66.91,0.629,-1,-1,-1
136,29,1381.69,526.09,17.83,59.40,0.685,-1,-1,-1
136,31,1710.21,563.89,44.70,112.83,0.508,-1,-1,-1
136,33,511.08,528.04,28.63,73.77,0.586,-1,-1,-1
137,5,1814.29,677.85,116.07,304.79,0.896,-1,-1,-1
137,12,32.59,610.49,51.18,169.35,0.770,-1,-1,-1
137,13,147.36,582.35,42.49,130.21,0.735,-1,-1,-1
137,19,-18.28,626.78,54.43,149.70,0.748,-1,-1,-1
137,25,1400.77,523.07,25.05,67.06,0.613,-1,-1,-1
137,26,422.64,530.52,25.41,67.45,0.670,-1,-1,-1
137,29,1377.43,526.20,17.88,59.69,0.682,-1,-1,-1
137,33,506.15,527.82,28.80,74.18,0.552,-1,-1,-1
137,34,1577.30,567.72,41.14,96.14,0.686,-1,-1,-1
138,5,1818.13,682.57,114.30,305.78,0.907,-1,-1,-1
138,12,19.78,611.40,51.40,169.67,0.708,-1,-1,-1
138,13,138.82,582.16,42.80,131.66,0.673,-1,-1,-1
138,26,417.10,530.27,25.56,67.63,0.689,-1,-1,-1
138,29,1373.68,525.88,17.87,59.67,0.689,-1,-1,-1
138,31,1706.81,564.51,44.44,112.26,0.517,-1,-1,-1
138,33,501.27,526.80,29.27,75.45,0.562,-1,-1,-1
138,34,1572.74,562.14,43.54,101.92,0.757,-1,-1,-1
139,5,1821.88,687.18,112.15,306.21,0.903,-1,-1,-1
139,12,6.52,606.85,52.93,175.10,0.758,-1,-1,-1
139,13,129.68,580.70,43.28,133.57,0.712,-1,-1,-1
139,25,1391.01,522.92,25.48,66.98,0.617,-1,-1,-1
139,26,411.82,530.27,25.54,67.22,0.663,-1,-1,-1
139,29,1369.60,525.46,17.85,59.73,0.744,-1,-1,-1
139,33,496.11,526.22,29.49,76.07,0.537,-1,-1,-1
139,34,1568.19,558.14,45.22,106.23,0.803,-1,-1,-1
140,5,1825.38,688.82,110.51,309.12,0.899,-1,-1,-1
140,12,-5.27,594.47,56.78,190.25,0.755,-1,-1,-1
140,25,1386.95,522.53,25.79,66.96,0.670,-1,-1,-1
140,26,406.50,530.26,25.55,66.96,0.617,-1,-1,-1
140,29,1366.24,525.09,17.93,60.02,0.698,-1,-1,-1
140,31,1705.03,573.43,40.11,102.05,0.536,-1,-1,-1
140,33,491.14,527.26,28.95,74.77,0.538,-1,-1,-1
140,34,1563.89,553.39,47.01,111.04,0.782,-1,-1,-1
141,5,1829.90,689.48,107.54,307.82,0.846,-1,-1,-1
141,12,-12.93,601.36,54.68,187.40,0.731,-1,-1,-1
141,13,113.86,586.50,42.32,130.61,0.691,-1,-1,-1
141,25,1383.77,521.68,26.20,67.81,0.587,-1,-1,-1
141,26,400.95,530.11,25.89,67.43,0.598,-1,-1,-1
141,29,1363.38,524.58,17.95,60.10,0.677,-1,-1,-1
141,31,1703.30,567.18,42.37,107.66,0.637,-1,-1,-1
141,33,487.03,527.64,28.98,74.79,0.643,-1,-1,-1
141,34,1559.21,551.09,47.12,112.24,0.754,-1,-1,-1
142,5,1835.92,691.21,102.47,300.45,0.827,-1,-1,-1
142,26,396.66,530.99,25.68,66.69,0.599,-1,-1,-1
142,29,1360.59,523.87,18.08,60.50,0.651,-1,-1,-1
142,31,1703.06,567.23,41.89,106.72,0.638,-1,-1,-1
142,33,483.17,528.40,28.76,74.09,0.603,-1,-1,-1
142,34,1556.26,547.90,47.71,114.54,0.799,-1,-1,-1
143,5,1841.26,698.22,98.21,294.63,0.771,-1,-1,-1
143,26,391.75,530.10,25.79,66.87,0.556,-1,-1,-1
143,29,1357.84,524.09,18.19,61.01,0.581,-1,-1,-1
143,31,1701.87,569.75,40.90,104.29,0.671,-1,-1,-1
143,34,1552.94,547.70,47.43,114.98,0.807,-1,-1,-1
144,5,1848.06,713.55,90.39,276.69,0.732,-1,-1,-1
144,26,386.87,530.58,25.86,66.67,0.665,-1,-1,-1
144,29,1355.28,525.72,18.42,61.61,0.679,-1,-1,-1
144,31,1699.13,572.43,40.13,102.43,0.648,-1,-1,-1
144,33,474.63,528.75,28.66,73.70,0.620,-1,-1,-1
144,34,1549.51,549.24,46.83,114.65,0.815,-1,-1,-1
145,5,1854.71,728.09,82.66,258.64,0.737,-1,-1,-1
145,13,79.36,582.27,43.89,135.67,0.636,-1,-1,-1
145,26,381.59,529.55,26.05,67.03,0.635,-1,-1,-1
145,29,1352.21,527.13,18.33,61.22,0.584,-1,-1,-1
145,31,1696.44,575.99,39.41,100.42,0.552,-1,-1,-1
145,34,1545.17,550.77,46.69,115.50,0.824,-1,-1,-1
146,5,1864.91,739.21,69.64,220.60,0.566,-1,-1,-1
146,26,376.26,529.49,26.13,66.88,0.534,-1,-1,-1
146,29,1349.31,526.69,18.27,60.95,0.515,-1,-1,-1
146,31,1693.99,577.58,39.28,99.24,0.698,-1,-1,-1
146,34,1541.29,551.69,46.23,115.50,0.828,-1,-1,-1
147,13,60.96,582.87,44.44,137.45,0.698,-1,-1,-1
147,31,1689.54,578.79,40.54,101.56,0.663,-1,-1,-1
147,34,1536.39,554.60,45.80,114.79,0.821,-1,-1,-1
148,26,365.36,529.47,26.67,68.28,0.630,-1,-1,-1
148,31,1685.18,572.06,43.71,109.54,0.701,-1,-1,-1
148,33,454.85,527.68,29.30,75.40,0.560,-1,-1,-1
148,34,1530.42,556.50,45.61,113.72,0.850,-1,-1,-1
149,13,44.41,585.22,45.71,139.72,0.719,-1,-1,-1
149,25,1354.18,525.37,26.40,66.79,0.534,-1,-1,-1
149,26,359.67,530.67,26.51,67.76,0.541,-1,-1,-1
149,31,1680.87,568.64,45.13,112.76,0.773,-1,-1,-1
149,34,1524.37,557.94,45.85,112.88,0.881,-1,-1,-1
149,35,975.89,507.95,15.96,41.45,0.530,-1,-1,-1
150,13,35.50,585.86,46.52,140.54,0.743,-1,-1,-1
150,25,1351.30,525.74,26.50,66.32,0.547,-1,-1,-1
150,26,354.03,530.62,26.72,68.18,0.562,-1,-1,-1
150,31,1677.89,568.14,45.27,112.80,0.693,-1,-1,-1
150,34,1519.45,559.09,46.09,111.62,0.869,-1,-1,-1
151,13,25.15,587.56,47.18,141.98,0.595,-1,-1,-1
151,25,1347.36,525.92,26.73,66.38,0.578,-1,-1,-1
151,26,348.17,531.85,26.69,68.14,0.513,-1,-1,-1
151,31,1675.02,570.14,44.51,110.30,0.701,-1,-1,-1
151,34,1514.23,559.74,46.58,111.20,0.861,-1,-1,-1
151,35,968.12,508.98,15.49,40.17,0.553,-1,-1,-1
152,13,14.97,589.98,47.77,142.63,0.707,-1,-1,-1
152,25,1341.18,525.91,27.27,66.53,0.537,-1,-1,-1
152,26,342.41,533.32,26.73,68.21,0.574,-1,-1,-1
152,31,1674.29,573.16,42.67,105.91,0.554,-1,-1,-1
152,34,1509.57,558.80,47.50,111.89,0.865,-1,-1,-1
152,35,963.58,508.40,15.90,41.18,0.508,-1,-1,-1
153,25,1336.05,525.32,27.46,66.40,0.585,-1,-1,-1
153,26,335.95,534.06,26.68,68.03,0.549,-1,-1,-1
153,33,427.25,530.14,29.73,76.83,0.532,-1,-1,-1
153,34,1504.63,556.61,48.43,112.93,0.859,-1,-1,-1
154,26,329.09,535.84,26.70,67.93,0.618,-1,-1,-1
154,34,1498.52,554.52,49.35,114.60,0.858,-1,-1,-1
154,35,954.41,507.96,16.19,41.85,0.614,-1,-1,-1
155,25,1322.22,523.62,28.45,68.11,0.625,-1,-1,-1
155,26,322.54,537.01,26.55,67.44,0.549,-1,-1,-1
155,34,1492.88,552.33,49.57,115.52,0.843,-1,-1,-1
155,35,949.89,507.74,16.23,41.86,0.527,-1,-1,-1
156,31,1664.21,574.59,40.63,101.80,0.518,-1,-1,-1
156,34,1486.09,549.04,50.22,118.43,0.843,-1,-1,-1
156,35,945.04,507.52,16.32,42.11,0.556,-1,-1,-1
157,25,1308.29,522.35,28.91,69.31,0.541,-1,-1,-1
157,26,309.38,540.21,26.67,67.70,0.518,-1,-1,-1
157,34,1479.61,547.41,49.84,119.05,0.838,-1,-1,-1
157,35,940.76,507.76,16.27,41.99,0.514,-1,-1,-1
158,25,1299.27,521.82,29.59,70.33,0.516,-1,-1,-1
158,34,1474.07,546.99,49.25,118.96,0.810,-1,-1,-1
158,35,936.48,507.85,16.53,42.66,0.520,-1,-1,-1
159,25,1293.02,520.84,29.75,70.40,0.577,-1,-1,-1
159,34,1469.10,545.96,48.31,118.20,0.845,-1,-1,-1
159,35,932.53,507.42,16.64,42.93,0.511,-1,-1,-1
160,34,1464.18,545.38,48.02,118.81,0.844,-1,-1,-1
160,35,929.07,509.08,16.13,41.62,0.517,-1,-1,-1
161,26,285.23,546.86,26.63,67.87,0.508,-1,-1,-1
161,34,1459.89,545.56,47.28,117.93,0.836,-1,-1,-1
162,34,1455.97,548.37,45.79,114.96,0.853,-1,-1,-1
163,33,368.01,546.04,28.83,74.63,0.590,-1,-1,-1
163,34,1451.00,550.54,45.00,113.08,0.861,-1,-1,-1
164,34,1446.22,550.09,45.12,113.37,0.847,-1,-1,-1
165,34,1441.37,550.57,44.96,112.94,0.858,-1,-1,-1
165,35,911.85,508.88,16.67,42.99,0.510,-1,-1,-1
166,34,1436.82,549.36,45.28,114.45,0.853,-1,-1,-1
167,34,1432.35,548.32,45.50,116.02,0.851,-1,-1,-1
167,35,905.52,508.28,17.11,44.17,0.510,-1,-1,-1
168,26,244.69,547.09,28.53,73.16,0.537,-1,-1,-1
168,33,341.00,547.24,29.49,76.23,0.601,-1,-1,-1
168,34,1428.76,546.85,44.49,114.48,0.801,-1,-1,-1
169,34,1424.56,545.10,44.58,115.95,0.805,-1,-1,-1
169,35,899.50,507.72,17.13,44.43,0.506,-1,-1,-1
170,26,234.62,548.88,27.84,71.51,0.571,-1,-1,-1
170,34,1420.68,543.26,44.51,117.35,0.832,-1,-1,-1
170,35,896.71,506.79,17.22,44.77,0.513,-1,-1,-1
171,34,1416.38,542.56,44.28,117.97,0.815,-1,-1,-1
171,35,893.97,506.07,17.42,45.45,0.627,-1,-1,-1
172,33,320.74,546.56,29.72,77.47,0.530,-1,-1,-1
172,34,1411.89,540.53,44.63,119.79,0.755,-1,-1,-1
172,35,891.62,505.74,17.42,45.45,0.556,-1,-1,-1
173,33,317.19,546.10,29.83,77.80,0.538,-1,-1,-1
173,34,1407.40,541.61,44.36,119.34,0.789,-1,-1,-1
173,35,888.90,503.86,18.15,47.62,0.560,-1,-1,-1
174,34,1402.44,543.11,44.28,118.41,0.818,-1,-1,-1
174,35,886.34,503.42,18.29,48.14,0.586,-1,-1,-1
175,34,1396.67,543.65,45.08,118.96,0.839,-1,-1,-1
175,35,884.08,504.03,17.94,47.26,0.602,-1,-1,-1
176,33,303.67,546.50,29.66,77.37,0.534,-1,-1,-1
176,34,1392.53,546.71,45.10,116.93,0.846,-1,-1,-1
176,35,881.80,504.51,17.81,46.99,0.674,-1,-1,-1
177,26,199.96,545.67,28.45,73.33,0.519,-1,-1,-1
177,34,1388.68,547.57,45.88,116.86,0.866,-1,-1,-1
177,35,879.62,504.59,17.76,46.90,0.569,-1,-1,-1
178,26,196.07,547.13,28.14,72.45,0.507,-1,-1,-1
178,33,295.21,546.68,29.70,77.44,0.593,-1,-1,-1
178,34,1386.40,548.80,46.16,116.28,0.867,-1,-1,-1
179,26,191.44,547.11,28.33,72.63,0.614,-1,-1,-1
179,33,290.86,546.47,29.80,77.66,0.502,-1,-1,-1
179,34,1384.33,548.45,46.92,117.14,0.863,-1,-1,-1
180,26,186.33,547.34,28.67,73.56,0.553,-1,-1,-1
180,33,285.90,546.99,29.77,78.02,0.513,-1,-1,-1
180,34,1382.21,545.85,48.27,120.44,0.855,-1,-1,-1
180,35,872.14,504.32,18.05,47.78,0.550,-1,-1,-1
181,26,181.03,547.86,28.97,74.21,0.501,-1,-1,-1
181,31,1610.90,570.37,39.74,104.47,0.697,-1,-1,-1
181,33,282.31,547.23,29.98,78.66,0.601,-1,-1,-1
181,34,1379.55,543.18,49.05,123.36,0.834,-1,-1,-1
181,35,870.27,506.40,17.37,46.01,0.524,-1,-1,-1
182,31,1606.77,568.85,41.38,106.79,0.555,-1,-1,-1
182,34,1376.95,541.76,48.90,124.56,0.843,-1,-1,-1
183,31,1606.13,561.66,44.67,114.94,0.687,-1,-1,-1
183,33,273.67,548.20,30.31,79.35,0.527,-1,-1,-1
183,34,1374.26,542.17,48.21,124.11,0.859,-1,-1,-1
183,35,866.14,507.46,17.23,45.74,0.607,-1,-1,-1
183,36,1021.49,520.51,21.75,59.66,0.569,-1,-1,-1
184,31,1605.20,558.16,46.73,119.08,0.674,-1,-1,-1
184,34,1371.30,541.91,47.76,124.50,0.851,-1,-1,-1
184,35,864.15,508.70,16.88,44.69,0.608,-1,-1,-1
185,31,1604.70,556.60,48.07,121.15,0.635,-1,-1,-1
185,34,1368.47,541.43,47.49,124.86,0.833,-1,-1,-1
185,35,861.91,508.60,17.01,44.99,0.622,-1,-1,-1
185,37,1171.39,540.48,34.61,97.70,0.716,-1,-1,-1
185,38,1036.46,521.26,26.17,57.86,0.517,-1,-1,-1
186,31,1606.76,558.01,47.71,119.89,0.685,-1,-1,-1
186,34,1366.04,541.97,46.91,124.27,0.803,-1,-1,-1
186,35,859.66,509.16,17.03,45.04,0.657,-1,-1,-1
186,37,1170.63,539.97,34.87,98.55,0.511,-1,-1,-1
186,38,1033.54,521.79,25.94,57.36,0.553,-1,-1,-1
187,31,1608.39,557.14,47.69,120.19,0.735,-1,-1,-1
187,33,256.71,551.60,31.09,80.96,0.533,-1,-1,-1
187,34,1363.77,542.61,46.49,123.83,0.814,-1,-1,-1
187,35,857.78,509.57,17.01,44.91,0.703,-1,-1,-1
187,37,1169.67,534.61,36.71,104.03,0.529,-1,-1,-1
187,38,1031.15,522.23,25.89,57.25,0.524,-1,-1,-1
188,26,148.53,556.79,29.30,74.67,0.577,-1,-1,-1
188,31,1606.77,555.25,49.02,122.36,0.723,-1,-1,-1
188,33,252.19,552.43,31.55,81.76,0.533,-1,-1,-1
188,34,1360.83,544.24,45.98,123.15,0.806,-1,-1,-1
188,35,855.85,510.24,17.03,44.85,0.621,-1,-1,-1
188,38,1028.46,522.62,25.85,57.15,0.530,-1,-1,-1
189,31,1607.96,553.56,49.52,123.85,0.731,-1,-1,-1
189,33,248.13,553.62,31.91,82.50,0.573,-1,-1,-1
189,34,1357.75,546.43,44.71,120.55,0.806,-1,-1,-1
189,35,853.99,510.91,16.90,44.40,0.583,-1,-1,-1
189,37,1169.42,535.11,36.75,104.49,0.538,-1,-1,-1
189,38,1025.84,523.03,25.58,56.61,0.590,-1,-1,-1
190,26,138.23,558.32,29.86,76.28,0.570,-1,-1,-1
190,31,1608.40,551.20,50.26,125.87,0.726,-1,-1,-1
190,33,244.11,555.17,31.93,82.33,0.507,-1,-1,-1
190,34,1355.60,548.00,44.38,120.16,0.811,-1,-1,-1
190,35,852.27,511.37,16.82,44.03,0.602,-1,-1,-1
190,38,1023.80,523.67,25.33,56.05,0.536,-1,-1,-1
190,39,1080.98,521.77,23.91,60.03,0.554,-1,-1,-1
191,26,133.29,557.33,31.00,79.60,0.637,-1,-1,-1
191,31,1609.32,550.39,50.52,126.65,0.752,-1,-1,-1
191,34,1354.49,549.13,44.29,120.13,0.832,-1,-1,-1
191,35,850.18,511.58,17.34,45.35,0.634,-1,-1,-1
191,37,1166.35,535.16,37.29,106.40,0.522,-1,-1,-1
191,39,1078.29,520.48,24.48,61.50,0.548,-1,-1,-1
192,31,1610.41,550.13,50.52,126.87,0.717,-1,-1,-1
192,34,1353.17,549.07,44.16,120.20,0.841,-1,-1,-1
192,35,848.14,511.42,17.64,46.07,0.633,-1,-1,-1
193,31,1611.69,551.08,50.37,126.81,0.742,-1,-1,-1
193,34,1351.60,548.70,44.50,121.84,0.853,-1,-1,-1
193,35,846.51,512.60,17.36,45.41,0.656,-1,-1,-1
193,37,1164.80,539.44,36.85,104.95,0.702,-1,-1,-1
194,26,119.96,561.95,31.23,79.97,0.603,-1,-1,-1
194,31,1612.57,551.47,50.52,127.25,0.777,-1,-1,-1
194,34,1349.93,547.65,45.00,123.67,0.833,-1,-1,-1
194,35,844.84,513.29,17.18,45.07,0.642,-1,-1,-1
195,26,115.52,562.78,31.39,80.29,0.535,-1,-1,-1
195,31,1615.04,551.61,50.36,127.78,0.778,-1,-1,-1
195,34,1348.08,546.32,45.32,125.21,0.854,-1,-1,-1
195,35,842.86,513.16,17.20,45.38,0.631,-1,-1,-1
195,36,1010.96,524.99,21.09,57.56,0.617,-1,-1,-1
196,31,1617.33,551.82,49.57,127.08,0.807,-1,-1,-1
196,34,1346.34,545.34,45.43,125.86,0.841,-1,-1,-1
196,35,841.22,513.47,17.24,45.62,0.644,-1,-1,-1
196,36,1010.00,525.19,21.19,57.51,0.642,-1,-1,-1
197,26,107.31,566.69,30.98,78.70,0.614,-1,-1,-1
197,31,1618.77,551.70,49.49,128.01,0.812,-1,-1,-1
197,34,1345.27,545.01,45.18,125.37,0.838,-1,-1,-1
197,35,839.62,513.58,17.30,45.94,0.610,-1,-1,-1
197,36,1008.29,525.06,21.30,57.80,0.614,-1,-1,-1
197,39,1059.47,520.12,24.99,63.40,0.683,-1,-1,-1
198,26,102.46,567.49,31.28,79.39,0.632,-1,-1,-1
198,31,1620.13,551.43,48.90,127.35,0.805,-1,-1,-1
198,33,215.85,564.30,32.64,84.52,0.507,-1,-1,-1
198,34,1344.41,544.72,44.96,125.27,0.835,-1,-1,-1
198,35,837.99,513.51,17.57,46.84,0.616,-1,-1,-1
198,36,1006.44,525.26,21.15,57.45,0.554,-1,-1,-1
198,39,1056.01,519.17,25.51,65.17,0.624,-1,-1,-1
199,26,97.21,565.27,32.55,82.63,0.676,-1,-1,-1
199,31,1621.20,550.91,49.02,128.47,0.840,-1,-1,-1
199,33,211.94,565.48,32.58,84.35,0.503,-1,-1,-1
199,34,1343.05,544.16,45.05,126.18,0.838,-1,-1,-1
199,35,836.50,513.59,17.72,47.51,0.618,-1,-1,-1
199,36,1004.30,525.58,21.17,57.62,0.563,-1,-1,-1
199,39,1053.22,520.34,25.19,64.77,0.680,-1,-1,-1
200,26,92.67,567.58,32.11,81.59,0.590,-1,-1,-1
200,31,1622.13,550.62,48.85,128.13,0.830,-1,-1,-1
200,33,210.24,567.00,31.93,83.92,0.569,-1,-1,-1
200,34,1341.90,544.02,45.06,126.87,0.844,-1,-1,-1
200,35,835.20,513.73,17.70,47.80,0.603,-1,-1,-1
200,36,1002.34,525.86,21.20,57.67,0.587,-1,-1,-1
200,39,1050.49,521.04,25.04,64.49,0.683,-1,-1,-1
201,26,87.64,566.30,32.96,83.67,0.565,-1,-1,-1
201,31,1624.58,548.45,48.92,129.51,0.817,-1,-1,-1
201,33,201.51,568.37,31.43,83.70,0.594,-1,-1,-1
201,34,1340.84,544.16,45.06,127.35,0.845,-1,-1,-1
201,35,834.18,514.09,17.57,47.82,0.603,-1,-1,-1
201,39,1047.93,521.36,25.15,64.37,0.677,-1,-1,-1
202,31,1625.95,547.41,49.13,130.64,0.795,-1,-1,-1
202,33,195.79,569.55,31.53,84.10,0.514,-1,-1,-1
202,34,1340.01,545.96,44.88,126.38,0.829,-1,-1,-1
202,35,833.16,514.72,17.49,48.11,0.616,-1,-1,-1
203,31,1627.03,547.01,49.39,131.47,0.787,-1,-1,-1
203,34,1338.71,547.41,44.99,126.05,0.833,-1,-1,-1
204,31,1629.73,546.55,49.25,131.74,0.784,-1,-1,-1
204,33,184.72,571.51,31.50,85.12,0.601,-1,-1,-1
204,34,1337.54,548.48,44.90,125.57,0.845,-1,-1,-1
204,38,991.09,526.04,26.39,58.86,0.588,-1,-1,-1
205,26,69.80,573.42,32.62,81.89,0.510,-1,-1,-1
205,31,1632.68,547.18,48.69,131.17,0.808,-1,-1,-1
205,33,179.48,572.25,31.45,85.94,0.604,-1,-1,-1
205,34,1336.92,549.01,44.71,125.31,0.850,-1,-1,-1
205,38,989.51,526.20,26.21,58.76,0.636,-1,-1,-1
206,31,1636.08,548.25,48.09,130.61,0.806,-1,-1,-1
206,33,175.12,572.60,31.13,86.07,0.588,-1,-1,-1
206,34,1335.95,548.75,44.76,125.64,0.838,-1,-1,-1
207,31,1639.92,550.01,47.25,129.26,0.781,-1,-1,-1
207,33,171.54,573.79,31.00,86.56,0.642,-1,-1,-1
207,34,1334.45,549.43,44.79,126.36,0.847,-1,-1,-1
207,39,1033.24,524.24,25.05,64.41,0.502,-1,-1,-1
208,31,1643.34,551.25,47.29,130.62,0.798,-1,-1,-1
208,33,168.40,574.92,31.08,86.99,0.607,-1,-1,-1
208,34,1333.01,548.78,45.15,127.73,0.829,-1,-1,-1
208,38,983.66,529.35,25.70,57.68,0.538,-1,-1,-1
208,39,1031.90,524.19,25.51,65.61,0.697,-1,-1,-1
209,31,1646.89,552.73,47.36,131.22,0.837,-1,-1,-1
209,33,165.12,575.59,31.18,87.20,0.512,-1,-1,-1
209,34,1331.75,547.82,45.51,129.19,0.834,-1,-1,-1
209,39,1029.84,523.46,25.71,66.69,0.679,-1,-1,-1
210,31,1650.02,553.42,47.53,131.87,0.825,-1,-1,-1
210,33,160.96,576.71,30.93,87.47,0.589,-1,-1,-1
210,34,1330.39,545.52,46.29,131.90,0.834,-1,-1,-1
210,39,1027.13,522.85,26.06,68.46,0.703,-1,-1,-1
211,31,1653.67,555.16,47.59,131.52,0.798,-1,-1,-1
211,34,1329.41,544.60,47.08,134.72,0.863,-1,-1,-1
211,39,1024.41,523.60,26.06,69.28,0.637,-1,-1,-1
211,40,880.74,515.85,18.39,75.73,0.543,-1,-1,-1
212,31,1657.92,556.41,47.63,131.09,0.796,-1,-1,-1
212,34,1329.05,544.25,47.44,136.21,0.870,-1,-1,-1
212,38,977.62,531.13,27.20,61.39,0.508,-1,-1,-1
212,39,1022.16,525.05,25.71,68.97,0.609,-1,-1,-1
212,40,879.12,516.19,18.50,76.06,0.627,-1,-1,-1
213,31,1661.19,556.83,48.32,131.86,0.814,-1,-1,-1
213,33,150.21,581.64,30.11,86.40,0.633,-1,-1,-1
213,34,1329.08,545.51,47.55,136.82,0.864,-1,-1,-1
213,39,1019.81,526.46,25.45,68.75,0.559,-1,-1,-1
213,40,878.27,519.43,18.06,74.11,0.573,-1,-1,-1
214,31,1665.24,555.27,49.41,133.59,0.804,-1,-1,-1
214,33,147.08,582.01,30.30,87.77,0.640,-1,-1,-1
214,34,1329.60,546.82,47.62,136.94,0.839,-1,-1,-1
214,39,1018.29,527.46,25.31,69.15,0.713,-1,-1,-1
214,40,877.58,520.37,18.24,74.73,0.517,-1,-1,-1
215,31,1668.86,552.12,51.43,137.94,0.826,-1,-1,-1
215,33,144.32,580.50,30.39,88.78,0.595,-1,-1,-1
215,34,1330.71,549.55,47.23,135.57,0.822,-1,-1,-1
215,39,1017.38,528.47,24.88,68.34,0.692,-1,-1,-1
215,40,877.25,520.81,18.07,73.99,0.540,-1,-1,-1
216,31,1675.43,552.67,51.50,137.87,0.732,-1,-1,-1
216,34,1332.01,552.50,46.82,134.12,0.828,-1,-1,-1
216,39,1016.37,529.11,25.00,68.64,0.710,-1,-1,-1
217,31,1677.98,554.49,51.77,135.83,0.735,-1,-1,-1
217,34,1333.72,555.20,46.27,132.25,0.860,-1,-1,-1
217,39,1015.38,529.04,25.28,69.35,0.707,-1,-1,-1
218,31,1687.55,555.35,51.80,136.20,0.813,-1,-1,-1
218,34,1335.45,556.69,46.14,131.76,0.881,-1,-1,-1
218,39,1014.35,529.80,25.02,68.41,0.661,-1,-1,-1
219,31,1695.34,557.75,51.12,134.32,0.829,-1,-1,-1
219,34,1337.26,557.44,45.93,131.01,0.875,-1,-1,-1
219,39,1013.84,529.78,25.08,68.40,0.580,-1,-1,-1
219,40,875.58,518.86,18.53,75.90,0.535,-1,-1,-1
220,26,-7.24,587.17,29.00,76.82,0.515,-1,-1,-1
220,31,1701.57,558.02,51.19,134.19,0.802,-1,-1,-1
220,34,1339.21,556.69,46.09,131.31,0.855,-1,-1,-1
220,40,875.45,517.34,18.93,77.69,0.597,-1,-1,-1
221,31,1707.66,559.31,51.00,133.44,0.799,-1,-1,-1
221,34,1340.95,553.26,47.38,135.18,0.834,-1,-1,-1
221,36,979.63,531.37,22.94,63.22,0.580,-1,-1,-1
221,40,875.23,516.62,19.15,78.70,0.620,-1,-1,-1
222,31,1714.30,558.26,50.93,133.20,0.817,-1,-1,-1
222,34,1343.37,552.19,47.46,135.48,0.842,-1,-1,-1
222,36,978.86,529.93,23.34,64.69,0.614,-1,-1,-1
222,39,1011.50,528.32,25.01,68.47,0.618,-1,-1,-1
222,40,875.31,515.29,19.25,79.36,0.609,-1,-1,-1
223,31,1720.54,557.62,51.11,133.57,0.765,-1,-1,-1
223,34,1345.62,552.65,47.35,135.11,0.843,-1,-1,-1
223,36,978.63,530.09,23.48,64.58,0.630,-1,-1,-1
223,39,1011.23,527.97,25.13,69.13,0.621,-1,-1,-1
223,40,875.42,515.10,19.30,79.76,0.572,-1,-1,-1
223,41,1067.33,540.93,27.34,82.12,0.701,-1,-1,-1
224,31,1726.61,555.24,51.58,134.91,0.778,-1,-1,-1
224,34,1347.65,550.08,48.00,137.11,0.847,-1,-1,-1
224,36,978.96,530.15,23.63,64.79,0.659,-1,-1,-1
224,38,957.56,525.43,30.56,71.05,0.537,-1,-1,-1
224,39,1010.87,527.57,25.25,69.75,0.695,-1,-1,-1
224,41,1065.91,541.68,27.20,81.46,0.703,-1,-1,-1
225,31,1733.04,550.79,52.45,138.12,0.821,-1,-1,-1
225,34,1349.82,550.29,47.88,136.80,0.851,-1,-1,-1
225,36,979.33,530.85,23.47,64.21,0.597,-1,-1,-1
225,39,1010.51,527.47,25.28,70.04,0.626,-1,-1,-1
225,41,1064.66,544.59,26.53,78.87,0.709,-1,-1,-1
226,31,1739.54,547.38,52.73,140.02,0.809,-1,-1,-1
226,34,1351.75,549.88,48.02,137.12,0.861,-1,-1,-1
226,36,979.33,531.30,23.59,64.46,0.524,-1,-1,-1
226,39,1010.61,527.35,25.55,70.83,0.654,-1,-1,-1
226,41,1062.84,546.78,26.63,78.38,0.726,-1,-1,-1
227,31,1746.55,547.05,52.85,141.16,0.798,-1,-1,-1
227,34,1353.31,550.25,48.15,137.77,0.874,-1,-1,-1
227,36,979.85,532.79,23.47,64.14,0.520,-1,-1,-1
227,39,1010.63,527.27,25.88,71.67,0.603,-1,-1,-1
227,41,1061.27,546.99,27.40,79.86,0.659,-1,-1,-1
228,31,1754.05,545.68,53.03,142.56,0.807,-1,-1,-1
228,34,1355.41,550.53,48.28,138.42,0.847,-1,-1,-1
228,39,1010.35,527.76,26.18,71.70,0.614,-1,-1,-1
228,41,1061.98,547.63,27.71,80.05,0.646,-1,-1,-1
229,31,1761.88,545.66,53.15,143.49,0.790,-1,-1,-1
229,34,1357.89,551.75,48.08,138.04,0.887,-1,-1,-1
229,39,1010.06,529.22,26.20,70.79,0.527,-1,-1,-1
229,41,1063.07,548.22,27.87,79.96,0.583,-1,-1,-1
230,31,1770.36,545.83,52.73,142.92,0.813,-1,-1,-1
230,34,1360.74,552.14,48.04,137.84,0.879,-1,-1,-1
230,39,1009.58,531.04,26.11,69.28,0.525,-1,-1,-1
230,41,1063.49,548.32,28.19,80.34,0.591,-1,-1,-1
230,42,-1.84,587.73,28.60,95.00,0.571,-1,-1,-1
231,31,1779.14,548.54,52.14,141.56,0.787,-1,-1,-1
231,34,1362.54,554.36,47.81,137.13,0.883,-1,-1,-1
231,39,1009.22,531.37,26.57,69.32,0.604,-1,-1,-1
231,41,1063.30,547.67,28.65,81.13,0.671,-1,-1,-1
232,31,1787.55,548.85,52.39,142.66,0.791,-1,-1,-1
232,34,1364.98,555.03,47.71,136.64,0.859,-1,-1,-1
232,39,1009.93,532.00,26.85,68.72,0.647,-1,-1,-1
232,41,1062.10,546.86,28.91,81.79,0.614,-1,-1,-1
233,31,1796.27,548.18,52.64,143.37,0.798,-1,-1,-1
233,34,1367.72,555.14,47.75,136.79,0.841,-1,-1,-1
233,39,1009.41,531.85,27.05,68.59,0.606,-1,-1,-1
233,41,1061.68,546.35,29.03,81.64,0.614,-1,-1,-1
233,42,-2.71,593.26,26.87,89.55,0.586,-1,-1,-1
234,31,1806.83,547.78,52.52,143.10,0.841,-1,-1,-1
234,34,1371.13,554.78,48.22,137.70,0.845,-1,-1,-1
234,39,1009.08,531.14,27.43,69.06,0.674,-1,-1,-1
234,41,1062.45,546.09,29.35,81.79,0.596,-1,-1,-1
235,31,1816.54,546.10,52.97,144.15,0.825,-1,-1,-1
235,34,1373.91,553.72,48.66,138.66,0.845,-1,-1,-1
235,36,980.24,526.77,24.92,68.30,0.519,-1,-1,-1
235,39,1009.66,531.99,26.92,67.37,0.634,-1,-1,-1
235,41,1064.06,545.27,30.05,82.42,0.697,-1,-1,-1
235,42,-3.34,597.36,25.24,84.62,0.565,-1,-1,-1
236,31,1825.44,543.69,53.95,146.16,0.787,-1,-1,-1
236,34,1377.24,552.27,49.03,139.26,0.876,-1,-1,-1
236,36,981.49,526.22,24.72,67.62,0.604,-1,-1,-1
236,39,1010.46,532.14,26.71,66.77,0.702,-1,-1,-1
236,41,1066.18,544.94,30.54,82.58,0.681,-1,-1,-1
236,43,834.02,521.56,15.94,45.98,0.563,-1,-1,-1
237,31,1837.41,542.75,54.15,146.16,0.823,-1,-1,-1
237,34,1379.84,550.66,49.23,139.82,0.858,-1,-1,-1
237,36,983.18,524.50,23.87,64.95,0.505,-1,-1,-1
237,39,1011.35,529.47,27.34,68.46,0.667,-1,-1,-1
237,41,1067.43,544.02,31.04,83.24,0.616,-1,-1,-1
237,42,-3.89,598.79,24.52,82.98,0.600,-1,-1,-1
238,31,1848.50,541.13,54.59,147.52,0.823,-1,-1,-1
238,34,1383.18,549.52,49.70,141.11,0.858,-1,-1,-1
238,36,985.94,523.69,22.44,60.58,0.609,-1,-1,-1
238,39,1011.54,527.39,28.11,71.14,0.661,-1,-1,-1
238,41,1067.60,543.99,31.31,83.44,0.617,-1,-1,-1
238,42,-4.23,599.11,24.21,82.78,0.567,-1,-1,-1
239,31,1859.86,540.19,54.80,148.40,0.805,-1,-1,-1
239,34,1386.58,548.10,50.12,142.51,0.828,-1,-1,-1
239,36,988.77,521.58,21.64,58.51,0.611,-1,-1,-1
239,43,839.56,518.52,16.47,47.51,0.501,-1,-1,-1
240,31,1868.91,538.40,54.66,149.63,0.797,-1,-1,-1
240,34,1390.00,546.58,50.14,143.07,0.813,-1,-1,-1
240,36,991.32,520.10,21.19,57.50,0.587,-1,-1,-1
240,43,841.57,518.05,16.57,47.76,0.569,-1,-1,-1
241,31,1877.23,539.20,53.41,148.89,0.666,-1,-1,-1
241,34,1393.64,545.93,50.62,145.03,0.841,-1,-1,-1
241,41,1070.88,542.67,26.43,68.33,0.528,-1,-1,-1
241,43,844.05,517.63,16.66,48.01,0.647,-1,-1,-1
242,34,1398.45,546.12,50.77,146.27,0.858,-1,-1,-1
242,41,1072.68,542.25,24.26,60.45,0.535,-1,-1,-1
242,43,846.45,517.53,16.54,47.56,0.613,-1,-1,-1
243,34,1402.98,546.45,50.73,147.08,0.850,-1,-1,-1
244,34,1408.50,547.50,50.28,146.54,0.844,-1,-1,-1
245,34,1413.85,549.46,49.95,146.54,0.852,-1,-1,-1
245,43,854.68,517.11,16.68,47.93,0.562,-1,-1,-1
246,34,1419.63,550.66,49.97,147.33,0.847,-1,-1,-1
246,43,857.92,518.12,16.30,46.70,0.566,-1,-1,-1
246,44,1297.96,572.86,56.57,141.35,0.820,-1,-1,-1
247,34,1426.13,551.32,49.85,147.53,0.850,-1,-1,-1
247,43,861.00,518.06,16.29,46.57,0.598,-1,-1,-1
247,44,1306.36,572.86,57.47,143.30,0.826,-1,-1,-1
248,34,1432.64,551.06,50.15,149.12,0.854,-1,-1,-1
248,43,864.16,518.28,16.40,46.77,0.519,-1,-1,-1
248,44,1314.32,570.55,58.98,146.83,0.854,-1,-1,-1
249,34,1438.92,550.62,50.23,150.22,0.858,-1,-1,-1
249,43,867.66,517.10,16.63,47.29,0.635,-1,-1,-1
249,44,1322.85,568.66,60.70,150.90,0.830,-1,-1,-1
250,34,1445.40,549.22,50.47,151.84,0.866,-1,-1,-1
250,43,870.80,517.75,16.40,46.48,0.611,-1,-1,-1
250,44,1331.92,569.48,60.98,151.15,0.772,-1,-1,-1
251,34,1451.97,548.77,50.36,152.47,0.836,-1,-1,-1
251,43,874.48,518.09,16.79,47.48,0.611,-1,-1,-1
251,44,1340.45,570.55,61.19,151.29,0.652,-1,-1,-1
252,34,1458.63,547.00,50.53,153.91,0.843,-1,-1,-1
252,42,-2.87,615.70,22.12,76.78,0.546,-1,-1,-1
252,43,878.72,518.99,16.50,46.48,0.606,-1,-1,-1
253,34,1465.55,545.10,50.35,154.74,0.849,-1,-1,-1
253,42,-2.01,614.46,23.07,80.85,0.563,-1,-1,-1
253,43,882.96,519.41,16.63,46.51,0.703,-1,-1,-1
254,34,1472.85,543.29,50.22,155.58,0.835,-1,-1,-1
254,43,887.20,519.50,16.65,46.26,0.617,-1,-1,-1
255,34,1479.92,542.21,49.72,154.91,0.837,-1,-1,-1
255,42,-1.14,614.17,24.06,84.69,0.603,-1,-1,-1
255,43,892.21,519.95,16.60,45.75,0.660,-1,-1,-1
256,34,1486.62,542.04,49.25,154.74,0.824,-1,-1,-1
256,42,-0.97,613.21,24.88,88.15,0.632,-1,-1,-1
256,43,896.86,520.16,16.90,46.31,0.580,-1,-1,-1
256,45,946.77,530.83,23.41,65.04,0.568,-1,-1,-1
257,34,1494.50,542.10,48.63,153.28,0.818,-1,-1,-1
257,42,-0.74,611.21,25.64,91.31,0.709,-1,-1,-1
257,43,902.02,519.85,17.10,46.58,0.676,-1,-1,-1
257,45,952.42,529.23,23.79,66.13,0.606,-1,-1,-1
258,34,1501.52,546.25,47.98,149.23,0.837,-1,-1,-1
258,42,-0.21,610.01,26.47,94.19,0.732,-1,-1,-1
258,43,906.76,519.57,17.20,46.46,0.663,-1,-1,-1
259,34,1507.44,551.02,48.17,145.54,0.860,-1,-1,-1
259,42,0.45,609.17,27.20,96.20,0.707,-1,-1,-1
259,43,911.32,519.48,17.93,48.24,0.658,-1,-1,-1
259,45,963.00,528.28,23.72,65.98,0.601,-1,-1,-1
260,34,1513.23,553.69,49.65,144.85,0.838,-1,-1,-1
260,42,1.33,608.92,27.98,97.69,0.727,-1,-1,-1
260,43,916.00,519.38,18.37,49.25,0.652,-1,-1,-1
260,46,1126.99,545.22,40.30,93.22,0.743,-1,-1,-1
261,34,1520.27,555.73,51.14,143.37,0.844,-1,-1,-1
261,43,921.15,518.94,18.89,50.66,0.650,-1,-1,-1
261,45,974.35,529.96,23.34,64.74,0.628,-1,-1,-1
261,46,1133.73,544.93,40.51,93.68,0.671,-1,-1,-1
262,34,1529.94,560.56,52.44,140.61,0.879,-1,-1,-1
262,43,926.06,518.65,19.35,52.00,0.597,-1,-1,-1
262,45,979.56,530.55,23.32,64.58,0.591,-1,-1,-1
262,46,1139.11,544.43,41.11,95.17,0.731,-1,-1,-1
263,34,1539.03,565.16,53.19,137.83,0.778,-1,-1,-1
263,43,931.10,518.18,19.74,53.06,0.618,-1,-1,-1
263,45,984.64,531.19,23.36,64.70,0.609,-1,-1,-1
263,46,1145.51,547.36,40.27,93.37,0.540,-1,-1,-1
263,47,1200.19,530.57,34.87,105.80,0.747,-1,-1,-1
264,34,1548.38,566.33,55.57,138.78,0.865,-1,-1,-1
264,42,-0.91,612.98,27.51,97.32,0.577,-1,-1,-1
264,43,936.39,518.49,19.28,51.44,0.626,-1,-1,-1
264,45,989.72,529.79,24.07,66.68,0.651,-1,-1,-1
264,46,1161.16,543.34,41.39,96.01,0.652,-1,-1,-1
264,48,143.20,603.49,25.75,107.14,0.609,-1,-1,-1
265,34,1558.52,567.92,57.24,139.06,0.846,-1,-1,-1
265,43,941.66,519.06,18.93,50.33,0.544,-1,-1,-1
265,45,994.52,530.24,24.20,67.16,0.521,-1,-1,-1
265,48,144.35,603.67,25.96,107.77,0.637,-1,-1,-1
266,34,1569.78,565.06,59.86,144.10,0.761,-1,-1,-1
266,43,947.12,519.67,19.10,50.71,0.530,-1,-1,-1
266,45,999.95,530.21,24.40,67.91,0.604,-1,-1,-1
267,34,1579.31,554.11,65.27,157.27,0.812,-1,-1,-1
267,43,952.72,519.61,18.28,48.16,0.582,-1,-1,-1
267,45,1005.27,530.56,24.54,68.43,0.535,-1,-1,-1
267,47,1220.19,533.14,36.62,110.78,0.739,-1,-1,-1
267,48,150.43,603.52,26.16,108.58,0.550,-1,-1,-1
268,34,1589.46,551.04,67.07,162.37,0.778,-1,-1,-1
268,43,958.50,520.28,17.72,46.28,0.618,-1,-1,-1
268,45,1010.69,530.99,24.73,69.10,0.628,-1,-1,-1
269,43,964.26,520.57,16.88,43.60,0.557,-1,-1,-1
269,45,1016.25,532.18,24.55,68.63,0.602,-1,-1,-1
270,34,1592.62,572.81,74.13,176.80,0.573,-1,-1,-1
270,45,1022.06,530.14,24.85,69.64,0.581,-1,-1,-1
270,48,161.32,601.14,26.55,109.87,0.538,-1,-1,-1
270,49,1057.80,530.45,29.69,73.92,0.581,-1,-1,-1
271,34,1584.18,583.27,76.17,185.49,0.706,-1,-1,-1
271,45,1027.20,523.83,26.47,74.80,0.575,-1,-1,-1
271,48,164.34,600.03,26.75,110.40,0.537,-1,-1,-1
271,49,1063.79,530.00,29.77,74.14,0.613,-1,-1,-1
272,34,1588.85,589.73,77.37,193.41,0.838,-1,-1,-1
272,45,1032.91,522.41,26.87,76.42,0.612,-1,-1,-1
272,48,166.38,598.97,26.92,110.88,0.549,-1,-1,-1
272,49,1068.78,528.11,30.72,76.55,0.671,-1,-1,-1
273,34,1598.76,593.63,78.14,197.37,0.639,-1,-1,-1
273,42,12.72,607.74,29.49,102.02,0.641,-1,-1,-1
273,45,1038.77,523.53,26.54,75.66,0.513,-1,-1,-1
273,48,167.27,598.45,27.25,111.49,0.643,-1,-1,-1
273,49,1074.63,527.89,30.86,77.00,0.672,-1,-1,-1
274,34,1612.91,596.56,79.08,203.24,0.838,-1,-1,-1
274,42,15.82,604.30,30.09,102.95,0.623,-1,-1,-1
274,49,1080.86,527.10,30.69,76.51,0.615,-1,-1,-1
274,50,31.14,605.76,33.50,96.62,0.633,-1,-1,-1
275,34,1626.80,594.79,81.54,211.86,0.765,-1,-1,-1
275,42,16.63,603.49,30.81,104.52,0.556,-1,-1,-1
275,49,1085.96,526.81,30.46,75.99,0.587,-1,-1,-1
275,50,33.25,605.00,33.99,98.18,0.621,-1,-1,-1
276,34,1643.08,600.13,82.19,215.67,0.854,-1,-1,-1
276,42,18.66,603.45,31.50,104.73,0.639,-1,-1,-1
276,43,1001.29,517.45,15.09,37.93,0.562,-1,-1,-1
276,45,1056.07,522.73,26.58,76.09,0.562,-1,-1,-1
276,49,1091.53,526.92,30.83,76.80,0.738,-1,-1,-1
276,50,35.42,605.03,33.93,98.21,0.627,-1,-1,-1
277,34,1660.01,603.11,83.09,218.72,0.858,-1,-1,-1
277,42,20.48,602.99,32.13,105.10,0.663,-1,-1,-1
277,43,1006.48,515.16,15.98,39.24,0.617,-1,-1,-1
277,49,1095.86,526.10,31.29,78.06,0.676,-1,-1,-1
277,50,37.59,604.04,34.54,100.23,0.671,-1,-1,-1
278,34,1676.48,608.25,83.03,217.90,0.793,-1,-1,-1
278,42,22.08,602.60,32.72,105.95,0.595,-1,-1,-1
278,45,1068.30,522.25,26.18,75.55,0.607,-1,-1,-1
278,48,182.98,597.97,27.37,111.97,0.513,-1,-1,-1
278,49,1100.44,525.38,31.49,78.60,0.705,-1,-1,-1
278,50,39.26,604.67,34.64,100.68,0.657,-1,-1,-1
279,34,1693.59,611.34,84.76,221.46,0.844,-1,-1,-1
279,42,24.62,604.18,32.90,105.01,0.643,-1,-1,-1
279,45,1075.06,520.73,26.23,76.46,0.511,-1,-1,-1
279,48,184.74,597.22,27.93,113.84,0.622,-1,-1,-1
279,49,1105.42,526.19,31.18,77.50,0.696,-1,-1,-1
279,50,41.18,604.80,34.79,101.29,0.670,-1,-1,-1
280,34,1710.58,613.51,87.03,226.52,0.843,-1,-1,-1
280,42,25.83,605.27,33.37,105.77,0.637,-1,-1,-1
280,43,1022.73,517.06,15.49,37.04,0.547,-1,-1,-1
280,45,1081.69,523.23,25.33,74.34,0.620,-1,-1,-1
280,48,187.57,598.69,27.92,113.82,0.560,-1,-1,-1
280,49,1111.32,527.43,30.77,76.03,0.638,-1,-1,-1
280,50,43.03,606.54,34.77,101.47,0.635,-1,-1,-1
281,34,1728.16,613.30,90.29,231.10,0.814,-1,-1,-1
281,42,27.32,607.15,33.93,106.58,0.609,-1,-1,-1
281,43,1027.45,516.02,16.43,38.79,0.618,-1,-1,-1
281,45,1087.86,524.66,24.69,72.41,0.506,-1,-1,-1
281,48,190.03,600.58,28.34,114.66,0.608,-1,-1,-1
281,49,1116.55,527.45,30.97,75.90,0.584,-1,-1,-1
281,50,45.10,608.98,34.91,101.99,0.566,-1,-1,-1
282,34,1750.82,615.73,92.24,233.57,0.873,-1,-1,-1
282,42,28.84,608.54,34.01,106.52,0.583,-1,-1,-1
282,43,1032.75,516.10,16.61,38.43,0.574,-1,-1,-1
282,48,191.84,602.16,28.31,114.13,0.554,-1,-1,-1
282,49,1119.58,527.77,30.97,74.88,0.567,-1,-1,-1
282,50,46.98,610.34,35.05,102.64,0.582,-1,-1,-1
282,51,1239.92,562.96,37.36,102.18,0.650,-1,-1,-1
283,34,1771.35,616.68,94.07,236.31,0.882,-1,-1,-1
283,42,29.95,610.43,34.24,107.21,0.596,-1,-1,-1
283,43,1037.92,516.60,16.90,38.73,0.526,-1,-1,-1
283,48,193.11,602.89,28.99,116.33,0.615,-1,-1,-1
283,49,1121.78,526.25,32.01,76.51,0.606,-1,-1,-1
283,50,48.90,611.59,35.32,103.46,0.619,-1,-1,-1
283,51,1245.81,563.33,37.56,102.68,0.613,-1,-1,-1
284,34,1791.71,611.51,97.69,245.27,0.889,-1,-1,-1
284,42,31.15,612.16,34.27,107.52,0.522,-1,-1,-1
284,43,1043.71,517.86,16.84,37.93,0.510,-1,-1,-1
284,48,195.23,604.51,29.33,117.11,0.616,-1,-1,-1
284,49,1126.89,526.33,32.87,77.34,0.586,-1,-1,-1
284,50,50.50,613.09,35.60,104.49,0.641,-1,-1,-1
284,51,1252.43,561.13,39.10,106.09,0.762,-1,-1,-1
284,52,1746.41,549.96,60.92,180.56,0.850,-1,-1,-1
285,34,1815.51,613.71,98.34,247.12,0.913,-1,-1,-1
285,42,33.22,613.26,34.62,108.67,0.583,-1,-1,-1
285,43,1048.91,517.61,17.58,39.25,0.654,-1,-1,-1
285,46,1307.29,539.73,51.25,118.60,0.628,-1,-1,-1
285,48,197.31,605.58,29.72,117.65,0.590,-1,-1,-1
285,50,52.29,614.16,35.92,105.66,0.640,-1,-1,-1
285,51,1258.33,560.30,39.32,106.05,0.789,-1,-1,-1
285,52,1759.94,549.16,63.46,187.88,0.865,-1,-1,-1
286,34,1833.14,613.59,97.45,250.53,0.899,-1,-1,-1
286,42,35.16,616.00,34.64,108.23,0.595,-1,-1,-1
286,43,1054.26,516.86,18.49,40.65,0.692,-1,-1,-1
286,47,1297.11,538.61,39.64,120.22,0.620,-1,-1,-1
286,48,199.73,606.71,30.23,118.05,0.568,-1,-1,-1
286,49,1135.45,526.13,33.60,77.91,0.571,-1,-1,-1
286,50,55.30,616.93,35.66,104.64,0.589,-1,-1,-1
286,51,1262.73,559.62,39.86,107.10,0.715,-1,-1,-1
286,52,1775.40,548.43,65.05,192.04,0.872,-1,-1,-1
287,34,1848.44,615.63,94.42,252.29,0.874,-1,-1,-1
287,42,35.91,616.81,35.02,109.69,0.590,-1,-1,-1
287,43,1059.24,515.53,19.37,42.16,0.685,-1,-1,-1
287,48,201.48,607.61,30.79,118.70,0.552,-1,-1,-1
287,49,1140.83,525.52,34.23,78.37,0.534,-1,-1,-1
287,50,56.56,617.76,35.81,105.42,0.643,-1,-1,-1
287,51,1266.10,558.03,40.63,109.08,0.714,-1,-1,-1
287,52,1790.49,548.27,66.22,194.51,0.890,-1,-1,-1
288,42,37.38,616.75,35.47,111.35,0.566,-1,-1,-1
288,43,1064.76,515.00,19.43,42.02,0.533,-1,-1,-1
288,46,1331.94,539.75,48.02,113.60,0.516,-1,-1,-1
288,48,203.14,608.79,31.24,118.95,0.596,-1,-1,-1
288,50,59.26,618.90,35.87,105.56,0.597,-1,-1,-1
288,51,1268.94,555.71,41.38,111.45,0.711,-1,-1,-1
288,52,1805.30,547.24,67.22,196.20,0.897,-1,-1,-1
289,42,39.92,616.68,36.48,113.85,0.603,-1,-1,-1
289,46,1337.15,538.87,49.49,118.98,0.580,-1,-1,-1
289,47,1314.41,536.09,39.58,121.65,0.580,-1,-1,-1
289,48,205.14,610.22,31.64,118.83,0.557,-1,-1,-1
289,50,61.14,621.37,35.74,105.07,0.660,-1,-1,-1
289,51,1274.00,554.63,41.95,113.23,0.520,-1,-1,-1
289,52,1819.75,546.98,68.26,198.01,0.891,-1,-1,-1
290,42,41.86,616.61,37.13,114.94,0.612,-1,-1,-1
290,43,1075.12,512.81,20.02,43.14,0.574,-1,-1,-1
290,46,1344.98,536.72,47.91,117.73,0.538,-1,-1,-1
290,47,1321.57,533.96,40.68,125.59,0.567,-1,-1,-1
290,48,207.16,610.36,31.98,119.80,0.558,-1,-1,-1
290,50,62.45,621.72,35.86,105.35,0.657,-1,-1,-1
290,51,1277.97,553.46,42.76,115.96,0.558,-1,-1,-1
290,52,1834.03,545.53,69.37,200.26,0.889,-1,-1,-1
291,42,43.60,618.58,37.31,114.59,0.579,-1,-1,-1
291,46,1351.78,539.15,46.04,115.97,0.598,-1,-1,-1
291,47,1328.71,533.64,41.37,128.35,0.615,-1,-1,-1
291,48,209.09,611.48,32.33,120.04,0.578,-1,-1,-1
291,50,63.94,623.48,35.94,105.50,0.676,-1,-1,-1
291,51,1285.97,552.38,45.60,121.11,0.728,-1,-1,-1
291,52,1847.93,544.94,69.94,201.60,0.887,-1,-1,-1
291,53,234.69,608.28,32.78,113.73,0.516,-1,-1,-1
292,42,43.50,619.58,37.43,115.54,0.576,-1,-1,-1
292,46,1358.32,538.91,44.89,115.31,0.525,-1,-1,-1
292,47,1336.45,537.55,41.18,125.55,0.738,-1,-1,-1
292,48,210.81,612.65,32.61,121.19,0.529,-1,-1,-1
292,50,65.19,624.97,36.01,105.56,0.698,-1,-1,-1
292,51,1289.23,552.93,46.59,122.53,0.814,-1,-1,-1
292,52,1858.15,543.94,69.90,203.77,0.892,-1,-1,-1
293,42,43.62,621.31,37.38,115.98,0.615,-1,-1,-1
293,47,1339.88,540.66,42.46,124.32,0.709,-1,-1,-1
293,48,212.66,614.15,32.71,121.48,0.524,-1,-1,-1
293,50,65.92,626.19,36.26,106.25,0.707,-1,-1,-1
293,51,1293.98,555.51,46.25,121.06,0.689,-1,-1,-1
293,52,1867.62,544.55,68.17,203.19,0.868,-1,-1,-1
294,42,44.22,622.59,37.34,116.02,0.581,-1,-1,-1
294,47,1345.42,541.99,43.20,123.62,0.694,-1,-1,-1
294,48,213.78,614.95,32.93,121.95,0.550,-1,-1,-1
294,50,66.78,627.28,36.37,106.47,0.680,-1,-1,-1
294,51,1300.35,559.16,45.35,118.03,0.735,-1,-1,-1
294,52,1876.25,543.28,66.48,204.58,0.829,-1,-1,-1
295,42,45.87,625.29,37.33,114.92,0.628,-1,-1,-1
295,43,1098.79,511.73,23.63,51.21,0.666,-1,-1,-1
295,46,1372.55,545.78,42.27,109.86,0.516,-1,-1,-1
295,47,1350.91,545.76,43.94,121.43,0.758,-1,-1,-1
295,48,215.23,615.70,33.32,123.28,0.526,-1,-1,-1
295,50,67.58,628.57,36.43,106.76,0.668,-1,-1,-1
295,51,1306.92,560.81,44.13,115.17,0.641,-1,-1,-1
296,42,46.12,627.52,37.14,114.54,0.581,-1,-1,-1
296,43,1103.06,512.73,24.56,53.42,0.709,-1,-1,-1
296,47,1351.58,546.00,44.73,123.93,0.704,-1,-1,-1
296,48,217.15,616.25,33.61,124.39,0.583,-1,-1,-1
296,49,1196.08,527.52,25.21,54.82,0.507,-1,-1,-1
296,50,68.80,629.26,36.90,107.90,0.715,-1,-1,-1
296,51,1313.49,563.86,42.02,109.76,0.671,-1,-1,-1
297,42,46.27,628.65,37.47,115.69,0.568,-1,-1,-1
297,43,1107.46,512.91,24.77,54.34,0.622,-1,-1,-1
297,47,1352.23,544.49,45.48,126.92,0.549,-1,-1,-1
297,48,218.71,617.05,33.85,125.39,0.627,-1,-1,-1
297,49,1203.08,527.80,24.50,50.50,0.626,-1,-1,-1
297,50,69.70,629.83,37.41,108.88,0.648,-1,-1,-1
297,51,1317.77,564.12,41.71,109.04,0.513,-1,-1,-1
298,42,47.07,628.40,37.81,116.24,0.574,-1,-1,-1
298,43,1112.48,514.09,24.32,53.37,0.597,-1,-1,-1
298,48,220.96,616.48,34.08,125.96,0.538,-1,-1,-1
298,49,1209.09,527.77,24.96,48.93,0.606,-1,-1,-1
298,50,70.12,629.24,37.94,109.93,0.672,-1,-1,-1
299,42,47.37,627.92,38.13,116.91,0.591,-1,-1,-1
299,43,1117.31,515.87,23.89,52.64,0.657,-1,-1,-1
299,48,221.93,616.47,34.36,127.05,0.637,-1,-1,-1
299,49,1214.53,528.08,25.14,46.81,0.611,-1,-1,-1
299,50,70.66,629.24,38.30,110.44,0.676,-1,-1,-1
299,54,1560.22,523.26,28.95,99.75,0.615,-1,-1,-1
300,42,47.17,629.49,37.75,116.13,0.610,-1,-1,-1
300,43,1121.68,516.39,24.08,53.27,0.693,-1,-1,-1
300,47,1363.66,540.18,40.83,113.94,0.513,-1,-1,-1
300,48,222.08,617.29,34.65,127.82,0.683,-1,-1,-1
300,49,1218.57,528.94,25.46,44.76,0.682,-1,-1,-1
300,50,70.49,630.28,38.25,110.17,0.695,-1,-1,-1
300,54,1568.86,525.38,28.91,99.65,0.597,-1,-1,-1
301,42,46.69,629.14,38.33,118.12,0.561,-1,-1,-1
301,43,1125.46,516.82,24.29,53.92,0.764,-1,-1,-1
301,48,222.30,618.05,35.03,128.44,0.643,-1,-1,-1
301,50,69.95,631.05,38.41,110.64,0.638,-1,-1,-1
301,53,251.55,614.61,34.69,120.87,0.559,-1,-1,-1
301,54,1576.43,526.44,29.40,101.45,0.597,-1,-1,-1
302,42,46.30,628.11,38.88,119.96,0.614,-1,-1,-1
302,43,1129.67,516.63,24.45,54.54,0.724,-1,-1,-1
302,46,1411.68,554.98,45.01,116.64,0.737,-1,-1,-1
302,48,223.11,617.70,35.27,129.42,0.622,-1,-1,-1
302,49,1228.17,529.86,24.51,40.56,0.594,-1,-1,-1
302,50,70.64,630.86,38.87,111.73,0.659,-1,-1,-1
302,53,253.61,614.73,34.65,121.17,0.531,-1,-1,-1
302,54,1585.06,527.24,29.74,102.71,0.580,-1,-1,-1
302,55,1297.26,532.24,26.40,83.80,0.626,-1,-1,-1
303,42,45.61,629.97,38.86,120.53,0.587,-1,-1,-1
303,43,1133.84,517.99,24.13,53.88,0.695,-1,-1,-1
303,46,1418.03,557.09,42.64,108.44,0.516,-1,-1,-1
303,47,1375.42,542.93,31.31,86.02,0.540,-1,-1,-1
303,48,223.59,619.66,35.28,129.78,0.548,-1,-1,-1
303,50,70.45,632.86,39.19,112.55,0.646,-1,-1,-1
303,54,1593.36,528.12,30.00,103.67,0.576,-1,-1,-1
304,42,45.11,629.85,39.01,121.69,0.546,-1,-1,-1
304,43,1138.79,520.18,23.83,53.34,0.591,-1,-1,-1
304,46,1428.68,561.55,36.68,89.42,0.589,-1,-1,-1
304,47,1381.52,549.63,27.99,75.36,0.591,-1,-1,-1
304,48,223.70,620.65,35.29,129.83,0.581,-1,-1,-1
304,50,69.86,633.59,39.09,112.62,0.623,-1,-1,-1
304,54,1602.12,531.61,30.36,104.99,0.570,-1,-1,-1
305,42,44.42,633.35,38.80,121.74,0.566,-1,-1,-1
305,43,1142.63,521.41,24.23,54.43,0.675,-1,-1,-1
305,46,1438.02,565.63,31.98,75.45,0.553,-1,-1,-1
305,50,69.12,637.10,39.37,113.47,0.702,-1,-1,-1
305,55,1311.81,539.29,24.49,77.27,0.505,-1,-1,-1
306,42,43.86,634.24,38.78,121.96,0.597,-1,-1,-1
306,43,1147.37,523.77,24.19,54.47,0.670,-1,-1,-1
306,48,227.41,624.30,36.08,130.99,0.638,-1,-1,-1
306,50,68.17,637.37,39.66,114.59,0.683,-1,-1,-1
306,53,258.71,620.58,34.38,120.60,0.506,-1,-1,-1
306,55,1317.33,544.43,22.90,71.51,0.610,-1,-1,-1
307,43,1151.60,524.88,24.28,54.72,0.697,-1,-1,-1
307,46,1453.01,570.71,28.49,64.08,0.605,-1,-1,-1
307,48,228.08,625.66,36.71,132.34,0.705,-1,-1,-1
307,50,66.84,638.19,39.82,115.55,0.689,-1,-1,-1
307,53,258.73,621.96,34.13,120.39,0.503,-1,-1,-1
307,54,1626.85,539.54,30.83,106.67,0.553,-1,-1,-1
308,42,41.94,638.25,39.08,123.66,0.604,-1,-1,-1
308,43,1155.61,525.68,24.15,54.53,0.511,-1,-1,-1
308,48,227.49,629.14,36.75,132.13,0.604,-1,-1,-1
308,50,66.01,641.51,39.77,115.77,0.654,-1,-1,-1
308,54,1634.58,540.51,30.81,106.73,0.537,-1,-1,-1
308,55,1326.97,545.83,21.27,66.03,0.520,-1,-1,-1
309,42,41.08,639.55,38.84,123.67,0.603,-1,-1,-1
309,43,1160.50,527.66,23.29,52.52,0.663,-1,-1,-1
309,48,226.26,629.99,37.03,133.21,0.635,-1,-1,-1
309,50,65.27,642.72,39.84,116.24,0.681,-1,-1,-1
309,55,1332.03,545.44,21.17,65.08,0.556,-1,-1,-1
310,42,39.73,640.11,39.07,125.24,0.630,-1,-1,-1
310,43,1164.88,529.12,22.99,51.81,0.638,-1,-1,-1
310,48,225.77,631.49,37.24,134.21,0.676,-1,-1,-1
310,50,65.01,644.05,39.88,116.63,0.670,-1,-1,-1
311,42,39.28,641.63,39.38,126.40,0.609,-1,-1,-1
311,43,1168.65,529.26,23.05,52.02,0.538,-1,-1,-1
311,48,225.39,633.15,37.47,135.54,0.674,-1,-1,-1
311,50,63.97,646.20,40.00,117.36,0.685,-1,-1,-1
311,53,259.94,631.15,34.53,121.59,0.523,-1,-1,-1
311,54,1658.20,543.82,31.03,107.57,0.606,-1,-1,-1
312,42,38.52,641.53,39.69,127.58,0.567,-1,-1,-1
312,43,1172.83,529.04,22.87,51.56,0.651,-1,-1,-1
312,48,224.87,634.12,37.29,135.14,0.618,-1,-1,-1
312,50,62.73,646.19,40.21,118.39,0.643,-1,-1,-1
312,53,259.61,633.07,34.56,121.51,0.538,-1,-1,-1
312,54,1665.89,545.41,30.75,106.80,0.563,-1,-1,-1
313,42,38.88,641.62,40.92,130.77,0.640,-1,-1,-1
313,43,1176.67,528.90,23.50,53.11,0.689,-1,-1,-1
313,46,1491.69,578.64,27.98,60.28,0.554,-1,-1,-1
313,48,225.24,636.48,37.67,135.73,0.548,-1,-1,-1
313,50,62.18,647.79,40.22,119.02,0.655,-1,-1,-1
313,53,259.94,632.92,35.52,125.13,0.564,-1,-1,-1
313,54,1673.96,545.51,30.55,106.33,0.511,-1,-1,-1
314,42,38.72,643.46,41.63,131.73,0.663,-1,-1,-1
314,43,1180.40,528.89,23.83,54.02,0.667,-1,-1,-1
314,48,225.75,638.10,38.15,136.80,0.535,-1,-1,-1
314,50,61.13,649.60,39.98,118.76,0.634,-1,-1,-1
314,53,260.21,633.17,35.65,126.17,0.543,-1,-1,-1
314,54,1682.84,545.28,29.28,101.36,0.661,-1,-1,-1
315,42,36.94,645.00,41.85,132.03,0.608,-1,-1,-1
315,43,1184.52,529.44,23.58,53.49,0.604,-1,-1,-1
315,48,227.80,638.30,38.65,137.22,0.588,-1,-1,-1
315,50,59.61,649.96,40.01,119.36,0.655,-1,-1,-1
315,53,260.46,633.07,36.01,127.65,0.585,-1,-1,-1
315,54,1691.67,546.65,28.24,97.10,0.581,-1,-1,-1
315,56,1360.45,574.42,33.52,143.45,0.584,-1,-1,-1
315,57,1385.33,599.25,44.53,133.78,0.717,-1,-1,-1
316,42,34.56,645.52,42.04,132.74,0.652,-1,-1,-1
316,43,1188.19,529.46,23.89,54.34,0.628,-1,-1,-1
316,48,227.40,638.61,38.86,137.25,0.578,-1,-1,-1
316,50,58.38,650.29,40.23,120.55,0.660,-1,-1,-1
316,53,260.63,633.34,35.95,127.50,0.571,-1,-1,-1
316,54,1700.12,546.91,27.04,92.28,0.538,-1,-1,-1
316,56,1359.11,569.32,35.39,149.76,0.688,-1,-1,-1
316,57,1393.13,599.65,45.37,136.07,0.775,-1,-1,-1
317,42,32.51,646.34,42.15,133.06,0.664,-1,-1,-1
317,43,1191.64,529.30,24.30,55.42,0.624,-1,-1,-1
317,48,226.95,638.65,39.78,139.58,0.650,-1,-1,-1
317,50,56.80,650.46,40.62,122.17,0.690,-1,-1,-1
317,53,260.26,633.73,36.04,128.02,0.566,-1,-1,-1
317,54,1708.55,546.85,26.10,88.14,0.560,-1,-1,-1
317,56,1358.66,569.28,36.65,151.82,0.773,-1,-1,-1
317,57,1398.47,599.46,46.82,140.20,0.774,-1,-1,-1
318,42,30.59,647.77,42.17,133.02,0.695,-1,-1,-1
318,48,226.45,639.46,40.14,140.02,0.604,-1,-1,-1
318,50,55.96,651.89,40.19,120.96,0.716,-1,-1,-1
318,53,259.90,634.63,36.37,129.32,0.563,-1,-1,-1
318,54,1716.06,545.87,26.14,87.65,0.606,-1,-1,-1
318,56,1359.23,562.03,39.65,160.41,0.814,-1,-1,-1
318,57,1402.76,601.87,46.36,138.46,0.695,-1,-1,-1
319,42,27.74,648.99,42.18,133.58,0.692,-1,-1,-1
319,48,225.23,640.39,40.45,141.16,0.571,-1,-1,-1
319,50,54.15,653.10,40.43,121.54,0.680,-1,-1,-1
319,53,259.30,635.53,36.86,131.28,0.629,-1,-1,-1
319,54,1723.75,546.02,26.52,88.29,0.506,-1,-1,-1
319,56,1361.20,565.15,40.46,159.08,0.801,-1,-1,-1
319,57,1406.54,604.12,46.95,139.85,0.723,-1,-1,-1
319,58,1493.28,587.70,86.13,128.95,0.791,-1,-1,-1
320,42,27.01,649.13,42.94,134.43,0.753,-1,-1,-1
320,48,222.76,640.83,40.40,141.88,0.668,-1,-1,-1
320,50,52.37,653.70,40.62,122.02,0.736,-1,-1,-1
320,53,258.14,636.08,36.91,131.41,0.590,-1,-1,-1
320,54,1731.60,545.12,26.92,88.82,0.588,-1,-1,-1
320,56,1363.31,570.10,40.95,155.98,0.813,-1,-1,-1
320,57,1407.42,605.76,47.23,140.06,0.714,-1,-1,-1
320,58,1499.83,589.28,89.83,135.71,0.792,-1,-1,-1
321,42,25.24,648.93,43.78,135.96,0.715,-1,-1,-1
321,48,221.48,640.94,40.40,142.60,0.571,-1,-1,-1
321,50,50.68,653.99,40.90,122.57,0.722,-1,-1,-1
321,53,257.98,636.28,36.72,131.06,0.609,-1,-1,-1
321,56,1366.21,572.06,42.10,155.53,0.823,-1,-1,-1
321,57,1411.23,604.01,48.87,143.48,0.768,-1,-1,-1
321,58,1509.16,589.74,91.84,140.17,0.811,-1,-1,-1
322,42,21.99,649.57,43.97,136.50,0.679,-1,-1,-1
322,48,219.77,641.12,40.32,143.27,0.650,-1,-1,-1
322,50,48.03,654.47,41.17,123.52,0.728,-1,-1,-1
322,53,257.46,636.25,36.95,132.04,0.625,-1,-1,-1
322,54,1746.85,545.10,27.34,89.54,0.523,-1,-1,-1
322,56,1368.63,567.27,44.47,161.05,0.795,-1,-1,-1
322,57,1414.11,603.75,49.87,145.59,0.810,-1,-1,-1
322,58,1516.88,590.84,92.05,142.23,0.834,-1,-1,-1
323,42,17.86,650.15,43.85,136.89,0.692,-1,-1,-1
323,48,218.67,641.84,40.53,144.07,0.514,-1,-1,-1
323,50,45.59,655.04,41.08,123.61,0.712,-1,-1,-1
323,53,256.61,635.92,37.52,134.21,0.661,-1,-1,-1
323,56,1370.99,562.96,46.49,166.25,0.691,-1,-1,-1
323,57,1418.28,604.49,50.32,145.82,0.848,-1,-1,-1
323,58,1522.19,591.72,91.49,142.99,0.808,-1,-1,-1
324,42,13.77,648.65,43.50,137.20,0.716,-1,-1,-1
324,48,216.75,641.40,40.41,144.04,0.551,-1,-1,-1
324,50,42.95,653.48,41.53,124.83,0.729,-1,-1,-1
324,53,255.59,635.04,37.32,133.52,0.666,-1,-1,-1
324,56,1373.88,563.53,47.18,166.16,0.792,-1,-1,-1
324,57,1421.99,602.10,51.88,149.29,0.811,-1,-1,-1
324,58,1527.92,592.05,90.51,143.65,0.863,-1,-1,-1
325,42,13.21,648.58,44.08,138.21,0.732,-1,-1,-1
325,48,216.45,641.10,40.73,145.05,0.536,-1,-1,-1
325,50,40.08,652.87,41.81,125.49,0.719,-1,-1,-1
325,53,254.00,634.77,37.43,133.86,0.695,-1,-1,-1
325,54,1770.69,544.87,29.58,95.52,0.501,-1,-1,-1
325,56,1378.43,568.97,46.81,162.55,0.707,-1,-1,-1
325,57,1426.83,604.83,51.68,147.07,0.820,-1,-1,-1
325,58,1533.07,592.77,89.92,144.59,0.778,-1,-1,-1
326,42,10.70,648.33,44.66,138.84,0.750,-1,-1,-1
326,47,1451.76,533.54,31.17,84.79,0.620,-1,-1,-1
326,50,36.64,652.91,41.86,125.71,0.735,-1,-1,-1
326,53,252.50,634.90,37.53,134.23,0.699,-1,-1,-1
326,54,1775.60,544.58,30.97,99.85,0.529,-1,-1,-1
326,56,1381.60,575.72,45.46,156.64,0.789,-1,-1,-1
326,57,1429.04,603.86,52.51,149.02,0.699,-1,-1,-1
326,58,1535.88,591.93,89.37,146.11,0.747,-1,-1,-1
327,42,7.00,647.69,45.01,139.30,0.719,-1,-1,-1
327,47,1454.80,534.05,30.17,82.81,0.560,-1,-1,-1
327,50,33.65,652.35,42.26,127.12,0.716,-1,-1,-1
327,53,251.21,634.04,37.60,134.43,0.673,-1,-1,-1
327,56,1383.20,577.80,45.01,154.48,0.733,-1,-1,-1
327,57,1430.26,602.69,53.03,150.22,0.758,-1,-1,-1
327,58,1539.24,591.44,88.92,147.94,0.727,-1,-1,-1
328,42,4.01,649.52,45.35,138.89,0.772,-1,-1,-1
328,50,29.21,654.08,42.49,127.89,0.713,-1,-1,-1
328,53,249.19,634.86,37.60,134.13,0.595,-1,-1,-1
328,54,1789.44,543.27,34.97,111.84,0.529,-1,-1,-1
328,56,1382.07,578.91,44.99,154.54,0.763,-1,-1,-1
328,57,1429.96,602.08,53.83,152.35,0.728,-1,-1,-1
328,58,1543.12,590.61,88.59,150.31,0.746,-1,-1,-1
329,42,0.53,647.51,45.76,140.65,0.643,-1,-1,-1
329,47,1462.24,531.20,30.25,82.00,0.502,-1,-1,-1
329,50,25.25,652.98,42.48,127.80,0.696,-1,-1,-1
329,53,245.83,632.89,38.09,135.65,0.677,-1,-1,-1
329,56,1381.22,578.48,45.21,155.13,0.743,-1,-1,-1
329,57,1428.45,598.69,54.57,155.39,0.796,-1,-1,-1
329,58,1546.21,588.36,88.41,153.06,0.753,-1,-1,-1
330,42,-2.02,646.47,45.51,140.86,0.649,-1,-1,-1
330,50,20.86,651.93,42.71,128.38,0.715,-1,-1,-1
330,53,242.54,631.35,38.69,137.63,0.707,-1,-1,-1
330,56,1380.82,578.75,45.45,155.23,0.642,-1,-1,-1
330,57,1429.06,597.78,54.62,156.51,0.793,-1,-1,-1
330,58,1549.40,588.61,87.07,153.61,0.762,-1,-1,-1
331,42,-3.95,644.91,45.50,142.31,0.675,-1,-1,-1
331,47,1469.12,527.64,30.53,82.50,0.506,-1,-1,-1
331,50,16.23,651.50,42.77,128.60,0.723,-1,-1,-1
331,53,239.07,630.81,38.76,137.88,0.701,-1,-1,-1
331,56,1379.35,577.07,47.17,157.00,0.721,-1,-1,-1
331,57,1429.89,598.07,54.26,156.51,0.813,-1,-1,-1
331,58,1550.96,587.13,86.42,155.10,0.773,-1,-1,-1
332,42,-6.77,645.20,44.15,140.55,0.561,-1,-1,-1
332,50,10.71,649.49,43.14,129.80,0.736,-1,-1,-1
332,53,235.69,628.37,39.14,139.48,0.632,-1,-1,-1
332,56,1375.51,574.74,49.35,157.24,0.817,-1,-1,-1
332,57,1431.21,599.65,53.62,155.21,0.828,-1,-1,-1
332,58,1556.03,586.70,85.18,155.13,0.762,-1,-1,-1
333,42,-8.50,645.82,43.08,139.48,0.506,-1,-1,-1
333,50,5.04,649.41,43.07,129.72,0.730,-1,-1,-1
333,53,231.70,626.94,39.23,140.01,0.648,-1,-1,-1
333,54,1816.13,533.57,38.60,123.70,0.640,-1,-1,-1
333,56,1370.33,572.23,52.38,158.44,0.823,-1,-1,-1
333,57,1431.31,598.41,54.81,158.00,0.832,-1,-1,-1
333,58,1562.23,584.99,84.42,156.10,0.791,-1,-1,-1
334,50,0.53,647.99,43.19,130.33,0.731,-1,-1,-1
334,53,228.44,625.46,39.22,139.82,0.648,-1,-1,-1
334,54,1823.08,529.79,39.90,126.22,0.536,-1,-1,-1
334,56,1366.74,569.64,55.30,159.47,0.824,-1,-1,-1
334,57,1430.47,595.69,56.91,161.13,0.825,-1,-1,-1
334,58,1567.52,582.76,83.59,157.07,0.807,-1,-1,-1
335,48,198.68,633.53,42.09,149.74,0.506,-1,-1,-1
335,50,-3.87,647.17,43.24,132.91,0.799,-1,-1,-1
335,53,225.01,623.97,39.74,141.43,0.627,-1,-1,-1
335,56,1365.05,566.45,58.54,162.26,0.811,-1,-1,-1
335,57,1430.40,594.91,58.37,162.04,0.807,-1,-1,-1
335,58,1572.24,581.15,83.06,158.55,0.767,-1,-1,-1
336,50,-6.54,647.42,42.65,134.49,0.824,-1,-1,-1
336,53,220.36,623.33,40.18,142.86,0.655,-1,-1,-1
336,54,1835.38,524.08,41.00,127.96,0.660,-1,-1,-1
336,56,1363.59,564.97,60.26,162.16,0.803,-1,-1,-1
336,57,1431.76,591.86,60.49,165.18,0.792,-1,-1,-1
336,58,1574.53,580.83,81.57,158.47,0.708,-1,-1,-1
337,48,182.09,631.79,44.65,155.22,0.591,-1,-1,-1
337,50,-8.28,648.07,41.91,136.11,0.819,-1,-1,-1
337,53,216.32,623.28,40.98,145.61,0.639,-1,-1,-1
337,54,1839.49,523.20,41.62,129.06,0.641,-1,-1,-1
337,56,1362.80,563.90,62.26,164.28,0.791,-1,-1,-1
337,57,1435.85,595.58,61.63,164.63,0.855,-1,-1,-1
337,58,1576.02,583.48,79.86,158.26,0.692,-1,-1,-1
338,48,175.28,633.45,46.25,157.57,0.647,-1,-1,-1
338,50,-9.69,653.32,40.14,133.79,0.715,-1,-1,-1
338,53,211.60,625.51,41.13,146.20,0.654,-1,-1,-1
338,54,1844.18,521.06,41.32,128.58,0.708,-1,-1,-1
338,56,1365.01,564.22,63.30,164.16,0.806,-1,-1,-1
338,57,1440.16,597.23,62.14,164.39,0.842,-1,-1,-1
338,58,1577.43,581.00,79.39,161.52,0.756,-1,-1,-1
339,48,170.03,636.24,47.12,158.91,0.560,-1,-1,-1
339,53,207.31,628.57,40.87,145.24,0.685,-1,-1,-1
339,54,1848.12,521.56,41.19,128.15,0.747,-1,-1,-1
339,56,1366.61,567.91,64.05,163.33,0.836,-1,-1,-1
339,57,1441.62,600.10,63.16,165.80,0.831,-1,-1,-1
339,58,1579.77,578.97,79.33,165.34,0.696,-1,-1,-1
339,59,1418.58,560.44,49.41,171.01,0.705,-1,-1,-1
340,47,1495.15,513.89,28.42,76.45,0.555,-1,-1,-1
340,48,165.10,637.85,48.34,161.02,0.636,-1,-1,-1
340,53,202.91,631.19,41.39,147.27,0.682,-1,-1,-1
340,54,1854.02,520.86,41.33,128.65,0.586,-1,-1,-1
340,56,1368.70,568.76,65.03,164.13,0.821,-1,-1,-1
340,57,1444.44,601.81,64.50,167.02,0.850,-1,-1,-1
340,58,1582.57,577.91,79.04,167.54,0.543,-1,-1,-1
340,59,1417.23,559.85,49.65,172.41,0.667,-1,-1,-1
341,47,1496.62,515.70,30.07,80.78,0.565,-1,-1,-1
341,48,159.67,640.27,49.31,162.93,0.702,-1,-1,-1
341,53,198.32,634.86,41.43,146.82,0.692,-1,-1,-1
341,54,1857.86,522.35,41.91,130.51,0.738,-1,-1,-1
341,56,1368.83,571.65,65.24,164.97,0.801,-1,-1,-1
341,57,1445.55,605.09,65.87,168.86,0.828,-1,-1,-1
341,58,1585.87,580.28,78.69,169.35,0.549,-1,-1,-1
341,59,1415.77,562.11,49.21,171.30,0.526,-1,-1,-1
341,60,1346.05,521.47,46.17,73.33,0.560,-1,-1,-1
342,47,1499.00,516.30,30.32,81.51,0.526,-1,-1,-1
342,48,154.71,641.89,50.02,163.41,0.522,-1,-1,-1
342,53,193.80,637.38,41.66,147.64,0.679,-1,-1,-1
342,54,1862.69,523.95,42.23,131.29,0.751,-1,-1,-1
342,56,1368.60,572.78,66.14,167.95,0.701,-1,-1,-1
342,57,1447.02,609.92,66.20,168.70,0.832,-1,-1,-1
342,59,1412.36,564.26,51.43,179.00,0.606,-1,-1,-1
343,47,1501.51,517.92,30.85,82.94,0.501,-1,-1,-1
343,48,149.00,646.59,51.09,165.30,0.714,-1,-1,-1
343,53,189.57,641.80,42.01,148.33,0.696,-1,-1,-1
343,54,1868.07,526.95,42.66,132.20,0.761,-1,-1,-1
343,56,1366.27,576.18,65.54,168.65,0.524,-1,-1,-1
343,57,1446.83,614.55,66.94,170.04,0.823,-1,-1,-1
343,59,1410.29,567.68,53.29,185.22,0.754,-1,-1,-1
343,60,1329.46,524.88,83.62,133.66,0.596,-1,-1,-1
344,47,1503.68,520.76,30.87,82.82,0.532,-1,-1,-1
344,53,184.32,645.60,42.25,149.70,0.698,-1,-1,-1
344,54,1872.81,529.76,43.25,133.88,0.756,-1,-1,-1
344,57,1444.65,616.48,68.50,174.09,0.816,-1,-1,-1
344,58,1582.92,595.11,80.63,172.40,0.709,-1,-1,-1
344,59,1408.22,572.68,54.00,187.85,0.661,-1,-1,-1
344,60,1325.38,526.08,93.73,150.88,0.531,-1,-1,-1
345,48,136.54,656.19,52.81,169.48,0.676,-1,-1,-1
345,53,179.25,651.68,42.62,150.76,0.670,-1,-1,-1
345,54,1877.18,534.31,43.58,134.95,0.749,-1,-1,-1
345,56,1364.13,586.15,65.13,169.50,0.528,-1,-1,-1
345,57,1442.37,620.86,69.15,177.39,0.807,-1,-1,-1
345,58,1582.01,599.94,82.98,176.04,0.727,-1,-1,-1
345,59,1405.23,577.56,54.84,189.81,0.640,-1,-1,-1
345,61,1449.05,535.14,39.32,52.96,0.698,-1,-1,-1
346,47,1508.33,528.53,30.44,81.38,0.605,-1,-1,-1
346,53,173.00,657.24,42.75,151.58,0.690,-1,-1,-1
346,54,1880.36,538.66,43.28,135.04,0.788,-1,-1,-1
346,56,1358.42,590.06,65.11,172.56,0.789,-1,-1,-1
346,57,1442.22,626.81,68.83,178.36,0.823,-1,-1,-1
346,58,1582.38,601.21,86.36,182.24,0.731,-1,-1,-1
346,59,1400.67,585.67,54.93,187.77,0.803,-1,-1,-1
346,61,1450.16,538.88,39.66,53.33,0.718,-1,-1,-1
347,47,1510.21,532.86,30.31,80.36,0.600,-1,-1,-1
347,48,125.14,666.96,53.16,169.91,0.564,-1,-1,-1
347,53,168.09,662.20,42.89,151.80,0.684,-1,-1,-1
347,54,1883.23,542.38,42.89,135.90,0.765,-1,-1,-1
347,56,1355.33,593.87,64.46,173.43,0.827,-1,-1,-1
347,57,1443.40,631.58,68.99,181.45,0.839,-1,-1,-1
347,58,1584.40,605.92,87.77,183.97,0.747,-1,-1,-1
347,59,1395.87,593.03,55.01,184.33,0.810,-1,-1,-1
347,61,1451.34,542.45,39.58,53.19,0.706,-1,-1,-1
348,47,1512.61,534.75,30.26,80.39,0.548,-1,-1,-1
348,48,120.78,671.28,52.66,168.58,0.535,-1,-1,-1
348,53,162.97,665.07,43.01,151.94,0.707,-1,-1,-1
348,54,1886.20,544.67,42.04,135.96,0.726,-1,-1,-1
348,56,1351.77,596.88,63.89,173.10,0.844,-1,-1,-1
348,57,1444.21,634.33,69.57,185.24,0.825,-1,-1,-1
348,58,1588.35,613.24,87.25,181.77,0.791,-1,-1,-1
348,59,1394.45,595.94,56.55,186.22,0.814,-1,-1,-1
348,61,1452.50,544.20,39.77,53.46,0.687,-1,-1,-1
349,47,1515.30,536.58,29.83,79.28,0.595,-1,-1,-1
349,48,113.13,673.94,53.87,171.12,0.714,-1,-1,-1
349,53,157.87,668.10,43.40,153.75,0.686,-1,-1,-1
349,54,1888.90,546.50,40.91,135.83,0.729,-1,-1,-1
349,56,1349.15,602.74,62.90,169.97,0.806,-1,-1,-1
349,57,1443.56,639.08,69.85,186.91,0.831,-1,-1,-1
349,58,1592.77,617.62,87.81,182.13,0.698,-1,-1,-1
349,59,1392.84,597.15,58.00,188.94,0.756,-1,-1,-1
349,61,1453.24,545.54,39.94,53.83,0.675,-1,-1,-1
349,62,1351.93,541.37,49.39,82.90,0.575,-1,-1,-1
350,47,1517.93,539.11,29.49,77.98,0.545,-1,-1,-1
350,48,106.79,675.98,54.49,172.22,0.605,-1,-1,-1
350,53,151.85,669.92,43.47,154.38,0.705,-1,-1,-1
350,56,1347.92,607.49,62.33,168.31,0.760,-1,-1,-1
350,57,1442.77,642.99,70.23,188.03,0.845,-1,-1,-1
350,58,1587.62,620.24,86.53,183.24,0.643,-1,-1,-1
350,59,1391.83,600.20,58.41,189.08,0.763,-1,-1,-1
350,61,1453.04,546.25,40.63,54.96,0.610,-1,-1,-1
350,62,1353.30,542.92,50.11,84.16,0.523,-1,-1,-1
351,47,1520.60,540.34,29.43,77.68,0.556,-1,-1,-1
351,53,147.31,671.68,43.40,154.35,0.701,-1,-1,-1
351,56,1348.59,609.37,62.39,168.59,0.794,-1,-1,-1
351,57,1438.27,645.45,72.92,189.89,0.809,-1,-1,-1
351,58,1581.20,619.23,87.00,187.10,0.760,-1,-1,-1
351,59,1390.99,602.04,58.74,190.62,0.670,-1,-1,-1
351,61,1453.70,547.63,40.17,54.56,0.569,-1,-1,-1
351,62,1355.84,543.14,48.74,81.83,0.511,-1,-1,-1
352,47,1522.64,542.03,29.38,76.97,0.532,-1,-1,-1
352,53,141.97,672.39,43.83,156.00,0.750,-1,-1,-1
352,56,1349.27,610.83,63.38,171.29,0.788,-1,-1,-1
352,57,1435.41,648.88,75.28,192.39,0.838,-1,-1,-1
352,58,1582.24,619.62,87.29,191.06,0.799,-1,-1,-1
352,59,1391.71,603.70,58.85,192.72,0.823,-1,-1,-1
352,61,1454.99,549.97,39.65,54.21,0.680,-1,-1,-1
352,62,1358.45,545.28,46.65,78.25,0.504,-1,-1,-1
353,48,96.67,680.37,53.89,172.95,0.564,-1,-1,-1
353,53,137.20,673.01,44.26,157.46,0.683,-1,-1,-1
353,56,1349.98,609.63,64.80,175.69,0.782,-1,-1,-1
353,57,1439.85,651.85,76.10,194.17,0.718,-1,-1,-1
353,58,1581.84,619.83,87.75,193.97,0.713,-1,-1,-1
353,59,1392.36,604.18,58.88,194.99,0.820,-1,-1,-1
353,61,1455.62,551.45,39.34,54.12,0.614,-1,-1,-1
353,63,1487.63,543.44,29.23,61.80,0.587,-1,-1,-1
354,53,131.91,673.99,44.14,157.08,0.691,-1,-1,-1
354,56,1349.41,610.40,65.06,178.18,0.769,-1,-1,-1
354,57,1445.51,655.57,76.42,195.42,0.790,-1,-1,-1
354,58,1578.68,621.69,87.62,197.21,0.796,-1,-1,-1
354,59,1392.17,605.10,59.22,198.19,0.821,-1,-1,-1
354,61,1456.31,553.09,39.28,54.39,0.609,-1,-1,-1
354,63,1485.15,547.03,28.31,59.82,0.509,-1,-1,-1
355,47,1530.56,547.06,29.54,77.16,0.521,-1,-1,-1
355,48,88.67,688.08,51.02,165.54,0.600,-1,-1,-1
355,53,126.35,673.87,44.54,158.80,0.708,-1,-1,-1
355,56,1350.57,612.93,64.70,177.46,0.729,-1,-1,-1
355,57,1443.31,659.29,77.70,196.44,0.502,-1,-1,-1
355,58,1577.47,624.69,87.36,199.11,0.652,-1,-1,-1
355,59,1390.46,606.09,59.94,200.81,0.821,-1,-1,-1
355,63,1485.44,550.16,27.81,58.68,0.649,-1,-1,-1
356,47,1532.69,548.21,30.22,78.80,0.533,-1,-1,-1
356,48,83.03,686.56,51.42,168.67,0.522,-1,-1,-1
356,53,120.69,674.64,45.04,160.66,0.683,-1,-1,-1
356,56,1350.97,615.90,63.56,174.46,0.666,-1,-1,-1
356,58,1578.19,628.69,87.20,201.10,0.636,-1,-1,-1
356,59,1388.33,606.64,60.85,203.45,0.755,-1,-1,-1
356,63,1485.47,551.43,27.96,58.94,0.658,-1,-1,-1
357,47,1534.43,550.85,30.62,79.20,0.561,-1,-1,-1
357,48,76.65,686.57,51.60,171.72,0.661,-1,-1,-1
357,53,113.90,674.85,45.66,162.40,0.732,-1,-1,-1
357,56,1349.02,617.42,62.45,172.60,0.508,-1,-1,-1
357,57,1451.66,665.35,78.43,200.64,0.826,-1,-1,-1
357,58,1580.70,638.01,85.54,198.06,0.817,-1,-1,-1
357,59,1383.62,607.21,62.73,207.02,0.828,-1,-1,-1
357,62,1357.86,549.63,59.73,100.64,0.544,-1,-1,-1
357,63,1486.69,553.00,28.48,60.06,0.670,-1,-1,-1
357,64,56.00,709.42,41.91,154.10,0.515,-1,-1,-1
358,47,1536.12,551.82,30.83,79.61,0.536,-1,-1,-1
358,48,70.74,687.10,51.36,173.28,0.630,-1,-1,-1
358,53,107.57,675.72,45.92,163.88,0.714,-1,-1,-1
358,57,1452.43,667.44,77.62,201.00,0.774,-1,-1,-1
358,58,1580.73,642.36,85.31,196.96,0.856,-1,-1,-1
358,59,1380.47,606.94,64.89,210.55,0.832,-1,-1,-1
358,62,1358.57,551.38,60.00,101.47,0.521,-1,-1,-1
358,63,1487.77,554.36,28.33,59.73,0.628,-1,-1,-1
358,64,48.82,711.45,42.19,155.00,0.505,-1,-1,-1
358,65,1508.83,550.46,26.13,64.82,0.520,-1,-1,-1
359,47,1538.01,554.08,30.76,79.25,0.516,-1,-1,-1
359,48,65.12,688.38,50.87,173.33,0.595,-1,-1,-1
359,53,101.51,678.00,46.04,164.23,0.754,-1,-1,-1
359,56,1342.64,615.29,63.25,177.98,0.788,-1,-1,-1
359,57,1450.60,671.06,76.43,200.93,0.778,-1,-1,-1
359,58,1581.79,643.73,87.14,201.31,0.838,-1,-1,-1
359,59,1380.02,613.29,65.53,208.15,0.822,-1,-1,-1
359,62,1360.51,556.03,58.10,98.82,0.625,-1,-1,-1
359,63,1489.68,555.68,28.81,60.54,0.634,-1,-1,-1
359,64,43.03,714.14,42.41,155.98,0.563,-1,-1,-1
359,65,1510.20,551.79,26.40,65.46,0.541,-1,-1,-1
360,47,1540.10,556.22,30.75,78.97,0.532,-1,-1,-1
360,48,56.85,689.35,51.12,176.09,0.665,-1,-1,-1
360,53,95.04,679.38,46.39,165.43,0.718,-1,-1,-1
360,56,1338.73,614.01,64.05,183.32,0.755,-1,-1,-1
360,57,1449.94,674.91,76.19,203.19,0.804,-1,-1,-1
360,58,1583.02,649.78,87.29,201.20,0.878,-1,-1,-1
360,59,1377.85,619.26,67.11,206.56,0.866,-1,-1,-1
360,63,1490.93,557.70,29.26,61.30,0.601,-1,-1,-1
361,47,1541.87,557.23,30.47,77.89,0.540,-1,-1,-1
361,48,49.44,690.96,51.19,177.97,0.617,-1,-1,-1
361,53,88.50,681.20,46.60,166.12,0.726,-1,-1,-1
361,56,1335.61,613.83,66.03,192.55,0.802,-1,-1,-1
361,57,1450.99,677.40,76.74,207.63,0.831,-1,-1,-1
361,58,1583.64,652.85,88.66,204.05,0.874,-1,-1,-1
361,59,1376.92,622.27,69.21,207.50,0.862,-1,-1,-1
361,62,1363.39,560.18,57.48,98.79,0.569,-1,-1,-1
361,63,1492.11,558.24,29.96,62.68,0.577,-1,-1,-1
362,47,1543.71,560.48,30.37,77.29,0.530,-1,-1,-1
362,48,41.74,692.02,51.34,180.03,0.639,-1,-1,-1
362,53,81.23,682.67,47.13,167.97,0.724,-1,-1,-1
362,56,1334.62,618.66,65.97,195.26,0.815,-1,-1,-1
362,57,1452.54,680.23,77.32,211.37,0.827,-1,-1,-1
362,58,1583.85,657.15,89.57,206.36,0.826,-1,-1,-1
362,59,1375.56,627.99,71.24,206.92,0.867,-1,-1,-1
362,62,1365.18,563.45,55.44,95.85,0.599,-1,-1,-1
362,63,1494.57,562.09,30.00,62.59,0.552,-1,-1,-1
363,47,1545.12,561.76,30.50,77.16,0.500,-1,-1,-1
363,48,35.11,696.03,51.12,180.73,0.638,-1,-1,-1
363,53,74.26,686.46,47.40,169.18,0.755,-1,-1,-1
363,56,1333.80,620.99,64.73,194.14,0.779,-1,-1,-1
363,57,1453.58,682.76,77.42,213.30,0.846,-1,-1,-1
363,58,1583.08,659.07,89.92,208.55,0.826,-1,-1,-1
363,59,1375.04,630.24,73.71,208.34,0.860,-1,-1,-1
363,62,1368.53,564.93,49.58,85.40,0.631,-1,-1,-1
363,63,1496.36,564.85,29.86,62.13,0.529,-1,-1,-1
363,64,9.24,724.88,44.45,162.85,0.636,-1,-1,-1
363,65,1517.87,559.94,27.16,67.30,0.504,-1,-1,-1
364,47,1546.41,564.92,31.05,78.12,0.645,-1,-1,-1
364,48,27.58,699.33,50.38,180.11,0.732,-1,-1,-1
364,53,67.03,686.73,48.14,171.52,0.784,-1,-1,-1
364,56,1334.01,626.57,60.67,182.50,0.772,-1,-1,-1
364,57,1450.87,686.93,79.21,217.96,0.865,-1,-1,-1
364,58,1580.57,661.59,90.65,212.76,0.837,-1,-1,-1
364,59,1373.94,636.61,75.23,208.26,0.849,-1,-1,-1
364,62,1370.51,568.99,45.00,76.90,0.621,-1,-1,-1
364,63,1498.35,568.58,29.92,61.87,0.592,-1,-1,-1
364,64,1.46,724.97,44.78,164.03,0.629,-1,-1,-1
364,65,1519.06,563.51,27.83,68.86,0.592,-1,-1,-1
365,47,1548.19,566.99,31.64,79.22,0.629,-1,-1,-1
365,48,20.65,702.38,50.47,182.06,0.660,-1,-1,-1
365,53,60.90,691.07,48.55,172.18,0.744,-1,-1,-1
365,56,1333.09,631.63,60.92,184.21,0.759,-1,-1,-1
365,57,1449.54,696.10,79.24,216.11,0.869,-1,-1,-1
365,58,1577.33,661.89,91.78,218.57,0.826,-1,-1,-1
365,59,1373.29,638.73,76.91,210.72,0.848,-1,-1,-1
365,61,1453.53,577.00,41.58,58.17,0.590,-1,-1,-1
365,62,1371.44,572.80,43.02,72.83,0.671,-1,-1,-1
365,63,1500.52,571.24,30.44,62.44,0.617,-1,-1,-1
365,64,-4.01,730.45,44.25,163.15,0.735,-1,-1,-1
366,47,1550.11,569.16,31.68,78.84,0.616,-1,-1,-1
366,48,13.19,703.87,51.15,186.01,0.717,-1,-1,-1
366,53,53.47,694.21,48.94,173.34,0.755,-1,-1,-1
366,56,1333.85,636.33,56.40,169.96,0.785,-1,-1,-1
366,57,1448.78,700.04,80.91,219.26,0.863,-1,-1,-1
366,58,1573.25,662.58,91.98,223.29,0.798,-1,-1,-1
366,59,1372.72,641.27,77.76,212.58,0.818,-1,-1,-1
366,61,1453.70,579.63,41.24,58.21,0.515,-1,-1,-1
366,62,1372.48,575.45,42.36,71.20,0.700,-1,-1,-1
366,63,1501.54,573.63,30.89,63.13,0.621,-1,-1,-1
366,64,-8.68,732.40,44.82,167.94,0.764,-1,-1,-1
366,65,1522.20,568.20,27.96,69.13,0.514,-1,-1,-1
367,47,1551.70,570.89,32.07,79.55,0.616,-1,-1,-1
367,48,5.39,708.04,51.46,188.30,0.656,-1,-1,-1
367,53,46.78,698.82,49.00,173.59,0.712,-1,-1,-1
367,56,1333.14,640.87,56.52,170.32,0.678,-1,-1,-1
367,57,1449.30,702.42,83.05,224.49,0.860,-1,-1,-1
367,58,1570.46,666.41,91.11,225.93,0.859,-1,-1,-1
367,59,1370.71,643.58,77.27,213.31,0.753,-1,-1,-1
367,62,1372.45,577.47,43.14,72.03,0.712,-1,-1,-1
367,63,1502.54,574.79,31.45,64.34,0.536,-1,-1,-1
367,64,-13.27,734.96,44.94,171.06,0.563,-1,-1,-1
367,65,1524.03,570.31,28.33,69.77,0.581,-1,-1,-1
367,66,1656.84,608.43,51.48,129.79,0.514,-1,-1,-1
368,47,1553.37,574.45,31.93,78.75,0.616,-1,-1,-1
368,48,-1.76,711.74,51.35,189.49,0.661,-1,-1,-1
368,53,39.77,703.31,49.12,173.85,0.711,-1,-1,-1
368,57,1451.11,706.14,84.57,228.31,0.849,-1,-1,-1
368,58,1569.77,670.88,90.10,226.87,0.846,-1,-1,-1
368,59,1368.26,645.85,76.26,213.72,0.749,-1,-1,-1
368,62,1373.30,579.55,43.06,71.38,0.689,-1,-1,-1
368,63,1504.53,577.25,31.80,64.71,0.608,-1,-1,-1
368,65,1525.99,572.88,28.79,70.74,0.524,-1,-1,-1
368,66,1662.47,606.85,54.67,138.06,0.696,-1,-1,-1
369,47,1555.10,576.39,31.74,78.09,0.566,-1,-1,-1
369,48,-7.14,715.77,50.88,191.25,0.704,-1,-1,-1
369,53,32.39,707.89,49.39,174.62,0.689,-1,-1,-1
369,56,1336.95,645.95,67.85,199.64,0.741,-1,-1,-1
369,57,1454.07,713.56,83.92,226.95,0.838,-1,-1,-1
369,58,1566.88,673.07,90.75,228.92,0.873,-1,-1,-1
369,59,1366.94,646.78,72.23,204.71,0.705,-1,-1,-1
369,62,1374.17,580.79,43.06,71.21,0.662,-1,-1,-1
369,63,1506.07,578.28,32.14,65.51,0.611,-1,-1,-1
369,65,1528.40,573.87,29.23,71.86,0.567,-1,-1,-1
369,66,1667.42,608.47,55.55,140.54,0.686,-1,-1,-1
370,47,1557.33,578.64,31.31,76.48,0.628,-1,-1,-1
370,48,-11.53,720.22,49.61,190.98,0.630,-1,-1,-1
370,53,24.57,712.89,49.88,175.24,0.741,-1,-1,-1
370,56,1334.94,648.22,66.64,193.30,0.640,-1,-1,-1
370,57,1456.73,719.38,84.02,227.56,0.840,-1,-1,-1
370,58,1561.50,674.88,93.00,231.70,0.875,-1,-1,-1
370,59,1361.49,649.24,74.00,213.29,0.791,-1,-1,-1
370,62,1374.15,582.34,45.87,76.03,0.564,-1,-1,-1
370,63,1508.11,580.03,32.25,65.62,0.574,-1,-1,-1
370,65,1530.45,575.35,29.60,72.66,0.632,-1,-1,-1
370,66,1672.89,603.91,58.40,147.91,0.669,-1,-1,-1
371,47,1558.76,579.65,31.30,75.93,0.644,-1,-1,-1
371,48,-14.50,724.61,47.69,190.96,0.727,-1,-1,-1
371,53,17.61,716.63,50.68,177.19,0.765,-1,-1,-1
371,57,1458.47,723.43,83.80,227.35,0.835,-1,-1,-1
371,58,1557.67,676.74,95.45,233.16,0.899,-1,-1,-1
371,59,1359.21,650.99,74.15,216.74,0.810,-1,-1,-1
371,62,1372.15,583.17,51.71,86.63,0.655,-1,-1,-1
371,63,1509.48,580.90,32.43,65.98,0.625,-1,-1,-1
371,65,1532.14,576.20,29.72,72.84,0.623,-1,-1,-1
371,66,1676.43,601.18,60.20,152.97,0.754,-1,-1,-1
372,47,1559.39,579.44,31.86,76.84,0.633,-1,-1,-1
372,48,-17.14,728.72,44.99,185.09,0.501,-1,-1,-1
372,53,9.81,719.39,51.50,179.33,0.739,-1,-1,-1
372,56,1325.52,651.76,61.27,179.22,0.672,-1,-1,-1
372,57,1459.16,726.35,84.25,229.40,0.821,-1,-1,-1
372,58,1556.17,680.20,97.93,233.73,0.904,-1,-1,-1
372,59,1357.68,653.24,73.82,218.49,0.808,-1,-1,-1
372,62,1371.95,584.30,54.17,91.78,0.672,-1,-1,-1
372,63,1510.53,580.53,32.90,67.00,0.664,-1,-1,-1
372,65,1533.48,576.63,29.81,72.98,0.566,-1,-1,-1
372,66,1679.24,600.70,60.92,155.34,0.662,-1,-1,-1
373,47,1560.25,578.93,32.09,77.08,0.621,-1,-1,-1
373,53,1.84,725.54,52.07,180.81,0.821,-1,-1,-1
373,56,1321.32,651.66,58.18,171.83,0.787,-1,-1,-1
373,57,1459.92,727.50,84.73,231.91,0.823,-1,-1,-1
373,58,1555.69,682.19,100.70,234.68,0.911,-1,-1,-1
373,59,1358.08,655.22,73.32,218.37,0.827,-1,-1,-1
373,62,1372.25,584.57,55.89,95.87,0.700,-1,-1,-1
373,63,1512.46,580.43,33.35,67.61,0.664,-1,-1,-1
373,65,1534.71,576.49,29.94,73.19,0.557,-1,-1,-1
373,66,1686.41,604.01,59.67,152.33,0.526,-1,-1,-1
374,47,1560.97,578.68,32.26,77.33,0.607,-1,-1,-1
374,53,-3.67,728.51,51.95,181.95,0.794,-1,-1,-1
374,56,1319.40,651.57,55.78,166.70,0.741,-1,-1,-1
374,57,1458.73,728.15,85.05,235.22,0.835,-1,-1,-1
374,58,1556.22,687.43,101.78,232.25,0.899,-1,-1,-1
374,59,1357.51,656.92,73.14,218.78,0.824,-1,-1,-1
374,61,1454.64,584.51,45.32,64.61,0.538,-1,-1,-1
374,62,1372.24,583.75,56.50,98.22,0.696,-1,-1,-1
374,63,1513.80,579.96,33.87,68.25,0.693,-1,-1,-1
374,65,1535.57,575.76,30.25,73.62,0.588,-1,-1,-1
374,66,1690.84,606.31,58.69,150.48,0.562,-1,-1,-1
375,47,1561.45,576.71,32.77,78.49,0.594,-1,-1,-1
375,53,-7.86,731.57,51.67,184.58,0.809,-1,-1,-1
375,56,1318.47,651.25,54.03,163.47,0.649,-1,-1,-1
375,57,1457.20,728.26,85.56,238.57,0.822,-1,-1,-1
375,58,1556.54,691.17,103.05,231.33,0.873,-1,-1,-1
375,59,1355.95,657.24,73.76,220.67,0.827,-1,-1,-1
375,61,1454.18,582.78,46.18,66.50,0.563,-1,-1,-1
375,62,1372.04,582.46,56.78,100.01,0.672,-1,-1,-1
375,63,1514.60,578.95,34.13,68.28,0.695,-1,-1,-1
375,65,1535.70,574.76,30.20,73.38,0.559,-1,-1,-1
375,66,1695.17,607.11,57.78,149.01,0.641,-1,-1,-1
376,47,1561.88,574.63,33.25,79.50,0.610,-1,-1,-1
376,53,-12.44,733.80,50.42,186.99,0.815,-1,-1,-1
376,56,1317.16,650.68,52.87,161.76,0.510,-1,-1,-1
376,57,1455.61,729.23,85.88,240.52,0.847,-1,-1,-1
376,58,1556.00,692.64,103.99,231.84,0.878,-1,-1,-1
376,59,1355.03,657.60,74.35,222.49,0.845,-1,-1,-1
376,61,1454.34,581.40,46.20,67.21,0.526,-1,-1,-1
376,62,1372.21,581.18,56.57,100.64,0.575,-1,-1,-1
376,63,1514.91,577.36,34.48,68.81,0.682,-1,-1,-1
376,65,1535.87,573.54,30.01,72.98,0.544,-1,-1,-1
376,66,1699.41,607.16,57.60,149.19,0.507,-1,-1,-1
377,47,1561.73,570.88,34.12,81.37,0.596,-1,-1,-1
377,57,1454.81,729.69,86.44,242.88,0.854,-1,-1,-1
377,58,1553.28,692.46,104.31,233.06,0.820,-1,-1,-1
377,59,1353.04,656.70,74.89,223.51,0.859,-1,-1,-1
377,61,1454.19,580.10,45.53,66.84,0.546,-1,-1,-1
377,62,1373.07,579.77,55.95,100.77,0.579,-1,-1,-1
377,63,1514.88,575.30,34.83,69.10,0.706,-1,-1,-1
377,65,1535.25,571.41,30.04,73.17,0.509,-1,-1,-1
378,47,1561.17,568.48,34.74,82.35,0.652,-1,-1,-1
378,57,1454.07,730.74,87.74,247.63,0.857,-1,-1,-1
378,58,1548.14,692.25,104.63,235.74,0.855,-1,-1,-1
378,59,1350.25,656.12,76.06,225.63,0.847,-1,-1,-1
378,61,1453.18,579.20,45.26,66.92,0.553,-1,-1,-1
378,62,1373.32,578.00,55.59,101.52,0.619,-1,-1,-1
378,63,1514.68,573.71,35.34,69.65,0.732,-1,-1,-1
379,47,1560.89,567.15,35.23,83.20,0.615,-1,-1,-1
379,56,1305.00,646.78,46.54,140.60,0.584,-1,-1,-1
379,57,1453.00,731.46,89.20,252.92,0.844,-1,-1,-1
379,58,1543.35,692.90,104.68,237.53,0.711,-1,-1,-1
379,59,1346.15,655.12,76.99,227.18,0.818,-1,-1,-1
379,62,1372.57,576.34,55.24,102.06,0.578,-1,-1,-1
379,63,1513.86,571.68,36.09,70.94,0.711,-1,-1,-1
379,66,1709.90,610.61,56.65,147.62,0.520,-1,-1,-1
379,67,1497.71,574.16,25.72,68.03,0.580,-1,-1,-1
380,47,1560.53,566.18,35.22,83.01,0.602,-1,-1,-1
380,56,1290.72,644.54,60.82,186.76,0.640,-1,-1,-1
380,57,1451.71,730.89,90.71,258.44,0.854,-1,-1,-1
380,58,1532.54,692.84,103.36,238.56,0.845,-1,-1,-1
380,59,1340.99,653.53,77.69,228.88,0.815,-1,-1,-1
380,63,1512.99,570.14,36.44,71.42,0.693,-1,-1,-1
380,65,1534.12,567.93,29.97,73.20,0.526,-1,-1,-1
380,67,1496.65,571.77,26.24,69.35,0.525,-1,-1,-1
381,47,1559.44,563.96,36.00,84.83,0.537,-1,-1,-1
381,56,1282.17,643.38,65.06,202.26,0.722,-1,-1,-1
381,57,1449.59,732.39,91.70,262.54,0.833,-1,-1,-1
381,58,1522.35,692.43,102.64,242.26,0.812,-1,-1,-1
381,59,1334.14,652.36,78.04,229.87,0.839,-1,-1,-1
381,62,1370.38,571.94,54.98,103.31,0.613,-1,-1,-1
381,63,1512.23,568.52,36.71,71.66,0.658,-1,-1,-1
381,67,1494.34,569.68,26.51,70.09,0.565,-1,-1,-1
382,47,1557.99,563.00,36.33,85.31,0.658,-1,-1,-1
382,56,1274.33,643.65,67.43,209.73,0.742,-1,-1,-1
382,57,1447.86,735.32,92.03,264.61,0.794,-1,-1,-1
382,58,1514.97,691.67,102.35,246.62,0.815,-1,-1,-1
382,59,1327.39,651.29,77.70,230.18,0.697,-1,-1,-1
382,62,1368.89,569.73,54.36,103.45,0.567,-1,-1,-1
382,63,1510.45,567.14,37.02,72.09,0.660,-1,-1,-1
382,65,1531.18,564.74,30.37,74.57,0.564,-1,-1,-1
382,67,1492.32,569.03,26.37,69.73,0.646,-1,-1,-1
383,47,1556.71,564.66,35.36,82.33,0.680,-1,-1,-1
383,56,1268.01,643.67,69.24,213.83,0.625,-1,-1,-1
383,57,1445.03,736.71,92.57,267.78,0.828,-1,-1,-1
383,58,1509.63,692.88,101.72,249.30,0.839,-1,-1,-1
383,59,1320.62,649.52,68.83,206.44,0.804,-1,-1,-1
383,62,1367.21,568.44,53.28,102.93,0.519,-1,-1,-1
383,63,1508.50,565.54,37.29,72.43,0.676,-1,-1,-1
383,65,1529.55,562.84,30.61,75.43,0.518,-1,-1,-1
383,67,1489.68,567.26,26.67,70.63,0.605,-1,-1,-1
384,47,1554.68,563.33,35.63,82.28,0.684,-1,-1,-1
384,56,1257.59,643.82,69.72,217.11,0.515,-1,-1,-1
384,57,1441.06,739.19,93.28,271.49,0.840,-1,-1,-1
384,58,1503.34,694.94,101.37,249.93,0.875,-1,-1,-1
384,59,1314.87,648.50,64.73,196.98,0.783,-1,-1,-1
384,62,1364.37,566.30,52.96,103.93,0.563,-1,-1,-1
384,63,1505.96,563.61,37.60,73.24,0.680,-1,-1,-1
384,65,1527.77,561.14,30.74,76.13,0.561,-1,-1,-1
384,67,1487.50,565.58,26.89,71.33,0.616,-1,-1,-1
385,47,1552.95,562.58,35.76,82.11,0.556,-1,-1,-1
385,56,1247.52,644.86,69.03,217.91,0.738,-1,-1,-1
385,57,1437.18,742.26,93.59,273.64,0.819,-1,-1,-1
385,58,1498.50,698.33,101.45,250.17,0.863,-1,-1,-1
385,59,1309.52,648.23,62.73,193.74,0.789,-1,-1,-1
385,62,1361.84,565.09,51.86,103.34,0.530,-1,-1,-1
385,63,1504.20,562.27,38.04,74.11,0.682,-1,-1,-1
385,67,1485.60,565.57,26.78,71.10,0.585,-1,-1,-1
386,47,1551.01,562.42,36.37,83.27,0.511,-1,-1,-1
386,56,1241.06,645.84,68.55,218.79,0.821,-1,-1,-1
386,57,1431.90,745.92,94.00,275.71,0.825,-1,-1,-1
386,58,1495.64,701.56,102.01,251.05,0.870,-1,-1,-1
386,59,1304.69,648.43,61.66,192.41,0.572,-1,-1,-1
386,63,1501.93,561.70,38.66,75.24,0.713,-1,-1,-1
386,67,1483.50,565.17,26.98,71.68,0.639,-1,-1,-1
387,47,1548.38,561.43,36.61,83.46,0.568,-1,-1,-1
387,56,1236.23,645.22,68.31,220.70,0.818,-1,-1,-1
387,57,1427.65,747.28,94.88,279.33,0.778,-1,-1,-1
387,58,1492.93,702.50,103.07,252.57,0.875,-1,-1,-1
387,59,1299.88,647.96,61.18,193.46,0.649,-1,-1,-1
387,62,1355.03,562.97,50.90,103.58,0.627,-1,-1,-1
387,63,1499.75,560.72,38.63,75.17,0.688,-1,-1,-1
387,67,1481.29,562.86,27.47,73.34,0.633,-1,-1,-1
387,68,1785.94,595.95,37.63,145.39,0.674,-1,-1,-1
387,69,1547.31,684.96,54.26,234.78,0.731,-1,-1,-1
388,47,1546.25,562.32,36.30,82.40,0.562,-1,-1,-1
388,56,1230.94,645.27,68.40,222.82,0.790,-1,-1,-1
388,57,1421.85,749.46,95.80,282.70,0.778,-1,-1,-1
388,58,1487.55,705.09,104.43,255.47,0.904,-1,-1,-1
388,62,1351.44,562.69,49.87,103.10,0.587,-1,-1,-1
388,63,1496.82,561.19,38.53,74.99,0.700,-1,-1,-1
388,66,1735.76,601.30,55.28,144.37,0.548,-1,-1,-1
388,67,1478.45,562.69,27.57,73.99,0.635,-1,-1,-1
388,68,1785.95,594.75,38.87,149.90,0.618,-1,-1,-1
388,69,1541.47,685.74,55.32,238.33,0.746,-1,-1,-1
389,47,1542.37,561.57,36.96,83.80,0.651,-1,-1,-1
389,56,1225.58,645.63,68.31,224.52,0.773,-1,-1,-1
389,57,1417.16,751.48,96.37,285.94,0.798,-1,-1,-1
389,58,1480.75,705.77,105.48,258.86,0.817,-1,-1,-1
389,59,1289.13,650.34,61.08,197.08,0.681,-1,-1,-1
389,63,1493.40,561.69,38.86,75.54,0.729,-1,-1,-1
389,65,1515.68,559.65,31.00,77.16,0.537,-1,-1,-1
389,66,1736.69,601.08,58.20,151.97,0.580,-1,-1,-1
389,67,1475.83,563.38,27.43,73.81,0.588,-1,-1,-1
389,69,1535.50,686.20,56.70,242.33,0.775,-1,-1,-1
389,70,1418.03,564.06,49.50,77.01,0.535,-1,-1,-1
390,47,1539.23,561.02,37.29,84.46,0.532,-1,-1,-1
390,56,1220.97,646.08,68.42,226.58,0.772,-1,-1,-1
390,57,1411.13,752.13,98.36,292.20,0.805,-1,-1,-1
390,58,1473.42,708.11,105.90,262.13,0.814,-1,-1,-1
390,63,1489.66,560.99,39.37,76.57,0.725,-1,-1,-1
390,66,1737.10,600.17,59.84,156.69,0.593,-1,-1,-1
390,67,1472.55,562.68,27.67,74.90,0.585,-1,-1,-1
390,69,1529.06,686.52,58.34,246.95,0.769,-1,-1,-1
390,70,1413.38,561.24,51.59,80.35,0.536,-1,-1,-1
391,47,1535.17,560.88,38.28,87.04,0.646,-1,-1,-1
391,56,1213.64,646.77,68.45,229.68,0.773,-1,-1,-1
391,57,1407.89,754.27,98.73,296.20,0.825,-1,-1,-1
391,58,1465.32,711.48,104.92,263.49,0.774,-1,-1,-1
391,59,1256.38,654.07,71.68,230.78,0.763,-1,-1,-1
391,62,1340.02,562.36,49.44,104.09,0.599,-1,-1,-1
391,63,1485.76,562.69,39.47,76.82,0.759,-1,-1,-1
391,65,1508.20,560.69,31.44,78.49,0.589,-1,-1,-1
391,66,1735.90,604.58,61.02,159.64,0.664,-1,-1,-1
391,67,1468.73,564.64,27.62,75.14,0.636,-1,-1,-1
391,69,1521.59,689.02,59.83,250.09,0.751,-1,-1,-1
391,70,1409.31,563.83,51.22,79.83,0.667,-1,-1,-1
392,47,1530.72,560.16,39.09,88.85,0.598,-1,-1,-1
392,56,1206.37,647.44,68.20,231.83,0.800,-1,-1,-1
392,57,1402.27,755.78,100.03,301.35,0.765,-1,-1,-1
392,58,1456.20,713.75,102.03,261.35,0.640,-1,-1,-1
392,59,1244.21,653.33,75.02,242.58,0.776,-1,-1,-1
392,62,1342.99,561.89,52.43,111.84,0.637,-1,-1,-1
392,63,1480.30,562.36,39.51,77.35,0.737,-1,-1,-1
392,65,1503.24,560.08,31.86,79.70,0.629,-1,-1,-1
392,66,1735.54,605.71,61.90,162.08,0.636,-1,-1,-1
392,67,1464.38,564.88,27.55,75.25,0.616,-1,-1,-1
392,69,1512.23,686.98,62.44,256.99,0.805,-1,-1,-1
392,70,1404.33,563.80,51.28,79.96,0.656,-1,-1,-1
393,47,1525.63,559.37,39.73,90.55,0.560,-1,-1,-1
393,56,1196.95,647.78,68.16,233.38,0.745,-1,-1,-1
393,57,1394.42,759.41,100.86,303.85,0.826,-1,-1,-1
393,59,1234.48,655.58,76.37,248.39,0.681,-1,-1,-1
393,62,1341.30,561.71,53.27,115.49,0.667,-1,-1,-1
393,63,1475.09,562.40,39.97,78.16,0.676,-1,-1,-1
393,66,1735.90,608.08,62.18,162.71,0.665,-1,-1,-1
393,67,1459.46,564.20,27.91,76.56,0.553,-1,-1,-1
393,69,1501.46,690.70,63.76,258.47,0.758,-1,-1,-1
393,70,1398.77,564.22,51.49,80.31,0.690,-1,-1,-1
394,47,1520.25,558.69,40.45,92.17,0.600,-1,-1,-1
394,56,1188.45,649.03,67.57,235.24,0.811,-1,-1,-1
394,57,1388.30,760.95,102.13,308.46,0.827,-1,-1,-1
394,59,1225.02,657.01,77.35,252.45,0.698,-1,-1,-1
394,62,1336.95,561.92,53.16,117.07,0.700,-1,-1,-1
394,63,1468.94,563.56,39.68,77.74,0.757,-1,-1,-1
394,65,1493.17,559.95,32.25,81.07,0.598,-1,-1,-1
394,69,1488.32,694.13,64.84,259.87,0.757,-1,-1,-1
394,70,1392.22,564.09,52.15,81.35,0.773,-1,-1,-1
395,47,1514.09,558.66,40.56,92.72,0.556,-1,-1,-1
395,56,1179.43,649.34,67.15,236.25,0.750,-1,-1,-1
395,57,1380.68,763.16,103.03,312.25,0.822,-1,-1,-1
395,58,1424.41,721.60,101.67,265.65,0.512,-1,-1,-1
395,59,1215.83,656.96,77.99,256.00,0.640,-1,-1,-1
395,62,1332.26,563.15,52.81,117.93,0.718,-1,-1,-1
395,63,1463.07,564.16,39.65,77.87,0.736,-1,-1,-1
395,65,1486.42,560.59,32.22,81.41,0.598,-1,-1,-1
395,66,1736.40,606.76,65.06,168.26,0.570,-1,-1,-1
395,67,1448.28,564.91,28.04,77.19,0.549,-1,-1,-1
395,70,1386.01,563.44,52.88,82.65,0.719,-1,-1,-1
396,47,1507.33,558.43,40.81,93.12,0.648,-1,-1,-1
396,56,1169.06,649.12,67.57,240.46,0.775,-1,-1,-1
396,57,1373.68,764.28,103.43,313.65,0.870,-1,-1,-1
396,59,1207.04,656.95,78.66,259.94,0.542,-1,-1,-1
396,62,1325.24,562.41,52.67,119.20,0.721,-1,-1,-1
396,63,1455.82,564.15,39.41,77.66,0.712,-1,-1,-1
396,65,1479.87,560.43,32.60,82.38,0.674,-1,-1,-1
396,67,1441.35,565.44,27.69,76.53,0.538,-1,-1,-1
396,70,1379.12,563.29,52.75,82.45,0.731,-1,-1,-1
397,47,1499.93,558.82,40.57,92.91,0.644,-1,-1,-1
397,56,1158.90,650.97,67.94,244.86,0.779,-1,-1,-1
397,57,1365.49,766.91,103.58,313.67,0.846,-1,-1,-1
397,62,1316.74,560.29,52.81,121.14,0.755,-1,-1,-1
397,63,1448.43,563.82,39.41,78.10,0.659,-1,-1,-1
397,65,1473.06,559.58,33.01,83.81,0.621,-1,-1,-1
397,70,1372.02,564.24,52.51,82.04,0.781,-1,-1,-1
398,47,1492.81,558.58,40.87,93.57,0.604,-1,-1,-1
398,56,1146.51,653.43,67.35,245.33,0.728,-1,-1,-1
398,57,1358.69,769.09,103.06,313.18,0.765,-1,-1,-1
398,62,1308.54,560.14,52.15,120.91,0.709,-1,-1,-1
398,63,1441.56,563.55,39.62,78.59,0.727,-1,-1,-1
398,65,1465.95,559.35,32.96,84.16,0.596,-1,-1,-1
398,70,1363.98,563.83,53.10,82.97,0.781,-1,-1,-1
399,47,1485.62,558.97,40.02,91.88,0.678,-1,-1,-1
399,56,1131.07,655.06,67.17,245.53,0.787,-1,-1,-1
399,57,1352.10,771.94,101.86,310.61,0.751,-1,-1,-1
399,58,1384.61,700.42,113.14,306.02,0.663,-1,-1,-1
399,62,1298.84,557.27,52.16,122.09,0.776,-1,-1,-1
399,63,1433.72,562.70,39.87,79.44,0.748,-1,-1,-1
399,65,1458.20,559.19,32.93,84.51,0.694,-1,-1,-1
399,70,1356.67,563.87,52.90,82.67,0.772,-1,-1,-1
400,47,1477.85,558.59,40.33,92.84,0.592,-1,-1,-1
400,56,1113.22,656.28,68.07,248.09,0.829,-1,-1,-1
400,57,1340.36,775.23,101.35,306.82,0.824,-1,-1,-1
400,58,1374.70,697.86,112.39,311.96,0.580,-1,-1,-1
400,62,1288.83,555.65,52.32,123.13,0.786,-1,-1,-1
400,63,1425.97,562.61,40.14,80.16,0.695,-1,-1,-1
400,65,1450.15,559.04,32.89,84.97,0.577,-1,-1,-1
400,70,1348.05,564.39,52.77,82.49,0.767,-1,-1,-1
401,47,1469.92,557.77,41.27,94.67,0.545,-1,-1,-1
401,56,1096.49,656.89,69.19,250.01,0.769,-1,-1,-1
401,57,1326.77,779.03,101.68,302.27,0.751,-1,-1,-1
401,58,1363.42,701.87,110.27,314.03,0.588,-1,-1,-1
401,62,1281.07,558.01,50.92,120.92,0.749,-1,-1,-1
401,63,1417.79,562.76,40.57,81.10,0.744,-1,-1,-1
401,65,1442.31,559.16,32.80,85.18,0.555,-1,-1,-1
401,70,1338.28,564.63,53.29,83.57,0.760,-1,-1,-1
401,71,1406.84,565.32,22.97,78.09,0.514,-1,-1,-1
402,47,1460.13,558.16,41.00,94.12,0.653,-1,-1,-1
402,56,1078.38,658.71,70.50,250.99,0.805,-1,-1,-1
402,57,1316.63,783.28,101.98,297.34,0.822,-1,-1,-1
402,62,1270.48,556.25,51.04,121.83,0.804,-1,-1,-1
402,63,1408.57,562.54,40.74,81.73,0.726,-1,-1,-1
402,65,1432.96,558.77,33.07,86.61,0.671,-1,-1,-1
402,70,1328.34,563.63,54.00,84.85,0.774,-1,-1,-1
402,71,1397.58,564.99,23.19,78.85,0.500,-1,-1,-1
403,47,1450.57,557.76,41.23,94.99,0.647,-1,-1,-1
403,56,1060.41,659.21,72.10,254.32,0.758,-1,-1,-1
403,57,1305.54,786.73,102.16,292.12,0.765,-1,-1,-1
403,62,1260.75,555.76,50.92,122.21,0.765,-1,-1,-1
403,63,1399.85,562.87,40.60,81.56,0.673,-1,-1,-1
403,65,1423.90,557.85,33.38,87.99,0.645,-1,-1,-1
403,70,1318.55,562.84,54.72,86.22,0.666,-1,-1,-1
404,47,1441.00,557.39,41.37,95.46,0.575,-1,-1,-1
404,56,1046.03,660.44,74.41,258.34,0.626,-1,-1,-1
404,57,1294.67,791.34,102.74,287.55,0.837,-1,-1,-1
404,62,1251.21,555.66,50.58,122.33,0.772,-1,-1,-1
404,63,1390.16,562.67,41.07,82.76,0.742,-1,-1,-1
404,67,1410.80,558.85,31.29,86.94,0.597,-1,-1,-1
404,70,1308.83,561.72,55.14,87.43,0.724,-1,-1,-1
404,72,1098.17,664.38,60.95,276.88,0.713,-1,-1,-1
404,73,1308.41,742.35,62.36,96.09,0.598,-1,-1,-1
405,47,1430.99,558.38,40.97,94.61,0.660,-1,-1,-1
405,56,1027.49,661.83,75.46,258.36,0.755,-1,-1,-1
405,57,1277.11,794.36,105.07,285.34,0.883,-1,-1,-1
405,62,1239.87,555.43,50.38,122.75,0.776,-1,-1,-1
405,63,1379.99,563.02,40.85,82.64,0.729,-1,-1,-1
405,67,1404.45,557.61,32.17,89.34,0.631,-1,-1,-1
405,70,1298.41,560.85,55.47,88.44,0.695,-1,-1,-1
405,72,1079.78,663.50,62.04,280.02,0.679,-1,-1,-1
405,73,1287.60,745.39,67.07,103.38,0.541,-1,-1,-1
406,47,1420.18,558.11,41.34,95.39,0.685,-1,-1,-1
406,56,1009.21,663.48,76.50,260.35,0.676,-1,-1,-1
406,57,1261.52,797.08,106.17,283.22,0.539,-1,-1,-1
406,62,1228.68,554.57,50.06,123.04,0.779,-1,-1,-1
406,63,1369.94,562.17,41.11,83.30,0.714,-1,-1,-1
406,67,1396.85,556.13,32.58,90.60,0.555,-1,-1,-1
406,70,1287.82,559.35,56.11,90.17,0.695,-1,-1,-1
406,72,1060.00,664.17,63.40,282.62,0.770,-1,-1,-1
406,73,1269.88,747.00,68.11,104.92,0.586,-1,-1,-1
407,47,1409.49,557.84,41.57,96.24,0.676,-1,-1,-1
407,56,990.09,665.19,77.32,262.93,0.580,-1,-1,-1
407,57,1247.89,799.89,107.46,280.20,0.876,-1,-1,-1
407,62,1217.61,554.79,49.72,123.26,0.781,-1,-1,-1
407,63,1358.56,561.85,41.23,84.17,0.701,-1,-1,-1
407,67,1387.08,556.07,33.07,92.09,0.679,-1,-1,-1
407,70,1276.55,559.12,56.20,91.02,0.679,-1,-1,-1
407,72,1039.99,669.11,64.75,281.72,0.883,-1,-1,-1
407,73,1260.53,734.25,79.22,122.87,0.592,-1,-1,-1
408,57,1234.25,801.44,108.01,275.09,0.807,-1,-1,-1
408,62,1205.88,554.58,49.30,123.24,0.783,-1,-1,-1
408,63,1347.55,561.99,41.33,84.58,0.692,-1,-1,-1
408,65,1396.54,558.08,36.38,95.20,0.679,-1,-1,-1
408,66,1747.20,614.82,58.90,157.10,0.550,-1,-1,-1
408,70,1264.34,558.83,56.04,91.63,0.691,-1,-1,-1
408,71,1373.17,557.06,27.19,91.81,0.646,-1,-1,-1
408,72,1021.24,670.41,66.81,283.98,0.861,-1,-1,-1
408,73,1247.29,728.89,83.72,130.96,0.621,-1,-1,-1
409,56,954.63,669.84,77.35,264.09,0.555,-1,-1,-1
409,57,1216.26,803.30,110.26,274.51,0.846,-1,-1,-1
409,62,1193.39,554.83,49.07,123.26,0.771,-1,-1,-1
409,63,1335.45,561.68,41.56,85.32,0.708,-1,-1,-1
409,65,1387.78,558.53,36.78,95.57,0.710,-1,-1,-1
409,66,1740.78,611.42,58.25,160.16,0.590,-1,-1,-1
409,70,1253.35,558.64,56.06,91.95,0.630,-1,-1,-1
409,71,1364.89,556.83,27.53,92.60,0.676,-1,-1,-1
409,72,1003.92,671.95,68.85,285.79,0.854,-1,-1,-1
409,73,1231.21,726.69,85.62,135.07,0.581,-1,-1,-1
409,74,1665.28,593.50,61.51,207.81,0.751,-1,-1,-1
410,56,934.69,671.18,77.76,267.17,0.758,-1,-1,-1
410,57,1199.45,807.88,110.93,271.25,0.786,-1,-1,-1
410,62,1180.64,554.97,48.79,123.21,0.788,-1,-1,-1
410,63,1323.39,561.51,41.61,85.91,0.691,-1,-1,-1
410,66,1733.48,610.98,56.70,161.14,0.664,-1,-1,-1
410,67,1374.03,557.75,34.53,95.00,0.712,-1,-1,-1
410,70,1241.65,558.48,55.94,92.22,0.632,-1,-1,-1
410,71,1355.45,556.45,27.65,92.84,0.562,-1,-1,-1
410,72,983.81,675.16,70.50,287.28,0.804,-1,-1,-1
410,73,1212.22,726.40,84.27,134.41,0.727,-1,-1,-1
410,74,1659.75,597.43,60.19,203.32,0.579,-1,-1,-1
411,56,915.08,672.58,77.95,270.17,0.710,-1,-1,-1
411,57,1184.10,813.98,109.91,264.93,0.824,-1,-1,-1
411,59,1121.74,755.20,77.98,247.87,0.580,-1,-1,-1
411,62,1167.47,555.66,48.55,123.08,0.798,-1,-1,-1
411,63,1311.13,561.17,41.73,86.59,0.731,-1,-1,-1
411,66,1724.23,610.84,55.68,162.18,0.741,-1,-1,-1
411,67,1365.27,558.39,35.49,96.50,0.722,-1,-1,-1
411,70,1229.25,559.31,55.48,91.76,0.663,-1,-1,-1
411,71,1343.34,556.94,27.86,93.18,0.655,-1,-1,-1
411,72,967.65,677.46,72.68,288.71,0.868,-1,-1,-1
411,73,1197.49,727.23,73.59,118.07,0.737,-1,-1,-1
411,74,1647.72,597.26,60.55,204.66,0.720,-1,-1,-1
412,56,899.06,673.08,77.29,273.15,0.686,-1,-1,-1
412,57,1164.15,814.81,111.58,264.96,0.845,-1,-1,-1
412,59,1108.21,761.50,81.03,250.71,0.697,-1,-1,-1
412,62,1154.01,557.11,47.82,121.21,0.773,-1,-1,-1
412,63,1298.99,560.59,41.90,87.25,0.715,-1,-1,-1
412,66,1714.91,611.58,54.58,161.07,0.688,-1,-1,-1
412,67,1354.62,558.10,35.98,96.89,0.665,-1,-1,-1
412,70,1215.12,559.72,54.66,91.20,0.604,-1,-1,-1
412,71,1331.26,556.19,28.19,94.00,0.588,-1,-1,-1
412,72,948.50,678.40,75.31,291.36,0.854,-1,-1,-1
412,73,1179.44,728.72,65.94,106.26,0.719,-1,-1,-1
412,74,1635.14,594.56,61.10,206.72,0.717,-1,-1,-1
413,56,879.45,673.09,76.50,276.45,0.711,-1,-1,-1
413,57,1142.52,817.70,112.61,262.35,0.852,-1,-1,-1
413,59,1093.68,766.71,82.70,253.36,0.565,-1,-1,-1
413,62,1139.44,556.67,48.04,121.95,0.786,-1,-1,-1
413,63,1285.53,559.56,42.04,88.19,0.691,-1,-1,-1
413,66,1703.04,609.62,55.14,164.48,0.666,-1,-1,-1
413,67,1342.34,557.66,37.09,98.93,0.690,-1,-1,-1
413,70,1199.73,559.06,54.69,92.33,0.645,-1,-1,-1
413,71,1318.58,555.94,28.31,94.21,0.572,-1,-1,-1
413,72,927.02,679.04,78.08,294.52,0.849,-1,-1,-1
413,73,1157.97,724.64,65.65,106.49,0.688,-1,-1,-1
413,74,1621.88,592.81,61.48,208.29,0.692,-1,-1,-1
414,56,857.75,673.84,75.83,278.95,0.692,-1,-1,-1
414,57,1120.17,820.33,113.41,259.53,0.827,-1,-1,-1
414,62,1125.20,557.81,47.69,120.65,0.744,-1,-1,-1
414,63,1271.61,559.04,41.93,88.69,0.702,-1,-1,-1
414,66,1690.45,608.25,55.44,166.73,0.522,-1,-1,-1
414,67,1329.15,556.68,38.13,101.10,0.646,-1,-1,-1
414,70,1185.39,559.17,54.05,91.96,0.612,-1,-1,-1
414,71,1304.39,555.53,28.44,94.32,0.612,-1,-1,-1
414,72,897.98,681.03,78.54,295.46,0.731,-1,-1,-1
414,73,1135.64,723.04,65.04,106.16,0.671,-1,-1,-1
414,74,1610.70,594.04,54.95,185.48,0.738,-1,-1,-1
415,56,835.49,674.37,75.50,280.67,0.556,-1,-1,-1
415,57,1099.29,822.58,113.65,256.89,0.823,-1,-1,-1
415,62,1110.48,561.13,46.55,117.22,0.774,-1,-1,-1
415,63,1257.43,558.51,42.00,89.42,0.703,-1,-1,-1
415,66,1673.51,608.24,55.31,168.47,0.685,-1,-1,-1
415,67,1314.76,556.06,38.51,101.52,0.657,-1,-1,-1
415,70,1170.40,559.89,53.10,91.35,0.625,-1,-1,-1
415,71,1290.58,555.45,28.60,94.59,0.604,-1,-1,-1
415,72,866.85,682.64,79.52,297.92,0.740,-1,-1,-1
415,73,1115.04,727.58,61.98,101.05,0.507,-1,-1,-1
415,74,1597.52,592.98,51.81,174.47,0.785,-1,-1,-1
416,56,808.51,675.40,75.39,281.38,0.621,-1,-1,-1
416,57,1077.08,825.29,113.67,253.73,0.824,-1,-1,-1
416,62,1095.50,561.43,46.28,116.48,0.630,-1,-1,-1
416,63,1243.21,557.85,41.79,89.63,0.712,-1,-1,-1
416,66,1660.45,605.09,56.67,172.28,0.557,-1,-1,-1
416,67,1299.77,555.12,38.69,101.52,0.676,-1,-1,-1
416,70,1154.25,557.77,53.48,92.97,0.614,-1,-1,-1
416,72,836.41,683.58,81.09,300.36,0.733,-1,-1,-1
416,73,1090.88,731.77,60.79,99.22,0.651,-1,-1,-1
416,74,1584.62,593.26,50.31,169.76,0.764,-1,-1,-1
416,75,1838.09,586.71,59.18,189.67,0.766,-1,-1,-1
417,57,1053.66,828.45,113.47,250.42,0.797,-1,-1,-1
417,62,1080.40,556.75,48.16,121.59,0.543,-1,-1,-1
417,63,1228.40,557.30,41.50,89.88,0.652,-1,-1,-1
417,66,1647.98,607.98,56.88,171.00,0.664,-1,-1,-1
417,71,1278.58,554.92,30.30,98.57,0.656,-1,-1,-1
417,72,806.96,683.97,83.81,303.47,0.723,-1,-1,-1
417,73,1064.96,735.75,60.50,98.81,0.671,-1,-1,-1
417,74,1572.04,593.12,49.64,168.02,0.560,-1,-1,-1
417,75,1822.47,585.38,60.36,193.26,0.802,-1,-1,-1
418,57,1029.90,830.52,113.74,248.99,0.778,-1,-1,-1
418,62,1064.02,559.32,46.86,118.55,0.738,-1,-1,-1
418,63,1213.69,556.35,41.50,90.47,0.681,-1,-1,-1
418,66,1635.99,608.24,57.72,170.64,0.729,-1,-1,-1
418,70,1123.34,555.25,53.88,94.57,0.660,-1,-1,-1
418,71,1267.75,555.42,31.08,99.51,0.596,-1,-1,-1
418,72,777.36,683.79,85.79,307.11,0.744,-1,-1,-1
418,73,1038.02,739.26,60.20,98.31,0.725,-1,-1,-1
418,74,1559.18,597.51,47.74,162.83,0.704,-1,-1,-1
418,75,1806.42,585.02,60.60,193.83,0.834,-1,-1,-1
419,57,1007.51,832.65,113.29,247.14,0.756,-1,-1,-1
419,62,1047.10,558.07,46.67,118.55,0.734,-1,-1,-1
419,63,1198.64,555.16,41.53,91.00,0.663,-1,-1,-1
419,66,1624.18,610.11,58.39,168.56,0.800,-1,-1,-1
419,67,1268.38,550.33,41.85,110.96,0.651,-1,-1,-1
419,70,1106.20,553.83,53.85,95.23,0.685,-1,-1,-1
419,71,1253.05,556.20,31.61,99.01,0.655,-1,-1,-1
419,72,743.64,683.12,88.64,310.96,0.665,-1,-1,-1
419,73,1011.29,742.03,61.24,100.08,0.689,-1,-1,-1
419,75,1790.57,583.89,60.85,194.36,0.801,-1,-1,-1
420,56,713.88,682.10,84.85,307.83,0.554,-1,-1,-1
420,57,980.38,837.32,112.23,242.61,0.832,-1,-1,-1
420,62,1030.60,555.39,47.44,120.49,0.748,-1,-1,-1
420,63,1183.95,554.59,41.20,90.88,0.715,-1,-1,-1
420,66,1611.32,610.90,60.10,169.55,0.789,-1,-1,-1
420,67,1255.94,549.71,41.94,111.96,0.593,-1,-1,-1
420,70,1089.97,552.09,54.32,96.70,0.717,-1,-1,-1
420,71,1237.20,556.18,32.51,99.77,0.645,-1,-1,-1
420,72,721.98,683.47,89.60,313.98,0.602,-1,-1,-1
420,73,984.29,745.06,62.05,101.38,0.549,-1,-1,-1
420,75,1774.79,582.82,61.24,195.44,0.820,-1,-1,-1
421,57,953.90,842.38,110.54,236.92,0.811,-1,-1,-1
421,62,1012.74,552.83,48.03,122.58,0.770,-1,-1,-1
421,63,1167.80,554.14,40.90,91.25,0.756,-1,-1,-1
421,66,1597.46,611.87,61.74,170.37,0.815,-1,-1,-1
421,70,1073.75,551.34,54.46,97.40,0.784,-1,-1,-1
421,71,1221.48,555.91,33.34,101.12,0.631,-1,-1,-1
421,72,685.84,684.45,92.91,317.31,0.754,-1,-1,-1
421,73,954.79,748.70,62.61,102.01,0.591,-1,-1,-1
421,75,1757.23,579.94,62.25,198.67,0.834,-1,-1,-1
422,57,926.87,846.49,109.21,232.26,0.805,-1,-1,-1
422,62,995.04,550.98,47.93,122.50,0.772,-1,-1,-1
422,63,1151.36,553.04,41.09,92.17,0.707,-1,-1,-1
422,66,1582.40,614.20,62.12,168.39,0.798,-1,-1,-1
422,70,1056.72,550.19,54.58,97.69,0.725,-1,-1,-1
422,71,1202.98,555.09,34.26,102.24,0.656,-1,-1,-1
422,72,650.82,685.02,98.01,320.98,0.895,-1,-1,-1
422,73,923.69,751.76,63.12,102.53,0.541,-1,-1,-1
422,75,1739.32,580.79,61.98,197.39,0.835,-1,-1,-1
422,76,848.97,793.48,104.99,284.30,0.759,-1,-1,-1
423,57,893.73,850.39,109.16,228.48,0.805,-1,-1,-1
423,62,975.69,549.39,48.05,123.58,0.799,-1,-1,-1
423,63,1135.29,552.30,41.55,93.25,0.715,-1,-1,-1
423,66,1564.49,615.18,62.86,168.53,0.846,-1,-1,-1
423,70,1039.31,550.45,53.55,95.71,0.721,-1,-1,-1
423,71,1182.95,553.40,35.11,103.45,0.679,-1,-1,-1
423,72,616.69,684.56,103.28,325.80,0.901,-1,-1,-1
423,75,1720.50,580.02,62.33,198.36,0.815,-1,-1,-1
423,76,813.80,796.64,104.33,281.60,0.784,-1,-1,-1
424,57,864.58,853.61,108.42,225.08,0.843,-1,-1,-1
424,62,956.19,547.22,47.90,123.58,0.792,-1,-1,-1
424,63,1116.92,551.50,41.49,94.27,0.709,-1,-1,-1
424,66,1547.94,616.15,61.33,163.73,0.747,-1,-1,-1
424,70,1020.83,549.24,53.92,96.45,0.560,-1,-1,-1
424,71,1163.12,551.91,36.01,105.17,0.692,-1,-1,-1
424,72,583.90,688.63,107.11,325.94,0.890,-1,-1,-1
424,74,1497.18,621.16,57.38,195.17,0.787,-1,-1,-1
424,75,1700.79,579.91,62.44,198.39,0.819,-1,-1,-1
424,76,781.41,800.68,103.34,278.05,0.668,-1,-1,-1
425,57,833.26,858.47,106.99,220.03,0.795,-1,-1,-1
425,62,936.47,544.50,48.15,124.88,0.701,-1,-1,-1
425,63,1097.18,551.13,41.18,94.76,0.665,-1,-1,-1
425,66,1529.73,616.40,61.96,166.14,0.782,-1,-1,-1
425,71,1142.65,552.39,36.44,105.34,0.707,-1,-1,-1
425,72,549.18,688.89,112.02,330.25,0.886,-1,-1,-1
425,74,1482.37,626.86,58.54,196.38,0.794,-1,-1,-1
425,75,1680.79,580.82,62.30,197.42,0.795,-1,-1,-1
425,76,741.78,804.19,103.02,274.67,0.800,-1,-1,-1
426,57,801.46,865.12,104.84,213.30,0.758,-1,-1,-1
426,62,916.09,543.39,48.09,125.52,0.695,-1,-1,-1
426,63,1079.18,550.62,40.84,95.12,0.673,-1,-1,-1
426,66,1512.81,615.73,62.26,167.65,0.729,-1,-1,-1
426,70,981.73,546.28,54.87,98.62,0.685,-1,-1,-1
426,71,1122.39,550.18,37.60,108.15,0.711,-1,-1,-1
426,72,515.23,691.48,116.38,333.46,0.885,-1,-1,-1
426,74,1465.46,631.05,59.88,196.86,0.741,-1,-1,-1
426,75,1660.55,581.08,62.33,196.94,0.833,-1,-1,-1
426,76,704.63,808.53,102.81,271.12,0.770,-1,-1,-1
427,57,767.58,873.67,102.16,205.01,0.779,-1,-1,-1
427,62,896.66,545.49,46.84,122.77,0.797,-1,-1,-1
427,63,1059.64,550.38,41.12,97.24,0.698,-1,-1,-1
427,66,1495.76,608.74,65.17,176.18,0.678,-1,-1,-1
427,70,961.40,547.95,55.00,99.15,0.702,-1,-1,-1
427,71,1101.58,548.43,38.85,111.32,0.741,-1,-1,-1
427,72,480.23,694.68,120.72,337.17,0.882,-1,-1,-1
427,74,1444.50,630.18,62.81,202.45,0.832,-1,-1,-1
427,75,1639.13,581.41,63.02,198.03,0.837,-1,-1,-1
427,76,666.36,814.59,101.69,265.33,0.663,-1,-1,-1
428,57,728.62,883.14,99.82,195.47,0.691,-1,-1,-1
428,62,877.09,548.09,45.97,120.98,0.691,-1,-1,-1
428,63,1040.74,551.45,41.42,99.17,0.612,-1,-1,-1
428,66,1476.84,607.66,65.71,178.75,0.602,-1,-1,-1
428,70,942.62,548.47,55.32,100.14,0.524,-1,-1,-1
428,71,1081.76,549.68,40.44,114.66,0.692,-1,-1,-1
428,72,445.97,699.04,123.44,340.14,0.681,-1,-1,-1
428,74,1423.15,633.91,64.35,202.67,0.815,-1,-1,-1
428,75,1616.68,582.27,63.73,199.04,0.797,-1,-1,-1
428,76,632.47,822.10,99.30,256.93,0.655,-1,-1,-1
428,77,1117.83,543.60,39.93,121.51,0.568,-1,-1,-1
429,57,691.14,892.96,97.45,186.02,0.747,-1,-1,-1
429,62,857.43,553.15,44.46,116.81,0.587,-1,-1,-1
429,63,1020.67,552.41,41.60,101.19,0.659,-1,-1,-1
429,66,1458.10,605.85,67.13,183.75,0.665,-1,-1,-1
429,70,922.30,550.70,55.33,100.71,0.582,-1,-1,-1
429,71,1059.69,550.86,42.38,118.49,0.749,-1,-1,-1
429,72,405.60,704.03,126.10,343.37,0.837,-1,-1,-1
429,74,1401.44,639.47,65.04,201.18,0.820,-1,-1,-1
429,75,1592.12,585.32,64.13,198.78,0.851,-1,-1,-1
429,76,596.43,838.41,90.55,230.09,0.509,-1,-1,-1
429,77,1096.00,544.70,41.10,125.17,0.674,-1,-1,-1
430,57,654.41,903.06,94.29,176.04,0.629,-1,-1,-1
430,63,1001.21,554.71,41.36,101.84,0.626,-1,-1,-1
430,66,1442.45,609.72,66.92,182.81,0.629,-1,-1,-1
430,71,1037.84,552.19,43.81,121.44,0.697,-1,-1,-1
430,72,363.68,709.11,127.46,346.03,0.784,-1,-1,-1
430,74,1380.72,645.57,65.56,199.98,0.823,-1,-1,-1
430,75,1568.37,588.22,65.06,199.55,0.861,-1,-1,-1
430,76,551.08,857.59,87.64,216.23,0.728,-1,-1,-1
430,77,1076.30,548.43,40.57,123.50,0.628,-1,-1,-1
431,57,618.61,913.47,90.59,165.84,0.663,-1,-1,-1
431,63,980.48,558.42,41.04,102.90,0.687,-1,-1,-1
431,66,1426.68,614.61,67.23,182.83,0.755,-1,-1,-1
431,71,1016.08,553.89,45.59,125.23,0.724,-1,-1,-1
431,72,320.97,714.67,128.48,347.75,0.799,-1,-1,-1
431,74,1360.87,650.79,65.84,199.65,0.817,-1,-1,-1
431,75,1544.89,591.59,66.08,200.44,0.858,-1,-1,-1
431,76,511.25,871.74,85.08,203.46,0.744,-1,-1,-1
431,77,1054.62,552.04,40.33,122.67,0.722,-1,-1,-1
432,57,577.48,925.34,86.84,154.26,0.698,-1,-1,-1
432,63,960.64,559.60,41.41,104.84,0.629,-1,-1,-1
432,66,1411.07,618.51,68.87,184.05,0.799,-1,-1,-1
432,71,995.68,555.76,45.85,125.28,0.742,-1,-1,-1
432,72,277.20,718.01,131.90,353.81,0.806,-1,-1,-1
432,74,1341.62,654.94,65.80,199.67,0.707,-1,-1,-1
432,75,1521.56,593.30,67.16,201.47,0.871,-1,-1,-1
432,76,468.28,873.77,87.26,203.32,0.690,-1,-1,-1
432,77,1033.37,552.53,41.22,125.27,0.665,-1,-1,-1
433,56,498.46,810.90,47.84,155.96,0.684,-1,-1,-1
433,57,538.69,938.08,82.05,141.70,0.728,-1,-1,-1
433,63,939.68,561.54,41.35,106.50,0.651,-1,-1,-1
433,66,1394.51,622.94,71.17,184.49,0.860,-1,-1,-1
433,71,973.50,559.70,48.18,131.23,0.749,-1,-1,-1
433,72,236.01,722.11,131.31,347.72,0.646,-1,-1,-1
433,74,1320.48,660.01,65.21,197.37,0.794,-1,-1,-1
433,75,1498.57,596.96,67.80,201.44,0.845,-1,-1,-1
433,76,419.91,876.14,89.74,202.29,0.737,-1,-1,-1
433,77,1012.27,556.62,41.30,125.34,0.684,-1,-1,-1
434,56,457.76,819.68,51.65,154.52,0.709,-1,-1,-1
434,57,497.61,947.70,78.50,132.23,0.770,-1,-1,-1
434,63,917.64,563.43,41.00,107.39,0.752,-1,-1,-1
434,66,1376.62,626.10,73.51,184.42,0.875,-1,-1,-1
434,71,951.63,563.09,49.07,132.09,0.787,-1,-1,-1
434,74,1300.44,662.32,65.37,197.41,0.641,-1,-1,-1
434,75,1475.45,599.03,68.47,201.67,0.858,-1,-1,-1
434,76,366.73,880.14,92.34,198.94,0.745,-1,-1,-1
434,77,990.23,557.87,41.74,126.63,0.729,-1,-1,-1
435,57,453.63,962.36,72.74,117.68,0.807,-1,-1,-1
435,63,895.70,565.08,41.51,110.50,0.751,-1,-1,-1
435,66,1357.29,629.41,75.31,184.78,0.842,-1,-1,-1
435,71,930.10,562.79,50.49,135.15,0.735,-1,-1,-1
435,74,1277.65,662.47,66.76,201.83,0.821,-1,-1,-1
435,75,1452.74,601.13,69.12,202.74,0.849,-1,-1,-1
435,76,313.79,886.65,94.72,193.15,0.784,-1,-1,-1
435,77,968.72,558.09,42.01,127.40,0.781,-1,-1,-1
436,57,407.95,974.15,68.04,105.92,0.720,-1,-1,-1
436,63,873.38,565.71,41.59,112.45,0.758,-1,-1,-1
436,66,1334.81,630.42,77.97,186.62,0.891,-1,-1,-1
436,71,908.36,561.45,51.86,138.32,0.755,-1,-1,-1
436,74,1254.59,658.13,69.52,211.78,0.841,-1,-1,-1
436,75,1431.89,602.08,69.36,203.67,0.824,-1,-1,-1
436,76,267.82,893.94,94.95,186.16,0.769,-1,-1,-1
436,77,947.58,557.11,42.85,130.07,0.795,-1,-1,-1
436,78,81.05,734.87,113.76,338.81,0.781,-1,-1,-1
437,57,351.41,981.52,64.71,98.55,0.685,-1,-1,-1
437,63,851.02,567.32,41.74,114.29,0.745,-1,-1,-1
437,66,1312.70,632.79,80.10,187.86,0.875,-1,-1,-1
437,71,886.66,562.85,52.65,140.19,0.735,-1,-1,-1
437,74,1231.17,655.51,71.95,220.98,0.813,-1,-1,-1
437,75,1407.88,603.66,70.19,205.01,0.864,-1,-1,-1
437,76,218.07,902.79,94.25,177.42,0.782,-1,-1,-1
437,77,927.01,558.10,42.27,128.24,0.739,-1,-1,-1
437,78,24.66,737.91,114.94,341.81,0.818,-1,-1,-1
438,57,296.12,991.00,60.36,89.07,0.680,-1,-1,-1
438,63,828.65,568.05,42.24,116.54,0.733,-1,-1,-1
438,66,1289.78,634.05,82.20,189.97,0.873,-1,-1,-1
438,71,865.60,562.96,53.38,142.33,0.742,-1,-1,-1
438,74,1207.17,651.85,74.00,230.22,0.795,-1,-1,-1
438,75,1384.27,603.84,71.38,207.41,0.874,-1,-1,-1
438,76,162.37,912.57,92.75,167.67,0.791,-1,-1,-1
438,77,906.44,558.37,40.55,122.65,0.753,-1,-1,-1
438,78,-9.25,740.07,113.43,339.06,0.787,-1,-1,-1
439,57,240.47,998.44,57.33,81.62,0.683,-1,-1,-1
439,63,806.38,568.17,43.16,119.79,0.736,-1,-1,-1
439,66,1265.86,634.54,83.71,191.21,0.854,-1,-1,-1
439,70,770.27,571.48,55.30,104.96,0.684,-1,-1,-1
439,71,844.09,562.95,54.01,143.87,0.783,-1,-1,-1
439,74,1182.46,649.58,75.47,237.66,0.815,-1,-1,-1
439,75,1361.59,605.56,71.44,207.05,0.859,-1,-1,-1
439,76,105.12,921.97,92.03,158.21,0.826,-1,-1,-1
439,77,884.18,558.94,42.62,129.16,0.743,-1,-1,-1
439,79,632.35,564.88,51.80,116.15,0.797,-1,-1,-1
440,57,185.64,1008.44,52.38,71.62,0.567,-1,-1,-1
440,63,783.97,568.89,44.04,123.22,0.751,-1,-1,-1
440,66,1242.84,635.30,84.92,192.83,0.856,-1,-1,-1
440,70,753.06,572.00,54.75,107.57,0.666,-1,-1,-1
440,71,821.26,563.37,54.72,145.22,0.759,-1,-1,-1
440,74,1159.84,652.71,76.51,240.98,0.807,-1,-1,-1
440,75,1337.07,606.64,72.03,208.00,0.864,-1,-1,-1
440,76,44.23,931.92,91.49,148.25,0.851,-1,-1,-1
440,77,862.55,559.47,43.68,132.84,0.743,-1,-1,-1
440,79,608.09,564.95,51.84,116.26,0.799,-1,-1,-1
441,63,761.58,569.38,44.67,125.57,0.753,-1,-1,-1
441,66,1221.32,635.98,85.29,194.57,0.850,-1,-1,-1
441,70,733.54,573.22,54.32,109.30,0.557,-1,-1,-1
441,71,798.16,562.55,55.29,147.13,0.735,-1,-1,-1
441,74,1139.07,659.55,76.86,238.90,0.875,-1,-1,-1
441,75,1311.26,607.25,72.94,209.40,0.887,-1,-1,-1
441,76,1.61,941.98,85.82,138.18,0.685,-1,-1,-1
441,77,841.36,560.29,44.10,133.87,0.748,-1,-1,-1
441,79,582.33,565.13,52.23,117.15,0.810,-1,-1,-1
442,62,621.69,553.47,47.57,124.90,0.518,-1,-1,-1
442,63,738.82,569.56,47.33,133.30,0.800,-1,-1,-1
442,66,1200.46,636.47,85.02,196.21,0.883,-1,-1,-1
442,70,710.95,573.60,53.77,111.84,0.677,-1,-1,-1
442,71,776.72,564.05,54.44,146.20,0.711,-1,-1,-1
442,74,1114.41,666.39,76.42,235.51,0.824,-1,-1,-1
442,75,1285.37,607.54,73.48,210.06,0.873,-1,-1,-1
442,77,818.53,560.53,44.44,134.98,0.780,-1,-1,-1
442,79,555.84,563.85,52.90,118.96,0.784,-1,-1,-1
443,63,716.27,570.46,47.79,134.78,0.772,-1,-1,-1
443,66,1180.13,637.74,84.02,197.00,0.856,-1,-1,-1
443,70,687.67,574.69,53.16,113.90,0.667,-1,-1,-1
443,71,753.58,569.48,52.44,141.84,0.637,-1,-1,-1
443,74,1092.52,670.42,78.33,235.50,0.845,-1,-1,-1
443,75,1259.03,608.82,73.96,210.32,0.879,-1,-1,-1
443,77,796.56,560.63,44.99,136.83,0.786,-1,-1,-1
443,79,530.96,568.24,51.67,116.34,0.732,-1,-1,-1
444,63,692.79,570.93,48.50,136.94,0.778,-1,-1,-1
444,66,1158.38,638.83,83.47,198.61,0.832,-1,-1,-1
444,71,731.04,572.09,51.55,140.28,0.668,-1,-1,-1
444,74,1067.56,674.61,80.00,235.24,0.851,-1,-1,-1
444,75,1232.44,610.31,74.39,210.18,0.866,-1,-1,-1
444,77,773.96,560.48,45.27,137.75,0.756,-1,-1,-1
444,79,504.79,571.11,51.00,115.16,0.761,-1,-1,-1
445,63,668.42,571.66,50.99,144.19,0.787,-1,-1,-1
445,66,1137.33,640.02,83.45,200.87,0.818,-1,-1,-1
445,70,641.16,575.68,54.06,118.82,0.570,-1,-1,-1
445,71,706.99,574.22,50.94,140.28,0.621,-1,-1,-1
445,74,1037.57,674.94,82.45,240.04,0.868,-1,-1,-1
445,75,1207.28,611.60,74.45,210.48,0.832,-1,-1,-1
445,77,749.96,560.15,45.74,140.11,0.741,-1,-1,-1
445,79,477.67,572.39,50.91,115.67,0.787,-1,-1,-1
446,63,641.94,572.20,51.33,145.90,0.774,-1,-1,-1
446,66,1114.87,641.24,83.55,203.63,0.787,-1,-1,-1
446,70,613.77,574.66,54.48,123.83,0.724,-1,-1,-1
446,71,680.51,571.57,52.20,145.46,0.665,-1,-1,-1
446,74,1008.19,675.00,85.35,247.12,0.858,-1,-1,-1
446,75,1181.39,610.88,75.00,212.51,0.848,-1,-1,-1
446,79,451.81,573.96,50.90,115.97,0.827,-1,-1,-1
447,63,614.42,572.82,51.91,147.48,0.791,-1,-1,-1
447,66,1090.97,641.82,83.70,206.18,0.776,-1,-1,-1
447,70,587.66,572.29,55.45,129.35,0.642,-1,-1,-1
447,71,654.48,573.71,51.08,144.04,0.640,-1,-1,-1
447,74,975.89,674.10,88.12,255.82,0.877,-1,-1,-1
447,75,1154.77,611.14,74.91,213.25,0.824,-1,-1,-1
447,79,426.24,574.67,51.13,116.26,0.836,-1,-1,-1
448,63,588.49,572.88,51.99,147.12,0.749,-1,-1,-1
448,66,1067.62,642.65,83.51,207.87,0.781,-1,-1,-1
448,70,561.98,572.29,55.80,132.19,0.553,-1,-1,-1
448,74,946.85,673.31,90.60,263.88,0.833,-1,-1,-1
448,75,1127.11,611.46,74.33,213.57,0.766,-1,-1,-1
448,77,681.14,561.10,45.44,139.45,0.645,-1,-1,-1
448,79,399.77,575.00,51.15,116.16,0.786,-1,-1,-1
449,66,1043.55,643.69,83.46,209.47,0.766,-1,-1,-1
449,70,536.24,569.89,56.16,136.18,0.555,-1,-1,-1
449,74,916.62,671.69,93.53,272.15,0.856,-1,-1,-1
449,75,1098.98,611.08,73.87,215.17,0.794,-1,-1,-1
449,77,658.13,560.61,46.17,141.09,0.717,-1,-1,-1
449,79,372.23,573.91,51.62,116.89,0.843,-1,-1,-1
449,80,972.97,617.64,81.47,212.62,0.684,-1,-1,-1
450,66,1019.23,644.75,83.29,210.38,0.790,-1,-1,-1
450,74,886.18,673.55,95.03,276.17,0.878,-1,-1,-1
450,75,1068.48,609.28,73.42,217.57,0.800,-1,-1,-1
450,77,632.82,560.53,45.68,139.78,0.718,-1,-1,-1
450,79,343.98,571.63,52.55,118.51,0.829,-1,-1,-1
450,80,946.11,616.57,81.81,214.13,0.776,-1,-1,-1
451,63,514.77,569.88,51.79,148.99,0.678,-1,-1,-1
451,66,993.20,644.94,83.77,211.56,0.794,-1,-1,-1
451,74,856.77,679.91,95.90,276.62,0.859,-1,-1,-1
451,75,1038.80,607.68,73.12,220.17,0.785,-1,-1,-1
451,77,608.12,560.17,46.63,141.72,0.660,-1,-1,-1
451,79,313.79,569.21,53.84,121.85,0.827,-1,-1,-1
451,80,919.29,615.36,82.69,217.48,0.794,-1,-1,-1
451,81,1834.54,777.83,62.24,297.63,0.900,-1,-1,-1
452,66,967.84,646.93,83.59,212.40,0.796,-1,-1,-1
452,70,474.09,569.50,60.68,149.75,0.557,-1,-1,-1
452,71,528.24,565.46,52.99,151.77,0.507,-1,-1,-1
452,74,824.42,685.75,95.65,275.62,0.875,-1,-1,-1
452,75,1010.48,607.31,72.56,220.97,0.704,-1,-1,-1
452,77,582.71,559.24,47.30,143.91,0.729,-1,-1,-1
452,79,284.62,568.56,54.14,122.94,0.827,-1,-1,-1
452,80,893.98,616.85,82.98,219.26,0.748,-1,-1,-1
452,81,1817.01,777.58,64.72,297.93,0.921,-1,-1,-1
453,62,419.25,570.34,58.21,156.83,0.681,-1,-1,-1
453,66,941.81,650.91,82.49,210.89,0.728,-1,-1,-1
453,70,451.09,569.26,60.46,151.47,0.531,-1,-1,-1
453,74,790.76,689.19,96.41,277.68,0.813,-1,-1,-1
453,77,556.54,559.53,47.16,144.58,0.779,-1,-1,-1
453,79,256.06,568.97,54.25,123.69,0.808,-1,-1,-1
453,80,869.67,618.14,80.64,213.63,0.691,-1,-1,-1
453,81,1798.56,775.77,69.25,300.41,0.928,-1,-1,-1
454,62,395.30,570.80,57.03,157.96,0.660,-1,-1,-1
454,66,915.41,653.97,82.17,210.63,0.577,-1,-1,-1
454,70,424.66,568.61,59.87,153.17,0.712,-1,-1,-1
454,71,471.97,562.87,53.20,155.21,0.692,-1,-1,-1
454,74,755.85,692.85,96.52,278.24,0.844,-1,-1,-1
454,77,531.52,559.31,47.84,145.70,0.796,-1,-1,-1
454,79,225.15,568.92,54.83,125.28,0.816,-1,-1,-1
454,80,840.17,619.44,82.11,218.66,0.758,-1,-1,-1
454,81,1772.27,772.24,74.83,304.32,0.925,-1,-1,-1
455,62,369.27,573.75,54.94,156.50,0.675,-1,-1,-1
455,66,887.93,654.56,83.15,214.77,0.737,-1,-1,-1
455,70,395.46,568.73,62.16,163.04,0.780,-1,-1,-1
455,71,444.01,562.25,54.45,158.53,0.737,-1,-1,-1
455,74,718.07,697.02,96.40,279.75,0.874,-1,-1,-1
455,77,506.24,559.72,49.39,147.88,0.799,-1,-1,-1
455,79,192.93,570.85,53.69,124.15,0.541,-1,-1,-1
455,80,813.03,622.99,83.59,223.09,0.781,-1,-1,-1
455,81,1739.86,770.96,80.37,306.53,0.917,-1,-1,-1
456,62,342.36,575.84,54.40,157.39,0.655,-1,-1,-1
456,66,860.18,654.41,83.82,218.36,0.784,-1,-1,-1
456,70,368.02,569.09,61.57,165.62,0.755,-1,-1,-1
456,71,414.88,562.78,55.31,159.98,0.768,-1,-1,-1
456,74,679.63,697.73,98.64,289.73,0.879,-1,-1,-1
456,77,480.21,558.78,51.79,150.34,0.822,-1,-1,-1
456,80,785.93,630.15,81.75,218.34,0.736,-1,-1,-1
456,81,1704.67,767.30,86.48,309.95,0.909,-1,-1,-1
457,62,317.62,576.99,58.17,162.34,0.776,-1,-1,-1
457,66,831.50,653.90,85.12,223.17,0.815,-1,-1,-1
457,70,341.03,570.22,58.59,159.92,0.721,-1,-1,-1
457,71,387.14,563.14,56.24,161.36,0.746,-1,-1,-1
457,74,640.63,697.32,101.58,302.77,0.881,-1,-1,-1
457,77,451.88,558.25,55.22,153.17,0.863,-1,-1,-1
457,79,128.96,570.27,55.61,129.32,0.794,-1,-1,-1
457,80,756.91,632.60,81.84,218.69,0.731,-1,-1,-1
457,81,1667.25,764.17,92.38,312.38,0.898,-1,-1,-1
458,62,299.78,575.54,58.80,167.42,0.674,-1,-1,-1
458,66,800.06,639.11,91.33,241.71,0.751,-1,-1,-1
458,71,358.78,564.09,57.83,162.62,0.746,-1,-1,-1
458,74,601.79,700.09,103.38,312.54,0.859,-1,-1,-1
458,77,425.23,558.62,57.39,153.39,0.847,-1,-1,-1
458,79,94.39,570.64,56.41,131.17,0.732,-1,-1,-1
458,80,724.96,635.03,83.99,225.28,0.719,-1,-1,-1
458,81,1629.58,761.40,98.72,315.56,0.904,-1,-1,-1
459,62,268.04,578.33,61.20,167.61,0.616,-1,-1,-1
459,66,769.26,631.69,95.09,253.98,0.762,-1,-1,-1
459,71,326.75,566.50,59.14,162.67,0.847,-1,-1,-1
459,74,560.96,702.48,105.65,323.93,0.856,-1,-1,-1
459,77,395.26,561.39,59.60,153.94,0.825,-1,-1,-1
459,79,60.54,572.66,56.07,130.85,0.719,-1,-1,-1
459,80,691.84,635.48,86.12,232.27,0.745,-1,-1,-1
459,81,1591.35,760.13,104.75,316.73,0.910,-1,-1,-1
460,62,246.34,577.67,61.71,170.43,0.732,-1,-1,-1
460,66,737.14,630.11,96.95,261.48,0.770,-1,-1,-1
460,71,296.05,569.25,60.08,161.95,0.798,-1,-1,-1
460,74,519.44,710.21,106.57,329.88,0.829,-1,-1,-1
460,77,363.09,561.82,61.38,156.24,0.780,-1,-1,-1
460,79,24.60,573.78,55.86,130.73,0.691,-1,-1,-1
460,80,659.21,639.14,85.14,230.85,0.767,-1,-1,-1
460,81,1554.40,761.80,109.36,314.29,0.900,-1,-1,-1
461,62,218.71,579.59,62.28,172.55,0.645,-1,-1,-1
461,66,703.68,631.93,97.35,264.67,0.834,-1,-1,-1
461,70,255.72,573.87,60.50,162.12,0.800,-1,-1,-1
461,74,476.55,723.27,106.35,330.72,0.827,-1,-1,-1
461,77,331.61,566.10,62.43,154.88,0.815,-1,-1,-1
461,79,-7.81,574.50,56.10,134.80,0.796,-1,-1,-1
461,80,624.68,641.05,84.23,230.64,0.762,-1,-1,-1
461,81,1516.21,765.35,113.92,311.59,0.924,-1,-1,-1
462,62,184.67,581.04,61.84,173.51,0.719,-1,-1,-1
462,66,671.38,633.94,98.44,267.63,0.752,-1,-1,-1
462,70,226.18,575.36,62.90,164.85,0.825,-1,-1,-1
462,74,435.30,731.45,108.44,334.28,0.843,-1,-1,-1
462,77,298.34,569.03,63.90,154.89,0.835,-1,-1,-1
462,80,592.89,641.71,85.72,235.59,0.801,-1,-1,-1
462,81,1479.27,772.51,116.86,305.11,0.915,-1,-1,-1
463,62,150.23,583.58,62.25,175.35,0.787,-1,-1,-1
463,66,642.09,645.45,97.14,262.17,0.720,-1,-1,-1
463,70,197.31,579.25,62.54,162.28,0.761,-1,-1,-1
463,74,393.09,744.27,108.05,329.23,0.851,-1,-1,-1
463,77,265.90,571.24,64.91,155.09,0.740,-1,-1,-1
463,80,558.96,648.31,86.87,240.48,0.788,-1,-1,-1
463,81,1442.82,783.64,117.63,293.43,0.908,-1,-1,-1
464,62,114.54,586.06,61.40,174.38,0.725,-1,-1,-1
464,66,612.40,662.52,94.99,251.98,0.828,-1,-1,-1
464,70,162.14,579.14,63.91,164.24,0.748,-1,-1,-1
464,74,351.66,753.40,109.26,323.61,0.869,-1,-1,-1
464,77,232.13,573.12,66.20,156.37,0.657,-1,-1,-1
464,80,522.44,650.05,88.15,246.97,0.782,-1,-1,-1
464,81,1407.48,798.01,117.25,279.15,0.898,-1,-1,-1
465,62,77.55,586.04,62.63,177.61,0.636,-1,-1,-1
465,66,578.71,673.51,94.73,246.87,0.829,-1,-1,-1
465,70,128.28,579.14,65.11,166.51,0.664,-1,-1,-1
465,74,308.68,761.85,111.26,319.12,0.821,-1,-1,-1
465,77,197.98,574.51,67.77,158.57,0.763,-1,-1,-1
465,80,487.95,655.12,88.00,248.31,0.756,-1,-1,-1
465,81,1372.15,811.68,116.85,266.06,0.877,-1,-1,-1
466,62,42.06,587.92,61.89,176.61,0.625,-1,-1,-1
466,66,544.96,681.79,95.49,245.37,0.791,-1,-1,-1
466,70,92.18,578.49,66.07,169.22,0.716,-1,-1,-1
466,74,260.26,765.44,113.94,314.77,0.829,-1,-1,-1
466,77,165.74,575.68,69.38,161.16,0.800,-1,-1,-1
466,80,451.60,657.45,88.86,252.45,0.638,-1,-1,-1
466,81,1338.36,825.98,116.21,252.39,0.871,-1,-1,-1
467,62,4.98,587.46,61.04,176.76,0.691,-1,-1,-1
467,66,507.44,687.86,97.01,246.56,0.848,-1,-1,-1
467,70,55.38,577.26,66.48,170.93,0.755,-1,-1,-1
467,74,207.37,764.43,119.81,316.83,0.877,-1,-1,-1
467,77,134.18,575.74,70.04,162.84,0.766,-1,-1,-1
467,80,415.45,664.16,88.22,251.56,0.622,-1,-1,-1
467,81,1303.36,839.49,114.45,239.11,0.827,-1,-1,-1
468,66,467.99,692.50,98.87,249.26,0.870,-1,-1,-1
468,74,151.02,764.64,124.60,317.02,0.850,-1,-1,-1
468,77,102.80,574.64,71.02,166.37,0.703,-1,-1,-1
468,80,375.40,668.48,88.37,254.21,0.762,-1,-1,-1
468,81,1268.58,849.19,114.83,230.29,0.860,-1,-1,-1
469,66,428.52,695.40,100.91,253.18,0.838,-1,-1,-1
469,74,91.56,771.34,127.68,310.86,0.860,-1,-1,-1
469,77,70.59,573.18,71.30,169.18,0.724,-1,-1,-1
469,80,335.97,668.49,89.52,259.45,0.756,-1,-1,-1
469,81,1233.05,854.77,116.63,224.84,0.891,-1,-1,-1
470,66,386.56,696.88,102.65,256.17,0.832,-1,-1,-1
470,74,34.66,773.90,131.33,308.05,0.885,-1,-1,-1
470,80,296.47,671.85,89.51,260.82,0.765,-1,-1,-1
470,81,1197.32,858.25,118.87,221.12,0.899,-1,-1,-1
471,66,345.86,697.91,104.15,259.37,0.811,-1,-1,-1
471,74,-3.95,779.79,128.76,301.62,0.695,-1,-1,-1
471,80,255.18,668.30,91.82,269.67,0.731,-1,-1,-1
471,81,1158.33,857.53,123.00,221.89,0.888,-1,-1,-1
472,66,303.95,698.02,105.45,262.84,0.830,-1,-1,-1
472,80,214.46,667.50,92.85,274.23,0.815,-1,-1,-1
472,81,1117.73,853.94,128.73,225.58,0.897,-1,-1,-1
473,66,262.90,699.59,106.40,266.02,0.856,-1,-1,-1
473,80,173.01,670.32,92.93,275.26,0.764,-1,-1,-1
473,81,1077.82,851.51,133.74,227.84,0.897,-1,-1,-1
474,66,222.41,701.32,107.11,269.10,0.866,-1,-1,-1
474,80,130.94,672.12,94.58,279.59,0.837,-1,-1,-1
474,81,1037.06,850.02,138.49,229.51,0.899,-1,-1,-1
475,66,180.64,701.72,108.12,273.51,0.859,-1,-1,-1
475,80,87.99,666.62,98.87,291.29,0.820,-1,-1,-1
475,81,992.62,850.51,140.74,228.85,0.883,-1,-1,-1
476,66,136.07,702.87,109.02,277.95,0.875,-1,-1,-1
476,80,45.13,675.03,99.17,288.47,0.780,-1,-1,-1
476,81,948.95,855.51,140.02,223.77,0.876,-1,-1,-1
477,66,90.82,704.07,110.68,284.53,0.879,-1,-1,-1
477,80,4.14,692.61,94.30,273.88,0.767,-1,-1,-1
477,81,901.11,861.80,137.38,217.71,0.850,-1,-1,-1
478,66,36.59,707.01,111.59,290.89,0.687,-1,-1,-1
478,81,866.20,868.04,136.90,211.57,0.754,-1,-1,-1
479,81,827.74,879.41,133.02,200.44,0.705,-1,-1,-1
480,66,-38.07,715.57,113.58,307.40,0.710,-1,-1,-1
481,81,737.35,881.79,134.69,198.94,0.694,-1,-1,-1
482,81,697.43,881.52,135.80,199.30,0.664,-1,-1,-1
483,81,639.68,877.70,140.66,202.13,0.869,-1,-1,-1
483,82,1793.00,659.21,96.33,238.00,0.723,-1,-1,-1
484,81,584.63,878.00,143.57,201.37,0.900,-1,-1,-1
484,82,1755.40,658.54,96.05,236.92,0.779,-1,-1,-1
485,81,529.97,876.91,147.00,202.42,0.897,-1,-1,-1
485,82,1717.28,658.48,96.86,239.88,0.824,-1,-1,-1
486,81,476.74,879.76,147.45,199.82,0.861,-1,-1,-1
486,82,1680.61,658.09,93.27,231.10,0.666,-1,-1,-1
487,81,423.16,884.95,146.27,194.67,0.888,-1,-1,-1
488,81,371.50,895.40,141.39,184.38,0.865,-1,-1,-1
489,81,321.87,908.64,134.63,171.49,0.876,-1,-1,-1
490,81,273.63,924.25,125.48,155.90,0.865,-1,-1,-1
490,83,1413.85,661.99,102.92,239.66,0.835,-1,-1,-1
491,81,226.45,939.31,116.73,140.76,0.865,-1,-1,-1
491,83,1369.98,665.32,104.11,242.40,0.787,-1,-1,-1
492,81,176.30,950.42,110.96,129.64,0.862,-1,-1,-1
492,83,1326.12,669.36,105.54,246.14,0.821,-1,-1,-1
493,81,124.25,958.43,107.87,121.70,0.859,-1,-1,-1
493,83,1285.29,671.99,106.24,249.04,0.769,-1,-1,-1
494,81,65.74,962.93,107.28,117.20,0.856,-1,-1,-1
494,83,1239.49,676.09,106.92,252.62,0.825,-1,-1,-1
495,81,13.67,966.60,105.29,113.37,0.807,-1,-1,-1
495,83,1194.35,679.96,107.31,256.59,0.847,-1,-1,-1
496,81,-26.80,966.95,102.00,112.91,0.787,-1,-1,-1
496,83,1149.81,684.90,106.70,258.41,0.801,-1,-1,-1
497,83,1110.74,685.06,105.73,260.16,0.786,-1,-1,-1
497,84,1187.43,698.98,102.53,136.75,0.697,-1,-1,-1
498,83,1065.41,685.00,104.11,260.22,0.802,-1,-1,-1
499,83,1018.98,685.01,102.62,260.69,0.845,-1,-1,-1
500,83,971.16,683.87,102.73,264.71,0.845,-1,-1,-1
501,83,924.11,685.34,101.47,264.29,0.875,-1,-1,-1
502,83,875.13,685.45,102.60,267.21,0.838,-1,-1,-1
503,83,828.60,687.13,103.23,268.17,0.821,-1,-1,-1
504,83,783.47,687.62,104.34,270.93,0.852,-1,-1,-1
505,83,735.78,687.75,106.22,276.13,0.855,-1,-1,-1
505,85,1818.42,647.54,57.02,174.33,0.866,-1,-1,-1
506,83,686.08,688.83,108.27,281.76,0.841,-1,-1,-1
506,85,1782.02,650.56,57.06,172.63,0.876,-1,-1,-1
507,83,635.63,691.49,109.66,287.29,0.855,-1,-1,-1
507,85,1745.92,650.80,57.80,173.10,0.851,-1,-1,-1
508,83,583.40,697.80,109.71,291.43,0.836,-1,-1,-1
508,85,1710.06,655.40,58.43,172.79,0.871,-1,-1,-1
509,83,531.48,703.70,108.24,292.64,0.855,-1,-1,-1
509,85,1674.41,658.92,59.59,173.95,0.903,-1,-1,-1
509,86,595.20,718.80,126.76,321.07,0.847,-1,-1,-1
509,87,1752.58,659.29,78.87,189.51,0.791,-1,-1,-1
510,83,479.37,708.90,109.24,300.75,0.814,-1,-1,-1
510,85,1640.60,663.00,60.07,173.06,0.869,-1,-1,-1
510,86,539.43,725.17,130.33,330.01,0.840,-1,-1,-1
510,87,1713.25,659.91,79.99,192.16,0.879,-1,-1,-1
511,83,426.60,715.66,107.99,300.87,0.795,-1,-1,-1
511,85,1604.95,665.85,61.30,173.71,0.882,-1,-1,-1
511,86,484.25,733.43,132.78,334.97,0.873,-1,-1,-1
511,87,1676.89,664.86,78.38,188.28,0.782,-1,-1,-1
512,83,370.16,723.67,108.55,303.87,0.833,-1,-1,-1
512,85,1569.78,668.89,62.84,175.70,0.863,-1,-1,-1
512,86,425.67,741.43,133.53,335.51,0.848,-1,-1,-1
512,87,1639.13,667.24,80.48,193.39,0.869,-1,-1,-1
513,83,299.63,732.61,114.23,310.57,0.881,-1,-1,-1
513,85,1534.10,670.39,64.85,178.70,0.898,-1,-1,-1
513,86,368.20,749.25,132.12,330.74,0.851,-1,-1,-1
513,87,1603.96,668.33,81.74,196.62,0.873,-1,-1,-1
514,83,239.24,740.19,117.65,313.68,0.794,-1,-1,-1
514,85,1498.90,672.21,67.10,182.90,0.885,-1,-1,-1
514,86,308.29,753.94,132.03,328.52,0.846,-1,-1,-1
514,87,1569.01,670.53,83.16,200.22,0.876,-1,-1,-1
515,83,176.43,746.50,122.80,321.03,0.759,-1,-1,-1
515,85,1464.99,673.35,68.05,183.46,0.841,-1,-1,-1
515,86,253.27,760.17,130.53,322.85,0.837,-1,-1,-1
515,87,1534.74,672.17,84.10,202.65,0.871,-1,-1,-1
516,83,114.92,751.11,123.88,324.50,0.697,-1,-1,-1
516,85,1435.93,674.57,68.26,184.47,0.598,-1,-1,-1
516,86,189.44,766.17,129.31,316.13,0.843,-1,-1,-1
516,87,1500.54,672.60,85.51,206.70,0.864,-1,-1,-1
517,83,56.02,756.95,121.80,320.60,0.751,-1,-1,-1
517,85,1398.99,674.11,69.39,185.27,0.876,-1,-1,-1
517,86,127.51,771.52,129.10,310.62,0.885,-1,-1,-1
517,87,1467.14,672.20,86.52,210.00,0.881,-1,-1,-1
518,83,-1.98,760.47,117.26,314.73,0.839,-1,-1,-1
518,85,1364.53,675.26,69.90,184.34,0.871,-1,-1,-1
518,86,66.64,778.84,128.33,302.87,0.886,-1,-1,-1
518,87,1435.57,675.19,83.59,202.96,0.861,-1,-1,-1
518,88,1846.24,734.85,39.91,272.11,0.861,-1,-1,-1
519,85,1329.46,676.67,70.97,184.19,0.885,-1,-1,-1
519,86,11.83,784.94,126.98,295.69,0.907,-1,-1,-1
519,87,1402.56,676.49,83.75,203.60,0.863,-1,-1,-1
519,88,1817.38,731.47,42.21,275.99,0.870,-1,-1,-1
520,85,1295.19,677.20,72.75,186.83,0.876,-1,-1,-1
520,86,-28.03,791.60,121.49,288.15,0.834,-1,-1,-1
520,87,1369.18,677.14,85.86,209.28,0.882,-1,-1,-1
520,88,1781.45,731.03,44.91,277.78,0.891,-1,-1,-1
521,85,1262.59,683.80,72.05,182.69,0.836,-1,-1,-1
521,87,1335.89,678.46,87.43,213.88,0.886,-1,-1,-1
521,88,1747.07,730.50,47.72,278.15,0.895,-1,-1,-1
521,89,1412.60,574.03,49.93,100.15,0.838,-1,-1,-1
522,85,1227.93,677.44,75.48,189.87,0.888,-1,-1,-1
522,87,1303.86,679.38,87.37,214.10,0.838,-1,-1,-1
522,88,1713.02,730.75,49.74,276.73,0.788,-1,-1,-1
522,89,1385.27,572.60,50.39,101.02,0.847,-1,-1,-1
523,85,1192.01,675.04,78.15,194.94,0.799,-1,-1,-1
523,87,1272.15,678.89,86.94,213.59,0.840,-1,-1,-1
523,88,1678.99,729.36,51.03,269.56,0.805,-1,-1,-1
523,89,1360.44,572.25,50.56,101.15,0.838,-1,-1,-1
524,85,1156.92,677.55,79.22,195.84,0.870,-1,-1,-1
524,87,1239.98,678.43,88.15,217.90,0.866,-1,-1,-1
524,88,1644.78,727.08,54.04,269.71,0.864,-1,-1,-1
524,89,1334.39,571.29,51.40,102.55,0.856,-1,-1,-1
525,85,1121.39,673.91,82.34,202.74,0.873,-1,-1,-1
525,87,1206.65,676.85,89.09,221.00,0.870,-1,-1,-1
525,88,1609.77,723.94,58.10,275.03,0.876,-1,-1,-1
525,89,1308.53,570.70,52.18,103.80,0.849,-1,-1,-1
526,85,1089.75,680.46,81.02,198.68,0.677,-1,-1,-1
526,87,1173.21,677.35,90.31,224.93,0.888,-1,-1,-1
526,88,1575.22,722.40,61.54,276.76,0.881,-1,-1,-1
526,89,1283.71,570.32,52.72,104.50,0.848,-1,-1,-1
527,85,1056.59,681.48,81.79,199.64,0.816,-1,-1,-1
527,87,1139.77,678.78,90.92,226.88,0.871,-1,-1,-1
527,88,1541.56,721.23,64.66,278.23,0.872,-1,-1,-1
527,89,1258.69,570.16,53.09,105.06,0.813,-1,-1,-1
528,85,1026.50,683.66,83.00,203.29,0.830,-1,-1,-1
528,87,1105.81,681.78,91.92,229.41,0.897,-1,-1,-1
528,88,1508.09,722.63,67.73,280.90,0.882,-1,-1,-1
528,89,1233.02,571.40,52.44,104.12,0.820,-1,-1,-1
529,85,997.52,686.15,83.30,206.67,0.843,-1,-1,-1
529,87,1070.24,686.14,93.09,231.13,0.879,-1,-1,-1
529,88,1475.52,724.16,70.89,284.05,0.869,-1,-1,-1
529,89,1208.82,572.77,51.82,103.21,0.835,-1,-1,-1
530,85,964.69,689.77,83.29,208.51,0.756,-1,-1,-1
530,87,1032.82,689.88,95.03,233.53,0.899,-1,-1,-1
530,88,1443.83,727.96,74.26,286.47,0.884,-1,-1,-1
530,89,1184.23,572.73,51.59,103.39,0.854,-1,-1,-1
531,85,930.23,694.30,84.05,211.57,0.850,-1,-1,-1
531,87,998.63,694.20,96.61,235.09,0.904,-1,-1,-1
531,88,1412.33,726.97,78.36,291.76,0.885,-1,-1,-1
531,89,1160.85,572.75,51.23,103.36,0.832,-1,-1,-1
532,85,895.36,698.35,85.09,214.36,0.783,-1,-1,-1
532,87,966.79,699.49,98.36,237.48,0.884,-1,-1,-1
532,88,1383.44,731.63,81.26,291.80,0.873,-1,-1,-1
532,89,1136.63,572.44,51.91,105.93,0.820,-1,-1,-1
533,85,857.48,699.30,87.66,219.79,0.815,-1,-1,-1
533,87,934.90,702.80,100.67,241.68,0.902,-1,-1,-1
533,88,1349.09,734.39,83.15,291.86,0.874,-1,-1,-1
533,89,1113.76,572.84,51.60,106.58,0.837,-1,-1,-1
534,85,828.51,704.27,87.00,219.89,0.838,-1,-1,-1
534,87,901.59,704.73,102.93,245.63,0.879,-1,-1,-1
534,88,1318.81,736.21,85.27,291.86,0.886,-1,-1,-1
534,89,1091.88,574.06,51.06,106.89,0.834,-1,-1,-1
535,85,800.23,713.34,84.44,215.43,0.842,-1,-1,-1
535,87,870.12,706.18,104.26,249.14,0.869,-1,-1,-1
535,88,1288.70,737.20,87.50,293.38,0.876,-1,-1,-1
535,89,1070.55,574.11,51.06,108.36,0.830,-1,-1,-1
536,85,767.90,710.45,85.57,221.47,0.844,-1,-1,-1
536,87,837.15,707.88,105.10,251.51,0.878,-1,-1,-1
536,88,1259.14,737.83,89.17,293.60,0.884,-1,-1,-1
536,89,1049.73,574.56,51.06,109.75,0.828,-1,-1,-1
537,85,733.57,707.50,87.79,230.24,0.793,-1,-1,-1
537,87,804.01,709.58,106.08,255.99,0.873,-1,-1,-1
537,88,1230.53,736.61,90.27,293.35,0.869,-1,-1,-1
537,89,1029.21,573.99,50.90,110.60,0.832,-1,-1,-1
538,85,696.88,709.53,87.87,233.72,0.571,-1,-1,-1
538,87,768.66,711.63,106.78,259.78,0.880,-1,-1,-1
538,88,1202.09,737.50,91.29,292.00,0.873,-1,-1,-1
538,89,1009.77,576.72,50.23,110.32,0.840,-1,-1,-1
539,85,658.62,711.31,89.37,237.61,0.759,-1,-1,-1
539,87,733.70,714.00,108.41,266.39,0.895,-1,-1,-1
539,88,1176.26,736.71,93.20,293.12,0.867,-1,-1,-1
539,89,990.21,578.23,49.64,110.07,0.869,-1,-1,-1
540,85,623.17,714.97,91.21,241.30,0.842,-1,-1,-1
540,87,698.57,717.97,109.61,271.66,0.867,-1,-1,-1
540,88,1146.62,738.73,95.68,298.81,0.862,-1,-1,-1
540,89,971.08,580.21,49.50,110.34,0.860,-1,-1,-1
541,85,582.88,720.32,93.62,245.87,0.824,-1,-1,-1
541,87,665.64,723.40,111.03,278.11,0.749,-1,-1,-1
541,88,1117.94,740.96,97.35,302.64,0.848,-1,-1,-1
541,89,952.15,582.27,49.26,110.10,0.866,-1,-1,-1
542,85,541.76,724.90,95.47,246.95,0.859,-1,-1,-1
542,87,629.58,729.40,112.68,284.06,0.842,-1,-1,-1
542,88,1088.01,748.27,98.96,306.00,0.865,-1,-1,-1
542,89,932.58,583.87,49.79,111.13,0.873,-1,-1,-1
543,85,507.57,732.64,95.49,244.01,0.787,-1,-1,-1
543,87,592.92,735.64,114.08,289.23,0.858,-1,-1,-1
543,88,1059.54,752.62,99.78,306.26,0.871,-1,-1,-1
543,89,913.16,584.62,50.24,111.91,0.864,-1,-1,-1
544,85,467.24,741.05,101.71,254.62,0.865,-1,-1,-1
544,87,554.70,745.43,116.28,296.23,0.872,-1,-1,-1
544,88,1030.19,757.96,101.99,310.37,0.883,-1,-1,-1
544,89,894.00,586.94,51.05,113.29,0.854,-1,-1,-1
545,85,432.90,751.48,101.91,249.79,0.857,-1,-1,-1
545,87,516.68,748.92,117.19,299.87,0.872,-1,-1,-1
545,88,1000.41,757.80,104.04,312.99,0.858,-1,-1,-1
545,89,874.83,585.27,51.59,113.81,0.890,-1,-1,-1
546,85,397.22,751.33,105.36,257.12,0.808,-1,-1,-1
546,87,478.55,752.55,118.61,304.63,0.873,-1,-1,-1
546,88,975.34,756.94,105.26,316.35,0.880,-1,-1,-1
546,89,855.38,584.16,52.35,114.81,0.889,-1,-1,-1
547,85,358.43,751.46,108.67,265.73,0.863,-1,-1,-1
547,87,441.14,754.84,120.04,309.74,0.873,-1,-1,-1
547,88,950.71,757.15,105.37,315.51,0.877,-1,-1,-1
547,89,836.55,583.18,52.95,115.43,0.886,-1,-1,-1
548,85,318.26,760.86,107.52,263.95,0.785,-1,-1,-1
548,87,400.26,756.38,121.45,315.12,0.892,-1,-1,-1
548,88,924.27,757.36,106.14,316.47,0.877,-1,-1,-1
548,89,817.11,582.86,53.69,116.10,0.881,-1,-1,-1
549,85,275.77,759.91,111.27,275.44,0.777,-1,-1,-1
549,87,365.41,759.85,121.49,316.98,0.805,-1,-1,-1
549,88,900.00,757.43,105.33,312.26,0.877,-1,-1,-1
549,89,797.70,583.02,54.32,116.47,0.873,-1,-1,-1
550,85,233.77,760.46,113.80,284.13,0.801,-1,-1,-1
550,87,325.03,761.68,121.22,318.39,0.836,-1,-1,-1
550,88,873.07,756.47,105.58,312.51,0.858,-1,-1,-1
550,89,778.90,583.39,55.10,117.30,0.896,-1,-1,-1
551,85,188.74,765.08,115.43,291.18,0.775,-1,-1,-1
551,87,285.33,766.19,119.50,315.21,0.830,-1,-1,-1
551,88,846.74,756.72,106.94,316.28,0.867,-1,-1,-1
551,89,760.09,583.56,55.91,118.26,0.892,-1,-1,-1
552,85,146.80,768.94,118.11,301.36,0.802,-1,-1,-1
552,87,242.96,771.28,117.62,310.95,0.853,-1,-1,-1
552,88,820.21,756.33,108.41,319.90,0.863,-1,-1,-1
552,89,741.58,583.15,56.48,119.14,0.879,-1,-1,-1
553,85,104.85,774.55,118.42,303.88,0.796,-1,-1,-1
553,87,199.68,778.55,115.50,303.97,0.852,-1,-1,-1
553,88,795.05,757.88,109.10,320.99,0.872,-1,-1,-1
553,89,722.83,582.90,57.29,120.54,0.872,-1,-1,-1
554,85,60.95,782.32,115.96,299.83,0.793,-1,-1,-1
554,87,153.26,786.29,113.88,295.80,0.845,-1,-1,-1
554,88,768.59,762.24,108.77,316.61,0.839,-1,-1,-1
554,89,704.71,583.04,57.40,120.74,0.886,-1,-1,-1
555,85,16.87,791.62,112.84,292.41,0.853,-1,-1,-1
555,87,112.19,797.03,111.21,284.92,0.849,-1,-1,-1
555,88,743.07,764.60,108.78,313.63,0.833,-1,-1,-1
555,89,685.93,583.06,57.50,121.19,0.876,-1,-1,-1
556,85,-18.14,798.14,107.43,286.09,0.871,-1,-1,-1
556,87,64.26,805.20,109.91,276.76,0.861,-1,-1,-1
556,88,715.81,766.60,109.20,311.92,0.864,-1,-1,-1
556,89,667.41,581.50,57.84,122.44,0.881,-1,-1,-1
556,90,753.50,537.51,33.79,90.78,0.793,-1,-1,-1
557,87,15.31,813.98,107.95,267.51,0.869,-1,-1,-1
557,88,688.94,767.08,109.93,310.88,0.881,-1,-1,-1
557,89,648.50,580.37,58.18,123.86,0.871,-1,-1,-1
557,90,737.64,534.00,34.84,93.56,0.787,-1,-1,-1
558,87,-20.52,819.73,102.14,259.35,0.805,-1,-1,-1
558,88,661.21,767.52,110.90,310.63,0.875,-1,-1,-1
558,89,630.12,578.97,58.28,125.04,0.883,-1,-1,-1
558,90,722.08,531.61,34.99,93.79,0.786,-1,-1,-1
559,88,633.73,764.95,113.11,313.34,0.901,-1,-1,-1
559,89,611.88,577.75,58.79,127.32,0.888,-1,-1,-1
559,90,705.99,528.67,35.65,95.48,0.794,-1,-1,-1
560,88,607.23,762.53,114.93,315.75,0.884,-1,-1,-1
560,89,594.07,578.00,59.17,129.26,0.879,-1,-1,-1
560,90,690.22,528.06,35.62,95.30,0.826,-1,-1,-1
561,88,581.60,759.72,116.76,318.35,0.905,-1,-1,-1
561,89,576.63,578.65,59.30,130.31,0.878,-1,-1,-1
561,90,675.36,529.37,34.93,93.25,0.795,-1,-1,-1
562,88,555.98,758.54,117.74,319.54,0.886,-1,-1,-1
562,89,560.11,580.23,59.61,131.50,0.882,-1,-1,-1
562,90,661.47,532.68,33.97,90.26,0.801,-1,-1,-1
563,88,530.67,758.50,118.25,319.18,0.906,-1,-1,-1
563,89,544.16,581.69,60.05,132.91,0.894,-1,-1,-1
563,90,647.64,535.31,33.26,87.93,0.786,-1,-1,-1
564,88,505.16,759.55,118.78,318.87,0.854,-1,-1,-1
564,89,528.38,583.44,60.46,133.77,0.892,-1,-1,-1
564,90,633.95,538.90,32.53,85.57,0.786,-1,-1,-1
565,88,479.06,762.57,118.85,315.95,0.879,-1,-1,-1
565,89,512.77,584.26,60.90,134.56,0.886,-1,-1,-1
565,90,620.64,540.14,32.33,84.74,0.778,-1,-1,-1
566,88,453.48,767.50,118.52,310.66,0.888,-1,-1,-1
566,89,497.11,584.97,61.51,135.59,0.892,-1,-1,-1
566,90,607.52,541.38,32.05,83.72,0.795,-1,-1,-1
567,88,427.59,774.65,118.03,303.63,0.894,-1,-1,-1
567,89,480.62,586.36,62.37,136.78,0.893,-1,-1,-1
567,90,593.54,542.84,31.85,83.35,0.747,-1,-1,-1
568,88,401.78,781.47,117.78,296.52,0.882,-1,-1,-1
568,89,464.00,587.07,63.30,138.09,0.899,-1,-1,-1
568,90,580.08,543.96,31.66,83.01,0.669,-1,-1,-1
569,88,375.45,787.63,118.33,290.57,0.892,-1,-1,-1
569,89,447.13,588.33,64.32,139.67,0.897,-1,-1,-1
570,88,349.14,791.36,119.27,286.23,0.886,-1,-1,-1
570,89,430.85,588.83,64.92,140.45,0.897,-1,-1,-1
570,90,555.17,545.35,31.77,82.98,0.570,-1,-1,-1
571,88,322.48,795.44,120.46,281.98,0.889,-1,-1,-1
571,89,413.77,590.72,65.69,141.36,0.901,-1,-1,-1
572,88,295.62,798.17,121.51,278.23,0.871,-1,-1,-1
572,89,396.70,592.12,66.71,143.06,0.888,-1,-1,-1
572,91,1880.86,591.63,32.33,149.40,0.742,-1,-1,-1
572,92,1321.69,524.76,25.90,71.90,0.514,-1,-1,-1
573,88,268.82,799.42,122.94,275.51,0.843,-1,-1,-1
573,89,380.80,593.88,67.42,144.33,0.899,-1,-1,-1
573,91,1876.73,591.62,33.02,150.71,0.776,-1,-1,-1
573,92,1313.54,526.21,26.53,73.67,0.623,-1,-1,-1
574,88,241.07,800.13,125.22,275.51,0.818,-1,-1,-1
574,89,364.45,595.07,68.06,145.43,0.898,-1,-1,-1
574,91,1870.60,590.15,34.17,154.44,0.727,-1,-1,-1
574,92,1305.49,526.02,27.04,75.18,0.676,-1,-1,-1
575,88,212.30,800.08,127.46,274.72,0.864,-1,-1,-1
575,89,347.54,595.59,68.95,147.07,0.895,-1,-1,-1
575,91,1863.88,590.93,35.24,157.72,0.735,-1,-1,-1
575,92,1297.54,526.11,27.79,77.28,0.640,-1,-1,-1
576,88,182.29,803.85,128.62,272.24,0.849,-1,-1,-1
576,89,330.70,597.79,69.63,148.25,0.895,-1,-1,-1
576,91,1856.46,589.96,36.18,160.76,0.741,-1,-1,-1
576,92,1289.89,526.77,28.46,79.22,0.692,-1,-1,-1
577,88,153.37,806.67,129.92,269.59,0.877,-1,-1,-1
577,89,313.42,598.70,70.37,149.53,0.891,-1,-1,-1
577,91,1848.95,589.45,37.00,163.27,0.726,-1,-1,-1
577,92,1282.64,526.65,29.06,80.93,0.575,-1,-1,-1
578,88,124.61,811.81,130.53,264.85,0.863,-1,-1,-1
578,89,296.99,598.94,70.72,150.05,0.905,-1,-1,-1
578,92,1275.44,525.90,29.54,82.24,0.669,-1,-1,-1
579,88,95.10,818.32,130.75,258.38,0.873,-1,-1,-1
579,89,280.26,598.76,71.62,151.97,0.905,-1,-1,-1
579,91,1830.52,584.06,38.93,169.55,0.546,-1,-1,-1
579,92,1268.97,526.17,29.80,83.07,0.582,-1,-1,-1
580,88,67.26,825.18,129.90,251.37,0.837,-1,-1,-1
580,89,263.41,599.59,72.13,153.32,0.893,-1,-1,-1
580,91,1820.08,581.88,40.67,173.46,0.744,-1,-1,-1
580,92,1263.75,526.84,29.86,83.34,0.700,-1,-1,-1
581,88,38.67,830.86,130.08,246.27,0.848,-1,-1,-1
581,89,246.44,599.56,72.90,155.44,0.909,-1,-1,-1
581,91,1811.86,582.13,42.01,175.68,0.721,-1,-1,-1
581,92,1258.91,526.78,29.87,83.88,0.703,-1,-1,-1
582,88,12.10,835.01,130.85,243.48,0.889,-1,-1,-1
582,89,230.31,600.17,73.48,157.38,0.909,-1,-1,-1
582,91,1804.85,588.11,43.62,178.76,0.784,-1,-1,-1
582,92,1253.85,526.38,29.66,83.83,0.650,-1,-1,-1
583,88,-5.86,837.73,129.37,240.96,0.886,-1,-1,-1
583,89,213.69,601.30,74.84,160.90,0.907,-1,-1,-1
583,91,1798.70,590.37,44.79,180.62,0.707,-1,-1,-1
583,92,1249.16,525.52,29.08,82.54,0.589,-1,-1,-1
584,88,-20.66,839.38,126.06,239.63,0.886,-1,-1,-1
584,89,197.92,601.85,76.14,164.38,0.904,-1,-1,-1
584,91,1794.09,594.68,43.45,172.30,0.537,-1,-1,-1
585,88,-33.02,841.38,121.06,238.05,0.859,-1,-1,-1
585,89,182.76,604.01,77.26,167.13,0.903,-1,-1,-1
586,89,168.42,605.82,78.14,168.99,0.911,-1,-1,-1
586,91,1781.23,593.45,40.93,161.62,0.751,-1,-1,-1
586,92,1236.63,522.46,29.20,83.87,0.653,-1,-1,-1
587,89,154.76,607.71,78.96,170.38,0.911,-1,-1,-1
587,91,1777.05,590.65,40.82,160.46,0.762,-1,-1,-1
587,92,1233.93,520.54,29.11,84.14,0.685,-1,-1,-1
588,89,140.97,609.88,79.57,171.12,0.903,-1,-1,-1
588,91,1774.81,587.51,41.60,161.91,0.801,-1,-1,-1
588,92,1230.63,519.94,28.78,83.79,0.655,-1,-1,-1
589,89,127.14,612.19,80.59,172.69,0.908,-1,-1,-1
589,91,1772.96,585.19,42.49,162.85,0.834,-1,-1,-1
589,92,1228.29,519.09,28.90,84.86,0.716,-1,-1,-1
590,89,113.13,612.94,82.00,175.26,0.911,-1,-1,-1
590,91,1771.10,583.62,43.91,165.85,0.840,-1,-1,-1
590,92,1225.85,520.35,28.51,84.35,0.709,-1,-1,-1
591,89,98.87,614.09,83.34,177.61,0.913,-1,-1,-1
591,91,1769.59,583.36,45.30,168.05,0.842,-1,-1,-1
591,92,1223.58,520.42,28.71,85.30,0.623,-1,-1,-1
592,89,84.59,616.64,84.39,179.41,0.904,-1,-1,-1
592,91,1768.88,581.24,46.82,170.11,0.845,-1,-1,-1
592,92,1221.47,518.78,29.03,86.71,0.612,-1,-1,-1
593,89,70.22,617.91,85.71,181.91,0.913,-1,-1,-1
593,91,1767.99,582.22,48.31,171.18,0.865,-1,-1,-1
593,92,1219.86,517.85,29.61,88.94,0.639,-1,-1,-1
593,93,340.70,533.57,29.73,99.57,0.717,-1,-1,-1
594,89,55.81,619.77,86.95,184.12,0.896,-1,-1,-1
594,91,1766.44,582.05,50.51,172.90,0.891,-1,-1,-1
594,92,1218.78,516.90,30.04,90.79,0.663,-1,-1,-1
594,93,334.83,535.36,30.02,99.77,0.836,-1,-1,-1
595,89,41.08,620.90,88.98,187.76,0.902,-1,-1,-1
595,91,1764.31,584.03,52.82,173.95,0.886,-1,-1,-1
595,92,1219.31,518.41,29.67,90.02,0.711,-1,-1,-1
595,93,329.04,535.55,30.26,99.68,0.827,-1,-1,-1
596,89,26.90,623.64,90.86,191.11,0.901,-1,-1,-1
596,91,1764.88,584.57,54.38,173.42,0.892,-1,-1,-1
596,92,1219.76,519.17,29.28,89.20,0.650,-1,-1,-1
596,93,323.98,535.50,31.29,101.99,0.854,-1,-1,-1
597,89,13.70,624.96,92.42,194.26,0.901,-1,-1,-1
597,91,1768.33,587.61,55.78,172.61,0.860,-1,-1,-1
597,92,1220.98,518.97,29.22,89.32,0.679,-1,-1,-1
597,93,319.44,534.77,31.81,102.52,0.825,-1,-1,-1
598,89,0.37,632.52,93.50,196.11,0.903,-1,-1,-1
598,91,1771.66,584.33,57.59,173.68,0.843,-1,-1,-1
598,92,1222.36,518.82,29.24,89.53,0.684,-1,-1,-1
598,93,314.92,536.93,32.41,103.22,0.845,-1,-1,-1
599,89,-7.93,638.91,93.41,197.53,0.919,-1,-1,-1
599,91,1775.80,583.50,58.87,174.16,0.857,-1,-1,-1
599,92,1224.43,519.45,28.96,88.56,0.735,-1,-1,-1
599,93,310.88,537.62,33.07,104.05,0.844,-1,-1,-1
600,89,-14.34,642.36,92.16,198.24,0.888,-1,-1,-1
600,91,1780.41,582.93,60.12,175.54,0.857,-1,-1,-1
600,92,1227.00,520.17,29.03,88.10,0.744,-1,-1,-1
600,93,306.84,538.92,33.66,104.61,0.840,-1,-1,-1
601,89,-18.83,646.63,89.60,198.17,0.910,-1,-1,-1
601,91,1784.80,578.38,61.90,180.07,0.824,-1,-1,-1
601,92,1228.77,520.82,29.06,87.80,0.691,-1,-1,-1
601,93,303.56,539.48,34.25,105.06,0.833,-1,-1,-1
602,89,-22.66,652.39,84.97,194.48,0.885,-1,-1,-1
602,91,1789.92,577.17,61.67,179.78,0.801,-1,-1,-1
602,92,1231.26,521.35,28.83,87.18,0.690,-1,-1,-1
602,93,300.16,540.44,35.10,106.21,0.865,-1,-1,-1
603,89,-25.36,667.81,77.16,182.98,0.824,-1,-1,-1
603,91,1794.80,577.58,60.62,178.93,0.793,-1,-1,-1
603,92,1233.70,521.22,28.82,87.31,0.705,-1,-1,-1
603,93,296.76,541.19,35.71,106.47,0.862,-1,-1,-1
603,94,286.62,504.34,18.91,52.95,0.577,-1,-1,-1
604,91,1798.69,577.31,59.98,180.13,0.757,-1,-1,-1
604,92,1235.37,521.42,28.91,87.44,0.746,-1,-1,-1
604,93,293.57,543.52,36.31,106.53,0.858,-1,-1,-1
604,94,283.99,506.58,18.52,51.80,0.564,-1,-1,-1
605,91,1805.15,580.99,57.81,176.81,0.700,-1,-1,-1
605,92,1237.84,521.25,28.96,87.97,0.722,-1,-1,-1
605,93,290.60,544.78,36.86,106.24,0.863,-1,-1,-1
605,94,281.02,506.93,18.73,52.30,0.545,-1,-1,-1
606,91,1811.96,583.83,55.83,173.18,0.539,-1,-1,-1
606,92,1241.19,520.69,28.95,88.53,0.733,-1,-1,-1
606,93,287.70,545.24,37.45,106.03,0.871,-1,-1,-1
606,94,278.34,506.55,18.98,52.91,0.545,-1,-1,-1
607,92,1243.72,520.80,28.93,88.85,0.720,-1,-1,-1
607,93,285.10,545.48,37.85,105.31,0.866,-1,-1,-1
608,92,1246.52,520.73,29.06,89.70,0.723,-1,-1,-1
608,93,282.35,544.13,38.60,105.77,0.870,-1,-1,-1
609,92,1250.10,520.80,28.92,89.89,0.734,-1,-1,-1
609,93,279.85,542.28,39.29,106.24,0.854,-1,-1,-1
609,94,272.59,503.20,19.17,53.41,0.539,-1,-1,-1
610,92,1253.65,520.76,28.81,90.41,0.724,-1,-1,-1
610,93,276.68,539.38,40.01,107.18,0.848,-1,-1,-1
611,91,1816.81,592.29,55.68,175.27,0.560,-1,-1,-1
611,92,1256.72,519.12,29.42,93.51,0.693,-1,-1,-1
611,93,273.77,537.12,40.91,108.66,0.857,-1,-1,-1
612,91,1820.13,593.31,56.19,178.84,0.710,-1,-1,-1
612,92,1259.22,519.34,29.59,94.78,0.716,-1,-1,-1
612,93,271.30,535.56,41.53,109.40,0.844,-1,-1,-1
613,91,1825.96,595.06,56.57,181.39,0.728,-1,-1,-1
613,92,1262.75,521.96,28.83,92.64,0.753,-1,-1,-1
613,93,268.80,532.93,42.08,109.96,0.827,-1,-1,-1
613,94,264.96,496.34,19.45,53.97,0.549,-1,-1,-1
614,91,1832.28,597.00,57.78,185.26,0.754,-1,-1,-1
614,92,1266.35,522.87,28.66,92.79,0.718,-1,-1,-1
614,93,265.78,531.03,42.79,111.48,0.829,-1,-1,-1
614,94,263.15,494.95,19.42,53.65,0.583,-1,-1,-1
615,91,1838.66,601.00,59.64,190.07,0.763,-1,-1,-1
615,92,1269.46,524.04,28.96,94.60,0.741,-1,-1,-1
615,93,262.70,529.99,43.23,112.49,0.851,-1,-1,-1
616,91,1844.51,603.52,60.65,192.83,0.702,-1,-1,-1
616,92,1271.89,527.16,29.10,95.67,0.744,-1,-1,-1
616,93,259.48,530.94,43.32,112.38,0.864,-1,-1,-1
616,94,259.21,494.37,19.53,53.81,0.550,-1,-1,-1
617,91,1848.39,606.13,61.76,197.91,0.794,-1,-1,-1
617,92,1274.15,529.85,29.25,96.24,0.775,-1,-1,-1
617,93,256.78,531.70,43.36,111.95,0.853,-1,-1,-1
618,91,1851.84,609.50,61.52,200.11,0.804,-1,-1,-1
618,92,1277.19,533.24,29.24,96.62,0.792,-1,-1,-1
618,93,253.71,532.45,43.29,111.45,0.845,-1,-1,-1
619,91,1857.37,610.81,61.56,202.19,0.638,-1,-1,-1
619,92,1279.45,534.79,29.24,96.61,0.752,-1,-1,-1
619,93,251.08,534.65,43.32,111.07,0.867,-1,-1,-1
620,91,1863.03,612.07,61.36,205.47,0.839,-1,-1,-1
620,92,1281.85,535.23,29.91,98.96,0.754,-1,-1,-1
620,93,248.52,534.67,43.90,112.37,0.866,-1,-1,-1
621,91,1868.90,613.53,58.11,198.54,0.816,-1,-1,-1
621,92,1284.45,535.77,29.93,99.10,0.764,-1,-1,-1
621,93,245.70,534.19,44.72,114.62,0.860,-1,-1,-1
621,94,248.63,496.12,19.59,53.89,0.548,-1,-1,-1
622,91,1874.85,616.24,53.43,186.84,0.822,-1,-1,-1
622,92,1288.42,537.22,29.78,99.24,0.754,-1,-1,-1
622,93,243.09,534.69,44.85,114.83,0.857,-1,-1,-1
623,91,1879.61,616.95,50.14,180.15,0.784,-1,-1,-1
623,92,1291.76,534.78,30.61,102.94,0.731,-1,-1,-1
623,93,241.06,537.78,44.51,113.66,0.859,-1,-1,-1
624,91,1884.24,619.38,47.59,176.48,0.731,-1,-1,-1
624,92,1295.85,535.71,30.61,103.65,0.739,-1,-1,-1
624,93,238.69,535.41,45.44,115.98,0.859,-1,-1,-1
625,92,1300.62,538.74,30.07,102.24,0.739,-1,-1,-1
625,93,236.63,537.61,46.19,117.99,0.865,-1,-1,-1
626,92,1305.34,537.79,30.38,103.32,0.688,-1,-1,-1
626,93,235.02,536.06,46.70,119.52,0.854,-1,-1,-1
627,92,1311.62,537.47,30.45,102.94,0.735,-1,-1,-1
627,93,233.95,540.54,46.68,119.51,0.858,-1,-1,-1
628,92,1318.70,539.55,30.66,102.62,0.739,-1,-1,-1
628,93,233.73,542.65,46.57,119.20,0.862,-1,-1,-1
629,92,1325.59,537.81,31.00,102.68,0.752,-1,-1,-1
629,93,234.41,549.70,45.95,117.11,0.869,-1,-1,-1
629,95,308.56,487.26,16.24,41.97,0.622,-1,-1,-1
630,92,1332.78,537.48,31.60,102.62,0.761,-1,-1,-1
630,93,235.91,553.23,45.78,115.97,0.865,-1,-1,-1
630,95,310.87,489.38,16.16,41.73,0.625,-1,-1,-1
631,92,1339.57,536.84,32.33,103.56,0.771,-1,-1,-1
631,93,237.43,555.25,45.82,115.16,0.869,-1,-1,-1
631,95,313.91,488.44,16.59,42.77,0.591,-1,-1,-1
632,92,1346.33,536.85,33.30,105.49,0.771,-1,-1,-1
632,93,238.24,556.12,46.43,115.99,0.872,-1,-1,-1
632,95,316.70,489.65,16.42,42.34,0.527,-1,-1,-1
633,92,1353.91,536.77,34.24,107.41,0.796,-1,-1,-1
633,93,239.02,556.71,47.21,117.41,0.860,-1,-1,-1
633,95,319.89,491.02,16.16,41.63,0.556,-1,-1,-1
634,92,1361.99,537.18,34.96,108.92,0.767,-1,-1,-1
634,93,239.54,557.32,47.77,118.62,0.851,-1,-1,-1
634,95,322.80,493.10,15.84,40.76,0.616,-1,-1,-1
635,92,1369.84,537.86,35.74,110.80,0.787,-1,-1,-1
635,93,240.70,556.70,48.26,119.80,0.854,-1,-1,-1
635,95,325.92,492.60,16.07,41.26,0.610,-1,-1,-1
636,92,1377.70,540.33,36.30,111.55,0.757,-1,-1,-1
636,93,242.24,558.41,48.37,120.24,0.859,-1,-1,-1
636,95,328.90,494.48,16.20,41.58,0.575,-1,-1,-1
637,92,1386.81,543.27,36.51,112.09,0.730,-1,-1,-1
637,93,243.78,559.68,48.39,120.87,0.857,-1,-1,-1
637,95,332.35,495.40,16.35,41.85,0.579,-1,-1,-1
638,92,1397.22,544.70,36.92,113.59,0.764,-1,-1,-1
638,93,245.56,561.03,48.81,122.95,0.848,-1,-1,-1
638,95,335.76,497.82,16.30,41.64,0.569,-1,-1,-1
639,92,1407.20,546.99,37.44,115.52,0.775,-1,-1,-1
639,93,247.82,562.01,48.62,123.73,0.836,-1,-1,-1
639,95,339.32,498.10,16.67,42.55,0.595,-1,-1,-1
640,92,1417.66,548.86,36.15,110.97,0.663,-1,-1,-1
640,93,249.84,564.01,48.23,124.08,0.818,-1,-1,-1
641,92,1427.89,552.77,36.18,110.57,0.719,-1,-1,-1
641,93,252.38,566.12,47.69,123.98,0.813,-1,-1,-1
641,95,346.75,500.79,16.68,42.54,0.629,-1,-1,-1
642,92,1439.33,556.15,35.58,108.07,0.773,-1,-1,-1
642,93,255.17,567.37,47.20,123.99,0.808,-1,-1,-1
643,92,1451.51,559.28,34.84,105.15,0.654,-1,-1,-1
643,93,258.00,569.34,46.50,123.11,0.697,-1,-1,-1
644,92,1462.86,561.44,35.98,108.71,0.617,-1,-1,-1
644,93,261.44,571.67,45.49,121.14,0.521,-1,-1,-1
644,95,358.88,501.91,16.74,42.70,0.571,-1,-1,-1
645,92,1475.95,563.61,32.54,96.09,0.574,-1,-1,-1
645,93,265.06,573.27,45.04,121.02,0.648,-1,-1,-1
646,93,268.07,573.70,45.11,122.58,0.762,-1,-1,-1
647,93,269.95,573.13,45.32,123.70,0.783,-1,-1,-1
648,93,273.06,573.52,45.10,124.09,0.792,-1,-1,-1
649,93,277.02,568.22,45.62,126.81,0.733,-1,-1,-1
650,93,281.75,568.20,45.48,127.62,0.789,-1,-1,-1
651,93,287.57,568.71,45.15,128.80,0.813,-1,-1,-1
652,93,293.69,562.95,45.11,130.56,0.739,-1,-1,-1
653,93,300.28,560.67,45.12,132.56,0.757,-1,-1,-1
653,96,403.98,493.73,16.70,43.49,0.532,-1,-1,-1
654,93,307.16,562.47,44.84,132.78,0.775,-1,-1,-1
654,96,409.08,492.89,17.28,44.89,0.552,-1,-1,-1
655,93,313.91,563.08,44.60,132.27,0.758,-1,-1,-1
655,96,416.56,491.88,17.40,45.10,0.583,-1,-1,-1
656,93,317.49,548.70,50.55,151.42,0.609,-1,-1,-1
656,96,425.02,494.53,17.94,46.50,0.581,-1,-1,-1
657,93,328.47,564.29,47.53,140.64,0.829,-1,-1,-1
657,96,434.34,498.11,17.66,45.73,0.526,-1,-1,-1
658,93,335.80,574.93,46.13,134.63,0.818,-1,-1,-1
658,96,442.22,501.50,17.43,44.89,0.540,-1,-1,-1
659,93,344.40,588.12,46.23,132.82,0.843,-1,-1,-1
660,93,349.64,592.81,46.42,131.53,0.851,-1,-1,-1
660,96,456.57,510.29,17.47,44.69,0.559,-1,-1,-1
660,97,348.26,539.59,25.69,71.70,0.555,-1,-1,-1
661,93,354.97,595.61,46.97,131.33,0.834,-1,-1,-1
661,96,464.04,513.65,17.22,43.96,0.543,-1,-1,-1
661,97,351.94,537.21,26.80,74.82,0.728,-1,-1,-1
662,93,362.84,598.50,45.89,127.66,0.812,-1,-1,-1
662,96,469.74,514.75,17.42,44.21,0.573,-1,-1,-1
662,97,355.49,536.44,27.03,75.31,0.758,-1,-1,-1
663,93,372.36,599.87,45.05,125.04,0.832,-1,-1,-1
663,96,476.53,515.10,17.20,43.56,0.570,-1,-1,-1
663,97,358.50,534.45,27.57,76.48,0.760,-1,-1,-1
664,93,381.63,598.46,44.97,123.77,0.835,-1,-1,-1
664,97,362.98,530.22,28.11,77.63,0.747,-1,-1,-1
665,93,389.16,599.13,45.04,121.97,0.834,-1,-1,-1
665,96,489.80,511.71,17.35,43.98,0.543,-1,-1,-1
665,97,368.49,528.54,28.39,78.37,0.711,-1,-1,-1
666,93,399.11,597.15,45.13,120.82,0.753,-1,-1,-1
666,97,374.93,525.33,28.41,78.37,0.760,-1,-1,-1
667,93,406.12,594.83,46.66,121.20,0.750,-1,-1,-1
667,97,380.51,522.97,28.58,78.95,0.757,-1,-1,-1
668,93,410.37,593.01,50.96,125.69,0.817,-1,-1,-1
668,97,386.68,521.99,28.66,79.14,0.759,-1,-1,-1
669,93,417.82,589.31,54.46,127.50,0.833,-1,-1,-1
669,97,392.38,518.62,28.82,79.94,0.726,-1,-1,-1
670,93,427.44,589.06,56.54,125.98,0.827,-1,-1,-1
670,97,398.17,516.11,28.60,79.57,0.728,-1,-1,-1
671,93,437.38,581.41,61.52,133.14,0.758,-1,-1,-1
671,97,403.90,513.17,28.57,79.83,0.767,-1,-1,-1
672,93,448.55,572.35,66.98,140.96,0.855,-1,-1,-1
672,97,409.69,509.78,28.88,80.91,0.756,-1,-1,-1
673,93,460.44,569.15,69.41,143.91,0.749,-1,-1,-1
673,97,415.43,509.14,28.51,80.15,0.748,-1,-1,-1
674,97,421.52,504.05,28.83,81.12,0.720,-1,-1,-1
675,93,494.43,572.49,65.01,133.70,0.803,-1,-1,-1
675,97,426.27,498.22,29.34,82.42,0.758,-1,-1,-1
676,93,511.55,574.97,63.96,131.65,0.822,-1,-1,-1
676,97,430.61,496.77,30.18,84.70,0.753,-1,-1,-1
676,98,560.55,483.05,17.74,44.14,0.591,-1,-1,-1
677,93,525.07,572.73,65.14,133.28,0.819,-1,-1,-1
677,97,437.42,495.27,30.36,84.60,0.762,-1,-1,-1
677,98,568.58,481.61,18.08,44.99,0.652,-1,-1,-1
678,93,535.57,570.99,68.24,137.61,0.866,-1,-1,-1
678,97,442.67,495.76,30.79,85.47,0.690,-1,-1,-1
678,98,574.97,481.15,18.64,46.34,0.671,-1,-1,-1
679,93,547.45,575.71,70.24,139.37,0.891,-1,-1,-1
679,97,447.75,502.45,31.15,86.35,0.760,-1,-1,-1
679,98,582.04,486.86,18.71,46.57,0.630,-1,-1,-1
680,93,558.46,575.06,72.44,141.11,0.867,-1,-1,-1
680,97,453.96,503.42,30.94,85.85,0.719,-1,-1,-1
680,98,589.85,487.65,18.84,46.88,0.569,-1,-1,-1
681,93,568.21,588.21,74.90,144.35,0.831,-1,-1,-1
681,97,457.56,518.00,30.44,84.80,0.598,-1,-1,-1
682,93,586.52,607.20,74.41,142.36,0.843,-1,-1,-1
682,96,600.13,534.33,17.52,44.21,0.559,-1,-1,-1
683,93,599.92,604.50,73.01,140.04,0.558,-1,-1,-1
684,93,615.45,595.25,71.80,138.66,0.790,-1,-1,-1
684,97,469.55,517.94,30.28,83.81,0.710,-1,-1,-1
684,98,610.54,495.97,18.38,45.70,0.582,-1,-1,-1
685,93,632.33,589.10,71.65,140.24,0.765,-1,-1,-1
685,97,473.02,515.77,31.42,86.68,0.786,-1,-1,-1
685,98,615.40,495.18,18.65,46.41,0.619,-1,-1,-1
686,93,646.34,582.40,70.83,140.13,0.747,-1,-1,-1
686,97,477.02,511.10,31.47,86.82,0.756,-1,-1,-1
686,98,621.62,491.10,18.60,46.30,0.630,-1,-1,-1
687,93,659.67,578.11,70.92,140.67,0.767,-1,-1,-1
687,97,482.25,508.99,31.36,86.08,0.737,-1,-1,-1
687,98,627.38,487.79,19.01,47.30,0.590,-1,-1,-1
688,93,670.76,573.02,74.36,145.34,0.856,-1,-1,-1
688,97,486.89,505.16,32.12,87.83,0.718,-1,-1,-1
688,98,633.59,484.56,19.41,48.33,0.579,-1,-1,-1
689,93,684.05,569.94,76.86,147.38,0.862,-1,-1,-1
689,97,491.64,504.13,32.17,87.89,0.748,-1,-1,-1
689,98,639.71,481.97,19.58,48.60,0.565,-1,-1,-1
690,93,697.79,567.52,79.36,147.94,0.899,-1,-1,-1
690,97,495.83,501.55,32.39,88.08,0.768,-1,-1,-1
690,98,646.42,479.39,19.54,48.48,0.600,-1,-1,-1
690,99,675.63,475.39,18.16,47.44,0.518,-1,-1,-1
691,93,710.54,566.68,81.67,149.56,0.893,-1,-1,-1
691,97,499.35,499.94,32.64,88.05,0.764,-1,-1,-1
691,98,651.96,476.03,19.87,49.38,0.594,-1,-1,-1
691,99,681.32,473.77,18.30,47.77,0.557,-1,-1,-1
692,93,725.34,569.52,82.65,149.22,0.884,-1,-1,-1
692,97,503.77,497.08,33.44,89.65,0.762,-1,-1,-1
692,98,658.49,474.78,19.89,49.39,0.703,-1,-1,-1
692,99,688.32,472.74,19.16,50.01,0.574,-1,-1,-1
693,93,743.08,573.63,82.23,147.33,0.904,-1,-1,-1
693,97,508.63,494.85,34.10,91.33,0.761,-1,-1,-1
693,98,664.42,473.42,20.04,49.74,0.598,-1,-1,-1
693,99,695.36,471.70,19.32,50.42,0.593,-1,-1,-1
694,93,763.34,578.87,81.27,145.80,0.860,-1,-1,-1
694,97,513.59,496.58,34.02,91.32,0.767,-1,-1,-1
694,98,670.41,475.28,20.04,49.69,0.672,-1,-1,-1
694,99,701.04,473.93,19.52,50.93,0.585,-1,-1,-1
695,93,783.71,583.55,80.78,146.33,0.870,-1,-1,-1
695,97,519.07,498.97,33.61,90.41,0.768,-1,-1,-1
695,98,676.60,476.72,20.08,49.86,0.677,-1,-1,-1
695,99,707.56,475.64,19.43,50.77,0.635,-1,-1,-1
696,93,800.64,584.36,81.79,148.91,0.850,-1,-1,-1
696,97,524.31,498.91,33.50,90.23,0.761,-1,-1,-1
696,98,682.81,477.26,20.11,49.92,0.726,-1,-1,-1
696,99,714.57,476.49,19.00,49.70,0.593,-1,-1,-1
697,93,814.17,584.71,82.78,150.23,0.854,-1,-1,-1
697,97,528.81,498.95,33.77,91.42,0.739,-1,-1,-1
697,98,688.41,478.03,20.20,50.19,0.596,-1,-1,-1
697,99,720.59,477.46,19.41,50.88,0.630,-1,-1,-1
698,93,828.93,582.65,85.91,155.11,0.878,-1,-1,-1
698,97,531.40,497.70,34.75,93.50,0.712,-1,-1,-1
698,98,694.26,478.43,20.26,50.38,0.679,-1,-1,-1
698,99,726.84,477.80,19.39,50.86,0.663,-1,-1,-1
699,93,844.21,584.16,87.31,156.25,0.887,-1,-1,-1
699,97,536.02,497.51,34.85,93.63,0.767,-1,-1,-1
699,98,700.05,478.73,20.21,50.30,0.594,-1,-1,-1
699,99,732.92,478.05,19.42,51.08,0.618,-1,-1,-1
700,93,860.57,587.74,89.76,158.54,0.889,-1,-1,-1
700,97,538.63,499.96,35.14,93.24,0.721,-1,-1,-1
700,98,704.63,480.12,20.27,50.54,0.694,-1,-1,-1
700,99,738.38,479.32,19.24,50.68,0.674,-1,-1,-1
701,93,877.43,592.31,90.35,158.56,0.850,-1,-1,-1
701,97,540.68,498.72,36.79,96.46,0.779,-1,-1,-1
701,98,710.10,480.48,20.49,51.29,0.571,-1,-1,-1
701,99,744.42,480.53,18.79,49.61,0.641,-1,-1,-1
701,100,725.98,486.84,14.95,44.81,0.552,-1,-1,-1
702,93,896.14,598.15,90.51,157.78,0.883,-1,-1,-1
702,97,544.74,501.16,36.82,95.17,0.772,-1,-1,-1
702,98,715.97,480.87,20.59,51.74,0.649,-1,-1,-1
702,99,750.31,481.63,18.58,49.14,0.654,-1,-1,-1
703,93,926.70,604.50,87.26,156.11,0.824,-1,-1,-1
703,97,549.20,502.07,37.10,94.72,0.800,-1,-1,-1
703,98,721.32,480.98,20.74,52.31,0.614,-1,-1,-1
703,99,755.95,481.61,18.70,49.56,0.685,-1,-1,-1
704,93,945.12,611.66,85.78,154.94,0.839,-1,-1,-1
704,97,552.19,502.90,38.21,96.96,0.738,-1,-1,-1
704,98,726.06,483.58,20.41,51.65,0.657,-1,-1,-1
704,99,760.55,485.92,18.76,49.81,0.684,-1,-1,-1
705,93,963.62,615.20,85.41,156.63,0.880,-1,-1,-1
705,97,555.21,503.87,38.92,98.06,0.785,-1,-1,-1
705,98,730.82,485.02,20.14,51.16,0.653,-1,-1,-1
705,99,765.02,487.63,18.79,50.02,0.680,-1,-1,-1
706,93,977.74,617.82,87.23,160.41,0.895,-1,-1,-1
706,97,558.76,505.58,39.25,98.25,0.799,-1,-1,-1
706,98,735.10,487.24,19.99,50.79,0.612,-1,-1,-1
706,99,769.31,487.95,19.37,51.55,0.617,-1,-1,-1
707,93,989.17,616.90,90.83,165.93,0.902,-1,-1,-1
707,97,561.26,508.82,39.48,98.40,0.814,-1,-1,-1
707,99,772.57,489.16,20.13,53.63,0.646,-1,-1,-1
707,100,738.12,490.56,17.02,50.72,0.675,-1,-1,-1
708,93,1003.24,617.87,93.24,169.01,0.879,-1,-1,-1
708,97,563.04,512.19,40.27,99.62,0.834,-1,-1,-1
708,99,776.19,491.24,20.28,54.01,0.622,-1,-1,-1
708,100,741.11,492.61,17.34,51.39,0.690,-1,-1,-1
709,93,1019.53,617.21,96.52,172.00,0.900,-1,-1,-1
709,97,565.01,514.81,41.22,101.81,0.827,-1,-1,-1
709,99,780.11,494.84,19.81,52.70,0.655,-1,-1,-1
709,100,744.57,494.26,17.61,51.82,0.676,-1,-1,-1
710,93,1034.58,624.83,99.87,174.60,0.903,-1,-1,-1
710,97,568.50,520.82,41.02,101.43,0.802,-1,-1,-1
710,99,784.53,499.94,19.32,51.37,0.643,-1,-1,-1
710,100,748.68,498.79,17.74,51.98,0.660,-1,-1,-1
711,93,1052.09,625.62,101.56,175.36,0.894,-1,-1,-1
711,97,571.61,526.24,40.44,100.43,0.789,-1,-1,-1
711,98,767.14,502.71,18.87,48.42,0.517,-1,-1,-1
711,99,787.91,501.89,19.08,50.48,0.661,-1,-1,-1
711,100,751.74,501.45,17.84,51.97,0.668,-1,-1,-1
712,93,1069.93,631.97,103.16,177.06,0.886,-1,-1,-1
712,97,573.30,530.04,40.68,100.98,0.801,-1,-1,-1
712,98,773.71,508.61,17.82,46.24,0.552,-1,-1,-1
712,99,792.31,507.17,18.23,48.18,0.568,-1,-1,-1
712,100,756.21,505.59,17.82,51.56,0.693,-1,-1,-1
713,93,1090.99,634.33,101.63,174.08,0.885,-1,-1,-1
713,97,574.86,530.64,41.25,102.95,0.803,-1,-1,-1
713,98,777.64,508.95,17.47,45.81,0.560,-1,-1,-1
713,99,795.00,505.95,18.66,49.45,0.649,-1,-1,-1
713,100,759.04,505.08,18.11,52.15,0.648,-1,-1,-1
714,93,1116.82,638.19,100.28,173.23,0.882,-1,-1,-1
714,97,577.11,537.74,41.31,102.98,0.797,-1,-1,-1
714,98,781.27,513.06,17.75,46.94,0.509,-1,-1,-1
714,99,798.26,509.55,19.16,50.88,0.728,-1,-1,-1
714,100,762.88,510.05,18.05,51.58,0.688,-1,-1,-1
715,93,1134.83,637.98,101.30,176.01,0.868,-1,-1,-1
715,97,578.28,539.78,41.73,103.84,0.790,-1,-1,-1
715,99,801.50,511.13,19.04,50.81,0.705,-1,-1,-1
715,100,766.13,511.58,18.31,51.82,0.684,-1,-1,-1
716,93,1151.30,635.21,103.52,180.88,0.828,-1,-1,-1
716,97,579.43,541.76,42.22,104.92,0.805,-1,-1,-1
716,98,787.32,514.63,18.36,49.17,0.595,-1,-1,-1
716,99,804.39,512.97,18.98,50.76,0.719,-1,-1,-1
716,100,769.01,512.07,18.59,52.29,0.697,-1,-1,-1
717,93,1168.73,632.81,104.38,183.54,0.870,-1,-1,-1
717,97,580.29,543.37,42.62,105.78,0.805,-1,-1,-1
717,98,789.87,515.06,18.50,50.07,0.556,-1,-1,-1
717,99,807.05,512.68,19.72,53.03,0.680,-1,-1,-1
717,100,771.68,512.87,18.74,52.25,0.663,-1,-1,-1
718,93,1187.55,630.39,107.23,190.03,0.874,-1,-1,-1
718,97,582.15,546.23,42.77,106.07,0.811,-1,-1,-1
718,99,809.81,514.43,19.66,53.03,0.699,-1,-1,-1
718,100,774.76,514.86,18.86,52.07,0.701,-1,-1,-1
718,101,1441.64,528.76,25.08,64.91,0.676,-1,-1,-1
719,93,1206.51,632.73,109.08,193.04,0.882,-1,-1,-1
719,97,584.04,545.40,43.02,106.62,0.786,-1,-1,-1
719,98,796.27,515.76,18.61,51.12,0.577,-1,-1,-1
719,99,813.01,513.15,20.37,55.35,0.718,-1,-1,-1
719,100,777.78,514.32,19.36,52.99,0.690,-1,-1,-1
719,101,1447.55,532.43,26.01,67.26,0.567,-1,-1,-1
720,93,1226.73,634.21,111.85,197.25,0.887,-1,-1,-1
720,97,584.69,547.55,43.72,108.25,0.822,-1,-1,-1
720,98,798.76,517.50,18.23,50.75,0.612,-1,-1,-1
720,99,815.61,514.05,20.52,56.12,0.726,-1,-1,-1
720,100,780.42,515.58,19.55,53.24,0.731,-1,-1,-1
720,101,1454.12,532.12,26.28,67.90,0.666,-1,-1,-1
721,93,1246.76,638.36,112.53,198.82,0.898,-1,-1,-1
721,97,586.00,548.23,44.34,109.66,0.803,-1,-1,-1
721,98,802.05,518.23,17.96,50.55,0.557,-1,-1,-1
721,99,818.88,514.17,20.69,56.63,0.673,-1,-1,-1
721,100,783.66,515.86,19.94,54.03,0.718,-1,-1,-1
721,101,1461.12,532.18,27.04,69.85,0.615,-1,-1,-1
722,93,1269.07,645.22,112.04,199.21,0.886,-1,-1,-1
722,97,587.83,549.68,44.61,110.14,0.794,-1,-1,-1
722,98,804.73,517.44,18.40,52.32,0.556,-1,-1,-1
722,99,822.13,514.00,21.03,57.95,0.736,-1,-1,-1
722,100,786.81,515.80,20.43,55.00,0.699,-1,-1,-1
722,101,1468.40,534.48,26.48,68.36,0.694,-1,-1,-1
723,93,1294.33,653.03,109.72,197.65,0.827,-1,-1,-1
723,97,589.32,550.24,44.77,110.41,0.760,-1,-1,-1
723,98,808.50,517.10,18.50,53.16,0.632,-1,-1,-1
723,99,826.56,515.07,20.67,57.33,0.728,-1,-1,-1
723,100,790.49,516.04,20.44,54.94,0.724,-1,-1,-1
723,101,1475.69,536.68,26.49,68.28,0.607,-1,-1,-1
724,93,1321.66,663.33,106.68,195.09,0.743,-1,-1,-1
724,97,588.27,555.13,45.78,111.99,0.714,-1,-1,-1
724,98,811.30,521.83,18.36,53.13,0.644,-1,-1,-1
724,99,829.56,519.67,20.75,57.99,0.676,-1,-1,-1
724,100,793.50,521.37,20.27,54.30,0.708,-1,-1,-1
724,101,1481.54,539.58,27.04,69.59,0.585,-1,-1,-1
725,93,1351.31,669.31,106.21,197.99,0.821,-1,-1,-1
725,97,589.11,558.62,46.22,112.51,0.807,-1,-1,-1
725,98,814.65,524.84,18.16,52.78,0.613,-1,-1,-1
725,99,833.43,523.41,20.25,56.77,0.720,-1,-1,-1
725,100,796.72,524.01,20.28,54.26,0.688,-1,-1,-1
725,101,1488.67,542.46,26.63,68.41,0.626,-1,-1,-1
726,93,1374.79,674.97,107.92,203.15,0.846,-1,-1,-1
726,97,589.68,558.15,47.27,114.41,0.804,-1,-1,-1
726,98,818.72,525.43,18.24,53.08,0.641,-1,-1,-1
726,99,838.10,525.09,19.40,54.47,0.695,-1,-1,-1
726,100,800.72,524.92,20.39,54.48,0.701,-1,-1,-1
726,101,1496.37,547.16,26.65,68.43,0.565,-1,-1,-1
727,93,1396.42,675.78,109.87,207.37,0.807,-1,-1,-1
727,97,590.93,563.01,47.71,115.08,0.793,-1,-1,-1
727,98,822.01,528.67,18.26,53.44,0.626,-1,-1,-1
727,99,841.46,527.47,19.46,54.78,0.689,-1,-1,-1
727,100,803.87,528.97,20.41,54.31,0.761,-1,-1,-1
727,101,1502.98,547.84,27.09,69.46,0.630,-1,-1,-1
728,93,1415.56,682.97,114.29,213.98,0.862,-1,-1,-1
728,97,592.37,564.26,48.03,115.45,0.751,-1,-1,-1
728,98,826.11,530.47,18.28,53.71,0.561,-1,-1,-1
728,99,845.64,528.68,19.26,54.32,0.711,-1,-1,-1
728,100,807.30,529.93,20.82,55.29,0.720,-1,-1,-1
728,101,1510.03,552.16,27.78,71.19,0.620,-1,-1,-1
729,93,1439.94,684.39,118.06,216.32,0.885,-1,-1,-1
729,97,592.68,564.10,48.76,116.33,0.805,-1,-1,-1
729,98,829.38,531.10,18.25,53.98,0.528,-1,-1,-1
729,99,848.84,528.82,19.42,55.10,0.711,-1,-1,-1
729,100,809.89,529.49,21.13,55.81,0.699,-1,-1,-1
729,101,1516.52,553.51,27.86,71.20,0.698,-1,-1,-1
730,93,1463.84,688.16,125.35,225.60,0.880,-1,-1,-1
730,97,593.52,565.66,49.60,117.40,0.813,-1,-1,-1
730,98,833.14,532.82,18.25,54.20,0.573,-1,-1,-1
730,99,852.45,529.96,19.56,55.75,0.672,-1,-1,-1
730,100,813.09,531.32,21.26,55.65,0.672,-1,-1,-1
730,101,1524.19,557.72,27.77,70.70,0.561,-1,-1,-1
731,93,1487.42,695.76,127.48,227.27,0.836,-1,-1,-1
731,97,594.41,564.29,50.60,119.10,0.827,-1,-1,-1
731,98,836.08,531.84,18.54,55.12,0.581,-1,-1,-1
731,99,855.56,529.18,20.12,57.46,0.714,-1,-1,-1
731,100,816.26,530.00,21.75,56.54,0.749,-1,-1,-1
731,101,1530.77,560.92,27.90,70.64,0.637,-1,-1,-1
732,93,1510.27,702.26,129.10,229.72,0.754,-1,-1,-1
732,97,594.88,563.64,51.73,121.25,0.815,-1,-1,-1
732,98,839.21,530.78,18.70,55.85,0.592,-1,-1,-1
732,99,858.94,527.79,20.04,57.12,0.713,-1,-1,-1
732,100,818.90,529.55,22.12,57.07,0.728,-1,-1,-1
732,101,1537.48,562.40,28.05,70.66,0.539,-1,-1,-1
733,93,1541.17,709.24,127.34,228.38,0.843,-1,-1,-1
733,97,596.66,563.15,52.44,123.12,0.817,-1,-1,-1
733,98,842.01,530.34,18.69,56.06,0.589,-1,-1,-1
733,99,861.76,528.04,19.91,56.68,0.680,-1,-1,-1
733,100,821.84,529.24,22.11,56.77,0.719,-1,-1,-1
733,101,1543.96,562.00,28.00,70.10,0.622,-1,-1,-1
734,93,1570.86,712.10,127.68,232.10,0.802,-1,-1,-1
734,97,597.26,560.56,52.91,123.97,0.825,-1,-1,-1
734,98,845.20,529.31,18.41,55.56,0.655,-1,-1,-1
734,99,864.88,526.65,19.53,55.29,0.653,-1,-1,-1
734,100,825.44,527.98,22.14,56.60,0.695,-1,-1,-1
734,101,1549.90,563.36,28.53,70.75,0.540,-1,-1,-1
735,93,1597.37,708.73,129.65,238.29,0.825,-1,-1,-1
735,97,597.57,560.01,53.73,125.84,0.815,-1,-1,-1
735,98,847.34,528.87,18.21,55.26,0.647,-1,-1,-1
735,99,867.12,525.37,19.60,55.36,0.679,-1,-1,-1
735,100,827.77,527.39,22.02,56.14,0.715,-1,-1,-1
735,101,1554.30,558.21,30.32,74.84,0.625,-1,-1,-1
736,93,1623.00,713.00,130.57,241.06,0.750,-1,-1,-1
736,97,597.28,558.24,54.69,127.45,0.792,-1,-1,-1
736,98,850.26,526.92,18.25,55.56,0.582,-1,-1,-1
736,99,869.96,523.26,19.92,55.89,0.744,-1,-1,-1
736,100,830.26,525.54,22.09,55.82,0.707,-1,-1,-1
736,101,1559.56,554.71,31.96,78.72,0.570,-1,-1,-1
737,93,1649.10,711.14,133.20,247.58,0.842,-1,-1,-1
737,97,597.14,557.60,55.39,128.47,0.764,-1,-1,-1
737,98,852.91,525.64,17.99,54.94,0.558,-1,-1,-1
737,99,872.30,522.88,20.02,55.91,0.714,-1,-1,-1
737,100,832.55,523.96,22.26,55.80,0.696,-1,-1,-1
737,101,1565.20,552.33,32.48,79.78,0.618,-1,-1,-1
738,93,1680.44,714.17,136.10,253.08,0.888,-1,-1,-1
738,97,598.69,558.26,55.65,129.22,0.728,-1,-1,-1
738,98,854.89,524.84,18.04,55.43,0.626,-1,-1,-1
738,99,874.37,523.79,20.27,56.52,0.734,-1,-1,-1
738,100,835.12,524.34,22.37,55.85,0.725,-1,-1,-1
739,93,1715.43,717.89,139.40,256.87,0.895,-1,-1,-1
739,97,601.95,559.13,55.62,130.71,0.833,-1,-1,-1
739,99,876.20,523.72,20.60,57.46,0.624,-1,-1,-1
739,100,836.64,524.62,22.72,56.33,0.705,-1,-1,-1
740,93,1746.52,723.13,143.52,263.01,0.890,-1,-1,-1
740,97,603.52,560.76,55.42,131.43,0.843,-1,-1,-1
740,98,859.18,526.27,17.77,54.79,0.550,-1,-1,-1
740,99,877.44,523.40,21.33,59.81,0.668,-1,-1,-1
740,100,838.38,525.18,22.94,56.66,0.651,-1,-1,-1
741,93,1775.05,731.27,144.32,265.64,0.889,-1,-1,-1
741,97,605.42,563.20,55.01,131.49,0.849,-1,-1,-1
741,98,860.49,526.63,18.00,55.63,0.531,-1,-1,-1
741,99,879.04,524.60,21.71,60.94,0.668,-1,-1,-1
741,100,840.51,525.45,23.28,57.30,0.721,-1,-1,-1
741,101,1589.18,559.95,31.15,76.74,0.603,-1,-1,-1
742,93,1803.04,742.81,139.66,263.78,0.878,-1,-1,-1
742,97,605.99,564.56,55.24,133.05,0.852,-1,-1,-1
742,99,880.46,525.64,21.96,61.71,0.742,-1,-1,-1
742,100,842.47,526.50,23.78,58.13,0.733,-1,-1,-1
743,97,605.58,566.56,55.42,133.88,0.836,-1,-1,-1
743,99,881.59,525.75,22.44,63.29,0.787,-1,-1,-1
743,100,844.17,528.10,24.04,58.39,0.763,-1,-1,-1
744,97,604.85,567.52,55.60,134.88,0.823,-1,-1,-1
744,99,882.45,525.82,22.61,63.97,0.772,-1,-1,-1
744,100,844.96,528.65,24.38,58.90,0.767,-1,-1,-1
745,97,601.61,569.00,56.13,135.58,0.774,-1,-1,-1
745,99,882.67,526.07,22.91,65.03,0.767,-1,-1,-1
745,100,845.30,529.41,24.64,59.19,0.735,-1,-1,-1
745,101,1610.01,567.09,30.80,76.05,0.567,-1,-1,-1
746,97,599.68,569.35,56.67,136.98,0.833,-1,-1,-1
746,99,883.02,526.49,23.11,66.02,0.737,-1,-1,-1
746,100,845.60,530.09,24.78,59.28,0.733,-1,-1,-1
746,101,1613.63,570.55,30.95,76.45,0.535,-1,-1,-1
747,97,599.16,570.85,57.04,138.51,0.831,-1,-1,-1
747,99,883.52,526.52,23.26,67.05,0.744,-1,-1,-1
747,100,845.79,531.12,24.73,58.99,0.724,-1,-1,-1
748,97,598.66,571.08,57.22,139.66,0.827,-1,-1,-1
748,99,884.57,526.62,23.01,66.88,0.673,-1,-1,-1
748,100,846.40,531.03,24.89,59.39,0.725,-1,-1,-1
749,97,597.70,571.57,57.30,140.48,0.831,-1,-1,-1
749,99,886.43,529.70,21.76,63.63,0.664,-1,-1,-1
749,100,846.97,530.79,24.96,59.64,0.720,-1,-1,-1
749,102,868.20,537.55,16.61,52.50,0.588,-1,-1,-1
750,97,596.53,571.98,57.28,140.72,0.820,-1,-1,-1
750,99,888.68,533.58,19.87,58.24,0.650,-1,-1,-1
750,100,847.59,530.26,24.94,59.64,0.750,-1,-1,-1
750,102,870.02,537.64,16.37,51.67,0.636,-1,-1,-1
