1,1,470.80,430.88,68.19,174.48,0.899,-1,-1,-1
1,2,1474.14,418.92,76.87,173.14,0.884,-1,-1,-1
1,3,1366.66,396.62,64.75,214.64,0.881,-1,-1,-1
1,4,683.79,410.48,59.23,196.45,0.818,-1,-1,-1
1,5,553.04,435.13,44.39,165.82,0.813,-1,-1,-1
1,6,733.39,422.31,46.85,170.55,0.791,-1,-1,-1
1,7,1228.97,413.06,32.91,113.37,0.791,-1,-1,-1
1,8,1113.55,418.09,28.95,79.51,0.782,-1,-1,-1
1,9,1595.82,424.39,36.60,102.48,0.773,-1,-1,-1
1,10,637.09,424.65,43.83,134.29,0.769,-1,-1,-1
1,11,1171.27,419.14,35.83,102.82,0.760,-1,-1,-1
1,12,960.66,416.88,31.08,102.74,0.713,-1,-1,-1
1,13,809.40,425.14,22.96,65.15,0.661,-1,-1,-1
1,14,859.20,430.73,21.67,73.05,0.657,-1,-1,-1
1,15,840.85,430.86,20.49,58.07,0.588,-1,-1,-1
1,16,599.87,432.69,43.62,166.57,0.545,-1,-1,-1
1,17,400.42,432.37,25.75,54.80,0.512,-1,-1,-1
2,1,464.45,429.87,68.33,174.83,0.897,-1,-1,-1
2,2,1467.19,419.58,76.63,172.57,0.882,-1,-1,-1
2,3,1364.70,397.51,64.48,213.76,0.881,-1,-1,-1
2,4,678.30,410.71,59.16,196.32,0.763,-1,-1,-1
2,5,552.85,433.35,44.65,166.34,0.777,-1,-1,-1
2,6,726.66,420.41,47.30,172.05,0.774,-1,-1,-1
2,7,1223.38,413.27,32.56,112.13,0.744,-1,-1,-1
2,8,1108.65,417.40,29.29,80.44,0.777,-1,-1,-1
2,9,1591.84,424.69,36.58,102.43,0.777,-1,-1,-1
2,10,631.63,422.45,44.44,136.12,0.806,-1,-1,-1
2,11,1166.95,419.26,35.95,103.25,0.736,-1,-1,-1
2,12,957.08,417.94,30.81,101.85,0.666,-1,-1,-1
2,13,804.50,424.95,22.59,64.14,0.538,-1,-1,-1
2,14,854.91,429.01,21.81,73.46,0.621,-1,-1,-1
2,16,590.48,429.25,44.93,171.17,0.718,-1,-1,-1
3,1,457.73,429.88,68.27,174.64,0.879,-1,-1,-1
3,2,1460.28,420.82,75.94,170.98,0.872,-1,-1,-1
3,3,1361.64,398.70,64.69,214.41,0.888,-1,-1,-1
3,4,669.75,410.94,59.39,197.19,0.794,-1,-1,-1
3,5,545.79,432.60,44.75,166.33,0.780,-1,-1,-1
3,6,719.94,420.29,47.37,172.18,0.790,-1,-1,-1
3,7,1218.06,413.33,29.12,100.08,0.660,-1,-1,-1
3,8,1103.15,417.31,29.33,80.54,0.800,-1,-1,-1
3,9,1585.80,424.67,36.82,103.12,0.795,-1,-1,-1
3,10,625.07,422.15,44.62,136.55,0.800,-1,-1,-1
3,11,1161.43,419.82,36.04,103.70,0.754,-1,-1,-1
3,12,951.80,417.80,30.92,102.25,0.650,-1,-1,-1
3,13,797.24,425.14,22.40,63.69,0.676,-1,-1,-1
3,14,848.69,427.78,22.40,75.49,0.607,-1,-1,-1
3,16,582.01,429.06,45.34,172.11,0.780,-1,-1,-1
4,1,450.47,430.65,68.46,175.10,0.901,-1,-1,-1
4,2,1453.48,421.75,76.06,171.52,0.873,-1,-1,-1
4,3,1358.78,400.12,65.12,215.94,0.885,-1,-1,-1
4,4,662.50,411.60,59.64,198.09,0.801,-1,-1,-1
4,5,536.83,432.44,44.77,166.24,0.797,-1,-1,-1
4,6,712.42,420.37,47.25,171.75,0.743,-1,-1,-1
4,7,1212.29,414.23,27.73,95.16,0.600,-1,-1,-1
4,8,1097.40,417.99,29.24,80.29,0.777,-1,-1,-1
4,9,1579.94,424.77,37.15,104.01,0.802,-1,-1,-1
4,10,617.82,424.58,44.28,135.48,0.829,-1,-1,-1
4,11,1154.51,421.17,36.36,104.81,0.792,-1,-1,-1
4,12,945.28,418.61,30.95,102.36,0.695,-1,-1,-1
4,13,789.85,425.28,22.67,64.57,0.687,-1,-1,-1
4,15,839.07,428.39,25.70,72.92,0.611,-1,-1,-1
4,16,574.43,429.44,45.60,172.27,0.813,-1,-1,-1
5,1,440.51,432.18,68.85,175.94,0.892,-1,-1,-1
5,2,1443.53,424.37,76.06,171.98,0.869,-1,-1,-1
5,3,1354.80,403.39,66.82,221.75,0.869,-1,-1,-1
5,4,651.35,413.95,59.86,199.23,0.765,-1,-1,-1
5,5,525.91,433.14,45.24,167.77,0.791,-1,-1,-1
5,6,698.89,422.68,47.79,173.38,0.680,-1,-1,-1
5,7,1200.64,416.34,30.31,103.96,0.638,-1,-1,-1
5,8,1088.92,420.91,29.34,80.48,0.761,-1,-1,-1
5,9,1572.48,428.57,36.73,102.80,0.727,-1,-1,-1
5,10,608.80,428.00,44.06,134.56,0.813,-1,-1,-1
5,11,1146.22,423.76,36.21,104.74,0.792,-1,-1,-1
5,13,781.86,426.85,22.93,65.39,0.567,-1,-1,-1
5,15,833.92,429.61,26.54,75.48,0.504,-1,-1,-1
5,16,565.55,430.35,46.33,173.44,0.738,-1,-1,-1
6,1,434.08,432.36,68.75,175.52,0.885,-1,-1,-1
6,2,1437.10,426.36,75.44,170.96,0.864,-1,-1,-1
6,3,1354.18,405.82,68.00,226.22,0.849,-1,-1,-1
6,4,646.80,415.56,60.31,200.64,0.748,-1,-1,-1
6,5,521.17,434.16,45.24,167.19,0.799,-1,-1,-1
6,6,694.10,423.86,47.52,172.08,0.719,-1,-1,-1
6,7,1194.63,417.73,31.49,107.81,0.721,-1,-1,-1
6,8,1084.82,423.20,29.06,79.65,0.755,-1,-1,-1
6,9,1568.29,431.01,37.05,103.61,0.692,-1,-1,-1
6,10,603.44,428.08,44.06,134.13,0.755,-1,-1,-1
6,11,1142.26,426.28,34.09,98.73,0.750,-1,-1,-1
6,13,777.19,432.77,21.40,60.99,0.561,-1,-1,-1
6,16,557.42,429.37,47.05,174.81,0.741,-1,-1,-1
7,1,428.00,433.41,69.40,177.25,0.864,-1,-1,-1
7,2,1430.76,429.38,74.62,169.67,0.864,-1,-1,-1
7,3,1353.91,407.05,69.06,230.07,0.816,-1,-1,-1
7,4,642.88,419.16,59.79,199.43,0.669,-1,-1,-1
7,5,516.53,435.54,45.56,168.09,0.758,-1,-1,-1
7,6,687.66,428.50,46.71,169.26,0.655,-1,-1,-1
7,16,551.56,432.62,46.75,172.44,0.741,-1,-1,-1
8,1,424.16,434.75,69.43,177.04,0.892,-1,-1,-1
8,2,1424.71,430.37,74.88,170.30,0.845,-1,-1,-1
8,3,1353.86,408.80,69.37,231.56,0.861,-1,-1,-1
8,4,639.21,422.08,60.07,200.18,0.735,-1,-1,-1
8,5,512.64,438.53,45.68,167.53,0.779,-1,-1,-1
8,6,682.61,429.19,47.56,172.62,0.729,-1,-1,-1
8,7,1184.44,422.59,32.39,109.82,0.813,-1,-1,-1
8,8,1078.93,428.42,29.31,80.33,0.785,-1,-1,-1
8,9,1562.76,435.75,37.40,104.75,0.707,-1,-1,-1
8,10,597.23,429.54,44.12,134.01,0.715,-1,-1,-1
8,11,1133.83,430.64,35.19,102.27,0.792,-1,-1,-1
8,12,926.54,427.19,31.26,103.51,0.575,-1,-1,-1
8,13,768.96,439.65,20.99,59.80,0.638,-1,-1,-1
8,15,823.66,436.59,26.65,75.92,0.592,-1,-1,-1
8,16,548.71,434.31,47.31,172.99,0.765,-1,-1,-1
9,1,422.38,434.47,69.33,176.57,0.893,-1,-1,-1
9,2,1421.45,430.17,75.37,171.57,0.867,-1,-1,-1
9,3,1355.92,408.51,69.90,233.81,0.851,-1,-1,-1
9,4,636.59,422.25,60.62,202.60,0.744,-1,-1,-1
9,5,509.63,439.55,45.85,167.43,0.784,-1,-1,-1
9,6,679.44,428.81,48.17,174.92,0.719,-1,-1,-1
9,7,1181.59,423.65,33.30,111.32,0.829,-1,-1,-1
9,8,1078.31,429.00,29.47,80.86,0.789,-1,-1,-1
9,9,1562.37,437.38,37.57,105.37,0.687,-1,-1,-1
9,10,595.97,430.00,44.00,133.41,0.686,-1,-1,-1
9,11,1132.30,431.00,35.16,102.51,0.785,-1,-1,-1
9,13,767.47,437.54,22.03,62.71,0.665,-1,-1,-1
9,15,820.60,436.72,26.64,76.06,0.589,-1,-1,-1
9,16,548.06,435.99,47.25,171.14,0.780,-1,-1,-1
10,1,418.36,434.81,69.14,176.39,0.890,-1,-1,-1
10,2,1420.98,429.89,75.68,173.34,0.833,-1,-1,-1
10,3,1360.13,407.68,70.34,235.80,0.859,-1,-1,-1
10,4,634.16,421.87,61.08,204.85,0.722,-1,-1,-1
10,5,506.11,441.01,45.84,166.65,0.821,-1,-1,-1
10,6,675.15,431.38,47.68,172.97,0.659,-1,-1,-1
10,7,1180.02,424.03,33.75,111.70,0.815,-1,-1,-1
10,8,1077.22,429.47,29.62,81.40,0.794,-1,-1,-1
10,9,1562.78,437.84,37.72,105.92,0.738,-1,-1,-1
10,10,593.79,429.28,44.92,136.13,0.539,-1,-1,-1
10,11,1130.61,430.79,35.49,104.05,0.807,-1,-1,-1
10,13,765.51,438.06,22.07,62.79,0.626,-1,-1,-1
10,15,817.28,436.97,26.73,76.43,0.572,-1,-1,-1
10,16,547.70,435.67,47.38,170.43,0.796,-1,-1,-1
10,18,342.72,436.56,24.67,56.86,0.685,-1,-1,-1
11,1,415.52,435.90,68.98,176.20,0.875,-1,-1,-1
11,2,1419.90,431.20,75.20,173.46,0.756,-1,-1,-1
11,3,1363.07,407.01,70.75,237.66,0.864,-1,-1,-1
11,4,631.34,421.62,60.72,204.08,0.526,-1,-1,-1
11,5,503.31,442.58,45.89,165.96,0.820,-1,-1,-1
11,7,1179.15,424.94,33.83,111.04,0.806,-1,-1,-1
11,8,1076.19,430.30,29.51,81.13,0.767,-1,-1,-1
11,9,1563.10,439.15,37.48,105.26,0.715,-1,-1,-1
11,10,590.29,429.84,50.96,155.04,0.651,-1,-1,-1
11,11,1128.96,431.48,35.45,104.49,0.760,-1,-1,-1
11,13,763.97,439.22,21.91,62.23,0.626,-1,-1,-1
11,16,546.26,428.22,49.55,178.36,0.760,-1,-1,-1
11,18,338.80,436.97,25.05,57.76,0.581,-1,-1,-1
12,1,412.68,435.32,69.25,176.76,0.884,-1,-1,-1
12,2,1419.43,432.19,74.22,172.98,0.785,-1,-1,-1
12,3,1366.14,405.97,71.32,240.17,0.871,-1,-1,-1
12,4,630.34,420.99,59.76,201.03,0.632,-1,-1,-1
12,5,500.82,442.82,46.11,165.55,0.803,-1,-1,-1
12,7,1178.13,425.07,34.00,110.31,0.794,-1,-1,-1
12,8,1075.22,430.04,29.46,81.05,0.759,-1,-1,-1
12,9,1563.12,438.71,37.72,106.16,0.684,-1,-1,-1
12,10,587.28,428.42,54.96,168.24,0.762,-1,-1,-1
12,11,1128.11,431.26,35.25,104.53,0.777,-1,-1,-1
12,13,763.42,438.08,22.29,63.33,0.598,-1,-1,-1
12,16,545.38,425.37,50.42,181.78,0.722,-1,-1,-1
12,18,335.76,436.64,24.98,57.67,0.573,-1,-1,-1
13,1,409.55,436.44,69.05,176.48,0.881,-1,-1,-1
13,2,1418.90,433.24,73.76,173.35,0.556,-1,-1,-1
13,3,1369.01,405.98,72.02,242.74,0.868,-1,-1,-1
13,5,498.26,443.45,46.38,165.55,0.797,-1,-1,-1
13,7,1175.73,424.93,34.53,110.32,0.786,-1,-1,-1
13,8,1074.60,429.97,29.26,80.50,0.777,-1,-1,-1
13,9,1563.44,438.98,37.60,105.97,0.631,-1,-1,-1
13,10,586.47,429.30,51.78,158.31,0.646,-1,-1,-1
13,11,1127.11,431.44,34.94,104.23,0.764,-1,-1,-1
13,13,762.73,439.79,21.71,61.78,0.596,-1,-1,-1
13,15,813.17,441.93,24.43,69.83,0.523,-1,-1,-1
13,16,543.89,423.24,51.30,185.33,0.698,-1,-1,-1
13,18,333.03,436.71,24.99,57.83,0.573,-1,-1,-1
14,1,407.07,436.98,68.97,176.30,0.874,-1,-1,-1
14,3,1372.26,406.32,72.56,243.72,0.866,-1,-1,-1
14,4,630.61,418.01,62.49,208.35,0.675,-1,-1,-1
14,5,494.79,442.86,46.68,166.09,0.786,-1,-1,-1
14,7,1172.74,424.79,35.26,110.71,0.782,-1,-1,-1
14,8,1072.99,429.34,29.29,80.53,0.763,-1,-1,-1
14,9,1562.80,438.72,37.45,105.72,0.618,-1,-1,-1
14,10,581.01,429.36,55.16,169.31,0.649,-1,-1,-1
14,11,1124.83,431.24,34.81,104.63,0.737,-1,-1,-1
14,13,761.18,439.69,21.75,61.89,0.508,-1,-1,-1
14,16,542.02,430.03,49.49,178.87,0.661,-1,-1,-1
15,1,400.83,436.61,69.03,175.83,0.884,-1,-1,-1
15,2,1411.84,434.24,74.09,176.15,0.570,-1,-1,-1
15,3,1377.23,406.76,73.56,243.63,0.877,-1,-1,-1
15,4,622.89,416.58,63.98,212.44,0.790,-1,-1,-1
15,5,487.02,440.06,47.12,167.04,0.804,-1,-1,-1
15,7,1167.57,422.96,36.45,112.71,0.807,-1,-1,-1
15,8,1068.75,427.22,29.46,81.07,0.778,-1,-1,-1
15,9,1559.63,437.71,37.40,105.81,0.668,-1,-1,-1
15,10,574.01,429.12,57.26,176.14,0.794,-1,-1,-1
15,11,1120.39,430.07,34.34,103.83,0.752,-1,-1,-1
15,13,755.67,438.20,21.56,61.36,0.633,-1,-1,-1
15,16,534.90,429.72,49.65,179.36,0.642,-1,-1,-1
15,18,318.86,433.37,25.38,58.73,0.762,-1,-1,-1
16,1,392.71,435.99,69.91,177.11,0.880,-1,-1,-1
16,3,1379.39,407.04,75.18,245.26,0.861,-1,-1,-1
16,4,613.92,415.84,65.77,217.63,0.813,-1,-1,-1
16,5,479.66,439.18,47.83,167.99,0.824,-1,-1,-1
16,7,1162.46,422.32,36.89,112.88,0.732,-1,-1,-1
16,8,1064.19,426.77,29.59,81.22,0.767,-1,-1,-1
16,9,1555.86,437.05,37.31,105.70,0.680,-1,-1,-1
16,10,566.79,427.58,58.41,180.74,0.764,-1,-1,-1
16,11,1115.91,429.71,33.93,103.13,0.733,-1,-1,-1
16,13,750.97,436.63,21.93,62.11,0.626,-1,-1,-1
16,15,800.58,440.67,24.40,70.13,0.526,-1,-1,-1
16,16,529.67,432.52,49.07,177.47,0.705,-1,-1,-1
16,18,311.82,432.92,25.26,58.49,0.618,-1,-1,-1
17,1,384.72,437.09,70.02,177.54,0.869,-1,-1,-1
17,3,1378.02,407.58,76.85,248.17,0.868,-1,-1,-1
17,4,607.95,415.20,67.36,221.71,0.832,-1,-1,-1
17,5,472.98,439.42,48.29,168.41,0.821,-1,-1,-1
17,7,1157.21,422.68,37.29,112.54,0.790,-1,-1,-1
17,8,1059.34,427.21,29.60,81.16,0.749,-1,-1,-1
17,9,1551.68,436.77,37.31,106.04,0.692,-1,-1,-1
17,10,560.90,428.13,59.13,183.31,0.735,-1,-1,-1
17,11,1111.06,430.44,33.53,102.46,0.765,-1,-1,-1
17,13,746.49,433.22,23.22,65.69,0.529,-1,-1,-1
17,16,525.76,435.86,48.03,174.48,0.704,-1,-1,-1
17,18,303.73,433.36,25.66,59.34,0.724,-1,-1,-1
18,1,377.97,437.41,70.31,178.28,0.875,-1,-1,-1
18,3,1375.78,408.58,78.26,250.86,0.869,-1,-1,-1
18,4,601.34,418.34,66.97,219.93,0.799,-1,-1,-1
18,5,466.86,439.74,48.65,168.65,0.797,-1,-1,-1
18,7,1152.27,423.73,37.54,111.65,0.729,-1,-1,-1
18,8,1055.00,428.43,29.29,80.32,0.671,-1,-1,-1
18,10,551.09,431.40,59.70,181.77,0.703,-1,-1,-1
18,11,1106.51,431.88,33.10,102.00,0.685,-1,-1,-1
18,16,520.13,437.66,46.93,171.02,0.655,-1,-1,-1
18,18,296.75,434.17,25.67,59.52,0.687,-1,-1,-1
19,1,370.84,438.04,70.87,179.84,0.873,-1,-1,-1
19,3,1372.30,410.21,79.14,253.22,0.875,-1,-1,-1
19,4,595.58,420.27,65.15,212.62,0.800,-1,-1,-1
19,5,460.16,441.01,48.93,168.87,0.795,-1,-1,-1
19,7,1146.56,425.57,36.59,106.56,0.778,-1,-1,-1
19,8,1049.60,429.82,29.48,80.97,0.731,-1,-1,-1
19,10,543.81,432.32,59.85,182.00,0.734,-1,-1,-1
19,11,1101.27,433.77,33.02,102.38,0.694,-1,-1,-1
19,16,513.25,439.91,45.80,166.67,0.635,-1,-1,-1
19,18,289.28,435.69,25.96,60.29,0.679,-1,-1,-1
20,1,357.97,442.22,71.28,180.97,0.884,-1,-1,-1
20,3,1365.30,413.02,80.48,258.37,0.872,-1,-1,-1
20,4,580.93,425.35,67.46,219.77,0.828,-1,-1,-1
20,5,445.98,445.26,49.60,170.15,0.846,-1,-1,-1
20,7,1138.21,429.19,37.29,108.32,0.737,-1,-1,-1
20,8,1040.07,432.59,30.06,82.93,0.761,-1,-1,-1
20,11,1093.09,438.11,31.12,96.54,0.743,-1,-1,-1
20,16,501.22,444.33,47.28,170.35,0.681,-1,-1,-1
21,1,347.06,443.86,70.63,179.19,0.884,-1,-1,-1
21,3,1360.58,414.07,81.21,261.41,0.863,-1,-1,-1
21,4,568.37,427.78,68.10,221.76,0.703,-1,-1,-1
21,5,435.92,447.67,50.05,170.65,0.817,-1,-1,-1
21,7,1130.74,431.60,37.65,108.64,0.789,-1,-1,-1
21,8,1031.91,435.25,30.19,83.36,0.725,-1,-1,-1
21,10,533.51,438.39,48.57,146.50,0.596,-1,-1,-1
21,11,1085.08,439.88,32.15,100.08,0.669,-1,-1,-1
22,1,335.68,445.58,70.94,179.43,0.879,-1,-1,-1
22,3,1355.72,414.83,81.96,264.35,0.833,-1,-1,-1
22,4,557.10,430.43,69.32,224.74,0.823,-1,-1,-1
22,5,427.26,451.35,50.04,169.74,0.838,-1,-1,-1
22,7,1123.86,433.63,37.89,109.32,0.656,-1,-1,-1
22,8,1024.37,438.16,29.54,81.68,0.701,-1,-1,-1
23,1,324.45,447.26,71.32,179.52,0.880,-1,-1,-1
23,3,1350.39,414.93,82.41,266.46,0.853,-1,-1,-1
23,4,546.04,433.79,70.45,226.27,0.780,-1,-1,-1
23,5,417.20,453.59,50.72,170.49,0.827,-1,-1,-1
23,7,1116.01,435.26,38.01,109.89,0.688,-1,-1,-1
23,8,1016.22,440.10,29.76,82.51,0.713,-1,-1,-1
23,10,516.51,442.14,45.18,135.92,0.549,-1,-1,-1
23,11,1070.48,442.64,32.18,100.33,0.669,-1,-1,-1
24,1,311.17,449.34,72.32,181.85,0.888,-1,-1,-1
24,3,1343.37,416.01,82.83,268.30,0.873,-1,-1,-1
24,4,531.83,436.50,71.64,229.10,0.811,-1,-1,-1
24,5,405.35,456.80,51.20,169.92,0.843,-1,-1,-1
24,7,1106.47,437.31,38.42,111.77,0.759,-1,-1,-1
24,8,1006.35,442.60,30.06,83.57,0.786,-1,-1,-1
24,10,504.46,444.70,44.32,133.35,0.622,-1,-1,-1
24,11,1059.83,444.69,32.82,102.11,0.748,-1,-1,-1
24,16,463.94,452.63,47.56,170.77,0.636,-1,-1,-1
25,1,287.32,450.25,73.66,185.04,0.866,-1,-1,-1
25,3,1329.43,415.52,83.67,271.66,0.857,-1,-1,-1
25,4,510.21,438.14,73.24,233.85,0.773,-1,-1,-1
25,5,383.69,460.31,51.65,169.96,0.793,-1,-1,-1
25,19,1305.08,449.86,42.40,163.59,0.810,-1,-1,-1
26,1,266.51,450.41,74.42,186.42,0.869,-1,-1,-1
26,3,1316.91,416.32,83.91,273.38,0.844,-1,-1,-1
26,4,489.07,438.02,74.13,236.01,0.738,-1,-1,-1
26,5,366.33,461.85,52.15,170.72,0.758,-1,-1,-1
26,19,1288.18,451.85,42.99,164.80,0.783,-1,-1,-1
27,1,239.09,449.31,75.24,187.33,0.867,-1,-1,-1
27,3,1297.65,416.94,84.18,274.55,0.836,-1,-1,-1
27,4,464.47,437.66,74.43,236.77,0.698,-1,-1,-1
27,5,342.77,462.04,52.05,169.02,0.688,-1,-1,-1
27,19,1264.79,452.71,42.77,162.54,0.744,-1,-1,-1
28,1,218.53,448.53,76.26,190.16,0.894,-1,-1,-1
28,3,1284.52,417.61,84.19,275.22,0.887,-1,-1,-1
28,4,434.76,433.71,78.83,244.11,0.806,-1,-1,-1
28,5,317.94,459.31,53.58,173.53,0.854,-1,-1,-1
28,8,977.26,445.76,36.79,103.39,0.779,-1,-1,-1
28,11,1024.00,441.76,35.55,110.56,0.781,-1,-1,-1
28,19,1246.44,450.20,44.20,165.97,0.860,-1,-1,-1
29,1,202.77,447.26,76.55,191.04,0.892,-1,-1,-1
29,3,1275.51,418.61,84.37,275.69,0.893,-1,-1,-1
29,4,416.93,431.17,81.29,248.38,0.748,-1,-1,-1
29,5,299.54,457.18,54.14,175.34,0.854,-1,-1,-1
29,8,967.96,446.39,36.88,103.76,0.757,-1,-1,-1
29,11,1013.68,440.01,36.09,112.03,0.766,-1,-1,-1
29,19,1231.54,448.87,44.66,165.25,0.857,-1,-1,-1
30,1,178.86,446.64,77.05,192.65,0.888,-1,-1,-1
30,3,1262.21,419.99,85.51,279.69,0.858,-1,-1,-1
30,4,384.91,429.35,84.35,253.38,0.772,-1,-1,-1
30,5,276.40,455.38,54.61,176.99,0.838,-1,-1,-1
30,11,996.52,439.35,36.71,112.95,0.744,-1,-1,-1
30,19,1209.24,447.97,45.44,164.91,0.873,-1,-1,-1
30,20,332.86,449.04,63.76,180.80,0.546,-1,-1,-1
31,1,160.49,447.64,77.70,194.53,0.894,-1,-1,-1
31,3,1252.73,422.51,86.43,282.84,0.879,-1,-1,-1
31,4,360.57,429.34,87.77,258.14,0.775,-1,-1,-1
31,5,257.72,456.19,54.75,177.81,0.838,-1,-1,-1
31,8,955.64,445.52,34.51,97.75,0.520,-1,-1,-1
31,11,983.52,440.58,36.72,113.12,0.756,-1,-1,-1
31,19,1192.35,448.68,46.78,166.07,0.862,-1,-1,-1
32,1,144.25,447.75,78.48,196.16,0.892,-1,-1,-1
32,3,1244.09,424.20,87.46,287.31,0.879,-1,-1,-1
32,4,344.08,426.95,89.95,264.61,0.639,-1,-1,-1
32,5,241.64,456.49,55.11,178.74,0.839,-1,-1,-1
32,8,947.30,446.25,32.36,92.21,0.582,-1,-1,-1
32,11,971.96,442.08,37.21,114.70,0.738,-1,-1,-1
32,19,1177.66,449.55,48.00,166.23,0.874,-1,-1,-1
32,21,922.51,450.01,38.42,104.45,0.760,-1,-1,-1
32,22,879.88,447.24,32.72,83.04,0.786,-1,-1,-1
32,23,1370.96,458.18,32.54,106.84,0.767,-1,-1,-1
32,24,607.43,453.43,27.31,81.11,0.625,-1,-1,-1
33,1,127.38,448.50,79.32,197.91,0.898,-1,-1,-1
33,3,1235.70,426.36,88.28,290.80,0.874,-1,-1,-1
33,4,325.32,429.61,91.06,267.36,0.760,-1,-1,-1
33,5,226.11,458.61,55.42,178.21,0.812,-1,-1,-1
33,8,937.40,447.65,31.05,89.48,0.660,-1,-1,-1
33,11,961.35,445.03,35.81,110.03,0.792,-1,-1,-1
33,19,1165.11,451.80,49.34,166.26,0.880,-1,-1,-1
33,21,913.30,453.07,37.94,103.21,0.757,-1,-1,-1
33,22,869.07,449.19,32.96,83.75,0.782,-1,-1,-1
33,23,1361.28,461.50,32.52,106.72,0.697,-1,-1,-1
33,24,596.45,456.30,27.15,80.58,0.573,-1,-1,-1
33,25,541.65,452.40,25.51,69.19,0.695,-1,-1,-1
34,1,112.39,450.03,80.11,199.62,0.882,-1,-1,-1
34,3,1228.31,427.48,89.20,295.23,0.853,-1,-1,-1
34,4,304.39,432.72,93.37,270.70,0.730,-1,-1,-1
34,5,211.67,460.88,55.78,179.22,0.805,-1,-1,-1
34,11,949.72,446.82,36.77,112.15,0.718,-1,-1,-1
34,19,1153.33,454.84,50.37,165.72,0.867,-1,-1,-1
34,21,901.82,456.36,37.72,102.83,0.690,-1,-1,-1
34,22,858.55,451.68,33.14,84.25,0.742,-1,-1,-1
34,23,1351.94,464.55,32.17,105.48,0.609,-1,-1,-1
34,26,9.18,453.08,32.79,69.14,0.773,-1,-1,-1
35,1,93.73,453.75,79.82,198.48,0.886,-1,-1,-1
35,3,1222.05,429.04,90.37,299.48,0.876,-1,-1,-1
35,4,284.39,436.90,94.77,274.15,0.746,-1,-1,-1
35,5,193.85,465.20,56.03,179.99,0.823,-1,-1,-1
35,11,934.67,450.82,38.21,112.75,0.858,-1,-1,-1
35,19,1138.07,459.06,51.71,166.41,0.856,-1,-1,-1
35,21,887.40,459.81,37.96,103.85,0.790,-1,-1,-1
35,22,845.88,455.35,33.24,84.63,0.791,-1,-1,-1
35,23,1338.84,467.58,32.44,106.26,0.780,-1,-1,-1
36,1,80.80,455.05,79.92,198.81,0.887,-1,-1,-1
36,3,1218.73,427.94,91.56,304.40,0.879,-1,-1,-1
36,4,271.95,442.69,94.73,274.08,0.805,-1,-1,-1
36,5,180.73,466.10,57.22,182.29,0.824,-1,-1,-1
36,11,925.86,451.97,39.51,113.70,0.826,-1,-1,-1
36,19,1127.76,462.00,52.15,165.00,0.818,-1,-1,-1
36,21,878.26,460.65,37.98,104.43,0.736,-1,-1,-1
36,22,838.38,456.93,33.31,84.92,0.764,-1,-1,-1
36,23,1331.46,469.23,32.41,106.08,0.699,-1,-1,-1
37,1,70.83,456.71,80.17,199.08,0.894,-1,-1,-1
37,3,1217.91,426.28,92.48,308.12,0.877,-1,-1,-1
37,4,254.94,441.60,97.37,280.03,0.738,-1,-1,-1
37,5,169.99,468.52,57.25,182.40,0.843,-1,-1,-1
37,8,902.95,453.92,29.91,86.88,0.547,-1,-1,-1
37,11,920.31,452.62,40.23,114.28,0.766,-1,-1,-1
37,19,1120.66,463.51,52.73,163.95,0.849,-1,-1,-1
37,21,871.54,460.33,38.12,105.23,0.759,-1,-1,-1
37,22,832.73,458.01,32.69,83.48,0.745,-1,-1,-1
37,23,1325.86,469.44,32.77,107.20,0.590,-1,-1,-1
37,27,1821.17,365.31,82.06,294.15,0.590,-1,-1,-1
38,1,62.05,457.73,80.80,200.08,0.882,-1,-1,-1
38,3,1217.65,425.19,92.80,309.88,0.857,-1,-1,-1
38,4,241.43,442.48,98.70,284.26,0.719,-1,-1,-1
38,5,160.74,471.13,57.24,182.42,0.822,-1,-1,-1
38,11,913.86,453.13,40.25,114.13,0.584,-1,-1,-1
38,19,1114.44,464.46,53.71,164.34,0.850,-1,-1,-1
38,21,866.07,460.62,37.87,104.78,0.721,-1,-1,-1
38,22,827.16,457.97,32.98,84.13,0.744,-1,-1,-1
38,24,554.79,464.60,27.24,80.55,0.517,-1,-1,-1
38,27,1817.52,362.98,82.41,295.20,0.698,-1,-1,-1
39,1,55.18,457.64,81.09,200.82,0.892,-1,-1,-1
39,3,1217.10,423.16,93.54,312.34,0.877,-1,-1,-1
39,4,228.29,441.98,99.75,286.10,0.779,-1,-1,-1
39,5,153.60,471.21,57.61,182.22,0.812,-1,-1,-1
39,8,888.65,453.45,33.36,98.97,0.656,-1,-1,-1
39,11,907.51,452.05,39.56,113.22,0.775,-1,-1,-1
39,19,1109.35,463.07,54.79,164.94,0.855,-1,-1,-1
39,21,860.80,458.69,37.78,104.96,0.796,-1,-1,-1
39,22,823.09,456.60,32.83,83.81,0.781,-1,-1,-1
39,23,1317.97,467.25,32.79,107.11,0.700,-1,-1,-1
39,24,545.97,465.08,27.21,80.37,0.526,-1,-1,-1
39,27,1817.86,361.12,82.08,293.49,0.564,-1,-1,-1
40,1,42.52,457.67,81.54,201.40,0.887,-1,-1,-1
40,3,1217.50,420.92,94.85,315.88,0.865,-1,-1,-1
40,4,214.08,441.07,101.08,289.20,0.806,-1,-1,-1
40,5,140.47,470.52,57.38,179.78,0.834,-1,-1,-1
40,8,880.41,450.93,34.03,103.25,0.666,-1,-1,-1
40,11,899.52,449.84,39.31,113.05,0.745,-1,-1,-1
40,19,1099.81,459.24,55.15,163.65,0.870,-1,-1,-1
40,20,282.51,456.55,65.51,186.83,0.705,-1,-1,-1
40,21,852.02,456.12,37.71,105.71,0.774,-1,-1,-1
40,22,816.03,453.99,32.79,83.72,0.771,-1,-1,-1
40,23,1312.40,463.05,32.77,107.02,0.688,-1,-1,-1
40,24,535.89,462.67,27.75,81.99,0.569,-1,-1,-1
41,1,33.11,457.26,81.96,201.57,0.899,-1,-1,-1
41,3,1220.25,418.66,96.50,317.93,0.872,-1,-1,-1
41,4,197.87,438.34,103.28,293.46,0.781,-1,-1,-1
41,5,130.36,468.64,57.94,180.05,0.813,-1,-1,-1
41,8,874.79,449.08,33.58,104.10,0.694,-1,-1,-1
41,11,893.17,447.32,39.04,113.13,0.724,-1,-1,-1
41,15,741.91,452.40,14.52,39.03,0.560,-1,-1,-1
41,19,1092.32,454.98,55.73,162.91,0.857,-1,-1,-1
41,20,280.19,454.19,66.23,188.91,0.582,-1,-1,-1
41,21,844.96,452.88,37.84,107.17,0.788,-1,-1,-1
41,22,811.06,450.79,32.94,84.21,0.808,-1,-1,-1
41,23,1307.85,459.98,32.50,106.01,0.557,-1,-1,-1
41,24,528.29,461.51,27.59,81.43,0.623,-1,-1,-1
41,27,1801.41,353.90,83.25,294.91,0.599,-1,-1,-1
41,28,481.03,457.40,22.56,67.49,0.608,-1,-1,-1
41,29,452.83,457.17,23.62,66.68,0.600,-1,-1,-1
41,30,927.03,444.61,22.89,101.14,0.713,-1,-1,-1
42,1,24.74,456.81,82.36,201.60,0.901,-1,-1,-1
42,3,1223.69,416.33,98.99,320.82,0.898,-1,-1,-1
42,4,182.13,433.52,106.67,299.21,0.789,-1,-1,-1
42,5,121.72,466.85,57.82,178.39,0.799,-1,-1,-1
42,8,869.50,447.68,33.25,105.06,0.700,-1,-1,-1
42,11,888.16,445.04,38.69,113.39,0.692,-1,-1,-1
42,15,738.00,450.87,14.94,38.42,0.534,-1,-1,-1
42,19,1085.13,451.16,56.25,162.87,0.828,-1,-1,-1
42,20,277.68,452.79,66.29,189.46,0.631,-1,-1,-1
42,21,839.77,450.46,37.37,107.11,0.798,-1,-1,-1
42,22,806.48,448.66,32.69,83.64,0.761,-1,-1,-1
42,24,522.52,459.56,27.66,81.81,0.665,-1,-1,-1
42,25,504.05,450.67,27.21,73.99,0.579,-1,-1,-1
42,27,1792.87,348.50,84.94,297.89,0.681,-1,-1,-1
42,28,475.64,454.32,23.43,70.19,0.650,-1,-1,-1
42,29,447.39,456.01,23.44,66.24,0.555,-1,-1,-1
42,30,922.74,441.36,23.32,102.82,0.787,-1,-1,-1
42,31,422.53,464.35,18.34,55.79,0.597,-1,-1,-1
43,1,16.46,455.69,82.99,202.07,0.893,-1,-1,-1
43,3,1225.20,415.01,100.98,323.06,0.885,-1,-1,-1
43,4,170.59,432.44,107.78,300.29,0.776,-1,-1,-1
43,5,113.92,465.12,57.52,175.56,0.794,-1,-1,-1
43,8,864.79,446.16,32.56,104.58,0.678,-1,-1,-1
43,11,883.81,442.38,38.17,112.99,0.788,-1,-1,-1
43,15,733.15,450.11,16.18,40.21,0.589,-1,-1,-1
43,19,1079.23,447.50,57.20,163.84,0.848,-1,-1,-1
43,20,267.31,451.33,66.28,190.66,0.696,-1,-1,-1
43,21,835.02,448.37,37.07,107.50,0.792,-1,-1,-1
43,22,801.75,446.43,32.91,84.32,0.786,-1,-1,-1
43,24,517.22,459.50,27.21,80.52,0.650,-1,-1,-1
43,27,1788.71,343.09,86.77,300.67,0.762,-1,-1,-1
43,28,470.46,453.52,23.16,69.48,0.587,-1,-1,-1
43,29,441.89,454.44,23.40,66.14,0.664,-1,-1,-1
43,30,918.41,438.59,23.55,103.50,0.761,-1,-1,-1
43,31,417.32,462.33,18.64,56.70,0.658,-1,-1,-1
44,1,8.37,456.90,83.19,201.48,0.881,-1,-1,-1
44,3,1224.67,413.67,103.65,329.21,0.909,-1,-1,-1
44,4,163.47,431.73,108.69,302.17,0.756,-1,-1,-1
44,5,107.67,464.53,56.42,169.58,0.784,-1,-1,-1
44,8,860.33,444.21,32.12,104.82,0.676,-1,-1,-1
44,11,879.16,441.03,37.94,113.08,0.756,-1,-1,-1
44,19,1073.50,445.29,58.17,165.15,0.860,-1,-1,-1
44,20,260.22,451.82,65.31,189.77,0.618,-1,-1,-1
44,21,830.54,447.72,36.64,107.35,0.781,-1,-1,-1
44,22,796.88,444.60,33.11,84.92,0.767,-1,-1,-1
44,24,511.67,457.83,27.73,82.01,0.621,-1,-1,-1
44,27,1787.48,338.35,88.42,302.39,0.720,-1,-1,-1
44,28,465.07,454.72,22.50,67.62,0.516,-1,-1,-1
44,30,914.29,437.82,23.57,103.00,0.763,-1,-1,-1
44,31,412.80,462.97,18.42,55.96,0.564,-1,-1,-1
45,1,-2.89,456.07,83.34,202.93,0.860,-1,-1,-1
45,3,1222.98,410.72,105.83,336.78,0.869,-1,-1,-1
45,4,138.82,427.27,112.53,310.23,0.763,-1,-1,-1
45,5,94.11,464.24,55.41,164.89,0.733,-1,-1,-1
45,8,856.18,442.77,29.07,95.45,0.631,-1,-1,-1
45,11,873.01,440.06,37.11,110.14,0.652,-1,-1,-1
45,19,1065.69,443.55,58.89,165.59,0.868,-1,-1,-1
45,20,248.03,450.56,65.73,192.03,0.666,-1,-1,-1
45,21,824.14,446.63,36.27,107.44,0.762,-1,-1,-1
45,22,790.64,443.52,33.16,84.95,0.748,-1,-1,-1
45,24,505.10,455.09,28.05,83.21,0.541,-1,-1,-1
45,27,1786.02,334.89,89.87,302.94,0.717,-1,-1,-1
45,30,909.47,436.16,23.80,103.29,0.780,-1,-1,-1
46,1,-8.61,457.42,82.49,202.59,0.854,-1,-1,-1
46,3,1221.04,407.41,107.46,343.84,0.870,-1,-1,-1
46,4,128.36,424.38,115.02,317.59,0.761,-1,-1,-1
46,5,84.83,464.40,54.56,160.83,0.703,-1,-1,-1
46,8,850.66,441.70,30.27,100.69,0.644,-1,-1,-1
46,11,868.34,439.26,37.33,111.27,0.690,-1,-1,-1
46,19,1058.49,443.11,59.38,165.42,0.842,-1,-1,-1
46,20,238.75,450.77,65.73,192.50,0.704,-1,-1,-1
46,21,819.19,446.87,35.89,107.35,0.761,-1,-1,-1
46,22,786.95,443.26,33.34,85.56,0.765,-1,-1,-1
46,24,498.85,453.85,28.66,85.13,0.608,-1,-1,-1
46,27,1783.59,331.40,91.16,304.48,0.601,-1,-1,-1
46,30,904.59,437.36,23.91,102.80,0.820,-1,-1,-1
47,1,-13.34,455.31,81.21,203.40,0.873,-1,-1,-1
47,3,1220.56,404.54,108.45,349.65,0.882,-1,-1,-1
47,4,119.94,426.46,114.99,317.27,0.703,-1,-1,-1
47,5,77.20,462.57,54.76,159.81,0.783,-1,-1,-1
47,8,845.75,439.87,30.71,102.28,0.620,-1,-1,-1
47,11,864.98,438.25,36.85,110.16,0.684,-1,-1,-1
47,19,1053.05,442.86,59.63,164.62,0.847,-1,-1,-1
47,20,230.49,450.82,65.06,190.75,0.696,-1,-1,-1
47,21,815.38,446.21,35.19,106.32,0.781,-1,-1,-1
47,22,782.60,442.22,33.57,86.10,0.749,-1,-1,-1
47,24,494.31,451.26,29.01,86.52,0.590,-1,-1,-1
47,30,901.30,436.59,24.13,102.63,0.809,-1,-1,-1
48,1,-18.21,448.18,81.94,211.28,0.869,-1,-1,-1
48,3,1221.12,403.26,109.15,354.16,0.894,-1,-1,-1
48,4,113.11,431.34,113.08,313.23,0.762,-1,-1,-1
48,5,67.87,463.41,55.87,161.62,0.785,-1,-1,-1
48,8,841.43,439.57,30.80,103.88,0.690,-1,-1,-1
48,11,861.66,437.31,35.57,106.76,0.716,-1,-1,-1
48,19,1046.75,444.02,59.96,164.22,0.866,-1,-1,-1
48,20,218.24,451.66,66.06,192.34,0.681,-1,-1,-1
48,21,811.47,446.23,33.53,101.79,0.729,-1,-1,-1
48,22,778.19,442.23,33.87,86.83,0.739,-1,-1,-1
48,24,488.76,449.88,29.75,88.80,0.643,-1,-1,-1
48,27,1784.13,328.69,92.23,305.33,0.506,-1,-1,-1
48,30,896.58,436.41,24.69,103.71,0.796,-1,-1,-1
48,32,703.43,447.61,25.40,59.20,0.592,-1,-1,-1
49,1,-20.21,453.25,76.51,202.65,0.816,-1,-1,-1
49,3,1222.30,400.79,109.96,359.15,0.898,-1,-1,-1
49,4,96.39,433.06,114.69,314.49,0.792,-1,-1,-1
49,5,58.74,463.48,56.14,162.12,0.729,-1,-1,-1
49,8,836.48,439.68,30.00,102.30,0.582,-1,-1,-1
49,11,854.96,438.09,36.65,109.55,0.744,-1,-1,-1
49,19,1040.58,445.26,60.19,163.69,0.863,-1,-1,-1
49,20,212.54,452.93,65.46,190.98,0.576,-1,-1,-1
49,21,806.58,446.95,34.16,104.72,0.760,-1,-1,-1
49,22,773.51,443.02,33.53,85.94,0.773,-1,-1,-1
49,24,483.59,451.54,29.30,87.56,0.630,-1,-1,-1
49,27,1783.82,331.11,93.75,304.26,0.720,-1,-1,-1
49,30,892.56,437.71,25.07,103.81,0.820,-1,-1,-1
49,32,698.02,448.51,25.35,59.08,0.697,-1,-1,-1
50,1,-23.55,460.07,71.47,195.65,0.756,-1,-1,-1
50,3,1225.01,397.33,111.12,365.54,0.888,-1,-1,-1
50,4,77.14,430.94,118.71,326.36,0.734,-1,-1,-1
50,5,44.73,462.53,56.68,164.90,0.690,-1,-1,-1
50,8,831.16,439.18,30.36,104.17,0.553,-1,-1,-1
50,11,849.13,437.08,36.97,110.89,0.724,-1,-1,-1
50,19,1031.41,445.48,60.28,163.82,0.869,-1,-1,-1
50,20,200.53,453.19,66.02,191.94,0.667,-1,-1,-1
50,21,800.35,445.72,34.38,106.44,0.759,-1,-1,-1
50,22,768.25,442.37,33.76,86.47,0.757,-1,-1,-1
50,24,477.47,450.30,29.47,87.67,0.635,-1,-1,-1
50,27,1782.09,330.52,95.02,305.68,0.560,-1,-1,-1
50,30,887.06,436.53,25.90,105.72,0.831,-1,-1,-1
50,32,690.79,448.29,26.28,61.43,0.733,-1,-1,-1
51,3,1226.70,394.88,111.99,371.04,0.871,-1,-1,-1
51,4,54.83,432.82,121.21,332.24,0.715,-1,-1,-1
51,8,826.23,439.60,30.34,105.41,0.650,-1,-1,-1
51,11,844.49,437.70,37.04,112.05,0.729,-1,-1,-1
51,19,1023.75,446.91,60.19,163.60,0.876,-1,-1,-1
51,20,188.67,454.70,66.08,190.62,0.744,-1,-1,-1
51,21,795.90,446.28,32.07,99.59,0.728,-1,-1,-1
51,22,763.21,443.23,33.46,85.97,0.739,-1,-1,-1
51,24,470.98,452.50,28.61,84.57,0.536,-1,-1,-1
51,27,1784.05,330.73,94.52,303.87,0.529,-1,-1,-1
51,30,881.75,437.24,26.31,105.37,0.803,-1,-1,-1
51,32,684.95,449.35,26.41,61.87,0.678,-1,-1,-1
52,3,1227.95,392.00,113.09,377.24,0.891,-1,-1,-1
52,4,40.42,430.59,125.35,339.59,0.739,-1,-1,-1
52,5,21.60,462.22,56.37,164.54,0.636,-1,-1,-1
52,8,821.38,438.57,30.05,105.52,0.715,-1,-1,-1
52,11,840.60,435.60,37.43,114.47,0.733,-1,-1,-1
52,19,1017.17,446.01,60.16,162.60,0.855,-1,-1,-1
52,20,177.63,450.95,67.00,193.21,0.759,-1,-1,-1
52,21,790.86,444.47,33.31,104.21,0.736,-1,-1,-1
52,22,759.12,442.27,33.39,85.89,0.751,-1,-1,-1
52,24,465.24,452.46,28.93,84.94,0.729,-1,-1,-1
52,28,427.77,451.49,23.10,69.67,0.561,-1,-1,-1
52,30,877.54,435.62,26.91,106.17,0.836,-1,-1,-1
52,32,680.08,447.86,26.85,63.21,0.743,-1,-1,-1
53,3,1229.35,389.73,113.58,381.15,0.887,-1,-1,-1
53,4,24.21,426.17,130.70,346.08,0.817,-1,-1,-1
53,8,817.26,437.23,30.26,107.22,0.736,-1,-1,-1
53,11,836.94,434.95,36.76,113.81,0.789,-1,-1,-1
53,19,1010.18,443.14,60.90,163.51,0.842,-1,-1,-1
53,20,169.02,448.54,67.55,193.92,0.790,-1,-1,-1
53,21,786.41,442.23,33.43,105.33,0.754,-1,-1,-1
53,22,755.03,440.09,33.58,86.58,0.784,-1,-1,-1
53,24,461.11,452.18,28.39,83.46,0.705,-1,-1,-1
53,27,1776.17,331.86,97.36,307.35,0.634,-1,-1,-1
53,30,873.73,433.82,27.66,107.41,0.827,-1,-1,-1
53,31,380.26,452.49,20.38,62.08,0.564,-1,-1,-1
53,32,675.39,446.02,27.12,64.13,0.792,-1,-1,-1
54,3,1230.27,389.00,114.04,384.81,0.894,-1,-1,-1
54,4,12.40,426.44,131.45,347.83,0.601,-1,-1,-1
54,8,812.91,436.17,28.62,102.36,0.619,-1,-1,-1
54,11,832.02,434.14,36.34,112.77,0.769,-1,-1,-1
54,19,1003.18,440.15,61.21,164.21,0.862,-1,-1,-1
54,20,158.86,447.76,67.21,191.59,0.715,-1,-1,-1
54,21,780.95,440.14,33.49,106.26,0.768,-1,-1,-1
54,22,749.85,437.96,33.13,85.60,0.747,-1,-1,-1
54,25,454.84,449.16,27.94,75.62,0.564,-1,-1,-1
54,27,1772.87,331.02,98.95,307.75,0.589,-1,-1,-1
54,30,869.16,432.05,27.91,106.18,0.800,-1,-1,-1
54,32,670.33,443.93,27.20,64.65,0.680,-1,-1,-1
55,3,1232.78,387.53,114.06,387.13,0.880,-1,-1,-1
55,4,-1.01,415.80,135.67,359.12,0.858,-1,-1,-1
55,8,805.33,433.05,29.54,106.37,0.718,-1,-1,-1
55,11,824.64,430.89,36.34,113.98,0.753,-1,-1,-1
55,19,992.37,434.98,62.10,165.14,0.870,-1,-1,-1
55,20,141.08,443.37,68.35,194.82,0.804,-1,-1,-1
55,21,773.10,436.30,33.76,108.13,0.814,-1,-1,-1
55,22,743.43,434.50,33.34,86.13,0.752,-1,-1,-1
55,24,446.27,447.16,28.53,83.86,0.706,-1,-1,-1
55,30,862.50,427.20,28.77,107.41,0.815,-1,-1,-1
55,31,377.02,446.17,20.65,62.91,0.510,-1,-1,-1
55,32,663.07,440.44,26.93,64.40,0.718,-1,-1,-1
55,33,187.12,431.99,60.02,175.44,0.693,-1,-1,-1
56,3,1236.85,387.33,115.02,389.81,0.881,-1,-1,-1
56,4,-18.63,413.03,134.82,366.66,0.818,-1,-1,-1
56,8,798.84,431.38,29.84,108.21,0.671,-1,-1,-1
56,11,818.86,428.53,36.42,114.99,0.766,-1,-1,-1
56,19,983.23,432.65,62.86,165.78,0.853,-1,-1,-1
56,20,128.97,440.60,69.98,198.35,0.809,-1,-1,-1
56,21,766.25,433.55,34.09,109.70,0.762,-1,-1,-1
56,22,736.76,432.57,33.57,86.96,0.745,-1,-1,-1
56,24,439.57,445.08,28.62,84.20,0.698,-1,-1,-1
56,30,856.09,424.86,29.58,107.98,0.831,-1,-1,-1
56,31,373.00,444.16,21.12,64.43,0.516,-1,-1,-1
56,32,656.58,437.93,26.96,65.05,0.763,-1,-1,-1
56,33,180.06,432.84,59.79,175.16,0.538,-1,-1,-1
57,3,1241.36,387.33,116.81,393.49,0.888,-1,-1,-1
57,4,-21.46,411.65,132.01,366.20,0.866,-1,-1,-1
57,8,792.82,430.10,29.57,108.36,0.693,-1,-1,-1
57,11,811.62,427.50,36.14,115.50,0.724,-1,-1,-1
57,19,975.54,431.54,63.29,165.55,0.859,-1,-1,-1
57,20,118.53,439.70,70.83,198.92,0.785,-1,-1,-1
57,21,759.31,433.02,34.29,110.55,0.776,-1,-1,-1
57,22,730.47,431.36,33.29,86.90,0.770,-1,-1,-1
57,24,433.62,444.26,28.14,82.40,0.620,-1,-1,-1
57,27,1761.65,321.95,102.49,312.70,0.623,-1,-1,-1
57,30,850.24,423.07,30.55,108.85,0.850,-1,-1,-1
57,31,368.67,443.91,21.01,64.18,0.575,-1,-1,-1
57,32,650.58,436.82,26.79,65.09,0.755,-1,-1,-1
57,33,167.83,430.78,60.61,177.29,0.704,-1,-1,-1
57,34,63.35,445.22,58.00,196.79,0.752,-1,-1,-1
58,3,1244.33,387.62,119.49,399.62,0.898,-1,-1,-1
58,4,-25.64,408.00,130.10,368.59,0.799,-1,-1,-1
58,8,787.93,429.37,29.07,107.20,0.707,-1,-1,-1
58,11,805.92,426.66,35.53,114.69,0.742,-1,-1,-1
58,19,969.38,431.04,63.65,165.28,0.880,-1,-1,-1
58,20,108.37,438.73,71.19,198.62,0.758,-1,-1,-1
58,21,753.34,432.33,33.72,108.59,0.726,-1,-1,-1
58,22,725.11,430.29,33.00,86.29,0.737,-1,-1,-1
58,24,429.22,442.95,26.12,76.05,0.574,-1,-1,-1
58,27,1757.40,316.92,105.39,316.05,0.684,-1,-1,-1
58,30,846.08,421.87,31.22,109.38,0.827,-1,-1,-1
58,32,645.74,435.56,26.49,64.84,0.718,-1,-1,-1
58,33,157.73,430.40,60.60,177.03,0.595,-1,-1,-1
58,34,55.35,445.34,57.74,195.58,0.647,-1,-1,-1
59,3,1246.37,386.30,122.42,405.72,0.905,-1,-1,-1
59,4,-27.77,425.80,121.72,348.62,0.595,-1,-1,-1
59,8,784.06,429.23,28.70,107.16,0.704,-1,-1,-1
59,11,800.77,426.24,35.03,114.15,0.773,-1,-1,-1
59,19,964.49,431.33,63.81,164.70,0.874,-1,-1,-1
59,20,99.97,435.97,72.98,202.36,0.819,-1,-1,-1
59,21,747.76,431.82,34.20,109.20,0.795,-1,-1,-1
59,22,720.64,430.06,33.01,86.52,0.725,-1,-1,-1
59,28,403.20,432.32,27.69,83.62,0.541,-1,-1,-1
59,30,842.75,421.86,31.68,108.92,0.819,-1,-1,-1
59,32,641.49,434.02,26.56,65.44,0.747,-1,-1,-1
59,33,152.07,433.48,59.84,174.68,0.602,-1,-1,-1
59,34,46.28,445.06,57.84,195.61,0.703,-1,-1,-1
59,35,324.19,450.04,19.69,57.10,0.542,-1,-1,-1
60,3,1247.19,383.49,125.95,417.83,0.890,-1,-1,-1
60,8,778.51,429.81,28.58,107.64,0.589,-1,-1,-1
60,11,794.08,427.02,34.66,113.90,0.733,-1,-1,-1
60,19,955.91,433.12,63.76,164.25,0.869,-1,-1,-1
60,20,87.92,438.62,73.46,202.30,0.792,-1,-1,-1
60,21,740.58,433.39,34.35,109.22,0.752,-1,-1,-1
60,22,714.97,431.03,33.21,87.41,0.738,-1,-1,-1
60,28,397.77,438.07,25.82,78.07,0.555,-1,-1,-1
60,30,838.89,423.58,32.01,108.27,0.804,-1,-1,-1
60,31,353.57,445.92,20.68,63.11,0.508,-1,-1,-1
60,32,635.14,434.95,26.70,65.91,0.747,-1,-1,-1
60,33,138.93,433.33,61.34,178.95,0.557,-1,-1,-1
60,34,32.72,448.28,57.77,195.06,0.682,-1,-1,-1
60,35,318.49,452.86,19.59,56.80,0.572,-1,-1,-1
60,36,1231.70,435.56,33.69,47.70,0.664,-1,-1,-1
61,3,1250.30,381.72,127.41,425.54,0.882,-1,-1,-1
61,11,787.91,427.34,34.41,112.58,0.711,-1,-1,-1
61,19,949.46,433.97,63.79,164.69,0.865,-1,-1,-1
61,20,81.81,440.03,73.78,202.85,0.687,-1,-1,-1
61,22,710.97,431.35,32.79,86.59,0.705,-1,-1,-1
61,30,835.98,424.41,32.96,109.54,0.742,-1,-1,-1
61,34,21.46,450.83,57.51,193.17,0.578,-1,-1,-1
62,3,1254.66,382.11,127.97,430.74,0.891,-1,-1,-1
62,11,782.77,428.41,34.44,112.27,0.657,-1,-1,-1
62,19,945.64,435.75,63.88,164.68,0.830,-1,-1,-1
62,20,73.53,442.06,74.92,203.95,0.795,-1,-1,-1
62,21,732.40,436.52,34.82,110.77,0.765,-1,-1,-1
62,22,708.41,432.88,33.27,88.46,0.752,-1,-1,-1
62,30,834.16,426.32,33.48,109.52,0.800,-1,-1,-1
62,32,627.49,435.56,27.32,67.71,0.603,-1,-1,-1
62,34,14.17,452.14,57.66,193.06,0.611,-1,-1,-1
63,3,1260.13,379.14,129.25,438.64,0.873,-1,-1,-1
63,11,780.34,429.64,34.49,112.41,0.732,-1,-1,-1
63,19,943.32,436.14,63.87,164.49,0.844,-1,-1,-1
63,20,69.88,442.95,74.86,203.50,0.755,-1,-1,-1
63,21,731.04,437.76,34.53,109.73,0.770,-1,-1,-1
63,22,707.31,433.39,33.19,88.95,0.764,-1,-1,-1
63,30,833.95,427.03,33.90,109.23,0.825,-1,-1,-1
63,32,626.68,437.37,27.04,66.95,0.716,-1,-1,-1
63,34,7.07,450.47,59.00,196.27,0.707,-1,-1,-1
63,35,310.47,455.41,19.75,57.28,0.571,-1,-1,-1
63,36,1208.75,438.09,71.51,102.42,0.630,-1,-1,-1
64,3,1267.95,376.02,130.15,444.50,0.861,-1,-1,-1
64,11,777.95,429.52,35.00,113.30,0.741,-1,-1,-1
64,19,943.08,435.56,63.11,161.75,0.871,-1,-1,-1
64,20,65.87,443.26,75.87,204.95,0.798,-1,-1,-1
64,21,730.56,437.86,34.42,109.66,0.753,-1,-1,-1
64,22,706.30,433.40,32.92,88.88,0.720,-1,-1,-1
64,30,834.93,426.62,34.40,109.94,0.811,-1,-1,-1
64,32,625.34,438.07,27.16,66.95,0.701,-1,-1,-1
64,33,123.55,434.90,62.68,182.54,0.734,-1,-1,-1
64,34,2.55,448.47,60.80,200.59,0.860,-1,-1,-1
64,36,1205.02,437.99,78.01,113.24,0.657,-1,-1,-1
65,3,1281.32,372.55,132.44,452.72,0.889,-1,-1,-1
65,11,776.86,429.72,35.14,113.42,0.803,-1,-1,-1
65,19,939.66,434.35,63.34,162.24,0.841,-1,-1,-1
65,20,58.30,444.54,76.17,204.11,0.764,-1,-1,-1
65,21,728.39,437.52,33.76,108.18,0.657,-1,-1,-1
65,22,705.63,433.84,32.65,88.30,0.681,-1,-1,-1
65,30,836.00,426.36,34.96,110.55,0.808,-1,-1,-1
65,32,623.75,436.90,27.36,67.61,0.659,-1,-1,-1
65,33,124.40,442.09,60.40,176.48,0.531,-1,-1,-1
65,34,-1.92,448.94,61.08,201.18,0.711,-1,-1,-1
65,36,1203.65,437.99,80.90,119.03,0.622,-1,-1,-1
66,3,1292.81,370.11,134.42,459.42,0.898,-1,-1,-1
66,11,774.82,428.50,35.76,114.61,0.782,-1,-1,-1
66,19,936.40,432.39,64.10,164.07,0.856,-1,-1,-1
66,20,53.79,444.26,76.35,203.90,0.824,-1,-1,-1
66,21,727.29,436.31,33.37,107.45,0.747,-1,-1,-1
66,22,704.74,432.78,31.92,87.24,0.724,-1,-1,-1
66,29,342.65,444.48,23.42,66.62,0.568,-1,-1,-1
66,30,836.43,424.50,35.58,111.50,0.829,-1,-1,-1
66,32,621.51,434.62,28.14,69.02,0.666,-1,-1,-1
66,33,114.26,439.37,61.41,178.89,0.734,-1,-1,-1
66,34,-4.21,448.60,61.04,201.40,0.807,-1,-1,-1
66,36,1203.50,436.83,81.34,121.90,0.713,-1,-1,-1
67,3,1305.65,368.90,137.85,465.47,0.901,-1,-1,-1
67,11,771.28,427.20,36.20,115.08,0.757,-1,-1,-1
67,19,932.81,430.24,64.75,165.56,0.856,-1,-1,-1
67,20,50.55,443.15,76.34,202.91,0.839,-1,-1,-1
67,21,725.08,434.65,33.42,107.92,0.733,-1,-1,-1
67,22,702.67,431.43,31.55,87.18,0.688,-1,-1,-1
67,30,835.92,422.56,36.14,112.44,0.834,-1,-1,-1
67,32,620.05,434.05,28.01,68.11,0.674,-1,-1,-1
67,33,105.82,435.38,63.21,182.94,0.756,-1,-1,-1
67,34,-7.20,447.44,60.82,202.44,0.795,-1,-1,-1
67,36,1202.93,435.75,81.10,123.50,0.634,-1,-1,-1
68,3,1318.53,368.57,143.03,472.42,0.910,-1,-1,-1
68,11,769.03,425.67,36.01,112.72,0.788,-1,-1,-1
68,19,929.82,428.66,64.70,165.84,0.855,-1,-1,-1
68,20,47.14,439.66,77.05,203.82,0.787,-1,-1,-1
68,21,723.05,432.90,33.18,107.87,0.739,-1,-1,-1
68,22,701.04,430.12,31.05,86.62,0.640,-1,-1,-1
68,30,835.30,420.37,36.62,113.05,0.840,-1,-1,-1
68,32,619.25,434.13,27.29,65.95,0.692,-1,-1,-1
68,34,-9.94,446.60,59.71,201.28,0.760,-1,-1,-1
68,36,1203.08,433.89,79.52,123.47,0.702,-1,-1,-1
69,3,1333.84,366.71,149.65,480.27,0.908,-1,-1,-1
69,11,767.63,422.69,36.43,112.68,0.830,-1,-1,-1
69,19,927.44,426.60,64.59,165.77,0.863,-1,-1,-1
69,20,44.15,436.77,76.54,202.23,0.807,-1,-1,-1
69,21,720.69,430.10,32.99,107.82,0.795,-1,-1,-1
69,22,700.24,426.82,30.23,85.40,0.697,-1,-1,-1
69,30,834.94,416.98,36.92,113.45,0.853,-1,-1,-1
69,32,618.67,430.80,27.57,66.32,0.733,-1,-1,-1
69,33,94.30,430.44,64.07,184.38,0.660,-1,-1,-1
69,34,-10.46,443.45,58.29,199.38,0.808,-1,-1,-1
69,36,1203.67,430.91,78.09,124.10,0.727,-1,-1,-1
70,3,1350.65,364.81,159.29,493.87,0.923,-1,-1,-1
70,11,765.40,420.63,36.96,113.65,0.809,-1,-1,-1
70,19,922.56,425.76,64.41,164.78,0.864,-1,-1,-1
70,20,34.14,435.60,76.31,203.21,0.783,-1,-1,-1
70,21,717.97,427.43,33.02,108.60,0.795,-1,-1,-1
70,22,698.37,423.96,30.65,87.87,0.699,-1,-1,-1
70,30,834.00,414.37,37.38,114.55,0.848,-1,-1,-1
70,32,617.49,428.04,27.96,67.54,0.683,-1,-1,-1
70,33,86.51,426.16,65.83,187.50,0.772,-1,-1,-1
70,34,-13.19,444.19,57.06,199.82,0.779,-1,-1,-1
70,36,1204.25,428.26,77.19,124.72,0.632,-1,-1,-1
71,3,1356.43,363.12,167.95,506.49,0.916,-1,-1,-1
71,8,718.13,425.11,29.44,109.97,0.780,-1,-1,-1
71,11,763.56,418.82,37.49,114.94,0.828,-1,-1,-1
71,19,919.14,425.30,64.23,163.73,0.869,-1,-1,-1
71,20,29.32,433.23,76.98,204.39,0.829,-1,-1,-1
71,22,696.80,422.00,30.43,88.60,0.710,-1,-1,-1
71,27,1774.32,293.96,115.70,341.95,0.667,-1,-1,-1
71,30,832.89,412.71,37.75,115.15,0.861,-1,-1,-1
71,32,617.29,427.02,27.43,66.54,0.747,-1,-1,-1
71,33,79.15,421.15,67.54,191.88,0.806,-1,-1,-1
71,34,-15.25,444.45,55.60,199.09,0.699,-1,-1,-1
71,36,1204.64,426.31,74.55,123.48,0.743,-1,-1,-1
71,37,119.21,443.71,49.33,134.37,0.738,-1,-1,-1
71,38,500.38,423.50,41.57,119.25,0.729,-1,-1,-1
72,3,1360.48,361.90,175.66,517.49,0.920,-1,-1,-1
72,11,762.65,418.28,37.23,112.88,0.816,-1,-1,-1
72,19,915.64,424.91,64.13,163.22,0.866,-1,-1,-1
72,20,24.82,432.78,77.38,204.81,0.814,-1,-1,-1
72,21,714.60,425.79,32.58,107.75,0.744,-1,-1,-1
72,22,696.05,421.19,29.46,87.01,0.663,-1,-1,-1
72,27,1778.99,295.14,118.45,342.06,0.758,-1,-1,-1
72,30,832.64,412.57,37.77,114.83,0.841,-1,-1,-1
72,32,616.30,426.17,27.37,66.69,0.696,-1,-1,-1
72,33,74.88,423.16,66.70,187.21,0.785,-1,-1,-1
72,34,-16.06,449.00,52.80,191.96,0.533,-1,-1,-1
72,36,1205.48,425.36,73.11,123.08,0.606,-1,-1,-1
72,37,116.58,442.54,49.29,134.22,0.707,-1,-1,-1
72,38,495.72,422.37,41.89,120.32,0.694,-1,-1,-1
73,3,1363.34,357.71,184.15,533.76,0.896,-1,-1,-1
73,11,761.52,418.37,37.98,113.96,0.827,-1,-1,-1
73,19,912.71,424.77,63.98,163.05,0.852,-1,-1,-1
73,20,19.02,432.26,77.84,205.95,0.823,-1,-1,-1
73,21,713.76,425.43,32.58,107.86,0.745,-1,-1,-1
73,22,695.84,420.70,28.99,86.88,0.671,-1,-1,-1
73,27,1780.78,296.15,120.79,342.05,0.804,-1,-1,-1
73,30,832.99,413.06,37.84,114.61,0.845,-1,-1,-1
73,32,616.25,426.17,27.05,66.27,0.683,-1,-1,-1
73,33,71.22,424.26,67.69,188.04,0.778,-1,-1,-1
73,34,-15.68,459.23,49.21,181.63,0.501,-1,-1,-1
73,36,1206.13,424.75,72.33,123.78,0.578,-1,-1,-1
73,37,113.84,440.66,49.61,135.02,0.719,-1,-1,-1
73,38,491.89,422.81,41.94,120.57,0.675,-1,-1,-1
73,39,529.70,426.28,28.40,90.84,0.715,-1,-1,-1
74,3,1364.47,354.01,190.93,546.95,0.909,-1,-1,-1
74,11,760.54,418.00,38.42,115.43,0.832,-1,-1,-1
74,19,910.19,424.37,63.96,163.26,0.854,-1,-1,-1
74,20,14.21,432.23,77.36,205.42,0.821,-1,-1,-1
74,21,713.13,426.35,32.34,107.25,0.765,-1,-1,-1
74,22,695.54,420.52,28.69,87.22,0.697,-1,-1,-1
74,27,1783.08,294.78,123.44,345.37,0.735,-1,-1,-1
74,30,832.69,413.42,37.99,114.50,0.856,-1,-1,-1
74,32,615.78,425.65,27.39,67.31,0.758,-1,-1,-1
74,33,67.89,420.03,69.52,191.69,0.824,-1,-1,-1
74,36,1207.22,424.75,70.11,122.99,0.712,-1,-1,-1
74,37,111.42,438.18,50.06,136.15,0.822,-1,-1,-1
74,38,489.67,420.32,42.92,123.72,0.767,-1,-1,-1
74,39,529.57,425.47,28.90,92.31,0.749,-1,-1,-1
75,3,1372.75,350.52,196.86,562.86,0.915,-1,-1,-1
75,11,759.50,419.99,38.63,116.59,0.777,-1,-1,-1
75,19,904.99,425.61,64.19,163.87,0.860,-1,-1,-1
75,20,6.41,433.86,77.70,205.06,0.796,-1,-1,-1
75,21,710.49,428.28,32.70,108.78,0.721,-1,-1,-1
75,22,693.80,422.17,29.02,88.97,0.517,-1,-1,-1
75,27,1787.20,295.79,125.23,348.47,0.731,-1,-1,-1
75,30,830.86,415.60,38.54,115.83,0.839,-1,-1,-1
75,32,613.82,427.73,27.20,67.01,0.663,-1,-1,-1
75,33,59.90,423.88,70.51,192.46,0.822,-1,-1,-1
75,36,1207.79,427.69,67.19,121.33,0.770,-1,-1,-1
75,37,105.52,436.91,51.23,139.25,0.796,-1,-1,-1
75,38,486.04,424.07,43.09,124.26,0.750,-1,-1,-1
75,39,529.19,428.02,28.80,91.83,0.702,-1,-1,-1
76,3,1380.63,347.53,200.08,575.54,0.904,-1,-1,-1
76,11,758.94,421.07,38.37,116.27,0.773,-1,-1,-1
76,19,900.21,425.92,64.41,163.55,0.875,-1,-1,-1
76,20,-0.79,433.64,77.30,204.79,0.811,-1,-1,-1
76,21,708.96,429.57,32.84,109.56,0.759,-1,-1,-1
76,22,692.82,424.33,28.28,87.60,0.602,-1,-1,-1
76,27,1791.77,297.19,125.76,350.53,0.633,-1,-1,-1
76,30,829.81,417.05,38.70,116.01,0.842,-1,-1,-1
76,32,612.76,429.04,26.78,66.20,0.721,-1,-1,-1
76,33,54.26,425.92,70.16,190.01,0.810,-1,-1,-1
76,36,1208.21,429.59,65.28,120.83,0.716,-1,-1,-1
76,37,102.01,435.86,51.86,140.64,0.796,-1,-1,-1
76,38,484.57,427.09,42.09,121.52,0.759,-1,-1,-1
76,39,528.64,429.31,28.32,90.15,0.754,-1,-1,-1
77,3,1390.42,345.07,201.29,585.38,0.882,-1,-1,-1
77,11,758.04,422.22,38.05,116.11,0.780,-1,-1,-1
77,19,896.14,426.45,65.17,164.93,0.867,-1,-1,-1
77,20,-4.97,433.09,77.67,207.41,0.840,-1,-1,-1
77,21,707.92,431.03,32.86,109.50,0.784,-1,-1,-1
77,22,692.14,425.66,28.02,87.68,0.577,-1,-1,-1
77,27,1791.54,298.02,128.11,356.71,0.856,-1,-1,-1
77,30,828.96,418.15,38.98,116.72,0.848,-1,-1,-1
77,32,611.87,431.62,26.24,64.99,0.747,-1,-1,-1
77,33,49.53,421.74,72.42,194.68,0.848,-1,-1,-1
77,36,1208.88,431.12,63.30,120.69,0.785,-1,-1,-1
77,37,99.04,435.06,52.81,143.01,0.803,-1,-1,-1
77,38,482.04,425.78,42.27,122.66,0.769,-1,-1,-1
77,39,528.03,429.65,28.69,91.22,0.754,-1,-1,-1
78,3,1401.85,342.51,201.72,596.30,0.895,-1,-1,-1
78,11,756.26,422.74,37.74,116.10,0.787,-1,-1,-1
78,19,892.06,426.48,65.75,166.08,0.843,-1,-1,-1
78,20,-9.26,432.44,76.87,208.99,0.840,-1,-1,-1
78,21,706.14,431.43,32.97,109.67,0.783,-1,-1,-1
78,22,690.48,426.52,27.77,88.03,0.606,-1,-1,-1
78,27,1791.11,298.89,129.55,360.59,0.883,-1,-1,-1
78,30,827.26,418.48,39.28,117.42,0.855,-1,-1,-1
78,32,610.41,432.39,26.12,65.02,0.720,-1,-1,-1
78,33,44.65,420.73,74.11,197.58,0.820,-1,-1,-1
78,36,1208.80,432.55,61.47,120.99,0.810,-1,-1,-1
78,37,95.27,434.83,53.27,143.58,0.833,-1,-1,-1
78,38,478.00,422.04,43.33,126.39,0.744,-1,-1,-1
78,39,527.27,429.63,29.00,92.07,0.734,-1,-1,-1
79,3,1414.15,342.71,200.87,604.04,0.901,-1,-1,-1
79,11,753.93,423.10,37.66,116.23,0.771,-1,-1,-1
79,19,888.91,427.60,66.03,165.90,0.862,-1,-1,-1
79,20,-11.50,432.32,75.56,209.37,0.829,-1,-1,-1
79,21,703.27,431.82,33.28,110.14,0.780,-1,-1,-1
79,22,688.62,426.67,27.99,89.39,0.505,-1,-1,-1
79,27,1794.52,301.71,128.85,360.90,0.794,-1,-1,-1
79,30,825.33,419.00,39.63,118.63,0.850,-1,-1,-1
79,32,608.39,432.90,26.07,65.22,0.702,-1,-1,-1
79,33,38.57,421.82,74.02,196.18,0.819,-1,-1,-1
79,36,1208.69,434.41,59.65,120.56,0.769,-1,-1,-1
79,37,91.65,435.95,53.52,143.56,0.816,-1,-1,-1
79,38,473.60,424.06,43.05,125.72,0.751,-1,-1,-1
79,39,526.29,429.80,29.46,93.37,0.731,-1,-1,-1
80,3,1429.76,341.80,203.58,621.33,0.861,-1,-1,-1
80,11,751.26,422.63,37.62,116.46,0.819,-1,-1,-1
80,19,883.94,427.97,66.24,166.18,0.838,-1,-1,-1
80,20,-15.35,430.80,72.88,207.13,0.752,-1,-1,-1
80,21,700.70,430.15,33.23,109.74,0.748,-1,-1,-1
80,22,686.01,425.77,28.01,90.06,0.558,-1,-1,-1
80,27,1793.93,305.55,128.98,361.94,0.841,-1,-1,-1
80,30,823.48,417.26,40.09,120.00,0.854,-1,-1,-1
80,32,606.07,432.73,25.61,64.10,0.737,-1,-1,-1
80,33,30.51,420.32,74.09,195.58,0.821,-1,-1,-1
80,36,1208.11,434.59,58.44,121.03,0.769,-1,-1,-1
80,37,87.88,435.75,53.78,143.21,0.850,-1,-1,-1
80,38,469.00,422.38,43.19,126.11,0.779,-1,-1,-1
80,39,525.15,427.51,29.61,93.78,0.738,-1,-1,-1
81,3,1442.60,342.29,206.28,639.77,0.887,-1,-1,-1
81,11,748.12,421.33,37.76,116.63,0.782,-1,-1,-1
81,19,879.85,428.08,66.00,165.81,0.846,-1,-1,-1
81,20,-19.20,429.02,70.60,205.19,0.591,-1,-1,-1
81,21,698.75,428.66,33.09,109.21,0.757,-1,-1,-1
81,22,684.24,424.46,27.66,89.75,0.596,-1,-1,-1
81,27,1794.18,306.75,128.85,362.73,0.855,-1,-1,-1
81,30,822.29,415.38,40.24,120.58,0.849,-1,-1,-1
81,32,603.95,431.50,25.50,63.99,0.717,-1,-1,-1
81,33,23.97,418.39,74.73,195.44,0.846,-1,-1,-1
81,36,1207.78,433.89,57.20,121.34,0.774,-1,-1,-1
81,37,84.24,433.12,54.53,144.44,0.829,-1,-1,-1
81,38,464.50,420.26,43.02,125.95,0.791,-1,-1,-1
81,39,523.74,424.92,29.90,94.68,0.739,-1,-1,-1
82,3,1457.07,343.22,208.52,654.80,0.896,-1,-1,-1
82,11,745.30,419.27,38.02,117.09,0.785,-1,-1,-1
82,19,876.35,427.70,65.70,165.25,0.853,-1,-1,-1
82,20,-21.28,430.10,66.13,198.92,0.705,-1,-1,-1
82,21,696.71,426.34,33.38,109.95,0.805,-1,-1,-1
82,22,682.22,422.64,27.20,89.44,0.584,-1,-1,-1
82,27,1794.86,307.64,128.37,362.69,0.841,-1,-1,-1
82,30,821.07,413.56,40.22,120.62,0.859,-1,-1,-1
82,32,601.94,428.94,25.66,64.74,0.728,-1,-1,-1
82,33,19.11,416.92,75.44,195.46,0.843,-1,-1,-1
82,36,1207.55,432.71,55.71,120.83,0.779,-1,-1,-1
82,37,81.26,431.89,54.29,142.90,0.844,-1,-1,-1
82,38,461.50,418.64,42.77,125.18,0.792,-1,-1,-1
82,39,522.74,422.37,29.89,94.68,0.705,-1,-1,-1
83,3,1476.61,343.27,211.90,667.30,0.912,-1,-1,-1
83,11,742.19,417.49,38.43,116.96,0.823,-1,-1,-1
83,19,872.74,427.31,65.29,164.70,0.846,-1,-1,-1
83,20,-22.80,431.66,63.40,195.49,0.541,-1,-1,-1
83,21,694.42,424.22,33.59,110.82,0.780,-1,-1,-1
83,22,680.83,421.17,26.73,88.76,0.596,-1,-1,-1
83,27,1795.14,308.22,127.81,362.25,0.873,-1,-1,-1
83,30,819.69,411.95,40.33,121.02,0.857,-1,-1,-1
83,32,600.22,426.94,25.51,64.75,0.711,-1,-1,-1
83,33,13.54,412.28,76.70,197.65,0.810,-1,-1,-1
83,36,1206.96,430.86,54.35,120.68,0.807,-1,-1,-1
83,37,78.64,429.74,54.72,143.40,0.864,-1,-1,-1
83,38,458.46,416.74,42.48,124.50,0.773,-1,-1,-1
83,39,522.22,423.16,29.00,91.55,0.704,-1,-1,-1
84,3,1497.76,342.82,217.70,679.92,0.904,-1,-1,-1
84,11,739.68,416.11,39.14,117.47,0.814,-1,-1,-1
84,19,869.21,426.05,64.62,163.79,0.851,-1,-1,-1
84,21,692.04,422.15,33.71,111.44,0.777,-1,-1,-1
84,22,679.07,419.47,26.32,88.04,0.619,-1,-1,-1
84,27,1796.26,306.00,127.88,364.49,0.813,-1,-1,-1
84,30,818.41,410.85,40.32,120.92,0.840,-1,-1,-1
84,32,598.15,425.00,25.35,64.68,0.704,-1,-1,-1
84,33,7.32,409.72,77.64,199.18,0.847,-1,-1,-1
84,36,1206.95,429.38,53.05,120.00,0.780,-1,-1,-1
84,37,75.65,427.46,54.64,142.55,0.854,-1,-1,-1
84,38,455.12,415.54,41.40,121.20,0.785,-1,-1,-1
84,39,521.30,423.24,28.61,89.76,0.689,-1,-1,-1
85,3,1520.74,341.90,228.44,705.89,0.892,-1,-1,-1
85,11,735.79,415.45,39.27,116.88,0.788,-1,-1,-1
85,19,865.12,424.78,64.41,163.69,0.833,-1,-1,-1
85,21,688.79,420.82,33.94,112.36,0.770,-1,-1,-1
85,27,1798.52,306.02,127.00,364.43,0.766,-1,-1,-1
85,30,816.76,409.89,40.58,121.36,0.863,-1,-1,-1
85,32,595.28,423.50,25.35,64.88,0.715,-1,-1,-1
85,33,0.97,408.13,78.33,200.70,0.867,-1,-1,-1
85,36,1205.73,427.84,52.05,120.21,0.797,-1,-1,-1
85,37,71.79,425.29,54.90,142.39,0.850,-1,-1,-1
85,38,450.40,414.94,41.70,121.13,0.774,-1,-1,-1
85,39,520.10,425.07,28.43,88.23,0.678,-1,-1,-1
85,40,1828.98,493.54,111.33,402.39,0.758,-1,-1,-1
86,3,1534.00,339.27,237.37,726.24,0.889,-1,-1,-1
86,11,733.63,414.62,39.26,116.46,0.772,-1,-1,-1
86,19,862.64,423.13,63.96,162.96,0.809,-1,-1,-1
86,21,686.92,419.46,33.96,112.38,0.768,-1,-1,-1
86,27,1804.81,320.23,121.52,350.30,0.567,-1,-1,-1
86,30,816.63,409.38,40.53,120.92,0.874,-1,-1,-1
86,32,593.19,422.84,25.41,64.69,0.692,-1,-1,-1
86,33,-2.80,403.19,79.63,204.68,0.863,-1,-1,-1
86,36,1206.42,427.17,50.60,119.16,0.815,-1,-1,-1
86,37,69.95,424.35,54.80,140.87,0.860,-1,-1,-1
86,38,447.12,414.40,42.09,121.13,0.706,-1,-1,-1
86,39,519.14,424.22,29.20,89.63,0.703,-1,-1,-1
86,40,1825.02,443.68,124.51,455.00,0.816,-1,-1,-1
87,3,1541.38,335.34,243.18,739.68,0.887,-1,-1,-1
87,11,730.84,414.09,39.21,116.76,0.789,-1,-1,-1
87,19,859.86,421.59,63.58,162.20,0.840,-1,-1,-1
87,21,684.60,418.39,34.31,112.96,0.795,-1,-1,-1
87,27,1805.47,313.53,122.71,356.55,0.647,-1,-1,-1
87,30,815.80,409.14,40.92,121.55,0.861,-1,-1,-1
87,32,591.81,421.88,25.67,65.31,0.745,-1,-1,-1
87,33,-5.61,401.83,79.94,207.19,0.856,-1,-1,-1
87,36,1206.34,425.97,49.93,119.78,0.809,-1,-1,-1
87,37,68.17,425.40,54.20,138.19,0.848,-1,-1,-1
87,38,442.33,411.52,42.33,121.36,0.571,-1,-1,-1
87,39,518.55,423.20,30.03,91.03,0.652,-1,-1,-1
87,40,1826.52,416.12,130.15,482.11,0.764,-1,-1,-1
88,3,1546.68,333.34,244.99,745.12,0.882,-1,-1,-1
88,11,728.97,414.00,39.12,116.67,0.776,-1,-1,-1
88,19,856.73,420.10,63.61,162.13,0.845,-1,-1,-1
88,21,682.36,417.29,34.76,113.80,0.805,-1,-1,-1
88,30,815.75,409.21,41.21,121.69,0.842,-1,-1,-1
88,32,590.61,421.65,25.44,64.66,0.758,-1,-1,-1
88,33,-6.96,402.11,79.05,206.80,0.857,-1,-1,-1
88,36,1206.56,425.54,49.20,119.95,0.790,-1,-1,-1
88,37,66.15,425.24,53.36,135.40,0.592,-1,-1,-1
88,39,518.50,423.22,30.16,89.89,0.573,-1,-1,-1
88,40,1827.71,400.65,132.48,497.98,0.729,-1,-1,-1
89,3,1559.34,326.44,245.11,749.53,0.867,-1,-1,-1
89,11,731.13,413.71,33.66,98.29,0.620,-1,-1,-1
89,19,855.18,418.96,63.50,162.56,0.817,-1,-1,-1
89,30,815.37,408.88,41.02,121.13,0.768,-1,-1,-1
89,33,-7.98,402.68,76.13,201.37,0.833,-1,-1,-1
89,36,1207.67,425.21,48.54,119.53,0.621,-1,-1,-1
89,37,68.49,423.79,46.70,115.29,0.699,-1,-1,-1
89,40,1827.66,391.64,133.51,510.93,0.761,-1,-1,-1
90,3,1591.05,318.14,245.29,757.58,0.891,-1,-1,-1
90,11,727.14,414.47,37.34,110.16,0.787,-1,-1,-1
90,19,851.55,419.18,64.23,164.09,0.821,-1,-1,-1
90,21,679.88,417.50,34.89,114.04,0.795,-1,-1,-1
90,30,816.72,409.49,41.46,122.24,0.842,-1,-1,-1
90,32,589.83,423.15,25.18,63.39,0.752,-1,-1,-1
90,33,-10.25,407.35,73.99,200.10,0.874,-1,-1,-1
90,36,1208.72,425.62,48.14,120.70,0.819,-1,-1,-1
90,37,68.87,426.92,40.05,96.05,0.749,-1,-1,-1
90,38,428.91,409.32,30.17,83.41,0.720,-1,-1,-1
90,39,520.88,422.97,30.49,89.36,0.653,-1,-1,-1
90,40,1825.12,386.75,134.53,521.86,0.659,-1,-1,-1
91,3,1617.70,310.47,247.27,768.41,0.821,-1,-1,-1
91,11,726.26,414.19,38.28,113.04,0.742,-1,-1,-1
91,19,850.88,417.96,65.00,166.00,0.820,-1,-1,-1
91,21,680.18,416.37,35.36,115.49,0.737,-1,-1,-1
91,30,817.94,409.08,41.34,122.09,0.816,-1,-1,-1
91,32,590.50,421.43,25.88,65.05,0.572,-1,-1,-1
91,33,-11.63,408.45,73.39,201.71,0.766,-1,-1,-1
91,36,1210.86,425.46,47.43,120.41,0.776,-1,-1,-1
91,38,428.92,410.73,26.41,71.39,0.597,-1,-1,-1
91,40,1830.42,382.92,123.29,482.56,0.525,-1,-1,-1
92,3,1650.45,304.45,249.65,773.98,0.873,-1,-1,-1
92,11,726.10,414.07,38.73,115.28,0.747,-1,-1,-1
92,19,850.94,418.99,64.96,165.55,0.833,-1,-1,-1
92,21,680.81,416.15,35.41,115.56,0.792,-1,-1,-1
92,30,820.44,408.30,41.48,122.43,0.834,-1,-1,-1
92,32,592.56,421.29,26.02,65.20,0.717,-1,-1,-1
92,33,-13.56,411.58,72.32,201.56,0.617,-1,-1,-1
92,36,1213.80,425.57,46.94,120.77,0.795,-1,-1,-1
92,38,427.21,408.83,26.52,70.29,0.707,-1,-1,-1
92,39,524.97,422.40,29.73,86.29,0.635,-1,-1,-1
92,40,1837.43,387.79,111.32,441.67,0.625,-1,-1,-1
93,3,1672.91,298.41,250.58,780.45,0.919,-1,-1,-1
93,11,726.67,412.98,39.21,116.82,0.707,-1,-1,-1
93,19,851.85,420.16,63.82,163.02,0.813,-1,-1,-1
93,21,681.77,414.79,35.45,115.88,0.703,-1,-1,-1
93,30,823.28,407.19,41.34,122.41,0.800,-1,-1,-1
93,32,594.30,421.38,25.63,64.18,0.589,-1,-1,-1
93,36,1217.12,425.04,46.29,120.62,0.753,-1,-1,-1
94,3,1690.68,294.39,247.84,781.85,0.924,-1,-1,-1
94,11,727.72,410.85,39.05,117.76,0.741,-1,-1,-1
94,19,853.52,418.97,63.27,161.82,0.782,-1,-1,-1
94,21,683.17,411.90,35.16,114.87,0.768,-1,-1,-1
94,30,825.99,404.31,41.59,123.46,0.798,-1,-1,-1
94,32,596.53,419.62,25.44,63.47,0.711,-1,-1,-1
94,33,-7.00,418.39,53.83,149.10,0.631,-1,-1,-1
94,36,1220.56,423.26,45.76,120.75,0.792,-1,-1,-1
94,38,426.56,405.25,26.17,68.68,0.630,-1,-1,-1
94,39,532.06,416.75,29.76,85.85,0.703,-1,-1,-1
95,3,1712.61,287.00,242.92,786.46,0.899,-1,-1,-1
95,11,726.03,407.01,38.99,118.24,0.773,-1,-1,-1
95,19,852.30,415.81,63.40,162.38,0.805,-1,-1,-1
95,21,684.13,408.72,35.08,114.88,0.810,-1,-1,-1
95,30,827.51,399.70,41.98,125.79,0.805,-1,-1,-1
95,32,598.27,416.10,25.56,63.76,0.712,-1,-1,-1
95,36,1223.59,419.14,45.40,121.05,0.792,-1,-1,-1
95,38,423.36,402.25,26.96,69.19,0.765,-1,-1,-1
95,39,538.08,414.29,27.49,79.17,0.673,-1,-1,-1
96,3,1731.79,286.66,235.85,789.90,0.903,-1,-1,-1
96,11,724.63,403.00,39.36,119.39,0.794,-1,-1,-1
96,19,851.16,412.61,63.08,162.34,0.791,-1,-1,-1
96,21,684.73,405.23,35.08,114.75,0.776,-1,-1,-1
96,30,828.79,396.09,41.81,126.32,0.746,-1,-1,-1
96,32,598.89,413.51,25.36,63.44,0.606,-1,-1,-1
96,36,1225.94,415.40,44.85,120.60,0.774,-1,-1,-1
96,38,421.29,399.52,27.07,68.80,0.642,-1,-1,-1
96,39,540.60,410.88,27.87,80.40,0.705,-1,-1,-1
96,41,759.28,403.89,24.87,96.87,0.642,-1,-1,-1
97,3,1751.00,316.72,221.43,759.78,0.787,-1,-1,-1
97,11,724.58,398.72,39.47,120.07,0.786,-1,-1,-1
97,19,848.09,408.90,63.18,162.43,0.808,-1,-1,-1
97,21,685.47,401.89,35.09,114.57,0.811,-1,-1,-1
97,30,829.79,392.21,42.03,128.19,0.737,-1,-1,-1
97,32,600.35,410.28,25.15,62.70,0.676,-1,-1,-1
97,36,1227.94,411.32,44.92,121.95,0.788,-1,-1,-1
97,38,418.78,396.02,27.46,68.92,0.701,-1,-1,-1
97,39,544.45,407.83,26.71,76.55,0.739,-1,-1,-1
97,41,758.67,399.17,26.59,103.36,0.684,-1,-1,-1
97,42,324.96,403.52,32.16,91.66,0.707,-1,-1,-1
98,3,1769.42,352.68,205.98,723.00,0.712,-1,-1,-1
98,11,724.06,396.29,39.30,119.95,0.799,-1,-1,-1
98,19,846.06,405.89,63.24,163.00,0.749,-1,-1,-1
98,21,685.48,398.48,35.37,115.07,0.828,-1,-1,-1
98,30,830.51,389.75,41.77,128.67,0.669,-1,-1,-1
98,32,600.72,407.61,25.25,63.00,0.661,-1,-1,-1
98,36,1229.73,408.24,44.87,123.00,0.781,-1,-1,-1
98,38,415.02,393.03,28.49,69.93,0.791,-1,-1,-1
98,39,547.20,406.24,25.97,73.42,0.706,-1,-1,-1
98,41,758.32,396.63,27.35,105.99,0.728,-1,-1,-1
98,42,323.73,400.85,32.65,93.19,0.708,-1,-1,-1
99,3,1787.32,372.73,170.38,602.15,0.718,-1,-1,-1
99,11,722.56,394.55,39.09,119.61,0.805,-1,-1,-1
99,19,843.71,403.22,63.27,162.52,0.820,-1,-1,-1
99,21,685.22,397.08,35.53,115.26,0.812,-1,-1,-1
99,30,830.83,388.50,40.40,125.44,0.544,-1,-1,-1
99,32,600.95,405.62,25.20,62.85,0.702,-1,-1,-1
99,36,1230.48,405.81,44.84,123.91,0.804,-1,-1,-1
99,38,410.95,391.07,29.33,70.37,0.788,-1,-1,-1
99,39,548.36,403.08,26.32,73.65,0.731,-1,-1,-1
99,41,757.15,394.86,27.94,107.76,0.737,-1,-1,-1
99,42,322.48,399.20,32.53,93.01,0.686,-1,-1,-1
99,43,285.36,417.89,17.95,55.58,0.620,-1,-1,-1
100,3,1794.71,377.52,149.57,537.04,0.863,-1,-1,-1
100,11,722.43,392.46,39.21,120.11,0.774,-1,-1,-1
100,19,841.58,399.93,63.62,163.28,0.812,-1,-1,-1
100,21,685.68,395.37,35.67,115.33,0.782,-1,-1,-1
100,32,601.53,403.73,25.18,62.87,0.629,-1,-1,-1
100,36,1232.59,403.22,44.95,125.18,0.805,-1,-1,-1
100,38,407.84,389.74,29.80,70.22,0.712,-1,-1,-1
100,39,550.09,401.89,25.98,71.69,0.751,-1,-1,-1
100,41,757.16,392.77,28.39,108.90,0.728,-1,-1,-1
100,44,369.69,407.75,20.03,55.13,0.524,-1,-1,-1
101,3,1793.35,375.79,143.35,520.32,0.880,-1,-1,-1
101,11,721.58,391.07,39.30,120.68,0.744,-1,-1,-1
101,19,836.64,398.07,64.30,163.59,0.838,-1,-1,-1
101,21,685.22,393.68,35.90,115.45,0.763,-1,-1,-1
101,36,1233.99,401.81,44.71,125.37,0.800,-1,-1,-1
101,38,405.58,391.35,28.99,67.96,0.668,-1,-1,-1
101,39,549.89,398.84,26.82,73.66,0.643,-1,-1,-1
101,41,756.98,391.69,28.66,109.34,0.731,-1,-1,-1
101,42,319.84,397.13,32.04,91.70,0.529,-1,-1,-1
101,43,285.06,410.74,19.26,59.57,0.598,-1,-1,-1
102,3,1790.23,375.12,141.22,516.23,0.898,-1,-1,-1
102,11,719.88,390.89,38.91,119.59,0.754,-1,-1,-1
102,19,833.69,396.96,64.73,163.79,0.836,-1,-1,-1
102,21,684.01,393.50,35.94,115.28,0.760,-1,-1,-1
102,32,600.82,401.23,25.21,63.27,0.668,-1,-1,-1
102,36,1234.70,401.45,44.82,125.95,0.791,-1,-1,-1
102,38,401.92,390.51,29.43,68.75,0.725,-1,-1,-1
102,39,549.56,398.17,27.00,73.43,0.704,-1,-1,-1
102,41,756.41,390.89,28.93,109.54,0.762,-1,-1,-1
102,42,314.35,397.41,31.43,89.82,0.510,-1,-1,-1
102,43,284.19,408.86,19.64,60.62,0.538,-1,-1,-1
102,44,364.56,405.89,20.57,56.67,0.562,-1,-1,-1
103,3,1781.38,372.50,142.70,519.71,0.905,-1,-1,-1
103,11,717.92,389.35,39.27,120.38,0.738,-1,-1,-1
103,19,830.36,391.80,66.38,168.13,0.781,-1,-1,-1
103,21,681.99,392.57,36.25,116.07,0.708,-1,-1,-1
103,36,1234.83,400.15,44.36,124.96,0.761,-1,-1,-1
103,39,549.45,397.40,26.51,71.73,0.529,-1,-1,-1
103,41,755.00,389.44,29.21,109.89,0.682,-1,-1,-1
104,3,1767.53,372.51,146.20,522.77,0.909,-1,-1,-1
104,11,717.35,389.86,38.51,119.31,0.776,-1,-1,-1
104,19,826.10,388.73,67.24,171.58,0.809,-1,-1,-1
104,21,680.95,393.25,36.39,115.70,0.786,-1,-1,-1
104,32,599.08,401.00,24.74,62.21,0.672,-1,-1,-1
104,36,1233.91,399.85,44.49,125.70,0.812,-1,-1,-1
104,39,548.53,396.41,27.02,72.66,0.662,-1,-1,-1
104,41,753.32,390.00,29.37,109.74,0.704,-1,-1,-1
104,44,359.46,405.20,20.55,56.35,0.587,-1,-1,-1
105,3,1744.40,375.22,153.92,527.54,0.932,-1,-1,-1
105,11,716.46,389.19,38.23,119.61,0.787,-1,-1,-1
105,19,822.84,385.11,68.09,175.26,0.823,-1,-1,-1
105,21,680.15,393.16,36.73,116.47,0.789,-1,-1,-1
105,32,597.82,399.25,25.02,63.46,0.723,-1,-1,-1
105,36,1234.96,399.39,44.62,126.25,0.792,-1,-1,-1
105,39,548.62,395.59,27.52,73.52,0.751,-1,-1,-1
105,41,752.53,390.24,29.31,108.50,0.737,-1,-1,-1
105,44,357.33,404.04,20.31,55.48,0.514,-1,-1,-1
106,3,1728.16,378.99,161.06,526.89,0.937,-1,-1,-1
106,11,714.72,389.22,38.23,120.23,0.775,-1,-1,-1
106,19,820.53,384.80,67.86,175.88,0.792,-1,-1,-1
106,21,678.32,392.99,37.01,116.89,0.772,-1,-1,-1
106,32,595.99,398.82,25.06,64.13,0.593,-1,-1,-1
106,36,1234.63,399.44,44.85,127.05,0.802,-1,-1,-1
106,39,548.47,396.15,27.96,74.07,0.743,-1,-1,-1
106,41,750.82,390.92,29.38,107.96,0.737,-1,-1,-1
106,44,354.01,403.54,20.53,55.91,0.592,-1,-1,-1
107,3,1718.09,382.26,168.05,526.71,0.937,-1,-1,-1
107,11,714.15,389.06,37.91,120.14,0.766,-1,-1,-1
107,19,818.49,386.83,66.66,174.16,0.775,-1,-1,-1
107,21,676.89,392.25,37.51,117.20,0.799,-1,-1,-1
107,32,594.38,397.50,25.25,65.16,0.660,-1,-1,-1
107,36,1234.37,400.19,44.66,126.84,0.823,-1,-1,-1
107,38,381.40,393.94,27.22,63.15,0.534,-1,-1,-1
107,39,548.40,394.26,28.86,76.38,0.769,-1,-1,-1
107,41,749.46,391.17,29.50,107.78,0.705,-1,-1,-1
107,44,351.90,403.57,20.63,55.93,0.651,-1,-1,-1
108,3,1712.44,385.53,174.37,526.39,0.940,-1,-1,-1
108,11,713.22,388.24,37.79,120.64,0.754,-1,-1,-1
108,19,817.28,387.38,66.00,173.52,0.751,-1,-1,-1
108,21,675.59,391.75,37.51,115.85,0.809,-1,-1,-1
108,32,592.97,395.53,25.70,67.06,0.678,-1,-1,-1
108,36,1234.72,400.16,45.02,127.38,0.834,-1,-1,-1
108,38,374.38,388.63,30.12,69.13,0.730,-1,-1,-1
108,39,548.21,393.52,29.25,77.07,0.782,-1,-1,-1
108,41,748.57,390.84,29.59,107.68,0.698,-1,-1,-1
108,42,309.22,394.96,32.35,92.69,0.627,-1,-1,-1
108,44,349.78,403.12,20.81,55.83,0.672,-1,-1,-1
109,3,1709.37,385.59,180.66,529.27,0.940,-1,-1,-1
109,11,712.32,387.78,37.59,120.90,0.744,-1,-1,-1
109,19,815.62,382.85,67.27,178.18,0.716,-1,-1,-1
109,21,674.46,391.51,37.61,114.84,0.811,-1,-1,-1
109,32,591.82,395.46,25.56,67.09,0.698,-1,-1,-1
109,36,1234.86,400.20,45.26,127.58,0.825,-1,-1,-1
109,38,370.84,389.72,29.69,67.88,0.641,-1,-1,-1
109,39,548.23,394.35,29.25,76.79,0.783,-1,-1,-1
109,41,747.31,390.70,29.75,107.76,0.682,-1,-1,-1
109,42,309.61,397.55,31.18,89.82,0.610,-1,-1,-1
109,44,347.95,402.69,21.08,55.98,0.691,-1,-1,-1
110,3,1709.31,385.67,185.30,531.19,0.926,-1,-1,-1
110,11,709.80,387.29,37.02,120.44,0.756,-1,-1,-1
110,19,814.31,394.75,61.61,163.70,0.767,-1,-1,-1
110,21,672.24,390.96,38.18,115.70,0.764,-1,-1,-1
110,30,840.53,378.03,26.14,76.49,0.501,-1,-1,-1
110,32,589.92,395.29,25.47,66.89,0.789,-1,-1,-1
110,36,1234.52,399.69,45.57,127.92,0.832,-1,-1,-1
110,38,365.60,388.48,30.49,69.32,0.733,-1,-1,-1
110,39,547.57,392.81,30.07,78.55,0.776,-1,-1,-1
110,41,746.21,390.00,29.98,107.80,0.724,-1,-1,-1
110,42,307.76,399.80,30.62,88.12,0.622,-1,-1,-1
110,43,278.64,398.12,27.96,86.45,0.627,-1,-1,-1
110,44,344.13,402.30,21.21,56.12,0.658,-1,-1,-1
111,3,1710.59,382.92,188.93,533.48,0.909,-1,-1,-1
111,11,707.36,386.68,36.85,119.95,0.759,-1,-1,-1
111,19,812.08,396.84,59.84,160.13,0.754,-1,-1,-1
111,21,670.39,390.24,38.80,116.99,0.768,-1,-1,-1
111,32,589.13,395.28,25.10,66.10,0.687,-1,-1,-1
111,36,1234.65,399.10,45.30,127.09,0.738,-1,-1,-1
111,38,361.51,388.71,30.30,68.50,0.509,-1,-1,-1
111,39,547.76,394.58,29.80,77.56,0.681,-1,-1,-1
111,41,744.94,389.04,30.24,108.17,0.631,-1,-1,-1
112,3,1710.43,380.41,191.99,534.43,0.915,-1,-1,-1
112,11,706.02,386.20,36.83,120.37,0.750,-1,-1,-1
112,19,810.87,394.83,60.42,162.36,0.826,-1,-1,-1
112,21,669.36,389.63,39.12,117.59,0.734,-1,-1,-1
112,32,588.38,395.10,24.88,65.87,0.723,-1,-1,-1
112,36,1234.94,398.65,45.11,126.46,0.716,-1,-1,-1
112,39,547.20,391.29,31.78,82.84,0.754,-1,-1,-1
112,41,743.98,388.53,30.36,108.06,0.619,-1,-1,-1
113,3,1713.43,375.84,192.57,530.23,0.922,-1,-1,-1
113,11,705.28,386.02,36.78,121.53,0.773,-1,-1,-1
113,19,808.52,393.92,60.24,163.24,0.833,-1,-1,-1
113,21,669.44,389.56,39.56,117.97,0.818,-1,-1,-1
113,32,587.80,394.94,25.02,66.39,0.770,-1,-1,-1
113,36,1236.30,397.88,45.37,127.23,0.749,-1,-1,-1
113,38,352.08,388.52,32.11,70.37,0.717,-1,-1,-1
113,39,547.83,392.51,32.04,83.03,0.766,-1,-1,-1
113,41,743.93,388.51,30.39,107.64,0.674,-1,-1,-1
113,42,301.73,394.18,33.03,95.45,0.525,-1,-1,-1
114,3,1716.45,372.59,192.07,526.71,0.913,-1,-1,-1
114,11,706.17,386.00,36.64,122.01,0.744,-1,-1,-1
114,19,808.17,393.24,60.27,163.95,0.822,-1,-1,-1
114,21,670.23,389.79,39.47,117.66,0.759,-1,-1,-1
114,32,588.60,395.21,25.01,66.56,0.734,-1,-1,-1
114,36,1238.37,397.07,45.36,127.47,0.740,-1,-1,-1
114,38,349.82,389.44,32.56,69.67,0.658,-1,-1,-1
114,39,549.18,392.18,32.76,84.77,0.751,-1,-1,-1
114,41,744.00,388.45,30.29,107.59,0.615,-1,-1,-1
114,42,301.80,394.16,33.07,95.27,0.542,-1,-1,-1
115,3,1719.59,367.82,191.02,528.15,0.797,-1,-1,-1
115,11,707.27,387.92,36.43,121.45,0.743,-1,-1,-1
115,19,809.43,395.49,59.74,163.05,0.850,-1,-1,-1
115,21,671.86,391.93,39.58,117.07,0.771,-1,-1,-1
115,32,591.17,396.57,25.17,67.13,0.723,-1,-1,-1
115,36,1242.89,397.36,45.32,127.69,0.775,-1,-1,-1
115,38,348.51,391.85,33.70,70.22,0.712,-1,-1,-1
115,39,552.86,395.03,34.62,89.76,0.756,-1,-1,-1
115,41,747.65,389.55,30.72,108.11,0.686,-1,-1,-1
115,42,303.45,396.26,33.30,95.35,0.585,-1,-1,-1
115,45,45.57,401.00,61.14,145.34,0.837,-1,-1,-1
115,46,853.58,381.41,30.93,135.85,0.675,-1,-1,-1
116,3,1717.03,365.79,190.49,536.01,0.851,-1,-1,-1
116,11,710.07,389.33,36.06,119.93,0.745,-1,-1,-1
116,19,810.93,397.16,59.04,161.26,0.813,-1,-1,-1
116,21,673.71,393.08,39.85,116.74,0.738,-1,-1,-1
116,36,1247.07,398.07,45.21,127.63,0.685,-1,-1,-1
116,38,348.68,395.15,32.99,67.70,0.547,-1,-1,-1
116,41,750.97,390.35,30.86,107.77,0.630,-1,-1,-1
116,45,47.73,402.00,60.93,144.97,0.829,-1,-1,-1
116,46,858.14,382.74,31.09,136.11,0.697,-1,-1,-1
117,3,1714.32,364.37,190.37,542.54,0.689,-1,-1,-1
117,11,713.07,390.00,31.96,103.81,0.587,-1,-1,-1
117,19,813.53,398.65,59.40,161.53,0.710,-1,-1,-1
117,45,50.90,403.51,61.08,145.44,0.771,-1,-1,-1
118,3,1712.47,365.81,189.85,547.09,0.825,-1,-1,-1
118,11,714.63,392.22,36.22,117.16,0.768,-1,-1,-1
118,19,815.96,401.00,60.02,162.58,0.828,-1,-1,-1
118,21,680.28,396.46,39.66,116.02,0.735,-1,-1,-1
118,36,1254.85,401.14,44.70,126.11,0.700,-1,-1,-1
118,39,563.47,397.14,36.40,94.59,0.618,-1,-1,-1
118,41,757.50,393.15,31.16,107.76,0.629,-1,-1,-1
118,45,56.65,406.67,60.72,144.86,0.825,-1,-1,-1
118,46,863.20,383.01,32.53,140.58,0.828,-1,-1,-1
119,3,1707.47,367.56,191.93,553.29,0.820,-1,-1,-1
119,11,720.39,392.97,36.67,118.46,0.719,-1,-1,-1
119,19,821.28,401.67,59.67,161.46,0.846,-1,-1,-1
119,21,686.98,396.68,39.72,116.26,0.774,-1,-1,-1
119,36,1262.96,401.24,45.12,127.45,0.676,-1,-1,-1
119,39,571.55,398.60,36.09,93.99,0.666,-1,-1,-1
119,41,764.95,393.84,31.44,107.54,0.680,-1,-1,-1
119,45,65.77,407.35,59.86,143.16,0.832,-1,-1,-1
119,46,870.24,383.51,32.88,139.99,0.839,-1,-1,-1
120,3,1707.20,369.13,195.09,558.23,0.857,-1,-1,-1
120,19,827.14,402.16,59.57,161.56,0.784,-1,-1,-1
120,36,1270.46,401.17,45.17,127.71,0.521,-1,-1,-1
120,45,75.59,408.47,59.06,141.73,0.802,-1,-1,-1
120,46,876.38,383.98,33.23,140.73,0.543,-1,-1,-1
121,3,1711.03,372.75,197.45,560.38,0.930,-1,-1,-1
121,11,722.19,395.71,36.35,117.15,0.781,-1,-1,-1
121,19,841.75,400.69,59.71,161.45,0.847,-1,-1,-1
121,41,759.16,394.12,34.62,116.66,0.793,-1,-1,-1
121,45,99.21,411.57,58.39,140.71,0.837,-1,-1,-1
122,3,1715.18,375.34,197.76,558.88,0.925,-1,-1,-1
122,11,727.14,395.24,36.31,116.86,0.752,-1,-1,-1
122,19,851.35,398.53,59.91,162.28,0.849,-1,-1,-1
122,41,762.16,392.73,35.70,119.70,0.766,-1,-1,-1
122,45,116.76,411.85,57.18,138.38,0.861,-1,-1,-1
123,3,1716.69,375.05,199.05,561.08,0.921,-1,-1,-1
123,11,732.64,393.21,36.64,118.03,0.736,-1,-1,-1
123,19,858.92,395.54,59.86,162.73,0.814,-1,-1,-1
123,41,766.40,390.71,36.56,121.57,0.770,-1,-1,-1
123,45,128.23,409.99,56.39,137.02,0.839,-1,-1,-1
123,47,912.25,377.23,47.74,143.77,0.866,-1,-1,-1
123,48,1319.77,395.44,45.56,131.38,0.730,-1,-1,-1
123,49,814.79,391.37,37.35,107.07,0.752,-1,-1,-1
123,50,660.77,398.07,26.73,67.48,0.690,-1,-1,-1
123,51,628.06,394.86,35.21,96.51,0.610,-1,-1,-1
123,52,45.41,411.92,40.02,98.64,0.640,-1,-1,-1
123,53,373.56,399.35,31.14,95.76,0.609,-1,-1,-1
123,54,408.51,397.91,34.02,68.39,0.633,-1,-1,-1
124,3,1720.43,373.56,199.75,564.71,0.916,-1,-1,-1
124,11,737.40,392.52,36.01,116.39,0.607,-1,-1,-1
124,19,864.38,393.12,59.67,162.75,0.830,-1,-1,-1
124,41,769.76,389.22,37.06,122.47,0.631,-1,-1,-1
124,45,137.17,408.02,55.84,136.52,0.832,-1,-1,-1
124,47,918.71,375.49,47.94,144.21,0.886,-1,-1,-1
124,48,1326.79,393.29,45.68,131.72,0.652,-1,-1,-1
124,49,822.20,389.74,37.52,107.63,0.708,-1,-1,-1
124,50,667.59,395.87,26.90,67.96,0.702,-1,-1,-1
124,51,634.74,392.16,35.74,98.10,0.698,-1,-1,-1
124,52,53.68,409.81,39.88,98.33,0.572,-1,-1,-1
124,53,380.19,396.43,31.49,96.86,0.709,-1,-1,-1
124,54,416.04,395.86,34.05,68.39,0.629,-1,-1,-1
125,3,1726.21,371.42,199.59,569.30,0.920,-1,-1,-1
125,11,743.11,391.36,35.29,114.64,0.652,-1,-1,-1
125,19,871.71,389.90,60.16,163.48,0.835,-1,-1,-1
125,41,773.95,385.89,37.25,122.50,0.771,-1,-1,-1
125,45,145.43,404.27,55.36,135.70,0.834,-1,-1,-1
125,47,926.64,373.18,47.68,143.31,0.882,-1,-1,-1
125,48,1336.15,390.46,45.89,132.20,0.729,-1,-1,-1
125,49,830.01,386.78,37.31,107.20,0.750,-1,-1,-1
125,50,674.64,394.12,26.37,66.67,0.737,-1,-1,-1
125,51,642.18,388.60,36.41,100.02,0.764,-1,-1,-1
125,52,61.62,406.21,39.94,98.48,0.608,-1,-1,-1
125,53,386.23,392.87,31.93,98.22,0.712,-1,-1,-1
125,54,422.97,392.25,34.47,69.04,0.639,-1,-1,-1
126,3,1740.68,365.80,189.37,547.04,0.913,-1,-1,-1
126,19,882.37,387.35,59.92,162.65,0.813,-1,-1,-1
126,41,780.25,383.04,36.55,120.52,0.680,-1,-1,-1
126,45,158.59,401.29,54.34,133.30,0.841,-1,-1,-1
126,47,939.62,370.47,47.76,143.52,0.883,-1,-1,-1
126,48,1348.78,386.97,46.41,133.71,0.617,-1,-1,-1
126,49,840.48,382.36,37.63,108.30,0.564,-1,-1,-1
126,50,686.62,391.87,26.03,65.93,0.599,-1,-1,-1
126,51,654.25,385.64,36.30,99.83,0.705,-1,-1,-1
126,52,73.49,404.09,39.77,98.17,0.508,-1,-1,-1
126,53,396.82,390.43,32.16,98.99,0.521,-1,-1,-1
126,55,2.60,390.81,68.38,217.22,0.834,-1,-1,-1
127,3,1751.95,360.09,184.62,543.74,0.897,-1,-1,-1
127,11,758.77,387.84,34.51,113.33,0.709,-1,-1,-1
127,19,890.39,386.20,59.70,162.14,0.795,-1,-1,-1
127,41,785.20,380.13,36.87,121.80,0.782,-1,-1,-1
127,45,168.51,398.17,54.90,135.47,0.865,-1,-1,-1
127,47,947.71,368.96,47.85,143.58,0.854,-1,-1,-1
127,48,1359.53,384.38,46.82,134.90,0.792,-1,-1,-1
127,49,851.38,379.98,37.37,107.90,0.803,-1,-1,-1
127,50,695.62,388.55,26.31,66.88,0.712,-1,-1,-1
127,51,663.14,382.20,36.66,100.99,0.774,-1,-1,-1
127,52,84.46,401.39,39.93,98.89,0.648,-1,-1,-1
127,53,405.52,390.12,31.29,96.59,0.699,-1,-1,-1
127,54,436.83,387.95,33.61,67.60,0.623,-1,-1,-1
127,55,5.27,380.24,71.71,226.84,0.862,-1,-1,-1
128,3,1761.07,353.11,182.58,552.24,0.903,-1,-1,-1
128,11,766.90,385.84,34.24,113.05,0.643,-1,-1,-1
128,19,898.48,384.98,60.02,161.66,0.828,-1,-1,-1
128,41,790.44,377.86,37.38,122.95,0.791,-1,-1,-1
128,45,178.36,395.67,55.25,136.56,0.871,-1,-1,-1
128,47,956.04,367.48,48.19,144.46,0.873,-1,-1,-1
128,48,1369.24,382.63,46.93,135.00,0.711,-1,-1,-1
128,49,860.08,377.78,37.59,108.80,0.759,-1,-1,-1
128,50,704.07,387.35,26.11,66.43,0.708,-1,-1,-1
128,51,671.61,379.92,37.15,102.57,0.764,-1,-1,-1
128,52,93.38,399.42,39.76,98.71,0.635,-1,-1,-1
128,53,414.98,387.96,31.52,97.09,0.706,-1,-1,-1
128,54,444.46,383.03,35.04,70.75,0.607,-1,-1,-1
128,55,7.80,375.09,73.55,231.13,0.849,-1,-1,-1
129,3,1766.12,346.56,179.96,558.48,0.899,-1,-1,-1
129,11,775.34,385.54,33.79,112.57,0.672,-1,-1,-1
129,19,905.88,384.77,60.12,161.22,0.823,-1,-1,-1
129,41,796.59,376.68,37.62,123.54,0.788,-1,-1,-1
129,45,187.60,394.76,55.04,136.66,0.863,-1,-1,-1
129,47,963.72,366.64,48.65,145.63,0.881,-1,-1,-1
129,48,1378.61,381.01,47.64,136.86,0.751,-1,-1,-1
129,49,868.71,376.73,37.36,108.37,0.793,-1,-1,-1
129,50,712.24,386.89,26.03,66.47,0.758,-1,-1,-1
129,51,679.98,378.99,36.97,102.30,0.781,-1,-1,-1
129,52,102.38,399.20,39.54,98.47,0.693,-1,-1,-1
129,53,422.95,385.98,31.95,98.21,0.684,-1,-1,-1
129,54,450.92,382.24,34.58,70.07,0.589,-1,-1,-1
129,55,10.47,372.97,75.10,233.45,0.876,-1,-1,-1
130,3,1769.67,341.47,175.63,557.97,0.898,-1,-1,-1
130,11,782.70,384.67,33.32,111.59,0.702,-1,-1,-1
130,19,912.45,384.09,60.33,161.11,0.812,-1,-1,-1
130,41,801.77,375.92,37.75,122.80,0.828,-1,-1,-1
130,45,196.06,393.42,54.99,136.69,0.860,-1,-1,-1
130,47,970.39,365.41,49.00,146.20,0.863,-1,-1,-1
130,48,1387.55,379.96,47.80,137.31,0.833,-1,-1,-1
130,49,876.25,375.43,37.14,107.93,0.805,-1,-1,-1
130,50,719.81,385.63,25.99,66.57,0.717,-1,-1,-1
130,51,687.28,377.35,36.82,102.13,0.752,-1,-1,-1
130,52,110.19,398.52,39.29,98.25,0.680,-1,-1,-1
130,53,429.43,384.68,31.99,98.38,0.693,-1,-1,-1
130,54,461.15,381.09,35.02,70.68,0.666,-1,-1,-1
130,55,12.82,371.29,76.56,234.31,0.893,-1,-1,-1
131,3,1774.26,336.36,172.97,564.01,0.880,-1,-1,-1
131,19,923.79,381.66,60.43,161.60,0.804,-1,-1,-1
131,41,810.84,374.96,38.50,123.66,0.810,-1,-1,-1
131,45,208.85,391.11,55.60,138.72,0.808,-1,-1,-1
131,47,982.06,362.12,50.10,149.44,0.853,-1,-1,-1
131,48,1402.14,378.27,47.97,137.69,0.812,-1,-1,-1
131,49,888.16,375.05,36.67,106.81,0.656,-1,-1,-1
131,51,699.05,375.21,36.98,102.49,0.592,-1,-1,-1
131,53,441.50,381.21,33.27,102.04,0.615,-1,-1,-1
131,55,17.33,366.96,77.60,235.27,0.748,-1,-1,-1
132,3,1769.10,334.13,171.87,567.56,0.850,-1,-1,-1
132,11,799.69,381.98,33.14,111.98,0.549,-1,-1,-1
132,19,932.91,380.70,60.19,161.09,0.796,-1,-1,-1
132,41,818.27,374.42,38.85,123.22,0.802,-1,-1,-1
132,45,221.26,391.16,55.06,137.10,0.834,-1,-1,-1
132,47,991.59,360.76,50.49,150.34,0.875,-1,-1,-1
132,48,1413.50,378.54,48.33,138.67,0.826,-1,-1,-1
132,49,897.93,373.33,37.14,108.45,0.797,-1,-1,-1
132,50,739.16,383.56,26.10,67.00,0.623,-1,-1,-1
132,51,708.52,374.26,37.40,104.18,0.754,-1,-1,-1
132,52,131.39,396.30,38.87,97.45,0.712,-1,-1,-1
132,53,451.24,381.77,32.84,100.54,0.665,-1,-1,-1
132,54,483.50,381.30,34.11,68.83,0.559,-1,-1,-1
132,55,23.66,366.36,79.01,236.22,0.873,-1,-1,-1
133,3,1757.59,334.70,172.58,571.62,0.918,-1,-1,-1
133,19,940.81,379.23,59.39,158.99,0.809,-1,-1,-1
133,41,824.95,373.85,39.20,122.72,0.833,-1,-1,-1
133,45,232.05,390.23,55.19,136.70,0.882,-1,-1,-1
133,47,999.71,359.23,50.69,150.93,0.887,-1,-1,-1
133,48,1422.97,377.39,48.72,139.56,0.829,-1,-1,-1
133,49,907.20,372.35,36.93,108.19,0.713,-1,-1,-1
133,50,748.07,382.52,25.83,66.52,0.727,-1,-1,-1
133,51,717.28,373.88,36.79,103.04,0.832,-1,-1,-1
133,52,140.12,394.59,38.84,97.44,0.798,-1,-1,-1
133,53,457.61,381.23,32.52,100.01,0.521,-1,-1,-1
133,54,492.87,379.99,34.26,68.90,0.634,-1,-1,-1
133,55,31.09,366.29,79.89,233.98,0.894,-1,-1,-1
134,3,1750.81,335.98,171.64,566.53,0.905,-1,-1,-1
134,11,816.26,379.35,32.85,111.94,0.514,-1,-1,-1
134,19,947.99,376.65,59.55,159.10,0.796,-1,-1,-1
134,41,832.72,372.33,39.48,122.46,0.807,-1,-1,-1
134,45,241.24,389.28,54.61,134.81,0.871,-1,-1,-1
134,47,1007.85,356.78,51.27,152.58,0.875,-1,-1,-1
134,48,1433.08,376.11,48.84,139.72,0.842,-1,-1,-1
134,49,915.16,370.47,36.87,108.39,0.759,-1,-1,-1
134,50,756.08,380.50,25.69,66.43,0.699,-1,-1,-1
134,51,725.44,372.17,36.29,102.04,0.775,-1,-1,-1
134,52,148.92,391.59,39.20,98.62,0.727,-1,-1,-1
134,53,466.53,379.72,32.72,99.82,0.660,-1,-1,-1
134,54,501.13,377.36,34.59,69.30,0.646,-1,-1,-1
134,55,36.37,364.11,81.14,233.58,0.898,-1,-1,-1
135,3,1749.88,338.14,166.24,543.68,0.907,-1,-1,-1
135,19,953.05,373.24,59.99,160.25,0.816,-1,-1,-1
135,41,838.92,370.76,39.88,122.49,0.790,-1,-1,-1
135,45,249.52,386.91,54.01,132.95,0.875,-1,-1,-1
135,47,1015.58,353.89,51.66,153.47,0.883,-1,-1,-1
135,48,1441.72,374.01,49.01,139.93,0.853,-1,-1,-1
135,49,921.67,368.42,36.84,108.88,0.737,-1,-1,-1
135,50,762.87,377.69,25.72,66.98,0.729,-1,-1,-1
135,51,732.54,370.38,36.05,101.80,0.750,-1,-1,-1
135,52,155.74,388.97,39.05,98.24,0.736,-1,-1,-1
135,54,508.24,373.27,35.40,70.84,0.685,-1,-1,-1
135,55,41.79,361.44,82.48,233.34,0.871,-1,-1,-1
135,56,110.19,387.49,25.82,65.18,0.678,-1,-1,-1
136,3,1750.61,339.54,165.51,539.32,0.906,-1,-1,-1
136,19,959.59,369.31,60.62,161.29,0.828,-1,-1,-1
136,41,847.18,367.54,38.64,116.44,0.739,-1,-1,-1
136,45,257.96,382.06,54.21,133.29,0.850,-1,-1,-1
136,47,1024.30,349.50,52.28,155.42,0.883,-1,-1,-1
136,48,1452.23,372.37,49.21,140.28,0.792,-1,-1,-1
136,49,928.36,364.47,36.94,109.81,0.752,-1,-1,-1
136,50,770.60,374.59,25.21,65.87,0.710,-1,-1,-1
136,51,740.81,367.56,35.70,101.18,0.761,-1,-1,-1
136,52,164.39,383.71,39.05,98.41,0.752,-1,-1,-1
136,53,480.53,372.53,33.56,102.12,0.636,-1,-1,-1
136,54,516.51,368.18,36.06,72.14,0.679,-1,-1,-1
136,55,46.48,356.60,84.17,234.58,0.863,-1,-1,-1
136,56,118.99,382.74,25.64,64.86,0.622,-1,-1,-1
137,3,1753.47,340.52,165.28,539.25,0.904,-1,-1,-1
137,19,963.47,365.96,60.95,161.87,0.817,-1,-1,-1
137,41,852.48,362.40,39.85,119.22,0.813,-1,-1,-1
137,45,265.29,376.43,54.35,133.27,0.871,-1,-1,-1
137,47,1031.33,346.48,52.49,155.77,0.896,-1,-1,-1
137,48,1460.42,368.94,49.58,140.96,0.837,-1,-1,-1
137,49,934.97,361.53,36.04,107.76,0.746,-1,-1,-1
137,50,776.87,370.77,25.20,66.26,0.763,-1,-1,-1
137,51,746.72,363.59,36.01,102.37,0.764,-1,-1,-1
137,52,170.22,378.72,39.10,98.85,0.759,-1,-1,-1
137,53,487.71,368.84,33.70,101.44,0.518,-1,-1,-1
137,54,521.18,362.78,36.98,73.36,0.730,-1,-1,-1
137,55,49.19,351.97,85.67,235.20,0.876,-1,-1,-1
137,56,126.79,377.60,25.48,64.59,0.695,-1,-1,-1
138,3,1757.67,339.92,165.35,543.27,0.905,-1,-1,-1
138,19,967.35,362.84,61.52,161.68,0.856,-1,-1,-1
138,41,857.36,359.28,40.01,118.62,0.756,-1,-1,-1
138,45,270.85,372.17,54.17,133.05,0.851,-1,-1,-1
138,47,1037.20,343.38,52.66,156.13,0.893,-1,-1,-1
138,48,1467.50,366.21,49.91,141.35,0.826,-1,-1,-1
138,49,940.63,358.54,35.56,107.61,0.748,-1,-1,-1
138,50,782.16,367.52,24.94,66.05,0.729,-1,-1,-1
138,51,751.63,360.02,36.01,102.68,0.777,-1,-1,-1
138,52,175.18,374.99,39.31,99.75,0.728,-1,-1,-1
138,53,491.62,366.42,33.32,99.85,0.604,-1,-1,-1
138,54,526.72,358.33,37.58,74.58,0.786,-1,-1,-1
138,55,51.25,348.92,87.08,235.69,0.885,-1,-1,-1
138,56,132.53,374.15,25.07,63.69,0.658,-1,-1,-1
139,3,1762.57,336.68,165.19,549.38,0.903,-1,-1,-1
139,19,969.97,362.21,61.62,160.12,0.858,-1,-1,-1
139,41,860.52,357.78,40.66,118.43,0.794,-1,-1,-1
139,45,275.81,369.75,53.56,131.39,0.851,-1,-1,-1
139,47,1041.60,341.45,52.99,156.52,0.900,-1,-1,-1
139,48,1473.43,363.21,50.48,142.80,0.842,-1,-1,-1
139,49,945.23,356.34,35.26,107.59,0.670,-1,-1,-1
139,50,786.16,364.71,24.88,66.37,0.731,-1,-1,-1
139,51,756.13,358.25,35.65,101.74,0.781,-1,-1,-1
139,52,178.94,372.31,39.25,99.76,0.740,-1,-1,-1
139,53,495.30,363.26,33.58,100.22,0.555,-1,-1,-1
139,54,531.31,355.72,37.96,74.91,0.795,-1,-1,-1
139,55,52.08,347.25,88.29,236.07,0.893,-1,-1,-1
139,56,136.53,371.73,24.64,62.76,0.675,-1,-1,-1
140,3,1767.59,333.92,164.47,556.10,0.908,-1,-1,-1
140,19,971.82,361.71,61.86,159.43,0.853,-1,-1,-1
140,41,862.60,356.93,40.77,117.86,0.657,-1,-1,-1
140,45,279.91,367.74,53.29,130.98,0.835,-1,-1,-1
140,47,1045.57,340.31,53.14,156.32,0.896,-1,-1,-1
140,48,1478.30,361.45,50.93,143.45,0.843,-1,-1,-1
140,49,949.16,354.33,35.33,108.62,0.580,-1,-1,-1
140,50,789.82,363.04,24.44,65.50,0.675,-1,-1,-1
140,51,759.51,356.53,35.54,101.82,0.757,-1,-1,-1
140,52,182.13,371.07,38.77,98.61,0.758,-1,-1,-1
140,54,537.20,354.94,37.47,73.49,0.611,-1,-1,-1
140,55,52.78,346.23,89.37,235.99,0.883,-1,-1,-1
140,56,140.61,370.12,24.67,62.97,0.700,-1,-1,-1
141,3,1775.38,327.97,164.19,569.01,0.882,-1,-1,-1
141,19,974.01,361.29,61.49,157.91,0.824,-1,-1,-1
141,41,865.88,354.43,41.31,119.14,0.616,-1,-1,-1
141,45,284.34,365.44,53.83,133.09,0.830,-1,-1,-1
141,47,1051.74,339.10,53.67,157.39,0.899,-1,-1,-1
141,48,1485.31,358.61,51.27,144.24,0.829,-1,-1,-1
141,49,953.59,352.56,34.71,107.63,0.666,-1,-1,-1
141,50,794.27,361.09,24.44,65.93,0.565,-1,-1,-1
141,51,764.41,354.54,35.87,102.74,0.749,-1,-1,-1
141,52,187.11,370.39,38.48,98.60,0.761,-1,-1,-1
141,53,501.59,360.16,33.67,100.18,0.643,-1,-1,-1
141,54,544.31,352.01,38.60,74.93,0.713,-1,-1,-1
141,55,53.57,345.55,90.45,236.47,0.884,-1,-1,-1
141,56,144.82,368.86,24.34,62.37,0.719,-1,-1,-1
142,3,1782.17,323.93,162.56,578.65,0.863,-1,-1,-1
142,19,976.08,360.17,61.93,158.35,0.800,-1,-1,-1
142,41,868.68,351.19,42.36,122.50,0.694,-1,-1,-1
142,45,288.97,364.82,53.17,132.43,0.829,-1,-1,-1
142,47,1056.91,338.31,54.22,158.29,0.894,-1,-1,-1
142,48,1491.35,357.27,51.47,144.17,0.798,-1,-1,-1
142,49,958.42,351.10,32.03,99.60,0.628,-1,-1,-1
142,50,797.97,360.41,24.29,65.68,0.667,-1,-1,-1
142,51,768.07,353.37,36.03,103.29,0.765,-1,-1,-1
142,52,192.16,369.97,38.24,98.62,0.689,-1,-1,-1
142,53,503.64,357.40,34.01,101.48,0.571,-1,-1,-1
142,54,550.00,352.42,38.53,73.60,0.776,-1,-1,-1
142,55,54.90,345.11,91.51,237.01,0.871,-1,-1,-1
142,56,148.56,368.37,24.20,62.26,0.713,-1,-1,-1
143,3,1789.41,320.32,160.14,588.38,0.864,-1,-1,-1
143,11,858.61,361.58,31.94,110.86,0.634,-1,-1,-1
143,19,977.10,359.78,62.48,158.86,0.829,-1,-1,-1
143,41,872.24,350.69,42.52,124.82,0.749,-1,-1,-1
143,45,293.38,365.96,52.94,133.17,0.843,-1,-1,-1
143,47,1060.89,338.90,54.82,159.07,0.893,-1,-1,-1
143,48,1496.53,356.72,51.90,145.09,0.802,-1,-1,-1
143,49,962.95,351.28,30.81,95.42,0.661,-1,-1,-1
143,50,801.87,361.12,24.40,66.27,0.679,-1,-1,-1
143,51,771.44,353.72,36.00,103.23,0.764,-1,-1,-1
143,52,195.70,370.22,38.31,99.33,0.681,-1,-1,-1
143,53,505.33,358.44,33.76,101.14,0.593,-1,-1,-1
143,55,55.97,346.84,92.19,236.67,0.867,-1,-1,-1
143,56,152.10,369.34,24.53,63.46,0.712,-1,-1,-1
144,3,1797.47,317.69,156.38,595.27,0.854,-1,-1,-1
144,11,862.07,360.73,31.06,109.87,0.665,-1,-1,-1
144,19,978.39,358.80,62.87,159.51,0.781,-1,-1,-1
144,41,875.32,352.62,41.79,124.07,0.763,-1,-1,-1
144,45,297.38,366.99,52.30,132.17,0.844,-1,-1,-1
144,47,1065.29,338.51,55.48,160.09,0.906,-1,-1,-1
144,48,1501.84,356.25,51.98,144.77,0.828,-1,-1,-1
144,49,967.11,351.08,29.20,90.38,0.640,-1,-1,-1
144,50,804.65,361.34,24.34,66.27,0.635,-1,-1,-1
144,51,775.00,354.57,35.92,103.06,0.775,-1,-1,-1
144,52,199.89,371.16,37.95,99.44,0.709,-1,-1,-1
144,53,506.94,359.69,33.13,100.26,0.526,-1,-1,-1
144,54,560.04,352.50,38.79,73.45,0.513,-1,-1,-1
144,55,57.94,347.93,93.17,236.88,0.855,-1,-1,-1
144,56,155.53,370.09,24.78,64.45,0.708,-1,-1,-1
145,3,1804.59,317.05,151.83,600.63,0.859,-1,-1,-1
145,19,982.81,358.51,63.00,159.99,0.812,-1,-1,-1
145,41,878.95,355.37,40.71,121.60,0.638,-1,-1,-1
145,45,301.07,368.92,52.22,132.28,0.825,-1,-1,-1
145,47,1070.02,338.62,56.07,161.00,0.892,-1,-1,-1
145,48,1507.56,356.79,52.15,144.87,0.792,-1,-1,-1
145,49,968.84,351.28,31.92,99.59,0.604,-1,-1,-1
145,50,808.17,361.76,23.95,65.56,0.527,-1,-1,-1
145,51,779.08,355.48,35.81,102.55,0.699,-1,-1,-1
145,52,204.09,373.03,37.50,99.18,0.725,-1,-1,-1
145,54,563.32,352.99,40.15,75.25,0.689,-1,-1,-1
145,55,59.22,349.63,94.07,236.97,0.861,-1,-1,-1
145,56,158.99,371.57,24.96,65.14,0.722,-1,-1,-1
146,3,1808.93,319.76,147.02,601.78,0.834,-1,-1,-1
146,19,987.53,359.57,63.24,161.07,0.834,-1,-1,-1
146,41,881.17,356.36,40.75,121.63,0.731,-1,-1,-1
146,45,307.04,371.87,52.33,133.41,0.824,-1,-1,-1
146,47,1076.51,337.89,57.40,164.97,0.890,-1,-1,-1
146,50,812.28,362.84,24.38,67.06,0.596,-1,-1,-1
146,51,783.16,357.17,36.36,104.32,0.698,-1,-1,-1
146,52,209.62,375.79,36.97,98.45,0.531,-1,-1,-1
146,55,58.76,352.51,95.03,238.71,0.842,-1,-1,-1
146,56,164.32,374.19,25.18,66.35,0.678,-1,-1,-1
147,3,1802.30,320.56,142.90,594.97,0.848,-1,-1,-1
147,19,991.45,360.20,63.60,161.69,0.829,-1,-1,-1
147,41,884.74,357.71,40.89,122.55,0.768,-1,-1,-1
147,45,314.54,374.94,51.23,131.56,0.847,-1,-1,-1
147,47,1083.09,339.24,57.46,164.72,0.894,-1,-1,-1
147,48,1522.12,357.66,52.66,145.94,0.583,-1,-1,-1
147,50,817.72,364.13,24.28,67.21,0.600,-1,-1,-1
147,51,788.39,358.64,36.92,105.52,0.768,-1,-1,-1
147,52,215.26,378.51,36.32,97.50,0.726,-1,-1,-1
147,54,576.09,354.28,42.27,77.40,0.711,-1,-1,-1
147,55,61.59,354.74,95.90,238.80,0.874,-1,-1,-1
147,56,169.76,376.60,24.74,65.55,0.731,-1,-1,-1
148,3,1795.16,321.56,141.88,597.65,0.856,-1,-1,-1
148,19,995.14,360.19,63.87,161.88,0.826,-1,-1,-1
148,41,888.14,358.05,41.13,122.98,0.708,-1,-1,-1
148,45,320.12,377.03,50.02,128.50,0.835,-1,-1,-1
148,47,1089.63,338.33,57.80,165.84,0.873,-1,-1,-1
148,48,1530.01,358.59,52.57,145.70,0.688,-1,-1,-1
148,51,792.97,359.27,36.81,105.48,0.568,-1,-1,-1
148,54,583.41,356.70,41.70,75.72,0.541,-1,-1,-1
148,55,63.74,355.53,96.99,239.65,0.853,-1,-1,-1
148,56,175.42,377.32,24.22,64.07,0.527,-1,-1,-1
148,57,-1.51,396.39,51.75,179.58,0.843,-1,-1,-1
149,3,1788.70,324.37,142.06,602.61,0.867,-1,-1,-1
149,19,998.94,360.39,64.12,162.18,0.830,-1,-1,-1
149,41,891.83,357.49,41.56,124.00,0.740,-1,-1,-1
149,45,326.38,378.08,49.58,127.82,0.802,-1,-1,-1
149,47,1095.29,338.19,58.20,167.03,0.888,-1,-1,-1
149,48,1536.61,359.24,52.88,146.17,0.672,-1,-1,-1
149,50,827.67,365.28,24.05,66.93,0.600,-1,-1,-1
149,51,797.57,360.55,36.69,104.96,0.724,-1,-1,-1
149,52,225.24,379.44,36.55,98.70,0.646,-1,-1,-1
149,54,594.19,359.27,40.89,73.80,0.643,-1,-1,-1
149,55,67.34,356.31,97.88,239.77,0.885,-1,-1,-1
149,56,181.10,378.66,24.45,64.87,0.686,-1,-1,-1
149,57,-0.02,396.79,54.61,189.49,0.880,-1,-1,-1
150,3,1789.64,327.67,134.80,571.96,0.884,-1,-1,-1
150,19,1002.57,360.38,64.02,161.69,0.818,-1,-1,-1
150,41,895.57,358.52,41.03,122.72,0.736,-1,-1,-1
150,45,331.38,377.34,49.30,127.64,0.788,-1,-1,-1
150,47,1101.08,337.40,58.39,167.62,0.892,-1,-1,-1
150,48,1543.55,358.17,53.51,147.43,0.665,-1,-1,-1
150,50,833.08,364.91,23.73,66.42,0.666,-1,-1,-1
150,51,802.56,359.33,37.36,107.21,0.721,-1,-1,-1
150,54,597.77,357.30,43.19,75.69,0.790,-1,-1,-1
150,55,69.31,355.81,98.56,239.69,0.877,-1,-1,-1
150,56,186.81,378.05,24.48,64.98,0.565,-1,-1,-1
150,57,2.45,395.40,55.59,192.15,0.885,-1,-1,-1
151,3,1788.64,329.47,132.05,559.37,0.909,-1,-1,-1
151,19,1008.12,360.64,63.28,160.17,0.804,-1,-1,-1
151,41,901.35,355.96,41.35,124.00,0.779,-1,-1,-1
151,45,339.18,375.15,48.73,127.04,0.844,-1,-1,-1
151,47,1108.51,334.98,59.35,169.91,0.898,-1,-1,-1
151,48,1553.08,356.87,53.70,147.74,0.506,-1,-1,-1
151,50,840.33,363.62,23.64,66.41,0.560,-1,-1,-1
151,51,809.87,358.55,37.93,108.41,0.728,-1,-1,-1
151,52,236.99,377.66,37.07,100.09,0.613,-1,-1,-1
151,53,540.42,360.57,34.44,104.71,0.519,-1,-1,-1
151,54,606.34,356.74,43.21,75.09,0.683,-1,-1,-1
151,55,73.44,354.80,99.60,240.84,0.890,-1,-1,-1
151,56,194.57,376.75,24.52,65.37,0.641,-1,-1,-1
151,57,4.61,393.72,56.71,194.61,0.905,-1,-1,-1
152,3,1789.10,328.70,131.27,556.84,0.902,-1,-1,-1
152,19,1011.89,359.46,63.07,159.73,0.849,-1,-1,-1
152,41,903.99,353.92,41.38,124.39,0.807,-1,-1,-1
152,45,343.56,372.48,48.46,127.00,0.853,-1,-1,-1
152,47,1112.85,333.37,59.77,170.80,0.893,-1,-1,-1
152,48,1559.58,354.39,54.01,148.30,0.684,-1,-1,-1
152,50,844.79,361.84,23.73,66.94,0.655,-1,-1,-1
152,51,814.18,356.57,38.45,109.67,0.744,-1,-1,-1
152,54,611.74,352.55,45.13,77.40,0.720,-1,-1,-1
152,55,73.86,353.04,100.58,241.54,0.894,-1,-1,-1
152,56,199.16,375.62,24.11,64.64,0.648,-1,-1,-1
152,57,5.32,392.01,57.31,195.12,0.904,-1,-1,-1
152,58,937.79,358.07,27.80,94.69,0.680,-1,-1,-1
153,3,1791.46,326.40,131.53,562.00,0.883,-1,-1,-1
153,19,1012.73,357.74,62.21,158.65,0.827,-1,-1,-1
153,41,905.58,351.30,41.41,124.59,0.782,-1,-1,-1
153,45,346.50,369.52,47.83,125.47,0.825,-1,-1,-1
153,47,1116.61,331.22,59.68,170.33,0.886,-1,-1,-1
153,48,1565.07,351.82,53.99,147.98,0.655,-1,-1,-1
153,50,848.51,359.22,23.80,67.80,0.581,-1,-1,-1
153,51,818.25,353.76,37.99,108.16,0.739,-1,-1,-1
153,54,615.87,349.34,45.86,78.04,0.722,-1,-1,-1
153,55,73.07,350.37,101.54,242.11,0.880,-1,-1,-1
153,56,202.21,373.38,23.91,64.09,0.507,-1,-1,-1
153,57,5.61,388.80,57.68,194.89,0.860,-1,-1,-1
153,58,940.96,357.23,27.28,92.73,0.619,-1,-1,-1
154,3,1794.57,323.13,131.41,567.93,0.887,-1,-1,-1
154,19,1014.41,355.34,61.70,158.48,0.810,-1,-1,-1
154,41,907.21,348.99,41.41,125.10,0.789,-1,-1,-1
154,45,348.84,366.57,48.31,127.11,0.831,-1,-1,-1
154,47,1120.05,328.92,59.70,170.29,0.900,-1,-1,-1
154,48,1569.92,350.05,54.23,148.32,0.626,-1,-1,-1
154,50,851.27,356.45,23.87,68.25,0.650,-1,-1,-1
154,51,820.82,351.09,38.49,109.64,0.706,-1,-1,-1
154,52,247.01,372.19,36.65,99.29,0.532,-1,-1,-1
154,54,620.77,345.68,46.61,79.31,0.766,-1,-1,-1
154,55,72.66,348.09,102.16,242.11,0.887,-1,-1,-1
154,56,205.09,371.18,23.65,63.75,0.614,-1,-1,-1
154,57,4.64,385.67,57.97,194.96,0.838,-1,-1,-1
154,58,942.84,352.47,28.04,95.13,0.564,-1,-1,-1
155,3,1798.54,318.95,130.82,574.43,0.884,-1,-1,-1
155,19,1015.83,352.67,61.44,158.93,0.801,-1,-1,-1
155,41,908.34,346.64,41.34,125.63,0.795,-1,-1,-1
155,45,351.19,364.45,48.85,128.74,0.842,-1,-1,-1
155,47,1122.63,327.55,59.82,170.55,0.898,-1,-1,-1
155,48,1572.99,347.16,54.98,149.94,0.697,-1,-1,-1
155,50,854.10,354.56,23.36,66.99,0.600,-1,-1,-1
155,51,823.67,348.22,38.73,110.40,0.700,-1,-1,-1
155,52,248.75,370.09,36.34,99.15,0.503,-1,-1,-1
155,54,624.22,343.66,47.10,79.64,0.808,-1,-1,-1
155,55,71.29,346.45,103.24,243.26,0.896,-1,-1,-1
155,56,206.41,369.51,23.66,64.17,0.649,-1,-1,-1
155,57,5.76,383.79,57.82,192.37,0.852,-1,-1,-1
155,58,944.28,351.95,27.92,94.42,0.508,-1,-1,-1
156,3,1800.22,311.71,131.47,586.97,0.866,-1,-1,-1
156,19,1018.98,349.19,60.90,158.19,0.801,-1,-1,-1
156,41,908.87,344.22,41.14,125.71,0.769,-1,-1,-1
156,45,353.82,362.08,48.65,127.49,0.837,-1,-1,-1
156,47,1125.10,325.41,60.20,172.01,0.892,-1,-1,-1
156,48,1577.27,345.15,55.49,151.39,0.717,-1,-1,-1
156,50,857.21,352.80,22.86,65.67,0.566,-1,-1,-1
156,51,826.60,346.74,38.60,109.51,0.717,-1,-1,-1
156,53,551.14,353.85,35.77,109.01,0.607,-1,-1,-1
156,54,627.31,340.37,47.93,80.49,0.800,-1,-1,-1
156,55,68.14,344.42,103.99,243.11,0.876,-1,-1,-1
156,56,207.17,366.35,24.34,66.53,0.625,-1,-1,-1
156,57,5.05,380.13,58.10,191.96,0.836,-1,-1,-1
156,58,944.40,346.46,29.21,98.38,0.624,-1,-1,-1
157,3,1799.48,306.18,131.17,593.40,0.886,-1,-1,-1
157,19,1019.98,347.02,60.67,158.37,0.795,-1,-1,-1
157,41,908.69,343.16,40.64,125.05,0.760,-1,-1,-1
157,45,355.00,361.01,50.02,130.37,0.827,-1,-1,-1
157,47,1126.74,323.72,60.46,173.28,0.887,-1,-1,-1
157,48,1580.87,343.43,55.73,151.84,0.719,-1,-1,-1
157,50,859.14,351.79,22.47,64.67,0.521,-1,-1,-1
157,51,828.02,345.95,38.79,110.09,0.677,-1,-1,-1
157,53,551.61,352.95,35.59,109.25,0.565,-1,-1,-1
157,54,629.90,338.63,48.58,80.90,0.803,-1,-1,-1
157,55,64.63,343.81,105.10,243.54,0.877,-1,-1,-1
157,57,1.96,377.96,58.61,194.00,0.858,-1,-1,-1
157,58,944.40,343.45,29.99,100.46,0.650,-1,-1,-1
158,3,1796.33,304.90,132.14,603.54,0.899,-1,-1,-1
158,19,1019.20,345.98,61.01,159.94,0.805,-1,-1,-1
158,41,907.99,342.54,40.51,125.25,0.759,-1,-1,-1
158,45,355.56,361.61,50.12,129.34,0.840,-1,-1,-1
158,47,1127.39,322.99,60.67,174.71,0.881,-1,-1,-1
158,48,1582.52,342.95,55.92,152.28,0.798,-1,-1,-1
158,51,829.28,345.16,39.67,111.23,0.657,-1,-1,-1
158,53,552.00,353.76,35.43,109.17,0.502,-1,-1,-1
158,54,632.01,338.10,48.91,81.04,0.777,-1,-1,-1
158,55,59.62,343.58,106.50,245.06,0.867,-1,-1,-1
158,57,0.96,377.22,59.27,196.25,0.834,-1,-1,-1
158,58,944.03,341.55,30.81,102.31,0.725,-1,-1,-1
159,3,1791.89,302.75,133.33,611.36,0.887,-1,-1,-1
159,19,1017.14,346.77,60.36,159.23,0.806,-1,-1,-1
159,41,906.99,343.20,40.24,125.36,0.758,-1,-1,-1
159,45,355.62,362.97,49.69,126.39,0.824,-1,-1,-1
159,47,1127.38,322.95,60.97,176.29,0.883,-1,-1,-1
159,48,1583.93,343.74,55.93,152.21,0.755,-1,-1,-1
159,51,830.19,345.09,40.40,111.46,0.701,-1,-1,-1
159,54,633.92,339.38,48.66,80.30,0.775,-1,-1,-1
159,55,55.07,343.33,107.63,246.03,0.832,-1,-1,-1
159,57,0.02,377.29,59.37,196.99,0.836,-1,-1,-1
159,58,943.36,341.33,31.38,103.40,0.672,-1,-1,-1
160,3,1775.70,301.84,137.52,618.20,0.887,-1,-1,-1
160,11,936.55,343.25,29.41,104.38,0.572,-1,-1,-1
160,19,1013.50,346.66,60.99,161.38,0.818,-1,-1,-1
160,41,905.15,344.34,39.98,125.31,0.785,-1,-1,-1
160,45,353.97,363.47,50.72,129.08,0.855,-1,-1,-1
160,47,1126.40,322.74,61.34,177.98,0.893,-1,-1,-1
160,48,1583.21,344.56,56.29,153.19,0.804,-1,-1,-1
160,51,827.42,344.90,41.40,114.42,0.744,-1,-1,-1
160,54,635.89,339.76,49.41,80.79,0.775,-1,-1,-1
160,55,49.03,342.66,108.88,247.97,0.889,-1,-1,-1
160,57,-2.10,377.92,58.82,196.92,0.868,-1,-1,-1
161,3,1753.03,306.15,144.92,623.77,0.920,-1,-1,-1
161,11,936.05,347.58,30.92,103.00,0.802,-1,-1,-1
161,19,1008.70,346.32,61.76,164.24,0.815,-1,-1,-1
161,41,899.21,345.80,39.39,124.02,0.801,-1,-1,-1
161,45,346.65,365.97,50.89,129.23,0.802,-1,-1,-1
161,47,1123.31,323.95,61.82,180.03,0.879,-1,-1,-1
161,48,1580.10,346.66,56.50,153.70,0.764,-1,-1,-1
161,51,825.14,346.21,42.08,115.17,0.624,-1,-1,-1
161,54,634.09,342.50,49.48,80.46,0.756,-1,-1,-1
161,55,35.47,343.98,110.03,249.70,0.848,-1,-1,-1
161,57,-1.64,380.09,49.73,166.71,0.558,-1,-1,-1
162,3,1736.99,309.65,152.57,628.10,0.914,-1,-1,-1
162,11,934.25,347.70,32.38,102.83,0.806,-1,-1,-1
162,19,1001.67,346.24,62.39,165.44,0.838,-1,-1,-1
162,41,894.45,346.01,39.57,125.12,0.798,-1,-1,-1
162,45,343.86,366.33,51.08,128.91,0.837,-1,-1,-1
162,47,1120.70,323.81,62.08,180.96,0.896,-1,-1,-1
162,48,1577.08,346.85,56.92,154.79,0.775,-1,-1,-1
162,51,820.01,346.46,42.22,115.97,0.674,-1,-1,-1
162,54,631.55,343.09,50.27,81.20,0.770,-1,-1,-1
162,55,25.74,343.79,111.13,251.29,0.880,-1,-1,-1
162,56,227.48,367.51,35.33,95.95,0.639,-1,-1,-1
163,3,1723.53,313.28,160.43,630.61,0.914,-1,-1,-1
163,11,931.47,347.84,33.53,102.13,0.811,-1,-1,-1
163,19,997.59,352.14,60.76,159.94,0.734,-1,-1,-1
163,41,888.88,346.04,39.93,126.07,0.824,-1,-1,-1
163,45,338.52,366.95,50.50,127.69,0.783,-1,-1,-1
163,47,1117.71,323.80,62.39,182.11,0.885,-1,-1,-1
163,48,1573.93,348.00,56.46,153.39,0.774,-1,-1,-1
163,51,816.68,347.70,42.25,114.74,0.610,-1,-1,-1
163,54,629.15,343.81,50.13,80.97,0.707,-1,-1,-1
163,55,15.66,343.92,112.14,252.90,0.855,-1,-1,-1
164,3,1714.75,317.68,166.86,626.20,0.927,-1,-1,-1
164,11,927.45,347.80,34.02,102.17,0.651,-1,-1,-1
164,19,991.84,356.47,59.87,156.16,0.766,-1,-1,-1
164,41,884.12,346.35,39.57,125.37,0.814,-1,-1,-1
164,45,333.55,366.89,51.13,128.80,0.826,-1,-1,-1
164,47,1113.68,324.09,62.74,183.21,0.909,-1,-1,-1
164,48,1570.24,348.42,57.02,154.68,0.674,-1,-1,-1
164,51,807.97,349.72,42.52,115.20,0.721,-1,-1,-1
164,54,615.01,344.01,70.25,116.66,0.786,-1,-1,-1
164,55,6.20,344.72,112.96,254.30,0.862,-1,-1,-1
165,3,1708.55,321.23,173.70,624.32,0.940,-1,-1,-1
165,19,982.39,350.66,62.17,162.10,0.831,-1,-1,-1
165,41,878.22,346.64,39.51,125.35,0.804,-1,-1,-1
165,45,327.84,366.56,51.00,128.07,0.845,-1,-1,-1
165,47,1109.12,324.38,63.05,184.00,0.901,-1,-1,-1
165,48,1564.18,348.70,57.40,155.51,0.766,-1,-1,-1
165,51,800.46,350.09,42.51,115.02,0.733,-1,-1,-1
165,54,608.50,344.07,77.31,131.57,0.846,-1,-1,-1
165,55,-1.35,345.39,112.47,254.84,0.904,-1,-1,-1
166,3,1701.89,321.07,179.58,622.39,0.891,-1,-1,-1
166,19,973.02,356.84,59.39,153.88,0.724,-1,-1,-1
166,41,868.86,346.23,39.75,126.13,0.812,-1,-1,-1
166,45,315.41,365.40,50.75,127.68,0.833,-1,-1,-1
166,47,1102.20,325.00,63.39,185.05,0.901,-1,-1,-1
166,48,1556.61,348.53,57.36,155.70,0.755,-1,-1,-1
166,54,602.90,343.84,80.01,138.37,0.502,-1,-1,-1
166,55,-8.90,345.30,111.24,256.52,0.874,-1,-1,-1
166,59,199.09,370.31,36.08,101.25,0.533,-1,-1,-1
167,3,1693.97,319.79,186.77,625.95,0.922,-1,-1,-1
167,19,962.63,355.50,59.78,154.55,0.777,-1,-1,-1
167,41,861.15,346.75,39.48,125.28,0.805,-1,-1,-1
167,45,306.91,364.62,50.74,127.86,0.834,-1,-1,-1
167,47,1095.65,325.47,63.80,185.54,0.903,-1,-1,-1
167,48,1548.81,347.32,57.61,156.30,0.836,-1,-1,-1
167,54,594.75,343.41,81.75,144.43,0.727,-1,-1,-1
167,55,-12.95,362.32,102.70,240.74,0.770,-1,-1,-1
167,59,187.26,370.21,36.44,102.01,0.624,-1,-1,-1
167,60,902.34,346.48,33.52,103.99,0.503,-1,-1,-1
168,3,1681.99,318.31,190.55,625.16,0.916,-1,-1,-1
168,19,953.74,351.92,60.93,156.88,0.828,-1,-1,-1
168,41,854.04,345.74,39.74,126.24,0.825,-1,-1,-1
168,45,298.84,363.15,51.35,129.92,0.833,-1,-1,-1
168,47,1089.63,325.29,64.16,185.86,0.903,-1,-1,-1
168,48,1542.54,346.18,57.93,156.95,0.762,-1,-1,-1
168,54,588.73,342.95,81.51,145.88,0.852,-1,-1,-1
168,55,-15.91,371.71,96.10,231.37,0.863,-1,-1,-1
168,59,177.24,369.15,36.63,102.62,0.593,-1,-1,-1
168,60,905.68,356.31,29.80,92.65,0.592,-1,-1,-1
169,3,1668.66,314.61,191.30,619.72,0.903,-1,-1,-1
169,19,944.58,349.80,61.25,157.92,0.819,-1,-1,-1
169,41,846.42,345.51,39.64,126.33,0.802,-1,-1,-1
169,45,289.49,362.40,51.32,130.51,0.827,-1,-1,-1
169,47,1082.80,324.45,64.70,186.58,0.912,-1,-1,-1
169,48,1535.13,345.86,57.79,156.65,0.810,-1,-1,-1
169,54,580.08,342.07,81.19,148.51,0.790,-1,-1,-1
169,57,-7.84,375.82,64.49,221.33,0.792,-1,-1,-1
169,59,167.57,368.27,36.83,102.98,0.736,-1,-1,-1
169,61,766.88,349.08,43.25,114.39,0.746,-1,-1,-1
169,62,802.85,353.64,22.16,67.77,0.709,-1,-1,-1
170,3,1654.95,309.90,189.06,610.02,0.905,-1,-1,-1
170,19,936.81,347.16,62.05,159.83,0.831,-1,-1,-1
170,41,838.98,344.47,39.59,126.77,0.790,-1,-1,-1
170,45,279.50,362.61,51.39,130.33,0.839,-1,-1,-1
170,47,1075.82,323.48,65.34,187.88,0.912,-1,-1,-1
170,48,1527.20,344.91,57.84,156.63,0.764,-1,-1,-1
170,54,571.90,341.99,80.18,149.60,0.733,-1,-1,-1
170,59,155.70,368.05,36.96,103.48,0.644,-1,-1,-1
170,61,758.15,348.51,43.05,114.02,0.665,-1,-1,-1
170,62,794.27,353.19,21.99,67.21,0.645,-1,-1,-1
170,63,876.14,344.79,29.65,104.71,0.700,-1,-1,-1
170,64,1863.77,332.53,40.63,557.83,0.830,-1,-1,-1
170,65,442.87,368.87,29.38,100.23,0.652,-1,-1,-1
171,3,1636.19,305.29,188.22,608.51,0.916,-1,-1,-1
171,19,923.95,347.35,62.01,160.16,0.796,-1,-1,-1
171,41,826.51,344.03,39.56,127.40,0.814,-1,-1,-1
171,47,1064.98,322.01,66.14,189.72,0.906,-1,-1,-1
171,48,1515.56,344.03,57.94,156.89,0.754,-1,-1,-1
171,54,559.88,341.06,80.60,150.14,0.825,-1,-1,-1
171,56,254.52,364.90,46.57,127.93,0.775,-1,-1,-1
171,59,137.60,368.69,37.44,104.44,0.703,-1,-1,-1
171,61,743.54,347.06,45.21,120.02,0.792,-1,-1,-1
171,63,877.70,355.01,26.30,92.95,0.621,-1,-1,-1
171,64,1852.63,281.57,45.93,615.34,0.879,-1,-1,-1
171,65,443.02,360.16,32.91,112.28,0.594,-1,-1,-1
172,3,1620.89,302.92,188.24,609.84,0.907,-1,-1,-1
172,19,913.05,347.27,62.69,162.02,0.823,-1,-1,-1
172,41,815.51,344.25,39.76,128.40,0.825,-1,-1,-1
172,47,1056.65,321.42,66.58,191.03,0.917,-1,-1,-1
172,48,1505.23,343.34,57.95,156.88,0.809,-1,-1,-1
172,54,546.72,341.46,80.01,150.34,0.801,-1,-1,-1
172,56,252.38,365.90,47.20,129.86,0.773,-1,-1,-1
172,59,124.34,369.76,37.76,105.55,0.726,-1,-1,-1
172,61,733.25,347.09,44.85,119.50,0.769,-1,-1,-1
172,63,874.98,360.22,24.43,86.54,0.539,-1,-1,-1
172,64,1841.38,259.36,49.85,641.28,0.885,-1,-1,-1
172,65,436.62,355.49,35.29,120.33,0.705,-1,-1,-1
173,3,1607.24,301.70,188.72,611.69,0.908,-1,-1,-1
173,19,903.89,347.05,62.84,162.72,0.819,-1,-1,-1
173,41,807.23,345.01,39.59,128.22,0.814,-1,-1,-1
173,47,1050.48,320.72,66.90,192.08,0.919,-1,-1,-1
173,48,1498.37,343.74,57.76,156.29,0.657,-1,-1,-1
173,54,535.79,341.78,78.73,151.28,0.792,-1,-1,-1
173,56,247.04,366.58,47.76,131.00,0.815,-1,-1,-1
173,59,111.67,371.36,37.63,105.09,0.688,-1,-1,-1
173,61,725.60,347.59,45.20,120.79,0.748,-1,-1,-1
173,64,1832.35,253.79,53.39,651.61,0.892,-1,-1,-1
173,65,429.31,354.42,35.97,122.17,0.703,-1,-1,-1
173,66,845.98,345.63,32.88,107.08,0.720,-1,-1,-1
173,67,69.62,370.77,26.02,68.49,0.671,-1,-1,-1
173,68,468.09,369.67,19.98,57.82,0.540,-1,-1,-1
173,69,767.03,356.83,18.55,66.00,0.501,-1,-1,-1
174,3,1594.90,300.80,188.65,613.91,0.886,-1,-1,-1
174,19,897.76,345.95,62.85,163.19,0.768,-1,-1,-1
174,47,1045.42,320.30,66.82,192.87,0.821,-1,-1,-1
174,51,797.56,347.54,45.10,121.72,0.634,-1,-1,-1
174,54,529.89,342.45,77.27,151.47,0.711,-1,-1,-1
174,64,1827.03,252.62,56.97,658.36,0.887,-1,-1,-1
175,3,1584.48,304.89,189.34,615.10,0.902,-1,-1,-1
175,19,891.28,347.49,62.71,162.83,0.766,-1,-1,-1
175,41,793.26,345.91,40.22,129.64,0.773,-1,-1,-1
175,47,1040.31,318.71,67.61,195.66,0.906,-1,-1,-1
175,54,519.94,340.24,78.22,155.35,0.819,-1,-1,-1
175,59,94.83,373.91,38.77,107.34,0.676,-1,-1,-1
175,61,713.42,347.88,45.58,121.93,0.578,-1,-1,-1
175,64,1817.83,259.16,61.01,653.19,0.909,-1,-1,-1
175,66,835.76,348.08,32.86,107.06,0.670,-1,-1,-1
176,3,1568.80,306.40,192.32,622.26,0.899,-1,-1,-1
176,19,886.81,348.47,61.87,162.26,0.799,-1,-1,-1
176,41,789.73,345.91,40.20,128.35,0.787,-1,-1,-1
176,47,1038.89,318.73,67.91,196.80,0.910,-1,-1,-1
176,48,1487.42,343.20,58.94,159.78,0.786,-1,-1,-1
176,54,518.18,340.89,78.59,154.91,0.854,-1,-1,-1
176,59,90.78,374.39,39.24,107.63,0.747,-1,-1,-1
176,61,710.26,349.54,45.46,122.17,0.778,-1,-1,-1
176,63,858.83,364.17,23.91,84.84,0.640,-1,-1,-1
176,64,1800.34,265.39,68.14,657.58,0.922,-1,-1,-1
176,66,832.80,347.90,32.88,107.14,0.744,-1,-1,-1
176,67,48.22,371.93,27.69,72.99,0.519,-1,-1,-1
176,69,752.23,353.24,20.34,72.08,0.674,-1,-1,-1
177,3,1557.38,309.06,194.18,624.12,0.891,-1,-1,-1
177,19,884.86,350.41,60.56,160.58,0.799,-1,-1,-1
177,41,786.01,346.74,40.91,128.47,0.802,-1,-1,-1
177,47,1038.35,319.22,68.55,199.05,0.900,-1,-1,-1
177,48,1486.11,343.83,58.84,159.49,0.632,-1,-1,-1
177,54,512.72,340.16,79.35,157.27,0.845,-1,-1,-1
177,59,88.09,375.14,39.15,107.25,0.702,-1,-1,-1
177,61,707.04,350.74,45.50,122.82,0.735,-1,-1,-1
177,63,856.68,364.52,24.13,85.82,0.586,-1,-1,-1
177,64,1787.40,271.20,75.42,657.11,0.913,-1,-1,-1
177,66,830.99,348.30,32.94,107.30,0.731,-1,-1,-1
177,69,749.54,351.74,21.06,74.37,0.613,-1,-1,-1
177,70,222.49,369.79,50.08,131.17,0.797,-1,-1,-1
178,3,1546.61,310.25,195.52,624.79,0.897,-1,-1,-1
178,19,883.87,350.07,59.18,157.82,0.805,-1,-1,-1
178,47,1037.65,318.79,68.74,199.93,0.907,-1,-1,-1
178,48,1484.90,343.11,59.09,160.16,0.531,-1,-1,-1
178,51,788.93,345.74,46.27,125.87,0.821,-1,-1,-1
178,54,514.55,341.27,77.46,155.24,0.837,-1,-1,-1
178,59,85.86,374.71,39.06,107.09,0.679,-1,-1,-1
178,61,704.94,350.50,45.89,124.18,0.764,-1,-1,-1
178,63,855.20,363.76,24.03,85.69,0.572,-1,-1,-1
178,64,1778.23,274.88,82.86,656.08,0.910,-1,-1,-1
178,65,407.78,355.48,36.56,124.12,0.551,-1,-1,-1
178,66,829.40,347.30,32.97,107.52,0.753,-1,-1,-1
178,67,41.91,372.55,27.46,72.28,0.666,-1,-1,-1
178,69,748.31,351.57,20.98,73.60,0.746,-1,-1,-1
178,70,223.39,367.65,49.51,129.91,0.807,-1,-1,-1
179,3,1537.95,310.43,197.01,625.95,0.901,-1,-1,-1
179,19,882.97,348.27,58.72,157.33,0.778,-1,-1,-1
179,47,1037.96,317.92,68.60,199.74,0.901,-1,-1,-1
179,48,1486.25,341.33,59.28,160.74,0.749,-1,-1,-1
179,51,786.88,343.74,47.30,128.05,0.798,-1,-1,-1
179,54,512.76,340.53,77.11,155.20,0.765,-1,-1,-1
179,59,84.73,372.94,38.84,106.30,0.642,-1,-1,-1
179,61,704.69,349.35,46.04,124.70,0.745,-1,-1,-1
179,62,749.31,351.50,22.99,70.20,0.721,-1,-1,-1
179,64,1770.95,277.83,90.55,653.19,0.921,-1,-1,-1
179,66,828.50,345.73,33.12,108.13,0.700,-1,-1,-1
179,68,455.33,367.77,21.18,60.63,0.560,-1,-1,-1
179,70,221.07,364.30,48.95,128.32,0.831,-1,-1,-1
180,3,1531.48,308.53,198.81,629.39,0.893,-1,-1,-1
180,19,883.18,345.92,58.52,156.96,0.767,-1,-1,-1
180,47,1038.69,315.53,68.85,200.63,0.900,-1,-1,-1
180,48,1486.93,339.38,59.33,160.77,0.608,-1,-1,-1
180,51,785.47,340.69,47.41,129.06,0.816,-1,-1,-1
180,54,511.47,337.36,77.36,156.65,0.793,-1,-1,-1
180,59,85.49,369.56,38.66,105.60,0.705,-1,-1,-1
180,61,704.90,345.30,45.78,124.43,0.795,-1,-1,-1
180,62,748.07,348.90,23.02,69.69,0.752,-1,-1,-1
180,63,854.74,360.47,23.06,82.28,0.628,-1,-1,-1
180,64,1766.35,277.69,98.10,654.19,0.912,-1,-1,-1
180,66,828.68,341.95,33.27,108.81,0.756,-1,-1,-1
180,67,39.79,367.39,26.79,70.31,0.601,-1,-1,-1
180,70,220.04,359.36,49.08,128.50,0.837,-1,-1,-1
181,3,1523.48,304.86,198.25,630.09,0.886,-1,-1,-1
181,19,879.31,340.52,58.58,158.12,0.810,-1,-1,-1
181,47,1038.71,310.69,69.28,202.09,0.897,-1,-1,-1
181,51,783.69,335.37,46.60,128.88,0.817,-1,-1,-1
181,54,507.28,331.02,77.06,156.26,0.880,-1,-1,-1
181,59,82.24,362.99,38.41,105.16,0.689,-1,-1,-1
181,61,703.05,338.19,46.34,127.17,0.823,-1,-1,-1
181,62,746.32,342.79,23.43,70.35,0.770,-1,-1,-1
181,63,854.51,355.06,23.13,82.57,0.511,-1,-1,-1
181,64,1763.24,273.41,105.40,655.92,0.916,-1,-1,-1
181,66,828.15,336.45,33.10,108.41,0.733,-1,-1,-1
181,67,38.14,361.15,27.58,72.43,0.663,-1,-1,-1
181,70,219.03,352.27,50.27,131.36,0.863,-1,-1,-1
182,3,1519.78,298.81,196.36,627.21,0.899,-1,-1,-1
182,19,877.49,336.30,58.19,157.26,0.814,-1,-1,-1
182,47,1038.80,306.03,69.99,204.55,0.894,-1,-1,-1
182,51,782.27,330.70,45.64,127.83,0.826,-1,-1,-1
182,54,506.14,324.66,75.52,153.03,0.897,-1,-1,-1
182,59,79.08,356.90,38.88,106.42,0.720,-1,-1,-1
182,61,702.25,332.82,46.09,127.54,0.818,-1,-1,-1
182,62,746.16,339.96,22.80,67.66,0.768,-1,-1,-1
182,63,854.84,349.93,23.04,82.28,0.639,-1,-1,-1
182,64,1759.24,269.39,110.53,650.95,0.896,-1,-1,-1
182,66,828.18,331.24,32.85,107.74,0.759,-1,-1,-1
182,67,36.43,355.67,27.44,72.16,0.703,-1,-1,-1
182,70,217.77,346.50,50.75,132.38,0.863,-1,-1,-1
183,3,1514.44,292.11,194.12,621.99,0.898,-1,-1,-1
183,19,876.15,333.57,58.23,156.91,0.817,-1,-1,-1
183,47,1038.86,302.67,70.40,206.23,0.892,-1,-1,-1
183,51,781.35,327.03,45.22,128.42,0.815,-1,-1,-1
183,54,504.57,321.33,75.42,152.70,0.879,-1,-1,-1
183,59,77.83,352.59,38.83,106.91,0.704,-1,-1,-1
183,61,702.14,329.39,45.88,127.56,0.818,-1,-1,-1
183,62,746.12,336.39,23.01,67.86,0.778,-1,-1,-1
183,63,854.53,346.01,23.22,82.96,0.511,-1,-1,-1
183,64,1755.41,263.91,114.86,643.23,0.880,-1,-1,-1
183,66,827.59,327.46,32.87,107.75,0.746,-1,-1,-1
183,67,34.77,351.22,27.85,73.49,0.734,-1,-1,-1
183,70,217.41,342.90,51.04,132.80,0.856,-1,-1,-1
183,71,943.65,331.34,21.91,91.49,0.657,-1,-1,-1
184,3,1507.34,287.68,190.80,610.96,0.910,-1,-1,-1
184,19,874.58,331.76,58.52,156.42,0.818,-1,-1,-1
184,47,1038.89,299.69,70.80,208.04,0.888,-1,-1,-1
184,51,779.99,324.99,44.81,128.58,0.824,-1,-1,-1
184,54,503.08,318.90,75.51,152.56,0.880,-1,-1,-1
184,59,75.45,349.98,38.89,106.75,0.702,-1,-1,-1
184,61,701.37,327.04,45.64,127.45,0.830,-1,-1,-1
184,62,745.49,334.17,23.06,67.26,0.773,-1,-1,-1
184,64,1749.37,258.59,118.91,634.75,0.880,-1,-1,-1
184,66,827.58,325.31,32.82,107.82,0.746,-1,-1,-1
184,67,33.15,348.05,27.81,73.39,0.736,-1,-1,-1
184,70,217.10,340.67,51.30,133.16,0.860,-1,-1,-1
184,71,941.62,329.28,21.85,91.23,0.637,-1,-1,-1
185,3,1499.47,284.36,190.15,608.21,0.910,-1,-1,-1
185,19,873.09,331.47,58.55,155.04,0.832,-1,-1,-1
185,47,1039.48,297.43,70.93,209.01,0.888,-1,-1,-1
185,51,779.34,322.63,44.46,129.15,0.808,-1,-1,-1
185,54,501.67,315.08,76.59,154.53,0.883,-1,-1,-1
185,59,74.04,347.34,39.16,106.65,0.731,-1,-1,-1
185,61,701.47,324.29,45.75,128.30,0.812,-1,-1,-1
185,62,745.54,331.44,23.54,68.46,0.745,-1,-1,-1
185,64,1741.31,253.79,123.27,629.24,0.867,-1,-1,-1
185,66,827.59,323.14,32.93,108.38,0.740,-1,-1,-1
185,67,32.10,345.63,27.27,72.26,0.683,-1,-1,-1
185,70,217.64,338.83,51.01,131.75,0.861,-1,-1,-1
185,71,939.81,328.08,22.03,91.71,0.599,-1,-1,-1
186,3,1487.32,280.69,191.76,613.66,0.911,-1,-1,-1
186,19,869.97,330.12,58.92,155.39,0.827,-1,-1,-1
186,47,1041.14,294.70,71.60,211.85,0.900,-1,-1,-1
186,51,778.39,321.87,44.18,129.61,0.813,-1,-1,-1
186,52,387.83,325.79,46.69,126.52,0.531,-1,-1,-1
186,54,500.46,312.61,77.51,155.87,0.888,-1,-1,-1
186,59,72.35,344.15,39.72,107.50,0.719,-1,-1,-1
186,61,701.68,322.52,45.62,128.41,0.800,-1,-1,-1
186,62,746.02,329.36,23.92,69.27,0.758,-1,-1,-1
186,64,1731.63,250.37,130.61,636.06,0.862,-1,-1,-1
186,66,827.95,321.91,33.10,108.99,0.697,-1,-1,-1
186,67,30.66,341.76,26.86,71.10,0.639,-1,-1,-1
186,70,217.73,337.19,50.95,131.29,0.860,-1,-1,-1
187,3,1471.42,280.72,195.32,620.95,0.906,-1,-1,-1
187,19,868.02,331.06,58.98,155.10,0.825,-1,-1,-1
187,47,1042.55,294.11,71.99,213.87,0.899,-1,-1,-1
187,51,777.66,322.47,43.68,129.04,0.813,-1,-1,-1
187,54,499.79,312.29,78.28,157.30,0.884,-1,-1,-1
187,59,70.61,342.51,40.03,107.85,0.703,-1,-1,-1
187,61,702.85,323.11,45.45,128.08,0.814,-1,-1,-1
187,62,747.14,330.54,23.59,67.93,0.758,-1,-1,-1
187,64,1715.61,250.88,139.88,642.38,0.885,-1,-1,-1
187,66,827.99,322.48,33.02,108.81,0.742,-1,-1,-1
187,67,29.39,340.61,26.58,70.12,0.644,-1,-1,-1
187,70,217.42,337.15,50.80,130.77,0.857,-1,-1,-1
187,71,936.39,328.44,22.66,93.43,0.510,-1,-1,-1
188,3,1454.47,281.81,199.91,627.98,0.914,-1,-1,-1
188,19,866.48,331.89,58.59,154.22,0.809,-1,-1,-1
188,47,1044.84,294.08,72.13,215.14,0.898,-1,-1,-1
188,51,777.54,323.26,43.24,128.63,0.777,-1,-1,-1
188,52,387.79,326.59,47.95,126.70,0.566,-1,-1,-1
188,54,500.66,311.45,78.13,157.84,0.850,-1,-1,-1
188,59,69.41,341.26,40.40,108.04,0.627,-1,-1,-1
188,61,703.68,323.75,45.55,129.06,0.754,-1,-1,-1
188,62,747.82,330.41,23.59,68.08,0.685,-1,-1,-1
188,64,1698.07,254.15,150.24,647.39,0.855,-1,-1,-1
188,66,828.35,322.67,33.00,108.51,0.696,-1,-1,-1
188,70,216.79,337.27,50.70,130.62,0.838,-1,-1,-1
189,3,1439.60,285.45,204.22,632.71,0.913,-1,-1,-1
189,19,867.12,333.19,58.48,153.74,0.787,-1,-1,-1
189,47,1045.89,295.67,72.33,216.50,0.910,-1,-1,-1
189,51,776.56,325.55,43.12,129.03,0.817,-1,-1,-1
189,54,501.20,312.13,78.11,158.70,0.794,-1,-1,-1
189,59,67.36,341.08,40.74,108.90,0.680,-1,-1,-1
189,61,704.85,325.82,45.97,129.68,0.760,-1,-1,-1
189,62,747.87,331.83,23.96,68.99,0.722,-1,-1,-1
189,64,1685.11,259.13,162.60,651.29,0.884,-1,-1,-1
189,66,827.73,324.07,33.36,109.71,0.752,-1,-1,-1
189,70,217.08,337.87,50.73,130.59,0.829,-1,-1,-1
189,71,929.54,327.78,25.76,104.64,0.528,-1,-1,-1
190,3,1426.50,290.67,209.13,637.72,0.914,-1,-1,-1
190,19,865.67,334.02,58.29,153.78,0.807,-1,-1,-1
190,47,1047.76,297.66,72.53,217.34,0.913,-1,-1,-1
190,51,775.97,326.74,43.09,129.51,0.843,-1,-1,-1
190,52,394.31,329.56,38.89,95.65,0.657,-1,-1,-1
190,54,500.44,312.68,78.40,159.99,0.869,-1,-1,-1
190,59,66.21,341.08,40.85,109.10,0.714,-1,-1,-1
190,61,705.32,327.49,45.88,129.35,0.814,-1,-1,-1
190,62,749.16,334.15,23.64,67.74,0.770,-1,-1,-1
190,64,1676.33,266.24,174.85,653.50,0.912,-1,-1,-1
190,66,828.25,325.42,33.35,109.83,0.749,-1,-1,-1
190,67,26.80,338.84,27.22,72.04,0.687,-1,-1,-1
190,70,218.07,338.07,51.08,131.16,0.861,-1,-1,-1
190,71,924.10,328.12,27.35,109.58,0.776,-1,-1,-1
191,3,1411.99,298.89,213.39,641.14,0.918,-1,-1,-1
191,19,864.81,334.76,59.13,155.36,0.765,-1,-1,-1
191,47,1050.25,300.73,73.32,219.90,0.907,-1,-1,-1
191,51,775.08,329.37,42.64,128.19,0.800,-1,-1,-1
191,54,501.05,312.52,78.35,161.77,0.803,-1,-1,-1
191,59,65.82,340.52,40.94,109.31,0.714,-1,-1,-1
191,61,705.60,329.11,45.74,129.13,0.801,-1,-1,-1
191,62,750.51,336.46,23.37,66.50,0.741,-1,-1,-1
191,64,1664.92,276.40,181.25,653.81,0.802,-1,-1,-1
191,66,829.05,327.44,33.66,110.59,0.775,-1,-1,-1
191,67,26.22,337.73,27.42,72.98,0.661,-1,-1,-1
191,70,218.43,337.08,50.65,129.96,0.862,-1,-1,-1
191,71,922.69,328.20,28.17,111.65,0.654,-1,-1,-1
192,3,1403.74,307.06,215.52,639.64,0.924,-1,-1,-1
192,19,867.11,336.59,59.86,156.43,0.762,-1,-1,-1
192,47,1052.22,304.14,73.84,221.36,0.899,-1,-1,-1
192,51,774.55,330.64,42.92,129.27,0.822,-1,-1,-1
192,54,502.45,313.77,77.24,162.09,0.802,-1,-1,-1
192,59,66.25,340.59,41.12,109.48,0.746,-1,-1,-1
192,61,704.78,330.82,45.86,129.99,0.799,-1,-1,-1
192,62,751.87,338.12,23.43,66.21,0.732,-1,-1,-1
192,64,1652.35,286.25,185.12,651.72,0.820,-1,-1,-1
192,66,829.48,329.97,33.34,109.65,0.761,-1,-1,-1
192,67,25.79,336.70,27.27,72.69,0.639,-1,-1,-1
192,70,219.82,336.72,50.30,128.69,0.880,-1,-1,-1
193,3,1398.34,312.48,217.27,639.18,0.919,-1,-1,-1
193,19,865.57,337.13,59.84,157.57,0.768,-1,-1,-1
193,47,1054.34,306.46,74.24,222.29,0.898,-1,-1,-1
193,51,774.74,331.64,42.56,128.35,0.779,-1,-1,-1
193,54,503.74,313.69,76.17,163.19,0.804,-1,-1,-1
193,59,64.66,338.67,41.22,109.53,0.655,-1,-1,-1
193,61,704.42,330.69,46.12,131.20,0.751,-1,-1,-1
193,62,752.54,337.81,23.68,67.03,0.586,-1,-1,-1
193,64,1649.12,292.42,191.62,653.71,0.841,-1,-1,-1
193,66,830.27,330.54,33.71,110.58,0.723,-1,-1,-1
193,67,26.00,334.95,27.13,72.31,0.587,-1,-1,-1
193,70,219.14,335.34,50.13,128.78,0.854,-1,-1,-1
193,71,922.01,329.39,29.17,113.22,0.742,-1,-1,-1
194,3,1394.37,316.18,219.12,640.36,0.904,-1,-1,-1
194,19,864.43,338.16,59.07,156.61,0.786,-1,-1,-1
194,47,1055.80,308.67,74.54,222.58,0.905,-1,-1,-1
194,51,774.07,331.50,42.68,128.67,0.757,-1,-1,-1
194,54,504.21,313.02,74.85,164.18,0.830,-1,-1,-1
194,59,61.53,337.59,40.90,109.16,0.699,-1,-1,-1
194,61,704.75,330.83,45.73,131.13,0.778,-1,-1,-1
194,62,752.98,337.52,23.85,67.58,0.665,-1,-1,-1
194,64,1640.22,296.18,195.80,655.75,0.858,-1,-1,-1
194,66,830.58,331.36,33.37,109.44,0.758,-1,-1,-1
194,67,25.11,333.25,27.79,73.46,0.638,-1,-1,-1
194,70,218.43,333.22,50.45,130.22,0.832,-1,-1,-1
194,71,922.98,330.67,29.51,112.73,0.733,-1,-1,-1
195,3,1391.84,317.87,220.32,641.53,0.906,-1,-1,-1
195,19,863.96,339.41,58.82,156.27,0.776,-1,-1,-1
195,47,1057.17,310.26,74.86,223.11,0.905,-1,-1,-1
195,51,773.97,330.53,43.17,130.24,0.789,-1,-1,-1
195,54,504.14,311.97,74.66,167.31,0.807,-1,-1,-1
195,59,60.42,336.93,40.92,109.20,0.713,-1,-1,-1
195,61,704.60,329.85,45.98,132.19,0.796,-1,-1,-1
195,62,753.66,337.60,23.72,67.23,0.672,-1,-1,-1
195,64,1636.92,298.38,199.05,656.40,0.872,-1,-1,-1
195,66,830.62,331.52,33.68,110.68,0.758,-1,-1,-1
195,67,23.86,332.30,27.87,73.78,0.525,-1,-1,-1
195,70,218.60,332.74,50.33,130.74,0.862,-1,-1,-1
195,71,923.68,330.85,30.12,113.07,0.770,-1,-1,-1
196,3,1387.10,315.30,218.50,639.04,0.909,-1,-1,-1
196,19,866.02,341.54,57.73,154.27,0.809,-1,-1,-1
196,47,1061.03,310.44,76.09,226.12,0.902,-1,-1,-1
196,51,773.88,329.82,43.22,131.09,0.739,-1,-1,-1
196,54,505.90,311.58,72.83,166.87,0.823,-1,-1,-1
196,61,708.19,330.55,45.33,131.51,0.789,-1,-1,-1
196,62,756.22,337.87,23.37,66.58,0.625,-1,-1,-1
196,64,1631.07,298.65,198.49,651.81,0.855,-1,-1,-1
196,66,832.41,331.56,33.40,110.01,0.746,-1,-1,-1
196,70,221.03,331.37,50.02,130.54,0.836,-1,-1,-1
196,71,925.31,331.06,29.46,109.46,0.597,-1,-1,-1
197,3,1386.75,313.61,214.65,631.53,0.910,-1,-1,-1
197,19,867.75,342.81,57.18,153.96,0.807,-1,-1,-1
197,47,1064.02,311.09,76.97,228.14,0.906,-1,-1,-1
197,51,773.68,331.15,42.90,131.60,0.714,-1,-1,-1
197,54,506.65,313.41,70.82,166.12,0.796,-1,-1,-1
197,61,710.62,330.56,45.25,132.74,0.792,-1,-1,-1
197,62,758.41,340.12,22.98,65.93,0.739,-1,-1,-1
197,64,1626.96,297.77,196.48,643.71,0.865,-1,-1,-1
197,66,834.32,332.62,33.34,110.12,0.764,-1,-1,-1
197,70,223.31,331.82,50.15,131.42,0.832,-1,-1,-1
197,71,926.12,331.69,29.75,110.69,0.534,-1,-1,-1
198,3,1387.75,311.73,211.49,626.21,0.916,-1,-1,-1
198,19,869.44,344.84,56.43,153.33,0.821,-1,-1,-1
198,47,1067.67,311.64,77.67,229.81,0.910,-1,-1,-1
198,51,774.12,331.67,42.68,132.19,0.727,-1,-1,-1
198,54,508.35,315.04,68.84,165.28,0.807,-1,-1,-1
198,61,712.49,333.42,44.73,131.52,0.814,-1,-1,-1
198,62,760.44,341.00,22.93,66.20,0.733,-1,-1,-1
198,64,1624.53,295.47,195.68,638.80,0.844,-1,-1,-1
198,66,836.38,333.85,33.33,110.56,0.791,-1,-1,-1
198,67,27.48,331.84,27.13,71.60,0.521,-1,-1,-1
198,70,224.76,333.72,49.85,130.12,0.834,-1,-1,-1
198,71,928.78,333.27,29.75,110.43,0.596,-1,-1,-1
198,72,390.84,331.01,32.58,80.47,0.643,-1,-1,-1
199,3,1387.34,310.61,210.85,628.84,0.920,-1,-1,-1
199,19,872.41,346.37,56.03,153.30,0.782,-1,-1,-1
199,47,1071.75,312.25,78.57,231.86,0.893,-1,-1,-1
199,51,776.39,333.28,42.45,131.61,0.733,-1,-1,-1
199,54,508.81,315.94,67.76,165.25,0.779,-1,-1,-1
199,61,715.03,334.24,44.64,131.82,0.769,-1,-1,-1
199,62,763.03,342.56,22.84,66.15,0.530,-1,-1,-1
199,64,1623.76,293.34,197.63,643.02,0.809,-1,-1,-1
199,66,839.03,335.30,33.11,110.19,0.739,-1,-1,-1
199,67,29.76,333.49,27.31,71.99,0.640,-1,-1,-1
199,70,228.01,336.49,49.02,128.27,0.815,-1,-1,-1
199,71,934.34,335.25,27.74,101.06,0.589,-1,-1,-1
200,3,1386.90,311.03,211.03,633.73,0.924,-1,-1,-1
200,19,876.78,348.84,55.84,152.78,0.777,-1,-1,-1
200,47,1076.23,313.42,79.32,234.10,0.901,-1,-1,-1
200,51,777.28,336.72,42.20,131.59,0.789,-1,-1,-1
200,54,511.02,319.28,66.42,165.18,0.824,-1,-1,-1
200,61,717.11,336.29,44.90,132.99,0.814,-1,-1,-1
200,62,765.72,347.16,22.24,64.75,0.741,-1,-1,-1
200,64,1622.41,293.43,199.67,647.17,0.783,-1,-1,-1
200,66,841.46,338.10,33.08,110.39,0.788,-1,-1,-1
200,67,31.81,337.19,26.92,71.12,0.696,-1,-1,-1
200,70,231.73,340.67,48.73,127.86,0.840,-1,-1,-1
200,71,937.10,337.94,29.86,107.79,0.672,-1,-1,-1
200,72,393.88,336.04,32.81,80.81,0.668,-1,-1,-1
201,3,1384.52,315.50,213.84,646.47,0.920,-1,-1,-1
201,19,883.42,353.01,55.43,152.29,0.749,-1,-1,-1
201,47,1085.40,316.85,80.17,237.38,0.858,-1,-1,-1
201,51,780.28,340.00,42.96,133.17,0.557,-1,-1,-1
201,54,515.62,328.66,63.50,159.36,0.694,-1,-1,-1
201,61,722.52,343.46,43.46,129.03,0.636,-1,-1,-1
201,64,1621.18,297.85,203.02,656.40,0.775,-1,-1,-1
201,70,238.76,346.76,47.39,124.51,0.762,-1,-1,-1
201,71,942.99,342.27,28.39,100.76,0.560,-1,-1,-1
202,3,1381.42,320.03,215.36,655.39,0.853,-1,-1,-1
202,19,888.29,356.45,55.45,152.96,0.698,-1,-1,-1
202,47,1091.87,320.83,80.14,238.93,0.717,-1,-1,-1
202,51,786.03,347.32,42.31,129.90,0.723,-1,-1,-1
202,54,521.94,345.60,58.57,147.40,0.599,-1,-1,-1
202,64,1624.16,303.42,206.01,662.11,0.749,-1,-1,-1
202,70,246.36,352.27,46.88,123.08,0.751,-1,-1,-1
203,3,1380.79,326.35,215.51,661.38,0.899,-1,-1,-1
203,19,896.23,361.21,56.61,154.47,0.826,-1,-1,-1
203,47,1101.87,325.48,80.76,241.39,0.900,-1,-1,-1
203,51,791.85,350.97,42.51,132.16,0.772,-1,-1,-1
203,54,528.04,342.91,61.29,156.34,0.815,-1,-1,-1
203,59,56.71,352.52,28.07,75.30,0.722,-1,-1,-1
203,61,735.93,351.92,43.93,130.32,0.808,-1,-1,-1
203,64,1628.72,311.33,209.29,667.38,0.812,-1,-1,-1
203,70,255.21,356.64,47.53,124.68,0.841,-1,-1,-1
203,72,408.61,350.10,33.38,81.78,0.582,-1,-1,-1
204,3,1384.69,332.47,216.09,668.20,0.887,-1,-1,-1
204,19,904.92,364.91,57.08,154.14,0.775,-1,-1,-1
204,47,1113.83,329.00,81.41,244.01,0.898,-1,-1,-1
204,51,801.10,354.53,42.16,132.42,0.782,-1,-1,-1
204,54,536.63,343.68,61.30,158.60,0.814,-1,-1,-1
204,61,746.24,356.33,44.73,132.55,0.832,-1,-1,-1
204,64,1632.02,318.06,211.76,673.46,0.763,-1,-1,-1
204,66,835.40,349.50,35.70,120.90,0.562,-1,-1,-1
204,70,266.65,359.13,47.84,125.40,0.851,-1,-1,-1
204,72,420.10,353.53,33.28,80.75,0.804,-1,-1,-1
204,73,866.51,358.09,41.10,106.60,0.690,-1,-1,-1
205,3,1388.42,337.77,215.11,671.88,0.883,-1,-1,-1
205,19,912.08,367.50,56.86,154.14,0.783,-1,-1,-1
205,47,1126.29,332.01,82.18,247.25,0.881,-1,-1,-1
205,54,542.78,345.01,61.36,160.39,0.701,-1,-1,-1
205,61,753.88,361.56,44.42,131.77,0.753,-1,-1,-1
205,64,1640.61,324.35,214.72,678.51,0.790,-1,-1,-1
205,66,826.44,355.20,38.91,130.20,0.725,-1,-1,-1
205,70,277.71,361.21,47.12,123.69,0.782,-1,-1,-1
205,73,875.62,360.24,41.12,106.77,0.506,-1,-1,-1
205,74,974.32,365.17,32.97,107.81,0.530,-1,-1,-1
206,3,1391.60,346.45,213.39,672.44,0.894,-1,-1,-1
206,19,925.01,370.19,57.45,155.32,0.785,-1,-1,-1
206,47,1141.48,336.80,82.37,248.03,0.897,-1,-1,-1
206,54,554.86,346.91,61.29,161.90,0.778,-1,-1,-1
206,61,766.22,362.97,45.18,133.41,0.769,-1,-1,-1
206,64,1643.97,331.01,216.51,686.15,0.857,-1,-1,-1
206,65,306.60,363.09,38.31,121.54,0.824,-1,-1,-1
206,66,828.82,358.11,39.94,133.75,0.730,-1,-1,-1
206,73,889.21,363.13,42.10,109.46,0.657,-1,-1,-1
206,74,986.04,365.56,33.81,110.52,0.521,-1,-1,-1
207,3,1394.00,350.92,212.80,674.49,0.868,-1,-1,-1
207,19,932.57,371.53,57.97,155.97,0.799,-1,-1,-1
207,47,1153.50,339.55,82.89,249.51,0.910,-1,-1,-1
207,54,564.56,348.84,60.67,162.38,0.819,-1,-1,-1
207,61,777.95,364.50,45.64,133.36,0.825,-1,-1,-1
207,64,1649.84,333.68,218.64,694.02,0.780,-1,-1,-1
207,65,309.63,362.82,40.62,125.47,0.832,-1,-1,-1
207,66,834.21,363.16,39.28,132.44,0.742,-1,-1,-1
207,73,900.88,365.09,42.61,110.98,0.581,-1,-1,-1
207,74,997.02,365.60,34.16,112.08,0.655,-1,-1,-1
208,3,1397.57,353.92,212.42,677.46,0.873,-1,-1,-1
208,19,936.76,372.24,58.98,156.81,0.806,-1,-1,-1
208,47,1163.18,341.28,83.69,252.19,0.887,-1,-1,-1
208,54,569.97,351.20,60.19,161.89,0.799,-1,-1,-1
208,61,784.59,362.01,46.84,136.62,0.778,-1,-1,-1
208,64,1659.03,335.50,220.15,696.61,0.693,-1,-1,-1
208,65,313.83,363.60,41.65,126.31,0.785,-1,-1,-1
208,66,840.85,365.16,38.60,130.18,0.677,-1,-1,-1
208,73,907.78,365.47,42.38,110.13,0.508,-1,-1,-1
209,3,1400.26,353.95,211.68,681.16,0.872,-1,-1,-1
209,19,941.49,373.77,59.01,155.48,0.810,-1,-1,-1
209,47,1170.95,342.06,84.31,254.22,0.902,-1,-1,-1
209,54,575.57,352.85,59.63,160.77,0.805,-1,-1,-1
209,61,792.01,361.93,47.06,136.75,0.824,-1,-1,-1
209,64,1666.14,334.86,220.26,693.43,0.793,-1,-1,-1
209,65,321.06,363.89,42.35,126.39,0.834,-1,-1,-1
209,66,846.77,366.02,38.52,131.00,0.775,-1,-1,-1
209,73,916.39,366.27,42.06,109.33,0.704,-1,-1,-1
209,74,1012.82,365.49,34.13,111.56,0.712,-1,-1,-1
209,75,546.87,369.13,41.20,58.46,0.685,-1,-1,-1
209,76,155.49,364.58,40.40,109.58,0.684,-1,-1,-1
210,3,1403.55,351.69,210.14,683.16,0.876,-1,-1,-1
210,19,948.65,373.80,58.79,154.21,0.809,-1,-1,-1
210,47,1178.94,340.99,85.17,257.20,0.915,-1,-1,-1
210,54,581.72,352.34,59.08,160.31,0.836,-1,-1,-1
210,61,798.92,361.22,47.42,137.32,0.833,-1,-1,-1
210,64,1668.73,332.52,218.24,687.01,0.819,-1,-1,-1
210,65,328.78,363.20,43.15,127.13,0.845,-1,-1,-1
210,66,852.63,364.58,38.87,133.44,0.747,-1,-1,-1
210,73,922.59,364.96,42.22,110.31,0.772,-1,-1,-1
210,74,1020.21,364.94,34.23,111.41,0.769,-1,-1,-1
210,75,553.19,368.95,40.78,57.95,0.739,-1,-1,-1
211,3,1407.31,345.05,205.60,673.38,0.869,-1,-1,-1
211,19,957.59,373.44,58.11,151.88,0.827,-1,-1,-1
211,47,1190.00,337.47,86.39,261.32,0.902,-1,-1,-1
211,51,811.98,357.68,44.49,138.40,0.831,-1,-1,-1
211,54,587.56,352.54,59.01,159.90,0.819,-1,-1,-1
211,64,1675.66,325.10,214.38,673.08,0.858,-1,-1,-1
211,65,341.28,364.21,43.57,125.55,0.873,-1,-1,-1
211,66,860.00,363.71,39.13,134.66,0.613,-1,-1,-1
211,73,930.37,362.93,42.48,111.67,0.751,-1,-1,-1
211,74,1029.06,363.85,34.35,111.83,0.666,-1,-1,-1
211,76,171.66,364.52,40.62,109.79,0.576,-1,-1,-1
212,3,1411.18,340.54,201.68,663.11,0.857,-1,-1,-1
212,19,963.98,372.63,58.00,151.01,0.847,-1,-1,-1
212,47,1198.67,335.02,87.09,263.80,0.895,-1,-1,-1
212,51,815.57,357.36,45.09,139.64,0.819,-1,-1,-1
212,64,1679.37,318.80,214.72,673.31,0.882,-1,-1,-1
212,65,350.11,364.83,44.05,124.45,0.877,-1,-1,-1
212,66,868.13,361.33,39.79,137.06,0.800,-1,-1,-1
212,72,448.48,373.31,43.39,106.94,0.530,-1,-1,-1
212,73,938.76,363.02,42.15,111.08,0.648,-1,-1,-1
212,74,1036.17,362.52,34.69,112.71,0.651,-1,-1,-1
212,76,177.25,364.31,40.28,108.90,0.553,-1,-1,-1
212,77,474.61,354.76,41.17,85.30,0.687,-1,-1,-1
213,3,1412.75,336.31,198.90,656.02,0.885,-1,-1,-1
213,19,968.54,371.31,58.07,150.87,0.809,-1,-1,-1
213,47,1206.34,331.70,88.09,267.36,0.905,-1,-1,-1
213,51,819.82,357.36,45.30,139.87,0.833,-1,-1,-1
213,54,594.88,352.18,59.39,159.96,0.815,-1,-1,-1
213,64,1680.57,313.13,216.74,678.99,0.903,-1,-1,-1
213,65,357.08,364.82,44.43,124.21,0.861,-1,-1,-1
213,66,874.55,361.08,39.89,136.58,0.729,-1,-1,-1
213,73,944.08,362.22,42.17,111.66,0.712,-1,-1,-1
213,74,1042.83,361.93,34.68,112.42,0.685,-1,-1,-1
213,76,183.49,363.87,40.12,108.50,0.645,-1,-1,-1
213,77,478.17,353.48,41.36,85.54,0.586,-1,-1,-1
213,78,151.35,360.04,23.59,74.64,0.687,-1,-1,-1
214,3,1413.66,332.78,198.48,656.48,0.870,-1,-1,-1
214,19,972.28,370.34,58.70,152.27,0.826,-1,-1,-1
214,47,1212.73,329.18,88.85,270.37,0.893,-1,-1,-1
214,51,823.31,358.24,45.20,139.24,0.846,-1,-1,-1
214,54,597.95,353.36,59.56,159.48,0.803,-1,-1,-1
214,64,1677.29,309.37,220.46,684.40,0.888,-1,-1,-1
214,65,362.39,366.05,44.67,124.22,0.850,-1,-1,-1
214,66,880.78,363.22,39.90,134.78,0.775,-1,-1,-1
214,73,947.81,361.89,42.31,112.82,0.728,-1,-1,-1
214,74,1048.01,362.67,34.72,112.44,0.763,-1,-1,-1
214,76,188.11,364.86,40.18,108.66,0.638,-1,-1,-1
214,77,481.23,353.84,41.36,85.40,0.562,-1,-1,-1
214,78,154.91,361.15,23.38,74.04,0.703,-1,-1,-1
215,3,1413.98,330.19,199.50,662.10,0.897,-1,-1,-1
215,19,977.31,370.09,58.88,152.55,0.792,-1,-1,-1
215,47,1220.31,326.88,89.56,273.00,0.900,-1,-1,-1
215,51,827.37,357.80,45.27,140.26,0.810,-1,-1,-1
215,54,598.19,353.75,60.28,158.35,0.767,-1,-1,-1
215,64,1668.91,306.68,226.76,692.76,0.892,-1,-1,-1
215,65,367.63,366.06,44.17,122.34,0.850,-1,-1,-1
215,66,885.74,362.50,40.36,135.16,0.721,-1,-1,-1
215,73,952.66,361.26,42.27,113.24,0.748,-1,-1,-1
215,74,1051.53,362.49,34.39,111.98,0.565,-1,-1,-1
215,78,160.09,361.10,22.68,71.79,0.697,-1,-1,-1
216,3,1407.04,330.27,204.79,673.61,0.886,-1,-1,-1
216,19,983.98,371.87,59.16,153.05,0.816,-1,-1,-1
216,47,1231.10,325.74,90.95,277.98,0.884,-1,-1,-1
216,54,600.92,353.60,61.82,159.62,0.800,-1,-1,-1
216,61,833.50,363.38,47.17,137.06,0.711,-1,-1,-1
216,64,1653.27,310.81,236.22,702.65,0.915,-1,-1,-1
216,65,374.11,365.71,45.57,126.46,0.824,-1,-1,-1
216,66,893.24,361.57,41.36,136.67,0.805,-1,-1,-1
216,73,955.58,362.06,42.51,113.55,0.735,-1,-1,-1
216,74,1059.82,362.89,34.67,112.52,0.678,-1,-1,-1
216,76,203.26,358.71,42.84,115.28,0.618,-1,-1,-1
216,78,167.51,362.65,21.63,68.44,0.504,-1,-1,-1
217,3,1400.10,332.09,209.73,683.25,0.889,-1,-1,-1
217,19,988.38,374.18,58.88,152.43,0.806,-1,-1,-1
217,47,1238.72,326.38,91.92,282.19,0.900,-1,-1,-1
217,54,603.91,355.03,62.91,159.18,0.839,-1,-1,-1
217,61,837.40,362.48,47.14,138.56,0.796,-1,-1,-1
217,64,1645.63,317.28,244.11,707.92,0.929,-1,-1,-1
217,65,381.04,366.93,45.22,123.59,0.856,-1,-1,-1
217,66,896.73,362.95,41.42,135.68,0.819,-1,-1,-1
217,73,961.93,363.33,41.97,113.46,0.692,-1,-1,-1
217,74,1065.48,365.15,34.61,112.02,0.512,-1,-1,-1
217,77,495.36,356.58,40.17,82.61,0.507,-1,-1,-1
217,78,172.44,362.96,22.18,70.13,0.586,-1,-1,-1
218,3,1394.62,334.94,214.23,691.29,0.895,-1,-1,-1
218,19,992.15,375.52,58.86,152.30,0.823,-1,-1,-1
218,47,1246.87,327.29,92.64,284.64,0.895,-1,-1,-1
218,54,607.13,354.93,63.75,159.60,0.839,-1,-1,-1
218,61,842.06,363.52,46.66,138.66,0.796,-1,-1,-1
218,64,1642.14,322.75,249.98,712.34,0.921,-1,-1,-1
218,65,386.27,366.62,44.97,122.09,0.854,-1,-1,-1
218,66,899.16,363.04,41.75,135.54,0.832,-1,-1,-1
218,73,967.65,364.64,41.40,112.93,0.764,-1,-1,-1
218,74,1069.69,366.74,34.92,112.37,0.776,-1,-1,-1
218,76,209.03,360.74,42.09,113.19,0.510,-1,-1,-1
218,77,499.10,357.11,40.53,83.02,0.619,-1,-1,-1
218,78,177.76,362.10,22.13,69.86,0.670,-1,-1,-1
219,3,1392.32,338.37,217.64,694.89,0.886,-1,-1,-1
219,19,995.49,376.55,58.59,151.70,0.771,-1,-1,-1
219,47,1253.49,328.28,93.18,286.09,0.890,-1,-1,-1
219,54,608.82,353.92,64.79,160.79,0.858,-1,-1,-1
219,61,845.57,364.45,45.83,137.27,0.784,-1,-1,-1
219,64,1643.13,326.82,253.56,712.44,0.920,-1,-1,-1
219,65,390.67,365.07,44.68,120.97,0.855,-1,-1,-1
219,66,901.24,363.32,42.07,135.07,0.818,-1,-1,-1
219,73,971.23,364.97,41.24,113.12,0.659,-1,-1,-1
219,74,1072.54,367.14,35.03,112.20,0.753,-1,-1,-1
219,76,210.63,361.32,41.23,110.82,0.602,-1,-1,-1
219,77,501.49,356.54,40.12,81.90,0.611,-1,-1,-1
219,78,181.00,360.30,22.32,70.19,0.683,-1,-1,-1
220,3,1388.94,342.97,219.16,695.14,0.893,-1,-1,-1
220,19,998.36,378.32,58.16,150.59,0.800,-1,-1,-1
220,47,1260.39,330.45,93.90,287.56,0.887,-1,-1,-1
220,54,609.98,353.50,66.02,162.29,0.859,-1,-1,-1
220,61,848.25,365.83,45.31,136.79,0.794,-1,-1,-1
220,64,1642.75,330.77,256.40,712.83,0.924,-1,-1,-1
220,65,396.09,364.48,44.33,119.89,0.849,-1,-1,-1
220,66,902.78,364.87,42.33,134.46,0.828,-1,-1,-1
220,73,975.88,365.51,41.33,113.88,0.730,-1,-1,-1
220,74,1076.38,368.49,34.91,111.80,0.744,-1,-1,-1
220,76,210.87,361.26,41.63,111.36,0.729,-1,-1,-1
220,77,503.73,355.76,40.76,82.84,0.567,-1,-1,-1
220,78,184.00,360.26,22.42,70.32,0.650,-1,-1,-1
221,3,1383.08,348.59,219.72,695.68,0.906,-1,-1,-1
221,19,1001.34,378.48,58.16,150.72,0.771,-1,-1,-1
221,47,1267.90,333.24,95.23,291.99,0.880,-1,-1,-1
221,51,847.12,362.93,44.90,139.67,0.818,-1,-1,-1
221,54,610.03,352.58,66.85,163.24,0.863,-1,-1,-1
221,64,1640.83,335.06,259.31,716.69,0.889,-1,-1,-1
221,65,400.14,362.06,44.46,120.25,0.832,-1,-1,-1
221,66,903.32,365.87,42.98,134.28,0.811,-1,-1,-1
221,73,977.56,366.04,41.39,114.33,0.674,-1,-1,-1
221,74,1079.90,369.47,34.98,111.48,0.775,-1,-1,-1
221,76,212.51,359.72,41.89,111.62,0.597,-1,-1,-1
221,77,504.47,353.96,41.56,84.31,0.764,-1,-1,-1
221,78,186.50,357.86,22.54,70.50,0.627,-1,-1,-1
221,79,700.93,373.06,19.61,46.97,0.506,-1,-1,-1
222,3,1378.80,351.36,220.76,698.12,0.898,-1,-1,-1
222,19,1003.31,378.07,57.65,150.26,0.738,-1,-1,-1
222,47,1273.54,334.92,96.05,295.32,0.862,-1,-1,-1
222,51,848.89,363.21,44.71,139.79,0.831,-1,-1,-1
222,54,610.42,353.16,66.96,162.52,0.872,-1,-1,-1
222,64,1642.87,337.53,260.90,717.13,0.873,-1,-1,-1
222,65,402.52,360.73,44.49,120.50,0.841,-1,-1,-1
222,66,902.87,366.64,43.43,133.91,0.801,-1,-1,-1
222,73,979.38,366.15,41.44,114.66,0.682,-1,-1,-1
222,74,1081.64,369.75,35.21,111.59,0.820,-1,-1,-1
222,76,212.93,358.31,42.13,111.86,0.676,-1,-1,-1
222,77,504.63,352.67,42.32,85.65,0.795,-1,-1,-1
222,78,187.31,356.05,23.05,72.07,0.637,-1,-1,-1
223,3,1375.43,351.29,222.19,701.29,0.894,-1,-1,-1
223,19,1006.01,377.27,57.38,150.20,0.735,-1,-1,-1
223,47,1278.66,335.28,97.12,299.65,0.867,-1,-1,-1
223,51,850.61,362.19,44.71,140.58,0.805,-1,-1,-1
223,54,610.41,352.56,67.39,163.02,0.874,-1,-1,-1
223,64,1644.59,338.17,259.72,711.18,0.827,-1,-1,-1
223,65,404.23,359.75,44.39,120.51,0.851,-1,-1,-1
223,66,901.82,366.47,43.63,133.57,0.809,-1,-1,-1
223,73,981.05,366.13,41.25,114.92,0.672,-1,-1,-1
223,74,1083.19,369.30,35.62,112.00,0.811,-1,-1,-1
223,76,216.20,356.25,42.56,112.27,0.585,-1,-1,-1
223,77,505.21,351.85,42.17,85.36,0.739,-1,-1,-1
223,78,187.52,354.34,23.34,72.91,0.698,-1,-1,-1
224,3,1369.49,349.31,224.86,707.56,0.891,-1,-1,-1
224,19,1008.07,375.19,57.13,149.96,0.760,-1,-1,-1
224,47,1279.56,332.39,99.01,303.75,0.888,-1,-1,-1
224,51,853.01,359.32,44.87,142.43,0.796,-1,-1,-1
224,54,611.87,351.65,67.56,162.91,0.845,-1,-1,-1
224,64,1642.91,336.10,256.07,702.33,0.831,-1,-1,-1
224,65,407.28,358.12,44.36,121.04,0.818,-1,-1,-1
224,66,902.24,364.39,44.01,134.38,0.799,-1,-1,-1
224,73,982.98,365.23,40.77,114.51,0.674,-1,-1,-1
224,74,1086.23,368.03,35.79,112.37,0.777,-1,-1,-1
224,76,217.88,352.65,43.40,113.65,0.597,-1,-1,-1
224,77,506.69,349.99,42.08,85.32,0.698,-1,-1,-1
224,78,188.75,352.24,23.60,73.56,0.773,-1,-1,-1
225,3,1366.57,346.39,223.93,698.29,0.879,-1,-1,-1
225,19,1010.18,373.73,56.95,150.16,0.782,-1,-1,-1
225,47,1282.81,330.79,100.45,307.11,0.838,-1,-1,-1
225,51,854.32,358.84,44.17,142.16,0.730,-1,-1,-1
225,54,612.29,350.37,67.76,163.07,0.846,-1,-1,-1
225,64,1639.85,331.41,252.19,694.23,0.831,-1,-1,-1
225,65,409.97,357.55,43.89,120.15,0.796,-1,-1,-1
225,66,902.09,362.43,44.33,135.20,0.801,-1,-1,-1
225,73,984.99,363.84,40.62,114.57,0.699,-1,-1,-1
225,77,506.73,348.55,42.28,85.60,0.693,-1,-1,-1
225,78,189.29,350.81,23.25,71.96,0.738,-1,-1,-1
226,3,1357.76,340.52,220.44,683.50,0.896,-1,-1,-1
226,19,1011.15,372.89,57.26,151.49,0.771,-1,-1,-1
226,47,1289.68,327.07,102.10,311.84,0.859,-1,-1,-1
226,51,855.55,356.57,44.28,143.20,0.747,-1,-1,-1
226,54,611.66,349.22,68.23,163.36,0.860,-1,-1,-1
226,64,1633.69,324.49,252.93,701.08,0.834,-1,-1,-1
226,65,412.28,356.99,43.89,120.15,0.828,-1,-1,-1
226,66,902.03,360.43,44.63,136.55,0.794,-1,-1,-1
226,73,987.78,362.78,40.28,114.01,0.697,-1,-1,-1
226,74,1092.61,365.63,35.93,112.47,0.743,-1,-1,-1
226,76,217.78,349.08,43.86,114.89,0.591,-1,-1,-1
226,77,505.28,346.32,43.00,87.17,0.692,-1,-1,-1
226,78,190.76,348.60,23.46,72.29,0.771,-1,-1,-1
227,3,1352.19,335.83,220.19,679.85,0.894,-1,-1,-1
227,19,1011.66,372.01,57.44,151.96,0.772,-1,-1,-1
227,47,1295.71,323.48,103.80,316.58,0.869,-1,-1,-1
227,51,857.37,355.83,44.01,143.54,0.736,-1,-1,-1
227,54,613.03,348.65,68.19,162.86,0.676,-1,-1,-1
227,64,1631.37,320.50,253.70,707.31,0.803,-1,-1,-1
227,65,415.68,356.14,43.81,119.66,0.820,-1,-1,-1
227,66,903.61,360.05,44.58,136.69,0.764,-1,-1,-1
227,73,988.67,360.81,40.27,115.05,0.682,-1,-1,-1
227,74,1094.61,363.69,36.40,113.26,0.782,-1,-1,-1
227,77,505.69,345.22,42.76,86.64,0.649,-1,-1,-1
227,78,192.82,346.76,23.46,72.18,0.549,-1,-1,-1
227,80,939.07,364.51,30.15,119.92,0.580,-1,-1,-1
228,3,1350.86,332.84,221.93,682.93,0.856,-1,-1,-1
228,19,1014.81,372.66,56.77,151.18,0.750,-1,-1,-1
228,47,1303.80,321.58,104.67,319.55,0.846,-1,-1,-1
228,51,860.56,356.83,43.57,142.57,0.773,-1,-1,-1
228,54,613.77,347.25,69.29,164.65,0.845,-1,-1,-1
228,64,1629.25,318.79,254.28,713.99,0.797,-1,-1,-1
228,65,418.83,356.72,43.78,119.13,0.832,-1,-1,-1
228,66,905.29,360.14,44.16,136.59,0.780,-1,-1,-1
228,73,991.46,362.07,39.88,114.65,0.734,-1,-1,-1
228,74,1096.94,363.88,36.27,113.93,0.705,-1,-1,-1
228,76,219.89,348.53,43.56,114.54,0.723,-1,-1,-1
228,77,506.34,345.96,42.76,86.34,0.780,-1,-1,-1
228,78,195.27,347.45,23.48,72.34,0.748,-1,-1,-1
228,80,941.43,365.42,30.67,121.74,0.716,-1,-1,-1
229,3,1350.59,331.89,224.18,687.89,0.840,-1,-1,-1
229,19,1017.47,373.37,56.37,150.18,0.772,-1,-1,-1
229,47,1311.97,320.63,105.06,321.18,0.719,-1,-1,-1
229,51,864.09,356.27,43.48,142.97,0.787,-1,-1,-1
229,54,615.52,346.56,69.78,165.13,0.837,-1,-1,-1
229,64,1629.18,318.98,255.49,721.80,0.787,-1,-1,-1
229,65,422.48,356.57,43.64,118.42,0.835,-1,-1,-1
229,66,907.96,359.38,43.91,137.17,0.771,-1,-1,-1
229,73,993.95,361.67,39.69,115.01,0.719,-1,-1,-1
229,74,1101.36,364.00,36.33,113.79,0.738,-1,-1,-1
229,76,221.46,348.94,43.16,113.63,0.743,-1,-1,-1
229,77,507.70,346.04,42.87,86.15,0.755,-1,-1,-1
229,78,198.40,347.44,23.57,72.52,0.730,-1,-1,-1
229,80,943.44,364.33,31.13,123.30,0.559,-1,-1,-1
230,3,1357.28,330.29,229.31,697.89,0.853,-1,-1,-1
230,19,1020.20,373.46,56.33,149.26,0.760,-1,-1,-1
230,47,1319.12,318.89,105.90,324.62,0.647,-1,-1,-1
230,51,866.06,356.92,42.85,141.79,0.606,-1,-1,-1
230,54,619.16,344.76,69.85,165.79,0.783,-1,-1,-1
230,64,1636.42,320.64,258.34,729.52,0.856,-1,-1,-1
230,65,426.74,355.75,42.55,116.14,0.766,-1,-1,-1
230,66,914.31,359.62,38.98,120.75,0.525,-1,-1,-1
230,81,481.37,360.31,34.14,127.39,0.569,-1,-1,-1
231,3,1356.73,333.14,231.71,703.04,0.853,-1,-1,-1
231,19,1024.42,374.84,56.41,149.94,0.802,-1,-1,-1
231,47,1327.73,319.57,107.69,330.69,0.589,-1,-1,-1
231,51,871.16,355.56,43.19,144.22,0.771,-1,-1,-1
231,54,622.11,344.45,70.37,166.86,0.854,-1,-1,-1
231,64,1637.73,326.25,258.02,730.27,0.791,-1,-1,-1
231,65,433.03,355.34,43.02,118.01,0.830,-1,-1,-1
231,66,918.19,361.26,41.53,129.65,0.800,-1,-1,-1
231,71,979.46,368.31,28.82,101.92,0.687,-1,-1,-1
231,73,1002.71,361.57,40.06,117.78,0.706,-1,-1,-1
231,74,1113.14,364.78,36.55,114.52,0.667,-1,-1,-1
231,76,229.75,348.74,43.33,113.94,0.769,-1,-1,-1
231,77,513.53,346.91,42.49,84.77,0.639,-1,-1,-1
231,78,208.05,347.22,23.15,71.25,0.752,-1,-1,-1
231,80,950.53,368.14,30.72,121.19,0.704,-1,-1,-1
231,81,484.60,359.00,33.40,124.46,0.589,-1,-1,-1
232,3,1355.17,335.47,233.17,706.59,0.858,-1,-1,-1
232,19,1027.79,371.78,57.03,152.13,0.783,-1,-1,-1
232,47,1335.02,319.62,108.45,334.40,0.514,-1,-1,-1
232,51,875.14,353.21,43.54,145.85,0.550,-1,-1,-1
232,54,625.13,341.65,70.90,168.26,0.865,-1,-1,-1
232,64,1637.31,328.66,258.73,734.96,0.793,-1,-1,-1
232,65,440.39,352.80,40.66,111.53,0.797,-1,-1,-1
232,66,922.08,360.30,42.60,133.20,0.767,-1,-1,-1
232,73,1006.73,359.90,39.39,116.96,0.701,-1,-1,-1
232,74,1118.58,364.36,35.97,111.82,0.705,-1,-1,-1
232,77,517.50,345.61,42.20,83.93,0.605,-1,-1,-1
232,78,212.92,343.59,23.41,71.96,0.519,-1,-1,-1
232,81,488.81,356.96,33.73,125.29,0.610,-1,-1,-1
233,3,1352.99,337.34,233.57,708.78,0.860,-1,-1,-1
233,19,1029.68,369.68,56.92,152.15,0.763,-1,-1,-1
233,47,1351.28,319.54,90.29,272.11,0.513,-1,-1,-1
233,51,879.25,351.24,43.12,146.77,0.810,-1,-1,-1
233,54,628.27,339.30,71.25,169.38,0.878,-1,-1,-1
233,64,1638.42,330.46,257.03,733.38,0.816,-1,-1,-1
233,65,443.03,350.03,41.74,114.83,0.802,-1,-1,-1
233,66,925.88,358.32,43.06,135.25,0.790,-1,-1,-1
233,73,1010.32,358.23,39.07,117.20,0.684,-1,-1,-1
233,74,1120.71,363.04,35.93,111.88,0.681,-1,-1,-1
233,76,237.92,344.98,43.06,113.25,0.673,-1,-1,-1
233,77,520.46,344.04,42.16,83.94,0.606,-1,-1,-1
233,78,216.88,341.16,23.35,72.13,0.719,-1,-1,-1
233,80,958.25,365.94,30.52,119.96,0.736,-1,-1,-1
233,81,491.42,353.44,34.32,127.28,0.608,-1,-1,-1
234,3,1354.75,338.92,232.85,709.45,0.875,-1,-1,-1
234,19,1034.83,366.75,56.41,150.39,0.828,-1,-1,-1
234,47,1365.34,318.76,75.58,222.98,0.541,-1,-1,-1
234,51,883.57,349.40,42.54,147.13,0.743,-1,-1,-1
234,54,632.40,337.19,71.38,169.48,0.851,-1,-1,-1
234,64,1641.02,330.60,256.84,736.24,0.790,-1,-1,-1
234,65,447.10,347.61,42.20,116.84,0.743,-1,-1,-1
234,66,929.69,356.17,43.20,136.38,0.749,-1,-1,-1
234,73,1016.16,356.33,38.30,116.25,0.710,-1,-1,-1
234,74,1124.62,361.49,35.64,111.88,0.569,-1,-1,-1
234,76,245.34,340.72,44.46,115.34,0.634,-1,-1,-1
234,77,522.85,341.34,42.68,84.92,0.662,-1,-1,-1
234,78,221.99,339.15,23.22,71.71,0.738,-1,-1,-1
234,80,961.77,363.97,30.63,119.89,0.682,-1,-1,-1
235,3,1358.89,338.60,232.14,709.47,0.882,-1,-1,-1
235,19,1037.63,364.06,56.75,149.84,0.836,-1,-1,-1
235,47,1376.71,316.90,66.35,190.79,0.629,-1,-1,-1
235,51,888.37,345.37,42.68,148.96,0.741,-1,-1,-1
235,54,636.70,334.79,71.44,170.14,0.854,-1,-1,-1
235,64,1646.83,328.28,257.26,739.43,0.786,-1,-1,-1
235,65,453.23,344.45,43.63,120.91,0.796,-1,-1,-1
235,66,934.39,352.82,43.43,137.64,0.736,-1,-1,-1
235,73,1021.82,353.96,37.72,115.62,0.591,-1,-1,-1
235,74,1129.49,359.05,35.71,112.40,0.616,-1,-1,-1
235,76,248.51,339.40,44.06,114.43,0.655,-1,-1,-1
235,78,226.72,336.77,23.41,71.99,0.703,-1,-1,-1
235,80,967.08,361.11,30.58,119.44,0.630,-1,-1,-1
235,82,1833.24,389.13,80.32,99.47,0.704,-1,-1,-1
236,3,1360.66,335.63,232.24,715.38,0.883,-1,-1,-1
236,19,1040.93,359.18,56.95,150.61,0.745,-1,-1,-1
236,47,1388.19,312.26,60.52,170.20,0.631,-1,-1,-1
236,51,892.48,340.28,42.25,149.50,0.786,-1,-1,-1
236,54,640.26,330.77,71.79,171.36,0.833,-1,-1,-1
236,64,1649.69,322.20,255.70,738.94,0.833,-1,-1,-1
236,65,460.90,340.99,43.86,121.57,0.788,-1,-1,-1
236,66,939.50,347.20,43.63,138.74,0.795,-1,-1,-1
236,73,1026.61,348.75,37.43,116.66,0.738,-1,-1,-1
236,74,1136.64,354.54,36.10,112.92,0.738,-1,-1,-1
236,76,252.73,336.76,43.88,113.29,0.565,-1,-1,-1
236,77,524.52,333.68,44.45,87.39,0.739,-1,-1,-1
236,78,231.05,333.41,23.64,72.71,0.624,-1,-1,-1
236,80,972.89,357.80,30.34,117.49,0.697,-1,-1,-1
236,83,2.95,337.35,61.10,192.01,0.910,-1,-1,-1
237,3,1362.81,332.37,231.42,717.75,0.784,-1,-1,-1
237,19,1042.80,354.76,57.82,151.82,0.790,-1,-1,-1
237,47,1395.79,307.78,58.83,162.92,0.558,-1,-1,-1
237,51,895.97,337.33,41.38,148.30,0.793,-1,-1,-1
237,54,642.65,327.46,71.78,171.86,0.856,-1,-1,-1
237,64,1651.60,315.36,251.95,731.64,0.828,-1,-1,-1
237,65,467.24,337.69,44.17,121.78,0.778,-1,-1,-1
237,66,942.03,342.17,43.84,140.52,0.800,-1,-1,-1
237,73,1029.69,345.42,37.37,117.77,0.670,-1,-1,-1
237,74,1141.64,351.38,35.85,112.43,0.650,-1,-1,-1
237,76,254.90,333.87,43.65,112.74,0.539,-1,-1,-1
237,77,525.69,328.59,46.27,89.57,0.733,-1,-1,-1
237,78,232.82,330.02,24.03,73.34,0.691,-1,-1,-1
237,80,976.91,354.11,30.89,118.05,0.798,-1,-1,-1
237,82,1840.32,381.28,90.00,111.98,0.627,-1,-1,-1
237,83,3.85,333.41,61.84,193.67,0.904,-1,-1,-1
238,3,1364.19,327.15,229.50,716.39,0.822,-1,-1,-1
238,19,1044.91,352.55,57.99,151.25,0.766,-1,-1,-1
238,47,1403.19,302.44,56.88,153.29,0.697,-1,-1,-1
238,51,899.16,334.77,40.99,147.84,0.754,-1,-1,-1
238,54,645.20,324.55,71.76,172.27,0.848,-1,-1,-1
238,64,1653.01,308.12,247.97,722.38,0.834,-1,-1,-1
238,65,472.18,335.99,44.75,122.07,0.784,-1,-1,-1
238,66,944.87,338.71,43.84,140.37,0.795,-1,-1,-1
238,73,1032.60,341.91,37.22,117.90,0.653,-1,-1,-1
238,74,1145.15,347.85,35.79,112.65,0.635,-1,-1,-1
238,76,256.07,331.24,43.96,113.41,0.626,-1,-1,-1
238,77,526.04,324.41,47.40,90.51,0.683,-1,-1,-1
238,78,235.67,326.73,24.28,74.42,0.668,-1,-1,-1
238,80,979.60,350.64,31.03,117.61,0.790,-1,-1,-1
238,83,4.15,330.29,62.09,193.67,0.902,-1,-1,-1
239,3,1367.57,322.84,225.68,707.39,0.771,-1,-1,-1
239,19,1047.07,351.41,58.08,150.45,0.762,-1,-1,-1
239,47,1410.52,297.94,55.07,144.26,0.656,-1,-1,-1
239,51,901.27,333.28,40.53,147.76,0.759,-1,-1,-1
239,54,647.33,322.11,72.02,173.06,0.851,-1,-1,-1
239,64,1652.86,301.97,244.69,715.69,0.877,-1,-1,-1
239,65,476.40,335.41,45.08,121.34,0.819,-1,-1,-1
239,66,946.57,336.00,44.00,140.90,0.801,-1,-1,-1
239,73,1034.09,339.90,37.08,117.80,0.626,-1,-1,-1
239,74,1147.04,345.23,35.79,113.41,0.627,-1,-1,-1
239,77,526.50,321.22,48.78,92.51,0.798,-1,-1,-1
239,78,238.45,325.13,23.53,72.24,0.706,-1,-1,-1
239,80,980.96,347.87,31.49,118.93,0.782,-1,-1,-1
239,82,1851.59,379.40,84.50,105.84,0.570,-1,-1,-1
239,83,4.89,328.68,62.34,193.48,0.841,-1,-1,-1
240,3,1373.93,316.25,221.90,697.15,0.838,-1,-1,-1
240,19,1048.33,351.02,57.82,149.35,0.765,-1,-1,-1
240,47,1417.24,293.29,55.61,139.55,0.814,-1,-1,-1
240,51,903.16,330.90,40.64,149.52,0.769,-1,-1,-1
240,54,649.15,320.40,72.33,173.66,0.863,-1,-1,-1
240,64,1653.29,297.43,244.48,717.49,0.873,-1,-1,-1
240,65,479.11,334.81,45.48,121.49,0.829,-1,-1,-1
240,66,948.19,334.07,44.10,141.79,0.766,-1,-1,-1
240,73,1034.91,338.12,37.35,118.37,0.595,-1,-1,-1
240,74,1148.86,343.14,35.95,113.96,0.694,-1,-1,-1
240,76,259.05,326.96,43.90,113.53,0.590,-1,-1,-1
240,77,526.55,319.13,49.74,93.49,0.791,-1,-1,-1
240,78,239.81,323.56,23.60,72.33,0.706,-1,-1,-1
240,80,981.72,346.27,31.68,119.85,0.765,-1,-1,-1
240,82,1855.37,380.11,81.93,103.47,0.550,-1,-1,-1
240,83,4.11,327.02,62.45,193.08,0.849,-1,-1,-1
241,3,1380.86,309.58,220.30,694.49,0.867,-1,-1,-1
241,19,1052.12,350.26,57.56,148.24,0.705,-1,-1,-1
241,47,1430.33,287.00,55.37,133.37,0.818,-1,-1,-1
241,51,906.89,328.61,40.71,151.38,0.807,-1,-1,-1
241,54,651.53,317.64,72.55,174.90,0.885,-1,-1,-1
241,64,1643.95,291.68,250.34,728.09,0.871,-1,-1,-1
241,65,482.39,332.93,46.13,123.01,0.695,-1,-1,-1
241,66,951.58,331.83,44.22,143.00,0.743,-1,-1,-1
241,74,1153.14,340.75,35.91,112.88,0.694,-1,-1,-1
241,76,261.68,326.01,43.66,112.56,0.670,-1,-1,-1
241,77,528.99,317.34,49.99,93.33,0.777,-1,-1,-1
241,78,243.56,321.93,21.62,65.33,0.680,-1,-1,-1
241,80,984.77,343.81,31.85,120.42,0.711,-1,-1,-1
241,82,1863.31,382.27,76.21,97.37,0.525,-1,-1,-1
241,83,4.68,324.33,63.17,193.86,0.896,-1,-1,-1
242,3,1385.60,304.88,220.37,696.40,0.894,-1,-1,-1
242,19,1054.40,349.69,57.78,148.07,0.739,-1,-1,-1
242,47,1440.07,283.24,55.85,129.84,0.781,-1,-1,-1
242,51,910.45,328.91,40.23,150.32,0.821,-1,-1,-1
242,54,653.54,316.25,72.48,175.64,0.875,-1,-1,-1
242,64,1633.19,288.99,257.16,736.92,0.889,-1,-1,-1
242,65,485.42,332.04,45.91,122.40,0.745,-1,-1,-1
242,66,954.63,330.97,44.07,143.24,0.743,-1,-1,-1
242,74,1156.32,339.33,36.51,114.14,0.746,-1,-1,-1
242,76,263.12,324.48,44.24,113.50,0.583,-1,-1,-1
242,77,531.69,316.74,49.77,92.69,0.766,-1,-1,-1
242,78,244.17,320.58,22.79,67.99,0.597,-1,-1,-1
242,80,987.34,341.64,32.17,121.97,0.723,-1,-1,-1
242,83,4.60,323.20,63.53,193.60,0.895,-1,-1,-1
243,3,1385.05,303.43,222.53,701.49,0.873,-1,-1,-1
243,19,1057.82,349.30,58.30,147.97,0.762,-1,-1,-1
243,51,913.27,327.77,40.14,150.76,0.774,-1,-1,-1
243,54,655.35,314.84,72.27,176.45,0.870,-1,-1,-1
243,64,1622.22,289.13,265.69,745.17,0.917,-1,-1,-1
243,65,486.87,331.16,44.90,120.38,0.717,-1,-1,-1
243,66,959.53,330.68,44.03,142.68,0.754,-1,-1,-1
243,74,1159.66,338.50,36.80,114.96,0.603,-1,-1,-1
243,76,265.96,323.88,44.20,113.06,0.624,-1,-1,-1
243,77,534.02,317.07,49.41,91.46,0.800,-1,-1,-1
243,78,247.22,319.91,21.95,64.36,0.641,-1,-1,-1
243,80,990.00,340.02,32.62,123.90,0.679,-1,-1,-1
243,83,5.09,322.13,64.07,193.48,0.893,-1,-1,-1
244,3,1380.49,299.59,226.84,710.90,0.884,-1,-1,-1
244,19,1061.97,345.35,59.65,150.52,0.750,-1,-1,-1
244,51,915.32,327.34,39.99,150.89,0.609,-1,-1,-1
244,54,657.85,313.72,71.87,176.58,0.816,-1,-1,-1
244,64,1614.64,287.61,273.77,754.33,0.913,-1,-1,-1
244,66,962.71,330.36,44.16,142.63,0.600,-1,-1,-1
244,73,1049.67,333.46,37.23,118.09,0.551,-1,-1,-1
244,74,1163.87,337.27,36.78,115.06,0.582,-1,-1,-1
244,83,5.82,319.15,65.57,196.26,0.874,-1,-1,-1
245,3,1374.37,303.79,229.73,713.19,0.882,-1,-1,-1
245,19,1065.85,345.53,59.72,149.83,0.757,-1,-1,-1
245,51,917.20,329.13,39.52,149.44,0.567,-1,-1,-1
245,54,659.49,312.15,72.20,179.02,0.851,-1,-1,-1
245,64,1613.90,289.01,279.36,758.42,0.911,-1,-1,-1
245,65,495.77,329.05,39.22,106.00,0.581,-1,-1,-1
245,66,965.99,332.07,43.97,142.01,0.769,-1,-1,-1
245,73,1053.09,334.18,37.80,119.64,0.670,-1,-1,-1
245,76,272.72,321.65,45.27,114.91,0.508,-1,-1,-1
245,78,253.05,317.75,20.52,59.02,0.613,-1,-1,-1
245,80,995.02,336.44,33.50,127.51,0.511,-1,-1,-1
245,83,7.40,320.13,66.00,194.42,0.891,-1,-1,-1
246,3,1369.04,305.69,235.41,721.67,0.906,-1,-1,-1
246,19,1071.73,344.43,59.99,150.45,0.756,-1,-1,-1
246,51,921.69,327.09,39.87,151.04,0.756,-1,-1,-1
246,54,663.68,310.70,71.81,180.26,0.870,-1,-1,-1
246,64,1617.75,294.80,282.23,758.81,0.911,-1,-1,-1
246,66,969.94,330.72,44.18,142.56,0.805,-1,-1,-1
246,73,1057.07,333.57,38.17,121.32,0.595,-1,-1,-1
246,74,1173.12,336.60,35.73,111.43,0.557,-1,-1,-1
246,76,276.57,321.53,44.85,112.35,0.653,-1,-1,-1
246,77,540.29,314.65,49.09,90.22,0.621,-1,-1,-1
246,78,257.68,315.82,20.11,56.96,0.597,-1,-1,-1
246,80,998.99,338.06,33.01,125.18,0.688,-1,-1,-1
246,83,11.40,318.16,67.20,194.10,0.881,-1,-1,-1
247,3,1363.81,309.22,239.32,725.61,0.902,-1,-1,-1
247,19,1074.45,343.76,60.45,151.23,0.816,-1,-1,-1
247,51,923.65,327.67,39.70,150.69,0.745,-1,-1,-1
247,54,665.20,309.49,71.45,181.70,0.872,-1,-1,-1
247,64,1619.36,298.60,283.85,758.92,0.893,-1,-1,-1
247,65,505.25,328.83,41.34,112.65,0.586,-1,-1,-1
247,66,971.22,330.03,44.43,143.12,0.795,-1,-1,-1
247,73,1059.59,333.24,38.07,121.70,0.607,-1,-1,-1
247,74,1174.19,337.42,36.55,114.07,0.672,-1,-1,-1
247,76,278.37,320.68,44.91,111.94,0.573,-1,-1,-1
247,77,539.37,316.03,48.91,88.83,0.725,-1,-1,-1
247,78,258.44,314.41,20.38,56.59,0.674,-1,-1,-1
247,80,1000.20,338.47,32.90,124.53,0.676,-1,-1,-1
247,83,11.38,317.61,68.08,193.46,0.881,-1,-1,-1
248,3,1361.24,313.90,240.63,723.90,0.890,-1,-1,-1
248,19,1077.75,343.83,60.68,151.61,0.821,-1,-1,-1
248,51,924.51,325.84,40.28,152.79,0.746,-1,-1,-1
248,54,666.08,308.62,70.92,182.76,0.871,-1,-1,-1
248,64,1621.99,300.98,285.64,760.20,0.898,-1,-1,-1
248,65,506.74,326.66,43.47,120.13,0.655,-1,-1,-1
248,66,972.18,330.02,44.61,143.37,0.806,-1,-1,-1
248,73,1061.35,332.99,38.09,122.72,0.631,-1,-1,-1
248,74,1175.42,337.69,37.09,115.14,0.717,-1,-1,-1
248,76,278.10,319.01,45.90,112.58,0.606,-1,-1,-1
248,77,538.60,315.78,49.65,88.85,0.775,-1,-1,-1
248,78,258.59,313.03,20.77,56.44,0.688,-1,-1,-1
248,80,1001.21,337.85,33.08,125.17,0.627,-1,-1,-1
248,83,11.08,317.10,68.82,193.23,0.881,-1,-1,-1
248,84,1525.78,290.27,99.79,233.34,0.647,-1,-1,-1
249,3,1361.31,316.39,241.77,722.99,0.886,-1,-1,-1
249,19,1081.15,343.31,60.85,152.23,0.843,-1,-1,-1
249,51,926.24,325.19,39.90,151.57,0.743,-1,-1,-1
249,54,667.22,307.56,70.09,182.82,0.859,-1,-1,-1
249,64,1624.29,303.19,285.99,759.59,0.881,-1,-1,-1
249,65,508.17,324.82,43.75,122.32,0.551,-1,-1,-1
249,66,973.38,329.29,44.60,143.07,0.810,-1,-1,-1
249,73,1063.90,332.23,37.98,123.19,0.719,-1,-1,-1
249,74,1176.90,337.34,37.64,116.07,0.782,-1,-1,-1
249,76,274.95,315.83,46.08,113.46,0.713,-1,-1,-1
249,77,538.16,313.87,50.71,89.67,0.764,-1,-1,-1
249,78,258.73,311.27,21.01,55.47,0.735,-1,-1,-1
249,80,1002.97,337.59,32.90,125.15,0.685,-1,-1,-1
249,83,12.24,315.21,69.28,192.61,0.877,-1,-1,-1
249,84,1530.70,291.45,103.63,242.29,0.689,-1,-1,-1
250,3,1361.35,316.55,243.13,725.00,0.886,-1,-1,-1
250,19,1084.72,342.38,60.51,151.36,0.799,-1,-1,-1
250,51,928.03,321.67,40.21,153.27,0.785,-1,-1,-1
250,54,668.46,305.25,69.52,183.64,0.846,-1,-1,-1
250,64,1627.95,301.66,286.97,762.57,0.890,-1,-1,-1
250,65,509.32,323.04,43.79,123.84,0.527,-1,-1,-1
250,66,975.29,327.46,44.59,143.28,0.794,-1,-1,-1
250,73,1066.07,330.78,37.94,123.31,0.777,-1,-1,-1
250,74,1178.72,336.57,37.62,115.21,0.716,-1,-1,-1
250,76,277.01,314.20,46.31,113.17,0.617,-1,-1,-1
250,77,537.61,311.07,52.24,91.04,0.797,-1,-1,-1
250,78,260.71,309.28,21.18,55.03,0.683,-1,-1,-1
250,80,1004.76,336.81,32.47,124.15,0.682,-1,-1,-1
250,83,13.91,312.86,69.69,192.89,0.880,-1,-1,-1
250,84,1529.76,290.52,113.73,265.66,0.570,-1,-1,-1
251,3,1361.65,312.55,242.66,727.53,0.877,-1,-1,-1
251,19,1088.41,341.48,59.73,149.25,0.799,-1,-1,-1
251,51,930.58,319.59,40.12,153.35,0.762,-1,-1,-1
251,54,671.00,301.83,69.38,185.76,0.844,-1,-1,-1
251,64,1638.08,297.21,280.43,746.54,0.893,-1,-1,-1
251,66,977.58,324.05,44.43,143.69,0.788,-1,-1,-1
251,73,1070.28,328.45,37.51,122.15,0.722,-1,-1,-1
251,76,277.89,311.96,47.72,115.16,0.591,-1,-1,-1
251,77,536.82,307.31,53.77,93.20,0.780,-1,-1,-1
251,78,263.43,307.80,21.10,53.73,0.709,-1,-1,-1
251,80,1007.09,336.01,31.90,122.85,0.627,-1,-1,-1
251,83,16.96,311.06,70.00,193.29,0.866,-1,-1,-1
251,84,1505.18,284.47,187.84,443.05,0.725,-1,-1,-1
252,3,1364.81,306.58,240.56,722.89,0.877,-1,-1,-1
252,19,1092.01,340.32,59.50,148.73,0.734,-1,-1,-1
252,51,933.45,317.33,40.48,154.18,0.771,-1,-1,-1
252,54,673.19,299.46,69.27,187.59,0.865,-1,-1,-1
252,64,1644.99,290.66,275.77,736.06,0.895,-1,-1,-1
252,65,509.93,319.92,44.61,127.24,0.543,-1,-1,-1
252,66,978.27,320.46,44.84,145.58,0.790,-1,-1,-1
252,73,1073.44,326.05,37.65,122.07,0.686,-1,-1,-1
252,74,1185.69,332.63,37.66,115.30,0.710,-1,-1,-1
252,76,276.72,310.19,48.11,116.32,0.686,-1,-1,-1
252,77,535.04,302.43,55.97,97.10,0.767,-1,-1,-1
252,78,264.89,306.56,21.38,53.47,0.703,-1,-1,-1
252,80,1008.98,334.68,31.56,122.44,0.566,-1,-1,-1
252,83,20.25,309.55,70.35,193.26,0.859,-1,-1,-1
252,84,1510.37,280.86,195.60,465.75,0.797,-1,-1,-1
253,3,1367.05,301.92,236.73,712.68,0.873,-1,-1,-1
253,19,1095.76,339.18,59.04,148.95,0.719,-1,-1,-1
253,51,935.09,315.38,40.98,155.55,0.805,-1,-1,-1
253,54,674.38,297.75,68.95,189.10,0.875,-1,-1,-1
253,64,1649.61,284.71,273.48,732.18,0.896,-1,-1,-1
253,65,507.90,319.87,44.16,127.56,0.667,-1,-1,-1
253,66,978.97,318.57,44.69,146.10,0.819,-1,-1,-1
253,73,1074.78,324.22,38.12,123.82,0.753,-1,-1,-1
253,74,1187.31,330.30,37.89,115.76,0.780,-1,-1,-1
253,76,277.10,310.75,47.84,116.25,0.682,-1,-1,-1
253,77,534.91,303.32,55.73,96.10,0.802,-1,-1,-1
253,78,266.43,306.80,21.44,53.11,0.692,-1,-1,-1
253,80,1010.34,332.85,31.40,122.95,0.666,-1,-1,-1
253,83,22.78,309.72,70.72,193.16,0.863,-1,-1,-1
253,84,1520.22,275.16,197.92,476.84,0.848,-1,-1,-1
254,3,1374.49,297.26,234.75,702.28,0.849,-1,-1,-1
254,19,1098.00,337.36,58.64,149.14,0.776,-1,-1,-1
254,51,936.55,313.24,41.43,157.01,0.815,-1,-1,-1
254,54,675.46,296.92,68.35,189.72,0.873,-1,-1,-1
254,64,1651.11,279.56,274.32,737.67,0.896,-1,-1,-1
254,65,506.17,319.96,43.87,128.23,0.747,-1,-1,-1
254,66,979.70,317.93,44.49,145.94,0.799,-1,-1,-1
254,73,1076.79,322.64,38.20,124.51,0.764,-1,-1,-1
254,74,1189.66,329.22,37.42,115.16,0.757,-1,-1,-1
254,76,277.32,311.18,47.79,116.52,0.718,-1,-1,-1
254,77,534.46,302.51,56.76,97.54,0.790,-1,-1,-1
254,78,267.25,307.86,21.72,53.16,0.754,-1,-1,-1
254,80,1010.93,331.02,31.32,123.77,0.622,-1,-1,-1
254,83,24.75,310.23,71.13,193.12,0.858,-1,-1,-1
254,84,1532.21,269.60,197.97,483.14,0.859,-1,-1,-1
255,3,1375.36,290.26,234.86,701.59,0.865,-1,-1,-1
255,19,1099.22,335.59,58.40,149.53,0.759,-1,-1,-1
255,51,937.80,312.39,41.56,157.39,0.775,-1,-1,-1
255,54,676.48,295.82,67.63,190.26,0.861,-1,-1,-1
255,64,1651.78,275.70,275.92,746.26,0.897,-1,-1,-1
255,65,505.72,319.75,43.66,129.00,0.741,-1,-1,-1
255,66,981.53,317.21,44.25,145.37,0.739,-1,-1,-1
255,73,1078.58,320.84,38.50,126.35,0.721,-1,-1,-1
255,74,1192.64,327.83,37.50,115.19,0.788,-1,-1,-1
255,76,278.42,312.01,47.23,115.97,0.664,-1,-1,-1
255,77,532.91,300.30,57.81,99.80,0.732,-1,-1,-1
255,78,268.96,307.98,22.04,53.24,0.758,-1,-1,-1
255,80,1013.17,328.04,31.49,125.64,0.513,-1,-1,-1
255,83,24.77,310.56,71.48,193.22,0.855,-1,-1,-1
255,84,1544.20,263.55,198.89,490.87,0.792,-1,-1,-1
256,3,1378.07,284.68,237.52,709.35,0.894,-1,-1,-1
256,19,1103.15,333.36,57.96,148.80,0.773,-1,-1,-1
256,51,939.71,312.65,41.12,156.62,0.729,-1,-1,-1
256,54,679.61,296.20,66.61,189.82,0.878,-1,-1,-1
256,64,1653.36,271.38,278.49,760.21,0.896,-1,-1,-1
256,65,506.84,321.42,42.68,127.39,0.740,-1,-1,-1
256,66,983.87,316.61,44.29,145.53,0.791,-1,-1,-1
256,73,1082.52,319.62,38.38,126.45,0.747,-1,-1,-1
256,74,1198.13,325.99,37.67,114.94,0.827,-1,-1,-1
256,76,283.01,313.31,47.15,115.72,0.610,-1,-1,-1
256,77,533.36,302.62,56.70,98.08,0.751,-1,-1,-1
256,78,271.89,309.42,22.33,53.41,0.702,-1,-1,-1
256,83,26.05,312.31,71.99,193.82,0.842,-1,-1,-1
256,84,1560.52,256.54,202.86,504.46,0.682,-1,-1,-1
257,3,1380.05,281.46,239.90,718.65,0.904,-1,-1,-1
257,19,1108.89,331.45,57.57,148.20,0.808,-1,-1,-1
257,51,942.16,318.33,39.51,151.12,0.701,-1,-1,-1
257,54,683.14,296.51,65.65,189.23,0.872,-1,-1,-1
257,64,1654.75,268.38,279.50,770.14,0.885,-1,-1,-1
257,65,508.93,322.79,42.00,126.31,0.730,-1,-1,-1
257,66,986.61,316.29,44.32,145.64,0.807,-1,-1,-1
257,73,1086.88,319.54,38.15,125.69,0.738,-1,-1,-1
257,74,1202.51,324.66,37.40,113.98,0.535,-1,-1,-1
257,76,287.46,316.93,46.35,112.62,0.739,-1,-1,-1
257,77,535.29,302.69,56.25,97.77,0.679,-1,-1,-1
257,78,273.57,311.19,22.85,53.32,0.688,-1,-1,-1
257,83,28.19,314.25,71.72,193.14,0.864,-1,-1,-1
257,84,1572.59,252.16,205.94,515.72,0.526,-1,-1,-1
258,3,1382.87,279.17,241.52,727.69,0.907,-1,-1,-1
258,19,1112.19,328.97,58.65,150.70,0.698,-1,-1,-1
258,54,685.07,298.13,63.99,185.31,0.797,-1,-1,-1
258,64,1655.35,267.20,278.99,775.06,0.872,-1,-1,-1
258,66,990.54,320.78,43.66,140.63,0.759,-1,-1,-1
258,73,1089.71,318.49,38.92,127.92,0.655,-1,-1,-1
258,74,1205.88,324.07,37.48,113.34,0.557,-1,-1,-1
258,83,30.48,314.91,71.98,194.92,0.721,-1,-1,-1
258,84,1587.85,246.62,205.13,519.05,0.618,-1,-1,-1
259,3,1387.38,281.10,241.79,732.42,0.890,-1,-1,-1
259,19,1116.50,329.14,58.78,151.00,0.766,-1,-1,-1
259,51,950.79,316.29,41.07,154.37,0.672,-1,-1,-1
259,54,687.41,298.15,64.49,187.94,0.847,-1,-1,-1
259,64,1665.59,269.89,275.47,776.48,0.851,-1,-1,-1
259,65,511.56,324.67,41.95,127.13,0.557,-1,-1,-1
259,66,992.61,318.92,45.36,143.74,0.832,-1,-1,-1
259,73,1093.34,318.62,38.49,126.30,0.696,-1,-1,-1
259,74,1210.54,323.81,37.96,114.82,0.537,-1,-1,-1
259,76,291.44,317.37,46.91,113.40,0.636,-1,-1,-1
259,77,538.08,304.80,54.30,94.47,0.514,-1,-1,-1
259,78,278.33,313.34,23.61,54.20,0.715,-1,-1,-1
259,83,34.59,317.19,72.43,194.21,0.877,-1,-1,-1
259,84,1601.52,244.32,201.58,519.69,0.837,-1,-1,-1
260,3,1395.43,282.39,243.36,739.67,0.857,-1,-1,-1
260,19,1120.06,327.56,58.89,151.55,0.715,-1,-1,-1
260,51,953.73,317.71,40.51,151.97,0.659,-1,-1,-1
260,54,690.03,297.40,64.80,189.16,0.853,-1,-1,-1
260,64,1670.40,270.91,272.32,777.09,0.830,-1,-1,-1
260,65,514.69,324.86,42.11,129.12,0.633,-1,-1,-1
260,66,995.58,317.68,45.96,143.40,0.797,-1,-1,-1
260,73,1098.17,317.86,38.19,125.21,0.731,-1,-1,-1
260,74,1215.69,322.07,38.57,116.47,0.758,-1,-1,-1
260,76,294.02,317.83,46.36,112.63,0.722,-1,-1,-1
260,78,282.47,313.01,23.83,54.27,0.659,-1,-1,-1
260,83,37.74,317.76,71.97,193.24,0.832,-1,-1,-1
260,84,1617.75,243.74,195.62,510.24,0.737,-1,-1,-1
261,3,1405.29,283.90,241.55,739.28,0.884,-1,-1,-1
261,19,1129.07,326.24,58.19,149.64,0.768,-1,-1,-1
261,51,958.86,315.42,40.45,151.49,0.756,-1,-1,-1
261,54,694.50,294.78,64.75,189.56,0.860,-1,-1,-1
261,64,1669.22,270.77,270.58,779.66,0.860,-1,-1,-1
261,65,517.91,322.61,41.76,129.06,0.511,-1,-1,-1
261,66,998.87,314.23,47.03,144.18,0.818,-1,-1,-1
261,73,1104.92,314.79,38.40,125.12,0.761,-1,-1,-1
261,74,1222.90,318.84,38.62,116.78,0.710,-1,-1,-1
261,76,299.00,314.76,46.68,113.25,0.658,-1,-1,-1
261,77,541.22,302.65,54.78,95.13,0.540,-1,-1,-1
261,78,287.35,310.31,24.27,54.45,0.777,-1,-1,-1
261,83,42.41,315.40,71.80,192.68,0.842,-1,-1,-1
261,84,1640.35,240.45,195.53,515.00,0.664,-1,-1,-1
261,85,834.64,325.76,21.76,62.50,0.595,-1,-1,-1
262,3,1415.33,286.04,239.42,736.72,0.893,-1,-1,-1
262,19,1136.88,325.85,57.37,147.90,0.803,-1,-1,-1
262,51,962.94,312.45,41.08,152.59,0.759,-1,-1,-1
262,54,698.34,293.36,64.37,189.45,0.852,-1,-1,-1
262,64,1670.54,269.69,268.94,783.32,0.858,-1,-1,-1
262,66,1001.77,311.47,47.64,143.67,0.816,-1,-1,-1
262,73,1111.40,312.31,38.85,125.26,0.767,-1,-1,-1
262,76,302.86,311.45,47.08,114.08,0.619,-1,-1,-1
262,78,290.72,308.35,24.76,54.58,0.642,-1,-1,-1
262,83,45.03,314.03,71.17,191.79,0.830,-1,-1,-1
262,84,1657.83,237.55,196.30,520.52,0.502,-1,-1,-1
262,86,0.38,304.35,19.82,190.27,0.779,-1,-1,-1
263,3,1424.30,284.81,238.79,739.01,0.890,-1,-1,-1
263,19,1143.05,323.13,56.98,147.98,0.804,-1,-1,-1
263,51,966.17,306.52,41.98,155.62,0.791,-1,-1,-1
263,54,701.11,289.95,64.75,190.38,0.890,-1,-1,-1
263,64,1676.35,268.16,265.99,786.18,0.862,-1,-1,-1
263,65,522.08,315.16,42.24,131.89,0.664,-1,-1,-1
263,66,1004.78,308.77,47.96,143.74,0.776,-1,-1,-1
263,73,1116.09,308.69,39.27,125.30,0.754,-1,-1,-1
263,74,1232.89,313.60,38.09,116.64,0.674,-1,-1,-1
263,76,307.74,308.38,47.07,114.02,0.634,-1,-1,-1
263,78,294.18,304.71,25.03,54.74,0.702,-1,-1,-1
263,83,48.85,310.79,71.07,190.85,0.851,-1,-1,-1
263,85,844.59,322.34,20.97,60.26,0.516,-1,-1,-1
263,86,1.57,297.42,20.92,200.03,0.836,-1,-1,-1
264,3,1430.12,283.71,238.46,743.25,0.905,-1,-1,-1
264,19,1148.02,320.79,56.49,147.23,0.769,-1,-1,-1
264,51,968.55,300.87,42.76,158.16,0.814,-1,-1,-1
264,54,702.21,286.51,65.42,192.10,0.881,-1,-1,-1
264,64,1685.63,264.89,258.93,780.31,0.915,-1,-1,-1
264,65,523.84,311.05,42.18,133.32,0.632,-1,-1,-1
264,66,1004.60,306.10,47.68,143.84,0.762,-1,-1,-1
264,73,1119.52,305.38,40.05,126.71,0.772,-1,-1,-1
264,74,1238.31,310.52,37.80,116.73,0.649,-1,-1,-1
264,76,310.40,305.48,47.19,113.79,0.705,-1,-1,-1
264,78,296.50,301.23,25.31,54.85,0.747,-1,-1,-1
264,80,1033.25,312.11,32.60,131.98,0.545,-1,-1,-1
264,83,53.03,307.52,72.07,190.90,0.855,-1,-1,-1
264,85,847.16,315.84,21.85,62.82,0.544,-1,-1,-1
264,86,2.35,292.36,21.55,204.80,0.856,-1,-1,-1
265,3,1435.29,280.70,237.29,744.96,0.896,-1,-1,-1
265,19,1151.17,318.81,56.27,147.39,0.768,-1,-1,-1
265,51,968.73,297.34,43.60,160.12,0.732,-1,-1,-1
265,54,703.97,284.17,65.61,192.88,0.850,-1,-1,-1
265,64,1693.07,260.58,250.85,768.73,0.894,-1,-1,-1
265,65,524.35,307.67,42.00,134.29,0.627,-1,-1,-1
265,66,1006.01,303.57,47.23,144.42,0.748,-1,-1,-1
265,73,1122.22,303.03,40.48,127.49,0.755,-1,-1,-1
265,74,1241.87,308.18,37.37,117.00,0.730,-1,-1,-1
265,76,310.32,302.70,47.56,114.43,0.697,-1,-1,-1
265,78,297.42,297.36,26.03,56.20,0.758,-1,-1,-1
265,80,1035.03,309.96,32.18,131.98,0.502,-1,-1,-1
265,83,51.77,304.41,72.71,191.36,0.885,-1,-1,-1
265,86,2.90,288.59,22.09,208.03,0.865,-1,-1,-1
266,3,1446.31,275.59,231.32,728.95,0.884,-1,-1,-1
266,19,1157.42,314.56,56.42,147.96,0.824,-1,-1,-1
266,51,970.77,292.90,44.44,162.47,0.690,-1,-1,-1
266,54,708.47,281.38,65.28,193.35,0.849,-1,-1,-1
266,64,1703.79,252.31,241.77,756.08,0.905,-1,-1,-1
266,66,1007.32,300.73,46.10,142.59,0.721,-1,-1,-1
266,73,1126.48,299.20,41.51,128.95,0.836,-1,-1,-1
266,74,1246.79,305.41,37.83,117.81,0.709,-1,-1,-1
266,76,311.08,299.78,47.74,114.76,0.752,-1,-1,-1
266,77,534.70,287.70,77.76,137.71,0.514,-1,-1,-1
266,78,298.55,294.07,26.51,57.37,0.697,-1,-1,-1
266,80,1037.83,308.82,31.46,129.33,0.646,-1,-1,-1
266,83,51.68,300.38,72.78,191.10,0.854,-1,-1,-1
266,86,3.97,284.89,22.58,209.61,0.854,-1,-1,-1
267,3,1455.54,269.85,226.54,715.20,0.866,-1,-1,-1
267,19,1161.98,311.77,56.78,148.88,0.810,-1,-1,-1
267,51,974.25,290.10,45.10,163.65,0.774,-1,-1,-1
267,54,709.67,279.41,65.19,193.36,0.837,-1,-1,-1
267,64,1710.04,242.92,237.67,760.04,0.908,-1,-1,-1
267,66,1008.27,297.90,45.60,142.84,0.733,-1,-1,-1
267,73,1129.37,296.98,42.00,129.56,0.805,-1,-1,-1
267,74,1249.69,303.70,37.76,117.31,0.708,-1,-1,-1
267,76,310.97,297.27,48.04,115.58,0.737,-1,-1,-1
267,77,533.24,283.87,81.55,147.74,0.594,-1,-1,-1
267,78,299.14,292.24,26.74,58.14,0.721,-1,-1,-1
267,80,1039.56,307.29,30.76,126.30,0.601,-1,-1,-1
267,83,52.16,298.13,73.21,191.29,0.881,-1,-1,-1
267,85,854.45,309.90,21.53,61.88,0.579,-1,-1,-1
267,86,4.77,282.92,23.11,210.55,0.858,-1,-1,-1
268,3,1463.50,263.70,224.25,708.31,0.895,-1,-1,-1
268,19,1165.34,309.59,56.97,149.61,0.807,-1,-1,-1
268,51,976.77,293.36,44.29,158.87,0.803,-1,-1,-1
268,54,708.84,277.52,66.04,195.23,0.873,-1,-1,-1
268,64,1707.73,237.87,236.00,765.97,0.892,-1,-1,-1
268,66,1008.55,295.65,45.21,143.02,0.770,-1,-1,-1
268,73,1131.19,294.89,42.44,130.17,0.801,-1,-1,-1
268,74,1251.51,302.60,37.79,116.71,0.748,-1,-1,-1
268,76,311.22,294.78,48.44,117.01,0.722,-1,-1,-1
268,77,532.58,280.32,83.32,154.63,0.663,-1,-1,-1
268,78,299.61,290.85,27.07,59.09,0.688,-1,-1,-1
268,80,1040.89,306.55,30.58,125.23,0.687,-1,-1,-1
268,83,52.60,296.40,73.78,191.71,0.888,-1,-1,-1
268,85,856.41,308.66,21.40,61.45,0.628,-1,-1,-1
268,86,5.87,281.10,23.77,211.20,0.851,-1,-1,-1
268,87,597.64,296.70,23.77,83.05,0.737,-1,-1,-1
269,3,1469.76,258.51,225.09,710.51,0.898,-1,-1,-1
269,19,1167.13,308.30,57.26,150.84,0.812,-1,-1,-1
269,51,977.78,292.25,44.92,159.97,0.801,-1,-1,-1
269,54,707.10,277.03,66.78,196.32,0.881,-1,-1,-1
269,64,1701.29,233.90,236.27,773.48,0.873,-1,-1,-1
269,66,1008.66,295.33,45.06,142.69,0.784,-1,-1,-1
269,73,1132.79,294.16,42.74,130.19,0.776,-1,-1,-1
269,74,1252.11,302.14,38.06,116.57,0.754,-1,-1,-1
269,76,311.18,293.21,49.05,118.47,0.745,-1,-1,-1
269,78,298.92,288.93,27.65,60.60,0.673,-1,-1,-1
269,80,1041.33,306.39,30.58,124.70,0.533,-1,-1,-1
269,83,52.65,295.34,74.18,192.08,0.868,-1,-1,-1
269,85,857.52,307.26,21.62,62.04,0.615,-1,-1,-1
269,86,6.14,280.25,24.21,210.10,0.833,-1,-1,-1
269,87,598.60,297.48,23.60,81.93,0.768,-1,-1,-1
270,3,1472.10,254.79,228.11,717.72,0.893,-1,-1,-1
270,19,1168.20,307.89,57.28,150.55,0.785,-1,-1,-1
270,51,978.23,290.56,45.80,162.20,0.804,-1,-1,-1
270,54,709.23,276.66,66.33,195.76,0.830,-1,-1,-1
270,64,1693.06,234.40,237.38,779.94,0.881,-1,-1,-1
270,66,1008.91,295.12,44.93,142.39,0.766,-1,-1,-1
270,73,1134.85,294.30,42.93,129.66,0.744,-1,-1,-1
270,74,1254.81,301.74,38.26,117.16,0.693,-1,-1,-1
270,76,311.50,292.35,49.52,119.42,0.747,-1,-1,-1
270,78,299.32,288.44,27.56,60.15,0.530,-1,-1,-1
270,83,52.59,294.80,74.34,192.11,0.851,-1,-1,-1
270,86,5.97,279.66,24.54,208.80,0.788,-1,-1,-1
270,87,600.36,298.25,23.59,81.17,0.778,-1,-1,-1
271,3,1466.10,253.55,234.07,730.82,0.908,-1,-1,-1
271,19,1168.93,309.31,57.40,150.44,0.800,-1,-1,-1
271,51,975.80,291.58,45.73,162.54,0.826,-1,-1,-1
271,54,709.10,278.06,66.30,196.56,0.866,-1,-1,-1
271,64,1685.13,236.59,240.12,790.17,0.904,-1,-1,-1
271,66,1007.03,295.53,45.18,144.56,0.784,-1,-1,-1
271,73,1134.69,295.75,43.52,130.03,0.816,-1,-1,-1
271,74,1254.77,302.21,38.37,117.14,0.629,-1,-1,-1
271,76,309.54,294.04,49.42,118.91,0.732,-1,-1,-1
271,78,296.84,291.33,26.97,58.37,0.750,-1,-1,-1
271,80,1040.00,306.16,31.11,126.24,0.657,-1,-1,-1
271,83,48.08,295.88,74.65,193.47,0.847,-1,-1,-1
271,85,859.23,308.36,21.22,60.99,0.594,-1,-1,-1
271,86,4.97,281.05,25.09,209.32,0.869,-1,-1,-1
271,87,600.43,300.14,23.87,80.83,0.800,-1,-1,-1
272,3,1463.90,256.57,238.28,739.08,0.902,-1,-1,-1
272,19,1170.13,312.26,57.26,150.18,0.782,-1,-1,-1
272,51,973.76,293.93,46.08,164.55,0.774,-1,-1,-1
272,54,708.66,279.67,66.45,199.04,0.840,-1,-1,-1
272,64,1684.46,240.09,239.72,791.43,0.914,-1,-1,-1
272,66,1005.72,298.62,44.64,144.24,0.752,-1,-1,-1
272,73,1133.91,298.50,43.87,130.16,0.766,-1,-1,-1
272,74,1252.99,303.39,38.90,118.40,0.657,-1,-1,-1
272,76,308.58,296.51,48.99,118.30,0.707,-1,-1,-1
272,78,293.22,293.52,27.59,59.17,0.682,-1,-1,-1
272,80,1039.62,309.89,30.72,124.77,0.668,-1,-1,-1
272,83,45.29,298.78,75.59,194.63,0.852,-1,-1,-1
272,86,3.29,284.64,25.27,209.36,0.840,-1,-1,-1
272,87,598.97,302.18,24.40,81.39,0.743,-1,-1,-1
273,3,1461.93,259.23,241.54,745.13,0.903,-1,-1,-1
273,19,1165.49,313.62,58.06,149.70,0.789,-1,-1,-1
273,51,969.90,295.37,45.59,162.70,0.793,-1,-1,-1
273,54,705.60,281.24,65.95,198.83,0.834,-1,-1,-1
273,64,1687.68,241.11,237.88,789.71,0.907,-1,-1,-1
273,65,542.71,289.53,35.29,106.18,0.531,-1,-1,-1
273,66,1002.97,299.38,44.57,145.54,0.771,-1,-1,-1
273,73,1131.52,299.37,44.41,130.38,0.825,-1,-1,-1
273,74,1251.51,304.06,38.82,118.20,0.734,-1,-1,-1
273,76,304.20,297.86,49.22,118.80,0.744,-1,-1,-1
273,78,288.32,295.33,27.18,57.95,0.771,-1,-1,-1
273,80,1036.13,311.44,30.94,125.10,0.711,-1,-1,-1
273,83,40.04,300.74,75.60,194.30,0.863,-1,-1,-1
273,86,3.98,299.90,24.04,195.19,0.768,-1,-1,-1
273,87,596.20,302.58,25.20,82.65,0.788,-1,-1,-1
274,3,1462.73,262.23,243.70,747.70,0.897,-1,-1,-1
274,19,1164.14,315.04,58.29,149.08,0.766,-1,-1,-1
274,51,965.67,294.67,46.26,165.21,0.784,-1,-1,-1
274,54,702.76,281.89,65.70,199.90,0.843,-1,-1,-1
274,64,1692.35,243.04,235.63,788.39,0.902,-1,-1,-1
274,66,1000.80,300.99,43.97,145.40,0.758,-1,-1,-1
274,73,1129.47,299.86,45.00,130.86,0.841,-1,-1,-1
274,74,1251.11,304.52,38.50,117.46,0.544,-1,-1,-1
274,76,302.97,299.26,48.79,118.44,0.654,-1,-1,-1
274,78,284.29,296.67,27.01,57.30,0.687,-1,-1,-1
274,80,1034.57,311.92,30.73,124.51,0.707,-1,-1,-1
274,83,37.73,302.84,75.73,193.64,0.818,-1,-1,-1
274,86,5.71,310.96,23.53,186.07,0.665,-1,-1,-1
274,87,594.32,303.47,25.62,82.39,0.789,-1,-1,-1
275,3,1462.92,263.67,245.50,749.55,0.884,-1,-1,-1
275,19,1161.24,314.91,59.15,149.44,0.826,-1,-1,-1
275,51,962.88,295.72,45.97,163.85,0.779,-1,-1,-1
275,54,698.92,280.64,65.91,201.90,0.845,-1,-1,-1
275,64,1695.31,242.81,234.57,791.76,0.900,-1,-1,-1
275,66,998.93,301.76,43.21,144.63,0.766,-1,-1,-1
275,73,1127.37,299.05,45.29,130.79,0.828,-1,-1,-1
275,74,1248.81,303.71,38.45,118.04,0.646,-1,-1,-1
275,76,298.28,299.89,49.02,118.72,0.739,-1,-1,-1
275,77,516.27,286.74,85.66,161.74,0.632,-1,-1,-1
275,78,279.64,296.76,27.37,57.33,0.760,-1,-1,-1
275,80,1032.55,310.33,31.00,125.24,0.737,-1,-1,-1
275,83,34.38,303.54,76.32,193.65,0.864,-1,-1,-1
275,86,6.66,319.45,23.24,178.35,0.710,-1,-1,-1
275,87,592.98,303.21,26.33,82.69,0.810,-1,-1,-1
276,3,1464.38,266.83,246.04,748.47,0.873,-1,-1,-1
276,19,1158.21,314.59,59.13,149.06,0.757,-1,-1,-1
276,51,957.76,296.64,46.31,164.64,0.800,-1,-1,-1
276,54,692.24,281.43,65.36,201.71,0.810,-1,-1,-1
276,64,1698.72,242.22,234.91,802.39,0.884,-1,-1,-1
276,66,994.50,301.66,42.55,144.26,0.724,-1,-1,-1
276,73,1122.28,298.93,45.73,131.41,0.814,-1,-1,-1
276,74,1244.03,303.27,38.72,119.57,0.693,-1,-1,-1
276,76,291.01,301.23,48.89,118.64,0.747,-1,-1,-1
276,77,511.28,288.08,77.10,145.56,0.520,-1,-1,-1
276,80,1027.31,309.24,31.54,126.69,0.745,-1,-1,-1
276,83,27.26,305.09,76.80,194.23,0.752,-1,-1,-1
276,87,588.81,303.87,27.13,83.01,0.755,-1,-1,-1
277,3,1464.03,268.75,247.37,748.06,0.867,-1,-1,-1
277,19,1151.37,313.61,59.23,148.43,0.827,-1,-1,-1
277,51,951.79,296.34,46.82,166.22,0.818,-1,-1,-1
277,54,684.39,281.68,64.89,201.22,0.821,-1,-1,-1
277,64,1701.84,241.97,231.61,799.28,0.898,-1,-1,-1
277,66,989.08,300.42,41.98,143.92,0.709,-1,-1,-1
277,73,1116.78,298.85,45.67,130.42,0.806,-1,-1,-1
277,74,1239.83,304.48,37.93,117.10,0.581,-1,-1,-1
277,76,282.38,301.72,49.57,119.80,0.663,-1,-1,-1
277,77,498.02,288.44,81.70,157.28,0.681,-1,-1,-1
277,80,1020.18,307.10,32.27,128.71,0.730,-1,-1,-1
277,83,18.06,306.04,78.20,196.34,0.869,-1,-1,-1
277,87,582.47,304.74,27.72,82.92,0.820,-1,-1,-1
277,88,475.60,304.41,40.08,150.56,0.671,-1,-1,-1
278,3,1460.90,269.24,250.91,752.87,0.856,-1,-1,-1
278,19,1144.02,312.44,59.45,147.76,0.846,-1,-1,-1
278,51,945.02,296.56,47.00,166.20,0.810,-1,-1,-1
278,54,674.75,282.02,64.92,202.62,0.806,-1,-1,-1
278,64,1703.84,240.75,226.96,788.89,0.901,-1,-1,-1
278,66,981.44,300.82,41.77,145.30,0.743,-1,-1,-1
278,73,1109.41,298.83,45.91,130.39,0.802,-1,-1,-1
278,74,1232.21,303.37,38.11,117.65,0.692,-1,-1,-1
278,76,271.40,302.31,49.99,120.21,0.700,-1,-1,-1
278,77,488.22,288.28,78.41,152.66,0.713,-1,-1,-1
278,80,1012.06,306.89,32.43,127.64,0.746,-1,-1,-1
278,83,7.42,305.80,79.53,199.03,0.879,-1,-1,-1
278,87,574.56,304.84,28.42,83.29,0.776,-1,-1,-1
278,88,464.00,305.49,40.46,152.08,0.702,-1,-1,-1
278,89,248.13,298.90,28.38,58.39,0.637,-1,-1,-1
279,3,1456.37,267.79,252.92,752.11,0.833,-1,-1,-1
279,19,1137.51,310.43,59.67,147.59,0.815,-1,-1,-1
279,51,936.80,294.86,47.70,167.73,0.802,-1,-1,-1
279,54,664.18,280.81,65.20,204.48,0.788,-1,-1,-1
279,64,1705.55,237.41,222.39,777.22,0.907,-1,-1,-1
279,65,560.81,301.21,30.37,84.79,0.784,-1,-1,-1
279,66,973.12,299.62,41.49,145.78,0.734,-1,-1,-1
279,73,1101.88,297.81,46.00,130.04,0.704,-1,-1,-1
279,76,260.89,302.06,50.19,120.45,0.674,-1,-1,-1
279,77,478.17,287.70,74.27,145.37,0.728,-1,-1,-1
279,80,1003.60,305.81,32.74,128.33,0.764,-1,-1,-1
279,83,0.31,304.79,78.96,198.88,0.870,-1,-1,-1
279,89,236.02,297.17,28.62,58.98,0.631,-1,-1,-1
280,3,1440.87,263.64,247.12,734.53,0.865,-1,-1,-1
280,19,1130.53,307.62,60.01,147.96,0.799,-1,-1,-1
280,51,928.34,292.04,48.69,168.78,0.855,-1,-1,-1
280,54,654.11,278.30,65.06,204.76,0.831,-1,-1,-1
280,64,1705.31,231.46,218.53,765.07,0.922,-1,-1,-1
280,65,555.10,301.30,31.22,83.16,0.812,-1,-1,-1
280,66,965.94,297.11,41.23,146.16,0.605,-1,-1,-1
280,73,1091.74,296.39,45.38,129.22,0.790,-1,-1,-1
280,76,249.71,301.62,49.94,119.09,0.703,-1,-1,-1
280,77,467.70,285.34,73.58,145.76,0.674,-1,-1,-1
280,80,994.38,304.25,33.47,129.22,0.771,-1,-1,-1
280,83,-5.14,302.83,76.68,196.53,0.908,-1,-1,-1
280,88,444.36,304.18,39.80,150.06,0.648,-1,-1,-1
280,89,224.45,295.12,28.75,59.29,0.718,-1,-1,-1
281,3,1429.55,254.22,241.92,715.62,0.866,-1,-1,-1
281,19,1120.97,304.98,60.14,148.60,0.826,-1,-1,-1
281,51,916.88,288.39,50.05,170.84,0.836,-1,-1,-1
281,54,637.59,276.26,65.22,205.47,0.853,-1,-1,-1
281,64,1697.91,223.05,220.32,768.12,0.911,-1,-1,-1
281,65,544.83,300.96,32.05,82.69,0.781,-1,-1,-1
281,66,967.68,299.41,38.75,136.18,0.793,-1,-1,-1
281,73,1078.96,293.71,45.49,130.53,0.757,-1,-1,-1
281,76,232.83,300.59,50.52,120.00,0.720,-1,-1,-1
281,77,446.19,282.81,79.09,161.37,0.782,-1,-1,-1
281,86,7.82,313.48,23.42,172.66,0.666,-1,-1,-1
281,88,426.13,304.09,39.47,149.40,0.645,-1,-1,-1
282,3,1432.15,247.92,243.03,706.72,0.832,-1,-1,-1
282,19,1114.53,303.19,59.87,148.76,0.771,-1,-1,-1
282,51,905.18,287.19,51.08,170.83,0.861,-1,-1,-1
282,54,625.03,274.63,65.63,207.00,0.805,-1,-1,-1
282,64,1691.64,217.24,222.85,772.30,0.908,-1,-1,-1
282,65,534.35,300.43,33.23,82.65,0.836,-1,-1,-1
282,66,965.63,299.46,37.74,132.70,0.762,-1,-1,-1
282,73,1068.20,291.46,45.09,130.82,0.791,-1,-1,-1
282,76,217.02,299.55,51.82,121.61,0.754,-1,-1,-1
282,77,432.02,281.03,80.44,168.68,0.809,-1,-1,-1
282,88,413.97,304.42,38.75,147.28,0.603,-1,-1,-1
282,90,1188.95,296.82,39.18,116.31,0.835,-1,-1,-1
283,3,1428.65,243.37,246.52,708.28,0.829,-1,-1,-1
283,19,1109.74,301.79,59.37,148.66,0.800,-1,-1,-1
283,51,896.87,285.65,52.36,171.79,0.852,-1,-1,-1
283,54,613.04,272.95,66.31,208.39,0.851,-1,-1,-1
283,64,1686.12,213.50,226.08,777.86,0.912,-1,-1,-1
283,65,526.79,299.98,34.15,82.75,0.778,-1,-1,-1
283,66,961.54,299.22,37.04,130.46,0.771,-1,-1,-1
283,73,1060.95,290.24,44.64,130.61,0.746,-1,-1,-1
283,76,205.93,298.91,52.31,122.20,0.675,-1,-1,-1
283,77,419.76,279.91,80.69,173.58,0.774,-1,-1,-1
283,88,402.24,303.72,39.03,148.97,0.603,-1,-1,-1
283,90,1182.57,295.17,39.33,116.76,0.779,-1,-1,-1
283,91,782.70,304.77,21.81,62.27,0.662,-1,-1,-1
283,92,180.49,294.99,32.05,73.58,0.631,-1,-1,-1
283,93,692.19,309.15,18.58,46.60,0.559,-1,-1,-1
284,3,1422.98,238.40,251.35,715.80,0.849,-1,-1,-1
284,19,1104.94,301.63,58.69,147.75,0.791,-1,-1,-1
284,51,888.94,284.81,53.35,172.09,0.858,-1,-1,-1
284,54,604.45,272.38,64.83,201.70,0.850,-1,-1,-1
284,64,1680.51,210.11,229.77,784.43,0.911,-1,-1,-1
284,65,518.35,299.63,35.00,83.28,0.828,-1,-1,-1
284,66,956.19,299.06,36.72,129.62,0.782,-1,-1,-1
284,73,1054.54,288.79,44.67,131.58,0.768,-1,-1,-1
284,76,195.28,300.24,52.44,121.63,0.748,-1,-1,-1
284,77,407.40,279.50,79.95,174.98,0.746,-1,-1,-1
284,88,391.51,303.88,38.48,147.40,0.516,-1,-1,-1
284,90,1176.06,293.66,39.38,116.76,0.828,-1,-1,-1
284,91,776.04,306.54,20.98,59.83,0.576,-1,-1,-1
284,92,169.38,295.71,30.22,69.10,0.586,-1,-1,-1
284,94,931.46,288.05,32.20,146.64,0.560,-1,-1,-1
285,3,1419.87,236.28,255.05,720.21,0.880,-1,-1,-1
285,19,1101.09,302.06,57.89,146.79,0.816,-1,-1,-1
285,51,882.84,284.92,54.07,171.75,0.847,-1,-1,-1
285,54,597.00,272.27,63.88,195.99,0.794,-1,-1,-1
285,64,1676.26,209.27,232.93,789.00,0.902,-1,-1,-1
285,65,512.28,299.01,36.11,84.13,0.764,-1,-1,-1
285,66,949.69,298.92,37.26,130.05,0.795,-1,-1,-1
285,73,1049.08,287.50,44.47,132.22,0.807,-1,-1,-1
285,76,186.18,300.63,52.99,122.87,0.646,-1,-1,-1
285,77,396.79,279.52,79.62,176.87,0.737,-1,-1,-1
285,90,1171.85,293.07,39.21,116.39,0.786,-1,-1,-1
285,91,769.54,306.59,20.99,59.81,0.681,-1,-1,-1
285,92,158.49,297.41,32.05,73.30,0.591,-1,-1,-1
285,93,679.79,307.97,19.03,47.70,0.526,-1,-1,-1
285,94,925.90,287.76,31.69,144.44,0.597,-1,-1,-1
286,3,1414.81,233.72,257.49,726.51,0.870,-1,-1,-1
286,19,1098.98,301.51,56.27,144.18,0.767,-1,-1,-1
286,51,877.98,284.30,53.52,169.23,0.759,-1,-1,-1
286,54,589.60,271.91,63.09,190.96,0.811,-1,-1,-1
286,64,1674.97,208.86,235.60,793.97,0.895,-1,-1,-1
286,65,506.74,298.06,37.18,84.75,0.815,-1,-1,-1
286,66,945.49,298.46,36.81,128.50,0.507,-1,-1,-1
286,73,1046.91,286.13,44.70,131.45,0.805,-1,-1,-1
286,77,385.15,278.93,81.21,181.49,0.564,-1,-1,-1
286,90,1166.27,290.97,39.32,116.89,0.790,-1,-1,-1
287,3,1413.38,234.98,259.34,732.46,0.890,-1,-1,-1
287,19,1096.12,301.32,56.16,144.70,0.812,-1,-1,-1
287,51,872.37,286.29,52.37,163.39,0.769,-1,-1,-1
287,64,1672.51,209.51,237.75,795.90,0.900,-1,-1,-1
287,65,499.84,297.94,38.38,86.75,0.789,-1,-1,-1
287,66,941.74,299.40,33.97,117.68,0.530,-1,-1,-1
287,73,1043.36,285.73,45.11,132.28,0.794,-1,-1,-1
287,90,1161.68,289.75,39.77,118.33,0.735,-1,-1,-1
288,3,1416.63,236.59,257.80,730.79,0.903,-1,-1,-1
288,19,1095.80,298.76,56.11,145.04,0.823,-1,-1,-1
288,51,867.91,284.07,55.06,169.02,0.859,-1,-1,-1
288,54,571.91,270.38,68.93,205.06,0.846,-1,-1,-1
288,64,1671.93,207.89,238.95,795.64,0.901,-1,-1,-1
288,65,497.56,296.95,39.27,87.53,0.832,-1,-1,-1
288,66,938.25,296.94,36.23,124.72,0.770,-1,-1,-1
288,73,1039.81,284.11,44.74,132.12,0.670,-1,-1,-1
288,76,164.76,300.96,54.13,124.79,0.709,-1,-1,-1
288,77,370.44,279.69,80.64,183.51,0.794,-1,-1,-1
288,90,1160.91,287.41,39.32,117.07,0.766,-1,-1,-1
288,92,134.98,298.16,31.81,72.52,0.502,-1,-1,-1
289,3,1421.59,237.69,256.03,730.09,0.879,-1,-1,-1
289,19,1096.02,295.21,56.11,145.74,0.789,-1,-1,-1
289,51,864.11,287.19,54.24,165.66,0.698,-1,-1,-1
289,64,1674.25,205.11,240.57,800.33,0.906,-1,-1,-1
289,65,496.81,294.66,39.86,88.52,0.774,-1,-1,-1
289,73,1040.33,277.02,46.36,136.87,0.766,-1,-1,-1
289,77,364.17,279.19,81.40,187.86,0.671,-1,-1,-1
289,90,1160.79,288.80,37.99,112.79,0.647,-1,-1,-1
290,3,1424.84,237.35,254.61,731.08,0.901,-1,-1,-1
290,19,1095.76,292.37,56.21,146.45,0.834,-1,-1,-1
290,51,862.61,282.82,56.59,171.16,0.857,-1,-1,-1
290,64,1675.66,201.86,241.94,805.07,0.913,-1,-1,-1
290,65,496.26,294.80,39.87,87.53,0.826,-1,-1,-1
290,66,929.82,294.27,37.96,128.28,0.767,-1,-1,-1
290,73,1037.33,276.41,45.64,135.97,0.789,-1,-1,-1
290,76,153.77,298.31,54.94,127.02,0.598,-1,-1,-1
290,77,360.02,277.63,79.16,186.09,0.770,-1,-1,-1
290,90,1160.64,284.13,38.65,114.92,0.668,-1,-1,-1
290,91,751.42,300.78,21.50,61.30,0.544,-1,-1,-1
290,92,125.45,294.77,32.98,75.16,0.700,-1,-1,-1
291,3,1431.41,234.12,254.03,735.67,0.889,-1,-1,-1
291,19,1096.80,288.42,55.95,146.19,0.820,-1,-1,-1
291,51,861.64,281.46,56.99,170.62,0.828,-1,-1,-1
291,54,558.67,263.42,48.94,139.31,0.785,-1,-1,-1
291,64,1679.84,198.50,241.79,807.59,0.905,-1,-1,-1
291,65,496.53,293.02,39.75,86.68,0.825,-1,-1,-1
291,66,931.05,290.73,38.47,128.27,0.791,-1,-1,-1
291,73,1037.01,274.03,45.07,135.10,0.760,-1,-1,-1
291,76,153.56,295.23,55.10,127.72,0.651,-1,-1,-1
291,77,356.31,274.45,78.32,186.40,0.764,-1,-1,-1
291,90,1160.57,280.12,38.16,113.93,0.597,-1,-1,-1
292,3,1443.75,227.84,251.79,734.22,0.846,-1,-1,-1
292,19,1099.65,282.89,56.30,146.99,0.814,-1,-1,-1
292,51,859.38,273.88,59.12,175.52,0.861,-1,-1,-1
292,54,550.00,258.51,44.77,121.46,0.681,-1,-1,-1
292,64,1692.26,190.32,234.68,790.18,0.875,-1,-1,-1
292,65,498.15,288.94,39.94,86.74,0.822,-1,-1,-1
292,66,930.63,284.43,38.71,127.82,0.808,-1,-1,-1
292,73,1037.37,269.83,44.58,134.79,0.673,-1,-1,-1
292,76,150.61,291.07,55.19,128.42,0.604,-1,-1,-1
292,77,352.66,268.86,77.68,187.67,0.848,-1,-1,-1
292,89,121.01,284.10,40.71,85.03,0.745,-1,-1,-1
292,90,1163.59,274.17,38.64,115.14,0.709,-1,-1,-1
292,95,613.21,286.73,37.88,69.50,0.776,-1,-1,-1
293,3,1452.74,219.81,247.13,726.55,0.883,-1,-1,-1
293,19,1100.51,278.39,56.52,147.23,0.830,-1,-1,-1
293,51,856.58,267.46,61.07,180.14,0.837,-1,-1,-1
293,54,547.71,253.57,44.97,115.79,0.811,-1,-1,-1
293,64,1702.53,180.64,228.02,775.96,0.913,-1,-1,-1
293,65,498.47,285.42,39.88,86.43,0.811,-1,-1,-1
293,66,930.41,278.19,39.56,128.24,0.828,-1,-1,-1
293,73,1038.26,265.38,43.90,134.23,0.759,-1,-1,-1
293,76,147.86,286.44,55.60,129.79,0.708,-1,-1,-1
293,77,349.51,264.33,77.53,190.21,0.836,-1,-1,-1
293,89,115.50,281.74,40.96,86.31,0.660,-1,-1,-1
293,90,1164.76,268.46,39.34,117.27,0.743,-1,-1,-1
293,95,611.33,282.22,38.46,70.33,0.705,-1,-1,-1
294,3,1461.95,212.59,242.70,719.28,0.853,-1,-1,-1
294,19,1101.84,274.13,56.80,147.06,0.841,-1,-1,-1
294,51,854.76,260.81,62.34,182.99,0.874,-1,-1,-1
294,54,544.83,249.09,46.33,113.85,0.794,-1,-1,-1
294,64,1710.65,173.59,223.53,771.29,0.917,-1,-1,-1
294,65,500.37,280.78,39.79,86.36,0.772,-1,-1,-1
294,66,931.07,272.93,40.35,129.34,0.819,-1,-1,-1
294,73,1040.64,260.76,43.70,134.53,0.780,-1,-1,-1
294,76,149.36,282.53,54.93,128.68,0.640,-1,-1,-1
294,77,348.07,259.25,76.96,191.40,0.834,-1,-1,-1
294,89,112.33,278.49,41.45,88.23,0.697,-1,-1,-1
294,90,1167.14,263.62,39.66,118.16,0.713,-1,-1,-1
294,94,901.91,260.07,31.35,143.07,0.502,-1,-1,-1
294,95,611.08,276.86,39.18,71.19,0.789,-1,-1,-1
294,96,663.01,287.08,20.13,47.68,0.610,-1,-1,-1
295,3,1473.45,205.49,238.49,711.84,0.897,-1,-1,-1
295,19,1103.45,271.56,56.91,146.24,0.841,-1,-1,-1
295,51,853.35,254.93,63.56,186.59,0.861,-1,-1,-1
295,54,541.85,246.86,47.73,113.20,0.819,-1,-1,-1
295,64,1715.91,167.99,221.07,774.69,0.914,-1,-1,-1
295,65,502.09,277.88,39.14,85.24,0.712,-1,-1,-1
295,66,931.86,269.52,40.99,130.20,0.800,-1,-1,-1
295,73,1042.65,257.51,43.68,135.29,0.765,-1,-1,-1
295,76,150.41,279.22,54.32,128.49,0.717,-1,-1,-1
295,77,347.17,255.50,76.52,192.79,0.832,-1,-1,-1
295,89,110.06,275.69,41.92,89.72,0.723,-1,-1,-1
295,90,1168.41,260.21,39.52,118.31,0.599,-1,-1,-1
295,94,901.18,257.63,31.97,145.88,0.686,-1,-1,-1
295,95,611.12,273.78,39.72,71.71,0.759,-1,-1,-1
296,3,1481.80,200.04,237.25,712.39,0.919,-1,-1,-1
296,19,1104.58,270.14,57.29,145.74,0.846,-1,-1,-1
296,51,851.59,251.31,64.54,189.09,0.865,-1,-1,-1
296,54,536.43,245.34,49.02,112.70,0.788,-1,-1,-1
296,64,1713.73,165.84,220.11,778.64,0.912,-1,-1,-1
296,65,502.96,275.96,39.00,85.80,0.763,-1,-1,-1
296,66,931.26,267.75,41.45,130.45,0.804,-1,-1,-1
296,73,1043.51,254.62,43.76,136.42,0.721,-1,-1,-1
296,76,148.80,276.91,54.60,129.28,0.756,-1,-1,-1
296,77,344.82,252.96,76.97,196.35,0.800,-1,-1,-1
296,89,107.26,274.42,41.75,89.92,0.732,-1,-1,-1
296,90,1169.69,258.69,39.26,117.68,0.641,-1,-1,-1
296,94,899.24,255.97,32.06,146.42,0.688,-1,-1,-1
296,95,610.67,272.15,40.03,71.66,0.798,-1,-1,-1
296,96,663.81,282.77,19.70,46.68,0.588,-1,-1,-1
297,3,1490.90,193.78,239.50,722.13,0.896,-1,-1,-1
297,19,1106.86,268.30,57.99,145.41,0.850,-1,-1,-1
297,51,850.71,247.12,65.20,190.77,0.859,-1,-1,-1
297,54,532.34,241.15,50.94,114.09,0.830,-1,-1,-1
297,64,1704.08,162.90,222.89,788.46,0.817,-1,-1,-1
297,66,931.21,264.10,42.10,132.84,0.767,-1,-1,-1
297,73,1046.29,251.79,43.87,137.74,0.773,-1,-1,-1
297,76,148.76,273.60,54.57,129.41,0.695,-1,-1,-1
297,77,343.36,249.51,76.36,196.60,0.805,-1,-1,-1
297,89,106.64,273.56,41.21,88.69,0.687,-1,-1,-1
297,90,1173.51,256.22,39.45,118.29,0.673,-1,-1,-1
297,94,899.27,252.40,32.48,147.60,0.720,-1,-1,-1
297,95,611.53,269.59,40.47,71.84,0.801,-1,-1,-1
297,96,665.53,278.58,20.31,48.18,0.665,-1,-1,-1
298,3,1491.52,189.45,243.55,732.59,0.895,-1,-1,-1
298,19,1107.43,267.22,58.82,145.37,0.854,-1,-1,-1
298,51,849.68,246.39,65.46,191.27,0.845,-1,-1,-1
298,54,527.55,238.91,52.35,115.47,0.782,-1,-1,-1
298,64,1695.02,161.19,226.31,799.13,0.871,-1,-1,-1
298,66,931.11,262.40,42.33,133.85,0.790,-1,-1,-1
298,73,1048.61,250.49,43.73,137.79,0.770,-1,-1,-1
298,76,148.11,271.84,54.47,129.37,0.669,-1,-1,-1
298,77,341.28,247.35,76.62,198.92,0.802,-1,-1,-1
298,89,104.69,272.14,41.16,88.98,0.729,-1,-1,-1
298,90,1174.91,255.13,39.58,118.23,0.656,-1,-1,-1
298,94,898.40,251.01,32.73,147.84,0.729,-1,-1,-1
298,95,611.40,268.39,40.49,71.37,0.754,-1,-1,-1
298,96,666.12,276.77,20.71,49.15,0.559,-1,-1,-1
298,97,790.63,270.27,40.22,112.73,0.703,-1,-1,-1
299,3,1488.69,189.85,247.78,740.84,0.894,-1,-1,-1
299,19,1107.98,267.79,59.44,144.98,0.837,-1,-1,-1
299,51,847.81,246.93,65.38,190.60,0.853,-1,-1,-1
299,54,523.05,239.69,53.48,115.77,0.811,-1,-1,-1
299,64,1692.98,164.11,227.51,803.67,0.901,-1,-1,-1
299,66,931.10,263.20,42.43,133.90,0.796,-1,-1,-1
299,73,1049.90,250.29,43.98,138.72,0.719,-1,-1,-1
299,76,145.74,271.45,53.92,129.34,0.756,-1,-1,-1
299,77,339.83,246.67,76.33,199.24,0.818,-1,-1,-1
299,89,101.78,271.61,41.21,89.53,0.649,-1,-1,-1
299,90,1175.58,256.17,39.55,117.73,0.636,-1,-1,-1
299,94,896.69,252.33,33.04,148.54,0.744,-1,-1,-1
299,95,610.85,269.18,40.30,70.42,0.732,-1,-1,-1
300,3,1486.18,191.36,252.68,748.36,0.895,-1,-1,-1
300,19,1108.54,266.67,59.56,143.67,0.841,-1,-1,-1
300,51,845.94,243.68,66.44,194.06,0.863,-1,-1,-1
300,54,519.64,237.68,54.65,117.13,0.805,-1,-1,-1
300,64,1694.59,166.41,228.42,810.30,0.896,-1,-1,-1
300,66,931.58,262.81,42.70,133.80,0.801,-1,-1,-1
300,73,1050.95,249.85,44.07,138.82,0.737,-1,-1,-1
300,76,143.37,269.87,54.36,130.50,0.771,-1,-1,-1
300,77,335.51,245.61,75.43,198.37,0.801,-1,-1,-1
300,89,99.32,269.43,41.02,89.62,0.521,-1,-1,-1
300,90,1175.90,255.97,39.69,117.61,0.718,-1,-1,-1
300,94,895.11,252.08,33.31,148.75,0.769,-1,-1,-1
300,95,610.40,267.41,41.09,71.07,0.762,-1,-1,-1
301,3,1482.75,195.06,256.51,751.77,0.904,-1,-1,-1
301,19,1109.28,267.17,60.33,144.97,0.835,-1,-1,-1
301,51,843.75,245.65,66.66,194.92,0.862,-1,-1,-1
301,54,515.66,238.24,55.27,117.53,0.815,-1,-1,-1
301,64,1699.85,169.67,226.07,807.26,0.890,-1,-1,-1
301,66,930.29,264.87,42.26,132.94,0.705,-1,-1,-1
301,73,1049.48,251.87,44.14,139.55,0.755,-1,-1,-1
301,76,142.41,268.97,55.03,132.86,0.744,-1,-1,-1
301,77,331.82,245.27,75.94,200.14,0.687,-1,-1,-1
301,90,1175.82,257.68,39.78,117.88,0.764,-1,-1,-1
301,94,892.88,256.12,33.49,148.58,0.693,-1,-1,-1
301,95,608.46,267.86,41.47,70.96,0.732,-1,-1,-1
301,97,779.86,270.35,41.06,114.82,0.578,-1,-1,-1
302,3,1479.64,200.84,259.96,754.64,0.910,-1,-1,-1
302,19,1109.81,266.93,60.69,146.37,0.837,-1,-1,-1
302,51,839.50,244.78,67.29,196.63,0.861,-1,-1,-1
302,54,503.95,237.44,57.09,118.04,0.845,-1,-1,-1
302,64,1706.02,174.46,224.13,808.59,0.883,-1,-1,-1
302,66,929.08,266.03,41.81,132.45,0.771,-1,-1,-1
302,73,1047.38,252.06,43.88,139.78,0.783,-1,-1,-1
302,76,137.54,267.03,54.77,133.03,0.758,-1,-1,-1
302,77,327.17,244.66,75.56,200.21,0.812,-1,-1,-1
302,89,87.90,265.99,41.62,91.26,0.600,-1,-1,-1
302,90,1174.60,258.08,40.15,118.57,0.733,-1,-1,-1
302,94,889.57,256.07,33.60,147.47,0.729,-1,-1,-1
302,95,605.06,267.78,42.23,71.57,0.793,-1,-1,-1
302,96,662.75,277.42,20.60,48.94,0.639,-1,-1,-1
303,3,1476.86,205.01,260.91,754.10,0.893,-1,-1,-1
303,19,1110.22,267.09,60.60,147.07,0.854,-1,-1,-1
303,51,834.63,245.08,67.78,198.49,0.831,-1,-1,-1
303,54,496.62,236.26,58.03,119.04,0.829,-1,-1,-1
303,64,1709.68,176.86,223.74,816.26,0.858,-1,-1,-1
303,66,927.02,267.48,41.26,131.30,0.760,-1,-1,-1
303,73,1047.42,252.34,44.49,140.03,0.773,-1,-1,-1
303,76,132.72,265.42,54.99,133.41,0.569,-1,-1,-1
303,77,320.36,243.32,75.79,202.23,0.713,-1,-1,-1
303,90,1173.20,258.53,40.21,118.74,0.727,-1,-1,-1
303,94,886.62,257.83,33.38,144.73,0.727,-1,-1,-1
303,95,601.45,267.23,42.68,71.64,0.784,-1,-1,-1
303,97,762.61,268.42,42.00,117.03,0.636,-1,-1,-1
304,3,1474.72,210.07,261.62,755.80,0.870,-1,-1,-1
304,19,1109.88,268.13,60.25,147.26,0.837,-1,-1,-1
304,51,831.46,246.84,67.10,196.95,0.883,-1,-1,-1
304,54,490.36,236.83,58.82,119.56,0.824,-1,-1,-1
304,64,1720.02,180.12,211.05,776.29,0.893,-1,-1,-1
304,66,926.14,268.39,40.93,130.97,0.779,-1,-1,-1
304,73,1047.50,253.07,45.10,140.14,0.774,-1,-1,-1
304,76,126.74,263.56,55.41,134.76,0.761,-1,-1,-1
304,77,311.80,241.95,76.81,205.08,0.602,-1,-1,-1
304,89,77.10,262.35,41.28,91.43,0.562,-1,-1,-1
304,90,1171.69,259.35,40.24,118.42,0.754,-1,-1,-1
304,94,883.73,257.08,34.15,146.83,0.758,-1,-1,-1
304,95,598.42,266.68,43.68,72.52,0.807,-1,-1,-1
304,97,759.89,268.28,42.04,117.61,0.578,-1,-1,-1
305,3,1470.74,213.01,261.63,757.94,0.880,-1,-1,-1
305,19,1108.81,269.01,59.61,146.83,0.816,-1,-1,-1
305,51,827.93,245.66,67.41,198.61,0.869,-1,-1,-1
305,54,483.99,236.32,59.87,121.01,0.838,-1,-1,-1
305,64,1726.50,183.45,204.55,760.18,0.909,-1,-1,-1
305,66,925.76,268.78,40.86,131.25,0.819,-1,-1,-1
305,73,1043.44,253.82,44.65,140.21,0.742,-1,-1,-1
305,76,121.79,262.39,55.09,134.18,0.782,-1,-1,-1
305,77,308.61,240.79,77.10,206.58,0.826,-1,-1,-1
305,89,72.74,259.86,41.28,92.55,0.673,-1,-1,-1
305,90,1169.46,259.96,40.45,118.83,0.764,-1,-1,-1
305,94,880.69,256.89,34.49,147.08,0.758,-1,-1,-1
305,95,594.87,266.06,44.52,73.27,0.809,-1,-1,-1
305,96,656.88,275.88,20.77,49.44,0.597,-1,-1,-1
305,97,754.78,267.31,42.07,118.05,0.587,-1,-1,-1
306,3,1469.18,215.25,260.05,755.49,0.884,-1,-1,-1
306,19,1106.95,270.25,59.20,146.10,0.817,-1,-1,-1
306,51,822.67,244.15,68.09,201.95,0.879,-1,-1,-1
306,54,477.41,235.22,60.75,122.64,0.838,-1,-1,-1
306,64,1727.74,184.75,206.43,777.85,0.896,-1,-1,-1
306,66,923.23,268.75,40.74,131.32,0.835,-1,-1,-1
306,73,1041.03,253.61,45.11,141.06,0.755,-1,-1,-1
306,76,116.37,260.15,55.57,135.43,0.775,-1,-1,-1
306,77,300.88,238.82,77.43,209.10,0.755,-1,-1,-1
306,89,66.44,257.08,41.27,93.92,0.732,-1,-1,-1
306,90,1166.45,259.93,40.21,118.90,0.704,-1,-1,-1
306,94,876.09,256.11,35.18,148.78,0.782,-1,-1,-1
306,95,590.24,265.15,45.29,74.02,0.830,-1,-1,-1
306,96,653.24,274.81,21.13,50.52,0.639,-1,-1,-1
306,97,745.20,266.92,42.23,118.35,0.560,-1,-1,-1
306,98,257.10,267.01,53.90,178.08,0.686,-1,-1,-1
307,3,1472.40,213.31,253.86,740.93,0.895,-1,-1,-1
307,19,1104.08,270.91,59.13,145.41,0.816,-1,-1,-1
307,51,813.34,244.33,67.78,202.05,0.864,-1,-1,-1
307,54,464.67,231.91,62.42,126.50,0.822,-1,-1,-1
307,64,1730.76,182.87,203.67,778.33,0.920,-1,-1,-1
307,66,917.77,266.56,40.59,131.46,0.811,-1,-1,-1
307,73,1042.66,253.63,44.59,140.61,0.548,-1,-1,-1
307,76,105.35,257.69,55.51,135.72,0.782,-1,-1,-1
307,77,288.13,236.49,77.73,211.69,0.691,-1,-1,-1
307,89,56.89,254.52,40.51,93.30,0.551,-1,-1,-1
307,90,1162.14,258.95,40.59,120.34,0.834,-1,-1,-1
307,94,868.98,255.20,35.45,147.65,0.769,-1,-1,-1
307,95,582.90,263.32,45.73,74.37,0.796,-1,-1,-1
307,96,647.69,273.69,21.15,50.80,0.571,-1,-1,-1
307,97,736.97,267.25,41.43,116.14,0.628,-1,-1,-1
307,98,243.31,265.55,54.51,179.80,0.737,-1,-1,-1
308,3,1473.91,210.67,249.04,730.20,0.907,-1,-1,-1
308,19,1101.82,271.14,59.09,145.02,0.829,-1,-1,-1
308,51,806.34,243.28,68.05,204.01,0.869,-1,-1,-1
308,54,454.17,229.67,62.81,127.31,0.857,-1,-1,-1
308,64,1730.64,181.88,202.65,783.73,0.918,-1,-1,-1
308,66,914.33,265.37,40.80,131.79,0.792,-1,-1,-1
308,73,1044.81,254.14,43.61,139.35,0.512,-1,-1,-1
308,76,97.02,256.25,55.88,137.01,0.835,-1,-1,-1
308,89,47.60,252.24,40.82,95.43,0.671,-1,-1,-1
308,90,1159.37,258.26,40.72,121.23,0.794,-1,-1,-1
308,94,862.86,255.67,35.90,146.89,0.819,-1,-1,-1
308,95,577.19,262.89,45.95,74.27,0.825,-1,-1,-1
308,96,642.81,273.61,21.08,50.84,0.538,-1,-1,-1
308,97,729.52,267.01,41.13,114.95,0.704,-1,-1,-1
308,98,233.07,264.08,55.42,182.85,0.704,-1,-1,-1
309,3,1476.49,208.42,245.36,722.92,0.916,-1,-1,-1
309,19,1099.85,271.78,59.07,145.00,0.834,-1,-1,-1
309,51,800.46,243.46,68.19,205.73,0.861,-1,-1,-1
309,54,445.75,228.33,63.55,128.99,0.835,-1,-1,-1
309,64,1728.89,181.14,202.64,791.39,0.912,-1,-1,-1
309,66,910.25,265.14,41.20,133.20,0.823,-1,-1,-1
309,73,1045.53,254.86,42.79,139.09,0.632,-1,-1,-1
309,76,89.99,256.33,55.48,136.52,0.824,-1,-1,-1
309,77,263.81,235.52,79.98,217.10,0.506,-1,-1,-1
309,89,40.20,252.46,40.70,96.06,0.667,-1,-1,-1
309,90,1156.30,259.12,40.52,121.07,0.778,-1,-1,-1
309,94,857.19,256.72,36.74,147.24,0.820,-1,-1,-1
309,95,571.94,263.37,46.14,74.32,0.735,-1,-1,-1
309,96,638.13,273.93,21.23,51.53,0.633,-1,-1,-1
309,97,723.21,268.20,41.19,114.42,0.788,-1,-1,-1
309,98,222.15,264.07,55.72,183.87,0.729,-1,-1,-1
309,99,1026.50,254.17,41.87,142.01,0.771,-1,-1,-1
310,3,1476.20,207.04,244.56,725.59,0.908,-1,-1,-1
310,19,1099.33,272.87,59.13,145.61,0.849,-1,-1,-1
310,51,795.30,245.09,68.13,207.22,0.864,-1,-1,-1
310,54,438.22,228.66,63.67,129.77,0.834,-1,-1,-1
310,64,1727.20,183.38,202.63,797.95,0.912,-1,-1,-1
310,65,490.90,266.50,39.76,89.50,0.705,-1,-1,-1
310,66,906.90,266.06,41.35,133.70,0.837,-1,-1,-1
310,73,1046.38,260.44,40.73,134.13,0.504,-1,-1,-1
310,76,82.32,257.54,55.47,137.00,0.802,-1,-1,-1
310,77,247.30,236.72,81.07,219.10,0.699,-1,-1,-1
310,89,34.02,254.04,40.22,95.74,0.588,-1,-1,-1
310,90,1153.86,260.27,40.13,120.43,0.816,-1,-1,-1
310,94,852.36,256.77,37.83,149.54,0.786,-1,-1,-1
310,95,567.10,265.25,46.12,73.99,0.801,-1,-1,-1
310,96,633.94,273.66,21.82,53.36,0.634,-1,-1,-1
310,97,718.94,270.07,41.27,113.84,0.791,-1,-1,-1
310,98,212.20,265.13,55.80,184.23,0.762,-1,-1,-1
310,99,1023.40,255.74,41.85,141.89,0.753,-1,-1,-1
311,3,1476.98,205.89,244.85,732.01,0.913,-1,-1,-1
311,19,1099.75,274.43,58.77,145.16,0.839,-1,-1,-1
311,51,790.41,246.21,68.14,208.98,0.864,-1,-1,-1
311,54,431.46,229.80,63.64,130.38,0.839,-1,-1,-1
311,64,1725.82,184.74,202.70,804.21,0.916,-1,-1,-1
311,65,488.71,268.04,39.82,90.54,0.729,-1,-1,-1
311,66,904.25,267.80,41.47,134.05,0.846,-1,-1,-1
311,76,76.20,259.89,56.20,138.89,0.814,-1,-1,-1
311,77,236.94,238.49,81.97,221.08,0.540,-1,-1,-1
311,89,28.18,257.48,39.60,95.22,0.611,-1,-1,-1
311,90,1152.07,261.65,39.97,120.12,0.775,-1,-1,-1
311,94,848.97,257.81,38.80,151.24,0.811,-1,-1,-1
311,95,563.46,267.54,46.36,74.05,0.818,-1,-1,-1
311,96,630.83,274.77,21.87,53.70,0.539,-1,-1,-1
311,97,714.97,273.06,41.31,112.31,0.813,-1,-1,-1
311,98,204.14,266.10,56.30,186.09,0.774,-1,-1,-1
311,99,1022.25,257.18,42.07,142.40,0.749,-1,-1,-1
312,3,1480.06,208.20,246.11,744.71,0.903,-1,-1,-1
312,19,1100.77,276.53,58.47,145.23,0.828,-1,-1,-1
312,51,785.42,248.26,68.78,212.42,0.866,-1,-1,-1
312,54,424.50,234.51,63.30,130.42,0.856,-1,-1,-1
312,64,1719.87,189.87,204.59,812.79,0.869,-1,-1,-1
312,65,487.01,271.69,38.21,85.34,0.761,-1,-1,-1
312,66,902.58,271.02,41.57,134.40,0.833,-1,-1,-1
312,76,72.33,265.39,55.92,138.66,0.820,-1,-1,-1
312,77,225.44,243.62,81.29,219.18,0.780,-1,-1,-1
312,89,21.55,264.19,38.89,94.29,0.673,-1,-1,-1
312,90,1152.51,265.79,37.27,111.26,0.724,-1,-1,-1
312,94,845.02,262.84,39.20,150.41,0.787,-1,-1,-1
312,95,560.23,271.69,46.93,74.66,0.782,-1,-1,-1
312,97,708.84,277.71,41.73,112.24,0.649,-1,-1,-1
312,98,195.10,269.22,57.45,190.26,0.715,-1,-1,-1
312,99,1020.50,261.26,41.95,142.02,0.765,-1,-1,-1
313,3,1484.47,210.63,245.62,753.26,0.897,-1,-1,-1
313,19,1101.32,278.56,58.24,144.86,0.772,-1,-1,-1
313,51,783.60,252.69,66.06,205.00,0.813,-1,-1,-1
313,54,417.45,236.80,63.68,131.78,0.804,-1,-1,-1
313,64,1719.06,193.91,205.68,820.61,0.859,-1,-1,-1
313,65,484.97,274.60,37.95,82.78,0.727,-1,-1,-1
313,66,900.16,275.17,40.92,132.75,0.733,-1,-1,-1
313,76,68.06,269.04,55.73,138.66,0.581,-1,-1,-1
313,77,219.01,247.43,80.07,217.20,0.690,-1,-1,-1
313,90,1151.62,268.89,36.18,107.76,0.530,-1,-1,-1
313,94,842.38,269.41,38.61,146.36,0.664,-1,-1,-1
313,95,558.35,275.09,47.16,74.94,0.764,-1,-1,-1
313,98,188.32,272.99,57.89,191.35,0.757,-1,-1,-1
313,99,1022.36,263.82,42.53,143.03,0.777,-1,-1,-1
314,3,1489.21,214.92,245.52,762.15,0.896,-1,-1,-1
314,19,1099.15,279.79,58.97,148.28,0.803,-1,-1,-1
314,51,778.63,254.71,66.22,205.18,0.800,-1,-1,-1
314,54,411.03,240.28,64.60,134.35,0.801,-1,-1,-1
314,64,1720.47,197.54,206.14,828.68,0.900,-1,-1,-1
314,65,482.88,277.71,38.60,83.42,0.713,-1,-1,-1
314,66,898.34,280.56,40.92,132.04,0.783,-1,-1,-1
314,76,65.23,273.98,56.13,140.04,0.781,-1,-1,-1
314,90,1150.27,271.89,37.59,112.30,0.619,-1,-1,-1
314,94,838.11,272.91,39.66,147.78,0.689,-1,-1,-1
314,95,556.13,278.31,47.15,74.59,0.720,-1,-1,-1
314,98,182.72,277.39,58.95,194.48,0.802,-1,-1,-1
314,99,1022.04,266.88,43.26,144.35,0.786,-1,-1,-1
315,3,1496.30,218.77,244.39,767.00,0.887,-1,-1,-1
315,19,1101.14,283.84,58.56,147.06,0.863,-1,-1,-1
315,51,776.08,255.13,68.47,213.43,0.845,-1,-1,-1
315,54,408.48,243.40,64.67,134.93,0.806,-1,-1,-1
315,64,1728.11,203.55,202.55,824.47,0.898,-1,-1,-1
315,65,484.96,282.38,38.19,81.17,0.775,-1,-1,-1
315,66,899.27,283.59,41.43,132.27,0.838,-1,-1,-1
315,76,65.36,278.33,56.14,140.23,0.778,-1,-1,-1
315,77,209.13,256.36,80.29,216.98,0.793,-1,-1,-1
315,90,1152.49,275.81,38.38,115.11,0.738,-1,-1,-1
315,94,837.89,277.84,40.41,146.69,0.805,-1,-1,-1
315,95,556.16,282.56,47.23,74.50,0.756,-1,-1,-1
315,98,176.09,281.70,59.25,195.13,0.696,-1,-1,-1
315,99,1023.20,270.24,43.57,144.49,0.762,-1,-1,-1
316,3,1505.19,222.52,242.23,768.23,0.897,-1,-1,-1
316,19,1103.67,285.05,58.58,146.86,0.827,-1,-1,-1
316,51,775.88,255.57,69.11,216.53,0.877,-1,-1,-1
316,54,408.77,246.19,64.37,134.45,0.848,-1,-1,-1
316,64,1735.21,207.60,199.22,823.03,0.880,-1,-1,-1
316,65,488.29,284.60,37.90,80.29,0.743,-1,-1,-1
316,66,901.50,284.26,41.70,132.98,0.834,-1,-1,-1
316,76,65.01,281.62,55.83,139.64,0.769,-1,-1,-1
316,77,207.34,258.75,81.20,218.25,0.845,-1,-1,-1
316,90,1155.72,277.73,38.68,116.63,0.693,-1,-1,-1
316,94,839.27,278.09,40.99,147.59,0.792,-1,-1,-1
316,95,558.11,284.77,47.36,74.72,0.779,-1,-1,-1
316,98,171.93,285.62,58.25,192.30,0.784,-1,-1,-1
316,99,1025.89,270.99,44.07,145.32,0.754,-1,-1,-1
317,3,1518.61,226.63,240.09,766.76,0.881,-1,-1,-1
317,19,1109.56,286.40,58.57,145.34,0.870,-1,-1,-1
317,51,776.99,256.61,69.27,219.29,0.882,-1,-1,-1
317,54,409.39,248.39,64.48,134.61,0.859,-1,-1,-1
317,64,1754.34,208.82,183.12,771.92,0.902,-1,-1,-1
317,65,494.19,286.56,37.98,79.94,0.764,-1,-1,-1
317,66,905.26,285.37,41.37,132.63,0.785,-1,-1,-1
317,76,69.04,283.95,55.69,140.13,0.797,-1,-1,-1
317,77,207.15,260.99,82.59,220.90,0.849,-1,-1,-1
317,90,1162.21,277.34,39.23,118.94,0.782,-1,-1,-1
317,91,639.05,296.89,17.53,49.24,0.574,-1,-1,-1
317,94,841.49,275.97,42.17,151.14,0.815,-1,-1,-1
317,95,561.76,286.39,47.43,74.85,0.773,-1,-1,-1
317,98,167.74,288.60,58.72,195.08,0.634,-1,-1,-1
317,99,1028.80,271.08,43.93,145.40,0.787,-1,-1,-1
318,3,1531.57,227.68,238.87,770.37,0.885,-1,-1,-1
318,19,1115.37,286.12,58.94,144.85,0.862,-1,-1,-1
318,51,778.63,256.43,68.83,219.31,0.865,-1,-1,-1
318,54,410.18,248.79,64.56,134.83,0.858,-1,-1,-1
318,64,1771.09,220.40,171.46,742.31,0.893,-1,-1,-1
318,65,500.96,287.58,37.73,78.52,0.778,-1,-1,-1
318,66,910.48,285.46,41.19,132.36,0.800,-1,-1,-1
318,73,1037.96,267.85,43.79,144.00,0.812,-1,-1,-1
318,76,72.04,284.81,55.32,139.87,0.745,-1,-1,-1
318,77,206.31,261.43,84.22,223.19,0.809,-1,-1,-1
318,90,1168.52,276.49,39.21,119.17,0.748,-1,-1,-1
318,94,843.63,275.14,42.80,151.77,0.817,-1,-1,-1
318,95,566.16,286.53,47.69,75.35,0.756,-1,-1,-1
318,98,163.96,289.73,59.02,197.27,0.573,-1,-1,-1
318,100,27.81,283.74,30.14,90.92,0.593,-1,-1,-1
319,3,1540.09,226.54,238.41,775.43,0.867,-1,-1,-1
319,19,1119.99,284.82,59.53,145.13,0.858,-1,-1,-1
319,51,779.56,255.52,68.88,219.90,0.880,-1,-1,-1
319,54,411.00,248.36,64.98,135.46,0.861,-1,-1,-1
319,64,1785.74,246.60,160.23,708.19,0.746,-1,-1,-1
319,65,506.71,287.07,37.92,78.32,0.769,-1,-1,-1
319,66,914.95,283.99,41.23,132.90,0.806,-1,-1,-1
319,73,1039.44,266.64,43.95,145.06,0.741,-1,-1,-1
319,76,75.59,284.65,55.19,139.97,0.798,-1,-1,-1
319,77,206.17,259.66,86.43,226.62,0.876,-1,-1,-1
319,90,1174.86,274.03,39.33,119.76,0.820,-1,-1,-1
319,94,846.27,273.10,42.90,150.36,0.822,-1,-1,-1
319,95,570.40,286.30,47.49,74.85,0.774,-1,-1,-1
319,98,160.00,289.10,59.61,198.41,0.722,-1,-1,-1
319,100,30.59,282.71,30.95,93.23,0.670,-1,-1,-1
320,3,1550.84,222.76,236.74,774.57,0.888,-1,-1,-1
320,19,1123.37,283.09,59.71,144.66,0.825,-1,-1,-1
320,51,779.40,254.35,69.14,220.35,0.872,-1,-1,-1
320,54,411.29,247.51,65.30,136.08,0.861,-1,-1,-1
320,64,1804.64,303.92,141.46,637.91,0.706,-1,-1,-1
320,65,511.89,286.25,37.58,76.78,0.789,-1,-1,-1
320,66,917.95,283.25,40.64,131.63,0.799,-1,-1,-1
320,73,1041.97,264.97,44.30,146.01,0.730,-1,-1,-1
320,76,77.81,284.04,54.99,139.88,0.781,-1,-1,-1
320,77,204.03,257.44,88.51,229.95,0.857,-1,-1,-1
320,90,1179.70,271.49,39.53,120.54,0.790,-1,-1,-1
320,94,847.70,271.35,43.15,149.37,0.810,-1,-1,-1
320,95,573.68,285.19,47.62,74.78,0.786,-1,-1,-1
320,98,161.20,288.66,59.71,199.56,0.702,-1,-1,-1
320,100,32.78,281.94,30.89,92.83,0.620,-1,-1,-1
321,3,1559.56,216.56,234.69,770.25,0.889,-1,-1,-1
321,19,1126.84,280.78,60.03,144.49,0.824,-1,-1,-1
321,51,778.81,253.22,69.30,220.36,0.876,-1,-1,-1
321,54,410.92,246.43,65.15,135.62,0.873,-1,-1,-1
321,64,1826.47,336.44,117.52,544.31,0.781,-1,-1,-1
321,65,515.51,284.99,37.91,76.92,0.790,-1,-1,-1
321,66,920.52,280.90,40.38,131.06,0.815,-1,-1,-1
321,73,1044.17,263.25,44.55,147.16,0.779,-1,-1,-1
321,76,79.74,282.83,54.80,139.36,0.831,-1,-1,-1
321,77,202.21,256.77,89.04,230.10,0.843,-1,-1,-1
321,90,1183.99,268.37,39.36,120.11,0.822,-1,-1,-1
321,94,848.35,268.00,43.91,150.58,0.811,-1,-1,-1
321,95,574.16,283.32,47.58,75.21,0.705,-1,-1,-1
321,98,159.76,286.11,59.76,200.98,0.745,-1,-1,-1
321,100,33.57,279.82,31.29,93.67,0.667,-1,-1,-1
321,101,649.98,288.35,19.25,54.43,0.682,-1,-1,-1
322,3,1570.99,207.27,229.94,754.83,0.904,-1,-1,-1
322,19,1132.72,276.41,59.80,143.53,0.775,-1,-1,-1
322,51,781.25,250.82,69.17,220.94,0.873,-1,-1,-1
322,54,409.67,243.14,65.77,136.67,0.876,-1,-1,-1
322,64,1838.24,358.41,116.38,558.19,0.689,-1,-1,-1
322,65,522.51,281.70,38.23,77.41,0.771,-1,-1,-1
322,66,924.48,275.83,40.35,130.89,0.783,-1,-1,-1
322,73,1048.62,259.51,44.49,147.77,0.754,-1,-1,-1
322,76,82.54,280.35,55.19,140.60,0.839,-1,-1,-1
322,77,195.87,253.06,90.44,231.77,0.855,-1,-1,-1
322,90,1191.01,264.26,39.63,121.09,0.765,-1,-1,-1
322,94,852.33,263.98,44.58,152.21,0.816,-1,-1,-1
322,95,578.38,280.66,47.96,75.65,0.672,-1,-1,-1
322,98,158.82,277.69,62.13,208.05,0.769,-1,-1,-1
322,100,35.81,277.80,32.00,95.24,0.741,-1,-1,-1
322,101,654.05,286.47,18.68,52.77,0.652,-1,-1,-1
323,3,1580.36,201.09,228.11,747.65,0.895,-1,-1,-1
323,19,1137.17,272.78,60.14,144.12,0.855,-1,-1,-1
323,51,782.49,249.36,69.30,221.81,0.868,-1,-1,-1
323,54,407.89,241.36,66.31,137.43,0.878,-1,-1,-1
323,64,1839.74,372.16,113.06,555.99,0.668,-1,-1,-1
323,65,527.53,279.08,38.73,78.09,0.796,-1,-1,-1
323,66,926.47,273.05,40.15,131.01,0.794,-1,-1,-1
323,73,1051.86,257.27,44.47,148.79,0.777,-1,-1,-1
323,76,83.74,279.16,55.71,142.28,0.844,-1,-1,-1
323,77,191.10,251.57,90.96,232.13,0.844,-1,-1,-1
323,90,1196.03,261.74,39.73,121.73,0.777,-1,-1,-1
323,94,854.75,262.44,44.58,151.08,0.801,-1,-1,-1
323,95,580.45,278.84,48.17,76.27,0.689,-1,-1,-1
323,98,157.71,277.96,63.33,207.68,0.839,-1,-1,-1
323,100,36.59,277.34,32.50,96.18,0.723,-1,-1,-1
323,101,656.53,285.14,18.67,52.70,0.614,-1,-1,-1
324,3,1588.37,196.56,229.71,751.83,0.907,-1,-1,-1
324,19,1142.59,270.35,60.78,145.47,0.864,-1,-1,-1
324,51,782.66,247.67,70.21,225.45,0.840,-1,-1,-1
324,54,406.54,239.98,66.55,137.48,0.878,-1,-1,-1
324,65,531.38,277.46,38.84,78.03,0.787,-1,-1,-1
324,66,929.46,270.94,40.04,130.83,0.753,-1,-1,-1
324,73,1055.73,255.33,44.47,149.08,0.781,-1,-1,-1
324,76,86.62,278.27,55.46,142.41,0.825,-1,-1,-1
324,77,186.08,249.50,91.80,234.09,0.812,-1,-1,-1
324,90,1200.82,259.59,39.94,122.66,0.784,-1,-1,-1
324,94,856.44,260.41,45.25,151.70,0.786,-1,-1,-1
324,95,583.63,277.30,48.17,76.29,0.678,-1,-1,-1
324,98,153.79,278.07,63.62,206.82,0.742,-1,-1,-1
324,100,36.84,276.97,32.72,96.07,0.705,-1,-1,-1
324,101,659.16,284.56,18.43,51.86,0.583,-1,-1,-1
324,102,1088.26,278.50,24.84,121.44,0.527,-1,-1,-1
325,3,1593.21,192.93,233.49,760.82,0.907,-1,-1,-1
325,19,1147.62,268.56,60.91,146.02,0.851,-1,-1,-1
325,51,784.08,246.48,69.12,221.48,0.816,-1,-1,-1
325,54,404.70,239.01,67.00,137.61,0.868,-1,-1,-1
325,65,535.52,276.12,38.73,77.51,0.771,-1,-1,-1
325,66,932.80,269.59,40.29,131.61,0.749,-1,-1,-1
325,73,1060.85,254.18,45.05,149.80,0.737,-1,-1,-1
325,76,88.78,277.44,55.14,142.43,0.846,-1,-1,-1
325,77,182.10,247.45,93.15,236.71,0.819,-1,-1,-1
325,90,1205.42,257.95,40.07,122.82,0.805,-1,-1,-1
325,94,859.26,260.29,45.87,150.79,0.749,-1,-1,-1
325,95,584.67,276.25,47.64,75.92,0.600,-1,-1,-1
325,98,149.09,277.61,63.74,206.60,0.688,-1,-1,-1
325,100,38.63,276.37,32.85,96.08,0.720,-1,-1,-1
325,101,661.83,282.68,18.86,52.95,0.658,-1,-1,-1
325,103,750.70,278.59,19.80,62.85,0.645,-1,-1,-1
326,3,1596.01,192.18,237.35,766.02,0.907,-1,-1,-1
326,19,1152.40,269.28,60.65,145.91,0.864,-1,-1,-1
326,51,785.20,246.41,67.66,215.60,0.829,-1,-1,-1
326,54,401.61,240.16,67.94,138.18,0.858,-1,-1,-1
326,65,539.15,276.38,38.76,77.33,0.756,-1,-1,-1
326,66,935.10,269.76,40.36,131.48,0.760,-1,-1,-1
326,73,1063.41,254.46,44.85,149.45,0.769,-1,-1,-1
326,76,90.37,278.04,54.96,142.83,0.812,-1,-1,-1
326,77,176.71,247.84,94.32,239.45,0.765,-1,-1,-1
326,90,1209.24,258.50,40.01,122.82,0.798,-1,-1,-1
326,94,859.74,260.72,46.64,150.86,0.791,-1,-1,-1
326,95,587.17,276.44,47.80,76.27,0.727,-1,-1,-1
326,98,145.08,278.53,64.58,208.05,0.704,-1,-1,-1
326,100,38.23,276.65,33.22,96.92,0.676,-1,-1,-1
326,101,664.22,283.02,19.31,54.11,0.537,-1,-1,-1
326,103,753.22,281.40,19.35,61.41,0.631,-1,-1,-1
327,3,1601.38,192.99,245.06,783.08,0.899,-1,-1,-1
327,19,1157.27,271.19,60.08,145.21,0.843,-1,-1,-1
327,51,783.22,245.57,68.12,217.08,0.855,-1,-1,-1
327,54,398.55,241.45,68.78,138.40,0.872,-1,-1,-1
327,65,543.55,277.30,38.57,76.87,0.717,-1,-1,-1
327,66,937.93,271.27,40.62,133.64,0.830,-1,-1,-1
327,73,1068.14,255.66,45.35,150.55,0.768,-1,-1,-1
327,76,91.52,279.34,54.46,142.40,0.735,-1,-1,-1
327,77,171.38,249.05,95.63,242.15,0.823,-1,-1,-1
327,90,1216.05,260.59,37.46,113.95,0.688,-1,-1,-1
327,94,862.97,262.77,47.20,151.49,0.798,-1,-1,-1
327,95,590.26,277.59,47.86,76.34,0.610,-1,-1,-1
327,98,140.47,280.83,65.35,207.88,0.747,-1,-1,-1
327,100,39.13,277.40,33.88,97.96,0.722,-1,-1,-1
327,102,1100.38,281.09,25.09,122.71,0.531,-1,-1,-1
328,3,1605.48,197.75,250.85,792.52,0.914,-1,-1,-1
328,19,1161.59,274.68,60.16,145.53,0.860,-1,-1,-1
328,51,783.74,248.07,68.87,217.87,0.830,-1,-1,-1
328,54,395.19,243.23,70.86,141.35,0.840,-1,-1,-1
328,65,548.12,278.92,38.90,76.68,0.694,-1,-1,-1
328,66,941.87,275.23,40.61,133.02,0.777,-1,-1,-1
328,73,1070.34,258.37,45.64,152.00,0.711,-1,-1,-1
328,76,92.79,281.13,53.88,142.25,0.717,-1,-1,-1
328,77,170.12,251.07,96.74,243.83,0.841,-1,-1,-1
328,90,1220.73,263.73,36.90,110.80,0.778,-1,-1,-1
328,94,866.92,267.85,46.67,148.59,0.788,-1,-1,-1
328,98,137.13,284.25,66.34,208.12,0.692,-1,-1,-1
328,100,39.15,279.69,34.98,100.06,0.706,-1,-1,-1
328,102,1102.88,277.61,26.51,129.94,0.519,-1,-1,-1
329,3,1611.54,201.22,255.80,800.67,0.907,-1,-1,-1
329,19,1164.75,277.40,59.81,144.85,0.868,-1,-1,-1
329,51,781.33,248.00,67.72,212.64,0.873,-1,-1,-1
329,54,393.32,245.88,70.94,139.32,0.879,-1,-1,-1
329,65,550.63,281.53,39.06,76.41,0.785,-1,-1,-1
329,66,942.83,277.47,40.41,133.16,0.823,-1,-1,-1
329,73,1072.53,259.96,45.56,151.52,0.712,-1,-1,-1
329,76,92.19,282.47,52.94,140.37,0.743,-1,-1,-1
329,77,163.17,252.78,96.40,243.66,0.838,-1,-1,-1
329,90,1222.34,266.90,38.70,115.40,0.795,-1,-1,-1
329,94,868.39,269.29,47.27,149.56,0.804,-1,-1,-1
329,95,591.48,281.25,47.26,76.34,0.726,-1,-1,-1
329,98,132.42,286.44,68.15,208.35,0.812,-1,-1,-1
329,100,38.36,281.17,34.89,99.51,0.725,-1,-1,-1
329,101,671.97,281.41,21.11,59.09,0.627,-1,-1,-1
330,3,1619.30,204.55,259.33,805.13,0.914,-1,-1,-1
330,19,1168.23,279.16,59.72,144.85,0.854,-1,-1,-1
330,51,780.67,248.64,67.37,209.82,0.868,-1,-1,-1
330,54,392.48,246.99,71.64,138.90,0.860,-1,-1,-1
330,65,553.28,282.46,39.61,76.54,0.805,-1,-1,-1
330,66,945.15,279.72,39.87,131.76,0.817,-1,-1,-1
330,73,1074.55,261.50,45.65,152.20,0.742,-1,-1,-1
330,76,93.55,283.02,52.50,140.44,0.663,-1,-1,-1
330,77,160.00,255.14,95.93,242.91,0.789,-1,-1,-1
330,90,1224.29,268.93,39.60,117.67,0.744,-1,-1,-1
330,94,869.82,270.66,47.34,148.45,0.830,-1,-1,-1
330,98,131.70,287.96,69.49,209.71,0.625,-1,-1,-1
330,100,37.80,282.37,35.29,100.07,0.756,-1,-1,-1
330,101,673.14,281.18,21.61,60.46,0.568,-1,-1,-1
331,3,1630.76,209.24,260.44,804.97,0.906,-1,-1,-1
331,19,1171.43,279.52,59.30,144.43,0.847,-1,-1,-1
331,51,778.99,247.83,68.00,209.93,0.879,-1,-1,-1
331,54,390.86,248.12,72.43,138.16,0.869,-1,-1,-1
331,65,554.94,283.08,39.99,76.46,0.806,-1,-1,-1
331,66,947.05,280.29,39.82,131.86,0.814,-1,-1,-1
331,73,1076.89,261.83,45.64,153.02,0.753,-1,-1,-1
331,77,155.09,255.79,96.73,243.64,0.801,-1,-1,-1
331,90,1227.00,269.64,40.17,119.08,0.791,-1,-1,-1
331,94,869.97,270.54,48.26,148.79,0.818,-1,-1,-1
331,95,594.21,283.28,46.75,76.20,0.615,-1,-1,-1
331,98,123.71,288.63,71.43,213.25,0.659,-1,-1,-1
331,100,37.03,282.17,35.54,99.87,0.765,-1,-1,-1
331,102,1110.21,285.15,25.47,124.69,0.565,-1,-1,-1
331,104,690.40,281.42,29.51,63.05,0.544,-1,-1,-1
332,3,1645.18,214.57,260.54,803.10,0.918,-1,-1,-1
332,19,1175.49,280.11,59.12,144.78,0.820,-1,-1,-1
332,51,775.92,248.47,69.14,210.88,0.891,-1,-1,-1
332,54,388.36,248.32,73.52,137.91,0.866,-1,-1,-1
332,65,555.62,282.61,40.84,77.43,0.790,-1,-1,-1
332,66,950.13,281.83,39.88,131.61,0.796,-1,-1,-1
332,73,1081.36,262.22,46.01,152.96,0.727,-1,-1,-1
332,77,147.22,256.89,98.77,246.77,0.865,-1,-1,-1
332,90,1230.72,270.60,40.70,120.30,0.829,-1,-1,-1
332,94,873.56,270.00,48.34,148.79,0.768,-1,-1,-1
332,95,596.84,283.19,47.45,77.23,0.673,-1,-1,-1
332,98,111.26,288.17,72.50,216.29,0.749,-1,-1,-1
332,100,35.67,280.53,36.14,100.86,0.784,-1,-1,-1
332,104,685.96,279.86,30.41,64.86,0.604,-1,-1,-1
333,3,1654.40,217.45,261.14,804.28,0.925,-1,-1,-1
333,19,1178.10,280.55,58.59,144.35,0.814,-1,-1,-1
333,51,773.32,249.08,69.92,211.32,0.895,-1,-1,-1
333,54,385.04,248.62,74.95,138.19,0.874,-1,-1,-1
333,65,556.24,283.90,40.81,76.55,0.796,-1,-1,-1
333,66,951.62,282.06,40.52,132.71,0.823,-1,-1,-1
333,73,1084.08,262.68,46.41,152.81,0.745,-1,-1,-1
333,77,139.11,256.08,101.20,250.71,0.851,-1,-1,-1
333,90,1232.35,271.13,40.96,120.75,0.812,-1,-1,-1
333,94,874.89,269.55,48.80,150.03,0.788,-1,-1,-1
333,95,596.00,283.76,46.90,76.99,0.670,-1,-1,-1
333,98,102.01,287.32,73.25,217.80,0.814,-1,-1,-1
333,100,33.82,279.92,36.41,100.66,0.729,-1,-1,-1
333,104,682.76,280.10,30.62,65.05,0.597,-1,-1,-1
334,3,1660.95,220.89,260.53,802.68,0.917,-1,-1,-1
334,19,1179.73,280.71,58.33,144.53,0.805,-1,-1,-1
334,51,770.70,249.80,70.69,211.71,0.897,-1,-1,-1
334,54,381.88,248.61,76.29,138.44,0.862,-1,-1,-1
334,65,556.44,284.33,41.05,76.20,0.795,-1,-1,-1
334,66,952.36,282.39,40.85,133.25,0.835,-1,-1,-1
334,73,1085.63,263.21,47.09,153.03,0.784,-1,-1,-1
334,77,130.24,254.67,103.62,254.56,0.852,-1,-1,-1
334,90,1233.29,271.70,41.08,120.94,0.801,-1,-1,-1
334,94,875.51,270.45,48.23,147.53,0.792,-1,-1,-1
334,95,594.98,284.26,46.07,76.47,0.712,-1,-1,-1
334,98,94.74,286.17,73.64,218.97,0.791,-1,-1,-1
334,100,30.74,279.06,36.93,100.62,0.763,-1,-1,-1
334,104,678.41,280.58,30.42,64.26,0.702,-1,-1,-1
335,3,1666.76,219.49,259.14,800.57,0.913,-1,-1,-1
335,19,1180.26,280.28,58.32,145.23,0.807,-1,-1,-1
335,51,766.99,250.38,71.39,211.97,0.889,-1,-1,-1
335,54,377.88,248.08,77.76,138.91,0.861,-1,-1,-1
335,65,556.25,283.11,42.10,77.11,0.804,-1,-1,-1
335,66,951.56,282.19,40.95,133.32,0.815,-1,-1,-1
335,73,1085.91,263.00,47.97,153.60,0.785,-1,-1,-1
335,77,122.12,252.37,105.73,257.56,0.869,-1,-1,-1
335,90,1233.52,271.21,41.28,121.48,0.809,-1,-1,-1
335,94,875.07,271.30,47.74,146.14,0.821,-1,-1,-1
335,95,593.36,284.65,45.15,75.86,0.630,-1,-1,-1
335,98,87.39,283.37,73.83,220.94,0.804,-1,-1,-1
335,100,25.79,277.42,37.49,100.91,0.797,-1,-1,-1
336,3,1673.24,217.69,254.76,789.72,0.913,-1,-1,-1
336,19,1179.55,279.46,58.51,145.97,0.805,-1,-1,-1
336,51,761.95,250.76,72.22,212.16,0.898,-1,-1,-1
336,54,373.19,246.23,79.36,139.73,0.855,-1,-1,-1
336,65,554.63,281.81,42.96,78.16,0.817,-1,-1,-1
336,66,949.81,280.87,41.19,133.68,0.840,-1,-1,-1
336,73,1083.38,262.78,47.98,153.71,0.676,-1,-1,-1
336,77,113.19,249.49,107.96,260.23,0.831,-1,-1,-1
336,90,1232.76,270.91,41.11,120.85,0.787,-1,-1,-1
336,94,874.01,269.74,48.20,147.96,0.822,-1,-1,-1
336,95,590.78,281.83,45.67,77.81,0.745,-1,-1,-1
336,98,79.64,280.89,73.73,222.21,0.850,-1,-1,-1
336,100,20.42,274.91,37.75,101.36,0.776,-1,-1,-1
337,3,1681.75,215.87,248.88,776.31,0.928,-1,-1,-1
337,19,1175.54,281.59,58.69,146.44,0.828,-1,-1,-1
337,51,754.77,252.01,73.51,213.06,0.913,-1,-1,-1
337,54,366.50,246.81,81.26,141.10,0.867,-1,-1,-1
337,65,551.60,282.14,43.65,79.30,0.811,-1,-1,-1
337,66,947.19,280.73,41.67,134.99,0.847,-1,-1,-1
337,73,1079.31,264.41,47.80,153.21,0.723,-1,-1,-1
337,77,95.24,247.19,109.75,265.07,0.828,-1,-1,-1
337,90,1231.25,272.62,41.16,121.34,0.760,-1,-1,-1
337,94,871.65,269.61,48.68,150.13,0.805,-1,-1,-1
337,95,587.82,281.76,45.81,78.58,0.646,-1,-1,-1
337,98,66.77,278.66,75.11,227.30,0.772,-1,-1,-1
337,100,12.06,275.11,37.86,102.03,0.754,-1,-1,-1
338,3,1685.82,214.98,247.03,776.34,0.917,-1,-1,-1
338,19,1172.29,284.09,58.58,145.68,0.853,-1,-1,-1
338,51,748.25,253.10,74.82,213.93,0.896,-1,-1,-1
338,54,359.64,246.95,83.06,142.31,0.857,-1,-1,-1
338,65,549.09,282.80,43.95,80.00,0.787,-1,-1,-1
338,66,944.39,280.85,41.90,135.98,0.848,-1,-1,-1
338,73,1076.28,265.80,47.94,153.63,0.694,-1,-1,-1
338,77,79.80,245.72,110.86,268.16,0.870,-1,-1,-1
338,90,1229.71,273.76,41.39,122.62,0.742,-1,-1,-1
338,94,868.46,270.36,48.74,150.81,0.777,-1,-1,-1
338,95,585.58,282.36,46.16,79.18,0.503,-1,-1,-1
338,98,55.34,277.78,75.37,229.46,0.611,-1,-1,-1
338,100,3.85,274.53,38.12,103.26,0.790,-1,-1,-1
339,3,1688.91,216.52,245.89,779.92,0.917,-1,-1,-1
339,19,1168.79,287.75,58.96,145.52,0.861,-1,-1,-1
339,51,741.50,253.92,77.06,217.72,0.908,-1,-1,-1
339,54,353.67,249.37,84.59,143.11,0.873,-1,-1,-1
339,65,545.46,284.99,44.78,81.84,0.783,-1,-1,-1
339,66,941.61,283.24,42.19,137.12,0.834,-1,-1,-1
339,73,1072.27,269.18,47.78,153.45,0.793,-1,-1,-1
339,77,66.47,246.93,111.30,270.35,0.868,-1,-1,-1
339,90,1228.36,277.14,41.09,122.30,0.731,-1,-1,-1
339,94,865.39,272.71,49.07,151.88,0.785,-1,-1,-1
339,95,581.74,285.15,46.49,79.74,0.722,-1,-1,-1
339,98,37.11,280.21,75.49,231.33,0.729,-1,-1,-1
339,100,-1.59,276.72,37.66,103.65,0.789,-1,-1,-1
340,3,1689.95,218.57,246.16,788.71,0.921,-1,-1,-1
340,19,1165.79,291.36,59.14,144.87,0.863,-1,-1,-1
340,51,735.54,254.64,78.71,219.72,0.903,-1,-1,-1
340,54,348.46,250.07,86.18,144.25,0.874,-1,-1,-1
340,65,543.71,286.89,44.73,82.59,0.771,-1,-1,-1
340,66,938.27,285.76,42.35,137.61,0.836,-1,-1,-1
340,73,1071.36,272.02,48.39,154.53,0.772,-1,-1,-1
340,77,55.69,248.86,111.36,271.20,0.835,-1,-1,-1
340,90,1226.87,280.08,40.99,122.72,0.671,-1,-1,-1
340,94,862.74,276.10,49.10,152.21,0.785,-1,-1,-1
340,95,577.79,287.48,46.80,80.29,0.771,-1,-1,-1
340,98,20.76,283.62,75.05,231.64,0.741,-1,-1,-1
340,100,-5.74,278.34,36.84,104.20,0.792,-1,-1,-1
340,104,673.24,296.50,26.76,56.70,0.583,-1,-1,-1
340,105,639.04,286.89,33.89,64.77,0.594,-1,-1,-1
341,3,1690.66,221.94,246.30,797.96,0.924,-1,-1,-1
341,19,1162.76,295.32,59.23,143.99,0.872,-1,-1,-1
341,51,729.18,256.41,80.53,221.48,0.904,-1,-1,-1
341,54,344.34,252.02,87.47,145.10,0.888,-1,-1,-1
341,65,541.90,289.42,44.54,83.06,0.798,-1,-1,-1
341,66,935.91,289.17,42.37,137.61,0.863,-1,-1,-1
341,73,1068.30,275.78,48.20,154.74,0.810,-1,-1,-1
341,77,44.89,251.04,111.58,272.00,0.856,-1,-1,-1
341,90,1226.12,283.55,40.54,122.24,0.655,-1,-1,-1
341,94,860.14,280.80,48.60,151.20,0.810,-1,-1,-1
341,95,574.32,290.17,47.01,80.87,0.661,-1,-1,-1
341,98,7.28,286.38,75.42,234.62,0.715,-1,-1,-1
341,100,-7.83,281.27,35.56,103.34,0.758,-1,-1,-1
341,104,672.71,301.62,25.84,54.99,0.511,-1,-1,-1
342,3,1693.91,232.45,245.46,806.32,0.919,-1,-1,-1
342,19,1159.33,301.52,59.74,144.53,0.877,-1,-1,-1
342,51,719.34,260.32,83.18,224.74,0.905,-1,-1,-1
342,54,340.38,257.78,88.42,145.60,0.871,-1,-1,-1
342,65,539.94,294.04,44.73,84.35,0.762,-1,-1,-1
342,66,933.03,295.18,42.46,137.03,0.839,-1,-1,-1
342,73,1066.34,281.37,47.86,154.50,0.793,-1,-1,-1
342,77,32.17,255.88,112.65,273.96,0.865,-1,-1,-1
342,90,1224.39,289.50,40.45,122.04,0.635,-1,-1,-1
342,94,856.95,286.87,48.29,150.23,0.824,-1,-1,-1
342,95,572.61,294.57,47.24,80.71,0.535,-1,-1,-1
342,98,-5.37,291.33,75.47,238.12,0.698,-1,-1,-1
343,3,1697.44,241.52,243.52,812.42,0.931,-1,-1,-1
343,19,1156.74,306.72,59.91,144.28,0.858,-1,-1,-1
343,51,711.46,264.41,85.13,226.90,0.886,-1,-1,-1
343,54,337.14,262.17,89.03,145.80,0.883,-1,-1,-1
343,65,538.74,299.42,44.05,83.35,0.758,-1,-1,-1
343,66,930.44,301.40,42.27,135.91,0.834,-1,-1,-1
343,73,1067.10,286.33,48.48,154.93,0.753,-1,-1,-1
343,77,17.79,260.13,115.15,276.26,0.849,-1,-1,-1
343,90,1224.54,294.64,40.26,121.69,0.560,-1,-1,-1
343,94,855.04,293.43,47.43,147.40,0.803,-1,-1,-1
343,95,571.22,299.33,48.42,81.96,0.678,-1,-1,-1
344,3,1702.94,248.23,240.41,815.96,0.920,-1,-1,-1
344,19,1157.32,310.31,59.83,143.26,0.864,-1,-1,-1
344,51,703.85,267.14,89.20,233.24,0.909,-1,-1,-1
344,54,336.75,265.54,89.70,146.03,0.882,-1,-1,-1
344,65,540.16,304.21,43.35,82.99,0.773,-1,-1,-1
344,66,930.76,304.93,42.64,135.91,0.858,-1,-1,-1
344,73,1067.06,290.26,48.61,155.63,0.794,-1,-1,-1
344,77,13.94,264.86,116.45,278.44,0.859,-1,-1,-1
344,90,1225.57,299.31,40.07,121.33,0.550,-1,-1,-1
344,94,854.92,296.84,47.39,147.37,0.821,-1,-1,-1
344,95,569.72,302.45,49.21,82.93,0.772,-1,-1,-1
344,98,-18.37,299.61,73.35,239.89,0.794,-1,-1,-1
344,105,618.61,304.45,33.96,64.91,0.586,-1,-1,-1
344,106,653.90,312.20,20.01,57.35,0.512,-1,-1,-1
345,3,1708.37,254.39,236.29,816.29,0.908,-1,-1,-1
345,19,1157.85,312.42,59.92,142.85,0.872,-1,-1,-1
345,51,696.69,268.80,94.18,242.64,0.911,-1,-1,-1
345,54,336.92,267.47,90.74,147.54,0.868,-1,-1,-1
345,65,540.70,307.36,43.03,82.91,0.719,-1,-1,-1
345,66,930.41,307.96,43.21,136.73,0.811,-1,-1,-1
345,73,1067.73,293.13,48.42,154.78,0.751,-1,-1,-1
345,77,6.12,268.19,119.28,282.33,0.901,-1,-1,-1
345,94,855.78,300.14,46.78,144.79,0.790,-1,-1,-1
345,95,568.74,305.73,49.20,82.96,0.731,-1,-1,-1
346,3,1713.27,259.08,231.61,815.23,0.920,-1,-1,-1
346,19,1157.47,314.57,60.19,142.96,0.862,-1,-1,-1
346,51,690.30,270.61,97.51,248.54,0.897,-1,-1,-1
346,54,336.59,270.98,90.68,147.13,0.872,-1,-1,-1
346,65,541.32,310.77,42.52,82.95,0.744,-1,-1,-1
346,66,930.30,310.99,43.41,136.67,0.827,-1,-1,-1
346,73,1067.32,295.81,48.73,155.64,0.720,-1,-1,-1
346,77,0.41,270.89,121.21,285.72,0.894,-1,-1,-1
346,90,1227.34,306.14,39.70,121.10,0.631,-1,-1,-1
346,94,854.97,301.80,47.10,145.93,0.813,-1,-1,-1
346,95,566.85,307.82,49.63,84.01,0.724,-1,-1,-1
346,105,610.47,310.99,34.01,65.09,0.622,-1,-1,-1
347,3,1720.55,261.84,226.48,814.56,0.914,-1,-1,-1
347,19,1158.85,315.53,61.04,144.62,0.878,-1,-1,-1
347,51,681.98,273.16,104.59,265.65,0.907,-1,-1,-1
347,54,338.40,273.01,91.31,147.90,0.871,-1,-1,-1
347,65,543.62,313.08,41.68,82.87,0.743,-1,-1,-1
347,66,930.01,314.82,42.64,134.66,0.797,-1,-1,-1
347,73,1069.07,297.67,49.24,156.86,0.707,-1,-1,-1
347,77,-5.36,273.19,122.09,289.51,0.908,-1,-1,-1
347,90,1231.66,308.61,39.50,120.99,0.807,-1,-1,-1
347,94,855.13,304.42,46.70,144.62,0.824,-1,-1,-1
347,95,567.28,309.63,50.88,85.29,0.765,-1,-1,-1
347,105,608.89,313.23,34.22,65.99,0.669,-1,-1,-1
347,106,655.83,320.68,19.29,55.29,0.638,-1,-1,-1
348,3,1723.94,263.52,221.96,813.64,0.910,-1,-1,-1
348,19,1159.13,317.10,61.33,145.42,0.870,-1,-1,-1
348,51,674.51,275.32,108.85,275.78,0.904,-1,-1,-1
348,54,338.83,275.54,91.51,148.27,0.868,-1,-1,-1
348,65,544.54,315.43,40.62,81.70,0.585,-1,-1,-1
348,66,928.60,317.62,42.21,133.99,0.812,-1,-1,-1
348,73,1069.76,299.59,49.80,157.73,0.772,-1,-1,-1
348,77,-10.82,273.71,121.45,292.37,0.915,-1,-1,-1
348,90,1232.74,310.61,39.35,121.20,0.821,-1,-1,-1
348,94,853.10,304.66,47.30,145.87,0.773,-1,-1,-1
348,95,564.70,310.94,51.62,86.40,0.790,-1,-1,-1
348,105,605.89,316.24,33.80,65.85,0.673,-1,-1,-1
348,106,654.35,321.51,20.32,58.31,0.619,-1,-1,-1
349,3,1727.97,262.69,216.30,807.98,0.921,-1,-1,-1
349,19,1159.58,317.81,61.20,145.37,0.855,-1,-1,-1
349,51,668.22,276.19,110.76,280.54,0.880,-1,-1,-1
349,54,338.35,276.88,91.64,147.89,0.872,-1,-1,-1
349,65,544.65,315.58,39.66,81.05,0.690,-1,-1,-1
349,66,927.13,319.41,41.56,132.35,0.813,-1,-1,-1
349,73,1069.62,300.56,49.90,157.61,0.763,-1,-1,-1
349,77,-16.82,274.03,108.26,263.89,0.567,-1,-1,-1
349,90,1233.58,311.82,39.14,120.90,0.835,-1,-1,-1
349,94,850.78,304.14,48.20,147.87,0.772,-1,-1,-1
349,95,561.86,312.52,51.20,85.46,0.789,-1,-1,-1
349,105,602.73,316.68,33.99,66.94,0.631,-1,-1,-1
349,106,653.07,323.06,20.21,58.04,0.683,-1,-1,-1
350,3,1731.38,262.67,211.62,804.62,0.909,-1,-1,-1
350,19,1160.12,318.50,61.01,145.22,0.868,-1,-1,-1
350,51,662.48,274.34,113.07,287.12,0.870,-1,-1,-1
350,54,338.71,277.59,92.08,147.41,0.875,-1,-1,-1
350,65,546.31,312.88,40.51,83.00,0.503,-1,-1,-1
350,66,926.10,319.84,41.16,131.95,0.791,-1,-1,-1
350,73,1070.36,300.58,50.46,158.16,0.771,-1,-1,-1
350,77,-21.35,274.79,110.71,274.75,0.702,-1,-1,-1
350,90,1234.53,312.31,39.12,120.96,0.825,-1,-1,-1
350,94,849.81,304.85,48.28,147.48,0.602,-1,-1,-1
350,95,560.28,313.65,50.65,84.12,0.759,-1,-1,-1
350,105,599.40,316.18,34.15,67.75,0.598,-1,-1,-1
350,106,652.27,323.22,20.34,58.30,0.575,-1,-1,-1
350,107,36.07,305.93,46.93,152.41,0.647,-1,-1,-1
351,3,1735.66,257.55,206.15,798.21,0.920,-1,-1,-1
351,19,1160.04,318.81,60.57,144.31,0.851,-1,-1,-1
351,51,657.49,275.17,113.50,288.33,0.877,-1,-1,-1
351,54,338.58,276.54,93.31,148.21,0.883,-1,-1,-1
351,65,548.04,310.34,38.80,79.71,0.585,-1,-1,-1
351,66,924.77,318.43,40.74,131.32,0.820,-1,-1,-1
351,73,1069.90,299.77,50.76,158.48,0.771,-1,-1,-1
351,77,-26.22,276.72,109.18,278.43,0.743,-1,-1,-1
351,90,1235.50,311.64,39.02,120.65,0.852,-1,-1,-1
351,94,848.64,303.76,49.16,149.43,0.827,-1,-1,-1
351,95,558.77,313.59,50.50,83.28,0.762,-1,-1,-1
351,106,651.26,322.92,20.08,57.52,0.655,-1,-1,-1
351,107,28.66,304.04,46.99,152.48,0.766,-1,-1,-1
352,3,1738.67,253.88,202.10,796.70,0.923,-1,-1,-1
352,19,1159.24,320.85,59.95,143.21,0.843,-1,-1,-1
352,51,648.85,275.47,115.50,294.21,0.902,-1,-1,-1
352,54,342.11,275.55,94.21,149.77,0.871,-1,-1,-1
352,66,922.52,317.20,40.85,132.18,0.813,-1,-1,-1
352,73,1069.21,300.15,51.28,159.20,0.800,-1,-1,-1
352,90,1236.22,311.85,39.33,121.05,0.867,-1,-1,-1
352,94,845.67,304.74,49.68,150.12,0.825,-1,-1,-1
352,95,556.70,314.43,50.42,83.10,0.571,-1,-1,-1
352,106,649.24,323.03,20.20,57.69,0.659,-1,-1,-1
352,107,19.35,304.27,47.41,153.22,0.779,-1,-1,-1
353,3,1741.82,254.07,197.28,790.68,0.922,-1,-1,-1
353,19,1158.39,322.11,59.70,143.16,0.843,-1,-1,-1
353,51,640.31,275.42,118.08,302.45,0.892,-1,-1,-1
353,54,341.34,275.19,95.89,151.49,0.881,-1,-1,-1
353,66,921.11,316.95,41.18,133.55,0.817,-1,-1,-1
353,73,1067.30,301.53,51.20,158.93,0.792,-1,-1,-1
353,90,1236.32,312.16,39.70,121.51,0.859,-1,-1,-1
353,94,843.59,304.97,50.08,150.44,0.830,-1,-1,-1
353,95,554.64,313.75,51.83,84.87,0.725,-1,-1,-1
353,106,647.29,323.46,20.40,58.11,0.635,-1,-1,-1
353,107,13.17,304.36,47.79,153.70,0.779,-1,-1,-1
354,3,1737.16,256.67,197.44,799.09,0.909,-1,-1,-1
354,19,1158.05,324.36,59.25,142.89,0.854,-1,-1,-1
354,51,635.58,276.79,117.46,302.74,0.845,-1,-1,-1
354,54,343.64,276.27,96.45,152.25,0.873,-1,-1,-1
354,66,919.61,317.73,40.93,133.95,0.831,-1,-1,-1
354,73,1067.42,303.67,51.68,159.06,0.806,-1,-1,-1
354,90,1236.18,313.58,40.23,122.94,0.803,-1,-1,-1
354,94,843.27,308.17,49.22,146.68,0.781,-1,-1,-1
354,95,552.47,314.00,53.43,86.82,0.789,-1,-1,-1
354,107,7.14,305.79,48.44,154.48,0.786,-1,-1,-1
355,3,1731.10,260.90,196.18,795.30,0.906,-1,-1,-1
355,19,1158.34,326.83,58.87,142.71,0.870,-1,-1,-1
355,51,629.75,278.17,117.76,304.27,0.883,-1,-1,-1
355,54,344.13,277.08,97.59,153.55,0.882,-1,-1,-1
355,66,918.33,319.68,40.86,134.62,0.837,-1,-1,-1
355,73,1067.75,305.91,52.14,159.18,0.799,-1,-1,-1
355,90,1236.84,316.70,40.44,122.53,0.813,-1,-1,-1
355,94,842.35,310.38,50.13,148.81,0.816,-1,-1,-1
355,95,550.31,316.47,53.45,86.51,0.776,-1,-1,-1
355,107,4.30,306.93,48.77,154.44,0.750,-1,-1,-1
356,3,1722.39,265.89,197.91,799.19,0.904,-1,-1,-1
356,19,1156.47,329.24,57.91,141.76,0.846,-1,-1,-1
356,51,623.78,277.58,118.46,306.72,0.877,-1,-1,-1
356,54,344.00,278.05,97.94,154.38,0.861,-1,-1,-1
356,66,916.19,321.82,40.70,135.58,0.670,-1,-1,-1
356,73,1066.18,307.74,53.12,160.58,0.800,-1,-1,-1
356,90,1236.94,319.35,40.41,122.60,0.664,-1,-1,-1
356,94,842.66,314.54,48.73,143.37,0.754,-1,-1,-1
356,95,548.78,318.02,53.08,86.38,0.507,-1,-1,-1
356,107,-0.20,308.51,48.89,154.78,0.810,-1,-1,-1
357,3,1719.52,278.35,189.95,753.16,0.928,-1,-1,-1
357,19,1154.98,333.06,57.77,141.91,0.834,-1,-1,-1
357,51,615.17,279.19,119.89,311.38,0.889,-1,-1,-1
357,54,342.71,279.73,99.56,156.00,0.888,-1,-1,-1
357,66,913.14,327.37,40.31,135.01,0.812,-1,-1,-1
357,73,1065.37,312.44,53.54,160.86,0.789,-1,-1,-1
357,90,1238.22,324.10,40.69,123.20,0.617,-1,-1,-1
357,94,838.78,319.13,49.83,144.92,0.837,-1,-1,-1
357,95,544.96,322.96,52.15,85.12,0.652,-1,-1,-1
357,107,-2.84,311.17,48.77,154.75,0.789,-1,-1,-1
358,3,1717.70,284.14,189.06,738.98,0.927,-1,-1,-1
358,19,1153.08,335.60,58.13,143.24,0.834,-1,-1,-1
358,51,607.57,280.18,121.13,315.09,0.896,-1,-1,-1
358,54,340.93,280.35,101.41,157.66,0.897,-1,-1,-1
358,66,911.54,330.58,39.88,134.54,0.799,-1,-1,-1
358,73,1063.79,315.64,53.86,161.96,0.775,-1,-1,-1
358,90,1237.85,327.28,41.18,123.61,0.618,-1,-1,-1
358,94,836.33,320.85,51.33,148.66,0.814,-1,-1,-1
358,95,543.01,325.30,51.79,85.26,0.795,-1,-1,-1
358,107,-4.11,313.06,48.42,154.40,0.845,-1,-1,-1
359,3,1718.86,290.61,189.99,736.23,0.926,-1,-1,-1
359,19,1149.63,338.08,58.39,143.90,0.853,-1,-1,-1
359,51,599.96,281.96,122.05,318.14,0.894,-1,-1,-1
359,54,336.98,281.03,103.86,160.34,0.908,-1,-1,-1
359,66,908.90,333.47,39.79,135.64,0.823,-1,-1,-1
359,73,1062.77,318.67,54.37,162.28,0.794,-1,-1,-1
359,90,1237.54,330.79,41.01,123.20,0.578,-1,-1,-1
359,94,835.01,322.65,51.78,150.21,0.820,-1,-1,-1
359,95,540.29,326.87,52.19,87.13,0.780,-1,-1,-1
359,107,-7.07,313.87,48.57,157.29,0.847,-1,-1,-1
360,3,1720.99,297.06,191.10,737.16,0.917,-1,-1,-1
360,19,1147.28,340.09,59.16,145.55,0.880,-1,-1,-1
360,51,592.72,283.29,123.27,322.38,0.887,-1,-1,-1
360,54,332.80,281.93,105.51,161.47,0.900,-1,-1,-1
360,66,907.50,335.90,38.91,133.90,0.793,-1,-1,-1
360,73,1060.79,320.72,54.78,162.75,0.767,-1,-1,-1
360,90,1237.95,333.69,41.32,123.98,0.641,-1,-1,-1
360,94,832.86,324.65,51.66,149.39,0.806,-1,-1,-1
360,95,537.97,328.23,51.90,87.54,0.724,-1,-1,-1
360,107,-9.45,314.70,47.99,158.62,0.830,-1,-1,-1
360,108,499.04,324.64,44.13,89.49,0.556,-1,-1,-1
361,3,1723.41,298.81,193.24,745.80,0.920,-1,-1,-1
361,19,1145.84,342.53,59.12,144.71,0.878,-1,-1,-1
361,51,586.67,284.31,124.13,325.68,0.884,-1,-1,-1
361,54,329.24,281.82,107.28,162.26,0.908,-1,-1,-1
361,66,906.47,337.70,38.46,133.63,0.813,-1,-1,-1
361,73,1059.73,321.95,55.20,162.78,0.784,-1,-1,-1
361,90,1238.33,335.31,41.47,124.02,0.704,-1,-1,-1
361,94,832.16,325.20,51.29,148.09,0.800,-1,-1,-1
361,95,535.85,328.55,51.88,88.28,0.705,-1,-1,-1
361,107,-10.92,314.59,47.09,159.20,0.808,-1,-1,-1
361,108,498.16,323.46,44.93,90.93,0.690,-1,-1,-1
362,3,1727.02,299.84,195.12,757.69,0.924,-1,-1,-1
362,19,1142.95,344.43,58.92,143.53,0.869,-1,-1,-1
362,51,575.96,285.32,125.62,330.34,0.897,-1,-1,-1
362,54,324.44,281.81,109.83,163.02,0.911,-1,-1,-1
362,66,904.32,338.65,38.37,134.39,0.821,-1,-1,-1
362,73,1058.36,322.33,55.86,163.64,0.778,-1,-1,-1
362,90,1239.30,336.69,41.26,123.16,0.738,-1,-1,-1
362,94,830.25,323.97,52.22,151.88,0.845,-1,-1,-1
362,95,529.40,328.65,51.68,88.82,0.651,-1,-1,-1
362,107,-12.60,322.94,44.29,152.58,0.629,-1,-1,-1
362,108,491.84,322.17,44.71,90.43,0.708,-1,-1,-1
363,3,1727.45,296.29,196.42,766.40,0.917,-1,-1,-1
363,19,1141.01,344.17,58.93,142.89,0.864,-1,-1,-1
363,51,567.69,285.45,125.82,331.49,0.906,-1,-1,-1
363,54,321.13,280.92,112.39,163.58,0.918,-1,-1,-1
363,66,903.24,337.67,38.30,135.32,0.806,-1,-1,-1
363,73,1057.50,321.76,56.46,164.40,0.784,-1,-1,-1
363,90,1240.23,338.02,40.65,121.09,0.760,-1,-1,-1
363,94,829.26,322.48,52.32,153.29,0.856,-1,-1,-1
363,95,525.07,328.12,51.41,88.96,0.587,-1,-1,-1
363,107,-13.08,328.77,41.37,146.16,0.697,-1,-1,-1
363,108,487.62,320.64,44.65,90.30,0.716,-1,-1,-1
363,109,986.58,342.10,20.71,59.69,0.586,-1,-1,-1
364,3,1727.15,291.76,196.77,770.54,0.909,-1,-1,-1
364,19,1139.49,344.07,58.80,141.88,0.890,-1,-1,-1
364,51,559.88,286.34,126.84,334.41,0.890,-1,-1,-1
364,54,317.40,280.95,114.75,163.51,0.910,-1,-1,-1
364,66,902.41,336.99,38.03,135.71,0.780,-1,-1,-1
364,73,1056.65,320.75,57.00,164.62,0.841,-1,-1,-1
364,90,1240.84,339.84,40.10,118.65,0.768,-1,-1,-1
364,94,827.38,322.30,52.09,153.23,0.834,-1,-1,-1
364,95,522.26,328.99,50.38,87.77,0.548,-1,-1,-1
364,108,482.86,319.84,45.37,91.66,0.659,-1,-1,-1
364,110,711.83,336.95,23.45,63.63,0.527,-1,-1,-1
365,3,1726.38,287.38,197.85,778.08,0.919,-1,-1,-1
365,19,1136.84,343.25,59.23,142.09,0.884,-1,-1,-1
365,51,551.71,286.25,127.63,337.03,0.897,-1,-1,-1
365,54,313.47,281.49,117.46,163.10,0.912,-1,-1,-1
365,66,900.71,335.26,38.08,137.40,0.822,-1,-1,-1
365,73,1054.98,320.20,57.18,164.16,0.828,-1,-1,-1
365,90,1239.29,335.32,41.64,122.76,0.807,-1,-1,-1
365,94,825.34,321.91,51.83,153.19,0.844,-1,-1,-1
365,108,476.27,319.86,45.87,92.82,0.659,-1,-1,-1
365,110,708.97,337.24,23.34,63.36,0.640,-1,-1,-1
366,3,1727.89,283.50,198.68,787.31,0.917,-1,-1,-1
366,19,1135.16,342.31,59.37,141.87,0.870,-1,-1,-1
366,51,545.03,284.99,129.00,341.27,0.894,-1,-1,-1
366,54,311.02,281.56,120.49,163.08,0.910,-1,-1,-1
366,66,900.01,333.11,38.04,138.47,0.830,-1,-1,-1
366,73,1054.61,319.26,57.71,164.72,0.831,-1,-1,-1
366,90,1240.47,337.20,41.07,120.33,0.750,-1,-1,-1
366,94,824.00,320.71,51.95,154.26,0.834,-1,-1,-1
366,108,468.37,320.86,45.94,92.43,0.704,-1,-1,-1
366,110,707.85,337.57,23.08,62.66,0.595,-1,-1,-1
367,3,1735.76,281.82,196.31,788.84,0.892,-1,-1,-1
367,19,1134.75,340.88,59.40,141.32,0.877,-1,-1,-1
367,51,535.00,281.44,131.67,349.62,0.898,-1,-1,-1
367,54,309.52,283.23,123.18,162.27,0.899,-1,-1,-1
367,66,900.79,331.84,37.79,138.49,0.805,-1,-1,-1
367,73,1055.14,319.06,58.01,165.19,0.723,-1,-1,-1
367,90,1247.75,344.00,35.80,104.09,0.524,-1,-1,-1
367,94,823.76,320.77,51.52,153.70,0.833,-1,-1,-1
367,95,502.08,328.18,49.94,89.32,0.606,-1,-1,-1
367,108,464.42,321.63,45.61,91.62,0.569,-1,-1,-1
367,110,707.39,337.97,23.16,62.96,0.597,-1,-1,-1
368,3,1743.44,282.12,192.40,786.56,0.908,-1,-1,-1
368,19,1134.81,339.36,59.80,141.72,0.886,-1,-1,-1
368,51,527.15,278.72,133.24,355.15,0.903,-1,-1,-1
368,54,309.92,283.72,126.94,162.73,0.908,-1,-1,-1
368,66,901.44,331.01,37.83,139.31,0.813,-1,-1,-1
368,73,1055.87,318.70,58.02,165.35,0.714,-1,-1,-1
368,90,1248.86,340.52,38.27,111.38,0.569,-1,-1,-1
368,94,823.57,320.61,51.52,154.06,0.836,-1,-1,-1
368,95,496.82,326.94,48.97,90.02,0.665,-1,-1,-1
368,108,460.53,322.77,45.22,90.83,0.714,-1,-1,-1
368,110,707.58,338.61,23.05,62.74,0.675,-1,-1,-1
369,3,1750.44,281.53,188.11,779.01,0.768,-1,-1,-1
369,19,1135.01,338.07,60.00,142.49,0.809,-1,-1,-1
369,51,520.75,276.94,134.18,359.75,0.877,-1,-1,-1
369,54,312.30,285.45,125.36,162.05,0.837,-1,-1,-1
369,73,1056.79,317.58,58.26,166.20,0.782,-1,-1,-1
370,3,1759.98,283.64,180.46,762.19,0.875,-1,-1,-1
370,19,1136.40,336.35,61.11,145.05,0.876,-1,-1,-1
370,51,514.71,273.63,135.89,365.58,0.886,-1,-1,-1
370,54,314.42,284.38,130.49,165.01,0.893,-1,-1,-1
370,66,904.55,334.41,36.57,135.18,0.789,-1,-1,-1
370,73,1057.45,316.75,58.69,168.37,0.785,-1,-1,-1
370,90,1256.11,338.23,39.37,115.82,0.676,-1,-1,-1
370,94,823.62,326.74,49.42,147.74,0.779,-1,-1,-1
370,95,490.02,328.04,47.71,89.44,0.590,-1,-1,-1
370,110,708.28,339.84,23.49,64.17,0.523,-1,-1,-1
371,3,1766.74,305.27,171.46,730.70,0.705,-1,-1,-1
371,19,1142.15,336.51,61.09,144.91,0.866,-1,-1,-1
371,51,513.58,272.81,135.13,364.54,0.908,-1,-1,-1
371,54,320.20,285.09,132.77,164.87,0.912,-1,-1,-1
371,66,908.88,332.68,37.34,138.02,0.820,-1,-1,-1
371,73,1063.41,316.78,58.84,168.97,0.780,-1,-1,-1
371,90,1263.85,336.08,39.62,118.60,0.737,-1,-1,-1
371,94,828.53,328.56,48.96,146.54,0.832,-1,-1,-1
371,95,490.91,328.31,46.88,89.38,0.595,-1,-1,-1
371,106,636.38,340.49,20.21,57.32,0.517,-1,-1,-1
371,108,456.33,324.21,44.65,89.88,0.505,-1,-1,-1
371,110,713.52,339.63,23.72,65.00,0.671,-1,-1,-1
372,3,1782.64,378.13,151.63,655.00,0.865,-1,-1,-1
372,19,1152.02,335.03,60.56,143.87,0.873,-1,-1,-1
372,51,510.70,269.65,137.35,373.10,0.896,-1,-1,-1
372,54,330.54,283.02,134.60,166.14,0.897,-1,-1,-1
372,66,914.02,329.75,38.23,139.10,0.846,-1,-1,-1
372,73,1072.97,314.13,59.37,170.29,0.789,-1,-1,-1
372,90,1274.57,333.44,39.78,120.01,0.650,-1,-1,-1
372,94,833.94,325.41,48.63,145.59,0.743,-1,-1,-1
372,95,493.52,327.62,45.50,88.64,0.751,-1,-1,-1
372,108,458.82,322.92,45.21,91.01,0.648,-1,-1,-1
373,3,1790.96,411.57,142.24,623.73,0.868,-1,-1,-1
373,19,1158.90,334.17,60.12,143.17,0.853,-1,-1,-1
373,51,508.00,266.50,137.60,376.37,0.891,-1,-1,-1
373,54,339.77,281.62,135.99,166.95,0.886,-1,-1,-1
373,66,917.46,327.67,39.01,139.40,0.829,-1,-1,-1
373,73,1079.21,312.38,59.77,171.01,0.705,-1,-1,-1
373,90,1284.68,329.34,40.01,122.38,0.741,-1,-1,-1
373,94,837.98,322.79,48.51,145.17,0.679,-1,-1,-1
374,3,1796.94,426.36,137.82,614.86,0.838,-1,-1,-1
374,19,1165.15,332.18,59.98,142.97,0.863,-1,-1,-1
374,51,506.72,264.20,137.45,378.47,0.901,-1,-1,-1
374,54,348.75,279.02,137.53,168.44,0.914,-1,-1,-1
374,66,921.48,325.09,39.91,139.99,0.851,-1,-1,-1
374,73,1086.65,309.19,60.50,172.42,0.791,-1,-1,-1
374,90,1293.25,324.79,39.45,121.87,0.738,-1,-1,-1
374,94,844.02,317.98,49.14,147.23,0.824,-1,-1,-1
374,111,2.64,318.63,20.01,160.54,0.738,-1,-1,-1
375,3,1798.27,427.88,136.78,618.45,0.765,-1,-1,-1
375,19,1170.13,330.13,59.70,142.64,0.840,-1,-1,-1
375,51,499.81,262.22,139.22,383.94,0.905,-1,-1,-1
375,54,355.09,276.49,138.62,169.80,0.897,-1,-1,-1
375,66,924.00,323.05,40.73,140.35,0.845,-1,-1,-1
375,73,1091.93,306.57,60.66,172.55,0.759,-1,-1,-1
375,90,1300.05,322.49,39.50,122.72,0.715,-1,-1,-1
375,94,846.93,315.58,49.62,148.97,0.666,-1,-1,-1
375,95,493.59,323.37,45.19,89.92,0.585,-1,-1,-1
375,108,464.61,318.31,40.19,80.04,0.618,-1,-1,-1
375,111,3.63,314.52,20.34,162.10,0.787,-1,-1,-1
376,3,1799.09,431.42,135.50,619.21,0.706,-1,-1,-1
376,19,1173.10,327.72,59.18,142.08,0.830,-1,-1,-1
376,51,491.60,259.47,140.72,386.86,0.893,-1,-1,-1
376,54,359.28,273.69,139.73,171.69,0.902,-1,-1,-1
376,66,926.23,319.52,41.76,141.70,0.836,-1,-1,-1
376,73,1095.76,304.23,60.76,172.75,0.753,-1,-1,-1
376,90,1305.86,320.25,39.24,123.09,0.791,-1,-1,-1
376,94,849.67,310.21,50.46,150.59,0.835,-1,-1,-1
376,95,494.51,320.28,44.80,91.01,0.585,-1,-1,-1
376,111,4.27,310.94,20.77,164.15,0.739,-1,-1,-1
376,112,659.52,329.24,21.26,60.36,0.634,-1,-1,-1
376,113,737.18,324.38,25.93,67.06,0.730,-1,-1,-1
377,3,1781.60,259.74,167.44,789.80,0.839,-1,-1,-1
377,19,1179.72,321.39,59.03,142.19,0.815,-1,-1,-1
377,51,477.83,254.93,144.49,394.35,0.903,-1,-1,-1
377,54,365.72,267.50,140.25,172.90,0.888,-1,-1,-1
377,66,930.89,313.27,42.19,141.82,0.847,-1,-1,-1
377,73,1102.63,297.93,61.11,173.03,0.802,-1,-1,-1
377,90,1313.49,314.21,39.27,123.65,0.761,-1,-1,-1
377,94,852.91,303.93,50.99,150.94,0.844,-1,-1,-1
377,111,5.00,304.78,21.22,165.47,0.783,-1,-1,-1
377,112,664.16,323.68,21.43,60.90,0.670,-1,-1,-1
377,113,740.39,318.48,26.05,67.49,0.680,-1,-1,-1
377,114,690.80,319.33,31.01,66.14,0.602,-1,-1,-1
378,3,1777.70,204.47,173.73,842.51,0.829,-1,-1,-1
378,19,1184.35,316.86,58.54,141.54,0.853,-1,-1,-1
378,51,470.60,252.64,147.97,402.16,0.901,-1,-1,-1
378,54,369.83,264.60,140.61,173.96,0.875,-1,-1,-1
378,66,933.98,309.97,42.47,141.61,0.838,-1,-1,-1
378,73,1107.13,294.50,61.21,172.76,0.791,-1,-1,-1
378,90,1319.14,310.05,39.49,124.61,0.804,-1,-1,-1
378,94,856.17,300.46,51.45,151.93,0.833,-1,-1,-1
378,111,4.90,301.56,21.70,167.33,0.744,-1,-1,-1
378,112,667.36,320.20,21.45,60.96,0.690,-1,-1,-1
378,113,742.70,315.40,26.12,67.65,0.655,-1,-1,-1
378,114,693.55,316.35,30.78,65.75,0.563,-1,-1,-1
379,3,1778.20,184.02,175.80,865.40,0.541,-1,-1,-1
379,19,1187.36,314.68,58.17,141.16,0.849,-1,-1,-1
379,51,467.70,250.98,150.46,408.43,0.894,-1,-1,-1
379,54,373.12,263.37,140.50,174.42,0.747,-1,-1,-1
379,66,936.47,307.78,42.86,142.09,0.816,-1,-1,-1
379,73,1110.01,292.41,61.33,172.97,0.772,-1,-1,-1
379,90,1324.01,308.55,39.28,124.61,0.790,-1,-1,-1
379,94,857.16,299.00,51.96,152.50,0.849,-1,-1,-1
379,111,4.08,299.92,21.88,167.34,0.731,-1,-1,-1
379,112,669.41,318.47,21.59,61.33,0.707,-1,-1,-1
379,113,743.53,313.98,26.27,67.95,0.693,-1,-1,-1
379,114,694.82,315.22,30.51,65.23,0.641,-1,-1,-1
380,3,1789.94,180.15,161.58,809.48,0.630,-1,-1,-1
380,19,1190.00,312.53,58.31,141.67,0.862,-1,-1,-1
380,51,465.68,249.10,152.36,414.67,0.879,-1,-1,-1
380,54,374.75,262.26,140.07,174.97,0.687,-1,-1,-1
380,66,939.31,306.75,43.08,142.11,0.811,-1,-1,-1
380,73,1111.85,290.14,61.41,174.15,0.800,-1,-1,-1
380,90,1328.16,306.67,39.42,125.18,0.735,-1,-1,-1
380,94,859.52,297.52,51.47,151.16,0.809,-1,-1,-1
380,111,3.54,298.94,22.08,167.28,0.755,-1,-1,-1
380,112,671.25,318.12,21.34,60.40,0.720,-1,-1,-1
380,113,743.90,311.51,26.83,69.26,0.631,-1,-1,-1
380,114,696.47,314.08,30.48,65.26,0.671,-1,-1,-1
380,115,595.13,308.06,30.89,74.76,0.777,-1,-1,-1
380,116,646.64,313.54,13.74,35.49,0.627,-1,-1,-1
381,3,1802.61,198.44,148.46,758.72,0.605,-1,-1,-1
381,19,1192.28,311.35,58.58,142.59,0.866,-1,-1,-1
381,51,463.10,247.77,153.72,420.10,0.874,-1,-1,-1
381,54,373.75,262.64,139.91,176.88,0.814,-1,-1,-1
381,65,568.23,306.94,45.43,96.09,0.592,-1,-1,-1
381,66,941.28,307.22,43.18,141.33,0.814,-1,-1,-1
381,73,1116.63,289.64,61.66,174.45,0.770,-1,-1,-1
381,90,1332.85,306.62,39.35,124.50,0.813,-1,-1,-1
381,94,861.95,297.32,51.06,150.26,0.817,-1,-1,-1
381,111,3.34,299.37,22.07,165.58,0.716,-1,-1,-1
381,112,673.10,318.24,21.34,60.15,0.657,-1,-1,-1
381,113,746.12,312.59,26.34,67.89,0.703,-1,-1,-1
381,114,698.85,315.18,29.80,63.87,0.534,-1,-1,-1
381,115,597.93,308.32,31.07,74.89,0.756,-1,-1,-1
381,116,649.53,313.95,13.60,35.15,0.544,-1,-1,-1
382,19,1193.74,311.65,59.11,143.62,0.883,-1,-1,-1
382,51,454.41,244.18,155.34,428.52,0.877,-1,-1,-1
382,54,375.76,263.47,136.90,176.67,0.859,-1,-1,-1
382,65,568.63,306.99,44.28,96.26,0.758,-1,-1,-1
382,66,942.72,308.07,43.07,140.05,0.812,-1,-1,-1
382,73,1120.72,290.48,62.03,174.59,0.813,-1,-1,-1
382,90,1338.26,306.73,39.69,125.10,0.703,-1,-1,-1
382,94,864.60,299.30,50.36,147.96,0.824,-1,-1,-1
382,111,3.56,300.15,22.48,166.51,0.724,-1,-1,-1
382,112,675.24,319.23,21.60,60.68,0.696,-1,-1,-1
382,113,747.91,314.09,26.21,67.36,0.716,-1,-1,-1
382,114,699.69,313.60,30.91,66.50,0.610,-1,-1,-1
382,115,601.32,309.89,31.17,74.84,0.743,-1,-1,-1
382,116,653.47,315.83,13.32,34.39,0.547,-1,-1,-1
382,117,1047.44,319.34,18.19,55.85,0.542,-1,-1,-1
383,19,1194.17,313.50,59.62,144.85,0.872,-1,-1,-1
383,51,443.68,243.95,156.72,435.44,0.873,-1,-1,-1
383,54,376.11,265.07,134.11,177.41,0.828,-1,-1,-1
383,65,568.32,309.10,43.84,95.10,0.689,-1,-1,-1
383,66,944.68,310.68,43.16,138.79,0.805,-1,-1,-1
383,73,1123.42,291.92,62.71,176.34,0.819,-1,-1,-1
383,90,1342.44,308.45,39.79,125.21,0.768,-1,-1,-1
383,94,866.08,301.82,50.78,149.16,0.812,-1,-1,-1
383,111,3.74,302.04,23.06,168.34,0.755,-1,-1,-1
383,112,676.96,320.62,21.93,61.44,0.682,-1,-1,-1
383,113,750.05,316.23,25.72,66.05,0.661,-1,-1,-1
383,115,603.74,311.91,31.00,74.10,0.672,-1,-1,-1
383,116,655.84,317.53,13.86,35.76,0.511,-1,-1,-1
383,118,1831.96,679.03,75.21,375.98,0.509,-1,-1,-1
384,19,1195.70,315.94,59.28,144.15,0.860,-1,-1,-1
384,51,430.71,242.60,157.79,441.73,0.808,-1,-1,-1
384,54,374.98,265.90,130.49,177.16,0.741,-1,-1,-1
384,65,565.09,310.76,44.41,95.22,0.521,-1,-1,-1
384,66,944.20,311.95,43.60,139.28,0.733,-1,-1,-1
384,73,1125.71,293.54,63.10,176.89,0.804,-1,-1,-1
384,90,1345.42,310.81,39.88,125.22,0.634,-1,-1,-1
384,94,867.81,304.07,49.73,146.33,0.818,-1,-1,-1
384,112,677.60,321.79,22.03,61.31,0.517,-1,-1,-1
384,115,605.05,315.18,30.39,72.31,0.541,-1,-1,-1
384,118,1830.90,760.54,59.96,294.04,0.703,-1,-1,-1
385,19,1197.01,317.87,59.28,143.86,0.875,-1,-1,-1
385,51,414.44,241.21,158.16,446.30,0.892,-1,-1,-1
385,54,376.10,266.73,126.36,176.36,0.730,-1,-1,-1
385,65,564.25,312.07,45.40,95.65,0.709,-1,-1,-1
385,66,945.83,313.42,43.65,138.52,0.768,-1,-1,-1
385,73,1128.76,294.41,63.75,178.62,0.786,-1,-1,-1
385,94,869.29,305.15,50.32,147.55,0.827,-1,-1,-1
385,111,3.72,304.76,23.03,165.94,0.684,-1,-1,-1
385,112,680.54,323.63,21.76,60.06,0.633,-1,-1,-1
385,113,753.70,319.88,25.54,65.23,0.614,-1,-1,-1
385,114,703.03,315.74,31.28,67.62,0.500,-1,-1,-1
385,115,608.24,316.40,30.38,71.97,0.751,-1,-1,-1
385,118,1833.10,819.34,47.80,225.55,0.752,-1,-1,-1
386,19,1196.55,319.24,59.18,143.59,0.873,-1,-1,-1
386,51,401.65,239.28,158.82,452.41,0.877,-1,-1,-1
386,54,380.47,267.25,110.94,158.32,0.658,-1,-1,-1
386,65,563.81,312.91,46.87,95.52,0.749,-1,-1,-1
386,66,946.05,315.39,43.45,137.45,0.763,-1,-1,-1
386,73,1129.73,294.60,64.17,179.65,0.784,-1,-1,-1
386,90,1352.65,312.57,40.29,126.78,0.673,-1,-1,-1
386,94,869.69,305.46,50.91,149.54,0.808,-1,-1,-1
386,111,3.76,306.25,23.47,166.55,0.709,-1,-1,-1
386,112,680.66,322.09,22.63,62.31,0.669,-1,-1,-1
386,113,753.30,319.91,25.64,65.44,0.598,-1,-1,-1
386,115,608.95,317.14,30.04,70.63,0.723,-1,-1,-1
387,19,1196.29,322.78,58.69,142.03,0.864,-1,-1,-1
387,51,376.47,238.97,163.38,464.51,0.911,-1,-1,-1
387,65,562.41,315.00,47.39,95.20,0.692,-1,-1,-1
387,66,945.68,317.44,43.47,136.95,0.757,-1,-1,-1
387,73,1131.12,297.79,64.34,180.45,0.800,-1,-1,-1
387,94,869.44,306.77,50.93,149.24,0.805,-1,-1,-1
387,111,2.03,307.75,23.61,167.64,0.637,-1,-1,-1
387,112,680.78,323.12,22.77,62.42,0.698,-1,-1,-1
387,113,752.53,322.29,25.75,65.60,0.634,-1,-1,-1
387,115,608.91,318.32,30.50,71.07,0.773,-1,-1,-1
388,19,1194.55,324.28,58.46,141.25,0.877,-1,-1,-1
388,51,355.77,238.19,168.74,477.41,0.913,-1,-1,-1
388,65,561.02,314.31,48.80,97.03,0.608,-1,-1,-1
388,66,944.35,317.75,44.02,138.76,0.769,-1,-1,-1
388,73,1129.82,299.20,64.02,180.78,0.795,-1,-1,-1
388,94,868.12,305.67,51.65,151.07,0.813,-1,-1,-1
388,112,680.28,323.17,22.95,62.72,0.706,-1,-1,-1
388,114,698.96,310.96,34.93,76.59,0.596,-1,-1,-1
388,115,608.14,318.27,31.46,72.58,0.770,-1,-1,-1
388,116,661.25,320.85,13.66,35.22,0.527,-1,-1,-1
388,119,1785.68,728.56,162.01,343.78,0.792,-1,-1,-1
389,19,1193.42,324.80,58.02,140.25,0.865,-1,-1,-1
389,51,334.82,238.56,173.51,485.10,0.920,-1,-1,-1
389,65,561.88,314.04,48.63,98.06,0.662,-1,-1,-1
389,66,943.00,318.18,44.36,139.68,0.765,-1,-1,-1
389,73,1130.05,300.28,63.92,180.59,0.742,-1,-1,-1
389,94,866.61,305.68,51.87,151.33,0.816,-1,-1,-1
389,112,679.05,323.96,22.89,62.46,0.711,-1,-1,-1
389,115,606.73,317.85,32.26,73.72,0.778,-1,-1,-1
389,117,1053.09,328.30,20.54,62.06,0.673,-1,-1,-1
389,119,1782.01,687.84,180.62,385.79,0.595,-1,-1,-1
390,19,1192.54,323.30,57.77,140.21,0.863,-1,-1,-1
390,51,317.19,237.97,177.83,489.52,0.917,-1,-1,-1
390,65,561.89,312.74,47.90,98.36,0.706,-1,-1,-1
390,66,940.71,316.96,44.38,140.41,0.792,-1,-1,-1
390,73,1129.77,299.63,64.05,180.92,0.814,-1,-1,-1
390,94,864.22,304.18,52.25,152.34,0.815,-1,-1,-1
390,109,970.60,318.97,22.59,65.31,0.586,-1,-1,-1
390,112,677.68,322.28,23.23,63.31,0.730,-1,-1,-1
390,113,748.19,321.74,25.21,64.33,0.606,-1,-1,-1
390,114,697.14,312.88,33.42,74.24,0.611,-1,-1,-1
390,115,605.17,315.73,32.97,74.42,0.817,-1,-1,-1
390,117,1052.81,327.48,21.16,63.13,0.600,-1,-1,-1
390,119,1785.05,678.42,184.33,398.30,0.743,-1,-1,-1
390,120,728.88,324.82,18.74,45.57,0.549,-1,-1,-1
391,19,1191.90,321.47,57.82,141.24,0.861,-1,-1,-1
391,51,299.50,235.62,182.32,493.14,0.920,-1,-1,-1
391,65,561.71,311.37,47.13,98.61,0.718,-1,-1,-1
391,66,938.62,315.89,44.19,140.52,0.787,-1,-1,-1
391,73,1129.87,298.32,64.08,180.64,0.815,-1,-1,-1
391,94,862.98,302.80,52.29,152.68,0.793,-1,-1,-1
391,109,970.46,318.62,22.15,64.17,0.527,-1,-1,-1
391,112,676.45,320.96,23.19,63.17,0.725,-1,-1,-1
391,113,744.74,321.19,24.94,64.21,0.519,-1,-1,-1
391,114,696.76,317.07,31.00,69.54,0.589,-1,-1,-1
391,115,603.92,313.42,33.69,75.05,0.829,-1,-1,-1
391,117,1052.43,325.38,21.77,64.08,0.682,-1,-1,-1
391,120,727.32,324.27,18.21,44.27,0.578,-1,-1,-1
392,19,1190.93,318.94,58.14,143.18,0.852,-1,-1,-1
392,51,272.34,234.72,190.69,507.98,0.918,-1,-1,-1
392,54,341.37,261.81,198.39,295.63,0.716,-1,-1,-1
392,65,560.59,310.24,46.97,99.23,0.555,-1,-1,-1
392,66,937.72,314.83,44.06,141.04,0.781,-1,-1,-1
392,73,1129.86,297.66,64.15,180.26,0.822,-1,-1,-1
392,94,861.23,302.05,52.28,152.80,0.821,-1,-1,-1
392,112,674.84,319.48,23.38,63.75,0.690,-1,-1,-1
392,114,695.40,315.18,31.30,70.95,0.562,-1,-1,-1
392,115,602.51,311.18,34.50,76.02,0.812,-1,-1,-1
392,117,1051.43,324.17,22.11,64.25,0.667,-1,-1,-1
393,19,1190.49,317.08,57.95,143.50,0.847,-1,-1,-1
393,51,252.14,231.16,197.68,518.50,0.923,-1,-1,-1
393,54,338.34,259.60,198.38,312.28,0.854,-1,-1,-1
393,65,559.23,308.37,47.03,100.07,0.589,-1,-1,-1
393,66,936.92,313.31,44.11,141.63,0.787,-1,-1,-1
393,73,1129.32,296.70,64.30,180.85,0.800,-1,-1,-1
393,94,859.79,300.54,52.66,154.31,0.824,-1,-1,-1
393,109,969.83,316.74,22.28,64.61,0.515,-1,-1,-1
393,112,674.42,318.96,23.08,62.85,0.704,-1,-1,-1
393,114,695.00,314.79,30.56,69.87,0.591,-1,-1,-1
393,115,601.76,309.56,34.82,75.89,0.813,-1,-1,-1
393,117,1050.59,323.12,21.99,63.54,0.589,-1,-1,-1
394,19,1189.85,316.03,58.01,144.14,0.828,-1,-1,-1
394,51,234.73,227.91,202.85,526.72,0.916,-1,-1,-1
394,54,336.35,258.31,194.53,321.79,0.853,-1,-1,-1
394,65,557.49,306.63,47.18,101.00,0.618,-1,-1,-1
394,66,936.05,312.54,44.03,141.55,0.799,-1,-1,-1
394,73,1129.39,296.24,64.46,181.21,0.794,-1,-1,-1
394,94,858.47,300.14,52.56,154.69,0.833,-1,-1,-1
394,112,674.20,318.79,23.02,62.57,0.696,-1,-1,-1
394,113,737.79,317.92,25.03,65.07,0.553,-1,-1,-1
394,114,694.84,317.81,28.70,65.99,0.550,-1,-1,-1
394,115,601.25,308.80,35.15,75.87,0.824,-1,-1,-1
394,117,1050.14,321.77,22.28,63.74,0.713,-1,-1,-1
395,19,1189.37,316.44,57.76,143.51,0.829,-1,-1,-1
395,51,217.98,224.55,207.23,535.25,0.913,-1,-1,-1
395,54,335.95,258.03,188.95,328.28,0.873,-1,-1,-1
395,65,556.97,306.42,47.18,101.60,0.723,-1,-1,-1
395,66,935.22,312.61,44.03,141.03,0.783,-1,-1,-1
395,73,1130.51,296.91,64.67,180.40,0.829,-1,-1,-1
395,94,857.85,301.01,52.04,153.31,0.832,-1,-1,-1
395,112,674.26,319.94,22.72,61.71,0.667,-1,-1,-1
395,113,735.95,319.66,24.39,63.85,0.544,-1,-1,-1
395,114,694.00,315.94,29.44,68.12,0.560,-1,-1,-1
395,115,601.58,309.40,35.11,75.08,0.808,-1,-1,-1
395,117,1050.61,321.77,22.44,63.50,0.677,-1,-1,-1
395,121,1841.06,542.89,67.59,193.97,0.757,-1,-1,-1
396,19,1189.33,316.70,57.27,142.27,0.838,-1,-1,-1
396,51,203.28,218.17,210.88,544.68,0.907,-1,-1,-1
396,54,335.33,256.98,182.09,329.98,0.861,-1,-1,-1
396,65,556.46,305.51,46.97,101.47,0.663,-1,-1,-1
396,66,935.05,312.20,43.86,140.08,0.761,-1,-1,-1
396,73,1130.50,296.23,64.93,180.43,0.775,-1,-1,-1
396,94,857.39,300.76,51.74,152.76,0.814,-1,-1,-1
396,112,674.88,320.12,22.50,60.80,0.651,-1,-1,-1
396,113,733.45,315.99,25.67,67.58,0.566,-1,-1,-1
396,115,601.90,309.11,35.02,74.04,0.803,-1,-1,-1
396,121,1836.70,528.61,66.46,188.75,0.778,-1,-1,-1
397,19,1190.86,317.70,56.99,141.89,0.838,-1,-1,-1
397,51,175.89,211.64,210.29,556.18,0.888,-1,-1,-1
397,54,334.09,256.05,174.56,328.01,0.829,-1,-1,-1
397,65,554.24,307.56,47.35,98.55,0.781,-1,-1,-1
397,66,935.42,311.07,44.86,140.99,0.682,-1,-1,-1
397,73,1136.30,295.63,63.71,178.16,0.795,-1,-1,-1
397,94,856.89,300.98,53.22,156.90,0.788,-1,-1,-1
397,115,603.77,309.57,34.82,72.48,0.775,-1,-1,-1
397,121,1839.06,520.85,59.92,168.23,0.587,-1,-1,-1
398,19,1193.93,318.86,56.87,141.91,0.771,-1,-1,-1
398,51,160.45,207.17,208.62,565.21,0.899,-1,-1,-1
398,54,334.61,254.07,170.91,332.74,0.860,-1,-1,-1
398,65,556.90,307.14,47.90,99.64,0.677,-1,-1,-1
398,66,938.31,310.51,45.77,142.02,0.758,-1,-1,-1
398,73,1139.01,296.13,63.98,179.63,0.806,-1,-1,-1
398,94,858.16,301.47,52.73,155.95,0.824,-1,-1,-1
398,112,679.72,320.85,22.32,60.52,0.709,-1,-1,-1
398,113,733.78,316.77,25.69,67.07,0.601,-1,-1,-1
398,115,607.22,310.82,35.05,72.26,0.826,-1,-1,-1
398,121,1845.57,525.68,50.93,139.48,0.749,-1,-1,-1
399,19,1198.94,318.85,56.64,141.86,0.844,-1,-1,-1
399,51,147.54,202.54,206.96,574.35,0.894,-1,-1,-1
399,54,334.94,253.46,165.68,334.58,0.862,-1,-1,-1
399,65,554.08,306.16,48.45,100.07,0.753,-1,-1,-1
399,66,942.41,309.23,47.00,143.07,0.800,-1,-1,-1
399,73,1142.10,294.77,64.03,181.57,0.826,-1,-1,-1
399,94,860.16,300.57,52.85,156.76,0.771,-1,-1,-1
399,115,610.29,310.74,35.32,71.46,0.786,-1,-1,-1
400,19,1201.06,317.50,56.47,142.20,0.831,-1,-1,-1
400,51,133.76,199.31,204.99,580.64,0.886,-1,-1,-1
400,54,336.25,252.46,161.48,336.30,0.873,-1,-1,-1
400,65,557.78,305.21,48.74,100.93,0.629,-1,-1,-1
400,66,945.18,308.84,47.57,142.83,0.791,-1,-1,-1
400,73,1146.26,294.60,64.31,183.33,0.822,-1,-1,-1
400,94,860.16,299.00,53.12,158.17,0.803,-1,-1,-1
400,113,735.54,314.86,26.55,68.34,0.664,-1,-1,-1
400,115,613.22,310.76,35.16,70.36,0.815,-1,-1,-1
400,121,1855.64,537.45,39.59,103.98,0.731,-1,-1,-1
401,19,1204.58,315.90,55.61,140.91,0.837,-1,-1,-1
401,51,119.91,196.47,204.07,586.74,0.893,-1,-1,-1
401,54,336.85,251.39,157.36,336.84,0.857,-1,-1,-1
401,65,555.71,303.07,50.07,101.92,0.732,-1,-1,-1
401,66,946.37,307.38,48.26,143.16,0.718,-1,-1,-1
401,73,1149.78,292.90,64.64,185.49,0.809,-1,-1,-1
401,94,861.52,297.73,52.42,156.19,0.786,-1,-1,-1
401,115,616.18,309.49,35.42,70.33,0.769,-1,-1,-1
402,19,1208.63,311.50,55.28,141.39,0.843,-1,-1,-1
402,51,76.81,192.57,211.07,597.57,0.895,-1,-1,-1
402,54,336.33,248.02,154.72,339.33,0.892,-1,-1,-1
402,65,559.50,298.96,50.63,103.60,0.702,-1,-1,-1
402,66,948.68,304.79,48.49,143.00,0.838,-1,-1,-1
402,73,1155.37,289.56,64.50,186.34,0.810,-1,-1,-1
402,94,862.36,292.56,52.97,157.65,0.838,-1,-1,-1
402,113,738.98,308.04,27.09,69.73,0.700,-1,-1,-1
402,114,689.65,310.18,26.37,62.34,0.546,-1,-1,-1
402,115,619.56,304.85,36.46,72.26,0.811,-1,-1,-1
402,119,1776.19,566.72,217.59,484.13,0.531,-1,-1,-1
402,122,906.48,323.47,31.50,73.85,0.619,-1,-1,-1
403,19,1210.98,307.90,55.00,141.97,0.834,-1,-1,-1
403,51,47.06,190.81,217.39,602.79,0.892,-1,-1,-1
403,54,335.11,244.59,152.66,341.01,0.873,-1,-1,-1
403,65,561.08,295.95,50.82,104.33,0.595,-1,-1,-1
403,66,949.47,303.02,48.64,141.80,0.827,-1,-1,-1
403,73,1158.69,286.73,63.59,184.94,0.823,-1,-1,-1
403,94,862.60,289.03,52.92,157.19,0.834,-1,-1,-1
403,113,740.19,305.43,26.83,68.99,0.671,-1,-1,-1
403,114,689.35,308.56,25.39,61.28,0.525,-1,-1,-1
403,115,621.64,301.25,37.03,72.98,0.809,-1,-1,-1
403,120,717.83,311.48,24.14,59.16,0.561,-1,-1,-1
403,122,907.77,318.22,32.29,75.68,0.532,-1,-1,-1
404,19,1212.03,304.39,54.99,143.19,0.827,-1,-1,-1
404,51,25.25,186.52,226.48,615.10,0.928,-1,-1,-1
404,54,333.59,241.08,150.10,341.12,0.864,-1,-1,-1
404,66,949.57,299.32,49.21,142.73,0.813,-1,-1,-1
404,73,1161.44,283.53,63.11,184.91,0.850,-1,-1,-1
404,94,863.19,285.28,53.11,157.08,0.847,-1,-1,-1
404,113,740.91,302.34,26.43,68.34,0.636,-1,-1,-1
404,115,623.12,296.68,37.52,73.52,0.827,-1,-1,-1
404,120,718.20,308.40,24.52,60.65,0.568,-1,-1,-1
404,122,908.99,314.24,32.49,76.10,0.575,-1,-1,-1
404,123,984.66,297.47,24.53,70.11,0.623,-1,-1,-1
405,19,1212.74,302.09,54.51,142.90,0.842,-1,-1,-1
405,51,12.82,183.34,234.73,627.99,0.931,-1,-1,-1
405,54,330.71,238.40,148.88,343.65,0.871,-1,-1,-1
405,66,948.62,296.51,49.50,143.40,0.798,-1,-1,-1
405,73,1162.75,280.70,62.50,184.33,0.845,-1,-1,-1
405,94,862.97,282.64,53.47,157.52,0.840,-1,-1,-1
405,113,741.28,300.23,26.05,67.51,0.568,-1,-1,-1
405,114,694.27,301.28,27.38,66.07,0.530,-1,-1,-1
405,115,623.24,293.03,38.26,74.65,0.830,-1,-1,-1
405,122,909.20,310.00,33.45,78.30,0.645,-1,-1,-1
405,123,985.53,294.94,24.52,69.99,0.699,-1,-1,-1
406,19,1212.47,300.08,54.22,142.96,0.850,-1,-1,-1
406,51,4.66,182.42,240.68,637.64,0.937,-1,-1,-1
406,54,326.90,237.18,147.47,344.20,0.863,-1,-1,-1
406,66,947.37,294.25,49.82,144.35,0.795,-1,-1,-1
406,73,1163.17,279.27,62.31,185.22,0.831,-1,-1,-1
406,94,862.25,280.92,53.63,157.42,0.839,-1,-1,-1
406,113,740.22,298.24,25.77,67.32,0.526,-1,-1,-1
406,114,695.22,297.84,28.18,68.17,0.605,-1,-1,-1
406,115,622.91,290.52,39.10,75.97,0.826,-1,-1,-1
406,120,718.00,305.43,24.49,60.95,0.570,-1,-1,-1
406,122,909.50,309.01,33.09,77.29,0.644,-1,-1,-1
406,123,985.39,293.78,24.55,69.96,0.690,-1,-1,-1
407,19,1212.78,299.77,53.96,142.37,0.827,-1,-1,-1
407,51,-4.74,177.93,241.48,639.68,0.942,-1,-1,-1
407,54,324.05,234.37,146.50,344.97,0.894,-1,-1,-1
407,65,554.08,287.75,51.85,106.03,0.546,-1,-1,-1
407,66,947.00,291.72,50.15,145.34,0.753,-1,-1,-1
407,73,1166.50,276.94,61.20,182.69,0.825,-1,-1,-1
407,94,863.22,279.95,53.28,155.87,0.842,-1,-1,-1
407,113,740.62,297.15,25.34,66.51,0.537,-1,-1,-1
407,114,696.43,295.80,28.49,69.21,0.542,-1,-1,-1
407,115,624.57,288.41,39.10,75.36,0.836,-1,-1,-1
407,120,719.12,303.43,24.31,60.60,0.564,-1,-1,-1
407,122,911.00,308.57,32.69,76.20,0.565,-1,-1,-1
407,123,987.18,291.14,25.29,72.21,0.667,-1,-1,-1
408,19,1213.55,300.23,53.68,141.72,0.829,-1,-1,-1
408,51,-13.32,174.50,240.27,640.96,0.933,-1,-1,-1
408,54,321.11,233.77,146.45,346.75,0.892,-1,-1,-1
408,65,551.21,286.52,52.56,107.45,0.581,-1,-1,-1
408,66,946.32,290.88,50.41,146.20,0.798,-1,-1,-1
408,73,1168.69,276.31,60.89,182.46,0.813,-1,-1,-1
408,94,863.39,280.04,53.38,155.74,0.855,-1,-1,-1
408,113,740.06,296.86,25.69,67.73,0.678,-1,-1,-1
408,114,697.28,295.16,28.78,70.30,0.701,-1,-1,-1
408,115,624.98,288.39,39.85,76.48,0.842,-1,-1,-1
408,120,719.88,304.82,23.46,58.66,0.571,-1,-1,-1
408,122,911.77,308.50,32.56,75.72,0.568,-1,-1,-1
408,123,989.08,292.89,24.74,70.67,0.616,-1,-1,-1
409,19,1214.00,301.11,53.52,141.80,0.812,-1,-1,-1
409,51,-23.64,179.69,230.58,622.77,0.834,-1,-1,-1
409,54,318.14,234.23,147.00,347.88,0.882,-1,-1,-1
409,65,550.52,286.33,52.83,108.13,0.567,-1,-1,-1
409,66,945.97,291.60,50.20,145.72,0.799,-1,-1,-1
409,73,1169.05,276.92,61.40,185.58,0.814,-1,-1,-1
409,94,863.65,281.10,53.59,156.15,0.851,-1,-1,-1
409,113,738.96,296.91,26.02,69.11,0.716,-1,-1,-1
409,114,697.30,295.00,28.86,71.21,0.715,-1,-1,-1
409,115,625.91,289.17,40.16,76.60,0.827,-1,-1,-1
409,120,720.20,307.32,22.80,57.12,0.638,-1,-1,-1
409,122,912.39,309.24,32.87,76.32,0.610,-1,-1,-1
409,123,989.34,293.77,24.89,71.16,0.643,-1,-1,-1
410,19,1214.94,302.25,53.11,141.79,0.808,-1,-1,-1
410,54,316.37,232.82,148.11,349.09,0.889,-1,-1,-1
410,65,548.53,286.31,53.39,109.00,0.604,-1,-1,-1
410,66,946.52,292.80,49.70,144.27,0.809,-1,-1,-1
410,73,1171.14,277.81,60.63,184.97,0.783,-1,-1,-1
410,94,864.64,282.43,53.57,156.22,0.842,-1,-1,-1
410,111,-6.56,283.80,47.10,345.32,0.614,-1,-1,-1
410,113,738.40,297.37,26.43,69.58,0.669,-1,-1,-1
410,114,698.64,295.26,28.82,71.21,0.717,-1,-1,-1
410,115,626.85,290.61,40.08,76.08,0.822,-1,-1,-1
410,122,913.24,310.66,32.80,75.85,0.647,-1,-1,-1
410,123,989.99,294.63,25.06,71.70,0.641,-1,-1,-1
410,124,1081.34,304.50,24.37,63.01,0.573,-1,-1,-1
410,125,451.22,289.43,18.94,58.67,0.543,-1,-1,-1
410,126,1023.25,311.44,18.27,40.90,0.536,-1,-1,-1
411,19,1215.28,304.57,52.53,141.48,0.769,-1,-1,-1
411,54,314.24,231.65,150.85,354.72,0.890,-1,-1,-1
411,65,549.55,287.29,53.50,109.41,0.543,-1,-1,-1
411,66,946.56,293.97,49.47,143.87,0.770,-1,-1,-1
411,73,1173.48,279.09,60.66,186.33,0.779,-1,-1,-1
411,94,866.27,284.52,53.84,156.97,0.814,-1,-1,-1
411,114,699.17,296.47,28.91,70.88,0.588,-1,-1,-1
411,115,627.37,292.66,40.31,76.08,0.791,-1,-1,-1
411,123,990.34,296.13,24.83,71.01,0.555,-1,-1,-1
412,19,1215.22,307.95,51.94,140.88,0.797,-1,-1,-1
412,54,313.17,238.09,151.80,353.92,0.906,-1,-1,-1
412,66,947.11,297.96,49.19,143.48,0.804,-1,-1,-1
412,73,1175.47,283.62,59.21,183.98,0.793,-1,-1,-1
412,94,867.63,289.77,53.36,155.11,0.831,-1,-1,-1
412,114,699.39,300.35,28.86,71.33,0.636,-1,-1,-1
412,115,629.31,298.41,39.71,74.81,0.814,-1,-1,-1
412,123,992.51,304.20,24.13,68.65,0.709,-1,-1,-1
412,124,1084.26,313.55,24.67,63.90,0.537,-1,-1,-1
412,126,1026.53,318.31,18.21,40.73,0.523,-1,-1,-1
413,19,1216.63,309.61,51.55,140.80,0.756,-1,-1,-1
413,54,311.81,238.68,154.27,357.13,0.903,-1,-1,-1
413,65,549.52,292.16,53.38,110.84,0.597,-1,-1,-1
413,66,947.51,299.63,49.32,144.52,0.810,-1,-1,-1
413,73,1177.09,285.87,59.60,187.90,0.813,-1,-1,-1
413,94,868.34,292.27,53.90,156.34,0.842,-1,-1,-1
413,114,699.39,301.37,29.27,72.74,0.693,-1,-1,-1
413,115,630.88,301.56,39.59,74.63,0.823,-1,-1,-1
413,120,722.89,317.54,21.31,53.54,0.511,-1,-1,-1
413,122,916.28,318.34,31.94,73.53,0.536,-1,-1,-1
413,123,993.93,305.74,24.49,69.54,0.703,-1,-1,-1
413,124,1085.06,314.86,25.66,66.59,0.616,-1,-1,-1
413,125,450.58,296.62,18.65,57.75,0.541,-1,-1,-1
413,126,1028.65,322.24,17.79,39.72,0.584,-1,-1,-1
414,19,1217.77,311.59,51.43,141.89,0.765,-1,-1,-1
414,54,309.54,241.00,156.34,358.59,0.902,-1,-1,-1
414,65,550.52,297.15,52.58,110.93,0.699,-1,-1,-1
414,66,948.80,302.08,49.28,145.10,0.790,-1,-1,-1
414,73,1179.32,289.27,59.98,191.92,0.813,-1,-1,-1
414,94,869.29,295.08,53.72,155.92,0.853,-1,-1,-1
414,114,698.91,301.80,29.97,75.19,0.669,-1,-1,-1
414,115,631.44,305.27,39.63,74.51,0.831,-1,-1,-1
414,122,915.46,323.29,33.27,76.27,0.735,-1,-1,-1
414,123,994.85,308.75,24.56,69.58,0.615,-1,-1,-1
414,124,1085.35,316.29,26.62,69.36,0.632,-1,-1,-1
414,126,1029.80,325.89,17.94,40.02,0.517,-1,-1,-1
415,19,1218.86,313.50,51.26,142.70,0.732,-1,-1,-1
415,54,310.14,244.07,157.96,360.31,0.906,-1,-1,-1
415,65,549.72,299.57,52.24,111.99,0.622,-1,-1,-1
415,66,949.34,304.67,49.13,145.15,0.802,-1,-1,-1
415,73,1180.99,291.76,59.60,193.67,0.812,-1,-1,-1
415,94,869.81,297.48,53.55,155.39,0.839,-1,-1,-1
415,114,698.19,301.95,30.57,77.73,0.621,-1,-1,-1
415,115,631.98,307.45,39.90,75.02,0.825,-1,-1,-1
415,122,916.75,326.22,33.09,75.62,0.602,-1,-1,-1
415,123,995.94,310.58,25.07,70.81,0.693,-1,-1,-1
415,124,1086.62,319.19,25.47,66.60,0.618,-1,-1,-1
415,125,449.51,301.82,18.42,56.97,0.641,-1,-1,-1
415,126,1030.83,329.49,17.42,38.77,0.512,-1,-1,-1
416,19,1219.83,315.79,50.61,142.44,0.732,-1,-1,-1
416,54,309.63,245.46,159.58,362.22,0.906,-1,-1,-1
416,65,551.11,301.98,51.97,112.22,0.610,-1,-1,-1
416,66,950.56,306.62,49.08,146.08,0.802,-1,-1,-1
416,73,1182.43,293.63,59.03,194.65,0.784,-1,-1,-1
416,94,870.30,298.98,53.98,156.74,0.842,-1,-1,-1
416,114,697.24,302.06,31.00,80.01,0.643,-1,-1,-1
416,115,632.31,308.74,40.24,75.72,0.834,-1,-1,-1
416,122,916.90,327.55,33.92,77.39,0.672,-1,-1,-1
416,123,997.05,313.91,24.57,69.19,0.688,-1,-1,-1
416,124,1087.47,319.56,25.14,65.78,0.672,-1,-1,-1
416,125,448.78,303.29,18.49,57.10,0.602,-1,-1,-1
416,126,1031.18,329.93,17.92,39.83,0.650,-1,-1,-1
417,19,1221.68,318.33,49.73,141.32,0.774,-1,-1,-1
417,54,307.84,248.09,161.25,363.27,0.913,-1,-1,-1
417,65,548.80,304.42,51.44,112.49,0.543,-1,-1,-1
417,66,951.33,310.32,48.33,144.65,0.811,-1,-1,-1
417,73,1184.74,294.82,58.29,194.52,0.733,-1,-1,-1
417,94,870.05,300.23,54.28,157.30,0.850,-1,-1,-1
417,114,697.64,308.30,29.25,75.40,0.685,-1,-1,-1
417,115,632.60,309.74,40.95,77.45,0.820,-1,-1,-1
417,122,917.16,329.38,33.93,77.31,0.511,-1,-1,-1
417,123,997.68,316.34,24.26,67.94,0.692,-1,-1,-1
417,124,1088.73,321.46,24.17,63.19,0.652,-1,-1,-1
417,125,447.83,305.65,18.31,56.46,0.590,-1,-1,-1
417,126,1032.03,330.40,17.90,39.77,0.601,-1,-1,-1
418,19,1222.78,319.47,49.00,140.83,0.767,-1,-1,-1
418,54,306.73,249.53,163.18,364.87,0.917,-1,-1,-1
418,66,951.76,312.01,47.81,143.84,0.813,-1,-1,-1
418,73,1186.81,294.33,58.13,196.13,0.765,-1,-1,-1
418,94,869.69,300.76,54.22,156.99,0.852,-1,-1,-1
418,114,697.08,312.61,28.30,72.21,0.689,-1,-1,-1
418,115,632.46,309.96,41.13,78.09,0.811,-1,-1,-1
418,122,916.65,330.13,34.13,77.78,0.687,-1,-1,-1
418,123,998.26,317.11,24.18,67.19,0.685,-1,-1,-1
418,124,1089.47,320.85,24.45,64.03,0.607,-1,-1,-1
418,126,1032.35,330.07,18.05,40.00,0.630,-1,-1,-1
418,127,251.16,303.29,56.36,156.31,0.757,-1,-1,-1
419,19,1223.80,320.24,48.41,140.42,0.658,-1,-1,-1
419,54,306.09,251.78,166.60,369.75,0.918,-1,-1,-1
419,65,542.55,307.56,51.39,113.34,0.537,-1,-1,-1
419,66,951.96,313.37,47.52,143.44,0.812,-1,-1,-1
419,73,1189.18,293.97,57.64,197.86,0.795,-1,-1,-1
419,94,869.11,301.48,54.32,157.16,0.844,-1,-1,-1
419,114,697.20,316.29,27.32,69.52,0.715,-1,-1,-1
419,115,632.13,310.49,41.70,79.57,0.829,-1,-1,-1
419,120,728.79,320.16,25.54,62.91,0.634,-1,-1,-1
419,122,916.58,331.49,34.12,77.56,0.548,-1,-1,-1
419,123,998.75,318.80,23.83,65.64,0.728,-1,-1,-1
419,124,1090.45,321.89,23.75,62.20,0.602,-1,-1,-1
419,126,1032.70,330.27,17.80,39.44,0.550,-1,-1,-1
419,127,248.17,305.70,56.81,156.69,0.810,-1,-1,-1
420,54,305.77,252.69,167.76,369.45,0.919,-1,-1,-1
420,65,541.76,308.39,52.16,113.78,0.615,-1,-1,-1
420,66,952.06,314.04,47.20,142.86,0.815,-1,-1,-1
420,73,1190.98,293.25,57.45,200.21,0.758,-1,-1,-1
420,94,867.97,301.44,54.31,157.39,0.835,-1,-1,-1
420,114,695.40,316.14,28.00,70.55,0.610,-1,-1,-1
420,115,631.88,310.72,41.82,80.24,0.831,-1,-1,-1
420,120,728.03,320.52,26.09,63.99,0.587,-1,-1,-1
420,122,916.15,332.22,34.04,77.16,0.571,-1,-1,-1
420,123,998.63,318.84,23.84,65.13,0.712,-1,-1,-1
420,124,1090.78,321.47,23.80,62.45,0.641,-1,-1,-1
420,127,245.16,305.98,57.42,157.26,0.814,-1,-1,-1
421,54,304.76,253.34,169.68,371.55,0.919,-1,-1,-1
421,65,537.12,309.77,52.12,113.95,0.576,-1,-1,-1
421,66,952.11,315.08,46.95,142.53,0.787,-1,-1,-1
421,73,1191.84,292.47,57.23,202.26,0.749,-1,-1,-1
421,94,867.14,302.30,54.03,157.04,0.828,-1,-1,-1
421,115,631.40,311.95,41.84,80.68,0.824,-1,-1,-1
421,120,727.15,320.18,26.86,65.96,0.598,-1,-1,-1
421,122,915.44,333.51,33.88,76.43,0.532,-1,-1,-1
421,123,998.14,320.45,23.55,63.90,0.695,-1,-1,-1
421,124,1090.21,322.41,23.68,62.34,0.653,-1,-1,-1
421,126,1031.93,330.12,18.30,40.54,0.659,-1,-1,-1
421,127,239.67,307.48,58.08,158.26,0.793,-1,-1,-1
422,54,303.09,254.51,172.62,374.87,0.922,-1,-1,-1
422,65,534.18,312.59,53.73,114.29,0.740,-1,-1,-1
422,66,952.51,315.46,47.29,144.14,0.806,-1,-1,-1
422,73,1193.50,292.07,57.31,204.24,0.676,-1,-1,-1
422,94,865.73,304.32,53.68,156.57,0.840,-1,-1,-1
422,112,689.72,328.73,23.12,62.94,0.518,-1,-1,-1
422,114,698.71,322.73,25.84,65.88,0.525,-1,-1,-1
422,115,631.57,315.31,41.39,80.10,0.805,-1,-1,-1
422,120,725.64,320.86,27.52,67.92,0.669,-1,-1,-1
422,122,915.07,335.47,33.68,75.78,0.539,-1,-1,-1
422,123,997.74,321.50,23.89,64.62,0.724,-1,-1,-1
422,124,1089.98,324.33,24.14,63.74,0.592,-1,-1,-1
422,126,1031.28,331.15,18.48,40.90,0.631,-1,-1,-1
422,127,226.37,309.47,59.05,160.17,0.747,-1,-1,-1
422,128,750.24,320.92,16.46,48.50,0.632,-1,-1,-1
423,54,305.35,256.73,174.82,378.26,0.912,-1,-1,-1
423,65,529.49,315.62,54.06,114.17,0.751,-1,-1,-1
423,66,952.36,316.68,47.51,144.62,0.799,-1,-1,-1
423,73,1194.42,292.48,57.19,205.24,0.707,-1,-1,-1
423,94,865.20,306.69,53.35,156.14,0.856,-1,-1,-1
423,112,688.73,326.31,24.59,67.09,0.574,-1,-1,-1
423,115,632.26,319.07,40.51,78.62,0.813,-1,-1,-1
423,120,724.59,320.94,28.24,70.40,0.672,-1,-1,-1
423,122,914.64,336.11,34.40,77.27,0.548,-1,-1,-1
423,123,997.53,322.41,24.17,65.28,0.647,-1,-1,-1
423,124,1090.35,325.80,24.90,65.90,0.612,-1,-1,-1
423,126,1031.54,332.95,18.44,40.76,0.612,-1,-1,-1
423,127,218.15,312.56,59.29,161.03,0.816,-1,-1,-1
423,128,750.02,324.56,16.15,47.59,0.563,-1,-1,-1
424,54,306.58,257.81,176.17,380.18,0.908,-1,-1,-1
424,65,525.89,318.57,53.84,113.57,0.771,-1,-1,-1
424,66,952.62,316.34,47.68,145.69,0.764,-1,-1,-1
424,73,1195.11,292.65,57.13,206.20,0.680,-1,-1,-1
424,94,864.50,309.25,52.81,155.67,0.832,-1,-1,-1
424,115,631.65,321.68,40.09,77.91,0.794,-1,-1,-1
424,122,912.93,334.97,35.33,79.47,0.582,-1,-1,-1
424,123,996.19,323.45,24.38,65.66,0.631,-1,-1,-1
424,127,208.14,314.97,59.60,161.11,0.781,-1,-1,-1
425,54,309.84,261.66,176.97,382.15,0.907,-1,-1,-1
425,65,524.18,321.60,53.86,113.73,0.745,-1,-1,-1
425,66,953.09,319.83,47.58,144.36,0.696,-1,-1,-1
425,73,1196.19,295.35,57.18,205.89,0.551,-1,-1,-1
425,94,864.58,312.95,51.66,152.52,0.826,-1,-1,-1
425,115,632.00,325.61,39.84,77.90,0.781,-1,-1,-1
425,127,202.55,318.50,59.87,161.87,0.639,-1,-1,-1
426,54,311.72,260.08,178.95,386.48,0.905,-1,-1,-1
426,65,523.20,324.16,53.65,113.65,0.721,-1,-1,-1
426,66,953.22,317.16,48.63,147.96,0.749,-1,-1,-1
426,73,1198.09,295.96,57.25,207.30,0.548,-1,-1,-1
426,94,864.14,315.18,51.73,153.35,0.794,-1,-1,-1
426,115,632.64,328.43,39.29,76.87,0.810,-1,-1,-1
426,122,913.10,340.52,34.12,76.71,0.524,-1,-1,-1
426,123,996.68,327.76,24.00,64.71,0.566,-1,-1,-1
426,127,194.08,319.46,60.83,163.93,0.653,-1,-1,-1
427,54,315.84,261.34,180.26,390.63,0.905,-1,-1,-1
427,65,523.29,327.02,54.25,114.76,0.742,-1,-1,-1
427,66,956.05,320.55,48.23,145.91,0.700,-1,-1,-1
427,73,1197.91,297.19,57.84,207.44,0.707,-1,-1,-1
427,94,864.36,316.74,52.01,153.20,0.831,-1,-1,-1
427,115,635.50,331.05,39.39,77.36,0.795,-1,-1,-1
427,123,1000.24,329.26,24.11,65.01,0.508,-1,-1,-1
427,127,188.39,323.70,61.27,164.02,0.769,-1,-1,-1
428,54,320.79,260.81,180.37,391.44,0.911,-1,-1,-1
428,65,523.31,327.49,54.67,115.80,0.771,-1,-1,-1
428,66,958.20,321.16,48.33,145.70,0.787,-1,-1,-1
428,73,1198.97,296.36,58.74,209.41,0.583,-1,-1,-1
428,94,865.43,316.68,51.78,152.85,0.836,-1,-1,-1
428,115,638.10,331.31,39.46,77.91,0.804,-1,-1,-1
428,122,915.32,342.51,34.82,77.96,0.639,-1,-1,-1
428,123,1001.21,327.97,24.49,66.30,0.676,-1,-1,-1
428,124,1096.60,326.41,25.49,67.62,0.512,-1,-1,-1
428,127,183.27,325.38,61.57,161.95,0.771,-1,-1,-1
429,54,325.48,260.93,181.43,395.15,0.908,-1,-1,-1
429,65,523.41,328.00,54.77,116.30,0.745,-1,-1,-1
429,66,959.73,320.21,48.49,146.39,0.781,-1,-1,-1
429,73,1205.12,295.09,58.84,211.05,0.654,-1,-1,-1
429,94,866.39,316.38,51.67,152.86,0.828,-1,-1,-1
429,112,686.11,311.19,32.33,90.04,0.520,-1,-1,-1
429,115,640.42,330.98,39.68,78.58,0.791,-1,-1,-1
429,122,917.75,343.38,35.00,77.88,0.686,-1,-1,-1
429,123,1003.39,328.38,24.04,65.31,0.686,-1,-1,-1
429,127,177.24,327.22,63.21,161.09,0.818,-1,-1,-1
429,129,252.65,328.63,55.44,145.13,0.689,-1,-1,-1
430,54,330.62,259.27,182.01,397.25,0.924,-1,-1,-1
430,65,523.53,326.34,55.42,117.99,0.782,-1,-1,-1
430,66,962.45,319.43,48.19,146.48,0.797,-1,-1,-1
430,73,1205.66,292.90,60.04,213.50,0.723,-1,-1,-1
430,94,866.20,314.46,51.95,153.40,0.856,-1,-1,-1
430,112,688.61,320.80,28.90,80.61,0.545,-1,-1,-1
430,115,642.72,328.67,40.01,79.61,0.836,-1,-1,-1
430,122,920.15,342.53,35.43,77.81,0.609,-1,-1,-1
430,123,1005.87,327.27,24.20,65.78,0.671,-1,-1,-1
430,124,1101.55,325.78,25.14,66.71,0.529,-1,-1,-1
430,126,1041.15,335.79,18.86,41.54,0.548,-1,-1,-1
430,127,173.33,325.83,66.53,164.12,0.852,-1,-1,-1
430,129,249.72,327.57,56.61,147.79,0.830,-1,-1,-1
431,54,333.65,257.65,183.42,401.58,0.925,-1,-1,-1
431,65,523.28,324.96,55.90,118.91,0.777,-1,-1,-1
431,66,963.69,317.95,47.97,146.71,0.794,-1,-1,-1
431,73,1208.91,291.49,60.15,214.64,0.710,-1,-1,-1
431,94,865.75,312.52,52.42,154.56,0.869,-1,-1,-1
431,112,689.61,328.68,25.62,71.78,0.525,-1,-1,-1
431,114,710.39,333.97,23.96,61.98,0.501,-1,-1,-1
431,115,643.82,326.45,40.27,80.46,0.841,-1,-1,-1
431,122,921.52,340.32,36.10,78.79,0.598,-1,-1,-1
431,123,1007.37,325.75,24.34,66.08,0.698,-1,-1,-1
431,124,1101.86,325.45,25.77,67.99,0.506,-1,-1,-1
431,126,1042.36,334.75,18.93,41.73,0.585,-1,-1,-1
431,127,167.80,321.09,70.32,169.17,0.865,-1,-1,-1
431,129,249.15,326.53,56.74,147.37,0.845,-1,-1,-1
432,54,337.47,254.91,183.54,403.10,0.926,-1,-1,-1
432,65,520.95,321.81,56.89,120.51,0.719,-1,-1,-1
432,66,962.70,314.22,48.25,148.02,0.770,-1,-1,-1
432,73,1210.87,288.27,60.29,215.48,0.731,-1,-1,-1
432,94,863.90,309.05,52.82,155.49,0.859,-1,-1,-1
432,114,710.69,331.12,23.44,61.42,0.500,-1,-1,-1
432,115,643.58,322.33,40.81,81.91,0.819,-1,-1,-1
432,122,921.56,336.67,36.27,79.09,0.657,-1,-1,-1
432,123,1006.34,321.46,24.91,67.73,0.638,-1,-1,-1
432,124,1101.34,321.83,27.19,71.31,0.545,-1,-1,-1
432,126,1042.32,331.98,18.90,41.52,0.547,-1,-1,-1
432,127,158.45,320.02,70.73,167.53,0.806,-1,-1,-1
432,129,241.74,324.16,56.36,145.73,0.852,-1,-1,-1
433,54,340.46,253.26,183.52,404.23,0.929,-1,-1,-1
433,65,517.17,319.22,57.51,121.79,0.720,-1,-1,-1
433,66,961.68,310.57,48.69,149.99,0.775,-1,-1,-1
433,73,1209.84,284.93,61.37,218.32,0.657,-1,-1,-1
433,94,862.53,306.27,53.07,156.25,0.865,-1,-1,-1
433,112,686.33,326.79,24.15,68.77,0.613,-1,-1,-1
433,114,709.73,330.02,22.92,61.19,0.578,-1,-1,-1
433,115,642.97,319.53,40.91,82.43,0.800,-1,-1,-1
433,122,921.05,333.40,36.77,80.06,0.630,-1,-1,-1
433,123,1004.86,318.45,25.18,68.55,0.708,-1,-1,-1
433,124,1100.57,319.57,27.88,72.78,0.679,-1,-1,-1
433,126,1041.71,329.80,18.84,41.33,0.635,-1,-1,-1
433,127,148.83,318.86,70.89,166.14,0.834,-1,-1,-1
433,129,235.93,322.66,56.52,144.88,0.864,-1,-1,-1
434,54,341.19,252.89,182.75,403.78,0.923,-1,-1,-1
434,65,513.17,317.62,57.75,122.18,0.772,-1,-1,-1
434,66,959.74,311.47,47.91,147.86,0.766,-1,-1,-1
434,73,1210.42,283.17,61.66,219.69,0.709,-1,-1,-1
434,94,860.28,305.45,52.79,155.49,0.865,-1,-1,-1
434,112,684.47,328.17,23.19,65.98,0.579,-1,-1,-1
434,115,641.22,317.69,41.05,82.98,0.802,-1,-1,-1
434,122,919.18,330.33,37.55,81.63,0.633,-1,-1,-1
434,123,1002.69,315.88,25.64,69.61,0.713,-1,-1,-1
434,124,1099.66,318.38,28.09,73.12,0.500,-1,-1,-1
434,126,1040.80,328.93,18.83,41.19,0.593,-1,-1,-1
434,127,138.06,318.11,71.80,167.39,0.587,-1,-1,-1
434,129,228.68,322.29,56.96,144.58,0.873,-1,-1,-1
435,54,340.59,251.98,183.06,406.24,0.913,-1,-1,-1
435,65,508.22,316.27,57.78,122.31,0.789,-1,-1,-1
435,66,956.80,309.67,48.03,148.99,0.780,-1,-1,-1
435,73,1208.41,282.13,61.91,219.14,0.682,-1,-1,-1
435,94,857.91,304.89,52.56,154.75,0.874,-1,-1,-1
435,115,639.34,316.57,41.13,83.16,0.827,-1,-1,-1
435,122,916.81,329.00,37.67,81.82,0.599,-1,-1,-1
435,123,1000.45,314.82,25.76,69.50,0.710,-1,-1,-1
435,126,1039.31,328.10,18.92,41.32,0.519,-1,-1,-1
435,127,123.29,315.76,72.74,168.49,0.787,-1,-1,-1
435,129,221.32,321.45,57.56,144.34,0.878,-1,-1,-1
436,54,341.23,250.45,183.17,408.67,0.912,-1,-1,-1
436,65,505.48,314.58,58.18,122.91,0.744,-1,-1,-1
436,66,954.97,309.08,47.59,148.48,0.792,-1,-1,-1
436,73,1207.96,281.10,62.07,219.42,0.647,-1,-1,-1
436,94,855.86,304.45,52.57,154.81,0.877,-1,-1,-1
436,112,678.10,326.76,22.95,65.50,0.625,-1,-1,-1
436,115,637.11,315.58,41.10,83.36,0.818,-1,-1,-1
436,122,915.50,329.93,37.08,80.05,0.639,-1,-1,-1
436,123,998.93,314.28,25.94,69.60,0.711,-1,-1,-1
436,124,1097.78,319.96,26.60,68.55,0.542,-1,-1,-1
436,127,112.16,312.21,73.22,170.73,0.775,-1,-1,-1
436,129,214.87,320.09,58.49,144.40,0.897,-1,-1,-1
437,54,338.79,250.30,183.70,410.71,0.911,-1,-1,-1
437,65,500.07,313.67,58.61,123.92,0.795,-1,-1,-1
437,66,950.22,308.07,47.57,148.91,0.788,-1,-1,-1
437,73,1201.95,280.95,63.77,221.64,0.789,-1,-1,-1
437,94,852.34,306.02,52.26,154.00,0.868,-1,-1,-1
437,112,672.30,329.51,22.63,63.53,0.651,-1,-1,-1
437,114,716.54,331.44,23.06,60.55,0.554,-1,-1,-1
437,115,633.72,316.76,40.66,82.49,0.818,-1,-1,-1
437,122,912.58,331.51,36.69,79.14,0.654,-1,-1,-1
437,123,995.31,314.57,26.09,69.29,0.730,-1,-1,-1
437,124,1094.75,319.30,26.65,68.03,0.616,-1,-1,-1
437,126,1034.87,329.08,19.26,42.04,0.594,-1,-1,-1
437,127,93.94,311.79,74.02,172.06,0.564,-1,-1,-1
437,129,203.19,319.36,60.01,146.49,0.867,-1,-1,-1
438,54,335.04,250.55,184.46,411.95,0.911,-1,-1,-1
438,65,495.47,313.45,58.62,124.64,0.807,-1,-1,-1
438,66,946.98,310.15,46.67,146.17,0.756,-1,-1,-1
438,73,1199.90,281.06,64.59,222.46,0.671,-1,-1,-1
438,94,849.16,307.20,52.27,154.17,0.861,-1,-1,-1
438,112,667.30,331.18,22.53,61.67,0.686,-1,-1,-1
438,115,630.19,317.52,40.30,82.14,0.826,-1,-1,-1
438,123,992.12,313.81,26.76,70.61,0.723,-1,-1,-1
438,127,80.77,311.48,73.67,172.25,0.746,-1,-1,-1
438,129,191.87,318.61,60.89,147.19,0.865,-1,-1,-1
439,54,331.83,251.86,186.93,417.60,0.908,-1,-1,-1
439,65,493.51,315.75,58.55,124.90,0.812,-1,-1,-1
439,66,944.59,313.81,45.93,143.89,0.754,-1,-1,-1
439,73,1200.85,282.75,64.57,222.48,0.598,-1,-1,-1
439,94,847.55,309.95,52.12,153.89,0.851,-1,-1,-1
439,112,663.47,332.35,23.23,62.68,0.624,-1,-1,-1
439,115,628.26,319.83,40.03,82.42,0.792,-1,-1,-1
439,123,990.63,315.60,27.69,72.46,0.740,-1,-1,-1
439,127,69.52,312.49,74.39,173.34,0.654,-1,-1,-1
439,129,184.77,319.63,61.88,148.98,0.794,-1,-1,-1
440,54,327.27,252.46,188.73,420.30,0.906,-1,-1,-1
440,65,489.65,318.61,57.52,123.39,0.802,-1,-1,-1
440,66,940.24,310.42,47.66,150.42,0.762,-1,-1,-1
440,73,1201.03,284.53,64.97,224.44,0.555,-1,-1,-1
440,94,845.00,310.85,51.78,152.78,0.849,-1,-1,-1
440,112,659.85,334.32,23.37,62.58,0.526,-1,-1,-1
440,114,716.42,330.86,23.27,62.05,0.551,-1,-1,-1
440,115,624.91,321.98,39.98,82.75,0.799,-1,-1,-1
440,122,905.45,338.80,35.60,76.31,0.639,-1,-1,-1
440,123,988.28,319.96,27.12,70.66,0.751,-1,-1,-1
440,127,59.94,315.05,73.83,171.80,0.551,-1,-1,-1
440,128,739.51,321.26,19.03,56.74,0.514,-1,-1,-1
440,129,176.41,319.22,63.38,152.13,0.751,-1,-1,-1
440,130,695.95,327.50,27.45,68.93,0.596,-1,-1,-1
441,54,326.02,253.47,190.92,423.09,0.900,-1,-1,-1
441,65,487.26,319.79,57.92,124.57,0.820,-1,-1,-1
441,66,939.51,314.74,46.61,147.98,0.803,-1,-1,-1
441,73,1205.67,287.73,64.21,225.93,0.744,-1,-1,-1
441,94,842.82,312.71,52.33,154.65,0.873,-1,-1,-1
441,112,657.54,337.53,23.38,61.59,0.660,-1,-1,-1
441,115,623.40,324.25,39.57,82.45,0.827,-1,-1,-1
441,123,986.63,322.11,27.12,70.27,0.737,-1,-1,-1
441,127,48.56,318.44,75.07,170.44,0.865,-1,-1,-1
441,129,169.34,320.61,63.66,151.77,0.846,-1,-1,-1
441,130,693.73,329.51,27.54,69.17,0.646,-1,-1,-1
442,54,329.00,255.72,192.05,426.40,0.903,-1,-1,-1
442,65,482.60,322.49,57.99,125.63,0.705,-1,-1,-1
442,66,936.35,321.08,45.88,146.06,0.754,-1,-1,-1
442,73,1205.70,290.50,63.92,227.87,0.691,-1,-1,-1
442,94,838.99,315.78,52.09,154.09,0.842,-1,-1,-1
442,115,619.80,327.80,39.50,82.69,0.805,-1,-1,-1
442,122,898.19,344.81,36.75,78.28,0.672,-1,-1,-1
442,123,983.18,325.87,26.82,69.16,0.721,-1,-1,-1
442,127,32.39,324.06,76.85,170.08,0.781,-1,-1,-1
442,129,154.87,324.15,63.22,152.02,0.706,-1,-1,-1
442,130,688.37,332.11,27.97,70.31,0.533,-1,-1,-1
443,54,329.67,255.99,190.92,423.52,0.898,-1,-1,-1
443,66,932.85,321.41,46.05,146.87,0.757,-1,-1,-1
443,73,1204.71,291.79,63.67,228.78,0.642,-1,-1,-1
443,94,835.64,317.15,51.82,152.72,0.869,-1,-1,-1
443,115,616.68,328.88,39.60,83.39,0.771,-1,-1,-1
443,122,895.26,343.11,38.50,82.23,0.577,-1,-1,-1
443,123,979.76,327.66,27.12,69.56,0.744,-1,-1,-1
443,127,19.49,326.36,79.04,169.95,0.870,-1,-1,-1
443,129,145.24,326.56,63.52,151.77,0.799,-1,-1,-1
443,130,683.26,332.41,28.40,71.58,0.647,-1,-1,-1
443,131,1183.99,306.46,44.55,206.08,0.616,-1,-1,-1
444,54,335.10,255.71,189.70,424.40,0.912,-1,-1,-1
444,66,930.25,324.47,45.76,146.41,0.800,-1,-1,-1
444,73,1204.38,293.79,63.19,229.57,0.691,-1,-1,-1
444,94,831.68,317.61,52.64,155.02,0.883,-1,-1,-1
444,115,613.33,330.09,39.36,83.38,0.806,-1,-1,-1
444,122,891.92,346.04,38.01,81.00,0.656,-1,-1,-1
444,123,976.56,329.40,27.29,69.78,0.742,-1,-1,-1
444,127,8.52,328.29,80.59,170.22,0.857,-1,-1,-1
444,129,134.67,328.36,63.74,151.93,0.775,-1,-1,-1
444,130,679.76,334.63,27.77,70.22,0.613,-1,-1,-1
444,131,1178.80,306.43,44.86,207.13,0.698,-1,-1,-1
445,54,337.06,254.78,188.14,424.94,0.912,-1,-1,-1
445,65,476.76,324.36,48.52,104.82,0.657,-1,-1,-1
445,66,927.43,326.06,45.49,146.13,0.806,-1,-1,-1
445,73,1204.92,294.87,62.99,230.16,0.652,-1,-1,-1
445,94,828.12,318.55,53.06,156.04,0.866,-1,-1,-1
445,115,610.39,330.46,39.45,83.90,0.787,-1,-1,-1
445,122,889.11,347.39,37.77,80.45,0.535,-1,-1,-1
445,123,973.07,330.40,27.38,69.87,0.728,-1,-1,-1
445,127,-1.60,328.70,80.60,170.61,0.706,-1,-1,-1
445,129,128.13,329.62,62.95,151.53,0.683,-1,-1,-1
445,131,1177.02,307.19,44.99,207.94,0.613,-1,-1,-1
445,132,700.98,341.47,20.89,60.85,0.522,-1,-1,-1
446,54,339.88,254.02,182.53,414.43,0.919,-1,-1,-1
446,66,924.71,326.86,45.54,146.39,0.791,-1,-1,-1
446,73,1202.98,295.19,62.53,230.84,0.714,-1,-1,-1
446,94,824.31,318.51,53.53,157.12,0.870,-1,-1,-1
446,115,607.63,330.25,39.91,85.08,0.798,-1,-1,-1
446,122,886.24,347.77,37.73,80.15,0.619,-1,-1,-1
446,123,970.84,331.14,27.22,69.45,0.768,-1,-1,-1
446,127,-8.92,329.30,79.30,170.44,0.838,-1,-1,-1
446,129,120.39,331.25,62.50,150.89,0.643,-1,-1,-1
446,130,671.35,336.58,27.51,69.39,0.556,-1,-1,-1
446,131,1173.07,305.80,45.43,209.63,0.605,-1,-1,-1
446,132,696.95,340.67,21.58,62.73,0.657,-1,-1,-1
446,133,1080.49,337.89,24.35,71.33,0.675,-1,-1,-1
447,54,335.70,251.79,182.04,414.59,0.910,-1,-1,-1
447,66,920.10,328.60,45.18,145.56,0.804,-1,-1,-1
447,73,1198.20,295.39,62.54,232.75,0.595,-1,-1,-1
447,94,818.11,318.93,53.05,155.15,0.878,-1,-1,-1
447,115,602.54,330.39,40.27,85.61,0.853,-1,-1,-1
447,122,880.60,349.04,37.48,79.24,0.686,-1,-1,-1
447,123,966.04,331.18,27.32,69.81,0.739,-1,-1,-1
447,127,-17.36,343.66,71.57,157.21,0.582,-1,-1,-1
447,129,109.41,331.72,62.80,151.52,0.554,-1,-1,-1
447,130,664.93,335.19,27.96,70.78,0.606,-1,-1,-1
447,131,1170.68,303.79,45.88,211.64,0.688,-1,-1,-1
447,132,692.05,341.42,21.15,61.42,0.594,-1,-1,-1
447,133,1076.66,337.70,24.17,70.83,0.569,-1,-1,-1
448,54,332.53,251.15,182.10,415.30,0.914,-1,-1,-1
448,66,916.94,328.27,45.38,146.61,0.817,-1,-1,-1
448,73,1194.89,295.61,62.42,233.88,0.666,-1,-1,-1
448,94,813.64,319.46,53.28,155.44,0.876,-1,-1,-1
448,115,598.82,331.23,40.22,85.46,0.842,-1,-1,-1
448,122,876.76,350.26,37.43,78.72,0.622,-1,-1,-1
448,123,962.68,331.16,27.38,69.95,0.741,-1,-1,-1
448,129,98.86,332.46,62.68,150.99,0.518,-1,-1,-1
448,130,660.17,336.64,27.78,70.29,0.578,-1,-1,-1
448,131,1167.07,303.47,46.34,212.37,0.612,-1,-1,-1
448,132,688.01,342.58,20.94,60.61,0.574,-1,-1,-1
448,133,1074.16,339.12,22.71,66.34,0.659,-1,-1,-1
449,54,330.35,249.86,182.87,417.80,0.928,-1,-1,-1
449,66,915.16,327.68,45.47,147.11,0.808,-1,-1,-1
449,73,1192.86,295.22,62.15,234.62,0.670,-1,-1,-1
449,94,810.71,319.99,53.33,155.26,0.867,-1,-1,-1
449,115,597.03,331.63,40.24,85.35,0.855,-1,-1,-1
449,122,874.66,350.65,37.34,78.38,0.688,-1,-1,-1
449,123,961.09,331.52,26.94,68.88,0.736,-1,-1,-1
449,129,91.01,332.12,61.87,150.31,0.726,-1,-1,-1
449,130,657.01,335.66,28.25,71.48,0.669,-1,-1,-1
449,131,1166.83,302.54,46.61,213.19,0.540,-1,-1,-1
449,132,685.91,343.04,20.79,60.01,0.568,-1,-1,-1
449,133,1073.07,339.37,22.74,66.30,0.607,-1,-1,-1
449,134,1003.79,343.85,18.74,42.91,0.555,-1,-1,-1
450,54,330.16,247.94,189.66,433.16,0.919,-1,-1,-1
450,66,914.32,327.95,45.30,146.73,0.781,-1,-1,-1
450,73,1191.69,295.00,62.03,235.08,0.614,-1,-1,-1
450,94,809.49,320.53,52.92,153.51,0.847,-1,-1,-1
450,115,596.32,332.35,40.05,84.92,0.822,-1,-1,-1
450,122,873.74,350.29,37.79,79.23,0.664,-1,-1,-1
450,123,959.68,330.77,27.13,69.42,0.758,-1,-1,-1
450,129,81.07,331.96,61.51,150.15,0.641,-1,-1,-1
450,132,684.65,342.03,21.36,61.45,0.512,-1,-1,-1
450,133,1072.14,338.50,23.15,67.28,0.661,-1,-1,-1
451,54,332.11,248.06,192.06,434.65,0.909,-1,-1,-1
451,66,913.28,327.58,45.52,147.44,0.787,-1,-1,-1
451,73,1191.57,294.74,62.01,234.88,0.696,-1,-1,-1
451,94,806.50,321.44,53.17,153.33,0.867,-1,-1,-1
451,115,594.50,334.30,40.22,85.39,0.825,-1,-1,-1
451,122,872.26,351.10,38.03,79.46,0.716,-1,-1,-1
451,123,958.98,333.57,26.67,68.43,0.751,-1,-1,-1
451,129,70.57,332.88,61.68,151.44,0.696,-1,-1,-1
451,130,652.02,337.04,28.96,73.10,0.716,-1,-1,-1
451,131,1166.14,303.98,47.12,215.77,0.603,-1,-1,-1
451,132,683.21,343.46,21.50,61.78,0.588,-1,-1,-1
451,133,1070.63,338.63,23.78,69.01,0.582,-1,-1,-1
452,54,333.50,250.09,192.85,430.87,0.913,-1,-1,-1
452,66,912.04,327.25,45.51,147.29,0.772,-1,-1,-1
452,73,1191.10,295.17,62.42,235.77,0.662,-1,-1,-1
452,94,804.27,322.74,52.64,151.29,0.834,-1,-1,-1
452,115,592.49,335.78,39.85,84.87,0.814,-1,-1,-1
452,122,869.88,351.24,38.56,80.47,0.729,-1,-1,-1
452,123,958.20,334.49,26.14,67.47,0.644,-1,-1,-1
452,129,64.55,332.81,61.74,153.00,0.634,-1,-1,-1
452,131,1166.55,303.73,47.00,215.24,0.528,-1,-1,-1
452,132,683.05,345.73,21.12,60.12,0.561,-1,-1,-1
452,135,1145.78,332.37,41.34,137.10,0.651,-1,-1,-1
453,54,334.43,253.09,195.88,431.89,0.919,-1,-1,-1
453,66,912.04,328.41,46.09,149.26,0.756,-1,-1,-1
453,73,1191.39,297.29,62.84,236.80,0.637,-1,-1,-1
453,94,802.10,325.89,52.56,150.91,0.833,-1,-1,-1
453,115,592.63,338.93,39.78,84.83,0.798,-1,-1,-1
453,122,868.67,353.22,38.73,80.90,0.661,-1,-1,-1
453,123,958.24,336.60,25.74,66.80,0.628,-1,-1,-1
453,129,59.20,335.03,61.67,154.98,0.768,-1,-1,-1
453,131,1165.77,307.10,46.99,215.45,0.613,-1,-1,-1
453,135,1142.97,336.22,41.57,137.71,0.686,-1,-1,-1
454,54,335.21,257.70,197.60,431.23,0.921,-1,-1,-1
454,66,913.75,328.75,46.49,150.66,0.768,-1,-1,-1
454,73,1196.15,298.74,63.75,237.35,0.607,-1,-1,-1
454,94,803.34,328.45,53.14,152.27,0.831,-1,-1,-1
454,115,595.38,341.50,39.60,84.52,0.808,-1,-1,-1
454,122,869.76,354.55,38.70,81.15,0.596,-1,-1,-1
454,123,959.80,338.20,25.61,66.88,0.625,-1,-1,-1
454,129,56.26,338.10,61.24,154.67,0.804,-1,-1,-1
454,131,1168.12,309.06,46.76,215.21,0.558,-1,-1,-1
454,135,1145.04,340.36,40.69,134.52,0.747,-1,-1,-1
455,54,333.60,258.57,200.58,434.55,0.918,-1,-1,-1
455,66,915.46,328.35,46.94,151.79,0.784,-1,-1,-1
455,73,1200.70,298.84,65.07,238.37,0.691,-1,-1,-1
455,94,804.67,328.22,53.45,152.30,0.844,-1,-1,-1
455,115,598.10,341.78,39.79,85.21,0.824,-1,-1,-1
455,122,871.22,354.66,38.87,81.61,0.538,-1,-1,-1
455,123,962.88,340.34,24.95,65.53,0.624,-1,-1,-1
455,129,54.37,339.15,60.88,153.92,0.852,-1,-1,-1
455,131,1170.00,310.22,47.00,217.10,0.545,-1,-1,-1
455,135,1145.67,338.36,41.81,137.77,0.784,-1,-1,-1
456,54,332.53,259.91,200.81,434.67,0.913,-1,-1,-1
456,66,918.26,330.33,46.65,151.42,0.779,-1,-1,-1
456,73,1204.54,299.28,66.43,241.13,0.716,-1,-1,-1
456,94,806.78,328.94,54.23,154.01,0.846,-1,-1,-1
456,115,601.22,342.31,39.86,85.64,0.812,-1,-1,-1
456,122,874.26,356.62,38.58,81.08,0.680,-1,-1,-1
456,123,966.00,341.89,23.84,63.01,0.621,-1,-1,-1
456,129,53.71,340.26,60.76,153.52,0.780,-1,-1,-1
456,135,1147.61,340.26,41.85,137.15,0.801,-1,-1,-1
457,54,333.86,262.73,202.14,437.39,0.918,-1,-1,-1
457,66,921.45,329.69,47.19,152.90,0.814,-1,-1,-1
457,73,1208.92,299.96,68.02,243.13,0.704,-1,-1,-1
457,94,809.13,329.12,54.07,153.68,0.859,-1,-1,-1
457,115,604.86,342.68,40.12,86.27,0.783,-1,-1,-1
457,123,968.92,341.27,24.67,65.48,0.731,-1,-1,-1
457,129,52.46,340.63,61.54,154.92,0.789,-1,-1,-1
457,131,1176.47,311.00,47.09,217.97,0.552,-1,-1,-1
457,135,1149.28,340.62,42.03,136.98,0.798,-1,-1,-1
458,54,337.58,262.55,205.62,443.19,0.925,-1,-1,-1
458,66,924.09,331.02,46.85,151.19,0.813,-1,-1,-1
458,73,1211.37,298.84,69.73,245.09,0.749,-1,-1,-1
458,94,810.98,326.75,54.63,156.17,0.856,-1,-1,-1
458,115,607.84,340.82,41.25,89.01,0.828,-1,-1,-1
458,122,879.19,357.41,38.69,80.88,0.602,-1,-1,-1
458,123,971.11,339.21,25.48,68.12,0.724,-1,-1,-1
458,129,50.39,342.29,61.46,153.04,0.862,-1,-1,-1
458,131,1181.47,309.76,47.42,219.47,0.712,-1,-1,-1
458,132,677.11,347.36,22.17,63.32,0.556,-1,-1,-1
458,135,1147.87,337.83,42.62,137.95,0.844,-1,-1,-1
458,136,1080.94,342.32,33.31,75.67,0.621,-1,-1,-1
459,54,341.71,261.67,208.62,447.77,0.921,-1,-1,-1
459,66,925.13,330.65,46.64,150.07,0.810,-1,-1,-1
459,73,1211.61,297.14,71.56,246.24,0.715,-1,-1,-1
459,94,812.35,324.71,55.04,158.09,0.852,-1,-1,-1
459,115,609.92,338.32,41.67,90.45,0.820,-1,-1,-1
459,122,882.19,355.89,38.66,80.69,0.682,-1,-1,-1
459,123,973.07,337.40,25.70,69.13,0.728,-1,-1,-1
459,129,49.23,342.60,61.51,151.74,0.870,-1,-1,-1
459,131,1184.50,309.37,47.39,219.51,0.655,-1,-1,-1
459,132,677.85,346.40,22.54,64.42,0.636,-1,-1,-1
459,135,1147.38,335.57,42.89,138.25,0.822,-1,-1,-1
459,136,1084.38,341.47,32.31,73.48,0.538,-1,-1,-1
460,54,345.47,259.37,209.99,448.49,0.919,-1,-1,-1
460,66,926.95,330.71,46.26,148.63,0.820,-1,-1,-1
460,73,1209.81,295.00,73.19,246.92,0.760,-1,-1,-1
460,94,813.36,322.51,54.97,158.78,0.862,-1,-1,-1
460,115,611.66,336.80,41.81,90.75,0.827,-1,-1,-1
460,123,974.47,335.38,25.73,69.69,0.759,-1,-1,-1
460,129,45.54,341.61,61.87,151.16,0.796,-1,-1,-1
460,131,1187.80,306.65,47.53,220.77,0.719,-1,-1,-1
460,132,679.19,345.16,22.42,64.48,0.662,-1,-1,-1
460,135,1147.32,332.68,43.28,138.89,0.822,-1,-1,-1
460,136,1087.23,340.40,31.64,72.09,0.601,-1,-1,-1
460,137,1018.64,345.90,20.18,44.55,0.658,-1,-1,-1
460,138,701.46,349.83,22.27,58.67,0.654,-1,-1,-1
460,139,1486.64,296.56,39.20,78.90,0.638,-1,-1,-1
460,140,85.76,314.38,35.62,53.04,0.525,-1,-1,-1
461,54,347.07,256.53,212.77,451.81,0.930,-1,-1,-1
461,66,927.95,331.40,45.59,146.10,0.809,-1,-1,-1
461,73,1209.49,293.12,74.51,247.23,0.758,-1,-1,-1
461,94,814.04,320.36,54.44,157.83,0.861,-1,-1,-1
461,115,612.39,334.99,41.78,90.80,0.830,-1,-1,-1
461,123,975.08,332.64,25.99,70.79,0.757,-1,-1,-1
461,129,35.58,339.30,63.40,151.59,0.870,-1,-1,-1
461,131,1189.67,304.30,47.66,222.31,0.699,-1,-1,-1
461,132,679.92,344.32,22.13,63.94,0.670,-1,-1,-1
461,135,1146.71,330.23,43.73,139.64,0.835,-1,-1,-1
461,136,1089.00,338.69,31.11,71.14,0.636,-1,-1,-1
461,137,1019.30,343.12,20.96,46.32,0.666,-1,-1,-1
461,138,701.74,347.47,22.66,59.69,0.699,-1,-1,-1
461,139,1488.46,295.65,39.28,78.99,0.549,-1,-1,-1
461,140,85.66,313.56,34.67,51.59,0.563,-1,-1,-1
462,54,347.30,255.21,214.42,452.44,0.931,-1,-1,-1
462,66,927.61,331.68,45.36,144.69,0.797,-1,-1,-1
462,73,1209.99,291.63,74.95,247.50,0.727,-1,-1,-1
462,94,814.55,319.49,54.10,157.33,0.855,-1,-1,-1
462,115,612.22,334.32,41.74,90.65,0.823,-1,-1,-1
462,123,975.45,331.26,26.11,71.34,0.745,-1,-1,-1
462,129,27.45,338.19,64.53,151.83,0.828,-1,-1,-1
462,131,1190.52,302.95,47.64,222.82,0.721,-1,-1,-1
462,132,680.23,342.88,22.03,63.82,0.674,-1,-1,-1
462,135,1146.51,329.15,43.84,139.45,0.831,-1,-1,-1
462,136,1090.26,338.29,30.25,69.36,0.631,-1,-1,-1
462,137,1020.08,342.76,20.61,45.56,0.534,-1,-1,-1
462,138,701.80,345.89,23.11,60.90,0.682,-1,-1,-1
462,139,1489.61,294.34,39.53,79.39,0.571,-1,-1,-1
462,141,657.75,339.59,21.63,70.05,0.699,-1,-1,-1
463,54,345.04,250.53,216.58,456.23,0.937,-1,-1,-1
463,66,928.12,333.25,44.47,141.47,0.821,-1,-1,-1
463,73,1213.71,289.44,75.63,249.40,0.687,-1,-1,-1
463,94,815.11,318.80,54.22,158.40,0.871,-1,-1,-1
463,115,613.57,333.81,41.21,89.80,0.837,-1,-1,-1
463,123,976.10,330.15,26.08,71.15,0.765,-1,-1,-1
463,129,13.65,335.97,66.33,154.08,0.804,-1,-1,-1
463,131,1192.96,300.48,48.04,224.57,0.785,-1,-1,-1
463,132,680.81,341.17,22.08,64.29,0.728,-1,-1,-1
463,135,1148.50,328.90,44.41,139.38,0.813,-1,-1,-1
463,136,1090.63,334.03,32.18,74.20,0.595,-1,-1,-1
463,137,1021.04,341.23,20.88,46.19,0.595,-1,-1,-1
463,138,701.74,345.57,22.84,60.31,0.622,-1,-1,-1
463,139,1491.89,291.72,40.20,80.61,0.638,-1,-1,-1
463,140,85.02,311.68,34.73,51.64,0.504,-1,-1,-1
463,141,656.79,339.09,21.68,70.03,0.722,-1,-1,-1
464,54,342.88,248.36,216.96,458.06,0.933,-1,-1,-1
464,66,927.95,332.81,44.47,141.46,0.823,-1,-1,-1
464,73,1216.84,288.03,76.30,250.56,0.708,-1,-1,-1
464,94,816.09,318.45,53.99,158.07,0.857,-1,-1,-1
464,115,613.81,333.84,40.85,89.28,0.848,-1,-1,-1
464,123,976.55,329.80,26.05,70.84,0.766,-1,-1,-1
464,129,5.21,334.65,66.75,154.61,0.833,-1,-1,-1
464,131,1194.40,299.35,48.18,225.15,0.783,-1,-1,-1
464,132,681.54,340.22,22.06,64.53,0.722,-1,-1,-1
464,135,1149.43,329.42,44.70,138.54,0.822,-1,-1,-1
464,136,1091.77,333.48,32.61,75.58,0.620,-1,-1,-1
464,138,701.94,345.26,22.63,59.86,0.525,-1,-1,-1
464,139,1493.63,288.90,41.06,82.24,0.684,-1,-1,-1
464,141,656.84,339.69,21.29,68.49,0.740,-1,-1,-1
465,54,339.64,247.73,215.62,458.38,0.937,-1,-1,-1
465,66,927.77,332.09,44.50,141.52,0.816,-1,-1,-1
465,73,1219.17,288.01,77.49,251.46,0.783,-1,-1,-1
465,94,817.11,318.67,53.19,156.26,0.853,-1,-1,-1
465,115,615.06,334.58,40.25,88.41,0.831,-1,-1,-1
465,122,886.17,352.27,39.02,81.27,0.520,-1,-1,-1
465,123,976.92,330.17,26.14,70.84,0.763,-1,-1,-1
465,129,-1.32,333.89,66.36,154.52,0.833,-1,-1,-1
465,131,1195.53,299.78,48.29,226.09,0.756,-1,-1,-1
465,132,682.29,340.43,21.90,64.44,0.713,-1,-1,-1
465,135,1150.04,330.16,44.85,137.73,0.803,-1,-1,-1
465,140,82.68,310.67,35.25,52.43,0.546,-1,-1,-1
465,141,655.93,338.13,21.92,70.29,0.724,-1,-1,-1
466,54,336.36,247.20,213.99,459.55,0.932,-1,-1,-1
466,66,928.39,332.31,44.29,140.68,0.787,-1,-1,-1
466,73,1218.48,287.80,79.51,253.55,0.802,-1,-1,-1
466,94,817.81,318.65,53.60,158.52,0.840,-1,-1,-1
466,115,616.62,335.16,39.78,87.58,0.832,-1,-1,-1
466,122,887.63,351.17,38.90,81.14,0.607,-1,-1,-1
466,123,977.66,330.59,25.96,70.29,0.739,-1,-1,-1
466,129,-3.30,333.75,66.81,155.48,0.800,-1,-1,-1
466,131,1196.30,299.83,48.37,226.89,0.704,-1,-1,-1
466,132,683.33,340.13,21.97,64.84,0.657,-1,-1,-1
466,135,1149.73,330.56,45.01,137.99,0.760,-1,-1,-1
466,139,1497.78,290.16,40.82,81.51,0.592,-1,-1,-1
466,141,655.68,337.87,22.21,70.98,0.668,-1,-1,-1
467,54,330.48,245.93,211.17,459.93,0.912,-1,-1,-1
467,66,927.92,332.87,43.80,139.39,0.727,-1,-1,-1
467,73,1217.75,287.74,80.93,253.97,0.804,-1,-1,-1
467,94,816.75,318.88,53.80,159.40,0.806,-1,-1,-1
467,115,615.62,335.19,39.57,87.32,0.794,-1,-1,-1
467,123,977.31,331.07,25.75,69.89,0.609,-1,-1,-1
467,129,-6.26,333.36,65.42,155.09,0.718,-1,-1,-1
467,131,1197.47,298.79,48.52,227.51,0.692,-1,-1,-1
467,132,683.17,340.08,21.60,63.47,0.606,-1,-1,-1
467,135,1148.58,329.99,45.48,138.92,0.804,-1,-1,-1
467,136,1094.14,334.96,33.28,77.67,0.503,-1,-1,-1
468,54,321.78,248.10,209.81,464.15,0.922,-1,-1,-1
468,66,927.17,332.66,43.90,139.83,0.786,-1,-1,-1
468,73,1218.20,288.71,82.14,254.64,0.778,-1,-1,-1
468,94,816.90,319.11,53.37,158.72,0.835,-1,-1,-1
468,115,615.61,335.80,40.26,88.53,0.816,-1,-1,-1
468,123,978.02,330.43,26.35,71.10,0.781,-1,-1,-1
468,129,-8.54,334.05,64.52,155.33,0.817,-1,-1,-1
468,131,1198.32,300.49,48.44,227.67,0.723,-1,-1,-1
468,132,683.28,341.24,21.77,64.02,0.687,-1,-1,-1
468,135,1148.47,330.32,45.28,137.73,0.808,-1,-1,-1
468,136,1094.31,335.72,33.64,78.99,0.736,-1,-1,-1
468,137,1024.90,343.08,21.36,47.38,0.587,-1,-1,-1
468,138,703.24,346.40,22.61,59.97,0.520,-1,-1,-1
468,139,1500.87,292.71,41.18,82.05,0.565,-1,-1,-1
468,141,654.10,338.67,21.82,69.50,0.590,-1,-1,-1
469,54,313.78,251.29,208.04,468.37,0.918,-1,-1,-1
469,66,925.66,333.74,44.20,141.43,0.803,-1,-1,-1
469,73,1214.22,291.72,83.34,254.79,0.718,-1,-1,-1
469,94,815.62,320.17,53.55,159.32,0.842,-1,-1,-1
469,115,615.03,336.89,41.01,90.45,0.817,-1,-1,-1
469,122,887.75,353.74,39.19,81.51,0.515,-1,-1,-1
469,123,976.80,332.94,26.58,70.84,0.772,-1,-1,-1
469,129,-10.42,336.48,63.13,155.27,0.835,-1,-1,-1
469,131,1199.03,301.69,48.67,228.98,0.701,-1,-1,-1
469,132,682.54,343.45,21.68,63.53,0.742,-1,-1,-1
469,135,1146.99,332.06,45.36,137.49,0.846,-1,-1,-1
469,136,1095.14,337.50,33.72,79.97,0.733,-1,-1,-1
469,137,1024.76,345.33,20.96,46.60,0.620,-1,-1,-1
469,138,703.64,348.77,22.17,58.89,0.551,-1,-1,-1
469,139,1501.40,294.95,41.04,81.46,0.589,-1,-1,-1
469,141,652.66,341.86,21.59,68.36,0.633,-1,-1,-1
470,54,308.17,253.89,205.19,469.56,0.904,-1,-1,-1
470,66,925.14,335.05,44.44,142.49,0.747,-1,-1,-1
470,73,1212.86,293.89,84.16,255.07,0.761,-1,-1,-1
470,94,814.45,320.98,53.99,160.38,0.835,-1,-1,-1
470,115,615.46,337.79,41.31,91.55,0.808,-1,-1,-1
470,123,976.85,334.48,26.76,70.97,0.746,-1,-1,-1
470,129,-12.35,338.11,61.84,154.89,0.716,-1,-1,-1
470,131,1201.01,303.60,48.99,230.07,0.547,-1,-1,-1
470,132,682.91,346.45,21.28,61.73,0.560,-1,-1,-1
470,135,1146.06,333.36,45.72,138.02,0.827,-1,-1,-1
470,137,1023.85,344.29,21.78,48.56,0.521,-1,-1,-1
470,138,703.42,348.90,22.63,60.03,0.514,-1,-1,-1
471,54,301.99,254.24,203.29,472.80,0.902,-1,-1,-1
471,66,923.88,336.06,44.25,142.20,0.798,-1,-1,-1
471,73,1211.75,294.77,85.56,257.03,0.724,-1,-1,-1
471,94,812.64,320.64,54.29,161.01,0.867,-1,-1,-1
471,115,614.70,336.47,41.76,92.93,0.834,-1,-1,-1
471,122,885.69,353.04,40.06,83.38,0.573,-1,-1,-1
471,123,976.00,334.55,27.00,71.24,0.762,-1,-1,-1
471,129,-15.00,337.88,59.64,153.35,0.705,-1,-1,-1
471,131,1199.23,304.56,49.17,230.57,0.714,-1,-1,-1
471,132,682.19,347.96,20.88,59.99,0.665,-1,-1,-1
471,134,995.24,341.74,21.63,50.40,0.540,-1,-1,-1
471,135,1144.51,333.14,46.18,138.54,0.838,-1,-1,-1
471,136,1096.35,338.26,32.73,78.18,0.665,-1,-1,-1
471,137,1023.52,345.20,21.53,48.19,0.586,-1,-1,-1
471,138,702.89,348.86,22.48,59.51,0.552,-1,-1,-1
471,139,1503.43,298.07,40.44,80.02,0.540,-1,-1,-1
472,54,294.40,255.28,201.41,477.41,0.915,-1,-1,-1
472,66,922.23,335.77,44.55,143.66,0.792,-1,-1,-1
472,73,1215.49,294.09,86.86,260.06,0.738,-1,-1,-1
472,94,810.47,321.11,54.56,161.36,0.869,-1,-1,-1
472,115,613.41,336.33,42.20,94.64,0.839,-1,-1,-1
472,122,884.49,354.65,39.96,82.69,0.638,-1,-1,-1
472,123,974.69,334.65,27.37,71.63,0.787,-1,-1,-1
472,129,-17.62,339.20,57.49,152.66,0.693,-1,-1,-1
472,131,1198.32,306.33,49.53,230.76,0.758,-1,-1,-1
472,132,680.44,347.84,21.08,60.26,0.618,-1,-1,-1
472,134,994.82,342.65,21.53,50.97,0.557,-1,-1,-1
472,135,1142.09,333.71,46.66,139.02,0.839,-1,-1,-1
472,136,1095.56,339.46,33.09,79.69,0.677,-1,-1,-1
472,138,701.95,351.53,21.51,56.96,0.505,-1,-1,-1
472,139,1503.49,299.33,40.77,80.52,0.517,-1,-1,-1
473,54,284.06,255.71,198.13,477.10,0.930,-1,-1,-1
473,66,918.91,336.67,44.54,144.12,0.798,-1,-1,-1
473,73,1214.20,294.55,87.30,261.52,0.741,-1,-1,-1
473,94,805.92,321.75,54.85,161.42,0.861,-1,-1,-1
473,115,610.09,335.79,42.50,96.14,0.808,-1,-1,-1
473,122,881.88,354.44,40.63,83.83,0.537,-1,-1,-1
473,123,971.80,335.13,27.61,71.97,0.782,-1,-1,-1
473,131,1197.09,307.32,50.16,232.21,0.716,-1,-1,-1
473,132,677.24,348.91,20.86,58.93,0.666,-1,-1,-1
473,134,992.60,342.76,21.80,52.43,0.523,-1,-1,-1
473,135,1138.35,335.08,47.23,138.96,0.839,-1,-1,-1
473,136,1093.82,340.17,32.48,78.91,0.657,-1,-1,-1
473,137,1021.04,346.07,21.65,48.53,0.520,-1,-1,-1
474,54,276.14,254.98,195.75,477.05,0.912,-1,-1,-1
474,66,916.34,335.84,44.95,145.87,0.808,-1,-1,-1
474,73,1214.68,294.43,87.56,263.15,0.753,-1,-1,-1
474,94,801.95,321.51,55.36,162.05,0.882,-1,-1,-1
474,115,607.73,335.08,42.73,97.51,0.817,-1,-1,-1
474,122,879.32,353.93,41.04,84.64,0.598,-1,-1,-1
474,123,970.21,335.49,27.60,72.01,0.775,-1,-1,-1
474,131,1194.76,307.69,50.60,234.05,0.749,-1,-1,-1
474,132,674.46,347.51,21.53,60.37,0.701,-1,-1,-1
474,134,991.16,343.64,21.24,51.90,0.587,-1,-1,-1
474,135,1134.90,336.24,47.50,138.26,0.829,-1,-1,-1
474,136,1091.87,340.55,32.22,78.93,0.694,-1,-1,-1
474,137,1019.10,347.25,21.20,47.61,0.588,-1,-1,-1
474,138,698.00,349.82,22.24,58.79,0.546,-1,-1,-1
475,54,270.72,254.97,193.95,476.27,0.901,-1,-1,-1
475,66,915.32,336.45,44.67,145.40,0.789,-1,-1,-1
475,73,1214.86,294.44,87.99,264.25,0.743,-1,-1,-1
475,94,799.41,321.43,55.37,162.22,0.812,-1,-1,-1
475,115,606.48,335.56,42.60,97.79,0.795,-1,-1,-1
475,122,876.92,354.89,40.90,84.30,0.537,-1,-1,-1
475,123,969.37,336.59,27.38,71.40,0.747,-1,-1,-1
475,131,1193.35,308.15,50.97,235.46,0.732,-1,-1,-1
475,132,672.33,347.17,21.97,61.14,0.653,-1,-1,-1
475,135,1132.28,337.45,47.66,137.74,0.812,-1,-1,-1
475,136,1091.17,340.86,32.05,79.06,0.644,-1,-1,-1
476,54,265.60,253.87,194.58,479.59,0.905,-1,-1,-1
476,66,914.33,335.86,44.78,146.07,0.804,-1,-1,-1
476,73,1215.45,293.81,88.47,265.46,0.764,-1,-1,-1
476,94,796.89,321.83,55.27,161.35,0.852,-1,-1,-1
476,115,605.06,335.73,45.08,104.52,0.782,-1,-1,-1
476,122,876.33,355.51,40.62,83.52,0.532,-1,-1,-1
476,123,968.69,336.20,27.49,71.87,0.780,-1,-1,-1
476,131,1193.12,308.00,51.22,236.36,0.760,-1,-1,-1
476,132,671.47,346.48,22.02,60.93,0.744,-1,-1,-1
476,134,989.88,344.21,20.56,50.94,0.579,-1,-1,-1
476,135,1130.84,337.93,48.20,137.33,0.836,-1,-1,-1
476,136,1090.69,341.00,32.54,81.04,0.700,-1,-1,-1
476,138,694.50,350.36,22.04,58.38,0.534,-1,-1,-1
476,139,1502.61,303.84,40.15,78.62,0.595,-1,-1,-1
477,54,260.34,253.12,195.90,483.17,0.915,-1,-1,-1
477,66,914.16,340.08,43.51,141.95,0.762,-1,-1,-1
477,73,1214.74,292.70,89.01,267.44,0.756,-1,-1,-1
477,94,794.93,322.44,55.37,161.07,0.849,-1,-1,-1
477,115,605.24,336.52,45.65,106.32,0.811,-1,-1,-1
477,123,968.22,336.80,27.14,71.23,0.780,-1,-1,-1
477,131,1193.45,307.09,51.57,237.50,0.723,-1,-1,-1
477,132,670.22,346.52,22.17,61.16,0.726,-1,-1,-1
477,135,1128.93,338.67,48.82,136.77,0.843,-1,-1,-1
477,136,1090.58,341.17,31.96,80.27,0.660,-1,-1,-1
477,138,692.42,350.73,22.05,58.45,0.578,-1,-1,-1
477,139,1501.69,304.20,40.55,79.00,0.523,-1,-1,-1
478,54,258.20,254.94,200.05,485.91,0.918,-1,-1,-1
478,66,912.86,343.89,42.62,138.95,0.748,-1,-1,-1
478,73,1215.31,293.33,89.20,268.23,0.765,-1,-1,-1
478,94,792.19,324.44,55.54,160.97,0.856,-1,-1,-1
478,115,605.09,339.27,45.73,107.19,0.792,-1,-1,-1
478,123,967.70,339.20,26.35,69.69,0.751,-1,-1,-1
478,131,1193.75,307.93,51.90,238.21,0.702,-1,-1,-1
478,132,669.23,347.33,22.49,62.06,0.679,-1,-1,-1
478,134,987.49,346.18,20.63,52.02,0.625,-1,-1,-1
478,135,1125.66,340.60,49.31,136.33,0.831,-1,-1,-1
478,136,1089.86,342.24,32.48,82.54,0.634,-1,-1,-1
478,138,691.07,352.95,21.96,58.10,0.534,-1,-1,-1
478,139,1501.83,304.70,41.23,79.96,0.545,-1,-1,-1
479,54,256.69,258.66,201.79,482.23,0.904,-1,-1,-1
479,73,1217.43,294.12,89.57,269.58,0.646,-1,-1,-1
479,135,1124.11,342.46,48.81,135.37,0.684,-1,-1,-1
480,54,252.55,263.67,207.42,486.64,0.923,-1,-1,-1
480,66,912.40,350.05,42.15,136.71,0.718,-1,-1,-1
480,73,1218.26,294.87,90.20,272.01,0.766,-1,-1,-1
480,94,790.73,327.95,55.10,160.25,0.808,-1,-1,-1
480,115,606.43,344.91,44.70,105.96,0.803,-1,-1,-1
480,123,967.50,345.09,25.81,68.80,0.749,-1,-1,-1
480,132,668.24,350.61,23.09,64.09,0.661,-1,-1,-1
480,135,1121.64,343.59,49.90,138.08,0.807,-1,-1,-1
480,138,689.02,354.61,23.63,62.89,0.563,-1,-1,-1
481,54,250.60,264.88,211.44,488.03,0.919,-1,-1,-1
481,66,914.30,350.31,42.60,137.20,0.736,-1,-1,-1
481,73,1219.68,296.51,90.21,273.10,0.769,-1,-1,-1
481,94,792.50,329.20,55.40,161.19,0.838,-1,-1,-1
481,115,608.81,346.67,43.91,105.09,0.783,-1,-1,-1
481,123,969.38,346.40,25.63,68.43,0.722,-1,-1,-1
481,135,1122.00,344.14,50.38,137.73,0.787,-1,-1,-1
482,54,249.73,268.85,215.07,488.81,0.923,-1,-1,-1
482,66,915.34,350.06,42.96,138.13,0.692,-1,-1,-1
482,73,1223.10,297.27,90.06,272.92,0.675,-1,-1,-1
482,94,795.32,329.71,55.64,161.58,0.852,-1,-1,-1
482,115,612.32,348.61,43.29,104.53,0.803,-1,-1,-1
482,122,875.70,362.59,41.11,85.09,0.543,-1,-1,-1
482,123,972.02,346.73,25.48,68.33,0.726,-1,-1,-1
482,131,1200.43,310.59,53.07,243.11,0.549,-1,-1,-1
482,132,672.16,352.32,22.46,62.14,0.547,-1,-1,-1
482,135,1124.03,344.10,50.63,137.33,0.779,-1,-1,-1
483,54,246.90,275.41,217.62,487.83,0.917,-1,-1,-1
483,66,917.33,347.99,43.67,140.82,0.728,-1,-1,-1
483,73,1227.20,297.34,90.48,275.47,0.686,-1,-1,-1
483,94,798.63,329.84,55.16,160.32,0.867,-1,-1,-1
483,115,617.20,348.70,43.69,106.45,0.814,-1,-1,-1
483,122,880.41,364.82,40.18,83.45,0.582,-1,-1,-1
483,131,1206.92,310.90,53.76,244.85,0.666,-1,-1,-1
483,134,979.18,346.57,25.77,65.93,0.759,-1,-1,-1
483,135,1127.35,344.05,51.18,137.63,0.831,-1,-1,-1
483,142,377.99,336.43,68.46,114.94,0.648,-1,-1,-1
484,54,245.89,279.65,220.89,489.15,0.920,-1,-1,-1
484,66,919.09,341.71,45.46,146.65,0.742,-1,-1,-1
484,73,1232.99,296.02,90.79,277.75,0.702,-1,-1,-1
484,94,802.08,328.42,55.30,160.85,0.844,-1,-1,-1
484,115,621.62,347.06,43.91,107.88,0.806,-1,-1,-1
484,122,883.79,364.72,40.08,83.77,0.533,-1,-1,-1
484,131,1212.49,309.45,54.26,246.44,0.682,-1,-1,-1
484,134,980.89,344.77,26.37,68.35,0.760,-1,-1,-1
484,135,1130.66,342.84,51.67,137.94,0.832,-1,-1,-1
484,138,686.30,353.77,24.01,63.95,0.594,-1,-1,-1
484,142,378.86,336.04,68.75,115.47,0.546,-1,-1,-1
485,54,244.17,281.70,224.06,491.05,0.917,-1,-1,-1
485,66,920.85,338.82,46.32,149.11,0.791,-1,-1,-1
485,73,1238.18,294.88,90.99,278.98,0.733,-1,-1,-1
485,94,804.48,326.97,55.88,162.73,0.857,-1,-1,-1
485,115,625.40,344.98,44.25,109.92,0.803,-1,-1,-1
485,122,886.12,364.99,39.79,83.24,0.606,-1,-1,-1
485,131,1215.97,308.09,54.69,248.26,0.663,-1,-1,-1
485,134,982.28,343.55,27.04,70.48,0.767,-1,-1,-1
485,135,1133.41,341.86,52.15,138.26,0.840,-1,-1,-1
485,138,686.85,352.82,23.85,64.00,0.632,-1,-1,-1
485,142,367.77,335.72,89.81,151.65,0.561,-1,-1,-1
485,143,707.40,353.97,24.18,62.58,0.582,-1,-1,-1
486,54,241.20,284.52,226.22,491.07,0.920,-1,-1,-1
486,66,919.82,336.02,46.85,150.43,0.826,-1,-1,-1
486,73,1243.05,293.96,91.29,279.24,0.742,-1,-1,-1
486,94,806.04,325.80,55.93,163.48,0.867,-1,-1,-1
486,115,628.42,342.96,44.29,110.82,0.821,-1,-1,-1
486,122,886.96,364.59,39.56,82.87,0.506,-1,-1,-1
486,131,1218.94,306.83,54.99,249.00,0.643,-1,-1,-1
486,134,983.46,341.02,27.20,71.82,0.775,-1,-1,-1
486,135,1133.94,340.96,52.45,137.99,0.846,-1,-1,-1
486,138,687.36,353.15,23.18,62.66,0.640,-1,-1,-1
486,142,362.13,334.84,99.57,169.37,0.632,-1,-1,-1
486,143,708.76,355.87,23.02,59.66,0.505,-1,-1,-1
487,54,238.67,286.43,227.31,488.55,0.919,-1,-1,-1
487,66,920.75,333.73,47.56,150.53,0.808,-1,-1,-1
487,73,1248.19,290.43,92.85,281.39,0.769,-1,-1,-1
487,94,807.65,323.31,55.69,163.60,0.864,-1,-1,-1
487,115,629.75,339.00,44.42,111.83,0.806,-1,-1,-1
487,131,1220.30,305.08,55.16,249.97,0.642,-1,-1,-1
487,134,984.68,338.74,27.08,71.76,0.746,-1,-1,-1
487,135,1135.17,338.89,52.60,137.96,0.853,-1,-1,-1
487,138,688.64,351.60,22.67,61.34,0.639,-1,-1,-1
487,142,356.99,332.99,105.16,180.69,0.619,-1,-1,-1
488,54,232.20,288.10,231.07,492.78,0.924,-1,-1,-1
488,66,921.60,332.01,47.87,150.48,0.811,-1,-1,-1
488,73,1248.89,287.54,93.45,284.16,0.751,-1,-1,-1
488,94,809.63,322.12,55.39,163.09,0.855,-1,-1,-1
488,115,634.05,336.84,44.06,111.75,0.811,-1,-1,-1
488,131,1223.82,302.37,55.79,251.78,0.551,-1,-1,-1
488,134,987.01,338.20,26.31,70.03,0.766,-1,-1,-1
488,135,1137.64,337.21,52.40,137.09,0.839,-1,-1,-1
488,137,1008.92,343.47,22.66,51.96,0.622,-1,-1,-1
488,138,690.95,349.32,22.50,60.93,0.659,-1,-1,-1
488,142,351.82,331.83,113.84,197.42,0.550,-1,-1,-1
488,143,712.75,350.14,23.73,61.47,0.587,-1,-1,-1
488,144,1119.17,336.16,24.07,85.43,0.581,-1,-1,-1
488,145,1037.85,346.76,20.58,47.31,0.607,-1,-1,-1
489,54,227.40,288.03,233.57,494.50,0.924,-1,-1,-1
489,66,921.14,330.80,48.00,150.15,0.816,-1,-1,-1
489,73,1250.21,285.59,93.09,284.33,0.678,-1,-1,-1
489,94,811.92,320.80,54.60,160.90,0.845,-1,-1,-1
489,115,637.41,335.81,43.43,110.66,0.817,-1,-1,-1
489,131,1227.54,299.65,56.21,253.74,0.633,-1,-1,-1
489,134,988.52,336.84,26.34,70.51,0.762,-1,-1,-1
489,135,1139.90,335.93,52.20,136.44,0.817,-1,-1,-1
489,137,1009.75,341.96,22.39,52.42,0.632,-1,-1,-1
489,138,693.13,347.39,22.38,60.89,0.691,-1,-1,-1
489,142,347.03,330.09,119.95,210.69,0.582,-1,-1,-1
489,143,714.86,349.26,23.28,60.40,0.531,-1,-1,-1
489,144,1122.86,335.16,23.82,84.32,0.709,-1,-1,-1
489,145,1039.52,344.35,20.99,48.28,0.503,-1,-1,-1
490,54,223.46,288.48,235.86,495.94,0.925,-1,-1,-1
490,66,921.78,330.61,48.01,148.91,0.805,-1,-1,-1
490,73,1252.92,283.88,92.93,285.20,0.705,-1,-1,-1
490,94,814.48,319.32,54.73,161.54,0.858,-1,-1,-1
490,115,640.25,335.72,42.92,109.72,0.819,-1,-1,-1
490,131,1231.45,298.00,56.46,254.78,0.620,-1,-1,-1
490,134,990.55,335.30,26.30,70.74,0.780,-1,-1,-1
490,135,1142.91,334.48,52.29,136.53,0.805,-1,-1,-1
490,137,1010.88,340.84,22.59,53.96,0.581,-1,-1,-1
490,138,696.08,346.97,22.30,60.92,0.667,-1,-1,-1
490,142,343.87,328.99,126.54,225.99,0.664,-1,-1,-1
490,144,1125.88,334.44,24.17,85.39,0.643,-1,-1,-1
490,145,1041.78,343.61,21.06,48.39,0.616,-1,-1,-1
491,54,219.91,289.06,238.57,498.62,0.918,-1,-1,-1
491,66,921.93,330.17,48.40,149.27,0.828,-1,-1,-1
491,73,1256.19,282.46,93.70,288.49,0.758,-1,-1,-1
491,94,816.19,319.99,54.70,161.75,0.858,-1,-1,-1
491,115,642.21,336.41,42.65,109.58,0.807,-1,-1,-1
491,131,1236.30,297.28,56.80,255.11,0.796,-1,-1,-1
491,134,992.18,333.97,26.61,71.78,0.795,-1,-1,-1
491,135,1144.68,333.65,52.47,136.70,0.810,-1,-1,-1
491,137,1013.09,340.66,22.16,54.05,0.678,-1,-1,-1
491,138,698.52,346.40,22.12,60.85,0.683,-1,-1,-1
491,142,341.47,328.27,128.68,233.84,0.655,-1,-1,-1
491,144,1127.63,334.86,24.37,85.95,0.717,-1,-1,-1
491,145,1043.57,343.83,20.92,48.02,0.642,-1,-1,-1
492,54,215.78,288.93,241.75,502.20,0.920,-1,-1,-1
492,66,922.69,330.06,48.56,148.70,0.815,-1,-1,-1
492,73,1258.93,282.28,94.93,291.54,0.794,-1,-1,-1
492,94,818.45,320.34,54.92,162.94,0.859,-1,-1,-1
492,115,644.36,337.96,42.54,110.11,0.793,-1,-1,-1
492,131,1239.28,297.25,56.79,255.91,0.813,-1,-1,-1
492,134,993.78,334.26,26.67,71.96,0.797,-1,-1,-1
492,135,1146.86,333.74,52.24,136.07,0.818,-1,-1,-1
492,137,1015.64,341.21,21.85,54.19,0.671,-1,-1,-1
492,138,700.71,346.26,22.17,61.39,0.667,-1,-1,-1
492,142,338.28,328.86,129.93,241.58,0.708,-1,-1,-1
492,143,720.95,348.67,23.37,60.61,0.523,-1,-1,-1
492,144,1129.72,335.73,24.91,87.68,0.755,-1,-1,-1
492,145,1045.28,344.01,21.14,48.54,0.547,-1,-1,-1
493,54,207.63,289.79,246.61,508.50,0.930,-1,-1,-1
493,66,924.90,334.22,48.05,145.73,0.690,-1,-1,-1
493,73,1266.86,282.20,96.33,293.93,0.784,-1,-1,-1
493,94,821.30,321.76,54.86,163.10,0.864,-1,-1,-1
493,115,648.33,340.72,42.04,109.57,0.814,-1,-1,-1
493,131,1243.16,297.93,57.44,259.34,0.661,-1,-1,-1
493,134,996.40,336.00,26.49,71.22,0.773,-1,-1,-1
493,135,1149.10,334.91,52.20,135.96,0.815,-1,-1,-1
493,137,1019.35,343.10,21.33,53.71,0.706,-1,-1,-1
493,138,703.88,347.44,22.24,61.89,0.605,-1,-1,-1
493,141,630.56,346.36,22.45,70.91,0.502,-1,-1,-1
493,142,335.73,330.06,130.98,249.82,0.737,-1,-1,-1
493,144,1132.35,336.74,25.16,88.38,0.549,-1,-1,-1
493,145,1048.64,346.90,21.18,48.61,0.594,-1,-1,-1
494,54,201.38,290.64,249.67,511.88,0.925,-1,-1,-1
494,66,927.27,337.73,47.76,143.06,0.679,-1,-1,-1
494,73,1271.92,282.89,97.60,295.78,0.813,-1,-1,-1
494,94,822.31,323.63,54.32,161.41,0.861,-1,-1,-1
494,115,651.54,341.17,41.88,109.78,0.777,-1,-1,-1
494,131,1248.26,298.90,57.92,260.22,0.670,-1,-1,-1
494,134,999.02,338.91,26.18,70.69,0.682,-1,-1,-1
494,135,1151.04,335.77,52.52,136.69,0.795,-1,-1,-1
494,138,706.04,347.67,23.07,64.01,0.526,-1,-1,-1
494,142,331.78,330.76,131.30,254.25,0.605,-1,-1,-1
495,54,195.32,291.31,252.85,515.16,0.928,-1,-1,-1
495,66,930.23,347.24,45.83,135.56,0.743,-1,-1,-1
495,73,1274.67,285.01,97.87,296.93,0.698,-1,-1,-1
495,94,824.37,324.73,54.34,161.85,0.869,-1,-1,-1
495,115,654.16,343.04,41.78,109.85,0.826,-1,-1,-1
495,131,1252.08,300.39,58.34,261.72,0.689,-1,-1,-1
495,134,1001.33,339.59,26.80,72.24,0.764,-1,-1,-1
495,135,1152.20,337.41,53.26,138.09,0.841,-1,-1,-1
495,137,1024.16,345.93,21.12,53.75,0.626,-1,-1,-1
495,138,708.15,349.11,23.18,64.77,0.677,-1,-1,-1
495,141,630.35,348.84,23.04,70.89,0.621,-1,-1,-1
495,142,332.76,332.27,128.37,255.01,0.747,-1,-1,-1
495,145,1053.64,351.28,20.78,47.58,0.609,-1,-1,-1
496,54,189.09,290.38,256.81,520.33,0.930,-1,-1,-1
496,66,930.07,342.39,47.72,140.52,0.680,-1,-1,-1
496,73,1276.95,285.43,97.69,297.66,0.685,-1,-1,-1
496,94,825.94,323.62,54.66,162.61,0.858,-1,-1,-1
496,115,655.96,341.83,41.69,109.51,0.816,-1,-1,-1
496,131,1254.88,300.18,58.80,262.54,0.699,-1,-1,-1
496,134,1002.88,339.57,26.85,72.17,0.770,-1,-1,-1
496,135,1153.61,337.45,53.30,137.97,0.829,-1,-1,-1
496,137,1027.02,345.65,21.21,54.50,0.668,-1,-1,-1
496,138,709.90,350.03,23.05,64.48,0.583,-1,-1,-1
496,141,630.29,347.87,23.71,72.29,0.610,-1,-1,-1
496,142,333.48,332.71,126.10,256.69,0.750,-1,-1,-1
496,145,1054.52,348.71,22.37,51.33,0.604,-1,-1,-1
497,54,181.82,290.84,261.52,527.30,0.924,-1,-1,-1
497,66,929.46,345.19,46.90,138.84,0.672,-1,-1,-1
497,73,1280.31,287.45,97.96,299.70,0.735,-1,-1,-1
497,94,826.04,324.95,55.06,163.89,0.871,-1,-1,-1
497,115,657.43,343.06,41.40,109.30,0.834,-1,-1,-1
497,131,1256.61,301.81,59.20,264.29,0.787,-1,-1,-1
497,134,1003.95,339.65,27.33,73.51,0.756,-1,-1,-1
497,135,1153.90,339.60,53.36,137.41,0.821,-1,-1,-1
497,137,1028.39,346.68,21.18,54.71,0.601,-1,-1,-1
497,138,710.48,350.57,23.15,64.88,0.649,-1,-1,-1
497,141,629.22,348.87,24.24,72.31,0.629,-1,-1,-1
497,142,333.04,333.74,123.42,257.85,0.805,-1,-1,-1
497,144,1141.17,340.09,25.23,88.33,0.532,-1,-1,-1
497,145,1055.31,348.69,22.96,52.77,0.512,-1,-1,-1
498,54,171.80,289.63,266.16,534.13,0.928,-1,-1,-1
498,66,927.54,341.86,48.02,142.84,0.659,-1,-1,-1
498,73,1288.87,286.71,99.94,302.75,0.798,-1,-1,-1
498,94,826.70,324.14,55.49,164.37,0.875,-1,-1,-1
498,115,661.52,341.46,41.22,109.58,0.835,-1,-1,-1
498,131,1260.49,302.24,59.70,265.87,0.713,-1,-1,-1
498,134,1005.32,339.32,27.76,74.14,0.756,-1,-1,-1
498,135,1155.44,340.81,53.61,137.60,0.804,-1,-1,-1
498,137,1031.05,346.42,21.29,55.03,0.523,-1,-1,-1
498,138,712.64,350.64,23.32,64.93,0.642,-1,-1,-1
498,142,329.66,332.89,124.24,266.03,0.782,-1,-1,-1
499,54,162.74,288.75,269.97,539.11,0.933,-1,-1,-1
499,66,925.67,338.07,48.80,146.63,0.651,-1,-1,-1
499,73,1293.47,286.09,101.54,304.62,0.816,-1,-1,-1
499,94,825.99,323.39,55.89,164.93,0.891,-1,-1,-1
499,115,663.12,340.37,41.15,110.33,0.831,-1,-1,-1
499,131,1263.19,302.04,60.05,266.20,0.777,-1,-1,-1
499,134,1006.46,338.05,27.85,74.03,0.788,-1,-1,-1
499,135,1155.76,341.23,53.62,136.93,0.800,-1,-1,-1
499,137,1033.08,346.38,21.00,54.51,0.607,-1,-1,-1
499,138,713.41,349.78,23.45,64.95,0.621,-1,-1,-1
499,141,628.41,346.90,24.60,72.33,0.626,-1,-1,-1
499,142,328.10,331.81,121.49,265.90,0.786,-1,-1,-1
500,54,153.68,287.61,272.88,541.63,0.933,-1,-1,-1
500,66,923.27,334.27,49.03,148.79,0.692,-1,-1,-1
500,73,1296.54,284.75,102.58,304.95,0.810,-1,-1,-1
500,94,825.55,322.00,55.96,164.38,0.879,-1,-1,-1
500,115,663.95,338.49,41.22,111.08,0.834,-1,-1,-1
500,123,957.47,345.33,36.33,98.93,0.549,-1,-1,-1
500,131,1265.53,301.19,60.13,266.56,0.792,-1,-1,-1
500,134,1007.07,337.04,27.69,73.06,0.790,-1,-1,-1
500,135,1154.79,339.51,53.94,137.48,0.809,-1,-1,-1
500,137,1034.30,345.97,20.79,54.09,0.571,-1,-1,-1
500,138,713.65,348.15,23.44,64.77,0.636,-1,-1,-1
500,142,325.76,330.30,120.66,268.16,0.689,-1,-1,-1
500,146,1579.00,298.76,49.48,87.60,0.535,-1,-1,-1
501,54,145.34,283.48,276.78,546.35,0.931,-1,-1,-1
501,66,921.18,332.19,48.95,149.45,0.666,-1,-1,-1
501,73,1298.32,282.36,103.68,306.92,0.763,-1,-1,-1
501,94,824.93,319.78,56.27,164.43,0.886,-1,-1,-1
501,115,665.47,335.92,40.89,110.87,0.829,-1,-1,-1
501,131,1268.74,298.62,60.91,268.26,0.798,-1,-1,-1
501,134,1007.99,334.56,28.22,74.25,0.791,-1,-1,-1
501,135,1154.53,337.85,53.86,136.86,0.804,-1,-1,-1
501,137,1036.25,343.69,20.51,53.58,0.674,-1,-1,-1
501,138,714.30,346.05,23.28,64.00,0.660,-1,-1,-1
501,141,628.12,341.73,25.13,73.40,0.657,-1,-1,-1
501,142,326.24,327.91,117.04,264.57,0.703,-1,-1,-1
501,143,734.39,347.28,23.32,60.40,0.543,-1,-1,-1
501,145,1061.20,346.20,21.88,50.28,0.654,-1,-1,-1
502,54,135.14,280.51,281.23,551.68,0.936,-1,-1,-1
502,66,920.01,330.98,48.65,149.55,0.707,-1,-1,-1
502,73,1296.22,280.03,103.25,307.75,0.779,-1,-1,-1
502,94,824.96,318.81,56.31,163.70,0.872,-1,-1,-1
502,115,666.72,334.13,40.80,110.93,0.829,-1,-1,-1
502,131,1271.05,296.50,61.64,269.87,0.771,-1,-1,-1
502,134,1008.63,332.62,28.45,74.66,0.764,-1,-1,-1
502,135,1153.76,335.56,54.20,137.12,0.812,-1,-1,-1
502,137,1037.32,341.81,20.32,53.25,0.694,-1,-1,-1
502,138,714.63,344.75,23.26,63.58,0.655,-1,-1,-1
502,141,627.80,339.97,25.17,73.08,0.608,-1,-1,-1
502,142,328.60,325.71,113.62,262.98,0.725,-1,-1,-1
502,143,733.87,347.20,23.16,60.20,0.598,-1,-1,-1
502,145,1062.56,346.03,21.14,48.46,0.655,-1,-1,-1
503,54,119.43,276.71,287.42,560.02,0.933,-1,-1,-1
503,66,918.97,329.22,48.81,149.79,0.758,-1,-1,-1
503,73,1296.15,277.42,103.18,309.52,0.714,-1,-1,-1
503,94,823.81,317.34,56.54,163.46,0.881,-1,-1,-1
503,115,670.27,333.01,41.01,110.41,0.838,-1,-1,-1
503,131,1273.57,293.83,62.46,271.86,0.779,-1,-1,-1
503,134,1009.64,331.78,27.96,73.02,0.787,-1,-1,-1
503,135,1152.04,333.13,53.95,135.88,0.825,-1,-1,-1
503,137,1038.18,340.37,20.07,52.56,0.686,-1,-1,-1
503,138,714.95,342.08,23.16,63.31,0.632,-1,-1,-1
503,141,625.77,336.21,25.98,75.07,0.532,-1,-1,-1
503,142,322.73,322.71,115.58,272.88,0.702,-1,-1,-1
503,145,1064.03,345.31,20.86,47.73,0.506,-1,-1,-1
504,54,108.41,272.96,292.50,566.36,0.936,-1,-1,-1
504,66,918.72,325.65,49.51,152.10,0.774,-1,-1,-1
504,73,1300.00,275.66,103.45,309.89,0.730,-1,-1,-1
504,94,824.12,315.97,56.28,161.91,0.873,-1,-1,-1
504,115,673.44,332.05,41.24,109.93,0.819,-1,-1,-1
504,131,1276.45,291.75,63.15,273.95,0.695,-1,-1,-1
504,134,1012.08,331.20,27.37,71.72,0.724,-1,-1,-1
504,135,1151.55,330.64,54.15,136.06,0.817,-1,-1,-1
504,137,1039.17,338.71,20.40,53.11,0.632,-1,-1,-1
504,138,716.51,339.34,23.30,63.46,0.534,-1,-1,-1
504,141,625.94,334.89,26.06,74.80,0.555,-1,-1,-1
504,142,321.78,319.66,112.40,270.70,0.731,-1,-1,-1
505,54,97.73,270.49,298.11,574.94,0.931,-1,-1,-1
505,66,917.30,326.42,49.55,151.44,0.833,-1,-1,-1
505,73,1300.12,274.31,103.84,312.90,0.731,-1,-1,-1
505,94,822.14,316.06,56.93,162.72,0.889,-1,-1,-1
505,115,672.96,333.03,40.73,108.79,0.822,-1,-1,-1
505,131,1277.34,290.61,63.80,275.84,0.762,-1,-1,-1
505,134,1012.35,331.21,26.98,70.72,0.783,-1,-1,-1
505,135,1151.07,329.57,54.86,137.12,0.846,-1,-1,-1
505,137,1039.09,338.69,20.22,52.81,0.668,-1,-1,-1
505,138,716.22,338.58,23.01,62.72,0.541,-1,-1,-1
505,141,623.68,335.23,26.08,74.46,0.618,-1,-1,-1
505,142,319.29,318.87,110.15,270.21,0.703,-1,-1,-1
505,146,1589.75,288.66,51.48,91.31,0.588,-1,-1,-1
506,54,88.89,266.82,301.42,579.25,0.931,-1,-1,-1
506,66,916.00,324.96,49.88,152.07,0.835,-1,-1,-1
506,73,1301.28,272.71,104.34,316.50,0.808,-1,-1,-1
506,94,821.54,315.14,57.36,163.32,0.882,-1,-1,-1
506,115,673.47,333.32,40.10,107.45,0.846,-1,-1,-1
506,131,1278.21,289.20,64.52,277.68,0.808,-1,-1,-1
506,134,1013.23,330.13,27.14,71.33,0.757,-1,-1,-1
506,135,1151.58,328.32,55.05,137.27,0.834,-1,-1,-1
506,137,1039.33,338.13,20.21,52.88,0.728,-1,-1,-1
506,138,716.66,337.27,22.84,61.91,0.675,-1,-1,-1
506,141,622.40,333.74,26.27,74.79,0.533,-1,-1,-1
506,142,319.17,317.17,107.04,268.48,0.754,-1,-1,-1
506,143,738.39,345.02,23.08,59.38,0.577,-1,-1,-1
506,145,1066.06,343.50,20.81,47.57,0.519,-1,-1,-1
507,54,79.51,264.32,305.25,585.92,0.933,-1,-1,-1
507,73,1306.88,272.47,104.33,315.61,0.695,-1,-1,-1
507,94,824.51,314.53,54.62,155.16,0.814,-1,-1,-1
507,115,674.10,328.22,42.18,112.59,0.717,-1,-1,-1
507,135,1151.85,328.27,54.57,136.81,0.823,-1,-1,-1
507,142,314.59,316.47,106.04,268.45,0.535,-1,-1,-1
508,54,66.38,261.87,312.78,598.75,0.925,-1,-1,-1
508,66,914.13,325.12,49.43,149.64,0.720,-1,-1,-1
508,73,1309.41,271.20,105.50,320.08,0.772,-1,-1,-1
508,94,825.03,312.69,56.65,160.98,0.853,-1,-1,-1
508,115,676.73,330.63,41.23,110.21,0.830,-1,-1,-1
508,123,958.74,345.97,36.03,97.00,0.507,-1,-1,-1
508,131,1283.38,289.17,65.11,279.10,0.732,-1,-1,-1
508,134,1017.32,332.29,26.22,69.42,0.751,-1,-1,-1
508,135,1153.77,329.37,54.66,137.06,0.825,-1,-1,-1
508,137,1041.86,336.19,21.08,55.32,0.569,-1,-1,-1
508,138,719.74,335.89,24.03,65.32,0.604,-1,-1,-1
508,142,312.65,316.79,105.37,270.43,0.599,-1,-1,-1
508,143,738.73,329.58,29.45,76.18,0.570,-1,-1,-1
508,145,1069.61,343.77,21.50,48.59,0.531,-1,-1,-1
509,54,56.38,258.48,319.20,608.15,0.942,-1,-1,-1
509,66,914.98,322.37,50.39,151.45,0.673,-1,-1,-1
509,73,1318.17,269.48,107.51,323.71,0.779,-1,-1,-1
509,94,828.31,310.62,57.86,164.01,0.868,-1,-1,-1
509,115,681.26,329.11,41.19,109.84,0.816,-1,-1,-1
509,131,1288.72,287.65,65.69,280.17,0.706,-1,-1,-1
509,134,1020.93,330.57,26.28,69.83,0.688,-1,-1,-1
509,135,1157.07,328.82,54.55,136.52,0.815,-1,-1,-1
509,142,313.67,316.06,104.87,273.19,0.612,-1,-1,-1
510,54,48.35,255.96,324.27,615.29,0.935,-1,-1,-1
510,66,915.92,318.49,51.63,154.08,0.774,-1,-1,-1
510,73,1324.67,268.30,108.54,325.75,0.826,-1,-1,-1
510,94,831.12,309.12,57.55,163.36,0.872,-1,-1,-1
510,115,686.02,328.49,40.53,108.41,0.823,-1,-1,-1
510,123,966.33,354.05,32.62,84.74,0.654,-1,-1,-1
510,131,1294.97,285.53,66.82,283.42,0.818,-1,-1,-1
510,134,1023.98,327.71,27.02,71.99,0.760,-1,-1,-1
510,135,1160.50,327.70,54.72,136.90,0.861,-1,-1,-1
510,137,1048.26,334.33,20.60,54.33,0.727,-1,-1,-1
510,138,727.25,335.22,23.80,65.41,0.643,-1,-1,-1
510,142,315.83,314.65,103.42,273.91,0.622,-1,-1,-1
510,143,746.98,335.04,26.58,68.70,0.604,-1,-1,-1
510,145,1076.03,340.71,21.38,48.37,0.642,-1,-1,-1
511,54,42.00,255.03,327.71,619.23,0.929,-1,-1,-1
511,66,921.52,317.90,50.66,152.97,0.815,-1,-1,-1
511,73,1330.44,266.51,110.19,328.31,0.822,-1,-1,-1
511,94,833.05,308.03,57.32,163.58,0.857,-1,-1,-1
511,115,690.23,327.33,40.23,108.08,0.832,-1,-1,-1
511,123,969.59,355.18,32.49,82.26,0.660,-1,-1,-1
511,131,1299.89,284.00,67.77,285.22,0.831,-1,-1,-1
511,134,1026.77,326.12,27.03,72.13,0.760,-1,-1,-1
511,135,1163.88,326.13,55.00,137.89,0.847,-1,-1,-1
511,137,1051.36,332.92,20.47,54.06,0.658,-1,-1,-1
511,138,730.79,334.91,23.50,64.90,0.514,-1,-1,-1
511,142,316.76,313.64,103.42,278.46,0.597,-1,-1,-1
511,143,751.80,337.70,24.90,64.00,0.522,-1,-1,-1
512,54,33.17,251.35,334.35,629.11,0.944,-1,-1,-1
512,66,924.57,318.22,49.98,149.80,0.783,-1,-1,-1
512,73,1336.79,263.81,111.09,330.28,0.817,-1,-1,-1
512,94,836.64,306.18,56.85,162.22,0.871,-1,-1,-1
512,115,694.26,322.78,40.88,110.90,0.820,-1,-1,-1
512,123,972.49,354.13,32.74,81.32,0.601,-1,-1,-1
512,131,1303.64,281.51,68.26,286.34,0.793,-1,-1,-1
512,134,1030.82,323.70,26.89,72.20,0.779,-1,-1,-1
512,135,1168.14,323.78,55.02,138.09,0.866,-1,-1,-1
512,137,1055.03,330.70,20.33,54.11,0.642,-1,-1,-1
512,138,735.10,332.50,23.60,65.62,0.663,-1,-1,-1
512,142,317.64,311.51,103.26,282.65,0.639,-1,-1,-1
512,143,756.17,336.52,24.45,62.72,0.615,-1,-1,-1
512,145,1083.32,335.70,22.01,49.68,0.702,-1,-1,-1
513,54,17.85,248.27,339.88,635.68,0.942,-1,-1,-1
513,66,924.91,313.28,51.52,152.07,0.847,-1,-1,-1
513,73,1339.66,258.04,111.01,333.29,0.767,-1,-1,-1
513,94,840.28,301.66,57.70,164.85,0.863,-1,-1,-1
513,115,699.36,319.46,40.23,109.81,0.801,-1,-1,-1
513,123,975.11,350.23,33.42,81.97,0.674,-1,-1,-1
513,131,1310.44,275.69,69.37,289.79,0.772,-1,-1,-1
513,134,1035.24,321.42,26.11,70.05,0.778,-1,-1,-1
513,135,1172.15,320.67,54.66,137.13,0.804,-1,-1,-1
513,137,1058.67,326.36,20.75,55.56,0.581,-1,-1,-1
513,138,738.89,329.09,23.24,64.75,0.678,-1,-1,-1
513,142,318.70,307.58,101.63,281.85,0.590,-1,-1,-1
513,143,759.98,332.22,24.59,62.85,0.560,-1,-1,-1
513,145,1087.08,331.64,22.18,49.95,0.650,-1,-1,-1
514,54,8.28,244.55,344.50,641.46,0.943,-1,-1,-1
514,66,924.38,308.58,53.01,153.83,0.842,-1,-1,-1
514,73,1343.33,253.19,110.38,334.38,0.755,-1,-1,-1
514,94,841.36,297.73,57.87,166.49,0.856,-1,-1,-1
514,115,702.94,315.41,40.10,109.79,0.825,-1,-1,-1
514,123,978.50,347.07,33.20,80.22,0.618,-1,-1,-1
514,131,1316.20,271.10,70.21,292.41,0.794,-1,-1,-1
514,134,1038.25,315.71,26.64,71.86,0.768,-1,-1,-1
514,135,1175.08,316.33,54.18,136.00,0.804,-1,-1,-1
514,137,1061.73,322.06,20.89,56.11,0.610,-1,-1,-1
514,138,742.12,325.32,22.91,63.91,0.676,-1,-1,-1
514,142,320.41,303.24,99.28,280.28,0.727,-1,-1,-1
514,143,763.75,329.11,24.12,61.43,0.641,-1,-1,-1
514,145,1090.22,327.15,22.61,51.07,0.651,-1,-1,-1
515,54,1.94,242.04,348.21,647.15,0.945,-1,-1,-1
515,66,923.78,306.24,53.54,153.38,0.854,-1,-1,-1
515,73,1350.05,250.81,111.10,336.77,0.747,-1,-1,-1
515,94,842.59,294.98,57.79,167.23,0.878,-1,-1,-1
515,115,705.53,312.34,39.99,109.61,0.822,-1,-1,-1
515,123,981.06,342.63,34.10,81.56,0.652,-1,-1,-1
515,131,1320.23,268.11,70.97,294.88,0.823,-1,-1,-1
515,134,1040.38,312.49,26.59,71.93,0.790,-1,-1,-1
515,135,1177.18,312.12,54.04,135.65,0.788,-1,-1,-1
515,137,1064.43,318.73,20.80,56.21,0.705,-1,-1,-1
515,138,744.54,322.42,22.77,63.63,0.703,-1,-1,-1
515,142,321.35,299.59,97.75,281.18,0.762,-1,-1,-1
515,143,766.46,325.38,24.08,61.25,0.657,-1,-1,-1
515,145,1092.23,323.32,22.51,50.56,0.647,-1,-1,-1
516,54,-2.89,239.07,351.62,653.91,0.938,-1,-1,-1
516,66,924.21,304.76,53.73,152.10,0.850,-1,-1,-1
516,73,1352.80,249.47,110.96,337.48,0.781,-1,-1,-1
516,94,843.19,292.99,57.19,166.31,0.877,-1,-1,-1
516,115,706.87,310.12,39.88,108.94,0.819,-1,-1,-1
516,123,982.64,339.39,34.60,82.03,0.675,-1,-1,-1
516,131,1322.44,265.23,71.80,297.59,0.805,-1,-1,-1
516,134,1040.87,308.68,26.95,73.06,0.780,-1,-1,-1
516,135,1177.83,308.77,54.51,136.26,0.814,-1,-1,-1
516,137,1066.01,315.90,20.83,56.58,0.734,-1,-1,-1
516,138,746.05,321.12,22.45,62.62,0.657,-1,-1,-1
516,143,767.42,320.82,24.94,63.57,0.624,-1,-1,-1
516,145,1093.97,320.11,22.68,50.71,0.625,-1,-1,-1
517,54,-8.03,234.66,354.92,662.61,0.944,-1,-1,-1
517,66,925.34,303.37,53.81,151.79,0.839,-1,-1,-1
517,73,1355.06,246.44,110.63,339.59,0.836,-1,-1,-1
517,94,844.73,291.69,56.45,164.91,0.890,-1,-1,-1
517,115,709.00,308.19,39.74,107.84,0.823,-1,-1,-1
517,123,985.66,337.57,34.05,80.87,0.661,-1,-1,-1
517,131,1325.38,262.99,71.70,297.66,0.822,-1,-1,-1
517,134,1042.68,307.41,26.58,72.02,0.812,-1,-1,-1
517,135,1179.50,305.62,54.85,137.05,0.834,-1,-1,-1
517,137,1067.68,313.01,20.98,57.43,0.730,-1,-1,-1
517,138,747.84,319.13,22.24,62.17,0.701,-1,-1,-1
517,142,314.79,293.86,97.79,282.58,0.727,-1,-1,-1
517,143,768.15,315.05,26.14,67.12,0.617,-1,-1,-1
517,145,1095.58,317.76,22.82,51.00,0.630,-1,-1,-1
518,54,-15.36,227.85,359.94,677.75,0.947,-1,-1,-1
518,66,923.85,302.83,53.38,150.82,0.862,-1,-1,-1
518,73,1356.05,244.85,110.42,340.57,0.797,-1,-1,-1
518,94,845.23,290.16,56.14,165.17,0.876,-1,-1,-1
518,115,710.95,306.43,40.16,109.27,0.814,-1,-1,-1
518,123,986.56,335.50,34.21,81.17,0.679,-1,-1,-1
518,131,1328.56,261.08,72.41,300.16,0.802,-1,-1,-1
518,134,1043.82,306.03,26.57,71.77,0.793,-1,-1,-1
518,135,1179.92,303.80,55.25,137.95,0.843,-1,-1,-1
518,137,1069.24,312.02,20.61,56.48,0.688,-1,-1,-1
518,138,749.63,316.81,22.10,61.87,0.652,-1,-1,-1
518,143,769.41,313.93,25.78,66.47,0.522,-1,-1,-1
518,145,1096.37,316.76,22.71,50.82,0.658,-1,-1,-1
519,54,-21.12,221.89,361.99,689.23,0.944,-1,-1,-1
519,66,923.61,301.68,52.82,150.22,0.830,-1,-1,-1
519,73,1361.83,240.91,112.16,345.54,0.753,-1,-1,-1
519,94,845.81,287.98,56.24,166.22,0.874,-1,-1,-1
519,115,712.77,305.59,39.78,108.43,0.819,-1,-1,-1
519,123,987.34,334.07,34.43,81.49,0.680,-1,-1,-1
519,131,1331.33,259.00,73.07,302.32,0.800,-1,-1,-1
519,134,1044.79,305.58,26.39,70.88,0.747,-1,-1,-1
519,135,1180.19,303.20,55.32,137.98,0.860,-1,-1,-1
519,137,1070.79,311.07,20.32,55.88,0.640,-1,-1,-1
519,138,751.00,315.88,21.60,60.27,0.595,-1,-1,-1
519,143,770.41,315.16,24.72,63.88,0.519,-1,-1,-1
519,145,1098.09,316.57,22.40,50.09,0.562,-1,-1,-1
520,54,-25.71,219.21,362.02,698.60,0.946,-1,-1,-1
520,66,922.31,302.43,51.51,148.39,0.841,-1,-1,-1
520,73,1365.52,239.66,113.40,350.05,0.763,-1,-1,-1
520,94,845.64,289.41,55.62,165.01,0.872,-1,-1,-1
520,115,713.18,306.35,39.89,108.86,0.788,-1,-1,-1
520,123,988.42,335.11,34.33,81.29,0.536,-1,-1,-1
520,131,1333.55,259.27,73.62,304.22,0.795,-1,-1,-1
520,134,1044.44,305.12,27.13,72.56,0.802,-1,-1,-1
520,135,1179.04,304.55,55.51,137.97,0.838,-1,-1,-1
520,137,1071.35,312.36,20.45,56.45,0.695,-1,-1,-1
520,138,751.67,316.15,21.52,60.20,0.670,-1,-1,-1
520,143,770.74,314.62,25.17,65.27,0.568,-1,-1,-1
520,145,1098.68,317.55,22.35,49.98,0.579,-1,-1,-1
521,54,-29.83,216.27,362.21,709.69,0.943,-1,-1,-1
521,66,919.59,300.95,51.30,150.41,0.831,-1,-1,-1
521,73,1367.40,238.59,114.27,353.67,0.765,-1,-1,-1
521,94,844.61,289.23,55.70,165.67,0.875,-1,-1,-1
521,115,713.87,306.75,40.01,109.75,0.815,-1,-1,-1
521,123,986.90,334.97,35.29,82.95,0.627,-1,-1,-1
521,131,1334.76,258.96,74.16,306.48,0.823,-1,-1,-1
521,134,1044.10,305.27,27.31,72.70,0.788,-1,-1,-1
521,135,1177.90,304.61,56.34,139.47,0.857,-1,-1,-1
521,137,1071.46,313.51,20.26,55.98,0.717,-1,-1,-1
521,138,751.86,316.23,21.43,60.02,0.657,-1,-1,-1
521,142,304.05,289.12,99.41,287.16,0.643,-1,-1,-1
521,143,771.07,315.03,24.94,64.73,0.502,-1,-1,-1
521,145,1098.13,318.71,22.17,49.46,0.676,-1,-1,-1
522,54,-33.88,214.86,359.97,717.49,0.934,-1,-1,-1
522,66,917.12,302.59,50.68,150.81,0.733,-1,-1,-1
522,73,1371.25,239.63,115.86,356.05,0.781,-1,-1,-1
522,94,842.95,290.94,55.44,165.20,0.820,-1,-1,-1
522,115,712.67,307.45,40.00,110.25,0.776,-1,-1,-1
522,131,1335.22,260.13,74.38,307.13,0.776,-1,-1,-1
522,134,1044.22,307.97,26.68,71.32,0.578,-1,-1,-1
522,135,1176.91,307.04,55.71,138.77,0.800,-1,-1,-1
523,54,-40.09,217.84,357.31,728.55,0.951,-1,-1,-1
523,66,914.17,303.48,50.26,152.00,0.821,-1,-1,-1
523,73,1370.69,240.89,116.28,359.11,0.782,-1,-1,-1
523,94,838.99,291.66,55.94,166.39,0.868,-1,-1,-1
523,115,712.55,307.67,40.11,111.02,0.820,-1,-1,-1
523,123,984.95,337.68,35.95,84.47,0.687,-1,-1,-1
523,131,1336.42,261.91,74.52,307.72,0.796,-1,-1,-1
523,134,1041.72,309.02,27.42,72.64,0.761,-1,-1,-1
523,135,1173.68,309.29,55.78,138.46,0.842,-1,-1,-1
523,137,1070.50,315.73,20.19,56.07,0.677,-1,-1,-1
523,138,750.43,318.25,21.89,61.47,0.713,-1,-1,-1
523,142,295.58,290.14,100.69,290.18,0.608,-1,-1,-1
523,143,770.52,318.89,24.11,62.58,0.546,-1,-1,-1
523,145,1095.00,320.39,22.61,50.79,0.701,-1,-1,-1
524,54,-44.94,223.69,352.45,736.29,0.940,-1,-1,-1
524,66,908.68,305.71,51.09,156.64,0.787,-1,-1,-1
524,73,1370.83,242.95,116.71,360.59,0.761,-1,-1,-1
524,94,834.94,292.43,56.39,168.12,0.834,-1,-1,-1
524,115,709.37,307.99,40.58,112.81,0.801,-1,-1,-1
524,131,1334.97,264.29,74.65,309.04,0.796,-1,-1,-1
524,134,1039.34,312.32,27.16,71.58,0.695,-1,-1,-1
524,135,1170.15,312.07,55.53,137.34,0.756,-1,-1,-1
525,54,-47.36,227.66,346.29,741.42,0.932,-1,-1,-1
525,66,905.87,306.36,51.00,158.62,0.759,-1,-1,-1
525,73,1372.25,242.86,117.37,361.99,0.756,-1,-1,-1
525,94,833.15,292.83,56.31,168.71,0.833,-1,-1,-1
525,115,707.26,306.98,41.19,114.74,0.782,-1,-1,-1
525,131,1335.84,265.22,74.90,309.96,0.775,-1,-1,-1
525,134,1037.65,313.90,26.96,71.01,0.636,-1,-1,-1
525,135,1167.85,312.37,55.31,136.88,0.722,-1,-1,-1
525,142,293.41,289.46,79.37,219.33,0.623,-1,-1,-1
526,54,-49.40,236.46,338.59,744.38,0.934,-1,-1,-1
526,66,903.17,307.24,49.60,155.73,0.831,-1,-1,-1
526,73,1370.41,242.88,118.16,365.61,0.774,-1,-1,-1
526,94,828.76,294.37,56.26,167.63,0.879,-1,-1,-1
526,115,706.26,307.68,40.99,114.89,0.798,-1,-1,-1
526,123,978.46,340.30,36.24,85.21,0.648,-1,-1,-1
526,131,1335.71,265.47,75.50,311.57,0.805,-1,-1,-1
526,134,1034.72,312.84,27.57,72.52,0.786,-1,-1,-1
526,135,1162.77,313.26,54.52,135.58,0.779,-1,-1,-1
526,142,290.19,293.67,70.25,184.74,0.720,-1,-1,-1
527,54,-45.02,278.42,315.58,709.67,0.916,-1,-1,-1
527,66,899.52,307.35,48.98,155.19,0.829,-1,-1,-1
527,73,1368.02,242.36,117.73,366.38,0.764,-1,-1,-1
527,94,824.46,294.31,56.47,166.92,0.886,-1,-1,-1
527,115,704.49,307.31,40.81,115.06,0.801,-1,-1,-1
527,123,973.44,339.78,37.04,86.35,0.641,-1,-1,-1
527,131,1334.44,264.90,75.90,313.85,0.801,-1,-1,-1
527,134,1031.31,311.71,27.96,72.90,0.757,-1,-1,-1
527,135,1156.95,311.87,54.51,135.93,0.798,-1,-1,-1
527,137,1081.59,319.48,19.85,54.30,0.665,-1,-1,-1
527,138,756.93,324.05,21.30,59.53,0.546,-1,-1,-1
527,142,284.62,293.83,69.58,170.35,0.838,-1,-1,-1
528,54,-48.65,303.20,300.09,694.92,0.919,-1,-1,-1
528,66,893.87,305.70,47.96,153.24,0.819,-1,-1,-1
528,73,1364.81,239.51,118.10,369.66,0.782,-1,-1,-1
528,94,816.16,291.40,56.76,167.38,0.882,-1,-1,-1
528,115,700.84,304.45,40.57,114.61,0.796,-1,-1,-1
528,123,964.10,336.15,38.49,87.49,0.725,-1,-1,-1
528,131,1331.30,260.52,77.03,317.89,0.821,-1,-1,-1
528,134,1025.22,307.83,28.81,74.69,0.801,-1,-1,-1
528,135,1149.75,307.69,54.34,136.21,0.819,-1,-1,-1
528,137,1079.26,317.73,19.80,53.66,0.631,-1,-1,-1
528,142,268.45,291.13,73.26,170.42,0.826,-1,-1,-1
528,147,1053.80,312.98,20.86,59.37,0.736,-1,-1,-1
528,148,936.11,330.61,30.39,90.66,0.613,-1,-1,-1
528,149,733.26,319.17,19.91,61.62,0.617,-1,-1,-1
529,54,-51.78,322.54,288.25,688.54,0.909,-1,-1,-1
529,66,887.82,304.89,47.25,152.40,0.828,-1,-1,-1
529,73,1361.49,238.62,117.93,370.68,0.764,-1,-1,-1
529,94,809.11,290.38,56.85,166.94,0.869,-1,-1,-1
529,115,697.41,304.73,40.05,112.35,0.811,-1,-1,-1
529,123,959.86,335.73,38.20,86.19,0.654,-1,-1,-1
529,131,1327.81,258.94,77.31,318.77,0.822,-1,-1,-1
529,134,1020.11,305.91,28.95,74.82,0.762,-1,-1,-1
529,135,1144.12,304.89,54.28,137.19,0.823,-1,-1,-1
529,137,1076.72,318.05,19.57,52.17,0.520,-1,-1,-1
529,142,255.58,288.99,75.34,166.67,0.802,-1,-1,-1
529,147,1049.23,310.89,20.78,59.17,0.638,-1,-1,-1
529,148,928.73,328.74,30.66,91.10,0.603,-1,-1,-1
529,149,728.13,316.85,19.29,59.66,0.525,-1,-1,-1
530,54,-53.18,341.48,274.56,675.22,0.871,-1,-1,-1
530,66,882.94,303.45,46.79,152.08,0.850,-1,-1,-1
530,73,1359.83,237.57,117.60,370.71,0.741,-1,-1,-1
530,94,803.44,288.74,57.10,167.18,0.871,-1,-1,-1
530,115,694.59,304.32,39.97,110.97,0.840,-1,-1,-1
530,123,957.53,335.32,37.60,85.14,0.682,-1,-1,-1
530,131,1324.81,257.19,77.86,320.12,0.820,-1,-1,-1
530,134,1016.19,304.18,29.10,75.30,0.758,-1,-1,-1
530,135,1141.32,303.77,53.64,137.00,0.831,-1,-1,-1
530,137,1072.62,315.84,19.95,52.83,0.626,-1,-1,-1
530,142,244.21,287.19,78.65,167.64,0.791,-1,-1,-1
530,147,1044.89,309.46,20.44,58.26,0.696,-1,-1,-1
530,148,923.74,326.93,30.88,91.25,0.669,-1,-1,-1
531,66,878.43,301.76,46.63,152.85,0.833,-1,-1,-1
531,73,1357.44,236.20,117.23,371.59,0.776,-1,-1,-1
531,94,797.24,288.48,57.21,166.31,0.867,-1,-1,-1
531,115,691.09,304.24,39.79,110.05,0.820,-1,-1,-1
531,123,955.13,334.15,37.40,85.03,0.681,-1,-1,-1
531,131,1321.90,253.85,78.87,324.15,0.821,-1,-1,-1
531,134,1012.31,303.07,28.78,74.32,0.780,-1,-1,-1
531,135,1137.10,302.60,53.24,137.06,0.829,-1,-1,-1
531,137,1068.88,312.87,20.74,54.77,0.506,-1,-1,-1
531,142,233.55,285.45,81.71,168.00,0.813,-1,-1,-1
531,147,1040.75,307.78,20.59,58.69,0.730,-1,-1,-1
531,148,919.96,325.24,31.41,92.38,0.640,-1,-1,-1
531,149,719.88,317.31,18.33,56.77,0.589,-1,-1,-1
532,66,873.99,300.94,46.59,153.52,0.826,-1,-1,-1
532,73,1356.29,235.36,117.52,373.49,0.734,-1,-1,-1
532,94,791.57,287.69,57.41,166.19,0.863,-1,-1,-1
532,115,687.39,304.21,39.47,108.89,0.807,-1,-1,-1
532,131,1319.82,251.83,79.54,326.66,0.802,-1,-1,-1
532,134,1008.13,302.42,28.90,74.42,0.778,-1,-1,-1
532,135,1132.47,302.95,52.37,135.94,0.817,-1,-1,-1
532,142,222.44,284.07,84.80,168.62,0.843,-1,-1,-1
532,148,915.15,323.93,31.88,93.29,0.700,-1,-1,-1
532,149,716.25,317.26,18.05,55.94,0.505,-1,-1,-1
532,150,734.79,318.70,24.81,60.74,0.637,-1,-1,-1
532,151,12.08,273.05,41.00,104.01,0.518,-1,-1,-1
533,66,869.04,299.43,46.18,153.08,0.803,-1,-1,-1
533,73,1354.95,234.22,117.94,376.12,0.734,-1,-1,-1
533,94,783.80,287.72,57.33,166.82,0.860,-1,-1,-1
533,115,683.06,305.56,39.15,108.15,0.840,-1,-1,-1
533,123,941.36,333.67,38.71,86.04,0.704,-1,-1,-1
533,131,1317.36,251.27,80.43,329.24,0.811,-1,-1,-1
533,134,1004.06,302.74,28.67,74.06,0.780,-1,-1,-1
533,135,1127.19,303.56,52.05,136.17,0.824,-1,-1,-1
533,142,207.03,282.20,88.80,172.52,0.850,-1,-1,-1
533,147,1033.04,307.49,20.49,58.40,0.612,-1,-1,-1
533,148,910.10,324.67,32.13,93.22,0.753,-1,-1,-1
533,150,729.76,318.75,24.70,60.53,0.603,-1,-1,-1
533,151,2.32,273.13,41.37,105.06,0.616,-1,-1,-1
533,152,1170.30,302.82,25.68,92.99,0.768,-1,-1,-1
534,66,866.62,297.80,45.77,153.09,0.801,-1,-1,-1
534,73,1356.37,231.88,119.39,378.95,0.738,-1,-1,-1
534,94,780.73,287.40,56.51,166.06,0.861,-1,-1,-1
534,115,680.03,305.09,39.32,108.56,0.812,-1,-1,-1
534,123,939.14,333.16,38.81,86.19,0.630,-1,-1,-1
534,131,1316.27,249.89,81.33,331.90,0.802,-1,-1,-1
534,134,1002.55,305.36,27.33,70.63,0.713,-1,-1,-1
534,135,1124.04,303.65,51.41,135.87,0.804,-1,-1,-1
534,142,196.01,281.06,90.95,173.86,0.799,-1,-1,-1
534,148,906.31,323.31,32.79,94.55,0.711,-1,-1,-1
534,150,727.04,317.24,25.21,61.87,0.580,-1,-1,-1
534,152,1168.37,302.73,24.51,88.47,0.672,-1,-1,-1
535,66,862.97,298.91,46.31,155.71,0.790,-1,-1,-1
535,73,1357.13,232.67,119.02,376.74,0.738,-1,-1,-1
535,94,777.80,288.51,55.71,164.62,0.842,-1,-1,-1
535,115,677.82,305.76,39.87,109.99,0.819,-1,-1,-1
535,123,937.93,332.85,38.97,86.75,0.538,-1,-1,-1
535,131,1315.55,248.72,82.28,335.15,0.793,-1,-1,-1
535,134,999.29,305.59,28.05,72.52,0.785,-1,-1,-1
535,135,1121.33,305.33,50.83,135.01,0.810,-1,-1,-1
535,142,188.63,281.44,88.06,166.53,0.543,-1,-1,-1
535,150,723.91,318.77,25.83,63.65,0.579,-1,-1,-1
535,152,1165.16,302.76,27.25,98.35,0.680,-1,-1,-1
536,66,862.02,297.94,47.31,159.85,0.779,-1,-1,-1
536,73,1356.37,231.92,120.16,381.18,0.769,-1,-1,-1
536,94,775.94,288.17,55.98,165.44,0.843,-1,-1,-1
536,115,678.93,305.17,40.31,110.08,0.783,-1,-1,-1
536,131,1316.74,249.03,82.93,336.93,0.801,-1,-1,-1
536,134,998.20,305.69,27.90,72.09,0.690,-1,-1,-1
536,135,1120.86,303.47,50.95,136.68,0.775,-1,-1,-1
536,142,180.03,280.54,90.22,169.09,0.772,-1,-1,-1
536,150,722.51,317.21,26.68,65.88,0.560,-1,-1,-1
536,152,1163.73,302.30,29.01,104.72,0.710,-1,-1,-1
537,66,860.60,296.87,47.99,163.22,0.809,-1,-1,-1
537,73,1357.09,231.23,121.07,384.49,0.753,-1,-1,-1
537,94,773.52,287.27,56.27,166.63,0.867,-1,-1,-1
537,115,678.80,305.30,40.40,109.65,0.837,-1,-1,-1
537,123,935.42,333.63,38.82,85.90,0.622,-1,-1,-1
537,131,1318.60,248.68,83.53,337.86,0.803,-1,-1,-1
537,134,997.87,304.83,28.18,72.62,0.712,-1,-1,-1
537,135,1121.60,303.31,50.21,135.77,0.774,-1,-1,-1
537,142,173.91,281.78,93.31,173.84,0.802,-1,-1,-1
537,148,901.70,321.90,33.88,97.00,0.723,-1,-1,-1
537,150,723.23,317.24,26.36,65.07,0.570,-1,-1,-1
537,152,1163.76,303.02,29.46,106.17,0.666,-1,-1,-1
538,66,857.63,293.58,47.22,160.31,0.836,-1,-1,-1
538,73,1358.70,226.22,122.52,390.31,0.759,-1,-1,-1
538,94,771.23,284.53,56.37,167.19,0.864,-1,-1,-1
538,115,679.07,301.86,40.57,110.08,0.829,-1,-1,-1
538,123,936.60,331.91,38.66,85.84,0.687,-1,-1,-1
538,131,1320.56,245.54,84.45,340.98,0.811,-1,-1,-1
538,134,997.36,301.29,28.54,73.48,0.764,-1,-1,-1
538,135,1121.11,300.43,49.77,136.02,0.783,-1,-1,-1
538,142,167.07,280.65,94.30,174.09,0.788,-1,-1,-1
538,148,900.99,320.26,34.24,97.20,0.695,-1,-1,-1
538,150,722.43,315.83,25.54,63.17,0.726,-1,-1,-1
538,152,1164.28,301.10,28.98,103.57,0.749,-1,-1,-1
539,66,856.69,290.42,47.08,158.26,0.843,-1,-1,-1
539,73,1361.93,220.98,123.63,395.68,0.764,-1,-1,-1
539,94,771.27,281.86,56.56,167.65,0.849,-1,-1,-1
539,115,680.07,297.75,40.79,110.71,0.815,-1,-1,-1
539,123,936.76,328.33,39.35,87.20,0.659,-1,-1,-1
539,131,1323.92,242.80,85.06,343.36,0.840,-1,-1,-1
539,134,997.92,297.75,28.55,73.61,0.775,-1,-1,-1
539,135,1122.05,296.50,49.46,136.59,0.763,-1,-1,-1
539,142,160.52,277.36,97.77,179.41,0.826,-1,-1,-1
539,148,901.64,317.14,34.57,97.32,0.703,-1,-1,-1
539,150,723.26,313.68,25.02,62.01,0.692,-1,-1,-1
539,152,1165.29,297.96,30.06,106.95,0.726,-1,-1,-1
540,66,854.98,287.97,47.62,158.65,0.856,-1,-1,-1
540,73,1364.02,217.88,124.17,398.71,0.735,-1,-1,-1
540,94,770.92,279.55,56.33,167.79,0.874,-1,-1,-1
540,115,680.80,296.00,40.63,110.29,0.834,-1,-1,-1
540,123,932.78,326.44,40.20,86.88,0.715,-1,-1,-1
540,131,1326.42,240.24,85.46,344.55,0.816,-1,-1,-1
540,134,998.42,294.02,29.02,75.00,0.772,-1,-1,-1
540,135,1122.97,293.67,49.30,136.94,0.783,-1,-1,-1
540,142,155.95,275.21,98.93,180.86,0.821,-1,-1,-1
540,148,901.95,316.59,34.28,95.47,0.703,-1,-1,-1
540,150,725.29,310.17,25.13,62.25,0.774,-1,-1,-1
540,152,1167.20,295.09,30.61,108.54,0.689,-1,-1,-1
540,153,1053.22,305.16,24.51,55.13,0.769,-1,-1,-1
540,154,1028.88,300.72,23.90,57.36,0.641,-1,-1,-1
541,66,853.11,286.07,47.59,156.99,0.875,-1,-1,-1
541,73,1365.67,215.17,124.48,401.59,0.763,-1,-1,-1
541,94,769.49,277.05,56.04,167.72,0.866,-1,-1,-1
541,115,681.13,294.23,40.31,109.43,0.815,-1,-1,-1
541,123,934.40,324.16,40.37,87.06,0.684,-1,-1,-1
541,131,1328.37,236.86,86.27,347.72,0.828,-1,-1,-1
541,134,998.20,291.35,29.11,75.46,0.764,-1,-1,-1
541,135,1122.25,291.04,49.28,137.43,0.823,-1,-1,-1
541,142,150.06,272.63,100.67,183.79,0.798,-1,-1,-1
541,148,901.86,313.96,34.70,95.65,0.754,-1,-1,-1
541,150,725.86,307.38,25.22,62.46,0.752,-1,-1,-1
541,152,1168.54,292.09,29.66,104.30,0.682,-1,-1,-1
541,153,1053.33,303.99,23.69,53.27,0.684,-1,-1,-1
541,154,1029.07,298.20,23.93,57.64,0.698,-1,-1,-1
541,155,1640.24,236.68,57.03,161.46,0.568,-1,-1,-1
542,66,851.48,283.60,47.81,156.46,0.877,-1,-1,-1
542,73,1367.61,211.89,124.64,404.15,0.759,-1,-1,-1
542,94,768.57,274.75,55.68,167.16,0.863,-1,-1,-1
542,115,680.55,290.82,40.54,109.92,0.826,-1,-1,-1
542,123,935.61,321.45,40.21,86.89,0.694,-1,-1,-1
542,131,1330.00,233.54,86.27,348.12,0.814,-1,-1,-1
542,134,998.19,287.85,29.03,75.49,0.777,-1,-1,-1
542,135,1122.58,288.46,48.92,136.87,0.804,-1,-1,-1
542,142,144.66,270.05,101.37,184.75,0.830,-1,-1,-1
542,148,901.15,310.43,35.44,96.44,0.774,-1,-1,-1
542,150,725.96,303.32,25.89,64.08,0.774,-1,-1,-1
542,152,1168.60,288.38,30.47,105.93,0.747,-1,-1,-1
542,153,1052.94,299.69,24.21,54.46,0.759,-1,-1,-1
542,154,1028.66,295.16,24.24,58.67,0.746,-1,-1,-1
542,155,1642.12,235.35,55.91,158.34,0.633,-1,-1,-1
543,66,850.49,280.95,47.65,155.47,0.861,-1,-1,-1
543,73,1370.20,206.05,124.95,407.82,0.773,-1,-1,-1
543,94,767.79,273.73,54.74,164.54,0.844,-1,-1,-1
543,115,680.77,287.96,40.29,109.13,0.811,-1,-1,-1
543,123,936.72,317.32,40.17,87.16,0.715,-1,-1,-1
543,131,1332.48,228.21,87.03,351.76,0.810,-1,-1,-1
543,134,998.13,284.45,28.81,75.10,0.789,-1,-1,-1
543,135,1121.84,285.35,48.56,135.57,0.832,-1,-1,-1
543,142,136.58,266.10,103.41,188.59,0.829,-1,-1,-1
543,148,900.17,307.06,35.91,96.16,0.763,-1,-1,-1
543,150,726.52,299.81,25.88,63.87,0.628,-1,-1,-1
543,152,1168.52,283.27,31.48,107.79,0.822,-1,-1,-1
543,153,1052.52,295.06,24.82,55.90,0.768,-1,-1,-1
543,154,1028.43,290.49,24.65,60.03,0.756,-1,-1,-1
543,155,1644.55,231.17,55.94,158.51,0.619,-1,-1,-1
544,66,848.95,278.78,47.92,156.73,0.844,-1,-1,-1
544,73,1372.50,202.29,125.17,410.95,0.775,-1,-1,-1
544,94,766.78,271.41,54.66,164.65,0.848,-1,-1,-1
544,115,680.56,286.07,40.25,108.72,0.822,-1,-1,-1
544,123,936.71,314.02,40.50,88.23,0.702,-1,-1,-1
544,131,1335.18,224.30,87.61,354.95,0.806,-1,-1,-1
544,134,997.29,281.76,29.00,75.58,0.801,-1,-1,-1
544,135,1120.96,284.31,48.18,134.26,0.822,-1,-1,-1
544,142,130.17,264.13,104.32,190.29,0.843,-1,-1,-1
544,148,898.85,305.23,36.48,96.25,0.761,-1,-1,-1
544,150,726.74,297.28,25.96,63.75,0.692,-1,-1,-1
544,152,1168.10,279.88,32.28,108.54,0.835,-1,-1,-1
544,153,1052.23,292.12,24.76,55.82,0.707,-1,-1,-1
544,154,1027.47,286.32,25.34,62.13,0.737,-1,-1,-1
544,156,221.95,284.88,27.07,82.95,0.696,-1,-1,-1
545,66,847.87,277.27,48.27,158.32,0.833,-1,-1,-1
545,73,1375.96,199.18,124.58,411.04,0.781,-1,-1,-1
545,94,765.96,269.24,54.67,165.13,0.858,-1,-1,-1
545,115,680.72,284.63,40.42,108.51,0.820,-1,-1,-1
545,123,936.70,312.25,40.55,88.46,0.647,-1,-1,-1
545,131,1339.91,221.36,87.93,356.66,0.817,-1,-1,-1
545,134,996.80,279.90,29.17,75.93,0.797,-1,-1,-1
545,135,1120.12,283.77,47.88,132.85,0.835,-1,-1,-1
545,142,124.76,262.73,105.25,191.61,0.859,-1,-1,-1
545,148,897.54,303.26,37.32,96.89,0.761,-1,-1,-1
545,150,726.93,295.74,26.15,64.03,0.687,-1,-1,-1
545,152,1167.77,277.31,33.22,110.05,0.822,-1,-1,-1
545,153,1052.21,290.30,24.85,56.08,0.752,-1,-1,-1
545,154,1027.71,284.01,25.36,62.66,0.727,-1,-1,-1
545,155,1646.95,223.82,56.98,161.61,0.580,-1,-1,-1
545,156,219.21,283.50,27.34,83.58,0.583,-1,-1,-1
546,66,847.06,275.98,47.93,157.44,0.846,-1,-1,-1
546,73,1378.91,196.37,125.17,415.82,0.774,-1,-1,-1
546,94,765.55,267.69,54.91,166.39,0.857,-1,-1,-1
546,115,681.47,284.86,40.50,108.40,0.818,-1,-1,-1
546,123,937.16,311.60,40.39,88.34,0.700,-1,-1,-1
546,131,1342.50,218.00,88.58,360.02,0.826,-1,-1,-1
546,134,997.23,280.57,28.50,74.01,0.785,-1,-1,-1
546,135,1120.50,282.72,48.46,132.92,0.830,-1,-1,-1
546,142,119.30,262.61,106.14,192.95,0.831,-1,-1,-1
546,148,896.64,301.60,38.33,97.92,0.763,-1,-1,-1
546,150,727.39,295.56,25.93,63.23,0.680,-1,-1,-1
546,152,1168.35,276.32,34.37,112.55,0.836,-1,-1,-1
546,153,1052.36,289.36,24.82,56.06,0.732,-1,-1,-1
546,154,1028.30,283.72,24.99,62.26,0.736,-1,-1,-1
546,155,1648.38,219.95,57.96,164.59,0.698,-1,-1,-1
546,156,215.92,283.22,27.65,84.25,0.658,-1,-1,-1
547,66,845.67,276.32,47.76,157.25,0.835,-1,-1,-1
547,73,1382.02,195.36,125.18,418.13,0.743,-1,-1,-1
547,94,765.06,268.49,55.03,167.14,0.856,-1,-1,-1
547,115,681.56,285.72,40.99,108.88,0.828,-1,-1,-1
547,123,937.62,312.81,39.88,87.36,0.718,-1,-1,-1
547,131,1345.51,217.25,88.83,362.43,0.841,-1,-1,-1
547,134,996.88,280.51,28.80,74.71,0.789,-1,-1,-1
547,135,1119.42,282.85,48.96,133.13,0.845,-1,-1,-1
547,142,113.75,263.13,107.46,195.32,0.858,-1,-1,-1
547,148,895.47,302.35,39.05,97.66,0.781,-1,-1,-1
547,150,727.11,296.09,26.04,63.33,0.673,-1,-1,-1
547,152,1168.83,276.71,35.18,113.77,0.842,-1,-1,-1
547,153,1052.38,290.28,24.78,56.09,0.758,-1,-1,-1
547,154,1028.38,284.62,24.92,62.66,0.710,-1,-1,-1
547,155,1649.89,219.22,58.43,166.15,0.684,-1,-1,-1
547,156,213.44,284.53,27.67,83.90,0.747,-1,-1,-1
548,66,844.20,277.91,47.39,156.65,0.820,-1,-1,-1
548,73,1387.09,193.39,126.79,426.09,0.725,-1,-1,-1
548,94,763.56,270.25,55.26,168.12,0.863,-1,-1,-1
548,115,682.40,286.88,41.27,108.92,0.828,-1,-1,-1
548,123,936.99,313.84,40.22,88.45,0.608,-1,-1,-1
548,131,1349.30,217.21,89.31,365.45,0.843,-1,-1,-1
548,134,996.57,282.44,28.65,74.17,0.771,-1,-1,-1
548,135,1118.42,283.32,49.50,133.24,0.798,-1,-1,-1
548,142,104.25,265.06,109.26,198.71,0.849,-1,-1,-1
548,148,894.78,303.56,40.06,98.67,0.755,-1,-1,-1
548,152,1169.57,278.75,34.24,108.45,0.788,-1,-1,-1
548,153,1052.49,291.90,24.86,56.32,0.718,-1,-1,-1
548,154,1028.48,287.20,24.66,62.39,0.695,-1,-1,-1
548,155,1652.93,220.63,58.25,165.55,0.627,-1,-1,-1
548,156,209.97,287.85,27.95,84.02,0.730,-1,-1,-1
549,66,842.82,277.62,48.03,158.04,0.774,-1,-1,-1
549,73,1391.84,193.27,127.75,429.92,0.702,-1,-1,-1
549,94,761.55,271.22,55.20,167.55,0.858,-1,-1,-1
549,115,682.79,287.59,41.69,109.44,0.841,-1,-1,-1
549,123,936.20,313.94,40.71,89.77,0.551,-1,-1,-1
549,131,1352.33,217.14,89.50,367.23,0.832,-1,-1,-1
549,134,996.81,285.49,28.08,72.79,0.700,-1,-1,-1
549,135,1118.60,283.65,50.08,134.05,0.829,-1,-1,-1
549,142,96.35,266.85,109.75,199.57,0.858,-1,-1,-1
549,148,894.96,304.07,40.70,99.72,0.555,-1,-1,-1
549,150,725.66,296.52,27.24,66.23,0.518,-1,-1,-1
549,152,1170.82,280.93,34.72,108.82,0.780,-1,-1,-1
549,153,1052.17,293.14,24.86,56.22,0.516,-1,-1,-1
549,154,1028.22,288.35,24.68,62.67,0.588,-1,-1,-1
550,66,843.23,278.58,47.30,156.17,0.825,-1,-1,-1
550,73,1398.03,193.45,128.50,432.50,0.742,-1,-1,-1
550,94,762.36,271.21,55.55,168.69,0.876,-1,-1,-1
550,115,684.90,287.88,41.94,109.83,0.807,-1,-1,-1
550,123,937.23,316.05,40.63,89.44,0.652,-1,-1,-1
550,131,1356.44,217.88,89.98,369.79,0.825,-1,-1,-1
550,134,997.91,285.85,28.53,73.66,0.778,-1,-1,-1
550,135,1119.25,284.33,50.74,134.29,0.846,-1,-1,-1
550,142,92.90,268.27,109.52,198.88,0.848,-1,-1,-1
550,148,895.33,306.49,41.07,99.12,0.777,-1,-1,-1
550,152,1172.80,282.68,35.47,108.97,0.820,-1,-1,-1
550,153,1053.85,295.79,24.50,55.45,0.672,-1,-1,-1
550,154,1029.99,290.61,24.11,61.49,0.618,-1,-1,-1
550,155,1658.79,221.97,58.51,166.45,0.518,-1,-1,-1
550,156,205.55,291.57,28.12,83.88,0.700,-1,-1,-1
551,66,842.27,278.01,47.77,157.92,0.788,-1,-1,-1
551,73,1402.14,192.22,129.18,435.95,0.776,-1,-1,-1
551,94,762.37,270.36,56.04,170.04,0.867,-1,-1,-1
551,115,686.54,286.74,42.54,111.02,0.823,-1,-1,-1
551,123,938.41,316.55,40.55,89.31,0.676,-1,-1,-1
551,131,1359.29,215.40,91.18,374.65,0.814,-1,-1,-1
551,134,998.18,286.32,28.53,73.46,0.761,-1,-1,-1
551,135,1119.30,282.49,51.66,135.74,0.842,-1,-1,-1
551,142,86.92,267.28,110.79,201.62,0.854,-1,-1,-1
551,148,896.10,306.73,41.37,99.09,0.588,-1,-1,-1
551,152,1174.07,282.21,36.05,108.73,0.819,-1,-1,-1
551,153,1054.51,295.74,24.51,55.61,0.643,-1,-1,-1
551,154,1030.73,290.81,23.97,61.61,0.685,-1,-1,-1
551,155,1661.11,221.37,58.75,167.43,0.724,-1,-1,-1
551,156,202.05,290.46,28.79,85.11,0.714,-1,-1,-1
552,66,841.75,279.81,48.27,160.08,0.825,-1,-1,-1
552,73,1408.29,193.49,129.66,437.57,0.747,-1,-1,-1
552,94,762.09,272.11,56.15,169.96,0.883,-1,-1,-1
552,115,687.63,288.55,42.61,111.05,0.834,-1,-1,-1
552,123,938.99,318.95,40.27,88.52,0.678,-1,-1,-1
552,131,1363.43,217.17,91.85,377.96,0.826,-1,-1,-1
552,134,999.13,287.64,28.43,73.10,0.745,-1,-1,-1
552,135,1119.96,284.12,52.04,136.12,0.853,-1,-1,-1
552,142,81.11,269.03,112.02,204.14,0.874,-1,-1,-1
552,148,896.42,308.30,41.92,99.33,0.703,-1,-1,-1
552,152,1174.98,283.81,37.18,110.31,0.830,-1,-1,-1
552,153,1054.83,297.61,24.47,55.56,0.640,-1,-1,-1
552,154,1031.21,292.11,24.14,62.43,0.719,-1,-1,-1
552,156,199.81,291.85,29.40,86.42,0.778,-1,-1,-1
553,66,839.76,280.80,47.19,156.94,0.819,-1,-1,-1
553,73,1411.97,192.90,130.06,439.18,0.719,-1,-1,-1
553,94,759.38,273.11,55.90,168.19,0.865,-1,-1,-1
553,115,686.37,287.68,42.76,111.85,0.816,-1,-1,-1
553,123,937.31,318.58,40.49,88.99,0.668,-1,-1,-1
553,131,1365.91,216.71,92.63,381.58,0.810,-1,-1,-1
553,134,996.88,286.98,28.73,72.94,0.798,-1,-1,-1
553,135,1118.49,285.13,51.86,135.09,0.860,-1,-1,-1
553,142,70.19,268.78,112.14,204.68,0.853,-1,-1,-1
553,148,894.44,305.92,43.20,101.61,0.761,-1,-1,-1
553,152,1172.96,282.03,39.45,115.15,0.847,-1,-1,-1
553,153,1054.49,296.74,23.70,53.70,0.640,-1,-1,-1
553,154,1030.73,292.11,23.86,61.93,0.712,-1,-1,-1
553,156,193.81,291.35,29.27,85.16,0.761,-1,-1,-1
554,66,838.69,279.61,47.59,159.20,0.811,-1,-1,-1
554,73,1415.88,190.96,131.08,442.70,0.706,-1,-1,-1
554,94,757.41,272.15,56.10,168.01,0.855,-1,-1,-1
554,115,686.55,286.31,42.64,111.69,0.816,-1,-1,-1
554,123,937.20,316.92,40.63,89.64,0.711,-1,-1,-1
554,131,1368.62,215.90,93.12,384.01,0.814,-1,-1,-1
554,134,995.34,284.50,29.68,74.75,0.789,-1,-1,-1
554,135,1117.85,284.36,51.66,133.74,0.847,-1,-1,-1
554,142,65.25,268.14,108.78,198.46,0.826,-1,-1,-1
554,148,893.13,304.24,43.79,102.31,0.762,-1,-1,-1
554,152,1172.13,280.19,41.00,117.80,0.834,-1,-1,-1
554,153,1054.65,295.78,22.51,50.62,0.561,-1,-1,-1
554,154,1030.86,291.46,23.52,61.19,0.669,-1,-1,-1
554,156,189.73,289.38,29.41,84.49,0.782,-1,-1,-1
555,66,838.15,277.97,47.68,160.11,0.822,-1,-1,-1
555,73,1416.72,188.79,131.66,446.43,0.725,-1,-1,-1
555,94,755.11,270.08,56.45,168.30,0.873,-1,-1,-1
555,115,687.13,284.72,42.63,111.65,0.831,-1,-1,-1
555,123,936.95,315.53,40.56,90.02,0.696,-1,-1,-1
555,131,1370.47,213.65,93.47,386.38,0.821,-1,-1,-1
555,134,995.36,282.17,29.65,74.50,0.777,-1,-1,-1
555,135,1116.70,282.47,52.15,134.63,0.839,-1,-1,-1
555,142,55.07,265.98,112.56,205.40,0.839,-1,-1,-1
555,148,892.65,303.52,43.66,100.98,0.766,-1,-1,-1
555,152,1172.03,277.63,41.70,117.67,0.848,-1,-1,-1
555,153,1053.59,293.76,23.47,52.74,0.728,-1,-1,-1
555,154,1030.90,289.81,23.11,60.40,0.699,-1,-1,-1
555,156,185.13,286.91,30.41,85.92,0.802,-1,-1,-1
556,66,837.99,277.10,47.89,160.55,0.826,-1,-1,-1
556,73,1417.75,186.53,132.49,451.10,0.710,-1,-1,-1
556,94,752.57,268.24,56.66,168.27,0.892,-1,-1,-1
556,115,686.41,282.66,43.17,112.56,0.828,-1,-1,-1
556,123,936.32,314.53,40.12,89.01,0.691,-1,-1,-1
556,131,1372.33,211.55,93.93,389.11,0.839,-1,-1,-1
556,134,994.43,280.39,29.92,74.96,0.742,-1,-1,-1
556,135,1115.13,280.85,52.26,134.85,0.840,-1,-1,-1
556,142,46.93,264.26,114.68,209.06,0.835,-1,-1,-1
556,148,891.50,300.81,44.55,102.27,0.761,-1,-1,-1
556,152,1172.38,275.20,42.60,119.16,0.835,-1,-1,-1
556,153,1052.96,292.00,23.65,53.08,0.679,-1,-1,-1
556,154,1029.60,286.26,23.94,63.00,0.712,-1,-1,-1
556,156,180.28,284.25,31.68,88.47,0.787,-1,-1,-1
557,66,835.77,276.94,48.28,162.33,0.854,-1,-1,-1
557,73,1418.56,184.79,133.10,454.96,0.735,-1,-1,-1
557,94,748.96,267.14,57.12,168.76,0.885,-1,-1,-1
557,115,685.35,282.44,43.32,112.69,0.832,-1,-1,-1
557,123,934.47,312.44,40.41,90.09,0.701,-1,-1,-1
557,131,1373.09,208.33,95.08,394.30,0.778,-1,-1,-1
557,134,992.94,279.84,29.69,74.35,0.781,-1,-1,-1
557,135,1113.76,281.26,51.93,133.66,0.831,-1,-1,-1
557,142,36.80,264.00,115.55,210.96,0.848,-1,-1,-1
557,148,889.21,299.59,45.12,102.58,0.788,-1,-1,-1
557,152,1171.51,273.78,44.19,122.93,0.847,-1,-1,-1
557,153,1050.93,291.04,24.51,55.20,0.719,-1,-1,-1
557,154,1028.42,285.04,23.84,63.02,0.680,-1,-1,-1
557,156,174.86,284.19,32.39,89.26,0.774,-1,-1,-1
558,66,835.33,276.40,47.46,159.57,0.845,-1,-1,-1
558,73,1421.21,182.05,134.37,460.59,0.706,-1,-1,-1
558,94,746.98,266.99,57.05,168.35,0.845,-1,-1,-1
558,115,685.13,282.90,42.92,111.46,0.820,-1,-1,-1
558,123,933.19,310.88,40.61,90.70,0.689,-1,-1,-1
558,131,1376.17,206.89,95.51,396.79,0.800,-1,-1,-1
558,134,992.71,279.23,29.60,74.10,0.754,-1,-1,-1
558,135,1113.13,278.55,52.15,134.66,0.799,-1,-1,-1
558,142,26.57,262.47,115.14,209.94,0.817,-1,-1,-1
558,148,888.90,299.02,45.19,102.46,0.693,-1,-1,-1
558,150,720.30,288.48,29.08,71.03,0.616,-1,-1,-1
558,152,1173.18,272.52,43.87,121.47,0.812,-1,-1,-1
558,153,1049.93,287.97,25.64,57.85,0.698,-1,-1,-1
558,154,1027.43,283.06,24.12,63.94,0.643,-1,-1,-1
558,156,169.48,284.40,32.86,89.09,0.763,-1,-1,-1
559,66,835.07,277.37,48.18,161.26,0.848,-1,-1,-1
559,73,1425.94,181.27,135.90,466.37,0.723,-1,-1,-1
559,94,743.23,269.28,57.14,168.00,0.863,-1,-1,-1
559,115,685.11,284.86,42.92,111.02,0.827,-1,-1,-1
559,123,931.45,311.46,40.87,91.10,0.636,-1,-1,-1
559,131,1378.98,206.02,96.51,400.55,0.791,-1,-1,-1
559,134,991.74,280.25,29.51,73.62,0.790,-1,-1,-1
559,135,1112.06,279.24,51.77,134.16,0.808,-1,-1,-1
559,142,18.99,263.26,113.24,205.54,0.843,-1,-1,-1
559,148,887.35,301.50,44.91,101.02,0.745,-1,-1,-1
559,150,720.29,292.98,27.60,67.52,0.581,-1,-1,-1
559,152,1174.02,273.67,44.09,121.56,0.827,-1,-1,-1
559,153,1049.04,289.23,25.61,57.70,0.689,-1,-1,-1
559,154,1026.65,283.22,24.34,64.86,0.634,-1,-1,-1
559,155,1673.73,216.62,59.18,168.62,0.572,-1,-1,-1
559,156,164.06,286.43,35.12,93.90,0.784,-1,-1,-1
560,66,833.77,278.18,47.24,158.13,0.854,-1,-1,-1
560,73,1430.23,180.57,136.80,469.84,0.697,-1,-1,-1
560,94,740.07,269.26,57.64,169.26,0.850,-1,-1,-1
560,115,684.26,286.17,42.76,111.13,0.826,-1,-1,-1
560,123,929.52,312.46,41.23,91.67,0.692,-1,-1,-1
560,131,1381.00,205.57,97.11,402.83,0.782,-1,-1,-1
560,134,991.42,282.12,29.36,73.46,0.777,-1,-1,-1
560,135,1111.73,280.15,51.56,133.81,0.817,-1,-1,-1
560,142,9.60,263.94,114.99,207.92,0.841,-1,-1,-1
560,148,886.39,303.03,45.17,100.97,0.774,-1,-1,-1
560,152,1174.86,274.97,43.90,120.65,0.804,-1,-1,-1
560,153,1047.89,290.70,25.80,58.24,0.692,-1,-1,-1
560,154,1026.22,283.96,24.52,65.70,0.648,-1,-1,-1
560,155,1675.25,217.55,59.12,168.16,0.687,-1,-1,-1
560,156,159.31,288.70,35.41,93.75,0.753,-1,-1,-1
561,66,833.77,279.72,47.25,157.46,0.858,-1,-1,-1
561,73,1436.82,180.39,138.69,474.80,0.718,-1,-1,-1
561,94,738.17,271.40,57.56,169.38,0.834,-1,-1,-1
561,115,683.93,288.87,42.13,109.81,0.823,-1,-1,-1
561,123,927.60,313.66,41.71,92.70,0.672,-1,-1,-1
561,131,1383.60,205.92,98.20,406.76,0.838,-1,-1,-1
561,134,991.40,283.72,29.31,73.34,0.753,-1,-1,-1
561,135,1111.17,281.14,51.35,133.87,0.817,-1,-1,-1
561,142,2.64,265.60,114.50,206.01,0.860,-1,-1,-1
561,148,885.46,304.04,45.86,102.15,0.748,-1,-1,-1
561,152,1176.73,277.21,42.39,115.88,0.776,-1,-1,-1
561,153,1048.09,291.94,25.61,57.62,0.511,-1,-1,-1
561,154,1026.19,285.83,24.40,65.24,0.579,-1,-1,-1
561,156,155.65,290.89,35.38,92.58,0.724,-1,-1,-1
562,66,831.25,281.95,47.02,157.91,0.817,-1,-1,-1
562,73,1440.24,181.26,139.79,476.50,0.661,-1,-1,-1
562,94,735.98,274.35,57.31,168.79,0.844,-1,-1,-1
562,115,683.47,291.08,42.10,109.66,0.836,-1,-1,-1
562,123,925.72,314.59,42.07,93.28,0.528,-1,-1,-1
562,131,1384.56,206.69,99.22,409.52,0.823,-1,-1,-1
562,134,990.75,286.98,28.94,72.57,0.710,-1,-1,-1
562,135,1110.64,283.91,50.77,133.17,0.797,-1,-1,-1
562,142,-2.20,267.63,113.49,204.30,0.858,-1,-1,-1
562,148,883.93,306.17,46.15,102.68,0.772,-1,-1,-1
562,152,1177.49,280.22,40.38,109.24,0.774,-1,-1,-1
562,156,152.72,293.42,34.77,89.73,0.596,-1,-1,-1
563,66,832.96,284.62,47.73,161.80,0.816,-1,-1,-1
563,73,1451.90,183.34,143.29,484.31,0.693,-1,-1,-1
563,94,737.22,278.61,56.89,167.02,0.857,-1,-1,-1
563,115,687.55,293.10,42.67,111.15,0.840,-1,-1,-1
563,123,929.48,318.28,42.10,93.51,0.607,-1,-1,-1
563,131,1391.71,209.22,100.77,415.71,0.827,-1,-1,-1
563,134,994.13,291.52,28.92,71.96,0.731,-1,-1,-1
563,135,1113.33,287.97,51.06,133.74,0.818,-1,-1,-1
563,142,-7.38,270.59,112.86,204.86,0.834,-1,-1,-1
563,148,886.18,308.60,46.84,104.39,0.768,-1,-1,-1
563,152,1180.53,283.25,41.74,109.66,0.807,-1,-1,-1
563,153,1051.54,299.10,25.04,55.88,0.534,-1,-1,-1
563,154,1030.12,292.83,23.53,62.98,0.541,-1,-1,-1
563,156,152.31,295.38,35.81,91.78,0.560,-1,-1,-1
563,157,81.02,285.40,46.13,123.41,0.721,-1,-1,-1
564,66,836.90,287.58,48.18,164.66,0.807,-1,-1,-1
564,73,1455.08,184.57,144.29,490.27,0.739,-1,-1,-1
564,94,741.17,281.04,57.03,167.28,0.868,-1,-1,-1
564,115,693.09,297.15,42.38,110.37,0.808,-1,-1,-1
564,123,930.18,322.27,43.10,94.34,0.667,-1,-1,-1
564,131,1401.21,212.00,101.83,418.65,0.821,-1,-1,-1
564,134,999.73,295.62,28.09,70.38,0.733,-1,-1,-1
564,135,1116.83,291.22,51.37,133.71,0.832,-1,-1,-1
564,142,-7.43,275.58,112.39,204.95,0.872,-1,-1,-1
564,148,889.03,312.07,46.94,103.98,0.657,-1,-1,-1
564,152,1185.83,286.36,41.86,106.77,0.783,-1,-1,-1
564,156,155.28,299.34,36.54,93.45,0.641,-1,-1,-1
564,157,81.80,290.24,46.58,124.60,0.779,-1,-1,-1
565,66,841.69,288.78,47.52,162.52,0.812,-1,-1,-1
565,73,1459.46,184.32,145.91,498.35,0.731,-1,-1,-1
565,94,743.23,281.45,57.85,169.46,0.850,-1,-1,-1
565,115,698.37,297.02,43.56,113.31,0.793,-1,-1,-1
565,131,1407.76,211.65,103.59,426.17,0.816,-1,-1,-1
565,134,1003.73,297.15,28.06,70.41,0.607,-1,-1,-1
565,135,1118.82,289.06,53.33,137.82,0.820,-1,-1,-1
565,142,-8.01,277.38,112.09,205.69,0.864,-1,-1,-1
565,148,893.47,314.08,47.05,103.64,0.665,-1,-1,-1
565,152,1189.26,286.38,46.96,117.21,0.839,-1,-1,-1
565,156,158.31,298.83,38.00,97.45,0.645,-1,-1,-1
565,157,81.70,290.62,47.94,127.72,0.757,-1,-1,-1
566,66,845.22,290.98,46.87,160.84,0.811,-1,-1,-1
566,73,1466.68,185.79,146.40,502.10,0.736,-1,-1,-1
566,94,747.28,284.25,57.30,168.18,0.875,-1,-1,-1
566,115,702.12,298.91,43.09,112.38,0.790,-1,-1,-1
566,123,937.42,327.54,42.62,93.27,0.532,-1,-1,-1
566,131,1415.12,211.93,104.77,430.53,0.792,-1,-1,-1
566,134,1009.36,298.72,28.40,71.33,0.767,-1,-1,-1
566,135,1123.00,293.35,52.58,135.23,0.837,-1,-1,-1
566,148,898.34,316.75,47.02,103.32,0.724,-1,-1,-1
566,152,1193.23,288.24,49.03,119.92,0.869,-1,-1,-1
566,155,1704.56,228.73,59.74,169.67,0.733,-1,-1,-1
566,156,161.19,301.10,37.49,96.11,0.570,-1,-1,-1
566,157,84.15,293.51,47.97,127.13,0.701,-1,-1,-1
567,66,849.06,291.13,46.94,161.20,0.809,-1,-1,-1
567,73,1482.84,186.98,148.55,506.23,0.708,-1,-1,-1
567,94,750.61,284.36,57.50,168.93,0.847,-1,-1,-1
567,115,707.73,300.61,42.73,111.45,0.790,-1,-1,-1
567,123,943.69,329.86,42.30,91.76,0.604,-1,-1,-1
567,131,1424.36,215.09,105.07,431.21,0.834,-1,-1,-1
567,134,1014.23,298.88,28.31,71.13,0.694,-1,-1,-1
567,135,1127.62,296.33,51.88,133.02,0.813,-1,-1,-1
567,142,-11.11,280.85,112.24,207.90,0.799,-1,-1,-1
567,148,903.25,318.11,46.86,103.11,0.539,-1,-1,-1
567,152,1197.18,288.23,52.56,126.87,0.873,-1,-1,-1
567,155,1712.18,227.99,60.68,172.24,0.511,-1,-1,-1
567,156,166.49,302.14,37.85,97.62,0.731,-1,-1,-1
567,157,88.27,295.38,47.54,124.85,0.747,-1,-1,-1
568,66,851.74,290.97,46.85,159.55,0.859,-1,-1,-1
568,73,1491.33,185.99,150.29,513.67,0.668,-1,-1,-1
568,94,755.13,284.40,57.25,168.40,0.860,-1,-1,-1
568,115,712.12,299.95,42.31,110.50,0.833,-1,-1,-1
568,123,951.28,329.35,42.25,92.16,0.662,-1,-1,-1
568,131,1433.90,214.11,106.83,439.83,0.842,-1,-1,-1
568,134,1019.54,296.78,28.70,72.25,0.764,-1,-1,-1
568,135,1128.97,295.02,52.05,133.32,0.825,-1,-1,-1
568,142,-10.68,280.98,111.93,210.24,0.884,-1,-1,-1
568,148,908.36,317.44,47.31,103.92,0.659,-1,-1,-1
568,152,1203.81,286.88,54.14,128.82,0.887,-1,-1,-1
568,153,1055.42,298.96,27.18,61.56,0.556,-1,-1,-1
568,155,1721.13,224.04,62.27,176.90,0.537,-1,-1,-1
568,156,169.17,302.84,37.54,97.90,0.742,-1,-1,-1
568,157,85.51,294.88,49.39,126.78,0.857,-1,-1,-1
569,66,854.39,290.82,46.42,157.02,0.865,-1,-1,-1
569,73,1498.00,183.75,151.23,519.68,0.729,-1,-1,-1
569,94,758.31,284.08,56.70,166.55,0.857,-1,-1,-1
569,115,715.81,300.06,41.83,109.02,0.827,-1,-1,-1
569,123,955.65,328.61,42.17,92.12,0.750,-1,-1,-1
569,131,1442.65,213.24,107.66,445.26,0.850,-1,-1,-1
569,134,1023.22,294.62,29.39,74.13,0.782,-1,-1,-1
569,135,1131.08,294.84,52.05,132.52,0.837,-1,-1,-1
569,142,-11.01,280.98,110.39,210.69,0.897,-1,-1,-1
569,148,912.33,315.67,47.80,104.94,0.746,-1,-1,-1
569,152,1209.81,285.86,54.97,129.63,0.886,-1,-1,-1
569,153,1057.61,297.57,27.36,63.00,0.596,-1,-1,-1
569,155,1728.79,221.58,62.48,177.77,0.736,-1,-1,-1
569,156,170.98,302.66,37.27,98.11,0.717,-1,-1,-1
569,157,80.38,294.07,50.72,127.98,0.869,-1,-1,-1
570,66,856.80,288.94,47.09,158.56,0.857,-1,-1,-1
570,73,1504.92,179.93,152.29,526.17,0.719,-1,-1,-1
570,94,760.82,282.28,56.98,167.47,0.866,-1,-1,-1
570,115,718.88,297.61,41.85,108.92,0.829,-1,-1,-1
570,123,958.66,325.85,42.87,93.50,0.669,-1,-1,-1
570,131,1449.47,210.45,107.82,446.19,0.830,-1,-1,-1
570,134,1026.63,291.48,29.86,75.60,0.768,-1,-1,-1
570,135,1133.36,292.02,52.31,132.67,0.833,-1,-1,-1
570,142,-11.33,279.29,108.83,210.95,0.875,-1,-1,-1
570,148,915.69,313.73,47.87,104.94,0.714,-1,-1,-1
570,152,1215.22,283.55,55.62,130.48,0.890,-1,-1,-1
570,153,1060.51,296.04,26.99,63.48,0.633,-1,-1,-1
570,155,1736.40,220.30,62.28,177.17,0.606,-1,-1,-1
570,156,171.43,300.72,37.67,99.69,0.767,-1,-1,-1
570,157,78.12,291.55,52.06,128.67,0.875,-1,-1,-1
570,158,1084.06,300.05,27.94,58.99,0.723,-1,-1,-1
570,159,129.80,304.98,33.68,95.13,0.741,-1,-1,-1
571,66,858.18,288.45,47.66,160.06,0.854,-1,-1,-1
571,73,1512.26,177.19,153.13,531.68,0.769,-1,-1,-1
571,94,763.00,282.12,56.98,167.34,0.858,-1,-1,-1
571,115,721.52,296.88,42.02,109.14,0.835,-1,-1,-1
571,123,962.08,323.88,43.13,94.50,0.718,-1,-1,-1
571,131,1455.81,208.72,108.27,447.37,0.832,-1,-1,-1
571,134,1029.08,289.86,30.07,76.51,0.766,-1,-1,-1
571,135,1133.95,290.52,52.29,132.53,0.832,-1,-1,-1
571,142,-12.15,277.88,107.22,211.62,0.878,-1,-1,-1
571,148,917.79,312.49,48.17,105.22,0.690,-1,-1,-1
571,152,1220.20,282.99,55.34,129.39,0.876,-1,-1,-1
571,153,1062.60,295.38,26.63,63.49,0.533,-1,-1,-1
571,155,1742.45,219.81,62.09,176.89,0.593,-1,-1,-1
571,156,171.18,300.64,37.78,99.66,0.792,-1,-1,-1
571,157,74.40,290.07,53.15,129.82,0.887,-1,-1,-1
571,158,1086.79,298.57,28.11,59.50,0.717,-1,-1,-1
571,159,128.76,303.92,34.10,96.12,0.763,-1,-1,-1
572,66,858.90,287.77,47.41,158.50,0.858,-1,-1,-1
572,73,1520.87,174.78,154.32,536.61,0.708,-1,-1,-1
572,94,764.38,279.19,57.67,169.48,0.861,-1,-1,-1
572,115,722.92,295.99,42.24,109.13,0.833,-1,-1,-1
572,123,963.88,323.73,43.21,94.44,0.648,-1,-1,-1
572,131,1460.31,205.79,109.21,450.72,0.848,-1,-1,-1
572,134,1031.00,288.62,30.22,77.41,0.801,-1,-1,-1
572,135,1134.87,288.99,52.49,133.02,0.833,-1,-1,-1
572,142,-13.11,275.89,105.03,211.60,0.878,-1,-1,-1
572,148,919.37,310.66,48.72,106.15,0.662,-1,-1,-1
572,152,1224.38,282.24,55.52,129.78,0.871,-1,-1,-1
572,153,1064.05,293.59,26.55,64.21,0.674,-1,-1,-1
572,155,1747.15,215.45,63.06,180.26,0.679,-1,-1,-1
572,156,170.59,299.51,38.10,99.88,0.803,-1,-1,-1
572,157,72.27,287.97,54.11,130.93,0.882,-1,-1,-1
572,158,1089.24,297.37,28.18,59.80,0.707,-1,-1,-1
572,159,127.74,302.78,34.17,96.10,0.785,-1,-1,-1
573,66,857.65,286.73,48.09,160.45,0.848,-1,-1,-1
573,73,1536.04,172.84,157.39,544.70,0.691,-1,-1,-1
573,94,766.18,279.53,57.61,169.53,0.853,-1,-1,-1
573,115,725.10,295.16,42.42,109.26,0.811,-1,-1,-1
573,123,965.67,323.63,43.37,94.49,0.621,-1,-1,-1
573,131,1468.47,203.80,110.77,456.46,0.860,-1,-1,-1
573,134,1032.61,287.62,30.49,78.54,0.785,-1,-1,-1
573,135,1136.27,287.89,53.25,135.04,0.837,-1,-1,-1
573,142,-15.98,273.62,102.85,212.87,0.863,-1,-1,-1
573,148,920.95,310.16,49.23,106.86,0.673,-1,-1,-1
573,152,1228.77,282.07,56.02,131.29,0.886,-1,-1,-1
573,153,1066.31,294.04,26.61,64.52,0.679,-1,-1,-1
573,155,1753.41,214.91,63.75,182.53,0.738,-1,-1,-1
573,156,169.96,298.47,38.35,100.35,0.772,-1,-1,-1
573,157,67.84,285.55,54.87,132.65,0.874,-1,-1,-1
573,158,1092.46,297.95,28.09,59.78,0.783,-1,-1,-1
573,159,123.58,301.31,34.30,96.65,0.795,-1,-1,-1
574,66,857.06,286.77,47.89,159.70,0.833,-1,-1,-1
574,73,1541.01,171.42,158.06,550.23,0.749,-1,-1,-1
574,94,766.84,281.44,57.04,167.61,0.844,-1,-1,-1
574,115,726.40,295.03,42.65,109.83,0.804,-1,-1,-1
574,123,964.74,324.10,44.13,95.00,0.647,-1,-1,-1
574,131,1474.95,203.17,112.06,461.03,0.852,-1,-1,-1
574,134,1034.34,290.56,29.54,76.11,0.766,-1,-1,-1
574,135,1137.58,287.38,53.31,136.55,0.828,-1,-1,-1
574,142,-18.56,273.40,100.92,212.59,0.660,-1,-1,-1
574,148,922.29,311.25,49.27,106.55,0.726,-1,-1,-1
574,152,1231.50,282.52,56.23,131.96,0.882,-1,-1,-1
574,153,1068.12,294.82,26.53,64.94,0.646,-1,-1,-1
574,155,1758.94,218.37,62.82,179.69,0.675,-1,-1,-1
574,156,168.58,298.53,38.05,99.35,0.754,-1,-1,-1
574,157,63.19,284.37,54.70,133.13,0.872,-1,-1,-1
574,158,1094.27,298.01,28.55,60.87,0.766,-1,-1,-1
574,159,121.36,300.73,34.51,97.15,0.753,-1,-1,-1
574,160,635.72,305.22,18.18,48.10,0.513,-1,-1,-1
575,66,857.71,288.02,47.37,157.89,0.841,-1,-1,-1
575,73,1546.79,170.60,158.85,555.43,0.695,-1,-1,-1
575,94,768.55,281.17,57.75,169.32,0.856,-1,-1,-1
575,115,729.84,296.56,42.20,108.74,0.765,-1,-1,-1
575,123,968.85,325.83,43.96,94.93,0.699,-1,-1,-1
575,131,1480.93,204.09,113.68,464.92,0.858,-1,-1,-1
575,134,1037.17,294.83,28.61,73.51,0.781,-1,-1,-1
575,135,1140.50,288.74,53.20,136.97,0.738,-1,-1,-1
575,142,-19.64,272.80,98.07,212.45,0.808,-1,-1,-1
575,148,927.74,313.13,49.04,106.94,0.595,-1,-1,-1
575,152,1234.70,284.64,56.21,131.75,0.834,-1,-1,-1
575,153,1069.07,295.76,26.73,65.99,0.606,-1,-1,-1
575,155,1765.92,221.31,62.99,179.36,0.617,-1,-1,-1
575,156,168.50,298.91,38.21,99.50,0.763,-1,-1,-1
575,157,61.79,284.24,54.45,133.34,0.872,-1,-1,-1
575,158,1096.27,299.98,29.17,62.36,0.733,-1,-1,-1
575,159,120.06,300.95,34.59,97.37,0.806,-1,-1,-1
576,66,857.82,289.65,47.16,157.28,0.850,-1,-1,-1
576,73,1553.74,172.13,160.12,562.63,0.678,-1,-1,-1
576,94,769.36,281.93,58.00,169.83,0.859,-1,-1,-1
576,115,732.20,298.10,41.76,108.12,0.789,-1,-1,-1
576,123,970.35,327.44,44.00,95.30,0.610,-1,-1,-1
576,131,1486.35,205.55,115.11,468.84,0.841,-1,-1,-1
576,134,1038.83,298.37,27.95,71.61,0.762,-1,-1,-1
576,135,1141.72,291.88,52.57,136.37,0.779,-1,-1,-1
576,142,-20.74,273.28,94.86,212.59,0.839,-1,-1,-1
576,148,927.89,315.12,49.38,107.68,0.733,-1,-1,-1
576,152,1236.69,286.69,56.53,132.34,0.858,-1,-1,-1
576,153,1070.98,297.09,26.78,66.79,0.657,-1,-1,-1
576,155,1771.09,224.93,61.66,174.61,0.546,-1,-1,-1
576,156,166.34,299.13,38.62,100.64,0.772,-1,-1,-1
576,157,59.85,284.57,54.41,134.11,0.863,-1,-1,-1
576,158,1098.11,302.47,28.89,62.04,0.711,-1,-1,-1
576,159,118.49,300.88,34.89,98.42,0.758,-1,-1,-1
577,66,857.16,291.44,47.42,159.20,0.602,-1,-1,-1
577,73,1560.73,175.18,160.59,565.85,0.581,-1,-1,-1
577,94,766.44,285.16,57.90,169.12,0.819,-1,-1,-1
577,115,731.87,299.09,42.09,109.01,0.733,-1,-1,-1
577,131,1490.50,208.23,116.21,472.81,0.754,-1,-1,-1
577,135,1142.05,295.94,51.57,135.25,0.752,-1,-1,-1
577,148,926.63,317.78,48.96,106.52,0.561,-1,-1,-1
577,152,1238.55,289.05,56.69,133.10,0.692,-1,-1,-1
577,156,162.81,300.47,38.18,98.80,0.656,-1,-1,-1
578,66,856.08,295.05,47.44,160.04,0.809,-1,-1,-1
578,73,1570.01,177.90,163.29,577.37,0.682,-1,-1,-1
578,94,767.20,287.21,58.14,170.67,0.830,-1,-1,-1
578,115,733.15,299.32,43.59,114.07,0.782,-1,-1,-1
578,123,972.95,333.40,44.41,96.57,0.714,-1,-1,-1
578,131,1497.45,210.86,118.66,481.79,0.864,-1,-1,-1
578,134,1039.70,305.89,28.55,73.22,0.738,-1,-1,-1
578,135,1142.72,302.82,50.81,134.07,0.827,-1,-1,-1
578,148,927.24,321.60,49.76,108.09,0.784,-1,-1,-1
578,152,1240.27,292.99,57.21,134.14,0.829,-1,-1,-1
578,153,1072.01,303.26,27.65,69.39,0.635,-1,-1,-1
578,155,1777.79,235.10,62.45,177.00,0.602,-1,-1,-1
578,156,159.39,299.58,39.67,102.89,0.774,-1,-1,-1
578,157,49.15,286.66,55.90,136.45,0.860,-1,-1,-1
578,158,1099.30,309.48,29.59,64.17,0.739,-1,-1,-1
578,159,109.50,302.14,36.17,101.89,0.798,-1,-1,-1
579,66,853.15,298.24,48.01,163.23,0.813,-1,-1,-1
579,73,1575.78,179.08,165.00,587.14,0.676,-1,-1,-1
579,94,766.81,291.02,57.86,170.42,0.826,-1,-1,-1
579,115,732.60,302.50,43.33,113.79,0.785,-1,-1,-1
579,123,971.92,337.77,43.43,94.70,0.629,-1,-1,-1
579,131,1502.08,215.78,120.14,485.22,0.863,-1,-1,-1
579,134,1038.06,309.82,28.23,72.37,0.678,-1,-1,-1
579,135,1141.98,306.25,50.85,135.28,0.788,-1,-1,-1
579,148,927.12,325.32,49.40,107.14,0.719,-1,-1,-1
579,152,1243.38,297.02,56.57,133.55,0.818,-1,-1,-1
579,156,153.89,301.87,39.37,102.38,0.755,-1,-1,-1
579,157,42.69,290.45,55.30,132.87,0.841,-1,-1,-1
579,159,105.10,304.50,36.09,101.12,0.576,-1,-1,-1
580,66,851.29,299.86,48.25,164.09,0.825,-1,-1,-1
580,73,1580.47,180.92,166.08,594.61,0.739,-1,-1,-1
580,94,765.60,290.79,58.26,171.81,0.827,-1,-1,-1
580,115,732.70,304.58,42.72,112.80,0.774,-1,-1,-1
580,123,971.33,339.48,43.56,95.20,0.667,-1,-1,-1
580,131,1505.17,218.38,121.63,488.81,0.868,-1,-1,-1
580,134,1036.94,309.96,28.85,73.92,0.749,-1,-1,-1
580,135,1141.12,307.22,50.67,136.16,0.827,-1,-1,-1
580,148,926.76,327.11,49.61,107.50,0.698,-1,-1,-1
580,152,1242.45,298.95,57.01,134.26,0.872,-1,-1,-1
580,153,1070.75,306.90,28.20,71.14,0.627,-1,-1,-1
580,155,1779.78,238.06,64.62,183.47,0.648,-1,-1,-1
580,156,149.02,301.00,39.82,104.04,0.742,-1,-1,-1
580,157,36.59,289.07,56.92,135.69,0.870,-1,-1,-1
580,158,1098.02,312.47,30.38,66.19,0.648,-1,-1,-1
580,159,100.19,305.30,36.04,100.31,0.808,-1,-1,-1
581,66,849.33,300.60,47.88,162.46,0.837,-1,-1,-1
581,73,1584.66,183.15,166.54,598.99,0.703,-1,-1,-1
581,94,763.34,291.23,58.51,171.55,0.825,-1,-1,-1
581,115,731.83,306.46,42.05,111.56,0.742,-1,-1,-1
581,123,969.84,340.96,43.51,95.08,0.596,-1,-1,-1
581,131,1507.67,219.87,123.23,491.53,0.843,-1,-1,-1
581,134,1034.09,308.96,29.58,75.96,0.739,-1,-1,-1
581,135,1140.35,308.67,49.99,135.56,0.838,-1,-1,-1
581,148,923.63,328.77,49.59,106.91,0.665,-1,-1,-1
581,152,1243.30,300.72,56.78,134.06,0.851,-1,-1,-1
581,153,1070.59,308.85,27.45,69.83,0.603,-1,-1,-1
581,156,142.55,300.09,40.02,105.09,0.812,-1,-1,-1
581,157,30.32,288.15,58.22,137.15,0.879,-1,-1,-1
581,158,1097.24,315.54,29.37,64.30,0.716,-1,-1,-1
581,159,94.30,305.06,36.33,100.36,0.807,-1,-1,-1
582,66,846.55,301.21,47.41,161.02,0.848,-1,-1,-1
582,73,1587.57,183.48,167.28,602.60,0.781,-1,-1,-1
582,94,759.42,290.44,58.89,172.51,0.842,-1,-1,-1
582,115,729.39,306.97,41.54,111.16,0.773,-1,-1,-1
582,123,963.76,342.14,43.97,94.73,0.596,-1,-1,-1
582,131,1507.99,220.81,124.77,494.38,0.862,-1,-1,-1
582,134,1031.60,309.21,29.38,75.55,0.787,-1,-1,-1
582,135,1139.16,309.06,49.37,134.26,0.799,-1,-1,-1
582,148,921.70,329.91,49.33,106.20,0.540,-1,-1,-1
582,152,1242.03,301.57,57.19,135.75,0.887,-1,-1,-1
582,153,1067.34,311.00,26.30,67.37,0.712,-1,-1,-1
582,156,134.22,298.56,40.73,106.32,0.843,-1,-1,-1
582,157,23.09,287.40,58.68,137.73,0.874,-1,-1,-1
582,158,1094.80,317.56,27.85,61.34,0.779,-1,-1,-1
582,159,86.83,304.89,36.63,100.14,0.815,-1,-1,-1
583,66,842.86,299.82,47.54,161.76,0.819,-1,-1,-1
583,73,1594.28,183.13,168.76,610.41,0.665,-1,-1,-1
583,94,755.16,286.95,59.37,173.89,0.831,-1,-1,-1
583,115,727.24,305.59,40.81,110.16,0.722,-1,-1,-1
583,123,961.80,340.01,44.31,95.59,0.741,-1,-1,-1
583,131,1510.32,216.48,127.76,502.57,0.827,-1,-1,-1
583,134,1029.21,308.29,29.06,74.67,0.772,-1,-1,-1
583,135,1136.16,307.52,48.54,133.41,0.825,-1,-1,-1
583,148,918.54,327.94,49.77,107.20,0.643,-1,-1,-1
583,152,1242.13,301.07,57.15,136.62,0.873,-1,-1,-1
583,153,1064.80,311.41,25.40,65.56,0.576,-1,-1,-1
583,155,1787.48,242.10,48.30,130.45,0.708,-1,-1,-1
583,156,123.82,295.16,41.31,106.89,0.801,-1,-1,-1
583,157,9.19,283.58,59.16,137.68,0.902,-1,-1,-1
583,158,1092.44,316.64,27.06,59.88,0.765,-1,-1,-1
583,159,78.61,301.77,36.91,99.74,0.830,-1,-1,-1
584,66,839.27,298.35,48.26,164.39,0.835,-1,-1,-1
584,73,1597.26,179.91,169.72,617.82,0.817,-1,-1,-1
584,94,750.39,285.41,59.58,174.66,0.868,-1,-1,-1
584,115,724.42,302.81,40.78,111.17,0.733,-1,-1,-1
584,123,959.42,338.92,44.37,95.82,0.691,-1,-1,-1
584,131,1511.78,213.92,130.22,508.47,0.830,-1,-1,-1
584,134,1026.31,306.82,29.20,74.94,0.756,-1,-1,-1
584,135,1133.48,305.24,48.76,134.90,0.778,-1,-1,-1
584,148,914.31,326.60,50.12,107.70,0.719,-1,-1,-1
584,152,1241.83,300.35,57.02,137.52,0.864,-1,-1,-1
584,153,1061.86,310.36,25.54,66.69,0.637,-1,-1,-1
584,155,1787.94,244.05,42.82,110.66,0.632,-1,-1,-1
584,156,115.06,293.00,42.01,107.41,0.842,-1,-1,-1
584,157,0.13,280.41,58.96,138.45,0.870,-1,-1,-1
584,158,1089.98,315.62,26.89,59.94,0.772,-1,-1,-1
584,159,71.38,299.39,37.60,100.29,0.819,-1,-1,-1
585,66,836.60,297.52,48.09,163.64,0.835,-1,-1,-1
585,73,1602.17,180.30,170.83,623.57,0.724,-1,-1,-1
585,94,747.38,285.89,59.40,173.80,0.854,-1,-1,-1
585,115,722.27,302.29,40.23,111.26,0.725,-1,-1,-1
585,123,957.75,338.56,44.27,96.07,0.734,-1,-1,-1
585,131,1513.92,212.04,132.51,514.74,0.853,-1,-1,-1
585,134,1023.38,306.00,29.57,75.27,0.785,-1,-1,-1
585,135,1131.52,305.00,48.87,135.28,0.798,-1,-1,-1
585,148,911.07,325.58,50.67,108.45,0.736,-1,-1,-1
585,152,1241.45,300.56,56.99,138.78,0.877,-1,-1,-1
585,153,1059.95,309.68,25.61,67.54,0.606,-1,-1,-1
585,155,1787.40,243.69,42.58,105.70,0.689,-1,-1,-1
585,156,108.64,291.54,42.69,107.72,0.851,-1,-1,-1
585,157,-6.52,280.18,57.45,137.62,0.827,-1,-1,-1
585,158,1088.21,315.11,26.76,60.12,0.736,-1,-1,-1
585,159,65.88,297.98,38.23,100.92,0.788,-1,-1,-1
585,161,657.05,309.42,13.22,41.34,0.534,-1,-1,-1
586,66,835.88,295.98,46.92,159.13,0.847,-1,-1,-1
586,73,1606.32,177.10,172.51,630.90,0.705,-1,-1,-1
586,94,745.59,284.85,59.26,173.82,0.840,-1,-1,-1
586,115,721.03,300.20,40.11,112.31,0.732,-1,-1,-1
586,123,956.33,337.65,44.50,96.74,0.715,-1,-1,-1
586,131,1516.93,210.53,135.04,520.65,0.872,-1,-1,-1
586,134,1021.92,305.88,29.27,74.42,0.755,-1,-1,-1
586,135,1131.28,303.29,50.06,137.05,0.801,-1,-1,-1
586,148,909.89,324.92,50.93,108.85,0.698,-1,-1,-1
586,152,1241.69,299.65,56.90,139.85,0.861,-1,-1,-1
586,153,1057.76,310.03,25.02,66.25,0.666,-1,-1,-1
586,155,1788.11,245.35,42.16,101.08,0.634,-1,-1,-1
586,156,103.20,289.64,43.40,108.67,0.831,-1,-1,-1
586,157,-12.23,276.77,56.11,139.65,0.877,-1,-1,-1
586,158,1086.91,314.22,27.04,61.21,0.743,-1,-1,-1
586,159,61.40,295.76,38.81,101.76,0.690,-1,-1,-1
587,66,835.13,296.70,46.95,158.81,0.841,-1,-1,-1
587,73,1611.44,175.80,174.05,637.49,0.759,-1,-1,-1
587,94,743.90,285.54,59.27,174.31,0.831,-1,-1,-1
587,115,720.36,301.50,39.35,111.48,0.723,-1,-1,-1
587,123,955.41,338.33,44.46,96.74,0.675,-1,-1,-1
587,131,1520.02,210.25,137.32,525.25,0.859,-1,-1,-1
587,134,1021.12,306.09,29.33,74.67,0.742,-1,-1,-1
587,135,1130.75,304.51,50.59,136.55,0.809,-1,-1,-1
587,148,909.54,325.85,51.02,108.59,0.647,-1,-1,-1
587,152,1242.48,300.44,56.56,139.95,0.868,-1,-1,-1
587,153,1056.22,310.29,25.45,67.76,0.627,-1,-1,-1
587,155,1789.10,247.40,42.51,98.17,0.704,-1,-1,-1
587,156,98.78,290.94,43.80,108.91,0.817,-1,-1,-1
587,157,-15.72,278.57,53.61,138.37,0.801,-1,-1,-1
587,158,1085.95,314.55,27.33,62.24,0.708,-1,-1,-1
587,159,55.74,294.91,40.01,103.92,0.808,-1,-1,-1
588,66,833.02,298.73,47.36,159.25,0.848,-1,-1,-1
588,73,1617.83,174.73,176.59,646.96,0.754,-1,-1,-1
588,94,740.84,289.05,59.30,173.65,0.840,-1,-1,-1
588,115,719.43,303.87,38.48,110.08,0.534,-1,-1,-1
588,123,951.60,339.96,45.20,97.74,0.671,-1,-1,-1
588,131,1524.33,211.53,139.76,531.20,0.857,-1,-1,-1
588,134,1019.75,309.46,29.05,73.57,0.752,-1,-1,-1
588,135,1127.38,308.31,50.32,135.26,0.822,-1,-1,-1
588,148,907.09,328.46,51.15,108.93,0.767,-1,-1,-1
588,152,1243.29,302.46,56.85,140.72,0.845,-1,-1,-1
588,153,1055.29,315.33,24.18,64.35,0.545,-1,-1,-1
588,156,93.17,292.88,43.97,108.59,0.832,-1,-1,-1
588,157,-17.25,283.90,50.92,134.36,0.615,-1,-1,-1
588,158,1085.36,318.13,27.13,61.88,0.745,-1,-1,-1
588,159,47.59,296.20,40.61,104.54,0.825,-1,-1,-1
589,66,834.01,302.02,47.48,158.93,0.833,-1,-1,-1
589,73,1626.48,175.46,179.24,658.05,0.763,-1,-1,-1
589,94,739.05,291.47,59.74,172.91,0.873,-1,-1,-1
589,123,953.30,342.88,44.66,97.15,0.677,-1,-1,-1
589,131,1530.65,211.48,142.22,539.23,0.835,-1,-1,-1
589,134,1020.46,312.07,29.44,74.54,0.757,-1,-1,-1
589,135,1128.10,312.54,51.05,134.57,0.834,-1,-1,-1
589,148,907.51,330.66,51.37,109.26,0.718,-1,-1,-1
589,152,1243.23,303.67,57.26,141.36,0.850,-1,-1,-1
589,153,1055.47,318.46,24.01,64.18,0.537,-1,-1,-1
589,156,91.07,295.25,43.95,108.20,0.843,-1,-1,-1
589,157,-16.51,288.96,48.73,132.22,0.719,-1,-1,-1
589,158,1085.98,319.69,27.38,62.94,0.684,-1,-1,-1
589,159,43.50,297.77,41.23,106.13,0.818,-1,-1,-1
589,161,653.51,315.59,13.94,43.68,0.539,-1,-1,-1
590,66,834.00,304.37,47.43,158.93,0.805,-1,-1,-1
590,73,1635.87,176.17,181.43,666.89,0.693,-1,-1,-1
590,94,740.31,294.32,58.93,170.78,0.763,-1,-1,-1
590,131,1536.89,213.94,144.17,543.44,0.815,-1,-1,-1
590,134,1019.83,315.42,29.43,73.96,0.655,-1,-1,-1
590,135,1128.64,315.99,50.64,132.83,0.717,-1,-1,-1
590,148,905.94,331.60,52.32,111.33,0.685,-1,-1,-1
590,152,1246.23,305.59,57.41,142.29,0.654,-1,-1,-1
590,156,91.05,298.04,43.60,107.57,0.641,-1,-1,-1
590,159,38.54,300.19,41.00,105.63,0.543,-1,-1,-1
591,66,835.00,304.65,48.47,160.72,0.857,-1,-1,-1
591,73,1646.15,175.21,183.95,676.26,0.685,-1,-1,-1
591,94,741.70,294.87,59.71,171.55,0.824,-1,-1,-1
591,123,953.79,345.36,45.87,99.58,0.632,-1,-1,-1
591,131,1545.55,215.10,146.37,547.89,0.812,-1,-1,-1
591,134,1023.35,316.06,29.64,74.81,0.761,-1,-1,-1
591,135,1129.28,317.98,51.08,132.48,0.811,-1,-1,-1
591,148,908.09,332.38,52.54,112.21,0.740,-1,-1,-1
591,152,1248.77,306.74,58.00,143.40,0.849,-1,-1,-1
591,153,1059.90,323.34,23.32,62.67,0.517,-1,-1,-1
591,156,90.39,300.50,43.72,107.49,0.822,-1,-1,-1
591,158,1089.54,324.78,26.70,61.46,0.669,-1,-1,-1
591,159,39.01,302.10,41.14,106.39,0.715,-1,-1,-1
592,66,835.51,305.71,49.06,161.19,0.860,-1,-1,-1
592,73,1654.56,174.53,185.83,684.76,0.806,-1,-1,-1
592,94,742.88,295.64,60.40,172.29,0.853,-1,-1,-1
592,123,955.85,346.04,46.48,101.28,0.695,-1,-1,-1
592,131,1551.60,216.21,149.20,555.83,0.855,-1,-1,-1
592,134,1025.95,317.41,29.23,73.87,0.796,-1,-1,-1
592,135,1129.98,319.62,51.84,132.27,0.839,-1,-1,-1
592,148,909.47,335.36,52.09,111.26,0.744,-1,-1,-1
592,152,1249.70,307.88,58.62,144.85,0.848,-1,-1,-1
592,153,1062.20,324.89,23.28,62.91,0.586,-1,-1,-1
592,156,89.57,302.42,43.79,107.90,0.797,-1,-1,-1
592,158,1091.97,327.35,25.95,59.65,0.679,-1,-1,-1
592,159,39.54,303.96,41.20,107.34,0.782,-1,-1,-1
593,66,835.31,307.32,49.61,161.29,0.875,-1,-1,-1
593,73,1668.76,174.54,189.47,698.16,0.777,-1,-1,-1
593,94,741.23,296.50,61.40,174.05,0.822,-1,-1,-1
593,123,957.08,348.36,46.26,100.97,0.677,-1,-1,-1
593,131,1559.88,215.28,151.36,563.60,0.878,-1,-1,-1
593,134,1027.79,317.97,29.08,73.70,0.807,-1,-1,-1
593,135,1129.46,319.61,52.35,131.83,0.859,-1,-1,-1
593,148,910.50,337.87,51.61,110.02,0.706,-1,-1,-1
593,152,1252.34,309.24,59.75,146.44,0.891,-1,-1,-1
593,153,1064.43,325.12,23.41,64.04,0.719,-1,-1,-1
593,156,87.79,304.46,43.73,108.74,0.816,-1,-1,-1
593,158,1094.01,328.35,26.26,60.38,0.760,-1,-1,-1
593,159,37.43,307.34,40.75,106.94,0.802,-1,-1,-1
593,162,713.83,326.04,19.79,56.47,0.622,-1,-1,-1
594,66,834.87,308.82,50.46,162.39,0.874,-1,-1,-1
594,73,1682.32,174.87,191.93,705.34,0.797,-1,-1,-1
594,94,740.39,297.55,62.27,175.63,0.817,-1,-1,-1
594,123,958.49,349.81,46.44,101.53,0.695,-1,-1,-1
594,131,1567.50,215.44,153.22,569.08,0.853,-1,-1,-1
594,134,1028.84,317.15,29.71,75.36,0.807,-1,-1,-1
594,135,1129.34,319.67,53.15,132.43,0.830,-1,-1,-1
594,148,911.43,339.96,51.49,109.67,0.717,-1,-1,-1
594,152,1254.94,310.48,60.49,147.49,0.884,-1,-1,-1
594,153,1066.12,325.87,23.60,65.01,0.689,-1,-1,-1
594,156,86.71,305.81,43.78,110.05,0.799,-1,-1,-1
594,158,1095.06,329.29,26.50,61.15,0.745,-1,-1,-1
594,159,36.26,310.08,40.39,106.97,0.779,-1,-1,-1
594,162,714.78,327.77,19.65,56.06,0.660,-1,-1,-1
595,66,833.84,310.73,50.93,162.91,0.866,-1,-1,-1
595,73,1691.36,174.27,195.16,718.14,0.844,-1,-1,-1
595,94,740.22,299.40,62.32,175.27,0.824,-1,-1,-1
595,123,958.38,351.77,46.71,102.12,0.694,-1,-1,-1
595,131,1573.80,215.16,155.22,576.18,0.831,-1,-1,-1
595,134,1029.06,318.14,29.78,75.70,0.816,-1,-1,-1
595,135,1129.00,319.77,53.74,132.77,0.853,-1,-1,-1
595,148,912.19,341.69,51.17,109.04,0.710,-1,-1,-1
595,152,1256.60,311.90,60.95,147.81,0.890,-1,-1,-1
595,153,1067.25,326.71,23.37,64.82,0.742,-1,-1,-1
595,156,84.60,306.83,43.38,110.17,0.826,-1,-1,-1
595,158,1095.77,330.20,26.22,60.64,0.760,-1,-1,-1
595,159,33.42,312.29,39.99,106.54,0.776,-1,-1,-1
595,162,714.97,329.23,19.20,54.73,0.665,-1,-1,-1
595,163,677.52,328.97,11.75,36.93,0.685,-1,-1,-1
595,164,604.31,324.51,21.05,52.10,0.527,-1,-1,-1
595,165,623.14,325.99,19.54,50.43,0.608,-1,-1,-1
596,66,833.16,312.28,51.23,163.22,0.843,-1,-1,-1
596,73,1704.91,174.50,198.51,725.43,0.851,-1,-1,-1
596,94,741.20,301.57,62.17,174.07,0.810,-1,-1,-1
596,123,959.87,353.49,46.25,101.30,0.705,-1,-1,-1
596,131,1580.55,215.73,156.82,581.70,0.833,-1,-1,-1
596,134,1029.73,318.94,30.22,77.19,0.790,-1,-1,-1
596,135,1129.88,320.08,54.79,134.52,0.848,-1,-1,-1
596,148,913.12,342.60,51.44,109.44,0.728,-1,-1,-1
596,152,1258.43,312.28,62.18,150.28,0.882,-1,-1,-1
596,153,1067.52,326.54,23.68,66.11,0.712,-1,-1,-1
596,156,81.94,308.17,42.82,109.95,0.805,-1,-1,-1
596,158,1095.99,329.99,27.07,63.24,0.711,-1,-1,-1
596,159,31.26,313.61,39.90,106.82,0.773,-1,-1,-1
596,162,714.67,330.14,19.02,54.31,0.642,-1,-1,-1
596,163,678.17,329.85,11.79,37.03,0.574,-1,-1,-1
596,165,623.84,327.49,19.33,49.87,0.550,-1,-1,-1
597,66,832.91,314.27,51.09,161.72,0.867,-1,-1,-1
597,73,1713.84,175.35,200.31,730.68,0.847,-1,-1,-1
597,94,739.26,303.09,62.63,172.88,0.816,-1,-1,-1
597,123,959.92,353.90,46.60,101.71,0.699,-1,-1,-1
597,131,1587.79,214.83,158.56,587.17,0.847,-1,-1,-1
597,134,1030.44,318.68,30.70,78.78,0.773,-1,-1,-1
597,135,1130.99,319.95,55.06,135.31,0.835,-1,-1,-1
597,148,913.86,343.15,51.63,109.87,0.716,-1,-1,-1
597,152,1260.80,312.76,62.46,150.30,0.887,-1,-1,-1
597,153,1068.50,327.15,23.28,65.50,0.755,-1,-1,-1
597,156,78.68,309.26,42.96,110.77,0.790,-1,-1,-1
597,158,1096.70,330.42,27.12,63.91,0.716,-1,-1,-1
597,159,29.25,314.80,39.77,106.76,0.710,-1,-1,-1
597,162,715.45,328.45,19.83,56.56,0.587,-1,-1,-1
598,66,831.61,318.26,51.62,162.80,0.872,-1,-1,-1
598,73,1724.26,172.59,202.19,743.85,0.904,-1,-1,-1
598,94,737.73,305.67,63.66,173.05,0.832,-1,-1,-1
598,123,960.95,356.81,46.28,100.81,0.647,-1,-1,-1
598,131,1597.32,214.50,161.10,596.02,0.885,-1,-1,-1
598,134,1031.35,321.08,30.05,77.34,0.757,-1,-1,-1
598,135,1132.05,322.18,54.93,134.69,0.764,-1,-1,-1
598,148,914.58,345.26,51.98,110.72,0.718,-1,-1,-1
598,152,1263.19,314.11,62.83,150.46,0.873,-1,-1,-1
598,153,1069.14,331.02,22.65,63.85,0.721,-1,-1,-1
598,156,74.10,312.77,43.14,110.29,0.799,-1,-1,-1
598,158,1097.78,332.55,27.25,64.69,0.724,-1,-1,-1
598,159,24.13,318.86,39.93,106.22,0.734,-1,-1,-1
598,162,716.06,331.68,20.27,57.71,0.695,-1,-1,-1
598,163,678.60,332.54,12.34,38.76,0.590,-1,-1,-1
599,66,831.11,321.07,52.20,164.37,0.869,-1,-1,-1
599,73,1732.28,173.61,202.33,753.86,0.876,-1,-1,-1
599,94,739.13,308.36,64.43,172.95,0.848,-1,-1,-1
599,123,962.36,359.03,46.49,100.96,0.631,-1,-1,-1
599,131,1605.88,213.99,163.43,604.28,0.833,-1,-1,-1
599,134,1032.99,323.35,29.71,76.58,0.758,-1,-1,-1
599,135,1132.44,324.09,54.70,134.37,0.515,-1,-1,-1
599,148,914.93,347.05,52.15,110.95,0.547,-1,-1,-1
599,152,1266.21,315.41,63.78,151.73,0.876,-1,-1,-1
599,153,1069.48,330.53,23.65,66.86,0.696,-1,-1,-1
599,156,69.85,315.53,43.79,111.01,0.783,-1,-1,-1
599,158,1099.85,334.49,26.86,63.75,0.690,-1,-1,-1
599,159,21.82,322.01,40.19,106.09,0.724,-1,-1,-1
599,162,717.16,332.87,20.56,58.37,0.614,-1,-1,-1
600,66,831.09,323.33,52.36,164.53,0.872,-1,-1,-1
600,73,1741.34,172.35,201.84,767.62,0.870,-1,-1,-1
600,94,739.89,310.01,65.80,174.26,0.861,-1,-1,-1
600,123,963.90,361.91,46.48,100.71,0.625,-1,-1,-1
600,131,1616.43,213.13,165.82,612.64,0.820,-1,-1,-1
600,134,1034.70,327.25,29.13,75.35,0.755,-1,-1,-1
600,135,1135.36,327.92,54.37,133.98,0.822,-1,-1,-1
600,148,916.27,349.36,52.68,111.74,0.569,-1,-1,-1
600,152,1269.62,317.50,64.63,153.09,0.893,-1,-1,-1
600,153,1071.38,333.08,23.41,66.66,0.706,-1,-1,-1
600,156,68.83,319.13,43.90,110.86,0.762,-1,-1,-1
600,158,1101.72,336.70,26.60,63.82,0.741,-1,-1,-1
600,159,20.73,324.53,40.50,107.20,0.731,-1,-1,-1
600,162,717.76,335.79,20.98,59.42,0.583,-1,-1,-1
600,163,681.17,338.27,11.92,37.39,0.550,-1,-1,-1
600,165,629.93,335.81,20.34,52.24,0.505,-1,-1,-1
601,66,832.13,325.44,52.20,163.76,0.875,-1,-1,-1
601,73,1749.60,170.37,199.86,778.72,0.863,-1,-1,-1
601,94,742.17,313.97,66.16,172.96,0.847,-1,-1,-1
601,123,967.68,364.88,46.64,101.27,0.709,-1,-1,-1
601,131,1629.35,214.05,167.93,619.83,0.851,-1,-1,-1
601,134,1036.37,329.77,29.67,77.13,0.760,-1,-1,-1
601,135,1136.83,332.20,54.10,133.65,0.863,-1,-1,-1
601,148,917.69,352.58,53.29,112.04,0.770,-1,-1,-1
601,152,1273.39,319.95,65.25,153.60,0.886,-1,-1,-1
601,153,1071.95,336.56,23.77,67.41,0.683,-1,-1,-1
601,156,69.92,323.07,44.17,111.07,0.790,-1,-1,-1
601,158,1104.59,338.21,27.04,65.53,0.685,-1,-1,-1
601,159,19.97,327.70,40.35,107.76,0.724,-1,-1,-1
601,162,720.01,339.55,20.80,58.83,0.661,-1,-1,-1
601,163,683.19,341.69,12.25,38.44,0.577,-1,-1,-1
602,66,834.03,327.72,51.85,162.43,0.861,-1,-1,-1
602,73,1759.45,168.64,196.79,789.53,0.843,-1,-1,-1
602,94,745.36,318.89,65.90,171.51,0.797,-1,-1,-1
602,123,969.96,367.44,46.49,101.16,0.685,-1,-1,-1
602,131,1640.22,214.27,170.67,628.24,0.835,-1,-1,-1
602,134,1039.03,333.86,28.91,75.25,0.746,-1,-1,-1
602,135,1138.95,335.38,53.68,133.23,0.744,-1,-1,-1
602,148,920.34,354.94,53.96,113.22,0.775,-1,-1,-1
602,152,1277.50,322.09,66.00,155.09,0.860,-1,-1,-1
602,153,1074.41,340.88,23.41,65.95,0.631,-1,-1,-1
602,156,70.28,326.87,44.13,110.50,0.774,-1,-1,-1
602,158,1106.82,341.03,26.91,65.71,0.606,-1,-1,-1
602,159,20.18,330.86,39.98,107.85,0.744,-1,-1,-1
603,66,836.49,333.82,51.38,160.88,0.832,-1,-1,-1
603,73,1772.08,171.60,193.59,805.71,0.820,-1,-1,-1
603,94,748.36,321.46,67.52,174.99,0.858,-1,-1,-1
603,123,967.74,370.45,48.58,104.55,0.601,-1,-1,-1
603,131,1660.44,214.66,175.69,643.53,0.869,-1,-1,-1
603,134,1041.78,340.51,28.78,75.17,0.690,-1,-1,-1
603,148,921.81,359.96,54.48,114.31,0.684,-1,-1,-1
603,152,1284.05,327.06,67.09,157.70,0.864,-1,-1,-1
603,153,1077.97,345.42,23.72,66.76,0.507,-1,-1,-1
603,156,67.90,332.39,44.70,112.40,0.699,-1,-1,-1
604,66,839.12,336.32,51.82,161.76,0.865,-1,-1,-1
604,73,1792.03,176.03,174.93,750.68,0.740,-1,-1,-1
604,94,754.98,325.87,66.78,173.64,0.844,-1,-1,-1
604,123,969.03,375.21,49.32,104.16,0.728,-1,-1,-1
604,131,1674.67,215.04,179.08,653.67,0.827,-1,-1,-1
604,134,1045.46,344.80,28.57,74.63,0.753,-1,-1,-1
604,135,1147.45,342.97,53.38,133.47,0.809,-1,-1,-1
604,148,925.10,364.54,54.73,114.40,0.712,-1,-1,-1
604,152,1292.05,330.75,67.31,158.85,0.884,-1,-1,-1
604,153,1081.01,351.95,22.69,63.33,0.662,-1,-1,-1
604,156,69.25,336.54,44.84,112.62,0.809,-1,-1,-1
604,158,1114.11,349.10,26.52,65.26,0.663,-1,-1,-1
604,159,17.92,338.83,40.28,109.24,0.669,-1,-1,-1
604,162,729.12,352.32,20.12,56.63,0.615,-1,-1,-1
605,66,840.44,339.03,51.47,160.43,0.867,-1,-1,-1
605,73,1803.80,211.22,169.91,748.97,0.593,-1,-1,-1
605,94,757.25,327.93,66.95,174.64,0.840,-1,-1,-1
605,123,974.39,379.38,48.60,103.13,0.679,-1,-1,-1
605,131,1687.89,216.56,182.27,660.89,0.847,-1,-1,-1
605,134,1047.72,348.49,28.30,73.86,0.735,-1,-1,-1
605,135,1150.20,346.22,52.95,133.24,0.767,-1,-1,-1
605,148,927.48,367.82,54.93,114.73,0.752,-1,-1,-1
605,152,1297.43,333.27,67.65,160.65,0.887,-1,-1,-1
605,153,1083.23,355.00,22.77,63.86,0.676,-1,-1,-1
605,156,67.69,338.98,45.12,113.88,0.836,-1,-1,-1
605,158,1116.27,351.00,27.34,67.97,0.519,-1,-1,-1
605,159,15.06,343.27,40.82,110.70,0.795,-1,-1,-1
605,162,730.93,356.38,20.38,57.09,0.633,-1,-1,-1
605,165,640.05,355.73,19.58,50.26,0.512,-1,-1,-1
606,66,840.67,342.38,52.02,162.54,0.825,-1,-1,-1
606,94,758.69,330.54,67.20,175.74,0.838,-1,-1,-1
606,123,977.73,383.31,48.15,102.34,0.652,-1,-1,-1
606,131,1705.04,219.49,186.74,665.03,0.879,-1,-1,-1
606,134,1048.71,352.20,28.44,74.18,0.699,-1,-1,-1
606,135,1156.08,349.04,53.85,133.62,0.545,-1,-1,-1
606,148,929.12,370.78,54.98,115.22,0.700,-1,-1,-1
606,152,1302.08,337.01,67.45,160.71,0.885,-1,-1,-1
606,153,1084.24,357.52,22.99,64.83,0.715,-1,-1,-1
606,156,65.22,342.89,45.24,114.36,0.816,-1,-1,-1
606,158,1117.48,355.96,26.74,66.81,0.611,-1,-1,-1
606,159,12.95,348.07,40.79,110.82,0.707,-1,-1,-1
606,162,731.77,359.25,20.69,57.66,0.527,-1,-1,-1
607,66,840.58,342.99,52.65,164.42,0.846,-1,-1,-1
607,94,760.30,332.42,66.96,174.86,0.882,-1,-1,-1
607,123,981.42,384.85,48.12,103.17,0.733,-1,-1,-1
607,131,1714.63,219.31,191.18,674.40,0.802,-1,-1,-1
607,134,1049.82,352.79,28.73,75.01,0.740,-1,-1,-1
607,135,1156.43,349.76,53.72,133.16,0.823,-1,-1,-1
607,148,930.75,371.15,55.51,116.43,0.785,-1,-1,-1
607,152,1306.22,338.14,67.47,161.59,0.851,-1,-1,-1
607,153,1084.66,358.81,23.39,66.03,0.576,-1,-1,-1
607,156,61.92,343.88,44.76,114.43,0.839,-1,-1,-1
607,158,1119.87,358.02,27.06,68.26,0.602,-1,-1,-1
607,159,11.61,349.74,40.86,111.23,0.804,-1,-1,-1
607,162,733.44,361.05,20.51,56.94,0.682,-1,-1,-1
608,66,840.96,346.54,52.06,161.95,0.859,-1,-1,-1
608,94,760.46,333.38,66.94,175.18,0.879,-1,-1,-1
608,123,982.41,386.20,48.32,103.93,0.681,-1,-1,-1
608,131,1723.62,218.03,194.47,684.42,0.924,-1,-1,-1
608,134,1051.48,353.91,28.13,73.54,0.748,-1,-1,-1
608,135,1154.97,349.85,54.19,134.40,0.838,-1,-1,-1
608,148,931.77,373.33,55.05,115.30,0.761,-1,-1,-1
608,152,1310.96,339.51,67.28,162.10,0.881,-1,-1,-1
608,153,1086.33,360.57,22.81,64.61,0.609,-1,-1,-1
608,156,57.00,345.75,44.47,115.35,0.759,-1,-1,-1
608,158,1122.70,360.84,25.57,64.63,0.749,-1,-1,-1
608,159,7.02,352.48,41.35,110.99,0.865,-1,-1,-1
608,162,734.41,362.58,20.62,57.03,0.649,-1,-1,-1
609,66,841.99,347.47,51.73,160.38,0.856,-1,-1,-1
609,94,761.77,333.24,66.93,174.90,0.873,-1,-1,-1
609,123,983.09,385.91,48.42,104.37,0.638,-1,-1,-1
609,131,1729.71,217.28,196.35,693.39,0.921,-1,-1,-1
609,134,1052.24,351.66,28.46,74.61,0.752,-1,-1,-1
609,135,1154.76,348.86,54.52,134.81,0.844,-1,-1,-1
609,148,932.56,372.61,55.43,115.89,0.736,-1,-1,-1
609,152,1315.74,338.28,67.26,162.78,0.885,-1,-1,-1
609,153,1089.33,360.84,22.36,63.64,0.641,-1,-1,-1
609,156,53.23,345.97,44.33,116.02,0.760,-1,-1,-1
609,158,1124.54,361.14,24.87,63.04,0.749,-1,-1,-1
609,159,4.36,353.38,41.98,110.92,0.861,-1,-1,-1
609,162,735.48,362.29,20.71,57.03,0.696,-1,-1,-1
609,166,696.41,362.05,11.90,37.13,0.634,-1,-1,-1
610,66,842.76,347.40,51.88,160.57,0.855,-1,-1,-1
610,94,762.38,331.84,67.31,175.52,0.878,-1,-1,-1
610,123,984.37,384.66,48.50,104.88,0.640,-1,-1,-1
610,131,1734.69,210.83,197.82,705.05,0.917,-1,-1,-1
610,134,1053.08,349.68,28.37,74.36,0.757,-1,-1,-1
610,135,1154.43,347.94,54.68,134.97,0.842,-1,-1,-1
610,148,933.99,370.69,55.96,117.38,0.665,-1,-1,-1
610,152,1319.21,336.84,67.18,163.14,0.869,-1,-1,-1
610,153,1090.43,360.41,21.97,62.60,0.645,-1,-1,-1
610,156,50.21,345.56,44.07,116.24,0.738,-1,-1,-1
610,158,1126.15,360.91,24.18,61.53,0.697,-1,-1,-1
610,159,2.72,353.73,42.34,110.15,0.874,-1,-1,-1
610,162,735.96,361.74,20.84,57.04,0.649,-1,-1,-1
610,166,697.03,361.95,11.62,36.21,0.555,-1,-1,-1
610,167,672.47,359.37,14.85,40.10,0.504,-1,-1,-1
611,66,843.39,346.57,51.99,160.58,0.863,-1,-1,-1
611,94,762.86,331.44,67.26,175.33,0.866,-1,-1,-1
611,123,980.96,382.23,49.95,106.09,0.688,-1,-1,-1
611,131,1740.76,207.21,196.79,711.29,0.920,-1,-1,-1
611,134,1053.79,347.35,28.62,75.09,0.775,-1,-1,-1
611,135,1154.74,347.52,54.58,134.26,0.843,-1,-1,-1
611,148,935.77,370.40,55.66,116.94,0.666,-1,-1,-1
611,152,1321.85,333.77,67.98,165.32,0.878,-1,-1,-1
611,153,1091.42,359.29,21.89,62.51,0.629,-1,-1,-1
611,156,47.36,345.45,44.13,117.06,0.752,-1,-1,-1
611,158,1127.29,359.61,24.12,61.34,0.726,-1,-1,-1
611,159,1.77,353.79,42.80,109.99,0.881,-1,-1,-1
611,162,736.41,360.98,21.05,57.25,0.659,-1,-1,-1
611,166,697.69,361.67,11.37,35.40,0.573,-1,-1,-1
612,66,844.84,344.95,52.07,160.44,0.870,-1,-1,-1
612,94,763.36,330.67,67.36,175.10,0.861,-1,-1,-1
612,123,980.02,381.11,50.78,105.89,0.749,-1,-1,-1
612,131,1747.00,202.14,195.71,721.19,0.917,-1,-1,-1
612,134,1054.72,345.35,28.76,75.66,0.796,-1,-1,-1
612,135,1154.66,346.88,54.22,133.01,0.846,-1,-1,-1
612,148,937.35,370.13,55.06,115.57,0.671,-1,-1,-1
612,152,1325.05,330.69,68.62,166.91,0.890,-1,-1,-1
612,153,1092.22,355.84,22.42,63.95,0.686,-1,-1,-1
612,156,45.76,345.01,44.18,117.68,0.763,-1,-1,-1
612,158,1127.95,356.72,24.44,62.38,0.731,-1,-1,-1
612,159,1.18,353.41,43.09,109.64,0.884,-1,-1,-1
612,162,737.34,360.03,21.19,57.35,0.708,-1,-1,-1
612,166,698.19,359.85,11.88,37.00,0.591,-1,-1,-1
612,167,674.04,357.30,14.90,40.31,0.525,-1,-1,-1
613,66,848.19,342.79,52.17,160.19,0.876,-1,-1,-1
613,94,765.16,331.34,67.01,174.10,0.838,-1,-1,-1
613,123,985.63,380.76,50.52,105.57,0.549,-1,-1,-1
613,131,1758.75,194.40,190.25,720.35,0.913,-1,-1,-1
613,134,1057.84,345.15,28.78,75.75,0.748,-1,-1,-1
613,135,1157.05,345.95,53.98,132.38,0.841,-1,-1,-1
613,148,940.00,368.79,55.33,115.80,0.700,-1,-1,-1
613,152,1331.52,327.75,69.64,168.84,0.890,-1,-1,-1
613,153,1095.60,353.32,22.86,65.43,0.714,-1,-1,-1
613,156,45.63,345.93,44.39,118.47,0.806,-1,-1,-1
613,158,1131.62,356.12,24.18,61.92,0.787,-1,-1,-1
613,159,0.86,353.53,43.82,110.62,0.870,-1,-1,-1
613,162,740.11,359.21,21.36,57.57,0.708,-1,-1,-1
613,165,650.85,355.38,21.46,55.19,0.575,-1,-1,-1
613,166,701.06,358.00,12.47,38.85,0.587,-1,-1,-1
613,167,676.30,355.61,15.48,41.91,0.533,-1,-1,-1
614,66,851.09,340.51,52.35,160.29,0.861,-1,-1,-1
614,94,766.63,332.37,66.35,172.61,0.828,-1,-1,-1
614,123,986.66,380.00,51.22,105.72,0.584,-1,-1,-1
614,131,1769.47,189.32,184.69,720.86,0.895,-1,-1,-1
614,134,1060.88,345.44,28.33,74.54,0.775,-1,-1,-1
614,135,1160.48,345.38,54.04,132.03,0.835,-1,-1,-1
614,148,942.81,367.25,55.68,116.67,0.700,-1,-1,-1
614,152,1336.66,326.40,70.24,169.94,0.884,-1,-1,-1
614,153,1099.55,350.85,23.22,67.11,0.735,-1,-1,-1
614,156,45.30,347.11,44.22,118.32,0.813,-1,-1,-1
614,158,1134.65,355.08,24.18,62.03,0.652,-1,-1,-1
614,159,-0.08,352.50,44.65,112.54,0.877,-1,-1,-1
614,161,634.36,355.39,17.63,52.89,0.585,-1,-1,-1
614,162,742.24,358.37,21.69,58.40,0.636,-1,-1,-1
614,165,652.63,355.43,21.44,54.87,0.527,-1,-1,-1
615,66,852.90,339.08,52.90,160.85,0.853,-1,-1,-1
615,94,769.73,331.16,66.65,173.04,0.850,-1,-1,-1
615,123,989.38,378.11,51.94,107.04,0.510,-1,-1,-1
615,131,1777.72,186.66,181.49,727.73,0.811,-1,-1,-1
615,134,1063.47,345.07,28.05,73.66,0.785,-1,-1,-1
615,135,1163.50,344.66,54.13,131.86,0.795,-1,-1,-1
615,148,944.80,366.40,55.88,117.18,0.758,-1,-1,-1
615,152,1340.28,325.64,70.61,170.74,0.846,-1,-1,-1
615,153,1102.53,349.96,23.18,67.37,0.736,-1,-1,-1
615,156,45.49,347.95,43.91,117.65,0.803,-1,-1,-1
615,158,1136.92,354.86,23.98,61.68,0.545,-1,-1,-1
615,159,-1.24,352.11,44.91,113.68,0.881,-1,-1,-1
615,162,744.78,358.02,21.93,58.62,0.654,-1,-1,-1
615,166,705.33,357.63,12.37,38.55,0.538,-1,-1,-1
616,66,856.53,339.32,53.10,161.07,0.794,-1,-1,-1
616,94,769.15,331.22,66.12,171.84,0.785,-1,-1,-1
616,131,1786.80,190.60,176.84,727.47,0.740,-1,-1,-1
616,135,1165.42,344.10,53.52,131.19,0.758,-1,-1,-1
616,148,947.12,366.38,55.54,116.53,0.697,-1,-1,-1
616,152,1343.97,325.42,70.69,172.10,0.642,-1,-1,-1
616,156,47.76,349.27,42.49,113.84,0.673,-1,-1,-1
617,66,859.48,338.48,53.96,163.89,0.846,-1,-1,-1
617,94,771.80,330.17,66.29,172.68,0.839,-1,-1,-1
617,123,999.70,377.81,51.61,107.13,0.672,-1,-1,-1
617,131,1797.02,193.49,170.81,730.78,0.827,-1,-1,-1
617,134,1068.92,346.45,28.47,74.55,0.728,-1,-1,-1
617,135,1168.13,342.24,53.88,132.36,0.800,-1,-1,-1
617,148,950.82,366.13,56.31,118.52,0.740,-1,-1,-1
617,152,1349.67,325.41,71.64,173.46,0.806,-1,-1,-1
617,153,1107.51,347.09,24.60,71.56,0.707,-1,-1,-1
617,156,48.33,349.74,42.70,115.00,0.806,-1,-1,-1
617,158,1142.27,347.41,27.04,70.00,0.649,-1,-1,-1
617,159,-3.60,350.23,45.99,117.63,0.781,-1,-1,-1
617,162,748.98,358.91,21.87,58.24,0.608,-1,-1,-1
618,66,863.47,337.70,55.53,166.61,0.872,-1,-1,-1
618,94,777.11,331.28,66.05,172.24,0.833,-1,-1,-1
618,134,1076.78,345.53,28.60,74.77,0.671,-1,-1,-1
618,135,1174.84,341.52,54.26,132.77,0.828,-1,-1,-1
618,148,957.30,366.38,56.27,118.65,0.749,-1,-1,-1
618,152,1356.97,325.45,72.09,175.08,0.801,-1,-1,-1
618,153,1114.89,344.62,25.22,73.56,0.638,-1,-1,-1
618,156,50.04,349.84,43.44,116.57,0.812,-1,-1,-1
618,158,1149.46,348.04,26.64,68.98,0.598,-1,-1,-1
618,159,-2.88,349.55,46.30,119.20,0.853,-1,-1,-1
618,162,755.49,358.14,22.38,59.36,0.620,-1,-1,-1
619,66,866.50,338.64,55.95,166.46,0.815,-1,-1,-1
619,94,779.72,330.32,66.32,173.82,0.826,-1,-1,-1
619,134,1082.65,346.47,28.69,74.34,0.708,-1,-1,-1
619,135,1177.50,341.69,53.73,132.68,0.793,-1,-1,-1
619,148,961.45,365.68,57.06,120.42,0.729,-1,-1,-1
619,152,1363.19,326.45,72.79,176.61,0.769,-1,-1,-1
619,153,1120.91,343.96,25.76,74.94,0.688,-1,-1,-1
619,156,51.07,350.47,43.77,118.14,0.720,-1,-1,-1
619,159,-2.82,350.18,46.40,119.93,0.725,-1,-1,-1
620,66,868.25,339.13,56.95,166.51,0.893,-1,-1,-1
620,94,783.78,330.36,66.18,174.25,0.843,-1,-1,-1
620,123,1014.21,376.77,52.51,109.68,0.654,-1,-1,-1
620,134,1087.38,345.73,28.52,73.98,0.726,-1,-1,-1
620,135,1181.96,340.86,54.03,133.86,0.836,-1,-1,-1
620,148,965.66,365.98,57.13,120.50,0.704,-1,-1,-1
620,152,1369.56,326.03,73.88,178.38,0.815,-1,-1,-1
620,153,1126.44,345.84,24.96,72.21,0.708,-1,-1,-1
620,156,52.13,350.55,43.96,118.72,0.818,-1,-1,-1
620,158,1158.86,350.46,25.59,66.76,0.620,-1,-1,-1
620,159,-2.19,351.53,46.07,119.60,0.846,-1,-1,-1
620,162,763.50,358.33,22.17,58.75,0.608,-1,-1,-1
621,66,868.92,339.72,58.22,167.98,0.859,-1,-1,-1
621,94,786.53,330.93,66.08,174.53,0.832,-1,-1,-1
621,123,1015.49,377.32,53.29,110.22,0.601,-1,-1,-1
621,134,1091.29,345.16,29.05,75.09,0.657,-1,-1,-1
621,135,1185.06,340.56,54.36,134.60,0.731,-1,-1,-1
621,148,968.66,364.78,57.63,122.02,0.751,-1,-1,-1
621,152,1372.26,325.24,74.86,181.89,0.845,-1,-1,-1
621,153,1130.02,342.33,26.42,76.75,0.682,-1,-1,-1
621,156,52.24,350.53,43.98,119.47,0.775,-1,-1,-1
621,159,-1.82,353.33,45.93,119.70,0.854,-1,-1,-1
621,162,766.02,356.62,23.11,61.05,0.522,-1,-1,-1
622,66,870.64,341.25,57.81,163.89,0.874,-1,-1,-1
622,94,789.62,331.78,65.47,173.81,0.826,-1,-1,-1
622,123,1016.23,378.70,53.78,109.75,0.679,-1,-1,-1
622,134,1094.17,344.08,29.00,74.80,0.749,-1,-1,-1
622,135,1186.71,341.76,53.33,133.27,0.772,-1,-1,-1
622,148,971.25,365.80,57.48,121.66,0.587,-1,-1,-1
622,152,1377.27,325.14,74.66,181.02,0.845,-1,-1,-1
622,153,1132.91,344.00,25.20,73.86,0.742,-1,-1,-1
622,156,52.65,350.49,44.23,120.41,0.837,-1,-1,-1
622,158,1166.35,351.49,24.80,64.72,0.621,-1,-1,-1
622,159,-1.52,356.41,45.06,117.83,0.840,-1,-1,-1
622,162,769.10,357.99,22.56,59.16,0.643,-1,-1,-1
623,66,872.02,342.59,58.34,163.31,0.885,-1,-1,-1
623,94,791.43,332.89,64.34,172.41,0.850,-1,-1,-1
623,123,1018.66,378.57,54.13,109.86,0.642,-1,-1,-1
623,134,1095.88,341.59,29.54,76.58,0.747,-1,-1,-1
623,135,1190.33,341.21,53.65,133.85,0.805,-1,-1,-1
623,148,973.97,366.16,57.35,121.13,0.742,-1,-1,-1
623,152,1381.51,322.99,75.50,183.50,0.861,-1,-1,-1
623,153,1135.05,344.30,24.92,73.21,0.701,-1,-1,-1
623,156,52.22,349.97,44.23,121.10,0.814,-1,-1,-1
623,158,1169.56,351.30,24.80,64.86,0.597,-1,-1,-1
623,159,-1.04,357.87,44.01,115.25,0.862,-1,-1,-1
623,162,771.27,357.54,22.77,59.52,0.643,-1,-1,-1
623,167,683.98,358.19,18.69,50.55,0.509,-1,-1,-1
624,66,874.65,342.50,58.94,163.58,0.869,-1,-1,-1
624,94,797.11,332.23,64.35,172.81,0.840,-1,-1,-1
624,123,1025.21,377.37,54.35,110.76,0.652,-1,-1,-1
624,134,1101.58,342.35,28.82,74.28,0.770,-1,-1,-1
624,135,1195.05,341.38,53.48,133.21,0.502,-1,-1,-1
624,148,978.04,364.81,58.09,122.75,0.641,-1,-1,-1
624,152,1389.08,320.66,76.04,185.19,0.858,-1,-1,-1
624,153,1140.30,345.47,24.14,70.89,0.711,-1,-1,-1
624,156,51.36,350.65,44.48,121.18,0.828,-1,-1,-1
624,158,1174.69,351.03,24.56,64.32,0.592,-1,-1,-1
624,159,-0.15,360.00,43.98,114.78,0.847,-1,-1,-1
624,162,775.77,357.70,22.41,58.35,0.671,-1,-1,-1
625,66,877.86,342.92,59.04,163.73,0.836,-1,-1,-1
625,94,800.66,333.48,63.66,172.06,0.845,-1,-1,-1
625,123,1025.56,377.61,55.21,111.11,0.740,-1,-1,-1
625,134,1104.68,342.78,28.72,73.85,0.757,-1,-1,-1
625,135,1199.00,342.09,53.24,132.57,0.773,-1,-1,-1
625,148,980.25,365.17,58.06,122.37,0.703,-1,-1,-1
625,152,1396.92,319.79,76.24,185.99,0.839,-1,-1,-1
625,153,1144.11,345.53,23.85,70.21,0.732,-1,-1,-1
625,156,49.53,351.74,44.80,120.89,0.829,-1,-1,-1
625,158,1178.06,351.38,24.32,64.00,0.684,-1,-1,-1
625,159,-0.19,360.89,44.38,115.81,0.849,-1,-1,-1
625,162,778.66,357.68,22.44,58.36,0.701,-1,-1,-1
625,167,689.52,359.68,18.64,50.47,0.510,-1,-1,-1
626,66,880.28,342.02,59.29,164.17,0.884,-1,-1,-1
626,94,804.07,333.84,63.19,171.89,0.865,-1,-1,-1
626,123,1026.37,377.78,56.28,111.39,0.773,-1,-1,-1
626,134,1107.43,343.24,28.41,73.11,0.754,-1,-1,-1
626,135,1201.91,342.06,53.04,132.11,0.809,-1,-1,-1
626,152,1404.19,319.06,76.29,186.98,0.829,-1,-1,-1
626,153,1147.56,345.28,23.91,70.23,0.744,-1,-1,-1
626,156,48.51,352.51,45.29,121.03,0.835,-1,-1,-1
626,158,1181.60,351.92,23.52,62.03,0.741,-1,-1,-1
626,159,-0.19,361.45,44.45,115.98,0.853,-1,-1,-1
626,162,781.04,358.27,22.22,57.38,0.741,-1,-1,-1
627,66,882.76,342.82,58.89,163.22,0.879,-1,-1,-1
627,94,806.83,333.30,63.03,173.07,0.872,-1,-1,-1
627,123,1032.14,378.42,56.06,111.38,0.573,-1,-1,-1
627,134,1109.97,343.32,28.57,73.52,0.705,-1,-1,-1
627,135,1204.13,343.03,52.57,131.64,0.843,-1,-1,-1
627,148,986.89,367.04,57.73,121.68,0.536,-1,-1,-1
627,152,1411.18,318.63,76.84,189.92,0.840,-1,-1,-1
627,153,1149.48,345.65,24.06,70.86,0.745,-1,-1,-1
627,156,47.79,353.34,45.89,121.25,0.843,-1,-1,-1
627,158,1184.24,352.25,23.46,62.08,0.725,-1,-1,-1
627,159,-0.87,361.53,44.37,116.35,0.876,-1,-1,-1
627,162,783.37,358.99,22.15,57.15,0.683,-1,-1,-1
627,166,719.10,357.27,13.43,42.20,0.549,-1,-1,-1
627,168,743.93,360.11,12.01,38.62,0.599,-1,-1,-1
628,66,884.27,342.80,58.43,162.03,0.880,-1,-1,-1
628,94,808.81,333.54,62.54,173.16,0.869,-1,-1,-1
628,123,1032.55,378.72,56.87,112.28,0.617,-1,-1,-1
628,134,1111.58,344.16,28.69,73.99,0.738,-1,-1,-1
628,135,1204.90,343.30,52.19,131.50,0.833,-1,-1,-1
628,148,987.82,368.07,57.77,121.53,0.637,-1,-1,-1
628,152,1417.62,319.29,76.58,191.34,0.839,-1,-1,-1
628,153,1151.12,347.50,23.50,69.64,0.746,-1,-1,-1
628,156,47.83,354.25,46.25,121.28,0.841,-1,-1,-1
628,158,1185.90,352.84,23.42,62.01,0.689,-1,-1,-1
628,159,-2.34,362.18,43.92,116.74,0.877,-1,-1,-1
628,162,784.56,360.03,22.14,56.86,0.715,-1,-1,-1
628,166,720.02,357.64,13.44,42.53,0.579,-1,-1,-1
628,167,687.32,361.66,18.39,49.77,0.506,-1,-1,-1
628,168,745.33,361.35,11.81,37.99,0.674,-1,-1,-1
629,66,886.48,343.84,58.92,164.55,0.867,-1,-1,-1
629,94,811.73,335.00,62.03,172.62,0.854,-1,-1,-1
629,123,1038.57,380.97,56.64,112.48,0.650,-1,-1,-1
629,134,1114.72,346.76,28.58,73.67,0.720,-1,-1,-1
629,135,1208.58,344.09,52.72,132.31,0.584,-1,-1,-1
629,148,990.20,369.42,58.45,122.85,0.628,-1,-1,-1
629,152,1430.01,322.86,76.68,192.81,0.876,-1,-1,-1
629,153,1152.62,345.29,25.05,74.84,0.649,-1,-1,-1
629,156,46.32,355.27,47.03,122.34,0.835,-1,-1,-1
629,159,-3.83,361.62,43.69,118.35,0.874,-1,-1,-1
629,162,786.36,362.39,22.29,57.07,0.683,-1,-1,-1
630,66,888.31,347.85,58.45,163.98,0.846,-1,-1,-1
630,94,814.76,338.04,61.75,172.28,0.833,-1,-1,-1
630,123,1043.00,381.65,57.10,113.88,0.618,-1,-1,-1
630,134,1116.08,348.18,29.46,76.42,0.620,-1,-1,-1
630,135,1211.46,346.53,53.88,134.10,0.759,-1,-1,-1
630,148,993.79,371.02,59.00,124.08,0.639,-1,-1,-1
630,152,1437.53,328.30,75.88,191.64,0.866,-1,-1,-1
630,153,1154.60,345.34,26.15,78.48,0.537,-1,-1,-1
630,156,45.00,357.05,48.02,124.11,0.837,-1,-1,-1
630,159,-6.10,356.66,45.70,126.42,0.768,-1,-1,-1
630,162,785.74,358.75,24.96,63.95,0.635,-1,-1,-1
631,66,889.92,348.70,58.13,164.17,0.865,-1,-1,-1
631,94,815.76,338.19,62.08,173.83,0.847,-1,-1,-1
631,123,1039.44,385.15,57.77,113.51,0.798,-1,-1,-1
631,134,1118.23,351.04,29.07,75.32,0.714,-1,-1,-1
631,135,1213.34,348.09,54.32,135.16,0.706,-1,-1,-1
631,148,993.59,374.13,58.84,123.17,0.765,-1,-1,-1
631,152,1444.06,329.97,76.42,193.80,0.890,-1,-1,-1
631,153,1156.65,351.10,24.58,74.11,0.723,-1,-1,-1
631,156,41.57,357.77,48.63,124.79,0.859,-1,-1,-1
631,158,1193.54,359.22,23.45,62.74,0.675,-1,-1,-1
631,159,-7.05,358.06,44.45,126.22,0.829,-1,-1,-1
631,162,788.10,362.78,24.09,61.57,0.705,-1,-1,-1
631,166,724.12,362.97,13.38,42.52,0.560,-1,-1,-1
631,167,695.26,365.06,19.28,51.88,0.516,-1,-1,-1
631,168,750.29,365.91,12.47,40.12,0.578,-1,-1,-1
632,66,891.91,350.93,57.70,163.92,0.876,-1,-1,-1
632,94,816.50,338.46,62.21,174.54,0.852,-1,-1,-1
632,123,1040.76,386.71,58.10,113.69,0.606,-1,-1,-1
632,134,1120.39,353.91,28.65,74.00,0.753,-1,-1,-1
632,135,1214.01,349.45,54.03,133.72,0.793,-1,-1,-1
632,148,994.80,375.12,59.30,123.68,0.782,-1,-1,-1
632,152,1449.68,330.19,77.26,196.60,0.838,-1,-1,-1
632,153,1159.24,352.66,24.60,74.37,0.678,-1,-1,-1
632,156,39.03,358.27,48.70,124.67,0.865,-1,-1,-1
632,158,1195.42,359.28,24.39,65.92,0.559,-1,-1,-1
632,159,-7.60,358.02,43.74,126.70,0.721,-1,-1,-1
632,162,790.25,363.71,24.47,62.45,0.687,-1,-1,-1
632,166,725.31,364.22,13.53,43.09,0.587,-1,-1,-1
632,167,698.89,365.96,19.50,52.56,0.515,-1,-1,-1
632,168,752.36,366.27,13.03,41.91,0.613,-1,-1,-1
633,66,892.98,352.80,56.95,162.47,0.864,-1,-1,-1
633,94,819.02,338.85,61.90,174.48,0.863,-1,-1,-1
633,123,1046.88,384.22,58.21,114.88,0.693,-1,-1,-1
633,134,1121.13,353.17,29.24,75.64,0.645,-1,-1,-1
633,135,1214.24,350.55,54.08,133.57,0.748,-1,-1,-1
633,148,997.78,375.36,59.31,123.62,0.716,-1,-1,-1
633,152,1454.85,329.98,78.19,199.57,0.878,-1,-1,-1
633,153,1160.27,353.82,24.54,74.41,0.591,-1,-1,-1
633,156,36.12,358.82,49.35,126.15,0.841,-1,-1,-1
633,159,-8.97,358.03,43.16,128.60,0.753,-1,-1,-1
633,162,791.06,363.86,24.55,62.63,0.609,-1,-1,-1
634,66,893.71,351.93,56.59,161.93,0.864,-1,-1,-1
634,94,818.52,337.06,61.92,174.34,0.854,-1,-1,-1
634,123,1050.34,383.97,57.50,114.63,0.708,-1,-1,-1
634,134,1122.83,353.21,28.76,74.13,0.752,-1,-1,-1
634,135,1213.77,350.10,54.07,133.22,0.726,-1,-1,-1
634,148,997.68,372.30,60.26,125.49,0.792,-1,-1,-1
634,152,1461.21,328.69,77.92,199.43,0.879,-1,-1,-1
634,153,1161.35,350.47,25.17,76.54,0.684,-1,-1,-1
634,156,28.58,357.07,49.02,126.15,0.813,-1,-1,-1
634,158,1198.65,358.18,24.90,68.31,0.676,-1,-1,-1
634,159,-10.09,356.67,41.23,127.41,0.785,-1,-1,-1
634,162,792.53,363.30,24.05,61.19,0.691,-1,-1,-1
634,166,726.52,364.39,13.28,42.23,0.549,-1,-1,-1
634,167,702.30,365.97,19.05,51.46,0.554,-1,-1,-1
634,168,754.12,365.69,12.96,41.63,0.553,-1,-1,-1
635,66,893.43,351.90,55.91,160.63,0.843,-1,-1,-1
635,94,817.95,336.16,61.87,174.68,0.839,-1,-1,-1
635,123,1051.70,382.40,57.91,116.28,0.557,-1,-1,-1
635,134,1123.31,354.32,27.84,71.62,0.693,-1,-1,-1
635,135,1209.46,349.60,53.78,132.05,0.804,-1,-1,-1
635,148,997.43,371.02,60.47,126.08,0.790,-1,-1,-1
635,152,1463.62,325.16,79.23,202.64,0.839,-1,-1,-1
635,156,20.45,355.14,49.15,127.09,0.705,-1,-1,-1
635,162,792.32,362.03,24.82,62.75,0.620,-1,-1,-1
636,66,892.02,349.37,55.55,160.00,0.873,-1,-1,-1
636,94,815.27,333.98,61.47,173.93,0.853,-1,-1,-1
636,123,1043.72,380.86,58.40,115.58,0.798,-1,-1,-1
636,134,1121.21,350.16,28.16,72.18,0.748,-1,-1,-1
636,135,1206.40,347.42,53.49,131.71,0.841,-1,-1,-1
636,148,995.35,368.02,61.06,127.41,0.764,-1,-1,-1
636,152,1463.95,321.43,80.21,203.89,0.891,-1,-1,-1
636,153,1160.83,348.72,24.66,74.90,0.723,-1,-1,-1
636,156,12.43,351.92,48.80,127.49,0.769,-1,-1,-1
636,158,1197.91,355.43,24.03,66.77,0.653,-1,-1,-1
636,162,790.01,360.64,24.03,60.35,0.695,-1,-1,-1
636,167,701.08,362.28,19.52,52.64,0.506,-1,-1,-1
637,66,891.55,346.78,55.32,159.64,0.850,-1,-1,-1
637,94,813.91,332.90,60.62,171.74,0.835,-1,-1,-1
637,123,1046.10,377.58,58.65,117.11,0.635,-1,-1,-1
637,134,1120.59,347.92,27.98,71.48,0.714,-1,-1,-1
637,135,1202.38,343.92,53.85,132.06,0.841,-1,-1,-1
637,148,994.98,366.25,60.67,126.62,0.701,-1,-1,-1
637,152,1464.55,319.50,81.32,204.06,0.868,-1,-1,-1
637,153,1159.92,341.06,26.12,79.95,0.656,-1,-1,-1
637,156,7.64,349.38,48.06,125.57,0.765,-1,-1,-1
637,162,788.85,356.26,24.48,61.31,0.600,-1,-1,-1
638,66,891.74,343.25,54.93,158.08,0.877,-1,-1,-1
638,94,813.65,329.97,60.40,171.28,0.852,-1,-1,-1
638,123,1041.79,373.19,59.79,118.08,0.782,-1,-1,-1
638,134,1119.93,342.99,28.42,72.38,0.753,-1,-1,-1
638,135,1200.76,339.77,54.44,133.17,0.848,-1,-1,-1
638,148,993.41,362.68,60.92,126.70,0.777,-1,-1,-1
638,152,1465.22,314.96,82.91,205.04,0.879,-1,-1,-1
638,153,1159.42,336.03,26.55,81.73,0.679,-1,-1,-1
638,156,1.99,345.64,48.06,125.95,0.816,-1,-1,-1
638,162,787.51,354.30,23.83,59.44,0.720,-1,-1,-1
638,167,699.43,355.27,19.88,54.02,0.531,-1,-1,-1
639,66,890.26,339.45,54.37,156.12,0.886,-1,-1,-1
639,94,811.27,327.01,60.30,170.40,0.853,-1,-1,-1
639,123,1043.19,370.72,59.15,118.06,0.673,-1,-1,-1
639,134,1117.66,339.58,28.49,72.40,0.779,-1,-1,-1
639,135,1197.03,335.17,54.53,132.48,0.868,-1,-1,-1
639,148,990.97,359.31,61.15,126.65,0.739,-1,-1,-1
639,152,1464.67,311.47,85.64,207.84,0.890,-1,-1,-1
639,153,1157.49,332.38,26.37,82.11,0.716,-1,-1,-1
639,156,-4.36,342.75,47.19,126.45,0.813,-1,-1,-1
639,162,784.98,350.70,23.63,59.05,0.675,-1,-1,-1
640,66,890.40,336.27,54.26,155.41,0.889,-1,-1,-1
640,94,809.47,323.53,60.93,171.69,0.872,-1,-1,-1
640,123,1041.79,367.93,59.47,118.61,0.611,-1,-1,-1
640,134,1116.67,337.22,28.66,72.64,0.771,-1,-1,-1
640,135,1195.10,332.15,55.11,133.07,0.867,-1,-1,-1
640,148,990.04,357.21,61.39,126.61,0.757,-1,-1,-1
640,152,1466.24,308.61,88.34,210.55,0.899,-1,-1,-1
640,153,1157.25,332.80,25.39,79.62,0.692,-1,-1,-1
640,156,-6.96,341.18,46.07,126.16,0.822,-1,-1,-1
640,162,783.40,348.56,23.62,59.27,0.697,-1,-1,-1
640,167,696.32,350.54,19.56,53.07,0.538,-1,-1,-1
641,66,890.60,334.00,54.86,156.85,0.888,-1,-1,-1
641,94,808.95,321.97,61.28,172.45,0.878,-1,-1,-1
641,123,1043.96,366.79,58.77,117.73,0.577,-1,-1,-1
641,134,1116.36,335.75,28.80,72.83,0.777,-1,-1,-1
641,135,1193.94,329.73,55.87,134.43,0.855,-1,-1,-1
641,148,989.57,355.59,61.83,127.28,0.718,-1,-1,-1
641,152,1467.41,306.25,91.02,213.79,0.892,-1,-1,-1
641,153,1157.03,328.83,25.92,81.93,0.679,-1,-1,-1
641,156,-7.93,340.99,44.26,124.10,0.839,-1,-1,-1
641,162,782.53,347.38,23.71,59.61,0.690,-1,-1,-1
642,66,890.59,332.81,55.43,158.12,0.887,-1,-1,-1
642,94,807.70,320.96,61.73,173.06,0.876,-1,-1,-1
642,123,1038.30,366.75,59.91,118.23,0.733,-1,-1,-1
642,134,1116.03,335.68,28.65,72.32,0.780,-1,-1,-1
642,135,1193.45,328.87,56.50,135.39,0.874,-1,-1,-1
642,148,988.80,355.38,62.30,127.90,0.770,-1,-1,-1
642,152,1469.08,305.34,93.33,216.03,0.888,-1,-1,-1
642,153,1157.32,330.65,25.09,79.50,0.674,-1,-1,-1
642,156,-8.85,341.50,42.67,122.59,0.798,-1,-1,-1
642,162,781.86,347.40,23.43,58.99,0.703,-1,-1,-1
642,167,693.44,348.66,19.63,52.68,0.508,-1,-1,-1
643,66,892.37,333.20,55.16,158.29,0.856,-1,-1,-1
643,94,807.22,320.30,60.93,171.76,0.849,-1,-1,-1
643,123,1042.28,364.09,60.81,120.80,0.617,-1,-1,-1
643,134,1116.21,336.52,28.34,71.78,0.723,-1,-1,-1
643,135,1194.31,328.98,56.15,135.26,0.853,-1,-1,-1
643,148,991.06,355.83,62.04,127.95,0.599,-1,-1,-1
643,152,1472.54,306.49,94.69,218.00,0.821,-1,-1,-1
643,156,-9.78,341.96,41.31,121.54,0.734,-1,-1,-1
644,66,894.58,334.32,55.83,160.46,0.843,-1,-1,-1
644,94,810.40,321.82,61.19,171.29,0.847,-1,-1,-1
644,123,1047.11,366.48,59.86,119.94,0.674,-1,-1,-1
644,134,1117.72,338.78,28.29,71.76,0.728,-1,-1,-1
644,135,1196.20,332.27,55.36,133.88,0.848,-1,-1,-1
644,148,992.24,355.95,62.80,130.27,0.740,-1,-1,-1
644,152,1477.25,305.50,98.25,223.08,0.899,-1,-1,-1
645,66,896.73,334.47,56.54,161.95,0.855,-1,-1,-1
645,94,813.90,324.01,61.21,170.95,0.847,-1,-1,-1
645,123,1050.20,369.02,59.50,119.83,0.625,-1,-1,-1
645,134,1121.73,340.85,28.53,72.03,0.817,-1,-1,-1
645,135,1200.11,334.47,54.92,132.98,0.852,-1,-1,-1
645,148,995.04,358.54,62.75,129.85,0.757,-1,-1,-1
645,152,1488.56,306.01,99.94,225.90,0.858,-1,-1,-1
645,153,1164.20,335.51,24.44,77.78,0.626,-1,-1,-1
645,156,-10.04,349.40,39.42,118.83,0.739,-1,-1,-1
645,162,786.66,350.23,23.80,60.14,0.622,-1,-1,-1
645,167,697.84,351.38,19.36,51.79,0.548,-1,-1,-1
646,66,898.37,336.89,56.44,161.73,0.778,-1,-1,-1
646,94,814.36,325.56,61.05,170.06,0.820,-1,-1,-1
646,123,1049.90,369.06,61.11,122.15,0.628,-1,-1,-1
646,134,1124.42,343.05,28.04,70.89,0.683,-1,-1,-1
646,135,1202.52,335.01,55.45,134.53,0.838,-1,-1,-1
646,148,997.48,358.64,63.05,130.48,0.658,-1,-1,-1
646,152,1497.62,301.49,102.67,232.41,0.803,-1,-1,-1
646,156,-9.51,346.89,39.84,122.52,0.677,-1,-1,-1
647,66,901.17,336.94,56.93,162.31,0.851,-1,-1,-1
647,94,818.47,327.11,61.38,170.28,0.847,-1,-1,-1
647,123,1055.14,368.00,61.59,124.17,0.601,-1,-1,-1
647,134,1127.89,343.08,28.44,71.07,0.808,-1,-1,-1
647,135,1205.13,334.93,55.65,135.50,0.845,-1,-1,-1
647,148,1000.77,359.72,63.31,131.50,0.732,-1,-1,-1
647,152,1509.63,304.11,102.30,231.52,0.886,-1,-1,-1
647,153,1170.67,335.43,25.14,80.35,0.745,-1,-1,-1
647,156,-9.54,345.03,40.21,126.32,0.671,-1,-1,-1
647,162,791.26,350.29,24.70,62.10,0.648,-1,-1,-1
647,167,701.95,352.52,19.32,51.75,0.527,-1,-1,-1
648,66,904.94,337.66,56.80,161.60,0.856,-1,-1,-1
648,94,822.22,327.15,61.87,171.42,0.866,-1,-1,-1
648,123,1061.18,368.82,60.82,123.47,0.692,-1,-1,-1
648,134,1132.22,342.82,28.76,71.35,0.818,-1,-1,-1
648,135,1209.64,336.70,54.95,133.73,0.849,-1,-1,-1
648,148,1005.05,361.27,63.09,131.01,0.580,-1,-1,-1
648,152,1525.09,304.68,101.58,232.17,0.887,-1,-1,-1
648,153,1174.79,336.87,24.57,78.84,0.723,-1,-1,-1
648,156,-9.37,343.61,39.92,128.59,0.723,-1,-1,-1
648,162,794.91,351.58,24.07,60.47,0.615,-1,-1,-1
648,167,704.68,351.99,20.00,53.26,0.643,-1,-1,-1
649,66,907.43,338.24,56.87,160.58,0.875,-1,-1,-1
649,94,826.69,325.82,62.52,172.16,0.852,-1,-1,-1
649,123,1064.00,367.89,61.86,125.58,0.569,-1,-1,-1
649,134,1137.87,342.42,27.82,68.98,0.745,-1,-1,-1
649,135,1214.34,336.49,54.59,133.15,0.849,-1,-1,-1
649,148,1009.23,361.16,63.21,131.15,0.718,-1,-1,-1
649,152,1542.57,304.77,101.01,233.81,0.844,-1,-1,-1
649,153,1179.78,335.87,24.82,79.72,0.698,-1,-1,-1
649,156,-9.50,338.54,40.22,133.10,0.729,-1,-1,-1
649,162,798.26,347.28,25.13,63.26,0.638,-1,-1,-1
649,167,706.47,349.82,20.66,54.22,0.539,-1,-1,-1
650,66,909.80,337.89,57.28,160.29,0.892,-1,-1,-1
650,94,831.13,325.94,62.16,171.17,0.877,-1,-1,-1
650,123,1069.81,366.74,62.18,127.35,0.656,-1,-1,-1
650,134,1142.70,341.05,28.21,69.65,0.788,-1,-1,-1
650,135,1218.82,335.63,53.85,131.73,0.848,-1,-1,-1
650,148,1013.35,360.68,63.63,131.50,0.739,-1,-1,-1
650,152,1556.92,304.64,100.71,236.60,0.898,-1,-1,-1
650,153,1184.24,335.21,24.82,79.92,0.726,-1,-1,-1
650,156,-9.13,334.68,39.82,135.14,0.730,-1,-1,-1
650,162,802.23,347.99,24.29,61.24,0.726,-1,-1,-1
650,167,711.39,347.94,20.46,53.87,0.604,-1,-1,-1
651,66,913.37,337.62,57.57,159.95,0.884,-1,-1,-1
651,94,836.10,323.51,62.87,172.72,0.852,-1,-1,-1
651,123,1071.64,367.43,61.94,126.07,0.606,-1,-1,-1
651,134,1147.74,338.83,28.60,70.83,0.763,-1,-1,-1
651,135,1223.90,334.64,53.50,131.07,0.855,-1,-1,-1
651,148,1018.01,359.03,64.04,132.44,0.560,-1,-1,-1
651,152,1569.90,303.41,101.02,240.63,0.896,-1,-1,-1
651,153,1188.97,331.88,25.56,83.08,0.701,-1,-1,-1
651,156,-9.07,331.77,39.37,136.88,0.693,-1,-1,-1
651,162,806.15,345.00,25.14,63.51,0.736,-1,-1,-1
651,167,715.53,346.89,20.37,53.78,0.547,-1,-1,-1
652,66,916.64,336.98,57.84,159.70,0.860,-1,-1,-1
652,94,841.15,323.47,62.68,171.78,0.872,-1,-1,-1
652,123,1071.71,367.58,62.81,125.41,0.725,-1,-1,-1
652,134,1152.28,337.71,28.53,70.75,0.771,-1,-1,-1
652,135,1228.01,333.14,53.66,131.52,0.856,-1,-1,-1
652,148,1022.52,358.75,63.68,131.73,0.636,-1,-1,-1
652,152,1581.17,304.54,100.85,241.61,0.887,-1,-1,-1
652,153,1194.36,333.20,24.70,80.90,0.684,-1,-1,-1
652,156,-8.78,329.74,38.73,137.77,0.683,-1,-1,-1
652,162,809.83,344.18,24.93,63.20,0.674,-1,-1,-1
653,66,920.20,336.11,58.31,160.35,0.878,-1,-1,-1
653,94,845.82,323.74,62.42,170.99,0.865,-1,-1,-1
653,123,1074.24,367.66,63.10,124.97,0.606,-1,-1,-1
653,134,1156.31,337.72,28.47,70.64,0.787,-1,-1,-1
653,135,1230.98,331.70,54.13,132.76,0.861,-1,-1,-1
653,148,1026.15,358.84,63.78,131.43,0.682,-1,-1,-1
653,152,1591.11,305.45,101.03,243.04,0.896,-1,-1,-1
653,153,1199.38,335.28,23.92,78.17,0.776,-1,-1,-1
653,156,-8.66,328.70,37.55,137.50,0.735,-1,-1,-1
653,162,813.48,344.65,24.55,62.38,0.718,-1,-1,-1
653,167,720.78,342.60,21.70,57.23,0.625,-1,-1,-1
654,66,928.72,335.30,57.36,157.50,0.823,-1,-1,-1
654,94,852.36,322.03,62.83,172.51,0.845,-1,-1,-1
654,123,1078.50,364.44,65.87,129.12,0.672,-1,-1,-1
654,134,1162.22,338.14,28.38,70.22,0.721,-1,-1,-1
654,135,1236.60,332.91,53.97,132.04,0.848,-1,-1,-1
654,148,1030.05,358.47,64.57,132.79,0.525,-1,-1,-1
654,152,1603.68,307.06,102.90,246.28,0.862,-1,-1,-1
654,156,-5.73,327.05,36.61,135.99,0.818,-1,-1,-1
654,162,817.71,340.62,25.81,65.66,0.513,-1,-1,-1
