17,1,1.74,357.14,25.66,162.02,0.837,-1,-1,-1
18,1,2.53,350.76,26.62,167.39,0.843,-1,-1,-1
19,1,2.99,330.21,29.87,186.91,0.836,-1,-1,-1
20,1,3.90,321.11,31.62,196.09,0.860,-1,-1,-1
21,1,5.10,317.14,32.79,200.40,0.880,-1,-1,-1
22,1,6.10,316.93,33.70,202.13,0.890,-1,-1,-1
23,1,7.13,316.90,34.67,203.20,0.886,-1,-1,-1
24,1,8.66,317.13,35.86,203.69,0.896,-1,-1,-1
25,1,9.46,318.16,37.10,203.68,0.905,-1,-1,-1
26,1,10.35,317.74,38.71,204.33,0.916,-1,-1,-1
27,1,11.00,318.40,40.11,203.21,0.911,-1,-1,-1
28,1,11.43,318.26,41.67,202.51,0.908,-1,-1,-1
29,1,12.49,317.77,43.63,202.37,0.911,-1,-1,-1
30,1,12.77,316.22,45.86,203.63,0.906,-1,-1,-1
31,1,13.50,316.90,47.74,202.52,0.900,-1,-1,-1
32,1,14.30,318.00,49.90,201.98,0.906,-1,-1,-1
33,1,14.70,319.26,52.11,202.28,0.900,-1,-1,-1
34,1,16.94,320.61,54.14,202.24,0.901,-1,-1,-1
35,1,19.22,321.07,55.98,202.22,0.903,-1,-1,-1
36,1,21.73,321.44,57.68,202.05,0.895,-1,-1,-1
37,1,23.78,321.00,59.25,202.14,0.893,-1,-1,-1
38,1,26.13,320.86,60.53,201.27,0.893,-1,-1,-1
39,1,29.26,320.22,61.92,200.92,0.902,-1,-1,-1
40,1,31.99,319.26,63.19,200.62,0.913,-1,-1,-1
41,1,34.37,319.45,64.40,200.58,0.908,-1,-1,-1
42,1,36.73,318.78,65.76,201.50,0.905,-1,-1,-1
43,1,39.24,320.15,66.71,201.09,0.910,-1,-1,-1
44,1,42.27,321.23,67.73,201.39,0.907,-1,-1,-1
45,1,45.29,321.54,68.68,201.71,0.910,-1,-1,-1
46,1,48.36,321.72,69.51,201.68,0.911,-1,-1,-1
47,1,51.00,321.78,70.22,201.71,0.904,-1,-1,-1
48,1,53.61,321.20,70.91,201.72,0.902,-1,-1,-1
49,1,56.54,321.07,71.33,201.06,0.899,-1,-1,-1
50,1,59.90,320.32,71.89,201.03,0.901,-1,-1,-1
51,1,62.88,319.92,72.36,200.88,0.890,-1,-1,-1
52,1,65.48,319.64,72.81,200.89,0.896,-1,-1,-1
53,1,68.12,319.74,73.35,201.18,0.883,-1,-1,-1
54,1,71.35,320.94,73.87,201.50,0.896,-1,-1,-1
55,1,74.57,322.31,74.17,201.31,0.900,-1,-1,-1
56,1,77.16,321.93,74.90,202.35,0.899,-1,-1,-1
57,1,80.30,322.57,75.08,201.97,0.904,-1,-1,-1
58,1,83.35,322.23,75.27,201.67,0.894,-1,-1,-1
58,2,1262.00,350.63,17.91,186.89,0.717,-1,-1,-1
59,1,86.89,321.68,75.56,201.42,0.897,-1,-1,-1
59,2,1259.71,339.38,19.48,202.83,0.772,-1,-1,-1
60,1,90.12,321.21,75.67,200.87,0.900,-1,-1,-1
60,2,1257.81,335.52,20.21,209.07,0.851,-1,-1,-1
61,1,93.28,320.34,75.83,200.72,0.884,-1,-1,-1
61,2,1255.93,333.73,20.88,213.47,0.848,-1,-1,-1
62,1,95.94,320.43,76.09,200.88,0.887,-1,-1,-1
62,2,1253.91,333.25,21.48,215.35,0.870,-1,-1,-1
63,1,98.76,319.96,76.38,201.13,0.887,-1,-1,-1
63,2,1252.03,333.73,22.14,216.11,0.877,-1,-1,-1
63,3,804.65,229.75,282.81,152.51,0.915,-1,-1,-1
64,1,102.33,321.16,76.66,201.29,0.899,-1,-1,-1
64,2,1250.17,333.55,22.85,215.52,0.885,-1,-1,-1
64,3,803.56,229.09,281.75,151.86,0.917,-1,-1,-1
65,1,105.38,322.20,76.90,201.49,0.907,-1,-1,-1
65,2,1248.38,333.86,23.63,213.48,0.903,-1,-1,-1
65,3,801.36,228.46,279.67,150.69,0.934,-1,-1,-1
66,1,108.18,321.95,77.39,202.25,0.901,-1,-1,-1
66,2,1246.25,333.89,24.66,212.24,0.893,-1,-1,-1
66,3,798.60,228.71,279.93,150.79,0.933,-1,-1,-1
67,1,111.48,321.70,77.69,202.68,0.899,-1,-1,-1
67,2,1243.99,333.34,25.97,211.55,0.902,-1,-1,-1
67,3,795.54,228.28,281.44,151.57,0.935,-1,-1,-1
68,1,114.50,322.78,77.47,201.76,0.898,-1,-1,-1
68,2,1241.84,332.58,27.40,211.29,0.892,-1,-1,-1
68,3,792.19,228.45,282.55,152.16,0.947,-1,-1,-1
69,1,118.02,322.17,77.61,201.83,0.897,-1,-1,-1
69,2,1239.48,332.97,29.07,211.12,0.905,-1,-1,-1
69,3,789.65,229.05,282.86,152.32,0.933,-1,-1,-1
70,1,121.02,321.32,77.70,201.74,0.901,-1,-1,-1
70,2,1237.06,333.93,30.85,210.35,0.913,-1,-1,-1
70,3,786.76,230.14,283.99,152.93,0.931,-1,-1,-1
71,1,123.84,320.13,77.84,202.03,0.889,-1,-1,-1
71,2,1234.43,334.52,32.76,210.32,0.911,-1,-1,-1
71,3,784.51,230.45,284.47,153.25,0.933,-1,-1,-1
72,1,127.17,320.60,77.57,201.16,0.893,-1,-1,-1
72,2,1230.88,335.12,34.53,210.50,0.897,-1,-1,-1
72,3,782.04,230.69,284.90,153.51,0.933,-1,-1,-1
73,1,130.08,320.03,77.65,201.24,0.888,-1,-1,-1
73,2,1226.94,335.26,36.14,211.01,0.889,-1,-1,-1
73,3,778.63,230.27,285.33,153.79,0.925,-1,-1,-1
74,1,133.77,320.60,77.90,201.37,0.896,-1,-1,-1
74,2,1223.34,335.41,37.67,211.01,0.896,-1,-1,-1
74,3,777.25,230.05,283.87,152.97,0.923,-1,-1,-1
75,1,136.86,322.13,77.92,201.25,0.906,-1,-1,-1
75,2,1219.71,335.28,39.08,210.26,0.913,-1,-1,-1
75,3,774.66,229.22,283.04,152.54,0.931,-1,-1,-1
76,1,139.68,322.79,78.19,201.89,0.903,-1,-1,-1
76,2,1216.17,335.36,40.40,209.42,0.914,-1,-1,-1
76,3,773.13,228.08,281.39,151.50,0.933,-1,-1,-1
77,1,143.29,322.99,78.43,202.17,0.908,-1,-1,-1
77,2,1212.34,334.80,41.64,209.25,0.912,-1,-1,-1
77,3,771.18,228.09,281.19,151.26,0.926,-1,-1,-1
78,1,146.02,323.14,78.53,202.34,0.898,-1,-1,-1
78,2,1208.51,333.82,42.77,209.21,0.901,-1,-1,-1
78,3,768.27,228.02,282.04,151.68,0.926,-1,-1,-1
79,1,149.66,323.18,78.49,201.82,0.903,-1,-1,-1
79,2,1204.96,333.42,43.84,209.30,0.893,-1,-1,-1
79,3,765.82,229.06,282.59,152.04,0.919,-1,-1,-1
80,1,152.86,322.54,78.45,201.59,0.900,-1,-1,-1
80,2,1201.44,333.94,44.88,209.33,0.906,-1,-1,-1
80,3,763.01,230.12,283.08,152.14,0.936,-1,-1,-1
81,1,155.41,320.33,78.85,202.87,0.885,-1,-1,-1
81,2,1197.93,334.92,45.76,208.79,0.913,-1,-1,-1
81,3,760.54,230.52,283.62,152.36,0.939,-1,-1,-1
82,1,158.68,320.01,78.59,202.27,0.889,-1,-1,-1
82,2,1194.59,335.37,46.68,208.93,0.913,-1,-1,-1
82,3,758.45,231.17,283.51,152.21,0.940,-1,-1,-1
83,1,161.59,319.09,78.66,202.46,0.891,-1,-1,-1
83,2,1191.01,335.70,47.55,209.35,0.897,-1,-1,-1
83,3,755.50,230.96,284.25,152.57,0.933,-1,-1,-1
84,1,165.56,320.16,78.61,201.92,0.899,-1,-1,-1
84,2,1187.55,335.89,48.32,209.91,0.894,-1,-1,-1
84,3,753.19,230.19,285.67,153.40,0.934,-1,-1,-1
85,1,168.69,321.80,78.51,201.64,0.906,-1,-1,-1
85,2,1184.10,335.66,48.89,209.54,0.883,-1,-1,-1
85,3,750.60,230.02,284.30,152.77,0.928,-1,-1,-1
86,1,171.52,322.64,78.76,202.06,0.898,-1,-1,-1
86,2,1180.98,335.57,49.43,208.97,0.918,-1,-1,-1
86,3,748.09,229.22,283.92,152.62,0.930,-1,-1,-1
87,1,174.97,322.98,78.88,202.26,0.909,-1,-1,-1
87,2,1177.63,335.15,49.96,208.64,0.911,-1,-1,-1
87,3,745.81,228.97,283.93,152.67,0.927,-1,-1,-1
88,1,177.91,323.11,78.94,202.43,0.899,-1,-1,-1
88,2,1174.41,334.85,50.35,207.97,0.910,-1,-1,-1
88,3,744.08,228.69,282.78,151.91,0.927,-1,-1,-1
89,1,180.84,323.04,79.06,202.65,0.907,-1,-1,-1
89,2,1170.91,333.95,50.83,208.15,0.897,-1,-1,-1
89,3,741.54,229.26,282.93,152.01,0.923,-1,-1,-1
90,1,184.52,323.33,78.72,201.71,0.905,-1,-1,-1
90,2,1167.88,334.24,51.23,207.96,0.895,-1,-1,-1
90,3,738.43,230.11,283.99,152.60,0.924,-1,-1,-1
91,1,187.75,322.00,78.58,201.43,0.889,-1,-1,-1
91,2,1164.63,334.50,51.77,208.48,0.909,-1,-1,-1
91,3,736.59,230.87,283.83,152.53,0.923,-1,-1,-1
92,1,190.81,321.36,78.58,201.55,0.887,-1,-1,-1
92,2,1161.53,335.34,52.13,208.15,0.913,-1,-1,-1
92,3,734.23,231.20,283.57,152.31,0.933,-1,-1,-1
93,1,193.73,320.56,78.67,201.87,0.890,-1,-1,-1
93,2,1158.17,335.56,52.54,208.43,0.910,-1,-1,-1
93,3,731.62,231.38,283.28,152.06,0.942,-1,-1,-1
93,4,445.39,262.43,101.21,169.33,0.894,-1,-1,-1
94,1,197.49,320.75,78.69,201.69,0.898,-1,-1,-1
94,2,1154.96,335.92,52.84,208.49,0.896,-1,-1,-1
94,3,729.19,230.90,284.02,152.40,0.941,-1,-1,-1
94,4,444.02,263.67,100.93,168.87,0.909,-1,-1,-1
95,1,200.71,322.07,78.61,201.52,0.906,-1,-1,-1
95,2,1151.77,335.67,53.23,209.05,0.887,-1,-1,-1
95,3,725.88,230.07,285.25,153.05,0.942,-1,-1,-1
95,4,442.27,263.78,100.92,168.84,0.898,-1,-1,-1
96,1,203.44,322.62,78.84,202.09,0.901,-1,-1,-1
96,2,1148.74,335.56,53.49,208.95,0.900,-1,-1,-1
96,3,724.13,229.90,284.29,152.55,0.930,-1,-1,-1
96,4,441.09,262.98,101.01,168.95,0.899,-1,-1,-1
97,1,206.98,323.69,78.91,202.18,0.909,-1,-1,-1
97,2,1145.67,335.18,53.69,208.47,0.914,-1,-1,-1
97,3,722.31,229.82,284.10,152.49,0.934,-1,-1,-1
97,4,439.29,262.01,101.33,169.47,0.916,-1,-1,-1
98,1,209.68,323.90,79.04,202.49,0.895,-1,-1,-1
98,2,1142.57,334.95,53.79,207.82,0.900,-1,-1,-1
98,3,719.72,229.56,283.83,152.39,0.932,-1,-1,-1
98,4,438.32,262.56,100.78,168.42,0.883,-1,-1,-1
99,1,213.04,324.35,79.10,202.43,0.910,-1,-1,-1
99,2,1139.26,333.98,53.99,207.68,0.904,-1,-1,-1
99,3,716.64,230.20,284.38,152.83,0.927,-1,-1,-1
99,4,436.08,261.29,100.89,168.68,0.883,-1,-1,-1
100,1,215.88,323.72,79.21,202.41,0.907,-1,-1,-1
100,2,1136.28,333.67,54.14,207.68,0.891,-1,-1,-1
100,3,713.63,230.55,284.95,153.11,0.928,-1,-1,-1
100,4,434.43,260.65,100.97,168.90,0.883,-1,-1,-1
101,1,219.58,322.40,79.07,202.12,0.895,-1,-1,-1
101,2,1133.16,334.27,54.37,207.68,0.907,-1,-1,-1
101,3,712.11,231.24,283.81,152.36,0.926,-1,-1,-1
101,4,432.53,260.50,100.83,168.82,0.899,-1,-1,-1
102,1,222.60,321.96,78.96,201.95,0.894,-1,-1,-1
102,2,1130.08,334.50,54.69,208.16,0.917,-1,-1,-1
102,3,709.61,231.74,284.66,152.79,0.927,-1,-1,-1
102,4,430.53,261.17,100.73,168.78,0.902,-1,-1,-1
103,1,225.63,321.26,78.84,201.60,0.890,-1,-1,-1
103,2,1127.10,335.37,54.82,208.05,0.921,-1,-1,-1
103,3,707.50,232.09,283.78,152.27,0.925,-1,-1,-1
103,4,428.80,261.84,101.13,169.46,0.881,-1,-1,-1
104,1,229.61,321.03,78.96,201.55,0.903,-1,-1,-1
104,2,1123.96,336.04,54.95,207.86,0.909,-1,-1,-1
104,3,705.57,231.77,283.71,152.21,0.927,-1,-1,-1
104,4,427.83,262.99,100.91,169.04,0.910,-1,-1,-1
105,1,232.61,321.43,78.90,201.52,0.901,-1,-1,-1
105,2,1120.63,336.10,55.17,208.43,0.887,-1,-1,-1
105,3,702.03,230.93,284.84,152.86,0.920,-1,-1,-1
105,4,426.16,263.29,101.03,169.18,0.898,-1,-1,-1
106,1,235.59,322.39,79.14,202.08,0.901,-1,-1,-1
106,2,1117.74,335.94,55.24,208.37,0.894,-1,-1,-1
106,3,699.25,230.09,285.07,152.97,0.931,-1,-1,-1
106,4,425.01,263.44,101.13,169.18,0.902,-1,-1,-1
107,1,239.13,323.61,79.25,202.17,0.907,-1,-1,-1
107,2,1114.69,335.20,55.41,208.65,0.910,-1,-1,-1
107,3,697.36,229.48,284.66,152.79,0.936,-1,-1,-1
107,4,423.11,262.93,101.25,169.41,0.900,-1,-1,-1
108,1,241.83,323.96,79.31,202.42,0.902,-1,-1,-1
108,2,1111.80,335.15,55.32,207.68,0.900,-1,-1,-1
108,3,694.98,229.35,284.28,152.60,0.940,-1,-1,-1
108,4,421.52,262.01,101.36,169.75,0.893,-1,-1,-1
109,1,245.00,324.29,79.31,202.35,0.909,-1,-1,-1
109,2,1108.68,334.28,55.41,207.61,0.918,-1,-1,-1
109,3,692.72,229.84,284.40,152.69,0.930,-1,-1,-1
109,4,419.96,261.67,100.85,169.31,0.889,-1,-1,-1
110,1,247.85,324.38,79.38,202.30,0.909,-1,-1,-1
110,2,1105.49,333.76,55.53,207.79,0.895,-1,-1,-1
110,3,690.15,230.37,284.80,152.90,0.928,-1,-1,-1
110,4,418.81,260.78,100.47,169.17,0.903,-1,-1,-1
111,1,250.94,322.75,79.59,202.79,0.898,-1,-1,-1
111,2,1102.44,333.68,55.62,207.97,0.900,-1,-1,-1
111,3,687.94,230.86,284.36,152.64,0.935,-1,-1,-1
111,4,418.41,260.78,99.75,168.51,0.898,-1,-1,-1
112,1,254.41,322.05,79.41,202.41,0.889,-1,-1,-1
112,2,1099.38,333.62,55.79,208.37,0.907,-1,-1,-1
112,3,685.10,231.22,285.56,153.29,0.938,-1,-1,-1
112,4,417.42,261.08,99.45,168.82,0.910,-1,-1,-1
113,1,257.58,321.81,79.14,201.96,0.885,-1,-1,-1
113,2,1096.48,334.39,55.86,208.33,0.911,-1,-1,-1
113,3,682.67,231.45,285.29,153.11,0.933,-1,-1,-1
113,4,416.89,261.29,99.26,169.34,0.902,-1,-1,-1
114,1,261.08,321.87,79.00,201.67,0.897,-1,-1,-1
114,2,1093.65,335.40,55.85,208.09,0.918,-1,-1,-1
114,3,681.47,231.65,284.68,152.80,0.930,-1,-1,-1
114,4,416.69,262.68,98.57,169.10,0.923,-1,-1,-1
115,1,264.53,321.87,78.88,201.45,0.903,-1,-1,-1
115,2,1090.50,335.54,55.89,208.09,0.907,-1,-1,-1
115,3,679.96,231.60,283.53,152.32,0.932,-1,-1,-1
115,4,416.46,263.23,97.79,168.91,0.929,-1,-1,-1
116,1,267.26,322.53,79.03,201.89,0.901,-1,-1,-1
116,2,1087.50,336.35,55.74,207.47,0.894,-1,-1,-1
116,3,678.67,230.95,283.36,152.45,0.930,-1,-1,-1
116,4,416.30,263.46,97.16,168.98,0.926,-1,-1,-1
117,1,270.86,323.93,79.04,201.88,0.909,-1,-1,-1
117,2,1084.28,335.45,56.02,208.37,0.894,-1,-1,-1
117,3,677.59,229.99,283.54,152.87,0.924,-1,-1,-1
117,4,415.66,263.49,96.54,169.21,0.893,-1,-1,-1
118,1,273.83,324.84,79.09,202.08,0.902,-1,-1,-1
118,2,1081.35,334.95,55.91,207.81,0.906,-1,-1,-1
118,3,676.58,230.07,282.40,152.72,0.917,-1,-1,-1
118,4,415.74,262.34,96.03,169.56,0.884,-1,-1,-1
119,1,276.80,324.64,79.42,202.89,0.912,-1,-1,-1
119,2,1078.45,334.17,55.96,207.65,0.919,-1,-1,-1
119,3,675.71,230.16,281.30,152.65,0.922,-1,-1,-1
119,4,415.17,261.78,94.82,169.08,0.888,-1,-1,-1
120,1,279.70,324.53,79.34,202.52,0.905,-1,-1,-1
120,2,1075.46,332.86,56.07,207.88,0.912,-1,-1,-1
120,3,675.15,230.35,280.70,152.83,0.916,-1,-1,-1
120,4,414.85,261.48,93.75,169.01,0.896,-1,-1,-1
121,1,282.71,323.47,79.39,202.84,0.895,-1,-1,-1
121,2,1072.31,332.38,56.10,208.08,0.907,-1,-1,-1
121,3,675.11,230.80,278.85,152.32,0.924,-1,-1,-1
121,4,414.74,261.35,92.58,168.85,0.900,-1,-1,-1
122,1,286.41,322.31,79.42,202.95,0.906,-1,-1,-1
122,2,1069.44,332.97,56.13,208.06,0.901,-1,-1,-1
122,3,675.21,230.95,277.84,152.34,0.927,-1,-1,-1
122,4,414.28,261.36,91.39,168.75,0.901,-1,-1,-1
123,1,289.49,321.75,79.16,202.42,0.891,-1,-1,-1
123,2,1066.27,333.39,56.27,208.52,0.916,-1,-1,-1
123,3,674.25,231.76,277.21,152.69,0.924,-1,-1,-1
123,4,414.00,261.31,90.61,169.56,0.904,-1,-1,-1
124,1,293.27,321.69,79.01,201.98,0.898,-1,-1,-1
124,2,1063.35,334.39,56.27,208.22,0.915,-1,-1,-1
124,3,673.65,232.15,276.35,152.98,0.918,-1,-1,-1
124,4,413.98,261.89,89.51,169.66,0.904,-1,-1,-1
125,1,296.60,321.85,78.80,201.53,0.898,-1,-1,-1
125,2,1060.32,335.35,56.24,208.07,0.905,-1,-1,-1
125,3,672.99,231.83,274.34,152.73,0.929,-1,-1,-1
125,4,413.58,261.79,88.70,170.46,0.903,-1,-1,-1
126,1,299.52,321.74,79.12,202.24,0.902,-1,-1,-1
126,2,1057.09,335.47,56.34,208.39,0.900,-1,-1,-1
126,3,672.74,231.83,271.91,152.25,0.933,-1,-1,-1
126,4,413.66,262.61,87.52,170.44,0.902,-1,-1,-1
127,1,302.90,323.21,79.15,202.35,0.909,-1,-1,-1
127,2,1054.07,334.96,56.41,208.79,0.895,-1,-1,-1
127,3,672.64,231.21,270.62,152.42,0.927,-1,-1,-1
127,4,413.47,262.97,86.01,169.90,0.900,-1,-1,-1
128,1,305.62,323.77,79.34,202.99,0.900,-1,-1,-1
128,2,1051.24,334.84,56.27,208.09,0.898,-1,-1,-1
128,3,671.94,230.40,269.02,152.55,0.930,-1,-1,-1
128,4,412.63,262.34,84.90,170.09,0.856,-1,-1,-1
129,1,308.87,324.27,79.46,203.14,0.910,-1,-1,-1
129,2,1048.36,334.12,56.23,207.73,0.915,-1,-1,-1
129,3,671.43,229.87,267.53,152.77,0.923,-1,-1,-1
129,4,412.97,261.76,83.80,170.03,0.867,-1,-1,-1
130,1,311.64,324.42,79.57,203.25,0.910,-1,-1,-1
130,2,1045.20,333.04,56.37,208.16,0.914,-1,-1,-1
130,3,671.30,230.24,265.48,152.64,0.920,-1,-1,-1
130,4,412.55,261.67,82.02,169.10,0.871,-1,-1,-1
131,1,314.31,324.24,79.31,202.79,0.899,-1,-1,-1
131,2,1042.19,332.35,56.42,208.29,0.920,-1,-1,-1
131,3,671.12,230.89,263.76,152.74,0.913,-1,-1,-1
131,4,412.39,261.69,80.51,168.58,0.856,-1,-1,-1
132,1,318.54,323.54,79.36,202.70,0.898,-1,-1,-1
132,2,1039.21,332.42,56.34,208.13,0.895,-1,-1,-1
132,3,671.13,231.17,262.21,152.97,0.920,-1,-1,-1
132,4,412.17,261.62,79.17,168.44,0.853,-1,-1,-1
133,1,321.53,322.50,79.32,202.68,0.886,-1,-1,-1
133,2,1036.14,333.18,56.31,207.91,0.889,-1,-1,-1
133,3,670.63,231.95,260.79,153.33,0.915,-1,-1,-1
133,4,412.08,261.54,78.15,169.18,0.871,-1,-1,-1
134,1,325.35,322.93,78.99,201.77,0.896,-1,-1,-1
134,2,1033.15,333.46,56.40,208.21,0.906,-1,-1,-1
134,3,670.79,233.13,258.82,153.27,0.911,-1,-1,-1
134,4,412.16,261.76,77.09,169.57,0.853,-1,-1,-1
135,1,328.60,323.09,78.84,201.39,0.902,-1,-1,-1
135,2,1030.19,334.32,56.44,208.25,0.919,-1,-1,-1
135,3,670.50,232.76,256.62,153.16,0.914,-1,-1,-1
135,4,412.03,261.75,75.97,170.21,0.873,-1,-1,-1
136,1,331.31,322.31,79.12,202.07,0.899,-1,-1,-1
136,2,1027.16,334.60,56.47,208.27,0.919,-1,-1,-1
136,3,671.09,232.12,253.56,152.53,0.920,-1,-1,-1
136,4,412.31,262.44,74.61,170.34,0.890,-1,-1,-1
137,1,334.75,323.36,79.29,202.40,0.905,-1,-1,-1
137,2,1024.11,335.72,56.24,207.46,0.890,-1,-1,-1
137,3,670.75,231.84,251.53,152.52,0.916,-1,-1,-1
137,4,412.13,262.79,73.30,170.53,0.873,-1,-1,-1
138,1,337.63,323.96,79.51,203.03,0.895,-1,-1,-1
138,2,1021.08,334.55,56.34,207.88,0.884,-1,-1,-1
138,3,669.88,230.96,250.27,153.11,0.914,-1,-1,-1
138,4,412.00,263.43,71.55,169.63,0.863,-1,-1,-1
139,1,340.94,325.04,79.55,203.00,0.903,-1,-1,-1
139,2,1018.15,334.01,56.34,207.70,0.901,-1,-1,-1
139,3,669.38,230.70,248.37,153.31,0.909,-1,-1,-1
139,4,411.92,263.11,70.26,169.37,0.827,-1,-1,-1
140,1,343.70,325.30,79.70,203.24,0.907,-1,-1,-1
140,2,1015.42,333.19,56.37,207.56,0.906,-1,-1,-1
140,3,669.43,230.58,246.13,153.22,0.903,-1,-1,-1
140,4,411.51,262.08,68.99,169.55,0.846,-1,-1,-1
141,1,346.27,324.62,79.72,203.50,0.897,-1,-1,-1
141,2,1012.13,331.92,56.50,208.01,0.918,-1,-1,-1
141,3,669.59,231.25,243.35,152.76,0.898,-1,-1,-1
141,4,411.27,261.82,67.40,168.86,0.826,-1,-1,-1
142,1,350.20,324.63,79.45,202.73,0.890,-1,-1,-1
142,2,1008.93,331.65,56.57,208.31,0.906,-1,-1,-1
142,3,669.62,231.32,241.68,153.06,0.915,-1,-1,-1
142,4,411.01,261.42,65.98,168.81,0.833,-1,-1,-1
143,1,353.42,324.03,79.22,202.22,0.872,-1,-1,-1
143,2,1005.89,331.90,56.53,208.19,0.885,-1,-1,-1
143,3,668.93,231.95,240.17,153.45,0.890,-1,-1,-1
143,4,410.57,261.46,64.95,169.22,0.773,-1,-1,-1
144,1,356.68,322.68,79.46,202.54,0.885,-1,-1,-1
144,2,1003.02,332.91,56.54,208.06,0.898,-1,-1,-1
144,3,668.50,232.40,239.41,154.38,0.885,-1,-1,-1
144,4,410.12,261.39,64.34,169.94,0.659,-1,-1,-1
145,1,359.71,322.30,79.47,202.45,0.884,-1,-1,-1
145,2,1000.00,333.31,56.67,208.40,0.904,-1,-1,-1
145,3,667.98,232.83,237.41,154.53,0.879,-1,-1,-1
145,4,409.42,261.98,63.93,170.92,0.567,-1,-1,-1
146,1,362.69,321.59,79.69,203.05,0.873,-1,-1,-1
146,2,997.07,334.14,56.68,208.48,0.917,-1,-1,-1
146,3,667.99,232.91,234.22,153.84,0.886,-1,-1,-1
146,4,408.79,262.45,63.23,171.33,0.601,-1,-1,-1
147,1,366.52,322.37,79.57,202.52,0.844,-1,-1,-1
147,2,993.98,334.41,56.69,208.55,0.904,-1,-1,-1
147,3,667.97,232.11,231.90,153.71,0.890,-1,-1,-1
147,4,408.61,263.51,62.21,171.12,0.604,-1,-1,-1
148,1,370.09,323.29,79.96,203.11,0.821,-1,-1,-1
148,2,990.90,334.02,56.65,208.65,0.888,-1,-1,-1
148,3,667.88,231.78,229.09,153.25,0.890,-1,-1,-1
149,1,373.04,324.17,80.22,203.64,0.865,-1,-1,-1
149,2,987.99,333.93,56.56,208.21,0.897,-1,-1,-1
149,3,667.58,231.84,226.71,153.03,0.876,-1,-1,-1
150,1,375.68,324.97,80.10,203.34,0.870,-1,-1,-1
150,2,985.15,333.22,56.45,207.70,0.916,-1,-1,-1
150,3,666.69,230.98,225.13,153.45,0.883,-1,-1,-1
151,1,378.51,325.28,80.05,203.20,0.880,-1,-1,-1
151,2,982.31,332.67,56.33,206.96,0.911,-1,-1,-1
151,3,666.62,231.20,222.66,153.17,0.873,-1,-1,-1
152,1,382.39,325.17,79.94,202.86,0.890,-1,-1,-1
152,2,979.35,332.40,56.38,207.01,0.914,-1,-1,-1
152,3,666.64,231.27,221.26,153.84,0.896,-1,-1,-1
153,1,385.49,324.99,79.60,202.15,0.902,-1,-1,-1
153,2,976.06,331.78,56.54,207.77,0.902,-1,-1,-1
153,3,666.78,232.05,219.20,154.04,0.878,-1,-1,-1
154,1,388.87,323.99,79.63,202.21,0.912,-1,-1,-1
154,2,973.06,332.05,56.62,208.13,0.891,-1,-1,-1
154,3,667.15,232.79,217.35,154.38,0.878,-1,-1,-1
155,1,391.76,323.75,79.58,201.95,0.903,-1,-1,-1
155,2,970.10,333.10,56.63,208.03,0.909,-1,-1,-1
155,3,666.93,233.14,215.97,155.26,0.912,-1,-1,-1
156,1,395.07,323.77,79.54,201.64,0.892,-1,-1,-1
156,2,967.13,333.60,56.72,208.21,0.922,-1,-1,-1
156,3,666.95,233.44,212.77,154.75,0.901,-1,-1,-1
157,1,398.64,323.49,79.73,202.06,0.902,-1,-1,-1
157,2,964.06,334.55,56.68,208.20,0.911,-1,-1,-1
157,3,667.79,232.88,209.07,153.73,0.900,-1,-1,-1
158,1,401.61,324.70,79.71,202.05,0.899,-1,-1,-1
158,2,960.91,334.01,56.76,208.53,0.904,-1,-1,-1
158,3,668.04,232.13,205.95,153.18,0.907,-1,-1,-1
159,1,404.98,325.20,80.08,202.67,0.917,-1,-1,-1
159,2,957.96,333.82,56.60,208.13,0.895,-1,-1,-1
159,3,668.01,232.20,202.50,152.22,0.880,-1,-1,-1
160,1,407.44,326.00,80.22,203.09,0.913,-1,-1,-1
160,2,955.07,332.99,56.63,208.30,0.903,-1,-1,-1
160,3,667.99,231.67,200.26,152.31,0.905,-1,-1,-1
161,1,410.10,326.23,80.12,203.24,0.902,-1,-1,-1
161,2,952.33,332.63,56.42,207.23,0.923,-1,-1,-1
161,3,667.96,231.69,197.99,152.22,0.884,-1,-1,-1
162,1,414.09,326.17,80.07,203.01,0.896,-1,-1,-1
162,2,949.25,331.80,56.35,206.79,0.917,-1,-1,-1
162,3,668.19,231.57,196.36,152.67,0.892,-1,-1,-1
163,1,417.22,325.44,80.01,202.98,0.892,-1,-1,-1
163,2,946.15,331.81,56.44,207.02,0.919,-1,-1,-1
163,3,667.92,232.01,194.38,153.06,0.903,-1,-1,-1
164,1,420.92,324.89,79.91,202.50,0.907,-1,-1,-1
164,2,943.05,331.49,56.58,207.78,0.900,-1,-1,-1
164,3,667.83,233.69,192.73,153.55,0.875,-1,-1,-1
165,1,423.58,323.93,79.86,202.35,0.903,-1,-1,-1
165,2,939.96,332.80,56.60,207.82,0.901,-1,-1,-1
165,3,667.12,233.83,191.44,154.39,0.873,-1,-1,-1
166,1,426.27,323.47,79.80,202.43,0.896,-1,-1,-1
166,2,937.16,333.89,56.59,207.64,0.914,-1,-1,-1
166,3,667.08,233.88,189.52,154.79,0.887,-1,-1,-1
167,1,430.34,323.05,79.92,202.68,0.900,-1,-1,-1
167,2,934.16,333.81,56.77,208.19,0.914,-1,-1,-1
167,3,666.95,234.67,186.83,154.45,0.868,-1,-1,-1
167,5,554.46,272.94,43.27,114.68,0.567,-1,-1,-1
168,1,433.46,324.04,79.65,202.13,0.899,-1,-1,-1
168,2,931.15,334.40,56.64,207.72,0.917,-1,-1,-1
168,3,667.44,233.62,183.01,153.20,0.891,-1,-1,-1
168,5,552.67,270.28,43.77,115.83,0.622,-1,-1,-1
169,1,436.57,324.67,79.96,202.90,0.909,-1,-1,-1
169,2,927.94,333.87,56.66,207.93,0.899,-1,-1,-1
169,3,667.58,232.34,179.94,152.61,0.900,-1,-1,-1
169,5,551.46,268.47,43.96,115.97,0.738,-1,-1,-1
170,1,439.38,325.73,80.13,203.32,0.905,-1,-1,-1
170,2,924.99,332.89,56.75,208.33,0.898,-1,-1,-1
170,3,668.06,232.87,176.14,151.33,0.896,-1,-1,-1
170,5,550.25,267.72,44.24,116.15,0.753,-1,-1,-1
171,1,442.10,326.10,80.02,203.29,0.898,-1,-1,-1
171,2,922.14,332.48,56.62,207.78,0.912,-1,-1,-1
171,3,668.08,233.37,172.96,150.54,0.888,-1,-1,-1
171,5,549.07,267.67,44.50,116.01,0.770,-1,-1,-1
172,1,445.99,325.99,80.16,203.57,0.900,-1,-1,-1
172,2,919.30,331.81,56.57,207.43,0.921,-1,-1,-1
172,3,668.30,234.14,170.47,149.93,0.837,-1,-1,-1
172,5,547.36,266.98,45.23,116.77,0.775,-1,-1,-1
173,1,449.11,325.71,80.01,203.35,0.897,-1,-1,-1
173,2,916.13,331.27,56.51,207.17,0.923,-1,-1,-1
173,3,668.26,236.12,168.41,149.56,0.795,-1,-1,-1
173,5,545.66,267.43,45.72,116.69,0.725,-1,-1,-1
174,1,452.53,324.96,80.04,203.34,0.899,-1,-1,-1
174,2,913.06,331.05,56.53,207.26,0.903,-1,-1,-1
174,3,669.04,238.82,165.82,148.51,0.756,-1,-1,-1
174,5,544.22,268.43,46.29,116.93,0.623,-1,-1,-1
175,1,455.71,324.66,79.80,202.59,0.901,-1,-1,-1
175,2,910.08,331.72,56.60,207.70,0.891,-1,-1,-1
175,3,670.37,243.46,161.28,145.31,0.692,-1,-1,-1
175,5,542.04,269.23,47.28,117.79,0.646,-1,-1,-1
176,1,458.33,324.46,79.61,202.34,0.895,-1,-1,-1
176,2,907.15,332.90,56.62,207.76,0.904,-1,-1,-1
176,3,670.31,244.07,159.69,144.93,0.669,-1,-1,-1
176,5,540.31,269.63,48.12,118.10,0.628,-1,-1,-1
177,1,462.49,324.46,79.62,202.30,0.896,-1,-1,-1
177,2,904.14,333.37,56.60,207.74,0.896,-1,-1,-1
177,3,672.01,244.69,154.09,140.68,0.719,-1,-1,-1
177,5,538.77,269.28,49.08,118.38,0.656,-1,-1,-1
178,1,465.58,324.45,79.56,202.30,0.886,-1,-1,-1
178,2,901.23,334.38,56.54,207.47,0.909,-1,-1,-1
178,3,674.87,247.31,145.08,132.65,0.530,-1,-1,-1
179,1,468.54,324.90,79.81,202.88,0.899,-1,-1,-1
179,2,898.12,333.89,56.56,207.54,0.919,-1,-1,-1
180,1,471.48,325.75,79.96,203.22,0.905,-1,-1,-1
180,2,895.04,333.03,56.64,208.12,0.902,-1,-1,-1
181,1,474.44,326.01,80.28,204.15,0.879,-1,-1,-1
181,2,892.07,332.69,56.48,207.46,0.894,-1,-1,-1
182,1,478.26,326.21,80.54,204.41,0.879,-1,-1,-1
182,2,889.24,332.08,56.29,206.56,0.896,-1,-1,-1
182,6,683.90,291.92,119.10,40.92,0.761,-1,-1,-1
183,1,481.36,326.47,80.26,203.72,0.892,-1,-1,-1
183,2,886.33,330.99,56.36,206.60,0.913,-1,-1,-1
183,6,684.66,294.05,114.61,39.34,0.713,-1,-1,-1
184,1,484.44,325.95,80.08,203.34,0.901,-1,-1,-1
184,2,883.18,330.92,56.51,206.96,0.918,-1,-1,-1
184,6,684.01,296.16,113.22,38.85,0.702,-1,-1,-1
185,1,487.69,325.37,79.91,202.86,0.897,-1,-1,-1
185,2,880.05,331.76,56.55,207.22,0.897,-1,-1,-1
185,6,683.61,297.76,111.75,38.33,0.723,-1,-1,-1
186,1,490.42,325.03,79.55,202.19,0.882,-1,-1,-1
186,2,877.00,332.09,56.67,207.79,0.887,-1,-1,-1
186,6,683.19,298.82,110.08,37.74,0.710,-1,-1,-1
187,1,494.39,324.88,79.42,201.91,0.885,-1,-1,-1
187,2,874.05,333.07,56.66,207.73,0.909,-1,-1,-1
187,6,682.56,298.99,109.26,37.47,0.720,-1,-1,-1
188,1,497.40,324.95,79.31,201.71,0.876,-1,-1,-1
188,2,871.24,333.56,56.65,207.49,0.917,-1,-1,-1
188,6,681.65,299.07,108.76,37.33,0.717,-1,-1,-1
189,1,500.43,324.80,79.81,202.92,0.898,-1,-1,-1
189,2,868.14,333.87,56.60,207.34,0.917,-1,-1,-1
189,6,680.25,298.75,108.74,37.39,0.687,-1,-1,-1
190,1,503.41,325.18,80.02,203.48,0.886,-1,-1,-1
190,2,864.97,332.97,56.79,208.23,0.907,-1,-1,-1
190,6,678.87,297.77,108.57,37.44,0.625,-1,-1,-1
191,1,506.57,326.02,80.08,203.80,0.865,-1,-1,-1
191,2,862.05,332.62,56.64,207.79,0.889,-1,-1,-1
191,6,677.77,297.29,108.13,37.42,0.651,-1,-1,-1
192,1,509.75,325.32,80.61,205.14,0.870,-1,-1,-1
192,2,859.18,331.96,56.53,207.18,0.899,-1,-1,-1
192,6,676.80,296.95,107.91,37.49,0.628,-1,-1,-1
193,1,512.80,326.33,80.37,204.40,0.859,-1,-1,-1
193,2,856.42,331.11,56.38,206.39,0.911,-1,-1,-1
193,6,675.73,296.82,107.21,37.46,0.662,-1,-1,-1
194,1,516.30,326.56,79.99,203.34,0.894,-1,-1,-1
194,2,853.20,330.47,56.42,206.49,0.912,-1,-1,-1
194,6,675.42,297.68,106.01,37.27,0.714,-1,-1,-1
194,7,395.08,251.15,314.33,136.37,0.539,-1,-1,-1
195,1,519.42,325.73,79.97,203.35,0.876,-1,-1,-1
195,2,850.06,330.67,56.57,206.98,0.910,-1,-1,-1
195,6,674.34,297.97,106.10,37.55,0.630,-1,-1,-1
195,7,375.05,246.21,327.50,143.58,0.716,-1,-1,-1
196,1,522.36,324.99,79.79,203.08,0.850,-1,-1,-1
196,2,847.21,332.01,56.36,206.20,0.889,-1,-1,-1
196,6,673.06,298.87,106.11,37.84,0.606,-1,-1,-1
197,1,526.17,325.04,79.70,202.76,0.870,-1,-1,-1
197,2,843.96,332.42,56.64,207.36,0.897,-1,-1,-1
197,6,671.85,299.05,106.35,38.23,0.574,-1,-1,-1
197,7,366.29,241.15,333.16,149.32,0.847,-1,-1,-1
198,1,529.50,325.14,79.58,202.49,0.864,-1,-1,-1
198,2,841.06,333.09,56.71,207.62,0.911,-1,-1,-1
198,6,670.24,298.84,106.86,38.78,0.573,-1,-1,-1
198,7,363.97,239.09,332.64,151.33,0.657,-1,-1,-1
199,1,532.76,324.69,79.82,203.03,0.891,-1,-1,-1
199,2,838.06,333.64,56.64,207.33,0.915,-1,-1,-1
199,7,362.15,236.72,331.92,152.91,0.530,-1,-1,-1
200,1,535.63,325.76,79.73,202.88,0.892,-1,-1,-1
200,2,835.12,332.92,56.75,207.81,0.907,-1,-1,-1
200,6,668.48,298.30,105.19,38.58,0.522,-1,-1,-1
200,7,403.70,235.69,330.18,152.58,0.595,-1,-1,-1
201,1,538.73,326.18,79.88,203.31,0.873,-1,-1,-1
201,2,832.04,331.88,56.74,207.88,0.899,-1,-1,-1
201,6,668.11,297.59,103.53,38.43,0.556,-1,-1,-1
201,7,386.99,233.92,324.83,153.24,0.685,-1,-1,-1
202,1,542.02,327.01,80.27,204.13,0.878,-1,-1,-1
202,2,829.04,331.64,56.57,207.18,0.887,-1,-1,-1
202,6,667.80,296.82,101.70,38.30,0.618,-1,-1,-1
202,7,381.11,232.60,314.71,153.28,0.833,-1,-1,-1
203,1,544.97,327.52,80.29,204.14,0.878,-1,-1,-1
203,2,826.22,330.86,56.55,206.93,0.890,-1,-1,-1
203,6,667.58,297.00,99.28,37.91,0.576,-1,-1,-1
203,7,380.96,232.91,304.60,153.01,0.821,-1,-1,-1
204,1,548.47,327.23,80.19,203.67,0.895,-1,-1,-1
204,2,823.34,330.78,56.41,206.09,0.892,-1,-1,-1
204,6,666.79,297.03,98.71,38.27,0.573,-1,-1,-1
204,7,383.43,233.85,294.14,152.59,0.834,-1,-1,-1
205,1,551.47,326.97,79.85,202.95,0.908,-1,-1,-1
205,2,820.13,330.33,56.49,206.31,0.913,-1,-1,-1
205,6,666.68,297.49,96.56,38.00,0.564,-1,-1,-1
205,7,384.35,234.09,286.97,153.39,0.812,-1,-1,-1
206,1,554.43,326.13,79.78,202.94,0.872,-1,-1,-1
206,2,817.02,330.59,56.70,207.15,0.889,-1,-1,-1
206,6,666.77,298.01,94.24,37.66,0.566,-1,-1,-1
206,7,386.32,234.93,279.67,153.80,0.799,-1,-1,-1
207,1,558.30,325.57,79.66,202.68,0.887,-1,-1,-1
207,2,814.05,331.58,56.65,207.14,0.885,-1,-1,-1
207,6,666.64,298.21,92.66,37.62,0.558,-1,-1,-1
207,7,389.55,235.11,271.62,154.65,0.874,-1,-1,-1
208,1,561.37,325.25,79.56,202.52,0.870,-1,-1,-1
208,2,810.97,332.19,56.81,207.89,0.884,-1,-1,-1
208,6,666.92,298.69,89.54,36.88,0.508,-1,-1,-1
208,7,393.05,235.73,262.51,153.94,0.838,-1,-1,-1
209,1,564.74,324.96,79.66,202.74,0.893,-1,-1,-1
209,2,808.09,332.23,56.86,208.15,0.903,-1,-1,-1
209,7,394.41,235.89,257.09,153.95,0.721,-1,-1,-1
210,1,567.64,325.51,79.79,203.07,0.896,-1,-1,-1
210,2,804.99,332.29,56.84,208.22,0.908,-1,-1,-1
210,7,396.07,235.14,251.92,154.36,0.762,-1,-1,-1
211,1,570.52,326.07,79.96,203.69,0.877,-1,-1,-1
211,2,801.87,331.48,56.85,208.35,0.913,-1,-1,-1
211,7,399.92,234.97,243.69,153.45,0.845,-1,-1,-1
212,1,574.17,327.10,80.26,204.16,0.887,-1,-1,-1
212,2,799.02,331.53,56.50,207.09,0.890,-1,-1,-1
212,7,401.63,234.01,238.32,153.48,0.791,-1,-1,-1
213,1,577.13,327.44,80.25,204.18,0.862,-1,-1,-1
213,2,796.17,330.95,56.42,206.66,0.874,-1,-1,-1
213,7,403.19,233.48,233.05,153.40,0.809,-1,-1,-1
214,1,580.71,327.54,80.19,203.93,0.884,-1,-1,-1
214,2,793.08,330.68,56.13,205.60,0.898,-1,-1,-1
214,7,404.77,233.32,227.78,153.57,0.865,-1,-1,-1
215,1,583.62,327.12,80.28,204.07,0.891,-1,-1,-1
215,2,789.94,330.29,56.16,205.81,0.909,-1,-1,-1
215,7,405.58,234.09,222.97,153.80,0.881,-1,-1,-1
216,1,586.23,326.70,79.90,203.45,0.880,-1,-1,-1
216,2,786.97,329.96,56.41,206.57,0.918,-1,-1,-1
216,7,406.35,235.09,218.86,153.87,0.849,-1,-1,-1
217,1,590.15,326.19,79.71,203.01,0.887,-1,-1,-1
217,2,784.03,330.58,56.50,206.92,0.890,-1,-1,-1
217,7,406.76,235.92,215.38,154.65,0.907,-1,-1,-1
218,1,593.21,325.06,79.72,203.21,0.831,-1,-1,-1
218,2,781.06,331.57,56.48,206.89,0.885,-1,-1,-1
218,7,407.23,236.14,211.85,154.88,0.906,-1,-1,-1
219,1,596.58,324.85,79.80,203.41,0.884,-1,-1,-1
219,2,778.14,332.16,56.73,207.80,0.904,-1,-1,-1
219,7,407.81,236.25,208.54,154.89,0.907,-1,-1,-1
220,1,599.45,324.41,79.90,203.86,0.881,-1,-1,-1
220,2,775.24,332.27,56.71,207.65,0.910,-1,-1,-1
220,7,408.88,236.31,205.13,154.26,0.869,-1,-1,-1
221,1,602.70,324.89,80.22,204.65,0.860,-1,-1,-1
221,2,772.03,331.78,56.73,207.88,0.918,-1,-1,-1
221,7,409.42,235.57,202.17,153.71,0.885,-1,-1,-1
222,1,606.00,325.97,80.41,204.94,0.873,-1,-1,-1
222,2,768.94,331.26,56.72,207.85,0.904,-1,-1,-1
222,7,409.68,234.29,200.91,154.13,0.837,-1,-1,-1
223,1,608.95,327.36,80.40,204.86,0.868,-1,-1,-1
223,2,766.07,330.83,56.56,207.17,0.879,-1,-1,-1
223,7,410.69,233.71,198.76,153.67,0.840,-1,-1,-1
224,1,612.66,328.13,80.42,204.72,0.877,-1,-1,-1
224,2,762.99,330.69,56.39,206.40,0.878,-1,-1,-1
224,7,429.70,233.58,201.96,153.83,0.551,-1,-1,-1
225,1,615.47,327.80,80.41,204.76,0.864,-1,-1,-1
225,2,760.05,330.47,56.27,206.06,0.893,-1,-1,-1
225,7,418.20,234.39,199.95,153.70,0.858,-1,-1,-1
226,1,618.55,326.32,80.50,205.00,0.841,-1,-1,-1
226,2,756.91,330.22,56.21,205.99,0.909,-1,-1,-1
226,7,414.26,235.57,198.36,153.82,0.852,-1,-1,-1
227,1,622.38,325.71,80.49,204.69,0.838,-1,-1,-1
227,2,753.97,329.86,56.47,206.80,0.912,-1,-1,-1
227,7,412.12,235.88,197.73,154.79,0.880,-1,-1,-1
228,1,625.42,325.48,80.10,203.80,0.871,-1,-1,-1
228,2,751.08,330.66,56.45,206.82,0.882,-1,-1,-1
228,7,411.81,236.61,196.27,154.96,0.885,-1,-1,-1
229,1,628.37,325.17,79.98,203.60,0.891,-1,-1,-1
229,2,748.17,331.67,56.49,206.99,0.895,-1,-1,-1
229,7,412.08,236.83,194.79,154.99,0.893,-1,-1,-1
230,1,631.49,324.95,79.94,203.52,0.880,-1,-1,-1
230,2,745.05,331.54,56.69,207.75,0.914,-1,-1,-1
230,7,412.55,236.50,193.69,155.22,0.885,-1,-1,-1
231,1,634.84,325.29,80.23,204.27,0.879,-1,-1,-1
231,2,742.06,331.36,56.78,208.03,0.919,-1,-1,-1
231,7,413.48,236.41,192.04,154.82,0.872,-1,-1,-1
232,1,637.81,326.02,80.39,204.72,0.886,-1,-1,-1
232,2,739.10,331.22,56.64,207.38,0.914,-1,-1,-1
232,7,414.34,235.58,190.54,154.46,0.872,-1,-1,-1
233,1,640.72,327.22,80.35,204.70,0.883,-1,-1,-1
233,2,736.16,330.85,56.38,206.54,0.892,-1,-1,-1
233,7,415.00,234.51,189.33,154.29,0.885,-1,-1,-1
234,1,644.63,327.95,80.28,204.26,0.898,-1,-1,-1
234,2,732.98,330.58,56.21,206.06,0.880,-1,-1,-1
234,7,415.52,234.00,188.27,154.17,0.891,-1,-1,-1
235,1,647.44,327.96,80.31,204.48,0.886,-1,-1,-1
235,2,729.80,329.94,56.25,206.24,0.896,-1,-1,-1
235,7,416.20,234.65,187.09,153.83,0.883,-1,-1,-1
236,1,650.34,327.04,80.38,204.69,0.876,-1,-1,-1
236,2,726.79,329.68,56.13,205.83,0.900,-1,-1,-1
236,7,416.54,235.65,186.60,154.06,0.880,-1,-1,-1
237,1,653.29,326.16,80.32,204.70,0.881,-1,-1,-1
237,2,723.96,329.90,56.14,205.93,0.922,-1,-1,-1
237,7,416.48,236.02,186.87,154.98,0.899,-1,-1,-1
238,1,656.40,326.26,79.85,203.92,0.864,-1,-1,-1
238,2,721.14,329.78,56.31,206.66,0.908,-1,-1,-1
238,7,416.67,236.82,186.46,155.23,0.887,-1,-1,-1
239,1,657.83,325.67,78.98,203.46,0.901,-1,-1,-1
239,2,718.05,330.61,56.35,206.75,0.885,-1,-1,-1
239,7,417.21,237.29,185.55,154.99,0.895,-1,-1,-1
240,1,659.16,325.73,78.08,203.68,0.889,-1,-1,-1
240,2,715.47,331.54,56.42,207.33,0.865,-1,-1,-1
240,7,417.47,237.31,185.05,155.09,0.898,-1,-1,-1
241,1,660.20,325.87,76.74,203.69,0.883,-1,-1,-1
241,2,712.58,331.74,56.31,206.85,0.860,-1,-1,-1
241,7,417.87,236.92,184.57,155.12,0.883,-1,-1,-1
242,1,661.48,326.80,75.60,204.24,0.824,-1,-1,-1
242,2,709.81,331.61,56.05,206.04,0.872,-1,-1,-1
242,7,418.45,236.74,183.58,154.65,0.868,-1,-1,-1
243,1,662.51,327.44,74.60,204.40,0.641,-1,-1,-1
243,2,706.72,331.11,56.07,206.01,0.871,-1,-1,-1
243,7,418.83,235.81,182.85,154.39,0.875,-1,-1,-1
244,1,664.12,327.84,73.72,204.94,0.564,-1,-1,-1
244,2,704.00,331.12,55.72,204.90,0.791,-1,-1,-1
244,7,418.99,235.30,182.45,154.38,0.874,-1,-1,-1
244,8,1.90,428.19,13.37,161.10,0.760,-1,-1,-1
245,2,701.31,330.44,55.83,205.07,0.688,-1,-1,-1
245,7,419.18,234.99,182.14,154.48,0.870,-1,-1,-1
245,8,3.00,416.50,14.76,176.58,0.728,-1,-1,-1
246,2,700.71,329.79,56.60,205.97,0.724,-1,-1,-1
246,7,419.89,235.59,181.61,154.30,0.868,-1,-1,-1
246,8,3.96,407.54,16.06,189.70,0.793,-1,-1,-1
247,2,698.11,328.55,58.27,206.56,0.809,-1,-1,-1
247,7,419.73,235.69,182.15,155.10,0.893,-1,-1,-1
247,8,4.76,403.23,18.41,214.10,0.826,-1,-1,-1
248,2,697.64,327.17,60.26,208.23,0.851,-1,-1,-1
248,7,419.64,236.47,181.74,155.02,0.896,-1,-1,-1
248,8,5.46,402.69,20.83,237.09,0.875,-1,-1,-1
249,2,697.27,328.80,61.14,206.82,0.708,-1,-1,-1
249,7,419.84,237.57,181.33,154.95,0.885,-1,-1,-1
249,8,6.37,402.13,22.51,248.83,0.890,-1,-1,-1
250,2,689.92,329.89,60.80,206.39,0.565,-1,-1,-1
250,7,420.08,238.01,180.86,154.79,0.877,-1,-1,-1
250,8,7.77,402.01,23.94,253.35,0.919,-1,-1,-1
251,2,683.53,330.60,60.66,206.95,0.731,-1,-1,-1
251,7,420.12,237.56,180.54,154.71,0.852,-1,-1,-1
251,8,8.41,402.08,25.14,253.88,0.930,-1,-1,-1
252,2,678.71,331.44,60.13,206.66,0.875,-1,-1,-1
252,7,420.18,236.54,180.68,155.02,0.870,-1,-1,-1
252,8,9.59,401.63,26.44,253.38,0.905,-1,-1,-1
253,2,674.88,330.94,59.64,206.33,0.894,-1,-1,-1
253,7,419.99,236.13,180.23,154.71,0.786,-1,-1,-1
253,8,10.35,400.66,27.87,252.38,0.917,-1,-1,-1
253,9,718.24,328.40,56.35,203.58,0.819,-1,-1,-1
254,2,671.51,330.69,59.19,205.89,0.870,-1,-1,-1
254,7,420.15,235.69,179.58,154.24,0.844,-1,-1,-1
254,8,11.41,400.26,29.62,251.43,0.927,-1,-1,-1
254,9,719.74,328.56,57.15,204.50,0.861,-1,-1,-1
255,2,668.49,330.07,58.80,205.64,0.855,-1,-1,-1
255,7,420.18,235.55,179.04,153.85,0.863,-1,-1,-1
255,8,12.14,400.29,31.50,250.70,0.923,-1,-1,-1
255,9,721.80,328.34,57.99,205.18,0.871,-1,-1,-1
256,2,665.45,329.07,58.51,205.62,0.837,-1,-1,-1
256,7,419.92,235.61,179.40,154.26,0.860,-1,-1,-1
256,8,12.58,401.20,33.45,249.74,0.925,-1,-1,-1
256,9,724.41,328.16,58.86,205.58,0.868,-1,-1,-1
257,2,662.64,328.46,58.30,205.83,0.858,-1,-1,-1
257,7,419.42,235.36,180.53,155.45,0.878,-1,-1,-1
257,8,13.14,402.55,35.64,249.87,0.923,-1,-1,-1
257,9,727.25,328.22,59.64,205.22,0.882,-1,-1,-1
258,2,659.44,328.99,58.16,205.80,0.845,-1,-1,-1
258,7,419.58,236.28,180.47,155.36,0.869,-1,-1,-1
258,8,13.99,403.14,38.06,250.11,0.919,-1,-1,-1
258,9,729.90,327.77,60.45,204.65,0.883,-1,-1,-1
259,2,656.75,330.01,57.86,205.35,0.859,-1,-1,-1
259,7,419.63,237.42,180.38,155.29,0.843,-1,-1,-1
259,8,14.27,404.10,40.41,249.93,0.918,-1,-1,-1
259,9,733.24,326.62,61.47,204.42,0.902,-1,-1,-1
260,2,654.17,330.58,57.81,205.49,0.865,-1,-1,-1
260,7,419.86,237.34,180.75,155.74,0.860,-1,-1,-1
260,8,16.15,403.86,42.53,249.81,0.910,-1,-1,-1
260,9,735.62,326.40,62.34,203.73,0.907,-1,-1,-1
261,2,651.28,331.15,57.80,205.89,0.861,-1,-1,-1
261,7,420.46,238.22,179.93,155.08,0.864,-1,-1,-1
261,8,18.43,403.59,44.46,250.07,0.895,-1,-1,-1
261,9,738.54,325.87,63.51,204.31,0.886,-1,-1,-1
262,2,648.58,331.34,57.81,206.42,0.880,-1,-1,-1
262,7,421.04,237.92,179.34,154.65,0.897,-1,-1,-1
262,8,21.08,403.10,45.95,249.01,0.882,-1,-1,-1
262,9,741.17,326.13,64.65,204.87,0.890,-1,-1,-1
263,2,645.67,330.71,57.77,206.67,0.897,-1,-1,-1
263,7,420.80,236.88,179.41,154.82,0.890,-1,-1,-1
263,8,23.95,402.40,47.28,247.60,0.903,-1,-1,-1
263,9,743.69,327.32,65.65,204.89,0.889,-1,-1,-1
264,2,642.63,330.42,57.49,206.33,0.904,-1,-1,-1
264,7,420.91,236.17,179.03,154.48,0.888,-1,-1,-1
264,8,27.08,401.76,48.80,247.34,0.911,-1,-1,-1
264,9,747.15,327.84,66.74,205.00,0.907,-1,-1,-1
264,10,1261.30,448.38,17.77,189.81,0.708,-1,-1,-1
265,2,639.57,330.41,57.15,205.34,0.869,-1,-1,-1
265,7,421.17,236.33,178.32,153.83,0.845,-1,-1,-1
265,8,29.75,401.87,50.17,246.89,0.912,-1,-1,-1
265,9,749.55,328.75,67.68,205.11,0.902,-1,-1,-1
265,10,1257.70,423.96,21.29,227.23,0.804,-1,-1,-1
266,2,636.36,329.87,56.94,204.97,0.854,-1,-1,-1
266,7,421.09,236.50,178.04,153.52,0.831,-1,-1,-1
266,8,32.16,402.57,51.48,246.62,0.907,-1,-1,-1
266,9,752.74,328.24,68.73,205.57,0.886,-1,-1,-1
266,10,1254.90,412.52,23.07,244.86,0.830,-1,-1,-1
267,2,633.32,329.35,56.95,205.39,0.883,-1,-1,-1
267,7,420.67,236.47,178.79,154.19,0.831,-1,-1,-1
267,8,35.18,403.56,52.68,246.51,0.898,-1,-1,-1
267,9,755.13,327.88,69.67,205.92,0.896,-1,-1,-1
267,10,1252.40,407.58,24.06,252.19,0.860,-1,-1,-1
268,2,630.42,329.03,56.85,205.31,0.893,-1,-1,-1
268,7,420.26,237.63,179.31,154.76,0.765,-1,-1,-1
268,8,38.09,404.03,54.02,247.09,0.908,-1,-1,-1
268,9,757.90,328.20,70.16,205.09,0.885,-1,-1,-1
268,10,1250.39,405.68,24.73,254.48,0.874,-1,-1,-1
269,2,627.32,329.13,56.83,205.64,0.904,-1,-1,-1
269,7,419.47,238.06,180.29,155.85,0.840,-1,-1,-1
269,8,40.75,404.54,55.18,246.93,0.910,-1,-1,-1
269,9,761.34,327.75,70.77,204.26,0.904,-1,-1,-1
269,10,1247.89,404.87,25.54,255.47,0.886,-1,-1,-1
270,2,624.54,328.93,57.05,206.68,0.885,-1,-1,-1
270,7,418.70,238.10,180.29,156.16,0.836,-1,-1,-1
270,8,44.04,404.82,56.17,247.05,0.902,-1,-1,-1
270,9,763.94,326.79,71.60,204.60,0.899,-1,-1,-1
270,10,1245.83,404.44,26.41,256.05,0.862,-1,-1,-1
271,2,621.86,329.50,57.04,206.90,0.859,-1,-1,-1
271,7,417.57,238.11,179.82,156.29,0.844,-1,-1,-1
271,8,46.81,404.87,57.16,247.26,0.891,-1,-1,-1
271,9,766.68,326.10,72.22,204.72,0.884,-1,-1,-1
271,10,1243.33,403.29,27.50,255.73,0.885,-1,-1,-1
272,2,619.08,330.53,57.04,206.93,0.883,-1,-1,-1
272,7,416.68,238.08,178.50,155.83,0.861,-1,-1,-1
272,8,50.12,404.82,57.77,246.36,0.905,-1,-1,-1
272,9,769.51,326.23,72.97,205.05,0.890,-1,-1,-1
272,10,1240.65,402.47,28.86,254.98,0.905,-1,-1,-1
273,2,616.49,330.54,57.07,206.96,0.888,-1,-1,-1
273,7,416.05,237.71,176.92,155.18,0.846,-1,-1,-1
273,8,53.05,403.95,58.46,246.13,0.905,-1,-1,-1
273,9,771.88,326.56,73.63,205.40,0.884,-1,-1,-1
273,10,1238.06,403.10,30.34,253.51,0.906,-1,-1,-1
274,2,613.37,329.90,57.10,206.94,0.897,-1,-1,-1
274,7,415.16,236.88,175.93,155.15,0.833,-1,-1,-1
274,8,56.41,402.82,59.10,245.98,0.911,-1,-1,-1
274,9,775.78,327.50,74.19,205.16,0.905,-1,-1,-1
274,10,1235.43,403.58,32.12,253.06,0.909,-1,-1,-1
275,2,609.83,329.43,56.94,206.81,0.891,-1,-1,-1
275,7,414.63,236.38,174.32,154.73,0.866,-1,-1,-1
275,8,59.32,402.52,59.57,245.24,0.907,-1,-1,-1
275,9,778.44,328.76,74.60,205.01,0.897,-1,-1,-1
275,10,1232.59,404.80,34.08,252.38,0.912,-1,-1,-1
276,2,606.94,328.97,56.63,206.02,0.865,-1,-1,-1
276,7,413.78,235.98,173.63,155.39,0.891,-1,-1,-1
276,8,61.97,401.84,60.26,245.64,0.902,-1,-1,-1
276,9,781.28,328.92,75.10,205.40,0.887,-1,-1,-1
276,10,1229.83,406.01,36.18,251.43,0.917,-1,-1,-1
277,2,603.67,327.57,56.73,206.49,0.860,-1,-1,-1
277,7,413.18,235.87,172.22,155.49,0.897,-1,-1,-1
277,8,65.48,403.01,60.61,245.25,0.904,-1,-1,-1
277,9,783.96,328.83,75.62,205.73,0.897,-1,-1,-1
277,10,1226.53,406.47,38.51,251.52,0.903,-1,-1,-1
278,2,600.64,328.19,56.61,206.11,0.866,-1,-1,-1
278,7,412.82,237.01,170.91,155.71,0.885,-1,-1,-1
278,8,68.28,403.85,61.25,245.46,0.906,-1,-1,-1
278,9,786.52,327.74,76.19,206.32,0.893,-1,-1,-1
278,10,1222.94,406.63,40.67,251.40,0.892,-1,-1,-1
279,2,598.02,328.51,56.43,205.57,0.889,-1,-1,-1
279,7,412.68,237.90,169.35,155.76,0.908,-1,-1,-1
279,8,71.29,404.37,61.98,246.27,0.903,-1,-1,-1
279,9,790.60,328.05,76.19,204.97,0.908,-1,-1,-1
279,10,1218.52,406.85,42.61,251.28,0.897,-1,-1,-1
280,2,595.02,328.95,56.34,205.55,0.897,-1,-1,-1
280,7,413.01,239.29,166.82,154.72,0.893,-1,-1,-1
280,8,74.86,404.71,62.56,246.59,0.896,-1,-1,-1
280,9,793.37,327.63,76.57,205.01,0.900,-1,-1,-1
280,10,1214.52,407.14,44.39,250.61,0.894,-1,-1,-1
281,2,592.16,329.71,56.36,205.46,0.892,-1,-1,-1
281,7,412.34,241.01,165.18,154.28,0.782,-1,-1,-1
281,8,78.20,404.66,63.14,246.96,0.895,-1,-1,-1
281,9,796.47,326.35,76.84,204.98,0.885,-1,-1,-1
281,10,1209.79,406.93,46.10,249.99,0.906,-1,-1,-1
282,2,589.09,330.50,56.48,205.51,0.866,-1,-1,-1
282,7,412.23,241.90,163.79,154.17,0.831,-1,-1,-1
282,8,81.65,404.78,63.24,246.09,0.904,-1,-1,-1
282,9,799.63,326.41,77.22,205.07,0.890,-1,-1,-1
282,10,1205.17,406.25,47.68,249.19,0.896,-1,-1,-1
283,2,586.18,330.57,56.76,206.33,0.891,-1,-1,-1
283,7,412.30,243.08,159.83,151.68,0.849,-1,-1,-1
283,8,84.72,403.96,63.41,245.70,0.905,-1,-1,-1
283,9,802.12,326.59,77.63,205.54,0.890,-1,-1,-1
283,10,1200.94,406.41,49.05,247.87,0.898,-1,-1,-1
284,2,583.28,330.07,56.90,206.48,0.887,-1,-1,-1
284,7,412.15,244.21,157.40,150.28,0.732,-1,-1,-1
284,8,88.19,403.14,63.65,245.43,0.908,-1,-1,-1
284,9,805.88,327.59,77.77,205.10,0.909,-1,-1,-1
284,10,1196.20,406.44,50.49,247.23,0.906,-1,-1,-1
285,2,579.96,329.58,56.84,206.43,0.899,-1,-1,-1
285,7,413.97,245.54,151.60,145.20,0.700,-1,-1,-1
285,8,91.16,402.58,63.84,244.82,0.907,-1,-1,-1
285,9,808.72,327.91,78.21,205.87,0.903,-1,-1,-1
285,10,1191.95,406.11,52.02,247.74,0.908,-1,-1,-1
286,2,576.67,328.88,56.56,205.84,0.898,-1,-1,-1
286,7,416.63,247.73,142.99,137.02,0.637,-1,-1,-1
286,8,93.92,402.28,64.15,244.84,0.903,-1,-1,-1
286,9,811.98,328.53,78.30,205.58,0.891,-1,-1,-1
286,10,1187.49,406.65,53.38,247.68,0.900,-1,-1,-1
287,2,573.62,329.67,56.08,204.07,0.875,-1,-1,-1
287,8,97.39,402.00,64.54,245.44,0.907,-1,-1,-1
287,9,815.05,328.77,78.55,205.66,0.901,-1,-1,-1
287,10,1183.02,407.42,54.61,247.95,0.902,-1,-1,-1
288,2,570.76,328.73,56.20,204.58,0.890,-1,-1,-1
288,8,100.59,403.11,64.79,245.30,0.903,-1,-1,-1
288,9,817.58,328.36,78.83,206.14,0.893,-1,-1,-1
288,10,1179.02,407.73,55.81,248.76,0.903,-1,-1,-1
289,2,567.88,327.50,56.47,205.63,0.900,-1,-1,-1
289,8,104.14,404.20,65.02,245.57,0.898,-1,-1,-1
289,9,821.42,328.28,78.79,205.40,0.908,-1,-1,-1
289,10,1174.84,407.98,56.82,249.11,0.896,-1,-1,-1
290,2,564.65,327.98,56.55,205.93,0.917,-1,-1,-1
290,8,107.79,404.15,65.49,246.51,0.891,-1,-1,-1
290,9,824.39,327.99,78.73,204.92,0.901,-1,-1,-1
290,10,1171.15,407.96,57.59,248.67,0.905,-1,-1,-1
291,2,561.53,328.88,56.60,206.40,0.903,-1,-1,-1
291,8,110.91,404.38,65.77,246.86,0.905,-1,-1,-1
291,9,827.64,327.16,78.86,204.94,0.881,-1,-1,-1
291,10,1167.02,407.84,58.33,248.09,0.894,-1,-1,-1
291,11,421.82,300.60,124.03,41.32,0.651,-1,-1,-1
292,2,558.95,329.28,56.75,206.98,0.893,-1,-1,-1
292,8,114.17,404.22,65.82,246.44,0.910,-1,-1,-1
292,9,830.86,326.75,79.08,205.08,0.896,-1,-1,-1
292,10,1162.69,407.05,59.03,248.06,0.902,-1,-1,-1
292,11,422.65,301.99,119.84,39.91,0.678,-1,-1,-1
293,2,555.99,329.90,56.70,206.70,0.885,-1,-1,-1
293,8,117.47,403.78,65.78,245.86,0.908,-1,-1,-1
293,9,833.46,326.96,79.19,205.16,0.892,-1,-1,-1
293,10,1158.92,406.92,59.52,246.74,0.904,-1,-1,-1
293,11,422.30,301.97,117.54,39.15,0.641,-1,-1,-1
294,2,553.07,329.67,56.77,206.96,0.903,-1,-1,-1
294,8,120.89,402.56,65.92,245.78,0.905,-1,-1,-1
294,9,837.03,327.77,79.34,205.00,0.912,-1,-1,-1
294,10,1155.06,406.76,60.02,246.14,0.907,-1,-1,-1
294,11,420.67,301.07,117.53,39.17,0.611,-1,-1,-1
295,2,549.85,329.65,56.57,206.39,0.903,-1,-1,-1
295,8,124.00,402.38,65.92,245.12,0.903,-1,-1,-1
295,9,839.82,327.88,79.72,205.98,0.905,-1,-1,-1
295,10,1151.06,406.01,60.82,246.56,0.903,-1,-1,-1
295,11,420.69,300.82,115.27,38.43,0.621,-1,-1,-1
296,2,546.47,328.92,56.43,206.12,0.887,-1,-1,-1
296,8,127.22,402.56,65.79,244.57,0.907,-1,-1,-1
296,9,843.03,328.88,79.71,205.92,0.897,-1,-1,-1
296,10,1147.02,406.27,61.52,246.99,0.905,-1,-1,-1
296,11,419.24,300.23,115.45,38.55,0.633,-1,-1,-1
297,2,543.58,329.38,55.99,204.57,0.874,-1,-1,-1
297,8,130.74,402.46,65.93,244.56,0.903,-1,-1,-1
297,9,845.84,329.27,79.78,206.02,0.904,-1,-1,-1
297,10,1142.93,407.36,62.17,247.70,0.897,-1,-1,-1
297,11,417.91,300.01,115.16,38.52,0.522,-1,-1,-1
298,2,540.76,328.98,56.13,204.82,0.874,-1,-1,-1
298,8,133.95,402.68,66.04,244.79,0.902,-1,-1,-1
298,9,848.68,329.03,79.89,206.34,0.898,-1,-1,-1
298,10,1139.29,408.20,62.66,247.93,0.894,-1,-1,-1
298,11,416.34,300.42,115.41,38.72,0.632,-1,-1,-1
299,2,537.82,328.48,56.28,205.39,0.880,-1,-1,-1
299,8,137.58,403.78,66.33,245.50,0.894,-1,-1,-1
299,9,852.91,329.23,79.67,205.43,0.916,-1,-1,-1
299,10,1135.49,408.33,63.13,248.34,0.894,-1,-1,-1
299,11,415.92,301.30,114.33,38.48,0.607,-1,-1,-1
300,2,534.86,327.67,56.42,205.87,0.896,-1,-1,-1
300,8,141.31,404.45,66.44,245.71,0.894,-1,-1,-1
300,9,855.72,328.76,79.87,205.82,0.906,-1,-1,-1
300,10,1132.02,408.46,63.56,248.42,0.892,-1,-1,-1
300,11,416.12,302.99,112.11,37.85,0.642,-1,-1,-1
301,2,531.78,328.42,56.50,206.33,0.900,-1,-1,-1
301,8,144.68,404.43,66.80,246.72,0.898,-1,-1,-1
301,9,859.11,328.21,79.74,205.26,0.889,-1,-1,-1
301,10,1128.18,408.44,63.77,248.05,0.894,-1,-1,-1
301,11,414.87,303.94,112.02,38.01,0.646,-1,-1,-1
302,2,528.80,329.61,56.43,206.35,0.902,-1,-1,-1
302,8,148.08,404.44,66.73,246.38,0.898,-1,-1,-1
302,9,862.27,327.13,79.81,205.22,0.901,-1,-1,-1
302,10,1123.82,407.52,64.05,247.51,0.905,-1,-1,-1
302,11,414.36,304.57,111.00,37.87,0.656,-1,-1,-1
303,2,525.99,330.45,56.20,205.42,0.877,-1,-1,-1
303,8,151.21,403.93,66.55,245.48,0.906,-1,-1,-1
303,9,865.00,326.96,79.89,205.43,0.896,-1,-1,-1
303,10,1120.52,406.47,64.36,247.55,0.903,-1,-1,-1
303,11,413.14,304.47,110.59,37.98,0.626,-1,-1,-1
304,2,522.94,330.44,56.35,205.84,0.876,-1,-1,-1
304,8,154.62,402.67,66.61,245.44,0.904,-1,-1,-1
304,9,868.87,327.72,79.90,205.05,0.920,-1,-1,-1
304,10,1116.55,406.53,64.45,246.55,0.905,-1,-1,-1
304,11,411.77,303.62,110.70,38.28,0.563,-1,-1,-1
305,2,520.08,329.83,56.41,206.12,0.900,-1,-1,-1
305,8,157.85,402.60,66.48,244.90,0.904,-1,-1,-1
305,9,871.72,327.81,80.23,206.02,0.906,-1,-1,-1
305,10,1113.22,406.50,64.79,246.43,0.909,-1,-1,-1
305,11,410.20,302.22,111.48,38.92,0.626,-1,-1,-1
306,2,516.91,328.84,56.42,206.27,0.914,-1,-1,-1
306,8,160.89,402.57,66.45,244.63,0.906,-1,-1,-1
306,9,874.85,329.10,80.07,205.69,0.898,-1,-1,-1
306,10,1109.28,406.52,65.21,247.25,0.899,-1,-1,-1
306,11,409.62,301.45,109.82,38.77,0.673,-1,-1,-1
307,2,513.79,328.38,56.22,205.63,0.901,-1,-1,-1
307,8,164.46,402.55,66.46,244.62,0.900,-1,-1,-1
307,9,877.64,328.91,80.32,206.36,0.902,-1,-1,-1
307,10,1105.37,407.12,65.55,247.84,0.894,-1,-1,-1
307,11,408.76,300.82,108.78,38.89,0.676,-1,-1,-1
308,2,510.90,328.42,55.89,204.45,0.880,-1,-1,-1
308,8,167.68,402.71,66.61,245.08,0.898,-1,-1,-1
308,9,880.43,328.36,80.51,206.97,0.901,-1,-1,-1
308,10,1101.97,408.12,65.63,247.38,0.898,-1,-1,-1
308,11,408.12,301.16,107.54,38.94,0.664,-1,-1,-1
309,2,507.95,328.01,56.02,204.96,0.870,-1,-1,-1
309,8,171.43,403.28,66.73,245.43,0.886,-1,-1,-1
309,9,884.32,329.37,80.17,205.73,0.911,-1,-1,-1
309,10,1097.94,408.35,65.98,248.01,0.894,-1,-1,-1
309,11,408.04,301.64,106.23,38.94,0.631,-1,-1,-1
310,2,504.89,328.09,55.99,204.83,0.902,-1,-1,-1
310,8,174.80,404.02,66.81,245.91,0.900,-1,-1,-1
310,9,887.42,328.49,80.29,206.24,0.909,-1,-1,-1
310,10,1094.55,408.39,66.20,248.52,0.894,-1,-1,-1
310,11,407.48,302.37,105.10,39.04,0.643,-1,-1,-1
311,2,501.98,328.22,56.15,205.49,0.901,-1,-1,-1
311,8,178.00,403.99,66.94,246.22,0.900,-1,-1,-1
311,9,890.59,327.17,80.37,206.45,0.883,-1,-1,-1
311,10,1090.66,408.74,66.21,247.76,0.899,-1,-1,-1
311,11,406.72,303.28,103.87,39.04,0.540,-1,-1,-1
312,2,498.89,328.76,56.26,205.99,0.919,-1,-1,-1
312,8,181.72,404.19,66.92,246.15,0.902,-1,-1,-1
312,9,893.80,327.24,80.16,205.84,0.896,-1,-1,-1
312,10,1086.76,408.35,66.14,246.97,0.901,-1,-1,-1
312,11,406.57,303.60,102.40,38.94,0.537,-1,-1,-1
313,2,495.90,329.62,56.24,205.92,0.884,-1,-1,-1
313,8,184.85,404.35,66.92,245.94,0.900,-1,-1,-1
313,9,896.61,326.66,80.24,206.03,0.887,-1,-1,-1
313,10,1083.10,407.31,66.34,247.02,0.903,-1,-1,-1
313,11,406.34,304.15,100.15,38.53,0.500,-1,-1,-1
314,2,492.87,330.13,56.19,205.85,0.880,-1,-1,-1
314,8,188.61,403.97,66.83,245.61,0.895,-1,-1,-1
314,9,899.93,327.57,80.17,205.39,0.912,-1,-1,-1
314,10,1079.38,406.79,66.41,246.66,0.904,-1,-1,-1
315,2,489.85,329.79,56.31,206.31,0.904,-1,-1,-1
315,8,191.93,403.33,66.62,244.73,0.908,-1,-1,-1
315,9,903.26,327.98,80.30,205.87,0.905,-1,-1,-1
315,10,1076.14,406.57,66.51,246.56,0.897,-1,-1,-1
315,11,405.56,302.93,97.26,37.94,0.511,-1,-1,-1
316,2,486.89,328.99,56.27,206.12,0.904,-1,-1,-1
316,8,194.85,402.67,66.70,244.71,0.900,-1,-1,-1
316,9,906.58,328.78,80.32,206.07,0.894,-1,-1,-1
316,10,1072.58,406.57,66.65,246.59,0.894,-1,-1,-1
317,2,484.16,328.48,56.07,205.36,0.915,-1,-1,-1
317,8,198.51,402.05,66.71,244.56,0.893,-1,-1,-1
317,9,909.34,329.17,80.56,206.75,0.901,-1,-1,-1
317,10,1068.42,406.67,66.90,246.96,0.894,-1,-1,-1
318,2,480.89,327.63,55.96,205.03,0.890,-1,-1,-1
318,8,201.67,402.40,66.79,244.46,0.882,-1,-1,-1
318,9,912.16,328.94,80.68,207.24,0.896,-1,-1,-1
318,10,1065.05,407.27,67.07,247.25,0.893,-1,-1,-1
319,2,477.77,327.57,55.88,204.63,0.882,-1,-1,-1
319,8,205.24,402.34,66.94,244.99,0.882,-1,-1,-1
319,9,915.91,329.68,80.51,206.48,0.909,-1,-1,-1
319,10,1060.98,407.41,67.36,248.15,0.899,-1,-1,-1
320,2,474.80,327.28,55.97,205.00,0.871,-1,-1,-1
320,8,208.60,403.05,66.97,245.30,0.886,-1,-1,-1
320,9,919.35,329.88,80.30,205.93,0.901,-1,-1,-1
320,10,1057.64,408.26,67.48,248.24,0.900,-1,-1,-1
321,2,471.99,328.00,55.98,205.01,0.899,-1,-1,-1
321,8,211.73,404.45,66.92,245.12,0.891,-1,-1,-1
321,9,922.71,328.57,80.34,206.10,0.884,-1,-1,-1
321,10,1053.90,408.09,67.39,247.83,0.899,-1,-1,-1
322,2,468.94,328.23,56.15,205.58,0.912,-1,-1,-1
322,8,215.31,404.47,67.06,245.43,0.894,-1,-1,-1
322,9,925.69,327.86,80.39,206.16,0.897,-1,-1,-1
322,10,1050.02,407.86,67.37,247.37,0.899,-1,-1,-1
323,2,465.80,328.69,56.21,205.96,0.895,-1,-1,-1
323,8,218.51,404.36,67.05,245.49,0.896,-1,-1,-1
323,9,928.64,326.94,80.36,206.08,0.885,-1,-1,-1
323,10,1046.66,407.07,67.45,247.47,0.901,-1,-1,-1
324,2,462.88,329.18,56.12,205.75,0.885,-1,-1,-1
324,8,222.54,404.17,66.87,245.05,0.901,-1,-1,-1
324,9,932.03,327.82,80.16,205.21,0.903,-1,-1,-1
324,10,1043.14,406.69,67.33,246.93,0.895,-1,-1,-1
325,2,459.75,329.46,56.25,206.20,0.874,-1,-1,-1
325,8,225.63,402.91,67.00,245.35,0.903,-1,-1,-1
325,9,935.25,328.08,80.37,205.87,0.907,-1,-1,-1
325,10,1039.90,407.06,67.29,246.56,0.892,-1,-1,-1
326,2,456.85,328.94,56.15,205.79,0.901,-1,-1,-1
326,8,228.79,402.83,66.82,244.66,0.900,-1,-1,-1
326,9,938.65,328.73,80.39,205.88,0.892,-1,-1,-1
326,10,1036.36,407.08,67.29,246.06,0.894,-1,-1,-1
327,2,454.17,328.71,55.98,205.07,0.911,-1,-1,-1
327,8,232.37,402.11,66.88,244.74,0.893,-1,-1,-1
327,9,941.83,329.03,80.75,206.72,0.879,-1,-1,-1
327,10,1032.44,406.98,67.55,246.82,0.891,-1,-1,-1
328,2,451.07,327.81,55.98,205.14,0.906,-1,-1,-1
328,8,235.72,401.06,67.01,245.12,0.886,-1,-1,-1
328,9,944.50,329.10,80.78,206.93,0.893,-1,-1,-1
328,10,1028.62,407.42,67.64,247.07,0.892,-1,-1,-1
329,2,448.03,327.29,55.95,205.11,0.885,-1,-1,-1
329,8,239.63,401.55,66.96,245.01,0.896,-1,-1,-1
329,9,947.57,329.60,80.54,206.34,0.896,-1,-1,-1
329,10,1024.97,408.18,67.62,246.99,0.895,-1,-1,-1
330,2,444.94,326.80,55.85,204.84,0.871,-1,-1,-1
330,8,242.93,402.06,67.01,245.37,0.894,-1,-1,-1
330,9,950.29,329.07,80.50,207.07,0.900,-1,-1,-1
330,10,1021.70,408.05,67.77,247.80,0.887,-1,-1,-1
331,2,441.81,326.97,55.93,205.13,0.886,-1,-1,-1
331,8,245.93,403.22,66.92,245.20,0.901,-1,-1,-1
331,9,951.72,329.27,79.24,205.83,0.891,-1,-1,-1
331,10,1017.85,407.62,67.86,248.09,0.888,-1,-1,-1
332,2,438.83,327.65,55.95,205.05,0.910,-1,-1,-1
332,8,249.39,403.98,66.95,245.34,0.903,-1,-1,-1
332,9,952.74,328.55,78.09,205.71,0.873,-1,-1,-1
332,10,1014.10,407.95,67.76,247.85,0.891,-1,-1,-1
333,2,435.99,327.93,56.15,205.78,0.917,-1,-1,-1
333,8,252.73,404.45,66.93,245.27,0.900,-1,-1,-1
333,9,954.47,328.44,76.79,205.46,0.889,-1,-1,-1
333,10,1010.70,407.90,67.72,247.66,0.889,-1,-1,-1
334,2,433.00,328.77,56.02,205.55,0.903,-1,-1,-1
334,8,256.46,404.16,66.87,245.02,0.906,-1,-1,-1
334,9,957.27,328.35,75.54,205.27,0.887,-1,-1,-1
334,10,1007.10,406.95,67.66,247.48,0.885,-1,-1,-1
335,2,430.05,329.16,56.02,205.73,0.884,-1,-1,-1
335,8,259.61,403.31,66.93,245.19,0.902,-1,-1,-1
335,9,960.95,328.91,74.52,205.23,0.870,-1,-1,-1
335,10,1004.03,406.74,67.55,246.93,0.887,-1,-1,-1
336,2,426.83,328.60,56.10,205.89,0.890,-1,-1,-1
336,8,262.82,402.98,66.80,244.88,0.902,-1,-1,-1
336,9,964.67,329.66,73.47,204.93,0.861,-1,-1,-1
336,10,1000.26,406.17,67.56,246.70,0.889,-1,-1,-1
337,2,423.80,327.83,56.14,205.83,0.900,-1,-1,-1
337,8,266.43,402.06,66.82,244.78,0.893,-1,-1,-1
337,9,968.33,329.96,72.77,205.41,0.847,-1,-1,-1
337,10,996.14,406.22,67.59,246.79,0.893,-1,-1,-1
337,12,1250.70,277.53,19.75,175.14,0.905,-1,-1,-1
338,2,421.30,327.60,55.91,205.22,0.913,-1,-1,-1
338,8,270.01,401.65,66.83,244.88,0.900,-1,-1,-1
338,9,971.82,330.95,71.78,204.89,0.846,-1,-1,-1
338,10,992.59,406.37,67.75,247.38,0.897,-1,-1,-1
338,12,1244.57,276.59,20.74,176.13,0.912,-1,-1,-1
339,2,418.65,326.62,55.71,205.12,0.907,-1,-1,-1
339,8,273.82,401.67,66.87,245.06,0.902,-1,-1,-1
339,9,975.69,331.23,70.65,203.07,0.714,-1,-1,-1
339,10,988.22,407.09,67.88,247.42,0.879,-1,-1,-1
339,12,1237.83,275.75,22.30,177.17,0.914,-1,-1,-1
340,2,415.33,325.58,55.77,205.62,0.884,-1,-1,-1
340,8,276.99,402.68,66.75,244.54,0.906,-1,-1,-1
340,9,984.77,331.00,60.04,170.41,0.539,-1,-1,-1
340,10,985.07,408.56,67.81,246.37,0.895,-1,-1,-1
340,12,1229.57,276.01,24.03,177.14,0.895,-1,-1,-1
341,2,412.39,326.16,55.63,205.09,0.880,-1,-1,-1
341,8,279.82,403.17,66.90,244.98,0.906,-1,-1,-1
341,9,990.92,329.96,67.08,189.40,0.678,-1,-1,-1
341,10,981.57,408.60,67.84,246.61,0.891,-1,-1,-1
341,12,1218.74,276.28,26.05,177.56,0.908,-1,-1,-1
342,2,409.20,326.74,55.66,205.13,0.892,-1,-1,-1
342,8,283.30,404.06,67.05,245.44,0.901,-1,-1,-1
342,9,995.04,329.71,70.57,197.86,0.817,-1,-1,-1
342,10,977.78,409.42,67.73,246.20,0.886,-1,-1,-1
342,12,1206.72,277.36,28.20,178.08,0.909,-1,-1,-1
343,2,406.40,327.74,55.60,204.76,0.901,-1,-1,-1
343,8,286.88,404.62,66.90,245.04,0.906,-1,-1,-1
343,9,998.31,328.98,72.42,202.27,0.880,-1,-1,-1
343,10,974.76,409.02,67.68,246.33,0.888,-1,-1,-1
343,12,1194.38,278.22,30.33,177.84,0.906,-1,-1,-1
344,2,403.17,327.99,55.85,205.57,0.914,-1,-1,-1
344,8,290.54,404.08,66.94,245.16,0.906,-1,-1,-1
344,9,1001.47,328.70,73.35,203.92,0.892,-1,-1,-1
344,10,971.09,407.48,67.82,246.92,0.886,-1,-1,-1
344,12,1182.52,278.47,32.52,177.80,0.905,-1,-1,-1
345,2,399.99,328.54,55.86,205.63,0.899,-1,-1,-1
345,8,293.75,403.20,66.92,245.24,0.905,-1,-1,-1
345,9,1004.86,328.93,73.81,204.54,0.885,-1,-1,-1
345,10,967.85,407.05,67.83,246.71,0.890,-1,-1,-1
345,12,1169.88,278.18,34.74,178.47,0.903,-1,-1,-1
346,2,396.88,328.67,55.96,205.81,0.885,-1,-1,-1
346,8,296.74,402.85,66.88,245.00,0.900,-1,-1,-1
346,9,1008.19,329.57,74.15,204.76,0.874,-1,-1,-1
346,10,963.71,406.37,67.82,246.54,0.898,-1,-1,-1
346,12,1157.78,278.51,36.77,177.44,0.909,-1,-1,-1
347,2,393.75,328.19,56.02,206.12,0.891,-1,-1,-1
347,8,300.36,401.46,66.98,245.22,0.900,-1,-1,-1
347,9,1010.81,330.10,74.73,205.57,0.888,-1,-1,-1
347,10,959.87,406.70,67.63,245.85,0.895,-1,-1,-1
347,12,1145.41,277.96,38.83,177.28,0.908,-1,-1,-1
348,2,390.99,327.56,55.84,205.39,0.905,-1,-1,-1
348,8,303.82,401.29,66.92,245.10,0.903,-1,-1,-1
348,9,1013.35,331.04,75.03,205.80,0.888,-1,-1,-1
348,10,956.36,406.57,67.68,246.22,0.886,-1,-1,-1
348,12,1133.13,276.89,40.80,177.16,0.909,-1,-1,-1
349,2,388.29,326.82,55.79,205.11,0.917,-1,-1,-1
349,8,307.64,401.18,66.90,245.11,0.892,-1,-1,-1
349,9,1015.72,331.45,75.52,206.01,0.883,-1,-1,-1
349,10,952.62,406.55,67.89,247.08,0.883,-1,-1,-1
349,12,1120.88,276.91,42.70,176.73,0.908,-1,-1,-1
350,2,385.20,326.32,55.60,204.38,0.898,-1,-1,-1
350,8,310.89,401.71,66.85,244.73,0.897,-1,-1,-1
350,9,1017.94,330.62,76.26,207.19,0.897,-1,-1,-1
350,10,949.47,407.46,67.96,247.47,0.887,-1,-1,-1
350,12,1108.99,276.82,44.63,176.74,0.906,-1,-1,-1
351,2,382.36,326.50,55.43,203.76,0.884,-1,-1,-1
351,8,313.93,402.33,66.90,245.00,0.906,-1,-1,-1
351,9,1020.86,330.11,76.54,207.07,0.894,-1,-1,-1
351,10,945.77,408.30,67.93,247.31,0.891,-1,-1,-1
351,12,1096.80,277.02,46.36,177.06,0.900,-1,-1,-1
352,2,379.31,325.98,55.60,204.48,0.875,-1,-1,-1
352,8,317.75,403.37,66.81,244.90,0.907,-1,-1,-1
352,9,1023.57,329.18,76.82,207.14,0.901,-1,-1,-1
352,10,942.03,408.41,67.86,247.33,0.900,-1,-1,-1
352,12,1085.86,278.23,47.76,176.52,0.910,-1,-1,-1
353,2,376.68,326.83,55.54,204.61,0.885,-1,-1,-1
353,8,320.86,403.84,66.77,244.87,0.907,-1,-1,-1
353,9,1026.53,328.99,76.85,206.31,0.896,-1,-1,-1
353,10,938.57,408.07,67.88,247.33,0.890,-1,-1,-1
353,12,1074.76,278.35,49.10,176.86,0.904,-1,-1,-1
354,2,373.84,327.92,55.40,204.29,0.891,-1,-1,-1
354,8,324.54,403.91,66.79,245.02,0.904,-1,-1,-1
354,9,1029.46,329.41,76.87,205.41,0.895,-1,-1,-1
354,10,934.89,407.33,67.88,247.37,0.896,-1,-1,-1
354,12,1063.41,278.26,50.19,177.23,0.860,-1,-1,-1
355,2,370.69,328.42,55.38,204.71,0.899,-1,-1,-1
355,8,328.00,404.26,66.79,244.83,0.893,-1,-1,-1
355,9,1033.01,329.37,77.10,205.28,0.899,-1,-1,-1
355,10,931.49,406.93,67.77,246.72,0.900,-1,-1,-1
355,12,1052.56,278.41,50.80,177.20,0.599,-1,-1,-1
356,2,367.88,328.70,55.21,204.79,0.876,-1,-1,-1
356,8,331.17,403.41,66.80,244.80,0.885,-1,-1,-1
356,9,1035.69,329.06,77.64,205.99,0.867,-1,-1,-1
356,10,928.03,406.28,67.72,246.47,0.906,-1,-1,-1
356,12,1037.81,278.30,50.69,176.55,0.602,-1,-1,-1
357,2,367.11,328.19,50.94,187.59,0.712,-1,-1,-1
357,8,334.70,402.72,66.61,244.27,0.893,-1,-1,-1
357,9,1038.79,329.49,77.96,206.41,0.888,-1,-1,-1
357,10,923.85,405.87,67.78,246.33,0.893,-1,-1,-1
357,12,1022.51,277.96,50.74,176.41,0.829,-1,-1,-1
358,2,366.75,327.78,46.02,166.78,0.748,-1,-1,-1
358,8,338.14,402.48,66.61,244.30,0.884,-1,-1,-1
358,9,1041.50,330.24,78.19,206.57,0.885,-1,-1,-1
358,10,920.41,406.25,67.85,246.32,0.900,-1,-1,-1
358,12,1009.83,277.29,50.92,176.27,0.870,-1,-1,-1
359,2,365.67,326.98,42.40,151.27,0.663,-1,-1,-1
359,8,341.85,402.39,66.35,243.48,0.895,-1,-1,-1
359,9,1044.64,331.66,78.36,206.22,0.888,-1,-1,-1
359,10,916.58,406.40,68.10,247.25,0.899,-1,-1,-1
359,12,998.59,277.08,51.24,176.50,0.901,-1,-1,-1
360,2,363.62,326.75,38.81,133.92,0.757,-1,-1,-1
360,8,344.94,402.76,66.29,243.33,0.900,-1,-1,-1
360,9,1047.87,331.09,78.85,207.25,0.899,-1,-1,-1
360,10,913.41,407.42,68.09,247.22,0.888,-1,-1,-1
360,12,990.17,276.66,52.54,176.72,0.890,-1,-1,-1
361,2,360.01,326.28,39.58,132.80,0.810,-1,-1,-1
361,8,347.88,403.08,66.36,243.40,0.897,-1,-1,-1
361,9,1051.37,331.01,78.82,206.91,0.891,-1,-1,-1
361,10,909.73,408.03,68.09,247.46,0.891,-1,-1,-1
361,12,981.01,276.65,53.86,176.73,0.897,-1,-1,-1
362,2,356.11,326.20,41.05,134.79,0.786,-1,-1,-1
362,8,351.84,403.10,66.49,243.93,0.898,-1,-1,-1
362,9,1054.38,330.36,78.85,206.72,0.901,-1,-1,-1
362,10,905.79,408.17,68.18,247.71,0.884,-1,-1,-1
362,12,970.44,277.36,54.95,176.39,0.900,-1,-1,-1
362,13,15.61,274.77,44.17,163.44,0.815,-1,-1,-1
363,2,348.91,326.12,49.27,162.13,0.744,-1,-1,-1
363,8,354.89,403.11,66.73,244.99,0.902,-1,-1,-1
363,9,1057.30,329.52,78.86,206.50,0.899,-1,-1,-1
363,10,902.38,408.24,68.19,247.84,0.893,-1,-1,-1
363,12,959.70,278.12,56.13,176.95,0.897,-1,-1,-1
363,13,14.54,273.80,44.58,164.79,0.843,-1,-1,-1
364,2,342.74,327.00,55.90,185.50,0.842,-1,-1,-1
364,8,358.56,403.14,66.75,245.38,0.895,-1,-1,-1
364,9,1060.87,329.38,78.64,205.39,0.905,-1,-1,-1
364,10,898.52,407.91,68.17,247.86,0.895,-1,-1,-1
364,12,948.76,278.37,57.10,177.42,0.889,-1,-1,-1
364,13,13.51,272.83,45.13,166.39,0.863,-1,-1,-1
365,2,338.06,327.93,58.98,197.45,0.886,-1,-1,-1
365,8,361.81,403.31,66.80,245.40,0.886,-1,-1,-1
365,9,1064.18,328.73,78.89,205.85,0.908,-1,-1,-1
365,10,895.42,406.51,68.15,247.87,0.903,-1,-1,-1
365,12,937.93,278.67,57.74,176.98,0.900,-1,-1,-1
365,13,12.29,272.34,45.70,167.75,0.863,-1,-1,-1
366,2,334.33,328.36,60.27,203.33,0.868,-1,-1,-1
366,8,365.28,403.01,66.78,245.33,0.888,-1,-1,-1
366,9,1067.28,329.06,78.96,205.86,0.894,-1,-1,-1
366,10,891.55,406.22,67.95,247.11,0.886,-1,-1,-1
366,12,926.64,278.73,58.34,176.92,0.886,-1,-1,-1
366,13,11.31,272.59,46.23,168.76,0.850,-1,-1,-1
367,2,331.26,327.99,60.62,206.00,0.861,-1,-1,-1
367,8,368.79,403.01,66.61,244.63,0.879,-1,-1,-1
367,9,1070.24,329.44,79.25,206.38,0.901,-1,-1,-1
367,10,887.97,406.17,67.81,246.38,0.895,-1,-1,-1
367,12,915.39,278.71,58.70,176.16,0.891,-1,-1,-1
367,13,10.21,272.35,46.71,169.23,0.850,-1,-1,-1
368,2,328.09,328.34,60.46,206.70,0.866,-1,-1,-1
368,8,371.96,402.33,66.59,244.42,0.886,-1,-1,-1
368,9,1072.97,329.74,79.53,206.96,0.899,-1,-1,-1
368,10,884.67,406.36,67.65,245.88,0.896,-1,-1,-1
368,12,904.25,277.87,59.02,175.31,0.889,-1,-1,-1
368,13,8.94,270.57,47.46,170.44,0.875,-1,-1,-1
369,2,325.58,327.13,60.21,206.98,0.893,-1,-1,-1
369,8,375.58,401.57,66.56,244.17,0.887,-1,-1,-1
369,9,1076.27,331.20,79.59,206.57,0.905,-1,-1,-1
369,10,880.98,407.03,67.68,245.93,0.896,-1,-1,-1
369,12,891.83,277.02,59.75,175.40,0.878,-1,-1,-1
369,13,7.96,269.02,48.16,171.13,0.877,-1,-1,-1
370,2,322.98,326.51,59.68,206.19,0.909,-1,-1,-1
370,8,378.65,400.46,66.75,244.59,0.891,-1,-1,-1
370,9,1079.19,331.29,79.93,207.05,0.909,-1,-1,-1
370,10,877.75,407.27,67.73,246.43,0.902,-1,-1,-1
370,12,880.10,276.50,60.59,176.15,0.869,-1,-1,-1
370,13,6.80,267.52,49.01,171.85,0.883,-1,-1,-1
371,2,320.09,325.56,59.25,205.80,0.900,-1,-1,-1
371,8,381.85,401.21,66.64,244.26,0.893,-1,-1,-1
371,9,1082.19,330.92,80.18,207.52,0.896,-1,-1,-1
371,10,873.83,407.76,67.89,246.88,0.890,-1,-1,-1
371,12,865.24,276.46,60.16,176.14,0.821,-1,-1,-1
371,13,6.51,269.73,48.95,168.94,0.862,-1,-1,-1
372,2,317.44,325.36,58.91,205.52,0.882,-1,-1,-1
372,8,385.43,402.03,66.72,244.37,0.901,-1,-1,-1
372,9,1085.49,330.51,80.14,207.41,0.905,-1,-1,-1
372,10,869.96,408.26,67.95,247.30,0.897,-1,-1,-1
372,12,852.33,277.27,59.58,175.87,0.894,-1,-1,-1
372,13,5.74,267.93,50.02,170.05,0.879,-1,-1,-1
373,2,314.54,325.98,58.61,205.29,0.876,-1,-1,-1
373,8,388.62,402.89,66.94,245.16,0.900,-1,-1,-1
373,9,1088.39,329.42,80.17,207.58,0.898,-1,-1,-1
373,10,866.54,408.40,68.00,247.51,0.900,-1,-1,-1
373,12,840.51,277.93,59.11,175.98,0.887,-1,-1,-1
373,13,5.03,266.93,50.93,170.57,0.899,-1,-1,-1
374,2,311.65,325.99,58.60,206.00,0.893,-1,-1,-1
374,8,392.37,403.46,67.06,245.46,0.893,-1,-1,-1
374,9,1092.33,329.72,79.77,205.97,0.914,-1,-1,-1
374,10,863.07,407.88,68.00,247.80,0.897,-1,-1,-1
374,12,829.99,278.23,59.26,177.03,0.886,-1,-1,-1
374,13,4.26,266.33,51.84,171.48,0.899,-1,-1,-1
375,2,308.97,326.77,58.40,206.05,0.906,-1,-1,-1
375,8,395.67,403.59,67.12,245.74,0.888,-1,-1,-1
375,9,1095.57,328.99,79.95,206.47,0.901,-1,-1,-1
375,10,859.44,407.03,68.03,247.92,0.887,-1,-1,-1
375,12,820.39,278.77,59.53,177.24,0.881,-1,-1,-1
375,13,3.77,267.60,52.36,171.19,0.893,-1,-1,-1
376,2,306.02,327.68,58.15,206.02,0.912,-1,-1,-1
376,8,399.20,403.17,66.89,245.20,0.893,-1,-1,-1
376,9,1098.97,329.37,79.81,206.01,0.894,-1,-1,-1
376,10,856.02,406.95,67.80,247.05,0.892,-1,-1,-1
376,12,811.31,278.83,60.07,177.31,0.898,-1,-1,-1
376,13,3.42,269.00,53.02,171.65,0.877,-1,-1,-1
377,2,302.92,328.27,57.91,205.86,0.893,-1,-1,-1
377,8,403.05,402.94,66.72,244.47,0.897,-1,-1,-1
377,9,1101.79,329.50,80.02,206.57,0.900,-1,-1,-1
377,10,852.09,406.54,67.65,246.40,0.894,-1,-1,-1
377,12,801.38,277.86,60.92,177.97,0.897,-1,-1,-1
377,13,3.02,268.97,53.68,172.29,0.879,-1,-1,-1
378,2,299.98,328.84,57.74,205.64,0.880,-1,-1,-1
378,8,406.19,402.03,66.71,244.40,0.904,-1,-1,-1
378,9,1104.88,330.97,79.75,205.76,0.928,-1,-1,-1
378,10,848.71,406.36,67.63,246.25,0.893,-1,-1,-1
378,12,790.95,278.02,61.30,177.07,0.890,-1,-1,-1
378,13,2.87,268.74,54.27,172.60,0.883,-1,-1,-1
379,2,297.09,327.63,57.66,206.00,0.886,-1,-1,-1
379,8,409.59,400.81,66.78,244.39,0.905,-1,-1,-1
379,9,1108.05,331.78,79.96,205.96,0.915,-1,-1,-1
379,10,845.22,406.65,67.59,246.15,0.899,-1,-1,-1
379,12,780.47,276.63,62.18,177.57,0.897,-1,-1,-1
379,13,2.77,268.69,54.47,171.73,0.873,-1,-1,-1
380,2,294.52,326.83,57.34,205.04,0.901,-1,-1,-1
380,8,412.86,400.76,66.73,244.16,0.908,-1,-1,-1
380,9,1110.94,332.07,80.40,206.79,0.906,-1,-1,-1
380,10,841.68,406.76,67.85,246.85,0.893,-1,-1,-1
380,12,769.17,276.31,62.70,177.43,0.897,-1,-1,-1
380,13,2.67,268.04,54.79,171.22,0.885,-1,-1,-1
381,2,291.61,325.87,57.04,204.43,0.911,-1,-1,-1
381,8,415.96,401.43,66.73,244.11,0.907,-1,-1,-1
381,9,1114.13,331.58,80.76,207.60,0.899,-1,-1,-1
381,10,837.90,407.31,67.94,247.34,0.894,-1,-1,-1
381,12,757.92,276.67,63.07,176.88,0.896,-1,-1,-1
381,13,2.65,267.11,55.33,171.42,0.888,-1,-1,-1
382,2,288.46,325.20,56.90,204.36,0.895,-1,-1,-1
382,8,419.28,402.10,66.84,244.38,0.903,-1,-1,-1
382,9,1117.70,330.93,80.88,207.82,0.912,-1,-1,-1
382,10,833.82,407.94,68.02,247.58,0.901,-1,-1,-1
382,12,746.74,276.95,63.43,176.46,0.903,-1,-1,-1
382,13,2.53,266.56,55.73,171.30,0.879,-1,-1,-1
383,2,285.58,325.34,56.72,203.93,0.878,-1,-1,-1
383,8,422.59,402.35,67.00,245.17,0.905,-1,-1,-1
383,9,1120.43,330.30,80.71,207.53,0.909,-1,-1,-1
383,10,830.73,408.20,67.98,247.64,0.899,-1,-1,-1
383,12,735.19,277.05,64.05,177.11,0.895,-1,-1,-1
383,13,2.70,267.36,55.96,170.46,0.897,-1,-1,-1
384,2,282.74,326.14,56.56,203.63,0.873,-1,-1,-1
384,8,426.24,403.04,67.17,245.73,0.894,-1,-1,-1
384,9,1123.93,330.06,80.48,206.66,0.912,-1,-1,-1
384,10,826.69,407.94,67.95,247.43,0.895,-1,-1,-1
384,12,724.08,278.10,64.59,177.46,0.886,-1,-1,-1
384,13,2.50,266.80,56.56,171.00,0.898,-1,-1,-1
385,2,279.68,325.01,57.01,205.63,0.895,-1,-1,-1
385,8,429.60,403.46,67.08,245.39,0.905,-1,-1,-1
385,9,1127.28,328.93,80.54,207.00,0.907,-1,-1,-1
385,10,823.42,407.20,68.00,247.43,0.902,-1,-1,-1
385,12,712.69,278.38,65.10,177.79,0.885,-1,-1,-1
385,13,2.40,267.95,56.99,171.03,0.897,-1,-1,-1
386,2,276.71,326.33,56.86,205.45,0.910,-1,-1,-1
386,8,432.86,402.98,67.04,245.17,0.907,-1,-1,-1
386,9,1130.71,329.24,80.29,206.31,0.899,-1,-1,-1
386,10,819.88,406.81,67.88,246.96,0.903,-1,-1,-1
386,12,701.30,278.04,65.59,178.47,0.890,-1,-1,-1
386,13,2.16,269.12,57.60,172.01,0.829,-1,-1,-1
387,2,273.35,327.50,56.74,205.31,0.900,-1,-1,-1
387,8,436.52,402.71,66.92,244.68,0.908,-1,-1,-1
387,9,1133.70,329.51,80.35,206.50,0.907,-1,-1,-1
387,10,816.17,406.11,67.82,246.70,0.904,-1,-1,-1
387,12,690.05,278.18,66.00,178.66,0.883,-1,-1,-1
387,13,1.56,270.66,58.36,173.66,0.862,-1,-1,-1
388,2,270.52,327.76,56.63,205.27,0.885,-1,-1,-1
388,8,439.67,401.97,66.98,244.62,0.906,-1,-1,-1
388,9,1136.52,329.91,80.43,206.77,0.898,-1,-1,-1
388,10,812.57,405.80,67.82,246.49,0.908,-1,-1,-1
388,12,680.55,278.14,65.91,178.14,0.877,-1,-1,-1
388,13,1.27,272.42,58.73,174.17,0.883,-1,-1,-1
388,14,-30.12,479.34,174.91,90.03,0.623,-1,-1,-1
389,2,267.52,327.84,56.58,205.34,0.882,-1,-1,-1
389,8,443.35,401.26,66.95,244.29,0.904,-1,-1,-1
389,9,1140.05,331.25,80.50,206.56,0.914,-1,-1,-1
389,10,808.86,405.69,67.89,246.54,0.898,-1,-1,-1
389,12,673.44,277.14,65.21,178.51,0.855,-1,-1,-1
389,13,1.35,273.24,59.08,174.46,0.873,-1,-1,-1
389,14,-44.61,479.22,206.64,107.15,0.723,-1,-1,-1
390,2,264.66,326.01,56.52,205.37,0.892,-1,-1,-1
390,8,446.83,401.65,66.70,243.54,0.907,-1,-1,-1
390,9,1142.92,331.83,80.77,207.01,0.909,-1,-1,-1
390,10,805.71,406.23,67.87,246.54,0.901,-1,-1,-1
390,12,668.69,277.06,63.27,176.83,0.835,-1,-1,-1
390,13,1.08,273.70,59.32,174.68,0.860,-1,-1,-1
390,14,-52.01,479.13,223.66,116.91,0.680,-1,-1,-1
391,2,261.95,325.42,56.27,204.43,0.912,-1,-1,-1
391,8,449.82,401.23,66.82,243.85,0.907,-1,-1,-1
391,9,1146.06,331.48,81.05,207.71,0.894,-1,-1,-1
391,10,801.82,406.46,68.01,247.15,0.903,-1,-1,-1
391,12,664.62,286.52,58.63,166.82,0.663,-1,-1,-1
391,13,1.08,274.47,59.64,175.11,0.840,-1,-1,-1
391,14,-55.91,478.83,233.94,123.19,0.580,-1,-1,-1
392,2,258.96,325.18,56.10,204.07,0.899,-1,-1,-1
392,8,453.47,401.49,66.91,244.37,0.903,-1,-1,-1
392,9,1149.41,331.25,81.23,208.21,0.897,-1,-1,-1
392,10,797.75,407.41,67.92,246.86,0.897,-1,-1,-1
392,12,661.70,301.67,52.24,151.23,0.517,-1,-1,-1
392,13,1.02,274.54,59.87,175.40,0.813,-1,-1,-1
392,14,-56.33,477.65,237.47,126.32,0.661,-1,-1,-1
393,2,255.92,325.32,55.97,203.81,0.894,-1,-1,-1
393,8,456.59,402.17,67.03,244.65,0.898,-1,-1,-1
393,9,1152.55,331.60,80.82,207.13,0.934,-1,-1,-1
393,10,794.29,407.98,68.04,247.23,0.900,-1,-1,-1
393,13,0.82,275.50,60.23,176.13,0.843,-1,-1,-1
393,14,-55.86,477.41,238.86,128.40,0.635,-1,-1,-1
394,2,252.80,325.45,55.88,203.52,0.876,-1,-1,-1
394,8,460.14,402.25,67.21,245.17,0.899,-1,-1,-1
394,9,1155.73,331.43,80.55,206.32,0.905,-1,-1,-1
394,10,790.50,407.65,68.13,247.67,0.905,-1,-1,-1
394,13,0.58,276.33,60.73,177.36,0.837,-1,-1,-1
394,14,-54.95,476.77,238.74,129.89,0.647,-1,-1,-1
395,2,250.00,326.03,55.89,203.79,0.888,-1,-1,-1
395,8,463.69,403.09,67.23,245.35,0.901,-1,-1,-1
395,9,1159.04,329.66,80.79,207.17,0.904,-1,-1,-1
395,10,787.31,407.58,68.17,247.94,0.905,-1,-1,-1
395,13,0.60,278.07,60.68,176.91,0.880,-1,-1,-1
395,14,-51.52,476.41,235.47,129.92,0.703,-1,-1,-1
396,2,246.98,326.16,56.09,204.67,0.900,-1,-1,-1
396,8,466.93,402.76,67.20,245.37,0.902,-1,-1,-1
396,9,1162.43,329.58,80.66,206.94,0.898,-1,-1,-1
396,10,783.82,406.92,68.21,248.16,0.901,-1,-1,-1
396,13,0.29,279.58,60.97,177.76,0.603,-1,-1,-1
396,14,-50.01,477.11,234.92,130.81,0.508,-1,-1,-1
397,2,244.00,326.96,56.08,204.89,0.911,-1,-1,-1
397,8,470.51,402.69,67.11,244.96,0.904,-1,-1,-1
397,9,1165.52,329.72,80.58,206.79,0.904,-1,-1,-1
397,10,779.87,406.10,68.02,247.25,0.899,-1,-1,-1
397,13,0.10,281.26,61.38,179.00,0.595,-1,-1,-1
398,2,240.81,327.58,56.11,205.17,0.889,-1,-1,-1
398,8,473.57,402.24,67.00,244.23,0.903,-1,-1,-1
398,9,1168.18,329.80,80.73,207.23,0.899,-1,-1,-1
398,10,776.55,405.90,67.97,246.81,0.891,-1,-1,-1
398,13,0.12,282.96,61.68,179.80,0.592,-1,-1,-1
399,2,237.90,327.71,56.14,205.29,0.885,-1,-1,-1
399,8,477.39,401.47,66.91,244.12,0.907,-1,-1,-1
399,9,1171.65,331.06,80.66,206.81,0.917,-1,-1,-1
399,10,772.54,405.71,67.97,246.73,0.905,-1,-1,-1
399,13,0.09,283.88,61.90,180.40,0.690,-1,-1,-1
400,2,234.85,327.26,56.12,205.36,0.887,-1,-1,-1
400,8,480.68,401.27,66.79,243.54,0.905,-1,-1,-1
400,9,1174.68,331.75,80.89,207.10,0.911,-1,-1,-1
400,10,769.20,405.63,67.99,246.45,0.904,-1,-1,-1
400,13,-0.11,284.80,62.08,181.02,0.534,-1,-1,-1
400,15,558.17,276.59,32.02,177.51,0.891,-1,-1,-1
401,2,232.17,325.87,55.91,204.53,0.896,-1,-1,-1
401,8,483.76,401.10,66.78,243.36,0.906,-1,-1,-1
401,9,1177.49,331.40,81.34,208.42,0.892,-1,-1,-1
401,10,765.58,405.65,68.14,247.12,0.900,-1,-1,-1
401,13,-0.20,285.25,62.16,181.32,0.664,-1,-1,-1
401,15,552.25,276.67,32.68,176.90,0.881,-1,-1,-1
402,2,229.11,324.59,55.82,204.26,0.917,-1,-1,-1
402,8,487.41,401.08,66.92,243.83,0.901,-1,-1,-1
402,9,1181.20,331.55,81.48,208.80,0.899,-1,-1,-1
402,10,761.54,406.75,68.20,247.32,0.901,-1,-1,-1
402,13,-0.31,286.06,62.13,181.35,0.652,-1,-1,-1
402,15,544.47,276.75,33.52,175.92,0.878,-1,-1,-1
403,2,225.93,324.47,55.68,203.80,0.894,-1,-1,-1
403,8,490.55,401.79,66.97,243.90,0.893,-1,-1,-1
403,9,1184.41,330.51,81.62,209.33,0.900,-1,-1,-1
403,10,758.29,407.14,68.26,247.59,0.902,-1,-1,-1
403,13,-0.28,286.81,62.08,181.26,0.568,-1,-1,-1
403,15,534.17,276.43,34.74,176.18,0.875,-1,-1,-1
404,2,222.92,323.48,55.84,204.56,0.890,-1,-1,-1
404,8,494.46,402.89,66.88,243.83,0.895,-1,-1,-1
404,9,1188.00,330.88,81.35,208.20,0.918,-1,-1,-1
404,10,754.69,408.08,68.18,247.42,0.890,-1,-1,-1
404,13,-0.54,287.22,62.38,182.39,0.695,-1,-1,-1
404,15,521.93,277.21,35.88,175.10,0.870,-1,-1,-1
405,2,219.87,323.84,55.83,204.57,0.879,-1,-1,-1
405,8,497.68,403.66,66.85,243.72,0.891,-1,-1,-1
405,9,1191.05,329.99,81.21,208.16,0.906,-1,-1,-1
405,10,751.44,408.09,68.11,247.33,0.895,-1,-1,-1
405,13,-0.47,288.51,62.66,183.37,0.797,-1,-1,-1
405,15,505.91,277.83,36.60,175.30,0.833,-1,-1,-1
406,2,216.92,324.27,55.93,205.03,0.892,-1,-1,-1
406,8,500.89,403.52,66.93,244.23,0.893,-1,-1,-1
406,9,1194.08,329.34,81.03,207.96,0.891,-1,-1,-1
406,10,747.61,407.31,68.21,247.53,0.897,-1,-1,-1
406,13,-0.45,289.59,62.91,184.29,0.784,-1,-1,-1
406,15,491.62,278.32,37.54,175.96,0.855,-1,-1,-1
406,16,2.10,476.06,155.71,58.76,0.522,-1,-1,-1
407,2,214.05,325.33,55.97,205.15,0.904,-1,-1,-1
407,8,504.72,403.82,66.86,244.09,0.894,-1,-1,-1
407,9,1197.49,329.50,80.75,207.26,0.905,-1,-1,-1
407,10,744.07,407.11,68.05,246.69,0.896,-1,-1,-1
407,13,-0.64,291.15,63.14,185.28,0.747,-1,-1,-1
407,15,480.00,278.61,38.83,177.27,0.841,-1,-1,-1
407,17,2.55,369.56,46.55,229.21,0.786,-1,-1,-1
408,2,211.06,326.49,55.90,205.13,0.905,-1,-1,-1
408,8,507.49,402.86,66.99,244.26,0.890,-1,-1,-1
408,9,1199.96,329.57,80.72,207.55,0.898,-1,-1,-1
408,10,740.40,406.17,68.05,246.68,0.898,-1,-1,-1
408,13,-0.93,292.37,63.57,186.89,0.613,-1,-1,-1
408,15,470.35,278.54,40.51,177.70,0.888,-1,-1,-1
408,17,3.56,370.37,46.88,230.21,0.748,-1,-1,-1
409,2,207.80,326.60,55.96,205.48,0.890,-1,-1,-1
409,8,511.33,401.71,66.97,244.30,0.902,-1,-1,-1
409,9,1202.28,331.11,80.11,206.88,0.897,-1,-1,-1
409,10,736.66,405.32,68.05,246.68,0.904,-1,-1,-1
409,13,4.73,294.43,64.96,186.45,0.810,-1,-1,-1
409,15,460.00,278.36,42.12,177.59,0.877,-1,-1,-1
409,17,5.16,370.47,46.69,227.85,0.821,-1,-1,-1
410,2,204.86,326.75,55.87,205.24,0.878,-1,-1,-1
410,8,514.60,401.05,66.91,243.93,0.901,-1,-1,-1
410,9,1204.06,330.73,79.95,208.10,0.899,-1,-1,-1
410,10,733.35,405.55,68.04,246.80,0.896,-1,-1,-1
410,13,6.84,295.32,66.40,186.81,0.784,-1,-1,-1
410,15,448.77,278.12,43.69,177.08,0.883,-1,-1,-1
410,17,6.32,370.14,46.86,226.96,0.773,-1,-1,-1
411,2,202.01,325.20,55.74,204.91,0.893,-1,-1,-1
411,8,517.97,400.75,66.83,243.71,0.904,-1,-1,-1
411,9,1205.93,331.21,79.30,208.48,0.896,-1,-1,-1
411,10,729.59,406.16,67.97,246.26,0.904,-1,-1,-1
411,13,7.72,296.17,67.52,186.72,0.750,-1,-1,-1
411,15,437.28,276.63,45.48,177.60,0.895,-1,-1,-1
411,17,7.04,369.21,47.12,226.49,0.713,-1,-1,-1
411,18,3.76,477.48,165.82,59.59,0.620,-1,-1,-1
412,2,199.19,324.28,55.71,204.61,0.900,-1,-1,-1
412,8,521.44,401.14,66.90,243.74,0.892,-1,-1,-1
412,9,1208.25,331.63,78.18,208.37,0.903,-1,-1,-1
412,10,725.79,406.30,68.22,247.27,0.900,-1,-1,-1
412,13,7.74,296.49,68.74,187.38,0.739,-1,-1,-1
412,15,427.78,276.11,46.59,177.67,0.894,-1,-1,-1
412,17,8.23,368.38,47.65,226.34,0.760,-1,-1,-1
412,18,4.83,476.38,164.81,59.18,0.611,-1,-1,-1
413,2,196.36,324.74,55.44,203.57,0.911,-1,-1,-1
413,8,524.72,400.33,67.21,244.74,0.903,-1,-1,-1
413,9,1210.25,331.58,77.17,208.81,0.889,-1,-1,-1
413,10,722.28,407.31,68.21,247.38,0.890,-1,-1,-1
413,13,7.65,297.06,69.41,187.64,0.546,-1,-1,-1
413,15,420.84,276.16,46.72,176.88,0.873,-1,-1,-1
413,17,9.43,368.70,48.44,226.42,0.786,-1,-1,-1
413,18,6.56,475.22,164.03,58.83,0.526,-1,-1,-1
414,2,193.12,324.62,55.41,203.51,0.905,-1,-1,-1
414,8,528.57,401.52,67.27,244.87,0.902,-1,-1,-1
414,9,1212.55,332.23,75.42,207.64,0.905,-1,-1,-1
414,10,718.75,407.73,68.11,247.20,0.894,-1,-1,-1
414,15,415.21,276.74,46.30,176.71,0.819,-1,-1,-1
414,17,9.98,369.64,49.25,226.15,0.797,-1,-1,-1
414,18,7.84,473.93,164.88,59.05,0.562,-1,-1,-1
415,2,189.98,323.73,55.56,204.12,0.889,-1,-1,-1
415,8,531.79,402.42,67.29,244.93,0.899,-1,-1,-1
415,9,1215.21,332.26,73.63,206.91,0.905,-1,-1,-1
415,10,715.51,407.88,68.20,247.28,0.893,-1,-1,-1
415,15,411.36,291.35,42.14,162.90,0.733,-1,-1,-1
415,17,11.52,370.48,50.39,226.50,0.768,-1,-1,-1
415,18,9.45,473.57,164.46,58.76,0.571,-1,-1,-1
416,2,186.76,323.80,55.70,204.48,0.887,-1,-1,-1
416,8,534.82,402.48,67.32,245.35,0.904,-1,-1,-1
416,9,1217.71,331.63,71.81,206.51,0.910,-1,-1,-1
416,10,711.86,407.33,68.25,247.36,0.894,-1,-1,-1
416,17,12.65,370.94,51.71,227.88,0.702,-1,-1,-1
416,18,10.70,473.90,164.17,58.50,0.526,-1,-1,-1
417,2,184.07,325.05,55.71,204.31,0.896,-1,-1,-1
417,8,538.27,402.50,67.33,245.49,0.904,-1,-1,-1
417,9,1220.06,331.51,69.96,206.16,0.908,-1,-1,-1
417,10,707.81,407.02,68.12,246.74,0.899,-1,-1,-1
417,17,13.43,371.61,53.09,228.71,0.727,-1,-1,-1
418,2,181.09,325.94,55.76,204.51,0.908,-1,-1,-1
418,8,541.63,402.44,67.13,244.96,0.902,-1,-1,-1
418,9,1222.61,331.66,67.90,205.34,0.899,-1,-1,-1
418,10,704.42,406.34,68.04,246.25,0.907,-1,-1,-1
418,17,14.03,372.15,54.24,228.01,0.727,-1,-1,-1
418,18,-1.40,470.87,194.21,69.37,0.513,-1,-1,-1
419,2,177.84,325.94,55.88,205.13,0.901,-1,-1,-1
419,8,545.03,401.56,67.25,245.15,0.906,-1,-1,-1
419,9,1225.18,332.13,65.90,205.13,0.904,-1,-1,-1
419,10,700.57,405.49,68.05,246.40,0.897,-1,-1,-1
419,17,13.96,372.47,55.37,227.30,0.723,-1,-1,-1
420,2,174.84,326.25,55.82,204.92,0.878,-1,-1,-1
420,8,548.58,401.21,67.15,244.56,0.901,-1,-1,-1
420,9,1227.36,332.52,64.08,205.52,0.897,-1,-1,-1
420,10,697.14,404.77,68.10,246.48,0.901,-1,-1,-1
420,17,14.31,371.58,57.01,227.03,0.796,-1,-1,-1
420,18,-64.15,432.37,325.59,118.19,0.546,-1,-1,-1
421,2,171.94,325.88,55.72,204.51,0.848,-1,-1,-1
421,8,551.85,400.82,67.00,244.01,0.900,-1,-1,-1
421,9,1229.87,333.05,62.14,205.82,0.892,-1,-1,-1
421,10,693.59,405.14,68.14,246.61,0.899,-1,-1,-1
421,17,14.89,370.69,58.30,226.99,0.713,-1,-1,-1
421,18,-97.31,418.48,394.72,146.55,0.614,-1,-1,-1
422,2,169.29,326.17,55.24,202.82,0.810,-1,-1,-1
422,8,555.65,400.23,67.05,244.16,0.898,-1,-1,-1
422,9,1232.71,334.20,60.05,205.76,0.874,-1,-1,-1
422,10,689.79,406.27,68.05,246.32,0.894,-1,-1,-1
422,17,16.12,369.54,59.78,227.45,0.732,-1,-1,-1
422,18,-127.56,407.11,457.03,173.89,0.604,-1,-1,-1
423,2,166.56,326.65,54.82,201.20,0.750,-1,-1,-1
423,8,559.11,401.01,66.90,243.78,0.908,-1,-1,-1
423,9,1235.32,334.81,57.95,205.45,0.855,-1,-1,-1
423,10,686.51,406.67,68.17,247.00,0.899,-1,-1,-1
423,17,18.29,368.52,61.00,227.70,0.669,-1,-1,-1
423,18,-183.71,369.46,571.96,223.32,0.541,-1,-1,-1
424,2,163.28,325.09,55.10,202.23,0.730,-1,-1,-1
424,8,562.87,401.21,67.08,244.42,0.907,-1,-1,-1
424,9,1237.97,334.47,55.94,205.66,0.841,-1,-1,-1
424,10,682.65,407.38,68.26,247.29,0.885,-1,-1,-1
424,17,20.58,369.03,62.21,226.28,0.779,-1,-1,-1
424,18,-218.50,339.47,644.71,261.86,0.722,-1,-1,-1
425,2,160.31,324.89,55.12,202.09,0.820,-1,-1,-1
425,8,566.05,401.99,67.10,244.48,0.908,-1,-1,-1
425,9,1240.60,334.81,53.58,204.78,0.846,-1,-1,-1
425,10,679.60,408.06,68.15,246.87,0.892,-1,-1,-1
425,17,22.95,369.48,63.44,226.14,0.753,-1,-1,-1
425,18,-228.64,319.52,667.47,288.65,0.888,-1,-1,-1
426,2,157.13,324.55,55.25,202.50,0.808,-1,-1,-1
426,8,569.18,403.02,67.03,244.31,0.902,-1,-1,-1
426,9,1244.05,339.69,50.31,198.83,0.761,-1,-1,-1
426,10,675.80,408.23,68.16,246.70,0.906,-1,-1,-1
426,17,24.80,370.71,64.72,225.87,0.788,-1,-1,-1
426,18,-226.44,310.81,665.51,299.71,0.749,-1,-1,-1
427,2,154.19,326.59,55.04,201.71,0.795,-1,-1,-1
427,8,572.53,402.18,67.29,245.40,0.901,-1,-1,-1
427,9,1247.98,349.17,46.02,188.24,0.746,-1,-1,-1
427,10,671.87,407.64,68.13,246.63,0.911,-1,-1,-1
427,17,26.40,371.91,66.29,226.15,0.832,-1,-1,-1
428,2,151.34,326.31,55.26,202.53,0.830,-1,-1,-1
428,8,575.85,402.85,67.01,244.40,0.903,-1,-1,-1
428,9,1250.96,355.67,43.06,181.20,0.632,-1,-1,-1
428,10,668.59,407.07,67.89,245.73,0.898,-1,-1,-1
428,17,29.32,372.46,67.34,225.58,0.779,-1,-1,-1
429,2,148.19,326.37,55.52,203.63,0.822,-1,-1,-1
429,8,579.50,402.26,67.12,244.63,0.885,-1,-1,-1
429,10,664.42,406.35,68.05,245.88,0.894,-1,-1,-1
429,17,31.08,371.80,68.51,225.91,0.761,-1,-1,-1
429,19,-11.95,365.88,242.16,243.79,0.599,-1,-1,-1
430,2,145.34,327.55,55.22,202.35,0.716,-1,-1,-1
430,8,582.85,401.30,67.14,244.64,0.887,-1,-1,-1
430,10,661.12,405.24,68.13,246.27,0.895,-1,-1,-1
430,17,33.64,371.41,69.68,226.22,0.771,-1,-1,-1
430,19,-24.76,335.13,271.11,273.77,0.630,-1,-1,-1
431,2,142.10,326.91,55.63,203.94,0.668,-1,-1,-1
431,8,585.84,401.16,67.03,243.89,0.877,-1,-1,-1
431,10,657.66,405.74,68.06,246.15,0.898,-1,-1,-1
431,17,35.64,370.02,70.61,226.14,0.777,-1,-1,-1
431,19,-11.43,361.33,246.52,248.96,0.634,-1,-1,-1
432,8,589.36,400.50,67.20,244.52,0.864,-1,-1,-1
432,10,654.54,406.45,67.94,246.27,0.882,-1,-1,-1
432,17,37.51,369.23,71.32,225.85,0.787,-1,-1,-1
432,19,-0.80,380.24,228.82,230.93,0.705,-1,-1,-1
433,2,139.37,325.31,49.64,179.68,0.688,-1,-1,-1
433,8,592.03,400.55,67.11,244.68,0.847,-1,-1,-1
433,10,651.63,406.25,67.88,246.75,0.864,-1,-1,-1
433,17,39.64,368.80,72.02,225.85,0.829,-1,-1,-1
433,19,4.76,387.05,221.34,223.14,0.634,-1,-1,-1
434,2,136.94,324.93,47.37,168.16,0.868,-1,-1,-1
434,8,595.20,400.76,66.83,245.13,0.840,-1,-1,-1
434,10,647.35,407.31,67.81,246.44,0.834,-1,-1,-1
434,17,41.96,368.64,72.72,225.69,0.799,-1,-1,-1
434,19,-12.62,347.18,258.31,261.84,0.687,-1,-1,-1
435,2,134.21,324.79,47.13,164.50,0.865,-1,-1,-1
435,8,597.54,401.05,66.77,246.38,0.857,-1,-1,-1
435,10,643.90,407.19,67.97,247.32,0.861,-1,-1,-1
435,17,44.08,368.56,73.67,226.08,0.788,-1,-1,-1
435,19,-17.86,329.00,272.67,278.74,0.875,-1,-1,-1
436,2,131.38,324.75,47.46,163.45,0.846,-1,-1,-1
436,8,599.60,401.79,66.31,246.61,0.803,-1,-1,-1
436,10,640.40,407.30,67.96,247.50,0.865,-1,-1,-1
436,17,45.91,367.93,74.98,227.47,0.800,-1,-1,-1
436,19,-19.22,322.23,277.05,284.88,0.739,-1,-1,-1
437,2,128.02,325.19,47.85,162.77,0.837,-1,-1,-1
437,8,601.56,402.80,65.86,247.24,0.676,-1,-1,-1
437,10,636.81,407.29,67.77,246.87,0.647,-1,-1,-1
437,17,47.91,369.14,75.75,227.62,0.748,-1,-1,-1
437,19,-19.42,319.00,278.90,288.15,0.648,-1,-1,-1
438,2,124.81,325.72,48.33,162.84,0.781,-1,-1,-1
438,10,633.30,407.11,67.54,246.00,0.544,-1,-1,-1
438,17,50.61,369.75,76.38,227.30,0.785,-1,-1,-1
438,19,-16.71,319.50,277.78,289.27,0.889,-1,-1,-1
439,2,121.57,325.96,49.13,164.18,0.793,-1,-1,-1
439,10,624.04,406.19,68.61,246.41,0.804,-1,-1,-1
439,17,52.40,369.74,77.01,227.51,0.791,-1,-1,-1
439,19,-13.80,321.51,274.08,287.40,0.903,-1,-1,-1
440,2,118.45,326.52,49.52,164.33,0.828,-1,-1,-1
440,10,620.11,405.08,69.43,246.83,0.880,-1,-1,-1
440,17,54.76,369.11,77.55,227.59,0.800,-1,-1,-1
440,19,-10.30,324.43,270.39,285.02,0.918,-1,-1,-1
441,2,115.63,326.68,49.87,164.57,0.829,-1,-1,-1
441,10,617.98,402.18,70.11,249.52,0.900,-1,-1,-1
441,17,56.95,368.11,77.98,227.52,0.785,-1,-1,-1
441,19,-7.79,326.74,268.43,284.18,0.922,-1,-1,-1
442,2,112.56,326.20,50.37,165.74,0.784,-1,-1,-1
442,10,616.78,400.18,70.97,251.95,0.905,-1,-1,-1
442,17,59.58,366.83,78.45,227.97,0.677,-1,-1,-1
442,19,-5.77,328.68,266.24,282.68,0.888,-1,-1,-1
443,2,109.64,325.38,50.81,166.97,0.698,-1,-1,-1
443,10,616.14,403.42,70.70,249.25,0.867,-1,-1,-1
443,17,62.40,365.70,78.90,228.29,0.726,-1,-1,-1
443,19,4.15,349.16,248.04,261.69,0.711,-1,-1,-1
444,2,107.07,324.16,51.10,167.78,0.781,-1,-1,-1
444,10,614.82,405.16,71.16,248.05,0.738,-1,-1,-1
444,17,64.70,365.63,79.28,227.97,0.808,-1,-1,-1
444,19,1.00,338.68,256.33,270.76,0.825,-1,-1,-1
445,2,104.67,323.60,50.74,166.61,0.802,-1,-1,-1
445,10,608.50,406.98,70.74,247.57,0.838,-1,-1,-1
445,17,66.88,365.76,79.74,227.48,0.838,-1,-1,-1
445,19,10.64,358.47,239.29,249.91,0.856,-1,-1,-1
446,2,102.33,323.98,50.27,165.13,0.758,-1,-1,-1
446,10,604.46,407.81,70.76,247.25,0.873,-1,-1,-1
446,17,68.52,367.49,79.64,226.14,0.834,-1,-1,-1
446,19,16.26,371.25,230.31,236.97,0.909,-1,-1,-1
447,2,100.67,324.71,49.03,161.08,0.703,-1,-1,-1
447,10,599.43,407.18,70.70,248.00,0.854,-1,-1,-1
447,17,71.31,367.95,79.96,226.16,0.726,-1,-1,-1
447,19,17.67,374.95,230.21,233.39,0.931,-1,-1,-1
447,20,654.30,401.88,51.05,241.62,0.848,-1,-1,-1
448,2,96.89,325.00,48.43,158.14,0.648,-1,-1,-1
448,10,595.52,407.35,70.23,246.94,0.874,-1,-1,-1
448,17,74.84,368.86,80.30,225.88,0.790,-1,-1,-1
448,19,17.64,375.23,233.75,234.21,0.896,-1,-1,-1
448,20,655.45,402.15,51.92,245.23,0.847,-1,-1,-1
449,2,93.72,325.68,47.60,154.19,0.546,-1,-1,-1
449,10,591.80,406.66,69.84,246.44,0.893,-1,-1,-1
449,17,77.77,369.61,80.68,225.87,0.804,-1,-1,-1
449,19,17.72,378.02,236.13,233.49,0.922,-1,-1,-1
449,20,656.58,402.30,52.44,245.99,0.877,-1,-1,-1
449,21,18.29,278.57,36.47,78.91,0.849,-1,-1,-1
450,2,95.05,326.41,37.25,113.47,0.718,-1,-1,-1
450,10,588.67,406.11,69.44,245.30,0.849,-1,-1,-1
450,17,79.99,369.47,81.05,226.10,0.821,-1,-1,-1
450,19,18.28,378.95,238.66,232.74,0.926,-1,-1,-1
450,20,658.97,401.29,52.99,246.66,0.874,-1,-1,-1
450,21,8.50,278.74,40.03,86.14,0.861,-1,-1,-1
451,2,94.99,326.83,31.48,89.05,0.827,-1,-1,-1
451,10,584.85,405.19,69.53,245.86,0.864,-1,-1,-1
451,17,82.06,370.16,81.03,224.93,0.818,-1,-1,-1
451,19,18.63,381.24,240.52,231.29,0.927,-1,-1,-1
451,20,660.80,401.07,53.36,245.70,0.898,-1,-1,-1
451,21,0.24,278.82,41.89,90.35,0.887,-1,-1,-1
451,22,15.84,337.79,54.00,51.10,0.520,-1,-1,-1
452,2,92.10,325.82,31.62,84.37,0.824,-1,-1,-1
452,10,581.10,404.61,69.56,246.28,0.895,-1,-1,-1
452,17,83.82,370.11,81.06,224.48,0.803,-1,-1,-1
452,19,18.48,381.23,243.76,231.07,0.942,-1,-1,-1
452,20,663.59,400.63,53.83,244.77,0.897,-1,-1,-1
452,21,-6.61,277.91,43.01,93.86,0.845,-1,-1,-1
453,2,88.01,325.16,32.02,81.84,0.813,-1,-1,-1
453,10,577.90,405.18,69.48,246.22,0.894,-1,-1,-1
453,17,86.31,367.54,81.72,226.06,0.780,-1,-1,-1
453,19,18.41,379.86,247.63,231.74,0.921,-1,-1,-1
453,20,666.08,400.07,54.55,244.69,0.904,-1,-1,-1
453,21,-12.28,278.58,42.71,94.54,0.682,-1,-1,-1
453,22,17.94,339.25,50.68,47.89,0.547,-1,-1,-1
454,2,83.71,323.89,33.65,83.18,0.818,-1,-1,-1
454,10,574.51,405.62,69.52,246.85,0.900,-1,-1,-1
454,17,89.24,365.88,82.29,226.99,0.746,-1,-1,-1
454,19,17.86,379.15,249.98,231.26,0.908,-1,-1,-1
454,20,669.22,400.17,55.36,244.77,0.902,-1,-1,-1
454,22,19.07,339.67,48.55,45.73,0.601,-1,-1,-1
455,2,80.23,323.04,34.40,82.69,0.799,-1,-1,-1
455,10,571.00,406.22,69.53,247.21,0.902,-1,-1,-1
455,17,92.18,365.16,82.59,227.21,0.807,-1,-1,-1
455,19,16.53,375.12,255.00,233.54,0.910,-1,-1,-1
455,20,672.39,401.32,55.94,244.18,0.910,-1,-1,-1
456,2,77.25,322.62,34.90,82.65,0.624,-1,-1,-1
456,10,567.43,407.47,69.40,247.31,0.898,-1,-1,-1
456,17,94.59,366.04,82.61,226.64,0.837,-1,-1,-1
456,19,15.50,372.68,258.78,234.80,0.908,-1,-1,-1
456,20,675.25,401.55,56.74,244.60,0.916,-1,-1,-1
457,2,75.47,323.73,34.76,80.87,0.694,-1,-1,-1
457,10,563.46,407.50,69.47,248.03,0.899,-1,-1,-1
457,17,96.86,367.07,82.58,226.19,0.856,-1,-1,-1
457,19,16.47,373.10,260.16,233.80,0.863,-1,-1,-1
457,20,678.58,402.18,57.56,244.95,0.920,-1,-1,-1
458,2,73.92,324.43,35.68,81.40,0.792,-1,-1,-1
458,10,560.11,406.83,69.44,248.36,0.903,-1,-1,-1
458,17,98.89,367.89,82.85,226.32,0.850,-1,-1,-1
458,19,15.26,371.70,265.41,236.33,0.913,-1,-1,-1
458,20,681.80,402.48,58.25,245.12,0.914,-1,-1,-1
459,2,72.68,325.07,35.84,80.78,0.774,-1,-1,-1
459,10,556.58,406.66,69.06,247.28,0.904,-1,-1,-1
459,17,101.80,368.31,83.25,226.98,0.786,-1,-1,-1
459,19,14.88,373.01,268.21,236.56,0.917,-1,-1,-1
459,20,684.88,402.57,58.96,245.36,0.901,-1,-1,-1
460,2,72.01,325.48,34.09,75.32,0.821,-1,-1,-1
460,10,553.11,405.15,69.03,247.31,0.892,-1,-1,-1
460,17,105.21,368.05,83.38,226.75,0.796,-1,-1,-1
460,19,14.15,372.63,273.33,239.05,0.914,-1,-1,-1
460,20,688.06,401.62,59.57,245.41,0.905,-1,-1,-1
461,2,70.19,325.60,33.38,72.56,0.819,-1,-1,-1
461,10,549.43,404.81,68.87,246.83,0.902,-1,-1,-1
461,17,107.78,368.21,83.52,226.48,0.830,-1,-1,-1
461,19,14.84,374.56,274.31,237.52,0.924,-1,-1,-1
461,20,691.14,401.43,59.91,244.66,0.909,-1,-1,-1
462,2,68.03,325.78,32.53,69.42,0.810,-1,-1,-1
462,10,545.19,404.27,68.91,246.95,0.912,-1,-1,-1
462,17,109.68,366.21,84.03,227.94,0.815,-1,-1,-1
462,19,15.94,377.38,274.45,234.99,0.931,-1,-1,-1
462,20,694.67,400.30,60.26,243.88,0.904,-1,-1,-1
463,2,66.33,325.84,31.14,64.92,0.820,-1,-1,-1
463,10,542.03,405.13,68.74,246.65,0.903,-1,-1,-1
463,17,112.35,366.05,83.71,226.98,0.831,-1,-1,-1
463,19,17.25,378.96,275.25,232.79,0.935,-1,-1,-1
463,20,697.73,399.78,60.78,243.83,0.903,-1,-1,-1
464,2,63.87,324.68,30.54,62.45,0.801,-1,-1,-1
464,10,538.30,405.94,68.62,246.47,0.899,-1,-1,-1
464,17,114.63,365.98,83.52,226.49,0.830,-1,-1,-1
464,19,16.59,377.27,278.13,232.83,0.922,-1,-1,-1
464,20,701.16,399.55,61.27,243.89,0.902,-1,-1,-1
465,2,61.38,323.91,29.31,58.96,0.709,-1,-1,-1
465,10,535.02,406.36,68.70,247.07,0.904,-1,-1,-1
465,17,116.81,364.96,83.60,226.82,0.778,-1,-1,-1
465,19,16.45,376.17,280.94,232.67,0.934,-1,-1,-1
465,20,704.34,400.36,61.50,243.43,0.909,-1,-1,-1
466,2,58.14,323.08,28.25,55.69,0.723,-1,-1,-1
466,10,531.55,406.97,68.83,247.71,0.904,-1,-1,-1
466,17,120.19,365.72,83.56,226.25,0.764,-1,-1,-1
466,19,15.81,373.77,285.63,234.34,0.924,-1,-1,-1
466,20,706.87,400.15,62.25,244.63,0.910,-1,-1,-1
467,2,55.45,323.32,27.62,53.57,0.667,-1,-1,-1
467,10,527.81,407.27,68.90,248.29,0.895,-1,-1,-1
467,17,123.24,366.15,83.86,226.21,0.808,-1,-1,-1
467,19,15.99,374.31,287.59,233.64,0.919,-1,-1,-1
467,20,710.31,400.77,62.81,245.13,0.905,-1,-1,-1
468,2,52.76,323.88,26.93,51.21,0.667,-1,-1,-1
468,10,524.49,407.04,68.72,247.84,0.904,-1,-1,-1
468,17,125.66,366.88,83.96,226.28,0.812,-1,-1,-1
468,19,16.17,375.16,289.30,232.81,0.907,-1,-1,-1
468,20,713.40,402.04,63.10,244.93,0.901,-1,-1,-1
468,23,0.58,353.74,59.33,77.20,0.509,-1,-1,-1
469,10,520.69,406.90,68.50,246.92,0.894,-1,-1,-1
469,17,127.77,367.95,83.89,226.13,0.854,-1,-1,-1
469,19,15.83,373.61,293.05,233.87,0.896,-1,-1,-1
469,20,716.96,402.27,63.37,244.75,0.901,-1,-1,-1
469,23,0.41,355.53,58.26,75.81,0.543,-1,-1,-1
470,10,517.37,406.29,68.36,246.66,0.904,-1,-1,-1
470,17,129.72,368.41,83.69,225.89,0.836,-1,-1,-1
470,19,14.81,372.27,297.85,235.96,0.888,-1,-1,-1
470,20,720.24,401.79,63.63,244.80,0.907,-1,-1,-1
470,23,0.11,357.44,57.69,75.07,0.696,-1,-1,-1
471,10,513.39,405.12,68.42,246.76,0.908,-1,-1,-1
471,17,132.28,368.12,83.73,226.11,0.785,-1,-1,-1
471,19,14.39,373.28,300.57,236.40,0.882,-1,-1,-1
471,20,723.29,401.02,63.89,244.77,0.906,-1,-1,-1
471,23,0.30,358.64,57.12,74.34,0.698,-1,-1,-1
472,10,509.49,404.86,68.23,246.21,0.902,-1,-1,-1
472,17,135.94,367.45,83.83,226.10,0.757,-1,-1,-1
472,19,14.90,374.74,303.31,236.39,0.919,-1,-1,-1
472,20,727.09,400.65,63.99,244.21,0.909,-1,-1,-1
472,23,0.54,360.56,56.13,73.04,0.750,-1,-1,-1
473,10,506.16,404.44,68.28,246.41,0.905,-1,-1,-1
473,17,138.47,365.41,84.35,227.40,0.731,-1,-1,-1
473,19,15.31,375.69,305.33,235.84,0.915,-1,-1,-1
473,20,730.18,399.82,64.26,243.93,0.905,-1,-1,-1
473,23,0.84,361.52,55.66,72.39,0.721,-1,-1,-1
474,10,502.75,405.07,68.28,246.44,0.906,-1,-1,-1
474,17,140.83,364.55,84.46,227.58,0.800,-1,-1,-1
474,19,15.66,376.50,305.91,234.05,0.926,-1,-1,-1
474,20,733.73,400.07,64.34,243.31,0.908,-1,-1,-1
474,23,1.21,361.74,55.51,72.10,0.739,-1,-1,-1
475,10,499.50,405.82,68.30,246.58,0.899,-1,-1,-1
475,17,143.25,365.12,84.19,226.94,0.842,-1,-1,-1
475,19,16.73,376.20,306.51,232.03,0.933,-1,-1,-1
475,20,736.74,399.63,64.64,243.70,0.912,-1,-1,-1
475,23,6.22,362.99,54.59,70.17,0.708,-1,-1,-1
476,10,495.73,406.48,68.38,247.11,0.898,-1,-1,-1
476,17,145.34,365.44,84.13,226.59,0.857,-1,-1,-1
476,19,16.89,376.62,307.63,230.55,0.927,-1,-1,-1
476,20,739.62,399.95,64.96,243.96,0.909,-1,-1,-1
476,23,10.42,363.55,54.09,69.14,0.622,-1,-1,-1
476,24,7.97,322.83,54.81,58.84,0.640,-1,-1,-1
477,10,491.91,407.37,68.45,247.24,0.900,-1,-1,-1
477,17,147.67,366.42,83.83,225.89,0.837,-1,-1,-1
477,19,16.18,375.51,311.52,231.38,0.932,-1,-1,-1
477,20,743.19,400.40,65.18,244.29,0.905,-1,-1,-1
477,23,12.81,363.94,53.61,68.17,0.532,-1,-1,-1
477,24,-7.20,322.64,79.97,86.35,0.602,-1,-1,-1
478,10,488.37,406.97,68.53,247.58,0.896,-1,-1,-1
478,17,150.45,366.55,83.95,226.25,0.791,-1,-1,-1
478,19,16.43,375.74,313.92,230.91,0.938,-1,-1,-1
478,20,746.31,401.12,65.40,244.46,0.897,-1,-1,-1
478,23,14.14,364.41,53.54,67.53,0.638,-1,-1,-1
478,24,-16.30,323.26,92.61,101.04,0.769,-1,-1,-1
479,10,484.35,406.17,68.55,247.77,0.907,-1,-1,-1
479,17,153.89,367.05,84.27,226.32,0.801,-1,-1,-1
479,19,15.72,374.42,318.45,232.31,0.922,-1,-1,-1
479,20,749.97,401.29,65.54,244.59,0.908,-1,-1,-1
479,23,15.79,366.14,52.66,65.86,0.625,-1,-1,-1
479,24,-22.27,324.22,98.04,108.66,0.837,-1,-1,-1
480,10,480.92,405.78,68.39,247.05,0.909,-1,-1,-1
480,17,156.13,365.67,85.02,228.27,0.823,-1,-1,-1
480,19,15.80,374.53,320.96,232.21,0.911,-1,-1,-1
480,20,753.37,401.48,65.69,244.66,0.908,-1,-1,-1
480,23,16.09,367.73,52.35,64.90,0.633,-1,-1,-1
480,24,-25.81,324.54,100.11,113.12,0.842,-1,-1,-1
481,10,477.29,405.10,68.19,246.46,0.903,-1,-1,-1
481,17,158.21,366.10,84.98,227.99,0.838,-1,-1,-1
481,19,15.78,376.51,322.58,231.61,0.885,-1,-1,-1
481,20,756.46,400.82,65.79,244.67,0.908,-1,-1,-1
481,23,16.17,369.49,52.16,64.06,0.640,-1,-1,-1
481,24,-26.96,325.30,98.95,114.38,0.859,-1,-1,-1
482,10,473.47,404.53,68.25,246.58,0.904,-1,-1,-1
482,17,160.48,366.40,84.63,227.39,0.844,-1,-1,-1
482,19,16.31,377.06,324.96,231.39,0.888,-1,-1,-1
482,20,760.09,400.58,65.79,244.18,0.906,-1,-1,-1
482,23,16.16,370.64,52.26,63.33,0.733,-1,-1,-1
482,24,-27.14,325.91,96.19,114.24,0.874,-1,-1,-1
483,10,470.29,404.62,68.20,246.39,0.907,-1,-1,-1
483,17,163.50,366.87,84.15,226.35,0.815,-1,-1,-1
483,19,15.84,376.25,328.36,231.90,0.910,-1,-1,-1
483,20,763.29,400.25,65.73,243.58,0.904,-1,-1,-1
483,23,14.38,371.39,52.92,63.09,0.606,-1,-1,-1
484,10,466.63,404.43,68.24,246.69,0.902,-1,-1,-1
484,17,166.14,366.20,84.18,226.68,0.769,-1,-1,-1
484,19,16.04,376.27,330.39,231.35,0.910,-1,-1,-1
484,20,767.12,399.10,65.80,243.52,0.913,-1,-1,-1
484,23,14.20,372.25,52.88,61.97,0.636,-1,-1,-1
485,10,463.39,406.03,68.18,246.57,0.897,-1,-1,-1
485,17,169.61,365.11,84.44,227.03,0.785,-1,-1,-1
485,19,16.32,375.88,333.37,231.45,0.915,-1,-1,-1
485,20,770.04,399.21,66.05,243.82,0.914,-1,-1,-1
485,23,15.48,372.62,52.76,61.00,0.654,-1,-1,-1
485,25,-17.06,325.43,69.10,103.62,0.870,-1,-1,-1
486,10,459.77,406.60,68.32,246.98,0.898,-1,-1,-1
486,17,172.11,364.44,84.70,227.37,0.774,-1,-1,-1
486,19,15.83,375.13,336.39,231.80,0.909,-1,-1,-1
486,20,773.04,399.54,66.16,243.47,0.909,-1,-1,-1
486,23,15.83,373.41,52.55,60.02,0.591,-1,-1,-1
486,25,-19.31,325.84,71.01,107.99,0.872,-1,-1,-1
487,10,455.88,406.88,68.38,247.26,0.896,-1,-1,-1
487,17,174.30,364.17,84.52,226.87,0.857,-1,-1,-1
487,19,15.44,374.55,338.96,231.77,0.919,-1,-1,-1
487,20,776.75,400.32,66.25,243.39,0.898,-1,-1,-1
487,23,16.09,373.74,52.78,59.49,0.606,-1,-1,-1
487,25,-21.02,325.31,71.94,111.41,0.871,-1,-1,-1
488,10,452.33,406.78,68.40,247.55,0.900,-1,-1,-1
488,17,176.69,365.13,84.45,226.38,0.873,-1,-1,-1
488,19,15.93,374.58,341.19,231.34,0.927,-1,-1,-1
488,20,779.93,400.67,66.54,244.35,0.903,-1,-1,-1
488,23,15.66,374.97,53.18,59.33,0.553,-1,-1,-1
488,25,-22.78,324.74,72.93,115.49,0.864,-1,-1,-1
489,10,448.47,406.92,68.32,247.24,0.907,-1,-1,-1
489,17,178.87,365.68,84.43,226.41,0.849,-1,-1,-1
489,19,15.25,373.59,345.27,232.47,0.907,-1,-1,-1
489,20,783.73,401.22,66.56,244.54,0.911,-1,-1,-1
489,23,15.81,375.92,53.30,58.88,0.574,-1,-1,-1
489,25,-24.10,325.19,72.82,118.19,0.838,-1,-1,-1
490,10,445.37,406.90,68.12,246.62,0.902,-1,-1,-1
490,17,181.73,366.44,84.25,225.81,0.790,-1,-1,-1
490,19,36.53,375.08,341.71,231.69,0.920,-1,-1,-1
490,20,787.12,401.36,66.61,244.66,0.910,-1,-1,-1
491,10,441.51,405.43,68.15,246.40,0.907,-1,-1,-1
491,17,184.96,366.60,84.47,226.11,0.776,-1,-1,-1
491,19,47.65,377.01,339.07,231.16,0.919,-1,-1,-1
491,20,790.15,400.94,66.66,244.74,0.910,-1,-1,-1
492,10,437.67,405.00,68.13,246.35,0.907,-1,-1,-1
492,17,187.79,366.74,84.66,226.13,0.815,-1,-1,-1
492,19,61.07,378.23,334.67,229.98,0.877,-1,-1,-1
492,20,793.76,400.81,66.47,243.89,0.905,-1,-1,-1
492,26,-1.15,381.22,97.72,230.17,0.883,-1,-1,-1
492,27,-1.12,341.67,19.15,112.56,0.554,-1,-1,-1
493,10,434.36,404.59,67.94,245.93,0.903,-1,-1,-1
493,17,189.75,365.74,84.86,226.81,0.823,-1,-1,-1
493,19,59.73,378.91,334.67,230.65,0.914,-1,-1,-1
493,20,796.94,400.36,66.40,243.44,0.908,-1,-1,-1
493,26,-1.91,382.10,97.99,231.06,0.883,-1,-1,-1
493,27,-1.92,354.49,17.46,103.00,0.714,-1,-1,-1
494,10,430.80,404.79,67.95,246.25,0.897,-1,-1,-1
494,17,192.04,365.01,84.85,227.09,0.850,-1,-1,-1
494,19,59.55,377.96,335.31,231.90,0.913,-1,-1,-1
494,20,800.58,399.15,66.48,243.44,0.918,-1,-1,-1
494,26,-0.88,382.22,98.30,231.84,0.884,-1,-1,-1
494,27,-2.92,360.47,16.64,98.69,0.539,-1,-1,-1
495,10,427.40,405.34,67.95,246.12,0.892,-1,-1,-1
495,17,194.73,364.85,84.59,226.72,0.853,-1,-1,-1
495,19,60.33,376.87,335.80,232.53,0.867,-1,-1,-1
495,20,803.72,398.87,66.57,243.32,0.913,-1,-1,-1
495,26,-1.28,382.44,98.95,233.64,0.873,-1,-1,-1
496,10,423.83,406.31,68.00,246.12,0.894,-1,-1,-1
496,17,197.27,364.72,84.46,226.60,0.790,-1,-1,-1
496,19,62.21,377.28,334.03,231.62,0.895,-1,-1,-1
496,20,807.02,399.62,66.59,243.06,0.905,-1,-1,-1
496,26,-1.43,381.77,99.36,234.91,0.874,-1,-1,-1
497,10,419.64,406.52,68.27,247.12,0.898,-1,-1,-1
497,17,200.28,364.57,84.50,226.53,0.800,-1,-1,-1
497,19,66.72,376.81,332.97,231.40,0.903,-1,-1,-1
497,20,810.52,400.14,66.74,243.47,0.898,-1,-1,-1
497,26,-1.15,383.23,99.09,234.51,0.889,-1,-1,-1
498,10,416.23,406.91,68.22,246.97,0.903,-1,-1,-1
498,17,203.29,364.39,84.76,226.92,0.818,-1,-1,-1
498,19,69.17,376.09,332.20,230.96,0.894,-1,-1,-1
498,20,813.78,400.01,66.94,244.39,0.907,-1,-1,-1
498,26,-1.16,384.29,99.02,234.67,0.899,-1,-1,-1
499,10,412.54,407.01,68.14,246.77,0.896,-1,-1,-1
499,17,205.41,364.80,84.77,226.88,0.845,-1,-1,-1
499,19,68.42,374.94,332.54,231.09,0.909,-1,-1,-1
499,20,817.51,401.01,66.99,244.60,0.913,-1,-1,-1
499,26,-0.90,386.08,99.05,234.98,0.894,-1,-1,-1
500,10,409.45,407.02,67.97,245.94,0.897,-1,-1,-1
500,17,207.98,366.01,84.54,226.01,0.875,-1,-1,-1
500,19,68.85,375.08,332.98,231.10,0.882,-1,-1,-1
500,20,820.86,401.36,67.03,244.65,0.912,-1,-1,-1
500,26,-0.26,387.57,98.95,234.69,0.897,-1,-1,-1
501,10,405.80,406.35,68.02,246.03,0.899,-1,-1,-1
501,17,209.98,366.65,84.57,225.94,0.851,-1,-1,-1
501,19,71.76,375.23,333.27,231.39,0.911,-1,-1,-1
501,20,823.82,401.60,67.02,244.56,0.910,-1,-1,-1
501,26,-0.61,389.22,99.22,235.63,0.898,-1,-1,-1
502,10,401.88,405.43,68.09,246.21,0.891,-1,-1,-1
502,17,212.27,367.03,84.21,225.49,0.789,-1,-1,-1
502,19,71.97,375.53,334.49,231.93,0.883,-1,-1,-1
502,20,827.48,401.95,66.78,243.56,0.904,-1,-1,-1
502,26,-0.44,391.33,99.45,236.35,0.889,-1,-1,-1
503,10,398.41,405.36,67.79,245.62,0.893,-1,-1,-1
503,17,215.56,366.38,84.36,225.92,0.751,-1,-1,-1
503,19,70.54,376.05,335.65,232.53,0.868,-1,-1,-1
503,20,830.91,400.47,66.82,243.84,0.913,-1,-1,-1
503,26,-0.37,392.59,99.66,236.97,0.881,-1,-1,-1
504,10,395.19,405.06,67.67,245.57,0.887,-1,-1,-1
504,17,218.72,365.21,84.77,226.81,0.748,-1,-1,-1
504,19,68.84,375.66,336.80,233.32,0.851,-1,-1,-1
504,20,834.39,399.36,66.83,243.54,0.915,-1,-1,-1
504,26,-0.43,393.77,99.74,237.41,0.886,-1,-1,-1
505,10,391.87,404.91,67.79,246.10,0.898,-1,-1,-1
505,17,221.20,363.96,84.75,226.85,0.799,-1,-1,-1
505,19,67.80,375.58,336.40,233.18,0.873,-1,-1,-1
505,20,838.30,399.76,66.56,242.42,0.905,-1,-1,-1
505,26,-0.56,393.81,99.84,237.96,0.883,-1,-1,-1
506,10,387.83,405.41,67.94,246.47,0.902,-1,-1,-1
506,17,223.43,363.50,84.53,226.57,0.862,-1,-1,-1
506,19,66.26,375.71,335.31,232.51,0.870,-1,-1,-1
506,20,841.19,399.36,66.73,242.52,0.899,-1,-1,-1
506,26,-1.10,393.90,100.04,239.01,0.873,-1,-1,-1
507,10,383.83,405.80,68.01,246.76,0.898,-1,-1,-1
507,17,225.34,363.75,84.22,225.96,0.872,-1,-1,-1
507,19,64.36,375.15,333.82,231.60,0.806,-1,-1,-1
507,20,844.76,399.31,66.92,243.20,0.907,-1,-1,-1
507,26,-1.07,394.20,99.90,239.15,0.882,-1,-1,-1
508,10,380.62,406.60,67.96,246.76,0.886,-1,-1,-1
508,17,228.17,364.26,84.18,226.27,0.817,-1,-1,-1
508,19,64.91,375.21,332.42,231.09,0.806,-1,-1,-1
508,20,848.07,400.04,66.91,243.39,0.904,-1,-1,-1
508,26,-0.99,395.71,99.61,238.79,0.863,-1,-1,-1
509,10,376.89,407.01,67.84,246.60,0.889,-1,-1,-1
509,17,230.98,364.30,84.47,226.93,0.804,-1,-1,-1
509,19,63.29,374.72,331.40,231.03,0.780,-1,-1,-1
509,20,851.69,400.36,67.05,244.02,0.911,-1,-1,-1
509,26,-0.99,396.27,99.78,239.65,0.873,-1,-1,-1
510,10,373.68,406.38,67.83,246.59,0.893,-1,-1,-1
510,17,234.10,365.01,84.54,226.62,0.828,-1,-1,-1
510,19,60.83,374.19,331.54,231.54,0.787,-1,-1,-1
510,20,854.81,401.07,67.17,244.41,0.909,-1,-1,-1
510,26,-0.90,397.55,99.93,240.42,0.875,-1,-1,-1
511,10,370.07,405.86,67.75,246.28,0.883,-1,-1,-1
511,17,236.45,366.04,84.45,226.03,0.854,-1,-1,-1
511,19,57.63,374.64,331.71,231.83,0.764,-1,-1,-1
511,20,857.80,401.50,67.10,244.32,0.906,-1,-1,-1
511,26,-0.83,399.00,100.40,241.92,0.848,-1,-1,-1
512,10,366.16,405.13,67.66,246.19,0.856,-1,-1,-1
512,17,238.45,366.52,84.26,225.69,0.857,-1,-1,-1
512,19,63.04,375.39,333.91,231.55,0.745,-1,-1,-1
512,20,861.42,401.24,66.96,244.10,0.911,-1,-1,-1
512,26,-0.82,400.26,100.61,242.76,0.853,-1,-1,-1
513,10,363.56,404.81,67.56,245.24,0.879,-1,-1,-1
513,17,240.54,366.23,84.24,225.90,0.856,-1,-1,-1
513,19,55.16,376.05,337.43,231.54,0.741,-1,-1,-1
513,20,864.59,400.75,67.01,244.18,0.908,-1,-1,-1
513,26,-0.84,402.89,100.37,242.59,0.863,-1,-1,-1
514,10,360.89,405.13,67.55,244.46,0.851,-1,-1,-1
514,17,242.64,365.55,84.16,226.26,0.804,-1,-1,-1
514,19,48.67,376.18,339.32,231.68,0.694,-1,-1,-1
514,20,868.25,400.20,67.01,243.73,0.909,-1,-1,-1
514,26,-0.70,404.17,100.44,243.07,0.865,-1,-1,-1
515,10,356.47,404.80,67.73,245.14,0.821,-1,-1,-1
515,17,245.78,365.07,83.99,226.01,0.794,-1,-1,-1
515,19,49.12,376.77,338.87,231.08,0.721,-1,-1,-1
515,20,872.02,400.26,66.70,242.33,0.902,-1,-1,-1
515,26,-0.52,405.30,100.63,243.77,0.872,-1,-1,-1
516,10,354.24,405.48,68.18,245.42,0.662,-1,-1,-1
516,17,248.53,363.97,84.09,226.16,0.796,-1,-1,-1
516,19,50.82,375.62,341.56,231.81,0.713,-1,-1,-1
516,20,875.36,399.82,66.61,242.01,0.899,-1,-1,-1
516,26,-0.37,405.76,100.69,244.08,0.858,-1,-1,-1
517,10,349.06,406.12,68.36,245.99,0.801,-1,-1,-1
517,17,251.09,362.72,84.09,225.97,0.817,-1,-1,-1
517,19,43.04,373.56,346.94,232.56,0.852,-1,-1,-1
517,20,879.06,398.86,66.72,242.75,0.907,-1,-1,-1
518,10,344.95,406.45,68.56,247.05,0.783,-1,-1,-1
518,17,253.44,363.20,83.87,225.65,0.855,-1,-1,-1
518,19,38.24,372.58,349.48,232.51,0.809,-1,-1,-1
518,20,882.10,399.35,66.76,242.90,0.906,-1,-1,-1
519,10,341.03,406.55,68.64,247.39,0.734,-1,-1,-1
519,17,256.01,364.04,83.98,225.79,0.861,-1,-1,-1
519,19,22.51,372.06,348.26,232.73,0.833,-1,-1,-1
519,20,885.79,399.97,66.85,243.30,0.910,-1,-1,-1
520,10,337.61,406.99,68.47,246.85,0.605,-1,-1,-1
520,17,258.09,364.53,83.99,226.17,0.850,-1,-1,-1
520,19,19.74,372.11,347.18,232.42,0.801,-1,-1,-1
520,20,888.87,400.31,67.10,244.10,0.906,-1,-1,-1
521,10,347.63,406.87,71.67,247.04,0.749,-1,-1,-1
521,17,260.03,365.32,83.62,225.97,0.832,-1,-1,-1
521,19,15.66,372.70,344.88,232.18,0.857,-1,-1,-1
521,20,891.72,400.60,67.10,244.16,0.906,-1,-1,-1
522,10,350.18,407.75,73.42,245.86,0.500,-1,-1,-1
522,17,260.93,365.53,82.80,226.02,0.831,-1,-1,-1
522,19,31.05,372.52,349.07,233.10,0.757,-1,-1,-1
522,20,895.23,400.40,67.26,244.71,0.908,-1,-1,-1
523,10,352.11,405.57,76.27,246.51,0.591,-1,-1,-1
523,17,262.27,365.84,81.83,225.91,0.810,-1,-1,-1
523,19,32.01,370.83,353.05,235.50,0.743,-1,-1,-1
523,20,898.39,400.42,67.24,244.33,0.910,-1,-1,-1
524,17,264.08,365.43,80.20,224.87,0.855,-1,-1,-1
524,19,48.59,372.03,356.04,234.69,0.742,-1,-1,-1
524,20,902.33,400.33,67.09,243.58,0.903,-1,-1,-1
525,10,351.48,404.71,79.45,246.33,0.556,-1,-1,-1
525,17,266.14,365.54,78.49,223.61,0.864,-1,-1,-1
525,19,52.07,372.60,357.56,234.54,0.566,-1,-1,-1
525,20,905.97,400.03,66.81,242.49,0.901,-1,-1,-1
526,17,268.34,364.64,77.59,223.89,0.814,-1,-1,-1
526,19,62.69,373.03,360.44,233.59,0.731,-1,-1,-1
526,20,909.64,398.79,66.60,242.11,0.908,-1,-1,-1
527,17,269.55,364.02,76.14,223.51,0.796,-1,-1,-1
527,19,69.52,372.43,366.07,233.25,0.868,-1,-1,-1
527,20,912.71,399.22,66.42,241.68,0.907,-1,-1,-1
528,17,271.15,363.64,74.70,223.56,0.798,-1,-1,-1
528,19,71.93,370.67,372.48,234.19,0.857,-1,-1,-1
528,20,915.89,398.94,66.59,242.23,0.913,-1,-1,-1
528,28,310.38,408.26,68.43,244.02,0.716,-1,-1,-1
529,17,272.91,363.01,74.04,223.58,0.530,-1,-1,-1
529,19,33.36,369.04,366.21,235.26,0.820,-1,-1,-1
529,20,919.59,399.76,66.84,243.16,0.904,-1,-1,-1
529,28,306.16,408.08,69.08,246.44,0.584,-1,-1,-1
530,17,283.39,363.72,58.23,173.15,0.510,-1,-1,-1
530,19,13.62,369.91,354.18,233.67,0.867,-1,-1,-1
530,20,922.76,400.84,66.90,243.30,0.904,-1,-1,-1
530,28,302.04,408.03,69.37,247.52,0.563,-1,-1,-1
531,19,8.11,370.38,343.66,233.00,0.893,-1,-1,-1
531,20,925.87,400.98,66.92,243.66,0.908,-1,-1,-1
531,28,298.67,408.83,68.65,245.01,0.777,-1,-1,-1
532,17,301.15,364.04,41.17,116.70,0.669,-1,-1,-1
532,19,10.80,373.91,330.98,230.23,0.907,-1,-1,-1
532,20,929.17,400.67,67.17,244.42,0.914,-1,-1,-1
532,28,295.00,408.08,68.88,246.01,0.761,-1,-1,-1
533,17,308.09,364.28,35.70,97.07,0.570,-1,-1,-1
533,19,13.89,374.17,323.66,230.76,0.907,-1,-1,-1
533,20,932.64,400.75,67.14,243.96,0.908,-1,-1,-1
533,28,291.25,407.82,68.53,244.90,0.749,-1,-1,-1
534,17,311.85,364.28,34.80,90.71,0.606,-1,-1,-1
534,19,17.57,373.31,318.40,232.10,0.894,-1,-1,-1
534,20,936.25,400.54,67.11,243.28,0.899,-1,-1,-1
534,28,287.93,406.60,68.37,244.54,0.573,-1,-1,-1
535,19,23.13,373.41,312.06,232.31,0.903,-1,-1,-1
535,20,939.58,399.28,67.13,243.15,0.902,-1,-1,-1
535,28,296.60,385.44,66.00,234.61,0.574,-1,-1,-1
536,19,28.57,373.74,305.18,231.64,0.901,-1,-1,-1
536,20,943.32,398.67,66.75,242.23,0.908,-1,-1,-1
536,28,286.89,394.57,67.15,238.73,0.616,-1,-1,-1
537,19,32.62,372.94,300.16,232.03,0.883,-1,-1,-1
537,20,946.77,398.70,66.47,241.50,0.906,-1,-1,-1
537,28,280.16,399.43,67.63,240.55,0.535,-1,-1,-1
538,19,38.25,373.36,294.13,231.00,0.868,-1,-1,-1
538,20,950.51,399.25,66.54,241.89,0.904,-1,-1,-1
538,28,274.62,403.56,68.28,243.17,0.676,-1,-1,-1
538,29,310.05,362.36,77.28,220.54,0.849,-1,-1,-1
538,30,67.75,372.27,430.26,233.28,0.686,-1,-1,-1
539,19,43.29,373.21,288.98,230.21,0.858,-1,-1,-1
539,20,953.69,399.36,66.89,242.92,0.903,-1,-1,-1
539,28,269.75,405.41,68.66,244.82,0.691,-1,-1,-1
539,29,312.85,362.46,77.63,221.47,0.842,-1,-1,-1
539,30,71.88,371.43,429.82,233.04,0.680,-1,-1,-1
540,19,46.74,371.52,287.82,231.03,0.638,-1,-1,-1
540,20,956.84,400.15,66.97,243.32,0.903,-1,-1,-1
540,28,266.05,406.78,68.91,245.96,0.787,-1,-1,-1
540,29,315.97,362.70,78.23,222.93,0.788,-1,-1,-1
540,30,65.80,367.03,450.56,244.62,0.691,-1,-1,-1
541,19,51.99,371.48,285.39,230.48,0.609,-1,-1,-1
541,20,959.70,400.74,67.13,243.99,0.911,-1,-1,-1
541,28,262.38,406.99,68.94,246.49,0.825,-1,-1,-1
541,29,318.31,363.50,78.77,224.13,0.810,-1,-1,-1
541,30,72.06,367.91,441.49,239.76,0.737,-1,-1,-1
542,19,55.81,370.16,285.74,232.24,0.581,-1,-1,-1
542,20,963.13,400.69,67.32,244.55,0.906,-1,-1,-1
542,28,258.14,406.22,68.88,246.88,0.829,-1,-1,-1
542,29,319.93,364.32,79.28,225.10,0.827,-1,-1,-1
542,30,73.99,366.75,443.61,241.13,0.753,-1,-1,-1
543,20,966.68,400.96,67.13,243.67,0.898,-1,-1,-1
543,28,255.15,406.49,68.47,245.52,0.639,-1,-1,-1
543,29,321.35,364.55,79.75,225.78,0.847,-1,-1,-1
543,30,76.80,364.15,443.82,241.50,0.694,-1,-1,-1
544,20,970.27,400.25,67.18,243.84,0.890,-1,-1,-1
544,28,251.64,406.10,68.30,245.36,0.686,-1,-1,-1
544,29,323.61,365.39,80.01,225.83,0.862,-1,-1,-1
544,30,61.88,361.39,476.56,261.01,0.845,-1,-1,-1
545,20,973.79,398.97,67.04,243.56,0.905,-1,-1,-1
545,28,247.86,406.23,67.89,244.47,0.821,-1,-1,-1
545,29,326.06,365.20,80.22,226.02,0.837,-1,-1,-1
545,30,69.51,359.93,466.92,256.26,0.778,-1,-1,-1
546,20,977.54,398.82,66.57,242.09,0.905,-1,-1,-1
546,28,244.66,406.46,67.53,243.54,0.716,-1,-1,-1
546,29,329.17,364.05,80.43,225.88,0.799,-1,-1,-1
546,30,113.39,365.24,449.61,249.26,0.616,-1,-1,-1
547,20,980.72,398.79,66.43,241.61,0.909,-1,-1,-1
547,28,240.36,406.91,67.49,243.39,0.792,-1,-1,-1
547,29,331.50,362.76,80.55,225.36,0.800,-1,-1,-1
547,30,148.94,369.81,428.33,240.01,0.648,-1,-1,-1
548,20,984.50,398.91,66.39,241.54,0.907,-1,-1,-1
548,28,236.98,406.95,67.66,244.10,0.853,-1,-1,-1
548,29,334.06,361.96,80.79,225.29,0.846,-1,-1,-1
548,30,172.80,372.01,413.24,234.51,0.695,-1,-1,-1
549,20,987.79,398.78,66.65,242.54,0.911,-1,-1,-1
549,28,233.08,407.39,67.74,244.79,0.848,-1,-1,-1
549,29,336.17,361.87,80.79,224.73,0.846,-1,-1,-1
549,30,186.83,370.01,404.91,233.63,0.764,-1,-1,-1
549,31,96.43,357.89,199.90,244.78,0.867,-1,-1,-1
550,20,990.95,399.15,66.83,243.30,0.914,-1,-1,-1
550,28,229.92,407.26,68.04,246.34,0.878,-1,-1,-1
550,29,338.39,362.59,80.93,224.38,0.853,-1,-1,-1
550,30,200.64,371.99,389.95,230.24,0.882,-1,-1,-1
550,31,99.34,357.23,200.15,245.22,0.862,-1,-1,-1
551,20,993.70,399.85,67.02,243.80,0.915,-1,-1,-1
551,28,226.14,408.15,67.83,245.83,0.849,-1,-1,-1
551,29,340.47,363.23,81.39,224.88,0.826,-1,-1,-1
551,30,171.41,366.28,397.02,234.09,0.549,-1,-1,-1
552,20,997.55,401.14,66.95,243.37,0.908,-1,-1,-1
552,28,222.52,408.59,67.50,244.96,0.832,-1,-1,-1
552,29,343.13,363.78,81.90,225.71,0.793,-1,-1,-1
552,30,188.92,364.55,395.00,236.61,0.734,-1,-1,-1
552,31,102.57,357.30,199.63,244.75,0.531,-1,-1,-1
553,20,1000.62,401.63,67.08,243.54,0.901,-1,-1,-1
553,28,218.79,407.09,67.61,245.70,0.799,-1,-1,-1
553,29,346.07,364.16,82.42,226.38,0.821,-1,-1,-1
553,30,203.27,366.25,387.05,235.77,0.768,-1,-1,-1
553,31,106.56,357.18,200.16,245.47,0.593,-1,-1,-1
554,20,1004.42,400.80,67.09,243.60,0.910,-1,-1,-1
554,28,215.20,405.57,67.48,245.53,0.857,-1,-1,-1
554,29,348.53,364.38,82.83,226.73,0.815,-1,-1,-1
554,30,174.79,362.66,395.02,240.09,0.532,-1,-1,-1
555,20,1007.96,400.10,67.03,243.46,0.910,-1,-1,-1
555,28,211.78,405.84,67.13,244.35,0.767,-1,-1,-1
555,29,350.86,364.08,82.90,226.55,0.852,-1,-1,-1
555,30,154.78,360.11,400.59,242.97,0.515,-1,-1,-1
555,31,113.38,358.21,199.45,244.50,0.516,-1,-1,-1
556,20,1011.52,399.32,66.63,242.10,0.910,-1,-1,-1
556,28,208.81,406.07,66.86,243.40,0.754,-1,-1,-1
556,29,353.44,364.17,82.99,226.00,0.841,-1,-1,-1
556,30,199.18,369.93,379.25,234.97,0.877,-1,-1,-1
556,31,114.73,358.82,199.90,245.10,0.772,-1,-1,-1
557,20,1014.79,398.93,66.57,241.95,0.906,-1,-1,-1
557,28,205.18,405.43,66.59,242.82,0.819,-1,-1,-1
557,29,355.91,363.62,82.87,225.35,0.815,-1,-1,-1
557,30,214.54,372.75,368.30,231.69,0.837,-1,-1,-1
557,31,118.42,359.10,199.45,244.50,0.713,-1,-1,-1
558,20,1018.42,399.10,66.42,241.45,0.908,-1,-1,-1
558,28,201.01,405.04,66.88,244.25,0.824,-1,-1,-1
558,29,358.84,362.63,82.89,225.14,0.800,-1,-1,-1
558,30,220.43,371.42,365.91,232.40,0.665,-1,-1,-1
558,31,121.61,358.11,200.02,245.24,0.685,-1,-1,-1
559,20,1021.59,398.88,66.38,241.51,0.914,-1,-1,-1
559,28,197.31,405.80,66.99,244.81,0.760,-1,-1,-1
559,29,361.30,361.57,82.80,224.70,0.765,-1,-1,-1
559,30,220.80,367.15,367.97,235.49,0.591,-1,-1,-1
559,31,123.86,356.80,200.20,245.54,0.700,-1,-1,-1
560,20,1024.73,398.66,66.72,242.54,0.915,-1,-1,-1
560,29,364.49,361.88,82.61,223.49,0.839,-1,-1,-1
560,30,221.12,369.91,359.34,231.02,0.719,-1,-1,-1
561,20,1027.63,399.25,66.97,243.14,0.916,-1,-1,-1
561,29,366.55,362.56,82.62,223.24,0.858,-1,-1,-1
561,30,208.58,371.13,357.63,229.33,0.753,-1,-1,-1
562,20,1031.35,400.24,67.06,243.24,0.896,-1,-1,-1
562,29,368.58,363.01,83.06,224.15,0.847,-1,-1,-1
562,30,211.41,370.96,356.52,229.30,0.738,-1,-1,-1
563,20,1034.77,400.01,67.15,243.80,0.895,-1,-1,-1
563,29,371.00,363.60,83.56,225.16,0.830,-1,-1,-1
563,30,217.44,371.71,354.67,229.31,0.863,-1,-1,-1
564,20,1038.62,400.11,67.11,244.12,0.904,-1,-1,-1
564,29,374.30,363.89,83.95,225.73,0.776,-1,-1,-1
564,30,217.99,371.61,355.50,230.61,0.869,-1,-1,-1
565,20,1041.90,399.89,67.02,243.76,0.903,-1,-1,-1
565,29,376.64,363.72,84.20,226.31,0.778,-1,-1,-1
565,30,216.43,371.46,357.80,232.22,0.809,-1,-1,-1
565,32,134.94,403.66,112.96,248.00,0.752,-1,-1,-1
566,20,1045.46,399.81,66.73,242.76,0.905,-1,-1,-1
566,29,379.39,363.59,84.15,225.69,0.743,-1,-1,-1
566,30,217.25,371.45,358.81,232.96,0.820,-1,-1,-1
566,32,134.83,403.19,112.35,247.21,0.705,-1,-1,-1
567,20,1048.83,399.36,66.51,242.05,0.903,-1,-1,-1
567,29,381.93,362.57,83.52,224.13,0.812,-1,-1,-1
567,30,215.30,371.35,359.74,233.20,0.816,-1,-1,-1
567,32,135.45,404.58,111.28,246.18,0.820,-1,-1,-1
568,20,1052.29,398.44,66.37,241.82,0.911,-1,-1,-1
568,29,384.32,361.64,83.48,223.93,0.826,-1,-1,-1
568,30,214.98,371.01,360.33,233.31,0.764,-1,-1,-1
568,32,135.40,404.02,110.81,247.07,0.823,-1,-1,-1
569,20,1055.36,398.43,66.41,242.02,0.918,-1,-1,-1
569,29,386.73,361.84,83.15,222.82,0.849,-1,-1,-1
569,30,214.45,372.56,358.04,230.91,0.875,-1,-1,-1
569,32,137.14,405.21,108.96,246.38,0.861,-1,-1,-1
570,20,1058.85,399.12,66.54,242.32,0.915,-1,-1,-1
570,29,389.70,361.59,83.30,222.92,0.815,-1,-1,-1
570,30,215.29,371.86,358.76,230.41,0.868,-1,-1,-1
570,32,137.83,406.26,106.86,245.92,0.881,-1,-1,-1
571,20,1062.10,399.66,66.75,242.80,0.907,-1,-1,-1
571,29,392.36,361.16,83.57,223.15,0.784,-1,-1,-1
571,30,215.07,370.56,360.38,230.46,0.878,-1,-1,-1
571,32,136.11,406.35,104.97,246.31,0.897,-1,-1,-1
572,20,1065.51,400.34,66.93,243.34,0.892,-1,-1,-1
572,29,394.74,361.40,83.89,223.40,0.831,-1,-1,-1
572,30,214.48,370.10,362.28,230.33,0.884,-1,-1,-1
572,32,133.99,406.40,102.90,246.25,0.889,-1,-1,-1
573,20,1068.76,400.23,67.04,243.71,0.907,-1,-1,-1
573,29,397.15,362.45,84.13,224.09,0.845,-1,-1,-1
573,30,212.17,369.58,366.27,231.37,0.891,-1,-1,-1
573,32,131.90,406.23,100.79,246.09,0.882,-1,-1,-1
574,20,1072.55,400.46,67.00,243.61,0.906,-1,-1,-1
574,29,399.35,362.72,84.44,225.03,0.852,-1,-1,-1
574,30,208.65,370.05,369.92,231.94,0.903,-1,-1,-1
574,32,128.90,405.24,98.83,246.63,0.899,-1,-1,-1
575,20,1075.89,400.03,66.92,243.26,0.909,-1,-1,-1
575,29,401.60,362.84,84.53,225.31,0.840,-1,-1,-1
575,30,205.39,370.79,374.07,232.38,0.905,-1,-1,-1
575,32,126.13,405.09,96.60,245.96,0.885,-1,-1,-1
576,20,1079.12,399.27,66.89,243.08,0.905,-1,-1,-1
576,29,403.76,363.10,84.30,224.81,0.777,-1,-1,-1
576,30,202.08,370.43,378.73,233.19,0.902,-1,-1,-1
576,32,123.98,404.53,94.42,245.15,0.890,-1,-1,-1
577,20,1082.49,399.04,66.56,242.08,0.907,-1,-1,-1
577,29,407.39,361.90,84.36,224.82,0.770,-1,-1,-1
577,30,200.02,370.33,382.60,233.50,0.894,-1,-1,-1
577,32,121.24,404.16,92.47,244.90,0.892,-1,-1,-1
578,20,1086.19,398.29,66.37,241.69,0.917,-1,-1,-1
578,29,410.38,360.71,84.25,224.04,0.784,-1,-1,-1
578,30,199.13,370.80,385.68,233.46,0.884,-1,-1,-1
578,32,117.97,404.32,90.82,245.22,0.898,-1,-1,-1
579,20,1089.44,397.97,66.30,241.43,0.918,-1,-1,-1
579,29,412.86,360.99,83.69,222.55,0.816,-1,-1,-1
579,30,198.56,371.46,387.70,232.35,0.903,-1,-1,-1
579,32,114.60,404.44,89.34,245.63,0.891,-1,-1,-1
580,20,1093.28,398.43,66.34,241.44,0.909,-1,-1,-1
580,29,415.47,361.15,83.43,221.91,0.797,-1,-1,-1
580,30,198.54,370.02,389.20,231.39,0.883,-1,-1,-1
580,32,112.25,405.40,87.80,245.75,0.895,-1,-1,-1
581,20,1096.38,399.50,66.42,241.49,0.901,-1,-1,-1
581,29,417.49,361.33,83.28,221.56,0.813,-1,-1,-1
581,30,199.91,369.75,390.40,230.21,0.875,-1,-1,-1
581,32,109.17,406.12,86.40,245.97,0.900,-1,-1,-1
582,20,1099.58,399.53,66.82,242.73,0.900,-1,-1,-1
582,29,420.02,361.22,83.56,222.09,0.770,-1,-1,-1
582,30,200.45,367.51,395.46,231.77,0.891,-1,-1,-1
582,32,105.94,406.38,85.06,246.14,0.903,-1,-1,-1
583,20,1102.99,399.93,66.89,243.41,0.908,-1,-1,-1
583,29,422.68,361.83,83.98,222.64,0.786,-1,-1,-1
583,30,200.72,365.99,399.61,232.99,0.881,-1,-1,-1
583,32,103.50,406.60,83.73,246.29,0.904,-1,-1,-1
584,20,1106.64,400.23,66.91,243.46,0.908,-1,-1,-1
584,29,425.73,362.45,84.23,222.94,0.814,-1,-1,-1
584,30,203.15,367.25,400.60,232.10,0.902,-1,-1,-1
584,32,100.37,406.02,82.45,246.07,0.896,-1,-1,-1
585,20,1110.04,399.93,66.97,243.48,0.910,-1,-1,-1
585,29,428.59,363.19,84.19,222.73,0.833,-1,-1,-1
585,30,205.02,368.54,402.80,232.01,0.912,-1,-1,-1
585,32,97.35,405.28,81.46,246.41,0.898,-1,-1,-1
586,20,1113.09,399.21,66.94,243.12,0.906,-1,-1,-1
586,29,430.81,363.42,83.94,222.57,0.836,-1,-1,-1
586,30,204.69,368.04,407.83,234.00,0.884,-1,-1,-1
586,32,94.41,404.91,80.21,245.87,0.902,-1,-1,-1
587,20,1116.33,398.91,66.74,242.57,0.909,-1,-1,-1
587,29,432.84,362.71,84.14,223.16,0.838,-1,-1,-1
587,30,206.36,369.34,409.68,233.98,0.911,-1,-1,-1
587,32,90.92,403.76,79.16,245.85,0.913,-1,-1,-1
588,20,1119.91,398.20,66.56,241.90,0.919,-1,-1,-1
588,29,435.29,362.43,84.05,222.76,0.825,-1,-1,-1
588,30,207.78,368.61,412.19,234.53,0.911,-1,-1,-1
588,32,87.48,403.37,78.14,245.72,0.900,-1,-1,-1
589,20,1123.09,397.99,66.53,241.63,0.915,-1,-1,-1
589,29,438.17,361.59,84.02,222.68,0.801,-1,-1,-1
589,30,210.16,366.57,414.42,235.23,0.904,-1,-1,-1
589,32,84.42,403.83,77.25,245.58,0.909,-1,-1,-1
590,20,1126.87,398.01,66.51,241.36,0.910,-1,-1,-1
590,29,441.54,360.98,83.86,222.00,0.781,-1,-1,-1
590,30,214.85,367.07,412.69,233.34,0.884,-1,-1,-1
590,32,81.35,404.69,76.68,246.14,0.913,-1,-1,-1
591,20,1130.12,398.29,66.57,241.47,0.906,-1,-1,-1
591,29,443.90,360.66,83.86,221.63,0.817,-1,-1,-1
591,30,218.22,368.02,411.11,231.48,0.894,-1,-1,-1
591,32,77.97,405.79,76.09,246.42,0.905,-1,-1,-1
592,20,1133.61,398.19,66.83,242.55,0.907,-1,-1,-1
592,29,446.43,360.99,83.91,221.67,0.835,-1,-1,-1
592,30,219.91,367.94,410.86,230.61,0.877,-1,-1,-1
592,32,74.53,406.45,75.32,246.29,0.910,-1,-1,-1
593,20,1136.87,399.12,66.94,242.96,0.908,-1,-1,-1
593,29,448.37,361.24,84.02,222.00,0.809,-1,-1,-1
593,30,220.48,366.76,413.26,231.49,0.866,-1,-1,-1
593,32,71.51,406.61,74.73,246.14,0.892,-1,-1,-1
594,20,1140.56,399.96,67.05,243.34,0.910,-1,-1,-1
594,29,450.73,361.80,84.41,222.77,0.804,-1,-1,-1
594,30,223.10,367.27,413.66,231.18,0.894,-1,-1,-1
594,32,68.00,406.14,74.27,246.41,0.901,-1,-1,-1
595,20,1143.78,399.86,67.09,243.40,0.908,-1,-1,-1
595,29,453.79,362.54,84.73,223.36,0.789,-1,-1,-1
595,30,224.90,366.95,416.28,232.24,0.889,-1,-1,-1
595,32,64.66,405.48,73.84,246.19,0.906,-1,-1,-1
596,20,1146.91,399.89,67.07,243.42,0.908,-1,-1,-1
596,29,456.79,362.01,85.02,223.79,0.790,-1,-1,-1
596,30,226.21,367.17,418.30,232.99,0.907,-1,-1,-1
596,32,61.44,404.79,73.23,245.87,0.908,-1,-1,-1
597,20,1150.29,398.98,66.78,242.70,0.916,-1,-1,-1
597,29,459.62,362.05,84.76,223.13,0.811,-1,-1,-1
597,30,228.64,368.81,419.34,233.11,0.903,-1,-1,-1
597,32,57.87,404.27,72.58,245.29,0.901,-1,-1,-1
598,20,1153.93,398.22,66.58,242.02,0.917,-1,-1,-1
598,29,461.74,362.03,84.28,222.32,0.839,-1,-1,-1
598,30,230.99,369.83,419.24,232.57,0.906,-1,-1,-1
598,32,54.41,403.74,72.11,245.25,0.906,-1,-1,-1
599,20,1157.50,398.03,66.47,241.61,0.911,-1,-1,-1
599,29,463.95,361.04,84.16,222.15,0.841,-1,-1,-1
599,30,233.09,369.46,419.56,232.36,0.916,-1,-1,-1
599,32,51.30,404.22,71.72,245.31,0.911,-1,-1,-1
600,20,1161.23,397.90,66.48,241.40,0.906,-1,-1,-1
600,29,466.60,360.00,84.10,221.99,0.766,-1,-1,-1
600,30,236.77,369.03,419.13,231.68,0.916,-1,-1,-1
600,32,47.93,404.25,71.67,246.22,0.907,-1,-1,-1
