seq,frame,gt_id,old_hid,new_hid,prev_frame,gap,min_vis,crowd_iou,other_gt,speed,transfer,app_sim,new_track,occlusion,long_occlusion,fast_motion,similar_appearance,primary
MOT17-02-FRCNN,55,2,2,3,54,0,0.51813,0.0,8,0.009091752146724315,True,0.6057270765304565,False,False,False,False,False,other (detector jitter / missed det)
MOT17-02-FRCNN,56,2,3,2,55,0,0.49749,0.0,-1,0.009091752146724315,False,,False,True,False,False,False,occlusion
MOT17-02-FRCNN,87,23,14,21,16,70,0.0,0.669787671026005,19,0.00381581566126244,False,0.8816853761672974,True,True,True,False,False,long occlusion (> buffer)
MOT17-02-FRCNN,102,17,12,22,33,68,0.55963,0.29180642069956875,10,0.0,False,0.23741233348846436,True,True,True,False,False,long occlusion (> buffer)
MOT17-02-FRCNN,145,26,10,20,21,123,0.0,0.7864693446088795,29,0.010647942749999,True,0.6547081470489502,False,True,True,False,False,long occlusion (> buffer)
MOT17-02-FRCNN,157,23,21,27,110,46,0.0,0.6894224279240189,19,0.007389883353033021,False,0.900658905506134,True,True,True,False,False,long occlusion (> buffer)
MOT17-02-FRCNN,181,36,14,29,67,113,0.0,0.3231792717086835,57,0.004777748521530727,False,0.5796245336532593,True,True,True,False,False,long occlusion (> buffer)
MOT17-02-FRCNN,190,36,29,27,189,0,0.91228,0.18250224618149147,23,0.004447212460292752,True,0.5697084665298462,False,False,False,False,False,other (detector jitter / missed det)
MOT17-02-FRCNN,191,36,27,29,190,0,1.0,0.18136160714285715,57,0.0069014443749993515,False,0.5253598690032959,False,False,False,False,False,other (detector jitter / missed det)
MOT17-02-FRCNN,235,23,27,32,177,57,0.0,0.5482797903850536,19,0.007007790933523294,False,0.7686768770217896,True,True,True,False,False,long occlusion (> buffer)
MOT17-02-FRCNN,250,40,30,8,217,32,0.070378,0.6589972527472527,14,0.017391304347826087,True,0.5473337769508362,False,True,True,False,False,long occlusion (> buffer)
MOT17-02-FRCNN,253,20,9,26,252,0,1.0,0.5956221198156681,39,0.03407591359778384,True,0.6187035441398621,False,True,False,False,False,occlusion
MOT17-02-FRCNN,254,20,26,9,253,0,1.0,0.6320966982366176,37,0.009785093937204998,False,0.9487907290458679,False,True,False,False,False,occlusion
MOT17-02-FRCNN,255,20,9,26,254,0,1.0,0.6561154398195612,39,0.009785093937204998,True,0.652314305305481,False,True,False,False,False,occlusion
MOT17-02-FRCNN,256,20,26,9,255,0,1.0,0.664735698769008,37,0.010994948334980428,False,0.959272563457489,False,True,False,False,False,occlusion
MOT17-02-FRCNN,259,39,26,39,229,29,0.0,0.15133149678604224,37,0.019230769230769232,False,0.48315417766571045,True,True,False,False,False,occlusion
MOT17-02-FRCNN,280,39,39,41,272,7,0.34043,0.0,-1,0.02403846153846154,False,,True,True,False,False,False,occlusion
MOT17-02-FRCNN,280,36,29,38,279,0,1.0,0.04049877437919642,42,0.023459546989993307,False,0.574566125869751,True,False,False,False,False,other (detector jitter / missed det)
MOT17-02-FRCNN,281,36,38,29,280,0,1.0,0.06631644647872673,42,0.028667538173074228,False,0.5147383213043213,False,False,False,False,False,other (detector jitter / missed det)
MOT17-02-FRCNN,282,36,29,38,281,0,1.0,0.06631644647872673,42,0.028667538173074228,False,0.5341577529907227,False,False,False,False,False,other (detector jitter / missed det)
MOT17-02-FRCNN,283,36,38,29,282,0,1.0,0.06075787454031871,42,0.028667538173074228,False,0.43535715341567993,False,False,False,False,False,other (detector jitter / missed det)
MOT17-02-FRCNN,284,36,29,38,283,0,1.0,0.06075787454031871,42,0.005675299435278654,False,0.5463962554931641,False,False,False,False,False,other (detector jitter / missed det)
MOT17-02-FRCNN,284,38,36,9,283,0,0.034897,0.6003664859066802,20,0.04559815625247246,True,0.8653392791748047,False,True,False,False,True,occlusion + similar appearance
MOT17-02-FRCNN,285,36,38,29,284,0,1.0,0.05334485178986016,42,0.005675299435278654,False,0.4499400556087494,False,False,False,False,False,other (detector jitter / missed det)
MOT17-02-FRCNN,286,20,9,25,282,3,1.0,0.6003664859066802,37,0.02832644374873659,True,0.8397760391235352,False,True,False,False,False,occlusion
MOT17-02-FRCNN,288,20,25,36,287,0,1.0,0.47362661187912325,38,0.02830188679245283,True,0.7205770015716553,False,True,False,False,False,occlusion
MOT17-02-FRCNN,289,20,36,25,288,0,1.0,0.49389343712253386,37,0.02825979329285721,True,0.8438220024108887,False,True,False,False,False,occlusion
MOT17-02-FRCNN,290,20,25,36,289,0,1.0,0.5079691424791497,38,0.023461425076747894,True,0.6824629306793213,False,True,False,False,False,occlusion
MOT17-02-FRCNN,291,20,36,25,290,0,1.0,0.5251612362844459,37,0.023461425076747894,True,0.8709157705307007,False,True,False,False,True,occlusion + similar appearance
MOT17-02-FRCNN,292,20,25,36,291,0,1.0,0.5268354661639775,38,0.023299249327369452,True,0.6823598146438599,False,True,False,False,False,occlusion
MOT17-02-FRCNN,292,59,24,42,198,93,0.096774,0.5555555555555556,58,0.0,False,0.8616552948951721,True,True,True,False,False,long occlusion (> buffer)
MOT17-02-FRCNN,293,20,36,25,292,0,1.0,0.5278685278685279,37,0.02313930024731886,True,0.896108865737915,False,True,False,False,True,occlusion + similar appearance
MOT17-02-FRCNN,293,36,29,38,292,0,1.0,0.07469811850603764,42,0.012684128143265633,False,0.3445805311203003,False,False,False,False,False,other (detector jitter / missed det)
MOT17-02-FRCNN,294,36,38,29,293,0,1.0,0.08713722680042996,42,0.01741642318193467,False,0.4081228971481323,False,False,False,False,False,other (detector jitter / missed det)
MOT17-02-FRCNN,294,20,25,36,293,0,1.0,0.5278685278685279,38,0.00964386240699846,True,0.7396379113197327,False,True,False,False,False,occlusion
MOT17-02-FRCNN,295,20,36,25,294,0,1.0,0.5248238517745303,37,0.012299956589295391,True,0.889447033405304,False,True,False,False,True,occlusion + similar appearance
MOT17-02-FRCNN,296,36,29,38,295,0,1.0,0.1073845467390496,42,0.01741642318193467,False,0.3430064022541046,False,False,False,False,False,other (detector jitter / missed det)
MOT17-02-FRCNN,297,36,38,29,296,0,1.0,0.12192513368983957,42,0.01775636558361102,False,0.3354412317276001,False,False,False,False,False,other (detector jitter / missed det)
MOT17-02-FRCNN,298,36,29,38,297,0,1.0,0.13095594845669764,42,0.01775636558361102,False,0.40172526240348816,False,False,False,False,False,other (detector jitter / missed det)
MOT17-02-FRCNN,299,36,38,29,298,0,1.0,0.14533686378346572,42,0.01775636558361102,False,0.5477204918861389,False,False,False,False,False,other (detector jitter / missed det)
MOT17-02-FRCNN,301,38,9,36,300,0,1.0,0.18641114982578397,20,0.029820980433142318,True,0.7029643058776855,False,False,False,False,False,other (detector jitter / missed det)
MOT17-02-FRCNN,302,38,36,9,301,0,1.0,0.212004662004662,20,0.029820980433142318,True,0.6529369354248047,False,False,False,False,False,other (detector jitter / missed det)
MOT17-02-FRCNN,303,38,9,36,302,0,1.0,0.212004662004662,20,0.032240790796633674,True,0.6933475732803345,False,False,False,False,False,other (detector jitter / missed det)
MOT17-02-FRCNN,304,38,36,9,303,0,1.0,0.20062017739958174,20,0.032240790796633674,True,0.6163137555122375,False,False,False,False,False,other (detector jitter / missed det)
MOT17-02-FRCNN,304,37,25,44,285,18,0.12439,0.7622571692876966,38,0.02864366347547195,False,0.5527222156524658,True,True,False,False,False,occlusion
MOT17-02-FRCNN,307,29,20,28,142,164,0.12245,0.8117106773823192,28,0.0,True,0.7607239484786987,False,True,True,False,False,long occlusion (> buffer)
MOT17-02-FRCNN,307,38,9,36,306,0,1.0,0.15825189223675434,20,0.032820661134702625,True,0.6439197063446045,False,False,False,False,False,other (detector jitter / missed det)
MOT17-02-FRCNN,308,38,36,9,307,0,1.0,0.13230471480027955,20,0.029877576997229423,True,0.6730144619941711,False,False,False,False,False,other (detector jitter / missed det)
MOT17-02-FRCNN,309,38,9,36,308,0,1.0,0.11300258995700169,20,0.025519397904760363,True,0.6765115261077881,False,False,False,False,False,other (detector jitter / missed det)
MOT17-02-FRCNN,310,38,36,9,309,0,1.0,0.09351379440665154,20,0.030814438629118035,True,0.6488665342330933,False,False,False,False,False,other (detector jitter / missed det)
MOT17-02-FRCNN,311,38,9,36,310,0,1.0,0.062325670866596135,20,0.030814438629118035,True,0.64247727394104,False,False,False,False,False,other (detector jitter / missed det)
MOT17-02-FRCNN,314,38,36,9,313,0,1.0,0.0,20,0.03564360666892313,True,0.6444854736328125,False,False,False,False,False,other (detector jitter / missed det)
MOT17-02-FRCNN,315,38,9,36,314,0,1.0,0.0,20,0.03564360666892313,True,0.6000069975852966,False,False,False,False,False,other (detector jitter / missed det)
MOT17-02-FRCNN,316,38,36,9,315,0,1.0,0.0,20,0.03201012474798196,True,0.5376352071762085,False,False,False,False,False,other (detector jitter / missed det)
MOT17-02-FRCNN,317,38,9,36,316,0,1.0,0.0,20,0.03201012474798196,True,0.6081802248954773,False,False,False,False,False,other (detector jitter / missed det)
MOT17-02-FRCNN,318,38,36,9,317,0,1.0,0.0,20,0.019169246291702198,True,0.6068472266197205,False,False,False,False,False,other (detector jitter / missed det)
MOT17-02-FRCNN,319,38,9,36,318,0,1.0,0.0,20,0.02688825449735287,True,0.5858494639396667,False,False,False,False,False,other (detector jitter / missed det)
MOT17-02-FRCNN,320,38,36,9,319,0,0.88235,0.04979168783660197,20,0.027200908619415116,True,0.5658865571022034,False,False,False,False,False,other (detector jitter / missed det)
MOT17-02-FRCNN,321,38,9,36,320,0,0.78571,0.09324124321657622,20,0.027520919309055293,True,0.5216593146324158,False,False,False,False,False,other (detector jitter / missed det)
MOT17-02-FRCNN,322,38,36,9,321,0,0.70492,0.1350221822156497,20,0.027888446215139442,True,0.5745643377304077,False,False,False,False,False,other (detector jitter / missed det)
MOT17-02-FRCNN,323,38,9,36,322,0,0.69492,0.14295676429567644,20,0.027888446215139442,True,0.5653930902481079,False,False,False,False,False,other (detector jitter / missed det)
MOT17-02-FRCNN,324,38,36,9,323,0,0.69298,0.1432273905333515,20,0.027888446215139442,True,0.5774392485618591,False,False,False,False,False,other (detector jitter / missed det)
MOT17-02-FRCNN,325,38,9,36,324,0,0.69091,0.14355324966697047,20,0.005905511811023622,True,0.5386861562728882,False,False,False,False,False,other (detector jitter / missed det)
MOT17-02-FRCNN,329,38,36,8,326,2,0.31034,0.2286204021124803,40,0.03199308630277202,True,0.6232547760009766,False,True,False,False,False,occlusion
MOT17-02-FRCNN,335,37,44,25,334,0,0.59633,0.0,20,0.01434878587196468,True,0.7114078402519226,False,False,False,False,False,other (detector jitter / missed det)
MOT17-02-FRCNN,336,37,25,44,335,0,0.56744,0.0,-1,0.01434878587196468,False,,False,False,False,False,False,other (detector jitter / missed det)
MOT17-02-FRCNN,352,32,43,9,351,0,1.0,0.11442786069651742,38,0.024875621890547265,True,0.5040630102157593,False,False,False,False,False,other (detector jitter / missed det)
MOT17-02-FRCNN,353,32,9,43,352,0,1.0,0.11442786069651742,26,0.02496880847194612,False,0.5810980796813965,False,False,False,False,False,other (detector jitter / missed det)
MOT17-02-FRCNN,354,32,43,9,353,0,1.0,0.10700140405289298,38,0.02631578947368421,True,0.5836102962493896,False,False,False,False,False,other (detector jitter / missed det)
MOT17-02-FRCNN,354,38,8,36,329,24,0.0,0.2719181379518814,20,0.01677444674949428,True,0.5015810132026672,False,True,False,False,False,occlusion
MOT17-02-FRCNN,354,62,23,49,158,195,0.0,0.509090909090909,27,0.0,False,0.1961493343114853,True,True,True,False,False,long occlusion (> buffer)
MOT17-02-FRCNN,355,32,9,43,354,0,1.0,0.0999765037593985,26,0.02631578947368421,False,0.5271860361099243,False,False,False,False,False,other (detector jitter / missed det)
MOT17-02-FRCNN,366,34,9,47,365,0,0.96983,0.046715969832320424,33,0.033105866164085195,False,0.665766716003418,True,False,False,False,False,other (detector jitter / missed det)
MOT17-02-FRCNN,367,34,47,9,366,0,1.0,0.014120317421216546,32,0.03432382554436495,True,0.774092435836792,False,False,False,False,False,other (detector jitter / missed det)
MOT17-02-FRCNN,368,34,9,47,367,0,1.0,0.008840945604773926,33,0.03432382554436495,False,0.66539067029953,False,False,False,False,False,other (detector jitter / missed det)
MOT17-02-FRCNN,369,34,47,9,368,0,1.0,0.0,32,0.034758304348724005,True,0.7709700465202332,False,False,False,False,False,other (detector jitter / missed det)
MOT17-02-FRCNN,370,34,9,47,369,0,1.0,0.0,-1,0.03502431177996424,False,,False,False,False,False,False,other (detector jitter / missed det)
MOT17-02-FRCNN,373,34,47,9,372,0,1.0,0.1721633399687954,32,0.03865979381443299,True,0.8269571661949158,False,False,False,False,False,other (detector jitter / missed det)
MOT17-02-FRCNN,374,34,9,47,373,0,1.0,0.2398809913032106,33,0.0390625,False,0.8445810675621033,False,False,False,False,False,other (detector jitter / missed det)
MOT17-02-FRCNN,375,34,47,9,374,0,1.0,0.2740475151876243,32,0.0390625,True,0.8502311706542969,False,False,False,False,True,similar appearance
MOT17-02-FRCNN,376,34,9,47,375,0,1.0,0.2780049749146254,33,0.0390625,False,0.8586863875389099,False,False,False,False,False,other (detector jitter / missed det)
MOT17-02-FRCNN,376,15,4,51,173,202,0.0,0.929757343550447,67,0.006666666666666667,False,0.12245422601699829,True,True,True,False,False,long occlusion (> buffer)
MOT17-02-FRCNN,377,34,47,9,376,0,1.0,0.2780049749146254,32,0.01978891820580475,True,0.8551168441772461,False,False,False,False,True,similar appearance
MOT17-02-FRCNN,378,34,9,47,377,0,1.0,0.2777535916412712,33,0.020053475935828877,False,0.839126467704773,False,False,False,False,False,other (detector jitter / missed det)
MOT17-02-FRCNN,379,34,47,9,378,0,1.0,0.2777535916412712,32,0.020053475935828877,True,0.8240253329277039,False,False,False,False,False,other (detector jitter / missed det)
MOT17-02-FRCNN,380,34,9,47,379,0,1.0,0.23878119813359222,33,0.020053475935828877,False,0.8131275773048401,False,False,False,False,False,other (detector jitter / missed det)
MOT17-02-FRCNN,381,34,47,9,380,0,1.0,0.2033642350769747,32,0.005586863991351844,True,0.809644877910614,False,False,False,False,False,other (detector jitter / missed det)
MOT17-02-FRCNN,389,35,47,50,388,0,1.0,0.0,-1,0.02084400268653107,False,,True,False,False,False,False,other (detector jitter / missed det)
MOT17-02-FRCNN,390,35,50,47,389,0,1.0,0.0,34,0.02084400268653107,True,0.6461242437362671,False,False,False,False,False,other (detector jitter / missed det)
MOT17-02-FRCNN,391,35,47,50,390,0,1.0,0.0,-1,0.024969191658337875,False,,False,False,False,False,False,other (detector jitter / missed det)
MOT17-02-FRCNN,392,35,50,47,391,0,1.0,0.0,34,0.024969191658337875,True,0.67140793800354,False,False,False,False,False,other (detector jitter / missed det)
MOT17-02-FRCNN,393,58,31,42,271,121,0.0,0.84375,59,0.008771929824561403,True,0.6453061699867249,False,True,True,False,False,long occlusion (> buffer)
MOT17-02-FRCNN,393,35,47,50,392,0,1.0,0.0,-1,0.02503855052405548,False,,False,False,False,False,False,other (detector jitter / missed det)
MOT17-02-FRCNN,395,35,50,47,394,0,1.0,0.0,34,0.02638888888888889,True,0.7366464138031006,False,False,False,False,False,other (detector jitter / missed det)
MOT17-02-FRCNN,396,35,47,50,395,0,1.0,0.0,-1,0.02638888888888889,False,,False,False,False,False,False,other (detector jitter / missed det)
MOT17-02-FRCNN,397,17,22,54,204,192,0.0,0.6796824715726238,76,0.012740662724081938,False,0.8643779754638672,True,True,True,False,False,long occlusion (> buffer)
MOT17-02-FRCNN,397,35,50,47,396,0,1.0,0.0,34,0.0251082957901392,True,0.7531720399856567,False,False,False,False,False,other (detector jitter / missed det)
MOT17-02-FRCNN,398,35,47,50,397,0,1.0,0.0,-1,0.02657304132743079,False,,False,False,False,False,False,other (detector jitter / missed det)
MOT17-02-FRCNN,399,35,50,47,398,0,1.0,0.0,34,0.02657304132743079,True,0.7539078593254089,False,False,False,False,False,other (detector jitter / missed det)
MOT17-02-FRCNN,400,35,47,50,399,0,1.0,0.0,-1,0.02657304132743079,False,,False,False,False,False,False,other (detector jitter / missed det)
MOT17-02-FRCNN,401,35,50,47,400,0,1.0,0.0,34,0.025248958511652587,True,0.7496368885040283,False,False,False,False,False,other (detector jitter / missed det)
MOT17-02-FRCNN,402,35,47,50,401,0,1.0,0.0,-1,0.028124978082164027,False,,False,False,False,False,False,other (detector jitter / missed det)
MOT17-02-FRCNN,403,35,50,47,402,0,1.0,0.0,34,0.028124978082164027,True,0.7758605480194092,False,False,False,False,False,other (detector jitter / missed det)
MOT17-02-FRCNN,404,35,47,50,403,0,1.0,0.0,-1,0.028124978082164027,False,,False,False,False,False,False,other (detector jitter / missed det)
MOT17-02-FRCNN,405,35,50,47,404,0,1.0,0.0,34,0.0231233247103689,True,0.7380700707435608,False,False,False,False,False,other (detector jitter / missed det)
MOT17-02-FRCNN,406,35,47,50,405,0,1.0,0.0,-1,0.0231233247103689,False,,False,False,False,False,False,other (detector jitter / missed det)
MOT17-02-FRCNN,407,35,50,47,406,0,1.0,0.0,34,0.02362811246772298,True,0.7070750594139099,False,False,False,False,False,other (detector jitter / missed det)
MOT17-02-FRCNN,408,35,47,50,407,0,1.0,0.0,-1,0.02362811246772298,False,,False,False,False,False,False,other (detector jitter / missed det)
MOT17-02-FRCNN,410,42,37,51,284,125,0.0,0.8562469850458273,15,0.014333769086537114,True,0.5782515406608582,False,True,True,False,False,long occlusion (> buffer)
MOT17-02-FRCNN,410,35,50,47,409,0,1.0,0.0,34,0.02352430721979726,True,0.712242603302002,False,False,False,False,False,other (detector jitter / missed det)
MOT17-02-FRCNN,411,35,47,50,410,0,1.0,0.0,-1,0.02352430721979726,False,,False,False,False,False,False,other (detector jitter / missed det)
MOT17-02-FRCNN,412,35,50,47,411,0,1.0,0.002338155779628818,34,0.02373005917798791,True,0.7191556096076965,False,False,False,False,False,other (detector jitter / missed det)
MOT17-02-FRCNN,413,35,47,50,412,0,1.0,0.010098277882968172,26,0.02373005917798791,False,0.6348913908004761,False,False,False,False,False,other (detector jitter / missed det)
MOT17-02-FRCNN,414,35,50,47,413,0,1.0,0.022053756030323914,34,0.02517241583621131,True,0.7731274366378784,False,False,False,False,False,other (detector jitter / missed det)
MOT17-02-FRCNN,415,35,47,50,414,0,1.0,0.06182579294799549,26,0.026589611175988122,False,0.6699198484420776,False,False,False,False,False,other (detector jitter / missed det)
MOT17-02-FRCNN,416,35,50,47,415,0,1.0,0.09870174533574069,34,0.02814541063674622,True,0.7638663053512573,False,False,False,False,False,other (detector jitter / missed det)
MOT17-02-FRCNN,418,35,47,50,417,0,0.95281,0.11409395973154363,26,0.02839745909020962,False,0.614922821521759,False,False,False,False,False,other (detector jitter / missed det)
MOT17-02-FRCNN,419,35,50,47,418,0,0.93131,0.10396796505278486,34,0.02839745909020962,True,0.791916012763977,False,False,False,False,False,other (detector jitter / missed det)
MOT17-02-FRCNN,420,35,47,50,419,0,0.90573,0.10119406158098006,26,0.02839745909020962,False,0.4999861717224121,False,False,False,False,False,other (detector jitter / missed det)
MOT17-02-FRCNN,421,35,50,47,420,0,0.90573,0.0983132530120482,34,0.015060240963855422,True,0.788360595703125,False,False,False,False,False,other (detector jitter / missed det)
MOT17-02-FRCNN,422,35,47,50,421,0,0.92428,0.09672708962739174,26,0.016735395480586758,False,0.37356245517730713,False,False,False,False,False,other (detector jitter / missed det)
MOT17-02-FRCNN,423,35,50,47,422,0,0.93665,0.0981571058727347,34,0.016735395480586758,True,0.7575117945671082,False,False,False,False,False,other (detector jitter / missed det)
MOT17-02-FRCNN,424,35,47,50,423,0,0.99455,0.10128651270694927,26,0.016735395480586758,False,0.2831983268260956,False,False,False,False,False,other (detector jitter / missed det)
MOT17-02-FRCNN,424,3,1,55,247,176,0.0,0.7680580762250454,19,0.006959712413253421,False,0.8359301686286926,True,True,True,False,False,long occlusion (> buffer)
MOT17-02-FRCNN,425,35,50,47,424,0,1.0,0.10492489758761948,34,0.011200169060431565,True,0.7386278510093689,False,False,False,False,False,other (detector jitter / missed det)
MOT17-02-FRCNN,427,36,29,55,329,97,0.0,0.7293274531422271,3,0.005778127044012803,True,0.691796064376831,False,True,True,False,False,long occlusion (> buffer)
MOT17-02-FRCNN,428,35,47,50,427,0,1.0,0.13704787044303346,26,0.02808061741015568,False,0.5526136159896851,False,False,False,False,False,other (detector jitter / missed det)
MOT17-02-FRCNN,429,35,50,47,428,0,1.0,0.15660326086956522,34,0.028168369339562415,True,0.7245318293571472,False,False,False,False,False,other (detector jitter / missed det)
MOT17-02-FRCNN,430,35,47,50,429,0,1.0,0.15660326086956522,26,0.02825667143780556,False,0.4954012930393219,False,False,False,False,False,other (detector jitter / missed det)
MOT17-02-FRCNN,435,35,50,47,434,0,1.0,0.12364255604254487,34,0.02378686135818498,True,0.7839512825012207,False,False,False,False,False,other (detector jitter / missed det)
MOT17-02-FRCNN,436,36,55,57,434,1,0.0,0.3114883291682653,3,0.031114166009662197,False,0.5882614850997925,True,True,False,False,False,occlusion
MOT17-02-FRCNN,436,35,47,50,435,0,1.0,0.10803142732431252,27,0.02378686135818498,False,0.4698990285396576,False,False,False,False,False,other (detector jitter / missed det)
MOT17-02-FRCNN,436,33,46,40,435,0,0.81818,0.08883980023050327,43,0.02561253439346387,True,0.492886483669281,False,False,False,False,False,other (detector jitter / missed det)
MOT17-02-FRCNN,437,35,50,47,436,0,0.96799,0.10238272524199553,34,0.02378686135818498,True,0.7878621220588684,False,False,False,False,False,other (detector jitter / missed det)
MOT17-02-FRCNN,437,33,40,46,436,0,0.76623,0.09679715302491103,32,0.025735294117647058,False,0.6970081329345703,False,False,False,False,False,other (detector jitter / missed det)
MOT17-02-FRCNN,438,35,47,50,437,0,0.93702,0.10018214936247723,27,0.023734177215189875,False,0.6524364948272705,False,False,False,False,False,other (detector jitter / missed det)
MOT17-02-FRCNN,439,35,50,47,438,0,0.90005,0.09888021368399424,34,0.01446547146667319,True,0.7589646577835083,False,False,False,False,False,other (detector jitter / missed det)
MOT17-02-FRCNN,440,35,47,50,439,0,0.90005,0.0968529093607708,27,0.01446547146667319,False,0.6427281498908997,False,False,False,False,False,other (detector jitter / missed det)
MOT17-02-FRCNN,441,35,50,47,440,0,0.90702,0.0918243448345644,34,0.01446547146667319,True,0.7988436818122864,False,False,False,False,False,other (detector jitter / missed det)
MOT17-02-FRCNN,442,35,47,50,441,0,0.96876,0.08393742846241893,27,0.008038585209003215,False,0.5945174098014832,False,False,False,False,False,other (detector jitter / missed det)
MOT17-02-FRCNN,443,35,50,47,442,0,1.0,0.07250785924348443,34,0.022008851955882595,True,0.7764163613319397,False,False,False,False,False,other (detector jitter / missed det)
MOT17-02-FRCNN,444,35,47,50,443,0,1.0,0.05500314303674496,54,0.022008851955882595,False,0.5847135782241821,False,False,False,False,False,other (detector jitter / missed det)
MOT17-02-FRCNN,445,35,50,47,444,0,1.0,0.0609770955165692,34,0.02354904780144137,True,0.7364656925201416,False,False,False,False,False,other (detector jitter / missed det)
MOT17-02-FRCNN,446,35,47,50,445,0,1.0,0.0609770955165692,54,0.02354904780144137,False,0.4342982769012451,False,False,False,False,False,other (detector jitter / missed det)
MOT17-02-FRCNN,447,35,50,47,446,0,1.0,0.0645578231292517,34,0.02354904780144137,True,0.612286388874054,False,False,False,False,False,other (detector jitter / missed det)
MOT17-02-FRCNN,448,35,47,50,447,0,1.0,0.0684852421158981,48,0.025390513339633485,False,0.5521358847618103,False,False,False,False,False,other (detector jitter / missed det)
MOT17-02-FRCNN,448,44,35,60,294,153,0.0,0.08949303405572756,33,0.009304036594559837,False,0.27150529623031616,True,True,True,False,False,long occlusion (> buffer)
MOT17-02-FRCNN,449,35,50,47,448,0,1.0,0.0684852421158981,34,0.025390513339633485,True,0.6809099912643433,False,False,False,False,False,other (detector jitter / missed det)
MOT17-02-FRCNN,450,35,47,50,449,0,1.0,0.06726044226044225,48,0.025390513339633485,False,0.4048255681991577,False,False,False,False,False,other (detector jitter / missed det)
MOT17-02-FRCNN,451,35,50,47,450,0,1.0,0.06384839650145772,34,0.023951653323580544,True,0.6503430604934692,False,False,False,False,False,other (detector jitter / missed det)
MOT17-02-FRCNN,451,42,51,58,437,13,0.0,0.6155844155844156,18,0.020014415570685947,False,0.9237402677536011,True,True,False,False,False,occlusion
MOT17-02-FRCNN,453,35,47,50,452,0,0.4359,0.060760879481799104,48,0.023951653323580544,False,0.39734333753585815,False,True,False,False,False,occlusion
MOT17-02-FRCNN,455,35,50,47,454,0,0.0,0.09249743062692703,34,0.015721154753710793,True,0.4014970064163208,False,True,False,False,False,occlusion
MOT17-02-FRCNN,458,34,9,46,452,5,0.0,0.09738559979317477,33,0.020478902344884857,True,0.7282967567443848,False,True,False,False,False,occlusion
MOT17-02-FRCNN,460,17,54,61,398,61,0.0,0.6341056146942183,76,0.010257192557338486,False,0.4234825074672699,True,True,True,False,False,long occlusion (> buffer)
MOT17-02-FRCNN,460,34,46,9,459,0,0.41791,0.05835989073526064,32,0.006131889924258485,True,0.6785612106323242,False,True,False,False,False,occlusion
MOT17-02-FRCNN,461,34,9,46,460,0,0.64748,0.05807298503544237,33,0.020548796209543165,True,0.643363356590271,False,False,False,False,False,other (detector jitter / missed det)
MOT17-02-FRCNN,462,34,46,9,461,0,0.9313,0.06338652482269504,32,0.020548796209543165,True,0.6803287863731384,False,False,False,False,False,other (detector jitter / missed det)
MOT17-02-FRCNN,463,35,47,50,455,7,0.0,0.09903397302904564,16,0.017857142857142856,False,0.5542859435081482,False,True,False,False,False,occlusion
MOT17-02-FRCNN,464,35,50,47,463,0,0.48413,0.0842080434013445,34,0.006484804452273361,True,0.7920905947685242,False,True,False,False,False,occlusion
MOT17-02-FRCNN,465,35,47,50,464,0,0.69919,0.08664259927797834,43,0.006484804452273361,False,0.42323869466781616,False,False,False,False,False,other (detector jitter / missed det)
MOT17-02-FRCNN,467,35,50,47,466,0,1.0,0.10452349582784365,34,0.021739130434782608,True,0.7361732721328735,False,False,False,False,False,other (detector jitter / missed det)
MOT17-02-FRCNN,468,35,47,50,467,0,1.0,0.1153939393939394,43,0.021739130434782608,False,0.3363875150680542,False,False,False,False,False,other (detector jitter / missed det)
MOT17-02-FRCNN,469,35,50,47,468,0,1.0,0.1298181818181818,34,0.02181818181818182,True,0.70969557762146,False,False,False,False,False,other (detector jitter / missed det)
MOT17-02-FRCNN,470,35,47,50,469,0,1.0,0.1309851403412218,43,0.02181818181818182,False,0.3933744430541992,False,False,False,False,False,other (detector jitter / missed det)
MOT17-02-FRCNN,471,35,50,47,470,0,1.0,0.1326644370122631,34,0.02181818181818182,True,0.7481346130371094,False,False,False,False,False,other (detector jitter / missed det)
MOT17-02-FRCNN,472,35,47,50,471,0,1.0,0.13438735177865613,43,0.016304347826086956,False,0.35071247816085815,False,False,False,False,False,other (detector jitter / missed det)
MOT17-02-FRCNN,473,35,50,47,472,0,1.0,0.13615560640732266,34,0.016304347826086956,True,0.6527186036109924,False,False,False,False,False,other (detector jitter / missed det)
MOT17-02-FRCNN,474,35,47,50,473,0,1.0,0.13747292418772564,43,0.016345460538154184,False,0.3876078128814697,False,False,False,False,False,other (detector jitter / missed det)
MOT17-02-FRCNN,475,35,50,47,474,0,1.0,0.13747292418772564,34,0.016345460538154184,True,0.6858683824539185,False,False,False,False,False,other (detector jitter / missed det)
MOT17-02-FRCNN,476,35,47,50,475,0,1.0,0.13438735177865613,43,0.016345460538154184,False,0.37557193636894226,False,False,False,False,False,other (detector jitter / missed det)
MOT17-02-FRCNN,477,35,50,47,476,0,1.0,0.11848750966919962,34,0.014658650451451908,True,0.7149150371551514,False,False,False,False,False,other (detector jitter / missed det)
MOT17-02-FRCNN,478,35,47,50,477,0,1.0,0.10772088087025736,43,0.014766039832048624,False,0.45404186844825745,False,False,False,False,False,other (detector jitter / missed det)
MOT17-02-FRCNN,479,35,50,47,478,0,1.0,0.09360936093609361,34,0.014766039832048624,True,0.7362860441207886,False,False,False,False,False,other (detector jitter / missed det)
MOT17-02-FRCNN,480,35,47,50,479,0,1.0,0.08579088471849866,43,0.014766039832048624,False,0.3549858331680298,False,False,False,False,False,other (detector jitter / missed det)
MOT17-02-FRCNN,481,35,50,47,480,0,1.0,0.07453101233733311,34,0.01122280909649118,True,0.7245985865592957,False,False,False,False,False,other (detector jitter / missed det)
MOT17-02-FRCNN,482,35,47,50,481,0,1.0,0.06343080085581239,43,0.013094570021973102,False,0.4651910364627838,False,False,False,False,False,other (detector jitter / missed det)
MOT17-02-FRCNN,485,35,50,47,484,0,1.0,0.05672239393087946,34,0.01683157088873126,True,0.6843023300170898,False,False,False,False,False,other (detector jitter / missed det)
MOT17-02-FRCNN,485,18,7,64,158,326,0.0,0.8329238329238329,40,0.01020408163265306,False,0.2397405058145523,True,True,True,False,False,long occlusion (> buffer)
MOT17-02-FRCNN,486,17,61,58,476,9,1.0,0.7419590643274854,42,0.009259259259259259,True,0.8346903920173645,False,True,False,False,False,occlusion
MOT17-02-FRCNN,486,35,47,50,485,0,1.0,0.07562795154335775,44,0.01683157088873126,False,0.6557972431182861,False,False,False,False,False,other (detector jitter / missed det)
MOT17-02-FRCNN,487,35,50,47,486,0,1.0,0.08686028773965843,34,0.01683157088873126,True,0.7081542015075684,False,False,False,False,False,other (detector jitter / missed det)
MOT17-02-FRCNN,488,35,47,50,487,0,1.0,0.09838971339301808,38,0.016728624535315983,False,0.5873689651489258,False,False,False,False,False,other (detector jitter / missed det)
MOT17-02-FRCNN,489,35,50,47,488,0,1.0,0.11501316944688324,34,0.016728624535315983,True,0.7106019258499146,False,False,False,False,False,other (detector jitter / missed det)
MOT17-02-FRCNN,490,27,19,65,427,62,0.0,0.7710351861295257,28,0.0,False,0.9587551951408386,True,True,True,False,False,long occlusion (> buffer)
MOT17-02-FRCNN,490,35,47,50,489,0,1.0,0.12486547981428528,38,0.0055762081784386614,False,0.6823615431785583,False,False,False,False,False,other (detector jitter / missed det)
MOT17-02-FRCNN,490,42,58,61,485,4,0.0035842,0.49736842105263157,17,0.02216723454633151,True,0.6826215982437134,False,True,False,False,False,occlusion
MOT17-02-FRCNN,491,35,50,47,490,0,1.0,0.14209563950785634,34,0.005597014925373134,True,0.7406752109527588,False,False,False,False,False,other (detector jitter / missed det)
MOT17-02-FRCNN,492,35,47,50,491,0,1.0,0.15607951338809808,38,0.005921868277468875,False,0.6499474048614502,False,False,False,False,False,other (detector jitter / missed det)
MOT17-02-FRCNN,493,40,8,67,417,75,0.0,0.1163278872056817,36,0.012195121951219513,False,0.5115092396736145,True,True,True,False,False,long occlusion (> buffer)
MOT17-02-FRCNN,493,35,50,47,492,0,1.0,0.16706520006376535,34,0.005921868277468875,True,0.7409641742706299,False,False,False,False,False,other (detector jitter / missed det)
MOT17-02-FRCNN,493,43,40,66,461,31,0.0,0.13747292418772564,35,0.01764705882352941,False,0.5882046818733215,True,True,True,False,False,long occlusion (> buffer)
MOT17-02-FRCNN,494,35,47,50,493,0,1.0,0.18187395066511688,38,0.005921868277468875,False,0.7570837140083313,False,False,False,False,False,other (detector jitter / missed det)
MOT17-02-FRCNN,495,35,50,47,494,0,1.0,0.18187395066511688,34,0.003745318352059925,True,0.7304064631462097,False,False,False,False,False,other (detector jitter / missed det)
MOT17-02-FRCNN,496,35,47,50,495,0,1.0,0.17831215970961886,38,0.004203135296052237,False,0.6814516186714172,False,False,False,False,False,other (detector jitter / missed det)
MOT17-02-FRCNN,499,35,50,47,498,0,1.0,0.21058768656716417,34,0.018656716417910446,True,0.687056839466095,False,False,False,False,False,other (detector jitter / missed det)
MOT17-02-FRCNN,500,35,47,50,499,0,1.0,0.22133257077494994,38,0.018656716417910446,False,0.42093217372894287,False,False,False,False,False,other (detector jitter / missed det)
MOT17-02-FRCNN,501,35,50,47,500,0,1.0,0.23695604635906406,34,0.018656716417910446,True,0.6352341771125793,False,False,False,False,False,other (detector jitter / missed det)
MOT17-02-FRCNN,502,35,47,50,501,0,1.0,0.2540084388185654,38,0.01493010694129361,False,0.5580006837844849,False,False,False,False,False,other (detector jitter / missed det)
MOT17-02-FRCNN,503,35,50,47,502,0,1.0,0.27488584474885847,34,0.01493010694129361,True,0.6180632710456848,False,False,False,False,False,other (detector jitter / missed det)
MOT17-02-FRCNN,504,35,47,50,503,0,1.0,0.27488584474885847,38,0.016666666666666666,False,0.5739849805831909,False,False,False,False,False,other (detector jitter / missed det)
MOT17-02-FRCNN,505,35,50,47,504,0,1.0,0.2427093132643462,34,0.016666666666666666,True,0.6570666432380676,False,False,False,False,False,other (detector jitter / missed det)
MOT17-02-FRCNN,506,35,47,50,505,0,1.0,0.20136228182205193,38,0.016666666666666666,False,0.6484017372131348,False,False,False,False,False,other (detector jitter / missed det)
MOT17-02-FRCNN,507,35,50,47,506,0,1.0,0.1671850699844479,34,0.014985609197580947,True,0.7000982761383057,False,False,False,False,False,other (detector jitter / missed det)
MOT17-02-FRCNN,508,35,47,50,507,0,1.0,0.13893653516295026,38,0.016769231737291515,False,0.6517010927200317,False,False,False,False,False,other (detector jitter / missed det)
MOT17-02-FRCNN,509,35,50,47,508,0,1.0,0.11286089238845144,34,0.016769231737291515,True,0.6914241313934326,False,False,False,False,False,other (detector jitter / missed det)
MOT17-02-FRCNN,509,33,46,58,508,0,0.7981,0.18983700862895495,17,0.026718042644273153,True,0.5827933549880981,False,False,False,False,False,other (detector jitter / missed det)
MOT17-02-FRCNN,510,33,58,46,509,0,0.84656,0.18983700862895495,34,0.026718042644273153,True,0.6842257380485535,False,False,False,False,False,other (detector jitter / missed det)
MOT17-02-FRCNN,510,35,47,50,509,0,1.0,0.09202078874961786,38,0.016769231737291515,False,0.6374028325080872,False,False,False,False,False,other (detector jitter / missed det)
MOT17-02-FRCNN,511,35,50,47,510,0,1.0,0.08412108337758896,34,0.014985609197580947,True,0.6688294410705566,False,False,False,False,False,other (detector jitter / missed det)
MOT17-02-FRCNN,512,35,47,50,511,0,1.0,0.08047824776449312,44,0.018955462875809608,False,0.6407458782196045,False,False,False,False,False,other (detector jitter / missed det)
MOT17-02-FRCNN,513,35,50,47,512,0,1.0,0.07635115813554476,34,0.018955462875809608,True,0.683247447013855,False,False,False,False,False,other (detector jitter / missed det)
MOT17-02-FRCNN,514,35,47,50,513,0,1.0,0.07213720658799118,44,0.018955462875809608,False,0.376799076795578,False,False,False,False,False,other (detector jitter / missed det)
MOT17-02-FRCNN,515,35,50,47,514,0,1.0,0.06484946841983241,34,0.007462686567164179,True,0.6428277492523193,False,False,False,False,False,other (detector jitter / missed det)
MOT17-02-FRCNN,516,35,47,50,515,0,1.0,0.05634225169093393,44,0.007462686567164179,False,0.5064077377319336,False,False,False,False,False,other (detector jitter / missed det)
MOT17-02-FRCNN,520,35,50,47,519,0,1.0,0.02225047679593134,34,0.018653139776128983,True,0.5925469398498535,False,False,False,False,False,other (detector jitter / missed det)
MOT17-02-FRCNN,521,35,47,50,520,0,1.0,0.0,-1,0.018795530156099433,False,,False,False,False,False,False,other (detector jitter / missed det)
MOT17-02-FRCNN,522,35,50,47,521,0,1.0,0.0,34,0.02150065362980567,True,0.5766927599906921,False,False,False,False,False,other (detector jitter / missed det)
MOT17-02-FRCNN,523,35,47,50,522,0,1.0,0.0,-1,0.023076923076923078,False,,False,False,False,False,False,other (detector jitter / missed det)
MOT17-02-FRCNN,524,35,50,47,523,0,1.0,0.0,34,0.023076923076923078,True,0.6139222383499146,False,False,False,False,False,other (detector jitter / missed det)
MOT17-02-FRCNN,525,35,47,50,524,0,1.0,0.0,-1,0.02688825449735287,False,,False,False,False,False,False,other (detector jitter / missed det)
MOT17-02-FRCNN,526,35,50,47,525,0,1.0,0.0,34,0.02688825449735287,True,0.6488515734672546,False,False,False,False,False,other (detector jitter / missed det)
MOT17-02-FRCNN,527,35,47,50,526,0,1.0,0.0,-1,0.02709221383856504,False,,False,False,False,False,False,other (detector jitter / missed det)
MOT17-02-FRCNN,528,33,46,63,527,0,0.85044,0.2725571556423399,9,0.022821576763485476,True,0.7178205251693726,False,False,False,False,False,other (detector jitter / missed det)
MOT17-02-FRCNN,529,33,63,46,528,0,0.81098,0.2725571556423399,34,0.022821576763485476,True,0.7009901404380798,False,False,False,False,False,other (detector jitter / missed det)
MOT17-02-FRCNN,530,35,50,47,529,0,0.95122,0.024085853513372762,34,0.021323090766770775,True,0.687624454498291,False,False,False,False,False,other (detector jitter / missed det)
MOT17-02-FRCNN,531,35,47,50,530,0,0.944,0.02794627383015598,32,0.021323090766770775,False,0.7023568749427795,False,False,False,False,False,other (detector jitter / missed det)
MOT17-02-FRCNN,532,35,50,47,531,0,0.93701,0.03171776653326046,34,0.021323090766770775,True,0.6462410688400269,False,False,False,False,False,other (detector jitter / missed det)
MOT17-02-FRCNN,533,35,47,50,532,0,0.93023,0.03516874497528267,32,0.011834168346883694,False,0.6755980253219604,False,False,False,False,False,other (detector jitter / missed det)
MOT17-02-FRCNN,534,35,50,47,533,0,0.92366,0.038600723763570564,34,0.01188039556698871,True,0.6489677429199219,False,False,False,False,False,other (detector jitter / missed det)
MOT17-02-FRCNN,535,35,47,50,534,0,0.92248,0.038600723763570564,32,0.01188039556698871,False,0.7362539768218994,False,False,False,False,False,other (detector jitter / missed det)
MOT17-02-FRCNN,536,35,50,47,535,0,0.91339,0.04091456077015644,34,0.01188039556698871,True,0.6927388906478882,False,False,False,False,False,other (detector jitter / missed det)
MOT17-02-FRCNN,537,35,47,50,536,0,0.912,0.04091456077015644,32,0.008084520834544433,False,0.7394827604293823,False,False,False,False,False,other (detector jitter / missed det)
MOT17-02-FRCNN,538,35,50,47,537,0,0.90244,0.043034673212641913,34,0.008084520834544433,True,0.6904761791229248,False,False,False,False,False,other (detector jitter / missed det)
MOT17-02-FRCNN,539,35,47,50,538,0,0.9,0.043249435002012324,32,0.00784313725490196,False,0.7237086892127991,False,False,False,False,False,other (detector jitter / missed det)
MOT17-02-FRCNN,540,17,58,69,498,41,0.0,0.2085048010973937,33,0.0,False,0.37927329540252686,True,True,True,False,False,long occlusion (> buffer)
MOT17-02-FRCNN,540,35,50,47,539,0,0.89076,0.04712139014284831,34,0.00784313725490196,True,0.6297838687896729,False,False,False,False,False,other (detector jitter / missed det)
MOT17-02-FRCNN,541,35,47,50,540,0,0.88793,0.04735315219764794,32,0.007097541880834625,False,0.7022225260734558,False,False,False,False,False,other (detector jitter / missed det)
MOT17-02-FRCNN,542,35,50,47,541,0,0.87719,0.05143482680428493,34,0.007905138339920948,True,0.6617950201034546,False,False,False,False,False,other (detector jitter / missed det)
MOT17-02-FRCNN,543,35,47,50,542,0,0.86916,0.053388090349075976,32,0.02191539884362552,False,0.6825518608093262,False,False,False,False,False,other (detector jitter / missed det)
MOT17-02-FRCNN,544,35,50,47,543,0,0.85149,0.0597864768683274,34,0.023809523809523808,True,0.6196047067642212,False,False,False,False,False,other (detector jitter / missed det)
MOT17-02-FRCNN,545,35,47,50,544,0,0.83158,0.06671608598962195,32,0.023809523809523808,False,0.7091109752655029,False,False,False,False,False,other (detector jitter / missed det)
MOT17-02-FRCNN,546,35,50,47,545,0,0.83158,0.06671608598962195,34,0.023809523809523808,True,0.6158260107040405,False,False,False,False,False,other (detector jitter / missed det)
MOT17-02-FRCNN,547,35,47,50,546,0,0.8427,0.06046511627906977,32,0.023809523809523808,False,0.6833713054656982,False,False,False,False,False,other (detector jitter / missed det)
MOT17-02-FRCNN,548,35,50,47,547,0,0.86747,0.04878048780487805,34,0.025793650793650792,True,0.5764030814170837,False,False,False,False,False,other (detector jitter / missed det)
MOT17-02-FRCNN,549,35,47,50,548,0,0.89474,0.0602820100312293,18,0.025793650793650792,False,0.4884394109249115,False,False,False,False,False,other (detector jitter / missed det)
MOT17-02-FRCNN,550,35,50,47,549,0,0.92208,0.08442211055276382,34,0.025793650793650792,True,0.6389085054397583,False,False,False,False,False,other (detector jitter / missed det)
MOT17-02-FRCNN,551,35,47,50,550,0,1.0,0.11386522075910147,18,0.01408579245391529,False,0.4339336156845093,False,False,False,False,False,other (detector jitter / missed det)
MOT17-02-FRCNN,552,35,50,47,551,0,1.0,0.15197368421052632,34,0.0199203187250996,True,0.6229428052902222,False,False,False,False,False,other (detector jitter / missed det)
MOT17-02-FRCNN,553,32,43,63,552,0,1.0,0.2060665362035225,33,0.024033679533592808,True,0.6726963520050049,False,False,False,False,False,other (detector jitter / missed det)
MOT17-02-FRCNN,553,35,47,50,552,0,1.0,0.15197368421052632,18,0.02191539884362552,False,0.5582790374755859,False,False,False,False,False,other (detector jitter / missed det)
MOT17-02-FRCNN,554,35,50,47,553,0,1.0,0.14957264957264957,34,0.02191539884362552,True,0.6582216620445251,False,False,False,False,False,other (detector jitter / missed det)
MOT17-02-FRCNN,555,32,63,43,554,0,1.0,0.19045035268583832,17,0.024033679533592808,False,0.6360398530960083,False,False,False,False,False,other (detector jitter / missed det)
MOT17-02-FRCNN,556,35,47,50,555,0,1.0,0.1380337236910942,18,0.021828776713808815,False,0.49456319212913513,False,False,False,False,False,other (detector jitter / missed det)
MOT17-02-FRCNN,557,35,50,47,556,0,1.0,0.1380337236910942,34,0.004454318680278466,True,0.6824688911437988,False,False,False,False,False,other (detector jitter / missed det)
MOT17-02-FRCNN,558,35,47,50,557,0,1.0,0.1385858585858586,18,0.00447213595499958,False,0.3745262622833252,False,False,False,False,False,other (detector jitter / missed det)
MOT17-02-FRCNN,559,35,50,47,558,0,1.0,0.1385858585858586,34,0.00447213595499958,True,0.6558750867843628,False,False,False,False,False,other (detector jitter / missed det)
MOT17-02-FRCNN,560,35,47,50,559,0,1.0,0.13883333333333334,18,0.01,False,0.35352033376693726,False,False,False,False,False,other (detector jitter / missed det)
MOT17-02-FRCNN,561,35,50,47,560,0,1.0,0.14331182795698924,34,0.01,True,0.6293504238128662,False,False,False,False,False,other (detector jitter / missed det)
MOT17-02-FRCNN,562,35,47,50,561,0,1.0,0.14975280898876406,18,0.012,False,0.6102432012557983,False,False,False,False,False,other (detector jitter / missed det)
MOT17-02-FRCNN,563,35,50,47,562,0,1.0,0.15559914074904269,34,0.01818350429344863,True,0.5815244913101196,False,False,False,False,False,other (detector jitter / missed det)
MOT17-02-FRCNN,564,35,47,50,563,0,1.0,0.15994623655913978,18,0.020261846010324373,False,0.4467799961566925,False,False,False,False,False,other (detector jitter / missed det)
MOT17-02-FRCNN,565,35,50,47,564,0,0.97561,0.15994623655913978,34,0.020261846010324373,True,0.5895898938179016,False,False,False,False,False,other (detector jitter / missed det)
MOT17-02-FRCNN,565,32,43,63,564,0,0.89424,0.13167573167573168,33,0.017482517482517484,True,0.6257960200309753,False,False,False,False,False,other (detector jitter / missed det)
MOT17-02-FRCNN,566,32,63,43,565,0,0.92729,0.13265838638972968,10,0.017482517482517484,False,0.5772291421890259,False,False,False,False,False,other (detector jitter / missed det)
MOT17-02-FRCNN,566,35,47,50,565,0,0.93671,0.1464307504575961,15,0.022449920766640773,False,0.5359033942222595,False,False,False,False,False,other (detector jitter / missed det)
MOT17-02-FRCNN,567,35,50,47,566,0,0.90789,0.1662916532733312,34,0.022449920766640773,True,0.5534758567810059,False,False,False,False,False,other (detector jitter / missed det)
MOT17-02-FRCNN,567,32,43,63,566,0,0.9602,0.13365581786634417,33,0.0017482517482517483,True,0.5631371140480042,False,False,False,False,False,other (detector jitter / missed det)
MOT17-02-FRCNN,568,35,47,50,567,0,0.86486,0.1960476083539187,15,0.022449920766640773,False,0.4943549335002899,False,False,False,False,False,other (detector jitter / missed det)
MOT17-02-FRCNN,568,32,63,43,567,0,0.99332,0.1341991341991342,10,0.0024637866940297824,False,0.6073107719421387,False,False,False,False,False,other (detector jitter / missed det)
MOT17-02-FRCNN,569,35,50,47,568,0,0.8169,0.2052910052910053,34,0.022727080282278316,True,0.5540577173233032,False,False,False,False,False,other (detector jitter / missed det)
MOT17-02-FRCNN,569,32,43,63,568,0,1.0,0.13522355507088332,33,0.0024637866940297824,True,0.5659343004226685,False,False,False,False,False,other (detector jitter / missed det)
MOT17-02-FRCNN,570,9,63,70,522,47,0.0084352,0.6124393624393625,42,0.0,False,0.1902054399251938,True,True,True,False,False,long occlusion (> buffer)
MOT17-02-FRCNN,570,32,63,43,569,0,1.0,0.13626373626373625,10,0.0024637866940297824,False,0.6671143174171448,False,False,False,False,False,other (detector jitter / missed det)
MOT17-02-FRCNN,570,35,47,50,569,0,0.74359,0.2052910052910053,15,0.022727080282278316,False,0.4747452139854431,False,False,False,False,False,other (detector jitter / missed det)
MOT17-02-FRCNN,571,35,50,47,570,0,0.67857,0.19723337795626952,34,0.022727080282278316,True,0.6228549480438232,False,False,False,False,False,other (detector jitter / missed det)
MOT17-02-FRCNN,571,32,43,63,570,0,1.0,0.13732004429678848,33,0.0017421602787456446,True,0.549318253993988,False,False,False,False,False,other (detector jitter / missed det)
MOT17-02-FRCNN,572,35,47,50,571,0,0.62637,0.19723337795626952,17,0.0205761316872428,False,0.5487290620803833,False,False,False,False,False,other (detector jitter / missed det)
MOT17-02-FRCNN,572,32,63,43,571,0,1.0,0.1580962478647582,35,0.004927573388059565,False,0.7294029593467712,False,False,False,False,False,other (detector jitter / missed det)
MOT17-02-FRCNN,573,32,43,63,572,0,1.0,0.16961944863748313,33,0.012362006664100481,True,0.5545281171798706,False,False,False,False,False,other (detector jitter / missed det)
MOT17-02-FRCNN,574,35,50,47,573,0,0.625,0.18529206886257338,34,0.022541553096300532,True,0.6571506857872009,False,False,False,False,False,other (detector jitter / missed det)
MOT17-02-FRCNN,575,32,63,43,574,0,1.0,0.18529206886257338,35,0.013986013986013986,False,0.756403923034668,False,False,False,False,False,other (detector jitter / missed det)
MOT17-02-FRCNN,576,35,47,50,575,0,0.67619,0.15944554455445545,32,0.022541553096300532,False,0.8075254559516907,False,False,False,False,False,other (detector jitter / missed det)
MOT17-02-FRCNN,577,35,50,47,576,0,0.71698,0.15768930523028885,34,0.006147540983606557,True,0.6441351771354675,False,False,False,False,False,other (detector jitter / missed det)
MOT17-02-FRCNN,577,32,43,63,576,0,1.0,0.16671585505820627,33,0.013986013986013986,True,0.592664897441864,False,False,False,False,False,other (detector jitter / missed det)
MOT17-02-FRCNN,578,32,63,43,577,0,1.0,0.1790925177790391,9,0.014035087719298246,False,0.6531805992126465,False,False,False,False,False,other (detector jitter / missed det)
MOT17-02-FRCNN,578,35,47,50,577,0,0.76415,0.15437977660199884,17,0.006533631529273511,False,0.3874751031398773,False,False,False,False,False,other (detector jitter / missed det)
MOT17-02-FRCNN,579,35,50,47,578,0,0.80374,0.15899252262888627,34,0.006533631529273511,True,0.5965418815612793,False,False,False,False,False,other (detector jitter / missed det)
MOT17-02-FRCNN,579,32,43,63,578,0,1.0,0.19725719897583388,33,0.014035087719298246,True,0.6922518610954285,False,False,False,False,False,other (detector jitter / missed det)
MOT17-02-FRCNN,580,32,63,43,579,0,1.0,0.21600176327970025,9,0.014035087719298246,False,0.6893927454948425,False,False,False,False,False,other (detector jitter / missed det)
MOT17-02-FRCNN,580,35,47,50,579,0,0.85849,0.15899252262888627,17,0.006533631529273511,False,0.500885009765625,False,False,False,False,False,other (detector jitter / missed det)
MOT17-02-FRCNN,581,35,50,47,580,0,0.90566,0.16052129688493325,34,0.004132231404958678,True,0.5923740267753601,False,False,False,False,False,other (detector jitter / missed det)
MOT17-02-FRCNN,581,32,43,63,580,0,1.0,0.2328639228195752,33,0.014035087719298246,True,0.7357327342033386,False,False,False,False,False,other (detector jitter / missed det)
MOT17-02-FRCNN,582,32,63,43,581,0,1.0,0.2493449066491975,9,0.014084507042253521,False,0.5756446123123169,False,False,False,False,False,other (detector jitter / missed det)
MOT17-02-FRCNN,582,35,47,50,581,0,0.9619,0.16052129688493325,17,0.004639145181534834,False,0.4601826071739197,False,False,False,False,False,other (detector jitter / missed det)
MOT17-02-FRCNN,583,35,50,47,582,0,1.0,0.16023919941420553,34,0.009278290363069668,True,0.5618627667427063,False,False,False,False,False,other (detector jitter / missed det)
MOT17-02-FRCNN,583,32,43,63,582,0,1.0,0.26150807282720717,33,0.014084507042253521,True,0.714119553565979,False,False,False,False,False,other (detector jitter / missed det)
MOT17-02-FRCNN,584,35,47,50,583,0,1.0,0.17003367003367004,17,0.010622957319984968,False,0.6212567687034607,False,False,False,False,False,other (detector jitter / missed det)
MOT17-02-FRCNN,584,32,63,43,583,0,1.0,0.2749187432286024,9,0.014084507042253521,False,0.7133169770240784,False,False,False,False,False,other (detector jitter / missed det)
MOT17-02-FRCNN,585,32,43,63,584,0,1.0,0.2749187432286024,33,0.014084507042253521,True,0.7307007312774658,False,False,False,False,False,other (detector jitter / missed det)
MOT17-02-FRCNN,586,32,63,43,585,0,1.0,0.25528169014084506,9,0.01584507042253521,False,0.7195108532905579,False,False,False,False,False,other (detector jitter / missed det)
MOT17-02-FRCNN,587,35,50,47,586,0,1.0,0.18575566692721504,34,0.010667404840152269,True,0.5436473488807678,False,False,False,False,False,other (detector jitter / missed det)
MOT17-02-FRCNN,587,32,43,63,586,0,1.0,0.23564463705308775,33,0.01584507042253521,True,0.7371808886528015,False,False,False,False,False,other (detector jitter / missed det)
MOT17-02-FRCNN,589,32,63,43,588,0,1.0,0.2049469964664311,9,0.015998913671620877,False,0.6855746507644653,False,False,False,False,False,other (detector jitter / missed det)
MOT17-02-FRCNN,590,35,47,50,589,0,1.0,0.17916447336938315,15,0.021113184077985063,False,0.5196284651756287,False,False,False,False,False,other (detector jitter / missed det)
MOT17-02-FRCNN,592,35,50,47,591,0,0.9759,0.219959266802444,34,0.021113184077985063,True,0.5887502431869507,False,False,False,False,False,other (detector jitter / missed det)
MOT17-02-FRCNN,592,32,43,63,591,0,1.0,0.2049469964664311,33,0.007901300273850847,True,0.7067585587501526,False,False,False,False,False,other (detector jitter / missed det)
MOT17-02-FRCNN,593,32,63,43,592,0,1.0,0.20765139116202946,9,0.007901300273850847,False,0.7278904318809509,False,False,False,False,False,other (detector jitter / missed det)
MOT17-02-FRCNN,593,35,47,50,592,0,0.93827,0.256744768564421,10,0.02100840336134454,False,0.4524187743663788,False,False,False,False,False,other (detector jitter / missed det)
MOT17-02-FRCNN,594,35,50,47,593,0,0.91139,0.2716548157724628,34,0.02100840336134454,True,0.5921924114227295,False,False,False,False,False,other (detector jitter / missed det)
MOT17-02-FRCNN,594,32,43,63,593,0,1.0,0.2117229870671673,33,0.007901300273850847,True,0.7375240921974182,False,False,False,False,False,other (detector jitter / missed det)
MOT17-02-FRCNN,595,32,63,43,594,0,1.0,0.2138192542658521,9,0.0035460992907801418,False,0.6649476885795593,False,False,False,False,False,other (detector jitter / missed det)
MOT17-02-FRCNN,595,35,47,50,594,0,0.87952,0.2716548157724628,10,0.02100840336134454,False,0.5848875641822815,False,False,False,False,False,other (detector jitter / missed det)
MOT17-02-FRCNN,596,35,50,47,595,0,0.85057,0.26582278481012656,34,0.02100840336134454,True,0.5681191086769104,False,False,False,False,False,other (detector jitter / missed det)
MOT17-02-FRCNN,596,32,43,63,595,0,1.0,0.21813883516011176,33,0.0035460992907801418,True,0.7031131982803345,False,False,False,False,False,other (detector jitter / missed det)
MOT17-02-FRCNN,597,32,63,43,596,0,1.0,0.22263654310155737,9,0.0035460992907801418,False,0.7119383811950684,False,False,False,False,False,other (detector jitter / missed det)
MOT17-02-FRCNN,598,35,47,50,597,0,0.79167,0.240225035161744,10,0.012658227848101266,False,0.5290809869766235,False,False,False,False,False,other (detector jitter / missed det)
MOT17-02-FRCNN,600,32,43,63,599,0,1.0,0.23557171592139872,33,0.00397876864323806,True,0.7001640796661377,False,False,False,False,False,other (detector jitter / missed det)
MOT17-04-FRCNN,103,82,15,28,66,36,0.033708,0.6354252683732452,83,0.01520659744487199,False,0.9124439358711243,True,True,True,False,False,long occlusion (> buffer)
MOT17-04-FRCNN,144,74,20,32,48,95,0.60714,0.008220937700706487,75,0.02260903692323142,False,0.585215151309967,True,True,True,False,False,long occlusion (> buffer)
MOT17-04-FRCNN,513,119,37,44,435,77,0.0060606,0.659919028340081,120,0.008519358809476477,False,0.6122921705245972,True,True,True,False,False,long occlusion (> buffer)
MOT17-04-FRCNN,542,69,12,45,47,494,0.094305,0.7269230769230769,68,0.006734350297014738,False,0.595637321472168,True,True,True,False,False,long occlusion (> buffer)
MOT17-04-FRCNN,554,74,32,46,235,318,0.0,0.7076156429422598,75,0.006666666666666667,False,0.5632181167602539,True,True,True,False,False,long occlusion (> buffer)
MOT17-04-FRCNN,708,106,36,55,537,170,0.3332,0.06309409888357256,111,0.010481253707744154,False,0.5461766719818115,True,True,True,False,False,long occlusion (> buffer)
MOT17-04-FRCNN,750,75,24,46,350,399,0.24806,0.7076156429422598,74,0.0029411764705882353,True,0.8013728857040405,False,True,True,False,False,long occlusion (> buffer)
MOT17-04-FRCNN,780,88,25,16,738,41,0.59266,0.5989492119089317,90,0.0,True,0.47686657309532166,False,True,True,False,False,long occlusion (> buffer)
MOT17-04-FRCNN,923,69,45,8,922,0,1.0,0.3035516775224284,68,0.0,True,0.7455011010169983,False,True,False,False,False,occlusion
MOT17-04-FRCNN,923,90,16,45,765,157,0.23226,0.46575750801102916,69,0.0,True,0.6744055151939392,False,True,True,False,False,long occlusion (> buffer)
MOT17-04-FRCNN,943,3,2,65,808,134,0.34566,0.14732534346682258,6,0.004563404035713856,False,0.5032389760017395,True,True,True,False,False,long occlusion (> buffer)
MOT17-04-FRCNN,1005,3,65,66,950,54,0.3341,0.10235750522232169,6,0.006615643640519623,False,0.5041781663894653,True,True,True,False,False,long occlusion (> buffer)
MOT17-04-FRCNN,1019,69,8,67,999,19,0.63436,0.29028077753779696,88,0.015544041450777202,False,0.46131598949432373,True,True,False,False,False,occlusion
MOT17-05-FRCNN,35,3,5,10,19,15,0.0,0.0634441087613293,2,0.09519716382329886,True,0.7554498910903931,False,True,False,True,False,occlusion
MOT17-05-FRCNN,50,117,5,10,38,11,0.0,0.0,3,0.09842809932758062,True,0.7514832615852356,False,True,False,True,False,occlusion
MOT17-05-FRCNN,60,125,2,13,59,0,0.86799,0.02242984349703184,14,0.008348794063079777,False,0.5431331992149353,True,False,False,False,False,other (detector jitter / missed det)
MOT17-05-FRCNN,61,125,13,2,60,0,0.85868,0.02227895103272221,14,0.008202341610631719,False,0.6016263365745544,False,False,False,False,False,other (detector jitter / missed det)
MOT17-05-FRCNN,64,14,3,9,41,22,0.0,0.02615066727327874,5,0.021253121781534334,True,0.7584810256958008,False,True,False,False,False,occlusion
MOT17-05-FRCNN,71,117,10,15,50,20,0.0,0.16842105263157894,8,0.046354722850843494,False,0.5120526552200317,True,True,False,False,False,occlusion
MOT17-05-FRCNN,81,125,2,13,80,0,0.81494,0.020833333333333332,14,0.0012025625530383461,False,0.7002424597740173,False,False,False,False,False,other (detector jitter / missed det)
MOT17-05-FRCNN,82,125,13,2,81,0,0.81494,0.020833333333333332,14,0.0012025625530383461,False,0.6239256262779236,False,False,False,False,False,other (detector jitter / missed det)
MOT17-05-FRCNN,88,125,2,17,87,0,0.81081,0.020889093985540685,14,0.0011964581745965272,False,0.7450745105743408,True,False,False,False,False,other (detector jitter / missed det)
MOT17-05-FRCNN,101,2,10,12,29,71,0.050311,0.5456053067993366,1,0.011429919253620649,False,0.8215277194976807,True,True,True,False,False,long occlusion (> buffer)
MOT17-05-FRCNN,107,107,14,16,80,26,0.0,0.4105473965287049,9,0.005681818181818182,False,0.9305857419967651,True,True,False,False,False,occlusion
MOT17-05-FRCNN,109,125,17,2,108,0,0.80402,0.020343959731543623,14,0.0023728415476058644,False,0.7531102895736694,False,False,False,False,False,other (detector jitter / missed det)
MOT17-05-FRCNN,114,125,2,17,113,0,0.80268,0.01954215522054718,14,0.003019724686318249,False,0.6740789413452148,False,False,False,False,False,other (detector jitter / missed det)
MOT17-05-FRCNN,117,125,17,2,116,0,0.8,0.019679790391393063,14,0.0011824528113487417,False,0.6697543859481812,False,False,False,False,False,other (detector jitter / missed det)
MOT17-05-FRCNN,130,2,12,16,117,12,0.26027,0.2592700457823185,107,0.002403846153846154,True,0.7091037034988403,False,True,False,False,False,occlusion
MOT17-05-FRCNN,138,2,16,12,131,6,0.26027,0.2602188756898326,1,0.002403846153846154,False,0.8776321411132812,False,True,False,False,False,occlusion
MOT17-05-FRCNN,140,8,19,20,139,0,0.0,0.09547934528448948,139,0.0,True,0.7062926888465881,False,True,False,False,False,occlusion
MOT17-05-FRCNN,141,8,20,19,140,0,0.0,0.11680572109654351,12,0.0,False,0.7640261650085449,False,True,False,False,False,occlusion
MOT17-05-FRCNN,142,8,19,20,141,0,0.0,0.11912479740680713,139,0.0,True,0.7379434108734131,False,True,False,False,False,occlusion
MOT17-05-FRCNN,145,12,21,19,139,5,0.0,0.121537825547747,8,0.01020408163265306,True,0.7785171866416931,False,True,False,False,False,occlusion
MOT17-05-FRCNN,148,125,2,17,145,2,0.78176,0.018835473938250715,14,0.001823872738580579,False,0.8043063282966614,False,True,False,False,False,occlusion
MOT17-05-FRCNN,149,2,12,16,148,0,0.40411,0.23572821675188446,107,0.002403846153846154,True,0.6681828498840332,False,True,False,False,False,occlusion
MOT17-05-FRCNN,150,2,16,12,149,0,0.40411,0.23572821675188446,1,0.0,False,0.8481484055519104,False,True,False,False,False,occlusion
MOT17-05-FRCNN,155,8,20,19,145,9,0.0,0.10652173913043478,12,0.024705294220065465,True,0.7788214087486267,False,True,False,False,False,occlusion
MOT17-05-FRCNN,156,12,19,21,145,10,0.0,0.10777683854606931,8,0.021922235073527353,False,0.7493172287940979,False,True,False,False,False,occlusion
MOT17-05-FRCNN,156,125,17,2,155,0,0.77922,0.019559155880367468,14,0.009890670780972714,False,0.7271214127540588,False,False,False,False,False,other (detector jitter / missed det)
MOT17-05-FRCNN,160,107,16,14,112,47,0.0,0.5590103644266132,9,0.011363636363636364,True,0.8771041631698608,False,True,True,False,True,long occlusion (> buffer)
MOT17-05-FRCNN,165,125,2,13,164,0,0.7767,0.012969283276450512,107,0.008130081300813009,False,0.6959518194198608,False,False,False,False,False,other (detector jitter / missed det)
MOT17-05-FRCNN,181,125,13,2,165,15,0.77047,0.01361947998349154,107,0.0011707065913684562,False,0.7344260811805725,False,True,False,False,False,occlusion
MOT17-05-FRCNN,185,125,2,13,184,0,0.80808,0.01747969106406819,13,0.0011984860698077077,False,0.721896767616272,False,False,False,False,False,other (detector jitter / missed det)
MOT17-05-FRCNN,232,125,13,23,231,0,0.94619,0.0417713567839196,2,0.006741573033707865,False,0.8007890582084656,True,False,False,False,False,other (detector jitter / missed det)
MOT17-05-FRCNN,233,125,23,13,232,0,0.96536,0.0417713567839196,2,0.022318893895493925,False,0.8268912434577942,False,False,False,False,False,other (detector jitter / missed det)
MOT17-05-FRCNN,234,125,13,23,233,0,0.97203,0.037858377587092956,16,0.023670194319740885,False,0.785138726234436,False,False,False,False,False,other (detector jitter / missed det)
MOT17-05-FRCNN,243,16,24,19,239,3,0.0,0.19902315611932955,8,0.03551912568306011,True,0.7924806475639343,False,True,False,False,False,occlusion
MOT17-05-FRCNN,250,20,9,19,249,0,1.0,0.14673398548437994,16,0.027599673437210554,True,0.7089884877204895,False,False,False,False,False,other (detector jitter / missed det)
MOT17-05-FRCNN,251,20,19,9,250,0,1.0,0.19372865569698852,14,0.027599673437210554,True,0.7319194078445435,False,False,False,False,False,other (detector jitter / missed det)
MOT17-05-FRCNN,252,20,9,19,251,0,1.0,0.206403574087863,16,0.027599673437210554,True,0.672273576259613,False,False,False,False,False,other (detector jitter / missed det)
MOT17-05-FRCNN,253,20,19,9,252,0,1.0,0.206403574087863,14,0.02683281572999748,True,0.7866683006286621,False,False,False,False,False,other (detector jitter / missed det)
MOT17-05-FRCNN,254,20,9,19,253,0,0.87179,0.2323745064861816,16,0.02683281572999748,True,0.7292658090591431,False,False,False,False,False,other (detector jitter / missed det)
MOT17-05-FRCNN,255,20,19,9,254,0,0.60526,0.2323745064861816,14,0.02683281572999748,True,0.7377785444259644,False,False,False,False,False,other (detector jitter / missed det)
MOT17-05-FRCNN,256,15,26,32,241,14,0.0,0.6573862771945839,27,0.06459672385322834,False,0.9757057428359985,True,True,False,False,False,occlusion
MOT17-05-FRCNN,256,20,9,19,255,0,0.36842,0.18540458015267175,16,0.011135539861205473,True,0.6840222477912903,False,True,False,False,False,occlusion
MOT17-05-FRCNN,257,20,19,9,256,0,0.16216,0.22012923009527982,14,0.007575757575757576,True,0.6926940083503723,False,True,False,False,False,occlusion
MOT17-05-FRCNN,258,24,30,31,257,0,0.50847,0.6386255924170616,22,0.2612118963388574,True,0.843647837638855,False,True,False,True,False,occlusion
MOT17-05-FRCNN,261,25,21,25,260,0,0.0,0.7727419876982843,26,0.05268932435101175,False,0.9663851261138916,True,True,False,False,False,occlusion
MOT17-05-FRCNN,261,23,24,9,260,0,0.875,0.31385281385281383,20,0.07429615033982463,True,0.8624697923660278,False,True,False,False,True,occlusion + similar appearance
MOT17-05-FRCNN,262,23,9,24,261,0,0.875,0.24712578687474085,16,0.07779133143333321,True,0.7520055770874023,False,False,False,False,False,other (detector jitter / missed det)
MOT17-05-FRCNN,263,23,24,19,262,0,0.98319,0.2866836301950806,20,0.07779133143333321,True,0.9118837118148804,False,False,False,False,True,similar appearance
MOT17-05-FRCNN,264,23,19,24,263,0,0.99242,0.3084520417853751,16,0.07779133143333321,True,0.7556160688400269,False,True,False,False,False,occlusion
MOT17-05-FRCNN,265,23,24,12,264,0,0.82178,0.33636042402826855,2,0.1396765750957765,True,0.8757426142692566,False,True,False,True,True,occlusion + similar appearance
MOT17-05-FRCNN,266,2,12,28,263,2,0.0,0.33636042402826855,19,0.03434263328611861,True,0.7678665518760681,False,True,False,False,False,occlusion
MOT17-05-FRCNN,266,23,12,24,265,0,0.72222,0.33636042402826855,16,0.1396765750957765,True,0.7512656450271606,False,True,False,True,False,occlusion
MOT17-05-FRCNN,267,20,9,19,266,0,1.0,0.08009416087730378,23,0.0476246635567527,True,0.5527480840682983,False,False,False,False,False,other (detector jitter / missed det)
MOT17-05-FRCNN,267,2,28,12,266,0,0.16746,0.22681568160319518,23,0.03434263328611861,True,0.7493677735328674,False,True,False,False,False,occlusion
MOT17-05-FRCNN,268,2,12,28,267,0,0.16746,0.13224653473977857,19,0.037064558201210344,True,0.812651515007019,False,True,False,False,False,occlusion
MOT17-05-FRCNN,268,20,19,9,267,0,1.0,0.11715138393118381,23,0.0476246635567527,True,0.5522260069847107,False,False,False,False,False,other (detector jitter / missed det)
MOT17-05-FRCNN,269,2,28,12,268,0,0.29943,0.16688741721854305,23,0.037064558201210344,True,0.6890708208084106,False,True,False,False,False,occlusion
MOT17-05-FRCNN,269,20,9,19,268,0,1.0,0.16688741721854305,23,0.0476246635567527,True,0.48410195112228394,False,False,False,False,False,other (detector jitter / missed det)
MOT17-05-FRCNN,270,23,24,11,269,0,0.0,0.4053236539624924,1,0.13545958173822892,False,0.8959658741950989,True,True,False,True,False,occlusion
MOT17-05-FRCNN,270,2,12,9,269,0,0.43311,0.5067024128686327,20,0.12978542186335365,True,0.783280074596405,False,True,False,True,False,occlusion
MOT17-05-FRCNN,271,108,26,21,269,1,0.0,0.6920349154391707,25,0.20497760746726496,True,0.6121166348457336,False,True,False,True,False,occlusion
MOT17-05-FRCNN,271,2,9,12,270,0,0.41981,0.5067024128686327,23,0.15399398810881568,True,0.43904903531074524,False,True,False,True,False,occlusion
MOT17-05-FRCNN,272,20,19,9,271,0,1.0,0.4649504385652143,2,0.21183579303745048,True,0.9309369325637817,False,True,False,True,True,occlusion + similar appearance
MOT17-05-FRCNN,273,20,9,19,272,0,1.0,0.6472081218274112,23,0.21183579303745048,True,0.49324291944503784,False,True,False,True,False,occlusion
MOT17-05-FRCNN,275,20,19,9,274,0,1.0,0.6452145214521452,2,0.1055914668065589,True,0.9324697256088257,False,True,False,True,True,occlusion + similar appearance
MOT17-05-FRCNN,276,20,9,19,275,0,1.0,0.5861919235779418,23,0.15304913028560188,True,0.5411263704299927,False,True,False,True,False,occlusion
MOT17-05-FRCNN,277,2,12,26,271,5,0.0,0.6472081218274112,108,0.21426878239984262,True,0.7046743631362915,False,True,False,True,False,occlusion
MOT17-05-FRCNN,277,20,19,9,276,0,1.0,0.5331991951710262,2,0.15304913028560188,True,0.8665809631347656,False,True,False,True,True,occlusion + similar appearance
MOT17-05-FRCNN,278,28,12,19,274,3,0.0,0.9846153846153847,20,0.22904580769515515,True,0.8639029264450073,False,True,False,True,True,occlusion + similar appearance
MOT17-05-FRCNN,278,25,25,24,262,15,0.0,0.7578890828521553,23,0.1365339845079599,True,0.6137184500694275,False,True,False,True,False,occlusion
MOT17-05-FRCNN,279,30,12,21,278,0,0.20833,0.39710181771958813,108,0.07425756573193376,True,0.7683197259902954,False,True,False,False,False,occlusion
MOT17-05-FRCNN,280,20,9,19,279,0,1.0,0.32180028129395216,28,0.11666137554139278,True,0.7612935304641724,False,True,False,True,False,occlusion
MOT17-05-FRCNN,281,20,19,9,280,0,1.0,0.297359118319817,2,0.15148696375636247,True,0.6531158685684204,False,False,False,True,False,fast motion
MOT17-05-FRCNN,282,20,9,19,281,0,1.0,0.3251072961373391,28,0.15148696375636247,True,0.7965973615646362,False,True,False,True,False,occlusion
MOT17-05-FRCNN,282,30,21,12,279,2,0.38667,0.4423529411764706,28,0.16027237964972368,True,0.5657596588134766,False,True,False,True,False,occlusion
MOT17-05-FRCNN,282,29,28,21,281,0,0.0,0.4257880367336808,30,0.3256127212056086,True,0.8588945865631104,False,True,False,True,True,occlusion + similar appearance
MOT17-05-FRCNN,283,29,21,28,282,0,0.21569,0.26709186527917644,2,0.3256127212056086,True,0.7570704221725464,False,True,False,True,False,occlusion
MOT17-05-FRCNN,283,20,19,9,282,0,1.0,0.5462839610835251,2,0.15148696375636247,True,0.6778638362884521,False,True,False,True,False,occlusion
MOT17-05-FRCNN,284,29,28,21,283,0,0.28302,0.06946870825197822,30,0.2582954948467377,True,0.5649805068969727,False,True,False,True,False,occlusion
MOT17-05-FRCNN,284,20,9,19,283,0,1.0,0.5462839610835251,28,0.12615947732975466,True,0.8083360195159912,False,True,False,True,False,occlusion
MOT17-05-FRCNN,284,1,1,11,281,2,0.51436,0.03658719598211159,23,0.0677596356818118,True,0.8991579413414001,False,True,False,False,True,occlusion + similar appearance
MOT17-05-FRCNN,285,30,12,9,282,2,0.08,0.5462839610835251,20,0.19110348612870773,True,0.9112520813941956,False,True,False,True,True,occlusion + similar appearance
MOT17-05-FRCNN,285,29,21,28,284,0,0.28302,0.06411489190111355,2,0.10301383769223203,True,0.7193454504013062,False,True,False,True,False,occlusion
MOT17-05-FRCNN,286,1,11,1,285,0,0.69944,0.05442176870748299,29,0.030269341542973126,False,0.8011128306388855,False,False,False,False,False,other (detector jitter / missed det)
MOT17-05-FRCNN,286,29,28,21,285,0,0.26316,0.05442176870748299,30,0.05781376198380577,True,0.6958398222923279,False,True,False,False,False,occlusion
MOT17-05-FRCNN,286,25,24,34,285,0,0.32503,0.37106763319023156,26,0.03795980583487201,False,0.8953070044517517,True,True,False,False,False,occlusion
MOT17-05-FRCNN,286,30,9,12,285,0,0.27536,0.31937455675255816,28,0.07437438641384311,True,0.773118793964386,False,True,False,False,False,occlusion
MOT17-05-FRCNN,287,20,19,9,286,0,1.0,0.2538733178506665,30,0.030964980844987552,True,0.8715299367904663,False,False,False,False,True,similar appearance
MOT17-05-FRCNN,287,28,19,12,278,8,0.0,0.3452054794520548,30,0.11153846153846154,True,0.8347384929656982,False,True,False,True,False,occlusion
MOT17-05-FRCNN,287,29,21,28,286,0,0.26316,0.05442176870748299,2,0.04312596705806131,True,0.7148803472518921,False,True,False,False,False,occlusion
MOT17-05-FRCNN,288,29,28,21,287,0,0.27869,0.05828662930344276,30,0.04312596705806131,True,0.838001549243927,False,True,False,False,False,occlusion
MOT17-05-FRCNN,289,29,21,28,288,0,0.33871,0.05828662930344276,2,0.04746668747398628,True,0.6896511316299438,False,True,False,False,False,occlusion
MOT17-05-FRCNN,290,20,9,19,289,0,1.0,0.10906652760187738,28,0.056229381634320695,True,0.6837167143821716,False,False,False,False,False,other (detector jitter / missed det)
MOT17-05-FRCNN,290,30,12,11,286,3,0.34848,0.31615282027143643,1,0.10414818881172633,True,0.6748669743537903,False,True,False,True,False,occlusion
MOT17-05-FRCNN,290,29,28,21,289,0,0.33871,0.06692168830052438,30,0.04746668747398628,True,0.7648341655731201,False,True,False,False,False,occlusion
MOT17-05-FRCNN,291,20,19,9,290,0,1.0,0.10906652760187738,30,0.056229381634320695,True,0.6906722784042358,False,False,False,False,False,other (detector jitter / missed det)
MOT17-05-FRCNN,292,20,9,19,291,0,1.0,0.08759124087591241,28,0.056229381634320695,True,0.6335429549217224,False,False,False,False,False,other (detector jitter / missed det)
MOT17-05-FRCNN,295,30,11,12,294,0,0.81159,0.4702667952426872,28,0.10841173578449503,True,0.9205562472343445,False,True,False,True,True,occlusion + similar appearance
MOT17-05-FRCNN,295,31,21,9,294,0,0.23684,0.14201183431952663,20,0.07916666666666666,True,0.7541740536689758,False,True,False,False,False,occlusion
MOT17-05-FRCNN,296,31,9,21,295,0,0.2439,0.09950248756218906,29,0.07916666666666666,True,0.38264620304107666,False,True,False,False,False,occlusion
MOT17-05-FRCNN,296,30,12,11,295,0,0.86111,0.45194926464866547,1,0.0913274875956715,True,0.6330382227897644,False,True,False,True,False,occlusion
MOT17-05-FRCNN,297,31,21,9,296,0,0.16667,0.06168919531887871,20,0.07916666666666666,True,0.755749523639679,False,True,False,False,False,occlusion
MOT17-05-FRCNN,298,25,34,24,297,0,0.83072,0.07397087684442614,26,0.04787910369301111,True,0.812742292881012,False,False,False,False,False,other (detector jitter / missed det)
MOT17-05-FRCNN,298,31,9,21,297,0,0.0,0.07658640379228615,29,0.07916666666666666,True,0.24210011959075928,False,True,False,False,False,occlusion
MOT17-05-FRCNN,301,28,12,23,290,10,0.0,0.4828828828828829,126,0.04987627772924589,True,0.4688989520072937,False,True,False,False,False,occlusion
MOT17-05-FRCNN,303,28,23,33,301,1,0.0,0.29451525685592894,33,0.04987627772924589,False,0.8661483526229858,True,True,False,False,False,occlusion
MOT17-05-FRCNN,303,29,21,35,293,9,0.0,0.3243268687629448,32,0.07280247998276111,True,0.863586962223053,False,True,False,False,True,occlusion + similar appearance
MOT17-05-FRCNN,304,36,23,24,303,0,0.375,0.28339489073561097,25,0.06875688660068102,True,0.4964618384838104,False,True,False,False,False,occlusion
MOT17-05-FRCNN,305,34,23,24,304,0,0.92188,0.2751841136244082,36,0.0,True,0.8635966181755066,False,False,False,False,True,similar appearance
MOT17-05-FRCNN,305,36,24,33,304,0,0.54545,0.20991735537190082,28,0.06875688660068102,True,0.846564769744873,False,False,False,False,False,other (detector jitter / missed det)
MOT17-05-FRCNN,307,34,24,33,306,0,1.0,0.195919175911252,36,0.03620691982320369,True,0.8513740301132202,False,False,False,False,True,similar appearance
MOT17-05-FRCNN,307,1,1,9,301,5,0.040064,0.6908234053421656,31,0.024871846765369274,True,0.8308044672012329,False,True,False,False,False,occlusion
MOT17-05-FRCNN,307,35,23,24,306,0,0.03038,0.6797908335896647,34,0.04028379184927872,True,0.8346521258354187,False,True,False,False,False,occlusion
MOT17-05-FRCNN,308,2,26,37,301,6,0.0,0.4970414201183432,30,0.009164213022540122,False,0.8879485130310059,True,True,False,False,False,occlusion
MOT17-05-FRCNN,308,36,33,36,305,2,0.46939,0.21573018905210462,34,0.03601384553630034,False,0.848630964756012,True,True,False,False,False,occlusion
MOT17-05-FRCNN,308,1,9,1,307,0,0.42246,0.2297902069580009,20,0.024871846765369274,False,0.3694159686565399,False,True,False,False,False,occlusion
MOT17-05-FRCNN,310,123,34,11,309,0,1.0,0.33151742451203153,30,0.015422389431981102,True,0.841820240020752,False,True,False,False,False,occlusion
MOT17-05-FRCNN,310,33,12,26,309,0,0.74769,0.3392905742538329,148,0.03395228250378679,True,0.7964211702346802,False,True,False,False,False,occlusion
MOT17-05-FRCNN,310,38,28,21,302,7,0.0,0.33702734309739935,31,0.05234326669443594,True,0.8293362259864807,False,True,False,False,False,occlusion
MOT17-05-FRCNN,310,37,35,23,309,0,0.20833,0.2759048970901348,35,0.07144407073903454,True,0.8008590936660767,False,True,False,False,False,occlusion
MOT17-05-FRCNN,310,31,21,24,298,11,0.0,0.6797908335896647,35,0.02342427896421022,True,0.8305181264877319,False,True,False,False,False,occlusion
MOT17-05-FRCNN,311,123,11,34,310,0,1.0,0.030738522954091817,25,0.04586360860041929,True,0.5956659913063049,False,False,False,False,False,other (detector jitter / missed det)
MOT17-05-FRCNN,311,33,26,12,310,0,0.61659,0.3487671748541314,30,0.03395228250378679,True,0.8103094696998596,False,True,False,False,False,occlusion
MOT17-05-FRCNN,311,34,33,9,310,0,1.0,0.19399538106235567,1,0.0359926776940723,True,0.6087337732315063,False,False,False,False,False,other (detector jitter / missed det)
MOT17-05-FRCNN,311,31,24,19,310,0,0.22222,0.36860068259385664,20,0.0223630975378611,True,0.5096526741981506,False,True,False,False,False,occlusion
MOT17-05-FRCNN,312,123,34,11,311,0,1.0,0.015028656336234346,30,0.04586360860041929,True,0.8397262692451477,False,False,False,False,False,other (detector jitter / missed det)
MOT17-05-FRCNN,312,33,12,26,311,0,0.61659,0.3487671748541314,148,0.011706335309948017,True,0.7423945665359497,False,True,False,False,False,occlusion
MOT17-05-FRCNN,312,34,9,33,311,0,0.80909,0.15878011721293683,36,0.031943828249996996,True,0.8471119999885559,False,False,False,False,False,other (detector jitter / missed det)
MOT17-05-FRCNN,312,31,19,24,311,0,0.22222,0.26304177638602233,35,0.011375099497008559,True,0.6961433291435242,False,True,False,False,False,occlusion
MOT17-05-FRCNN,313,33,26,12,312,0,0.63782,0.31431897555296856,30,0.011706335309948017,True,0.794499933719635,False,True,False,False,False,occlusion
MOT17-05-FRCNN,313,34,33,9,312,0,0.80909,0.12304087477219475,1,0.032943231044323736,True,0.5448457598686218,False,False,False,False,False,other (detector jitter / missed det)
MOT17-05-FRCNN,313,31,24,19,312,0,0.21818,0.1958010625360046,20,0.010611670000565033,True,0.5904186367988586,False,True,False,False,False,occlusion
MOT17-05-FRCNN,314,31,19,24,313,0,0.21818,0.12572373862696443,35,0.012903225806451613,True,0.6988006234169006,False,True,False,False,False,occlusion
MOT17-05-FRCNN,314,33,12,26,313,0,0.63027,0.2613070235420533,148,0.03067484662576687,True,0.7480618357658386,False,False,False,False,False,other (detector jitter / missed det)
MOT17-05-FRCNN,315,31,24,19,314,0,0.27119,0.1443359952676723,20,0.02260903692323142,True,0.5242520570755005,False,True,False,False,False,occlusion
MOT17-05-FRCNN,315,33,26,12,314,0,0.63027,0.3146923854709497,30,0.036269863189133424,True,0.7560189962387085,False,True,False,False,False,occlusion
MOT17-05-FRCNN,315,34,9,33,314,0,1.0,0.11056701030927835,36,0.04676842286509205,True,0.7803954482078552,False,False,False,False,False,other (detector jitter / missed det)
MOT17-05-FRCNN,315,123,11,34,314,0,0.97546,0.011735649521788858,25,0.02543775971270928,True,0.5734889507293701,False,False,False,False,False,other (detector jitter / missed det)
MOT17-05-FRCNN,316,38,21,35,315,0,1.0,0.0,37,0.048120253553418535,True,0.7699196934700012,False,False,False,False,False,other (detector jitter / missed det)
MOT17-05-FRCNN,316,123,34,11,315,0,0.87619,0.0,30,0.02543775971270928,True,0.8142349720001221,False,False,False,False,False,other (detector jitter / missed det)
MOT17-05-FRCNN,316,33,12,26,315,0,0.45105,0.4110021023125438,148,0.036269863189133424,True,0.7119981646537781,False,True,False,False,False,occlusion
MOT17-05-FRCNN,316,31,19,24,315,0,0.29412,0.1443359952676723,35,0.02260903692323142,True,0.629646360874176,False,True,False,False,False,occlusion
MOT17-05-FRCNN,316,34,33,9,315,0,1.0,0.11056701030927835,1,0.04676842286509205,True,0.5582785606384277,False,False,False,False,False,other (detector jitter / missed det)
MOT17-05-FRCNN,317,38,35,21,316,0,1.0,0.0,31,0.048120253553418535,True,0.8302102088928223,False,False,False,False,False,other (detector jitter / missed det)
MOT17-05-FRCNN,317,123,11,34,316,0,0.77549,0.0,25,0.02543775971270928,True,0.5887371897697449,False,False,False,False,False,other (detector jitter / missed det)
MOT17-05-FRCNN,318,33,26,12,317,0,0.38271,0.4572810888404487,30,0.0617848506544276,True,0.7518876791000366,False,True,False,False,False,occlusion
MOT17-05-FRCNN,318,31,24,19,316,1,0.1791,0.13777526821005082,20,0.1069364161849711,True,0.5136017203330994,False,True,False,True,False,occlusion
MOT17-05-FRCNN,318,123,34,11,317,0,0.69142,0.0,30,0.02049889825594721,True,0.8087195158004761,False,False,False,False,False,other (detector jitter / missed det)
MOT17-05-FRCNN,318,38,21,35,317,0,1.0,0.0,37,0.03912468617186551,True,0.7858805656433105,False,False,False,False,False,other (detector jitter / missed det)
MOT17-05-FRCNN,319,38,35,21,318,0,1.0,0.0,31,0.036960517686781096,True,0.763170599937439,False,False,False,False,False,other (detector jitter / missed det)
MOT17-05-FRCNN,319,34,9,33,318,0,1.0,0.21501143478423873,36,0.062387742308380366,True,0.8789844512939453,False,False,False,False,True,similar appearance
MOT17-05-FRCNN,319,36,36,26,318,0,0.57303,0.4153150757777187,33,0.0894543524120132,True,0.9256458282470703,False,True,False,True,True,occlusion + similar appearance
MOT17-05-FRCNN,320,38,21,35,319,0,1.0,0.0,37,0.04456853115993676,True,0.7752872109413147,False,False,False,False,False,other (detector jitter / missed det)
MOT17-05-FRCNN,320,36,26,36,319,0,0.71053,0.453522220065981,2,0.09006211180124224,False,0.8051015138626099,False,True,False,True,False,occlusion
MOT17-05-FRCNN,320,34,33,9,319,0,1.0,0.2038475114719379,1,0.0466330823295109,True,0.6684338450431824,False,False,False,False,False,other (detector jitter / missed det)
MOT17-05-FRCNN,321,34,9,33,320,0,0.84615,0.2749331759641754,36,0.038232556742411675,True,0.7471702694892883,False,False,False,False,False,other (detector jitter / missed det)
MOT17-05-FRCNN,321,36,36,26,320,0,0.79365,0.6116064191927378,33,0.19755497538031183,True,0.932755708694458,False,True,False,True,True,occlusion + similar appearance
MOT17-05-FRCNN,321,38,35,21,320,0,1.0,0.0,31,0.06879605634980422,True,0.8007751703262329,False,False,False,False,False,other (detector jitter / missed det)
MOT17-05-FRCNN,322,36,26,36,321,0,1.0,0.6261792452830188,33,0.19755497538031183,False,0.9495839476585388,False,True,False,True,False,occlusion
MOT17-05-FRCNN,323,2,37,26,316,6,0.0,0.453522220065981,36,0.07240681140099602,True,0.8469974994659424,False,True,False,False,False,occlusion
MOT17-05-FRCNN,323,35,24,35,308,14,0.0,0.6667987321711569,38,0.04251890763948785,True,0.8890306353569031,False,True,False,False,True,occlusion + similar appearance
MOT17-05-FRCNN,324,33,12,11,323,0,0.16062,0.7665827495621717,123,0.0991637123159363,True,0.7428103685379028,False,True,False,True,False,occlusion
MOT17-05-FRCNN,324,35,35,24,323,0,0.35294,0.11670284473894664,31,0.022462641029043103,True,0.7534085512161255,False,True,False,False,False,occlusion
MOT17-05-FRCNN,324,34,33,9,323,0,0.97917,0.1988475469213039,1,0.06880351734713047,True,0.699055552482605,False,False,False,False,False,other (detector jitter / missed det)
MOT17-05-FRCNN,325,34,9,33,324,0,1.0,0.1690031152647975,36,0.06880351734713047,True,0.8075447082519531,False,False,False,False,False,other (detector jitter / missed det)
MOT17-05-FRCNN,326,34,33,9,325,0,1.0,0.21951219512195122,1,0.06690670330538215,True,0.6730173230171204,False,False,False,False,False,other (detector jitter / missed det)
MOT17-05-FRCNN,326,41,37,12,323,2,0.0,0.6821488528259653,33,0.07371794871794872,True,0.9576625823974609,False,True,False,False,True,occlusion + similar appearance
MOT17-05-FRCNN,326,36,36,34,325,0,1.0,0.6788617886178862,123,0.10029175846097012,True,0.7886194586753845,False,True,False,True,False,occlusion
MOT17-05-FRCNN,327,34,9,33,326,0,1.0,0.21951219512195122,36,0.06690670330538215,True,0.76222825050354,False,False,False,False,False,other (detector jitter / missed det)
MOT17-05-FRCNN,327,36,34,36,326,0,1.0,0.6487804878048781,41,0.11880856259398051,False,0.8343453407287598,False,True,False,True,False,occlusion
MOT17-05-FRCNN,328,41,12,26,326,1,0.0,0.6487804878048781,2,0.07646302563405155,True,0.6098453998565674,False,True,False,False,False,occlusion
MOT17-05-FRCNN,328,34,33,9,327,0,1.0,0.2567293614145737,1,0.02433105012119288,True,0.6844410300254822,False,False,False,False,False,other (detector jitter / missed det)
MOT17-05-FRCNN,328,36,36,34,327,0,0.92683,0.559846662044778,123,0.11880856259398051,True,0.7973473072052002,False,True,False,True,False,occlusion
MOT17-05-FRCNN,329,41,26,11,328,0,0.15625,0.5518814139110604,33,0.07646302563405155,True,0.7215567827224731,False,True,False,False,False,occlusion
MOT17-05-FRCNN,329,36,34,36,328,0,0.78,0.5801520998014461,33,0.11880856259398051,False,0.931182861328125,False,True,False,True,False,occlusion
MOT17-05-FRCNN,330,41,11,26,329,0,0.14062,0.5568273416088989,2,0.07646302563405155,True,0.7821412086486816,False,True,False,False,False,occlusion
MOT17-05-FRCNN,330,33,11,34,327,2,0.2721,0.6418011019065362,36,0.03913717353542985,True,0.9075049757957458,False,True,False,False,True,occlusion + similar appearance
MOT17-05-FRCNN,331,41,26,11,330,0,0.12698,0.5568273416088989,33,0.04261363636363636,True,0.8510648012161255,False,True,False,False,True,occlusion + similar appearance
MOT17-05-FRCNN,331,33,34,12,330,0,0.2721,0.6418011019065362,43,0.03857540425616044,True,0.7746950387954712,False,True,False,False,False,occlusion
MOT17-05-FRCNN,332,34,9,33,331,0,1.0,0.3762947674196384,36,0.023128374639917185,True,0.7618908286094666,False,True,False,False,False,occlusion
MOT17-05-FRCNN,332,42,38,21,327,4,0.0,0.1920755337388731,38,0.052829816985201825,True,0.8748162388801575,False,True,False,False,True,occlusion + similar appearance
MOT17-05-FRCNN,333,34,33,9,332,0,1.0,0.46454431960049936,1,0.023128374639917185,True,0.7234359383583069,False,True,False,False,False,occlusion
MOT17-05-FRCNN,334,35,24,21,333,0,0.58197,0.28315151515151515,42,0.08881441324469808,True,0.94756019115448,False,False,False,True,True,similar appearance
MOT17-05-FRCNN,334,34,9,33,333,0,1.0,0.46454431960049936,36,0.025603654921294336,True,0.7721817493438721,False,True,False,False,False,occlusion
MOT17-05-FRCNN,335,34,33,9,334,0,1.0,0.4323453608247423,1,0.025603654921294336,True,0.7554922103881836,False,True,False,False,False,occlusion
MOT17-05-FRCNN,335,33,12,34,334,0,0.79167,0.0,36,0.017127740517339153,True,0.8823406100273132,False,False,False,False,True,similar appearance
MOT17-05-FRCNN,336,31,19,26,335,0,0.25806,0.465968125385225,41,0.016388869433927224,True,0.8874298334121704,False,True,False,False,True,occlusion + similar appearance
MOT17-05-FRCNN,336,34,9,33,335,0,1.0,0.3978061649541794,36,0.025603654921294336,True,0.7775483727455139,False,True,False,False,False,occlusion
MOT17-05-FRCNN,336,33,34,12,335,0,0.72826,0.017788319003854136,43,0.017356110390903675,True,0.9144031405448914,False,False,False,False,True,similar appearance
MOT17-05-FRCNN,337,38,21,38,329,7,0.0,0.46110818636483286,42,0.03081555202970643,True,0.7009742856025696,False,True,False,False,False,occlusion
MOT17-05-FRCNN,337,33,12,34,336,0,0.64773,0.03937378612206462,36,0.017356110390903675,True,0.8341879844665527,False,False,False,False,False,other (detector jitter / missed det)
MOT17-05-FRCNN,337,34,33,9,336,0,1.0,0.3499145623694703,1,0.024631992889095396,True,0.7452348470687866,False,True,False,False,False,occlusion
MOT17-05-FRCNN,337,31,26,19,336,0,0.39394,0.4853886365584026,20,0.016314711653683207,True,0.5513380169868469,False,True,False,False,False,occlusion
MOT17-05-FRCNN,337,42,21,24,332,4,0.0,0.28315151515151515,35,0.07121535633509476,True,0.6765663623809814,False,True,False,False,False,occlusion
MOT17-05-FRCNN,338,31,19,26,337,0,0.41905,0.5568312284730195,41,0.03666401035157592,True,0.9304457306861877,False,True,False,False,True,occlusion + similar appearance
MOT17-05-FRCNN,338,33,34,12,337,0,0.59036,0.03937378612206462,43,0.03362832433427013,True,0.9028542041778564,False,False,False,False,True,similar appearance
MOT17-05-FRCNN,338,34,9,33,337,0,1.0,0.2800823771697558,36,0.024631992889095396,True,0.7964277863502502,False,False,False,False,False,other (detector jitter / missed det)
MOT17-05-FRCNN,339,33,12,34,338,0,0.51899,0.030580149114631874,36,0.03546729987141902,True,0.8312671184539795,False,False,False,False,False,other (detector jitter / missed det)
MOT17-05-FRCNN,339,34,33,9,338,0,1.0,0.26532441563814385,1,0.0242992021026305,True,0.7559285163879395,False,False,False,False,False,other (detector jitter / missed det)
MOT17-05-FRCNN,339,31,26,19,338,0,0.3875,0.6071846104793283,20,0.03818248064109059,True,0.5841471552848816,False,True,False,False,False,occlusion
MOT17-05-FRCNN,340,34,9,33,339,0,1.0,0.2519358862710947,36,0.0242992021026305,True,0.772453784942627,False,False,False,False,False,other (detector jitter / missed det)
MOT17-05-FRCNN,340,33,34,12,339,0,0.45946,0.021700722077123983,43,0.03546729987141902,True,0.8784710168838501,False,True,False,False,True,occlusion + similar appearance
MOT17-05-FRCNN,340,41,11,28,333,6,0.0,0.6071846104793283,38,0.02767410863242314,True,0.7478346824645996,False,True,False,False,False,occlusion
MOT17-05-FRCNN,340,31,19,26,339,0,0.32353,0.6071846104793283,41,0.03818248064109059,True,0.8563213348388672,False,True,False,False,True,occlusion + similar appearance
MOT17-05-FRCNN,341,34,33,9,340,0,1.0,0.24145813282001924,1,0.023870185114996938,True,0.7226914167404175,False,False,False,False,False,other (detector jitter / missed det)
MOT17-05-FRCNN,341,41,28,11,340,0,0.38814,0.3777286135693215,33,0.026066350710900472,True,0.5870212912559509,False,True,False,False,False,occlusion
MOT17-05-FRCNN,341,31,26,19,340,0,0.23636,0.3777286135693215,20,0.03818248064109059,True,0.5029456615447998,False,True,False,False,False,occlusion
MOT17-05-FRCNN,342,34,9,33,341,0,1.0,0.22655845277154205,36,0.0671725646767793,True,0.7773237824440002,False,False,False,False,False,other (detector jitter / missed det)
MOT17-05-FRCNN,342,42,24,21,341,0,0.37037,0.04007203962179198,35,0.07270140182390222,True,0.8382689356803894,False,True,False,False,False,occlusion
MOT17-05-FRCNN,342,41,11,26,341,0,0.55085,0.18483434222078463,31,0.026066350710900472,True,0.6665250062942505,False,False,False,False,False,other (detector jitter / missed det)
MOT17-05-FRCNN,343,34,33,9,342,0,0.904,0.2115697990222705,1,0.0671725646767793,True,0.6725847721099854,False,False,False,False,False,other (detector jitter / missed det)
MOT17-05-FRCNN,343,41,26,11,342,0,0.27036,0.10910323017845042,33,0.02144080106347183,True,0.616154134273529,False,True,False,False,False,occlusion
MOT17-05-FRCNN,344,34,9,33,343,0,0.81739,0.2069071779181616,36,0.0671725646767793,True,0.761978805065155,False,False,False,False,False,other (detector jitter / missed det)
MOT17-05-FRCNN,344,41,11,26,343,0,0.27036,0.09657017326294157,31,0.014917864581994674,True,0.7992836236953735,False,True,False,False,False,occlusion
MOT17-05-FRCNN,345,34,33,9,344,0,0.63248,0.2069071779181616,1,0.06629556734343763,True,0.577303409576416,False,False,False,False,False,other (detector jitter / missed det)
MOT17-05-FRCNN,345,42,21,24,344,0,0.76404,0.16965845909451946,35,0.07538554422152083,True,0.8912211656570435,False,False,False,False,True,similar appearance
MOT17-05-FRCNN,346,41,26,28,345,0,0.19512,0.14555265959399435,38,0.04747198478049136,True,0.8751923441886902,False,True,False,False,True,occlusion + similar appearance
MOT17-05-FRCNN,346,34,9,33,345,0,0.36134,0.1894781777895229,36,0.10027328012818357,True,0.7057023644447327,False,True,False,True,False,occlusion
MOT17-05-FRCNN,346,42,24,21,345,0,0.83516,0.1677510256516514,35,0.07538554422152083,True,0.8806958198547363,False,False,False,False,True,similar appearance
MOT17-05-FRCNN,347,41,28,11,346,0,0.23171,0.13979644582286152,33,0.05444038427101275,True,0.7167130708694458,False,True,False,False,False,occlusion
MOT17-05-FRCNN,347,42,21,24,346,0,0.83516,0.1501387837496846,35,0.10661116756332703,True,0.8855104446411133,False,False,False,True,True,similar appearance
MOT17-05-FRCNN,348,38,38,21,347,0,0.72818,0.1501387837496846,42,0.07072979686393278,True,0.8867170810699463,False,False,False,False,True,similar appearance
MOT17-05-FRCNN,348,41,11,26,347,0,0.31707,0.12465743980420207,31,0.05444038427101275,True,0.7835970520973206,False,True,False,False,False,occlusion
MOT17-05-FRCNN,349,31,19,34,348,0,0.47561,0.0,33,0.08128765741863822,True,0.47611671686172485,False,True,False,True,False,occlusion
MOT17-05-FRCNN,349,38,21,38,348,0,0.76829,0.14425949637217242,42,0.07072979686393278,True,0.892880380153656,False,False,False,False,True,similar appearance
MOT17-05-FRCNN,349,41,26,11,348,0,0.32099,0.12181061707353752,33,0.05444038427101275,True,0.6471035480499268,False,True,False,False,False,occlusion
MOT17-05-FRCNN,350,41,11,26,349,0,0.325,0.12040158288143045,31,0.04483869535195987,True,0.7651317119598389,False,True,False,False,False,occlusion
MOT17-05-FRCNN,350,38,38,21,349,0,0.79762,0.12694771054392506,42,0.06795490465468963,True,0.9112327694892883,False,False,False,False,True,similar appearance
MOT17-05-FRCNN,351,38,21,38,350,0,1.0,0.11805983594898298,42,0.06795490465468963,True,0.8846482038497925,False,False,False,False,True,similar appearance
MOT17-05-FRCNN,351,41,26,11,350,0,0.52041,0.11126444968763448,33,0.04483869535195987,True,0.6244518160820007,False,False,False,False,False,other (detector jitter / missed det)
MOT17-05-FRCNN,352,41,11,26,351,0,0.52041,0.11126444968763448,31,0.04298263240313632,True,0.6862906813621521,False,False,False,False,False,other (detector jitter / missed det)
MOT17-05-FRCNN,352,42,24,21,351,0,0.76119,0.11474025059833873,38,0.05741323687044569,True,0.8920369148254395,False,False,False,False,True,similar appearance
MOT17-05-FRCNN,353,41,26,11,352,0,0.67925,0.458203125,33,0.04025891027118616,True,0.5621726512908936,False,True,False,False,False,occlusion
MOT17-05-FRCNN,354,41,11,26,353,0,0.72174,0.458203125,31,0.03857567913420132,True,0.657056450843811,False,True,False,False,False,occlusion
MOT17-05-FRCNN,358,46,11,28,357,0,0.052083,0.18011775252586437,41,0.024674139449846533,True,0.7661929130554199,False,True,False,False,False,occlusion
MOT17-05-FRCNN,358,38,38,40,357,0,1.0,0.4643846902853719,44,0.046070044275991706,True,0.9061890244483948,False,True,False,False,True,occlusion + similar appearance
MOT17-05-FRCNN,359,38,40,38,358,0,1.0,0.3900709219858156,42,0.1483764500662287,True,0.8706830143928528,False,True,False,True,True,occlusion + similar appearance
MOT17-05-FRCNN,364,46,28,11,363,0,0.46189,0.09613124327266878,41,0.026963076496132027,True,0.704837441444397,False,True,False,False,False,occlusion
MOT17-05-FRCNN,372,47,39,41,348,23,0.0,0.19469026548672566,44,0.046296296296296294,False,0.49043774604797363,True,True,False,False,False,occlusion
MOT17-05-FRCNN,378,49,34,11,377,0,0.45736,0.3151613778139409,145,0.02483798569649193,True,0.6534388065338135,False,True,False,False,False,occlusion
MOT17-05-FRCNN,379,48,28,34,378,0,1.0,0.305066946705172,49,0.017568209223157664,True,0.8592311143875122,False,True,False,False,True,occlusion + similar appearance
MOT17-05-FRCNN,381,48,34,11,380,0,1.0,0.4080578512396694,49,0.05212545593684142,True,0.9290564060211182,False,True,False,False,True,occlusion + similar appearance
MOT17-05-FRCNN,381,144,26,9,380,0,1.0,0.09659090909090909,34,0.1011126373511183,True,0.8052347898483276,False,False,False,True,False,fast motion
MOT17-05-FRCNN,381,49,11,34,379,1,0.34375,0.4080578512396694,48,0.031475429096251756,True,0.9290564060211182,False,True,False,False,True,occlusion + similar appearance
MOT17-05-FRCNN,382,48,11,28,381,0,1.0,0.4080578512396694,46,0.05719794522770556,True,0.7465879917144775,False,True,False,False,False,occlusion
MOT17-05-FRCNN,382,144,9,26,381,0,1.0,0.04404145077720207,41,0.1011126373511183,True,0.5130486488342285,False,False,False,True,False,fast motion
MOT17-05-FRCNN,384,50,35,1,383,0,1.0,0.0,1,0.03567289856718271,True,0.7891725897789001,False,False,False,False,False,other (detector jitter / missed det)
MOT17-05-FRCNN,385,49,34,28,384,0,0.45535,0.31181619256017507,48,0.06685474117524026,True,0.721587598323822,False,True,False,False,False,occlusion
MOT17-05-FRCNN,385,50,1,35,384,0,1.0,0.0,35,0.03567289856718271,True,0.8982857465744019,False,False,False,False,True,similar appearance
MOT17-05-FRCNN,385,144,26,9,384,0,0.77547,0.08951406649616368,34,0.3611111111111111,True,0.7905591726303101,False,False,False,True,False,fast motion
MOT17-05-FRCNN,385,48,28,34,383,1,1.0,0.3588633288227334,49,0.0418397120073593,True,0.721587598323822,False,True,False,False,False,occlusion
MOT17-05-FRCNN,386,144,9,26,385,0,0.77547,0.08951406649616368,41,0.3611111111111111,True,0.6194378137588501,False,False,False,True,False,fast motion
MOT17-05-FRCNN,386,50,35,1,385,0,1.0,0.0,1,0.03567289856718271,True,0.8158841133117676,False,False,False,False,False,other (detector jitter / missed det)
MOT17-05-FRCNN,387,50,1,35,386,0,1.0,0.0,35,0.028409465802717537,True,0.9068281054496765,False,False,False,False,True,similar appearance
MOT17-05-FRCNN,387,49,28,11,386,0,0.39286,0.29571984435797666,48,0.07355486768091414,True,0.8640269041061401,False,True,False,False,True,occlusion + similar appearance
MOT17-05-FRCNN,388,50,35,1,387,0,1.0,0.0,1,0.028409465802717537,True,0.8246831893920898,False,False,False,False,False,other (detector jitter / missed det)
MOT17-05-FRCNN,389,50,1,35,388,0,1.0,0.0,35,0.02886150127292031,True,0.9269914627075195,False,False,False,False,True,similar appearance
MOT17-05-FRCNN,390,50,35,1,389,0,1.0,0.0,1,0.02886150127292031,True,0.822089433670044,False,False,False,False,False,other (detector jitter / missed det)
MOT17-05-FRCNN,390,145,11,9,376,13,0.63636,0.1608832807570978,144,0.31943828249996997,True,0.547761082649231,False,True,False,True,False,occlusion
MOT17-05-FRCNN,391,50,1,35,390,0,1.0,0.0,35,0.02886150127292031,True,0.9174034595489502,False,False,False,False,True,similar appearance
MOT17-05-FRCNN,392,50,35,1,391,0,1.0,0.0,1,0.026565372087373914,True,0.817345142364502,False,False,False,False,False,other (detector jitter / missed det)
MOT17-05-FRCNN,393,50,1,35,392,0,0.98077,0.0,35,0.04400490454405764,True,0.8939176797866821,False,False,False,False,True,similar appearance
MOT17-05-FRCNN,393,49,11,28,392,0,0.47451,0.2805503102239007,48,0.09876543209876543,True,0.8562058806419373,False,True,False,True,True,occlusion + similar appearance
MOT17-05-FRCNN,394,50,35,1,393,0,0.91566,0.0,1,0.04400490454405764,True,0.7725290656089783,False,False,False,False,False,other (detector jitter / missed det)
MOT17-05-FRCNN,395,50,1,35,394,0,0.86364,0.0,35,0.04400490454405764,True,0.883594274520874,False,False,False,False,True,similar appearance
MOT17-05-FRCNN,396,48,34,11,395,0,1.0,0.4478114478114478,49,0.06425482693964914,True,0.8992248773574829,False,True,False,False,True,occlusion + similar appearance
MOT17-05-FRCNN,397,50,35,1,396,0,0.78191,0.0,1,0.024010901282749797,True,0.77207350730896,False,False,False,False,False,other (detector jitter / missed det)
MOT17-05-FRCNN,398,50,1,35,397,0,0.72881,0.0,35,0.030906559489874214,True,0.9183905720710754,False,False,False,False,True,similar appearance
MOT17-05-FRCNN,398,48,11,34,397,0,1.0,0.5071076298230345,49,0.05747126436781609,True,0.8961142301559448,False,True,False,False,True,occlusion + similar appearance
MOT17-05-FRCNN,399,48,34,28,398,0,1.0,0.5068493150684932,49,0.05172413793103448,True,0.914429247379303,False,True,False,False,True,occlusion + similar appearance
MOT17-05-FRCNN,400,48,28,34,399,0,1.0,0.49868073878627966,49,0.05555555555555555,True,0.8976578116416931,False,True,False,False,True,occlusion + similar appearance
MOT17-05-FRCNN,404,48,34,28,400,3,1.0,0.49786628733997157,49,0.03644344934278313,True,0.8565976023674011,False,True,False,False,True,occlusion + similar appearance
MOT17-05-FRCNN,405,49,28,34,403,1,0.32143,0.4479495268138801,48,0.04392052305789416,True,0.8952224254608154,False,True,False,False,True,occlusion + similar appearance
MOT17-05-FRCNN,406,48,28,24,404,1,1.0,0.4410174880763116,45,0.035554584724666466,True,0.7025569677352905,False,True,False,False,False,occlusion
MOT17-05-FRCNN,407,48,24,28,406,0,1.0,0.4410174880763116,49,0.035554584724666466,True,0.8882864117622375,False,True,False,False,True,occlusion + similar appearance
MOT17-05-FRCNN,413,49,34,40,412,0,0.36,0.37037037037037035,127,0.07250212853410104,True,0.7096971273422241,False,True,False,False,False,occlusion
MOT17-05-FRCNN,414,49,40,34,413,0,0.375,0.34525877040639114,48,0.09395538073328405,True,0.8835470676422119,False,True,False,True,True,occlusion + similar appearance
MOT17-05-FRCNN,417,48,28,34,413,3,1.0,0.34525877040639114,49,0.08441558441558442,True,0.891693115234375,False,True,False,True,True,occlusion + similar appearance
MOT17-05-FRCNN,417,49,34,11,416,0,0.45195,0.3197969543147208,48,0.10323658852304518,True,0.891693115234375,False,True,False,True,True,occlusion + similar appearance
MOT17-05-FRCNN,419,48,34,28,418,0,1.0,0.38099747474747475,49,0.08540874310367472,True,0.8745133876800537,False,True,False,True,True,occlusion + similar appearance
MOT17-05-FRCNN,420,49,11,34,418,1,0.23673,0.49489975378121703,48,0.07081971546656646,True,0.9175941348075867,False,True,False,False,True,occlusion + similar appearance
MOT17-05-FRCNN,421,48,28,11,420,0,1.0,0.49489975378121703,49,0.07899691597789896,True,0.9408908486366272,False,True,False,False,True,occlusion + similar appearance
MOT17-05-FRCNN,424,49,34,28,423,0,0.26087,0.44169756901524515,48,0.12056339120450381,True,0.8679351806640625,False,True,False,True,True,occlusion + similar appearance
MOT17-05-FRCNN,425,48,11,34,424,0,1.0,0.2815126050420168,49,0.10628614750923362,True,0.8252864480018616,False,False,False,True,False,fast motion
MOT17-05-FRCNN,426,48,34,11,425,0,1.0,0.2855942881142377,49,0.11804968038197332,True,0.8825588822364807,False,False,False,True,True,similar appearance
MOT17-05-FRCNN,427,48,11,34,426,0,1.0,0.34991423670668953,49,0.11804968038197332,True,0.8382885456085205,False,True,False,True,False,occlusion
MOT17-05-FRCNN,428,128,42,35,427,0,1.0,0.3518140589569161,54,0.053408103958777986,True,0.8382043838500977,False,True,False,False,False,occlusion
MOT17-05-FRCNN,428,48,34,11,427,0,1.0,0.39561366512020246,49,0.11804968038197332,True,0.8822623491287231,False,True,False,True,True,occlusion + similar appearance
MOT17-05-FRCNN,429,128,35,42,428,0,0.62602,0.3518140589569161,54,0.053408103958777986,False,0.8702380061149597,False,True,False,False,False,occlusion
MOT17-05-FRCNN,430,49,28,34,429,0,0.34054,0.5062034739454094,48,0.07565439499210544,True,0.8874127864837646,False,True,False,False,True,occlusion + similar appearance
MOT17-05-FRCNN,437,49,34,28,435,1,0.17703,0.5632183908045977,48,0.08725793173037895,True,0.8799890279769897,False,True,False,True,True,occlusion + similar appearance
MOT17-05-FRCNN,437,128,42,43,435,1,0.0,0.3860748706188602,51,0.02982158938018068,True,0.859463095664978,False,True,False,False,True,occlusion + similar appearance
MOT17-05-FRCNN,438,128,43,42,437,0,0.0,0.37033247694184873,51,0.02999962871976385,False,0.9098463654518127,False,True,False,False,False,occlusion
MOT17-05-FRCNN,438,49,28,34,437,0,0.0,0.4423076923076923,48,0.08725793173037895,True,0.8523285388946533,False,True,False,True,True,occlusion + similar appearance
MOT17-05-FRCNN,441,54,35,45,421,19,0.0,0.3518140589569161,128,0.04041208703863685,False,0.776004433631897,True,True,False,False,False,occlusion
MOT17-05-FRCNN,445,48,11,34,438,6,0.0,0.4798951048951049,49,0.03492479118899167,True,0.8955112099647522,False,True,False,False,True,occlusion + similar appearance
MOT17-05-FRCNN,448,49,34,11,444,3,0.17391,0.4798951048951049,48,0.011785113019775794,True,0.8443725109100342,False,True,False,False,False,occlusion
MOT17-05-FRCNN,448,48,34,28,447,0,1.0,0.37888198757763975,49,0.029035955109983524,True,0.8443725109100342,False,True,False,False,False,occlusion
MOT17-05-FRCNN,449,48,28,34,448,0,1.0,0.3291139240506329,49,0.029877576997229423,True,0.9097517728805542,False,True,False,False,True,occlusion + similar appearance
MOT17-05-FRCNN,450,48,34,28,449,0,0.88889,0.3012345679012346,49,0.10738068841694934,True,0.9009560942649841,False,True,False,True,True,occlusion + similar appearance
MOT17-05-FRCNN,469,38,38,21,468,0,0.0,0.0711743772241993,42,0.009708737864077669,True,0.5376617312431335,False,True,False,False,False,occlusion
MOT17-05-FRCNN,470,38,21,38,469,0,0.0,0.05386825364252001,42,0.03333333333333333,True,0.4556872546672821,False,True,False,False,False,occlusion
MOT17-05-FRCNN,512,128,42,46,490,21,0.0,0.35974045571148333,124,0.010312689549544616,False,0.9420114755630493,True,True,False,False,False,occlusion
MOT17-05-FRCNN,513,56,47,48,512,0,0.54118,0.16543726235741446,55,0.0352063657130941,False,0.9014892578125,True,False,False,False,False,other (detector jitter / missed det)
MOT17-05-FRCNN,521,128,46,42,515,5,0.1227,0.31067537280850693,124,0.013503621044599325,False,0.5601189732551575,False,True,False,False,False,occlusion
MOT17-05-FRCNN,523,55,47,48,522,0,0.36364,0.25579845374566784,56,0.0293611667383061,True,0.7972143888473511,False,True,False,False,False,occlusion
MOT17-05-FRCNN,524,53,40,46,519,4,0.0,0.2198939414980892,128,0.00916078694322021,True,0.4078914523124695,False,True,False,False,False,occlusion
MOT17-05-FRCNN,524,55,48,47,523,0,0.375,0.24429476669473124,56,0.010756046463157753,True,0.7875341773033142,False,True,False,False,False,occlusion
MOT17-05-FRCNN,525,55,47,48,524,0,0.40678,0.22413735954125094,56,0.010756046463157753,True,0.8171076774597168,False,True,False,False,False,occlusion
MOT17-05-FRCNN,526,55,48,47,525,0,0.47009,0.18932502819094668,56,0.0236136640776657,True,0.8240954279899597,False,True,False,False,False,occlusion
MOT17-05-FRCNN,527,55,47,48,526,0,0.4717,0.17139147370698982,56,0.0236136640776657,True,0.7947391867637634,False,True,False,False,False,occlusion
MOT17-05-FRCNN,528,55,48,47,527,0,0.43,0.17726991970352068,56,0.023695941652849207,True,0.8374544382095337,False,True,False,False,False,occlusion
MOT17-05-FRCNN,531,57,45,48,530,0,0.84211,0.03134221032011704,55,0.07285357236216036,True,0.8525446653366089,False,False,False,False,True,similar appearance
MOT17-05-FRCNN,532,57,48,45,531,0,0.84211,0.03134221032011704,54,0.07285357236216036,True,0.5646476745605469,False,False,False,False,False,other (detector jitter / missed det)
MOT17-05-FRCNN,533,57,45,48,532,0,1.0,0.0,55,0.07285357236216036,True,0.7615785598754883,False,False,False,False,False,other (detector jitter / missed det)
MOT17-05-FRCNN,536,53,46,44,526,9,0.0,0.20857410101849927,124,0.02147239263803681,False,0.6354913115501404,True,True,False,False,False,occlusion
MOT17-05-FRCNN,538,58,40,45,537,0,0.47826,0.07587955782061698,57,0.05695648329281249,True,0.7806739807128906,False,True,False,False,False,occlusion
MOT17-05-FRCNN,539,54,45,49,511,27,0.0,0.5386338185890257,52,0.028846028341604643,False,0.8044038414955139,True,True,False,False,False,occlusion
MOT17-05-FRCNN,539,58,45,40,538,0,0.71429,0.04693745970341715,53,0.05695648329281249,True,0.7586343288421631,False,False,False,False,False,other (detector jitter / missed det)
MOT17-05-FRCNN,546,55,47,45,537,8,0.052174,0.3219887811175469,58,0.04004130099190043,True,0.4844864308834076,False,True,False,False,False,occlusion
MOT17-05-FRCNN,558,52,35,45,552,5,0.0,0.43029419560031806,55,0.015886008679145507,True,0.8403921127319336,False,True,False,False,False,occlusion
MOT17-05-FRCNN,562,60,35,45,557,4,0.0,0.3830673633667561,52,0.022182401266520192,True,0.6165695190429688,False,True,False,False,False,occlusion
MOT17-05-FRCNN,568,53,44,35,563,4,0.0,0.4881111111111111,62,0.030218315132500513,True,0.8422592282295227,False,True,False,False,False,occlusion
MOT17-05-FRCNN,569,54,49,44,568,0,0.27368,0.3481900775341293,53,0.014918257969837128,True,0.8460893034934998,False,True,False,False,False,occlusion
MOT17-05-FRCNN,571,53,35,49,569,1,0.55556,0.4917519908987486,54,0.01963407321839548,True,0.8797613978385925,False,True,False,False,True,occlusion + similar appearance
MOT17-05-FRCNN,577,53,49,45,571,5,0.0,0.6525134328358209,60,0.020895522388059702,True,0.9591077566146851,False,True,False,False,True,occlusion + similar appearance
MOT17-05-FRCNN,579,54,44,45,573,5,0.0,0.6525134328358209,53,0.00438444701470547,True,0.9104187488555908,False,True,False,False,True,occlusion + similar appearance
MOT17-05-FRCNN,580,53,45,44,578,1,0.051282,0.5623389586573504,54,0.02265381130302628,True,0.894791305065155,False,True,False,False,True,occlusion + similar appearance
MOT17-05-FRCNN,581,54,45,49,579,1,0.0,0.5125591554423007,53,0.001953125,True,0.9115840792655945,False,True,False,False,True,occlusion + similar appearance
MOT17-05-FRCNN,583,61,35,47,582,0,0.46939,0.021550939135291332,59,0.03743009088991074,True,0.6906781792640686,False,True,False,False,False,occlusion
MOT17-05-FRCNN,584,61,47,35,583,0,0.69388,0.012126965292198161,53,0.06887230180719928,True,0.5964602828025818,False,False,False,False,False,other (detector jitter / missed det)
MOT17-05-FRCNN,585,61,35,47,584,0,0.90385,0.0034309520892047544,59,0.06887230180719928,True,0.6921314597129822,False,False,False,False,False,other (detector jitter / missed det)
MOT17-05-FRCNN,586,61,47,35,585,0,1.0,0.0,53,0.06887230180719928,True,0.591254472732544,False,False,False,False,False,other (detector jitter / missed det)
MOT17-05-FRCNN,587,54,49,45,586,0,0.25,0.3098414197457994,53,0.06165535339907805,True,0.7945406436920166,False,True,False,False,False,occlusion
MOT17-05-FRCNN,587,61,35,47,586,0,1.0,0.0,59,0.04672253439180312,True,0.7132648229598999,False,False,False,False,False,other (detector jitter / missed det)
MOT17-05-FRCNN,588,61,47,35,587,0,1.0,0.0,53,0.0581331971225976,True,0.5239458680152893,False,False,False,False,False,other (detector jitter / missed det)
MOT17-05-FRCNN,589,61,35,47,588,0,1.0,0.0,59,0.14680505487867587,True,0.7283968925476074,False,False,False,True,False,fast motion
MOT17-05-FRCNN,590,61,47,35,589,0,1.0,0.0,53,0.14680505487867587,True,0.4866192936897278,False,False,False,True,False,fast motion
MOT17-05-FRCNN,591,61,35,47,590,0,1.0,0.0,59,0.14680505487867587,True,0.7597172856330872,False,False,False,True,False,fast motion
MOT17-05-FRCNN,591,54,45,49,590,0,0.5914,0.20189624116703944,53,0.07882255389114423,True,0.49020248651504517,False,False,False,False,False,other (detector jitter / missed det)
MOT17-05-FRCNN,592,54,49,45,591,0,0.5,0.15468157573420732,53,0.07587718548174621,True,0.445853054523468,False,False,False,False,False,other (detector jitter / missed det)
MOT17-05-FRCNN,592,61,47,35,591,0,1.0,0.0,53,0.08586938437505055,True,0.4606902003288269,False,False,False,True,False,fast motion
MOT17-05-FRCNN,593,61,35,47,592,0,1.0,0.0,59,0.08903250749248036,True,0.7962830662727356,False,False,False,True,False,fast motion
MOT17-05-FRCNN,594,61,47,35,593,0,0.98734,0.0,53,0.08903250749248036,True,0.5066450834274292,False,False,False,True,False,fast motion
MOT17-05-FRCNN,594,54,45,49,593,0,0.40845,0.10273483947681332,53,0.07587718548174621,True,0.6362418532371521,False,True,False,False,False,occlusion
MOT17-05-FRCNN,595,61,35,47,594,0,0.82759,0.01855922409300007,59,0.08903250749248036,True,0.751011312007904,False,False,False,True,False,fast motion
MOT17-05-FRCNN,595,54,49,45,594,0,0.39726,0.14383727500201793,53,0.0690144437499935,True,0.7346833348274231,False,True,False,False,False,occlusion
MOT17-05-FRCNN,596,61,47,35,595,0,0.71739,0.03568858661590957,53,0.07363866092014332,True,0.5459545850753784,False,False,False,False,False,other (detector jitter / missed det)
MOT17-05-FRCNN,597,54,45,49,596,0,0.37333,0.20948275862068966,53,0.04803546308612655,True,0.744195282459259,False,True,False,False,False,occlusion
MOT17-05-FRCNN,616,63,47,50,615,0,0.43,0.10582515365562792,129,0.04291403503650276,False,0.7425423860549927,True,True,False,False,False,occlusion
MOT17-05-FRCNN,617,63,50,52,616,0,0.29245,0.15536115971007247,129,0.042071197411003236,False,0.7798634767532349,True,True,False,False,False,occlusion
MOT17-05-FRCNN,628,65,53,52,624,3,0.0,0.14778159602901872,63,0.028765853201983677,True,0.6769028306007385,False,True,False,False,False,occlusion
MOT17-05-FRCNN,629,69,49,47,628,0,0.43939,0.24741803432606002,63,0.037061900179554526,True,0.5794495344161987,False,True,False,False,False,occlusion
MOT17-05-FRCNN,630,69,47,49,629,0,0.5,0.21308673856904148,109,0.037061900179554526,True,0.79030841588974,False,False,False,False,False,other (detector jitter / missed det)
MOT17-05-FRCNN,631,69,49,47,630,0,0.46479,0.15911415170857285,63,0.037061900179554526,True,0.791436493396759,False,True,False,False,False,occlusion
MOT17-05-FRCNN,633,65,52,53,628,4,0.0,0.2223189679949955,129,0.02307708372547198,False,0.9098296165466309,False,True,False,False,False,occlusion
MOT17-05-FRCNN,636,69,47,52,633,2,0.0,0.21411380436651195,65,0.07476080285343001,True,0.6275450587272644,False,True,False,False,False,occlusion
MOT17-05-FRCNN,637,109,49,47,623,13,0.0,0.40074640127954503,69,0.03197674418604651,True,0.6564452052116394,False,True,False,False,False,occlusion
MOT17-05-FRCNN,638,109,47,49,637,0,0.10909,0.2347009735744089,69,0.029558457709179087,True,0.6542978286743164,False,True,False,False,False,occlusion
MOT17-05-FRCNN,639,109,49,47,638,0,0.076923,0.21968190854870775,69,0.029558457709179087,True,0.7677558064460754,False,True,False,False,False,occlusion
MOT17-05-FRCNN,640,109,47,49,639,0,0.06,0.2076973124468245,69,0.0312107938544127,True,0.7612831592559814,False,True,False,False,False,occlusion
MOT17-05-FRCNN,640,69,52,55,637,2,0.0,0.36373873873873874,129,0.08225328782927623,True,0.9055508971214294,False,True,False,True,True,occlusion + similar appearance
MOT17-05-FRCNN,641,69,55,53,640,0,0.014815,0.3550722253298674,65,0.07847549136617075,True,0.8178951144218445,False,True,False,False,False,occlusion
MOT17-05-FRCNN,642,109,49,47,641,0,0.021277,0.17240053815106668,69,0.0312107938544127,True,0.7783376574516296,False,True,False,False,False,occlusion
MOT17-05-FRCNN,642,128,42,56,626,15,0.62877,0.08401455934124948,66,0.0032786920491199266,False,0.3032132387161255,True,True,False,False,False,occlusion
MOT17-05-FRCNN,644,109,47,49,642,1,0.06,0.1802773497688752,69,0.028667538173074228,True,0.7405863404273987,False,True,False,False,False,occlusion
MOT17-05-FRCNN,645,109,49,47,644,0,0.15789,0.1813953488372093,69,0.028667538173074228,True,0.7317831516265869,False,True,False,False,False,occlusion
MOT17-05-FRCNN,646,129,55,52,645,0,0.94862,0.06371292566825339,69,0.040400407451689435,True,0.7256446480751038,False,False,False,False,False,other (detector jitter / missed det)
MOT17-05-FRCNN,647,109,47,49,646,0,0.13725,0.18253968253968253,69,0.02954982197850284,True,0.6856353282928467,False,True,False,False,False,occlusion
MOT17-05-FRCNN,648,109,49,47,647,0,0.1087,0.17110865794038796,69,0.02954982197850284,True,0.6752151250839233,False,True,False,False,False,occlusion
MOT17-05-FRCNN,649,109,47,49,648,0,0.073171,0.16176874485031584,69,0.024726536057999703,True,0.6868942975997925,False,True,False,False,False,occlusion
MOT17-05-FRCNN,650,109,49,47,649,0,0.023256,0.19309173272933183,69,0.032418953616519,True,0.7396182417869568,False,True,False,False,False,occlusion
MOT17-05-FRCNN,651,109,47,49,650,0,0.021739,0.19309173272933183,69,0.032418953616519,True,0.700802206993103,False,True,False,False,False,occlusion
MOT17-05-FRCNN,658,129,52,53,657,0,0.93478,0.12602545968882603,69,0.013283572143563108,True,0.7891448736190796,False,False,False,False,False,other (detector jitter / missed det)
MOT17-05-FRCNN,659,129,53,52,658,0,0.93478,0.13498675553276937,69,0.025656490640924977,True,0.7872948050498962,False,False,False,False,False,other (detector jitter / missed det)
MOT17-05-FRCNN,661,67,35,47,660,0,0.35088,0.6194463431305537,109,0.02843601895734597,True,0.8965066075325012,False,True,False,False,True,occlusion + similar appearance
MOT17-05-FRCNN,662,67,47,35,661,0,0.35088,0.6194463431305537,61,0.02843601895734597,True,0.7225923538208008,False,True,False,False,False,occlusion
MOT17-05-FRCNN,683,73,53,47,682,0,0.37805,0.45264608599779493,72,0.03971660148305885,True,0.781288743019104,False,True,False,False,False,occlusion
MOT17-05-FRCNN,684,129,52,55,683,0,1.0,0.15568905616676318,69,0.025082883979150167,True,0.7432637810707092,False,False,False,False,False,other (detector jitter / missed det)
MOT17-05-FRCNN,684,73,47,53,683,0,0.39773,0.485674004002183,70,0.03971660148305885,True,0.8586216568946838,False,True,False,False,True,occlusion + similar appearance
MOT17-05-FRCNN,685,73,53,47,684,0,0.4086,0.485674004002183,72,0.03971660148305885,True,0.7008160352706909,False,True,False,False,False,occlusion
MOT17-05-FRCNN,685,129,55,52,684,0,1.0,0.15568905616676318,69,0.023963069814267733,True,0.7709236145019531,False,False,False,False,False,other (detector jitter / missed det)
MOT17-05-FRCNN,686,73,47,53,685,0,0.44898,0.520540308747856,70,0.03663488271499547,True,0.8466706871986389,False,True,False,False,False,occlusion
MOT17-05-FRCNN,687,73,53,47,686,0,0.49438,0.6565886531281304,72,0.03663488271499547,True,0.6338127851486206,False,True,False,False,False,occlusion
MOT17-05-FRCNN,688,73,47,53,687,0,0.55,0.7402298850574712,70,0.03663488271499547,True,0.7525815963745117,False,True,False,False,False,occlusion
MOT17-05-FRCNN,693,76,55,47,692,0,0.87302,0.21874165108201976,74,0.037142857142857144,True,0.7413417100906372,False,False,False,False,False,other (detector jitter / missed det)
MOT17-05-FRCNN,699,78,53,58,697,1,0.47956,0.3020603664563217,80,0.03999510678038435,False,0.7766327857971191,True,True,False,False,False,occlusion
MOT17-05-FRCNN,700,129,52,55,699,0,1.0,0.05191127890514394,76,0.0283331637148054,True,0.838999330997467,False,False,False,False,False,other (detector jitter / missed det)
MOT17-05-FRCNN,700,80,53,58,699,0,0.23729,0.3573078929716032,78,0.056269703892377725,True,0.8175420761108398,False,True,False,False,False,occlusion
MOT17-05-FRCNN,703,129,55,52,702,0,0.99541,0.155079352291952,69,0.015335246050719925,True,0.7732334733009338,False,False,False,False,False,other (detector jitter / missed det)
MOT17-05-FRCNN,703,75,47,35,702,0,0.48824,0.17995615408706545,67,0.04024103700809303,True,0.7324248552322388,False,True,False,False,False,occlusion
MOT17-05-FRCNN,704,75,35,47,703,0,0.25863,0.22049131216297185,76,0.07391824904123687,True,0.8473076820373535,False,True,False,False,False,occlusion
MOT17-05-FRCNN,707,81,53,47,706,0,0.52292,0.4800583657587549,75,0.06301219743463675,True,0.8454268574714661,False,True,False,False,False,occlusion
MOT17-05-FRCNN,708,81,47,53,707,0,0.72756,0.45452273863068465,80,0.06301219743463675,True,0.5560959577560425,False,True,False,False,False,occlusion
MOT17-05-FRCNN,709,81,53,47,708,0,1.0,0.4370927318295739,75,0.05537013808197179,True,0.8300296068191528,False,True,False,False,False,occlusion
MOT17-05-FRCNN,712,82,53,35,710,1,0.15152,0.2984948622702494,75,0.02321170349011152,True,0.7528340816497803,False,True,False,False,False,occlusion
MOT17-05-FRCNN,713,82,35,55,712,0,0.42667,0.15653091909530056,129,0.02321170349011152,True,0.7599228024482727,False,True,False,False,False,occlusion
MOT17-05-FRCNN,714,82,55,58,713,0,1.0,0.0439134646432031,80,0.02321170349011152,True,0.5915225744247437,False,False,False,False,False,other (detector jitter / missed det)
MOT17-05-FRCNN,715,82,58,47,714,0,0.93548,0.038914588201630976,81,0.02109704641350211,True,0.8173593878746033,False,False,False,False,False,other (detector jitter / missed det)
MOT17-05-FRCNN,716,82,47,35,715,0,0.88889,0.03490759753593429,75,0.007692307692307693,True,0.8041465282440186,False,False,False,False,False,other (detector jitter / missed det)
MOT17-05-FRCNN,717,82,35,47,716,0,0.83019,0.04865316797616113,81,0.007692307692307693,True,0.7294203042984009,False,False,False,False,False,other (detector jitter / missed det)
MOT17-05-FRCNN,718,82,47,53,717,0,0.81481,0.05565061599162573,81,0.020618556701030927,True,0.7367699146270752,False,False,False,False,False,other (detector jitter / missed det)
MOT17-05-FRCNN,718,129,52,55,717,0,1.0,0.05565061599162573,82,0.02000364512439166,True,0.8514193296432495,False,False,False,False,True,similar appearance
MOT17-05-FRCNN,719,129,55,52,718,0,1.0,0.05565061599162573,69,0.02000364512439166,True,0.8166741132736206,False,False,False,False,False,other (detector jitter / missed det)
MOT17-05-FRCNN,719,82,53,47,718,0,0.81481,0.05565061599162573,81,0.020618556701030927,True,0.7234162092208862,False,False,False,False,False,other (detector jitter / missed det)
MOT17-05-FRCNN,720,82,47,53,719,0,0.85455,0.04676400947119179,81,0.03211141452973256,True,0.7597880959510803,False,False,False,False,False,other (detector jitter / missed det)
MOT17-05-FRCNN,720,129,52,55,719,0,1.0,0.04676400947119179,82,0.02000364512439166,True,0.8465575575828552,False,False,False,False,False,other (detector jitter / missed det)
MOT17-05-FRCNN,721,82,53,35,720,0,0.79412,0.006124039639238392,75,0.03650552096908754,True,0.7969453930854797,False,False,False,False,False,other (detector jitter / missed det)
MOT17-05-FRCNN,721,129,55,52,720,0,1.0,0.06729787431541817,69,0.015741160912238275,True,0.775952160358429,False,False,False,False,False,other (detector jitter / missed det)
MOT17-05-FRCNN,722,82,35,53,721,0,0.76596,0.003420398009950249,81,0.03650552096908754,True,0.7466254830360413,False,False,False,False,False,other (detector jitter / missed det)
MOT17-05-FRCNN,722,129,52,55,721,0,1.0,0.06729787431541817,82,0.015741160912238275,True,0.8308412432670593,False,False,False,False,False,other (detector jitter / missed det)
MOT17-05-FRCNN,723,82,53,35,722,0,0.76596,0.03538937752444226,75,0.03650552096908754,True,0.8139780759811401,False,False,False,False,False,other (detector jitter / missed det)
MOT17-05-FRCNN,723,129,55,52,722,0,1.0,0.0610375565314282,69,0.015741160912238275,True,0.7344851493835449,False,False,False,False,False,other (detector jitter / missed det)
MOT17-05-FRCNN,724,82,35,53,723,0,0.76923,0.03538937752444226,81,0.013175951301755032,True,0.738327145576477,False,False,False,False,False,other (detector jitter / missed det)
MOT17-05-FRCNN,727,131,58,35,726,0,0.057692,0.31645569620253167,82,0.07929049280033963,True,0.8311847448348999,False,True,False,False,False,occlusion
MOT17-05-FRCNN,728,131,35,58,727,0,0.057692,0.31645569620253167,82,0.04300130725961134,True,0.7437402009963989,False,True,False,False,False,occlusion
MOT17-05-FRCNN,729,131,58,35,728,0,0.43315,0.14127423822714683,82,0.031002722158513525,True,0.7280263304710388,False,True,False,False,False,occlusion
MOT17-05-FRCNN,730,131,35,58,729,0,0.34249,0.10752688172043011,82,0.0277296776935901,True,0.7285140156745911,False,True,False,False,False,occlusion
MOT17-05-FRCNN,738,86,53,58,737,0,0.52542,0.10012702835600722,131,0.047835354960467424,True,0.646281898021698,False,False,False,False,False,other (detector jitter / missed det)
MOT17-05-FRCNN,739,86,58,53,738,0,0.625,0.08944444444444444,82,0.04428513685602596,True,0.5950934886932373,False,False,False,False,False,other (detector jitter / missed det)
MOT17-05-FRCNN,740,86,53,58,739,0,0.68116,0.08337176428127444,131,0.04009433962264151,True,0.6973601579666138,False,False,False,False,False,other (detector jitter / missed det)
MOT17-05-FRCNN,741,86,58,53,740,0,0.76389,0.06933882249795109,82,0.04009433962264151,True,0.6300662159919739,False,False,False,False,False,other (detector jitter / missed det)
MOT17-05-FRCNN,742,86,53,58,741,0,0.76923,0.06933882249795109,131,0.054251389810758686,True,0.6926119327545166,False,False,False,False,False,other (detector jitter / missed det)
MOT17-05-FRCNN,742,87,35,54,741,0,0.19413,0.11857018308631212,66,0.0196991618069098,True,0.6338000893592834,False,True,False,False,False,occlusion
MOT17-05-FRCNN,744,87,54,35,743,0,0.32173,0.09336753389519971,131,0.02476227853496775,True,0.7717331051826477,False,True,False,False,False,occlusion
MOT17-05-FRCNN,745,87,35,54,744,0,0.35014,0.08839333013798845,66,0.02476227853496775,True,0.6753230094909668,False,True,False,False,False,occlusion
MOT17-05-FRCNN,745,86,58,53,744,0,1.0,0.12622309197651663,82,0.05447819874433632,True,0.636114239692688,False,False,False,False,False,other (detector jitter / missed det)
MOT17-05-FRCNN,746,86,53,58,745,0,1.0,0.16059097478721696,131,0.05470494239758739,True,0.6634876132011414,False,False,False,False,False,other (detector jitter / missed det)
MOT17-05-FRCNN,747,86,58,53,746,0,0.98165,0.17008923114533675,82,0.05470494239758739,True,0.6340059638023376,False,False,False,False,False,other (detector jitter / missed det)
MOT17-05-FRCNN,748,86,53,58,747,0,0.82353,0.17008923114533675,131,0.05470494239758739,True,0.6933412551879883,False,False,False,False,False,other (detector jitter / missed det)
MOT17-05-FRCNN,749,86,58,53,748,0,0.66393,0.13365389724244195,82,0.054252199413489736,True,0.6342149376869202,False,False,False,False,False,other (detector jitter / missed det)
MOT17-05-FRCNN,752,87,54,35,751,0,0.39117,0.0905685507367019,131,0.038351947976344655,True,0.7287092208862305,False,True,False,False,False,occlusion
MOT17-05-FRCNN,753,87,35,54,752,0,0.4251,0.0905685507367019,66,0.03808745178340435,True,0.7344570755958557,False,True,False,False,False,occlusion
MOT17-05-FRCNN,760,90,35,61,759,0,0.16981,0.16005886426592797,141,0.07413310195345002,True,0.784003496170044,False,True,False,False,False,occlusion
MOT17-05-FRCNN,761,88,47,53,760,0,0.71512,0.08378870673952642,89,0.06805966506601721,True,0.7440338730812073,False,False,False,False,False,other (detector jitter / missed det)
MOT17-05-FRCNN,762,84,61,62,749,12,0.0,0.4790199081163859,98,0.11081905045173464,False,0.8721930980682373,True,True,False,True,False,occlusion
MOT17-05-FRCNN,763,89,53,47,756,6,0.0,0.4472843450479233,88,0.0738032013570946,True,0.6667367219924927,False,True,False,False,False,occlusion
MOT17-05-FRCNN,768,90,61,53,767,0,1.0,0.09307701666869449,88,0.06704482821230867,True,0.6641219854354858,False,False,False,False,False,other (detector jitter / missed det)
MOT17-05-FRCNN,769,90,53,61,768,0,1.0,0.10748702742772424,141,0.06704482821230867,True,0.5085792541503906,False,False,False,False,False,other (detector jitter / missed det)
MOT17-05-FRCNN,770,90,61,53,769,0,1.0,0.21839080459770116,88,0.09499951669685192,True,0.688608705997467,False,False,False,True,False,fast motion
MOT17-05-FRCNN,770,98,57,62,769,0,0.53333,0.5794672253816223,84,0.015625,True,0.806793749332428,False,True,False,False,False,occlusion
MOT17-05-FRCNN,771,90,53,61,770,0,1.0,0.3522012578616352,141,0.09499951669685192,True,0.4098413586616516,False,True,False,True,False,occlusion
MOT17-05-FRCNN,772,90,61,53,771,0,1.0,0.39500475091624815,88,0.09499951669685192,True,0.655735969543457,False,True,False,True,False,occlusion
MOT17-05-FRCNN,773,90,53,61,772,0,1.0,0.39500475091624815,141,0.0880985634027944,True,0.4698612689971924,False,True,False,True,False,occlusion
MOT17-05-FRCNN,774,90,61,53,773,0,1.0,0.39214919144496607,88,0.0880985634027944,True,0.6993428468704224,False,True,False,True,False,occlusion
MOT17-05-FRCNN,776,90,53,61,775,0,1.0,0.828700108712533,141,0.051094890510948905,True,0.645527184009552,False,True,False,False,False,occlusion
MOT17-05-FRCNN,777,90,61,53,776,0,1.0,0.828700108712533,88,0.05604720722378354,True,0.5828210711479187,False,True,False,False,False,occlusion
MOT17-05-FRCNN,777,98,62,58,776,0,0.61765,0.3197278911564626,96,0.011526123595359742,True,0.8274967670440674,False,True,False,False,False,occlusion
MOT17-05-FRCNN,778,90,53,61,777,0,1.0,0.5220949263502455,141,0.05604720722378354,True,0.767242968082428,False,True,False,False,False,occlusion
MOT17-05-FRCNN,778,98,58,62,777,0,0.61765,0.2372528616024974,84,0.05635388274075133,True,0.6009214520454407,False,False,False,False,False,other (detector jitter / missed det)
MOT17-05-FRCNN,779,90,61,53,778,0,1.0,0.35650118203309694,88,0.05604720722378354,True,0.6725904941558838,False,True,False,False,False,occlusion
MOT17-05-FRCNN,780,90,53,61,779,0,1.0,0.3671103477887505,141,0.04256169266310438,True,0.6026609539985657,False,True,False,False,False,occlusion
MOT17-05-FRCNN,781,90,61,53,780,0,1.0,0.37667487011211376,88,0.04256169266310438,True,0.6621462106704712,False,True,False,False,False,occlusion
MOT17-05-FRCNN,781,98,62,58,780,0,0.22222,0.20337534714804528,96,0.075,True,0.6396332383155823,False,True,False,False,False,occlusion
MOT17-05-FRCNN,782,94,42,63,775,6,0.0,0.6296275640525136,93,0.013123636805845247,False,0.7810295224189758,True,True,False,False,False,occlusion
MOT17-05-FRCNN,782,98,58,62,781,0,0.0,0.24822415153906865,84,0.0639137490706142,True,0.3345051407814026,False,True,False,False,False,occlusion
MOT17-05-FRCNN,782,90,53,61,781,0,1.0,0.41007194244604317,141,0.05407660567760039,True,0.5944626331329346,False,True,False,False,False,occlusion
MOT17-05-FRCNN,783,90,61,53,782,0,1.0,0.463558171118153,88,0.05407660567760039,True,0.5598707795143127,False,True,False,False,False,occlusion
MOT17-05-FRCNN,784,90,53,61,783,0,1.0,0.463558171118153,141,0.06699400560014242,True,0.5929101705551147,False,True,False,False,False,occlusion
MOT17-05-FRCNN,785,90,61,53,784,0,0.88,0.3815789473684211,88,0.06699400560014242,True,0.5944548845291138,False,True,False,False,False,occlusion
MOT17-05-FRCNN,786,94,63,65,785,0,0.0,0.22152362534201137,128,0.02187834511810673,False,0.8492744565010071,True,True,False,False,False,occlusion
MOT17-05-FRCNN,786,96,58,62,775,10,0.0,0.6216006216006216,98,0.07751819331476051,True,0.6455007791519165,False,True,False,False,False,occlusion
MOT17-05-FRCNN,786,84,62,61,769,16,0.0,0.463558171118153,90,0.0852723719200685,True,0.7190297842025757,False,True,False,True,False,occlusion
MOT17-05-FRCNN,788,98,62,47,782,5,0.0,0.26775375162471937,89,0.02403846153846154,True,0.7480096817016602,False,True,False,False,False,occlusion
MOT17-05-FRCNN,792,91,35,62,791,0,0.47063,0.08908114844461487,96,0.07378870449132394,True,0.826248288154602,False,True,False,False,False,occlusion
MOT17-05-FRCNN,793,95,64,35,792,0,0.8254,0.10576271186440678,91,0.05215310121338993,True,0.8226004242897034,False,False,False,False,False,other (detector jitter / missed det)
MOT17-05-FRCNN,796,97,49,64,795,0,1.0,0.15679040811620937,95,0.05555555555555555,True,0.7126238346099854,False,False,False,False,False,other (detector jitter / missed det)
MOT17-05-FRCNN,797,99,47,49,796,0,1.0,0.0,97,0.08226793620712805,True,0.7147778868675232,False,False,False,True,False,fast motion
MOT17-05-FRCNN,798,97,64,47,797,0,1.0,0.15907605142732623,99,0.05555555555555555,True,0.7992241382598877,False,False,False,False,False,other (detector jitter / missed det)
MOT17-05-FRCNN,799,97,47,64,798,0,1.0,0.16233766233766234,95,0.046504083237770284,True,0.7068560123443604,False,False,False,False,False,other (detector jitter / missed det)
MOT17-05-FRCNN,800,98,47,35,790,9,0.0,0.16137413394919167,95,0.02678434777221771,True,0.7776601314544678,False,True,False,False,False,occlusion
MOT17-05-FRCNN,801,99,49,62,800,0,0.94595,0.0125,91,0.05555555555555555,True,0.8346454501152039,False,False,False,False,False,other (detector jitter / missed det)
MOT17-05-FRCNN,803,101,53,49,801,1,1.0,0.1685878962536023,99,0.006493506493506494,True,0.834157407283783,False,True,False,False,False,occlusion
MOT17-05-FRCNN,803,98,35,58,802,0,0.64103,0.16446443632274388,96,0.01902619221489845,True,0.7265095710754395,False,False,False,False,False,other (detector jitter / missed det)
MOT17-05-FRCNN,803,100,61,47,802,0,0.9,0.03492276695768973,97,0.024542295390581313,True,0.6414424777030945,False,False,False,False,False,other (detector jitter / missed det)
MOT17-05-FRCNN,804,99,62,35,803,0,0.68182,0.1860657676839366,98,0.025774417501263643,True,0.8328351378440857,False,False,False,False,False,other (detector jitter / missed det)
MOT17-05-FRCNN,804,100,47,61,803,0,0.93548,0.06842105263157895,110,0.01330992843749875,True,0.7047590017318726,False,False,False,False,False,other (detector jitter / missed det)
MOT17-05-FRCNN,805,100,61,47,804,0,0.91838,0.10509977827050998,97,0.017857142857142856,True,0.7112984657287598,False,False,False,False,False,other (detector jitter / missed det)
MOT17-05-FRCNN,805,101,49,53,804,0,1.0,0.15855101483571493,90,0.010200895677962514,True,0.6786961555480957,False,False,False,False,False,other (detector jitter / missed det)
MOT17-05-FRCNN,806,99,35,58,805,0,0.34783,0.5111393119007333,98,0.0322490309931942,True,0.9205327033996582,False,True,False,False,True,occlusion + similar appearance
MOT17-05-FRCNN,806,101,53,49,805,0,1.0,0.16876574307304787,99,0.04757372271636996,True,0.6376827359199524,False,False,False,False,False,other (detector jitter / missed det)
MOT17-05-FRCNN,806,100,47,61,805,0,0.90323,0.10509977827050998,110,0.06500197609011017,True,0.7139527797698975,False,False,False,False,False,other (detector jitter / missed det)
MOT17-05-FRCNN,807,99,58,35,806,0,0.065217,0.8533333333333334,98,0.039257326645003476,True,0.991388201713562,False,True,False,False,True,occlusion + similar appearance
MOT17-05-FRCNN,807,101,49,53,806,0,1.0,0.18387502244568146,90,0.04788843655196695,True,0.6171861290931702,False,False,False,False,False,other (detector jitter / missed det)
MOT17-05-FRCNN,807,100,61,47,806,0,0.76667,0.06814310051107325,97,0.07386363636363637,True,0.7517002820968628,False,False,False,False,False,other (detector jitter / missed det)
MOT17-05-FRCNN,808,100,47,61,807,0,0.76667,0.18526315789473685,110,0.07386363636363637,True,0.7610721588134766,False,False,False,False,False,other (detector jitter / missed det)
MOT17-05-FRCNN,809,98,58,35,808,0,0.65909,0.5789473684210527,99,0.056655772373253165,True,0.7951469421386719,False,True,False,False,False,occlusion
MOT17-05-FRCNN,810,98,35,58,809,0,0.65217,0.30935640886965926,99,0.056655772373253165,True,0.6674724221229553,False,True,False,False,False,occlusion
MOT17-05-FRCNN,810,99,35,49,807,2,0.0031291,0.8533333333333334,101,0.03749953589970481,True,0.9757726192474365,False,True,False,False,True,occlusion + similar appearance
MOT17-05-FRCNN,811,98,58,35,810,0,0.55319,0.2546193970471223,99,0.05237828008789241,True,0.6478105783462524,False,False,False,False,False,other (detector jitter / missed det)
MOT17-05-FRCNN,811,97,64,62,810,0,1.0,0.2557953637090328,99,0.0775368485987469,True,0.6554421782493591,False,False,False,False,False,other (detector jitter / missed det)
MOT17-05-FRCNN,812,98,35,58,811,0,0.53191,0.2681853481749935,99,0.02877697841726619,True,0.5808735489845276,False,False,False,False,False,other (detector jitter / missed det)
MOT17-05-FRCNN,812,97,62,64,811,0,1.0,0.2557953637090328,95,0.015384722483647988,True,0.720495343208313,False,False,False,False,False,other (detector jitter / missed det)
MOT17-05-FRCNN,813,98,58,35,812,0,0.48936,0.29328859060402684,99,0.027858821794713922,True,0.6980206370353699,False,True,False,False,False,occlusion
MOT17-05-FRCNN,814,98,35,58,813,0,0.48936,0.29328859060402684,99,0.027858821794713922,True,0.7222596406936646,False,True,False,False,False,occlusion
MOT17-05-FRCNN,814,102,47,62,812,1,0.69231,0.17545807884508607,97,0.04159451654038515,True,0.5926027297973633,False,True,False,False,False,occlusion
MOT17-05-FRCNN,815,98,58,35,814,0,0.51064,0.2686807006267074,99,0.02631578947368421,True,0.6501672267913818,False,False,False,False,False,other (detector jitter / missed det)
MOT17-05-FRCNN,816,98,35,58,815,0,0.5625,0.22884673291177357,99,0.014710973536182828,True,0.68065345287323,False,False,False,False,False,other (detector jitter / missed det)
MOT17-05-FRCNN,817,98,58,35,816,0,0.60417,0.19573615681785664,99,0.014710973536182828,True,0.7754364609718323,False,False,False,False,False,other (detector jitter / missed det)
MOT17-05-FRCNN,818,98,35,58,817,0,0.64583,0.1656675749318801,99,0.026007283059027577,True,0.8211485147476196,False,False,False,False,False,other (detector jitter / missed det)
MOT17-05-FRCNN,818,93,42,63,817,0,1.0,0.24358974358974358,94,0.029075724190405473,True,0.8500345349311829,False,False,False,False,True,similar appearance
MOT17-05-FRCNN,819,98,58,35,818,0,0.66667,0.15275952693823916,99,0.02703798653581497,True,0.7757205963134766,False,False,False,False,False,other (detector jitter / missed det)
MOT17-05-FRCNN,819,93,63,42,818,0,1.0,0.23439920679184484,94,0.029075724190405473,True,0.8193811178207397,False,False,False,False,False,other (detector jitter / missed det)
MOT17-05-FRCNN,820,93,42,63,819,0,0.9895,0.2138282148135983,94,0.029075724190405473,True,0.8381435871124268,False,False,False,False,False,other (detector jitter / missed det)
MOT17-05-FRCNN,820,98,35,58,819,0,0.6875,0.14190402874005645,99,0.028122314093594464,True,0.7001013159751892,False,False,False,False,False,other (detector jitter / missed det)
MOT17-05-FRCNN,821,93,63,42,820,0,0.9895,0.20349687152798082,94,0.019016620651181378,True,0.8465580344200134,False,False,False,False,False,other (detector jitter / missed det)
MOT17-05-FRCNN,823,71,49,63,787,35,0.0,0.32727272727272727,93,0.004125586674353855,True,0.7736655473709106,False,True,True,False,False,long occlusion (> buffer)
MOT17-05-FRCNN,826,101,53,49,825,0,0.80952,0.09788400848466035,99,0.04445396633280478,True,0.7136058211326599,False,False,False,False,False,other (detector jitter / missed det)
MOT17-05-FRCNN,827,101,49,53,826,0,0.66154,0.08477417500838162,90,0.04445396633280478,True,0.6904280781745911,False,False,False,False,False,other (detector jitter / missed det)
MOT17-05-FRCNN,828,101,53,49,827,0,0.55556,0.06473007030110094,99,0.04445396633280478,True,0.7014410495758057,False,False,False,False,False,other (detector jitter / missed det)
MOT17-05-FRCNN,830,98,58,35,829,0,0.38596,0.2239759237585688,99,0.03467660853831196,True,0.6568500399589539,False,True,False,False,False,occlusion
MOT17-05-FRCNN,831,98,35,58,830,0,0.32812,0.26918784477535795,99,0.044845165117711305,True,0.6536717414855957,False,True,False,False,False,occlusion
MOT17-05-FRCNN,833,97,64,35,832,0,1.0,0.37099890034772787,98,0.04291182678363445,True,0.8838499784469604,False,True,False,False,True,occlusion + similar appearance
MOT17-05-FRCNN,834,97,35,64,833,0,0.88542,0.37099890034772787,95,0.040967601621916386,True,0.770270824432373,False,True,False,False,False,occlusion
MOT17-05-FRCNN,835,97,64,35,834,0,0.70833,0.4969429561928774,98,0.0514456295731724,True,0.9211905598640442,False,True,False,False,True,occlusion + similar appearance
MOT17-05-FRCNN,836,98,58,64,831,4,0.0,0.4969429561928774,97,0.06132899415143312,True,0.9127253890037537,False,True,False,False,True,occlusion + similar appearance
MOT17-05-FRCNN,837,98,64,35,836,0,0.66176,0.0,97,0.05414781657734823,True,0.8740581274032593,False,False,False,False,True,similar appearance
MOT17-09-FRCNN,51,1,4,10,37,13,0.0,0.18508548897166438,23,0.03234066120763363,False,0.8258219957351685,True,True,False,False,False,occlusion
MOT17-09-FRCNN,129,23,2,3,118,10,0.0,0.3580183803703038,22,0.021499353995462798,True,0.7858265042304993,False,True,False,False,False,occlusion
MOT17-09-FRCNN,131,23,3,2,130,0,0.045752,0.35111363313945243,22,0.021499353995462798,False,0.7686614394187927,False,True,False,False,False,occlusion
MOT17-09-FRCNN,169,22,3,15,105,63,0.0,0.40040034088431736,23,0.01293103448275862,False,0.6666392087936401,True,True,True,False,False,long occlusion (> buffer)
MOT17-09-FRCNN,186,10,12,10,185,0,0.0,0.44657087501205434,1,0.03346226506665386,True,0.7888891696929932,False,True,False,False,False,occlusion
MOT17-09-FRCNN,187,10,10,12,186,0,0.0,0.36831146832293754,1,0.03386062536506641,False,0.7863793969154358,False,True,False,False,False,occlusion
MOT17-09-FRCNN,197,29,14,19,189,7,0.0,0.44729224561269937,19,0.027821233075817034,False,0.5033544301986694,True,True,False,False,False,occlusion
MOT17-09-FRCNN,199,11,16,14,192,6,0.0,0.2877769835596855,29,0.03502235469448584,True,0.6710634231567383,False,True,False,False,False,occlusion
MOT17-09-FRCNN,201,8,11,8,188,12,0.0,0.1721462601071054,20,0.040169133192389,False,0.4235380291938782,True,True,False,False,False,occlusion
MOT17-09-FRCNN,202,8,8,11,201,0,0.83654,0.07418111753371869,10,0.04168036154515205,False,0.552416205406189,False,False,False,False,False,other (detector jitter / missed det)
MOT17-09-FRCNN,203,11,14,4,201,1,0.46383,0.2564974123131289,7,0.02664006244564276,True,0.23191502690315247,False,True,False,False,False,occlusion
MOT17-09-FRCNN,215,11,4,20,204,10,0.0,0.24167212375605202,29,0.03317785907751668,False,0.7071346044540405,True,True,False,False,False,occlusion
MOT17-09-FRCNN,218,11,20,18,217,0,0.51208,0.2405531513671639,29,0.033343748372904256,False,0.7383294105529785,True,False,False,False,False,other (detector jitter / missed det)
MOT17-09-FRCNN,219,11,18,20,218,0,0.53571,0.22758620689655173,29,0.02853997934591032,False,0.7007240056991577,False,False,False,False,False,other (detector jitter / missed det)
MOT17-09-FRCNN,220,11,20,18,219,0,0.63784,0.17005414737502944,29,0.02853997934591032,False,0.6565704345703125,False,False,False,False,False,other (detector jitter / missed det)
MOT17-09-FRCNN,220,12,14,5,211,8,0.0,0.5981471455212657,20,0.05325034578146611,True,0.4992564916610718,False,True,False,False,False,occlusion
MOT17-09-FRCNN,221,12,5,20,220,0,0.90463,0.42015944512276454,11,0.05325034578146611,True,0.725913405418396,False,True,False,False,False,occlusion
MOT17-09-FRCNN,222,12,20,14,221,0,1.0,0.48184279644258754,11,0.05325034578146611,True,0.7366102337837219,False,True,False,False,False,occlusion
MOT17-09-FRCNN,223,7,4,10,219,3,0.15108,0.8766768362794548,1,0.04061492691601116,True,0.924591064453125,False,True,False,False,True,occlusion + similar appearance
MOT17-09-FRCNN,223,11,18,4,222,0,0.60887,0.1634689178818112,7,0.02799395051492552,True,0.765161395072937,False,False,False,False,False,other (detector jitter / missed det)
MOT17-09-FRCNN,224,11,4,18,223,0,0.60887,0.1634689178818112,29,0.02799395051492552,False,0.6924295425415039,False,False,False,False,False,other (detector jitter / missed det)
MOT17-09-FRCNN,225,11,18,4,224,0,0.63559,0.14469928971123475,7,0.02799395051492552,True,0.7367326021194458,False,False,False,False,False,other (detector jitter / missed det)
MOT17-09-FRCNN,226,11,4,18,225,0,0.66816,0.12649953394908545,29,0.01870652860281872,False,0.682053804397583,False,False,False,False,False,other (detector jitter / missed det)
MOT17-09-FRCNN,227,11,18,4,226,0,0.72381,0.10809199318568995,7,0.019858507793070957,True,0.706552267074585,False,False,False,False,False,other (detector jitter / missed det)
MOT17-09-FRCNN,228,13,20,14,227,0,0.38199,0.4350969717591017,12,0.018240426180393045,True,0.8265484571456909,False,True,False,False,False,occlusion
MOT17-09-FRCNN,228,12,14,20,225,2,1.0,0.5889830508474576,13,0.04031285918459793,True,0.8265484571456909,False,True,False,False,False,occlusion
MOT17-09-FRCNN,228,11,4,18,227,0,0.77778,0.09188611344589247,29,0.019858507793070957,False,0.684257984161377,False,False,False,False,False,other (detector jitter / missed det)
MOT17-09-FRCNN,234,11,18,4,233,0,0.57339,0.11791140594906913,7,0.028864059590316574,True,0.4978577494621277,False,False,False,False,False,other (detector jitter / missed det)
MOT17-09-FRCNN,235,11,4,18,234,0,0.50276,0.1560009407091902,1,0.029467680608365018,False,0.5410982370376587,False,False,False,False,False,other (detector jitter / missed det)
MOT17-09-FRCNN,236,11,18,4,235,0,0.49194,0.19774458209394305,7,0.029765954739483347,True,0.4723527729511261,False,True,False,False,False,occlusion
MOT17-09-FRCNN,237,11,4,18,236,0,0.48473,0.24059715614897365,1,0.031022888747252172,False,0.6072667837142944,False,True,False,False,False,occlusion
MOT17-09-FRCNN,238,11,18,4,237,0,0.48473,0.24059715614897365,7,0.031022888747252172,True,0.4770168662071228,False,True,False,False,False,occlusion
MOT17-09-FRCNN,239,11,4,18,238,0,0.51765,0.22958399576046634,1,0.031022888747252172,False,0.6056236028671265,False,False,False,False,False,other (detector jitter / missed det)
MOT17-09-FRCNN,240,11,18,4,239,0,0.53036,0.2148647113463376,7,0.007857951021733478,True,0.5118283033370972,False,False,False,False,False,other (detector jitter / missed det)
MOT17-09-FRCNN,241,11,4,18,240,0,0.54393,0.20057279986287085,1,0.024433585943743757,False,0.6523846983909607,False,False,False,False,False,other (detector jitter / missed det)
MOT17-09-FRCNN,244,11,18,4,243,0,0.58511,0.2062995663216822,7,0.02452940392783687,True,0.5654300451278687,False,False,False,False,False,other (detector jitter / missed det)
MOT17-09-FRCNN,245,11,4,18,244,0,0.56182,0.2089715929521755,1,0.02452940392783687,False,0.7534816265106201,False,False,False,False,False,other (detector jitter / missed det)
MOT17-09-FRCNN,246,11,18,4,245,0,0.50829,0.22095823533270237,7,0.02452940392783687,True,0.5773777961730957,False,False,False,False,False,other (detector jitter / missed det)
MOT17-09-FRCNN,247,11,4,18,246,0,0.43107,0.2343058202609588,1,0.02245048170180512,False,0.767926812171936,False,True,False,False,False,occlusion
MOT17-09-FRCNN,248,11,18,4,247,0,0.34909,0.24790134538295985,7,0.02245048170180512,True,0.552939236164093,False,True,False,False,False,occlusion
MOT17-09-FRCNN,249,11,4,18,248,0,0.33961,0.2586505610518305,12,0.02245048170180512,False,0.8116993308067322,False,True,False,False,False,occlusion
MOT17-09-FRCNN,252,11,18,4,251,0,0.32258,0.3498968889735859,7,0.015600769021053151,True,0.5753580331802368,False,True,False,False,False,occlusion
MOT17-09-FRCNN,253,11,4,18,252,0,0.31056,0.3959168738845703,12,0.015600769021053151,False,0.8522300720214844,False,True,False,False,False,occlusion
MOT17-09-FRCNN,255,2,22,10,240,14,0.0,0.6688844278749642,1,0.006480077172476188,True,0.6555843353271484,False,True,False,False,False,occlusion
MOT17-09-FRCNN,258,1,10,25,249,8,0.085271,0.36993848131484713,7,0.0169770895968819,False,0.6154365539550781,True,True,False,False,False,occlusion
MOT17-09-FRCNN,258,2,10,4,256,1,0.0,0.2528912875867386,11,0.006427393618228414,True,0.5553687214851379,False,True,False,False,False,occlusion
MOT17-09-FRCNN,267,7,10,26,263,3,0.0,0.39607774470320434,2,0.019345238095238096,False,0.8700597286224365,True,True,False,False,False,occlusion
MOT17-09-FRCNN,274,11,18,10,262,11,0.0017764,0.7186009538950715,7,0.018973214285714284,True,0.573753297328949,False,True,False,False,False,occlusion
MOT17-09-FRCNN,278,11,10,25,274,3,0.011136,0.6882468853292651,1,0.019484423759641194,True,0.9503524303436279,False,True,False,False,True,occlusion + similar appearance
MOT17-09-FRCNN,282,18,17,4,281,0,0.71053,0.7741814076025593,2,0.011015113189654136,True,0.2395332306623459,False,True,False,False,False,occlusion
MOT17-09-FRCNN,283,23,2,17,256,26,0.097717,0.8521503021809582,18,0.013227513227513227,True,0.9787817597389221,False,True,False,False,True,occlusion + similar appearance
MOT17-09-FRCNN,291,18,4,17,290,0,0.52113,0.7706072161924318,23,0.007575757575757576,True,0.9348157048225403,False,True,False,False,True,occlusion + similar appearance
MOT17-09-FRCNN,292,18,17,4,291,0,0.52113,0.0,2,0.017025898305835962,True,0.5344142913818359,False,False,False,False,False,other (detector jitter / missed det)
MOT17-09-FRCNN,293,18,4,17,292,0,0.56716,0.0,23,0.017025898305835962,True,0.9336222410202026,False,False,False,False,True,similar appearance
MOT17-09-FRCNN,294,18,17,4,293,0,0.60317,0.0,2,0.017025898305835962,True,0.5448030829429626,False,False,False,False,False,other (detector jitter / missed det)
MOT17-09-FRCNN,295,18,4,17,294,0,0.64407,0.0,23,0.011350598870557308,True,0.9564887285232544,False,False,False,False,True,similar appearance
MOT17-09-FRCNN,296,18,17,4,295,0,0.65,0.0,2,0.01051812659596342,True,0.5793977975845337,False,False,False,False,False,other (detector jitter / missed det)
MOT17-09-FRCNN,297,18,4,17,296,0,0.65,0.0,23,0.00510204081632653,True,0.9415362477302551,False,False,False,False,True,similar appearance
MOT17-09-FRCNN,298,18,17,4,297,0,0.65574,0.0,2,0.00510204081632653,True,0.6309629678726196,False,False,False,False,False,other (detector jitter / missed det)
MOT17-09-FRCNN,299,18,4,17,298,0,0.65574,0.0,23,0.005076142131979695,True,0.9349107146263123,False,False,False,False,True,similar appearance
MOT17-09-FRCNN,300,18,17,4,299,0,0.65574,0.0,2,0.005646636306817651,True,0.6442021131515503,False,False,False,False,False,other (detector jitter / missed det)
MOT17-09-FRCNN,301,18,4,17,300,0,0.66129,0.0,23,0.005646636306817651,True,0.9398918747901917,False,False,False,False,True,similar appearance
MOT17-09-FRCNN,302,18,17,4,301,0,0.66129,0.0,2,0.005646636306817651,True,0.7279857397079468,False,False,False,False,False,other (detector jitter / missed det)
MOT17-09-FRCNN,303,18,4,17,302,0,0.66129,0.0,23,0.005025125628140704,True,0.9314186573028564,False,False,False,False,True,similar appearance
MOT17-09-FRCNN,309,11,25,27,308,0,0.84018,0.4002138727276023,1,0.019736842105263157,False,0.7914758324623108,True,True,False,False,False,occlusion
MOT17-09-FRCNN,314,18,17,4,313,0,0.52308,0.0,2,0.0058843894144731314,True,0.48853594064712524,False,False,False,False,False,other (detector jitter / missed det)
MOT17-09-FRCNN,315,18,4,17,314,0,0.51515,0.0,23,0.0058843894144731314,True,0.8969427943229675,False,False,False,False,True,similar appearance
MOT17-09-FRCNN,316,18,17,4,315,0,0.50746,0.0,2,0.0026455026455026454,True,0.5119538903236389,False,False,False,False,False,other (detector jitter / missed det)
MOT17-09-FRCNN,318,2,4,28,258,59,0.0,0.8114368440101339,1,0.00625,False,0.5262296199798584,True,True,True,False,False,long occlusion (> buffer)
MOT17-09-FRCNN,330,1,25,29,329,0,0.0,0.49766960124287934,29,0.017946206466287303,False,0.8924996256828308,True,True,False,False,False,occlusion
MOT17-09-FRCNN,330,7,26,12,271,58,0.0,0.6953757627787187,10,0.012809905456278036,True,0.6014781594276428,False,True,True,False,False,long occlusion (> buffer)
MOT17-09-FRCNN,346,7,12,25,345,0,0.33333,0.31954485446658704,1,0.031000794177576396,True,0.7397223711013794,False,True,False,False,False,occlusion
MOT17-09-FRCNN,348,1,29,12,333,14,0.0,0.6419482229047828,7,0.016853932584269662,True,0.7060601711273193,False,True,False,False,False,occlusion
MOT17-09-FRCNN,373,10,12,32,321,51,0.0,0.6303642264695276,22,0.019230769230769232,False,0.7260753512382507,True,True,True,False,False,long occlusion (> buffer)
MOT17-09-FRCNN,386,29,19,12,298,87,0.01061,0.8437675831801643,1,0.014045745206095034,True,0.9490765333175659,False,True,True,False,True,long occlusion (> buffer)
MOT17-09-FRCNN,406,29,12,25,405,0,0.35867,0.4767378215654078,7,0.015384722483647988,True,0.8881056308746338,False,True,False,False,True,occlusion + similar appearance
MOT17-09-FRCNN,407,29,25,12,406,0,0.38827,0.4676722827078645,1,0.015384722483647988,True,0.8380081653594971,False,True,False,False,False,occlusion
MOT17-09-FRCNN,409,29,12,25,408,0,0.38845,0.44516711833785005,7,0.01702140063559665,True,0.8655853271484375,False,True,False,False,True,occlusion + similar appearance
MOT17-09-FRCNN,411,29,25,12,410,0,0.39683,0.42190715755774066,1,0.019033855343031987,True,0.6819201707839966,False,True,False,False,False,occlusion
MOT17-09-FRCNN,412,10,32,25,411,0,0.40984,0.17486957241836198,29,0.01138979454590514,True,0.74836266040802,False,True,False,False,False,occlusion
MOT17-09-FRCNN,413,10,25,32,412,0,0.34426,0.1966076203208556,29,0.01138979454590514,False,0.7662352323532104,False,True,False,False,False,occlusion
MOT17-09-FRCNN,414,10,32,25,413,0,0.27869,0.21766029246344207,29,0.01145307118227128,True,0.7835015058517456,False,True,False,False,False,occlusion
MOT17-09-FRCNN,415,10,25,32,414,0,0.27869,0.22003638844666817,29,0.01145307118227128,False,0.7712229490280151,False,True,False,False,False,occlusion
MOT17-09-FRCNN,416,10,32,25,415,0,0.27869,0.22166852822407423,29,0.01145307118227128,True,0.7567006349563599,False,True,False,False,False,occlusion
MOT17-09-FRCNN,417,10,25,32,416,0,0.2623,0.22962511959641646,29,0.011111111111111112,False,0.7566581964492798,False,True,False,False,False,occlusion
MOT17-09-FRCNN,418,10,32,25,417,0,0.2623,0.23309886099420196,29,0.011111111111111112,True,0.7220577597618103,False,True,False,False,False,occlusion
MOT17-09-FRCNN,419,10,25,32,418,0,0.22581,0.2356422167648016,29,0.014085689264068465,False,0.711107611656189,False,True,False,False,False,occlusion
MOT17-09-FRCNN,420,10,32,25,419,0,0.17742,0.2431633627895868,29,0.014085689264068465,True,0.7534125447273254,False,True,False,False,False,occlusion
MOT17-09-FRCNN,421,10,25,32,420,0,0.14516,0.2459090634623513,29,0.014085689264068465,False,0.776908278465271,False,True,False,False,False,occlusion
MOT17-09-FRCNN,423,29,12,25,422,0,0.44506,0.3812885730316065,10,0.013974442315939676,True,0.7603288888931274,False,True,False,False,False,occlusion
MOT17-09-FRCNN,426,1,12,20,385,40,0.0,0.6146648672964462,12,0.009370694603676502,True,0.8847206830978394,False,True,True,False,True,long occlusion (> buffer)
MOT17-09-FRCNN,426,12,20,12,425,0,1.0,0.5353170189098999,29,0.016254551911892238,True,0.8153932094573975,False,True,False,False,False,occlusion
MOT17-09-FRCNN,445,1,20,12,444,0,0.0,0.35517241379310344,12,0.010007537926256457,True,0.5807963013648987,False,True,False,False,False,occlusion
MOT17-09-FRCNN,448,1,12,20,445,2,0.0,0.4406428201140487,12,0.00975609756097561,True,0.717779278755188,False,True,False,False,False,occlusion
MOT17-09-FRCNN,448,14,25,12,447,0,0.98473,0.4035322451164035,1,0.0315170566037062,True,0.8758958578109741,False,True,False,False,True,occlusion + similar appearance
MOT17-09-FRCNN,450,14,12,20,449,0,0.98013,0.47584715212689255,1,0.03162764276722797,True,0.8410837054252625,False,True,False,False,False,occlusion
MOT17-09-FRCNN,451,14,20,12,450,0,1.0,0.4836916234247591,1,0.03162764276722797,True,0.8643606901168823,False,True,False,False,True,occlusion + similar appearance
MOT17-09-FRCNN,452,13,14,20,450,1,0.0,0.5315280834369916,14,0.015555555555555555,True,0.917473554611206,False,True,False,False,True,occlusion + similar appearance
MOT17-09-FRCNN,454,15,25,12,452,1,0.21785,0.6580886687890579,14,0.0434677341603901,True,0.837077796459198,False,True,False,False,False,occlusion
MOT17-09-FRCNN,456,12,12,25,443,12,0.0,0.7939465378911745,15,0.009002414029732883,True,0.8925231695175171,False,True,False,False,True,occlusion + similar appearance
MOT17-09-FRCNN,456,14,12,20,453,2,1.0,0.5646974834909869,13,0.04053121279303288,True,0.8786662220954895,False,True,False,False,True,occlusion + similar appearance
MOT17-09-FRCNN,458,13,20,27,455,2,0.0,0.5434782608695652,11,0.008928571428571428,True,0.750043511390686,False,True,False,False,False,occlusion
MOT17-09-FRCNN,459,1,20,12,448,10,0.0,0.5524516507130299,15,0.01041188289297389,True,0.8914859294891357,False,True,False,False,True,occlusion + similar appearance
MOT17-09-FRCNN,460,1,12,14,459,0,0.0,0.5150844730490748,13,0.01015228426395939,True,0.9024216532707214,False,True,False,False,True,occlusion + similar appearance
MOT17-09-FRCNN,488,13,27,14,462,25,0.36161,0.678080879064716,1,0.008837135479078405,True,0.9188125133514404,False,True,False,False,True,occlusion + similar appearance
MOT17-09-FRCNN,495,15,12,20,494,0,0.50485,0.3331487754038562,14,0.025666151201585233,True,0.7121115922927856,False,True,False,False,False,occlusion
MOT17-09-FRCNN,496,15,20,12,495,0,0.40196,0.3571512599110651,1,0.025767598439536164,True,0.3772149980068207,False,True,False,False,False,occlusion
MOT17-09-FRCNN,496,14,20,28,492,3,0.0,0.7681713848508034,2,0.04048582995951417,True,0.5594766736030579,False,True,False,False,False,occlusion
MOT17-09-FRCNN,497,14,28,20,496,0,0.32653,0.5589548812554781,15,0.040701187793700785,True,0.710621178150177,False,True,False,False,False,occlusion
MOT17-09-FRCNN,498,14,20,28,497,0,0.47872,0.4540641668656954,2,0.040701187793700785,True,0.580600380897522,False,True,False,False,False,occlusion
MOT17-09-FRCNN,499,14,28,20,498,0,0.62637,0.300478399006683,15,0.040701187793700785,True,0.5403726100921631,False,True,False,False,False,occlusion
MOT17-09-FRCNN,501,17,36,28,450,50,0.0,0.5609677419354838,14,0.031914893617021274,True,0.498349666595459,False,True,True,False,False,long occlusion (> buffer)
MOT17-09-FRCNN,503,15,12,28,502,0,0.045161,0.5689281478755163,17,0.02650082278537662,True,0.9350595474243164,False,True,False,False,True,occlusion + similar appearance
MOT17-09-FRCNN,504,15,28,12,503,0,0.14698,0.5528508413657899,1,0.026608989408990404,True,0.4047376811504364,False,True,False,False,False,occlusion
MOT17-09-FRCNN,505,15,12,28,504,0,0.23237,0.4172277600150461,17,0.026718042644273153,True,0.6880757808685303,False,True,False,False,False,occlusion
MOT17-09-FRCNN,506,15,28,12,505,0,0.36726,0.30933974091099037,1,0.026718042644273153,True,0.3473842740058899,False,True,False,False,False,occlusion
MOT17-09-FRCNN,507,15,12,28,506,0,0.49596,0.20776617414077403,17,0.026718042644273153,True,0.5334407091140747,False,True,False,False,False,occlusion
MOT17-09-FRCNN,508,15,28,12,507,0,0.75,0.1318051575931232,1,0.026748971193415638,True,0.29965993762016296,False,False,False,False,False,other (detector jitter / missed det)
MOT17-09-FRCNN,509,15,12,28,508,0,0.86316,0.06218795888399413,17,0.026748971193415638,True,0.494512677192688,False,False,False,False,False,other (detector jitter / missed det)
MOT17-09-FRCNN,510,15,28,12,509,0,0.96842,0.1670854271356784,1,0.08789592962387079,True,0.2538272738456726,False,False,False,True,False,fast motion
MOT17-09-FRCNN,511,15,12,28,510,0,1.0,0.1670854271356784,17,0.08789592962387079,True,0.40272390842437744,False,False,False,True,False,fast motion
MOT17-09-FRCNN,512,15,28,12,511,0,1.0,0.1789221858473936,1,0.08789592962387079,True,0.2694960832595825,False,False,False,True,False,fast motion
MOT17-09-FRCNN,513,15,12,28,512,0,0.771,0.2700747528333735,17,0.02857451787549463,True,0.45307615399360657,False,False,False,False,False,other (detector jitter / missed det)
MOT17-09-FRCNN,514,15,28,12,513,0,0.66691,0.44325194526428763,1,0.04680851063829787,True,0.2907937169075012,False,True,False,False,False,occlusion
MOT17-09-FRCNN,515,15,12,28,514,0,0.57907,0.6530506274340112,17,0.04680851063829787,True,0.5043436288833618,False,True,False,False,False,occlusion
MOT17-09-FRCNN,516,9,38,12,509,6,0.0,0.7568390710828302,15,0.03103450270560316,True,0.9736304879188538,False,True,False,False,True,occlusion + similar appearance
MOT17-09-FRCNN,520,9,12,38,519,0,0.37895,0.39727408643649387,15,0.036156113796152405,False,0.8608670830726624,False,True,False,False,False,occlusion
MOT17-09-FRCNN,522,15,28,12,521,0,1.0,0.24616670509568828,9,0.013809072751826985,True,0.7691233158111572,False,False,False,False,False,other (detector jitter / missed det)
MOT17-09-FRCNN,523,24,14,27,521,1,0.6746,0.360540192926045,11,0.012920284853042547,True,0.8407699465751648,False,True,False,False,False,occlusion
MOT17-09-FRCNN,523,15,12,28,522,0,1.0,0.2056786703601108,17,0.013809072751826985,True,0.4388066232204437,False,False,False,False,False,other (detector jitter / missed det)
MOT17-09-FRCNN,524,15,28,12,523,0,1.0,0.15523932729624837,9,0.011231320514521552,True,0.6631183624267578,False,False,False,False,False,other (detector jitter / missed det)
MOT17-09-FRCNN,525,15,12,28,524,0,1.0,0.09931350114416476,17,0.02909943902204846,True,0.48143166303634644,False,False,False,False,False,other (detector jitter / missed det)
MOT17-10-FRCNN,57,15,15,23,32,24,0.0,0.37687986954158365,3,0.045051667353917496,False,0.6649524569511414,True,True,False,False,False,occlusion
MOT17-10-FRCNN,63,15,23,1,62,0,1.0,0.032679738562091505,5,0.05107007175797142,True,0.5605729818344116,False,False,False,False,False,other (detector jitter / missed det)
MOT17-10-FRCNN,66,15,1,23,65,0,0.81081,0.0871951219512195,6,0.039137099754559146,False,0.4191240668296814,False,False,False,False,False,other (detector jitter / missed det)
MOT17-10-FRCNN,67,15,23,1,66,0,0.72222,0.04502192626279032,5,0.039137099754559146,True,0.48346221446990967,False,False,False,False,False,other (detector jitter / missed det)
MOT17-10-FRCNN,68,15,1,23,67,0,0.62857,0.0062176165803108805,6,0.039137099754559146,False,0.3468630313873291,False,False,False,False,False,other (detector jitter / missed det)
MOT17-10-FRCNN,70,12,12,24,10,59,0.088,0.28117359413202936,7,0.03466772058139209,False,0.5258140563964844,True,True,True,False,False,long occlusion (> buffer)
MOT17-10-FRCNN,71,6,6,1,70,0,1.0,0.2876560771297613,15,0.032071307846457536,True,0.33531373739242554,False,False,False,False,False,other (detector jitter / missed det)
MOT17-10-FRCNN,71,11,10,6,69,1,0.4622,0.33043478260869563,6,0.02601540568159584,True,0.638641893863678,False,True,False,False,False,occlusion
MOT17-10-FRCNN,98,26,19,28,60,37,0.0,0.7868504772004242,4,0.026265549075879732,False,0.7808034420013428,True,True,True,False,False,long occlusion (> buffer)
MOT17-10-FRCNN,112,23,10,30,89,22,0.0,0.017011458292597082,11,0.015421158465515792,False,0.4896417260169983,True,True,False,False,False,occlusion
MOT17-10-FRCNN,113,23,30,10,112,0,0.76271,0.0,11,0.0218088114494371,True,0.6519216895103455,False,False,False,False,False,other (detector jitter / missed det)
MOT17-10-FRCNN,118,18,8,7,86,31,0.0,0.7792521109770808,4,0.06747917715201057,True,0.7819366455078125,False,True,True,False,False,long occlusion (> buffer)
MOT17-10-FRCNN,151,18,7,11,120,30,0.0,0.704965450747228,13,0.05310269719801568,True,0.8183364868164062,False,True,False,False,False,occlusion
MOT17-10-FRCNN,172,41,21,37,110,61,0.0,0.6742857142857143,30,0.19012153286464265,False,0.5462992191314697,True,True,True,True,False,long occlusion (> buffer)
MOT17-10-FRCNN,211,13,11,40,176,34,0.0,0.8233865371269952,4,0.14993557871488006,False,0.8713415861129761,True,True,True,True,False,long occlusion (> buffer)
MOT17-10-FRCNN,227,13,40,22,226,0,0.37844,0.41839080459770117,43,0.03314563036811941,True,0.7226413488388062,False,True,False,False,False,occlusion
MOT17-10-FRCNN,228,13,22,40,227,0,0.40539,0.4482758620689655,32,0.024705294220065465,False,0.8129180669784546,False,True,False,False,False,occlusion
MOT17-10-FRCNN,229,13,40,22,228,0,0.41878,0.49447852760736194,43,0.024705294220065465,True,0.6314680576324463,False,True,False,False,False,occlusion
MOT17-10-FRCNN,232,30,35,41,172,59,0.4375,0.2886766076421249,29,0.021070328568565225,False,0.8784222602844238,True,True,True,False,False,long occlusion (> buffer)
MOT17-10-FRCNN,232,31,39,40,187,44,0.0,0.7372549019607844,13,0.011293272613635302,True,0.5099248886108398,False,True,True,False,False,long occlusion (> buffer)
MOT17-10-FRCNN,266,25,38,11,192,73,0.0,0.7615560640732265,18,0.03379594775096443,True,0.6358102560043335,False,True,True,False,False,long occlusion (> buffer)
MOT17-10-FRCNN,290,29,13,41,289,0,0.83305,0.23052524739913727,30,0.03642012516872988,True,0.8259105682373047,False,False,False,False,False,other (detector jitter / missed det)
MOT17-10-FRCNN,291,29,41,13,290,0,0.83305,0.22157996146435452,28,0.04572339828871769,True,0.3975815176963806,False,False,False,False,False,other (detector jitter / missed det)
MOT17-10-FRCNN,292,29,13,41,291,0,0.55725,0.22521246458923513,30,0.04572339828871769,True,0.8683359622955322,False,False,False,False,True,similar appearance
MOT17-10-FRCNN,293,29,41,13,292,0,0.55725,0.24337689862239492,28,0.04572339828871769,True,0.43260565400123596,False,False,False,False,False,other (detector jitter / missed det)
MOT17-10-FRCNN,294,29,13,41,293,0,0.57134,0.24337689862239492,30,0.0414791780502004,True,0.8425816297531128,False,False,False,False,False,other (detector jitter / missed det)
MOT17-10-FRCNN,294,31,40,46,233,60,0.0,0.6976744186046512,13,0.0544948775219187,False,0.4275439381599426,True,True,True,False,False,long occlusion (> buffer)
MOT17-10-FRCNN,295,29,41,13,294,0,0.61081,0.21668275509624665,28,0.03990492718982,True,0.48174571990966797,False,False,False,False,False,other (detector jitter / missed det)
MOT17-10-FRCNN,296,29,13,41,295,0,0.65294,0.18297434787314645,30,0.01900824680608999,True,0.831719696521759,False,False,False,False,False,other (detector jitter / missed det)
MOT17-10-FRCNN,297,29,41,13,296,0,0.69519,0.15959722439609747,28,0.01870652860281872,True,0.49689245223999023,False,False,False,False,False,other (detector jitter / missed det)
MOT17-10-FRCNN,298,29,13,41,297,0,0.73496,0.13113435237329044,30,0.02358173213056619,True,0.8111274838447571,False,False,False,False,False,other (detector jitter / missed det)
MOT17-10-FRCNN,299,29,41,13,298,0,0.75259,0.13122391536445696,28,0.02358173213056619,True,0.46748000383377075,False,False,False,False,False,other (detector jitter / missed det)
MOT17-10-FRCNN,300,29,13,41,299,0,0.76888,0.13122391536445696,30,0.02358173213056619,True,0.7942485809326172,False,False,False,False,False,other (detector jitter / missed det)
MOT17-10-FRCNN,301,29,41,13,300,0,0.78709,0.13156658208814961,28,0.023218936251634403,True,0.46802088618278503,False,False,False,False,False,other (detector jitter / missed det)
MOT17-10-FRCNN,302,29,13,41,301,0,0.78253,0.1402601034820305,30,0.023218936251634403,True,0.7450874447822571,False,False,False,False,False,other (detector jitter / missed det)
MOT17-10-FRCNN,303,32,38,43,221,81,0.0,0.7755681818181818,56,0.07031236641176052,True,0.7556002140045166,False,True,True,False,False,long occlusion (> buffer)
MOT17-10-FRCNN,303,29,41,13,302,0,0.78253,0.1402601034820305,28,0.0228671341872157,True,0.5107719898223877,False,False,False,False,False,other (detector jitter / missed det)
MOT17-10-FRCNN,305,31,46,43,304,0,0.51644,0.29179124762163633,32,0.06210472941423982,True,0.8668916821479797,False,False,False,False,True,similar appearance
MOT17-10-FRCNN,307,31,43,46,306,0,0.58226,0.24329731892757103,32,0.0603448275862069,False,0.6969352960586548,False,False,False,False,False,other (detector jitter / missed det)
MOT17-10-FRCNN,308,31,46,43,307,0,0.61905,0.2237354085603113,32,0.0603448275862069,True,0.6646199226379395,False,False,False,False,False,other (detector jitter / missed det)
MOT17-10-FRCNN,317,34,24,45,134,182,0.0,0.4892086330935252,12,0.027523292179114422,False,0.7926785945892334,True,True,True,False,False,long occlusion (> buffer)
MOT17-10-FRCNN,334,25,11,48,268,65,0.0,0.8078339471041178,18,0.02452755969703394,False,0.8752067685127258,True,True,True,False,False,long occlusion (> buffer)
MOT17-10-FRCNN,347,9,3,36,346,0,0.81034,0.0,10,0.01443242898978992,True,0.7408782839775085,False,False,False,False,False,other (detector jitter / missed det)
MOT17-10-FRCNN,348,9,36,3,347,0,0.77447,0.0,1,0.010255852142036462,True,0.2564353048801422,False,False,False,False,False,other (detector jitter / missed det)
MOT17-10-FRCNN,349,29,13,41,348,0,0.71429,0.22990519965527148,30,0.06788130303220606,True,0.8755829930305481,False,False,False,False,True,similar appearance
MOT17-10-FRCNN,349,9,3,36,348,0,0.7437,0.0,10,0.010255852142036462,True,0.7529181241989136,False,False,False,False,False,other (detector jitter / missed det)
MOT17-10-FRCNN,349,45,31,13,331,17,0.0,0.350797054162394,29,0.030528292904943334,True,0.6799006462097168,False,True,False,False,False,occlusion
MOT17-10-FRCNN,350,9,36,3,349,0,0.7125,0.0,1,0.010255852142036462,True,0.24300332367420197,False,False,False,False,False,other (detector jitter / missed det)
MOT17-10-FRCNN,351,9,3,36,350,0,0.67901,0.0,10,0.009845198194795702,True,0.7690446376800537,False,False,False,False,False,other (detector jitter / missed det)
MOT17-10-FRCNN,352,9,36,3,351,0,0.67742,0.0,1,0.009845198194795702,True,0.24929478764533997,False,False,False,False,False,other (detector jitter / missed det)
MOT17-10-FRCNN,352,23,10,45,350,1,0.0,0.8275925925925925,34,0.02594887270409349,True,0.7857815027236938,False,True,False,False,False,occlusion
MOT17-10-FRCNN,353,32,43,10,303,49,0.066667,0.8275925925925925,23,0.05965758776365147,True,0.9387956857681274,False,True,True,False,True,long occlusion (> buffer)
MOT17-10-FRCNN,353,9,3,36,352,0,0.67323,0.0,10,0.009845198194795702,True,0.736828625202179,False,False,False,False,False,other (detector jitter / missed det)
MOT17-10-FRCNN,354,9,36,3,353,0,0.67181,0.0,1,0.004458428632954272,True,0.23550155758857727,False,False,False,False,False,other (detector jitter / missed det)
MOT17-10-FRCNN,355,9,3,36,354,0,0.66792,0.0,10,0.004458428632954272,True,0.7736026644706726,False,False,False,False,False,other (detector jitter / missed det)
MOT17-10-FRCNN,356,9,36,3,355,0,0.66543,0.0,1,0.004458428632954272,True,0.24955496191978455,False,False,False,False,False,other (detector jitter / missed det)
MOT17-10-FRCNN,357,9,3,36,356,0,0.66182,0.0,10,0.004464285714285714,True,0.7822927236557007,False,False,False,False,False,other (detector jitter / missed det)
MOT17-10-FRCNN,358,9,36,3,357,0,0.66071,0.0,1,0.004526932017839613,True,0.2513163387775421,False,False,False,False,False,other (detector jitter / missed det)
MOT17-10-FRCNN,359,9,3,36,358,0,0.65734,0.0,10,0.004526932017839613,True,0.7887008190155029,False,False,False,False,False,other (detector jitter / missed det)
MOT17-10-FRCNN,360,9,36,3,359,0,0.65636,0.0,1,0.004561979233461597,True,0.2634706199169159,False,False,False,False,False,other (detector jitter / missed det)
MOT17-10-FRCNN,360,32,10,49,353,6,0.32056,0.6550918196994991,23,0.05483617431962252,False,0.7879704236984253,True,True,False,False,False,occlusion
MOT17-10-FRCNN,361,9,3,36,360,0,0.65203,0.0,10,0.0045797071320372255,True,0.8095304369926453,False,False,False,False,False,other (detector jitter / missed det)
MOT17-10-FRCNN,362,9,36,3,361,0,0.62542,0.0,1,0.00975048063815822,True,0.2623082995414734,False,False,False,False,False,other (detector jitter / missed det)
MOT17-10-FRCNN,362,31,43,45,313,48,0.0,0.8205980066445183,23,0.04865042554105199,True,0.853567898273468,False,True,True,False,True,long occlusion (> buffer)
MOT17-10-FRCNN,362,32,49,46,361,0,0.69466,0.06440339490763854,31,0.050387596899224806,True,0.7498307228088379,False,False,False,False,False,other (detector jitter / missed det)
MOT17-10-FRCNN,363,9,3,36,362,0,0.59603,0.0,10,0.01090229600891575,True,0.8126270771026611,False,False,False,False,False,other (detector jitter / missed det)
MOT17-10-FRCNN,364,32,46,49,363,0,0.5598,0.12222339193599326,31,0.038461538461538464,False,0.8318104147911072,False,False,False,False,False,other (detector jitter / missed det)
MOT17-10-FRCNN,365,32,49,46,364,0,0.5598,0.12222339193599326,31,0.038461538461538464,True,0.7750216126441956,False,False,False,False,False,other (detector jitter / missed det)
MOT17-10-FRCNN,366,32,46,49,365,0,0.56913,0.12010087212356835,31,0.038461538461538464,False,0.8255674242973328,False,False,False,False,False,other (detector jitter / missed det)
MOT17-10-FRCNN,371,31,45,46,363,7,0.12742,0.3751568381430364,32,0.015384615384615385,True,0.7100480794906616,False,True,False,False,False,occlusion
MOT17-10-FRCNN,378,23,45,10,361,16,0.0,0.7113721651166585,32,0.03307845206847696,True,0.5918285846710205,False,True,False,False,False,occlusion
MOT17-10-FRCNN,402,34,45,46,401,0,0.69705,0.0,31,0.013605442176870748,True,0.3298870921134949,False,False,False,False,False,other (detector jitter / missed det)
MOT17-10-FRCNN,403,71,47,51,334,68,0.0,0.5974137931034482,57,0.022447834323382463,True,0.7322088479995728,False,True,True,False,False,long occlusion (> buffer)
MOT17-10-FRCNN,403,34,46,45,402,0,0.6983,0.0,31,0.013605442176870748,True,0.28561288118362427,False,False,False,False,False,other (detector jitter / missed det)
MOT17-10-FRCNN,404,57,51,52,398,5,0.89024,0.3773784355179704,59,0.024691358024691357,False,0.7250229120254517,True,True,False,False,False,occlusion
MOT17-10-FRCNN,417,32,49,57,370,46,0.0,0.15808823529411764,12,0.04648643202362453,False,0.5317975878715515,True,True,True,False,False,long occlusion (> buffer)
MOT17-10-FRCNN,421,57,52,47,419,1,0.4878,0.4313438300988649,59,0.024691358024691357,True,0.8642155528068542,False,True,False,False,True,occlusion + similar appearance
MOT17-10-FRCNN,422,57,47,52,421,0,0.48484,0.42973674453096034,59,0.024691358024691357,False,0.8968538045883179,False,True,False,False,False,occlusion
MOT17-10-FRCNN,423,57,52,47,422,0,0.48484,0.42973674453096034,59,0.018292682926829267,True,0.8955162763595581,False,True,False,False,True,occlusion + similar appearance
MOT17-10-FRCNN,423,59,47,43,420,2,0.98485,0.4313438300988649,56,0.034401045807689073,True,0.8370997905731201,False,True,False,False,False,occlusion
MOT17-10-FRCNN,428,31,46,60,375,52,0.0,0.1715686274509804,12,0.0312254659935773,False,0.44552314281463623,True,True,True,False,False,long occlusion (> buffer)
MOT17-10-FRCNN,429,57,47,52,428,0,1.0,0.43109801031687545,59,0.024096385542168676,False,0.8861600160598755,False,True,False,False,False,occlusion
MOT17-10-FRCNN,430,57,52,47,429,0,1.0,0.3936587103669398,59,0.023809523809523808,True,0.8480414748191833,False,True,False,False,False,occlusion
MOT17-10-FRCNN,431,57,47,52,430,0,0.9698,0.362116991643454,59,0.041666666666666664,False,0.7696884870529175,False,True,False,False,False,occlusion
MOT17-10-FRCNN,432,59,43,47,431,0,0.29212,0.24253731343283583,57,0.034401045807689073,True,0.6979057788848877,False,True,False,False,False,occlusion
MOT17-10-FRCNN,433,59,47,43,432,0,0.30182,0.2299393122049899,56,0.034401045807689073,True,0.6833717823028564,False,True,False,False,False,occlusion
MOT17-10-FRCNN,435,57,52,47,433,1,0.8575,0.06659836065573771,59,0.04333398743619356,True,0.6537319421768188,False,True,False,False,False,occlusion
MOT17-10-FRCNN,436,57,47,52,435,0,0.80623,0.07431796801505174,23,0.04333398743619356,False,0.2703753113746643,False,False,False,False,False,other (detector jitter / missed det)
MOT17-10-FRCNN,441,18,11,2,440,0,1.0,0.4791599699989285,2,0.042209756171625215,True,0.6546216011047363,False,True,False,False,False,occlusion
MOT17-10-FRCNN,441,25,48,11,354,86,0.0,0.9072164948453608,18,0.010198655497882896,True,0.7677550315856934,False,True,True,False,False,long occlusion (> buffer)
MOT17-10-FRCNN,448,2,2,11,421,26,0.0,0.7029173667328548,25,0.02564102564102564,True,0.6836713552474976,False,True,False,False,False,occlusion
MOT17-10-FRCNN,452,25,11,61,447,4,0.29508,0.5279829111992677,18,0.0074231869957004214,False,0.8991377353668213,True,True,False,False,False,occlusion
MOT17-10-FRCNN,458,59,43,47,438,19,0.0,0.752895752895753,57,0.06501820764756895,True,0.14787203073501587,False,True,False,False,False,occlusion
MOT17-10-FRCNN,461,31,60,57,460,0,0.98632,0.0,32,0.03311051632203107,True,0.6688980460166931,False,False,False,False,False,other (detector jitter / missed det)
MOT17-10-FRCNN,462,31,57,60,461,0,0.98632,0.0,-1,0.032896900087695385,False,,False,False,False,False,False,other (detector jitter / missed det)
MOT17-10-FRCNN,463,31,60,57,462,0,0.99051,0.0,32,0.032896900087695385,True,0.6266961693763733,False,False,False,False,False,other (detector jitter / missed det)
MOT17-10-FRCNN,464,31,57,60,463,0,0.99279,0.0,-1,0.032896900087695385,False,,False,False,False,False,False,other (detector jitter / missed det)
MOT17-10-FRCNN,466,31,60,57,465,0,0.98701,0.0,32,0.04503864848321959,True,0.7215877771377563,False,False,False,False,False,other (detector jitter / missed det)
MOT17-10-FRCNN,467,31,57,60,466,0,0.90408,0.0,-1,0.04503864848321959,False,,False,False,False,False,False,other (detector jitter / missed det)
MOT17-10-FRCNN,468,31,60,57,467,0,0.813,0.0,32,0.04503864848321959,True,0.684248685836792,False,False,False,False,False,other (detector jitter / missed det)
MOT17-10-FRCNN,469,31,57,60,468,0,0.73089,0.0,-1,0.04503864848321959,False,,False,False,False,False,False,other (detector jitter / missed det)
MOT17-10-FRCNN,470,31,60,57,469,0,0.68831,0.0,32,0.04503864848321959,True,0.6385768055915833,False,False,False,False,False,other (detector jitter / missed det)
MOT17-10-FRCNN,471,31,57,60,470,0,0.63636,0.0,-1,0.04028379184927872,False,,False,False,False,False,False,other (detector jitter / missed det)
MOT17-10-FRCNN,472,31,60,57,471,0,0.5974,0.0,32,0.026261819271450066,True,0.5852178335189819,False,False,False,False,False,other (detector jitter / missed det)
MOT17-10-FRCNN,494,34,45,57,445,48,0.0,0.15364736429551246,31,0.004658474953124562,True,0.518314778804779,False,True,True,False,False,long occlusion (> buffer)
MOT17-10-FRCNN,501,34,57,63,500,0,0.0,0.10229466009007077,46,0.010727419934530883,False,0.5741291046142578,True,True,False,False,False,occlusion
MOT17-10-FRCNN,502,34,63,57,501,0,0.0,0.11418722395777227,31,0.012352647110032733,True,0.4893777668476105,False,True,False,False,False,occlusion
MOT17-10-FRCNN,505,34,57,63,504,0,0.056467,0.13830596933782754,46,0.01178829947732213,False,0.49683672189712524,False,True,False,False,False,occlusion
MOT17-10-FRCNN,506,34,63,57,505,0,0.070642,0.13830596933782754,31,0.01178829947732213,True,0.4425492286682129,False,True,False,False,False,occlusion
MOT17-10-FRCNN,507,34,57,63,506,0,0.087634,0.132759747331736,46,0.007868522186293246,False,0.4726310074329376,False,True,False,False,False,occlusion
MOT17-10-FRCNN,508,34,63,57,507,0,0.11833,0.1258363911072739,31,0.007868522186293246,True,0.4110620617866516,False,True,False,False,False,occlusion
MOT17-10-FRCNN,509,34,57,63,508,0,0.14226,0.11903743315508021,46,0.005703422053231939,False,0.5042073726654053,False,True,False,False,False,occlusion
MOT17-10-FRCNN,510,34,63,57,509,0,0.18875,0.11254272942413884,31,0.005681818181818182,True,0.42980295419692993,False,True,False,False,False,occlusion
MOT17-10-FRCNN,513,34,57,63,512,0,0.31343,0.10776528823347427,46,0.007434944237918215,False,0.42390263080596924,False,True,False,False,False,occlusion
MOT17-10-FRCNN,514,34,63,57,513,0,0.38275,0.10776528823347427,31,0.0055147058823529415,True,0.43812742829322815,False,True,False,False,False,occlusion
MOT17-10-FRCNN,515,34,57,63,514,0,0.4602,0.10765696784073507,46,0.0055147058823529415,False,0.37836065888404846,False,True,False,False,False,occlusion
MOT17-10-FRCNN,517,34,63,57,516,0,0.55755,0.15830764920145698,31,0.012717747863067402,True,0.4720819592475891,False,False,False,False,False,other (detector jitter / missed det)
MOT17-10-FRCNN,533,14,50,66,503,29,0.0,0.5666589914805434,2,0.0476649543564213,False,0.6533782482147217,True,True,False,False,False,occlusion
MOT17-10-FRCNN,642,48,67,68,641,0,0.55769,0.0,47,0.04065040650406504,True,0.6789678335189819,False,False,False,False,False,other (detector jitter / missed det)
MOT17-10-FRCNN,643,48,68,67,642,0,0.46154,0.0,-1,0.04065040650406504,False,,False,True,False,False,False,occlusion
MOT17-10-FRCNN,651,48,67,68,650,0,0.53846,0.0,47,0.03676470588235294,True,0.7628411054611206,False,False,False,False,False,other (detector jitter / missed det)
MOT17-10-FRCNN,652,48,68,67,651,0,0.47059,0.0,-1,0.052639048026751296,False,,False,True,False,False,False,occlusion
MOT17-10-FRCNN,654,48,67,68,653,0,0.54902,0.0,47,0.052639048026751296,True,0.8372194170951843,False,False,False,False,False,other (detector jitter / missed det)
MOT17-11-FRCNN,56,25,5,20,15,40,0.0,0.2076531387748898,1,0.02289238905056501,False,0.8566800355911255,True,True,True,False,False,long occlusion (> buffer)
MOT17-11-FRCNN,129,77,3,25,128,0,0.27273,0.03696087149844375,76,0.016773090505239424,True,0.7795682549476624,False,True,False,False,False,occlusion
MOT17-11-FRCNN,233,26,23,26,232,0,1.0,0.0,55,0.008928571428571428,True,0.6829113960266113,False,False,False,False,False,other (detector jitter / missed det)
MOT17-11-FRCNN,234,26,26,23,233,0,0.9875,0.0,-1,0.018406721542935985,False,,False,False,False,False,False,other (detector jitter / missed det)
MOT17-11-FRCNN,235,26,23,26,234,0,0.93671,0.01577714778750154,55,0.018406721542935985,True,0.7039710283279419,False,False,False,False,False,other (detector jitter / missed det)
MOT17-11-FRCNN,236,26,26,23,235,0,0.925,0.019783698232656292,25,0.018406721542935985,False,0.49748867750167847,False,False,False,False,False,other (detector jitter / missed det)
MOT17-11-FRCNN,262,27,23,26,261,0,0.60504,0.24232628444005447,26,0.014500887522516902,True,0.8277465105056763,False,False,False,False,False,other (detector jitter / missed det)
MOT17-11-FRCNN,289,32,30,9,287,1,1.0,0.0,5,0.05677646301618697,True,0.8333158493041992,False,True,False,False,False,occlusion
MOT17-11-FRCNN,290,32,9,30,289,0,1.0,0.0,-1,0.04979625219623574,False,,False,False,False,False,False,other (detector jitter / missed det)
MOT17-11-FRCNN,291,32,30,9,290,0,0.93878,0.00906595160569495,5,0.047892501791321984,True,0.8298525810241699,False,False,False,False,False,other (detector jitter / missed det)
MOT17-11-FRCNN,292,32,9,30,291,0,0.91667,0.013594587694664284,7,0.047892501791321984,False,0.804200291633606,False,False,False,False,False,other (detector jitter / missed det)
MOT17-11-FRCNN,293,32,30,9,292,0,0.89583,0.018094934692577253,5,0.047892501791321984,True,0.8469644784927368,False,False,False,False,False,other (detector jitter / missed det)
MOT17-11-FRCNN,294,32,9,30,293,0,0.875,0.022579824449815544,7,0.047892501791321984,False,0.8264082670211792,False,False,False,False,False,other (detector jitter / missed det)
MOT17-11-FRCNN,307,32,30,9,306,0,0.70833,0.06133799956254101,5,0.014808397201985363,True,0.7833660840988159,False,False,False,False,False,other (detector jitter / missed det)
MOT17-11-FRCNN,308,32,9,30,307,0,0.68085,0.06668559351440018,7,0.014808397201985363,False,0.7900049090385437,False,False,False,False,False,other (detector jitter / missed det)
MOT17-11-FRCNN,309,32,30,9,308,0,0.6383,0.07627225659805531,5,0.014808397201985363,True,0.7592472434043884,False,False,False,False,False,other (detector jitter / missed det)
MOT17-11-FRCNN,310,32,9,30,309,0,0.6383,0.07627225659805531,7,0.023877823016317808,False,0.701257586479187,False,False,False,False,False,other (detector jitter / missed det)
MOT17-11-FRCNN,311,32,30,9,310,0,0.70213,0.06181703668713588,5,0.023877823016317808,True,0.7759056687355042,False,False,False,False,False,other (detector jitter / missed det)
MOT17-11-FRCNN,312,32,9,30,311,0,0.74468,0.051813956390179994,7,0.023877823016317808,False,0.6895696520805359,False,False,False,False,False,other (detector jitter / missed det)
MOT17-11-FRCNN,313,32,30,9,312,0,0.78723,0.041270612529988766,5,0.020942236160055493,True,0.8021498918533325,False,False,False,False,False,other (detector jitter / missed det)
MOT17-11-FRCNN,314,32,9,30,313,0,0.76596,0.045271931402530434,7,0.020942236160055493,False,0.7504057884216309,False,False,False,False,False,other (detector jitter / missed det)
MOT17-11-FRCNN,315,32,30,9,314,0,0.72917,0.05334275368718538,5,0.020942236160055493,True,0.8099412322044373,False,False,False,False,False,other (detector jitter / missed det)
MOT17-11-FRCNN,318,32,9,30,317,0,0.65957,0.0639000169271568,7,0.020942236160055493,False,0.826863169670105,False,False,False,False,False,other (detector jitter / missed det)
MOT17-11-FRCNN,320,32,30,9,319,0,0.61702,0.07000081808513539,5,0.020942236160055493,True,0.8070693016052246,False,False,False,False,False,other (detector jitter / missed det)
MOT17-11-FRCNN,321,32,9,30,320,0,0.58333,0.07746307746307746,7,0.020942236160055493,False,0.8101018667221069,False,False,False,False,False,other (detector jitter / missed det)
MOT17-11-FRCNN,322,32,30,9,321,0,0.5625,0.07961615522513972,5,0.020942236160055493,True,0.7884318232536316,False,False,False,False,False,other (detector jitter / missed det)
MOT17-11-FRCNN,323,32,9,30,322,0,0.54167,0.08253084170527301,7,0.020942236160055493,False,0.8052828311920166,False,False,False,False,False,other (detector jitter / missed det)
MOT17-11-FRCNN,324,32,30,9,323,0,0.52083,0.08492905534961012,5,0.020942236160055493,True,0.8267757892608643,False,False,False,False,False,other (detector jitter / missed det)
MOT17-11-FRCNN,336,14,8,36,323,12,0.0,0.421005655708731,27,0.0041411817346210696,False,0.8391339778900146,True,True,False,False,False,occlusion
MOT17-11-FRCNN,426,32,9,45,328,97,0.0,0.2227659026525882,7,0.023218936251634403,False,0.4623967707157135,True,True,True,False,False,long occlusion (> buffer)
MOT17-11-FRCNN,543,32,45,53,498,44,0.0,0.195,10,0.013443094699364022,False,0.744695246219635,True,True,True,False,False,long occlusion (> buffer)
MOT17-11-FRCNN,550,41,50,52,518,31,0.0,0.6247582205029013,42,0.011484973887514375,True,0.7357951402664185,False,True,True,False,False,long occlusion (> buffer)
MOT17-11-FRCNN,602,42,52,55,547,54,0.0,0.6669387755102041,39,0.011718397889968821,False,0.9367382526397705,True,True,True,False,False,long occlusion (> buffer)
MOT17-11-FRCNN,612,39,43,52,611,0,1.0,0.3829501839382711,41,0.024650484952417104,True,0.7261072993278503,False,True,False,False,False,occlusion
MOT17-11-FRCNN,612,42,55,43,611,0,0.36,0.3829501839382711,39,0.021501627003130228,True,0.820655882358551,False,True,False,False,False,occlusion
MOT17-11-FRCNN,704,48,55,20,666,37,0.0,0.5514705882352942,25,0.0045211431022157775,True,0.7784505486488342,False,True,True,False,False,long occlusion (> buffer)
MOT17-11-FRCNN,720,25,20,65,703,16,0.0,0.40471662228984406,48,0.0062652879035546465,False,0.7219597101211548,True,True,False,False,False,occlusion
MOT17-11-FRCNN,723,39,52,66,689,33,0.0,0.542011932383162,42,0.022122770926206594,False,0.5313493609428406,True,True,True,False,False,long occlusion (> buffer)
MOT17-11-FRCNN,727,39,66,52,726,0,0.56333,0.08049271297030307,41,0.02104955262244549,True,0.6687235236167908,False,False,False,False,False,other (detector jitter / missed det)
MOT17-11-FRCNN,728,39,52,66,727,0,0.66346,0.07730495499737652,43,0.02104955262244549,False,0.7274757623672485,False,False,False,False,False,other (detector jitter / missed det)
MOT17-11-FRCNN,729,39,66,52,728,0,1.0,0.09314650692050988,41,0.02092050209205021,True,0.6793098449707031,False,False,False,False,False,other (detector jitter / missed det)
MOT17-11-FRCNN,730,39,52,66,729,0,1.0,0.11148692157008941,25,0.02086230876216968,False,0.8506176471710205,False,False,False,False,False,other (detector jitter / missed det)
MOT17-11-FRCNN,731,39,66,52,730,0,1.0,0.13110602705862254,41,0.020672632258682693,True,0.6720588207244873,False,False,False,False,False,other (detector jitter / missed det)
MOT17-11-FRCNN,732,39,52,66,731,0,1.0,0.14968466244348963,25,0.03140754279187268,False,0.820722222328186,False,False,False,False,False,other (detector jitter / missed det)
MOT17-11-FRCNN,733,39,66,52,732,0,1.0,0.16786253431342088,41,0.03140754279187268,True,0.6611212491989136,False,False,False,False,False,other (detector jitter / missed det)
MOT17-11-FRCNN,734,39,52,66,733,0,1.0,0.19130394899784434,25,0.03140754279187268,False,0.8458139896392822,False,False,False,False,False,other (detector jitter / missed det)
MOT17-11-FRCNN,735,39,66,52,734,0,1.0,0.21459284542754556,41,0.030394347178286662,True,0.6634558439254761,False,False,False,False,False,other (detector jitter / missed det)
MOT17-11-FRCNN,740,39,52,66,739,0,1.0,0.3858401028863529,25,0.029722589167767502,False,0.832656741142273,False,True,False,False,False,occlusion
MOT17-11-FRCNN,741,39,66,52,740,0,1.0,0.4332245655612826,41,0.029595546989632612,True,0.6886327266693115,False,True,False,False,False,occlusion
MOT17-11-FRCNN,742,39,52,66,741,0,1.0,0.4496362743785424,25,0.03157873905887331,False,0.8096555471420288,False,True,False,False,False,occlusion
MOT17-11-FRCNN,743,39,66,52,742,0,1.0,0.4496362743785424,41,0.03157873905887331,True,0.6624682545661926,False,True,False,False,False,occlusion
MOT17-11-FRCNN,747,37,68,65,746,0,0.57009,0.4852801519468186,25,0.02213827893946088,True,0.5826542973518372,False,True,False,False,False,occlusion
MOT17-11-FRCNN,747,39,52,66,746,0,1.0,0.3398777922468196,25,0.030171680442687702,False,0.7888479828834534,False,True,False,False,False,occlusion
MOT17-11-FRCNN,748,37,65,68,747,0,0.53277,0.5234264079507809,43,0.018814991529362963,False,0.8701330423355103,False,True,False,False,False,occlusion
MOT17-11-FRCNN,748,39,66,52,747,0,1.0,0.31977506734628164,41,0.03000718266169579,True,0.6831438541412354,False,True,False,False,False,occlusion
MOT17-11-FRCNN,749,39,52,66,748,0,1.0,0.3007556563425642,25,0.03000718266169579,False,0.8200490474700928,False,True,False,False,False,occlusion
MOT17-11-FRCNN,750,25,65,52,739,10,0.0,0.4496362743785424,39,0.019334367510666046,True,0.8381407856941223,False,True,False,False,False,occlusion
MOT17-11-FRCNN,751,25,52,65,750,0,0.0,0.2694024725274725,37,0.019334367510666046,True,0.7489417195320129,False,True,False,False,False,occlusion
MOT17-11-FRCNN,752,39,66,52,751,0,1.0,0.255234484247276,25,0.031462958993395185,True,0.8068389296531677,False,False,False,False,False,other (detector jitter / missed det)
MOT17-11-FRCNN,753,39,52,66,752,0,1.0,0.2248040313549832,1,0.031462958993395185,False,0.6017767190933228,False,False,False,False,False,other (detector jitter / missed det)
MOT17-11-FRCNN,754,39,66,52,753,0,1.0,0.2249279008406455,25,0.031462958993395185,True,0.7699365019798279,False,False,False,False,False,other (detector jitter / missed det)
MOT17-11-FRCNN,755,37,68,55,754,0,0.65001,0.4816334141338803,43,0.010218306086510802,True,0.838279664516449,False,True,False,False,False,occlusion
MOT17-11-FRCNN,755,39,52,66,754,0,1.0,0.2249279008406455,1,0.030950771288851545,False,0.7536975145339966,False,False,False,False,False,other (detector jitter / missed det)
MOT17-11-FRCNN,756,39,66,52,755,0,1.0,0.22319254499185295,25,0.030950771288851545,True,0.7523227334022522,False,False,False,False,False,other (detector jitter / missed det)
MOT17-11-FRCNN,756,37,55,68,755,0,0.661,0.2154096180837704,38,0.010218306086510802,False,0.7909544110298157,False,False,False,False,False,other (detector jitter / missed det)
MOT17-11-FRCNN,757,37,68,55,756,0,0.65501,0.21814959633182368,43,0.010127953020966262,True,0.8108803629875183,False,False,False,False,False,other (detector jitter / missed det)
MOT17-11-FRCNN,758,37,55,68,757,0,0.63282,0.234203828704216,38,0.010127953020966262,False,0.7924277782440186,False,False,False,False,False,other (detector jitter / missed det)
MOT17-11-FRCNN,759,37,68,55,758,0,0.61547,0.24703126926079633,43,0.010127953020966262,True,0.7641621828079224,False,False,False,False,False,other (detector jitter / missed det)
MOT17-11-FRCNN,760,37,55,68,759,0,0.5879,0.26253805479891046,38,0.009766668248432976,False,0.8289709091186523,False,False,False,False,False,other (detector jitter / missed det)
MOT17-11-FRCNN,761,37,68,55,760,0,0.55916,0.27824752191898433,43,0.009766668248432976,True,0.7602804899215698,False,False,False,False,False,other (detector jitter / missed det)
MOT17-11-FRCNN,762,37,55,68,761,0,0.53298,0.29314720812182743,38,0.009607429092208526,False,0.8086229562759399,False,False,False,False,False,other (detector jitter / missed det)
MOT17-11-FRCNN,763,37,68,55,762,0,0.49741,0.3134365479077287,43,0.009607429092208526,True,0.7796974778175354,False,True,False,False,False,occlusion
MOT17-11-FRCNN,764,37,55,68,763,0,0.4716,0.3277574109592367,38,0.008606349781495765,False,0.8455286026000977,False,True,False,False,False,occlusion
MOT17-11-FRCNN,765,39,52,66,764,0,1.0,0.43544418989772865,33,0.01405612494984146,False,0.9431931376457214,False,True,False,False,False,occlusion
MOT17-11-FRCNN,766,37,68,55,765,0,0.44463,0.3407901560511056,43,0.014360313315926894,True,0.7646212577819824,False,True,False,False,False,occlusion
MOT17-11-FRCNN,766,39,66,52,765,0,1.0,0.43879040667361835,25,0.01405612494984146,True,0.726732611656189,False,True,False,False,False,occlusion
MOT17-11-FRCNN,766,35,2,72,751,14,0.0,0.34483429030627455,1,0.011319202428850223,False,0.5411889553070068,True,True,False,False,False,occlusion
MOT17-11-FRCNN,767,37,55,68,766,0,0.44104,0.34333738660697954,38,0.015584415584415584,False,0.8568282127380371,False,True,False,False,False,occlusion
MOT17-11-FRCNN,768,37,68,55,767,0,0.44104,0.34333738660697954,43,0.015584415584415584,True,0.7736093997955322,False,True,False,False,False,occlusion
MOT17-11-FRCNN,769,39,52,66,768,0,1.0,0.4454453736510168,33,0.013645727141086967,False,0.8971036076545715,False,True,False,False,False,occlusion
MOT17-11-FRCNN,769,37,55,68,768,0,0.38815,0.3893403126489952,38,0.015584415584415584,False,0.8812092542648315,False,True,False,False,False,occlusion
MOT17-11-FRCNN,770,39,66,52,769,0,1.0,0.4454453736510168,25,0.013645727141086967,True,0.7303360104560852,False,True,False,False,False,occlusion
MOT17-11-FRCNN,770,37,68,55,769,0,0.33557,0.4372556488962849,43,0.015517518787103474,True,0.7239482998847961,False,True,False,False,False,occlusion
MOT17-11-FRCNN,771,37,55,68,770,0,0.28322,0.4867446121977453,38,0.013940573425809163,False,0.9044536352157593,False,True,False,False,False,occlusion
MOT17-11-FRCNN,771,39,52,66,770,0,1.0,0.4454696610787172,33,0.013449385743373484,False,0.8910603523254395,False,True,False,False,False,occlusion
MOT17-11-FRCNN,772,39,66,52,771,0,1.0,0.4454696610787172,25,0.028589566483328194,True,0.7257415056228638,False,True,False,False,False,occlusion
MOT17-11-FRCNN,773,39,52,66,772,0,0.99799,0.43940122227563,33,0.028589566483328194,False,0.8458666205406189,False,True,False,False,False,occlusion
MOT17-11-FRCNN,774,33,57,52,773,0,0.14286,0.400256117429618,39,0.009959110655650503,True,0.8139442205429077,False,True,False,False,False,occlusion
MOT17-11-FRCNN,775,33,52,57,774,0,0.24658,0.35947488114358406,60,0.009959110655650503,True,0.5226877927780151,False,True,False,False,False,occlusion
MOT17-11-FRCNN,779,37,68,55,778,0,0.52845,0.28138141523094395,43,0.0025011946057044627,True,0.7253963947296143,False,False,False,False,False,other (detector jitter / missed det)
MOT17-11-FRCNN,780,37,55,68,779,0,0.55034,0.26916117578778465,38,0.0031150078466367736,False,0.7385239601135254,False,False,False,False,False,other (detector jitter / missed det)
MOT17-11-FRCNN,781,35,72,53,780,0,0.55639,0.13868585542897469,32,0.025006509390762825,True,0.7408286333084106,False,False,False,False,False,other (detector jitter / missed det)
MOT17-11-FRCNN,781,37,68,55,780,0,0.57981,0.25138292360913816,43,0.0031150078466367736,True,0.7287865877151489,False,False,False,False,False,other (detector jitter / missed det)
MOT17-11-FRCNN,782,37,55,68,781,0,0.60267,0.2381418133101005,38,0.0031150078466367736,False,0.7032404541969299,False,False,False,False,False,other (detector jitter / missed det)
MOT17-11-FRCNN,782,35,53,72,781,0,0.56618,0.1365773216175638,36,0.024747374578423315,False,0.7074805498123169,False,False,False,False,False,other (detector jitter / missed det)
MOT17-11-FRCNN,783,35,72,53,782,0,0.52899,0.12051266766020864,32,0.024244889815409645,True,0.7214177846908569,False,False,False,False,False,other (detector jitter / missed det)
MOT17-11-FRCNN,783,37,68,55,782,0,0.61999,0.22924721400955198,43,0.0024464638703498793,True,0.7320971488952637,False,False,False,False,False,other (detector jitter / missed det)
MOT17-11-FRCNN,784,37,55,68,783,0,0.6418,0.2164884178216872,38,0.0030282945661094115,False,0.6833798289299011,False,False,False,False,False,other (detector jitter / missed det)
MOT17-11-FRCNN,784,35,53,72,783,0,0.49286,0.12454843893795585,34,0.024244889815409645,False,0.45356130599975586,False,True,False,False,False,occlusion
MOT17-11-FRCNN,785,37,68,55,784,0,0.66382,0.20397630268365027,43,0.009511959178715775,True,0.6884452104568481,False,False,False,False,False,other (detector jitter / missed det)
MOT17-11-FRCNN,786,37,55,68,785,0,0.69455,0.1846349360041151,38,0.010491809698750585,False,0.644503653049469,False,False,False,False,False,other (detector jitter / missed det)
MOT17-11-FRCNN,787,37,68,55,786,0,0.71994,0.16925719006108564,43,0.010491809698750585,True,0.638239860534668,False,False,False,False,False,other (detector jitter / missed det)
MOT17-11-FRCNN,787,36,73,53,786,0,0.32203,0.20253746149428287,35,0.014926163536739543,True,0.6911042332649231,False,True,False,False,False,occlusion
MOT17-11-FRCNN,788,36,53,73,787,0,0.36975,0.17543005517689061,1,0.01480611396405799,False,0.7158486843109131,False,True,False,False,False,occlusion
MOT17-11-FRCNN,788,37,55,68,787,0,0.74627,0.15208022427091034,38,0.010491809698750585,False,0.6272299289703369,False,False,False,False,False,other (detector jitter / missed det)
MOT17-11-FRCNN,789,36,73,53,788,0,0.41667,0.15434191335882377,35,0.014687980076046889,True,0.6943806409835815,False,True,False,False,False,occlusion
MOT17-11-FRCNN,789,37,68,55,788,0,0.71684,0.17175088315084802,43,0.010280281277404808,True,0.6433324813842773,False,False,False,False,False,other (detector jitter / missed det)
MOT17-11-FRCNN,790,37,55,68,789,0,0.67054,0.2015771752613858,38,0.010858813572372741,False,0.678213357925415,False,False,False,False,False,other (detector jitter / missed det)
MOT17-11-FRCNN,790,36,53,73,789,0,0.41667,0.15958549222797927,1,0.013258411109658166,False,0.7340751886367798,False,True,False,False,False,occlusion
MOT17-11-FRCNN,791,36,73,53,790,0,0.41667,0.15958549222797927,35,0.011085470704951838,True,0.65446937084198,False,True,False,False,False,occlusion
MOT17-11-FRCNN,791,37,68,55,790,0,0.6401,0.21760376150854216,43,0.01671702372327297,True,0.6416856050491333,False,False,False,False,False,other (detector jitter / missed det)
MOT17-11-FRCNN,792,37,55,68,791,0,0.61088,0.2330663997330664,38,0.01769931526213645,False,0.7039639949798584,False,False,False,False,False,other (detector jitter / missed det)
MOT17-11-FRCNN,792,36,53,73,791,0,0.46281,0.14245961196567983,1,0.013796752329581594,False,0.7379839420318604,False,True,False,False,False,occlusion
MOT17-11-FRCNN,793,37,68,55,792,0,0.57829,0.24776549402106943,43,0.01769931526213645,True,0.6668948531150818,False,False,False,False,False,other (detector jitter / missed det)
MOT17-11-FRCNN,793,36,73,53,792,0,0.80328,0.12980545780492664,35,0.014432600317710606,True,0.6181625127792358,False,False,False,False,False,other (detector jitter / missed det)
MOT17-11-FRCNN,794,36,53,73,793,0,0.82114,0.20128998968008255,49,0.014613914523421806,False,0.5487784147262573,False,False,False,False,False,other (detector jitter / missed det)
MOT17-11-FRCNN,794,37,55,68,793,0,0.54921,0.26240001793651596,38,0.01769931526213645,False,0.7184030413627625,False,False,False,False,False,other (detector jitter / missed det)
MOT17-11-FRCNN,795,36,73,53,794,0,0.8374,0.20543600586570268,35,0.014613914523421806,True,0.6594483852386475,False,False,False,False,False,other (detector jitter / missed det)
MOT17-11-FRCNN,796,36,53,73,795,0,0.84677,0.21013354944368468,49,0.014613914523421806,False,0.751335620880127,False,False,False,False,False,other (detector jitter / missed det)
MOT17-11-FRCNN,797,36,73,53,796,0,0.856,0.2152924950381808,35,0.015617376188860606,True,0.6965734362602234,False,False,False,False,False,other (detector jitter / missed det)
MOT17-11-FRCNN,798,36,53,73,797,0,0.86614,0.2152924950381808,49,0.015617376188860606,False,0.741399884223938,False,False,False,False,False,other (detector jitter / missed det)
MOT17-11-FRCNN,812,34,62,52,739,72,0.0,0.43984842582427314,33,0.002730142012303272,True,0.4135301411151886,False,True,True,False,False,long occlusion (> buffer)
MOT17-13-FRCNN,124,4,11,25,39,84,0.0,0.10091054163146532,2,0.022968556367535066,False,0.7588350772857666,True,True,True,False,False,long occlusion (> buffer)
MOT17-13-FRCNN,159,40,26,23,155,3,0.52174,0.23149772009821115,145,0.08208955223880597,True,0.6773477792739868,False,True,False,True,False,occlusion
MOT17-13-FRCNN,183,33,27,23,151,31,0.35993,0.4451578384162654,145,0.022329687826943605,True,0.5357491374015808,False,True,True,False,False,long occlusion (> buffer)
MOT17-13-FRCNN,185,72,27,30,179,5,0.75397,0.12479541734860884,73,0.04838709677419355,False,0.7563539147377014,True,True,False,False,False,occlusion
MOT17-13-FRCNN,224,33,23,33,194,29,0.35646,0.3804692454026633,146,0.026134526117094044,False,0.6446502208709717,True,True,False,False,False,occlusion
MOT17-13-FRCNN,246,33,33,34,224,21,0.5,0.0,-1,0.06454826866332665,False,,True,True,False,False,False,occlusion
MOT17-13-FRCNN,255,168,27,35,225,29,0.30571,0.0,-1,0.09078750045221223,False,,True,True,False,True,False,occlusion
MOT17-13-FRCNN,262,146,33,31,228,33,0.20641,0.48575712143928035,138,0.042683076191170774,True,0.8298424482345581,False,True,True,False,False,long occlusion (> buffer)
MOT17-13-FRCNN,274,148,24,37,266,7,0.47466,0.4453798356384045,52,0.03534854191631362,False,0.883568286895752,True,True,False,False,False,occlusion
MOT17-13-FRCNN,292,147,31,38,288,3,0.89346,0.5305896975555863,134,0.06249812207983371,False,0.6428782939910889,True,True,False,False,False,occlusion
MOT17-13-FRCNN,293,7,7,34,292,0,0.56977,0.0,33,0.0797573111536388,True,0.6592828035354614,False,False,False,False,False,other (detector jitter / missed det)
MOT17-13-FRCNN,314,133,32,34,298,15,0.26119,0.5685293697298842,7,0.042349772301132384,True,0.6757887601852417,False,True,False,False,False,occlusion
MOT17-13-FRCNN,315,133,34,38,314,0,0.26119,0.37193856371938566,160,0.03188061098999079,True,0.5895185470581055,False,True,False,False,False,occlusion
MOT17-13-FRCNN,316,133,38,34,315,0,0.46438,0.3816809060202662,7,0.03337414891790731,True,0.6523221135139465,False,True,False,False,False,occlusion
MOT17-13-FRCNN,317,133,34,38,316,0,0.72148,0.3831575016338344,160,0.03731343283582089,True,0.5518876314163208,False,True,False,False,False,occlusion
MOT17-13-FRCNN,320,18,28,40,262,57,0.47895,0.3547511312217195,48,0.007518796992481203,False,0.7006759643554688,True,True,True,False,False,long occlusion (> buffer)
MOT17-13-FRCNN,336,52,24,37,335,0,0.35294,0.38544973544973543,148,0.05039954043812729,True,0.8524561524391174,False,True,False,False,True,occlusion + similar appearance
MOT17-13-FRCNN,337,147,38,34,300,36,0.065531,0.6795004225748896,133,0.02530095666777243,True,0.8867262005805969,False,True,True,False,True,long occlusion (> buffer)
MOT17-13-FRCNN,347,142,36,42,332,14,0.1976,0.7573504562352146,68,0.04437641861310599,False,0.6413968205451965,True,True,False,False,False,occlusion
MOT17-13-FRCNN,357,47,28,24,356,0,0.1001,0.7378425471249802,52,0.04028379184927872,True,0.550849974155426,False,True,False,False,False,occlusion
MOT17-13-FRCNN,362,47,24,37,361,0,0.21438,0.6954022988505747,48,0.05631153297756386,True,0.8823739290237427,False,True,False,False,True,occlusion + similar appearance
MOT17-13-FRCNN,363,47,37,24,362,0,0.10526,0.6954022988505747,52,0.05631153297756386,True,0.6427189111709595,False,True,False,False,False,occlusion
MOT17-13-FRCNN,364,163,36,44,295,68,0.37778,0.2097902097902098,168,0.02886609848933317,False,0.4867212772369385,True,True,True,False,False,long occlusion (> buffer)
MOT17-13-FRCNN,366,47,24,37,365,0,0.23353,0.6514653323802716,48,0.05268932435101175,True,0.8618570566177368,False,True,False,False,True,occlusion + similar appearance
MOT17-13-FRCNN,366,155,36,39,364,1,0.74682,0.4316214656664743,161,0.0724431870119679,True,0.8121035695075989,False,True,False,False,False,occlusion
MOT17-13-FRCNN,367,47,37,24,366,0,0.25193,0.625,52,0.05268932435101175,True,0.5767105221748352,False,True,False,False,False,occlusion
MOT17-13-FRCNN,367,155,39,36,366,0,0.75864,0.46402624794937897,142,0.04050847785325706,True,0.5420392751693726,False,True,False,False,False,occlusion
MOT17-13-FRCNN,368,155,36,39,367,0,0.82346,0.46402624794937897,161,0.04050847785325706,True,0.8363277316093445,False,True,False,False,False,occlusion
MOT17-13-FRCNN,369,155,39,36,368,0,0.84186,0.4550155118924509,142,0.04050847785325706,True,0.6352416276931763,False,True,False,False,False,occlusion
MOT17-13-FRCNN,370,155,36,39,369,0,0.88008,0.4990842490842491,161,0.043153735619980614,True,0.8121071457862854,False,True,False,False,False,occlusion
MOT17-13-FRCNN,370,47,24,37,369,0,0.26174,0.6,48,0.05175401090099379,True,0.8332756757736206,False,True,False,False,False,occlusion
MOT17-13-FRCNN,371,155,39,36,370,0,0.91378,0.5830206378986866,142,0.043153735619980614,True,0.593174397945404,False,True,False,False,False,occlusion
MOT17-13-FRCNN,376,155,36,39,375,0,0.81642,0.752447192168985,161,0.038351947976344655,True,0.9070613980293274,False,True,False,False,True,occlusion + similar appearance
MOT17-13-FRCNN,386,160,38,47,301,84,0.056604,0.38388625592417064,66,0.01251927526202774,False,0.61015385389328,True,True,True,False,False,long occlusion (> buffer)
MOT17-13-FRCNN,387,157,31,48,304,82,0.046044,0.8741808650065531,135,0.07234042553191489,False,0.9267744421958923,True,True,True,False,False,long occlusion (> buffer)
MOT17-13-FRCNN,388,161,39,36,365,22,0.06383,0.7661469933184856,155,0.0185699104931379,True,0.9287557601928711,False,True,False,False,True,occlusion + similar appearance
MOT17-13-FRCNN,394,151,35,44,306,87,0.36722,0.42574981711777615,163,0.05454545454545454,True,0.8531438112258911,False,True,True,False,True,long occlusion (> buffer)
MOT17-13-FRCNN,400,139,32,34,399,0,0.68804,0.20637994292702813,147,0.06729056736273142,True,0.8034632205963135,False,False,False,False,False,other (detector jitter / missed det)
MOT17-13-FRCNN,401,139,34,32,400,0,0.67202,0.21452295669163138,133,0.06729056736273142,True,0.7718470096588135,False,False,False,False,False,other (detector jitter / missed det)
MOT17-13-FRCNN,418,161,36,39,417,0,0.15826,0.4308248439040421,155,0.07142857142857142,True,0.7526346445083618,False,True,False,False,False,occlusion
MOT17-13-FRCNN,420,142,42,45,418,1,0.0,0.3541329011345219,68,0.14712110487824148,True,0.8574620485305786,False,True,False,True,True,occlusion + similar appearance
MOT17-13-FRCNN,422,155,39,36,415,6,0.45122,0.4935502614758861,161,0.0753079888795266,True,0.8406546115875244,False,True,False,False,False,occlusion
MOT17-13-FRCNN,426,135,31,49,396,29,0.20395,0.6476485788113695,133,0.105215881506472,False,0.7298879623413086,True,True,False,True,False,occlusion
MOT17-13-FRCNN,427,155,36,39,426,0,0.84337,0.4509845437222105,161,0.08921561712450657,True,0.8206067681312561,False,True,False,True,False,occlusion
MOT17-13-FRCNN,428,155,39,36,427,0,0.91765,0.44924550651490963,161,0.09188103510071699,True,0.7990085482597351,False,True,False,True,False,occlusion
MOT17-13-FRCNN,429,155,36,39,428,0,0.97674,0.4490691150216781,161,0.09188103510071699,True,0.807979166507721,False,True,False,True,False,occlusion
MOT17-13-FRCNN,430,155,39,36,429,0,1.0,0.42359009969743566,161,0.09188103510071699,True,0.8473823070526123,False,True,False,True,False,occlusion
MOT17-13-FRCNN,431,155,36,39,430,0,1.0,0.4102874286267299,161,0.09153573444547967,True,0.7914800643920898,False,True,False,True,False,occlusion
MOT17-13-FRCNN,432,155,39,36,431,0,1.0,0.40256324422552725,161,0.09153573444547967,True,0.8158777356147766,False,True,False,True,False,occlusion
MOT17-13-FRCNN,433,155,36,39,432,0,1.0,0.3901676081983286,161,0.09153573444547967,True,0.7621086239814758,False,True,False,True,False,occlusion
MOT17-13-FRCNN,434,155,39,36,433,0,1.0,0.3775271627011415,161,0.09333210145038832,True,0.7779866456985474,False,True,False,True,False,occlusion
MOT17-13-FRCNN,435,155,36,39,434,0,1.0,0.3927088973109547,161,0.1122782724216316,True,0.8113111257553101,False,True,False,True,False,occlusion
MOT17-13-FRCNN,436,155,39,36,435,0,1.0,0.3927088973109547,161,0.1122782724216316,True,0.7720519304275513,False,True,False,True,False,occlusion
MOT17-13-FRCNN,437,155,36,39,436,0,1.0,0.3820560091300149,161,0.1122782724216316,True,0.7756629586219788,False,True,False,True,False,occlusion
MOT17-13-FRCNN,438,155,39,36,437,0,1.0,0.37062457103637614,161,0.11102433991137123,True,0.7800833582878113,False,True,False,True,False,occlusion
MOT17-13-FRCNN,439,155,36,39,438,0,1.0,0.35597689603214466,161,0.11036108741722422,True,0.718650221824646,False,True,False,True,False,occlusion
MOT17-13-FRCNN,440,155,39,36,439,0,1.0,0.35351828187476814,161,0.10848953763028969,True,0.8081874251365662,False,True,False,True,False,occlusion
MOT17-13-FRCNN,441,155,36,39,440,0,1.0,0.3411322584555704,161,0.10623639229131959,True,0.7790470123291016,False,True,False,True,False,occlusion
MOT17-13-FRCNN,442,161,39,36,419,22,0.054288,0.4950681070925317,155,0.10975602006296145,True,0.692297637462616,False,True,False,True,False,occlusion
MOT17-13-FRCNN,662,42,61,63,623,38,0.23776,0.11161247511612475,28,0.07086763875156434,False,0.7006230354309082,True,True,True,False,False,long occlusion (> buffer)
