1,1,1611.37,559.04,52.86,115.33,0.857,-1,-1,-1
1,2,1521.66,568.77,49.67,108.25,0.823,-1,-1,-1
1,3,0.16,664.76,50.22,219.08,0.816,-1,-1,-1
1,4,121.86,709.64,50.04,94.46,0.800,-1,-1,-1
1,5,1368.76,514.46,35.39,99.15,0.766,-1,-1,-1
1,6,501.46,549.25,36.14,88.84,0.718,-1,-1,-1
1,7,1445.30,509.46,26.51,73.62,0.705,-1,-1,-1
1,8,276.59,586.88,37.09,146.25,0.663,-1,-1,-1
1,9,194.83,574.29,40.79,153.99,0.635,-1,-1,-1
1,10,540.22,549.10,35.27,89.82,0.634,-1,-1,-1
2,1,1617.23,558.91,53.23,116.09,0.855,-1,-1,-1
2,2,1526.52,564.46,51.57,112.50,0.820,-1,-1,-1
2,3,-5.46,648.40,51.08,223.39,0.834,-1,-1,-1
2,4,110.79,699.39,51.33,96.97,0.800,-1,-1,-1
2,5,1371.94,511.06,35.94,100.69,0.781,-1,-1,-1
2,6,500.13,538.13,36.64,90.03,0.761,-1,-1,-1
2,7,1449.56,507.27,26.35,73.16,0.721,-1,-1,-1
2,8,271.51,576.90,36.95,145.64,0.568,-1,-1,-1
2,9,187.78,560.55,41.19,155.59,0.624,-1,-1,-1
2,10,538.23,536.88,36.03,91.81,0.631,-1,-1,-1
3,1,1624.28,552.26,53.67,116.99,0.857,-1,-1,-1
3,2,1533.11,557.33,52.29,114.20,0.852,-1,-1,-1
3,3,-8.18,674.71,51.42,226.22,0.812,-1,-1,-1
3,4,104.78,725.85,51.03,96.54,0.786,-1,-1,-1
3,5,1374.61,506.93,37.33,104.71,0.773,-1,-1,-1
3,6,499.23,552.99,36.64,90.00,0.715,-1,-1,-1
3,7,1452.21,500.86,27.13,75.37,0.708,-1,-1,-1
3,8,266.89,596.13,37.57,148.06,0.606,-1,-1,-1
3,9,181.01,583.67,41.10,155.33,0.713,-1,-1,-1
3,10,537.56,550.41,36.37,92.77,0.651,-1,-1,-1
4,1,1632.02,553.09,55.39,120.58,0.867,-1,-1,-1
4,2,1540.58,556.92,53.86,117.94,0.856,-1,-1,-1
4,3,-10.53,689.40,43.36,191.75,0.637,-1,-1,-1
4,4,92.34,723.58,51.38,97.44,0.739,-1,-1,-1
4,5,1379.93,505.09,36.65,102.80,0.777,-1,-1,-1
4,6,498.21,548.27,37.60,92.39,0.745,-1,-1,-1
4,7,1456.95,496.94,28.25,78.56,0.712,-1,-1,-1
4,8,261.23,592.55,37.79,148.83,0.633,-1,-1,-1
4,9,171.96,580.65,41.33,156.22,0.688,-1,-1,-1
4,10,536.97,544.40,37.56,95.94,0.600,-1,-1,-1
4,11,1499.23,512.18,25.00,75.00,0.586,-1,-1,-1
5,1,1636.60,565.23,56.12,122.03,0.877,-1,-1,-1
5,2,1544.75,567.43,54.37,119.34,0.813,-1,-1,-1
5,4,76.72,715.39,52.54,100.12,0.717,-1,-1,-1
5,5,1382.98,515.03,35.93,100.97,0.782,-1,-1,-1
5,6,496.85,542.51,38.06,93.53,0.763,-1,-1,-1
5,7,1459.82,504.76,28.68,79.79,0.731,-1,-1,-1
5,8,251.74,581.80,39.00,153.66,0.721,-1,-1,-1
5,9,162.55,571.59,41.79,157.83,0.498,-1,-1,-1
5,10,535.77,543.38,36.34,92.98,0.659,-1,-1,-1
5,11,1502.27,521.22,25.02,75.05,0.661,-1,-1,-1
6,1,1645.05,576.00,56.96,123.59,0.833,-1,-1,-1
6,2,1553.59,577.29,54.98,121.14,0.811,-1,-1,-1
6,4,62.22,733.31,54.01,103.56,0.689,-1,-1,-1
6,5,1387.73,526.44,35.29,99.47,0.758,-1,-1,-1
6,6,496.09,554.34,38.81,95.61,0.756,-1,-1,-1
6,7,1464.77,517.49,27.62,76.89,0.750,-1,-1,-1
6,8,247.24,600.95,38.14,149.82,0.602,-1,-1,-1
6,9,153.75,586.48,42.01,158.34,0.542,-1,-1,-1
6,10,535.14,556.75,35.91,92.07,0.599,-1,-1,-1
6,11,1507.94,531.13,25.25,75.75,0.469,-1,-1,-1
7,1,1652.43,571.05,58.33,126.37,0.831,-1,-1,-1
7,2,1560.75,570.21,56.11,123.94,0.825,-1,-1,-1
7,4,44.39,731.17,56.15,108.44,0.714,-1,-1,-1
7,5,1390.38,519.62,35.37,99.86,0.776,-1,-1,-1
7,6,492.27,546.29,39.57,97.83,0.746,-1,-1,-1
7,7,1467.21,508.39,28.49,79.46,0.732,-1,-1,-1
7,8,239.61,604.44,36.47,142.90,0.622,-1,-1,-1
7,9,140.81,579.93,43.47,163.24,0.700,-1,-1,-1
7,10,532.23,550.64,35.77,91.92,0.644,-1,-1,-1
7,11,1511.62,523.82,25.60,76.88,0.613,-1,-1,-1
8,1,1659.47,582.26,58.63,126.48,0.838,-1,-1,-1
8,2,1569.06,581.90,55.76,123.37,0.817,-1,-1,-1
8,4,31.50,742.47,55.72,108.04,0.663,-1,-1,-1
8,5,1393.19,530.30,35.03,99.24,0.765,-1,-1,-1
8,6,491.49,552.75,39.34,97.65,0.763,-1,-1,-1
8,7,1470.20,517.09,28.60,79.88,0.733,-1,-1,-1
8,8,231.83,611.83,36.73,143.80,0.499,-1,-1,-1
8,9,131.67,589.23,43.46,162.31,0.573,-1,-1,-1
8,10,532.33,557.66,36.26,93.28,0.623,-1,-1,-1
8,11,1515.17,532.80,25.95,77.95,0.621,-1,-1,-1
9,1,1666.12,586.22,60.00,128.98,0.864,-1,-1,-1
9,2,1575.80,587.50,55.82,124.10,0.808,-1,-1,-1
9,4,14.02,742.11,56.05,109.23,0.754,-1,-1,-1
9,5,1395.87,532.99,35.02,99.52,0.774,-1,-1,-1
9,6,489.61,551.07,38.86,96.73,0.770,-1,-1,-1
9,7,1474.01,520.60,28.44,79.30,0.760,-1,-1,-1
9,8,221.15,604.50,38.57,150.46,0.640,-1,-1,-1
9,9,120.01,586.20,44.13,163.87,0.498,-1,-1,-1
9,10,532.11,555.19,36.81,94.50,0.557,-1,-1,-1
9,11,1518.05,535.07,26.68,80.23,0.578,-1,-1,-1
10,1,1671.23,603.78,59.81,127.88,0.859,-1,-1,-1
10,2,1579.67,601.69,56.19,125.54,0.830,-1,-1,-1
10,4,-3.75,730.18,56.71,111.38,0.822,-1,-1,-1
10,5,1397.27,543.76,34.65,98.90,0.787,-1,-1,-1
10,6,486.97,544.32,38.92,97.26,0.746,-1,-1,-1
10,7,1476.57,532.78,28.20,78.61,0.735,-1,-1,-1
10,8,209.59,592.91,39.25,152.73,0.633,-1,-1,-1
10,9,107.15,574.08,44.28,163.54,0.478,-1,-1,-1
10,10,531.22,548.37,37.26,95.36,0.602,-1,-1,-1
10,11,1520.70,548.45,26.60,80.06,0.375,-1,-1,-1
11,1,1679.95,584.88,61.17,130.15,0.890,-1,-1,-1
11,2,1588.28,587.25,56.27,126.07,0.842,-1,-1,-1
11,4,-12.52,751.56,57.34,114.03,0.675,-1,-1,-1
11,5,1399.94,530.10,35.16,100.77,0.793,-1,-1,-1
11,6,484.27,550.47,39.04,98.10,0.765,-1,-1,-1
11,7,1479.31,519.33,28.07,78.11,0.710,-1,-1,-1
11,8,201.25,604.00,40.47,157.32,0.577,-1,-1,-1
11,9,94.48,590.62,45.30,165.72,0.626,-1,-1,-1
11,10,529.95,555.06,37.31,95.05,0.596,-1,-1,-1
11,11,1524.08,535.86,25.83,77.86,0.374,-1,-1,-1
12,1,1687.14,589.81,61.98,131.58,0.858,-1,-1,-1
12,2,1596.15,593.08,56.82,127.51,0.831,-1,-1,-1
12,5,1402.82,534.24,35.53,102.16,0.791,-1,-1,-1
12,6,482.56,554.72,38.88,98.21,0.774,-1,-1,-1
12,7,1481.72,521.78,28.98,80.65,0.736,-1,-1,-1
12,8,192.48,605.28,41.23,160.15,0.525,-1,-1,-1
12,9,82.75,596.92,45.27,163.71,0.623,-1,-1,-1
12,10,527.15,557.72,37.50,95.71,0.624,-1,-1,-1
12,11,1527.98,539.72,26.04,78.48,0.203,-1,-1,-1
13,1,1694.80,590.91,62.73,133.21,0.883,-1,-1,-1
13,2,1603.14,592.93,57.77,130.30,0.838,-1,-1,-1
13,5,1406.19,531.65,35.41,102.20,0.817,-1,-1,-1
13,6,480.13,539.17,38.42,97.66,0.772,-1,-1,-1
13,7,1484.88,518.34,29.46,81.80,0.730,-1,-1,-1
13,8,181.19,588.97,41.16,159.58,0.537,-1,-1,-1
13,9,70.93,577.81,45.81,165.04,0.551,-1,-1,-1
13,10,524.09,542.91,37.15,95.14,0.516,-1,-1,-1
13,11,1533.00,536.72,26.50,79.95,0.124,-1,-1,-1
14,1,1701.52,583.84,63.47,135.21,0.872,-1,-1,-1
14,2,1610.67,589.83,56.69,127.78,0.852,-1,-1,-1
14,5,1408.09,530.79,34.63,100.25,0.780,-1,-1,-1
14,6,477.85,547.56,38.17,97.44,0.733,-1,-1,-1
14,7,1485.88,515.42,29.49,81.70,0.650,-1,-1,-1
14,8,172.57,603.09,41.17,158.96,0.587,-1,-1,-1
14,9,56.62,590.20,47.62,169.52,0.726,-1,-1,-1
14,10,520.89,549.91,37.34,96.05,0.634,-1,-1,-1
14,11,1535.14,530.12,26.99,81.33,0.347,-1,-1,-1
14,12,672.34,523.37,28.26,73.13,0.589,-1,-1,-1
15,1,1710.54,584.79,64.56,138.27,0.877,-1,-1,-1
15,2,1619.01,592.09,56.96,128.81,0.816,-1,-1,-1
15,5,1412.27,531.74,34.59,100.15,0.789,-1,-1,-1
15,6,477.37,545.68,38.14,97.91,0.752,-1,-1,-1
15,7,1492.21,519.29,28.20,78.06,0.464,-1,-1,-1
15,8,162.35,601.73,41.79,160.21,0.679,-1,-1,-1
15,9,46.58,587.23,48.48,172.10,0.678,-1,-1,-1
15,10,521.48,546.84,37.94,97.48,0.686,-1,-1,-1
15,11,1540.97,537.66,24.76,74.94,0.453,-1,-1,-1
15,12,673.00,521.62,28.24,73.12,0.715,-1,-1,-1
16,1,1717.21,589.97,64.64,139.31,0.890,-1,-1,-1
16,2,1625.86,596.69,57.15,130.12,0.828,-1,-1,-1
16,5,1415.51,535.59,34.36,99.39,0.765,-1,-1,-1
16,6,475.81,543.88,38.20,98.48,0.715,-1,-1,-1
16,7,1495.38,524.75,27.50,76.09,0.734,-1,-1,-1
16,8,151.17,599.90,42.30,162.15,0.510,-1,-1,-1
16,9,32.27,584.10,49.97,175.82,0.637,-1,-1,-1
16,10,519.77,545.24,38.06,97.96,0.594,-1,-1,-1
16,11,1545.31,546.20,23.10,70.14,0.398,-1,-1,-1
16,12,672.42,520.80,28.29,73.32,0.641,-1,-1,-1
16,13,638.97,531.69,26.44,67.21,0.512,-1,-1,-1
17,1,1724.30,588.32,64.75,140.36,0.850,-1,-1,-1
17,2,1633.74,593.97,57.71,131.95,0.763,-1,-1,-1
17,5,1418.04,534.41,34.70,99.85,0.793,-1,-1,-1
17,6,473.51,548.32,38.09,98.59,0.760,-1,-1,-1
17,7,1497.13,520.22,27.88,77.41,0.675,-1,-1,-1
17,8,137.57,605.09,43.50,167.04,0.613,-1,-1,-1
17,9,16.29,591.00,51.71,180.05,0.673,-1,-1,-1
17,10,516.49,549.09,38.16,98.44,0.740,-1,-1,-1
17,11,1548.10,544.55,22.79,69.50,0.478,-1,-1,-1
17,12,670.96,524.45,28.52,74.00,0.692,-1,-1,-1
17,13,637.39,537.15,25.69,65.28,0.402,-1,-1,-1
18,1,1733.02,590.88,64.47,140.89,0.862,-1,-1,-1
18,2,1641.45,593.68,58.22,134.45,0.812,-1,-1,-1
18,5,1421.35,534.74,34.91,100.47,0.763,-1,-1,-1
18,6,472.18,547.28,38.26,99.48,0.767,-1,-1,-1
18,7,1500.62,520.38,27.53,76.77,0.669,-1,-1,-1
18,8,127.15,605.34,44.07,169.25,0.414,-1,-1,-1
18,9,4.03,592.43,52.12,180.30,0.661,-1,-1,-1
18,10,514.96,548.24,38.40,99.32,0.755,-1,-1,-1
18,11,1552.62,544.14,23.04,70.62,0.483,-1,-1,-1
18,12,670.74,523.98,28.79,74.79,0.695,-1,-1,-1
18,13,637.07,537.57,25.97,65.94,0.538,-1,-1,-1
19,1,1741.95,592.58,64.13,141.33,0.850,-1,-1,-1
19,2,1649.53,593.73,58.40,136.05,0.849,-1,-1,-1
19,5,1423.68,535.71,34.93,100.70,0.762,-1,-1,-1
19,6,470.41,546.38,38.64,100.89,0.793,-1,-1,-1
19,7,1504.18,520.33,27.62,76.80,0.709,-1,-1,-1
19,8,115.38,604.95,45.15,173.63,0.253,-1,-1,-1
19,9,-4.58,595.33,51.74,179.49,0.616,-1,-1,-1
19,10,512.73,548.41,38.15,99.20,0.708,-1,-1,-1
19,11,1556.28,543.25,23.85,73.62,0.486,-1,-1,-1
19,12,670.20,523.79,29.00,75.49,0.708,-1,-1,-1
19,13,635.86,537.32,26.19,66.49,0.540,-1,-1,-1
20,1,1750.02,593.11,64.20,142.64,0.859,-1,-1,-1
20,2,1656.53,592.51,58.85,138.28,0.823,-1,-1,-1
20,5,1425.86,535.95,35.28,101.53,0.769,-1,-1,-1
20,6,468.14,549.19,38.32,100.49,0.675,-1,-1,-1
20,7,1507.81,524.69,25.81,71.96,0.190,-1,-1,-1
20,8,104.54,608.98,45.61,175.46,0.129,-1,-1,-1
20,9,-11.32,602.21,50.56,178.19,0.691,-1,-1,-1
20,10,509.77,552.85,37.40,97.66,0.657,-1,-1,-1
20,11,1559.23,542.40,24.07,74.76,0.378,-1,-1,-1
20,12,668.77,524.70,29.30,76.38,0.728,-1,-1,-1
20,13,633.44,538.88,26.71,67.82,0.595,-1,-1,-1
21,1,1759.38,597.77,63.70,142.46,0.862,-1,-1,-1
21,2,1663.93,594.75,59.23,140.21,0.835,-1,-1,-1
21,5,1428.55,537.32,35.56,102.30,0.782,-1,-1,-1
21,6,465.19,549.33,38.12,99.83,0.736,-1,-1,-1
21,7,1510.67,522.78,26.68,74.65,0.562,-1,-1,-1
21,8,92.76,609.11,46.82,179.63,0.112,-1,-1,-1
21,10,507.95,554.19,37.04,97.01,0.685,-1,-1,-1
21,11,1562.90,541.50,24.92,78.17,0.504,-1,-1,-1
21,12,668.29,524.17,29.35,76.63,0.725,-1,-1,-1
21,13,632.58,539.04,26.52,67.33,0.334,-1,-1,-1
22,1,1768.60,599.58,63.78,143.37,0.869,-1,-1,-1
22,2,1671.37,596.13,59.72,142.31,0.875,-1,-1,-1
22,5,1431.08,538.14,35.78,102.76,0.828,-1,-1,-1
22,6,463.04,550.55,38.50,100.88,0.732,-1,-1,-1
22,7,1513.73,521.08,27.13,76.46,0.635,-1,-1,-1
22,8,81.54,613.22,47.69,182.60,0.171,-1,-1,-1
22,10,504.72,554.03,38.20,100.18,0.615,-1,-1,-1
22,11,1566.50,541.72,25.15,79.62,0.576,-1,-1,-1
22,12,667.25,526.94,28.93,75.66,0.706,-1,-1,-1
22,13,630.87,540.79,26.72,67.86,0.233,-1,-1,-1
22,14,1068.84,491.63,17.04,33.78,0.623,-1,-1,-1
23,1,1778.27,600.63,64.63,145.47,0.861,-1,-1,-1
23,2,1679.09,599.96,60.00,143.28,0.782,-1,-1,-1
23,5,1433.67,538.37,36.26,104.19,0.812,-1,-1,-1
23,6,462.20,550.28,38.74,101.93,0.685,-1,-1,-1
23,7,1517.09,522.48,25.89,72.68,0.183,-1,-1,-1
23,10,501.91,550.32,39.88,104.99,0.668,-1,-1,-1
23,11,1570.60,544.18,24.76,78.97,0.429,-1,-1,-1
23,12,666.41,527.64,29.11,76.38,0.695,-1,-1,-1
23,13,629.46,540.77,26.98,68.48,0.256,-1,-1,-1
23,14,1068.57,491.80,17.17,33.99,0.630,-1,-1,-1
24,1,1787.71,596.00,66.11,149.23,0.874,-1,-1,-1
24,2,1686.00,597.77,61.03,146.13,0.841,-1,-1,-1
24,5,1435.72,535.89,36.84,105.93,0.785,-1,-1,-1
24,6,460.28,554.53,38.76,101.97,0.747,-1,-1,-1
24,7,1520.97,518.15,27.32,76.19,0.428,-1,-1,-1
24,10,500.05,554.10,39.87,104.77,0.735,-1,-1,-1
24,11,1574.53,544.43,23.99,76.87,0.324,-1,-1,-1
24,12,664.61,529.13,30.01,78.98,0.738,-1,-1,-1
24,13,627.82,544.43,26.77,67.94,0.309,-1,-1,-1
24,14,1067.13,491.74,17.48,34.57,0.633,-1,-1,-1
25,1,1797.77,604.05,66.87,150.85,0.880,-1,-1,-1
25,2,1694.34,606.16,62.02,148.34,0.879,-1,-1,-1
25,5,1438.70,540.80,37.05,106.51,0.800,-1,-1,-1
25,6,458.16,556.43,39.30,103.28,0.771,-1,-1,-1
25,7,1525.49,523.87,27.83,77.54,0.670,-1,-1,-1
25,10,499.62,557.50,39.72,104.02,0.743,-1,-1,-1
25,11,1578.92,549.68,24.29,78.51,0.450,-1,-1,-1
25,12,664.14,530.98,30.50,80.51,0.734,-1,-1,-1
25,13,627.56,549.56,25.90,65.70,0.234,-1,-1,-1
25,14,1067.14,495.02,17.40,34.38,0.668,-1,-1,-1
26,1,1807.47,607.80,67.81,152.45,0.894,-1,-1,-1
26,2,1701.76,610.93,62.25,149.33,0.859,-1,-1,-1
26,5,1441.59,543.01,37.46,107.42,0.813,-1,-1,-1
26,6,456.81,556.41,39.49,103.77,0.760,-1,-1,-1
26,7,1529.17,524.49,28.76,80.15,0.750,-1,-1,-1
26,10,499.09,559.73,39.43,102.34,0.709,-1,-1,-1
26,11,1583.55,552.94,23.35,75.74,0.202,-1,-1,-1
26,12,663.99,530.58,30.88,81.81,0.757,-1,-1,-1
26,13,626.78,550.44,25.90,65.69,0.310,-1,-1,-1
26,14,1067.81,496.00,17.20,34.00,0.551,-1,-1,-1
27,1,1815.21,609.52,69.56,155.81,0.886,-1,-1,-1
27,2,1708.80,614.18,63.04,151.41,0.866,-1,-1,-1
27,5,1443.91,544.79,37.80,108.17,0.818,-1,-1,-1
27,6,453.46,560.16,39.47,103.89,0.743,-1,-1,-1
27,7,1531.65,525.96,29.25,81.22,0.759,-1,-1,-1
27,10,497.99,563.86,39.64,101.80,0.698,-1,-1,-1
27,11,1587.14,555.44,22.71,74.20,0.479,-1,-1,-1
27,12,662.88,537.33,29.94,79.17,0.759,-1,-1,-1
27,13,624.38,552.07,26.65,67.59,0.395,-1,-1,-1
27,14,1066.97,498.52,17.01,33.69,0.610,-1,-1,-1
28,1,1824.29,610.53,70.98,158.32,0.879,-1,-1,-1
28,2,1717.30,616.36,63.29,152.54,0.884,-1,-1,-1
28,5,1447.75,545.52,38.32,109.48,0.828,-1,-1,-1
28,6,452.04,562.05,39.35,104.10,0.677,-1,-1,-1
28,7,1535.94,528.46,29.18,79.89,0.769,-1,-1,-1
28,10,495.55,563.62,40.66,104.45,0.651,-1,-1,-1
28,11,1591.73,556.61,22.15,72.77,0.199,-1,-1,-1
28,12,663.05,540.79,29.51,77.97,0.765,-1,-1,-1
28,13,623.45,555.10,26.36,66.83,0.313,-1,-1,-1
28,14,1067.26,499.95,16.92,33.57,0.494,-1,-1,-1
29,1,1832.10,621.17,71.78,159.20,0.886,-1,-1,-1
29,2,1724.55,625.08,64.18,155.21,0.866,-1,-1,-1
29,5,1450.72,551.10,38.90,111.15,0.838,-1,-1,-1
29,6,448.36,561.39,39.88,105.51,0.767,-1,-1,-1
29,7,1539.61,534.55,29.82,81.24,0.785,-1,-1,-1
29,10,493.86,563.92,40.70,104.93,0.669,-1,-1,-1
29,11,1595.75,562.57,22.26,73.54,0.244,-1,-1,-1
29,12,662.44,541.81,29.72,78.44,0.744,-1,-1,-1
29,13,622.00,555.63,26.89,68.13,0.317,-1,-1,-1
29,14,1067.99,504.25,16.46,32.64,0.376,-1,-1,-1
30,1,1842.09,621.56,69.54,152.46,0.694,-1,-1,-1
30,2,1731.86,625.08,64.68,157.04,0.875,-1,-1,-1
30,5,1453.30,552.78,38.93,111.03,0.830,-1,-1,-1
30,6,444.84,567.20,40.35,106.73,0.766,-1,-1,-1
30,7,1542.22,535.35,30.02,81.32,0.803,-1,-1,-1
30,10,492.11,569.61,40.87,105.40,0.707,-1,-1,-1
30,11,1599.03,563.02,21.41,71.07,0.244,-1,-1,-1
30,12,660.59,545.68,30.01,79.09,0.724,-1,-1,-1
30,13,620.09,562.15,26.35,66.60,0.251,-1,-1,-1
30,14,1066.75,506.00,16.70,33.10,0.339,-1,-1,-1
31,1,1853.57,624.31,66.33,144.46,0.622,-1,-1,-1
31,2,1743.04,628.56,65.25,158.73,0.882,-1,-1,-1
31,5,1457.86,558.10,39.14,112.08,0.810,-1,-1,-1
31,6,442.74,580.64,40.82,107.67,0.799,-1,-1,-1
31,7,1547.32,539.48,30.15,81.44,0.789,-1,-1,-1
31,10,491.17,584.91,40.34,104.12,0.665,-1,-1,-1
31,11,1603.84,561.65,22.75,75.85,0.123,-1,-1,-1
31,12,660.40,558.36,29.91,78.65,0.787,-1,-1,-1
31,13,620.18,575.58,25.90,65.39,0.279,-1,-1,-1
31,14,1066.35,512.98,16.94,33.64,0.384,-1,-1,-1
32,1,1853.70,632.79,71.37,157.52,0.853,-1,-1,-1
32,2,1749.03,633.21,65.85,160.63,0.832,-1,-1,-1
32,5,1460.22,562.41,38.69,110.82,0.804,-1,-1,-1
32,6,441.72,576.24,39.99,105.42,0.802,-1,-1,-1
32,7,1549.19,540.26,31.09,84.03,0.770,-1,-1,-1
32,10,490.08,581.56,39.47,101.85,0.713,-1,-1,-1
32,11,1605.99,564.48,22.96,77.07,0.184,-1,-1,-1
32,12,659.78,555.07,29.96,78.64,0.509,-1,-1,-1
32,13,619.11,566.60,27.66,70.03,0.414,-1,-1,-1
32,14,1065.86,512.87,16.56,32.91,0.325,-1,-1,-1
33,1,1859.45,622.90,72.38,163.47,0.846,-1,-1,-1
33,2,1759.65,622.22,65.87,160.74,0.816,-1,-1,-1
33,5,1463.11,550.29,39.18,112.53,0.807,-1,-1,-1
33,6,437.84,564.05,40.16,106.00,0.797,-1,-1,-1
33,7,1552.67,524.45,32.52,88.08,0.758,-1,-1,-1
33,10,486.83,571.45,39.37,101.17,0.698,-1,-1,-1
33,11,1610.09,550.57,23.53,79.43,0.313,-1,-1,-1
33,12,656.54,542.90,29.93,78.74,0.500,-1,-1,-1
33,13,617.03,556.26,27.13,68.56,0.296,-1,-1,-1
33,14,1064.93,501.49,16.29,32.24,0.251,-1,-1,-1
34,1,1866.32,624.52,71.38,166.09,0.805,-1,-1,-1
34,2,1772.24,622.70,64.86,157.79,0.883,-1,-1,-1
34,5,1467.57,552.04,39.20,113.05,0.783,-1,-1,-1
34,6,435.58,570.61,40.08,105.87,0.781,-1,-1,-1
34,7,1557.71,528.25,31.42,84.60,0.771,-1,-1,-1
34,10,484.59,576.95,39.86,102.61,0.695,-1,-1,-1
34,11,1613.06,548.50,24.85,84.07,0.296,-1,-1,-1
34,12,655.15,549.23,29.65,78.35,0.406,-1,-1,-1
34,13,616.88,563.41,26.87,67.87,0.397,-1,-1,-1
34,14,1064.11,505.08,16.21,32.02,0.155,-1,-1,-1
35,1,1877.92,629.26,59.88,141.20,0.601,-1,-1,-1
35,2,1782.39,621.49,65.62,159.02,0.878,-1,-1,-1
35,5,1472.02,549.19,39.21,113.20,0.804,-1,-1,-1
35,6,433.71,561.08,39.96,105.71,0.775,-1,-1,-1
35,7,1563.04,525.26,31.31,84.15,0.780,-1,-1,-1
35,10,481.77,564.28,41.00,105.44,0.720,-1,-1,-1
35,11,1618.03,544.35,25.45,86.68,0.428,-1,-1,-1
35,12,653.37,539.83,29.74,78.94,0.395,-1,-1,-1
35,13,615.54,548.98,29.27,74.12,0.521,-1,-1,-1
35,14,1065.81,499.34,15.82,31.03,0.170,-1,-1,-1
36,2,1792.78,619.23,67.54,163.25,0.884,-1,-1,-1
36,5,1476.43,547.74,38.96,112.53,0.813,-1,-1,-1
36,6,431.29,560.26,39.85,105.80,0.779,-1,-1,-1
36,7,1568.33,523.07,30.70,82.51,0.737,-1,-1,-1
36,10,479.04,562.96,41.66,106.78,0.721,-1,-1,-1
36,11,1623.14,542.85,24.83,85.31,0.368,-1,-1,-1
36,12,652.19,539.15,29.63,79.07,0.346,-1,-1,-1
36,13,614.57,547.25,29.90,75.97,0.515,-1,-1,-1
36,14,1065.25,497.68,15.76,30.79,0.178,-1,-1,-1
36,15,525.09,532.44,25.12,83.58,0.548,-1,-1,-1
37,2,1801.31,622.48,69.28,167.13,0.877,-1,-1,-1
37,5,1480.08,547.81,38.89,112.70,0.798,-1,-1,-1
37,6,429.28,555.58,39.45,105.01,0.754,-1,-1,-1
37,7,1571.88,522.47,31.10,83.40,0.756,-1,-1,-1
37,10,475.90,554.81,42.46,108.88,0.694,-1,-1,-1
37,11,1626.73,543.84,24.78,85.76,0.342,-1,-1,-1
37,12,652.04,535.25,29.09,78.20,0.389,-1,-1,-1
37,13,613.61,541.53,30.40,77.49,0.556,-1,-1,-1
37,15,523.19,527.25,24.41,81.16,0.603,-1,-1,-1
38,2,1812.12,618.96,71.01,170.91,0.872,-1,-1,-1
38,5,1483.64,541.42,39.43,114.61,0.793,-1,-1,-1
38,6,426.08,556.92,39.67,105.86,0.744,-1,-1,-1
38,7,1575.33,516.42,31.26,83.88,0.732,-1,-1,-1
38,10,473.65,557.72,42.26,107.44,0.714,-1,-1,-1
38,11,1631.30,538.07,23.36,81.14,0.121,-1,-1,-1
38,12,651.34,537.37,28.28,76.53,0.290,-1,-1,-1
38,13,611.57,541.19,31.11,79.51,0.584,-1,-1,-1
38,15,518.78,528.21,24.36,80.82,0.655,-1,-1,-1
39,2,1822.71,627.48,72.23,173.19,0.878,-1,-1,-1
39,5,1487.83,543.83,39.88,116.37,0.812,-1,-1,-1
39,6,425.09,549.17,40.18,107.71,0.726,-1,-1,-1
39,7,1581.59,519.19,31.87,85.57,0.705,-1,-1,-1
39,10,472.60,550.49,42.57,107.78,0.708,-1,-1,-1
39,11,1636.17,544.15,23.21,80.60,0.204,-1,-1,-1
39,12,652.62,530.26,29.17,79.20,0.441,-1,-1,-1
39,13,611.90,536.33,30.86,78.92,0.612,-1,-1,-1
39,15,518.34,521.29,24.62,81.64,0.574,-1,-1,-1
40,2,1833.32,625.04,73.59,176.23,0.886,-1,-1,-1
40,5,1490.95,539.63,40.50,118.83,0.802,-1,-1,-1
40,6,421.96,551.84,40.41,108.69,0.727,-1,-1,-1
40,7,1584.90,513.69,32.66,87.88,0.758,-1,-1,-1
40,10,468.49,551.69,43.27,109.63,0.734,-1,-1,-1
40,11,1640.84,540.63,21.43,74.61,0.233,-1,-1,-1
40,12,649.94,528.42,30.32,82.58,0.675,-1,-1,-1
40,13,609.76,539.41,30.57,78.04,0.647,-1,-1,-1
40,15,513.80,523.55,25.17,83.32,0.611,-1,-1,-1
41,2,1844.41,633.48,74.54,178.73,0.898,-1,-1,-1
41,5,1496.40,543.83,40.38,118.92,0.821,-1,-1,-1
41,6,421.08,550.05,40.47,109.16,0.736,-1,-1,-1
41,7,1590.66,518.68,32.42,86.86,0.728,-1,-1,-1
41,10,466.91,552.68,42.75,107.73,0.736,-1,-1,-1
41,11,1646.02,546.39,21.31,74.51,0.110,-1,-1,-1
41,12,649.66,526.08,30.97,84.62,0.775,-1,-1,-1
41,13,609.85,538.63,30.78,78.55,0.606,-1,-1,-1
41,15,512.20,521.65,25.76,85.04,0.629,-1,-1,-1
42,2,1853.53,637.56,74.20,180.41,0.883,-1,-1,-1
42,5,1501.28,544.61,40.92,121.05,0.803,-1,-1,-1
42,6,419.54,551.29,40.77,110.15,0.767,-1,-1,-1
42,7,1595.82,520.40,32.49,86.46,0.681,-1,-1,-1
42,10,464.42,556.80,42.14,105.60,0.682,-1,-1,-1
42,11,1651.54,547.76,21.44,75.44,0.139,-1,-1,-1
42,12,648.57,526.57,31.50,86.37,0.789,-1,-1,-1
42,13,608.83,539.64,31.30,79.96,0.372,-1,-1,-1
42,15,509.50,523.89,26.01,85.58,0.666,-1,-1,-1
43,2,1860.46,642.66,72.44,180.77,0.873,-1,-1,-1
43,5,1506.48,548.01,41.38,121.73,0.846,-1,-1,-1
43,6,417.41,552.89,41.07,110.46,0.719,-1,-1,-1
43,7,1599.71,525.12,32.33,85.70,0.773,-1,-1,-1
43,10,462.17,559.76,41.82,104.47,0.663,-1,-1,-1
43,11,1654.88,549.26,22.17,78.29,0.145,-1,-1,-1
43,12,647.39,528.73,31.35,85.96,0.779,-1,-1,-1
43,13,607.61,541.02,31.51,80.44,0.362,-1,-1,-1
43,15,507.47,526.03,26.25,86.18,0.654,-1,-1,-1
44,2,1869.27,643.38,69.09,177.85,0.830,-1,-1,-1
44,5,1511.32,547.53,41.99,123.52,0.827,-1,-1,-1
44,6,414.01,555.52,41.67,111.80,0.660,-1,-1,-1
44,7,1603.70,518.42,34.70,92.45,0.730,-1,-1,-1
44,10,459.46,566.01,41.11,102.22,0.704,-1,-1,-1
44,12,645.80,530.75,31.38,86.05,0.777,-1,-1,-1
44,13,605.85,542.94,31.85,81.43,0.515,-1,-1,-1
44,15,504.50,528.85,27.08,88.79,0.639,-1,-1,-1
45,2,1877.91,657.90,65.38,173.61,0.695,-1,-1,-1
45,5,1516.84,552.46,42.59,124.99,0.844,-1,-1,-1
45,6,413.54,551.96,41.82,112.03,0.645,-1,-1,-1
45,7,1608.66,524.14,34.76,92.09,0.766,-1,-1,-1
45,10,458.22,559.85,42.53,106.24,0.654,-1,-1,-1
45,12,646.21,530.00,31.09,85.13,0.774,-1,-1,-1
45,13,605.41,540.72,32.03,81.91,0.614,-1,-1,-1
45,15,503.41,526.45,27.22,89.13,0.546,-1,-1,-1
46,5,1521.53,552.46,43.26,126.48,0.829,-1,-1,-1
46,6,411.82,555.17,41.81,112.73,0.562,-1,-1,-1
46,7,1613.11,526.05,33.91,89.15,0.831,-1,-1,-1
46,10,455.86,564.53,42.24,105.53,0.689,-1,-1,-1
46,12,644.15,532.16,31.38,85.92,0.761,-1,-1,-1
46,13,603.46,541.90,32.84,84.15,0.622,-1,-1,-1
46,15,499.91,529.45,27.55,89.94,0.580,-1,-1,-1
47,5,1526.37,554.98,43.98,127.86,0.822,-1,-1,-1
47,6,411.43,553.87,41.48,112.52,0.668,-1,-1,-1
47,7,1617.99,530.82,33.20,87.14,0.783,-1,-1,-1
47,10,453.61,561.00,43.38,108.26,0.718,-1,-1,-1
47,12,643.48,531.11,31.81,87.07,0.772,-1,-1,-1
47,13,603.19,540.64,33.07,84.89,0.592,-1,-1,-1
47,15,497.72,526.99,27.86,90.93,0.593,-1,-1,-1
48,5,1530.45,556.88,44.50,128.62,0.855,-1,-1,-1
48,6,409.13,559.39,41.46,113.11,0.747,-1,-1,-1
48,7,1621.55,532.99,32.82,86.25,0.773,-1,-1,-1
48,10,450.78,563.98,44.64,111.31,0.765,-1,-1,-1
48,12,641.38,535.33,31.82,86.83,0.754,-1,-1,-1
48,13,601.18,546.11,32.89,84.39,0.267,-1,-1,-1
48,15,494.23,531.53,28.13,91.66,0.682,-1,-1,-1
49,5,1534.32,561.13,45.72,131.75,0.838,-1,-1,-1
49,6,407.44,560.07,41.25,112.95,0.753,-1,-1,-1
49,7,1626.14,537.21,32.50,85.98,0.784,-1,-1,-1
49,10,448.56,563.28,45.60,113.43,0.737,-1,-1,-1
49,12,640.04,536.74,32.00,86.94,0.798,-1,-1,-1
49,13,599.76,547.46,32.80,84.11,0.145,-1,-1,-1
49,15,490.94,531.94,28.45,92.50,0.625,-1,-1,-1
50,5,1539.25,559.25,46.49,133.69,0.838,-1,-1,-1
50,6,405.26,560.44,40.95,112.31,0.746,-1,-1,-1
50,7,1630.89,533.23,32.65,87.00,0.787,-1,-1,-1
50,10,447.21,562.32,45.79,113.58,0.749,-1,-1,-1
50,12,639.54,535.84,32.21,87.09,0.793,-1,-1,-1
50,15,488.49,530.56,28.64,92.89,0.549,-1,-1,-1
51,5,1543.79,563.18,46.57,133.59,0.845,-1,-1,-1
51,6,401.84,560.99,41.02,112.82,0.781,-1,-1,-1
51,7,1634.89,536.04,32.61,87.71,0.799,-1,-1,-1
51,10,444.95,561.97,46.65,114.75,0.770,-1,-1,-1
51,12,638.44,537.05,32.45,87.49,0.810,-1,-1,-1
51,15,485.52,530.90,29.18,94.34,0.561,-1,-1,-1
52,5,1548.29,563.53,46.72,133.61,0.846,-1,-1,-1
52,6,398.02,562.59,41.36,113.80,0.781,-1,-1,-1
52,7,1639.12,534.97,32.75,88.80,0.788,-1,-1,-1
52,10,442.41,567.26,45.81,111.57,0.739,-1,-1,-1
52,12,637.24,538.13,32.49,87.40,0.821,-1,-1,-1
52,15,481.68,531.40,29.59,95.32,0.591,-1,-1,-1
52,16,338.47,561.17,33.44,106.21,0.653,-1,-1,-1
53,5,1552.21,565.05,47.59,136.03,0.863,-1,-1,-1
53,6,394.58,561.91,42.09,115.53,0.799,-1,-1,-1
53,7,1643.64,536.20,32.57,88.60,0.764,-1,-1,-1
53,10,438.85,566.43,46.72,113.71,0.708,-1,-1,-1
53,12,636.22,538.50,32.66,87.86,0.812,-1,-1,-1
53,15,478.95,531.34,29.70,95.45,0.538,-1,-1,-1
53,16,335.75,561.05,33.21,105.38,0.729,-1,-1,-1
53,17,510.18,554.34,22.11,68.03,0.595,-1,-1,-1
54,5,1556.29,564.74,48.25,137.94,0.866,-1,-1,-1
54,6,390.98,560.72,42.51,116.52,0.767,-1,-1,-1
54,7,1647.60,535.08,32.65,89.08,0.739,-1,-1,-1
54,10,436.07,565.81,47.33,114.51,0.691,-1,-1,-1
54,12,634.59,537.68,32.94,88.52,0.802,-1,-1,-1
54,15,475.50,530.64,29.97,95.87,0.635,-1,-1,-1
54,16,332.09,560.21,33.64,106.51,0.701,-1,-1,-1
54,17,507.30,553.88,22.26,68.44,0.622,-1,-1,-1
55,5,1560.60,565.93,48.92,139.79,0.835,-1,-1,-1
55,6,388.11,560.10,42.57,117.06,0.764,-1,-1,-1
55,7,1652.71,535.73,32.75,89.16,0.758,-1,-1,-1
55,10,434.44,564.90,47.94,115.77,0.691,-1,-1,-1
55,12,633.75,537.56,33.04,88.56,0.815,-1,-1,-1
55,15,473.12,530.58,29.93,95.57,0.630,-1,-1,-1
55,16,329.32,559.70,34.04,107.47,0.564,-1,-1,-1
55,17,504.73,554.03,22.01,67.59,0.638,-1,-1,-1
56,5,1563.27,558.51,52.77,152.25,0.846,-1,-1,-1
56,6,384.39,559.80,43.09,118.14,0.801,-1,-1,-1
56,7,1657.38,535.75,33.48,90.32,0.748,-1,-1,-1
56,10,430.84,564.75,48.64,117.30,0.682,-1,-1,-1
56,12,631.63,537.64,33.57,89.78,0.788,-1,-1,-1
56,13,583.88,553.79,31.51,81.35,0.584,-1,-1,-1
56,15,469.28,531.24,29.88,95.24,0.541,-1,-1,-1
56,16,324.63,558.59,35.44,111.24,0.721,-1,-1,-1
56,17,501.21,554.11,22.50,68.98,0.659,-1,-1,-1
57,5,1568.24,559.48,52.03,150.36,0.823,-1,-1,-1
57,6,380.77,557.94,43.60,119.25,0.824,-1,-1,-1
57,7,1662.44,532.86,34.13,90.97,0.770,-1,-1,-1
57,10,427.39,561.59,50.01,120.05,0.701,-1,-1,-1
57,12,630.29,535.95,33.81,90.42,0.802,-1,-1,-1
57,13,581.36,554.19,30.77,79.60,0.453,-1,-1,-1
57,15,465.73,530.17,30.11,95.96,0.581,-1,-1,-1
57,16,320.93,557.41,36.08,112.33,0.748,-1,-1,-1
57,17,498.47,553.10,22.69,69.45,0.705,-1,-1,-1
57,18,605.95,543.65,23.15,89.36,0.602,-1,-1,-1
58,5,1572.52,557.30,51.90,150.75,0.834,-1,-1,-1
58,6,377.44,557.26,43.17,118.25,0.799,-1,-1,-1
58,7,1667.08,532.22,34.52,90.73,0.806,-1,-1,-1
58,10,425.04,561.46,49.55,118.93,0.696,-1,-1,-1
58,12,628.53,534.39,33.87,90.67,0.797,-1,-1,-1
58,13,577.51,546.73,32.60,85.07,0.570,-1,-1,-1
58,15,462.10,528.79,30.01,95.66,0.657,-1,-1,-1
58,16,317.35,555.37,36.31,111.71,0.704,-1,-1,-1
58,17,495.07,552.38,22.26,67.93,0.670,-1,-1,-1
58,18,604.60,542.61,22.99,88.77,0.516,-1,-1,-1
59,5,1577.19,558.02,51.43,149.79,0.801,-1,-1,-1
59,6,373.82,554.81,43.41,119.08,0.816,-1,-1,-1
59,7,1671.45,531.94,35.10,91.26,0.795,-1,-1,-1
59,10,422.36,560.15,49.49,118.59,0.738,-1,-1,-1
59,12,627.19,532.28,33.92,91.06,0.778,-1,-1,-1
59,13,575.09,542.93,32.95,86.65,0.611,-1,-1,-1
59,15,459.41,527.03,29.70,94.95,0.594,-1,-1,-1
59,16,314.01,552.51,36.90,112.38,0.695,-1,-1,-1
59,17,492.17,550.86,22.29,67.86,0.674,-1,-1,-1
59,18,602.72,540.29,23.12,89.21,0.359,-1,-1,-1
60,5,1580.44,554.05,52.97,155.40,0.801,-1,-1,-1
60,6,370.65,553.56,43.86,120.58,0.817,-1,-1,-1
60,7,1673.66,529.42,36.21,94.05,0.675,-1,-1,-1
60,10,419.13,560.73,49.43,118.34,0.750,-1,-1,-1
60,12,625.01,532.37,34.03,91.50,0.811,-1,-1,-1
60,13,571.65,540.97,34.36,91.43,0.667,-1,-1,-1
60,15,454.81,526.36,30.03,96.31,0.569,-1,-1,-1
60,16,310.73,553.13,37.24,112.18,0.719,-1,-1,-1
60,17,488.48,551.20,22.70,68.93,0.705,-1,-1,-1
60,18,601.50,538.52,23.61,91.03,0.664,-1,-1,-1
61,5,1585.92,552.40,51.82,152.04,0.774,-1,-1,-1
61,6,365.80,550.52,45.74,126.36,0.783,-1,-1,-1
61,7,1677.27,526.34,35.07,90.69,0.752,-1,-1,-1
61,10,414.34,562.56,49.34,118.30,0.711,-1,-1,-1
61,12,622.20,532.61,34.08,91.87,0.783,-1,-1,-1
61,13,567.80,542.03,35.00,93.99,0.670,-1,-1,-1
61,15,450.30,527.20,30.20,97.51,0.640,-1,-1,-1
61,16,306.47,556.33,37.58,111.79,0.708,-1,-1,-1
61,17,484.36,553.03,22.96,69.48,0.713,-1,-1,-1
61,18,598.90,538.52,23.91,92.07,0.654,-1,-1,-1
62,5,1590.41,560.93,51.11,149.73,0.694,-1,-1,-1
62,6,363.00,545.25,45.41,126.38,0.778,-1,-1,-1
62,7,1680.13,534.67,34.61,89.51,0.776,-1,-1,-1
62,10,411.39,556.74,49.15,118.33,0.716,-1,-1,-1
62,12,621.52,529.21,33.69,91.00,0.672,-1,-1,-1
62,13,566.33,538.15,35.35,95.98,0.693,-1,-1,-1
62,15,448.32,522.51,29.84,96.85,0.453,-1,-1,-1
62,16,303.67,549.97,37.70,110.57,0.746,-1,-1,-1
62,17,481.73,548.47,22.91,69.02,0.697,-1,-1,-1
62,18,598.29,535.50,24.30,93.10,0.558,-1,-1,-1
63,5,1598.37,547.74,50.76,147.77,0.833,-1,-1,-1
63,6,360.48,566.80,44.17,123.59,0.793,-1,-1,-1
63,7,1684.64,516.73,34.30,88.83,0.776,-1,-1,-1
63,10,408.74,574.30,47.94,116.43,0.708,-1,-1,-1
63,12,619.65,540.25,33.53,90.68,0.537,-1,-1,-1
63,13,564.63,553.56,34.84,94.74,0.679,-1,-1,-1
63,15,444.44,537.10,30.16,98.51,0.536,-1,-1,-1
63,16,300.74,569.82,38.17,110.62,0.765,-1,-1,-1
63,17,478.33,563.16,22.97,68.91,0.700,-1,-1,-1
63,18,597.62,551.16,24.15,91.54,0.576,-1,-1,-1
64,5,1602.05,562.91,51.42,149.35,0.848,-1,-1,-1
64,6,357.18,552.09,43.51,122.51,0.719,-1,-1,-1
64,7,1687.89,533.69,34.44,89.71,0.817,-1,-1,-1
64,10,404.43,559.32,47.46,115.98,0.745,-1,-1,-1
64,12,618.24,530.98,33.29,90.06,0.619,-1,-1,-1
64,13,561.64,542.63,34.99,95.55,0.722,-1,-1,-1
64,15,441.03,523.90,29.98,98.16,0.198,-1,-1,-1
64,16,295.32,552.38,39.86,114.72,0.776,-1,-1,-1
64,17,475.01,550.09,23.22,69.28,0.715,-1,-1,-1
64,18,595.64,539.76,25.11,94.55,0.465,-1,-1,-1
65,5,1606.15,563.35,51.04,147.32,0.822,-1,-1,-1
65,6,352.75,558.46,43.74,123.57,0.747,-1,-1,-1
65,7,1689.70,529.84,34.41,89.86,0.792,-1,-1,-1
65,10,400.26,566.44,46.85,114.70,0.738,-1,-1,-1
65,12,614.57,534.52,33.47,90.67,0.602,-1,-1,-1
65,13,558.80,550.62,33.89,92.48,0.678,-1,-1,-1
65,15,436.12,528.59,29.78,97.88,0.248,-1,-1,-1
65,16,289.95,558.27,40.30,115.16,0.782,-1,-1,-1
65,17,469.91,554.90,23.47,69.69,0.661,-1,-1,-1
65,18,592.01,543.10,25.84,96.61,0.502,-1,-1,-1
65,19,1576.78,512.09,19.11,50.79,0.562,-1,-1,-1
66,5,1613.44,557.00,51.85,149.22,0.798,-1,-1,-1
66,6,351.45,570.44,43.03,121.87,0.750,-1,-1,-1
66,7,1694.92,520.80,34.91,91.39,0.829,-1,-1,-1
66,10,399.11,577.76,45.86,112.31,0.762,-1,-1,-1
66,12,613.50,542.13,33.14,89.83,0.632,-1,-1,-1
66,13,557.36,557.08,34.38,94.11,0.612,-1,-1,-1
66,15,433.57,538.60,29.30,96.57,0.191,-1,-1,-1
66,16,286.83,569.13,40.95,116.77,0.755,-1,-1,-1
66,17,467.45,563.72,23.09,68.09,0.760,-1,-1,-1
66,18,590.33,549.20,26.50,98.26,0.508,-1,-1,-1
66,19,1577.89,505.42,19.13,50.82,0.570,-1,-1,-1
67,5,1615.56,573.87,51.83,149.22,0.861,-1,-1,-1
67,6,346.81,552.81,43.68,124.14,0.751,-1,-1,-1
67,7,1698.37,537.80,34.92,91.52,0.822,-1,-1,-1
67,10,395.04,565.77,45.18,110.21,0.730,-1,-1,-1
67,12,611.10,531.88,32.91,89.64,0.519,-1,-1,-1
67,13,553.28,544.50,34.83,95.99,0.689,-1,-1,-1
67,15,428.79,524.08,29.17,96.66,0.233,-1,-1,-1
67,16,280.70,550.50,40.87,116.35,0.715,-1,-1,-1
67,17,462.16,550.33,23.48,68.70,0.763,-1,-1,-1
67,18,588.47,538.12,26.85,99.35,0.342,-1,-1,-1
67,19,1577.13,518.64,19.32,51.33,0.441,-1,-1,-1
68,5,1619.26,565.72,52.05,149.62,0.850,-1,-1,-1
68,6,342.85,561.73,44.23,125.99,0.771,-1,-1,-1
68,7,1700.38,528.47,35.07,91.35,0.810,-1,-1,-1
68,10,390.18,573.33,46.23,112.78,0.782,-1,-1,-1
68,12,609.83,538.52,31.63,86.63,0.475,-1,-1,-1
68,13,550.05,553.45,34.08,93.88,0.710,-1,-1,-1
68,15,424.23,533.26,28.67,95.48,0.158,-1,-1,-1
68,16,276.12,560.93,40.57,115.19,0.651,-1,-1,-1
68,17,457.09,558.79,23.73,68.92,0.742,-1,-1,-1
68,18,586.97,543.56,27.39,101.31,0.216,-1,-1,-1
68,19,1574.26,511.34,19.37,51.49,0.487,-1,-1,-1
69,5,1623.55,574.91,53.43,153.07,0.862,-1,-1,-1
69,6,338.28,555.05,44.54,126.83,0.763,-1,-1,-1
69,7,1704.09,538.88,35.43,91.87,0.818,-1,-1,-1
69,10,385.24,568.65,46.34,113.21,0.731,-1,-1,-1
69,12,607.51,536.39,31.15,85.84,0.470,-1,-1,-1
69,13,546.34,550.85,34.00,93.41,0.715,-1,-1,-1
69,16,270.54,554.32,40.42,114.94,0.696,-1,-1,-1
69,17,451.98,554.64,24.26,69.84,0.772,-1,-1,-1
69,18,583.17,540.01,27.86,102.55,0.414,-1,-1,-1
69,19,1573.96,520.09,19.11,50.82,0.393,-1,-1,-1
69,20,520.25,560.15,26.41,80.07,0.562,-1,-1,-1
70,5,1627.82,571.43,54.28,154.87,0.869,-1,-1,-1
70,6,333.17,556.03,45.10,127.92,0.767,-1,-1,-1
70,7,1706.35,534.84,36.00,92.70,0.776,-1,-1,-1
70,10,380.24,568.41,47.12,115.54,0.696,-1,-1,-1
70,12,604.46,536.65,30.84,85.41,0.377,-1,-1,-1
70,13,542.43,551.48,33.99,93.27,0.757,-1,-1,-1
70,16,264.99,555.10,41.36,117.85,0.588,-1,-1,-1
70,17,446.55,555.95,24.49,69.83,0.743,-1,-1,-1
70,18,580.12,539.50,28.17,103.54,0.325,-1,-1,-1
70,19,1571.80,516.06,19.14,50.93,0.561,-1,-1,-1
70,20,516.96,561.81,26.35,79.86,0.549,-1,-1,-1
71,5,1631.29,574.58,55.37,157.65,0.873,-1,-1,-1
71,6,329.25,553.45,45.49,129.15,0.749,-1,-1,-1
71,7,1708.37,537.33,36.44,93.09,0.810,-1,-1,-1
71,10,375.44,566.32,47.56,117.20,0.685,-1,-1,-1
71,12,600.36,535.26,30.90,86.03,0.461,-1,-1,-1
71,13,538.13,550.05,34.54,94.68,0.783,-1,-1,-1
71,16,258.59,550.25,42.41,121.61,0.600,-1,-1,-1
71,17,440.69,555.33,24.98,70.55,0.754,-1,-1,-1
71,18,577.85,538.55,28.41,104.41,0.570,-1,-1,-1
71,19,1569.97,518.48,18.94,50.48,0.347,-1,-1,-1
71,20,513.00,560.74,26.31,79.71,0.485,-1,-1,-1
72,5,1634.71,571.98,56.37,159.25,0.874,-1,-1,-1
72,6,324.61,554.81,46.12,130.75,0.772,-1,-1,-1
72,7,1710.22,534.67,36.92,93.33,0.825,-1,-1,-1
72,10,371.02,565.32,48.79,121.00,0.798,-1,-1,-1
72,12,597.81,536.53,30.47,85.76,0.438,-1,-1,-1
72,13,533.73,551.19,34.84,95.41,0.754,-1,-1,-1
72,16,253.51,553.59,42.00,120.75,0.597,-1,-1,-1
72,17,434.66,557.49,25.38,71.11,0.758,-1,-1,-1
72,18,574.88,539.69,28.66,105.44,0.459,-1,-1,-1
72,19,1567.92,515.84,18.74,49.98,0.481,-1,-1,-1
72,20,508.14,562.03,26.75,80.98,0.578,-1,-1,-1
73,5,1638.41,575.41,57.20,160.04,0.881,-1,-1,-1
73,6,319.43,550.24,46.60,132.06,0.767,-1,-1,-1
73,7,1712.08,538.69,37.39,93.75,0.839,-1,-1,-1
73,10,366.86,562.66,48.40,119.92,0.803,-1,-1,-1
73,12,592.23,532.94,31.64,89.67,0.610,-1,-1,-1
73,13,529.33,548.62,34.97,95.46,0.803,-1,-1,-1
73,16,247.16,549.08,42.53,123.09,0.601,-1,-1,-1
73,17,428.69,554.00,25.78,71.66,0.751,-1,-1,-1
73,18,570.94,536.68,29.10,107.50,0.542,-1,-1,-1
73,19,1567.01,519.02,18.53,49.49,0.431,-1,-1,-1
73,20,503.39,557.89,27.13,82.08,0.635,-1,-1,-1
74,5,1641.83,573.43,58.26,161.14,0.880,-1,-1,-1
74,6,315.57,551.06,46.81,132.89,0.770,-1,-1,-1
74,7,1713.21,535.52,38.00,94.66,0.843,-1,-1,-1
74,10,362.80,561.37,49.44,122.77,0.805,-1,-1,-1
74,12,588.77,533.61,31.47,89.87,0.627,-1,-1,-1
74,13,525.64,549.48,34.95,95.05,0.763,-1,-1,-1
74,16,242.33,550.95,42.78,124.50,0.487,-1,-1,-1
74,17,423.16,554.79,26.02,71.76,0.785,-1,-1,-1
74,18,567.81,537.77,29.18,108.18,0.608,-1,-1,-1
74,19,1566.22,517.33,17.41,46.37,0.359,-1,-1,-1
74,20,499.46,557.18,27.43,82.90,0.416,-1,-1,-1
75,5,1645.35,576.47,59.32,162.65,0.860,-1,-1,-1
75,6,308.67,551.23,47.13,133.91,0.785,-1,-1,-1
75,7,1713.94,538.52,38.35,94.79,0.832,-1,-1,-1
75,10,357.84,561.63,49.52,122.96,0.770,-1,-1,-1
75,12,584.06,533.56,31.42,90.41,0.621,-1,-1,-1
75,13,519.31,549.82,35.33,95.93,0.781,-1,-1,-1
75,16,235.75,553.68,41.74,122.13,0.521,-1,-1,-1
75,17,415.98,554.65,26.15,71.53,0.746,-1,-1,-1
75,18,562.83,536.48,29.80,111.17,0.459,-1,-1,-1
75,19,1563.63,519.18,18.11,48.31,0.585,-1,-1,-1
75,20,493.78,557.95,26.91,81.24,0.526,-1,-1,-1
76,5,1651.25,576.79,60.03,164.97,0.862,-1,-1,-1
76,6,303.84,548.39,47.61,135.53,0.809,-1,-1,-1
76,7,1714.77,538.78,38.38,93.94,0.845,-1,-1,-1
76,10,352.89,558.33,50.48,125.35,0.790,-1,-1,-1
76,12,579.60,532.31,31.51,91.25,0.706,-1,-1,-1
76,13,514.56,548.06,35.79,97.01,0.769,-1,-1,-1
76,16,230.59,553.46,41.12,121.08,0.527,-1,-1,-1
76,17,410.02,552.93,26.43,71.53,0.790,-1,-1,-1
76,18,559.00,534.87,29.79,111.78,0.606,-1,-1,-1
76,19,1561.93,518.77,18.46,49.20,0.562,-1,-1,-1
76,20,489.27,555.91,27.24,82.29,0.422,-1,-1,-1
77,5,1655.24,579.65,60.39,165.63,0.869,-1,-1,-1
77,6,297.27,549.93,47.60,135.38,0.755,-1,-1,-1
77,7,1714.93,540.62,38.26,92.78,0.840,-1,-1,-1
77,10,347.47,559.08,50.92,126.38,0.775,-1,-1,-1
77,12,574.01,533.18,32.16,93.50,0.703,-1,-1,-1
77,13,508.67,550.01,36.03,97.37,0.788,-1,-1,-1
77,16,224.38,556.83,39.95,118.55,0.438,-1,-1,-1
77,17,402.90,554.08,26.97,72.69,0.746,-1,-1,-1
77,18,553.89,536.60,29.71,112.27,0.692,-1,-1,-1
77,19,1559.40,519.97,18.63,49.55,0.621,-1,-1,-1
77,20,483.31,559.51,27.50,83.02,0.486,-1,-1,-1
78,5,1658.21,581.36,60.94,166.35,0.888,-1,-1,-1
78,6,291.98,552.99,46.30,131.38,0.729,-1,-1,-1
78,7,1715.11,540.55,38.39,92.35,0.851,-1,-1,-1
78,10,342.00,558.10,51.47,127.95,0.741,-1,-1,-1
78,12,569.28,533.26,32.15,93.71,0.638,-1,-1,-1
78,13,503.09,550.65,36.32,98.21,0.794,-1,-1,-1
78,16,217.91,559.17,39.23,117.19,0.267,-1,-1,-1
78,17,395.68,554.56,26.87,71.68,0.786,-1,-1,-1
78,18,549.52,537.83,29.37,111.29,0.615,-1,-1,-1
78,19,1557.04,519.47,18.60,49.45,0.423,-1,-1,-1
78,20,477.10,552.56,30.16,91.25,0.605,-1,-1,-1
79,5,1660.29,583.22,61.32,166.67,0.883,-1,-1,-1
79,6,285.15,550.27,46.73,131.84,0.769,-1,-1,-1
79,7,1714.66,540.92,38.40,92.01,0.842,-1,-1,-1
79,10,337.68,556.96,51.47,127.86,0.737,-1,-1,-1
79,12,564.40,532.52,32.44,94.71,0.708,-1,-1,-1
79,13,497.15,549.47,36.88,99.66,0.767,-1,-1,-1
79,16,211.79,557.41,39.07,117.86,0.401,-1,-1,-1
79,17,389.04,553.34,26.94,71.21,0.712,-1,-1,-1
79,18,543.98,538.43,29.13,110.56,0.671,-1,-1,-1
79,19,1554.85,519.54,17.62,46.69,0.218,-1,-1,-1
79,20,470.71,551.56,31.14,94.26,0.478,-1,-1,-1
80,5,1662.89,581.98,61.83,166.87,0.867,-1,-1,-1
80,6,277.83,552.66,46.60,130.90,0.805,-1,-1,-1
80,7,1714.25,537.64,39.04,93.59,0.829,-1,-1,-1
80,10,331.26,557.96,52.35,129.71,0.763,-1,-1,-1
80,12,559.99,534.52,32.44,95.13,0.761,-1,-1,-1
80,13,490.62,551.73,37.47,101.18,0.785,-1,-1,-1
80,16,204.20,556.24,39.66,121.19,0.288,-1,-1,-1
80,17,381.71,556.33,26.90,70.52,0.714,-1,-1,-1
80,18,538.68,539.47,29.41,112.11,0.673,-1,-1,-1
80,19,1551.82,517.46,18.04,47.86,0.188,-1,-1,-1
80,20,461.19,542.19,35.65,107.95,0.501,-1,-1,-1
81,5,1664.39,582.55,62.54,167.74,0.870,-1,-1,-1
81,6,271.10,552.04,46.67,130.59,0.802,-1,-1,-1
81,7,1713.52,537.12,39.23,94.23,0.822,-1,-1,-1
81,10,326.03,557.22,53.21,130.60,0.769,-1,-1,-1
81,12,555.17,533.88,32.76,96.42,0.714,-1,-1,-1
81,13,484.51,550.84,38.10,102.83,0.795,-1,-1,-1
81,16,197.65,557.29,38.69,119.28,0.128,-1,-1,-1
81,17,374.14,556.11,27.32,71.06,0.716,-1,-1,-1
81,18,533.69,539.32,29.29,112.13,0.628,-1,-1,-1
81,19,1548.91,516.76,18.32,48.64,0.180,-1,-1,-1
81,20,455.23,547.71,34.74,105.01,0.566,-1,-1,-1
81,21,151.53,557.13,40.09,128.06,0.735,-1,-1,-1
82,5,1666.01,583.55,63.69,169.89,0.892,-1,-1,-1
82,6,264.02,552.58,46.57,130.14,0.746,-1,-1,-1
82,7,1712.42,536.92,39.53,95.29,0.822,-1,-1,-1
82,10,318.86,554.85,54.53,133.26,0.780,-1,-1,-1
82,12,551.09,535.10,32.39,95.82,0.688,-1,-1,-1
82,13,478.08,550.82,38.40,103.59,0.750,-1,-1,-1
82,16,193.44,556.59,40.09,123.35,0.177,-1,-1,-1
82,17,366.22,555.99,27.64,71.46,0.644,-1,-1,-1
82,18,528.30,539.38,29.39,112.54,0.647,-1,-1,-1
82,19,1545.72,516.78,18.87,50.29,0.363,-1,-1,-1
82,20,449.46,552.78,32.93,99.45,0.630,-1,-1,-1
82,21,143.38,557.19,40.73,129.85,0.814,-1,-1,-1
83,5,1667.46,583.79,64.41,170.76,0.895,-1,-1,-1
83,6,256.47,553.96,47.15,131.63,0.838,-1,-1,-1
83,7,1711.15,535.94,39.75,96.39,0.797,-1,-1,-1
83,10,313.01,558.24,54.29,132.62,0.719,-1,-1,-1
83,12,546.55,537.85,32.18,95.44,0.577,-1,-1,-1
83,13,472.01,552.44,38.76,104.46,0.803,-1,-1,-1
83,16,190.26,558.88,40.66,124.20,0.113,-1,-1,-1
83,17,358.62,558.22,27.94,72.05,0.679,-1,-1,-1
83,18,521.72,540.96,29.72,112.94,0.704,-1,-1,-1
83,19,1542.58,516.47,18.81,50.30,0.239,-1,-1,-1
83,20,443.66,557.14,32.11,97.30,0.696,-1,-1,-1
83,21,135.69,559.61,40.99,130.31,0.737,-1,-1,-1
84,5,1669.17,582.05,65.47,172.68,0.889,-1,-1,-1
84,6,248.90,555.09,47.55,132.64,0.801,-1,-1,-1
84,7,1710.03,533.24,39.94,97.42,0.786,-1,-1,-1
84,10,305.78,560.30,54.10,132.36,0.758,-1,-1,-1
84,12,541.61,537.62,32.35,96.68,0.699,-1,-1,-1
84,13,465.05,552.60,39.08,105.00,0.803,-1,-1,-1
84,17,350.41,559.15,28.36,73.13,0.690,-1,-1,-1
84,18,516.45,540.63,30.49,114.41,0.708,-1,-1,-1
84,19,1539.64,514.77,18.93,50.83,0.195,-1,-1,-1
84,20,436.49,558.85,31.39,95.42,0.669,-1,-1,-1
84,21,128.61,560.31,41.82,132.62,0.772,-1,-1,-1
85,5,1670.87,584.87,66.42,174.31,0.892,-1,-1,-1
85,6,241.30,557.44,47.80,132.89,0.779,-1,-1,-1
85,7,1708.72,534.55,40.22,98.88,0.781,-1,-1,-1
85,10,298.16,561.63,54.35,133.34,0.782,-1,-1,-1
85,12,537.35,539.79,32.07,96.58,0.588,-1,-1,-1
85,13,458.96,554.36,39.38,105.68,0.768,-1,-1,-1
85,17,342.06,560.88,29.63,76.64,0.638,-1,-1,-1
85,18,511.65,542.47,30.88,114.98,0.640,-1,-1,-1
85,19,1536.18,516.42,19.37,52.31,0.320,-1,-1,-1
85,20,429.89,561.20,31.70,96.46,0.663,-1,-1,-1
85,21,121.14,561.67,42.20,133.38,0.696,-1,-1,-1
85,22,401.46,561.43,25.10,82.79,0.641,-1,-1,-1
86,5,1672.98,583.96,67.41,175.78,0.904,-1,-1,-1
86,6,233.16,558.80,48.18,133.54,0.793,-1,-1,-1
86,7,1707.23,532.90,40.31,100.04,0.753,-1,-1,-1
86,10,290.28,563.32,53.30,131.95,0.776,-1,-1,-1
86,12,531.07,540.00,32.30,97.72,0.711,-1,-1,-1
86,13,452.34,555.04,39.56,106.18,0.688,-1,-1,-1
86,17,334.08,561.33,29.94,77.57,0.693,-1,-1,-1
86,18,505.67,542.74,31.22,115.95,0.695,-1,-1,-1
86,19,1533.09,515.51,19.37,52.62,0.291,-1,-1,-1
86,20,422.96,561.56,31.72,96.80,0.638,-1,-1,-1
86,21,113.96,561.72,42.42,133.61,0.750,-1,-1,-1
86,22,394.33,563.14,25.41,83.73,0.676,-1,-1,-1
87,5,1674.77,587.10,68.22,176.98,0.896,-1,-1,-1
87,6,224.60,559.33,49.12,135.28,0.786,-1,-1,-1
87,7,1706.27,534.60,40.42,100.91,0.704,-1,-1,-1
87,10,282.39,565.11,53.02,131.74,0.749,-1,-1,-1
87,12,525.54,541.28,32.36,98.56,0.606,-1,-1,-1
87,13,445.17,556.78,39.96,107.41,0.768,-1,-1,-1
87,17,325.80,563.15,30.39,79.11,0.677,-1,-1,-1
87,18,500.51,544.60,31.72,116.77,0.673,-1,-1,-1
87,19,1531.01,517.57,19.28,52.39,0.194,-1,-1,-1
87,20,415.87,562.88,31.66,96.72,0.538,-1,-1,-1
87,21,106.59,562.76,42.05,131.80,0.775,-1,-1,-1
87,22,386.88,565.99,25.50,83.90,0.597,-1,-1,-1
88,5,1676.71,587.68,69.23,178.97,0.893,-1,-1,-1
88,6,217.97,564.02,49.33,135.34,0.754,-1,-1,-1
88,7,1705.21,534.55,39.75,99.43,0.657,-1,-1,-1
88,10,274.94,568.28,52.78,132.37,0.799,-1,-1,-1
88,12,519.60,543.36,32.61,99.84,0.702,-1,-1,-1
88,13,439.34,561.83,39.36,105.55,0.724,-1,-1,-1
88,17,317.73,566.16,30.45,79.54,0.643,-1,-1,-1
88,18,494.89,547.90,31.95,117.71,0.687,-1,-1,-1
88,19,1527.55,518.11,19.19,52.14,0.110,-1,-1,-1
88,20,409.24,566.34,31.32,95.64,0.642,-1,-1,-1
88,21,98.66,565.91,42.39,132.06,0.717,-1,-1,-1
88,22,379.35,568.00,26.30,86.29,0.676,-1,-1,-1
89,5,1678.57,591.16,69.89,180.16,0.890,-1,-1,-1
89,6,213.52,565.94,48.44,133.50,0.712,-1,-1,-1
89,7,1704.53,536.12,39.09,98.02,0.681,-1,-1,-1
89,10,267.40,568.09,52.55,132.73,0.781,-1,-1,-1
89,12,513.75,543.16,32.53,100.04,0.718,-1,-1,-1
89,13,432.21,561.21,40.04,107.47,0.794,-1,-1,-1
89,17,309.58,566.18,30.60,80.52,0.661,-1,-1,-1
89,18,489.35,548.42,32.19,118.82,0.678,-1,-1,-1
89,19,1524.83,518.44,19.32,52.54,0.223,-1,-1,-1
89,20,402.46,566.36,31.09,94.64,0.613,-1,-1,-1
89,21,90.64,565.53,42.68,132.11,0.708,-1,-1,-1
89,22,371.41,568.43,26.31,86.15,0.677,-1,-1,-1
90,5,1681.01,592.95,70.96,182.87,0.882,-1,-1,-1
90,6,206.00,570.29,48.89,134.08,0.703,-1,-1,-1
90,7,1705.87,537.44,33.16,81.73,0.541,-1,-1,-1
90,10,260.67,571.45,52.77,134.10,0.753,-1,-1,-1
90,12,507.79,546.51,32.71,101.19,0.673,-1,-1,-1
90,13,425.69,564.94,40.43,108.87,0.728,-1,-1,-1
90,17,301.76,570.82,30.36,80.32,0.588,-1,-1,-1
90,18,482.48,552.95,32.20,119.10,0.741,-1,-1,-1
90,19,1522.27,519.16,19.49,53.09,0.208,-1,-1,-1
90,20,395.13,569.72,32.71,99.79,0.695,-1,-1,-1
90,21,82.72,569.81,43.00,132.66,0.590,-1,-1,-1
90,22,364.57,574.49,26.05,84.93,0.504,-1,-1,-1
91,5,1683.69,596.85,71.89,185.07,0.891,-1,-1,-1
91,6,200.30,571.35,49.02,134.95,0.724,-1,-1,-1
91,7,1705.67,540.36,29.47,71.49,0.690,-1,-1,-1
91,10,253.44,572.95,52.82,135.09,0.795,-1,-1,-1
91,12,501.76,547.18,33.04,102.86,0.560,-1,-1,-1
91,13,418.21,566.33,40.81,110.17,0.711,-1,-1,-1
91,17,293.52,573.68,30.28,80.64,0.390,-1,-1,-1
91,18,476.60,556.19,32.13,118.29,0.699,-1,-1,-1
91,19,1518.70,522.38,19.59,53.45,0.149,-1,-1,-1
91,20,387.41,572.85,32.66,99.78,0.629,-1,-1,-1
91,21,73.91,570.61,43.94,135.02,0.522,-1,-1,-1
91,22,357.05,577.47,25.95,84.21,0.658,-1,-1,-1
92,5,1687.20,601.99,72.16,185.23,0.895,-1,-1,-1
92,6,194.01,573.14,49.08,135.60,0.709,-1,-1,-1
92,7,1704.35,541.80,30.50,73.51,0.726,-1,-1,-1
92,10,246.19,575.40,53.26,137.08,0.782,-1,-1,-1
92,12,494.87,548.64,33.38,104.52,0.734,-1,-1,-1
92,13,411.29,569.28,40.87,110.72,0.776,-1,-1,-1
92,17,285.30,576.83,29.64,79.43,0.545,-1,-1,-1
92,18,470.46,558.92,32.63,119.77,0.728,-1,-1,-1
92,19,1515.98,527.35,18.42,49.97,0.114,-1,-1,-1
92,20,379.84,576.37,33.19,101.88,0.711,-1,-1,-1
92,21,65.94,573.60,44.95,136.73,0.561,-1,-1,-1
92,22,349.36,580.65,26.47,85.38,0.724,-1,-1,-1
93,5,1689.40,605.66,72.54,186.28,0.885,-1,-1,-1
93,6,187.58,574.35,49.49,136.97,0.703,-1,-1,-1
93,7,1702.20,543.34,31.83,76.37,0.745,-1,-1,-1
93,10,238.97,576.98,53.57,138.78,0.770,-1,-1,-1
93,12,488.72,550.80,33.11,104.58,0.716,-1,-1,-1
93,13,404.22,571.45,41.18,111.80,0.769,-1,-1,-1
93,17,277.29,579.45,29.01,78.14,0.474,-1,-1,-1
93,18,464.46,561.64,32.66,120.22,0.696,-1,-1,-1
93,19,1511.76,526.46,18.96,51.34,0.147,-1,-1,-1
93,20,372.26,579.32,33.72,103.76,0.695,-1,-1,-1
93,21,57.60,575.80,45.87,138.02,0.608,-1,-1,-1
93,22,342.07,584.30,26.66,85.34,0.723,-1,-1,-1
93,23,1590.62,516.31,20.11,61.44,0.607,-1,-1,-1
94,5,1691.51,607.69,72.79,187.14,0.887,-1,-1,-1
94,6,182.31,576.53,49.70,138.47,0.799,-1,-1,-1
94,7,1699.46,543.82,34.17,81.95,0.781,-1,-1,-1
94,10,231.92,580.48,53.17,139.03,0.790,-1,-1,-1
94,12,482.36,553.71,33.08,105.04,0.638,-1,-1,-1
94,13,396.96,575.18,41.23,112.01,0.777,-1,-1,-1
94,17,268.68,582.78,28.93,78.36,0.346,-1,-1,-1
94,18,457.37,564.34,33.02,121.66,0.717,-1,-1,-1
94,19,1509.26,523.86,19.32,52.31,0.302,-1,-1,-1
94,20,364.70,578.42,34.80,107.66,0.716,-1,-1,-1
94,21,48.47,580.51,46.45,138.23,0.617,-1,-1,-1
94,22,334.19,588.27,26.75,85.04,0.686,-1,-1,-1
94,23,1587.00,517.05,20.19,61.54,0.557,-1,-1,-1
95,5,1694.04,611.13,73.64,189.67,0.902,-1,-1,-1
95,6,175.25,576.39,49.96,139.80,0.729,-1,-1,-1
95,7,1697.20,546.45,36.20,86.89,0.807,-1,-1,-1
95,10,224.98,580.64,53.38,140.63,0.783,-1,-1,-1
95,12,475.51,553.54,33.32,106.55,0.685,-1,-1,-1
95,13,389.35,576.41,41.64,113.38,0.790,-1,-1,-1
95,17,259.98,582.98,28.83,78.54,0.345,-1,-1,-1
95,18,449.72,564.93,33.30,122.43,0.717,-1,-1,-1
95,19,1505.63,524.41,19.42,52.61,0.298,-1,-1,-1
95,20,357.17,580.48,34.66,107.71,0.721,-1,-1,-1
95,21,38.88,581.40,47.05,138.58,0.620,-1,-1,-1
95,22,326.03,587.16,27.70,87.46,0.709,-1,-1,-1
95,23,1581.92,519.49,20.73,62.80,0.649,-1,-1,-1
96,5,1697.55,611.73,74.33,191.91,0.899,-1,-1,-1
96,6,168.37,580.50,49.39,138.99,0.726,-1,-1,-1
96,7,1695.49,546.59,38.55,92.46,0.808,-1,-1,-1
96,10,217.61,584.11,53.64,142.15,0.764,-1,-1,-1
96,12,469.14,555.79,33.37,107.44,0.654,-1,-1,-1
96,13,382.18,579.50,41.75,113.79,0.814,-1,-1,-1
96,17,251.11,586.24,28.71,78.57,0.345,-1,-1,-1
96,18,443.93,566.87,33.98,124.56,0.716,-1,-1,-1
96,19,1502.17,523.08,19.73,53.54,0.325,-1,-1,-1
96,20,350.03,584.98,34.31,106.81,0.729,-1,-1,-1
96,21,29.82,585.38,47.55,138.83,0.480,-1,-1,-1
96,22,318.43,589.98,28.17,88.22,0.728,-1,-1,-1
96,23,1579.06,519.58,21.00,63.16,0.635,-1,-1,-1
97,5,1700.06,612.84,74.90,193.85,0.889,-1,-1,-1
97,6,160.99,578.99,49.60,139.85,0.783,-1,-1,-1
97,7,1692.84,547.92,40.28,96.75,0.854,-1,-1,-1
97,10,210.42,583.25,53.38,142.18,0.774,-1,-1,-1
97,12,463.12,555.96,32.94,106.56,0.598,-1,-1,-1
97,13,374.82,578.13,42.38,114.90,0.802,-1,-1,-1
97,17,240.98,584.39,31.93,88.24,0.131,-1,-1,-1
97,18,436.94,566.43,34.00,124.21,0.693,-1,-1,-1
97,19,1497.94,522.38,20.69,56.35,0.317,-1,-1,-1
97,20,341.98,582.60,35.12,109.88,0.736,-1,-1,-1
97,21,20.33,579.59,49.50,143.96,0.403,-1,-1,-1
97,22,310.30,587.31,28.77,89.71,0.635,-1,-1,-1
97,23,1575.89,520.22,20.75,61.78,0.660,-1,-1,-1
98,5,1703.53,613.87,75.47,195.83,0.875,-1,-1,-1
98,6,152.30,582.20,50.01,140.47,0.766,-1,-1,-1
98,7,1690.76,548.98,41.48,99.71,0.850,-1,-1,-1
98,10,202.77,585.08,53.63,143.33,0.789,-1,-1,-1
98,12,456.74,559.30,32.50,105.86,0.691,-1,-1,-1
98,13,367.35,580.75,42.84,115.88,0.821,-1,-1,-1
98,17,232.15,587.97,31.95,88.88,0.101,-1,-1,-1
98,18,430.71,569.68,34.34,124.65,0.715,-1,-1,-1
98,19,1494.75,523.03,20.57,56.24,0.180,-1,-1,-1
98,20,333.92,585.70,35.33,111.00,0.693,-1,-1,-1
98,21,10.74,584.48,49.71,143.74,0.548,-1,-1,-1
98,22,301.91,589.68,29.81,92.49,0.636,-1,-1,-1
98,23,1571.97,520.74,20.91,61.95,0.599,-1,-1,-1
99,5,1707.56,615.45,76.33,198.03,0.898,-1,-1,-1
99,6,143.56,579.57,51.14,142.55,0.794,-1,-1,-1
99,7,1688.63,550.48,41.97,100.81,0.847,-1,-1,-1
99,10,196.04,582.13,53.93,143.88,0.800,-1,-1,-1
99,12,449.65,557.66,32.78,107.16,0.582,-1,-1,-1
99,13,359.83,578.79,43.14,116.33,0.807,-1,-1,-1
99,18,422.20,569.25,34.54,125.07,0.648,-1,-1,-1
99,19,1490.90,524.75,20.93,57.10,0.429,-1,-1,-1
99,20,324.90,580.50,36.56,115.17,0.744,-1,-1,-1
99,21,1.02,578.34,51.34,148.32,0.294,-1,-1,-1
99,22,292.02,587.33,30.35,93.54,0.713,-1,-1,-1
99,23,1567.36,521.34,21.70,63.97,0.583,-1,-1,-1
100,5,1711.08,614.91,77.26,200.14,0.906,-1,-1,-1
100,6,134.44,582.95,51.26,140.52,0.812,-1,-1,-1
100,7,1686.39,550.07,42.34,101.71,0.833,-1,-1,-1
100,10,189.31,584.31,54.45,144.89,0.803,-1,-1,-1
100,12,443.43,560.06,32.64,107.31,0.716,-1,-1,-1
100,13,352.68,581.04,43.73,117.26,0.825,-1,-1,-1
100,18,413.94,572.61,34.54,125.15,0.668,-1,-1,-1
100,19,1487.38,526.08,20.60,56.11,0.376,-1,-1,-1
100,20,317.48,584.99,35.65,112.23,0.739,-1,-1,-1
100,21,-5.97,575.14,53.43,155.28,0.531,-1,-1,-1
100,22,282.94,589.65,31.01,95.10,0.744,-1,-1,-1
100,23,1563.28,521.05,21.57,63.53,0.550,-1,-1,-1
101,5,1712.66,617.48,77.95,201.92,0.902,-1,-1,-1
101,6,126.03,581.15,51.57,139.82,0.799,-1,-1,-1
101,7,1684.63,552.42,42.34,102.25,0.834,-1,-1,-1
101,10,182.32,582.00,54.98,145.62,0.801,-1,-1,-1
101,12,435.34,559.65,32.77,107.11,0.785,-1,-1,-1
101,13,344.59,579.88,44.37,118.49,0.841,-1,-1,-1
101,18,405.06,569.85,35.66,128.18,0.684,-1,-1,-1
101,19,1483.19,527.73,21.24,57.84,0.399,-1,-1,-1
101,20,308.71,584.57,35.79,113.12,0.740,-1,-1,-1
101,22,274.04,588.78,31.32,95.63,0.724,-1,-1,-1
101,23,1558.14,522.83,21.47,63.06,0.588,-1,-1,-1
102,5,1714.66,617.82,78.65,203.73,0.903,-1,-1,-1
102,6,117.88,581.50,52.44,141.08,0.799,-1,-1,-1
102,7,1683.25,552.01,42.17,102.61,0.830,-1,-1,-1
102,10,175.06,582.54,55.97,147.33,0.814,-1,-1,-1
102,12,428.85,561.25,32.58,106.67,0.779,-1,-1,-1
102,13,336.65,581.02,45.12,119.98,0.813,-1,-1,-1
102,18,397.28,574.18,35.54,126.57,0.739,-1,-1,-1
102,19,1478.80,526.30,21.57,58.86,0.140,-1,-1,-1
102,20,300.89,586.46,35.69,112.88,0.708,-1,-1,-1
102,22,265.78,590.93,31.64,96.02,0.723,-1,-1,-1
102,23,1554.19,522.32,21.24,62.52,0.447,-1,-1,-1
103,5,1717.33,618.23,79.84,206.66,0.898,-1,-1,-1
103,6,109.03,580.94,53.80,143.56,0.809,-1,-1,-1
103,7,1681.51,550.66,42.26,103.76,0.830,-1,-1,-1
103,10,167.84,582.27,56.77,148.45,0.796,-1,-1,-1
103,12,422.36,561.62,32.58,106.67,0.791,-1,-1,-1
103,13,328.72,581.28,45.48,120.10,0.832,-1,-1,-1
103,18,389.76,574.90,35.99,127.23,0.738,-1,-1,-1
103,19,1475.06,525.81,21.66,59.46,0.447,-1,-1,-1
103,20,291.52,587.10,35.91,113.74,0.720,-1,-1,-1
103,22,257.13,591.79,31.72,95.66,0.733,-1,-1,-1
103,23,1550.54,521.35,21.23,62.53,0.425,-1,-1,-1
104,5,1719.37,622.17,80.89,209.18,0.902,-1,-1,-1
104,6,99.34,578.11,55.25,146.98,0.773,-1,-1,-1
104,7,1679.46,552.94,42.09,104.60,0.811,-1,-1,-1
104,10,159.98,579.84,57.50,149.19,0.766,-1,-1,-1
104,12,415.61,559.83,32.91,107.80,0.767,-1,-1,-1
104,13,320.24,579.52,46.06,121.09,0.842,-1,-1,-1
104,18,381.78,573.84,36.26,127.41,0.746,-1,-1,-1
104,19,1472.03,528.61,20.97,57.59,0.254,-1,-1,-1
104,20,281.60,587.57,35.75,113.00,0.686,-1,-1,-1
104,22,248.08,590.16,31.91,95.98,0.692,-1,-1,-1
104,23,1546.08,522.90,21.52,63.11,0.554,-1,-1,-1
105,5,1722.11,622.18,81.96,211.78,0.904,-1,-1,-1
105,6,91.44,579.75,55.64,147.03,0.815,-1,-1,-1
105,7,1676.96,550.95,41.93,105.38,0.824,-1,-1,-1
105,10,151.66,580.77,58.59,151.68,0.577,-1,-1,-1
105,12,409.00,562.04,33.00,108.03,0.812,-1,-1,-1
105,13,312.56,582.23,46.23,121.07,0.810,-1,-1,-1
105,18,372.36,575.55,37.02,128.54,0.771,-1,-1,-1
105,19,1467.74,528.87,21.06,57.82,0.307,-1,-1,-1
105,20,272.99,590.24,36.55,114.75,0.669,-1,-1,-1
105,22,239.61,592.91,32.12,96.17,0.670,-1,-1,-1
105,23,1540.84,521.89,22.12,64.05,0.678,-1,-1,-1
106,5,1724.47,625.49,82.72,213.88,0.896,-1,-1,-1
106,6,81.25,576.00,56.23,147.78,0.813,-1,-1,-1
106,7,1674.76,552.01,41.61,105.91,0.827,-1,-1,-1
106,10,142.82,578.35,59.26,152.18,0.757,-1,-1,-1
106,12,401.90,559.32,33.36,109.19,0.799,-1,-1,-1
106,13,303.83,580.11,46.76,122.09,0.842,-1,-1,-1
106,16,21.58,579.31,47.42,139.33,0.619,-1,-1,-1
106,18,363.61,574.79,37.48,128.90,0.757,-1,-1,-1
106,19,1464.54,529.11,21.30,58.08,0.248,-1,-1,-1
106,20,263.56,590.60,36.45,113.93,0.683,-1,-1,-1
106,22,230.24,590.33,32.35,96.78,0.687,-1,-1,-1
106,23,1537.14,522.81,22.45,64.26,0.627,-1,-1,-1
106,24,594.59,520.64,23.82,60.57,0.661,-1,-1,-1
107,5,1727.06,624.95,83.51,216.00,0.889,-1,-1,-1
107,6,71.66,576.23,56.92,148.99,0.762,-1,-1,-1
107,7,1672.89,549.57,40.98,105.76,0.836,-1,-1,-1
107,10,134.58,578.59,60.23,153.46,0.714,-1,-1,-1
107,12,395.23,559.42,33.73,110.18,0.788,-1,-1,-1
107,13,295.66,581.25,46.97,122.40,0.805,-1,-1,-1
107,16,12.90,579.69,48.73,138.38,0.599,-1,-1,-1
107,18,354.92,574.95,37.96,129.96,0.714,-1,-1,-1
107,19,1462.24,523.99,22.47,60.90,0.467,-1,-1,-1
107,20,255.33,591.82,36.91,114.96,0.718,-1,-1,-1
107,22,221.83,591.05,33.07,98.04,0.731,-1,-1,-1
107,23,1533.79,520.86,22.46,63.64,0.506,-1,-1,-1
107,24,589.65,520.59,23.80,60.53,0.558,-1,-1,-1
108,5,1728.87,629.51,84.56,218.59,0.886,-1,-1,-1
108,6,60.21,573.85,57.79,150.00,0.805,-1,-1,-1
108,7,1670.81,552.71,40.51,105.75,0.803,-1,-1,-1
108,10,125.35,573.84,61.78,156.69,0.780,-1,-1,-1
108,12,387.69,557.93,34.19,111.11,0.800,-1,-1,-1
108,13,286.30,579.72,47.49,123.79,0.782,-1,-1,-1
108,16,3.02,576.08,50.25,141.74,0.659,-1,-1,-1
108,18,346.33,571.66,39.26,133.08,0.784,-1,-1,-1
108,19,1459.54,524.72,22.75,61.46,0.293,-1,-1,-1
108,20,246.59,590.50,37.34,115.19,0.676,-1,-1,-1
108,22,211.48,588.93,33.52,98.96,0.748,-1,-1,-1
108,23,1530.71,522.97,22.53,62.92,0.516,-1,-1,-1
108,24,584.60,518.78,24.03,61.13,0.505,-1,-1,-1
109,5,1730.35,630.57,85.34,220.48,0.892,-1,-1,-1
109,6,50.85,577.87,58.09,149.45,0.774,-1,-1,-1
109,7,1667.95,553.22,40.08,105.36,0.734,-1,-1,-1
109,10,115.89,575.65,62.54,157.96,0.785,-1,-1,-1
109,12,380.60,559.90,34.48,111.56,0.790,-1,-1,-1
109,13,277.05,582.92,48.00,125.06,0.828,-1,-1,-1
109,16,-3.75,579.08,49.70,142.55,0.708,-1,-1,-1
109,18,338.09,573.66,39.96,134.45,0.772,-1,-1,-1
109,19,1455.24,526.11,22.35,60.10,0.365,-1,-1,-1
109,20,236.85,593.75,37.27,114.85,0.699,-1,-1,-1
109,22,201.66,591.34,34.22,100.51,0.770,-1,-1,-1
109,23,1526.00,523.34,22.38,61.91,0.502,-1,-1,-1
109,24,579.15,518.04,24.93,63.51,0.525,-1,-1,-1
110,5,1731.93,633.86,85.80,221.60,0.910,-1,-1,-1
110,6,40.04,577.33,58.69,149.84,0.772,-1,-1,-1
110,7,1665.87,556.47,39.15,103.50,0.691,-1,-1,-1
110,10,105.93,572.90,63.37,159.43,0.817,-1,-1,-1
110,12,371.86,558.62,35.10,112.13,0.830,-1,-1,-1
110,13,267.67,582.24,48.22,125.31,0.798,-1,-1,-1
110,16,-9.44,577.76,48.18,143.82,0.726,-1,-1,-1
110,18,328.28,571.49,40.43,136.51,0.796,-1,-1,-1
110,19,1450.54,524.71,23.23,62.27,0.411,-1,-1,-1
110,20,225.67,590.73,37.91,117.09,0.702,-1,-1,-1
110,22,191.88,589.75,34.37,100.87,0.761,-1,-1,-1
110,23,1521.85,524.15,22.29,61.35,0.521,-1,-1,-1
110,24,573.75,516.27,25.40,64.79,0.583,-1,-1,-1
111,5,1733.60,635.09,86.15,222.55,0.906,-1,-1,-1
111,6,31.33,578.73,58.87,150.22,0.760,-1,-1,-1
111,7,1663.48,561.71,37.15,98.01,0.671,-1,-1,-1
111,10,95.12,572.77,64.11,161.17,0.794,-1,-1,-1
111,12,363.73,558.52,35.79,113.18,0.793,-1,-1,-1
111,13,257.65,582.13,48.89,127.19,0.792,-1,-1,-1
111,18,318.74,571.87,40.51,137.55,0.817,-1,-1,-1
111,19,1446.06,524.69,23.05,61.70,0.400,-1,-1,-1
111,20,214.76,591.12,37.90,117.41,0.682,-1,-1,-1
111,22,182.00,590.42,34.69,101.72,0.722,-1,-1,-1
111,23,1516.59,523.48,22.51,61.51,0.525,-1,-1,-1
111,24,568.25,515.89,25.51,65.21,0.526,-1,-1,-1
112,5,1735.63,638.66,86.42,222.83,0.891,-1,-1,-1
112,6,23.14,581.20,58.79,150.58,0.725,-1,-1,-1
112,7,1661.48,566.05,36.12,95.20,0.395,-1,-1,-1
112,10,84.86,573.62,64.61,162.60,0.792,-1,-1,-1
112,12,356.11,560.08,36.29,113.86,0.805,-1,-1,-1
112,13,247.06,583.15,49.28,128.45,0.810,-1,-1,-1
112,18,309.28,572.83,40.79,139.55,0.746,-1,-1,-1
112,19,1441.66,525.96,23.08,61.70,0.506,-1,-1,-1
112,20,203.40,592.80,38.15,118.62,0.679,-1,-1,-1
112,22,171.50,593.24,35.08,102.75,0.748,-1,-1,-1
112,23,1512.75,524.54,22.76,61.71,0.581,-1,-1,-1
112,24,563.07,518.27,25.08,64.16,0.386,-1,-1,-1
113,5,1736.45,637.29,88.08,227.19,0.885,-1,-1,-1
113,6,14.91,582.78,59.14,150.90,0.708,-1,-1,-1
113,7,1658.65,570.24,34.89,91.86,0.343,-1,-1,-1
113,10,74.39,576.19,63.95,161.53,0.788,-1,-1,-1
113,12,347.78,561.10,37.00,114.77,0.831,-1,-1,-1
113,13,237.15,584.83,49.47,128.69,0.794,-1,-1,-1
113,18,299.19,573.04,41.00,141.60,0.776,-1,-1,-1
113,19,1436.97,526.12,22.81,61.21,0.502,-1,-1,-1
113,20,192.12,594.65,38.43,119.50,0.719,-1,-1,-1
113,22,160.98,595.74,35.19,103.02,0.702,-1,-1,-1
113,23,1508.43,524.90,22.95,61.90,0.463,-1,-1,-1
113,24,557.72,518.93,25.10,64.35,0.555,-1,-1,-1
114,5,1737.96,635.08,89.55,230.97,0.892,-1,-1,-1
114,6,6.53,583.90,58.73,150.90,0.710,-1,-1,-1
114,10,63.28,579.44,62.94,159.33,0.809,-1,-1,-1
114,12,340.35,560.63,37.45,115.82,0.723,-1,-1,-1
114,13,226.90,588.71,48.74,126.63,0.743,-1,-1,-1
114,18,288.95,573.04,41.08,142.97,0.774,-1,-1,-1
114,19,1433.44,525.83,22.53,60.94,0.490,-1,-1,-1
114,20,181.25,594.93,37.71,117.23,0.534,-1,-1,-1
114,22,150.41,597.80,35.14,102.81,0.762,-1,-1,-1
114,23,1503.37,523.36,23.37,62.95,0.574,-1,-1,-1
114,24,551.95,519.56,24.83,63.72,0.409,-1,-1,-1
115,5,1739.54,636.57,90.47,233.06,0.901,-1,-1,-1
115,6,-1.20,584.50,58.05,150.51,0.667,-1,-1,-1
115,10,52.42,580.46,62.86,159.58,0.796,-1,-1,-1
115,12,332.83,561.25,37.80,116.52,0.778,-1,-1,-1
115,13,216.07,587.65,49.52,128.56,0.807,-1,-1,-1
115,18,279.27,574.80,40.60,142.32,0.791,-1,-1,-1
115,19,1429.84,527.56,22.00,59.76,0.541,-1,-1,-1
115,20,171.40,595.58,34.81,107.39,0.696,-1,-1,-1
115,22,140.44,598.76,35.23,103.54,0.750,-1,-1,-1
115,23,1499.38,524.08,23.56,63.30,0.609,-1,-1,-1
115,24,546.78,519.16,24.90,64.03,0.490,-1,-1,-1
116,5,1741.13,637.68,91.46,235.37,0.900,-1,-1,-1
116,6,-7.77,588.10,56.89,149.99,0.786,-1,-1,-1
116,10,42.39,585.99,62.04,158.14,0.784,-1,-1,-1
116,12,324.24,563.94,38.14,116.73,0.791,-1,-1,-1
116,13,205.12,591.15,50.03,129.51,0.822,-1,-1,-1
116,18,269.61,578.88,40.65,142.33,0.790,-1,-1,-1
116,19,1426.00,528.11,21.88,59.72,0.590,-1,-1,-1
116,20,160.23,598.28,34.52,106.40,0.647,-1,-1,-1
116,22,129.86,601.73,35.35,104.29,0.760,-1,-1,-1
116,23,1495.52,524.29,23.65,63.61,0.598,-1,-1,-1
116,24,541.24,521.25,24.76,63.74,0.397,-1,-1,-1
117,5,1742.23,639.16,92.69,238.25,0.902,-1,-1,-1
117,6,-12.82,587.56,55.47,150.54,0.789,-1,-1,-1
117,10,32.20,586.56,61.98,158.38,0.762,-1,-1,-1
117,12,317.62,563.83,38.11,116.80,0.691,-1,-1,-1
117,13,194.50,590.74,51.05,131.56,0.816,-1,-1,-1
117,18,259.82,578.55,41.46,144.51,0.812,-1,-1,-1
117,19,1422.08,530.00,21.29,58.21,0.518,-1,-1,-1
117,20,148.32,598.42,37.13,114.91,0.683,-1,-1,-1
117,22,119.55,601.47,35.24,104.46,0.733,-1,-1,-1
117,23,1490.49,523.88,23.84,64.26,0.670,-1,-1,-1
117,24,535.77,520.89,24.89,64.18,0.452,-1,-1,-1
118,5,1744.71,639.52,93.99,241.65,0.903,-1,-1,-1
118,6,-17.19,587.68,54.44,152.55,0.727,-1,-1,-1
118,10,21.60,587.44,62.58,160.76,0.770,-1,-1,-1
118,12,309.18,564.14,38.46,117.76,0.636,-1,-1,-1
118,13,184.22,593.01,51.39,131.88,0.813,-1,-1,-1
118,18,249.98,579.72,41.78,146.27,0.813,-1,-1,-1
118,19,1417.86,529.86,21.18,57.67,0.589,-1,-1,-1
118,20,136.40,599.66,38.82,120.41,0.725,-1,-1,-1
118,22,108.87,602.19,35.51,105.71,0.708,-1,-1,-1
118,23,1485.63,522.50,23.58,64.18,0.726,-1,-1,-1
118,24,529.62,521.18,24.97,64.33,0.486,-1,-1,-1
119,5,1747.52,640.88,95.47,244.71,0.896,-1,-1,-1
119,6,-21.20,590.17,52.86,151.71,0.517,-1,-1,-1
119,10,11.92,588.88,62.71,161.72,0.754,-1,-1,-1
119,12,300.26,564.81,38.95,118.55,0.818,-1,-1,-1
119,13,174.07,594.72,51.83,132.64,0.827,-1,-1,-1
119,18,239.53,580.98,42.19,148.05,0.808,-1,-1,-1
119,19,1413.86,528.65,21.63,59.22,0.561,-1,-1,-1
119,20,124.26,601.16,40.20,124.48,0.764,-1,-1,-1
119,22,97.83,603.26,35.64,106.83,0.723,-1,-1,-1
119,23,1481.51,522.41,23.20,63.62,0.674,-1,-1,-1
119,24,524.50,523.70,24.23,62.27,0.435,-1,-1,-1
120,5,1750.79,642.74,96.57,246.56,0.892,-1,-1,-1
120,10,2.04,590.94,62.80,162.28,0.675,-1,-1,-1
120,12,293.20,566.44,38.76,118.41,0.681,-1,-1,-1
120,13,163.38,597.04,52.53,134.03,0.826,-1,-1,-1
120,18,229.88,582.32,42.54,149.19,0.800,-1,-1,-1
120,19,1409.97,528.12,21.56,59.26,0.566,-1,-1,-1
120,20,113.09,603.12,41.06,127.46,0.747,-1,-1,-1
120,22,87.15,604.88,35.63,107.61,0.713,-1,-1,-1
120,23,1476.75,521.94,23.28,64.05,0.690,-1,-1,-1
120,24,518.98,525.21,24.13,61.92,0.384,-1,-1,-1
121,5,1754.22,644.86,97.68,248.73,0.896,-1,-1,-1
121,10,-4.71,593.82,61.54,159.75,0.718,-1,-1,-1
121,12,284.86,565.80,39.04,119.08,0.688,-1,-1,-1
121,13,152.84,597.48,52.94,134.75,0.838,-1,-1,-1
121,18,220.09,581.45,43.18,150.43,0.820,-1,-1,-1
121,19,1406.08,527.34,21.24,58.53,0.270,-1,-1,-1
121,20,102.39,603.04,41.80,130.11,0.661,-1,-1,-1
121,22,76.50,604.61,35.61,108.28,0.758,-1,-1,-1
121,23,1472.48,521.87,22.95,63.34,0.692,-1,-1,-1
121,24,513.62,526.02,23.67,60.58,0.456,-1,-1,-1
122,5,1758.24,646.42,98.61,251.21,0.907,-1,-1,-1
122,10,-10.88,591.62,62.26,163.71,0.669,-1,-1,-1
122,12,275.95,566.20,39.65,120.58,0.835,-1,-1,-1
122,13,141.56,599.00,53.54,136.45,0.821,-1,-1,-1
122,18,209.90,582.74,44.00,151.55,0.846,-1,-1,-1
122,19,1402.80,525.44,20.94,57.81,0.174,-1,-1,-1
122,20,91.12,605.24,42.01,131.08,0.741,-1,-1,-1
122,22,65.49,606.82,35.66,108.86,0.708,-1,-1,-1
122,23,1468.20,519.99,23.28,64.21,0.659,-1,-1,-1
122,24,507.77,524.00,24.57,63.00,0.578,-1,-1,-1
123,5,1760.82,649.61,99.40,253.88,0.904,-1,-1,-1
123,10,-16.26,587.59,62.90,169.39,0.683,-1,-1,-1
123,12,268.31,567.38,39.91,121.43,0.606,-1,-1,-1
123,13,131.42,602.25,53.85,137.15,0.819,-1,-1,-1
123,18,198.84,585.10,44.55,152.07,0.838,-1,-1,-1
123,19,1399.52,524.27,21.66,60.00,0.277,-1,-1,-1
123,20,80.14,607.86,42.37,132.21,0.709,-1,-1,-1
123,22,54.86,610.03,35.62,108.93,0.676,-1,-1,-1
123,23,1463.31,520.47,23.76,65.32,0.714,-1,-1,-1
123,24,501.73,525.19,24.72,63.20,0.564,-1,-1,-1
124,5,1763.51,651.25,100.33,257.17,0.891,-1,-1,-1
124,10,-19.56,586.71,61.18,171.58,0.795,-1,-1,-1
124,12,259.52,568.19,40.26,122.38,0.809,-1,-1,-1
124,13,120.29,603.76,54.48,138.70,0.845,-1,-1,-1
124,18,187.74,587.19,44.93,152.26,0.768,-1,-1,-1
124,19,1396.12,525.82,21.18,59.08,0.278,-1,-1,-1
124,20,68.80,610.19,42.30,131.93,0.751,-1,-1,-1
124,22,42.86,612.24,36.17,111.25,0.706,-1,-1,-1
124,23,1458.90,520.58,23.78,65.33,0.697,-1,-1,-1
124,24,495.92,525.86,24.84,63.49,0.469,-1,-1,-1
124,25,1739.33,563.22,43.49,109.12,0.664,-1,-1,-1
125,5,1767.76,652.29,101.34,259.58,0.892,-1,-1,-1
125,12,250.99,568.24,40.72,123.69,0.834,-1,-1,-1
125,13,108.78,604.95,55.26,140.99,0.829,-1,-1,-1
125,18,176.95,587.49,45.69,153.54,0.828,-1,-1,-1
125,19,1393.11,525.59,20.37,56.98,0.173,-1,-1,-1
125,20,57.52,610.83,42.45,132.17,0.719,-1,-1,-1
125,22,31.48,613.51,36.17,111.77,0.702,-1,-1,-1
125,23,1453.86,520.25,23.88,65.46,0.602,-1,-1,-1
125,24,490.40,525.85,24.93,63.80,0.492,-1,-1,-1
125,25,1735.43,556.75,45.98,115.39,0.656,-1,-1,-1
126,5,1772.30,653.54,102.64,263.08,0.894,-1,-1,-1
126,12,242.45,568.38,41.34,125.69,0.729,-1,-1,-1
126,13,97.93,606.32,55.65,141.95,0.823,-1,-1,-1
126,18,166.25,589.01,46.41,155.22,0.758,-1,-1,-1
126,19,1390.64,526.83,20.34,56.92,0.207,-1,-1,-1
126,20,46.15,612.74,42.44,132.17,0.753,-1,-1,-1
126,22,19.91,614.96,36.37,112.83,0.668,-1,-1,-1
126,23,1449.82,520.52,24.02,65.88,0.684,-1,-1,-1
126,24,484.61,524.74,25.48,65.36,0.591,-1,-1,-1
126,25,1734.28,558.97,45.93,115.32,0.556,-1,-1,-1
126,26,1422.68,524.77,17.23,56.96,0.581,-1,-1,-1
127,5,1777.10,655.25,103.69,265.69,0.901,-1,-1,-1
127,12,234.63,571.57,41.25,125.34,0.801,-1,-1,-1
127,13,87.24,609.53,54.96,140.09,0.811,-1,-1,-1
127,18,156.17,592.22,47.11,156.58,0.760,-1,-1,-1
127,19,1388.57,527.22,20.97,58.50,0.161,-1,-1,-1
127,20,34.88,615.99,42.80,133.20,0.716,-1,-1,-1
127,22,8.54,618.26,36.73,114.59,0.606,-1,-1,-1
127,23,1445.25,521.38,24.22,66.46,0.471,-1,-1,-1
127,24,479.15,527.19,25.25,64.82,0.386,-1,-1,-1
127,25,1731.43,559.11,46.51,116.87,0.421,-1,-1,-1
127,26,1419.43,526.36,17.12,56.57,0.579,-1,-1,-1
128,5,1781.91,656.51,104.78,268.23,0.903,-1,-1,-1
128,12,225.65,572.59,41.40,125.65,0.820,-1,-1,-1
128,13,75.81,610.39,55.35,140.74,0.829,-1,-1,-1
128,18,143.31,594.15,47.50,157.23,0.731,-1,-1,-1
128,20,22.83,616.76,43.27,134.03,0.761,-1,-1,-1
128,22,-2.72,619.06,36.57,115.13,0.690,-1,-1,-1
128,23,1440.14,521.40,24.17,66.34,0.555,-1,-1,-1
128,24,473.31,526.35,25.55,65.81,0.598,-1,-1,-1
128,25,1727.51,557.30,47.62,119.79,0.627,-1,-1,-1
128,26,1414.79,526.60,17.24,56.93,0.626,-1,-1,-1
129,5,1787.06,657.70,106.10,271.40,0.898,-1,-1,-1
129,12,217.28,574.36,41.46,125.85,0.761,-1,-1,-1
129,13,64.35,611.80,56.15,142.80,0.824,-1,-1,-1
129,18,129.97,596.15,47.37,158.09,0.719,-1,-1,-1
129,20,11.71,618.20,42.22,130.64,0.554,-1,-1,-1
129,22,-11.32,620.98,35.82,114.76,0.486,-1,-1,-1
129,23,1435.65,521.32,24.31,66.82,0.656,-1,-1,-1
129,24,467.78,527.14,25.29,65.22,0.392,-1,-1,-1
129,25,1724.90,556.83,47.83,120.50,0.622,-1,-1,-1
129,26,1410.78,526.86,17.44,57.55,0.595,-1,-1,-1
130,5,1791.78,659.53,107.58,274.40,0.897,-1,-1,-1
130,12,208.55,576.53,41.52,125.91,0.793,-1,-1,-1
130,13,52.37,614.07,56.07,142.49,0.845,-1,-1,-1
130,18,118.78,599.05,47.48,158.38,0.730,-1,-1,-1
130,20,-0.61,620.33,43.07,133.82,0.745,-1,-1,-1
130,23,1431.20,521.40,24.67,67.76,0.511,-1,-1,-1
130,24,462.31,527.47,25.56,66.00,0.555,-1,-1,-1
130,25,1722.08,557.63,47.71,120.24,0.604,-1,-1,-1
130,26,1406.96,527.57,17.26,57.00,0.572,-1,-1,-1
131,5,1795.82,661.20,109.50,278.39,0.913,-1,-1,-1
131,12,200.15,577.23,41.68,126.31,0.781,-1,-1,-1
131,13,40.83,615.18,56.41,143.55,0.812,-1,-1,-1
131,18,108.50,601.29,47.74,158.53,0.784,-1,-1,-1
131,20,-8.75,621.57,43.13,136.03,0.654,-1,-1,-1
131,23,1426.60,521.97,24.90,68.21,0.697,-1,-1,-1
131,24,457.10,528.26,25.43,65.65,0.386,-1,-1,-1
131,25,1720.33,559.27,46.87,118.35,0.622,-1,-1,-1
131,26,1402.52,527.96,17.33,57.23,0.650,-1,-1,-1
132,5,1799.80,661.81,112.24,284.63,0.908,-1,-1,-1
132,12,191.49,576.89,42.03,127.49,0.815,-1,-1,-1
132,13,28.87,616.79,56.78,144.66,0.820,-1,-1,-1
132,18,97.07,603.42,48.50,160.58,0.811,-1,-1,-1
132,23,1422.84,521.41,24.88,67.95,0.601,-1,-1,-1
132,24,451.32,528.26,25.56,66.19,0.582,-1,-1,-1
132,25,1717.65,559.64,46.47,117.44,0.669,-1,-1,-1
132,26,1398.80,527.65,17.35,57.19,0.628,-1,-1,-1
133,5,1803.84,664.74,114.90,291.42,0.913,-1,-1,-1
133,12,182.84,577.15,42.47,128.84,0.795,-1,-1,-1
133,13,16.67,619.21,57.58,146.88,0.831,-1,-1,-1
133,18,84.61,604.69,49.22,163.21,0.781,-1,-1,-1
133,23,1419.64,521.94,24.81,67.87,0.416,-1,-1,-1
133,24,445.92,528.34,25.84,66.85,0.569,-1,-1,-1
133,25,1715.97,562.07,45.63,115.41,0.731,-1,-1,-1
133,26,1394.72,527.65,17.47,57.61,0.627,-1,-1,-1
134,5,1806.60,668.56,116.06,295.24,0.910,-1,-1,-1
134,12,173.63,579.62,42.48,129.10,0.819,-1,-1,-1
134,13,4.17,622.85,58.37,149.04,0.823,-1,-1,-1
134,18,71.56,607.59,49.79,165.17,0.741,-1,-1,-1
134,23,1414.78,522.17,25.08,68.35,0.646,-1,-1,-1
134,24,439.93,531.08,25.70,66.50,0.674,-1,-1,-1
134,25,1714.20,563.24,45.18,114.19,0.705,-1,-1,-1
134,26,1390.05,527.35,17.83,58.86,0.660,-1,-1,-1
135,5,1808.37,670.72,116.87,299.32,0.913,-1,-1,-1
135,7,1584.99,571.17,35.78,93.14,0.527,-1,-1,-1
135,12,164.98,581.09,42.32,129.08,0.814,-1,-1,-1
135,13,-6.01,623.13,58.58,151.60,0.821,-1,-1,-1
135,18,58.24,608.51,50.23,166.64,0.747,-1,-1,-1
135,23,1410.36,522.10,24.93,67.85,0.662,-1,-1,-1
135,24,433.69,531.43,25.66,66.33,0.626,-1,-1,-1
135,25,1711.27,562.86,45.06,113.60,0.600,-1,-1,-1
135,26,1385.63,526.89,17.89,58.93,0.633,-1,-1,-1
135,27,1258.94,535.18,27.19,75.94,0.563,-1,-1,-1
136,5,1811.42,672.64,116.99,302.93,0.905,-1,-1,-1
136,7,1581.15,568.62,37.10,95.33,0.775,-1,-1,-1
136,12,155.58,580.49,42.51,130.15,0.812,-1,-1,-1
136,13,-13.84,621.71,58.02,154.43,0.818,-1,-1,-1
136,18,44.47,609.75,50.44,167.09,0.656,-1,-1,-1
136,23,1405.93,521.43,25.12,67.83,0.445,-1,-1,-1
136,24,427.14,530.14,25.91,67.12,0.629,-1,-1,-1
136,25,1710.09,562.72,44.94,113.49,0.508,-1,-1,-1
136,26,1381.70,525.53,18.07,59.48,0.685,-1,-1,-1
136,27,1256.18,534.48,27.27,76.18,0.450,-1,-1,-1
136,28,509.44,528.01,26.64,73.56,0.586,-1,-1,-1
137,5,1814.76,677.96,116.13,304.96,0.896,-1,-1,-1
137,7,1577.92,568.17,37.65,96.11,0.686,-1,-1,-1
137,12,147.25,582.20,42.49,130.25,0.735,-1,-1,-1
137,13,-18.55,626.65,54.49,149.78,0.748,-1,-1,-1
137,18,32.27,610.36,51.08,169.43,0.770,-1,-1,-1
137,23,1400.82,522.58,25.33,67.31,0.613,-1,-1,-1
137,24,422.28,530.20,26.19,67.64,0.670,-1,-1,-1
137,25,1708.53,563.45,44.86,113.42,0.477,-1,-1,-1
137,26,1377.67,526.17,18.12,59.75,0.682,-1,-1,-1
137,27,1253.44,535.16,27.37,76.51,0.409,-1,-1,-1
137,28,504.94,528.06,26.91,74.26,0.552,-1,-1,-1
138,5,1818.60,682.78,114.36,305.93,0.907,-1,-1,-1
138,7,1573.99,563.38,39.43,100.94,0.757,-1,-1,-1
138,12,138.91,581.29,42.80,131.70,0.673,-1,-1,-1
138,18,19.63,610.54,51.30,169.74,0.708,-1,-1,-1
138,23,1397.23,523.08,25.11,66.52,0.352,-1,-1,-1
138,24,417.02,529.44,26.28,67.81,0.689,-1,-1,-1
138,25,1707.21,564.07,44.59,112.82,0.517,-1,-1,-1
138,26,1374.10,525.77,18.10,59.72,0.689,-1,-1,-1
138,27,1251.52,535.60,27.36,76.61,0.353,-1,-1,-1
138,28,500.65,526.51,27.43,75.66,0.562,-1,-1,-1
139,5,1822.15,687.21,112.21,306.36,0.903,-1,-1,-1
139,7,1569.66,559.32,40.71,104.98,0.803,-1,-1,-1
139,12,129.50,579.59,43.28,133.61,0.712,-1,-1,-1
139,18,6.14,605.77,52.84,175.17,0.758,-1,-1,-1
139,23,1391.43,522.60,25.60,66.76,0.617,-1,-1,-1
139,24,411.53,529.16,26.20,67.40,0.663,-1,-1,-1
139,25,1704.57,565.42,43.92,110.97,0.453,-1,-1,-1
139,26,1369.74,525.13,18.08,59.76,0.744,-1,-1,-1
139,27,1248.50,533.73,27.51,77.15,0.238,-1,-1,-1
139,28,495.52,525.67,27.68,76.33,0.537,-1,-1,-1
140,5,1826.10,688.55,110.57,309.28,0.899,-1,-1,-1
140,7,1566.18,554.48,41.96,109.59,0.782,-1,-1,-1
140,12,122.11,586.12,41.62,128.14,0.456,-1,-1,-1
140,18,-5.28,593.60,56.69,190.34,0.755,-1,-1,-1
140,23,1387.52,522.01,25.92,66.88,0.670,-1,-1,-1
140,24,406.62,529.22,26.16,67.14,0.617,-1,-1,-1
140,25,1705.05,571.75,40.61,103.33,0.536,-1,-1,-1
140,26,1366.80,524.54,18.15,60.06,0.698,-1,-1,-1
140,27,1246.74,532.75,27.73,77.90,0.333,-1,-1,-1
140,28,491.14,526.87,27.19,74.97,0.538,-1,-1,-1
141,5,1830.91,688.96,107.59,307.95,0.846,-1,-1,-1
141,7,1562.08,552.00,41.63,110.95,0.754,-1,-1,-1
141,12,114.61,588.73,41.67,128.31,0.691,-1,-1,-1
141,18,-12.43,601.48,54.60,187.50,0.731,-1,-1,-1
141,23,1384.48,521.17,26.33,67.77,0.587,-1,-1,-1
141,24,401.46,529.85,26.45,67.58,0.598,-1,-1,-1
141,25,1703.72,566.61,42.39,107.70,0.637,-1,-1,-1
141,26,1364.13,524.11,18.16,60.13,0.677,-1,-1,-1
141,27,1244.77,532.60,27.51,77.49,0.338,-1,-1,-1
141,28,487.61,527.87,27.23,74.93,0.643,-1,-1,-1
142,5,1837.16,690.64,102.53,300.61,0.827,-1,-1,-1
142,7,1559.45,548.58,42.07,113.48,0.799,-1,-1,-1
142,12,106.34,588.05,42.18,130.08,0.393,-1,-1,-1
142,18,-19.86,592.48,57.14,199.86,0.486,-1,-1,-1
142,23,1382.72,520.73,26.10,67.40,0.316,-1,-1,-1
142,24,397.39,530.60,26.20,66.83,0.599,-1,-1,-1
142,25,1703.91,566.60,41.89,106.70,0.638,-1,-1,-1
142,26,1361.60,523.29,18.28,60.54,0.651,-1,-1,-1
142,27,1243.60,531.37,27.70,78.22,0.269,-1,-1,-1
142,28,484.03,528.47,27.06,74.21,0.603,-1,-1,-1
143,5,1841.78,698.97,98.24,294.73,0.771,-1,-1,-1
143,7,1555.87,548.93,41.72,114.15,0.807,-1,-1,-1
143,23,1378.78,520.73,25.93,67.12,0.126,-1,-1,-1
143,24,392.38,528.58,26.27,66.99,0.556,-1,-1,-1
143,25,1702.39,570.23,40.88,104.21,0.671,-1,-1,-1
143,26,1358.66,524.07,18.38,61.03,0.581,-1,-1,-1
143,27,1242.34,532.71,27.30,77.41,0.283,-1,-1,-1
143,28,479.80,527.28,26.63,72.93,0.353,-1,-1,-1
144,5,1848.50,715.16,90.43,276.82,0.732,-1,-1,-1
144,7,1552.25,551.00,41.22,114.04,0.815,-1,-1,-1
144,23,1374.18,522.11,26.11,67.58,0.492,-1,-1,-1
144,24,387.01,530.28,26.30,66.77,0.665,-1,-1,-1
144,25,1699.48,573.80,40.11,102.34,0.648,-1,-1,-1
144,26,1355.74,526.63,18.60,61.64,0.679,-1,-1,-1
144,27,1240.40,534.04,27.22,77.74,0.440,-1,-1,-1
144,28,475.12,528.76,26.82,73.20,0.620,-1,-1,-1
145,5,1854.49,730.22,82.67,258.67,0.737,-1,-1,-1
145,7,1547.48,552.71,41.16,114.99,0.824,-1,-1,-1
145,12,79.37,581.56,43.90,135.59,0.636,-1,-1,-1
145,23,1369.67,523.97,25.79,67.19,0.318,-1,-1,-1
145,24,381.38,529.05,26.45,67.12,0.635,-1,-1,-1
145,25,1696.24,578.15,39.36,100.29,0.552,-1,-1,-1
145,26,1352.18,528.58,18.50,61.24,0.584,-1,-1,-1
145,27,1237.75,534.52,27.44,78.91,0.535,-1,-1,-1
145,28,470.28,529.28,26.51,72.19,0.490,-1,-1,-1
146,5,1865.45,740.09,69.63,220.56,0.566,-1,-1,-1
146,7,1544.01,552.48,40.88,115.10,0.828,-1,-1,-1
146,12,70.89,580.74,44.48,137.34,0.363,-1,-1,-1
146,23,1367.36,523.20,25.65,67.03,0.476,-1,-1,-1
146,24,376.45,528.78,26.51,66.96,0.534,-1,-1,-1
146,25,1694.28,578.32,39.23,99.12,0.698,-1,-1,-1
146,26,1349.75,527.19,18.43,60.98,0.515,-1,-1,-1
146,27,1236.24,535.71,26.77,77.29,0.465,-1,-1,-1
146,28,466.05,528.87,26.47,72.03,0.351,-1,-1,-1
147,5,1877.70,755.99,51.90,165.64,0.539,-1,-1,-1
147,7,1538.56,555.93,40.86,114.47,0.821,-1,-1,-1
147,12,60.86,582.27,44.72,138.17,0.698,-1,-1,-1
147,23,1363.91,525.40,25.56,66.62,0.468,-1,-1,-1
147,24,370.91,529.93,26.52,66.94,0.419,-1,-1,-1
147,25,1689.43,580.15,40.48,101.44,0.663,-1,-1,-1
147,26,1345.97,530.35,17.29,57.02,0.470,-1,-1,-1
147,27,1234.09,538.77,26.04,75.87,0.545,-1,-1,-1
147,28,460.54,529.33,26.81,72.82,0.441,-1,-1,-1
148,7,1532.39,556.94,41.30,113.47,0.850,-1,-1,-1
148,12,52.16,583.83,44.89,138.70,0.481,-1,-1,-1
148,23,1359.69,525.18,25.84,66.91,0.343,-1,-1,-1
148,24,365.34,529.94,26.96,68.12,0.630,-1,-1,-1
148,25,1685.16,572.36,43.66,109.44,0.701,-1,-1,-1
148,26,1342.41,529.50,17.44,57.62,0.359,-1,-1,-1
148,27,1232.38,540.90,25.25,73.97,0.368,-1,-1,-1
148,28,455.26,528.64,27.41,74.36,0.560,-1,-1,-1
149,7,1525.66,557.93,42.22,112.69,0.881,-1,-1,-1
149,12,43.88,586.03,45.89,140.27,0.719,-1,-1,-1
149,23,1354.78,525.54,26.24,66.75,0.534,-1,-1,-1
149,24,359.25,531.80,26.82,67.71,0.541,-1,-1,-1
149,25,1680.42,568.30,45.08,112.67,0.773,-1,-1,-1
149,26,1338.46,530.95,17.00,56.17,0.258,-1,-1,-1
149,27,1229.27,542.50,24.54,72.50,0.375,-1,-1,-1
149,28,449.30,529.13,27.76,75.19,0.432,-1,-1,-1
150,7,1520.77,558.98,43.09,111.47,0.869,-1,-1,-1
150,12,35.16,585.41,46.66,141.14,0.743,-1,-1,-1
150,23,1351.58,525.53,26.34,66.40,0.547,-1,-1,-1
150,24,353.81,530.58,27.02,68.17,0.562,-1,-1,-1
150,25,1677.80,567.74,45.23,112.74,0.693,-1,-1,-1
150,26,1335.34,529.33,16.91,55.90,0.304,-1,-1,-1
150,27,1226.49,541.53,24.83,73.98,0.445,-1,-1,-1
150,28,444.19,527.83,28.03,75.70,0.344,-1,-1,-1
151,7,1514.76,559.70,44.04,111.06,0.861,-1,-1,-1
151,12,24.28,588.53,47.35,142.69,0.595,-1,-1,-1
151,23,1346.75,525.90,26.53,66.43,0.578,-1,-1,-1
151,24,347.30,532.93,26.98,68.15,0.513,-1,-1,-1
151,25,1674.25,569.70,44.47,110.23,0.701,-1,-1,-1
151,26,1330.58,528.35,17.86,58.80,0.445,-1,-1,-1
151,27,1222.09,543.22,24.54,73.58,0.167,-1,-1,-1
151,28,437.96,529.78,28.14,76.04,0.415,-1,-1,-1
152,7,1509.92,558.42,45.31,111.75,0.865,-1,-1,-1
152,12,14.34,590.78,47.90,143.25,0.707,-1,-1,-1
152,23,1340.36,525.48,26.99,66.57,0.537,-1,-1,-1
152,24,341.64,534.20,27.01,68.21,0.574,-1,-1,-1
152,25,1673.29,572.16,42.62,105.82,0.554,-1,-1,-1
152,26,1326.40,528.57,16.63,54.43,0.370,-1,-1,-1
152,28,432.04,529.98,28.56,77.05,0.374,-1,-1,-1
153,7,1504.72,555.89,46.50,112.80,0.859,-1,-1,-1
153,23,1335.03,524.40,27.15,66.43,0.585,-1,-1,-1
153,24,335.02,534.14,26.94,68.03,0.549,-1,-1,-1
153,25,1670.89,569.12,42.90,107.44,0.472,-1,-1,-1
153,26,1321.27,526.48,16.52,53.93,0.215,-1,-1,-1
153,28,426.32,530.04,28.58,77.24,0.532,-1,-1,-1
154,7,1498.33,554.30,47.58,114.49,0.858,-1,-1,-1
154,23,1327.43,524.61,27.53,66.85,0.404,-1,-1,-1
154,24,327.80,536.44,26.95,67.94,0.618,-1,-1,-1
154,25,1668.13,573.28,40.83,103.02,0.396,-1,-1,-1
154,26,1316.25,526.15,16.27,53.06,0.203,-1,-1,-1
154,28,418.61,532.25,28.23,76.56,0.406,-1,-1,-1
155,7,1492.84,551.71,47.89,115.39,0.843,-1,-1,-1
155,23,1320.36,522.98,28.27,68.07,0.625,-1,-1,-1
155,24,321.77,537.40,26.78,67.43,0.549,-1,-1,-1
155,25,1666.12,573.24,39.90,101.40,0.492,-1,-1,-1
155,26,1310.66,525.63,15.73,51.37,0.162,-1,-1,-1
155,28,413.13,533.65,27.96,75.91,0.298,-1,-1,-1
155,29,948.40,507.44,17.23,41.93,0.527,-1,-1,-1
156,7,1486.13,548.60,48.57,118.36,0.843,-1,-1,-1
156,23,1312.10,522.26,29.00,69.13,0.452,-1,-1,-1
156,24,314.47,538.24,27.09,68.06,0.489,-1,-1,-1
156,25,1663.76,573.84,39.27,100.55,0.518,-1,-1,-1
156,28,406.31,534.40,28.26,76.66,0.422,-1,-1,-1
156,29,943.39,507.39,17.32,42.17,0.556,-1,-1,-1
157,7,1479.46,547.04,48.23,118.95,0.838,-1,-1,-1
157,23,1305.30,521.77,29.17,69.65,0.541,-1,-1,-1
157,24,308.10,541.17,27.07,67.99,0.518,-1,-1,-1
157,28,400.21,535.66,28.58,77.61,0.459,-1,-1,-1
157,29,939.20,508.12,17.21,41.95,0.514,-1,-1,-1
158,7,1474.56,546.96,47.72,118.91,0.810,-1,-1,-1
158,23,1297.90,521.64,29.76,70.55,0.516,-1,-1,-1
158,24,301.79,542.88,27.01,67.88,0.288,-1,-1,-1
158,28,393.93,538.40,28.00,76.28,0.350,-1,-1,-1
158,29,935.56,508.25,17.53,42.75,0.520,-1,-1,-1
159,7,1469.64,545.11,46.85,118.12,0.845,-1,-1,-1
159,23,1292.19,519.91,29.87,70.56,0.577,-1,-1,-1
159,24,296.24,544.57,27.14,68.32,0.485,-1,-1,-1
159,28,389.55,541.81,27.27,74.13,0.321,-1,-1,-1
159,29,931.96,507.26,17.63,43.01,0.511,-1,-1,-1
160,7,1464.86,545.24,46.64,118.79,0.844,-1,-1,-1
160,23,1287.16,520.27,29.62,69.93,0.351,-1,-1,-1
160,24,290.69,546.91,26.99,68.21,0.229,-1,-1,-1
160,28,383.12,544.79,26.64,72.59,0.251,-1,-1,-1
160,29,928.67,509.61,16.99,41.49,0.517,-1,-1,-1
161,7,1460.83,545.24,45.98,117.89,0.836,-1,-1,-1
161,23,1282.42,519.45,29.34,69.31,0.304,-1,-1,-1
161,24,285.46,547.64,26.84,68.09,0.508,-1,-1,-1
161,28,378.34,544.65,27.02,73.50,0.329,-1,-1,-1
161,29,925.86,508.58,17.04,41.64,0.456,-1,-1,-1
162,7,1456.83,548.76,44.60,114.91,0.853,-1,-1,-1
162,23,1278.27,520.35,29.16,68.90,0.366,-1,-1,-1
162,24,280.66,548.93,26.48,67.29,0.427,-1,-1,-1
162,28,374.57,544.46,27.20,74.34,0.371,-1,-1,-1
162,29,922.87,510.08,16.75,40.98,0.438,-1,-1,-1
163,7,1451.63,550.67,43.94,113.07,0.861,-1,-1,-1
163,23,1272.96,519.82,29.09,68.75,0.219,-1,-1,-1
163,24,273.71,550.57,26.51,67.52,0.462,-1,-1,-1
163,28,368.19,546.55,27.26,74.38,0.590,-1,-1,-1
163,29,919.20,510.91,16.50,40.39,0.311,-1,-1,-1
164,7,1447.05,550.09,44.13,113.35,0.847,-1,-1,-1
164,23,1268.36,519.77,29.37,69.31,0.318,-1,-1,-1
164,24,268.62,549.51,26.64,68.00,0.438,-1,-1,-1
164,28,363.39,546.24,27.32,74.39,0.299,-1,-1,-1
164,29,916.34,508.44,17.14,42.03,0.468,-1,-1,-1
165,7,1441.92,550.60,44.04,112.90,0.858,-1,-1,-1
165,23,1263.03,520.23,29.26,69.15,0.307,-1,-1,-1
165,24,262.36,550.93,26.75,68.36,0.387,-1,-1,-1
165,28,358.17,548.19,27.33,74.31,0.277,-1,-1,-1
165,29,912.51,508.82,17.39,42.69,0.510,-1,-1,-1
166,7,1437.46,549.30,44.43,114.44,0.853,-1,-1,-1
166,23,1257.44,520.67,29.20,68.96,0.227,-1,-1,-1
166,24,256.47,550.56,27.38,70.23,0.494,-1,-1,-1
166,28,352.77,548.30,27.73,75.29,0.371,-1,-1,-1
166,29,908.82,508.74,17.45,42.87,0.358,-1,-1,-1
167,7,1433.21,548.23,44.69,116.01,0.851,-1,-1,-1
167,23,1253.61,519.36,29.59,70.28,0.289,-1,-1,-1
167,24,251.27,549.44,27.69,71.08,0.355,-1,-1,-1
167,28,347.02,548.15,27.70,75.36,0.303,-1,-1,-1
167,29,905.98,507.95,17.83,43.88,0.510,-1,-1,-1
168,7,1429.66,546.79,43.73,114.47,0.801,-1,-1,-1
168,24,245.57,547.12,28.19,72.68,0.537,-1,-1,-1
168,28,342.03,546.81,28.07,76.07,0.601,-1,-1,-1
168,29,903.33,506.86,17.99,44.34,0.287,-1,-1,-1
169,7,1425.42,545.40,43.85,115.93,0.805,-1,-1,-1
169,24,240.32,547.05,28.28,73.10,0.310,-1,-1,-1
169,28,337.73,546.66,28.45,76.95,0.482,-1,-1,-1
169,29,900.36,507.12,17.99,44.56,0.506,-1,-1,-1
170,7,1421.55,543.08,43.82,117.34,0.832,-1,-1,-1
170,24,235.33,547.62,27.81,71.94,0.571,-1,-1,-1
170,27,1084.24,519.35,18.94,55.68,0.513,-1,-1,-1
170,28,332.46,545.94,28.51,77.22,0.495,-1,-1,-1
170,29,897.37,505.91,18.09,44.96,0.513,-1,-1,-1
171,7,1417.20,542.95,43.63,117.96,0.815,-1,-1,-1
171,24,230.78,547.41,27.74,71.81,0.396,-1,-1,-1
171,27,1077.68,518.60,18.87,54.66,0.205,-1,-1,-1
171,28,327.82,545.87,28.58,77.28,0.264,-1,-1,-1
171,29,894.50,505.68,18.28,45.63,0.627,-1,-1,-1
172,7,1412.91,540.79,44.01,119.80,0.755,-1,-1,-1
172,24,225.92,547.46,27.47,71.07,0.397,-1,-1,-1
172,27,1073.52,516.26,19.42,55.76,0.279,-1,-1,-1
172,28,322.67,545.32,28.62,77.67,0.530,-1,-1,-1
172,29,892.33,505.27,18.26,45.67,0.556,-1,-1,-1
173,7,1408.37,542.16,43.78,119.35,0.789,-1,-1,-1
173,24,220.98,546.34,27.86,72.28,0.481,-1,-1,-1
173,27,1068.93,516.03,19.80,56.28,0.225,-1,-1,-1
173,28,318.72,545.13,28.78,77.95,0.538,-1,-1,-1
173,29,889.64,503.64,19.01,47.84,0.560,-1,-1,-1
174,7,1403.40,543.22,43.75,118.44,0.818,-1,-1,-1
174,24,216.35,546.23,28.05,72.75,0.448,-1,-1,-1
174,27,1065.09,515.39,20.09,56.58,0.270,-1,-1,-1
174,28,314.01,545.79,28.68,77.58,0.379,-1,-1,-1
174,29,887.04,503.16,19.14,48.36,0.586,-1,-1,-1
175,7,1397.46,544.06,44.59,118.97,0.839,-1,-1,-1
175,24,211.81,546.45,27.77,72.06,0.483,-1,-1,-1
175,27,1061.53,515.98,20.56,56.91,0.395,-1,-1,-1
175,28,309.57,545.47,28.77,77.57,0.464,-1,-1,-1
175,29,884.77,503.85,18.74,47.47,0.602,-1,-1,-1
176,7,1393.28,547.16,44.67,116.95,0.846,-1,-1,-1
176,24,206.37,547.35,27.72,72.07,0.304,-1,-1,-1
176,27,1058.33,516.47,20.92,57.35,0.361,-1,-1,-1
176,28,305.20,546.16,28.77,77.42,0.534,-1,-1,-1
176,29,882.37,504.68,18.55,47.17,0.674,-1,-1,-1
177,7,1389.36,547.86,45.49,116.87,0.866,-1,-1,-1
177,24,201.35,545.10,28.02,72.96,0.519,-1,-1,-1
177,27,1055.22,516.22,21.15,57.28,0.381,-1,-1,-1
177,28,300.86,545.03,28.94,77.48,0.471,-1,-1,-1
177,29,880.26,504.38,18.47,47.07,0.569,-1,-1,-1
178,7,1387.14,549.19,45.81,116.29,0.867,-1,-1,-1
178,24,197.00,547.28,27.87,72.47,0.507,-1,-1,-1
178,27,1052.08,517.01,21.33,57.30,0.136,-1,-1,-1
178,28,296.50,546.44,29.02,77.56,0.593,-1,-1,-1
178,29,878.17,505.77,18.17,46.41,0.438,-1,-1,-1
179,7,1384.97,548.76,46.59,117.14,0.863,-1,-1,-1
179,24,192.26,546.84,28.05,72.68,0.614,-1,-1,-1
179,27,1049.25,517.27,21.52,57.02,0.235,-1,-1,-1
179,28,292.08,546.01,29.15,77.76,0.502,-1,-1,-1
179,29,875.76,505.44,18.17,46.55,0.481,-1,-1,-1
180,7,1382.89,546.18,47.96,120.47,0.855,-1,-1,-1
180,24,186.93,547.86,28.42,73.66,0.553,-1,-1,-1
180,28,286.84,547.37,29.19,78.14,0.513,-1,-1,-1
180,29,873.06,505.29,18.45,47.43,0.550,-1,-1,-1
181,7,1380.09,543.39,48.75,123.37,0.834,-1,-1,-1
181,24,181.62,548.76,28.73,74.32,0.501,-1,-1,-1
181,25,1611.50,570.32,39.08,104.56,0.697,-1,-1,-1
181,28,283.12,547.92,29.44,78.75,0.601,-1,-1,-1
181,29,870.81,507.02,17.90,46.09,0.524,-1,-1,-1
182,7,1377.56,541.59,48.63,124.61,0.843,-1,-1,-1
182,24,176.57,549.74,28.73,74.19,0.455,-1,-1,-1
182,25,1607.80,568.58,40.79,107.00,0.555,-1,-1,-1
182,27,1026.10,519.34,22.29,58.57,0.548,-1,-1,-1
182,28,279.12,548.23,29.55,78.90,0.403,-1,-1,-1
182,29,868.91,507.98,17.42,44.88,0.490,-1,-1,-1
183,7,1374.81,542.20,47.96,124.15,0.859,-1,-1,-1
183,23,1173.03,540.07,39.77,96.32,0.686,-1,-1,-1
183,24,172.10,551.80,28.55,73.59,0.454,-1,-1,-1
183,25,1607.32,561.64,44.13,115.19,0.687,-1,-1,-1
183,27,1020.28,520.04,22.87,59.64,0.569,-1,-1,-1
183,28,274.68,548.96,29.83,79.43,0.527,-1,-1,-1
183,29,866.73,508.32,17.51,45.25,0.607,-1,-1,-1
184,7,1371.71,541.77,47.53,124.54,0.851,-1,-1,-1
184,23,1169.12,540.75,40.05,97.80,0.746,-1,-1,-1
184,24,166.81,552.06,29.07,74.93,0.438,-1,-1,-1
184,25,1606.45,557.97,46.21,119.31,0.674,-1,-1,-1
184,27,1015.73,520.32,22.93,59.49,0.404,-1,-1,-1
184,28,270.11,549.66,30.06,79.66,0.485,-1,-1,-1
184,29,864.40,509.18,17.24,44.52,0.608,-1,-1,-1
185,7,1368.95,541.30,47.27,124.91,0.833,-1,-1,-1
185,23,1166.59,541.25,39.70,98.59,0.716,-1,-1,-1
185,24,162.06,554.04,28.99,74.63,0.423,-1,-1,-1
185,25,1606.14,556.41,47.58,121.38,0.635,-1,-1,-1
185,27,1012.16,520.34,23.26,60.41,0.391,-1,-1,-1
185,28,265.68,550.96,30.36,80.04,0.492,-1,-1,-1
185,29,862.14,509.04,17.38,44.91,0.622,-1,-1,-1
185,30,1036.54,521.41,24.51,58.03,0.517,-1,-1,-1
186,7,1366.41,541.78,46.70,124.29,0.803,-1,-1,-1
186,23,1164.77,541.16,39.53,99.75,0.511,-1,-1,-1
186,24,157.59,554.63,29.21,75.00,0.379,-1,-1,-1
186,25,1607.98,557.86,47.26,120.07,0.685,-1,-1,-1
186,27,1009.25,520.45,23.09,59.70,0.438,-1,-1,-1
186,28,261.33,550.87,30.69,80.78,0.410,-1,-1,-1
186,29,859.86,509.31,17.40,45.02,0.657,-1,-1,-1
186,30,1033.71,521.92,24.29,57.49,0.553,-1,-1,-1
187,7,1364.22,542.33,46.30,123.86,0.814,-1,-1,-1
187,23,1163.86,537.23,40.46,104.08,0.529,-1,-1,-1
187,24,152.65,556.28,29.33,75.24,0.455,-1,-1,-1
187,25,1609.60,556.78,47.29,120.34,0.735,-1,-1,-1
187,27,1006.17,521.00,22.68,58.10,0.487,-1,-1,-1
187,28,257.16,552.42,31.01,81.30,0.533,-1,-1,-1
187,29,857.97,509.79,17.37,44.92,0.703,-1,-1,-1
187,30,1031.49,522.43,24.26,57.35,0.524,-1,-1,-1
188,7,1361.22,544.39,45.80,123.18,0.806,-1,-1,-1
188,23,1162.68,537.41,40.52,105.57,0.256,-1,-1,-1
188,24,148.47,557.82,29.37,75.11,0.577,-1,-1,-1
188,25,1607.86,555.43,48.64,122.50,0.723,-1,-1,-1
188,27,1003.36,521.47,22.95,58.49,0.461,-1,-1,-1
188,28,252.57,553.18,31.39,81.96,0.533,-1,-1,-1
188,29,856.06,510.69,17.37,44.88,0.621,-1,-1,-1
188,30,1028.88,523.06,24.22,57.23,0.530,-1,-1,-1
189,7,1358.25,546.36,44.55,120.59,0.806,-1,-1,-1
189,23,1163.88,537.15,39.93,105.73,0.538,-1,-1,-1
189,24,144.75,560.05,29.23,74.63,0.439,-1,-1,-1
189,25,1609.17,553.44,49.18,123.99,0.731,-1,-1,-1
189,27,1001.75,521.97,22.23,56.71,0.352,-1,-1,-1
189,28,248.56,554.26,31.74,82.68,0.573,-1,-1,-1
189,29,854.35,511.18,17.22,44.43,0.583,-1,-1,-1
189,30,1026.44,523.22,23.99,56.66,0.590,-1,-1,-1
190,7,1356.19,547.94,44.24,120.22,0.811,-1,-1,-1
190,24,138.79,559.78,29.72,75.98,0.570,-1,-1,-1
190,25,1609.76,551.10,49.96,126.04,0.726,-1,-1,-1
190,27,998.68,522.37,21.50,54.48,0.125,-1,-1,-1
190,28,244.28,555.67,31.76,82.56,0.507,-1,-1,-1
190,29,852.60,511.53,17.12,44.09,0.602,-1,-1,-1
190,30,1024.49,523.79,23.78,56.09,0.536,-1,-1,-1
191,7,1355.06,549.15,44.15,120.17,0.832,-1,-1,-1
191,23,1161.54,537.03,40.09,107.66,0.522,-1,-1,-1
191,24,133.75,558.83,30.90,79.30,0.637,-1,-1,-1
191,25,1610.58,550.27,50.24,126.80,0.752,-1,-1,-1
191,28,240.78,557.78,31.95,82.66,0.350,-1,-1,-1
191,29,850.56,511.95,17.63,45.39,0.634,-1,-1,-1
191,30,1022.32,524.56,23.57,55.56,0.432,-1,-1,-1
192,7,1353.90,548.90,44.04,120.26,0.841,-1,-1,-1
192,23,1161.88,538.40,39.54,106.09,0.290,-1,-1,-1
192,24,128.69,559.76,30.70,78.89,0.389,-1,-1,-1
192,25,1611.97,549.87,50.28,127.06,0.717,-1,-1,-1
192,28,236.71,558.27,32.11,82.75,0.430,-1,-1,-1
192,29,848.60,511.37,17.91,46.13,0.633,-1,-1,-1
192,30,1020.04,523.60,24.03,56.53,0.482,-1,-1,-1
193,7,1351.89,548.96,44.37,121.84,0.853,-1,-1,-1
193,23,1161.92,540.80,39.09,105.07,0.702,-1,-1,-1
193,24,124.76,561.52,30.72,78.90,0.479,-1,-1,-1
193,25,1612.55,551.34,50.12,126.91,0.742,-1,-1,-1
193,28,233.33,560.14,32.12,82.46,0.413,-1,-1,-1
193,29,846.82,512.94,17.61,45.44,0.656,-1,-1,-1
193,30,1016.98,524.45,24.23,56.89,0.382,-1,-1,-1
194,7,1350.40,547.83,44.89,123.71,0.833,-1,-1,-1
194,23,1161.23,541.55,38.95,105.64,0.192,-1,-1,-1
194,24,120.16,563.32,31.09,79.68,0.603,-1,-1,-1
194,25,1613.58,551.57,50.31,127.38,0.777,-1,-1,-1
194,28,231.71,562.84,31.56,81.63,0.416,-1,-1,-1
194,29,845.12,513.76,17.43,45.10,0.642,-1,-1,-1
194,30,1014.07,525.10,24.22,56.92,0.429,-1,-1,-1
195,7,1347.99,546.22,45.18,125.14,0.854,-1,-1,-1
195,24,116.28,562.93,31.35,80.29,0.535,-1,-1,-1
195,25,1615.17,551.53,50.12,127.78,0.778,-1,-1,-1
195,28,227.87,562.67,31.81,81.89,0.343,-1,-1,-1
195,29,843.05,513.10,17.42,45.37,0.631,-1,-1,-1
195,30,1010.21,525.00,24.29,57.17,0.617,-1,-1,-1
196,7,1346.28,545.45,45.30,125.80,0.841,-1,-1,-1
196,24,111.72,564.26,31.50,80.57,0.434,-1,-1,-1
196,25,1617.46,551.98,49.35,127.08,0.807,-1,-1,-1
196,28,223.83,563.85,31.95,82.47,0.476,-1,-1,-1
196,29,841.41,513.54,17.44,45.61,0.644,-1,-1,-1
196,30,1008.03,525.32,24.33,57.36,0.642,-1,-1,-1
197,7,1345.09,545.03,45.04,125.28,0.838,-1,-1,-1
197,24,108.10,566.28,31.15,79.29,0.614,-1,-1,-1
197,25,1618.67,551.80,49.28,127.97,0.812,-1,-1,-1
197,28,220.02,564.12,32.10,82.60,0.480,-1,-1,-1
197,29,839.86,513.52,17.49,45.91,0.610,-1,-1,-1
197,30,1005.72,525.06,24.38,57.75,0.614,-1,-1,-1
198,7,1344.39,544.73,44.84,125.20,0.835,-1,-1,-1
198,24,103.26,567.20,31.39,79.83,0.632,-1,-1,-1
198,25,1620.22,551.49,48.71,127.32,0.805,-1,-1,-1
198,28,216.89,564.92,32.44,83.72,0.507,-1,-1,-1
198,29,838.32,513.49,17.76,46.81,0.616,-1,-1,-1
198,30,1003.68,525.25,24.15,57.49,0.554,-1,-1,-1
198,31,1059.45,519.23,19.00,65.52,0.624,-1,-1,-1
199,7,1343.04,544.45,44.94,126.11,0.838,-1,-1,-1
199,24,98.04,564.84,32.62,82.94,0.676,-1,-1,-1
199,25,1621.26,551.33,48.85,128.44,0.840,-1,-1,-1
199,28,212.96,565.55,32.54,84.01,0.503,-1,-1,-1
199,29,836.88,513.69,17.90,47.48,0.618,-1,-1,-1
199,30,1001.54,525.76,24.09,57.69,0.563,-1,-1,-1
199,31,1056.89,520.89,18.83,64.85,0.680,-1,-1,-1
200,7,1342.08,543.89,44.97,126.84,0.844,-1,-1,-1
200,24,93.40,567.16,32.21,81.96,0.590,-1,-1,-1
200,25,1622.43,550.51,48.70,128.13,0.830,-1,-1,-1
200,28,210.85,566.87,32.13,83.85,0.569,-1,-1,-1
200,29,835.62,513.57,17.88,47.79,0.603,-1,-1,-1
200,30,999.80,525.70,24.02,57.77,0.587,-1,-1,-1
200,31,1054.18,521.43,18.78,64.40,0.683,-1,-1,-1
201,7,1340.95,543.95,44.96,127.28,0.845,-1,-1,-1
201,24,88.72,565.71,33.04,83.99,0.565,-1,-1,-1
201,25,1624.75,548.24,48.76,129.47,0.817,-1,-1,-1
201,28,202.36,568.01,31.75,83.71,0.594,-1,-1,-1
201,29,834.69,513.81,17.74,47.79,0.603,-1,-1,-1
201,30,997.71,525.90,23.91,57.66,0.426,-1,-1,-1
201,31,1051.59,521.64,18.89,64.19,0.677,-1,-1,-1
202,7,1340.21,546.35,44.79,126.35,0.829,-1,-1,-1
202,24,85.53,569.47,32.17,81.56,0.213,-1,-1,-1
202,25,1626.27,547.93,48.99,130.64,0.795,-1,-1,-1
202,28,196.44,569.34,31.88,84.18,0.514,-1,-1,-1
202,29,833.65,514.90,17.66,48.10,0.616,-1,-1,-1
202,30,995.48,526.74,24.03,58.14,0.417,-1,-1,-1
202,31,1049.35,523.53,18.89,63.75,0.392,-1,-1,-1
203,7,1338.88,547.56,44.91,126.01,0.833,-1,-1,-1
203,24,81.92,570.21,32.37,82.04,0.148,-1,-1,-1
203,25,1627.31,547.17,49.26,131.46,0.787,-1,-1,-1
203,28,192.28,570.33,32.29,84.89,0.369,-1,-1,-1
203,29,832.46,515.00,17.63,48.43,0.484,-1,-1,-1
203,30,993.08,526.88,24.00,58.02,0.410,-1,-1,-1
203,31,1047.25,524.18,18.93,63.39,0.418,-1,-1,-1
204,7,1337.79,548.44,44.83,125.55,0.845,-1,-1,-1
204,24,79.61,573.70,31.64,80.05,0.157,-1,-1,-1
204,25,1630.15,546.43,49.14,131.75,0.784,-1,-1,-1
204,28,185.56,571.49,32.15,85.45,0.601,-1,-1,-1
204,29,831.33,515.03,17.71,48.91,0.275,-1,-1,-1
204,30,991.57,526.52,24.15,58.54,0.588,-1,-1,-1
204,31,1043.86,523.56,19.19,64.31,0.186,-1,-1,-1
205,7,1337.13,548.86,44.65,125.28,0.850,-1,-1,-1
205,24,72.89,574.81,32.12,80.58,0.510,-1,-1,-1
205,25,1633.02,546.95,48.59,131.16,0.808,-1,-1,-1
205,28,180.13,572.12,32.11,86.16,0.604,-1,-1,-1
205,29,830.48,514.43,17.29,47.92,0.102,-1,-1,-1
205,30,990.29,526.32,24.18,58.59,0.636,-1,-1,-1
205,31,1039.57,520.70,19.54,65.59,0.150,-1,-1,-1
206,7,1336.05,548.97,44.70,125.61,0.838,-1,-1,-1
206,24,67.56,575.41,32.24,80.54,0.310,-1,-1,-1
206,25,1636.29,548.55,47.99,130.60,0.806,-1,-1,-1
206,28,175.50,572.31,31.81,86.27,0.588,-1,-1,-1
206,29,829.53,514.66,16.65,46.26,0.164,-1,-1,-1
206,30,988.41,527.11,24.10,58.22,0.445,-1,-1,-1
206,31,1036.99,522.31,19.17,64.36,0.159,-1,-1,-1
207,7,1334.56,550.08,44.74,126.34,0.847,-1,-1,-1
207,24,64.56,577.94,31.98,79.81,0.187,-1,-1,-1
207,25,1640.19,550.83,47.16,129.26,0.781,-1,-1,-1
207,27,887.61,526.10,23.53,61.26,0.585,-1,-1,-1
207,28,171.62,573.89,31.69,86.74,0.642,-1,-1,-1
207,29,828.29,515.67,16.57,46.26,0.250,-1,-1,-1
207,30,986.57,529.34,23.87,57.73,0.389,-1,-1,-1
207,31,1035.53,524.26,19.26,64.37,0.502,-1,-1,-1
208,7,1333.14,549.29,45.10,127.71,0.829,-1,-1,-1
208,24,59.83,576.82,32.91,82.18,0.230,-1,-1,-1
208,25,1643.63,551.91,47.21,130.62,0.798,-1,-1,-1
208,27,882.00,522.92,24.74,66.01,0.416,-1,-1,-1
208,28,168.46,574.91,31.74,87.15,0.607,-1,-1,-1
208,29,827.45,516.50,16.04,45.06,0.337,-1,-1,-1
208,30,984.83,530.37,23.78,57.36,0.538,-1,-1,-1
208,31,1034.48,524.39,19.84,65.51,0.697,-1,-1,-1
209,7,1331.94,548.12,45.46,129.17,0.834,-1,-1,-1
209,24,55.61,580.02,31.78,79.33,0.235,-1,-1,-1
209,25,1647.22,553.19,47.28,131.22,0.837,-1,-1,-1
209,27,877.92,518.58,25.76,70.94,0.538,-1,-1,-1
209,28,165.27,575.20,31.81,87.36,0.512,-1,-1,-1
209,29,825.87,515.89,16.93,47.71,0.181,-1,-1,-1
209,30,983.80,530.81,23.92,57.82,0.449,-1,-1,-1
209,31,1032.62,523.57,20.28,66.67,0.679,-1,-1,-1
210,7,1330.74,545.82,46.25,131.91,0.834,-1,-1,-1
210,24,49.23,579.25,32.59,81.85,0.129,-1,-1,-1
210,25,1650.56,553.79,47.47,131.89,0.825,-1,-1,-1
210,27,874.45,517.08,26.23,73.68,0.529,-1,-1,-1
210,28,161.05,576.80,31.57,87.62,0.589,-1,-1,-1
210,29,824.73,516.43,16.70,47.30,0.408,-1,-1,-1
210,30,982.10,531.37,24.24,58.57,0.470,-1,-1,-1
210,31,1030.04,523.13,20.86,68.50,0.703,-1,-1,-1
211,7,1329.83,545.53,47.04,134.73,0.863,-1,-1,-1
211,24,46.92,578.05,33.91,85.08,0.190,-1,-1,-1
211,25,1654.33,556.31,47.53,131.54,0.798,-1,-1,-1
211,27,872.14,517.55,26.23,75.23,0.543,-1,-1,-1
211,28,156.83,578.91,31.20,87.49,0.459,-1,-1,-1
211,29,824.20,518.41,16.12,45.88,0.264,-1,-1,-1
211,30,981.02,532.82,24.71,59.78,0.395,-1,-1,-1
211,31,1027.42,524.72,21.11,69.36,0.637,-1,-1,-1
212,7,1329.69,544.59,47.42,136.26,0.870,-1,-1,-1
212,24,45.64,579.45,32.97,83.50,0.134,-1,-1,-1
212,25,1658.89,556.97,47.59,131.13,0.796,-1,-1,-1
212,27,871.11,516.44,26.10,76.40,0.627,-1,-1,-1
212,28,153.24,579.17,30.86,87.53,0.482,-1,-1,-1
212,29,823.93,518.75,15.80,45.24,0.382,-1,-1,-1
212,30,979.79,532.19,25.31,61.27,0.508,-1,-1,-1
212,31,1025.31,525.55,21.04,69.08,0.609,-1,-1,-1
213,7,1329.63,546.13,47.51,136.81,0.864,-1,-1,-1
213,24,43.77,582.87,32.11,81.63,0.273,-1,-1,-1
213,25,1661.89,557.68,48.26,131.84,0.814,-1,-1,-1
213,27,870.53,518.84,25.40,75.40,0.573,-1,-1,-1
213,28,150.80,581.39,30.21,86.73,0.633,-1,-1,-1
213,29,823.67,520.10,15.57,44.77,0.305,-1,-1,-1
213,30,979.16,533.16,25.53,61.98,0.402,-1,-1,-1
213,31,1022.99,527.26,21.00,68.83,0.559,-1,-1,-1
214,7,1330.49,546.67,47.60,137.00,0.839,-1,-1,-1
214,24,37.58,584.03,32.70,83.20,0.117,-1,-1,-1
214,25,1666.42,554.93,49.37,133.63,0.804,-1,-1,-1
214,27,870.08,519.30,25.27,76.12,0.517,-1,-1,-1
214,28,147.51,582.64,30.40,87.96,0.640,-1,-1,-1
214,29,823.35,520.48,15.52,44.86,0.311,-1,-1,-1
214,30,978.95,534.20,25.32,61.57,0.240,-1,-1,-1
214,31,1021.31,527.71,21.14,69.24,0.713,-1,-1,-1
215,7,1331.62,549.66,47.21,135.59,0.822,-1,-1,-1
215,24,30.92,580.73,32.21,82.90,0.347,-1,-1,-1
215,25,1669.93,552.67,51.38,137.96,0.826,-1,-1,-1
215,27,870.54,518.90,24.69,75.52,0.540,-1,-1,-1
215,28,145.15,578.71,30.53,88.98,0.595,-1,-1,-1
215,29,823.69,519.69,15.20,44.09,0.278,-1,-1,-1
215,30,979.20,534.45,25.08,61.13,0.209,-1,-1,-1
215,31,1020.46,528.23,20.99,68.41,0.692,-1,-1,-1
216,7,1333.04,552.45,46.80,134.18,0.828,-1,-1,-1
216,24,25.53,585.02,31.48,81.40,0.301,-1,-1,-1
216,25,1676.93,552.46,51.48,137.94,0.732,-1,-1,-1
216,28,142.48,581.45,30.56,89.33,0.377,-1,-1,-1
216,29,823.09,521.16,15.69,45.82,0.364,-1,-1,-1
216,30,978.96,535.09,25.08,61.27,0.260,-1,-1,-1
216,31,1019.30,529.21,21.31,68.72,0.710,-1,-1,-1
217,7,1334.76,554.79,46.26,132.30,0.860,-1,-1,-1
217,24,30.30,580.63,32.42,84.46,0.547,-1,-1,-1
217,25,1679.60,553.95,51.76,135.91,0.735,-1,-1,-1
217,28,140.20,580.73,30.58,89.65,0.185,-1,-1,-1
217,29,823.03,519.74,16.00,46.94,0.235,-1,-1,-1
217,30,978.54,533.48,25.24,62.08,0.323,-1,-1,-1
217,31,1018.34,528.55,21.76,69.43,0.707,-1,-1,-1
218,7,1336.39,556.02,46.13,131.81,0.881,-1,-1,-1
218,24,27.89,581.34,32.31,83.98,0.157,-1,-1,-1
218,25,1688.98,554.46,51.79,136.27,0.813,-1,-1,-1
218,28,137.91,580.79,30.54,89.89,0.338,-1,-1,-1
218,29,822.78,518.95,16.15,47.57,0.261,-1,-1,-1
218,30,977.96,532.14,25.16,62.43,0.465,-1,-1,-1
218,31,1017.17,529.01,21.71,68.50,0.661,-1,-1,-1
219,7,1338.29,557.19,45.91,131.04,0.875,-1,-1,-1
219,24,27.60,578.56,32.98,86.64,0.505,-1,-1,-1
219,25,1696.76,557.48,51.10,134.37,0.829,-1,-1,-1
219,27,869.31,517.46,24.60,76.72,0.535,-1,-1,-1
219,28,135.85,579.90,30.55,90.73,0.406,-1,-1,-1
219,29,822.78,518.38,16.48,48.68,0.331,-1,-1,-1
219,30,978.36,532.11,24.89,62.29,0.408,-1,-1,-1
219,31,1016.90,529.22,21.90,68.48,0.580,-1,-1,-1
220,7,1340.11,555.77,46.07,131.33,0.855,-1,-1,-1
220,24,24.89,580.44,33.48,88.86,0.423,-1,-1,-1
220,25,1702.85,556.37,51.17,134.23,0.802,-1,-1,-1
220,27,870.67,516.71,24.45,77.97,0.597,-1,-1,-1
220,28,134.38,582.93,30.54,91.01,0.386,-1,-1,-1
220,29,822.55,519.24,16.40,48.51,0.229,-1,-1,-1
220,30,978.65,531.82,24.71,62.36,0.439,-1,-1,-1
220,31,1016.49,529.88,21.72,67.49,0.259,-1,-1,-1
221,7,1342.06,553.10,47.37,135.23,0.834,-1,-1,-1
221,24,22.10,576.85,33.85,91.13,0.500,-1,-1,-1
221,25,1709.20,559.19,50.99,133.51,0.799,-1,-1,-1
221,27,871.48,516.01,24.20,78.79,0.620,-1,-1,-1
221,28,132.01,581.48,30.50,90.97,0.435,-1,-1,-1
221,29,822.56,518.84,16.49,48.79,0.368,-1,-1,-1
221,30,979.08,531.50,24.68,63.00,0.580,-1,-1,-1
221,31,1015.93,530.06,21.67,67.16,0.468,-1,-1,-1
222,7,1344.35,551.03,47.44,135.51,0.842,-1,-1,-1
222,24,20.19,577.11,33.54,91.56,0.440,-1,-1,-1
222,25,1715.58,556.77,50.91,133.23,0.817,-1,-1,-1
222,27,872.03,514.22,23.88,79.33,0.609,-1,-1,-1
222,28,138.54,580.99,30.73,91.34,0.567,-1,-1,-1
222,29,822.42,518.16,16.47,48.63,0.410,-1,-1,-1
222,30,978.77,529.25,25.05,64.44,0.614,-1,-1,-1
222,31,1014.75,527.80,21.96,67.84,0.618,-1,-1,-1
222,32,1068.54,539.75,27.55,82.79,0.639,-1,-1,-1
223,7,1346.62,552.74,47.35,135.16,0.843,-1,-1,-1
223,24,17.73,577.31,33.35,92.08,0.310,-1,-1,-1
223,25,1721.99,557.75,51.10,133.62,0.765,-1,-1,-1
223,27,872.61,514.94,23.60,79.69,0.572,-1,-1,-1
223,28,138.48,580.94,31.05,91.84,0.335,-1,-1,-1
223,29,822.43,518.20,16.99,50.19,0.480,-1,-1,-1
223,30,979.00,530.09,25.08,64.51,0.630,-1,-1,-1
223,31,1014.01,528.23,22.31,68.81,0.621,-1,-1,-1
223,32,1068.05,541.37,27.41,82.31,0.701,-1,-1,-1
224,7,1348.53,549.59,48.00,137.16,0.847,-1,-1,-1
224,24,14.38,578.36,33.60,93.94,0.326,-1,-1,-1
224,25,1727.97,554.32,51.57,134.96,0.778,-1,-1,-1
224,27,872.78,514.55,23.37,79.91,0.451,-1,-1,-1
224,28,138.71,582.49,31.49,92.83,0.367,-1,-1,-1
224,29,822.26,517.72,17.35,51.26,0.510,-1,-1,-1
224,30,979.34,529.87,25.13,64.79,0.659,-1,-1,-1
224,31,1013.12,527.50,22.66,69.65,0.695,-1,-1,-1
224,32,1066.46,541.78,27.27,81.66,0.703,-1,-1,-1
224,33,1195.59,560.03,48.21,114.07,0.577,-1,-1,-1
225,7,1350.48,550.55,47.87,136.82,0.851,-1,-1,-1
225,24,12.25,579.50,32.73,92.44,0.357,-1,-1,-1
225,25,1733.98,551.11,52.43,138.13,0.821,-1,-1,-1
225,27,873.15,514.96,22.94,79.20,0.343,-1,-1,-1
225,28,139.01,582.61,31.54,92.54,0.386,-1,-1,-1
225,29,822.74,517.93,17.37,51.38,0.451,-1,-1,-1
225,30,979.87,530.82,24.87,64.24,0.597,-1,-1,-1
225,31,1012.61,527.69,22.85,70.04,0.626,-1,-1,-1
225,32,1065.07,544.96,26.58,79.01,0.709,-1,-1,-1
226,7,1352.37,549.73,48.01,137.14,0.861,-1,-1,-1
226,24,9.58,584.90,32.56,92.36,0.287,-1,-1,-1
226,25,1740.45,546.66,52.71,140.03,0.809,-1,-1,-1
226,28,137.66,586.15,31.68,92.84,0.410,-1,-1,-1
226,29,823.39,520.34,17.04,50.33,0.463,-1,-1,-1
226,30,979.89,531.50,24.92,64.51,0.524,-1,-1,-1
226,31,1012.48,527.69,23.26,70.88,0.654,-1,-1,-1
226,32,1063.13,547.10,26.67,78.48,0.726,-1,-1,-1
227,7,1353.95,550.71,48.15,137.80,0.874,-1,-1,-1
227,24,6.46,586.14,32.01,91.46,0.185,-1,-1,-1
227,25,1747.59,547.55,52.84,141.20,0.798,-1,-1,-1
227,28,134.07,586.23,31.72,93.40,0.344,-1,-1,-1
227,29,824.10,521.04,16.87,49.98,0.486,-1,-1,-1
227,30,980.52,533.17,24.74,64.22,0.520,-1,-1,-1
227,31,1012.54,527.82,23.69,71.78,0.603,-1,-1,-1
227,32,1061.60,547.53,27.43,79.96,0.659,-1,-1,-1
227,33,1131.70,538.04,39.71,94.23,0.575,-1,-1,-1
228,7,1356.13,550.39,48.27,138.45,0.847,-1,-1,-1
228,24,0.77,586.42,32.68,94.23,0.590,-1,-1,-1
228,25,1755.13,545.32,53.03,142.60,0.807,-1,-1,-1
228,28,130.44,588.27,31.85,93.94,0.274,-1,-1,-1
228,29,824.89,521.95,16.55,49.12,0.477,-1,-1,-1
228,30,980.88,533.39,24.63,63.96,0.454,-1,-1,-1
228,31,1012.25,527.84,24.09,71.82,0.614,-1,-1,-1
228,32,1062.40,547.68,27.74,80.13,0.646,-1,-1,-1
228,33,1120.59,532.78,38.04,90.54,0.414,-1,-1,-1
229,7,1358.48,551.83,48.06,138.05,0.887,-1,-1,-1
229,24,-2.34,586.54,32.29,94.53,0.611,-1,-1,-1
229,25,1762.84,545.84,53.14,143.51,0.790,-1,-1,-1
229,28,127.93,588.34,31.92,94.31,0.190,-1,-1,-1
229,29,825.94,523.04,16.21,48.14,0.394,-1,-1,-1
229,30,980.78,533.16,24.67,64.28,0.412,-1,-1,-1
229,31,1012.00,529.20,24.21,70.91,0.527,-1,-1,-1
229,32,1063.52,548.23,27.89,80.02,0.583,-1,-1,-1
230,7,1361.57,551.76,48.04,137.86,0.879,-1,-1,-1
230,24,-4.08,588.07,32.00,95.17,0.571,-1,-1,-1
230,25,1771.57,545.24,52.73,142.96,0.813,-1,-1,-1
230,28,125.99,590.26,31.88,94.89,0.327,-1,-1,-1
230,29,827.48,523.84,16.08,47.86,0.273,-1,-1,-1
230,30,981.85,534.44,23.94,62.68,0.375,-1,-1,-1
230,31,1011.70,530.70,24.22,69.41,0.525,-1,-1,-1
230,32,1064.19,548.00,28.21,80.40,0.591,-1,-1,-1
231,7,1363.08,554.80,47.80,137.13,0.883,-1,-1,-1
231,24,-5.35,586.79,31.57,95.22,0.493,-1,-1,-1
231,25,1780.06,549.49,52.13,141.58,0.787,-1,-1,-1
231,28,122.68,589.44,32.26,94.85,0.403,-1,-1,-1
231,29,828.30,523.79,16.51,49.32,0.311,-1,-1,-1
231,30,981.04,532.37,24.59,64.75,0.426,-1,-1,-1
231,31,1011.03,531.36,24.75,69.41,0.604,-1,-1,-1
231,32,1063.75,547.76,28.66,81.17,0.671,-1,-1,-1
232,7,1365.97,554.81,47.72,136.72,0.859,-1,-1,-1
232,24,-7.08,586.97,31.60,96.96,0.440,-1,-1,-1
232,25,1789.16,548.60,52.42,142.76,0.791,-1,-1,-1
232,28,119.22,591.09,32.79,95.41,0.469,-1,-1,-1
232,29,829.41,522.42,16.99,50.96,0.419,-1,-1,-1
232,30,981.16,530.16,24.98,66.14,0.427,-1,-1,-1
232,31,1011.82,531.71,25.14,68.84,0.647,-1,-1,-1
232,32,1062.84,546.58,28.94,81.87,0.614,-1,-1,-1
233,7,1368.48,554.69,47.75,136.81,0.841,-1,-1,-1
233,24,-6.14,589.60,29.87,93.15,0.586,-1,-1,-1
233,25,1797.47,547.87,52.64,143.41,0.798,-1,-1,-1
233,28,116.81,589.89,33.01,95.97,0.258,-1,-1,-1
233,29,830.89,521.66,16.50,49.49,0.368,-1,-1,-1
233,30,981.26,528.41,25.03,66.61,0.423,-1,-1,-1
233,31,1011.17,531.06,25.41,68.67,0.606,-1,-1,-1
233,32,1062.30,545.61,29.04,81.69,0.614,-1,-1,-1
234,7,1371.83,554.26,48.21,137.72,0.845,-1,-1,-1
234,24,-6.26,592.40,28.69,91.02,0.487,-1,-1,-1
234,25,1807.87,547.24,52.52,143.13,0.841,-1,-1,-1
234,28,114.17,590.96,32.86,95.93,0.296,-1,-1,-1
234,29,832.33,521.75,16.22,48.54,0.503,-1,-1,-1
234,30,982.08,528.36,24.68,66.27,0.455,-1,-1,-1
234,31,1010.66,530.43,25.86,69.12,0.674,-1,-1,-1
234,32,1063.04,545.35,29.37,81.83,0.596,-1,-1,-1
235,7,1374.60,553.24,48.64,138.65,0.845,-1,-1,-1
235,24,-5.41,594.33,26.98,87.14,0.565,-1,-1,-1
235,25,1817.50,545.88,52.96,144.15,0.825,-1,-1,-1
235,28,112.73,588.42,33.01,96.33,0.301,-1,-1,-1
235,29,833.77,520.59,16.05,47.92,0.568,-1,-1,-1
235,30,981.99,526.11,25.13,67.66,0.519,-1,-1,-1
235,31,1011.30,531.00,25.47,67.41,0.634,-1,-1,-1
235,32,1064.68,544.43,30.06,82.43,0.697,-1,-1,-1
236,7,1377.98,551.72,49.02,139.27,0.876,-1,-1,-1
236,24,-5.30,597.45,25.95,85.17,0.478,-1,-1,-1
236,25,1826.64,542.96,53.94,146.18,0.787,-1,-1,-1
236,28,110.32,589.07,33.41,96.90,0.367,-1,-1,-1
236,29,835.13,521.04,15.65,46.51,0.563,-1,-1,-1
236,30,982.61,525.56,25.08,67.49,0.604,-1,-1,-1
236,31,1011.98,531.42,25.36,66.80,0.702,-1,-1,-1
236,32,1066.87,544.24,30.55,82.60,0.681,-1,-1,-1
237,7,1380.44,550.16,49.20,139.78,0.858,-1,-1,-1
237,24,-4.48,597.62,24.93,83.50,0.600,-1,-1,-1
237,25,1838.26,542.36,54.13,146.13,0.823,-1,-1,-1
237,28,108.77,587.54,33.48,97.11,0.176,-1,-1,-1
237,29,836.80,519.78,15.40,45.61,0.462,-1,-1,-1
237,30,984.28,523.44,24.25,65.06,0.505,-1,-1,-1
237,31,1012.86,528.59,26.03,68.47,0.667,-1,-1,-1
237,32,1068.16,543.13,31.03,83.23,0.616,-1,-1,-1
238,7,1384.53,549.75,49.72,141.20,0.858,-1,-1,-1
238,24,-4.94,598.94,24.22,82.83,0.567,-1,-1,-1
238,25,1850.54,541.53,54.63,147.63,0.823,-1,-1,-1
238,28,107.69,587.75,33.64,97.67,0.189,-1,-1,-1
238,29,839.21,520.09,15.33,45.26,0.464,-1,-1,-1
238,30,987.35,523.40,22.77,60.81,0.609,-1,-1,-1
238,31,1013.55,527.32,26.86,71.21,0.661,-1,-1,-1
238,32,1068.92,543.96,31.34,83.52,0.617,-1,-1,-1
239,7,1387.74,547.73,50.12,142.55,0.828,-1,-1,-1
239,24,-3.65,597.43,24.17,82.77,0.136,-1,-1,-1
239,25,1861.53,540.05,54.82,148.45,0.805,-1,-1,-1
239,28,108.47,585.56,33.83,98.03,0.108,-1,-1,-1
239,29,841.09,518.27,15.71,46.35,0.501,-1,-1,-1
239,30,990.03,520.66,21.92,58.64,0.611,-1,-1,-1
239,31,1014.98,524.74,25.75,68.40,0.451,-1,-1,-1
239,32,1070.11,543.97,29.14,77.15,0.213,-1,-1,-1
240,7,1390.98,546.01,50.14,143.08,0.813,-1,-1,-1
240,25,1870.27,537.72,54.66,149.65,0.797,-1,-1,-1
240,28,107.77,585.22,34.08,98.84,0.203,-1,-1,-1
240,29,842.69,517.98,15.96,46.92,0.569,-1,-1,-1
240,30,992.43,519.28,21.45,57.57,0.587,-1,-1,-1
240,31,1016.87,523.40,24.25,64.37,0.463,-1,-1,-1
240,32,1070.75,542.82,27.13,71.12,0.295,-1,-1,-1
241,7,1394.53,545.98,50.60,145.01,0.841,-1,-1,-1
241,25,1878.64,539.28,53.40,148.88,0.666,-1,-1,-1
241,28,110.34,585.42,33.86,98.80,0.378,-1,-1,-1
241,29,845.09,518.06,16.16,47.39,0.647,-1,-1,-1
241,30,994.84,518.93,21.16,57.01,0.263,-1,-1,-1
241,31,1019.22,523.54,22.69,60.12,0.202,-1,-1,-1
241,32,1072.07,542.50,25.25,64.36,0.528,-1,-1,-1
242,7,1399.53,546.08,50.76,146.29,0.858,-1,-1,-1
242,28,109.40,584.85,34.05,99.50,0.123,-1,-1,-1
242,29,847.61,517.81,16.16,47.11,0.613,-1,-1,-1
242,30,998.45,519.45,20.77,56.41,0.353,-1,-1,-1
242,31,1022.10,523.94,20.86,54.94,0.367,-1,-1,-1
242,32,1073.64,542.05,24.03,59.17,0.535,-1,-1,-1
243,7,1404.08,546.32,50.72,147.09,0.850,-1,-1,-1
243,28,109.78,583.47,34.61,100.44,0.127,-1,-1,-1
243,29,850.61,517.50,15.70,45.64,0.376,-1,-1,-1
243,30,1002.13,519.38,20.41,55.94,0.238,-1,-1,-1
243,32,1076.50,541.80,23.04,55.53,0.345,-1,-1,-1
244,7,1409.72,547.44,50.27,146.56,0.844,-1,-1,-1
244,28,112.09,583.18,34.69,100.90,0.401,-1,-1,-1
244,29,853.68,517.91,15.57,45.05,0.417,-1,-1,-1
245,7,1415.12,549.96,49.95,146.58,0.852,-1,-1,-1
245,28,113.63,582.09,34.83,102.42,0.447,-1,-1,-1
245,29,856.53,518.10,16.09,46.44,0.562,-1,-1,-1
245,33,1169.55,520.90,33.47,80.94,0.508,-1,-1,-1
246,7,1420.87,550.88,49.98,147.37,0.847,-1,-1,-1
246,28,113.87,582.51,35.08,103.34,0.449,-1,-1,-1
246,29,859.28,518.76,16.02,46.04,0.566,-1,-1,-1
246,33,1174.65,521.65,33.77,82.54,0.184,-1,-1,-1
246,34,1297.21,572.84,62.40,141.89,0.820,-1,-1,-1
247,7,1427.46,551.06,49.85,147.56,0.850,-1,-1,-1
247,28,114.60,580.85,35.77,106.28,0.409,-1,-1,-1
247,29,862.32,518.31,16.16,46.25,0.598,-1,-1,-1
247,33,1180.41,521.09,32.54,80.21,0.139,-1,-1,-1
247,34,1305.33,572.62,63.10,143.49,0.826,-1,-1,-1
248,7,1433.87,550.85,50.15,149.16,0.854,-1,-1,-1
248,28,116.75,582.72,35.36,105.62,0.375,-1,-1,-1
248,29,865.41,518.63,16.36,46.62,0.519,-1,-1,-1
248,33,1185.91,520.01,31.92,79.38,0.362,-1,-1,-1
248,34,1312.81,570.37,64.57,146.95,0.854,-1,-1,-1
249,7,1440.47,550.43,50.25,150.30,0.858,-1,-1,-1
249,28,119.60,585.65,35.16,104.59,0.510,-1,-1,-1
249,29,868.99,517.47,16.64,47.25,0.635,-1,-1,-1
249,33,1191.83,518.92,31.13,77.98,0.218,-1,-1,-1
249,34,1321.50,568.50,66.31,151.09,0.830,-1,-1,-1
250,7,1446.67,548.77,50.48,151.89,0.866,-1,-1,-1
250,28,121.14,588.49,35.21,104.27,0.437,-1,-1,-1
250,29,871.93,518.22,16.45,46.51,0.611,-1,-1,-1
250,33,1197.73,519.76,29.61,74.46,0.285,-1,-1,-1
250,34,1330.48,569.19,66.39,151.22,0.772,-1,-1,-1
251,7,1453.45,549.01,50.37,152.54,0.836,-1,-1,-1
251,28,123.24,589.28,34.91,103.77,0.296,-1,-1,-1
251,29,875.81,518.74,16.86,47.52,0.611,-1,-1,-1
251,33,1204.34,521.80,28.22,71.23,0.159,-1,-1,-1
251,34,1339.36,570.96,66.44,151.31,0.652,-1,-1,-1
252,7,1460.24,546.95,50.54,153.98,0.843,-1,-1,-1
252,24,-1.82,615.96,22.06,77.09,0.546,-1,-1,-1
252,28,124.64,590.39,34.88,103.95,0.336,-1,-1,-1
252,29,880.22,519.49,16.60,46.55,0.606,-1,-1,-1
252,33,1211.55,522.26,25.16,63.52,0.203,-1,-1,-1
252,34,1348.49,572.99,63.36,144.23,0.434,-1,-1,-1
253,7,1467.35,544.57,50.36,154.83,0.849,-1,-1,-1
253,24,-1.03,615.51,22.94,81.11,0.563,-1,-1,-1
253,28,127.60,593.29,35.01,104.11,0.340,-1,-1,-1
253,29,884.39,519.77,16.75,46.58,0.703,-1,-1,-1
253,33,1219.28,522.85,22.15,55.71,0.191,-1,-1,-1
253,34,1359.94,577.77,57.63,130.80,0.313,-1,-1,-1
254,7,1474.59,542.82,50.24,155.67,0.835,-1,-1,-1
254,24,-0.29,617.14,22.52,80.20,0.423,-1,-1,-1
254,28,130.26,593.56,35.00,104.26,0.391,-1,-1,-1
254,29,888.77,519.42,16.80,46.33,0.617,-1,-1,-1
254,33,1227.15,522.87,19.16,47.45,0.302,-1,-1,-1
254,34,1369.94,580.77,54.04,122.33,0.122,-1,-1,-1
255,7,1481.78,541.93,49.73,154.99,0.837,-1,-1,-1
255,24,0.56,617.08,23.44,83.83,0.603,-1,-1,-1
255,28,132.41,596.97,34.90,104.24,0.422,-1,-1,-1
255,29,893.88,520.52,16.76,45.81,0.660,-1,-1,-1
255,33,1234.53,523.50,17.51,42.74,0.253,-1,-1,-1
255,34,1381.37,586.65,50.45,113.81,0.196,-1,-1,-1
255,35,943.98,529.56,23.75,66.02,0.622,-1,-1,-1
256,7,1488.32,542.06,49.25,154.80,0.824,-1,-1,-1
256,24,0.83,615.38,24.33,87.60,0.632,-1,-1,-1
256,28,134.10,599.28,35.28,104.69,0.518,-1,-1,-1
256,29,898.63,520.79,17.06,46.36,0.580,-1,-1,-1
256,33,1241.32,524.48,16.77,40.48,0.137,-1,-1,-1
256,34,1393.86,592.00,48.53,109.29,0.264,-1,-1,-1
256,35,949.67,531.26,23.46,65.17,0.568,-1,-1,-1
257,7,1496.46,541.31,48.64,153.37,0.818,-1,-1,-1
257,24,0.81,612.15,25.19,91.10,0.709,-1,-1,-1
257,28,136.66,598.72,35.62,105.65,0.484,-1,-1,-1
257,29,903.74,519.54,17.28,46.63,0.676,-1,-1,-1
257,33,1248.92,523.15,16.47,39.36,0.147,-1,-1,-1
257,34,1404.85,586.11,51.07,115.05,0.393,-1,-1,-1
257,35,955.02,528.87,23.83,66.25,0.606,-1,-1,-1
258,7,1503.33,545.71,48.00,149.32,0.837,-1,-1,-1
258,24,1.24,610.79,26.11,94.17,0.732,-1,-1,-1
258,28,139.17,600.25,35.40,105.52,0.391,-1,-1,-1
258,29,908.44,519.35,17.39,46.52,0.663,-1,-1,-1
258,32,1117.98,545.21,37.67,90.42,0.637,-1,-1,-1
258,34,1415.58,579.90,54.28,122.68,0.447,-1,-1,-1
258,35,960.88,528.06,23.07,64.18,0.429,-1,-1,-1
259,7,1509.26,551.02,48.19,145.64,0.860,-1,-1,-1
259,24,1.73,609.37,26.92,96.32,0.707,-1,-1,-1
259,28,143.05,600.12,35.10,105.36,0.379,-1,-1,-1
259,29,913.12,519.39,18.12,48.30,0.658,-1,-1,-1
259,32,1122.95,545.67,38.67,92.11,0.641,-1,-1,-1
259,35,965.58,527.93,23.41,65.12,0.601,-1,-1,-1
260,7,1514.45,554.18,49.65,144.88,0.838,-1,-1,-1
260,24,2.52,608.84,27.76,97.84,0.727,-1,-1,-1
260,28,146.30,600.34,35.16,105.97,0.455,-1,-1,-1
260,29,917.45,519.57,18.55,49.29,0.652,-1,-1,-1
260,31,1157.97,539.19,36.23,94.47,0.546,-1,-1,-1
260,32,1128.12,545.56,39.95,94.28,0.743,-1,-1,-1
260,35,969.84,529.04,23.73,66.01,0.454,-1,-1,-1
261,7,1521.36,555.24,51.14,143.39,0.844,-1,-1,-1
261,24,3.23,608.51,28.58,99.77,0.444,-1,-1,-1
261,28,149.11,600.75,35.01,105.96,0.400,-1,-1,-1
261,29,922.37,518.42,19.06,50.70,0.650,-1,-1,-1
261,31,1165.71,538.15,37.72,97.03,0.619,-1,-1,-1
261,32,1134.21,544.43,40.52,95.26,0.671,-1,-1,-1
261,35,975.32,529.48,23.45,65.06,0.628,-1,-1,-1
262,7,1530.98,560.89,52.44,140.63,0.879,-1,-1,-1
262,24,4.01,609.10,29.13,100.21,0.462,-1,-1,-1
262,28,143.31,601.75,34.83,107.01,0.514,-1,-1,-1
262,29,927.34,518.64,19.53,52.05,0.597,-1,-1,-1
262,31,1183.30,534.60,39.49,102.23,0.652,-1,-1,-1
262,32,1139.55,544.67,40.98,96.62,0.731,-1,-1,-1
262,35,980.43,530.61,23.39,64.80,0.591,-1,-1,-1
263,7,1539.87,565.79,53.19,137.81,0.778,-1,-1,-1
263,24,6.05,609.73,29.42,100.17,0.414,-1,-1,-1
263,28,141.64,602.87,34.42,107.23,0.572,-1,-1,-1
263,29,932.07,518.33,19.91,53.10,0.618,-1,-1,-1
263,31,1196.00,533.19,40.69,105.58,0.747,-1,-1,-1
263,32,1145.41,547.24,40.36,95.69,0.540,-1,-1,-1
263,35,985.18,531.41,23.40,64.83,0.609,-1,-1,-1
264,7,1549.84,567.08,55.62,138.88,0.865,-1,-1,-1
264,24,1.21,611.63,28.75,99.21,0.577,-1,-1,-1
264,28,140.80,603.55,34.05,107.46,0.609,-1,-1,-1
264,29,937.54,518.73,19.48,51.57,0.626,-1,-1,-1
264,31,1205.34,533.78,41.03,107.60,0.443,-1,-1,-1
264,32,1159.94,544.17,41.26,97.83,0.652,-1,-1,-1
264,35,990.49,530.13,24.11,66.82,0.651,-1,-1,-1
265,7,1559.48,568.57,57.25,139.07,0.846,-1,-1,-1
265,24,0.44,612.68,28.52,99.01,0.471,-1,-1,-1
265,28,141.30,603.92,33.96,107.97,0.637,-1,-1,-1
265,29,942.67,519.35,19.10,50.42,0.544,-1,-1,-1
265,31,1212.34,533.41,41.49,109.76,0.197,-1,-1,-1
265,32,1168.26,543.34,41.76,100.23,0.187,-1,-1,-1
265,35,995.18,530.65,24.23,67.26,0.521,-1,-1,-1
266,7,1570.95,566.35,59.88,144.11,0.761,-1,-1,-1
266,24,0.31,613.81,28.36,98.38,0.285,-1,-1,-1
266,28,143.77,604.02,33.69,108.03,0.433,-1,-1,-1
266,29,948.17,520.39,19.27,50.79,0.530,-1,-1,-1
266,31,1217.62,534.23,41.79,111.12,0.477,-1,-1,-1
266,35,1000.63,530.98,24.43,68.00,0.604,-1,-1,-1
267,7,1580.37,554.93,65.28,157.28,0.812,-1,-1,-1
267,24,8.46,613.22,28.73,98.50,0.517,-1,-1,-1
267,28,146.75,604.06,33.45,108.61,0.550,-1,-1,-1
267,29,953.69,520.16,18.43,48.23,0.582,-1,-1,-1
267,31,1222.30,533.91,42.08,112.29,0.739,-1,-1,-1
267,35,1005.97,531.22,24.56,68.51,0.535,-1,-1,-1
268,7,1590.55,552.33,67.09,162.40,0.778,-1,-1,-1
268,24,14.59,613.54,28.94,98.25,0.530,-1,-1,-1
268,28,150.23,604.84,33.21,108.33,0.465,-1,-1,-1
268,29,959.40,521.17,17.86,46.31,0.618,-1,-1,-1
268,31,1229.59,537.11,41.78,111.66,0.381,-1,-1,-1
268,34,1518.26,589.50,74.11,175.60,0.752,-1,-1,-1
268,35,1011.38,531.99,24.75,69.15,0.628,-1,-1,-1
269,24,17.84,611.36,29.50,99.00,0.489,-1,-1,-1
269,28,153.65,603.28,33.19,108.71,0.449,-1,-1,-1
269,29,965.47,520.89,17.01,43.63,0.557,-1,-1,-1
269,34,1534.71,591.46,74.02,180.90,0.717,-1,-1,-1
269,35,1017.26,532.64,24.57,68.70,0.602,-1,-1,-1
269,36,1055.51,532.29,29.37,73.13,0.580,-1,-1,-1
270,7,1594.74,572.94,74.34,177.26,0.573,-1,-1,-1
270,24,21.77,608.45,29.58,98.72,0.563,-1,-1,-1
270,28,157.66,600.23,33.26,109.61,0.538,-1,-1,-1
270,29,971.37,518.29,16.62,42.21,0.478,-1,-1,-1
270,34,1549.44,589.62,75.51,187.12,0.392,-1,-1,-1
270,35,1023.16,528.87,24.87,69.70,0.581,-1,-1,-1
270,36,1061.43,529.69,29.74,74.05,0.581,-1,-1,-1
271,7,1600.40,579.75,76.94,182.56,0.212,-1,-1,-1
271,24,24.52,608.34,29.67,98.66,0.385,-1,-1,-1
271,28,160.28,600.12,33.27,110.35,0.537,-1,-1,-1
271,29,976.58,518.81,16.29,41.04,0.428,-1,-1,-1
271,34,1567.06,590.19,75.51,191.96,0.706,-1,-1,-1
271,35,1028.06,523.10,26.50,74.87,0.575,-1,-1,-1
271,36,1066.77,530.05,29.81,74.25,0.613,-1,-1,-1
272,24,27.65,606.24,29.85,98.45,0.529,-1,-1,-1
272,28,162.18,598.72,33.21,110.96,0.549,-1,-1,-1
272,29,981.57,518.64,15.69,38.97,0.380,-1,-1,-1
272,34,1585.17,592.12,75.31,197.28,0.838,-1,-1,-1
272,35,1033.40,522.18,26.90,76.50,0.612,-1,-1,-1
272,36,1070.77,528.59,30.75,76.62,0.671,-1,-1,-1
273,24,30.32,606.89,29.95,98.26,0.608,-1,-1,-1
273,28,163.27,598.85,33.33,111.66,0.643,-1,-1,-1
273,29,986.91,519.11,14.98,36.56,0.398,-1,-1,-1
273,34,1601.63,592.95,75.99,201.16,0.639,-1,-1,-1
273,35,1039.32,523.19,26.59,75.80,0.513,-1,-1,-1
273,36,1076.31,528.19,30.89,77.07,0.672,-1,-1,-1
274,24,32.99,604.44,29.89,97.36,0.633,-1,-1,-1
274,28,164.84,595.54,33.31,111.74,0.480,-1,-1,-1
274,29,992.56,517.44,13.45,32.23,0.324,-1,-1,-1
274,34,1617.87,595.05,76.45,205.84,0.838,-1,-1,-1
274,35,1044.93,519.16,27.39,78.61,0.442,-1,-1,-1
274,36,1082.22,526.89,30.72,76.59,0.615,-1,-1,-1
274,37,13.61,602.58,36.28,103.33,0.623,-1,-1,-1
275,24,36.06,604.97,30.18,98.36,0.621,-1,-1,-1
275,28,169.07,596.49,33.08,111.85,0.465,-1,-1,-1
275,29,996.82,517.45,14.13,33.43,0.423,-1,-1,-1
275,34,1632.72,592.07,78.74,214.04,0.765,-1,-1,-1
275,35,1050.53,519.13,27.14,78.24,0.480,-1,-1,-1
275,36,1086.79,526.72,30.46,75.98,0.587,-1,-1,-1
275,37,14.68,603.43,36.87,105.06,0.556,-1,-1,-1
276,24,37.70,605.07,30.17,98.39,0.627,-1,-1,-1
276,28,171.72,596.60,32.92,112.03,0.415,-1,-1,-1
276,29,1001.34,517.52,15.01,34.92,0.562,-1,-1,-1
276,34,1648.85,598.36,79.41,217.47,0.854,-1,-1,-1
276,35,1056.13,520.82,26.83,77.61,0.562,-1,-1,-1
276,36,1091.93,527.33,30.84,76.80,0.738,-1,-1,-1
276,37,16.48,603.80,36.89,105.06,0.639,-1,-1,-1
277,24,40.39,602.96,30.64,100.06,0.671,-1,-1,-1
277,28,174.38,594.40,33.22,112.90,0.441,-1,-1,-1
277,29,1006.33,514.89,16.25,37.24,0.617,-1,-1,-1
277,34,1665.50,600.86,80.44,220.21,0.858,-1,-1,-1
277,35,1062.36,518.21,26.96,78.44,0.461,-1,-1,-1
277,36,1096.34,525.70,31.29,78.04,0.676,-1,-1,-1
277,37,18.95,602.36,36.99,105.28,0.663,-1,-1,-1
278,24,41.96,605.47,30.86,100.47,0.657,-1,-1,-1
278,28,178.88,597.44,32.86,112.65,0.513,-1,-1,-1
278,29,1010.78,514.91,16.63,37.82,0.362,-1,-1,-1
278,34,1681.59,605.60,80.64,219.32,0.793,-1,-1,-1
278,35,1067.99,520.05,26.35,77.17,0.607,-1,-1,-1
278,36,1100.36,525.48,31.48,78.56,0.705,-1,-1,-1
278,37,20.57,603.88,37.29,106.13,0.595,-1,-1,-1
279,24,43.90,604.34,31.17,101.08,0.670,-1,-1,-1
279,28,181.67,596.43,33.05,114.04,0.622,-1,-1,-1
279,34,1698.17,609.89,82.52,222.64,0.844,-1,-1,-1
279,35,1074.84,519.44,26.26,77.60,0.511,-1,-1,-1
279,36,1105.54,526.44,31.16,77.46,0.696,-1,-1,-1
279,37,23.51,604.46,36.90,104.92,0.643,-1,-1,-1
280,24,45.40,608.29,31.27,101.32,0.635,-1,-1,-1
280,28,184.61,600.35,32.78,114.08,0.560,-1,-1,-1
280,29,1021.78,517.54,16.45,36.77,0.547,-1,-1,-1
280,32,1227.74,555.54,44.51,108.25,0.622,-1,-1,-1
280,34,1715.04,612.13,84.97,227.63,0.843,-1,-1,-1
280,35,1081.34,523.20,25.30,75.19,0.620,-1,-1,-1
280,36,1111.30,528.44,30.76,76.01,0.638,-1,-1,-1
280,37,24.39,607.67,37.18,105.76,0.637,-1,-1,-1
281,24,47.29,610.29,31.54,101.86,0.566,-1,-1,-1
281,28,187.29,601.90,32.99,114.91,0.608,-1,-1,-1
281,29,1026.65,515.96,17.41,38.67,0.618,-1,-1,-1
281,32,1232.40,555.90,44.54,108.72,0.722,-1,-1,-1
281,34,1732.66,611.09,88.47,232.21,0.814,-1,-1,-1
281,35,1087.57,524.12,24.63,73.12,0.506,-1,-1,-1
281,36,1116.59,527.65,30.96,75.89,0.584,-1,-1,-1
281,37,25.86,609.19,37.51,106.62,0.609,-1,-1,-1
282,7,1718.06,551.91,72.95,177.59,0.826,-1,-1,-1
282,24,48.95,611.39,31.77,102.53,0.582,-1,-1,-1
282,28,189.20,603.46,32.72,114.39,0.554,-1,-1,-1
282,29,1031.99,516.20,17.58,38.53,0.574,-1,-1,-1
282,32,1238.67,561.98,42.40,103.74,0.650,-1,-1,-1
282,34,1754.79,614.20,90.60,234.54,0.873,-1,-1,-1
282,35,1093.12,522.76,24.90,74.12,0.442,-1,-1,-1
282,36,1119.62,528.08,30.97,74.88,0.567,-1,-1,-1
282,37,27.29,610.33,37.43,106.54,0.583,-1,-1,-1
283,7,1731.48,549.81,71.93,178.79,0.861,-1,-1,-1
283,24,50.82,612.86,32.19,103.38,0.619,-1,-1,-1
283,28,190.75,604.42,33.24,116.57,0.615,-1,-1,-1
283,29,1037.40,516.91,17.86,38.93,0.526,-1,-1,-1
283,32,1244.30,562.88,42.20,103.93,0.613,-1,-1,-1
283,34,1775.19,615.39,92.60,237.19,0.882,-1,-1,-1
283,35,1099.45,523.98,24.25,72.10,0.436,-1,-1,-1
283,36,1122.01,526.68,32.01,76.51,0.606,-1,-1,-1
283,37,28.45,612.43,37.58,107.26,0.596,-1,-1,-1
284,7,1743.70,549.47,71.15,180.24,0.850,-1,-1,-1
284,24,52.35,614.05,32.59,104.40,0.641,-1,-1,-1
284,28,193.05,605.82,33.37,117.32,0.616,-1,-1,-1
284,29,1043.22,518.15,17.75,38.20,0.510,-1,-1,-1
284,32,1249.88,561.40,44.20,106.38,0.762,-1,-1,-1
284,34,1795.17,610.41,96.28,246.05,0.889,-1,-1,-1
284,35,1104.80,524.18,23.16,68.00,0.208,-1,-1,-1
284,36,1127.08,526.73,32.87,77.34,0.586,-1,-1,-1
284,37,29.68,613.96,37.56,107.56,0.522,-1,-1,-1
285,7,1756.73,548.10,72.77,186.46,0.865,-1,-1,-1
285,24,54.10,614.55,33.02,105.57,0.640,-1,-1,-1
285,28,195.28,606.32,33.58,117.84,0.590,-1,-1,-1
285,29,1048.41,517.41,18.42,39.46,0.654,-1,-1,-1
285,31,1313.11,540.08,45.55,119.16,0.628,-1,-1,-1
285,32,1255.45,560.30,44.56,106.30,0.789,-1,-1,-1
285,34,1818.54,612.32,97.04,247.80,0.913,-1,-1,-1
285,35,1111.89,525.11,21.22,61.26,0.320,-1,-1,-1
285,36,1132.22,526.80,32.58,75.97,0.488,-1,-1,-1
285,37,31.84,614.32,37.84,108.71,0.583,-1,-1,-1
286,7,1771.54,547.32,73.89,190.45,0.872,-1,-1,-1
286,24,56.99,617.50,32.99,104.58,0.589,-1,-1,-1
286,28,197.81,607.60,33.94,118.21,0.568,-1,-1,-1
286,29,1053.72,516.71,19.28,40.84,0.692,-1,-1,-1
286,31,1303.80,539.06,45.09,120.03,0.620,-1,-1,-1
286,32,1259.80,559.74,45.01,107.22,0.715,-1,-1,-1
286,34,1835.94,612.22,96.18,251.16,0.899,-1,-1,-1
286,35,1118.17,526.05,19.90,56.63,0.297,-1,-1,-1
286,36,1135.78,526.41,33.50,77.06,0.571,-1,-1,-1
286,37,33.87,617.18,37.66,108.24,0.595,-1,-1,-1
287,7,1785.97,547.33,74.86,193.11,0.890,-1,-1,-1
287,24,58.06,617.90,33.23,105.34,0.643,-1,-1,-1
287,28,199.50,608.08,34.36,118.83,0.552,-1,-1,-1
287,29,1058.51,515.29,20.11,42.33,0.685,-1,-1,-1
287,31,1307.24,538.31,44.99,120.93,0.378,-1,-1,-1
287,32,1263.16,558.26,45.43,109.03,0.714,-1,-1,-1
287,34,1850.81,614.43,93.15,252.88,0.874,-1,-1,-1
287,35,1124.41,525.14,19.35,54.47,0.189,-1,-1,-1
287,36,1140.61,525.53,34.29,77.94,0.534,-1,-1,-1
287,37,34.50,617.47,38.00,109.70,0.590,-1,-1,-1
288,7,1800.49,545.71,75.69,195.01,0.897,-1,-1,-1
288,24,60.85,618.70,33.42,105.46,0.597,-1,-1,-1
288,28,201.39,608.83,34.64,119.03,0.596,-1,-1,-1
288,29,1063.85,513.99,20.13,42.20,0.533,-1,-1,-1
288,31,1323.17,538.02,42.45,115.98,0.516,-1,-1,-1
288,32,1266.22,555.35,45.64,111.27,0.711,-1,-1,-1
288,34,1866.86,615.85,86.95,243.90,0.689,-1,-1,-1
288,36,1146.24,524.47,34.25,77.59,0.475,-1,-1,-1
288,37,36.16,617.00,38.41,111.34,0.566,-1,-1,-1
289,7,1814.71,546.27,76.45,196.96,0.891,-1,-1,-1
289,24,62.64,621.61,33.46,104.96,0.660,-1,-1,-1
289,28,203.50,610.74,34.88,118.86,0.557,-1,-1,-1
289,29,1069.02,515.32,19.89,41.44,0.448,-1,-1,-1
289,31,1333.17,538.35,43.51,119.78,0.580,-1,-1,-1
289,32,1270.98,555.07,45.89,112.96,0.520,-1,-1,-1
289,36,1150.71,524.17,34.50,77.82,0.430,-1,-1,-1
289,37,38.84,617.30,39.29,113.83,0.603,-1,-1,-1
290,7,1829.15,544.52,77.17,199.32,0.889,-1,-1,-1
290,24,63.93,620.63,33.71,105.24,0.657,-1,-1,-1
290,28,205.67,609.50,35.08,119.80,0.558,-1,-1,-1
290,29,1074.15,512.43,20.53,42.72,0.574,-1,-1,-1
290,31,1342.90,535.50,42.22,118.25,0.538,-1,-1,-1
290,32,1275.13,553.12,46.33,115.61,0.558,-1,-1,-1
290,36,1157.17,522.78,33.99,76.56,0.329,-1,-1,-1
290,37,40.94,615.77,39.76,114.91,0.612,-1,-1,-1
291,7,1843.58,544.95,77.17,200.79,0.887,-1,-1,-1
291,24,65.48,623.39,33.94,105.39,0.676,-1,-1,-1
291,28,207.86,611.61,35.28,120.03,0.578,-1,-1,-1
291,29,1079.49,513.23,20.78,42.98,0.481,-1,-1,-1
291,31,1351.35,539.22,40.70,116.25,0.598,-1,-1,-1
291,32,1283.11,553.05,49.85,120.75,0.728,-1,-1,-1
291,36,1164.19,524.32,32.52,72.40,0.462,-1,-1,-1
291,37,42.95,618.72,39.75,114.56,0.579,-1,-1,-1
292,7,1854.31,543.43,76.10,203.05,0.892,-1,-1,-1
292,24,66.62,625.06,34.14,105.45,0.698,-1,-1,-1
292,28,209.67,612.92,35.44,121.17,0.529,-1,-1,-1
292,29,1085.10,512.84,19.76,40.68,0.138,-1,-1,-1
292,31,1358.38,538.64,39.81,115.45,0.525,-1,-1,-1
292,32,1286.43,553.18,50.83,122.26,0.814,-1,-1,-1
292,36,1170.19,524.62,30.80,68.14,0.306,-1,-1,-1
292,37,42.84,619.91,39.82,115.50,0.576,-1,-1,-1
292,38,1340.16,538.56,37.94,125.00,0.738,-1,-1,-1
293,24,67.18,625.93,34.51,106.16,0.707,-1,-1,-1
293,28,211.51,614.10,35.40,121.45,0.524,-1,-1,-1
293,29,1090.39,513.73,20.04,41.09,0.222,-1,-1,-1
293,31,1362.94,541.01,39.33,115.02,0.218,-1,-1,-1
293,32,1291.24,556.10,50.30,120.84,0.689,-1,-1,-1
293,34,1874.54,554.64,70.79,207.28,0.868,-1,-1,-1
293,36,1176.83,524.89,28.70,62.18,0.468,-1,-1,-1
293,37,42.86,621.22,39.72,115.94,0.615,-1,-1,-1
293,38,1343.19,542.28,37.69,123.29,0.709,-1,-1,-1
294,7,1872.70,542.42,72.75,204.52,0.829,-1,-1,-1
294,24,67.62,626.88,34.73,106.38,0.680,-1,-1,-1
294,28,212.31,614.69,35.50,121.93,0.550,-1,-1,-1
294,29,1094.58,512.87,20.89,42.83,0.119,-1,-1,-1
294,31,1367.72,542.01,38.78,114.99,0.466,-1,-1,-1
294,32,1297.49,559.16,49.18,117.89,0.735,-1,-1,-1
294,36,1182.89,524.70,26.22,55.74,0.349,-1,-1,-1
294,37,43.11,622.35,39.58,115.98,0.581,-1,-1,-1
294,38,1348.63,542.89,37.72,122.55,0.694,-1,-1,-1
295,24,68.10,627.98,34.89,106.68,0.668,-1,-1,-1
295,28,213.52,615.34,35.79,123.26,0.526,-1,-1,-1
295,29,1098.11,512.61,23.69,48.97,0.666,-1,-1,-1
295,31,1372.09,546.69,37.31,111.01,0.516,-1,-1,-1
295,32,1304.03,561.75,47.60,115.06,0.641,-1,-1,-1
295,36,1189.56,526.64,25.01,52.25,0.316,-1,-1,-1
295,37,44.57,624.83,39.38,114.88,0.628,-1,-1,-1
295,38,1354.37,547.58,37.48,120.24,0.758,-1,-1,-1
296,24,69.04,628.73,35.46,107.85,0.715,-1,-1,-1
296,28,215.27,615.94,35.97,124.39,0.583,-1,-1,-1
296,29,1102.13,513.54,25.15,52.33,0.709,-1,-1,-1
296,31,1379.14,568.31,31.96,93.89,0.473,-1,-1,-1
296,32,1310.91,565.05,45.13,109.73,0.671,-1,-1,-1
296,36,1195.84,527.91,25.24,50.95,0.507,-1,-1,-1
296,37,44.55,627.04,39.11,114.52,0.581,-1,-1,-1
296,38,1354.02,547.58,38.59,123.45,0.704,-1,-1,-1
297,24,69.77,629.13,36.06,108.86,0.648,-1,-1,-1
297,28,216.87,616.56,36.10,125.44,0.627,-1,-1,-1
297,29,1106.45,513.10,25.67,53.93,0.622,-1,-1,-1
297,31,1384.96,581.61,29.00,83.50,0.345,-1,-1,-1
297,32,1315.46,564.77,44.65,109.02,0.513,-1,-1,-1
297,36,1202.18,527.82,25.36,49.33,0.626,-1,-1,-1
297,37,44.60,628.01,39.39,115.71,0.568,-1,-1,-1
297,38,1354.05,545.08,39.67,126.91,0.549,-1,-1,-1
298,24,70.23,627.63,36.68,109.90,0.672,-1,-1,-1
298,28,219.19,615.01,36.22,125.99,0.538,-1,-1,-1
298,29,1111.36,514.00,25.34,53.40,0.597,-1,-1,-1
298,31,1390.48,589.23,27.72,79.34,0.278,-1,-1,-1
298,32,1320.84,565.83,43.59,106.86,0.104,-1,-1,-1
298,36,1208.26,527.82,25.76,48.28,0.606,-1,-1,-1
298,37,45.53,626.75,39.62,116.24,0.574,-1,-1,-1
298,38,1355.73,544.90,39.96,128.08,0.398,-1,-1,-1
299,24,70.58,628.56,37.13,110.43,0.676,-1,-1,-1
299,28,220.14,615.98,36.39,127.09,0.637,-1,-1,-1
299,29,1116.17,516.60,24.95,52.89,0.657,-1,-1,-1
299,31,1398.22,595.22,26.50,74.76,0.390,-1,-1,-1
299,36,1213.83,528.96,25.80,46.48,0.611,-1,-1,-1
299,37,45.72,627.20,39.85,116.93,0.591,-1,-1,-1
299,38,1359.52,544.83,40.53,129.76,0.387,-1,-1,-1
300,24,70.10,629.62,37.17,110.20,0.695,-1,-1,-1
300,28,220.17,616.86,36.58,127.90,0.683,-1,-1,-1
300,29,1120.67,517.08,25.13,53.60,0.693,-1,-1,-1
300,36,1218.17,529.69,25.95,44.62,0.682,-1,-1,-1
300,37,45.27,628.80,39.40,116.19,0.610,-1,-1,-1
300,38,1363.90,541.11,37.07,118.29,0.513,-1,-1,-1
300,39,1572.06,526.03,28.67,99.83,0.597,-1,-1,-1
301,24,69.09,630.94,37.40,110.71,0.638,-1,-1,-1
301,28,220.07,618.08,36.87,128.57,0.643,-1,-1,-1
301,29,1124.43,517.34,25.29,54.26,0.764,-1,-1,-1
301,36,1222.29,529.78,25.20,41.86,0.499,-1,-1,-1
301,37,44.35,629.03,39.96,118.22,0.561,-1,-1,-1
301,38,1369.83,540.38,33.67,107.21,0.252,-1,-1,-1
301,39,1579.11,526.71,29.20,101.72,0.597,-1,-1,-1
302,24,69.71,630.06,37.93,111.83,0.659,-1,-1,-1
302,28,220.86,617.06,37.03,129.59,0.622,-1,-1,-1
302,29,1128.90,516.84,25.42,54.91,0.724,-1,-1,-1
302,31,1413.27,564.55,39.26,109.51,0.737,-1,-1,-1
302,35,1294.87,531.25,30.07,84.17,0.626,-1,-1,-1
302,36,1227.47,530.35,24.95,39.57,0.594,-1,-1,-1
302,37,43.95,627.30,40.46,120.09,0.614,-1,-1,-1
302,38,1373.78,542.36,29.36,91.91,0.448,-1,-1,-1
302,39,1587.67,527.35,29.57,103.04,0.580,-1,-1,-1
303,24,69.36,634.68,38.30,112.65,0.646,-1,-1,-1
303,28,221.12,621.53,36.95,129.96,0.548,-1,-1,-1
303,29,1132.62,518.78,25.05,54.27,0.695,-1,-1,-1
303,31,1418.37,561.29,40.03,109.21,0.516,-1,-1,-1
303,35,1304.29,533.48,29.73,83.19,0.353,-1,-1,-1
303,37,43.12,631.93,40.39,120.67,0.587,-1,-1,-1
303,38,1376.79,543.69,26.06,80.59,0.540,-1,-1,-1
303,39,1595.21,527.98,29.82,103.97,0.576,-1,-1,-1
304,24,68.95,633.42,38.25,112.75,0.623,-1,-1,-1
304,28,221.58,620.93,36.89,130.02,0.581,-1,-1,-1
304,29,1138.43,522.39,24.72,53.76,0.591,-1,-1,-1
304,31,1428.54,563.96,36.71,95.73,0.589,-1,-1,-1
304,35,1313.61,539.34,29.95,82.62,0.385,-1,-1,-1
304,37,42.82,629.69,40.51,121.85,0.546,-1,-1,-1
304,38,1383.18,551.09,24.03,73.06,0.591,-1,-1,-1
304,39,1604.42,534.03,30.19,105.31,0.570,-1,-1,-1
305,24,68.52,639.18,38.57,113.54,0.702,-1,-1,-1
305,28,221.88,626.21,37.01,130.51,0.426,-1,-1,-1
305,29,1141.75,523.05,25.06,54.77,0.675,-1,-1,-1
305,31,1437.11,564.70,32.96,82.95,0.553,-1,-1,-1
305,35,1318.21,540.81,29.61,80.43,0.505,-1,-1,-1
305,37,42.42,635.80,40.23,121.86,0.566,-1,-1,-1
305,38,1385.07,546.06,25.69,77.68,0.496,-1,-1,-1
305,39,1611.55,535.10,30.12,105.09,0.482,-1,-1,-1
306,24,67.38,637.39,38.89,114.66,0.683,-1,-1,-1
306,28,224.70,625.62,37.59,131.27,0.638,-1,-1,-1
306,29,1146.57,525.68,24.96,54.77,0.670,-1,-1,-1
306,31,1445.38,569.47,30.45,74.64,0.422,-1,-1,-1
306,35,1322.01,545.31,28.53,75.74,0.610,-1,-1,-1
306,37,41.79,634.42,40.14,122.06,0.597,-1,-1,-1
306,38,1389.06,546.97,26.43,79.71,0.417,-1,-1,-1
306,39,1619.80,540.23,30.39,106.19,0.465,-1,-1,-1
307,24,66.03,637.04,39.09,115.63,0.689,-1,-1,-1
307,28,225.96,625.19,38.16,132.72,0.705,-1,-1,-1
307,29,1150.87,525.32,25.00,54.99,0.697,-1,-1,-1
307,31,1453.07,570.22,28.54,66.81,0.605,-1,-1,-1
307,37,40.62,633.32,40.38,123.38,0.497,-1,-1,-1
307,38,1393.86,550.12,25.32,76.10,0.216,-1,-1,-1
307,39,1628.23,540.99,30.64,107.06,0.553,-1,-1,-1
308,24,65.20,644.22,39.08,115.86,0.654,-1,-1,-1
308,28,225.53,631.68,38.17,132.70,0.604,-1,-1,-1
308,29,1154.29,525.81,24.86,54.83,0.511,-1,-1,-1
308,31,1459.97,569.81,27.47,62.63,0.443,-1,-1,-1
308,35,1341.79,537.98,35.26,94.76,0.583,-1,-1,-1
308,37,39.69,640.15,40.38,124.28,0.604,-1,-1,-1
308,38,1397.82,554.09,24.15,72.19,0.142,-1,-1,-1
308,39,1635.35,539.37,30.69,107.35,0.537,-1,-1,-1
309,24,64.92,641.72,39.18,116.28,0.681,-1,-1,-1
309,28,224.83,629.11,38.38,133.75,0.635,-1,-1,-1
309,29,1159.86,527.64,23.91,52.75,0.663,-1,-1,-1
309,31,1467.45,572.55,27.01,59.94,0.407,-1,-1,-1
309,35,1351.53,538.60,36.75,98.79,0.136,-1,-1,-1
309,37,39.53,637.86,40.11,124.31,0.603,-1,-1,-1
309,39,1643.51,542.80,30.56,107.10,0.471,-1,-1,-1
310,24,64.00,644.62,39.27,116.72,0.670,-1,-1,-1
310,28,223.90,631.83,38.53,134.78,0.676,-1,-1,-1
310,29,1163.94,528.98,23.57,52.03,0.638,-1,-1,-1
310,31,1473.47,574.09,26.28,57.98,0.166,-1,-1,-1
310,35,1359.40,539.12,38.23,102.42,0.200,-1,-1,-1
310,37,37.65,640.24,40.31,125.89,0.630,-1,-1,-1
310,39,1651.50,542.99,30.65,107.58,0.443,-1,-1,-1
311,24,63.37,646.62,39.42,117.42,0.685,-1,-1,-1
311,28,223.93,633.29,38.68,136.03,0.674,-1,-1,-1
311,29,1167.69,528.82,23.60,52.21,0.538,-1,-1,-1
311,31,1480.28,575.97,26.74,57.47,0.492,-1,-1,-1
311,37,37.66,641.73,40.56,127.00,0.609,-1,-1,-1
311,38,1386.47,585.22,19.69,56.62,0.506,-1,-1,-1
311,39,1658.95,542.97,30.78,108.02,0.606,-1,-1,-1
312,24,62.00,645.47,39.64,118.43,0.643,-1,-1,-1
312,28,223.31,633.18,38.44,135.62,0.618,-1,-1,-1
312,29,1171.85,528.26,23.37,51.71,0.651,-1,-1,-1
312,37,36.81,640.49,40.83,128.16,0.567,-1,-1,-1
312,39,1666.18,544.25,30.55,107.39,0.563,-1,-1,-1
313,24,61.70,648.23,39.68,119.06,0.655,-1,-1,-1
313,28,223.90,636.69,38.77,136.21,0.548,-1,-1,-1
313,29,1175.99,528.88,23.96,53.22,0.689,-1,-1,-1
313,31,1491.76,578.23,28.16,58.74,0.554,-1,-1,-1
313,32,1348.72,576.46,54.62,139.01,0.561,-1,-1,-1
313,37,37.55,641.81,41.99,131.28,0.640,-1,-1,-1
313,38,1379.08,594.60,35.28,101.65,0.513,-1,-1,-1
313,39,1674.36,544.84,30.38,106.94,0.511,-1,-1,-1
314,24,60.19,649.92,39.48,118.84,0.634,-1,-1,-1
314,28,224.02,638.14,39.21,137.28,0.535,-1,-1,-1
314,29,1179.47,528.37,24.28,54.14,0.667,-1,-1,-1
314,31,1494.98,577.68,29.39,61.44,0.127,-1,-1,-1
314,32,1350.24,575.49,54.23,141.46,0.593,-1,-1,-1
314,34,1389.44,594.87,46.17,138.26,0.757,-1,-1,-1
314,37,37.06,643.58,42.63,132.22,0.663,-1,-1,-1
314,39,1683.01,544.05,29.10,101.89,0.661,-1,-1,-1
315,24,59.16,648.97,39.52,119.37,0.655,-1,-1,-1
315,28,226.59,637.18,39.62,137.58,0.588,-1,-1,-1
315,29,1183.64,528.77,24.00,53.58,0.604,-1,-1,-1
315,31,1500.58,579.70,31.30,64.21,0.446,-1,-1,-1
315,32,1350.77,574.62,54.88,144.11,0.584,-1,-1,-1
315,37,35.77,643.75,42.77,132.44,0.608,-1,-1,-1
315,38,1382.89,600.71,42.60,123.30,0.717,-1,-1,-1
315,39,1691.58,545.80,28.03,97.48,0.581,-1,-1,-1
316,24,58.04,649.82,39.76,120.54,0.660,-1,-1,-1
316,28,226.30,637.94,39.77,137.55,0.578,-1,-1,-1
316,29,1187.23,528.89,24.28,54.41,0.628,-1,-1,-1
316,31,1504.39,580.90,32.28,66.62,0.105,-1,-1,-1
316,32,1349.15,570.45,57.36,149.50,0.688,-1,-1,-1
316,34,1385.99,598.24,46.16,136.72,0.775,-1,-1,-1
316,37,33.54,644.87,42.90,133.08,0.652,-1,-1,-1
316,39,1699.83,545.87,26.81,92.57,0.538,-1,-1,-1
317,24,56.48,649.91,40.16,122.16,0.690,-1,-1,-1
317,28,225.95,637.98,40.63,139.81,0.650,-1,-1,-1
317,29,1190.68,528.85,24.67,55.48,0.624,-1,-1,-1
317,31,1503.03,582.48,40.27,80.69,0.660,-1,-1,-1
317,32,1348.03,570.11,59.54,151.77,0.773,-1,-1,-1
317,37,31.54,645.63,42.95,133.35,0.664,-1,-1,-1
317,38,1392.47,603.36,47.11,135.92,0.774,-1,-1,-1
317,39,1708.22,546.08,25.85,88.33,0.560,-1,-1,-1
318,24,55.76,651.59,39.78,120.96,0.716,-1,-1,-1
318,28,225.58,638.88,40.94,140.24,0.604,-1,-1,-1
318,29,1194.66,528.65,24.26,54.64,0.380,-1,-1,-1
318,31,1502.21,582.49,51.53,103.34,0.712,-1,-1,-1
318,32,1347.88,562.81,63.41,159.62,0.814,-1,-1,-1
318,37,29.78,647.36,42.92,133.27,0.695,-1,-1,-1
318,38,1397.22,605.09,47.55,136.46,0.695,-1,-1,-1
318,39,1715.88,544.27,25.87,87.78,0.606,-1,-1,-1
319,24,53.64,652.70,40.04,121.55,0.680,-1,-1,-1
319,28,224.08,639.85,41.23,141.38,0.571,-1,-1,-1
319,29,1198.39,530.26,24.02,54.27,0.373,-1,-1,-1
319,31,1507.75,585.95,58.85,121.64,0.791,-1,-1,-1
319,32,1349.48,566.13,64.26,158.86,0.801,-1,-1,-1
319,37,26.68,648.49,42.88,133.81,0.692,-1,-1,-1
319,38,1401.44,607.97,48.60,138.92,0.723,-1,-1,-1
319,39,1723.51,545.61,26.24,88.39,0.506,-1,-1,-1
320,24,52.02,653.39,40.25,122.02,0.736,-1,-1,-1
320,28,221.78,640.33,41.12,142.04,0.668,-1,-1,-1
320,29,1201.95,529.51,23.65,53.53,0.410,-1,-1,-1
320,31,1513.70,586.51,62.25,131.90,0.792,-1,-1,-1
320,32,1351.58,569.91,64.27,156.27,0.813,-1,-1,-1
320,37,26.17,648.76,43.57,134.61,0.753,-1,-1,-1
320,38,1402.87,608.83,49.28,139.80,0.714,-1,-1,-1
320,39,1731.28,544.01,26.63,88.88,0.588,-1,-1,-1
320,40,257.51,635.88,36.05,131.58,0.590,-1,-1,-1
321,24,50.33,653.69,40.55,122.56,0.722,-1,-1,-1
321,28,220.48,640.45,41.08,142.75,0.571,-1,-1,-1
321,29,1206.06,530.54,22.91,51.92,0.106,-1,-1,-1
321,31,1522.00,587.52,64.46,138.77,0.811,-1,-1,-1
321,32,1354.57,571.91,64.79,155.94,0.823,-1,-1,-1
321,37,24.43,648.57,44.37,136.12,0.715,-1,-1,-1
321,38,1406.90,607.16,51.38,143.30,0.768,-1,-1,-1
321,39,1738.66,544.51,26.81,89.05,0.495,-1,-1,-1
321,40,257.70,635.97,35.78,130.61,0.609,-1,-1,-1
322,24,47.29,653.54,40.86,123.54,0.728,-1,-1,-1
322,28,218.48,640.05,40.97,143.43,0.650,-1,-1,-1
322,31,1529.24,588.57,65.30,142.51,0.834,-1,-1,-1
322,32,1356.99,566.98,66.78,161.27,0.795,-1,-1,-1
322,37,20.73,648.49,44.53,136.68,0.679,-1,-1,-1
322,38,1410.16,606.20,52.51,145.56,0.810,-1,-1,-1
322,39,1746.35,544.24,27.12,89.44,0.523,-1,-1,-1
322,40,257.02,635.33,36.10,131.75,0.625,-1,-1,-1
323,24,44.95,654.23,40.78,123.60,0.712,-1,-1,-1
323,28,217.36,640.75,41.14,144.21,0.514,-1,-1,-1
323,31,1534.05,589.44,65.71,144.27,0.808,-1,-1,-1
323,32,1359.18,562.60,68.47,166.34,0.691,-1,-1,-1
323,37,16.74,649.24,44.38,137.03,0.692,-1,-1,-1
323,38,1414.53,606.41,53.04,145.91,0.848,-1,-1,-1
323,39,1753.18,543.87,27.46,90.15,0.459,-1,-1,-1
323,40,256.26,635.05,36.80,134.30,0.661,-1,-1,-1
324,24,42.32,652.13,41.24,124.82,0.729,-1,-1,-1
324,28,215.44,639.76,40.99,144.16,0.551,-1,-1,-1
324,31,1539.54,590.33,65.58,145.29,0.863,-1,-1,-1
324,32,1362.75,563.19,67.89,166.33,0.792,-1,-1,-1
324,37,12.68,647.20,43.99,137.32,0.716,-1,-1,-1
324,38,1418.28,604.04,54.65,149.33,0.811,-1,-1,-1
324,39,1760.96,543.80,28.20,91.93,0.482,-1,-1,-1
324,40,255.20,633.64,36.54,133.33,0.666,-1,-1,-1
325,24,39.40,651.30,41.54,125.49,0.719,-1,-1,-1
325,28,215.14,639.29,41.29,145.17,0.536,-1,-1,-1
325,31,1544.45,591.63,65.73,146.63,0.778,-1,-1,-1
325,32,1367.95,568.94,66.22,162.90,0.707,-1,-1,-1
325,37,12.16,646.97,44.53,138.33,0.732,-1,-1,-1
325,38,1423.31,606.96,54.54,147.26,0.820,-1,-1,-1
325,39,1769.58,544.83,29.40,94.68,0.501,-1,-1,-1
325,40,253.54,633.44,36.66,133.68,0.695,-1,-1,-1
326,24,35.69,652.99,41.61,125.70,0.735,-1,-1,-1
326,28,214.18,640.65,41.63,145.98,0.476,-1,-1,-1
326,31,1546.79,590.18,65.43,148.30,0.747,-1,-1,-1
326,32,1371.77,575.19,62.90,157.05,0.789,-1,-1,-1
326,36,1440.67,533.41,50.28,84.34,0.620,-1,-1,-1
326,37,9.45,648.40,45.08,138.93,0.750,-1,-1,-1
326,38,1424.95,605.55,55.29,149.20,0.699,-1,-1,-1
326,39,1774.40,543.67,30.68,98.70,0.529,-1,-1,-1
326,40,251.74,634.88,36.78,134.04,0.699,-1,-1,-1
327,24,32.73,650.86,42.02,127.10,0.716,-1,-1,-1
327,28,209.39,637.85,41.85,147.61,0.451,-1,-1,-1
327,31,1549.92,590.37,65.17,150.10,0.727,-1,-1,-1
327,32,1373.89,577.55,61.11,154.84,0.733,-1,-1,-1
327,36,1448.42,533.84,48.19,84.40,0.560,-1,-1,-1
327,37,5.78,646.13,45.39,139.36,0.719,-1,-1,-1
327,38,1426.36,604.50,55.68,150.36,0.758,-1,-1,-1
327,39,1779.62,544.54,32.29,103.73,0.490,-1,-1,-1
327,40,250.46,632.70,36.85,134.21,0.673,-1,-1,-1
328,24,27.59,654.76,42.29,127.94,0.713,-1,-1,-1
328,28,205.23,640.19,41.95,148.95,0.416,-1,-1,-1
328,31,1553.83,588.98,65.05,152.39,0.746,-1,-1,-1
328,32,1373.39,578.32,59.92,154.91,0.763,-1,-1,-1
328,36,1455.00,531.91,47.55,84.80,0.463,-1,-1,-1
328,37,2.25,650.13,45.72,139.01,0.772,-1,-1,-1
328,38,1426.24,603.28,56.39,152.55,0.728,-1,-1,-1
328,39,1787.01,542.24,34.97,111.57,0.529,-1,-1,-1
328,40,247.71,635.35,36.84,133.94,0.595,-1,-1,-1
329,24,24.26,651.03,42.26,127.77,0.696,-1,-1,-1
329,28,205.17,636.20,42.44,149.90,0.481,-1,-1,-1
329,31,1556.67,586.47,65.09,154.87,0.753,-1,-1,-1
329,32,1372.95,577.26,59.15,155.38,0.743,-1,-1,-1
329,36,1460.09,529.58,46.43,84.48,0.502,-1,-1,-1
329,37,-0.72,645.32,46.09,140.68,0.643,-1,-1,-1
329,38,1425.09,599.09,56.85,155.47,0.796,-1,-1,-1
329,39,1791.72,540.72,36.15,115.55,0.343,-1,-1,-1
329,40,244.94,631.11,37.33,135.48,0.677,-1,-1,-1
330,24,19.29,651.22,42.52,128.39,0.715,-1,-1,-1
330,28,203.18,636.61,42.67,150.01,0.347,-1,-1,-1
330,31,1559.37,587.44,64.60,155.35,0.762,-1,-1,-1
330,32,1372.52,578.18,58.74,155.53,0.642,-1,-1,-1
330,36,1465.79,528.77,47.19,86.16,0.164,-1,-1,-1
330,37,-3.95,645.56,45.85,140.93,0.649,-1,-1,-1
330,38,1425.81,598.67,56.68,156.64,0.793,-1,-1,-1
330,39,1796.69,540.43,37.03,118.72,0.494,-1,-1,-1
330,40,241.20,630.67,37.96,137.57,0.707,-1,-1,-1
331,24,14.71,650.24,42.59,128.62,0.723,-1,-1,-1
331,28,197.17,634.41,43.11,151.87,0.397,-1,-1,-1
331,31,1560.71,584.79,64.76,156.68,0.773,-1,-1,-1
331,32,1371.51,575.37,60.03,157.24,0.721,-1,-1,-1
331,36,1468.37,525.28,45.95,85.79,0.506,-1,-1,-1
331,37,-5.79,643.49,45.82,142.40,0.675,-1,-1,-1
331,38,1427.05,597.62,56.11,156.65,0.813,-1,-1,-1
331,39,1802.65,536.77,38.00,121.76,0.347,-1,-1,-1
331,40,237.75,629.44,38.06,137.84,0.701,-1,-1,-1
332,24,9.37,648.12,42.96,129.79,0.736,-1,-1,-1
332,28,192.53,632.15,43.46,153.00,0.177,-1,-1,-1
332,31,1565.02,584.52,64.60,156.57,0.762,-1,-1,-1
332,32,1368.05,573.36,61.59,157.40,0.817,-1,-1,-1
332,36,1472.80,521.66,46.50,87.07,0.132,-1,-1,-1
332,37,-8.63,643.45,44.45,140.61,0.561,-1,-1,-1
332,38,1428.47,599.21,55.27,155.32,0.828,-1,-1,-1
332,39,1807.62,534.77,38.05,122.04,0.146,-1,-1,-1
332,40,234.32,626.73,38.48,139.43,0.632,-1,-1,-1
333,24,3.47,648.42,42.92,129.74,0.730,-1,-1,-1
333,28,186.67,632.80,43.06,152.99,0.420,-1,-1,-1
333,31,1570.91,582.93,64.86,157.39,0.791,-1,-1,-1
333,32,1363.22,570.92,64.19,158.60,0.823,-1,-1,-1
333,37,-10.71,644.43,43.38,139.56,0.506,-1,-1,-1
333,38,1428.84,597.90,56.39,158.11,0.832,-1,-1,-1
333,39,1813.15,530.96,39.03,125.39,0.640,-1,-1,-1
333,40,230.13,625.64,38.62,140.00,0.648,-1,-1,-1
334,24,-0.75,647.42,43.05,130.34,0.731,-1,-1,-1
334,28,181.45,630.52,43.39,155.12,0.557,-1,-1,-1
334,31,1575.76,580.42,65.06,158.18,0.807,-1,-1,-1
334,32,1359.92,568.04,66.62,159.59,0.824,-1,-1,-1
334,38,1428.08,594.74,58.51,161.22,0.825,-1,-1,-1
334,39,1820.56,526.35,40.19,127.72,0.536,-1,-1,-1
334,40,227.13,624.46,38.62,139.78,0.648,-1,-1,-1
335,24,-5.11,646.38,43.11,132.94,0.799,-1,-1,-1
335,28,186.23,630.05,42.98,153.50,0.506,-1,-1,-1
335,31,1580.26,579.69,65.38,159.63,0.767,-1,-1,-1
335,32,1358.60,565.56,69.49,162.40,0.811,-1,-1,-1
335,38,1428.18,594.66,60.01,162.17,0.807,-1,-1,-1
335,39,1826.55,524.96,40.84,129.09,0.495,-1,-1,-1
335,40,223.65,622.83,39.16,141.43,0.627,-1,-1,-1
336,28,180.98,629.73,44.06,155.80,0.496,-1,-1,-1
336,31,1582.12,578.77,64.69,159.54,0.708,-1,-1,-1
336,32,1357.49,563.84,70.59,162.27,0.803,-1,-1,-1
336,37,-8.43,647.07,41.24,136.35,0.824,-1,-1,-1
336,38,1429.65,591.22,62.12,165.28,0.792,-1,-1,-1
336,39,1833.30,520.80,41.49,129.72,0.660,-1,-1,-1
336,40,219.34,623.31,39.60,142.86,0.655,-1,-1,-1
337,28,176.17,630.75,45.22,157.22,0.591,-1,-1,-1
337,31,1583.15,584.26,63.72,159.27,0.692,-1,-1,-1
337,32,1356.90,565.01,72.09,164.39,0.791,-1,-1,-1
337,34,1401.85,560.69,56.97,171.63,0.530,-1,-1,-1
337,37,-8.06,648.49,40.06,136.66,0.819,-1,-1,-1
337,38,1433.86,597.11,63.24,164.73,0.855,-1,-1,-1
337,39,1838.04,523.16,42.09,130.87,0.641,-1,-1,-1
337,40,215.11,623.97,40.42,145.63,0.639,-1,-1,-1
338,28,172.34,634.25,46.37,158.68,0.647,-1,-1,-1
338,31,1584.64,580.32,63.67,162.35,0.756,-1,-1,-1
338,32,1359.64,564.22,72.50,164.27,0.806,-1,-1,-1
338,34,1412.35,558.59,55.42,169.09,0.662,-1,-1,-1
338,37,-8.34,655.84,38.08,133.57,0.715,-1,-1,-1
338,38,1438.52,597.52,63.67,164.50,0.842,-1,-1,-1
338,39,1843.08,519.15,41.78,130.28,0.708,-1,-1,-1
338,40,210.67,627.43,40.60,146.23,0.654,-1,-1,-1
339,28,167.63,638.41,47.07,159.74,0.560,-1,-1,-1
339,31,1586.31,580.51,63.93,166.12,0.696,-1,-1,-1
339,32,1361.31,569.58,72.55,163.41,0.836,-1,-1,-1
339,34,1413.83,560.69,53.94,171.60,0.705,-1,-1,-1
339,38,1439.64,602.18,64.60,165.87,0.831,-1,-1,-1
339,39,1846.82,522.08,41.58,129.63,0.747,-1,-1,-1
339,40,206.11,631.16,40.37,145.25,0.685,-1,-1,-1
340,28,163.70,638.75,48.12,161.61,0.636,-1,-1,-1
340,31,1589.04,578.51,63.98,168.39,0.543,-1,-1,-1
340,32,1363.95,569.38,72.97,164.20,0.821,-1,-1,-1
340,34,1414.69,559.03,52.53,172.89,0.667,-1,-1,-1
340,38,1442.82,602.77,65.88,167.10,0.850,-1,-1,-1
340,39,1852.88,520.48,41.77,130.25,0.586,-1,-1,-1
340,40,202.02,632.33,40.91,147.28,0.682,-1,-1,-1
341,28,158.53,642.02,49.00,163.36,0.702,-1,-1,-1
341,31,1591.92,583.34,64.01,170.18,0.549,-1,-1,-1
341,32,1364.18,574.09,72.64,165.03,0.801,-1,-1,-1
341,34,1414.10,562.98,51.35,172.32,0.526,-1,-1,-1
341,38,1443.79,607.86,67.19,168.93,0.828,-1,-1,-1
341,39,1856.81,524.26,42.26,131.79,0.738,-1,-1,-1
341,40,197.26,636.87,40.96,146.83,0.692,-1,-1,-1
342,28,153.71,643.13,49.64,163.82,0.522,-1,-1,-1
342,31,1594.79,585.37,64.67,172.89,0.326,-1,-1,-1
342,32,1364.10,575.12,73.26,168.01,0.701,-1,-1,-1
342,34,1411.60,564.61,53.10,178.65,0.606,-1,-1,-1
342,36,1548.97,543.57,35.56,65.16,0.532,-1,-1,-1
342,38,1445.45,612.26,67.44,168.76,0.832,-1,-1,-1
342,39,1861.86,525.77,42.51,132.39,0.751,-1,-1,-1
342,40,192.89,638.62,41.21,147.65,0.679,-1,-1,-1
343,28,148.25,649.14,50.65,165.61,0.714,-1,-1,-1
343,31,1591.35,589.85,66.26,175.75,0.443,-1,-1,-1
343,32,1361.62,580.18,72.39,168.73,0.524,-1,-1,-1
343,34,1409.59,568.65,54.94,184.51,0.754,-1,-1,-1
343,36,1554.14,548.38,34.97,63.49,0.387,-1,-1,-1
343,38,1445.32,617.62,68.11,170.11,0.823,-1,-1,-1
343,39,1867.28,529.46,42.90,133.17,0.761,-1,-1,-1
343,40,188.66,644.55,41.57,148.35,0.696,-1,-1,-1
344,28,142.37,652.26,51.18,166.74,0.290,-1,-1,-1
344,31,1587.90,597.60,67.57,175.18,0.709,-1,-1,-1
344,32,1351.03,558.51,69.70,163.78,0.531,-1,-1,-1
344,34,1407.36,573.86,55.39,187.15,0.661,-1,-1,-1
344,36,1559.86,554.26,32.84,59.11,0.187,-1,-1,-1
344,38,1442.88,619.65,69.60,174.13,0.816,-1,-1,-1
344,39,1871.75,532.70,43.45,134.73,0.756,-1,-1,-1
344,40,183.26,647.96,41.84,149.69,0.698,-1,-1,-1
344,41,1448.05,532.90,38.28,51.61,0.659,-1,-1,-1
345,28,135.06,659.77,52.54,169.90,0.676,-1,-1,-1
345,31,1587.27,602.54,70.36,178.13,0.727,-1,-1,-1
345,32,1353.74,576.16,69.93,166.63,0.528,-1,-1,-1
345,34,1404.26,579.37,56.70,189.27,0.640,-1,-1,-1
345,36,1564.86,559.26,31.79,56.63,0.252,-1,-1,-1
345,38,1440.74,624.49,70.20,177.47,0.807,-1,-1,-1
345,39,1876.28,537.52,43.77,135.76,0.749,-1,-1,-1
345,40,178.00,655.55,42.23,150.80,0.670,-1,-1,-1
345,41,1449.82,536.91,39.49,53.20,0.698,-1,-1,-1
346,28,131.12,665.35,52.65,169.84,0.467,-1,-1,-1
346,31,1587.46,603.15,74.09,184.01,0.731,-1,-1,-1
346,32,1352.31,586.49,70.33,171.48,0.789,-1,-1,-1
346,34,1399.34,586.42,57.66,187.54,0.803,-1,-1,-1
346,36,1571.75,562.25,30.91,55.16,0.127,-1,-1,-1
346,38,1440.72,629.55,69.77,178.39,0.823,-1,-1,-1
346,39,1879.38,540.83,43.45,135.68,0.788,-1,-1,-1
346,40,172.27,660.73,42.38,151.56,0.690,-1,-1,-1
346,41,1450.80,539.92,39.85,53.58,0.718,-1,-1,-1
347,28,124.33,670.08,53.07,170.57,0.564,-1,-1,-1
347,31,1589.05,607.44,76.27,185.64,0.747,-1,-1,-1
347,32,1350.72,592.88,69.62,173.27,0.827,-1,-1,-1
347,34,1393.93,593.22,58.77,184.34,0.810,-1,-1,-1
347,36,1574.27,565.28,31.83,56.62,0.246,-1,-1,-1
347,38,1441.93,633.67,69.87,181.49,0.839,-1,-1,-1
347,39,1882.22,544.19,43.07,136.49,0.765,-1,-1,-1
347,40,167.19,664.56,42.53,151.80,0.684,-1,-1,-1
347,41,1451.78,543.00,39.76,53.42,0.706,-1,-1,-1
347,42,1509.19,536.35,31.04,79.97,0.600,-1,-1,-1
348,28,120.16,672.32,52.72,169.62,0.535,-1,-1,-1
348,31,1592.55,613.70,76.72,183.19,0.791,-1,-1,-1
348,32,1347.98,596.38,68.75,173.32,0.844,-1,-1,-1
348,34,1392.09,595.29,60.89,186.16,0.814,-1,-1,-1
348,36,1577.62,567.10,32.08,56.60,0.360,-1,-1,-1
348,38,1442.76,635.36,70.38,185.25,0.825,-1,-1,-1
348,39,1885.01,545.53,42.23,136.48,0.726,-1,-1,-1
348,40,162.42,665.90,42.66,151.89,0.707,-1,-1,-1
348,41,1452.80,543.85,39.91,53.65,0.687,-1,-1,-1
348,42,1511.58,536.50,31.22,80.46,0.548,-1,-1,-1
349,28,112.53,673.66,53.86,172.03,0.714,-1,-1,-1
349,31,1596.99,617.35,77.97,183.62,0.698,-1,-1,-1
349,32,1346.05,602.22,67.43,170.45,0.806,-1,-1,-1
349,34,1390.60,595.84,62.55,188.92,0.756,-1,-1,-1
349,36,1583.15,568.22,33.12,57.90,0.331,-1,-1,-1
349,38,1442.47,639.39,70.63,186.99,0.831,-1,-1,-1
349,39,1888.22,546.59,41.13,136.35,0.729,-1,-1,-1
349,40,157.17,667.89,43.09,153.76,0.686,-1,-1,-1
349,41,1453.74,544.57,40.08,54.00,0.675,-1,-1,-1
349,42,1514.74,537.15,30.74,79.26,0.595,-1,-1,-1
350,28,106.29,674.71,54.48,173.20,0.605,-1,-1,-1
350,31,1591.50,620.40,77.14,184.66,0.643,-1,-1,-1
350,32,1345.09,607.55,66.56,168.83,0.760,-1,-1,-1
350,34,1389.58,599.26,62.83,189.07,0.763,-1,-1,-1
350,36,1588.67,570.55,35.42,60.59,0.421,-1,-1,-1
350,38,1441.73,643.52,70.94,188.08,0.845,-1,-1,-1
350,40,151.37,669.03,43.18,154.36,0.705,-1,-1,-1
350,41,1453.53,545.65,40.74,55.12,0.610,-1,-1,-1
350,42,1517.56,539.99,30.18,77.77,0.545,-1,-1,-1
351,28,100.92,674.98,55.32,174.90,0.195,-1,-1,-1
351,31,1585.19,618.30,77.98,188.22,0.760,-1,-1,-1
351,32,1346.25,608.63,66.32,169.05,0.794,-1,-1,-1
351,34,1389.10,599.97,62.83,190.60,0.670,-1,-1,-1
351,36,1591.72,570.41,35.93,60.83,0.456,-1,-1,-1
351,38,1437.45,644.92,73.61,189.94,0.809,-1,-1,-1
351,40,147.16,670.18,43.12,154.33,0.701,-1,-1,-1
351,41,1454.32,545.93,40.27,54.71,0.569,-1,-1,-1
351,42,1520.44,539.93,30.10,77.57,0.556,-1,-1,-1
352,28,94.10,677.28,55.80,175.94,0.294,-1,-1,-1
352,31,1586.26,619.82,78.73,192.01,0.799,-1,-1,-1
352,32,1347.25,611.27,67.09,171.74,0.788,-1,-1,-1
352,34,1390.19,603.08,62.36,192.72,0.823,-1,-1,-1
352,36,1596.64,573.86,36.25,60.31,0.442,-1,-1,-1
352,38,1434.79,649.44,75.95,192.47,0.838,-1,-1,-1
352,40,141.84,671.87,43.57,156.00,0.750,-1,-1,-1
352,41,1455.63,549.63,39.74,54.33,0.680,-1,-1,-1
352,42,1522.66,542.71,29.87,76.85,0.532,-1,-1,-1
353,28,94.07,677.72,54.80,175.09,0.564,-1,-1,-1
353,31,1585.54,619.45,79.60,194.90,0.713,-1,-1,-1
353,32,1348.02,609.51,68.33,176.08,0.782,-1,-1,-1
353,34,1391.00,603.19,61.84,194.98,0.820,-1,-1,-1
353,36,1598.41,574.35,38.02,62.76,0.543,-1,-1,-1
353,38,1439.16,651.84,76.74,194.23,0.718,-1,-1,-1
353,40,137.17,671.73,44.01,157.45,0.683,-1,-1,-1
353,41,1456.14,550.63,39.41,54.22,0.614,-1,-1,-1
353,42,1525.10,542.52,30.42,78.24,0.402,-1,-1,-1
354,28,89.70,680.00,54.59,175.70,0.475,-1,-1,-1
354,31,1582.23,621.61,79.94,198.06,0.796,-1,-1,-1
354,32,1347.48,610.60,68.43,178.62,0.769,-1,-1,-1
354,34,1390.95,604.51,61.78,198.25,0.821,-1,-1,-1
354,36,1602.06,577.17,39.68,65.35,0.365,-1,-1,-1
354,38,1444.91,655.86,77.05,195.56,0.790,-1,-1,-1
354,40,131.34,673.37,43.92,157.14,0.691,-1,-1,-1
354,41,1456.73,552.64,39.36,54.49,0.609,-1,-1,-1
354,42,1527.58,544.26,30.93,79.44,0.467,-1,-1,-1
355,28,87.07,684.97,51.98,168.83,0.600,-1,-1,-1
355,31,1580.36,624.83,80.01,199.93,0.652,-1,-1,-1
355,32,1348.48,613.20,67.83,177.82,0.729,-1,-1,-1
355,34,1389.05,605.67,62.27,200.79,0.821,-1,-1,-1
355,36,1606.37,579.89,41.20,68.19,0.301,-1,-1,-1
355,38,1442.17,659.80,78.29,196.52,0.502,-1,-1,-1
355,40,125.99,672.74,44.32,158.79,0.708,-1,-1,-1
355,41,1456.96,553.95,39.72,55.31,0.179,-1,-1,-1
355,42,1530.09,546.93,30.56,78.44,0.521,-1,-1,-1
356,28,70.69,697.55,49.69,161.85,0.519,-1,-1,-1
356,31,1581.01,628.14,80.19,201.99,0.636,-1,-1,-1
356,32,1348.93,615.61,66.52,174.90,0.666,-1,-1,-1
356,34,1386.92,605.69,63.11,203.52,0.755,-1,-1,-1
356,36,1611.28,580.09,41.40,68.69,0.111,-1,-1,-1
356,37,78.53,682.83,48.32,171.29,0.522,-1,-1,-1
356,38,1439.54,661.77,80.08,199.19,0.306,-1,-1,-1
356,40,119.84,673.88,44.85,160.71,0.683,-1,-1,-1
356,41,1457.55,554.13,39.93,55.93,0.103,-1,-1,-1
356,42,1532.28,547.73,30.90,79.30,0.533,-1,-1,-1
356,43,1486.02,551.28,30.76,59.18,0.658,-1,-1,-1
357,24,69.75,684.70,54.82,173.92,0.661,-1,-1,-1
357,28,56.65,704.84,48.54,158.15,0.515,-1,-1,-1
357,31,1583.29,638.41,79.13,198.70,0.817,-1,-1,-1
357,32,1346.83,618.05,65.27,173.04,0.508,-1,-1,-1
357,34,1382.11,607.15,65.00,207.08,0.828,-1,-1,-1
357,36,1611.23,582.67,50.55,85.03,0.221,-1,-1,-1
357,38,1448.65,665.49,79.97,201.44,0.826,-1,-1,-1
357,40,113.08,674.17,45.48,162.44,0.732,-1,-1,-1
357,42,1534.05,551.52,31.01,79.35,0.561,-1,-1,-1
357,43,1487.38,553.37,31.45,60.58,0.670,-1,-1,-1
358,28,46.70,710.42,47.90,156.34,0.505,-1,-1,-1
358,31,1583.10,641.90,79.45,197.44,0.856,-1,-1,-1
358,32,1344.72,616.36,64.64,172.61,0.346,-1,-1,-1
358,34,1378.90,606.16,67.20,210.59,0.832,-1,-1,-1
358,36,1613.18,582.67,55.20,94.14,0.303,-1,-1,-1
358,37,76.91,685.03,48.52,174.62,0.630,-1,-1,-1
358,38,1450.27,666.62,79.23,202.15,0.774,-1,-1,-1
358,40,106.93,675.29,45.75,163.91,0.714,-1,-1,-1
358,42,1535.56,551.56,31.12,79.58,0.536,-1,-1,-1
358,43,1488.37,553.77,31.23,60.22,0.628,-1,-1,-1
359,24,68.50,687.71,53.94,174.65,0.595,-1,-1,-1
359,28,39.00,715.19,47.26,155.83,0.563,-1,-1,-1
359,31,1583.93,643.62,81.64,201.76,0.838,-1,-1,-1
359,32,1340.78,614.82,65.20,177.52,0.788,-1,-1,-1
359,34,1378.30,612.89,67.87,208.25,0.822,-1,-1,-1
359,36,1614.81,584.30,60.44,105.18,0.466,-1,-1,-1
359,38,1448.78,670.56,78.03,202.25,0.778,-1,-1,-1
359,40,100.49,678.08,45.89,164.30,0.754,-1,-1,-1
359,42,1537.30,554.21,30.97,79.12,0.516,-1,-1,-1
359,43,1490.08,555.41,31.69,61.07,0.634,-1,-1,-1
360,28,29.66,717.57,47.02,155.63,0.462,-1,-1,-1
360,31,1584.80,650.89,82.27,201.57,0.878,-1,-1,-1
360,32,1336.89,614.88,66.02,183.07,0.755,-1,-1,-1
360,34,1376.04,619.92,69.49,206.63,0.866,-1,-1,-1
360,36,1616.82,589.11,64.50,113.34,0.148,-1,-1,-1
360,37,65.20,688.26,48.83,177.67,0.665,-1,-1,-1
360,38,1448.23,675.57,77.69,204.40,0.804,-1,-1,-1
360,40,94.01,679.01,46.24,165.47,0.718,-1,-1,-1
360,42,1539.43,557.82,30.88,78.77,0.532,-1,-1,-1
360,43,1491.21,558.68,32.09,61.84,0.601,-1,-1,-1
361,24,56.52,690.46,53.97,178.19,0.617,-1,-1,-1
361,28,20.49,720.04,47.27,156.58,0.421,-1,-1,-1
361,31,1585.35,652.77,84.01,204.36,0.874,-1,-1,-1
361,32,1333.87,613.77,68.03,192.48,0.802,-1,-1,-1
361,34,1375.20,621.96,71.59,207.55,0.862,-1,-1,-1
361,36,1620.04,593.29,65.91,117.39,0.147,-1,-1,-1
361,38,1449.60,676.99,78.13,208.69,0.831,-1,-1,-1
361,40,87.65,680.98,46.46,166.15,0.726,-1,-1,-1
361,42,1541.17,557.52,30.52,77.65,0.540,-1,-1,-1
361,43,1492.16,557.91,32.81,63.25,0.577,-1,-1,-1
362,28,13.96,721.58,47.18,157.74,0.457,-1,-1,-1
362,31,1585.62,658.56,85.24,206.71,0.826,-1,-1,-1
362,32,1333.17,619.79,67.92,195.40,0.815,-1,-1,-1
362,34,1374.06,628.87,73.64,207.02,0.867,-1,-1,-1
362,36,1625.75,600.40,68.03,123.44,0.410,-1,-1,-1
362,37,51.42,691.07,49.24,180.73,0.639,-1,-1,-1
362,38,1451.44,681.14,78.64,212.41,0.827,-1,-1,-1
362,40,80.30,682.27,47.01,168.05,0.724,-1,-1,-1
362,42,1543.52,562.32,30.37,77.07,0.530,-1,-1,-1
362,43,1495.05,563.37,32.73,63.10,0.552,-1,-1,-1
363,24,42.69,698.23,53.69,180.42,0.638,-1,-1,-1
363,28,5.48,727.70,48.20,160.81,0.636,-1,-1,-1
363,31,1584.74,658.88,85.84,208.84,0.826,-1,-1,-1
363,32,1332.36,621.20,66.56,194.32,0.779,-1,-1,-1
363,34,1373.57,630.14,76.06,208.37,0.860,-1,-1,-1
363,36,1630.71,601.72,68.65,126.68,0.460,-1,-1,-1
363,38,1452.70,682.46,78.62,214.20,0.846,-1,-1,-1
363,40,73.80,688.48,47.28,169.21,0.755,-1,-1,-1
363,42,1544.55,562.02,30.42,76.93,0.500,-1,-1,-1
363,43,1496.33,564.79,32.44,62.52,0.529,-1,-1,-1
364,28,-2.66,725.53,48.45,162.50,0.629,-1,-1,-1
364,31,1581.94,662.96,86.83,213.07,0.837,-1,-1,-1
364,32,1332.56,627.67,62.32,182.78,0.772,-1,-1,-1
364,34,1372.36,637.54,77.53,208.34,0.849,-1,-1,-1
364,36,1635.79,608.43,67.33,125.63,0.342,-1,-1,-1
364,37,35.08,699.05,48.45,180.12,0.732,-1,-1,-1
364,38,1449.80,687.86,80.33,218.79,0.865,-1,-1,-1
364,40,66.05,686.15,48.03,171.60,0.784,-1,-1,-1
364,42,1546.20,566.52,30.95,77.95,0.645,-1,-1,-1
364,43,1498.41,569.91,32.34,62.18,0.592,-1,-1,-1
364,44,1369.95,569.68,45.41,72.76,0.621,-1,-1,-1
365,24,26.82,703.23,53.43,183.00,0.660,-1,-1,-1
365,28,-6.86,733.04,47.52,162.21,0.735,-1,-1,-1
365,31,1579.27,662.28,88.13,218.87,0.826,-1,-1,-1
365,32,1332.32,632.30,62.47,184.45,0.759,-1,-1,-1
365,34,1372.36,639.14,79.10,210.80,0.848,-1,-1,-1
365,38,1449.22,696.37,80.26,216.87,0.869,-1,-1,-1
365,39,1669.96,606.81,39.61,128.22,0.525,-1,-1,-1
365,40,60.64,692.84,48.46,172.26,0.744,-1,-1,-1
365,41,1453.56,576.95,41.31,58.43,0.590,-1,-1,-1
365,42,1548.41,567.71,31.51,79.08,0.629,-1,-1,-1
365,43,1500.80,571.77,32.74,62.71,0.617,-1,-1,-1
365,44,1370.56,573.23,44.79,71.68,0.671,-1,-1,-1
366,28,-10.99,734.02,47.41,167.09,0.764,-1,-1,-1
366,31,1574.67,662.93,88.49,223.53,0.798,-1,-1,-1
366,32,1332.90,636.75,57.71,170.12,0.785,-1,-1,-1
366,34,1371.53,641.55,79.80,212.60,0.818,-1,-1,-1
366,37,20.05,704.79,49.68,186.34,0.717,-1,-1,-1
366,38,1448.14,700.22,81.83,219.88,0.863,-1,-1,-1
366,39,1657.73,607.63,41.03,130.70,0.532,-1,-1,-1
366,40,53.22,695.07,48.84,173.37,0.755,-1,-1,-1
366,41,1453.58,579.81,40.89,58.33,0.515,-1,-1,-1
366,42,1550.06,569.79,31.50,78.68,0.616,-1,-1,-1
366,43,1501.39,574.04,33.10,63.35,0.621,-1,-1,-1
366,44,1371.16,575.71,44.69,71.46,0.700,-1,-1,-1
367,24,10.07,710.75,54.05,187.84,0.656,-1,-1,-1
367,28,-15.65,738.82,47.01,170.19,0.563,-1,-1,-1
367,31,1571.93,666.23,87.87,226.20,0.859,-1,-1,-1
367,32,1332.26,641.10,57.76,170.47,0.678,-1,-1,-1
367,34,1369.64,643.57,79.19,213.40,0.753,-1,-1,-1
367,36,1651.16,613.18,68.01,129.68,0.514,-1,-1,-1
367,38,1448.87,702.28,83.92,225.10,0.860,-1,-1,-1
367,40,46.33,701.17,48.91,173.67,0.712,-1,-1,-1
367,41,1453.56,581.62,40.93,58.76,0.383,-1,-1,-1
367,42,1551.60,570.91,31.88,79.43,0.616,-1,-1,-1
367,43,1502.25,574.64,33.65,64.58,0.536,-1,-1,-1
367,44,1370.90,577.38,45.80,73.16,0.712,-1,-1,-1
368,31,1571.04,671.34,87.08,227.10,0.846,-1,-1,-1
368,32,1330.52,645.30,57.54,170.08,0.272,-1,-1,-1
368,34,1367.22,646.33,78.01,213.76,0.749,-1,-1,-1
368,37,4.70,713.41,49.90,189.10,0.661,-1,-1,-1
368,38,1450.62,706.54,85.38,228.85,0.849,-1,-1,-1
368,39,1657.89,608.52,44.07,138.47,0.696,-1,-1,-1
368,40,39.49,704.73,49.03,173.90,0.711,-1,-1,-1
368,41,1453.90,584.87,41.00,59.25,0.424,-1,-1,-1
368,42,1553.37,575.13,31.71,78.63,0.616,-1,-1,-1
368,43,1504.26,577.73,33.90,64.91,0.608,-1,-1,-1
368,44,1371.95,579.84,45.61,72.73,0.689,-1,-1,-1
369,24,-2.79,717.66,53.19,191.03,0.704,-1,-1,-1
369,31,1568.10,672.30,87.93,229.07,0.873,-1,-1,-1
369,32,1335.45,646.33,68.01,196.73,0.741,-1,-1,-1
369,34,1366.05,646.06,73.77,204.68,0.705,-1,-1,-1
369,36,1661.16,612.96,69.87,137.44,0.686,-1,-1,-1
369,38,1453.75,712.82,84.65,227.40,0.838,-1,-1,-1
369,40,32.68,709.62,49.29,174.60,0.689,-1,-1,-1
369,41,1454.24,585.11,40.97,59.65,0.485,-1,-1,-1
369,42,1554.97,575.65,31.50,77.95,0.566,-1,-1,-1
369,43,1505.61,577.44,34.16,65.66,0.611,-1,-1,-1
369,44,1372.82,579.95,45.54,72.61,0.662,-1,-1,-1
370,31,1562.59,674.39,90.39,231.87,0.875,-1,-1,-1
370,32,1333.85,648.63,66.99,191.31,0.640,-1,-1,-1
370,34,1360.60,648.85,75.46,213.28,0.791,-1,-1,-1
370,37,-5.65,722.31,48.38,189.81,0.630,-1,-1,-1
370,38,1456.42,718.92,84.70,228.00,0.840,-1,-1,-1
370,39,1664.20,604.03,47.76,147.55,0.669,-1,-1,-1
370,40,24.56,714.32,49.79,175.25,0.741,-1,-1,-1
370,41,1455.11,587.60,40.56,59.20,0.340,-1,-1,-1
370,42,1557.27,578.11,31.05,76.36,0.628,-1,-1,-1
370,43,1507.65,579.34,34.20,65.77,0.574,-1,-1,-1
370,44,1372.65,581.64,48.76,77.89,0.564,-1,-1,-1
371,24,-11.31,726.20,49.89,190.86,0.727,-1,-1,-1
371,31,1558.45,675.83,93.01,233.20,0.899,-1,-1,-1
371,32,1330.12,649.88,70.52,201.24,0.459,-1,-1,-1
371,34,1358.22,650.24,75.47,216.63,0.810,-1,-1,-1
371,36,1669.54,605.58,73.28,149.11,0.754,-1,-1,-1
371,38,1458.02,722.52,84.39,227.63,0.835,-1,-1,-1
371,40,18.18,718.09,50.57,177.11,0.765,-1,-1,-1
371,41,1455.16,587.70,40.85,59.97,0.475,-1,-1,-1
371,42,1558.36,578.63,31.01,75.78,0.644,-1,-1,-1
371,43,1508.62,579.75,34.27,66.07,0.625,-1,-1,-1
371,44,1370.11,582.12,55.17,88.70,0.655,-1,-1,-1
371,45,1531.62,575.07,30.65,72.91,0.623,-1,-1,-1
372,31,1556.67,679.19,95.73,233.84,0.904,-1,-1,-1
372,32,1323.95,650.58,64.58,185.92,0.672,-1,-1,-1
372,34,1356.47,652.18,75.05,218.45,0.808,-1,-1,-1
372,37,-12.22,729.79,44.54,182.00,0.501,-1,-1,-1
372,38,1458.45,725.23,84.83,229.72,0.821,-1,-1,-1
372,39,1670.18,602.50,49.54,152.28,0.662,-1,-1,-1
372,40,9.58,719.53,51.42,179.31,0.739,-1,-1,-1
372,41,1455.31,587.19,41.53,61.10,0.483,-1,-1,-1
372,42,1558.86,578.12,31.57,76.72,0.633,-1,-1,-1
372,43,1509.48,579.11,34.69,67.10,0.664,-1,-1,-1
372,44,1369.53,582.80,57.99,93.92,0.672,-1,-1,-1
372,45,1532.73,575.04,30.65,72.91,0.566,-1,-1,-1
373,31,1556.43,680.86,98.67,234.74,0.911,-1,-1,-1
373,32,1320.45,650.46,60.37,175.60,0.787,-1,-1,-1
373,34,1357.25,654.07,74.45,218.31,0.827,-1,-1,-1
373,36,1681.76,607.90,71.27,147.38,0.526,-1,-1,-1
373,38,1459.64,726.11,85.25,232.16,0.823,-1,-1,-1
373,40,2.17,727.19,51.98,180.77,0.821,-1,-1,-1
373,41,1455.61,586.60,41.99,61.96,0.467,-1,-1,-1
373,42,1559.77,577.11,31.79,76.95,0.621,-1,-1,-1
373,43,1511.47,578.63,35.05,67.69,0.664,-1,-1,-1
373,44,1369.88,582.90,59.87,97.84,0.700,-1,-1,-1
373,45,1533.93,574.38,30.71,73.06,0.557,-1,-1,-1
374,31,1556.62,686.08,99.96,232.34,0.899,-1,-1,-1
374,32,1318.24,649.88,57.46,169.17,0.741,-1,-1,-1
374,34,1356.46,655.60,74.19,218.75,0.824,-1,-1,-1
374,38,1458.14,726.69,85.55,235.47,0.835,-1,-1,-1
374,39,1680.26,605.81,48.51,149.14,0.562,-1,-1,-1
374,40,-3.86,728.97,51.88,181.94,0.794,-1,-1,-1
374,41,1455.19,584.43,43.06,63.87,0.538,-1,-1,-1
374,42,1560.30,576.67,31.98,77.22,0.607,-1,-1,-1
374,43,1512.65,578.04,35.48,68.32,0.693,-1,-1,-1
374,44,1369.59,581.78,60.61,100.05,0.696,-1,-1,-1
374,45,1534.58,573.47,30.95,73.54,0.588,-1,-1,-1
375,24,-7.75,732.83,47.65,187.10,0.809,-1,-1,-1
375,31,1556.76,689.45,101.38,231.41,0.873,-1,-1,-1
375,32,1317.08,648.75,55.47,165.36,0.649,-1,-1,-1
375,34,1354.82,655.52,74.74,220.66,0.827,-1,-1,-1
375,36,1689.96,607.68,69.01,146.77,0.641,-1,-1,-1
375,38,1456.46,726.37,86.03,238.82,0.822,-1,-1,-1
375,41,1454.35,581.61,44.21,65.97,0.563,-1,-1,-1
375,42,1560.65,574.16,32.49,78.40,0.594,-1,-1,-1
375,43,1513.34,576.58,35.64,68.35,0.695,-1,-1,-1
375,44,1369.18,579.88,60.99,101.73,0.672,-1,-1,-1
375,45,1534.38,571.93,30.81,73.20,0.559,-1,-1,-1
376,31,1556.23,690.88,102.45,231.92,0.878,-1,-1,-1
376,32,1315.64,647.68,54.21,163.44,0.510,-1,-1,-1
376,34,1354.00,655.90,75.27,222.50,0.845,-1,-1,-1
376,38,1454.96,727.36,86.32,240.76,0.847,-1,-1,-1
376,39,1690.78,605.64,48.26,148.44,0.507,-1,-1,-1
376,40,-13.80,733.56,51.07,186.57,0.815,-1,-1,-1
376,41,1454.15,579.30,44.60,66.99,0.526,-1,-1,-1
376,42,1561.08,571.94,32.99,79.42,0.610,-1,-1,-1
376,43,1513.65,574.83,35.92,68.88,0.682,-1,-1,-1
376,44,1369.20,578.17,60.86,102.37,0.575,-1,-1,-1
376,45,1534.44,570.56,30.59,72.73,0.544,-1,-1,-1
377,31,1553.06,690.46,102.83,233.06,0.820,-1,-1,-1
377,32,1312.50,646.73,55.15,168.49,0.398,-1,-1,-1
377,34,1351.81,654.93,75.72,223.44,0.859,-1,-1,-1
377,38,1453.88,727.75,86.82,243.02,0.854,-1,-1,-1
377,41,1453.47,577.36,44.21,66.80,0.546,-1,-1,-1
377,42,1560.57,568.03,33.84,81.27,0.596,-1,-1,-1
377,43,1513.34,572.75,36.16,69.13,0.706,-1,-1,-1
377,44,1369.75,576.50,60.19,102.33,0.579,-1,-1,-1
377,45,1533.31,568.16,30.64,72.92,0.509,-1,-1,-1
378,31,1547.59,691.04,103.28,235.82,0.855,-1,-1,-1
378,34,1348.69,654.69,76.86,225.65,0.847,-1,-1,-1
378,38,1452.73,729.39,88.13,247.84,0.857,-1,-1,-1
378,41,1452.23,576.73,44.13,67.01,0.553,-1,-1,-1
378,42,1560.01,566.45,34.48,82.30,0.652,-1,-1,-1
378,43,1513.14,571.86,36.60,69.71,0.732,-1,-1,-1
378,44,1369.90,575.25,59.80,102.91,0.619,-1,-1,-1
378,45,1532.69,567.22,30.79,73.39,0.466,-1,-1,-1
379,31,1542.25,691.78,103.36,237.55,0.711,-1,-1,-1
379,32,1303.00,643.95,48.45,146.28,0.584,-1,-1,-1
379,34,1344.44,653.79,77.73,227.14,0.818,-1,-1,-1
379,38,1451.46,730.31,89.54,253.06,0.844,-1,-1,-1
379,39,1702.68,609.39,47.81,147.31,0.520,-1,-1,-1
379,41,1451.30,575.51,44.22,67.58,0.491,-1,-1,-1
379,42,1559.59,565.51,34.96,83.13,0.615,-1,-1,-1
379,43,1512.23,570.15,37.28,70.97,0.711,-1,-1,-1
379,44,1369.03,573.82,59.38,103.31,0.578,-1,-1,-1
379,45,1532.20,565.98,31.03,74.06,0.468,-1,-1,-1
380,31,1531.28,691.80,102.11,238.52,0.845,-1,-1,-1
380,32,1289.26,643.08,61.21,187.67,0.640,-1,-1,-1
380,34,1338.93,652.27,78.36,228.79,0.815,-1,-1,-1
380,38,1449.88,729.73,91.01,258.51,0.854,-1,-1,-1
380,39,1703.74,610.11,44.24,137.58,0.258,-1,-1,-1
380,41,1450.74,573.53,41.80,63.76,0.368,-1,-1,-1
380,42,1558.54,564.53,34.96,82.93,0.602,-1,-1,-1
380,43,1510.72,568.60,37.56,71.42,0.693,-1,-1,-1
380,44,1367.24,572.24,58.79,103.34,0.495,-1,-1,-1
380,45,1530.88,564.83,30.79,73.65,0.526,-1,-1,-1
381,31,1521.00,691.13,101.48,242.30,0.812,-1,-1,-1
381,32,1280.22,641.59,65.35,202.81,0.722,-1,-1,-1
381,34,1332.11,650.85,78.69,229.86,0.839,-1,-1,-1
381,38,1447.68,730.95,92.03,262.70,0.833,-1,-1,-1
381,39,1704.84,610.11,41.32,130.17,0.212,-1,-1,-1
381,41,1448.99,570.42,42.36,64.94,0.306,-1,-1,-1
381,42,1557.34,561.88,35.75,84.78,0.537,-1,-1,-1
381,43,1509.94,566.58,37.79,71.70,0.658,-1,-1,-1
381,44,1366.08,568.85,58.46,104.29,0.613,-1,-1,-1
381,45,1529.60,562.82,30.99,74.36,0.449,-1,-1,-1
382,31,1513.56,691.04,101.25,246.65,0.815,-1,-1,-1
382,32,1272.18,642.60,67.62,209.94,0.742,-1,-1,-1
382,34,1324.99,650.23,78.32,230.17,0.697,-1,-1,-1
382,38,1445.81,734.49,92.34,264.77,0.794,-1,-1,-1
382,39,1706.16,610.02,40.21,127.14,0.117,-1,-1,-1
382,41,1447.27,568.80,40.79,62.47,0.320,-1,-1,-1
382,42,1556.07,561.85,36.10,85.27,0.658,-1,-1,-1
382,43,1508.13,565.95,38.04,72.13,0.660,-1,-1,-1
382,44,1364.66,567.46,58.12,104.92,0.567,-1,-1,-1
382,45,1528.20,562.51,31.12,74.94,0.564,-1,-1,-1
383,31,1508.10,692.26,100.67,249.33,0.839,-1,-1,-1
383,32,1265.32,642.35,69.34,213.85,0.625,-1,-1,-1
383,34,1318.34,648.40,69.34,206.42,0.804,-1,-1,-1
383,38,1442.90,735.88,92.85,267.92,0.828,-1,-1,-1
383,41,1441.37,564.14,43.92,67.32,0.378,-1,-1,-1
383,42,1554.80,563.66,35.13,82.30,0.680,-1,-1,-1
383,43,1506.15,564.41,38.26,72.46,0.676,-1,-1,-1
383,44,1362.79,566.01,57.19,104.69,0.519,-1,-1,-1
383,45,1526.71,561.12,31.32,75.64,0.518,-1,-1,-1
383,46,1488.97,567.24,26.65,70.44,0.605,-1,-1,-1
384,31,1502.05,694.54,100.44,250.03,0.875,-1,-1,-1
384,32,1254.49,642.43,69.84,217.12,0.515,-1,-1,-1
384,34,1312.90,647.57,65.19,196.99,0.783,-1,-1,-1
384,38,1439.10,738.59,93.57,271.71,0.840,-1,-1,-1
384,41,1437.65,561.32,45.05,68.92,0.359,-1,-1,-1
384,42,1553.11,562.60,35.42,82.28,0.684,-1,-1,-1
384,43,1503.87,562.70,38.53,73.28,0.680,-1,-1,-1
384,44,1360.26,564.12,56.88,105.67,0.563,-1,-1,-1
384,45,1525.32,559.89,31.47,76.29,0.561,-1,-1,-1
384,46,1487.08,565.53,26.96,71.30,0.616,-1,-1,-1
385,31,1497.16,698.26,100.56,250.20,0.863,-1,-1,-1
385,32,1244.94,644.24,69.13,217.82,0.738,-1,-1,-1
385,34,1307.67,647.81,63.11,193.66,0.789,-1,-1,-1
385,38,1435.19,742.04,93.84,273.77,0.819,-1,-1,-1
385,41,1435.74,561.13,43.96,67.01,0.123,-1,-1,-1
385,42,1550.98,562.28,35.53,82.07,0.556,-1,-1,-1
385,43,1502.00,561.86,38.92,74.13,0.682,-1,-1,-1
385,44,1357.62,563.51,55.71,105.03,0.530,-1,-1,-1
385,45,1523.54,559.63,31.34,76.19,0.406,-1,-1,-1
385,46,1485.08,566.08,26.81,70.95,0.585,-1,-1,-1
386,31,1494.06,702.07,101.19,251.08,0.870,-1,-1,-1
386,32,1238.70,645.69,68.65,218.70,0.821,-1,-1,-1
386,34,1302.14,648.40,62.01,192.28,0.572,-1,-1,-1
386,38,1429.57,746.27,94.24,275.85,0.825,-1,-1,-1
386,41,1429.05,560.54,48.47,74.15,0.479,-1,-1,-1
386,42,1548.82,562.99,36.15,83.23,0.511,-1,-1,-1
386,43,1499.77,562.00,39.50,75.26,0.713,-1,-1,-1
386,44,1354.89,563.94,54.47,104.30,0.497,-1,-1,-1
386,45,1521.34,559.72,31.64,77.19,0.434,-1,-1,-1
386,46,1482.93,566.14,27.05,71.61,0.639,-1,-1,-1
386,47,1785.67,601.33,36.01,139.27,0.540,-1,-1,-1
387,31,1491.75,701.71,102.29,252.54,0.875,-1,-1,-1
387,32,1234.25,644.40,68.41,220.57,0.818,-1,-1,-1
387,34,1297.70,647.02,61.49,193.28,0.649,-1,-1,-1
387,38,1425.75,746.35,95.09,279.40,0.778,-1,-1,-1
387,41,1423.96,559.77,49.46,75.72,0.528,-1,-1,-1
387,42,1546.09,560.43,36.38,83.41,0.568,-1,-1,-1
387,43,1497.40,559.66,39.41,75.18,0.688,-1,-1,-1
387,44,1351.13,561.54,53.52,104.47,0.627,-1,-1,-1
387,45,1518.45,556.50,31.96,78.18,0.379,-1,-1,-1
387,46,1480.49,562.33,27.66,73.44,0.633,-1,-1,-1
387,47,1785.47,595.07,37.65,145.46,0.674,-1,-1,-1
387,48,1543.58,684.04,60.54,235.54,0.731,-1,-1,-1
388,31,1486.09,705.51,103.72,255.47,0.904,-1,-1,-1
388,32,1228.50,645.54,68.50,222.72,0.790,-1,-1,-1
388,34,1291.89,648.95,60.71,192.50,0.358,-1,-1,-1
388,36,1728.34,600.18,66.66,144.69,0.548,-1,-1,-1
388,38,1419.44,749.82,96.01,282.80,0.778,-1,-1,-1
388,41,1419.31,561.07,50.32,77.24,0.506,-1,-1,-1
388,42,1543.70,562.74,36.08,82.35,0.562,-1,-1,-1
388,43,1494.26,561.49,39.26,75.00,0.700,-1,-1,-1
388,44,1347.51,562.48,52.53,104.08,0.587,-1,-1,-1
388,45,1515.87,558.38,31.86,78.00,0.496,-1,-1,-1
388,46,1477.24,563.47,27.82,74.10,0.635,-1,-1,-1
388,47,1785.17,595.34,38.88,149.97,0.618,-1,-1,-1
388,48,1537.51,686.05,61.44,238.66,0.746,-1,-1,-1
389,31,1478.72,706.82,104.76,258.75,0.817,-1,-1,-1
389,32,1222.95,646.42,68.38,224.33,0.773,-1,-1,-1
389,34,1286.80,651.43,60.59,195.94,0.681,-1,-1,-1
389,36,1729.43,601.71,69.10,152.30,0.580,-1,-1,-1
389,38,1414.56,752.39,96.53,285.92,0.798,-1,-1,-1
389,41,1415.10,563.32,50.41,77.63,0.535,-1,-1,-1
389,42,1539.90,562.71,36.74,83.73,0.651,-1,-1,-1
389,43,1490.80,562.69,39.53,75.52,0.729,-1,-1,-1
389,44,1344.25,563.83,51.57,103.31,0.405,-1,-1,-1
389,45,1512.12,559.75,31.68,77.85,0.537,-1,-1,-1
389,46,1474.31,564.97,27.65,73.81,0.588,-1,-1,-1
389,47,1787.19,604.62,37.17,143.08,0.421,-1,-1,-1
389,48,1531.46,686.88,62.67,242.43,0.775,-1,-1,-1
390,31,1471.65,708.25,105.26,262.15,0.814,-1,-1,-1
390,32,1218.45,646.38,68.53,226.51,0.772,-1,-1,-1
390,34,1277.48,651.92,61.91,200.91,0.105,-1,-1,-1
390,36,1730.00,600.04,69.96,156.96,0.593,-1,-1,-1
390,38,1408.98,752.28,98.55,292.30,0.805,-1,-1,-1
390,41,1410.46,560.65,51.88,80.46,0.536,-1,-1,-1
390,42,1536.42,561.13,37.10,84.43,0.532,-1,-1,-1
390,43,1487.03,561.06,40.03,76.58,0.725,-1,-1,-1
390,44,1339.37,562.19,51.56,104.61,0.485,-1,-1,-1
390,45,1508.62,558.30,32.07,78.95,0.500,-1,-1,-1
390,46,1470.81,563.24,27.96,74.96,0.585,-1,-1,-1
390,47,1789.03,604.25,36.94,142.01,0.431,-1,-1,-1
390,48,1525.33,686.31,64.22,247.14,0.769,-1,-1,-1
391,31,1462.42,713.24,104.29,263.45,0.774,-1,-1,-1
391,32,1210.55,647.67,68.55,229.57,0.773,-1,-1,-1
391,34,1254.75,655.46,70.56,228.40,0.763,-1,-1,-1
391,38,1404.74,755.67,98.89,296.24,0.825,-1,-1,-1
391,39,1732.75,609.71,51.65,159.35,0.664,-1,-1,-1
391,41,1406.65,564.22,51.61,80.28,0.667,-1,-1,-1
391,42,1532.51,562.80,38.09,86.99,0.646,-1,-1,-1
391,43,1483.18,564.31,40.08,76.82,0.759,-1,-1,-1
391,44,1335.50,563.33,50.89,104.90,0.599,-1,-1,-1
391,45,1504.86,561.51,32.10,79.22,0.589,-1,-1,-1
391,46,1466.87,566.72,27.92,75.16,0.636,-1,-1,-1
391,47,1789.61,615.36,35.81,137.38,0.417,-1,-1,-1
391,48,1517.09,690.41,65.52,250.19,0.751,-1,-1,-1
392,31,1453.09,713.83,101.42,261.28,0.640,-1,-1,-1
392,32,1203.48,647.62,68.30,231.72,0.800,-1,-1,-1
392,34,1242.28,653.88,74.13,240.88,0.776,-1,-1,-1
392,36,1728.29,605.60,70.93,161.51,0.636,-1,-1,-1
392,38,1399.44,755.80,100.17,301.37,0.765,-1,-1,-1
392,41,1401.36,563.00,51.69,80.51,0.656,-1,-1,-1
392,42,1527.34,560.28,38.90,88.80,0.598,-1,-1,-1
392,43,1477.17,562.40,40.08,77.33,0.737,-1,-1,-1
392,44,1338.25,561.78,53.61,111.86,0.637,-1,-1,-1
392,45,1499.83,559.67,32.38,80.09,0.629,-1,-1,-1
392,46,1461.85,565.35,27.86,75.25,0.616,-1,-1,-1
392,47,1788.90,615.18,35.43,135.51,0.311,-1,-1,-1
392,48,1508.07,686.61,68.01,257.13,0.805,-1,-1,-1
393,32,1193.43,648.08,68.24,233.22,0.745,-1,-1,-1
393,34,1231.39,656.38,75.59,246.96,0.681,-1,-1,-1
393,38,1391.14,759.86,100.98,303.81,0.826,-1,-1,-1
393,39,1734.69,610.14,53.66,162.24,0.665,-1,-1,-1
393,41,1395.89,563.98,51.85,80.83,0.690,-1,-1,-1
393,42,1521.72,560.22,39.54,90.48,0.560,-1,-1,-1
393,43,1471.48,563.07,40.50,78.12,0.676,-1,-1,-1
393,44,1336.73,561.98,54.60,115.66,0.667,-1,-1,-1
393,45,1494.23,560.74,32.37,80.34,0.490,-1,-1,-1
393,46,1456.37,565.19,28.24,76.56,0.553,-1,-1,-1
393,47,1787.36,612.88,36.73,140.23,0.475,-1,-1,-1
393,48,1496.65,691.01,69.06,258.50,0.758,-1,-1,-1
394,32,1185.32,649.31,67.67,235.17,0.811,-1,-1,-1
394,34,1221.81,657.75,76.71,251.41,0.698,-1,-1,-1
394,38,1385.42,761.16,102.26,308.50,0.827,-1,-1,-1
394,39,1733.31,610.48,53.48,160.93,0.342,-1,-1,-1
394,41,1389.76,563.75,52.43,81.76,0.773,-1,-1,-1
394,42,1516.35,559.06,40.28,92.13,0.600,-1,-1,-1
394,43,1465.58,563.82,40.18,77.73,0.757,-1,-1,-1
394,44,1332.63,562.01,54.60,117.40,0.700,-1,-1,-1
394,45,1488.51,560.26,32.62,81.30,0.598,-1,-1,-1
394,46,1450.06,565.74,27.85,75.72,0.455,-1,-1,-1
394,47,1786.59,609.99,37.49,143.19,0.443,-1,-1,-1
394,48,1483.74,694.12,69.93,259.93,0.757,-1,-1,-1
395,31,1418.08,722.03,101.22,266.00,0.512,-1,-1,-1
395,32,1175.88,649.41,67.23,236.09,0.750,-1,-1,-1
395,34,1211.96,657.51,77.38,255.00,0.640,-1,-1,-1
395,36,1726.88,606.96,74.45,168.81,0.570,-1,-1,-1
395,38,1377.33,763.40,103.12,312.17,0.822,-1,-1,-1
395,41,1383.42,563.28,52.96,82.96,0.719,-1,-1,-1
395,42,1509.82,559.28,40.38,92.64,0.556,-1,-1,-1
395,43,1459.60,564.57,40.10,77.83,0.736,-1,-1,-1
395,44,1328.06,563.26,54.25,118.25,0.718,-1,-1,-1
395,45,1482.08,561.01,32.62,81.65,0.598,-1,-1,-1
395,46,1443.79,566.04,28.10,76.64,0.549,-1,-1,-1
395,47,1784.43,610.39,38.10,145.92,0.485,-1,-1,-1
395,48,1470.71,698.42,70.31,261.04,0.297,-1,-1,-1
396,31,1406.17,718.81,102.79,273.67,0.325,-1,-1,-1
396,32,1165.86,648.93,67.64,240.31,0.775,-1,-1,-1
396,34,1202.93,657.09,78.10,259.00,0.542,-1,-1,-1
396,36,1723.73,607.90,73.23,166.61,0.233,-1,-1,-1
396,38,1371.06,763.93,103.51,313.59,0.870,-1,-1,-1
396,41,1376.52,562.56,52.85,82.77,0.731,-1,-1,-1
396,42,1503.39,558.12,40.65,93.06,0.648,-1,-1,-1
396,43,1452.24,563.80,39.84,77.62,0.712,-1,-1,-1
396,44,1321.15,561.99,54.10,119.53,0.721,-1,-1,-1
396,45,1475.92,560.03,32.98,82.61,0.674,-1,-1,-1
396,46,1437.29,565.39,27.95,76.52,0.538,-1,-1,-1
396,47,1782.01,607.85,38.74,148.56,0.192,-1,-1,-1
396,48,1452.50,700.09,72.07,265.92,0.449,-1,-1,-1
397,31,1400.56,716.00,104.85,281.51,0.438,-1,-1,-1
397,32,1155.56,650.79,68.03,244.77,0.779,-1,-1,-1
397,34,1191.88,656.99,79.06,263.03,0.227,-1,-1,-1
397,36,1722.43,607.06,76.37,172.09,0.377,-1,-1,-1
397,38,1362.52,766.85,103.68,313.67,0.846,-1,-1,-1
397,41,1369.70,563.78,52.64,82.36,0.781,-1,-1,-1
397,42,1496.16,558.86,40.42,92.87,0.644,-1,-1,-1
397,43,1444.73,563.78,39.82,78.07,0.659,-1,-1,-1
397,44,1312.88,560.06,54.23,121.46,0.755,-1,-1,-1
397,45,1469.04,559.51,33.42,84.06,0.621,-1,-1,-1
397,46,1431.10,565.16,28.01,76.95,0.460,-1,-1,-1
397,48,1438.27,702.09,73.08,269.61,0.389,-1,-1,-1
398,31,1388.97,721.25,102.67,277.75,0.341,-1,-1,-1
398,32,1142.98,653.26,67.43,245.24,0.728,-1,-1,-1
398,36,1718.92,605.18,78.24,175.20,0.135,-1,-1,-1
398,38,1355.48,768.89,103.14,313.15,0.765,-1,-1,-1
398,41,1361.67,563.36,53.19,83.23,0.781,-1,-1,-1
398,42,1488.85,558.43,40.73,93.52,0.604,-1,-1,-1
398,43,1438.06,563.39,40.01,78.56,0.727,-1,-1,-1
398,44,1304.47,559.84,53.52,121.22,0.709,-1,-1,-1
398,45,1461.66,559.10,33.39,84.42,0.596,-1,-1,-1
398,46,1424.09,564.50,28.17,77.88,0.488,-1,-1,-1
398,48,1418.13,704.00,76.53,283.78,0.364,-1,-1,-1
399,31,1382.79,726.09,76.23,203.99,0.503,-1,-1,-1
399,32,1127.82,654.74,67.22,245.37,0.787,-1,-1,-1
399,36,1715.15,606.19,79.35,176.17,0.286,-1,-1,-1
399,38,1348.80,771.45,101.90,310.46,0.751,-1,-1,-1
399,41,1354.20,563.23,52.96,82.89,0.772,-1,-1,-1
399,42,1481.79,558.55,39.87,91.81,0.678,-1,-1,-1
399,43,1430.26,562.32,40.22,79.39,0.748,-1,-1,-1
399,44,1295.02,556.82,53.43,122.31,0.776,-1,-1,-1
399,45,1454.18,558.72,33.34,84.70,0.694,-1,-1,-1
399,46,1416.09,563.96,27.96,77.95,0.626,-1,-1,-1
399,48,1400.75,697.66,80.79,303.66,0.663,-1,-1,-1
400,31,1383.42,707.80,69.87,188.18,0.504,-1,-1,-1
400,34,1114.02,657.55,75.37,252.12,0.829,-1,-1,-1
400,36,1711.20,607.54,79.74,176.50,0.171,-1,-1,-1
400,38,1337.32,775.25,101.41,306.76,0.824,-1,-1,-1
400,41,1345.68,564.19,52.84,82.72,0.767,-1,-1,-1
400,42,1473.98,558.71,40.20,92.79,0.592,-1,-1,-1
400,43,1422.47,562.71,40.49,80.13,0.695,-1,-1,-1
400,44,1285.25,555.58,53.53,123.35,0.786,-1,-1,-1
400,45,1445.90,559.08,33.32,85.19,0.577,-1,-1,-1
400,46,1408.77,564.58,27.84,78.29,0.611,-1,-1,-1
400,48,1386.38,697.10,82.21,312.02,0.580,-1,-1,-1
401,31,1376.25,706.74,65.95,178.08,0.438,-1,-1,-1
401,32,1094.40,657.21,68.87,249.03,0.769,-1,-1,-1
401,36,1707.94,606.30,80.79,179.87,0.377,-1,-1,-1
401,38,1323.55,779.29,101.71,302.14,0.751,-1,-1,-1
401,41,1335.82,564.75,53.26,83.75,0.760,-1,-1,-1
401,42,1465.62,558.19,41.13,94.59,0.545,-1,-1,-1
401,43,1414.35,563.11,40.89,81.05,0.744,-1,-1,-1
401,44,1277.29,558.28,52.04,121.10,0.749,-1,-1,-1
401,45,1437.71,559.52,33.23,85.36,0.555,-1,-1,-1
401,46,1400.41,565.34,27.69,78.43,0.514,-1,-1,-1
401,48,1372.11,702.02,82.28,315.47,0.588,-1,-1,-1
402,31,1353.66,723.96,51.21,133.62,0.524,-1,-1,-1
402,32,1075.61,659.13,70.14,249.66,0.805,-1,-1,-1
402,34,1101.81,660.30,78.40,266.58,0.634,-1,-1,-1
402,36,1701.33,603.61,81.29,182.54,0.146,-1,-1,-1
402,38,1313.70,783.15,101.99,297.18,0.822,-1,-1,-1
402,41,1325.77,563.42,53.91,84.98,0.774,-1,-1,-1
402,42,1456.03,558.14,40.86,94.04,0.653,-1,-1,-1
402,43,1404.94,562.50,41.03,81.67,0.726,-1,-1,-1
402,44,1266.91,556.16,52.07,121.95,0.804,-1,-1,-1
402,45,1428.71,558.71,33.50,86.74,0.671,-1,-1,-1
402,46,1391.29,564.69,27.68,79.03,0.500,-1,-1,-1
402,48,1357.68,700.54,83.13,320.57,0.468,-1,-1,-1
403,31,1333.59,735.73,41.56,104.27,0.636,-1,-1,-1
403,32,1057.46,659.55,71.74,252.85,0.758,-1,-1,-1
403,34,1093.74,661.30,79.08,273.40,0.657,-1,-1,-1
403,36,1692.23,599.42,81.23,185.73,0.173,-1,-1,-1
403,38,1302.67,786.33,102.17,291.98,0.765,-1,-1,-1
403,39,1710.19,613.97,57.78,171.92,0.607,-1,-1,-1
403,41,1315.74,562.28,54.59,86.35,0.666,-1,-1,-1
403,42,1446.76,557.38,41.11,94.92,0.647,-1,-1,-1
403,43,1396.16,562.49,40.88,81.51,0.673,-1,-1,-1
403,44,1257.23,555.39,51.89,122.33,0.765,-1,-1,-1
403,45,1419.79,557.43,33.81,88.11,0.645,-1,-1,-1
403,46,1382.52,563.85,27.56,79.14,0.425,-1,-1,-1
403,48,1349.29,705.97,66.74,253.35,0.540,-1,-1,-1
404,31,1314.72,742.80,38.42,92.67,0.598,-1,-1,-1
404,32,1042.48,661.34,74.02,256.62,0.626,-1,-1,-1
404,34,1080.83,664.36,79.56,276.17,0.713,-1,-1,-1
404,36,1688.15,598.64,81.25,188.71,0.352,-1,-1,-1
404,38,1292.12,791.33,102.75,287.43,0.837,-1,-1,-1
404,39,1711.40,615.49,56.67,170.83,0.357,-1,-1,-1
404,41,1306.13,561.60,54.92,87.54,0.724,-1,-1,-1
404,42,1436.92,557.41,41.25,95.39,0.575,-1,-1,-1
404,43,1386.76,562.69,41.34,82.72,0.742,-1,-1,-1
404,44,1247.73,555.68,51.50,122.44,0.772,-1,-1,-1
404,45,1410.05,557.80,33.75,88.54,0.597,-1,-1,-1
404,46,1373.31,564.29,27.41,79.26,0.355,-1,-1,-1
404,48,1338.98,711.25,53.01,198.78,0.601,-1,-1,-1
405,31,1293.82,746.98,41.38,97.39,0.541,-1,-1,-1
405,32,1024.12,662.67,75.15,256.81,0.755,-1,-1,-1
405,34,1064.47,664.05,81.25,280.10,0.679,-1,-1,-1
405,36,1688.89,605.84,77.91,183.35,0.286,-1,-1,-1
405,38,1274.68,794.36,105.06,285.16,0.883,-1,-1,-1
405,39,1700.68,609.16,59.85,180.62,0.535,-1,-1,-1
405,41,1295.36,560.84,55.16,88.51,0.695,-1,-1,-1
405,42,1426.94,558.47,40.85,94.52,0.660,-1,-1,-1
405,43,1376.32,563.12,41.09,82.57,0.729,-1,-1,-1
405,44,1236.25,555.53,51.23,122.80,0.776,-1,-1,-1
405,45,1400.49,557.38,34.16,89.87,0.631,-1,-1,-1
405,46,1363.57,564.43,27.47,80.05,0.465,-1,-1,-1
405,48,1324.62,716.89,46.35,171.93,0.319,-1,-1,-1
406,31,1276.43,748.49,42.65,97.34,0.586,-1,-1,-1
406,32,1005.65,663.83,76.22,258.85,0.676,-1,-1,-1
406,34,1046.85,664.23,83.37,283.08,0.770,-1,-1,-1
406,36,1678.96,599.35,79.84,191.14,0.484,-1,-1,-1
406,38,1257.99,796.48,106.14,283.01,0.539,-1,-1,-1
406,39,1699.37,610.81,58.19,177.43,0.272,-1,-1,-1
406,41,1284.85,558.84,55.72,90.24,0.695,-1,-1,-1
406,42,1416.49,557.69,41.23,95.32,0.685,-1,-1,-1
406,43,1366.35,561.76,41.34,83.25,0.714,-1,-1,-1
406,44,1225.20,554.19,50.86,123.10,0.779,-1,-1,-1
406,45,1390.81,555.66,34.38,90.77,0.555,-1,-1,-1
406,46,1353.48,563.80,27.25,80.08,0.401,-1,-1,-1
406,48,1308.47,719.87,40.21,146.35,0.614,-1,-1,-1
407,32,986.01,666.13,77.02,261.38,0.580,-1,-1,-1
407,34,1027.90,669.08,85.64,282.59,0.883,-1,-1,-1
407,36,1670.07,597.41,81.09,196.71,0.401,-1,-1,-1
407,38,1245.43,799.87,107.46,280.06,0.876,-1,-1,-1
407,39,1692.71,614.69,58.10,178.52,0.537,-1,-1,-1
407,41,1273.43,559.14,55.75,91.08,0.679,-1,-1,-1
407,42,1405.77,557.92,41.47,96.18,0.676,-1,-1,-1
407,43,1354.86,561.96,41.45,84.12,0.701,-1,-1,-1
407,44,1214.14,554.91,50.47,123.31,0.781,-1,-1,-1
407,45,1380.63,556.28,34.72,92.05,0.679,-1,-1,-1
407,46,1343.03,564.49,27.39,81.13,0.367,-1,-1,-1
407,48,1289.36,723.05,37.92,135.24,0.592,-1,-1,-1
408,31,1253.73,733.22,52.53,120.70,0.621,-1,-1,-1
408,32,968.93,668.93,77.02,261.16,0.495,-1,-1,-1
408,34,1009.19,670.29,88.10,284.77,0.861,-1,-1,-1
408,36,1660.53,594.70,81.62,203.75,0.736,-1,-1,-1
408,38,1231.51,801.34,107.98,274.92,0.807,-1,-1,-1
408,39,1688.81,617.21,54.84,171.03,0.396,-1,-1,-1
408,41,1261.10,558.76,55.53,91.67,0.691,-1,-1,-1
408,42,1394.41,557.89,41.58,96.67,0.679,-1,-1,-1
408,43,1343.64,562.00,41.54,84.52,0.692,-1,-1,-1
408,44,1202.35,554.60,50.01,123.27,0.783,-1,-1,-1
408,45,1369.56,556.14,34.87,92.74,0.646,-1,-1,-1
408,46,1332.12,565.99,26.79,80.22,0.239,-1,-1,-1
408,47,1753.03,614.58,40.54,156.01,0.550,-1,-1,-1
409,31,1237.80,728.38,55.94,129.22,0.581,-1,-1,-1
409,32,949.58,670.74,77.11,262.58,0.555,-1,-1,-1
409,34,991.77,671.80,90.20,286.48,0.854,-1,-1,-1
409,36,1652.03,592.55,82.00,209.39,0.751,-1,-1,-1
409,38,1213.58,803.22,110.22,274.30,0.846,-1,-1,-1
409,39,1679.79,615.77,56.22,177.38,0.177,-1,-1,-1
409,41,1249.75,558.62,55.54,91.97,0.630,-1,-1,-1
409,42,1382.95,558.37,41.28,96.20,0.710,-1,-1,-1
409,43,1331.53,561.75,41.74,85.25,0.708,-1,-1,-1
409,44,1189.79,554.86,49.72,123.26,0.771,-1,-1,-1
409,45,1358.16,556.67,34.58,92.72,0.676,-1,-1,-1
409,46,1320.27,564.89,27.16,82.06,0.343,-1,-1,-1
409,47,1745.43,611.62,41.39,159.91,0.590,-1,-1,-1
409,49,1142.56,755.82,129.25,130.97,0.566,-1,-1,-1
410,31,1219.92,726.26,57.24,132.23,0.727,-1,-1,-1
410,32,931.06,671.28,77.89,266.91,0.758,-1,-1,-1
410,34,971.80,674.83,91.57,288.07,0.804,-1,-1,-1
410,36,1647.23,596.57,79.36,205.88,0.579,-1,-1,-1
410,38,1196.65,807.75,110.93,271.14,0.786,-1,-1,-1
410,39,1673.01,618.54,54.30,173.94,0.374,-1,-1,-1
410,41,1238.04,558.29,55.43,92.27,0.632,-1,-1,-1
410,42,1371.20,558.37,41.15,96.16,0.712,-1,-1,-1
410,43,1319.50,561.40,41.81,85.88,0.691,-1,-1,-1
410,44,1177.19,554.86,49.41,123.25,0.788,-1,-1,-1
410,45,1346.50,556.51,34.26,92.55,0.562,-1,-1,-1
410,46,1308.50,564.16,27.25,82.85,0.272,-1,-1,-1
410,47,1736.71,610.87,41.58,161.54,0.664,-1,-1,-1
410,49,1124.06,756.12,125.13,126.80,0.389,-1,-1,-1
411,31,1203.23,726.45,52.09,118.35,0.737,-1,-1,-1
411,32,911.04,672.45,78.24,270.49,0.710,-1,-1,-1
411,34,955.60,677.32,93.25,289.28,0.868,-1,-1,-1
411,36,1637.12,597.43,77.84,206.38,0.720,-1,-1,-1
411,38,1181.08,814.05,109.87,264.75,0.824,-1,-1,-1
411,39,1665.91,622.04,49.35,160.07,0.384,-1,-1,-1
411,41,1225.43,559.44,54.96,91.78,0.663,-1,-1,-1
411,42,1358.66,558.86,41.42,97.00,0.722,-1,-1,-1
411,43,1307.11,561.39,41.90,86.53,0.731,-1,-1,-1
411,44,1163.87,555.82,49.11,123.07,0.798,-1,-1,-1
411,45,1333.68,557.53,34.07,92.66,0.655,-1,-1,-1
411,46,1295.60,563.74,27.33,83.61,0.264,-1,-1,-1
411,47,1726.00,611.12,42.09,162.76,0.741,-1,-1,-1
411,49,1062.19,758.00,204.23,208.27,0.580,-1,-1,-1
412,31,1184.30,727.14,48.19,107.53,0.719,-1,-1,-1
412,32,894.81,672.39,77.67,273.80,0.686,-1,-1,-1
412,34,936.61,677.97,95.49,291.80,0.854,-1,-1,-1
412,36,1625.91,594.71,76.83,207.93,0.717,-1,-1,-1
412,38,1161.41,814.47,111.54,264.77,0.845,-1,-1,-1
412,41,1211.00,559.36,54.11,91.20,0.604,-1,-1,-1
412,42,1345.68,557.81,41.44,97.17,0.665,-1,-1,-1
412,43,1294.87,560.30,42.06,87.19,0.715,-1,-1,-1
412,44,1150.30,556.84,48.33,121.18,0.773,-1,-1,-1
412,45,1320.80,556.35,34.10,93.33,0.588,-1,-1,-1
412,46,1282.83,562.62,27.23,83.76,0.148,-1,-1,-1
412,47,1715.36,611.14,42.25,161.82,0.688,-1,-1,-1
412,49,1028.59,759.47,233.67,240.98,0.697,-1,-1,-1
413,31,1162.97,722.98,48.75,107.78,0.688,-1,-1,-1
413,32,875.27,671.93,76.92,277.25,0.711,-1,-1,-1
413,34,915.34,678.35,97.79,294.90,0.849,-1,-1,-1
413,38,1139.80,817.24,112.58,262.21,0.852,-1,-1,-1
413,39,1626.26,601.08,59.35,194.33,0.692,-1,-1,-1
413,41,1196.00,558.51,54.11,92.34,0.645,-1,-1,-1
413,42,1332.90,557.17,42.23,99.10,0.690,-1,-1,-1
413,43,1281.52,559.13,42.19,88.14,0.691,-1,-1,-1
413,44,1136.04,556.20,48.52,121.93,0.786,-1,-1,-1
413,45,1308.14,555.98,33.94,93.51,0.572,-1,-1,-1
413,46,1270.13,561.47,27.33,84.50,0.286,-1,-1,-1
413,47,1703.17,609.38,43.51,165.23,0.666,-1,-1,-1
413,49,1000.19,761.89,252.14,262.71,0.565,-1,-1,-1
414,31,1140.17,721.60,49.02,107.44,0.671,-1,-1,-1
414,32,853.48,673.12,76.24,279.77,0.692,-1,-1,-1
414,34,886.55,680.70,97.25,295.85,0.731,-1,-1,-1
414,36,1604.25,595.28,66.98,182.93,0.738,-1,-1,-1
414,38,1117.44,820.10,113.37,259.36,0.827,-1,-1,-1
414,41,1181.32,558.87,53.47,91.95,0.612,-1,-1,-1
414,42,1318.79,556.25,43.03,101.20,0.646,-1,-1,-1
414,43,1267.43,558.80,42.07,88.64,0.702,-1,-1,-1
414,44,1121.47,557.62,48.13,120.62,0.744,-1,-1,-1
414,45,1294.22,555.74,33.80,93.64,0.612,-1,-1,-1
414,46,1256.55,560.91,27.35,85.13,0.440,-1,-1,-1
414,47,1689.23,607.82,44.32,167.54,0.522,-1,-1,-1
415,31,1117.93,725.76,47.63,102.57,0.507,-1,-1,-1
415,32,830.38,673.41,75.91,281.54,0.556,-1,-1,-1
415,34,855.70,682.20,97.32,298.21,0.740,-1,-1,-1
415,38,1096.32,822.32,113.59,256.70,0.823,-1,-1,-1
415,39,1597.23,594.87,54.90,179.20,0.785,-1,-1,-1
415,41,1166.25,559.63,52.51,91.32,0.625,-1,-1,-1
415,42,1304.28,555.69,43.10,101.57,0.657,-1,-1,-1
415,43,1253.15,558.33,42.13,89.35,0.703,-1,-1,-1
415,44,1106.83,560.96,46.94,117.17,0.774,-1,-1,-1
415,45,1280.59,555.71,33.71,93.94,0.604,-1,-1,-1
415,46,1242.57,559.41,27.70,86.74,0.371,-1,-1,-1
415,47,1672.69,608.08,44.91,169.10,0.685,-1,-1,-1
415,50,1848.13,586.57,58.23,186.92,0.776,-1,-1,-1
416,31,1094.11,729.89,47.44,100.47,0.651,-1,-1,-1
416,32,803.64,674.23,75.79,282.24,0.621,-1,-1,-1
416,34,825.63,682.89,98.26,300.67,0.733,-1,-1,-1
416,36,1578.71,594.01,61.81,172.45,0.764,-1,-1,-1
416,38,1074.33,824.75,113.64,253.60,0.824,-1,-1,-1
416,41,1150.21,557.10,52.88,92.96,0.614,-1,-1,-1
416,42,1289.92,554.31,42.98,101.55,0.676,-1,-1,-1
416,43,1239.12,557.26,41.91,89.59,0.712,-1,-1,-1
416,44,1091.41,560.83,46.66,116.45,0.630,-1,-1,-1
416,45,1266.43,554.62,33.56,93.92,0.455,-1,-1,-1
416,46,1228.39,556.25,28.06,88.49,0.240,-1,-1,-1
416,47,1659.26,604.31,46.58,172.93,0.557,-1,-1,-1
416,49,920.42,780.40,279.80,297.29,0.642,-1,-1,-1
416,50,1833.33,586.29,59.22,189.82,0.766,-1,-1,-1
417,31,1068.11,734.30,47.95,99.84,0.671,-1,-1,-1
417,32,775.56,675.31,76.89,286.82,0.477,-1,-1,-1
417,34,796.22,683.44,100.63,303.74,0.723,-1,-1,-1
417,36,1568.97,593.46,61.78,171.80,0.194,-1,-1,-1
417,38,1050.78,828.13,113.44,250.30,0.797,-1,-1,-1
417,39,1570.40,593.05,52.65,173.67,0.560,-1,-1,-1
417,41,1133.54,555.34,53.73,94.80,0.169,-1,-1,-1
417,42,1275.38,554.45,42.75,101.27,0.656,-1,-1,-1
417,43,1224.13,556.96,41.62,89.84,0.652,-1,-1,-1
417,44,1075.88,556.34,48.53,121.56,0.543,-1,-1,-1
417,45,1252.12,554.20,33.68,94.78,0.359,-1,-1,-1
417,46,1213.59,555.45,28.17,89.11,0.140,-1,-1,-1
417,47,1647.12,607.65,47.45,171.57,0.664,-1,-1,-1
417,50,1818.36,585.40,60.40,193.39,0.802,-1,-1,-1
418,31,1041.00,737.93,48.53,99.12,0.725,-1,-1,-1
418,32,748.56,676.37,78.44,292.42,0.210,-1,-1,-1
418,34,766.95,683.31,101.94,307.28,0.744,-1,-1,-1
418,38,1027.00,830.08,113.70,248.84,0.778,-1,-1,-1
418,39,1557.21,597.02,49.46,166.44,0.704,-1,-1,-1
418,41,1118.31,554.08,53.53,95.30,0.660,-1,-1,-1
418,42,1259.54,554.65,42.60,101.00,0.596,-1,-1,-1
418,43,1209.41,555.87,41.61,90.42,0.681,-1,-1,-1
418,44,1060.12,558.92,47.20,118.51,0.738,-1,-1,-1
418,45,1237.11,553.67,33.59,94.89,0.315,-1,-1,-1
418,46,1198.02,553.82,28.49,90.55,0.235,-1,-1,-1
418,47,1635.46,607.65,48.89,171.07,0.729,-1,-1,-1
418,49,874.40,789.29,271.05,296.44,0.749,-1,-1,-1
418,50,1803.00,584.73,60.63,193.92,0.834,-1,-1,-1
419,31,1013.96,740.30,50.07,100.78,0.689,-1,-1,-1
419,34,733.04,681.99,104.51,311.13,0.665,-1,-1,-1
419,38,1004.49,831.76,113.26,247.01,0.756,-1,-1,-1
419,39,1543.16,597.45,48.12,164.25,0.328,-1,-1,-1
419,41,1102.22,552.50,53.43,95.79,0.685,-1,-1,-1
419,42,1253.53,550.55,45.06,108.28,0.651,-1,-1,-1
419,43,1194.43,554.21,41.63,90.95,0.663,-1,-1,-1
419,44,1043.53,557.23,46.99,118.52,0.734,-1,-1,-1
419,45,1234.76,554.81,34.85,96.93,0.655,-1,-1,-1
419,46,1182.84,552.22,28.58,91.33,0.279,-1,-1,-1
419,47,1624.13,609.32,50.32,168.90,0.800,-1,-1,-1
419,50,1787.58,583.42,60.87,194.45,0.801,-1,-1,-1
420,31,986.33,743.38,51.30,102.12,0.549,-1,-1,-1
420,32,702.99,679.82,85.05,308.67,0.554,-1,-1,-1
420,34,711.32,682.33,104.92,314.19,0.602,-1,-1,-1
420,38,977.75,836.76,112.22,242.53,0.832,-1,-1,-1
420,41,1086.65,551.15,53.87,97.15,0.717,-1,-1,-1
420,42,1243.70,549.56,45.58,110.62,0.593,-1,-1,-1
420,43,1180.27,553.97,41.31,90.85,0.715,-1,-1,-1
420,44,1027.38,554.78,47.75,120.48,0.748,-1,-1,-1
420,45,1224.37,555.26,36.08,98.89,0.645,-1,-1,-1
420,46,1168.11,551.62,28.62,91.78,0.395,-1,-1,-1
420,47,1611.45,610.62,52.55,169.86,0.789,-1,-1,-1
420,49,824.93,795.66,262.34,293.83,0.644,-1,-1,-1
420,50,1772.42,582.89,61.27,195.53,0.820,-1,-1,-1
421,31,956.16,747.74,52.36,102.65,0.591,-1,-1,-1
421,34,675.56,684.03,107.69,317.41,0.754,-1,-1,-1
421,38,950.96,842.34,110.50,236.80,0.811,-1,-1,-1
421,41,1070.53,551.12,53.99,97.74,0.784,-1,-1,-1
421,42,1229.20,548.84,46.32,113.03,0.307,-1,-1,-1
421,43,1164.07,554.18,41.00,91.21,0.756,-1,-1,-1
421,44,1009.31,552.83,48.31,122.54,0.770,-1,-1,-1
421,45,1210.98,555.76,37.01,100.83,0.631,-1,-1,-1
421,46,1151.54,553.49,28.31,91.29,0.609,-1,-1,-1
421,47,1597.14,612.19,54.70,170.60,0.815,-1,-1,-1
421,49,800.74,799.00,252.70,288.58,0.579,-1,-1,-1
421,50,1754.68,580.52,62.26,198.71,0.834,-1,-1,-1
422,31,924.19,750.15,53.33,103.11,0.541,-1,-1,-1
422,32,648.10,684.48,94.19,319.10,0.895,-1,-1,-1
422,36,1526.75,621.60,64.88,184.83,0.607,-1,-1,-1
422,38,923.60,845.87,109.17,232.14,0.805,-1,-1,-1
422,41,1053.00,549.41,54.13,98.00,0.725,-1,-1,-1
422,42,1214.49,546.21,46.97,115.73,0.478,-1,-1,-1
422,43,1147.18,552.53,41.17,92.12,0.707,-1,-1,-1
422,44,991.35,550.39,48.20,122.46,0.772,-1,-1,-1
422,45,1193.99,554.46,37.93,102.27,0.656,-1,-1,-1
422,46,1134.55,551.78,28.52,92.33,0.562,-1,-1,-1
422,47,1581.48,614.11,55.66,168.59,0.798,-1,-1,-1
422,49,773.82,799.63,242.65,285.32,0.759,-1,-1,-1
422,50,1736.60,580.97,61.98,197.42,0.835,-1,-1,-1
423,31,890.90,753.54,56.45,108.55,0.433,-1,-1,-1
423,34,609.15,683.86,113.84,325.41,0.901,-1,-1,-1
423,36,1514.24,627.34,65.26,188.24,0.678,-1,-1,-1
423,38,890.14,849.90,109.12,228.37,0.805,-1,-1,-1
423,41,1035.02,549.82,53.15,95.99,0.721,-1,-1,-1
423,42,1197.63,544.71,46.81,116.00,0.237,-1,-1,-1
423,43,1130.60,551.91,41.63,93.21,0.715,-1,-1,-1
423,44,971.73,548.97,48.30,123.55,0.799,-1,-1,-1
423,45,1174.66,552.93,38.69,103.64,0.679,-1,-1,-1
423,46,1116.14,551.56,28.52,92.51,0.428,-1,-1,-1
423,47,1563.32,615.14,56.93,168.69,0.846,-1,-1,-1
423,49,744.48,801.79,232.88,282.30,0.784,-1,-1,-1
423,50,1717.36,580.19,62.33,198.38,0.815,-1,-1,-1
424,31,856.12,757.01,59.51,114.21,0.343,-1,-1,-1
424,32,585.26,690.45,101.44,322.96,0.890,-1,-1,-1
424,36,1496.12,626.71,66.78,195.11,0.787,-1,-1,-1
424,38,861.18,853.29,108.39,224.98,0.843,-1,-1,-1
424,41,1015.52,548.74,53.53,96.73,0.560,-1,-1,-1
424,42,1179.82,543.66,46.70,115.95,0.301,-1,-1,-1
424,43,1112.00,551.29,41.57,94.23,0.709,-1,-1,-1
424,44,952.07,546.97,48.12,123.54,0.792,-1,-1,-1
424,45,1155.36,551.64,39.47,105.42,0.692,-1,-1,-1
424,46,1097.47,551.38,28.50,92.98,0.473,-1,-1,-1
424,47,1545.78,616.23,55.95,163.88,0.747,-1,-1,-1
424,49,715.87,805.83,225.05,278.92,0.668,-1,-1,-1
424,50,1697.55,580.14,62.44,198.39,0.819,-1,-1,-1
425,31,821.44,761.19,59.66,113.70,0.508,-1,-1,-1
425,34,542.57,688.03,119.11,329.98,0.886,-1,-1,-1
425,36,1477.76,629.67,67.14,195.71,0.794,-1,-1,-1
425,38,829.67,858.35,106.96,219.93,0.795,-1,-1,-1
425,41,995.15,546.95,54.81,99.23,0.415,-1,-1,-1
425,42,1160.54,542.53,46.69,116.46,0.420,-1,-1,-1
425,43,1091.82,551.07,41.25,94.73,0.665,-1,-1,-1
425,44,931.69,544.44,48.37,124.84,0.701,-1,-1,-1
425,45,1135.27,552.27,39.72,105.62,0.707,-1,-1,-1
425,46,1077.45,551.64,28.27,92.67,0.416,-1,-1,-1
425,47,1527.65,616.43,56.90,166.27,0.782,-1,-1,-1
425,49,682.80,808.21,216.46,275.45,0.800,-1,-1,-1
425,50,1677.38,580.93,62.30,197.43,0.795,-1,-1,-1
426,31,785.96,764.86,59.20,111.70,0.476,-1,-1,-1
426,32,518.23,693.51,109.46,330.94,0.885,-1,-1,-1
426,36,1459.59,632.73,68.01,195.84,0.741,-1,-1,-1
426,38,798.22,864.78,104.82,213.22,0.758,-1,-1,-1
426,41,976.39,545.43,54.90,99.79,0.685,-1,-1,-1
426,42,1142.75,541.63,47.92,120.64,0.559,-1,-1,-1
426,43,1074.62,550.43,40.91,95.09,0.673,-1,-1,-1
426,44,911.90,543.12,48.30,125.50,0.695,-1,-1,-1
426,45,1116.12,549.97,40.76,108.42,0.711,-1,-1,-1
426,46,1059.39,551.63,28.32,93.15,0.542,-1,-1,-1
426,47,1511.05,615.84,57.49,167.79,0.729,-1,-1,-1
426,49,650.43,811.68,209.12,271.94,0.770,-1,-1,-1
426,50,1658.04,581.29,62.34,196.96,0.833,-1,-1,-1
427,34,475.52,695.17,124.71,335.83,0.882,-1,-1,-1
427,38,764.63,874.15,102.15,204.94,0.779,-1,-1,-1
427,39,1436.78,625.90,61.74,201.80,0.832,-1,-1,-1
427,41,957.10,548.09,54.82,99.87,0.702,-1,-1,-1
427,42,1124.39,542.70,48.03,122.29,0.644,-1,-1,-1
427,43,1055.32,551.03,41.19,97.22,0.698,-1,-1,-1
427,44,893.08,546.03,47.03,122.75,0.797,-1,-1,-1
427,45,1095.69,549.04,41.88,111.57,0.741,-1,-1,-1
427,46,1038.81,552.93,28.33,93.71,0.678,-1,-1,-1
427,47,1493.75,609.55,60.44,176.31,0.678,-1,-1,-1
427,49,615.71,818.48,201.91,266.44,0.663,-1,-1,-1
427,50,1636.69,582.11,63.02,198.05,0.837,-1,-1,-1
428,32,449.76,703.37,114.37,336.82,0.681,-1,-1,-1
428,36,1417.17,637.78,70.41,199.32,0.815,-1,-1,-1
428,38,725.31,884.74,99.79,195.38,0.691,-1,-1,-1
428,41,937.50,550.21,55.08,100.72,0.524,-1,-1,-1
428,42,1105.57,544.49,47.76,122.32,0.568,-1,-1,-1
428,43,1035.77,553.44,41.49,99.14,0.612,-1,-1,-1
428,44,872.99,549.90,46.14,120.95,0.691,-1,-1,-1
428,45,1075.47,551.53,43.38,114.89,0.692,-1,-1,-1
428,46,1018.21,556.25,28.50,94.30,0.513,-1,-1,-1
428,47,1473.92,609.72,61.15,178.85,0.602,-1,-1,-1
428,49,585.13,826.57,192.53,258.30,0.655,-1,-1,-1
428,50,1613.80,583.87,63.72,199.03,0.797,-1,-1,-1
429,34,400.78,705.62,128.40,341.42,0.837,-1,-1,-1
429,38,688.02,893.97,97.42,185.95,0.747,-1,-1,-1
429,39,1397.78,640.25,63.53,199.95,0.820,-1,-1,-1
429,41,917.45,552.23,55.04,101.16,0.582,-1,-1,-1
429,42,1086.06,545.20,48.34,125.46,0.674,-1,-1,-1
429,43,1015.97,554.15,41.67,101.16,0.659,-1,-1,-1
429,44,852.95,554.80,44.62,116.78,0.587,-1,-1,-1
429,45,1053.88,552.43,45.22,118.69,0.749,-1,-1,-1
429,46,997.92,557.18,29.03,95.88,0.691,-1,-1,-1
429,47,1455.43,607.90,62.71,183.84,0.665,-1,-1,-1
429,49,554.26,841.74,173.33,233.04,0.509,-1,-1,-1
429,50,1589.52,586.83,64.13,198.78,0.851,-1,-1,-1
430,32,366.92,712.48,117.95,343.29,0.784,-1,-1,-1
430,36,1375.79,648.59,70.47,197.79,0.823,-1,-1,-1
430,38,651.30,904.91,94.28,175.99,0.629,-1,-1,-1
430,41,893.81,547.58,59.29,109.48,0.145,-1,-1,-1
430,42,1067.25,548.97,47.63,124.52,0.628,-1,-1,-1
430,43,996.64,557.15,41.43,101.83,0.626,-1,-1,-1
430,44,832.07,562.34,42.73,111.83,0.136,-1,-1,-1
430,45,1032.09,554.46,46.57,121.65,0.697,-1,-1,-1
430,46,977.12,560.22,29.32,96.62,0.533,-1,-1,-1
430,47,1439.90,612.26,62.75,182.93,0.629,-1,-1,-1
430,49,514.04,859.82,161.78,218.45,0.728,-1,-1,-1
430,50,1566.15,589.89,65.07,199.57,0.861,-1,-1,-1
431,32,324.61,719.29,116.54,337.69,0.108,-1,-1,-1
431,34,317.77,717.10,130.13,345.29,0.799,-1,-1,-1
431,38,615.42,915.07,90.57,165.77,0.663,-1,-1,-1
431,39,1359.22,653.34,63.91,198.26,0.817,-1,-1,-1
431,41,872.18,543.26,62.34,116.07,0.141,-1,-1,-1
431,42,1047.35,552.57,46.97,123.78,0.722,-1,-1,-1
431,43,976.24,560.98,41.10,102.87,0.687,-1,-1,-1
431,44,810.60,566.65,42.07,109.60,0.243,-1,-1,-1
431,45,1010.48,556.42,48.25,125.40,0.724,-1,-1,-1
431,46,956.37,562.56,30.00,98.67,0.545,-1,-1,-1
431,47,1424.62,617.33,63.33,182.89,0.755,-1,-1,-1
431,49,477.67,873.35,151.49,205.24,0.744,-1,-1,-1
431,50,1542.49,593.83,66.08,200.43,0.858,-1,-1,-1
432,34,273.19,719.60,133.90,352.00,0.806,-1,-1,-1
432,36,1336.20,657.55,69.96,197.65,0.707,-1,-1,-1
432,38,574.83,926.04,86.83,154.23,0.698,-1,-1,-1
432,41,846.86,543.58,62.98,118.10,0.132,-1,-1,-1
432,42,1026.84,552.35,47.53,126.08,0.665,-1,-1,-1
432,43,956.40,561.21,41.48,104.84,0.629,-1,-1,-1
432,44,787.74,566.33,42.47,110.12,0.317,-1,-1,-1
432,45,990.45,557.24,48.35,125.45,0.742,-1,-1,-1
432,46,934.73,562.53,30.72,100.61,0.516,-1,-1,-1
432,47,1409.60,619.92,65.24,184.13,0.799,-1,-1,-1
432,49,436.25,874.86,150.54,204.66,0.690,-1,-1,-1
432,50,1519.44,594.35,67.17,201.49,0.871,-1,-1,-1
433,31,493.14,813.24,76.63,143.77,0.684,-1,-1,-1
433,32,239.49,725.68,119.27,336.92,0.646,-1,-1,-1
433,38,536.50,938.87,82.06,141.70,0.728,-1,-1,-1
433,39,1318.93,662.48,63.46,195.55,0.794,-1,-1,-1
433,42,1006.52,556.51,47.30,126.17,0.684,-1,-1,-1
433,43,935.78,563.30,41.43,106.52,0.651,-1,-1,-1
433,45,968.72,561.28,50.62,131.40,0.749,-1,-1,-1
433,46,913.17,565.43,31.09,101.35,0.399,-1,-1,-1
433,47,1393.60,624.33,67.83,184.58,0.860,-1,-1,-1
433,49,389.66,877.45,149.55,203.31,0.737,-1,-1,-1
433,50,1496.65,598.23,67.82,201.49,0.845,-1,-1,-1
434,31,446.20,818.76,80.99,151.12,0.709,-1,-1,-1
434,34,178.15,727.50,119.10,314.84,0.556,-1,-1,-1
434,36,1295.26,663.29,69.47,196.58,0.641,-1,-1,-1
434,38,495.85,947.77,78.49,132.18,0.770,-1,-1,-1
434,42,984.92,557.14,47.33,127.24,0.729,-1,-1,-1
434,43,914.11,564.19,41.05,107.38,0.752,-1,-1,-1
434,45,946.94,563.79,51.33,132.20,0.787,-1,-1,-1
434,46,890.78,565.91,31.60,102.12,0.621,-1,-1,-1
434,47,1375.50,626.50,70.43,184.44,0.875,-1,-1,-1
434,49,338.40,880.76,148.42,199.70,0.745,-1,-1,-1
434,50,1473.24,599.29,68.46,201.65,0.858,-1,-1,-1
435,31,403.47,824.84,83.59,155.95,0.371,-1,-1,-1
435,32,123.79,731.38,120.28,344.76,0.798,-1,-1,-1
435,38,452.10,962.21,72.74,117.65,0.807,-1,-1,-1
435,39,1276.08,663.70,65.42,201.45,0.821,-1,-1,-1
435,42,964.28,557.52,47.17,127.92,0.781,-1,-1,-1
435,43,892.68,565.63,41.57,110.50,0.751,-1,-1,-1
435,44,720.07,565.54,43.61,112.45,0.671,-1,-1,-1
435,45,925.69,563.38,52.67,135.28,0.735,-1,-1,-1
435,46,868.53,568.38,31.84,101.89,0.714,-1,-1,-1
435,47,1356.34,630.01,72.48,184.83,0.842,-1,-1,-1
435,49,287.53,886.83,146.50,193.78,0.784,-1,-1,-1
435,50,1450.88,601.61,69.12,202.76,0.849,-1,-1,-1
436,31,356.72,833.39,85.12,158.96,0.561,-1,-1,-1
436,34,66.86,733.44,124.87,334.76,0.781,-1,-1,-1
436,36,1250.16,657.19,73.82,212.53,0.841,-1,-1,-1
436,38,406.65,973.46,68.03,105.88,0.720,-1,-1,-1
436,42,943.47,555.97,47.61,130.42,0.795,-1,-1,-1
436,43,870.47,565.42,41.64,112.43,0.758,-1,-1,-1
436,44,696.98,565.07,43.67,112.46,0.125,-1,-1,-1
436,45,904.13,561.19,53.93,138.40,0.755,-1,-1,-1
436,46,846.34,567.23,32.36,103.63,0.436,-1,-1,-1
436,47,1333.97,630.10,75.34,186.63,0.891,-1,-1,-1
436,49,243.95,893.56,142.19,186.67,0.769,-1,-1,-1
436,50,1429.91,601.56,69.35,203.65,0.824,-1,-1,-1
437,31,306.32,842.54,88.37,164.49,0.707,-1,-1,-1
437,32,15.38,737.01,120.13,343.18,0.818,-1,-1,-1
437,38,350.17,981.46,64.70,98.51,0.685,-1,-1,-1
437,39,1229.84,657.48,70.37,219.17,0.813,-1,-1,-1
437,42,923.03,557.75,46.70,128.64,0.739,-1,-1,-1
437,43,848.22,567.76,41.79,114.26,0.745,-1,-1,-1
437,44,675.08,566.66,44.38,112.79,0.788,-1,-1,-1
437,45,882.56,563.33,54.62,140.26,0.735,-1,-1,-1
437,46,824.92,570.07,32.59,104.25,0.471,-1,-1,-1
437,47,1311.81,633.21,77.66,187.86,0.875,-1,-1,-1
437,49,196.48,902.95,136.79,177.84,0.782,-1,-1,-1
437,50,1406.07,603.94,70.18,204.98,0.864,-1,-1,-1
438,31,250.60,846.59,95.24,177.69,0.775,-1,-1,-1
438,34,-16.95,737.76,122.17,336.28,0.787,-1,-1,-1
438,36,1202.78,652.24,77.56,228.57,0.795,-1,-1,-1
438,38,294.80,989.84,60.33,89.02,0.680,-1,-1,-1
438,42,902.69,557.20,44.58,123.13,0.753,-1,-1,-1
438,43,825.85,567.47,42.28,116.50,0.733,-1,-1,-1
438,44,651.49,566.37,44.94,113.03,0.790,-1,-1,-1
438,45,861.64,562.46,55.23,142.36,0.742,-1,-1,-1
438,46,803.49,568.19,33.49,107.42,0.406,-1,-1,-1
438,47,1288.73,633.79,79.93,189.94,0.873,-1,-1,-1
438,49,142.93,911.52,130.63,168.00,0.791,-1,-1,-1
438,50,1382.42,603.51,71.36,207.36,0.874,-1,-1,-1
439,31,197.31,852.68,98.03,183.53,0.774,-1,-1,-1
439,38,239.80,997.68,57.29,81.56,0.683,-1,-1,-1
439,39,1181.19,651.53,73.90,234.34,0.815,-1,-1,-1
439,42,880.78,558.02,46.46,129.40,0.743,-1,-1,-1
439,43,803.89,567.77,43.18,119.70,0.736,-1,-1,-1
439,44,628.00,565.07,46.40,115.64,0.797,-1,-1,-1
439,45,840.66,562.62,55.72,143.85,0.783,-1,-1,-1
439,46,782.22,571.13,33.20,106.66,0.684,-1,-1,-1
439,47,1264.83,634.21,81.57,191.12,0.854,-1,-1,-1
439,49,88.38,921.35,125.52,158.42,0.826,-1,-1,-1
439,50,1359.80,605.14,71.40,206.93,0.859,-1,-1,-1
440,31,141.88,859.17,99.83,186.89,0.720,-1,-1,-1
440,36,1156.44,655.27,79.85,236.92,0.807,-1,-1,-1
440,38,184.62,1007.50,52.36,71.57,0.567,-1,-1,-1
440,42,859.08,558.62,47.29,133.02,0.743,-1,-1,-1
440,43,781.44,568.50,44.05,123.15,0.751,-1,-1,-1
440,44,604.08,565.07,46.92,115.92,0.799,-1,-1,-1
440,45,817.79,563.04,56.33,145.20,0.759,-1,-1,-1
440,46,760.86,571.46,33.77,108.42,0.666,-1,-1,-1
440,47,1241.68,635.14,82.93,192.76,0.856,-1,-1,-1
440,49,29.23,931.20,120.87,148.43,0.851,-1,-1,-1
440,50,1335.23,606.41,72.00,207.90,0.864,-1,-1,-1
441,31,84.06,863.78,107.87,200.84,0.715,-1,-1,-1
441,39,1137.95,661.77,75.60,234.86,0.875,-1,-1,-1
441,42,837.74,559.47,47.50,134.00,0.748,-1,-1,-1
441,43,758.87,568.87,44.68,125.48,0.753,-1,-1,-1
441,44,579.49,564.87,47.66,116.81,0.810,-1,-1,-1
441,45,794.47,562.14,56.81,147.07,0.735,-1,-1,-1
441,46,738.17,572.22,34.32,109.98,0.557,-1,-1,-1
441,47,1219.74,636.20,83.42,194.46,0.850,-1,-1,-1
441,49,-12.40,940.02,111.82,138.35,0.685,-1,-1,-1
441,50,1309.20,607.48,72.90,209.28,0.887,-1,-1,-1
442,31,24.86,873.94,109.74,201.97,0.733,-1,-1,-1
442,36,1126.89,635.83,66.38,195.50,0.664,-1,-1,-1
442,39,1112.71,668.10,75.49,231.81,0.824,-1,-1,-1
442,41,613.18,552.45,65.30,124.85,0.518,-1,-1,-1
442,42,815.33,559.75,47.58,135.02,0.780,-1,-1,-1
442,43,736.58,569.07,47.32,133.16,0.800,-1,-1,-1
442,44,554.32,563.81,48.30,118.46,0.784,-1,-1,-1
442,45,773.30,563.59,55.81,146.05,0.711,-1,-1,-1
442,46,714.88,572.61,34.92,112.28,0.677,-1,-1,-1
442,47,1199.13,636.32,83.27,196.04,0.883,-1,-1,-1
442,50,1283.36,607.36,73.41,209.86,0.873,-1,-1,-1
443,36,1112.72,630.87,60.47,176.11,0.513,-1,-1,-1
443,39,1090.36,671.90,78.22,232.55,0.845,-1,-1,-1
443,41,588.20,540.34,70.80,136.60,0.130,-1,-1,-1
443,42,793.31,560.19,47.92,136.86,0.786,-1,-1,-1
443,43,713.74,570.26,47.78,134.65,0.772,-1,-1,-1
443,44,529.41,568.02,47.52,116.24,0.732,-1,-1,-1
443,45,749.85,569.30,53.70,141.71,0.637,-1,-1,-1
443,46,690.51,574.01,35.43,114.27,0.667,-1,-1,-1
443,47,1178.62,637.77,82.41,196.86,0.856,-1,-1,-1
443,50,1257.02,608.79,73.90,210.16,0.879,-1,-1,-1
444,36,1094.23,625.19,57.63,166.32,0.419,-1,-1,-1
444,39,1065.07,675.58,80.42,232.72,0.851,-1,-1,-1
444,41,565.39,549.34,64.64,126.16,0.388,-1,-1,-1
444,42,770.65,559.83,48.01,137.76,0.756,-1,-1,-1
444,43,690.25,570.51,48.49,136.79,0.778,-1,-1,-1
444,44,503.86,570.47,47.06,115.18,0.761,-1,-1,-1
444,45,727.47,571.68,52.73,140.15,0.668,-1,-1,-1
444,46,666.43,573.84,35.91,116.22,0.415,-1,-1,-1
444,47,1156.68,638.61,81.96,198.45,0.832,-1,-1,-1
444,50,1230.34,610.04,74.33,210.01,0.866,-1,-1,-1
445,36,1075.36,622.76,54.40,154.07,0.483,-1,-1,-1
445,39,1034.97,675.85,83.09,237.95,0.868,-1,-1,-1
445,42,746.50,559.81,48.30,140.12,0.741,-1,-1,-1
445,43,665.76,571.54,50.98,144.06,0.787,-1,-1,-1
445,44,477.13,572.13,46.94,115.67,0.787,-1,-1,-1
445,45,703.19,574.10,52.06,140.16,0.621,-1,-1,-1
445,46,641.45,574.49,36.77,119.59,0.570,-1,-1,-1
445,47,1135.45,639.93,82.03,200.73,0.818,-1,-1,-1
445,50,1205.00,611.42,74.40,210.33,0.832,-1,-1,-1
446,36,1056.33,620.12,53.73,148.96,0.314,-1,-1,-1
446,39,1005.51,675.48,86.05,245.20,0.858,-1,-1,-1
446,43,639.21,571.90,51.31,145.74,0.774,-1,-1,-1
446,44,451.58,573.59,47.13,115.94,0.827,-1,-1,-1
446,45,676.91,571.27,53.29,145.33,0.665,-1,-1,-1
446,46,616.05,573.66,38.00,124.40,0.724,-1,-1,-1
446,47,1112.80,640.79,82.18,203.44,0.787,-1,-1,-1
446,50,1179.13,610.38,74.93,212.33,0.848,-1,-1,-1
447,36,1026.83,618.23,67.07,185.13,0.636,-1,-1,-1
447,39,973.16,674.46,88.81,254.23,0.877,-1,-1,-1
447,43,611.46,572.44,51.91,147.38,0.791,-1,-1,-1
447,44,425.62,574.25,47.74,116.27,0.836,-1,-1,-1
447,45,650.50,573.29,52.12,143.98,0.640,-1,-1,-1
447,46,589.35,571.19,39.52,130.10,0.642,-1,-1,-1
447,47,1088.72,641.35,82.43,206.09,0.776,-1,-1,-1
447,50,1152.38,610.61,74.89,213.17,0.824,-1,-1,-1
448,36,997.76,616.62,70.82,197.47,0.598,-1,-1,-1
448,39,944.00,673.23,91.21,262.36,0.833,-1,-1,-1
448,42,676.29,560.00,47.79,139.37,0.645,-1,-1,-1
448,43,585.39,571.95,51.99,147.04,0.749,-1,-1,-1
448,44,398.92,574.03,48.04,116.20,0.786,-1,-1,-1
448,46,562.86,570.40,40.49,133.13,0.553,-1,-1,-1
448,47,1065.40,641.83,82.33,207.81,0.781,-1,-1,-1
448,50,1124.57,610.53,74.32,213.51,0.766,-1,-1,-1
449,36,970.49,615.65,72.92,205.27,0.684,-1,-1,-1
449,39,913.79,671.18,94.12,270.69,0.856,-1,-1,-1
449,42,654.29,559.58,48.40,140.96,0.717,-1,-1,-1
449,43,557.16,572.51,50.62,144.47,0.453,-1,-1,-1
449,44,371.59,573.08,48.79,116.87,0.843,-1,-1,-1
449,46,536.93,567.81,41.30,137.08,0.555,-1,-1,-1
449,47,1041.15,642.41,82.31,209.32,0.766,-1,-1,-1
449,50,1096.37,609.76,73.82,215.04,0.794,-1,-1,-1
450,36,944.40,614.78,74.49,211.26,0.776,-1,-1,-1
450,39,883.41,672.93,95.61,274.91,0.878,-1,-1,-1
450,42,629.29,559.07,47.73,139.66,0.718,-1,-1,-1
450,44,343.31,570.18,49.98,118.47,0.829,-1,-1,-1
450,46,509.84,566.30,42.06,140.57,0.363,-1,-1,-1
450,47,1016.93,643.55,82.22,210.27,0.790,-1,-1,-1
450,50,1065.99,608.08,73.38,217.46,0.800,-1,-1,-1
450,51,1844.06,782.73,60.57,294.92,0.872,-1,-1,-1
451,36,918.83,613.56,75.40,216.39,0.794,-1,-1,-1
451,39,854.32,679.12,96.49,275.45,0.859,-1,-1,-1
451,42,604.62,558.77,48.62,141.60,0.660,-1,-1,-1
451,43,509.38,568.26,50.99,147.80,0.678,-1,-1,-1
451,44,313.24,568.28,51.33,121.79,0.827,-1,-1,-1
451,47,991.24,643.51,82.77,211.47,0.794,-1,-1,-1
451,50,1036.55,606.15,73.09,220.08,0.785,-1,-1,-1
451,51,1826.43,776.36,62.63,299.49,0.900,-1,-1,-1
452,36,893.52,615.06,75.72,219.20,0.748,-1,-1,-1
452,39,821.77,685.28,96.22,274.63,0.875,-1,-1,-1
452,42,579.17,558.10,49.18,143.82,0.729,-1,-1,-1
452,43,481.18,567.80,52.03,151.87,0.557,-1,-1,-1
452,44,283.74,567.62,51.75,122.90,0.827,-1,-1,-1
452,45,522.20,563.33,53.98,151.58,0.507,-1,-1,-1
452,47,965.65,645.99,82.67,212.34,0.796,-1,-1,-1
452,50,1007.71,606.15,72.54,220.90,0.704,-1,-1,-1
452,51,1809.95,776.89,65.14,299.87,0.921,-1,-1,-1
453,36,868.93,616.60,74.18,215.02,0.691,-1,-1,-1
453,39,788.00,689.12,96.92,276.69,0.813,-1,-1,-1
453,42,553.20,559.16,48.88,144.49,0.779,-1,-1,-1
453,43,453.65,568.51,51.87,152.25,0.531,-1,-1,-1
453,44,255.03,568.90,51.98,123.64,0.808,-1,-1,-1
453,45,495.01,563.06,53.91,153.52,0.417,-1,-1,-1
453,46,426.14,569.89,46.17,154.23,0.681,-1,-1,-1
453,47,939.36,650.32,81.62,210.80,0.728,-1,-1,-1
453,50,977.46,607.45,73.01,223.30,0.354,-1,-1,-1
453,51,1793.05,775.00,69.61,301.99,0.928,-1,-1,-1
454,36,840.17,618.43,75.31,219.56,0.758,-1,-1,-1
454,39,752.59,693.04,97.00,277.36,0.844,-1,-1,-1
454,42,528.01,558.94,49.45,145.61,0.796,-1,-1,-1
454,43,424.82,567.85,51.77,153.20,0.712,-1,-1,-1
454,44,223.80,568.33,52.67,125.22,0.816,-1,-1,-1
454,45,467.61,561.91,53.59,155.45,0.692,-1,-1,-1
454,46,395.90,570.16,46.47,156.07,0.660,-1,-1,-1
454,47,911.70,653.97,81.32,210.52,0.577,-1,-1,-1
454,50,945.32,608.91,75.33,231.26,0.309,-1,-1,-1
454,51,1767.14,772.92,75.14,305.60,0.925,-1,-1,-1
455,36,813.33,622.61,76.99,223.92,0.781,-1,-1,-1
455,39,715.14,697.88,96.90,279.19,0.874,-1,-1,-1
455,42,502.52,560.32,50.98,147.89,0.799,-1,-1,-1
455,43,394.42,569.08,54.44,162.95,0.780,-1,-1,-1
455,44,190.03,571.71,51.57,124.20,0.541,-1,-1,-1
455,45,440.23,562.54,54.84,158.80,0.737,-1,-1,-1
455,46,366.12,574.37,45.81,155.09,0.675,-1,-1,-1
455,47,884.92,655.22,82.41,214.83,0.737,-1,-1,-1
455,50,921.58,612.15,63.79,191.94,0.351,-1,-1,-1
455,51,1736.18,771.42,80.70,307.78,0.917,-1,-1,-1
456,36,785.49,628.92,75.84,219.53,0.736,-1,-1,-1
456,39,676.47,697.98,99.08,289.21,0.879,-1,-1,-1
456,41,218.16,551.41,65.96,131.08,0.594,-1,-1,-1
456,42,476.29,558.82,53.34,150.33,0.822,-1,-1,-1
456,43,365.46,568.90,54.47,165.34,0.755,-1,-1,-1
456,45,411.06,562.59,55.69,160.31,0.768,-1,-1,-1
456,46,337.02,575.90,46.10,156.19,0.655,-1,-1,-1
456,47,857.08,654.52,83.11,218.39,0.784,-1,-1,-1
456,50,894.48,614.10,55.23,163.83,0.150,-1,-1,-1
456,51,1700.93,767.29,86.77,310.97,0.909,-1,-1,-1
457,36,756.22,631.89,76.37,220.06,0.731,-1,-1,-1
457,39,637.13,697.92,102.05,302.56,0.881,-1,-1,-1
457,41,185.34,551.93,65.93,133.39,0.659,-1,-1,-1
457,42,447.75,558.44,56.80,153.30,0.863,-1,-1,-1
457,43,336.85,570.19,52.30,159.68,0.721,-1,-1,-1
457,44,125.68,570.41,53.53,129.38,0.794,-1,-1,-1
457,45,382.63,563.13,56.66,161.90,0.746,-1,-1,-1
457,46,312.63,577.14,49.92,161.63,0.776,-1,-1,-1
457,47,828.44,654.44,84.52,223.40,0.815,-1,-1,-1
457,51,1664.30,765.00,92.72,313.53,0.898,-1,-1,-1
458,36,724.17,634.73,78.46,226.39,0.719,-1,-1,-1
458,39,597.89,700.98,103.81,312.42,0.859,-1,-1,-1
458,41,150.56,553.27,67.95,142.26,0.725,-1,-1,-1
458,42,420.76,559.14,58.93,153.56,0.847,-1,-1,-1
458,43,304.99,572.09,53.81,165.84,0.674,-1,-1,-1
458,44,90.67,571.15,54.44,131.26,0.732,-1,-1,-1
458,45,353.91,564.47,58.24,163.20,0.746,-1,-1,-1
458,46,277.59,578.94,49.51,161.13,0.551,-1,-1,-1
458,47,796.46,640.03,90.74,242.00,0.751,-1,-1,-1
458,51,1626.85,762.25,99.04,316.59,0.904,-1,-1,-1
459,36,691.22,635.68,80.45,233.05,0.745,-1,-1,-1
459,39,557.08,703.65,106.00,323.73,0.856,-1,-1,-1
459,42,390.78,562.36,61.06,154.05,0.825,-1,-1,-1
459,43,265.79,577.21,55.82,166.28,0.616,-1,-1,-1
459,44,56.81,573.77,54.18,130.88,0.719,-1,-1,-1
459,45,322.70,567.28,59.45,163.09,0.847,-1,-1,-1
459,46,244.33,581.48,49.75,161.89,0.260,-1,-1,-1
459,47,765.40,632.93,94.49,254.19,0.762,-1,-1,-1
459,51,1588.51,760.85,105.01,317.52,0.910,-1,-1,-1
460,36,658.03,639.27,79.68,231.47,0.767,-1,-1,-1
460,39,514.78,711.09,106.83,329.51,0.829,-1,-1,-1
460,42,358.12,562.45,62.76,156.25,0.780,-1,-1,-1
460,43,240.97,577.10,56.83,169.44,0.732,-1,-1,-1
460,44,20.60,574.14,54.03,130.67,0.691,-1,-1,-1
460,45,291.65,569.64,60.32,162.26,0.798,-1,-1,-1
460,46,212.67,582.86,50.72,160.42,0.760,-1,-1,-1
460,47,732.59,631.30,96.31,261.53,0.770,-1,-1,-1
460,51,1550.56,763.08,109.55,314.83,0.900,-1,-1,-1
461,36,623.60,641.66,78.81,231.12,0.762,-1,-1,-1
461,39,472.05,724.56,106.54,330.25,0.827,-1,-1,-1
461,42,326.94,567.32,63.70,154.83,0.815,-1,-1,-1
461,43,210.88,580.42,57.66,171.61,0.645,-1,-1,-1
461,44,-10.92,575.59,54.23,134.71,0.796,-1,-1,-1
461,45,258.31,573.01,61.26,162.62,0.800,-1,-1,-1
461,46,177.30,586.61,51.40,160.93,0.624,-1,-1,-1
461,47,699.57,633.32,96.72,264.61,0.834,-1,-1,-1
461,51,1512.62,766.25,114.04,311.93,0.924,-1,-1,-1
462,36,591.77,642.26,80.51,236.05,0.801,-1,-1,-1
462,39,430.53,732.38,108.70,334.03,0.843,-1,-1,-1
462,42,293.79,569.63,65.13,154.93,0.835,-1,-1,-1
462,43,176.37,581.36,57.73,172.86,0.719,-1,-1,-1
462,45,223.37,574.74,63.31,165.22,0.825,-1,-1,-1
462,46,140.88,589.42,51.43,159.80,0.674,-1,-1,-1
462,47,666.65,635.45,97.89,267.72,0.752,-1,-1,-1
462,51,1475.86,774.42,117.04,305.55,0.915,-1,-1,-1
463,36,557.87,648.95,81.84,241.10,0.788,-1,-1,-1
463,39,388.49,745.32,108.41,329.33,0.851,-1,-1,-1
463,42,260.70,572.07,66.15,155.28,0.740,-1,-1,-1
463,43,142.61,584.17,58.55,175.00,0.787,-1,-1,-1
463,45,190.88,579.21,62.96,163.00,0.761,-1,-1,-1
463,46,104.76,590.96,52.57,161.44,0.736,-1,-1,-1
463,47,637.28,647.06,96.75,262.55,0.720,-1,-1,-1
463,51,1440.37,785.23,117.89,294.07,0.908,-1,-1,-1
464,36,521.27,650.56,83.17,247.76,0.782,-1,-1,-1
464,39,347.16,754.26,109.72,324.02,0.869,-1,-1,-1
464,42,226.00,573.79,67.49,156.74,0.657,-1,-1,-1
464,43,105.89,586.55,58.11,174.29,0.725,-1,-1,-1
464,45,153.95,579.18,64.29,165.11,0.748,-1,-1,-1
464,46,68.03,593.37,53.27,160.85,0.660,-1,-1,-1
464,47,608.43,663.65,94.73,252.55,0.828,-1,-1,-1
464,51,1405.73,799.34,117.59,279.96,0.898,-1,-1,-1
465,36,486.14,655.47,83.16,248.95,0.756,-1,-1,-1
465,39,303.78,762.53,111.68,319.34,0.821,-1,-1,-1
465,42,192.33,575.06,68.95,158.81,0.763,-1,-1,-1
465,43,67.95,586.60,59.42,177.44,0.636,-1,-1,-1
465,45,118.49,579.30,65.43,167.32,0.664,-1,-1,-1
465,46,30.13,598.21,53.16,158.94,0.478,-1,-1,-1
465,47,574.70,674.36,94.44,247.24,0.829,-1,-1,-1
465,51,1369.67,812.50,117.09,266.62,0.877,-1,-1,-1
466,36,448.80,657.78,84.15,253.30,0.638,-1,-1,-1
466,39,255.12,765.99,114.43,315.16,0.829,-1,-1,-1
466,42,160.25,575.97,70.53,161.45,0.800,-1,-1,-1
466,43,31.80,588.21,58.96,176.59,0.625,-1,-1,-1
466,45,82.33,578.48,66.40,170.05,0.716,-1,-1,-1
466,46,-4.05,595.71,55.05,164.49,0.524,-1,-1,-1
466,47,540.65,682.62,95.28,245.86,0.791,-1,-1,-1
466,51,1336.12,827.02,116.48,252.98,0.871,-1,-1,-1
467,36,411.97,664.47,83.81,252.66,0.622,-1,-1,-1
467,39,202.48,764.93,120.37,317.33,0.877,-1,-1,-1
467,42,128.18,575.98,71.17,163.24,0.766,-1,-1,-1
467,43,-4.61,587.66,58.44,176.91,0.691,-1,-1,-1
467,45,45.86,577.22,66.85,171.78,0.755,-1,-1,-1
467,47,503.42,688.59,96.86,247.11,0.848,-1,-1,-1
467,51,1301.35,840.54,114.77,239.79,0.827,-1,-1,-1
468,36,372.56,668.67,84.13,255.28,0.762,-1,-1,-1
468,39,145.73,765.20,125.26,317.75,0.850,-1,-1,-1
468,42,95.81,574.95,72.19,166.93,0.703,-1,-1,-1
468,45,9.54,576.98,64.89,167.18,0.473,-1,-1,-1
468,47,464.11,693.05,98.79,249.91,0.870,-1,-1,-1
468,51,1267.19,849.65,115.16,230.95,0.860,-1,-1,-1
469,36,332.89,667.96,85.41,260.50,0.756,-1,-1,-1
469,39,85.98,771.10,128.37,311.61,0.860,-1,-1,-1
469,42,63.42,572.56,72.43,169.77,0.724,-1,-1,-1
469,45,-23.36,574.99,64.58,168.29,0.298,-1,-1,-1
469,47,424.18,695.33,100.87,253.87,0.838,-1,-1,-1
469,51,1231.54,854.99,116.90,225.35,0.891,-1,-1,-1
470,36,293.13,670.66,85.66,261.96,0.765,-1,-1,-1
470,39,29.25,773.14,132.04,308.82,0.885,-1,-1,-1
470,42,30.51,570.43,72.00,168.90,0.380,-1,-1,-1
470,47,382.01,696.21,102.66,256.96,0.832,-1,-1,-1
470,51,1196.00,858.03,119.12,221.60,0.899,-1,-1,-1
471,36,251.64,666.91,88.04,270.79,0.731,-1,-1,-1
471,39,-10.72,778.75,129.52,302.58,0.695,-1,-1,-1
471,42,-2.69,569.13,70.21,164.31,0.185,-1,-1,-1
471,47,341.22,697.05,104.20,260.18,0.811,-1,-1,-1
471,51,1157.04,856.92,123.23,222.29,0.888,-1,-1,-1
472,36,211.23,665.65,89.26,275.30,0.815,-1,-1,-1
472,47,299.35,696.63,105.51,263.65,0.830,-1,-1,-1
472,51,1116.37,853.18,128.94,225.96,0.897,-1,-1,-1
473,36,169.35,669.68,89.61,276.42,0.764,-1,-1,-1
473,47,258.58,699.29,106.47,266.81,0.856,-1,-1,-1
473,51,1076.69,850.55,133.96,228.21,0.897,-1,-1,-1
474,36,127.66,671.33,91.49,280.66,0.837,-1,-1,-1
474,47,218.19,700.74,107.21,269.90,0.866,-1,-1,-1
474,51,1035.94,848.57,138.72,229.89,0.899,-1,-1,-1
475,36,84.34,665.61,95.89,292.25,0.820,-1,-1,-1
475,47,176.13,700.92,108.19,274.23,0.859,-1,-1,-1
475,51,990.84,848.80,140.93,229.16,0.883,-1,-1,-1
476,36,40.99,673.87,96.51,289.45,0.780,-1,-1,-1
476,47,131.73,702.03,109.07,278.57,0.875,-1,-1,-1
476,51,946.87,853.96,140.17,224.00,0.876,-1,-1,-1
477,36,0.48,691.76,91.91,274.63,0.767,-1,-1,-1
477,47,87.12,703.43,110.66,284.94,0.879,-1,-1,-1
477,51,898.86,860.26,137.41,217.76,0.850,-1,-1,-1
478,47,30.94,707.57,111.65,291.54,0.687,-1,-1,-1
478,51,863.41,867.15,136.96,211.66,0.754,-1,-1,-1
479,51,824.36,878.88,133.02,200.44,0.705,-1,-1,-1
480,47,-45.26,716.47,113.82,308.50,0.710,-1,-1,-1
480,51,782.71,888.28,128.77,191.13,0.424,-1,-1,-1
481,51,733.24,885.40,133.53,194.57,0.694,-1,-1,-1
482,51,693.60,884.30,134.66,195.14,0.664,-1,-1,-1
483,51,636.33,879.12,140.29,199.38,0.869,-1,-1,-1
483,52,1723.42,650.39,81.77,136.11,0.777,-1,-1,-1
484,51,581.40,879.08,143.40,199.24,0.900,-1,-1,-1
484,52,1681.80,648.00,83.73,139.50,0.644,-1,-1,-1
484,53,1738.97,658.22,107.85,237.30,0.779,-1,-1,-1
485,51,526.25,877.94,146.85,200.56,0.897,-1,-1,-1
485,52,1633.67,648.23,97.14,162.32,0.473,-1,-1,-1
485,53,1702.05,658.89,108.88,240.52,0.824,-1,-1,-1
486,51,473.79,880.85,147.12,197.92,0.861,-1,-1,-1
486,52,1586.62,646.86,108.43,181.92,0.476,-1,-1,-1
486,53,1664.58,658.23,104.34,230.91,0.666,-1,-1,-1
487,51,419.59,886.32,146.04,193.12,0.888,-1,-1,-1
487,52,1533.43,648.74,129.89,219.09,0.354,-1,-1,-1
487,53,1624.74,659.59,101.97,226.15,0.480,-1,-1,-1
488,51,368.92,896.58,140.99,182.84,0.865,-1,-1,-1
488,52,1482.60,650.55,139.94,237.97,0.746,-1,-1,-1
488,53,1591.07,658.83,78.88,174.12,0.650,-1,-1,-1
489,51,319.71,909.87,134.16,170.05,0.876,-1,-1,-1
489,52,1429.73,656.67,142.43,244.36,0.846,-1,-1,-1
489,53,1552.07,662.54,67.60,148.06,0.682,-1,-1,-1
490,51,270.83,925.68,125.04,154.70,0.865,-1,-1,-1
490,52,1382.69,661.68,144.28,249.48,0.835,-1,-1,-1
490,53,1511.49,667.68,63.74,138.73,0.650,-1,-1,-1
491,51,223.85,941.16,116.29,139.71,0.865,-1,-1,-1
491,52,1338.08,665.03,145.20,253.74,0.787,-1,-1,-1
491,53,1467.80,671.96,62.18,134.14,0.676,-1,-1,-1
492,51,173.25,951.61,110.57,128.77,0.862,-1,-1,-1
492,52,1296.59,669.57,144.78,256.79,0.821,-1,-1,-1
492,53,1420.07,677.87,63.03,133.57,0.728,-1,-1,-1
493,51,123.27,959.38,107.35,120.79,0.859,-1,-1,-1
493,52,1257.24,671.75,143.64,259.29,0.769,-1,-1,-1
493,53,1377.35,680.93,63.41,132.82,0.637,-1,-1,-1
494,51,63.51,963.87,106.86,116.47,0.856,-1,-1,-1
494,52,1214.51,676.47,141.68,261.57,0.825,-1,-1,-1
494,53,1334.08,688.45,63.45,131.38,0.722,-1,-1,-1
495,51,10.36,968.12,104.89,112.71,0.807,-1,-1,-1
495,52,1171.66,680.40,139.39,264.44,0.847,-1,-1,-1
495,53,1282.36,694.10,65.89,132.55,0.799,-1,-1,-1
496,51,-29.59,967.25,101.59,112.23,0.787,-1,-1,-1
496,52,1128.24,685.89,136.61,265.89,0.801,-1,-1,-1
496,53,1232.77,700.92,67.22,131.43,0.801,-1,-1,-1
497,52,1091.69,682.91,133.33,266.85,0.786,-1,-1,-1
497,53,1187.69,698.97,68.65,131.78,0.697,-1,-1,-1
498,52,1047.89,682.95,129.51,266.39,0.802,-1,-1,-1
498,53,1123.54,698.64,102.51,199.27,0.634,-1,-1,-1
499,52,1003.86,682.72,125.61,265.88,0.845,-1,-1,-1
499,53,1071.84,698.08,114.13,223.40,0.531,-1,-1,-1
500,52,957.25,681.06,124.11,269.53,0.845,-1,-1,-1
500,53,1020.59,695.86,127.11,252.17,0.704,-1,-1,-1
501,52,912.10,683.33,120.74,268.21,0.875,-1,-1,-1
501,53,975.92,695.63,128.29,256.56,0.559,-1,-1,-1
502,52,864.32,682.61,120.66,270.70,0.838,-1,-1,-1
502,53,930.66,691.95,134.59,273.65,0.620,-1,-1,-1
503,52,817.96,684.73,120.25,271.58,0.821,-1,-1,-1
503,53,883.98,690.77,135.73,279.61,0.595,-1,-1,-1
504,52,773.74,686.04,120.21,273.97,0.852,-1,-1,-1
504,53,837.45,691.24,139.99,292.89,0.574,-1,-1,-1
504,54,1841.76,646.01,56.11,173.03,0.882,-1,-1,-1
505,52,726.18,686.64,121.20,279.00,0.855,-1,-1,-1
505,53,785.45,693.33,143.05,304.99,0.798,-1,-1,-1
505,54,1810.11,647.62,57.16,174.76,0.866,-1,-1,-1
506,52,676.29,688.84,122.36,284.26,0.841,-1,-1,-1
506,53,742.86,698.87,138.35,301.79,0.783,-1,-1,-1
506,54,1774.22,652.27,57.15,172.91,0.876,-1,-1,-1
506,55,1825.38,567.99,40.89,97.84,0.739,-1,-1,-1
506,56,1858.89,656.00,42.80,181.60,0.860,-1,-1,-1
506,57,1866.93,551.62,25.45,86.44,0.728,-1,-1,-1
507,52,627.61,692.47,122.84,289.50,0.855,-1,-1,-1
507,53,686.46,703.52,141.47,312.01,0.831,-1,-1,-1
507,54,1740.22,649.41,57.87,173.30,0.851,-1,-1,-1
507,55,1790.73,559.82,42.13,100.68,0.762,-1,-1,-1
507,56,1829.00,655.71,42.55,178.96,0.705,-1,-1,-1
507,57,1839.02,545.28,25.38,85.52,0.761,-1,-1,-1
508,52,575.67,700.67,122.03,293.47,0.836,-1,-1,-1
508,53,629.22,711.62,144.49,321.39,0.853,-1,-1,-1
508,54,1705.73,657.50,58.47,172.91,0.871,-1,-1,-1
508,55,1759.65,565.28,42.44,101.51,0.727,-1,-1,-1
508,56,1795.33,658.59,45.53,187.99,0.868,-1,-1,-1
508,57,1808.76,550.97,25.66,85.66,0.754,-1,-1,-1
509,52,523.67,706.86,119.66,294.70,0.855,-1,-1,-1
509,53,574.29,719.98,145.77,326.10,0.847,-1,-1,-1
509,54,1671.27,659.60,59.65,174.13,0.903,-1,-1,-1
509,55,1727.61,563.87,43.04,102.94,0.796,-1,-1,-1
509,56,1759.27,659.43,46.86,190.42,0.791,-1,-1,-1
509,57,1778.84,549.10,25.78,85.01,0.754,-1,-1,-1
510,52,471.80,712.30,120.07,302.65,0.814,-1,-1,-1
510,53,520.00,726.54,148.33,334.52,0.840,-1,-1,-1
510,54,1637.84,664.96,60.11,173.19,0.869,-1,-1,-1
510,55,1697.48,568.79,42.68,102.17,0.791,-1,-1,-1
510,56,1722.19,661.26,48.71,193.01,0.879,-1,-1,-1
510,57,1748.66,552.08,25.93,84.58,0.758,-1,-1,-1
511,52,419.05,719.44,118.13,302.79,0.795,-1,-1,-1
511,53,467.06,734.68,150.48,339.30,0.873,-1,-1,-1
511,54,1602.54,667.08,61.34,173.82,0.882,-1,-1,-1
511,55,1667.23,570.11,42.66,102.26,0.785,-1,-1,-1
511,56,1685.44,665.40,48.82,189.69,0.782,-1,-1,-1
511,57,1718.75,552.23,26.30,84.70,0.735,-1,-1,-1
512,52,362.65,726.30,118.03,305.60,0.833,-1,-1,-1
512,53,409.98,741.79,151.03,340.43,0.848,-1,-1,-1
512,54,1567.64,670.45,62.88,175.83,0.863,-1,-1,-1
512,55,1640.87,574.40,41.62,100.48,0.769,-1,-1,-1
512,56,1649.60,668.12,51.32,194.26,0.869,-1,-1,-1
512,57,1688.51,554.30,26.74,85.18,0.755,-1,-1,-1
513,52,292.33,734.59,123.18,312.13,0.881,-1,-1,-1
513,53,354.21,749.15,149.06,336.34,0.851,-1,-1,-1
513,54,1532.59,670.96,64.91,178.88,0.898,-1,-1,-1
513,55,1614.48,575.19,41.00,99.59,0.785,-1,-1,-1
513,56,1615.09,668.36,53.50,197.40,0.873,-1,-1,-1
513,57,1659.80,554.16,26.57,83.39,0.757,-1,-1,-1
514,52,230.85,741.71,126.29,315.42,0.794,-1,-1,-1
514,53,295.06,753.58,148.42,334.00,0.846,-1,-1,-1
514,54,1497.22,673.31,67.17,183.10,0.885,-1,-1,-1
514,55,1587.31,577.83,40.76,99.60,0.810,-1,-1,-1
514,56,1579.89,671.19,55.88,200.91,0.876,-1,-1,-1
514,57,1630.98,557.02,26.54,82.11,0.762,-1,-1,-1
515,52,168.08,747.32,131.19,322.76,0.759,-1,-1,-1
515,53,241.14,759.15,146.19,328.26,0.837,-1,-1,-1
515,54,1463.52,673.43,68.13,183.67,0.841,-1,-1,-1
515,55,1560.42,577.15,40.36,98.77,0.787,-1,-1,-1
515,56,1545.56,671.88,57.99,203.27,0.871,-1,-1,-1
515,57,1602.12,556.90,27.18,82.89,0.750,-1,-1,-1
516,52,105.23,750.44,132.12,326.63,0.697,-1,-1,-1
516,53,177.59,764.11,144.56,321.45,0.843,-1,-1,-1
516,54,1434.45,673.48,68.43,184.94,0.598,-1,-1,-1
516,55,1534.01,575.85,41.41,101.49,0.791,-1,-1,-1
516,56,1511.41,671.55,60.38,207.39,0.864,-1,-1,-1
516,57,1574.68,555.37,27.49,82.97,0.708,-1,-1,-1
517,52,46.53,756.47,129.51,322.76,0.751,-1,-1,-1
517,53,116.47,770.00,143.71,315.20,0.885,-1,-1,-1
517,54,1398.14,672.78,69.54,185.66,0.876,-1,-1,-1
517,55,1507.33,575.31,41.71,101.78,0.802,-1,-1,-1
517,56,1477.92,670.59,62.56,210.73,0.881,-1,-1,-1
517,57,1546.60,554.10,27.65,82.56,0.712,-1,-1,-1
517,58,1860.71,741.44,37.41,263.64,0.752,-1,-1,-1
518,52,-10.54,759.22,124.13,316.47,0.839,-1,-1,-1
518,53,55.77,776.79,142.37,306.96,0.886,-1,-1,-1
518,54,1363.69,674.24,70.05,184.72,0.871,-1,-1,-1
518,55,1480.83,575.77,41.80,101.58,0.817,-1,-1,-1
518,56,1445.20,673.87,61.88,203.80,0.861,-1,-1,-1
518,57,1519.51,554.13,27.71,81.89,0.741,-1,-1,-1
518,58,1837.87,734.52,40.42,275.57,0.861,-1,-1,-1
519,53,1.51,783.56,140.02,299.34,0.907,-1,-1,-1
519,54,1329.25,675.51,71.15,184.66,0.885,-1,-1,-1
519,55,1455.60,574.97,42.15,101.29,0.800,-1,-1,-1
519,56,1412.35,675.07,63.36,204.47,0.863,-1,-1,-1
519,57,1493.24,552.55,27.90,81.88,0.716,-1,-1,-1
519,58,1810.71,730.32,42.85,280.16,0.870,-1,-1,-1
520,52,-49.19,783.97,114.18,297.33,0.834,-1,-1,-1
520,54,1294.67,675.86,72.90,187.24,0.876,-1,-1,-1
520,55,1431.44,573.65,42.89,101.10,0.817,-1,-1,-1
520,56,1378.31,675.69,66.29,209.97,0.882,-1,-1,-1
520,57,1467.20,551.00,27.13,78.88,0.693,-1,-1,-1
520,58,1775.91,729.73,45.49,281.36,0.891,-1,-1,-1
521,54,1262.24,683.24,72.24,183.19,0.836,-1,-1,-1
521,55,1407.44,573.92,43.55,100.61,0.838,-1,-1,-1
521,56,1344.78,677.86,68.83,214.60,0.886,-1,-1,-1
521,57,1442.13,551.34,26.41,76.07,0.683,-1,-1,-1
521,58,1742.89,730.16,48.25,281.24,0.895,-1,-1,-1
522,54,1227.88,676.76,75.66,190.33,0.888,-1,-1,-1
522,55,1381.98,572.36,44.37,101.28,0.847,-1,-1,-1
522,56,1312.52,678.55,69.98,215.01,0.838,-1,-1,-1
522,57,1417.23,549.43,26.53,75.81,0.661,-1,-1,-1
522,58,1709.45,730.06,50.35,280.09,0.788,-1,-1,-1
523,54,1191.66,674.16,78.34,195.42,0.799,-1,-1,-1
523,55,1357.86,571.88,45.06,101.33,0.838,-1,-1,-1
523,56,1279.99,677.98,70.69,214.39,0.840,-1,-1,-1
523,57,1392.48,547.76,25.40,72.03,0.554,-1,-1,-1
523,58,1675.63,728.47,51.56,272.38,0.805,-1,-1,-1
524,54,1156.68,677.22,79.42,196.35,0.870,-1,-1,-1
524,55,1333.15,571.32,46.33,102.59,0.856,-1,-1,-1
524,56,1247.61,678.04,72.71,218.65,0.866,-1,-1,-1
524,57,1368.44,546.32,24.62,69.33,0.560,-1,-1,-1
524,58,1642.53,726.64,54.46,271.84,0.864,-1,-1,-1
525,54,1120.97,674.43,82.51,203.17,0.873,-1,-1,-1
525,55,1307.94,571.78,47.49,103.74,0.849,-1,-1,-1
525,56,1213.62,677.41,74.54,221.65,0.870,-1,-1,-1
525,57,1344.39,546.03,23.94,66.98,0.531,-1,-1,-1
525,58,1607.57,724.80,58.44,276.66,0.876,-1,-1,-1
526,54,1089.31,681.16,81.31,199.39,0.677,-1,-1,-1
526,55,1283.60,571.14,48.47,104.48,0.848,-1,-1,-1
526,56,1179.87,677.81,76.64,225.60,0.888,-1,-1,-1
526,57,1320.65,544.77,23.08,64.08,0.453,-1,-1,-1
526,58,1573.55,722.85,61.87,278.26,0.881,-1,-1,-1
527,54,1056.21,682.23,82.00,200.16,0.816,-1,-1,-1
527,55,1258.84,571.20,49.14,105.03,0.813,-1,-1,-1
527,56,1145.92,679.43,78.13,227.51,0.871,-1,-1,-1
527,57,1296.41,544.58,23.75,65.88,0.338,-1,-1,-1
527,58,1539.93,721.85,64.96,279.52,0.872,-1,-1,-1
528,54,1026.14,684.90,83.20,203.79,0.830,-1,-1,-1
528,55,1233.49,572.80,48.75,104.18,0.820,-1,-1,-1
528,56,1111.45,682.88,80.04,230.05,0.897,-1,-1,-1
528,57,1272.30,545.22,24.78,68.85,0.295,-1,-1,-1
528,58,1506.70,723.70,68.02,282.10,0.882,-1,-1,-1
529,54,997.74,687.45,83.57,207.35,0.843,-1,-1,-1
529,55,1210.19,573.89,48.42,103.41,0.835,-1,-1,-1
529,56,1075.95,687.30,82.13,232.00,0.879,-1,-1,-1
529,57,1249.10,545.68,25.71,71.55,0.445,-1,-1,-1
529,58,1475.22,725.09,71.24,285.44,0.869,-1,-1,-1
530,54,964.55,691.02,83.58,209.23,0.756,-1,-1,-1
530,55,1185.64,573.72,48.30,103.53,0.854,-1,-1,-1
530,56,1037.71,690.85,84.85,234.28,0.899,-1,-1,-1
530,57,1225.28,546.56,27.27,76.37,0.551,-1,-1,-1
530,58,1443.16,729.03,74.57,287.66,0.884,-1,-1,-1
531,54,930.23,695.53,84.30,212.19,0.850,-1,-1,-1
531,55,1162.54,573.69,48.08,103.49,0.832,-1,-1,-1
531,56,1003.29,695.21,87.21,235.81,0.904,-1,-1,-1
531,57,1202.57,547.16,27.75,78.13,0.480,-1,-1,-1
531,58,1412.00,727.77,78.65,292.84,0.885,-1,-1,-1
532,54,895.41,699.60,85.39,215.13,0.783,-1,-1,-1
532,55,1138.85,573.35,48.75,106.05,0.820,-1,-1,-1
532,56,971.28,700.52,89.65,238.28,0.884,-1,-1,-1
532,57,1182.05,546.76,28.75,80.71,0.527,-1,-1,-1
532,58,1383.47,732.60,81.59,292.99,0.873,-1,-1,-1
533,54,857.71,700.11,87.94,220.49,0.815,-1,-1,-1
533,55,1116.33,573.27,48.53,106.70,0.837,-1,-1,-1
533,56,939.40,703.45,92.52,242.39,0.902,-1,-1,-1
533,57,1160.91,546.63,29.08,81.68,0.485,-1,-1,-1
533,58,1349.31,734.77,83.45,292.92,0.874,-1,-1,-1
534,54,828.89,705.24,87.30,220.65,0.838,-1,-1,-1
534,55,1094.79,574.76,48.10,107.04,0.834,-1,-1,-1
534,56,905.88,705.62,95.33,246.41,0.879,-1,-1,-1
534,57,1140.83,544.93,30.00,84.06,0.303,-1,-1,-1
534,58,1319.21,736.94,85.56,292.86,0.886,-1,-1,-1
535,54,800.79,713.88,84.72,216.14,0.842,-1,-1,-1
535,55,1073.62,574.22,48.16,108.48,0.830,-1,-1,-1
535,56,874.33,706.55,97.13,249.92,0.869,-1,-1,-1
535,57,1120.98,543.27,30.69,85.77,0.224,-1,-1,-1
535,58,1289.25,737.20,87.77,294.27,0.876,-1,-1,-1
536,54,770.54,709.36,85.34,220.85,0.844,-1,-1,-1
536,55,1053.44,573.90,47.97,109.23,0.828,-1,-1,-1
536,56,842.74,706.77,97.90,250.82,0.878,-1,-1,-1
536,57,1102.02,542.17,30.46,84.73,0.253,-1,-1,-1
536,58,1259.11,736.21,88.91,292.73,0.884,-1,-1,-1
537,54,736.48,705.83,87.45,229.36,0.793,-1,-1,-1
537,55,1032.39,572.47,47.90,110.00,0.832,-1,-1,-1
537,56,809.38,707.98,99.21,255.13,0.873,-1,-1,-1
537,58,1230.45,733.64,89.92,292.24,0.869,-1,-1,-1
538,54,698.27,709.06,87.61,233.02,0.571,-1,-1,-1
538,55,1012.63,577.60,47.47,109.91,0.840,-1,-1,-1
538,56,772.15,711.62,100.48,259.31,0.880,-1,-1,-1
538,58,1200.98,738.06,91.08,291.32,0.873,-1,-1,-1
539,54,659.59,710.05,89.11,236.89,0.759,-1,-1,-1
539,55,992.48,577.89,47.05,109.64,0.869,-1,-1,-1
539,56,736.93,713.06,102.42,265.83,0.895,-1,-1,-1
539,58,1175.19,735.63,92.93,292.28,0.867,-1,-1,-1
540,54,625.03,713.98,90.83,240.27,0.842,-1,-1,-1
540,55,973.94,580.45,46.98,109.71,0.860,-1,-1,-1
540,56,702.65,717.17,103.74,270.58,0.867,-1,-1,-1
540,58,1145.78,738.11,95.24,297.45,0.862,-1,-1,-1
541,54,586.10,719.56,93.09,244.49,0.824,-1,-1,-1
541,55,955.28,582.13,46.86,109.34,0.866,-1,-1,-1
541,56,671.48,722.49,105.09,276.40,0.749,-1,-1,-1
541,58,1117.94,739.28,96.77,300.85,0.848,-1,-1,-1
542,54,541.25,724.13,95.36,246.67,0.859,-1,-1,-1
542,55,934.38,584.36,47.75,110.86,0.873,-1,-1,-1
542,56,631.67,728.92,107.52,283.69,0.842,-1,-1,-1
542,58,1086.63,748.66,98.80,305.51,0.865,-1,-1,-1
543,54,509.61,731.20,95.00,242.78,0.787,-1,-1,-1
543,55,915.69,584.55,48.20,111.30,0.864,-1,-1,-1
543,56,596.76,734.54,108.90,288.04,0.858,-1,-1,-1
543,58,1058.88,751.72,99.32,304.84,0.871,-1,-1,-1
544,54,466.81,743.44,101.94,255.21,0.865,-1,-1,-1
544,55,896.46,588.08,49.49,113.52,0.854,-1,-1,-1
544,56,556.71,747.80,112.19,297.26,0.872,-1,-1,-1
544,58,1031.48,758.85,102.26,311.20,0.883,-1,-1,-1
545,54,437.11,749.35,101.34,248.39,0.857,-1,-1,-1
545,55,878.81,584.02,49.80,113.20,0.890,-1,-1,-1
545,56,522.31,746.83,112.53,298.60,0.872,-1,-1,-1
545,58,1001.84,755.30,103.51,311.40,0.858,-1,-1,-1
546,54,400.22,748.04,105.01,256.27,0.808,-1,-1,-1
546,55,858.71,581.61,50.77,114.42,0.889,-1,-1,-1
546,56,482.86,749.51,114.44,303.95,0.873,-1,-1,-1
546,58,976.58,753.51,104.94,315.41,0.880,-1,-1,-1
547,54,361.18,749.51,108.36,264.96,0.863,-1,-1,-1
547,55,839.49,581.38,51.48,115.02,0.886,-1,-1,-1
547,56,445.33,752.85,116.09,309.01,0.873,-1,-1,-1
547,58,951.93,754.31,105.04,314.51,0.877,-1,-1,-1
548,54,320.00,758.72,107.26,263.32,0.785,-1,-1,-1
548,55,819.64,581.77,52.36,115.77,0.881,-1,-1,-1
548,56,403.13,754.60,117.83,314.61,0.892,-1,-1,-1
548,58,924.74,755.65,105.88,315.70,0.877,-1,-1,-1
549,54,279.47,758.86,110.89,274.50,0.777,-1,-1,-1
549,55,800.78,581.98,53.01,116.01,0.873,-1,-1,-1
549,56,370.40,758.71,117.88,315.98,0.805,-1,-1,-1
549,58,901.66,755.28,104.95,311.13,0.877,-1,-1,-1
550,54,236.31,759.04,113.53,283.44,0.801,-1,-1,-1
550,55,781.55,582.59,53.94,116.96,0.896,-1,-1,-1
550,56,328.71,760.29,117.94,317.69,0.836,-1,-1,-1
550,58,874.18,754.85,105.28,311.64,0.858,-1,-1,-1
551,54,191.31,763.95,115.18,290.54,0.775,-1,-1,-1
551,55,762.79,583.14,54.84,117.95,0.892,-1,-1,-1
551,56,288.82,765.10,116.48,314.56,0.830,-1,-1,-1
551,58,847.95,755.59,106.67,315.48,0.867,-1,-1,-1
552,54,146.30,768.20,118.20,301.60,0.802,-1,-1,-1
552,55,743.14,582.55,55.62,119.15,0.879,-1,-1,-1
552,56,243.70,770.53,115.18,311.22,0.853,-1,-1,-1
552,58,820.50,755.52,108.43,319.96,0.863,-1,-1,-1
553,54,107.08,773.92,118.26,303.48,0.796,-1,-1,-1
553,55,725.56,582.49,56.37,120.30,0.872,-1,-1,-1
553,56,202.63,777.89,113.03,303.51,0.852,-1,-1,-1
553,58,796.52,756.86,108.89,320.37,0.872,-1,-1,-1
554,54,61.30,783.03,116.08,300.13,0.793,-1,-1,-1
554,55,706.76,583.22,56.66,120.73,0.886,-1,-1,-1
554,56,154.48,786.83,111.86,295.93,0.845,-1,-1,-1
554,57,780.59,536.13,33.44,92.62,0.729,-1,-1,-1
554,58,769.76,762.13,108.77,316.63,0.839,-1,-1,-1
555,54,18.07,791.68,112.81,292.32,0.853,-1,-1,-1
555,55,688.31,582.94,56.74,121.05,0.876,-1,-1,-1
555,56,114.18,796.97,109.25,284.64,0.849,-1,-1,-1
555,57,765.33,541.11,32.31,87.57,0.676,-1,-1,-1
555,58,744.48,764.02,108.65,313.24,0.833,-1,-1,-1
556,54,-20.36,797.59,107.71,286.85,0.871,-1,-1,-1
556,55,668.47,580.78,57.30,122.64,0.881,-1,-1,-1
556,56,62.96,804.68,108.45,277.26,0.861,-1,-1,-1
556,57,748.76,536.77,33.80,90.70,0.793,-1,-1,-1
556,58,715.79,766.04,109.38,312.43,0.864,-1,-1,-1
557,55,650.40,579.55,57.56,123.81,0.871,-1,-1,-1
557,56,16.06,813.44,106.41,267.35,0.869,-1,-1,-1
557,57,733.89,533.81,34.63,92.69,0.787,-1,-1,-1
557,58,689.81,766.07,109.88,310.73,0.881,-1,-1,-1
558,55,632.11,578.13,57.68,124.94,0.883,-1,-1,-1
558,56,-19.77,818.03,100.65,258.97,0.805,-1,-1,-1
558,57,719.23,531.69,35.02,92.96,0.786,-1,-1,-1
558,58,661.79,766.49,110.79,310.31,0.875,-1,-1,-1
559,55,613.06,577.78,58.49,127.81,0.888,-1,-1,-1
559,57,703.64,529.52,35.91,95.10,0.794,-1,-1,-1
559,58,633.65,765.58,113.50,314.41,0.901,-1,-1,-1
560,55,595.77,578.23,58.75,129.41,0.879,-1,-1,-1
560,57,688.76,528.94,35.89,94.86,0.826,-1,-1,-1
560,58,607.90,762.73,115.01,315.97,0.884,-1,-1,-1
561,55,578.56,578.56,58.82,130.29,0.878,-1,-1,-1
561,57,674.44,529.81,35.32,92.91,0.795,-1,-1,-1
561,58,582.32,759.35,116.69,318.15,0.905,-1,-1,-1
562,55,561.98,581.03,59.15,131.43,0.882,-1,-1,-1
562,57,660.70,533.72,34.56,90.08,0.801,-1,-1,-1
562,58,556.91,758.94,117.63,319.24,0.886,-1,-1,-1
563,55,545.53,582.51,59.69,132.99,0.894,-1,-1,-1
563,57,646.77,536.28,34.03,87.96,0.786,-1,-1,-1
563,58,530.97,759.07,118.26,319.21,0.906,-1,-1,-1
564,55,530.04,584.21,60.10,133.80,0.892,-1,-1,-1
564,57,633.52,539.68,33.36,85.60,0.786,-1,-1,-1
564,58,505.97,760.02,118.74,318.76,0.854,-1,-1,-1
565,55,514.72,584.30,60.54,134.53,0.886,-1,-1,-1
565,57,620.71,540.22,33.15,84.71,0.778,-1,-1,-1
565,58,479.93,762.25,118.75,315.70,0.879,-1,-1,-1
566,55,498.53,585.37,61.23,135.66,0.892,-1,-1,-1
566,57,607.30,541.73,32.88,83.75,0.795,-1,-1,-1
566,58,453.91,767.70,118.52,310.66,0.888,-1,-1,-1
567,55,482.08,587.27,62.10,136.85,0.893,-1,-1,-1
567,57,593.63,543.80,32.58,83.35,0.747,-1,-1,-1
567,58,428.03,775.35,118.01,303.59,0.894,-1,-1,-1
568,55,464.48,587.86,63.17,138.40,0.899,-1,-1,-1
568,57,579.42,544.78,32.38,83.17,0.669,-1,-1,-1
568,58,401.35,782.44,117.96,296.98,0.882,-1,-1,-1
569,55,448.12,588.85,64.15,139.85,0.897,-1,-1,-1
569,57,566.66,545.71,32.03,82.67,0.475,-1,-1,-1
569,58,375.45,788.14,118.37,290.67,0.892,-1,-1,-1
570,55,432.52,588.81,64.67,140.42,0.897,-1,-1,-1
570,57,555.82,545.76,32.13,82.60,0.570,-1,-1,-1
570,58,349.86,791.10,119.11,285.85,0.886,-1,-1,-1
571,55,415.33,591.27,65.46,141.33,0.901,-1,-1,-1
571,57,542.09,548.05,31.40,81.46,0.219,-1,-1,-1
571,58,323.07,795.73,120.29,281.57,0.889,-1,-1,-1
571,59,1883.81,593.72,31.15,144.77,0.591,-1,-1,-1
572,55,397.93,592.36,66.56,143.16,0.888,-1,-1,-1
572,58,295.76,798.33,121.43,278.05,0.871,-1,-1,-1
572,59,1880.11,592.79,32.42,149.82,0.742,-1,-1,-1
572,60,1318.95,525.92,25.11,71.39,0.514,-1,-1,-1
573,55,382.12,593.85,67.27,144.40,0.899,-1,-1,-1
573,58,269.06,799.21,122.81,275.23,0.843,-1,-1,-1
573,59,1875.88,592.60,33.09,151.06,0.776,-1,-1,-1
573,60,1311.38,526.96,25.90,73.67,0.623,-1,-1,-1
574,55,365.93,595.23,67.89,145.44,0.898,-1,-1,-1
574,58,241.68,800.07,125.03,275.09,0.818,-1,-1,-1
574,59,1869.58,590.54,34.22,154.70,0.727,-1,-1,-1
574,60,1303.86,526.34,26.49,75.38,0.676,-1,-1,-1
575,55,348.58,595.34,68.83,147.14,0.895,-1,-1,-1
575,58,212.06,799.57,127.32,274.43,0.864,-1,-1,-1
575,59,1863.33,592.74,35.30,158.00,0.735,-1,-1,-1
575,60,1296.45,527.10,27.29,77.63,0.640,-1,-1,-1
576,55,331.52,598.76,69.57,148.44,0.895,-1,-1,-1
576,58,182.01,804.87,128.59,272.17,0.849,-1,-1,-1
576,59,1857.21,590.90,36.27,161.15,0.741,-1,-1,-1
576,60,1289.72,527.58,27.98,79.64,0.692,-1,-1,-1
577,55,313.96,598.33,70.34,149.78,0.891,-1,-1,-1
577,58,152.32,806.21,129.93,269.61,0.877,-1,-1,-1
577,59,1850.22,591.69,37.10,163.72,0.726,-1,-1,-1
577,60,1283.16,527.83,28.62,81.45,0.575,-1,-1,-1
578,55,297.84,598.62,70.65,150.18,0.905,-1,-1,-1
578,58,124.28,811.38,130.43,264.64,0.863,-1,-1,-1
578,59,1843.01,588.17,37.92,167.01,0.296,-1,-1,-1
578,60,1275.69,525.95,29.06,82.63,0.669,-1,-1,-1
579,55,281.04,598.54,71.58,152.14,0.905,-1,-1,-1
579,58,94.53,818.01,130.68,258.23,0.873,-1,-1,-1
579,59,1831.89,584.67,39.38,171.21,0.546,-1,-1,-1
579,60,1269.83,526.71,29.35,83.49,0.582,-1,-1,-1
580,55,264.11,599.80,72.11,153.52,0.893,-1,-1,-1
580,58,66.74,825.49,129.82,251.23,0.837,-1,-1,-1
580,59,1821.52,581.52,41.13,175.16,0.744,-1,-1,-1
580,60,1264.84,527.00,29.40,83.71,0.700,-1,-1,-1
581,55,247.03,599.66,73.01,155.87,0.909,-1,-1,-1
581,58,37.66,831.36,130.19,246.48,0.848,-1,-1,-1
581,59,1816.07,581.94,42.61,178.01,0.721,-1,-1,-1
581,60,1261.95,527.02,29.49,84.37,0.703,-1,-1,-1
582,55,230.85,600.06,73.52,157.65,0.909,-1,-1,-1
582,58,11.55,835.19,130.80,243.38,0.889,-1,-1,-1
582,59,1807.07,586.40,44.15,180.78,0.784,-1,-1,-1
582,60,1255.90,525.46,29.27,84.21,0.650,-1,-1,-1
583,55,214.53,601.25,74.83,161.07,0.907,-1,-1,-1
583,58,-5.83,837.78,129.21,240.66,0.886,-1,-1,-1
583,59,1800.19,588.41,45.32,182.63,0.707,-1,-1,-1
583,60,1250.95,524.47,28.69,82.84,0.589,-1,-1,-1
584,55,199.09,601.55,76.11,164.48,0.904,-1,-1,-1
584,58,-20.11,839.08,125.84,239.21,0.886,-1,-1,-1
584,59,1795.35,591.95,44.04,174.56,0.537,-1,-1,-1
584,60,1247.64,523.64,26.87,77.49,0.349,-1,-1,-1
585,55,183.49,604.51,77.31,167.41,0.903,-1,-1,-1
585,58,-33.19,841.98,120.96,237.85,0.859,-1,-1,-1
585,59,1792.97,595.17,43.59,171.16,0.233,-1,-1,-1
585,60,1244.87,525.27,27.00,77.96,0.260,-1,-1,-1
586,55,169.08,606.32,78.28,169.45,0.911,-1,-1,-1
586,58,-33.56,890.38,93.81,190.85,0.832,-1,-1,-1
586,59,1785.45,591.98,41.61,162.82,0.751,-1,-1,-1
586,60,1241.10,521.83,28.03,81.77,0.653,-1,-1,-1
587,55,155.84,608.10,79.00,170.60,0.911,-1,-1,-1
587,59,1778.78,589.01,41.42,161.45,0.762,-1,-1,-1
587,60,1236.49,519.71,28.44,83.38,0.685,-1,-1,-1
588,55,142.07,610.39,79.61,171.33,0.903,-1,-1,-1
588,59,1776.30,586.93,42.16,162.82,0.801,-1,-1,-1
588,60,1233.15,519.78,28.39,83.79,0.655,-1,-1,-1
589,55,128.09,612.74,80.60,172.84,0.908,-1,-1,-1
589,59,1773.76,584.55,42.99,163.63,0.834,-1,-1,-1
589,60,1230.07,518.92,28.65,85.16,0.716,-1,-1,-1
590,55,114.95,612.93,81.96,175.27,0.911,-1,-1,-1
590,59,1771.53,582.61,44.33,166.41,0.840,-1,-1,-1
590,60,1227.66,519.72,28.32,84.75,0.709,-1,-1,-1
591,55,100.02,614.42,83.45,177.95,0.913,-1,-1,-1
591,57,351.22,530.91,37.21,99.61,0.733,-1,-1,-1
591,59,1772.75,583.93,45.76,168.89,0.842,-1,-1,-1
591,60,1227.66,520.98,28.63,86.00,0.623,-1,-1,-1
592,55,86.28,617.62,84.41,179.53,0.904,-1,-1,-1
592,57,343.77,532.43,36.65,99.49,0.684,-1,-1,-1
592,59,1770.43,579.58,47.20,170.67,0.845,-1,-1,-1
592,60,1224.47,517.96,28.94,87.31,0.612,-1,-1,-1
593,55,72.32,617.97,85.67,181.91,0.913,-1,-1,-1
593,57,336.32,532.67,36.89,100.07,0.717,-1,-1,-1
593,59,1768.86,581.54,48.61,171.54,0.865,-1,-1,-1
593,60,1222.61,517.40,29.49,89.43,0.639,-1,-1,-1
594,55,58.12,620.27,86.90,184.10,0.896,-1,-1,-1
594,57,330.69,534.64,37.42,100.22,0.836,-1,-1,-1
594,59,1767.26,580.73,50.76,173.17,0.891,-1,-1,-1
594,60,1221.40,516.02,29.91,91.21,0.663,-1,-1,-1
595,55,43.51,620.55,88.97,187.80,0.902,-1,-1,-1
595,57,325.60,534.39,37.80,100.20,0.827,-1,-1,-1
595,59,1765.99,583.91,53.06,174.24,0.886,-1,-1,-1
595,60,1222.69,518.12,29.56,90.43,0.711,-1,-1,-1
596,55,29.80,624.25,90.82,191.11,0.901,-1,-1,-1
596,57,320.85,534.97,38.83,102.17,0.854,-1,-1,-1
596,59,1766.45,581.82,54.56,173.61,0.892,-1,-1,-1
596,60,1223.16,517.04,29.17,89.55,0.650,-1,-1,-1
597,55,15.92,625.73,92.64,194.77,0.901,-1,-1,-1
597,57,316.80,534.49,39.43,103.00,0.825,-1,-1,-1
597,59,1774.13,585.96,56.10,173.27,0.860,-1,-1,-1
597,60,1227.38,517.52,29.19,89.90,0.679,-1,-1,-1
598,55,2.49,635.74,93.74,196.67,0.903,-1,-1,-1
598,57,312.25,538.48,39.89,103.68,0.845,-1,-1,-1
598,59,1777.74,581.48,57.90,174.33,0.843,-1,-1,-1
598,60,1228.75,517.42,29.22,90.10,0.684,-1,-1,-1
599,55,-4.46,640.48,93.35,197.45,0.919,-1,-1,-1
599,57,309.02,538.01,40.22,104.12,0.844,-1,-1,-1
599,59,1777.46,580.06,58.96,174.18,0.857,-1,-1,-1
599,60,1227.81,517.38,28.83,88.73,0.735,-1,-1,-1
600,55,-10.47,643.45,92.01,197.98,0.888,-1,-1,-1
600,57,305.32,539.11,40.54,104.56,0.840,-1,-1,-1
600,59,1780.77,580.61,60.14,175.36,0.857,-1,-1,-1
600,60,1229.32,518.80,28.86,88.12,0.744,-1,-1,-1
601,55,-15.73,647.14,89.49,197.98,0.910,-1,-1,-1
601,57,301.83,539.27,40.90,105.03,0.833,-1,-1,-1
601,59,1785.15,576.54,61.92,179.92,0.824,-1,-1,-1
601,60,1230.89,519.62,28.89,87.80,0.691,-1,-1,-1
602,55,-21.84,652.76,85.03,194.66,0.885,-1,-1,-1
602,57,297.04,540.39,41.57,106.35,0.865,-1,-1,-1
602,59,1791.45,578.07,61.81,179.98,0.801,-1,-1,-1
602,60,1233.52,521.99,28.73,87.34,0.690,-1,-1,-1
603,55,-23.87,667.52,77.13,182.95,0.824,-1,-1,-1
603,57,294.10,540.44,41.85,106.52,0.862,-1,-1,-1
603,59,1795.33,577.41,60.70,178.96,0.793,-1,-1,-1
603,60,1235.25,520.97,28.69,87.36,0.705,-1,-1,-1
603,61,284.44,504.51,19.70,53.06,0.577,-1,-1,-1
604,57,291.52,543.44,42.16,106.53,0.858,-1,-1,-1
604,59,1798.98,576.33,60.02,180.05,0.757,-1,-1,-1
604,60,1236.69,520.99,28.77,87.43,0.746,-1,-1,-1
604,61,282.15,507.39,19.31,51.97,0.564,-1,-1,-1
605,57,288.08,544.05,42.46,106.33,0.863,-1,-1,-1
605,59,1806.08,580.69,57.90,176.89,0.700,-1,-1,-1
605,60,1239.26,520.91,28.85,88.02,0.722,-1,-1,-1
605,61,278.92,506.90,19.54,52.54,0.545,-1,-1,-1
606,57,285.98,544.15,42.72,106.04,0.871,-1,-1,-1
606,59,1812.63,583.34,55.85,173.07,0.539,-1,-1,-1
606,60,1242.59,520.10,28.83,88.51,0.733,-1,-1,-1
606,61,277.27,506.01,19.77,53.13,0.545,-1,-1,-1
607,57,284.14,544.39,42.78,105.21,0.866,-1,-1,-1
607,60,1244.79,520.10,28.77,88.72,0.720,-1,-1,-1
607,61,276.69,505.77,18.94,50.87,0.415,-1,-1,-1
608,57,281.29,542.20,43.28,105.74,0.870,-1,-1,-1
608,60,1248.06,520.46,28.93,89.64,0.723,-1,-1,-1
608,61,275.02,503.25,19.34,51.94,0.471,-1,-1,-1
609,57,279.23,540.63,43.68,106.13,0.854,-1,-1,-1
609,60,1251.19,520.00,28.78,89.76,0.734,-1,-1,-1
609,61,273.30,501.84,19.64,52.73,0.539,-1,-1,-1
610,57,275.86,537.43,44.16,107.09,0.848,-1,-1,-1
610,60,1254.62,520.52,28.68,90.30,0.724,-1,-1,-1
610,61,270.71,498.57,20.01,53.66,0.481,-1,-1,-1
611,57,273.00,535.92,44.82,108.55,0.857,-1,-1,-1
611,59,1815.88,592.11,55.98,176.03,0.560,-1,-1,-1
611,60,1257.31,519.03,29.28,93.37,0.693,-1,-1,-1
611,61,268.99,497.82,20.05,53.66,0.494,-1,-1,-1
612,57,270.21,534.62,45.24,109.36,0.844,-1,-1,-1
612,59,1819.82,593.23,56.44,179.47,0.710,-1,-1,-1
612,60,1259.97,519.28,29.48,94.71,0.716,-1,-1,-1
612,61,266.58,497.13,20.10,53.63,0.403,-1,-1,-1
613,57,268.02,531.57,45.54,109.86,0.827,-1,-1,-1
613,59,1825.02,594.85,56.78,181.92,0.728,-1,-1,-1
613,60,1263.12,521.67,28.72,92.53,0.753,-1,-1,-1
613,61,264.98,494.82,20.23,53.88,0.549,-1,-1,-1
614,57,265.10,530.27,46.06,111.37,0.829,-1,-1,-1
614,59,1831.27,597.32,57.98,185.75,0.754,-1,-1,-1
614,60,1266.64,523.11,28.55,92.67,0.718,-1,-1,-1
614,61,263.25,494.33,20.20,53.65,0.583,-1,-1,-1
615,57,261.88,529.54,46.29,112.42,0.851,-1,-1,-1
615,59,1837.92,601.73,59.85,190.58,0.763,-1,-1,-1
615,60,1269.81,524.60,28.87,94.51,0.741,-1,-1,-1
615,61,261.40,493.98,20.30,53.84,0.496,-1,-1,-1
616,57,258.54,531.30,46.15,112.32,0.864,-1,-1,-1
616,59,1843.66,604.58,60.86,193.37,0.702,-1,-1,-1
616,60,1272.06,528.20,29.02,95.60,0.744,-1,-1,-1
616,61,259.10,495.02,20.34,53.91,0.550,-1,-1,-1
617,57,256.07,531.71,45.96,111.86,0.853,-1,-1,-1
617,59,1847.28,606.67,61.92,198.30,0.794,-1,-1,-1
617,60,1274.09,530.46,29.16,96.14,0.775,-1,-1,-1
617,61,257.56,494.55,20.40,53.91,0.447,-1,-1,-1
618,57,252.93,532.65,45.69,111.37,0.845,-1,-1,-1
618,59,1850.83,610.00,61.68,200.49,0.804,-1,-1,-1
618,60,1277.09,533.87,29.17,96.55,0.792,-1,-1,-1
618,61,255.08,494.91,20.52,54.22,0.293,-1,-1,-1
619,57,250.38,535.24,45.55,111.04,0.867,-1,-1,-1
619,59,1857.01,610.31,61.74,202.69,0.638,-1,-1,-1
619,60,1279.71,535.00,29.18,96.57,0.752,-1,-1,-1
619,61,252.99,495.92,20.73,54.67,0.393,-1,-1,-1
620,57,247.80,535.02,45.98,112.37,0.866,-1,-1,-1
620,59,1863.19,611.77,61.52,205.90,0.839,-1,-1,-1
620,60,1282.40,535.39,29.87,98.96,0.754,-1,-1,-1
620,61,250.51,496.03,20.93,55.07,0.486,-1,-1,-1
621,57,245.27,534.88,46.68,114.60,0.860,-1,-1,-1
621,59,1869.26,611.89,58.25,198.92,0.816,-1,-1,-1
621,60,1285.08,535.18,29.89,99.09,0.764,-1,-1,-1
621,61,248.51,497.38,20.73,54.58,0.548,-1,-1,-1
622,57,242.65,535.54,46.69,114.87,0.857,-1,-1,-1
622,59,1875.80,615.71,53.57,187.26,0.822,-1,-1,-1
622,60,1289.50,537.40,29.75,99.28,0.754,-1,-1,-1
622,61,246.79,498.86,20.31,53.48,0.174,-1,-1,-1
623,57,240.81,539.29,46.21,113.72,0.859,-1,-1,-1
623,59,1881.06,614.64,50.26,180.52,0.784,-1,-1,-1
623,60,1293.14,533.98,30.59,102.99,0.731,-1,-1,-1
623,61,245.33,501.80,20.09,52.96,0.100,-1,-1,-1
624,57,238.77,535.28,47.00,115.94,0.859,-1,-1,-1
624,59,1884.41,618.70,47.65,176.62,0.731,-1,-1,-1
624,60,1296.66,535.37,30.57,103.63,0.739,-1,-1,-1
625,57,236.90,539.92,47.68,118.01,0.865,-1,-1,-1
625,60,1302.16,539.07,30.04,102.27,0.739,-1,-1,-1
626,57,235.53,535.48,48.08,119.50,0.854,-1,-1,-1
626,60,1306.84,535.64,30.35,103.32,0.688,-1,-1,-1
627,55,295.91,488.00,19.05,45.52,0.557,-1,-1,-1
627,57,234.43,542.76,47.97,119.53,0.858,-1,-1,-1
627,60,1313.26,535.68,30.43,102.97,0.735,-1,-1,-1
628,55,320.70,482.93,17.59,42.78,0.528,-1,-1,-1
628,57,234.64,543.39,47.75,119.20,0.862,-1,-1,-1
628,60,1320.63,539.40,30.63,102.63,0.739,-1,-1,-1
629,57,235.32,551.35,47.03,117.16,0.869,-1,-1,-1
629,60,1327.81,535.85,30.98,102.72,0.752,-1,-1,-1
629,62,308.41,488.71,16.92,42.07,0.622,-1,-1,-1
630,57,237.54,553.92,46.73,115.89,0.865,-1,-1,-1
630,60,1334.65,535.46,31.55,102.56,0.761,-1,-1,-1
630,62,311.21,490.07,16.81,41.80,0.625,-1,-1,-1
631,57,238.93,554.30,46.72,115.16,0.869,-1,-1,-1
631,60,1342.06,536.06,32.30,103.56,0.771,-1,-1,-1
631,62,314.40,487.56,17.26,42.89,0.591,-1,-1,-1
632,57,239.37,556.47,47.26,115.96,0.872,-1,-1,-1
632,60,1348.24,536.50,33.27,105.48,0.771,-1,-1,-1
632,62,316.77,490.16,17.06,42.41,0.527,-1,-1,-1
633,57,240.09,556.13,47.99,117.41,0.860,-1,-1,-1
633,60,1356.00,536.90,34.23,107.43,0.796,-1,-1,-1
633,62,320.11,490.63,16.76,41.67,0.556,-1,-1,-1
634,57,240.47,557.73,48.48,118.55,0.851,-1,-1,-1
634,60,1363.17,536.95,34.93,108.88,0.767,-1,-1,-1
634,62,322.73,493.68,16.39,40.73,0.616,-1,-1,-1
635,57,241.86,555.12,48.92,119.73,0.854,-1,-1,-1
635,60,1371.22,538.83,35.71,110.76,0.787,-1,-1,-1
635,62,326.47,491.25,16.61,41.25,0.610,-1,-1,-1
636,57,243.23,559.58,48.99,120.17,0.859,-1,-1,-1
636,60,1378.82,541.38,36.26,111.50,0.757,-1,-1,-1
636,62,329.13,496.03,16.74,41.56,0.575,-1,-1,-1
637,57,244.87,559.41,48.97,120.83,0.857,-1,-1,-1
637,60,1388.44,545.29,36.49,112.07,0.730,-1,-1,-1
637,62,333.07,495.50,16.87,41.84,0.579,-1,-1,-1
638,57,246.63,562.33,49.34,122.88,0.848,-1,-1,-1
638,60,1398.41,545.58,36.90,113.55,0.764,-1,-1,-1
638,62,336.26,499.55,16.80,41.62,0.569,-1,-1,-1
639,57,248.87,561.48,49.13,123.69,0.836,-1,-1,-1
639,60,1408.58,549.08,37.42,115.50,0.775,-1,-1,-1
639,62,340.14,497.95,17.16,42.54,0.595,-1,-1,-1
640,57,250.84,564.29,48.71,124.04,0.818,-1,-1,-1
640,60,1419.08,550.27,36.13,110.96,0.663,-1,-1,-1
640,62,343.64,500.01,17.17,42.52,0.435,-1,-1,-1
641,57,253.37,566.21,48.14,123.97,0.813,-1,-1,-1
641,60,1429.45,554.29,36.17,110.58,0.719,-1,-1,-1
641,62,347.60,501.14,17.18,42.54,0.629,-1,-1,-1
642,57,256.22,566.54,47.62,123.98,0.808,-1,-1,-1
642,60,1440.85,556.97,35.57,108.08,0.773,-1,-1,-1
642,62,351.80,500.02,17.42,43.20,0.484,-1,-1,-1
643,57,259.25,568.24,46.90,123.10,0.697,-1,-1,-1
643,60,1453.23,560.38,34.83,105.14,0.654,-1,-1,-1
643,62,356.29,500.26,17.17,42.57,0.326,-1,-1,-1
644,57,263.04,570.65,45.87,121.13,0.521,-1,-1,-1
644,60,1464.75,561.80,35.96,108.69,0.617,-1,-1,-1
644,62,360.35,500.71,17.21,42.71,0.571,-1,-1,-1
645,57,266.57,572.55,45.39,121.01,0.648,-1,-1,-1
645,60,1478.10,564.18,32.52,96.08,0.574,-1,-1,-1
645,62,364.96,501.66,17.05,42.42,0.254,-1,-1,-1
646,57,269.19,573.16,45.45,122.58,0.762,-1,-1,-1
646,60,1490.82,564.92,30.06,87.65,0.154,-1,-1,-1
646,62,369.27,502.40,16.87,41.94,0.418,-1,-1,-1
647,57,271.04,572.36,45.63,123.69,0.783,-1,-1,-1
647,60,1504.70,569.20,27.05,76.51,0.459,-1,-1,-1
647,62,374.15,502.41,16.86,41.88,0.424,-1,-1,-1
648,57,274.27,573.51,45.40,124.10,0.792,-1,-1,-1
648,60,1518.77,571.55,25.63,70.68,0.405,-1,-1,-1
648,62,379.14,503.95,16.75,41.51,0.426,-1,-1,-1
649,57,278.51,565.09,45.88,126.75,0.733,-1,-1,-1
649,60,1532.44,573.80,24.22,64.53,0.430,-1,-1,-1
649,62,384.88,497.87,17.23,42.73,0.540,-1,-1,-1
650,57,282.64,567.93,45.77,127.69,0.789,-1,-1,-1
650,62,388.09,499.57,17.76,43.95,0.307,-1,-1,-1
651,57,289.09,569.62,45.39,128.79,0.813,-1,-1,-1
651,62,394.50,502.37,17.41,43.21,0.604,-1,-1,-1
652,57,295.41,558.35,45.33,130.55,0.739,-1,-1,-1
652,62,400.70,492.31,17.76,44.06,0.558,-1,-1,-1
653,57,301.95,558.59,45.38,132.66,0.757,-1,-1,-1
653,60,1593.34,561.44,24.32,61.57,0.549,-1,-1,-1
653,62,406.40,492.50,17.65,43.77,0.532,-1,-1,-1
654,57,308.95,562.82,45.07,132.88,0.775,-1,-1,-1
654,62,411.40,493.87,18.20,44.84,0.552,-1,-1,-1
655,57,316.34,562.68,44.79,132.27,0.758,-1,-1,-1
655,62,419.32,492.39,18.38,45.03,0.583,-1,-1,-1
656,57,320.42,552.61,50.78,151.50,0.609,-1,-1,-1
656,62,426.96,498.17,18.84,46.29,0.581,-1,-1,-1
657,57,331.72,567.35,47.71,140.66,0.829,-1,-1,-1
657,62,437.21,501.58,18.59,45.64,0.526,-1,-1,-1
658,57,337.71,576.41,46.32,134.71,0.818,-1,-1,-1
658,60,1682.96,567.34,26.66,62.23,0.630,-1,-1,-1
658,62,444.03,503.31,18.47,44.96,0.540,-1,-1,-1
659,57,346.46,594.51,46.36,132.77,0.843,-1,-1,-1
659,62,453.14,517.76,18.53,45.16,0.534,-1,-1,-1
660,57,349.31,593.00,46.57,131.59,0.851,-1,-1,-1
660,60,1719.53,590.40,28.36,63.04,0.526,-1,-1,-1
660,62,457.29,514.05,18.63,44.96,0.559,-1,-1,-1
661,57,354.30,595.18,47.10,131.35,0.834,-1,-1,-1
661,62,463.42,514.75,18.36,44.28,0.543,-1,-1,-1
662,57,362.43,597.46,46.01,127.71,0.812,-1,-1,-1
662,62,469.05,514.19,18.55,44.43,0.573,-1,-1,-1
662,63,356.56,535.61,26.64,75.47,0.758,-1,-1,-1
663,57,372.21,598.23,45.15,125.05,0.832,-1,-1,-1
663,62,475.98,513.20,18.27,43.76,0.570,-1,-1,-1
663,63,359.63,533.46,27.02,76.37,0.760,-1,-1,-1
664,57,381.58,595.00,45.07,123.79,0.835,-1,-1,-1
664,62,482.52,507.01,18.75,44.83,0.469,-1,-1,-1
664,63,364.34,527.43,27.50,77.48,0.747,-1,-1,-1
665,57,389.21,597.63,45.12,121.98,0.834,-1,-1,-1
665,62,488.98,507.07,18.61,44.66,0.543,-1,-1,-1
665,63,369.71,527.91,27.77,78.19,0.711,-1,-1,-1
666,57,399.28,594.34,45.20,120.80,0.753,-1,-1,-1
666,62,495.55,502.20,19.04,45.72,0.472,-1,-1,-1
666,63,376.34,523.68,27.78,78.13,0.760,-1,-1,-1
667,57,406.50,593.07,46.74,121.22,0.750,-1,-1,-1
667,62,502.63,500.33,19.36,46.69,0.470,-1,-1,-1
667,63,381.86,522.31,27.99,78.77,0.757,-1,-1,-1
668,57,410.72,592.57,51.04,125.71,0.817,-1,-1,-1
668,62,508.66,500.00,19.62,47.54,0.475,-1,-1,-1
668,63,387.85,522.50,28.09,78.97,0.759,-1,-1,-1
669,57,418.36,587.85,54.52,127.47,0.833,-1,-1,-1
669,62,515.79,496.37,19.72,47.95,0.420,-1,-1,-1
669,63,393.73,517.85,28.28,79.75,0.726,-1,-1,-1
670,57,427.97,587.40,56.62,126.01,0.827,-1,-1,-1
670,62,523.31,494.24,19.56,47.63,0.416,-1,-1,-1
670,63,399.49,514.93,28.11,79.42,0.728,-1,-1,-1
671,57,437.99,579.68,61.60,133.15,0.758,-1,-1,-1
671,62,529.90,492.34,19.25,46.84,0.453,-1,-1,-1
671,63,404.86,512.14,28.12,79.70,0.767,-1,-1,-1
672,57,448.92,570.97,67.06,140.99,0.855,-1,-1,-1
672,62,536.57,490.84,18.76,45.82,0.468,-1,-1,-1
672,63,410.40,508.85,28.46,80.81,0.756,-1,-1,-1
673,57,461.00,569.14,69.51,143.97,0.749,-1,-1,-1
673,62,543.65,491.88,18.29,44.68,0.427,-1,-1,-1
673,63,416.00,509.72,28.12,80.04,0.748,-1,-1,-1
674,57,475.94,566.37,68.22,140.52,0.407,-1,-1,-1
674,62,551.57,485.11,17.98,43.95,0.524,-1,-1,-1
674,63,422.35,501.42,28.47,81.04,0.720,-1,-1,-1
675,57,495.61,570.14,65.16,133.22,0.803,-1,-1,-1
675,62,557.71,480.16,18.32,44.56,0.551,-1,-1,-1
675,63,426.69,495.50,28.99,82.37,0.758,-1,-1,-1
676,57,511.61,575.88,64.54,132.12,0.822,-1,-1,-1
676,62,562.66,483.80,18.15,44.20,0.591,-1,-1,-1
676,63,430.15,498.64,29.86,84.70,0.753,-1,-1,-1
677,57,525.78,572.96,65.81,133.99,0.819,-1,-1,-1
677,62,571.50,481.64,18.39,44.83,0.652,-1,-1,-1
677,63,438.35,496.15,30.03,84.56,0.762,-1,-1,-1
678,57,535.95,572.13,68.93,138.41,0.866,-1,-1,-1
678,62,577.08,482.02,18.91,46.00,0.671,-1,-1,-1
678,63,443.15,498.06,30.48,85.48,0.690,-1,-1,-1
679,57,548.37,580.86,70.89,140.16,0.891,-1,-1,-1
679,62,583.53,492.19,18.91,46.24,0.630,-1,-1,-1
679,63,448.10,510.11,30.85,86.36,0.760,-1,-1,-1
680,57,558.89,575.69,73.08,141.90,0.867,-1,-1,-1
680,62,592.18,488.00,19.05,46.56,0.569,-1,-1,-1
680,63,454.90,504.88,30.67,85.87,0.719,-1,-1,-1
681,57,567.02,599.02,75.57,145.23,0.831,-1,-1,-1
681,62,593.95,512.36,18.87,46.28,0.498,-1,-1,-1
681,63,455.40,533.22,30.21,84.90,0.598,-1,-1,-1
682,57,588.08,620.72,75.01,143.13,0.843,-1,-1,-1
682,62,599.39,534.53,18.51,45.34,0.559,-1,-1,-1
682,63,461.19,562.09,29.47,82.87,0.754,-1,-1,-1
683,57,597.30,595.08,73.64,140.90,0.558,-1,-1,-1
683,62,604.24,507.11,18.67,45.79,0.276,-1,-1,-1
683,63,462.92,530.77,29.30,82.42,0.389,-1,-1,-1
684,57,613.91,585.79,72.34,139.36,0.790,-1,-1,-1
684,62,609.73,496.39,18.58,45.57,0.582,-1,-1,-1
684,63,467.55,517.99,29.70,82.98,0.710,-1,-1,-1
685,57,632.31,583.61,72.15,140.88,0.765,-1,-1,-1
685,62,614.90,494.41,18.84,46.32,0.619,-1,-1,-1
685,63,472.10,516.12,30.99,86.28,0.786,-1,-1,-1
686,57,646.40,576.12,71.28,140.69,0.747,-1,-1,-1
686,62,621.88,486.46,18.83,46.34,0.630,-1,-1,-1
686,63,476.75,507.05,31.19,86.78,0.756,-1,-1,-1
687,57,660.22,574.52,71.36,141.22,0.767,-1,-1,-1
687,62,628.00,483.95,19.26,47.40,0.590,-1,-1,-1
687,63,482.29,506.12,31.18,86.29,0.737,-1,-1,-1
688,57,671.19,571.53,74.71,145.72,0.856,-1,-1,-1
688,62,634.48,481.63,19.66,48.45,0.579,-1,-1,-1
688,63,487.12,502.97,31.95,88.10,0.718,-1,-1,-1
689,57,684.44,569.12,77.19,147.73,0.862,-1,-1,-1
689,62,640.18,479.56,19.85,48.75,0.565,-1,-1,-1
689,63,491.61,502.79,32.03,88.17,0.748,-1,-1,-1
690,57,698.21,567.20,79.63,148.20,0.899,-1,-1,-1
690,62,647.37,477.29,19.79,48.62,0.600,-1,-1,-1
690,63,496.19,499.94,32.24,88.33,0.768,-1,-1,-1
691,57,710.84,566.32,81.97,149.89,0.893,-1,-1,-1
691,62,652.09,474.20,20.13,49.53,0.594,-1,-1,-1
691,63,499.03,499.02,32.52,88.34,0.764,-1,-1,-1
692,57,725.93,570.58,82.94,149.54,0.884,-1,-1,-1
692,62,659.50,474.30,20.12,49.53,0.703,-1,-1,-1
692,63,504.20,496.50,33.31,89.92,0.762,-1,-1,-1
693,57,743.84,574.36,82.47,147.58,0.904,-1,-1,-1
693,62,665.19,473.12,20.26,49.87,0.598,-1,-1,-1
693,63,508.95,494.81,33.97,91.57,0.761,-1,-1,-1
694,57,763.68,581.76,81.48,146.01,0.860,-1,-1,-1
694,62,670.53,477.49,20.25,49.80,0.672,-1,-1,-1
694,63,513.38,498.81,33.89,91.53,0.767,-1,-1,-1
695,57,784.33,586.00,80.95,146.47,0.870,-1,-1,-1
695,62,676.91,478.77,20.26,49.94,0.677,-1,-1,-1
695,63,519.12,500.90,33.49,90.58,0.768,-1,-1,-1
696,57,801.31,586.00,81.92,148.99,0.850,-1,-1,-1
696,62,683.29,478.23,20.27,49.97,0.726,-1,-1,-1
696,63,524.59,499.61,33.37,90.35,0.761,-1,-1,-1
696,64,716.34,477.42,17.38,48.92,0.593,-1,-1,-1
697,57,814.60,586.26,82.95,150.39,0.854,-1,-1,-1
697,62,688.09,479.36,20.37,50.28,0.596,-1,-1,-1
697,63,528.36,500.22,33.67,91.58,0.739,-1,-1,-1
697,64,721.37,478.47,18.02,50.72,0.630,-1,-1,-1
698,57,829.82,583.66,86.11,155.32,0.878,-1,-1,-1
698,62,694.33,479.14,20.43,50.48,0.679,-1,-1,-1
698,63,531.23,498.50,34.67,93.71,0.712,-1,-1,-1
698,64,727.87,478.18,18.06,50.81,0.663,-1,-1,-1
699,57,844.58,585.68,87.51,156.46,0.887,-1,-1,-1
699,62,700.17,479.33,20.36,50.41,0.594,-1,-1,-1
699,63,535.76,497.53,34.77,93.81,0.767,-1,-1,-1
699,64,733.88,478.40,18.15,51.07,0.618,-1,-1,-1
700,57,861.08,589.31,89.95,158.73,0.889,-1,-1,-1
700,62,703.95,481.74,20.40,50.63,0.694,-1,-1,-1
700,63,537.77,502.02,35.07,93.41,0.721,-1,-1,-1
700,64,738.49,480.53,17.99,50.59,0.674,-1,-1,-1
701,57,878.04,593.91,90.53,158.74,0.850,-1,-1,-1
701,62,709.75,481.79,20.61,51.37,0.571,-1,-1,-1
701,63,540.18,499.84,36.70,96.60,0.779,-1,-1,-1
701,64,744.88,481.39,17.57,49.39,0.641,-1,-1,-1
702,57,897.15,599.23,90.70,157.97,0.883,-1,-1,-1
702,62,716.10,481.51,20.70,51.82,0.649,-1,-1,-1
702,63,544.66,501.65,36.74,95.33,0.772,-1,-1,-1
702,64,751.16,481.93,17.41,48.92,0.654,-1,-1,-1
703,57,927.20,606.26,87.46,156.35,0.824,-1,-1,-1
703,62,720.98,481.55,20.85,52.41,0.614,-1,-1,-1
703,63,548.59,502.10,37.04,94.89,0.800,-1,-1,-1
703,64,756.33,481.88,17.60,49.43,0.685,-1,-1,-1
704,57,945.30,614.23,85.99,155.19,0.839,-1,-1,-1
704,62,724.80,485.59,20.52,51.76,0.657,-1,-1,-1
704,63,550.69,504.78,38.15,97.14,0.738,-1,-1,-1
704,64,760.00,487.71,17.71,49.72,0.684,-1,-1,-1
705,57,964.05,615.79,85.60,156.85,0.880,-1,-1,-1
705,62,729.27,485.53,20.24,51.27,0.653,-1,-1,-1
705,63,553.64,504.66,38.88,98.25,0.785,-1,-1,-1
705,64,764.17,487.90,17.80,49.95,0.680,-1,-1,-1
706,57,977.57,619.89,87.38,160.58,0.895,-1,-1,-1
706,62,733.44,488.64,20.07,50.87,0.612,-1,-1,-1
706,63,557.16,506.55,39.20,98.40,0.799,-1,-1,-1
706,64,768.29,489.20,18.39,51.53,0.617,-1,-1,-1
707,57,989.65,617.27,91.02,166.17,0.902,-1,-1,-1
707,62,736.37,490.42,20.14,51.04,0.675,-1,-1,-1
707,63,559.40,510.48,39.46,98.60,0.814,-1,-1,-1
707,64,771.01,489.98,19.19,53.68,0.646,-1,-1,-1
708,57,1003.77,618.97,93.43,169.24,0.879,-1,-1,-1
708,62,739.99,493.85,20.20,51.27,0.690,-1,-1,-1
708,63,561.40,514.50,40.23,99.79,0.834,-1,-1,-1
708,64,774.58,493.02,19.36,54.08,0.622,-1,-1,-1
709,57,1020.67,616.84,96.72,172.23,0.900,-1,-1,-1
709,62,743.64,495.68,20.32,51.49,0.676,-1,-1,-1
709,63,563.51,517.50,41.19,101.96,0.827,-1,-1,-1
709,64,778.49,496.21,18.95,52.75,0.655,-1,-1,-1
710,57,1035.10,628.25,100.13,174.94,0.903,-1,-1,-1
710,62,748.52,502.19,20.32,51.60,0.660,-1,-1,-1
710,63,567.10,523.83,41.03,101.66,0.802,-1,-1,-1
710,64,783.67,503.34,18.52,51.44,0.643,-1,-1,-1
711,57,1053.22,624.59,101.75,175.59,0.894,-1,-1,-1
711,62,750.96,502.69,20.27,51.53,0.668,-1,-1,-1
711,63,570.17,528.38,40.42,100.58,0.789,-1,-1,-1
711,64,786.54,502.69,18.30,50.49,0.661,-1,-1,-1
712,57,1071.21,632.82,103.43,177.41,0.886,-1,-1,-1
712,62,755.78,507.73,20.15,51.18,0.693,-1,-1,-1
712,63,572.07,532.51,40.69,101.18,0.801,-1,-1,-1
712,64,791.31,509.19,17.51,48.20,0.568,-1,-1,-1
713,57,1092.17,632.59,101.99,174.60,0.885,-1,-1,-1
713,62,758.15,503.78,20.38,51.84,0.648,-1,-1,-1
713,63,573.15,529.87,41.29,103.22,0.803,-1,-1,-1
713,64,793.87,504.57,17.97,49.51,0.649,-1,-1,-1
714,57,1119.38,637.30,100.54,173.59,0.882,-1,-1,-1
714,62,762.06,512.85,20.19,51.28,0.688,-1,-1,-1
714,63,576.11,542.21,41.33,103.19,0.797,-1,-1,-1
714,64,797.41,511.72,18.49,50.91,0.728,-1,-1,-1
715,57,1135.90,637.83,101.53,176.30,0.868,-1,-1,-1
715,62,765.44,511.40,20.38,51.54,0.684,-1,-1,-1
715,63,577.03,539.63,41.74,104.03,0.790,-1,-1,-1
715,64,800.86,510.70,18.41,50.83,0.705,-1,-1,-1
716,57,1153.01,633.77,103.86,181.38,0.828,-1,-1,-1
716,62,767.81,511.55,20.61,52.11,0.697,-1,-1,-1
716,63,577.77,541.81,42.27,105.21,0.805,-1,-1,-1
716,64,803.38,512.19,18.42,50.85,0.719,-1,-1,-1
717,57,1169.72,633.20,104.65,183.92,0.870,-1,-1,-1
717,62,770.65,512.67,20.67,52.05,0.663,-1,-1,-1
717,63,578.81,543.01,42.65,106.00,0.805,-1,-1,-1
717,64,806.25,512.38,19.16,53.08,0.680,-1,-1,-1
718,57,1189.48,629.86,107.57,190.53,0.874,-1,-1,-1
718,62,773.81,514.89,20.72,51.96,0.701,-1,-1,-1
718,63,580.84,546.60,42.84,106.37,0.811,-1,-1,-1
718,64,809.14,514.28,19.16,53.14,0.699,-1,-1,-1
719,57,1206.91,634.64,109.23,193.21,0.882,-1,-1,-1
719,62,777.65,512.95,21.13,52.79,0.690,-1,-1,-1
719,63,583.43,542.72,43.00,106.69,0.786,-1,-1,-1
719,64,813.17,511.96,19.84,55.36,0.718,-1,-1,-1
719,65,1450.14,536.50,27.62,67.76,0.567,-1,-1,-1
720,57,1228.34,633.78,112.10,197.60,0.887,-1,-1,-1
720,62,779.48,515.60,21.25,53.11,0.731,-1,-1,-1
720,63,583.71,547.77,43.74,108.40,0.822,-1,-1,-1
720,64,815.04,513.94,20.04,56.18,0.726,-1,-1,-1
720,65,1456.62,531.94,27.79,68.18,0.666,-1,-1,-1
721,57,1247.77,638.18,112.55,198.75,0.898,-1,-1,-1
721,62,783.48,515.35,21.52,53.79,0.718,-1,-1,-1
721,63,586.10,547.53,44.26,109.56,0.803,-1,-1,-1
721,64,819.01,513.56,20.19,56.55,0.673,-1,-1,-1
721,65,1462.65,532.61,28.49,69.96,0.615,-1,-1,-1
721,66,802.19,517.88,14.66,50.44,0.557,-1,-1,-1
722,57,1270.94,645.45,112.26,199.51,0.886,-1,-1,-1
722,62,786.70,515.19,21.99,54.87,0.699,-1,-1,-1
722,63,587.62,548.89,44.61,110.25,0.794,-1,-1,-1
722,64,822.42,513.36,20.59,57.98,0.736,-1,-1,-1
722,65,1470.55,535.12,27.82,68.32,0.694,-1,-1,-1
722,66,804.72,516.53,15.41,53.04,0.556,-1,-1,-1
723,57,1296.69,654.08,110.00,198.05,0.827,-1,-1,-1
723,62,790.71,515.33,21.92,54.86,0.724,-1,-1,-1
723,63,589.26,549.05,44.79,110.57,0.760,-1,-1,-1
723,64,827.23,514.37,20.29,57.40,0.728,-1,-1,-1
723,65,1478.13,538.24,27.77,68.17,0.607,-1,-1,-1
723,66,809.07,515.96,15.69,54.00,0.632,-1,-1,-1
724,57,1323.96,667.05,106.88,195.35,0.743,-1,-1,-1
724,62,793.03,524.63,21.63,54.19,0.708,-1,-1,-1
724,63,587.76,558.43,45.77,112.07,0.714,-1,-1,-1
724,64,829.50,523.01,20.38,58.02,0.676,-1,-1,-1
724,65,1482.51,543.14,28.30,69.48,0.585,-1,-1,-1
724,66,811.25,524.95,15.64,53.73,0.644,-1,-1,-1
725,57,1353.32,669.19,106.19,197.86,0.821,-1,-1,-1
725,62,796.64,524.75,21.51,54.05,0.688,-1,-1,-1
725,63,589.47,559.52,46.14,112.38,0.807,-1,-1,-1
725,64,833.68,524.10,19.86,56.68,0.720,-1,-1,-1
725,65,1488.52,542.12,27.75,68.09,0.626,-1,-1,-1
725,66,815.06,525.63,15.48,53.09,0.613,-1,-1,-1
726,57,1375.79,677.02,107.86,202.94,0.846,-1,-1,-1
726,62,801.31,524.08,21.55,54.26,0.701,-1,-1,-1
726,63,590.33,556.32,47.17,114.24,0.804,-1,-1,-1
726,64,839.02,524.40,19.04,54.35,0.695,-1,-1,-1
726,65,1496.31,550.07,27.72,68.07,0.565,-1,-1,-1
726,66,820.00,524.63,15.59,53.31,0.641,-1,-1,-1
727,57,1399.49,676.38,110.02,207.54,0.807,-1,-1,-1
727,62,803.60,530.86,21.53,54.22,0.761,-1,-1,-1
727,63,590.87,565.46,47.70,115.14,0.793,-1,-1,-1
727,64,841.63,529.34,19.15,54.75,0.689,-1,-1,-1
727,65,1503.51,548.16,28.22,69.30,0.630,-1,-1,-1
727,66,822.54,530.75,15.75,53.75,0.626,-1,-1,-1
728,57,1417.50,685.73,114.45,214.17,0.862,-1,-1,-1
728,62,807.58,529.74,21.90,55.21,0.720,-1,-1,-1
728,63,592.39,563.17,48.04,115.52,0.751,-1,-1,-1
728,64,846.35,528.66,18.98,54.31,0.711,-1,-1,-1
728,65,1510.94,555.34,28.92,71.10,0.620,-1,-1,-1
728,66,827.31,530.47,15.85,54.01,0.561,-1,-1,-1
729,57,1441.77,684.84,118.22,216.52,0.885,-1,-1,-1
729,62,809.72,527.90,22.16,55.74,0.699,-1,-1,-1
729,63,592.39,562.21,48.76,116.39,0.805,-1,-1,-1
729,64,849.09,527.41,19.15,55.08,0.711,-1,-1,-1
729,65,1516.82,553.93,28.96,71.12,0.698,-1,-1,-1
729,66,830.07,529.46,15.93,54.26,0.528,-1,-1,-1
730,57,1466.31,688.20,125.52,225.80,0.880,-1,-1,-1
730,62,812.99,530.88,22.23,55.58,0.672,-1,-1,-1
730,63,593.48,565.37,49.60,117.46,0.813,-1,-1,-1
730,64,852.76,529.55,19.30,55.73,0.672,-1,-1,-1
730,65,1524.68,557.36,28.81,70.62,0.561,-1,-1,-1
730,66,833.96,532.35,16.01,54.42,0.573,-1,-1,-1
731,57,1488.27,697.17,127.55,227.27,0.836,-1,-1,-1
731,62,816.01,528.18,22.66,56.43,0.749,-1,-1,-1
731,63,594.26,561.79,50.54,119.02,0.827,-1,-1,-1
731,64,855.70,527.44,19.85,57.37,0.714,-1,-1,-1
731,65,1530.01,561.98,28.85,70.48,0.637,-1,-1,-1
731,66,836.76,529.76,16.32,55.28,0.581,-1,-1,-1
732,57,1512.18,701.49,129.28,229.93,0.754,-1,-1,-1
732,62,818.12,527.66,22.99,57.00,0.728,-1,-1,-1
732,63,594.29,561.81,51.71,121.26,0.815,-1,-1,-1
732,64,858.56,525.83,19.80,57.08,0.713,-1,-1,-1
732,65,1536.72,560.84,28.98,70.54,0.539,-1,-1,-1
732,66,839.34,528.51,16.57,56.03,0.592,-1,-1,-1
733,57,1543.65,707.97,127.57,228.70,0.843,-1,-1,-1
733,62,821.17,527.36,22.94,56.74,0.719,-1,-1,-1
733,63,596.17,561.62,52.45,123.20,0.817,-1,-1,-1
733,64,861.46,526.02,19.70,56.67,0.680,-1,-1,-1
733,65,1543.68,559.59,28.89,70.03,0.622,-1,-1,-1
733,66,842.21,528.05,16.66,56.25,0.589,-1,-1,-1
734,57,1572.56,713.17,127.89,232.37,0.802,-1,-1,-1
734,62,825.03,525.15,22.92,56.55,0.695,-1,-1,-1
734,63,596.77,557.39,52.91,124.03,0.825,-1,-1,-1
734,64,864.81,523.80,19.33,55.27,0.653,-1,-1,-1
734,65,1549.52,563.21,29.37,70.67,0.540,-1,-1,-1
734,66,845.66,526.36,16.51,55.69,0.655,-1,-1,-1
735,57,1599.54,706.67,129.84,238.52,0.825,-1,-1,-1
735,62,826.50,525.63,22.74,56.09,0.715,-1,-1,-1
735,63,596.61,558.86,53.73,125.89,0.815,-1,-1,-1
735,64,866.16,523.45,19.41,55.33,0.679,-1,-1,-1
735,65,1553.07,555.09,31.17,74.78,0.625,-1,-1,-1
735,66,846.86,526.89,16.42,55.36,0.647,-1,-1,-1
736,57,1625.14,712.31,130.75,241.28,0.750,-1,-1,-1
736,62,829.54,523.27,22.76,55.75,0.707,-1,-1,-1
736,63,596.72,555.99,54.69,127.48,0.792,-1,-1,-1
736,64,869.59,521.13,19.73,55.84,0.744,-1,-1,-1
736,65,1558.47,552.58,32.82,78.66,0.570,-1,-1,-1
736,66,850.28,524.27,16.52,55.63,0.582,-1,-1,-1
737,57,1651.21,709.75,133.39,247.82,0.842,-1,-1,-1
737,62,831.47,522.08,22.89,55.74,0.696,-1,-1,-1
737,63,596.24,555.97,55.40,128.53,0.764,-1,-1,-1
737,64,871.56,521.07,19.84,55.87,0.714,-1,-1,-1
737,65,1563.90,549.38,33.33,79.77,0.618,-1,-1,-1
737,66,852.48,523.27,16.37,55.00,0.558,-1,-1,-1
738,57,1681.95,714.96,136.27,253.27,0.888,-1,-1,-1
738,62,833.78,524.70,22.95,55.78,0.725,-1,-1,-1
738,63,597.47,558.74,55.65,129.26,0.728,-1,-1,-1
738,64,873.31,524.21,20.09,56.47,0.734,-1,-1,-1
738,65,1568.71,553.02,33.52,80.00,0.402,-1,-1,-1
738,66,854.18,524.92,16.49,55.47,0.626,-1,-1,-1
739,57,1717.54,718.46,139.63,257.17,0.895,-1,-1,-1
739,62,835.46,524.73,23.28,56.29,0.705,-1,-1,-1
739,63,601.03,559.28,55.64,130.79,0.833,-1,-1,-1
739,64,875.20,523.87,20.44,57.43,0.624,-1,-1,-1
739,65,1575.91,556.26,32.59,77.91,0.499,-1,-1,-1
739,66,856.37,525.42,16.40,55.06,0.484,-1,-1,-1
740,57,1748.76,722.45,143.74,263.28,0.890,-1,-1,-1
740,62,836.85,525.62,23.48,56.60,0.651,-1,-1,-1
740,63,602.58,561.49,55.43,131.49,0.843,-1,-1,-1
740,64,876.16,523.78,21.17,59.77,0.668,-1,-1,-1
740,65,1582.09,558.50,31.49,75.32,0.473,-1,-1,-1
740,66,857.98,526.66,16.30,54.69,0.550,-1,-1,-1
741,57,1777.20,732.56,144.54,265.92,0.889,-1,-1,-1
741,62,839.56,526.21,23.79,57.25,0.721,-1,-1,-1
741,63,604.85,563.87,55.01,131.54,0.849,-1,-1,-1
741,64,878.24,525.46,21.56,60.91,0.668,-1,-1,-1
741,65,1588.08,561.71,31.42,75.43,0.603,-1,-1,-1
741,66,859.99,527.45,16.59,55.58,0.531,-1,-1,-1
742,57,1805.29,744.17,139.89,264.12,0.878,-1,-1,-1
742,62,841.46,527.59,24.27,58.09,0.733,-1,-1,-1
742,63,605.31,565.57,55.26,133.11,0.852,-1,-1,-1
742,64,879.63,526.76,21.82,61.71,0.742,-1,-1,-1
742,65,1594.47,564.51,31.27,75.36,0.428,-1,-1,-1
742,66,861.88,529.76,16.54,55.42,0.328,-1,-1,-1
743,62,843.11,528.97,24.51,58.38,0.763,-1,-1,-1
743,63,604.69,567.38,55.45,133.98,0.836,-1,-1,-1
743,64,880.74,526.60,22.32,63.31,0.787,-1,-1,-1
743,65,1599.70,566.78,31.28,75.65,0.441,-1,-1,-1
743,66,864.01,534.09,15.91,53.10,0.300,-1,-1,-1
744,62,843.39,529.02,24.83,58.90,0.767,-1,-1,-1
744,63,603.30,567.68,55.65,135.01,0.823,-1,-1,-1
744,64,881.05,526.22,22.51,64.02,0.772,-1,-1,-1
744,65,1603.84,569.03,31.53,76.54,0.458,-1,-1,-1
744,66,864.85,536.98,15.42,51.29,0.304,-1,-1,-1
745,62,843.32,529.77,25.06,59.20,0.735,-1,-1,-1
745,63,599.73,569.63,56.18,135.71,0.774,-1,-1,-1
745,64,880.90,526.37,22.81,65.09,0.767,-1,-1,-1
745,65,1608.25,568.02,31.41,76.43,0.567,-1,-1,-1
745,66,865.00,538.42,15.40,51.06,0.337,-1,-1,-1
746,62,843.89,530.07,25.16,59.25,0.733,-1,-1,-1
746,63,598.17,568.99,56.67,137.01,0.833,-1,-1,-1
746,64,881.41,526.52,23.01,66.03,0.737,-1,-1,-1
746,65,1611.51,572.41,31.50,76.72,0.535,-1,-1,-1
746,66,865.41,537.76,15.83,52.42,0.320,-1,-1,-1
747,62,844.38,531.17,25.10,59.02,0.724,-1,-1,-1
747,63,597.87,570.95,57.09,138.66,0.831,-1,-1,-1
747,64,882.24,526.55,23.19,67.14,0.744,-1,-1,-1
747,65,1617.18,572.64,31.54,76.90,0.487,-1,-1,-1
747,66,865.84,538.23,16.10,53.20,0.531,-1,-1,-1
748,62,845.62,530.61,25.28,59.50,0.725,-1,-1,-1
748,63,597.61,570.74,57.35,139.99,0.827,-1,-1,-1
748,64,883.90,526.13,22.99,67.09,0.673,-1,-1,-1
748,65,1624.03,572.33,31.79,77.62,0.451,-1,-1,-1
748,66,867.67,537.78,16.09,53.05,0.573,-1,-1,-1
749,62,846.38,530.16,25.26,59.58,0.720,-1,-1,-1
749,63,597.48,571.18,57.29,140.47,0.831,-1,-1,-1
749,64,885.86,528.99,21.68,63.65,0.664,-1,-1,-1
749,65,1626.89,569.83,32.33,79.01,0.411,-1,-1,-1
749,66,869.16,537.72,15.98,52.43,0.588,-1,-1,-1
750,62,847.22,529.25,25.23,59.60,0.750,-1,-1,-1
750,63,596.31,571.04,57.29,140.75,0.820,-1,-1,-1
750,64,888.35,532.51,19.80,58.25,0.650,-1,-1,-1
750,65,1632.34,566.13,34.16,83.45,0.424,-1,-1,-1
750,66,870.79,537.36,15.93,51.81,0.636,-1,-1,-1
