1,1,584.06,443.77,87.86,264.38,0.900,-1,-1,-1
1,2,1340.69,417.02,163.78,371.17,0.891,-1,-1,-1
1,3,1443.12,430.60,160.27,338.04,0.846,-1,-1,-1
1,4,1014.91,429.19,43.15,99.51,0.803,-1,-1,-1
1,5,438.45,443.15,113.79,279.97,0.790,-1,-1,-1
1,6,731.47,460.68,36.67,109.30,0.776,-1,-1,-1
1,7,937.61,434.48,37.91,81.68,0.739,-1,-1,-1
1,8,1255.74,447.77,36.57,98.92,0.704,-1,-1,-1
1,9,651.07,457.75,48.11,185.55,0.691,-1,-1,-1
1,10,548.09,447.94,34.45,111.56,0.679,-1,-1,-1
1,11,691.86,488.67,38.34,109.65,0.617,-1,-1,-1
2,1,584.28,443.93,87.80,264.16,0.897,-1,-1,-1
2,2,1344.41,419.47,163.95,371.38,0.895,-1,-1,-1
2,3,1445.60,430.96,159.63,336.82,0.838,-1,-1,-1
2,4,1015.08,429.35,43.08,99.34,0.797,-1,-1,-1
2,5,439.74,442.96,114.13,280.72,0.805,-1,-1,-1
2,6,733.13,469.64,33.54,99.87,0.774,-1,-1,-1
2,7,937.55,434.47,37.90,81.64,0.749,-1,-1,-1
2,8,1255.91,447.90,36.48,98.68,0.701,-1,-1,-1
2,9,654.82,454.78,48.84,188.35,0.470,-1,-1,-1
2,10,548.21,448.67,33.99,110.08,0.647,-1,-1,-1
2,11,692.16,486.35,38.51,110.15,0.483,-1,-1,-1
3,1,584.75,444.00,87.85,264.25,0.899,-1,-1,-1
3,2,1347.54,417.47,167.32,378.52,0.902,-1,-1,-1
3,3,1443.08,432.38,159.29,335.98,0.706,-1,-1,-1
3,4,1015.52,429.57,43.06,99.34,0.799,-1,-1,-1
3,5,441.58,443.82,113.93,279.81,0.859,-1,-1,-1
3,6,732.47,463.91,35.45,105.61,0.759,-1,-1,-1
3,7,937.67,434.24,38.06,81.93,0.782,-1,-1,-1
3,8,1256.05,447.80,36.44,98.62,0.736,-1,-1,-1
3,9,650.91,459.25,48.01,184.74,0.678,-1,-1,-1
3,10,547.98,448.82,33.75,109.26,0.628,-1,-1,-1
3,11,692.11,486.40,38.38,109.78,0.422,-1,-1,-1
3,12,1102.37,437.92,35.77,111.33,0.562,-1,-1,-1
4,1,584.81,444.30,87.76,263.96,0.901,-1,-1,-1
4,2,1351.73,417.42,168.66,381.12,0.901,-1,-1,-1
4,3,1450.91,430.48,160.70,339.75,0.736,-1,-1,-1
4,4,1015.05,429.31,43.18,99.56,0.800,-1,-1,-1
4,5,442.73,443.83,114.21,279.95,0.860,-1,-1,-1
4,6,733.38,470.21,33.41,99.36,0.750,-1,-1,-1
4,7,937.80,434.24,38.15,82.02,0.745,-1,-1,-1
4,8,1256.63,447.82,36.46,98.64,0.753,-1,-1,-1
4,9,649.02,459.63,48.21,184.88,0.749,-1,-1,-1
4,10,547.68,449.14,33.76,109.23,0.601,-1,-1,-1
4,11,693.41,488.76,36.61,104.72,0.247,-1,-1,-1
4,12,1102.38,438.00,36.02,112.09,0.618,-1,-1,-1
5,1,584.43,444.59,87.72,263.80,0.899,-1,-1,-1
5,2,1355.78,416.56,170.02,383.67,0.915,-1,-1,-1
5,3,1465.17,428.77,161.25,342.12,0.776,-1,-1,-1
5,4,1014.06,429.25,43.29,99.62,0.798,-1,-1,-1
5,5,442.66,442.80,114.70,280.58,0.864,-1,-1,-1
5,6,733.85,474.56,32.27,95.74,0.786,-1,-1,-1
5,7,937.43,434.19,38.23,82.09,0.772,-1,-1,-1
5,8,1256.58,447.83,36.43,98.53,0.741,-1,-1,-1
5,9,649.41,459.81,48.59,185.05,0.807,-1,-1,-1
5,10,547.47,448.96,33.74,109.13,0.566,-1,-1,-1
5,11,694.59,483.04,37.61,107.73,0.202,-1,-1,-1
5,12,1102.34,438.04,36.03,112.11,0.591,-1,-1,-1
6,1,584.47,444.70,87.74,263.77,0.896,-1,-1,-1
6,2,1358.76,416.77,170.26,384.56,0.919,-1,-1,-1
6,3,1471.83,427.31,160.96,343.48,0.773,-1,-1,-1
6,4,1013.68,429.25,43.50,99.96,0.784,-1,-1,-1
6,5,443.24,442.73,115.33,281.06,0.887,-1,-1,-1
6,6,734.16,475.91,31.98,94.68,0.740,-1,-1,-1
6,7,936.81,434.06,38.62,82.87,0.776,-1,-1,-1
6,8,1256.68,447.83,36.46,98.58,0.727,-1,-1,-1
6,9,650.46,458.41,49.10,185.62,0.808,-1,-1,-1
6,10,547.44,447.45,34.28,110.88,0.603,-1,-1,-1
6,11,692.53,471.73,42.69,122.64,0.243,-1,-1,-1
6,12,1102.33,438.09,35.91,111.69,0.647,-1,-1,-1
7,1,583.98,444.44,87.94,264.16,0.897,-1,-1,-1
7,2,1364.62,415.71,170.03,385.98,0.906,-1,-1,-1
7,3,1474.37,426.19,160.44,344.87,0.737,-1,-1,-1
7,4,1013.97,429.66,43.53,99.89,0.768,-1,-1,-1
7,5,443.25,442.60,115.93,281.64,0.865,-1,-1,-1
7,6,734.02,476.63,31.95,94.40,0.732,-1,-1,-1
7,7,935.92,434.11,38.69,83.07,0.777,-1,-1,-1
7,8,1256.66,447.97,36.42,98.48,0.707,-1,-1,-1
7,9,651.77,457.13,49.84,187.45,0.818,-1,-1,-1
7,10,547.33,447.09,34.26,110.80,0.623,-1,-1,-1
7,11,691.55,468.49,44.65,128.72,0.350,-1,-1,-1
7,12,1102.05,438.31,35.99,111.89,0.679,-1,-1,-1
7,13,1368.16,433.46,43.61,126.93,0.573,-1,-1,-1
7,14,507.80,455.34,55.74,214.73,0.603,-1,-1,-1
8,1,583.77,444.06,88.20,264.62,0.891,-1,-1,-1
8,2,1372.02,413.94,169.72,388.56,0.893,-1,-1,-1
8,3,1476.57,424.83,159.69,345.33,0.727,-1,-1,-1
8,4,1013.31,429.77,43.54,99.65,0.771,-1,-1,-1
8,5,443.89,441.23,117.08,282.83,0.877,-1,-1,-1
8,6,733.60,476.52,32.33,95.26,0.752,-1,-1,-1
8,7,935.04,434.20,38.54,82.77,0.763,-1,-1,-1
8,8,1255.95,448.14,36.30,98.25,0.680,-1,-1,-1
8,9,651.66,456.90,50.98,190.62,0.819,-1,-1,-1
8,10,547.48,447.82,33.94,109.82,0.619,-1,-1,-1
8,11,691.29,468.04,45.21,130.76,0.274,-1,-1,-1
8,12,1102.09,438.33,35.64,110.75,0.749,-1,-1,-1
8,13,1371.64,433.17,43.81,127.56,0.217,-1,-1,-1
8,14,508.44,457.85,56.24,216.68,0.583,-1,-1,-1
9,1,583.67,443.49,88.46,265.12,0.884,-1,-1,-1
9,2,1383.12,412.21,168.59,390.36,0.868,-1,-1,-1
9,3,1482.34,422.60,159.52,346.84,0.732,-1,-1,-1
9,4,1012.89,430.34,43.27,98.71,0.763,-1,-1,-1
9,5,445.40,441.68,117.57,282.33,0.874,-1,-1,-1
9,6,733.02,475.87,32.82,96.54,0.717,-1,-1,-1
9,7,934.48,434.47,38.19,82.14,0.768,-1,-1,-1
9,8,1255.81,448.09,36.26,98.18,0.712,-1,-1,-1
9,9,653.60,456.35,51.31,191.41,0.772,-1,-1,-1
9,10,547.23,446.88,34.43,111.39,0.558,-1,-1,-1
9,11,692.61,474.56,43.01,124.68,0.220,-1,-1,-1
9,12,1101.61,438.25,35.66,110.72,0.589,-1,-1,-1
9,13,1373.02,434.27,43.56,126.57,0.511,-1,-1,-1
9,14,508.26,458.10,58.09,223.79,0.583,-1,-1,-1
10,1,583.91,443.18,88.63,265.24,0.886,-1,-1,-1
10,2,1393.85,410.51,166.24,390.74,0.846,-1,-1,-1
10,3,1489.59,421.79,158.52,347.74,0.566,-1,-1,-1
10,4,1013.76,431.48,42.75,97.35,0.774,-1,-1,-1
10,5,445.92,442.32,118.00,281.54,0.872,-1,-1,-1
10,6,731.42,465.78,36.15,106.86,0.769,-1,-1,-1
10,7,934.21,434.58,37.93,81.63,0.794,-1,-1,-1
10,8,1255.62,448.09,36.23,98.13,0.716,-1,-1,-1
10,9,655.16,457.15,51.56,191.76,0.766,-1,-1,-1
10,10,547.56,446.04,34.78,112.64,0.610,-1,-1,-1
10,11,694.24,480.36,41.10,119.61,0.326,-1,-1,-1
10,12,1101.38,438.15,35.72,110.79,0.518,-1,-1,-1
10,13,1378.52,435.10,43.26,125.36,0.661,-1,-1,-1
10,14,509.28,457.57,60.32,232.46,0.462,-1,-1,-1
11,1,584.07,443.45,88.65,264.82,0.901,-1,-1,-1
11,2,1404.75,408.95,164.29,392.92,0.857,-1,-1,-1
11,3,1499.88,421.53,156.32,348.74,0.748,-1,-1,-1
11,4,1014.17,432.47,42.53,96.73,0.778,-1,-1,-1
11,5,446.10,442.86,118.55,281.23,0.899,-1,-1,-1
11,6,730.82,461.29,37.69,112.00,0.786,-1,-1,-1
11,7,934.05,434.80,37.68,81.19,0.795,-1,-1,-1
11,8,1255.44,448.09,36.16,98.08,0.722,-1,-1,-1
11,9,657.12,456.61,51.40,191.19,0.703,-1,-1,-1
11,10,546.61,444.51,35.50,114.78,0.642,-1,-1,-1
11,11,693.37,473.14,43.47,127.13,0.167,-1,-1,-1
11,12,1101.30,438.09,35.70,110.59,0.473,-1,-1,-1
11,13,1382.08,433.98,44.21,127.75,0.739,-1,-1,-1
11,14,509.72,455.27,62.85,242.40,0.488,-1,-1,-1
12,1,584.16,443.36,88.79,264.81,0.909,-1,-1,-1
12,2,1416.36,407.69,162.23,394.07,0.838,-1,-1,-1
12,3,1521.28,422.10,157.13,351.27,0.755,-1,-1,-1
12,4,1015.10,433.10,42.05,95.83,0.754,-1,-1,-1
12,5,445.84,443.09,118.71,281.19,0.823,-1,-1,-1
12,6,730.38,458.88,38.52,115.08,0.779,-1,-1,-1
12,7,934.02,435.00,37.53,80.97,0.780,-1,-1,-1
12,8,1255.52,448.23,36.03,97.74,0.739,-1,-1,-1
12,9,658.39,456.59,50.92,189.51,0.701,-1,-1,-1
12,10,545.63,443.80,35.90,115.90,0.635,-1,-1,-1
12,11,694.90,478.81,41.38,121.48,0.218,-1,-1,-1
12,12,1101.54,438.18,35.47,109.76,0.472,-1,-1,-1
12,13,1383.26,434.00,43.87,126.60,0.583,-1,-1,-1
12,14,511.32,455.16,63.85,246.66,0.298,-1,-1,-1
13,1,584.40,443.37,88.89,264.70,0.905,-1,-1,-1
13,2,1428.57,411.08,158.22,390.33,0.845,-1,-1,-1
13,3,1526.52,421.74,156.54,352.46,0.668,-1,-1,-1
13,4,1016.38,433.77,41.38,94.70,0.674,-1,-1,-1
13,5,446.42,444.09,118.84,281.40,0.848,-1,-1,-1
13,6,729.87,458.75,38.72,116.06,0.739,-1,-1,-1
13,7,933.64,435.06,37.61,81.14,0.767,-1,-1,-1
13,8,1255.86,448.19,36.06,97.74,0.736,-1,-1,-1
13,9,660.20,457.42,50.64,188.60,0.627,-1,-1,-1
13,10,545.84,443.55,36.02,116.19,0.616,-1,-1,-1
13,11,695.76,480.97,39.85,117.36,0.142,-1,-1,-1
13,12,1101.63,438.06,35.46,109.65,0.593,-1,-1,-1
13,13,1387.48,432.39,44.15,126.73,0.628,-1,-1,-1
13,14,513.28,454.98,64.27,248.48,0.461,-1,-1,-1
14,1,584.73,443.44,89.06,264.54,0.900,-1,-1,-1
14,2,1439.29,409.56,156.92,392.33,0.842,-1,-1,-1
14,3,1539.01,422.72,157.57,358.25,0.795,-1,-1,-1
14,4,1017.40,433.77,41.15,94.54,0.709,-1,-1,-1
14,5,445.79,444.14,119.66,283.48,0.853,-1,-1,-1
14,6,729.57,457.83,39.14,117.89,0.765,-1,-1,-1
14,7,933.94,435.03,37.57,81.20,0.765,-1,-1,-1
14,8,1255.98,448.19,36.05,97.69,0.738,-1,-1,-1
14,9,661.47,458.20,50.19,187.16,0.601,-1,-1,-1
14,10,546.01,443.22,36.10,116.29,0.650,-1,-1,-1
14,11,696.60,481.36,37.88,111.87,0.141,-1,-1,-1
14,12,1101.80,438.11,35.52,109.74,0.527,-1,-1,-1
14,13,1392.45,433.60,43.94,125.42,0.739,-1,-1,-1
14,14,515.20,452.13,64.94,252.19,0.480,-1,-1,-1
15,1,584.67,443.12,89.25,264.69,0.901,-1,-1,-1
15,2,1452.80,416.75,155.26,387.69,0.758,-1,-1,-1
15,3,1555.59,424.18,157.92,361.57,0.809,-1,-1,-1
15,4,1017.73,434.70,40.60,93.30,0.728,-1,-1,-1
15,5,446.30,443.73,120.62,286.64,0.826,-1,-1,-1
15,6,729.25,457.14,39.14,118.45,0.770,-1,-1,-1
15,7,933.77,434.79,37.88,82.09,0.795,-1,-1,-1
15,8,1255.45,447.95,36.13,98.03,0.725,-1,-1,-1
15,9,663.34,459.05,50.28,187.35,0.486,-1,-1,-1
15,10,547.77,445.59,35.17,113.63,0.589,-1,-1,-1
15,12,1101.91,438.19,35.72,110.28,0.658,-1,-1,-1
15,13,1395.89,433.06,44.00,125.43,0.576,-1,-1,-1
15,14,512.41,451.19,66.02,256.25,0.140,-1,-1,-1
16,1,584.84,442.89,89.37,264.64,0.901,-1,-1,-1
16,2,1463.86,414.95,157.91,391.50,0.647,-1,-1,-1
16,3,1564.22,425.43,159.36,362.63,0.819,-1,-1,-1
16,4,1017.58,435.08,40.49,93.09,0.672,-1,-1,-1
16,5,446.08,444.11,121.01,288.64,0.846,-1,-1,-1
16,6,729.58,465.88,36.45,109.97,0.666,-1,-1,-1
16,7,933.47,434.81,37.85,82.34,0.785,-1,-1,-1
16,8,1255.01,447.91,36.09,98.26,0.712,-1,-1,-1
16,9,662.87,459.25,50.17,187.58,0.534,-1,-1,-1
16,10,548.87,450.50,33.56,108.52,0.640,-1,-1,-1
16,12,1101.81,438.36,35.80,110.42,0.636,-1,-1,-1
16,13,1401.23,432.80,43.90,125.11,0.482,-1,-1,-1
16,14,517.69,454.44,64.56,252.54,0.491,-1,-1,-1
17,1,584.79,442.74,89.67,265.10,0.900,-1,-1,-1
17,2,1471.59,412.17,162.71,397.01,0.850,-1,-1,-1
17,3,1569.50,428.05,160.88,361.19,0.848,-1,-1,-1
17,4,1017.09,435.35,40.49,93.01,0.690,-1,-1,-1
17,5,446.15,444.62,120.79,289.96,0.861,-1,-1,-1
17,6,729.50,470.31,34.99,105.40,0.385,-1,-1,-1
17,7,932.92,434.87,37.83,82.74,0.816,-1,-1,-1
17,8,1253.46,448.03,35.87,98.11,0.699,-1,-1,-1
17,9,661.75,459.68,50.74,191.15,0.689,-1,-1,-1
17,10,547.72,448.53,34.19,110.59,0.474,-1,-1,-1
17,12,1101.58,437.93,35.92,110.78,0.644,-1,-1,-1
17,13,1402.97,431.63,44.28,126.89,0.445,-1,-1,-1
17,14,521.35,452.22,64.46,254.55,0.496,-1,-1,-1
18,1,584.66,442.78,89.75,265.14,0.898,-1,-1,-1
18,2,1480.62,412.31,168.65,400.13,0.889,-1,-1,-1
18,3,1571.46,429.18,161.93,359.84,0.736,-1,-1,-1
18,4,1016.09,435.23,40.74,93.23,0.725,-1,-1,-1
18,5,447.12,445.06,120.55,289.87,0.824,-1,-1,-1
18,6,730.42,474.70,31.04,92.59,0.427,-1,-1,-1
18,7,932.67,435.06,37.63,82.72,0.758,-1,-1,-1
18,8,1253.37,447.87,35.78,98.16,0.708,-1,-1,-1
18,9,661.48,460.12,50.80,192.71,0.720,-1,-1,-1
18,10,548.06,449.70,33.15,106.99,0.410,-1,-1,-1
18,12,1101.32,437.87,35.92,110.65,0.589,-1,-1,-1
18,13,1405.58,431.55,43.87,126.54,0.362,-1,-1,-1
18,14,521.40,452.94,64.82,257.12,0.146,-1,-1,-1
19,1,585.41,443.05,89.99,265.15,0.890,-1,-1,-1
19,2,1487.60,412.71,175.46,402.57,0.910,-1,-1,-1
19,3,1573.34,429.67,165.94,364.91,0.774,-1,-1,-1
19,4,1016.96,435.31,40.68,93.26,0.668,-1,-1,-1
19,5,449.16,445.51,120.67,289.97,0.841,-1,-1,-1
19,6,729.87,466.69,32.73,97.18,0.552,-1,-1,-1
19,7,932.61,435.29,37.39,82.61,0.788,-1,-1,-1
19,8,1253.04,447.37,35.72,98.55,0.737,-1,-1,-1
19,9,661.94,460.42,51.18,194.53,0.388,-1,-1,-1
19,10,548.55,449.61,31.73,101.91,0.330,-1,-1,-1
19,12,1101.36,437.63,36.04,110.99,0.692,-1,-1,-1
19,13,1407.70,431.11,43.87,127.18,0.213,-1,-1,-1
20,1,585.90,443.03,90.58,265.28,0.895,-1,-1,-1
20,2,1491.16,412.32,183.02,407.67,0.890,-1,-1,-1
20,3,1579.50,453.64,159.72,343.96,0.722,-1,-1,-1
20,4,1017.05,435.19,40.70,93.34,0.785,-1,-1,-1
20,5,452.46,444.34,120.60,290.72,0.854,-1,-1,-1
20,6,729.00,462.50,33.92,100.11,0.566,-1,-1,-1
20,7,932.36,435.28,37.21,82.62,0.796,-1,-1,-1
20,8,1252.24,447.09,35.70,98.72,0.741,-1,-1,-1
20,9,662.40,460.62,50.96,194.10,0.422,-1,-1,-1
20,10,548.15,449.74,32.11,103.05,0.242,-1,-1,-1
20,12,1101.25,437.43,36.16,111.29,0.670,-1,-1,-1
20,13,1410.99,429.48,44.23,128.82,0.175,-1,-1,-1
21,1,587.63,443.00,91.30,265.27,0.898,-1,-1,-1
21,2,1491.73,412.15,190.68,412.54,0.898,-1,-1,-1
21,3,1584.37,444.28,165.67,355.39,0.633,-1,-1,-1
21,4,1017.25,435.25,40.79,93.82,0.797,-1,-1,-1
21,5,454.56,443.11,121.04,292.46,0.893,-1,-1,-1
21,6,728.95,460.08,34.10,99.49,0.679,-1,-1,-1
21,7,932.34,435.21,37.00,82.56,0.801,-1,-1,-1
21,8,1252.00,446.88,35.68,98.98,0.748,-1,-1,-1
21,9,662.67,460.31,50.49,192.39,0.456,-1,-1,-1
21,10,551.26,451.45,26.69,84.24,0.310,-1,-1,-1
21,12,1101.07,437.31,36.26,111.57,0.622,-1,-1,-1
21,13,1414.69,430.46,43.68,127.51,0.344,-1,-1,-1
21,15,686.67,452.01,26.43,51.75,0.553,-1,-1,-1
22,1,589.53,442.77,92.30,265.68,0.899,-1,-1,-1
22,2,1492.99,412.36,196.31,414.12,0.895,-1,-1,-1
22,3,1589.02,436.72,170.67,363.10,0.741,-1,-1,-1
22,4,1017.16,434.66,40.93,94.45,0.801,-1,-1,-1
22,5,456.69,442.60,120.82,293.03,0.896,-1,-1,-1
22,6,729.14,458.92,34.39,98.50,0.710,-1,-1,-1
22,7,932.34,435.28,36.61,82.11,0.798,-1,-1,-1
22,8,1251.54,446.71,35.63,99.12,0.741,-1,-1,-1
22,9,665.34,459.84,51.11,193.16,0.699,-1,-1,-1
22,10,554.56,458.31,20.55,62.74,0.508,-1,-1,-1
22,12,1100.77,437.24,36.31,111.61,0.361,-1,-1,-1
22,13,1418.34,430.94,43.46,126.62,0.496,-1,-1,-1
22,15,688.49,452.28,25.90,50.71,0.430,-1,-1,-1
23,1,590.46,442.80,93.20,266.23,0.891,-1,-1,-1
23,2,1492.61,412.40,201.30,415.48,0.890,-1,-1,-1
23,3,1595.89,432.59,173.18,368.45,0.607,-1,-1,-1
23,4,1017.56,434.55,40.54,94.18,0.783,-1,-1,-1
23,5,458.63,442.69,120.42,292.98,0.878,-1,-1,-1
23,6,728.97,458.45,35.16,99.29,0.595,-1,-1,-1
23,7,932.31,435.25,36.46,82.17,0.772,-1,-1,-1
23,8,1250.93,446.59,35.59,99.27,0.742,-1,-1,-1
23,9,666.18,459.94,51.48,193.51,0.663,-1,-1,-1
23,10,556.48,462.17,17.50,52.08,0.397,-1,-1,-1
23,12,1100.57,437.04,36.36,111.68,0.485,-1,-1,-1
23,13,1423.84,431.92,44.32,125.96,0.752,-1,-1,-1
23,15,689.77,452.12,26.32,51.50,0.567,-1,-1,-1
24,1,590.93,442.42,94.12,266.98,0.889,-1,-1,-1
24,2,1496.48,411.92,204.71,416.28,0.882,-1,-1,-1
24,3,1618.90,428.02,172.91,373.52,0.748,-1,-1,-1
24,4,1017.99,434.48,40.33,94.12,0.783,-1,-1,-1
24,5,461.97,441.96,119.81,293.78,0.866,-1,-1,-1
24,6,727.84,457.79,36.07,100.75,0.469,-1,-1,-1
24,7,932.39,435.29,36.29,82.19,0.791,-1,-1,-1
24,8,1250.43,446.49,35.50,99.37,0.736,-1,-1,-1
24,9,665.91,459.29,51.71,194.08,0.516,-1,-1,-1
24,10,557.71,464.23,15.99,46.79,0.246,-1,-1,-1
24,12,1100.67,436.81,36.18,110.99,0.506,-1,-1,-1
24,13,1426.53,431.67,45.63,126.24,0.783,-1,-1,-1
24,15,691.47,451.47,28.31,55.38,0.565,-1,-1,-1
25,1,590.71,442.44,95.02,268.02,0.887,-1,-1,-1
25,2,1499.43,408.79,208.46,420.02,0.852,-1,-1,-1
25,3,1638.41,428.14,171.34,374.06,0.756,-1,-1,-1
25,4,1018.04,435.06,39.80,93.39,0.734,-1,-1,-1
25,5,465.70,441.90,118.63,293.32,0.853,-1,-1,-1
25,6,727.21,457.94,37.28,102.99,0.399,-1,-1,-1
25,7,932.29,435.13,36.07,82.01,0.773,-1,-1,-1
25,8,1249.56,446.20,35.51,99.54,0.714,-1,-1,-1
25,9,664.43,458.20,52.06,195.74,0.440,-1,-1,-1
25,12,1100.76,437.01,35.96,110.34,0.542,-1,-1,-1
25,13,1428.53,432.95,46.54,124.73,0.760,-1,-1,-1
25,15,691.54,450.35,29.76,58.29,0.551,-1,-1,-1
25,16,1002.93,453.45,21.31,65.26,0.587,-1,-1,-1
26,1,590.82,442.44,95.43,268.02,0.881,-1,-1,-1
26,2,1503.56,407.33,210.09,421.78,0.884,-1,-1,-1
26,3,1656.84,425.40,171.66,377.09,0.773,-1,-1,-1
26,4,1018.32,435.41,39.44,92.90,0.602,-1,-1,-1
26,5,466.81,442.12,118.16,293.52,0.851,-1,-1,-1
26,6,727.09,458.22,38.63,105.11,0.597,-1,-1,-1
26,7,932.34,434.97,35.87,81.83,0.771,-1,-1,-1
26,8,1249.37,446.23,35.32,99.15,0.731,-1,-1,-1
26,9,663.86,458.15,52.10,195.62,0.521,-1,-1,-1
26,12,1100.60,437.03,36.46,111.98,0.255,-1,-1,-1
26,13,1429.56,433.61,48.11,124.33,0.808,-1,-1,-1
26,15,691.52,448.53,32.60,64.08,0.536,-1,-1,-1
26,16,1002.45,453.65,21.39,65.51,0.584,-1,-1,-1
27,1,590.32,442.60,96.20,269.24,0.881,-1,-1,-1
27,2,1510.53,404.78,210.85,424.70,0.886,-1,-1,-1
27,3,1671.98,424.89,172.27,377.92,0.654,-1,-1,-1
27,4,1018.54,436.63,38.78,91.77,0.599,-1,-1,-1
27,5,469.48,442.19,117.39,293.60,0.851,-1,-1,-1
27,6,726.81,458.24,39.89,107.53,0.345,-1,-1,-1
27,7,932.31,435.19,35.66,81.57,0.765,-1,-1,-1
27,8,1249.44,446.26,35.15,98.89,0.751,-1,-1,-1
27,9,664.92,457.29,52.67,196.25,0.698,-1,-1,-1
27,12,1100.55,437.25,36.31,111.43,0.165,-1,-1,-1
27,13,1429.78,432.89,49.71,124.80,0.830,-1,-1,-1
27,15,691.95,446.74,34.05,67.32,0.613,-1,-1,-1
27,16,1002.54,453.51,22.27,68.18,0.613,-1,-1,-1
28,1,589.95,442.98,96.52,269.25,0.873,-1,-1,-1
28,2,1519.21,402.71,209.23,425.51,0.857,-1,-1,-1
28,3,1676.05,420.95,173.22,382.29,0.544,-1,-1,-1
28,4,1017.94,436.94,38.41,91.34,0.641,-1,-1,-1
28,5,471.15,442.59,116.56,293.37,0.873,-1,-1,-1
28,6,726.13,458.13,39.81,106.83,0.327,-1,-1,-1
28,7,932.16,435.21,35.60,81.80,0.762,-1,-1,-1
28,8,1249.34,446.29,35.24,98.79,0.751,-1,-1,-1
28,9,666.71,456.85,52.69,195.38,0.510,-1,-1,-1
28,12,1101.26,437.45,35.89,110.11,0.165,-1,-1,-1
28,13,1429.82,432.43,51.29,125.25,0.860,-1,-1,-1
28,15,693.55,446.88,33.76,67.22,0.642,-1,-1,-1
28,16,1002.55,453.68,21.50,65.81,0.479,-1,-1,-1
29,1,591.65,443.10,96.39,269.59,0.854,-1,-1,-1
29,2,1531.31,400.14,206.39,427.71,0.866,-1,-1,-1
29,3,1687.94,417.25,176.34,385.84,0.768,-1,-1,-1
29,4,1018.21,438.96,37.40,89.30,0.558,-1,-1,-1
29,5,472.64,442.43,116.23,294.01,0.850,-1,-1,-1
29,6,725.09,458.20,40.36,108.37,0.252,-1,-1,-1
29,7,932.02,435.27,35.58,82.15,0.751,-1,-1,-1
29,8,1249.01,446.34,35.05,98.19,0.769,-1,-1,-1
29,9,667.47,456.04,53.27,197.23,0.293,-1,-1,-1
29,12,1102.30,437.26,33.92,103.63,0.123,-1,-1,-1
29,13,1431.39,432.04,52.59,126.84,0.834,-1,-1,-1
29,15,693.83,446.99,35.07,70.37,0.617,-1,-1,-1
29,16,1002.90,453.50,21.38,65.48,0.479,-1,-1,-1
30,1,593.42,443.40,95.91,269.35,0.854,-1,-1,-1
30,2,1546.65,398.43,202.85,429.83,0.865,-1,-1,-1
30,3,1685.93,415.79,176.34,387.26,0.766,-1,-1,-1
30,4,1017.30,441.27,36.43,86.82,0.349,-1,-1,-1
30,5,473.35,441.52,116.53,295.93,0.841,-1,-1,-1
30,6,723.94,458.50,40.93,109.76,0.424,-1,-1,-1
30,7,931.95,435.55,35.30,81.81,0.714,-1,-1,-1
30,8,1248.96,446.34,34.90,97.90,0.761,-1,-1,-1
30,9,667.95,456.09,53.46,197.53,0.488,-1,-1,-1
30,12,1103.29,437.43,31.24,94.58,0.168,-1,-1,-1
30,13,1433.87,431.63,52.44,125.90,0.812,-1,-1,-1
30,15,694.87,447.21,33.82,68.37,0.659,-1,-1,-1
30,16,1003.11,453.14,21.65,66.30,0.102,-1,-1,-1
31,1,595.61,442.94,95.73,269.90,0.853,-1,-1,-1
31,2,1563.55,397.22,201.02,435.42,0.842,-1,-1,-1
31,3,1696.96,414.63,183.33,394.08,0.870,-1,-1,-1
31,4,1016.73,442.08,36.09,86.00,0.572,-1,-1,-1
31,5,475.06,441.46,115.85,295.85,0.830,-1,-1,-1
31,6,723.41,462.21,40.78,108.88,0.283,-1,-1,-1
31,7,931.85,434.74,35.56,82.71,0.748,-1,-1,-1
31,8,1249.08,446.51,34.85,97.58,0.762,-1,-1,-1
31,9,670.89,459.56,52.44,194.17,0.431,-1,-1,-1
31,12,1103.27,437.34,31.32,94.33,0.138,-1,-1,-1
31,13,1437.21,431.53,52.07,125.43,0.729,-1,-1,-1
31,15,696.27,448.80,32.14,65.33,0.603,-1,-1,-1
31,16,1004.02,453.30,19.47,59.49,0.297,-1,-1,-1
32,1,598.18,442.86,95.09,269.85,0.871,-1,-1,-1
32,2,1579.56,396.17,199.14,438.69,0.847,-1,-1,-1
32,3,1705.30,414.06,188.26,396.81,0.857,-1,-1,-1
32,4,1015.37,442.98,35.98,85.66,0.578,-1,-1,-1
32,5,475.45,441.28,116.11,298.04,0.888,-1,-1,-1
32,6,722.27,461.49,42.25,112.35,0.539,-1,-1,-1
32,7,931.62,434.26,35.71,83.36,0.754,-1,-1,-1
32,8,1249.25,446.50,34.85,97.38,0.754,-1,-1,-1
32,9,670.68,459.52,52.63,194.57,0.451,-1,-1,-1
32,12,1101.51,437.15,34.70,104.70,0.105,-1,-1,-1
32,13,1439.82,431.49,51.71,125.39,0.733,-1,-1,-1
32,15,697.63,449.32,31.18,63.47,0.457,-1,-1,-1
32,16,1004.24,453.61,17.92,54.77,0.334,-1,-1,-1
33,1,600.37,442.54,94.50,270.33,0.872,-1,-1,-1
33,2,1590.94,395.34,198.93,444.87,0.823,-1,-1,-1
33,3,1714.66,406.48,193.41,404.96,0.792,-1,-1,-1
33,4,1014.62,443.08,35.84,85.29,0.534,-1,-1,-1
33,5,475.81,440.74,116.30,299.67,0.854,-1,-1,-1
33,6,720.96,460.70,42.99,114.53,0.327,-1,-1,-1
33,7,931.75,434.06,35.60,83.26,0.741,-1,-1,-1
33,8,1249.23,446.37,35.02,97.68,0.734,-1,-1,-1
33,9,670.76,459.27,53.13,195.68,0.531,-1,-1,-1
33,12,1100.99,436.96,35.70,107.68,0.241,-1,-1,-1
33,13,1444.79,431.10,50.94,125.92,0.720,-1,-1,-1
33,15,698.68,450.70,29.12,59.25,0.434,-1,-1,-1
33,16,1004.46,453.60,17.16,52.43,0.340,-1,-1,-1
34,1,601.47,442.55,93.90,270.68,0.872,-1,-1,-1
34,2,1600.05,396.06,195.13,441.69,0.800,-1,-1,-1
34,3,1726.26,414.17,191.42,400.11,0.391,-1,-1,-1
34,4,1013.04,442.61,35.88,85.49,0.512,-1,-1,-1
34,5,475.81,441.63,116.79,302.67,0.892,-1,-1,-1
34,6,719.76,463.51,42.25,112.52,0.200,-1,-1,-1
34,7,931.60,434.19,35.42,83.15,0.732,-1,-1,-1
34,8,1249.73,446.10,35.19,98.06,0.737,-1,-1,-1
34,9,670.34,459.65,53.38,195.74,0.503,-1,-1,-1
34,13,1448.67,431.12,49.75,125.90,0.774,-1,-1,-1
34,14,576.29,444.71,37.86,150.07,0.611,-1,-1,-1
34,15,699.00,451.84,28.38,57.82,0.473,-1,-1,-1
34,16,1004.10,453.74,16.96,51.74,0.285,-1,-1,-1
35,1,602.26,442.67,93.29,270.80,0.874,-1,-1,-1
35,2,1613.83,396.41,199.38,454.17,0.858,-1,-1,-1
35,3,1728.57,417.96,191.73,399.13,0.503,-1,-1,-1
35,4,1010.77,441.86,36.21,85.83,0.572,-1,-1,-1
35,5,475.40,441.73,116.82,304.33,0.875,-1,-1,-1
35,6,719.21,472.39,39.45,104.34,0.107,-1,-1,-1
35,7,931.43,434.39,35.26,83.02,0.725,-1,-1,-1
35,8,1250.10,446.10,35.33,98.32,0.727,-1,-1,-1
35,9,669.80,458.59,53.94,196.49,0.675,-1,-1,-1
35,13,1451.48,431.28,48.50,125.55,0.746,-1,-1,-1
35,14,579.27,451.75,34.95,137.96,0.661,-1,-1,-1
35,15,700.81,450.55,27.82,56.71,0.541,-1,-1,-1
35,16,1002.95,453.74,16.91,51.68,0.169,-1,-1,-1
36,1,603.18,442.94,92.69,270.73,0.868,-1,-1,-1
36,2,1632.58,397.79,204.24,460.54,0.894,-1,-1,-1
36,3,1726.00,415.47,196.06,406.83,0.456,-1,-1,-1
36,4,1009.47,441.10,36.78,86.62,0.637,-1,-1,-1
36,5,475.50,441.38,117.52,308.16,0.883,-1,-1,-1
36,6,720.00,480.14,36.73,96.44,0.119,-1,-1,-1
36,7,931.58,434.33,35.19,83.15,0.729,-1,-1,-1
36,8,1250.61,445.90,35.54,98.72,0.751,-1,-1,-1
36,9,670.77,459.25,54.29,196.29,0.633,-1,-1,-1
36,13,1453.28,431.00,47.66,125.89,0.775,-1,-1,-1
36,14,581.02,454.25,34.20,133.83,0.714,-1,-1,-1
36,15,702.89,450.77,26.96,55.09,0.520,-1,-1,-1
36,16,1002.25,454.18,17.51,53.65,0.152,-1,-1,-1
37,1,604.49,443.07,91.97,270.15,0.868,-1,-1,-1
37,2,1648.52,398.62,209.02,461.84,0.904,-1,-1,-1
37,3,1728.27,437.46,188.25,386.40,0.593,-1,-1,-1
37,4,1008.18,441.06,37.32,87.24,0.633,-1,-1,-1
37,5,476.11,441.28,117.13,308.54,0.843,-1,-1,-1
37,6,726.87,469.69,31.43,81.94,0.511,-1,-1,-1
37,7,931.87,434.32,35.14,83.40,0.707,-1,-1,-1
37,8,1251.51,445.82,35.36,98.55,0.736,-1,-1,-1
37,9,672.29,459.38,54.75,195.92,0.744,-1,-1,-1
37,13,1453.80,430.96,47.35,126.39,0.770,-1,-1,-1
37,14,582.71,453.59,34.45,133.55,0.643,-1,-1,-1
37,15,704.93,450.56,25.97,53.11,0.555,-1,-1,-1
37,16,1002.11,454.06,17.69,54.21,0.108,-1,-1,-1
38,1,606.24,443.12,91.22,269.66,0.863,-1,-1,-1
38,2,1657.80,399.56,216.94,468.73,0.893,-1,-1,-1
38,3,1728.69,433.01,190.99,391.02,0.473,-1,-1,-1
38,4,1007.28,440.90,37.75,87.99,0.532,-1,-1,-1
38,5,476.76,441.10,115.60,305.23,0.830,-1,-1,-1
38,6,727.55,466.39,33.82,88.69,0.180,-1,-1,-1
38,7,932.26,434.80,34.79,82.91,0.732,-1,-1,-1
38,8,1252.08,445.64,35.17,98.59,0.714,-1,-1,-1
38,9,673.46,459.71,55.26,196.48,0.702,-1,-1,-1
38,13,1454.69,430.86,46.99,126.09,0.738,-1,-1,-1
38,14,583.09,453.56,34.79,133.36,0.651,-1,-1,-1
38,15,707.56,450.57,24.41,49.88,0.559,-1,-1,-1
39,1,606.94,443.61,90.60,269.09,0.860,-1,-1,-1
39,2,1654.12,401.01,218.46,466.70,0.902,-1,-1,-1
39,3,1757.80,423.56,189.80,400.52,0.688,-1,-1,-1
39,4,1006.91,440.86,37.87,88.00,0.498,-1,-1,-1
39,5,477.02,441.17,115.85,307.04,0.859,-1,-1,-1
39,6,727.09,464.59,36.56,96.63,0.164,-1,-1,-1
39,7,932.37,434.79,34.51,82.47,0.737,-1,-1,-1
39,8,1253.05,445.58,35.03,98.63,0.675,-1,-1,-1
39,9,675.29,461.55,55.59,195.87,0.764,-1,-1,-1
39,13,1458.36,431.20,46.88,125.53,0.122,-1,-1,-1
39,14,583.21,454.00,35.35,133.37,0.669,-1,-1,-1
39,15,709.71,450.39,23.49,47.96,0.567,-1,-1,-1
40,1,608.11,443.77,90.27,269.06,0.855,-1,-1,-1
40,2,1660.52,401.69,228.23,476.12,0.913,-1,-1,-1
40,3,1774.19,415.56,186.32,407.63,0.752,-1,-1,-1
40,4,1006.92,440.22,38.36,88.53,0.712,-1,-1,-1
40,5,477.53,442.42,115.83,308.19,0.875,-1,-1,-1
40,6,728.67,463.44,35.76,94.70,0.212,-1,-1,-1
40,7,932.55,434.82,34.27,82.09,0.730,-1,-1,-1
40,8,1254.96,445.49,35.14,98.81,0.732,-1,-1,-1
40,9,679.50,463.63,55.48,195.81,0.458,-1,-1,-1
40,13,1461.42,431.64,47.32,125.12,0.676,-1,-1,-1
40,14,582.86,454.17,35.86,133.19,0.700,-1,-1,-1
40,15,711.75,450.75,22.85,46.64,0.509,-1,-1,-1
41,1,608.93,444.20,90.21,268.70,0.856,-1,-1,-1
41,2,1661.82,402.20,235.35,481.24,0.917,-1,-1,-1
41,3,1783.89,402.89,187.28,422.50,0.626,-1,-1,-1
41,4,1006.78,440.07,38.36,87.76,0.751,-1,-1,-1
41,5,478.12,443.43,115.55,308.77,0.868,-1,-1,-1
41,6,729.27,462.55,36.20,96.36,0.414,-1,-1,-1
41,7,932.52,434.75,34.20,82.07,0.731,-1,-1,-1
41,8,1255.92,445.77,35.04,98.45,0.710,-1,-1,-1
41,9,681.27,465.97,55.52,195.41,0.554,-1,-1,-1
41,13,1463.10,431.46,48.57,125.58,0.842,-1,-1,-1
41,14,582.87,454.13,36.35,133.14,0.674,-1,-1,-1
41,15,713.77,451.09,22.91,46.54,0.602,-1,-1,-1
41,17,577.87,425.25,18.59,42.84,0.597,-1,-1,-1
42,1,609.08,444.01,90.52,269.56,0.860,-1,-1,-1
42,2,1662.61,399.12,241.06,486.32,0.913,-1,-1,-1
42,3,1793.39,391.50,181.68,433.31,0.840,-1,-1,-1
42,4,1006.20,440.09,38.04,86.88,0.621,-1,-1,-1
42,5,478.54,444.52,115.38,309.92,0.881,-1,-1,-1
42,6,730.50,462.06,35.92,95.66,0.204,-1,-1,-1
42,7,932.60,434.72,34.25,82.53,0.742,-1,-1,-1
42,8,1256.01,445.62,35.09,98.88,0.699,-1,-1,-1
42,9,686.50,472.38,54.03,190.54,0.593,-1,-1,-1
42,13,1464.63,431.89,49.43,124.97,0.869,-1,-1,-1
42,14,582.56,454.04,36.84,133.67,0.657,-1,-1,-1
42,15,715.57,451.41,23.16,46.99,0.545,-1,-1,-1
42,17,577.78,425.27,18.67,43.03,0.614,-1,-1,-1
43,1,612.55,444.15,90.18,269.63,0.868,-1,-1,-1
43,2,1664.68,397.01,245.59,490.76,0.920,-1,-1,-1
43,3,1802.75,388.79,173.00,433.53,0.803,-1,-1,-1
43,4,1005.99,440.46,37.72,85.95,0.575,-1,-1,-1
43,5,477.97,443.90,116.06,313.80,0.873,-1,-1,-1
43,6,731.57,461.51,35.88,95.96,0.221,-1,-1,-1
43,7,932.49,434.68,34.22,82.75,0.731,-1,-1,-1
43,8,1255.93,445.74,34.88,98.64,0.632,-1,-1,-1
43,9,687.27,470.69,54.80,193.29,0.580,-1,-1,-1
43,13,1467.05,431.75,49.84,124.55,0.851,-1,-1,-1
43,14,582.27,453.42,37.43,134.52,0.676,-1,-1,-1
43,15,715.67,449.98,24.51,50.17,0.571,-1,-1,-1
43,17,578.17,425.35,18.52,42.69,0.613,-1,-1,-1
44,1,614.51,444.17,89.84,269.64,0.873,-1,-1,-1
44,2,1671.93,395.93,246.82,492.65,0.920,-1,-1,-1
44,3,1811.32,390.59,168.63,434.44,0.528,-1,-1,-1
44,4,1007.28,440.94,38.09,85.67,0.644,-1,-1,-1
44,5,477.62,443.72,116.31,315.82,0.873,-1,-1,-1
44,6,733.04,461.42,35.97,96.82,0.558,-1,-1,-1
44,7,932.43,434.77,34.21,82.98,0.731,-1,-1,-1
44,8,1256.18,445.92,34.74,98.57,0.643,-1,-1,-1
44,9,686.46,467.99,55.65,196.74,0.564,-1,-1,-1
44,13,1469.39,431.61,49.87,124.24,0.794,-1,-1,-1
44,14,582.15,451.61,38.14,136.59,0.655,-1,-1,-1
44,15,716.45,449.23,24.14,49.84,0.625,-1,-1,-1
44,17,578.55,425.45,18.18,41.94,0.593,-1,-1,-1
45,1,616.08,443.99,89.63,270.01,0.867,-1,-1,-1
45,2,1681.58,393.71,246.76,495.88,0.913,-1,-1,-1
45,4,1008.30,441.79,37.57,83.69,0.562,-1,-1,-1
45,5,477.71,443.32,116.36,317.73,0.872,-1,-1,-1
45,6,733.77,461.74,35.86,96.69,0.297,-1,-1,-1
45,7,932.48,434.84,34.06,82.91,0.733,-1,-1,-1
45,8,1257.27,446.28,34.75,98.19,0.684,-1,-1,-1
45,9,685.80,465.10,56.39,199.71,0.654,-1,-1,-1
45,13,1471.77,431.73,49.53,123.76,0.814,-1,-1,-1
45,14,582.27,448.47,39.09,139.81,0.552,-1,-1,-1
45,15,717.17,448.60,23.77,49.43,0.587,-1,-1,-1
45,17,578.41,425.41,18.03,41.59,0.595,-1,-1,-1
46,1,617.34,443.72,89.52,270.34,0.884,-1,-1,-1
46,2,1692.14,390.33,245.22,498.69,0.881,-1,-1,-1
46,4,1008.66,441.58,37.46,82.96,0.665,-1,-1,-1
46,5,476.98,442.62,116.55,319.98,0.861,-1,-1,-1
46,6,734.92,461.90,35.77,96.85,0.268,-1,-1,-1
46,7,932.54,434.96,33.88,82.75,0.725,-1,-1,-1
46,8,1257.64,446.15,34.72,98.07,0.617,-1,-1,-1
46,9,688.75,465.51,56.06,199.58,0.164,-1,-1,-1
46,13,1476.09,431.84,48.23,122.44,0.798,-1,-1,-1
46,14,581.41,448.34,39.36,139.86,0.675,-1,-1,-1
46,15,717.56,448.12,23.92,50.03,0.488,-1,-1,-1
46,17,578.20,425.34,17.81,41.05,0.557,-1,-1,-1
47,1,617.73,443.42,89.30,270.54,0.888,-1,-1,-1
47,2,1703.33,385.97,242.97,503.41,0.870,-1,-1,-1
47,4,1009.07,441.62,38.03,83.65,0.638,-1,-1,-1
47,5,476.25,442.42,116.29,320.71,0.868,-1,-1,-1
47,6,735.92,461.48,35.81,97.32,0.419,-1,-1,-1
47,7,932.58,434.99,33.74,82.61,0.721,-1,-1,-1
47,8,1257.39,446.01,34.72,98.32,0.636,-1,-1,-1
47,9,692.87,466.19,55.48,198.74,0.493,-1,-1,-1
47,13,1480.49,431.92,46.83,121.06,0.720,-1,-1,-1
47,14,581.06,447.70,39.68,140.28,0.607,-1,-1,-1
47,15,718.22,447.25,24.23,50.85,0.488,-1,-1,-1
47,17,578.13,425.15,17.80,40.98,0.562,-1,-1,-1
48,1,618.91,443.47,89.02,270.23,0.887,-1,-1,-1
48,2,1726.11,383.92,236.74,505.19,0.822,-1,-1,-1
48,4,1009.40,441.72,38.24,83.66,0.545,-1,-1,-1
48,5,475.52,442.39,115.93,320.72,0.862,-1,-1,-1
48,6,736.50,461.30,35.68,97.65,0.430,-1,-1,-1
48,7,932.80,434.84,33.81,83.06,0.729,-1,-1,-1
48,8,1259.03,446.05,34.82,98.20,0.720,-1,-1,-1
48,9,693.54,472.33,53.52,192.52,0.663,-1,-1,-1
48,13,1485.01,431.54,46.04,121.45,0.643,-1,-1,-1
48,14,581.27,445.90,40.47,142.56,0.560,-1,-1,-1
48,15,719.14,447.43,24.23,50.59,0.546,-1,-1,-1
48,17,578.34,425.26,17.78,40.93,0.565,-1,-1,-1
49,1,620.01,443.55,88.73,269.98,0.888,-1,-1,-1
49,2,1742.42,381.81,229.00,506.46,0.862,-1,-1,-1
49,4,1009.82,441.64,38.17,83.30,0.536,-1,-1,-1
49,5,474.86,441.55,116.02,321.82,0.862,-1,-1,-1
49,6,739.79,461.27,32.84,88.51,0.402,-1,-1,-1
49,7,933.15,434.83,33.69,83.12,0.741,-1,-1,-1
49,8,1260.14,445.82,35.07,98.58,0.747,-1,-1,-1
49,9,692.16,463.38,56.12,201.08,0.718,-1,-1,-1
49,13,1488.73,431.76,45.32,121.66,0.513,-1,-1,-1
49,14,581.91,445.59,40.72,143.22,0.579,-1,-1,-1
49,15,720.18,447.40,24.24,50.42,0.372,-1,-1,-1
49,17,578.51,424.91,17.86,41.20,0.517,-1,-1,-1
50,1,621.21,443.41,88.84,270.16,0.884,-1,-1,-1
50,2,1754.36,381.78,221.33,506.36,0.825,-1,-1,-1
50,4,1009.79,441.85,37.85,82.73,0.480,-1,-1,-1
50,5,474.43,441.37,115.79,321.98,0.858,-1,-1,-1
50,6,740.84,460.61,34.66,93.48,0.313,-1,-1,-1
50,7,933.56,434.87,33.49,83.01,0.749,-1,-1,-1
50,8,1260.84,446.18,35.07,98.19,0.751,-1,-1,-1
50,9,692.55,462.52,56.43,202.02,0.660,-1,-1,-1
50,13,1492.21,431.75,44.85,121.90,0.469,-1,-1,-1
50,14,583.07,444.85,40.96,144.27,0.489,-1,-1,-1
50,15,720.94,447.33,24.77,51.25,0.592,-1,-1,-1
50,17,578.72,424.59,17.90,41.37,0.532,-1,-1,-1
51,1,622.19,443.53,88.87,269.93,0.886,-1,-1,-1
51,2,1765.47,381.83,212.79,505.82,0.838,-1,-1,-1
51,4,1008.90,441.95,37.45,81.96,0.605,-1,-1,-1
51,5,473.39,441.15,115.68,322.05,0.854,-1,-1,-1
51,6,741.09,458.98,36.10,97.53,0.171,-1,-1,-1
51,7,933.61,435.02,33.21,82.63,0.718,-1,-1,-1
51,8,1261.22,446.02,35.15,98.14,0.746,-1,-1,-1
51,9,692.22,458.85,57.51,205.54,0.757,-1,-1,-1
51,13,1496.96,433.32,44.38,120.31,0.108,-1,-1,-1
51,14,583.48,446.94,40.54,142.50,0.586,-1,-1,-1
51,15,722.33,447.31,25.03,52.11,0.410,-1,-1,-1
51,17,578.64,424.74,17.77,41.15,0.481,-1,-1,-1
52,1,622.97,443.91,88.78,269.35,0.892,-1,-1,-1
52,2,1772.63,381.90,204.78,505.27,0.833,-1,-1,-1
52,4,1008.02,441.17,37.96,83.21,0.551,-1,-1,-1
52,5,472.85,440.56,115.81,322.76,0.895,-1,-1,-1
52,7,933.59,434.96,33.07,82.60,0.715,-1,-1,-1
52,8,1261.27,445.91,35.20,98.10,0.723,-1,-1,-1
52,9,692.55,457.08,58.64,207.65,0.790,-1,-1,-1
52,13,1498.82,437.34,42.70,116.21,0.211,-1,-1,-1
52,14,582.70,448.70,39.98,140.02,0.657,-1,-1,-1
52,15,723.61,447.18,24.85,52.16,0.414,-1,-1,-1
52,17,578.85,424.69,17.36,40.27,0.202,-1,-1,-1
53,1,623.73,443.83,88.85,269.60,0.896,-1,-1,-1
53,2,1778.15,383.54,195.76,504.48,0.889,-1,-1,-1
53,4,1007.51,442.86,37.20,81.55,0.122,-1,-1,-1
53,5,472.15,439.66,115.89,323.51,0.889,-1,-1,-1
53,7,933.13,435.29,32.73,81.91,0.741,-1,-1,-1
53,8,1261.11,445.76,35.28,98.12,0.736,-1,-1,-1
53,9,692.91,456.33,59.50,208.73,0.770,-1,-1,-1
53,13,1503.06,435.49,43.83,118.23,0.537,-1,-1,-1
53,14,582.29,451.07,39.61,137.94,0.739,-1,-1,-1
53,15,723.87,446.94,24.91,52.58,0.416,-1,-1,-1
53,17,578.38,423.76,17.15,39.80,0.119,-1,-1,-1
54,1,624.39,443.70,88.89,269.82,0.900,-1,-1,-1
54,2,1785.87,404.73,182.06,483.95,0.822,-1,-1,-1
54,4,1009.65,442.18,38.40,83.37,0.498,-1,-1,-1
54,5,471.70,439.59,115.67,323.51,0.901,-1,-1,-1
54,7,933.17,435.55,32.60,81.74,0.747,-1,-1,-1
54,8,1261.29,446.27,35.16,97.51,0.767,-1,-1,-1
54,9,693.13,456.11,60.14,209.71,0.778,-1,-1,-1
54,13,1506.99,435.89,44.04,117.54,0.266,-1,-1,-1
54,14,582.74,453.62,39.29,135.47,0.726,-1,-1,-1
54,15,725.92,446.72,24.88,52.76,0.425,-1,-1,-1
55,1,624.52,443.83,88.88,269.80,0.903,-1,-1,-1
55,3,1792.85,432.10,166.38,451.75,0.796,-1,-1,-1
55,4,1010.63,442.19,38.44,82.74,0.191,-1,-1,-1
55,5,472.21,440.18,115.30,322.82,0.892,-1,-1,-1
55,7,933.25,435.52,32.56,81.77,0.738,-1,-1,-1
55,8,1261.36,446.58,35.14,97.15,0.752,-1,-1,-1
55,9,694.86,456.90,59.50,208.03,0.644,-1,-1,-1
55,13,1517.57,436.01,43.24,116.38,0.553,-1,-1,-1
55,14,583.69,454.76,39.36,134.32,0.724,-1,-1,-1
55,15,727.49,446.73,24.96,53.25,0.531,-1,-1,-1
55,18,983.93,457.04,19.15,54.24,0.587,-1,-1,-1
56,1,624.75,443.64,89.04,270.11,0.902,-1,-1,-1
56,2,1795.31,439.21,164.80,449.11,0.767,-1,-1,-1
56,4,1011.48,442.05,38.61,82.51,0.115,-1,-1,-1
56,5,472.55,439.81,115.16,322.89,0.883,-1,-1,-1
56,7,933.40,435.40,32.48,81.77,0.733,-1,-1,-1
56,8,1261.53,446.98,35.12,96.70,0.766,-1,-1,-1
56,9,694.66,456.61,59.59,208.86,0.742,-1,-1,-1
56,13,1516.16,434.83,44.32,117.69,0.509,-1,-1,-1
56,14,584.04,455.66,39.42,133.59,0.719,-1,-1,-1
56,15,728.47,447.03,24.94,53.73,0.497,-1,-1,-1
56,18,983.95,456.59,19.28,54.61,0.570,-1,-1,-1
57,1,624.76,443.58,89.26,270.88,0.900,-1,-1,-1
57,3,1791.02,420.16,166.87,467.29,0.563,-1,-1,-1
57,4,1008.21,441.46,38.32,82.56,0.537,-1,-1,-1
57,5,472.92,440.91,114.59,321.46,0.871,-1,-1,-1
57,7,933.49,435.20,32.36,81.55,0.721,-1,-1,-1
57,8,1261.36,446.78,35.31,96.89,0.740,-1,-1,-1
57,9,695.65,455.86,60.07,211.47,0.739,-1,-1,-1
57,13,1525.50,440.29,41.41,111.22,0.599,-1,-1,-1
57,14,583.49,453.53,40.04,135.60,0.686,-1,-1,-1
57,15,729.79,447.31,24.13,52.21,0.528,-1,-1,-1
57,18,984.02,456.47,19.29,54.63,0.568,-1,-1,-1
58,1,624.88,443.42,89.95,273.24,0.898,-1,-1,-1
58,3,1790.98,410.03,167.30,479.05,0.375,-1,-1,-1
58,4,1006.80,442.21,37.44,81.25,0.207,-1,-1,-1
58,5,474.46,441.42,114.24,320.21,0.877,-1,-1,-1
58,7,933.89,435.24,32.16,81.18,0.690,-1,-1,-1
58,8,1261.10,445.88,35.87,97.95,0.789,-1,-1,-1
58,9,697.01,456.38,59.99,212.11,0.730,-1,-1,-1
58,13,1531.62,444.59,39.25,106.51,0.665,-1,-1,-1
58,14,583.32,453.99,39.82,134.51,0.718,-1,-1,-1
58,15,731.58,447.45,23.63,51.39,0.520,-1,-1,-1
58,18,984.35,455.95,19.44,55.07,0.508,-1,-1,-1
59,1,625.05,443.45,90.27,274.35,0.894,-1,-1,-1
59,3,1791.34,403.07,167.02,486.83,0.250,-1,-1,-1
59,4,1006.78,443.11,36.64,80.11,0.558,-1,-1,-1
59,5,476.24,440.10,115.40,321.76,0.873,-1,-1,-1
59,7,934.30,435.46,31.94,80.88,0.747,-1,-1,-1
59,8,1261.02,445.89,36.12,98.04,0.799,-1,-1,-1
59,9,699.39,455.13,60.52,213.96,0.777,-1,-1,-1
59,13,1526.79,440.15,41.72,111.59,0.538,-1,-1,-1
59,14,583.88,453.26,40.36,135.59,0.621,-1,-1,-1
59,15,733.03,447.67,22.82,50.02,0.544,-1,-1,-1
59,18,985.25,456.08,18.38,52.00,0.287,-1,-1,-1
60,1,624.31,443.36,90.41,274.87,0.903,-1,-1,-1
60,3,1792.27,394.66,165.83,492.68,0.281,-1,-1,-1
60,4,1006.81,443.74,36.20,79.65,0.562,-1,-1,-1
60,5,480.70,440.75,116.34,321.21,0.880,-1,-1,-1
60,7,934.17,435.49,31.74,80.49,0.697,-1,-1,-1
60,8,1260.81,445.79,36.36,98.20,0.799,-1,-1,-1
60,9,700.85,455.06,60.86,215.24,0.790,-1,-1,-1
60,13,1532.56,442.16,40.43,109.30,0.486,-1,-1,-1
60,14,583.44,455.69,39.66,133.09,0.654,-1,-1,-1
60,15,733.58,447.10,22.87,50.32,0.423,-1,-1,-1
60,18,985.54,455.35,17.67,49.97,0.296,-1,-1,-1
61,1,623.10,443.87,90.64,275.56,0.897,-1,-1,-1
61,4,1006.19,445.05,35.49,78.41,0.613,-1,-1,-1
61,5,484.33,441.62,117.56,320.37,0.870,-1,-1,-1
61,7,933.56,435.23,31.77,80.65,0.757,-1,-1,-1
61,8,1260.51,446.06,36.41,97.83,0.787,-1,-1,-1
61,9,701.54,455.01,61.37,217.06,0.768,-1,-1,-1
61,13,1536.94,442.57,39.62,108.04,0.210,-1,-1,-1
61,14,583.25,454.04,40.30,135.38,0.595,-1,-1,-1
61,15,733.61,447.00,23.12,51.29,0.622,-1,-1,-1
61,18,984.29,454.67,18.88,53.42,0.460,-1,-1,-1
62,1,621.97,443.35,91.19,277.25,0.900,-1,-1,-1
62,4,1005.78,445.24,35.17,78.02,0.721,-1,-1,-1
62,5,487.50,441.09,119.80,321.53,0.883,-1,-1,-1
62,7,933.09,435.13,31.82,80.82,0.751,-1,-1,-1
62,8,1259.61,445.41,36.77,98.39,0.763,-1,-1,-1
62,9,701.52,454.90,61.74,218.41,0.779,-1,-1,-1
62,13,1538.51,441.65,39.73,108.95,0.105,-1,-1,-1
62,14,582.87,455.14,39.90,134.10,0.604,-1,-1,-1
62,15,734.20,447.79,22.89,50.81,0.591,-1,-1,-1
62,18,983.63,455.06,19.25,54.46,0.486,-1,-1,-1
62,19,482.60,455.22,42.28,59.09,0.681,-1,-1,-1
63,1,620.42,444.53,92.64,282.30,0.893,-1,-1,-1
63,4,1005.24,445.35,35.16,78.11,0.724,-1,-1,-1
63,5,489.41,441.48,121.61,321.65,0.839,-1,-1,-1
63,7,932.83,435.37,31.77,80.62,0.742,-1,-1,-1
63,8,1259.22,444.78,37.16,99.06,0.767,-1,-1,-1
63,9,701.86,456.65,61.48,217.32,0.757,-1,-1,-1
63,13,1540.13,441.84,39.44,108.70,0.125,-1,-1,-1
63,14,582.34,454.06,40.10,135.06,0.634,-1,-1,-1
63,15,735.15,448.17,22.97,50.85,0.583,-1,-1,-1
63,18,983.00,454.94,19.57,55.39,0.395,-1,-1,-1
63,19,483.37,455.26,42.87,59.93,0.320,-1,-1,-1
64,1,619.74,445.05,93.05,283.88,0.889,-1,-1,-1
64,4,1004.49,445.03,35.46,79.15,0.699,-1,-1,-1
64,5,491.05,441.87,123.18,320.61,0.873,-1,-1,-1
64,7,932.59,435.76,31.84,80.73,0.741,-1,-1,-1
64,8,1258.98,444.63,37.39,99.41,0.723,-1,-1,-1
64,9,702.29,457.95,61.21,216.56,0.773,-1,-1,-1
64,13,1545.27,443.72,37.96,105.66,0.223,-1,-1,-1
64,14,582.05,453.10,40.33,135.88,0.557,-1,-1,-1
64,15,735.49,448.23,23.00,50.65,0.566,-1,-1,-1
64,18,982.47,454.21,20.07,56.84,0.505,-1,-1,-1
64,19,484.23,455.32,43.38,60.66,0.201,-1,-1,-1
65,1,619.03,445.22,93.27,284.59,0.892,-1,-1,-1
65,4,1003.68,445.65,35.34,79.01,0.748,-1,-1,-1
65,5,493.39,442.66,124.86,321.28,0.827,-1,-1,-1
65,7,932.40,435.61,32.03,81.22,0.740,-1,-1,-1
65,8,1258.75,443.88,37.68,100.09,0.680,-1,-1,-1
65,9,701.47,458.63,60.96,216.19,0.752,-1,-1,-1
65,14,580.72,451.82,40.57,137.31,0.379,-1,-1,-1
65,15,736.30,448.56,23.19,50.66,0.660,-1,-1,-1
65,18,982.11,454.24,20.20,57.20,0.537,-1,-1,-1
65,19,485.60,455.21,42.63,59.58,0.179,-1,-1,-1
66,1,618.71,444.76,93.47,285.24,0.897,-1,-1,-1
66,4,1003.43,445.26,35.20,78.97,0.713,-1,-1,-1
66,5,495.76,442.67,127.60,322.69,0.877,-1,-1,-1
66,7,932.49,435.77,31.90,80.91,0.738,-1,-1,-1
66,8,1258.80,443.43,37.84,100.40,0.688,-1,-1,-1
66,9,701.42,457.50,61.56,217.76,0.814,-1,-1,-1
66,14,579.73,451.18,40.29,137.19,0.397,-1,-1,-1
66,15,737.79,448.72,23.44,51.00,0.656,-1,-1,-1
66,18,982.37,454.21,20.18,57.06,0.496,-1,-1,-1
66,19,485.90,455.20,43.91,61.38,0.186,-1,-1,-1
67,1,618.42,445.25,93.86,286.36,0.895,-1,-1,-1
67,4,1003.06,445.00,35.10,78.89,0.702,-1,-1,-1
67,5,499.77,442.72,129.71,324.32,0.866,-1,-1,-1
67,7,932.65,435.89,31.84,80.77,0.746,-1,-1,-1
67,8,1259.05,444.38,37.55,99.44,0.729,-1,-1,-1
67,9,701.86,457.87,61.63,217.49,0.809,-1,-1,-1
67,14,579.41,449.63,40.74,139.98,0.207,-1,-1,-1
67,15,739.65,449.39,23.27,50.71,0.633,-1,-1,-1
67,18,982.69,454.57,20.16,57.03,0.591,-1,-1,-1
67,19,486.02,455.20,44.53,62.26,0.144,-1,-1,-1
68,1,617.47,445.55,93.96,285.73,0.875,-1,-1,-1
68,4,1003.11,444.72,35.06,79.00,0.751,-1,-1,-1
68,5,501.50,443.53,131.32,324.19,0.870,-1,-1,-1
68,7,932.97,435.92,31.86,80.81,0.731,-1,-1,-1
68,8,1259.34,445.84,37.12,97.85,0.758,-1,-1,-1
68,9,702.40,456.57,62.26,218.93,0.841,-1,-1,-1
68,15,741.11,449.31,23.33,50.39,0.594,-1,-1,-1
68,18,982.99,454.66,20.32,57.41,0.220,-1,-1,-1
68,19,490.57,455.22,40.80,57.08,0.308,-1,-1,-1
69,1,616.92,445.14,94.27,285.78,0.882,-1,-1,-1
69,4,1003.06,444.66,34.82,78.99,0.713,-1,-1,-1
69,5,503.54,443.75,132.39,324.29,0.870,-1,-1,-1
69,7,933.00,435.89,31.83,80.72,0.732,-1,-1,-1
69,8,1259.25,446.53,36.94,97.02,0.758,-1,-1,-1
69,9,701.62,456.42,62.23,218.76,0.825,-1,-1,-1
69,13,1547.31,433.87,41.37,116.12,0.546,-1,-1,-1
69,15,742.34,448.96,23.47,50.46,0.587,-1,-1,-1
69,18,983.26,454.21,20.46,57.68,0.321,-1,-1,-1
69,19,492.95,455.23,38.07,53.31,0.338,-1,-1,-1
70,1,616.29,445.21,94.44,285.42,0.883,-1,-1,-1
70,4,1003.32,444.03,35.20,79.97,0.678,-1,-1,-1
70,5,506.79,443.91,132.55,323.99,0.875,-1,-1,-1
70,7,933.00,435.86,31.83,80.71,0.737,-1,-1,-1
70,8,1258.80,446.68,36.87,96.82,0.777,-1,-1,-1
70,9,701.87,455.88,62.47,218.94,0.822,-1,-1,-1
70,13,1547.47,432.29,41.56,117.79,0.416,-1,-1,-1
70,15,743.80,448.73,23.96,51.53,0.504,-1,-1,-1
70,18,983.36,453.43,20.59,57.94,0.381,-1,-1,-1
70,19,492.94,455.18,39.14,54.94,0.289,-1,-1,-1
71,1,615.83,444.48,94.90,286.35,0.879,-1,-1,-1
71,4,1002.87,443.67,35.30,80.26,0.725,-1,-1,-1
71,5,509.00,443.86,132.53,323.85,0.874,-1,-1,-1
71,7,933.00,435.87,31.95,81.09,0.758,-1,-1,-1
71,8,1258.99,446.65,37.04,96.94,0.749,-1,-1,-1
71,9,702.22,454.52,63.40,220.96,0.827,-1,-1,-1
71,13,1546.81,432.29,41.52,118.07,0.440,-1,-1,-1
71,15,745.15,448.75,24.32,52.36,0.533,-1,-1,-1
71,18,983.32,453.97,20.45,57.45,0.534,-1,-1,-1
71,19,489.54,455.10,46.30,65.56,0.470,-1,-1,-1
72,1,614.73,443.57,95.47,287.70,0.883,-1,-1,-1
72,4,1002.76,443.44,35.33,80.55,0.712,-1,-1,-1
72,5,510.57,443.07,132.73,324.62,0.881,-1,-1,-1
72,7,933.02,435.80,31.87,80.88,0.734,-1,-1,-1
72,8,1259.19,447.19,37.04,96.46,0.739,-1,-1,-1
72,9,702.15,453.64,64.00,222.07,0.840,-1,-1,-1
72,13,1549.52,428.76,41.81,120.76,0.247,-1,-1,-1
72,15,747.24,448.50,24.99,54.06,0.421,-1,-1,-1
72,18,983.37,454.31,20.47,57.32,0.487,-1,-1,-1
72,19,489.46,454.99,46.79,66.76,0.464,-1,-1,-1
73,1,615.37,442.80,95.61,288.71,0.876,-1,-1,-1
73,4,1002.99,443.15,35.43,80.87,0.677,-1,-1,-1
73,5,511.17,442.95,132.74,324.72,0.883,-1,-1,-1
73,7,932.96,435.83,31.78,80.70,0.726,-1,-1,-1
73,8,1259.33,446.86,37.28,96.70,0.744,-1,-1,-1
73,9,702.07,453.01,64.53,222.77,0.834,-1,-1,-1
73,13,1549.34,427.58,41.92,122.14,0.298,-1,-1,-1
73,15,748.18,448.03,26.16,57.09,0.436,-1,-1,-1
73,18,983.50,453.61,20.76,57.99,0.406,-1,-1,-1
73,19,490.49,454.85,45.07,64.89,0.599,-1,-1,-1
74,1,617.47,442.63,95.10,288.57,0.873,-1,-1,-1
74,4,1003.05,443.11,35.12,80.55,0.701,-1,-1,-1
74,5,511.55,442.40,132.77,325.31,0.877,-1,-1,-1
74,7,933.00,435.80,31.83,80.91,0.724,-1,-1,-1
74,8,1259.09,446.66,37.70,97.29,0.749,-1,-1,-1
74,9,702.18,453.00,64.79,223.00,0.835,-1,-1,-1
74,13,1548.51,424.72,42.66,125.11,0.226,-1,-1,-1
74,15,749.60,448.58,25.15,55.16,0.561,-1,-1,-1
74,18,983.68,454.17,20.54,57.26,0.242,-1,-1,-1
74,19,491.20,455.10,43.73,63.31,0.408,-1,-1,-1
74,20,474.63,467.03,29.46,102.77,0.525,-1,-1,-1
75,1,618.24,442.67,94.55,288.49,0.861,-1,-1,-1
75,4,1003.06,443.48,34.65,79.72,0.709,-1,-1,-1
75,5,513.78,442.39,132.24,325.44,0.860,-1,-1,-1
75,7,933.06,435.74,31.88,81.09,0.719,-1,-1,-1
75,8,1259.17,447.19,37.72,96.93,0.759,-1,-1,-1
75,9,702.07,453.37,64.70,222.40,0.805,-1,-1,-1
75,13,1549.92,426.14,42.04,124.07,0.158,-1,-1,-1
75,15,751.11,448.39,24.45,53.57,0.476,-1,-1,-1
75,18,983.59,453.61,20.82,57.74,0.570,-1,-1,-1
75,19,491.34,454.78,42.85,62.54,0.540,-1,-1,-1
75,20,472.94,465.35,29.83,103.95,0.582,-1,-1,-1
76,1,619.21,442.84,93.99,288.55,0.847,-1,-1,-1
76,4,1002.91,444.00,34.24,79.09,0.720,-1,-1,-1
76,5,515.56,443.31,131.32,324.74,0.879,-1,-1,-1
76,7,933.07,435.72,31.89,81.13,0.709,-1,-1,-1
76,8,1259.28,447.67,37.73,96.47,0.784,-1,-1,-1
76,9,704.94,453.40,65.35,222.00,0.838,-1,-1,-1
76,15,752.37,448.61,23.69,51.73,0.263,-1,-1,-1
76,18,983.72,453.78,20.73,57.42,0.617,-1,-1,-1
76,19,491.41,454.83,42.60,62.59,0.390,-1,-1,-1
76,20,471.38,460.07,31.67,110.35,0.526,-1,-1,-1
77,1,620.17,442.97,93.19,288.35,0.853,-1,-1,-1
77,4,1002.62,445.61,33.35,77.14,0.691,-1,-1,-1
77,5,517.26,443.73,130.72,324.74,0.847,-1,-1,-1
77,7,933.04,435.67,31.91,81.18,0.705,-1,-1,-1
77,8,1259.28,447.91,37.81,96.24,0.785,-1,-1,-1
77,9,707.30,453.44,66.32,221.84,0.867,-1,-1,-1
77,15,753.12,448.34,23.63,51.54,0.349,-1,-1,-1
77,18,983.36,452.68,21.10,58.48,0.312,-1,-1,-1
77,19,491.54,454.77,41.96,62.13,0.523,-1,-1,-1
77,20,469.94,455.44,32.48,113.23,0.521,-1,-1,-1
78,1,620.09,443.03,92.59,288.68,0.872,-1,-1,-1
78,4,1003.41,446.19,33.58,76.73,0.771,-1,-1,-1
78,5,520.64,441.61,130.48,327.65,0.832,-1,-1,-1
78,7,933.09,435.95,31.73,80.73,0.696,-1,-1,-1
78,8,1258.69,446.84,38.32,97.30,0.769,-1,-1,-1
78,9,710.37,453.84,67.75,221.52,0.892,-1,-1,-1
78,15,754.62,447.76,23.18,50.60,0.486,-1,-1,-1
78,18,983.16,451.35,21.53,59.98,0.582,-1,-1,-1
78,19,491.19,454.88,40.92,61.19,0.565,-1,-1,-1
78,20,470.45,460.14,29.96,104.22,0.523,-1,-1,-1
79,1,620.35,443.75,91.82,288.24,0.864,-1,-1,-1
79,4,1004.18,445.64,34.27,77.56,0.755,-1,-1,-1
79,5,521.98,440.98,130.30,329.25,0.816,-1,-1,-1
79,7,933.40,436.30,31.73,80.75,0.749,-1,-1,-1
79,8,1258.40,447.17,38.36,97.03,0.773,-1,-1,-1
79,9,713.84,454.30,69.67,221.42,0.883,-1,-1,-1
79,15,755.88,447.42,23.18,50.77,0.489,-1,-1,-1
79,18,983.28,450.56,21.65,60.53,0.564,-1,-1,-1
79,19,490.97,454.94,40.71,61.51,0.559,-1,-1,-1
79,20,470.45,462.44,28.76,99.85,0.593,-1,-1,-1
80,1,621.16,443.26,91.33,288.94,0.856,-1,-1,-1
80,4,1004.58,446.18,34.15,76.97,0.595,-1,-1,-1
80,5,530.33,441.14,128.93,330.88,0.780,-1,-1,-1
80,7,933.42,436.34,31.77,80.87,0.735,-1,-1,-1
80,8,1258.60,447.54,38.27,96.57,0.766,-1,-1,-1
80,9,717.49,454.79,71.82,221.29,0.887,-1,-1,-1
80,15,757.37,447.26,22.74,49.91,0.511,-1,-1,-1
80,18,983.47,449.75,21.91,61.27,0.510,-1,-1,-1
80,19,491.24,454.93,39.79,60.70,0.537,-1,-1,-1
80,20,470.20,464.12,28.15,97.62,0.304,-1,-1,-1
81,1,622.93,442.46,90.79,289.91,0.858,-1,-1,-1
81,4,1004.30,446.19,34.10,76.91,0.552,-1,-1,-1
81,5,534.67,439.04,129.10,336.09,0.730,-1,-1,-1
81,7,933.39,436.22,31.70,80.65,0.735,-1,-1,-1
81,8,1258.48,446.95,38.55,97.13,0.754,-1,-1,-1
81,9,720.56,454.93,74.13,221.51,0.894,-1,-1,-1
81,15,758.20,447.00,22.77,50.04,0.606,-1,-1,-1
81,18,983.69,449.22,22.11,61.83,0.485,-1,-1,-1
81,19,490.41,454.74,41.59,63.99,0.459,-1,-1,-1
81,20,469.66,465.34,27.81,96.31,0.432,-1,-1,-1
82,1,624.08,441.98,90.04,290.65,0.872,-1,-1,-1
82,4,1004.45,446.71,33.93,76.29,0.656,-1,-1,-1
82,5,529.56,439.33,130.32,340.21,0.811,-1,-1,-1
82,7,933.50,436.08,31.85,80.97,0.774,-1,-1,-1
82,8,1258.85,445.87,38.86,97.93,0.711,-1,-1,-1
82,9,722.72,454.60,76.43,222.15,0.867,-1,-1,-1
82,15,759.46,447.44,22.71,49.67,0.483,-1,-1,-1
82,18,983.49,448.72,22.27,62.40,0.401,-1,-1,-1
82,19,490.48,454.66,41.50,64.33,0.459,-1,-1,-1
82,20,469.24,466.34,27.70,95.77,0.319,-1,-1,-1
83,1,625.57,442.30,89.15,290.84,0.866,-1,-1,-1
83,4,1005.00,445.64,34.66,77.64,0.692,-1,-1,-1
83,5,531.39,439.12,130.54,342.57,0.779,-1,-1,-1
83,7,933.79,436.15,31.84,80.94,0.778,-1,-1,-1
83,8,1259.47,446.57,38.65,97.47,0.765,-1,-1,-1
83,9,724.89,455.42,78.14,221.93,0.888,-1,-1,-1
83,15,760.47,447.39,22.54,49.18,0.401,-1,-1,-1
83,18,983.49,448.74,22.26,62.53,0.267,-1,-1,-1
83,19,490.65,454.64,40.90,64.15,0.562,-1,-1,-1
83,20,469.26,467.30,27.56,94.92,0.531,-1,-1,-1
84,1,627.06,442.71,88.02,290.42,0.872,-1,-1,-1
84,4,1005.38,445.09,35.30,78.67,0.767,-1,-1,-1
84,5,534.83,438.43,130.52,346.25,0.797,-1,-1,-1
84,7,933.86,436.36,31.92,81.19,0.772,-1,-1,-1
84,8,1259.73,447.17,38.41,96.85,0.775,-1,-1,-1
84,9,726.00,456.52,79.61,221.93,0.891,-1,-1,-1
84,15,761.97,447.15,22.19,48.22,0.346,-1,-1,-1
84,18,983.47,448.90,22.17,62.36,0.298,-1,-1,-1
84,19,491.27,454.31,40.47,63.92,0.503,-1,-1,-1
84,20,468.96,467.47,27.97,95.94,0.545,-1,-1,-1
85,1,629.27,443.13,87.12,289.93,0.845,-1,-1,-1
85,4,1005.35,445.25,35.47,78.61,0.765,-1,-1,-1
85,5,538.54,438.71,129.07,346.46,0.814,-1,-1,-1
85,7,933.97,436.31,31.90,81.15,0.743,-1,-1,-1
85,8,1259.78,446.25,38.71,97.68,0.763,-1,-1,-1
85,9,726.72,456.58,81.09,222.78,0.891,-1,-1,-1
85,15,763.13,447.29,21.56,46.42,0.543,-1,-1,-1
85,18,983.16,448.55,22.30,62.85,0.225,-1,-1,-1
85,19,491.60,454.33,40.15,63.81,0.447,-1,-1,-1
86,1,631.63,442.26,87.32,291.47,0.832,-1,-1,-1
86,4,1005.10,445.34,35.72,79.03,0.737,-1,-1,-1
86,5,543.22,439.73,126.19,343.34,0.803,-1,-1,-1
86,7,933.77,436.38,32.01,81.50,0.750,-1,-1,-1
86,8,1259.14,444.00,39.36,99.55,0.742,-1,-1,-1
86,9,726.98,456.29,82.48,224.09,0.891,-1,-1,-1
86,18,982.71,448.48,22.30,62.95,0.273,-1,-1,-1
86,19,490.65,454.16,39.91,64.11,0.515,-1,-1,-1
87,1,634.09,441.79,87.33,292.52,0.853,-1,-1,-1
87,4,1004.91,445.15,35.85,79.29,0.780,-1,-1,-1
87,5,548.00,440.36,123.67,341.88,0.796,-1,-1,-1
87,7,933.54,436.44,32.12,81.77,0.745,-1,-1,-1
87,8,1259.13,445.36,38.91,98.52,0.753,-1,-1,-1
87,9,727.01,455.57,83.71,225.54,0.899,-1,-1,-1
87,18,983.01,448.90,22.07,62.42,0.521,-1,-1,-1
87,19,490.11,454.17,39.90,64.67,0.447,-1,-1,-1
87,21,515.20,447.49,79.04,297.47,0.625,-1,-1,-1
88,1,637.05,441.67,87.39,292.14,0.866,-1,-1,-1
88,4,1005.28,444.94,35.86,79.42,0.771,-1,-1,-1
88,5,546.03,440.91,122.99,342.23,0.766,-1,-1,-1
88,7,933.60,436.33,32.11,81.62,0.762,-1,-1,-1
88,8,1259.02,446.27,38.61,97.64,0.775,-1,-1,-1
88,9,727.06,454.92,84.69,226.51,0.895,-1,-1,-1
88,18,983.46,448.12,22.27,63.01,0.474,-1,-1,-1
88,19,489.85,454.21,39.79,65.15,0.463,-1,-1,-1
88,21,509.43,446.22,79.91,300.44,0.571,-1,-1,-1
89,1,638.84,440.92,87.65,292.15,0.864,-1,-1,-1
89,4,1005.75,445.03,35.75,79.43,0.758,-1,-1,-1
89,5,546.19,440.79,122.63,343.70,0.778,-1,-1,-1
89,7,933.70,436.31,32.09,81.49,0.748,-1,-1,-1
89,8,1259.23,446.53,38.51,97.30,0.759,-1,-1,-1
89,9,727.55,453.62,85.48,227.66,0.895,-1,-1,-1
89,18,983.87,447.83,21.62,61.17,0.322,-1,-1,-1
89,19,489.69,454.21,39.75,65.84,0.486,-1,-1,-1
89,21,507.43,445.57,80.36,301.74,0.684,-1,-1,-1
90,1,641.30,440.63,88.28,292.32,0.877,-1,-1,-1
90,4,1005.97,445.04,35.72,79.89,0.735,-1,-1,-1
90,5,546.12,441.51,122.04,344.60,0.841,-1,-1,-1
90,7,933.79,436.38,31.99,81.15,0.735,-1,-1,-1
90,8,1259.15,446.65,38.46,97.03,0.768,-1,-1,-1
90,9,728.75,452.58,86.22,228.88,0.884,-1,-1,-1
90,18,984.61,446.49,21.52,60.91,0.237,-1,-1,-1
90,19,489.73,454.38,39.60,66.29,0.469,-1,-1,-1
90,21,510.78,445.80,80.67,303.72,0.610,-1,-1,-1
91,1,643.16,441.06,88.69,291.94,0.881,-1,-1,-1
91,4,1006.56,445.19,35.55,79.64,0.735,-1,-1,-1
91,5,545.17,441.95,122.67,348.76,0.869,-1,-1,-1
91,7,934.16,436.33,32.02,81.17,0.777,-1,-1,-1
91,8,1259.25,446.25,38.62,97.36,0.769,-1,-1,-1
91,9,730.43,451.46,86.81,229.89,0.871,-1,-1,-1
91,18,984.05,447.48,21.83,61.97,0.301,-1,-1,-1
91,19,490.45,454.49,38.62,65.38,0.486,-1,-1,-1
91,21,514.69,446.11,79.63,301.10,0.714,-1,-1,-1
92,1,643.92,442.44,89.43,292.90,0.885,-1,-1,-1
92,4,1006.68,445.99,35.12,78.61,0.687,-1,-1,-1
92,5,544.70,442.36,123.11,351.61,0.834,-1,-1,-1
92,7,934.17,436.39,32.04,81.18,0.762,-1,-1,-1
92,8,1259.06,446.06,38.75,97.56,0.746,-1,-1,-1
92,9,732.85,450.80,86.87,230.44,0.862,-1,-1,-1
92,18,983.99,447.38,21.42,60.80,0.278,-1,-1,-1
92,19,490.17,454.63,38.43,65.58,0.392,-1,-1,-1
92,21,515.86,446.18,79.18,300.53,0.712,-1,-1,-1
93,1,644.28,443.31,90.07,294.04,0.877,-1,-1,-1
93,4,1006.31,446.46,34.96,78.24,0.733,-1,-1,-1
93,5,543.67,442.83,123.86,354.98,0.824,-1,-1,-1
93,7,934.09,436.42,32.08,81.19,0.772,-1,-1,-1
93,8,1258.40,446.13,38.89,97.50,0.752,-1,-1,-1
93,9,734.12,450.29,86.92,231.13,0.872,-1,-1,-1
93,18,983.44,448.51,21.39,60.89,0.295,-1,-1,-1
93,19,489.79,454.76,38.60,66.50,0.373,-1,-1,-1
93,20,459.48,451.92,33.46,115.23,0.627,-1,-1,-1
93,21,514.18,446.35,78.80,299.31,0.620,-1,-1,-1
94,1,644.68,443.64,90.75,295.50,0.877,-1,-1,-1
94,4,1005.77,446.73,34.81,77.94,0.726,-1,-1,-1
94,5,542.27,443.28,124.71,358.41,0.832,-1,-1,-1
94,7,934.12,436.41,32.14,81.37,0.761,-1,-1,-1
94,8,1257.92,446.57,38.88,97.00,0.748,-1,-1,-1
94,9,736.32,450.32,86.41,231.09,0.852,-1,-1,-1
94,18,983.72,448.64,20.07,57.01,0.316,-1,-1,-1
94,19,489.16,454.81,38.93,67.82,0.376,-1,-1,-1
94,20,458.89,450.74,34.09,116.77,0.544,-1,-1,-1
94,21,514.19,446.71,78.41,299.57,0.664,-1,-1,-1
95,1,644.55,443.86,91.45,297.11,0.887,-1,-1,-1
95,4,1005.26,446.98,34.69,77.54,0.755,-1,-1,-1
95,5,541.70,443.18,124.97,360.34,0.839,-1,-1,-1
95,7,933.94,436.35,32.13,81.23,0.765,-1,-1,-1
95,8,1257.35,446.90,38.99,96.61,0.775,-1,-1,-1
95,9,738.57,450.05,85.98,231.86,0.846,-1,-1,-1
95,18,983.86,448.19,19.58,55.43,0.377,-1,-1,-1
95,19,489.19,454.96,37.96,66.62,0.309,-1,-1,-1
95,20,457.94,453.46,33.44,114.37,0.359,-1,-1,-1
95,21,515.10,446.72,78.04,300.20,0.698,-1,-1,-1
96,1,644.74,443.42,91.97,298.10,0.887,-1,-1,-1
96,4,1004.57,446.93,34.77,77.60,0.726,-1,-1,-1
96,5,541.58,442.64,125.31,363.07,0.853,-1,-1,-1
96,7,933.96,436.31,32.05,80.96,0.745,-1,-1,-1
96,8,1256.05,447.12,39.28,96.34,0.750,-1,-1,-1
96,9,741.39,449.90,85.23,231.87,0.825,-1,-1,-1
96,18,984.26,448.04,18.39,51.68,0.313,-1,-1,-1
96,19,489.47,455.10,36.95,65.46,0.320,-1,-1,-1
96,20,457.92,460.48,31.84,107.61,0.549,-1,-1,-1
96,21,514.41,446.65,77.57,299.43,0.644,-1,-1,-1
97,1,645.23,442.60,92.47,299.04,0.876,-1,-1,-1
97,4,1004.22,447.15,34.66,77.14,0.721,-1,-1,-1
97,5,541.98,441.82,125.15,364.47,0.856,-1,-1,-1
97,7,933.96,436.28,32.08,81.01,0.746,-1,-1,-1
97,8,1255.58,447.09,39.59,96.35,0.746,-1,-1,-1
97,9,744.83,450.30,85.08,233.08,0.856,-1,-1,-1
97,18,984.49,448.99,17.52,48.96,0.366,-1,-1,-1
97,19,490.46,455.10,35.63,63.63,0.320,-1,-1,-1
97,20,457.55,464.21,31.03,103.98,0.572,-1,-1,-1
97,21,512.93,446.45,77.61,299.76,0.603,-1,-1,-1
98,1,645.66,441.61,92.92,299.93,0.888,-1,-1,-1
98,4,1003.68,447.07,34.65,76.87,0.690,-1,-1,-1
98,5,541.93,440.20,125.19,366.20,0.900,-1,-1,-1
98,7,934.08,436.33,32.05,80.79,0.761,-1,-1,-1
98,8,1254.35,446.98,40.08,96.35,0.787,-1,-1,-1
98,9,747.19,450.55,85.02,234.25,0.856,-1,-1,-1
98,18,984.32,449.31,17.45,48.60,0.371,-1,-1,-1
98,19,491.17,455.06,34.15,61.41,0.236,-1,-1,-1
98,20,457.35,467.84,30.30,100.44,0.582,-1,-1,-1
98,21,510.78,446.14,78.62,301.91,0.729,-1,-1,-1
99,1,648.31,441.18,93.69,300.40,0.872,-1,-1,-1
99,4,1003.41,447.07,34.81,76.77,0.728,-1,-1,-1
99,5,541.44,439.76,124.97,366.95,0.878,-1,-1,-1
99,7,934.60,436.50,32.08,80.76,0.752,-1,-1,-1
99,8,1253.79,447.07,40.46,96.13,0.784,-1,-1,-1
99,9,749.16,451.02,84.94,235.46,0.855,-1,-1,-1
99,18,984.76,448.86,17.08,47.36,0.103,-1,-1,-1
99,19,491.97,455.14,32.76,59.30,0.129,-1,-1,-1
99,20,458.41,472.76,29.28,95.54,0.626,-1,-1,-1
99,21,508.34,445.49,79.57,303.26,0.738,-1,-1,-1
100,1,650.96,440.44,94.57,301.02,0.878,-1,-1,-1
100,4,1003.31,447.06,35.05,76.96,0.743,-1,-1,-1
100,5,540.83,438.90,124.71,366.89,0.870,-1,-1,-1
100,7,935.16,436.67,31.98,80.32,0.740,-1,-1,-1
100,8,1253.73,447.19,40.77,96.08,0.786,-1,-1,-1
100,9,750.57,451.33,84.08,234.59,0.826,-1,-1,-1
100,19,492.63,455.19,31.74,57.94,0.150,-1,-1,-1
100,20,458.32,471.80,29.93,96.59,0.638,-1,-1,-1
100,21,508.89,445.63,79.76,304.01,0.599,-1,-1,-1
101,1,652.42,440.65,94.97,301.30,0.886,-1,-1,-1
101,4,1003.30,447.25,34.87,76.26,0.754,-1,-1,-1
101,5,540.85,438.37,124.43,367.23,0.849,-1,-1,-1
101,7,935.47,436.69,32.08,80.56,0.751,-1,-1,-1
101,8,1252.77,447.23,41.16,96.14,0.747,-1,-1,-1
101,9,751.49,451.79,84.10,236.01,0.813,-1,-1,-1
101,19,492.56,455.24,30.96,56.85,0.126,-1,-1,-1
101,20,458.27,470.74,30.29,97.22,0.574,-1,-1,-1
101,21,510.16,445.57,79.82,304.67,0.595,-1,-1,-1
102,1,653.79,440.74,95.52,301.50,0.892,-1,-1,-1
102,4,1003.46,447.77,34.76,75.97,0.747,-1,-1,-1
102,5,540.88,438.36,124.48,367.95,0.867,-1,-1,-1
102,7,935.57,436.63,31.92,80.03,0.699,-1,-1,-1
102,8,1250.92,447.26,41.08,96.39,0.712,-1,-1,-1
102,9,753.52,453.03,83.18,234.97,0.863,-1,-1,-1
102,20,458.42,469.49,30.93,98.36,0.568,-1,-1,-1
102,21,508.50,445.80,80.04,304.99,0.601,-1,-1,-1
102,22,1100.92,436.66,36.68,112.23,0.605,-1,-1,-1
103,1,654.98,440.51,95.97,301.53,0.892,-1,-1,-1
103,4,1003.33,447.79,34.87,76.21,0.769,-1,-1,-1
103,5,540.77,438.59,124.27,367.54,0.858,-1,-1,-1
103,7,935.26,436.51,31.99,80.15,0.712,-1,-1,-1
103,8,1249.68,446.97,41.20,96.72,0.732,-1,-1,-1
103,9,754.97,453.48,82.88,235.61,0.863,-1,-1,-1
103,20,456.47,464.76,32.67,103.23,0.590,-1,-1,-1
103,21,511.26,445.71,79.94,306.11,0.505,-1,-1,-1
103,22,1100.69,436.76,36.87,112.85,0.571,-1,-1,-1
104,1,655.93,440.63,96.18,301.40,0.912,-1,-1,-1
104,4,1003.59,447.75,34.76,76.13,0.755,-1,-1,-1
104,5,541.27,437.76,124.64,368.85,0.870,-1,-1,-1
104,7,934.94,436.88,31.81,79.44,0.683,-1,-1,-1
104,8,1249.34,446.86,41.35,96.81,0.731,-1,-1,-1
104,9,756.70,453.58,83.34,238.01,0.854,-1,-1,-1
104,20,453.69,462.03,33.80,106.03,0.401,-1,-1,-1
104,21,513.10,445.79,79.81,306.83,0.552,-1,-1,-1
104,22,1100.40,436.68,36.65,112.16,0.575,-1,-1,-1
105,1,658.20,440.55,96.60,301.28,0.901,-1,-1,-1
105,4,1003.56,447.66,34.73,76.23,0.732,-1,-1,-1
105,5,542.11,436.32,124.83,370.15,0.857,-1,-1,-1
105,7,934.86,436.87,31.88,79.34,0.721,-1,-1,-1
105,8,1247.11,446.85,41.19,96.95,0.704,-1,-1,-1
105,9,757.12,453.65,83.54,240.01,0.820,-1,-1,-1
105,20,451.05,459.24,35.00,108.96,0.433,-1,-1,-1
105,21,513.62,446.43,79.49,306.31,0.449,-1,-1,-1
105,22,1100.71,436.68,36.53,111.88,0.591,-1,-1,-1
106,1,660.55,440.12,97.38,301.88,0.898,-1,-1,-1
106,4,1003.34,446.90,35.13,77.26,0.725,-1,-1,-1
106,5,543.00,435.38,125.04,371.25,0.852,-1,-1,-1
106,7,934.84,436.82,31.88,79.05,0.729,-1,-1,-1
106,8,1246.27,446.32,41.14,97.55,0.733,-1,-1,-1
106,9,756.91,454.21,83.35,241.16,0.801,-1,-1,-1
106,20,448.36,458.32,35.79,110.27,0.612,-1,-1,-1
106,21,514.27,447.53,79.25,305.79,0.438,-1,-1,-1
106,22,1100.68,436.36,36.40,111.46,0.375,-1,-1,-1
107,1,662.89,439.41,97.96,302.70,0.895,-1,-1,-1
107,4,1004.01,447.40,34.79,76.62,0.748,-1,-1,-1
107,5,544.27,434.80,125.56,371.74,0.836,-1,-1,-1
107,7,935.48,437.12,31.99,79.11,0.680,-1,-1,-1
107,8,1244.64,446.54,41.04,97.30,0.731,-1,-1,-1
107,9,757.98,454.62,83.08,242.35,0.833,-1,-1,-1
107,19,481.85,454.98,67.48,127.67,0.575,-1,-1,-1
107,20,447.12,457.56,36.20,111.17,0.261,-1,-1,-1
107,21,514.13,447.88,79.12,305.67,0.392,-1,-1,-1
107,22,1101.70,436.66,35.28,108.01,0.471,-1,-1,-1
108,1,663.43,438.99,98.54,304.03,0.887,-1,-1,-1
108,4,1004.47,447.03,34.87,77.00,0.741,-1,-1,-1
108,5,544.05,434.62,126.58,372.41,0.814,-1,-1,-1
108,7,936.09,437.22,32.57,80.17,0.656,-1,-1,-1
108,8,1243.62,446.65,41.05,97.34,0.744,-1,-1,-1
108,9,759.11,455.01,82.75,242.89,0.829,-1,-1,-1
108,19,482.14,454.86,69.50,135.47,0.569,-1,-1,-1
108,20,446.33,457.76,36.24,110.95,0.100,-1,-1,-1
108,21,517.22,449.40,78.69,304.35,0.426,-1,-1,-1
108,22,1102.50,437.18,33.81,103.38,0.606,-1,-1,-1
109,1,664.55,438.60,99.38,306.21,0.890,-1,-1,-1
109,4,1004.89,447.50,34.74,76.76,0.746,-1,-1,-1
109,5,544.85,435.09,127.63,372.11,0.807,-1,-1,-1
109,7,936.13,437.11,33.15,81.27,0.678,-1,-1,-1
109,8,1244.28,446.54,40.85,97.51,0.741,-1,-1,-1
109,9,760.24,454.72,82.14,243.20,0.852,-1,-1,-1
109,19,482.90,454.82,70.20,140.72,0.583,-1,-1,-1
109,21,519.70,450.45,78.44,302.89,0.374,-1,-1,-1
109,22,1102.93,437.44,32.97,100.64,0.631,-1,-1,-1
110,1,665.08,438.73,100.01,308.32,0.884,-1,-1,-1
110,4,1004.56,447.47,35.00,77.18,0.769,-1,-1,-1
110,5,544.61,434.54,129.71,372.66,0.861,-1,-1,-1
110,7,936.29,437.17,33.61,81.98,0.650,-1,-1,-1
110,8,1244.74,446.51,40.67,97.62,0.748,-1,-1,-1
110,9,761.41,453.30,82.25,245.23,0.843,-1,-1,-1
110,19,483.76,454.98,69.97,143.69,0.505,-1,-1,-1
110,20,445.04,456.72,27.31,82.09,0.534,-1,-1,-1
110,21,520.33,454.07,77.03,298.95,0.172,-1,-1,-1
110,22,1102.61,437.21,33.45,102.04,0.603,-1,-1,-1
111,1,666.20,438.85,100.70,310.90,0.888,-1,-1,-1
111,4,1005.07,448.71,34.48,75.62,0.761,-1,-1,-1
111,5,544.72,433.98,132.02,373.53,0.864,-1,-1,-1
111,7,936.30,437.11,34.27,83.18,0.720,-1,-1,-1
111,8,1244.92,446.64,40.36,97.48,0.772,-1,-1,-1
111,9,761.39,453.14,81.93,245.89,0.846,-1,-1,-1
111,19,487.82,456.63,62.24,130.08,0.559,-1,-1,-1
111,20,446.50,456.53,23.89,69.67,0.382,-1,-1,-1
111,21,520.75,453.25,76.72,299.39,0.241,-1,-1,-1
111,22,1102.32,437.04,33.51,102.02,0.632,-1,-1,-1
112,1,667.67,438.59,101.54,313.27,0.887,-1,-1,-1
112,4,1005.41,449.15,34.38,75.07,0.719,-1,-1,-1
112,5,545.56,433.04,134.22,376.26,0.857,-1,-1,-1
112,7,935.90,437.08,34.07,82.36,0.717,-1,-1,-1
112,8,1244.44,446.52,40.37,97.74,0.762,-1,-1,-1
112,9,761.39,453.19,81.01,245.26,0.857,-1,-1,-1
112,19,489.16,456.19,56.91,120.72,0.596,-1,-1,-1
112,20,446.10,456.47,22.78,64.88,0.341,-1,-1,-1
112,21,525.91,465.32,73.09,285.80,0.172,-1,-1,-1
112,22,1102.67,436.97,33.03,100.37,0.557,-1,-1,-1
113,1,668.46,438.44,102.17,315.28,0.891,-1,-1,-1
113,4,1005.72,449.72,34.18,74.31,0.734,-1,-1,-1
113,5,545.92,432.81,136.63,380.20,0.847,-1,-1,-1
113,7,935.78,437.08,34.22,82.22,0.779,-1,-1,-1
113,8,1242.72,446.27,40.59,97.72,0.801,-1,-1,-1
113,9,763.05,452.51,80.68,245.52,0.829,-1,-1,-1
113,19,488.41,455.33,55.34,120.08,0.700,-1,-1,-1
113,20,442.64,457.36,31.91,90.98,0.531,-1,-1,-1
113,21,531.27,473.18,70.32,276.88,0.127,-1,-1,-1
113,22,1102.00,436.68,34.33,104.38,0.541,-1,-1,-1
114,1,668.77,438.51,102.48,317.20,0.887,-1,-1,-1
114,4,1005.35,449.72,34.36,74.27,0.703,-1,-1,-1
114,5,544.88,433.72,137.84,379.59,0.855,-1,-1,-1
114,7,936.24,436.69,34.43,82.39,0.712,-1,-1,-1
114,8,1242.85,446.07,40.45,97.75,0.757,-1,-1,-1
114,9,763.36,452.09,80.39,246.14,0.840,-1,-1,-1
114,19,489.43,454.97,53.08,117.26,0.650,-1,-1,-1
114,20,442.69,457.56,35.13,99.94,0.632,-1,-1,-1
114,21,535.86,480.55,67.69,269.03,0.163,-1,-1,-1
114,22,1101.74,436.36,35.11,106.75,0.420,-1,-1,-1
115,1,669.65,439.04,101.93,316.55,0.883,-1,-1,-1
115,4,1005.64,449.30,34.64,74.73,0.623,-1,-1,-1
115,5,545.00,434.44,138.86,379.46,0.866,-1,-1,-1
115,7,936.88,436.52,34.50,82.34,0.725,-1,-1,-1
115,8,1242.31,446.34,40.11,97.22,0.770,-1,-1,-1
115,9,764.28,451.69,80.45,246.27,0.844,-1,-1,-1
115,19,490.75,455.19,51.30,114.97,0.614,-1,-1,-1
115,20,443.11,458.70,37.17,104.77,0.641,-1,-1,-1
115,21,538.41,484.26,66.20,264.72,0.173,-1,-1,-1
115,22,1101.50,436.21,35.82,108.87,0.231,-1,-1,-1
115,23,531.88,455.85,26.76,70.00,0.624,-1,-1,-1
116,1,670.51,439.77,101.31,315.51,0.888,-1,-1,-1
116,4,1005.94,449.55,34.58,74.51,0.658,-1,-1,-1
116,5,545.50,435.48,139.53,378.40,0.865,-1,-1,-1
116,7,937.29,436.81,34.97,83.27,0.707,-1,-1,-1
116,8,1240.98,445.79,40.14,98.14,0.779,-1,-1,-1
116,9,767.04,451.68,80.85,246.37,0.882,-1,-1,-1
116,19,491.31,455.12,48.84,111.18,0.728,-1,-1,-1
116,20,442.89,458.54,38.55,108.36,0.648,-1,-1,-1
116,21,539.00,488.97,64.42,259.67,0.125,-1,-1,-1
116,22,1101.17,436.19,36.18,109.90,0.159,-1,-1,-1
116,23,531.79,456.01,26.58,69.53,0.653,-1,-1,-1
117,1,670.82,440.86,101.37,316.36,0.880,-1,-1,-1
117,4,1006.05,449.68,34.41,74.24,0.668,-1,-1,-1
117,5,546.31,436.13,140.91,379.80,0.865,-1,-1,-1
117,7,937.56,436.82,35.41,84.18,0.728,-1,-1,-1
117,8,1239.56,445.96,39.68,97.66,0.782,-1,-1,-1
117,9,768.49,451.75,80.99,246.12,0.877,-1,-1,-1
117,19,490.19,454.91,50.29,116.80,0.727,-1,-1,-1
117,20,442.08,458.51,38.74,108.47,0.217,-1,-1,-1
117,23,531.66,456.24,26.48,69.23,0.620,-1,-1,-1
118,1,670.79,441.69,101.05,315.89,0.877,-1,-1,-1
118,4,1007.07,449.09,34.51,74.67,0.702,-1,-1,-1
118,5,545.47,436.87,142.33,381.06,0.855,-1,-1,-1
118,7,937.94,436.75,35.19,83.31,0.743,-1,-1,-1
118,8,1238.82,446.03,39.37,97.63,0.777,-1,-1,-1
118,9,769.47,452.03,81.26,246.10,0.879,-1,-1,-1
118,19,489.27,454.94,50.19,118.58,0.713,-1,-1,-1
118,20,441.99,458.26,38.43,106.80,0.230,-1,-1,-1
118,22,1091.35,436.10,46.17,140.30,0.504,-1,-1,-1
118,23,531.60,457.11,26.10,68.20,0.613,-1,-1,-1
119,1,671.33,441.98,101.13,316.99,0.877,-1,-1,-1
119,4,1008.42,448.83,34.38,75.21,0.709,-1,-1,-1
119,5,544.44,438.01,143.44,382.55,0.854,-1,-1,-1
119,7,938.52,436.74,35.28,83.04,0.784,-1,-1,-1
119,8,1237.41,445.94,39.09,97.61,0.796,-1,-1,-1
119,9,772.29,452.14,81.96,246.18,0.889,-1,-1,-1
119,19,488.99,454.95,49.76,119.66,0.747,-1,-1,-1
119,20,441.33,458.44,39.13,107.93,0.248,-1,-1,-1
119,22,1088.60,436.42,48.93,148.79,0.355,-1,-1,-1
119,23,531.85,457.93,25.56,66.69,0.661,-1,-1,-1
120,1,672.58,442.46,100.97,317.66,0.883,-1,-1,-1
120,4,1009.34,448.84,34.10,75.32,0.685,-1,-1,-1
120,5,543.59,438.49,144.43,383.45,0.828,-1,-1,-1
120,7,938.71,437.03,35.53,83.24,0.734,-1,-1,-1
120,8,1236.92,446.15,38.69,97.59,0.772,-1,-1,-1
120,9,775.51,451.62,83.09,247.07,0.888,-1,-1,-1
120,19,488.74,454.88,49.17,120.14,0.739,-1,-1,-1
120,20,439.36,460.01,39.27,108.04,0.455,-1,-1,-1
120,22,1086.10,436.91,50.95,154.71,0.417,-1,-1,-1
120,23,531.57,458.18,25.56,66.62,0.653,-1,-1,-1
121,1,673.48,442.75,100.52,317.77,0.889,-1,-1,-1
121,4,1009.76,448.80,33.95,75.69,0.678,-1,-1,-1
121,5,544.61,438.98,145.58,386.27,0.866,-1,-1,-1
121,7,939.59,437.36,35.60,82.94,0.732,-1,-1,-1
121,8,1236.78,446.41,38.05,97.13,0.733,-1,-1,-1
121,9,778.91,451.92,84.28,246.64,0.888,-1,-1,-1
121,19,488.48,454.49,48.38,120.17,0.767,-1,-1,-1
121,20,438.36,459.75,39.99,109.46,0.530,-1,-1,-1
121,22,1086.53,437.32,51.72,157.65,0.212,-1,-1,-1
121,23,531.40,457.54,25.98,67.61,0.668,-1,-1,-1
122,1,675.32,442.27,100.68,319.67,0.883,-1,-1,-1
122,4,1009.88,448.11,34.04,76.56,0.703,-1,-1,-1
122,5,545.64,439.92,146.96,389.47,0.869,-1,-1,-1
122,7,940.42,437.37,36.06,83.80,0.667,-1,-1,-1
122,8,1235.61,446.77,37.60,96.54,0.775,-1,-1,-1
122,9,781.78,452.96,85.71,246.50,0.897,-1,-1,-1
122,19,487.77,454.34,48.24,121.57,0.757,-1,-1,-1
122,20,437.16,459.87,40.43,110.13,0.346,-1,-1,-1
122,22,1085.33,442.22,51.22,155.79,0.116,-1,-1,-1
122,23,530.96,455.89,26.70,69.54,0.646,-1,-1,-1
123,1,676.67,441.48,100.39,320.44,0.878,-1,-1,-1
123,4,1009.94,448.39,33.73,76.03,0.630,-1,-1,-1
123,5,545.78,439.38,148.42,392.99,0.875,-1,-1,-1
123,7,941.63,437.25,36.85,85.74,0.734,-1,-1,-1
123,8,1235.54,447.21,37.03,95.96,0.746,-1,-1,-1
123,9,784.23,454.02,87.00,245.98,0.885,-1,-1,-1
123,19,487.92,454.36,47.36,120.77,0.776,-1,-1,-1
123,20,436.31,459.54,40.94,111.16,0.147,-1,-1,-1
123,22,1084.47,441.52,52.06,158.31,0.175,-1,-1,-1
123,23,531.59,455.34,27.02,70.44,0.599,-1,-1,-1
124,1,678.33,440.33,100.12,321.80,0.871,-1,-1,-1
124,4,1010.16,449.15,33.23,75.01,0.638,-1,-1,-1
124,5,547.00,437.73,149.72,396.47,0.872,-1,-1,-1
124,7,942.34,436.90,37.69,87.74,0.713,-1,-1,-1
124,8,1235.28,448.23,36.28,94.98,0.767,-1,-1,-1
124,9,785.57,454.19,88.56,246.81,0.876,-1,-1,-1
124,19,488.03,454.48,46.76,120.61,0.786,-1,-1,-1
124,20,436.37,462.74,40.20,108.21,0.266,-1,-1,-1
124,22,1083.42,441.27,52.43,158.92,0.463,-1,-1,-1
124,23,532.11,455.30,27.02,70.43,0.641,-1,-1,-1
125,1,679.86,439.32,99.71,322.83,0.872,-1,-1,-1
125,4,1009.80,449.85,32.99,74.67,0.447,-1,-1,-1
125,5,546.41,437.21,150.84,398.02,0.870,-1,-1,-1
125,7,942.94,436.82,38.01,88.63,0.745,-1,-1,-1
125,8,1233.17,448.36,36.32,95.29,0.756,-1,-1,-1
125,9,786.62,454.27,90.00,248.20,0.883,-1,-1,-1
125,19,488.15,454.25,46.34,121.15,0.774,-1,-1,-1
125,20,435.07,460.20,41.30,110.44,0.417,-1,-1,-1
125,22,1082.35,441.75,52.62,158.80,0.561,-1,-1,-1
125,23,531.69,454.73,27.03,70.58,0.655,-1,-1,-1
126,1,681.99,438.26,99.48,323.75,0.870,-1,-1,-1
126,4,1009.86,450.48,32.65,74.31,0.459,-1,-1,-1
126,5,547.54,436.85,151.63,398.42,0.855,-1,-1,-1
126,7,944.24,437.00,38.13,89.18,0.706,-1,-1,-1
126,8,1230.03,449.07,36.57,95.26,0.737,-1,-1,-1
126,9,787.38,454.14,91.34,250.04,0.875,-1,-1,-1
126,19,487.77,453.82,45.75,121.02,0.799,-1,-1,-1
126,20,434.30,459.15,42.09,111.63,0.471,-1,-1,-1
126,22,1081.86,441.69,52.75,158.82,0.493,-1,-1,-1
126,23,531.09,454.58,26.94,70.70,0.697,-1,-1,-1
127,1,682.54,437.39,98.98,324.20,0.854,-1,-1,-1
127,4,1010.62,450.77,32.20,73.97,0.507,-1,-1,-1
127,5,548.38,435.86,152.81,399.79,0.861,-1,-1,-1
127,7,945.21,437.13,38.31,89.58,0.735,-1,-1,-1
127,8,1227.25,448.69,37.19,95.68,0.817,-1,-1,-1
127,9,787.50,454.32,92.26,251.44,0.876,-1,-1,-1
127,19,487.19,454.04,45.28,120.78,0.796,-1,-1,-1
127,20,433.14,458.40,42.63,112.43,0.509,-1,-1,-1
127,22,1081.21,452.72,49.65,148.72,0.192,-1,-1,-1
127,23,530.41,454.31,26.94,70.66,0.708,-1,-1,-1
128,1,682.21,436.68,98.36,324.61,0.834,-1,-1,-1
128,4,1011.60,450.56,31.79,74.02,0.569,-1,-1,-1
128,5,550.40,435.55,153.40,399.95,0.852,-1,-1,-1
128,7,946.23,437.27,38.21,89.59,0.766,-1,-1,-1
128,8,1224.99,448.27,37.94,96.11,0.815,-1,-1,-1
128,9,788.52,454.52,92.85,252.33,0.874,-1,-1,-1
128,19,487.09,454.01,45.04,121.03,0.765,-1,-1,-1
128,20,432.52,460.14,42.23,110.64,0.412,-1,-1,-1
128,22,1081.12,460.95,47.12,140.63,0.174,-1,-1,-1
128,23,529.88,454.09,27.06,70.94,0.717,-1,-1,-1
129,1,681.93,435.92,97.66,325.24,0.835,-1,-1,-1
129,4,1011.77,450.36,31.58,74.31,0.536,-1,-1,-1
129,5,554.32,436.87,153.06,398.66,0.821,-1,-1,-1
129,7,947.31,437.24,38.26,89.73,0.746,-1,-1,-1
129,8,1223.38,447.14,38.96,97.19,0.805,-1,-1,-1
129,9,790.07,455.97,92.77,251.58,0.874,-1,-1,-1
129,19,487.19,453.96,44.51,120.16,0.757,-1,-1,-1
129,20,431.95,462.74,41.36,107.84,0.568,-1,-1,-1
129,22,1082.68,451.63,49.98,148.45,0.555,-1,-1,-1
129,23,530.09,454.05,27.32,71.28,0.755,-1,-1,-1
130,1,681.55,435.69,96.86,325.36,0.827,-1,-1,-1
130,4,1011.07,449.99,31.51,74.52,0.593,-1,-1,-1
130,5,557.95,435.67,153.35,399.33,0.840,-1,-1,-1
130,7,948.35,436.94,38.08,89.56,0.743,-1,-1,-1
130,8,1222.28,446.84,39.76,97.51,0.819,-1,-1,-1
130,9,791.24,457.97,92.10,249.71,0.861,-1,-1,-1
130,19,487.28,454.05,44.67,121.54,0.744,-1,-1,-1
130,20,431.45,464.83,40.73,105.62,0.634,-1,-1,-1
130,22,1083.93,449.43,50.92,149.88,0.587,-1,-1,-1
130,23,530.08,454.20,27.42,71.25,0.744,-1,-1,-1
131,1,683.68,435.30,96.42,325.36,0.813,-1,-1,-1
131,4,1009.11,449.98,31.80,74.82,0.744,-1,-1,-1
131,5,561.09,435.31,153.34,399.39,0.768,-1,-1,-1
131,7,949.53,436.80,37.87,89.37,0.702,-1,-1,-1
131,8,1222.25,448.02,39.71,96.06,0.806,-1,-1,-1
131,9,792.41,456.32,92.42,251.72,0.869,-1,-1,-1
131,19,488.15,453.91,43.60,119.18,0.748,-1,-1,-1
131,20,431.35,465.61,40.59,104.90,0.523,-1,-1,-1
131,22,1084.75,445.55,52.30,153.04,0.561,-1,-1,-1
131,23,530.19,454.09,27.65,71.55,0.747,-1,-1,-1
132,1,687.09,435.03,96.70,326.93,0.845,-1,-1,-1
132,4,1009.01,449.40,32.07,75.52,0.663,-1,-1,-1
132,5,565.72,434.00,152.71,399.66,0.874,-1,-1,-1
132,7,951.42,436.56,37.76,89.36,0.681,-1,-1,-1
132,8,1221.87,448.29,40.25,95.79,0.840,-1,-1,-1
132,9,793.96,453.67,92.96,254.69,0.881,-1,-1,-1
132,19,488.26,453.52,43.43,119.50,0.813,-1,-1,-1
132,20,430.93,466.17,40.44,104.30,0.606,-1,-1,-1
132,22,1086.67,445.00,53.00,153.05,0.769,-1,-1,-1
132,23,530.36,453.60,27.99,72.19,0.752,-1,-1,-1
133,1,689.66,434.54,96.28,326.03,0.834,-1,-1,-1
133,4,1008.85,448.95,32.09,75.66,0.757,-1,-1,-1
133,5,567.83,433.96,152.15,399.63,0.878,-1,-1,-1
133,7,951.94,436.41,38.06,90.33,0.717,-1,-1,-1
133,8,1221.41,449.05,40.46,95.26,0.812,-1,-1,-1
133,9,795.06,453.08,92.47,254.67,0.867,-1,-1,-1
133,19,487.85,453.65,43.18,119.18,0.804,-1,-1,-1
133,20,428.33,465.67,40.29,104.79,0.511,-1,-1,-1
133,22,1087.05,442.79,54.10,154.94,0.749,-1,-1,-1
133,23,530.08,453.05,28.29,72.75,0.751,-1,-1,-1
134,1,691.32,434.32,96.46,327.66,0.833,-1,-1,-1
134,4,1008.35,449.26,31.89,75.10,0.684,-1,-1,-1
134,5,569.65,433.36,152.01,400.82,0.875,-1,-1,-1
134,7,952.69,436.33,38.19,91.09,0.692,-1,-1,-1
134,8,1220.69,449.02,41.10,95.96,0.827,-1,-1,-1
134,9,796.38,450.77,92.79,256.59,0.863,-1,-1,-1
134,19,488.00,453.99,42.77,118.48,0.793,-1,-1,-1
134,20,427.98,466.39,40.06,104.02,0.522,-1,-1,-1
134,22,1086.44,454.73,50.14,143.25,0.329,-1,-1,-1
134,23,529.86,452.96,28.39,72.72,0.719,-1,-1,-1
135,1,693.39,434.26,95.72,327.28,0.842,-1,-1,-1
135,4,1009.05,449.05,31.77,74.67,0.716,-1,-1,-1
135,5,570.06,433.68,152.91,404.41,0.842,-1,-1,-1
135,7,953.28,436.57,38.08,91.16,0.701,-1,-1,-1
135,8,1219.38,448.52,41.61,96.47,0.845,-1,-1,-1
135,9,797.61,449.67,93.27,258.14,0.849,-1,-1,-1
135,19,487.64,454.27,42.59,118.33,0.827,-1,-1,-1
135,20,425.86,466.46,39.41,102.85,0.312,-1,-1,-1
135,22,1086.24,449.58,52.03,148.57,0.242,-1,-1,-1
135,23,529.30,453.08,28.42,72.64,0.721,-1,-1,-1
136,1,695.21,434.60,94.85,326.25,0.864,-1,-1,-1
136,4,1009.08,448.93,31.71,74.59,0.708,-1,-1,-1
136,5,570.11,433.62,154.41,410.17,0.856,-1,-1,-1
136,7,953.52,436.72,37.92,90.93,0.698,-1,-1,-1
136,8,1218.59,448.29,41.99,96.79,0.833,-1,-1,-1
136,9,800.33,448.74,93.14,258.94,0.837,-1,-1,-1
136,19,487.33,454.21,42.56,118.56,0.812,-1,-1,-1
136,20,425.47,466.93,39.47,102.46,0.547,-1,-1,-1
136,22,1086.30,456.80,49.70,141.52,0.157,-1,-1,-1
136,23,528.60,453.29,28.37,72.46,0.735,-1,-1,-1
136,24,557.45,454.60,23.98,71.49,0.656,-1,-1,-1
137,1,697.09,434.87,93.98,324.82,0.864,-1,-1,-1
137,4,1009.61,449.12,31.55,74.29,0.711,-1,-1,-1
137,5,569.64,433.93,156.15,416.87,0.874,-1,-1,-1
137,7,954.79,436.94,37.56,90.39,0.660,-1,-1,-1
137,8,1217.69,448.04,42.22,97.32,0.761,-1,-1,-1
137,9,802.92,446.55,93.74,261.25,0.842,-1,-1,-1
137,19,487.60,454.29,42.44,118.37,0.744,-1,-1,-1
137,20,426.52,468.39,38.99,101.26,0.252,-1,-1,-1
137,22,1086.99,450.18,51.89,147.62,0.213,-1,-1,-1
137,23,528.39,453.15,28.44,72.58,0.689,-1,-1,-1
137,24,557.60,454.61,24.06,71.69,0.684,-1,-1,-1
137,25,862.33,435.67,54.29,233.33,0.684,-1,-1,-1
138,1,697.12,434.46,94.29,325.69,0.849,-1,-1,-1
138,4,1009.81,448.86,31.64,74.50,0.692,-1,-1,-1
138,5,570.33,433.83,157.17,422.35,0.877,-1,-1,-1
138,7,956.03,437.10,37.53,90.41,0.715,-1,-1,-1
138,8,1216.68,447.35,42.14,97.52,0.791,-1,-1,-1
138,9,806.10,446.12,93.12,262.03,0.872,-1,-1,-1
138,19,487.22,454.31,42.06,116.73,0.671,-1,-1,-1
138,20,425.90,468.46,39.11,101.34,0.254,-1,-1,-1
138,22,1085.84,462.65,47.49,134.75,0.218,-1,-1,-1
138,23,528.08,453.37,28.42,72.61,0.655,-1,-1,-1
138,24,557.90,454.42,24.13,71.75,0.572,-1,-1,-1
138,25,862.96,435.90,53.08,228.22,0.163,-1,-1,-1
139,1,697.99,434.05,95.05,327.18,0.859,-1,-1,-1
139,4,1009.48,448.22,31.92,75.15,0.706,-1,-1,-1
139,5,570.67,433.64,156.78,423.45,0.884,-1,-1,-1
139,7,956.62,437.00,37.34,90.41,0.694,-1,-1,-1
139,8,1215.16,447.21,41.98,97.80,0.726,-1,-1,-1
139,9,808.50,447.38,92.07,260.94,0.876,-1,-1,-1
139,19,486.20,454.25,42.35,117.04,0.718,-1,-1,-1
139,20,427.25,471.04,38.19,98.93,0.391,-1,-1,-1
139,22,1085.53,471.90,44.28,125.21,0.267,-1,-1,-1
139,23,528.04,452.41,28.77,73.63,0.645,-1,-1,-1
139,24,559.11,453.75,24.33,72.13,0.584,-1,-1,-1
139,25,865.25,436.89,51.94,223.32,0.247,-1,-1,-1
140,1,701.68,433.97,96.39,328.22,0.872,-1,-1,-1
140,4,1009.91,448.22,31.86,75.01,0.687,-1,-1,-1
140,5,571.26,433.13,156.59,425.40,0.895,-1,-1,-1
140,7,957.10,437.20,36.93,89.65,0.719,-1,-1,-1
140,8,1214.25,447.33,41.42,97.38,0.800,-1,-1,-1
140,9,810.45,448.63,91.82,262.37,0.875,-1,-1,-1
140,19,485.67,454.22,42.44,116.84,0.642,-1,-1,-1
140,20,425.93,470.24,38.64,99.77,0.338,-1,-1,-1
140,22,1085.30,477.83,42.29,119.21,0.305,-1,-1,-1
140,23,527.65,452.06,28.89,74.06,0.623,-1,-1,-1
140,24,558.61,453.12,24.47,72.35,0.578,-1,-1,-1
140,25,875.46,437.02,53.85,230.42,0.534,-1,-1,-1
141,1,704.69,434.28,97.70,328.84,0.870,-1,-1,-1
141,4,1009.91,448.58,31.71,74.63,0.674,-1,-1,-1
141,5,570.60,433.24,156.31,426.59,0.889,-1,-1,-1
141,7,956.80,437.48,36.55,89.19,0.723,-1,-1,-1
141,8,1212.52,447.61,40.82,97.18,0.779,-1,-1,-1
141,9,811.92,449.27,91.45,263.04,0.856,-1,-1,-1
141,19,484.64,454.20,42.64,116.76,0.457,-1,-1,-1
141,20,424.80,469.31,39.18,100.94,0.429,-1,-1,-1
141,22,1085.93,479.92,41.79,117.16,0.294,-1,-1,-1
141,23,527.43,453.17,28.39,72.77,0.486,-1,-1,-1
141,24,557.72,452.93,24.47,72.15,0.518,-1,-1,-1
141,25,880.50,438.01,54.50,232.27,0.134,-1,-1,-1
142,1,706.92,434.56,99.57,329.71,0.885,-1,-1,-1
142,4,1009.65,448.96,31.62,74.43,0.706,-1,-1,-1
142,5,569.06,432.99,156.84,429.29,0.891,-1,-1,-1
142,7,956.84,437.67,36.14,88.46,0.751,-1,-1,-1
142,8,1210.33,448.05,40.03,96.51,0.739,-1,-1,-1
142,9,813.12,450.93,91.64,265.27,0.849,-1,-1,-1
142,19,483.48,454.64,43.03,117.42,0.455,-1,-1,-1
142,20,424.24,469.36,39.16,100.84,0.150,-1,-1,-1
142,22,1083.60,463.14,47.47,133.78,0.288,-1,-1,-1
142,23,526.56,452.87,28.32,72.81,0.542,-1,-1,-1
142,24,557.23,453.24,24.30,71.61,0.629,-1,-1,-1
142,25,884.33,438.20,55.45,234.94,0.410,-1,-1,-1
143,1,709.24,434.86,101.45,329.00,0.893,-1,-1,-1
143,4,1009.00,449.18,31.68,74.19,0.723,-1,-1,-1
143,5,567.20,432.99,157.64,432.66,0.872,-1,-1,-1
143,7,957.09,438.22,35.59,87.05,0.753,-1,-1,-1
143,8,1209.13,448.16,39.47,95.99,0.776,-1,-1,-1
143,9,814.58,448.87,92.01,269.36,0.875,-1,-1,-1
143,19,488.04,454.95,40.63,111.26,0.532,-1,-1,-1
143,22,1082.23,453.68,50.58,143.18,0.286,-1,-1,-1
143,23,525.63,452.21,28.52,73.46,0.584,-1,-1,-1
143,24,556.45,452.38,24.55,72.08,0.465,-1,-1,-1
143,25,886.82,438.94,56.27,236.41,0.487,-1,-1,-1
144,1,711.47,435.24,103.69,328.98,0.902,-1,-1,-1
144,4,1008.71,449.32,31.79,74.25,0.735,-1,-1,-1
144,5,566.85,434.03,158.08,435.86,0.888,-1,-1,-1
144,7,956.69,438.86,35.61,87.00,0.787,-1,-1,-1
144,8,1207.04,448.26,38.83,95.98,0.756,-1,-1,-1
144,9,815.80,447.73,91.09,269.15,0.862,-1,-1,-1
144,19,491.59,455.16,38.64,106.32,0.575,-1,-1,-1
144,20,455.24,462.97,43.28,111.51,0.574,-1,-1,-1
144,22,1081.28,448.89,52.14,148.17,0.207,-1,-1,-1
144,23,524.61,452.86,28.12,72.52,0.582,-1,-1,-1
144,24,555.92,452.68,24.30,71.20,0.664,-1,-1,-1
144,25,887.43,438.73,57.28,238.78,0.571,-1,-1,-1
145,1,712.92,435.13,106.23,329.93,0.899,-1,-1,-1
145,4,1008.50,449.34,31.95,74.49,0.725,-1,-1,-1
145,5,565.39,434.03,158.48,438.32,0.857,-1,-1,-1
145,7,957.19,439.42,35.32,86.29,0.773,-1,-1,-1
145,8,1204.16,448.03,38.15,96.53,0.802,-1,-1,-1
145,9,817.89,447.44,90.23,269.65,0.847,-1,-1,-1
145,19,494.23,455.30,37.47,103.66,0.623,-1,-1,-1
145,20,466.16,460.23,44.42,114.87,0.582,-1,-1,-1
145,22,1081.96,452.74,50.76,144.21,0.268,-1,-1,-1
145,23,525.32,453.45,27.73,71.89,0.614,-1,-1,-1
145,24,556.30,452.96,24.33,70.91,0.713,-1,-1,-1
145,25,887.56,438.01,58.26,240.20,0.724,-1,-1,-1
146,1,713.72,435.18,108.38,330.65,0.864,-1,-1,-1
146,4,1008.82,449.27,32.05,74.79,0.722,-1,-1,-1
146,5,563.36,434.41,159.34,441.46,0.834,-1,-1,-1
146,7,957.19,439.70,35.27,85.93,0.773,-1,-1,-1
146,8,1202.51,447.70,37.63,96.93,0.781,-1,-1,-1
146,9,820.73,449.11,88.71,267.94,0.860,-1,-1,-1
146,19,495.95,455.27,36.86,102.72,0.639,-1,-1,-1
146,20,472.87,461.56,43.90,113.78,0.696,-1,-1,-1
146,22,1080.99,444.73,52.99,151.72,0.446,-1,-1,-1
146,23,525.68,454.07,27.33,71.13,0.645,-1,-1,-1
146,24,556.55,453.05,24.34,70.84,0.721,-1,-1,-1
146,25,889.07,438.06,58.77,240.36,0.642,-1,-1,-1
147,1,715.51,436.22,110.15,330.85,0.877,-1,-1,-1
147,4,1009.45,449.00,31.88,74.58,0.704,-1,-1,-1
147,5,561.59,434.54,160.62,446.27,0.859,-1,-1,-1
147,7,957.32,440.01,35.13,85.39,0.760,-1,-1,-1
147,8,1201.92,447.50,36.93,96.67,0.787,-1,-1,-1
147,9,822.57,446.61,88.99,271.84,0.867,-1,-1,-1
147,19,497.42,455.12,36.75,102.75,0.653,-1,-1,-1
147,20,475.49,462.77,43.60,112.98,0.750,-1,-1,-1
147,22,1080.80,441.32,53.73,154.80,0.403,-1,-1,-1
147,23,525.77,454.60,26.89,70.16,0.612,-1,-1,-1
147,24,556.77,453.12,24.28,70.56,0.685,-1,-1,-1
147,25,889.86,437.45,59.40,241.00,0.681,-1,-1,-1
147,26,1125.10,450.41,31.24,91.93,0.615,-1,-1,-1
148,1,715.71,436.40,111.87,331.96,0.869,-1,-1,-1
148,4,1009.13,448.65,31.90,74.83,0.738,-1,-1,-1
148,5,558.94,434.45,162.29,452.06,0.864,-1,-1,-1
148,7,957.97,440.53,34.78,84.29,0.728,-1,-1,-1
148,8,1201.05,447.18,36.69,97.54,0.784,-1,-1,-1
148,9,824.51,444.83,89.27,275.67,0.882,-1,-1,-1
148,19,498.44,454.75,36.82,103.05,0.601,-1,-1,-1
148,20,476.14,463.78,43.46,112.46,0.772,-1,-1,-1
148,22,1080.61,440.24,53.75,155.79,0.469,-1,-1,-1
148,23,524.97,453.41,27.49,72.46,0.564,-1,-1,-1
148,24,556.89,453.28,24.13,70.22,0.656,-1,-1,-1
148,25,889.84,436.25,60.18,242.44,0.748,-1,-1,-1
148,26,1125.88,450.54,31.45,92.56,0.625,-1,-1,-1
149,1,716.83,437.26,113.40,333.34,0.873,-1,-1,-1
149,4,1009.18,448.34,31.94,75.08,0.726,-1,-1,-1
149,5,554.55,434.73,163.24,455.76,0.861,-1,-1,-1
149,7,958.43,440.83,34.54,83.61,0.782,-1,-1,-1
149,8,1199.87,447.85,36.22,97.08,0.781,-1,-1,-1
149,9,826.35,447.62,88.06,274.28,0.860,-1,-1,-1
149,19,500.84,454.07,36.69,103.57,0.604,-1,-1,-1
149,20,477.08,463.95,43.46,112.71,0.571,-1,-1,-1
149,22,1079.95,438.66,54.10,157.69,0.513,-1,-1,-1
149,23,524.73,453.10,27.32,72.61,0.550,-1,-1,-1
149,24,557.07,453.57,24.04,69.95,0.633,-1,-1,-1
149,25,890.04,435.17,60.86,243.40,0.793,-1,-1,-1
149,26,1127.56,455.28,29.97,88.13,0.599,-1,-1,-1
150,1,718.30,438.18,114.48,334.34,0.876,-1,-1,-1
150,4,1008.33,448.29,31.95,74.95,0.682,-1,-1,-1
150,5,550.00,433.97,163.82,458.47,0.880,-1,-1,-1
150,7,958.55,441.08,34.16,82.60,0.760,-1,-1,-1
150,8,1198.24,447.24,36.36,97.85,0.788,-1,-1,-1
150,9,827.32,448.24,88.18,276.10,0.855,-1,-1,-1
150,19,502.02,454.46,36.44,103.59,0.632,-1,-1,-1
150,20,475.85,464.55,43.12,111.79,0.703,-1,-1,-1
150,22,1079.37,437.69,54.31,158.94,0.385,-1,-1,-1
150,23,524.90,453.70,26.56,71.11,0.541,-1,-1,-1
150,24,557.13,453.74,23.84,69.42,0.612,-1,-1,-1
150,25,893.49,434.80,61.70,243.55,0.750,-1,-1,-1
150,26,1129.20,457.21,29.54,86.65,0.601,-1,-1,-1
151,1,719.74,437.76,115.30,335.72,0.875,-1,-1,-1
151,4,1007.86,448.30,32.06,75.21,0.669,-1,-1,-1
151,5,546.61,432.10,164.54,461.21,0.887,-1,-1,-1
151,7,958.48,440.99,34.13,82.52,0.738,-1,-1,-1
151,8,1197.59,447.92,35.95,97.10,0.800,-1,-1,-1
151,9,829.35,450.09,88.10,277.37,0.839,-1,-1,-1
151,19,502.77,454.44,36.16,103.32,0.663,-1,-1,-1
151,20,474.29,464.90,42.77,111.23,0.754,-1,-1,-1
151,22,1079.14,436.56,54.55,160.29,0.395,-1,-1,-1
151,23,524.79,454.03,26.19,70.64,0.472,-1,-1,-1
151,24,556.81,453.88,23.88,69.56,0.506,-1,-1,-1
151,25,897.66,434.28,62.67,244.28,0.749,-1,-1,-1
151,26,1130.41,458.82,29.04,84.86,0.682,-1,-1,-1
152,1,719.95,436.98,116.09,337.03,0.881,-1,-1,-1
152,4,1006.99,448.31,31.86,75.01,0.689,-1,-1,-1
152,5,544.08,430.97,164.67,461.81,0.885,-1,-1,-1
152,7,958.30,441.03,34.10,82.38,0.744,-1,-1,-1
152,8,1196.87,448.04,35.76,96.76,0.795,-1,-1,-1
152,9,830.73,451.75,87.44,277.14,0.852,-1,-1,-1
152,19,502.99,454.40,35.93,103.30,0.655,-1,-1,-1
152,20,473.83,465.38,42.67,111.12,0.697,-1,-1,-1
152,22,1079.23,436.67,54.45,160.85,0.582,-1,-1,-1
152,23,524.50,453.58,25.99,70.77,0.462,-1,-1,-1
152,24,556.69,453.75,23.91,69.56,0.549,-1,-1,-1
152,25,899.21,433.41,63.66,244.55,0.783,-1,-1,-1
152,26,1131.03,458.01,29.62,86.23,0.711,-1,-1,-1
153,1,720.13,435.94,116.90,339.00,0.881,-1,-1,-1
153,4,1006.44,448.16,31.91,75.24,0.749,-1,-1,-1
153,5,541.18,431.10,164.62,462.08,0.883,-1,-1,-1
153,7,958.54,440.98,34.10,82.17,0.737,-1,-1,-1
153,8,1195.81,447.70,36.02,97.59,0.807,-1,-1,-1
153,9,831.47,450.08,87.82,280.24,0.845,-1,-1,-1
153,19,502.83,454.86,35.56,103.01,0.588,-1,-1,-1
153,20,473.55,466.03,42.34,110.33,0.514,-1,-1,-1
153,22,1079.75,436.07,54.16,161.85,0.621,-1,-1,-1
153,23,524.45,453.58,25.47,69.90,0.417,-1,-1,-1
153,24,556.32,453.54,24.21,70.39,0.464,-1,-1,-1
153,25,901.34,432.85,64.88,245.03,0.805,-1,-1,-1
153,26,1131.08,459.61,29.24,84.94,0.672,-1,-1,-1
154,1,721.30,434.61,117.32,340.32,0.865,-1,-1,-1
154,4,1006.28,447.94,31.75,75.04,0.750,-1,-1,-1
154,5,539.40,430.20,164.83,462.96,0.881,-1,-1,-1
154,7,959.00,440.99,33.95,81.74,0.729,-1,-1,-1
154,8,1195.39,448.08,35.94,97.39,0.806,-1,-1,-1
154,9,833.49,448.44,87.88,281.92,0.869,-1,-1,-1
154,19,502.75,455.19,35.27,102.90,0.576,-1,-1,-1
154,20,472.50,466.03,42.06,109.84,0.645,-1,-1,-1
154,22,1079.82,435.82,53.75,162.01,0.534,-1,-1,-1
154,23,524.54,453.98,24.84,68.69,0.403,-1,-1,-1
154,24,556.36,453.86,23.34,67.72,0.323,-1,-1,-1
154,25,901.15,432.28,65.99,245.97,0.818,-1,-1,-1
154,26,1131.45,460.46,29.13,84.31,0.708,-1,-1,-1
155,1,723.11,433.95,117.57,340.88,0.866,-1,-1,-1
155,4,1005.99,448.36,31.43,74.47,0.736,-1,-1,-1
155,5,537.11,429.47,164.74,463.73,0.877,-1,-1,-1
155,7,959.37,440.92,33.61,80.75,0.720,-1,-1,-1
155,8,1194.94,448.54,35.85,97.07,0.805,-1,-1,-1
155,9,834.76,447.68,87.82,282.80,0.868,-1,-1,-1
155,19,503.04,455.47,35.07,103.03,0.573,-1,-1,-1
155,20,470.19,459.88,44.06,115.98,0.445,-1,-1,-1
155,22,1079.74,435.84,53.37,161.92,0.381,-1,-1,-1
155,23,524.84,454.24,24.08,66.87,0.210,-1,-1,-1
155,24,556.36,454.32,22.37,64.85,0.339,-1,-1,-1
155,25,902.28,432.06,67.75,248.26,0.842,-1,-1,-1
155,26,1131.62,459.20,29.62,85.41,0.739,-1,-1,-1
156,1,724.44,433.31,117.91,341.15,0.876,-1,-1,-1
156,4,1005.22,448.64,31.10,73.86,0.741,-1,-1,-1
156,5,534.61,429.32,164.81,463.80,0.880,-1,-1,-1
156,7,959.35,440.86,33.69,80.90,0.700,-1,-1,-1
156,8,1193.99,448.98,36.02,97.27,0.814,-1,-1,-1
156,9,836.51,446.73,87.99,283.85,0.869,-1,-1,-1
156,19,503.34,455.57,34.89,103.07,0.588,-1,-1,-1
156,20,468.85,460.48,43.58,115.38,0.595,-1,-1,-1
156,22,1080.08,436.08,52.85,161.66,0.538,-1,-1,-1
156,23,525.14,454.85,22.96,64.08,0.148,-1,-1,-1
156,24,555.95,454.62,21.62,62.52,0.157,-1,-1,-1
156,25,903.08,431.96,69.85,253.17,0.840,-1,-1,-1
156,26,1131.65,456.26,30.75,88.38,0.702,-1,-1,-1
157,1,726.58,432.84,118.27,341.62,0.879,-1,-1,-1
157,4,1004.76,448.88,31.07,73.69,0.763,-1,-1,-1
157,5,532.70,428.92,165.22,464.30,0.879,-1,-1,-1
157,7,960.25,440.98,33.05,79.07,0.377,-1,-1,-1
157,8,1193.10,448.20,36.41,98.34,0.791,-1,-1,-1
157,9,837.91,445.39,88.04,285.44,0.879,-1,-1,-1
157,19,503.62,455.71,34.79,103.09,0.600,-1,-1,-1
157,20,467.69,460.06,43.21,115.62,0.522,-1,-1,-1
157,22,1080.56,435.96,52.41,161.88,0.587,-1,-1,-1
157,23,525.83,455.49,22.12,61.99,0.123,-1,-1,-1
157,24,556.23,454.83,21.00,60.58,0.215,-1,-1,-1
157,25,904.93,432.21,70.58,254.84,0.732,-1,-1,-1
157,26,1131.75,456.18,30.68,88.05,0.693,-1,-1,-1
157,27,664.31,442.62,67.10,347.31,0.755,-1,-1,-1
158,1,728.90,432.18,118.62,342.39,0.876,-1,-1,-1
158,4,1004.17,448.78,31.19,74.02,0.741,-1,-1,-1
158,5,532.89,429.70,165.11,463.53,0.881,-1,-1,-1
158,7,961.44,441.03,31.83,75.78,0.377,-1,-1,-1
158,8,1192.35,448.03,36.36,98.49,0.802,-1,-1,-1
158,9,839.71,444.58,87.53,285.54,0.880,-1,-1,-1
158,19,504.13,455.85,34.58,102.86,0.635,-1,-1,-1
158,20,466.96,459.22,42.72,115.98,0.582,-1,-1,-1
158,22,1081.00,435.95,52.03,161.96,0.453,-1,-1,-1
158,23,526.89,456.18,21.03,59.17,0.130,-1,-1,-1
158,24,556.23,454.87,20.67,59.52,0.209,-1,-1,-1
158,25,908.29,432.86,70.84,254.66,0.782,-1,-1,-1
158,26,1132.67,453.92,31.54,90.10,0.702,-1,-1,-1
158,27,663.66,443.63,66.99,346.07,0.781,-1,-1,-1
159,1,732.14,431.26,118.75,343.43,0.867,-1,-1,-1
159,4,1003.53,448.95,31.19,73.94,0.744,-1,-1,-1
159,5,531.68,428.92,165.58,464.19,0.886,-1,-1,-1
159,7,963.62,441.12,28.37,66.63,0.306,-1,-1,-1
159,8,1191.89,447.77,36.30,98.80,0.809,-1,-1,-1
159,9,842.20,446.31,86.61,283.77,0.887,-1,-1,-1
159,19,504.05,455.68,34.64,102.87,0.581,-1,-1,-1
159,20,466.34,458.20,42.56,116.99,0.505,-1,-1,-1
159,22,1081.16,436.50,51.49,161.71,0.632,-1,-1,-1
159,24,556.37,454.37,20.51,58.81,0.411,-1,-1,-1
159,25,911.58,434.00,71.11,253.93,0.802,-1,-1,-1
159,26,1134.49,453.40,31.77,90.53,0.690,-1,-1,-1
159,27,665.88,443.12,66.84,344.52,0.746,-1,-1,-1
160,1,735.24,431.50,117.92,342.22,0.864,-1,-1,-1
160,4,1003.10,449.02,31.16,74.01,0.743,-1,-1,-1
160,5,530.78,427.64,166.34,465.80,0.900,-1,-1,-1
160,7,964.39,441.03,28.28,66.21,0.347,-1,-1,-1
160,8,1190.42,447.55,36.10,98.92,0.793,-1,-1,-1
160,9,843.85,446.59,85.96,282.83,0.889,-1,-1,-1
160,19,503.67,455.62,34.70,102.67,0.564,-1,-1,-1
160,20,465.40,457.90,41.99,117.17,0.630,-1,-1,-1
160,22,1081.09,436.72,51.10,161.55,0.508,-1,-1,-1
160,24,556.52,454.30,20.16,57.71,0.162,-1,-1,-1
160,25,914.42,435.39,71.41,252.15,0.782,-1,-1,-1
160,26,1135.72,454.86,31.34,89.24,0.648,-1,-1,-1
160,27,669.19,443.30,67.23,344.85,0.818,-1,-1,-1
161,1,738.41,431.70,117.23,341.90,0.873,-1,-1,-1
161,4,1002.71,448.95,31.07,74.02,0.728,-1,-1,-1
161,5,529.96,426.63,167.03,466.88,0.904,-1,-1,-1
161,7,965.94,440.77,27.73,64.89,0.479,-1,-1,-1
161,8,1188.44,447.10,36.09,99.32,0.733,-1,-1,-1
161,9,845.12,447.24,85.45,282.39,0.881,-1,-1,-1
161,19,503.88,455.75,34.61,102.47,0.439,-1,-1,-1
161,20,464.34,456.06,42.28,119.43,0.521,-1,-1,-1
161,22,1081.30,436.90,50.64,161.22,0.561,-1,-1,-1
161,25,916.89,436.20,72.33,252.48,0.815,-1,-1,-1
161,26,1136.91,458.82,29.78,84.54,0.631,-1,-1,-1
161,27,671.48,443.26,67.56,345.73,0.731,-1,-1,-1
162,1,741.47,432.20,116.79,342.15,0.875,-1,-1,-1
162,4,1002.73,449.18,30.84,73.84,0.751,-1,-1,-1
162,5,530.66,426.01,167.92,467.54,0.912,-1,-1,-1
162,7,967.30,440.60,27.77,65.21,0.556,-1,-1,-1
162,8,1186.84,446.44,35.96,99.81,0.579,-1,-1,-1
162,9,847.58,446.62,85.58,282.96,0.891,-1,-1,-1
162,19,503.91,455.46,34.71,102.62,0.503,-1,-1,-1
162,20,464.28,456.45,41.69,118.91,0.473,-1,-1,-1
162,22,1081.53,436.95,50.21,160.78,0.525,-1,-1,-1
162,25,920.61,437.99,72.64,252.40,0.757,-1,-1,-1
162,26,1137.59,457.44,30.29,86.03,0.531,-1,-1,-1
162,27,672.58,444.01,68.26,347.88,0.794,-1,-1,-1
163,1,743.88,432.78,116.17,341.99,0.883,-1,-1,-1
163,4,1002.35,449.07,30.74,73.83,0.759,-1,-1,-1
163,5,532.05,426.76,168.63,466.96,0.905,-1,-1,-1
163,7,968.94,440.38,27.08,63.86,0.290,-1,-1,-1
163,8,1185.62,446.66,35.51,99.55,0.685,-1,-1,-1
163,9,851.77,446.13,86.29,282.90,0.892,-1,-1,-1
163,19,505.68,454.75,34.88,103.22,0.492,-1,-1,-1
163,20,464.28,457.50,40.97,117.70,0.508,-1,-1,-1
163,22,1082.04,436.99,49.96,160.82,0.360,-1,-1,-1
163,25,923.15,438.82,73.57,254.65,0.806,-1,-1,-1
163,26,1138.26,454.50,31.40,89.35,0.491,-1,-1,-1
163,27,672.37,444.80,69.25,351.34,0.758,-1,-1,-1
164,1,746.55,433.25,115.49,341.66,0.892,-1,-1,-1
164,4,1002.25,448.90,30.63,73.93,0.735,-1,-1,-1
164,5,534.09,428.55,169.20,465.51,0.901,-1,-1,-1
164,7,970.84,440.55,26.34,62.35,0.208,-1,-1,-1
164,8,1184.59,446.98,35.17,99.13,0.638,-1,-1,-1
164,9,857.38,446.20,87.63,283.20,0.899,-1,-1,-1
164,19,506.33,455.27,34.57,102.51,0.508,-1,-1,-1
164,20,464.51,458.77,40.22,116.33,0.476,-1,-1,-1
164,22,1082.59,437.02,49.54,160.43,0.487,-1,-1,-1
164,25,925.50,439.59,73.66,254.84,0.819,-1,-1,-1
164,26,1139.92,452.83,31.89,91.33,0.492,-1,-1,-1
164,27,673.55,445.51,70.22,353.64,0.803,-1,-1,-1
165,1,748.78,432.94,115.73,343.15,0.883,-1,-1,-1
165,4,1002.20,448.67,30.56,74.10,0.692,-1,-1,-1
165,5,536.39,426.14,172.04,469.21,0.888,-1,-1,-1
165,8,1183.69,447.67,34.87,98.40,0.598,-1,-1,-1
165,9,863.46,445.77,89.92,284.22,0.902,-1,-1,-1
165,19,507.23,455.45,34.44,102.36,0.394,-1,-1,-1
165,20,465.39,461.46,38.93,113.71,0.583,-1,-1,-1
165,22,1083.32,437.09,49.18,160.32,0.453,-1,-1,-1
165,25,927.09,438.45,74.14,256.98,0.809,-1,-1,-1
165,26,1140.03,450.28,32.71,94.29,0.540,-1,-1,-1
165,27,675.71,445.69,70.89,353.58,0.823,-1,-1,-1
166,1,750.55,433.25,116.23,345.84,0.877,-1,-1,-1
166,4,1002.32,448.35,30.45,74.28,0.720,-1,-1,-1
166,5,536.62,426.45,174.78,473.73,0.877,-1,-1,-1
166,8,1183.26,449.21,34.27,96.61,0.639,-1,-1,-1
166,9,867.39,444.60,92.18,285.33,0.896,-1,-1,-1
166,19,507.32,455.69,34.33,102.10,0.519,-1,-1,-1
166,20,465.79,462.53,38.09,112.52,0.560,-1,-1,-1
166,22,1084.10,437.14,48.78,160.20,0.585,-1,-1,-1
166,25,929.72,437.24,74.27,258.01,0.771,-1,-1,-1
166,26,1141.79,448.52,32.89,95.96,0.498,-1,-1,-1
166,27,676.09,445.65,71.74,354.37,0.803,-1,-1,-1
167,1,752.30,433.60,116.55,347.55,0.866,-1,-1,-1
167,4,1001.95,448.10,30.35,74.83,0.666,-1,-1,-1
167,5,539.33,427.41,176.09,472.58,0.874,-1,-1,-1
167,8,1182.43,448.35,34.68,97.98,0.599,-1,-1,-1
167,9,871.31,444.26,94.86,286.35,0.895,-1,-1,-1
167,19,508.12,455.82,34.54,102.75,0.574,-1,-1,-1
167,20,466.15,465.84,36.66,109.00,0.585,-1,-1,-1
167,22,1084.39,437.23,48.45,160.24,0.592,-1,-1,-1
167,25,932.81,435.69,74.55,259.24,0.806,-1,-1,-1
167,26,1142.60,446.82,33.07,97.64,0.542,-1,-1,-1
167,27,676.85,446.12,72.08,352.81,0.806,-1,-1,-1
168,1,754.15,434.46,116.23,348.39,0.872,-1,-1,-1
168,4,1002.16,447.61,30.03,74.95,0.680,-1,-1,-1
168,5,542.31,427.51,177.64,470.76,0.890,-1,-1,-1
168,8,1181.75,452.16,33.66,94.35,0.534,-1,-1,-1
168,9,874.97,446.31,97.29,285.73,0.895,-1,-1,-1
168,19,507.53,455.91,34.30,102.52,0.438,-1,-1,-1
168,20,467.13,465.75,36.09,108.25,0.715,-1,-1,-1
168,22,1083.74,437.58,48.44,160.61,0.657,-1,-1,-1
168,25,934.43,433.38,75.36,262.40,0.838,-1,-1,-1
168,26,1142.36,447.75,32.66,96.89,0.632,-1,-1,-1
168,27,677.36,446.77,72.83,353.30,0.786,-1,-1,-1
169,1,755.60,435.04,116.41,350.27,0.868,-1,-1,-1
169,4,1002.26,447.44,29.72,74.97,0.680,-1,-1,-1
169,5,545.91,427.89,179.50,468.31,0.886,-1,-1,-1
169,8,1179.82,453.74,33.39,92.92,0.652,-1,-1,-1
169,9,876.20,447.31,99.55,286.22,0.888,-1,-1,-1
169,19,506.58,455.97,34.06,102.33,0.278,-1,-1,-1
169,20,466.25,464.61,36.19,109.97,0.666,-1,-1,-1
169,22,1083.19,437.83,48.29,160.52,0.636,-1,-1,-1
169,25,935.80,432.58,75.53,264.00,0.832,-1,-1,-1
169,26,1143.00,448.35,31.91,95.63,0.613,-1,-1,-1
169,27,679.06,446.77,73.38,354.03,0.819,-1,-1,-1
170,1,757.45,435.54,116.22,351.99,0.876,-1,-1,-1
170,4,1001.99,447.31,29.51,75.22,0.612,-1,-1,-1
170,5,551.17,428.19,182.62,468.92,0.892,-1,-1,-1
170,8,1177.27,453.40,33.71,93.47,0.438,-1,-1,-1
170,9,878.13,448.32,101.67,287.07,0.901,-1,-1,-1
170,19,507.84,455.19,34.38,103.19,0.335,-1,-1,-1
170,20,466.60,465.41,35.62,109.43,0.675,-1,-1,-1
170,22,1082.76,438.03,48.27,160.32,0.606,-1,-1,-1
170,25,938.62,432.69,75.18,264.25,0.823,-1,-1,-1
170,26,1143.50,449.39,31.42,94.89,0.452,-1,-1,-1
170,27,680.15,447.13,73.74,354.58,0.801,-1,-1,-1
171,1,758.47,435.58,115.86,352.76,0.878,-1,-1,-1
171,4,1001.98,446.82,29.36,75.65,0.559,-1,-1,-1
171,5,554.94,427.86,186.22,469.74,0.905,-1,-1,-1
171,8,1175.10,452.50,34.49,94.29,0.672,-1,-1,-1
171,9,879.49,448.77,103.54,288.07,0.904,-1,-1,-1
171,19,509.27,454.70,34.75,104.23,0.436,-1,-1,-1
171,20,466.54,462.86,36.03,112.17,0.691,-1,-1,-1
171,22,1082.93,439.06,47.98,159.26,0.539,-1,-1,-1
171,25,941.32,432.02,75.21,265.02,0.814,-1,-1,-1
171,26,1144.63,453.72,29.86,90.60,0.621,-1,-1,-1
171,27,681.65,447.08,74.36,356.30,0.767,-1,-1,-1
172,1,760.28,435.49,115.51,353.56,0.865,-1,-1,-1
172,4,1002.20,446.13,29.10,75.84,0.565,-1,-1,-1
172,5,557.92,429.72,189.41,469.35,0.903,-1,-1,-1
172,8,1173.29,457.35,33.50,89.46,0.710,-1,-1,-1
172,9,880.28,448.56,105.48,289.83,0.899,-1,-1,-1
172,19,510.24,454.43,34.90,104.85,0.448,-1,-1,-1
172,20,466.62,462.56,35.72,112.62,0.691,-1,-1,-1
172,22,1083.16,439.65,47.73,158.38,0.380,-1,-1,-1
172,24,551.60,450.11,24.67,70.25,0.519,-1,-1,-1
172,25,944.95,431.41,75.34,264.69,0.843,-1,-1,-1
172,26,1146.01,459.09,27.91,84.93,0.618,-1,-1,-1
172,27,683.34,446.94,75.79,362.91,0.732,-1,-1,-1
172,28,492.63,459.10,23.58,95.97,0.645,-1,-1,-1
173,1,763.43,435.31,115.28,353.01,0.875,-1,-1,-1
173,4,1002.53,446.32,28.05,73.36,0.110,-1,-1,-1
173,5,558.53,429.75,193.62,472.65,0.910,-1,-1,-1
173,8,1170.80,453.85,35.19,93.23,0.740,-1,-1,-1
173,9,880.46,448.09,107.22,291.65,0.893,-1,-1,-1
173,19,510.03,454.87,34.73,104.15,0.533,-1,-1,-1
173,20,466.70,462.56,35.37,112.81,0.647,-1,-1,-1
173,22,1083.15,442.28,47.00,155.64,0.456,-1,-1,-1
173,24,551.14,449.73,25.34,72.32,0.415,-1,-1,-1
173,25,947.17,431.09,75.71,264.62,0.819,-1,-1,-1
173,26,1146.66,460.97,27.11,82.72,0.586,-1,-1,-1
173,27,681.05,446.15,75.60,364.30,0.732,-1,-1,-1
173,28,492.68,458.90,23.74,96.45,0.686,-1,-1,-1
174,1,765.57,436.14,115.60,354.29,0.889,-1,-1,-1
174,5,559.50,429.18,197.46,475.77,0.909,-1,-1,-1
174,8,1168.87,453.48,35.84,93.85,0.694,-1,-1,-1
174,9,880.77,449.23,107.95,291.06,0.896,-1,-1,-1
174,19,510.15,455.05,34.84,104.13,0.695,-1,-1,-1
174,20,466.83,462.41,34.94,112.90,0.699,-1,-1,-1
174,22,1083.35,442.10,47.08,155.80,0.358,-1,-1,-1
174,24,550.90,450.47,25.37,72.03,0.464,-1,-1,-1
174,25,951.43,430.88,75.60,263.57,0.801,-1,-1,-1
174,26,1147.73,462.89,26.36,80.63,0.477,-1,-1,-1
174,27,682.04,445.19,75.29,366.60,0.675,-1,-1,-1
174,28,493.07,458.55,23.82,96.62,0.678,-1,-1,-1
175,1,766.04,437.63,116.92,360.11,0.889,-1,-1,-1
175,5,562.32,428.66,200.28,478.00,0.895,-1,-1,-1
175,8,1167.79,451.36,36.98,96.24,0.722,-1,-1,-1
175,9,881.52,448.97,108.92,291.89,0.907,-1,-1,-1
175,19,510.23,455.02,34.94,104.12,0.706,-1,-1,-1
175,20,467.12,462.49,34.50,112.83,0.685,-1,-1,-1
175,22,1084.14,452.18,44.23,145.66,0.280,-1,-1,-1
175,24,550.33,450.34,25.59,72.47,0.320,-1,-1,-1
175,25,956.13,431.50,76.03,263.30,0.848,-1,-1,-1
175,26,1147.75,460.47,27.14,83.59,0.520,-1,-1,-1
175,27,688.90,445.12,75.01,365.40,0.764,-1,-1,-1
175,28,492.91,459.08,23.66,95.64,0.677,-1,-1,-1
176,1,768.25,438.81,117.09,362.58,0.872,-1,-1,-1
176,5,563.53,428.30,203.33,481.56,0.892,-1,-1,-1
176,8,1167.15,450.05,37.63,97.46,0.717,-1,-1,-1
176,9,882.29,446.80,110.01,294.23,0.887,-1,-1,-1
176,19,509.65,455.18,34.76,103.37,0.673,-1,-1,-1
176,20,467.42,463.25,33.91,112.18,0.687,-1,-1,-1
176,22,1084.31,447.98,45.54,150.08,0.155,-1,-1,-1
176,24,549.91,452.21,25.00,70.97,0.192,-1,-1,-1
176,25,962.43,431.56,77.09,262.72,0.840,-1,-1,-1
176,26,1148.42,464.45,26.01,80.61,0.451,-1,-1,-1
176,27,690.19,442.71,74.89,368.89,0.409,-1,-1,-1
176,28,492.49,459.34,23.88,96.05,0.658,-1,-1,-1
177,1,769.09,439.21,117.01,364.43,0.881,-1,-1,-1
177,5,565.47,429.06,204.59,482.52,0.892,-1,-1,-1
177,8,1166.76,449.04,38.05,98.25,0.749,-1,-1,-1
177,9,883.01,445.84,110.52,295.37,0.898,-1,-1,-1
177,19,509.71,455.42,34.75,103.07,0.617,-1,-1,-1
177,20,467.40,462.61,33.84,113.18,0.681,-1,-1,-1
177,22,1084.84,459.23,42.28,138.56,0.259,-1,-1,-1
177,24,549.59,453.27,24.49,69.21,0.432,-1,-1,-1
177,25,967.08,431.66,78.82,263.66,0.850,-1,-1,-1
177,26,1148.27,459.62,27.38,85.80,0.401,-1,-1,-1
177,27,691.93,444.85,74.01,367.41,0.124,-1,-1,-1
177,28,492.66,459.45,24.07,96.43,0.677,-1,-1,-1
178,1,770.32,439.51,116.55,364.74,0.863,-1,-1,-1
178,5,568.61,429.27,205.54,484.11,0.900,-1,-1,-1
178,8,1164.07,447.88,39.08,99.85,0.782,-1,-1,-1
178,9,884.76,444.88,110.58,296.45,0.900,-1,-1,-1
178,19,509.05,455.68,34.57,102.52,0.528,-1,-1,-1
178,20,467.22,462.85,33.46,112.72,0.624,-1,-1,-1
178,22,1084.34,463.70,41.07,133.88,0.311,-1,-1,-1
178,24,549.13,453.26,24.34,68.81,0.384,-1,-1,-1
178,25,972.39,431.75,80.72,264.87,0.843,-1,-1,-1
178,26,1147.67,453.60,28.89,91.57,0.202,-1,-1,-1
178,28,492.28,459.45,24.61,98.32,0.673,-1,-1,-1
179,1,771.06,438.17,116.47,366.43,0.884,-1,-1,-1
179,5,571.18,427.92,206.23,486.29,0.890,-1,-1,-1
179,8,1162.29,448.24,39.19,99.52,0.803,-1,-1,-1
179,9,887.35,444.14,110.07,296.91,0.906,-1,-1,-1
179,19,508.68,455.79,34.55,102.50,0.533,-1,-1,-1
179,20,466.76,462.56,33.29,112.61,0.472,-1,-1,-1
179,22,1084.04,453.15,44.24,144.12,0.388,-1,-1,-1
179,24,548.86,452.09,24.77,70.67,0.203,-1,-1,-1
179,25,977.97,432.71,82.04,264.26,0.857,-1,-1,-1
179,26,1149.65,446.49,30.02,95.71,0.472,-1,-1,-1
179,28,491.39,459.37,24.98,99.34,0.636,-1,-1,-1
180,1,773.52,437.40,116.44,367.77,0.871,-1,-1,-1
180,5,573.88,425.55,206.83,489.65,0.890,-1,-1,-1
180,8,1161.51,452.67,37.73,94.99,0.692,-1,-1,-1
180,9,890.78,443.42,109.39,297.51,0.902,-1,-1,-1
180,19,509.01,455.18,34.98,103.53,0.598,-1,-1,-1
180,20,465.96,461.85,33.51,113.47,0.604,-1,-1,-1
180,22,1085.45,449.60,44.84,146.54,0.160,-1,-1,-1
180,24,548.90,452.51,24.34,70.14,0.165,-1,-1,-1
180,25,980.66,434.25,83.45,263.96,0.842,-1,-1,-1
180,26,1151.50,442.58,31.48,100.80,0.386,-1,-1,-1
180,28,491.19,459.53,25.01,99.24,0.645,-1,-1,-1
181,1,775.62,436.61,116.15,368.46,0.878,-1,-1,-1
181,5,575.93,424.58,206.91,492.08,0.889,-1,-1,-1
181,8,1158.55,446.39,40.20,101.29,0.676,-1,-1,-1
181,9,895.75,442.81,108.16,297.99,0.901,-1,-1,-1
181,19,508.53,455.57,34.67,102.77,0.518,-1,-1,-1
181,20,465.80,461.88,33.45,113.23,0.620,-1,-1,-1
181,22,1084.87,455.58,43.39,140.79,0.303,-1,-1,-1
181,24,548.85,453.33,23.89,69.02,0.111,-1,-1,-1
181,25,982.15,434.29,85.06,265.24,0.861,-1,-1,-1
181,28,490.90,459.38,25.15,99.53,0.652,-1,-1,-1
181,29,570.71,457.76,40.82,107.26,0.665,-1,-1,-1
182,1,777.63,435.45,115.58,369.12,0.881,-1,-1,-1
182,5,578.29,425.50,205.41,491.86,0.896,-1,-1,-1
182,8,1156.59,445.15,40.52,102.55,0.709,-1,-1,-1
182,9,899.95,442.21,107.09,298.47,0.888,-1,-1,-1
182,19,508.09,455.70,34.45,102.68,0.542,-1,-1,-1
182,20,465.54,460.96,33.65,113.96,0.385,-1,-1,-1
182,22,1085.03,462.36,41.77,134.26,0.305,-1,-1,-1
182,24,548.90,453.64,23.59,68.34,0.127,-1,-1,-1
182,25,983.78,436.95,85.97,265.35,0.826,-1,-1,-1
182,28,491.20,459.29,25.26,99.97,0.584,-1,-1,-1
182,29,570.14,457.78,44.65,117.31,0.623,-1,-1,-1
183,1,780.56,434.80,115.22,369.43,0.886,-1,-1,-1
183,5,579.19,425.73,204.28,491.91,0.883,-1,-1,-1
183,8,1154.52,443.25,40.99,104.40,0.600,-1,-1,-1
183,9,905.81,441.65,105.93,299.81,0.902,-1,-1,-1
183,19,508.88,455.56,34.73,103.37,0.603,-1,-1,-1
183,20,465.19,462.55,33.30,112.47,0.217,-1,-1,-1
183,22,1084.97,457.59,43.24,138.90,0.121,-1,-1,-1
183,24,548.95,454.32,23.17,67.49,0.152,-1,-1,-1
183,25,984.75,434.39,87.79,269.40,0.818,-1,-1,-1
183,28,491.16,459.34,25.34,100.16,0.602,-1,-1,-1
183,29,571.28,459.08,49.24,129.14,0.802,-1,-1,-1
184,1,782.38,434.48,114.72,369.42,0.879,-1,-1,-1
184,5,584.64,424.03,203.39,493.62,0.901,-1,-1,-1
184,8,1152.96,441.13,41.56,106.44,0.739,-1,-1,-1
184,9,910.24,441.93,104.79,300.81,0.886,-1,-1,-1
184,19,509.31,455.39,34.93,104.09,0.674,-1,-1,-1
184,20,465.19,463.40,33.04,111.50,0.181,-1,-1,-1
184,22,1087.03,449.95,45.27,146.43,0.240,-1,-1,-1
184,24,548.80,453.74,23.25,67.89,0.235,-1,-1,-1
184,25,987.29,434.53,88.06,269.64,0.793,-1,-1,-1
184,28,491.31,459.40,25.33,99.99,0.616,-1,-1,-1
184,29,570.60,458.79,52.79,138.31,0.790,-1,-1,-1
185,1,783.99,433.50,114.51,370.00,0.881,-1,-1,-1
185,5,588.91,422.89,201.91,493.94,0.890,-1,-1,-1
185,8,1151.89,442.04,41.24,105.92,0.587,-1,-1,-1
185,9,913.25,443.37,104.35,303.91,0.874,-1,-1,-1
185,19,509.44,455.24,35.04,104.57,0.685,-1,-1,-1
185,20,464.96,463.85,32.88,110.77,0.304,-1,-1,-1
185,22,1085.72,446.78,46.43,149.76,0.135,-1,-1,-1
185,24,548.42,452.88,23.52,68.76,0.367,-1,-1,-1
185,25,989.97,438.91,87.27,266.65,0.797,-1,-1,-1
185,28,491.52,459.29,25.18,99.38,0.518,-1,-1,-1
185,29,568.61,458.77,55.39,145.40,0.725,-1,-1,-1
186,1,786.38,434.31,113.96,369.32,0.884,-1,-1,-1
186,5,593.08,423.05,200.41,494.70,0.884,-1,-1,-1
186,8,1154.07,441.58,41.97,105.98,0.769,-1,-1,-1
186,9,917.20,444.02,104.16,307.55,0.874,-1,-1,-1
186,19,509.75,455.06,35.05,104.65,0.605,-1,-1,-1
186,20,464.59,464.01,32.94,110.79,0.425,-1,-1,-1
186,22,1085.10,444.01,47.36,152.52,0.168,-1,-1,-1
186,24,548.43,453.07,23.47,68.53,0.372,-1,-1,-1
186,25,991.17,437.23,87.55,268.29,0.811,-1,-1,-1
186,28,491.44,458.41,25.41,100.03,0.565,-1,-1,-1
186,29,566.09,459.07,57.24,150.80,0.694,-1,-1,-1
187,1,788.67,434.30,113.83,369.31,0.872,-1,-1,-1
187,5,596.61,422.44,199.14,495.90,0.871,-1,-1,-1
187,8,1155.43,442.13,42.73,105.43,0.798,-1,-1,-1
187,9,920.38,444.92,103.22,308.95,0.856,-1,-1,-1
187,19,509.90,454.76,34.88,104.52,0.611,-1,-1,-1
187,20,464.22,463.25,33.18,111.50,0.461,-1,-1,-1
187,22,1084.78,443.33,47.57,153.24,0.170,-1,-1,-1
187,24,548.76,453.46,23.29,67.75,0.503,-1,-1,-1
187,25,992.68,433.49,88.35,271.94,0.778,-1,-1,-1
187,28,491.83,458.24,25.60,100.55,0.610,-1,-1,-1
187,29,566.95,458.73,59.78,157.47,0.813,-1,-1,-1
188,1,790.88,433.59,113.94,370.10,0.875,-1,-1,-1
188,5,601.27,420.39,198.31,499.57,0.899,-1,-1,-1
188,8,1155.88,442.97,43.22,104.66,0.799,-1,-1,-1
188,9,926.56,444.79,101.67,306.65,0.872,-1,-1,-1
188,19,510.05,455.05,34.55,103.95,0.549,-1,-1,-1
188,20,464.96,462.42,32.55,109.31,0.378,-1,-1,-1
188,22,1089.21,439.88,47.56,155.62,0.468,-1,-1,-1
188,24,549.25,453.24,23.32,67.64,0.446,-1,-1,-1
188,25,996.06,432.84,87.97,272.69,0.810,-1,-1,-1
188,28,492.00,457.95,25.65,100.43,0.600,-1,-1,-1
188,29,566.64,457.60,62.01,163.65,0.819,-1,-1,-1
189,1,794.47,432.54,114.51,371.09,0.840,-1,-1,-1
189,5,604.95,418.44,198.33,506.38,0.909,-1,-1,-1
189,8,1156.11,442.35,44.08,105.11,0.736,-1,-1,-1
189,9,933.80,445.22,101.32,305.80,0.862,-1,-1,-1
189,19,510.38,455.64,34.12,103.11,0.544,-1,-1,-1
189,20,465.16,463.00,32.69,109.93,0.497,-1,-1,-1
189,22,1091.61,438.24,47.27,155.97,0.222,-1,-1,-1
189,24,549.88,453.36,23.15,67.06,0.374,-1,-1,-1
189,25,1000.27,432.48,87.38,273.10,0.835,-1,-1,-1
189,28,492.22,457.61,25.94,101.33,0.608,-1,-1,-1
189,29,565.70,456.34,62.49,165.57,0.794,-1,-1,-1
190,1,796.08,432.32,114.31,370.63,0.873,-1,-1,-1
190,5,607.17,417.31,198.89,514.37,0.899,-1,-1,-1
190,8,1156.44,443.65,43.99,103.86,0.451,-1,-1,-1
190,9,940.85,443.61,102.08,307.32,0.878,-1,-1,-1
190,19,511.13,455.46,34.26,103.79,0.577,-1,-1,-1
190,20,465.59,462.87,32.79,110.63,0.583,-1,-1,-1
190,22,1097.57,437.20,38.93,127.27,0.699,-1,-1,-1
190,24,550.24,453.24,23.19,66.77,0.467,-1,-1,-1
190,25,1003.78,432.42,86.77,273.08,0.835,-1,-1,-1
190,27,580.38,454.59,36.56,166.82,0.830,-1,-1,-1
190,28,492.23,457.86,26.15,101.76,0.624,-1,-1,-1
191,1,797.23,432.05,114.16,370.77,0.856,-1,-1,-1
191,5,609.75,417.53,199.40,522.62,0.901,-1,-1,-1
191,8,1155.67,441.85,45.04,105.69,0.349,-1,-1,-1
191,9,945.93,444.39,102.40,306.67,0.882,-1,-1,-1
191,19,510.96,455.56,33.99,103.16,0.433,-1,-1,-1
191,20,464.10,462.80,33.30,111.79,0.675,-1,-1,-1
191,22,1100.08,436.86,35.03,113.71,0.749,-1,-1,-1
191,24,550.41,453.76,23.05,66.21,0.139,-1,-1,-1
191,25,1006.83,431.42,86.39,273.61,0.805,-1,-1,-1
191,28,491.67,458.21,26.15,101.49,0.606,-1,-1,-1
191,29,565.42,455.69,62.04,164.68,0.829,-1,-1,-1
192,1,798.41,431.70,114.13,371.21,0.867,-1,-1,-1
192,5,612.38,418.01,199.83,530.69,0.895,-1,-1,-1
192,8,1148.61,441.35,45.01,106.78,0.696,-1,-1,-1
192,9,949.07,443.09,103.89,309.39,0.865,-1,-1,-1
192,19,511.02,455.21,34.18,103.83,0.412,-1,-1,-1
192,20,463.01,462.46,33.63,112.66,0.669,-1,-1,-1
192,22,1100.61,436.79,34.05,110.00,0.733,-1,-1,-1
192,24,550.18,454.12,23.02,65.88,0.171,-1,-1,-1
192,25,1008.27,431.24,86.01,274.03,0.799,-1,-1,-1
192,28,491.02,458.52,26.18,101.06,0.667,-1,-1,-1
192,29,564.75,456.64,60.77,161.60,0.838,-1,-1,-1
193,1,800.18,431.48,113.88,370.77,0.839,-1,-1,-1
193,5,616.04,417.71,200.48,538.04,0.822,-1,-1,-1
193,8,1145.43,440.66,44.96,107.71,0.735,-1,-1,-1
193,9,950.60,444.33,104.96,310.91,0.870,-1,-1,-1
193,19,510.93,455.28,34.03,103.39,0.423,-1,-1,-1
193,20,462.62,462.76,33.52,111.87,0.589,-1,-1,-1
193,22,1101.20,436.72,33.72,108.31,0.753,-1,-1,-1
193,24,550.03,454.08,23.25,66.19,0.223,-1,-1,-1
193,25,1010.91,433.00,85.32,272.46,0.764,-1,-1,-1
193,28,490.59,458.36,26.41,101.27,0.620,-1,-1,-1
193,29,564.63,457.09,60.14,160.36,0.823,-1,-1,-1
194,1,803.54,431.94,114.09,370.78,0.860,-1,-1,-1
194,5,619.81,418.03,200.14,542.97,0.850,-1,-1,-1
194,8,1142.96,442.15,43.85,106.38,0.746,-1,-1,-1
194,9,952.86,446.15,105.57,310.61,0.886,-1,-1,-1
194,19,510.87,455.46,33.88,102.92,0.401,-1,-1,-1
194,20,462.15,463.53,33.32,110.57,0.655,-1,-1,-1
194,22,1101.34,436.59,33.85,108.45,0.710,-1,-1,-1
194,24,550.05,452.90,23.76,67.31,0.275,-1,-1,-1
194,25,1013.92,431.63,85.50,274.69,0.646,-1,-1,-1
194,26,1176.33,452.74,29.20,93.13,0.561,-1,-1,-1
194,28,490.43,458.67,26.50,101.18,0.637,-1,-1,-1
194,29,565.25,456.26,60.21,160.72,0.845,-1,-1,-1
195,1,809.87,431.98,115.01,370.62,0.878,-1,-1,-1
195,5,625.18,417.12,198.80,542.87,0.742,-1,-1,-1
195,8,1141.80,442.37,43.42,106.26,0.681,-1,-1,-1
195,9,954.41,449.33,106.33,310.32,0.891,-1,-1,-1
195,19,511.63,455.44,34.00,103.36,0.420,-1,-1,-1
195,20,461.47,463.30,33.52,110.74,0.656,-1,-1,-1
195,22,1101.41,436.53,34.05,108.78,0.729,-1,-1,-1
195,24,550.06,452.24,24.05,67.58,0.326,-1,-1,-1
195,25,1017.79,431.00,86.39,279.01,0.742,-1,-1,-1
195,26,1179.46,457.01,27.89,89.59,0.570,-1,-1,-1
195,28,489.89,458.53,26.72,101.58,0.656,-1,-1,-1
195,29,564.90,455.08,60.42,161.83,0.834,-1,-1,-1
196,1,816.19,432.48,116.61,370.93,0.892,-1,-1,-1
196,5,628.17,416.85,198.04,546.64,0.818,-1,-1,-1
196,8,1140.42,443.74,42.42,105.04,0.691,-1,-1,-1
196,9,954.99,448.43,107.71,312.71,0.870,-1,-1,-1
196,19,511.73,455.11,33.71,102.54,0.302,-1,-1,-1
196,20,461.08,462.93,33.74,110.87,0.671,-1,-1,-1
196,22,1101.49,436.49,34.06,108.44,0.546,-1,-1,-1
196,24,549.74,452.64,24.07,67.13,0.376,-1,-1,-1
196,25,1022.44,430.98,86.90,281.45,0.804,-1,-1,-1
196,26,1180.35,458.04,27.66,88.45,0.442,-1,-1,-1
196,28,489.32,458.56,26.96,101.90,0.679,-1,-1,-1
196,29,566.37,455.25,60.34,161.35,0.822,-1,-1,-1
197,1,821.88,432.85,118.75,371.57,0.897,-1,-1,-1
197,5,630.62,418.31,195.72,547.20,0.840,-1,-1,-1
197,8,1139.79,444.95,41.44,103.97,0.732,-1,-1,-1
197,9,956.49,448.98,108.25,312.94,0.878,-1,-1,-1
197,19,512.05,455.18,33.92,103.30,0.404,-1,-1,-1
197,20,460.34,460.49,34.54,113.32,0.583,-1,-1,-1
197,22,1101.55,436.66,34.57,109.99,0.611,-1,-1,-1
197,24,549.36,453.11,23.95,66.52,0.390,-1,-1,-1
197,25,1028.21,430.66,87.71,282.81,0.829,-1,-1,-1
197,26,1181.67,454.74,28.85,91.52,0.672,-1,-1,-1
197,28,488.81,458.09,27.32,102.55,0.700,-1,-1,-1
197,29,567.08,454.72,60.39,161.57,0.799,-1,-1,-1
198,1,827.48,433.62,121.24,371.44,0.905,-1,-1,-1
198,5,634.05,418.12,193.34,547.21,0.841,-1,-1,-1
198,8,1139.50,447.19,40.04,101.82,0.742,-1,-1,-1
198,9,958.16,447.29,108.94,315.40,0.888,-1,-1,-1
198,19,512.87,455.27,34.04,103.62,0.385,-1,-1,-1
198,20,460.47,461.98,34.27,111.88,0.656,-1,-1,-1
198,22,1101.95,436.46,34.42,109.36,0.693,-1,-1,-1
198,24,549.07,453.55,23.66,65.79,0.142,-1,-1,-1
198,25,1034.34,431.50,88.24,283.00,0.841,-1,-1,-1
198,26,1182.38,453.22,29.06,92.93,0.639,-1,-1,-1
198,28,489.11,458.29,27.36,102.51,0.649,-1,-1,-1
198,29,568.48,455.57,60.25,160.97,0.839,-1,-1,-1
199,1,831.39,433.97,124.47,372.24,0.908,-1,-1,-1
199,5,639.17,418.75,190.44,544.79,0.835,-1,-1,-1
199,8,1139.13,447.10,39.61,102.07,0.784,-1,-1,-1
199,9,960.05,445.89,108.83,316.42,0.890,-1,-1,-1
199,19,513.27,455.40,32.61,98.95,0.304,-1,-1,-1
199,20,460.19,462.98,34.21,111.19,0.724,-1,-1,-1
199,22,1102.58,436.20,34.43,109.38,0.690,-1,-1,-1
199,25,1038.97,431.88,89.13,284.26,0.841,-1,-1,-1
199,26,1183.45,452.38,29.46,93.74,0.492,-1,-1,-1
199,28,488.83,458.73,27.38,102.13,0.713,-1,-1,-1
199,29,569.49,453.67,61.04,162.85,0.829,-1,-1,-1
200,1,833.37,434.90,127.40,372.49,0.907,-1,-1,-1
200,5,643.45,420.35,188.47,543.09,0.843,-1,-1,-1
200,8,1138.54,447.00,39.03,102.11,0.782,-1,-1,-1
200,9,963.53,444.88,108.28,317.14,0.885,-1,-1,-1
200,19,512.12,455.47,33.44,101.34,0.346,-1,-1,-1
200,20,458.83,463.52,33.95,110.57,0.600,-1,-1,-1
200,22,1102.80,436.49,34.04,108.19,0.690,-1,-1,-1
200,25,1042.81,431.90,89.80,285.34,0.846,-1,-1,-1
200,26,1184.12,451.25,30.02,95.05,0.566,-1,-1,-1
200,28,488.10,458.77,27.58,102.03,0.752,-1,-1,-1
200,29,570.48,453.77,61.36,163.28,0.845,-1,-1,-1
201,1,836.30,435.70,129.65,373.67,0.894,-1,-1,-1
201,5,649.69,421.98,187.31,543.50,0.858,-1,-1,-1
201,8,1136.86,447.46,38.51,101.59,0.766,-1,-1,-1
201,9,969.28,443.03,108.00,319.57,0.836,-1,-1,-1
201,19,512.87,455.42,33.79,102.88,0.506,-1,-1,-1
201,20,457.97,464.00,33.75,110.01,0.645,-1,-1,-1
201,22,1102.91,436.77,33.51,106.41,0.485,-1,-1,-1
201,25,1045.03,432.45,90.60,287.05,0.848,-1,-1,-1
201,26,1184.96,449.81,30.74,96.68,0.608,-1,-1,-1
201,28,487.14,458.28,27.90,102.16,0.777,-1,-1,-1
201,29,572.15,452.53,62.17,164.43,0.833,-1,-1,-1
202,1,837.40,436.37,131.87,375.34,0.903,-1,-1,-1
202,5,656.21,420.82,187.29,548.47,0.861,-1,-1,-1
202,8,1135.57,447.28,38.32,101.88,0.766,-1,-1,-1
202,9,975.63,441.55,106.82,321.33,0.872,-1,-1,-1
202,19,513.07,455.48,33.96,103.63,0.484,-1,-1,-1
202,20,456.87,464.20,33.36,108.89,0.614,-1,-1,-1
202,22,1105.19,437.32,30.45,96.22,0.184,-1,-1,-1
202,25,1047.86,432.96,90.56,287.30,0.832,-1,-1,-1
202,26,1185.89,449.40,31.18,97.01,0.646,-1,-1,-1
202,28,486.59,457.94,28.22,102.31,0.746,-1,-1,-1
202,29,574.34,453.12,62.43,163.72,0.872,-1,-1,-1
203,1,837.08,435.55,134.11,377.80,0.901,-1,-1,-1
203,5,657.84,420.32,188.01,553.23,0.868,-1,-1,-1
203,8,1134.62,446.63,38.15,102.49,0.756,-1,-1,-1
203,9,980.39,441.48,105.20,321.36,0.873,-1,-1,-1
203,19,512.29,455.03,33.71,102.91,0.265,-1,-1,-1
203,20,456.02,464.52,33.31,108.53,0.398,-1,-1,-1
203,22,1106.65,437.58,29.71,93.91,0.100,-1,-1,-1
203,25,1051.42,433.01,90.54,288.12,0.837,-1,-1,-1
203,26,1186.12,446.91,32.19,99.74,0.707,-1,-1,-1
203,28,485.84,457.52,28.45,102.30,0.726,-1,-1,-1
203,29,575.86,454.45,62.77,163.31,0.885,-1,-1,-1
204,1,836.49,434.37,135.93,379.44,0.903,-1,-1,-1
204,5,659.12,420.32,188.59,557.39,0.877,-1,-1,-1
204,8,1133.91,446.35,37.82,102.69,0.757,-1,-1,-1
204,9,985.37,442.69,103.42,319.89,0.863,-1,-1,-1
204,19,511.40,455.07,33.49,102.33,0.205,-1,-1,-1
204,20,455.58,464.35,33.82,110.03,0.632,-1,-1,-1
204,22,1109.41,437.72,27.42,86.86,0.192,-1,-1,-1
204,25,1054.73,433.73,90.14,287.80,0.844,-1,-1,-1
204,26,1186.52,445.63,32.95,101.18,0.786,-1,-1,-1
204,28,485.38,457.38,28.83,102.72,0.742,-1,-1,-1
204,29,576.53,455.41,63.10,163.50,0.852,-1,-1,-1
205,1,836.39,432.44,137.63,381.48,0.907,-1,-1,-1
205,5,660.11,418.51,189.35,563.34,0.884,-1,-1,-1
205,8,1133.56,446.23,37.36,102.51,0.702,-1,-1,-1
205,9,989.98,444.16,101.56,318.23,0.845,-1,-1,-1
205,19,511.76,455.02,32.69,99.73,0.198,-1,-1,-1
205,20,454.51,464.58,33.90,109.97,0.490,-1,-1,-1
205,22,1112.47,440.49,24.81,78.68,0.101,-1,-1,-1
205,25,1058.29,432.30,89.92,288.93,0.851,-1,-1,-1
205,26,1188.15,446.74,32.91,100.23,0.673,-1,-1,-1
205,28,485.30,457.13,29.12,103.00,0.724,-1,-1,-1
205,29,577.15,457.26,62.69,162.19,0.836,-1,-1,-1
206,1,836.70,430.83,139.00,382.99,0.902,-1,-1,-1
206,5,660.28,418.34,190.34,570.39,0.884,-1,-1,-1
206,8,1133.57,447.12,36.61,101.22,0.660,-1,-1,-1
206,9,995.91,442.50,101.27,319.69,0.848,-1,-1,-1
206,19,513.42,455.60,33.14,101.85,0.308,-1,-1,-1
206,20,453.84,464.66,34.08,110.22,0.587,-1,-1,-1
206,25,1062.10,431.69,89.52,289.83,0.838,-1,-1,-1
206,26,1189.47,445.78,33.36,101.27,0.752,-1,-1,-1
206,28,485.47,457.04,29.37,103.02,0.738,-1,-1,-1
206,29,579.79,458.55,62.02,161.28,0.815,-1,-1,-1
207,1,837.37,430.45,139.86,383.44,0.896,-1,-1,-1
207,5,666.70,418.76,189.02,571.98,0.888,-1,-1,-1
207,8,1133.88,447.83,36.11,100.46,0.631,-1,-1,-1
207,9,1005.01,443.81,101.08,318.23,0.871,-1,-1,-1
207,19,513.72,455.59,33.47,103.88,0.668,-1,-1,-1
207,20,453.20,464.69,34.38,110.88,0.630,-1,-1,-1
207,25,1066.56,431.70,88.81,290.23,0.850,-1,-1,-1
207,26,1191.32,445.57,33.48,101.64,0.736,-1,-1,-1
207,28,485.70,456.70,29.58,102.93,0.718,-1,-1,-1
207,29,581.46,456.91,62.26,162.99,0.806,-1,-1,-1
208,1,839.24,430.38,140.49,383.00,0.893,-1,-1,-1
208,5,670.55,416.96,188.00,575.35,0.887,-1,-1,-1
208,8,1133.48,448.42,35.64,99.50,0.647,-1,-1,-1
208,9,1015.54,445.77,102.32,316.87,0.874,-1,-1,-1
208,19,513.49,455.48,33.58,104.87,0.676,-1,-1,-1
208,20,452.31,465.12,34.38,110.70,0.603,-1,-1,-1
208,25,1070.00,432.13,88.13,290.53,0.784,-1,-1,-1
208,26,1192.57,445.68,33.44,101.51,0.784,-1,-1,-1
208,28,485.03,456.36,29.64,102.79,0.709,-1,-1,-1
208,29,582.81,452.88,63.87,167.48,0.781,-1,-1,-1
209,1,841.80,431.48,140.54,381.83,0.889,-1,-1,-1
209,5,672.87,414.56,187.15,579.09,0.890,-1,-1,-1
209,8,1133.83,448.87,35.38,99.40,0.562,-1,-1,-1
209,9,1026.47,446.13,105.17,316.71,0.892,-1,-1,-1
209,19,513.89,455.54,33.44,105.19,0.691,-1,-1,-1
209,20,451.17,465.13,34.37,110.81,0.608,-1,-1,-1
209,25,1074.68,430.87,87.48,290.85,0.746,-1,-1,-1
209,26,1193.27,446.22,33.40,101.15,0.774,-1,-1,-1
209,28,484.76,456.59,29.80,102.78,0.730,-1,-1,-1
209,29,584.58,449.98,65.07,170.42,0.820,-1,-1,-1
210,1,843.85,429.80,141.19,383.61,0.898,-1,-1,-1
210,5,674.88,412.46,186.03,581.12,0.886,-1,-1,-1
210,8,1135.17,449.32,33.05,93.11,0.214,-1,-1,-1
210,9,1033.45,445.98,108.76,317.43,0.914,-1,-1,-1
210,19,513.17,455.53,33.37,105.38,0.670,-1,-1,-1
210,20,449.02,465.50,34.09,110.15,0.478,-1,-1,-1
210,25,1079.39,430.29,86.85,289.61,0.495,-1,-1,-1
210,26,1193.87,447.62,33.28,99.82,0.772,-1,-1,-1
210,28,483.28,456.29,30.37,104.26,0.713,-1,-1,-1
210,29,584.81,446.80,66.21,173.96,0.798,-1,-1,-1
211,1,846.97,429.45,140.95,383.79,0.887,-1,-1,-1
211,5,676.94,411.78,185.11,582.14,0.881,-1,-1,-1
211,8,1137.49,449.80,30.76,87.04,0.381,-1,-1,-1
211,9,1040.21,446.90,112.55,316.50,0.889,-1,-1,-1
211,19,513.01,455.38,33.33,105.65,0.723,-1,-1,-1
211,20,448.30,465.32,34.16,110.85,0.605,-1,-1,-1
211,25,1085.38,430.12,84.27,280.66,0.304,-1,-1,-1
211,26,1195.52,448.41,33.17,98.97,0.751,-1,-1,-1
211,28,482.55,456.26,30.57,104.41,0.710,-1,-1,-1
211,29,585.12,446.99,65.62,174.05,0.821,-1,-1,-1
212,1,853.02,430.14,140.21,381.84,0.878,-1,-1,-1
212,5,681.48,410.09,184.06,583.61,0.877,-1,-1,-1
212,9,1043.28,446.77,116.69,317.23,0.878,-1,-1,-1
212,19,513.09,455.24,33.33,105.88,0.735,-1,-1,-1
212,20,447.82,465.01,34.15,110.68,0.611,-1,-1,-1
212,25,1091.33,430.35,82.84,276.46,0.363,-1,-1,-1
212,26,1197.14,448.13,33.34,99.34,0.710,-1,-1,-1
212,28,481.99,456.35,30.60,104.21,0.738,-1,-1,-1
212,29,586.09,450.72,63.69,170.55,0.818,-1,-1,-1
212,30,1019.50,445.80,33.75,80.16,0.684,-1,-1,-1
213,1,860.27,430.51,140.42,382.79,0.782,-1,-1,-1
213,5,686.57,410.89,182.56,583.00,0.876,-1,-1,-1
213,9,1042.77,447.33,121.32,319.63,0.898,-1,-1,-1
213,19,512.97,455.28,33.38,106.03,0.763,-1,-1,-1
213,20,447.23,464.96,34.05,109.83,0.605,-1,-1,-1
213,25,1096.25,429.95,83.84,282.19,0.767,-1,-1,-1
213,26,1198.59,447.75,33.25,99.03,0.736,-1,-1,-1
213,28,481.50,456.41,30.67,104.07,0.735,-1,-1,-1
213,29,588.04,450.11,63.61,171.21,0.819,-1,-1,-1
213,30,1021.86,446.48,34.28,81.17,0.712,-1,-1,-1
214,1,865.59,429.52,139.22,383.38,0.883,-1,-1,-1
214,5,690.66,411.51,181.50,583.25,0.881,-1,-1,-1
214,9,1042.22,446.92,125.22,321.53,0.880,-1,-1,-1
214,19,512.89,455.23,33.43,106.18,0.770,-1,-1,-1
214,20,446.84,465.50,32.76,104.32,0.596,-1,-1,-1
214,25,1100.08,429.58,84.09,283.45,0.223,-1,-1,-1
214,26,1199.35,447.81,33.10,98.31,0.731,-1,-1,-1
214,28,480.81,456.48,30.80,104.16,0.721,-1,-1,-1
214,29,589.66,449.91,63.26,171.22,0.812,-1,-1,-1
214,30,1025.53,446.42,35.29,83.35,0.684,-1,-1,-1
215,1,869.93,429.05,138.84,385.81,0.858,-1,-1,-1
215,5,693.16,411.31,180.37,582.92,0.877,-1,-1,-1
215,9,1039.75,447.04,129.23,323.16,0.892,-1,-1,-1
215,19,512.39,455.18,33.49,106.14,0.787,-1,-1,-1
215,20,445.63,465.69,32.73,102.84,0.592,-1,-1,-1
215,25,1108.50,432.75,84.15,283.19,0.443,-1,-1,-1
215,26,1200.09,447.54,33.10,98.39,0.674,-1,-1,-1
215,28,480.88,457.00,31.04,104.49,0.765,-1,-1,-1
215,29,590.29,447.75,63.76,174.11,0.810,-1,-1,-1
215,30,1029.18,444.96,36.29,85.46,0.420,-1,-1,-1
215,31,567.37,460.57,22.65,63.45,0.649,-1,-1,-1
216,1,874.27,428.86,138.27,387.84,0.864,-1,-1,-1
216,5,695.91,410.66,179.58,583.17,0.877,-1,-1,-1
216,9,1040.00,446.36,132.39,324.71,0.879,-1,-1,-1
216,19,511.65,455.01,33.68,106.13,0.794,-1,-1,-1
216,20,444.17,465.48,34.21,106.42,0.680,-1,-1,-1
216,25,1118.10,430.87,86.85,289.60,0.669,-1,-1,-1
216,26,1202.12,447.52,33.22,99.16,0.732,-1,-1,-1
216,28,481.01,456.86,31.10,104.42,0.736,-1,-1,-1
216,29,591.39,447.81,63.59,175.07,0.794,-1,-1,-1
216,30,1032.45,445.00,36.91,86.52,0.591,-1,-1,-1
216,31,567.65,460.15,22.86,64.02,0.686,-1,-1,-1
217,1,877.88,428.59,138.41,391.18,0.874,-1,-1,-1
217,5,697.37,410.27,179.02,583.39,0.867,-1,-1,-1
217,9,1040.53,446.30,134.90,325.08,0.892,-1,-1,-1
217,19,511.42,454.89,33.85,106.06,0.790,-1,-1,-1
217,20,443.35,465.27,35.08,108.17,0.639,-1,-1,-1
217,25,1126.17,430.22,88.47,292.83,0.448,-1,-1,-1
217,26,1203.67,447.97,33.02,99.17,0.724,-1,-1,-1
217,28,480.87,456.70,31.08,104.33,0.714,-1,-1,-1
217,29,591.50,446.46,63.63,177.30,0.800,-1,-1,-1
217,30,1036.12,442.97,35.84,83.37,0.593,-1,-1,-1
217,31,567.70,460.10,22.85,63.96,0.674,-1,-1,-1
218,1,880.73,427.85,138.25,393.45,0.854,-1,-1,-1
218,5,701.94,409.34,179.47,582.96,0.895,-1,-1,-1
218,9,1042.42,445.48,136.84,325.76,0.901,-1,-1,-1
218,19,511.22,455.14,33.86,105.86,0.764,-1,-1,-1
218,20,444.26,465.64,34.43,105.66,0.515,-1,-1,-1
218,25,1131.98,429.72,90.19,294.63,0.606,-1,-1,-1
218,26,1205.40,448.02,32.97,99.35,0.723,-1,-1,-1
218,28,481.06,457.08,31.00,104.05,0.717,-1,-1,-1
218,29,593.08,448.61,62.49,175.44,0.776,-1,-1,-1
218,30,1040.26,441.93,35.05,80.50,0.656,-1,-1,-1
218,31,567.57,459.72,23.00,64.40,0.658,-1,-1,-1
219,1,882.91,428.29,138.10,397.89,0.886,-1,-1,-1
219,5,707.35,407.85,179.88,584.29,0.887,-1,-1,-1
219,9,1045.00,444.85,137.95,326.21,0.895,-1,-1,-1
219,19,511.11,455.26,33.88,105.70,0.792,-1,-1,-1
219,20,444.03,464.06,34.51,105.49,0.113,-1,-1,-1
219,25,1140.50,429.64,91.15,296.15,0.683,-1,-1,-1
219,26,1209.34,448.22,32.99,99.20,0.727,-1,-1,-1
219,28,480.83,457.02,31.01,104.02,0.709,-1,-1,-1
219,29,593.35,446.05,63.11,178.66,0.787,-1,-1,-1
219,30,1043.89,441.31,33.63,76.54,0.305,-1,-1,-1
219,31,567.89,459.67,22.90,64.23,0.646,-1,-1,-1
220,1,884.91,428.80,137.82,401.67,0.884,-1,-1,-1
220,5,713.70,407.22,180.38,584.33,0.881,-1,-1,-1
220,9,1049.28,445.09,138.13,326.34,0.894,-1,-1,-1
220,19,511.11,455.24,33.91,105.57,0.757,-1,-1,-1
220,20,443.74,464.90,35.24,107.38,0.499,-1,-1,-1
220,25,1146.79,429.83,92.12,298.77,0.801,-1,-1,-1
220,26,1211.56,448.19,33.28,99.51,0.739,-1,-1,-1
220,28,480.28,456.91,30.89,103.47,0.675,-1,-1,-1
220,29,595.71,447.71,62.79,177.86,0.754,-1,-1,-1
220,30,1046.89,441.34,32.77,73.75,0.326,-1,-1,-1
220,31,568.11,459.70,22.77,63.98,0.648,-1,-1,-1
221,1,886.39,429.46,137.54,405.39,0.886,-1,-1,-1
221,5,722.92,406.41,182.67,585.53,0.884,-1,-1,-1
221,9,1053.24,443.97,138.28,327.68,0.888,-1,-1,-1
221,19,510.48,455.16,34.02,105.48,0.762,-1,-1,-1
221,20,442.64,464.86,36.02,108.98,0.557,-1,-1,-1
221,25,1151.42,430.66,92.21,299.45,0.479,-1,-1,-1
221,26,1215.04,448.15,33.98,99.76,0.776,-1,-1,-1
221,28,480.39,457.48,30.82,103.43,0.689,-1,-1,-1
221,29,597.94,448.93,62.34,176.86,0.744,-1,-1,-1
221,30,1048.58,441.46,31.35,69.94,0.224,-1,-1,-1
221,31,568.52,459.71,22.60,63.61,0.628,-1,-1,-1
222,1,889.00,430.03,136.53,405.93,0.898,-1,-1,-1
222,5,731.16,405.57,185.91,586.28,0.873,-1,-1,-1
222,9,1058.87,441.14,137.98,330.33,0.848,-1,-1,-1
222,19,510.04,454.74,34.23,105.71,0.734,-1,-1,-1
222,20,442.37,465.19,35.83,107.84,0.416,-1,-1,-1
222,25,1153.92,430.56,92.11,300.92,0.700,-1,-1,-1
222,26,1217.12,448.20,34.45,99.46,0.753,-1,-1,-1
222,28,480.01,457.51,30.88,103.76,0.716,-1,-1,-1
222,29,599.06,453.29,60.48,172.94,0.806,-1,-1,-1
222,30,1051.06,442.58,29.38,64.68,0.219,-1,-1,-1
222,31,568.69,458.56,22.96,64.92,0.639,-1,-1,-1
223,1,891.37,430.58,135.92,406.61,0.881,-1,-1,-1
223,5,738.27,405.12,190.91,587.09,0.880,-1,-1,-1
223,9,1066.82,441.49,135.70,330.64,0.891,-1,-1,-1
223,19,510.29,454.88,34.33,105.65,0.765,-1,-1,-1
223,20,440.68,464.08,37.14,110.21,0.609,-1,-1,-1
223,25,1157.69,430.59,91.41,301.20,0.648,-1,-1,-1
223,26,1219.61,448.30,35.12,99.67,0.710,-1,-1,-1
223,28,479.98,457.71,30.63,103.05,0.733,-1,-1,-1
223,29,601.43,454.91,59.57,171.19,0.825,-1,-1,-1
223,31,568.94,458.02,22.77,64.67,0.627,-1,-1,-1
224,1,893.63,431.12,135.35,408.36,0.875,-1,-1,-1
224,5,744.62,404.13,196.46,587.32,0.873,-1,-1,-1
224,9,1074.84,439.75,133.76,332.69,0.841,-1,-1,-1
224,19,510.68,454.92,34.44,105.63,0.763,-1,-1,-1
224,20,438.66,463.66,37.85,110.55,0.564,-1,-1,-1
224,25,1160.60,429.47,90.73,303.62,0.724,-1,-1,-1
224,26,1222.49,448.21,35.79,99.88,0.762,-1,-1,-1
224,28,480.06,457.54,30.86,103.90,0.724,-1,-1,-1
224,29,602.44,455.18,59.19,171.57,0.824,-1,-1,-1
224,31,569.47,456.38,23.21,66.25,0.622,-1,-1,-1
225,1,895.51,431.06,135.83,412.81,0.858,-1,-1,-1
225,5,754.53,405.21,201.99,587.63,0.908,-1,-1,-1
225,9,1082.30,439.49,131.06,333.57,0.856,-1,-1,-1
225,19,510.99,454.86,34.52,105.73,0.750,-1,-1,-1
225,20,434.93,463.45,38.73,111.51,0.407,-1,-1,-1
225,25,1163.56,427.78,89.56,304.47,0.696,-1,-1,-1
225,26,1223.98,448.34,36.09,99.74,0.765,-1,-1,-1
225,28,479.79,457.99,30.75,103.63,0.704,-1,-1,-1
225,29,604.35,455.38,59.33,172.40,0.796,-1,-1,-1
225,31,569.82,456.60,22.86,65.38,0.607,-1,-1,-1
226,1,897.89,430.87,135.93,415.43,0.881,-1,-1,-1
226,5,762.79,406.02,208.30,587.08,0.918,-1,-1,-1
226,9,1088.31,437.71,130.32,339.22,0.858,-1,-1,-1
226,19,510.24,455.01,34.49,105.38,0.685,-1,-1,-1
226,20,430.69,463.13,39.64,112.42,0.672,-1,-1,-1
226,25,1166.23,427.84,87.37,303.76,0.764,-1,-1,-1
226,26,1225.57,448.63,36.12,99.47,0.620,-1,-1,-1
226,28,479.09,458.14,30.86,103.90,0.725,-1,-1,-1
226,29,605.76,455.62,59.30,172.84,0.791,-1,-1,-1
226,31,568.53,456.64,22.67,64.86,0.551,-1,-1,-1
227,1,901.38,430.59,135.12,415.89,0.860,-1,-1,-1
227,5,769.48,405.50,215.57,587.29,0.932,-1,-1,-1
227,9,1094.20,438.59,128.12,340.37,0.846,-1,-1,-1
227,19,509.08,454.89,34.55,105.34,0.705,-1,-1,-1
227,20,428.53,463.66,40.23,112.43,0.685,-1,-1,-1
227,25,1169.52,427.65,85.28,303.82,0.807,-1,-1,-1
227,26,1226.81,448.58,36.12,99.38,0.512,-1,-1,-1
227,28,478.46,457.99,30.91,104.30,0.726,-1,-1,-1
227,29,605.68,454.45,59.03,174.17,0.816,-1,-1,-1
227,31,567.65,457.06,22.46,64.30,0.552,-1,-1,-1
228,1,904.14,429.51,134.97,418.52,0.873,-1,-1,-1
228,5,773.25,405.16,222.61,587.95,0.929,-1,-1,-1
228,9,1098.58,438.99,126.72,344.01,0.857,-1,-1,-1
228,19,508.45,454.56,34.82,105.74,0.738,-1,-1,-1
228,20,427.79,464.11,41.08,112.34,0.772,-1,-1,-1
228,25,1173.64,426.93,83.86,304.35,0.813,-1,-1,-1
228,26,1228.26,448.34,36.24,99.90,0.440,-1,-1,-1
228,28,478.41,457.96,30.95,104.41,0.747,-1,-1,-1
228,29,606.15,451.68,59.43,177.14,0.791,-1,-1,-1
228,31,567.20,457.44,22.31,63.84,0.503,-1,-1,-1
229,1,905.88,428.43,134.20,418.83,0.854,-1,-1,-1
229,5,777.91,406.21,229.59,588.38,0.920,-1,-1,-1
229,9,1105.09,438.92,125.99,347.64,0.837,-1,-1,-1
229,19,508.78,454.73,34.76,105.36,0.740,-1,-1,-1
229,20,427.63,464.63,41.98,112.09,0.785,-1,-1,-1
229,25,1179.05,424.73,82.95,305.86,0.751,-1,-1,-1
229,26,1230.15,448.07,36.34,100.23,0.358,-1,-1,-1
229,28,478.41,457.98,30.95,104.62,0.736,-1,-1,-1
229,29,607.10,451.03,59.23,178.06,0.789,-1,-1,-1
229,31,567.43,457.63,22.31,63.76,0.534,-1,-1,-1
230,1,907.35,427.14,133.68,419.75,0.856,-1,-1,-1
230,5,777.94,405.62,234.41,588.61,0.883,-1,-1,-1
230,9,1114.99,440.96,124.88,348.51,0.893,-1,-1,-1
230,19,508.99,454.46,34.82,105.48,0.726,-1,-1,-1
230,20,427.61,464.17,42.63,112.64,0.804,-1,-1,-1
230,25,1186.48,423.79,82.48,306.51,0.699,-1,-1,-1
230,28,478.41,458.05,30.84,104.35,0.731,-1,-1,-1
230,29,608.91,449.77,59.46,179.56,0.773,-1,-1,-1
230,31,567.85,457.99,22.33,63.73,0.512,-1,-1,-1
230,32,747.38,435.87,76.01,152.15,0.736,-1,-1,-1
230,33,589.21,454.70,21.63,67.58,0.514,-1,-1,-1
231,1,908.75,426.37,133.30,420.85,0.840,-1,-1,-1
231,5,778.71,406.18,238.58,588.93,0.880,-1,-1,-1
231,9,1124.82,441.30,124.47,348.66,0.877,-1,-1,-1
231,19,509.41,454.39,34.86,105.46,0.733,-1,-1,-1
231,20,426.89,464.22,43.21,112.60,0.826,-1,-1,-1
231,25,1192.44,423.60,82.58,308.55,0.451,-1,-1,-1
231,28,478.05,458.08,30.83,104.12,0.738,-1,-1,-1
231,29,611.65,450.82,59.18,178.54,0.799,-1,-1,-1
231,31,568.60,458.53,22.26,63.49,0.574,-1,-1,-1
231,32,749.69,435.55,78.39,156.83,0.709,-1,-1,-1
231,33,589.19,454.02,21.75,67.96,0.603,-1,-1,-1
232,1,910.85,425.94,132.76,421.16,0.839,-1,-1,-1
232,5,781.10,406.80,241.04,587.43,0.895,-1,-1,-1
232,9,1133.38,440.62,125.68,350.04,0.880,-1,-1,-1
232,19,509.59,454.39,34.91,105.40,0.698,-1,-1,-1
232,20,426.02,464.12,43.67,113.09,0.791,-1,-1,-1
232,25,1196.78,423.23,83.37,313.74,0.426,-1,-1,-1
232,28,478.24,458.15,30.80,103.95,0.708,-1,-1,-1
232,29,613.77,450.41,59.17,179.26,0.806,-1,-1,-1
232,31,568.88,458.93,22.18,63.06,0.541,-1,-1,-1
232,32,751.37,435.47,81.88,163.71,0.656,-1,-1,-1
232,33,589.33,453.05,22.05,68.96,0.663,-1,-1,-1
233,1,914.68,426.84,131.88,419.56,0.846,-1,-1,-1
233,5,784.45,407.04,243.31,587.21,0.895,-1,-1,-1
233,9,1137.63,441.64,126.67,350.40,0.894,-1,-1,-1
233,19,509.56,454.35,34.97,105.43,0.632,-1,-1,-1
233,20,425.11,464.17,43.90,113.06,0.810,-1,-1,-1
233,25,1201.76,423.20,82.79,313.96,0.490,-1,-1,-1
233,28,478.39,458.23,30.86,103.71,0.710,-1,-1,-1
233,29,616.59,449.35,59.14,180.24,0.823,-1,-1,-1
233,31,569.50,459.03,22.17,63.02,0.500,-1,-1,-1
233,32,753.95,435.20,84.42,168.58,0.573,-1,-1,-1
233,33,589.57,452.57,22.18,69.51,0.619,-1,-1,-1
234,1,919.09,427.46,131.47,418.91,0.861,-1,-1,-1
234,5,789.85,407.83,244.65,587.51,0.885,-1,-1,-1
234,9,1140.04,442.61,128.06,352.02,0.887,-1,-1,-1
234,19,509.57,454.41,35.11,106.04,0.612,-1,-1,-1
234,20,424.27,464.09,43.99,113.21,0.748,-1,-1,-1
234,25,1209.91,423.47,82.99,316.97,0.748,-1,-1,-1
234,28,478.32,458.18,30.99,103.87,0.685,-1,-1,-1
234,29,618.41,449.14,58.86,180.40,0.854,-1,-1,-1
234,31,569.89,458.72,22.52,63.52,0.515,-1,-1,-1
234,32,755.54,434.98,87.32,174.16,0.494,-1,-1,-1
234,33,589.74,452.38,22.21,69.79,0.615,-1,-1,-1
235,1,922.96,427.44,130.82,418.96,0.864,-1,-1,-1
235,5,793.76,406.75,245.83,589.19,0.897,-1,-1,-1
235,9,1141.43,443.15,129.81,354.31,0.893,-1,-1,-1
235,19,509.42,454.16,35.19,106.23,0.673,-1,-1,-1
235,20,422.76,463.80,43.95,113.65,0.732,-1,-1,-1
235,25,1217.00,424.27,83.11,318.21,0.674,-1,-1,-1
235,28,478.75,458.08,31.06,103.97,0.744,-1,-1,-1
235,29,620.24,449.77,58.40,179.70,0.857,-1,-1,-1
235,31,568.99,459.19,22.45,63.05,0.577,-1,-1,-1
235,32,717.77,434.87,152.47,306.25,0.527,-1,-1,-1
235,33,590.18,453.00,21.86,68.90,0.644,-1,-1,-1
236,1,926.25,426.14,130.62,421.20,0.832,-1,-1,-1
236,5,794.73,403.97,247.03,591.40,0.872,-1,-1,-1
236,9,1142.49,442.91,131.98,357.55,0.892,-1,-1,-1
236,19,509.04,454.17,35.20,106.13,0.606,-1,-1,-1
236,20,421.68,463.95,43.69,113.38,0.445,-1,-1,-1
236,25,1224.04,425.47,83.59,319.06,0.545,-1,-1,-1
236,28,478.67,458.15,31.02,103.96,0.692,-1,-1,-1
236,29,622.09,449.99,58.27,179.41,0.862,-1,-1,-1
236,31,568.74,459.33,22.71,63.76,0.596,-1,-1,-1
236,32,708.25,434.30,179.75,365.15,0.578,-1,-1,-1
236,33,590.11,453.10,22.00,69.59,0.619,-1,-1,-1
236,34,675.18,487.09,51.64,117.67,0.610,-1,-1,-1
237,1,929.59,425.05,130.30,423.00,0.822,-1,-1,-1
237,5,796.97,401.94,247.81,594.01,0.877,-1,-1,-1
237,9,1142.48,442.92,133.05,358.72,0.891,-1,-1,-1
237,19,508.89,453.97,35.29,106.47,0.626,-1,-1,-1
237,20,420.31,464.15,43.23,112.77,0.590,-1,-1,-1
237,25,1230.45,426.39,84.35,320.90,0.667,-1,-1,-1
237,28,478.34,457.91,31.08,104.20,0.670,-1,-1,-1
237,29,624.48,449.88,58.55,179.35,0.855,-1,-1,-1
237,31,568.59,458.91,23.13,64.82,0.605,-1,-1,-1
237,32,703.64,434.40,198.49,408.27,0.584,-1,-1,-1
237,33,590.18,453.54,21.85,69.40,0.630,-1,-1,-1
237,34,675.83,488.26,50.83,115.86,0.516,-1,-1,-1
238,1,934.71,424.65,129.36,422.96,0.800,-1,-1,-1
238,5,799.72,400.88,247.67,595.12,0.888,-1,-1,-1
238,9,1144.30,441.74,133.83,360.91,0.917,-1,-1,-1
238,19,508.88,453.79,35.28,106.61,0.622,-1,-1,-1
238,20,419.75,464.11,42.84,112.50,0.622,-1,-1,-1
238,25,1233.88,428.03,84.29,322.02,0.597,-1,-1,-1
238,28,478.23,457.60,31.13,104.44,0.677,-1,-1,-1
238,29,626.93,449.55,59.31,179.94,0.855,-1,-1,-1
238,31,568.64,457.43,23.75,66.47,0.582,-1,-1,-1
238,32,703.69,434.95,208.60,434.87,0.592,-1,-1,-1
238,33,590.30,454.22,21.53,68.61,0.626,-1,-1,-1
238,34,677.96,487.85,48.17,109.73,0.603,-1,-1,-1
239,1,941.39,424.26,128.29,423.45,0.796,-1,-1,-1
239,5,800.52,400.83,247.16,595.39,0.874,-1,-1,-1
239,8,1118.36,446.76,34.04,99.76,0.545,-1,-1,-1
239,9,1147.21,441.21,133.53,361.52,0.902,-1,-1,-1
239,19,508.84,453.69,35.23,106.62,0.629,-1,-1,-1
239,20,419.18,464.21,42.42,112.25,0.573,-1,-1,-1
239,25,1239.30,428.87,84.13,322.85,0.690,-1,-1,-1
239,28,478.08,457.36,31.14,104.62,0.674,-1,-1,-1
239,29,631.56,450.78,60.56,179.22,0.890,-1,-1,-1
239,31,569.07,457.15,23.61,65.86,0.453,-1,-1,-1
239,32,705.51,435.64,211.83,449.03,0.665,-1,-1,-1
239,33,590.73,454.38,21.34,68.11,0.666,-1,-1,-1
239,34,678.82,484.40,48.30,110.02,0.504,-1,-1,-1
240,1,947.33,424.59,126.37,422.05,0.739,-1,-1,-1
240,5,805.86,401.51,245.34,595.13,0.885,-1,-1,-1
240,8,1118.54,446.56,33.14,100.16,0.608,-1,-1,-1
240,9,1150.48,439.99,133.09,362.42,0.856,-1,-1,-1
240,19,508.53,453.96,35.10,106.20,0.553,-1,-1,-1
240,20,418.16,463.75,42.25,112.66,0.612,-1,-1,-1
240,25,1243.24,428.75,83.60,323.80,0.734,-1,-1,-1
240,28,477.31,457.29,31.28,105.31,0.626,-1,-1,-1
240,29,633.93,451.12,61.88,179.26,0.882,-1,-1,-1
240,31,569.46,456.88,23.46,65.38,0.544,-1,-1,-1
240,32,709.21,437.40,212.41,457.16,0.610,-1,-1,-1
240,33,590.53,454.37,21.30,68.20,0.631,-1,-1,-1
240,34,680.91,484.43,46.80,106.48,0.472,-1,-1,-1
241,1,952.18,425.46,124.29,420.79,0.732,-1,-1,-1
241,5,811.37,402.15,242.86,594.66,0.893,-1,-1,-1
241,8,1118.88,446.85,32.45,100.89,0.561,-1,-1,-1
241,9,1161.02,437.61,131.69,364.95,0.828,-1,-1,-1
241,19,508.55,454.08,35.03,106.01,0.571,-1,-1,-1
241,20,418.10,463.67,41.98,112.98,0.646,-1,-1,-1
241,25,1244.58,428.04,82.53,325.77,0.759,-1,-1,-1
241,28,476.75,457.16,31.30,105.53,0.630,-1,-1,-1
241,29,635.56,451.56,62.86,179.05,0.886,-1,-1,-1
241,31,569.80,456.34,23.49,65.37,0.512,-1,-1,-1
241,32,714.62,438.48,209.43,457.33,0.671,-1,-1,-1
241,33,591.15,454.37,21.21,67.90,0.670,-1,-1,-1
241,34,682.41,484.32,47.18,107.36,0.434,-1,-1,-1
241,35,609.74,455.94,18.80,56.59,0.627,-1,-1,-1
242,1,957.71,426.19,121.92,418.86,0.703,-1,-1,-1
242,5,817.83,403.56,239.89,593.53,0.883,-1,-1,-1
242,8,1119.14,447.22,31.59,100.31,0.650,-1,-1,-1
242,9,1168.96,436.15,130.22,366.42,0.811,-1,-1,-1
242,19,508.62,454.09,35.11,106.25,0.557,-1,-1,-1
242,20,418.15,463.49,41.78,113.54,0.664,-1,-1,-1
242,25,1247.81,426.96,81.27,327.11,0.727,-1,-1,-1
242,28,476.50,457.08,31.26,105.81,0.626,-1,-1,-1
242,29,636.37,453.49,63.08,176.99,0.886,-1,-1,-1
242,31,570.08,456.47,23.42,65.00,0.472,-1,-1,-1
242,32,724.14,438.92,205.97,456.66,0.709,-1,-1,-1
242,33,591.61,454.69,21.12,67.49,0.687,-1,-1,-1
242,34,681.71,485.86,48.17,109.77,0.556,-1,-1,-1
242,35,610.41,456.65,18.78,56.52,0.632,-1,-1,-1
243,1,962.67,425.81,119.00,414.72,0.644,-1,-1,-1
243,5,821.84,403.36,239.05,596.89,0.863,-1,-1,-1
243,8,1119.52,447.55,30.84,99.83,0.717,-1,-1,-1
243,9,1176.52,435.50,128.29,366.51,0.808,-1,-1,-1
243,19,508.81,454.08,35.16,106.37,0.552,-1,-1,-1
243,20,418.01,464.07,41.07,112.50,0.492,-1,-1,-1
243,25,1250.98,425.72,80.06,327.91,0.649,-1,-1,-1
243,28,476.25,457.04,31.15,105.85,0.618,-1,-1,-1
243,29,636.79,454.34,63.69,176.70,0.879,-1,-1,-1
243,31,570.17,456.71,23.33,64.51,0.405,-1,-1,-1
243,32,728.37,438.78,202.63,455.72,0.682,-1,-1,-1
243,33,592.10,455.50,20.85,66.46,0.631,-1,-1,-1
243,34,681.84,487.41,48.11,109.87,0.607,-1,-1,-1
243,35,611.05,456.27,19.05,57.30,0.675,-1,-1,-1
244,1,968.88,427.79,117.88,416.36,0.729,-1,-1,-1
244,5,827.45,403.18,236.95,600.16,0.835,-1,-1,-1
244,8,1119.72,447.58,30.23,99.86,0.730,-1,-1,-1
244,9,1183.58,434.92,126.15,366.79,0.861,-1,-1,-1
244,19,508.64,454.38,35.12,106.13,0.545,-1,-1,-1
244,20,417.63,464.27,40.75,112.23,0.524,-1,-1,-1
244,25,1255.48,424.22,79.74,330.00,0.562,-1,-1,-1
244,28,475.81,456.97,31.14,105.97,0.589,-1,-1,-1
244,29,636.97,455.29,64.13,176.34,0.883,-1,-1,-1
244,31,567.83,457.18,23.00,63.64,0.523,-1,-1,-1
244,32,736.23,438.64,201.37,458.65,0.641,-1,-1,-1
244,33,592.18,456.07,20.68,65.75,0.674,-1,-1,-1
244,34,682.47,486.83,48.32,110.77,0.498,-1,-1,-1
244,35,611.56,456.21,19.29,58.00,0.712,-1,-1,-1
245,1,974.96,429.08,116.23,417.14,0.749,-1,-1,-1
245,5,833.12,402.89,235.88,608.21,0.838,-1,-1,-1
245,8,1119.71,447.74,29.85,99.75,0.691,-1,-1,-1
245,9,1188.79,432.45,124.54,368.22,0.849,-1,-1,-1
245,19,508.37,454.65,35.00,105.54,0.555,-1,-1,-1
245,20,417.26,464.42,40.40,112.07,0.509,-1,-1,-1
245,25,1261.61,424.19,79.17,329.81,0.511,-1,-1,-1
245,28,475.94,456.97,31.06,105.91,0.619,-1,-1,-1
245,29,636.94,456.52,64.50,175.83,0.865,-1,-1,-1
245,31,566.67,458.22,22.49,62.25,0.516,-1,-1,-1
245,32,739.20,437.31,199.74,460.08,0.684,-1,-1,-1
245,33,592.20,456.46,20.64,65.41,0.687,-1,-1,-1
245,34,683.66,486.01,47.50,109.03,0.439,-1,-1,-1
245,35,611.79,455.68,19.36,58.19,0.726,-1,-1,-1
246,1,980.19,429.01,115.06,418.01,0.721,-1,-1,-1
246,5,838.88,402.09,234.88,618.48,0.864,-1,-1,-1
246,8,1120.00,447.66,29.67,100.08,0.466,-1,-1,-1
246,9,1195.50,433.70,122.44,367.57,0.859,-1,-1,-1
246,19,507.85,454.71,35.15,105.57,0.551,-1,-1,-1
246,20,416.81,464.48,39.97,111.68,0.600,-1,-1,-1
246,25,1266.90,423.56,78.26,329.73,0.584,-1,-1,-1
246,28,475.61,456.94,31.03,105.77,0.725,-1,-1,-1
246,29,637.01,457.11,64.84,175.57,0.876,-1,-1,-1
246,31,565.96,458.95,22.13,61.29,0.520,-1,-1,-1
246,32,746.18,436.42,196.25,458.70,0.733,-1,-1,-1
246,33,592.21,456.71,20.62,65.15,0.661,-1,-1,-1
246,34,684.79,485.44,48.08,110.75,0.370,-1,-1,-1
246,35,612.37,455.55,19.38,58.25,0.667,-1,-1,-1
247,1,986.06,425.47,115.19,421.63,0.642,-1,-1,-1
247,5,845.55,402.80,232.26,623.97,0.836,-1,-1,-1
247,8,1120.25,447.99,28.91,99.42,0.713,-1,-1,-1
247,9,1204.24,435.02,121.69,367.52,0.890,-1,-1,-1
247,19,507.52,454.98,34.80,104.45,0.617,-1,-1,-1
247,20,415.61,463.96,39.90,111.99,0.608,-1,-1,-1
247,25,1271.22,422.45,77.42,330.17,0.576,-1,-1,-1
247,28,474.28,456.92,31.29,106.16,0.736,-1,-1,-1
247,29,636.69,456.76,65.34,176.03,0.869,-1,-1,-1
247,31,565.37,458.88,21.83,60.37,0.500,-1,-1,-1
247,32,750.17,434.60,192.93,459.18,0.802,-1,-1,-1
247,33,592.08,457.10,20.59,64.59,0.675,-1,-1,-1
247,34,685.25,485.17,47.59,109.96,0.458,-1,-1,-1
247,35,612.20,455.32,19.56,58.72,0.673,-1,-1,-1
248,5,857.53,403.30,231.29,629.70,0.745,-1,-1,-1
248,8,1120.57,448.13,28.55,99.27,0.430,-1,-1,-1
248,9,1215.70,434.30,122.80,368.28,0.863,-1,-1,-1
248,19,507.84,455.23,34.73,104.21,0.643,-1,-1,-1
248,20,415.03,463.64,39.89,112.37,0.649,-1,-1,-1
248,25,1274.58,421.44,79.80,343.14,0.226,-1,-1,-1
248,28,473.54,456.90,31.39,106.24,0.714,-1,-1,-1
248,29,636.66,454.57,66.41,178.44,0.866,-1,-1,-1
248,31,565.47,459.27,21.52,59.44,0.505,-1,-1,-1
248,32,754.41,434.96,189.06,458.92,0.820,-1,-1,-1
248,33,592.36,457.50,20.69,64.31,0.674,-1,-1,-1
248,34,687.43,485.32,45.52,105.61,0.696,-1,-1,-1
248,35,613.03,456.02,19.57,58.64,0.600,-1,-1,-1
249,5,875.93,403.77,232.85,638.16,0.783,-1,-1,-1
249,8,1121.35,448.93,28.08,98.45,0.245,-1,-1,-1
249,9,1225.48,434.96,124.68,368.02,0.850,-1,-1,-1
249,19,508.19,455.30,34.83,104.59,0.642,-1,-1,-1
249,20,414.63,462.36,40.17,113.75,0.633,-1,-1,-1
249,25,1280.56,420.50,82.12,355.44,0.241,-1,-1,-1
249,28,473.41,457.14,31.50,106.40,0.675,-1,-1,-1
249,29,638.36,451.56,67.35,181.36,0.853,-1,-1,-1
249,31,566.06,458.88,21.58,59.88,0.409,-1,-1,-1
249,32,758.20,433.99,185.75,459.40,0.800,-1,-1,-1
249,33,592.72,457.57,20.75,64.05,0.651,-1,-1,-1
249,34,689.00,484.38,44.50,103.73,0.616,-1,-1,-1
249,35,614.22,456.40,19.48,58.39,0.563,-1,-1,-1
250,5,877.55,403.87,229.48,639.80,0.709,-1,-1,-1
250,8,1106.89,447.21,36.15,125.96,0.574,-1,-1,-1
250,9,1238.56,435.39,129.16,368.23,0.894,-1,-1,-1
250,19,508.08,454.91,34.75,103.89,0.502,-1,-1,-1
250,20,414.89,463.14,39.76,113.07,0.636,-1,-1,-1
250,25,1288.13,420.76,80.27,347.29,0.333,-1,-1,-1
250,28,473.28,457.35,31.60,105.96,0.646,-1,-1,-1
250,29,642.74,450.16,68.08,182.69,0.837,-1,-1,-1
250,31,565.96,459.07,21.62,60.06,0.447,-1,-1,-1
250,32,762.70,433.41,182.19,459.08,0.805,-1,-1,-1
250,33,593.56,457.68,20.92,64.06,0.649,-1,-1,-1
250,34,689.96,480.68,46.02,108.12,0.278,-1,-1,-1
250,35,616.11,457.02,19.46,58.35,0.655,-1,-1,-1
251,5,882.87,402.42,226.07,642.34,0.797,-1,-1,-1
251,8,1104.64,446.38,36.20,124.18,0.202,-1,-1,-1
251,9,1252.75,431.56,125.29,358.61,0.146,-1,-1,-1
251,19,510.10,454.70,34.97,104.91,0.550,-1,-1,-1
251,20,414.46,463.29,39.34,112.61,0.668,-1,-1,-1
251,25,1293.19,420.13,78.85,343.26,0.236,-1,-1,-1
251,26,1244.38,437.38,144.27,364.58,0.905,-1,-1,-1
251,28,472.76,457.54,31.77,105.52,0.630,-1,-1,-1
251,29,646.32,449.58,68.04,182.99,0.833,-1,-1,-1
251,31,566.19,458.80,21.74,60.49,0.496,-1,-1,-1
251,32,766.87,432.44,178.98,459.65,0.790,-1,-1,-1
251,33,593.97,457.38,21.09,64.18,0.556,-1,-1,-1
251,34,692.11,481.43,44.79,106.12,0.400,-1,-1,-1
251,35,617.94,457.11,19.44,58.16,0.665,-1,-1,-1
252,5,898.05,401.79,223.81,642.50,0.782,-1,-1,-1
252,8,1102.82,445.87,35.43,120.60,0.293,-1,-1,-1
252,9,1269.52,426.70,121.39,347.39,0.362,-1,-1,-1
252,19,510.66,454.37,35.20,105.72,0.583,-1,-1,-1
252,20,413.68,463.17,39.23,112.55,0.663,-1,-1,-1
252,25,1309.80,420.97,78.20,334.62,0.377,-1,-1,-1
252,26,1241.37,437.54,157.14,372.75,0.902,-1,-1,-1
252,28,471.25,456.85,32.17,105.82,0.604,-1,-1,-1
252,29,647.84,448.37,67.98,184.07,0.817,-1,-1,-1
252,31,566.57,458.97,21.68,60.50,0.429,-1,-1,-1
252,32,771.49,432.31,174.62,457.53,0.807,-1,-1,-1
252,33,593.38,457.43,20.99,63.83,0.512,-1,-1,-1
252,34,692.61,483.86,44.64,106.77,0.403,-1,-1,-1
252,35,619.02,457.18,19.46,58.18,0.669,-1,-1,-1
253,5,903.96,400.30,221.51,644.20,0.842,-1,-1,-1
253,8,1102.19,445.65,34.44,116.39,0.309,-1,-1,-1
253,19,510.08,453.75,35.47,106.36,0.589,-1,-1,-1
253,20,412.53,463.93,39.05,111.92,0.698,-1,-1,-1
253,25,1317.97,420.37,80.14,340.37,0.247,-1,-1,-1
253,26,1240.19,438.31,166.35,378.17,0.886,-1,-1,-1
253,28,470.40,456.38,32.18,104.72,0.580,-1,-1,-1
253,29,648.90,447.37,67.74,184.98,0.843,-1,-1,-1
253,31,566.48,458.79,21.84,61.09,0.491,-1,-1,-1
253,32,774.90,430.00,171.63,458.74,0.791,-1,-1,-1
253,33,592.54,457.36,20.93,63.85,0.499,-1,-1,-1
253,34,694.67,484.35,43.03,104.13,0.508,-1,-1,-1
253,35,619.63,457.63,19.54,58.30,0.696,-1,-1,-1
254,5,910.69,398.23,220.68,646.25,0.838,-1,-1,-1
254,8,1104.08,445.62,33.49,112.46,0.157,-1,-1,-1
254,9,1262.56,437.24,134.80,365.76,0.889,-1,-1,-1
254,19,510.10,453.93,35.55,106.48,0.697,-1,-1,-1
254,20,412.36,464.26,38.89,111.60,0.709,-1,-1,-1
254,25,1324.24,420.91,81.02,342.58,0.186,-1,-1,-1
254,28,469.41,456.22,32.52,104.80,0.594,-1,-1,-1
254,29,650.14,447.13,67.32,185.30,0.846,-1,-1,-1
254,31,566.59,458.45,21.86,61.32,0.396,-1,-1,-1
254,32,779.91,430.32,168.06,457.53,0.772,-1,-1,-1
254,33,591.91,457.99,20.67,63.20,0.494,-1,-1,-1
254,34,695.99,485.04,41.71,101.91,0.382,-1,-1,-1
254,35,619.80,457.61,19.68,58.54,0.713,-1,-1,-1
254,36,1811.08,383.59,104.90,396.67,0.783,-1,-1,-1
255,5,916.22,399.19,218.23,645.57,0.879,-1,-1,-1
255,8,1109.61,446.04,33.96,108.77,0.520,-1,-1,-1
255,19,510.47,454.18,35.44,106.45,0.634,-1,-1,-1
255,20,411.29,465.04,38.66,110.66,0.745,-1,-1,-1
255,25,1331.27,421.87,81.37,341.99,0.229,-1,-1,-1
255,26,1242.90,441.30,173.35,379.83,0.903,-1,-1,-1
255,28,469.98,457.03,32.59,104.78,0.628,-1,-1,-1
255,29,653.23,446.37,68.09,187.24,0.823,-1,-1,-1
255,31,566.73,457.66,22.26,62.48,0.502,-1,-1,-1
255,32,786.38,430.10,165.41,457.31,0.763,-1,-1,-1
255,33,591.06,458.32,20.50,62.90,0.559,-1,-1,-1
255,34,697.17,487.07,40.12,98.59,0.190,-1,-1,-1
255,35,620.55,457.92,19.92,59.11,0.737,-1,-1,-1
255,36,1812.14,385.11,104.41,394.54,0.811,-1,-1,-1
256,5,921.19,398.82,216.01,646.01,0.903,-1,-1,-1
256,8,1108.35,446.04,34.14,107.97,0.122,-1,-1,-1
256,9,1260.65,437.65,144.77,375.73,0.895,-1,-1,-1
256,19,510.21,454.08,35.44,106.62,0.667,-1,-1,-1
256,20,410.05,465.24,38.78,110.52,0.678,-1,-1,-1
256,25,1339.09,424.51,81.17,338.28,0.287,-1,-1,-1
256,28,469.34,457.13,32.81,105.02,0.527,-1,-1,-1
256,29,654.40,446.03,68.54,188.60,0.782,-1,-1,-1
256,31,570.92,455.72,22.32,63.71,0.544,-1,-1,-1
256,32,791.37,430.13,163.40,458.23,0.775,-1,-1,-1
256,33,590.40,458.33,20.42,62.99,0.531,-1,-1,-1
256,34,697.95,487.15,39.29,97.26,0.191,-1,-1,-1
256,35,620.97,457.94,20.19,59.85,0.739,-1,-1,-1
256,36,1815.77,384.82,104.16,393.94,0.835,-1,-1,-1
256,37,772.11,446.53,26.42,76.71,0.619,-1,-1,-1
257,5,926.61,397.98,215.50,647.27,0.739,-1,-1,-1
257,8,1112.12,446.42,34.84,106.16,0.494,-1,-1,-1
257,9,1257.86,432.55,152.42,382.58,0.912,-1,-1,-1
257,19,510.39,454.09,35.35,106.68,0.639,-1,-1,-1
257,20,409.17,465.28,38.94,110.45,0.727,-1,-1,-1
257,28,467.83,457.23,33.08,105.19,0.547,-1,-1,-1
257,29,656.68,445.85,68.92,189.17,0.854,-1,-1,-1
257,31,573.46,454.73,22.00,63.93,0.569,-1,-1,-1
257,32,794.45,430.64,162.59,463.24,0.760,-1,-1,-1
257,33,590.05,458.77,20.19,62.49,0.495,-1,-1,-1
257,35,621.48,457.99,20.05,59.56,0.735,-1,-1,-1
257,36,1812.89,390.32,103.13,388.62,0.886,-1,-1,-1
257,37,772.15,446.99,26.41,76.62,0.518,-1,-1,-1
257,38,727.64,479.58,48.65,111.08,0.630,-1,-1,-1
258,5,927.14,398.77,213.87,646.70,0.648,-1,-1,-1
258,8,1113.10,445.43,37.43,109.00,0.678,-1,-1,-1
258,19,509.60,454.37,35.23,106.24,0.636,-1,-1,-1
258,20,408.84,465.36,39.16,110.71,0.782,-1,-1,-1
258,25,1295.86,427.08,103.55,378.32,0.905,-1,-1,-1
258,28,467.81,456.77,33.52,106.23,0.608,-1,-1,-1
258,29,657.87,447.66,68.82,188.98,0.843,-1,-1,-1
258,31,570.25,456.09,21.61,62.86,0.567,-1,-1,-1
258,32,795.33,430.59,162.37,469.95,0.734,-1,-1,-1
258,33,589.12,458.58,20.18,62.31,0.375,-1,-1,-1
258,35,622.26,457.13,20.26,60.21,0.692,-1,-1,-1
258,36,1808.55,396.24,102.82,384.41,0.893,-1,-1,-1
258,37,772.96,445.95,26.74,77.55,0.466,-1,-1,-1
258,38,728.40,480.30,49.00,111.84,0.627,-1,-1,-1
259,5,934.93,395.95,214.17,649.34,0.617,-1,-1,-1
259,8,1113.84,445.23,39.48,111.24,0.710,-1,-1,-1
259,9,1263.01,428.64,157.23,387.36,0.904,-1,-1,-1
259,19,509.98,454.39,35.22,106.46,0.628,-1,-1,-1
259,20,407.82,465.15,39.53,111.11,0.770,-1,-1,-1
259,28,467.74,456.26,33.82,106.75,0.459,-1,-1,-1
259,29,660.85,449.19,68.95,188.24,0.812,-1,-1,-1
259,31,568.08,455.97,21.78,63.36,0.598,-1,-1,-1
259,32,794.87,430.35,162.15,476.99,0.724,-1,-1,-1
259,33,588.59,457.94,20.32,62.59,0.394,-1,-1,-1
259,35,623.12,456.74,20.28,60.46,0.611,-1,-1,-1
259,36,1802.47,398.63,103.47,381.48,0.894,-1,-1,-1
259,37,773.45,444.43,27.33,79.23,0.197,-1,-1,-1
259,38,728.57,480.58,49.43,112.72,0.644,-1,-1,-1
259,39,1279.26,447.69,41.79,103.05,0.677,-1,-1,-1
260,5,929.30,397.84,210.89,646.79,0.819,-1,-1,-1
260,8,1114.71,445.36,40.22,110.96,0.651,-1,-1,-1
260,19,508.63,454.53,35.31,106.19,0.655,-1,-1,-1
260,20,407.26,465.13,39.80,111.32,0.776,-1,-1,-1
260,25,1291.79,426.98,114.23,387.95,0.900,-1,-1,-1
260,28,466.06,455.51,34.27,107.63,0.292,-1,-1,-1
260,29,663.66,452.19,68.56,185.37,0.873,-1,-1,-1
260,31,566.96,456.26,21.64,62.96,0.487,-1,-1,-1
260,32,795.60,430.43,161.64,483.17,0.732,-1,-1,-1
260,33,588.53,457.52,20.31,62.69,0.447,-1,-1,-1
260,35,623.99,456.30,20.45,60.81,0.643,-1,-1,-1
260,36,1789.97,402.40,105.16,376.45,0.908,-1,-1,-1
260,37,773.55,443.43,27.75,80.41,0.491,-1,-1,-1
260,38,728.07,479.90,50.93,116.10,0.724,-1,-1,-1
260,39,1281.36,446.17,42.41,104.50,0.744,-1,-1,-1
261,5,927.71,398.52,207.80,645.87,0.884,-1,-1,-1
261,8,1115.01,444.75,41.49,112.22,0.696,-1,-1,-1
261,9,1276.10,427.84,156.77,387.67,0.846,-1,-1,-1
261,19,508.43,454.52,35.24,106.09,0.742,-1,-1,-1
261,20,406.27,465.27,39.81,111.14,0.722,-1,-1,-1
261,28,464.86,456.03,34.50,107.70,0.652,-1,-1,-1
261,29,662.73,451.22,69.02,187.53,0.844,-1,-1,-1
261,31,566.36,456.03,21.79,63.09,0.538,-1,-1,-1
261,32,796.93,430.70,161.06,487.96,0.734,-1,-1,-1
261,33,588.04,456.76,20.48,63.42,0.488,-1,-1,-1
261,35,624.70,455.96,20.50,60.95,0.640,-1,-1,-1
261,36,1771.94,406.35,108.86,371.46,0.909,-1,-1,-1
261,37,774.27,442.96,27.95,81.01,0.436,-1,-1,-1
261,38,727.76,478.83,51.70,117.83,0.660,-1,-1,-1
261,39,1284.28,445.91,42.61,104.83,0.791,-1,-1,-1
262,5,928.69,398.40,205.15,645.93,0.883,-1,-1,-1
262,8,1115.55,444.48,41.69,111.33,0.709,-1,-1,-1
262,19,508.63,454.52,35.21,106.08,0.734,-1,-1,-1
262,20,405.80,465.15,39.89,111.02,0.638,-1,-1,-1
262,25,1303.66,427.09,116.89,391.04,0.875,-1,-1,-1
262,28,464.17,455.43,34.66,107.95,0.458,-1,-1,-1
262,29,663.41,450.12,69.61,189.66,0.843,-1,-1,-1
262,31,566.13,456.12,21.85,63.22,0.407,-1,-1,-1
262,32,798.35,431.19,159.98,491.59,0.756,-1,-1,-1
262,33,586.99,456.73,20.51,63.47,0.483,-1,-1,-1
262,35,625.88,455.62,20.83,61.20,0.713,-1,-1,-1
262,36,1750.58,410.45,114.44,365.87,0.906,-1,-1,-1
262,37,775.21,443.24,27.91,80.95,0.602,-1,-1,-1
262,38,727.73,477.48,52.09,118.76,0.565,-1,-1,-1
262,39,1287.36,446.09,42.58,104.58,0.781,-1,-1,-1
263,5,929.50,398.76,202.52,645.83,0.894,-1,-1,-1
263,8,1116.08,444.55,41.13,108.25,0.698,-1,-1,-1
263,9,1298.55,423.85,155.28,391.82,0.778,-1,-1,-1
263,19,508.76,454.81,35.19,105.98,0.771,-1,-1,-1
263,20,404.15,465.07,39.86,110.87,0.342,-1,-1,-1
263,28,464.13,457.29,34.31,106.09,0.623,-1,-1,-1
263,29,665.34,450.42,70.06,190.70,0.855,-1,-1,-1
263,31,565.74,456.47,21.74,62.74,0.415,-1,-1,-1
263,32,800.18,431.28,158.60,493.57,0.749,-1,-1,-1
263,33,586.45,457.04,20.40,63.03,0.489,-1,-1,-1
263,35,626.88,455.69,20.87,60.96,0.675,-1,-1,-1
263,36,1736.14,412.95,121.52,362.21,0.916,-1,-1,-1
263,37,776.60,443.52,27.54,80.19,0.671,-1,-1,-1
263,38,728.77,477.40,51.07,116.48,0.574,-1,-1,-1
263,39,1293.45,446.14,42.01,103.43,0.601,-1,-1,-1
263,40,606.79,459.47,20.65,55.85,0.550,-1,-1,-1
264,5,932.04,396.41,200.65,647.97,0.883,-1,-1,-1
264,8,1117.51,444.83,41.11,107.65,0.790,-1,-1,-1
264,19,509.11,455.03,35.12,105.78,0.752,-1,-1,-1
264,20,402.50,464.86,39.62,109.82,0.200,-1,-1,-1
264,25,1323.94,426.59,116.41,392.84,0.827,-1,-1,-1
264,28,464.04,457.03,34.52,106.31,0.601,-1,-1,-1
264,29,667.42,450.57,70.45,191.23,0.850,-1,-1,-1
264,31,566.63,456.72,21.63,62.41,0.380,-1,-1,-1
264,32,804.44,431.87,156.48,492.32,0.771,-1,-1,-1
264,33,586.23,457.55,20.27,62.46,0.494,-1,-1,-1
264,35,628.09,456.12,20.60,60.08,0.692,-1,-1,-1
264,36,1725.09,415.18,128.99,359.69,0.921,-1,-1,-1
264,37,777.81,444.51,27.18,79.44,0.636,-1,-1,-1
264,38,730.06,477.64,50.39,114.93,0.500,-1,-1,-1
264,39,1296.79,446.79,41.36,102.34,0.666,-1,-1,-1
264,40,607.54,459.24,20.29,54.93,0.573,-1,-1,-1
265,5,933.57,395.86,198.47,648.38,0.875,-1,-1,-1
265,8,1118.36,445.39,41.06,107.07,0.749,-1,-1,-1
265,9,1317.75,422.15,152.53,396.16,0.835,-1,-1,-1
265,19,509.09,454.99,35.19,105.79,0.767,-1,-1,-1
265,20,400.58,464.67,39.77,110.09,0.496,-1,-1,-1
265,28,463.25,456.69,34.67,106.50,0.628,-1,-1,-1
265,29,669.77,452.40,69.84,189.81,0.824,-1,-1,-1
265,31,567.14,456.90,21.62,62.22,0.307,-1,-1,-1
265,32,802.58,431.69,155.06,493.62,0.728,-1,-1,-1
265,33,585.57,457.64,20.20,62.08,0.434,-1,-1,-1
265,35,629.07,457.02,20.31,58.96,0.670,-1,-1,-1
265,36,1714.90,421.84,134.98,352.99,0.917,-1,-1,-1
265,37,779.26,444.88,26.57,77.80,0.579,-1,-1,-1
265,38,730.05,477.05,50.49,115.19,0.218,-1,-1,-1
265,39,1298.64,443.48,42.57,105.92,0.567,-1,-1,-1
265,40,607.41,459.72,19.87,53.80,0.415,-1,-1,-1
266,1,1070.14,422.43,52.35,181.40,0.509,-1,-1,-1
266,5,935.57,397.42,196.03,647.09,0.874,-1,-1,-1
266,8,1118.12,446.63,40.94,105.62,0.780,-1,-1,-1
266,19,508.97,455.24,35.19,105.58,0.766,-1,-1,-1
266,20,399.72,464.69,39.74,109.93,0.138,-1,-1,-1
266,25,1342.32,424.78,118.29,401.63,0.827,-1,-1,-1
266,28,462.47,456.21,34.75,106.83,0.517,-1,-1,-1
266,29,671.53,451.62,69.76,190.44,0.846,-1,-1,-1
266,31,567.45,457.30,21.33,61.44,0.332,-1,-1,-1
266,32,804.96,431.60,153.13,494.19,0.704,-1,-1,-1
266,33,585.07,457.84,20.13,61.65,0.470,-1,-1,-1
266,35,631.42,457.78,20.33,58.26,0.660,-1,-1,-1
266,36,1706.39,424.19,140.20,348.43,0.912,-1,-1,-1
266,37,780.68,445.43,26.01,76.38,0.525,-1,-1,-1
266,38,732.12,477.11,47.71,108.93,0.611,-1,-1,-1
266,39,1299.70,436.97,44.87,112.33,0.528,-1,-1,-1
266,40,608.14,458.34,20.22,54.80,0.328,-1,-1,-1
267,1,1071.18,424.17,51.38,170.66,0.394,-1,-1,-1
267,5,937.25,398.06,194.65,647.67,0.835,-1,-1,-1
267,8,1119.18,446.90,40.43,104.31,0.777,-1,-1,-1
267,9,1335.02,419.85,152.87,408.08,0.838,-1,-1,-1
267,19,508.40,455.24,35.19,105.33,0.754,-1,-1,-1
267,20,398.70,464.41,39.94,110.35,0.360,-1,-1,-1
267,28,461.82,457.37,34.30,105.29,0.542,-1,-1,-1
267,29,673.68,450.36,69.24,191.11,0.850,-1,-1,-1
267,31,567.48,457.60,21.16,60.94,0.298,-1,-1,-1
267,32,805.57,430.94,151.01,494.29,0.716,-1,-1,-1
267,33,584.87,458.46,20.01,60.96,0.355,-1,-1,-1
267,35,632.68,458.08,20.43,57.74,0.663,-1,-1,-1
267,36,1696.78,426.14,143.32,343.60,0.876,-1,-1,-1
267,37,782.01,446.01,25.70,75.54,0.566,-1,-1,-1
267,38,733.89,477.07,46.01,105.08,0.656,-1,-1,-1
267,39,1301.38,437.41,44.23,111.43,0.490,-1,-1,-1
267,40,608.47,457.63,20.35,55.23,0.138,-1,-1,-1
268,1,1072.03,423.11,53.42,168.51,0.524,-1,-1,-1
268,5,938.62,399.80,191.98,643.84,0.833,-1,-1,-1
268,8,1119.52,447.26,40.61,104.88,0.731,-1,-1,-1
268,19,507.61,455.00,35.58,105.81,0.772,-1,-1,-1
268,20,396.95,463.55,40.43,111.61,0.578,-1,-1,-1
268,25,1360.96,423.52,121.82,408.83,0.876,-1,-1,-1
268,28,460.58,456.53,34.70,106.44,0.582,-1,-1,-1
268,29,675.33,449.26,69.13,191.69,0.818,-1,-1,-1
268,31,566.62,458.11,21.14,60.97,0.409,-1,-1,-1
268,32,804.81,429.99,149.67,495.61,0.705,-1,-1,-1
268,33,585.17,459.82,19.82,59.74,0.447,-1,-1,-1
268,35,633.54,457.95,20.76,57.92,0.669,-1,-1,-1
268,36,1681.26,424.93,143.65,335.34,0.903,-1,-1,-1
268,37,781.83,445.50,25.92,76.06,0.509,-1,-1,-1
268,38,735.56,476.72,46.67,107.09,0.669,-1,-1,-1
268,39,1302.49,435.59,44.75,113.14,0.175,-1,-1,-1
268,40,607.50,458.14,20.16,54.71,0.195,-1,-1,-1
269,1,1072.89,419.84,56.43,170.25,0.548,-1,-1,-1
269,5,939.85,399.53,190.13,644.02,0.859,-1,-1,-1
269,8,1121.09,447.59,40.46,104.79,0.763,-1,-1,-1
269,9,1359.74,422.34,154.82,411.85,0.895,-1,-1,-1
269,19,507.26,454.80,35.86,106.09,0.771,-1,-1,-1
269,20,396.06,463.55,40.52,111.73,0.604,-1,-1,-1
269,28,459.43,455.96,34.63,105.63,0.515,-1,-1,-1
269,29,681.25,447.84,70.11,193.04,0.852,-1,-1,-1
269,31,566.69,458.40,21.10,60.84,0.316,-1,-1,-1
269,32,804.97,429.04,148.08,496.68,0.712,-1,-1,-1
269,33,584.58,461.19,19.46,58.32,0.437,-1,-1,-1
269,35,634.02,457.08,21.71,59.82,0.700,-1,-1,-1
269,36,1669.76,424.12,143.67,331.33,0.885,-1,-1,-1
269,37,782.29,446.26,26.02,76.40,0.420,-1,-1,-1
269,38,736.94,476.55,47.48,109.61,0.676,-1,-1,-1
269,39,1303.82,437.44,43.83,111.22,0.317,-1,-1,-1
269,40,608.09,457.83,20.20,54.95,0.321,-1,-1,-1
270,1,1074.74,425.44,58.59,166.82,0.659,-1,-1,-1
270,5,941.10,399.09,188.64,644.61,0.853,-1,-1,-1
270,8,1123.03,447.17,40.33,105.25,0.706,-1,-1,-1
270,19,506.89,454.73,36.12,105.83,0.789,-1,-1,-1
270,20,395.39,463.72,40.69,111.91,0.712,-1,-1,-1
270,25,1383.01,430.01,128.46,405.87,0.905,-1,-1,-1
270,28,458.49,456.26,34.80,105.21,0.639,-1,-1,-1
270,29,682.62,446.45,70.69,194.31,0.759,-1,-1,-1
270,31,567.36,458.77,20.87,60.28,0.194,-1,-1,-1
270,32,810.35,429.30,146.96,495.42,0.710,-1,-1,-1
270,33,583.66,460.78,19.53,58.53,0.450,-1,-1,-1
270,35,634.47,456.83,22.24,60.47,0.705,-1,-1,-1
270,36,1655.76,418.66,144.73,335.02,0.897,-1,-1,-1
270,37,783.09,448.38,25.47,74.76,0.275,-1,-1,-1
270,38,738.02,476.40,46.55,107.98,0.595,-1,-1,-1
270,39,1306.26,441.16,42.57,108.09,0.388,-1,-1,-1
270,40,608.74,457.45,20.40,55.59,0.146,-1,-1,-1
271,1,1076.39,428.76,60.19,163.63,0.636,-1,-1,-1
271,5,943.08,399.13,187.12,644.46,0.831,-1,-1,-1
271,8,1124.38,447.52,40.02,104.99,0.673,-1,-1,-1
271,9,1377.81,420.97,161.45,417.58,0.909,-1,-1,-1
271,19,506.21,454.71,36.49,106.15,0.784,-1,-1,-1
271,20,395.17,463.42,41.00,112.41,0.732,-1,-1,-1
271,28,458.03,456.41,35.27,105.54,0.647,-1,-1,-1
271,29,686.60,445.67,71.14,195.02,0.807,-1,-1,-1
271,31,567.70,459.27,20.60,59.86,0.171,-1,-1,-1
271,32,810.60,428.00,146.38,496.25,0.708,-1,-1,-1
271,33,583.23,459.79,19.80,59.42,0.414,-1,-1,-1
271,35,635.05,456.95,22.50,60.78,0.678,-1,-1,-1
271,36,1642.50,414.61,143.84,338.29,0.857,-1,-1,-1
271,37,784.68,447.49,25.99,75.82,0.179,-1,-1,-1
271,38,738.30,476.84,46.19,107.69,0.374,-1,-1,-1
271,39,1308.16,440.34,43.07,109.29,0.114,-1,-1,-1
271,40,610.04,457.05,20.63,56.37,0.136,-1,-1,-1
272,1,1077.54,425.37,63.31,167.71,0.497,-1,-1,-1
272,5,946.54,399.84,185.98,645.39,0.818,-1,-1,-1
272,8,1127.43,448.46,39.45,104.16,0.614,-1,-1,-1
272,19,505.96,454.78,36.78,106.15,0.771,-1,-1,-1
272,20,394.83,463.52,41.06,112.45,0.753,-1,-1,-1
272,25,1394.04,425.19,140.45,416.06,0.914,-1,-1,-1
272,28,457.96,456.65,35.45,105.23,0.660,-1,-1,-1
272,29,685.51,446.07,70.26,194.64,0.796,-1,-1,-1
272,31,568.09,458.99,20.54,59.89,0.178,-1,-1,-1
272,32,809.38,428.04,145.13,496.39,0.702,-1,-1,-1
272,33,583.18,459.87,19.55,58.77,0.451,-1,-1,-1
272,35,635.95,456.81,22.76,60.90,0.700,-1,-1,-1
272,36,1626.01,412.20,140.93,339.82,0.838,-1,-1,-1
272,37,786.11,450.58,25.08,73.12,0.161,-1,-1,-1
272,38,737.27,476.60,46.79,109.73,0.518,-1,-1,-1
272,39,1307.62,436.68,44.54,113.17,0.148,-1,-1,-1
272,40,611.31,457.68,20.41,55.91,0.219,-1,-1,-1
273,1,1078.46,424.00,66.68,172.81,0.608,-1,-1,-1
273,5,950.82,399.90,184.46,645.76,0.847,-1,-1,-1
273,8,1130.05,448.32,39.56,104.59,0.502,-1,-1,-1
273,9,1384.66,424.70,167.53,421.19,0.911,-1,-1,-1
273,19,505.93,454.79,36.90,105.98,0.778,-1,-1,-1
273,20,394.07,463.59,41.20,112.38,0.772,-1,-1,-1
273,28,457.22,456.14,35.64,105.25,0.612,-1,-1,-1
273,29,689.50,446.90,70.10,194.09,0.830,-1,-1,-1
273,31,568.46,458.56,20.46,59.89,0.134,-1,-1,-1
273,32,809.89,427.16,143.77,496.95,0.728,-1,-1,-1
273,33,582.69,459.35,19.55,58.85,0.436,-1,-1,-1
273,35,635.91,457.26,22.77,60.45,0.662,-1,-1,-1
273,36,1613.40,410.58,137.47,340.86,0.823,-1,-1,-1
273,37,787.99,450.59,25.55,74.24,0.264,-1,-1,-1
273,38,737.05,476.69,47.68,112.61,0.276,-1,-1,-1
273,39,1302.67,432.53,45.22,116.69,0.509,-1,-1,-1
273,40,612.75,457.79,20.67,56.68,0.238,-1,-1,-1
274,1,1079.88,424.68,68.26,173.88,0.514,-1,-1,-1
274,5,954.22,399.37,183.05,646.26,0.835,-1,-1,-1
274,8,1132.09,448.47,39.28,104.03,0.552,-1,-1,-1
274,19,506.01,454.80,37.02,105.95,0.782,-1,-1,-1
274,20,392.66,464.63,40.75,111.36,0.753,-1,-1,-1
274,25,1398.54,433.05,148.88,417.19,0.917,-1,-1,-1
274,28,456.50,455.83,36.03,105.57,0.586,-1,-1,-1
274,29,691.62,446.32,70.53,194.89,0.782,-1,-1,-1
274,31,568.86,458.17,20.44,60.02,0.149,-1,-1,-1
274,32,811.59,425.92,142.61,497.37,0.738,-1,-1,-1
274,33,582.40,458.90,19.62,59.20,0.477,-1,-1,-1
274,35,635.76,457.97,22.76,59.71,0.657,-1,-1,-1
274,36,1603.18,411.60,134.20,338.84,0.809,-1,-1,-1
274,37,789.55,450.84,26.18,75.86,0.317,-1,-1,-1
274,38,737.76,476.83,47.95,113.90,0.187,-1,-1,-1
274,39,1301.13,431.93,44.74,117.03,0.423,-1,-1,-1
274,40,614.09,458.22,20.48,56.09,0.332,-1,-1,-1
275,1,1081.10,424.53,69.60,174.94,0.439,-1,-1,-1
275,5,956.85,399.18,181.53,644.93,0.795,-1,-1,-1
275,8,1134.62,448.04,38.97,103.57,0.539,-1,-1,-1
275,9,1391.01,431.76,171.40,420.39,0.915,-1,-1,-1
275,19,506.20,454.99,36.96,105.76,0.715,-1,-1,-1
275,20,391.95,465.18,40.49,111.02,0.745,-1,-1,-1
275,28,455.80,455.75,36.17,105.83,0.574,-1,-1,-1
275,29,694.59,446.68,70.82,194.23,0.757,-1,-1,-1
275,31,569.76,457.56,20.42,60.33,0.189,-1,-1,-1
275,32,811.12,424.78,142.34,498.32,0.734,-1,-1,-1
275,33,582.16,457.99,19.83,59.96,0.465,-1,-1,-1
275,35,636.90,457.51,22.87,59.93,0.618,-1,-1,-1
275,36,1589.84,410.49,133.94,340.38,0.883,-1,-1,-1
275,37,790.89,450.53,26.93,77.83,0.389,-1,-1,-1
275,39,1300.11,431.28,44.31,117.75,0.554,-1,-1,-1
275,40,614.46,458.50,20.84,57.06,0.497,-1,-1,-1
276,1,1082.42,424.55,70.62,175.09,0.494,-1,-1,-1
276,5,959.76,398.76,180.05,644.56,0.811,-1,-1,-1
276,8,1135.65,447.73,38.70,103.41,0.573,-1,-1,-1
276,19,506.37,454.95,36.89,105.53,0.734,-1,-1,-1
276,20,391.54,464.92,40.47,111.41,0.755,-1,-1,-1
276,25,1401.24,430.39,156.33,423.06,0.916,-1,-1,-1
276,28,455.48,457.70,35.70,104.14,0.479,-1,-1,-1
276,29,699.37,447.78,70.34,192.90,0.824,-1,-1,-1
276,31,570.33,457.11,20.42,60.69,0.155,-1,-1,-1
276,32,815.09,424.15,141.46,498.67,0.729,-1,-1,-1
276,33,581.58,456.94,20.10,60.87,0.439,-1,-1,-1
276,35,638.66,458.08,22.45,59.05,0.652,-1,-1,-1
276,36,1575.50,412.91,134.75,339.08,0.907,-1,-1,-1
276,37,792.12,450.70,27.27,78.71,0.257,-1,-1,-1
276,39,1300.63,431.25,43.70,117.63,0.583,-1,-1,-1
276,40,615.00,459.36,20.32,55.92,0.400,-1,-1,-1
277,1,1086.50,432.26,68.17,166.58,0.376,-1,-1,-1
277,5,962.26,398.87,179.72,648.54,0.818,-1,-1,-1
277,8,1137.24,447.33,37.99,102.48,0.503,-1,-1,-1
277,9,1396.60,428.81,174.69,424.70,0.912,-1,-1,-1
277,19,506.46,455.06,36.89,105.52,0.733,-1,-1,-1
277,20,391.22,464.73,40.62,111.69,0.761,-1,-1,-1
277,28,454.70,459.36,35.31,102.67,0.567,-1,-1,-1
277,29,702.88,446.84,71.33,194.89,0.841,-1,-1,-1
277,31,571.09,456.91,20.28,60.69,0.131,-1,-1,-1
277,32,819.96,424.14,140.83,498.95,0.722,-1,-1,-1
277,33,581.49,456.94,20.02,60.74,0.352,-1,-1,-1
277,35,640.19,458.95,22.06,58.40,0.607,-1,-1,-1
277,36,1561.89,414.81,137.18,337.28,0.903,-1,-1,-1
277,37,792.83,451.02,27.28,78.50,0.247,-1,-1,-1
277,39,1300.67,430.16,43.49,118.75,0.567,-1,-1,-1
277,40,615.72,459.28,20.11,55.71,0.334,-1,-1,-1
278,1,1090.60,441.27,65.40,157.43,0.399,-1,-1,-1
278,5,965.10,399.23,179.19,651.81,0.858,-1,-1,-1
278,8,1138.08,446.67,37.69,102.68,0.555,-1,-1,-1
278,9,1400.87,426.93,175.37,427.31,0.882,-1,-1,-1
278,19,506.67,455.35,36.81,105.23,0.707,-1,-1,-1
278,20,391.24,464.41,40.85,111.87,0.742,-1,-1,-1
278,28,454.16,459.21,35.07,102.01,0.420,-1,-1,-1
278,29,707.94,446.19,71.97,195.39,0.839,-1,-1,-1
278,31,572.90,455.69,20.45,61.72,0.232,-1,-1,-1
278,32,824.06,424.98,140.24,498.12,0.737,-1,-1,-1
278,33,580.65,455.85,20.28,61.61,0.312,-1,-1,-1
278,35,641.62,457.80,22.37,59.72,0.607,-1,-1,-1
278,36,1554.77,417.64,138.77,333.20,0.903,-1,-1,-1
278,37,792.88,450.01,28.09,80.62,0.351,-1,-1,-1
278,39,1300.70,429.70,42.84,118.35,0.497,-1,-1,-1
278,40,616.30,459.00,20.14,56.18,0.336,-1,-1,-1
279,1,1088.90,431.20,70.18,167.52,0.461,-1,-1,-1
279,5,968.12,399.53,178.00,651.68,0.816,-1,-1,-1
279,8,1139.19,445.39,37.17,102.48,0.468,-1,-1,-1
279,19,506.15,455.28,36.84,105.06,0.656,-1,-1,-1
279,20,389.50,464.00,41.09,112.46,0.697,-1,-1,-1
279,25,1422.72,425.41,157.12,429.81,0.832,-1,-1,-1
279,28,453.40,459.26,33.91,98.55,0.439,-1,-1,-1
279,29,712.69,446.89,72.52,195.04,0.833,-1,-1,-1
279,31,573.83,456.19,20.19,61.18,0.154,-1,-1,-1
279,32,826.18,424.46,139.90,498.18,0.769,-1,-1,-1
279,33,580.79,456.92,19.91,60.53,0.439,-1,-1,-1
279,35,642.38,457.29,22.42,60.32,0.506,-1,-1,-1
279,36,1551.47,419.42,140.13,329.64,0.916,-1,-1,-1
279,37,792.70,448.86,28.80,82.54,0.360,-1,-1,-1
279,39,1300.66,429.00,42.42,118.00,0.274,-1,-1,-1
279,40,617.13,458.67,20.39,57.09,0.285,-1,-1,-1
280,1,1088.32,425.39,73.88,175.13,0.512,-1,-1,-1
280,5,968.42,400.13,177.59,651.37,0.828,-1,-1,-1
280,8,1140.81,445.01,36.49,101.61,0.380,-1,-1,-1
280,9,1409.04,424.16,175.40,430.73,0.792,-1,-1,-1
280,19,506.38,455.19,36.83,105.18,0.689,-1,-1,-1
280,20,389.04,463.10,41.64,113.38,0.651,-1,-1,-1
280,28,452.97,458.48,33.91,99.24,0.406,-1,-1,-1
280,32,829.43,424.65,140.20,497.76,0.745,-1,-1,-1
280,33,580.83,457.60,19.74,60.00,0.506,-1,-1,-1
280,34,674.32,488.13,43.89,107.16,0.550,-1,-1,-1
280,35,643.31,456.55,22.54,60.96,0.555,-1,-1,-1
280,36,1551.63,420.67,139.81,326.45,0.896,-1,-1,-1
280,37,793.37,448.06,29.56,83.91,0.662,-1,-1,-1
280,38,716.80,451.30,79.05,186.83,0.855,-1,-1,-1
280,39,1300.87,428.61,42.04,117.71,0.231,-1,-1,-1
280,40,617.56,458.96,19.99,56.24,0.210,-1,-1,-1
280,41,1339.27,444.89,31.25,104.89,0.684,-1,-1,-1
281,1,1088.82,421.74,76.34,180.20,0.588,-1,-1,-1
281,5,967.24,400.20,177.36,650.10,0.800,-1,-1,-1
281,8,1141.34,443.53,37.27,104.91,0.313,-1,-1,-1
281,19,506.89,455.44,36.51,104.36,0.641,-1,-1,-1
281,20,389.11,462.17,42.36,114.33,0.732,-1,-1,-1
281,25,1438.61,424.31,153.87,429.84,0.843,-1,-1,-1
281,28,452.07,458.03,34.29,101.17,0.458,-1,-1,-1
281,29,720.44,451.08,72.39,191.48,0.868,-1,-1,-1
281,32,828.75,424.51,140.28,497.57,0.766,-1,-1,-1
281,33,581.17,456.99,19.95,60.70,0.556,-1,-1,-1
281,34,674.06,489.89,43.70,103.40,0.711,-1,-1,-1
281,35,644.90,456.44,22.39,60.80,0.487,-1,-1,-1
281,36,1549.27,421.61,138.54,322.87,0.897,-1,-1,-1
281,37,793.28,447.90,29.73,84.36,0.526,-1,-1,-1
281,39,1301.09,428.64,41.40,117.08,0.511,-1,-1,-1
281,40,617.87,459.30,19.75,55.85,0.182,-1,-1,-1
281,41,1341.18,445.05,31.19,104.72,0.628,-1,-1,-1
282,1,1089.35,420.28,77.62,182.57,0.562,-1,-1,-1
282,5,972.94,400.00,175.95,649.57,0.824,-1,-1,-1
282,8,1142.72,443.72,37.32,105.77,0.548,-1,-1,-1
282,9,1437.07,421.93,171.77,432.58,0.809,-1,-1,-1
282,19,507.04,455.60,36.22,103.76,0.657,-1,-1,-1
282,20,387.88,462.93,42.13,113.45,0.703,-1,-1,-1
282,28,452.07,457.92,34.99,104.24,0.581,-1,-1,-1
282,32,831.36,424.21,141.66,497.55,0.792,-1,-1,-1
282,33,581.10,456.81,20.05,61.06,0.531,-1,-1,-1
282,34,673.73,490.59,44.50,102.51,0.668,-1,-1,-1
282,35,646.39,456.82,22.05,60.30,0.600,-1,-1,-1
282,36,1543.32,421.72,137.43,322.05,0.785,-1,-1,-1
282,37,792.58,447.82,29.69,84.49,0.431,-1,-1,-1
282,38,716.36,450.13,82.25,193.07,0.870,-1,-1,-1
282,39,1301.75,428.22,41.28,117.29,0.354,-1,-1,-1
282,40,618.02,459.37,19.54,55.49,0.318,-1,-1,-1
282,41,1342.76,444.92,31.37,105.25,0.704,-1,-1,-1
283,1,1089.58,419.36,78.93,185.38,0.568,-1,-1,-1
283,5,974.95,399.52,175.01,648.94,0.823,-1,-1,-1
283,8,1144.72,442.79,37.82,106.86,0.566,-1,-1,-1
283,19,506.90,455.70,36.37,104.41,0.706,-1,-1,-1
283,20,386.69,463.03,42.19,113.20,0.739,-1,-1,-1
283,25,1460.66,421.79,151.91,432.32,0.831,-1,-1,-1
283,28,451.98,457.93,34.40,103.13,0.255,-1,-1,-1
283,29,723.73,450.31,74.10,192.74,0.871,-1,-1,-1
283,32,836.25,424.13,143.44,497.59,0.811,-1,-1,-1
283,33,581.14,456.44,20.15,61.37,0.555,-1,-1,-1
283,34,673.96,491.56,45.12,101.06,0.705,-1,-1,-1
283,35,647.18,456.46,22.21,61.08,0.605,-1,-1,-1
283,36,1536.85,422.30,133.52,314.76,0.489,-1,-1,-1
283,37,792.13,448.18,29.25,83.65,0.513,-1,-1,-1
283,39,1301.95,427.86,41.13,117.33,0.120,-1,-1,-1
283,40,618.72,458.63,20.12,57.10,0.485,-1,-1,-1
283,41,1344.65,444.45,31.46,105.55,0.689,-1,-1,-1
284,1,1090.29,418.71,79.75,187.39,0.364,-1,-1,-1
284,5,978.85,399.37,174.16,648.36,0.772,-1,-1,-1
284,8,1146.96,444.05,37.46,105.81,0.517,-1,-1,-1
284,9,1458.80,418.18,126.02,316.40,0.584,-1,-1,-1
284,19,506.86,455.63,36.49,104.75,0.729,-1,-1,-1
284,20,385.25,463.10,42.18,113.01,0.758,-1,-1,-1
284,25,1470.75,425.08,148.11,428.91,0.848,-1,-1,-1
284,28,451.77,457.71,34.07,102.94,0.410,-1,-1,-1
284,32,840.99,424.84,145.59,496.40,0.814,-1,-1,-1
284,33,580.88,456.22,20.29,61.62,0.649,-1,-1,-1
284,34,673.54,491.36,46.04,101.01,0.667,-1,-1,-1
284,35,647.81,456.57,22.37,61.80,0.515,-1,-1,-1
284,37,791.83,447.28,29.37,84.26,0.441,-1,-1,-1
284,38,718.40,451.38,82.66,192.18,0.875,-1,-1,-1
284,39,1301.99,427.31,41.08,117.81,0.237,-1,-1,-1
284,40,618.75,458.39,20.03,56.84,0.203,-1,-1,-1
284,41,1345.97,444.10,31.68,106.40,0.636,-1,-1,-1
285,1,1091.84,420.63,79.45,186.88,0.265,-1,-1,-1
285,5,982.00,398.99,173.43,647.04,0.817,-1,-1,-1
285,8,1148.14,443.69,37.52,106.19,0.503,-1,-1,-1
285,9,1468.97,415.57,101.90,254.96,0.532,-1,-1,-1
285,19,506.73,455.87,36.36,104.88,0.766,-1,-1,-1
285,20,384.33,463.43,42.18,112.67,0.781,-1,-1,-1
285,25,1479.82,426.54,145.91,427.63,0.858,-1,-1,-1
285,28,450.97,456.20,34.13,103.66,0.438,-1,-1,-1
285,29,725.20,448.47,76.24,195.11,0.891,-1,-1,-1
285,32,844.51,425.36,148.39,495.75,0.836,-1,-1,-1
285,33,580.56,456.14,20.40,61.82,0.650,-1,-1,-1
285,34,672.89,491.03,47.94,103.94,0.674,-1,-1,-1
285,35,648.58,457.11,22.19,61.51,0.467,-1,-1,-1
285,39,1301.69,426.64,41.11,118.54,0.311,-1,-1,-1
285,40,618.71,458.55,19.74,56.07,0.177,-1,-1,-1
285,41,1348.95,444.40,31.62,105.98,0.696,-1,-1,-1
286,1,1093.16,421.41,79.25,186.77,0.254,-1,-1,-1
286,5,985.42,399.34,172.68,648.75,0.799,-1,-1,-1
286,8,1149.65,444.65,37.26,105.19,0.552,-1,-1,-1
286,9,1476.63,414.18,92.50,231.19,0.282,-1,-1,-1
286,19,506.79,456.27,36.14,104.53,0.747,-1,-1,-1
286,20,383.81,463.68,42.22,112.44,0.788,-1,-1,-1
286,25,1495.86,427.40,147.03,426.07,0.889,-1,-1,-1
286,28,450.32,454.84,34.09,103.88,0.488,-1,-1,-1
286,29,725.57,447.37,77.84,196.91,0.892,-1,-1,-1
286,32,847.05,425.91,150.82,494.55,0.842,-1,-1,-1
286,33,580.49,456.10,20.55,61.98,0.659,-1,-1,-1
286,34,672.77,490.51,48.84,104.81,0.632,-1,-1,-1
286,35,649.04,457.06,22.25,61.92,0.498,-1,-1,-1
286,39,1301.73,426.07,41.06,119.02,0.179,-1,-1,-1
286,40,618.81,458.80,19.60,55.75,0.306,-1,-1,-1
286,41,1350.71,444.31,31.80,106.53,0.643,-1,-1,-1
287,1,1097.16,428.35,76.03,179.60,0.122,-1,-1,-1
287,5,988.15,399.23,172.11,650.23,0.801,-1,-1,-1
287,8,1149.84,444.85,37.52,105.53,0.657,-1,-1,-1
287,9,1483.58,412.37,89.61,223.45,0.375,-1,-1,-1
287,19,506.46,456.27,36.11,104.72,0.740,-1,-1,-1
287,20,382.86,463.24,42.47,113.00,0.790,-1,-1,-1
287,25,1510.61,425.63,151.94,428.39,0.902,-1,-1,-1
287,28,450.49,456.22,32.73,100.03,0.494,-1,-1,-1
287,29,725.72,445.98,79.38,198.97,0.890,-1,-1,-1
287,32,849.93,426.83,152.63,493.41,0.840,-1,-1,-1
287,33,579.56,455.87,20.75,62.41,0.635,-1,-1,-1
287,34,672.75,491.85,49.23,104.14,0.750,-1,-1,-1
287,35,649.33,456.74,22.16,61.80,0.222,-1,-1,-1
287,39,1301.65,426.18,40.65,118.63,0.280,-1,-1,-1
287,40,618.38,458.89,20.24,57.74,0.519,-1,-1,-1
287,41,1351.85,444.58,31.73,106.35,0.648,-1,-1,-1
288,1,1102.73,435.30,71.53,169.66,0.131,-1,-1,-1
288,5,992.78,400.04,170.39,646.22,0.810,-1,-1,-1
288,8,1150.79,444.12,38.01,106.27,0.679,-1,-1,-1
288,9,1488.53,412.42,89.54,223.37,0.208,-1,-1,-1
288,19,506.46,456.39,35.89,104.45,0.703,-1,-1,-1
288,20,382.60,463.89,42.33,112.49,0.804,-1,-1,-1
288,28,450.48,456.80,32.12,98.37,0.482,-1,-1,-1
288,29,726.76,445.11,80.22,200.04,0.890,-1,-1,-1
288,31,577.47,454.75,21.06,63.32,0.622,-1,-1,-1
288,32,851.01,426.56,154.97,494.29,0.835,-1,-1,-1
288,34,672.55,492.19,50.12,104.87,0.769,-1,-1,-1
288,35,649.45,456.42,22.13,61.82,0.365,-1,-1,-1
288,36,1508.03,428.78,179.78,418.07,0.890,-1,-1,-1
288,39,1301.80,427.08,40.11,117.87,0.358,-1,-1,-1
288,40,618.87,458.92,20.63,58.67,0.463,-1,-1,-1
288,41,1354.97,444.29,32.09,106.25,0.655,-1,-1,-1
289,1,1105.82,438.80,68.90,163.81,0.167,-1,-1,-1
289,5,995.38,400.53,169.23,644.04,0.843,-1,-1,-1
289,8,1152.95,442.90,38.34,107.41,0.614,-1,-1,-1
289,9,1463.45,416.40,106.05,268.36,0.641,-1,-1,-1
289,19,507.12,456.52,35.81,104.56,0.754,-1,-1,-1
289,20,382.75,464.17,42.23,112.16,0.792,-1,-1,-1
289,25,1533.02,428.45,161.34,430.26,0.913,-1,-1,-1
289,28,450.93,457.57,31.71,97.12,0.375,-1,-1,-1
289,29,729.49,444.62,80.47,200.43,0.878,-1,-1,-1
289,31,578.56,454.46,21.26,63.67,0.660,-1,-1,-1
289,32,853.44,426.59,156.31,494.74,0.814,-1,-1,-1
289,34,672.49,492.14,51.19,106.41,0.698,-1,-1,-1
289,35,650.66,456.10,22.77,63.75,0.230,-1,-1,-1
289,39,1302.11,427.57,39.69,117.47,0.369,-1,-1,-1
289,40,619.65,459.36,20.78,58.98,0.365,-1,-1,-1
289,41,1358.24,445.06,32.63,105.63,0.740,-1,-1,-1
290,1,1109.16,441.74,66.38,158.28,0.150,-1,-1,-1
290,5,997.07,400.30,168.40,644.08,0.856,-1,-1,-1
290,8,1154.81,441.41,39.67,110.15,0.717,-1,-1,-1
290,9,1448.70,421.16,108.37,276.23,0.677,-1,-1,-1
290,19,507.41,455.93,35.84,104.80,0.694,-1,-1,-1
290,20,382.86,464.04,42.26,112.20,0.793,-1,-1,-1
290,28,451.27,459.53,31.64,96.96,0.588,-1,-1,-1
290,29,733.42,445.85,79.98,199.15,0.866,-1,-1,-1
290,31,578.95,454.24,21.39,63.81,0.640,-1,-1,-1
290,32,856.14,426.72,157.04,493.89,0.836,-1,-1,-1
290,34,672.00,492.39,51.99,107.93,0.689,-1,-1,-1
290,35,650.96,455.86,24.34,68.55,0.229,-1,-1,-1
290,36,1516.65,432.47,191.33,429.55,0.908,-1,-1,-1
290,39,1302.26,425.93,39.99,119.16,0.203,-1,-1,-1
290,40,620.03,459.73,21.03,59.43,0.578,-1,-1,-1
290,41,1360.80,445.08,32.97,105.73,0.179,-1,-1,-1
291,5,998.17,401.82,167.15,643.36,0.856,-1,-1,-1
291,8,1155.40,439.99,40.41,111.85,0.638,-1,-1,-1
291,9,1433.92,425.80,110.72,278.23,0.794,-1,-1,-1
291,19,507.39,455.72,35.92,105.11,0.753,-1,-1,-1
291,20,383.13,463.89,42.43,112.23,0.767,-1,-1,-1
291,25,1543.07,431.89,172.31,433.68,0.910,-1,-1,-1
291,28,450.69,458.89,32.58,100.14,0.459,-1,-1,-1
291,29,734.26,445.38,80.34,200.77,0.841,-1,-1,-1
291,31,579.45,454.04,21.47,63.80,0.634,-1,-1,-1
291,32,855.26,427.07,158.29,493.99,0.824,-1,-1,-1
291,34,672.12,492.21,51.95,107.51,0.710,-1,-1,-1
291,35,650.51,455.52,26.47,74.96,0.470,-1,-1,-1
291,39,1302.09,426.35,39.65,118.75,0.237,-1,-1,-1
291,40,620.41,459.58,20.70,58.24,0.213,-1,-1,-1
291,41,1362.38,444.70,34.09,106.33,0.661,-1,-1,-1
292,5,998.89,400.75,166.32,642.63,0.846,-1,-1,-1
292,8,1154.73,439.06,40.65,112.66,0.665,-1,-1,-1
292,9,1420.04,426.36,112.37,278.38,0.830,-1,-1,-1
292,19,506.95,455.28,36.03,105.58,0.755,-1,-1,-1
292,20,382.63,463.67,42.58,112.52,0.804,-1,-1,-1
292,28,449.96,459.37,33.07,101.66,0.554,-1,-1,-1
292,29,740.40,444.81,79.78,200.67,0.827,-1,-1,-1
292,32,855.42,426.57,158.99,493.96,0.835,-1,-1,-1
292,33,578.86,454.42,21.15,63.39,0.570,-1,-1,-1
292,34,672.36,491.93,51.74,106.64,0.753,-1,-1,-1
292,35,650.18,454.82,27.41,78.07,0.387,-1,-1,-1
292,36,1523.87,435.18,200.29,434.34,0.906,-1,-1,-1
292,39,1302.07,426.09,39.47,118.99,0.160,-1,-1,-1
292,40,620.42,459.56,20.39,57.07,0.245,-1,-1,-1
292,41,1363.15,445.45,34.95,105.46,0.721,-1,-1,-1
292,42,557.86,455.82,21.10,61.31,0.578,-1,-1,-1
293,5,999.42,401.03,165.48,641.73,0.842,-1,-1,-1
293,8,1155.06,438.68,40.67,112.24,0.722,-1,-1,-1
293,9,1411.57,426.52,114.32,279.40,0.870,-1,-1,-1
293,19,506.82,455.30,36.07,105.68,0.770,-1,-1,-1
293,20,381.87,463.74,42.63,112.40,0.760,-1,-1,-1
293,25,1544.61,433.95,183.39,439.43,0.913,-1,-1,-1
293,28,448.97,459.46,33.36,102.46,0.594,-1,-1,-1
293,32,854.40,425.70,160.20,495.66,0.823,-1,-1,-1
293,33,577.53,454.06,21.19,63.44,0.502,-1,-1,-1
293,34,672.32,491.39,51.86,106.60,0.761,-1,-1,-1
293,35,650.79,454.15,26.55,75.65,0.335,-1,-1,-1
293,38,739.65,445.76,82.82,199.14,0.812,-1,-1,-1
293,39,1301.78,426.21,39.26,119.00,0.122,-1,-1,-1
293,40,620.09,459.61,20.16,56.08,0.218,-1,-1,-1
293,41,1365.23,446.01,33.93,102.37,0.198,-1,-1,-1
293,42,557.16,455.27,21.26,61.74,0.593,-1,-1,-1
294,5,1000.44,400.35,164.54,641.19,0.822,-1,-1,-1
294,8,1157.04,439.41,40.63,111.75,0.746,-1,-1,-1
294,9,1407.94,426.97,116.32,279.97,0.886,-1,-1,-1
294,19,506.83,455.28,36.12,105.68,0.765,-1,-1,-1
294,20,381.98,463.70,42.71,112.42,0.746,-1,-1,-1
294,28,449.27,459.21,32.70,99.86,0.363,-1,-1,-1
294,29,749.42,445.27,78.63,199.23,0.760,-1,-1,-1
294,32,855.17,423.42,161.45,498.47,0.835,-1,-1,-1
294,33,577.30,455.08,20.77,61.95,0.570,-1,-1,-1
294,34,672.79,490.68,51.65,106.00,0.761,-1,-1,-1
294,35,652.19,454.09,27.29,78.27,0.520,-1,-1,-1
294,36,1525.44,434.72,210.97,445.33,0.920,-1,-1,-1
294,39,1302.41,426.54,38.93,118.75,0.261,-1,-1,-1
294,40,620.80,458.61,19.67,54.46,0.139,-1,-1,-1
294,41,1366.05,447.17,35.22,102.34,0.743,-1,-1,-1
294,42,557.37,455.39,21.21,61.57,0.592,-1,-1,-1
295,5,1001.36,400.34,163.80,640.65,0.819,-1,-1,-1
295,8,1159.75,442.24,39.55,108.52,0.660,-1,-1,-1
295,9,1407.46,427.05,119.43,280.43,0.904,-1,-1,-1
295,19,507.25,455.37,35.77,104.65,0.695,-1,-1,-1
295,20,381.92,463.75,42.72,112.31,0.779,-1,-1,-1
295,25,1545.41,433.85,193.24,445.43,0.915,-1,-1,-1
295,28,449.03,459.40,32.74,99.78,0.369,-1,-1,-1
295,29,754.01,444.69,78.58,200.67,0.709,-1,-1,-1
295,32,856.52,422.24,161.83,498.73,0.849,-1,-1,-1
295,33,577.22,455.03,20.82,61.77,0.564,-1,-1,-1
295,34,672.41,490.11,51.94,106.79,0.764,-1,-1,-1
295,35,653.35,453.58,27.60,79.22,0.446,-1,-1,-1
295,39,1303.00,427.12,38.52,118.30,0.208,-1,-1,-1
295,40,620.93,457.93,20.04,55.38,0.205,-1,-1,-1
295,41,1367.80,447.51,36.22,102.48,0.736,-1,-1,-1
295,42,557.57,455.37,21.19,61.50,0.624,-1,-1,-1
296,5,1002.01,399.86,163.23,640.91,0.829,-1,-1,-1
296,8,1163.02,444.19,38.65,106.15,0.673,-1,-1,-1
296,9,1407.58,426.93,123.54,282.11,0.900,-1,-1,-1
296,19,507.23,455.57,35.78,104.72,0.697,-1,-1,-1
296,20,382.05,463.65,42.91,112.45,0.722,-1,-1,-1
296,25,1550.13,431.47,198.30,448.53,0.904,-1,-1,-1
296,28,448.06,459.64,33.48,101.57,0.656,-1,-1,-1
296,32,857.62,421.26,162.14,499.31,0.856,-1,-1,-1
296,33,577.10,454.91,20.76,61.60,0.569,-1,-1,-1
296,34,672.83,489.80,51.55,105.87,0.775,-1,-1,-1
296,35,654.16,453.65,27.83,80.55,0.482,-1,-1,-1
296,38,747.79,444.24,81.68,203.15,0.772,-1,-1,-1
296,39,1303.09,427.43,38.11,117.81,0.296,-1,-1,-1
296,40,621.02,457.29,20.74,57.27,0.277,-1,-1,-1
296,41,1371.22,447.61,36.46,102.86,0.344,-1,-1,-1
296,42,557.58,455.37,21.23,61.59,0.650,-1,-1,-1
297,5,1002.18,399.73,162.51,639.66,0.800,-1,-1,-1
297,8,1166.80,445.81,38.16,103.97,0.709,-1,-1,-1
297,9,1401.15,427.33,132.05,300.52,0.865,-1,-1,-1
297,19,506.83,455.17,35.73,104.98,0.704,-1,-1,-1
297,20,381.76,463.77,42.98,112.41,0.762,-1,-1,-1
297,25,1551.39,429.57,202.40,450.90,0.894,-1,-1,-1
297,28,446.97,458.89,33.99,102.75,0.579,-1,-1,-1
297,29,756.03,443.13,78.81,204.92,0.783,-1,-1,-1
297,32,858.28,420.66,162.32,499.90,0.849,-1,-1,-1
297,33,577.02,455.12,20.56,61.16,0.553,-1,-1,-1
297,34,673.02,490.35,51.56,105.98,0.767,-1,-1,-1
297,35,654.60,454.28,27.64,80.85,0.437,-1,-1,-1
297,39,1303.18,428.00,37.83,117.56,0.432,-1,-1,-1
297,40,621.05,456.54,21.63,59.68,0.431,-1,-1,-1
297,41,1373.62,446.86,36.54,102.96,0.357,-1,-1,-1
297,42,557.74,455.47,21.22,61.57,0.630,-1,-1,-1
298,5,1004.15,399.89,161.84,638.17,0.790,-1,-1,-1
298,8,1169.92,447.62,37.82,101.87,0.768,-1,-1,-1
298,9,1398.08,429.48,126.32,286.55,0.913,-1,-1,-1
298,19,506.41,455.26,35.73,105.33,0.743,-1,-1,-1
298,20,381.61,463.62,43.12,112.61,0.762,-1,-1,-1
298,25,1557.15,426.62,204.85,454.55,0.870,-1,-1,-1
298,28,446.50,459.67,33.82,101.90,0.294,-1,-1,-1
298,32,859.82,419.00,162.85,503.38,0.839,-1,-1,-1
298,33,577.10,455.18,20.47,60.89,0.575,-1,-1,-1
298,34,673.43,491.34,50.69,104.05,0.750,-1,-1,-1
298,35,654.93,454.76,27.33,80.63,0.397,-1,-1,-1
298,38,752.34,444.40,79.58,205.68,0.817,-1,-1,-1
298,39,1303.35,428.24,37.66,117.40,0.364,-1,-1,-1
298,40,621.10,456.05,22.14,60.90,0.479,-1,-1,-1
298,41,1376.59,446.13,36.33,102.86,0.276,-1,-1,-1
298,42,557.73,455.59,21.06,61.03,0.592,-1,-1,-1
299,5,1006.33,399.46,161.40,637.36,0.769,-1,-1,-1
299,8,1171.57,448.73,37.53,100.25,0.717,-1,-1,-1
299,9,1391.65,426.36,124.00,284.50,0.886,-1,-1,-1
299,19,506.19,455.30,35.63,105.33,0.782,-1,-1,-1
299,20,381.45,463.34,43.19,112.71,0.789,-1,-1,-1
299,25,1564.76,425.80,205.08,455.59,0.785,-1,-1,-1
299,28,445.81,458.64,34.44,103.50,0.367,-1,-1,-1
299,29,759.81,443.80,78.10,206.65,0.820,-1,-1,-1
299,32,863.43,418.22,162.32,506.06,0.860,-1,-1,-1
299,33,577.15,455.13,20.40,60.88,0.573,-1,-1,-1
299,34,675.11,492.20,49.41,101.61,0.728,-1,-1,-1
299,35,655.16,455.08,27.17,80.77,0.383,-1,-1,-1
299,39,1303.72,428.59,37.36,116.92,0.161,-1,-1,-1
299,40,621.49,456.04,22.66,62.18,0.527,-1,-1,-1
299,41,1379.55,445.67,35.75,102.14,0.375,-1,-1,-1
299,42,558.07,456.67,20.70,59.90,0.606,-1,-1,-1
300,5,1008.50,399.51,160.54,634.06,0.742,-1,-1,-1
300,8,1173.55,449.18,37.77,99.68,0.767,-1,-1,-1
300,9,1383.55,423.39,121.66,284.57,0.875,-1,-1,-1
300,19,506.58,455.19,35.53,105.40,0.786,-1,-1,-1
300,20,381.64,463.79,42.99,112.30,0.771,-1,-1,-1
300,25,1575.82,424.08,204.58,457.21,0.731,-1,-1,-1
300,28,445.44,459.29,34.46,103.07,0.298,-1,-1,-1
300,29,763.27,444.43,77.52,207.15,0.855,-1,-1,-1
300,32,867.12,418.39,161.70,509.77,0.863,-1,-1,-1
300,33,577.87,454.71,20.51,61.04,0.562,-1,-1,-1
300,34,676.19,492.95,48.25,99.17,0.744,-1,-1,-1
300,35,655.82,455.77,26.84,80.29,0.228,-1,-1,-1
300,38,741.33,462.38,60.66,157.85,0.619,-1,-1,-1
300,39,1303.83,429.09,37.13,116.55,0.216,-1,-1,-1
300,40,621.81,456.03,22.67,62.06,0.436,-1,-1,-1
300,42,558.62,457.80,20.26,58.54,0.563,-1,-1,-1
300,43,-16.73,737.77,133.99,119.70,0.731,-1,-1,-1
301,5,1011.51,399.87,159.69,630.31,0.739,-1,-1,-1
301,8,1174.15,449.47,38.16,99.61,0.770,-1,-1,-1
301,19,506.16,455.46,35.42,105.09,0.805,-1,-1,-1
301,20,381.67,463.77,43.04,112.39,0.793,-1,-1,-1
301,25,1587.71,425.73,200.11,455.69,0.831,-1,-1,-1
301,28,444.97,458.00,35.05,103.76,0.437,-1,-1,-1
301,29,766.10,445.48,77.05,207.53,0.877,-1,-1,-1
301,32,870.03,418.29,161.30,514.24,0.796,-1,-1,-1
301,33,578.11,454.50,20.70,61.40,0.572,-1,-1,-1
301,34,676.95,493.36,47.43,97.58,0.746,-1,-1,-1
301,35,656.79,456.16,26.62,79.85,0.196,-1,-1,-1
301,36,1375.00,420.95,136.48,304.00,0.872,-1,-1,-1
301,37,735.14,473.60,42.74,121.71,0.718,-1,-1,-1
301,39,1303.90,429.43,36.98,116.30,0.170,-1,-1,-1
301,40,621.93,455.83,22.71,61.92,0.459,-1,-1,-1
301,42,558.88,457.93,20.22,58.40,0.509,-1,-1,-1
301,43,-41.18,687.85,188.99,169.68,0.583,-1,-1,-1
302,5,1014.67,398.75,159.90,627.66,0.773,-1,-1,-1
302,8,1174.76,450.53,38.20,98.80,0.807,-1,-1,-1
302,9,1359.86,420.66,119.65,286.78,0.885,-1,-1,-1
302,19,506.17,455.61,35.33,105.26,0.808,-1,-1,-1
302,20,381.52,463.86,43.07,112.46,0.797,-1,-1,-1
302,25,1602.21,425.53,196.18,455.65,0.788,-1,-1,-1
302,28,444.59,457.13,34.91,102.60,0.211,-1,-1,-1
302,29,768.87,445.12,77.02,207.94,0.859,-1,-1,-1
302,32,871.65,417.91,161.30,519.98,0.778,-1,-1,-1
302,33,578.45,454.32,20.82,61.68,0.438,-1,-1,-1
302,34,677.28,493.47,47.20,97.23,0.752,-1,-1,-1
302,35,657.47,456.53,26.43,79.43,0.216,-1,-1,-1
302,37,732.40,474.91,43.47,123.28,0.648,-1,-1,-1
302,39,1303.84,429.77,36.80,116.08,0.338,-1,-1,-1
302,40,622.36,455.86,22.69,61.81,0.545,-1,-1,-1
302,42,559.13,457.89,20.27,58.55,0.467,-1,-1,-1
303,5,1018.13,399.61,160.48,625.42,0.829,-1,-1,-1
303,8,1175.52,449.99,38.70,99.47,0.784,-1,-1,-1
303,19,506.00,455.73,35.28,105.42,0.810,-1,-1,-1
303,20,381.35,463.68,43.16,112.68,0.801,-1,-1,-1
303,25,1616.27,425.17,193.08,459.45,0.826,-1,-1,-1
303,28,445.19,460.57,33.38,96.84,0.130,-1,-1,-1
303,29,770.63,445.77,76.53,207.37,0.855,-1,-1,-1
303,31,599.60,459.35,18.34,53.69,0.566,-1,-1,-1
303,32,873.61,419.26,160.54,523.19,0.773,-1,-1,-1
303,33,578.62,454.19,20.93,61.90,0.546,-1,-1,-1
303,34,677.41,492.81,47.19,97.46,0.707,-1,-1,-1
303,35,658.35,456.98,25.01,75.22,0.204,-1,-1,-1
303,36,1340.36,419.41,123.05,287.50,0.904,-1,-1,-1
303,38,734.14,473.62,48.28,125.43,0.645,-1,-1,-1
303,39,1303.98,429.78,36.59,115.77,0.185,-1,-1,-1
303,40,623.17,455.95,22.64,61.90,0.586,-1,-1,-1
303,42,559.20,457.53,20.36,58.77,0.519,-1,-1,-1
303,43,-60.02,639.07,236.48,214.26,0.648,-1,-1,-1
303,44,1595.11,408.50,98.52,241.76,0.537,-1,-1,-1
304,5,1020.70,399.78,161.88,625.40,0.830,-1,-1,-1
304,8,1177.35,449.54,38.86,99.44,0.791,-1,-1,-1
304,9,1337.43,419.51,117.90,287.02,0.907,-1,-1,-1
304,19,506.18,455.77,35.33,105.77,0.824,-1,-1,-1
304,20,381.29,463.67,43.22,112.87,0.811,-1,-1,-1
304,25,1628.46,418.99,195.17,475.85,0.808,-1,-1,-1
304,28,445.73,461.85,32.25,92.14,0.111,-1,-1,-1
304,29,773.17,445.27,76.71,209.00,0.834,-1,-1,-1
304,31,599.40,458.55,18.94,54.26,0.581,-1,-1,-1
304,32,873.86,419.75,160.00,526.21,0.754,-1,-1,-1
304,33,578.17,453.82,21.06,62.21,0.557,-1,-1,-1
304,34,677.30,492.34,47.39,97.97,0.754,-1,-1,-1
304,35,658.75,457.67,24.44,73.61,0.209,-1,-1,-1
304,38,734.27,476.30,46.30,119.68,0.665,-1,-1,-1
304,39,1304.15,429.71,36.42,115.66,0.201,-1,-1,-1
304,40,624.66,456.47,22.30,61.43,0.552,-1,-1,-1
304,42,559.00,457.67,20.33,58.55,0.533,-1,-1,-1
304,44,1580.62,407.47,139.96,344.55,0.570,-1,-1,-1
305,5,1024.01,399.33,163.48,623.77,0.834,-1,-1,-1
305,8,1180.82,449.33,38.98,99.10,0.821,-1,-1,-1
305,9,1327.72,421.71,116.49,284.45,0.913,-1,-1,-1
305,19,506.28,456.01,35.18,105.48,0.816,-1,-1,-1
305,20,381.22,463.80,43.11,112.64,0.803,-1,-1,-1
305,25,1638.24,414.00,196.32,488.54,0.797,-1,-1,-1
305,28,433.55,462.96,34.79,97.98,0.519,-1,-1,-1
305,29,774.86,444.91,76.82,210.08,0.824,-1,-1,-1
305,31,599.94,458.30,19.09,54.23,0.575,-1,-1,-1
305,32,874.45,420.25,159.00,527.42,0.764,-1,-1,-1
305,33,577.82,453.44,21.21,62.33,0.654,-1,-1,-1
305,34,676.20,492.18,48.68,100.77,0.785,-1,-1,-1
305,35,658.32,458.31,24.75,74.40,0.358,-1,-1,-1
305,38,734.69,476.43,44.94,115.18,0.696,-1,-1,-1
305,39,1304.23,429.04,36.56,116.27,0.127,-1,-1,-1
305,40,625.64,457.11,22.05,61.21,0.508,-1,-1,-1
305,42,558.71,457.57,20.36,58.63,0.513,-1,-1,-1
305,43,-141.11,476.04,403.44,374.18,0.760,-1,-1,-1
305,44,1577.73,406.79,158.14,391.33,0.668,-1,-1,-1
306,5,1027.85,399.19,165.65,620.95,0.859,-1,-1,-1
306,8,1184.43,448.04,39.67,100.32,0.836,-1,-1,-1
306,9,1320.08,423.52,116.73,282.91,0.911,-1,-1,-1
306,19,505.69,456.44,35.03,105.05,0.805,-1,-1,-1
306,20,381.34,463.68,43.14,112.67,0.812,-1,-1,-1
306,25,1650.53,417.31,188.22,476.52,0.796,-1,-1,-1
306,28,427.07,463.00,36.55,101.49,0.564,-1,-1,-1
306,29,777.72,444.23,76.90,211.48,0.799,-1,-1,-1
306,31,600.68,458.47,19.01,53.69,0.563,-1,-1,-1
306,32,875.71,419.46,158.21,529.27,0.771,-1,-1,-1
306,33,578.01,453.42,21.24,62.20,0.634,-1,-1,-1
306,34,675.95,492.23,49.50,102.55,0.788,-1,-1,-1
306,35,658.57,459.70,24.41,73.68,0.288,-1,-1,-1
306,38,735.07,476.92,44.24,111.92,0.685,-1,-1,-1
306,39,1304.73,429.22,36.33,115.77,0.128,-1,-1,-1
306,40,626.41,457.40,22.30,62.02,0.599,-1,-1,-1
306,42,558.77,457.75,20.22,58.06,0.522,-1,-1,-1
306,43,-156.07,433.49,435.43,414.64,0.769,-1,-1,-1
306,44,1581.20,406.56,166.41,414.69,0.724,-1,-1,-1
307,5,1031.85,399.56,168.36,618.57,0.860,-1,-1,-1
307,8,1186.75,447.12,40.22,101.06,0.823,-1,-1,-1
307,19,505.09,456.69,35.16,104.80,0.835,-1,-1,-1
307,20,381.52,463.49,43.20,112.80,0.796,-1,-1,-1
307,25,1675.05,420.43,194.33,486.91,0.863,-1,-1,-1
307,28,422.61,464.98,37.31,102.00,0.523,-1,-1,-1
307,29,779.88,443.62,76.68,212.67,0.849,-1,-1,-1
307,31,600.96,457.51,19.34,54.55,0.541,-1,-1,-1
307,32,876.34,419.78,156.98,529.34,0.776,-1,-1,-1
307,33,578.48,453.75,21.06,61.83,0.618,-1,-1,-1
307,34,676.86,492.15,48.71,100.83,0.756,-1,-1,-1
307,35,658.52,460.75,23.38,70.81,0.231,-1,-1,-1
307,36,1307.74,424.61,121.94,279.94,0.905,-1,-1,-1
307,37,709.57,483.56,37.76,109.80,0.522,-1,-1,-1
307,38,735.52,477.41,43.84,109.93,0.648,-1,-1,-1
307,40,627.37,457.47,22.20,61.73,0.583,-1,-1,-1
307,42,558.95,457.51,20.30,58.09,0.526,-1,-1,-1
307,43,-162.59,405.67,448.85,443.12,0.851,-1,-1,-1
307,44,1583.96,406.56,170.53,427.17,0.643,-1,-1,-1
308,5,1035.70,399.94,171.77,615.59,0.883,-1,-1,-1
308,8,1189.51,445.96,40.84,102.11,0.819,-1,-1,-1
308,9,1307.07,427.39,117.63,278.11,0.908,-1,-1,-1
308,19,504.17,456.54,35.49,105.08,0.835,-1,-1,-1
308,20,381.83,463.46,43.16,112.73,0.807,-1,-1,-1
308,25,1691.96,424.47,200.03,490.19,0.899,-1,-1,-1
308,28,419.77,463.72,38.33,104.81,0.540,-1,-1,-1
308,29,782.43,443.22,76.19,213.40,0.832,-1,-1,-1
308,31,601.32,457.64,19.31,54.23,0.556,-1,-1,-1
308,32,876.60,420.08,155.94,529.22,0.783,-1,-1,-1
308,33,579.18,454.20,21.03,61.82,0.583,-1,-1,-1
308,34,677.02,492.06,48.17,99.53,0.762,-1,-1,-1
308,35,659.21,462.53,23.34,70.64,0.148,-1,-1,-1
308,37,706.75,484.09,35.60,105.93,0.486,-1,-1,-1
308,38,735.63,477.45,44.08,109.52,0.682,-1,-1,-1
308,40,628.16,457.78,22.28,62.00,0.526,-1,-1,-1
308,42,559.22,456.80,20.51,58.54,0.441,-1,-1,-1
308,43,-163.44,389.56,451.73,458.03,0.721,-1,-1,-1
308,44,1585.32,407.60,170.01,427.60,0.700,-1,-1,-1
309,5,1038.36,398.91,176.15,614.86,0.886,-1,-1,-1
309,8,1192.14,446.06,40.72,102.06,0.785,-1,-1,-1
309,19,502.99,456.56,35.71,104.86,0.833,-1,-1,-1
309,20,381.93,463.69,43.05,112.33,0.790,-1,-1,-1
309,25,1696.97,426.88,205.85,495.01,0.906,-1,-1,-1
309,28,416.21,465.17,38.29,104.66,0.557,-1,-1,-1
309,29,785.42,442.62,75.70,213.94,0.739,-1,-1,-1
309,31,601.03,457.64,19.34,54.07,0.523,-1,-1,-1
309,32,877.29,420.16,154.91,528.97,0.793,-1,-1,-1
309,33,579.92,454.20,21.02,61.95,0.584,-1,-1,-1
309,34,676.81,491.31,48.31,99.71,0.755,-1,-1,-1
309,35,659.07,463.67,23.02,70.04,0.251,-1,-1,-1
309,36,1295.48,427.18,123.39,275.97,0.902,-1,-1,-1
309,37,705.75,484.71,34.24,104.01,0.445,-1,-1,-1
309,38,735.42,477.80,44.51,109.93,0.678,-1,-1,-1
309,40,628.71,457.93,22.00,61.60,0.485,-1,-1,-1
309,42,559.36,456.66,20.55,58.50,0.563,-1,-1,-1
309,43,-157.43,384.25,438.48,466.32,0.902,-1,-1,-1
309,44,1591.89,407.38,168.35,425.16,0.757,-1,-1,-1
310,5,1040.14,398.01,180.20,613.05,0.876,-1,-1,-1
310,8,1193.60,446.02,40.66,102.04,0.784,-1,-1,-1
310,9,1291.87,428.92,119.25,275.61,0.895,-1,-1,-1
310,19,501.11,456.77,36.29,104.57,0.848,-1,-1,-1
310,20,381.08,463.70,43.07,112.44,0.765,-1,-1,-1
310,25,1697.24,427.25,210.91,499.27,0.905,-1,-1,-1
310,28,412.15,466.00,38.03,104.52,0.146,-1,-1,-1
310,29,791.43,440.91,76.38,215.65,0.875,-1,-1,-1
310,31,600.19,457.33,19.52,54.31,0.425,-1,-1,-1
310,32,877.33,419.14,154.42,530.12,0.797,-1,-1,-1
310,33,579.87,453.74,20.99,62.00,0.603,-1,-1,-1
310,34,676.28,491.16,47.79,98.53,0.749,-1,-1,-1
310,35,658.99,464.17,23.15,70.51,0.182,-1,-1,-1
310,37,704.55,484.30,33.21,102.56,0.477,-1,-1,-1
310,38,734.76,478.45,44.39,109.14,0.655,-1,-1,-1
310,40,628.92,458.53,21.44,60.28,0.231,-1,-1,-1
310,42,559.06,456.39,20.55,58.36,0.602,-1,-1,-1
310,43,-148.67,382.01,419.70,469.86,0.919,-1,-1,-1
310,44,1600.90,409.10,166.90,422.51,0.745,-1,-1,-1
311,5,1040.89,396.56,184.89,614.19,0.883,-1,-1,-1
311,8,1195.08,446.35,40.26,101.59,0.776,-1,-1,-1
311,19,499.27,456.97,36.71,104.76,0.808,-1,-1,-1
311,20,380.60,463.73,42.98,112.31,0.778,-1,-1,-1
311,25,1695.20,427.21,214.88,502.93,0.892,-1,-1,-1
311,28,411.86,466.25,38.07,104.68,0.478,-1,-1,-1
311,29,792.12,441.66,75.09,214.53,0.858,-1,-1,-1
311,31,599.67,457.19,19.56,54.30,0.439,-1,-1,-1
311,32,877.20,419.69,153.73,529.87,0.809,-1,-1,-1
311,33,579.97,453.64,20.87,61.75,0.609,-1,-1,-1
311,34,675.42,490.99,48.24,99.52,0.700,-1,-1,-1
311,35,657.87,464.11,23.13,70.62,0.342,-1,-1,-1
311,36,1281.44,427.83,122.73,268.25,0.899,-1,-1,-1
311,37,704.29,483.99,32.70,103.02,0.497,-1,-1,-1
311,38,734.19,478.85,44.21,108.13,0.657,-1,-1,-1
311,40,629.10,458.40,21.25,59.92,0.335,-1,-1,-1
311,42,558.56,456.76,20.49,58.13,0.647,-1,-1,-1
311,43,-139.73,379.80,400.84,471.51,0.904,-1,-1,-1
311,44,1607.57,408.68,167.86,425.33,0.610,-1,-1,-1
312,5,1039.87,397.10,188.45,613.34,0.887,-1,-1,-1
312,8,1196.82,446.79,39.94,100.90,0.788,-1,-1,-1
312,19,496.66,457.10,37.30,104.82,0.812,-1,-1,-1
312,20,380.41,464.03,42.79,111.86,0.785,-1,-1,-1
312,25,1693.78,427.25,219.24,507.74,0.919,-1,-1,-1
312,28,412.31,467.05,37.74,103.68,0.627,-1,-1,-1
312,29,792.93,442.58,74.30,213.56,0.841,-1,-1,-1
312,31,599.91,457.59,19.35,53.91,0.430,-1,-1,-1
312,32,878.61,418.74,153.09,530.73,0.808,-1,-1,-1
312,33,580.33,454.21,20.55,60.80,0.549,-1,-1,-1
312,34,674.72,491.24,48.39,99.66,0.699,-1,-1,-1
312,35,657.39,464.51,23.31,71.40,0.257,-1,-1,-1
312,36,1272.79,427.82,120.86,263.02,0.893,-1,-1,-1
312,37,704.28,484.20,32.14,102.80,0.420,-1,-1,-1
312,38,733.84,478.98,44.39,108.16,0.661,-1,-1,-1
312,40,629.13,458.39,21.05,59.66,0.270,-1,-1,-1
312,42,557.81,457.83,20.02,56.98,0.642,-1,-1,-1
312,43,-129.19,379.88,382.58,473.87,0.920,-1,-1,-1
312,44,1615.08,409.97,167.40,424.43,0.551,-1,-1,-1
313,5,1039.37,396.97,191.82,613.62,0.889,-1,-1,-1
313,8,1197.56,446.71,41.57,105.62,0.789,-1,-1,-1
313,19,496.34,457.16,37.55,104.67,0.794,-1,-1,-1
313,20,380.48,464.02,42.76,111.98,0.755,-1,-1,-1
313,25,1693.07,426.72,222.61,511.58,0.919,-1,-1,-1
313,28,413.66,466.48,38.19,104.13,0.580,-1,-1,-1
313,29,795.25,443.51,74.24,212.47,0.813,-1,-1,-1
313,31,599.37,456.35,19.88,55.26,0.425,-1,-1,-1
313,32,878.32,418.19,152.79,531.32,0.805,-1,-1,-1
313,33,580.69,454.68,20.27,60.10,0.577,-1,-1,-1
313,34,674.44,491.33,48.95,100.88,0.726,-1,-1,-1
313,35,657.09,464.80,23.27,71.42,0.252,-1,-1,-1
313,36,1265.47,427.32,119.39,261.22,0.901,-1,-1,-1
313,37,704.61,484.30,31.71,102.82,0.412,-1,-1,-1
313,38,733.69,479.05,44.40,107.54,0.634,-1,-1,-1
313,40,629.62,458.08,21.25,60.42,0.232,-1,-1,-1
313,42,557.97,457.97,19.97,56.78,0.661,-1,-1,-1
313,43,-113.82,381.12,365.69,473.75,0.902,-1,-1,-1
313,44,1621.91,409.91,165.46,418.81,0.722,-1,-1,-1
314,5,1039.84,396.83,194.81,614.06,0.896,-1,-1,-1
314,8,1198.09,447.00,42.18,107.67,0.798,-1,-1,-1
314,9,1262.23,422.52,114.37,269.08,0.899,-1,-1,-1
314,19,495.35,457.00,38.25,104.87,0.812,-1,-1,-1
314,20,380.56,464.19,42.73,111.93,0.771,-1,-1,-1
314,25,1696.76,425.95,224.49,515.11,0.503,-1,-1,-1
314,28,414.94,464.89,38.87,105.58,0.573,-1,-1,-1
314,29,799.45,441.93,74.15,214.18,0.805,-1,-1,-1
314,31,599.33,456.32,19.95,55.30,0.408,-1,-1,-1
314,32,878.37,418.23,152.61,531.06,0.797,-1,-1,-1
314,33,580.94,455.29,20.10,59.79,0.611,-1,-1,-1
314,34,674.56,491.49,49.02,101.04,0.728,-1,-1,-1
314,35,657.37,464.65,23.45,71.96,0.224,-1,-1,-1
314,37,705.75,484.72,30.94,101.91,0.422,-1,-1,-1
314,38,733.43,479.69,44.33,106.94,0.677,-1,-1,-1
314,40,630.61,458.60,21.07,59.90,0.172,-1,-1,-1
314,42,557.96,458.10,20.13,56.89,0.695,-1,-1,-1
314,43,-94.19,382.85,348.95,471.37,0.897,-1,-1,-1
314,44,1629.90,409.14,167.31,421.12,0.577,-1,-1,-1
315,5,1040.67,396.26,196.90,613.98,0.906,-1,-1,-1
315,8,1199.29,447.08,41.50,105.96,0.767,-1,-1,-1
315,19,494.05,457.00,38.69,104.77,0.842,-1,-1,-1
315,20,380.75,464.37,42.74,111.86,0.804,-1,-1,-1
315,25,1699.13,423.41,224.85,516.53,0.897,-1,-1,-1
315,28,415.01,465.46,39.03,105.39,0.591,-1,-1,-1
315,29,804.91,441.71,73.88,214.45,0.811,-1,-1,-1
315,31,600.05,456.82,19.83,54.88,0.356,-1,-1,-1
315,32,879.31,419.25,151.85,529.96,0.791,-1,-1,-1
315,33,581.58,455.86,19.85,59.15,0.597,-1,-1,-1
315,34,674.93,491.25,48.53,99.82,0.755,-1,-1,-1
315,35,657.58,464.56,23.39,71.64,0.193,-1,-1,-1
315,36,1251.93,425.69,115.09,260.62,0.882,-1,-1,-1
315,37,707.02,486.29,29.97,100.02,0.370,-1,-1,-1
315,38,733.47,480.09,44.69,107.53,0.719,-1,-1,-1
315,40,631.11,458.28,21.22,60.32,0.306,-1,-1,-1
315,42,557.68,458.11,20.01,56.52,0.692,-1,-1,-1
315,43,-68.01,385.58,334.57,468.90,0.912,-1,-1,-1
315,44,1635.28,408.01,168.04,419.90,0.751,-1,-1,-1
316,5,1042.69,396.10,198.31,614.29,0.913,-1,-1,-1
316,8,1199.83,447.29,41.24,105.28,0.775,-1,-1,-1
316,9,1252.97,427.24,107.70,262.51,0.879,-1,-1,-1
316,19,492.90,456.58,39.42,105.53,0.845,-1,-1,-1
316,20,380.76,464.45,42.77,111.89,0.802,-1,-1,-1
316,25,1704.06,420.45,225.88,521.06,0.717,-1,-1,-1
316,28,414.90,465.68,39.20,105.37,0.562,-1,-1,-1
316,29,808.62,441.72,73.51,214.59,0.823,-1,-1,-1
316,31,600.50,457.27,19.72,54.46,0.394,-1,-1,-1
316,32,878.50,419.82,151.40,529.12,0.797,-1,-1,-1
316,33,581.74,456.37,19.66,58.67,0.617,-1,-1,-1
316,34,674.83,490.70,48.51,99.65,0.768,-1,-1,-1
316,35,657.51,464.57,23.21,70.96,0.216,-1,-1,-1
316,37,707.84,486.13,29.49,99.90,0.430,-1,-1,-1
316,38,733.46,480.35,45.16,108.41,0.700,-1,-1,-1
316,40,631.22,458.29,21.28,60.71,0.308,-1,-1,-1
316,42,557.52,458.31,19.90,56.17,0.687,-1,-1,-1
316,43,-41.57,387.86,324.99,467.40,0.911,-1,-1,-1
316,44,1643.72,406.27,169.29,420.20,0.652,-1,-1,-1
317,5,1043.97,396.81,199.31,613.63,0.901,-1,-1,-1
317,8,1200.38,447.72,41.18,105.43,0.749,-1,-1,-1
317,19,492.05,456.20,40.12,106.15,0.854,-1,-1,-1
317,20,380.78,464.42,42.81,111.98,0.796,-1,-1,-1
317,25,1730.09,417.48,222.13,524.16,0.664,-1,-1,-1
317,28,415.19,466.17,39.30,104.79,0.591,-1,-1,-1
317,29,812.60,440.89,73.73,215.93,0.816,-1,-1,-1
317,31,600.57,457.36,19.70,54.35,0.464,-1,-1,-1
317,32,879.85,420.19,150.69,528.57,0.784,-1,-1,-1
317,33,582.03,456.88,19.43,58.05,0.611,-1,-1,-1
317,34,674.34,490.75,49.76,102.41,0.795,-1,-1,-1
317,35,658.02,464.55,21.35,64.78,0.203,-1,-1,-1
317,36,1244.69,422.95,111.47,262.24,0.867,-1,-1,-1
317,37,707.80,486.15,29.27,100.03,0.352,-1,-1,-1
317,38,733.34,480.37,45.59,109.30,0.636,-1,-1,-1
317,40,631.67,458.37,21.15,60.48,0.382,-1,-1,-1
317,41,1429.66,440.39,37.60,108.27,0.565,-1,-1,-1
317,42,557.74,458.33,19.90,56.21,0.696,-1,-1,-1
317,43,-20.62,391.19,316.97,464.62,0.924,-1,-1,-1
317,44,1684.48,410.26,189.27,472.91,0.580,-1,-1,-1
318,5,1045.24,397.62,199.91,613.12,0.898,-1,-1,-1
318,8,1201.32,447.97,40.13,103.03,0.731,-1,-1,-1
318,9,1246.13,428.26,103.29,259.12,0.889,-1,-1,-1
318,19,491.55,455.91,40.68,106.58,0.851,-1,-1,-1
318,20,380.72,464.30,42.90,112.32,0.792,-1,-1,-1
318,25,1735.37,407.67,223.81,534.53,0.514,-1,-1,-1
318,28,415.58,466.70,39.34,104.20,0.564,-1,-1,-1
318,29,815.27,443.47,72.80,213.78,0.763,-1,-1,-1
318,31,600.88,458.08,19.38,53.40,0.547,-1,-1,-1
318,32,879.86,420.65,150.37,528.04,0.802,-1,-1,-1
318,33,582.22,458.65,18.83,56.23,0.599,-1,-1,-1
318,34,674.31,490.71,50.31,103.69,0.788,-1,-1,-1
318,35,658.16,464.44,21.79,66.15,0.211,-1,-1,-1
318,37,706.74,485.77,29.22,100.23,0.211,-1,-1,-1
318,38,732.67,480.33,46.58,111.64,0.686,-1,-1,-1
318,40,631.77,458.62,21.19,60.68,0.431,-1,-1,-1
318,41,1432.41,439.47,37.80,109.20,0.585,-1,-1,-1
318,42,558.17,458.48,19.79,56.05,0.699,-1,-1,-1
318,43,-4.80,392.89,311.83,462.69,0.933,-1,-1,-1
318,44,1681.45,408.24,183.61,458.21,0.545,-1,-1,-1
319,5,1047.04,397.89,200.25,612.86,0.896,-1,-1,-1
319,8,1201.97,448.30,39.26,100.89,0.694,-1,-1,-1
319,19,491.50,455.70,41.23,106.85,0.854,-1,-1,-1
319,20,380.71,464.25,42.87,112.38,0.787,-1,-1,-1
319,25,1756.91,391.14,219.29,550.67,0.859,-1,-1,-1
319,28,416.15,466.83,39.35,103.98,0.497,-1,-1,-1
319,29,817.31,444.39,72.30,212.86,0.804,-1,-1,-1
319,31,601.16,458.71,19.06,52.57,0.520,-1,-1,-1
319,32,879.31,420.39,150.48,529.37,0.809,-1,-1,-1
319,33,582.44,460.52,18.28,54.50,0.610,-1,-1,-1
319,34,674.31,490.92,50.56,104.38,0.780,-1,-1,-1
319,35,658.66,464.33,20.86,63.00,0.200,-1,-1,-1
319,36,1236.55,430.34,107.35,256.37,0.881,-1,-1,-1
319,37,706.82,485.90,29.08,100.33,0.214,-1,-1,-1
319,38,732.72,480.28,46.72,111.72,0.615,-1,-1,-1
319,40,631.71,458.81,21.38,61.34,0.479,-1,-1,-1
319,41,1436.36,438.37,38.08,110.47,0.677,-1,-1,-1
319,42,558.36,458.74,19.63,55.81,0.696,-1,-1,-1
319,43,7.22,396.14,307.76,459.88,0.936,-1,-1,-1
319,44,1681.54,404.76,181.69,455.03,0.642,-1,-1,-1
320,5,1048.32,398.61,200.34,612.27,0.901,-1,-1,-1
320,8,1205.52,448.96,38.48,99.73,0.666,-1,-1,-1
320,9,1234.79,431.83,102.00,255.58,0.865,-1,-1,-1
320,19,491.18,455.58,41.58,106.95,0.854,-1,-1,-1
320,20,380.71,464.24,42.85,112.43,0.797,-1,-1,-1
320,25,1771.94,385.17,210.09,555.81,0.863,-1,-1,-1
320,28,416.37,466.50,39.58,104.47,0.521,-1,-1,-1
320,29,819.19,446.39,71.11,210.72,0.794,-1,-1,-1
320,31,600.54,458.31,19.29,53.08,0.493,-1,-1,-1
320,32,881.26,421.12,150.18,527.83,0.811,-1,-1,-1
320,33,582.10,459.31,18.59,55.57,0.619,-1,-1,-1
320,34,674.34,490.46,50.83,105.25,0.799,-1,-1,-1
320,35,658.75,464.27,21.84,65.94,0.186,-1,-1,-1
320,37,706.12,485.58,29.17,100.82,0.173,-1,-1,-1
320,38,731.66,479.93,47.86,114.64,0.650,-1,-1,-1
320,39,1305.30,426.71,37.06,118.90,0.512,-1,-1,-1
320,40,631.73,458.89,21.28,61.08,0.398,-1,-1,-1
320,41,1439.28,437.52,38.61,111.25,0.684,-1,-1,-1
320,42,558.47,458.95,19.44,55.46,0.670,-1,-1,-1
320,43,14.90,399.39,304.41,456.91,0.938,-1,-1,-1
320,44,1688.71,401.73,178.51,450.19,0.797,-1,-1,-1
321,5,1048.39,399.97,200.08,610.91,0.890,-1,-1,-1
321,8,1208.54,449.01,38.04,99.54,0.649,-1,-1,-1
321,19,490.91,455.41,41.84,107.10,0.844,-1,-1,-1
321,20,380.74,464.08,42.89,112.59,0.793,-1,-1,-1
321,25,1785.03,385.09,199.65,555.23,0.834,-1,-1,-1
321,28,417.58,465.92,39.72,105.16,0.508,-1,-1,-1
321,29,821.15,447.24,70.19,209.99,0.800,-1,-1,-1
321,31,600.29,458.12,19.49,53.54,0.479,-1,-1,-1
321,32,881.10,421.24,151.06,528.63,0.802,-1,-1,-1
321,33,581.49,458.33,18.88,56.64,0.650,-1,-1,-1
321,34,674.65,490.65,50.61,105.03,0.799,-1,-1,-1
321,35,659.03,464.21,22.57,68.16,0.195,-1,-1,-1
321,36,1227.22,430.19,106.87,255.64,0.892,-1,-1,-1
321,37,705.99,485.43,29.08,100.65,0.233,-1,-1,-1
321,38,731.47,478.97,47.61,114.03,0.564,-1,-1,-1
321,39,1304.76,427.72,36.45,117.74,0.580,-1,-1,-1
321,40,631.75,459.18,20.91,59.90,0.343,-1,-1,-1
321,41,1441.97,437.92,38.66,110.42,0.547,-1,-1,-1
321,42,558.69,459.00,19.39,55.51,0.647,-1,-1,-1
321,43,19.43,400.46,301.94,454.43,0.935,-1,-1,-1
321,44,1698.38,398.89,178.42,455.36,0.869,-1,-1,-1
322,5,1049.11,401.72,199.67,609.87,0.893,-1,-1,-1
322,8,1210.29,449.02,37.93,100.20,0.661,-1,-1,-1
322,9,1228.64,431.55,101.74,253.67,0.884,-1,-1,-1
322,19,490.58,455.34,41.99,107.08,0.828,-1,-1,-1
322,20,380.76,463.98,42.92,112.69,0.794,-1,-1,-1
322,25,1798.44,400.60,184.62,539.63,0.827,-1,-1,-1
322,28,417.37,466.66,39.54,104.38,0.518,-1,-1,-1
322,29,823.92,447.84,69.52,209.07,0.820,-1,-1,-1
322,31,600.51,457.76,19.62,54.04,0.405,-1,-1,-1
322,32,880.97,421.96,151.01,527.02,0.794,-1,-1,-1
322,33,581.05,457.14,19.26,57.77,0.644,-1,-1,-1
322,34,674.77,490.90,50.45,104.78,0.801,-1,-1,-1
322,35,658.80,464.15,22.02,66.25,0.226,-1,-1,-1
322,37,705.78,485.33,28.98,100.29,0.225,-1,-1,-1
322,38,731.57,478.43,47.04,112.64,0.567,-1,-1,-1
322,39,1304.48,427.03,36.32,118.13,0.373,-1,-1,-1
322,40,631.48,459.05,20.84,59.71,0.299,-1,-1,-1
322,41,1443.97,438.39,39.08,109.16,0.660,-1,-1,-1
322,42,558.82,459.10,19.28,55.33,0.631,-1,-1,-1
322,43,23.00,401.92,299.99,452.06,0.940,-1,-1,-1
322,44,1710.62,396.97,177.05,459.64,0.836,-1,-1,-1
323,5,1049.85,401.60,199.62,610.50,0.900,-1,-1,-1
323,8,1211.10,449.18,37.25,99.40,0.668,-1,-1,-1
323,19,490.09,455.57,41.92,106.72,0.800,-1,-1,-1
323,20,380.16,463.93,42.95,112.46,0.792,-1,-1,-1
323,25,1809.38,415.17,172.43,524.89,0.744,-1,-1,-1
323,28,416.17,467.14,39.54,103.86,0.520,-1,-1,-1
323,29,825.64,448.38,69.28,208.73,0.811,-1,-1,-1
323,31,600.23,457.73,19.58,54.06,0.466,-1,-1,-1
323,32,880.96,421.74,151.46,528.13,0.790,-1,-1,-1
323,33,580.19,456.26,19.62,58.92,0.669,-1,-1,-1
323,34,675.35,490.36,50.25,104.60,0.781,-1,-1,-1
323,35,658.46,464.05,22.85,68.73,0.233,-1,-1,-1
323,36,1223.93,432.80,105.18,252.38,0.884,-1,-1,-1
323,37,705.62,484.97,28.88,99.95,0.131,-1,-1,-1
323,38,730.78,477.63,46.97,112.55,0.556,-1,-1,-1
323,39,1304.46,427.33,36.13,117.93,0.264,-1,-1,-1
323,40,631.36,458.72,20.82,59.60,0.321,-1,-1,-1
323,41,1445.33,439.05,40.01,108.46,0.733,-1,-1,-1
323,42,558.77,458.93,19.29,55.61,0.591,-1,-1,-1
323,43,26.36,403.13,297.25,447.72,0.941,-1,-1,-1
323,44,1722.53,396.34,174.65,460.41,0.836,-1,-1,-1
323,45,1013.02,454.17,27.45,70.28,0.519,-1,-1,-1
324,5,1051.83,400.37,199.40,610.86,0.900,-1,-1,-1
324,8,1211.60,448.82,36.80,99.38,0.556,-1,-1,-1
324,9,1223.19,432.54,101.89,253.23,0.885,-1,-1,-1
324,19,489.75,456.00,41.71,106.32,0.788,-1,-1,-1
324,20,380.40,463.85,42.99,112.61,0.797,-1,-1,-1
324,25,1822.50,462.17,150.73,477.05,0.758,-1,-1,-1
324,28,415.53,467.47,39.64,103.51,0.527,-1,-1,-1
324,29,827.19,448.25,69.21,208.77,0.794,-1,-1,-1
324,31,600.64,458.38,19.32,53.42,0.356,-1,-1,-1
324,32,882.03,421.57,152.05,528.49,0.807,-1,-1,-1
324,33,580.21,456.10,19.71,59.21,0.662,-1,-1,-1
324,34,675.96,490.16,50.29,105.00,0.766,-1,-1,-1
324,35,658.79,464.01,23.27,69.88,0.261,-1,-1,-1
324,37,706.44,485.65,28.69,99.26,0.281,-1,-1,-1
324,38,730.87,476.70,47.19,113.42,0.592,-1,-1,-1
324,39,1304.44,426.24,36.27,119.15,0.238,-1,-1,-1
324,40,632.72,459.63,20.76,59.34,0.341,-1,-1,-1
324,41,1446.47,439.25,41.84,109.07,0.801,-1,-1,-1
324,42,559.21,459.17,19.17,55.37,0.542,-1,-1,-1
324,43,30.53,404.26,294.61,444.26,0.938,-1,-1,-1
324,44,1734.94,397.15,171.63,459.00,0.810,-1,-1,-1
324,45,1013.25,454.61,27.05,69.29,0.565,-1,-1,-1
325,5,1053.09,399.26,199.17,611.78,0.898,-1,-1,-1
325,8,1211.16,448.95,36.46,99.51,0.192,-1,-1,-1
325,19,489.47,455.93,41.59,106.35,0.798,-1,-1,-1
325,20,380.65,463.74,43.12,113.02,0.796,-1,-1,-1
325,25,1821.61,428.41,156.43,510.79,0.612,-1,-1,-1
325,28,416.10,467.41,39.83,103.46,0.583,-1,-1,-1
325,29,831.24,447.74,69.79,209.04,0.817,-1,-1,-1
325,31,601.34,459.29,18.97,52.56,0.212,-1,-1,-1
325,32,883.61,421.57,152.24,528.57,0.802,-1,-1,-1
325,33,580.42,456.90,19.55,58.64,0.680,-1,-1,-1
325,34,676.39,490.21,50.13,105.02,0.785,-1,-1,-1
325,35,659.05,464.07,23.51,70.62,0.233,-1,-1,-1
325,36,1219.40,432.59,104.72,252.08,0.870,-1,-1,-1
325,37,706.98,485.38,28.64,98.95,0.402,-1,-1,-1
325,38,731.12,476.04,46.95,113.25,0.632,-1,-1,-1
325,39,1304.75,424.18,36.83,121.47,0.346,-1,-1,-1
325,40,633.85,460.70,20.59,58.78,0.411,-1,-1,-1
325,41,1447.49,439.72,43.47,109.04,0.847,-1,-1,-1
325,42,559.51,459.78,18.74,54.31,0.546,-1,-1,-1
325,43,37.84,405.58,290.72,440.25,0.939,-1,-1,-1
325,44,1746.62,396.49,168.75,456.40,0.779,-1,-1,-1
325,45,1013.22,454.83,26.96,69.05,0.598,-1,-1,-1
326,5,1054.95,398.69,198.68,612.05,0.901,-1,-1,-1
326,19,489.38,455.90,41.57,106.57,0.778,-1,-1,-1
326,20,380.69,463.98,43.04,112.69,0.797,-1,-1,-1
326,28,416.34,467.37,39.98,103.34,0.539,-1,-1,-1
326,29,833.57,445.56,70.74,211.08,0.788,-1,-1,-1
326,31,600.87,459.20,18.90,52.33,0.349,-1,-1,-1
326,32,885.62,421.40,152.36,528.72,0.818,-1,-1,-1
326,33,580.51,457.56,19.41,58.20,0.681,-1,-1,-1
326,34,675.70,490.35,50.29,105.51,0.782,-1,-1,-1
326,35,659.78,464.22,23.25,69.74,0.109,-1,-1,-1
326,36,1214.32,432.04,104.32,251.64,0.400,-1,-1,-1
326,37,707.22,485.36,28.69,99.03,0.368,-1,-1,-1
326,38,731.56,476.54,46.97,113.55,0.697,-1,-1,-1
326,39,1305.24,424.92,36.67,120.98,0.258,-1,-1,-1
326,40,633.91,461.20,20.64,58.94,0.419,-1,-1,-1
326,41,1447.78,439.92,44.86,108.99,0.853,-1,-1,-1
326,42,559.87,461.05,18.42,53.58,0.564,-1,-1,-1
326,43,47.32,404.15,286.52,437.77,0.935,-1,-1,-1
326,44,1756.18,396.09,168.39,458.28,0.793,-1,-1,-1
326,45,1012.90,454.58,27.14,69.52,0.598,-1,-1,-1
327,5,1054.82,396.52,198.95,614.77,0.898,-1,-1,-1
327,8,1209.24,437.68,55.73,153.91,0.669,-1,-1,-1
327,19,489.03,455.81,41.43,106.63,0.784,-1,-1,-1
327,20,380.65,464.16,43.01,112.43,0.802,-1,-1,-1
327,28,415.96,467.43,40.16,103.46,0.483,-1,-1,-1
327,29,835.37,444.41,71.13,211.96,0.586,-1,-1,-1
327,31,601.86,460.26,18.28,50.82,0.210,-1,-1,-1
327,32,887.35,421.45,152.37,528.65,0.816,-1,-1,-1
327,33,580.59,458.54,19.10,57.17,0.681,-1,-1,-1
327,34,675.07,490.01,50.65,106.46,0.819,-1,-1,-1
327,35,659.21,464.34,23.52,70.74,0.132,-1,-1,-1
327,37,706.89,484.88,28.87,99.69,0.463,-1,-1,-1
327,38,731.81,477.37,47.09,113.96,0.650,-1,-1,-1
327,39,1305.49,426.36,36.28,119.64,0.321,-1,-1,-1
327,40,633.07,459.78,21.52,61.39,0.538,-1,-1,-1
327,41,1448.43,439.89,46.25,108.89,0.830,-1,-1,-1
327,42,559.11,460.23,18.75,54.77,0.646,-1,-1,-1
327,43,58.61,402.36,281.43,435.80,0.932,-1,-1,-1
327,44,1761.34,394.47,170.04,464.67,0.618,-1,-1,-1
327,45,1012.78,454.20,27.45,70.33,0.647,-1,-1,-1
328,5,1056.08,396.84,198.25,614.29,0.902,-1,-1,-1
328,8,1206.97,434.21,60.27,168.19,0.714,-1,-1,-1
328,19,488.73,455.80,41.35,106.81,0.749,-1,-1,-1
328,20,380.65,464.02,43.18,112.85,0.805,-1,-1,-1
328,28,417.35,467.23,40.07,103.46,0.525,-1,-1,-1
328,29,838.34,446.57,70.56,210.20,0.454,-1,-1,-1
328,31,602.65,460.63,17.98,50.17,0.208,-1,-1,-1
328,32,887.47,421.61,151.68,527.22,0.744,-1,-1,-1
328,33,580.64,459.04,18.88,56.46,0.615,-1,-1,-1
328,34,675.16,489.76,50.60,106.73,0.812,-1,-1,-1
328,35,659.75,465.03,23.58,71.09,0.155,-1,-1,-1
328,37,706.93,484.93,28.88,99.58,0.607,-1,-1,-1
328,38,732.71,478.11,46.67,113.07,0.704,-1,-1,-1
328,39,1305.75,427.27,36.05,118.71,0.345,-1,-1,-1
328,40,633.09,459.08,22.04,62.68,0.508,-1,-1,-1
328,41,1450.95,440.01,46.73,108.93,0.797,-1,-1,-1
328,42,558.89,459.36,19.00,55.77,0.667,-1,-1,-1
328,43,75.02,399.76,272.72,430.64,0.931,-1,-1,-1
328,44,1758.65,390.97,178.80,493.86,0.754,-1,-1,-1
328,45,1012.84,453.61,27.68,70.93,0.633,-1,-1,-1
329,5,1055.93,397.52,197.67,613.83,0.910,-1,-1,-1
329,8,1203.12,431.49,62.72,176.79,0.723,-1,-1,-1
329,19,488.20,455.47,41.32,107.13,0.733,-1,-1,-1
329,20,380.99,464.16,43.14,112.77,0.804,-1,-1,-1
329,28,417.08,467.28,39.96,102.77,0.508,-1,-1,-1
329,29,844.93,447.74,69.51,208.12,0.315,-1,-1,-1
329,31,602.21,460.51,17.90,50.03,0.185,-1,-1,-1
329,32,888.42,421.99,151.78,526.64,0.803,-1,-1,-1
329,33,580.61,459.02,18.86,56.40,0.607,-1,-1,-1
329,34,674.92,489.49,50.74,107.36,0.813,-1,-1,-1
329,35,659.43,464.71,23.60,71.37,0.253,-1,-1,-1
329,37,707.47,485.12,28.75,99.53,0.608,-1,-1,-1
329,38,732.88,478.79,46.28,112.08,0.667,-1,-1,-1
329,39,1305.63,427.85,35.80,118.09,0.394,-1,-1,-1
329,40,633.30,459.54,22.43,63.57,0.490,-1,-1,-1
329,41,1452.62,439.37,47.21,109.82,0.784,-1,-1,-1
329,42,558.77,459.00,19.12,56.20,0.639,-1,-1,-1
329,43,89.31,397.87,264.69,427.66,0.916,-1,-1,-1
329,44,1761.20,387.24,175.06,486.67,0.788,-1,-1,-1
329,45,1012.78,453.31,27.99,71.76,0.632,-1,-1,-1
330,5,1055.71,396.70,197.55,614.77,0.913,-1,-1,-1
330,8,1202.51,428.09,57.95,162.55,0.686,-1,-1,-1
330,19,487.27,455.71,40.97,106.71,0.585,-1,-1,-1
330,20,381.23,464.20,42.99,112.40,0.795,-1,-1,-1
330,28,416.84,467.06,40.13,102.76,0.558,-1,-1,-1
330,31,600.95,459.61,18.19,50.82,0.316,-1,-1,-1
330,32,890.81,421.36,151.78,527.95,0.797,-1,-1,-1
330,33,580.44,458.35,18.81,56.35,0.569,-1,-1,-1
330,34,675.18,489.41,50.40,106.99,0.798,-1,-1,-1
330,35,659.69,464.49,23.07,69.72,0.235,-1,-1,-1
330,37,708.20,485.34,28.69,99.58,0.602,-1,-1,-1
330,38,734.07,479.77,45.94,110.94,0.703,-1,-1,-1
330,39,1305.75,428.58,35.59,117.33,0.371,-1,-1,-1
330,40,633.27,459.38,22.77,64.46,0.480,-1,-1,-1
330,41,1454.58,438.87,47.01,110.04,0.778,-1,-1,-1
330,42,558.72,459.75,18.92,55.68,0.651,-1,-1,-1
330,43,106.54,396.93,256.30,426.53,0.913,-1,-1,-1
330,44,1762.68,389.56,174.08,486.60,0.677,-1,-1,-1
330,45,1012.99,453.36,27.92,71.71,0.654,-1,-1,-1
331,5,1055.50,396.21,197.28,615.14,0.909,-1,-1,-1
331,8,1203.00,425.80,53.39,148.91,0.556,-1,-1,-1
331,19,486.65,455.34,40.94,107.14,0.534,-1,-1,-1
331,20,381.19,464.40,42.90,112.16,0.806,-1,-1,-1
331,28,417.00,466.10,40.29,102.85,0.595,-1,-1,-1
331,31,600.10,459.08,18.42,51.41,0.351,-1,-1,-1
331,32,891.92,420.92,151.51,528.34,0.772,-1,-1,-1
331,33,580.25,458.07,18.76,56.20,0.582,-1,-1,-1
331,34,675.22,489.31,50.37,107.21,0.818,-1,-1,-1
331,35,659.72,464.43,23.13,70.01,0.218,-1,-1,-1
331,37,708.43,485.19,28.74,99.83,0.619,-1,-1,-1
331,38,734.54,480.23,45.86,110.43,0.701,-1,-1,-1
331,39,1305.60,429.22,35.31,116.64,0.355,-1,-1,-1
331,40,632.85,458.78,23.23,65.81,0.509,-1,-1,-1
331,41,1457.96,439.02,46.18,109.43,0.776,-1,-1,-1
331,42,558.67,459.63,18.98,55.92,0.647,-1,-1,-1
331,43,123.32,395.56,248.58,427.57,0.880,-1,-1,-1
331,44,1764.45,392.18,168.89,474.26,0.780,-1,-1,-1
331,45,1013.01,453.26,27.93,71.88,0.637,-1,-1,-1
332,5,1055.96,395.98,196.94,615.41,0.896,-1,-1,-1
332,19,486.25,455.58,40.47,106.79,0.569,-1,-1,-1
332,20,381.65,464.60,42.78,111.83,0.798,-1,-1,-1
332,28,416.81,465.80,40.62,103.25,0.591,-1,-1,-1
332,31,599.14,458.73,18.38,51.57,0.267,-1,-1,-1
332,32,891.68,420.54,150.55,527.63,0.772,-1,-1,-1
332,33,580.04,458.43,18.62,55.62,0.597,-1,-1,-1
332,34,675.41,489.33,49.91,106.49,0.748,-1,-1,-1
332,35,660.39,464.21,22.90,69.18,0.253,-1,-1,-1
332,37,708.68,485.45,28.65,99.56,0.558,-1,-1,-1
332,38,735.13,480.40,45.68,109.69,0.645,-1,-1,-1
332,39,1305.54,429.22,35.11,116.45,0.396,-1,-1,-1
332,40,632.81,458.83,23.36,66.15,0.559,-1,-1,-1
332,41,1460.79,438.61,45.61,109.57,0.764,-1,-1,-1
332,42,558.81,459.45,19.08,56.17,0.658,-1,-1,-1
332,43,145.00,395.17,240.90,427.32,0.837,-1,-1,-1
332,44,1766.32,395.47,164.99,465.06,0.759,-1,-1,-1
332,45,1013.50,453.84,27.71,71.39,0.522,-1,-1,-1
333,5,1056.62,397.19,196.30,614.37,0.897,-1,-1,-1
333,19,485.74,455.09,40.09,107.05,0.520,-1,-1,-1
333,20,382.23,464.26,42.88,112.17,0.814,-1,-1,-1
333,28,416.92,466.88,40.52,102.10,0.567,-1,-1,-1
333,29,871.91,440.18,52.04,153.42,0.706,-1,-1,-1
333,31,598.97,457.81,18.79,52.91,0.105,-1,-1,-1
333,32,888.37,420.98,149.44,527.34,0.769,-1,-1,-1
333,33,580.30,457.87,18.82,56.07,0.633,-1,-1,-1
333,34,676.23,489.71,49.78,106.57,0.831,-1,-1,-1
333,35,661.12,463.98,23.25,70.26,0.278,-1,-1,-1
333,37,708.47,485.27,28.76,99.88,0.603,-1,-1,-1
333,38,734.99,480.26,46.46,111.17,0.712,-1,-1,-1
333,39,1305.98,429.60,34.87,116.01,0.303,-1,-1,-1
333,40,633.94,459.07,23.37,66.06,0.461,-1,-1,-1
333,41,1464.64,437.96,45.25,109.90,0.650,-1,-1,-1
333,42,559.76,459.29,19.08,56.24,0.666,-1,-1,-1
333,43,164.12,395.88,234.10,426.71,0.807,-1,-1,-1
333,44,1767.45,393.43,163.75,463.89,0.736,-1,-1,-1
333,45,1014.02,453.73,27.72,71.44,0.619,-1,-1,-1
334,5,1057.95,398.23,196.24,614.20,0.886,-1,-1,-1
334,8,1218.56,439.90,41.93,117.13,0.513,-1,-1,-1
334,19,486.58,455.23,39.80,106.82,0.494,-1,-1,-1
334,20,382.33,464.23,42.82,112.00,0.793,-1,-1,-1
334,28,418.41,466.19,40.68,102.70,0.454,-1,-1,-1
334,29,876.99,437.51,48.58,141.48,0.765,-1,-1,-1
334,31,599.18,456.93,19.23,54.21,0.120,-1,-1,-1
334,32,887.25,420.91,148.61,527.34,0.769,-1,-1,-1
334,33,580.48,457.54,19.02,56.60,0.551,-1,-1,-1
334,34,676.53,490.56,49.15,105.37,0.829,-1,-1,-1
334,35,662.05,464.03,23.37,70.61,0.266,-1,-1,-1
334,37,708.46,485.18,28.85,100.12,0.582,-1,-1,-1
334,38,735.03,480.37,46.79,111.56,0.723,-1,-1,-1
334,39,1306.10,429.31,34.90,116.43,0.302,-1,-1,-1
334,40,634.40,459.40,23.17,65.48,0.500,-1,-1,-1
334,41,1468.16,437.72,45.00,110.34,0.666,-1,-1,-1
334,42,560.49,459.07,19.01,56.18,0.662,-1,-1,-1
334,43,181.26,396.99,227.92,425.99,0.823,-1,-1,-1
334,44,1767.38,388.02,163.61,466.83,0.805,-1,-1,-1
334,45,1013.56,453.73,27.60,71.04,0.539,-1,-1,-1
335,5,1059.05,398.12,196.46,614.87,0.881,-1,-1,-1
335,8,1224.80,444.98,35.58,98.28,0.433,-1,-1,-1
335,19,485.91,455.36,39.49,106.92,0.584,-1,-1,-1
335,20,381.91,463.76,42.98,112.44,0.824,-1,-1,-1
335,25,1788.27,386.45,144.46,473.35,0.640,-1,-1,-1
335,28,416.68,466.28,40.85,102.49,0.625,-1,-1,-1
335,29,879.97,436.96,47.28,136.56,0.621,-1,-1,-1
335,31,598.02,457.04,18.91,53.74,0.355,-1,-1,-1
335,32,885.48,421.00,147.80,527.36,0.794,-1,-1,-1
335,33,579.99,457.51,18.95,56.23,0.618,-1,-1,-1
335,34,676.53,490.33,49.33,106.14,0.799,-1,-1,-1
335,35,661.90,464.16,23.66,71.46,0.390,-1,-1,-1
335,37,707.83,485.46,28.80,99.88,0.472,-1,-1,-1
335,38,734.02,480.27,47.43,112.95,0.712,-1,-1,-1
335,39,1305.62,429.43,34.77,116.34,0.165,-1,-1,-1
335,40,633.98,459.06,23.27,65.90,0.452,-1,-1,-1
335,41,1470.54,437.72,44.53,110.27,0.750,-1,-1,-1
335,42,560.46,459.12,18.92,56.09,0.667,-1,-1,-1
335,43,195.43,397.54,222.83,425.23,0.815,-1,-1,-1
335,45,1012.77,453.67,27.70,71.05,0.533,-1,-1,-1
335,46,4.65,452.33,129.12,329.87,0.861,-1,-1,-1
336,5,1058.65,395.82,196.94,616.49,0.890,-1,-1,-1
336,8,1228.24,448.12,31.83,86.07,0.659,-1,-1,-1
336,19,484.86,455.19,39.22,106.98,0.416,-1,-1,-1
336,20,381.28,463.77,42.91,112.27,0.814,-1,-1,-1
336,28,415.86,467.03,40.87,101.77,0.677,-1,-1,-1
336,29,882.31,436.99,46.77,133.77,0.696,-1,-1,-1
336,31,597.88,456.75,18.93,53.70,0.480,-1,-1,-1
336,32,892.71,421.23,147.90,526.89,0.803,-1,-1,-1
336,33,579.24,458.49,18.63,55.03,0.591,-1,-1,-1
336,34,676.27,491.00,48.17,103.59,0.786,-1,-1,-1
336,35,661.03,463.73,23.98,72.55,0.400,-1,-1,-1
336,37,707.53,486.03,28.45,98.78,0.362,-1,-1,-1
336,38,732.71,480.01,47.73,113.36,0.684,-1,-1,-1
336,39,1304.80,428.96,34.81,116.79,0.319,-1,-1,-1
336,40,633.25,458.72,23.11,65.35,0.417,-1,-1,-1
336,41,1472.33,437.95,43.89,109.65,0.703,-1,-1,-1
336,42,559.77,459.07,18.86,55.90,0.638,-1,-1,-1
336,43,208.59,398.88,218.22,424.33,0.861,-1,-1,-1
336,44,1774.43,383.09,163.75,471.55,0.516,-1,-1,-1
336,45,1011.75,453.54,27.69,70.85,0.470,-1,-1,-1
336,46,5.95,449.50,130.82,333.57,0.891,-1,-1,-1
337,5,1058.22,395.21,196.97,616.69,0.899,-1,-1,-1
337,8,1230.52,448.79,31.05,82.37,0.585,-1,-1,-1
337,19,483.64,455.17,38.91,107.11,0.430,-1,-1,-1
337,20,380.44,463.82,43.01,112.30,0.804,-1,-1,-1
337,28,415.54,466.97,40.95,101.46,0.578,-1,-1,-1
337,29,884.15,437.52,46.36,130.58,0.746,-1,-1,-1
337,31,597.48,456.65,19.05,53.89,0.477,-1,-1,-1
337,32,897.10,421.45,147.69,526.44,0.813,-1,-1,-1
337,33,578.49,458.46,18.67,54.89,0.646,-1,-1,-1
337,34,675.15,491.27,48.40,103.99,0.802,-1,-1,-1
337,35,660.32,463.71,23.96,72.68,0.415,-1,-1,-1
337,37,707.23,487.14,28.00,97.29,0.463,-1,-1,-1
337,38,731.63,479.87,47.85,113.89,0.688,-1,-1,-1
337,39,1304.31,429.12,34.64,116.64,0.229,-1,-1,-1
337,40,632.16,458.22,23.56,66.73,0.525,-1,-1,-1
337,41,1474.82,437.97,43.73,109.76,0.669,-1,-1,-1
337,42,559.09,459.39,18.71,55.58,0.628,-1,-1,-1
337,43,222.11,399.30,215.66,424.81,0.878,-1,-1,-1
337,44,1780.05,383.46,161.97,471.57,0.463,-1,-1,-1
337,45,1011.35,453.58,27.67,70.64,0.524,-1,-1,-1
337,46,7.14,447.70,132.25,336.15,0.923,-1,-1,-1
338,5,1059.36,394.98,197.30,616.84,0.903,-1,-1,-1
338,8,1233.56,449.14,30.15,78.14,0.586,-1,-1,-1
338,19,484.39,455.62,38.65,107.25,0.513,-1,-1,-1
338,20,380.34,463.93,43.13,112.42,0.784,-1,-1,-1
338,25,1826.68,608.26,79.29,241.88,0.514,-1,-1,-1
338,28,416.74,464.78,41.59,103.54,0.522,-1,-1,-1
338,29,885.55,438.45,46.48,129.33,0.723,-1,-1,-1
338,31,597.55,456.59,19.18,54.07,0.490,-1,-1,-1
338,32,898.72,421.11,147.82,526.58,0.799,-1,-1,-1
338,33,578.09,457.82,18.95,55.52,0.643,-1,-1,-1
338,34,674.76,491.13,48.88,104.97,0.829,-1,-1,-1
338,35,660.15,463.84,23.92,72.86,0.399,-1,-1,-1
338,37,706.92,487.84,27.91,96.86,0.436,-1,-1,-1
338,38,731.54,479.81,47.81,113.90,0.705,-1,-1,-1
338,39,1304.24,429.52,34.36,116.19,0.345,-1,-1,-1
338,40,632.11,458.17,23.70,67.27,0.514,-1,-1,-1
338,41,1479.02,438.46,43.64,109.24,0.696,-1,-1,-1
338,42,558.87,459.53,18.69,55.65,0.640,-1,-1,-1
338,43,232.62,400.55,213.81,423.79,0.878,-1,-1,-1
338,44,1786.72,383.26,160.20,470.87,0.211,-1,-1,-1
338,45,1011.27,454.23,27.53,70.02,0.543,-1,-1,-1
338,46,7.75,446.21,133.48,337.96,0.923,-1,-1,-1
339,5,1060.18,394.62,197.45,617.61,0.899,-1,-1,-1
339,8,1236.57,448.68,29.53,75.15,0.544,-1,-1,-1
339,19,483.64,455.63,38.18,107.39,0.578,-1,-1,-1
339,20,380.42,464.11,43.19,112.26,0.774,-1,-1,-1
339,28,417.98,462.66,42.02,105.43,0.548,-1,-1,-1
339,29,886.91,438.98,46.47,128.27,0.652,-1,-1,-1
339,31,597.77,456.63,19.20,54.01,0.511,-1,-1,-1
339,32,898.23,421.16,148.19,526.95,0.802,-1,-1,-1
339,33,578.12,457.63,19.06,55.49,0.634,-1,-1,-1
339,34,674.27,490.58,49.58,106.54,0.823,-1,-1,-1
339,35,660.03,463.83,23.82,72.79,0.377,-1,-1,-1
339,37,707.04,487.97,27.88,96.82,0.433,-1,-1,-1
339,38,731.31,479.75,47.79,114.00,0.735,-1,-1,-1
339,39,1304.29,428.88,34.45,116.81,0.182,-1,-1,-1
339,40,632.49,458.36,23.60,66.97,0.516,-1,-1,-1
339,41,1483.80,439.41,44.03,108.57,0.710,-1,-1,-1
339,42,558.68,459.64,18.71,55.74,0.646,-1,-1,-1
339,43,240.18,400.70,213.15,423.28,0.888,-1,-1,-1
339,44,1794.39,382.25,158.79,471.97,0.126,-1,-1,-1
339,45,1011.22,454.20,27.54,69.94,0.515,-1,-1,-1
339,46,7.99,445.64,134.21,338.16,0.932,-1,-1,-1
340,5,1061.58,394.35,197.49,617.72,0.896,-1,-1,-1
340,8,1238.11,448.44,30.13,75.81,0.497,-1,-1,-1
340,19,484.68,456.40,37.73,106.68,0.395,-1,-1,-1
340,20,380.52,464.26,43.31,112.22,0.764,-1,-1,-1
340,28,418.55,463.16,41.62,104.97,0.569,-1,-1,-1
340,29,887.94,439.98,46.41,127.40,0.670,-1,-1,-1
340,31,597.79,456.74,19.32,54.13,0.434,-1,-1,-1
340,32,898.21,421.19,148.47,527.11,0.796,-1,-1,-1
340,33,578.06,457.39,19.23,55.66,0.652,-1,-1,-1
340,34,674.39,490.93,49.59,106.58,0.831,-1,-1,-1
340,35,659.96,463.74,23.81,72.97,0.297,-1,-1,-1
340,36,1190.40,420.43,81.01,191.83,0.575,-1,-1,-1
340,37,706.78,487.66,27.94,96.84,0.459,-1,-1,-1
340,38,731.17,479.54,47.81,114.28,0.732,-1,-1,-1
340,39,1304.33,427.96,34.64,117.77,0.163,-1,-1,-1
340,40,632.47,458.73,23.38,66.36,0.378,-1,-1,-1
340,41,1486.69,439.53,44.69,108.46,0.799,-1,-1,-1
340,42,558.50,458.70,18.84,56.21,0.638,-1,-1,-1
340,43,245.59,403.30,212.05,420.48,0.897,-1,-1,-1
340,45,1011.02,454.07,27.60,69.90,0.526,-1,-1,-1
340,46,8.09,444.74,135.20,338.79,0.929,-1,-1,-1
341,5,1063.36,394.11,197.60,617.72,0.887,-1,-1,-1
341,8,1239.49,448.57,30.65,76.10,0.544,-1,-1,-1
341,19,483.75,455.79,37.48,107.15,0.495,-1,-1,-1
341,20,380.74,464.23,43.48,112.15,0.739,-1,-1,-1
341,28,419.53,462.74,41.61,105.62,0.518,-1,-1,-1
341,29,890.18,440.91,46.59,127.73,0.656,-1,-1,-1
341,31,597.80,456.59,19.52,54.34,0.449,-1,-1,-1
341,32,893.30,422.02,147.51,525.88,0.774,-1,-1,-1
341,33,578.25,457.91,19.25,55.20,0.651,-1,-1,-1
341,34,674.31,490.59,49.53,106.36,0.826,-1,-1,-1
341,35,659.97,463.79,23.69,72.57,0.400,-1,-1,-1
341,37,706.56,486.75,28.34,98.35,0.440,-1,-1,-1
341,38,731.56,479.17,47.84,114.47,0.736,-1,-1,-1
341,39,1304.55,427.53,34.65,118.18,0.205,-1,-1,-1
341,40,632.48,458.93,22.97,65.17,0.480,-1,-1,-1
341,41,1487.83,436.07,46.68,111.86,0.750,-1,-1,-1
341,42,558.91,459.00,18.61,55.64,0.649,-1,-1,-1
341,43,249.55,406.33,211.25,417.32,0.921,-1,-1,-1
341,45,1010.89,453.88,27.69,69.92,0.505,-1,-1,-1
341,46,5.69,442.40,140.77,352.02,0.863,-1,-1,-1
342,5,1065.49,394.04,197.91,617.62,0.896,-1,-1,-1
342,8,1242.91,448.32,29.07,71.30,0.323,-1,-1,-1
342,19,484.75,455.77,37.15,106.59,0.537,-1,-1,-1
342,20,381.20,464.18,43.59,112.18,0.781,-1,-1,-1
342,28,420.30,463.42,41.27,105.29,0.537,-1,-1,-1
342,29,892.24,441.27,46.71,128.14,0.606,-1,-1,-1
342,31,598.38,457.09,19.42,53.82,0.355,-1,-1,-1
342,32,891.47,423.07,146.60,524.65,0.763,-1,-1,-1
342,33,578.83,458.22,19.34,55.04,0.612,-1,-1,-1
342,34,674.67,490.28,48.94,104.82,0.816,-1,-1,-1
342,35,660.32,463.54,23.62,72.30,0.308,-1,-1,-1
342,37,706.85,486.54,28.44,98.65,0.417,-1,-1,-1
342,38,731.64,478.46,48.73,116.95,0.730,-1,-1,-1
342,39,1304.84,428.31,34.34,117.38,0.315,-1,-1,-1
342,40,633.18,458.57,22.92,64.94,0.380,-1,-1,-1
342,41,1490.60,436.22,46.84,111.52,0.458,-1,-1,-1
342,42,560.25,460.19,18.13,54.45,0.661,-1,-1,-1
342,43,251.57,405.97,212.25,417.57,0.923,-1,-1,-1
342,45,1011.02,453.76,27.63,69.44,0.454,-1,-1,-1
342,46,6.52,440.90,140.05,348.57,0.886,-1,-1,-1
343,5,1067.03,395.22,197.84,616.59,0.894,-1,-1,-1
343,8,1246.46,448.13,27.71,66.68,0.538,-1,-1,-1
343,19,485.36,454.98,37.38,107.31,0.586,-1,-1,-1
343,20,381.31,463.95,43.67,112.21,0.732,-1,-1,-1
343,28,419.67,464.28,40.99,104.54,0.534,-1,-1,-1
343,29,894.13,441.34,46.41,127.32,0.558,-1,-1,-1
343,31,598.33,456.37,19.56,53.75,0.452,-1,-1,-1
343,32,890.89,423.86,145.75,524.02,0.761,-1,-1,-1
343,33,579.55,458.51,19.23,54.74,0.555,-1,-1,-1
343,34,675.47,490.87,48.10,102.54,0.824,-1,-1,-1
343,35,660.47,463.41,23.82,72.88,0.322,-1,-1,-1
343,37,707.18,486.90,28.21,97.64,0.428,-1,-1,-1
343,38,732.54,478.02,48.79,116.97,0.750,-1,-1,-1
343,39,1305.15,429.21,33.95,116.40,0.445,-1,-1,-1
343,40,633.03,458.02,23.24,65.84,0.347,-1,-1,-1
343,41,1491.43,436.04,47.47,111.62,0.587,-1,-1,-1
343,42,560.56,460.76,17.97,54.21,0.662,-1,-1,-1
343,43,251.91,406.63,212.52,416.16,0.922,-1,-1,-1
343,45,1010.97,453.34,27.85,69.66,0.541,-1,-1,-1
343,46,5.37,439.30,142.43,353.19,0.910,-1,-1,-1
344,5,1067.38,394.80,198.07,617.07,0.896,-1,-1,-1
344,8,1247.93,448.12,27.10,64.31,0.524,-1,-1,-1
344,19,485.06,455.05,37.29,107.40,0.487,-1,-1,-1
344,20,381.72,463.92,43.70,112.14,0.752,-1,-1,-1
344,28,420.20,464.50,40.78,104.49,0.505,-1,-1,-1
344,29,895.18,440.87,47.18,129.65,0.446,-1,-1,-1
344,31,598.14,456.07,19.66,53.59,0.424,-1,-1,-1
344,32,891.74,424.43,144.96,523.31,0.751,-1,-1,-1
344,33,579.85,458.25,19.37,55.08,0.574,-1,-1,-1
344,34,675.29,491.34,47.96,101.80,0.816,-1,-1,-1
344,35,660.38,463.40,23.85,72.93,0.299,-1,-1,-1
344,37,707.69,487.89,27.85,96.38,0.269,-1,-1,-1
344,38,732.89,477.81,48.89,116.87,0.709,-1,-1,-1
344,39,1305.12,429.66,33.71,115.89,0.302,-1,-1,-1
344,40,632.90,457.63,23.25,65.75,0.371,-1,-1,-1
344,41,1492.47,434.33,48.42,113.39,0.215,-1,-1,-1
344,42,560.71,461.42,17.72,53.61,0.628,-1,-1,-1
344,43,253.28,407.22,212.07,413.96,0.923,-1,-1,-1
344,45,1010.41,452.20,28.52,71.15,0.515,-1,-1,-1
344,46,4.94,439.22,143.00,353.08,0.917,-1,-1,-1
345,5,1067.75,395.00,198.07,616.83,0.874,-1,-1,-1
345,8,1248.61,447.96,28.09,66.32,0.389,-1,-1,-1
345,19,485.00,454.90,37.29,107.13,0.457,-1,-1,-1
345,20,382.71,463.31,43.63,112.36,0.545,-1,-1,-1
345,28,420.57,463.70,40.94,105.61,0.507,-1,-1,-1
345,29,897.43,440.30,46.65,128.31,0.515,-1,-1,-1
345,31,598.23,455.77,19.88,53.94,0.318,-1,-1,-1
345,32,894.73,423.85,144.48,523.68,0.761,-1,-1,-1
345,33,580.83,457.89,19.42,55.36,0.559,-1,-1,-1
345,34,674.85,490.86,48.92,103.56,0.807,-1,-1,-1
345,35,660.44,463.39,23.86,72.77,0.335,-1,-1,-1
345,37,706.77,486.45,28.72,99.33,0.450,-1,-1,-1
345,38,733.46,477.92,48.82,116.24,0.670,-1,-1,-1
345,40,633.29,458.21,23.35,66.19,0.441,-1,-1,-1
345,41,1493.17,435.42,48.39,112.19,0.555,-1,-1,-1
345,42,561.08,461.42,17.52,53.20,0.555,-1,-1,-1
345,43,256.24,407.57,211.31,412.04,0.925,-1,-1,-1
345,45,1010.81,452.70,28.17,70.34,0.557,-1,-1,-1
345,46,8.87,438.42,142.17,351.03,0.891,-1,-1,-1
346,5,1068.76,395.72,198.09,616.05,0.884,-1,-1,-1
346,8,1249.33,448.09,27.07,63.31,0.437,-1,-1,-1
346,19,485.07,454.36,37.45,107.21,0.251,-1,-1,-1
346,20,384.68,462.46,43.63,113.06,0.520,-1,-1,-1
346,28,421.31,461.40,41.26,107.53,0.483,-1,-1,-1
346,29,901.69,439.64,45.90,127.08,0.446,-1,-1,-1
346,31,598.46,456.18,19.58,52.78,0.367,-1,-1,-1
346,32,899.33,423.46,144.28,524.00,0.784,-1,-1,-1
346,33,581.53,458.16,19.23,54.92,0.553,-1,-1,-1
346,34,675.03,491.11,48.76,102.83,0.783,-1,-1,-1
346,35,660.31,463.48,23.90,72.60,0.324,-1,-1,-1
346,37,706.17,484.87,29.12,100.60,0.245,-1,-1,-1
346,38,733.72,478.34,49.07,116.63,0.679,-1,-1,-1
346,40,632.73,458.25,23.69,67.18,0.523,-1,-1,-1
346,42,560.69,459.21,18.09,54.76,0.588,-1,-1,-1
346,43,260.66,407.10,210.26,411.14,0.916,-1,-1,-1
346,45,1010.93,452.99,28.01,70.06,0.478,-1,-1,-1
346,46,21.59,437.41,139.55,348.34,0.826,-1,-1,-1
347,5,1069.08,396.02,198.09,615.79,0.859,-1,-1,-1
347,8,1248.97,448.14,26.92,62.65,0.458,-1,-1,-1
347,19,484.90,454.00,37.58,107.40,0.320,-1,-1,-1
347,28,421.29,458.67,41.87,110.10,0.425,-1,-1,-1
347,29,904.09,439.68,45.52,126.89,0.382,-1,-1,-1
347,31,598.57,456.18,19.56,52.33,0.404,-1,-1,-1
347,32,901.39,423.26,143.81,524.09,0.768,-1,-1,-1
347,33,582.28,458.05,19.10,54.71,0.495,-1,-1,-1
347,34,674.97,490.32,49.14,103.28,0.790,-1,-1,-1
347,35,660.16,463.47,23.96,72.55,0.315,-1,-1,-1
347,37,706.46,483.86,29.66,102.63,0.104,-1,-1,-1
347,38,733.86,478.70,48.93,116.06,0.702,-1,-1,-1
347,40,632.30,458.16,23.86,67.59,0.615,-1,-1,-1
347,42,560.41,458.13,18.38,55.52,0.636,-1,-1,-1
347,43,266.38,405.64,208.41,410.79,0.926,-1,-1,-1
347,45,1011.13,453.49,27.64,69.20,0.480,-1,-1,-1
347,46,34.01,436.81,137.46,347.01,0.800,-1,-1,-1
348,5,1069.79,395.33,198.65,616.46,0.851,-1,-1,-1
348,8,1246.71,447.84,30.73,71.90,0.517,-1,-1,-1
348,19,484.09,454.51,37.56,107.51,0.503,-1,-1,-1
348,28,421.74,459.57,41.40,110.02,0.489,-1,-1,-1
348,29,906.71,439.00,44.80,125.74,0.345,-1,-1,-1
348,31,599.16,456.55,19.24,51.53,0.348,-1,-1,-1
348,32,901.11,423.29,143.02,524.31,0.807,-1,-1,-1
348,33,583.07,456.28,19.59,56.20,0.548,-1,-1,-1
348,34,674.54,488.82,49.33,103.32,0.749,-1,-1,-1
348,35,660.64,463.49,23.69,71.59,0.226,-1,-1,-1
348,37,709.14,487.24,28.49,99.28,0.273,-1,-1,-1
348,38,733.51,478.13,49.55,117.62,0.706,-1,-1,-1
348,40,632.02,458.63,23.78,67.47,0.546,-1,-1,-1
348,42,560.13,456.86,18.85,56.95,0.653,-1,-1,-1
348,43,274.67,404.33,204.80,408.42,0.915,-1,-1,-1
348,45,1011.35,453.65,27.45,68.89,0.245,-1,-1,-1
348,46,46.44,436.01,136.15,347.36,0.824,-1,-1,-1
349,5,1070.25,394.41,199.51,617.64,0.867,-1,-1,-1
349,8,1246.32,447.82,32.41,76.19,0.556,-1,-1,-1
349,19,483.72,454.77,37.50,107.66,0.536,-1,-1,-1
349,28,421.54,460.70,40.99,109.82,0.518,-1,-1,-1
349,29,908.37,439.96,43.54,122.69,0.220,-1,-1,-1
349,31,599.22,457.10,19.10,51.39,0.209,-1,-1,-1
349,32,901.11,423.09,142.23,524.70,0.807,-1,-1,-1
349,33,583.26,455.12,20.03,57.47,0.478,-1,-1,-1
349,34,673.82,487.91,50.09,104.80,0.790,-1,-1,-1
349,35,660.64,463.31,23.41,70.70,0.185,-1,-1,-1
349,37,711.11,489.60,27.41,96.45,0.413,-1,-1,-1
349,38,732.16,478.08,50.01,119.34,0.675,-1,-1,-1
349,40,631.50,459.17,23.74,67.43,0.543,-1,-1,-1
349,42,559.74,456.10,19.15,57.77,0.665,-1,-1,-1
349,43,284.16,403.88,199.63,404.41,0.899,-1,-1,-1
349,45,1011.47,453.86,27.36,68.71,0.249,-1,-1,-1
349,46,59.66,436.10,135.15,346.79,0.827,-1,-1,-1
350,5,1068.31,395.18,199.59,616.73,0.873,-1,-1,-1
350,8,1245.16,447.74,33.23,77.81,0.455,-1,-1,-1
350,19,482.98,454.46,37.23,107.59,0.454,-1,-1,-1
350,28,421.87,459.00,41.43,111.93,0.383,-1,-1,-1
350,31,599.62,457.33,18.94,51.30,0.319,-1,-1,-1
350,32,903.65,422.91,142.15,524.98,0.799,-1,-1,-1
350,33,583.56,454.40,20.28,58.24,0.524,-1,-1,-1
350,34,673.51,487.65,50.12,104.54,0.755,-1,-1,-1
350,35,660.47,462.93,23.56,71.04,0.211,-1,-1,-1
350,37,712.44,491.91,26.28,93.09,0.214,-1,-1,-1
350,38,732.03,477.71,49.65,118.79,0.675,-1,-1,-1
350,40,631.28,459.66,23.66,66.97,0.558,-1,-1,-1
350,42,559.57,456.17,19.17,57.71,0.676,-1,-1,-1
350,43,295.73,402.89,194.28,401.53,0.860,-1,-1,-1
350,46,75.37,437.37,135.11,344.79,0.893,-1,-1,-1
351,5,1068.61,394.47,200.12,617.43,0.881,-1,-1,-1
351,8,1243.78,447.66,33.23,77.60,0.564,-1,-1,-1
351,19,482.53,452.32,35.89,103.59,0.141,-1,-1,-1
351,28,421.64,458.58,40.95,111.86,0.188,-1,-1,-1
351,31,599.37,457.40,18.96,51.60,0.271,-1,-1,-1
351,32,903.58,422.89,141.72,524.94,0.794,-1,-1,-1
351,33,583.88,453.93,20.39,58.56,0.497,-1,-1,-1
351,34,673.42,487.80,49.79,103.43,0.771,-1,-1,-1
351,35,660.14,462.67,23.59,71.11,0.170,-1,-1,-1
351,37,713.32,493.11,25.58,91.06,0.187,-1,-1,-1
351,38,732.27,477.12,49.05,117.56,0.707,-1,-1,-1
351,40,631.07,459.59,23.51,66.45,0.504,-1,-1,-1
351,42,559.27,456.14,19.15,57.61,0.688,-1,-1,-1
351,43,307.51,400.77,189.10,400.05,0.801,-1,-1,-1
351,46,89.67,437.78,136.76,344.37,0.892,-1,-1,-1
351,47,-0.25,529.92,50.57,325.72,0.722,-1,-1,-1
352,5,1070.38,394.10,201.00,618.09,0.860,-1,-1,-1
352,8,1242.04,447.87,34.16,79.57,0.569,-1,-1,-1
352,9,347.55,397.15,150.20,399.54,0.788,-1,-1,-1
352,19,481.27,453.56,36.61,105.64,0.616,-1,-1,-1
352,28,423.60,457.19,40.41,111.35,0.107,-1,-1,-1
352,31,599.01,456.99,19.08,52.09,0.224,-1,-1,-1
352,32,906.67,422.84,142.16,525.24,0.823,-1,-1,-1
352,33,583.27,453.88,20.29,58.37,0.435,-1,-1,-1
352,34,673.21,487.92,49.05,101.45,0.735,-1,-1,-1
352,35,659.34,462.70,23.26,69.92,0.151,-1,-1,-1
352,37,712.30,485.68,27.63,99.19,0.115,-1,-1,-1
352,38,732.50,476.78,48.64,116.54,0.735,-1,-1,-1
352,40,630.77,459.63,23.59,66.54,0.521,-1,-1,-1
352,42,559.25,455.87,19.15,57.64,0.692,-1,-1,-1
352,46,101.17,437.92,140.25,344.67,0.897,-1,-1,-1
352,47,1.16,474.07,59.15,380.64,0.802,-1,-1,-1
353,5,1071.79,392.35,202.52,620.01,0.852,-1,-1,-1
353,8,1241.21,447.96,34.58,80.22,0.656,-1,-1,-1
353,19,480.46,453.88,36.59,106.02,0.367,-1,-1,-1
353,28,425.12,456.18,39.47,109.55,0.213,-1,-1,-1
353,31,598.22,456.94,19.14,52.23,0.200,-1,-1,-1
353,32,905.94,422.62,141.80,525.31,0.814,-1,-1,-1
353,33,582.71,453.61,20.32,58.56,0.498,-1,-1,-1
353,34,672.96,488.76,49.22,101.31,0.744,-1,-1,-1
353,35,659.07,462.58,23.06,69.07,0.132,-1,-1,-1
353,37,712.27,487.85,26.83,96.64,0.214,-1,-1,-1
353,38,732.61,476.92,48.23,115.60,0.710,-1,-1,-1
353,40,630.69,459.49,23.41,65.96,0.383,-1,-1,-1
353,41,1513.51,435.02,47.37,111.28,0.557,-1,-1,-1
353,42,559.37,455.84,19.09,57.60,0.705,-1,-1,-1
353,43,325.42,397.21,186.02,403.17,0.697,-1,-1,-1
353,46,108.93,439.32,144.39,343.42,0.913,-1,-1,-1
353,47,6.10,449.58,63.35,404.97,0.872,-1,-1,-1
353,48,525.61,456.51,22.03,61.63,0.602,-1,-1,-1
354,5,1071.97,392.30,203.17,620.14,0.849,-1,-1,-1
354,8,1243.05,447.96,34.70,80.97,0.642,-1,-1,-1
354,9,333.47,398.19,145.95,402.98,0.816,-1,-1,-1
354,19,480.94,454.42,36.54,105.98,0.224,-1,-1,-1
354,31,597.57,456.65,19.28,52.66,0.167,-1,-1,-1
354,32,906.90,422.17,141.65,525.32,0.809,-1,-1,-1
354,33,582.73,453.53,20.32,58.71,0.543,-1,-1,-1
354,34,672.67,487.71,49.91,102.41,0.735,-1,-1,-1
354,36,1050.49,434.20,85.32,210.04,0.675,-1,-1,-1
354,37,710.35,487.03,27.02,97.15,0.370,-1,-1,-1
354,38,732.67,478.56,48.01,114.92,0.737,-1,-1,-1
354,40,630.94,460.06,23.17,65.02,0.402,-1,-1,-1
354,41,1516.44,432.72,47.74,113.51,0.531,-1,-1,-1
354,42,559.62,455.50,19.11,57.74,0.719,-1,-1,-1
354,46,113.32,440.21,148.94,342.56,0.917,-1,-1,-1
354,47,10.05,438.20,65.86,416.33,0.890,-1,-1,-1
354,48,525.35,456.50,22.36,62.61,0.600,-1,-1,-1
354,49,544.86,456.92,16.47,55.33,0.591,-1,-1,-1
355,5,1070.86,392.36,203.34,620.08,0.857,-1,-1,-1
355,8,1243.52,447.99,35.05,82.91,0.645,-1,-1,-1
355,19,480.77,454.80,36.47,106.45,0.517,-1,-1,-1
355,31,596.91,456.41,19.24,52.71,0.118,-1,-1,-1
355,32,908.15,421.97,140.88,524.58,0.789,-1,-1,-1
355,33,582.59,453.34,20.31,58.79,0.518,-1,-1,-1
355,34,672.54,487.13,50.07,102.36,0.683,-1,-1,-1
355,36,1044.55,435.12,83.84,211.50,0.602,-1,-1,-1
355,37,709.51,486.53,27.27,97.92,0.364,-1,-1,-1
355,38,733.14,479.42,47.53,113.51,0.677,-1,-1,-1
355,40,630.31,459.32,23.74,66.67,0.614,-1,-1,-1
355,41,1519.66,432.71,47.31,113.35,0.619,-1,-1,-1
355,42,559.86,455.33,19.14,57.81,0.690,-1,-1,-1
355,43,353.76,400.72,179.16,398.24,0.859,-1,-1,-1
355,46,115.26,441.80,152.86,340.86,0.919,-1,-1,-1
355,47,17.98,434.72,67.92,419.42,0.865,-1,-1,-1
355,48,525.23,456.07,22.54,63.20,0.548,-1,-1,-1
355,49,545.25,456.85,16.51,55.46,0.522,-1,-1,-1
356,5,1069.69,392.14,203.44,620.14,0.874,-1,-1,-1
356,8,1243.21,448.11,36.26,86.83,0.555,-1,-1,-1
356,19,480.57,455.13,36.27,106.26,0.464,-1,-1,-1
356,32,910.15,422.44,139.34,520.55,0.775,-1,-1,-1
356,33,582.98,453.36,20.21,58.57,0.527,-1,-1,-1
356,34,672.40,487.10,50.19,102.11,0.725,-1,-1,-1
356,36,1042.64,435.61,80.25,211.23,0.772,-1,-1,-1
356,37,709.72,487.37,27.04,97.19,0.283,-1,-1,-1
356,38,733.27,479.92,47.14,112.74,0.706,-1,-1,-1
356,40,629.86,458.84,24.17,67.84,0.638,-1,-1,-1
356,41,1522.22,432.43,47.41,113.54,0.565,-1,-1,-1
356,42,559.98,455.03,19.20,58.14,0.673,-1,-1,-1
356,43,368.66,403.30,174.54,394.80,0.871,-1,-1,-1
356,46,119.56,442.63,155.58,337.90,0.924,-1,-1,-1
356,47,31.08,434.51,71.45,420.66,0.889,-1,-1,-1
356,48,524.85,455.77,22.83,64.13,0.643,-1,-1,-1
356,49,545.48,456.82,16.59,55.74,0.417,-1,-1,-1
357,5,1070.37,392.82,203.65,619.51,0.871,-1,-1,-1
357,8,1243.10,447.86,37.52,91.40,0.672,-1,-1,-1
357,9,58.00,437.57,153.98,407.57,0.912,-1,-1,-1
357,19,481.08,455.81,34.79,101.70,0.288,-1,-1,-1
357,32,914.34,423.05,138.75,519.00,0.777,-1,-1,-1
357,33,583.26,453.30,20.25,58.61,0.603,-1,-1,-1
357,34,672.09,487.08,51.21,103.72,0.797,-1,-1,-1
357,36,1044.07,434.49,79.73,212.62,0.775,-1,-1,-1
357,37,709.36,487.86,26.89,96.40,0.381,-1,-1,-1
357,38,733.37,480.31,46.89,112.40,0.715,-1,-1,-1
357,40,629.66,458.77,24.16,67.93,0.676,-1,-1,-1
357,41,1524.97,435.55,46.31,110.26,0.558,-1,-1,-1
357,42,560.14,454.60,19.32,58.63,0.699,-1,-1,-1
357,43,380.64,404.42,173.22,394.10,0.861,-1,-1,-1
357,46,125.59,442.45,156.87,335.10,0.906,-1,-1,-1
357,48,524.92,456.19,22.32,62.81,0.590,-1,-1,-1
357,49,545.42,457.43,16.46,55.26,0.538,-1,-1,-1
358,5,1070.24,391.84,204.16,620.42,0.868,-1,-1,-1
358,8,1243.37,447.78,37.90,93.63,0.704,-1,-1,-1
358,19,480.88,456.17,35.12,103.24,0.488,-1,-1,-1
358,32,915.91,423.21,138.21,516.51,0.774,-1,-1,-1
358,33,583.59,453.66,20.05,58.03,0.620,-1,-1,-1
358,34,671.51,486.96,52.52,105.96,0.822,-1,-1,-1
358,36,1043.59,433.79,78.33,213.52,0.819,-1,-1,-1
358,37,710.98,489.85,26.02,93.88,0.342,-1,-1,-1
358,38,733.44,480.27,46.51,111.46,0.662,-1,-1,-1
358,40,629.07,458.84,24.06,67.87,0.632,-1,-1,-1
358,41,1526.30,434.68,46.77,111.09,0.650,-1,-1,-1
358,42,560.76,454.46,19.23,58.57,0.636,-1,-1,-1
358,43,391.64,405.95,172.68,392.85,0.862,-1,-1,-1
358,46,132.49,441.90,154.88,327.39,0.902,-1,-1,-1
358,47,57.24,439.33,77.91,413.46,0.915,-1,-1,-1
358,48,524.95,456.81,22.08,62.27,0.570,-1,-1,-1
358,49,546.16,457.51,16.40,55.03,0.460,-1,-1,-1
359,5,1070.52,392.37,204.33,619.69,0.876,-1,-1,-1
359,8,1244.23,447.83,38.04,94.70,0.626,-1,-1,-1
359,9,10.28,447.52,165.15,406.90,0.921,-1,-1,-1
359,19,480.36,456.20,35.45,104.12,0.549,-1,-1,-1
359,32,914.85,423.43,137.44,516.23,0.780,-1,-1,-1
359,33,584.21,454.07,19.91,57.61,0.616,-1,-1,-1
359,34,671.09,486.88,53.56,107.88,0.826,-1,-1,-1
359,36,1038.01,432.64,76.54,213.89,0.797,-1,-1,-1
359,37,711.54,489.53,25.83,93.85,0.379,-1,-1,-1
359,38,733.29,480.10,46.60,111.75,0.680,-1,-1,-1
359,40,628.84,458.28,24.12,68.51,0.596,-1,-1,-1
359,41,1527.73,433.59,47.05,111.91,0.471,-1,-1,-1
359,42,560.96,454.43,19.22,58.60,0.673,-1,-1,-1
359,43,399.60,405.84,173.61,393.43,0.855,-1,-1,-1
359,46,136.58,440.96,154.78,324.94,0.880,-1,-1,-1
359,48,524.84,457.23,21.77,61.51,0.547,-1,-1,-1
359,49,546.07,458.06,16.27,54.47,0.617,-1,-1,-1
360,5,1071.55,391.09,205.36,620.92,0.869,-1,-1,-1
360,8,1244.85,447.83,38.02,94.93,0.546,-1,-1,-1
360,19,479.18,455.74,35.64,104.84,0.328,-1,-1,-1
360,32,916.61,423.35,136.34,515.23,0.771,-1,-1,-1
360,33,584.35,454.39,19.75,57.28,0.599,-1,-1,-1
360,34,670.34,486.40,54.21,108.89,0.827,-1,-1,-1
360,36,1032.13,432.18,75.09,214.32,0.703,-1,-1,-1
360,37,709.83,487.42,26.32,95.32,0.268,-1,-1,-1
360,38,732.93,479.93,46.40,111.04,0.642,-1,-1,-1
360,40,628.57,458.11,24.07,68.84,0.649,-1,-1,-1
360,41,1530.29,433.01,46.92,112.21,0.176,-1,-1,-1
360,42,561.04,454.10,19.22,58.90,0.649,-1,-1,-1
360,43,406.90,406.47,175.29,392.89,0.883,-1,-1,-1
360,46,142.92,439.58,154.68,324.93,0.891,-1,-1,-1
360,47,66.02,443.81,85.90,407.54,0.911,-1,-1,-1
360,48,524.31,456.81,22.39,63.50,0.629,-1,-1,-1
360,49,546.81,457.93,16.30,54.67,0.584,-1,-1,-1
361,5,1073.29,392.03,206.04,620.11,0.870,-1,-1,-1
361,8,1245.21,448.03,37.81,94.70,0.538,-1,-1,-1
361,9,-0.73,450.58,174.72,406.44,0.923,-1,-1,-1
361,19,479.09,455.83,35.56,104.89,0.206,-1,-1,-1
361,32,918.79,423.73,134.98,512.84,0.781,-1,-1,-1
361,33,583.69,454.49,19.76,57.32,0.657,-1,-1,-1
361,34,669.79,486.62,54.36,108.79,0.818,-1,-1,-1
361,36,1026.38,431.98,74.70,215.45,0.311,-1,-1,-1
361,37,706.76,485.44,27.28,97.76,0.529,-1,-1,-1
361,38,732.93,479.93,46.62,111.31,0.669,-1,-1,-1
361,40,628.38,457.98,24.15,69.15,0.684,-1,-1,-1
361,41,1531.88,431.89,47.00,113.11,0.192,-1,-1,-1
361,42,560.92,454.16,19.10,58.67,0.651,-1,-1,-1
361,43,409.90,406.37,177.41,393.19,0.896,-1,-1,-1
361,46,147.10,438.72,154.61,325.69,0.883,-1,-1,-1
361,48,522.26,456.18,23.00,64.96,0.715,-1,-1,-1
361,49,546.59,457.93,16.33,54.77,0.628,-1,-1,-1
362,5,1072.59,393.04,206.12,618.78,0.862,-1,-1,-1
362,8,1245.51,448.33,37.66,94.59,0.555,-1,-1,-1
362,32,922.36,424.03,134.83,511.40,0.768,-1,-1,-1
362,33,582.89,454.73,19.74,57.23,0.602,-1,-1,-1
362,34,669.41,486.99,54.25,107.85,0.798,-1,-1,-1
362,36,1024.03,431.36,72.75,215.18,0.795,-1,-1,-1
362,37,705.40,484.71,27.94,99.57,0.235,-1,-1,-1
362,38,732.91,480.14,46.71,111.06,0.612,-1,-1,-1
362,40,627.94,457.93,23.98,69.14,0.651,-1,-1,-1
362,41,1534.74,431.93,46.27,112.15,0.140,-1,-1,-1
362,42,561.69,454.53,18.90,58.37,0.618,-1,-1,-1
362,43,411.56,407.92,179.05,391.91,0.905,-1,-1,-1
362,46,152.32,436.79,154.11,327.41,0.878,-1,-1,-1
362,47,66.15,446.01,96.75,407.58,0.932,-1,-1,-1
362,48,521.41,455.37,23.40,65.97,0.709,-1,-1,-1
362,49,547.38,457.85,16.39,54.91,0.609,-1,-1,-1
363,5,1071.73,393.81,206.15,617.96,0.861,-1,-1,-1
363,8,1245.57,448.76,37.51,94.19,0.607,-1,-1,-1
363,9,-2.99,450.90,182.02,406.52,0.911,-1,-1,-1
363,32,926.13,424.47,134.77,510.57,0.796,-1,-1,-1
363,33,581.94,454.60,19.91,57.55,0.568,-1,-1,-1
363,34,668.04,486.73,54.66,107.88,0.824,-1,-1,-1
363,36,1021.48,431.80,71.94,215.19,0.456,-1,-1,-1
363,37,704.57,485.08,28.30,99.83,0.539,-1,-1,-1
363,38,732.37,480.43,47.34,112.54,0.632,-1,-1,-1
363,40,627.28,458.18,23.81,69.15,0.596,-1,-1,-1
363,41,1537.37,429.55,46.72,114.24,0.362,-1,-1,-1
363,42,561.90,455.61,18.51,57.22,0.619,-1,-1,-1
363,43,410.92,408.47,181.02,391.79,0.906,-1,-1,-1
363,46,160.03,435.91,152.06,328.00,0.867,-1,-1,-1
363,48,520.71,454.63,23.80,66.84,0.722,-1,-1,-1
363,49,546.88,457.30,16.61,55.59,0.608,-1,-1,-1
364,5,1074.06,393.30,207.30,618.60,0.868,-1,-1,-1
364,8,1246.97,449.68,37.01,93.34,0.607,-1,-1,-1
364,32,929.01,424.39,135.55,510.43,0.812,-1,-1,-1
364,33,581.83,454.93,19.92,57.47,0.628,-1,-1,-1
364,34,668.24,488.05,54.15,106.22,0.770,-1,-1,-1
364,36,1019.70,434.55,70.66,212.79,0.170,-1,-1,-1
364,37,703.87,484.77,28.72,100.40,0.446,-1,-1,-1
364,38,732.93,481.88,46.58,110.43,0.630,-1,-1,-1
364,40,627.30,458.25,23.53,68.76,0.584,-1,-1,-1
364,41,1539.22,427.51,47.19,116.28,0.219,-1,-1,-1
364,42,562.47,455.64,18.42,57.08,0.591,-1,-1,-1
364,43,411.68,410.22,181.89,389.12,0.915,-1,-1,-1
364,46,169.85,434.36,149.35,329.60,0.854,-1,-1,-1
364,47,63.62,444.92,107.75,408.08,0.920,-1,-1,-1
364,48,520.99,454.24,24.11,67.69,0.629,-1,-1,-1
364,49,547.14,456.99,16.64,55.67,0.531,-1,-1,-1
365,5,1075.43,395.74,207.60,616.44,0.873,-1,-1,-1
365,8,1247.11,449.78,37.12,93.85,0.645,-1,-1,-1
365,9,1.02,448.44,189.09,406.89,0.921,-1,-1,-1
365,20,380.93,462.28,43.75,112.93,0.721,-1,-1,-1
365,32,932.56,425.00,135.73,510.86,0.836,-1,-1,-1
365,33,581.42,455.35,19.83,57.13,0.618,-1,-1,-1
365,34,667.59,487.79,55.07,107.48,0.774,-1,-1,-1
365,36,1017.31,434.12,71.21,216.20,0.134,-1,-1,-1
365,37,705.12,485.24,28.52,99.78,0.111,-1,-1,-1
365,38,733.08,482.93,46.05,108.88,0.652,-1,-1,-1
365,40,627.54,458.10,23.40,68.80,0.586,-1,-1,-1
365,41,1542.64,429.55,45.81,114.25,0.394,-1,-1,-1
365,42,563.25,456.49,18.16,56.32,0.595,-1,-1,-1
365,43,411.76,411.42,182.97,387.25,0.918,-1,-1,-1
365,46,181.10,434.88,145.68,328.83,0.810,-1,-1,-1
365,48,521.90,453.93,24.00,67.67,0.668,-1,-1,-1
365,49,547.27,456.50,16.79,56.12,0.585,-1,-1,-1
366,5,1077.05,397.53,208.35,614.63,0.870,-1,-1,-1
366,8,1246.98,450.15,37.04,93.60,0.644,-1,-1,-1
366,20,381.11,462.25,44.18,113.36,0.744,-1,-1,-1
366,32,932.17,424.74,136.47,511.80,0.847,-1,-1,-1
366,33,580.79,455.42,19.84,57.02,0.597,-1,-1,-1
366,34,667.37,489.57,54.34,105.13,0.747,-1,-1,-1
366,37,703.21,483.52,29.15,100.95,0.243,-1,-1,-1
366,38,732.82,483.53,46.15,109.12,0.598,-1,-1,-1
366,40,627.72,458.02,23.35,68.86,0.535,-1,-1,-1
366,41,1544.09,427.31,46.31,116.58,0.124,-1,-1,-1
366,42,563.12,456.30,18.17,56.51,0.670,-1,-1,-1
366,43,411.40,411.01,184.18,386.11,0.915,-1,-1,-1
366,46,189.64,433.78,142.96,329.52,0.779,-1,-1,-1
366,47,72.36,444.21,113.91,400.64,0.902,-1,-1,-1
366,48,523.30,453.74,22.91,64.63,0.526,-1,-1,-1
366,49,547.79,456.55,16.73,55.94,0.608,-1,-1,-1
367,5,1076.45,397.04,209.41,614.96,0.880,-1,-1,-1
367,8,1247.24,450.51,36.90,93.40,0.602,-1,-1,-1
367,9,18.66,447.00,185.05,393.54,0.909,-1,-1,-1
367,20,380.12,462.37,44.54,113.75,0.774,-1,-1,-1
367,32,932.16,424.95,136.99,512.17,0.853,-1,-1,-1
367,33,580.29,455.54,19.72,56.75,0.570,-1,-1,-1
367,34,667.16,491.88,53.34,102.34,0.640,-1,-1,-1
367,37,702.19,483.25,29.72,101.64,0.354,-1,-1,-1
367,38,731.90,483.81,46.39,110.03,0.540,-1,-1,-1
367,40,627.83,457.26,23.30,68.68,0.544,-1,-1,-1
367,42,562.99,456.23,18.18,56.65,0.650,-1,-1,-1
367,43,411.59,411.62,184.34,382.65,0.916,-1,-1,-1
367,46,202.26,434.39,140.40,329.37,0.820,-1,-1,-1
367,48,524.14,453.91,22.73,64.31,0.308,-1,-1,-1
367,49,548.07,456.57,16.66,55.83,0.552,-1,-1,-1
368,5,1076.58,398.13,210.16,614.09,0.875,-1,-1,-1
368,8,1247.61,451.36,36.68,92.58,0.588,-1,-1,-1
368,20,379.73,462.54,44.86,113.86,0.819,-1,-1,-1
368,32,932.75,424.79,137.59,512.54,0.846,-1,-1,-1
368,33,579.65,455.55,19.67,56.79,0.556,-1,-1,-1
368,34,664.19,492.24,52.35,100.30,0.635,-1,-1,-1
368,37,701.08,481.78,30.25,102.09,0.343,-1,-1,-1
368,38,731.85,484.11,45.47,108.12,0.555,-1,-1,-1
368,40,627.97,456.81,23.27,68.40,0.584,-1,-1,-1
368,42,563.06,456.33,18.14,56.61,0.604,-1,-1,-1
368,43,412.01,409.33,185.66,382.85,0.922,-1,-1,-1
368,46,218.16,434.97,139.11,328.77,0.861,-1,-1,-1
368,47,85.55,442.28,114.62,383.21,0.888,-1,-1,-1
368,49,548.14,456.10,16.74,56.25,0.494,-1,-1,-1
369,5,1075.60,396.99,211.43,615.38,0.876,-1,-1,-1
369,8,1248.25,451.97,36.58,91.77,0.592,-1,-1,-1
369,9,53.50,443.50,175.29,380.93,0.888,-1,-1,-1
369,20,379.41,462.49,45.19,114.09,0.798,-1,-1,-1
369,32,933.13,424.35,138.28,513.37,0.847,-1,-1,-1
369,33,579.25,455.47,19.72,57.00,0.541,-1,-1,-1
369,34,662.70,492.30,51.62,98.75,0.553,-1,-1,-1
369,35,659.09,463.63,20.30,60.73,0.523,-1,-1,-1
369,37,701.58,482.75,30.25,101.20,0.422,-1,-1,-1
369,38,731.82,483.97,45.54,108.57,0.595,-1,-1,-1
369,40,627.71,456.98,23.38,68.76,0.516,-1,-1,-1
369,42,563.35,456.66,18.05,56.42,0.551,-1,-1,-1
369,43,414.85,408.74,185.99,382.70,0.914,-1,-1,-1
369,46,232.28,435.17,139.28,329.17,0.904,-1,-1,-1
369,49,548.48,455.95,16.72,56.30,0.333,-1,-1,-1
370,5,1075.65,396.32,212.62,616.15,0.876,-1,-1,-1
370,8,1248.74,451.53,37.00,92.24,0.578,-1,-1,-1
370,20,379.22,462.80,45.26,113.81,0.790,-1,-1,-1
370,32,935.15,422.94,139.24,514.94,0.856,-1,-1,-1
370,33,579.03,455.47,19.71,57.00,0.506,-1,-1,-1
370,34,660.20,490.97,50.90,97.36,0.650,-1,-1,-1
370,35,659.43,463.92,19.78,58.53,0.513,-1,-1,-1
370,37,700.56,483.88,30.68,100.95,0.484,-1,-1,-1
370,38,731.63,483.83,45.84,109.62,0.669,-1,-1,-1
370,40,627.65,456.69,23.08,67.71,0.592,-1,-1,-1
370,42,563.44,456.16,18.15,56.81,0.568,-1,-1,-1
370,43,418.67,408.70,185.08,380.87,0.912,-1,-1,-1
370,46,244.48,436.40,139.82,327.75,0.903,-1,-1,-1
370,47,118.42,438.47,114.51,380.06,0.843,-1,-1,-1
370,49,548.18,455.27,16.84,56.80,0.280,-1,-1,-1
371,5,1074.28,394.45,213.73,617.82,0.876,-1,-1,-1
371,8,1249.11,451.05,37.44,92.77,0.509,-1,-1,-1
371,20,378.77,462.65,45.34,113.86,0.790,-1,-1,-1
371,32,937.97,420.56,140.38,517.43,0.825,-1,-1,-1
371,33,578.97,455.91,19.52,56.44,0.499,-1,-1,-1
371,34,658.30,490.34,50.44,96.63,0.611,-1,-1,-1
371,35,659.69,463.90,19.04,55.65,0.521,-1,-1,-1
371,37,700.45,483.99,30.83,99.59,0.596,-1,-1,-1
371,38,731.74,483.53,45.47,109.09,0.608,-1,-1,-1
371,40,626.59,456.48,23.60,69.07,0.589,-1,-1,-1
371,42,563.89,456.29,18.04,56.68,0.504,-1,-1,-1
371,43,425.85,408.67,181.56,375.44,0.898,-1,-1,-1
371,46,253.16,437.56,141.48,326.46,0.898,-1,-1,-1
371,47,128.95,437.65,114.29,380.52,0.812,-1,-1,-1
371,49,547.43,455.02,16.97,57.07,0.213,-1,-1,-1
372,5,1074.04,396.89,213.45,615.23,0.889,-1,-1,-1
372,8,1250.77,450.49,37.85,92.97,0.530,-1,-1,-1
372,20,378.91,462.71,45.43,113.85,0.788,-1,-1,-1
372,28,418.98,462.01,38.71,108.42,0.518,-1,-1,-1
372,32,939.66,419.45,141.10,518.16,0.837,-1,-1,-1
372,33,579.58,455.93,19.42,56.39,0.490,-1,-1,-1
372,34,657.49,490.21,50.43,96.36,0.655,-1,-1,-1
372,35,659.87,464.05,18.45,53.29,0.467,-1,-1,-1
372,37,701.06,484.23,31.14,100.07,0.353,-1,-1,-1
372,38,731.75,483.12,45.24,108.89,0.599,-1,-1,-1
372,40,626.13,456.46,23.80,69.53,0.567,-1,-1,-1
372,42,564.42,456.24,17.89,56.21,0.507,-1,-1,-1
372,43,433.58,406.72,178.15,371.82,0.901,-1,-1,-1
372,46,258.98,438.94,143.57,324.87,0.911,-1,-1,-1
372,47,139.74,437.02,114.50,380.66,0.806,-1,-1,-1
373,5,1073.86,396.53,214.07,615.26,0.865,-1,-1,-1
373,8,1253.70,449.68,38.24,93.29,0.565,-1,-1,-1
373,9,116.25,440.08,169.84,378.11,0.858,-1,-1,-1
373,20,380.06,462.90,45.51,113.49,0.772,-1,-1,-1
373,28,418.46,460.56,39.07,109.86,0.521,-1,-1,-1
373,32,943.92,419.19,141.79,518.40,0.861,-1,-1,-1
373,33,581.12,455.35,19.51,56.72,0.572,-1,-1,-1
373,34,657.17,490.19,50.10,95.22,0.582,-1,-1,-1
373,35,660.49,464.06,17.68,49.96,0.499,-1,-1,-1
373,37,701.70,484.68,31.26,99.65,0.346,-1,-1,-1
373,38,731.96,482.97,46.25,111.86,0.623,-1,-1,-1
373,40,626.61,456.61,24.07,70.02,0.492,-1,-1,-1
373,42,564.86,455.55,18.29,57.49,0.480,-1,-1,-1
373,43,443.72,404.79,174.19,369.12,0.920,-1,-1,-1
373,46,263.99,440.07,144.43,322.58,0.901,-1,-1,-1
374,5,1074.74,397.47,214.29,614.24,0.866,-1,-1,-1
374,8,1255.32,449.49,38.55,93.23,0.618,-1,-1,-1
374,20,380.65,463.00,45.51,113.30,0.775,-1,-1,-1
374,28,419.60,461.60,38.65,109.41,0.573,-1,-1,-1
374,32,945.82,420.46,141.72,517.62,0.817,-1,-1,-1
374,33,582.24,455.09,19.50,56.69,0.387,-1,-1,-1
374,34,655.19,489.07,51.38,97.82,0.537,-1,-1,-1
374,35,660.71,464.07,17.22,48.02,0.444,-1,-1,-1
374,37,702.49,484.90,31.59,99.67,0.481,-1,-1,-1
374,38,732.40,482.74,45.65,110.97,0.566,-1,-1,-1
374,40,627.80,456.57,24.27,70.50,0.363,-1,-1,-1
374,43,456.07,403.10,171.31,368.61,0.895,-1,-1,-1
374,46,273.64,440.84,142.14,316.01,0.886,-1,-1,-1
374,47,172.18,439.19,117.84,376.83,0.893,-1,-1,-1
374,50,0.41,454.95,48.39,353.98,0.578,-1,-1,-1
375,5,1075.90,398.30,214.91,613.59,0.868,-1,-1,-1
375,8,1256.40,449.11,38.72,93.18,0.666,-1,-1,-1
375,9,152.36,443.10,169.90,374.11,0.903,-1,-1,-1
375,20,380.66,462.85,45.59,113.42,0.783,-1,-1,-1
375,28,420.14,461.11,38.43,109.68,0.192,-1,-1,-1
375,32,948.15,420.57,141.92,517.49,0.822,-1,-1,-1
375,33,582.84,454.78,19.39,56.45,0.510,-1,-1,-1
375,34,654.37,490.45,50.12,95.21,0.426,-1,-1,-1
375,35,661.35,464.24,16.68,45.84,0.391,-1,-1,-1
375,37,702.73,484.56,31.97,100.19,0.339,-1,-1,-1
375,38,732.35,482.66,44.95,109.60,0.563,-1,-1,-1
375,40,628.26,456.60,24.36,70.39,0.611,-1,-1,-1
375,43,468.81,402.28,168.34,368.45,0.876,-1,-1,-1
375,46,269.96,440.90,143.19,313.14,0.864,-1,-1,-1
375,50,2.15,442.94,50.47,368.88,0.460,-1,-1,-1
376,5,1075.05,397.84,215.64,613.90,0.889,-1,-1,-1
376,8,1256.64,448.78,39.00,93.38,0.671,-1,-1,-1
376,20,380.65,462.67,45.89,113.62,0.792,-1,-1,-1
376,28,418.48,463.41,37.95,107.49,0.467,-1,-1,-1
376,32,949.20,419.81,142.41,518.08,0.818,-1,-1,-1
376,33,583.31,454.77,19.38,56.46,0.318,-1,-1,-1
376,34,652.04,491.42,50.74,96.29,0.581,-1,-1,-1
376,35,660.88,464.10,16.85,45.60,0.391,-1,-1,-1
376,37,701.98,484.50,32.39,100.69,0.246,-1,-1,-1
376,38,731.09,482.80,45.51,111.38,0.590,-1,-1,-1
376,40,627.98,456.90,24.40,70.02,0.537,-1,-1,-1
376,43,476.37,401.67,166.71,368.28,0.783,-1,-1,-1
376,46,267.95,441.19,144.51,312.11,0.852,-1,-1,-1
376,47,191.75,441.17,125.11,375.17,0.904,-1,-1,-1
376,50,8.99,441.34,51.32,371.88,0.781,-1,-1,-1
376,51,944.24,452.70,25.86,68.48,0.659,-1,-1,-1
377,5,1075.56,398.58,216.41,613.38,0.891,-1,-1,-1
377,8,1256.68,448.68,39.10,93.34,0.671,-1,-1,-1
377,9,169.78,444.33,174.15,373.54,0.894,-1,-1,-1
377,20,380.10,461.93,46.35,114.39,0.791,-1,-1,-1
377,28,419.40,461.90,38.18,109.25,0.601,-1,-1,-1
377,32,950.69,419.63,142.67,517.25,0.838,-1,-1,-1
377,33,583.78,454.72,19.30,56.36,0.111,-1,-1,-1
377,34,649.00,491.24,52.54,99.91,0.483,-1,-1,-1
377,35,660.39,463.85,16.75,44.70,0.360,-1,-1,-1
377,37,702.99,485.98,31.83,98.80,0.116,-1,-1,-1
377,38,731.77,482.86,44.26,108.33,0.495,-1,-1,-1
377,40,627.14,457.13,24.56,70.25,0.461,-1,-1,-1
377,43,486.00,401.34,165.07,368.44,0.749,-1,-1,-1
377,46,268.46,440.72,145.25,310.89,0.845,-1,-1,-1
377,50,19.42,435.66,53.13,375.46,0.841,-1,-1,-1
377,51,943.92,453.18,26.26,69.53,0.625,-1,-1,-1
378,5,1075.12,398.46,217.10,613.61,0.884,-1,-1,-1
378,8,1256.89,448.95,39.11,92.96,0.703,-1,-1,-1
378,19,475.13,455.53,36.23,105.26,0.595,-1,-1,-1
378,20,379.85,461.78,46.89,115.65,0.755,-1,-1,-1
378,28,420.45,462.45,37.55,108.03,0.567,-1,-1,-1
378,32,952.25,422.19,142.23,514.41,0.822,-1,-1,-1
378,34,647.44,491.54,53.42,101.47,0.517,-1,-1,-1
378,35,660.36,463.74,17.01,44.88,0.329,-1,-1,-1
378,37,700.92,483.55,33.15,101.65,0.448,-1,-1,-1
378,38,732.54,482.99,43.07,104.95,0.539,-1,-1,-1
378,40,627.22,457.46,24.62,70.29,0.397,-1,-1,-1
378,43,496.84,401.01,162.96,369.13,0.788,-1,-1,-1
378,46,282.10,439.64,142.51,308.52,0.798,-1,-1,-1
378,47,199.49,443.67,133.34,373.18,0.906,-1,-1,-1
378,50,36.81,432.81,56.98,376.97,0.915,-1,-1,-1
378,51,943.81,453.21,26.16,69.18,0.506,-1,-1,-1
379,5,1073.86,396.83,218.01,615.11,0.890,-1,-1,-1
379,8,1256.90,449.04,39.18,92.94,0.624,-1,-1,-1
379,9,174.71,445.61,178.34,372.34,0.909,-1,-1,-1
379,19,474.89,455.38,37.63,106.01,0.760,-1,-1,-1
379,20,380.07,461.89,46.95,115.68,0.625,-1,-1,-1
379,28,420.97,462.86,37.27,107.62,0.583,-1,-1,-1
379,32,953.70,422.08,142.48,514.44,0.811,-1,-1,-1
379,34,644.83,490.99,53.64,101.84,0.473,-1,-1,-1
379,35,660.33,463.47,17.16,44.93,0.306,-1,-1,-1
379,37,699.22,481.12,34.11,103.11,0.522,-1,-1,-1
379,38,732.54,483.14,42.52,102.99,0.538,-1,-1,-1
379,40,627.32,457.31,24.79,70.63,0.498,-1,-1,-1
379,43,506.37,401.57,160.25,368.24,0.803,-1,-1,-1
379,46,292.05,438.23,140.10,308.35,0.826,-1,-1,-1
379,50,48.97,433.15,61.92,375.80,0.920,-1,-1,-1
379,51,943.47,454.11,25.73,67.93,0.288,-1,-1,-1
380,5,1075.05,395.77,218.90,616.04,0.891,-1,-1,-1
380,8,1256.78,448.92,39.33,93.33,0.564,-1,-1,-1
380,19,472.64,455.02,37.66,106.60,0.713,-1,-1,-1
380,20,379.93,462.23,47.43,117.06,0.418,-1,-1,-1
380,28,421.27,463.64,36.96,106.70,0.586,-1,-1,-1
380,32,956.66,420.43,143.11,517.02,0.797,-1,-1,-1
380,34,642.88,490.46,53.63,101.73,0.596,-1,-1,-1
380,35,660.30,463.22,17.65,45.80,0.287,-1,-1,-1
380,37,698.42,482.04,34.09,101.46,0.457,-1,-1,-1
380,38,732.50,483.04,42.13,101.25,0.537,-1,-1,-1
380,40,626.42,456.94,25.32,71.82,0.350,-1,-1,-1
380,43,516.67,402.55,157.36,367.32,0.849,-1,-1,-1
380,46,299.23,436.88,138.05,309.51,0.821,-1,-1,-1
380,47,200.71,444.01,141.82,372.81,0.897,-1,-1,-1
380,50,55.87,434.24,67.61,373.92,0.916,-1,-1,-1
380,51,942.49,453.16,25.33,66.82,0.116,-1,-1,-1
381,5,1075.61,395.66,219.41,615.94,0.891,-1,-1,-1
381,8,1256.74,448.83,39.34,93.38,0.519,-1,-1,-1
381,9,178.58,445.64,182.22,370.40,0.902,-1,-1,-1
381,19,471.07,454.39,37.78,107.42,0.628,-1,-1,-1
381,20,379.98,462.47,48.05,118.58,0.302,-1,-1,-1
381,28,420.61,460.85,37.73,109.40,0.614,-1,-1,-1
381,32,960.75,419.66,143.14,516.89,0.794,-1,-1,-1
381,34,641.44,489.67,53.98,102.15,0.613,-1,-1,-1
381,35,660.75,462.84,18.13,46.35,0.330,-1,-1,-1
381,37,697.50,483.50,34.07,100.03,0.292,-1,-1,-1
381,38,732.65,483.07,42.70,102.04,0.584,-1,-1,-1
381,40,625.96,456.62,25.61,71.93,0.458,-1,-1,-1
381,43,523.06,405.13,154.18,365.11,0.846,-1,-1,-1
381,46,307.49,436.61,135.62,310.05,0.766,-1,-1,-1
381,50,55.77,435.37,73.55,372.82,0.922,-1,-1,-1
381,51,943.27,452.89,24.84,65.36,0.147,-1,-1,-1
382,5,1077.14,395.11,220.06,616.32,0.889,-1,-1,-1
382,8,1257.28,449.00,39.13,92.93,0.465,-1,-1,-1
382,9,182.47,445.99,184.03,367.85,0.902,-1,-1,-1
382,19,470.54,454.05,37.77,107.74,0.695,-1,-1,-1
382,28,420.48,459.79,38.16,110.40,0.607,-1,-1,-1
382,32,963.82,419.92,143.18,516.23,0.791,-1,-1,-1
382,34,640.51,490.19,53.10,99.70,0.716,-1,-1,-1
382,35,661.53,462.78,19.00,47.75,0.374,-1,-1,-1
382,37,697.00,482.91,34.65,100.39,0.469,-1,-1,-1
382,38,732.58,483.09,43.57,103.16,0.612,-1,-1,-1
382,40,625.91,456.30,25.79,71.74,0.284,-1,-1,-1
382,43,529.42,406.10,152.33,364.29,0.853,-1,-1,-1
382,46,314.84,435.42,133.32,310.93,0.773,-1,-1,-1
382,47,65.53,440.72,144.92,369.39,0.923,-1,-1,-1
382,51,946.02,452.09,24.57,64.71,0.162,-1,-1,-1
383,5,1077.18,395.30,220.69,616.36,0.901,-1,-1,-1
383,8,1257.21,449.16,39.10,93.01,0.540,-1,-1,-1
383,9,190.94,443.59,184.26,368.18,0.911,-1,-1,-1
383,19,469.58,453.74,37.49,108.01,0.659,-1,-1,-1
383,28,421.12,458.87,38.28,111.75,0.509,-1,-1,-1
383,32,966.11,420.11,144.99,519.88,0.801,-1,-1,-1
383,34,639.04,490.83,51.92,97.20,0.559,-1,-1,-1
383,35,662.06,462.71,18.97,46.95,0.244,-1,-1,-1
383,36,954.44,439.92,43.29,126.02,0.566,-1,-1,-1
383,37,695.99,481.33,35.49,101.92,0.344,-1,-1,-1
383,38,732.91,483.37,43.82,102.91,0.653,-1,-1,-1
383,40,625.25,456.00,26.05,71.97,0.206,-1,-1,-1
383,43,534.94,406.80,151.19,363.59,0.879,-1,-1,-1
383,46,324.95,435.49,130.02,309.97,0.819,-1,-1,-1
383,50,61.20,439.32,81.33,368.77,0.931,-1,-1,-1
384,5,1076.93,396.18,220.72,615.68,0.885,-1,-1,-1
384,8,1256.92,448.61,39.24,93.59,0.529,-1,-1,-1
384,9,197.64,442.25,181.96,364.68,0.908,-1,-1,-1
384,19,468.34,452.24,37.70,109.44,0.673,-1,-1,-1
384,28,420.93,457.97,38.55,112.71,0.510,-1,-1,-1
384,32,968.12,420.57,146.18,521.27,0.777,-1,-1,-1
384,34,637.71,491.28,51.78,96.74,0.276,-1,-1,-1
384,35,662.73,462.80,17.39,42.12,0.210,-1,-1,-1
384,36,951.93,440.10,48.15,137.86,0.643,-1,-1,-1
384,37,694.28,480.46,36.96,104.77,0.409,-1,-1,-1
384,38,731.84,483.38,44.79,103.97,0.630,-1,-1,-1
384,40,624.71,455.46,26.14,71.74,0.238,-1,-1,-1
384,43,539.63,407.57,150.18,362.67,0.905,-1,-1,-1
384,46,334.61,434.81,128.62,311.11,0.742,-1,-1,-1
384,47,32.20,439.71,152.12,369.02,0.937,-1,-1,-1
385,5,1078.56,396.94,221.03,615.14,0.903,-1,-1,-1
385,8,1256.48,448.53,39.21,93.73,0.566,-1,-1,-1
385,9,206.52,441.27,178.13,360.71,0.894,-1,-1,-1
385,19,468.34,452.85,37.30,108.90,0.621,-1,-1,-1
385,28,422.36,457.49,38.91,114.96,0.502,-1,-1,-1
385,32,969.63,420.08,147.05,522.86,0.762,-1,-1,-1
385,34,635.78,491.52,52.92,99.09,0.182,-1,-1,-1
385,35,663.13,462.94,16.41,39.10,0.215,-1,-1,-1
385,36,948.44,439.71,49.53,141.33,0.736,-1,-1,-1
385,37,694.21,481.31,37.03,103.61,0.482,-1,-1,-1
385,38,731.24,482.95,46.05,106.44,0.676,-1,-1,-1
385,40,625.55,455.12,25.85,70.75,0.220,-1,-1,-1
385,43,542.45,408.47,149.57,361.91,0.918,-1,-1,-1
385,46,346.40,435.19,126.43,310.90,0.849,-1,-1,-1
385,50,61.77,439.83,91.57,369.01,0.941,-1,-1,-1
386,5,1078.62,393.28,222.64,618.25,0.895,-1,-1,-1
386,8,1256.00,448.30,39.16,93.85,0.585,-1,-1,-1
386,9,217.98,440.62,174.04,359.38,0.882,-1,-1,-1
386,19,468.37,453.71,36.87,108.10,0.676,-1,-1,-1
386,28,421.32,457.14,40.34,120.35,0.565,-1,-1,-1
386,32,969.67,420.31,146.52,519.51,0.752,-1,-1,-1
386,34,634.89,491.49,55.96,105.35,0.133,-1,-1,-1
386,35,663.49,462.80,15.99,37.48,0.207,-1,-1,-1
386,36,944.80,438.56,49.45,139.99,0.738,-1,-1,-1
386,37,694.24,481.98,37.38,103.61,0.416,-1,-1,-1
386,38,730.19,482.37,48.49,112.16,0.688,-1,-1,-1
386,40,627.12,454.98,24.33,65.94,0.200,-1,-1,-1
386,43,544.10,409.17,149.18,361.06,0.917,-1,-1,-1
386,46,358.86,435.87,126.01,310.41,0.869,-1,-1,-1
386,47,22.04,438.67,158.98,369.09,0.936,-1,-1,-1
386,48,527.29,455.43,23.06,65.22,0.533,-1,-1,-1
387,5,1078.80,393.83,222.56,617.74,0.891,-1,-1,-1
387,8,1255.65,449.06,38.58,92.69,0.570,-1,-1,-1
387,9,231.98,439.37,168.40,358.70,0.884,-1,-1,-1
387,19,468.66,454.39,36.57,107.62,0.647,-1,-1,-1
387,28,421.69,456.39,41.93,125.35,0.302,-1,-1,-1
387,32,970.77,420.02,147.24,521.44,0.751,-1,-1,-1
387,35,663.71,462.85,15.51,35.80,0.251,-1,-1,-1
387,36,942.78,437.55,50.18,141.40,0.776,-1,-1,-1
387,37,693.38,481.56,38.59,105.84,0.470,-1,-1,-1
387,38,728.67,480.73,49.89,115.34,0.733,-1,-1,-1
387,40,629.70,455.15,23.09,62.43,0.112,-1,-1,-1
387,43,545.35,410.91,148.69,359.60,0.920,-1,-1,-1
387,46,372.17,438.05,126.85,308.30,0.901,-1,-1,-1
387,48,527.53,455.49,22.94,64.71,0.612,-1,-1,-1
387,50,58.48,437.33,101.40,369.26,0.927,-1,-1,-1
388,5,1079.65,395.56,222.70,615.61,0.880,-1,-1,-1
388,8,1255.13,449.44,38.36,92.23,0.579,-1,-1,-1
388,9,245.57,443.38,161.51,354.77,0.815,-1,-1,-1
388,19,468.51,454.87,36.35,107.39,0.677,-1,-1,-1
388,32,968.38,420.59,145.77,518.49,0.696,-1,-1,-1
388,35,663.23,462.87,16.04,36.71,0.276,-1,-1,-1
388,36,941.21,435.89,50.45,142.47,0.787,-1,-1,-1
388,37,691.40,478.33,40.35,109.18,0.521,-1,-1,-1
388,38,726.97,479.04,50.92,117.52,0.770,-1,-1,-1
388,43,546.65,411.34,147.81,357.48,0.911,-1,-1,-1
388,46,381.32,438.13,129.68,308.10,0.909,-1,-1,-1
388,47,23.59,435.87,163.38,369.87,0.919,-1,-1,-1
388,48,527.46,455.44,23.54,66.35,0.666,-1,-1,-1
389,5,1081.37,397.08,223.88,614.36,0.824,-1,-1,-1
389,8,1255.55,450.47,37.06,88.80,0.470,-1,-1,-1
389,9,256.72,446.66,154.75,351.47,0.846,-1,-1,-1
389,19,468.41,455.22,36.09,106.97,0.655,-1,-1,-1
389,32,964.56,420.86,145.05,519.94,0.724,-1,-1,-1
389,36,938.57,434.18,50.75,144.57,0.771,-1,-1,-1
389,37,689.22,474.36,41.98,112.63,0.464,-1,-1,-1
389,38,726.06,478.04,51.40,118.88,0.750,-1,-1,-1
389,43,548.73,411.17,146.93,356.12,0.903,-1,-1,-1
389,46,387.37,445.59,130.13,300.71,0.897,-1,-1,-1
389,48,527.75,455.64,23.75,66.67,0.663,-1,-1,-1
389,50,66.29,434.61,106.91,364.99,0.898,-1,-1,-1
390,5,1080.30,398.50,225.42,613.07,0.854,-1,-1,-1
390,8,1255.82,450.24,35.59,84.86,0.410,-1,-1,-1
390,9,268.02,445.99,151.29,352.29,0.796,-1,-1,-1
390,19,467.43,454.72,35.94,107.50,0.620,-1,-1,-1
390,32,964.12,420.77,144.14,518.11,0.699,-1,-1,-1
390,36,935.29,433.62,51.41,147.45,0.740,-1,-1,-1
390,37,688.40,471.66,43.06,114.55,0.599,-1,-1,-1
390,38,726.05,477.48,50.74,117.77,0.749,-1,-1,-1
390,43,551.47,410.82,146.20,355.72,0.905,-1,-1,-1
390,46,390.90,443.35,134.16,301.92,0.902,-1,-1,-1
390,47,37.63,433.54,161.76,365.80,0.862,-1,-1,-1
390,48,528.92,455.88,23.82,66.87,0.604,-1,-1,-1
391,5,1077.44,396.88,227.63,614.71,0.884,-1,-1,-1
391,8,1255.83,450.60,34.28,81.31,0.354,-1,-1,-1
391,9,281.43,444.01,149.00,353.56,0.827,-1,-1,-1
391,19,466.87,454.91,35.66,106.98,0.224,-1,-1,-1
391,32,963.36,420.69,143.20,516.93,0.694,-1,-1,-1
391,36,932.69,433.37,52.21,149.50,0.735,-1,-1,-1
391,37,688.60,474.03,42.18,110.87,0.622,-1,-1,-1
391,38,725.57,477.26,51.07,119.45,0.765,-1,-1,-1
391,43,556.98,410.77,141.09,344.49,0.902,-1,-1,-1
391,46,397.39,442.85,136.13,301.66,0.901,-1,-1,-1
391,48,529.76,456.20,23.88,67.02,0.626,-1,-1,-1
391,50,73.21,432.90,111.39,364.42,0.871,-1,-1,-1
392,5,1075.21,397.70,228.56,613.28,0.885,-1,-1,-1
392,8,1254.37,449.39,35.95,85.27,0.450,-1,-1,-1
392,9,292.88,442.97,147.23,354.46,0.802,-1,-1,-1
392,32,963.76,420.46,142.34,517.21,0.674,-1,-1,-1
392,36,928.88,433.78,57.50,166.88,0.749,-1,-1,-1
392,37,686.63,466.68,44.44,116.70,0.641,-1,-1,-1
392,38,725.43,475.86,51.53,121.76,0.797,-1,-1,-1
392,43,563.39,409.53,140.21,346.55,0.887,-1,-1,-1
392,46,396.02,444.15,136.66,296.36,0.788,-1,-1,-1
392,47,46.56,432.47,161.22,364.85,0.696,-1,-1,-1
392,48,530.82,456.27,23.98,67.32,0.625,-1,-1,-1
393,5,1072.41,397.63,229.66,613.15,0.894,-1,-1,-1
393,8,1251.57,449.08,37.11,88.33,0.580,-1,-1,-1
393,9,309.22,442.71,147.39,354.41,0.881,-1,-1,-1
393,32,965.47,421.12,141.74,517.78,0.665,-1,-1,-1
393,36,925.41,434.95,59.58,175.43,0.826,-1,-1,-1
393,37,686.35,466.25,43.93,114.95,0.642,-1,-1,-1
393,38,725.55,473.88,51.80,123.84,0.772,-1,-1,-1
393,42,568.40,455.89,18.04,56.46,0.528,-1,-1,-1
393,43,570.47,407.67,137.78,345.68,0.886,-1,-1,-1
393,46,396.49,443.81,138.21,294.51,0.827,-1,-1,-1
393,48,531.69,457.16,23.95,66.83,0.629,-1,-1,-1
393,50,97.62,432.44,111.66,363.98,0.717,-1,-1,-1
393,52,514.34,459.93,20.25,65.68,0.595,-1,-1,-1
394,5,1066.94,396.23,231.41,614.65,0.886,-1,-1,-1
394,8,1249.77,448.84,37.75,89.98,0.590,-1,-1,-1
394,9,318.85,443.49,147.71,353.24,0.862,-1,-1,-1
394,32,964.34,420.98,141.07,518.63,0.687,-1,-1,-1
394,36,922.87,436.84,59.01,176.58,0.808,-1,-1,-1
394,37,685.62,462.88,44.69,117.13,0.589,-1,-1,-1
394,38,724.08,471.97,52.62,126.77,0.801,-1,-1,-1
394,42,568.55,455.76,18.18,56.71,0.465,-1,-1,-1
394,43,577.00,409.46,133.93,341.00,0.826,-1,-1,-1
394,46,396.35,442.38,140.19,293.68,0.879,-1,-1,-1
394,48,532.13,456.92,24.31,67.27,0.612,-1,-1,-1
394,50,106.24,432.56,112.28,364.48,0.662,-1,-1,-1
394,52,514.12,460.06,20.23,65.63,0.609,-1,-1,-1
394,53,494.25,457.88,23.12,78.06,0.571,-1,-1,-1
395,5,1065.00,396.28,232.39,614.94,0.890,-1,-1,-1
395,8,1248.13,448.65,38.02,90.94,0.546,-1,-1,-1
395,9,324.96,445.73,148.54,351.13,0.878,-1,-1,-1
395,32,965.84,420.95,139.87,518.72,0.701,-1,-1,-1
395,36,920.30,438.58,58.09,176.53,0.794,-1,-1,-1
395,37,684.59,460.07,45.35,119.03,0.531,-1,-1,-1
395,38,722.90,470.22,53.18,128.85,0.808,-1,-1,-1
395,42,568.91,455.85,18.09,56.38,0.516,-1,-1,-1
395,43,585.88,410.34,130.73,337.85,0.704,-1,-1,-1
395,46,408.80,440.83,138.91,292.78,0.827,-1,-1,-1
395,47,69.29,431.67,160.74,365.28,0.681,-1,-1,-1
395,48,533.26,457.08,24.35,67.45,0.579,-1,-1,-1
395,52,514.87,460.56,19.87,64.43,0.594,-1,-1,-1
395,53,494.12,457.74,22.87,77.20,0.483,-1,-1,-1
396,5,1066.12,396.17,233.07,615.37,0.894,-1,-1,-1
396,8,1247.95,448.28,37.80,91.22,0.458,-1,-1,-1
396,9,327.26,446.78,149.47,349.92,0.887,-1,-1,-1
396,32,968.05,420.77,138.52,518.60,0.737,-1,-1,-1
396,36,918.96,439.86,57.52,175.38,0.819,-1,-1,-1
396,37,683.18,458.62,46.30,122.31,0.503,-1,-1,-1
396,38,722.31,468.73,53.60,130.63,0.814,-1,-1,-1
396,42,568.77,455.73,18.04,56.01,0.514,-1,-1,-1
396,43,591.06,406.96,129.61,339.47,0.747,-1,-1,-1
396,46,419.09,440.27,136.66,291.99,0.892,-1,-1,-1
396,48,533.81,457.29,24.26,67.27,0.609,-1,-1,-1
396,50,124.74,434.75,114.53,362.74,0.813,-1,-1,-1
396,52,515.80,461.19,19.37,62.71,0.574,-1,-1,-1
397,5,1068.25,395.39,233.95,616.54,0.919,-1,-1,-1
397,8,1247.28,447.67,37.58,91.00,0.574,-1,-1,-1
397,9,329.15,447.10,151.13,349.40,0.901,-1,-1,-1
397,32,970.74,420.87,137.21,518.16,0.730,-1,-1,-1
397,33,585.22,455.66,18.97,56.15,0.575,-1,-1,-1
397,36,915.14,440.17,57.05,175.96,0.774,-1,-1,-1
397,37,682.36,457.27,46.87,124.36,0.322,-1,-1,-1
397,38,721.53,468.02,53.55,131.61,0.830,-1,-1,-1
397,42,568.37,455.41,18.15,56.44,0.587,-1,-1,-1
397,43,596.40,406.58,128.30,340.17,0.746,-1,-1,-1
397,46,423.89,438.98,135.76,293.98,0.872,-1,-1,-1
397,47,115.05,433.82,159.12,363.40,0.809,-1,-1,-1
397,48,534.88,457.47,24.17,67.32,0.466,-1,-1,-1
397,52,514.91,460.75,19.44,62.97,0.300,-1,-1,-1
397,54,1084.49,432.03,63.21,121.76,0.604,-1,-1,-1
398,5,1069.81,396.12,234.27,616.65,0.918,-1,-1,-1
398,8,1246.86,447.29,37.46,90.96,0.451,-1,-1,-1
398,9,328.60,444.80,153.66,351.34,0.901,-1,-1,-1
398,32,971.54,420.67,135.78,518.17,0.743,-1,-1,-1
398,33,585.31,455.68,18.73,56.18,0.592,-1,-1,-1
398,36,912.25,440.25,56.83,176.56,0.748,-1,-1,-1
398,37,682.48,460.72,46.43,123.11,0.140,-1,-1,-1
398,38,720.21,467.88,53.03,130.62,0.830,-1,-1,-1
398,42,568.04,455.17,18.26,56.57,0.551,-1,-1,-1
398,43,600.75,406.78,127.24,340.34,0.799,-1,-1,-1
398,46,428.45,437.12,133.96,295.06,0.877,-1,-1,-1
398,48,536.62,456.83,24.01,67.32,0.477,-1,-1,-1
398,50,149.52,436.39,118.31,361.57,0.903,-1,-1,-1
398,52,515.89,461.25,19.29,62.33,0.147,-1,-1,-1
398,54,1084.86,430.12,63.55,122.45,0.260,-1,-1,-1
399,5,1070.82,398.11,233.99,614.82,0.916,-1,-1,-1
399,8,1246.10,447.22,37.26,90.67,0.588,-1,-1,-1
399,9,328.14,444.97,155.11,350.58,0.900,-1,-1,-1
399,32,972.13,420.49,134.60,518.53,0.748,-1,-1,-1
399,33,585.32,455.82,18.46,55.91,0.562,-1,-1,-1
399,36,909.86,440.17,56.33,175.55,0.750,-1,-1,-1
399,37,683.52,466.76,44.73,119.02,0.169,-1,-1,-1
399,38,719.05,467.33,52.94,130.84,0.798,-1,-1,-1
399,42,567.54,454.88,18.34,56.62,0.552,-1,-1,-1
399,43,607.91,406.57,126.37,340.46,0.845,-1,-1,-1
399,46,435.76,436.31,131.43,296.29,0.850,-1,-1,-1
399,47,142.27,435.66,161.82,362.04,0.900,-1,-1,-1
399,48,536.34,455.96,24.32,68.56,0.425,-1,-1,-1
399,52,515.37,461.48,18.65,60.27,0.165,-1,-1,-1
399,54,1081.28,414.14,69.09,133.57,0.463,-1,-1,-1
400,5,1070.48,397.64,234.35,615.34,0.928,-1,-1,-1
400,8,1245.08,447.09,37.42,90.97,0.683,-1,-1,-1
400,9,333.50,445.52,154.86,349.44,0.890,-1,-1,-1
400,32,973.24,420.67,132.98,517.60,0.759,-1,-1,-1
400,33,585.11,456.53,18.12,55.32,0.576,-1,-1,-1
400,36,907.98,440.92,55.74,174.04,0.739,-1,-1,-1
400,37,684.26,465.48,44.33,118.98,0.148,-1,-1,-1
400,38,718.24,466.82,53.04,131.82,0.730,-1,-1,-1
400,42,567.41,454.89,18.39,56.62,0.513,-1,-1,-1
400,43,616.57,406.70,126.16,340.25,0.818,-1,-1,-1
400,46,445.45,435.81,128.18,297.01,0.823,-1,-1,-1
400,48,536.96,455.09,24.31,68.81,0.409,-1,-1,-1
400,50,168.67,437.27,126.34,360.69,0.912,-1,-1,-1
401,5,1068.77,394.23,235.83,620.60,0.881,-1,-1,-1
401,8,1244.50,447.25,37.43,91.07,0.712,-1,-1,-1
401,9,336.55,445.61,154.61,348.34,0.892,-1,-1,-1
401,32,974.30,421.27,131.78,516.94,0.747,-1,-1,-1
401,33,585.23,457.67,17.77,54.09,0.538,-1,-1,-1
401,36,906.83,440.22,55.14,172.44,0.759,-1,-1,-1
401,37,685.62,465.28,43.27,117.35,0.147,-1,-1,-1
401,38,716.45,466.92,53.39,132.95,0.732,-1,-1,-1
401,42,568.16,455.46,18.11,56.10,0.431,-1,-1,-1
401,43,624.55,407.33,127.14,340.05,0.851,-1,-1,-1
401,46,452.11,434.92,126.05,298.16,0.773,-1,-1,-1
401,47,151.32,438.55,163.51,358.39,0.910,-1,-1,-1
401,48,537.25,453.69,24.53,70.10,0.519,-1,-1,-1
402,5,1068.61,390.55,236.89,625.04,0.896,-1,-1,-1
402,8,1243.80,447.50,37.35,91.08,0.710,-1,-1,-1
402,9,342.69,446.28,152.65,345.57,0.885,-1,-1,-1
402,32,975.21,421.74,130.69,516.39,0.756,-1,-1,-1
402,33,585.31,457.76,17.84,54.10,0.437,-1,-1,-1
402,36,905.36,442.67,54.55,171.01,0.702,-1,-1,-1
402,38,713.56,466.96,53.83,133.72,0.784,-1,-1,-1
402,42,569.07,455.61,18.01,56.13,0.301,-1,-1,-1
402,43,628.94,407.36,129.14,339.74,0.879,-1,-1,-1
402,46,460.60,435.52,123.02,296.91,0.835,-1,-1,-1
402,48,537.38,451.66,24.93,71.81,0.537,-1,-1,-1
402,50,174.47,439.71,133.23,357.10,0.919,-1,-1,-1
403,5,1069.56,391.95,235.80,623.55,0.894,-1,-1,-1
403,8,1242.75,447.15,37.37,91.69,0.679,-1,-1,-1
403,9,347.63,445.20,149.15,338.72,0.902,-1,-1,-1
403,32,974.75,422.14,130.25,517.41,0.734,-1,-1,-1
403,33,585.55,457.73,17.45,52.52,0.254,-1,-1,-1
403,36,902.69,446.95,53.28,167.86,0.675,-1,-1,-1
403,38,712.84,466.84,53.69,133.25,0.805,-1,-1,-1
403,42,569.02,455.41,18.16,56.22,0.206,-1,-1,-1
403,43,634.66,407.91,131.50,339.40,0.905,-1,-1,-1
403,46,473.65,433.56,122.32,298.61,0.818,-1,-1,-1
403,47,161.49,439.27,168.31,357.34,0.921,-1,-1,-1
403,48,538.78,452.07,23.59,67.80,0.185,-1,-1,-1
404,5,1069.43,389.53,235.88,626.93,0.868,-1,-1,-1
404,8,1241.98,447.13,37.12,91.66,0.702,-1,-1,-1
404,9,356.23,443.93,145.63,334.44,0.884,-1,-1,-1
404,32,974.61,422.61,129.63,517.62,0.715,-1,-1,-1
404,33,586.18,457.63,16.09,47.51,0.133,-1,-1,-1
404,34,572.52,496.32,59.09,111.31,0.596,-1,-1,-1
404,36,898.31,449.05,52.58,165.65,0.788,-1,-1,-1
404,38,711.88,465.48,55.19,138.03,0.780,-1,-1,-1
404,42,568.70,454.94,18.43,56.75,0.141,-1,-1,-1
404,43,641.79,408.49,133.37,338.27,0.886,-1,-1,-1
404,46,485.56,434.41,121.73,297.87,0.854,-1,-1,-1
404,50,178.63,439.21,140.88,356.37,0.913,-1,-1,-1
405,5,1067.17,391.05,233.69,625.60,0.834,-1,-1,-1
405,8,1241.31,447.27,36.81,91.61,0.714,-1,-1,-1
405,9,365.78,443.56,141.44,330.65,0.865,-1,-1,-1
405,32,972.43,421.60,129.33,517.58,0.689,-1,-1,-1
405,33,586.58,458.05,15.29,44.47,0.126,-1,-1,-1
405,34,569.24,496.05,60.10,113.16,0.297,-1,-1,-1
405,36,895.50,449.21,52.43,165.21,0.782,-1,-1,-1
405,38,711.64,463.42,56.30,141.80,0.319,-1,-1,-1
405,43,647.07,408.44,135.46,339.01,0.889,-1,-1,-1
405,46,498.28,435.92,122.00,296.27,0.870,-1,-1,-1
405,47,163.74,437.60,172.40,357.39,0.908,-1,-1,-1
406,5,1065.51,390.97,231.70,625.09,0.827,-1,-1,-1
406,8,1241.19,447.26,36.53,91.61,0.743,-1,-1,-1
406,9,376.10,441.93,137.82,329.42,0.850,-1,-1,-1
406,20,390.98,463.50,25.21,55.78,0.575,-1,-1,-1
406,32,973.18,421.85,128.77,517.55,0.706,-1,-1,-1
406,33,586.36,457.95,14.29,40.77,0.289,-1,-1,-1
406,34,566.80,495.34,62.86,118.75,0.120,-1,-1,-1
406,36,893.32,450.27,52.15,164.32,0.796,-1,-1,-1
406,38,712.68,464.41,55.65,142.52,0.697,-1,-1,-1
406,43,649.92,409.33,136.86,338.15,0.896,-1,-1,-1
406,46,506.97,437.60,123.20,294.69,0.906,-1,-1,-1
406,50,183.24,436.51,146.25,357.03,0.901,-1,-1,-1
407,5,1063.05,393.61,228.76,623.78,0.858,-1,-1,-1
407,8,1240.95,447.40,36.24,91.83,0.679,-1,-1,-1
407,9,387.69,441.93,134.25,328.14,0.815,-1,-1,-1
407,20,387.83,463.31,26.81,56.36,0.539,-1,-1,-1
407,32,974.16,420.76,128.16,517.77,0.732,-1,-1,-1
407,33,585.75,458.13,15.38,43.59,0.246,-1,-1,-1
407,36,888.89,447.02,53.78,167.55,0.798,-1,-1,-1
407,38,713.92,464.06,54.73,142.20,0.550,-1,-1,-1
407,40,618.35,457.12,27.88,74.76,0.697,-1,-1,-1
407,43,651.22,409.72,137.66,336.77,0.898,-1,-1,-1
407,46,511.52,437.61,125.46,295.02,0.901,-1,-1,-1
407,47,176.04,434.86,172.14,357.40,0.884,-1,-1,-1
408,5,1061.46,395.32,225.50,622.26,0.873,-1,-1,-1
408,8,1241.21,447.71,35.83,91.71,0.690,-1,-1,-1
408,9,397.24,439.70,131.85,329.97,0.852,-1,-1,-1
408,20,388.33,462.76,27.89,55.81,0.487,-1,-1,-1
408,32,974.70,419.93,127.82,518.30,0.726,-1,-1,-1
408,33,586.02,458.50,15.95,45.18,0.349,-1,-1,-1
408,36,884.02,444.14,55.06,170.57,0.847,-1,-1,-1
408,40,618.29,457.92,27.87,74.32,0.714,-1,-1,-1
408,43,652.27,410.27,138.86,336.42,0.911,-1,-1,-1
408,46,514.08,438.22,127.08,294.12,0.863,-1,-1,-1
408,50,196.95,434.65,145.08,350.24,0.879,-1,-1,-1
409,5,1059.60,395.63,223.19,622.52,0.881,-1,-1,-1
409,8,1241.50,447.86,35.29,91.47,0.665,-1,-1,-1
409,9,407.82,443.01,128.37,326.67,0.828,-1,-1,-1
409,20,388.03,462.41,29.40,56.38,0.576,-1,-1,-1
409,32,977.43,419.38,126.94,518.47,0.753,-1,-1,-1
409,33,587.59,457.49,16.87,47.50,0.142,-1,-1,-1
409,36,880.67,442.66,55.76,170.95,0.841,-1,-1,-1
409,40,618.11,457.65,28.26,75.11,0.723,-1,-1,-1
409,43,652.46,410.88,139.62,335.65,0.913,-1,-1,-1
409,46,515.49,438.12,128.57,293.40,0.853,-1,-1,-1
409,50,205.91,432.72,142.84,344.60,0.889,-1,-1,-1
410,5,1059.19,396.48,221.36,622.42,0.838,-1,-1,-1
410,8,1241.08,447.80,34.90,91.30,0.684,-1,-1,-1
410,9,419.33,442.34,127.60,327.21,0.843,-1,-1,-1
410,20,387.09,462.83,29.87,55.70,0.556,-1,-1,-1
410,32,978.24,418.45,126.39,519.33,0.745,-1,-1,-1
410,36,879.23,441.87,56.24,170.76,0.849,-1,-1,-1
410,40,618.07,457.41,28.49,75.89,0.695,-1,-1,-1
410,43,653.07,410.51,140.34,335.58,0.902,-1,-1,-1
410,46,519.60,437.23,129.36,293.95,0.817,-1,-1,-1
410,47,204.70,432.77,162.65,345.27,0.830,-1,-1,-1
410,51,949.41,448.64,27.99,75.31,0.598,-1,-1,-1
411,5,1055.62,397.41,218.95,620.77,0.865,-1,-1,-1
411,8,1240.00,447.91,34.50,91.00,0.660,-1,-1,-1
411,9,431.57,444.40,126.59,324.22,0.877,-1,-1,-1
411,20,386.39,462.86,30.63,55.77,0.497,-1,-1,-1
411,32,977.23,418.04,126.19,519.66,0.746,-1,-1,-1
411,36,878.04,441.48,56.64,170.81,0.850,-1,-1,-1
411,40,617.99,457.68,28.52,76.32,0.707,-1,-1,-1
411,43,653.39,411.77,140.00,332.29,0.901,-1,-1,-1
411,46,524.10,434.51,130.56,297.13,0.824,-1,-1,-1
411,50,232.39,431.45,138.24,341.52,0.736,-1,-1,-1
411,51,950.32,449.24,27.49,74.78,0.631,-1,-1,-1
412,5,1053.35,398.71,216.69,618.73,0.866,-1,-1,-1
412,8,1238.84,448.27,34.08,90.33,0.652,-1,-1,-1
412,9,440.68,446.45,126.81,322.01,0.879,-1,-1,-1
412,20,385.98,462.91,31.18,55.84,0.387,-1,-1,-1
412,28,420.01,456.15,25.88,71.72,0.632,-1,-1,-1
412,32,976.24,417.89,125.91,519.92,0.733,-1,-1,-1
412,36,876.96,441.12,56.78,170.58,0.826,-1,-1,-1
412,40,618.24,457.19,28.01,75.06,0.642,-1,-1,-1
412,43,653.35,411.88,140.04,330.54,0.905,-1,-1,-1
412,46,528.71,433.88,129.29,294.92,0.821,-1,-1,-1
412,47,233.92,431.72,154.41,341.49,0.840,-1,-1,-1
412,51,950.53,449.61,27.51,74.77,0.694,-1,-1,-1
413,5,1051.52,398.50,215.25,618.65,0.890,-1,-1,-1
413,8,1238.44,448.43,33.67,89.88,0.668,-1,-1,-1
413,9,448.32,445.47,129.45,322.73,0.898,-1,-1,-1
413,28,418.12,456.03,28.51,76.03,0.565,-1,-1,-1
413,32,976.48,417.70,125.46,520.21,0.748,-1,-1,-1
413,36,875.59,440.80,56.31,169.20,0.808,-1,-1,-1
413,40,618.23,456.70,27.87,74.82,0.661,-1,-1,-1
413,43,654.43,410.51,140.76,331.36,0.909,-1,-1,-1
413,46,533.39,435.54,125.59,286.97,0.861,-1,-1,-1
413,50,254.88,430.76,135.34,342.56,0.815,-1,-1,-1
413,51,951.96,449.95,27.27,74.74,0.667,-1,-1,-1
413,52,521.48,457.55,20.68,66.19,0.538,-1,-1,-1
414,5,1050.27,398.15,214.15,618.76,0.894,-1,-1,-1
414,8,1238.16,448.30,33.18,89.84,0.660,-1,-1,-1
414,9,451.26,443.86,132.27,324.51,0.885,-1,-1,-1
414,20,374.71,462.69,51.34,95.18,0.615,-1,-1,-1
414,28,416.37,455.94,31.28,81.83,0.576,-1,-1,-1
414,32,976.60,416.91,124.98,521.04,0.755,-1,-1,-1
414,36,874.22,440.70,55.65,167.62,0.838,-1,-1,-1
414,40,617.57,456.03,28.04,75.39,0.109,-1,-1,-1
414,43,658.21,410.08,140.23,330.94,0.894,-1,-1,-1
414,46,537.53,433.47,124.98,287.66,0.754,-1,-1,-1
414,47,255.72,430.29,149.41,342.87,0.869,-1,-1,-1
414,51,952.64,450.26,27.14,74.72,0.666,-1,-1,-1
414,52,522.56,457.92,20.55,65.99,0.314,-1,-1,-1
415,5,1050.06,399.33,213.11,617.74,0.877,-1,-1,-1
415,8,1237.27,448.53,32.79,89.57,0.610,-1,-1,-1
415,9,452.35,445.27,134.00,322.87,0.903,-1,-1,-1
415,20,372.75,462.41,55.22,105.66,0.651,-1,-1,-1
415,28,415.58,456.04,32.46,83.87,0.484,-1,-1,-1
415,32,973.87,417.96,125.00,522.48,0.703,-1,-1,-1
415,36,871.63,439.82,55.20,166.69,0.855,-1,-1,-1
415,40,614.60,454.97,33.56,91.39,0.124,-1,-1,-1
415,43,660.05,407.76,140.18,332.04,0.897,-1,-1,-1
415,46,542.22,431.96,123.65,287.94,0.856,-1,-1,-1
415,50,276.54,431.94,133.08,341.26,0.887,-1,-1,-1
415,51,953.74,450.67,26.93,74.11,0.631,-1,-1,-1
416,5,1049.26,398.50,212.36,617.57,0.879,-1,-1,-1
416,8,1236.97,448.61,31.31,85.85,0.511,-1,-1,-1
416,9,453.07,445.18,136.29,322.53,0.917,-1,-1,-1
416,20,372.90,462.10,57.28,112.60,0.727,-1,-1,-1
416,28,413.85,455.87,36.37,94.29,0.559,-1,-1,-1
416,32,970.68,418.10,125.38,524.92,0.726,-1,-1,-1
416,36,868.97,439.23,54.57,166.07,0.857,-1,-1,-1
416,43,664.35,406.96,138.19,329.71,0.914,-1,-1,-1
416,46,550.93,432.03,120.03,285.90,0.866,-1,-1,-1
416,47,279.45,430.88,147.42,341.32,0.853,-1,-1,-1
416,51,955.68,450.12,26.71,74.07,0.588,-1,-1,-1
417,5,1046.51,396.24,212.22,620.43,0.884,-1,-1,-1
417,8,1237.20,448.59,30.14,83.23,0.307,-1,-1,-1
417,9,452.70,447.41,137.36,319.84,0.884,-1,-1,-1
417,20,373.77,462.21,57.81,116.07,0.752,-1,-1,-1
417,28,412.15,455.85,39.86,104.49,0.656,-1,-1,-1
417,32,971.40,418.08,124.32,521.56,0.701,-1,-1,-1
417,36,864.77,438.15,54.26,166.74,0.833,-1,-1,-1
417,43,670.22,405.99,136.17,327.88,0.914,-1,-1,-1
417,46,560.62,433.33,116.87,283.46,0.765,-1,-1,-1
417,47,288.46,432.73,146.78,339.53,0.886,-1,-1,-1
417,51,957.10,449.85,26.29,73.38,0.512,-1,-1,-1
418,5,1045.91,396.73,211.55,620.77,0.894,-1,-1,-1
418,9,451.24,446.91,139.91,320.37,0.909,-1,-1,-1
418,20,375.05,461.89,57.50,117.84,0.800,-1,-1,-1
418,28,412.09,456.20,39.97,104.97,0.579,-1,-1,-1
418,32,971.36,418.25,123.53,519.11,0.671,-1,-1,-1
418,36,860.29,437.47,54.11,166.88,0.805,-1,-1,-1
418,43,676.87,405.49,133.99,326.16,0.888,-1,-1,-1
418,46,570.17,432.95,113.73,282.96,0.808,-1,-1,-1
418,50,300.74,435.74,134.41,335.98,0.888,-1,-1,-1
418,51,958.58,448.65,26.54,74.80,0.555,-1,-1,-1
419,5,1045.12,397.71,210.66,620.04,0.892,-1,-1,-1
419,9,451.71,444.25,142.16,321.66,0.906,-1,-1,-1
419,20,375.34,462.60,57.13,118.41,0.672,-1,-1,-1
419,28,411.61,456.44,40.49,106.90,0.548,-1,-1,-1
419,32,971.24,418.91,122.78,517.28,0.687,-1,-1,-1
419,36,858.40,436.98,53.83,167.43,0.816,-1,-1,-1
419,43,683.90,405.44,132.22,325.09,0.878,-1,-1,-1
419,46,577.27,432.80,111.45,283.92,0.794,-1,-1,-1
419,47,296.32,435.67,147.06,335.95,0.857,-1,-1,-1
419,51,960.17,448.09,26.36,75.22,0.596,-1,-1,-1
420,5,1044.59,396.85,210.30,620.76,0.876,-1,-1,-1
420,9,455.75,443.02,142.59,321.46,0.886,-1,-1,-1
420,19,457.29,457.69,28.74,85.06,0.542,-1,-1,-1
420,20,377.15,461.48,57.99,121.73,0.261,-1,-1,-1
420,28,410.85,456.20,42.08,112.16,0.523,-1,-1,-1
420,32,973.26,419.43,121.69,515.89,0.675,-1,-1,-1
420,36,857.06,436.68,53.62,168.19,0.781,-1,-1,-1
420,43,690.22,404.96,130.76,324.95,0.867,-1,-1,-1
420,46,587.88,432.89,109.56,284.41,0.876,-1,-1,-1
420,50,307.27,437.79,138.12,333.70,0.902,-1,-1,-1
420,51,961.77,447.84,26.02,75.30,0.668,-1,-1,-1
421,5,1044.20,395.28,210.16,622.66,0.887,-1,-1,-1
421,9,460.66,443.81,141.36,318.90,0.880,-1,-1,-1
421,19,452.99,456.66,31.90,92.89,0.573,-1,-1,-1
421,28,410.37,456.15,43.05,116.15,0.717,-1,-1,-1
421,32,972.83,419.97,120.72,513.06,0.712,-1,-1,-1
421,36,856.26,436.89,53.42,168.20,0.834,-1,-1,-1
421,43,694.42,405.77,129.25,323.55,0.851,-1,-1,-1
421,46,598.95,433.49,108.27,283.04,0.851,-1,-1,-1
421,47,303.15,437.50,149.91,333.82,0.909,-1,-1,-1
421,51,962.67,448.15,25.75,75.32,0.648,-1,-1,-1
422,5,1044.35,395.27,209.46,623.02,0.883,-1,-1,-1
422,9,464.20,441.85,140.28,317.20,0.870,-1,-1,-1
422,19,450.27,456.69,33.46,96.68,0.488,-1,-1,-1
422,28,410.44,456.33,43.09,117.23,0.680,-1,-1,-1
422,32,973.57,422.45,119.64,510.51,0.659,-1,-1,-1
422,36,855.03,437.98,52.88,167.06,0.831,-1,-1,-1
422,43,699.79,408.11,127.50,321.69,0.821,-1,-1,-1
422,46,609.26,434.07,108.68,282.08,0.885,-1,-1,-1
422,50,313.61,439.87,143.05,330.04,0.900,-1,-1,-1
422,51,964.09,448.58,25.16,74.51,0.553,-1,-1,-1
423,5,1044.63,396.34,208.57,622.62,0.866,-1,-1,-1
423,9,470.47,442.66,137.69,314.24,0.873,-1,-1,-1
423,19,447.55,456.69,34.81,100.85,0.556,-1,-1,-1
423,28,410.40,455.43,43.40,119.17,0.652,-1,-1,-1
423,32,973.22,423.62,119.42,510.67,0.637,-1,-1,-1
423,36,851.85,438.98,52.34,165.95,0.806,-1,-1,-1
423,43,705.20,409.18,126.30,320.59,0.708,-1,-1,-1
423,46,617.23,436.20,109.74,279.77,0.900,-1,-1,-1
423,47,311.66,438.14,152.69,328.68,0.905,-1,-1,-1
423,51,965.63,448.56,24.80,74.42,0.547,-1,-1,-1
424,5,1044.46,397.83,208.12,623.36,0.821,-1,-1,-1
424,9,478.67,442.00,135.29,314.07,0.853,-1,-1,-1
424,19,447.11,456.92,34.84,101.13,0.394,-1,-1,-1
424,28,411.74,456.22,44.39,124.02,0.413,-1,-1,-1
424,32,972.05,423.76,119.98,513.03,0.590,-1,-1,-1
424,36,850.27,440.09,51.79,164.86,0.814,-1,-1,-1
424,43,708.72,408.02,126.09,322.38,0.828,-1,-1,-1
424,46,622.83,436.34,112.30,279.50,0.898,-1,-1,-1
424,50,323.74,436.99,146.13,328.77,0.902,-1,-1,-1
424,51,967.42,448.75,24.32,73.55,0.515,-1,-1,-1
424,55,1154.03,412.10,164.51,494.72,0.613,-1,-1,-1
425,5,1045.58,399.45,208.50,625.79,0.751,-1,-1,-1
425,9,488.80,441.28,132.07,314.55,0.858,-1,-1,-1
425,19,446.09,456.65,34.14,98.19,0.474,-1,-1,-1
425,32,971.56,423.88,120.21,514.05,0.479,-1,-1,-1
425,33,588.71,453.52,20.09,57.08,0.639,-1,-1,-1
425,36,848.01,440.75,51.45,164.20,0.825,-1,-1,-1
425,43,712.53,408.07,125.51,322.78,0.819,-1,-1,-1
425,46,625.46,438.69,114.28,277.20,0.909,-1,-1,-1
425,47,319.86,436.00,154.44,326.22,0.901,-1,-1,-1
425,51,969.61,448.04,24.32,73.70,0.217,-1,-1,-1
425,55,1153.58,413.62,167.06,502.53,0.522,-1,-1,-1
426,5,1045.28,399.45,210.13,632.74,0.738,-1,-1,-1
426,9,499.14,440.54,128.66,315.61,0.842,-1,-1,-1
426,19,444.67,456.43,33.63,95.23,0.295,-1,-1,-1
426,32,971.70,426.91,119.91,512.85,0.527,-1,-1,-1
426,33,589.43,453.64,19.73,56.53,0.658,-1,-1,-1
426,36,841.60,441.45,52.17,164.33,0.806,-1,-1,-1
426,43,715.21,409.01,124.50,321.58,0.867,-1,-1,-1
426,46,626.27,440.27,115.99,275.28,0.907,-1,-1,-1
426,47,325.50,436.40,154.92,325.70,0.900,-1,-1,-1
426,51,971.23,447.03,24.38,74.11,0.113,-1,-1,-1
426,55,1157.05,414.66,165.77,498.59,0.680,-1,-1,-1
427,5,1041.89,397.93,208.70,632.86,0.648,-1,-1,-1
427,9,507.91,440.00,126.15,316.02,0.800,-1,-1,-1
427,19,445.11,456.40,32.57,90.60,0.477,-1,-1,-1
427,32,971.77,425.56,120.24,514.44,0.667,-1,-1,-1
427,36,841.06,441.30,51.76,164.17,0.776,-1,-1,-1
427,43,718.16,409.42,123.74,321.04,0.859,-1,-1,-1
427,46,625.70,441.66,117.22,272.89,0.900,-1,-1,-1
427,47,333.51,435.66,152.42,321.20,0.893,-1,-1,-1
427,51,972.37,446.83,24.30,74.14,0.272,-1,-1,-1
427,55,1203.09,424.33,128.24,386.73,0.612,-1,-1,-1
428,5,1041.62,396.56,204.74,626.14,0.745,-1,-1,-1
428,9,513.60,439.86,123.48,316.42,0.817,-1,-1,-1
428,32,971.94,424.68,120.46,514.98,0.626,-1,-1,-1
428,36,840.01,441.10,50.84,162.82,0.808,-1,-1,-1
428,43,720.84,410.30,123.09,320.18,0.860,-1,-1,-1
428,46,626.27,444.93,117.56,268.91,0.903,-1,-1,-1
428,50,348.36,433.86,141.44,321.26,0.887,-1,-1,-1
428,51,973.34,446.51,23.88,72.82,0.121,-1,-1,-1
428,55,1226.94,428.74,110.09,332.52,0.221,-1,-1,-1
429,5,1042.70,395.30,206.12,635.99,0.734,-1,-1,-1
429,9,522.55,440.66,121.45,316.26,0.844,-1,-1,-1
429,32,972.27,425.91,120.28,513.08,0.587,-1,-1,-1
429,36,838.81,441.25,49.52,160.39,0.806,-1,-1,-1
429,43,724.06,410.49,122.75,320.29,0.870,-1,-1,-1
429,46,627.56,442.38,119.72,271.13,0.895,-1,-1,-1
429,47,352.82,438.00,147.17,315.82,0.775,-1,-1,-1
429,51,974.67,446.42,23.40,71.51,0.100,-1,-1,-1
429,55,1241.89,429.89,101.69,308.30,0.538,-1,-1,-1
430,5,1048.17,395.74,211.67,657.75,0.850,-1,-1,-1
430,9,532.28,440.15,120.59,316.48,0.853,-1,-1,-1
430,32,974.83,426.03,120.88,515.54,0.608,-1,-1,-1
430,36,837.19,440.46,48.63,158.63,0.815,-1,-1,-1
430,43,731.88,410.72,121.23,319.56,0.838,-1,-1,-1
430,46,630.65,442.14,120.49,271.73,0.884,-1,-1,-1
430,50,367.17,432.73,136.82,320.04,0.750,-1,-1,-1
430,51,976.73,445.86,21.81,66.43,0.155,-1,-1,-1
430,55,1194.66,419.86,143.20,434.80,0.688,-1,-1,-1
430,56,1613.28,321.49,288.92,734.29,0.741,-1,-1,-1
431,5,1048.46,396.92,209.97,659.36,0.772,-1,-1,-1
431,9,541.97,441.33,120.05,315.49,0.884,-1,-1,-1
431,32,978.18,426.84,121.13,514.57,0.701,-1,-1,-1
431,36,836.23,439.79,48.12,157.78,0.828,-1,-1,-1
431,43,736.31,411.77,119.97,319.13,0.838,-1,-1,-1
431,46,637.05,440.73,119.78,271.41,0.877,-1,-1,-1
431,47,369.51,435.91,142.58,312.37,0.614,-1,-1,-1
431,50,376.66,432.48,127.26,297.82,0.269,-1,-1,-1
431,51,978.25,445.14,21.12,63.75,0.182,-1,-1,-1
431,52,523.28,457.48,19.79,61.57,0.555,-1,-1,-1
431,55,1194.97,416.53,128.03,385.55,0.702,-1,-1,-1
431,56,1591.45,315.37,291.91,738.61,0.800,-1,-1,-1
432,5,1051.67,397.17,208.47,659.63,0.738,-1,-1,-1
432,9,550.82,440.46,121.28,316.10,0.916,-1,-1,-1
432,32,980.42,426.16,121.91,515.91,0.678,-1,-1,-1
432,36,835.28,438.97,48.25,158.40,0.794,-1,-1,-1
432,43,739.98,412.79,118.46,318.16,0.837,-1,-1,-1
432,46,643.67,441.79,117.17,267.68,0.864,-1,-1,-1
432,50,376.34,435.86,127.85,303.69,0.711,-1,-1,-1
432,51,979.55,444.46,20.54,61.04,0.198,-1,-1,-1
432,52,522.92,457.22,21.14,64.58,0.642,-1,-1,-1
432,55,1195.13,414.08,117.38,351.48,0.564,-1,-1,-1
432,56,1561.67,304.82,301.22,755.83,0.804,-1,-1,-1
433,5,1058.55,396.87,200.51,639.29,0.830,-1,-1,-1
433,9,554.58,441.00,121.95,315.59,0.890,-1,-1,-1
433,32,982.36,424.54,122.76,517.81,0.699,-1,-1,-1
433,36,832.65,438.24,48.40,159.00,0.776,-1,-1,-1
433,43,742.75,412.31,117.33,318.06,0.845,-1,-1,-1
433,46,651.60,439.11,115.64,268.65,0.837,-1,-1,-1
433,47,385.18,440.53,137.51,307.77,0.692,-1,-1,-1
433,50,389.04,439.57,116.97,277.42,0.159,-1,-1,-1
433,51,979.99,444.05,21.56,63.55,0.313,-1,-1,-1
433,52,522.70,457.49,22.04,66.46,0.698,-1,-1,-1
433,55,1198.59,412.07,117.23,347.99,0.623,-1,-1,-1
433,56,1534.91,301.02,307.19,760.27,0.811,-1,-1,-1
434,5,1066.77,396.86,186.79,594.10,0.491,-1,-1,-1
434,9,557.95,441.00,123.19,314.85,0.896,-1,-1,-1
434,32,986.81,418.38,124.76,526.01,0.718,-1,-1,-1
434,36,831.91,438.02,48.46,160.07,0.619,-1,-1,-1
434,43,745.98,411.77,116.67,318.17,0.828,-1,-1,-1
434,46,660.92,438.21,113.99,268.78,0.571,-1,-1,-1
434,47,388.57,440.79,136.55,306.93,0.560,-1,-1,-1
434,48,552.57,455.34,20.48,56.76,0.563,-1,-1,-1
434,50,398.92,440.20,115.40,275.74,0.158,-1,-1,-1
434,51,980.62,444.68,20.77,60.63,0.284,-1,-1,-1
434,52,522.79,457.94,22.90,67.87,0.761,-1,-1,-1
434,55,1202.88,411.99,112.93,331.11,0.749,-1,-1,-1
434,56,1503.94,298.88,310.99,761.59,0.597,-1,-1,-1
435,5,1089.69,392.18,151.70,471.93,0.812,-1,-1,-1
435,9,559.20,442.25,124.13,313.42,0.898,-1,-1,-1
435,32,994.08,416.55,121.40,508.18,0.716,-1,-1,-1
435,36,830.26,438.34,48.37,159.38,0.694,-1,-1,-1
435,43,746.42,411.44,115.27,316.72,0.835,-1,-1,-1
435,46,670.53,436.53,111.59,269.70,0.712,-1,-1,-1
435,47,403.33,436.74,136.33,313.76,0.786,-1,-1,-1
435,48,551.50,454.19,22.66,62.10,0.571,-1,-1,-1
435,51,981.21,444.67,22.32,64.39,0.345,-1,-1,-1
435,52,522.28,458.27,23.45,68.64,0.755,-1,-1,-1
435,55,1205.42,411.73,109.21,317.91,0.736,-1,-1,-1
435,56,1458.43,302.68,307.65,742.66,0.702,-1,-1,-1
436,5,1101.98,395.18,139.02,426.58,0.810,-1,-1,-1
436,9,559.15,444.77,124.53,310.26,0.892,-1,-1,-1
436,32,1009.42,415.59,107.15,443.80,0.705,-1,-1,-1
436,36,827.89,439.29,48.04,158.94,0.638,-1,-1,-1
436,40,685.38,435.95,93.32,268.25,0.703,-1,-1,-1
436,43,747.50,413.03,113.22,313.10,0.833,-1,-1,-1
436,48,550.48,454.63,24.17,66.23,0.587,-1,-1,-1
436,50,415.84,437.71,126.64,304.48,0.769,-1,-1,-1
436,51,980.98,444.47,23.83,68.17,0.163,-1,-1,-1
436,52,521.77,458.84,23.60,68.64,0.725,-1,-1,-1
436,55,1206.43,411.25,109.32,316.62,0.698,-1,-1,-1
436,56,1399.69,310.60,306.57,729.11,0.734,-1,-1,-1
436,57,1283.94,423.77,81.04,275.38,0.535,-1,-1,-1
437,5,1104.28,395.04,140.75,429.00,0.822,-1,-1,-1
437,9,558.11,442.61,126.87,312.64,0.871,-1,-1,-1
437,32,1020.09,418.01,100.95,415.39,0.651,-1,-1,-1
437,36,828.70,439.86,48.45,159.18,0.661,-1,-1,-1
437,43,750.34,414.76,111.25,309.94,0.784,-1,-1,-1
437,46,684.78,435.65,109.31,270.45,0.745,-1,-1,-1
437,47,419.89,437.40,135.65,314.11,0.691,-1,-1,-1
437,48,549.56,454.25,25.45,69.88,0.677,-1,-1,-1
437,51,981.83,444.83,23.74,67.26,0.257,-1,-1,-1
437,52,521.40,459.03,23.80,68.86,0.738,-1,-1,-1
437,55,1209.91,410.41,104.86,302.24,0.232,-1,-1,-1
437,56,1327.22,316.45,314.38,736.90,0.712,-1,-1,-1
438,5,1104.99,398.85,142.81,434.18,0.749,-1,-1,-1
438,9,556.85,442.61,128.40,311.72,0.893,-1,-1,-1
438,32,1024.36,418.31,100.99,411.93,0.684,-1,-1,-1
438,36,826.59,441.15,47.62,157.85,0.605,-1,-1,-1
438,43,752.73,413.97,109.71,308.78,0.817,-1,-1,-1
438,46,691.04,434.00,108.24,272.46,0.737,-1,-1,-1
438,48,549.27,453.33,26.70,73.20,0.690,-1,-1,-1
438,50,427.84,438.22,129.48,310.62,0.849,-1,-1,-1
438,51,982.81,445.14,23.83,66.89,0.333,-1,-1,-1
438,52,522.17,459.47,23.79,68.60,0.680,-1,-1,-1
438,56,1273.07,327.15,306.83,709.97,0.699,-1,-1,-1
439,5,1104.89,407.10,144.26,439.05,0.750,-1,-1,-1
439,9,559.63,442.34,129.25,311.73,0.889,-1,-1,-1
439,19,377.38,504.61,50.06,127.97,0.679,-1,-1,-1
439,32,1025.72,417.23,104.43,422.50,0.699,-1,-1,-1
439,36,826.36,441.74,47.11,156.88,0.270,-1,-1,-1
439,43,760.19,413.46,108.37,306.54,0.841,-1,-1,-1
439,46,697.13,432.59,107.17,275.25,0.786,-1,-1,-1
439,47,429.14,436.75,135.29,314.78,0.874,-1,-1,-1
439,48,549.96,452.56,27.11,75.06,0.662,-1,-1,-1
439,51,984.58,446.03,23.26,64.54,0.262,-1,-1,-1
439,52,523.42,459.62,23.85,68.60,0.619,-1,-1,-1
439,56,1203.14,337.38,310.58,709.36,0.785,-1,-1,-1
439,58,1006.80,447.55,22.31,75.69,0.556,-1,-1,-1
440,9,558.72,441.68,130.54,312.17,0.887,-1,-1,-1
440,20,364.31,508.40,58.97,115.49,0.782,-1,-1,-1
440,32,1026.95,419.35,108.45,433.91,0.770,-1,-1,-1
440,33,590.53,455.07,17.03,48.66,0.505,-1,-1,-1
440,43,764.73,412.26,108.04,307.91,0.830,-1,-1,-1
440,46,701.82,431.70,105.84,276.47,0.798,-1,-1,-1
440,48,550.03,452.04,27.44,75.66,0.622,-1,-1,-1
440,50,433.91,437.71,130.34,312.24,0.878,-1,-1,-1
440,51,986.00,446.61,22.03,60.45,0.103,-1,-1,-1
440,52,524.27,460.14,23.57,67.80,0.661,-1,-1,-1
440,56,1148.53,350.99,305.35,690.04,0.704,-1,-1,-1
440,58,1006.75,447.79,22.28,75.53,0.505,-1,-1,-1
441,9,559.61,440.49,131.15,312.40,0.817,-1,-1,-1
441,19,364.03,510.26,53.35,126.00,0.742,-1,-1,-1
441,28,413.54,457.98,37.00,103.14,0.539,-1,-1,-1
441,32,1025.42,423.03,109.05,434.62,0.625,-1,-1,-1
441,33,589.82,455.65,16.95,48.78,0.440,-1,-1,-1
441,43,770.42,412.71,105.17,302.84,0.793,-1,-1,-1
441,46,706.53,432.99,104.56,275.17,0.801,-1,-1,-1
441,47,436.14,438.02,132.27,308.77,0.889,-1,-1,-1
441,48,551.58,452.18,25.62,70.06,0.436,-1,-1,-1
441,51,987.06,446.69,19.98,54.18,0.130,-1,-1,-1
441,52,524.44,459.59,23.78,68.50,0.412,-1,-1,-1
441,56,1092.01,360.89,301.16,673.73,0.669,-1,-1,-1
441,57,1343.74,429.20,96.10,319.01,0.774,-1,-1,-1
441,58,1004.89,447.81,22.36,75.58,0.452,-1,-1,-1
442,9,562.78,439.12,130.84,312.00,0.864,-1,-1,-1
442,19,355.92,510.61,57.56,129.91,0.739,-1,-1,-1
442,20,371.44,482.74,52.99,105.70,0.518,-1,-1,-1
442,28,413.09,457.96,38.44,108.12,0.597,-1,-1,-1
442,33,589.12,456.00,17.02,49.28,0.562,-1,-1,-1
442,43,774.80,412.82,103.24,300.71,0.755,-1,-1,-1
442,46,711.88,435.04,103.64,272.75,0.820,-1,-1,-1
442,48,552.62,452.80,24.07,65.04,0.541,-1,-1,-1
442,50,441.76,438.10,127.91,309.37,0.879,-1,-1,-1
442,51,988.38,446.45,16.90,44.92,0.110,-1,-1,-1
442,52,524.24,459.67,24.20,69.73,0.310,-1,-1,-1
442,56,1035.29,366.17,298.28,660.40,0.836,-1,-1,-1
442,57,1337.29,428.31,100.83,327.77,0.841,-1,-1,-1
442,58,1004.71,448.09,22.41,75.52,0.303,-1,-1,-1
443,9,568.78,439.32,128.17,307.13,0.894,-1,-1,-1
443,19,346.22,512.30,60.61,130.76,0.786,-1,-1,-1
443,20,374.98,469.17,53.60,109.92,0.725,-1,-1,-1
443,28,413.17,457.61,39.34,111.90,0.594,-1,-1,-1
443,33,588.99,456.00,17.22,50.03,0.647,-1,-1,-1
443,43,779.39,412.40,101.51,300.60,0.787,-1,-1,-1
443,46,713.15,430.15,105.02,277.54,0.816,-1,-1,-1
443,47,444.07,437.97,129.31,306.02,0.864,-1,-1,-1
443,48,553.22,452.68,23.29,62.12,0.584,-1,-1,-1
443,52,524.72,453.70,24.96,72.11,0.108,-1,-1,-1
443,56,984.06,368.31,298.96,654.54,0.834,-1,-1,-1
443,57,1338.63,426.96,103.98,334.36,0.603,-1,-1,-1
444,9,574.65,438.56,126.23,305.13,0.863,-1,-1,-1
444,19,336.94,513.56,64.83,136.41,0.747,-1,-1,-1
444,20,376.93,464.80,53.26,111.29,0.706,-1,-1,-1
444,28,415.24,457.41,39.14,113.44,0.625,-1,-1,-1
444,33,588.83,455.79,17.61,51.71,0.673,-1,-1,-1
444,43,782.78,412.38,100.25,300.97,0.768,-1,-1,-1
444,46,715.85,435.21,103.23,272.14,0.838,-1,-1,-1
444,48,553.66,451.41,23.48,61.66,0.637,-1,-1,-1
444,50,452.76,437.28,123.08,302.32,0.818,-1,-1,-1
444,55,1174.69,404.88,169.21,489.24,0.688,-1,-1,-1
444,56,933.36,367.84,300.63,654.82,0.814,-1,-1,-1
444,57,1338.01,427.68,106.37,337.84,0.756,-1,-1,-1
445,5,1150.49,403.46,166.00,501.03,0.650,-1,-1,-1
445,9,582.58,438.55,122.32,299.98,0.878,-1,-1,-1
445,19,328.15,513.44,66.97,137.02,0.732,-1,-1,-1
445,20,378.18,462.88,52.82,112.46,0.771,-1,-1,-1
445,28,416.62,457.25,38.87,114.31,0.658,-1,-1,-1
445,33,588.68,455.83,17.59,52.38,0.666,-1,-1,-1
445,43,786.46,411.57,99.24,301.47,0.731,-1,-1,-1
445,46,715.82,439.01,101.22,267.37,0.857,-1,-1,-1
445,47,458.72,436.59,122.72,297.70,0.826,-1,-1,-1
445,48,554.45,451.97,23.19,60.45,0.659,-1,-1,-1
445,55,1200.60,405.38,150.94,438.17,0.634,-1,-1,-1
445,56,892.55,360.83,315.28,682.06,0.726,-1,-1,-1
445,57,1339.82,426.79,108.55,340.37,0.819,-1,-1,-1
446,5,1133.92,403.50,196.26,599.48,0.718,-1,-1,-1
446,9,590.32,438.79,119.36,298.05,0.865,-1,-1,-1
446,19,323.82,513.50,67.43,137.22,0.752,-1,-1,-1
446,20,379.13,462.15,52.29,112.95,0.766,-1,-1,-1
446,28,417.94,457.20,38.38,114.62,0.647,-1,-1,-1
446,33,589.13,455.31,17.96,53.52,0.664,-1,-1,-1
446,43,791.43,412.15,97.45,299.33,0.761,-1,-1,-1
446,46,717.26,439.91,100.38,266.30,0.852,-1,-1,-1
446,48,554.41,453.09,22.93,58.82,0.636,-1,-1,-1
446,50,468.83,435.45,116.75,294.15,0.814,-1,-1,-1
446,55,1207.28,405.96,156.96,459.66,0.286,-1,-1,-1
446,56,850.53,349.31,308.53,663.68,0.849,-1,-1,-1
446,57,1343.31,425.55,109.96,342.91,0.706,-1,-1,-1
446,59,617.27,456.30,32.87,40.20,0.740,-1,-1,-1
447,5,1129.75,398.91,209.91,648.01,0.842,-1,-1,-1
447,9,600.10,437.31,117.40,299.16,0.790,-1,-1,-1
447,19,314.37,513.90,68.33,135.11,0.828,-1,-1,-1
447,20,379.79,462.00,51.56,112.85,0.764,-1,-1,-1
447,28,419.63,457.07,37.69,114.64,0.617,-1,-1,-1
447,32,1056.07,421.25,125.08,504.45,0.598,-1,-1,-1
447,33,589.41,455.14,18.15,54.01,0.628,-1,-1,-1
447,43,796.85,411.63,93.25,288.56,0.752,-1,-1,-1
447,46,718.82,437.55,100.96,268.66,0.823,-1,-1,-1
447,47,473.93,434.62,117.84,292.69,0.798,-1,-1,-1
447,48,553.72,453.47,23.50,59.57,0.505,-1,-1,-1
447,55,1229.72,408.76,136.52,403.32,0.683,-1,-1,-1
447,56,810.29,342.08,304.12,651.66,0.783,-1,-1,-1
447,57,1345.90,424.29,110.66,343.48,0.844,-1,-1,-1
447,59,615.82,456.24,33.99,41.68,0.719,-1,-1,-1
448,5,1128.53,398.78,214.00,667.15,0.844,-1,-1,-1
448,9,610.45,436.90,114.92,300.35,0.810,-1,-1,-1
448,19,305.39,513.81,70.62,136.69,0.810,-1,-1,-1
448,20,380.20,462.14,50.88,112.71,0.795,-1,-1,-1
448,28,420.68,457.32,37.20,114.23,0.614,-1,-1,-1
448,32,1056.65,422.60,128.12,517.24,0.830,-1,-1,-1
448,33,589.52,454.88,18.34,54.59,0.670,-1,-1,-1
448,46,726.56,435.25,102.32,270.74,0.771,-1,-1,-1
448,48,554.47,452.57,24.64,62.89,0.384,-1,-1,-1
448,50,481.15,432.05,113.49,291.56,0.708,-1,-1,-1
448,55,1245.83,414.68,124.29,369.88,0.610,-1,-1,-1
448,56,774.41,337.95,302.69,644.70,0.777,-1,-1,-1
448,57,1345.59,423.02,111.86,344.80,0.798,-1,-1,-1
448,59,613.69,456.35,35.36,43.46,0.644,-1,-1,-1
448,60,724.48,451.00,30.41,85.18,0.591,-1,-1,-1
449,5,1130.65,401.62,213.39,671.98,0.826,-1,-1,-1
449,9,617.30,436.82,112.32,300.89,0.797,-1,-1,-1
449,19,296.80,514.81,72.06,136.59,0.785,-1,-1,-1
449,20,380.53,462.15,50.34,112.64,0.789,-1,-1,-1
449,28,421.22,457.58,36.81,113.93,0.612,-1,-1,-1
449,32,1051.56,422.64,132.17,524.77,0.833,-1,-1,-1
449,33,589.28,454.91,18.40,54.98,0.649,-1,-1,-1
449,46,731.17,437.63,99.33,263.36,0.147,-1,-1,-1
449,47,479.05,432.04,117.01,293.15,0.807,-1,-1,-1
449,48,554.45,452.10,26.37,68.02,0.109,-1,-1,-1
449,55,1253.99,418.41,117.86,352.92,0.566,-1,-1,-1
449,56,740.31,334.91,302.37,640.42,0.789,-1,-1,-1
449,57,1348.05,422.31,112.32,345.39,0.767,-1,-1,-1
449,59,612.13,456.68,36.66,45.08,0.177,-1,-1,-1
449,60,724.93,450.70,30.28,84.92,0.605,-1,-1,-1
450,5,1141.63,401.07,214.50,673.27,0.795,-1,-1,-1
450,9,624.07,437.46,108.45,298.95,0.886,-1,-1,-1
450,19,288.02,516.98,74.29,138.79,0.819,-1,-1,-1
450,20,380.71,462.00,49.97,112.78,0.791,-1,-1,-1
450,28,420.01,457.44,36.69,114.21,0.645,-1,-1,-1
450,32,1049.50,422.97,134.73,527.93,0.850,-1,-1,-1
450,33,589.06,454.83,18.27,54.86,0.592,-1,-1,-1
450,50,494.62,431.12,111.99,292.25,0.729,-1,-1,-1
450,55,1260.98,414.97,115.86,350.35,0.535,-1,-1,-1
450,56,706.01,335.78,305.59,643.22,0.810,-1,-1,-1
450,57,1344.68,421.21,113.27,345.10,0.857,-1,-1,-1
450,58,1004.85,447.42,22.31,74.95,0.557,-1,-1,-1
450,60,723.09,450.15,30.42,85.34,0.698,-1,-1,-1
451,5,1154.20,400.40,215.64,666.69,0.779,-1,-1,-1
451,9,629.67,438.50,105.44,296.85,0.855,-1,-1,-1
451,19,279.77,516.96,75.94,139.63,0.819,-1,-1,-1
451,20,380.88,461.90,49.65,112.90,0.739,-1,-1,-1
451,28,419.71,457.54,36.50,114.17,0.632,-1,-1,-1
451,32,1049.57,423.49,137.26,528.79,0.874,-1,-1,-1
451,33,589.28,454.77,17.90,53.76,0.651,-1,-1,-1
451,47,499.79,430.42,116.91,295.10,0.814,-1,-1,-1
451,55,1265.93,410.96,116.78,356.93,0.455,-1,-1,-1
451,56,655.59,340.36,321.59,672.51,0.635,-1,-1,-1
451,57,1347.77,419.29,113.99,346.46,0.755,-1,-1,-1
451,58,1004.42,447.26,22.44,75.23,0.430,-1,-1,-1
452,5,1169.46,398.53,220.34,666.37,0.852,-1,-1,-1
452,9,636.41,441.45,98.56,279.29,0.447,-1,-1,-1
452,19,270.88,515.29,78.32,142.38,0.828,-1,-1,-1
452,20,381.00,462.24,49.13,112.67,0.794,-1,-1,-1
452,28,419.93,456.75,36.26,114.53,0.619,-1,-1,-1
452,32,1049.61,424.32,139.39,528.69,0.862,-1,-1,-1
452,33,589.54,454.29,17.70,53.29,0.639,-1,-1,-1
452,47,505.82,430.90,116.25,293.65,0.757,-1,-1,-1
452,55,1273.33,413.74,111.68,342.68,0.178,-1,-1,-1
452,56,618.47,348.15,329.61,685.36,0.682,-1,-1,-1
452,57,1358.76,417.76,115.31,348.18,0.812,-1,-1,-1
452,58,1003.64,447.19,22.55,75.33,0.391,-1,-1,-1
453,5,1180.32,399.64,228.70,674.13,0.875,-1,-1,-1
453,19,264.39,514.63,78.49,141.37,0.811,-1,-1,-1
453,20,381.22,462.09,48.82,112.78,0.752,-1,-1,-1
453,28,420.21,456.98,35.80,114.27,0.682,-1,-1,-1
453,32,1051.08,423.02,141.27,529.59,0.842,-1,-1,-1
453,43,830.88,409.54,51.87,159.95,0.660,-1,-1,-1
453,50,508.13,433.68,112.44,290.80,0.759,-1,-1,-1
453,55,1281.24,426.40,104.17,321.01,0.169,-1,-1,-1
453,56,587.03,358.43,320.54,663.13,0.729,-1,-1,-1
453,57,1361.97,417.96,114.23,347.72,0.827,-1,-1,-1
453,58,1003.19,447.12,22.59,75.18,0.505,-1,-1,-1
454,5,1185.27,404.91,235.41,672.11,0.879,-1,-1,-1
454,19,256.81,514.12,79.33,141.20,0.824,-1,-1,-1
454,20,381.57,462.27,48.43,112.64,0.815,-1,-1,-1
454,28,420.58,456.92,35.58,114.60,0.688,-1,-1,-1
454,32,1052.68,423.05,142.79,529.30,0.855,-1,-1,-1
454,43,820.72,409.77,89.74,280.99,0.829,-1,-1,-1
454,50,512.72,436.13,111.60,288.89,0.807,-1,-1,-1
454,56,554.29,370.86,315.62,647.58,0.691,-1,-1,-1
454,57,1366.94,418.06,113.72,348.42,0.797,-1,-1,-1
454,58,1003.94,446.92,20.87,68.70,0.279,-1,-1,-1
455,5,1185.59,403.66,243.20,673.90,0.893,-1,-1,-1
455,19,249.91,515.46,78.90,138.21,0.841,-1,-1,-1
455,20,382.15,462.27,48.24,112.68,0.811,-1,-1,-1
455,28,420.34,456.94,35.48,114.64,0.691,-1,-1,-1
455,32,1054.95,423.33,144.41,529.46,0.841,-1,-1,-1
455,43,822.16,409.37,91.89,292.30,0.837,-1,-1,-1
455,47,507.29,439.00,108.04,278.01,0.729,-1,-1,-1
455,56,522.67,383.59,310.67,627.20,0.791,-1,-1,-1
455,57,1371.51,417.05,113.87,351.21,0.805,-1,-1,-1
455,58,1003.34,447.30,21.71,71.00,0.510,-1,-1,-1
456,5,1185.82,405.91,249.14,671.31,0.905,-1,-1,-1
456,19,244.72,515.24,77.42,133.70,0.794,-1,-1,-1
456,20,382.60,462.00,48.20,113.12,0.810,-1,-1,-1
456,28,420.52,456.48,35.56,115.52,0.677,-1,-1,-1
456,32,1059.06,421.77,146.29,531.11,0.850,-1,-1,-1
456,43,819.75,408.99,93.53,298.74,0.829,-1,-1,-1
456,56,482.25,391.88,324.23,646.71,0.822,-1,-1,-1
456,57,1378.64,417.74,114.24,353.23,0.801,-1,-1,-1
456,58,1004.63,447.18,22.07,71.98,0.436,-1,-1,-1
456,60,729.79,452.42,27.51,77.82,0.715,-1,-1,-1
457,5,1183.02,405.85,254.68,670.30,0.901,-1,-1,-1
457,9,687.53,444.16,64.88,183.72,0.703,-1,-1,-1
457,19,237.09,515.81,77.25,131.40,0.822,-1,-1,-1
457,20,382.91,462.16,48.01,113.01,0.738,-1,-1,-1
457,28,420.98,456.54,35.25,115.20,0.665,-1,-1,-1
457,32,1063.73,421.35,147.69,531.23,0.866,-1,-1,-1
457,43,821.15,408.93,93.58,301.78,0.789,-1,-1,-1
457,56,439.42,396.25,334.92,659.31,0.852,-1,-1,-1
457,57,1383.66,418.85,115.45,357.42,0.824,-1,-1,-1
457,58,1005.37,447.40,22.14,72.25,0.530,-1,-1,-1
457,60,730.69,450.85,27.75,79.13,0.644,-1,-1,-1
458,5,1182.48,406.94,259.66,668.53,0.891,-1,-1,-1
458,19,228.49,516.59,78.20,130.97,0.830,-1,-1,-1
458,20,382.97,462.31,47.88,113.04,0.751,-1,-1,-1
458,28,421.15,456.64,35.04,114.97,0.655,-1,-1,-1
458,32,1070.25,420.25,148.96,532.18,0.859,-1,-1,-1
458,43,819.80,409.29,93.83,303.21,0.702,-1,-1,-1
458,46,691.02,443.36,108.22,288.11,0.808,-1,-1,-1
458,56,398.89,396.17,343.86,668.97,0.858,-1,-1,-1
458,57,1392.92,420.85,117.67,359.89,0.893,-1,-1,-1
458,58,1005.82,447.49,22.13,72.45,0.542,-1,-1,-1
459,5,1181.84,407.48,264.25,668.21,0.877,-1,-1,-1
459,19,220.32,516.31,78.57,129.98,0.786,-1,-1,-1
459,20,383.07,462.22,47.94,113.28,0.799,-1,-1,-1
459,28,421.58,457.51,34.49,114.03,0.114,-1,-1,-1
459,32,1077.47,420.58,149.46,532.29,0.857,-1,-1,-1
459,40,627.30,457.24,30.61,86.75,0.621,-1,-1,-1
459,43,819.05,409.94,93.66,303.51,0.681,-1,-1,-1
459,46,687.16,443.19,108.93,289.97,0.787,-1,-1,-1
459,56,360.40,389.65,351.09,677.49,0.863,-1,-1,-1
459,57,1400.71,423.70,120.61,361.33,0.880,-1,-1,-1
459,58,1006.07,447.68,22.34,73.08,0.370,-1,-1,-1
460,5,1179.57,407.30,267.63,667.02,0.864,-1,-1,-1
460,9,680.84,440.11,102.20,282.52,0.889,-1,-1,-1
460,19,213.66,521.66,73.97,119.51,0.692,-1,-1,-1
460,32,1084.95,420.59,149.99,535.06,0.823,-1,-1,-1
460,36,781.90,443.26,41.85,139.63,0.533,-1,-1,-1
460,40,622.96,455.36,28.44,79.95,0.720,-1,-1,-1
460,43,819.75,409.09,93.18,303.88,0.635,-1,-1,-1
460,47,568.91,438.28,59.57,152.98,0.609,-1,-1,-1
460,56,321.16,386.61,354.55,681.30,0.744,-1,-1,-1
460,57,1412.64,424.46,124.85,364.17,0.879,-1,-1,-1
460,58,1006.83,448.01,22.76,73.44,0.516,-1,-1,-1
460,61,1060.68,445.60,34.49,104.50,0.578,-1,-1,-1
461,5,1179.93,405.53,271.95,668.58,0.891,-1,-1,-1
461,19,202.56,520.65,78.62,125.35,0.774,-1,-1,-1
461,32,1091.65,421.55,150.92,540.40,0.766,-1,-1,-1
461,36,779.65,440.83,42.22,142.45,0.652,-1,-1,-1
461,40,621.78,455.46,27.28,77.96,0.641,-1,-1,-1
461,43,814.72,409.19,93.56,302.52,0.722,-1,-1,-1
461,46,673.55,441.70,112.80,293.03,0.850,-1,-1,-1
461,56,283.82,381.26,359.93,689.01,0.809,-1,-1,-1
461,57,1419.43,425.44,129.34,367.36,0.897,-1,-1,-1
461,58,1006.09,448.26,22.58,72.87,0.376,-1,-1,-1
461,61,1058.52,444.08,34.62,104.86,0.672,-1,-1,-1
461,62,909.77,481.33,102.19,106.35,0.530,-1,-1,-1
461,63,1108.80,432.55,46.33,116.96,0.546,-1,-1,-1
462,5,1180.97,404.79,275.17,669.34,0.877,-1,-1,-1
462,9,681.82,439.66,108.42,293.94,0.894,-1,-1,-1
462,19,195.65,521.37,75.02,116.57,0.727,-1,-1,-1
462,32,1099.03,422.10,151.16,542.80,0.742,-1,-1,-1
462,36,778.66,440.40,41.77,142.93,0.788,-1,-1,-1
462,43,811.97,408.53,94.90,302.76,0.833,-1,-1,-1
462,56,254.25,375.51,363.76,691.77,0.729,-1,-1,-1
462,57,1421.70,426.66,133.22,369.91,0.892,-1,-1,-1
462,58,1012.31,448.18,23.09,74.57,0.569,-1,-1,-1
462,61,1056.07,441.21,36.15,109.50,0.716,-1,-1,-1
462,62,910.07,481.10,101.88,106.04,0.595,-1,-1,-1
462,63,1106.83,433.22,49.70,125.71,0.714,-1,-1,-1
463,5,1181.06,402.36,278.04,670.10,0.866,-1,-1,-1
463,9,683.01,440.26,109.41,294.02,0.885,-1,-1,-1
463,19,182.51,524.40,81.66,125.35,0.758,-1,-1,-1
463,32,1101.63,421.01,152.85,550.28,0.745,-1,-1,-1
463,36,777.03,440.22,41.64,142.94,0.764,-1,-1,-1
463,43,819.74,408.04,94.22,302.68,0.762,-1,-1,-1
463,50,567.00,434.02,106.95,277.07,0.692,-1,-1,-1
463,52,524.29,445.53,39.74,111.86,0.530,-1,-1,-1
463,56,228.32,370.43,368.71,695.87,0.842,-1,-1,-1
463,57,1424.77,426.79,136.56,372.33,0.909,-1,-1,-1
463,58,1014.88,448.09,23.30,75.18,0.422,-1,-1,-1
463,61,1055.47,441.12,36.37,110.05,0.597,-1,-1,-1
463,62,909.33,480.05,103.30,107.58,0.354,-1,-1,-1
463,63,1105.93,433.27,51.47,130.58,0.739,-1,-1,-1
464,5,1184.53,399.13,280.59,673.64,0.844,-1,-1,-1
464,9,687.14,439.58,109.21,294.88,0.879,-1,-1,-1
464,19,174.93,522.59,78.43,117.69,0.749,-1,-1,-1
464,32,1109.48,420.88,153.46,551.17,0.761,-1,-1,-1
464,36,776.81,439.93,41.54,143.00,0.789,-1,-1,-1
464,43,822.27,407.49,94.02,303.99,0.701,-1,-1,-1
464,47,563.60,431.79,105.89,270.62,0.847,-1,-1,-1
464,52,521.93,444.78,40.75,114.00,0.283,-1,-1,-1
464,56,201.24,365.02,374.51,701.67,0.823,-1,-1,-1
464,57,1429.16,426.33,138.69,374.03,0.899,-1,-1,-1
464,58,1015.85,448.33,23.43,75.11,0.539,-1,-1,-1
464,61,1053.70,441.00,36.79,111.36,0.567,-1,-1,-1
464,62,908.69,479.37,103.88,108.26,0.422,-1,-1,-1
464,63,1104.97,433.08,52.72,134.35,0.711,-1,-1,-1
465,5,1190.68,397.75,280.94,674.68,0.857,-1,-1,-1
465,9,693.23,438.87,107.85,295.32,0.856,-1,-1,-1
465,19,166.14,523.04,77.14,115.22,0.198,-1,-1,-1
465,32,1117.83,419.31,153.79,546.83,0.753,-1,-1,-1
465,33,516.05,443.51,63.03,187.75,0.682,-1,-1,-1
465,36,776.95,440.75,40.97,142.27,0.776,-1,-1,-1
465,43,825.14,407.36,93.25,303.80,0.817,-1,-1,-1
465,50,561.74,433.44,108.88,276.69,0.873,-1,-1,-1
465,52,521.14,444.97,42.22,114.97,0.110,-1,-1,-1
465,56,177.17,363.69,376.34,703.63,0.695,-1,-1,-1
465,57,1434.61,425.99,139.38,375.06,0.881,-1,-1,-1
465,58,1017.51,448.07,23.64,75.83,0.455,-1,-1,-1
465,61,1052.72,440.81,36.21,109.71,0.476,-1,-1,-1
465,62,908.87,479.82,103.37,107.80,0.391,-1,-1,-1
465,63,1104.77,433.06,53.31,136.80,0.757,-1,-1,-1
466,5,1197.75,398.63,279.36,672.67,0.854,-1,-1,-1
466,9,702.77,438.22,105.94,296.01,0.804,-1,-1,-1
466,32,1120.95,420.79,154.46,545.12,0.766,-1,-1,-1
466,33,510.43,446.45,66.06,193.08,0.727,-1,-1,-1
466,36,776.66,441.80,40.39,141.73,0.695,-1,-1,-1
466,43,826.56,407.51,93.60,304.01,0.787,-1,-1,-1
466,50,563.88,431.87,109.46,277.68,0.875,-1,-1,-1
466,56,141.15,366.63,376.34,699.26,0.724,-1,-1,-1
466,57,1438.52,424.65,139.92,377.23,0.856,-1,-1,-1
466,58,1019.11,448.27,23.66,75.80,0.519,-1,-1,-1
466,61,1049.10,442.25,36.27,109.65,0.524,-1,-1,-1
466,62,910.04,481.06,101.30,105.68,0.643,-1,-1,-1
466,63,1103.37,433.05,55.60,143.79,0.656,-1,-1,-1
467,5,1205.44,397.46,277.42,672.28,0.850,-1,-1,-1
467,9,711.86,437.52,104.14,297.19,0.811,-1,-1,-1
467,32,1120.99,420.30,157.37,554.12,0.740,-1,-1,-1
467,33,504.86,455.42,66.37,187.77,0.799,-1,-1,-1
467,36,776.28,441.92,40.13,141.58,0.230,-1,-1,-1
467,43,826.71,407.59,93.71,303.48,0.827,-1,-1,-1
467,47,569.94,428.88,109.39,282.99,0.863,-1,-1,-1
467,56,117.68,371.89,376.91,693.80,0.795,-1,-1,-1
467,57,1443.90,421.37,139.76,380.33,0.868,-1,-1,-1
467,58,1019.94,448.02,23.74,76.17,0.544,-1,-1,-1
467,61,1046.93,442.10,36.44,110.03,0.494,-1,-1,-1
467,62,910.70,481.52,100.37,104.74,0.525,-1,-1,-1
467,63,1101.76,433.08,57.14,148.77,0.515,-1,-1,-1
468,5,1219.90,398.78,274.57,671.04,0.864,-1,-1,-1
468,9,719.61,436.42,102.77,298.25,0.797,-1,-1,-1
468,20,379.70,462.61,46.60,111.00,0.541,-1,-1,-1
468,32,1122.41,420.55,159.41,562.00,0.784,-1,-1,-1
468,33,499.15,460.76,67.11,184.31,0.782,-1,-1,-1
468,43,828.89,406.93,93.53,304.00,0.832,-1,-1,-1
468,50,574.09,431.37,107.22,277.89,0.817,-1,-1,-1
468,56,95.02,377.36,377.85,689.05,0.831,-1,-1,-1
468,57,1450.79,419.70,138.15,382.06,0.854,-1,-1,-1
468,58,1020.65,448.10,23.84,76.23,0.564,-1,-1,-1
468,61,1046.95,442.40,37.54,112.99,0.544,-1,-1,-1
468,62,911.00,481.78,99.72,104.11,0.570,-1,-1,-1
468,63,1099.77,433.11,58.70,153.90,0.484,-1,-1,-1
468,64,1001.09,447.87,21.95,72.32,0.572,-1,-1,-1
469,5,1236.32,396.66,272.93,673.81,0.845,-1,-1,-1
469,9,727.43,435.97,101.14,297.98,0.858,-1,-1,-1
469,20,380.67,462.88,46.62,111.37,0.633,-1,-1,-1
469,32,1125.50,421.01,160.89,569.74,0.812,-1,-1,-1
469,33,493.04,457.44,70.44,191.50,0.713,-1,-1,-1
469,43,830.66,406.99,93.00,303.50,0.859,-1,-1,-1
469,47,581.27,431.62,105.44,280.60,0.752,-1,-1,-1
469,48,560.92,449.21,30.05,77.32,0.600,-1,-1,-1
469,56,68.80,381.37,377.66,684.61,0.833,-1,-1,-1
469,57,1456.21,417.43,136.53,385.07,0.839,-1,-1,-1
469,58,1020.80,448.47,23.73,75.89,0.478,-1,-1,-1
469,61,1046.77,443.10,36.60,109.71,0.555,-1,-1,-1
469,62,911.50,481.91,99.43,103.91,0.509,-1,-1,-1
469,63,1097.53,433.12,59.89,158.15,0.518,-1,-1,-1
469,64,1000.41,447.95,21.89,72.02,0.547,-1,-1,-1
470,5,1253.04,400.24,268.42,670.34,0.767,-1,-1,-1
470,9,735.16,435.74,100.42,298.07,0.865,-1,-1,-1
470,20,380.94,463.39,46.57,111.75,0.653,-1,-1,-1
470,32,1128.66,421.18,161.76,575.13,0.822,-1,-1,-1
470,33,488.56,462.20,70.61,188.48,0.787,-1,-1,-1
470,43,831.87,407.27,92.49,302.79,0.863,-1,-1,-1
470,48,560.70,448.57,30.95,78.74,0.603,-1,-1,-1
470,50,583.64,428.14,106.16,281.07,0.689,-1,-1,-1
470,56,44.35,389.08,375.20,675.79,0.806,-1,-1,-1
470,57,1464.47,415.20,134.69,387.34,0.833,-1,-1,-1
470,58,1021.44,447.95,24.05,76.67,0.276,-1,-1,-1
470,61,1046.47,442.90,36.95,110.68,0.578,-1,-1,-1
470,62,913.90,481.68,98.67,103.32,0.314,-1,-1,-1
470,63,1097.37,432.82,59.46,158.73,0.645,-1,-1,-1
470,64,999.89,447.93,21.75,71.41,0.653,-1,-1,-1
471,5,1269.10,401.18,263.43,667.46,0.761,-1,-1,-1
471,9,743.03,435.14,101.01,298.37,0.875,-1,-1,-1
471,20,380.40,463.54,46.10,111.44,0.633,-1,-1,-1
471,32,1132.02,421.15,162.27,579.10,0.806,-1,-1,-1
471,33,481.65,465.09,71.77,188.45,0.792,-1,-1,-1
471,43,832.53,406.96,92.64,304.35,0.856,-1,-1,-1
471,47,590.54,432.36,103.17,280.20,0.681,-1,-1,-1
471,48,561.44,449.83,30.88,78.30,0.650,-1,-1,-1
471,52,529.71,457.10,26.65,69.60,0.538,-1,-1,-1
471,56,23.46,395.34,373.48,667.12,0.758,-1,-1,-1
471,57,1473.22,413.31,133.05,389.07,0.861,-1,-1,-1
471,58,1021.76,448.50,24.08,76.65,0.114,-1,-1,-1
471,60,733.95,450.20,17.32,47.99,0.513,-1,-1,-1
471,61,1045.98,442.87,38.37,115.19,0.605,-1,-1,-1
471,62,916.02,481.62,98.15,103.02,0.280,-1,-1,-1
471,63,1095.63,432.64,59.64,160.25,0.601,-1,-1,-1
471,64,999.27,447.77,21.63,70.86,0.631,-1,-1,-1
472,5,1283.00,399.66,262.02,668.70,0.805,-1,-1,-1
472,9,746.75,437.74,100.64,295.39,0.887,-1,-1,-1
472,20,379.81,463.13,45.50,110.26,0.327,-1,-1,-1
472,32,1134.11,420.40,162.41,582.08,0.836,-1,-1,-1
472,33,476.70,466.34,72.40,189.23,0.800,-1,-1,-1
472,43,833.07,406.94,92.31,303.81,0.856,-1,-1,-1
472,48,561.31,450.68,30.84,77.80,0.676,-1,-1,-1
472,50,589.54,427.35,104.53,281.96,0.676,-1,-1,-1
472,52,528.99,459.59,25.39,66.19,0.633,-1,-1,-1
472,56,5.24,401.72,371.14,658.77,0.890,-1,-1,-1
472,57,1482.89,412.05,132.28,390.34,0.855,-1,-1,-1
472,58,1023.18,448.10,24.77,78.72,0.291,-1,-1,-1
472,60,733.61,450.86,18.13,49.56,0.544,-1,-1,-1
472,61,1046.21,443.54,36.49,109.41,0.637,-1,-1,-1
472,62,921.11,482.24,89.48,93.70,0.371,-1,-1,-1
472,63,1096.33,432.08,58.88,160.69,0.718,-1,-1,-1
472,64,998.71,447.81,21.65,70.78,0.630,-1,-1,-1
473,5,1295.66,399.23,260.10,670.84,0.822,-1,-1,-1
473,9,748.35,438.55,100.88,294.27,0.895,-1,-1,-1
473,20,378.87,463.49,44.02,107.60,0.486,-1,-1,-1
473,28,405.81,458.54,53.23,174.52,0.560,-1,-1,-1
473,32,1138.77,421.28,162.20,582.42,0.832,-1,-1,-1
473,33,468.04,468.32,73.40,188.13,0.794,-1,-1,-1
473,43,832.41,408.31,91.19,301.87,0.847,-1,-1,-1
473,47,602.76,431.75,99.92,279.03,0.781,-1,-1,-1
473,48,560.90,451.10,31.04,78.19,0.660,-1,-1,-1
473,52,528.28,460.25,26.14,68.48,0.690,-1,-1,-1
473,56,-14.11,403.85,371.06,660.32,0.779,-1,-1,-1
473,57,1490.37,411.40,130.77,389.73,0.877,-1,-1,-1
473,58,1025.61,447.51,25.11,79.35,0.256,-1,-1,-1
473,60,733.13,450.38,19.43,53.15,0.533,-1,-1,-1
473,61,1046.92,443.79,33.69,101.38,0.468,-1,-1,-1
473,62,925.26,482.74,85.07,89.12,0.293,-1,-1,-1
473,63,1096.04,431.80,58.59,161.93,0.650,-1,-1,-1
473,64,998.02,447.73,21.60,70.51,0.587,-1,-1,-1
474,5,1298.80,396.62,256.13,673.24,0.803,-1,-1,-1
474,9,749.24,438.75,101.31,294.02,0.901,-1,-1,-1
474,20,379.16,463.50,42.05,103.24,0.391,-1,-1,-1
474,28,404.10,482.97,49.68,155.63,0.676,-1,-1,-1
474,32,1144.20,420.39,163.03,585.78,0.848,-1,-1,-1
474,33,460.10,468.74,75.20,190.43,0.795,-1,-1,-1
474,43,833.52,409.69,90.51,300.24,0.855,-1,-1,-1
474,48,562.02,450.95,31.11,79.15,0.645,-1,-1,-1
474,50,603.02,428.75,100.59,279.51,0.766,-1,-1,-1
474,52,528.57,460.16,25.98,69.09,0.674,-1,-1,-1
474,55,1306.76,410.90,90.48,278.38,0.591,-1,-1,-1
474,56,-27.12,404.38,370.54,664.49,0.822,-1,-1,-1
474,57,1498.53,410.15,130.56,390.02,0.853,-1,-1,-1
474,58,1029.31,447.48,25.54,79.80,0.381,-1,-1,-1
474,60,732.38,450.35,21.27,58.63,0.528,-1,-1,-1
474,61,1047.64,442.98,32.63,98.74,0.362,-1,-1,-1
474,62,926.21,482.55,84.86,89.04,0.437,-1,-1,-1
474,63,1097.19,431.58,57.83,161.91,0.618,-1,-1,-1
474,64,997.86,447.48,21.77,70.92,0.628,-1,-1,-1
475,5,1312.79,395.67,253.39,673.92,0.852,-1,-1,-1
475,9,749.80,438.78,101.86,293.69,0.899,-1,-1,-1
475,20,380.86,463.61,38.94,95.40,0.105,-1,-1,-1
475,28,397.28,495.79,49.70,147.69,0.724,-1,-1,-1
475,32,1148.60,420.07,163.65,586.98,0.863,-1,-1,-1
475,33,453.99,469.68,76.45,192.25,0.718,-1,-1,-1
475,43,835.81,407.94,91.03,302.09,0.841,-1,-1,-1
475,47,610.69,431.99,96.73,278.49,0.815,-1,-1,-1
475,48,562.92,451.40,30.73,78.77,0.614,-1,-1,-1
475,52,529.06,459.90,26.04,69.92,0.673,-1,-1,-1
475,55,1307.93,409.72,92.87,286.60,0.579,-1,-1,-1
475,56,-36.07,403.01,369.22,667.97,0.776,-1,-1,-1
475,57,1507.27,411.36,130.36,389.63,0.878,-1,-1,-1
475,58,1032.64,447.40,26.16,81.72,0.114,-1,-1,-1
475,60,731.27,450.05,24.10,67.48,0.642,-1,-1,-1
475,61,1047.77,443.98,31.86,96.88,0.301,-1,-1,-1
475,62,934.27,483.24,79.56,83.83,0.373,-1,-1,-1
475,63,1096.71,431.20,57.49,162.45,0.593,-1,-1,-1
475,64,997.17,447.57,22.10,71.46,0.638,-1,-1,-1
476,5,1318.90,395.08,250.19,674.17,0.802,-1,-1,-1
476,9,749.35,437.28,103.25,294.99,0.883,-1,-1,-1
476,19,-18.00,401.84,425.46,641.78,0.659,-1,-1,-1
476,28,395.70,485.34,53.65,160.19,0.225,-1,-1,-1
476,32,1151.55,419.50,164.32,588.99,0.855,-1,-1,-1
476,33,447.18,472.84,76.72,191.23,0.761,-1,-1,-1
476,43,836.45,408.20,90.90,301.68,0.816,-1,-1,-1
476,46,878.18,433.10,93.74,247.59,0.655,-1,-1,-1
476,48,563.39,452.53,30.27,78.18,0.639,-1,-1,-1
476,50,612.69,430.40,97.71,277.56,0.782,-1,-1,-1
476,52,529.26,459.92,25.79,70.02,0.645,-1,-1,-1
476,55,1310.02,409.75,92.02,285.02,0.571,-1,-1,-1
476,56,-64.72,402.03,366.34,670.28,0.327,-1,-1,-1
476,57,1518.17,411.69,132.02,389.32,0.894,-1,-1,-1
476,58,1034.43,447.89,26.34,82.32,0.279,-1,-1,-1
476,60,730.49,450.08,25.40,72.03,0.678,-1,-1,-1
476,61,1049.18,444.96,31.09,94.73,0.132,-1,-1,-1
476,62,936.67,483.70,75.48,79.51,0.428,-1,-1,-1
476,63,1095.76,431.05,57.10,162.32,0.543,-1,-1,-1
476,64,995.68,447.49,22.42,71.84,0.619,-1,-1,-1
477,5,1325.36,394.61,247.51,674.62,0.824,-1,-1,-1
477,9,749.34,436.27,104.31,295.82,0.871,-1,-1,-1
477,28,390.81,493.50,52.17,154.81,0.336,-1,-1,-1
477,32,1154.75,417.78,165.42,591.02,0.864,-1,-1,-1
477,33,439.77,474.42,77.48,191.95,0.807,-1,-1,-1
477,43,838.38,407.57,91.67,303.64,0.796,-1,-1,-1
477,46,892.57,432.36,92.06,244.39,0.639,-1,-1,-1
477,47,618.83,432.34,94.42,276.73,0.810,-1,-1,-1
477,48,563.92,452.79,30.02,78.12,0.648,-1,-1,-1
477,52,529.48,460.21,25.62,69.98,0.651,-1,-1,-1
477,55,1311.23,411.11,90.55,282.54,0.465,-1,-1,-1
477,56,-58.94,394.49,363.52,677.79,0.814,-1,-1,-1
477,57,1530.41,411.63,136.70,393.33,0.905,-1,-1,-1
477,58,1036.75,448.39,26.21,81.76,0.217,-1,-1,-1
477,60,729.23,449.56,26.64,76.25,0.632,-1,-1,-1
477,62,939.82,483.50,73.13,77.28,0.204,-1,-1,-1
477,63,1097.28,430.89,56.25,161.96,0.621,-1,-1,-1
477,64,995.51,447.14,22.85,72.82,0.617,-1,-1,-1
478,5,1330.51,392.88,245.43,676.32,0.815,-1,-1,-1
478,9,749.33,435.83,104.49,295.94,0.882,-1,-1,-1
478,19,-51.31,397.31,437.40,679.19,0.531,-1,-1,-1
478,28,382.16,498.20,51.78,150.24,0.591,-1,-1,-1
478,32,1156.90,417.65,165.65,591.78,0.861,-1,-1,-1
478,33,433.51,476.27,77.91,191.07,0.796,-1,-1,-1
478,43,836.91,406.63,91.09,303.89,0.823,-1,-1,-1
478,46,901.86,431.41,92.28,245.55,0.583,-1,-1,-1
478,48,564.09,452.93,29.77,78.31,0.660,-1,-1,-1
478,50,620.69,431.11,96.33,276.39,0.802,-1,-1,-1
478,52,529.51,460.51,25.62,70.26,0.693,-1,-1,-1
478,55,1313.49,412.11,90.09,283.37,0.508,-1,-1,-1
478,56,-83.54,391.85,357.91,680.79,0.518,-1,-1,-1
478,57,1541.79,412.05,142.37,397.52,0.906,-1,-1,-1
478,58,1038.39,448.93,26.84,84.06,0.507,-1,-1,-1
478,60,728.32,449.31,27.67,79.94,0.681,-1,-1,-1
478,62,947.12,483.72,70.81,75.67,0.328,-1,-1,-1
478,63,1099.17,430.81,55.13,160.97,0.632,-1,-1,-1
478,64,995.43,447.20,22.78,72.38,0.533,-1,-1,-1
479,5,1335.21,391.59,243.93,678.03,0.857,-1,-1,-1
479,9,755.36,434.61,104.57,295.40,0.850,-1,-1,-1
479,32,1161.24,417.06,166.22,593.16,0.861,-1,-1,-1
479,33,425.64,477.17,79.76,194.34,0.745,-1,-1,-1
479,36,758.08,443.54,24.26,81.02,0.626,-1,-1,-1
479,43,837.22,406.47,90.38,303.52,0.819,-1,-1,-1
479,46,907.70,432.28,92.38,244.27,0.786,-1,-1,-1
479,47,626.90,432.61,93.30,275.63,0.793,-1,-1,-1
479,48,565.21,453.06,29.49,78.27,0.713,-1,-1,-1
479,52,530.50,460.76,25.36,69.75,0.671,-1,-1,-1
479,55,1314.99,412.68,90.68,288.72,0.471,-1,-1,-1
479,56,-69.81,387.98,350.48,683.64,0.830,-1,-1,-1
479,57,1552.93,412.97,147.93,400.28,0.910,-1,-1,-1
479,58,1039.98,448.93,27.53,86.33,0.466,-1,-1,-1
479,60,728.16,449.13,28.18,82.18,0.663,-1,-1,-1
479,62,951.15,483.55,68.82,74.23,0.358,-1,-1,-1
479,63,1099.93,430.78,54.20,160.01,0.640,-1,-1,-1
479,64,995.58,447.16,22.74,72.03,0.519,-1,-1,-1
480,5,1343.00,390.60,243.07,679.34,0.872,-1,-1,-1
480,9,761.74,434.88,103.25,292.43,0.856,-1,-1,-1
480,19,-76.26,402.88,413.88,679.66,0.771,-1,-1,-1
480,32,1166.18,416.50,166.26,593.05,0.880,-1,-1,-1
480,33,419.37,478.61,80.09,194.08,0.825,-1,-1,-1
480,36,755.73,444.86,25.45,82.75,0.559,-1,-1,-1
480,43,838.12,406.11,89.95,304.15,0.815,-1,-1,-1
480,46,910.73,432.09,93.55,245.64,0.779,-1,-1,-1
480,48,565.37,453.48,29.24,78.17,0.706,-1,-1,-1
480,50,629.99,430.58,94.20,273.60,0.825,-1,-1,-1
480,52,531.30,462.02,24.98,68.74,0.673,-1,-1,-1
480,55,1319.27,412.37,92.09,294.60,0.510,-1,-1,-1
480,57,1560.98,414.68,154.11,403.99,0.909,-1,-1,-1
480,58,1040.70,448.86,27.58,86.49,0.438,-1,-1,-1
480,60,727.59,449.01,28.66,84.39,0.719,-1,-1,-1
480,62,954.40,483.54,67.14,73.11,0.263,-1,-1,-1
480,63,1102.09,430.91,53.33,159.26,0.641,-1,-1,-1
480,64,995.55,447.33,22.80,72.02,0.582,-1,-1,-1
481,5,1353.68,391.14,242.63,678.12,0.870,-1,-1,-1
481,9,770.96,435.11,101.09,288.74,0.851,-1,-1,-1
481,32,1170.65,416.04,166.53,594.00,0.879,-1,-1,-1
481,33,414.13,479.16,81.01,195.33,0.772,-1,-1,-1
481,36,754.58,445.10,25.92,82.21,0.508,-1,-1,-1
481,43,838.72,406.08,89.25,304.77,0.820,-1,-1,-1
481,46,912.15,432.10,94.17,246.24,0.792,-1,-1,-1
481,47,632.83,432.14,91.69,273.39,0.819,-1,-1,-1
481,48,565.09,453.13,29.28,78.57,0.741,-1,-1,-1
481,52,532.14,461.65,25.17,69.13,0.687,-1,-1,-1
481,55,1324.06,411.21,94.07,301.27,0.510,-1,-1,-1
481,56,-80.40,400.89,338.81,670.63,0.517,-1,-1,-1
481,57,1567.42,416.17,159.36,407.49,0.890,-1,-1,-1
481,58,1040.84,449.61,26.54,83.51,0.399,-1,-1,-1
481,60,727.75,448.96,28.50,85.14,0.713,-1,-1,-1
481,62,956.42,484.02,66.52,73.49,0.407,-1,-1,-1
481,63,1102.15,430.88,53.26,159.90,0.459,-1,-1,-1
481,64,995.19,447.54,22.99,72.20,0.609,-1,-1,-1
482,5,1361.40,391.01,243.42,678.38,0.851,-1,-1,-1
482,9,776.32,435.15,99.06,286.90,0.841,-1,-1,-1
482,19,-82.81,434.40,374.39,648.31,0.740,-1,-1,-1
482,32,1175.32,415.39,165.52,592.24,0.860,-1,-1,-1
482,33,403.33,479.71,82.56,196.83,0.740,-1,-1,-1
482,36,753.09,446.56,26.66,82.70,0.560,-1,-1,-1
482,43,840.57,406.08,88.91,305.63,0.820,-1,-1,-1
482,46,914.08,432.10,94.31,246.36,0.778,-1,-1,-1
482,48,565.11,453.72,28.96,78.14,0.756,-1,-1,-1
482,50,633.27,431.32,92.82,272.64,0.818,-1,-1,-1
482,52,532.64,461.10,25.38,69.82,0.710,-1,-1,-1
482,55,1310.22,408.73,131.25,439.73,0.722,-1,-1,-1
482,57,1571.48,416.87,163.48,409.91,0.892,-1,-1,-1
482,58,1040.94,450.05,26.61,83.53,0.523,-1,-1,-1
482,60,727.66,448.93,28.09,85.12,0.743,-1,-1,-1
482,62,957.42,484.15,66.50,74.58,0.403,-1,-1,-1
482,63,1101.16,430.76,53.64,161.12,0.205,-1,-1,-1
482,64,994.28,447.47,23.24,72.28,0.659,-1,-1,-1
483,5,1367.54,391.95,244.85,678.49,0.851,-1,-1,-1
483,9,782.98,435.07,97.39,287.88,0.822,-1,-1,-1
483,32,1179.10,415.41,164.04,589.63,0.843,-1,-1,-1
483,33,394.69,479.75,84.22,198.81,0.722,-1,-1,-1
483,36,747.42,446.78,35.78,113.03,0.736,-1,-1,-1
483,43,843.60,406.32,87.92,304.70,0.802,-1,-1,-1
483,46,914.16,432.40,94.28,245.87,0.816,-1,-1,-1
483,48,565.28,453.25,29.18,79.14,0.738,-1,-1,-1
483,50,636.92,431.91,91.40,268.88,0.831,-1,-1,-1
483,52,533.01,460.55,25.61,70.39,0.716,-1,-1,-1
483,55,1310.21,408.27,141.47,495.75,0.769,-1,-1,-1
483,57,1574.66,416.86,167.28,414.74,0.880,-1,-1,-1
483,58,1042.18,449.47,27.63,85.94,0.346,-1,-1,-1
483,60,727.79,449.21,27.58,84.74,0.680,-1,-1,-1
483,62,959.23,484.43,65.64,75.11,0.504,-1,-1,-1
483,63,1104.45,431.16,52.39,159.81,0.626,-1,-1,-1
483,64,994.58,447.57,23.44,72.77,0.610,-1,-1,-1
484,5,1372.40,391.33,247.93,680.43,0.909,-1,-1,-1
484,9,787.65,435.09,95.53,288.90,0.830,-1,-1,-1
484,32,1184.71,416.52,162.67,587.63,0.847,-1,-1,-1
484,33,386.90,479.75,85.77,200.19,0.765,-1,-1,-1
484,36,745.42,447.05,38.75,123.70,0.784,-1,-1,-1
484,43,846.81,407.14,86.41,303.61,0.797,-1,-1,-1
484,46,912.84,434.08,94.29,244.23,0.830,-1,-1,-1
484,48,565.41,452.55,29.24,79.75,0.741,-1,-1,-1
484,50,641.56,431.55,91.42,270.27,0.827,-1,-1,-1
484,52,533.38,460.20,25.72,70.76,0.689,-1,-1,-1
484,55,1313.56,408.67,144.84,527.14,0.765,-1,-1,-1
484,57,1577.60,416.58,170.43,419.74,0.886,-1,-1,-1
484,58,1041.67,449.09,29.18,90.09,0.628,-1,-1,-1
484,60,727.45,449.32,27.38,84.82,0.589,-1,-1,-1
484,62,961.96,484.70,63.95,74.21,0.241,-1,-1,-1
484,63,1107.25,431.16,51.32,158.72,0.692,-1,-1,-1
484,64,994.84,448.34,23.38,72.22,0.667,-1,-1,-1
485,5,1375.40,391.55,250.32,680.84,0.889,-1,-1,-1
485,9,794.08,435.04,94.58,289.53,0.829,-1,-1,-1
485,32,1189.30,417.92,161.94,587.66,0.837,-1,-1,-1
485,33,375.45,480.65,87.17,199.18,0.734,-1,-1,-1
485,36,743.11,447.45,40.40,130.04,0.785,-1,-1,-1
485,43,849.93,408.11,85.14,302.77,0.786,-1,-1,-1
485,46,909.57,435.83,95.16,243.36,0.821,-1,-1,-1
485,47,648.78,433.04,90.27,266.60,0.821,-1,-1,-1
485,48,565.34,452.31,29.30,80.13,0.748,-1,-1,-1
485,52,533.38,460.05,25.84,71.04,0.697,-1,-1,-1
485,55,1318.20,409.06,145.04,546.16,0.801,-1,-1,-1
485,57,1582.81,415.75,171.91,423.26,0.867,-1,-1,-1
485,58,1042.29,448.67,29.32,90.14,0.119,-1,-1,-1
485,60,726.96,449.52,27.14,84.61,0.540,-1,-1,-1
485,63,1109.17,432.11,50.38,157.56,0.713,-1,-1,-1
485,64,994.42,448.49,23.66,72.76,0.625,-1,-1,-1
486,5,1377.00,389.06,253.34,683.25,0.869,-1,-1,-1
486,9,801.15,435.44,94.23,289.01,0.868,-1,-1,-1
486,19,-15.38,516.71,136.20,227.42,0.761,-1,-1,-1
486,32,1198.43,418.89,161.63,584.92,0.864,-1,-1,-1
486,33,366.61,480.90,88.38,199.74,0.711,-1,-1,-1
486,36,741.52,447.09,41.14,133.81,0.793,-1,-1,-1
486,43,851.83,408.41,83.11,300.27,0.754,-1,-1,-1
486,46,906.29,433.86,97.70,247.29,0.856,-1,-1,-1
486,48,565.52,452.14,29.22,80.28,0.738,-1,-1,-1
486,50,652.00,430.70,92.00,267.95,0.853,-1,-1,-1
486,52,533.30,459.51,26.07,71.76,0.717,-1,-1,-1
486,55,1322.67,410.29,142.78,551.93,0.772,-1,-1,-1
486,57,1586.46,413.80,173.10,426.78,0.860,-1,-1,-1
486,58,1040.14,449.78,27.29,84.42,0.588,-1,-1,-1
486,60,726.79,449.75,26.92,84.75,0.490,-1,-1,-1
486,63,1110.55,431.24,49.91,158.08,0.762,-1,-1,-1
486,64,995.03,448.66,23.58,72.21,0.653,-1,-1,-1
487,5,1379.25,390.51,254.77,681.71,0.815,-1,-1,-1
487,9,807.89,435.36,95.39,290.10,0.840,-1,-1,-1
487,19,-2.90,529.46,85.25,143.40,0.827,-1,-1,-1
487,32,1207.04,420.45,162.67,583.15,0.874,-1,-1,-1
487,33,359.85,480.29,88.32,198.42,0.731,-1,-1,-1
487,36,740.64,446.82,41.05,133.96,0.751,-1,-1,-1
487,43,855.74,407.60,81.02,297.60,0.666,-1,-1,-1
487,46,907.16,432.30,99.34,250.88,0.853,-1,-1,-1
487,47,656.29,431.72,92.71,266.48,0.874,-1,-1,-1
487,48,566.07,451.70,29.40,80.78,0.752,-1,-1,-1
487,52,533.38,459.40,26.13,71.96,0.711,-1,-1,-1
487,55,1327.56,410.83,137.76,545.42,0.751,-1,-1,-1
487,57,1591.74,412.62,172.48,428.06,0.860,-1,-1,-1
487,58,1038.63,449.97,26.50,82.40,0.642,-1,-1,-1
487,60,726.75,449.84,26.91,85.39,0.215,-1,-1,-1
487,63,1111.58,431.02,49.50,158.39,0.726,-1,-1,-1
487,64,995.30,448.95,23.56,71.86,0.616,-1,-1,-1
488,5,1379.27,388.86,257.25,683.40,0.814,-1,-1,-1
488,9,814.47,432.78,97.28,292.26,0.674,-1,-1,-1
488,19,-6.66,532.45,81.04,139.18,0.775,-1,-1,-1
488,32,1210.58,420.73,164.00,583.38,0.879,-1,-1,-1
488,33,351.70,479.91,90.59,201.79,0.726,-1,-1,-1
488,36,739.73,446.47,40.67,133.10,0.750,-1,-1,-1
488,43,858.50,407.70,80.56,299.68,0.569,-1,-1,-1
488,46,910.38,431.56,98.36,249.23,0.846,-1,-1,-1
488,48,565.98,451.20,29.65,81.60,0.761,-1,-1,-1
488,50,657.50,430.40,94.32,266.93,0.892,-1,-1,-1
488,52,533.41,459.47,26.21,72.24,0.701,-1,-1,-1
488,55,1334.93,411.01,135.24,545.93,0.765,-1,-1,-1
488,57,1596.13,409.71,172.58,432.75,0.856,-1,-1,-1
488,58,1037.42,450.21,26.02,81.31,0.642,-1,-1,-1
488,60,725.43,449.92,26.58,84.76,0.198,-1,-1,-1
488,63,1111.92,430.83,49.07,158.48,0.747,-1,-1,-1
488,64,995.61,449.08,23.80,72.39,0.667,-1,-1,-1
489,5,1379.53,388.70,259.00,683.47,0.804,-1,-1,-1
489,9,820.44,435.80,99.17,289.60,0.839,-1,-1,-1
489,19,-9.69,531.73,77.56,136.82,0.761,-1,-1,-1
489,32,1213.36,421.59,164.86,582.10,0.872,-1,-1,-1
489,33,341.92,480.70,91.07,201.88,0.632,-1,-1,-1
489,36,736.61,446.03,40.51,132.96,0.744,-1,-1,-1
489,43,859.03,407.96,81.39,304.33,0.304,-1,-1,-1
489,46,915.44,430.67,97.05,248.88,0.797,-1,-1,-1
489,47,659.34,431.08,96.03,267.98,0.882,-1,-1,-1
489,48,565.99,450.52,29.76,82.23,0.761,-1,-1,-1
489,52,533.58,459.39,26.18,72.24,0.694,-1,-1,-1
489,55,1341.25,410.93,133.96,549.48,0.751,-1,-1,-1
489,57,1600.51,407.63,171.64,435.71,0.822,-1,-1,-1
489,58,1036.05,450.28,25.63,80.42,0.663,-1,-1,-1
489,63,1112.40,430.86,48.77,158.90,0.694,-1,-1,-1
489,64,996.19,449.20,23.67,72.10,0.630,-1,-1,-1
490,5,1385.19,386.51,262.75,685.54,0.813,-1,-1,-1
490,9,824.00,436.46,100.42,288.29,0.639,-1,-1,-1
490,19,-14.32,536.94,76.19,137.33,0.495,-1,-1,-1
490,32,1215.59,423.51,166.55,581.62,0.888,-1,-1,-1
490,33,333.29,485.02,91.24,199.39,0.762,-1,-1,-1
490,36,735.23,445.81,38.64,126.68,0.635,-1,-1,-1
490,43,860.22,407.48,82.41,309.27,0.522,-1,-1,-1
490,46,921.94,430.74,95.28,248.90,0.803,-1,-1,-1
490,48,566.39,449.90,29.81,82.59,0.738,-1,-1,-1
490,50,659.89,428.95,98.25,270.61,0.893,-1,-1,-1
490,52,534.09,459.40,25.80,71.17,0.638,-1,-1,-1
490,55,1347.90,412.02,130.70,544.68,0.807,-1,-1,-1
490,57,1602.62,406.19,170.14,437.19,0.854,-1,-1,-1
490,58,1035.01,449.56,25.69,80.36,0.657,-1,-1,-1
490,61,1056.48,442.10,30.77,94.04,0.523,-1,-1,-1
490,63,1112.60,430.90,48.56,159.35,0.715,-1,-1,-1
490,64,996.57,449.26,23.63,72.00,0.602,-1,-1,-1
490,65,420.58,459.56,38.20,111.94,0.612,-1,-1,-1
491,5,1379.26,387.62,260.96,682.26,0.692,-1,-1,-1
491,9,825.69,437.24,102.65,287.40,0.774,-1,-1,-1
491,19,-15.23,540.88,68.77,125.80,0.319,-1,-1,-1
491,20,386.06,462.59,45.82,112.32,0.611,-1,-1,-1
491,32,1218.13,424.29,168.54,581.53,0.888,-1,-1,-1
491,33,325.43,484.09,92.79,200.69,0.707,-1,-1,-1
491,36,733.36,445.10,38.12,124.53,0.707,-1,-1,-1
491,43,860.82,410.47,82.57,309.33,0.193,-1,-1,-1
491,46,932.56,430.37,92.90,248.58,0.698,-1,-1,-1
491,47,659.85,431.80,99.43,269.09,0.893,-1,-1,-1
491,48,566.49,449.72,29.74,82.53,0.739,-1,-1,-1
491,52,534.55,459.47,25.88,71.47,0.665,-1,-1,-1
491,55,1354.26,413.35,129.45,547.03,0.771,-1,-1,-1
491,57,1607.84,405.07,168.82,439.86,0.823,-1,-1,-1
491,58,1034.58,448.95,26.08,80.35,0.682,-1,-1,-1
491,61,1057.93,442.69,30.25,92.47,0.524,-1,-1,-1
491,63,1112.77,430.79,48.29,159.78,0.763,-1,-1,-1
491,64,997.45,449.45,22.51,68.22,0.548,-1,-1,-1
491,65,419.65,458.18,38.61,113.24,0.617,-1,-1,-1
492,5,1377.93,387.18,259.98,680.87,0.615,-1,-1,-1
492,9,822.20,440.25,101.56,283.70,0.520,-1,-1,-1
492,20,385.57,463.67,45.99,112.22,0.629,-1,-1,-1
492,32,1218.42,422.63,171.11,583.50,0.881,-1,-1,-1
492,33,316.59,482.05,96.12,205.03,0.733,-1,-1,-1
492,36,732.10,444.98,38.54,126.12,0.733,-1,-1,-1
492,43,860.28,423.63,80.55,298.83,0.238,-1,-1,-1
492,46,942.42,431.34,90.95,247.38,0.728,-1,-1,-1
492,48,566.89,448.98,29.92,83.52,0.738,-1,-1,-1
492,50,662.06,430.50,100.61,270.73,0.885,-1,-1,-1
492,52,535.19,460.05,25.43,70.20,0.713,-1,-1,-1
492,55,1361.54,413.66,127.82,546.63,0.763,-1,-1,-1
492,57,1612.69,403.73,167.45,442.59,0.817,-1,-1,-1
492,58,1034.27,448.80,26.59,80.69,0.679,-1,-1,-1
492,61,1058.57,442.61,31.07,95.54,0.651,-1,-1,-1
492,63,1113.29,430.73,47.85,159.25,0.740,-1,-1,-1
492,64,997.90,449.32,22.40,67.60,0.235,-1,-1,-1
492,65,417.90,457.21,38.91,114.11,0.501,-1,-1,-1
493,5,1378.04,385.55,259.86,681.80,0.531,-1,-1,-1
493,9,821.18,447.88,98.87,274.86,0.450,-1,-1,-1
493,20,385.01,463.14,46.52,113.12,0.693,-1,-1,-1
493,32,1219.15,420.48,173.87,585.76,0.876,-1,-1,-1
493,33,308.30,481.70,98.78,208.96,0.719,-1,-1,-1
493,36,730.61,444.72,39.44,129.75,0.727,-1,-1,-1
493,43,858.65,421.07,81.76,302.01,0.287,-1,-1,-1
493,46,947.35,430.82,89.85,247.63,0.666,-1,-1,-1
493,47,661.27,429.62,102.33,272.58,0.882,-1,-1,-1
493,48,567.45,448.15,30.14,84.60,0.701,-1,-1,-1
493,52,535.59,460.47,25.07,69.17,0.675,-1,-1,-1
493,55,1368.86,412.37,126.72,546.57,0.792,-1,-1,-1
493,57,1617.62,404.20,166.84,447.37,0.780,-1,-1,-1
493,58,1034.84,448.16,27.27,81.54,0.713,-1,-1,-1
493,61,1059.56,442.54,31.44,97.43,0.599,-1,-1,-1
493,63,1113.50,430.78,47.84,159.62,0.578,-1,-1,-1
493,65,418.13,457.60,38.64,113.42,0.548,-1,-1,-1
493,66,625.85,453.37,32.95,88.82,0.666,-1,-1,-1
493,67,1185.77,453.92,28.02,78.26,0.579,-1,-1,-1
494,5,1389.81,380.93,264.55,688.10,0.613,-1,-1,-1
494,9,818.17,433.68,103.70,288.68,0.260,-1,-1,-1
494,20,384.51,463.18,46.70,113.22,0.696,-1,-1,-1
494,32,1220.10,419.27,176.55,586.86,0.878,-1,-1,-1
494,33,299.33,481.21,99.10,207.64,0.719,-1,-1,-1
494,36,729.63,445.57,39.64,130.93,0.617,-1,-1,-1
494,43,860.07,433.78,79.67,291.58,0.494,-1,-1,-1
494,46,957.89,431.11,89.88,247.51,0.707,-1,-1,-1
494,48,567.62,448.07,30.15,85.02,0.712,-1,-1,-1
494,50,662.74,430.41,102.23,271.54,0.868,-1,-1,-1
494,52,536.12,460.89,24.80,68.42,0.700,-1,-1,-1
494,55,1375.92,412.32,123.74,535.63,0.712,-1,-1,-1
494,57,1625.88,407.78,164.39,442.05,0.648,-1,-1,-1
494,58,1034.72,447.68,27.60,81.75,0.699,-1,-1,-1
494,61,1060.77,442.78,31.78,98.56,0.565,-1,-1,-1
494,63,1113.03,430.83,47.82,159.86,0.562,-1,-1,-1
494,65,419.52,457.57,38.48,113.17,0.521,-1,-1,-1
494,66,626.78,453.33,33.09,89.19,0.608,-1,-1,-1
494,67,1185.96,454.15,27.94,77.97,0.605,-1,-1,-1
495,5,1388.62,379.80,264.86,689.01,0.701,-1,-1,-1
495,9,825.40,439.17,103.98,285.26,0.522,-1,-1,-1
495,20,384.26,463.42,46.69,113.01,0.751,-1,-1,-1
495,28,411.50,458.62,40.95,117.99,0.602,-1,-1,-1
495,32,1219.74,421.53,178.11,585.18,0.885,-1,-1,-1
495,33,289.36,480.94,100.91,209.51,0.705,-1,-1,-1
495,36,727.78,446.42,39.60,131.51,0.514,-1,-1,-1
495,43,862.86,440.26,78.97,286.78,0.468,-1,-1,-1
495,46,965.93,431.58,90.43,247.31,0.863,-1,-1,-1
495,47,661.43,429.08,103.78,273.37,0.884,-1,-1,-1
495,48,568.35,448.93,29.73,84.27,0.679,-1,-1,-1
495,52,536.18,460.46,25.13,69.48,0.685,-1,-1,-1
495,55,1379.43,411.50,125.83,545.55,0.774,-1,-1,-1
495,57,1635.12,406.06,151.49,407.15,0.779,-1,-1,-1
495,58,1034.69,448.17,27.37,80.86,0.674,-1,-1,-1
495,61,1061.13,442.87,31.34,97.56,0.428,-1,-1,-1
495,63,1113.42,430.98,47.53,159.26,0.515,-1,-1,-1
495,65,420.01,458.38,38.06,112.10,0.263,-1,-1,-1
495,66,628.06,454.11,33.03,89.19,0.645,-1,-1,-1
495,67,1184.27,453.31,28.42,79.31,0.711,-1,-1,-1
496,5,1401.58,378.86,267.05,689.71,0.660,-1,-1,-1
496,9,831.65,441.00,104.81,284.29,0.563,-1,-1,-1
496,20,384.13,463.60,46.72,112.90,0.721,-1,-1,-1
496,28,414.37,456.71,39.96,114.71,0.611,-1,-1,-1
496,32,1219.91,423.11,179.72,584.33,0.882,-1,-1,-1
496,33,278.44,480.72,103.89,213.92,0.720,-1,-1,-1
496,36,726.83,447.27,39.27,131.07,0.283,-1,-1,-1
496,43,865.68,443.28,78.80,284.60,0.456,-1,-1,-1
496,46,969.71,431.79,91.22,247.26,0.856,-1,-1,-1
496,48,568.57,449.48,29.42,83.73,0.717,-1,-1,-1
496,50,664.12,431.64,102.72,270.80,0.877,-1,-1,-1
496,52,536.38,460.11,25.19,69.80,0.679,-1,-1,-1
496,55,1386.84,409.86,125.71,547.00,0.734,-1,-1,-1
496,57,1644.11,407.20,145.79,392.18,0.811,-1,-1,-1
496,58,1033.92,448.69,27.49,81.32,0.663,-1,-1,-1
496,61,1062.03,442.47,31.68,99.14,0.363,-1,-1,-1
496,63,1113.47,430.90,47.27,158.43,0.509,-1,-1,-1
496,66,628.07,454.27,32.85,88.82,0.675,-1,-1,-1
496,67,1183.83,452.88,28.64,79.72,0.678,-1,-1,-1
497,5,1406.32,378.46,266.83,688.84,0.690,-1,-1,-1
497,9,838.43,443.33,105.72,283.54,0.840,-1,-1,-1
497,20,384.00,463.80,46.63,112.61,0.728,-1,-1,-1
497,28,414.69,456.09,39.85,114.08,0.636,-1,-1,-1
497,32,1222.68,422.98,182.51,585.15,0.891,-1,-1,-1
497,33,270.87,480.37,106.86,218.91,0.745,-1,-1,-1
497,46,973.99,435.21,91.52,243.57,0.860,-1,-1,-1
497,48,569.03,450.03,29.06,83.48,0.726,-1,-1,-1
497,50,666.22,432.63,102.51,270.04,0.873,-1,-1,-1
497,52,536.89,460.43,25.25,69.90,0.717,-1,-1,-1
497,55,1390.52,410.15,127.37,554.75,0.718,-1,-1,-1
497,57,1648.27,405.77,148.79,402.29,0.788,-1,-1,-1
497,58,1031.84,448.87,27.57,80.53,0.560,-1,-1,-1
497,61,1063.85,442.64,31.54,100.01,0.308,-1,-1,-1
497,63,1108.96,430.28,48.27,159.77,0.590,-1,-1,-1
497,66,627.54,454.62,32.75,88.48,0.663,-1,-1,-1
497,67,1183.42,452.76,28.67,79.72,0.684,-1,-1,-1
498,5,1414.29,376.45,268.25,694.49,0.826,-1,-1,-1
498,9,843.84,444.57,105.77,283.01,0.829,-1,-1,-1
498,20,383.95,464.37,46.39,111.87,0.743,-1,-1,-1
498,28,418.18,455.91,38.70,111.84,0.351,-1,-1,-1
498,32,1225.99,423.47,184.88,585.46,0.895,-1,-1,-1
498,33,262.57,480.06,109.61,223.75,0.732,-1,-1,-1
498,46,976.94,435.72,93.23,242.92,0.864,-1,-1,-1
498,48,569.85,451.47,28.34,82.16,0.731,-1,-1,-1
498,50,668.46,432.73,102.17,270.25,0.878,-1,-1,-1
498,52,536.95,460.75,25.64,70.95,0.740,-1,-1,-1
498,55,1394.48,408.02,128.44,557.27,0.721,-1,-1,-1
498,57,1661.22,407.32,164.38,441.98,0.853,-1,-1,-1
498,58,1031.91,448.82,27.56,80.46,0.325,-1,-1,-1
498,61,1065.59,442.81,30.77,98.92,0.346,-1,-1,-1
498,63,1105.78,430.18,49.17,160.50,0.578,-1,-1,-1
498,65,415.98,458.60,38.39,112.80,0.579,-1,-1,-1
498,66,627.43,455.36,32.93,89.05,0.669,-1,-1,-1
498,67,1183.19,452.70,28.75,79.99,0.635,-1,-1,-1
499,5,1422.25,373.76,269.72,699.98,0.521,-1,-1,-1
499,9,851.60,446.81,103.85,280.98,0.848,-1,-1,-1
499,20,383.82,464.50,46.35,111.70,0.709,-1,-1,-1
499,28,416.94,456.33,38.60,111.37,0.176,-1,-1,-1
499,32,1228.10,421.41,187.43,588.23,0.897,-1,-1,-1
499,33,252.25,479.61,110.28,224.63,0.716,-1,-1,-1
499,46,978.65,437.36,94.85,241.51,0.875,-1,-1,-1
499,47,663.82,430.55,104.00,272.52,0.803,-1,-1,-1
499,48,570.70,453.50,27.40,80.27,0.741,-1,-1,-1
499,52,537.15,460.91,25.64,70.99,0.727,-1,-1,-1
499,55,1397.45,408.95,129.21,555.60,0.772,-1,-1,-1
499,57,1673.06,411.33,170.04,452.05,0.860,-1,-1,-1
499,58,1032.41,449.30,26.01,75.29,0.333,-1,-1,-1
499,61,1066.31,442.77,29.96,97.69,0.239,-1,-1,-1
499,63,1108.19,430.34,48.77,158.69,0.611,-1,-1,-1
499,65,418.02,458.87,37.95,111.84,0.589,-1,-1,-1
499,66,627.71,455.94,33.12,89.58,0.651,-1,-1,-1
499,67,1182.47,452.72,28.81,80.13,0.701,-1,-1,-1
500,5,1431.38,369.05,270.60,704.80,0.438,-1,-1,-1
500,9,856.08,444.91,103.27,282.83,0.840,-1,-1,-1
500,20,383.96,464.55,46.31,111.58,0.642,-1,-1,-1
500,28,419.80,457.13,37.88,110.21,0.320,-1,-1,-1
500,32,1233.06,419.58,189.31,590.77,0.884,-1,-1,-1
500,33,241.75,479.88,110.27,224.58,0.640,-1,-1,-1
500,46,979.98,440.34,95.76,238.49,0.839,-1,-1,-1
500,48,571.06,454.34,27.04,79.63,0.729,-1,-1,-1
500,50,676.31,431.74,100.73,271.24,0.856,-1,-1,-1
500,52,537.72,460.96,25.93,71.90,0.732,-1,-1,-1
500,55,1400.50,409.57,131.02,557.25,0.785,-1,-1,-1
500,57,1685.90,412.16,177.13,463.07,0.863,-1,-1,-1
500,61,1072.05,443.95,30.44,99.76,0.512,-1,-1,-1
500,63,1108.84,429.93,49.32,160.11,0.607,-1,-1,-1
500,65,416.47,458.52,38.29,112.65,0.551,-1,-1,-1
500,66,628.12,455.07,33.24,89.90,0.636,-1,-1,-1
500,67,1182.40,452.91,28.66,79.75,0.712,-1,-1,-1
501,5,1447.18,368.74,268.59,705.03,0.565,-1,-1,-1
501,20,383.82,464.63,46.23,111.36,0.706,-1,-1,-1
501,32,1241.74,417.73,190.95,593.25,0.888,-1,-1,-1
501,33,228.54,480.34,111.47,226.80,0.696,-1,-1,-1
501,43,879.23,447.39,77.62,281.63,0.710,-1,-1,-1
501,46,981.73,439.93,97.78,239.14,0.813,-1,-1,-1
501,47,679.10,430.96,100.90,271.82,0.776,-1,-1,-1
501,48,571.82,455.53,26.55,78.44,0.735,-1,-1,-1
501,52,538.32,460.96,26.03,72.20,0.682,-1,-1,-1
501,55,1402.88,410.61,132.81,558.73,0.765,-1,-1,-1
501,57,1697.20,418.40,181.22,463.83,0.867,-1,-1,-1
501,61,1074.25,443.60,30.86,101.39,0.508,-1,-1,-1
501,63,1109.15,429.85,49.72,160.98,0.595,-1,-1,-1
501,65,415.89,458.65,38.38,112.57,0.611,-1,-1,-1
501,66,628.72,454.55,33.17,90.09,0.642,-1,-1,-1
501,67,1182.47,453.03,28.58,79.71,0.637,-1,-1,-1
502,5,1463.70,371.97,264.41,701.26,0.663,-1,-1,-1
502,9,866.91,440.76,104.14,287.92,0.667,-1,-1,-1
502,20,383.79,464.53,46.30,111.54,0.703,-1,-1,-1
502,32,1250.37,417.34,189.97,591.83,0.887,-1,-1,-1
502,33,218.30,479.98,113.36,231.63,0.762,-1,-1,-1
502,46,983.17,440.47,99.29,239.17,0.862,-1,-1,-1
502,48,572.08,456.05,26.27,78.14,0.734,-1,-1,-1
502,50,685.81,431.20,98.89,272.33,0.745,-1,-1,-1
502,52,538.64,461.33,25.91,71.87,0.739,-1,-1,-1
502,55,1406.89,410.17,134.99,557.15,0.858,-1,-1,-1
502,57,1707.53,420.78,186.07,467.55,0.871,-1,-1,-1
502,61,1074.51,443.16,31.27,102.56,0.577,-1,-1,-1
502,63,1108.59,430.22,49.97,161.03,0.586,-1,-1,-1
502,65,415.43,458.55,38.56,112.74,0.582,-1,-1,-1
502,66,630.06,454.64,32.97,89.90,0.616,-1,-1,-1
502,67,1182.11,453.35,28.39,79.19,0.646,-1,-1,-1
503,5,1476.32,371.47,261.57,704.68,0.756,-1,-1,-1
503,9,877.70,440.19,102.58,287.87,0.733,-1,-1,-1
503,20,383.54,464.45,46.34,111.59,0.695,-1,-1,-1
503,32,1259.43,418.46,189.09,595.16,0.873,-1,-1,-1
503,33,208.60,480.19,115.82,235.94,0.686,-1,-1,-1
503,43,864.69,423.36,79.28,293.10,0.603,-1,-1,-1
503,46,984.15,441.16,99.81,238.78,0.847,-1,-1,-1
503,47,691.98,431.35,97.28,271.48,0.817,-1,-1,-1
503,48,571.99,456.08,26.25,78.22,0.743,-1,-1,-1
503,52,538.71,461.68,26.17,72.25,0.741,-1,-1,-1
503,55,1410.71,409.08,138.90,559.71,0.864,-1,-1,-1
503,57,1711.44,414.20,192.80,478.88,0.877,-1,-1,-1
503,61,1075.20,444.95,31.02,101.56,0.433,-1,-1,-1
503,63,1107.60,430.24,50.74,162.89,0.523,-1,-1,-1
503,65,417.33,458.97,38.08,111.52,0.598,-1,-1,-1
503,66,631.24,454.59,32.78,89.89,0.634,-1,-1,-1
503,67,1181.94,453.53,28.16,78.52,0.631,-1,-1,-1
504,5,1489.64,371.38,257.87,701.99,0.791,-1,-1,-1
504,9,886.93,440.23,101.43,288.45,0.789,-1,-1,-1
504,20,383.36,464.66,46.27,111.27,0.656,-1,-1,-1
504,32,1271.72,417.95,187.77,598.34,0.844,-1,-1,-1
504,33,194.87,480.46,117.62,239.29,0.787,-1,-1,-1
504,43,860.60,414.46,78.90,296.03,0.622,-1,-1,-1
504,46,989.40,442.02,100.05,238.09,0.846,-1,-1,-1
504,48,572.37,455.26,26.65,79.09,0.729,-1,-1,-1
504,50,696.56,430.66,96.38,272.57,0.752,-1,-1,-1
504,52,538.49,462.33,26.16,71.82,0.734,-1,-1,-1
504,55,1415.50,408.64,140.15,557.03,0.836,-1,-1,-1
504,57,1714.17,409.19,200.07,495.29,0.862,-1,-1,-1
504,61,1075.04,445.34,31.04,101.24,0.533,-1,-1,-1
504,63,1108.96,430.66,49.99,160.20,0.505,-1,-1,-1
504,65,418.40,458.90,37.92,111.27,0.601,-1,-1,-1
504,66,631.33,454.05,32.63,89.91,0.656,-1,-1,-1
504,67,1181.39,453.64,28.02,78.08,0.618,-1,-1,-1
505,5,1499.20,372.33,254.64,700.42,0.802,-1,-1,-1
505,9,898.50,441.21,101.25,287.32,0.872,-1,-1,-1
505,20,383.49,464.87,46.24,111.02,0.648,-1,-1,-1
505,32,1284.26,415.84,187.22,604.10,0.835,-1,-1,-1
505,33,183.05,480.65,119.05,241.69,0.701,-1,-1,-1
505,43,860.35,410.14,77.26,293.96,0.669,-1,-1,-1
505,46,993.26,443.81,98.61,236.34,0.818,-1,-1,-1
505,47,701.77,430.31,94.85,272.67,0.768,-1,-1,-1
505,48,572.58,454.46,27.01,79.78,0.752,-1,-1,-1
505,52,538.77,462.93,26.27,71.56,0.726,-1,-1,-1
505,55,1422.65,410.92,141.00,556.09,0.794,-1,-1,-1
505,57,1716.72,406.67,204.03,504.30,0.892,-1,-1,-1
505,61,1074.80,444.47,31.72,103.10,0.546,-1,-1,-1
505,63,1107.71,430.44,50.86,162.06,0.575,-1,-1,-1
505,65,419.61,459.11,37.69,110.87,0.599,-1,-1,-1
505,66,631.64,453.62,32.77,90.94,0.689,-1,-1,-1
505,67,1181.29,453.40,28.02,78.18,0.661,-1,-1,-1
506,5,1504.37,372.76,252.35,702.90,0.814,-1,-1,-1
506,9,906.69,441.77,102.19,286.21,0.862,-1,-1,-1
506,20,383.31,464.85,46.24,110.98,0.715,-1,-1,-1
506,32,1290.99,415.86,188.37,615.94,0.825,-1,-1,-1
506,33,170.13,480.08,120.70,244.45,0.765,-1,-1,-1
506,43,860.65,408.22,75.67,292.73,0.732,-1,-1,-1
506,46,998.82,447.33,95.84,232.66,0.817,-1,-1,-1
506,48,572.76,452.83,27.54,81.14,0.745,-1,-1,-1
506,50,708.13,430.36,94.57,272.14,0.799,-1,-1,-1
506,52,538.77,463.39,26.23,71.04,0.739,-1,-1,-1
506,55,1431.37,409.17,141.66,560.21,0.785,-1,-1,-1
506,57,1721.41,405.73,205.27,509.41,0.893,-1,-1,-1
506,61,1074.92,446.64,31.25,100.99,0.535,-1,-1,-1
506,63,1105.60,430.48,51.66,163.18,0.586,-1,-1,-1
506,65,420.28,460.27,37.22,109.63,0.638,-1,-1,-1
506,66,631.39,452.49,32.82,91.50,0.658,-1,-1,-1
506,67,1180.83,453.14,28.14,78.51,0.632,-1,-1,-1
507,5,1509.64,372.10,249.12,701.47,0.812,-1,-1,-1
507,9,913.01,443.56,104.06,284.48,0.867,-1,-1,-1
507,20,383.04,464.47,46.35,111.32,0.708,-1,-1,-1
507,32,1297.51,415.66,188.04,622.68,0.858,-1,-1,-1
507,33,158.63,480.17,122.94,249.41,0.762,-1,-1,-1
507,43,861.29,407.20,75.19,295.03,0.739,-1,-1,-1
507,46,1004.33,442.60,95.79,237.31,0.771,-1,-1,-1
507,47,714.65,430.43,94.56,272.51,0.833,-1,-1,-1
507,48,572.92,451.17,28.06,82.50,0.744,-1,-1,-1
507,52,538.38,464.20,26.20,70.64,0.717,-1,-1,-1
507,55,1440.26,409.94,139.91,557.23,0.741,-1,-1,-1
507,57,1728.00,402.59,204.69,512.98,0.877,-1,-1,-1
507,61,1075.06,446.90,31.40,100.69,0.327,-1,-1,-1
507,63,1104.82,430.38,52.08,163.19,0.533,-1,-1,-1
507,65,420.05,460.56,37.04,109.19,0.638,-1,-1,-1
507,66,631.45,452.98,32.77,91.66,0.674,-1,-1,-1
507,67,1180.56,453.00,28.04,78.48,0.596,-1,-1,-1
508,5,1515.71,371.23,246.58,701.45,0.809,-1,-1,-1
508,9,917.30,446.02,106.22,281.78,0.897,-1,-1,-1
508,20,382.99,464.36,46.42,111.49,0.742,-1,-1,-1
508,32,1306.71,413.62,189.45,631.65,0.864,-1,-1,-1
508,33,145.53,479.81,123.94,251.28,0.757,-1,-1,-1
508,43,863.04,407.24,74.31,294.77,0.732,-1,-1,-1
508,46,1008.41,437.96,95.80,241.82,0.726,-1,-1,-1
508,48,572.92,451.44,28.06,82.39,0.747,-1,-1,-1
508,50,719.52,429.52,95.24,273.34,0.839,-1,-1,-1
508,52,539.02,463.98,26.55,71.27,0.753,-1,-1,-1
508,55,1446.09,411.31,137.56,554.39,0.802,-1,-1,-1
508,57,1733.91,399.80,203.09,515.47,0.885,-1,-1,-1
508,61,1073.94,445.61,34.15,109.57,0.176,-1,-1,-1
508,63,1104.11,430.41,52.40,163.44,0.503,-1,-1,-1
508,65,420.14,460.97,36.89,108.84,0.624,-1,-1,-1
508,66,631.62,453.64,32.25,91.13,0.619,-1,-1,-1
508,67,1180.82,452.89,27.98,78.49,0.599,-1,-1,-1
509,5,1514.24,371.35,244.39,700.59,0.617,-1,-1,-1
509,9,920.12,447.10,109.00,280.49,0.895,-1,-1,-1
509,20,382.93,464.17,46.53,111.74,0.723,-1,-1,-1
509,32,1321.77,412.95,192.46,639.51,0.851,-1,-1,-1
509,33,131.06,479.64,125.38,252.24,0.741,-1,-1,-1
509,43,864.52,407.43,73.01,293.00,0.725,-1,-1,-1
509,47,722.40,430.14,95.64,272.66,0.842,-1,-1,-1
509,48,573.02,452.32,27.71,81.30,0.729,-1,-1,-1
509,52,538.98,464.27,26.52,71.30,0.764,-1,-1,-1
509,55,1452.26,412.79,135.77,553.20,0.773,-1,-1,-1
509,57,1739.64,397.30,200.50,516.37,0.870,-1,-1,-1
509,58,1023.81,456.43,71.71,210.99,0.551,-1,-1,-1
509,61,1071.47,444.58,36.14,116.49,0.400,-1,-1,-1
509,63,1104.49,430.73,52.78,162.96,0.720,-1,-1,-1
509,65,420.76,460.98,36.74,108.80,0.616,-1,-1,-1
509,66,632.51,453.98,31.76,90.52,0.626,-1,-1,-1
509,67,1181.17,453.13,27.82,78.28,0.655,-1,-1,-1
510,5,1524.63,369.93,244.95,702.52,0.760,-1,-1,-1
510,9,918.24,446.84,110.82,280.41,0.852,-1,-1,-1
510,20,383.06,464.23,46.49,111.66,0.710,-1,-1,-1
510,32,1331.31,410.02,196.35,646.20,0.882,-1,-1,-1
510,33,116.11,478.52,127.14,255.01,0.762,-1,-1,-1
510,36,700.04,448.88,36.22,122.37,0.643,-1,-1,-1
510,43,866.96,407.51,72.78,294.25,0.718,-1,-1,-1
510,46,1020.91,436.17,94.72,243.79,0.735,-1,-1,-1
510,48,572.25,451.48,28.22,82.45,0.744,-1,-1,-1
510,50,726.20,429.62,96.52,273.28,0.868,-1,-1,-1
510,52,539.58,463.89,26.58,71.71,0.741,-1,-1,-1
510,55,1458.47,412.69,134.28,551.59,0.757,-1,-1,-1
510,57,1748.68,395.38,196.58,517.64,0.889,-1,-1,-1
510,63,1104.14,430.98,53.20,163.33,0.641,-1,-1,-1
510,65,420.56,461.45,36.58,108.56,0.589,-1,-1,-1
510,66,633.13,454.57,31.13,89.83,0.634,-1,-1,-1
510,67,1181.23,453.61,27.58,77.82,0.696,-1,-1,-1
511,5,1528.77,371.02,243.49,700.82,0.666,-1,-1,-1
511,9,920.57,447.01,113.83,279.51,0.891,-1,-1,-1
511,20,383.27,464.16,46.60,111.78,0.740,-1,-1,-1
511,32,1340.95,415.70,199.28,644.30,0.862,-1,-1,-1
511,33,101.95,480.16,128.86,257.31,0.760,-1,-1,-1
511,36,699.08,449.62,35.89,121.88,0.693,-1,-1,-1
511,43,869.92,407.77,72.54,294.11,0.653,-1,-1,-1
511,46,1029.05,443.78,90.42,236.21,0.820,-1,-1,-1
511,47,727.31,431.51,97.26,271.59,0.869,-1,-1,-1
511,48,572.41,452.88,27.88,81.24,0.737,-1,-1,-1
511,52,540.05,463.95,26.46,71.74,0.746,-1,-1,-1
511,55,1465.35,412.51,129.46,534.98,0.770,-1,-1,-1
511,57,1757.65,394.75,191.45,517.05,0.887,-1,-1,-1
511,63,1103.09,431.18,53.49,162.65,0.590,-1,-1,-1
511,65,417.74,460.78,37.26,110.15,0.597,-1,-1,-1
511,66,633.75,455.38,30.28,88.45,0.657,-1,-1,-1
511,67,1181.57,453.94,27.33,77.43,0.662,-1,-1,-1
512,5,1545.53,371.84,244.77,701.15,0.685,-1,-1,-1
512,9,920.64,447.91,116.20,277.76,0.873,-1,-1,-1
512,20,382.28,463.83,46.70,112.04,0.766,-1,-1,-1
512,32,1344.68,420.23,202.39,643.01,0.874,-1,-1,-1
512,33,87.04,479.79,130.52,258.70,0.764,-1,-1,-1
512,36,697.46,450.82,35.50,120.62,0.754,-1,-1,-1
512,43,872.08,408.17,72.41,293.89,0.624,-1,-1,-1
512,46,1035.80,440.35,91.24,239.82,0.842,-1,-1,-1
512,48,571.67,453.52,27.74,80.84,0.774,-1,-1,-1
512,50,730.25,431.71,97.27,270.89,0.870,-1,-1,-1
512,52,540.34,464.02,26.18,71.23,0.734,-1,-1,-1
512,55,1469.61,410.67,129.46,538.75,0.742,-1,-1,-1
512,57,1764.64,391.59,186.33,516.27,0.875,-1,-1,-1
512,63,1099.30,440.41,49.85,151.44,0.510,-1,-1,-1
512,65,418.29,459.15,37.59,111.73,0.485,-1,-1,-1
512,66,633.66,455.53,29.86,88.42,0.638,-1,-1,-1
512,67,1181.63,454.08,27.16,77.21,0.634,-1,-1,-1
513,5,1548.41,372.77,243.50,699.90,0.765,-1,-1,-1
513,9,920.32,449.61,118.47,275.05,0.892,-1,-1,-1
513,20,382.19,463.91,46.66,111.89,0.762,-1,-1,-1
513,32,1346.07,421.81,206.13,644.48,0.877,-1,-1,-1
513,33,72.56,479.48,132.79,260.55,0.773,-1,-1,-1
513,36,696.94,450.94,35.29,120.37,0.754,-1,-1,-1
513,43,874.02,408.26,72.29,293.99,0.693,-1,-1,-1
513,46,1044.35,447.16,88.95,232.97,0.856,-1,-1,-1
513,47,732.88,433.09,98.99,269.51,0.891,-1,-1,-1
513,48,571.64,454.11,27.57,80.16,0.761,-1,-1,-1
513,52,540.83,464.40,25.86,70.56,0.704,-1,-1,-1
513,55,1475.37,412.64,128.40,538.21,0.733,-1,-1,-1
513,57,1773.55,388.50,180.99,516.08,0.852,-1,-1,-1
513,63,1100.49,436.86,51.25,154.06,0.575,-1,-1,-1
513,65,419.03,457.47,37.94,113.40,0.469,-1,-1,-1
513,66,634.44,456.02,29.42,87.98,0.585,-1,-1,-1
513,67,1181.94,454.08,27.04,77.12,0.617,-1,-1,-1
514,5,1552.74,370.70,243.21,701.68,0.792,-1,-1,-1
514,9,920.05,454.53,119.80,270.59,0.891,-1,-1,-1
514,20,382.21,463.84,46.71,111.91,0.767,-1,-1,-1
514,32,1347.12,424.53,209.23,643.29,0.872,-1,-1,-1
514,33,60.84,478.30,134.53,259.50,0.776,-1,-1,-1
514,36,692.68,451.22,36.35,122.27,0.746,-1,-1,-1
514,43,875.87,408.83,72.33,293.26,0.751,-1,-1,-1
514,46,1047.66,442.85,91.35,237.51,0.857,-1,-1,-1
514,48,571.81,454.37,27.53,79.92,0.764,-1,-1,-1
514,50,733.91,432.70,98.53,269.65,0.874,-1,-1,-1
514,52,541.62,464.66,25.57,69.87,0.717,-1,-1,-1
514,55,1481.82,414.57,127.25,535.54,0.740,-1,-1,-1
514,57,1778.63,386.50,177.22,520.10,0.850,-1,-1,-1
514,63,1099.93,434.32,52.69,157.15,0.761,-1,-1,-1
514,65,419.68,455.98,38.24,115.04,0.430,-1,-1,-1
514,66,636.70,456.14,29.64,88.72,0.574,-1,-1,-1
514,67,1182.00,453.82,27.06,77.41,0.644,-1,-1,-1
515,5,1556.90,374.27,240.62,696.80,0.736,-1,-1,-1
515,9,919.58,453.76,122.72,270.95,0.892,-1,-1,-1
515,20,382.44,463.97,46.74,111.89,0.770,-1,-1,-1
515,32,1345.94,425.60,212.19,642.44,0.873,-1,-1,-1
515,33,51.97,478.71,136.39,259.50,0.805,-1,-1,-1
515,36,689.74,452.06,36.43,119.95,0.787,-1,-1,-1
515,43,876.30,408.59,72.54,293.44,0.757,-1,-1,-1
515,46,1051.07,442.18,92.62,238.42,0.836,-1,-1,-1
515,47,734.81,431.45,100.65,271.47,0.869,-1,-1,-1
515,48,573.02,455.56,27.13,78.56,0.768,-1,-1,-1
515,52,541.55,464.79,25.29,69.40,0.703,-1,-1,-1
515,55,1488.45,415.92,126.26,533.03,0.780,-1,-1,-1
515,57,1788.76,385.77,167.02,504.57,0.832,-1,-1,-1
515,63,1098.85,434.43,52.47,156.67,0.555,-1,-1,-1
515,65,420.57,456.37,37.83,114.49,0.531,-1,-1,-1
515,66,639.40,456.05,29.87,89.25,0.652,-1,-1,-1
515,67,1182.15,452.45,27.41,78.95,0.620,-1,-1,-1
516,5,1557.39,376.50,238.17,693.59,0.673,-1,-1,-1
516,9,918.61,452.32,125.63,272.47,0.885,-1,-1,-1
516,20,382.91,463.65,46.95,112.20,0.722,-1,-1,-1
516,32,1345.18,422.65,216.24,645.01,0.892,-1,-1,-1
516,33,33.50,478.37,142.66,266.85,0.800,-1,-1,-1
516,36,688.06,452.42,36.42,118.54,0.774,-1,-1,-1
516,43,877.00,409.07,72.73,292.72,0.771,-1,-1,-1
516,46,1051.96,437.77,94.96,243.14,0.857,-1,-1,-1
516,48,574.08,455.96,27.04,78.38,0.749,-1,-1,-1
516,50,735.30,431.46,100.19,270.68,0.872,-1,-1,-1
516,52,542.02,464.36,25.29,69.55,0.668,-1,-1,-1
516,55,1493.52,416.21,126.44,535.13,0.801,-1,-1,-1
516,57,1794.63,384.90,162.16,505.45,0.831,-1,-1,-1
516,63,1100.20,433.91,52.59,157.17,0.657,-1,-1,-1
516,65,421.38,456.54,37.51,114.39,0.500,-1,-1,-1
516,66,641.17,456.06,30.02,89.61,0.617,-1,-1,-1
516,67,1182.16,451.59,27.56,79.85,0.647,-1,-1,-1
517,5,1573.01,379.98,238.52,690.62,0.611,-1,-1,-1
517,9,917.51,449.81,128.97,275.63,0.884,-1,-1,-1
517,20,382.99,463.49,47.12,112.41,0.728,-1,-1,-1
517,32,1343.46,420.14,219.63,647.90,0.904,-1,-1,-1
517,33,20.00,478.52,145.25,269.43,0.776,-1,-1,-1
517,36,686.52,452.96,36.14,116.63,0.780,-1,-1,-1
517,43,877.61,409.62,73.33,292.97,0.769,-1,-1,-1
517,46,1051.93,435.96,96.35,245.02,0.872,-1,-1,-1
517,48,574.38,456.34,27.05,78.30,0.742,-1,-1,-1
517,50,736.53,430.79,101.14,271.69,0.866,-1,-1,-1
517,52,542.23,464.17,25.41,69.83,0.704,-1,-1,-1
517,55,1499.93,417.65,126.58,536.66,0.793,-1,-1,-1
517,57,1802.46,385.42,155.76,501.85,0.814,-1,-1,-1
517,60,721.82,451.10,27.67,87.16,0.667,-1,-1,-1
517,63,1101.32,433.96,52.50,157.47,0.630,-1,-1,-1
517,65,421.66,457.10,37.04,113.69,0.529,-1,-1,-1
517,66,642.21,456.07,30.10,89.86,0.624,-1,-1,-1
517,67,1182.23,451.65,27.36,79.66,0.560,-1,-1,-1
517,68,1163.19,439.84,25.16,85.86,0.561,-1,-1,-1
518,5,1586.46,375.88,241.85,694.11,0.621,-1,-1,-1
518,9,921.20,448.90,130.01,276.67,0.856,-1,-1,-1
518,20,382.89,463.48,47.18,112.55,0.741,-1,-1,-1
518,32,1342.49,418.80,222.10,649.14,0.892,-1,-1,-1
518,33,9.02,478.92,147.80,270.96,0.829,-1,-1,-1
518,36,685.18,453.64,36.05,115.96,0.773,-1,-1,-1
518,43,878.65,409.16,74.04,294.34,0.727,-1,-1,-1
518,46,1052.42,435.46,97.22,245.46,0.873,-1,-1,-1
518,48,574.83,457.32,26.82,77.43,0.720,-1,-1,-1
518,50,738.98,432.00,100.71,270.10,0.841,-1,-1,-1
518,52,542.67,464.68,25.37,69.58,0.695,-1,-1,-1
518,55,1506.25,418.53,126.08,534.01,0.788,-1,-1,-1
518,57,1809.69,387.14,148.80,495.94,0.806,-1,-1,-1
518,60,720.94,450.63,28.29,88.59,0.747,-1,-1,-1
518,63,1103.73,434.16,51.72,156.18,0.561,-1,-1,-1
518,65,421.81,458.16,36.44,112.52,0.540,-1,-1,-1
518,66,643.16,455.90,30.11,89.96,0.551,-1,-1,-1
518,67,1181.82,451.17,27.37,79.91,0.646,-1,-1,-1
518,68,1163.42,439.87,25.22,86.11,0.486,-1,-1,-1
519,5,1586.33,378.03,235.72,679.74,0.422,-1,-1,-1
519,9,924.61,448.71,130.30,276.19,0.833,-1,-1,-1
519,20,382.78,463.45,47.20,112.58,0.740,-1,-1,-1
519,32,1343.41,417.89,224.27,649.71,0.891,-1,-1,-1
519,33,1.64,479.34,148.34,270.36,0.808,-1,-1,-1
519,36,684.41,452.43,36.63,117.66,0.778,-1,-1,-1
519,43,880.46,408.97,74.47,292.66,0.756,-1,-1,-1
519,46,1053.46,437.36,97.01,243.26,0.828,-1,-1,-1
519,48,575.00,457.86,26.77,77.12,0.724,-1,-1,-1
519,50,743.55,432.48,100.03,268.39,0.839,-1,-1,-1
519,52,542.85,463.31,26.24,71.78,0.711,-1,-1,-1
519,55,1513.98,418.11,127.04,538.66,0.711,-1,-1,-1
519,57,1819.44,403.49,137.83,471.43,0.697,-1,-1,-1
519,60,720.59,450.87,28.59,88.92,0.769,-1,-1,-1
519,63,1104.85,434.24,51.39,156.06,0.614,-1,-1,-1
519,65,421.57,458.72,36.06,111.97,0.577,-1,-1,-1
519,66,643.47,454.55,30.50,91.21,0.663,-1,-1,-1
519,67,1181.98,451.68,27.03,79.08,0.665,-1,-1,-1
519,68,1163.54,439.86,25.17,85.98,0.524,-1,-1,-1
520,5,1584.92,380.44,235.36,680.75,0.353,-1,-1,-1
520,9,927.29,447.59,129.80,274.05,0.846,-1,-1,-1
520,20,382.78,463.43,47.20,112.58,0.723,-1,-1,-1
520,32,1344.41,417.22,225.64,649.65,0.900,-1,-1,-1
520,33,-4.00,479.12,151.63,276.15,0.805,-1,-1,-1
520,36,683.77,451.24,36.95,118.53,0.798,-1,-1,-1
520,43,882.83,408.62,76.05,293.48,0.838,-1,-1,-1
520,46,1054.46,441.64,95.87,238.67,0.818,-1,-1,-1
520,47,751.43,430.40,96.31,261.46,0.798,-1,-1,-1
520,48,574.56,456.84,27.25,78.30,0.712,-1,-1,-1
520,52,542.84,464.43,25.96,71.03,0.688,-1,-1,-1
520,55,1522.13,417.50,127.12,538.82,0.747,-1,-1,-1
520,57,1828.47,409.80,131.09,463.10,0.698,-1,-1,-1
520,60,720.97,450.82,28.95,88.97,0.781,-1,-1,-1
520,63,1106.11,434.57,50.66,154.51,0.513,-1,-1,-1
520,65,421.60,460.09,35.48,110.55,0.559,-1,-1,-1
520,66,643.74,454.14,30.50,91.52,0.693,-1,-1,-1
520,67,1182.06,452.18,26.70,78.09,0.721,-1,-1,-1
520,68,1163.59,440.03,25.08,85.77,0.519,-1,-1,-1
521,5,1591.02,380.33,236.54,684.88,0.589,-1,-1,-1
521,9,936.46,447.31,130.11,272.66,0.844,-1,-1,-1
521,20,382.84,463.73,47.09,112.30,0.718,-1,-1,-1
521,32,1347.10,416.66,227.22,650.12,0.904,-1,-1,-1
521,33,-9.30,479.13,150.80,276.05,0.803,-1,-1,-1
521,36,683.45,450.58,37.05,118.75,0.781,-1,-1,-1
521,43,883.91,408.46,77.85,295.09,0.867,-1,-1,-1
521,46,1053.45,437.12,97.76,242.72,0.871,-1,-1,-1
521,48,574.63,456.50,27.50,78.60,0.729,-1,-1,-1
521,50,754.57,428.81,96.63,263.69,0.805,-1,-1,-1
521,52,542.54,465.00,25.73,70.60,0.693,-1,-1,-1
521,55,1530.73,418.22,127.38,538.61,0.754,-1,-1,-1
521,60,720.63,450.23,29.44,89.86,0.814,-1,-1,-1
521,63,1107.60,434.71,50.02,154.04,0.379,-1,-1,-1
521,65,421.62,460.28,35.25,110.28,0.572,-1,-1,-1
521,66,644.02,454.11,30.37,91.39,0.711,-1,-1,-1
521,67,1182.56,452.40,26.44,77.59,0.682,-1,-1,-1
521,68,1163.42,439.69,25.31,86.64,0.556,-1,-1,-1
522,5,1596.54,381.79,237.33,684.10,0.631,-1,-1,-1
522,9,946.62,446.91,129.15,272.87,0.827,-1,-1,-1
522,20,382.83,463.96,46.99,112.05,0.711,-1,-1,-1
522,28,414.35,459.17,38.76,112.36,0.516,-1,-1,-1
522,32,1350.98,415.30,229.07,651.72,0.909,-1,-1,-1
522,33,-10.85,479.48,149.87,275.55,0.813,-1,-1,-1
522,36,682.70,449.95,37.18,119.00,0.795,-1,-1,-1
522,43,884.09,408.21,79.31,297.42,0.857,-1,-1,-1
522,46,1052.83,434.47,99.07,245.26,0.875,-1,-1,-1
522,47,761.82,429.85,93.18,259.71,0.738,-1,-1,-1
522,48,574.51,456.39,27.67,78.81,0.746,-1,-1,-1
522,52,542.42,465.26,25.69,70.66,0.667,-1,-1,-1
522,55,1537.78,417.52,128.75,543.15,0.698,-1,-1,-1
522,60,719.90,450.06,29.63,90.19,0.806,-1,-1,-1
522,63,1109.76,434.64,48.36,149.84,0.174,-1,-1,-1
522,65,422.28,465.26,33.63,105.46,0.472,-1,-1,-1
522,66,644.52,454.14,30.27,91.47,0.662,-1,-1,-1
522,67,1182.58,452.75,26.22,77.00,0.663,-1,-1,-1
522,68,1163.62,439.97,25.13,86.14,0.527,-1,-1,-1
523,5,1599.24,381.39,239.92,687.08,0.715,-1,-1,-1
523,9,952.88,445.71,129.69,275.23,0.842,-1,-1,-1
523,20,382.97,463.89,46.91,111.90,0.726,-1,-1,-1
523,28,414.50,459.57,39.01,112.22,0.565,-1,-1,-1
523,32,1356.56,413.42,230.62,653.74,0.910,-1,-1,-1
523,33,-12.03,498.97,139.42,257.22,0.694,-1,-1,-1
523,36,680.75,449.89,37.50,119.26,0.805,-1,-1,-1
523,43,885.36,407.57,80.16,297.62,0.857,-1,-1,-1
523,46,1054.44,434.88,99.06,244.52,0.864,-1,-1,-1
523,48,574.77,455.80,28.06,79.24,0.751,-1,-1,-1
523,50,767.61,429.39,93.40,261.36,0.800,-1,-1,-1
523,52,542.86,465.21,25.79,71.08,0.712,-1,-1,-1
523,55,1544.96,417.21,131.07,550.22,0.782,-1,-1,-1
523,60,719.64,449.64,29.92,90.91,0.789,-1,-1,-1
523,65,422.97,465.63,33.34,104.89,0.199,-1,-1,-1
523,66,645.44,454.44,30.04,91.24,0.682,-1,-1,-1
523,67,1182.20,452.35,26.28,77.18,0.598,-1,-1,-1
523,68,1163.93,439.66,25.26,86.78,0.491,-1,-1,-1
524,5,1604.06,377.56,243.89,692.73,0.674,-1,-1,-1
524,9,959.69,446.41,127.64,274.98,0.845,-1,-1,-1
524,20,383.00,463.71,46.97,112.06,0.723,-1,-1,-1
524,32,1363.40,410.01,232.13,657.97,0.908,-1,-1,-1
524,33,-14.40,514.41,129.79,241.35,0.652,-1,-1,-1
524,36,678.60,449.69,37.87,119.50,0.800,-1,-1,-1
524,43,887.94,407.35,81.48,299.07,0.829,-1,-1,-1
524,46,1054.78,433.64,99.36,245.82,0.851,-1,-1,-1
524,47,773.04,429.80,91.32,261.40,0.770,-1,-1,-1
524,48,575.05,454.74,28.58,80.27,0.757,-1,-1,-1
524,52,543.05,465.63,25.50,70.43,0.670,-1,-1,-1
524,55,1551.06,416.01,133.98,557.18,0.783,-1,-1,-1
524,60,719.20,449.01,30.00,91.15,0.791,-1,-1,-1
524,65,422.34,463.78,33.91,106.84,0.536,-1,-1,-1
524,66,646.45,454.65,30.05,91.54,0.735,-1,-1,-1
524,67,1182.14,452.39,26.28,77.14,0.613,-1,-1,-1
524,68,1164.69,440.10,24.74,85.20,0.488,-1,-1,-1
525,5,1609.00,375.68,245.42,692.27,0.649,-1,-1,-1
525,9,966.71,444.72,126.41,276.60,0.819,-1,-1,-1
525,20,383.10,463.71,46.92,112.06,0.670,-1,-1,-1
525,32,1374.43,410.81,231.16,657.79,0.883,-1,-1,-1
525,33,-18.77,533.47,118.64,222.99,0.493,-1,-1,-1
525,36,676.43,451.24,37.90,118.02,0.823,-1,-1,-1
525,43,890.28,407.37,82.19,299.56,0.846,-1,-1,-1
525,46,1056.60,434.27,98.82,245.07,0.776,-1,-1,-1
525,48,575.65,453.93,28.79,80.45,0.757,-1,-1,-1
525,50,778.00,429.65,91.62,261.67,0.783,-1,-1,-1
525,52,543.49,464.80,25.83,71.37,0.741,-1,-1,-1
525,55,1555.20,414.41,137.55,566.70,0.727,-1,-1,-1
525,60,718.63,448.58,30.25,92.53,0.799,-1,-1,-1
525,65,422.07,462.52,34.31,108.20,0.565,-1,-1,-1
525,66,647.49,455.45,29.75,90.57,0.687,-1,-1,-1
525,67,1181.95,451.44,26.53,78.11,0.543,-1,-1,-1
525,68,1165.56,440.35,23.86,82.24,0.388,-1,-1,-1
526,5,1621.76,371.36,252.13,697.19,0.728,-1,-1,-1
526,9,973.22,443.69,124.82,278.35,0.805,-1,-1,-1
526,20,383.02,463.74,46.88,112.06,0.665,-1,-1,-1
526,32,1387.28,410.73,229.38,657.19,0.861,-1,-1,-1
526,36,674.77,452.60,37.99,116.55,0.820,-1,-1,-1
526,43,893.04,407.29,82.38,299.88,0.842,-1,-1,-1
526,46,1058.67,432.37,98.74,246.42,0.828,-1,-1,-1
526,47,783.46,430.11,88.92,261.01,0.852,-1,-1,-1
526,48,575.21,453.36,29.13,80.99,0.755,-1,-1,-1
526,52,543.52,464.14,26.07,72.04,0.725,-1,-1,-1
526,55,1556.53,414.47,140.97,572.03,0.760,-1,-1,-1
526,60,718.40,448.28,30.64,93.64,0.796,-1,-1,-1
526,65,421.83,461.96,34.45,108.71,0.575,-1,-1,-1
526,66,648.53,455.89,29.71,90.29,0.753,-1,-1,-1
526,67,1181.60,450.73,26.69,78.79,0.535,-1,-1,-1
526,68,1165.51,440.34,23.69,81.73,0.371,-1,-1,-1
527,5,1624.11,368.96,256.29,700.77,0.725,-1,-1,-1
527,9,980.42,442.66,123.51,279.65,0.801,-1,-1,-1
527,20,382.97,463.72,46.85,112.08,0.682,-1,-1,-1
527,32,1402.47,411.86,225.65,655.59,0.849,-1,-1,-1
527,36,673.42,452.34,38.65,117.08,0.807,-1,-1,-1
527,43,896.47,408.69,81.87,298.67,0.742,-1,-1,-1
527,46,1067.19,431.65,98.35,244.86,0.798,-1,-1,-1
527,48,574.67,452.01,29.75,82.31,0.784,-1,-1,-1
527,50,790.21,429.93,90.90,260.52,0.793,-1,-1,-1
527,52,543.49,464.01,26.11,72.18,0.717,-1,-1,-1
527,55,1560.88,413.47,145.30,577.51,0.781,-1,-1,-1
527,60,717.92,448.09,30.95,94.95,0.788,-1,-1,-1
527,65,421.71,461.57,34.53,109.06,0.568,-1,-1,-1
527,66,648.24,456.12,29.34,89.99,0.771,-1,-1,-1
527,67,1180.93,450.14,26.87,79.41,0.479,-1,-1,-1
527,68,1165.52,440.33,23.83,82.35,0.313,-1,-1,-1
528,5,1628.34,372.79,258.07,697.35,0.688,-1,-1,-1
528,9,986.67,443.24,121.82,280.70,0.837,-1,-1,-1
528,20,382.97,463.88,46.73,111.84,0.690,-1,-1,-1
528,32,1414.77,411.10,222.02,655.57,0.847,-1,-1,-1
528,36,672.70,452.91,38.80,116.49,0.802,-1,-1,-1
528,43,904.36,407.06,81.36,301.42,0.819,-1,-1,-1
528,48,575.06,450.69,30.51,84.15,0.777,-1,-1,-1
528,50,797.75,430.75,91.26,258.99,0.841,-1,-1,-1
528,52,543.37,462.93,26.74,74.02,0.557,-1,-1,-1
528,55,1563.70,411.62,150.14,582.09,0.822,-1,-1,-1
528,60,718.07,448.22,31.05,95.49,0.776,-1,-1,-1
528,63,1090.59,431.87,79.11,234.96,0.859,-1,-1,-1
528,65,422.43,462.65,34.19,107.86,0.606,-1,-1,-1
528,66,648.66,456.73,28.95,89.38,0.755,-1,-1,-1
528,67,1180.95,451.26,26.34,78.00,0.459,-1,-1,-1
528,68,1165.06,440.61,24.42,84.55,0.349,-1,-1,-1
528,69,1009.88,448.59,33.57,39.12,0.591,-1,-1,-1
529,5,1631.39,369.72,262.99,701.67,0.706,-1,-1,-1
529,9,991.12,445.07,118.63,278.62,0.822,-1,-1,-1
529,20,382.78,464.28,46.60,111.51,0.666,-1,-1,-1
529,32,1425.11,410.74,218.35,654.06,0.891,-1,-1,-1
529,36,672.28,455.97,38.01,113.24,0.797,-1,-1,-1
529,43,909.54,406.02,80.75,303.07,0.821,-1,-1,-1
529,46,1082.05,430.99,97.89,243.20,0.855,-1,-1,-1
529,48,575.34,449.52,31.08,85.75,0.782,-1,-1,-1
529,50,801.00,431.28,91.87,258.27,0.830,-1,-1,-1
529,52,543.03,463.34,26.47,73.51,0.667,-1,-1,-1
529,55,1574.14,411.76,154.33,591.27,0.821,-1,-1,-1
529,60,717.82,448.28,30.87,95.43,0.771,-1,-1,-1
529,65,422.41,462.98,34.03,107.41,0.631,-1,-1,-1
529,66,648.06,456.75,28.88,89.74,0.713,-1,-1,-1
529,67,1180.82,452.41,25.87,76.65,0.460,-1,-1,-1
529,68,1164.86,441.59,24.54,85.04,0.188,-1,-1,-1
529,69,1009.97,448.85,33.91,39.53,0.678,-1,-1,-1
530,5,1635.02,369.94,264.29,701.23,0.337,-1,-1,-1
530,9,997.10,445.59,116.83,277.53,0.841,-1,-1,-1
530,20,382.57,464.07,46.64,111.60,0.735,-1,-1,-1
530,32,1432.56,410.84,215.61,653.82,0.887,-1,-1,-1
530,36,670.63,454.91,38.32,113.72,0.801,-1,-1,-1
530,43,913.02,405.84,79.99,303.09,0.803,-1,-1,-1
530,46,1088.32,431.01,97.54,243.16,0.809,-1,-1,-1
530,47,808.77,432.11,91.85,256.66,0.869,-1,-1,-1
530,48,575.66,450.44,30.77,85.03,0.753,-1,-1,-1
530,52,542.26,462.71,26.66,74.37,0.618,-1,-1,-1
530,55,1584.19,410.21,156.84,597.09,0.843,-1,-1,-1
530,60,717.81,448.59,30.59,94.63,0.763,-1,-1,-1
530,65,422.72,464.04,33.60,106.16,0.624,-1,-1,-1
530,66,647.88,456.49,28.68,89.94,0.699,-1,-1,-1
530,67,1179.27,450.52,26.46,78.54,0.430,-1,-1,-1
530,68,1162.59,441.82,24.82,85.72,0.130,-1,-1,-1
530,69,1008.50,448.73,36.17,42.20,0.577,-1,-1,-1
531,5,1637.49,366.69,266.74,703.92,0.479,-1,-1,-1
531,9,1002.55,445.93,115.91,276.73,0.858,-1,-1,-1
531,20,382.23,463.98,46.75,111.62,0.781,-1,-1,-1
531,32,1438.66,409.44,214.91,658.20,0.880,-1,-1,-1
531,36,669.09,453.88,38.51,114.34,0.788,-1,-1,-1
531,43,916.22,408.11,78.72,300.12,0.815,-1,-1,-1
531,46,1091.28,431.23,97.42,243.37,0.818,-1,-1,-1
531,48,576.59,452.76,29.99,83.06,0.762,-1,-1,-1
531,50,808.47,432.56,94.60,256.27,0.873,-1,-1,-1
531,52,541.40,462.30,26.55,74.51,0.619,-1,-1,-1
531,55,1592.50,410.85,158.46,599.89,0.850,-1,-1,-1
531,60,717.64,448.83,30.26,93.57,0.757,-1,-1,-1
531,65,422.12,463.74,33.71,106.71,0.607,-1,-1,-1
531,66,647.99,456.50,28.48,89.96,0.693,-1,-1,-1
531,67,1179.05,449.37,26.68,79.86,0.574,-1,-1,-1
531,68,1162.72,440.81,25.24,87.42,0.118,-1,-1,-1
531,69,1007.19,448.84,38.19,44.64,0.530,-1,-1,-1
532,5,1644.39,367.51,267.70,704.06,0.713,-1,-1,-1
532,9,1007.37,446.57,115.44,275.71,0.885,-1,-1,-1
532,20,382.32,464.17,46.67,111.40,0.745,-1,-1,-1
532,32,1448.34,410.31,214.08,656.68,0.855,-1,-1,-1
532,36,667.67,452.99,38.57,114.91,0.758,-1,-1,-1
532,43,919.29,409.65,78.00,297.51,0.779,-1,-1,-1
532,46,1093.61,432.21,96.57,242.76,0.814,-1,-1,-1
532,47,811.77,433.84,96.20,254.56,0.887,-1,-1,-1
532,48,577.34,453.98,29.60,81.97,0.772,-1,-1,-1
532,52,541.93,462.76,26.47,74.29,0.671,-1,-1,-1
532,55,1601.95,412.21,160.50,600.51,0.854,-1,-1,-1
532,60,716.96,449.11,30.17,93.55,0.731,-1,-1,-1
532,65,422.13,463.62,33.71,106.81,0.510,-1,-1,-1
532,66,647.86,455.70,28.60,90.91,0.655,-1,-1,-1
532,67,1179.16,449.15,26.55,80.14,0.603,-1,-1,-1
532,68,1161.89,439.65,25.99,90.10,0.218,-1,-1,-1
532,69,1006.18,448.73,40.86,47.97,0.697,-1,-1,-1
533,5,1654.39,368.41,267.11,704.35,0.718,-1,-1,-1
533,9,1010.65,446.29,115.80,275.60,0.883,-1,-1,-1
533,20,382.47,464.36,46.61,111.19,0.759,-1,-1,-1
533,32,1455.67,411.02,214.08,656.17,0.867,-1,-1,-1
533,36,666.26,451.72,38.75,115.98,0.771,-1,-1,-1
533,43,923.58,410.53,78.56,296.89,0.836,-1,-1,-1
533,46,1097.00,433.65,95.88,242.37,0.690,-1,-1,-1
533,48,578.05,454.39,29.39,81.58,0.784,-1,-1,-1
533,50,811.05,433.99,96.96,254.05,0.875,-1,-1,-1
533,52,542.89,461.96,26.71,74.82,0.716,-1,-1,-1
533,55,1607.44,411.87,162.82,603.29,0.834,-1,-1,-1
533,60,717.14,449.45,30.42,93.94,0.752,-1,-1,-1
533,65,422.58,464.50,33.43,105.89,0.585,-1,-1,-1
533,66,647.71,455.28,28.65,91.56,0.535,-1,-1,-1
533,67,1179.47,449.09,26.37,80.18,0.343,-1,-1,-1
533,68,1162.13,440.27,26.01,90.02,0.194,-1,-1,-1
533,69,1005.14,448.56,42.80,50.52,0.672,-1,-1,-1
534,5,1681.68,366.74,260.07,700.01,0.736,-1,-1,-1
534,9,1014.42,445.67,117.18,276.37,0.896,-1,-1,-1
534,20,382.60,464.41,46.55,111.13,0.762,-1,-1,-1
534,32,1457.84,411.51,214.22,655.91,0.863,-1,-1,-1
534,36,665.58,451.34,38.71,116.58,0.731,-1,-1,-1
534,43,927.93,411.19,79.53,296.04,0.831,-1,-1,-1
534,46,1096.87,434.51,94.70,242.39,0.676,-1,-1,-1
534,47,815.10,433.75,100.57,254.24,0.892,-1,-1,-1
534,48,578.42,454.13,29.50,81.95,0.782,-1,-1,-1
534,52,543.50,461.74,26.78,74.87,0.700,-1,-1,-1
534,55,1612.18,411.56,165.73,608.23,0.848,-1,-1,-1
534,60,716.91,449.59,30.47,94.17,0.749,-1,-1,-1
534,65,423.20,464.74,33.24,105.49,0.618,-1,-1,-1
534,66,648.42,454.41,28.68,92.69,0.644,-1,-1,-1
534,67,1180.18,448.93,26.17,80.14,0.349,-1,-1,-1
534,68,1162.74,440.38,26.06,90.01,0.399,-1,-1,-1
534,69,1004.92,448.57,45.80,54.41,0.725,-1,-1,-1
535,5,1700.88,365.09,250.93,691.12,0.771,-1,-1,-1
535,9,1015.97,446.69,118.09,276.16,0.887,-1,-1,-1
535,20,382.97,463.95,46.80,111.70,0.748,-1,-1,-1
535,32,1459.66,411.57,214.69,656.39,0.855,-1,-1,-1
535,36,665.31,451.22,38.49,116.53,0.724,-1,-1,-1
535,43,929.88,409.99,81.05,297.04,0.824,-1,-1,-1
535,46,1099.76,434.21,94.28,243.11,0.778,-1,-1,-1
535,48,578.40,452.98,29.99,83.30,0.782,-1,-1,-1
535,50,815.38,434.08,100.78,253.76,0.895,-1,-1,-1
535,52,543.97,461.42,27.01,75.32,0.611,-1,-1,-1
535,55,1618.63,410.29,168.23,613.34,0.833,-1,-1,-1
535,60,716.48,449.31,30.58,94.83,0.740,-1,-1,-1
535,65,421.79,462.23,34.34,108.35,0.574,-1,-1,-1
535,66,648.63,453.72,28.73,93.57,0.510,-1,-1,-1
535,67,1180.02,447.50,26.44,81.39,0.133,-1,-1,-1
535,68,1164.04,440.98,25.39,87.52,0.184,-1,-1,-1
535,69,1004.95,448.13,49.56,59.28,0.690,-1,-1,-1
536,5,1712.62,367.49,245.78,695.12,0.789,-1,-1,-1
536,9,1016.06,447.57,118.95,276.28,0.875,-1,-1,-1
536,20,382.73,463.80,46.93,112.01,0.769,-1,-1,-1
536,32,1460.33,411.60,215.13,656.17,0.874,-1,-1,-1
536,36,663.16,451.40,38.13,116.08,0.705,-1,-1,-1
536,43,931.78,412.02,82.01,295.18,0.842,-1,-1,-1
536,46,1100.13,433.06,93.69,244.89,0.827,-1,-1,-1
536,47,816.11,434.74,103.70,252.92,0.900,-1,-1,-1
536,48,578.55,452.50,30.18,84.09,0.781,-1,-1,-1
536,52,544.25,462.42,26.71,74.40,0.551,-1,-1,-1
536,55,1624.00,409.72,169.08,613.28,0.814,-1,-1,-1
536,60,716.04,448.94,30.55,95.45,0.742,-1,-1,-1
536,65,422.24,462.65,34.22,107.99,0.570,-1,-1,-1
536,66,648.63,453.31,28.68,93.98,0.423,-1,-1,-1
536,68,1164.49,441.06,27.46,94.54,0.139,-1,-1,-1
536,69,1003.30,447.79,52.78,63.81,0.692,-1,-1,-1
537,5,1720.78,364.95,240.79,703.85,0.853,-1,-1,-1
537,9,1015.56,446.95,120.07,277.00,0.872,-1,-1,-1
537,20,382.56,463.68,46.96,112.15,0.780,-1,-1,-1
537,32,1461.31,410.15,216.44,657.58,0.888,-1,-1,-1
537,36,661.36,451.07,37.97,116.37,0.720,-1,-1,-1
537,43,932.57,412.45,83.61,294.86,0.874,-1,-1,-1
537,46,1101.60,431.87,92.31,245.44,0.834,-1,-1,-1
537,48,578.55,452.86,30.08,83.87,0.767,-1,-1,-1
537,50,815.09,434.96,103.55,252.30,0.900,-1,-1,-1
537,52,544.63,463.21,26.38,73.51,0.565,-1,-1,-1
537,55,1627.15,409.63,170.62,615.33,0.748,-1,-1,-1
537,60,716.28,448.65,30.31,95.27,0.758,-1,-1,-1
537,65,421.37,462.32,34.54,108.44,0.574,-1,-1,-1
537,66,648.96,453.43,28.49,94.19,0.316,-1,-1,-1
537,68,1165.05,441.66,29.04,100.38,0.454,-1,-1,-1
537,69,1001.85,447.66,55.62,67.85,0.536,-1,-1,-1
538,5,1727.87,364.33,235.89,707.93,0.773,-1,-1,-1
538,9,1015.16,449.08,120.00,274.66,0.901,-1,-1,-1
538,20,382.47,463.77,46.95,112.09,0.780,-1,-1,-1
538,32,1464.94,410.14,218.34,658.04,0.891,-1,-1,-1
538,36,659.98,451.51,37.69,116.36,0.701,-1,-1,-1
538,43,933.13,411.19,85.74,295.99,0.885,-1,-1,-1
538,46,1103.62,432.49,90.85,245.38,0.795,-1,-1,-1
538,47,814.48,433.57,107.07,253.28,0.899,-1,-1,-1
538,48,578.82,453.46,29.88,83.20,0.795,-1,-1,-1
538,52,544.78,463.59,26.32,73.17,0.626,-1,-1,-1
538,55,1630.86,409.80,170.06,608.01,0.779,-1,-1,-1
538,60,716.02,448.59,30.11,95.24,0.755,-1,-1,-1
538,65,421.66,462.00,34.64,108.69,0.612,-1,-1,-1
538,66,649.10,453.99,28.11,93.88,0.443,-1,-1,-1
538,68,1167.18,440.35,28.86,99.04,0.199,-1,-1,-1
538,69,1000.02,447.55,57.77,71.43,0.622,-1,-1,-1
539,5,1736.54,375.06,224.71,696.46,0.861,-1,-1,-1
539,9,1015.42,447.97,120.93,276.18,0.894,-1,-1,-1
539,20,382.67,463.84,47.06,112.11,0.774,-1,-1,-1
539,32,1467.46,408.32,220.59,660.06,0.884,-1,-1,-1
539,36,658.48,452.67,36.94,114.87,0.769,-1,-1,-1
539,43,933.55,410.94,87.66,296.39,0.868,-1,-1,-1
539,46,1104.53,432.07,89.45,245.94,0.818,-1,-1,-1
539,48,579.22,453.85,29.67,82.76,0.767,-1,-1,-1
539,50,816.61,433.75,106.10,252.95,0.896,-1,-1,-1
539,52,544.83,463.83,26.25,72.94,0.643,-1,-1,-1
539,55,1638.04,411.39,168.90,600.80,0.813,-1,-1,-1
539,60,715.70,448.29,30.10,95.57,0.763,-1,-1,-1
539,65,420.73,462.01,34.85,108.72,0.568,-1,-1,-1
539,66,649.57,455.25,27.95,94.22,0.236,-1,-1,-1
539,68,1166.67,442.23,29.23,100.69,0.182,-1,-1,-1
539,69,998.33,447.71,59.87,74.84,0.492,-1,-1,-1
540,5,1745.21,380.50,215.45,690.24,0.857,-1,-1,-1
540,9,1015.50,441.03,123.71,283.29,0.863,-1,-1,-1
540,20,382.08,463.31,47.32,112.63,0.763,-1,-1,-1
540,32,1471.68,408.04,221.86,659.91,0.880,-1,-1,-1
540,36,656.64,453.48,36.52,113.68,0.756,-1,-1,-1
540,43,933.02,411.46,89.37,295.69,0.877,-1,-1,-1
540,46,1105.64,431.79,88.17,246.45,0.817,-1,-1,-1
540,47,816.34,432.76,108.94,253.58,0.900,-1,-1,-1
540,48,579.00,454.65,29.58,81.89,0.751,-1,-1,-1
540,52,544.83,463.05,26.68,73.97,0.645,-1,-1,-1
540,55,1642.02,410.25,169.68,600.66,0.784,-1,-1,-1
540,60,714.76,448.06,30.05,95.63,0.776,-1,-1,-1
540,65,421.25,461.80,34.79,108.69,0.609,-1,-1,-1
540,68,1169.32,442.31,30.02,103.78,0.462,-1,-1,-1
540,69,997.35,447.91,59.70,75.90,0.681,-1,-1,-1
541,5,1752.52,383.70,208.47,687.96,0.815,-1,-1,-1
541,9,1022.04,440.96,122.45,283.21,0.861,-1,-1,-1
541,20,382.08,463.50,47.30,112.47,0.693,-1,-1,-1
541,32,1476.20,408.18,222.87,659.23,0.855,-1,-1,-1
541,36,655.57,454.41,36.03,112.23,0.723,-1,-1,-1
541,43,934.08,412.28,91.42,294.50,0.881,-1,-1,-1
541,46,1106.76,431.63,87.41,247.00,0.716,-1,-1,-1
541,48,579.07,455.76,29.35,80.61,0.751,-1,-1,-1
541,50,819.53,432.02,107.49,253.51,0.895,-1,-1,-1
541,52,544.75,462.64,27.01,74.90,0.661,-1,-1,-1
541,55,1644.77,411.23,170.14,599.83,0.799,-1,-1,-1
541,60,714.52,447.92,30.12,96.06,0.770,-1,-1,-1
541,65,421.21,460.82,35.08,109.60,0.590,-1,-1,-1
541,68,1172.74,443.66,30.21,103.95,0.562,-1,-1,-1
541,69,997.34,448.13,58.82,76.44,0.749,-1,-1,-1
542,5,1759.96,385.32,201.41,686.25,0.822,-1,-1,-1
542,9,1027.43,443.56,120.25,280.57,0.870,-1,-1,-1
542,20,381.70,463.58,47.22,112.39,0.711,-1,-1,-1
542,28,414.63,458.25,39.77,113.85,0.621,-1,-1,-1
542,32,1481.77,409.55,223.91,658.56,0.837,-1,-1,-1
542,36,654.57,454.73,35.91,111.87,0.718,-1,-1,-1
542,43,935.69,413.29,93.88,293.87,0.888,-1,-1,-1
542,46,1108.25,432.00,86.16,246.82,0.807,-1,-1,-1
542,47,819.36,431.97,109.82,254.19,0.888,-1,-1,-1
542,48,578.92,456.02,29.57,80.37,0.765,-1,-1,-1
542,52,545.32,461.91,27.32,75.72,0.466,-1,-1,-1
542,55,1649.29,413.11,171.35,599.46,0.785,-1,-1,-1
542,60,714.27,447.70,30.28,96.65,0.759,-1,-1,-1
542,68,1173.47,443.39,30.51,105.31,0.110,-1,-1,-1
542,69,997.18,448.50,58.58,77.86,0.737,-1,-1,-1
543,5,1769.29,400.13,191.39,671.45,0.787,-1,-1,-1
543,9,1031.54,440.12,120.56,283.88,0.858,-1,-1,-1
543,20,381.73,463.80,47.10,112.14,0.718,-1,-1,-1
543,32,1486.43,409.68,224.44,658.66,0.813,-1,-1,-1
543,36,654.06,454.96,35.74,111.45,0.779,-1,-1,-1
543,43,936.10,413.46,96.11,293.89,0.881,-1,-1,-1
543,46,1110.13,431.95,84.85,247.01,0.798,-1,-1,-1
543,48,578.68,455.74,30.01,80.92,0.743,-1,-1,-1
543,50,825.80,431.26,107.48,254.27,0.880,-1,-1,-1
543,52,545.44,461.68,27.43,76.04,0.682,-1,-1,-1
543,55,1653.11,412.04,173.65,601.22,0.810,-1,-1,-1
543,60,713.88,447.57,30.58,97.06,0.754,-1,-1,-1
543,65,421.25,461.03,34.91,109.18,0.585,-1,-1,-1
543,68,1176.46,444.84,29.02,99.98,0.115,-1,-1,-1
543,69,997.15,448.72,58.33,79.01,0.635,-1,-1,-1
544,5,1775.05,396.23,186.92,675.02,0.757,-1,-1,-1
544,9,1037.17,437.00,119.96,286.86,0.853,-1,-1,-1
544,20,381.79,463.71,47.14,112.27,0.764,-1,-1,-1
544,32,1497.20,408.68,225.68,660.32,0.832,-1,-1,-1
544,36,654.15,454.88,35.60,111.29,0.784,-1,-1,-1
544,43,937.92,413.38,98.62,293.59,0.896,-1,-1,-1
544,46,1113.07,432.80,83.45,246.23,0.785,-1,-1,-1
544,47,830.06,430.50,108.98,254.92,0.864,-1,-1,-1
544,48,579.14,455.16,30.52,81.75,0.754,-1,-1,-1
544,52,546.30,460.85,27.72,76.84,0.661,-1,-1,-1
544,55,1656.71,412.50,175.16,600.14,0.806,-1,-1,-1
544,60,714.76,447.74,30.63,96.84,0.745,-1,-1,-1
544,65,420.34,460.90,35.23,109.93,0.577,-1,-1,-1
544,68,1181.76,444.88,29.98,101.54,0.403,-1,-1,-1
544,69,997.37,448.85,58.39,80.51,0.571,-1,-1,-1
545,5,1781.79,410.12,178.19,660.85,0.745,-1,-1,-1
545,9,1047.89,440.48,116.79,282.89,0.744,-1,-1,-1
545,20,381.77,463.53,47.18,112.39,0.754,-1,-1,-1
545,32,1510.36,407.28,225.59,660.09,0.747,-1,-1,-1
545,36,654.84,453.56,35.54,111.25,0.769,-1,-1,-1
545,43,939.59,413.47,100.34,292.40,0.859,-1,-1,-1
545,46,1115.84,431.96,82.63,247.43,0.777,-1,-1,-1
545,48,579.65,454.40,30.91,82.52,0.720,-1,-1,-1
545,50,838.42,429.56,106.80,255.37,0.866,-1,-1,-1
545,52,547.67,460.42,27.88,77.06,0.682,-1,-1,-1
545,55,1659.74,412.55,176.69,600.55,0.740,-1,-1,-1
545,60,715.18,447.90,30.73,96.85,0.776,-1,-1,-1
545,65,419.97,460.87,35.44,110.30,0.571,-1,-1,-1
545,68,1184.74,446.11,29.56,99.23,0.111,-1,-1,-1
545,69,998.59,448.96,56.84,79.59,0.515,-1,-1,-1
546,5,1790.24,447.03,165.20,625.53,0.692,-1,-1,-1
546,9,1057.95,440.87,114.45,282.20,0.781,-1,-1,-1
546,20,381.49,463.36,47.17,112.49,0.761,-1,-1,-1
546,32,1520.23,406.13,222.76,658.02,0.846,-1,-1,-1
546,36,655.17,453.70,34.95,109.47,0.786,-1,-1,-1
546,43,941.78,413.26,100.99,288.95,0.846,-1,-1,-1
546,46,1118.63,438.44,79.30,240.43,0.709,-1,-1,-1
546,47,844.30,429.15,107.20,255.81,0.845,-1,-1,-1
546,48,579.95,453.77,31.10,82.84,0.704,-1,-1,-1
546,52,548.40,458.46,28.53,78.84,0.661,-1,-1,-1
546,55,1660.26,414.05,177.62,597.33,0.809,-1,-1,-1
546,60,714.86,448.52,30.66,96.29,0.779,-1,-1,-1
546,65,419.49,459.65,35.84,111.76,0.585,-1,-1,-1
546,68,1188.18,445.18,31.00,101.47,0.413,-1,-1,-1
547,5,1794.40,439.80,162.99,634.05,0.701,-1,-1,-1
547,9,1063.57,437.86,113.34,285.49,0.776,-1,-1,-1
547,20,381.41,463.25,47.21,112.61,0.748,-1,-1,-1
547,32,1527.34,405.83,219.98,658.28,0.883,-1,-1,-1
547,36,655.13,452.83,35.28,110.42,0.804,-1,-1,-1
547,43,945.19,412.71,101.59,287.12,0.861,-1,-1,-1
547,46,1121.88,439.95,77.63,238.71,0.674,-1,-1,-1
547,48,581.18,453.59,31.12,82.94,0.710,-1,-1,-1
547,50,852.67,427.52,105.12,257.07,0.744,-1,-1,-1
547,52,548.68,454.53,29.94,82.70,0.622,-1,-1,-1
547,55,1665.51,413.92,179.16,598.03,0.823,-1,-1,-1
547,60,714.89,448.61,30.66,96.32,0.753,-1,-1,-1
547,65,418.76,459.19,36.07,112.27,0.566,-1,-1,-1
547,68,1189.30,444.18,32.41,103.23,0.409,-1,-1,-1
548,9,1067.84,436.93,111.23,286.21,0.790,-1,-1,-1
548,20,381.36,463.56,47.09,112.31,0.768,-1,-1,-1
548,32,1534.10,406.12,218.16,659.11,0.886,-1,-1,-1
548,36,654.85,451.89,35.69,111.70,0.792,-1,-1,-1
548,43,948.16,413.85,102.05,286.14,0.845,-1,-1,-1
548,46,1126.67,440.77,76.03,237.54,0.592,-1,-1,-1
548,47,856.58,427.22,105.75,257.62,0.718,-1,-1,-1
548,48,582.16,453.91,30.91,82.66,0.740,-1,-1,-1
548,52,549.30,454.31,30.08,82.89,0.676,-1,-1,-1
548,55,1673.99,413.76,180.81,601.41,0.836,-1,-1,-1
548,57,1791.52,421.35,172.09,650.25,0.645,-1,-1,-1
548,60,715.79,449.35,30.45,95.61,0.752,-1,-1,-1
548,65,418.75,459.49,36.03,112.04,0.604,-1,-1,-1
548,68,1192.46,445.19,32.96,103.18,0.587,-1,-1,-1
549,9,1073.54,435.25,110.31,288.08,0.789,-1,-1,-1
549,20,381.36,463.54,47.09,112.33,0.746,-1,-1,-1
549,32,1539.71,404.58,216.98,660.47,0.866,-1,-1,-1
549,36,654.20,451.88,35.55,111.44,0.786,-1,-1,-1
549,43,951.06,413.31,102.61,287.18,0.838,-1,-1,-1
549,46,1130.59,439.30,75.54,238.94,0.471,-1,-1,-1
549,48,583.48,454.80,30.39,81.83,0.755,-1,-1,-1
549,50,862.34,426.22,103.65,258.20,0.689,-1,-1,-1
549,52,549.99,454.61,30.02,82.70,0.677,-1,-1,-1
549,55,1681.67,412.43,182.09,603.88,0.804,-1,-1,-1
549,60,716.01,449.77,30.47,95.31,0.752,-1,-1,-1
549,65,418.16,459.07,36.24,112.45,0.615,-1,-1,-1
549,68,1192.27,444.27,34.29,104.99,0.580,-1,-1,-1
550,9,1079.67,434.78,109.59,288.61,0.804,-1,-1,-1
550,20,381.40,463.73,47.00,112.14,0.741,-1,-1,-1
550,32,1545.40,403.55,212.24,649.96,0.885,-1,-1,-1
550,36,653.57,451.13,35.74,112.23,0.782,-1,-1,-1
550,43,955.34,412.37,102.07,287.05,0.838,-1,-1,-1
550,46,1131.92,436.82,76.10,242.20,0.309,-1,-1,-1
550,47,866.90,428.65,102.43,255.79,0.700,-1,-1,-1
550,48,584.63,454.78,30.15,81.94,0.755,-1,-1,-1
550,52,550.54,456.01,29.58,81.35,0.688,-1,-1,-1
550,55,1690.93,411.71,182.15,602.43,0.855,-1,-1,-1
550,60,716.26,449.88,30.62,95.38,0.764,-1,-1,-1
550,65,417.91,459.30,36.25,112.30,0.597,-1,-1,-1
550,68,1192.19,444.21,35.32,105.42,0.682,-1,-1,-1
551,9,1083.47,436.02,108.33,287.34,0.825,-1,-1,-1
551,20,381.43,463.42,47.19,112.46,0.738,-1,-1,-1
551,28,416.43,455.83,40.11,114.86,0.595,-1,-1,-1
551,32,1550.78,402.81,211.96,651.33,0.842,-1,-1,-1
551,36,653.09,451.00,35.69,112.47,0.781,-1,-1,-1
551,43,959.24,412.10,101.22,287.39,0.784,-1,-1,-1
551,46,1135.04,438.52,74.55,240.04,0.473,-1,-1,-1
551,48,584.94,454.50,30.11,82.35,0.760,-1,-1,-1
551,50,868.41,427.98,100.98,255.91,0.720,-1,-1,-1
551,52,550.54,456.56,29.37,80.92,0.632,-1,-1,-1
551,55,1695.29,410.30,184.07,607.13,0.644,-1,-1,-1
551,60,716.94,449.66,30.89,95.81,0.763,-1,-1,-1
551,68,1192.25,446.14,35.61,103.67,0.692,-1,-1,-1
552,9,1087.43,436.21,108.30,287.21,0.797,-1,-1,-1
552,20,381.54,463.28,47.28,112.63,0.736,-1,-1,-1
552,32,1558.08,402.47,215.00,659.57,0.840,-1,-1,-1
552,36,652.84,450.34,36.06,113.31,0.789,-1,-1,-1
552,43,965.33,411.66,99.88,287.38,0.732,-1,-1,-1
552,46,1135.46,438.66,74.83,241.94,0.180,-1,-1,-1
552,47,874.35,429.15,100.31,255.02,0.704,-1,-1,-1
552,48,585.04,454.54,30.02,82.58,0.781,-1,-1,-1
552,52,551.21,457.12,29.32,80.58,0.674,-1,-1,-1
552,55,1702.54,409.39,183.90,605.70,0.770,-1,-1,-1
552,60,717.25,449.26,31.33,96.48,0.775,-1,-1,-1
552,65,420.71,460.36,35.56,110.36,0.616,-1,-1,-1
552,68,1193.71,446.17,35.91,103.68,0.611,-1,-1,-1
553,9,1089.20,434.91,108.67,288.16,0.827,-1,-1,-1
553,20,381.69,462.94,47.42,112.97,0.733,-1,-1,-1
553,32,1561.33,403.61,215.86,660.76,0.834,-1,-1,-1
553,36,652.22,451.00,35.79,112.51,0.784,-1,-1,-1
553,46,1142.20,437.44,73.70,241.00,0.278,-1,-1,-1
553,48,585.21,454.48,29.94,82.87,0.804,-1,-1,-1
553,50,880.10,429.29,99.33,254.75,0.764,-1,-1,-1
553,52,551.23,457.08,29.43,80.81,0.569,-1,-1,-1
553,55,1709.47,407.98,184.25,604.61,0.786,-1,-1,-1
553,60,717.40,449.04,31.73,96.70,0.782,-1,-1,-1
553,63,980.21,411.85,90.31,281.44,0.762,-1,-1,-1
553,65,422.14,461.55,34.97,108.79,0.640,-1,-1,-1
553,68,1195.68,442.73,36.82,106.63,0.749,-1,-1,-1
554,9,1090.20,435.83,108.67,287.55,0.834,-1,-1,-1
554,20,381.40,462.96,47.40,112.95,0.748,-1,-1,-1
554,32,1563.83,405.36,215.81,658.05,0.834,-1,-1,-1
554,36,650.87,451.35,35.55,112.20,0.738,-1,-1,-1
554,43,978.47,411.72,98.50,288.90,0.694,-1,-1,-1
554,46,1147.30,437.37,72.55,239.96,0.199,-1,-1,-1
554,47,888.27,430.19,100.09,254.59,0.860,-1,-1,-1
554,48,585.41,454.15,30.09,83.99,0.790,-1,-1,-1
554,52,550.62,456.38,29.75,81.84,0.550,-1,-1,-1
554,55,1714.86,407.24,185.24,605.90,0.791,-1,-1,-1
554,60,718.26,448.86,32.22,96.79,0.771,-1,-1,-1
554,63,972.89,410.68,92.47,285.86,0.156,-1,-1,-1
554,65,422.74,461.76,34.77,108.35,0.636,-1,-1,-1
554,68,1197.67,441.21,37.10,108.21,0.689,-1,-1,-1
555,9,1092.14,435.66,109.45,288.01,0.855,-1,-1,-1
555,20,381.53,463.66,47.16,112.26,0.655,-1,-1,-1
555,32,1567.86,405.67,218.45,660.51,0.859,-1,-1,-1
555,36,649.64,453.84,34.63,109.73,0.730,-1,-1,-1
555,43,985.36,410.89,96.94,290.65,0.770,-1,-1,-1
555,46,1154.45,440.05,71.05,236.73,0.236,-1,-1,-1
555,47,891.73,430.99,99.95,254.15,0.858,-1,-1,-1
555,48,585.42,453.97,30.12,84.81,0.782,-1,-1,-1
555,52,550.56,458.53,29.01,79.93,0.651,-1,-1,-1
555,55,1722.64,404.98,186.47,608.44,0.704,-1,-1,-1
555,60,717.75,448.16,32.75,97.28,0.771,-1,-1,-1
555,65,422.94,461.49,34.78,108.52,0.604,-1,-1,-1
555,68,1199.16,441.15,36.81,108.17,0.527,-1,-1,-1
556,9,1093.00,435.11,110.20,288.61,0.883,-1,-1,-1
556,20,381.48,463.39,47.26,112.53,0.738,-1,-1,-1
556,32,1572.48,405.08,221.28,661.01,0.869,-1,-1,-1
556,36,648.78,455.42,34.11,108.41,0.760,-1,-1,-1
556,43,992.81,410.99,95.57,290.61,0.779,-1,-1,-1
556,46,1160.24,440.72,70.14,235.55,0.243,-1,-1,-1
556,48,585.70,454.13,29.84,84.75,0.778,-1,-1,-1
556,50,892.04,431.63,99.07,253.10,0.884,-1,-1,-1
556,52,549.75,456.39,29.82,82.58,0.602,-1,-1,-1
556,55,1729.69,405.14,186.54,607.45,0.757,-1,-1,-1
556,60,718.54,447.85,33.27,97.71,0.777,-1,-1,-1
556,65,423.19,461.43,34.65,108.26,0.599,-1,-1,-1
556,68,1201.28,440.76,36.39,108.32,0.595,-1,-1,-1
557,9,1093.88,434.92,110.91,288.99,0.875,-1,-1,-1
557,20,381.71,463.68,47.19,112.31,0.760,-1,-1,-1
557,32,1573.74,405.21,224.04,662.01,0.882,-1,-1,-1
557,36,648.35,456.18,33.87,107.96,0.752,-1,-1,-1
557,43,998.47,410.73,95.08,290.58,0.771,-1,-1,-1
557,46,1165.64,442.50,69.14,234.11,0.300,-1,-1,-1
557,47,894.71,432.59,99.64,252.13,0.889,-1,-1,-1
557,48,584.85,454.26,29.77,84.72,0.788,-1,-1,-1
557,52,549.58,453.23,30.88,85.85,0.617,-1,-1,-1
557,55,1733.01,404.49,186.96,607.82,0.767,-1,-1,-1
557,60,717.67,447.59,33.71,97.94,0.763,-1,-1,-1
557,65,423.53,460.88,34.86,108.83,0.612,-1,-1,-1
557,68,1203.63,442.29,35.36,106.56,0.642,-1,-1,-1
558,9,1093.86,432.81,112.08,291.10,0.869,-1,-1,-1
558,20,381.70,463.62,47.24,112.41,0.750,-1,-1,-1
558,32,1575.43,405.06,226.34,662.23,0.844,-1,-1,-1
558,36,648.07,456.45,33.61,106.88,0.759,-1,-1,-1
558,43,1005.18,413.61,94.40,287.08,0.823,-1,-1,-1
558,46,1169.20,443.30,68.29,233.31,0.340,-1,-1,-1
558,48,584.95,454.18,29.69,84.97,0.766,-1,-1,-1
558,50,895.95,432.01,99.74,252.46,0.891,-1,-1,-1
558,52,549.31,450.07,31.91,88.95,0.671,-1,-1,-1
558,55,1736.80,403.30,187.36,609.98,0.704,-1,-1,-1
558,60,717.74,447.59,33.99,98.13,0.723,-1,-1,-1
558,65,423.87,460.30,34.96,109.17,0.580,-1,-1,-1
558,68,1205.80,441.70,35.02,107.28,0.679,-1,-1,-1
559,9,1095.60,434.72,111.76,288.61,0.836,-1,-1,-1
559,20,381.57,463.58,47.26,112.50,0.768,-1,-1,-1
559,32,1577.01,404.50,228.44,662.42,0.813,-1,-1,-1
559,36,647.84,456.65,33.34,105.45,0.761,-1,-1,-1
559,43,1010.34,415.45,94.31,284.34,0.831,-1,-1,-1
559,46,1171.64,442.71,68.10,233.67,0.128,-1,-1,-1
559,47,896.87,431.91,100.82,252.31,0.896,-1,-1,-1
559,48,585.12,454.17,29.51,84.86,0.758,-1,-1,-1
559,52,549.18,448.50,32.40,90.84,0.673,-1,-1,-1
559,55,1740.03,400.86,188.13,613.49,0.393,-1,-1,-1
559,60,717.14,447.49,34.19,98.30,0.760,-1,-1,-1
559,65,423.50,460.08,34.96,109.17,0.580,-1,-1,-1
559,68,1208.37,441.19,34.70,107.48,0.736,-1,-1,-1
560,9,1098.69,433.38,111.93,288.86,0.838,-1,-1,-1
560,20,381.64,463.71,47.23,112.34,0.746,-1,-1,-1
560,32,1581.89,404.06,231.70,663.97,0.800,-1,-1,-1
560,36,646.44,458.03,32.66,103.42,0.720,-1,-1,-1
560,43,1009.58,415.82,93.91,283.74,0.850,-1,-1,-1
560,48,584.06,454.24,29.52,84.69,0.784,-1,-1,-1
560,50,897.99,431.92,99.95,250.02,0.887,-1,-1,-1
560,52,549.25,448.54,32.41,91.25,0.687,-1,-1,-1
560,55,1742.15,396.91,189.10,618.19,0.372,-1,-1,-1
560,60,716.83,447.95,34.06,98.49,0.757,-1,-1,-1
560,65,423.90,460.24,34.90,108.96,0.596,-1,-1,-1
560,66,668.71,456.29,28.75,97.72,0.529,-1,-1,-1
560,68,1211.12,440.80,34.94,108.52,0.750,-1,-1,-1
561,9,1103.10,436.00,109.07,281.31,0.827,-1,-1,-1
561,20,382.23,463.46,47.41,112.54,0.705,-1,-1,-1
561,32,1585.45,402.89,235.87,666.95,0.853,-1,-1,-1
561,36,645.24,457.35,32.66,103.47,0.738,-1,-1,-1
561,43,1011.08,415.40,94.34,284.00,0.837,-1,-1,-1
561,47,899.11,431.73,100.66,250.27,0.875,-1,-1,-1
561,48,583.67,453.77,29.70,85.04,0.750,-1,-1,-1
561,52,549.76,449.48,31.97,90.35,0.705,-1,-1,-1
561,55,1745.50,395.09,188.72,620.26,0.517,-1,-1,-1
561,60,717.38,447.98,34.06,98.57,0.751,-1,-1,-1
561,65,424.60,461.60,34.46,107.92,0.650,-1,-1,-1
561,66,669.52,456.36,28.60,98.00,0.407,-1,-1,-1
561,68,1215.20,440.83,35.35,108.70,0.791,-1,-1,-1
562,9,1112.01,437.08,107.86,279.20,0.843,-1,-1,-1
562,20,382.45,463.67,47.21,112.10,0.741,-1,-1,-1
562,32,1588.73,401.91,239.62,668.70,0.860,-1,-1,-1
562,36,644.33,455.60,32.87,104.57,0.725,-1,-1,-1
562,43,1015.04,416.34,95.17,282.80,0.816,-1,-1,-1
562,48,584.68,453.39,29.63,85.38,0.745,-1,-1,-1
562,50,905.99,432.25,98.60,248.76,0.847,-1,-1,-1
562,52,550.48,452.46,30.76,87.24,0.691,-1,-1,-1
562,55,1749.01,394.92,188.10,620.84,0.160,-1,-1,-1
562,60,717.89,448.22,33.86,97.98,0.792,-1,-1,-1
562,65,424.31,460.97,34.55,108.52,0.604,-1,-1,-1
562,66,669.41,456.00,28.32,98.38,0.481,-1,-1,-1
562,68,1218.32,441.05,35.66,108.35,0.770,-1,-1,-1
563,9,1119.39,435.32,107.22,279.37,0.835,-1,-1,-1
563,20,382.77,463.55,47.28,112.15,0.671,-1,-1,-1
563,32,1592.77,401.49,242.54,669.18,0.851,-1,-1,-1
563,36,643.49,455.20,32.88,105.10,0.738,-1,-1,-1
563,43,1017.72,415.95,96.75,283.28,0.817,-1,-1,-1
563,47,906.08,431.44,99.83,251.16,0.859,-1,-1,-1
563,48,583.58,453.13,29.96,85.65,0.752,-1,-1,-1
563,52,551.06,453.28,30.59,86.89,0.688,-1,-1,-1
563,55,1751.46,390.86,188.50,628.67,0.592,-1,-1,-1
563,60,718.44,448.35,33.88,97.76,0.831,-1,-1,-1
563,65,424.31,460.74,34.53,108.69,0.607,-1,-1,-1
563,66,670.04,455.87,27.50,95.94,0.523,-1,-1,-1
563,68,1220.84,441.28,36.44,108.05,0.789,-1,-1,-1
564,9,1125.14,433.86,106.53,279.78,0.802,-1,-1,-1
564,20,383.30,463.28,47.52,112.50,0.728,-1,-1,-1
564,32,1598.83,400.62,245.96,670.12,0.848,-1,-1,-1
564,36,642.85,453.88,33.14,106.24,0.748,-1,-1,-1
564,43,1018.96,416.50,97.90,282.67,0.793,-1,-1,-1
564,48,583.25,453.07,30.05,85.25,0.790,-1,-1,-1
564,50,912.75,430.96,96.31,247.11,0.831,-1,-1,-1
564,52,551.35,450.69,31.50,89.63,0.684,-1,-1,-1
564,55,1751.40,387.35,190.62,642.84,0.600,-1,-1,-1
564,60,718.86,448.64,33.88,97.70,0.820,-1,-1,-1
564,65,423.99,460.03,34.81,109.57,0.582,-1,-1,-1
564,66,671.03,456.03,26.99,94.22,0.481,-1,-1,-1
564,68,1222.57,442.82,36.63,106.69,0.789,-1,-1,-1
565,9,1131.76,433.56,105.76,280.24,0.776,-1,-1,-1
565,20,383.23,463.05,47.70,112.75,0.732,-1,-1,-1
565,32,1604.84,400.06,248.33,670.64,0.827,-1,-1,-1
565,36,642.00,453.05,33.25,106.97,0.735,-1,-1,-1
565,47,917.64,430.86,96.10,247.63,0.745,-1,-1,-1
565,48,582.83,452.65,30.25,85.34,0.773,-1,-1,-1
565,52,551.69,449.95,31.56,89.61,0.712,-1,-1,-1
565,55,1753.28,388.59,189.75,645.84,0.514,-1,-1,-1
565,60,719.10,448.71,33.91,97.70,0.820,-1,-1,-1
565,63,1018.21,414.82,101.20,284.78,0.861,-1,-1,-1
565,65,423.93,459.56,34.90,110.00,0.578,-1,-1,-1
565,66,670.22,455.68,26.94,94.97,0.555,-1,-1,-1
565,68,1223.45,444.10,37.02,105.39,0.826,-1,-1,-1
566,9,1138.55,435.34,104.70,280.50,0.746,-1,-1,-1
566,20,382.98,463.20,47.67,112.54,0.587,-1,-1,-1
566,32,1612.91,398.68,249.86,672.14,0.807,-1,-1,-1
566,36,641.69,452.45,33.47,107.77,0.749,-1,-1,-1
566,43,1021.33,414.41,100.44,284.91,0.810,-1,-1,-1
566,48,582.19,452.19,30.74,86.14,0.774,-1,-1,-1
566,50,922.88,430.21,93.88,246.03,0.688,-1,-1,-1
566,52,551.50,451.09,30.80,87.50,0.727,-1,-1,-1
566,55,1757.99,385.91,186.88,645.36,0.614,-1,-1,-1
566,60,718.92,448.88,34.27,98.83,0.826,-1,-1,-1
566,65,424.31,460.18,34.70,109.42,0.620,-1,-1,-1
566,66,670.11,455.84,26.97,95.52,0.590,-1,-1,-1
566,68,1224.49,444.76,37.53,105.70,0.692,-1,-1,-1
567,9,1143.93,436.50,103.45,280.39,0.757,-1,-1,-1
567,20,382.71,463.42,47.63,112.31,0.557,-1,-1,-1
567,32,1624.80,397.91,250.07,671.93,0.761,-1,-1,-1
567,36,640.86,451.91,33.64,108.57,0.759,-1,-1,-1
567,47,926.29,430.24,93.67,245.58,0.690,-1,-1,-1
567,48,583.05,451.99,30.90,86.86,0.763,-1,-1,-1
567,52,551.02,450.88,30.94,88.14,0.682,-1,-1,-1
567,55,1764.51,386.63,181.40,638.73,0.703,-1,-1,-1
567,60,719.09,448.79,34.54,99.71,0.820,-1,-1,-1
567,63,1022.38,418.50,106.51,281.52,0.835,-1,-1,-1
567,65,424.04,460.19,34.69,109.39,0.598,-1,-1,-1
567,66,669.88,455.77,27.09,96.33,0.631,-1,-1,-1
567,68,1226.73,445.27,37.72,106.11,0.634,-1,-1,-1
568,9,1147.76,435.35,102.54,280.94,0.763,-1,-1,-1
568,20,382.21,463.55,47.74,112.48,0.720,-1,-1,-1
568,32,1637.73,397.38,249.26,672.64,0.884,-1,-1,-1
568,36,640.08,453.08,33.17,107.06,0.769,-1,-1,-1
568,43,1024.10,413.54,104.34,286.87,0.872,-1,-1,-1
568,48,583.94,451.91,30.89,87.14,0.778,-1,-1,-1
568,50,931.73,429.29,92.86,246.58,0.617,-1,-1,-1
568,52,550.98,452.62,30.36,86.47,0.710,-1,-1,-1
568,55,1769.38,397.52,177.54,639.19,0.738,-1,-1,-1
568,60,719.18,448.48,34.77,100.39,0.820,-1,-1,-1
568,65,424.06,461.06,34.45,108.91,0.656,-1,-1,-1
568,66,669.34,455.67,26.95,96.50,0.706,-1,-1,-1
568,68,1228.63,444.02,38.36,108.03,0.603,-1,-1,-1
569,9,1152.79,435.15,101.59,280.21,0.803,-1,-1,-1
569,20,381.69,464.04,47.56,112.07,0.662,-1,-1,-1
569,32,1649.61,397.55,247.38,672.66,0.876,-1,-1,-1
569,36,639.43,453.78,32.77,105.87,0.776,-1,-1,-1
569,47,937.37,431.37,90.85,243.88,0.655,-1,-1,-1
569,48,584.80,452.21,31.03,87.86,0.779,-1,-1,-1
569,52,551.28,455.46,29.58,84.25,0.688,-1,-1,-1
569,55,1768.17,397.73,176.41,644.42,0.686,-1,-1,-1
569,60,719.22,448.15,34.88,100.75,0.819,-1,-1,-1
569,63,1020.71,417.35,112.56,283.20,0.888,-1,-1,-1
569,65,423.60,461.40,34.43,108.94,0.631,-1,-1,-1
569,66,668.44,455.08,27.14,97.33,0.704,-1,-1,-1
569,68,1230.95,443.29,38.39,109.08,0.669,-1,-1,-1
570,9,1159.34,435.24,101.65,279.24,0.825,-1,-1,-1
570,20,381.33,464.48,47.38,111.60,0.530,-1,-1,-1
570,32,1656.27,396.38,246.11,674.38,0.899,-1,-1,-1
570,36,638.37,454.22,32.51,105.11,0.763,-1,-1,-1
570,43,1023.85,413.26,107.67,286.92,0.898,-1,-1,-1
570,48,584.56,452.00,31.21,88.33,0.787,-1,-1,-1
570,50,941.21,430.24,90.21,245.24,0.693,-1,-1,-1
570,52,550.75,454.17,30.11,85.90,0.695,-1,-1,-1
570,55,1774.16,394.76,170.16,632.35,0.671,-1,-1,-1
570,60,719.22,447.99,34.94,101.02,0.824,-1,-1,-1
570,65,423.85,462.92,33.88,107.24,0.550,-1,-1,-1
570,66,667.75,454.76,27.22,97.61,0.694,-1,-1,-1
570,68,1233.23,443.42,37.97,108.97,0.650,-1,-1,-1
570,70,1118.76,430.72,33.36,146.01,0.728,-1,-1,-1
571,9,1164.99,435.52,102.72,278.29,0.838,-1,-1,-1
571,20,380.62,464.86,47.15,111.20,0.714,-1,-1,-1
571,32,1662.53,395.23,245.51,676.37,0.902,-1,-1,-1
571,36,637.74,454.52,32.46,104.85,0.780,-1,-1,-1
571,47,945.90,430.99,89.28,244.32,0.770,-1,-1,-1
571,48,583.73,451.85,31.44,88.87,0.784,-1,-1,-1
571,52,550.71,455.21,29.80,84.96,0.710,-1,-1,-1
571,55,1782.01,393.39,165.14,625.84,0.618,-1,-1,-1
571,60,718.85,447.92,34.99,101.10,0.825,-1,-1,-1
571,63,1018.52,415.02,117.08,285.30,0.894,-1,-1,-1
571,65,423.45,463.20,33.83,107.15,0.589,-1,-1,-1
571,66,667.49,454.68,27.31,97.95,0.718,-1,-1,-1
571,68,1235.12,444.48,37.19,107.81,0.637,-1,-1,-1
571,70,1117.84,430.65,33.44,146.18,0.680,-1,-1,-1
572,9,1168.41,436.60,103.48,276.89,0.822,-1,-1,-1
572,20,380.26,464.60,47.11,111.45,0.734,-1,-1,-1
572,32,1667.72,395.64,244.64,676.72,0.865,-1,-1,-1
572,36,637.75,454.72,32.39,104.60,0.771,-1,-1,-1
572,43,1024.68,414.24,109.62,285.51,0.880,-1,-1,-1
572,48,583.63,452.12,31.40,88.44,0.789,-1,-1,-1
572,50,942.12,430.67,89.75,244.68,0.767,-1,-1,-1
572,52,551.21,455.95,29.60,84.39,0.697,-1,-1,-1
572,55,1799.49,389.44,141.92,548.22,0.746,-1,-1,-1
572,60,719.33,447.65,35.12,101.36,0.848,-1,-1,-1
572,65,423.19,462.15,34.15,108.23,0.559,-1,-1,-1
572,66,666.99,454.30,27.57,98.71,0.735,-1,-1,-1
572,68,1237.31,442.48,37.46,109.71,0.494,-1,-1,-1
572,70,1117.06,430.10,33.64,146.75,0.651,-1,-1,-1
573,9,1169.83,437.76,104.99,275.52,0.906,-1,-1,-1
573,20,380.15,465.15,46.79,111.03,0.709,-1,-1,-1
573,32,1672.55,396.01,244.13,678.05,0.870,-1,-1,-1
573,36,637.46,454.78,32.46,104.98,0.779,-1,-1,-1
573,48,583.96,452.14,31.49,88.61,0.788,-1,-1,-1
573,50,944.95,431.30,89.81,244.57,0.800,-1,-1,-1
573,52,551.90,457.20,29.31,83.36,0.722,-1,-1,-1
573,55,1812.31,398.14,125.55,492.74,0.692,-1,-1,-1
573,60,719.69,447.11,35.41,101.93,0.850,-1,-1,-1
573,63,1021.72,416.32,117.91,283.48,0.876,-1,-1,-1
573,65,423.24,462.04,34.06,108.21,0.532,-1,-1,-1
573,66,667.24,454.82,27.53,98.49,0.729,-1,-1,-1
573,68,1239.30,441.32,37.54,111.12,0.397,-1,-1,-1
573,70,1118.37,430.03,33.63,146.68,0.708,-1,-1,-1
574,9,1170.28,434.63,108.22,278.53,0.864,-1,-1,-1
574,20,380.16,464.98,46.76,111.27,0.643,-1,-1,-1
574,32,1676.78,394.46,243.92,678.38,0.891,-1,-1,-1
574,36,637.28,454.29,32.67,105.59,0.783,-1,-1,-1
574,47,955.30,431.87,89.23,243.84,0.803,-1,-1,-1
574,48,584.20,453.51,31.34,87.69,0.813,-1,-1,-1
574,52,552.76,458.83,28.93,82.05,0.725,-1,-1,-1
574,55,1818.62,392.40,122.09,486.85,0.511,-1,-1,-1
574,60,720.12,446.86,35.90,102.85,0.856,-1,-1,-1
574,63,1025.13,416.00,117.95,283.52,0.866,-1,-1,-1
574,65,424.10,463.15,33.58,106.81,0.536,-1,-1,-1
574,66,667.57,455.50,27.33,97.75,0.714,-1,-1,-1
574,68,1241.38,439.92,37.50,112.32,0.489,-1,-1,-1
574,70,1118.99,430.10,33.60,146.51,0.719,-1,-1,-1
575,9,1173.81,438.79,108.92,274.44,0.854,-1,-1,-1
575,20,380.42,464.73,46.72,111.58,0.617,-1,-1,-1
575,32,1678.82,394.15,243.85,678.03,0.913,-1,-1,-1
575,36,637.69,454.13,32.59,105.15,0.770,-1,-1,-1
575,43,1033.56,414.85,109.50,284.38,0.856,-1,-1,-1
575,47,958.43,431.80,89.77,243.83,0.808,-1,-1,-1
575,48,584.27,453.95,31.55,87.65,0.787,-1,-1,-1
575,52,553.15,459.22,28.99,82.20,0.721,-1,-1,-1
575,55,1821.68,389.61,123.25,498.20,0.319,-1,-1,-1
575,60,720.58,447.42,35.86,102.35,0.831,-1,-1,-1
575,65,424.10,462.60,33.71,107.44,0.593,-1,-1,-1
575,66,667.93,455.75,27.34,97.64,0.711,-1,-1,-1
575,68,1243.92,439.24,37.38,112.93,0.261,-1,-1,-1
575,70,1118.98,429.95,33.49,145.72,0.652,-1,-1,-1
576,9,1173.65,438.70,110.51,274.61,0.858,-1,-1,-1
576,20,380.53,464.70,46.53,111.78,0.714,-1,-1,-1
576,32,1679.34,394.14,243.92,678.30,0.910,-1,-1,-1
576,36,637.85,453.42,32.82,105.61,0.761,-1,-1,-1
576,43,1037.64,414.27,109.13,285.03,0.860,-1,-1,-1
576,48,584.86,454.24,31.75,87.95,0.802,-1,-1,-1
576,50,961.09,431.27,91.27,244.86,0.839,-1,-1,-1
576,52,553.97,459.97,28.67,81.22,0.720,-1,-1,-1
576,55,1826.51,387.92,119.73,490.04,0.267,-1,-1,-1
576,60,721.43,448.28,35.77,102.12,0.806,-1,-1,-1
576,65,424.13,462.74,33.61,107.51,0.646,-1,-1,-1
576,66,667.89,455.64,27.43,97.97,0.733,-1,-1,-1
576,68,1247.20,438.67,37.16,113.69,0.477,-1,-1,-1
576,70,1119.27,430.00,33.61,146.23,0.675,-1,-1,-1
577,9,1173.89,439.77,111.63,273.69,0.813,-1,-1,-1
577,20,380.65,464.43,46.39,111.96,0.700,-1,-1,-1
577,32,1678.95,395.31,244.25,679.03,0.894,-1,-1,-1
577,36,637.26,452.59,33.01,106.38,0.743,-1,-1,-1
577,47,965.68,431.46,91.98,244.66,0.840,-1,-1,-1
577,48,585.03,453.94,31.86,87.90,0.809,-1,-1,-1
577,52,554.18,459.97,28.65,81.00,0.732,-1,-1,-1
577,60,721.57,448.72,35.77,101.96,0.815,-1,-1,-1
577,63,1039.03,414.85,115.45,285.25,0.861,-1,-1,-1
577,65,424.80,462.22,33.79,108.00,0.601,-1,-1,-1
577,66,667.86,455.58,27.55,98.51,0.732,-1,-1,-1
577,68,1250.19,438.75,36.63,113.00,0.282,-1,-1,-1
577,70,1119.82,430.28,33.40,145.43,0.590,-1,-1,-1
578,9,1163.24,436.84,107.03,264.48,0.534,-1,-1,-1
578,20,379.93,464.31,46.26,112.19,0.644,-1,-1,-1
578,32,1678.75,396.69,243.55,676.64,0.909,-1,-1,-1
578,36,636.58,452.45,32.89,106.20,0.749,-1,-1,-1
578,43,1045.28,413.67,107.43,286.14,0.887,-1,-1,-1
578,46,1184.04,439.05,89.94,273.30,0.887,-1,-1,-1
578,48,586.26,453.33,31.74,88.12,0.782,-1,-1,-1
578,50,968.20,434.92,92.24,240.21,0.858,-1,-1,-1
578,52,554.41,460.79,28.31,79.92,0.734,-1,-1,-1
578,60,721.04,449.20,35.91,102.08,0.809,-1,-1,-1
578,65,425.14,461.71,34.16,108.77,0.615,-1,-1,-1
578,66,667.56,455.63,27.68,98.71,0.740,-1,-1,-1
578,68,1254.46,439.02,36.29,112.33,0.140,-1,-1,-1
578,70,1119.86,430.66,33.08,143.90,0.435,-1,-1,-1
579,9,1170.34,440.25,110.35,268.46,0.892,-1,-1,-1
579,20,379.42,464.32,45.94,112.21,0.646,-1,-1,-1
579,32,1679.02,398.85,242.95,674.59,0.902,-1,-1,-1
579,36,636.14,452.42,32.58,105.62,0.780,-1,-1,-1
579,47,969.84,434.20,93.27,240.67,0.873,-1,-1,-1
579,48,587.00,452.95,31.53,87.74,0.791,-1,-1,-1
579,52,554.40,461.08,28.21,79.41,0.719,-1,-1,-1
579,60,721.70,449.56,35.95,102.06,0.812,-1,-1,-1
579,63,1046.87,413.80,112.08,287.30,0.854,-1,-1,-1
579,65,425.25,461.78,34.34,108.87,0.629,-1,-1,-1
579,66,667.34,455.98,27.76,98.55,0.740,-1,-1,-1
579,70,1121.11,432.78,32.77,142.12,0.564,-1,-1,-1
580,9,1173.70,439.00,113.07,272.01,0.861,-1,-1,-1
580,20,379.36,463.80,45.96,112.90,0.606,-1,-1,-1
580,32,1679.39,400.60,242.44,673.11,0.912,-1,-1,-1
580,36,635.55,452.04,32.54,105.94,0.761,-1,-1,-1
580,43,1057.37,413.27,104.21,286.83,0.785,-1,-1,-1
580,48,587.53,452.32,31.56,88.19,0.769,-1,-1,-1
580,50,970.03,435.65,94.30,238.96,0.882,-1,-1,-1
580,52,555.07,460.79,28.45,79.77,0.730,-1,-1,-1
580,60,722.71,449.45,35.92,102.08,0.800,-1,-1,-1
580,65,425.71,462.14,34.57,109.23,0.639,-1,-1,-1
580,66,667.40,455.69,28.09,99.15,0.759,-1,-1,-1
580,70,1122.57,433.08,32.71,141.82,0.549,-1,-1,-1
581,9,1177.17,435.87,115.20,276.09,0.882,-1,-1,-1
581,20,379.45,463.36,45.86,113.31,0.679,-1,-1,-1
581,32,1679.12,402.39,241.67,670.03,0.904,-1,-1,-1
581,36,635.03,452.99,32.20,104.91,0.752,-1,-1,-1
581,46,1162.62,435.99,84.75,257.64,0.731,-1,-1,-1
581,47,970.71,436.51,94.28,237.09,0.869,-1,-1,-1
581,48,588.13,452.79,30.92,86.46,0.782,-1,-1,-1
581,52,555.66,460.70,28.64,79.98,0.727,-1,-1,-1
581,60,723.18,449.52,35.99,102.29,0.799,-1,-1,-1
581,63,1061.47,414.10,107.06,286.48,0.818,-1,-1,-1
581,65,426.30,462.73,34.74,108.93,0.662,-1,-1,-1
581,66,667.08,455.07,28.54,100.12,0.747,-1,-1,-1
581,70,1123.83,435.48,32.30,139.72,0.337,-1,-1,-1
582,9,1181.73,434.97,115.57,277.14,0.887,-1,-1,-1
582,20,379.77,463.05,45.81,113.70,0.680,-1,-1,-1
582,32,1678.58,403.49,242.11,670.79,0.882,-1,-1,-1
582,36,634.22,453.53,31.90,104.20,0.787,-1,-1,-1
582,43,1067.69,414.25,100.65,286.15,0.812,-1,-1,-1
582,46,1156.58,435.66,82.39,250.26,0.683,-1,-1,-1
582,48,588.90,452.97,30.49,85.50,0.771,-1,-1,-1
582,50,969.80,436.00,96.33,237.87,0.893,-1,-1,-1
582,52,556.23,460.83,28.51,79.68,0.757,-1,-1,-1
582,60,723.92,449.42,36.16,102.52,0.779,-1,-1,-1
582,65,426.16,463.29,34.78,108.67,0.644,-1,-1,-1
582,66,666.88,454.52,28.87,100.80,0.710,-1,-1,-1
582,70,1125.37,436.67,31.74,137.04,0.382,-1,-1,-1
583,9,1187.89,435.91,114.58,276.21,0.869,-1,-1,-1
583,20,379.27,463.28,45.47,113.57,0.674,-1,-1,-1
583,32,1678.87,403.79,241.82,669.70,0.873,-1,-1,-1
583,36,633.67,453.79,31.77,104.15,0.806,-1,-1,-1
583,46,1153.93,434.02,80.91,247.15,0.776,-1,-1,-1
583,47,971.92,436.76,95.80,236.39,0.877,-1,-1,-1
583,48,588.73,452.68,30.85,86.81,0.796,-1,-1,-1
583,52,555.98,459.52,28.95,81.21,0.684,-1,-1,-1
583,60,723.69,449.19,36.42,102.95,0.793,-1,-1,-1
583,63,1068.89,414.67,102.78,285.09,0.783,-1,-1,-1
583,65,425.63,463.12,34.98,109.23,0.653,-1,-1,-1
583,66,666.52,453.97,29.27,101.75,0.710,-1,-1,-1
583,70,1125.88,436.03,31.78,136.94,0.314,-1,-1,-1
584,9,1193.58,435.90,113.97,276.70,0.864,-1,-1,-1
584,20,379.25,463.41,45.18,113.51,0.628,-1,-1,-1
584,32,1678.48,397.87,243.56,675.40,0.902,-1,-1,-1
584,36,633.29,453.92,31.46,103.88,0.790,-1,-1,-1
584,43,1074.48,415.03,97.64,284.11,0.754,-1,-1,-1
584,46,1154.40,432.11,80.08,246.24,0.846,-1,-1,-1
584,48,588.96,452.58,30.84,86.97,0.804,-1,-1,-1
584,50,972.32,435.56,97.36,237.59,0.879,-1,-1,-1
584,52,556.23,460.24,28.75,80.87,0.693,-1,-1,-1
584,60,723.68,448.76,36.51,103.15,0.788,-1,-1,-1
584,65,425.22,463.52,34.93,109.01,0.663,-1,-1,-1
584,66,666.29,453.56,29.66,102.68,0.662,-1,-1,-1
584,70,1127.75,439.24,30.90,133.08,0.258,-1,-1,-1
585,9,1202.77,436.20,112.22,276.18,0.856,-1,-1,-1
585,20,379.60,463.71,44.88,113.31,0.605,-1,-1,-1
585,32,1678.29,391.85,245.11,681.32,0.904,-1,-1,-1
585,36,632.62,454.16,31.14,103.45,0.782,-1,-1,-1
585,46,1157.06,431.33,79.40,245.14,0.792,-1,-1,-1
585,48,588.49,452.69,31.12,87.41,0.813,-1,-1,-1
585,50,974.42,436.31,97.21,235.96,0.846,-1,-1,-1
585,52,556.26,459.78,28.95,81.77,0.703,-1,-1,-1
585,60,724.26,447.69,36.82,103.83,0.806,-1,-1,-1
585,63,1079.19,413.65,101.14,286.01,0.772,-1,-1,-1
585,65,424.37,461.46,35.38,110.77,0.590,-1,-1,-1
585,66,666.24,453.36,29.89,102.80,0.700,-1,-1,-1
586,9,1210.94,436.33,110.55,276.59,0.874,-1,-1,-1
586,20,379.84,463.94,44.50,113.32,0.602,-1,-1,-1
586,32,1679.05,386.87,246.08,686.78,0.906,-1,-1,-1
586,36,632.23,454.37,30.86,103.06,0.767,-1,-1,-1
586,43,1085.30,413.89,96.96,285.56,0.803,-1,-1,-1
586,46,1160.81,433.48,77.26,241.38,0.784,-1,-1,-1
586,48,587.81,452.82,31.45,87.63,0.826,-1,-1,-1
586,50,978.10,438.51,96.26,233.95,0.871,-1,-1,-1
586,52,556.66,462.04,28.08,79.76,0.734,-1,-1,-1
586,60,724.87,446.87,37.14,104.66,0.810,-1,-1,-1
586,65,424.46,461.51,35.23,110.73,0.577,-1,-1,-1
586,66,666.45,453.57,30.11,103.00,0.679,-1,-1,-1
587,9,1218.72,436.34,108.64,276.36,0.806,-1,-1,-1
587,20,380.77,464.06,44.39,113.31,0.418,-1,-1,-1
587,32,1681.85,385.12,245.31,688.45,0.901,-1,-1,-1
587,36,631.47,454.64,30.72,102.51,0.761,-1,-1,-1
587,46,1166.16,432.10,76.45,241.80,0.771,-1,-1,-1
587,47,982.48,435.35,94.50,234.59,0.853,-1,-1,-1
587,48,588.35,453.06,31.52,87.59,0.803,-1,-1,-1
587,52,557.45,463.35,27.45,78.47,0.688,-1,-1,-1
587,60,725.74,446.88,37.36,104.85,0.809,-1,-1,-1
587,63,1090.53,413.27,100.57,286.53,0.843,-1,-1,-1
587,65,424.38,460.74,35.24,111.35,0.538,-1,-1,-1
587,66,666.88,453.74,30.41,103.06,0.752,-1,-1,-1
588,9,1224.52,434.80,107.38,277.75,0.826,-1,-1,-1
588,20,381.28,463.37,44.60,114.18,0.504,-1,-1,-1
588,32,1685.32,385.42,243.71,688.55,0.889,-1,-1,-1
588,36,629.65,454.57,30.68,101.46,0.759,-1,-1,-1
588,46,1171.02,431.93,75.41,241.89,0.785,-1,-1,-1
588,47,986.33,434.82,93.46,234.17,0.839,-1,-1,-1
588,48,588.62,453.29,31.61,87.85,0.799,-1,-1,-1
588,52,557.69,463.40,27.32,78.56,0.699,-1,-1,-1
588,60,725.67,446.75,37.53,105.31,0.812,-1,-1,-1
588,63,1093.91,413.33,100.44,286.53,0.851,-1,-1,-1
588,65,424.24,462.05,34.63,109.38,0.575,-1,-1,-1
588,66,666.83,453.77,30.91,103.56,0.773,-1,-1,-1
589,9,1229.51,436.05,105.35,276.58,0.818,-1,-1,-1
589,20,381.57,463.36,44.44,114.01,0.579,-1,-1,-1
589,32,1691.18,393.60,239.21,680.16,0.829,-1,-1,-1
589,36,628.96,454.44,30.51,100.63,0.761,-1,-1,-1
589,43,1095.07,412.74,97.55,287.41,0.868,-1,-1,-1
589,46,1175.54,431.74,74.29,242.78,0.732,-1,-1,-1
589,47,991.35,433.87,92.35,234.89,0.843,-1,-1,-1
589,48,588.38,453.64,31.57,87.89,0.803,-1,-1,-1
589,52,557.55,463.35,27.22,78.74,0.696,-1,-1,-1
589,60,726.32,446.69,37.84,105.29,0.836,-1,-1,-1
589,65,423.84,461.98,34.54,109.18,0.627,-1,-1,-1
589,66,666.19,453.77,31.36,103.95,0.767,-1,-1,-1
590,9,1232.85,431.40,105.37,281.23,0.820,-1,-1,-1
590,20,381.84,463.26,44.45,114.14,0.588,-1,-1,-1
590,36,627.66,454.48,30.79,100.27,0.748,-1,-1,-1
590,43,1096.55,413.28,97.75,286.81,0.874,-1,-1,-1
590,46,1178.60,439.10,71.50,237.01,0.721,-1,-1,-1
590,48,587.99,453.91,31.53,87.87,0.796,-1,-1,-1
590,50,997.85,433.32,95.81,236.21,0.817,-1,-1,-1
590,52,556.66,459.90,28.22,82.26,0.697,-1,-1,-1
590,55,1745.50,498.96,150.55,570.67,0.899,-1,-1,-1
590,60,725.89,446.98,37.92,105.39,0.843,-1,-1,-1
590,65,422.53,460.88,34.82,110.21,0.648,-1,-1,-1
590,66,666.06,454.09,31.55,103.60,0.736,-1,-1,-1
591,9,1238.01,437.60,101.71,275.04,0.813,-1,-1,-1
591,20,381.74,463.20,44.30,114.15,0.476,-1,-1,-1
591,32,1712.43,440.35,221.34,634.32,0.740,-1,-1,-1
591,36,627.08,453.57,31.17,100.85,0.763,-1,-1,-1
591,43,1098.22,412.64,98.75,287.40,0.865,-1,-1,-1
591,46,1182.06,440.91,70.58,236.88,0.730,-1,-1,-1
591,48,587.77,454.19,31.36,87.60,0.783,-1,-1,-1
591,50,1001.99,432.58,94.68,236.30,0.836,-1,-1,-1
591,52,557.03,461.04,27.70,81.17,0.698,-1,-1,-1
591,60,726.30,447.44,37.83,104.79,0.804,-1,-1,-1
591,65,422.11,461.06,34.72,110.08,0.665,-1,-1,-1
591,66,665.73,454.42,31.79,103.53,0.741,-1,-1,-1
592,9,1241.76,433.37,102.05,279.10,0.823,-1,-1,-1
592,20,381.96,463.63,44.01,113.65,0.531,-1,-1,-1
592,32,1726.09,462.20,212.19,612.71,0.483,-1,-1,-1
592,36,627.12,452.97,31.40,101.43,0.766,-1,-1,-1
592,46,1185.84,436.20,71.15,241.24,0.766,-1,-1,-1
592,47,1004.59,433.07,91.25,235.63,0.800,-1,-1,-1
592,48,587.84,455.43,31.13,87.34,0.753,-1,-1,-1
592,52,556.28,458.62,28.48,84.01,0.672,-1,-1,-1
592,60,725.91,447.27,38.04,105.50,0.811,-1,-1,-1
592,63,1098.27,414.59,100.81,285.60,0.880,-1,-1,-1
592,65,421.67,460.12,34.96,110.96,0.605,-1,-1,-1
592,66,665.89,454.65,32.12,103.61,0.729,-1,-1,-1
593,9,1247.35,436.21,100.54,276.49,0.862,-1,-1,-1
593,20,381.94,463.69,43.97,113.61,0.723,-1,-1,-1
593,32,1739.66,481.74,204.06,593.13,0.177,-1,-1,-1
593,36,626.70,452.10,31.85,102.21,0.774,-1,-1,-1
593,43,1099.36,413.09,99.42,287.19,0.884,-1,-1,-1
593,46,1189.56,434.26,71.15,242.80,0.806,-1,-1,-1
593,48,587.74,455.80,30.94,87.24,0.753,-1,-1,-1
593,50,1013.47,440.59,89.18,227.74,0.699,-1,-1,-1
593,52,555.31,456.92,29.17,86.51,0.681,-1,-1,-1
593,60,726.53,447.82,37.96,104.99,0.816,-1,-1,-1
593,65,421.57,460.63,34.74,110.47,0.659,-1,-1,-1
593,66,665.24,455.00,32.21,103.18,0.733,-1,-1,-1
594,9,1249.58,439.02,99.69,273.63,0.877,-1,-1,-1
594,20,382.24,464.35,43.73,112.96,0.695,-1,-1,-1
594,36,626.44,451.67,32.24,102.66,0.775,-1,-1,-1
594,46,1192.16,432.86,71.17,243.52,0.795,-1,-1,-1
594,47,1012.82,436.35,88.63,232.71,0.665,-1,-1,-1
594,48,587.27,456.13,30.80,86.90,0.781,-1,-1,-1
594,52,554.65,454.04,30.13,89.78,0.715,-1,-1,-1
594,60,726.08,447.87,37.87,105.01,0.774,-1,-1,-1
594,63,1098.47,412.33,101.85,287.68,0.885,-1,-1,-1
594,65,421.34,460.36,34.74,110.71,0.659,-1,-1,-1
594,66,664.59,455.14,32.40,103.40,0.735,-1,-1,-1
595,9,1250.68,438.09,100.15,274.51,0.891,-1,-1,-1
595,20,382.11,464.25,43.67,113.01,0.717,-1,-1,-1
595,36,625.63,452.14,32.56,102.45,0.760,-1,-1,-1
595,43,1100.13,413.76,99.57,286.27,0.888,-1,-1,-1
595,46,1194.37,432.18,71.17,244.00,0.807,-1,-1,-1
595,48,587.07,456.06,30.80,87.05,0.759,-1,-1,-1
595,50,1017.92,439.57,88.03,228.92,0.691,-1,-1,-1
595,52,554.92,453.38,30.20,90.71,0.704,-1,-1,-1
595,60,725.84,447.97,37.90,105.34,0.767,-1,-1,-1
595,65,420.85,459.64,34.90,111.40,0.603,-1,-1,-1
595,66,664.02,454.87,32.61,103.74,0.752,-1,-1,-1
596,9,1251.39,434.67,101.40,277.71,0.892,-1,-1,-1
596,20,382.14,464.54,43.53,112.76,0.691,-1,-1,-1
596,36,625.44,453.05,32.58,101.64,0.763,-1,-1,-1
596,46,1196.04,432.04,71.40,244.67,0.826,-1,-1,-1
596,47,1022.77,438.57,86.11,230.13,0.736,-1,-1,-1
596,48,586.73,455.68,30.80,87.34,0.789,-1,-1,-1
596,52,555.03,454.99,29.49,89.18,0.675,-1,-1,-1
596,60,725.40,448.16,37.94,105.88,0.794,-1,-1,-1
596,63,1099.45,412.65,101.58,286.07,0.872,-1,-1,-1
596,65,419.97,460.43,34.73,110.97,0.584,-1,-1,-1
596,66,663.99,454.68,32.77,103.84,0.736,-1,-1,-1
597,9,1253.80,436.12,101.45,276.04,0.888,-1,-1,-1
597,20,382.02,464.71,43.37,112.59,0.727,-1,-1,-1
597,36,625.58,453.86,32.61,101.12,0.751,-1,-1,-1
597,43,1099.94,413.27,99.30,285.61,0.866,-1,-1,-1
597,46,1197.61,430.95,72.08,246.55,0.802,-1,-1,-1
597,47,1025.97,438.49,85.42,230.11,0.741,-1,-1,-1
597,48,586.31,454.82,31.10,88.34,0.777,-1,-1,-1
597,52,555.47,458.27,28.22,85.91,0.692,-1,-1,-1
597,60,725.34,448.04,38.03,106.70,0.798,-1,-1,-1
597,65,420.83,461.72,34.25,109.62,0.600,-1,-1,-1
597,66,663.81,454.55,32.91,104.00,0.732,-1,-1,-1
598,9,1255.29,432.11,103.08,280.14,0.853,-1,-1,-1
598,20,382.24,464.07,43.58,113.26,0.710,-1,-1,-1
598,36,625.94,454.63,32.49,100.20,0.759,-1,-1,-1
598,43,1101.13,414.02,98.74,284.46,0.870,-1,-1,-1
598,46,1198.60,432.30,72.20,245.94,0.834,-1,-1,-1
598,48,586.35,454.10,31.18,88.93,0.774,-1,-1,-1
598,50,1027.68,438.03,89.00,230.50,0.800,-1,-1,-1
598,52,555.79,460.37,27.31,83.65,0.684,-1,-1,-1
598,60,725.40,447.95,38.20,107.72,0.773,-1,-1,-1
598,65,421.67,459.70,34.83,111.72,0.634,-1,-1,-1
598,66,662.87,454.17,33.23,104.73,0.739,-1,-1,-1
599,9,1257.08,435.61,102.20,276.50,0.859,-1,-1,-1
599,20,382.29,464.27,43.50,113.09,0.725,-1,-1,-1
599,36,625.06,454.82,32.54,99.41,0.755,-1,-1,-1
599,43,1103.54,414.67,98.18,283.12,0.868,-1,-1,-1
599,46,1199.47,433.23,72.48,245.46,0.828,-1,-1,-1
599,48,585.91,453.50,31.37,89.66,0.775,-1,-1,-1
599,50,1029.42,437.64,89.34,231.52,0.769,-1,-1,-1
599,52,554.71,456.31,28.63,87.69,0.594,-1,-1,-1
599,60,725.97,448.36,38.18,107.73,0.796,-1,-1,-1
599,65,421.69,459.22,34.82,112.07,0.645,-1,-1,-1
599,66,662.85,454.10,33.32,104.79,0.707,-1,-1,-1
600,9,1259.86,436.97,101.79,275.32,0.879,-1,-1,-1
600,20,381.25,465.20,42.89,112.12,0.739,-1,-1,-1
600,36,624.36,454.57,33.24,99.74,0.767,-1,-1,-1
600,46,1200.53,434.25,72.92,244.88,0.840,-1,-1,-1
600,48,585.45,453.54,31.33,89.42,0.773,-1,-1,-1
600,50,1033.56,437.19,90.19,231.99,0.817,-1,-1,-1
600,52,554.80,457.75,28.08,86.25,0.684,-1,-1,-1
600,60,725.26,447.75,38.32,108.75,0.800,-1,-1,-1
600,63,1108.10,413.71,97.60,277.17,0.838,-1,-1,-1
600,65,421.83,458.28,35.05,112.91,0.601,-1,-1,-1
600,66,662.20,453.90,33.52,105.32,0.738,-1,-1,-1
