1,1,470.80,430.88,68.19,174.48,0.899,-1,-1,-1
1,2,1474.14,418.92,76.87,173.14,0.884,-1,-1,-1
1,3,1366.66,396.62,64.75,214.64,0.881,-1,-1,-1
1,4,683.79,410.48,59.23,196.45,0.818,-1,-1,-1
1,5,553.04,435.13,44.39,165.82,0.813,-1,-1,-1
1,6,733.39,422.31,46.85,170.55,0.791,-1,-1,-1
1,7,1228.97,413.06,32.91,113.37,0.791,-1,-1,-1
1,8,1113.55,418.09,28.95,79.51,0.782,-1,-1,-1
1,9,1595.82,424.39,36.60,102.48,0.773,-1,-1,-1
1,10,637.09,424.65,43.83,134.29,0.769,-1,-1,-1
1,11,1171.27,419.14,35.83,102.82,0.760,-1,-1,-1
1,12,960.66,416.88,31.08,102.74,0.713,-1,-1,-1
1,13,809.40,425.14,22.96,65.15,0.661,-1,-1,-1
1,14,859.20,430.73,21.67,73.05,0.657,-1,-1,-1
2,1,462.95,429.60,68.37,174.93,0.897,-1,-1,-1
2,2,1466.21,419.59,76.67,172.67,0.882,-1,-1,-1
2,3,1363.66,397.47,64.52,213.89,0.881,-1,-1,-1
2,4,676.41,410.41,59.20,196.47,0.763,-1,-1,-1
2,5,550.91,433.02,44.69,166.47,0.777,-1,-1,-1
2,6,724.85,420.14,47.33,172.18,0.774,-1,-1,-1
2,7,1221.86,413.17,32.59,112.22,0.744,-1,-1,-1
2,8,1107.15,417.26,29.31,80.50,0.777,-1,-1,-1
2,9,1590.69,424.74,36.61,102.51,0.777,-1,-1,-1
2,10,629.88,422.16,44.47,136.22,0.806,-1,-1,-1
2,11,1165.36,419.14,35.98,103.33,0.736,-1,-1,-1
2,12,955.09,417.70,30.84,101.94,0.666,-1,-1,-1
2,13,801.92,424.59,22.62,64.22,0.538,-1,-1,-1
2,14,852.66,428.72,21.83,73.53,0.621,-1,-1,-1
3,1,455.26,429.84,68.33,174.79,0.879,-1,-1,-1
3,2,1458.66,421.07,76.01,171.13,0.872,-1,-1,-1
3,3,1359.99,398.90,64.74,214.59,0.888,-1,-1,-1
3,4,667.11,410.92,59.45,197.39,0.794,-1,-1,-1
3,5,542.92,432.55,44.80,166.50,0.780,-1,-1,-1
3,6,717.29,420.30,47.42,172.35,0.790,-1,-1,-1
3,7,1215.47,413.52,29.16,100.24,0.660,-1,-1,-1
3,8,1100.93,417.45,29.36,80.62,0.800,-1,-1,-1
3,9,1584.07,424.99,36.85,103.22,0.795,-1,-1,-1
3,10,622.35,422.13,44.66,136.69,0.800,-1,-1,-1
3,11,1159.12,419.99,36.08,103.81,0.754,-1,-1,-1
3,12,948.87,417.88,30.96,102.38,0.650,-1,-1,-1
3,13,794.32,425.13,22.43,63.76,0.676,-1,-1,-1
3,14,845.39,427.82,22.42,75.58,0.607,-1,-1,-1
3,15,573.01,429.00,57.46,172.37,0.780,-1,-1,-1
4,1,448.90,430.87,68.50,175.20,0.901,-1,-1,-1
4,2,1452.46,422.12,76.10,171.63,0.873,-1,-1,-1
4,3,1357.74,400.47,65.16,216.07,0.885,-1,-1,-1
4,4,660.66,411.87,59.69,198.24,0.801,-1,-1,-1
4,5,534.87,432.70,44.80,166.37,0.797,-1,-1,-1
4,6,710.39,420.68,47.30,171.90,0.743,-1,-1,-1
4,7,1210.59,414.63,27.75,95.26,0.600,-1,-1,-1
4,8,1095.81,418.36,29.27,80.36,0.777,-1,-1,-1
4,9,1578.80,425.22,37.18,104.09,0.802,-1,-1,-1
4,10,616.01,424.84,44.32,135.58,0.829,-1,-1,-1
4,11,1152.99,421.54,36.39,104.89,0.792,-1,-1,-1
4,12,943.27,418.96,30.98,102.46,0.695,-1,-1,-1
4,13,787.78,425.59,22.69,64.63,0.687,-1,-1,-1
4,14,840.29,428.04,22.47,75.65,0.611,-1,-1,-1
4,15,566.86,429.87,57.35,172.09,0.813,-1,-1,-1
5,1,437.87,433.15,68.92,176.10,0.892,-1,-1,-1
5,2,1441.78,425.54,76.14,172.14,0.869,-1,-1,-1
5,3,1352.95,404.57,66.88,221.96,0.869,-1,-1,-1
5,4,648.26,415.13,59.94,199.47,0.765,-1,-1,-1
5,5,522.84,434.25,45.29,167.96,0.791,-1,-1,-1
5,6,695.46,424.01,47.86,173.61,0.680,-1,-1,-1
5,7,1198.36,417.56,30.34,104.04,0.638,-1,-1,-1
5,8,1086.38,422.19,29.38,80.58,0.761,-1,-1,-1
5,9,1570.37,430.08,36.78,102.94,0.727,-1,-1,-1
5,10,605.93,429.09,44.11,134.71,0.813,-1,-1,-1
5,11,1143.83,425.01,36.25,104.86,0.792,-1,-1,-1
5,12,932.41,421.59,31.60,104.53,0.295,-1,-1,-1
5,13,778.10,428.37,22.97,65.48,0.567,-1,-1,-1
5,14,830.47,431.14,22.39,75.44,0.504,-1,-1,-1
5,15,556.81,431.79,57.88,173.24,0.738,-1,-1,-1
6,1,434.41,432.74,68.77,175.57,0.885,-1,-1,-1
6,2,1437.71,427.20,75.46,171.01,0.864,-1,-1,-1
6,3,1354.81,406.71,68.03,226.30,0.849,-1,-1,-1
6,4,646.92,416.21,60.34,200.74,0.748,-1,-1,-1
6,5,521.32,434.66,45.26,167.26,0.799,-1,-1,-1
6,6,694.05,424.57,47.54,172.18,0.719,-1,-1,-1
6,7,1195.15,418.59,31.50,107.84,0.721,-1,-1,-1
6,8,1085.18,424.05,29.08,79.69,0.755,-1,-1,-1
6,9,1568.82,432.26,37.07,103.67,0.692,-1,-1,-1
6,10,603.68,428.66,44.08,134.19,0.755,-1,-1,-1
6,11,1142.68,427.16,34.11,98.78,0.750,-1,-1,-1
6,12,931.82,423.50,31.48,104.27,0.386,-1,-1,-1
6,13,776.94,433.77,21.42,61.03,0.561,-1,-1,-1
6,14,828.62,434.44,21.69,73.04,0.488,-1,-1,-1
6,15,552.01,430.07,58.37,174.55,0.741,-1,-1,-1
7,1,429.00,433.99,69.48,177.45,0.864,-1,-1,-1
7,2,1432.82,429.60,74.70,169.86,0.864,-1,-1,-1
7,3,1356.21,407.37,69.15,230.38,0.816,-1,-1,-1
7,4,644.25,419.88,59.89,199.75,0.669,-1,-1,-1
7,5,517.64,436.22,45.62,168.32,0.758,-1,-1,-1
7,6,688.94,429.23,46.78,169.54,0.655,-1,-1,-1
7,7,1193.21,419.16,28.84,97.80,0.423,-1,-1,-1
7,8,1083.08,424.23,29.44,80.83,0.394,-1,-1,-1
7,9,1566.61,434.39,37.26,104.28,-1.000,-1,-1,-1
7,10,598.57,428.41,49.04,149.42,0.491,-1,-1,-1
7,11,1142.40,427.35,33.31,96.34,0.148,-1,-1,-1
7,12,928.86,425.95,31.44,104.19,-1.000,-1,-1,-1
7,13,775.33,437.30,20.86,59.37,0.397,-1,-1,-1
7,14,825.97,438.04,20.40,68.58,0.127,-1,-1,-1
7,15,547.39,433.48,57.63,172.25,0.741,-1,-1,-1
8,1,424.79,435.69,69.42,177.02,0.892,-1,-1,-1
8,2,1425.19,431.08,74.86,170.27,0.845,-1,-1,-1
8,3,1354.55,409.59,69.37,231.56,0.861,-1,-1,-1
8,4,639.96,423.22,60.08,200.20,0.735,-1,-1,-1
8,5,513.34,439.64,45.68,167.52,0.779,-1,-1,-1
8,6,683.26,430.28,47.57,172.63,0.729,-1,-1,-1
8,7,1185.56,423.05,31.64,106.30,0.813,-1,-1,-1
8,8,1079.56,428.65,29.38,80.68,0.785,-1,-1,-1
8,9,1564.41,436.52,37.46,104.90,0.707,-1,-1,-1
8,10,596.72,430.13,46.67,141.89,0.715,-1,-1,-1
8,11,1135.29,431.04,34.85,101.16,0.792,-1,-1,-1
8,12,925.90,428.40,31.40,104.12,0.575,-1,-1,-1
8,13,770.14,441.21,20.79,59.15,0.638,-1,-1,-1
8,14,822.52,439.26,21.57,72.37,0.592,-1,-1,-1
8,15,544.34,435.53,57.80,172.64,0.765,-1,-1,-1
9,1,424.56,434.23,69.33,176.56,0.893,-1,-1,-1
9,2,1423.54,429.88,75.36,171.55,0.867,-1,-1,-1
9,3,1358.29,408.26,69.90,233.82,0.851,-1,-1,-1
9,4,639.14,422.11,60.62,202.60,0.744,-1,-1,-1
9,5,512.08,439.39,45.85,167.42,0.784,-1,-1,-1
9,6,682.02,428.64,48.17,174.92,0.719,-1,-1,-1
9,7,1183.90,423.21,33.12,109.78,0.829,-1,-1,-1
9,8,1080.57,428.52,29.46,80.96,0.789,-1,-1,-1
9,9,1565.30,437.07,37.63,105.54,0.687,-1,-1,-1
9,10,597.87,429.62,45.28,137.42,0.686,-1,-1,-1
9,11,1135.03,430.75,34.90,101.63,0.785,-1,-1,-1
9,12,925.64,428.57,31.33,103.79,0.464,-1,-1,-1
9,13,770.08,437.90,21.80,62.00,0.665,-1,-1,-1
9,14,822.37,437.16,22.23,74.43,0.589,-1,-1,-1
9,15,545.72,435.95,57.22,170.80,0.780,-1,-1,-1
9,16,345.49,435.86,24.97,57.64,0.654,-1,-1,-1
10,1,419.56,434.29,69.23,176.61,0.890,-1,-1,-1
10,2,1423.60,429.08,75.78,173.56,0.833,-1,-1,-1
10,3,1362.78,406.91,70.44,236.15,0.859,-1,-1,-1
10,4,636.12,421.24,61.18,205.17,0.722,-1,-1,-1
10,5,507.59,440.50,45.90,166.86,0.821,-1,-1,-1
10,6,677.31,430.68,47.76,173.27,0.659,-1,-1,-1
10,7,1182.35,423.16,33.89,111.26,0.815,-1,-1,-1
10,8,1079.48,428.68,29.61,81.52,0.794,-1,-1,-1
10,9,1566.05,436.97,37.83,106.23,0.738,-1,-1,-1
10,10,595.63,428.48,45.73,138.70,0.539,-1,-1,-1
10,11,1133.10,430.26,35.34,103.48,0.807,-1,-1,-1
10,12,924.16,428.69,31.28,103.62,0.316,-1,-1,-1
10,13,767.85,437.79,21.89,62.23,0.626,-1,-1,-1
10,14,819.24,436.25,22.74,75.94,0.572,-1,-1,-1
10,15,544.74,435.22,56.98,170.37,0.796,-1,-1,-1
10,16,340.85,436.50,24.72,56.98,0.685,-1,-1,-1
11,1,416.88,435.77,69.00,176.24,0.875,-1,-1,-1
11,2,1421.90,430.47,75.22,173.51,0.756,-1,-1,-1
11,3,1364.92,406.43,70.78,237.78,0.864,-1,-1,-1
11,4,633.71,421.25,60.76,204.21,0.526,-1,-1,-1
11,5,504.83,442.43,45.91,166.01,0.820,-1,-1,-1
11,6,672.77,433.13,47.27,171.36,0.484,-1,-1,-1
11,7,1180.85,424.30,34.05,110.95,0.806,-1,-1,-1
11,8,1078.05,429.79,29.46,81.13,0.767,-1,-1,-1
11,9,1565.36,438.30,37.56,105.47,0.715,-1,-1,-1
11,10,592.18,429.60,51.37,156.40,0.651,-1,-1,-1
11,11,1130.96,431.20,35.28,103.88,0.760,-1,-1,-1
11,13,766.15,439.16,21.74,61.69,0.626,-1,-1,-1
11,14,817.35,436.88,22.37,74.30,0.483,-1,-1,-1
11,15,543.36,427.97,59.20,178.27,0.760,-1,-1,-1
11,16,337.21,437.46,25.07,57.81,0.581,-1,-1,-1
12,1,414.38,434.40,69.24,176.73,0.884,-1,-1,-1
12,2,1421.36,430.88,74.21,172.96,0.785,-1,-1,-1
12,3,1367.98,404.83,71.33,240.19,0.871,-1,-1,-1
12,4,632.94,419.71,59.76,201.05,0.632,-1,-1,-1
12,5,502.74,441.80,46.11,165.53,0.803,-1,-1,-1
12,6,669.79,433.55,47.24,171.47,0.351,-1,-1,-1
12,7,1179.95,423.76,34.26,110.38,0.794,-1,-1,-1
12,8,1077.28,428.83,29.40,80.99,0.759,-1,-1,-1
12,9,1565.38,437.17,37.77,106.31,0.684,-1,-1,-1
12,10,589.53,427.36,55.14,168.90,0.762,-1,-1,-1
12,11,1130.17,430.28,35.10,103.97,0.777,-1,-1,-1
12,13,766.00,437.03,22.13,62.82,0.598,-1,-1,-1
12,14,816.47,435.79,22.21,73.58,0.498,-1,-1,-1
12,15,543.15,424.13,59.87,181.64,0.722,-1,-1,-1
12,16,334.99,436.23,24.98,57.69,0.573,-1,-1,-1
13,1,411.12,436.15,69.04,176.45,0.881,-1,-1,-1
13,2,1421.17,431.85,73.74,173.31,0.556,-1,-1,-1
13,3,1370.70,405.09,72.02,242.76,0.868,-1,-1,-1
13,4,631.18,418.74,60.93,205.02,0.488,-1,-1,-1
13,5,500.07,443.05,46.37,165.51,0.797,-1,-1,-1
13,6,666.05,429.74,48.27,175.66,0.367,-1,-1,-1
13,7,1177.38,423.97,34.80,110.47,0.786,-1,-1,-1
13,8,1076.45,429.18,29.20,80.43,0.777,-1,-1,-1
13,9,1565.63,437.49,37.65,106.11,0.631,-1,-1,-1
13,10,589.06,428.69,51.82,158.54,0.646,-1,-1,-1
13,11,1129.00,430.80,34.81,103.73,0.764,-1,-1,-1
13,13,765.21,439.21,21.56,61.30,0.596,-1,-1,-1
13,14,815.59,439.06,21.31,70.25,0.523,-1,-1,-1
13,15,541.73,422.59,60.59,185.22,0.698,-1,-1,-1
13,16,332.50,436.98,24.99,57.83,0.573,-1,-1,-1
14,1,407.92,436.48,68.95,176.26,0.874,-1,-1,-1
14,2,1418.81,432.91,72.91,172.98,0.449,-1,-1,-1
14,3,1373.13,405.41,72.56,243.72,0.866,-1,-1,-1
14,4,631.83,416.71,62.71,209.18,0.675,-1,-1,-1
14,5,495.82,442.25,46.67,166.04,0.786,-1,-1,-1
14,7,1173.52,423.78,35.52,110.87,0.782,-1,-1,-1
14,8,1073.96,428.45,29.22,80.46,0.763,-1,-1,-1
14,9,1563.98,437.21,37.49,105.83,0.618,-1,-1,-1
14,10,582.63,428.59,55.15,169.39,0.649,-1,-1,-1
14,11,1125.85,430.49,34.69,104.16,0.737,-1,-1,-1
14,13,762.82,438.86,21.61,61.44,0.508,-1,-1,-1
14,14,813.30,439.64,21.28,69.81,0.488,-1,-1,-1
14,15,539.37,429.21,58.10,178.70,0.661,-1,-1,-1
14,16,328.55,436.52,24.60,56.96,0.411,-1,-1,-1
15,1,398.70,435.18,69.10,176.03,0.884,-1,-1,-1
15,2,1412.39,432.21,73.28,175.78,0.570,-1,-1,-1
15,3,1376.40,405.16,73.66,243.98,0.877,-1,-1,-1
15,4,621.29,414.75,64.14,213.08,0.790,-1,-1,-1
15,5,484.88,438.46,47.17,167.23,0.804,-1,-1,-1
15,7,1166.21,421.21,36.75,113.02,0.807,-1,-1,-1
15,8,1067.39,425.51,29.44,81.12,0.778,-1,-1,-1
15,9,1558.98,435.58,37.50,106.08,0.668,-1,-1,-1
15,10,572.30,427.47,57.30,176.39,0.794,-1,-1,-1
15,11,1119.04,428.44,34.30,103.59,0.752,-1,-1,-1
15,13,754.07,436.42,21.48,61.10,0.633,-1,-1,-1
15,14,804.92,435.51,22.02,72.21,0.457,-1,-1,-1
15,15,528.75,427.76,58.06,179.51,0.642,-1,-1,-1
15,16,316.51,432.82,25.20,58.34,0.762,-1,-1,-1
16,1,391.07,435.58,69.93,177.16,0.880,-1,-1,-1
16,2,1401.45,433.80,72.61,174.66,-1.000,-1,-1,-1
16,3,1378.25,406.09,75.22,245.42,0.861,-1,-1,-1
16,4,612.40,415.08,65.85,217.98,0.813,-1,-1,-1
16,5,477.90,438.64,47.85,168.05,0.824,-1,-1,-1
16,7,1160.66,421.22,37.15,113.12,0.732,-1,-1,-1
16,8,1062.59,425.86,29.55,81.21,0.767,-1,-1,-1
16,9,1554.46,435.58,37.37,105.86,0.680,-1,-1,-1
16,10,565.00,426.88,58.41,180.84,0.764,-1,-1,-1
16,11,1114.26,428.86,33.87,102.85,0.733,-1,-1,-1
16,13,749.16,435.81,21.85,61.84,0.626,-1,-1,-1
16,14,799.68,437.26,21.74,71.33,0.526,-1,-1,-1
16,15,523.95,431.75,56.97,177.48,0.705,-1,-1,-1
16,16,309.21,433.19,25.17,58.31,0.618,-1,-1,-1
17,1,383.29,437.31,70.01,177.52,0.869,-1,-1,-1
17,2,1390.51,435.39,71.93,173.54,-1.000,-1,-1,-1
17,3,1376.69,407.36,76.86,248.21,0.868,-1,-1,-1
17,4,606.46,415.16,67.39,221.93,0.832,-1,-1,-1
17,5,471.42,439.56,48.29,168.40,0.821,-1,-1,-1
17,7,1155.38,422.39,37.52,112.70,0.790,-1,-1,-1
17,8,1057.58,427.06,29.54,81.11,0.749,-1,-1,-1
17,9,1549.82,436.17,37.34,106.13,0.692,-1,-1,-1
17,10,559.03,428.17,59.10,183.31,0.735,-1,-1,-1
17,11,1109.32,430.36,33.47,102.18,0.765,-1,-1,-1
17,13,744.37,433.18,23.14,65.40,0.529,-1,-1,-1
17,14,794.16,436.33,22.04,72.20,0.313,-1,-1,-1
17,15,520.40,435.90,55.42,174.38,0.704,-1,-1,-1
17,16,301.49,434.07,25.61,59.26,0.724,-1,-1,-1
18,1,376.78,437.73,70.28,178.20,0.875,-1,-1,-1
18,2,1379.57,436.98,71.26,172.42,-1.000,-1,-1,-1
18,3,1374.30,408.73,78.25,250.81,0.869,-1,-1,-1
18,4,599.82,418.54,66.97,220.05,0.799,-1,-1,-1
18,5,465.43,440.05,48.62,168.57,0.797,-1,-1,-1
18,7,1150.23,423.83,37.74,111.76,0.729,-1,-1,-1
18,8,1053.00,428.66,29.22,80.24,0.671,-1,-1,-1
18,9,1545.03,437.55,37.22,105.82,0.188,-1,-1,-1
18,10,549.18,431.71,59.63,181.68,0.703,-1,-1,-1
18,11,1104.53,432.19,33.03,101.67,0.685,-1,-1,-1
18,13,740.00,434.31,22.78,64.27,0.238,-1,-1,-1
18,14,789.80,437.48,21.85,71.18,0.365,-1,-1,-1
18,15,515.03,437.98,53.83,170.83,0.655,-1,-1,-1
18,16,294.63,434.95,25.64,59.47,0.687,-1,-1,-1
19,1,369.62,439.07,70.85,179.77,0.873,-1,-1,-1
19,2,1368.63,438.57,70.58,171.30,-1.000,-1,-1,-1
19,3,1370.86,410.85,79.13,253.20,0.875,-1,-1,-1
19,4,594.01,421.20,65.15,212.73,0.800,-1,-1,-1
19,5,458.69,442.10,48.91,168.79,0.795,-1,-1,-1
19,7,1144.65,426.28,36.77,106.66,0.778,-1,-1,-1
19,8,1047.72,430.70,29.42,80.90,0.731,-1,-1,-1
19,9,1540.13,439.72,37.14,105.64,0.372,-1,-1,-1
19,10,541.92,433.44,59.79,181.92,0.734,-1,-1,-1
19,11,1099.26,434.77,32.96,102.08,0.694,-1,-1,-1
19,13,734.16,437.73,22.32,63.07,0.343,-1,-1,-1
19,14,783.10,440.36,21.83,70.94,0.109,-1,-1,-1
19,15,508.28,441.12,52.23,166.47,0.635,-1,-1,-1
19,16,287.07,437.31,25.94,60.28,0.679,-1,-1,-1
20,1,353.23,444.98,71.34,181.11,0.884,-1,-1,-1
20,2,1357.69,440.16,69.90,170.18,-1.000,-1,-1,-1
20,3,1361.36,415.12,80.56,258.64,0.872,-1,-1,-1
20,4,576.06,428.01,67.52,220.08,0.828,-1,-1,-1
20,5,441.13,448.05,49.63,170.27,0.846,-1,-1,-1
20,7,1133.23,431.68,37.50,108.53,0.737,-1,-1,-1
20,8,1035.16,435.20,30.04,82.96,0.761,-1,-1,-1
20,9,1528.30,446.01,36.94,105.34,0.492,-1,-1,-1
20,10,528.28,439.36,60.53,184.94,0.463,-1,-1,-1
20,11,1088.12,440.79,31.11,96.43,0.743,-1,-1,-1
20,13,718.79,444.09,22.48,63.83,0.404,-1,-1,-1
20,14,769.46,443.64,23.33,75.73,0.465,-1,-1,-1
20,15,492.55,447.55,53.59,170.38,0.681,-1,-1,-1
20,16,269.43,444.13,26.22,61.03,0.735,-1,-1,-1
21,1,344.17,445.04,70.62,179.17,0.884,-1,-1,-1
21,2,1346.75,441.75,69.23,169.06,-1.000,-1,-1,-1
21,3,1357.51,415.12,81.22,261.45,0.863,-1,-1,-1
21,4,564.37,429.28,68.10,221.90,0.703,-1,-1,-1
21,5,432.66,448.99,50.05,170.63,0.817,-1,-1,-1
21,7,1127.15,432.81,37.81,108.72,0.789,-1,-1,-1
21,8,1028.00,436.69,30.15,83.33,0.725,-1,-1,-1
21,9,1521.07,447.87,36.69,104.81,0.248,-1,-1,-1
21,10,526.13,440.71,50.76,153.84,0.596,-1,-1,-1
21,11,1081.12,441.39,32.11,99.88,0.669,-1,-1,-1
21,13,712.19,444.89,22.35,63.64,0.112,-1,-1,-1
21,14,763.51,443.98,23.40,75.84,0.258,-1,-1,-1
21,15,484.83,448.51,53.58,171.05,0.404,-1,-1,-1
21,16,259.90,444.93,26.12,61.01,0.633,-1,-1,-1
22,1,333.45,446.81,70.92,179.38,0.879,-1,-1,-1
22,2,1335.81,443.34,68.55,167.94,-1.000,-1,-1,-1
22,3,1352.96,416.10,81.96,264.35,0.833,-1,-1,-1
22,4,554.19,431.84,69.31,224.81,0.823,-1,-1,-1
22,5,424.74,452.71,50.02,169.68,0.838,-1,-1,-1
22,7,1120.31,435.21,38.04,109.38,0.656,-1,-1,-1
22,8,1020.91,439.80,29.49,81.62,0.701,-1,-1,-1
22,9,1513.30,450.36,36.91,105.42,0.286,-1,-1,-1
22,10,516.42,442.56,54.15,164.67,0.240,-1,-1,-1
22,11,1074.34,443.51,32.45,100.92,0.414,-1,-1,-1
22,13,704.77,445.51,22.96,65.74,0.138,-1,-1,-1
22,14,754.50,446.45,23.56,76.39,0.220,-1,-1,-1
22,15,478.21,453.25,50.50,160.90,0.260,-1,-1,-1
22,16,249.81,447.67,25.84,60.40,0.160,-1,-1,-1
23,1,321.80,447.78,71.32,179.53,0.880,-1,-1,-1
23,2,1324.87,444.94,67.88,166.82,0.649,-1,-1,-1
23,3,1347.63,415.37,82.44,266.56,0.853,-1,-1,-1
23,4,542.64,434.45,70.46,226.42,0.780,-1,-1,-1
23,5,414.27,454.21,50.72,170.49,0.827,-1,-1,-1
23,7,1112.29,435.95,38.16,109.98,0.688,-1,-1,-1
23,8,1012.66,440.85,29.72,82.48,0.713,-1,-1,-1
23,9,1504.78,451.13,36.83,105.42,0.405,-1,-1,-1
23,10,509.56,443.09,49.08,148.81,0.549,-1,-1,-1
23,11,1066.42,443.75,32.32,100.68,0.669,-1,-1,-1
23,13,695.24,448.25,22.42,64.44,0.230,-1,-1,-1
23,14,746.60,448.92,23.47,75.86,0.190,-1,-1,-1
23,15,467.07,454.15,51.46,164.22,-1.000,-1,-1,-1
23,16,236.63,450.13,25.97,60.76,-1.000,-1,-1,-1
24,1,307.85,450.18,72.33,181.88,0.888,-1,-1,-1
24,2,1310.58,448.40,64.89,163.23,0.724,-1,-1,-1
24,3,1340.12,416.99,82.87,268.43,0.873,-1,-1,-1
24,4,527.81,437.53,71.66,229.28,0.811,-1,-1,-1
24,5,401.75,457.75,51.21,169.95,0.843,-1,-1,-1
24,7,1102.45,438.45,38.56,111.86,0.759,-1,-1,-1
24,8,1002.50,443.74,30.03,83.56,0.786,-1,-1,-1
24,9,1495.16,453.03,36.70,105.20,0.423,-1,-1,-1
24,10,499.29,445.93,45.85,139.00,0.622,-1,-1,-1
24,11,1055.93,446.00,32.87,102.16,0.748,-1,-1,-1
24,13,683.83,450.24,22.77,65.77,0.230,-1,-1,-1
24,14,735.30,451.29,23.96,77.14,0.316,-1,-1,-1
24,15,455.93,455.05,52.42,167.53,0.636,-1,-1,-1
24,16,223.45,452.58,26.09,61.12,0.586,-1,-1,-1
25,1,275.65,450.66,73.96,185.80,0.866,-1,-1,-1
25,2,1287.58,450.74,64.45,164.03,0.810,-1,-1,-1
25,3,1322.05,416.29,84.06,272.93,0.857,-1,-1,-1
25,4,497.76,438.75,73.58,235.07,0.773,-1,-1,-1
25,5,371.31,460.88,51.90,170.75,0.793,-1,-1,-1
25,7,1078.81,440.52,38.29,111.12,0.746,-1,-1,-1
25,8,979.53,445.66,29.51,82.09,0.677,-1,-1,-1
25,9,1474.51,455.29,36.80,105.65,0.261,-1,-1,-1
25,10,470.87,448.16,44.80,135.77,0.500,-1,-1,-1
25,11,1032.70,447.82,33.14,103.13,0.103,-1,-1,-1
25,13,663.97,449.90,22.87,66.16,-1.000,-1,-1,-1
25,14,709.54,453.90,23.87,76.27,0.270,-1,-1,-1
25,15,426.16,456.10,53.17,170.81,0.578,-1,-1,-1
25,16,197.84,451.72,26.65,62.36,-1.000,-1,-1,-1
26,1,258.86,449.60,74.53,186.68,0.869,-1,-1,-1
26,2,1272.14,451.80,63.96,164.34,0.783,-1,-1,-1
26,3,1310.47,416.19,84.07,273.91,0.844,-1,-1,-1
26,4,479.40,437.31,74.29,236.61,0.738,-1,-1,-1
26,5,357.30,461.09,52.24,171.03,0.758,-1,-1,-1
26,7,1064.75,440.81,36.57,105.79,0.570,-1,-1,-1
26,8,966.90,445.39,27.51,76.42,0.345,-1,-1,-1
26,9,1458.51,455.63,36.81,106.05,0.127,-1,-1,-1
26,10,456.36,448.48,43.61,132.07,0.252,-1,-1,-1
26,11,1014.47,446.98,33.54,104.48,-1.000,-1,-1,-1
26,13,644.11,449.57,22.96,66.55,-1.000,-1,-1,-1
26,14,691.99,452.96,24.14,76.96,-1.000,-1,-1,-1
26,15,411.98,457.94,52.68,169.26,0.248,-1,-1,-1
26,16,172.22,450.87,27.21,63.60,-1.000,-1,-1,-1
27,1,229.21,447.21,75.22,187.30,0.867,-1,-1,-1
27,2,1245.71,451.83,62.85,162.09,0.744,-1,-1,-1
27,3,1286.98,416.00,84.20,274.62,0.836,-1,-1,-1
27,4,451.01,435.39,74.45,236.94,0.698,-1,-1,-1
27,5,329.90,459.60,52.05,169.00,0.688,-1,-1,-1
27,7,1038.29,439.98,37.45,108.17,0.452,-1,-1,-1
27,8,947.86,444.28,28.48,79.04,-1.000,-1,-1,-1
27,9,1430.16,454.61,36.76,105.71,0.153,-1,-1,-1
27,10,429.88,446.32,43.45,131.44,0.189,-1,-1,-1
27,11,996.24,446.13,33.95,105.83,-1.000,-1,-1,-1
27,13,624.26,449.23,23.05,66.94,-1.000,-1,-1,-1
27,14,674.45,452.01,24.41,77.66,-1.000,-1,-1,-1
27,15,382.62,457.92,51.99,166.44,0.393,-1,-1,-1
27,16,146.60,450.01,27.77,64.84,-1.000,-1,-1,-1
28,1,213.54,447.22,76.21,190.03,0.894,-1,-1,-1
28,2,1232.89,449.87,63.56,165.13,0.860,-1,-1,-1
28,3,1278.53,416.75,84.16,275.12,0.887,-1,-1,-1
28,4,427.46,432.21,78.78,244.09,0.806,-1,-1,-1
28,5,311.90,457.92,53.55,173.41,0.854,-1,-1,-1
28,7,1021.65,439.92,38.15,110.72,0.781,-1,-1,-1
28,8,928.82,443.17,29.44,81.66,0.781,-1,-1,-1
28,9,1416.69,454.15,36.52,105.71,0.695,-1,-1,-1
28,11,978.01,445.29,34.35,107.18,0.779,-1,-1,-1
28,13,604.40,448.90,23.15,67.32,0.679,-1,-1,-1
28,14,656.90,451.06,24.69,78.35,0.546,-1,-1,-1
28,15,365.31,454.35,54.21,172.14,0.682,-1,-1,-1
28,16,120.99,449.15,28.33,66.09,0.765,-1,-1,-1
29,1,200.63,445.68,76.52,190.97,0.892,-1,-1,-1
29,2,1221.46,448.54,63.12,164.60,0.857,-1,-1,-1
29,3,1272.83,417.70,84.36,275.65,0.893,-1,-1,-1
29,4,412.91,429.25,81.26,248.41,0.748,-1,-1,-1
29,5,296.88,455.56,54.11,175.26,0.854,-1,-1,-1
29,7,1010.07,438.70,38.41,111.80,0.766,-1,-1,-1
29,8,918.62,441.68,30.10,83.48,0.784,-1,-1,-1
29,9,1406.43,453.34,36.50,106.45,0.793,-1,-1,-1
29,11,966.75,445.14,33.80,104.79,0.757,-1,-1,-1
29,13,593.25,448.24,22.87,66.45,0.675,-1,-1,-1
29,14,646.58,448.94,25.41,80.26,0.619,-1,-1,-1
29,15,353.63,451.60,54.63,173.12,0.662,-1,-1,-1
29,16,104.83,447.49,28.59,66.14,0.778,-1,-1,-1
29,17,567.76,449.49,21.19,63.58,0.670,-1,-1,-1
30,1,172.23,445.54,77.12,192.82,0.888,-1,-1,-1
30,2,1196.72,448.15,63.21,164.58,0.873,-1,-1,-1
30,3,1256.19,419.56,85.61,280.01,0.858,-1,-1,-1
30,4,376.45,427.97,84.43,253.76,0.772,-1,-1,-1
30,5,269.25,454.24,54.66,177.14,0.838,-1,-1,-1
30,7,986.63,438.79,38.86,112.72,0.744,-1,-1,-1
30,8,896.28,442.54,30.48,84.05,0.727,-1,-1,-1
30,9,1385.37,454.12,36.35,106.66,0.584,-1,-1,-1
30,11,942.03,445.83,33.58,103.04,0.764,-1,-1,-1
30,13,570.64,448.94,22.27,64.79,0.499,-1,-1,-1
30,14,622.93,448.44,25.93,81.62,0.571,-1,-1,-1
30,15,325.31,449.59,56.70,179.56,0.546,-1,-1,-1
30,16,71.84,446.13,29.06,66.59,0.733,-1,-1,-1
30,17,543.96,450.38,20.83,62.50,0.456,-1,-1,-1
31,1,158.23,447.98,77.71,194.55,0.894,-1,-1,-1
31,2,1183.39,449.70,63.94,165.61,0.862,-1,-1,-1
31,3,1250.39,423.03,86.46,282.94,0.879,-1,-1,-1
31,4,356.74,429.53,87.78,258.31,0.775,-1,-1,-1
31,5,255.06,456.53,54.76,177.82,0.838,-1,-1,-1
31,7,976.70,441.34,38.68,112.74,0.756,-1,-1,-1
31,8,886.73,445.57,30.44,83.80,0.769,-1,-1,-1
31,9,1375.05,457.10,36.15,106.35,0.668,-1,-1,-1
31,11,930.30,448.57,33.89,103.83,0.759,-1,-1,-1
31,13,559.99,451.80,22.56,65.38,0.582,-1,-1,-1
31,14,612.90,451.91,25.94,81.08,0.508,-1,-1,-1
31,15,312.16,451.10,57.57,181.91,0.251,-1,-1,-1
31,16,54.80,448.60,29.58,67.24,0.764,-1,-1,-1
31,17,532.93,453.16,20.93,62.84,0.450,-1,-1,-1
32,1,144.20,447.95,78.45,196.08,0.892,-1,-1,-1
32,2,1170.49,450.55,64.45,165.76,0.874,-1,-1,-1
32,3,1243.52,424.85,87.44,287.27,0.879,-1,-1,-1
32,4,342.72,427.18,89.92,264.65,0.639,-1,-1,-1
32,5,241.40,456.73,55.08,178.66,0.839,-1,-1,-1
32,7,967.03,443.04,39.05,114.25,0.738,-1,-1,-1
32,8,877.35,447.32,30.48,83.74,0.786,-1,-1,-1
32,9,1365.09,458.84,36.17,106.77,0.767,-1,-1,-1
32,11,920.41,450.29,34.36,104.47,0.760,-1,-1,-1
32,13,549.21,451.44,23.36,67.64,0.666,-1,-1,-1
32,14,603.16,453.57,26.21,81.45,0.625,-1,-1,-1
32,15,298.76,450.70,60.37,190.81,0.174,-1,-1,-1
32,16,38.26,449.10,29.99,67.81,0.773,-1,-1,-1
32,17,523.20,453.40,21.52,64.67,0.546,-1,-1,-1
33,1,127.99,449.47,79.27,197.78,0.898,-1,-1,-1
33,2,1158.37,452.97,65.08,165.80,0.880,-1,-1,-1
33,3,1235.54,427.29,88.24,290.66,0.874,-1,-1,-1
33,4,325.10,430.66,91.00,267.29,0.760,-1,-1,-1
33,5,226.70,459.69,55.37,178.06,0.812,-1,-1,-1
33,7,957.46,446.39,37.40,109.53,0.792,-1,-1,-1
33,8,866.82,449.71,30.69,84.22,0.782,-1,-1,-1
33,9,1354.95,462.09,35.96,106.62,0.697,-1,-1,-1
33,11,910.70,453.49,34.24,103.45,0.757,-1,-1,-1
33,13,538.04,453.67,23.67,68.70,0.695,-1,-1,-1
33,14,592.19,456.80,26.26,81.07,0.573,-1,-1,-1
33,16,20.89,450.92,30.90,69.37,0.718,-1,-1,-1
33,17,512.03,456.53,21.46,64.50,0.618,-1,-1,-1
34,1,114.16,450.78,80.08,199.53,0.882,-1,-1,-1
34,2,1148.17,455.57,65.33,165.34,0.867,-1,-1,-1
34,3,1229.64,428.05,89.18,295.16,0.853,-1,-1,-1
34,4,305.81,433.61,93.33,270.69,0.730,-1,-1,-1
34,5,213.59,461.75,55.74,179.11,0.805,-1,-1,-1
34,7,947.56,447.90,38.29,111.70,0.718,-1,-1,-1
34,8,857.90,451.74,30.94,84.66,0.742,-1,-1,-1
34,9,1347.15,464.48,35.55,105.65,0.609,-1,-1,-1
34,11,900.95,456.19,34.09,103.14,0.690,-1,-1,-1
34,13,528.88,456.75,23.13,67.31,0.401,-1,-1,-1
34,14,583.04,459.27,26.16,80.44,0.348,-1,-1,-1
34,16,6.10,453.45,31.29,69.38,0.773,-1,-1,-1
34,17,502.38,461.98,20.57,61.67,0.373,-1,-1,-1
35,1,92.24,455.87,79.86,198.57,0.886,-1,-1,-1
35,2,1130.69,460.70,66.02,166.18,0.856,-1,-1,-1
35,3,1221.06,430.46,90.42,299.65,0.876,-1,-1,-1
35,4,282.48,439.30,94.81,274.39,0.746,-1,-1,-1
35,5,192.45,467.47,56.05,180.03,0.823,-1,-1,-1
35,7,930.69,452.68,39.58,112.49,0.858,-1,-1,-1
35,8,843.22,456.35,31.13,85.03,0.791,-1,-1,-1
35,9,1333.42,468.30,35.60,106.33,0.780,-1,-1,-1
35,11,885.16,460.63,34.31,104.02,0.790,-1,-1,-1
35,13,512.24,461.92,23.21,67.73,0.641,-1,-1,-1
35,14,565.30,463.03,26.93,82.09,0.444,-1,-1,-1
35,17,486.04,466.67,20.76,62.13,0.531,-1,-1,-1
36,1,83.64,455.46,79.88,198.73,0.887,-1,-1,-1
36,2,1124.44,461.98,65.57,164.66,0.818,-1,-1,-1
36,3,1221.23,427.77,91.54,304.33,0.879,-1,-1,-1
36,4,274.58,443.25,94.69,274.08,0.805,-1,-1,-1
36,5,183.79,466.59,57.19,182.19,0.824,-1,-1,-1
36,7,925.96,452.19,40.71,113.38,0.826,-1,-1,-1
36,8,839.76,456.31,31.25,85.20,0.764,-1,-1,-1
36,9,1329.76,468.31,35.38,106.08,0.699,-1,-1,-1
36,11,880.18,459.95,34.24,104.45,0.736,-1,-1,-1
36,13,508.35,463.32,22.53,66.18,0.670,-1,-1,-1
36,14,560.62,462.27,27.21,82.70,0.492,-1,-1,-1
36,17,480.67,464.25,21.33,63.78,0.628,-1,-1,-1
37,1,74.76,456.81,80.12,198.95,0.894,-1,-1,-1
37,2,1118.42,462.69,65.28,163.62,0.849,-1,-1,-1
37,3,1221.42,425.24,92.44,307.99,0.877,-1,-1,-1
37,4,259.44,441.64,97.31,279.95,0.738,-1,-1,-1
37,5,174.24,468.61,57.20,182.25,0.843,-1,-1,-1
37,6,333.47,452.58,45.63,161.68,0.662,-1,-1,-1
37,7,921.95,452.04,41.32,113.93,0.766,-1,-1,-1
37,8,835.34,456.72,30.78,83.85,0.745,-1,-1,-1
37,9,1325.52,467.44,35.59,107.04,0.590,-1,-1,-1
37,11,874.69,459.12,34.41,105.17,0.759,-1,-1,-1
37,13,501.77,461.17,23.32,68.91,0.441,-1,-1,-1
37,14,555.85,463.47,26.62,80.21,0.510,-1,-1,-1
37,17,475.42,463.70,21.73,64.98,0.275,-1,-1,-1
37,18,1817.52,364.70,86.64,294.50,0.590,-1,-1,-1
38,1,66.97,457.81,80.75,199.94,0.882,-1,-1,-1
38,2,1113.25,463.59,65.50,164.02,0.850,-1,-1,-1
38,3,1222.20,424.06,92.75,309.71,0.857,-1,-1,-1
38,4,247.52,442.43,98.63,284.13,0.719,-1,-1,-1
38,5,166.16,471.16,57.19,182.25,0.822,-1,-1,-1
38,6,324.38,456.69,48.98,172.47,0.497,-1,-1,-1
38,7,917.62,452.30,41.25,113.71,0.584,-1,-1,-1
38,8,830.89,456.78,31.18,84.40,0.744,-1,-1,-1
38,9,1322.56,467.47,35.52,106.85,0.263,-1,-1,-1
38,11,870.46,459.38,34.34,104.74,0.721,-1,-1,-1
38,13,496.60,462.51,23.11,68.16,0.419,-1,-1,-1
38,14,552.80,464.38,26.93,80.42,0.517,-1,-1,-1
38,17,470.68,464.57,21.67,64.81,0.203,-1,-1,-1
38,18,1814.64,362.49,86.93,295.50,0.698,-1,-1,-1
39,1,59.69,456.19,81.06,200.74,0.892,-1,-1,-1
39,2,1108.42,461.26,65.90,164.69,0.855,-1,-1,-1
39,3,1221.57,421.19,93.52,312.29,0.877,-1,-1,-1
39,4,233.84,440.29,99.71,286.08,0.779,-1,-1,-1
39,5,158.85,469.59,57.58,182.13,0.812,-1,-1,-1
39,6,314.46,452.46,52.92,184.17,0.738,-1,-1,-1
39,7,910.78,450.22,40.54,112.93,0.775,-1,-1,-1
39,8,826.81,454.39,31.15,84.08,0.781,-1,-1,-1
39,9,1319.57,464.80,35.47,106.95,0.700,-1,-1,-1
39,11,865.07,456.59,34.40,104.95,0.796,-1,-1,-1
39,13,492.26,461.52,22.63,66.80,0.656,-1,-1,-1
39,14,547.08,463.05,27.01,80.43,0.526,-1,-1,-1
39,17,466.21,462.93,21.47,64.05,0.631,-1,-1,-1
39,18,1815.63,359.99,86.50,293.80,0.564,-1,-1,-1
40,1,43.98,456.22,81.58,201.50,0.887,-1,-1,-1
40,2,1096.94,456.53,65.47,163.58,0.870,-1,-1,-1
40,3,1219.94,417.75,94.92,316.11,0.865,-1,-1,-1
40,4,216.25,439.15,101.14,289.46,0.806,-1,-1,-1
40,5,142.42,468.83,57.41,179.86,0.834,-1,-1,-1
40,6,294.39,453.72,54.01,186.38,0.705,-1,-1,-1
40,7,900.28,447.00,40.28,112.90,0.745,-1,-1,-1
40,8,817.26,451.09,31.24,84.04,0.771,-1,-1,-1
40,9,1311.80,459.57,35.35,107.08,0.688,-1,-1,-1
40,11,853.97,453.23,34.36,105.78,0.774,-1,-1,-1
40,13,483.24,460.62,22.04,65.43,0.544,-1,-1,-1
40,14,535.55,460.07,27.53,82.01,0.569,-1,-1,-1
40,17,455.53,460.03,21.82,65.10,0.595,-1,-1,-1
40,18,1811.90,354.62,83.86,284.74,0.188,-1,-1,-1
40,19,884.10,448.07,25.77,105.84,0.666,-1,-1,-1
40,20,930.31,446.59,22.79,100.97,0.771,-1,-1,-1
41,1,35.83,455.41,81.95,201.56,0.899,-1,-1,-1
41,2,1090.51,452.14,65.30,162.76,0.857,-1,-1,-1
41,3,1223.38,415.47,96.51,317.99,0.872,-1,-1,-1
41,4,201.31,435.83,103.29,293.56,0.781,-1,-1,-1
41,5,133.59,466.43,57.93,180.02,0.813,-1,-1,-1
41,6,286.62,451.39,55.56,188.91,0.582,-1,-1,-1
41,7,895.01,444.07,39.94,112.94,0.724,-1,-1,-1
41,8,813.23,447.87,31.45,84.42,0.808,-1,-1,-1
41,9,1308.25,455.69,34.96,106.11,0.557,-1,-1,-1
41,11,848.01,449.84,34.45,107.15,0.788,-1,-1,-1
41,13,478.44,456.36,22.47,67.25,0.608,-1,-1,-1
41,14,529.82,458.32,27.44,81.51,0.623,-1,-1,-1
41,17,451.02,456.24,22.14,66.43,0.600,-1,-1,-1
41,18,1799.28,351.23,86.30,291.06,0.599,-1,-1,-1
41,19,880.19,445.98,25.43,104.47,0.694,-1,-1,-1
41,20,925.28,443.34,22.93,101.30,0.713,-1,-1,-1
42,1,27.86,455.64,82.34,201.54,0.901,-1,-1,-1
42,2,1083.96,448.81,65.18,162.70,0.828,-1,-1,-1
42,3,1226.87,413.85,98.99,320.81,0.898,-1,-1,-1
42,4,186.00,431.68,106.65,299.25,0.789,-1,-1,-1
42,5,125.48,465.28,57.80,178.32,0.799,-1,-1,-1
42,6,281.51,450.84,56.46,189.96,0.631,-1,-1,-1
42,7,890.59,442.27,39.54,113.18,0.692,-1,-1,-1
42,8,809.20,446.25,31.30,83.83,0.761,-1,-1,-1
42,9,1305.04,452.78,34.53,104.55,0.283,-1,-1,-1
42,11,843.24,448.11,34.04,107.07,0.798,-1,-1,-1
42,13,474.16,454.26,23.02,69.27,0.650,-1,-1,-1
42,14,524.90,457.10,27.47,81.88,0.665,-1,-1,-1
42,17,446.38,455.45,22.04,66.17,0.555,-1,-1,-1
42,18,1790.95,346.89,88.41,296.01,0.681,-1,-1,-1
42,19,875.45,445.39,25.44,104.53,0.700,-1,-1,-1
42,20,921.78,440.75,23.35,102.93,0.787,-1,-1,-1
42,21,419.83,463.85,18.96,55.79,0.597,-1,-1,-1
43,1,19.63,454.95,82.96,202.00,0.893,-1,-1,-1
43,2,1078.16,445.54,65.57,163.67,0.848,-1,-1,-1
43,3,1228.39,412.79,100.97,323.02,0.885,-1,-1,-1
43,4,174.61,431.07,107.76,300.30,0.776,-1,-1,-1
43,5,117.70,464.03,57.49,175.46,0.794,-1,-1,-1
43,6,270.15,450.03,57.02,191.34,0.696,-1,-1,-1
43,7,886.01,440.29,38.97,112.81,0.788,-1,-1,-1
43,8,804.48,444.51,31.57,84.46,0.786,-1,-1,-1
43,9,1302.03,449.56,34.55,104.95,0.285,-1,-1,-1
43,11,838.60,446.43,33.81,107.46,0.792,-1,-1,-1
43,13,469.63,453.69,22.73,68.68,0.587,-1,-1,-1
43,14,520.02,457.41,27.04,80.62,0.650,-1,-1,-1
43,17,441.70,454.25,22.09,66.16,0.664,-1,-1,-1
43,18,1786.89,341.84,90.34,299.83,0.762,-1,-1,-1
43,19,870.90,444.22,25.14,103.35,0.678,-1,-1,-1
43,20,917.82,438.23,23.57,103.60,0.761,-1,-1,-1
43,21,415.05,461.98,19.29,56.78,0.658,-1,-1,-1
44,1,11.38,457.06,83.16,201.40,0.881,-1,-1,-1
44,2,1072.31,444.30,66.00,164.99,0.860,-1,-1,-1
44,3,1227.44,412.41,103.64,329.17,0.909,-1,-1,-1
44,4,167.35,431.44,108.66,302.16,0.756,-1,-1,-1
44,5,111.19,464.45,56.38,169.47,0.784,-1,-1,-1
44,6,262.26,451.63,56.41,190.57,0.618,-1,-1,-1
44,7,881.23,439.97,38.69,112.91,0.756,-1,-1,-1
44,8,799.49,443.68,31.84,85.04,0.767,-1,-1,-1
44,9,1298.25,448.58,33.44,101.26,-1.000,-1,-1,-1
44,11,833.95,446.78,33.48,107.31,0.781,-1,-1,-1
44,13,464.65,455.53,22.09,67.19,0.516,-1,-1,-1
44,14,514.51,456.87,27.56,82.07,0.621,-1,-1,-1
44,17,437.49,455.64,21.87,65.37,0.459,-1,-1,-1
44,18,1785.70,337.87,91.92,301.98,0.720,-1,-1,-1
44,19,866.16,443.11,25.17,103.50,0.676,-1,-1,-1
44,20,913.85,438.21,23.59,103.08,0.763,-1,-1,-1
44,21,410.64,463.43,19.06,56.05,0.564,-1,-1,-1
45,1,-1.75,456.48,83.39,203.03,0.860,-1,-1,-1
45,2,1063.73,442.59,66.21,165.59,0.868,-1,-1,-1
45,3,1225.11,409.29,105.91,337.04,0.869,-1,-1,-1
45,4,140.59,427.28,112.61,310.52,0.763,-1,-1,-1
45,5,95.67,464.48,55.43,164.95,0.733,-1,-1,-1
45,6,248.19,450.72,57.30,192.99,0.666,-1,-1,-1
45,7,874.08,438.96,37.84,110.09,0.652,-1,-1,-1
45,8,792.01,442.70,32.00,85.14,0.748,-1,-1,-1
45,9,1294.48,447.61,32.33,97.56,-1.000,-1,-1,-1
45,11,826.35,445.78,33.24,107.50,0.762,-1,-1,-1
45,13,457.22,453.34,22.63,68.89,0.421,-1,-1,-1
45,14,506.46,454.38,27.88,83.36,0.541,-1,-1,-1
45,17,430.21,454.81,22.15,66.11,0.480,-1,-1,-1
45,18,1784.26,333.98,93.31,303.04,0.717,-1,-1,-1
45,19,860.64,441.67,22.58,92.60,0.631,-1,-1,-1
45,20,908.34,436.43,23.83,103.43,0.780,-1,-1,-1
45,21,402.90,462.20,19.51,57.38,0.454,-1,-1,-1
46,1,-6.55,457.98,82.49,202.60,0.854,-1,-1,-1
46,2,1057.23,443.14,66.17,165.34,0.842,-1,-1,-1
46,3,1223.50,407.11,107.50,343.95,0.870,-1,-1,-1
46,4,130.91,424.80,115.06,317.75,0.761,-1,-1,-1
46,5,87.28,464.93,54.55,160.79,0.703,-1,-1,-1
46,6,239.89,451.37,57.86,193.29,0.704,-1,-1,-1
46,7,869.96,439.19,38.01,111.17,0.690,-1,-1,-1
46,8,788.92,443.32,32.22,85.68,0.765,-1,-1,-1
46,9,1290.70,446.63,31.22,93.87,-1.000,-1,-1,-1
46,11,821.99,446.92,32.98,107.36,0.761,-1,-1,-1
46,13,452.84,453.97,22.72,69.47,0.192,-1,-1,-1
46,14,500.98,453.90,28.47,85.21,0.608,-1,-1,-1
46,17,426.30,455.11,22.49,66.98,0.481,-1,-1,-1
46,18,1782.28,332.23,94.45,304.56,0.601,-1,-1,-1
46,19,855.38,441.56,24.22,99.34,0.644,-1,-1,-1
46,20,904.32,438.27,23.93,102.87,0.820,-1,-1,-1
46,21,397.71,462.90,19.66,57.84,0.439,-1,-1,-1
47,1,-10.65,454.36,81.20,203.35,0.873,-1,-1,-1
47,2,1052.50,442.61,65.90,164.51,0.847,-1,-1,-1
47,3,1223.35,404.19,108.46,349.68,0.882,-1,-1,-1
47,4,123.52,425.34,115.00,317.36,0.703,-1,-1,-1
47,5,80.05,461.65,54.73,159.72,0.783,-1,-1,-1
47,6,232.56,450.03,57.81,191.42,0.696,-1,-1,-1
47,7,867.41,437.67,37.47,110.03,0.684,-1,-1,-1
47,8,785.35,441.64,32.51,86.19,0.749,-1,-1,-1
47,9,1286.92,445.66,30.11,90.18,-1.000,-1,-1,-1
47,11,818.77,445.69,32.42,106.31,0.781,-1,-1,-1
47,13,449.96,451.88,22.55,68.86,0.452,-1,-1,-1
47,14,497.47,450.23,28.77,86.57,0.590,-1,-1,-1
47,17,424.47,453.35,22.24,66.19,0.310,-1,-1,-1
47,18,1785.68,331.59,94.72,304.95,0.496,-1,-1,-1
47,19,851.34,439.12,24.77,101.05,0.620,-1,-1,-1
47,20,901.87,436.91,24.14,102.67,0.809,-1,-1,-1
47,21,394.75,458.91,20.21,59.53,0.290,-1,-1,-1
48,1,-16.64,448.53,81.95,211.29,0.869,-1,-1,-1
48,2,1045.50,444.45,65.77,164.17,0.866,-1,-1,-1
48,3,1223.11,403.47,109.20,354.31,0.894,-1,-1,-1
48,4,115.29,431.61,113.13,313.42,0.762,-1,-1,-1
48,5,69.51,463.81,55.85,161.57,0.785,-1,-1,-1
48,6,219.26,452.20,59.43,193.01,0.681,-1,-1,-1
48,7,863.07,437.65,36.15,106.67,0.716,-1,-1,-1
48,8,780.02,442.62,32.88,86.94,0.739,-1,-1,-1
48,9,1283.15,444.69,29.00,86.49,-1.000,-1,-1,-1
48,11,813.93,446.63,31.04,101.83,0.729,-1,-1,-1
48,13,443.97,453.92,22.29,68.43,0.289,-1,-1,-1
48,14,490.74,450.11,29.51,88.85,0.643,-1,-1,-1
48,17,418.41,454.59,22.35,66.65,0.483,-1,-1,-1
48,18,1785.39,330.85,95.63,305.75,0.506,-1,-1,-1
48,19,845.83,439.84,25.23,102.95,0.690,-1,-1,-1
48,20,896.46,437.45,24.70,103.77,0.796,-1,-1,-1
48,21,388.28,459.71,20.55,60.58,0.235,-1,-1,-1
49,1,-18.19,453.19,76.47,202.55,0.816,-1,-1,-1
49,2,1039.23,446.41,65.52,163.56,0.863,-1,-1,-1
49,3,1223.83,401.93,109.96,359.12,0.898,-1,-1,-1
49,4,98.41,433.15,114.67,314.49,0.792,-1,-1,-1
49,5,60.72,463.54,56.09,161.97,0.729,-1,-1,-1
49,6,213.68,453.38,59.19,191.53,0.576,-1,-1,-1
49,7,856.08,439.04,37.20,109.42,0.744,-1,-1,-1
49,8,775.16,443.90,32.59,85.99,0.773,-1,-1,-1
49,9,1279.37,443.71,27.88,82.80,-1.000,-1,-1,-1
49,11,808.86,447.85,31.68,104.68,0.760,-1,-1,-1
49,13,439.24,454.86,21.83,67.26,0.355,-1,-1,-1
49,14,485.62,452.03,29.06,87.58,0.630,-1,-1,-1
49,17,413.74,455.13,22.21,66.18,0.395,-1,-1,-1
49,18,1783.17,333.81,96.92,304.84,0.720,-1,-1,-1
49,19,840.67,440.74,24.77,101.20,0.582,-1,-1,-1
49,20,892.47,439.17,25.07,103.81,0.820,-1,-1,-1
49,21,383.30,461.08,20.06,59.15,0.376,-1,-1,-1
50,1,-23.87,458.70,71.55,195.85,0.756,-1,-1,-1
50,2,1029.38,445.78,65.27,163.90,0.869,-1,-1,-1
50,3,1225.93,397.67,111.25,365.97,0.888,-1,-1,-1
50,4,76.80,429.75,118.85,326.78,0.734,-1,-1,-1
50,5,44.33,461.26,56.71,164.97,0.690,-1,-1,-1
50,6,199.80,452.37,60.26,192.66,0.667,-1,-1,-1
50,7,849.08,437.09,37.54,110.92,0.724,-1,-1,-1
50,8,768.62,442.27,32.92,86.62,0.757,-1,-1,-1
50,9,1275.59,442.74,26.77,79.11,-1.000,-1,-1,-1
50,11,801.39,445.66,32.03,106.53,0.759,-1,-1,-1
50,13,431.70,454.10,21.48,66.01,0.207,-1,-1,-1
50,14,477.59,449.63,29.32,87.81,0.635,-1,-1,-1
50,17,405.93,453.15,22.05,65.70,0.109,-1,-1,-1
50,18,1781.28,332.72,98.28,306.96,0.560,-1,-1,-1
50,19,833.96,439.22,25.33,103.36,0.553,-1,-1,-1
50,20,886.12,436.98,25.93,105.84,0.831,-1,-1,-1
50,21,377.37,459.18,20.20,59.56,-1.000,-1,-1,-1
50,22,688.58,447.83,26.30,61.59,0.733,-1,-1,-1
51,2,1022.03,448.05,64.73,163.56,0.876,-1,-1,-1
51,3,1227.65,396.18,112.04,371.20,0.871,-1,-1,-1
51,4,55.32,432.64,121.26,332.42,0.715,-1,-1,-1
51,5,34.17,462.06,56.57,165.18,0.275,-1,-1,-1
51,6,189.02,454.82,60.86,191.07,0.744,-1,-1,-1
51,7,844.74,438.72,37.55,111.99,0.729,-1,-1,-1
51,8,763.94,444.12,32.64,86.05,0.739,-1,-1,-1
51,9,1271.82,441.77,25.66,75.42,-1.000,-1,-1,-1
51,11,797.17,447.22,29.97,99.61,0.728,-1,-1,-1
51,13,427.56,455.50,21.44,65.83,0.233,-1,-1,-1
51,14,471.66,452.89,28.50,84.65,0.536,-1,-1,-1
51,17,401.21,454.98,21.92,65.35,0.217,-1,-1,-1
51,18,1782.61,334.26,97.63,305.02,0.529,-1,-1,-1
51,19,829.11,440.62,25.61,104.71,0.650,-1,-1,-1
51,20,881.19,438.61,26.32,105.41,0.803,-1,-1,-1
51,21,371.44,457.28,20.35,59.97,-1.000,-1,-1,-1
51,22,683.48,449.81,26.37,61.84,0.678,-1,-1,-1
52,2,1016.01,445.78,64.33,162.52,0.855,-1,-1,-1
52,3,1229.17,391.96,113.11,377.32,0.891,-1,-1,-1
52,4,41.55,428.83,125.37,339.69,0.739,-1,-1,-1
52,5,22.85,460.49,56.21,164.63,0.636,-1,-1,-1
52,6,178.80,449.56,62.11,193.53,0.759,-1,-1,-1
52,7,841.34,435.12,37.91,114.39,0.733,-1,-1,-1
52,8,760.33,441.66,32.62,85.94,0.751,-1,-1,-1
52,9,1268.04,440.79,24.55,71.73,-1.000,-1,-1,-1
52,11,792.62,443.94,31.21,104.19,0.736,-1,-1,-1
52,13,425.85,452.23,22.04,67.92,0.561,-1,-1,-1
52,14,466.27,451.45,28.84,84.98,0.729,-1,-1,-1
52,17,397.88,452.23,21.48,64.42,0.371,-1,-1,-1
52,18,1780.77,333.05,97.35,303.54,0.447,-1,-1,-1
52,19,824.48,438.07,25.66,104.93,0.715,-1,-1,-1
52,20,877.55,435.51,26.91,106.18,0.836,-1,-1,-1
52,21,365.51,455.38,20.49,60.39,-1.000,-1,-1,-1
52,22,679.53,446.88,26.88,63.21,0.743,-1,-1,-1
53,2,1009.51,442.41,64.79,163.40,0.842,-1,-1,-1
53,3,1230.89,389.12,113.59,381.18,0.887,-1,-1,-1
53,4,25.75,424.42,130.70,346.12,0.817,-1,-1,-1
53,5,12.86,459.02,56.74,166.09,0.240,-1,-1,-1
53,6,170.81,447.01,63.09,194.15,0.790,-1,-1,-1
53,7,838.04,434.02,37.21,113.73,0.789,-1,-1,-1
53,8,756.61,439.07,32.83,86.60,0.784,-1,-1,-1
53,9,1264.26,439.82,23.44,68.04,-1.000,-1,-1,-1
53,10,207.70,437.32,57.13,172.20,0.567,-1,-1,-1
53,11,788.58,441.20,31.43,105.29,0.754,-1,-1,-1
53,13,424.62,451.06,21.90,68.13,0.444,-1,-1,-1
53,14,462.67,450.75,28.29,83.47,0.705,-1,-1,-1
53,17,394.08,450.25,21.33,64.27,0.440,-1,-1,-1
53,18,1775.58,332.91,99.92,306.87,0.634,-1,-1,-1
53,19,820.64,436.23,26.13,106.73,0.736,-1,-1,-1
53,20,874.22,433.21,27.66,107.40,0.827,-1,-1,-1
53,21,359.58,453.48,20.63,60.80,0.640,-1,-1,-1
53,22,675.43,444.79,27.18,64.11,0.792,-1,-1,-1
54,2,1001.93,439.23,64.82,164.10,0.862,-1,-1,-1
54,3,1231.14,388.03,114.05,384.82,0.894,-1,-1,-1
54,4,13.64,424.88,131.44,347.86,0.601,-1,-1,-1
54,6,159.95,446.54,63.16,191.79,0.715,-1,-1,-1
54,7,832.44,433.07,36.75,112.68,0.769,-1,-1,-1
54,8,750.75,436.84,32.43,85.60,0.747,-1,-1,-1
54,9,1260.49,438.84,22.32,64.35,-1.000,-1,-1,-1
54,10,199.63,435.43,58.00,173.49,0.617,-1,-1,-1
54,11,782.38,439.05,31.58,106.21,0.768,-1,-1,-1
54,13,418.08,449.39,21.60,66.99,0.120,-1,-1,-1
54,14,456.31,449.16,27.33,79.98,0.564,-1,-1,-1
54,17,388.15,448.25,21.45,64.53,0.159,-1,-1,-1
54,18,1771.45,330.70,101.43,307.63,0.589,-1,-1,-1
54,19,815.47,434.84,24.88,101.78,0.619,-1,-1,-1
54,20,869.04,431.25,27.91,106.17,0.800,-1,-1,-1
54,21,354.21,451.87,20.47,60.41,0.105,-1,-1,-1
54,22,669.77,442.55,27.29,64.60,0.680,-1,-1,-1
55,2,989.62,432.65,65.53,165.22,0.870,-1,-1,-1
55,3,1232.33,384.89,114.20,387.59,0.880,-1,-1,-1
55,4,-2.52,413.71,135.79,359.48,0.858,-1,-1,-1
55,6,139.75,441.25,64.63,195.18,0.804,-1,-1,-1
55,7,823.04,428.24,36.77,114.03,0.753,-1,-1,-1
55,8,742.20,431.90,32.72,86.24,0.752,-1,-1,-1
55,9,1256.71,437.87,21.21,60.66,-1.000,-1,-1,-1
55,10,184.63,430.29,59.52,176.18,0.693,-1,-1,-1
55,11,772.54,433.89,31.97,108.21,0.814,-1,-1,-1
55,13,408.34,443.88,22.15,68.89,0.231,-1,-1,-1
55,14,445.23,444.61,28.09,82.20,0.706,-1,-1,-1
55,17,378.72,443.39,21.21,63.83,0.510,-1,-1,-1
55,18,1770.86,323.53,102.19,309.22,0.356,-1,-1,-1
55,19,805.77,430.40,25.96,106.06,0.718,-1,-1,-1
55,20,860.63,424.95,28.80,107.51,0.815,-1,-1,-1
55,21,344.00,449.73,19.83,58.59,0.482,-1,-1,-1
55,22,660.48,437.71,27.06,64.34,0.718,-1,-1,-1
56,2,981.18,431.81,66.02,165.77,0.853,-1,-1,-1
56,3,1236.90,386.18,115.09,390.03,0.881,-1,-1,-1
56,4,-19.20,412.69,134.88,366.87,0.818,-1,-1,-1
56,6,128.74,440.26,66.52,198.57,0.809,-1,-1,-1
56,7,817.98,427.55,36.80,114.97,0.766,-1,-1,-1
56,8,736.26,431.63,32.96,87.00,0.745,-1,-1,-1
56,9,1252.93,436.90,20.10,56.97,-1.000,-1,-1,-1
56,10,178.78,432.11,58.67,176.43,0.538,-1,-1,-1
56,11,766.30,432.68,32.38,109.71,0.762,-1,-1,-1
56,13,401.59,442.45,22.98,71.53,0.247,-1,-1,-1
56,14,439.09,444.37,28.43,83.30,0.698,-1,-1,-1
56,17,372.58,443.41,21.46,64.76,0.516,-1,-1,-1
56,18,1770.84,321.91,101.45,305.61,0.346,-1,-1,-1
56,19,799.77,430.29,26.41,107.88,0.671,-1,-1,-1
56,20,854.99,424.20,29.59,108.02,0.831,-1,-1,-1
56,21,337.39,450.22,19.85,58.65,0.472,-1,-1,-1
56,22,655.03,437.02,27.13,64.98,0.763,-1,-1,-1
57,2,973.92,431.19,66.18,165.46,0.859,-1,-1,-1
57,3,1241.60,386.73,116.81,393.51,0.888,-1,-1,-1
57,4,-21.27,411.75,132.01,366.24,0.866,-1,-1,-1
57,6,118.98,439.84,67.64,199.03,0.785,-1,-1,-1
57,7,811.15,427.06,36.49,115.43,0.724,-1,-1,-1
57,8,730.46,431.00,32.69,86.90,0.770,-1,-1,-1
57,9,1249.16,435.92,18.99,53.28,-1.000,-1,-1,-1
57,10,168.39,430.75,59.90,178.06,0.704,-1,-1,-1
57,11,759.77,432.68,32.66,110.52,0.776,-1,-1,-1
57,13,396.14,441.72,22.99,71.81,0.158,-1,-1,-1
57,14,433.59,444.06,28.08,81.89,0.620,-1,-1,-1
57,17,367.38,443.87,21.25,64.23,0.575,-1,-1,-1
57,18,1762.32,319.59,104.72,310.64,0.623,-1,-1,-1
57,19,794.07,429.60,26.37,108.02,0.693,-1,-1,-1
57,20,849.62,422.91,30.55,108.83,0.850,-1,-1,-1
57,21,331.95,451.25,19.39,57.23,0.594,-1,-1,-1
57,22,649.65,436.51,26.96,64.97,0.755,-1,-1,-1
57,23,59.03,445.39,61.43,196.57,0.752,-1,-1,-1
58,2,968.46,430.81,66.31,165.20,0.880,-1,-1,-1
58,3,1245.14,387.17,119.50,399.64,0.898,-1,-1,-1
58,4,-24.76,408.19,130.10,368.64,0.799,-1,-1,-1
58,6,109.46,438.98,68.27,198.71,0.758,-1,-1,-1
58,7,806.19,426.38,35.85,114.62,0.742,-1,-1,-1
58,8,725.80,430.08,32.43,86.29,0.737,-1,-1,-1
58,9,1245.38,434.95,17.88,49.59,0.549,-1,-1,-1
58,10,159.40,430.35,60.35,178.07,0.595,-1,-1,-1
58,11,754.46,432.11,32.22,108.55,0.726,-1,-1,-1
58,13,391.16,442.97,22.33,70.00,0.184,-1,-1,-1
58,14,429.91,442.89,26.14,75.81,0.574,-1,-1,-1
58,17,363.40,445.16,20.70,62.50,0.463,-1,-1,-1
58,18,1757.38,315.63,107.68,315.05,0.684,-1,-1,-1
58,19,789.80,429.06,26.11,106.89,0.707,-1,-1,-1
58,20,846.15,421.81,31.22,109.36,0.827,-1,-1,-1
58,21,326.61,449.28,19.56,57.50,0.558,-1,-1,-1
58,22,645.60,435.41,26.68,64.71,0.718,-1,-1,-1
58,23,51.67,444.94,61.22,195.76,0.647,-1,-1,-1
59,2,964.27,431.65,66.26,164.63,0.874,-1,-1,-1
59,3,1247.73,386.37,122.43,405.74,0.905,-1,-1,-1
59,4,-25.81,426.90,121.73,348.69,0.595,-1,-1,-1
59,6,101.72,436.77,70.27,202.44,0.819,-1,-1,-1
59,7,801.72,426.61,35.33,114.09,0.773,-1,-1,-1
59,8,722.06,430.51,32.48,86.51,0.725,-1,-1,-1
59,9,1242.45,434.28,19.24,48.16,0.732,-1,-1,-1
59,10,154.15,433.61,59.90,176.09,0.602,-1,-1,-1
59,11,749.45,432.21,32.80,109.17,0.795,-1,-1,-1
59,13,384.14,444.11,22.40,70.33,0.466,-1,-1,-1
59,14,426.80,443.91,24.31,69.90,0.493,-1,-1,-1
59,17,359.52,446.26,20.65,62.36,0.459,-1,-1,-1
59,18,1753.41,313.49,109.26,317.82,0.478,-1,-1,-1
59,19,786.58,429.61,25.96,106.88,0.704,-1,-1,-1
59,20,843.52,422.38,31.67,108.90,0.819,-1,-1,-1
59,21,322.37,450.31,19.49,57.17,0.542,-1,-1,-1
59,22,642.10,434.48,26.78,65.33,0.747,-1,-1,-1
59,23,43.63,445.01,61.28,195.87,0.703,-1,-1,-1
60,2,954.75,434.54,66.05,164.27,0.869,-1,-1,-1
60,3,1247.74,384.52,126.03,418.08,0.890,-1,-1,-1
60,6,88.02,441.09,71.03,202.50,0.792,-1,-1,-1
60,7,793.84,428.81,34.97,113.91,0.733,-1,-1,-1
60,8,715.11,432.88,32.72,87.45,0.738,-1,-1,-1
60,9,1236.47,436.00,19.83,46.67,0.664,-1,-1,-1
60,10,139.82,435.48,61.36,179.94,0.557,-1,-1,-1
60,11,741.02,435.23,33.06,109.25,0.752,-1,-1,-1
60,13,376.57,447.80,22.33,70.15,0.143,-1,-1,-1
60,14,419.22,450.72,21.37,60.53,0.371,-1,-1,-1
60,17,351.45,449.42,20.64,62.30,0.508,-1,-1,-1
60,18,1751.54,313.18,109.57,318.46,0.383,-1,-1,-1
60,19,779.73,431.89,25.99,107.44,0.589,-1,-1,-1
60,20,838.54,425.35,32.03,108.31,0.804,-1,-1,-1
60,21,315.34,454.24,19.42,56.88,0.572,-1,-1,-1
60,22,634.48,436.85,26.94,65.86,0.747,-1,-1,-1
60,23,28.76,449.67,61.16,195.42,0.682,-1,-1,-1
61,2,950.27,434.69,65.89,164.67,0.865,-1,-1,-1
61,3,1252.70,382.20,127.46,425.72,0.882,-1,-1,-1
61,6,84.39,441.57,71.48,203.01,0.687,-1,-1,-1
61,7,789.93,428.37,34.69,112.56,0.711,-1,-1,-1
61,8,713.39,432.43,32.32,86.61,0.705,-1,-1,-1
61,9,1232.26,436.66,27.03,64.48,-1.000,-1,-1,-1
61,10,134.41,435.41,61.84,180.56,0.355,-1,-1,-1
61,11,739.42,434.71,32.69,108.03,0.324,-1,-1,-1
61,17,349.80,450.01,20.22,61.11,0.116,-1,-1,-1
61,18,1756.09,311.23,109.18,315.94,0.243,-1,-1,-1
61,20,837.89,425.48,32.96,109.56,0.742,-1,-1,-1
61,21,314.24,452.65,19.79,57.83,0.229,-1,-1,-1
61,22,632.59,437.09,26.87,65.85,0.478,-1,-1,-1
61,23,19.93,451.13,60.73,193.42,0.578,-1,-1,-1
62,2,946.03,437.36,65.81,164.61,0.830,-1,-1,-1
62,3,1256.35,383.44,127.99,430.80,0.891,-1,-1,-1
62,6,75.69,444.12,72.78,204.01,0.795,-1,-1,-1
62,7,784.43,430.45,34.68,112.20,0.657,-1,-1,-1
62,8,710.28,434.73,32.81,88.45,0.752,-1,-1,-1
62,9,1228.05,437.32,34.22,82.30,-1.000,-1,-1,-1
62,10,129.46,441.76,61.27,177.87,0.310,-1,-1,-1
62,11,734.98,438.16,33.39,110.11,0.765,-1,-1,-1
62,17,346.35,453.26,20.19,60.97,0.132,-1,-1,-1
62,18,1754.14,312.21,110.38,319.71,0.336,-1,-1,-1
62,20,835.49,428.13,33.48,109.51,0.800,-1,-1,-1
62,21,310.33,455.43,19.80,57.85,0.415,-1,-1,-1
62,22,629.06,438.31,27.41,67.43,0.603,-1,-1,-1
62,23,12.71,453.16,60.77,193.21,0.611,-1,-1,-1
63,2,945.24,437.23,65.64,164.37,0.844,-1,-1,-1
63,3,1263.19,380.30,129.23,438.58,0.873,-1,-1,-1
63,6,74.02,443.80,72.84,203.49,0.755,-1,-1,-1
63,7,783.56,430.90,34.71,112.32,0.732,-1,-1,-1
63,8,710.88,434.51,32.73,88.91,0.764,-1,-1,-1
63,9,1223.84,437.99,41.41,100.11,0.630,-1,-1,-1
63,10,129.01,440.53,61.51,178.03,0.418,-1,-1,-1
63,11,734.86,438.68,33.33,109.50,0.770,-1,-1,-1
63,17,347.42,449.90,21.24,63.95,0.372,-1,-1,-1
63,18,1755.95,313.56,111.80,322.27,0.315,-1,-1,-1
63,20,836.78,428.17,33.88,109.18,0.825,-1,-1,-1
63,21,310.85,455.39,19.69,57.58,0.571,-1,-1,-1
63,22,629.63,438.66,27.26,67.01,0.716,-1,-1,-1
63,23,7.48,450.18,62.02,196.39,0.707,-1,-1,-1
64,2,945.61,435.67,64.73,161.68,0.871,-1,-1,-1
64,3,1271.94,376.09,130.16,444.55,0.861,-1,-1,-1
64,6,70.42,443.40,74.01,204.97,0.798,-1,-1,-1
64,7,781.93,429.77,35.21,113.24,0.741,-1,-1,-1
64,8,710.90,433.59,32.49,88.86,0.720,-1,-1,-1
64,9,1223.71,436.08,45.04,111.54,0.657,-1,-1,-1
64,10,127.17,437.05,62.86,181.45,0.734,-1,-1,-1
64,11,735.12,437.89,33.36,109.65,0.753,-1,-1,-1
64,17,347.59,447.51,21.69,65.21,0.494,-1,-1,-1
64,18,1760.29,311.48,112.31,323.54,0.260,-1,-1,-1
64,20,838.56,426.81,34.39,109.91,0.811,-1,-1,-1
64,21,311.51,453.50,19.95,58.37,0.443,-1,-1,-1
64,22,629.19,438.22,27.42,67.16,0.701,-1,-1,-1
64,23,3.20,447.79,63.71,200.74,0.860,-1,-1,-1
65,2,941.24,434.64,64.90,162.29,0.841,-1,-1,-1
65,3,1284.37,372.73,132.56,453.12,0.889,-1,-1,-1
65,6,61.02,444.89,74.53,204.31,0.764,-1,-1,-1
65,7,779.35,430.07,35.37,113.45,0.803,-1,-1,-1
65,8,709.04,434.22,32.29,88.36,0.681,-1,-1,-1
65,9,1222.62,436.00,46.87,118.17,0.622,-1,-1,-1
65,10,126.15,442.53,61.01,177.29,0.531,-1,-1,-1
65,11,731.99,437.78,32.84,108.39,0.657,-1,-1,-1
65,17,345.71,446.21,21.84,65.72,-1.000,-1,-1,-1
65,18,1767.74,310.79,112.10,324.31,0.297,-1,-1,-1
65,20,838.49,426.71,34.98,110.62,0.808,-1,-1,-1
65,21,309.60,450.64,20.22,59.28,-1.000,-1,-1,-1
65,22,626.43,437.15,27.67,67.96,0.659,-1,-1,-1
65,23,-2.66,448.44,63.95,201.53,0.711,-1,-1,-1
66,2,938.22,431.74,65.55,164.08,0.856,-1,-1,-1
66,3,1295.92,369.48,134.51,459.71,0.898,-1,-1,-1
66,6,56.76,443.37,74.82,204.02,0.824,-1,-1,-1
66,7,777.65,427.75,35.97,114.63,0.782,-1,-1,-1
66,8,708.28,431.99,31.57,87.28,0.724,-1,-1,-1
66,9,1222.93,433.91,47.21,121.64,0.713,-1,-1,-1
66,10,116.58,438.36,62.08,179.54,0.734,-1,-1,-1
66,11,730.87,435.48,32.51,107.64,0.747,-1,-1,-1
66,17,343.82,444.90,21.99,66.24,0.568,-1,-1,-1
66,18,1771.79,308.45,113.36,327.03,0.408,-1,-1,-1
66,20,839.14,423.83,35.60,111.54,0.829,-1,-1,-1
66,21,307.70,447.77,20.50,60.19,-1.000,-1,-1,-1
66,22,624.68,433.57,28.43,69.37,0.666,-1,-1,-1
66,23,-4.26,447.01,63.75,201.64,0.807,-1,-1,-1
67,2,933.64,429.72,66.08,165.52,0.856,-1,-1,-1
67,3,1307.61,368.52,137.89,465.62,0.901,-1,-1,-1
67,6,52.65,442.17,74.93,202.95,0.839,-1,-1,-1
67,7,773.14,426.47,36.39,115.05,0.757,-1,-1,-1
67,8,705.16,430.62,31.20,87.18,0.688,-1,-1,-1
67,9,1221.10,432.89,47.26,123.55,0.634,-1,-1,-1
67,10,107.27,434.08,64.08,183.50,0.756,-1,-1,-1
67,11,727.54,433.84,32.60,108.07,0.733,-1,-1,-1
67,17,341.16,444.11,21.66,65.33,0.375,-1,-1,-1
67,18,1772.84,306.80,114.89,329.73,0.478,-1,-1,-1
67,20,837.58,421.98,36.14,112.44,0.834,-1,-1,-1
67,21,305.80,444.90,20.77,61.10,-1.000,-1,-1,-1
67,22,622.21,432.95,28.26,68.42,0.674,-1,-1,-1
67,23,-7.78,445.80,63.41,202.58,0.795,-1,-1,-1
68,2,930.10,427.89,65.91,165.77,0.855,-1,-1,-1
68,3,1319.83,368.00,143.05,472.47,0.910,-1,-1,-1
68,6,48.88,438.27,75.72,203.80,0.787,-1,-1,-1
68,7,770.19,424.69,36.16,112.66,0.788,-1,-1,-1
68,8,702.92,428.91,30.71,86.59,0.640,-1,-1,-1
68,9,1219.89,431.00,46.69,123.69,0.702,-1,-1,-1
68,10,105.20,436.34,63.13,179.37,0.439,-1,-1,-1
68,11,724.82,431.79,32.40,107.99,0.739,-1,-1,-1
68,18,1769.56,305.70,116.19,331.78,0.391,-1,-1,-1
68,20,836.35,419.53,36.61,113.03,0.840,-1,-1,-1
68,21,303.89,442.03,21.05,62.01,-1.000,-1,-1,-1
68,22,620.70,432.74,27.50,66.21,0.692,-1,-1,-1
68,23,-10.73,444.63,62.18,201.35,0.760,-1,-1,-1
69,2,928.54,424.92,65.73,165.75,0.863,-1,-1,-1
69,3,1336.06,365.12,149.71,480.46,0.908,-1,-1,-1
69,6,46.42,434.65,75.33,202.27,0.807,-1,-1,-1
69,7,769.37,420.90,36.58,112.66,0.830,-1,-1,-1
69,8,702.73,424.66,29.92,85.39,0.697,-1,-1,-1
69,9,1221.06,427.03,46.12,124.46,0.727,-1,-1,-1
69,10,98.04,429.66,64.75,182.69,0.660,-1,-1,-1
69,11,723.00,428.16,32.28,107.94,0.795,-1,-1,-1
69,18,1777.87,301.43,114.91,328.94,0.186,-1,-1,-1
69,20,836.71,415.24,36.92,113.46,0.853,-1,-1,-1
69,21,301.99,439.16,21.32,62.92,0.550,-1,-1,-1
69,22,620.67,428.59,27.76,66.55,0.733,-1,-1,-1
69,23,-10.55,440.97,60.64,199.47,0.808,-1,-1,-1
70,2,923.25,424.77,65.51,164.89,0.864,-1,-1,-1
70,3,1352.80,363.57,159.46,494.40,0.923,-1,-1,-1
70,6,35.24,434.87,75.23,203.41,0.783,-1,-1,-1
70,7,766.58,419.63,37.13,113.72,0.809,-1,-1,-1
70,8,700.10,422.73,30.36,87.93,0.699,-1,-1,-1
70,9,1221.21,424.58,46.18,125.35,0.632,-1,-1,-1
70,10,87.69,425.96,67.12,187.12,0.772,-1,-1,-1
70,11,719.58,426.37,32.38,108.79,0.795,-1,-1,-1
70,18,1784.26,298.71,114.01,327.08,0.197,-1,-1,-1
70,20,835.26,413.37,37.41,114.65,0.848,-1,-1,-1
70,21,300.20,443.02,19.55,57.80,0.458,-1,-1,-1
70,22,618.81,426.71,28.17,67.81,0.683,-1,-1,-1
70,23,-14.32,443.20,59.39,200.07,0.779,-1,-1,-1
70,24,121.77,444.31,49.19,133.90,0.743,-1,-1,-1
70,25,505.54,426.32,41.00,117.58,0.580,-1,-1,-1
71,2,919.51,424.82,65.21,163.74,0.869,-1,-1,-1
71,3,1358.01,362.58,168.05,506.80,0.916,-1,-1,-1
71,6,30.44,432.68,75.95,204.47,0.829,-1,-1,-1
71,7,764.46,418.27,37.63,114.95,0.828,-1,-1,-1
71,8,698.23,421.24,30.14,88.62,0.710,-1,-1,-1
71,9,1220.23,423.79,45.05,124.02,0.743,-1,-1,-1
71,10,79.74,420.65,68.97,191.99,0.806,-1,-1,-1
71,11,716.82,425.11,32.49,109.51,0.780,-1,-1,-1
71,18,1779.23,295.18,118.35,337.14,0.667,-1,-1,-1
71,20,833.83,412.19,37.76,115.19,0.861,-1,-1,-1
71,21,299.32,441.91,19.62,57.86,0.611,-1,-1,-1
71,22,618.33,426.18,27.61,66.75,0.747,-1,-1,-1
71,23,-16.11,443.51,57.82,199.23,0.699,-1,-1,-1
71,24,117.97,443.10,49.50,134.83,0.738,-1,-1,-1
71,25,499.59,422.99,41.64,119.46,0.729,-1,-1,-1
72,2,916.33,425.02,65.02,163.21,0.866,-1,-1,-1
72,3,1362.30,361.80,175.75,517.75,0.920,-1,-1,-1
72,6,26.38,433.10,76.41,204.85,0.814,-1,-1,-1
72,7,763.90,418.39,37.35,112.87,0.816,-1,-1,-1
72,8,697.89,421.22,29.19,87.02,0.663,-1,-1,-1
72,9,1220.98,423.47,44.73,123.67,0.606,-1,-1,-1
72,10,75.60,423.23,68.33,187.68,0.785,-1,-1,-1
72,11,716.22,425.43,32.05,108.43,0.744,-1,-1,-1
72,18,1780.92,295.41,121.10,340.23,0.758,-1,-1,-1
72,20,833.93,412.68,37.78,114.85,0.841,-1,-1,-1
72,21,298.54,442.55,19.46,57.09,0.318,-1,-1,-1
72,22,617.75,426.14,27.53,66.87,0.696,-1,-1,-1
72,23,-16.09,449.08,54.88,192.05,0.533,-1,-1,-1
72,24,115.90,442.45,49.47,134.73,0.707,-1,-1,-1
72,25,495.42,422.31,41.97,120.53,0.694,-1,-1,-1
72,26,529.53,425.87,27.79,88.97,0.636,-1,-1,-1
73,2,913.83,425.40,64.81,163.04,0.852,-1,-1,-1
73,3,1365.60,358.14,184.26,534.06,0.896,-1,-1,-1
73,6,20.90,433.08,76.94,205.99,0.823,-1,-1,-1
73,7,763.11,419.02,38.09,113.96,0.827,-1,-1,-1
73,8,698.10,421.40,28.73,86.89,0.671,-1,-1,-1
73,9,1221.91,423.73,44.75,124.39,0.578,-1,-1,-1
73,10,72.15,424.76,69.41,188.61,0.778,-1,-1,-1
73,11,715.75,425.87,32.01,108.23,0.745,-1,-1,-1
73,18,1782.24,296.60,123.11,341.53,0.804,-1,-1,-1
73,20,834.66,413.69,37.85,114.63,0.845,-1,-1,-1
73,21,297.70,442.74,19.66,57.09,0.353,-1,-1,-1
73,22,618.19,426.80,27.21,66.44,0.683,-1,-1,-1
73,23,-14.99,460.10,51.13,181.69,0.501,-1,-1,-1
73,24,113.70,440.90,49.77,135.46,0.719,-1,-1,-1
73,25,492.09,423.13,42.01,120.77,0.675,-1,-1,-1
73,26,529.57,426.36,28.46,91.05,0.715,-1,-1,-1
74,2,911.01,425.12,64.72,163.25,0.854,-1,-1,-1
74,3,1366.27,354.84,191.04,547.27,0.909,-1,-1,-1
74,6,15.74,432.67,76.52,205.46,0.821,-1,-1,-1
74,7,761.81,418.70,38.53,115.43,0.832,-1,-1,-1
74,8,697.41,421.28,28.44,87.22,0.697,-1,-1,-1
74,9,1221.81,424.46,43.92,123.51,0.712,-1,-1,-1
74,10,68.35,420.15,71.23,192.22,0.824,-1,-1,-1
74,11,714.82,426.94,31.77,107.46,0.765,-1,-1,-1
74,18,1784.15,295.91,125.51,345.40,0.735,-1,-1,-1
74,20,834.01,414.13,37.99,114.51,0.856,-1,-1,-1
74,22,617.25,426.25,27.53,67.44,0.758,-1,-1,-1
74,24,111.22,438.09,50.18,136.45,0.822,-1,-1,-1
74,25,489.70,420.45,42.97,123.86,0.767,-1,-1,-1
74,26,529.24,425.36,28.96,92.52,0.749,-1,-1,-1
75,2,904.77,427.87,64.94,163.98,0.860,-1,-1,-1
75,3,1373.85,352.82,197.11,563.58,0.915,-1,-1,-1
75,6,6.09,435.92,76.99,205.26,0.796,-1,-1,-1
75,7,759.61,422.49,38.77,116.68,0.777,-1,-1,-1
75,8,694.34,425.29,28.80,89.06,0.517,-1,-1,-1
75,9,1220.51,429.35,42.74,121.88,0.770,-1,-1,-1
75,10,58.57,425.56,72.27,193.13,0.822,-1,-1,-1
75,11,710.93,430.77,32.16,108.99,0.721,-1,-1,-1
75,18,1787.78,298.69,127.27,349.08,0.731,-1,-1,-1
75,20,831.08,417.91,38.58,115.93,0.839,-1,-1,-1
75,22,613.91,430.35,27.36,67.20,0.663,-1,-1,-1
75,24,103.92,438.24,51.36,139.61,0.796,-1,-1,-1
75,25,484.85,425.72,43.17,124.48,0.750,-1,-1,-1
75,26,527.74,429.34,28.89,92.10,0.702,-1,-1,-1
76,2,900.20,427.36,65.09,163.61,0.875,-1,-1,-1
76,3,1381.69,349.61,200.29,576.13,0.904,-1,-1,-1
76,6,-0.63,434.04,76.61,204.91,0.811,-1,-1,-1
76,7,759.37,422.65,38.49,116.32,0.773,-1,-1,-1
76,8,693.62,426.35,28.07,87.66,0.602,-1,-1,-1
76,9,1220.38,431.09,42.11,121.32,0.716,-1,-1,-1
76,10,53.42,426.05,71.83,190.60,0.810,-1,-1,-1
76,11,709.67,431.06,32.32,109.68,0.759,-1,-1,-1
76,18,1792.34,300.71,127.77,351.23,0.633,-1,-1,-1
76,20,830.30,418.51,38.72,116.08,0.842,-1,-1,-1
76,22,613.16,430.47,26.93,66.35,0.721,-1,-1,-1
76,24,101.09,435.69,51.96,140.92,0.796,-1,-1,-1
76,25,483.92,427.54,42.14,121.68,0.759,-1,-1,-1
76,26,527.90,429.43,28.38,90.34,0.754,-1,-1,-1
77,2,896.40,427.76,65.78,164.93,0.867,-1,-1,-1
77,3,1391.63,347.06,201.45,585.85,0.882,-1,-1,-1
77,6,-4.30,433.43,77.00,207.46,0.840,-1,-1,-1
77,7,758.76,423.64,38.15,116.13,0.780,-1,-1,-1
77,8,693.28,427.51,27.80,87.70,0.577,-1,-1,-1
77,9,1220.45,432.48,41.49,121.07,0.785,-1,-1,-1
77,10,49.20,421.86,74.01,195.11,0.848,-1,-1,-1
77,11,708.91,432.35,32.35,109.56,0.784,-1,-1,-1
77,18,1791.73,300.49,129.86,357.15,0.856,-1,-1,-1
77,20,829.70,419.46,38.99,116.75,0.848,-1,-1,-1
77,22,612.60,432.85,26.36,65.09,0.747,-1,-1,-1
77,24,98.78,434.92,52.88,143.21,0.803,-1,-1,-1
77,25,481.91,426.13,42.30,122.75,0.769,-1,-1,-1
77,26,527.84,429.72,28.73,91.34,0.754,-1,-1,-1
78,2,891.62,427.26,66.30,166.03,0.843,-1,-1,-1
78,3,1402.17,343.99,201.82,596.59,0.895,-1,-1,-1
78,6,-9.03,432.13,76.22,208.97,0.840,-1,-1,-1
78,7,756.27,423.50,37.82,116.07,0.787,-1,-1,-1
78,8,690.83,427.58,27.55,88.02,0.606,-1,-1,-1
78,9,1218.83,433.37,40.98,121.28,0.810,-1,-1,-1
78,10,43.88,420.21,75.63,197.93,0.820,-1,-1,-1
78,11,706.43,432.11,32.48,109.68,0.783,-1,-1,-1
78,18,1790.31,300.71,131.10,360.89,0.883,-1,-1,-1
78,20,827.30,419.20,39.28,117.42,0.855,-1,-1,-1
78,22,610.47,432.95,26.22,65.09,0.720,-1,-1,-1
78,24,94.66,434.15,53.32,143.71,0.833,-1,-1,-1
78,25,477.34,421.79,43.34,126.43,0.744,-1,-1,-1
78,26,526.60,429.16,29.03,92.15,0.734,-1,-1,-1
79,2,888.06,428.55,66.52,165.82,0.862,-1,-1,-1
79,3,1413.90,344.40,200.93,604.21,0.901,-1,-1,-1
79,6,-11.53,432.17,74.93,209.30,0.829,-1,-1,-1
79,7,753.46,424.04,37.72,116.18,0.771,-1,-1,-1
79,8,688.36,427.96,27.77,89.34,0.505,-1,-1,-1
79,9,1217.47,435.54,40.42,120.80,0.769,-1,-1,-1
79,10,37.57,421.50,75.44,196.46,0.819,-1,-1,-1
79,11,703.08,432.68,32.82,110.12,0.780,-1,-1,-1
79,18,1792.95,304.05,130.35,361.13,0.794,-1,-1,-1
79,20,824.92,419.92,39.62,118.59,0.850,-1,-1,-1
79,22,607.98,433.65,26.15,65.26,0.702,-1,-1,-1
79,24,90.86,435.50,53.55,143.64,0.816,-1,-1,-1
79,25,472.62,424.06,43.05,125.73,0.751,-1,-1,-1
79,26,525.33,429.61,29.48,93.42,0.731,-1,-1,-1
80,2,883.26,427.70,66.75,166.24,0.838,-1,-1,-1
80,3,1430.03,342.72,203.81,622.01,0.861,-1,-1,-1
80,6,-16.08,428.60,72.35,207.25,0.752,-1,-1,-1
80,7,750.87,422.18,37.70,116.50,0.819,-1,-1,-1
80,8,685.68,425.30,27.82,90.10,0.558,-1,-1,-1
80,9,1216.78,434.66,40.34,121.35,0.769,-1,-1,-1
80,10,29.02,418.23,75.48,195.98,0.821,-1,-1,-1
80,11,700.48,429.53,32.81,109.80,0.748,-1,-1,-1
80,18,1793.32,307.04,130.47,362.43,0.841,-1,-1,-1
80,20,823.20,416.89,40.11,120.06,0.854,-1,-1,-1
80,22,605.61,431.93,25.71,64.18,0.737,-1,-1,-1
80,24,86.77,433.76,53.85,143.39,0.850,-1,-1,-1
80,25,467.97,420.90,43.23,126.22,0.779,-1,-1,-1
80,26,524.18,425.87,29.64,93.89,0.738,-1,-1,-1
81,2,879.24,427.36,66.44,165.77,0.846,-1,-1,-1
81,3,1442.71,342.29,206.38,640.08,0.887,-1,-1,-1
81,6,-19.35,426.79,70.05,205.16,0.591,-1,-1,-1
81,7,747.82,420.45,37.82,116.60,0.782,-1,-1,-1
81,8,684.04,423.46,27.46,89.73,0.596,-1,-1,-1
81,9,1215.76,433.12,40.15,121.56,0.774,-1,-1,-1
81,10,23.09,416.73,75.99,195.67,0.846,-1,-1,-1
81,11,698.67,427.69,32.68,109.20,0.757,-1,-1,-1
81,18,1793.12,306.92,130.17,362.97,0.855,-1,-1,-1
81,20,822.07,414.61,40.24,120.57,0.849,-1,-1,-1
81,22,603.67,430.40,25.58,64.02,0.717,-1,-1,-1
81,24,83.70,431.42,54.56,144.51,0.829,-1,-1,-1
81,25,463.84,418.76,43.03,125.97,0.791,-1,-1,-1
81,26,523.11,423.22,29.92,94.73,0.739,-1,-1,-1
82,2,875.96,426.65,66.09,165.17,0.853,-1,-1,-1
82,3,1457.28,342.61,208.57,654.96,0.896,-1,-1,-1
82,6,-20.89,428.20,65.59,198.82,0.705,-1,-1,-1
82,7,745.22,418.07,38.06,117.03,0.785,-1,-1,-1
82,8,682.27,421.16,27.00,89.39,0.584,-1,-1,-1
82,9,1215.08,431.38,39.81,120.98,0.779,-1,-1,-1
82,10,18.69,415.37,76.63,195.61,0.843,-1,-1,-1
82,11,696.87,425.16,32.99,109.90,0.805,-1,-1,-1
82,18,1793.77,306.98,129.57,362.81,0.841,-1,-1,-1
82,20,821.04,412.49,40.20,120.58,0.859,-1,-1,-1
82,22,601.93,427.57,25.72,64.74,0.728,-1,-1,-1
82,24,81.18,430.31,54.30,142.93,0.844,-1,-1,-1
82,25,461.21,417.04,42.76,125.16,0.792,-1,-1,-1
82,26,522.46,420.46,29.89,94.69,0.705,-1,-1,-1
83,2,872.38,426.14,65.65,164.65,0.846,-1,-1,-1
83,3,1477.03,342.27,212.00,667.61,0.912,-1,-1,-1
83,6,-22.57,429.90,62.89,195.41,0.541,-1,-1,-1
83,7,742.09,416.27,38.48,116.93,0.823,-1,-1,-1
83,8,680.84,419.55,26.55,88.73,0.596,-1,-1,-1
83,9,1214.06,429.30,39.56,120.84,0.807,-1,-1,-1
83,10,12.97,410.92,77.84,197.82,0.810,-1,-1,-1
83,11,694.53,422.93,33.23,110.80,0.780,-1,-1,-1
83,18,1794.33,307.03,128.95,362.42,0.873,-1,-1,-1
83,20,819.65,410.79,40.32,121.01,0.857,-1,-1,-1
83,22,600.15,425.51,25.57,64.76,0.711,-1,-1,-1
83,24,78.43,428.51,54.73,143.45,0.864,-1,-1,-1
83,25,458.11,415.20,42.48,124.51,0.773,-1,-1,-1
83,26,521.91,421.35,29.01,91.58,0.704,-1,-1,-1
84,2,868.79,425.12,64.95,163.71,0.851,-1,-1,-1
84,3,1498.11,341.80,217.77,680.14,0.904,-1,-1,-1
84,7,739.51,415.18,39.18,117.42,0.814,-1,-1,-1
84,8,679.02,418.20,26.14,87.99,0.619,-1,-1,-1
84,9,1213.40,427.89,39.30,120.12,0.780,-1,-1,-1
84,10,6.85,409.00,78.70,199.30,0.847,-1,-1,-1
84,11,692.09,421.16,33.37,111.40,0.777,-1,-1,-1
84,18,1795.21,304.57,128.95,364.58,0.813,-1,-1,-1
84,20,818.29,409.93,40.31,120.89,0.840,-1,-1,-1
84,22,598.03,423.93,25.40,64.68,0.704,-1,-1,-1
84,24,75.53,426.77,54.64,142.57,0.854,-1,-1,-1
84,25,454.80,414.48,41.39,121.18,0.785,-1,-1,-1
84,26,521.00,421.93,28.61,89.76,0.689,-1,-1,-1
85,2,864.69,423.97,64.77,163.76,0.833,-1,-1,-1
85,3,1521.93,339.91,228.70,706.69,0.892,-1,-1,-1
85,7,735.42,414.84,39.34,116.94,0.788,-1,-1,-1
85,8,676.30,417.27,26.31,89.33,0.397,-1,-1,-1
85,9,1212.01,426.05,39.23,120.42,0.797,-1,-1,-1
85,10,-0.20,408.77,79.37,200.96,0.867,-1,-1,-1
85,11,688.59,420.27,33.65,112.42,0.770,-1,-1,-1
85,18,1798.31,302.94,128.16,364.87,0.766,-1,-1,-1
85,20,816.52,409.20,40.60,121.44,0.863,-1,-1,-1
85,22,594.79,423.08,25.42,64.94,0.715,-1,-1,-1
85,24,70.98,425.87,54.95,142.52,0.850,-1,-1,-1
85,25,449.67,414.70,41.73,121.21,0.774,-1,-1,-1
85,26,519.42,424.58,28.45,88.32,0.678,-1,-1,-1
85,27,1847.31,480.53,77.96,419.74,0.758,-1,-1,-1
86,2,863.36,422.63,64.26,162.94,0.809,-1,-1,-1
86,3,1535.91,337.95,237.54,726.77,0.889,-1,-1,-1
86,7,734.52,414.28,39.31,116.47,0.772,-1,-1,-1
86,8,676.81,416.54,25.99,88.95,0.291,-1,-1,-1
86,9,1213.17,425.97,38.79,119.30,0.815,-1,-1,-1
86,10,-2.45,403.71,80.56,204.83,0.863,-1,-1,-1
86,11,687.99,419.17,33.67,112.39,0.768,-1,-1,-1
86,18,1805.65,317.59,122.58,350.61,0.567,-1,-1,-1
86,20,817.49,409.01,40.54,120.94,0.874,-1,-1,-1
86,22,594.11,422.66,25.47,64.71,0.692,-1,-1,-1
86,24,70.61,424.82,54.82,140.93,0.860,-1,-1,-1
86,25,447.84,414.32,42.10,121.15,0.706,-1,-1,-1
86,26,519.87,423.99,29.21,89.66,0.703,-1,-1,-1
86,27,1846.02,440.03,85.73,463.75,0.816,-1,-1,-1
87,2,860.32,421.36,63.85,162.17,0.840,-1,-1,-1
87,3,1543.01,334.04,243.34,740.17,0.887,-1,-1,-1
87,7,731.48,414.06,39.25,116.75,0.789,-1,-1,-1
87,8,675.17,416.01,26.23,90.87,0.408,-1,-1,-1
87,9,1212.46,425.01,38.88,119.89,0.809,-1,-1,-1
87,10,-5.36,402.80,80.79,207.32,0.856,-1,-1,-1
87,11,685.42,418.42,34.04,112.95,0.795,-1,-1,-1
87,18,1805.91,311.14,123.73,356.75,0.647,-1,-1,-1
87,20,816.43,409.03,40.92,121.55,0.861,-1,-1,-1
87,22,592.50,422.07,25.72,65.32,0.745,-1,-1,-1
87,24,68.70,426.27,54.21,138.22,0.848,-1,-1,-1
87,25,442.97,411.89,42.33,121.37,0.571,-1,-1,-1
87,26,519.21,423.40,30.04,91.04,0.652,-1,-1,-1
87,27,1848.46,417.65,89.08,485.57,0.764,-1,-1,-1
88,2,857.07,420.48,63.83,162.02,0.845,-1,-1,-1
88,3,1547.63,333.27,245.02,745.21,0.882,-1,-1,-1
88,7,729.62,414.51,39.13,116.59,0.776,-1,-1,-1
88,8,674.00,416.41,26.23,91.62,0.193,-1,-1,-1
88,9,1212.05,425.52,38.85,119.98,0.790,-1,-1,-1
88,10,-6.30,402.98,79.77,206.80,0.857,-1,-1,-1
88,11,683.18,417.81,34.48,113.73,0.805,-1,-1,-1
88,18,1809.60,314.61,122.00,354.17,0.324,-1,-1,-1
88,20,816.35,409.67,41.19,121.62,0.842,-1,-1,-1
88,22,591.39,422.26,25.47,64.63,0.758,-1,-1,-1
88,24,67.35,426.35,53.33,135.32,0.592,-1,-1,-1
88,25,437.42,411.25,42.44,120.50,0.478,-1,-1,-1
88,26,519.43,423.89,30.14,89.84,0.573,-1,-1,-1
88,27,1849.11,406.76,90.47,497.53,0.729,-1,-1,-1
89,2,856.30,418.76,63.68,162.41,0.817,-1,-1,-1
89,3,1560.84,325.98,245.09,749.47,0.867,-1,-1,-1
89,7,732.92,413.52,33.64,98.13,0.620,-1,-1,-1
89,9,1213.85,424.63,38.68,119.52,0.621,-1,-1,-1
89,10,-6.33,402.73,76.74,201.32,0.833,-1,-1,-1
89,11,682.26,418.04,34.58,113.94,-1.000,-1,-1,-1
89,20,816.88,408.72,40.98,121.02,0.768,-1,-1,-1
89,22,592.84,421.26,24.97,63.69,0.293,-1,-1,-1
89,24,70.59,423.88,46.64,115.15,0.699,-1,-1,-1
89,25,435.51,406.16,44.74,126.92,0.105,-1,-1,-1
89,26,520.28,422.01,29.99,88.79,0.254,-1,-1,-1
89,27,1849.22,398.52,91.49,508.60,0.761,-1,-1,-1
90,2,852.28,420.28,64.47,164.11,0.821,-1,-1,-1
90,3,1592.90,318.76,245.52,758.29,0.891,-1,-1,-1
90,7,727.99,415.43,37.36,110.12,0.787,-1,-1,-1
90,9,1214.36,426.36,38.95,120.80,0.819,-1,-1,-1
90,10,-9.94,408.58,74.59,200.25,0.874,-1,-1,-1
90,11,681.34,418.28,34.68,114.14,0.795,-1,-1,-1
90,13,326.48,423.21,24.44,74.00,0.627,-1,-1,-1
90,20,817.68,410.55,41.47,122.27,0.842,-1,-1,-1
90,22,591.50,424.20,24.98,63.11,0.752,-1,-1,-1
90,24,69.49,428.06,40.05,96.04,0.749,-1,-1,-1
90,25,429.28,408.70,34.01,93.27,0.720,-1,-1,-1
90,26,521.64,423.72,30.53,88.95,0.653,-1,-1,-1
90,27,1847.14,396.44,92.68,518.91,0.659,-1,-1,-1
91,2,852.69,418.01,65.19,165.94,0.820,-1,-1,-1
91,3,1620.53,310.10,247.38,768.77,0.821,-1,-1,-1
91,7,728.47,414.19,38.29,112.97,0.742,-1,-1,-1
91,9,1217.16,425.23,38.85,120.45,0.776,-1,-1,-1
91,10,-9.53,408.68,73.91,201.75,0.766,-1,-1,-1
91,11,682.64,416.22,35.18,115.64,0.737,-1,-1,-1
91,13,329.39,420.22,26.17,77.83,0.217,-1,-1,-1
91,20,820.02,409.12,41.33,122.06,0.816,-1,-1,-1
91,22,593.53,421.57,25.67,64.76,0.572,-1,-1,-1
91,25,430.10,409.78,28.47,76.44,0.597,-1,-1,-1
91,26,525.23,422.67,29.86,86.53,0.357,-1,-1,-1
91,27,1851.62,392.81,84.56,474.94,0.525,-1,-1,-1
92,2,852.45,419.34,65.14,165.50,0.833,-1,-1,-1
92,3,1652.90,304.37,249.76,774.33,0.873,-1,-1,-1
92,7,728.05,414.46,38.74,115.23,0.747,-1,-1,-1
92,9,1219.51,425.70,38.92,120.81,0.795,-1,-1,-1
92,10,-11.31,412.32,72.80,201.61,0.617,-1,-1,-1
92,11,682.78,416.38,35.26,115.75,0.792,-1,-1,-1
92,13,328.02,419.84,28.13,83.49,0.550,-1,-1,-1
92,20,822.17,408.64,41.47,122.42,0.834,-1,-1,-1
92,22,594.89,421.77,25.86,65.03,0.717,-1,-1,-1
92,25,428.08,408.78,27.27,71.89,0.707,-1,-1,-1
92,26,527.35,422.77,29.67,85.26,0.635,-1,-1,-1
92,27,1856.15,396.76,76.56,432.75,0.625,-1,-1,-1
92,28,-4.15,218.69,244.30,264.83,0.801,-1,-1,-1
93,2,853.17,420.25,63.98,162.97,0.813,-1,-1,-1
93,3,1674.90,297.97,250.67,780.74,0.919,-1,-1,-1
93,7,728.46,413.13,39.22,116.77,0.707,-1,-1,-1
93,9,1222.41,424.85,38.78,120.66,0.753,-1,-1,-1
93,10,-11.75,414.74,69.27,193.39,0.354,-1,-1,-1
93,11,683.66,414.81,35.31,116.09,0.703,-1,-1,-1
93,13,328.47,418.69,28.32,83.20,0.151,-1,-1,-1
93,20,824.85,407.28,41.33,122.38,0.800,-1,-1,-1
93,22,596.57,421.67,25.50,64.05,0.589,-1,-1,-1
93,25,428.44,410.04,25.59,67.17,0.474,-1,-1,-1
93,26,529.49,422.18,29.26,83.58,0.341,-1,-1,-1
93,28,-11.98,213.71,247.46,268.79,-1.000,-1,-1,-1
94,2,855.66,417.98,63.44,161.83,0.782,-1,-1,-1
94,3,1693.46,293.21,248.01,782.38,0.924,-1,-1,-1
94,7,730.18,409.86,39.08,117.76,0.741,-1,-1,-1
94,9,1226.40,422.15,38.77,120.82,0.792,-1,-1,-1
94,10,-4.21,418.10,54.12,150.15,0.631,-1,-1,-1
94,11,685.63,410.83,35.05,115.11,0.768,-1,-1,-1
94,13,329.81,415.28,30.00,87.14,0.395,-1,-1,-1
94,20,828.31,403.33,41.59,123.48,0.798,-1,-1,-1
94,22,599.17,418.74,25.33,63.41,0.711,-1,-1,-1
94,25,429.17,406.08,25.76,67.00,0.630,-1,-1,-1
94,26,534.31,416.54,29.78,84.66,0.703,-1,-1,-1
94,28,-19.82,208.74,250.62,272.75,-1.000,-1,-1,-1
95,2,854.07,413.33,63.62,162.54,0.805,-1,-1,-1
95,3,1715.96,284.23,243.31,787.73,0.899,-1,-1,-1
95,7,727.93,404.41,39.06,118.37,0.773,-1,-1,-1
95,9,1229.26,416.47,38.91,121.24,0.792,-1,-1,-1
95,11,685.94,406.22,35.01,115.20,0.810,-1,-1,-1
95,13,328.29,409.72,30.90,89.50,0.763,-1,-1,-1
95,20,829.48,397.15,42.03,125.93,0.805,-1,-1,-1
95,22,600.25,413.51,25.49,63.78,0.712,-1,-1,-1
95,25,424.73,401.62,26.32,67.08,0.765,-1,-1,-1
95,26,539.55,412.06,27.75,78.80,0.673,-1,-1,-1
95,28,-27.66,203.76,253.78,276.71,0.792,-1,-1,-1
96,2,851.79,410.48,63.24,162.37,0.791,-1,-1,-1
96,3,1733.40,284.50,236.04,790.54,0.903,-1,-1,-1
96,7,725.38,400.81,39.40,119.43,0.794,-1,-1,-1
96,9,1229.95,413.07,38.79,120.70,0.774,-1,-1,-1
96,11,685.55,402.97,34.99,114.96,0.776,-1,-1,-1
96,13,326.80,407.10,30.97,89.55,0.558,-1,-1,-1
96,20,829.71,393.69,41.83,126.38,0.746,-1,-1,-1
96,22,599.96,410.88,25.28,63.42,0.606,-1,-1,-1
96,25,421.95,399.07,26.10,65.95,0.642,-1,-1,-1
96,26,541.16,408.97,28.11,80.04,0.705,-1,-1,-1
96,28,-38.43,196.79,260.71,285.06,0.155,-1,-1,-1
96,29,758.02,401.72,27.67,97.31,0.642,-1,-1,-1
97,2,848.73,406.93,63.33,162.47,0.808,-1,-1,-1
97,3,1753.07,314.14,221.66,760.55,0.787,-1,-1,-1
97,7,725.35,396.63,39.51,120.12,0.786,-1,-1,-1
97,9,1231.79,409.09,39.20,122.04,0.788,-1,-1,-1
97,11,686.28,399.87,35.00,114.76,0.811,-1,-1,-1
97,13,325.85,402.32,31.58,91.89,0.707,-1,-1,-1
97,20,830.77,389.87,42.06,128.25,0.737,-1,-1,-1
97,21,284.27,419.48,18.88,55.24,0.580,-1,-1,-1
97,22,601.35,407.91,25.08,62.69,0.676,-1,-1,-1
97,25,419.41,395.63,26.55,66.31,0.701,-1,-1,-1
97,26,545.09,406.02,26.94,76.27,0.739,-1,-1,-1
97,29,757.63,397.96,29.55,103.88,0.684,-1,-1,-1
98,2,846.45,404.97,63.36,162.97,0.749,-1,-1,-1
98,3,1771.08,350.96,206.10,723.44,0.712,-1,-1,-1
98,7,724.54,395.40,39.32,119.96,0.799,-1,-1,-1
98,9,1232.97,407.03,39.48,123.04,0.781,-1,-1,-1
98,11,686.04,397.67,35.28,115.20,0.828,-1,-1,-1
98,13,324.73,400.73,31.83,93.31,0.708,-1,-1,-1
98,20,831.23,388.52,41.77,128.69,0.669,-1,-1,-1
98,21,285.21,418.69,18.82,55.46,0.565,-1,-1,-1
98,22,601.46,406.58,25.17,62.97,0.661,-1,-1,-1
98,25,415.40,393.68,27.75,67.85,0.791,-1,-1,-1
98,26,547.70,405.60,26.15,73.15,0.706,-1,-1,-1
98,29,757.13,396.71,30.29,106.43,0.728,-1,-1,-1
99,2,843.35,402.99,63.37,162.48,0.820,-1,-1,-1
99,3,1787.91,371.81,170.43,602.35,0.718,-1,-1,-1
99,7,722.29,394.29,39.11,119.61,0.805,-1,-1,-1
99,9,1232.74,405.40,39.79,123.93,0.804,-1,-1,-1
99,11,685.05,396.85,35.44,115.36,0.812,-1,-1,-1
99,13,322.86,399.33,31.67,93.37,0.686,-1,-1,-1
99,20,830.68,387.96,40.40,125.44,0.544,-1,-1,-1
99,21,284.81,417.46,18.72,55.52,0.620,-1,-1,-1
99,22,600.87,405.30,25.13,62.82,0.702,-1,-1,-1
99,25,410.65,392.10,28.63,68.49,0.788,-1,-1,-1
99,26,548.14,402.99,26.48,73.41,0.731,-1,-1,-1
99,29,755.35,395.50,30.83,108.13,0.737,-1,-1,-1
100,2,842.09,399.48,63.77,163.37,0.812,-1,-1,-1
100,3,1796.22,376.42,149.67,537.39,0.863,-1,-1,-1
100,7,722.96,392.01,39.26,120.21,0.774,-1,-1,-1
100,9,1235.90,402.44,40.24,125.30,0.805,-1,-1,-1
100,11,686.27,394.95,35.62,115.53,0.782,-1,-1,-1
100,13,322.79,397.51,31.58,92.96,0.423,-1,-1,-1
100,20,832.40,386.33,39.57,123.52,0.351,-1,-1,-1
100,21,285.90,413.24,19.48,57.57,0.329,-1,-1,-1
100,22,602.15,403.32,25.14,62.90,0.629,-1,-1,-1
100,25,408.07,390.71,29.09,68.41,0.712,-1,-1,-1
100,26,550.49,401.70,26.15,71.55,0.751,-1,-1,-1
100,29,756.22,393.13,31.23,109.28,0.728,-1,-1,-1
101,2,836.36,398.37,64.41,163.62,0.838,-1,-1,-1
101,3,1793.70,375.52,143.33,520.25,0.880,-1,-1,-1
101,7,721.35,391.43,39.33,120.74,0.744,-1,-1,-1
101,9,1236.20,401.81,40.32,125.44,0.800,-1,-1,-1
101,11,685.08,394.04,35.83,115.59,0.763,-1,-1,-1
101,13,320.48,397.52,31.31,92.41,0.529,-1,-1,-1
101,20,832.20,386.19,38.16,119.40,0.118,-1,-1,-1
101,21,284.89,410.80,20.12,59.34,0.598,-1,-1,-1
101,22,601.62,403.66,24.82,62.12,0.455,-1,-1,-1
101,25,405.18,393.17,28.27,66.15,0.668,-1,-1,-1
101,26,549.60,399.47,26.97,73.47,0.643,-1,-1,-1
101,29,755.38,392.72,31.38,109.59,0.731,-1,-1,-1
102,2,832.70,397.68,64.81,163.76,0.836,-1,-1,-1
102,3,1789.64,375.67,141.14,515.92,0.898,-1,-1,-1
102,7,718.92,391.65,38.93,119.58,0.754,-1,-1,-1
102,9,1235.85,402.14,40.69,125.98,0.791,-1,-1,-1
102,11,683.16,394.24,35.86,115.36,0.760,-1,-1,-1
102,13,314.79,397.66,31.11,91.15,0.510,-1,-1,-1
102,20,831.81,385.84,35.61,111.46,0.129,-1,-1,-1
102,21,283.33,409.44,20.51,60.15,0.538,-1,-1,-1
102,22,600.19,402.45,24.97,62.81,0.668,-1,-1,-1
102,25,400.99,392.24,28.85,67.27,0.725,-1,-1,-1
102,26,548.64,399.05,27.12,73.24,0.704,-1,-1,-1
102,29,754.26,392.14,31.51,109.67,0.762,-1,-1,-1
103,2,829.31,391.70,66.46,168.11,0.781,-1,-1,-1
103,3,1780.93,372.34,142.62,519.41,0.905,-1,-1,-1
103,7,716.93,389.27,39.29,120.38,0.738,-1,-1,-1
103,9,1235.83,399.99,40.53,124.99,0.761,-1,-1,-1
103,11,681.05,392.46,36.18,116.15,0.708,-1,-1,-1
103,13,310.10,395.88,31.11,90.86,0.267,-1,-1,-1
103,20,832.73,384.90,34.40,107.08,-1.000,-1,-1,-1
103,21,282.23,406.94,20.43,59.80,0.199,-1,-1,-1
103,22,599.44,399.83,25.09,63.11,0.218,-1,-1,-1
103,25,399.44,392.29,28.02,64.95,0.479,-1,-1,-1
103,26,548.32,397.40,26.62,71.54,0.529,-1,-1,-1
103,29,752.80,389.82,31.71,110.01,0.682,-1,-1,-1
104,2,824.43,389.86,67.33,171.61,0.809,-1,-1,-1
104,3,1766.75,373.24,146.14,522.58,0.909,-1,-1,-1
104,7,715.72,391.04,38.54,119.35,0.776,-1,-1,-1
104,9,1234.32,400.80,40.92,125.75,0.812,-1,-1,-1
104,11,679.42,394.39,36.33,115.79,0.786,-1,-1,-1
104,13,308.08,398.13,29.99,88.11,0.244,-1,-1,-1
104,20,833.65,383.97,33.18,102.71,-1.000,-1,-1,-1
104,21,278.34,408.02,20.84,61.02,0.399,-1,-1,-1
104,22,597.53,401.95,24.71,62.25,0.672,-1,-1,-1
104,25,391.91,394.29,27.69,63.97,0.109,-1,-1,-1
104,26,546.76,397.73,27.13,72.51,0.662,-1,-1,-1
104,29,750.50,391.64,31.76,109.85,0.704,-1,-1,-1
105,2,822.46,385.86,68.23,175.41,0.823,-1,-1,-1
105,3,1745.04,376.19,153.95,527.61,0.932,-1,-1,-1
105,7,716.08,389.89,38.28,119.73,0.787,-1,-1,-1
105,9,1236.83,400.33,41.32,126.40,0.792,-1,-1,-1
105,11,679.83,393.83,36.70,116.63,0.789,-1,-1,-1
105,13,308.09,397.47,30.32,89.16,-1.000,-1,-1,-1
105,20,834.57,383.04,31.96,98.33,-1.000,-1,-1,-1
105,21,277.01,406.44,20.91,61.39,0.432,-1,-1,-1
105,22,597.47,399.81,24.99,63.46,0.723,-1,-1,-1
105,25,385.20,395.15,26.62,62.06,0.523,-1,-1,-1
105,26,548.10,396.25,27.65,73.46,0.751,-1,-1,-1
105,29,751.12,391.34,31.58,108.65,0.737,-1,-1,-1
106,2,819.54,386.07,67.96,175.96,0.792,-1,-1,-1
106,3,1727.74,380.20,161.00,526.72,0.937,-1,-1,-1
106,7,713.83,390.43,38.26,120.27,0.775,-1,-1,-1
106,9,1235.58,400.79,41.74,127.12,0.802,-1,-1,-1
106,11,677.49,394.19,36.96,116.98,0.772,-1,-1,-1
106,13,308.11,396.80,30.65,90.21,-1.000,-1,-1,-1
106,20,835.49,382.11,30.75,93.96,-1.000,-1,-1,-1
106,21,274.00,405.87,21.27,62.48,0.319,-1,-1,-1
106,22,594.99,400.19,25.03,64.10,0.593,-1,-1,-1
106,25,378.64,395.95,26.66,62.71,0.502,-1,-1,-1
106,26,547.57,397.34,28.07,73.97,0.743,-1,-1,-1
106,29,748.96,392.44,31.51,108.02,0.737,-1,-1,-1
107,2,817.64,388.03,66.71,174.11,0.775,-1,-1,-1
107,3,1717.20,383.76,167.91,526.26,0.937,-1,-1,-1
107,7,713.51,390.10,37.90,120.10,0.766,-1,-1,-1
107,9,1235.07,401.61,41.75,126.82,0.823,-1,-1,-1
107,11,676.35,393.20,37.43,117.21,0.799,-1,-1,-1
107,13,308.13,396.14,30.98,91.26,-1.000,-1,-1,-1
107,20,836.41,381.18,29.53,89.59,-1.000,-1,-1,-1
107,21,272.32,404.89,21.18,62.18,0.374,-1,-1,-1
107,22,593.73,398.60,25.22,65.10,0.660,-1,-1,-1
107,25,377.00,396.96,26.29,61.44,0.534,-1,-1,-1
107,26,547.91,395.12,28.95,76.25,0.769,-1,-1,-1
107,29,747.86,392.53,31.50,107.76,0.705,-1,-1,-1
108,2,816.71,387.89,66.04,173.46,0.751,-1,-1,-1
108,3,1711.82,386.43,174.23,525.97,0.940,-1,-1,-1
108,7,712.86,388.59,37.78,120.59,0.754,-1,-1,-1
108,9,1235.59,400.90,42.32,127.35,0.834,-1,-1,-1
108,11,675.34,392.00,37.44,115.84,0.809,-1,-1,-1
108,13,308.15,395.47,31.32,92.31,0.627,-1,-1,-1
108,20,837.33,380.24,28.31,85.21,-1.000,-1,-1,-1
108,21,271.12,402.30,21.35,63.01,0.395,-1,-1,-1
108,22,592.65,395.87,25.68,67.00,0.678,-1,-1,-1
108,25,373.05,390.36,29.09,67.30,0.730,-1,-1,-1
108,26,548.03,393.68,29.33,76.96,0.782,-1,-1,-1
108,29,747.32,391.45,31.50,107.64,0.698,-1,-1,-1
108,30,348.72,402.93,23.53,55.96,0.672,-1,-1,-1
109,2,814.67,383.64,67.34,178.19,0.716,-1,-1,-1
109,3,1708.85,386.41,180.59,529.05,0.940,-1,-1,-1
109,7,711.54,388.45,37.60,120.90,0.744,-1,-1,-1
109,9,1235.45,401.04,42.77,127.60,0.825,-1,-1,-1
109,11,673.82,392.07,37.56,114.87,0.811,-1,-1,-1
109,13,308.72,398.04,30.28,89.91,0.610,-1,-1,-1
109,20,838.25,379.31,27.10,80.84,-1.000,-1,-1,-1
109,21,269.29,402.95,21.34,62.64,0.115,-1,-1,-1
109,22,591.01,396.16,25.56,67.06,0.698,-1,-1,-1
109,25,369.34,391.28,28.94,66.70,0.641,-1,-1,-1
109,26,547.58,394.90,29.34,76.72,0.783,-1,-1,-1
109,29,745.68,391.60,31.59,107.76,0.682,-1,-1,-1
109,30,346.59,402.88,23.65,56.17,0.691,-1,-1,-1
110,2,813.48,395.18,61.71,163.83,0.767,-1,-1,-1
110,3,1709.38,385.47,185.30,531.19,0.926,-1,-1,-1
110,7,709.04,387.72,37.05,120.50,0.756,-1,-1,-1
110,9,1235.31,399.83,43.29,128.00,0.832,-1,-1,-1
110,11,671.55,391.37,38.15,115.78,0.764,-1,-1,-1
110,13,306.99,400.33,29.88,88.39,0.622,-1,-1,-1
110,20,839.17,378.38,25.88,76.47,0.501,-1,-1,-1
110,21,267.29,403.45,21.15,62.26,0.189,-1,-1,-1
110,22,589.14,395.81,25.48,66.91,0.789,-1,-1,-1
110,25,364.40,389.67,29.95,68.62,0.733,-1,-1,-1
110,26,546.84,393.30,30.17,78.52,0.776,-1,-1,-1
110,29,744.69,390.57,31.73,107.86,0.724,-1,-1,-1
110,30,342.26,402.58,23.72,56.35,0.658,-1,-1,-1
111,2,811.76,397.06,59.88,160.11,0.754,-1,-1,-1
111,3,1710.48,382.60,188.81,533.15,0.909,-1,-1,-1
111,7,707.15,386.91,36.85,119.93,0.759,-1,-1,-1
111,9,1235.48,399.03,43.14,127.07,0.738,-1,-1,-1
111,11,670.27,390.47,38.74,116.99,0.768,-1,-1,-1
111,13,305.56,398.26,30.88,91.01,0.457,-1,-1,-1
111,20,840.85,377.71,25.70,73.92,0.298,-1,-1,-1
111,22,588.96,395.64,25.10,66.07,0.687,-1,-1,-1
111,25,361.21,389.70,29.78,67.87,0.509,-1,-1,-1
111,26,547.69,394.94,29.86,77.48,0.681,-1,-1,-1
111,29,743.97,389.42,31.90,108.14,0.631,-1,-1,-1
111,30,339.43,399.46,24.24,57.66,0.398,-1,-1,-1
111,31,48.29,400.48,49.08,81.23,0.715,-1,-1,-1
112,2,810.69,395.06,60.46,162.34,0.826,-1,-1,-1
112,3,1710.51,380.09,191.90,534.20,0.915,-1,-1,-1
112,7,705.89,386.49,36.83,120.36,0.750,-1,-1,-1
112,9,1235.85,398.59,43.08,126.46,0.716,-1,-1,-1
112,11,669.30,389.94,39.08,117.60,0.734,-1,-1,-1
112,13,303.60,396.54,31.69,93.41,0.219,-1,-1,-1
112,20,845.78,377.03,25.16,71.83,0.401,-1,-1,-1
112,22,588.27,395.51,24.88,65.85,0.723,-1,-1,-1
112,25,357.22,390.30,29.73,67.09,0.439,-1,-1,-1
112,26,547.17,391.69,31.86,82.78,0.754,-1,-1,-1
112,29,743.14,388.95,31.96,108.06,0.619,-1,-1,-1
112,30,336.86,396.12,25.14,59.86,0.156,-1,-1,-1
112,31,41.55,400.21,55.11,91.23,0.427,-1,-1,-1
113,2,808.96,394.40,60.25,163.15,0.833,-1,-1,-1
113,3,1713.83,375.21,192.43,529.84,0.922,-1,-1,-1
113,7,705.83,386.66,36.77,121.47,0.773,-1,-1,-1
113,9,1237.64,397.81,43.44,127.18,0.749,-1,-1,-1
113,11,670.03,390.20,39.50,117.93,0.818,-1,-1,-1
113,13,302.59,394.89,32.60,96.53,0.525,-1,-1,-1
113,20,843.83,377.81,37.05,108.22,0.570,-1,-1,-1
113,22,588.39,395.76,25.01,66.35,0.770,-1,-1,-1
113,25,352.77,390.28,31.62,69.38,0.717,-1,-1,-1
113,26,548.57,393.41,32.10,82.95,0.766,-1,-1,-1
113,29,743.83,389.25,31.88,107.59,0.674,-1,-1,-1
113,30,336.19,395.82,24.97,59.57,0.293,-1,-1,-1
113,31,30.08,400.42,77.91,129.87,0.850,-1,-1,-1
114,2,809.61,393.55,60.27,163.86,0.822,-1,-1,-1
114,3,1717.67,372.05,191.94,526.34,0.913,-1,-1,-1
114,7,707.87,386.45,36.63,121.95,0.744,-1,-1,-1
114,9,1240.76,396.92,43.53,127.42,0.740,-1,-1,-1
114,11,671.98,390.24,39.41,117.62,0.759,-1,-1,-1
114,13,304.13,394.82,32.60,95.94,0.542,-1,-1,-1
114,20,846.06,377.73,40.67,121.36,0.628,-1,-1,-1
114,22,590.36,395.81,25.01,66.52,0.734,-1,-1,-1
114,25,351.74,390.67,32.18,69.08,0.658,-1,-1,-1
114,26,551.05,392.83,32.82,84.69,0.751,-1,-1,-1
114,29,745.22,389.00,31.71,107.53,0.615,-1,-1,-1
114,30,337.66,395.31,24.48,58.50,0.216,-1,-1,-1
114,31,27.92,399.64,85.28,143.30,0.822,-1,-1,-1
115,2,812.31,396.97,59.72,162.88,0.850,-1,-1,-1
115,3,1722.34,367.79,190.76,527.43,0.797,-1,-1,-1
115,7,710.80,389.82,36.40,121.32,0.743,-1,-1,-1
115,9,1246.62,398.19,43.59,127.57,0.775,-1,-1,-1
115,11,675.36,393.81,39.50,116.96,0.771,-1,-1,-1
115,13,308.15,398.96,32.81,95.65,0.585,-1,-1,-1
115,20,850.79,381.24,42.89,130.06,0.675,-1,-1,-1
115,22,594.90,398.76,25.15,67.05,0.723,-1,-1,-1
115,25,352.39,394.58,33.34,69.81,0.712,-1,-1,-1
115,26,556.68,397.27,34.67,89.65,0.756,-1,-1,-1
115,29,750.64,391.47,32.06,107.99,0.686,-1,-1,-1
115,31,32.05,402.81,89.21,151.40,0.837,-1,-1,-1
116,2,813.58,398.19,59.00,161.07,0.813,-1,-1,-1
116,3,1718.89,366.37,190.24,535.31,0.851,-1,-1,-1
116,7,713.32,390.58,36.02,119.79,0.745,-1,-1,-1
116,9,1250.72,399.03,43.56,127.48,0.685,-1,-1,-1
116,11,677.06,394.33,39.77,116.61,0.738,-1,-1,-1
116,13,309.15,399.24,33.24,96.36,0.318,-1,-1,-1
116,20,854.33,382.17,44.07,135.33,0.697,-1,-1,-1
116,22,598.19,400.12,25.13,66.96,-1.000,-1,-1,-1
116,25,353.24,397.08,32.64,67.37,0.547,-1,-1,-1
116,26,560.77,398.74,34.67,89.93,0.494,-1,-1,-1
116,29,754.03,391.78,32.12,107.62,0.630,-1,-1,-1
116,31,33.95,402.23,89.58,153.74,0.829,-1,-1,-1
117,2,816.42,399.68,59.37,161.37,0.710,-1,-1,-1
117,3,1716.71,365.05,190.15,541.89,0.689,-1,-1,-1
117,7,716.73,391.22,31.92,103.67,0.587,-1,-1,-1
117,9,1255.07,399.62,43.21,126.50,0.244,-1,-1,-1
117,11,680.39,396.29,39.68,116.26,-1.000,-1,-1,-1
117,13,319.38,399.99,33.16,96.22,-1.000,-1,-1,-1
117,20,857.09,382.16,45.75,140.71,0.199,-1,-1,-1
117,22,601.48,401.48,25.11,66.87,-1.000,-1,-1,-1
117,25,355.73,399.87,31.32,65.02,0.340,-1,-1,-1
117,26,564.85,399.50,35.47,92.09,-1.000,-1,-1,-1
117,29,757.68,392.57,30.26,100.42,0.203,-1,-1,-1
117,31,36.82,403.35,89.71,155.53,0.771,-1,-1,-1
118,2,817.94,402.54,59.92,162.25,0.828,-1,-1,-1
118,3,1712.88,367.09,189.43,545.90,0.825,-1,-1,-1
118,7,716.91,393.73,36.18,116.99,0.768,-1,-1,-1
118,9,1257.93,402.73,43.00,125.52,0.700,-1,-1,-1
118,11,683.72,398.24,39.58,115.90,0.735,-1,-1,-1
118,13,329.61,400.73,33.08,96.08,-1.000,-1,-1,-1
118,20,858.18,383.36,46.42,142.84,0.828,-1,-1,-1
118,22,604.77,402.84,25.09,66.77,0.508,-1,-1,-1
118,25,358.72,402.61,30.70,64.19,0.318,-1,-1,-1
118,26,568.92,400.26,36.26,94.24,0.618,-1,-1,-1
118,29,760.73,395.31,31.59,104.15,0.629,-1,-1,-1
118,31,43.70,407.03,87.55,153.86,0.825,-1,-1,-1
119,2,824.80,402.04,59.53,161.03,0.846,-1,-1,-1
119,3,1708.68,368.73,191.39,551.72,0.820,-1,-1,-1
119,7,725.13,393.29,36.57,118.12,0.719,-1,-1,-1
119,9,1266.96,402.05,43.52,126.95,0.676,-1,-1,-1
119,11,691.45,396.99,39.65,116.14,0.774,-1,-1,-1
119,13,339.84,401.48,33.00,95.94,-1.000,-1,-1,-1
119,20,866.48,383.07,46.29,142.47,0.839,-1,-1,-1
119,22,614.17,402.83,24.79,65.42,0.555,-1,-1,-1
119,25,365.23,402.70,29.96,62.42,0.162,-1,-1,-1
119,26,577.90,399.54,35.99,93.76,0.666,-1,-1,-1
119,29,769.19,394.47,32.27,105.58,0.680,-1,-1,-1
119,31,55.82,405.97,84.75,151.18,0.832,-1,-1,-1
120,2,832.28,402.20,59.45,161.17,0.784,-1,-1,-1
120,3,1709.97,369.33,194.65,556.98,0.857,-1,-1,-1
120,7,733.50,393.54,37.10,119.29,0.389,-1,-1,-1
120,9,1276.87,401.27,43.66,127.34,0.521,-1,-1,-1
120,11,700.71,397.16,39.61,115.92,0.103,-1,-1,-1
120,13,350.08,402.23,32.92,95.80,-1.000,-1,-1,-1
120,20,875.46,383.06,46.67,144.24,0.543,-1,-1,-1
120,22,631.12,402.62,25.05,65.99,-1.000,-1,-1,-1
120,25,372.72,403.63,28.53,59.55,0.232,-1,-1,-1
120,26,589.52,401.83,35.45,92.35,0.242,-1,-1,-1
120,29,780.22,395.11,29.86,96.97,0.345,-1,-1,-1
120,31,67.42,407.27,82.46,149.30,0.802,-1,-1,-1
121,2,853.08,400.53,59.63,161.19,0.847,-1,-1,-1
121,3,1719.92,372.42,197.18,559.62,0.930,-1,-1,-1
121,7,755.78,393.87,37.67,120.09,0.793,-1,-1,-1
121,9,1303.25,399.30,44.48,129.61,0.828,-1,-1,-1
121,11,722.53,396.84,39.54,116.26,0.781,-1,-1,-1
121,13,360.31,402.98,32.84,95.66,0.643,-1,-1,-1
121,20,899.72,381.46,46.80,144.23,0.874,-1,-1,-1
121,22,648.06,402.41,25.31,66.55,0.741,-1,-1,-1
121,25,398.61,403.80,30.29,63.07,0.641,-1,-1,-1
121,26,614.55,400.23,36.12,94.44,0.734,-1,-1,-1
121,29,804.40,394.63,32.17,103.49,0.770,-1,-1,-1
121,31,97.43,410.52,79.93,147.19,0.837,-1,-1,-1
122,2,858.14,397.59,59.87,162.13,0.849,-1,-1,-1
122,3,1720.23,374.92,197.61,558.45,0.925,-1,-1,-1
122,7,763.62,391.64,37.97,120.98,0.766,-1,-1,-1
122,9,1313.67,397.14,45.14,131.37,0.793,-1,-1,-1
122,11,729.88,394.54,39.46,116.59,0.752,-1,-1,-1
122,13,369.34,400.47,32.95,95.16,0.678,-1,-1,-1
122,20,908.40,378.81,47.40,145.47,0.878,-1,-1,-1
122,22,657.05,400.43,25.28,66.17,0.694,-1,-1,-1
122,25,404.93,400.12,31.66,66.09,0.614,-1,-1,-1
122,26,623.86,397.22,36.34,95.40,0.681,-1,-1,-1
122,29,812.86,392.94,32.99,105.04,0.762,-1,-1,-1
122,31,110.88,409.73,76.75,143.93,0.861,-1,-1,-1
122,32,39.99,413.96,40.24,99.25,0.560,-1,-1,-1
123,2,862.89,394.23,59.84,162.62,0.814,-1,-1,-1
123,3,1719.21,374.77,198.94,560.78,0.921,-1,-1,-1
123,7,769.21,389.21,38.39,121.80,0.770,-1,-1,-1
123,9,1322.58,395.04,45.19,131.39,0.730,-1,-1,-1
123,11,735.69,391.60,39.70,118.03,0.736,-1,-1,-1
123,13,376.06,398.14,33.14,95.67,0.609,-1,-1,-1
123,20,915.17,376.57,47.76,146.00,0.866,-1,-1,-1
123,22,664.23,397.32,25.83,67.28,0.690,-1,-1,-1
123,25,411.33,397.35,32.29,67.19,0.633,-1,-1,-1
123,26,631.77,394.38,36.58,96.32,0.610,-1,-1,-1
123,29,819.52,390.66,33.65,106.19,0.752,-1,-1,-1
123,31,120.28,407.38,74.46,142.01,0.839,-1,-1,-1
123,32,48.48,410.88,40.02,98.63,0.640,-1,-1,-1
124,2,865.94,391.76,59.65,162.67,0.830,-1,-1,-1
124,3,1721.06,373.19,199.66,564.45,0.916,-1,-1,-1
124,7,772.74,387.32,38.63,122.13,0.631,-1,-1,-1
124,9,1328.75,392.80,45.41,131.94,0.652,-1,-1,-1
124,10,-3.88,416.42,68.85,194.06,0.607,-1,-1,-1
124,11,740.12,390.23,38.94,116.56,0.607,-1,-1,-1
124,13,381.31,395.56,33.24,96.54,0.709,-1,-1,-1
124,20,920.36,374.76,48.11,146.28,0.886,-1,-1,-1
124,22,669.82,395.15,25.98,67.74,0.702,-1,-1,-1
124,25,417.11,395.16,32.83,67.79,0.629,-1,-1,-1
124,26,637.03,391.70,36.89,97.83,0.698,-1,-1,-1
124,29,825.56,388.97,34.04,107.09,0.708,-1,-1,-1
124,31,127.91,405.50,72.56,140.92,0.832,-1,-1,-1
124,32,55.75,408.89,39.86,98.29,0.572,-1,-1,-1
125,2,872.56,388.26,60.15,163.41,0.835,-1,-1,-1
125,3,1726.45,370.73,199.51,569.09,0.920,-1,-1,-1
125,7,776.56,383.88,38.64,121.98,0.771,-1,-1,-1
125,9,1337.30,389.82,45.76,132.43,0.729,-1,-1,-1
125,10,-0.23,412.48,68.91,195.96,0.809,-1,-1,-1
125,11,745.59,388.66,38.05,114.88,0.652,-1,-1,-1
125,13,387.11,391.94,33.49,97.72,0.712,-1,-1,-1
125,20,927.78,372.21,47.99,145.41,0.882,-1,-1,-1
125,22,676.39,393.04,25.58,66.76,0.737,-1,-1,-1
125,25,423.41,391.42,33.65,68.66,0.639,-1,-1,-1
125,26,643.77,387.99,37.36,99.66,0.764,-1,-1,-1
125,29,832.73,385.94,34.07,107.04,0.750,-1,-1,-1
125,31,136.44,401.65,70.79,139.55,0.834,-1,-1,-1
125,32,63.23,405.18,39.93,98.44,0.608,-1,-1,-1
126,2,886.80,385.31,59.94,162.65,0.813,-1,-1,-1
126,3,1744.68,364.01,189.39,547.07,0.913,-1,-1,-1
126,7,787.49,380.51,37.79,119.89,0.680,-1,-1,-1
126,9,1354.00,385.45,46.25,133.86,0.617,-1,-1,-1
126,10,4.88,394.01,74.77,213.96,0.834,-1,-1,-1
126,11,758.88,385.78,37.27,113.38,0.488,-1,-1,-1
126,13,401.99,389.34,33.55,98.44,0.521,-1,-1,-1
126,20,943.43,369.21,48.07,145.45,0.883,-1,-1,-1
126,22,692.07,390.42,25.28,66.19,0.599,-1,-1,-1
126,25,437.47,389.79,32.91,67.22,0.117,-1,-1,-1
126,26,659.25,384.76,37.20,99.72,0.705,-1,-1,-1
126,29,847.52,381.29,34.40,108.14,0.564,-1,-1,-1
126,31,153.56,399.13,68.44,136.70,0.841,-1,-1,-1
126,32,78.68,403.42,39.77,98.17,0.508,-1,-1,-1
127,2,892.13,385.30,59.70,162.11,0.795,-1,-1,-1
127,3,1753.16,359.59,184.58,543.64,0.897,-1,-1,-1
127,7,788.96,379.00,38.05,121.23,0.782,-1,-1,-1
127,9,1361.21,384.25,46.63,134.93,0.792,-1,-1,-1
127,10,5.07,384.80,78.65,222.97,0.862,-1,-1,-1
127,11,763.74,385.64,36.62,112.96,0.709,-1,-1,-1
127,13,407.41,389.92,32.49,96.46,0.699,-1,-1,-1
127,20,949.00,368.72,48.23,145.37,0.854,-1,-1,-1
127,22,697.94,388.46,25.38,66.96,0.712,-1,-1,-1
127,25,440.53,388.29,32.49,67.06,0.623,-1,-1,-1
127,26,665.10,382.46,37.42,100.85,0.774,-1,-1,-1
127,29,854.56,380.08,34.27,107.89,0.803,-1,-1,-1
127,31,161.80,397.11,67.93,138.17,0.865,-1,-1,-1
127,32,86.47,401.64,39.92,98.87,0.648,-1,-1,-1
128,2,899.63,384.51,60.02,161.65,0.828,-1,-1,-1
128,3,1761.94,352.93,182.56,552.18,0.903,-1,-1,-1
128,7,793.35,377.23,38.48,122.44,0.791,-1,-1,-1
128,9,1370.37,382.87,46.84,135.10,0.711,-1,-1,-1
128,10,6.63,379.44,81.55,227.76,0.849,-1,-1,-1
128,11,770.40,384.55,36.27,112.80,0.643,-1,-1,-1
128,13,415.77,388.21,32.75,96.95,0.706,-1,-1,-1
128,20,956.86,367.52,48.54,145.96,0.873,-1,-1,-1
128,22,705.68,387.58,25.23,66.56,0.708,-1,-1,-1
128,25,446.63,384.04,33.68,70.15,0.607,-1,-1,-1
128,26,672.94,380.49,37.75,102.40,0.764,-1,-1,-1
128,29,862.56,378.25,34.57,108.77,0.759,-1,-1,-1
128,31,171.83,395.02,67.32,138.89,0.871,-1,-1,-1
128,32,94.60,400.01,39.75,98.70,0.635,-1,-1,-1
129,2,906.76,384.94,60.14,161.23,0.823,-1,-1,-1
129,3,1766.96,346.72,179.96,558.50,0.899,-1,-1,-1
129,7,799.02,376.78,38.65,123.08,0.788,-1,-1,-1
129,9,1379.42,381.73,47.60,136.89,0.751,-1,-1,-1
129,10,8.04,376.95,84.48,231.01,0.876,-1,-1,-1
129,11,777.89,385.27,35.73,112.42,0.672,-1,-1,-1
129,13,423.26,387.07,33.18,98.04,0.684,-1,-1,-1
129,20,964.33,367.15,48.99,146.91,0.881,-1,-1,-1
129,22,713.42,387.67,25.11,66.58,0.758,-1,-1,-1
129,25,452.40,383.84,33.34,69.88,0.589,-1,-1,-1
129,26,680.95,380.10,37.47,102.25,0.781,-1,-1,-1
129,29,870.73,377.71,34.54,108.42,0.793,-1,-1,-1
129,31,181.38,394.87,66.20,138.75,0.863,-1,-1,-1
129,32,103.05,400.47,39.54,98.47,0.693,-1,-1,-1
130,2,912.63,384.18,60.35,161.12,0.812,-1,-1,-1
130,3,1769.86,341.75,175.64,558.01,0.898,-1,-1,-1
130,7,803.18,375.94,38.69,122.41,0.828,-1,-1,-1
130,9,1387.62,380.57,47.77,137.35,0.833,-1,-1,-1
130,10,8.80,374.00,87.32,232.64,0.893,-1,-1,-1
130,11,784.03,384.45,35.14,111.49,0.702,-1,-1,-1
130,13,428.99,385.45,33.13,98.24,0.693,-1,-1,-1
130,20,970.38,365.78,49.41,147.38,0.863,-1,-1,-1
130,22,720.25,386.24,25.07,66.67,0.717,-1,-1,-1
130,25,461.24,382.15,34.07,70.63,0.666,-1,-1,-1
130,26,687.54,378.21,37.24,102.14,0.752,-1,-1,-1
130,29,877.49,376.18,34.50,108.02,0.805,-1,-1,-1
130,31,189.77,393.23,65.31,138.55,0.860,-1,-1,-1
130,32,110.05,399.35,39.30,98.26,0.680,-1,-1,-1
131,2,927.80,381.12,60.44,161.59,0.804,-1,-1,-1
131,3,1777.88,336.32,172.96,563.97,0.880,-1,-1,-1
131,7,815.95,374.33,39.37,123.30,0.810,-1,-1,-1
131,9,1405.80,378.36,47.97,137.72,0.812,-1,-1,-1
131,10,17.81,368.77,88.69,233.71,0.748,-1,-1,-1
131,11,798.83,381.13,35.30,112.02,0.171,-1,-1,-1
131,13,445.48,381.11,34.40,101.76,0.615,-1,-1,-1
131,20,985.67,361.93,50.44,150.40,0.853,-1,-1,-1
131,22,731.36,385.34,25.13,66.88,-1.000,-1,-1,-1
131,25,476.29,379.89,32.77,68.14,0.215,-1,-1,-1
131,26,704.11,375.26,37.41,102.49,0.592,-1,-1,-1
131,29,893.84,375.04,34.16,106.94,0.656,-1,-1,-1
131,31,206.91,390.04,65.40,140.47,0.808,-1,-1,-1
131,32,126.70,396.40,38.99,97.57,0.361,-1,-1,-1
132,2,934.00,381.51,60.20,161.12,0.796,-1,-1,-1
132,3,1770.04,335.50,171.89,567.63,0.850,-1,-1,-1
132,7,820.35,375.14,39.66,122.91,0.802,-1,-1,-1
132,9,1414.29,379.92,48.33,138.72,0.826,-1,-1,-1
132,10,19.96,368.53,90.45,235.23,0.873,-1,-1,-1
132,11,804.41,381.71,34.98,112.15,0.549,-1,-1,-1
132,13,451.95,382.93,33.96,100.38,0.665,-1,-1,-1
132,20,992.30,361.80,50.83,151.20,0.875,-1,-1,-1
132,22,742.47,384.44,25.19,67.09,0.623,-1,-1,-1
132,25,485.75,382.43,32.67,67.80,0.559,-1,-1,-1
132,26,710.03,375.48,37.69,104.17,0.754,-1,-1,-1
132,29,900.17,374.52,34.71,108.52,0.797,-1,-1,-1
132,31,216.73,391.35,64.06,138.67,0.834,-1,-1,-1
132,32,133.54,396.92,38.75,97.24,0.712,-1,-1,-1
133,2,940.96,379.56,59.42,159.05,0.809,-1,-1,-1
133,3,1757.80,335.50,172.64,571.80,0.918,-1,-1,-1
133,7,825.86,374.07,39.95,122.49,0.833,-1,-1,-1
133,9,1422.99,378.29,48.77,139.63,0.829,-1,-1,-1
133,10,25.71,367.50,91.69,233.46,0.894,-1,-1,-1
133,11,811.79,381.55,34.76,112.04,0.477,-1,-1,-1
133,13,457.14,381.88,33.50,99.92,0.521,-1,-1,-1
133,20,999.61,359.75,51.02,151.71,0.887,-1,-1,-1
133,22,749.29,382.94,24.94,66.62,0.727,-1,-1,-1
133,25,493.18,380.50,33.27,68.53,0.634,-1,-1,-1
133,26,717.54,374.47,36.99,103.10,0.832,-1,-1,-1
133,29,908.32,373.13,34.61,108.31,0.713,-1,-1,-1
133,31,227.06,389.98,63.40,137.97,0.882,-1,-1,-1
133,32,140.37,394.78,38.76,97.34,0.798,-1,-1,-1
134,2,947.85,376.21,59.59,159.19,0.796,-1,-1,-1
134,3,1750.88,336.18,171.72,566.82,0.905,-1,-1,-1
134,7,833.26,371.77,40.18,122.28,0.807,-1,-1,-1
134,9,1432.94,376.29,48.92,139.83,0.842,-1,-1,-1
134,10,30.46,364.26,92.84,233.28,0.898,-1,-1,-1
134,11,818.90,379.03,34.39,111.92,0.514,-1,-1,-1
134,13,465.47,379.35,33.82,99.79,0.660,-1,-1,-1
134,20,1007.55,356.58,51.57,153.31,0.875,-1,-1,-1
134,22,756.52,380.12,24.81,66.54,0.699,-1,-1,-1
134,25,500.65,376.93,33.88,69.26,0.646,-1,-1,-1
134,26,725.30,371.91,36.43,102.15,0.775,-1,-1,-1
134,29,915.91,370.40,34.66,108.51,0.759,-1,-1,-1
134,31,236.34,388.24,62.09,135.96,0.871,-1,-1,-1
134,32,148.36,390.87,39.15,98.57,0.727,-1,-1,-1
134,33,104.53,388.66,25.61,64.58,0.656,-1,-1,-1
135,2,952.46,372.48,60.03,160.35,0.816,-1,-1,-1
135,3,1749.60,337.96,166.34,544.01,0.907,-1,-1,-1
135,7,838.90,369.84,40.54,122.34,0.790,-1,-1,-1
135,9,1441.22,373.82,49.12,140.04,0.853,-1,-1,-1
135,10,35.36,361.16,94.01,233.17,0.871,-1,-1,-1
135,11,825.41,375.92,34.21,112.14,0.450,-1,-1,-1
135,13,472.49,375.83,34.16,100.09,0.374,-1,-1,-1
135,20,1014.90,353.38,51.96,154.13,0.883,-1,-1,-1
135,22,762.60,376.97,24.82,67.07,0.729,-1,-1,-1
135,25,507.09,372.45,34.81,70.95,0.685,-1,-1,-1
135,26,731.85,369.73,36.14,101.93,0.750,-1,-1,-1
135,29,921.88,367.92,34.71,109.01,0.737,-1,-1,-1
135,31,244.61,385.66,60.80,133.97,0.875,-1,-1,-1
135,32,154.46,387.90,39.02,98.23,0.736,-1,-1,-1
135,33,112.36,386.24,25.87,65.31,0.678,-1,-1,-1
136,2,960.26,367.38,60.68,161.44,0.828,-1,-1,-1
136,3,1751.61,338.77,165.65,539.77,0.906,-1,-1,-1
136,7,848.48,365.12,39.24,116.35,0.739,-1,-1,-1
136,9,1453.24,371.15,49.36,140.46,0.792,-1,-1,-1
136,10,41.05,354.56,95.44,234.54,0.863,-1,-1,-1
136,11,829.35,374.02,34.09,112.01,-1.000,-1,-1,-1
136,13,480.08,369.76,34.85,102.00,0.636,-1,-1,-1
136,20,1024.89,347.89,52.56,156.06,0.883,-1,-1,-1
136,22,771.50,372.35,24.38,66.01,0.710,-1,-1,-1
136,25,516.52,365.58,35.55,72.35,0.679,-1,-1,-1
136,26,741.38,365.46,35.77,101.34,0.761,-1,-1,-1
136,29,929.91,362.63,34.88,109.96,0.752,-1,-1,-1
136,31,254.33,379.26,60.55,134.26,0.850,-1,-1,-1
136,32,164.11,380.90,39.03,98.46,0.752,-1,-1,-1
136,33,122.08,380.03,25.71,65.03,0.622,-1,-1,-1
137,2,962.05,364.44,60.97,161.93,0.817,-1,-1,-1
137,3,1752.22,339.97,165.33,539.39,0.904,-1,-1,-1
137,7,851.65,360.73,40.40,119.11,0.813,-1,-1,-1
137,9,1459.11,368.08,49.72,141.04,0.837,-1,-1,-1
137,10,42.49,350.58,96.47,235.08,0.876,-1,-1,-1
137,11,833.29,372.12,33.96,111.88,-1.000,-1,-1,-1
137,13,484.90,366.29,35.13,101.53,0.518,-1,-1,-1
137,20,1029.95,345.32,52.74,156.27,0.896,-1,-1,-1
137,22,775.76,369.13,24.35,66.34,0.763,-1,-1,-1
137,25,519.27,360.77,36.61,73.56,0.730,-1,-1,-1
137,26,745.29,361.99,36.01,102.46,0.764,-1,-1,-1
137,29,934.31,360.06,34.09,107.86,0.746,-1,-1,-1
137,31,260.45,374.37,60.14,134.03,0.871,-1,-1,-1
137,32,168.28,376.56,39.07,98.85,0.759,-1,-1,-1
137,33,127.72,376.11,25.52,64.70,0.695,-1,-1,-1
138,2,965.60,361.84,61.54,161.72,0.856,-1,-1,-1
138,3,1756.15,339.37,165.38,543.38,0.905,-1,-1,-1
138,7,855.83,358.04,40.52,118.50,0.756,-1,-1,-1
138,9,1465.67,365.52,50.06,141.43,0.826,-1,-1,-1
138,10,44.47,348.36,97.36,235.60,0.885,-1,-1,-1
138,11,837.22,370.23,33.84,111.74,-1.000,-1,-1,-1
138,13,488.34,364.71,34.74,100.06,0.604,-1,-1,-1
138,20,1035.45,342.60,52.89,156.57,0.893,-1,-1,-1
138,22,780.39,366.40,24.10,66.12,0.729,-1,-1,-1
138,25,524.46,357.14,37.22,74.76,0.786,-1,-1,-1
138,26,749.71,359.01,35.99,102.76,0.777,-1,-1,-1
138,29,939.46,357.57,33.65,107.69,0.748,-1,-1,-1
138,31,265.86,370.91,59.53,133.73,0.851,-1,-1,-1
138,32,172.68,373.70,39.29,99.74,0.728,-1,-1,-1
138,33,132.72,373.68,25.11,63.78,0.658,-1,-1,-1
138,34,559.01,370.56,22.52,52.74,0.608,-1,-1,-1
139,2,967.60,361.84,61.64,160.15,0.858,-1,-1,-1
139,3,1760.53,336.23,165.21,549.45,0.903,-1,-1,-1
139,7,858.26,357.33,41.13,118.32,0.794,-1,-1,-1
139,9,1470.95,362.85,50.64,142.85,0.842,-1,-1,-1
139,10,45.06,347.71,97.98,236.01,0.893,-1,-1,-1
139,11,841.16,368.33,33.72,111.61,-1.000,-1,-1,-1
139,13,490.98,362.68,34.99,100.45,0.555,-1,-1,-1
139,20,1039.27,341.21,53.21,156.91,0.900,-1,-1,-1
139,22,783.57,364.42,24.05,66.42,0.731,-1,-1,-1
139,25,528.32,355.51,37.69,75.08,0.795,-1,-1,-1
139,26,753.48,358.05,35.63,101.81,0.781,-1,-1,-1
139,29,942.97,356.03,33.39,107.67,0.670,-1,-1,-1
139,31,270.50,369.52,58.46,131.99,0.851,-1,-1,-1
139,32,175.73,372.24,39.22,99.75,0.740,-1,-1,-1
139,33,135.82,372.40,24.66,62.82,0.675,-1,-1,-1
139,34,563.47,367.95,22.84,53.51,0.477,-1,-1,-1
140,2,969.01,361.91,61.86,159.43,0.853,-1,-1,-1
140,3,1765.08,334.00,164.47,556.10,0.908,-1,-1,-1
140,7,859.31,357.16,41.20,117.72,0.657,-1,-1,-1
140,9,1475.29,361.66,51.09,143.48,0.843,-1,-1,-1
140,10,45.73,347.16,98.48,235.91,0.883,-1,-1,-1
140,11,845.10,366.43,33.60,111.48,-1.000,-1,-1,-1
140,13,491.34,361.31,34.44,99.69,0.358,-1,-1,-1
140,20,1042.83,340.59,53.36,156.65,0.896,-1,-1,-1
140,22,786.43,363.45,23.64,65.54,0.675,-1,-1,-1
140,25,532.86,355.48,37.29,73.69,0.611,-1,-1,-1
140,26,756.32,356.97,35.49,101.86,0.757,-1,-1,-1
140,29,945.86,354.75,33.49,108.67,0.580,-1,-1,-1
140,31,274.47,368.08,57.81,131.50,0.835,-1,-1,-1
140,32,178.65,371.68,38.74,98.59,0.758,-1,-1,-1
140,33,139.41,371.29,24.68,63.01,0.700,-1,-1,-1
140,34,567.57,365.78,23.01,53.97,0.382,-1,-1,-1
141,2,972.71,361.36,61.53,158.01,0.824,-1,-1,-1
141,3,1774.93,327.20,164.28,569.33,0.882,-1,-1,-1
141,7,864.09,354.66,41.75,119.09,0.616,-1,-1,-1
141,9,1484.17,358.23,51.45,144.36,0.829,-1,-1,-1
141,10,47.83,346.95,99.05,236.55,0.884,-1,-1,-1
141,11,849.03,364.54,33.47,111.35,-1.000,-1,-1,-1
141,13,496.56,360.61,34.62,100.05,0.643,-1,-1,-1
141,20,1050.57,339.15,53.91,157.77,0.899,-1,-1,-1
141,22,792.21,361.62,23.66,66.02,0.565,-1,-1,-1
141,25,541.69,352.77,38.52,75.14,0.713,-1,-1,-1
141,26,762.71,355.04,35.84,102.84,0.749,-1,-1,-1
141,29,952.21,352.85,32.97,107.74,0.666,-1,-1,-1
141,31,280.25,366.22,58.12,133.62,0.830,-1,-1,-1
141,32,184.88,371.58,38.48,98.64,0.761,-1,-1,-1
141,33,144.56,370.48,24.36,62.44,0.719,-1,-1,-1
142,2,974.36,360.78,61.94,158.37,0.800,-1,-1,-1
142,3,1780.82,323.98,162.58,578.72,0.863,-1,-1,-1
142,7,866.73,351.95,42.77,122.40,0.694,-1,-1,-1
142,9,1489.53,357.60,51.64,144.22,0.798,-1,-1,-1
142,10,49.46,346.66,99.54,236.98,0.871,-1,-1,-1
142,11,852.97,362.64,33.35,111.22,-1.000,-1,-1,-1
142,13,499.51,358.53,34.91,101.38,0.571,-1,-1,-1
142,20,1055.35,338.87,54.43,158.56,0.894,-1,-1,-1
142,22,795.90,361.42,23.54,65.73,0.667,-1,-1,-1
142,25,547.58,353.51,38.53,73.75,0.776,-1,-1,-1
142,26,766.20,354.34,35.99,103.33,0.765,-1,-1,-1
142,29,956.68,351.99,30.48,99.67,0.628,-1,-1,-1
142,31,285.05,365.86,57.11,132.85,0.829,-1,-1,-1
142,32,189.84,371.57,38.22,98.61,0.689,-1,-1,-1
142,33,148.21,370.13,24.21,62.29,0.713,-1,-1,-1
143,2,975.05,361.35,62.47,158.83,0.829,-1,-1,-1
143,3,1787.43,321.24,160.12,588.30,0.864,-1,-1,-1
143,7,870.01,352.52,42.91,124.70,0.749,-1,-1,-1
143,9,1494.14,358.01,52.06,145.09,0.802,-1,-1,-1
143,10,50.64,349.43,99.67,236.58,0.867,-1,-1,-1
143,11,856.91,360.74,33.23,111.09,0.634,-1,-1,-1
143,13,501.43,360.97,34.62,101.13,0.593,-1,-1,-1
143,20,1058.92,340.38,55.03,159.27,0.893,-1,-1,-1
143,22,799.54,363.28,23.66,66.29,0.679,-1,-1,-1
143,25,553.11,357.27,37.50,72.16,0.428,-1,-1,-1
143,26,769.21,355.79,35.95,103.23,0.764,-1,-1,-1
143,29,961.00,353.20,29.41,95.45,0.661,-1,-1,-1
143,31,289.51,368.04,56.58,133.49,0.843,-1,-1,-1
143,32,193.16,373.15,38.28,99.29,0.681,-1,-1,-1
143,33,151.43,372.21,24.53,63.46,0.712,-1,-1,-1
144,2,976.44,360.37,62.86,159.48,0.781,-1,-1,-1
144,3,1795.71,318.56,156.36,595.22,0.854,-1,-1,-1
144,7,873.36,354.38,42.16,123.97,0.763,-1,-1,-1
144,9,1499.80,357.42,52.14,144.77,0.828,-1,-1,-1
144,10,53.00,350.30,100.20,236.81,0.855,-1,-1,-1
144,11,860.20,361.16,32.25,109.98,0.665,-1,-1,-1
144,13,503.38,362.41,33.91,100.31,0.526,-1,-1,-1
144,20,1063.61,339.80,55.68,160.27,0.906,-1,-1,-1
144,22,802.45,363.57,23.64,66.28,0.635,-1,-1,-1
144,25,557.09,357.30,38.14,72.66,0.513,-1,-1,-1
144,26,773.06,356.49,35.86,103.07,0.775,-1,-1,-1
144,29,965.42,352.93,27.93,90.39,0.640,-1,-1,-1
144,31,293.92,368.88,55.64,132.46,0.844,-1,-1,-1
144,32,197.67,373.87,37.93,99.40,0.709,-1,-1,-1
144,33,154.93,372.78,24.78,64.45,0.708,-1,-1,-1
145,2,981.19,360.33,62.99,159.95,0.812,-1,-1,-1
145,3,1802.98,318.35,151.81,600.53,0.859,-1,-1,-1
145,7,877.03,357.80,41.04,121.48,0.638,-1,-1,-1
145,9,1505.66,358.43,52.29,144.85,0.792,-1,-1,-1
145,10,54.82,352.09,100.64,236.88,0.861,-1,-1,-1
145,11,862.64,361.79,32.26,111.03,0.478,-1,-1,-1
145,13,506.34,364.23,33.60,100.03,0.278,-1,-1,-1
145,20,1068.54,340.23,56.26,161.14,0.892,-1,-1,-1
145,22,806.02,364.67,23.27,65.55,0.527,-1,-1,-1
145,25,561.29,356.46,39.76,74.87,0.689,-1,-1,-1
145,26,777.28,357.92,35.76,102.54,0.699,-1,-1,-1
145,29,967.50,353.54,30.56,99.58,0.604,-1,-1,-1
145,31,298.03,371.05,55.33,132.52,0.825,-1,-1,-1
145,32,202.34,375.86,37.48,99.14,0.725,-1,-1,-1
145,33,158.63,374.37,24.96,65.13,0.722,-1,-1,-1
146,2,987.57,362.13,63.23,161.04,0.834,-1,-1,-1
146,3,1809.03,321.80,147.02,601.77,0.834,-1,-1,-1
146,7,881.07,359.48,41.07,121.55,0.731,-1,-1,-1
146,9,1514.09,361.75,52.29,144.75,0.340,-1,-1,-1
146,10,56.01,355.98,101.21,238.66,0.842,-1,-1,-1
146,11,868.81,363.88,32.20,112.21,0.151,-1,-1,-1
146,13,512.57,365.91,34.57,103.40,0.128,-1,-1,-1
146,20,1076.56,340.25,57.58,165.12,0.890,-1,-1,-1
146,22,812.14,366.68,23.70,67.06,0.596,-1,-1,-1
146,25,568.00,358.97,40.87,76.39,0.489,-1,-1,-1
146,26,783.12,360.63,36.31,104.33,0.698,-1,-1,-1
146,29,973.78,356.31,30.63,100.53,0.454,-1,-1,-1
146,31,305.64,374.97,55.25,133.63,0.824,-1,-1,-1
146,32,209.57,380.56,36.95,98.42,0.531,-1,-1,-1
146,33,165.55,378.25,25.18,66.36,0.678,-1,-1,-1
147,2,991.22,361.96,63.59,161.65,0.829,-1,-1,-1
147,3,1801.87,322.26,142.88,594.90,0.848,-1,-1,-1
147,7,884.48,359.77,41.19,122.47,0.768,-1,-1,-1
147,9,1521.18,361.57,52.78,145.76,0.583,-1,-1,-1
147,10,58.81,356.70,101.64,238.73,0.874,-1,-1,-1
147,11,872.99,364.60,32.07,113.68,0.384,-1,-1,-1
147,13,516.82,367.21,34.05,102.41,0.111,-1,-1,-1
147,20,1082.82,340.85,57.63,164.84,0.894,-1,-1,-1
147,22,817.53,366.96,23.62,67.21,0.600,-1,-1,-1
147,25,574.89,357.77,42.59,77.74,0.711,-1,-1,-1
147,26,788.19,360.89,36.87,105.51,0.768,-1,-1,-1
147,29,977.78,356.63,30.79,101.60,0.304,-1,-1,-1
147,31,313.09,376.73,53.88,131.74,0.847,-1,-1,-1
147,32,215.13,381.23,36.30,97.46,0.726,-1,-1,-1
147,33,170.70,379.05,24.74,65.54,0.731,-1,-1,-1
147,35,-0.71,396.90,48.57,168.33,0.777,-1,-1,-1
148,2,995.06,360.92,63.85,161.84,0.826,-1,-1,-1
148,3,1794.87,322.18,141.87,597.58,0.856,-1,-1,-1
148,7,888.08,359.09,41.41,122.89,0.708,-1,-1,-1
148,9,1529.43,360.25,52.78,145.81,0.688,-1,-1,-1
148,10,61.26,356.54,102.37,239.59,0.853,-1,-1,-1
148,13,522.00,366.38,34.43,104.01,0.330,-1,-1,-1
148,20,1089.50,338.98,57.95,165.95,0.873,-1,-1,-1
148,22,822.55,366.14,22.89,65.11,0.370,-1,-1,-1
148,25,582.56,358.62,42.11,76.22,0.541,-1,-1,-1
148,26,792.95,360.65,36.77,105.47,0.568,-1,-1,-1
148,29,983.00,355.85,29.43,97.34,0.304,-1,-1,-1
148,31,318.94,377.83,52.41,128.65,0.835,-1,-1,-1
148,32,220.95,381.07,36.15,97.57,0.476,-1,-1,-1
148,33,176.65,378.87,24.22,64.06,0.527,-1,-1,-1
148,35,-0.06,394.89,52.66,182.76,0.843,-1,-1,-1
149,2,998.58,360.95,64.10,162.12,0.830,-1,-1,-1
149,3,1787.94,325.04,142.02,602.44,0.867,-1,-1,-1
149,7,891.49,358.26,41.82,123.90,0.740,-1,-1,-1
149,9,1535.71,360.36,53.13,146.37,0.672,-1,-1,-1
149,10,64.90,356.91,102.86,239.68,0.885,-1,-1,-1
149,13,525.83,366.42,34.20,103.51,0.153,-1,-1,-1
149,20,1094.88,338.72,58.33,167.09,0.888,-1,-1,-1
149,22,827.37,366.65,23.06,65.86,0.600,-1,-1,-1
149,25,593.35,360.38,41.25,74.22,0.643,-1,-1,-1
149,26,797.31,361.46,36.64,104.93,0.724,-1,-1,-1
149,29,987.15,355.93,27.87,92.16,0.344,-1,-1,-1
149,31,325.12,378.58,51.79,127.93,0.802,-1,-1,-1
149,32,225.39,380.93,36.30,98.51,0.646,-1,-1,-1
149,33,181.95,379.53,24.44,64.86,0.686,-1,-1,-1
149,35,1.03,395.05,55.66,193.13,0.880,-1,-1,-1
150,2,1002.11,360.08,64.00,161.66,0.818,-1,-1,-1
150,3,1788.94,327.49,134.79,571.89,0.884,-1,-1,-1
150,7,895.10,358.31,41.28,122.65,0.736,-1,-1,-1
150,9,1542.65,358.08,53.77,147.72,0.665,-1,-1,-1
150,10,66.80,355.57,103.19,239.64,0.877,-1,-1,-1
150,13,529.44,363.04,35.01,106.12,0.152,-1,-1,-1
150,20,1100.61,337.13,58.52,167.71,0.892,-1,-1,-1
150,22,832.76,364.98,22.98,65.94,0.666,-1,-1,-1
150,25,597.08,357.22,43.50,75.96,0.790,-1,-1,-1
150,26,802.17,359.20,37.31,107.20,0.721,-1,-1,-1
150,29,993.08,354.47,26.59,88.28,0.357,-1,-1,-1
150,31,329.98,376.94,51.37,127.76,0.788,-1,-1,-1
150,32,231.00,379.57,36.04,98.32,0.424,-1,-1,-1
150,33,187.35,377.77,24.48,64.97,0.565,-1,-1,-1
150,35,3.03,393.21,56.61,195.68,0.885,-1,-1,-1
151,2,1010.18,359.32,63.33,160.30,0.804,-1,-1,-1
151,3,1790.81,328.13,132.14,559.77,0.909,-1,-1,-1
151,7,903.27,354.76,41.62,124.06,0.779,-1,-1,-1
151,9,1556.10,354.87,54.06,148.29,0.506,-1,-1,-1
151,10,72.54,354.04,103.98,241.00,0.890,-1,-1,-1
151,13,539.20,361.57,34.89,106.18,0.519,-1,-1,-1
151,20,1110.40,333.77,59.52,170.13,0.898,-1,-1,-1
151,22,842.81,362.33,23.03,66.25,0.560,-1,-1,-1
151,25,608.09,355.49,43.57,75.45,0.683,-1,-1,-1
151,26,811.95,357.35,37.93,108.51,0.728,-1,-1,-1
151,29,1003.50,351.63,25.98,86.55,0.332,-1,-1,-1
151,31,339.60,374.16,50.68,127.24,0.844,-1,-1,-1
151,32,238.84,377.20,36.57,99.71,0.613,-1,-1,-1
151,33,196.86,375.68,24.54,65.42,0.641,-1,-1,-1
151,35,6.28,391.57,57.62,197.72,0.905,-1,-1,-1
152,2,1010.84,358.39,63.09,159.78,0.849,-1,-1,-1
152,3,1788.01,327.99,131.31,556.98,0.902,-1,-1,-1
152,7,902.82,352.79,41.62,124.40,0.807,-1,-1,-1
152,9,1558.84,352.97,54.32,148.71,0.684,-1,-1,-1
152,10,70.51,351.96,104.60,241.61,0.894,-1,-1,-1
152,13,540.30,360.94,34.46,104.71,0.300,-1,-1,-1
152,20,1111.71,332.38,59.91,170.94,0.893,-1,-1,-1
152,22,843.94,360.50,23.19,66.90,0.655,-1,-1,-1
152,25,610.34,351.12,45.44,77.67,0.720,-1,-1,-1
152,26,813.04,355.32,38.44,109.72,0.744,-1,-1,-1
152,29,1004.28,349.69,25.02,83.43,0.223,-1,-1,-1
152,31,341.34,371.30,50.23,127.13,0.853,-1,-1,-1
152,32,240.28,374.87,36.30,99.67,0.416,-1,-1,-1
152,33,198.30,374.05,24.12,64.68,0.648,-1,-1,-1
152,35,4.38,389.80,58.07,197.70,0.904,-1,-1,-1
152,36,522.14,364.25,23.46,99.36,0.609,-1,-1,-1
153,2,1010.73,356.27,62.21,158.66,0.827,-1,-1,-1
153,3,1789.42,325.43,131.52,561.99,0.883,-1,-1,-1
153,7,903.42,349.69,41.62,124.57,0.782,-1,-1,-1
153,9,1562.85,350.00,54.26,148.32,0.655,-1,-1,-1
153,10,69.29,348.79,105.25,242.12,0.880,-1,-1,-1
153,13,542.17,358.30,34.53,105.01,0.418,-1,-1,-1
153,20,1114.66,329.89,59.79,170.42,0.886,-1,-1,-1
153,22,846.30,357.16,23.29,67.82,0.581,-1,-1,-1
153,25,613.47,347.35,46.14,78.26,0.722,-1,-1,-1
153,26,816.07,351.99,37.98,108.18,0.739,-1,-1,-1
153,29,1006.35,346.69,24.51,81.58,0.348,-1,-1,-1
153,31,343.62,367.80,49.45,125.56,0.825,-1,-1,-1
153,32,242.66,371.98,36.02,99.30,0.134,-1,-1,-1
153,33,200.08,370.83,23.92,64.10,0.507,-1,-1,-1
153,35,4.04,386.18,58.37,197.24,0.860,-1,-1,-1
153,36,524.53,359.11,23.98,101.39,0.487,-1,-1,-1
153,37,941.74,356.53,27.35,92.06,0.619,-1,-1,-1
154,2,1012.51,354.01,61.70,158.48,0.810,-1,-1,-1
154,3,1792.77,322.25,131.40,567.91,0.887,-1,-1,-1
154,7,905.18,347.55,41.60,125.08,0.789,-1,-1,-1
154,9,1567.53,348.27,54.48,148.64,0.626,-1,-1,-1
154,10,69.23,346.79,105.59,242.11,0.887,-1,-1,-1
154,13,544.08,354.60,35.11,106.93,0.448,-1,-1,-1
154,20,1118.34,327.79,59.81,170.37,0.900,-1,-1,-1
154,22,849.14,354.59,23.40,68.30,0.650,-1,-1,-1
154,25,618.57,343.97,46.86,79.49,0.766,-1,-1,-1
154,26,818.63,349.43,38.47,109.66,0.706,-1,-1,-1
154,29,1009.60,344.67,23.79,79.27,0.399,-1,-1,-1
154,31,346.23,365.12,49.82,127.19,0.831,-1,-1,-1
154,32,244.70,369.71,35.87,99.08,0.532,-1,-1,-1
154,33,203.09,369.00,23.65,63.76,0.614,-1,-1,-1
154,35,3.22,383.41,58.60,197.08,0.838,-1,-1,-1
154,36,526.62,356.62,24.11,101.82,0.380,-1,-1,-1
154,37,943.96,352.77,27.88,93.76,0.564,-1,-1,-1
155,2,1013.45,352.12,61.43,158.92,0.801,-1,-1,-1
155,3,1796.37,318.69,130.82,574.40,0.884,-1,-1,-1
155,7,905.87,346.03,41.52,125.61,0.795,-1,-1,-1
155,9,1570.17,346.28,55.21,150.19,0.697,-1,-1,-1
155,10,67.69,345.99,106.42,243.26,0.896,-1,-1,-1
155,13,544.92,351.99,35.91,109.40,0.480,-1,-1,-1
155,20,1120.55,327.13,59.91,170.62,0.898,-1,-1,-1
155,22,851.23,353.57,22.93,67.06,0.600,-1,-1,-1
155,25,621.71,342.89,47.33,79.79,0.808,-1,-1,-1
155,26,820.89,347.41,38.71,110.42,0.700,-1,-1,-1
155,29,1011.53,343.90,23.24,77.40,0.410,-1,-1,-1
155,31,348.28,363.86,50.27,128.80,0.842,-1,-1,-1
155,32,246.08,368.81,35.66,99.10,0.503,-1,-1,-1
155,33,203.96,368.43,23.66,64.17,0.649,-1,-1,-1
155,35,4.00,382.57,58.36,194.17,0.852,-1,-1,-1
155,36,527.54,358.68,23.53,99.07,0.514,-1,-1,-1
155,37,944.80,353.81,27.55,92.46,0.508,-1,-1,-1
156,2,1017.09,348.63,60.93,158.28,0.801,-1,-1,-1
156,3,1798.87,311.69,131.53,587.25,0.866,-1,-1,-1
156,7,906.76,343.56,41.34,125.77,0.769,-1,-1,-1
156,9,1575.34,344.60,55.73,151.70,0.717,-1,-1,-1
156,10,64.52,343.60,107.00,243.25,0.876,-1,-1,-1
156,13,547.23,351.21,36.06,110.04,0.607,-1,-1,-1
156,20,1123.55,325.00,60.32,172.17,0.892,-1,-1,-1
156,22,854.63,351.77,22.48,65.80,0.566,-1,-1,-1
156,25,625.07,339.49,48.17,80.67,0.800,-1,-1,-1
156,26,824.24,345.91,38.61,109.60,0.717,-1,-1,-1
156,29,1014.50,342.35,22.99,76.68,0.218,-1,-1,-1
156,31,351.06,361.26,49.98,127.62,0.837,-1,-1,-1
156,32,248.00,366.55,35.52,99.27,0.380,-1,-1,-1
156,33,204.58,365.02,24.35,66.57,0.625,-1,-1,-1
156,35,3.16,378.67,58.61,193.65,0.836,-1,-1,-1
156,36,529.74,358.69,23.57,98.67,0.483,-1,-1,-1
156,37,944.77,347.51,29.08,97.28,0.624,-1,-1,-1
157,2,1017.48,347.12,60.67,158.39,0.795,-1,-1,-1
157,3,1797.38,306.46,131.20,593.51,0.886,-1,-1,-1
157,7,905.93,343.22,40.81,125.07,0.760,-1,-1,-1
157,9,1578.09,343.43,55.94,152.08,0.719,-1,-1,-1
157,10,60.88,343.90,107.86,243.59,0.877,-1,-1,-1
157,13,547.85,351.75,35.83,109.99,0.565,-1,-1,-1
157,20,1124.56,323.86,60.56,173.37,0.887,-1,-1,-1
157,22,855.74,351.63,22.11,64.78,0.521,-1,-1,-1
157,25,627.17,338.57,48.80,81.04,0.803,-1,-1,-1
157,26,824.95,345.93,38.79,110.13,0.677,-1,-1,-1
157,29,1015.10,341.92,23.47,78.54,0.144,-1,-1,-1
157,31,351.91,361.06,51.26,130.44,0.827,-1,-1,-1
157,32,249.15,366.11,35.38,99.50,0.352,-1,-1,-1
157,33,205.02,364.44,24.16,66.42,0.416,-1,-1,-1
157,35,-0.08,377.56,59.02,195.35,0.858,-1,-1,-1
157,36,529.34,358.13,23.98,99.92,0.489,-1,-1,-1
157,37,943.85,344.96,29.88,99.56,0.650,-1,-1,-1
158,2,1015.90,346.96,61.00,159.92,0.805,-1,-1,-1
158,3,1793.31,306.08,132.13,603.51,0.899,-1,-1,-1
158,7,904.38,343.51,40.65,125.23,0.759,-1,-1,-1
158,9,1579.04,343.94,56.08,152.43,0.798,-1,-1,-1
158,10,55.37,344.33,109.06,245.05,0.867,-1,-1,-1
158,13,547.13,353.87,35.63,109.75,0.502,-1,-1,-1
158,20,1124.38,323.95,60.74,174.75,0.881,-1,-1,-1
158,22,855.24,352.27,21.75,63.75,0.124,-1,-1,-1
158,25,628.40,338.93,49.09,81.15,0.777,-1,-1,-1
158,26,825.15,346.18,39.66,111.24,0.657,-1,-1,-1
158,31,351.90,362.39,51.25,129.37,0.840,-1,-1,-1
158,32,247.77,366.70,35.26,99.55,0.256,-1,-1,-1
158,33,203.50,364.64,24.18,66.54,0.320,-1,-1,-1
158,35,-1.74,377.54,59.63,197.43,0.834,-1,-1,-1
158,36,526.69,360.59,23.73,98.82,0.161,-1,-1,-1
158,37,942.54,343.59,30.70,101.61,0.725,-1,-1,-1
159,2,1013.47,348.31,60.34,159.19,0.806,-1,-1,-1
159,3,1788.32,304.61,133.31,611.24,0.887,-1,-1,-1
159,7,903.00,344.77,40.37,125.32,0.758,-1,-1,-1
159,9,1579.75,345.60,56.07,152.31,0.755,-1,-1,-1
159,10,50.53,344.42,110.02,245.97,0.832,-1,-1,-1
159,13,545.54,356.24,35.29,108.60,0.215,-1,-1,-1
159,20,1124.07,324.42,61.03,176.30,0.883,-1,-1,-1
159,22,854.31,352.94,21.89,64.42,-1.000,-1,-1,-1
159,25,629.99,340.73,48.82,80.38,0.775,-1,-1,-1
159,26,825.82,346.70,40.40,111.44,0.701,-1,-1,-1
159,31,351.75,364.14,50.71,126.40,0.824,-1,-1,-1
159,32,246.86,367.47,34.82,98.86,0.339,-1,-1,-1
159,33,202.34,365.73,23.34,64.06,0.310,-1,-1,-1
159,35,-2.89,377.94,59.68,197.99,0.836,-1,-1,-1
159,36,524.49,364.37,23.57,97.90,0.452,-1,-1,-1
159,37,941.18,344.02,31.23,102.72,0.672,-1,-1,-1
160,2,1009.89,347.99,60.97,161.34,0.818,-1,-1,-1
160,3,1772.11,303.55,137.50,618.14,0.887,-1,-1,-1
160,7,901.26,345.67,40.10,125.28,0.785,-1,-1,-1
160,9,1579.27,346.22,56.42,153.28,0.804,-1,-1,-1
160,10,44.80,343.37,111.10,247.94,0.889,-1,-1,-1
160,13,544.97,358.34,34.95,107.72,0.284,-1,-1,-1
160,20,1123.16,323.97,61.39,178.00,0.893,-1,-1,-1
160,22,853.39,353.62,22.03,65.10,0.534,-1,-1,-1
160,25,631.94,340.89,49.57,80.86,0.775,-1,-1,-1
160,26,823.25,346.27,41.40,114.41,0.744,-1,-1,-1
160,31,350.30,364.32,51.68,129.08,0.855,-1,-1,-1
160,32,242.40,367.49,35.37,99.65,0.622,-1,-1,-1
160,33,198.36,366.45,23.89,65.83,0.689,-1,-1,-1
160,35,-4.94,378.27,59.07,197.77,0.868,-1,-1,-1
160,36,520.54,363.02,24.03,99.17,0.629,-1,-1,-1
160,37,937.24,343.57,31.56,104.06,0.572,-1,-1,-1
161,2,1002.66,348.89,61.79,164.31,0.815,-1,-1,-1
161,3,1748.02,308.61,144.99,624.08,0.920,-1,-1,-1
161,7,892.99,348.35,39.53,124.07,0.801,-1,-1,-1
161,9,1573.78,349.60,56.66,153.90,0.764,-1,-1,-1
161,10,28.10,346.20,112.18,249.83,0.848,-1,-1,-1
161,13,536.81,363.06,35.13,107.83,0.261,-1,-1,-1
161,20,1117.80,326.35,61.91,180.16,0.879,-1,-1,-1
161,22,848.61,354.21,22.15,65.55,-1.000,-1,-1,-1
161,25,627.19,345.11,49.66,80.58,0.756,-1,-1,-1
161,26,817.13,349.43,42.12,115.26,0.624,-1,-1,-1
161,31,339.72,368.40,51.82,129.32,0.802,-1,-1,-1
161,32,232.33,371.46,35.37,99.55,0.391,-1,-1,-1
161,33,188.97,369.80,24.05,66.32,0.419,-1,-1,-1
161,35,-10.06,382.68,50.13,168.07,0.558,-1,-1,-1
161,36,511.42,368.88,23.76,97.80,0.355,-1,-1,-1
161,37,932.03,348.37,31.88,103.68,0.802,-1,-1,-1
162,2,997.20,347.12,62.39,165.44,0.838,-1,-1,-1
162,3,1732.99,310.71,152.59,628.18,0.914,-1,-1,-1
162,7,889.76,346.87,39.69,125.12,0.798,-1,-1,-1
162,9,1572.03,348.17,57.04,154.90,0.775,-1,-1,-1
162,10,20.51,344.19,113.09,251.32,0.880,-1,-1,-1
162,13,536.07,363.65,30.81,92.25,0.110,-1,-1,-1
162,20,1116.68,324.61,62.14,181.01,0.896,-1,-1,-1
162,22,843.83,354.81,22.27,66.00,-1.000,-1,-1,-1
162,25,626.40,343.91,50.42,81.28,0.770,-1,-1,-1
162,26,813.74,347.79,42.24,116.01,0.674,-1,-1,-1
162,31,338.97,366.92,51.92,128.94,0.837,-1,-1,-1
162,32,228.21,369.35,36.08,100.70,0.639,-1,-1,-1
162,33,184.98,367.74,24.55,67.58,0.446,-1,-1,-1
162,35,-10.60,381.17,52.53,177.42,0.492,-1,-1,-1
162,36,507.21,368.57,23.04,94.31,0.512,-1,-1,-1
162,37,929.95,347.62,32.36,103.68,0.806,-1,-1,-1
163,2,992.23,352.87,60.76,159.95,0.734,-1,-1,-1
163,3,1719.37,314.02,160.44,630.66,0.914,-1,-1,-1
163,7,884.21,346.64,40.04,126.07,0.824,-1,-1,-1
163,9,1568.70,348.92,56.58,153.49,0.774,-1,-1,-1
163,10,10.26,344.24,113.97,252.92,0.855,-1,-1,-1
163,13,527.44,362.02,33.07,99.45,0.270,-1,-1,-1
163,20,1113.49,324.37,62.44,182.15,0.885,-1,-1,-1
163,22,839.06,355.40,22.39,66.44,-1.000,-1,-1,-1
163,25,623.42,344.45,50.27,81.04,0.707,-1,-1,-1
163,26,809.88,348.72,42.27,114.77,0.610,-1,-1,-1
163,31,333.23,367.40,51.28,127.72,0.783,-1,-1,-1
163,32,221.68,369.50,36.28,100.90,0.407,-1,-1,-1
163,33,179.44,368.21,23.85,65.39,0.163,-1,-1,-1
163,35,-13.74,381.99,53.38,181.18,0.191,-1,-1,-1
163,36,501.29,370.78,22.77,92.57,0.467,-1,-1,-1
163,37,926.29,347.94,32.72,103.03,0.811,-1,-1,-1
164,2,986.76,357.06,59.86,156.16,0.766,-1,-1,-1
164,3,1710.76,318.32,166.88,626.26,0.927,-1,-1,-1
164,7,879.46,346.83,39.66,125.36,0.814,-1,-1,-1
164,9,1564.41,349.29,57.13,154.77,0.674,-1,-1,-1
164,10,0.96,344.93,114.67,254.32,0.862,-1,-1,-1
164,13,520.59,361.22,34.92,104.81,0.222,-1,-1,-1
164,20,1109.71,324.54,62.79,183.25,0.909,-1,-1,-1
164,22,834.28,356.00,22.51,66.89,0.606,-1,-1,-1
164,25,609.88,344.53,70.41,116.71,0.786,-1,-1,-1
164,26,802.08,350.43,42.54,115.22,0.721,-1,-1,-1
164,31,328.69,367.21,51.85,128.82,0.826,-1,-1,-1
164,32,214.88,369.99,36.51,101.60,0.652,-1,-1,-1
164,33,172.38,368.92,23.69,64.96,0.576,-1,-1,-1
164,36,495.33,371.62,22.88,92.72,0.413,-1,-1,-1
164,37,920.58,348.02,33.04,103.25,0.651,-1,-1,-1
165,2,977.88,350.92,62.17,162.12,0.831,-1,-1,-1
165,3,1704.76,321.72,173.74,624.48,0.940,-1,-1,-1
165,7,873.42,346.84,39.61,125.37,0.804,-1,-1,-1
165,9,1558.89,349.30,57.51,155.62,0.766,-1,-1,-1
165,10,-6.39,345.24,114.05,254.89,0.904,-1,-1,-1
165,13,513.96,363.41,35.22,104.79,0.528,-1,-1,-1
165,20,1105.08,324.62,63.10,184.07,0.901,-1,-1,-1
165,22,829.06,356.06,22.50,67.13,0.716,-1,-1,-1
165,25,602.61,344.27,77.49,131.68,0.846,-1,-1,-1
165,26,794.75,350.40,42.53,115.06,0.733,-1,-1,-1
165,31,323.01,366.53,51.68,128.11,0.845,-1,-1,-1
165,32,206.65,369.81,36.52,101.62,0.628,-1,-1,-1
165,33,164.22,368.64,23.96,66.01,0.661,-1,-1,-1
165,36,488.25,371.22,23.27,93.91,0.625,-1,-1,-1
165,37,912.95,348.10,33.03,103.22,0.641,-1,-1,-1
166,2,965.27,356.72,59.39,153.91,0.724,-1,-1,-1
166,3,1695.88,321.03,179.62,622.56,0.891,-1,-1,-1
166,7,862.04,346.10,39.84,126.15,0.812,-1,-1,-1
166,9,1549.17,348.52,57.46,155.81,0.755,-1,-1,-1
166,10,-16.03,345.10,112.71,256.58,0.874,-1,-1,-1
166,13,501.70,361.02,36.48,108.67,0.140,-1,-1,-1
166,20,1096.26,324.89,63.45,185.12,0.901,-1,-1,-1
166,22,817.58,354.94,22.57,67.47,0.222,-1,-1,-1
166,25,590.98,343.70,80.26,138.59,0.502,-1,-1,-1
166,26,782.52,345.60,44.38,120.18,0.404,-1,-1,-1
166,31,308.53,365.21,51.37,127.72,0.833,-1,-1,-1
166,32,193.72,369.72,36.48,101.48,0.533,-1,-1,-1
166,33,149.96,367.95,24.45,67.38,0.199,-1,-1,-1
166,36,476.33,371.21,24.18,96.14,0.605,-1,-1,-1
166,37,903.13,346.94,33.50,103.27,0.755,-1,-1,-1
167,2,957.27,355.41,59.77,154.54,0.777,-1,-1,-1
167,3,1689.84,319.66,186.79,625.99,0.922,-1,-1,-1
167,7,856.06,346.66,39.55,125.27,0.805,-1,-1,-1
167,9,1543.77,347.19,57.69,156.35,0.836,-1,-1,-1
167,10,-18.95,362.37,103.97,240.76,0.770,-1,-1,-1
167,13,493.73,359.04,37.33,111.47,0.354,-1,-1,-1
167,20,1091.39,325.38,63.84,185.58,0.903,-1,-1,-1
167,22,812.31,355.08,22.48,67.30,0.594,-1,-1,-1
167,25,585.69,343.35,81.97,144.63,0.727,-1,-1,-1
167,26,776.50,347.91,43.00,116.27,0.670,-1,-1,-1
167,31,301.94,364.58,51.31,127.87,0.834,-1,-1,-1
167,32,184.59,369.95,37.08,102.05,0.624,-1,-1,-1
167,33,141.79,367.93,24.48,67.56,0.286,-1,-1,-1
167,36,468.74,371.20,24.47,96.96,0.499,-1,-1,-1
167,37,897.86,346.18,34.14,104.29,0.503,-1,-1,-1
168,2,949.67,351.55,60.91,156.86,0.828,-1,-1,-1
168,3,1678.47,318.08,190.55,625.17,0.916,-1,-1,-1
168,7,849.94,345.35,39.81,126.23,0.825,-1,-1,-1
168,9,1537.88,345.82,58.00,156.99,0.762,-1,-1,-1
168,10,-20.23,371.36,97.21,231.36,0.863,-1,-1,-1
168,13,484.98,356.61,37.57,113.33,0.532,-1,-1,-1
168,20,1086.09,324.97,64.20,185.88,0.903,-1,-1,-1
168,22,806.96,354.20,22.34,67.07,0.682,-1,-1,-1
168,25,582.34,342.54,81.70,146.05,0.852,-1,-1,-1
168,26,771.73,348.35,42.38,114.95,0.749,-1,-1,-1
168,31,294.69,362.70,51.89,129.93,0.833,-1,-1,-1
168,32,175.67,368.63,37.12,102.58,0.593,-1,-1,-1
168,33,132.55,367.59,24.04,66.08,0.699,-1,-1,-1
168,36,461.00,370.31,24.85,97.79,0.589,-1,-1,-1
168,37,888.66,345.80,33.84,104.12,0.747,-1,-1,-1
169,2,940.36,349.51,61.26,157.96,0.819,-1,-1,-1
169,3,1665.13,314.36,191.36,619.94,0.903,-1,-1,-1
169,7,841.99,345.21,39.72,126.37,0.802,-1,-1,-1
169,9,1530.78,345.55,57.88,156.74,0.810,-1,-1,-1
169,10,-25.14,375.11,92.63,227.25,0.792,-1,-1,-1
169,13,475.25,354.34,37.94,115.32,0.217,-1,-1,-1
169,20,1079.21,324.20,64.76,186.66,0.912,-1,-1,-1
169,22,799.36,353.40,22.46,67.80,0.709,-1,-1,-1
169,25,573.37,341.72,81.42,148.75,0.790,-1,-1,-1
169,26,763.90,348.35,42.37,115.15,0.746,-1,-1,-1
169,31,284.89,362.10,51.83,130.56,0.827,-1,-1,-1
169,32,165.66,368.08,37.46,102.97,0.736,-1,-1,-1
169,33,121.25,367.24,24.14,66.15,0.667,-1,-1,-1
169,36,450.90,369.69,24.97,97.81,0.637,-1,-1,-1
169,37,880.27,345.10,33.93,104.47,0.658,-1,-1,-1
169,38,1876.69,415.47,33.83,470.79,0.764,-1,-1,-1
170,2,932.61,347.00,62.06,159.86,0.831,-1,-1,-1
170,3,1651.39,309.47,189.11,610.19,0.905,-1,-1,-1
170,7,834.37,344.34,39.66,126.80,0.790,-1,-1,-1
170,9,1522.49,344.47,57.92,156.72,0.764,-1,-1,-1
170,13,463.66,353.78,38.46,117.16,0.347,-1,-1,-1
170,20,1072.15,323.31,65.39,187.95,0.912,-1,-1,-1
170,22,790.56,353.16,22.33,67.36,0.645,-1,-1,-1
170,25,564.61,341.92,80.41,149.86,0.733,-1,-1,-1
170,26,754.97,348.29,41.97,114.51,0.665,-1,-1,-1
170,31,274.93,362.71,51.87,130.37,0.839,-1,-1,-1
170,32,153.63,368.35,37.47,103.44,0.644,-1,-1,-1
170,33,109.44,367.71,24.01,65.90,0.588,-1,-1,-1
170,36,440.58,369.64,25.68,99.67,0.652,-1,-1,-1
170,37,870.68,344.49,33.91,105.02,0.700,-1,-1,-1
170,38,1861.96,332.15,40.68,558.60,0.830,-1,-1,-1
171,2,916.53,347.49,62.06,160.32,0.796,-1,-1,-1
171,3,1630.76,304.95,188.38,609.03,0.916,-1,-1,-1
171,7,819.16,344.23,39.65,127.52,0.814,-1,-1,-1
171,9,1508.16,343.73,58.07,157.10,0.754,-1,-1,-1
171,13,444.78,354.31,38.86,119.22,0.594,-1,-1,-1
171,20,1058.76,322.05,66.22,189.92,0.906,-1,-1,-1
171,22,775.37,352.74,22.46,68.47,0.657,-1,-1,-1
171,25,550.29,341.37,80.87,150.50,0.825,-1,-1,-1
171,26,739.34,347.50,43.53,119.42,0.792,-1,-1,-1
171,31,254.29,363.77,51.54,130.87,0.775,-1,-1,-1
171,32,132.23,369.45,38.09,104.44,0.703,-1,-1,-1
171,33,88.86,368.82,24.83,67.95,0.708,-1,-1,-1
171,36,422.16,369.83,25.84,99.94,0.727,-1,-1,-1
171,37,855.76,344.52,34.00,105.58,0.757,-1,-1,-1
171,38,1848.84,280.92,46.04,616.87,0.879,-1,-1,-1
172,2,908.34,347.99,62.72,162.11,0.823,-1,-1,-1
172,3,1617.50,303.03,188.34,610.15,0.907,-1,-1,-1
172,7,810.77,345.05,39.84,128.47,0.825,-1,-1,-1
172,9,1500.57,343.58,58.04,157.01,0.809,-1,-1,-1
172,13,433.49,355.00,39.45,121.77,0.705,-1,-1,-1
172,20,1052.83,321.97,66.65,191.15,0.917,-1,-1,-1
172,22,767.73,356.56,21.85,66.50,0.684,-1,-1,-1
172,25,539.68,342.49,80.24,150.64,0.801,-1,-1,-1
172,26,731.54,348.20,43.05,119.01,0.769,-1,-1,-1
172,31,245.04,366.21,51.11,130.48,0.773,-1,-1,-1
172,32,121.65,371.21,38.28,105.48,0.726,-1,-1,-1
172,33,76.83,370.64,25.02,68.38,0.696,-1,-1,-1
172,36,412.24,370.92,26.26,101.31,0.486,-1,-1,-1
172,37,848.56,345.87,34.05,105.98,0.749,-1,-1,-1
172,38,1839.68,258.96,49.96,642.76,0.885,-1,-1,-1
172,39,471.39,368.80,20.44,59.15,0.630,-1,-1,-1
172,40,874.99,362.22,21.98,84.99,0.539,-1,-1,-1
173,2,901.18,347.64,62.84,162.72,0.819,-1,-1,-1
173,3,1605.09,301.98,188.71,611.66,0.908,-1,-1,-1
173,7,804.48,345.64,39.64,128.22,0.814,-1,-1,-1
173,9,1494.81,344.17,57.82,156.32,0.657,-1,-1,-1
173,13,424.86,355.70,39.47,121.20,0.703,-1,-1,-1
173,20,1048.34,321.17,66.93,192.10,0.919,-1,-1,-1
173,22,761.91,356.75,21.77,66.34,0.501,-1,-1,-1
173,25,531.06,342.56,78.91,151.48,0.792,-1,-1,-1
173,26,725.78,348.44,43.27,120.21,0.748,-1,-1,-1
173,31,238.01,366.83,50.93,130.47,0.815,-1,-1,-1
173,32,111.34,372.32,38.14,105.02,0.688,-1,-1,-1
173,33,67.23,371.29,25.06,68.45,0.671,-1,-1,-1
173,36,404.23,370.74,26.04,100.27,0.633,-1,-1,-1
173,37,842.14,345.74,34.25,107.10,0.720,-1,-1,-1
173,38,1831.81,253.58,53.48,652.69,0.892,-1,-1,-1
173,39,464.64,370.02,19.98,57.82,0.540,-1,-1,-1
173,40,867.88,360.97,22.87,88.31,0.499,-1,-1,-1
174,2,896.62,346.24,62.87,163.26,0.768,-1,-1,-1
174,3,1594.36,300.78,188.72,614.13,0.886,-1,-1,-1
174,7,799.69,346.28,39.32,125.85,0.634,-1,-1,-1
174,9,1492.54,343.85,58.24,157.57,-1.000,-1,-1,-1
174,13,420.84,355.94,39.58,121.67,-1.000,-1,-1,-1
174,20,1044.59,320.49,66.88,192.98,0.821,-1,-1,-1
174,22,757.88,355.86,22.31,67.97,-1.000,-1,-1,-1
174,25,526.55,342.97,77.49,151.76,0.711,-1,-1,-1
174,26,721.16,346.44,44.22,122.35,0.165,-1,-1,-1
174,31,230.60,368.51,51.07,130.90,-1.000,-1,-1,-1
174,32,103.34,373.90,38.85,106.23,-1.000,-1,-1,-1
174,33,60.32,371.85,25.50,69.70,-1.000,-1,-1,-1
174,36,398.86,371.28,26.01,100.15,-1.000,-1,-1,-1
174,37,837.29,346.92,34.25,107.28,-1.000,-1,-1,-1
174,38,1828.14,252.07,57.08,659.68,0.887,-1,-1,-1
174,39,463.06,369.61,20.19,58.30,-1.000,-1,-1,-1
174,40,864.86,361.74,22.66,87.50,-1.000,-1,-1,-1
175,2,890.63,348.50,62.79,163.04,0.766,-1,-1,-1
175,3,1584.77,305.16,189.53,615.72,0.902,-1,-1,-1
175,7,792.47,347.26,40.29,128.47,0.773,-1,-1,-1
175,9,1490.27,343.53,58.66,158.81,-1.000,-1,-1,-1
175,13,416.81,356.18,39.69,122.14,-1.000,-1,-1,-1
175,20,1039.97,319.38,67.70,195.89,0.906,-1,-1,-1
175,22,753.85,354.97,22.85,69.60,-1.000,-1,-1,-1
175,25,517.36,341.48,78.46,155.71,0.819,-1,-1,-1
175,26,715.55,348.16,44.31,122.66,0.578,-1,-1,-1
175,31,223.19,370.19,51.21,131.34,0.672,-1,-1,-1
175,32,95.35,375.47,39.56,107.44,0.676,-1,-1,-1
175,33,53.41,372.41,25.94,70.96,-1.000,-1,-1,-1
175,36,393.48,371.82,25.98,100.04,-1.000,-1,-1,-1
175,37,832.44,348.11,34.25,107.45,0.670,-1,-1,-1
175,38,1819.67,258.76,61.17,654.88,0.909,-1,-1,-1
175,39,461.49,369.19,20.39,58.77,-1.000,-1,-1,-1
175,40,861.83,362.52,22.46,86.69,-1.000,-1,-1,-1
176,2,888.92,348.48,61.87,162.29,0.799,-1,-1,-1
176,3,1570.71,306.17,192.33,622.29,0.899,-1,-1,-1
176,7,791.64,346.02,40.45,127.89,0.787,-1,-1,-1
176,9,1488.00,343.21,59.09,160.06,0.786,-1,-1,-1
176,13,412.78,356.42,39.80,122.60,-1.000,-1,-1,-1
176,20,1040.82,318.61,67.94,196.84,0.910,-1,-1,-1
176,22,749.82,354.08,23.40,71.23,0.674,-1,-1,-1
176,25,518.98,341.00,78.73,155.08,0.854,-1,-1,-1
176,26,714.13,348.94,44.08,122.70,0.778,-1,-1,-1
176,31,222.47,370.14,50.79,130.21,0.754,-1,-1,-1
176,32,94.08,374.52,40.18,107.71,0.747,-1,-1,-1
176,33,46.50,372.96,26.37,72.21,0.519,-1,-1,-1
176,36,388.10,372.35,25.95,99.93,0.577,-1,-1,-1
176,37,832.51,347.30,34.14,107.37,0.744,-1,-1,-1
176,38,1803.24,264.73,68.23,658.44,0.922,-1,-1,-1
176,39,459.92,368.77,20.59,59.25,-1.000,-1,-1,-1
176,40,858.80,363.29,22.25,85.88,0.640,-1,-1,-1
177,2,888.21,350.71,60.52,160.49,0.799,-1,-1,-1
177,3,1559.76,309.46,194.07,623.76,0.891,-1,-1,-1
177,7,789.15,346.99,41.19,128.27,0.802,-1,-1,-1
177,9,1488.63,344.27,58.94,159.67,0.632,-1,-1,-1
177,13,408.75,356.66,39.91,123.07,-1.000,-1,-1,-1
177,20,1041.20,319.48,68.54,198.97,0.900,-1,-1,-1
177,22,749.50,352.66,24.15,73.47,0.613,-1,-1,-1
177,25,515.15,340.41,79.43,157.33,0.845,-1,-1,-1
177,26,712.34,350.45,44.05,123.28,0.735,-1,-1,-1
177,31,221.91,370.01,51.01,131.10,0.797,-1,-1,-1
177,32,93.43,375.16,40.04,107.31,0.702,-1,-1,-1
177,33,45.66,372.65,26.44,72.28,0.362,-1,-1,-1
177,36,386.93,372.94,26.23,101.32,0.438,-1,-1,-1
177,37,832.15,348.06,34.12,107.43,0.731,-1,-1,-1
177,38,1790.46,271.28,75.46,657.47,0.913,-1,-1,-1
177,39,458.35,368.35,20.79,59.72,-1.000,-1,-1,-1
177,40,859.02,364.20,22.24,85.83,0.586,-1,-1,-1
178,2,886.79,349.34,59.14,157.71,0.805,-1,-1,-1
178,3,1548.46,309.80,195.41,624.44,0.897,-1,-1,-1
178,7,788.84,345.22,41.14,127.32,0.821,-1,-1,-1
178,9,1487.89,342.35,59.19,160.36,0.531,-1,-1,-1
178,13,404.72,356.90,40.02,123.54,0.551,-1,-1,-1
178,20,1040.01,318.14,68.72,199.85,0.907,-1,-1,-1
178,22,748.21,351.16,24.07,73.05,0.746,-1,-1,-1
178,25,516.80,340.44,77.53,155.28,0.837,-1,-1,-1
178,26,709.65,349.24,44.45,124.57,0.764,-1,-1,-1
178,31,221.98,367.33,50.22,130.05,0.807,-1,-1,-1
178,32,91.01,373.46,39.90,107.17,0.679,-1,-1,-1
178,33,43.31,371.57,26.54,72.13,0.666,-1,-1,-1
178,36,384.02,370.69,26.71,103.37,0.239,-1,-1,-1
178,37,830.32,346.18,34.02,107.61,0.753,-1,-1,-1
178,38,1780.67,274.18,82.89,656.37,0.910,-1,-1,-1
178,39,456.77,367.94,20.99,60.19,-1.000,-1,-1,-1
178,40,857.93,362.43,22.06,85.17,0.572,-1,-1,-1
179,2,886.25,346.87,58.67,157.21,0.778,-1,-1,-1
179,3,1539.94,309.67,196.90,625.60,0.901,-1,-1,-1
179,7,788.49,342.52,42.04,128.43,0.798,-1,-1,-1
179,9,1489.16,340.22,59.36,160.87,0.749,-1,-1,-1
179,13,402.96,353.04,40.22,123.93,-1.000,-1,-1,-1
179,20,1040.58,316.79,68.59,199.66,0.901,-1,-1,-1
179,22,748.64,349.97,23.72,71.90,0.721,-1,-1,-1
179,25,515.70,338.81,77.17,155.23,0.765,-1,-1,-1
179,26,709.68,347.38,44.67,125.07,0.745,-1,-1,-1
179,31,220.35,363.64,49.77,128.65,0.831,-1,-1,-1
179,32,90.42,370.55,39.65,106.39,0.642,-1,-1,-1
179,33,41.39,367.64,26.76,72.38,0.485,-1,-1,-1
179,36,382.48,367.69,27.23,105.47,0.114,-1,-1,-1
179,37,830.02,343.93,34.06,108.17,0.700,-1,-1,-1
179,38,1773.38,276.93,90.58,653.42,0.921,-1,-1,-1
179,39,455.20,367.52,21.19,60.67,0.560,-1,-1,-1
179,40,856.65,354.92,23.68,91.49,0.459,-1,-1,-1
180,2,886.97,343.61,58.48,156.85,0.767,-1,-1,-1
180,3,1533.86,307.22,198.72,629.09,0.893,-1,-1,-1
180,7,788.14,338.49,42.47,129.07,0.816,-1,-1,-1
180,9,1491.04,337.20,59.41,160.92,0.608,-1,-1,-1
180,13,401.19,349.19,40.43,124.32,-1.000,-1,-1,-1
180,20,1041.68,313.71,68.84,200.56,0.900,-1,-1,-1
180,22,749.94,346.62,23.57,70.64,0.752,-1,-1,-1
180,25,514.84,334.68,77.42,156.68,0.793,-1,-1,-1
180,26,709.91,342.62,44.46,124.76,0.795,-1,-1,-1
180,31,219.94,358.07,49.88,128.71,0.837,-1,-1,-1
180,32,91.02,366.10,39.44,105.69,0.705,-1,-1,-1
180,33,42.21,363.36,26.48,71.09,0.601,-1,-1,-1
180,36,381.63,362.23,27.62,107.42,0.193,-1,-1,-1
180,37,830.64,339.51,34.12,108.82,0.756,-1,-1,-1
180,38,1769.09,276.34,98.14,654.41,0.912,-1,-1,-1
180,39,456.53,364.74,20.64,58.87,0.436,-1,-1,-1
180,40,858.32,354.41,22.23,85.71,0.628,-1,-1,-1
181,2,882.22,336.78,58.58,158.12,0.810,-1,-1,-1
181,3,1525.55,302.32,198.27,630.16,0.886,-1,-1,-1
181,7,785.92,331.39,42.20,128.80,0.817,-1,-1,-1
181,9,1492.01,331.42,59.75,161.65,0.339,-1,-1,-1
181,13,399.42,345.34,40.63,124.71,-1.000,-1,-1,-1
181,20,1041.18,307.47,69.31,202.14,0.897,-1,-1,-1
181,22,748.79,338.79,23.89,70.83,0.770,-1,-1,-1
181,25,509.46,327.09,77.15,156.37,0.880,-1,-1,-1
181,26,707.06,334.07,44.95,127.48,0.823,-1,-1,-1
181,31,218.22,349.60,51.05,131.34,0.863,-1,-1,-1
181,32,86.45,357.27,39.14,105.31,0.689,-1,-1,-1
181,33,39.55,355.86,27.13,72.76,0.663,-1,-1,-1
181,37,829.65,332.26,33.88,108.51,0.733,-1,-1,-1
181,38,1765.70,271.01,105.49,656.47,0.916,-1,-1,-1
181,39,454.53,356.86,20.74,59.09,0.493,-1,-1,-1
181,40,857.85,348.31,21.93,84.42,0.511,-1,-1,-1
182,2,880.05,333.20,58.17,157.23,0.814,-1,-1,-1
182,3,1521.48,296.79,196.34,627.17,0.899,-1,-1,-1
182,7,784.38,327.39,41.71,127.66,0.826,-1,-1,-1
182,9,1493.08,327.95,59.77,161.66,0.248,-1,-1,-1
182,13,397.65,341.49,40.84,125.10,-1.000,-1,-1,-1
182,20,1041.00,303.43,70.01,204.55,0.894,-1,-1,-1
182,22,749.08,336.40,23.23,67.91,0.768,-1,-1,-1
182,25,508.02,321.58,75.58,153.10,0.897,-1,-1,-1
182,26,705.97,329.34,44.68,127.81,0.818,-1,-1,-1
182,31,217.13,344.60,51.52,132.29,0.863,-1,-1,-1
182,32,82.80,352.16,39.55,106.53,0.720,-1,-1,-1
182,33,37.99,351.26,26.98,72.45,0.703,-1,-1,-1
182,37,829.44,327.90,33.56,107.83,0.759,-1,-1,-1
182,38,1761.35,267.39,110.60,651.35,0.896,-1,-1,-1
182,39,453.30,350.93,21.15,60.20,0.471,-1,-1,-1
182,40,857.82,345.10,21.62,83.05,0.639,-1,-1,-1
182,41,946.15,332.97,21.81,91.14,0.519,-1,-1,-1
183,2,878.38,331.95,58.22,156.90,0.817,-1,-1,-1
183,3,1516.04,291.10,194.12,621.99,0.898,-1,-1,-1
183,7,783.28,325.20,41.69,128.23,0.815,-1,-1,-1
183,9,1494.19,326.07,60.00,162.30,0.262,-1,-1,-1
183,13,395.88,337.64,41.04,125.49,-1.000,-1,-1,-1
183,20,1040.86,301.34,70.42,206.25,0.892,-1,-1,-1
183,22,748.91,334.42,23.40,67.99,0.778,-1,-1,-1
183,25,506.21,319.73,75.49,152.78,0.879,-1,-1,-1
183,26,705.47,327.47,44.54,127.82,0.818,-1,-1,-1
183,31,216.69,342.52,51.85,132.74,0.856,-1,-1,-1
183,32,81.14,349.78,39.41,107.02,0.704,-1,-1,-1
183,33,36.17,348.85,27.33,73.71,0.734,-1,-1,-1
183,37,828.68,325.69,33.54,107.84,0.746,-1,-1,-1
183,38,1757.46,262.82,114.94,643.65,0.880,-1,-1,-1
183,39,452.73,347.80,21.43,61.07,0.189,-1,-1,-1
183,40,857.59,342.85,21.72,83.28,0.511,-1,-1,-1
183,41,943.71,330.31,21.94,91.64,0.657,-1,-1,-1
184,2,876.34,331.26,58.51,156.40,0.818,-1,-1,-1
184,3,1508.43,287.73,190.79,610.93,0.910,-1,-1,-1
184,7,781.56,324.27,41.63,128.40,0.824,-1,-1,-1
184,9,1495.45,325.40,60.40,163.09,0.122,-1,-1,-1
184,13,394.12,333.79,41.25,125.88,-1.000,-1,-1,-1
184,20,1040.47,299.39,70.82,208.06,0.888,-1,-1,-1
184,22,747.92,333.32,23.46,67.32,0.773,-1,-1,-1
184,25,504.36,318.22,75.57,152.62,0.880,-1,-1,-1
184,26,704.11,326.24,44.36,127.67,0.830,-1,-1,-1
184,31,216.23,341.02,52.13,133.10,0.860,-1,-1,-1
184,32,78.18,348.31,39.45,106.85,0.702,-1,-1,-1
184,33,34.27,346.73,27.34,73.59,0.736,-1,-1,-1
184,37,828.32,324.74,33.42,107.89,0.746,-1,-1,-1
184,38,1750.88,258.65,118.97,635.09,0.880,-1,-1,-1
184,39,451.81,344.72,21.94,62.56,0.469,-1,-1,-1
184,40,855.83,339.07,23.00,88.28,0.494,-1,-1,-1
184,41,941.49,328.92,21.89,91.39,0.637,-1,-1,-1
185,2,874.80,331.46,58.52,154.98,0.832,-1,-1,-1
185,3,1500.44,284.80,190.10,608.04,0.910,-1,-1,-1
185,7,781.02,322.40,41.57,128.94,0.808,-1,-1,-1
185,9,1499.01,327.41,58.30,156.88,-1.000,-1,-1,-1
185,13,392.35,329.94,41.45,126.27,-1.000,-1,-1,-1
185,20,1041.07,297.56,70.93,208.99,0.888,-1,-1,-1
185,22,748.12,331.11,23.92,68.47,0.745,-1,-1,-1
185,25,503.09,314.81,76.63,154.55,0.883,-1,-1,-1
185,26,704.25,324.00,44.51,128.47,0.812,-1,-1,-1
185,31,217.14,339.41,51.90,131.71,0.861,-1,-1,-1
185,32,76.75,346.33,39.72,106.71,0.731,-1,-1,-1
185,33,33.70,344.77,26.78,72.45,0.683,-1,-1,-1
185,37,828.48,323.14,33.47,108.41,0.740,-1,-1,-1
185,38,1742.63,254.31,123.30,629.39,0.867,-1,-1,-1
185,39,452.22,342.95,21.84,62.31,0.529,-1,-1,-1
185,40,856.18,338.16,22.62,86.72,0.467,-1,-1,-1
185,41,939.90,328.01,22.06,91.84,0.599,-1,-1,-1
186,2,872.04,330.59,58.91,155.37,0.827,-1,-1,-1
186,3,1488.72,281.70,191.74,613.61,0.911,-1,-1,-1
186,7,780.50,322.13,41.56,129.44,0.813,-1,-1,-1
186,9,1502.57,329.42,56.19,150.67,-1.000,-1,-1,-1
186,13,390.58,326.09,41.66,126.66,0.531,-1,-1,-1
186,20,1043.09,295.29,71.62,211.86,0.900,-1,-1,-1
186,22,748.96,329.53,24.29,69.28,0.758,-1,-1,-1
186,25,502.19,312.66,77.56,155.92,0.888,-1,-1,-1
186,26,704.81,322.69,44.44,128.60,0.800,-1,-1,-1
186,31,217.67,337.89,51.82,131.29,0.860,-1,-1,-1
186,32,75.20,343.50,40.29,107.56,0.719,-1,-1,-1
186,33,32.69,341.19,26.43,71.32,0.639,-1,-1,-1
186,37,829.45,322.48,33.61,109.03,0.697,-1,-1,-1
186,38,1733.45,251.58,130.66,636.31,0.862,-1,-1,-1
186,39,453.53,342.35,21.38,61.00,0.483,-1,-1,-1
186,40,855.96,337.34,23.11,88.54,0.477,-1,-1,-1
186,41,930.07,324.08,24.82,102.92,0.545,-1,-1,-1
187,2,869.61,332.77,58.96,155.08,0.825,-1,-1,-1
187,3,1472.38,282.72,195.30,620.89,0.906,-1,-1,-1
187,7,779.32,324.03,41.29,128.88,0.813,-1,-1,-1
187,9,1506.13,331.42,54.09,144.47,-1.000,-1,-1,-1
187,13,388.24,327.67,43.03,129.62,0.354,-1,-1,-1
187,20,1044.05,295.82,72.00,213.89,0.899,-1,-1,-1
187,22,749.53,332.12,23.95,67.93,0.758,-1,-1,-1
187,25,501.09,313.56,78.33,157.34,0.884,-1,-1,-1
187,26,705.38,324.59,44.36,128.24,0.814,-1,-1,-1
187,31,217.11,339.00,51.63,130.79,0.857,-1,-1,-1
187,32,72.96,343.48,40.60,107.91,0.703,-1,-1,-1
187,33,30.97,341.66,26.22,70.32,0.644,-1,-1,-1
187,37,829.02,324.38,33.49,108.85,0.742,-1,-1,-1
187,38,1716.89,253.03,139.92,642.58,0.885,-1,-1,-1
187,39,453.72,344.98,20.71,59.12,0.296,-1,-1,-1
187,40,855.86,339.24,22.94,87.60,0.469,-1,-1,-1
187,41,931.02,327.46,24.42,100.33,0.510,-1,-1,-1
188,2,868.05,333.47,58.55,154.12,0.809,-1,-1,-1
188,3,1455.10,283.62,199.81,627.66,0.914,-1,-1,-1
188,7,779.28,324.76,41.02,128.42,0.777,-1,-1,-1
188,9,1509.69,333.43,51.98,138.26,-1.000,-1,-1,-1
188,13,385.56,327.97,43.66,127.97,0.566,-1,-1,-1
188,20,1046.22,295.62,72.11,215.06,0.898,-1,-1,-1
188,22,750.37,332.00,23.91,68.03,0.685,-1,-1,-1
188,25,502.22,312.58,78.13,157.80,0.850,-1,-1,-1
188,26,706.36,325.20,44.47,129.14,0.754,-1,-1,-1
188,31,216.98,338.81,51.42,130.56,0.838,-1,-1,-1
188,32,72.35,342.17,40.94,108.03,0.627,-1,-1,-1
188,33,30.09,341.31,26.42,70.94,-1.000,-1,-1,-1
188,37,829.47,324.56,33.43,108.48,0.696,-1,-1,-1
188,38,1698.91,256.31,150.22,647.28,0.855,-1,-1,-1
188,39,457.23,344.57,20.95,58.96,-1.000,-1,-1,-1
188,40,855.16,336.88,24.17,91.97,0.333,-1,-1,-1
188,41,925.53,326.32,25.82,105.58,0.434,-1,-1,-1
189,2,867.93,336.45,58.50,153.81,0.787,-1,-1,-1
189,3,1439.98,289.10,204.33,633.05,0.913,-1,-1,-1
189,7,777.44,328.44,41.13,128.99,0.817,-1,-1,-1
189,9,1513.25,335.44,49.87,132.05,-1.000,-1,-1,-1
189,13,387.96,329.72,39.45,112.31,-1.000,-1,-1,-1
189,20,1046.72,298.70,72.39,216.65,0.910,-1,-1,-1
189,22,749.32,334.98,24.29,69.03,0.722,-1,-1,-1
189,25,501.67,314.71,78.21,158.86,0.794,-1,-1,-1
189,26,706.46,328.84,45.02,129.91,0.760,-1,-1,-1
189,31,215.93,340.33,51.48,130.68,0.829,-1,-1,-1
189,32,68.26,342.99,41.30,109.01,0.680,-1,-1,-1
189,33,29.21,340.95,26.63,71.57,-1.000,-1,-1,-1
189,37,828.00,327.44,33.81,109.81,0.752,-1,-1,-1
189,38,1685.91,263.25,162.74,651.86,0.884,-1,-1,-1
189,39,460.74,344.16,21.18,58.79,-1.000,-1,-1,-1
189,40,854.28,340.48,24.37,92.50,0.217,-1,-1,-1
189,41,924.45,329.27,27.06,109.06,0.528,-1,-1,-1
190,2,866.98,336.41,58.27,153.74,0.807,-1,-1,-1
190,3,1427.07,293.23,209.09,637.61,0.914,-1,-1,-1
190,7,777.42,328.82,41.24,129.39,0.843,-1,-1,-1
190,9,1516.81,337.45,47.77,125.85,-1.000,-1,-1,-1
190,13,390.37,331.47,35.24,96.65,0.657,-1,-1,-1
190,20,1048.95,299.86,72.53,217.33,0.913,-1,-1,-1
190,22,751.02,336.48,23.93,67.72,0.770,-1,-1,-1
190,25,501.63,314.45,78.43,160.01,0.869,-1,-1,-1
190,26,707.39,329.65,44.97,129.45,0.814,-1,-1,-1
190,31,218.08,339.89,51.75,131.15,0.861,-1,-1,-1
190,32,68.13,342.58,41.35,109.13,0.714,-1,-1,-1
190,33,28.34,340.60,26.83,72.20,0.687,-1,-1,-1
190,37,829.13,328.07,33.74,109.84,0.749,-1,-1,-1
190,38,1677.06,269.05,174.86,653.57,0.912,-1,-1,-1
190,39,464.25,343.75,21.42,58.63,-1.000,-1,-1,-1
190,40,855.95,342.19,23.79,90.29,0.236,-1,-1,-1
190,41,922.34,329.20,28.02,111.47,0.776,-1,-1,-1
191,2,866.38,337.03,59.12,155.34,0.765,-1,-1,-1
191,3,1412.63,301.64,213.40,641.15,0.918,-1,-1,-1
191,7,776.76,331.27,40.94,128.10,0.800,-1,-1,-1
191,9,1520.37,339.46,45.66,119.64,-1.000,-1,-1,-1
191,13,390.51,330.99,32.58,86.59,0.384,-1,-1,-1
191,20,1051.63,302.88,73.34,219.93,0.907,-1,-1,-1
191,22,752.53,338.48,23.66,66.50,0.741,-1,-1,-1
191,25,502.51,313.89,78.39,161.82,0.803,-1,-1,-1
191,26,707.77,330.92,44.89,129.24,0.801,-1,-1,-1
191,31,218.63,338.11,51.28,129.98,0.862,-1,-1,-1
191,32,67.71,341.08,41.42,109.35,0.714,-1,-1,-1
191,33,27.76,338.34,27.01,73.10,0.661,-1,-1,-1
191,37,830.13,329.72,34.03,110.61,0.775,-1,-1,-1
191,38,1665.96,280.25,181.31,654.03,0.802,-1,-1,-1
191,39,467.77,343.34,21.65,58.47,-1.000,-1,-1,-1
191,40,858.40,340.37,24.93,94.29,0.309,-1,-1,-1
191,41,922.22,329.70,28.67,112.90,0.654,-1,-1,-1
192,2,868.41,338.68,59.81,156.31,0.762,-1,-1,-1
192,3,1403.91,309.18,215.39,639.27,0.924,-1,-1,-1
192,7,775.97,332.36,41.31,129.11,0.822,-1,-1,-1
192,9,1523.93,341.47,43.56,113.43,-1.000,-1,-1,-1
192,13,390.94,332.24,31.27,81.16,0.357,-1,-1,-1
192,20,1053.22,306.07,73.82,221.25,0.899,-1,-1,-1
192,22,753.60,340.03,23.69,66.15,0.732,-1,-1,-1
192,25,503.89,315.24,77.23,162.02,0.802,-1,-1,-1
192,26,706.70,332.54,45.02,130.00,0.799,-1,-1,-1
192,31,220.22,337.91,50.86,128.63,0.880,-1,-1,-1
192,32,68.26,341.47,41.54,109.44,0.746,-1,-1,-1
192,33,27.74,337.70,26.86,72.74,0.639,-1,-1,-1
192,37,830.34,332.11,33.66,109.59,0.761,-1,-1,-1
192,38,1652.65,289.31,185.05,651.48,0.820,-1,-1,-1
192,39,471.28,342.93,21.89,58.31,0.600,-1,-1,-1
192,40,859.29,340.58,25.65,96.48,0.355,-1,-1,-1
192,41,920.42,331.02,27.95,109.82,0.115,-1,-1,-1
193,2,866.94,337.87,59.79,157.45,0.768,-1,-1,-1
193,3,1398.66,313.30,217.16,638.84,0.919,-1,-1,-1
193,7,776.30,332.15,41.06,128.19,0.779,-1,-1,-1
193,9,1527.49,343.48,41.45,107.23,-1.000,-1,-1,-1
193,13,381.16,329.99,43.72,112.37,0.639,-1,-1,-1
193,20,1055.42,307.19,74.21,222.19,0.898,-1,-1,-1
193,22,754.64,338.50,23.93,66.96,0.586,-1,-1,-1
193,25,505.27,313.96,76.15,163.13,0.804,-1,-1,-1
193,26,706.50,331.19,45.32,131.19,0.751,-1,-1,-1
193,31,219.77,335.47,50.62,128.72,0.854,-1,-1,-1
193,32,67.01,338.37,41.62,109.48,0.655,-1,-1,-1
193,33,28.25,334.71,26.73,72.34,0.587,-1,-1,-1
193,37,831.30,331.36,34.02,110.52,0.723,-1,-1,-1
193,38,1649.53,293.87,191.55,653.46,0.841,-1,-1,-1
193,39,471.10,340.84,22.67,57.95,0.643,-1,-1,-1
193,40,859.92,340.83,25.95,97.63,-1.000,-1,-1,-1
193,41,921.98,329.85,29.18,112.43,0.742,-1,-1,-1
194,2,864.95,338.49,59.06,156.59,0.786,-1,-1,-1
194,3,1394.37,316.52,219.13,640.37,0.904,-1,-1,-1
194,7,774.77,331.72,41.30,128.59,0.757,-1,-1,-1
194,9,1531.05,345.49,39.35,101.02,-1.000,-1,-1,-1
194,13,381.14,328.96,39.83,101.60,0.509,-1,-1,-1
194,20,1056.24,309.03,74.55,222.61,0.905,-1,-1,-1
194,22,753.99,337.83,24.10,67.56,0.665,-1,-1,-1
194,25,504.67,313.07,74.88,164.21,0.830,-1,-1,-1
194,26,705.83,331.04,44.99,131.21,0.778,-1,-1,-1
194,31,218.02,333.31,50.92,130.22,0.832,-1,-1,-1
194,32,62.38,337.28,41.29,109.18,0.699,-1,-1,-1
194,33,25.84,332.97,27.46,73.53,0.638,-1,-1,-1
194,37,830.75,331.78,33.68,109.45,0.758,-1,-1,-1
194,38,1640.38,296.84,195.84,655.88,0.858,-1,-1,-1
194,39,469.50,340.45,22.62,56.93,0.124,-1,-1,-1
194,40,860.55,341.08,26.25,98.78,-1.000,-1,-1,-1
194,41,922.32,330.21,29.86,113.29,0.733,-1,-1,-1
195,2,864.56,339.65,58.79,156.19,0.776,-1,-1,-1
195,3,1391.97,317.64,220.24,641.29,0.906,-1,-1,-1
195,7,774.78,330.78,41.85,130.12,0.789,-1,-1,-1
195,9,1534.61,347.50,37.24,94.81,-1.000,-1,-1,-1
195,13,381.73,328.70,36.74,92.78,0.464,-1,-1,-1
195,20,1057.64,310.43,74.84,223.05,0.905,-1,-1,-1
195,22,754.65,337.95,23.94,67.19,0.672,-1,-1,-1
195,25,504.84,312.35,74.66,167.27,0.807,-1,-1,-1
195,26,705.74,330.15,45.26,132.20,0.796,-1,-1,-1
195,31,218.64,333.40,50.71,130.69,0.862,-1,-1,-1
195,32,61.57,337.47,41.27,109.17,0.713,-1,-1,-1
195,33,25.09,333.02,27.53,73.81,0.525,-1,-1,-1
195,37,830.88,331.88,33.95,110.65,0.758,-1,-1,-1
195,38,1637.08,298.14,199.01,656.26,0.872,-1,-1,-1
195,39,473.06,341.11,22.40,55.58,0.222,-1,-1,-1
195,40,861.19,341.33,26.55,99.92,-1.000,-1,-1,-1
195,41,923.26,330.12,30.57,114.10,0.770,-1,-1,-1
196,2,868.63,341.23,57.74,154.31,0.809,-1,-1,-1
196,3,1389.46,314.64,218.58,639.26,0.909,-1,-1,-1
196,7,776.96,329.48,42.02,131.08,0.739,-1,-1,-1
196,9,1538.17,349.51,35.14,88.61,-1.000,-1,-1,-1
196,13,387.68,327.06,33.81,85.26,0.579,-1,-1,-1
196,20,1063.55,310.13,76.13,226.22,0.902,-1,-1,-1
196,22,759.58,337.57,23.60,66.60,0.625,-1,-1,-1
196,25,508.42,311.37,72.88,166.97,0.823,-1,-1,-1
196,26,711.34,330.27,44.68,131.62,0.789,-1,-1,-1
196,31,222.76,331.46,50.40,130.59,0.836,-1,-1,-1
196,32,65.05,335.30,40.21,107.58,0.371,-1,-1,-1
196,33,28.89,330.94,27.36,72.41,0.493,-1,-1,-1
196,37,834.93,331.31,33.67,110.07,0.746,-1,-1,-1
196,38,1633.80,297.90,198.60,652.16,0.855,-1,-1,-1
196,39,476.78,341.80,21.82,53.07,0.222,-1,-1,-1
196,40,861.82,341.58,26.84,101.07,-1.000,-1,-1,-1
196,41,927.75,329.41,30.07,111.14,0.597,-1,-1,-1
197,2,869.28,343.33,57.15,153.88,0.807,-1,-1,-1
197,3,1387.86,313.26,214.56,631.25,0.910,-1,-1,-1
197,7,775.76,331.86,41.74,131.48,0.714,-1,-1,-1
197,9,1541.73,351.52,33.03,82.40,-1.000,-1,-1,-1
197,13,389.45,330.18,32.68,81.38,0.650,-1,-1,-1
197,20,1065.32,311.43,76.95,228.06,0.906,-1,-1,-1
197,22,760.36,340.80,23.17,65.90,0.739,-1,-1,-1
197,25,508.42,314.45,70.81,166.07,0.796,-1,-1,-1
197,26,712.74,331.32,44.59,132.74,0.792,-1,-1,-1
197,31,224.52,333.35,50.45,131.36,0.832,-1,-1,-1
197,32,69.44,338.87,40.25,107.81,-1.000,-1,-1,-1
197,33,28.77,332.29,27.63,73.31,0.236,-1,-1,-1
197,37,835.72,333.29,33.56,110.08,0.764,-1,-1,-1
197,38,1628.15,297.13,196.43,643.52,0.865,-1,-1,-1
197,39,477.32,344.92,21.84,51.94,0.145,-1,-1,-1
197,40,862.45,341.83,27.14,102.22,-1.000,-1,-1,-1
197,41,927.55,330.94,30.37,112.41,0.534,-1,-1,-1
198,2,871.19,345.61,56.39,153.25,0.821,-1,-1,-1
198,3,1389.09,311.60,211.41,625.96,0.916,-1,-1,-1
198,7,776.44,332.71,41.59,132.08,0.727,-1,-1,-1
198,9,1545.29,353.53,30.93,76.19,0.541,-1,-1,-1
198,13,391.26,331.59,32.37,79.95,0.643,-1,-1,-1
198,20,1069.20,312.19,77.65,229.75,0.910,-1,-1,-1
198,22,762.55,342.02,23.10,66.16,0.733,-1,-1,-1
198,25,510.33,316.37,68.83,165.23,0.807,-1,-1,-1
198,26,714.76,334.45,44.11,131.51,0.814,-1,-1,-1
198,31,226.26,335.54,50.14,130.07,0.834,-1,-1,-1
198,32,73.83,342.44,40.29,108.04,-1.000,-1,-1,-1
198,33,31.25,333.88,27.19,71.91,0.521,-1,-1,-1
198,37,837.99,334.78,33.53,110.52,0.791,-1,-1,-1
198,38,1626.03,295.03,195.61,638.60,0.844,-1,-1,-1
198,39,478.54,345.86,23.06,52.79,0.565,-1,-1,-1
198,40,863.08,342.09,27.44,103.36,-1.000,-1,-1,-1
198,41,930.51,332.99,30.34,112.02,0.596,-1,-1,-1
199,2,874.59,347.21,55.97,153.16,0.782,-1,-1,-1
199,3,1388.77,310.50,210.70,628.40,0.920,-1,-1,-1
199,7,779.06,334.37,41.42,131.45,0.733,-1,-1,-1
199,9,1547.55,355.89,33.88,80.82,-1.000,-1,-1,-1
199,13,395.49,333.75,31.57,77.68,0.481,-1,-1,-1
199,20,1073.55,312.82,78.53,231.71,0.893,-1,-1,-1
199,22,766.13,343.92,22.98,66.07,0.530,-1,-1,-1
199,25,511.32,317.37,67.71,165.14,0.779,-1,-1,-1
199,26,717.77,335.38,44.04,131.75,0.769,-1,-1,-1
199,31,230.14,338.36,49.25,128.17,0.815,-1,-1,-1
199,32,78.22,346.01,40.33,108.26,-1.000,-1,-1,-1
199,33,33.10,335.38,27.33,72.16,0.640,-1,-1,-1
199,37,841.14,336.34,33.27,110.10,0.739,-1,-1,-1
199,38,1625.39,292.90,197.49,642.57,0.809,-1,-1,-1
199,39,481.45,346.59,24.07,53.71,0.459,-1,-1,-1
199,40,863.72,342.34,27.74,104.51,-1.000,-1,-1,-1
199,41,936.48,335.16,28.26,102.51,0.589,-1,-1,-1
200,2,878.18,350.77,55.79,152.66,0.777,-1,-1,-1
200,3,1387.76,311.66,210.91,633.39,0.924,-1,-1,-1
200,7,778.98,338.79,41.25,131.47,0.789,-1,-1,-1
200,9,1549.82,358.26,36.83,85.44,0.581,-1,-1,-1
200,13,395.28,337.53,32.29,78.59,0.668,-1,-1,-1
200,20,1077.30,314.84,79.28,233.99,0.901,-1,-1,-1
200,22,767.48,349.36,22.37,64.69,0.741,-1,-1,-1
200,25,512.58,321.74,66.38,165.09,0.824,-1,-1,-1
200,26,718.89,338.43,44.34,132.94,0.814,-1,-1,-1
200,31,232.96,343.61,48.95,127.78,0.840,-1,-1,-1
200,32,82.61,349.57,40.37,108.49,-1.000,-1,-1,-1
200,33,33.90,340.50,26.95,71.30,0.696,-1,-1,-1
200,37,842.66,340.12,33.24,110.32,0.788,-1,-1,-1
200,38,1623.49,293.77,199.55,646.78,0.783,-1,-1,-1
200,39,482.39,351.39,24.55,53.30,0.430,-1,-1,-1
200,40,864.35,342.59,28.04,105.66,0.506,-1,-1,-1
200,41,938.19,339.01,30.27,108.84,0.672,-1,-1,-1
201,2,888.44,356.61,55.35,152.11,0.749,-1,-1,-1
201,3,1388.16,317.54,213.67,645.94,0.920,-1,-1,-1
201,7,786.83,344.70,42.00,132.95,0.557,-1,-1,-1
201,9,1557.78,363.36,37.01,83.39,-1.000,-1,-1,-1
201,13,403.78,344.53,31.91,77.23,0.217,-1,-1,-1
201,20,1089.82,319.87,80.11,237.18,0.858,-1,-1,-1
201,22,774.11,354.19,22.65,65.66,-1.000,-1,-1,-1
201,25,521.54,333.28,63.43,159.17,0.694,-1,-1,-1
201,26,728.92,348.01,42.91,128.90,0.636,-1,-1,-1
201,31,244.05,351.49,47.56,124.36,0.762,-1,-1,-1
201,32,87.00,353.14,40.41,108.72,-1.000,-1,-1,-1
201,33,41.59,345.45,26.93,71.40,-1.000,-1,-1,-1
201,37,853.13,346.88,32.71,108.79,0.472,-1,-1,-1
201,38,1625.45,299.97,202.82,655.76,0.775,-1,-1,-1
201,39,491.32,356.52,25.18,54.09,0.248,-1,-1,-1
201,41,948.50,345.67,28.79,101.78,0.560,-1,-1,-1
202,2,891.77,359.86,55.39,152.82,0.698,-1,-1,-1
202,3,1383.76,322.08,215.24,655.01,0.853,-1,-1,-1
202,7,790.13,351.07,41.44,129.75,0.723,-1,-1,-1
202,9,1565.75,368.46,37.19,81.35,-1.000,-1,-1,-1
202,13,407.68,348.52,32.65,78.49,-1.000,-1,-1,-1
202,20,1095.25,324.10,80.09,238.78,0.717,-1,-1,-1
202,22,780.75,359.02,22.94,66.64,-1.000,-1,-1,-1
202,25,526.35,350.12,58.51,147.25,0.599,-1,-1,-1
202,26,730.02,355.61,42.34,127.08,0.478,-1,-1,-1
202,31,249.70,356.29,47.05,122.97,0.751,-1,-1,-1
202,32,91.39,356.71,40.45,108.94,-1.000,-1,-1,-1
202,33,49.28,350.40,26.92,71.50,-1.000,-1,-1,-1
202,37,859.21,351.26,29.78,97.85,0.551,-1,-1,-1
202,38,1626.98,305.58,205.87,661.67,0.749,-1,-1,-1
202,39,496.70,360.78,26.01,54.57,-1.000,-1,-1,-1
202,41,952.32,351.37,27.73,96.54,0.306,-1,-1,-1
203,2,899.30,363.77,56.55,154.32,0.826,-1,-1,-1
203,3,1383.01,328.18,215.34,660.87,0.899,-1,-1,-1
203,7,795.62,353.90,41.69,132.01,0.772,-1,-1,-1
203,9,1573.71,373.55,37.38,79.31,0.655,-1,-1,-1
203,13,411.57,352.51,33.39,79.74,0.582,-1,-1,-1
203,20,1104.59,327.80,80.71,241.22,0.900,-1,-1,-1
203,22,787.38,363.84,23.22,67.61,0.615,-1,-1,-1
203,25,531.32,345.67,61.25,156.21,0.815,-1,-1,-1
203,26,738.98,356.73,43.15,129.33,0.808,-1,-1,-1
203,31,258.36,359.53,47.68,124.57,0.841,-1,-1,-1
203,32,95.78,360.27,40.49,109.17,0.764,-1,-1,-1
203,33,56.98,355.35,26.91,71.59,0.722,-1,-1,-1
203,37,864.66,355.87,31.65,103.90,0.751,-1,-1,-1
203,38,1631.25,313.36,209.11,666.81,0.812,-1,-1,-1
203,39,502.09,365.04,26.85,55.05,0.696,-1,-1,-1
203,41,958.96,356.96,30.32,105.21,0.676,-1,-1,-1
204,2,911.38,366.32,57.06,154.11,0.775,-1,-1,-1
204,3,1390.06,333.43,216.07,668.14,0.887,-1,-1,-1
204,7,807.77,356.07,41.44,132.37,0.782,-1,-1,-1
204,9,1583.61,377.00,49.13,105.02,-1.000,-1,-1,-1
204,13,423.09,353.63,34.31,80.30,0.804,-1,-1,-1
204,20,1119.35,330.19,81.41,244.00,0.898,-1,-1,-1
204,22,800.31,364.99,22.84,66.75,0.436,-1,-1,-1
204,25,542.67,345.05,61.30,158.58,0.814,-1,-1,-1
204,26,751.84,358.51,44.15,132.06,0.832,-1,-1,-1
204,31,272.11,360.46,48.02,125.38,0.851,-1,-1,-1
204,32,107.90,361.39,40.10,108.31,0.706,-1,-1,-1
204,33,69.89,356.24,27.43,74.07,0.687,-1,-1,-1
204,37,876.64,358.37,32.42,106.60,0.690,-1,-1,-1
204,38,1638.48,319.32,211.74,673.39,0.763,-1,-1,-1
204,39,514.39,365.78,28.38,56.42,0.584,-1,-1,-1
204,41,971.53,359.66,31.22,107.99,0.563,-1,-1,-1
204,42,838.04,356.00,25.63,123.22,0.562,-1,-1,-1
205,2,917.90,368.07,56.83,154.08,0.783,-1,-1,-1
205,3,1393.23,337.77,215.05,671.69,0.883,-1,-1,-1
205,7,817.86,358.06,42.27,134.20,0.725,-1,-1,-1
205,9,1593.50,380.45,60.88,130.73,-1.000,-1,-1,-1
205,13,432.43,354.79,34.81,81.24,-1.000,-1,-1,-1
205,20,1131.31,332.38,82.16,247.19,0.881,-1,-1,-1
205,25,549.29,345.88,61.34,160.33,0.701,-1,-1,-1
205,26,759.87,362.68,43.93,131.46,0.753,-1,-1,-1
205,31,283.31,362.18,47.27,123.64,0.782,-1,-1,-1
205,32,120.80,364.81,40.18,107.46,0.452,-1,-1,-1
205,33,82.66,357.58,27.23,73.99,-1.000,-1,-1,-1
205,37,886.19,359.97,32.40,106.09,0.506,-1,-1,-1
205,38,1646.32,324.36,214.66,678.31,0.790,-1,-1,-1
205,39,523.36,367.27,29.05,56.69,0.276,-1,-1,-1
205,41,980.07,364.83,31.26,107.23,0.530,-1,-1,-1
205,42,848.60,359.97,25.50,122.54,-1.000,-1,-1,-1
206,2,932.82,370.81,57.42,155.24,0.785,-1,-1,-1
206,3,1397.89,347.03,213.31,672.21,0.894,-1,-1,-1
206,7,831.64,359.92,42.37,135.02,0.730,-1,-1,-1
206,9,1603.40,383.89,72.63,156.44,0.583,-1,-1,-1
206,13,441.77,355.95,35.30,82.18,-1.000,-1,-1,-1
206,20,1148.19,337.46,82.35,247.96,0.897,-1,-1,-1
206,25,562.99,347.47,61.26,161.83,0.778,-1,-1,-1
206,26,774.44,363.79,44.75,133.21,0.769,-1,-1,-1
206,31,301.34,363.50,46.99,122.19,0.824,-1,-1,-1
206,32,137.29,366.08,41.00,108.00,0.492,-1,-1,-1
206,33,95.42,358.93,27.02,73.91,-1.000,-1,-1,-1
206,37,900.25,363.06,33.38,108.32,0.657,-1,-1,-1
206,38,1650.64,331.74,216.44,685.93,0.857,-1,-1,-1
206,39,538.11,368.15,30.42,57.95,0.445,-1,-1,-1
206,41,993.58,366.57,32.14,110.00,0.521,-1,-1,-1
206,42,859.16,363.94,25.36,121.86,-1.000,-1,-1,-1
207,2,937.86,371.01,57.97,156.00,0.799,-1,-1,-1
207,3,1398.54,350.31,212.86,674.66,0.868,-1,-1,-1
207,7,839.23,363.31,41.16,132.32,0.742,-1,-1,-1
207,9,1612.54,384.56,78.34,170.22,0.490,-1,-1,-1
207,13,451.10,357.11,35.80,83.12,0.652,-1,-1,-1
207,20,1157.92,339.13,82.92,249.58,0.910,-1,-1,-1
207,25,569.62,348.34,60.68,162.42,0.819,-1,-1,-1
207,26,783.26,364.11,45.28,133.32,0.825,-1,-1,-1
207,31,310.19,362.97,48.02,125.20,0.832,-1,-1,-1
207,32,145.12,365.86,40.99,108.17,0.605,-1,-1,-1
207,33,108.19,360.27,26.82,73.84,0.663,-1,-1,-1
207,37,909.26,363.88,33.99,109.71,0.581,-1,-1,-1
207,38,1655.28,333.04,218.71,694.24,0.780,-1,-1,-1
207,39,544.80,368.08,31.70,58.95,0.661,-1,-1,-1
207,41,1001.35,365.94,32.38,111.88,0.655,-1,-1,-1
207,42,869.72,367.91,25.22,121.18,0.586,-1,-1,-1
208,2,939.67,371.20,58.96,156.78,0.806,-1,-1,-1
208,3,1399.91,352.72,212.40,677.38,0.873,-1,-1,-1
208,7,846.19,364.38,40.08,129.19,0.677,-1,-1,-1
208,9,1619.80,385.04,82.69,180.90,0.241,-1,-1,-1
208,13,456.28,357.36,36.18,83.29,0.386,-1,-1,-1
208,20,1165.61,340.32,83.69,252.17,0.887,-1,-1,-1
208,25,572.89,350.27,60.18,161.86,0.799,-1,-1,-1
208,26,787.85,361.03,46.49,136.56,0.778,-1,-1,-1
208,31,317.53,363.67,48.22,125.93,0.785,-1,-1,-1
208,32,154.06,367.13,42.01,107.91,0.620,-1,-1,-1
208,33,116.43,360.67,26.43,72.81,0.398,-1,-1,-1
208,37,913.65,363.74,34.33,108.95,0.508,-1,-1,-1
208,38,1662.45,333.87,220.13,696.54,0.693,-1,-1,-1
208,39,550.73,367.91,32.55,59.43,0.546,-1,-1,-1
208,41,1008.12,366.16,32.74,112.21,0.472,-1,-1,-1
208,42,875.94,367.99,25.30,121.44,0.180,-1,-1,-1
209,2,942.48,372.43,59.01,155.51,0.810,-1,-1,-1
209,3,1401.07,352.52,211.72,681.31,0.872,-1,-1,-1
209,7,850.30,364.82,39.89,129.98,0.775,-1,-1,-1
209,9,1626.95,385.20,85.17,187.92,0.515,-1,-1,-1
209,13,459.65,357.86,36.17,82.47,0.497,-1,-1,-1
209,20,1171.82,340.88,84.34,254.29,0.902,-1,-1,-1
209,25,576.43,351.59,59.64,160.81,0.805,-1,-1,-1
209,26,793.23,360.66,46.76,136.76,0.824,-1,-1,-1
209,31,324.22,363.69,48.17,126.11,0.834,-1,-1,-1
209,32,156.77,364.93,42.16,109.32,0.684,-1,-1,-1
209,33,122.35,360.90,26.38,73.97,0.683,-1,-1,-1
209,37,919.66,364.62,34.67,108.57,0.704,-1,-1,-1
209,38,1667.60,333.12,220.32,693.62,0.793,-1,-1,-1
209,39,554.06,368.60,32.76,58.90,0.685,-1,-1,-1
209,41,1013.28,365.30,33.08,112.04,0.712,-1,-1,-1
209,42,881.24,371.16,24.59,117.76,0.674,-1,-1,-1
210,2,949.29,371.77,58.78,154.17,0.809,-1,-1,-1
210,3,1404.02,349.55,210.11,683.06,0.876,-1,-1,-1
210,7,856.09,362.46,40.17,132.33,0.747,-1,-1,-1
210,9,1634.31,383.81,87.38,193.85,0.260,-1,-1,-1
210,13,465.28,356.19,36.71,83.26,0.506,-1,-1,-1
210,20,1179.51,339.22,85.17,257.17,0.915,-1,-1,-1
210,25,582.33,350.57,59.07,160.29,0.836,-1,-1,-1
210,26,799.81,359.31,47.12,137.29,0.833,-1,-1,-1
210,31,332.20,362.44,48.34,126.83,0.845,-1,-1,-1
210,32,162.92,363.82,41.96,109.14,0.381,-1,-1,-1
210,33,129.91,359.76,26.68,75.21,0.719,-1,-1,-1
210,37,925.41,362.99,35.13,109.66,0.772,-1,-1,-1
210,38,1669.45,330.07,218.21,686.93,0.819,-1,-1,-1
210,39,559.72,367.91,32.97,58.47,0.739,-1,-1,-1
210,41,1019.93,364.00,33.47,111.94,0.769,-1,-1,-1
210,42,887.88,370.62,24.37,116.35,0.663,-1,-1,-1
211,2,960.50,371.29,58.15,152.00,0.827,-1,-1,-1
211,3,1410.76,342.18,205.78,673.96,0.869,-1,-1,-1
211,7,867.07,360.92,40.37,133.54,0.613,-1,-1,-1
211,13,474.15,355.86,37.40,83.73,0.629,-1,-1,-1
211,20,1193.09,335.24,86.46,261.53,0.902,-1,-1,-1
211,25,590.19,350.89,59.06,160.04,0.819,-1,-1,-1
211,26,810.72,357.19,47.61,138.61,0.831,-1,-1,-1
211,31,346.09,363.81,48.02,125.43,0.873,-1,-1,-1
211,32,174.12,364.49,42.58,109.58,0.576,-1,-1,-1
211,33,141.43,360.50,26.67,75.84,0.726,-1,-1,-1
211,37,935.56,360.78,35.63,111.17,0.751,-1,-1,-1
211,38,1679.33,321.85,214.57,673.66,0.858,-1,-1,-1
211,39,569.42,368.33,32.77,57.92,0.499,-1,-1,-1
211,41,1031.33,362.31,33.69,112.58,0.666,-1,-1,-1
211,42,897.81,369.01,24.49,116.88,0.447,-1,-1,-1
212,2,964.52,371.19,58.02,151.06,0.847,-1,-1,-1
212,3,1412.01,338.61,201.76,663.38,0.857,-1,-1,-1
212,7,871.49,359.53,41.01,136.18,0.800,-1,-1,-1
212,13,477.61,354.79,38.58,85.07,0.687,-1,-1,-1
212,20,1199.41,333.51,87.13,263.91,0.895,-1,-1,-1
212,25,593.51,351.62,58.86,159.57,0.478,-1,-1,-1
212,26,815.35,356.58,47.93,139.76,0.819,-1,-1,-1
212,31,352.66,364.61,47.84,124.32,0.877,-1,-1,-1
212,32,177.88,364.38,42.25,109.11,0.553,-1,-1,-1
212,33,147.12,360.57,26.15,74.76,0.702,-1,-1,-1
212,37,941.34,361.25,35.61,110.57,0.648,-1,-1,-1
212,38,1680.24,316.80,214.81,673.57,0.882,-1,-1,-1
212,39,572.79,369.35,32.42,57.27,0.299,-1,-1,-1
212,41,1035.86,361.57,34.10,113.38,0.651,-1,-1,-1
212,42,902.04,368.27,24.54,117.22,0.430,-1,-1,-1
213,2,968.13,369.70,58.08,150.92,0.809,-1,-1,-1
213,3,1412.62,334.48,198.96,656.23,0.885,-1,-1,-1
213,7,876.68,359.06,41.00,135.70,0.729,-1,-1,-1
213,13,480.38,353.26,39.30,85.42,0.586,-1,-1,-1
213,20,1206.19,330.14,88.12,267.46,0.905,-1,-1,-1
213,25,594.94,350.79,59.31,159.84,0.815,-1,-1,-1
213,26,820.18,355.99,47.92,140.03,0.833,-1,-1,-1
213,31,358.59,364.36,47.80,124.10,0.861,-1,-1,-1
213,32,182.90,363.65,41.98,108.82,0.645,-1,-1,-1
213,33,152.06,359.95,26.06,74.85,0.687,-1,-1,-1
213,37,945.61,360.45,35.91,111.23,0.712,-1,-1,-1
213,38,1680.51,311.23,216.81,679.20,0.903,-1,-1,-1
213,39,576.53,370.57,31.30,55.21,0.248,-1,-1,-1
213,41,1041.43,360.79,34.19,113.06,0.685,-1,-1,-1
213,42,907.42,369.34,24.09,114.85,0.451,-1,-1,-1
214,2,971.26,369.57,58.73,152.36,0.826,-1,-1,-1
214,3,1413.12,331.59,198.60,656.88,0.870,-1,-1,-1
214,7,881.75,362.24,40.93,134.06,0.775,-1,-1,-1
214,13,482.44,354.38,39.71,85.48,0.562,-1,-1,-1
214,20,1212.08,328.28,88.92,270.56,0.893,-1,-1,-1
214,25,596.96,352.90,59.54,159.53,0.803,-1,-1,-1
214,26,823.60,357.51,47.60,139.45,0.846,-1,-1,-1
214,31,362.93,366.45,47.75,124.16,0.850,-1,-1,-1
214,32,186.50,365.56,41.97,109.02,0.638,-1,-1,-1
214,33,155.30,361.86,25.61,74.31,0.703,-1,-1,-1
214,37,948.66,361.07,36.29,112.49,0.728,-1,-1,-1
214,38,1676.91,307.99,220.60,684.81,0.888,-1,-1,-1
214,39,577.89,367.78,33.79,59.96,0.114,-1,-1,-1
214,41,1046.21,362.34,34.27,113.00,0.763,-1,-1,-1
214,42,911.02,370.84,24.06,114.80,0.566,-1,-1,-1
215,2,976.37,369.27,58.90,152.62,0.792,-1,-1,-1
215,3,1413.37,329.41,199.58,662.36,0.897,-1,-1,-1
215,7,886.60,361.42,41.30,134.46,0.721,-1,-1,-1
215,13,486.86,353.89,39.78,84.76,0.415,-1,-1,-1
215,20,1219.75,326.13,89.61,273.14,0.900,-1,-1,-1
215,25,597.19,352.96,60.24,158.43,0.767,-1,-1,-1
215,26,828.03,356.80,47.56,140.45,0.810,-1,-1,-1
215,31,368.21,365.91,46.94,122.28,0.850,-1,-1,-1
215,32,190.80,363.71,42.73,110.44,0.433,-1,-1,-1
215,33,160.59,361.09,24.87,72.38,0.697,-1,-1,-1
215,37,953.61,360.46,36.56,112.96,0.748,-1,-1,-1
215,38,1668.38,305.84,226.85,693.06,0.892,-1,-1,-1
215,41,1049.55,362.09,33.91,112.60,0.565,-1,-1,-1
215,42,914.99,369.79,24.14,115.74,0.337,-1,-1,-1
216,2,985.69,371.69,59.21,153.20,0.816,-1,-1,-1
216,3,1409.18,329.89,204.98,674.23,0.886,-1,-1,-1
216,7,896.26,361.24,42.28,136.21,0.805,-1,-1,-1
216,13,495.17,354.92,39.62,83.94,0.373,-1,-1,-1
216,20,1233.22,325.43,91.06,278.29,0.884,-1,-1,-1
216,25,602.27,353.53,61.81,159.80,0.800,-1,-1,-1
216,26,836.19,359.88,47.06,139.17,0.711,-1,-1,-1
216,31,376.71,366.28,48.28,126.46,0.824,-1,-1,-1
216,32,202.38,360.25,44.80,115.00,0.618,-1,-1,-1
216,33,170.39,363.36,23.85,69.65,0.504,-1,-1,-1
216,37,959.26,361.92,37.24,113.37,0.735,-1,-1,-1
216,38,1655.50,310.32,236.44,703.31,0.915,-1,-1,-1
216,41,1060.92,363.11,34.26,113.12,0.678,-1,-1,-1
216,42,917.61,370.14,24.26,116.02,-1.000,-1,-1,-1
217,2,987.21,375.04,58.89,152.46,0.806,-1,-1,-1
217,3,1398.85,333.19,209.76,683.35,0.889,-1,-1,-1
217,7,896.75,363.60,42.23,135.18,0.819,-1,-1,-1
217,13,496.58,357.05,39.57,82.88,0.507,-1,-1,-1
217,20,1237.82,327.31,91.95,282.27,0.900,-1,-1,-1
217,25,602.76,355.57,62.83,159.23,0.839,-1,-1,-1
217,26,837.11,361.84,46.79,139.44,0.796,-1,-1,-1
217,31,381.12,367.75,47.53,123.51,0.856,-1,-1,-1
217,32,203.21,361.07,44.41,114.46,0.460,-1,-1,-1
217,33,172.58,363.77,24.15,70.67,0.586,-1,-1,-1
217,37,962.52,364.34,36.84,113.21,0.692,-1,-1,-1
217,38,1644.43,318.47,244.15,708.03,0.929,-1,-1,-1
217,41,1063.23,366.84,34.24,112.55,0.512,-1,-1,-1
217,42,920.23,370.48,24.37,116.29,-1.000,-1,-1,-1
218,2,990.98,375.60,58.88,152.35,0.823,-1,-1,-1
218,3,1393.36,335.49,214.30,691.52,0.895,-1,-1,-1
218,7,898.96,362.89,42.50,135.15,0.832,-1,-1,-1
218,13,499.38,356.53,40.17,83.24,0.619,-1,-1,-1
218,20,1246.00,327.58,92.69,284.79,0.895,-1,-1,-1
218,25,605.90,354.50,63.68,159.67,0.839,-1,-1,-1
218,26,841.31,362.71,46.35,139.23,0.796,-1,-1,-1
218,31,386.05,366.31,47.06,122.05,0.854,-1,-1,-1
218,32,205.62,360.76,43.90,113.26,0.510,-1,-1,-1
218,33,177.27,361.60,23.99,70.27,0.670,-1,-1,-1
218,37,968.26,364.79,36.56,112.76,0.764,-1,-1,-1
218,38,1641.00,323.54,250.07,712.59,0.921,-1,-1,-1
218,41,1068.04,367.37,34.61,112.74,0.776,-1,-1,-1
218,42,922.85,370.83,24.48,116.56,-1.000,-1,-1,-1
219,2,993.30,376.02,58.61,151.76,0.771,-1,-1,-1
219,3,1390.24,338.36,217.73,695.18,0.886,-1,-1,-1
219,7,900.02,362.62,42.76,134.73,0.818,-1,-1,-1
219,13,500.28,355.38,40.03,82.31,0.611,-1,-1,-1
219,20,1251.80,328.05,93.23,286.25,0.890,-1,-1,-1
219,25,606.77,353.00,64.72,160.87,0.858,-1,-1,-1
219,26,843.62,363.40,45.57,137.68,0.784,-1,-1,-1
219,31,389.44,364.22,46.59,120.95,0.855,-1,-1,-1
219,32,207.09,360.17,43.13,111.45,0.602,-1,-1,-1
219,33,179.29,359.21,24.12,70.48,0.683,-1,-1,-1
219,37,970.50,364.44,36.62,112.97,0.659,-1,-1,-1
219,38,1641.27,327.06,253.67,712.74,0.920,-1,-1,-1
219,41,1070.03,367.09,34.78,112.53,0.753,-1,-1,-1
219,42,925.47,371.18,24.60,116.84,-1.000,-1,-1,-1
220,2,996.28,378.43,58.18,150.65,0.800,-1,-1,-1
220,3,1387.00,343.47,219.26,695.46,0.893,-1,-1,-1
220,7,901.49,364.82,42.96,134.17,0.828,-1,-1,-1
220,13,502.02,355.37,40.85,83.21,0.567,-1,-1,-1
220,20,1258.76,330.78,93.96,287.74,0.887,-1,-1,-1
220,25,607.97,353.25,65.95,162.37,0.859,-1,-1,-1
220,26,846.23,365.63,45.10,137.10,0.794,-1,-1,-1
220,31,394.76,364.29,46.07,119.88,0.849,-1,-1,-1
220,32,207.90,360.76,43.50,111.94,0.729,-1,-1,-1
220,33,182.03,359.85,24.17,70.56,0.650,-1,-1,-1
220,37,975.26,365.64,36.95,113.76,0.730,-1,-1,-1
220,38,1641.06,331.45,256.51,713.15,0.924,-1,-1,-1
220,41,1073.89,369.01,34.69,112.11,0.744,-1,-1,-1
220,42,928.09,371.53,24.71,117.11,-1.000,-1,-1,-1
221,2,999.67,378.25,58.22,150.90,0.771,-1,-1,-1
221,3,1381.60,349.20,219.97,696.45,0.906,-1,-1,-1
221,7,902.32,365.36,43.59,134.13,0.811,-1,-1,-1
221,13,503.07,352.83,41.69,84.61,0.764,-1,-1,-1
221,20,1266.84,333.54,95.35,292.38,0.880,-1,-1,-1
221,25,608.21,351.56,66.83,163.44,0.863,-1,-1,-1
221,26,848.12,363.88,45.42,138.65,0.818,-1,-1,-1
221,31,398.73,360.83,46.12,120.33,0.832,-1,-1,-1
221,32,209.05,357.49,43.83,112.40,0.597,-1,-1,-1
221,33,184.22,355.95,24.25,70.75,0.627,-1,-1,-1
221,37,977.24,365.76,37.25,114.33,0.674,-1,-1,-1
221,38,1639.64,336.21,259.61,717.53,0.889,-1,-1,-1
221,41,1078.09,369.66,34.83,111.83,0.775,-1,-1,-1
221,42,930.72,371.88,24.82,117.38,-1.000,-1,-1,-1
222,2,1000.15,377.79,57.70,150.38,0.738,-1,-1,-1
222,3,1376.17,351.51,220.92,698.61,0.898,-1,-1,-1
222,7,900.46,366.21,43.98,133.74,0.801,-1,-1,-1
222,13,502.08,352.04,42.47,85.88,0.795,-1,-1,-1
222,20,1271.05,334.95,96.14,295.59,0.862,-1,-1,-1
222,25,607.54,352.53,66.92,162.65,0.872,-1,-1,-1
222,26,847.69,363.39,45.47,139.49,0.831,-1,-1,-1
222,31,399.99,360.09,46.03,120.53,0.841,-1,-1,-1
222,32,208.46,356.95,43.98,112.55,0.676,-1,-1,-1
222,33,183.79,355.00,24.67,72.21,0.637,-1,-1,-1
222,37,977.51,365.86,37.51,114.62,0.682,-1,-1,-1
222,38,1640.34,337.95,261.10,717.69,0.873,-1,-1,-1
222,41,1078.73,369.80,35.08,111.84,0.820,-1,-1,-1
222,42,933.34,372.23,24.94,117.66,-1.000,-1,-1,-1
223,2,1002.68,376.45,57.38,150.22,0.735,-1,-1,-1
223,3,1372.65,350.72,222.22,701.37,0.894,-1,-1,-1
223,7,899.30,365.65,44.11,133.34,0.809,-1,-1,-1
223,13,502.51,350.97,42.29,85.54,0.739,-1,-1,-1
223,20,1275.95,334.69,97.15,299.75,0.867,-1,-1,-1
223,25,607.73,351.72,67.31,163.04,0.874,-1,-1,-1
223,26,848.68,361.52,45.56,140.55,0.805,-1,-1,-1
223,31,401.92,359.03,45.79,120.48,0.851,-1,-1,-1
223,32,211.67,354.82,44.42,112.88,0.585,-1,-1,-1
223,33,184.42,353.42,24.87,72.97,0.698,-1,-1,-1
223,37,978.89,365.30,37.48,114.82,0.672,-1,-1,-1
223,38,1641.52,337.64,259.76,711.29,0.827,-1,-1,-1
223,41,1080.10,368.78,35.52,112.16,0.811,-1,-1,-1
223,42,935.96,372.57,25.05,117.93,0.589,-1,-1,-1
224,2,1005.87,373.57,57.13,149.98,0.760,-1,-1,-1
224,3,1367.69,347.92,224.91,707.70,0.891,-1,-1,-1
224,7,900.62,362.76,44.47,134.19,0.799,-1,-1,-1
224,13,504.79,348.26,42.17,85.51,0.698,-1,-1,-1
224,20,1277.88,331.03,99.05,303.87,0.888,-1,-1,-1
224,25,610.01,350.09,67.49,162.95,0.845,-1,-1,-1
224,26,851.64,357.62,45.83,142.58,0.796,-1,-1,-1
224,31,405.74,356.68,45.69,121.01,0.818,-1,-1,-1
224,32,214.32,350.50,45.26,114.21,0.597,-1,-1,-1
224,33,186.73,350.81,25.04,73.60,0.773,-1,-1,-1
224,37,981.83,363.47,37.19,114.43,0.674,-1,-1,-1
224,38,1640.92,334.61,256.13,702.50,0.831,-1,-1,-1
224,41,1084.01,366.60,35.71,112.52,0.777,-1,-1,-1
224,42,938.78,368.21,24.89,116.22,0.468,-1,-1,-1
225,2,1008.14,372.46,56.98,150.25,0.782,-1,-1,-1
225,3,1365.05,344.96,224.09,698.78,0.879,-1,-1,-1
225,7,900.37,361.20,44.78,135.10,0.801,-1,-1,-1
225,13,504.47,347.48,42.42,85.82,0.693,-1,-1,-1
225,20,1281.15,329.42,100.55,307.40,0.838,-1,-1,-1
225,25,610.24,349.38,67.73,163.19,0.846,-1,-1,-1
225,26,852.49,357.29,45.24,142.50,0.730,-1,-1,-1
225,31,408.02,356.80,45.15,120.19,0.796,-1,-1,-1
225,32,214.25,349.37,45.86,115.04,0.458,-1,-1,-1
225,33,186.76,350.22,24.64,72.06,0.738,-1,-1,-1
225,37,983.94,362.42,37.25,114.57,0.699,-1,-1,-1
225,38,1638.37,329.72,252.37,694.72,0.831,-1,-1,-1
225,41,1086.01,365.84,35.68,112.27,0.443,-1,-1,-1
225,42,939.04,367.72,24.85,114.82,0.623,-1,-1,-1
226,2,1009.58,371.80,57.29,151.59,0.771,-1,-1,-1
226,3,1356.65,339.33,220.60,684.00,0.896,-1,-1,-1
226,7,900.70,359.37,45.06,136.48,0.794,-1,-1,-1
226,13,503.45,345.43,43.10,87.38,0.692,-1,-1,-1
226,20,1288.52,325.93,102.20,312.14,0.859,-1,-1,-1
226,25,610.05,348.41,68.20,163.48,0.860,-1,-1,-1
226,26,854.05,355.19,45.35,143.57,0.747,-1,-1,-1
226,31,410.74,356.41,45.06,120.20,0.828,-1,-1,-1
226,32,213.72,347.73,45.99,115.66,0.591,-1,-1,-1
226,33,188.69,348.16,24.79,72.38,0.771,-1,-1,-1
226,37,987.21,361.55,37.13,114.03,0.697,-1,-1,-1
226,38,1632.69,323.09,253.11,701.58,0.834,-1,-1,-1
226,41,1090.10,364.42,35.87,112.51,0.743,-1,-1,-1
226,42,939.16,366.15,25.11,115.32,0.575,-1,-1,-1
227,2,1010.85,370.87,57.47,152.06,0.772,-1,-1,-1
227,3,1351.75,334.56,220.33,680.29,0.894,-1,-1,-1
227,7,902.95,358.90,45.00,136.64,0.764,-1,-1,-1
227,13,504.55,344.31,42.88,86.85,0.649,-1,-1,-1
227,20,1295.25,322.24,103.90,316.88,0.869,-1,-1,-1
227,25,611.83,347.62,68.17,163.01,0.676,-1,-1,-1
227,26,856.53,354.40,45.08,143.92,0.736,-1,-1,-1
227,31,414.81,355.60,44.90,119.71,0.820,-1,-1,-1
227,32,216.64,345.34,46.88,117.31,0.393,-1,-1,-1
227,33,191.24,346.29,24.75,72.28,0.549,-1,-1,-1
227,37,988.87,359.52,37.25,115.07,0.682,-1,-1,-1
227,38,1631.06,318.84,253.88,707.82,0.803,-1,-1,-1
227,41,1093.42,362.61,36.38,113.34,0.782,-1,-1,-1
227,42,942.10,364.04,26.36,119.05,0.580,-1,-1,-1
228,2,1013.91,372.78,56.74,151.11,0.750,-1,-1,-1
228,3,1349.99,332.65,221.85,682.68,0.856,-1,-1,-1
228,7,904.64,360.31,44.51,136.41,0.780,-1,-1,-1
228,13,505.79,346.46,42.85,86.43,0.780,-1,-1,-1
228,20,1302.96,321.51,104.67,319.52,0.846,-1,-1,-1
228,25,613.08,347.57,69.20,164.62,0.845,-1,-1,-1
228,26,859.79,356.78,44.53,142.76,0.773,-1,-1,-1
228,31,418.44,357.45,44.74,119.05,0.832,-1,-1,-1
228,32,218.31,348.08,45.91,115.73,0.723,-1,-1,-1
228,33,194.60,348.38,24.64,72.35,0.748,-1,-1,-1
228,37,991.67,362.15,37.01,114.55,0.734,-1,-1,-1
228,38,1628.20,318.30,254.20,713.75,0.797,-1,-1,-1
228,41,1095.66,364.06,36.20,113.94,0.705,-1,-1,-1
228,42,943.64,365.78,27.28,120.69,0.716,-1,-1,-1
229,2,1016.82,373.36,56.32,150.04,0.772,-1,-1,-1
229,3,1349.68,331.69,224.01,687.36,0.840,-1,-1,-1
229,7,907.55,359.38,44.22,136.93,0.771,-1,-1,-1
229,13,507.62,346.29,42.97,86.18,0.755,-1,-1,-1
229,20,1311.04,320.49,105.00,320.99,0.719,-1,-1,-1
229,25,615.23,346.65,69.66,165.02,0.837,-1,-1,-1
229,26,863.59,356.08,44.38,143.07,0.787,-1,-1,-1
229,31,422.52,356.91,44.49,118.30,0.835,-1,-1,-1
229,32,220.68,348.65,45.13,114.30,0.743,-1,-1,-1
229,33,198.39,347.97,24.64,72.48,0.730,-1,-1,-1
229,37,994.38,361.65,36.96,114.86,0.719,-1,-1,-1
229,38,1627.96,318.63,255.29,721.25,0.787,-1,-1,-1
229,41,1100.40,364.06,36.26,113.76,0.738,-1,-1,-1
229,42,945.55,364.59,27.97,121.99,0.559,-1,-1,-1
229,43,480.17,358.57,34.43,128.58,0.583,-1,-1,-1
230,2,1020.18,373.02,56.27,149.11,0.760,-1,-1,-1
230,3,1356.86,329.90,229.13,697.34,0.853,-1,-1,-1
230,7,914.67,358.96,39.19,120.41,0.525,-1,-1,-1
230,13,511.29,345.34,42.37,84.90,0.412,-1,-1,-1
230,20,1318.75,318.43,105.82,324.37,0.647,-1,-1,-1
230,25,619.53,344.23,69.72,165.65,0.783,-1,-1,-1
230,26,866.28,356.11,43.72,141.86,0.606,-1,-1,-1
230,31,427.50,355.34,43.33,116.00,0.766,-1,-1,-1
230,32,227.73,345.72,45.91,115.76,0.336,-1,-1,-1
230,33,203.18,346.51,23.56,68.57,0.164,-1,-1,-1
230,37,999.65,360.69,36.29,113.40,0.435,-1,-1,-1
230,38,1635.75,320.33,258.15,728.96,0.856,-1,-1,-1
230,41,1105.09,362.68,36.11,112.94,0.410,-1,-1,-1
230,42,949.62,365.25,27.18,117.93,0.114,-1,-1,-1
230,43,483.20,359.60,34.16,127.47,0.569,-1,-1,-1
231,2,1025.85,375.65,56.39,149.91,0.802,-1,-1,-1
231,3,1357.96,333.96,231.71,703.04,0.853,-1,-1,-1
231,7,919.48,361.82,41.81,129.52,0.800,-1,-1,-1
231,13,515.72,347.66,42.44,84.35,0.639,-1,-1,-1
231,20,1329.53,320.62,107.71,330.75,0.589,-1,-1,-1
231,25,623.49,345.10,70.30,166.86,0.854,-1,-1,-1
231,26,872.57,356.08,44.07,144.36,0.771,-1,-1,-1
231,31,434.55,356.07,43.80,117.97,0.830,-1,-1,-1
231,32,231.73,348.38,45.49,114.95,0.769,-1,-1,-1
231,33,209.56,347.95,23.85,69.73,0.752,-1,-1,-1
231,37,1005.74,362.12,36.94,116.73,0.706,-1,-1,-1
231,38,1639.09,327.26,258.03,730.31,0.791,-1,-1,-1
231,41,1114.10,365.17,36.46,114.09,0.667,-1,-1,-1
231,42,953.90,368.66,28.00,119.22,0.704,-1,-1,-1
231,43,486.94,359.50,33.45,124.63,0.589,-1,-1,-1
232,2,1029.07,370.73,57.01,152.10,0.783,-1,-1,-1
232,3,1356.10,334.59,233.17,706.58,0.858,-1,-1,-1
232,7,923.36,359.06,42.87,133.08,0.767,-1,-1,-1
232,13,519.36,344.28,42.30,83.79,0.605,-1,-1,-1
232,20,1336.90,318.55,108.47,334.49,0.514,-1,-1,-1
232,25,626.29,340.51,70.83,168.25,0.865,-1,-1,-1
232,26,876.83,351.52,44.41,146.02,0.550,-1,-1,-1
232,31,441.80,351.57,41.35,111.49,0.797,-1,-1,-1
232,32,238.68,345.05,45.74,114.52,0.312,-1,-1,-1
232,33,214.64,342.09,24.26,70.98,0.519,-1,-1,-1
232,37,1009.44,358.65,36.66,116.54,0.701,-1,-1,-1
232,38,1638.38,327.91,258.73,734.97,0.793,-1,-1,-1
232,41,1119.58,363.11,36.00,111.78,0.705,-1,-1,-1
232,42,958.13,365.63,28.24,119.43,0.433,-1,-1,-1
232,43,490.43,355.77,33.76,125.41,0.610,-1,-1,-1
233,2,1029.78,368.55,56.92,152.18,0.763,-1,-1,-1
233,3,1352.93,336.37,233.64,708.99,0.860,-1,-1,-1
233,7,925.98,357.14,43.34,135.20,0.790,-1,-1,-1
233,13,520.77,342.69,42.32,83.95,0.606,-1,-1,-1
233,20,1351.93,317.92,90.40,272.43,0.513,-1,-1,-1
233,25,628.21,338.27,71.21,169.43,0.878,-1,-1,-1
233,26,879.37,349.95,43.98,146.93,0.810,-1,-1,-1
233,31,443.03,348.99,42.41,114.82,0.802,-1,-1,-1
233,32,239.48,343.28,45.25,113.66,0.673,-1,-1,-1
233,33,216.86,339.95,24.30,71.69,0.719,-1,-1,-1
233,37,1011.68,356.91,36.58,117.10,0.684,-1,-1,-1
233,38,1638.52,329.52,257.11,733.61,0.816,-1,-1,-1
233,41,1120.71,361.80,36.00,111.97,0.681,-1,-1,-1
233,42,959.99,364.40,28.71,119.77,0.736,-1,-1,-1
233,43,491.52,352.44,34.35,127.41,0.608,-1,-1,-1
234,2,1035.50,365.36,56.39,150.35,0.828,-1,-1,-1
234,3,1355.30,337.39,232.81,709.32,0.875,-1,-1,-1
234,7,930.50,354.63,43.44,136.27,0.749,-1,-1,-1
234,13,523.90,340.02,42.85,84.94,0.662,-1,-1,-1
234,20,1366.27,316.67,75.59,223.01,0.541,-1,-1,-1
234,25,633.15,336.06,71.31,169.45,0.851,-1,-1,-1
234,26,884.31,347.79,43.37,147.21,0.743,-1,-1,-1
234,31,448.05,346.52,42.82,116.78,0.743,-1,-1,-1
234,32,246.67,339.51,46.46,115.46,0.634,-1,-1,-1
234,33,222.83,338.22,24.16,71.50,0.738,-1,-1,-1
234,37,1018.02,354.64,36.01,116.25,0.710,-1,-1,-1
234,38,1641.63,328.72,256.79,736.11,0.790,-1,-1,-1
234,41,1125.35,359.54,35.70,111.96,0.569,-1,-1,-1
234,42,963.69,362.24,29.11,119.92,0.682,-1,-1,-1
234,43,495.41,352.04,34.09,126.42,0.486,-1,-1,-1
234,44,1826.39,390.29,78.87,97.69,0.795,-1,-1,-1
235,2,1038.18,362.26,56.72,149.76,0.836,-1,-1,-1
235,3,1359.27,336.68,232.05,709.19,0.882,-1,-1,-1
235,7,935.16,350.71,43.65,137.50,0.736,-1,-1,-1
235,13,526.64,336.37,43.33,85.63,0.411,-1,-1,-1
235,20,1377.26,314.90,66.30,190.65,0.629,-1,-1,-1
235,25,637.43,333.21,71.35,170.07,0.854,-1,-1,-1
235,26,889.01,343.21,43.48,149.00,0.741,-1,-1,-1
235,31,454.12,342.92,44.23,120.83,0.796,-1,-1,-1
235,32,249.47,337.68,45.91,114.49,0.655,-1,-1,-1
235,33,227.68,335.24,24.33,71.88,0.703,-1,-1,-1
235,37,1023.61,351.40,35.56,115.66,0.591,-1,-1,-1
235,38,1647.20,325.86,257.15,739.12,0.786,-1,-1,-1
235,41,1130.13,356.54,35.77,112.47,0.616,-1,-1,-1
235,42,968.64,358.74,29.23,119.60,0.630,-1,-1,-1
235,43,496.65,350.37,33.92,125.72,-1.000,-1,-1,-1
235,44,1835.59,387.80,80.44,99.62,0.704,-1,-1,-1
235,45,1.75,340.20,60.52,190.64,0.873,-1,-1,-1
236,2,1042.04,356.05,56.97,150.67,0.745,-1,-1,-1
236,3,1361.76,332.75,232.34,715.68,0.883,-1,-1,-1
236,7,940.53,344.29,43.88,138.74,0.795,-1,-1,-1
236,13,525.85,330.95,44.81,87.49,0.739,-1,-1,-1
236,20,1389.28,309.53,60.51,170.16,0.631,-1,-1,-1
236,25,641.08,328.25,71.78,171.44,0.833,-1,-1,-1
236,26,893.32,337.28,43.06,149.65,0.786,-1,-1,-1
236,31,461.71,338.55,44.46,121.60,0.788,-1,-1,-1
236,32,253.26,333.86,45.66,113.43,0.565,-1,-1,-1
236,33,231.79,330.73,24.57,72.73,0.624,-1,-1,-1
236,37,1028.65,345.55,35.43,116.82,0.738,-1,-1,-1
236,38,1651.02,318.81,255.82,739.27,0.833,-1,-1,-1
236,41,1137.71,351.37,36.18,113.07,0.738,-1,-1,-1
236,42,974.49,354.59,29.34,117.87,0.697,-1,-1,-1
236,43,497.90,348.71,33.76,125.02,-1.000,-1,-1,-1
236,44,1843.30,382.53,84.15,104.32,0.212,-1,-1,-1
236,45,3.67,336.10,61.19,192.30,0.910,-1,-1,-1
237,2,1042.33,352.53,57.81,151.80,0.790,-1,-1,-1
237,3,1362.21,329.91,231.39,717.66,0.784,-1,-1,-1
237,7,941.56,340.06,44.06,140.46,0.800,-1,-1,-1
237,13,525.45,326.75,46.59,89.54,0.733,-1,-1,-1
237,20,1395.23,305.79,58.78,162.74,0.558,-1,-1,-1
237,25,642.22,325.75,71.72,171.84,0.856,-1,-1,-1
237,26,895.32,335.14,42.13,148.36,0.793,-1,-1,-1
237,31,466.81,335.96,44.70,121.74,0.778,-1,-1,-1
237,32,254.01,331.65,45.30,112.80,0.539,-1,-1,-1
237,33,232.32,328.19,24.93,73.35,0.691,-1,-1,-1
237,37,1030.05,342.79,35.45,117.88,0.670,-1,-1,-1
237,38,1651.08,312.78,251.92,731.57,0.828,-1,-1,-1
237,41,1141.02,348.72,35.91,112.52,0.650,-1,-1,-1
237,42,976.81,352.09,30.18,118.29,0.798,-1,-1,-1
237,43,499.14,347.04,33.59,124.32,-1.000,-1,-1,-1
237,44,1842.59,379.34,90.33,112.50,0.627,-1,-1,-1
237,45,3.96,332.82,61.90,193.86,0.904,-1,-1,-1
238,2,1043.80,350.75,57.98,151.24,0.766,-1,-1,-1
238,3,1363.14,325.18,229.50,716.39,0.822,-1,-1,-1
238,7,943.77,337.03,44.04,140.33,0.795,-1,-1,-1
238,13,524.86,322.91,47.74,90.50,0.683,-1,-1,-1
238,20,1402.33,301.14,56.83,153.14,0.697,-1,-1,-1
238,25,644.19,323.28,71.71,172.28,0.848,-1,-1,-1
238,26,897.84,332.98,41.69,147.91,0.754,-1,-1,-1
238,31,471.09,334.74,45.25,122.06,0.784,-1,-1,-1
238,32,254.30,329.73,45.52,113.45,0.626,-1,-1,-1
238,33,234.33,325.41,25.13,74.45,0.668,-1,-1,-1
238,37,1032.19,339.68,35.41,118.02,0.653,-1,-1,-1
238,38,1652.02,305.99,247.97,722.38,0.834,-1,-1,-1
238,41,1143.83,345.59,35.85,112.75,0.635,-1,-1,-1
238,42,978.79,349.11,30.51,117.85,0.790,-1,-1,-1
238,43,500.39,345.38,33.42,123.62,-1.000,-1,-1,-1
238,44,1845.58,377.51,90.97,113.75,0.432,-1,-1,-1
238,45,3.85,330.05,62.14,193.84,0.902,-1,-1,-1
239,2,1045.66,350.75,58.06,150.41,0.762,-1,-1,-1
239,3,1366.21,321.78,225.64,707.27,0.771,-1,-1,-1
239,7,945.22,335.47,44.18,140.85,0.801,-1,-1,-1
239,13,525.15,321.06,49.11,92.50,0.798,-1,-1,-1
239,20,1409.40,297.57,55.01,144.07,0.656,-1,-1,-1
239,25,646.16,321.96,71.96,173.03,0.851,-1,-1,-1
239,26,899.69,332.68,41.19,147.80,0.759,-1,-1,-1
239,31,475.18,335.41,45.54,121.31,0.819,-1,-1,-1
239,32,254.65,329.44,45.56,113.57,0.489,-1,-1,-1
239,33,236.90,325.25,24.31,72.27,0.706,-1,-1,-1
239,37,1033.20,338.90,35.36,117.90,0.626,-1,-1,-1
239,38,1651.71,300.85,244.65,715.57,0.877,-1,-1,-1
239,41,1145.31,344.18,35.84,113.48,0.627,-1,-1,-1
239,42,979.83,347.44,31.04,119.11,0.782,-1,-1,-1
239,43,501.63,343.71,33.25,122.93,-1.000,-1,-1,-1
239,44,1850.92,378.09,86.15,108.43,0.570,-1,-1,-1
239,45,4.57,329.47,62.38,193.61,0.841,-1,-1,-1
240,2,1046.67,351.02,57.79,149.30,0.765,-1,-1,-1
240,3,1372.40,316.00,221.85,696.98,0.838,-1,-1,-1
240,7,946.52,334.11,44.26,141.72,0.766,-1,-1,-1
240,13,524.94,319.39,50.07,93.48,0.791,-1,-1,-1
240,20,1416.27,293.52,55.56,139.40,0.814,-1,-1,-1
240,25,647.83,320.63,72.27,173.62,0.863,-1,-1,-1
240,26,901.35,330.89,41.27,149.54,0.769,-1,-1,-1
240,31,477.73,335.15,45.89,121.46,0.829,-1,-1,-1
240,32,255.86,327.45,45.38,113.58,0.590,-1,-1,-1
240,33,238.09,324.02,24.33,72.35,0.706,-1,-1,-1
240,37,1033.59,337.89,35.71,118.46,0.595,-1,-1,-1
240,38,1651.80,297.17,244.42,717.32,0.873,-1,-1,-1
240,41,1146.96,342.94,35.99,114.01,0.694,-1,-1,-1
240,42,980.31,346.41,31.23,120.00,0.765,-1,-1,-1
240,43,502.88,342.05,33.08,122.23,-1.000,-1,-1,-1
240,44,1854.10,379.60,83.77,106.29,0.550,-1,-1,-1
240,45,3.67,327.71,62.48,193.17,0.849,-1,-1,-1
241,2,1052.43,350.15,57.59,148.32,0.705,-1,-1,-1
241,3,1381.34,309.30,220.41,694.85,0.867,-1,-1,-1
241,7,951.79,331.71,44.41,143.06,0.743,-1,-1,-1
241,13,528.85,317.34,50.35,93.40,0.777,-1,-1,-1
241,20,1431.23,287.08,55.36,133.31,0.818,-1,-1,-1
241,25,651.68,317.61,72.54,175.00,0.885,-1,-1,-1
241,26,906.89,328.45,41.35,151.51,0.807,-1,-1,-1
241,31,482.42,333.02,46.57,123.08,0.695,-1,-1,-1
241,32,260.31,326.14,45.08,112.71,0.670,-1,-1,-1
241,33,243.16,322.06,22.28,65.43,0.680,-1,-1,-1
241,37,1039.88,335.69,35.50,117.64,0.380,-1,-1,-1
241,38,1644.61,291.41,250.46,728.45,0.871,-1,-1,-1
241,41,1153.38,340.52,35.99,113.02,0.694,-1,-1,-1
241,42,985.25,343.79,31.46,120.67,0.711,-1,-1,-1
241,43,504.13,340.38,32.91,121.53,-1.000,-1,-1,-1
241,44,1864.43,381.77,78.26,100.44,0.525,-1,-1,-1
241,45,5.08,324.54,63.23,194.05,0.896,-1,-1,-1
242,2,1054.06,350.41,57.78,148.08,0.739,-1,-1,-1
242,3,1385.32,305.38,220.39,696.46,0.894,-1,-1,-1
242,7,954.23,331.68,44.23,143.25,0.743,-1,-1,-1
242,13,531.12,317.52,50.09,92.73,0.766,-1,-1,-1
242,20,1440.14,284.05,55.81,129.72,0.781,-1,-1,-1
242,25,653.21,316.91,72.45,175.67,0.875,-1,-1,-1
242,26,909.90,329.53,40.80,150.39,0.821,-1,-1,-1
242,31,485.00,332.87,46.30,122.41,0.745,-1,-1,-1
242,32,261.65,325.46,45.54,113.53,0.583,-1,-1,-1
242,33,243.46,321.49,23.43,68.05,0.597,-1,-1,-1
242,37,1043.65,335.59,35.76,118.75,0.481,-1,-1,-1
242,38,1632.88,289.54,257.19,736.99,0.889,-1,-1,-1
242,41,1155.94,339.97,36.56,114.22,0.746,-1,-1,-1
242,42,987.18,342.45,31.76,122.13,0.723,-1,-1,-1
242,43,505.37,338.72,32.74,120.83,-1.000,-1,-1,-1
242,45,4.72,323.90,63.56,193.69,0.895,-1,-1,-1
243,2,1057.25,350.24,58.28,147.93,0.762,-1,-1,-1
243,3,1384.38,304.30,222.48,701.34,0.873,-1,-1,-1
243,7,958.94,331.62,44.17,142.64,0.754,-1,-1,-1
243,13,533.44,317.87,49.69,91.46,0.800,-1,-1,-1
243,20,1450.21,282.30,54.87,125.75,0.314,-1,-1,-1
243,25,654.93,315.57,72.22,176.43,0.870,-1,-1,-1
243,26,912.54,328.63,40.66,150.77,0.774,-1,-1,-1
243,31,486.37,332.06,45.24,120.35,0.717,-1,-1,-1
243,32,264.71,324.84,45.40,113.03,0.624,-1,-1,-1
243,33,246.59,320.79,22.54,64.38,0.641,-1,-1,-1
243,37,1047.17,335.40,35.52,117.86,0.500,-1,-1,-1
243,38,1621.47,290.04,265.64,745.04,0.917,-1,-1,-1
243,41,1158.91,339.67,36.84,115.00,0.603,-1,-1,-1
243,42,989.58,341.14,32.20,124.00,0.679,-1,-1,-1
243,43,506.62,337.05,32.57,120.13,-1.000,-1,-1,-1
243,45,5.25,322.64,64.08,193.51,0.893,-1,-1,-1
244,2,1061.28,345.57,59.63,150.49,0.750,-1,-1,-1
244,3,1379.83,299.68,226.81,710.83,0.884,-1,-1,-1
244,7,961.85,330.62,44.30,142.60,0.600,-1,-1,-1
244,13,531.45,314.97,50.40,92.67,0.287,-1,-1,-1
244,25,657.24,313.87,71.83,176.58,0.816,-1,-1,-1
244,26,914.32,327.55,40.49,150.92,0.609,-1,-1,-1
244,31,489.13,329.20,44.46,118.48,0.288,-1,-1,-1
244,32,269.91,321.24,46.34,114.34,0.488,-1,-1,-1
244,33,249.09,318.88,21.35,59.54,0.464,-1,-1,-1
244,37,1050.33,333.73,35.60,117.96,0.551,-1,-1,-1
244,38,1613.91,287.70,273.76,754.29,0.913,-1,-1,-1
244,41,1162.95,337.66,36.82,115.11,0.582,-1,-1,-1
244,42,992.01,339.21,32.44,124.68,0.296,-1,-1,-1
244,43,507.86,335.39,32.40,119.43,-1.000,-1,-1,-1
244,45,5.73,319.24,65.58,196.31,0.874,-1,-1,-1
245,2,1064.32,347.23,59.69,149.76,0.757,-1,-1,-1
245,3,1372.77,305.40,229.65,712.94,0.882,-1,-1,-1
245,7,964.52,333.61,44.08,141.95,0.769,-1,-1,-1
245,13,533.18,317.90,49.38,90.56,0.362,-1,-1,-1
245,25,658.28,313.47,72.14,178.97,0.851,-1,-1,-1
245,26,915.19,331.05,39.98,149.42,0.567,-1,-1,-1
245,31,493.71,330.06,39.63,106.45,0.581,-1,-1,-1
245,32,271.88,322.30,46.99,115.29,0.508,-1,-1,-1
245,33,251.54,319.20,20.82,57.15,0.613,-1,-1,-1
245,37,1052.59,335.62,36.23,119.46,0.670,-1,-1,-1
245,38,1612.24,290.68,279.27,758.20,0.911,-1,-1,-1
245,41,1165.24,340.56,36.61,114.78,0.437,-1,-1,-1
245,42,993.29,338.74,33.12,127.52,0.511,-1,-1,-1
245,43,509.11,333.72,32.23,118.73,-1.000,-1,-1,-1
245,45,6.84,321.07,66.00,194.40,0.891,-1,-1,-1
246,2,1072.76,345.45,60.00,150.49,0.756,-1,-1,-1
246,3,1369.56,307.12,235.47,721.85,0.906,-1,-1,-1
246,7,970.87,331.38,44.31,142.60,0.805,-1,-1,-1
246,13,539.35,315.35,49.44,90.07,0.621,-1,-1,-1
246,25,664.59,310.74,71.79,180.32,0.870,-1,-1,-1
246,26,922.27,327.82,40.34,151.11,0.756,-1,-1,-1
246,31,502.97,330.46,40.27,108.19,0.367,-1,-1,-1
246,32,277.30,320.41,46.41,112.73,0.653,-1,-1,-1
246,33,258.32,315.24,20.56,55.78,0.597,-1,-1,-1
246,37,1059.12,334.51,36.73,121.33,0.595,-1,-1,-1
246,38,1618.32,296.71,282.32,759.05,0.911,-1,-1,-1
246,41,1173.57,339.31,35.81,111.94,0.557,-1,-1,-1
246,42,999.89,339.00,32.78,125.58,0.688,-1,-1,-1
246,43,510.35,332.06,32.06,118.03,-1.000,-1,-1,-1
246,45,12.44,316.92,67.23,194.20,0.881,-1,-1,-1
247,2,1073.30,344.76,60.47,151.29,0.816,-1,-1,-1
247,3,1362.45,310.43,239.42,725.93,0.902,-1,-1,-1
247,7,969.89,330.87,44.57,143.19,0.795,-1,-1,-1
247,13,537.15,316.52,49.36,88.97,0.725,-1,-1,-1
247,25,663.89,309.89,71.44,181.80,0.872,-1,-1,-1
247,26,922.03,328.54,40.15,150.79,0.745,-1,-1,-1
247,31,507.33,328.78,39.83,107.07,-1.000,-1,-1,-1
247,32,276.20,320.42,46.32,112.19,0.573,-1,-1,-1
247,33,256.71,314.55,20.92,55.80,0.674,-1,-1,-1
247,37,1058.98,334.40,36.76,121.86,0.607,-1,-1,-1
247,38,1618.06,300.12,283.99,759.30,0.893,-1,-1,-1
247,41,1172.89,339.21,36.54,114.27,0.672,-1,-1,-1
247,42,998.84,339.44,32.72,125.01,0.676,-1,-1,-1
247,43,511.60,330.39,31.89,117.33,0.586,-1,-1,-1
247,45,10.09,317.25,68.12,193.59,0.881,-1,-1,-1
247,46,1523.77,286.98,95.82,223.97,0.767,-1,-1,-1
248,2,1076.19,344.65,60.69,151.64,0.821,-1,-1,-1
248,3,1359.53,314.87,240.69,724.08,0.890,-1,-1,-1
248,7,970.48,330.74,44.73,143.41,0.806,-1,-1,-1
248,13,536.50,316.13,50.08,89.01,0.775,-1,-1,-1
248,25,664.48,309.01,70.91,182.82,0.871,-1,-1,-1
248,26,922.50,326.59,40.69,152.86,0.746,-1,-1,-1
248,31,511.69,327.11,39.38,105.94,-1.000,-1,-1,-1
248,32,275.45,319.01,47.17,112.68,0.606,-1,-1,-1
248,33,256.57,313.30,21.31,55.84,0.688,-1,-1,-1
248,37,1060.04,334.02,36.87,122.90,0.631,-1,-1,-1
248,38,1620.36,302.15,285.72,760.41,0.898,-1,-1,-1
248,41,1173.72,338.95,37.07,115.31,0.717,-1,-1,-1
248,42,999.25,338.72,32.91,125.64,0.627,-1,-1,-1
248,43,510.19,327.36,33.40,122.69,0.655,-1,-1,-1
248,45,9.67,316.94,68.85,193.31,0.881,-1,-1,-1
248,46,1525.74,287.78,102.19,238.95,0.647,-1,-1,-1
249,2,1079.76,343.36,60.84,152.21,0.843,-1,-1,-1
249,3,1359.73,316.58,241.76,722.95,0.886,-1,-1,-1
249,7,971.84,329.28,44.70,143.05,0.810,-1,-1,-1
249,13,536.42,313.54,51.09,89.81,0.764,-1,-1,-1
249,25,665.85,307.32,70.05,182.83,0.859,-1,-1,-1
249,26,924.40,325.17,40.27,151.59,0.743,-1,-1,-1
249,31,516.04,325.43,38.93,104.82,-1.000,-1,-1,-1
249,32,272.78,315.34,47.23,113.46,0.713,-1,-1,-1
249,33,257.15,310.99,21.53,55.00,0.735,-1,-1,-1
249,37,1062.73,332.38,36.84,123.33,0.719,-1,-1,-1
249,38,1622.66,303.53,285.98,759.56,0.881,-1,-1,-1
249,41,1175.38,337.59,37.60,116.19,0.782,-1,-1,-1
249,42,1001.21,337.61,32.71,125.53,0.685,-1,-1,-1
249,43,509.96,324.82,33.44,122.85,0.551,-1,-1,-1
249,45,11.27,314.62,69.29,192.62,0.877,-1,-1,-1
249,46,1530.49,287.88,106.41,248.79,0.689,-1,-1,-1
250,2,1083.93,341.61,60.50,151.34,0.799,-1,-1,-1
250,3,1360.60,315.75,243.11,724.95,0.886,-1,-1,-1
250,7,974.40,326.72,44.68,143.27,0.794,-1,-1,-1
250,13,536.59,310.38,52.59,91.18,0.797,-1,-1,-1
250,25,667.72,304.58,69.48,183.64,0.846,-1,-1,-1
250,26,926.97,320.95,40.55,153.28,0.785,-1,-1,-1
250,31,520.40,323.76,38.48,103.70,-1.000,-1,-1,-1
250,32,275.43,313.49,47.37,113.14,0.617,-1,-1,-1
250,33,259.74,308.84,21.67,54.62,0.683,-1,-1,-1
250,37,1065.62,330.10,36.89,123.43,0.777,-1,-1,-1
250,38,1627.19,300.81,286.96,762.54,0.890,-1,-1,-1
250,41,1177.77,335.77,37.58,115.33,0.716,-1,-1,-1
250,42,1003.73,335.96,32.28,124.49,0.682,-1,-1,-1
250,43,510.83,322.58,33.50,123.22,0.527,-1,-1,-1
250,45,13.56,312.37,69.69,192.89,0.880,-1,-1,-1
250,46,1530.29,285.53,116.64,272.45,0.570,-1,-1,-1
251,2,1088.53,340.21,59.75,149.32,0.799,-1,-1,-1
251,3,1362.13,310.93,242.77,727.87,0.877,-1,-1,-1
251,7,977.54,322.91,44.54,143.76,0.788,-1,-1,-1
251,13,536.37,306.67,54.13,93.39,0.780,-1,-1,-1
251,25,670.88,301.10,69.38,185.87,0.844,-1,-1,-1
251,26,930.38,318.47,40.46,153.45,0.762,-1,-1,-1
251,31,524.75,322.08,38.03,102.57,-1.000,-1,-1,-1
251,32,276.77,311.66,48.75,115.19,0.591,-1,-1,-1
251,33,262.87,307.78,21.58,53.42,0.709,-1,-1,-1
251,37,1070.72,327.13,36.57,122.36,0.722,-1,-1,-1
251,38,1638.70,295.25,280.57,746.93,0.893,-1,-1,-1
251,41,1183.32,335.02,36.95,113.08,0.468,-1,-1,-1
251,42,1007.02,334.56,31.73,123.27,0.627,-1,-1,-1
251,43,511.54,320.64,34.02,125.05,0.308,-1,-1,-1
251,45,16.84,311.19,70.04,193.40,0.866,-1,-1,-1
251,46,1506.99,279.83,189.57,447.12,0.725,-1,-1,-1
252,2,1091.39,339.14,59.50,148.75,0.734,-1,-1,-1
252,3,1364.61,305.04,240.60,723.00,0.877,-1,-1,-1
252,7,977.58,319.53,44.92,145.60,0.790,-1,-1,-1
252,13,534.04,302.16,56.31,97.26,0.767,-1,-1,-1
252,25,672.55,299.07,69.25,187.63,0.865,-1,-1,-1
252,26,932.63,316.44,40.79,154.22,0.771,-1,-1,-1
252,31,529.11,320.41,37.58,101.45,-1.000,-1,-1,-1
252,32,275.25,310.43,49.07,116.31,0.686,-1,-1,-1
252,33,263.90,307.02,21.83,53.19,0.703,-1,-1,-1
252,37,1073.10,324.82,36.76,122.23,0.686,-1,-1,-1
252,38,1644.85,288.77,275.81,736.17,0.895,-1,-1,-1
252,41,1185.63,331.97,37.36,114.30,0.710,-1,-1,-1
252,42,1008.18,333.32,31.37,122.80,0.566,-1,-1,-1
252,43,510.49,319.45,34.66,126.91,0.543,-1,-1,-1
252,45,19.79,310.17,70.37,193.30,0.859,-1,-1,-1
252,46,1511.37,275.59,197.58,470.46,0.797,-1,-1,-1
253,2,1094.73,338.83,59.02,148.91,0.719,-1,-1,-1
253,3,1366.50,301.04,236.68,712.53,0.873,-1,-1,-1
253,7,977.98,318.52,44.76,146.07,0.819,-1,-1,-1
253,13,533.77,304.11,56.02,96.21,0.802,-1,-1,-1
253,25,673.57,298.27,68.90,189.08,0.875,-1,-1,-1
253,26,934.02,315.40,41.25,155.54,0.805,-1,-1,-1
253,31,533.47,318.74,37.13,100.32,-1.000,-1,-1,-1
253,32,275.58,312.29,48.72,116.19,0.682,-1,-1,-1
253,33,265.36,308.47,21.85,52.85,0.692,-1,-1,-1
253,37,1074.10,323.90,37.26,123.91,0.753,-1,-1,-1
253,38,1649.05,283.41,273.42,732.02,0.896,-1,-1,-1
253,41,1186.63,330.15,37.76,115.30,0.780,-1,-1,-1
253,42,1009.27,332.50,31.18,123.19,0.666,-1,-1,-1
253,43,509.08,320.37,34.88,127.47,0.667,-1,-1,-1
253,45,22.34,311.44,70.71,193.14,0.863,-1,-1,-1
253,46,1520.49,271.16,199.65,480.99,0.848,-1,-1,-1
254,2,1097.20,337.38,58.62,149.10,0.776,-1,-1,-1
254,3,1374.07,296.72,234.70,702.11,0.849,-1,-1,-1
254,7,978.86,318.19,44.54,145.91,0.799,-1,-1,-1
254,13,533.51,303.54,57.03,97.64,0.790,-1,-1,-1
254,25,674.81,297.64,68.30,189.70,0.873,-1,-1,-1
254,26,935.67,313.55,41.68,156.99,0.815,-1,-1,-1
254,31,537.82,317.06,36.68,99.20,-1.000,-1,-1,-1
254,32,276.06,312.90,48.61,116.46,0.718,-1,-1,-1
254,33,266.43,309.55,22.11,52.94,0.754,-1,-1,-1
254,37,1076.28,322.69,37.40,124.58,0.764,-1,-1,-1
254,38,1650.67,278.68,274.26,737.51,0.896,-1,-1,-1
254,41,1188.93,329.23,37.39,114.99,0.757,-1,-1,-1
254,42,1009.99,331.10,31.08,123.98,0.622,-1,-1,-1
254,43,507.79,320.65,35.30,128.28,0.747,-1,-1,-1
254,45,24.47,311.99,71.12,193.09,0.858,-1,-1,-1
254,46,1532.46,266.54,199.50,486.86,0.859,-1,-1,-1
255,2,1098.67,335.43,58.36,149.44,0.759,-1,-1,-1
255,3,1375.07,289.58,234.74,701.22,0.865,-1,-1,-1
255,7,980.94,317.29,44.28,145.28,0.739,-1,-1,-1
255,13,532.37,301.19,58.06,99.86,0.732,-1,-1,-1
255,25,676.19,296.34,67.56,190.18,0.861,-1,-1,-1
255,26,937.20,312.52,41.78,157.32,0.775,-1,-1,-1
255,31,542.18,315.39,36.23,98.08,-1.000,-1,-1,-1
255,32,277.75,313.60,47.99,115.87,0.664,-1,-1,-1
255,33,268.68,309.39,22.41,53.03,0.758,-1,-1,-1
255,37,1078.27,320.71,37.73,126.37,0.721,-1,-1,-1
255,38,1651.39,274.71,275.79,745.90,0.897,-1,-1,-1
255,41,1192.06,327.57,37.49,115.11,0.788,-1,-1,-1
255,42,1012.46,327.96,31.24,125.80,0.513,-1,-1,-1
255,43,507.71,320.27,35.69,129.07,0.741,-1,-1,-1
255,45,25.01,312.04,71.45,193.13,0.855,-1,-1,-1
255,46,1544.49,260.35,200.32,494.40,0.792,-1,-1,-1
256,2,1103.77,333.46,57.93,148.75,0.773,-1,-1,-1
256,3,1379.02,283.97,237.46,709.16,0.894,-1,-1,-1
256,7,984.38,317.05,44.33,145.49,0.791,-1,-1,-1
256,13,533.83,304.36,56.94,98.16,0.751,-1,-1,-1
256,25,680.24,297.27,66.56,189.79,0.878,-1,-1,-1
256,26,940.26,313.25,41.33,156.59,0.729,-1,-1,-1
256,31,546.54,313.71,35.78,96.95,-1.000,-1,-1,-1
256,32,283.44,316.25,47.87,115.65,0.610,-1,-1,-1
256,33,272.56,312.06,22.68,53.23,0.702,-1,-1,-1
256,37,1083.36,319.79,37.68,126.49,0.747,-1,-1,-1
256,38,1654.31,270.06,278.43,760.04,0.896,-1,-1,-1
256,41,1198.62,325.87,37.68,114.95,0.827,-1,-1,-1
256,42,1015.95,327.63,30.96,126.36,0.488,-1,-1,-1
256,43,509.67,322.88,35.39,127.51,0.740,-1,-1,-1
256,45,27.08,315.00,71.98,193.78,0.842,-1,-1,-1
256,46,1562.49,252.69,204.45,508.40,0.682,-1,-1,-1
257,2,1109.76,331.95,57.54,148.14,0.808,-1,-1,-1
257,3,1380.92,281.54,239.83,718.43,0.904,-1,-1,-1
257,7,987.44,316.98,44.35,145.59,0.807,-1,-1,-1
257,13,536.30,304.32,56.48,97.84,0.679,-1,-1,-1
257,25,684.06,297.51,65.59,189.19,0.872,-1,-1,-1
257,26,943.11,319.23,39.70,151.07,0.701,-1,-1,-1
257,31,550.89,312.04,35.33,95.83,-1.000,-1,-1,-1
257,32,288.27,318.97,47.00,112.55,0.739,-1,-1,-1
257,33,274.74,313.28,23.18,53.15,0.688,-1,-1,-1
257,37,1088.09,320.14,37.49,125.72,0.738,-1,-1,-1
257,38,1655.62,268.17,279.42,769.92,0.885,-1,-1,-1
257,41,1203.59,325.17,37.43,114.02,0.535,-1,-1,-1
257,42,1019.35,326.76,31.02,127.47,0.187,-1,-1,-1
257,43,512.06,324.03,35.28,126.42,0.730,-1,-1,-1
257,45,29.46,316.02,71.70,193.08,0.864,-1,-1,-1
257,46,1575.22,249.11,207.70,520.12,0.526,-1,-1,-1
258,2,1112.99,328.99,58.64,150.71,0.698,-1,-1,-1
258,3,1383.59,278.86,241.54,727.77,0.907,-1,-1,-1
258,7,991.19,320.97,43.71,140.65,0.759,-1,-1,-1
258,13,537.43,305.61,55.52,96.22,-1.000,-1,-1,-1
258,25,685.68,298.58,63.97,185.35,0.797,-1,-1,-1
258,26,946.39,318.86,39.51,149.36,0.427,-1,-1,-1
258,31,555.25,310.37,34.88,94.71,-1.000,-1,-1,-1
258,32,290.59,319.88,46.67,111.19,0.376,-1,-1,-1
258,33,276.80,314.18,23.56,53.63,-1.000,-1,-1,-1
258,37,1090.82,318.59,38.31,128.01,0.655,-1,-1,-1
258,38,1656.20,266.63,279.04,775.17,0.872,-1,-1,-1
258,41,1206.86,324.02,37.52,113.45,0.557,-1,-1,-1
258,42,1021.63,324.59,31.13,128.15,-1.000,-1,-1,-1
258,43,513.75,323.44,35.35,126.03,0.190,-1,-1,-1
258,45,31.23,316.16,72.00,194.95,0.721,-1,-1,-1
258,46,1590.42,243.34,206.86,523.44,0.618,-1,-1,-1
259,2,1116.42,330.50,58.74,150.90,0.766,-1,-1,-1
259,3,1386.97,282.36,241.66,732.02,0.890,-1,-1,-1
259,7,992.52,320.16,45.39,143.67,0.832,-1,-1,-1
259,13,538.56,306.91,54.56,94.60,0.514,-1,-1,-1
259,25,687.50,299.44,64.42,187.85,0.847,-1,-1,-1
259,26,950.79,318.26,41.12,152.99,0.672,-1,-1,-1
259,31,559.61,308.69,34.43,93.58,-1.000,-1,-1,-1
259,32,291.91,320.02,47.38,112.47,0.636,-1,-1,-1
259,33,278.86,315.08,23.95,54.12,0.715,-1,-1,-1
259,37,1093.54,320.12,37.89,126.28,0.696,-1,-1,-1
259,38,1665.07,271.24,275.32,776.07,0.851,-1,-1,-1
259,41,1210.46,325.42,37.97,114.84,0.537,-1,-1,-1
259,42,1023.91,322.42,31.24,128.84,-1.000,-1,-1,-1
259,43,514.11,326.10,35.58,126.86,0.557,-1,-1,-1
259,45,35.13,318.46,72.40,194.11,0.877,-1,-1,-1
259,46,1602.25,243.76,202.60,522.31,0.837,-1,-1,-1
260,2,1121.19,327.87,58.83,151.43,0.715,-1,-1,-1
260,3,1396.01,282.85,243.21,739.22,0.857,-1,-1,-1
260,7,996.66,317.84,45.97,143.31,0.797,-1,-1,-1
260,13,542.13,305.62,54.37,94.39,0.432,-1,-1,-1
260,25,691.23,297.43,64.73,189.06,0.853,-1,-1,-1
260,26,954.90,318.21,40.69,151.21,0.659,-1,-1,-1
260,31,563.96,307.02,33.98,92.46,-1.000,-1,-1,-1
260,32,295.44,318.30,46.93,112.08,0.722,-1,-1,-1
260,33,284.25,312.94,24.18,54.26,0.659,-1,-1,-1
260,37,1099.51,318.20,37.62,125.17,0.731,-1,-1,-1
260,38,1670.82,271.59,272.15,776.60,0.830,-1,-1,-1
260,41,1216.61,322.47,38.57,116.47,0.758,-1,-1,-1
260,42,1026.18,320.24,31.35,129.52,-1.000,-1,-1,-1
260,43,518.34,324.76,36.04,128.92,0.633,-1,-1,-1
260,45,39.48,317.40,71.93,193.12,0.832,-1,-1,-1
260,46,1619.50,242.73,196.52,512.59,0.737,-1,-1,-1
261,2,1132.02,324.53,58.23,149.74,0.768,-1,-1,-1
261,3,1407.88,282.49,241.72,739.81,0.884,-1,-1,-1
261,7,1001.53,312.47,47.11,144.28,0.818,-1,-1,-1
261,13,544.70,301.33,54.86,95.09,0.540,-1,-1,-1
261,25,696.85,292.91,64.76,189.71,0.860,-1,-1,-1
261,26,961.44,313.84,40.74,151.24,0.756,-1,-1,-1
261,31,568.32,305.34,33.53,91.33,-1.000,-1,-1,-1
261,32,301.32,312.69,47.34,113.00,0.658,-1,-1,-1
261,33,289.53,308.22,24.65,54.55,0.777,-1,-1,-1
261,37,1108.06,313.08,37.92,125.25,0.761,-1,-1,-1
261,38,1672.02,269.53,270.78,780.22,0.860,-1,-1,-1
261,41,1226.08,317.03,38.68,116.94,0.710,-1,-1,-1
261,42,1028.46,318.07,31.45,130.21,-1.000,-1,-1,-1
261,43,522.98,319.87,36.04,129.16,0.511,-1,-1,-1
261,45,44.42,313.15,71.85,192.82,0.842,-1,-1,-1
261,46,1645.23,237.09,196.75,518.21,0.664,-1,-1,-1
261,47,836.39,323.62,24.47,62.75,0.595,-1,-1,-1
262,2,1137.84,325.05,57.37,147.93,0.803,-1,-1,-1
262,3,1415.94,285.58,239.48,736.90,0.893,-1,-1,-1
262,7,1002.59,310.58,47.69,143.71,0.816,-1,-1,-1
262,13,538.82,299.87,65.56,114.70,0.297,-1,-1,-1
262,25,699.04,292.33,64.35,189.50,0.852,-1,-1,-1
262,26,963.70,311.62,41.36,152.42,0.759,-1,-1,-1
262,31,572.68,303.67,33.08,90.21,-1.000,-1,-1,-1
262,32,303.62,309.90,47.71,113.86,0.619,-1,-1,-1
262,33,291.52,306.65,25.12,54.68,0.642,-1,-1,-1
262,37,1112.64,311.45,38.38,125.33,0.767,-1,-1,-1
262,38,1671.21,269.39,269.01,783.53,0.858,-1,-1,-1
262,41,1231.89,315.64,36.23,108.94,0.442,-1,-1,-1
262,42,1030.74,315.90,31.56,130.89,-1.000,-1,-1,-1
262,43,524.19,317.71,36.41,131.01,0.466,-1,-1,-1
262,45,45.66,312.53,71.19,191.84,0.830,-1,-1,-1
262,46,1660.84,234.98,197.54,523.79,0.502,-1,-1,-1
262,47,840.66,322.37,23.97,61.50,-1.000,-1,-1,-1
262,48,0.58,300.11,20.33,198.33,0.779,-1,-1,-1
263,2,1144.01,321.66,56.98,147.99,0.804,-1,-1,-1
263,3,1424.87,283.83,238.82,739.10,0.890,-1,-1,-1
263,7,1005.70,307.05,48.01,143.76,0.776,-1,-1,-1
263,13,538.72,296.54,71.62,126.80,0.427,-1,-1,-1
263,25,701.85,288.26,64.72,190.41,0.890,-1,-1,-1
263,26,966.96,304.91,42.26,155.51,0.791,-1,-1,-1
263,31,577.03,301.99,32.63,89.09,-1.000,-1,-1,-1
263,32,308.63,305.59,47.68,113.84,0.634,-1,-1,-1
263,33,295.13,301.92,25.38,54.84,0.702,-1,-1,-1
263,37,1117.36,307.04,38.83,125.35,0.754,-1,-1,-1
263,38,1676.92,267.41,266.03,786.30,0.862,-1,-1,-1
263,41,1235.54,311.85,37.10,112.91,0.674,-1,-1,-1
263,42,1033.02,313.72,31.67,131.58,-1.000,-1,-1,-1
263,43,525.83,312.20,36.79,132.49,0.664,-1,-1,-1
263,45,49.62,308.37,71.07,190.87,0.851,-1,-1,-1
263,46,1679.36,230.09,198.60,530.17,0.463,-1,-1,-1
263,47,844.94,321.11,23.47,60.25,0.516,-1,-1,-1
263,48,2.47,294.64,20.81,202.41,0.836,-1,-1,-1
264,2,1147.97,319.67,56.49,147.26,0.769,-1,-1,-1
264,3,1429.83,283.17,238.52,743.44,0.905,-1,-1,-1
264,7,1004.46,304.77,47.73,143.88,0.762,-1,-1,-1
264,13,534.88,291.35,77.16,139.04,0.500,-1,-1,-1
264,25,701.97,285.20,65.40,192.16,0.881,-1,-1,-1
264,26,968.31,299.65,43.04,158.12,0.814,-1,-1,-1
264,31,581.39,300.32,32.18,87.96,-1.000,-1,-1,-1
264,32,309.99,303.21,47.78,113.68,0.705,-1,-1,-1
264,33,296.22,298.92,25.64,54.95,0.747,-1,-1,-1
264,37,1119.72,304.18,39.64,126.77,0.772,-1,-1,-1
264,38,1685.37,264.58,259.00,780.53,0.915,-1,-1,-1
264,41,1239.07,309.22,37.41,114.84,0.649,-1,-1,-1
264,42,1035.29,311.55,31.77,132.26,0.545,-1,-1,-1
264,43,526.00,308.60,36.97,133.78,0.632,-1,-1,-1
264,45,52.69,305.52,72.09,190.95,0.855,-1,-1,-1
264,46,1728.08,226.14,144.49,372.80,0.724,-1,-1,-1
264,47,846.04,315.15,24.46,62.91,0.544,-1,-1,-1
264,48,2.47,291.12,21.15,204.60,0.856,-1,-1,-1
265,2,1150.21,318.33,56.27,147.39,0.768,-1,-1,-1
265,3,1434.23,280.65,237.30,745.00,0.896,-1,-1,-1
265,7,1004.95,302.91,47.26,144.43,0.748,-1,-1,-1
265,13,532.88,289.26,79.67,145.45,0.382,-1,-1,-1
265,25,702.99,283.47,65.58,192.90,0.850,-1,-1,-1
265,26,967.52,296.69,43.85,160.06,0.732,-1,-1,-1
265,31,585.75,298.65,31.73,86.84,-1.000,-1,-1,-1
265,32,309.06,301.28,48.11,114.32,0.697,-1,-1,-1
265,33,296.38,295.92,26.33,56.28,0.758,-1,-1,-1
265,37,1121.45,302.48,40.08,127.52,0.755,-1,-1,-1
265,38,1691.97,260.70,250.86,768.77,0.894,-1,-1,-1
265,41,1241.24,307.60,37.33,116.18,0.730,-1,-1,-1
265,42,1035.28,309.60,31.38,132.11,0.502,-1,-1,-1
265,43,525.34,306.02,37.06,134.67,0.627,-1,-1,-1
265,45,50.90,303.28,72.72,191.37,0.885,-1,-1,-1
265,46,1735.78,222.82,162.25,418.37,0.232,-1,-1,-1
265,47,847.87,314.66,23.84,61.42,0.489,-1,-1,-1
265,48,2.69,288.54,21.56,206.82,0.865,-1,-1,-1
266,2,1157.57,313.38,56.45,148.05,0.824,-1,-1,-1
266,3,1446.63,274.50,231.50,729.52,0.884,-1,-1,-1
266,7,1007.26,299.28,46.17,142.71,0.721,-1,-1,-1
266,13,533.49,285.08,80.72,149.64,0.514,-1,-1,-1
266,25,708.27,280.11,65.30,193.50,0.849,-1,-1,-1
266,26,970.57,291.37,44.71,162.56,0.690,-1,-1,-1
266,31,590.10,296.97,31.28,85.72,0.514,-1,-1,-1
266,32,310.29,298.17,48.29,114.76,0.752,-1,-1,-1
266,33,297.87,292.18,26.82,57.49,0.697,-1,-1,-1
266,37,1126.77,298.00,41.17,129.06,0.836,-1,-1,-1
266,38,1704.22,251.31,241.94,756.62,0.905,-1,-1,-1
266,41,1247.10,303.93,37.98,117.60,0.709,-1,-1,-1
266,42,1038.61,307.54,30.74,129.49,0.646,-1,-1,-1
266,43,526.42,302.62,36.63,133.48,0.164,-1,-1,-1
266,45,51.08,299.01,72.83,191.23,0.854,-1,-1,-1
266,46,1780.70,212.78,123.71,309.10,0.574,-1,-1,-1
266,47,852.15,310.71,24.00,62.03,0.492,-1,-1,-1
266,48,4.12,284.79,22.00,208.13,0.854,-1,-1,-1
267,2,1161.28,311.68,56.79,148.91,0.810,-1,-1,-1
267,3,1454.95,269.74,226.61,715.41,0.866,-1,-1,-1
267,7,1007.37,297.68,45.64,142.89,0.733,-1,-1,-1
267,13,532.22,282.89,81.89,154.58,0.594,-1,-1,-1
267,25,708.82,279.29,65.18,193.43,0.837,-1,-1,-1
267,26,973.30,289.84,45.33,163.68,0.774,-1,-1,-1
267,31,593.09,295.30,30.77,85.43,0.635,-1,-1,-1
267,32,309.64,297.00,48.54,115.55,0.737,-1,-1,-1
267,33,297.91,291.77,27.02,58.23,0.721,-1,-1,-1
267,37,1128.78,296.87,41.67,129.62,0.805,-1,-1,-1
267,38,1709.49,242.86,237.72,760.21,0.908,-1,-1,-1
267,41,1248.89,303.38,37.97,117.34,0.708,-1,-1,-1
267,42,1039.16,307.03,30.09,126.36,0.601,-1,-1,-1
267,43,524.99,302.45,36.56,133.93,0.334,-1,-1,-1
267,45,51.26,298.01,73.22,191.34,0.881,-1,-1,-1
267,46,1809.26,209.42,98.21,241.21,0.398,-1,-1,-1
267,47,853.00,310.28,23.84,61.74,0.579,-1,-1,-1
267,48,4.65,284.01,22.48,208.94,0.858,-1,-1,-1
268,2,1164.22,309.97,56.97,149.60,0.807,-1,-1,-1
268,3,1462.54,264.01,224.24,708.28,0.895,-1,-1,-1
268,7,1007.29,295.97,45.23,143.02,0.770,-1,-1,-1
268,13,531.74,280.21,82.18,158.21,0.663,-1,-1,-1
268,25,707.79,277.86,66.00,195.24,0.873,-1,-1,-1
268,26,975.50,293.67,44.49,158.85,0.803,-1,-1,-1
268,31,595.76,296.05,29.70,82.89,0.737,-1,-1,-1
268,32,309.67,295.10,48.91,116.94,0.722,-1,-1,-1
268,33,298.10,291.02,27.33,59.16,0.688,-1,-1,-1
268,37,1130.17,295.27,42.12,130.19,0.801,-1,-1,-1
268,38,1706.63,238.25,235.98,765.93,0.892,-1,-1,-1
268,41,1250.21,302.85,38.01,116.83,0.748,-1,-1,-1
268,42,1039.99,306.78,29.95,125.23,0.687,-1,-1,-1
268,43,524.64,302.26,36.59,134.66,0.473,-1,-1,-1
268,45,51.65,296.72,73.77,191.70,0.888,-1,-1,-1
268,47,854.51,309.47,23.66,61.39,0.628,-1,-1,-1
268,48,5.71,282.52,23.10,209.60,0.851,-1,-1,-1
269,2,1165.37,309.29,57.25,150.81,0.812,-1,-1,-1
269,3,1468.25,259.32,225.05,710.38,0.898,-1,-1,-1
269,7,1006.79,296.30,45.07,142.66,0.784,-1,-1,-1
269,13,526.87,280.32,84.12,162.23,0.111,-1,-1,-1
269,25,705.54,277.93,66.73,196.30,0.881,-1,-1,-1
269,26,975.92,293.20,45.09,159.93,0.801,-1,-1,-1
269,31,596.32,297.06,29.56,81.76,0.768,-1,-1,-1
269,32,309.08,294.24,49.49,118.39,0.745,-1,-1,-1
269,33,296.73,289.93,27.90,60.65,0.673,-1,-1,-1
269,37,1131.03,295.20,42.43,130.19,0.776,-1,-1,-1
269,38,1699.49,234.83,236.23,773.34,0.873,-1,-1,-1
269,41,1250.08,303.07,38.26,116.72,0.754,-1,-1,-1
269,42,1039.25,307.48,29.97,124.67,0.533,-1,-1,-1
269,43,522.79,302.19,37.06,136.21,0.116,-1,-1,-1
269,45,51.21,296.25,74.17,192.04,0.868,-1,-1,-1
269,47,854.79,308.80,23.83,61.99,0.615,-1,-1,-1
269,48,5.49,282.18,23.52,208.50,0.833,-1,-1,-1
270,2,1166.66,309.21,57.24,150.48,0.785,-1,-1,-1
270,3,1470.80,255.85,228.02,717.44,0.893,-1,-1,-1
270,7,1007.32,296.44,44.93,142.32,0.766,-1,-1,-1
270,13,523.57,280.40,86.00,166.72,0.173,-1,-1,-1
270,25,707.97,277.92,66.27,195.69,0.830,-1,-1,-1
270,26,976.69,291.82,45.95,162.13,0.804,-1,-1,-1
270,31,598.28,298.00,29.64,80.95,0.778,-1,-1,-1
270,32,309.93,293.74,49.91,119.32,0.747,-1,-1,-1
270,33,297.37,290.14,27.78,60.19,0.530,-1,-1,-1
270,37,1133.30,295.71,42.63,129.62,0.744,-1,-1,-1
270,38,1691.45,235.56,237.29,779.64,0.881,-1,-1,-1
270,41,1252.88,303.11,38.45,117.30,0.693,-1,-1,-1
270,42,1040.04,307.94,30.01,124.33,0.309,-1,-1,-1
270,43,518.65,302.78,37.42,137.60,-1.000,-1,-1,-1
270,45,51.67,295.99,74.31,192.03,0.851,-1,-1,-1
270,47,856.28,308.81,22.93,59.78,0.369,-1,-1,-1
270,48,5.80,281.88,23.84,207.16,0.788,-1,-1,-1
271,2,1166.34,311.71,57.43,150.53,0.800,-1,-1,-1
271,3,1464.18,255.48,234.20,731.21,0.908,-1,-1,-1
271,7,1004.23,297.95,45.22,144.64,0.784,-1,-1,-1
271,13,521.36,283.78,84.78,166.17,0.420,-1,-1,-1
271,25,706.46,280.24,66.30,196.69,0.866,-1,-1,-1
271,26,973.04,293.89,45.91,162.64,0.826,-1,-1,-1
271,31,596.51,300.87,30.31,80.66,0.800,-1,-1,-1
271,32,305.78,296.74,49.84,118.96,0.732,-1,-1,-1
271,33,293.32,293.86,27.20,58.47,0.750,-1,-1,-1
271,37,1132.25,298.07,43.29,130.13,0.816,-1,-1,-1
271,38,1683.15,238.57,240.26,790.64,0.904,-1,-1,-1
271,41,1251.46,305.07,38.61,117.44,0.629,-1,-1,-1
271,42,1037.21,309.01,30.59,125.95,0.657,-1,-1,-1
271,43,514.52,303.37,37.79,138.99,-1.000,-1,-1,-1
271,45,44.96,298.17,74.69,193.59,0.847,-1,-1,-1
271,47,855.09,311.60,22.92,60.00,0.594,-1,-1,-1
271,48,2.82,283.86,24.45,208.24,0.869,-1,-1,-1
272,2,1167.13,315.28,57.29,150.26,0.782,-1,-1,-1
272,3,1461.66,258.92,238.38,739.38,0.902,-1,-1,-1
272,7,1002.40,301.82,44.67,144.31,0.752,-1,-1,-1
272,13,522.53,285.92,76.17,148.58,-1.000,-1,-1,-1
272,25,705.67,282.53,66.45,199.15,0.840,-1,-1,-1
272,26,970.45,297.06,46.25,164.63,0.774,-1,-1,-1
272,31,594.58,303.64,31.06,81.12,0.743,-1,-1,-1
272,32,304.40,300.13,49.38,118.34,0.707,-1,-1,-1
272,33,289.16,297.05,27.81,59.25,0.682,-1,-1,-1
272,37,1130.91,301.58,43.65,130.24,0.766,-1,-1,-1
272,38,1682.23,242.37,239.83,791.78,0.914,-1,-1,-1
272,41,1249.25,306.90,39.12,118.66,0.657,-1,-1,-1
272,42,1036.46,313.16,30.26,124.57,0.668,-1,-1,-1
272,43,510.38,303.96,38.16,140.38,-1.000,-1,-1,-1
272,45,42.05,301.74,75.63,194.72,0.852,-1,-1,-1
272,47,852.58,315.41,22.88,60.22,0.280,-1,-1,-1
272,48,0.83,288.20,24.66,208.36,0.840,-1,-1,-1
273,2,1161.82,315.08,58.05,149.70,0.789,-1,-1,-1
273,3,1458.97,260.22,241.54,745.13,0.903,-1,-1,-1
273,7,999.10,300.97,44.58,145.54,0.771,-1,-1,-1
273,13,523.71,288.06,67.56,130.99,0.531,-1,-1,-1
273,25,702.09,282.63,65.91,198.85,0.834,-1,-1,-1
273,26,966.03,296.92,45.72,162.70,0.793,-1,-1,-1
273,31,591.37,302.62,32.01,82.31,0.788,-1,-1,-1
273,32,299.90,299.75,49.57,118.79,0.744,-1,-1,-1
273,33,284.29,297.09,27.36,57.99,0.771,-1,-1,-1
273,37,1128.13,300.78,44.19,130.40,0.825,-1,-1,-1
273,38,1684.65,242.06,237.89,789.74,0.907,-1,-1,-1
273,41,1247.34,305.77,39.00,118.38,0.734,-1,-1,-1
273,42,1032.43,313.06,30.49,124.86,0.711,-1,-1,-1
273,43,506.25,304.55,38.53,141.77,-1.000,-1,-1,-1
273,45,36.74,302.12,75.60,194.30,0.863,-1,-1,-1
273,47,849.82,314.82,22.29,58.88,0.228,-1,-1,-1
273,48,1.06,302.30,23.43,193.91,0.768,-1,-1,-1
274,2,1160.84,316.31,58.28,149.04,0.766,-1,-1,-1
274,3,1460.16,263.09,243.65,747.57,0.897,-1,-1,-1
274,7,997.36,302.37,43.97,145.37,0.758,-1,-1,-1
274,13,520.66,290.74,72.64,142.20,0.357,-1,-1,-1
274,25,699.88,283.08,65.66,199.88,0.843,-1,-1,-1
274,26,962.31,295.99,46.37,165.18,0.784,-1,-1,-1
274,31,589.90,303.45,32.46,82.08,0.789,-1,-1,-1
274,32,298.97,301.09,49.11,118.40,0.654,-1,-1,-1
274,33,280.60,298.34,27.18,57.32,0.687,-1,-1,-1
274,37,1126.64,301.00,44.78,130.85,0.841,-1,-1,-1
274,38,1689.70,243.85,235.59,788.26,0.902,-1,-1,-1
274,41,1246.60,306.22,38.67,117.61,0.544,-1,-1,-1
274,42,1031.25,313.33,30.31,124.26,0.707,-1,-1,-1
274,43,502.12,305.14,38.90,143.15,-1.000,-1,-1,-1
274,45,34.94,304.17,75.71,193.60,0.818,-1,-1,-1
274,47,847.83,316.35,21.81,57.89,0.360,-1,-1,-1
274,48,3.27,313.47,22.91,184.65,0.665,-1,-1,-1
275,2,1158.72,315.02,59.16,149.46,0.826,-1,-1,-1
275,3,1460.89,263.52,245.56,749.72,0.884,-1,-1,-1
275,7,996.01,301.96,43.23,144.66,0.766,-1,-1,-1
275,13,515.24,289.58,77.27,152.90,0.632,-1,-1,-1
275,25,696.38,280.77,65.88,201.96,0.845,-1,-1,-1
275,26,959.93,295.91,46.09,163.89,0.779,-1,-1,-1
275,31,588.68,302.31,33.25,82.44,0.810,-1,-1,-1
275,32,294.80,300.43,49.34,118.72,0.739,-1,-1,-1
275,33,276.40,297.21,27.53,57.37,0.760,-1,-1,-1
275,37,1124.98,299.11,45.10,130.83,0.828,-1,-1,-1
275,38,1693.34,242.63,234.62,791.94,0.900,-1,-1,-1
275,41,1245.16,304.04,38.62,118.21,0.646,-1,-1,-1
275,42,1029.79,310.54,30.62,125.07,0.737,-1,-1,-1
275,43,497.98,305.73,39.27,144.54,0.519,-1,-1,-1
275,45,31.86,303.81,76.33,193.68,0.864,-1,-1,-1
275,47,846.22,313.46,22.45,59.98,0.399,-1,-1,-1
275,48,4.45,320.69,22.67,177.20,0.710,-1,-1,-1
276,2,1153.36,315.10,59.21,149.29,0.757,-1,-1,-1
276,3,1460.81,267.02,246.39,749.53,0.873,-1,-1,-1
276,7,989.09,302.25,42.62,144.49,0.724,-1,-1,-1
276,13,506.00,290.49,72.40,142.89,0.520,-1,-1,-1
276,25,686.92,281.98,65.43,202.03,0.810,-1,-1,-1
276,26,952.75,297.17,46.48,164.88,0.800,-1,-1,-1
276,31,581.42,303.47,34.20,82.88,0.755,-1,-1,-1
276,32,284.49,302.11,49.25,118.80,0.747,-1,-1,-1
276,33,264.98,299.01,27.37,56.99,0.649,-1,-1,-1
276,37,1117.81,299.37,45.61,131.61,0.814,-1,-1,-1
276,38,1695.49,242.36,235.22,803.47,0.884,-1,-1,-1
276,41,1238.70,303.84,38.93,119.88,0.693,-1,-1,-1
276,42,1022.35,309.82,31.22,126.70,0.745,-1,-1,-1
276,43,481.47,305.69,40.48,147.82,0.551,-1,-1,-1
276,45,20.53,305.93,76.92,194.54,0.752,-1,-1,-1
276,47,839.25,313.03,22.78,60.96,0.334,-1,-1,-1
277,2,1147.01,313.86,59.30,148.60,0.827,-1,-1,-1
277,3,1460.41,268.86,247.64,748.90,0.867,-1,-1,-1
277,7,983.58,300.74,42.04,144.12,0.709,-1,-1,-1
277,13,494.03,289.71,77.69,155.44,0.681,-1,-1,-1
277,25,679.34,281.93,64.93,201.48,0.821,-1,-1,-1
277,26,947.03,296.61,46.97,166.41,0.818,-1,-1,-1
277,31,575.62,304.17,34.62,82.80,0.820,-1,-1,-1
277,32,275.42,302.20,49.92,119.95,0.663,-1,-1,-1
277,33,255.88,298.79,27.72,57.94,0.702,-1,-1,-1
277,37,1112.29,299.08,45.56,130.59,0.806,-1,-1,-1
277,38,1698.58,242.05,231.85,800.13,0.898,-1,-1,-1
277,41,1233.76,304.83,38.14,117.42,0.581,-1,-1,-1
277,42,1015.10,307.41,31.97,128.72,0.730,-1,-1,-1
277,43,471.99,304.65,41.01,150.48,0.671,-1,-1,-1
277,45,12.71,306.37,78.28,196.55,0.869,-1,-1,-1
277,47,833.66,311.65,23.20,62.55,0.605,-1,-1,-1
278,2,1139.19,312.61,59.53,147.95,0.846,-1,-1,-1
278,3,1456.56,269.36,251.25,753.88,0.856,-1,-1,-1
278,7,975.33,301.04,41.84,145.52,0.743,-1,-1,-1
278,13,482.31,289.02,75.46,152.03,0.713,-1,-1,-1
278,25,668.73,282.17,64.98,202.93,0.806,-1,-1,-1
278,26,939.39,296.74,47.15,166.44,0.810,-1,-1,-1
278,31,566.58,304.23,35.18,83.21,0.776,-1,-1,-1
278,32,263.42,302.58,50.33,120.40,0.700,-1,-1,-1
278,33,243.85,298.78,27.86,58.39,0.637,-1,-1,-1
278,37,1104.13,299.00,45.82,130.59,0.802,-1,-1,-1
278,38,1700.10,240.80,227.25,789.90,0.901,-1,-1,-1
278,41,1225.96,303.61,38.30,117.95,0.692,-1,-1,-1
278,42,1006.13,307.10,32.16,127.71,0.746,-1,-1,-1
278,43,459.92,305.25,41.25,152.23,0.702,-1,-1,-1
278,45,1.38,305.93,79.62,199.28,0.879,-1,-1,-1
278,47,825.51,310.61,23.82,64.44,0.645,-1,-1,-1
279,2,1132.00,310.09,59.71,147.71,0.815,-1,-1,-1
279,3,1451.13,267.53,253.14,752.78,0.833,-1,-1,-1
279,7,966.47,299.24,41.53,145.93,0.734,-1,-1,-1
279,13,471.77,287.48,71.94,145.24,0.728,-1,-1,-1
279,25,657.68,280.32,65.23,204.70,0.788,-1,-1,-1
279,26,930.70,294.48,47.82,167.89,0.802,-1,-1,-1
279,31,558.01,303.13,35.88,83.19,0.784,-1,-1,-1
279,32,252.55,301.47,50.50,120.58,0.674,-1,-1,-1
279,33,231.91,296.69,27.96,58.92,0.631,-1,-1,-1
279,37,1095.27,297.41,45.90,130.18,0.704,-1,-1,-1
279,38,1701.23,237.16,222.56,777.81,0.907,-1,-1,-1
279,41,1217.23,302.91,37.68,116.09,0.491,-1,-1,-1
279,42,997.41,305.44,32.48,128.34,0.764,-1,-1,-1
279,43,448.38,304.02,41.16,152.55,0.486,-1,-1,-1
279,45,-5.71,304.16,79.02,199.04,0.870,-1,-1,-1
279,47,816.43,309.20,23.71,64.36,0.357,-1,-1,-1
280,2,1125.78,306.59,60.05,148.06,0.799,-1,-1,-1
280,3,1436.66,262.72,247.31,735.09,0.865,-1,-1,-1
280,7,959.29,295.79,41.26,146.31,0.605,-1,-1,-1
280,13,461.83,284.25,71.59,145.84,0.674,-1,-1,-1
280,25,648.92,277.20,65.07,204.94,0.831,-1,-1,-1
280,26,923.60,291.06,48.79,168.91,0.855,-1,-1,-1
280,31,550.10,301.27,36.28,83.12,0.812,-1,-1,-1
280,32,242.70,300.29,50.21,119.20,0.703,-1,-1,-1
280,33,221.91,294.29,28.10,59.25,0.718,-1,-1,-1
280,37,1086.62,295.37,45.28,129.34,0.790,-1,-1,-1
280,38,1701.96,230.63,218.66,765.53,0.922,-1,-1,-1
280,41,1211.53,304.44,36.45,112.12,0.549,-1,-1,-1
280,42,989.18,303.18,33.22,129.22,0.771,-1,-1,-1
280,43,439.95,302.43,40.35,151.35,0.648,-1,-1,-1
280,45,-9.77,301.69,76.73,196.65,0.908,-1,-1,-1
280,47,809.45,306.35,24.03,65.38,0.651,-1,-1,-1
281,2,1113.67,304.02,60.26,148.92,0.826,-1,-1,-1
281,3,1423.53,252.81,242.48,717.28,0.866,-1,-1,-1
281,7,944.29,292.98,40.03,143.34,0.496,-1,-1,-1
281,13,437.34,282.44,77.40,161.65,0.782,-1,-1,-1
281,25,629.27,275.61,65.33,205.96,0.853,-1,-1,-1
281,26,908.92,287.57,50.23,171.24,0.836,-1,-1,-1
281,31,533.79,300.98,36.72,83.40,0.781,-1,-1,-1
281,32,221.59,300.17,50.87,120.31,0.720,-1,-1,-1
281,33,199.10,294.39,28.55,60.44,0.620,-1,-1,-1
281,37,1070.67,292.69,45.47,130.86,0.757,-1,-1,-1
281,38,1693.05,221.61,220.75,769.62,0.911,-1,-1,-1
281,41,1194.79,299.27,37.71,115.37,0.779,-1,-1,-1
281,42,972.52,301.43,33.91,129.54,0.793,-1,-1,-1
281,43,419.17,302.99,39.83,151.19,0.645,-1,-1,-1
281,45,-23.00,306.13,71.31,186.44,0.666,-1,-1,-1
281,47,792.77,305.33,23.94,65.30,0.656,-1,-1,-1
282,2,1109.29,302.47,59.94,148.94,0.771,-1,-1,-1
282,3,1428.11,246.85,243.30,707.51,0.832,-1,-1,-1
282,7,936.37,290.98,40.27,145.64,0.594,-1,-1,-1
282,13,426.09,280.89,78.99,168.89,0.809,-1,-1,-1
282,25,619.27,274.24,65.67,207.27,0.805,-1,-1,-1
282,26,900.12,286.68,51.19,171.04,0.861,-1,-1,-1
282,31,526.26,300.46,37.24,83.42,0.836,-1,-1,-1
282,32,209.74,299.41,52.09,121.77,0.754,-1,-1,-1
282,33,187.39,294.28,29.81,63.32,0.611,-1,-1,-1
282,37,1062.76,290.78,45.02,130.99,0.791,-1,-1,-1
282,38,1688.44,216.24,223.04,772.97,0.908,-1,-1,-1
282,41,1187.31,296.77,38.17,116.22,0.835,-1,-1,-1
282,42,965.82,299.90,34.30,130.29,0.762,-1,-1,-1
282,43,410.07,303.50,38.88,149.21,0.603,-1,-1,-1
282,47,785.59,304.87,23.43,63.89,0.607,-1,-1,-1
283,2,1106.79,301.43,59.40,148.75,0.800,-1,-1,-1
283,3,1426.39,242.81,246.64,708.65,0.829,-1,-1,-1
283,7,930.60,289.06,39.73,145.68,0.607,-1,-1,-1
283,13,415.96,279.90,79.48,173.79,0.774,-1,-1,-1
283,25,609.84,272.77,66.31,208.55,0.851,-1,-1,-1
283,26,893.97,285.41,52.45,171.91,0.852,-1,-1,-1
283,31,520.52,300.04,37.72,83.58,0.778,-1,-1,-1
283,32,201.02,298.85,52.56,122.31,0.675,-1,-1,-1
283,33,176.08,294.50,33.11,71.07,0.631,-1,-1,-1
283,37,1057.58,289.88,44.56,130.71,0.746,-1,-1,-1
283,38,1684.43,213.04,226.17,778.17,0.912,-1,-1,-1
283,41,1182.00,295.49,38.38,116.52,0.779,-1,-1,-1
283,42,960.52,299.05,34.38,130.09,0.771,-1,-1,-1
283,43,401.03,303.06,38.86,150.50,0.603,-1,-1,-1
283,47,779.48,304.21,23.15,63.00,0.662,-1,-1,-1
284,2,1103.13,301.55,58.71,147.81,0.791,-1,-1,-1
284,3,1421.82,237.92,251.42,715.99,0.849,-1,-1,-1
284,7,924.54,288.11,39.48,146.30,0.560,-1,-1,-1
284,13,404.67,280.19,78.92,175.21,0.746,-1,-1,-1
284,25,602.42,272.70,64.83,201.82,0.850,-1,-1,-1
284,26,887.11,284.93,53.42,172.19,0.858,-1,-1,-1
284,31,513.65,300.18,38.14,83.98,0.828,-1,-1,-1
284,32,192.15,300.99,52.65,121.71,0.748,-1,-1,-1
284,33,164.62,295.93,32.21,68.28,0.586,-1,-1,-1
284,37,1052.45,288.75,44.58,131.65,0.768,-1,-1,-1
284,38,1679.68,209.56,229.83,784.64,0.911,-1,-1,-1
284,41,1176.08,294.10,38.61,116.57,0.828,-1,-1,-1
284,42,954.75,298.86,34.49,130.15,0.782,-1,-1,-1
284,43,391.62,304.04,38.19,149.01,0.516,-1,-1,-1
284,47,773.10,305.92,22.42,60.88,0.576,-1,-1,-1
285,2,1100.28,302.44,57.87,146.74,0.816,-1,-1,-1
285,3,1419.33,236.38,254.96,719.95,0.880,-1,-1,-1
285,7,919.97,287.97,38.57,144.75,0.597,-1,-1,-1
285,13,395.59,280.58,78.67,176.99,0.737,-1,-1,-1
285,25,596.15,272.97,63.83,195.94,0.794,-1,-1,-1
285,26,882.02,285.44,54.09,171.72,0.847,-1,-1,-1
285,31,508.92,299.92,38.91,84.75,0.764,-1,-1,-1
285,32,184.76,301.82,53.16,122.84,0.646,-1,-1,-1
285,33,155.60,297.70,33.92,72.14,0.591,-1,-1,-1
285,37,1048.12,287.92,44.36,132.20,0.807,-1,-1,-1
285,38,1675.74,209.32,232.86,788.75,0.902,-1,-1,-1
285,41,1172.28,293.85,38.40,116.19,0.786,-1,-1,-1
285,42,948.66,298.98,35.30,130.84,0.795,-1,-1,-1
285,43,385.36,304.76,35.95,141.06,0.252,-1,-1,-1
285,47,767.94,306.47,22.25,60.41,0.681,-1,-1,-1
286,2,1099.34,301.15,56.27,144.19,0.767,-1,-1,-1
286,3,1415.31,233.30,257.51,726.56,0.870,-1,-1,-1
286,7,917.75,284.71,38.49,144.64,-1.000,-1,-1,-1
286,13,384.82,278.85,80.36,181.73,0.564,-1,-1,-1
286,25,589.62,271.63,63.06,191.00,0.811,-1,-1,-1
286,26,878.15,283.94,53.57,169.29,0.759,-1,-1,-1
286,31,504.60,297.92,39.64,85.30,0.815,-1,-1,-1
286,32,177.80,298.99,53.68,124.39,0.358,-1,-1,-1
286,33,148.38,297.71,34.02,72.26,-1.000,-1,-1,-1
286,37,1047.15,285.79,44.62,131.48,0.805,-1,-1,-1
286,38,1675.54,208.48,235.63,794.07,0.895,-1,-1,-1
286,41,1167.70,291.05,38.52,116.72,0.790,-1,-1,-1
286,42,944.79,297.37,35.12,129.87,0.507,-1,-1,-1
286,47,763.72,305.83,21.10,56.89,0.209,-1,-1,-1
287,2,1095.47,301.85,56.16,144.71,0.812,-1,-1,-1
287,3,1413.18,234.86,259.37,732.54,0.890,-1,-1,-1
287,7,915.52,281.45,38.40,144.52,-1.000,-1,-1,-1
287,13,375.31,283.12,79.81,181.96,0.446,-1,-1,-1
287,25,579.19,274.92,62.42,187.78,0.495,-1,-1,-1
287,26,871.41,287.22,52.42,163.45,0.769,-1,-1,-1
287,31,496.74,299.63,40.65,87.21,0.789,-1,-1,-1
287,32,169.65,304.10,53.59,124.57,0.140,-1,-1,-1
287,33,141.15,297.73,34.11,72.38,-1.000,-1,-1,-1
287,37,1042.55,286.40,45.03,132.31,0.794,-1,-1,-1
287,38,1672.38,209.05,237.79,796.05,0.900,-1,-1,-1
287,41,1161.82,290.64,38.94,118.08,0.735,-1,-1,-1
287,42,939.42,299.61,32.64,119.42,0.530,-1,-1,-1
287,47,760.82,304.41,21.41,57.78,-1.000,-1,-1,-1
288,2,1098.18,298.03,56.07,144.95,0.823,-1,-1,-1
288,3,1418.73,235.92,257.67,730.42,0.903,-1,-1,-1
288,7,913.30,278.19,38.32,144.41,-1.000,-1,-1,-1
288,13,372.59,279.93,79.30,183.61,0.794,-1,-1,-1
288,25,573.13,270.96,68.37,202.38,0.846,-1,-1,-1
288,26,869.93,283.47,55.07,168.97,0.859,-1,-1,-1
288,31,498.24,296.40,41.28,87.86,0.832,-1,-1,-1
288,32,166.81,300.93,54.16,125.19,0.709,-1,-1,-1
288,33,133.92,297.74,34.21,72.50,0.502,-1,-1,-1
288,37,1042.69,283.24,44.63,132.05,0.670,-1,-1,-1
288,38,1673.93,207.22,238.84,795.28,0.901,-1,-1,-1
288,41,1163.95,287.03,38.53,116.87,0.766,-1,-1,-1
288,42,939.63,295.96,34.72,125.60,0.770,-1,-1,-1
288,47,757.93,303.00,21.71,58.67,-1.000,-1,-1,-1
289,2,1099.23,293.87,56.08,145.68,0.789,-1,-1,-1
289,3,1424.39,236.53,255.96,729.87,0.879,-1,-1,-1
289,7,911.08,274.93,38.24,144.29,-1.000,-1,-1,-1
289,13,367.45,277.82,80.54,188.81,0.671,-1,-1,-1
289,25,568.61,266.84,69.88,205.79,0.369,-1,-1,-1
289,26,867.53,285.75,54.25,165.63,0.698,-1,-1,-1
289,31,498.42,293.38,41.74,88.85,0.774,-1,-1,-1
289,32,163.01,297.60,54.94,127.20,0.303,-1,-1,-1
289,33,129.67,295.94,34.75,73.81,-1.000,-1,-1,-1
289,37,1043.70,275.64,46.27,136.83,0.766,-1,-1,-1
289,38,1676.85,204.01,240.52,800.15,0.906,-1,-1,-1
289,41,1164.85,287.48,37.41,112.82,0.647,-1,-1,-1
289,42,938.47,294.01,34.97,126.19,0.402,-1,-1,-1
289,47,755.03,301.59,22.01,59.57,-1.000,-1,-1,-1
290,2,1097.74,291.61,56.17,146.38,0.834,-1,-1,-1
290,3,1426.54,236.62,254.51,730.80,0.901,-1,-1,-1
290,7,908.86,271.67,38.16,144.17,-1.000,-1,-1,-1
290,13,362.23,276.72,78.64,187.42,0.770,-1,-1,-1
290,25,562.27,265.53,70.78,207.11,0.439,-1,-1,-1
290,26,864.49,282.18,56.59,171.11,0.857,-1,-1,-1
290,31,496.93,294.27,41.54,87.80,0.826,-1,-1,-1
290,32,157.01,297.01,55.18,128.08,0.598,-1,-1,-1
290,33,125.42,294.15,35.29,75.12,0.700,-1,-1,-1
290,37,1039.53,275.60,45.56,135.92,0.789,-1,-1,-1
290,38,1677.21,201.07,241.87,804.82,0.913,-1,-1,-1
290,41,1163.35,283.45,38.03,114.81,0.668,-1,-1,-1
290,42,932.05,293.31,36.49,128.72,0.767,-1,-1,-1
290,47,752.13,300.18,22.32,60.46,0.544,-1,-1,-1
291,2,1099.96,286.90,55.89,146.03,0.820,-1,-1,-1
291,3,1433.92,232.98,253.79,734.98,0.889,-1,-1,-1
291,7,906.63,268.41,38.07,144.06,-1.000,-1,-1,-1
291,13,360.27,272.11,77.91,187.71,0.764,-1,-1,-1
291,25,561.05,261.40,53.81,151.41,0.785,-1,-1,-1
291,26,864.90,279.91,56.95,170.46,0.828,-1,-1,-1
291,31,498.84,291.38,41.22,86.86,0.825,-1,-1,-1
291,32,158.23,292.82,55.17,128.34,0.651,-1,-1,-1
291,33,126.03,290.13,33.97,72.10,0.258,-1,-1,-1
291,37,1040.57,272.36,44.96,134.96,0.760,-1,-1,-1
291,38,1682.04,197.47,241.58,806.90,0.905,-1,-1,-1
291,41,1164.81,278.54,37.46,113.76,0.597,-1,-1,-1
291,42,934.27,289.20,36.99,128.23,0.791,-1,-1,-1
291,47,753.63,296.94,22.03,60.00,0.471,-1,-1,-1
292,2,1103.55,279.74,56.33,147.07,0.814,-1,-1,-1
292,3,1447.75,224.88,251.97,734.74,0.846,-1,-1,-1
292,7,904.41,265.15,37.99,143.94,-1.000,-1,-1,-1
292,13,355.77,265.22,77.43,189.09,0.848,-1,-1,-1
292,25,552.35,255.63,47.50,127.89,0.681,-1,-1,-1
292,26,862.72,270.92,59.17,175.63,0.861,-1,-1,-1
292,31,500.29,285.73,41.35,87.03,0.822,-1,-1,-1
292,32,154.77,286.58,55.32,129.13,0.604,-1,-1,-1
292,33,121.78,284.04,37.49,80.66,0.745,-1,-1,-1
292,37,1042.10,266.00,44.56,134.90,0.673,-1,-1,-1
292,38,1696.20,187.43,234.87,790.83,0.875,-1,-1,-1
292,41,1168.14,271.09,38.07,115.15,0.709,-1,-1,-1
292,42,934.23,281.40,37.35,127.80,0.808,-1,-1,-1
292,47,754.67,292.64,21.22,58.02,0.285,-1,-1,-1
292,49,609.51,284.61,45.02,69.72,0.776,-1,-1,-1
293,2,1103.15,276.25,56.49,147.17,0.830,-1,-1,-1
293,3,1455.05,218.01,247.04,726.29,0.883,-1,-1,-1
293,7,902.19,261.89,37.91,143.83,-1.000,-1,-1,-1
293,13,352.28,261.45,77.26,191.36,0.836,-1,-1,-1
293,25,549.09,252.01,45.91,117.74,0.811,-1,-1,-1
293,26,859.14,265.27,61.06,180.09,0.837,-1,-1,-1
293,31,500.24,283.01,41.13,86.61,0.811,-1,-1,-1
293,32,151.51,283.07,55.62,130.19,0.708,-1,-1,-1
293,33,119.34,280.39,38.42,83.40,0.660,-1,-1,-1
293,37,1041.48,262.79,43.83,134.20,0.759,-1,-1,-1
293,38,1704.54,179.01,227.95,775.73,0.913,-1,-1,-1
293,41,1167.83,266.43,38.74,117.15,0.743,-1,-1,-1
293,42,932.99,276.14,38.25,128.02,0.828,-1,-1,-1
293,47,753.41,287.57,21.50,59.68,0.611,-1,-1,-1
293,49,607.28,281.03,45.47,70.39,0.705,-1,-1,-1
294,2,1104.86,272.27,56.77,146.97,0.841,-1,-1,-1
294,3,1464.67,211.07,242.56,718.86,0.853,-1,-1,-1
294,7,899.97,258.63,37.83,143.71,0.502,-1,-1,-1
294,13,351.50,256.34,76.71,192.43,0.834,-1,-1,-1
294,25,546.92,247.46,46.65,114.48,0.794,-1,-1,-1
294,26,857.69,258.86,62.32,182.92,0.874,-1,-1,-1
294,31,503.02,278.28,40.95,86.51,0.772,-1,-1,-1
294,32,154.11,278.85,54.93,128.99,0.640,-1,-1,-1
294,33,118.45,275.98,39.42,86.39,0.697,-1,-1,-1
294,37,1044.13,258.55,43.62,134.47,0.780,-1,-1,-1
294,38,1712.85,172.42,223.41,770.90,0.917,-1,-1,-1
294,41,1170.79,261.72,39.10,118.01,0.713,-1,-1,-1
294,42,934.21,271.02,39.10,129.08,0.819,-1,-1,-1
294,47,755.03,283.36,21.01,58.79,0.546,-1,-1,-1
294,49,607.90,275.97,46.07,71.21,0.789,-1,-1,-1
294,50,807.72,274.27,27.25,98.70,0.545,-1,-1,-1
295,2,1106.13,270.97,56.86,146.11,0.841,-1,-1,-1
295,3,1475.62,205.17,238.30,711.28,0.897,-1,-1,-1
295,7,899.56,257.28,37.89,146.05,0.686,-1,-1,-1
295,13,350.51,253.99,76.28,193.66,0.832,-1,-1,-1
295,25,543.78,246.42,47.73,113.24,0.819,-1,-1,-1
295,26,856.10,254.23,63.53,186.48,0.861,-1,-1,-1
295,31,504.95,276.70,40.22,85.35,0.712,-1,-1,-1
295,32,154.77,277.34,54.29,128.68,0.717,-1,-1,-1
295,33,116.81,274.24,40.21,88.51,0.723,-1,-1,-1
295,37,1045.87,256.67,43.59,135.19,0.765,-1,-1,-1
295,38,1717.71,167.91,220.91,774.13,0.914,-1,-1,-1
295,41,1172.18,259.60,38.91,118.11,0.599,-1,-1,-1
295,42,934.86,268.89,39.82,129.89,0.800,-1,-1,-1
295,47,756.03,282.04,20.64,58.15,0.386,-1,-1,-1
295,49,608.11,274.11,46.44,71.70,0.759,-1,-1,-1
295,50,807.41,273.24,27.79,100.59,0.357,-1,-1,-1
296,2,1106.33,270.44,57.23,145.60,0.846,-1,-1,-1
296,3,1483.00,200.52,237.05,711.80,0.919,-1,-1,-1
296,7,897.72,256.30,37.47,146.46,0.688,-1,-1,-1
296,13,347.47,252.36,76.75,197.14,0.800,-1,-1,-1
296,25,537.71,245.63,48.86,112.47,0.788,-1,-1,-1
296,26,853.49,251.48,64.51,188.97,0.865,-1,-1,-1
296,31,504.81,275.81,40.02,85.87,0.763,-1,-1,-1
296,32,152.02,276.21,54.55,129.40,0.756,-1,-1,-1
296,33,113.35,273.81,40.26,89.07,0.732,-1,-1,-1
296,37,1045.90,254.81,43.67,136.29,0.721,-1,-1,-1
296,38,1714.64,166.54,219.94,778.01,0.912,-1,-1,-1
296,41,1172.35,259.17,38.66,117.49,0.641,-1,-1,-1
296,42,933.36,268.05,40.35,130.14,0.804,-1,-1,-1
296,47,755.57,279.87,20.82,59.19,0.410,-1,-1,-1
296,49,607.26,273.14,46.50,71.62,0.798,-1,-1,-1
296,50,803.70,272.95,28.22,101.85,0.530,-1,-1,-1
297,2,1109.49,268.26,57.95,145.31,0.850,-1,-1,-1
297,3,1493.09,194.09,239.35,721.70,0.896,-1,-1,-1
297,7,899.26,252.18,37.54,147.62,0.720,-1,-1,-1
297,13,346.80,248.32,76.16,197.36,0.805,-1,-1,-1
297,25,534.32,240.85,50.71,113.82,0.830,-1,-1,-1
297,26,853.51,246.84,65.17,190.70,0.859,-1,-1,-1
297,31,507.95,272.44,39.78,85.79,0.239,-1,-1,-1
297,32,152.98,272.21,54.53,129.54,0.695,-1,-1,-1
297,33,113.87,272.09,39.89,88.02,0.687,-1,-1,-1
297,37,1049.47,251.65,43.79,137.65,0.773,-1,-1,-1
297,38,1706.26,163.54,222.74,787.94,0.817,-1,-1,-1
297,41,1177.03,256.41,38.89,118.14,0.673,-1,-1,-1
297,42,934.39,263.97,41.07,132.57,0.767,-1,-1,-1
297,47,758.24,275.18,21.04,60.42,0.445,-1,-1,-1
297,49,609.25,269.93,46.71,71.81,0.801,-1,-1,-1
297,50,798.71,269.07,30.91,110.26,0.709,-1,-1,-1
298,2,1109.04,268.28,58.76,145.25,0.854,-1,-1,-1
298,3,1492.68,190.80,243.37,732.05,0.895,-1,-1,-1
298,7,897.78,251.98,37.47,147.80,0.729,-1,-1,-1
298,13,343.80,247.44,76.40,199.56,0.802,-1,-1,-1
298,25,528.79,239.74,52.08,115.14,0.782,-1,-1,-1
298,26,851.56,247.28,65.42,191.16,0.845,-1,-1,-1
298,31,506.58,272.04,39.84,86.08,-1.000,-1,-1,-1
298,32,151.51,271.86,54.42,129.44,0.669,-1,-1,-1
298,33,110.57,272.04,39.95,88.45,0.729,-1,-1,-1
298,37,1050.72,251.58,43.65,137.67,0.770,-1,-1,-1
298,38,1695.97,162.81,226.14,798.53,0.871,-1,-1,-1
298,41,1177.29,256.66,39.08,118.06,0.656,-1,-1,-1
298,42,933.23,263.47,41.35,133.58,0.790,-1,-1,-1
298,47,758.45,274.48,20.68,59.79,0.224,-1,-1,-1
298,49,608.55,269.86,46.45,71.30,0.754,-1,-1,-1
298,50,794.43,269.93,32.29,113.55,0.703,-1,-1,-1
298,51,666.58,277.37,19.87,49.61,0.559,-1,-1,-1
299,2,1108.56,270.20,59.37,144.81,0.837,-1,-1,-1
299,3,1488.69,192.59,247.53,740.10,0.894,-1,-1,-1
299,7,895.23,254.68,37.44,148.43,0.744,-1,-1,-1
299,13,341.45,247.98,76.09,199.72,0.818,-1,-1,-1
299,25,523.50,241.58,53.18,115.42,0.811,-1,-1,-1
299,26,848.69,249.07,65.32,190.44,0.853,-1,-1,-1
299,31,505.21,271.65,39.90,86.38,-1.000,-1,-1,-1
299,32,147.93,272.69,53.85,129.34,0.756,-1,-1,-1
299,33,106.99,272.92,40.05,89.01,0.649,-1,-1,-1
299,37,1050.93,253.02,43.88,138.55,0.719,-1,-1,-1
299,38,1692.68,167.04,227.29,802.90,0.901,-1,-1,-1
299,41,1176.64,259.44,39.08,117.52,0.636,-1,-1,-1
299,42,932.13,265.64,41.51,133.60,0.796,-1,-1,-1
299,47,756.11,278.53,19.68,56.38,0.118,-1,-1,-1
299,49,607.43,271.85,45.92,70.32,0.732,-1,-1,-1
299,50,790.25,270.56,32.60,114.25,-1.000,-1,-1,-1
299,51,665.33,277.88,19.81,49.44,-1.000,-1,-1,-1
300,2,1108.96,267.99,59.53,143.58,0.841,-1,-1,-1
300,3,1486.15,193.25,252.58,748.05,0.895,-1,-1,-1
300,7,893.49,253.17,37.43,148.72,0.769,-1,-1,-1
300,13,336.46,245.45,75.24,198.91,0.801,-1,-1,-1
300,25,519.70,238.14,54.39,116.86,0.805,-1,-1,-1
300,26,846.48,244.58,66.42,194.00,0.863,-1,-1,-1
300,31,503.84,271.25,39.96,86.67,-1.000,-1,-1,-1
300,32,144.59,269.56,54.33,130.56,0.771,-1,-1,-1
300,33,103.98,268.93,39.90,89.15,0.521,-1,-1,-1
300,37,1051.70,251.42,44.01,138.74,0.737,-1,-1,-1
300,38,1694.36,168.57,228.33,809.98,0.896,-1,-1,-1
300,41,1176.61,257.96,39.31,117.50,0.718,-1,-1,-1
300,42,932.29,264.04,41.87,133.60,0.801,-1,-1,-1
300,47,755.05,279.08,19.70,56.48,-1.000,-1,-1,-1
300,49,606.87,268.50,46.55,71.02,0.762,-1,-1,-1
300,50,786.07,271.18,32.92,114.95,-1.000,-1,-1,-1
300,51,664.08,278.39,19.74,49.27,-1.000,-1,-1,-1
301,2,1108.73,269.86,60.30,144.90,0.835,-1,-1,-1
301,3,1481.94,197.98,256.43,751.53,0.904,-1,-1,-1
301,7,890.23,259.09,37.39,148.56,0.693,-1,-1,-1
301,13,331.56,247.30,75.77,200.71,0.687,-1,-1,-1
301,25,514.75,240.34,55.02,117.30,0.815,-1,-1,-1
301,26,843.28,248.08,66.65,194.88,0.862,-1,-1,-1
301,31,502.47,270.86,40.03,86.97,-1.000,-1,-1,-1
301,32,142.38,270.76,55.01,132.92,0.744,-1,-1,-1
301,33,97.98,270.80,40.06,89.07,0.282,-1,-1,-1
301,37,1049.07,254.90,44.08,139.49,0.755,-1,-1,-1
301,38,1698.86,172.85,226.00,807.01,0.890,-1,-1,-1
301,41,1175.38,260.88,39.43,117.80,0.764,-1,-1,-1
301,42,929.81,268.03,41.48,132.76,0.705,-1,-1,-1
301,47,753.98,279.62,19.73,56.58,-1.000,-1,-1,-1
301,49,604.05,270.67,46.69,70.92,0.732,-1,-1,-1
301,50,781.89,271.81,33.23,115.64,0.578,-1,-1,-1
301,51,662.82,278.91,19.68,49.11,-1.000,-1,-1,-1
302,2,1109.15,268.82,60.71,146.43,0.837,-1,-1,-1
302,3,1478.75,203.52,260.09,755.01,0.910,-1,-1,-1
302,7,886.69,257.74,37.30,147.59,0.729,-1,-1,-1
302,13,326.14,244.60,75.44,200.82,0.812,-1,-1,-1
302,25,502.59,237.82,56.88,117.93,0.845,-1,-1,-1
302,26,838.68,246.01,67.33,196.77,0.861,-1,-1,-1
302,31,501.10,270.46,40.09,87.26,-1.000,-1,-1,-1
302,32,136.37,266.51,54.81,133.21,0.758,-1,-1,-1
302,33,89.68,265.65,40.75,90.84,0.600,-1,-1,-1
302,37,1046.75,254.06,43.87,139.85,0.783,-1,-1,-1
302,38,1705.12,177.72,224.24,809.00,0.883,-1,-1,-1
302,41,1174.00,260.63,39.88,118.60,0.733,-1,-1,-1
302,42,928.35,267.89,41.13,132.41,0.771,-1,-1,-1
302,47,752.92,280.17,19.75,56.68,-1.000,-1,-1,-1
302,49,600.54,268.81,47.26,71.60,0.793,-1,-1,-1
302,50,775.92,270.59,33.36,115.85,0.257,-1,-1,-1
302,51,661.57,279.42,19.62,48.94,0.639,-1,-1,-1
303,2,1109.36,268.53,60.61,147.10,0.854,-1,-1,-1
303,3,1475.76,207.14,260.99,754.32,0.893,-1,-1,-1
303,7,883.63,259.12,36.83,144.82,0.727,-1,-1,-1
303,13,319.03,243.17,75.67,202.81,0.713,-1,-1,-1
303,25,495.16,236.54,57.82,118.92,0.829,-1,-1,-1
303,26,833.57,246.11,67.80,198.59,0.831,-1,-1,-1
303,31,499.73,270.07,40.15,87.56,-1.000,-1,-1,-1
303,32,131.10,264.84,55.03,133.59,0.569,-1,-1,-1
303,33,83.55,262.87,40.56,90.56,0.424,-1,-1,-1
303,37,1046.49,253.94,44.47,140.08,0.773,-1,-1,-1
303,38,1708.53,179.53,223.80,816.50,0.858,-1,-1,-1
303,41,1172.24,260.63,39.95,118.76,0.727,-1,-1,-1
303,42,926.04,268.94,40.63,131.25,0.760,-1,-1,-1
303,47,751.86,280.71,19.78,56.78,-1.000,-1,-1,-1
303,49,597.02,268.02,47.44,71.65,0.784,-1,-1,-1
303,50,765.35,268.92,34.17,117.03,0.636,-1,-1,-1
303,51,659.10,278.68,19.33,48.14,0.271,-1,-1,-1
304,2,1109.56,269.66,60.25,147.25,0.837,-1,-1,-1
304,3,1474.07,212.25,261.62,755.81,0.870,-1,-1,-1
304,7,881.52,258.38,37.43,146.86,0.758,-1,-1,-1
304,13,311.16,242.13,76.69,205.63,0.602,-1,-1,-1
304,25,489.65,237.35,58.60,119.42,0.824,-1,-1,-1
304,26,831.06,247.91,67.10,197.00,0.883,-1,-1,-1
304,31,498.36,269.67,40.21,87.85,-1.000,-1,-1,-1
304,32,126.16,263.42,55.42,134.87,0.761,-1,-1,-1
304,33,78.49,261.23,40.57,91.42,0.562,-1,-1,-1
304,37,1047.15,254.73,45.07,140.15,0.774,-1,-1,-1
304,38,1719.36,182.43,211.05,776.30,0.893,-1,-1,-1
304,41,1171.28,261.38,40.00,118.40,0.754,-1,-1,-1
304,42,925.81,269.87,40.33,130.89,0.779,-1,-1,-1
304,47,750.79,281.26,19.80,56.88,-1.000,-1,-1,-1
304,49,594.97,267.59,48.21,72.52,0.807,-1,-1,-1
304,50,762.84,268.99,34.36,117.55,0.578,-1,-1,-1
304,51,657.79,277.86,19.55,48.70,0.422,-1,-1,-1
305,2,1108.24,270.12,59.62,146.86,0.816,-1,-1,-1
305,3,1470.00,214.65,261.70,758.16,0.880,-1,-1,-1
305,7,878.31,257.71,37.59,147.15,0.758,-1,-1,-1
305,13,307.78,240.60,76.95,207.01,0.826,-1,-1,-1
305,25,482.96,236.45,59.69,120.92,0.838,-1,-1,-1
305,26,827.25,246.31,67.43,198.71,0.869,-1,-1,-1
305,31,496.98,269.28,40.27,88.15,-1.000,-1,-1,-1
305,32,120.80,261.94,55.11,134.31,0.782,-1,-1,-1
305,33,73.09,258.70,40.76,92.88,0.673,-1,-1,-1
305,37,1042.80,255.04,44.64,140.27,0.742,-1,-1,-1
305,38,1725.93,185.08,204.60,760.35,0.909,-1,-1,-1
305,41,1168.86,261.42,40.25,118.85,0.764,-1,-1,-1
305,42,925.23,269.71,40.32,131.22,0.819,-1,-1,-1
305,47,749.73,281.80,19.83,56.98,-1.000,-1,-1,-1
305,49,591.28,266.55,48.84,73.29,0.809,-1,-1,-1
305,50,757.23,267.62,34.61,118.04,0.587,-1,-1,-1
305,51,655.31,276.69,19.75,49.22,0.597,-1,-1,-1
306,2,1105.75,271.10,59.23,146.17,0.817,-1,-1,-1
306,3,1468.02,216.42,260.18,755.87,0.884,-1,-1,-1
306,7,873.13,256.71,38.12,148.87,0.782,-1,-1,-1
306,13,299.06,238.67,77.30,209.58,0.755,-1,-1,-1
306,25,475.63,235.34,60.59,122.59,0.838,-1,-1,-1
306,26,821.36,244.64,68.13,202.08,0.879,-1,-1,-1
306,31,495.61,268.89,40.33,88.44,-1.000,-1,-1,-1
306,32,114.49,259.87,55.60,135.58,0.775,-1,-1,-1
306,33,65.62,256.22,40.87,94.43,0.732,-1,-1,-1
306,37,1039.69,254.54,45.11,141.15,0.755,-1,-1,-1
306,38,1726.85,185.96,206.50,778.11,0.896,-1,-1,-1
306,41,1165.08,261.13,40.01,118.96,0.704,-1,-1,-1
306,42,922.08,269.44,40.25,131.32,0.835,-1,-1,-1
306,47,748.67,282.35,19.86,57.08,-1.000,-1,-1,-1
306,49,586.15,265.55,49.39,74.06,0.830,-1,-1,-1
306,50,746.68,267.10,35.02,118.38,0.560,-1,-1,-1
306,51,651.40,275.32,20.18,50.36,0.639,-1,-1,-1
306,52,253.45,266.51,56.32,178.72,0.686,-1,-1,-1
307,2,1100.73,271.07,59.19,145.59,0.816,-1,-1,-1
307,3,1469.62,213.62,254.16,741.80,0.895,-1,-1,-1
307,7,863.57,255.11,38.25,147.87,0.769,-1,-1,-1
307,13,282.79,235.70,77.69,212.37,0.691,-1,-1,-1
307,25,460.19,231.46,62.31,126.54,0.822,-1,-1,-1
307,26,809.65,244.21,67.86,202.33,0.864,-1,-1,-1
307,31,494.24,268.49,40.40,88.74,-1.000,-1,-1,-1
307,32,100.46,256.95,55.58,135.97,0.782,-1,-1,-1
307,33,51.62,252.93,40.29,94.15,0.551,-1,-1,-1
307,37,1030.79,253.12,44.94,141.31,0.749,-1,-1,-1
307,38,1728.47,183.25,203.86,779.06,0.920,-1,-1,-1
307,41,1159.06,259.27,40.42,120.47,0.834,-1,-1,-1
307,42,914.21,266.59,40.17,131.57,0.811,-1,-1,-1
307,47,747.60,282.89,19.88,57.17,-1.000,-1,-1,-1
307,49,576.22,263.12,49.65,74.47,0.796,-1,-1,-1
307,50,735.57,266.73,34.68,116.32,0.628,-1,-1,-1
307,51,642.61,273.44,20.30,50.78,0.571,-1,-1,-1
307,52,238.10,264.59,56.82,180.18,0.737,-1,-1,-1
308,2,1100.06,271.39,59.13,145.14,0.829,-1,-1,-1
308,3,1472.76,210.74,249.23,730.78,0.907,-1,-1,-1
308,7,859.37,255.86,38.51,147.05,0.819,-1,-1,-1
308,13,272.41,234.93,79.39,218.20,0.465,-1,-1,-1
308,25,451.52,229.83,62.70,127.33,0.857,-1,-1,-1
308,26,804.30,243.50,68.10,204.23,0.869,-1,-1,-1
308,31,492.87,268.10,40.46,89.03,-1.000,-1,-1,-1
308,32,94.21,256.44,55.93,137.19,0.835,-1,-1,-1
308,33,44.44,251.84,40.58,96.19,0.671,-1,-1,-1
308,37,1027.84,252.97,44.96,141.54,0.745,-1,-1,-1
308,38,1729.80,181.94,202.78,784.22,0.918,-1,-1,-1
308,41,1157.63,258.59,40.55,121.33,0.794,-1,-1,-1
308,42,912.32,265.66,40.39,131.87,0.792,-1,-1,-1
308,47,746.54,283.44,19.91,57.27,-1.000,-1,-1,-1
308,49,572.52,263.20,49.59,74.34,0.825,-1,-1,-1
308,50,729.90,266.93,34.79,115.10,0.704,-1,-1,-1
308,51,639.17,273.86,20.29,50.86,0.538,-1,-1,-1
308,52,230.03,263.86,57.69,183.06,0.704,-1,-1,-1
309,2,1098.44,272.61,59.08,145.03,0.834,-1,-1,-1
309,3,1475.58,208.83,245.40,723.03,0.916,-1,-1,-1
309,7,854.30,257.65,39.19,147.30,0.820,-1,-1,-1
309,13,259.03,236.36,80.51,220.53,0.506,-1,-1,-1
309,25,443.75,229.48,63.42,128.95,0.835,-1,-1,-1
309,26,798.89,244.44,68.20,205.83,0.861,-1,-1,-1
309,31,491.50,267.70,40.52,89.33,-1.000,-1,-1,-1
309,32,88.10,257.72,55.49,136.61,0.824,-1,-1,-1
309,33,38.09,253.60,40.45,96.73,0.667,-1,-1,-1
309,37,1023.98,254.38,45.01,142.16,0.771,-1,-1,-1
309,38,1728.05,181.50,202.66,791.47,0.912,-1,-1,-1
309,41,1154.75,260.06,40.33,121.10,0.778,-1,-1,-1
309,42,908.77,266.12,40.80,133.20,0.823,-1,-1,-1
309,47,745.47,283.98,19.93,57.37,-1.000,-1,-1,-1
309,49,567.80,264.76,49.57,74.35,0.735,-1,-1,-1
309,50,724.27,268.93,35.29,114.48,0.788,-1,-1,-1
309,51,635.50,275.14,20.48,51.54,0.633,-1,-1,-1
309,52,220.10,264.85,57.89,183.88,0.729,-1,-1,-1
310,2,1098.51,274.09,59.09,145.54,0.849,-1,-1,-1
310,3,1475.60,207.74,244.45,725.25,0.908,-1,-1,-1
310,7,850.20,258.31,40.14,149.49,0.786,-1,-1,-1
310,13,245.54,238.18,81.17,221.29,0.699,-1,-1,-1
310,25,437.21,230.50,63.50,129.66,0.834,-1,-1,-1
310,26,794.46,246.59,68.10,207.18,0.864,-1,-1,-1
310,31,490.13,267.31,40.58,89.62,0.705,-1,-1,-1
310,32,81.65,259.79,55.45,136.99,0.802,-1,-1,-1
310,33,33.35,256.51,39.97,96.35,0.588,-1,-1,-1
310,37,1021.14,256.20,44.81,142.00,0.753,-1,-1,-1
310,38,1726.51,183.98,202.53,797.58,0.912,-1,-1,-1
310,41,1152.89,261.56,39.93,120.37,0.816,-1,-1,-1
310,42,906.15,267.51,40.95,133.61,0.837,-1,-1,-1
310,47,744.41,284.53,19.96,57.47,-1.000,-1,-1,-1
310,49,564.21,267.14,49.28,73.97,0.801,-1,-1,-1
310,50,720.67,271.40,35.79,113.81,0.791,-1,-1,-1
310,51,632.45,275.63,21.11,53.38,0.634,-1,-1,-1
310,52,211.25,266.49,57.87,184.07,0.762,-1,-1,-1
310,53,1052.55,264.43,27.42,131.83,0.504,-1,-1,-1
311,2,1099.62,275.78,58.74,145.10,0.839,-1,-1,-1
311,3,1477.14,206.44,244.76,731.73,0.913,-1,-1,-1
311,7,847.61,259.61,41.00,151.20,0.811,-1,-1,-1
311,13,236.17,241.24,82.04,223.16,0.540,-1,-1,-1
311,25,431.11,232.15,63.49,130.28,0.839,-1,-1,-1
311,26,790.23,247.98,68.11,208.96,0.864,-1,-1,-1
311,31,488.15,269.79,40.57,90.62,0.729,-1,-1,-1
311,32,76.19,262.88,56.18,138.88,0.814,-1,-1,-1
311,33,28.36,261.07,39.37,95.78,0.611,-1,-1,-1
311,37,1020.28,257.76,44.99,142.46,0.749,-1,-1,-1
311,38,1725.90,185.06,202.63,803.92,0.916,-1,-1,-1
311,41,1151.78,263.11,39.78,120.07,0.775,-1,-1,-1
311,42,904.19,269.45,41.11,133.97,0.846,-1,-1,-1
311,47,743.35,285.07,19.98,57.57,-1.000,-1,-1,-1
311,49,561.47,269.81,49.32,74.03,0.818,-1,-1,-1
311,50,717.18,274.74,36.33,112.28,0.813,-1,-1,-1
311,51,630.16,277.67,21.20,53.73,0.539,-1,-1,-1
311,52,203.77,267.99,58.34,185.97,0.774,-1,-1,-1
311,53,1051.39,270.28,26.69,128.33,0.393,-1,-1,-1
312,2,1101.23,279.44,58.46,145.21,0.828,-1,-1,-1
312,3,1480.89,210.09,246.09,744.64,0.903,-1,-1,-1
312,7,844.28,266.44,41.28,150.42,0.787,-1,-1,-1
312,13,225.41,247.60,81.19,220.66,0.780,-1,-1,-1
312,25,424.55,238.45,63.19,130.37,0.856,-1,-1,-1
312,26,785.71,251.60,68.77,212.46,0.866,-1,-1,-1
312,31,486.70,275.62,38.82,85.40,0.761,-1,-1,-1
312,32,72.62,270.22,55.92,138.70,0.820,-1,-1,-1
312,33,22.13,269.74,38.65,94.78,0.673,-1,-1,-1
312,37,1019.14,263.17,44.69,142.20,0.765,-1,-1,-1
312,38,1720.72,191.59,204.58,812.74,0.869,-1,-1,-1
312,41,1152.89,269.09,37.13,111.25,0.724,-1,-1,-1
312,42,903.05,274.31,41.24,134.37,0.833,-1,-1,-1
312,47,742.28,285.62,20.01,57.67,-1.000,-1,-1,-1
312,49,558.81,275.88,49.74,74.66,0.782,-1,-1,-1
312,50,711.45,281.88,37.03,112.24,0.649,-1,-1,-1
312,51,628.71,283.68,20.33,51.37,0.285,-1,-1,-1
312,52,195.01,273.20,59.52,190.25,0.715,-1,-1,-1
312,53,1050.35,276.63,26.24,126.17,0.446,-1,-1,-1
313,2,1102.22,280.86,58.20,144.77,0.772,-1,-1,-1
313,3,1485.34,212.04,245.51,752.91,0.897,-1,-1,-1
313,7,842.38,272.54,40.52,146.29,0.664,-1,-1,-1
313,13,220.00,250.63,79.93,218.43,0.690,-1,-1,-1
313,25,418.24,239.86,63.54,131.67,0.804,-1,-1,-1
313,26,784.46,255.31,66.02,204.94,0.813,-1,-1,-1
313,31,485.33,277.75,38.45,82.78,0.727,-1,-1,-1
313,32,69.59,273.69,55.70,138.62,0.581,-1,-1,-1
313,33,16.35,267.68,39.79,97.87,0.202,-1,-1,-1
313,37,1020.99,264.90,45.38,143.04,0.777,-1,-1,-1
313,38,1719.85,195.26,205.59,820.24,0.859,-1,-1,-1
313,41,1152.55,271.88,36.02,107.67,0.530,-1,-1,-1
313,42,901.21,277.94,40.60,132.65,0.733,-1,-1,-1
313,47,741.22,286.16,20.03,57.77,-1.000,-1,-1,-1
313,49,557.76,278.29,49.79,74.91,0.764,-1,-1,-1
313,50,705.83,286.01,38.11,114.66,0.272,-1,-1,-1
313,51,627.42,286.17,20.47,51.48,0.265,-1,-1,-1
313,52,188.94,275.57,59.86,191.26,0.757,-1,-1,-1
313,53,1048.77,284.60,25.28,121.35,0.109,-1,-1,-1
314,2,1100.13,281.82,58.93,148.20,0.803,-1,-1,-1
314,3,1490.26,216.03,245.42,761.84,0.896,-1,-1,-1
314,7,838.28,275.87,41.52,147.70,0.689,-1,-1,-1
314,13,214.16,255.03,80.17,219.91,0.297,-1,-1,-1
314,25,411.96,243.45,64.47,134.25,0.801,-1,-1,-1
314,26,779.61,257.26,66.18,205.12,0.800,-1,-1,-1
314,31,483.40,281.05,39.05,83.41,0.713,-1,-1,-1
314,32,66.63,277.98,56.11,140.01,0.781,-1,-1,-1
314,33,14.79,274.68,38.92,95.28,0.138,-1,-1,-1
314,37,1020.72,267.83,46.26,144.27,0.786,-1,-1,-1
314,38,1721.38,198.46,206.06,828.36,0.900,-1,-1,-1
314,41,1151.32,274.47,37.43,112.21,0.619,-1,-1,-1
314,42,899.46,283.07,40.61,131.94,0.783,-1,-1,-1
314,47,740.16,286.71,20.06,57.87,-1.000,-1,-1,-1
314,49,555.85,281.68,49.63,74.55,0.720,-1,-1,-1
314,50,698.07,290.04,38.87,117.45,0.173,-1,-1,-1
314,51,630.10,288.68,20.30,51.05,-1.000,-1,-1,-1
314,52,183.32,279.88,60.87,194.42,0.802,-1,-1,-1
314,53,1052.49,286.51,25.14,120.65,-1.000,-1,-1,-1
315,2,1102.89,285.35,58.49,146.89,0.863,-1,-1,-1
315,3,1497.95,219.66,244.13,766.18,0.887,-1,-1,-1
315,7,839.03,280.00,42.13,146.51,0.805,-1,-1,-1
315,13,211.93,259.52,79.92,218.26,0.793,-1,-1,-1
315,25,410.93,246.22,64.49,134.73,0.806,-1,-1,-1
315,26,778.09,257.17,68.39,213.24,0.845,-1,-1,-1
315,31,486.88,285.15,38.55,81.09,0.775,-1,-1,-1
315,32,68.50,281.79,56.07,140.08,0.778,-1,-1,-1
315,33,16.17,280.54,37.99,93.43,0.325,-1,-1,-1
315,37,1022.91,270.92,46.55,144.31,0.762,-1,-1,-1
315,38,1729.44,204.22,202.34,823.60,0.898,-1,-1,-1
315,41,1154.36,277.71,38.19,114.95,0.738,-1,-1,-1
315,42,901.30,285.48,41.13,132.10,0.838,-1,-1,-1
315,47,739.09,287.25,20.09,57.97,-1.000,-1,-1,-1
315,49,557.36,285.38,49.52,74.40,0.756,-1,-1,-1
315,50,698.73,288.93,36.60,110.29,-1.000,-1,-1,-1
315,51,632.77,291.20,20.14,50.62,-1.000,-1,-1,-1
315,52,178.75,284.16,61.04,194.88,0.696,-1,-1,-1
315,53,1056.20,288.41,25.00,119.95,-1.000,-1,-1,-1
316,2,1107.38,285.01,58.53,146.74,0.827,-1,-1,-1
316,3,1508.55,222.12,242.06,767.70,0.897,-1,-1,-1
316,7,842.33,278.45,42.62,147.47,0.792,-1,-1,-1
316,13,211.27,259.53,80.71,219.07,0.845,-1,-1,-1
316,25,412.67,247.00,64.23,134.32,0.848,-1,-1,-1
316,26,779.49,255.90,69.05,216.42,0.877,-1,-1,-1
316,31,492.10,285.47,38.23,80.23,0.743,-1,-1,-1
316,32,69.85,282.93,55.78,139.54,0.769,-1,-1,-1
316,33,17.57,281.63,37.75,93.81,0.590,-1,-1,-1
316,37,1027.59,270.12,47.07,145.17,0.754,-1,-1,-1
316,38,1738.46,207.06,199.08,822.45,0.880,-1,-1,-1
316,41,1159.96,277.88,38.51,116.50,0.693,-1,-1,-1
316,42,905.31,284.48,41.43,132.85,0.834,-1,-1,-1
316,47,738.03,287.80,20.11,58.06,-1.000,-1,-1,-1
316,49,561.11,285.57,49.52,74.66,0.779,-1,-1,-1
316,50,699.38,287.81,34.32,103.12,-1.000,-1,-1,-1
316,51,635.44,293.71,19.97,50.19,-1.000,-1,-1,-1
316,52,175.78,285.96,59.96,192.11,0.784,-1,-1,-1
316,53,1059.92,290.32,24.86,119.24,-1.000,-1,-1,-1
317,2,1113.95,285.52,58.55,145.29,0.870,-1,-1,-1
317,3,1523.31,225.08,240.04,766.59,0.881,-1,-1,-1
317,7,845.42,275.50,43.74,151.09,0.815,-1,-1,-1
317,13,211.78,261.23,82.10,221.62,0.849,-1,-1,-1
317,25,413.83,248.59,64.38,134.56,0.859,-1,-1,-1
317,26,781.38,256.21,69.25,219.28,0.882,-1,-1,-1
317,31,498.69,286.76,38.29,79.92,0.764,-1,-1,-1
317,32,74.27,284.76,55.67,140.10,0.797,-1,-1,-1
317,33,21.14,283.48,37.75,94.86,0.683,-1,-1,-1
317,37,1031.59,269.46,46.65,145.35,0.787,-1,-1,-1
317,38,1758.75,207.01,183.08,771.75,0.902,-1,-1,-1
317,41,1167.20,276.43,39.09,118.89,0.782,-1,-1,-1
317,42,910.38,284.73,41.13,132.57,0.785,-1,-1,-1
317,47,736.96,288.34,20.14,58.16,-1.000,-1,-1,-1
317,49,565.74,286.44,49.48,74.83,0.773,-1,-1,-1
317,50,700.04,286.70,32.05,95.96,-1.000,-1,-1,-1
317,51,638.12,296.23,19.80,49.76,0.574,-1,-1,-1
317,52,173.16,288.48,60.44,195.01,0.634,-1,-1,-1
317,53,1063.63,292.23,24.72,118.54,-1.000,-1,-1,-1
318,2,1119.45,284.52,58.92,144.80,0.862,-1,-1,-1
318,3,1535.82,225.67,238.83,770.22,0.885,-1,-1,-1
318,7,847.39,273.72,44.26,151.73,0.817,-1,-1,-1
318,13,211.07,260.46,83.74,223.84,0.809,-1,-1,-1
318,25,414.34,247.95,64.47,134.78,0.858,-1,-1,-1
318,26,782.85,255.13,68.80,219.30,0.865,-1,-1,-1
318,31,505.12,286.67,38.01,78.51,0.778,-1,-1,-1
318,32,77.34,284.27,55.31,139.85,0.745,-1,-1,-1
318,33,24.80,283.57,36.66,91.90,0.593,-1,-1,-1
318,37,1036.54,268.01,46.45,145.18,0.812,-1,-1,-1
318,38,1774.93,218.32,171.41,742.11,0.893,-1,-1,-1
318,41,1173.52,274.59,39.08,119.13,0.748,-1,-1,-1
318,42,915.23,283.95,40.97,132.31,0.800,-1,-1,-1
318,47,735.90,288.89,20.16,58.26,-1.000,-1,-1,-1
318,49,570.10,285.42,49.63,75.33,0.756,-1,-1,-1
318,50,700.70,285.58,29.78,88.79,-1.000,-1,-1,-1
318,51,642.42,294.74,19.95,50.09,0.359,-1,-1,-1
318,52,169.73,288.14,60.72,197.21,0.573,-1,-1,-1
318,53,1067.34,294.14,24.58,117.84,0.555,-1,-1,-1
319,2,1123.73,282.91,59.53,145.15,0.858,-1,-1,-1
319,3,1544.11,224.49,238.46,775.59,0.867,-1,-1,-1
319,7,849.58,271.13,44.28,150.39,0.822,-1,-1,-1
319,13,209.87,257.92,85.96,227.22,0.876,-1,-1,-1
319,25,414.54,246.73,64.92,135.47,0.861,-1,-1,-1
319,26,783.17,253.74,68.88,219.99,0.880,-1,-1,-1
319,31,510.29,285.35,38.19,78.33,0.769,-1,-1,-1
319,32,79.75,283.05,55.20,140.01,0.798,-1,-1,-1
319,33,27.01,281.95,37.10,93.55,0.670,-1,-1,-1
319,37,1040.86,265.48,46.28,145.46,0.741,-1,-1,-1
319,38,1790.21,244.29,160.24,708.23,0.746,-1,-1,-1
319,41,1179.10,271.95,39.22,119.77,0.820,-1,-1,-1
319,42,919.16,282.01,41.04,132.90,0.806,-1,-1,-1
319,47,734.84,289.43,20.19,58.36,0.522,-1,-1,-1
319,49,573.75,284.40,49.31,74.87,0.774,-1,-1,-1
319,50,701.36,284.47,27.51,81.63,-1.000,-1,-1,-1
319,51,646.49,292.66,20.05,50.61,0.522,-1,-1,-1
319,52,164.04,286.68,61.27,198.46,0.722,-1,-1,-1
319,53,1071.98,291.14,24.65,118.12,0.479,-1,-1,-1
320,2,1126.19,281.15,59.71,144.66,0.825,-1,-1,-1
320,3,1553.65,220.86,236.77,774.68,0.888,-1,-1,-1
320,7,849.95,269.41,44.43,149.39,0.810,-1,-1,-1
320,13,206.78,255.68,88.05,230.48,0.857,-1,-1,-1
320,25,413.82,245.92,65.24,136.08,0.861,-1,-1,-1
320,26,781.98,252.63,69.14,220.42,0.872,-1,-1,-1
320,31,514.31,284.58,37.82,76.79,0.789,-1,-1,-1
320,32,80.89,282.36,55.00,139.92,0.781,-1,-1,-1
320,33,28.46,281.28,36.89,93.24,0.620,-1,-1,-1
320,37,1043.99,263.28,46.36,145.99,0.730,-1,-1,-1
320,38,1808.13,301.77,141.43,637.78,0.706,-1,-1,-1
320,41,1182.88,269.37,39.43,120.55,0.790,-1,-1,-1
320,42,921.03,281.31,40.47,131.63,0.799,-1,-1,-1
320,47,737.15,287.13,20.34,58.34,0.421,-1,-1,-1
320,49,575.85,283.33,49.32,74.79,0.786,-1,-1,-1
320,50,702.01,283.35,25.24,74.46,-1.000,-1,-1,-1
320,51,648.63,289.54,20.87,52.73,0.524,-1,-1,-1
320,52,163.97,286.19,61.30,199.60,0.702,-1,-1,-1
320,53,1074.83,286.46,25.20,120.65,0.348,-1,-1,-1
321,2,1128.53,278.64,60.00,144.44,0.824,-1,-1,-1
321,3,1561.17,214.40,234.64,770.09,0.889,-1,-1,-1
321,7,849.54,265.92,45.09,150.55,0.811,-1,-1,-1
321,13,204.23,254.94,88.57,230.51,0.843,-1,-1,-1
321,25,412.54,244.81,65.07,135.58,0.873,-1,-1,-1
321,26,780.40,251.40,69.27,220.35,0.876,-1,-1,-1
321,31,516.95,283.25,38.11,76.89,0.790,-1,-1,-1
321,32,81.78,281.25,54.79,139.34,0.831,-1,-1,-1
321,33,29.06,279.40,37.13,93.85,0.667,-1,-1,-1
321,37,1045.64,261.17,46.44,146.91,0.779,-1,-1,-1
321,38,1828.19,334.38,117.41,543.82,0.781,-1,-1,-1
321,41,1185.85,266.10,39.26,120.08,0.822,-1,-1,-1
321,42,922.39,278.85,40.21,131.01,0.815,-1,-1,-1
321,47,739.36,285.72,20.24,58.67,0.583,-1,-1,-1
321,49,575.54,281.10,49.18,75.19,0.705,-1,-1,-1
321,50,702.67,282.24,22.97,67.30,0.606,-1,-1,-1
321,51,649.99,287.73,21.23,53.97,0.682,-1,-1,-1
321,52,161.36,283.73,61.27,200.95,0.745,-1,-1,-1
321,53,1077.37,283.78,25.20,120.70,0.454,-1,-1,-1
322,2,1136.30,273.06,59.83,143.60,0.775,-1,-1,-1
322,3,1574.42,204.07,230.07,755.28,0.904,-1,-1,-1
322,7,854.94,261.03,45.73,152.30,0.816,-1,-1,-1
322,13,198.70,250.61,90.06,232.31,0.855,-1,-1,-1
322,25,412.24,240.84,65.75,136.74,0.876,-1,-1,-1
322,26,784.15,248.18,69.19,221.11,0.873,-1,-1,-1
322,31,525.19,279.10,38.45,77.45,0.771,-1,-1,-1
322,32,85.22,278.19,55.22,140.68,0.839,-1,-1,-1
322,33,32.49,276.84,37.75,95.30,0.741,-1,-1,-1
322,37,1052.19,256.15,46.33,147.57,0.754,-1,-1,-1
322,38,1842.05,355.55,116.34,558.00,0.689,-1,-1,-1
322,41,1194.80,260.73,39.56,121.16,0.765,-1,-1,-1
322,42,927.91,272.74,40.22,130.96,0.783,-1,-1,-1
322,47,745.52,283.56,19.84,57.72,0.465,-1,-1,-1
322,49,581.27,277.36,49.53,75.70,0.672,-1,-1,-1
322,50,703.48,277.43,21.19,60.64,0.510,-1,-1,-1
322,51,655.52,284.65,20.83,53.02,0.652,-1,-1,-1
322,52,161.10,274.74,63.65,208.19,0.769,-1,-1,-1
322,53,1084.00,277.34,25.67,123.01,0.521,-1,-1,-1
323,2,1138.68,271.43,60.14,144.12,0.855,-1,-1,-1
323,3,1581.79,199.77,228.12,747.68,0.895,-1,-1,-1
323,7,855.77,261.10,45.62,151.09,0.801,-1,-1,-1
323,13,192.62,250.47,90.55,232.52,0.844,-1,-1,-1
323,25,409.09,240.47,66.25,137.43,0.878,-1,-1,-1
323,26,783.84,248.27,69.28,221.86,0.868,-1,-1,-1
323,31,528.69,278.01,38.92,78.08,0.796,-1,-1,-1
323,32,85.13,278.28,55.72,142.30,0.844,-1,-1,-1
323,33,32.46,277.54,38.12,96.15,0.723,-1,-1,-1
323,37,1053.62,255.69,46.22,148.50,0.777,-1,-1,-1
323,38,1841.35,371.27,112.96,555.46,0.668,-1,-1,-1
323,41,1197.90,260.06,39.65,121.75,0.777,-1,-1,-1
323,42,928.12,271.68,40.01,131.01,0.794,-1,-1,-1
323,47,746.90,282.22,20.34,59.62,0.585,-1,-1,-1
323,49,581.71,277.20,49.64,76.28,0.689,-1,-1,-1
323,50,702.77,277.79,20.04,56.94,0.344,-1,-1,-1
323,51,656.56,284.77,20.79,53.04,0.614,-1,-1,-1
323,52,158.48,276.58,64.68,207.73,0.839,-1,-1,-1
323,53,1086.06,277.86,25.48,122.42,0.554,-1,-1,-1
324,2,1143.36,269.57,60.74,145.37,0.864,-1,-1,-1
324,3,1588.79,196.03,229.57,751.39,0.907,-1,-1,-1
324,7,856.98,259.42,46.21,151.60,0.786,-1,-1,-1
324,13,187.60,248.32,91.34,234.28,0.812,-1,-1,-1
324,25,407.60,239.15,66.46,137.39,0.878,-1,-1,-1
324,26,783.63,246.83,70.15,225.34,0.840,-1,-1,-1
324,31,532.29,276.53,38.98,77.97,0.787,-1,-1,-1
324,32,88.10,277.22,55.43,142.33,0.825,-1,-1,-1
324,33,33.22,276.86,38.21,95.99,0.705,-1,-1,-1
324,37,1056.82,254.27,46.09,148.69,0.781,-1,-1,-1
324,38,1837.91,376.84,110.75,551.49,0.490,-1,-1,-1
324,41,1201.86,258.55,39.83,122.59,0.784,-1,-1,-1
324,42,930.56,269.93,39.88,130.72,0.753,-1,-1,-1
324,47,748.74,280.17,20.82,61.09,0.609,-1,-1,-1
324,49,584.54,275.93,49.52,76.24,0.678,-1,-1,-1
324,50,701.37,274.20,20.32,57.47,0.171,-1,-1,-1
324,51,658.83,284.20,20.58,52.33,0.583,-1,-1,-1
324,52,154.67,276.50,64.83,206.71,0.742,-1,-1,-1
324,53,1089.02,277.85,25.34,121.80,0.527,-1,-1,-1
325,2,1148.28,268.28,60.87,145.93,0.851,-1,-1,-1
325,3,1593.56,192.91,233.37,760.43,0.907,-1,-1,-1
325,7,859.75,259.75,46.77,150.69,0.749,-1,-1,-1
325,13,183.45,246.61,92.71,236.89,0.819,-1,-1,-1
325,25,405.65,238.51,66.91,137.53,0.868,-1,-1,-1
325,26,784.97,246.02,69.06,221.38,0.816,-1,-1,-1
325,31,536.33,275.59,38.85,77.46,0.771,-1,-1,-1
325,32,90.04,276.72,55.11,142.36,0.846,-1,-1,-1
325,33,35.23,276.47,38.10,96.03,0.720,-1,-1,-1
325,37,1061.91,253.63,46.51,149.41,0.737,-1,-1,-1
325,38,1834.86,382.39,108.93,545.27,0.237,-1,-1,-1
325,41,1206.26,257.52,39.98,122.75,0.805,-1,-1,-1
325,42,933.77,269.10,40.14,131.50,0.749,-1,-1,-1
325,47,751.16,278.70,21.16,62.33,0.645,-1,-1,-1
325,49,585.50,275.32,48.93,75.87,0.600,-1,-1,-1
325,50,700.71,271.74,20.84,58.74,0.341,-1,-1,-1
325,51,661.31,282.84,20.90,53.20,0.658,-1,-1,-1
325,52,149.89,276.33,64.89,206.49,0.688,-1,-1,-1
325,53,1091.92,275.32,25.95,124.77,0.355,-1,-1,-1
326,2,1152.87,270.25,60.61,145.83,0.864,-1,-1,-1
326,3,1596.28,193.18,237.24,765.66,0.907,-1,-1,-1
326,7,859.98,261.64,47.49,150.78,0.791,-1,-1,-1
326,13,177.90,248.69,93.89,239.62,0.765,-1,-1,-1
326,25,402.36,241.11,67.85,138.11,0.858,-1,-1,-1
326,26,785.87,247.34,67.61,215.51,0.829,-1,-1,-1
326,31,539.76,277.42,38.88,77.28,0.756,-1,-1,-1
326,32,91.45,278.94,54.93,142.76,0.812,-1,-1,-1
326,33,34.96,278.49,38.24,96.84,0.676,-1,-1,-1
326,37,1064.15,255.37,46.23,149.10,0.769,-1,-1,-1
326,38,1845.83,619.47,67.28,305.37,0.690,-1,-1,-1
326,41,1209.84,259.45,39.93,122.75,0.798,-1,-1,-1
326,42,935.82,270.75,40.22,131.39,0.760,-1,-1,-1
326,47,753.52,282.02,20.82,61.60,0.631,-1,-1,-1
326,49,587.57,277.21,49.02,76.22,0.727,-1,-1,-1
326,50,699.51,274.30,21.42,59.17,0.513,-1,-1,-1
326,51,663.54,284.88,21.31,54.26,0.537,-1,-1,-1
326,52,145.64,279.09,65.67,207.95,0.704,-1,-1,-1
326,53,1094.57,276.65,26.20,125.75,0.439,-1,-1,-1
327,2,1158.68,273.12,60.11,145.27,0.843,-1,-1,-1
327,3,1602.75,195.30,245.17,783.43,0.899,-1,-1,-1
327,7,863.86,264.39,48.05,151.56,0.798,-1,-1,-1
327,13,172.39,249.84,95.31,242.53,0.823,-1,-1,-1
327,25,399.47,242.51,68.77,138.46,0.872,-1,-1,-1
327,26,784.34,246.97,68.13,217.19,0.855,-1,-1,-1
327,31,544.60,278.81,38.72,76.90,0.717,-1,-1,-1
327,32,92.54,280.22,54.50,142.50,0.735,-1,-1,-1
327,33,35.94,278.94,38.84,97.97,0.722,-1,-1,-1
327,37,1069.72,257.54,46.68,150.39,0.768,-1,-1,-1
327,41,1217.94,262.91,37.44,114.05,0.688,-1,-1,-1
327,42,939.23,272.90,40.53,133.69,0.830,-1,-1,-1
327,47,758.09,284.92,20.86,61.09,0.428,-1,-1,-1
327,49,591.24,279.13,49.07,76.38,0.610,-1,-1,-1
327,50,698.99,276.48,22.02,59.98,0.599,-1,-1,-1
327,51,668.47,284.55,22.31,56.15,0.443,-1,-1,-1
327,52,140.83,281.45,66.44,208.02,0.747,-1,-1,-1
327,53,1100.67,280.37,25.98,124.90,0.531,-1,-1,-1
328,2,1161.88,277.11,60.15,145.51,0.860,-1,-1,-1
328,3,1605.62,200.32,250.83,792.44,0.914,-1,-1,-1
328,7,866.88,270.32,47.43,148.57,0.788,-1,-1,-1
328,13,170.59,252.90,96.38,244.04,0.841,-1,-1,-1
328,25,395.47,245.31,70.81,141.34,0.840,-1,-1,-1
328,26,784.01,250.34,68.84,217.86,0.830,-1,-1,-1
328,31,548.40,281.51,39.01,76.66,0.694,-1,-1,-1
328,32,93.33,283.28,53.88,142.25,0.717,-1,-1,-1
328,33,35.66,282.44,39.88,99.98,0.706,-1,-1,-1
328,37,1070.83,261.26,46.89,151.77,0.711,-1,-1,-1
328,41,1221.25,266.33,36.84,110.79,0.778,-1,-1,-1
328,42,942.22,277.82,40.50,132.99,0.777,-1,-1,-1
328,47,759.52,288.15,21.23,62.09,0.417,-1,-1,-1
328,49,592.53,281.34,49.65,77.34,0.288,-1,-1,-1
328,50,697.66,281.00,21.92,59.06,0.456,-1,-1,-1
328,51,669.80,284.43,22.86,57.68,-1.000,-1,-1,-1
328,52,136.98,286.25,67.33,208.13,0.692,-1,-1,-1
328,53,1102.53,279.77,26.83,129.66,0.519,-1,-1,-1
329,2,1164.40,278.78,59.80,144.83,0.868,-1,-1,-1
329,3,1611.07,202.85,255.78,800.64,0.907,-1,-1,-1
329,7,867.68,270.62,47.98,149.54,0.804,-1,-1,-1
329,13,162.91,253.47,96.06,243.85,0.838,-1,-1,-1
329,25,392.96,246.76,70.89,139.31,0.879,-1,-1,-1
329,26,780.96,249.07,67.69,212.63,0.873,-1,-1,-1
329,31,550.19,282.77,39.17,76.39,0.785,-1,-1,-1
329,32,91.94,283.35,52.93,140.37,0.743,-1,-1,-1
329,33,34.44,282.58,39.50,99.47,0.725,-1,-1,-1
329,37,1072.23,261.78,46.74,151.30,0.712,-1,-1,-1
329,41,1222.12,268.39,38.65,115.38,0.795,-1,-1,-1
329,42,942.50,278.87,40.32,133.13,0.823,-1,-1,-1
329,47,759.88,288.04,21.20,62.20,0.477,-1,-1,-1
329,49,591.33,282.59,48.64,76.81,0.726,-1,-1,-1
329,50,694.85,280.86,22.93,60.68,0.653,-1,-1,-1
329,51,671.13,284.31,23.41,59.20,0.627,-1,-1,-1
329,52,131.57,287.12,69.05,208.36,0.812,-1,-1,-1
329,53,1103.74,279.11,27.09,130.89,0.472,-1,-1,-1
330,2,1168.20,280.28,59.69,144.79,0.854,-1,-1,-1
330,3,1619.05,205.92,259.25,804.88,0.914,-1,-1,-1
330,7,869.55,271.66,47.98,148.38,0.830,-1,-1,-1
330,13,160.38,255.63,95.57,243.01,0.789,-1,-1,-1
330,25,392.68,247.64,71.58,138.85,0.860,-1,-1,-1
330,26,780.73,249.44,67.31,209.74,0.868,-1,-1,-1
330,31,553.35,283.33,39.69,76.50,0.805,-1,-1,-1
330,32,94.02,283.64,52.48,140.38,0.663,-1,-1,-1
330,33,34.90,283.35,39.66,100.00,0.756,-1,-1,-1
330,37,1074.52,262.92,46.75,151.96,0.742,-1,-1,-1
330,41,1224.32,270.28,39.53,117.60,0.744,-1,-1,-1
330,42,945.20,280.82,39.77,131.70,0.817,-1,-1,-1
330,47,762.45,289.79,20.85,61.38,0.350,-1,-1,-1
330,49,593.95,284.06,48.42,76.50,0.458,-1,-1,-1
330,50,694.32,282.31,23.44,60.89,0.632,-1,-1,-1
330,51,672.44,283.42,23.76,60.34,0.568,-1,-1,-1
330,52,131.56,288.48,70.32,209.63,0.625,-1,-1,-1
330,53,1106.92,282.71,26.47,127.80,0.491,-1,-1,-1
331,2,1171.30,279.40,59.29,144.43,0.847,-1,-1,-1
331,3,1630.74,209.19,260.47,805.08,0.906,-1,-1,-1
331,7,869.46,270.38,48.88,148.80,0.818,-1,-1,-1
331,13,154.88,255.40,96.43,243.83,0.801,-1,-1,-1
331,25,390.61,247.84,72.40,138.17,0.869,-1,-1,-1
331,26,778.78,247.57,67.98,209.94,0.879,-1,-1,-1
331,31,554.62,282.89,40.09,76.45,0.806,-1,-1,-1
331,32,96.69,282.81,46.66,124.12,0.451,-1,-1,-1
331,33,33.74,282.22,39.72,99.86,0.765,-1,-1,-1
331,37,1076.65,261.85,46.71,152.88,0.753,-1,-1,-1
331,41,1226.92,269.60,40.13,119.07,0.791,-1,-1,-1
331,42,946.90,280.19,39.74,131.86,0.814,-1,-1,-1
331,49,594.30,283.69,47.89,76.38,0.615,-1,-1,-1
331,50,691.97,281.02,24.10,61.66,0.544,-1,-1,-1
331,51,672.59,281.72,23.91,61.06,0.292,-1,-1,-1
331,52,122.89,288.19,72.26,213.29,0.659,-1,-1,-1
331,53,1109.33,284.45,26.00,125.38,0.565,-1,-1,-1
332,2,1175.77,280.54,59.19,144.95,0.820,-1,-1,-1
332,3,1645.76,215.54,260.86,804.08,0.918,-1,-1,-1
332,7,873.11,269.99,48.99,148.99,0.768,-1,-1,-1
332,13,146.23,255.96,98.58,247.20,0.865,-1,-1,-1
332,25,387.62,247.68,73.57,138.08,0.866,-1,-1,-1
332,26,775.65,248.30,69.19,211.12,0.891,-1,-1,-1
332,31,554.98,282.22,40.98,77.52,0.790,-1,-1,-1
332,32,97.26,281.74,39.75,105.12,-1.000,-1,-1,-1
332,33,31.64,279.70,40.16,100.97,0.784,-1,-1,-1
332,37,1081.44,262.58,47.07,153.05,0.727,-1,-1,-1
332,41,1231.12,271.08,40.71,120.43,0.829,-1,-1,-1
332,42,950.11,281.98,39.86,131.78,0.796,-1,-1,-1
332,49,596.16,283.14,48.55,77.41,0.673,-1,-1,-1
332,50,687.85,279.90,25.34,63.48,0.604,-1,-1,-1
332,51,670.83,284.01,23.78,60.79,-1.000,-1,-1,-1
332,52,109.45,287.04,73.39,216.60,0.749,-1,-1,-1
332,53,1111.98,282.11,26.80,129.52,0.451,-1,-1,-1
333,2,1177.29,280.80,58.62,144.43,0.814,-1,-1,-1
333,3,1653.83,218.09,261.29,804.74,0.925,-1,-1,-1
333,7,873.57,269.46,49.39,150.13,0.788,-1,-1,-1
333,13,137.66,255.29,100.97,250.99,0.851,-1,-1,-1
333,25,383.78,248.11,74.96,138.26,0.874,-1,-1,-1
333,26,772.31,248.89,69.93,211.41,0.895,-1,-1,-1
333,31,554.90,283.52,40.92,76.59,0.796,-1,-1,-1
333,32,97.84,280.66,32.84,86.12,0.566,-1,-1,-1
333,33,29.40,279.18,40.23,100.72,0.729,-1,-1,-1
333,37,1083.08,262.85,47.35,152.81,0.745,-1,-1,-1
333,41,1231.61,271.40,40.95,120.82,0.812,-1,-1,-1
333,42,950.70,282.09,40.47,132.78,0.823,-1,-1,-1
333,49,594.33,283.50,47.93,77.13,0.670,-1,-1,-1
333,50,683.63,280.07,26.24,63.86,0.597,-1,-1,-1
333,51,669.07,286.31,23.66,60.53,-1.000,-1,-1,-1
333,52,99.91,286.40,74.03,217.96,0.814,-1,-1,-1
333,53,1111.80,283.74,26.84,129.63,0.438,-1,-1,-1
334,2,1178.41,280.86,58.34,144.57,0.805,-1,-1,-1
334,3,1659.86,221.45,260.61,802.93,0.917,-1,-1,-1
334,7,873.77,270.28,48.76,147.58,0.792,-1,-1,-1
334,13,128.55,253.84,103.38,254.77,0.852,-1,-1,-1
334,25,380.35,248.05,76.28,138.48,0.862,-1,-1,-1
334,26,769.37,249.56,70.68,211.76,0.897,-1,-1,-1
334,31,554.79,283.89,41.14,76.22,0.795,-1,-1,-1
334,32,95.17,279.97,27.31,70.39,0.589,-1,-1,-1
334,33,26.36,278.27,40.58,100.65,0.763,-1,-1,-1
334,37,1084.15,263.27,47.93,153.00,0.784,-1,-1,-1
334,41,1231.99,271.87,41.06,120.98,0.801,-1,-1,-1
334,42,951.03,282.33,40.80,133.29,0.835,-1,-1,-1
334,49,592.85,283.84,47.02,76.58,0.712,-1,-1,-1
334,50,678.85,280.40,26.93,63.51,0.702,-1,-1,-1
334,51,667.30,288.60,23.54,60.26,-1.000,-1,-1,-1
334,52,92.35,285.17,74.36,219.08,0.791,-1,-1,-1
334,53,1111.82,284.25,26.90,129.93,0.346,-1,-1,-1
335,2,1178.43,280.03,58.32,145.26,0.807,-1,-1,-1
335,3,1665.22,219.72,259.21,800.78,0.913,-1,-1,-1
335,7,872.96,270.75,48.22,146.17,0.821,-1,-1,-1
335,13,120.05,251.14,105.50,257.75,0.869,-1,-1,-1
335,25,375.94,247.12,77.75,138.94,0.861,-1,-1,-1
335,26,765.24,249.78,71.38,212.00,0.889,-1,-1,-1
335,31,554.19,282.26,42.18,77.12,0.804,-1,-1,-1
335,32,90.17,278.53,25.06,64.12,0.429,-1,-1,-1
335,33,21.28,276.21,40.96,100.94,0.797,-1,-1,-1
335,37,1083.90,262.63,48.72,153.57,0.785,-1,-1,-1
335,41,1231.71,270.97,41.27,121.51,0.809,-1,-1,-1
335,42,949.67,281.72,40.90,133.35,0.815,-1,-1,-1
335,49,590.42,283.63,46.06,75.97,0.630,-1,-1,-1
335,50,673.91,280.39,26.90,62.36,0.408,-1,-1,-1
335,51,665.54,290.89,23.41,60.00,-1.000,-1,-1,-1
335,52,84.58,281.91,74.50,221.05,0.804,-1,-1,-1
335,53,1110.78,285.43,26.64,128.36,0.272,-1,-1,-1
336,2,1177.18,279.05,58.53,146.02,0.805,-1,-1,-1
336,3,1671.37,217.76,254.86,790.05,0.913,-1,-1,-1
336,7,871.41,269.05,48.66,148.01,0.822,-1,-1,-1
336,13,110.25,248.00,107.76,260.47,0.831,-1,-1,-1
336,25,370.62,245.12,79.36,139.78,0.855,-1,-1,-1
336,26,759.73,250.04,72.22,212.23,0.898,-1,-1,-1
336,31,551.99,280.83,43.05,78.18,0.817,-1,-1,-1
336,33,15.26,273.46,41.01,101.40,0.776,-1,-1,-1
336,37,1080.40,262.15,48.70,153.71,0.676,-1,-1,-1
336,41,1230.35,270.50,41.10,120.90,0.787,-1,-1,-1
336,42,947.47,280.27,41.15,133.73,0.840,-1,-1,-1
336,49,587.47,280.73,46.55,77.91,0.745,-1,-1,-1
336,50,668.40,281.07,26.28,60.31,0.317,-1,-1,-1
336,51,663.78,293.19,23.29,59.73,-1.000,-1,-1,-1
336,52,76.35,279.37,74.36,222.34,0.850,-1,-1,-1
336,53,1109.53,287.26,26.19,126.22,0.508,-1,-1,-1
337,2,1172.63,283.10,58.74,146.57,0.828,-1,-1,-1
337,3,1679.62,217.77,249.11,777.01,0.928,-1,-1,-1
337,7,868.14,270.76,49.14,150.26,0.805,-1,-1,-1
337,13,90.92,247.19,109.62,265.46,0.828,-1,-1,-1
337,25,362.97,247.24,81.31,141.22,0.867,-1,-1,-1
337,26,751.88,252.88,73.55,213.23,0.913,-1,-1,-1
337,31,547.92,282.87,43.75,79.37,0.811,-1,-1,-1
337,33,5.50,275.15,40.93,102.14,0.754,-1,-1,-1
337,37,1075.62,265.85,48.51,153.33,0.723,-1,-1,-1
337,41,1228.09,274.30,41.18,121.47,0.760,-1,-1,-1
337,42,944.16,281.91,41.66,135.11,0.847,-1,-1,-1
337,49,582.90,282.55,46.70,78.74,0.646,-1,-1,-1
337,50,661.02,283.91,25.97,59.79,0.134,-1,-1,-1
337,51,662.02,295.48,23.17,59.46,-1.000,-1,-1,-1
337,52,61.68,278.61,75.77,227.59,0.772,-1,-1,-1
337,53,1104.62,287.65,27.27,130.01,0.486,-1,-1,-1
338,2,1169.75,285.19,58.62,145.76,0.853,-1,-1,-1
338,3,1683.92,216.29,247.16,776.75,0.917,-1,-1,-1
338,7,865.13,271.32,49.17,150.91,0.777,-1,-1,-1
338,13,76.30,245.79,110.70,268.45,0.870,-1,-1,-1
338,25,356.55,247.34,83.09,142.40,0.857,-1,-1,-1
338,26,745.67,253.76,74.83,214.04,0.896,-1,-1,-1
338,31,545.71,283.46,44.04,80.05,0.787,-1,-1,-1
338,33,-1.76,274.72,40.96,103.33,0.790,-1,-1,-1
338,37,1072.74,267.03,48.60,153.70,0.694,-1,-1,-1
338,41,1226.66,275.12,41.40,122.71,0.742,-1,-1,-1
338,42,941.68,281.76,41.88,136.06,0.848,-1,-1,-1
338,49,580.30,283.21,47.02,79.33,0.503,-1,-1,-1
338,50,652.94,283.99,26.73,60.80,0.593,-1,-1,-1
338,51,660.25,297.77,23.05,59.20,-1.000,-1,-1,-1
338,52,49.80,277.81,76.01,229.75,0.611,-1,-1,-1
338,53,1102.60,286.47,27.93,132.78,0.503,-1,-1,-1
339,2,1166.53,289.71,58.97,145.56,0.861,-1,-1,-1
339,3,1687.23,218.31,245.93,780.07,0.917,-1,-1,-1
339,7,862.43,274.86,49.46,151.93,0.785,-1,-1,-1
339,13,63.57,248.63,111.12,270.55,0.868,-1,-1,-1
339,25,351.12,251.17,84.59,143.16,0.873,-1,-1,-1
339,26,739.31,255.66,77.05,217.76,0.908,-1,-1,-1
339,31,542.48,287.13,44.85,81.86,0.783,-1,-1,-1
339,33,-6.38,278.75,40.24,103.70,0.789,-1,-1,-1
339,37,1069.37,271.27,48.38,153.46,0.793,-1,-1,-1
339,41,1225.45,279.54,41.09,122.36,0.731,-1,-1,-1
339,42,939.13,285.27,42.16,137.16,0.834,-1,-1,-1
339,49,577.76,287.26,47.27,79.83,0.722,-1,-1,-1
339,50,645.23,287.39,28.36,62.57,0.698,-1,-1,-1
339,51,658.49,300.06,22.92,58.93,-1.000,-1,-1,-1
339,52,32.64,282.09,76.07,231.51,0.729,-1,-1,-1
339,53,1101.85,294.08,27.35,129.64,0.605,-1,-1,-1
340,2,1163.90,292.86,59.13,144.86,0.863,-1,-1,-1
340,3,1688.47,219.94,246.15,788.67,0.921,-1,-1,-1
340,7,860.28,277.82,49.45,152.21,0.785,-1,-1,-1
340,13,53.32,250.22,111.16,271.33,0.835,-1,-1,-1
340,25,346.51,251.44,86.16,144.25,0.874,-1,-1,-1
340,26,733.76,255.96,78.69,219.71,0.903,-1,-1,-1
340,31,541.26,288.66,44.79,82.59,0.771,-1,-1,-1
340,33,-9.56,279.98,39.14,104.21,0.792,-1,-1,-1
340,37,1068.91,273.74,48.93,154.49,0.772,-1,-1,-1
340,41,1224.16,282.20,40.97,122.74,0.671,-1,-1,-1
340,42,936.21,287.35,42.32,137.61,0.836,-1,-1,-1
340,49,574.83,289.10,47.50,80.34,0.771,-1,-1,-1
340,50,638.55,288.35,29.17,63.85,0.594,-1,-1,-1
340,51,656.73,302.36,22.80,58.67,-1.000,-1,-1,-1
340,52,17.26,285.14,75.57,231.74,0.741,-1,-1,-1
340,53,1100.19,292.44,28.05,133.56,0.434,-1,-1,-1
341,2,1161.47,297.02,59.23,143.99,0.872,-1,-1,-1
341,3,1689.79,223.44,246.31,798.01,0.924,-1,-1,-1
341,7,858.38,282.76,48.93,151.21,0.810,-1,-1,-1
341,13,43.08,252.82,111.40,272.14,0.856,-1,-1,-1
341,25,342.93,253.73,87.46,145.12,0.888,-1,-1,-1
341,26,727.89,258.02,80.51,221.49,0.904,-1,-1,-1
341,31,540.12,291.52,44.60,83.07,0.798,-1,-1,-1
341,33,-11.05,283.53,37.62,103.36,0.758,-1,-1,-1
341,37,1066.57,277.71,48.71,154.72,0.810,-1,-1,-1
341,41,1224.05,286.03,40.53,122.26,0.655,-1,-1,-1
341,42,934.51,290.96,42.34,137.63,0.863,-1,-1,-1
341,49,571.78,292.53,47.69,80.93,0.661,-1,-1,-1
341,50,632.36,290.33,29.85,65.37,0.101,-1,-1,-1
341,51,654.96,304.65,22.68,58.40,-1.000,-1,-1,-1
341,52,4.38,288.55,75.92,234.74,0.715,-1,-1,-1
341,53,1100.12,299.46,27.25,129.98,0.581,-1,-1,-1
342,2,1158.18,305.04,59.75,144.54,0.877,-1,-1,-1
342,3,1693.09,235.95,245.50,806.44,0.919,-1,-1,-1
342,7,855.41,290.63,48.59,150.26,0.824,-1,-1,-1
342,13,30.43,259.22,112.49,274.12,0.865,-1,-1,-1
342,25,338.99,261.23,88.42,145.63,0.871,-1,-1,-1
342,26,718.10,263.62,83.17,224.78,0.905,-1,-1,-1
342,31,538.23,298.24,44.79,84.38,0.762,-1,-1,-1
342,37,1064.75,285.38,48.34,154.50,0.793,-1,-1,-1
342,41,1222.51,294.43,40.44,122.07,0.635,-1,-1,-1
342,42,931.70,298.94,42.44,137.06,0.839,-1,-1,-1
342,49,569.92,299.84,47.89,80.79,0.535,-1,-1,-1
342,50,626.99,296.09,30.16,66.56,0.300,-1,-1,-1
342,51,653.20,306.94,22.56,58.14,0.586,-1,-1,-1
342,52,-8.24,295.54,75.96,238.26,0.698,-1,-1,-1
342,53,1098.82,309.36,27.07,128.99,0.547,-1,-1,-1
343,2,1155.85,309.13,59.88,144.23,0.858,-1,-1,-1
343,3,1696.87,243.37,243.47,812.26,0.931,-1,-1,-1
343,7,853.93,296.32,47.70,147.36,0.803,-1,-1,-1
343,13,16.78,263.25,114.95,276.31,0.849,-1,-1,-1
343,25,336.36,264.99,88.99,145.78,0.883,-1,-1,-1
343,26,710.62,266.97,85.10,226.86,0.886,-1,-1,-1
343,31,537.61,302.99,44.09,83.34,0.758,-1,-1,-1
343,37,1065.86,289.39,48.91,154.87,0.753,-1,-1,-1
343,41,1222.92,298.60,40.23,121.66,0.560,-1,-1,-1
343,42,929.50,304.16,42.23,135.88,0.834,-1,-1,-1
343,49,569.46,303.40,49.01,81.98,0.678,-1,-1,-1
343,50,621.72,301.50,30.26,66.79,0.392,-1,-1,-1
343,51,651.28,311.35,22.60,58.16,0.553,-1,-1,-1
343,52,-17.89,300.65,75.66,239.32,0.100,-1,-1,-1
343,53,1097.36,311.45,27.54,130.69,0.261,-1,-1,-1
344,2,1158.12,311.56,59.80,143.20,0.864,-1,-1,-1
344,3,1703.72,249.43,240.34,815.70,0.920,-1,-1,-1
344,7,855.67,298.27,47.62,147.30,0.821,-1,-1,-1
344,13,14.86,266.13,116.24,278.44,0.859,-1,-1,-1
344,25,337.79,266.75,89.66,145.99,0.882,-1,-1,-1
344,26,704.67,268.28,89.15,233.18,0.909,-1,-1,-1
344,31,541.10,306.02,43.38,82.97,0.773,-1,-1,-1
344,37,1067.71,291.89,49.00,155.54,0.794,-1,-1,-1
344,41,1226.19,301.91,40.03,121.27,0.550,-1,-1,-1
344,42,931.59,306.27,42.60,135.86,0.858,-1,-1,-1
344,49,570.16,304.39,49.75,82.94,0.772,-1,-1,-1
344,50,619.59,304.85,30.12,65.89,0.586,-1,-1,-1
344,51,653.57,313.63,22.13,57.43,0.512,-1,-1,-1
344,52,-18.71,302.07,73.35,240.29,0.794,-1,-1,-1
344,53,1100.92,316.51,27.03,128.62,0.560,-1,-1,-1
345,2,1159.07,312.68,59.93,142.89,0.872,-1,-1,-1
345,3,1709.93,254.59,236.38,816.60,0.908,-1,-1,-1
345,7,856.90,300.56,47.03,144.83,0.790,-1,-1,-1
345,13,6.69,268.53,119.16,282.51,0.901,-1,-1,-1
345,25,337.86,267.80,90.76,147.60,0.868,-1,-1,-1
345,26,697.63,269.05,94.20,242.74,0.911,-1,-1,-1
345,31,541.88,308.11,43.09,82.95,0.719,-1,-1,-1
345,37,1068.99,293.65,48.82,154.82,0.751,-1,-1,-1
345,41,1230.13,308.44,38.40,116.46,0.431,-1,-1,-1
345,42,931.66,308.35,43.20,136.78,0.811,-1,-1,-1
345,49,569.53,306.50,49.74,83.03,0.731,-1,-1,-1
345,50,617.34,306.83,30.29,65.99,0.492,-1,-1,-1
345,51,654.06,315.76,21.87,56.75,0.179,-1,-1,-1
345,53,1101.21,317.05,27.67,130.39,0.507,-1,-1,-1
346,2,1157.47,314.65,60.19,142.97,0.862,-1,-1,-1
346,3,1713.54,259.03,231.65,815.38,0.920,-1,-1,-1
346,7,854.86,302.04,47.33,145.93,0.813,-1,-1,-1
346,13,0.00,271.27,121.07,285.85,0.894,-1,-1,-1
346,25,336.44,271.30,90.68,147.16,0.872,-1,-1,-1
346,26,690.10,270.80,97.52,248.61,0.897,-1,-1,-1
346,31,541.29,311.34,42.57,82.97,0.744,-1,-1,-1
346,37,1067.29,296.09,49.10,155.65,0.720,-1,-1,-1
346,41,1228.69,309.20,38.86,118.69,0.631,-1,-1,-1
346,42,930.31,311.22,43.39,136.70,0.827,-1,-1,-1
346,49,566.49,308.38,50.14,84.06,0.724,-1,-1,-1
346,50,612.00,310.06,30.28,65.63,0.622,-1,-1,-1
346,51,652.33,318.86,21.40,55.48,0.349,-1,-1,-1
346,53,1099.91,314.41,28.61,135.53,0.332,-1,-1,-1
347,2,1160.11,315.04,61.06,144.69,0.878,-1,-1,-1
347,3,1722.27,261.27,226.62,815.05,0.914,-1,-1,-1
347,7,856.20,304.00,46.94,144.69,0.824,-1,-1,-1
347,13,-4.99,272.89,122.01,289.76,0.908,-1,-1,-1
347,25,339.19,272.67,91.35,148.00,0.871,-1,-1,-1
347,26,682.84,272.76,104.64,265.83,0.907,-1,-1,-1
347,31,544.72,312.86,41.75,82.94,0.743,-1,-1,-1
347,37,1070.49,297.19,49.61,156.96,0.707,-1,-1,-1
347,41,1233.36,309.38,39.16,120.08,0.807,-1,-1,-1
347,42,931.30,314.38,42.65,134.75,0.797,-1,-1,-1
347,49,568.07,309.38,51.38,85.38,0.765,-1,-1,-1
347,50,611.37,311.80,30.29,66.21,0.669,-1,-1,-1
347,51,654.76,320.99,21.08,55.07,0.638,-1,-1,-1
347,53,1102.62,311.83,29.36,139.77,0.329,-1,-1,-1
348,2,1159.19,316.78,61.34,145.45,0.870,-1,-1,-1
348,3,1724.26,263.21,222.03,813.89,0.910,-1,-1,-1
348,7,852.99,304.36,47.51,145.90,0.773,-1,-1,-1
348,13,-11.30,273.49,121.34,292.55,0.915,-1,-1,-1
348,25,338.64,275.32,91.53,148.33,0.868,-1,-1,-1
348,26,674.27,275.07,108.89,275.94,0.904,-1,-1,-1
348,31,544.50,315.23,40.67,81.74,0.585,-1,-1,-1
348,37,1069.85,299.27,50.14,157.77,0.772,-1,-1,-1
348,41,1233.02,310.84,39.20,120.83,0.821,-1,-1,-1
348,42,928.65,317.34,42.20,134.03,0.812,-1,-1,-1
348,49,564.40,310.73,52.08,86.46,0.790,-1,-1,-1
348,50,607.30,314.94,29.81,65.97,0.673,-1,-1,-1
348,51,652.73,322.02,21.82,57.59,0.619,-1,-1,-1
348,53,1101.18,312.78,29.63,141.45,0.305,-1,-1,-1
349,2,1159.24,316.49,61.20,145.36,0.855,-1,-1,-1
349,3,1727.81,261.46,216.32,808.03,0.921,-1,-1,-1
349,7,850.30,302.76,48.39,147.86,0.772,-1,-1,-1
349,13,-17.82,272.17,108.16,264.06,0.567,-1,-1,-1
349,25,337.97,275.74,91.64,147.91,0.872,-1,-1,-1
349,26,667.66,274.91,110.79,280.67,0.880,-1,-1,-1
349,31,544.28,314.28,39.70,81.06,0.690,-1,-1,-1
349,37,1069.23,299.14,50.20,157.61,0.763,-1,-1,-1
349,41,1233.35,310.72,39.07,120.77,0.835,-1,-1,-1
349,42,926.78,318.12,41.55,132.35,0.813,-1,-1,-1
349,49,561.26,311.23,51.60,85.50,0.789,-1,-1,-1
349,50,603.85,314.26,29.86,66.95,0.631,-1,-1,-1
349,51,651.36,322.33,21.64,57.59,0.683,-1,-1,-1
349,53,1100.15,309.91,30.08,144.29,0.355,-1,-1,-1
350,2,1159.87,316.81,60.99,145.16,0.868,-1,-1,-1
350,3,1731.10,261.02,211.55,804.35,0.909,-1,-1,-1
350,7,849.49,302.57,48.44,147.38,0.602,-1,-1,-1
350,13,-21.56,272.90,110.53,274.74,0.702,-1,-1,-1
350,25,338.76,276.14,92.03,147.36,0.875,-1,-1,-1
350,26,662.21,272.63,113.06,287.15,0.870,-1,-1,-1
350,31,546.29,310.66,40.52,82.97,0.503,-1,-1,-1
350,37,1070.06,298.69,50.71,158.10,0.771,-1,-1,-1
350,41,1234.30,310.58,39.08,120.91,0.825,-1,-1,-1
350,42,925.91,318.07,41.12,131.89,0.791,-1,-1,-1
350,49,560.01,311.84,51.00,84.11,0.759,-1,-1,-1
350,50,600.84,313.18,30.00,67.69,0.598,-1,-1,-1
350,51,650.88,321.80,21.74,57.90,0.575,-1,-1,-1
350,53,1099.58,307.85,30.48,146.68,0.347,-1,-1,-1
350,54,38.41,305.75,39.56,152.26,0.647,-1,-1,-1
351,2,1160.07,316.82,60.57,144.31,0.851,-1,-1,-1
351,3,1735.82,255.77,206.16,798.24,0.920,-1,-1,-1
351,7,848.52,301.69,49.34,149.41,0.827,-1,-1,-1
351,13,-26.54,274.42,109.03,278.51,0.743,-1,-1,-1
351,25,338.59,274.74,93.31,148.22,0.883,-1,-1,-1
351,26,657.29,273.09,113.55,288.50,0.877,-1,-1,-1
351,31,548.07,307.55,38.83,79.71,0.585,-1,-1,-1
351,37,1069.84,297.52,51.02,158.48,0.771,-1,-1,-1
351,41,1235.57,309.64,39.02,120.69,0.852,-1,-1,-1
351,42,924.76,316.41,40.73,131.31,0.820,-1,-1,-1
351,49,558.57,311.36,50.83,83.31,0.762,-1,-1,-1
351,50,597.97,312.03,30.05,68.12,0.271,-1,-1,-1
351,51,650.12,321.09,21.45,57.30,0.655,-1,-1,-1
351,53,1100.29,307.20,30.37,147.01,0.345,-1,-1,-1
351,54,31.42,303.57,39.79,152.66,0.766,-1,-1,-1
352,2,1158.74,320.37,59.98,143.30,0.843,-1,-1,-1
352,3,1738.54,253.80,202.22,797.18,0.923,-1,-1,-1
352,7,844.84,304.02,49.88,150.21,0.825,-1,-1,-1
352,25,341.14,274.69,94.27,149.87,0.871,-1,-1,-1
352,26,647.83,274.62,115.61,294.56,0.902,-1,-1,-1
352,31,544.99,307.72,39.82,82.64,0.484,-1,-1,-1
352,37,1068.57,299.45,51.55,159.31,0.800,-1,-1,-1
352,41,1235.85,311.38,39.35,121.19,0.867,-1,-1,-1
352,42,921.82,316.55,40.86,132.25,0.813,-1,-1,-1
352,49,555.30,313.14,50.79,83.20,0.571,-1,-1,-1
352,50,590.92,313.28,30.98,71.11,0.379,-1,-1,-1
352,51,647.29,322.49,21.57,57.56,0.659,-1,-1,-1
352,53,1099.74,308.48,30.31,147.83,0.366,-1,-1,-1
352,54,21.30,304.45,40.32,153.58,0.779,-1,-1,-1
353,2,1157.85,321.89,59.70,143.16,0.843,-1,-1,-1
353,3,1741.43,254.02,197.29,790.71,0.922,-1,-1,-1
353,7,842.89,304.63,50.24,150.45,0.830,-1,-1,-1
353,25,340.78,274.82,95.89,151.51,0.881,-1,-1,-1
353,26,639.49,274.97,118.13,302.65,0.892,-1,-1,-1
353,31,542.53,308.10,39.96,83.60,0.418,-1,-1,-1
353,37,1066.62,301.18,51.43,158.95,0.792,-1,-1,-1
353,41,1235.84,311.90,39.70,121.58,0.859,-1,-1,-1
353,42,920.49,316.65,41.17,133.55,0.817,-1,-1,-1
353,49,553.66,313.09,52.15,84.91,0.725,-1,-1,-1
353,50,586.16,314.58,31.20,72.26,0.258,-1,-1,-1
353,51,645.58,323.40,21.72,57.97,0.635,-1,-1,-1
353,53,1099.39,313.01,29.56,144.60,0.379,-1,-1,-1
353,54,15.86,304.90,40.79,153.98,0.779,-1,-1,-1
354,2,1157.64,324.84,59.23,142.83,0.854,-1,-1,-1
354,3,1736.68,257.19,197.37,798.82,0.909,-1,-1,-1
354,7,842.80,308.70,49.35,146.61,0.781,-1,-1,-1
354,25,343.55,276.79,96.41,152.22,0.873,-1,-1,-1
354,26,635.03,277.20,117.47,302.84,0.845,-1,-1,-1
354,31,541.03,310.14,40.24,84.17,-1.000,-1,-1,-1
354,37,1066.92,304.14,51.87,159.01,0.806,-1,-1,-1
354,41,1235.74,314.07,40.22,122.97,0.803,-1,-1,-1
354,42,919.22,318.22,40.90,133.90,0.831,-1,-1,-1
354,49,551.97,314.36,53.71,86.82,0.789,-1,-1,-1
354,50,580.23,315.43,31.65,73.47,-1.000,-1,-1,-1
354,51,644.70,326.19,20.88,55.53,0.156,-1,-1,-1
354,53,1099.79,323.64,28.00,136.71,0.350,-1,-1,-1
354,54,10.45,307.07,41.54,154.70,0.786,-1,-1,-1
355,2,1158.25,327.63,58.84,142.63,0.870,-1,-1,-1
355,3,1730.73,261.92,196.09,794.93,0.906,-1,-1,-1
355,7,842.28,311.13,50.25,148.73,0.816,-1,-1,-1
355,25,344.46,277.65,97.54,153.50,0.882,-1,-1,-1
355,26,629.60,278.72,117.75,304.32,0.883,-1,-1,-1
355,31,539.54,312.17,40.51,84.74,-1.000,-1,-1,-1
355,37,1067.61,306.75,52.31,159.11,0.799,-1,-1,-1
355,41,1236.72,317.57,40.42,122.53,0.813,-1,-1,-1
355,42,918.30,320.44,40.83,134.55,0.837,-1,-1,-1
355,49,550.29,317.09,53.69,86.48,0.776,-1,-1,-1
355,50,574.30,316.28,32.09,74.68,-1.000,-1,-1,-1
355,51,644.17,327.03,20.92,55.64,-1.000,-1,-1,-1
355,53,1099.77,326.86,27.96,136.68,0.355,-1,-1,-1
355,54,8.11,308.03,42.02,154.61,0.750,-1,-1,-1
356,2,1155.63,329.99,57.92,141.79,0.846,-1,-1,-1
356,3,1721.66,266.90,197.96,799.39,0.904,-1,-1,-1
356,7,841.53,315.19,48.88,143.41,0.754,-1,-1,-1
356,25,342.99,278.34,97.97,154.45,0.861,-1,-1,-1
356,26,622.51,277.89,118.54,307.00,0.877,-1,-1,-1
356,31,538.05,314.20,40.79,85.32,-1.000,-1,-1,-1
356,37,1065.22,308.49,53.31,160.63,0.800,-1,-1,-1
356,41,1235.98,320.35,40.43,122.72,0.664,-1,-1,-1
356,42,915.01,322.61,40.71,135.62,0.670,-1,-1,-1
356,49,547.15,318.59,53.37,86.44,0.507,-1,-1,-1
356,50,568.37,317.13,32.54,75.89,-1.000,-1,-1,-1
356,51,643.64,327.87,20.96,55.74,-1.000,-1,-1,-1
356,54,2.02,309.07,42.39,155.01,0.810,-1,-1,-1
357,2,1153.98,335.70,57.76,141.90,0.834,-1,-1,-1
357,3,1718.36,281.21,189.93,753.10,0.928,-1,-1,-1
357,7,837.74,321.27,49.95,144.91,0.837,-1,-1,-1
357,25,341.88,281.32,99.56,156.02,0.888,-1,-1,-1
357,26,613.91,281.01,119.92,311.55,0.889,-1,-1,-1
357,31,536.55,316.23,41.06,85.89,-1.000,-1,-1,-1
357,37,1064.25,315.16,53.70,160.86,0.789,-1,-1,-1
357,41,1236.93,327.62,40.70,123.28,0.617,-1,-1,-1
357,42,912.03,329.75,40.30,135.00,0.812,-1,-1,-1
357,49,543.45,325.25,52.40,85.15,0.652,-1,-1,-1
357,50,562.44,317.99,32.99,77.10,-1.000,-1,-1,-1
357,51,643.10,328.71,21.00,55.85,-1.000,-1,-1,-1
357,54,-0.52,312.80,42.52,154.91,0.789,-1,-1,-1
358,2,1152.86,336.48,58.13,143.24,0.834,-1,-1,-1
358,3,1717.43,285.11,189.05,738.93,0.927,-1,-1,-1
358,7,836.03,321.41,51.46,148.66,0.814,-1,-1,-1
358,25,340.79,280.47,101.42,157.70,0.897,-1,-1,-1
358,26,607.05,280.42,121.18,315.29,0.896,-1,-1,-1
358,31,535.06,318.26,41.34,86.46,-1.000,-1,-1,-1
358,37,1063.47,316.60,54.02,161.98,0.775,-1,-1,-1
358,41,1237.47,328.87,41.19,123.69,0.618,-1,-1,-1
358,42,911.24,331.28,39.87,134.55,0.799,-1,-1,-1
358,49,542.48,325.79,52.01,85.28,0.795,-1,-1,-1
358,50,556.51,318.84,33.43,78.31,-1.000,-1,-1,-1
358,51,642.57,329.55,21.03,55.95,-1.000,-1,-1,-1
358,54,-1.22,313.18,42.50,154.53,0.845,-1,-1,-1
359,2,1148.75,338.73,58.42,143.99,0.853,-1,-1,-1
359,3,1718.41,291.21,190.07,736.54,0.926,-1,-1,-1
359,7,833.80,323.17,51.94,150.30,0.820,-1,-1,-1
359,25,335.71,281.29,103.93,160.46,0.908,-1,-1,-1
359,26,598.45,282.21,122.17,318.53,0.894,-1,-1,-1
359,31,533.56,320.29,41.61,87.04,-1.000,-1,-1,-1
359,37,1061.70,319.41,54.56,162.40,0.794,-1,-1,-1
359,41,1236.42,332.06,41.05,123.38,0.578,-1,-1,-1
359,42,907.79,334.06,39.81,135.73,0.823,-1,-1,-1
359,47,722.24,340.80,20.69,60.88,0.531,-1,-1,-1
359,49,538.71,327.37,52.44,87.20,0.780,-1,-1,-1
359,50,550.58,319.69,33.88,79.52,-1.000,-1,-1,-1
359,51,642.04,330.38,21.07,56.06,-1.000,-1,-1,-1
359,54,-5.63,314.22,42.92,157.51,0.847,-1,-1,-1
359,55,497.63,323.85,44.44,90.24,0.599,-1,-1,-1
360,2,1146.62,340.27,59.18,145.58,0.880,-1,-1,-1
360,3,1720.56,297.34,191.11,737.20,0.917,-1,-1,-1
360,7,831.92,324.72,51.80,149.44,0.806,-1,-1,-1
360,25,331.96,281.80,105.55,161.54,0.900,-1,-1,-1
360,26,591.57,283.14,123.35,322.67,0.887,-1,-1,-1
360,31,532.07,322.32,41.88,87.61,-1.000,-1,-1,-1
360,37,1059.91,320.97,54.94,162.83,0.767,-1,-1,-1
360,41,1237.06,334.26,41.34,124.10,0.641,-1,-1,-1
360,42,906.62,336.03,38.92,133.95,0.793,-1,-1,-1
360,47,719.93,342.83,20.23,59.99,0.418,-1,-1,-1
360,49,536.71,328.23,52.12,87.59,0.724,-1,-1,-1
360,50,544.65,320.54,34.33,80.73,-1.000,-1,-1,-1
360,51,641.50,331.22,21.11,56.17,-1.000,-1,-1,-1
360,54,-7.60,314.60,42.62,158.78,0.830,-1,-1,-1
360,55,497.37,325.35,44.21,89.65,0.556,-1,-1,-1
361,2,1145.75,341.75,59.12,144.72,0.878,-1,-1,-1
361,3,1723.38,298.39,193.22,745.71,0.920,-1,-1,-1
361,7,831.92,324.17,51.40,148.11,0.800,-1,-1,-1
361,25,329.11,280.66,107.30,162.31,0.908,-1,-1,-1
361,26,586.19,283.12,124.19,325.91,0.884,-1,-1,-1
361,31,530.57,324.35,42.16,88.18,-1.000,-1,-1,-1
361,37,1059.51,321.10,55.33,162.82,0.784,-1,-1,-1
361,41,1238.15,334.67,41.48,124.10,0.704,-1,-1,-1
361,42,906.28,336.78,38.46,133.65,0.813,-1,-1,-1
361,47,719.07,340.91,20.66,61.36,0.443,-1,-1,-1
361,49,535.40,327.25,52.08,88.31,0.705,-1,-1,-1
361,50,538.72,321.40,34.77,81.94,-1.000,-1,-1,-1
361,51,640.97,332.06,21.15,56.27,-1.000,-1,-1,-1
361,54,-8.41,313.23,42.01,159.33,0.808,-1,-1,-1
361,55,497.49,323.21,44.98,91.03,0.690,-1,-1,-1
362,2,1142.67,343.58,59.03,143.81,0.869,-1,-1,-1
362,3,1727.89,299.13,195.41,758.81,0.924,-1,-1,-1
362,7,829.31,323.03,52.42,152.15,0.845,-1,-1,-1
362,25,322.70,280.82,110.05,163.35,0.911,-1,-1,-1
362,26,574.31,284.21,125.90,331.14,0.897,-1,-1,-1
362,31,529.08,326.38,42.43,88.76,0.651,-1,-1,-1
362,37,1057.80,321.34,56.10,164.00,0.778,-1,-1,-1
362,41,1239.18,335.78,41.35,123.48,0.738,-1,-1,-1
362,42,903.51,337.74,38.45,134.65,0.821,-1,-1,-1
362,47,714.44,339.86,21.27,62.60,0.528,-1,-1,-1
362,49,536.82,326.22,52.21,88.70,-1.000,-1,-1,-1
362,50,532.78,322.25,35.22,83.15,-1.000,-1,-1,-1
362,51,640.44,332.90,21.19,56.38,-1.000,-1,-1,-1
362,54,-13.35,321.72,39.73,153.13,0.629,-1,-1,-1
362,55,490.09,322.06,44.82,90.66,0.708,-1,-1,-1
363,2,1141.14,342.27,58.96,142.97,0.864,-1,-1,-1
363,3,1728.07,294.38,196.48,766.61,0.917,-1,-1,-1
363,7,829.16,320.64,52.45,153.37,0.856,-1,-1,-1
363,25,320.83,279.38,112.47,163.70,0.918,-1,-1,-1
363,26,567.19,283.64,125.93,331.87,0.906,-1,-1,-1
363,31,527.90,325.30,42.61,88.89,0.587,-1,-1,-1
363,37,1057.52,319.67,56.62,164.54,0.784,-1,-1,-1
363,41,1240.47,335.91,40.68,121.22,0.760,-1,-1,-1
363,42,903.20,335.71,38.33,135.41,0.806,-1,-1,-1
363,47,713.68,337.62,21.52,63.04,0.618,-1,-1,-1
363,49,538.25,325.19,52.34,89.10,-1.000,-1,-1,-1
363,50,526.85,323.10,35.66,84.36,-1.000,-1,-1,-1
363,51,639.90,333.74,21.23,56.49,-1.000,-1,-1,-1
363,54,-11.75,327.10,37.16,146.39,0.697,-1,-1,-1
363,55,487.27,319.78,44.69,90.39,0.716,-1,-1,-1
363,56,985.60,341.58,22.11,59.76,0.586,-1,-1,-1
364,2,1139.54,342.40,58.82,141.94,0.890,-1,-1,-1
364,3,1727.76,289.61,196.82,770.73,0.909,-1,-1,-1
364,7,827.22,320.70,52.21,153.31,0.834,-1,-1,-1
364,25,317.05,279.96,114.82,163.62,0.910,-1,-1,-1
364,26,559.36,284.93,126.95,334.77,0.890,-1,-1,-1
364,31,526.18,326.87,42.09,87.74,0.548,-1,-1,-1
364,37,1056.62,318.96,57.13,164.72,0.841,-1,-1,-1
364,41,1241.02,337.77,40.12,118.75,0.768,-1,-1,-1
364,42,902.32,335.20,38.05,135.78,0.780,-1,-1,-1
364,47,711.53,336.91,21.96,63.52,0.527,-1,-1,-1
364,49,539.67,324.15,52.47,89.49,-1.000,-1,-1,-1
364,50,520.92,323.95,36.11,85.57,-1.000,-1,-1,-1
364,51,639.37,334.57,21.27,56.59,-1.000,-1,-1,-1
364,54,-11.39,326.91,37.31,147.56,-1.000,-1,-1,-1
364,55,482.52,319.43,45.40,91.73,0.659,-1,-1,-1
364,56,984.70,342.15,21.30,57.59,0.319,-1,-1,-1
365,2,1136.32,341.80,59.21,142.06,0.884,-1,-1,-1
365,3,1726.17,285.33,197.80,777.87,0.919,-1,-1,-1
365,7,824.78,320.67,51.91,153.18,0.844,-1,-1,-1
365,25,313.02,280.98,117.47,163.11,0.912,-1,-1,-1
365,26,550.98,285.29,127.65,337.17,0.897,-1,-1,-1
365,31,525.21,326.38,42.54,88.76,0.412,-1,-1,-1
365,37,1054.40,318.65,57.28,164.15,0.828,-1,-1,-1
365,41,1238.80,333.54,41.63,122.77,0.807,-1,-1,-1
365,42,900.18,333.88,38.08,137.38,0.822,-1,-1,-1
365,47,708.49,337.18,21.97,63.43,0.640,-1,-1,-1
365,49,541.10,323.12,52.61,89.89,-1.000,-1,-1,-1
365,50,514.99,324.80,36.56,86.78,-1.000,-1,-1,-1
365,51,638.84,335.41,21.31,56.70,-1.000,-1,-1,-1
365,54,-11.04,326.71,37.47,148.72,-1.000,-1,-1,-1
365,55,475.71,319.87,45.87,92.82,0.659,-1,-1,-1
365,56,981.96,343.14,21.27,57.52,0.379,-1,-1,-1
366,2,1135.46,340.73,59.33,141.80,0.870,-1,-1,-1
366,3,1728.32,281.37,198.58,786.94,0.917,-1,-1,-1
366,7,824.38,319.36,52.02,154.20,0.834,-1,-1,-1
366,25,311.59,280.97,120.47,163.05,0.910,-1,-1,-1
366,26,545.29,283.96,128.99,341.32,0.894,-1,-1,-1
366,31,524.84,325.92,42.37,89.27,0.483,-1,-1,-1
366,37,1054.92,317.62,57.78,164.66,0.831,-1,-1,-1
366,41,1240.84,335.11,41.05,120.29,0.750,-1,-1,-1
366,42,900.41,331.66,38.02,138.41,0.830,-1,-1,-1
366,47,708.30,337.09,21.87,62.91,0.595,-1,-1,-1
366,49,542.52,322.09,52.74,90.28,-1.000,-1,-1,-1
366,50,509.06,325.66,37.00,87.99,-1.000,-1,-1,-1
366,51,638.31,336.25,21.35,56.80,-1.000,-1,-1,-1
366,54,-10.68,326.51,37.63,149.89,-1.000,-1,-1,-1
366,55,468.89,320.72,45.92,92.40,0.704,-1,-1,-1
366,56,982.83,343.95,20.73,56.12,0.359,-1,-1,-1
367,2,1136.12,339.70,59.37,141.27,0.877,-1,-1,-1
367,3,1737.52,279.60,196.24,788.55,0.892,-1,-1,-1
367,7,825.28,320.00,51.59,153.66,0.833,-1,-1,-1
367,25,311.06,283.42,123.16,162.25,0.899,-1,-1,-1
367,26,536.31,281.09,131.67,349.69,0.898,-1,-1,-1
367,31,525.15,327.11,42.11,89.42,0.477,-1,-1,-1
367,37,1056.87,317.67,58.07,165.14,0.723,-1,-1,-1
367,41,1249.87,341.78,35.77,104.03,0.524,-1,-1,-1
367,42,902.40,330.91,37.78,138.45,0.805,-1,-1,-1
367,47,709.08,338.04,21.94,63.17,0.597,-1,-1,-1
367,49,543.95,321.06,52.87,90.68,-1.000,-1,-1,-1
367,50,503.13,326.51,37.45,89.20,0.606,-1,-1,-1
367,51,637.77,337.09,21.38,56.91,-1.000,-1,-1,-1
367,54,-10.33,326.32,37.79,151.05,-1.000,-1,-1,-1
367,55,466.39,322.35,45.59,91.59,0.569,-1,-1,-1
367,56,984.72,345.42,20.38,55.20,0.476,-1,-1,-1
368,2,1136.20,338.25,59.77,141.65,0.886,-1,-1,-1
368,3,1745.04,280.23,192.32,786.22,0.908,-1,-1,-1
368,7,825.20,319.81,51.57,154.00,0.836,-1,-1,-1
368,25,311.56,283.69,126.92,162.70,0.908,-1,-1,-1
368,26,528.55,278.24,133.22,355.19,0.903,-1,-1,-1
368,31,525.93,326.91,40.76,87.63,0.470,-1,-1,-1
368,37,1057.81,317.28,58.07,165.28,0.714,-1,-1,-1
368,41,1250.92,338.62,38.24,111.30,0.569,-1,-1,-1
368,42,903.17,330.05,37.81,139.25,0.813,-1,-1,-1
368,47,709.37,338.44,21.86,62.94,0.675,-1,-1,-1
368,49,545.37,320.02,53.00,91.07,-1.000,-1,-1,-1
368,50,500.83,325.86,37.02,90.35,0.665,-1,-1,-1
368,51,637.24,337.93,21.42,57.02,-1.000,-1,-1,-1
368,54,-9.97,326.12,37.95,152.22,-1.000,-1,-1,-1
368,55,462.42,323.17,45.20,90.79,0.714,-1,-1,-1
368,56,985.59,344.00,20.90,56.65,0.467,-1,-1,-1
369,2,1136.81,337.13,59.90,142.27,0.809,-1,-1,-1
369,3,1751.95,279.67,187.79,777.67,0.768,-1,-1,-1
369,7,826.99,323.38,50.04,149.08,0.368,-1,-1,-1
369,25,315.22,285.66,125.20,161.84,0.837,-1,-1,-1
369,26,523.03,276.72,134.04,359.45,0.877,-1,-1,-1
369,31,532.57,325.10,40.18,86.48,-1.000,-1,-1,-1
369,37,1058.87,316.62,58.25,165.97,0.782,-1,-1,-1
369,41,1256.03,337.29,36.97,107.70,0.129,-1,-1,-1
369,42,905.03,331.88,37.19,137.20,-1.000,-1,-1,-1
369,47,710.34,339.17,22.00,63.57,-1.000,-1,-1,-1
369,49,546.80,318.99,53.13,91.46,-1.000,-1,-1,-1
369,50,498.67,326.70,36.74,90.16,-1.000,-1,-1,-1
369,51,636.71,338.76,21.46,57.12,-1.000,-1,-1,-1
369,54,-9.62,325.92,38.10,153.38,-1.000,-1,-1,-1
369,55,461.14,324.52,43.80,88.00,0.194,-1,-1,-1
369,56,989.10,343.70,21.02,56.94,-1.000,-1,-1,-1
370,2,1137.72,335.84,61.05,144.91,0.876,-1,-1,-1
370,3,1761.05,282.70,180.25,761.34,0.875,-1,-1,-1
370,7,826.01,327.19,49.02,146.02,0.779,-1,-1,-1
370,25,316.48,284.43,130.39,164.88,0.893,-1,-1,-1
370,26,516.37,273.41,135.80,365.43,0.886,-1,-1,-1
370,31,539.21,323.28,39.61,85.33,-1.000,-1,-1,-1
370,37,1059.11,316.17,58.70,168.20,0.785,-1,-1,-1
370,41,1259.00,336.62,38.65,113.81,0.676,-1,-1,-1
370,42,906.90,333.71,36.57,135.15,0.789,-1,-1,-1
370,47,711.31,339.89,22.14,64.19,0.523,-1,-1,-1
370,49,548.22,317.96,53.26,91.86,-1.000,-1,-1,-1
370,50,496.51,327.54,36.46,89.98,0.590,-1,-1,-1
370,51,636.17,339.60,21.50,57.23,-1.000,-1,-1,-1
370,54,-9.26,325.73,38.26,154.55,-1.000,-1,-1,-1
370,55,458.83,324.88,44.82,90.12,0.217,-1,-1,-1
370,56,992.61,343.40,21.13,57.24,-1.000,-1,-1,-1
371,2,1145.82,335.94,61.03,144.76,0.866,-1,-1,-1
371,3,1770.89,304.13,171.21,729.63,0.705,-1,-1,-1
371,7,832.35,328.46,48.90,145.87,0.832,-1,-1,-1
371,25,324.32,285.05,132.67,164.75,0.912,-1,-1,-1
371,26,517.41,272.53,135.04,364.39,0.908,-1,-1,-1
371,31,545.85,321.46,39.03,84.18,-1.000,-1,-1,-1
371,37,1067.65,316.15,58.84,168.79,0.780,-1,-1,-1
371,41,1268.39,335.15,39.13,117.19,0.737,-1,-1,-1
371,42,912.84,332.05,37.37,138.12,0.820,-1,-1,-1
371,47,718.13,339.60,22.34,64.99,0.671,-1,-1,-1
371,49,549.65,316.93,53.40,92.25,-1.000,-1,-1,-1
371,50,500.27,327.99,36.12,89.72,0.595,-1,-1,-1
371,51,635.64,340.44,21.54,57.34,0.517,-1,-1,-1
371,54,-8.91,325.53,38.42,155.71,-1.000,-1,-1,-1
371,55,462.02,325.08,44.50,89.66,0.505,-1,-1,-1
371,56,996.12,343.11,21.25,57.53,0.640,-1,-1,-1
372,2,1157.87,332.56,60.51,143.76,0.873,-1,-1,-1
372,3,1788.06,375.51,151.44,654.20,0.865,-1,-1,-1
372,7,840.87,323.01,48.70,145.33,0.743,-1,-1,-1
372,25,336.78,281.42,134.53,166.04,0.897,-1,-1,-1
372,26,516.72,267.73,137.27,373.00,0.896,-1,-1,-1
372,31,552.49,319.64,38.45,83.03,-1.000,-1,-1,-1
372,37,1079.72,311.44,59.38,170.15,0.789,-1,-1,-1
372,41,1282.56,330.19,39.37,118.82,0.650,-1,-1,-1
372,42,920.09,327.32,38.28,139.27,0.846,-1,-1,-1
372,47,728.24,336.19,22.21,64.16,0.688,-1,-1,-1
372,49,551.07,315.89,53.53,92.65,-1.000,-1,-1,-1
372,50,504.50,325.79,35.59,88.85,0.751,-1,-1,-1
372,51,645.97,336.60,21.88,58.68,0.587,-1,-1,-1
372,54,-8.56,325.33,38.58,156.88,0.621,-1,-1,-1
372,55,465.77,321.77,45.06,90.80,0.648,-1,-1,-1
372,56,1007.09,337.88,20.79,56.29,0.480,-1,-1,-1
373,2,1162.55,332.32,60.06,143.04,0.853,-1,-1,-1
373,3,1793.67,410.12,142.07,622.97,0.868,-1,-1,-1
373,7,843.00,320.58,48.64,145.10,0.679,-1,-1,-1
373,25,343.87,280.28,135.91,166.84,0.886,-1,-1,-1
373,26,511.84,264.94,137.51,376.25,0.891,-1,-1,-1
373,31,559.13,317.82,37.87,81.88,-1.000,-1,-1,-1
373,37,1084.15,310.04,59.77,170.85,0.705,-1,-1,-1
373,41,1289.70,327.09,39.72,121.48,0.741,-1,-1,-1
373,42,921.41,325.72,39.06,139.57,0.829,-1,-1,-1
373,47,731.30,335.09,21.75,62.49,0.460,-1,-1,-1
373,49,552.50,314.86,53.66,93.04,-1.000,-1,-1,-1
373,50,505.55,324.94,34.28,85.65,0.323,-1,-1,-1
373,51,649.90,334.93,22.12,59.35,0.125,-1,-1,-1
373,54,-6.64,323.48,37.74,157.39,0.581,-1,-1,-1
373,55,468.74,315.47,45.95,93.27,0.446,-1,-1,-1
373,56,1012.28,335.68,20.64,55.91,-1.000,-1,-1,-1
374,2,1168.61,329.96,59.97,142.96,0.863,-1,-1,-1
374,3,1800.01,424.75,137.73,614.50,0.838,-1,-1,-1
374,7,847.75,315.63,49.31,147.33,0.824,-1,-1,-1
374,25,351.99,277.11,137.55,168.45,0.914,-1,-1,-1
374,26,509.91,262.04,137.47,378.62,0.901,-1,-1,-1
374,31,565.77,316.00,37.29,80.72,-1.000,-1,-1,-1
374,37,1090.93,306.58,60.55,172.41,0.791,-1,-1,-1
374,41,1298.11,322.14,39.24,121.23,0.738,-1,-1,-1
374,42,925.02,322.71,39.99,140.25,0.851,-1,-1,-1
374,47,736.18,332.39,21.96,62.58,0.630,-1,-1,-1
374,49,553.92,313.83,53.79,93.44,-1.000,-1,-1,-1
374,50,506.00,322.03,34.89,87.87,0.485,-1,-1,-1
374,51,655.24,332.24,22.08,59.60,0.667,-1,-1,-1
374,54,-4.25,318.11,37.55,160.50,0.738,-1,-1,-1
374,55,469.87,314.28,44.46,90.00,0.359,-1,-1,-1
374,56,1017.47,333.47,20.50,55.53,0.516,-1,-1,-1
375,2,1172.58,328.68,59.72,142.71,0.840,-1,-1,-1
375,3,1800.80,427.26,136.76,618.34,0.765,-1,-1,-1
375,7,849.80,313.55,49.85,149.24,0.666,-1,-1,-1
375,25,356.96,275.01,138.71,169.90,0.897,-1,-1,-1
375,26,501.54,260.64,139.31,384.28,0.905,-1,-1,-1
375,31,572.41,314.18,36.72,79.57,-1.000,-1,-1,-1
375,37,1095.02,304.72,60.75,172.66,0.759,-1,-1,-1
375,41,1303.75,320.77,39.35,122.25,0.715,-1,-1,-1
375,42,926.32,321.39,40.83,140.68,0.845,-1,-1,-1
375,47,737.96,328.83,22.85,64.75,0.631,-1,-1,-1
375,49,555.35,312.79,53.92,93.83,-1.000,-1,-1,-1
375,50,504.05,320.53,35.04,89.29,0.585,-1,-1,-1
375,51,658.72,331.56,21.92,59.11,0.537,-1,-1,-1
375,54,-3.91,314.41,37.06,162.16,0.787,-1,-1,-1
375,55,470.04,314.45,40.94,82.01,0.618,-1,-1,-1
375,56,1021.45,331.29,20.05,54.27,0.468,-1,-1,-1
376,2,1173.92,326.12,59.17,142.06,0.830,-1,-1,-1
376,3,1799.69,430.44,135.39,618.71,0.706,-1,-1,-1
376,7,850.62,308.43,50.64,150.75,0.835,-1,-1,-1
376,25,360.07,272.17,139.75,171.70,0.902,-1,-1,-1
376,26,492.15,257.79,140.73,387.00,0.893,-1,-1,-1
376,31,579.04,312.36,36.14,78.42,-1.000,-1,-1,-1
376,37,1097.05,302.27,60.81,172.77,0.753,-1,-1,-1
376,41,1307.34,318.61,39.11,122.67,0.791,-1,-1,-1
376,42,927.06,317.75,41.82,141.93,0.836,-1,-1,-1
376,47,739.24,324.07,23.45,66.55,0.730,-1,-1,-1
376,49,556.77,311.76,54.05,94.22,-1.000,-1,-1,-1
376,50,501.77,317.85,35.13,90.56,0.585,-1,-1,-1
376,51,660.21,328.19,22.24,60.27,0.634,-1,-1,-1
376,54,-3.55,310.69,36.85,164.02,0.739,-1,-1,-1
376,55,466.63,312.30,43.45,87.03,0.474,-1,-1,-1
376,56,1024.40,328.31,20.00,54.07,0.524,-1,-1,-1
377,2,1182.06,316.91,59.04,142.21,0.815,-1,-1,-1
377,3,1783.79,255.39,167.39,789.55,0.839,-1,-1,-1
377,7,855.00,299.85,51.17,151.13,0.844,-1,-1,-1
377,25,367.74,263.96,140.31,172.96,0.888,-1,-1,-1
377,26,479.61,251.28,144.54,394.58,0.903,-1,-1,-1
377,31,585.68,310.54,35.56,77.27,-1.000,-1,-1,-1
377,37,1105.15,293.39,61.17,173.09,0.802,-1,-1,-1
377,41,1316.42,309.37,39.17,123.32,0.761,-1,-1,-1
377,42,933.06,309.04,42.26,142.06,0.847,-1,-1,-1
377,47,744.12,315.67,23.62,67.22,0.680,-1,-1,-1
377,49,558.20,310.73,54.19,94.62,-1.000,-1,-1,-1
377,51,666.26,320.69,22.22,60.74,0.670,-1,-1,-1
377,54,-1.13,303.07,36.67,165.43,0.783,-1,-1,-1
377,56,1031.35,320.77,20.63,55.93,0.442,-1,-1,-1
378,2,1185.27,315.12,58.55,141.57,0.853,-1,-1,-1
378,3,1778.64,202.35,173.74,842.58,0.829,-1,-1,-1
378,7,856.88,298.77,51.63,152.12,0.833,-1,-1,-1
378,25,370.53,263.20,140.68,174.04,0.875,-1,-1,-1
378,26,471.00,251.19,148.03,402.43,0.901,-1,-1,-1
378,31,592.32,308.72,34.98,76.12,0.671,-1,-1,-1
378,37,1108.26,292.52,61.28,172.83,0.791,-1,-1,-1
378,41,1320.51,308.07,39.42,124.36,0.804,-1,-1,-1
378,42,934.81,308.19,42.54,141.84,0.838,-1,-1,-1
378,47,745.00,314.87,23.92,67.58,0.655,-1,-1,-1
378,49,559.62,309.70,54.32,95.01,-1.000,-1,-1,-1
378,51,668.07,319.73,22.18,60.86,0.690,-1,-1,-1
378,54,-2.21,301.72,36.58,167.28,0.744,-1,-1,-1
378,56,1034.05,319.68,20.94,57.00,0.383,-1,-1,-1
378,57,696.28,315.69,26.85,65.89,0.563,-1,-1,-1
379,2,1187.11,314.58,58.15,141.13,0.849,-1,-1,-1
379,3,1777.20,183.73,175.78,865.30,0.541,-1,-1,-1
379,7,856.83,298.81,52.10,152.60,0.849,-1,-1,-1
379,25,373.06,263.17,140.51,174.42,0.747,-1,-1,-1
379,26,467.30,250.79,150.45,408.54,0.894,-1,-1,-1
379,31,592.82,308.39,35.19,75.60,0.754,-1,-1,-1
379,37,1109.90,292.13,61.37,172.96,0.772,-1,-1,-1
379,41,1324.01,308.41,39.20,124.34,0.790,-1,-1,-1
379,42,936.24,307.52,42.91,142.24,0.816,-1,-1,-1
379,47,744.74,314.73,24.33,67.93,0.693,-1,-1,-1
379,49,561.05,308.66,54.45,95.41,-1.000,-1,-1,-1
379,51,669.20,319.34,22.26,61.20,0.707,-1,-1,-1
379,54,-3.20,300.99,35.99,167.35,0.731,-1,-1,-1
379,56,1036.57,320.11,21.30,58.21,0.486,-1,-1,-1
379,57,697.06,316.01,26.51,65.02,0.641,-1,-1,-1
380,2,1189.69,312.67,58.28,141.61,0.862,-1,-1,-1
380,3,1788.67,179.82,161.54,809.27,0.630,-1,-1,-1
380,7,859.17,297.66,51.59,151.22,0.809,-1,-1,-1
380,25,374.82,262.50,140.04,174.92,0.687,-1,-1,-1
380,26,465.42,249.26,152.32,414.70,0.879,-1,-1,-1
380,31,594.79,307.82,35.13,74.60,0.777,-1,-1,-1
380,37,1111.62,290.19,61.42,174.10,0.800,-1,-1,-1
380,41,1327.95,306.84,39.34,124.89,0.735,-1,-1,-1
380,42,939.06,306.82,43.11,142.21,0.811,-1,-1,-1
380,47,745.10,312.71,25.03,69.14,0.631,-1,-1,-1
380,49,562.47,307.63,54.58,95.80,-1.000,-1,-1,-1
380,51,671.02,319.13,22.17,60.40,0.720,-1,-1,-1
380,54,-3.06,300.30,35.39,167.34,0.755,-1,-1,-1
380,56,1039.76,318.75,20.72,56.88,0.533,-1,-1,-1
380,57,698.84,315.07,26.52,64.97,0.671,-1,-1,-1
381,2,1192.21,312.15,58.55,142.52,0.866,-1,-1,-1
381,3,1801.70,198.72,148.40,758.41,0.605,-1,-1,-1
381,7,861.88,298.30,51.17,150.29,0.817,-1,-1,-1
381,25,374.09,263.82,139.87,176.83,0.814,-1,-1,-1
381,26,463.18,248.87,153.67,420.11,0.874,-1,-1,-1
381,31,597.92,308.72,35.35,74.53,0.756,-1,-1,-1
381,37,1116.65,290.53,61.67,174.38,0.770,-1,-1,-1
381,41,1332.84,307.45,39.28,124.25,0.813,-1,-1,-1
381,42,941.30,308.12,43.20,141.40,0.814,-1,-1,-1
381,47,747.33,314.37,24.84,67.97,0.703,-1,-1,-1
381,49,563.90,306.60,54.71,96.20,0.592,-1,-1,-1
381,51,673.13,320.18,22.27,60.18,0.657,-1,-1,-1
381,54,-2.45,301.89,34.60,165.75,0.716,-1,-1,-1
381,56,1043.47,319.29,19.87,54.68,0.603,-1,-1,-1
381,57,701.58,317.37,25.90,63.38,0.534,-1,-1,-1
381,58,651.32,314.41,12.24,35.18,0.544,-1,-1,-1
382,2,1193.91,313.29,59.09,143.58,0.883,-1,-1,-1
382,3,1818.17,421.23,116.26,592.68,0.641,-1,-1,-1
382,7,864.75,300.99,50.47,148.01,0.824,-1,-1,-1
382,25,376.21,265.02,136.89,176.65,0.859,-1,-1,-1
382,26,454.57,245.75,155.32,428.60,0.877,-1,-1,-1
382,31,601.28,310.61,35.45,74.43,0.743,-1,-1,-1
382,37,1120.99,292.24,62.05,174.55,0.813,-1,-1,-1
382,41,1338.59,308.91,39.62,124.86,0.703,-1,-1,-1
382,42,942.97,309.77,43.09,140.13,0.812,-1,-1,-1
382,47,749.17,316.32,24.94,67.50,0.716,-1,-1,-1
382,49,565.13,307.48,52.50,96.17,0.758,-1,-1,-1
382,51,675.43,321.62,22.57,60.68,0.696,-1,-1,-1
382,54,-1.88,302.72,34.44,166.67,0.724,-1,-1,-1
382,56,1047.76,320.35,20.55,55.94,0.542,-1,-1,-1
382,57,702.39,315.85,27.10,66.36,0.610,-1,-1,-1
382,58,655.24,316.88,11.94,34.24,0.547,-1,-1,-1
383,2,1193.57,315.14,59.59,144.79,0.872,-1,-1,-1
383,3,1824.27,588.32,91.19,453.69,0.509,-1,-1,-1
383,7,865.47,303.70,50.87,149.18,0.812,-1,-1,-1
383,25,375.83,267.10,134.08,177.37,0.828,-1,-1,-1
383,26,443.14,245.87,156.68,435.48,0.873,-1,-1,-1
383,31,602.86,312.88,35.27,73.72,0.672,-1,-1,-1
383,37,1122.88,293.71,62.72,176.29,0.819,-1,-1,-1
383,41,1341.89,310.47,39.72,124.99,0.768,-1,-1,-1
383,42,944.14,312.53,43.18,138.84,0.805,-1,-1,-1
383,47,750.33,318.73,24.60,66.25,0.661,-1,-1,-1
383,49,564.90,310.42,51.04,94.86,0.689,-1,-1,-1
383,51,676.29,323.25,22.90,61.40,0.682,-1,-1,-1
383,54,-2.16,305.02,34.50,168.42,0.755,-1,-1,-1
383,56,1049.92,321.55,20.94,56.91,0.382,-1,-1,-1
383,57,701.73,317.30,27.54,67.53,0.437,-1,-1,-1
383,58,656.65,318.81,12.47,35.73,0.511,-1,-1,-1
384,2,1193.99,318.26,59.22,144.00,0.860,-1,-1,-1
384,3,1826.78,732.91,67.72,313.96,0.703,-1,-1,-1
384,7,866.31,306.33,49.79,146.23,0.818,-1,-1,-1
384,25,374.01,268.27,130.35,176.98,0.741,-1,-1,-1
384,26,429.33,244.84,157.64,441.45,0.808,-1,-1,-1
384,31,603.38,316.33,34.64,71.99,0.541,-1,-1,-1
384,37,1124.03,296.04,63.07,176.71,0.804,-1,-1,-1
384,41,1343.19,314.17,39.77,124.89,0.634,-1,-1,-1
384,42,942.52,314.51,43.58,139.21,0.733,-1,-1,-1
384,47,749.30,320.12,24.74,66.37,0.135,-1,-1,-1
384,49,561.18,312.83,50.97,94.83,0.521,-1,-1,-1
384,51,675.81,325.13,23.07,61.22,0.517,-1,-1,-1
384,54,-3.52,307.27,34.05,168.21,0.497,-1,-1,-1
384,56,1050.12,325.08,20.11,54.27,0.151,-1,-1,-1
384,57,700.61,318.55,27.90,68.46,0.388,-1,-1,-1
384,58,657.45,319.26,12.45,35.63,-1.000,-1,-1,-1
385,2,1196.75,319.42,59.24,143.76,0.875,-1,-1,-1
385,3,1830.51,812.88,54.73,228.39,0.752,-1,-1,-1
385,7,869.15,306.44,50.38,147.50,0.827,-1,-1,-1
385,25,376.39,267.85,126.26,176.23,0.730,-1,-1,-1
385,26,414.23,242.11,158.07,446.19,0.892,-1,-1,-1
385,31,607.43,316.42,34.51,71.74,0.751,-1,-1,-1
385,37,1128.52,296.18,63.73,178.50,0.786,-1,-1,-1
385,41,1348.36,313.77,40.42,126.74,0.403,-1,-1,-1
385,42,945.61,315.00,43.64,138.49,0.768,-1,-1,-1
385,47,753.38,321.80,24.75,65.55,0.614,-1,-1,-1
385,49,562.04,312.86,51.29,95.35,0.709,-1,-1,-1
385,51,680.12,325.51,22.90,60.05,0.633,-1,-1,-1
385,54,-1.66,306.85,33.45,166.35,0.684,-1,-1,-1
385,56,1054.31,323.99,21.02,56.76,0.371,-1,-1,-1
385,57,703.89,318.39,27.86,68.46,0.500,-1,-1,-1
385,58,658.26,319.72,12.42,35.52,-1.000,-1,-1,-1
386,2,1195.25,320.17,59.19,143.62,0.873,-1,-1,-1
386,3,1823.13,792.84,63.91,251.42,0.727,-1,-1,-1
386,7,868.13,306.17,51.01,149.62,0.808,-1,-1,-1
386,25,378.61,267.70,110.99,158.40,0.658,-1,-1,-1
386,26,399.71,239.57,158.88,452.70,0.877,-1,-1,-1
386,31,606.45,316.64,34.12,70.53,0.723,-1,-1,-1
386,37,1128.27,295.71,64.21,179.70,0.784,-1,-1,-1
386,41,1350.85,314.30,40.55,127.41,0.673,-1,-1,-1
386,42,944.48,316.29,43.48,137.55,0.763,-1,-1,-1
386,47,751.78,321.00,24.88,65.68,0.598,-1,-1,-1
386,49,560.30,313.07,52.05,95.36,0.749,-1,-1,-1
386,51,678.64,323.14,23.77,62.30,0.669,-1,-1,-1
386,54,-3.35,306.85,33.44,167.22,0.709,-1,-1,-1
386,56,1053.75,323.74,21.92,58.84,0.490,-1,-1,-1
386,57,702.29,318.08,28.17,69.39,0.441,-1,-1,-1
386,58,659.06,320.17,12.39,35.42,-1.000,-1,-1,-1
387,2,1195.21,324.83,58.74,142.16,0.864,-1,-1,-1
387,3,1823.19,787.86,70.13,272.24,0.507,-1,-1,-1
387,7,867.86,308.35,51.08,149.43,0.805,-1,-1,-1
387,25,371.94,266.68,125.54,181.24,-1.000,-1,-1,-1
387,26,374.24,239.60,163.53,465.08,0.911,-1,-1,-1
387,31,606.24,318.50,34.57,71.00,0.773,-1,-1,-1
387,37,1129.88,299.94,64.43,180.65,0.800,-1,-1,-1
387,41,1356.52,318.21,40.42,127.85,0.260,-1,-1,-1
387,42,944.15,319.27,43.54,137.15,0.757,-1,-1,-1
387,47,751.07,323.96,25.06,65.82,0.634,-1,-1,-1
387,49,558.75,315.79,52.10,95.12,0.692,-1,-1,-1
387,51,678.59,324.71,23.92,62.48,0.698,-1,-1,-1
387,54,-5.72,307.94,33.17,168.57,0.637,-1,-1,-1
387,56,1055.19,326.82,22.33,59.51,0.497,-1,-1,-1
387,57,701.30,321.77,27.83,68.73,0.138,-1,-1,-1
387,58,659.87,320.62,12.36,35.32,-1.000,-1,-1,-1
388,2,1193.00,325.07,58.49,141.33,0.877,-1,-1,-1
388,3,1822.07,748.94,84.21,324.42,0.792,-1,-1,-1
388,7,866.12,306.11,51.77,151.20,0.813,-1,-1,-1
388,25,365.27,265.67,140.08,204.09,-1.000,-1,-1,-1
388,26,353.27,237.96,168.85,477.86,0.913,-1,-1,-1
388,31,604.98,317.58,35.53,72.45,0.770,-1,-1,-1
388,37,1128.00,300.10,64.09,180.93,0.795,-1,-1,-1
388,41,1358.93,312.11,42.06,134.59,0.450,-1,-1,-1
388,42,942.35,318.37,44.06,138.91,0.769,-1,-1,-1
388,47,748.61,323.90,24.60,65.01,0.421,-1,-1,-1
388,49,556.80,314.04,53.23,96.95,0.608,-1,-1,-1
388,51,677.62,323.58,24.06,62.77,0.706,-1,-1,-1
388,54,-6.50,309.13,32.85,166.78,0.117,-1,-1,-1
388,56,1053.53,326.70,22.30,58.84,0.476,-1,-1,-1
388,57,698.75,314.53,30.15,75.15,0.596,-1,-1,-1
388,58,660.67,321.08,12.34,35.22,0.527,-1,-1,-1
389,2,1191.21,325.28,58.03,140.28,0.865,-1,-1,-1
389,3,1821.22,712.94,93.42,362.98,0.595,-1,-1,-1
389,7,864.03,305.97,51.97,151.42,0.816,-1,-1,-1
389,25,358.59,264.65,154.62,226.93,-1.000,-1,-1,-1
389,26,331.96,238.46,173.58,485.44,0.920,-1,-1,-1
389,31,602.98,317.27,36.26,73.57,0.778,-1,-1,-1
389,37,1127.34,300.91,63.98,180.69,0.742,-1,-1,-1
389,41,1361.12,312.63,41.52,134.52,0.288,-1,-1,-1
389,42,940.32,318.58,44.39,139.77,0.765,-1,-1,-1
389,47,745.87,324.44,24.31,64.44,0.385,-1,-1,-1
389,49,557.16,313.79,52.83,97.97,0.662,-1,-1,-1
389,51,675.79,324.25,23.93,62.49,0.711,-1,-1,-1
389,56,1051.45,327.88,23.44,60.87,0.673,-1,-1,-1
389,57,695.72,315.63,29.69,74.46,0.399,-1,-1,-1
389,58,659.34,321.86,11.98,34.09,0.446,-1,-1,-1
390,2,1190.49,322.61,57.76,140.20,0.863,-1,-1,-1
390,3,1824.71,696.59,96.93,381.21,0.743,-1,-1,-1
390,7,861.86,303.28,52.34,152.38,0.815,-1,-1,-1
390,25,351.92,263.63,169.17,249.77,-1.000,-1,-1,-1
390,26,314.66,236.88,177.86,489.75,0.917,-1,-1,-1
390,31,601.75,314.20,36.90,74.27,0.817,-1,-1,-1
390,37,1127.43,298.99,64.08,180.96,0.814,-1,-1,-1
390,42,938.32,316.12,44.39,140.46,0.792,-1,-1,-1
390,47,744.54,321.83,24.16,64.03,0.606,-1,-1,-1
390,49,557.67,311.32,51.83,98.25,0.706,-1,-1,-1
390,51,674.75,321.31,24.22,63.31,0.730,-1,-1,-1
390,56,1050.29,325.78,24.26,62.33,0.600,-1,-1,-1
390,57,695.34,313.73,29.19,73.71,0.611,-1,-1,-1
390,58,658.47,319.83,11.82,33.43,0.539,-1,-1,-1
391,2,1190.14,320.58,57.81,141.22,0.861,-1,-1,-1
391,3,1828.03,686.37,98.32,390.45,0.482,-1,-1,-1
391,7,860.86,301.72,52.37,152.71,0.793,-1,-1,-1
391,25,345.25,262.62,183.71,272.61,-1.000,-1,-1,-1
391,26,297.29,234.56,182.35,493.37,0.920,-1,-1,-1
391,31,600.82,311.95,37.52,74.92,0.829,-1,-1,-1
391,37,1127.89,297.42,64.11,180.66,0.815,-1,-1,-1
391,42,936.53,314.84,44.20,140.55,0.787,-1,-1,-1
391,47,742.16,320.53,23.92,64.04,0.519,-1,-1,-1
391,49,557.97,309.88,50.81,98.51,0.718,-1,-1,-1
391,51,673.84,319.82,24.11,63.18,0.725,-1,-1,-1
391,56,1049.64,323.57,25.00,63.62,0.682,-1,-1,-1
391,57,695.44,316.17,27.64,70.11,0.589,-1,-1,-1
391,58,658.00,318.39,11.80,33.08,0.549,-1,-1,-1
392,2,1189.43,318.13,58.16,143.22,0.852,-1,-1,-1
392,3,1827.94,676.20,100.10,398.65,-1.000,-1,-1,-1
392,7,859.36,301.24,52.38,152.89,0.821,-1,-1,-1
392,25,338.58,261.60,198.25,295.45,0.716,-1,-1,-1
392,26,270.06,234.11,190.79,508.38,0.918,-1,-1,-1
392,31,599.41,310.11,38.25,75.91,0.812,-1,-1,-1
392,37,1128.19,296.83,64.20,180.36,0.822,-1,-1,-1
392,42,935.83,313.97,44.09,141.13,0.781,-1,-1,-1
392,47,739.23,320.81,23.58,63.24,0.161,-1,-1,-1
392,49,556.56,308.96,50.53,99.19,0.555,-1,-1,-1
392,51,672.24,318.62,24.24,63.78,0.690,-1,-1,-1
392,56,1048.52,322.42,25.39,64.03,0.667,-1,-1,-1
392,57,694.34,314.14,28.11,71.70,0.562,-1,-1,-1
392,58,657.04,317.77,11.86,33.09,0.450,-1,-1,-1
393,2,1189.46,316.18,57.94,143.46,0.847,-1,-1,-1
393,3,1827.86,666.03,101.87,406.86,-1.000,-1,-1,-1
393,7,858.64,299.64,52.72,154.31,0.824,-1,-1,-1
393,25,336.66,258.88,198.44,312.41,0.854,-1,-1,-1
393,26,250.75,230.41,197.69,518.66,0.923,-1,-1,-1
393,31,599.53,308.39,38.38,75.77,0.813,-1,-1,-1
393,37,1128.16,295.76,64.31,180.84,0.800,-1,-1,-1
393,42,935.73,312.34,44.11,141.63,0.787,-1,-1,-1
393,47,737.31,317.44,24.23,65.40,0.392,-1,-1,-1
393,49,556.25,306.91,50.40,99.98,0.589,-1,-1,-1
393,51,672.76,317.94,23.88,62.85,0.704,-1,-1,-1
393,56,1048.13,321.08,25.15,63.40,0.589,-1,-1,-1
393,57,694.83,313.30,27.62,70.70,0.591,-1,-1,-1
393,58,657.70,317.00,11.81,32.77,0.452,-1,-1,-1
394,2,1189.13,315.56,58.01,144.15,0.828,-1,-1,-1
394,3,1827.77,655.87,103.64,415.07,-1.000,-1,-1,-1
394,7,857.60,299.75,52.64,154.73,0.833,-1,-1,-1
394,25,334.95,258.00,194.77,322.25,0.853,-1,-1,-1
394,26,233.37,227.65,202.92,527.03,0.916,-1,-1,-1
394,31,599.24,308.23,38.53,75.78,0.824,-1,-1,-1
394,37,1128.56,295.76,64.49,181.24,0.794,-1,-1,-1
394,42,935.18,312.08,44.04,141.59,0.799,-1,-1,-1
394,47,735.59,316.85,24.04,65.50,0.553,-1,-1,-1
394,49,554.88,305.85,50.41,100.95,0.618,-1,-1,-1
394,51,672.83,318.35,23.77,62.58,0.696,-1,-1,-1
394,56,1048.07,320.51,25.34,63.68,0.713,-1,-1,-1
394,57,694.84,316.73,26.11,66.91,0.550,-1,-1,-1
394,58,657.70,316.74,11.99,33.11,0.506,-1,-1,-1
394,59,1845.88,558.13,67.65,195.07,0.790,-1,-1,-1
395,2,1188.84,316.78,57.73,143.45,0.829,-1,-1,-1
395,3,1827.69,645.70,105.42,423.27,-1.000,-1,-1,-1
395,7,857.37,301.52,52.09,153.27,0.832,-1,-1,-1
395,25,335.36,258.74,189.14,328.67,0.873,-1,-1,-1
395,26,217.26,225.25,207.21,535.33,0.913,-1,-1,-1
395,31,600.13,309.82,38.27,74.96,0.808,-1,-1,-1
395,37,1129.98,297.26,64.66,180.34,0.829,-1,-1,-1
395,42,934.71,313.06,44.02,141.00,0.783,-1,-1,-1
395,47,735.10,319.74,23.40,64.14,0.544,-1,-1,-1
395,49,555.18,306.81,50.17,101.51,0.723,-1,-1,-1
395,51,673.46,320.59,23.41,61.69,0.667,-1,-1,-1
395,56,1048.85,321.54,25.39,63.45,0.677,-1,-1,-1
395,57,694.66,315.99,26.83,68.89,0.560,-1,-1,-1
395,58,658.64,318.63,11.80,32.36,0.396,-1,-1,-1
395,59,1841.89,543.48,67.54,193.81,0.757,-1,-1,-1
396,2,1189.09,316.47,57.24,142.20,0.838,-1,-1,-1
396,3,1827.60,635.53,107.19,431.48,-1.000,-1,-1,-1
396,7,857.23,300.54,51.78,152.70,0.814,-1,-1,-1
396,25,335.17,256.73,182.27,330.39,0.861,-1,-1,-1
396,26,202.85,217.91,210.84,544.72,0.907,-1,-1,-1
396,31,600.86,308.71,38.00,73.92,0.803,-1,-1,-1
396,37,1130.24,295.98,64.91,180.35,0.775,-1,-1,-1
396,42,934.87,311.95,43.84,140.02,0.761,-1,-1,-1
396,47,733.52,315.57,24.56,67.57,0.566,-1,-1,-1
396,49,555.24,305.07,49.76,101.37,0.663,-1,-1,-1
396,51,674.53,319.92,23.16,60.77,0.651,-1,-1,-1
396,56,1050.38,319.84,24.39,60.83,0.453,-1,-1,-1
396,57,695.59,317.65,25.68,65.72,0.433,-1,-1,-1
396,58,659.54,316.73,12.10,33.03,0.124,-1,-1,-1
396,59,1837.40,528.77,66.38,188.53,0.778,-1,-1,-1
397,2,1191.32,317.69,56.97,141.85,0.838,-1,-1,-1
397,3,1827.52,625.36,108.96,439.69,-1.000,-1,-1,-1
397,7,857.39,301.12,53.28,156.87,0.788,-1,-1,-1
397,25,334.53,256.30,174.81,328.56,0.829,-1,-1,-1
397,26,175.87,211.88,210.30,556.36,0.888,-1,-1,-1
397,31,603.36,309.64,37.65,72.40,0.775,-1,-1,-1
397,37,1136.80,295.62,63.71,178.12,0.795,-1,-1,-1
397,42,936.01,311.15,44.85,140.96,0.682,-1,-1,-1
397,47,732.81,314.83,25.50,69.44,0.410,-1,-1,-1
397,49,553.74,307.66,49.79,98.49,0.781,-1,-1,-1
397,51,676.13,319.82,23.40,61.43,0.267,-1,-1,-1
397,56,1054.27,319.59,25.02,62.27,0.261,-1,-1,-1
397,57,697.30,322.44,24.15,61.20,0.358,-1,-1,-1
397,59,1840.69,520.95,59.84,168.01,0.587,-1,-1,-1
398,2,1195.63,319.30,56.82,141.78,0.771,-1,-1,-1
398,3,1827.43,615.19,110.73,447.90,-1.000,-1,-1,-1
398,7,859.93,301.89,52.75,155.84,0.824,-1,-1,-1
398,25,336.65,254.43,171.02,333.05,0.860,-1,-1,-1
398,26,161.95,207.47,208.52,565.08,0.899,-1,-1,-1
398,31,608.14,311.06,37.68,72.15,0.826,-1,-1,-1
398,37,1140.63,296.54,63.94,179.49,0.806,-1,-1,-1
398,42,940.17,310.91,45.74,141.92,0.758,-1,-1,-1
398,47,735.72,316.44,25.30,68.14,0.601,-1,-1,-1
398,49,558.31,307.48,50.18,99.51,0.677,-1,-1,-1
398,51,681.22,321.01,23.03,60.79,0.709,-1,-1,-1
398,56,1059.36,321.81,24.16,59.83,0.403,-1,-1,-1
398,57,700.98,323.15,23.92,60.81,0.473,-1,-1,-1
398,59,1846.89,526.10,50.84,139.23,0.749,-1,-1,-1
399,2,1200.82,318.55,56.62,141.82,0.844,-1,-1,-1
399,3,1827.35,605.02,112.51,456.10,-1.000,-1,-1,-1
399,7,862.29,300.13,52.90,156.73,0.771,-1,-1,-1
399,25,336.97,252.88,165.86,335.04,0.862,-1,-1,-1
399,26,148.86,201.89,206.96,574.51,0.894,-1,-1,-1
399,31,611.44,310.12,37.86,71.38,0.786,-1,-1,-1
399,37,1144.02,294.43,64.02,181.53,0.826,-1,-1,-1
399,42,944.45,308.82,46.99,143.04,0.800,-1,-1,-1
399,47,736.40,315.15,25.67,68.53,-1.000,-1,-1,-1
399,49,555.48,305.61,50.58,100.01,0.753,-1,-1,-1
399,51,684.14,319.97,22.54,59.37,0.400,-1,-1,-1
399,56,1061.78,320.31,24.16,59.95,-1.000,-1,-1,-1
399,57,704.11,320.82,23.81,60.61,-1.000,-1,-1,-1
399,59,1851.76,531.72,45.22,121.62,-1.000,-1,-1,-1
400,2,1201.58,317.09,56.49,142.26,0.831,-1,-1,-1
400,3,1827.26,594.85,114.28,464.31,-1.000,-1,-1,-1
400,7,860.57,298.46,53.21,158.26,0.803,-1,-1,-1
400,25,336.30,251.74,161.76,336.99,0.873,-1,-1,-1
400,26,133.01,198.48,205.14,581.23,0.886,-1,-1,-1
400,31,612.56,310.10,37.55,70.35,0.815,-1,-1,-1
400,37,1146.80,294.15,64.35,183.43,0.822,-1,-1,-1
400,42,945.66,308.31,47.60,142.92,0.791,-1,-1,-1
400,47,737.08,313.85,26.04,68.92,0.664,-1,-1,-1
400,49,557.36,304.42,50.82,100.96,0.629,-1,-1,-1
400,51,684.40,319.12,22.41,59.48,0.445,-1,-1,-1
400,56,1064.20,318.80,24.16,60.07,0.546,-1,-1,-1
400,57,707.24,318.49,23.69,60.41,-1.000,-1,-1,-1
400,59,1856.63,537.34,39.60,104.01,0.731,-1,-1,-1
401,2,1205.54,315.28,55.60,140.89,0.837,-1,-1,-1
401,3,1827.18,584.68,116.05,472.52,-1.000,-1,-1,-1
401,7,862.61,296.90,52.47,156.18,0.786,-1,-1,-1
401,25,337.90,250.35,157.52,337.30,0.857,-1,-1,-1
401,26,120.26,195.37,204.08,586.97,0.893,-1,-1,-1
401,31,616.44,308.49,37.65,70.27,0.769,-1,-1,-1
401,37,1150.84,292.23,64.64,185.47,0.809,-1,-1,-1
401,42,947.59,306.52,48.25,143.15,0.718,-1,-1,-1
401,47,739.34,309.60,26.28,69.49,-1.000,-1,-1,-1
401,49,556.12,302.02,51.97,101.89,0.732,-1,-1,-1
401,51,687.88,318.03,21.63,57.41,0.197,-1,-1,-1
401,56,1066.08,316.71,24.40,60.68,-1.000,-1,-1,-1
401,57,710.36,316.16,23.58,60.21,-1.000,-1,-1,-1
401,59,1861.40,546.06,36.60,94.28,-1.000,-1,-1,-1
401,60,903.62,325.22,32.08,75.24,0.568,-1,-1,-1
402,2,1210.66,309.22,55.32,141.49,0.843,-1,-1,-1
402,3,1827.09,574.51,117.82,480.73,0.531,-1,-1,-1
402,7,864.08,290.08,53.07,157.78,0.838,-1,-1,-1
402,25,337.57,245.20,155.00,340.06,0.892,-1,-1,-1
402,26,77.09,189.56,211.27,598.34,0.895,-1,-1,-1
402,31,620.32,302.11,38.62,72.27,0.811,-1,-1,-1
402,37,1157.55,287.08,64.57,186.51,0.810,-1,-1,-1
402,42,950.52,302.40,48.53,143.13,0.838,-1,-1,-1
402,47,741.61,305.35,26.53,70.05,0.700,-1,-1,-1
402,49,560.60,295.73,52.50,103.68,0.702,-1,-1,-1
402,51,691.33,310.77,22.10,59.44,0.546,-1,-1,-1
402,56,1067.96,314.61,24.64,61.30,-1.000,-1,-1,-1
402,57,713.49,313.83,23.46,60.01,-1.000,-1,-1,-1
402,59,1866.16,554.77,33.60,84.55,0.651,-1,-1,-1
402,60,908.29,321.35,31.64,74.18,0.619,-1,-1,-1
403,2,1211.12,306.09,55.00,141.99,0.834,-1,-1,-1
403,7,862.61,287.11,52.99,157.24,0.834,-1,-1,-1
403,25,334.99,242.45,152.83,341.53,0.873,-1,-1,-1
403,26,46.10,188.63,217.48,603.22,0.892,-1,-1,-1
403,31,620.85,299.16,39.06,72.95,0.809,-1,-1,-1
403,37,1158.92,284.81,63.62,185.00,0.823,-1,-1,-1
403,42,949.56,301.15,48.64,141.84,0.827,-1,-1,-1
403,47,740.92,303.17,26.27,69.20,0.671,-1,-1,-1
403,49,560.56,293.00,52.59,104.35,0.595,-1,-1,-1
403,51,691.06,307.91,22.00,60.01,0.525,-1,-1,-1
403,56,1069.84,312.52,24.88,61.92,-1.000,-1,-1,-1
403,57,716.62,311.49,23.34,59.81,0.561,-1,-1,-1
403,60,907.80,316.81,32.43,76.01,0.532,-1,-1,-1
404,2,1211.94,302.49,55.00,143.22,0.827,-1,-1,-1
404,7,862.96,283.37,53.18,157.13,0.847,-1,-1,-1
404,25,333.21,238.90,150.27,341.65,0.864,-1,-1,-1
404,26,24.13,184.54,226.57,615.53,0.928,-1,-1,-1
404,31,622.09,294.65,39.43,73.50,0.827,-1,-1,-1
404,37,1161.40,281.66,63.13,184.97,0.850,-1,-1,-1
404,42,949.42,297.36,49.22,142.78,0.813,-1,-1,-1
404,47,741.19,299.79,25.91,68.52,0.636,-1,-1,-1
404,49,560.78,289.13,52.76,105.03,0.133,-1,-1,-1
404,51,697.01,303.03,23.01,63.06,0.529,-1,-1,-1
404,56,1071.72,310.43,25.12,62.54,-1.000,-1,-1,-1
404,57,719.04,306.94,23.43,60.59,0.568,-1,-1,-1
404,60,908.76,312.99,32.62,76.39,0.575,-1,-1,-1
405,2,1212.27,300.98,54.52,142.93,0.842,-1,-1,-1
405,7,862.36,281.60,53.54,157.57,0.840,-1,-1,-1
405,25,329.97,237.28,149.03,344.14,0.871,-1,-1,-1
405,26,11.44,182.42,234.83,628.43,0.931,-1,-1,-1
405,31,621.83,292.00,40.07,74.64,0.830,-1,-1,-1
405,37,1162.33,279.60,62.52,184.39,0.845,-1,-1,-1
405,42,948.05,295.36,49.52,143.45,0.798,-1,-1,-1
405,47,740.95,298.51,25.56,67.68,0.568,-1,-1,-1
405,49,559.00,287.45,53.07,105.80,0.437,-1,-1,-1
405,51,698.57,299.58,24.26,66.04,0.530,-1,-1,-1
405,56,1073.60,308.33,25.36,63.16,-1.000,-1,-1,-1
405,57,719.65,305.22,23.34,60.65,0.417,-1,-1,-1
405,60,908.64,309.74,33.55,78.53,0.645,-1,-1,-1
405,61,984.68,294.43,26.88,70.05,0.699,-1,-1,-1
406,2,1211.47,299.68,54.22,142.96,0.850,-1,-1,-1
406,7,861.14,280.70,53.69,157.44,0.839,-1,-1,-1
406,25,325.74,237.06,147.59,344.62,0.863,-1,-1,-1
406,26,3.07,182.49,240.76,637.99,0.937,-1,-1,-1
406,31,621.04,290.41,40.81,75.96,0.826,-1,-1,-1
406,37,1162.17,278.88,62.32,185.25,0.831,-1,-1,-1
406,42,946.24,293.93,49.82,144.38,0.795,-1,-1,-1
406,47,739.10,297.58,25.29,67.46,0.526,-1,-1,-1
406,49,555.95,287.18,52.80,105.89,0.455,-1,-1,-1
406,51,698.07,297.32,25.12,68.04,0.605,-1,-1,-1
406,56,1075.48,306.24,25.59,63.78,-1.000,-1,-1,-1
406,57,719.37,304.52,23.19,60.54,0.570,-1,-1,-1
406,60,908.41,309.59,33.17,77.48,0.644,-1,-1,-1
406,61,984.12,293.97,26.87,70.04,0.690,-1,-1,-1
407,2,1213.23,299.61,54.01,142.53,0.827,-1,-1,-1
407,7,863.20,279.78,53.39,156.06,0.842,-1,-1,-1
407,25,323.46,234.05,146.75,345.69,0.894,-1,-1,-1
407,26,-6.14,177.56,241.78,640.65,0.942,-1,-1,-1
407,31,623.64,288.26,40.73,75.43,0.836,-1,-1,-1
407,37,1166.92,276.72,61.28,182.92,0.825,-1,-1,-1
407,42,947.10,291.51,50.21,145.53,0.753,-1,-1,-1
407,47,740.59,296.63,24.91,66.72,0.537,-1,-1,-1
407,49,553.21,285.62,53.27,106.59,0.546,-1,-1,-1
407,51,699.95,295.27,25.60,69.22,0.542,-1,-1,-1
407,56,1077.36,304.14,25.83,64.39,-1.000,-1,-1,-1
407,57,721.47,302.54,23.21,60.56,0.564,-1,-1,-1
407,60,911.16,309.27,32.80,76.47,0.565,-1,-1,-1
407,61,987.06,291.29,27.75,72.52,0.667,-1,-1,-1
408,2,1213.42,301.41,53.73,141.87,0.829,-1,-1,-1
408,7,862.85,281.26,53.49,155.91,0.855,-1,-1,-1
408,25,320.02,234.97,146.68,347.42,0.892,-1,-1,-1
408,26,-15.17,175.63,240.56,641.91,0.933,-1,-1,-1
408,31,623.56,289.75,41.38,76.55,0.842,-1,-1,-1
408,37,1168.55,277.48,60.97,182.68,0.813,-1,-1,-1
408,42,945.86,292.14,50.46,146.38,0.798,-1,-1,-1
408,47,739.54,298.06,25.28,67.90,0.678,-1,-1,-1
408,49,549.86,286.99,53.88,107.90,0.581,-1,-1,-1
408,51,699.57,296.33,26.08,70.35,0.701,-1,-1,-1
408,56,1079.24,302.05,26.07,65.01,0.655,-1,-1,-1
408,57,721.51,305.76,22.50,58.76,0.571,-1,-1,-1
408,60,911.35,310.75,32.66,75.96,0.568,-1,-1,-1
408,61,988.44,294.68,27.06,70.82,0.616,-1,-1,-1
409,2,1213.35,302.98,53.54,141.88,0.812,-1,-1,-1
409,7,862.81,282.79,53.67,156.24,0.851,-1,-1,-1
409,25,316.95,235.68,147.16,348.39,0.882,-1,-1,-1
409,26,-25.83,181.11,230.81,623.55,0.834,-1,-1,-1
409,31,624.31,290.96,41.58,76.64,0.827,-1,-1,-1
409,37,1168.42,278.74,61.44,185.70,0.814,-1,-1,-1
409,42,945.13,293.43,50.23,145.83,0.799,-1,-1,-1
409,47,738.16,298.70,25.61,69.22,0.716,-1,-1,-1
409,49,548.67,287.85,54.11,108.60,0.567,-1,-1,-1
409,51,698.90,296.79,26.35,71.25,0.715,-1,-1,-1
409,56,1079.84,303.39,25.57,64.02,0.632,-1,-1,-1
409,57,721.27,308.89,21.91,57.22,0.638,-1,-1,-1
409,60,911.59,311.92,32.95,76.48,0.610,-1,-1,-1
409,61,988.16,295.89,27.17,71.27,0.643,-1,-1,-1
410,2,1214.50,303.93,53.09,141.75,0.808,-1,-1,-1
410,7,864.27,283.94,53.61,156.19,0.842,-1,-1,-1
410,25,316.08,234.06,148.14,349.30,0.889,-1,-1,-1
410,31,625.98,292.20,41.36,76.06,0.822,-1,-1,-1
410,37,1170.74,279.54,60.62,184.93,0.783,-1,-1,-1
410,42,946.11,294.41,49.69,144.25,0.809,-1,-1,-1
410,47,738.18,299.18,26.02,69.63,0.669,-1,-1,-1
410,49,547.45,287.95,54.56,109.37,0.604,-1,-1,-1
410,51,700.61,296.94,26.48,71.21,0.717,-1,-1,-1
410,56,1081.57,304.75,25.19,63.49,0.573,-1,-1,-1
410,57,722.82,310.60,21.30,55.79,0.475,-1,-1,-1
410,60,912.93,312.98,32.83,75.93,0.647,-1,-1,-1
410,61,989.11,296.45,27.29,71.76,0.641,-1,-1,-1
411,2,1214.78,306.81,52.50,141.41,0.769,-1,-1,-1
411,7,865.95,286.71,53.86,156.90,0.814,-1,-1,-1
411,25,314.10,233.64,150.85,354.85,0.890,-1,-1,-1
411,31,626.60,295.04,41.50,76.04,0.791,-1,-1,-1
411,37,1173.07,281.33,60.64,186.26,0.779,-1,-1,-1
411,42,946.17,296.26,49.45,143.81,0.770,-1,-1,-1
411,47,737.94,301.22,25.97,69.38,0.150,-1,-1,-1
411,49,548.58,290.18,54.63,109.77,0.543,-1,-1,-1
411,51,701.12,299.34,26.68,70.88,0.588,-1,-1,-1
411,56,1082.69,306.26,25.36,63.88,0.131,-1,-1,-1
411,57,723.65,313.48,21.24,55.43,0.145,-1,-1,-1
411,60,913.27,315.44,32.74,75.52,0.365,-1,-1,-1
411,61,989.43,298.73,26.96,70.99,0.555,-1,-1,-1
412,2,1215.08,311.82,51.92,140.83,0.797,-1,-1,-1
412,7,867.59,293.36,53.40,155.07,0.831,-1,-1,-1
412,25,313.17,241.07,151.82,354.10,0.906,-1,-1,-1
412,31,628.87,302.05,40.81,74.79,0.814,-1,-1,-1
412,37,1175.40,287.53,59.20,183.95,0.793,-1,-1,-1
412,42,947.03,301.68,49.18,143.45,0.804,-1,-1,-1
412,47,737.98,308.86,25.12,67.21,0.373,-1,-1,-1
412,49,545.88,295.48,54.75,110.36,0.488,-1,-1,-1
412,51,701.46,304.87,26.77,71.34,0.636,-1,-1,-1
412,56,1084.67,314.11,25.24,64.20,0.537,-1,-1,-1
412,57,724.18,317.24,21.24,55.50,0.461,-1,-1,-1
412,60,915.08,322.39,32.26,74.29,0.344,-1,-1,-1
412,61,991.94,307.99,26.08,68.57,0.709,-1,-1,-1
413,2,1216.61,311.79,51.51,140.70,0.756,-1,-1,-1
413,7,868.51,294.17,53.92,156.26,0.842,-1,-1,-1
413,25,312.19,240.32,154.23,357.19,0.903,-1,-1,-1
413,31,630.75,303.60,40.59,74.58,0.823,-1,-1,-1
413,37,1177.15,287.92,59.57,187.80,0.813,-1,-1,-1
413,42,947.63,301.65,49.29,144.45,0.810,-1,-1,-1
413,47,739.26,307.51,25.94,69.18,0.450,-1,-1,-1
413,49,547.79,296.40,54.39,111.24,0.597,-1,-1,-1
413,51,701.53,304.06,27.28,72.73,0.693,-1,-1,-1
413,56,1085.68,314.60,25.81,66.25,0.616,-1,-1,-1
413,57,725.34,320.47,20.54,53.67,0.511,-1,-1,-1
413,60,916.42,323.63,31.93,73.20,0.536,-1,-1,-1
413,61,993.50,307.68,26.40,69.47,0.703,-1,-1,-1
414,2,1217.53,314.19,51.39,141.81,0.765,-1,-1,-1
414,7,869.21,297.43,53.75,155.85,0.853,-1,-1,-1
414,25,309.66,243.28,156.31,358.65,0.902,-1,-1,-1
414,31,631.07,307.84,40.56,74.47,0.831,-1,-1,-1
414,37,1179.16,291.76,59.96,191.84,0.813,-1,-1,-1
414,42,948.69,304.67,49.25,145.03,0.790,-1,-1,-1
414,47,739.12,312.23,25.59,68.13,0.342,-1,-1,-1
414,49,549.24,300.71,53.61,111.34,0.699,-1,-1,-1
414,51,700.68,305.17,28.05,75.18,0.669,-1,-1,-1
414,56,1085.87,317.10,26.43,68.75,0.632,-1,-1,-1
414,57,725.23,323.27,21.20,55.37,0.193,-1,-1,-1
414,60,915.51,326.59,33.23,75.92,0.735,-1,-1,-1
414,61,994.17,311.49,26.40,69.52,0.615,-1,-1,-1
415,2,1218.59,315.19,51.22,142.60,0.732,-1,-1,-1
415,7,869.73,298.85,53.57,155.31,0.839,-1,-1,-1
415,25,310.28,245.28,157.92,360.35,0.906,-1,-1,-1
415,31,631.65,308.94,40.77,74.98,0.825,-1,-1,-1
415,37,1180.82,293.30,59.57,193.58,0.812,-1,-1,-1
415,42,949.23,306.21,49.10,145.08,0.802,-1,-1,-1
415,47,738.77,315.57,25.09,66.48,0.342,-1,-1,-1
415,49,548.82,301.84,53.30,112.42,0.622,-1,-1,-1
415,51,699.90,304.28,28.71,77.71,0.621,-1,-1,-1
415,56,1087.14,319.16,25.26,66.36,0.618,-1,-1,-1
415,60,916.74,328.43,33.12,75.44,0.602,-1,-1,-1
415,61,995.24,312.08,26.88,70.77,0.693,-1,-1,-1
416,2,1219.33,316.66,50.57,142.36,0.732,-1,-1,-1
416,7,870.01,299.70,54.01,156.67,0.842,-1,-1,-1
416,25,309.55,246.19,159.55,362.26,0.906,-1,-1,-1
416,31,631.76,309.60,41.05,75.68,0.834,-1,-1,-1
416,37,1182.01,294.44,59.00,194.58,0.784,-1,-1,-1
416,42,950.23,307.44,49.05,146.02,0.802,-1,-1,-1
416,47,737.51,315.66,25.54,67.29,0.384,-1,-1,-1
416,49,550.13,303.45,53.01,112.66,0.610,-1,-1,-1
416,51,698.55,303.56,29.22,79.99,0.643,-1,-1,-1
416,56,1087.65,319.08,24.96,65.67,0.672,-1,-1,-1
416,60,916.62,328.76,33.99,77.30,0.672,-1,-1,-1
416,61,996.11,314.63,26.26,69.14,0.688,-1,-1,-1
416,62,447.98,303.37,19.48,57.15,0.602,-1,-1,-1
417,2,1221.32,318.57,49.73,141.31,0.774,-1,-1,-1
417,7,869.70,300.77,54.33,157.31,0.850,-1,-1,-1
417,25,307.50,249.09,161.29,363.47,0.913,-1,-1,-1
417,31,631.85,310.66,41.74,77.45,0.820,-1,-1,-1
417,37,1184.41,295.10,58.29,194.55,0.733,-1,-1,-1
417,42,950.98,310.84,48.33,144.66,0.811,-1,-1,-1
417,47,734.22,319.99,24.99,64.76,0.499,-1,-1,-1
417,49,547.58,306.02,52.51,113.01,0.543,-1,-1,-1
417,51,698.51,309.61,27.71,75.45,0.685,-1,-1,-1
417,56,1088.80,320.63,24.11,63.29,0.652,-1,-1,-1
417,60,916.71,330.34,34.04,77.33,0.511,-1,-1,-1
417,61,996.71,316.67,25.84,67.91,0.692,-1,-1,-1
417,62,446.76,306.10,19.26,56.51,0.590,-1,-1,-1
417,63,255.67,301.26,56.98,158.59,0.834,-1,-1,-1
417,64,1031.20,328.97,19.11,40.17,0.601,-1,-1,-1
418,2,1222.04,318.81,48.97,140.78,0.767,-1,-1,-1
418,7,869.06,300.51,54.26,156.95,0.852,-1,-1,-1
418,25,306.32,249.81,163.17,364.95,0.917,-1,-1,-1
418,31,631.50,310.06,41.86,78.06,0.811,-1,-1,-1
418,37,1186.11,293.72,58.12,196.11,0.765,-1,-1,-1
418,42,951.12,311.70,47.79,143.81,0.813,-1,-1,-1
418,47,732.01,322.85,24.38,61.85,0.483,-1,-1,-1
418,49,546.32,306.70,52.83,113.34,0.481,-1,-1,-1
418,51,697.53,312.89,26.89,72.24,0.689,-1,-1,-1
418,56,1089.10,319.25,24.33,64.05,0.607,-1,-1,-1
418,60,915.92,330.01,34.23,77.80,0.687,-1,-1,-1
418,61,996.98,316.51,25.65,67.15,0.685,-1,-1,-1
418,62,445.98,306.91,18.72,54.90,0.360,-1,-1,-1
418,63,250.55,303.70,56.35,156.28,0.757,-1,-1,-1
418,64,1031.26,328.14,19.14,40.22,0.630,-1,-1,-1
419,2,1222.95,319.38,48.38,140.34,0.658,-1,-1,-1
419,7,868.54,301.28,54.35,157.10,0.844,-1,-1,-1
419,25,305.84,252.25,166.56,369.77,0.918,-1,-1,-1
419,31,631.29,310.68,42.38,79.54,0.829,-1,-1,-1
419,37,1188.52,293.31,57.62,197.81,0.795,-1,-1,-1
419,42,951.36,313.08,47.50,143.38,0.812,-1,-1,-1
419,47,730.16,322.06,25.24,62.98,0.634,-1,-1,-1
419,49,541.81,308.32,52.61,113.84,0.537,-1,-1,-1
419,51,697.58,316.53,26.04,69.53,0.715,-1,-1,-1
419,56,1090.00,320.27,23.65,62.27,0.602,-1,-1,-1
419,60,915.76,331.22,34.22,77.58,0.548,-1,-1,-1
419,61,997.55,318.22,25.18,65.58,0.728,-1,-1,-1
419,62,445.33,308.82,18.22,53.42,0.377,-1,-1,-1
419,63,247.82,306.30,56.78,156.62,0.810,-1,-1,-1
419,64,1031.60,328.47,18.73,39.39,0.550,-1,-1,-1
420,2,1223.12,319.21,47.86,139.45,0.374,-1,-1,-1
420,7,867.12,300.92,54.33,157.31,0.835,-1,-1,-1
420,25,305.34,252.65,167.70,369.42,0.919,-1,-1,-1
420,31,630.84,310.45,42.46,80.20,0.831,-1,-1,-1
420,37,1189.92,292.32,57.41,200.13,0.758,-1,-1,-1
420,42,951.19,313.45,47.17,142.79,0.815,-1,-1,-1
420,47,727.55,321.46,25.51,63.38,0.587,-1,-1,-1
420,49,540.57,308.36,53.25,114.21,0.615,-1,-1,-1
420,51,695.39,315.83,26.76,70.53,0.610,-1,-1,-1
420,56,1090.01,319.78,23.67,62.48,0.641,-1,-1,-1
420,60,914.97,331.47,34.13,77.17,0.571,-1,-1,-1
420,61,997.15,317.95,25.09,65.06,0.712,-1,-1,-1
420,62,444.20,309.07,18.06,52.85,0.346,-1,-1,-1
420,63,244.74,306.04,57.39,157.18,0.814,-1,-1,-1
420,64,1031.41,328.75,17.75,37.28,0.436,-1,-1,-1
421,2,1223.40,319.57,47.23,138.26,0.256,-1,-1,-1
421,7,866.11,302.13,54.05,156.95,0.828,-1,-1,-1
421,25,304.21,253.81,169.61,371.52,0.919,-1,-1,-1
421,31,630.17,312.12,42.43,80.64,0.824,-1,-1,-1
421,37,1190.55,291.74,57.20,202.17,0.749,-1,-1,-1
421,42,951.02,314.80,46.92,142.45,0.787,-1,-1,-1
421,47,725.52,321.21,26.19,65.08,0.598,-1,-1,-1
421,49,535.58,310.13,53.17,114.38,0.576,-1,-1,-1
421,51,694.01,317.87,26.66,69.78,0.381,-1,-1,-1
421,56,1089.21,321.11,23.49,62.36,0.653,-1,-1,-1
421,60,913.94,333.08,33.96,76.44,0.532,-1,-1,-1
421,61,996.44,319.88,24.71,63.83,0.695,-1,-1,-1
421,62,442.75,311.21,17.61,51.47,0.202,-1,-1,-1
421,63,239.13,308.09,58.05,158.19,0.793,-1,-1,-1
421,64,1030.36,328.76,18.87,39.67,0.659,-1,-1,-1
422,2,1222.44,318.14,48.51,142.58,-1.000,-1,-1,-1
422,7,864.95,305.02,53.73,156.59,0.840,-1,-1,-1
422,25,302.49,256.11,172.65,375.05,0.922,-1,-1,-1
422,31,630.40,316.64,41.96,80.12,0.805,-1,-1,-1
422,37,1192.61,291.99,57.32,204.30,0.676,-1,-1,-1
422,42,951.76,316.01,47.29,144.15,0.806,-1,-1,-1
422,47,723.77,322.81,26.90,67.09,0.669,-1,-1,-1
422,49,532.81,314.01,54.62,114.70,0.740,-1,-1,-1
422,51,697.33,323.86,25.03,66.14,0.525,-1,-1,-1
422,56,1089.30,323.92,23.92,63.77,0.592,-1,-1,-1
422,58,689.70,328.92,22.81,62.52,0.518,-1,-1,-1
422,60,913.84,336.11,33.78,75.84,0.539,-1,-1,-1
422,61,996.41,321.81,25.01,64.60,0.724,-1,-1,-1
422,63,225.65,311.47,59.05,160.20,0.747,-1,-1,-1
422,64,1030.02,330.90,19.24,40.47,0.631,-1,-1,-1
422,65,750.07,322.17,15.92,48.53,0.632,-1,-1,-1
423,2,1221.49,316.71,49.80,146.90,-1.000,-1,-1,-1
423,7,864.94,307.49,53.37,156.09,0.856,-1,-1,-1
423,25,305.42,258.04,174.77,378.27,0.912,-1,-1,-1
423,31,631.78,320.29,41.02,78.61,0.813,-1,-1,-1
423,37,1193.94,292.88,57.17,205.21,0.707,-1,-1,-1
423,42,952.07,317.44,47.49,144.57,0.799,-1,-1,-1
423,47,723.18,322.82,27.68,69.57,0.672,-1,-1,-1
423,49,528.83,316.92,54.82,114.47,0.751,-1,-1,-1
423,51,700.37,327.89,23.76,63.38,0.482,-1,-1,-1
423,56,1090.17,325.89,24.64,65.86,0.612,-1,-1,-1
423,58,689.53,328.72,24.12,66.19,0.574,-1,-1,-1
423,60,914.04,337.04,34.48,77.29,0.548,-1,-1,-1
423,61,996.68,323.07,25.24,65.23,0.647,-1,-1,-1
423,63,218.21,313.91,59.27,160.99,0.816,-1,-1,-1
423,64,1030.79,333.22,19.25,40.50,0.612,-1,-1,-1
423,65,750.37,325.74,15.63,47.63,0.563,-1,-1,-1
424,2,1220.53,315.27,51.08,151.22,-1.000,-1,-1,-1
424,7,864.02,309.84,52.83,155.59,0.832,-1,-1,-1
424,25,306.51,258.56,176.09,380.12,0.908,-1,-1,-1
424,31,631.06,322.49,40.55,77.87,0.794,-1,-1,-1
424,37,1194.35,293.11,57.10,206.11,0.680,-1,-1,-1
424,42,952.10,316.95,47.65,145.60,0.764,-1,-1,-1
424,47,721.06,321.42,28.59,72.16,0.186,-1,-1,-1
424,49,525.15,319.38,54.52,113.81,0.771,-1,-1,-1
424,51,702.32,330.68,23.47,62.35,0.337,-1,-1,-1
424,56,1091.21,327.14,24.01,63.97,0.379,-1,-1,-1
424,58,689.01,331.98,23.90,65.31,0.315,-1,-1,-1
424,60,912.17,335.70,35.40,79.47,0.582,-1,-1,-1
424,61,995.12,324.00,25.40,65.59,0.631,-1,-1,-1
424,63,208.08,315.62,59.57,161.03,0.781,-1,-1,-1
424,64,1030.10,334.87,19.31,40.50,0.114,-1,-1,-1
424,65,749.42,322.33,17.43,53.09,0.114,-1,-1,-1
425,2,1219.58,313.84,52.36,155.55,-1.000,-1,-1,-1
425,7,864.60,314.10,51.67,152.41,0.826,-1,-1,-1
425,25,310.31,262.99,176.87,382.03,0.907,-1,-1,-1
425,31,631.97,327.03,40.26,77.85,0.781,-1,-1,-1
425,37,1195.89,296.61,57.13,205.75,0.551,-1,-1,-1
425,42,953.07,321.15,47.54,144.23,0.696,-1,-1,-1
425,47,722.03,328.99,26.02,65.44,0.196,-1,-1,-1
425,49,524.04,323.09,54.47,113.91,0.745,-1,-1,-1
425,51,703.80,331.14,23.40,62.26,-1.000,-1,-1,-1
425,56,1091.83,327.94,24.38,65.00,0.426,-1,-1,-1
425,58,689.15,332.48,25.57,70.28,0.306,-1,-1,-1
425,60,911.99,337.07,35.92,80.77,0.268,-1,-1,-1
425,61,996.65,329.08,24.47,63.11,0.471,-1,-1,-1
425,63,203.19,320.07,59.83,161.76,0.639,-1,-1,-1
425,64,1030.10,331.78,21.83,45.97,0.265,-1,-1,-1
425,65,748.81,322.23,17.49,53.33,-1.000,-1,-1,-1
426,2,1218.62,312.40,53.64,159.87,-1.000,-1,-1,-1
426,7,863.95,315.31,51.74,153.26,0.794,-1,-1,-1
426,25,311.91,260.27,178.86,386.40,0.905,-1,-1,-1
426,31,632.41,328.68,39.67,76.83,0.810,-1,-1,-1
426,37,1197.61,296.16,57.20,207.17,0.548,-1,-1,-1
426,42,953.01,317.35,48.59,147.87,0.749,-1,-1,-1
426,49,522.83,324.45,54.23,113.83,0.721,-1,-1,-1
426,51,705.27,331.60,23.33,62.17,-1.000,-1,-1,-1
426,56,1093.23,328.69,23.66,63.00,0.186,-1,-1,-1
426,58,687.08,326.25,27.86,77.13,0.160,-1,-1,-1
426,60,912.29,340.09,34.65,77.87,0.524,-1,-1,-1
426,61,996.42,329.42,24.50,63.38,0.566,-1,-1,-1
426,63,194.37,319.65,60.80,163.83,0.653,-1,-1,-1
426,64,1032.44,332.06,21.54,45.35,-1.000,-1,-1,-1
426,65,748.20,322.13,17.56,53.57,-1.000,-1,-1,-1
427,2,1217.66,310.97,54.92,164.19,-1.000,-1,-1,-1
427,7,866.02,316.88,52.07,153.23,0.831,-1,-1,-1
427,25,317.36,261.60,180.32,390.86,0.905,-1,-1,-1
427,31,637.03,331.35,39.79,77.39,0.795,-1,-1,-1
427,37,1199.79,297.23,57.85,207.53,0.707,-1,-1,-1
427,42,958.12,320.70,48.25,145.96,0.700,-1,-1,-1
427,49,524.68,327.38,54.83,115.01,0.742,-1,-1,-1
427,51,706.75,332.06,23.26,62.09,-1.000,-1,-1,-1
427,56,1097.01,325.24,25.40,67.63,0.318,-1,-1,-1
427,58,687.79,322.55,29.14,81.19,-1.000,-1,-1,-1
427,60,916.50,343.95,33.80,75.93,0.153,-1,-1,-1
427,61,1002.18,330.31,24.75,64.14,0.508,-1,-1,-1
427,63,189.88,323.98,61.29,164.08,0.769,-1,-1,-1
427,64,1034.79,332.34,21.24,44.72,-1.000,-1,-1,-1
427,65,747.60,322.03,17.62,53.80,-1.000,-1,-1,-1
428,2,1216.71,309.53,56.21,168.52,-1.000,-1,-1,-1
428,7,866.08,315.95,51.83,152.88,0.836,-1,-1,-1
428,25,321.35,260.00,180.40,391.63,0.911,-1,-1,-1
428,31,638.66,330.55,39.83,77.93,0.804,-1,-1,-1
428,37,1200.02,295.50,58.76,209.51,0.583,-1,-1,-1
428,42,959.10,320.47,48.34,145.74,0.787,-1,-1,-1
428,49,523.72,326.69,55.20,116.01,0.771,-1,-1,-1
428,51,708.23,332.52,23.18,62.00,-1.000,-1,-1,-1
428,56,1097.88,324.18,25.50,68.07,0.512,-1,-1,-1
428,58,688.50,318.85,30.42,85.25,-1.000,-1,-1,-1
428,60,916.51,342.78,34.64,77.54,0.639,-1,-1,-1
428,61,1001.92,327.72,25.24,65.78,0.676,-1,-1,-1
428,63,183.78,324.32,61.59,162.00,0.771,-1,-1,-1
428,64,1037.13,332.62,20.95,44.10,-1.000,-1,-1,-1
428,65,746.99,321.93,17.69,54.04,-1.000,-1,-1,-1
428,66,253.46,328.12,55.77,146.16,0.593,-1,-1,-1
429,2,1215.75,308.10,57.49,172.84,-1.000,-1,-1,-1
429,7,867.70,315.47,51.71,152.86,0.828,-1,-1,-1
429,25,326.73,260.03,181.44,395.28,0.908,-1,-1,-1
429,31,641.71,330.01,40.02,78.59,0.791,-1,-1,-1
429,37,1206.91,293.92,58.85,211.11,0.654,-1,-1,-1
429,42,961.25,319.25,48.50,146.41,0.781,-1,-1,-1
429,49,524.62,326.95,55.26,116.49,0.745,-1,-1,-1
429,51,709.71,332.98,23.11,61.91,-1.000,-1,-1,-1
429,56,1102.19,324.74,24.53,65.64,0.326,-1,-1,-1
429,58,689.21,315.15,31.70,89.31,0.520,-1,-1,-1
429,60,919.39,342.90,34.90,77.66,0.686,-1,-1,-1
429,61,1004.76,327.57,24.79,64.98,0.686,-1,-1,-1
429,63,178.39,326.15,63.22,161.12,0.818,-1,-1,-1
429,64,1039.48,332.90,20.66,43.48,-1.000,-1,-1,-1
429,65,746.38,321.83,17.76,54.28,-1.000,-1,-1,-1
429,66,253.01,328.98,55.42,145.07,0.689,-1,-1,-1
430,2,1214.80,306.66,58.77,177.16,-1.000,-1,-1,-1
430,7,867.38,312.68,51.98,153.38,0.856,-1,-1,-1
430,25,331.81,257.35,182.00,397.32,0.924,-1,-1,-1
430,31,643.91,326.70,40.32,79.61,0.836,-1,-1,-1
430,37,1207.25,290.93,60.04,213.53,0.723,-1,-1,-1
430,42,963.86,317.52,48.18,146.48,0.797,-1,-1,-1
430,49,524.71,324.14,55.87,118.13,0.782,-1,-1,-1
430,51,711.19,333.44,23.04,61.82,-1.000,-1,-1,-1
430,56,1104.32,323.17,24.65,65.94,0.529,-1,-1,-1
430,58,691.72,322.24,28.18,79.41,0.545,-1,-1,-1
430,60,921.92,340.51,35.35,77.67,0.609,-1,-1,-1
430,61,1007.23,325.23,24.95,65.55,0.671,-1,-1,-1
430,63,174.44,323.64,66.53,164.12,0.852,-1,-1,-1
430,64,1041.82,333.18,20.36,42.85,0.548,-1,-1,-1
430,65,745.77,321.72,17.82,54.51,-1.000,-1,-1,-1
430,66,250.04,327.13,56.57,147.69,0.830,-1,-1,-1
431,2,1213.84,305.23,60.05,181.48,-1.000,-1,-1,-1
431,7,865.95,310.71,52.46,154.53,0.869,-1,-1,-1
431,25,333.94,255.59,183.40,401.63,0.925,-1,-1,-1
431,31,644.04,324.31,40.57,80.45,0.841,-1,-1,-1
431,37,1209.41,289.41,60.14,214.66,0.710,-1,-1,-1
431,42,964.06,315.93,47.96,146.70,0.794,-1,-1,-1
431,49,523.46,322.46,56.31,119.03,0.777,-1,-1,-1
431,51,712.67,333.90,22.97,61.74,0.501,-1,-1,-1
431,56,1103.26,322.61,25.43,67.58,0.506,-1,-1,-1
431,58,691.37,328.71,24.99,70.65,0.525,-1,-1,-1
431,60,922.20,337.83,36.03,78.68,0.598,-1,-1,-1
431,61,1007.61,323.51,25.07,65.91,0.698,-1,-1,-1
431,63,167.97,318.66,70.32,169.17,0.865,-1,-1,-1
431,64,1042.27,332.64,19.96,42.12,0.585,-1,-1,-1
431,65,745.17,321.62,17.89,54.75,-1.000,-1,-1,-1
431,66,248.77,325.96,56.70,147.26,0.845,-1,-1,-1
432,2,1212.88,303.79,61.34,185.81,-1.000,-1,-1,-1
432,7,862.80,306.21,52.90,155.60,0.859,-1,-1,-1
432,25,336.12,251.77,183.67,403.50,0.926,-1,-1,-1
432,31,642.22,318.97,41.13,81.98,0.819,-1,-1,-1
432,37,1210.18,285.16,60.34,215.72,0.731,-1,-1,-1
432,42,961.71,311.05,48.29,148.15,0.770,-1,-1,-1
432,49,519.23,317.77,57.34,120.76,0.719,-1,-1,-1
432,51,710.70,328.84,22.67,61.54,0.500,-1,-1,-1
432,56,1101.09,317.82,26.98,71.19,0.545,-1,-1,-1
432,58,688.16,326.69,23.59,66.92,0.396,-1,-1,-1
432,60,920.68,333.02,36.26,79.11,0.657,-1,-1,-1
432,61,1005.10,317.80,25.66,67.66,0.638,-1,-1,-1
432,63,156.48,315.96,70.80,167.71,0.806,-1,-1,-1
432,64,1041.04,328.45,19.71,41.54,0.547,-1,-1,-1
432,65,744.56,321.52,17.95,54.99,-1.000,-1,-1,-1
432,66,239.96,322.64,56.36,145.75,0.852,-1,-1,-1
433,2,1211.93,302.36,62.62,190.13,-1.000,-1,-1,-1
433,7,861.30,304.45,53.12,156.29,0.865,-1,-1,-1
433,25,339.31,251.21,183.55,404.43,0.929,-1,-1,-1
433,31,641.49,317.12,41.19,82.46,0.800,-1,-1,-1
433,37,1208.56,282.61,61.40,218.47,0.657,-1,-1,-1
433,42,960.41,308.41,48.70,150.04,0.775,-1,-1,-1
433,49,515.34,316.22,57.91,121.97,0.720,-1,-1,-1
433,51,709.14,327.91,22.27,61.40,0.578,-1,-1,-1
433,56,1099.69,316.82,27.76,72.85,0.679,-1,-1,-1
433,58,685.54,325.62,23.16,66.61,0.613,-1,-1,-1
433,60,919.72,330.65,36.75,80.06,0.630,-1,-1,-1
433,61,1003.27,315.94,25.88,68.48,0.708,-1,-1,-1
433,63,147.13,316.10,70.93,166.23,0.834,-1,-1,-1
433,64,1040.18,327.35,19.51,41.15,0.635,-1,-1,-1
433,65,743.95,321.42,18.02,55.22,-1.000,-1,-1,-1
433,66,234.61,322.15,56.51,144.84,0.864,-1,-1,-1
434,2,1210.97,300.92,63.90,194.45,-1.000,-1,-1,-1
434,7,858.44,304.70,52.83,155.48,0.865,-1,-1,-1
434,25,339.62,251.88,182.74,403.86,0.923,-1,-1,-1
434,31,639.12,316.47,41.30,82.99,0.802,-1,-1,-1
434,37,1208.26,282.15,61.67,219.76,0.709,-1,-1,-1
434,42,957.67,310.48,47.91,147.87,0.766,-1,-1,-1
434,49,510.83,316.04,58.10,122.30,0.772,-1,-1,-1
434,51,706.74,326.81,22.19,61.99,0.493,-1,-1,-1
434,56,1097.29,316.62,28.03,73.33,0.500,-1,-1,-1
434,58,682.88,327.72,22.58,64.82,0.579,-1,-1,-1
434,60,916.89,328.85,37.52,81.62,0.633,-1,-1,-1
434,61,1000.26,314.66,26.31,69.54,0.713,-1,-1,-1
434,63,135.18,316.05,71.81,167.42,0.587,-1,-1,-1
434,64,1038.31,327.67,19.40,40.90,0.593,-1,-1,-1
434,65,743.35,321.32,18.08,55.46,-1.000,-1,-1,-1
434,66,227.13,322.66,56.94,144.50,0.873,-1,-1,-1
435,2,1210.02,299.49,65.18,198.78,-1.000,-1,-1,-1
435,7,855.99,304.44,52.59,154.71,0.874,-1,-1,-1
435,25,338.98,251.11,183.00,406.23,0.913,-1,-1,-1
435,31,637.22,315.68,41.35,83.15,0.827,-1,-1,-1
435,37,1205.79,281.66,61.90,219.14,0.682,-1,-1,-1
435,42,954.57,309.11,48.02,148.96,0.780,-1,-1,-1
435,49,505.86,315.08,58.09,122.38,0.789,-1,-1,-1
435,51,704.65,325.26,22.31,62.70,0.175,-1,-1,-1
435,56,1095.91,317.35,27.04,69.92,0.435,-1,-1,-1
435,58,679.34,328.40,22.30,63.97,0.428,-1,-1,-1
435,60,914.03,327.96,37.63,81.79,0.599,-1,-1,-1
435,61,997.70,314.08,26.38,69.42,0.710,-1,-1,-1
435,63,120.87,314.18,72.73,168.47,0.787,-1,-1,-1
435,64,1036.26,327.26,19.42,40.96,0.519,-1,-1,-1
435,65,742.74,321.22,18.15,55.70,-1.000,-1,-1,-1
435,66,219.89,321.74,57.52,144.24,0.878,-1,-1,-1
436,2,1209.06,298.06,66.46,203.10,-1.000,-1,-1,-1
436,7,854.39,303.90,52.60,154.79,0.877,-1,-1,-1
436,25,339.95,249.54,183.15,408.73,0.912,-1,-1,-1
436,31,635.37,314.66,41.32,83.37,0.818,-1,-1,-1
436,37,1205.75,280.49,62.07,219.46,0.647,-1,-1,-1
436,42,953.22,308.44,47.58,148.48,0.792,-1,-1,-1
436,49,503.39,313.37,58.47,123.00,0.744,-1,-1,-1
436,51,703.86,322.46,22.76,64.43,0.329,-1,-1,-1
436,56,1094.91,318.64,26.37,67.53,0.542,-1,-1,-1
436,58,676.06,326.82,22.42,64.43,0.625,-1,-1,-1
436,60,913.24,328.91,37.05,80.04,0.639,-1,-1,-1
436,61,996.66,313.50,26.53,69.55,0.711,-1,-1,-1
436,63,110.11,310.74,73.23,170.74,0.775,-1,-1,-1
436,64,1035.48,327.42,18.97,39.99,0.382,-1,-1,-1
436,65,742.13,321.11,18.22,55.93,-1.000,-1,-1,-1
436,66,213.82,320.24,58.47,144.35,0.897,-1,-1,-1
437,2,1208.10,296.62,67.75,207.42,-1.000,-1,-1,-1
437,7,849.72,306.92,52.33,154.08,0.868,-1,-1,-1
437,25,336.14,250.71,183.78,411.01,0.911,-1,-1,-1
437,31,630.65,317.40,40.88,82.55,0.818,-1,-1,-1
437,37,1199.17,281.98,63.81,221.81,0.789,-1,-1,-1
437,42,947.32,309.04,47.59,149.00,0.788,-1,-1,-1
437,49,496.69,314.09,58.91,124.07,0.795,-1,-1,-1
437,51,700.72,324.35,22.78,64.28,0.445,-1,-1,-1
437,56,1091.35,319.93,26.73,67.85,0.616,-1,-1,-1
437,57,717.91,331.17,23.62,60.38,0.554,-1,-1,-1
437,58,669.36,330.92,22.19,62.82,0.651,-1,-1,-1
437,60,909.13,332.34,36.69,79.19,0.654,-1,-1,-1
437,61,991.92,315.53,26.65,69.29,0.730,-1,-1,-1
437,63,89.04,311.93,74.09,172.22,0.564,-1,-1,-1
437,64,1031.20,330.04,19.50,41.17,0.594,-1,-1,-1
437,65,741.52,321.01,18.28,56.17,-1.000,-1,-1,-1
437,66,200.59,320.75,60.03,146.51,0.867,-1,-1,-1
438,2,1207.15,295.19,69.03,211.74,-1.000,-1,-1,-1
438,7,846.96,308.07,52.31,154.18,0.861,-1,-1,-1
438,25,333.01,250.85,184.46,412.08,0.911,-1,-1,-1
438,31,627.71,318.12,40.49,82.16,0.826,-1,-1,-1
438,37,1197.00,282.48,64.61,222.55,0.671,-1,-1,-1
438,42,944.33,311.22,46.68,146.20,0.756,-1,-1,-1
438,49,492.73,313.86,58.88,124.73,0.807,-1,-1,-1
438,51,698.99,323.99,23.68,66.33,0.543,-1,-1,-1
438,56,1091.24,321.36,26.02,65.87,0.402,-1,-1,-1
438,57,717.15,328.75,24.13,62.14,0.425,-1,-1,-1
438,58,665.04,332.46,22.09,61.07,0.686,-1,-1,-1
438,60,907.16,333.89,36.27,78.06,0.487,-1,-1,-1
438,61,989.09,314.89,27.28,70.59,0.723,-1,-1,-1
438,63,77.26,311.48,73.70,172.32,0.746,-1,-1,-1
438,64,1028.08,327.80,20.83,44.19,0.495,-1,-1,-1
438,65,740.92,320.91,18.35,56.41,-1.000,-1,-1,-1
438,66,189.94,319.68,60.88,147.17,0.865,-1,-1,-1
439,2,1206.19,293.75,70.31,216.07,-1.000,-1,-1,-1
439,7,846.34,311.55,52.14,153.84,0.851,-1,-1,-1
439,25,330.98,253.12,186.87,417.57,0.908,-1,-1,-1
439,31,626.85,321.42,40.19,82.41,0.792,-1,-1,-1
439,37,1198.71,285.12,64.55,222.46,0.598,-1,-1,-1
439,42,943.01,315.64,45.91,143.85,0.754,-1,-1,-1
439,49,492.02,317.19,58.77,124.93,0.812,-1,-1,-1
439,51,698.38,326.83,24.48,67.65,0.605,-1,-1,-1
439,56,1092.16,325.01,25.01,63.12,0.334,-1,-1,-1
439,57,716.88,330.32,24.40,63.27,0.334,-1,-1,-1
439,58,662.30,334.68,22.76,62.09,0.624,-1,-1,-1
439,60,904.99,331.83,38.70,83.44,0.279,-1,-1,-1
439,61,988.67,317.48,28.18,72.42,0.740,-1,-1,-1
439,63,67.42,313.98,74.39,173.32,0.654,-1,-1,-1
439,64,1026.97,330.26,20.93,44.39,0.474,-1,-1,-1
439,65,740.31,320.81,18.41,56.64,-1.000,-1,-1,-1
439,66,183.99,321.90,61.84,148.90,0.794,-1,-1,-1
440,2,1205.24,292.32,71.59,220.39,-1.000,-1,-1,-1
440,7,843.45,312.65,51.80,152.71,0.849,-1,-1,-1
440,25,326.08,253.85,188.65,420.23,0.906,-1,-1,-1
440,31,623.19,323.78,40.12,82.72,0.799,-1,-1,-1
440,37,1198.34,287.56,64.94,224.39,0.555,-1,-1,-1
440,42,938.37,312.49,47.64,150.36,0.762,-1,-1,-1
440,49,487.86,320.29,57.71,123.40,0.802,-1,-1,-1
440,51,695.74,328.64,24.87,68.67,0.596,-1,-1,-1
440,56,1091.10,328.11,24.68,62.37,0.170,-1,-1,-1
440,57,714.42,331.31,23.88,63.17,0.551,-1,-1,-1
440,58,658.10,337.26,22.89,61.97,0.526,-1,-1,-1
440,60,902.20,338.46,36.96,79.21,0.639,-1,-1,-1
440,61,986.02,322.19,27.57,70.61,0.751,-1,-1,-1
440,63,57.37,316.99,73.81,171.75,0.551,-1,-1,-1
440,64,1023.92,333.33,20.48,43.75,0.433,-1,-1,-1
440,65,739.70,320.71,18.48,56.88,0.514,-1,-1,-1
440,66,175.21,321.67,63.34,152.03,0.751,-1,-1,-1
441,2,1204.28,290.88,72.87,224.71,0.744,-1,-1,-1
441,7,842.58,313.96,52.34,154.57,0.873,-1,-1,-1
441,25,326.09,254.31,190.81,422.98,0.900,-1,-1,-1
441,31,623.11,325.44,39.69,82.41,0.827,-1,-1,-1
441,37,1190.93,294.95,60.90,214.00,0.724,-1,-1,-1
441,42,939.07,316.29,46.59,147.90,0.803,-1,-1,-1
441,49,486.92,320.86,58.08,124.56,0.820,-1,-1,-1
441,51,695.08,329.90,25.19,69.22,0.646,-1,-1,-1
441,56,1090.38,329.26,26.50,66.96,0.497,-1,-1,-1
441,57,714.39,329.99,24.36,65.27,0.455,-1,-1,-1
441,58,657.43,339.58,22.93,61.09,0.660,-1,-1,-1
441,60,901.36,340.74,37.25,79.65,0.480,-1,-1,-1
441,61,985.85,323.88,27.53,70.21,0.737,-1,-1,-1
441,63,48.04,319.20,75.04,170.39,0.865,-1,-1,-1
441,64,1023.84,335.84,20.58,44.08,0.613,-1,-1,-1
441,65,739.36,325.39,17.34,53.32,0.156,-1,-1,-1
441,66,169.55,322.05,63.62,151.67,0.846,-1,-1,-1
442,2,1200.38,293.90,71.77,229.12,0.691,-1,-1,-1
442,7,836.93,318.28,52.16,154.16,0.842,-1,-1,-1
442,25,326.96,257.64,192.11,426.66,0.903,-1,-1,-1
442,31,617.49,330.26,39.66,82.74,0.805,-1,-1,-1
442,37,1182.95,303.85,59.13,209.06,0.618,-1,-1,-1
442,42,934.10,324.00,45.90,146.13,0.754,-1,-1,-1
442,49,479.74,325.20,58.21,125.75,0.705,-1,-1,-1
442,51,688.10,333.94,25.65,70.42,0.533,-1,-1,-1
442,56,1086.06,333.47,26.98,68.31,0.177,-1,-1,-1
442,57,709.10,337.86,23.12,61.52,0.281,-1,-1,-1
442,60,895.68,346.64,37.42,79.58,0.672,-1,-1,-1
442,61,980.67,328.98,27.22,69.18,0.721,-1,-1,-1
442,63,29.32,326.16,76.89,170.18,0.781,-1,-1,-1
442,64,1019.30,341.68,20.22,43.33,0.456,-1,-1,-1
442,66,152.22,327.20,63.25,152.09,0.706,-1,-1,-1
443,2,1198.67,292.54,70.90,231.32,0.642,-1,-1,-1
443,7,834.30,317.75,51.86,152.74,0.869,-1,-1,-1
443,25,328.39,256.19,190.93,423.68,0.898,-1,-1,-1
443,31,615.00,329.49,39.74,83.41,0.771,-1,-1,-1
443,37,1177.91,305.66,58.49,207.92,0.616,-1,-1,-1
443,42,931.24,322.34,46.06,146.90,0.757,-1,-1,-1
443,49,477.57,324.68,54.42,117.99,0.433,-1,-1,-1
443,51,684.11,332.41,25.98,71.60,0.647,-1,-1,-1
443,56,1084.30,333.63,26.54,67.35,0.308,-1,-1,-1
443,57,705.59,337.86,23.28,62.45,0.601,-1,-1,-1
443,60,893.33,343.77,38.77,82.67,0.577,-1,-1,-1
443,61,977.94,328.72,27.49,69.56,0.744,-1,-1,-1
443,63,17.66,326.55,79.06,169.99,0.870,-1,-1,-1
443,64,1017.57,341.69,20.02,43.04,0.510,-1,-1,-1
443,66,143.62,327.44,63.52,151.79,0.799,-1,-1,-1
444,2,1198.47,293.51,69.53,232.53,0.691,-1,-1,-1
444,7,830.68,317.87,52.68,155.03,0.883,-1,-1,-1
444,25,334.20,255.77,189.69,424.52,0.912,-1,-1,-1
444,31,612.02,330.37,39.48,83.39,0.806,-1,-1,-1
444,37,1172.63,306.53,57.83,207.31,0.698,-1,-1,-1
444,42,929.04,324.92,45.76,146.42,0.800,-1,-1,-1
444,49,472.10,325.26,56.79,124.14,0.406,-1,-1,-1
444,51,680.89,334.08,25.49,70.56,0.613,-1,-1,-1
444,56,1082.04,335.37,27.51,70.36,0.569,-1,-1,-1
444,57,702.57,340.44,22.91,61.56,0.700,-1,-1,-1
444,60,890.37,346.49,38.12,81.13,0.656,-1,-1,-1
444,61,975.05,329.96,27.64,69.77,0.742,-1,-1,-1
444,63,7.08,328.35,80.60,170.25,0.857,-1,-1,-1
444,64,1015.58,342.70,20.15,43.44,0.606,-1,-1,-1
444,66,133.40,328.96,63.75,151.94,0.775,-1,-1,-1
445,2,1198.61,293.58,68.75,233.31,0.652,-1,-1,-1
445,7,826.98,318.36,53.09,156.01,0.866,-1,-1,-1
445,25,336.22,254.59,188.09,424.96,0.912,-1,-1,-1
445,31,609.04,330.31,39.55,83.90,0.787,-1,-1,-1
445,37,1170.18,307.21,57.00,207.25,0.613,-1,-1,-1
445,42,926.16,325.93,45.48,146.11,0.806,-1,-1,-1
445,49,473.08,324.67,49.88,108.70,0.657,-1,-1,-1
445,51,676.93,334.20,25.42,70.22,0.467,-1,-1,-1
445,56,1079.75,337.46,27.24,70.02,0.553,-1,-1,-1
445,57,698.70,341.05,22.82,61.12,0.522,-1,-1,-1
445,60,887.28,347.32,37.78,80.36,0.535,-1,-1,-1
445,61,971.41,330.31,27.70,69.85,0.728,-1,-1,-1
445,63,-3.25,328.54,80.59,170.59,0.706,-1,-1,-1
445,64,1012.87,344.29,19.67,42.32,0.409,-1,-1,-1
445,66,126.78,329.91,62.94,151.50,0.683,-1,-1,-1
446,2,1197.89,293.30,67.48,233.71,0.714,-1,-1,-1
446,7,823.75,318.05,53.56,157.07,0.870,-1,-1,-1
446,25,339.68,253.79,182.45,414.39,0.919,-1,-1,-1
446,31,606.94,329.90,40.00,85.07,0.798,-1,-1,-1
446,37,1166.89,305.81,56.90,208.39,0.605,-1,-1,-1
446,42,924.03,326.33,45.52,146.34,0.791,-1,-1,-1
446,49,471.94,324.20,47.10,102.55,0.428,-1,-1,-1
446,51,672.88,334.96,25.54,69.76,0.556,-1,-1,-1
446,56,1078.24,337.58,27.52,71.06,0.675,-1,-1,-1
446,57,695.48,340.59,23.47,62.50,0.657,-1,-1,-1
446,60,885.18,347.32,37.69,79.98,0.619,-1,-1,-1
446,61,969.87,330.61,27.51,69.42,0.768,-1,-1,-1
446,63,-9.64,329.30,79.28,170.41,0.838,-1,-1,-1
446,64,1011.09,344.77,19.58,42.14,0.484,-1,-1,-1
446,66,119.77,331.59,62.47,150.83,0.643,-1,-1,-1
447,2,1191.02,292.86,67.16,236.05,0.595,-1,-1,-1
447,7,815.63,318.27,53.13,155.26,0.878,-1,-1,-1
447,25,333.24,251.33,182.12,414.90,0.910,-1,-1,-1
447,31,599.79,329.88,40.39,85.67,0.853,-1,-1,-1
447,37,1162.79,303.82,56.78,210.50,0.688,-1,-1,-1
447,42,917.48,327.85,45.20,145.66,0.804,-1,-1,-1
447,49,464.21,324.47,45.03,97.84,0.302,-1,-1,-1
447,51,664.23,333.86,25.96,71.10,0.606,-1,-1,-1
447,56,1072.53,337.51,27.28,71.02,0.569,-1,-1,-1
447,57,688.27,341.12,23.10,61.55,0.594,-1,-1,-1
447,60,877.57,348.38,37.45,79.12,0.686,-1,-1,-1
447,61,963.02,330.37,27.61,69.85,0.739,-1,-1,-1
447,63,-22.12,343.47,71.66,157.41,0.582,-1,-1,-1
447,64,1004.50,343.38,19.96,43.12,0.656,-1,-1,-1
447,66,105.27,331.81,62.85,151.64,0.554,-1,-1,-1
448,2,1189.68,293.50,66.48,236.69,0.666,-1,-1,-1
448,7,812.66,319.15,53.33,155.45,0.876,-1,-1,-1
448,25,331.83,251.14,182.06,415.34,0.914,-1,-1,-1
448,31,597.70,331.09,40.32,85.47,0.842,-1,-1,-1
448,37,1160.47,303.78,57.01,211.06,0.612,-1,-1,-1
448,42,915.85,327.85,45.38,146.61,0.817,-1,-1,-1
448,51,660.90,335.65,25.95,70.70,0.578,-1,-1,-1
448,56,1071.68,339.07,26.01,67.48,0.659,-1,-1,-1
448,57,686.01,342.58,22.95,60.82,0.574,-1,-1,-1
448,60,875.21,349.89,37.36,78.53,0.622,-1,-1,-1
448,61,961.17,330.64,27.64,69.94,0.741,-1,-1,-1
448,64,1003.08,344.39,19.69,42.53,0.583,-1,-1,-1
448,66,96.75,333.12,62.68,151.00,0.518,-1,-1,-1
449,2,1189.74,292.79,65.74,237.09,0.670,-1,-1,-1
449,7,811.12,319.28,53.36,155.23,0.867,-1,-1,-1
449,25,331.02,249.46,182.79,417.76,0.928,-1,-1,-1
449,31,597.41,331.06,40.32,85.35,0.855,-1,-1,-1
449,37,1161.85,302.36,56.88,211.78,0.540,-1,-1,-1
449,42,915.55,326.83,45.46,147.08,0.808,-1,-1,-1
449,51,659.20,334.41,26.50,71.79,0.669,-1,-1,-1
449,56,1072.10,338.91,25.89,67.23,0.607,-1,-1,-1
449,57,685.57,342.54,22.80,60.24,0.568,-1,-1,-1
449,60,874.84,349.84,37.26,78.18,0.688,-1,-1,-1
449,61,961.20,330.55,27.18,68.85,0.736,-1,-1,-1
449,64,1002.92,343.68,19.79,42.76,0.555,-1,-1,-1
449,66,91.06,332.16,61.86,150.28,0.726,-1,-1,-1
450,2,1189.79,293.02,65.31,237.38,0.614,-1,-1,-1
450,7,810.61,320.17,52.93,153.45,0.847,-1,-1,-1
450,25,331.51,247.85,189.55,433.04,0.919,-1,-1,-1
450,31,597.53,332.09,40.11,84.89,0.822,-1,-1,-1
450,37,1156.24,315.80,47.89,177.31,0.545,-1,-1,-1
450,42,915.51,327.47,45.28,146.66,0.781,-1,-1,-1
450,51,657.92,335.08,26.66,71.47,0.480,-1,-1,-1
450,56,1071.93,338.62,26.16,67.86,0.661,-1,-1,-1
450,57,685.26,342.05,23.37,61.46,0.512,-1,-1,-1
450,60,874.92,349.84,37.71,79.02,0.664,-1,-1,-1
450,61,960.61,330.23,27.35,69.39,0.758,-1,-1,-1
450,64,1003.15,346.29,18.99,40.86,0.135,-1,-1,-1
450,66,82.42,332.24,61.48,150.08,0.641,-1,-1,-1
451,2,1189.50,293.52,65.02,236.92,0.696,-1,-1,-1
451,7,806.84,321.63,53.21,153.33,0.867,-1,-1,-1
451,25,332.57,248.57,192.04,434.74,0.909,-1,-1,-1
451,31,594.85,334.70,40.30,85.40,0.825,-1,-1,-1
451,37,1149.29,326.96,41.19,150.84,0.714,-1,-1,-1
451,42,913.76,327.68,45.52,147.45,0.787,-1,-1,-1
451,51,654.31,336.74,27.45,72.99,0.716,-1,-1,-1
451,56,1069.90,339.36,26.69,69.39,0.582,-1,-1,-1
451,57,682.93,344.11,23.44,61.79,0.588,-1,-1,-1
451,60,872.75,351.29,37.96,79.32,0.716,-1,-1,-1
451,61,959.29,333.63,26.88,68.42,0.751,-1,-1,-1
451,64,1000.90,346.21,19.29,41.69,0.411,-1,-1,-1
451,66,70.86,333.99,61.68,151.43,0.696,-1,-1,-1
452,2,1189.85,294.41,65.21,237.49,0.662,-1,-1,-1
452,7,805.30,323.00,52.66,151.22,0.834,-1,-1,-1
452,25,334.75,250.46,192.75,430.77,0.913,-1,-1,-1
452,31,593.64,336.14,39.90,84.84,0.814,-1,-1,-1
452,37,1147.65,331.66,38.60,139.96,0.651,-1,-1,-1
452,42,913.19,327.48,45.49,147.22,0.772,-1,-1,-1
452,51,652.50,337.46,27.48,72.66,0.344,-1,-1,-1
452,56,1070.64,339.33,25.85,66.96,0.380,-1,-1,-1
452,57,683.50,346.33,23.19,60.20,0.561,-1,-1,-1
452,60,871.05,351.55,38.49,80.31,0.729,-1,-1,-1
452,61,959.34,334.74,26.32,67.43,0.644,-1,-1,-1
452,64,1001.87,348.20,18.60,39.74,0.209,-1,-1,-1
452,66,66.10,333.69,61.71,152.92,0.634,-1,-1,-1
452,67,1169.70,304.06,45.25,215.43,0.528,-1,-1,-1
453,2,1190.78,298.03,65.49,238.43,0.637,-1,-1,-1
453,7,803.35,327.30,52.59,150.87,0.833,-1,-1,-1
453,25,335.76,254.47,195.82,431.87,0.919,-1,-1,-1
453,31,594.02,340.51,39.83,84.81,0.798,-1,-1,-1
453,37,1144.53,337.95,37.91,136.06,0.686,-1,-1,-1
453,42,913.52,329.92,46.08,149.22,0.756,-1,-1,-1
453,51,653.55,338.73,27.17,72.02,-1.000,-1,-1,-1
453,56,1072.11,341.76,25.70,66.57,0.469,-1,-1,-1
453,57,683.25,350.45,23.67,61.11,0.377,-1,-1,-1
453,60,870.31,354.98,38.67,80.76,0.661,-1,-1,-1
453,61,959.81,338.27,25.91,66.77,0.628,-1,-1,-1
453,64,1002.36,351.97,18.76,39.90,0.208,-1,-1,-1
453,66,60.69,336.96,61.66,154.95,0.768,-1,-1,-1
453,67,1168.37,308.89,45.28,215.59,0.613,-1,-1,-1
454,2,1197.99,299.21,66.32,238.71,0.607,-1,-1,-1
454,7,806.60,329.36,53.14,152.15,0.831,-1,-1,-1
454,25,338.54,258.57,197.44,431.00,0.921,-1,-1,-1
454,31,598.94,342.52,39.63,84.46,0.808,-1,-1,-1
454,37,1147.67,341.87,37.13,131.48,0.747,-1,-1,-1
454,42,917.33,329.76,46.45,150.54,0.768,-1,-1,-1
454,51,654.59,340.00,26.86,71.38,-1.000,-1,-1,-1
454,56,1077.10,342.96,24.83,64.21,0.365,-1,-1,-1
454,57,685.86,350.33,24.13,62.10,-1.000,-1,-1,-1
454,60,874.12,355.92,38.62,80.96,0.596,-1,-1,-1
454,61,963.70,339.39,25.76,66.81,0.625,-1,-1,-1
454,64,1005.10,351.46,19.05,40.55,-1.000,-1,-1,-1
454,66,60.11,339.35,61.19,154.55,0.804,-1,-1,-1
454,67,1172.85,310.47,45.13,215.07,0.558,-1,-1,-1
455,2,1202.38,297.64,67.59,239.56,0.691,-1,-1,-1
455,7,807.50,327.52,53.48,152.24,0.844,-1,-1,-1
455,25,336.31,257.90,200.50,434.48,0.918,-1,-1,-1
455,31,601.13,341.12,39.83,85.19,0.824,-1,-1,-1
455,37,1147.72,338.73,38.52,134.30,0.784,-1,-1,-1
455,42,918.70,327.66,46.92,151.74,0.784,-1,-1,-1
455,51,655.63,341.28,26.55,70.74,-1.000,-1,-1,-1
455,56,1079.73,342.72,24.34,62.64,0.353,-1,-1,-1
455,57,688.48,350.21,24.59,63.09,0.519,-1,-1,-1
455,60,875.71,354.05,38.81,81.45,0.538,-1,-1,-1
455,61,966.66,339.67,25.10,65.49,0.624,-1,-1,-1
455,64,1007.85,350.95,19.35,41.20,-1.000,-1,-1,-1
455,66,57.32,338.67,60.87,153.87,0.852,-1,-1,-1
455,67,1174.47,309.93,45.59,217.48,0.545,-1,-1,-1
456,2,1206.14,299.01,68.83,242.12,0.716,-1,-1,-1
456,7,809.42,329.01,54.26,153.95,0.846,-1,-1,-1
456,25,335.07,259.91,200.72,434.61,0.913,-1,-1,-1
456,31,604.17,342.35,39.89,85.62,0.812,-1,-1,-1
456,37,1149.29,341.45,39.06,133.73,0.801,-1,-1,-1
456,42,921.38,330.43,46.64,151.37,0.779,-1,-1,-1
456,51,656.68,342.55,26.25,70.10,-1.000,-1,-1,-1
456,56,1081.47,344.08,25.24,64.44,0.598,-1,-1,-1
456,57,691.70,350.58,24.25,62.26,-1.000,-1,-1,-1
456,60,878.09,356.78,38.53,80.96,0.680,-1,-1,-1
456,61,969.65,342.02,23.98,62.97,0.621,-1,-1,-1
456,64,1010.59,350.44,19.64,41.85,-1.000,-1,-1,-1
456,66,56.82,340.32,60.74,153.48,0.780,-1,-1,-1
456,67,1177.00,311.76,45.53,217.31,0.321,-1,-1,-1
457,2,1210.92,299.30,70.35,243.97,0.704,-1,-1,-1
457,7,811.95,328.92,54.09,153.61,0.859,-1,-1,-1
457,25,336.67,262.61,202.03,437.27,0.918,-1,-1,-1
457,31,608.26,342.49,40.15,86.23,0.783,-1,-1,-1
457,37,1151.05,341.41,39.71,133.79,0.798,-1,-1,-1
457,42,924.63,329.47,47.17,152.83,0.814,-1,-1,-1
457,51,657.72,343.82,25.94,69.46,-1.000,-1,-1,-1
457,56,1082.50,343.40,28.19,71.84,0.719,-1,-1,-1
457,57,694.92,350.94,23.91,61.43,-1.000,-1,-1,-1
457,60,881.99,358.08,38.38,80.60,0.490,-1,-1,-1
457,61,972.19,341.07,24.80,65.44,0.731,-1,-1,-1
457,64,1013.34,349.92,19.94,42.50,-1.000,-1,-1,-1
457,66,55.98,340.60,61.52,154.85,0.789,-1,-1,-1
457,67,1181.80,311.03,45.67,218.08,0.552,-1,-1,-1
458,2,1213.24,297.12,72.08,246.14,0.749,-1,-1,-1
458,7,813.20,325.44,54.72,156.30,0.856,-1,-1,-1
458,25,339.21,261.21,205.75,443.60,0.925,-1,-1,-1
458,31,610.18,339.44,41.33,89.09,0.828,-1,-1,-1
458,37,1149.39,337.61,40.85,135.42,0.844,-1,-1,-1
458,42,926.79,329.65,46.90,151.35,0.813,-1,-1,-1
458,51,658.76,345.10,25.63,68.82,0.572,-1,-1,-1
458,56,1085.25,341.32,29.20,74.32,0.621,-1,-1,-1
458,57,698.15,351.30,23.57,60.59,0.600,-1,-1,-1
458,60,884.18,356.45,38.64,80.75,0.602,-1,-1,-1
458,61,974.04,337.79,25.64,68.17,0.724,-1,-1,-1
458,64,1016.08,349.41,20.23,43.16,0.667,-1,-1,-1
458,66,52.01,340.93,61.52,153.18,0.862,-1,-1,-1
458,67,1185.46,308.63,46.12,219.98,0.712,-1,-1,-1
459,2,1212.35,294.88,73.84,247.09,0.715,-1,-1,-1
459,7,813.70,323.12,55.10,158.13,0.852,-1,-1,-1
459,25,342.84,260.25,208.64,447.93,0.921,-1,-1,-1
459,31,611.46,336.64,41.72,90.48,0.820,-1,-1,-1
459,37,1147.88,334.93,41.36,135.87,0.822,-1,-1,-1
459,42,926.79,328.97,46.66,150.13,0.810,-1,-1,-1
459,51,658.61,345.33,24.60,66.44,0.388,-1,-1,-1
459,56,1087.24,339.82,28.87,73.57,0.538,-1,-1,-1
459,57,700.04,349.77,23.31,59.86,0.641,-1,-1,-1
459,60,884.93,354.40,38.66,80.68,0.682,-1,-1,-1
459,61,974.94,335.51,25.84,69.15,0.728,-1,-1,-1
459,64,1017.22,347.19,20.78,44.29,0.624,-1,-1,-1
459,66,50.31,341.21,61.53,151.79,0.870,-1,-1,-1
459,67,1187.26,307.56,46.13,219.97,0.655,-1,-1,-1
460,2,1210.06,292.54,75.38,247.62,0.760,-1,-1,-1
460,7,814.39,320.70,55.03,158.81,0.862,-1,-1,-1
460,25,346.42,257.77,209.99,448.62,0.919,-1,-1,-1
460,31,612.86,334.86,41.86,90.78,0.827,-1,-1,-1
460,37,1147.54,331.73,42.02,136.76,0.822,-1,-1,-1
460,42,928.22,328.81,46.27,148.67,0.820,-1,-1,-1
460,51,658.46,343.05,24.73,67.79,0.706,-1,-1,-1
460,56,1089.39,338.52,28.57,72.89,0.601,-1,-1,-1
460,57,701.71,348.80,22.88,58.94,0.654,-1,-1,-1
460,60,887.22,351.71,39.25,81.84,0.332,-1,-1,-1
460,61,975.84,333.23,25.86,69.70,0.759,-1,-1,-1
460,64,1019.03,344.85,20.85,44.64,0.658,-1,-1,-1
460,66,46.47,339.82,61.89,151.19,0.796,-1,-1,-1
460,67,1189.96,304.46,46.37,221.22,0.719,-1,-1,-1
460,68,681.23,343.70,22.24,64.48,0.662,-1,-1,-1
461,2,1208.80,290.97,76.60,247.85,0.758,-1,-1,-1
461,7,814.24,318.76,54.49,157.86,0.861,-1,-1,-1
461,25,347.28,255.12,212.77,451.92,0.930,-1,-1,-1
461,31,612.71,333.24,41.83,90.83,0.830,-1,-1,-1
461,37,1146.17,329.49,42.70,137.79,0.835,-1,-1,-1
461,42,928.33,329.71,45.59,146.13,0.809,-1,-1,-1
461,51,656.95,341.28,24.70,67.98,0.690,-1,-1,-1
461,56,1090.22,337.27,28.16,72.17,0.636,-1,-1,-1
461,57,701.58,346.85,23.10,59.57,0.699,-1,-1,-1
461,60,889.07,350.42,39.01,81.91,0.307,-1,-1,-1
461,61,975.48,330.72,26.12,70.80,0.757,-1,-1,-1
461,64,1019.16,342.42,21.40,46.21,0.666,-1,-1,-1
461,66,35.63,337.76,63.41,151.61,0.870,-1,-1,-1
461,67,1190.76,302.25,46.61,222.78,0.699,-1,-1,-1
461,68,681.34,342.98,21.91,63.58,0.670,-1,-1,-1
461,69,1487.29,295.20,43.00,78.97,0.549,-1,-1,-1
462,2,1208.92,290.32,76.91,248.01,0.727,-1,-1,-1
462,7,814.50,318.76,54.14,157.32,0.855,-1,-1,-1
462,25,347.41,254.69,214.38,452.45,0.931,-1,-1,-1
462,31,612.28,333.51,41.77,90.66,0.823,-1,-1,-1
462,37,1145.69,329.15,42.98,137.78,0.831,-1,-1,-1
462,42,927.66,330.88,45.35,144.68,0.797,-1,-1,-1
462,51,655.67,340.11,25.24,69.37,0.699,-1,-1,-1
462,56,1091.08,337.73,27.49,70.56,0.631,-1,-1,-1
462,57,701.65,346.25,23.39,60.50,0.682,-1,-1,-1
462,60,888.26,350.94,38.71,81.31,0.463,-1,-1,-1
462,61,975.44,330.24,26.22,71.33,0.745,-1,-1,-1
462,64,1019.68,342.62,21.15,45.78,0.534,-1,-1,-1
462,66,27.39,337.63,64.52,151.82,0.828,-1,-1,-1
462,67,1191.07,301.80,46.65,223.19,0.721,-1,-1,-1
462,68,681.39,342.16,21.83,63.38,0.674,-1,-1,-1
462,69,1487.99,294.13,43.43,79.77,0.571,-1,-1,-1
463,2,1213.24,287.90,77.55,250.10,0.687,-1,-1,-1
463,7,815.24,317.97,54.30,158.51,0.871,-1,-1,-1
463,25,345.01,249.82,216.68,456.56,0.937,-1,-1,-1
463,31,613.64,332.92,41.28,89.88,0.837,-1,-1,-1
463,37,1148.11,328.68,43.85,137.97,0.813,-1,-1,-1
463,42,928.42,332.37,44.49,141.57,0.821,-1,-1,-1
463,51,654.91,339.13,25.28,69.61,0.722,-1,-1,-1
463,56,1092.20,333.71,28.90,74.80,0.595,-1,-1,-1
463,57,701.93,345.62,23.03,60.05,0.622,-1,-1,-1
463,60,888.31,349.86,38.84,81.23,0.444,-1,-1,-1
463,61,976.37,329.04,26.21,71.21,0.765,-1,-1,-1
463,64,1021.09,340.91,21.37,46.41,0.595,-1,-1,-1
463,66,13.08,335.29,66.37,154.18,0.804,-1,-1,-1
463,67,1193.94,299.28,47.12,225.06,0.785,-1,-1,-1
463,68,681.89,340.20,22.03,64.06,0.728,-1,-1,-1
463,69,1490.84,291.07,44.19,81.18,0.638,-1,-1,-1
464,2,1216.05,287.40,78.07,251.09,0.708,-1,-1,-1
464,7,816.09,318.16,54.04,158.11,0.857,-1,-1,-1
464,25,342.87,248.01,216.97,458.20,0.933,-1,-1,-1
464,31,613.82,333.45,40.89,89.32,0.848,-1,-1,-1
464,37,1148.75,329.83,44.35,137.26,0.822,-1,-1,-1
464,42,928.03,332.55,44.47,141.47,0.823,-1,-1,-1
464,51,654.83,339.83,24.91,68.43,0.740,-1,-1,-1
464,56,1093.14,333.84,29.21,76.08,0.620,-1,-1,-1
464,57,702.16,345.77,22.71,59.62,0.525,-1,-1,-1
464,60,888.38,349.91,38.93,81.24,0.472,-1,-1,-1
464,61,976.58,329.39,26.16,70.86,0.766,-1,-1,-1
464,64,1021.85,341.16,20.95,45.50,0.467,-1,-1,-1
464,66,4.85,334.17,66.76,154.64,0.833,-1,-1,-1
464,67,1195.00,298.96,47.27,225.50,0.783,-1,-1,-1
464,68,682.48,339.74,22.08,64.33,0.722,-1,-1,-1
464,69,1492.05,288.89,45.05,82.82,0.684,-1,-1,-1
465,2,1218.28,288.17,79.12,251.81,0.783,-1,-1,-1
465,7,817.08,318.90,53.22,156.25,0.853,-1,-1,-1
465,25,339.71,247.80,215.57,458.39,0.937,-1,-1,-1
465,31,615.12,334.70,40.27,88.42,0.831,-1,-1,-1
465,37,1149.25,331.13,44.63,136.53,0.803,-1,-1,-1
465,42,927.78,332.40,44.49,141.49,0.816,-1,-1,-1
465,51,654.05,338.88,25.40,69.99,0.724,-1,-1,-1
465,56,1094.14,335.59,28.81,75.16,0.353,-1,-1,-1
465,57,702.65,346.43,22.58,59.57,0.475,-1,-1,-1
465,60,887.97,350.57,39.05,81.35,0.520,-1,-1,-1
465,61,976.87,330.42,26.23,70.84,0.763,-1,-1,-1
465,64,1023.22,343.33,20.01,43.39,0.358,-1,-1,-1
465,66,-1.45,333.81,66.35,154.51,0.833,-1,-1,-1
465,67,1195.93,300.10,47.43,226.34,0.756,-1,-1,-1
465,68,683.17,340.59,21.98,64.21,0.713,-1,-1,-1
465,69,1492.82,290.70,46.23,85.10,0.481,-1,-1,-1
466,2,1218.05,287.77,81.06,253.87,0.802,-1,-1,-1
466,7,818.15,318.80,53.64,158.53,0.840,-1,-1,-1
466,25,336.71,247.29,213.97,459.62,0.932,-1,-1,-1
466,31,617.01,335.27,39.80,87.59,0.832,-1,-1,-1
466,37,1149.41,331.29,44.82,136.87,0.760,-1,-1,-1
466,42,928.80,332.49,44.28,140.66,0.787,-1,-1,-1
466,51,654.20,338.55,25.61,70.67,0.668,-1,-1,-1
466,56,1096.57,335.77,28.13,73.62,0.422,-1,-1,-1
466,57,704.48,346.92,22.45,59.41,0.437,-1,-1,-1
466,60,888.78,350.48,38.94,81.22,0.607,-1,-1,-1
466,61,978.02,330.73,26.05,70.30,0.739,-1,-1,-1
466,64,1024.80,342.25,20.28,43.87,0.339,-1,-1,-1
466,66,-3.14,333.92,66.82,155.48,0.800,-1,-1,-1
466,67,1197.14,299.94,47.57,227.17,0.704,-1,-1,-1
466,68,684.57,340.28,22.10,64.67,0.657,-1,-1,-1
466,69,1495.94,291.14,45.34,83.41,0.592,-1,-1,-1
467,2,1215.96,287.82,82.39,254.22,0.804,-1,-1,-1
467,7,815.73,318.90,53.84,159.38,0.806,-1,-1,-1
467,25,329.61,245.73,211.12,459.94,0.912,-1,-1,-1
467,31,614.69,335.08,39.58,87.31,0.794,-1,-1,-1
467,37,1146.99,330.64,45.36,137.96,0.804,-1,-1,-1
467,42,926.88,332.98,43.78,139.35,0.727,-1,-1,-1
467,51,651.93,338.33,25.15,69.26,0.455,-1,-1,-1
467,56,1095.05,336.47,28.89,76.15,0.503,-1,-1,-1
467,57,703.46,344.23,23.43,61.74,0.480,-1,-1,-1
467,60,885.76,349.96,39.28,82.01,0.389,-1,-1,-1
467,61,976.08,331.18,25.83,69.89,0.609,-1,-1,-1
467,64,1023.78,343.39,20.32,43.58,0.189,-1,-1,-1
467,66,-7.47,332.95,65.42,155.08,0.718,-1,-1,-1
467,67,1196.76,298.97,47.74,227.74,0.692,-1,-1,-1
467,68,682.92,340.04,21.63,63.17,0.606,-1,-1,-1
467,69,1494.96,289.48,46.12,84.77,0.266,-1,-1,-1
468,2,1217.88,289.64,83.58,255.05,0.778,-1,-1,-1
468,7,817.04,319.72,53.44,158.81,0.835,-1,-1,-1
468,25,321.66,248.30,209.87,464.43,0.922,-1,-1,-1
468,31,615.71,336.24,40.30,88.58,0.816,-1,-1,-1
468,37,1148.27,331.65,45.25,136.98,0.808,-1,-1,-1
468,42,927.38,333.41,43.92,139.88,0.786,-1,-1,-1
468,51,652.27,339.53,25.00,68.87,0.590,-1,-1,-1
468,56,1096.49,337.16,29.72,78.43,0.736,-1,-1,-1
468,57,704.41,346.35,23.04,61.05,0.520,-1,-1,-1
468,60,888.09,351.69,39.37,81.91,0.464,-1,-1,-1
468,61,978.16,331.16,26.44,71.14,0.781,-1,-1,-1
468,64,1025.38,344.60,21.23,45.84,0.587,-1,-1,-1
468,66,-9.03,333.97,64.55,155.41,0.817,-1,-1,-1
468,67,1199.04,301.49,47.75,228.02,0.723,-1,-1,-1
468,68,683.98,341.86,21.86,63.86,0.687,-1,-1,-1
468,69,1498.89,293.16,45.65,83.93,0.565,-1,-1,-1
469,2,1212.75,293.95,84.68,255.06,0.718,-1,-1,-1
469,7,814.94,321.84,53.59,159.33,0.842,-1,-1,-1
469,25,313.09,252.59,208.01,468.44,0.918,-1,-1,-1
469,31,614.38,338.49,41.02,90.46,0.817,-1,-1,-1
469,37,1145.89,334.22,45.36,136.81,0.846,-1,-1,-1
469,42,925.00,335.55,44.19,141.41,0.803,-1,-1,-1
469,51,650.19,343.52,24.80,68.23,0.633,-1,-1,-1
469,56,1096.16,339.86,30.03,79.85,0.733,-1,-1,-1
469,57,703.50,350.12,22.46,59.64,0.551,-1,-1,-1
469,60,886.83,355.16,39.42,81.84,0.515,-1,-1,-1
469,61,976.03,334.85,26.65,70.84,0.772,-1,-1,-1
469,64,1024.14,347.49,21.21,46.07,0.620,-1,-1,-1
469,66,-11.27,337.66,63.13,155.28,0.835,-1,-1,-1
469,67,1198.63,303.92,47.99,229.19,0.701,-1,-1,-1
469,68,682.34,345.24,21.72,63.36,0.742,-1,-1,-1
469,69,1498.68,296.82,44.96,82.59,0.589,-1,-1,-1
470,2,1211.22,295.61,85.40,255.25,0.761,-1,-1,-1
470,7,813.64,322.18,54.02,160.37,0.835,-1,-1,-1
470,25,307.41,254.69,205.13,469.55,0.904,-1,-1,-1
470,31,614.70,338.91,41.32,91.54,0.808,-1,-1,-1
470,37,1144.78,335.07,45.73,137.39,0.827,-1,-1,-1
470,42,924.25,336.51,44.42,142.45,0.747,-1,-1,-1
470,51,648.96,344.31,24.63,67.59,0.183,-1,-1,-1
470,56,1095.86,339.74,30.71,82.19,0.444,-1,-1,-1
470,57,702.85,350.26,22.77,60.35,0.514,-1,-1,-1
470,60,886.67,356.14,39.70,82.27,0.287,-1,-1,-1
470,61,975.90,336.00,26.82,70.97,0.746,-1,-1,-1
470,64,1022.85,346.37,22.08,48.26,0.521,-1,-1,-1
470,66,-13.32,338.84,61.83,154.87,0.716,-1,-1,-1
470,67,1200.18,305.78,48.32,230.25,0.547,-1,-1,-1
470,68,682.50,348.12,21.21,61.46,0.560,-1,-1,-1
470,69,1498.64,298.10,46.28,85.20,0.484,-1,-1,-1
471,2,1210.16,295.11,86.76,257.25,0.724,-1,-1,-1
471,7,811.88,320.49,54.34,161.02,0.867,-1,-1,-1
471,25,301.13,253.70,203.26,472.88,0.902,-1,-1,-1
471,31,613.95,336.16,41.77,92.94,0.834,-1,-1,-1
471,37,1143.34,333.51,46.24,138.02,0.838,-1,-1,-1
471,42,923.05,336.09,44.24,142.19,0.798,-1,-1,-1
471,56,1096.55,338.70,29.77,79.91,0.665,-1,-1,-1
471,57,702.10,348.80,22.59,59.67,0.552,-1,-1,-1
471,60,884.92,353.70,40.23,83.45,0.573,-1,-1,-1
471,61,975.10,334.64,27.06,71.24,0.762,-1,-1,-1
471,64,1022.43,345.63,21.90,48.21,0.586,-1,-1,-1
471,66,-16.18,336.95,59.64,153.36,0.705,-1,-1,-1
471,67,1198.56,305.10,48.52,230.74,0.714,-1,-1,-1
471,68,681.76,348.03,20.75,59.74,0.665,-1,-1,-1
471,69,1500.17,298.79,44.90,82.60,0.540,-1,-1,-1
472,2,1213.76,294.76,87.98,260.23,0.738,-1,-1,-1
472,7,809.56,321.49,54.60,161.36,0.869,-1,-1,-1
472,25,293.49,255.48,201.36,477.44,0.915,-1,-1,-1
472,31,612.51,336.64,42.21,94.64,0.839,-1,-1,-1
472,37,1140.75,334.45,46.75,138.54,0.839,-1,-1,-1
472,42,921.23,336.27,44.54,143.63,0.792,-1,-1,-1
472,56,1095.81,340.13,30.00,80.83,0.677,-1,-1,-1
472,57,700.81,352.16,21.59,57.06,0.505,-1,-1,-1
472,60,883.43,355.47,40.10,82.79,0.638,-1,-1,-1
472,61,973.64,335.18,27.42,71.63,0.787,-1,-1,-1
472,64,1021.62,346.98,21.76,48.16,0.444,-1,-1,-1
472,66,-18.88,339.22,57.48,152.64,0.693,-1,-1,-1
472,67,1197.53,307.09,48.88,230.88,0.758,-1,-1,-1
472,68,679.73,348.45,20.93,60.05,0.618,-1,-1,-1
472,69,1500.35,300.24,44.57,82.03,0.517,-1,-1,-1
473,2,1210.84,295.25,88.40,261.82,0.741,-1,-1,-1
473,7,803.35,321.82,54.92,161.50,0.861,-1,-1,-1
473,25,281.36,255.22,198.17,477.36,0.930,-1,-1,-1
473,31,607.24,335.60,42.53,96.19,0.808,-1,-1,-1
473,37,1135.52,335.77,47.38,138.61,0.839,-1,-1,-1
473,42,916.21,336.94,44.55,144.17,0.798,-1,-1,-1
473,56,1092.20,340.75,29.51,79.92,0.657,-1,-1,-1
473,57,696.05,350.53,22.08,58.16,0.471,-1,-1,-1
473,60,878.46,354.96,40.76,83.95,0.537,-1,-1,-1
473,61,969.07,335.46,27.68,72.00,0.782,-1,-1,-1
473,64,1017.64,347.09,21.91,48.65,0.520,-1,-1,-1
473,67,1194.54,308.08,49.55,232.45,0.716,-1,-1,-1
473,68,674.60,348.99,20.67,58.76,0.666,-1,-1,-1
473,69,1497.37,301.98,45.35,83.58,0.460,-1,-1,-1
474,2,1212.23,294.28,88.55,263.32,0.753,-1,-1,-1
474,7,800.42,321.18,55.40,162.05,0.882,-1,-1,-1
474,25,274.63,254.48,195.70,477.11,0.912,-1,-1,-1
474,31,605.97,334.61,42.74,97.53,0.817,-1,-1,-1
474,37,1132.91,336.19,47.65,137.89,0.829,-1,-1,-1
474,42,914.63,335.54,44.95,145.86,0.808,-1,-1,-1
474,56,1091.17,340.33,29.31,79.70,0.694,-1,-1,-1
474,57,695.02,349.22,22.45,59.02,0.546,-1,-1,-1
474,60,876.83,353.77,41.14,84.71,0.598,-1,-1,-1
474,61,968.36,335.21,27.65,72.01,0.775,-1,-1,-1
474,64,1016.76,347.20,21.53,47.94,0.588,-1,-1,-1
474,67,1193.11,307.59,50.00,234.18,0.749,-1,-1,-1
474,68,672.93,347.16,21.31,60.23,0.701,-1,-1,-1
474,69,1497.39,301.46,44.83,82.63,0.466,-1,-1,-1
475,2,1213.32,294.39,88.89,264.32,0.743,-1,-1,-1
475,7,798.67,321.33,55.40,162.18,0.812,-1,-1,-1
475,25,270.17,254.84,193.85,476.20,0.901,-1,-1,-1
475,31,605.70,335.40,42.60,97.79,0.795,-1,-1,-1
475,37,1131.11,337.55,47.82,137.36,0.812,-1,-1,-1
475,42,914.49,336.36,44.66,145.35,0.789,-1,-1,-1
475,56,1091.28,340.76,29.23,79.71,0.644,-1,-1,-1
475,57,694.41,348.70,23.10,60.50,0.472,-1,-1,-1
475,60,875.35,354.88,40.97,84.33,0.537,-1,-1,-1
475,61,968.40,336.51,27.42,71.38,0.747,-1,-1,-1
475,64,1017.04,348.79,21.06,46.78,0.413,-1,-1,-1
475,67,1192.54,308.15,50.38,235.50,0.732,-1,-1,-1
475,68,671.76,347.08,21.73,61.00,0.653,-1,-1,-1
475,69,1498.08,302.27,44.58,82.12,0.490,-1,-1,-1
476,2,1214.56,293.38,89.31,265.52,0.764,-1,-1,-1
476,7,796.64,321.43,55.30,161.32,0.852,-1,-1,-1
476,25,265.44,253.46,194.49,479.55,0.905,-1,-1,-1
476,31,604.81,335.26,45.07,104.52,0.782,-1,-1,-1
476,37,1130.23,337.68,48.38,137.01,0.836,-1,-1,-1
476,42,914.04,335.43,44.76,146.03,0.804,-1,-1,-1
476,56,1091.48,340.53,29.75,81.56,0.700,-1,-1,-1
476,57,693.44,349.23,22.59,59.35,0.534,-1,-1,-1
476,60,875.47,355.06,40.67,83.55,0.532,-1,-1,-1
476,61,968.31,335.78,27.53,71.86,0.780,-1,-1,-1
476,64,1017.18,348.38,20.88,46.47,0.387,-1,-1,-1
476,67,1192.93,307.60,50.66,236.40,0.760,-1,-1,-1
476,68,671.49,346.06,21.77,60.82,0.744,-1,-1,-1
476,69,1499.11,303.39,43.63,80.06,0.595,-1,-1,-1
477,2,1213.80,292.43,89.79,267.48,0.756,-1,-1,-1
477,7,794.57,322.36,55.40,161.03,0.849,-1,-1,-1
477,25,260.11,253.18,195.80,483.11,0.915,-1,-1,-1
477,31,604.92,336.46,45.65,106.32,0.811,-1,-1,-1
477,37,1128.24,338.60,49.03,136.48,0.843,-1,-1,-1
477,42,913.76,339.94,43.49,141.89,0.762,-1,-1,-1
477,56,1091.21,340.90,29.32,80.74,0.660,-1,-1,-1
477,57,691.71,350.32,22.40,58.93,0.578,-1,-1,-1
477,60,875.04,356.04,40.57,83.15,0.372,-1,-1,-1
477,61,967.76,336.65,27.17,71.21,0.780,-1,-1,-1
477,64,1016.39,350.30,20.32,45.20,0.451,-1,-1,-1
477,67,1193.17,306.84,51.03,237.52,0.723,-1,-1,-1
477,68,670.17,346.48,21.93,61.06,0.726,-1,-1,-1
477,69,1498.99,303.82,43.52,79.69,0.523,-1,-1,-1
478,2,1214.51,294.26,89.96,268.36,0.765,-1,-1,-1
478,7,791.76,325.62,55.59,160.99,0.856,-1,-1,-1
478,25,257.77,256.33,200.02,486.01,0.918,-1,-1,-1
478,31,604.61,340.75,45.75,107.25,0.792,-1,-1,-1
478,37,1125.01,341.71,49.54,136.11,0.831,-1,-1,-1
478,42,912.42,345.13,42.62,138.95,0.748,-1,-1,-1
478,56,1090.53,343.41,29.86,82.99,0.634,-1,-1,-1
478,57,690.34,354.42,22.22,58.35,0.534,-1,-1,-1
478,60,873.65,359.95,40.43,82.75,0.449,-1,-1,-1
478,61,967.21,340.41,26.39,69.70,0.751,-1,-1,-1
478,64,1015.58,353.10,20.56,45.71,0.341,-1,-1,-1
478,67,1193.54,308.99,51.40,238.32,0.702,-1,-1,-1
478,68,669.01,348.89,22.26,61.99,0.679,-1,-1,-1
478,69,1499.72,305.54,43.89,80.28,0.545,-1,-1,-1
479,2,1216.67,294.89,90.20,269.43,0.646,-1,-1,-1
479,7,793.00,327.28,51.47,147.69,0.382,-1,-1,-1
479,25,257.13,260.09,201.59,481.92,0.904,-1,-1,-1
479,31,605.00,343.19,43.12,100.90,0.496,-1,-1,-1
479,37,1123.51,343.44,48.96,134.98,0.684,-1,-1,-1
479,42,911.63,346.22,42.31,138.09,0.357,-1,-1,-1
479,56,1093.29,343.19,29.94,83.40,-1.000,-1,-1,-1
479,57,689.85,355.53,23.01,60.66,-1.000,-1,-1,-1
479,60,869.01,350.87,45.75,93.62,0.293,-1,-1,-1
479,61,968.02,344.79,24.57,65.30,0.379,-1,-1,-1
479,64,1017.96,352.91,20.68,45.99,-1.000,-1,-1,-1
479,67,1195.94,309.48,51.71,239.61,-1.000,-1,-1,-1
479,68,668.98,350.72,22.58,63.03,-1.000,-1,-1,-1
479,69,1503.40,304.48,44.10,80.68,-1.000,-1,-1,-1
480,2,1218.13,295.70,90.82,271.95,0.766,-1,-1,-1
480,7,791.79,329.33,53.83,155.08,0.808,-1,-1,-1
480,25,253.15,265.05,207.28,486.49,0.923,-1,-1,-1
480,31,606.73,346.52,43.74,103.47,0.803,-1,-1,-1
480,37,1121.60,344.55,50.09,137.81,0.807,-1,-1,-1
480,42,912.54,350.92,42.03,136.48,0.718,-1,-1,-1
480,56,1096.05,342.97,30.03,83.81,-1.000,-1,-1,-1
480,57,689.36,356.64,23.80,62.97,0.563,-1,-1,-1
480,60,867.85,345.56,49.02,101.14,0.208,-1,-1,-1
480,61,968.18,347.46,25.01,66.99,0.749,-1,-1,-1
480,64,1020.35,352.71,20.80,46.27,-1.000,-1,-1,-1
480,67,1198.35,309.97,52.02,240.90,-1.000,-1,-1,-1
480,68,668.95,352.54,22.89,64.06,0.661,-1,-1,-1
480,69,1507.07,303.41,44.31,81.07,-1.000,-1,-1,-1
481,2,1221.26,296.78,90.76,272.98,0.769,-1,-1,-1
481,7,794.51,329.79,55.08,158.87,0.838,-1,-1,-1
481,25,252.78,265.66,211.27,487.78,0.919,-1,-1,-1
481,31,610.80,347.29,43.72,104.42,0.783,-1,-1,-1
481,37,1123.68,344.53,50.56,137.45,0.787,-1,-1,-1
481,42,916.23,350.84,42.41,136.78,0.736,-1,-1,-1
481,56,1098.81,342.75,30.12,84.23,-1.000,-1,-1,-1
481,57,693.36,357.04,23.74,62.79,-1.000,-1,-1,-1
481,60,870.12,341.98,50.80,105.80,0.169,-1,-1,-1
481,61,971.61,347.56,25.15,67.45,0.722,-1,-1,-1
481,64,1022.74,352.51,20.92,46.54,-1.000,-1,-1,-1
481,67,1200.76,310.46,52.33,242.20,-1.000,-1,-1,-1
481,68,672.91,352.30,23.26,64.83,0.456,-1,-1,-1
481,69,1510.75,302.35,44.51,81.47,-1.000,-1,-1,-1
482,2,1226.15,296.86,90.60,272.88,0.675,-1,-1,-1
482,7,797.86,329.86,55.77,160.63,0.852,-1,-1,-1
482,25,252.38,269.43,214.96,488.71,0.923,-1,-1,-1
482,31,615.05,348.74,43.46,104.73,0.803,-1,-1,-1
482,37,1126.70,343.93,50.82,137.11,0.779,-1,-1,-1
482,42,918.53,350.23,42.76,137.66,0.692,-1,-1,-1
482,56,1101.57,342.53,30.21,84.64,-1.000,-1,-1,-1
482,57,697.36,357.44,23.69,62.61,-1.000,-1,-1,-1
482,60,875.07,351.84,46.36,96.99,0.543,-1,-1,-1
482,61,975.15,347.08,25.18,67.80,0.726,-1,-1,-1
482,64,1025.13,352.32,21.04,46.82,-1.000,-1,-1,-1
482,67,1203.17,310.96,52.65,243.49,0.549,-1,-1,-1
482,68,676.75,352.80,22.69,63.02,0.547,-1,-1,-1
482,69,1514.42,301.29,44.72,81.86,-1.000,-1,-1,-1
483,2,1230.53,296.57,91.01,275.48,0.686,-1,-1,-1
483,7,801.07,329.64,55.48,160.04,0.867,-1,-1,-1
483,25,249.44,275.68,217.55,487.80,0.917,-1,-1,-1
483,31,619.95,348.44,43.99,107.00,0.814,-1,-1,-1
483,37,1129.92,343.60,51.38,137.47,0.831,-1,-1,-1
483,42,920.63,347.83,43.49,140.40,0.728,-1,-1,-1
483,56,1104.33,342.31,30.30,85.05,-1.000,-1,-1,-1
483,57,701.36,357.84,23.63,62.43,0.510,-1,-1,-1
483,60,881.46,358.77,42.86,89.86,0.582,-1,-1,-1
483,61,979.10,346.74,25.13,67.99,0.759,-1,-1,-1
483,64,1027.51,352.12,21.16,47.10,-1.000,-1,-1,-1
483,67,1209.75,310.53,53.35,245.22,0.666,-1,-1,-1
483,68,681.04,353.28,22.79,63.33,0.426,-1,-1,-1
483,69,1518.09,300.22,44.92,82.25,-1.000,-1,-1,-1
483,70,378.82,336.88,68.19,114.90,0.648,-1,-1,-1
484,2,1236.67,294.01,91.28,277.73,0.702,-1,-1,-1
484,7,804.92,327.11,55.68,160.81,0.844,-1,-1,-1
484,25,248.72,278.92,220.80,489.07,0.920,-1,-1,-1
484,31,624.88,345.59,44.27,108.56,0.806,-1,-1,-1
484,37,1133.52,341.30,51.86,137.79,0.832,-1,-1,-1
484,42,922.78,340.31,45.29,146.25,0.742,-1,-1,-1
484,56,1107.09,342.09,30.39,85.46,-1.000,-1,-1,-1
484,57,706.46,354.68,23.75,62.55,0.515,-1,-1,-1
484,60,886.76,359.94,41.41,87.25,0.533,-1,-1,-1
484,61,984.05,343.64,25.28,68.75,0.760,-1,-1,-1
484,64,1029.90,351.92,21.28,47.38,-1.000,-1,-1,-1
484,67,1216.03,307.63,53.87,246.80,0.682,-1,-1,-1
484,68,686.53,351.92,23.01,63.84,0.594,-1,-1,-1
484,69,1521.77,299.16,45.13,82.65,-1.000,-1,-1,-1
484,70,380.64,335.46,68.58,115.58,0.546,-1,-1,-1
485,2,1240.80,293.08,91.47,279.05,0.733,-1,-1,-1
485,7,806.31,325.68,56.29,162.84,0.857,-1,-1,-1
485,25,245.91,280.77,224.02,491.09,0.917,-1,-1,-1
485,31,627.67,343.37,44.63,110.66,0.803,-1,-1,-1
485,37,1135.35,340.49,52.35,138.16,0.840,-1,-1,-1
485,42,923.40,337.47,46.19,148.80,0.791,-1,-1,-1
485,56,1109.85,341.87,30.48,85.87,-1.000,-1,-1,-1
485,57,708.96,353.54,23.87,62.69,0.582,-1,-1,-1
485,60,888.69,361.81,40.31,84.95,0.606,-1,-1,-1
485,61,985.86,342.37,25.77,70.12,0.767,-1,-1,-1
485,64,1032.29,351.72,21.40,47.66,-1.000,-1,-1,-1
485,67,1218.94,306.15,54.35,248.70,0.663,-1,-1,-1
485,68,688.78,351.23,22.98,64.04,0.632,-1,-1,-1
485,69,1525.44,298.10,45.33,83.04,-1.000,-1,-1,-1
485,70,368.17,335.12,90.40,153.01,0.561,-1,-1,-1
486,2,1243.78,292.40,91.73,279.26,0.742,-1,-1,-1
486,7,806.33,324.54,56.32,163.61,0.867,-1,-1,-1
486,25,241.55,283.44,226.14,491.04,0.920,-1,-1,-1
486,31,629.06,341.29,44.64,111.50,0.821,-1,-1,-1
486,37,1134.26,339.75,52.64,137.88,0.846,-1,-1,-1
486,42,920.57,334.76,46.73,150.16,0.826,-1,-1,-1
486,56,1112.61,341.65,30.57,86.28,0.589,-1,-1,-1
486,57,709.15,354.60,22.90,60.37,0.505,-1,-1,-1
486,60,888.12,361.93,39.70,83.73,0.506,-1,-1,-1
486,61,985.88,339.75,25.96,71.10,0.775,-1,-1,-1
486,64,1034.68,351.53,21.51,47.94,0.548,-1,-1,-1
486,67,1220.17,304.91,54.66,249.41,0.643,-1,-1,-1
486,68,688.99,351.49,22.44,62.81,0.640,-1,-1,-1
486,69,1529.12,297.03,45.54,83.43,-1.000,-1,-1,-1
486,70,360.69,333.93,100.64,171.41,0.632,-1,-1,-1
487,2,1248.45,288.07,93.25,281.39,0.769,-1,-1,-1
487,7,807.69,321.29,56.06,163.73,0.864,-1,-1,-1
487,25,238.89,284.72,227.23,488.49,0.919,-1,-1,-1
487,31,630.09,336.51,44.75,112.47,0.806,-1,-1,-1
487,37,1135.20,336.91,52.78,137.85,0.853,-1,-1,-1
487,42,921.13,331.59,47.44,150.28,0.808,-1,-1,-1
487,56,1114.24,337.68,29.77,84.73,0.554,-1,-1,-1
487,57,710.93,351.90,22.55,59.38,0.492,-1,-1,-1
487,60,888.94,358.49,39.62,83.44,0.352,-1,-1,-1
487,61,986.99,336.43,25.84,70.81,0.746,-1,-1,-1
487,64,1036.01,347.53,21.45,47.89,0.682,-1,-1,-1
487,67,1221.09,302.13,54.84,250.33,0.642,-1,-1,-1
487,68,690.56,349.06,22.00,61.49,0.639,-1,-1,-1
487,69,1532.79,295.97,45.75,83.83,-1.000,-1,-1,-1
487,70,355.14,331.03,106.48,182.94,0.619,-1,-1,-1
487,71,1008.85,343.17,15.80,54.23,0.585,-1,-1,-1
488,2,1250.17,285.13,93.90,284.39,0.751,-1,-1,-1
488,7,810.33,320.45,55.78,163.34,0.855,-1,-1,-1
488,25,232.71,287.05,231.14,493.04,0.924,-1,-1,-1
488,31,634.90,334.87,44.40,112.43,0.811,-1,-1,-1
488,37,1138.58,335.36,52.61,137.10,0.839,-1,-1,-1
488,42,922.70,330.16,47.79,150.37,0.811,-1,-1,-1
488,56,1117.92,335.14,30.07,85.54,0.581,-1,-1,-1
488,57,713.61,349.37,23.14,60.77,0.587,-1,-1,-1
488,60,890.90,355.20,39.95,84.47,0.286,-1,-1,-1
488,61,990.06,336.22,25.18,69.06,0.766,-1,-1,-1
488,64,1039.12,345.61,21.29,47.59,0.607,-1,-1,-1
488,67,1225.86,299.11,55.54,252.39,0.551,-1,-1,-1
488,68,693.65,347.31,21.89,61.11,0.659,-1,-1,-1
488,69,1536.47,294.91,45.95,84.22,-1.000,-1,-1,-1
488,70,350.30,330.44,115.52,200.12,0.550,-1,-1,-1
488,71,1012.31,342.39,15.46,53.00,0.622,-1,-1,-1
489,2,1250.81,284.05,93.47,284.39,0.678,-1,-1,-1
489,7,812.23,319.73,54.94,161.05,0.845,-1,-1,-1
489,25,227.75,287.24,233.52,494.49,0.924,-1,-1,-1
489,31,637.93,334.39,43.71,111.20,0.817,-1,-1,-1
489,37,1140.26,334.88,52.37,136.37,0.817,-1,-1,-1
489,42,921.71,329.68,47.91,149.98,0.816,-1,-1,-1
489,56,1120.71,334.77,29.55,84.56,0.709,-1,-1,-1
489,57,715.44,348.94,22.72,59.93,0.531,-1,-1,-1
489,60,891.50,352.59,40.68,86.42,0.158,-1,-1,-1
489,61,990.90,335.64,25.29,69.58,0.762,-1,-1,-1
489,64,1040.39,343.98,21.53,48.33,0.503,-1,-1,-1
489,67,1228.74,297.59,55.93,254.13,0.633,-1,-1,-1
489,68,695.44,346.02,21.80,61.02,0.691,-1,-1,-1
489,69,1540.14,293.84,46.16,84.61,-1.000,-1,-1,-1
489,70,345.38,329.04,121.67,213.22,0.582,-1,-1,-1
489,71,1014.16,341.28,15.37,52.62,0.632,-1,-1,-1
490,2,1253.69,283.18,93.25,285.19,0.705,-1,-1,-1
490,7,815.06,318.97,55.03,161.63,0.858,-1,-1,-1
490,25,224.19,288.36,235.76,495.85,0.925,-1,-1,-1
490,31,641.08,335.09,43.15,110.18,0.819,-1,-1,-1
490,37,1143.49,334.11,52.43,136.44,0.805,-1,-1,-1
490,42,922.61,330.22,47.91,148.72,0.805,-1,-1,-1
490,56,1123.94,334.60,29.63,85.38,0.643,-1,-1,-1
490,57,717.82,348.90,22.63,59.88,0.476,-1,-1,-1
490,60,892.56,348.36,42.38,90.64,0.255,-1,-1,-1
490,61,992.99,334.86,25.34,69.88,0.780,-1,-1,-1
490,64,1042.64,343.78,21.63,48.44,0.616,-1,-1,-1
490,67,1232.80,296.89,56.17,255.05,0.620,-1,-1,-1
490,68,698.72,346.43,21.76,61.02,0.667,-1,-1,-1
490,69,1543.81,292.78,46.36,85.01,-1.000,-1,-1,-1
490,70,342.90,328.91,128.25,228.20,0.664,-1,-1,-1
490,71,1016.41,340.50,15.82,54.10,0.581,-1,-1,-1
491,2,1256.43,282.47,94.01,288.48,0.758,-1,-1,-1
491,7,816.33,320.26,54.98,161.83,0.858,-1,-1,-1
491,25,220.23,289.55,238.48,498.54,0.918,-1,-1,-1
491,31,642.59,336.50,42.86,109.99,0.807,-1,-1,-1
491,37,1144.81,333.87,52.61,136.61,0.810,-1,-1,-1
491,42,922.26,330.42,48.31,149.10,0.828,-1,-1,-1
491,56,1125.38,335.37,29.51,85.87,0.717,-1,-1,-1
491,57,719.24,349.20,22.56,59.85,0.472,-1,-1,-1
491,61,993.95,334.19,25.74,71.03,0.795,-1,-1,-1
491,64,1043.81,344.41,21.54,48.15,0.642,-1,-1,-1
491,67,1236.95,297.06,56.52,255.30,0.796,-1,-1,-1
491,68,700.51,346.66,21.62,60.93,0.683,-1,-1,-1
491,69,1547.49,291.72,46.57,85.40,0.627,-1,-1,-1
491,70,340.11,329.16,130.43,235.86,0.655,-1,-1,-1
491,71,1018.26,340.90,15.81,53.96,0.678,-1,-1,-1
492,2,1259.19,283.05,95.21,291.52,0.794,-1,-1,-1
492,7,818.67,321.16,55.18,163.00,0.859,-1,-1,-1
492,25,216.15,289.81,241.66,502.13,0.920,-1,-1,-1
492,31,644.82,338.68,42.73,110.48,0.793,-1,-1,-1
492,37,1147.06,334.62,52.37,135.98,0.818,-1,-1,-1
492,42,923.08,330.94,48.47,148.55,0.815,-1,-1,-1
492,56,1127.63,336.71,29.76,87.45,0.755,-1,-1,-1
492,57,721.49,350.25,22.69,60.11,0.523,-1,-1,-1
492,61,995.49,335.18,25.87,71.29,0.797,-1,-1,-1
492,64,1045.61,345.33,21.70,48.60,0.547,-1,-1,-1
492,67,1239.89,297.84,56.52,256.06,0.813,-1,-1,-1
492,68,702.65,347.26,21.70,61.46,0.667,-1,-1,-1
492,69,1551.68,292.85,46.52,85.30,0.423,-1,-1,-1
492,70,337.08,330.43,131.67,243.29,0.708,-1,-1,-1
492,71,1020.87,342.17,15.86,54.00,0.671,-1,-1,-1
493,2,1268.35,283.90,96.65,294.11,0.784,-1,-1,-1
493,7,822.38,323.22,55.13,163.26,0.864,-1,-1,-1
493,25,208.40,291.06,246.65,508.71,0.930,-1,-1,-1
493,31,649.57,342.09,42.23,109.95,0.814,-1,-1,-1
493,37,1150.40,336.58,52.36,135.97,0.815,-1,-1,-1
493,42,926.50,336.15,48.00,145.68,0.690,-1,-1,-1
493,56,1131.85,338.95,29.87,88.17,0.549,-1,-1,-1
493,57,725.78,352.84,22.90,60.59,0.317,-1,-1,-1
493,61,999.12,337.80,25.76,70.63,0.773,-1,-1,-1
493,64,1050.02,348.82,21.72,48.71,0.594,-1,-1,-1
493,67,1245.25,299.78,57.23,259.68,0.661,-1,-1,-1
493,68,706.84,349.42,21.82,62.00,0.605,-1,-1,-1
493,69,1555.98,294.28,46.71,85.60,-1.000,-1,-1,-1
493,70,335.28,332.29,132.85,251.48,0.737,-1,-1,-1
493,71,1025.37,344.93,15.76,53.47,0.706,-1,-1,-1
494,2,1272.06,284.59,97.88,295.88,0.813,-1,-1,-1
494,7,822.24,324.89,54.55,161.51,0.861,-1,-1,-1
494,25,201.14,291.53,249.66,511.97,0.925,-1,-1,-1
494,31,651.64,342.37,42.04,110.11,0.777,-1,-1,-1
494,37,1151.08,337.44,52.66,136.66,0.795,-1,-1,-1
494,42,927.55,339.60,47.69,142.98,0.679,-1,-1,-1
494,56,1133.95,340.02,29.04,85.23,0.334,-1,-1,-1
494,57,727.35,352.49,23.61,62.44,0.166,-1,-1,-1
494,61,1000.48,340.86,25.48,70.07,0.682,-1,-1,-1
494,64,1051.17,350.27,22.26,49.77,0.490,-1,-1,-1
494,67,1248.90,300.91,57.72,260.49,0.670,-1,-1,-1
494,68,707.73,349.65,22.64,64.11,0.526,-1,-1,-1
494,69,1560.28,295.71,46.89,85.90,-1.000,-1,-1,-1
494,70,330.03,332.96,133.25,255.93,0.605,-1,-1,-1
494,71,1026.36,346.58,15.82,53.50,0.326,-1,-1,-1
495,2,1275.16,287.24,98.12,296.97,0.698,-1,-1,-1
495,7,824.68,325.99,54.55,161.91,0.869,-1,-1,-1
495,25,195.53,292.09,252.80,515.16,0.928,-1,-1,-1
495,31,654.66,344.16,41.90,110.10,0.826,-1,-1,-1
495,37,1152.53,339.10,53.39,138.05,0.841,-1,-1,-1
495,42,930.79,349.02,45.76,135.45,0.743,-1,-1,-1
495,56,1136.58,341.94,29.74,87.78,0.497,-1,-1,-1
495,57,730.06,353.87,23.65,62.50,0.472,-1,-1,-1
495,61,1002.92,341.44,26.16,71.74,0.764,-1,-1,-1
495,64,1054.01,353.10,21.79,48.51,0.609,-1,-1,-1
495,67,1252.92,302.59,58.13,261.90,0.689,-1,-1,-1
495,68,709.94,350.90,22.77,64.84,0.677,-1,-1,-1
495,69,1564.57,297.14,47.08,86.20,-1.000,-1,-1,-1
495,70,331.67,334.11,130.20,256.31,0.747,-1,-1,-1
495,71,1029.38,348.31,15.90,53.54,0.626,-1,-1,-1
496,2,1277.13,285.64,97.95,297.80,0.685,-1,-1,-1
496,7,825.87,323.19,54.87,162.70,0.858,-1,-1,-1
496,25,188.81,289.67,256.82,520.46,0.930,-1,-1,-1
496,31,656.01,341.23,41.80,109.76,0.816,-1,-1,-1
496,37,1153.62,337.33,53.43,137.96,0.829,-1,-1,-1
496,42,930.21,342.23,47.66,140.44,0.680,-1,-1,-1
496,56,1138.15,339.40,30.02,89.10,0.342,-1,-1,-1
496,57,730.97,347.08,25.73,68.12,0.450,-1,-1,-1
496,61,1003.96,339.50,26.27,71.75,0.770,-1,-1,-1
496,64,1054.55,348.79,23.01,51.53,0.604,-1,-1,-1
496,67,1255.34,300.31,58.61,262.77,0.699,-1,-1,-1
496,68,711.13,349.78,22.68,64.57,0.583,-1,-1,-1
496,69,1568.87,298.57,47.26,86.50,-1.000,-1,-1,-1
496,70,331.92,332.56,127.92,257.89,0.750,-1,-1,-1
496,71,1031.19,345.75,16.25,54.43,0.668,-1,-1,-1
496,72,628.52,347.06,29.36,72.71,0.610,-1,-1,-1
497,2,1279.39,288.73,98.19,299.78,0.735,-1,-1,-1
497,7,825.10,325.83,55.25,163.95,0.871,-1,-1,-1
497,25,180.86,291.64,261.49,527.36,0.924,-1,-1,-1
497,31,656.59,343.87,41.49,109.50,0.834,-1,-1,-1
497,37,1152.92,340.66,53.48,137.39,0.821,-1,-1,-1
497,42,928.48,346.41,46.84,138.75,0.672,-1,-1,-1
497,56,1138.62,341.59,29.84,88.84,0.532,-1,-1,-1
497,57,730.91,351.66,24.91,65.72,0.492,-1,-1,-1
497,61,1003.88,340.85,26.78,73.12,0.756,-1,-1,-1
497,64,1054.02,350.15,23.50,52.87,0.512,-1,-1,-1
497,67,1256.00,302.93,59.01,264.44,0.787,-1,-1,-1
497,68,710.45,351.75,22.79,64.94,0.649,-1,-1,-1
497,69,1573.17,300.00,47.45,86.80,-1.000,-1,-1,-1
497,70,330.75,335.03,125.15,258.80,0.805,-1,-1,-1
497,71,1031.13,348.00,16.43,54.71,0.601,-1,-1,-1
497,72,626.92,349.71,29.33,72.61,0.629,-1,-1,-1
498,2,1289.61,286.58,100.21,303.01,0.798,-1,-1,-1
498,7,827.09,323.53,55.71,164.51,0.875,-1,-1,-1
498,25,171.67,288.69,266.29,534.49,0.928,-1,-1,-1
498,31,661.95,340.64,41.32,109.82,0.835,-1,-1,-1
498,37,1156.07,340.49,53.76,137.67,0.804,-1,-1,-1
498,42,928.10,341.41,47.99,142.84,0.659,-1,-1,-1
498,56,1142.86,339.54,30.20,90.85,0.380,-1,-1,-1
498,57,734.36,346.58,25.83,67.94,0.276,-1,-1,-1
498,61,1006.75,338.95,27.25,73.84,0.756,-1,-1,-1
498,64,1058.72,349.42,23.17,51.94,0.146,-1,-1,-1
498,67,1261.58,301.95,59.57,266.20,0.713,-1,-1,-1
498,68,713.93,349.99,22.99,65.04,0.642,-1,-1,-1
498,69,1577.47,301.43,47.63,87.11,0.518,-1,-1,-1
498,70,328.44,332.21,126.05,267.09,0.782,-1,-1,-1
498,71,1035.46,345.95,16.68,55.11,0.523,-1,-1,-1
498,72,629.28,346.84,29.32,72.64,0.303,-1,-1,-1
499,2,1292.93,285.63,101.75,304.72,0.816,-1,-1,-1
499,7,825.36,322.70,56.06,164.99,0.891,-1,-1,-1
499,25,161.94,287.92,269.98,539.23,0.933,-1,-1,-1
499,31,662.55,339.48,41.22,110.50,0.831,-1,-1,-1
499,37,1155.12,340.66,53.74,136.93,0.800,-1,-1,-1
499,42,924.97,337.29,48.76,146.57,0.651,-1,-1,-1
499,56,1143.23,338.62,30.15,91.86,0.350,-1,-1,-1
499,57,734.42,349.92,24.08,62.91,0.449,-1,-1,-1
499,61,1006.58,337.42,27.37,73.75,0.788,-1,-1,-1
499,64,1058.87,349.72,22.78,50.97,0.296,-1,-1,-1
499,67,1262.89,301.47,59.90,266.37,0.777,-1,-1,-1
499,68,713.46,348.86,23.12,65.02,0.621,-1,-1,-1
499,69,1579.43,300.22,47.43,86.55,0.550,-1,-1,-1
499,70,326.03,331.01,123.18,266.77,0.786,-1,-1,-1
499,71,1035.84,345.55,16.63,54.56,0.607,-1,-1,-1
499,72,627.13,345.34,29.24,72.47,0.626,-1,-1,-1
500,2,1295.32,283.92,102.77,305.03,0.810,-1,-1,-1
500,7,824.33,320.97,56.11,164.42,0.879,-1,-1,-1
500,25,152.38,286.44,272.88,541.72,0.933,-1,-1,-1
500,31,662.78,337.25,41.28,111.22,0.834,-1,-1,-1
500,37,1153.50,338.60,54.05,137.47,0.809,-1,-1,-1
500,42,921.82,333.03,48.99,148.74,0.692,-1,-1,-1
500,56,1143.03,337.13,28.96,88.41,0.272,-1,-1,-1
500,57,734.45,349.29,23.66,61.58,0.107,-1,-1,-1
500,61,1006.44,336.02,27.24,72.81,0.790,-1,-1,-1
500,64,1058.30,347.63,23.06,51.81,0.347,-1,-1,-1
500,67,1264.50,300.27,59.97,266.69,0.792,-1,-1,-1
500,68,712.84,346.71,23.13,64.83,0.636,-1,-1,-1
500,69,1580.54,298.63,47.91,87.53,0.535,-1,-1,-1
500,70,322.82,328.83,122.34,269.03,0.689,-1,-1,-1
500,71,1035.95,344.59,16.63,54.14,0.571,-1,-1,-1
500,72,625.29,342.88,29.64,73.44,0.500,-1,-1,-1
501,2,1297.62,280.45,103.86,306.99,0.763,-1,-1,-1
501,7,824.30,318.00,56.42,164.46,0.886,-1,-1,-1
501,25,144.62,281.61,276.77,546.43,0.931,-1,-1,-1
501,31,664.89,333.83,40.93,110.99,0.829,-1,-1,-1
501,37,1153.80,336.00,53.96,136.84,0.804,-1,-1,-1
501,42,920.27,329.83,48.91,149.40,0.666,-1,-1,-1
501,56,1144.93,334.55,29.18,90.18,0.411,-1,-1,-1
501,57,734.92,346.89,23.44,60.88,0.543,-1,-1,-1
501,61,1007.87,332.63,27.80,74.03,0.791,-1,-1,-1
501,64,1060.17,344.73,22.49,50.58,0.654,-1,-1,-1
501,67,1268.25,296.77,60.76,268.36,0.798,-1,-1,-1
501,68,714.02,343.61,22.99,64.05,0.660,-1,-1,-1
501,69,1583.78,295.64,47.46,86.52,0.304,-1,-1,-1
501,70,324.01,325.38,118.64,265.37,0.703,-1,-1,-1
501,71,1038.22,341.43,16.60,53.61,0.674,-1,-1,-1
501,72,625.98,338.89,29.75,73.89,0.657,-1,-1,-1
502,2,1295.36,278.64,103.41,307.80,0.779,-1,-1,-1
502,7,824.20,317.63,56.45,163.73,0.872,-1,-1,-1
502,25,134.35,279.40,281.21,551.74,0.936,-1,-1,-1
502,31,666.02,332.74,40.83,111.03,0.829,-1,-1,-1
502,37,1152.90,334.29,54.30,137.10,0.812,-1,-1,-1
502,42,919.00,329.31,48.62,149.51,0.707,-1,-1,-1
502,56,1145.58,333.90,29.17,90.63,0.200,-1,-1,-1
502,57,733.85,346.53,23.15,60.39,0.598,-1,-1,-1
502,61,1008.28,331.19,28.05,74.45,0.764,-1,-1,-1
502,64,1061.39,344.69,21.82,48.97,0.655,-1,-1,-1
502,67,1270.36,295.11,61.50,269.95,0.771,-1,-1,-1
502,68,714.16,342.99,22.98,63.62,0.655,-1,-1,-1
502,69,1585.34,293.32,47.72,86.86,0.307,-1,-1,-1
502,70,326.45,324.00,115.14,263.67,0.725,-1,-1,-1
502,71,1038.91,340.16,16.64,53.28,0.694,-1,-1,-1
502,72,625.58,337.95,29.50,73.41,0.608,-1,-1,-1
503,2,1295.58,275.98,103.40,309.82,0.714,-1,-1,-1
503,7,823.07,316.23,56.71,163.59,0.881,-1,-1,-1
503,25,118.19,275.56,287.58,560.42,0.933,-1,-1,-1
503,31,669.51,331.71,41.06,110.58,0.838,-1,-1,-1
503,37,1151.41,331.97,54.07,135.95,0.825,-1,-1,-1
503,42,918.11,327.76,48.82,149.86,0.758,-1,-1,-1
503,56,1146.77,332.58,27.82,86.47,0.138,-1,-1,-1
503,57,734.59,345.08,23.10,60.11,0.397,-1,-1,-1
503,61,1009.40,330.46,27.61,72.89,0.787,-1,-1,-1
503,64,1062.88,343.60,21.54,48.31,0.506,-1,-1,-1
503,67,1273.20,292.51,62.37,272.13,0.779,-1,-1,-1
503,68,714.34,340.34,22.91,63.39,0.632,-1,-1,-1
503,69,1588.54,291.17,48.19,87.86,0.354,-1,-1,-1
503,70,320.22,321.03,117.16,273.70,0.702,-1,-1,-1
503,71,1039.74,338.81,16.62,52.61,0.686,-1,-1,-1
503,72,623.23,334.01,30.29,75.49,0.532,-1,-1,-1
504,2,1299.97,274.58,103.62,310.03,0.730,-1,-1,-1
504,7,824.04,315.18,56.41,161.95,0.873,-1,-1,-1
504,25,108.11,272.16,292.53,566.52,0.936,-1,-1,-1
504,31,673.45,331.09,41.27,110.03,0.819,-1,-1,-1
504,37,1151.47,329.79,54.25,136.07,0.817,-1,-1,-1
504,42,918.58,324.58,49.50,152.11,0.774,-1,-1,-1
504,57,736.88,343.58,23.48,60.21,0.350,-1,-1,-1
504,61,1012.45,330.16,27.04,71.57,0.724,-1,-1,-1
504,64,1064.66,342.36,21.53,48.00,0.214,-1,-1,-1
504,67,1276.60,290.65,63.04,274.10,0.695,-1,-1,-1
504,68,716.73,337.85,23.05,63.50,0.534,-1,-1,-1
504,69,1592.09,289.44,49.01,89.30,0.109,-1,-1,-1
504,70,320.38,318.39,113.84,271.34,0.731,-1,-1,-1
504,71,1041.30,337.43,17.03,53.14,0.632,-1,-1,-1
504,72,624.42,333.16,30.09,75.09,0.555,-1,-1,-1
505,2,1298.68,274.44,103.96,312.96,0.731,-1,-1,-1
505,7,820.93,316.52,57.04,162.72,0.889,-1,-1,-1
505,25,96.49,271.18,298.10,575.01,0.931,-1,-1,-1
505,31,671.76,333.52,40.75,108.85,0.822,-1,-1,-1
505,37,1149.76,329.87,54.94,137.09,0.846,-1,-1,-1
505,42,915.99,326.73,49.53,151.42,0.833,-1,-1,-1
505,57,735.20,342.45,24.81,63.27,0.452,-1,-1,-1
505,61,1011.40,331.51,26.68,70.57,0.783,-1,-1,-1
505,64,1063.22,343.13,21.73,48.62,0.491,-1,-1,-1
505,67,1276.12,290.73,63.69,275.92,0.762,-1,-1,-1
505,68,714.94,338.86,22.77,62.74,0.541,-1,-1,-1
505,69,1591.68,288.85,49.57,90.71,0.588,-1,-1,-1
505,70,316.75,319.44,111.50,270.75,0.703,-1,-1,-1
505,71,1039.63,338.85,17.06,52.82,0.668,-1,-1,-1
505,72,620.83,335.40,29.85,74.64,0.618,-1,-1,-1
506,2,1300.43,272.65,104.43,316.49,0.808,-1,-1,-1
506,7,820.91,315.10,57.46,163.29,0.882,-1,-1,-1
506,25,88.28,266.71,301.36,579.23,0.931,-1,-1,-1
506,31,672.94,333.23,40.10,107.49,0.846,-1,-1,-1
506,37,1150.80,328.28,55.12,137.22,0.834,-1,-1,-1
506,42,915.29,324.84,49.85,152.03,0.835,-1,-1,-1
506,57,736.90,342.88,24.25,61.29,0.577,-1,-1,-1
506,61,1012.81,330.05,26.85,71.19,0.757,-1,-1,-1
506,64,1064.31,342.53,21.53,48.16,0.519,-1,-1,-1
506,67,1277.52,289.11,64.40,277.69,0.808,-1,-1,-1
506,68,716.13,337.08,22.60,61.91,0.675,-1,-1,-1
506,69,1594.15,288.18,49.46,90.55,0.418,-1,-1,-1
506,70,317.52,317.03,108.27,268.87,0.754,-1,-1,-1
506,71,1040.34,337.97,17.23,52.88,0.728,-1,-1,-1
506,72,620.19,333.38,29.90,74.93,0.533,-1,-1,-1
507,2,1306.09,272.50,104.40,315.56,0.695,-1,-1,-1
507,7,823.98,314.77,54.70,155.11,0.814,-1,-1,-1
507,25,79.15,264.71,305.17,585.87,0.933,-1,-1,-1
507,31,673.67,328.54,42.17,112.60,0.717,-1,-1,-1
507,37,1151.18,328.38,54.63,136.75,0.823,-1,-1,-1
507,42,915.09,323.35,47.27,143.10,0.248,-1,-1,-1
507,57,736.78,335.45,27.38,69.07,0.364,-1,-1,-1
507,61,1013.51,330.94,26.22,69.89,0.388,-1,-1,-1
507,64,1066.76,343.26,21.80,48.46,-1.000,-1,-1,-1
507,67,1279.68,288.18,64.63,279.15,0.274,-1,-1,-1
507,68,718.27,336.92,23.21,63.64,-1.000,-1,-1,-1
507,69,1599.88,286.02,49.50,90.60,-1.000,-1,-1,-1
507,70,313.04,317.00,107.24,268.84,0.535,-1,-1,-1
507,71,1042.19,337.43,17.68,54.13,-1.000,-1,-1,-1
508,2,1310.03,271.82,105.58,320.06,0.772,-1,-1,-1
508,7,825.68,313.44,56.73,160.95,0.853,-1,-1,-1
508,25,67.03,262.79,312.74,598.78,0.925,-1,-1,-1
508,31,677.52,331.48,41.22,110.24,0.830,-1,-1,-1
508,37,1154.39,330.06,54.72,137.01,0.825,-1,-1,-1
508,42,914.80,325.27,48.45,145.70,0.720,-1,-1,-1
508,57,738.69,329.17,30.37,77.09,0.570,-1,-1,-1
508,61,1017.86,333.23,25.70,68.91,0.751,-1,-1,-1
508,64,1069.21,343.99,22.07,48.77,0.531,-1,-1,-1
508,67,1283.83,289.30,65.04,279.74,0.732,-1,-1,-1
508,68,720.40,336.76,23.81,65.37,0.604,-1,-1,-1
508,69,1605.61,283.87,49.54,90.64,-1.000,-1,-1,-1
508,70,312.61,318.07,106.54,270.81,0.599,-1,-1,-1
508,71,1044.03,336.89,18.13,55.37,0.569,-1,-1,-1
509,2,1320.54,268.66,107.60,323.74,0.779,-1,-1,-1
509,7,830.38,310.09,57.96,164.01,0.868,-1,-1,-1
509,25,58.19,258.22,319.21,608.27,0.942,-1,-1,-1
509,31,683.55,328.64,41.18,109.88,0.816,-1,-1,-1
509,37,1159.28,328.13,54.62,136.50,0.815,-1,-1,-1
509,42,917.30,321.34,50.06,149.53,0.673,-1,-1,-1
509,57,743.05,321.63,32.18,82.05,0.304,-1,-1,-1
509,61,1023.39,330.04,25.85,69.53,0.688,-1,-1,-1
509,64,1075.48,341.14,22.26,48.95,0.403,-1,-1,-1
509,67,1291.02,286.27,65.70,281.14,0.706,-1,-1,-1
509,68,725.97,335.16,23.80,65.28,0.430,-1,-1,-1
509,69,1611.33,281.71,49.58,90.69,-1.000,-1,-1,-1
509,70,315.56,315.88,106.01,273.58,0.612,-1,-1,-1
509,71,1049.46,333.94,18.39,55.92,0.201,-1,-1,-1
510,2,1326.38,267.36,108.62,325.78,0.826,-1,-1,-1
510,7,832.60,308.50,57.64,163.35,0.872,-1,-1,-1
510,25,49.62,255.69,324.28,615.40,0.935,-1,-1,-1
510,31,687.74,327.93,40.52,108.44,0.823,-1,-1,-1
510,37,1162.00,326.93,54.78,136.88,0.861,-1,-1,-1
510,42,917.48,317.52,51.67,153.37,0.774,-1,-1,-1
510,57,748.41,329.39,28.77,73.37,0.604,-1,-1,-1
510,61,1025.88,327.01,26.66,71.81,0.760,-1,-1,-1
510,64,1078.11,339.44,22.04,48.62,0.642,-1,-1,-1
510,67,1296.58,284.16,66.82,284.32,0.818,-1,-1,-1
510,68,729.86,334.69,23.64,65.48,0.643,-1,-1,-1
510,69,1617.06,279.55,49.61,90.73,-1.000,-1,-1,-1
510,70,317.35,314.29,104.51,274.26,0.622,-1,-1,-1
510,71,1051.93,333.20,18.11,54.76,0.727,-1,-1,-1
511,2,1331.76,265.92,110.27,328.35,0.822,-1,-1,-1
511,7,834.15,307.77,57.41,163.58,0.857,-1,-1,-1
511,25,42.89,255.11,327.73,619.36,0.929,-1,-1,-1
511,31,691.50,327.15,40.22,108.10,0.832,-1,-1,-1
511,37,1164.98,325.72,55.07,137.87,0.847,-1,-1,-1
511,42,922.55,317.36,50.90,152.89,0.815,-1,-1,-1
511,57,752.78,333.93,26.67,67.69,0.522,-1,-1,-1
511,61,1028.33,325.74,26.72,72.03,0.760,-1,-1,-1
511,64,1080.67,338.90,22.13,48.69,0.472,-1,-1,-1
511,67,1301.13,283.03,67.78,286.11,0.831,-1,-1,-1
511,68,732.94,334.53,23.45,65.23,0.514,-1,-1,-1
511,69,1622.79,277.40,49.65,90.78,-1.000,-1,-1,-1
511,70,317.92,313.67,104.48,278.79,0.597,-1,-1,-1
511,71,1054.38,332.22,18.14,54.46,0.658,-1,-1,-1
511,73,968.08,355.65,39.51,80.89,0.660,-1,-1,-1
512,2,1338.53,262.21,111.20,330.41,0.817,-1,-1,-1
512,7,837.95,304.94,56.95,162.26,0.871,-1,-1,-1
512,25,34.05,250.41,334.44,629.38,0.944,-1,-1,-1
512,31,695.77,321.52,40.87,110.95,0.820,-1,-1,-1
512,37,1169.54,322.43,55.10,138.11,0.866,-1,-1,-1
512,42,925.95,316.58,50.31,150.06,0.783,-1,-1,-1
512,57,757.39,333.13,25.68,65.11,0.615,-1,-1,-1
512,61,1032.67,322.25,26.62,72.17,0.779,-1,-1,-1
512,64,1084.89,334.48,22.58,49.68,0.702,-1,-1,-1
512,67,1305.39,279.45,68.30,287.32,0.793,-1,-1,-1
512,68,737.17,330.99,23.57,65.99,0.663,-1,-1,-1
512,69,1628.52,275.24,49.69,90.82,-1.000,-1,-1,-1
512,70,318.91,310.23,104.31,283.04,0.639,-1,-1,-1
512,71,1058.33,328.82,18.14,54.50,0.642,-1,-1,-1
512,73,971.61,352.20,39.76,81.42,0.601,-1,-1,-1
513,2,1342.33,255.33,111.25,333.87,0.767,-1,-1,-1
513,7,841.72,299.46,57.85,165.06,0.863,-1,-1,-1
513,25,17.93,246.18,340.33,636.62,0.942,-1,-1,-1
513,31,700.93,317.01,40.27,110.00,0.801,-1,-1,-1
513,37,1174.26,318.26,54.81,137.32,0.804,-1,-1,-1
513,42,926.36,310.95,51.90,152.53,0.847,-1,-1,-1
513,57,761.52,328.06,25.62,64.78,0.560,-1,-1,-1
513,61,1037.48,318.95,25.91,70.13,0.778,-1,-1,-1
513,64,1089.24,329.14,22.78,50.06,0.650,-1,-1,-1
513,67,1313.03,272.63,69.50,291.10,0.772,-1,-1,-1
513,68,740.95,326.29,23.27,65.23,0.678,-1,-1,-1
513,69,1634.24,273.08,49.73,90.87,0.517,-1,-1,-1
513,70,319.48,304.55,102.80,282.69,0.590,-1,-1,-1
513,71,1062.63,323.12,18.65,56.01,0.581,-1,-1,-1
513,73,974.20,346.77,40.46,82.94,0.674,-1,-1,-1
514,2,1344.79,250.47,110.53,334.69,0.755,-1,-1,-1
514,7,842.07,295.45,57.98,166.58,0.856,-1,-1,-1
514,25,8.23,242.36,344.69,641.92,0.943,-1,-1,-1
514,31,703.80,312.96,40.10,109.88,0.825,-1,-1,-1
514,37,1176.13,313.92,54.28,136.08,0.804,-1,-1,-1
514,42,925.03,306.18,53.33,154.21,0.842,-1,-1,-1
514,57,764.54,325.31,24.91,62.82,0.641,-1,-1,-1
514,61,1039.52,313.19,26.44,71.90,0.768,-1,-1,-1
514,64,1091.39,324.31,23.17,51.16,0.651,-1,-1,-1
514,67,1317.57,268.20,70.27,293.39,0.794,-1,-1,-1
514,68,743.39,322.25,22.93,64.33,0.676,-1,-1,-1
514,69,1639.56,270.52,49.31,89.98,0.457,-1,-1,-1
514,70,320.62,300.26,100.27,280.78,0.727,-1,-1,-1
514,71,1064.57,318.63,18.86,56.48,0.610,-1,-1,-1
514,73,977.15,343.06,39.57,81.13,0.618,-1,-1,-1
515,2,1350.33,248.79,111.19,336.92,0.747,-1,-1,-1
515,7,842.48,293.48,57.87,167.25,0.878,-1,-1,-1
515,25,1.53,240.66,348.27,647.36,0.945,-1,-1,-1
515,31,705.56,310.65,39.98,109.64,0.822,-1,-1,-1
515,37,1177.18,310.38,54.11,135.66,0.788,-1,-1,-1
515,42,923.57,304.57,53.82,153.69,0.854,-1,-1,-1
515,57,766.33,322.69,24.71,62.28,0.657,-1,-1,-1
515,61,1040.61,310.70,26.39,71.93,0.790,-1,-1,-1
515,64,1092.27,321.03,23.03,50.64,0.647,-1,-1,-1
515,67,1320.45,266.05,70.98,295.61,0.823,-1,-1,-1
515,68,744.81,320.19,22.78,63.97,0.703,-1,-1,-1
515,69,1641.22,265.43,52.74,96.84,0.340,-1,-1,-1
515,70,320.86,297.58,98.62,281.47,0.762,-1,-1,-1
515,71,1065.89,316.34,18.89,56.50,0.705,-1,-1,-1
515,73,978.76,339.37,40.28,82.65,0.652,-1,-1,-1
516,2,1351.97,248.51,111.01,337.53,0.781,-1,-1,-1
516,7,842.27,292.30,57.26,166.29,0.877,-1,-1,-1
516,25,-3.88,238.39,351.62,654.01,0.938,-1,-1,-1
516,31,706.06,309.28,39.85,108.94,0.819,-1,-1,-1
516,37,1176.87,307.97,54.56,136.23,0.814,-1,-1,-1
516,42,923.15,303.93,53.98,152.35,0.850,-1,-1,-1
516,57,766.25,319.16,25.50,64.43,0.624,-1,-1,-1
516,61,1040.10,307.78,26.75,73.04,0.780,-1,-1,-1
516,64,1092.82,318.76,23.17,50.79,0.625,-1,-1,-1
516,67,1321.60,264.11,71.79,298.20,0.805,-1,-1,-1
516,68,745.25,319.76,22.44,62.93,0.657,-1,-1,-1
516,69,1637.00,262.92,65.47,124.18,0.665,-1,-1,-1
516,70,318.70,295.98,98.99,285.37,0.459,-1,-1,-1
516,71,1066.25,314.64,19.04,56.81,0.734,-1,-1,-1
516,73,979.43,337.21,40.42,83.05,0.675,-1,-1,-1
517,2,1354.52,245.98,110.65,339.59,0.836,-1,-1,-1
517,7,844.22,291.24,56.51,164.87,0.890,-1,-1,-1
517,25,-8.55,234.02,354.89,662.65,0.944,-1,-1,-1
517,31,708.59,307.59,39.70,107.82,0.823,-1,-1,-1
517,37,1178.88,305.19,54.89,137.01,0.834,-1,-1,-1
517,42,924.66,302.80,54.03,152.00,0.839,-1,-1,-1
517,57,767.31,313.74,26.66,67.87,0.617,-1,-1,-1
517,61,1042.26,306.87,26.40,72.00,0.812,-1,-1,-1
517,64,1094.69,316.84,23.28,51.06,0.630,-1,-1,-1
517,67,1324.83,262.31,71.67,298.15,0.822,-1,-1,-1
517,68,747.41,318.16,22.22,62.43,0.701,-1,-1,-1
517,69,1639.19,261.49,68.75,132.65,0.385,-1,-1,-1
517,70,314.45,292.54,98.32,284.66,0.727,-1,-1,-1
517,71,1068.10,312.18,19.28,57.62,0.730,-1,-1,-1
517,73,982.90,335.92,39.61,81.71,0.661,-1,-1,-1
518,2,1355.47,245.13,110.50,340.77,0.797,-1,-1,-1
518,7,844.45,290.46,56.23,165.23,0.876,-1,-1,-1
518,25,-16.54,228.00,360.09,678.14,0.947,-1,-1,-1
518,31,710.17,306.70,40.15,109.32,0.814,-1,-1,-1
518,37,1179.22,304.13,55.32,137.99,0.843,-1,-1,-1
518,42,922.98,303.04,53.60,151.09,0.862,-1,-1,-1
518,57,768.00,313.72,26.31,67.27,0.522,-1,-1,-1
518,61,1043.19,306.32,26.42,71.79,0.793,-1,-1,-1
518,64,1095.30,316.84,23.15,50.91,0.658,-1,-1,-1
518,67,1328.00,261.16,72.42,300.78,0.802,-1,-1,-1
518,68,748.75,316.85,22.10,62.14,0.652,-1,-1,-1
518,69,1642.44,262.74,69.86,137.48,0.553,-1,-1,-1
518,70,308.09,291.07,101.73,295.34,0.448,-1,-1,-1
518,71,1069.30,312.13,19.06,56.70,0.688,-1,-1,-1
518,73,983.57,334.92,39.59,81.95,0.679,-1,-1,-1
519,2,1360.93,241.58,112.20,345.59,0.753,-1,-1,-1
519,7,845.00,288.54,56.30,166.21,0.874,-1,-1,-1
519,25,-22.00,222.28,362.01,689.38,0.944,-1,-1,-1
519,31,712.01,306.16,39.75,108.43,0.819,-1,-1,-1
519,37,1179.34,303.80,55.37,137.96,0.860,-1,-1,-1
519,42,922.65,302.20,53.02,150.40,0.830,-1,-1,-1
519,57,768.92,315.51,25.19,64.57,0.519,-1,-1,-1
519,61,1043.96,306.23,26.24,70.87,0.747,-1,-1,-1
519,64,1096.73,317.17,22.81,50.15,0.562,-1,-1,-1
519,67,1330.50,259.44,73.06,302.77,0.800,-1,-1,-1
519,68,750.01,316.38,21.59,60.50,0.595,-1,-1,-1
519,69,1644.53,261.76,71.25,142.40,0.435,-1,-1,-1
519,70,304.73,289.35,101.62,295.15,0.399,-1,-1,-1
519,71,1070.54,311.63,18.86,56.05,0.640,-1,-1,-1
519,73,984.25,333.99,39.56,82.16,0.680,-1,-1,-1
520,2,1363.99,242.00,113.37,349.95,0.763,-1,-1,-1
520,7,844.50,291.26,55.66,164.93,0.872,-1,-1,-1
520,25,-26.62,220.63,361.92,698.52,0.946,-1,-1,-1
520,31,712.08,308.34,39.84,108.81,0.788,-1,-1,-1
520,37,1177.67,306.61,55.53,137.89,0.838,-1,-1,-1
520,42,921.00,304.28,51.66,148.49,0.841,-1,-1,-1
520,57,768.99,316.64,25.56,65.79,0.568,-1,-1,-1
520,61,1043.25,307.12,26.98,72.53,0.802,-1,-1,-1
520,64,1096.75,319.96,22.72,50.02,0.579,-1,-1,-1
520,67,1332.12,261.32,73.57,304.50,0.795,-1,-1,-1
520,68,750.42,318.11,21.49,60.35,0.670,-1,-1,-1
520,69,1645.30,264.27,72.46,146.71,0.329,-1,-1,-1
520,70,300.51,289.56,103.76,301.96,0.311,-1,-1,-1
520,71,1070.61,314.51,19.06,56.57,0.695,-1,-1,-1
520,73,984.70,337.02,39.31,81.92,0.536,-1,-1,-1
521,2,1365.63,240.24,114.24,353.56,0.765,-1,-1,-1
521,7,843.31,290.54,55.73,165.60,0.875,-1,-1,-1
521,25,-30.83,217.43,362.11,709.63,0.943,-1,-1,-1
521,31,712.60,308.22,39.96,109.69,0.815,-1,-1,-1
521,37,1176.38,305.98,56.37,139.40,0.857,-1,-1,-1
521,42,918.08,302.27,51.44,150.49,0.831,-1,-1,-1
521,57,768.90,316.90,25.30,65.21,0.502,-1,-1,-1
521,61,1042.63,306.76,27.16,72.66,0.788,-1,-1,-1
521,64,1096.11,320.43,22.50,49.48,0.676,-1,-1,-1
521,67,1333.19,260.28,74.11,306.70,0.823,-1,-1,-1
521,68,750.35,317.83,21.39,60.14,0.657,-1,-1,-1
521,69,1646.39,263.23,72.63,149.36,0.491,-1,-1,-1
521,70,299.71,288.99,101.83,296.13,0.643,-1,-1,-1
521,71,1070.42,315.11,18.97,56.07,0.717,-1,-1,-1
521,73,983.01,336.32,40.04,83.52,0.627,-1,-1,-1
522,2,1368.21,242.35,115.82,355.91,0.781,-1,-1,-1
522,7,840.29,293.46,55.46,165.11,0.820,-1,-1,-1
522,25,-35.91,217.02,359.85,717.38,0.934,-1,-1,-1
522,31,710.04,310.15,39.94,110.18,0.776,-1,-1,-1
522,37,1173.95,309.66,55.73,138.68,0.800,-1,-1,-1
522,42,913.99,305.37,50.81,150.86,0.733,-1,-1,-1
522,57,766.45,317.26,26.15,67.70,0.296,-1,-1,-1
522,61,1040.66,311.34,26.53,71.26,0.578,-1,-1,-1
522,64,1094.01,321.93,22.73,50.17,-1.000,-1,-1,-1
522,67,1332.17,262.70,74.32,307.30,0.776,-1,-1,-1
522,68,748.20,321.19,20.80,58.00,0.285,-1,-1,-1
522,69,1645.74,264.14,72.68,150.12,-1.000,-1,-1,-1
522,70,290.71,290.91,106.36,310.75,0.282,-1,-1,-1
522,71,1067.52,317.52,19.08,56.09,0.107,-1,-1,-1
522,73,980.92,337.47,40.81,85.44,0.279,-1,-1,-1
523,2,1368.95,243.17,116.35,359.34,0.782,-1,-1,-1
523,7,837.24,293.61,56.02,166.44,0.868,-1,-1,-1
523,25,-42.07,219.48,357.49,729.05,0.951,-1,-1,-1
523,31,710.69,309.84,40.08,111.06,0.820,-1,-1,-1
523,37,1171.95,311.37,55.86,138.51,0.842,-1,-1,-1
523,42,912.16,305.61,50.42,152.17,0.821,-1,-1,-1
523,57,766.85,320.92,25.01,64.76,0.546,-1,-1,-1
523,61,1039.66,311.49,27.30,72.65,0.761,-1,-1,-1
523,64,1091.91,323.44,22.96,50.86,0.701,-1,-1,-1
523,67,1334.70,264.03,74.53,308.16,0.796,-1,-1,-1
523,68,747.92,321.46,21.65,60.51,0.713,-1,-1,-1
523,69,1645.09,265.04,72.72,150.87,-1.000,-1,-1,-1
523,70,289.29,291.76,104.02,303.09,0.608,-1,-1,-1
523,71,1068.08,318.69,19.09,56.18,0.677,-1,-1,-1
523,73,980.55,339.59,40.74,85.69,0.687,-1,-1,-1
524,2,1366.73,245.49,116.69,360.53,0.761,-1,-1,-1
524,7,831.39,294.65,56.42,168.05,0.834,-1,-1,-1
524,25,-47.84,225.66,352.36,736.27,0.940,-1,-1,-1
524,31,705.80,310.37,40.53,112.77,0.801,-1,-1,-1
524,37,1166.02,314.54,55.56,137.27,0.756,-1,-1,-1
524,42,904.76,308.08,51.21,156.69,0.787,-1,-1,-1
524,57,760.50,315.80,28.02,73.22,0.485,-1,-1,-1
524,61,1035.04,315.11,27.03,71.54,0.695,-1,-1,-1
524,64,1084.36,318.57,26.20,58.22,0.456,-1,-1,-1
524,67,1331.11,266.56,74.60,309.20,0.796,-1,-1,-1
524,68,742.88,324.55,21.85,61.05,0.308,-1,-1,-1
524,69,1644.45,265.94,72.77,151.63,-1.000,-1,-1,-1
524,70,281.53,294.36,104.29,303.59,0.114,-1,-1,-1
524,71,1062.32,320.07,19.54,57.42,0.237,-1,-1,-1
524,73,974.73,338.50,42.38,89.28,0.409,-1,-1,-1
524,74,946.51,336.93,35.83,88.59,0.501,-1,-1,-1
525,2,1369.54,243.59,117.32,361.87,0.756,-1,-1,-1
525,7,831.05,293.40,56.33,168.63,0.833,-1,-1,-1
525,25,-48.80,228.22,346.17,741.32,0.932,-1,-1,-1
525,31,705.11,307.69,41.13,114.69,0.782,-1,-1,-1
525,37,1165.05,313.10,55.32,136.78,0.722,-1,-1,-1
525,42,903.30,307.04,51.11,158.64,0.759,-1,-1,-1
525,57,759.19,308.42,30.17,79.70,0.276,-1,-1,-1
525,61,1034.68,314.88,26.83,70.95,0.636,-1,-1,-1
525,64,1082.84,313.82,27.12,60.23,0.100,-1,-1,-1
525,67,1333.31,265.75,74.84,310.05,0.775,-1,-1,-1
525,68,743.16,323.77,22.33,61.85,0.394,-1,-1,-1
525,69,1643.80,266.84,72.82,152.38,-1.000,-1,-1,-1
525,70,286.95,290.87,83.93,235.19,0.623,-1,-1,-1
525,71,1061.44,318.52,19.85,58.19,0.139,-1,-1,-1
525,73,973.74,334.81,43.40,91.62,0.398,-1,-1,-1
525,74,946.61,334.79,36.47,90.23,0.332,-1,-1,-1
526,2,1368.32,243.53,118.12,365.52,0.774,-1,-1,-1
526,7,827.26,294.95,56.30,167.56,0.879,-1,-1,-1
526,25,-50.50,237.22,338.48,744.34,0.934,-1,-1,-1
526,31,704.61,308.43,40.93,114.85,0.798,-1,-1,-1
526,37,1160.71,313.91,54.54,135.51,0.779,-1,-1,-1
526,42,901.33,307.87,49.71,155.76,0.831,-1,-1,-1
526,57,758.21,313.26,28.45,75.68,0.421,-1,-1,-1
526,61,1032.80,313.58,27.46,72.48,0.786,-1,-1,-1
526,64,1082.79,318.46,25.53,57.23,0.735,-1,-1,-1
526,67,1333.82,265.97,75.44,311.65,0.805,-1,-1,-1
526,68,740.80,324.20,22.26,62.02,0.633,-1,-1,-1
526,69,1643.16,267.74,72.87,153.14,0.548,-1,-1,-1
526,70,287.70,294.05,71.74,191.96,0.720,-1,-1,-1
526,71,1060.64,318.68,19.99,58.49,0.696,-1,-1,-1
526,73,972.53,338.56,41.84,88.77,0.648,-1,-1,-1
526,74,945.31,336.21,36.47,90.43,0.645,-1,-1,-1
527,2,1365.45,242.53,117.74,366.46,0.764,-1,-1,-1
527,7,822.40,294.29,56.52,166.93,0.886,-1,-1,-1
527,25,-47.26,278.39,315.63,709.97,0.916,-1,-1,-1
527,31,702.16,307.34,40.77,115.07,0.801,-1,-1,-1
527,37,1154.52,311.98,54.56,135.92,0.798,-1,-1,-1
527,42,897.16,307.36,49.10,155.28,0.829,-1,-1,-1
527,57,755.79,319.40,25.56,67.87,0.546,-1,-1,-1
527,61,1028.81,311.83,27.86,72.90,0.757,-1,-1,-1
527,64,1080.21,319.30,24.88,55.86,0.665,-1,-1,-1
527,67,1332.10,264.95,75.88,314.06,0.801,-1,-1,-1
527,68,736.98,322.71,21.87,61.29,0.676,-1,-1,-1
527,69,1642.84,266.14,71.01,151.92,0.537,-1,-1,-1
527,70,283.32,293.49,69.01,172.52,0.838,-1,-1,-1
527,71,1057.98,317.74,20.12,58.71,0.691,-1,-1,-1
527,73,968.18,338.51,41.64,88.31,0.641,-1,-1,-1
527,74,938.73,334.07,36.67,90.78,0.706,-1,-1,-1
528,2,1360.40,237.54,118.21,370.05,0.782,-1,-1,-1
528,7,812.01,289.42,56.85,167.51,0.882,-1,-1,-1
528,25,-53.36,301.29,300.31,695.65,0.919,-1,-1,-1
528,31,696.07,302.24,40.56,114.72,0.796,-1,-1,-1
528,37,1145.48,305.78,54.43,136.31,0.819,-1,-1,-1
528,42,889.29,303.60,48.11,153.44,0.819,-1,-1,-1
528,57,748.83,316.63,24.63,65.23,0.440,-1,-1,-1
528,61,1020.79,305.84,28.74,74.74,0.801,-1,-1,-1
528,64,1073.14,315.22,24.38,54.94,0.631,-1,-1,-1
528,67,1327.17,258.54,77.06,318.32,0.821,-1,-1,-1
528,68,729.03,317.50,21.88,61.65,0.617,-1,-1,-1
528,69,1639.98,265.44,70.92,152.15,-1.000,-1,-1,-1
528,70,265.36,289.06,72.04,171.31,0.826,-1,-1,-1
528,71,1051.07,311.67,20.37,59.44,0.736,-1,-1,-1
528,73,957.44,333.37,42.22,88.58,0.725,-1,-1,-1
528,74,929.95,328.76,36.84,91.14,0.613,-1,-1,-1
529,2,1357.20,237.53,117.94,370.81,0.764,-1,-1,-1
529,7,805.56,289.41,56.91,166.95,0.869,-1,-1,-1
529,25,-55.17,321.87,288.23,688.72,0.909,-1,-1,-1
529,31,693.47,303.60,40.01,112.37,0.811,-1,-1,-1
529,37,1140.30,303.89,54.33,137.19,0.823,-1,-1,-1
529,42,883.93,303.82,47.35,152.48,0.828,-1,-1,-1
529,57,744.56,316.18,24.61,65.17,0.477,-1,-1,-1
529,61,1015.89,304.76,28.87,74.83,0.762,-1,-1,-1
529,64,1068.84,316.09,23.76,53.29,0.520,-1,-1,-1
529,67,1323.96,257.88,77.29,318.96,0.822,-1,-1,-1
529,68,724.47,316.44,21.26,60.07,0.525,-1,-1,-1
529,69,1637.13,264.75,70.83,152.38,-1.000,-1,-1,-1
529,70,253.52,287.98,73.74,166.84,0.802,-1,-1,-1
529,71,1046.82,310.62,20.32,59.32,0.638,-1,-1,-1
529,73,953.48,333.98,41.42,86.81,0.654,-1,-1,-1
529,74,923.46,328.13,37.04,91.45,0.603,-1,-1,-1
530,2,1356.42,236.78,117.58,370.71,0.741,-1,-1,-1
530,7,800.98,287.95,57.14,167.14,0.871,-1,-1,-1
530,25,-55.53,340.82,274.44,675.16,0.871,-1,-1,-1
530,31,692.02,303.42,39.92,110.96,0.840,-1,-1,-1
530,37,1138.56,303.03,53.67,136.96,0.831,-1,-1,-1
530,42,880.28,302.62,46.88,152.10,0.850,-1,-1,-1
530,57,741.73,316.83,23.71,62.50,0.579,-1,-1,-1
530,61,1013.03,303.24,29.02,75.28,0.758,-1,-1,-1
530,64,1065.69,314.29,23.81,53.60,0.626,-1,-1,-1
530,67,1321.91,256.43,77.82,320.20,0.820,-1,-1,-1
530,68,721.05,316.66,20.65,58.66,0.492,-1,-1,-1
530,69,1634.28,264.06,70.74,152.62,-1.000,-1,-1,-1
530,70,243.41,286.28,76.88,167.55,0.791,-1,-1,-1
530,71,1043.80,309.34,20.01,58.58,0.696,-1,-1,-1
530,73,952.54,333.97,40.52,85.47,0.682,-1,-1,-1
530,74,919.71,326.66,37.16,91.51,0.669,-1,-1,-1
531,2,1354.63,235.81,117.19,371.54,0.776,-1,-1,-1
531,7,795.17,288.08,57.25,166.25,0.867,-1,-1,-1
531,25,-30.14,515.36,206.37,506.50,0.747,-1,-1,-1
531,31,688.96,303.75,39.74,110.02,0.820,-1,-1,-1
531,37,1134.77,302.23,53.27,137.00,0.829,-1,-1,-1
531,42,876.18,301.31,46.70,152.84,0.833,-1,-1,-1
531,57,737.71,318.78,22.90,60.26,0.620,-1,-1,-1
531,61,1009.72,302.55,28.70,74.30,0.780,-1,-1,-1
531,64,1061.56,311.67,24.50,55.42,0.506,-1,-1,-1
531,67,1319.43,253.46,78.83,324.19,0.821,-1,-1,-1
531,68,717.83,317.27,19.96,57.14,0.589,-1,-1,-1
531,69,1631.43,263.37,70.64,152.85,-1.000,-1,-1,-1
531,70,233.25,285.00,79.89,167.81,0.813,-1,-1,-1
531,71,1040.18,308.02,20.15,58.89,0.730,-1,-1,-1
531,73,950.82,333.32,40.14,85.20,0.681,-1,-1,-1
531,74,916.24,325.40,37.61,92.52,0.640,-1,-1,-1
532,2,1353.85,235.59,117.46,373.40,0.734,-1,-1,-1
532,7,789.92,287.93,57.44,166.12,0.863,-1,-1,-1
532,31,685.69,304.43,39.41,108.84,0.807,-1,-1,-1
532,37,1130.53,303.18,52.39,135.87,0.817,-1,-1,-1
532,42,872.15,301.14,46.66,153.49,0.826,-1,-1,-1
532,57,734.19,318.57,23.00,60.67,0.637,-1,-1,-1
532,61,1006.06,302.58,28.82,74.39,0.778,-1,-1,-1
532,64,1057.90,313.03,24.25,54.63,0.356,-1,-1,-1
532,67,1317.71,252.01,79.49,326.66,0.802,-1,-1,-1
532,68,714.84,317.86,19.53,56.24,0.505,-1,-1,-1
532,69,1628.57,262.68,70.55,153.08,-1.000,-1,-1,-1
532,70,222.59,284.36,82.98,168.40,0.843,-1,-1,-1
532,71,1037.07,308.30,19.99,58.44,0.479,-1,-1,-1
532,73,945.66,333.94,40.09,84.88,0.483,-1,-1,-1
532,74,911.87,324.71,37.95,93.35,0.700,-1,-1,-1
532,75,1172.98,302.57,24.36,88.25,0.707,-1,-1,-1
533,2,1352.70,234.82,117.99,376.40,0.734,-1,-1,-1
533,7,781.77,288.41,57.41,166.90,0.860,-1,-1,-1
533,31,681.02,306.27,39.13,108.20,0.840,-1,-1,-1
533,37,1125.22,304.21,52.11,136.23,0.824,-1,-1,-1
533,42,866.81,300.14,46.29,153.20,0.803,-1,-1,-1
533,57,728.71,319.44,22.76,60.16,0.603,-1,-1,-1
533,61,1001.84,303.41,28.62,74.11,0.780,-1,-1,-1
533,64,1053.58,314.55,23.84,53.74,0.667,-1,-1,-1
533,67,1315.41,251.81,80.46,329.55,0.811,-1,-1,-1
533,68,710.67,319.28,19.02,55.20,0.316,-1,-1,-1
533,69,1625.72,261.99,70.46,153.31,-1.000,-1,-1,-1
533,70,206.26,283.02,87.09,172.44,0.850,-1,-1,-1
533,71,1032.63,308.91,20.04,58.46,0.612,-1,-1,-1
533,73,937.12,334.34,41.08,85.91,0.704,-1,-1,-1
533,74,906.55,325.77,38.06,93.38,0.753,-1,-1,-1
533,75,1168.94,303.05,25.69,93.02,0.768,-1,-1,-1
534,2,1355.62,232.13,119.37,379.00,0.738,-1,-1,-1
534,7,780.29,287.72,56.56,166.04,0.861,-1,-1,-1
534,31,679.66,305.44,39.28,108.55,0.812,-1,-1,-1
534,37,1123.51,303.93,51.43,135.85,0.804,-1,-1,-1
534,42,866.04,298.12,45.84,153.11,0.801,-1,-1,-1
534,57,727.71,317.88,23.09,61.07,0.580,-1,-1,-1
534,61,1001.88,305.69,27.27,70.62,0.713,-1,-1,-1
534,64,1052.72,316.25,22.91,51.37,0.265,-1,-1,-1
534,67,1315.70,250.09,81.31,332.00,0.802,-1,-1,-1
534,69,1622.87,261.30,70.37,153.55,-1.000,-1,-1,-1
534,70,197.03,281.55,89.24,173.69,0.799,-1,-1,-1
534,71,1031.46,308.36,20.13,58.70,0.291,-1,-1,-1
534,73,936.85,333.48,41.07,86.09,0.630,-1,-1,-1
534,74,904.32,324.02,38.57,94.60,0.711,-1,-1,-1
534,75,1168.05,302.53,24.49,88.40,0.672,-1,-1,-1
535,2,1356.72,233.76,119.00,376.77,0.738,-1,-1,-1
535,7,777.58,289.68,55.75,164.59,0.842,-1,-1,-1
535,31,677.68,306.97,39.81,109.97,0.819,-1,-1,-1
535,37,1121.03,306.42,50.86,134.99,0.810,-1,-1,-1
535,42,862.66,300.11,46.38,155.71,0.790,-1,-1,-1
535,57,725.02,320.22,23.42,62.59,0.579,-1,-1,-1
535,61,998.97,306.68,27.99,72.51,0.785,-1,-1,-1
535,64,1050.36,314.44,24.60,55.75,0.612,-1,-1,-1
535,67,1315.25,249.74,82.25,335.24,0.793,-1,-1,-1
535,69,1620.02,260.60,70.27,153.78,0.559,-1,-1,-1
535,70,189.91,283.34,86.41,166.28,0.543,-1,-1,-1
535,71,1029.44,309.66,19.60,56.92,0.214,-1,-1,-1
535,73,936.11,334.30,41.18,86.68,0.538,-1,-1,-1
535,74,904.22,325.76,38.46,94.76,0.445,-1,-1,-1
535,75,1164.95,303.30,27.23,98.29,0.680,-1,-1,-1
536,2,1357.32,232.25,120.11,381.14,0.769,-1,-1,-1
536,7,776.98,288.74,56.01,165.39,0.843,-1,-1,-1
536,31,680.21,305.85,40.25,110.04,0.783,-1,-1,-1
536,37,1121.90,303.91,50.96,136.63,0.775,-1,-1,-1
536,42,863.10,298.54,47.37,159.83,0.779,-1,-1,-1
536,57,725.14,318.28,24.13,64.62,0.560,-1,-1,-1
536,61,999.38,306.23,27.84,72.06,0.690,-1,-1,-1
536,64,1049.95,309.72,26.22,59.55,0.404,-1,-1,-1
536,67,1317.74,249.34,82.89,336.95,0.801,-1,-1,-1
536,69,1621.85,255.91,71.17,158.29,0.411,-1,-1,-1
536,70,182.35,281.59,88.67,168.89,0.772,-1,-1,-1
536,71,1030.09,309.00,20.28,58.65,0.385,-1,-1,-1
536,73,936.40,331.09,42.25,89.20,0.330,-1,-1,-1
536,74,905.05,324.30,38.69,95.55,0.198,-1,-1,-1
536,75,1164.71,302.20,28.99,104.66,0.710,-1,-1,-1
537,2,1359.56,231.40,121.06,384.57,0.753,-1,-1,-1
537,7,775.54,287.68,56.32,166.62,0.867,-1,-1,-1
537,31,681.03,305.80,40.35,109.64,0.837,-1,-1,-1
537,37,1123.98,303.62,50.24,135.76,0.774,-1,-1,-1
537,42,862.86,297.31,48.06,163.25,0.809,-1,-1,-1
537,57,727.06,318.11,24.05,64.05,0.570,-1,-1,-1
537,61,1000.40,305.24,28.13,72.61,0.712,-1,-1,-1
537,64,1052.68,313.01,24.86,55.96,0.366,-1,-1,-1
537,67,1320.97,248.83,83.52,337.98,0.803,-1,-1,-1
537,69,1622.29,252.46,77.75,176.31,0.305,-1,-1,-1
537,70,177.02,282.58,91.85,173.72,0.802,-1,-1,-1
537,71,1031.42,308.73,20.51,59.29,0.315,-1,-1,-1
537,73,937.05,332.79,41.45,87.36,0.622,-1,-1,-1
537,74,903.66,323.05,39.30,97.05,0.723,-1,-1,-1
537,75,1166.15,302.82,29.46,106.16,0.666,-1,-1,-1
538,2,1360.06,224.36,122.62,390.76,0.759,-1,-1,-1
538,7,771.63,283.21,56.46,167.33,0.864,-1,-1,-1
538,31,679.56,300.58,40.57,110.18,0.829,-1,-1,-1
538,37,1122.08,298.86,49.84,136.14,0.783,-1,-1,-1
538,42,858.24,292.19,47.33,160.50,0.836,-1,-1,-1
538,57,724.06,314.80,23.54,62.62,0.726,-1,-1,-1
538,61,998.28,299.82,28.52,73.54,0.764,-1,-1,-1
538,64,1051.00,309.38,24.67,55.52,0.615,-1,-1,-1
538,67,1321.75,243.79,84.52,341.41,0.811,-1,-1,-1
538,69,1624.81,246.94,74.11,169.88,0.469,-1,-1,-1
538,70,167.92,279.60,93.02,174.14,0.788,-1,-1,-1
538,71,1029.28,305.36,19.13,54.68,0.573,-1,-1,-1
538,73,936.50,329.87,40.91,86.72,0.687,-1,-1,-1
538,74,900.51,319.15,39.57,97.54,0.695,-1,-1,-1
538,75,1165.10,299.17,29.01,103.68,0.749,-1,-1,-1
539,2,1364.48,218.52,123.66,395.93,0.764,-1,-1,-1
539,7,773.10,279.90,56.63,167.71,0.849,-1,-1,-1
539,31,682.07,295.74,40.76,110.75,0.815,-1,-1,-1
539,37,1124.34,294.23,49.51,136.63,0.763,-1,-1,-1
539,42,858.60,288.44,47.16,158.36,0.843,-1,-1,-1
539,57,726.23,311.76,23.16,61.58,0.692,-1,-1,-1
539,61,1000.15,295.58,28.51,73.64,0.775,-1,-1,-1
539,64,1053.31,306.19,24.36,54.79,0.718,-1,-1,-1
539,67,1326.16,240.61,85.09,343.60,0.840,-1,-1,-1
539,69,1630.60,243.60,69.70,162.40,0.612,-1,-1,-1
539,70,162.98,275.60,96.50,179.39,0.826,-1,-1,-1
539,71,1031.37,302.39,18.71,53.45,0.654,-1,-1,-1
539,73,938.26,325.65,41.35,87.71,0.659,-1,-1,-1
539,74,902.29,315.05,39.68,97.70,0.703,-1,-1,-1
539,75,1167.28,295.47,30.07,107.01,0.726,-1,-1,-1
540,2,1366.77,216.22,124.17,398.88,0.735,-1,-1,-1
540,7,772.85,278.35,56.38,167.80,0.874,-1,-1,-1
540,31,682.98,294.70,40.59,110.30,0.834,-1,-1,-1
540,37,1125.34,292.23,49.33,136.95,0.783,-1,-1,-1
540,42,856.99,286.73,47.69,158.69,0.856,-1,-1,-1
540,57,728.10,309.05,23.46,61.89,0.774,-1,-1,-1
540,61,1000.82,292.58,28.98,75.01,0.772,-1,-1,-1
540,64,1053.95,304.33,24.53,55.25,0.769,-1,-1,-1
540,67,1328.80,238.84,85.47,344.70,0.816,-1,-1,-1
540,69,1634.07,240.41,68.89,162.91,0.548,-1,-1,-1
540,70,158.76,273.94,97.72,180.80,0.821,-1,-1,-1
540,71,1031.83,299.72,19.82,56.98,0.641,-1,-1,-1
540,73,934.55,324.66,41.85,87.18,0.715,-1,-1,-1
540,74,902.80,315.06,39.10,95.86,0.703,-1,-1,-1
540,75,1169.47,293.32,30.62,108.58,0.689,-1,-1,-1
541,2,1367.23,213.78,124.45,401.68,0.763,-1,-1,-1
541,7,770.52,275.94,56.08,167.70,0.866,-1,-1,-1
541,31,682.42,292.98,40.27,109.41,0.815,-1,-1,-1
541,37,1123.47,289.84,49.30,137.41,0.823,-1,-1,-1
541,42,854.13,284.97,47.64,157.00,0.875,-1,-1,-1
541,57,727.69,306.29,23.67,62.12,0.752,-1,-1,-1
541,61,999.62,289.99,29.07,75.45,0.764,-1,-1,-1
541,64,1053.25,302.93,23.84,53.70,0.684,-1,-1,-1
541,67,1329.67,235.66,86.26,347.80,0.828,-1,-1,-1
541,69,1635.33,235.91,67.93,163.06,0.568,-1,-1,-1
541,70,152.03,271.31,99.51,183.70,0.798,-1,-1,-1
541,71,1031.12,297.32,19.64,56.82,0.698,-1,-1,-1
541,73,935.28,322.51,41.87,87.25,0.684,-1,-1,-1
541,74,901.50,312.61,39.24,95.97,0.754,-1,-1,-1
541,75,1169.73,290.46,29.67,104.32,0.682,-1,-1,-1
542,2,1368.80,210.14,124.60,404.22,0.759,-1,-1,-1
542,7,769.32,273.40,55.72,167.14,0.863,-1,-1,-1
542,31,681.51,289.38,40.50,109.91,0.826,-1,-1,-1
542,37,1123.49,286.94,48.94,136.85,0.804,-1,-1,-1
542,42,852.22,282.27,47.85,156.46,0.877,-1,-1,-1
542,57,727.42,302.01,24.43,63.76,0.774,-1,-1,-1
542,61,999.24,286.21,28.99,75.49,0.777,-1,-1,-1
542,64,1052.82,298.83,24.19,54.54,0.759,-1,-1,-1
542,67,1331.01,231.96,86.27,348.20,0.814,-1,-1,-1
542,69,1637.64,233.65,65.72,159.88,0.633,-1,-1,-1
542,70,146.23,268.62,100.30,184.68,0.830,-1,-1,-1
542,71,1030.59,294.15,19.86,57.73,0.746,-1,-1,-1
542,73,936.18,319.55,41.60,87.02,0.694,-1,-1,-1
542,74,900.40,308.85,39.75,96.72,0.774,-1,-1,-1
542,75,1169.32,286.67,30.47,105.95,0.747,-1,-1,-1
543,2,1371.77,203.24,125.02,408.23,0.773,-1,-1,-1
543,7,768.47,271.78,54.82,164.66,0.844,-1,-1,-1
543,31,681.55,285.97,40.27,109.21,0.811,-1,-1,-1
543,37,1122.86,283.14,48.61,135.67,0.832,-1,-1,-1
543,42,851.22,279.00,47.73,155.59,0.861,-1,-1,-1
543,57,727.90,297.52,24.54,63.61,0.628,-1,-1,-1
543,61,999.18,282.12,28.80,75.16,0.789,-1,-1,-1
543,64,1052.71,293.67,24.68,55.82,0.768,-1,-1,-1
543,67,1333.87,225.62,87.09,352.12,0.810,-1,-1,-1
543,69,1641.15,228.32,64.78,159.67,0.619,-1,-1,-1
543,70,137.45,264.46,102.48,188.68,0.829,-1,-1,-1
543,71,1030.62,288.94,20.18,59.09,0.756,-1,-1,-1
543,73,937.29,314.79,41.51,87.32,0.715,-1,-1,-1
543,74,899.47,304.76,40.02,96.50,0.763,-1,-1,-1
543,75,1169.32,281.02,31.51,107.89,0.822,-1,-1,-1
544,2,1373.36,201.05,125.15,411.09,0.775,-1,-1,-1
544,7,767.22,270.78,54.70,164.66,0.848,-1,-1,-1
544,31,681.14,285.40,40.21,108.72,0.822,-1,-1,-1
544,37,1121.49,283.49,48.20,134.26,0.822,-1,-1,-1
544,42,849.41,278.11,47.96,156.74,0.844,-1,-1,-1
544,57,727.79,296.46,24.76,63.49,0.692,-1,-1,-1
544,61,997.90,280.86,28.97,75.59,0.801,-1,-1,-1
544,64,1052.10,292.05,24.59,55.74,0.707,-1,-1,-1
544,67,1335.94,223.20,87.62,355.07,0.806,-1,-1,-1
544,69,1641.76,226.29,65.11,162.09,0.449,-1,-1,-1
544,70,131.13,263.70,103.39,190.26,0.843,-1,-1,-1
544,71,1029.44,286.24,20.71,61.09,0.737,-1,-1,-1
544,73,936.90,312.90,41.75,88.31,0.702,-1,-1,-1
544,74,897.84,304.31,40.33,96.50,0.761,-1,-1,-1
544,75,1168.38,279.04,32.29,108.57,0.835,-1,-1,-1
544,76,219.75,284.66,29.56,82.80,0.696,-1,-1,-1
545,2,1376.98,198.68,124.52,411.07,0.781,-1,-1,-1
545,7,766.73,269.20,54.70,165.09,0.858,-1,-1,-1
545,31,681.65,284.58,40.37,108.48,0.820,-1,-1,-1
545,37,1120.87,283.59,47.89,132.82,0.835,-1,-1,-1
545,42,848.67,277.19,48.30,158.29,0.833,-1,-1,-1
545,57,728.32,295.67,25.05,63.78,0.687,-1,-1,-1
545,61,997.69,279.67,29.13,75.92,0.797,-1,-1,-1
545,64,1052.47,290.76,24.64,55.99,0.752,-1,-1,-1
545,67,1340.85,220.96,87.91,356.69,0.817,-1,-1,-1
545,69,1643.57,223.39,64.69,162.77,0.580,-1,-1,-1
545,70,126.15,262.88,104.37,191.55,0.859,-1,-1,-1
545,71,1030.04,284.54,20.78,61.69,0.727,-1,-1,-1
545,73,937.31,311.84,41.73,88.50,0.647,-1,-1,-1
545,74,896.90,303.02,40.96,97.09,0.761,-1,-1,-1
545,75,1168.32,277.10,33.22,110.05,0.822,-1,-1,-1
545,76,217.47,283.32,29.89,83.65,0.583,-1,-1,-1
546,2,1380.18,196.69,125.10,415.81,0.774,-1,-1,-1
546,7,766.57,268.49,54.94,166.34,0.857,-1,-1,-1
546,31,682.67,285.72,40.44,108.36,0.818,-1,-1,-1
546,37,1121.48,283.32,48.47,132.87,0.830,-1,-1,-1
546,42,848.11,276.73,47.96,157.41,0.846,-1,-1,-1
546,57,729.07,296.59,24.95,63.00,0.680,-1,-1,-1
546,61,998.38,281.23,28.47,73.99,0.785,-1,-1,-1
546,64,1052.96,290.59,24.61,55.99,0.732,-1,-1,-1
546,67,1343.65,218.36,88.56,360.01,0.826,-1,-1,-1
546,69,1645.60,220.56,64.66,164.70,0.698,-1,-1,-1
546,70,121.01,263.83,105.31,192.88,0.831,-1,-1,-1
546,71,1030.90,285.01,20.57,61.45,0.736,-1,-1,-1
546,73,938.02,312.22,41.49,88.36,0.700,-1,-1,-1
546,74,896.32,302.30,41.79,98.07,0.763,-1,-1,-1
546,75,1169.15,276.91,34.37,112.54,0.836,-1,-1,-1
546,76,214.58,283.76,30.20,84.39,0.658,-1,-1,-1
547,2,1382.79,197.23,125.08,418.05,0.743,-1,-1,-1
547,7,765.70,270.28,55.04,167.06,0.856,-1,-1,-1
547,31,682.38,287.55,40.93,108.83,0.828,-1,-1,-1
547,37,1119.95,284.57,48.96,133.06,0.845,-1,-1,-1
547,42,846.32,278.12,47.78,157.19,0.835,-1,-1,-1
547,57,728.37,298.35,25.13,63.11,0.673,-1,-1,-1
547,61,997.59,282.33,28.76,74.68,0.789,-1,-1,-1
547,64,1052.63,292.53,24.55,56.02,0.758,-1,-1,-1
547,67,1346.14,218.91,88.80,362.37,0.841,-1,-1,-1
547,69,1646.97,221.40,64.39,165.91,0.684,-1,-1,-1
547,70,115.07,265.04,106.68,195.23,0.858,-1,-1,-1
547,71,1030.60,287.12,20.57,61.94,0.710,-1,-1,-1
547,73,938.03,314.71,40.89,87.36,0.718,-1,-1,-1
547,74,894.78,304.22,42.29,97.78,0.781,-1,-1,-1
547,75,1169.21,278.49,35.18,113.76,0.842,-1,-1,-1
547,76,212.00,285.56,30.12,84.00,0.747,-1,-1,-1
548,2,1388.25,195.61,126.80,426.38,0.725,-1,-1,-1
548,7,764.00,272.52,55.32,168.17,0.863,-1,-1,-1
548,31,682.94,289.30,41.24,108.96,0.828,-1,-1,-1
548,37,1119.07,285.57,49.54,133.28,0.798,-1,-1,-1
548,42,844.72,280.27,47.45,156.72,0.820,-1,-1,-1
548,57,727.36,300.33,25.60,64.24,0.399,-1,-1,-1
548,61,997.26,284.84,28.64,74.20,0.771,-1,-1,-1
548,64,1052.81,294.67,24.65,56.30,0.718,-1,-1,-1
548,67,1350.22,219.10,89.35,365.68,0.843,-1,-1,-1
548,69,1650.77,223.05,63.87,165.40,0.627,-1,-1,-1
548,70,104.81,267.84,108.61,198.78,0.849,-1,-1,-1
548,71,1030.68,290.21,20.51,61.82,0.695,-1,-1,-1
548,73,937.41,316.75,41.23,88.53,0.608,-1,-1,-1
548,74,894.06,306.10,43.18,98.86,0.755,-1,-1,-1
548,75,1170.12,281.08,34.27,108.55,0.788,-1,-1,-1
548,76,208.06,289.65,30.33,84.18,0.730,-1,-1,-1
549,2,1392.07,195.99,127.68,429.94,0.702,-1,-1,-1
549,7,761.55,273.27,55.23,167.50,0.858,-1,-1,-1
549,31,682.93,289.67,41.64,109.41,0.841,-1,-1,-1
549,37,1118.57,285.83,50.10,134.01,0.829,-1,-1,-1
549,42,842.84,279.96,48.05,158.00,0.774,-1,-1,-1
549,57,726.02,300.69,26.43,66.22,0.518,-1,-1,-1
549,61,996.89,288.11,28.05,72.77,0.700,-1,-1,-1
549,64,1051.77,296.54,24.66,56.17,0.516,-1,-1,-1
549,67,1352.40,219.33,89.49,367.24,0.832,-1,-1,-1
549,69,1651.08,224.45,64.73,168.62,0.356,-1,-1,-1
549,70,96.81,268.97,109.08,199.52,0.858,-1,-1,-1
549,71,1029.70,291.67,20.65,62.07,0.588,-1,-1,-1
549,73,935.97,317.12,41.67,89.78,0.551,-1,-1,-1
549,74,893.74,307.16,43.71,99.85,0.555,-1,-1,-1
549,75,1170.68,283.32,34.73,108.84,0.780,-1,-1,-1
549,76,202.25,289.90,30.82,85.21,0.463,-1,-1,-1
550,2,1400.03,195.77,128.43,432.53,0.742,-1,-1,-1
550,7,763.94,272.72,55.58,168.66,0.876,-1,-1,-1
550,31,686.79,289.54,41.89,109.80,0.807,-1,-1,-1
550,37,1120.85,286.05,50.76,134.26,0.846,-1,-1,-1
550,42,844.89,280.33,47.32,156.14,0.825,-1,-1,-1
550,57,729.06,301.46,26.38,65.98,0.357,-1,-1,-1
550,61,999.65,287.80,28.51,73.64,0.778,-1,-1,-1
550,64,1055.35,298.34,24.32,55.43,0.672,-1,-1,-1
550,67,1358.23,219.79,89.97,369.81,0.825,-1,-1,-1
550,69,1657.23,225.53,64.13,168.06,0.518,-1,-1,-1
550,70,94.98,269.76,108.91,198.85,0.848,-1,-1,-1
550,71,1033.38,293.40,20.32,60.99,0.618,-1,-1,-1
550,73,938.85,318.56,41.53,89.46,0.652,-1,-1,-1
550,74,895.77,308.58,43.86,99.23,0.777,-1,-1,-1
550,75,1174.34,284.57,35.48,108.98,0.820,-1,-1,-1
550,76,203.72,291.89,30.69,84.50,0.700,-1,-1,-1
551,2,1403.18,192.77,129.12,436.02,0.776,-1,-1,-1
551,7,763.02,270.58,56.07,170.02,0.867,-1,-1,-1
551,31,687.42,287.03,42.50,111.01,0.823,-1,-1,-1
551,37,1119.98,282.76,51.68,135.72,0.842,-1,-1,-1
551,42,843.03,278.35,47.80,157.90,0.788,-1,-1,-1
551,57,727.91,298.27,27.08,67.80,0.471,-1,-1,-1
551,61,999.01,286.76,28.51,73.45,0.761,-1,-1,-1
551,64,1055.14,296.55,24.31,55.60,0.643,-1,-1,-1
551,67,1360.19,215.76,91.18,374.71,0.814,-1,-1,-1
551,69,1659.06,222.26,63.64,168.33,0.724,-1,-1,-1
551,70,87.94,267.60,110.24,201.60,0.854,-1,-1,-1
551,71,1033.07,291.73,20.36,61.21,0.685,-1,-1,-1
551,73,939.05,317.31,41.40,89.32,0.676,-1,-1,-1
551,74,895.88,307.37,44.06,99.21,0.588,-1,-1,-1
551,75,1174.71,282.58,36.05,108.75,0.819,-1,-1,-1
551,76,200.20,289.79,31.20,85.46,0.714,-1,-1,-1
552,2,1409.39,195.78,129.58,437.58,0.747,-1,-1,-1
552,7,762.83,273.80,56.18,169.93,0.883,-1,-1,-1
552,31,688.60,290.36,42.56,111.02,0.834,-1,-1,-1
552,37,1120.69,285.94,52.06,136.08,0.853,-1,-1,-1
552,42,842.57,281.66,48.30,160.05,0.825,-1,-1,-1
552,57,728.78,301.15,26.90,67.34,0.497,-1,-1,-1
552,61,1000.08,289.74,28.40,73.08,0.745,-1,-1,-1
552,64,1055.60,300.07,24.27,55.54,0.640,-1,-1,-1
552,67,1364.34,219.16,91.84,377.96,0.826,-1,-1,-1
552,69,1662.04,224.14,63.74,169.63,0.499,-1,-1,-1
552,70,82.25,270.74,111.48,204.10,0.874,-1,-1,-1
552,71,1033.56,294.47,20.67,62.09,0.719,-1,-1,-1
552,73,939.72,321.31,41.05,88.52,0.678,-1,-1,-1
552,74,896.29,310.48,44.45,99.41,0.703,-1,-1,-1
552,75,1175.68,285.73,37.18,110.31,0.830,-1,-1,-1
552,76,198.66,292.71,31.69,86.65,0.778,-1,-1,-1
553,2,1411.60,193.11,130.15,439.74,0.719,-1,-1,-1
553,7,758.21,272.67,55.99,168.34,0.865,-1,-1,-1
553,31,685.23,287.21,42.75,111.94,0.816,-1,-1,-1
553,37,1117.66,284.97,51.93,135.20,0.860,-1,-1,-1
553,42,838.64,280.46,47.27,157.09,0.819,-1,-1,-1
553,57,724.74,298.11,26.75,66.94,0.392,-1,-1,-1
553,61,996.05,286.86,28.73,72.99,0.798,-1,-1,-1
553,64,1053.38,296.86,23.58,53.78,0.640,-1,-1,-1
553,67,1365.41,216.74,92.72,382.02,0.810,-1,-1,-1
553,69,1663.04,222.65,63.17,168.72,0.417,-1,-1,-1
553,70,68.57,267.93,111.77,204.88,0.853,-1,-1,-1
553,71,1031.15,292.18,20.64,61.72,0.712,-1,-1,-1
553,73,936.00,318.60,41.28,89.09,0.668,-1,-1,-1
553,74,892.39,305.81,45.67,101.78,0.761,-1,-1,-1
553,75,1172.15,281.96,39.49,115.26,0.847,-1,-1,-1
553,76,190.31,289.69,31.43,85.42,0.761,-1,-1,-1
554,2,1416.22,190.36,131.08,442.98,0.706,-1,-1,-1
554,7,757.32,271.32,56.16,168.04,0.855,-1,-1,-1
554,31,686.54,285.41,42.62,111.71,0.816,-1,-1,-1
554,37,1117.85,283.65,51.70,133.76,0.847,-1,-1,-1
554,42,838.61,278.78,47.64,159.24,0.811,-1,-1,-1
554,57,725.24,295.76,26.70,66.88,0.415,-1,-1,-1
554,61,995.39,283.76,29.67,74.76,0.789,-1,-1,-1
554,64,1054.41,295.04,22.45,50.68,0.561,-1,-1,-1
554,67,1368.83,215.28,93.16,384.21,0.814,-1,-1,-1
554,69,1665.96,221.42,63.02,168.77,0.299,-1,-1,-1
554,70,65.11,267.05,108.39,198.53,0.826,-1,-1,-1
554,71,1032.09,290.76,20.49,60.97,0.669,-1,-1,-1
554,73,936.87,316.21,41.35,89.68,0.711,-1,-1,-1
554,74,892.08,303.48,46.08,102.41,0.762,-1,-1,-1
554,75,1172.12,279.49,41.02,117.84,0.834,-1,-1,-1
554,76,187.94,287.61,31.39,84.65,0.782,-1,-1,-1
555,2,1416.82,187.60,131.61,446.56,0.725,-1,-1,-1
555,7,754.98,268.95,56.49,168.29,0.873,-1,-1,-1
555,31,687.10,283.48,42.59,111.65,0.831,-1,-1,-1
555,37,1116.57,281.35,52.18,134.61,0.839,-1,-1,-1
555,42,838.02,276.76,47.71,160.11,0.822,-1,-1,-1
555,57,725.34,294.27,26.47,66.01,0.294,-1,-1,-1
555,61,995.28,280.91,29.63,74.49,0.777,-1,-1,-1
555,64,1053.33,292.67,23.40,52.75,0.728,-1,-1,-1
555,67,1370.48,212.54,93.48,386.47,0.821,-1,-1,-1
555,69,1667.52,219.90,62.49,167.92,0.461,-1,-1,-1
555,70,55.07,264.70,112.16,205.41,0.839,-1,-1,-1
555,71,1031.95,288.58,20.29,60.20,0.699,-1,-1,-1
555,73,936.54,314.22,41.23,90.03,0.696,-1,-1,-1
555,74,891.59,302.25,45.76,101.05,0.766,-1,-1,-1
555,75,1171.88,276.48,41.71,117.70,0.848,-1,-1,-1
555,76,183.66,285.00,32.28,86.03,0.802,-1,-1,-1
556,2,1416.99,185.60,132.44,451.21,0.710,-1,-1,-1
556,7,751.80,267.44,56.70,168.25,0.892,-1,-1,-1
556,31,685.68,281.70,43.12,112.55,0.828,-1,-1,-1
556,37,1114.29,280.03,52.28,134.83,0.840,-1,-1,-1
556,42,837.15,276.19,47.92,160.54,0.826,-1,-1,-1
556,57,723.74,292.56,27.00,67.38,-1.000,-1,-1,-1
556,61,993.55,279.37,29.90,74.95,0.742,-1,-1,-1
556,64,1051.87,291.07,23.58,53.08,0.679,-1,-1,-1
556,67,1371.61,210.77,93.94,389.19,0.839,-1,-1,-1
556,69,1667.37,217.41,62.80,169.36,0.368,-1,-1,-1
556,70,46.21,263.22,114.30,209.06,0.835,-1,-1,-1
556,71,1029.90,285.32,21.15,62.81,0.712,-1,-1,-1
556,73,935.11,313.45,40.74,89.02,0.691,-1,-1,-1
556,74,889.72,299.81,46.54,102.32,0.761,-1,-1,-1
556,75,1171.50,274.35,42.61,119.18,0.835,-1,-1,-1
556,76,178.18,282.64,33.49,88.57,0.787,-1,-1,-1
557,2,1417.26,184.34,132.99,454.90,0.735,-1,-1,-1
557,7,747.94,267.03,57.14,168.69,0.885,-1,-1,-1
557,31,684.36,282.26,43.27,112.64,0.832,-1,-1,-1
557,37,1112.52,281.00,51.93,133.60,0.831,-1,-1,-1
557,42,834.69,276.75,48.29,162.27,0.854,-1,-1,-1
557,57,722.14,290.85,27.52,68.75,-1.000,-1,-1,-1
557,61,991.69,279.51,29.67,74.32,0.781,-1,-1,-1
557,64,1049.46,290.74,24.42,55.18,0.719,-1,-1,-1
557,67,1371.79,207.96,95.06,394.24,0.778,-1,-1,-1
557,69,1666.59,216.70,62.29,168.39,0.251,-1,-1,-1
557,70,36.03,264.05,115.16,210.91,0.848,-1,-1,-1
557,71,1028.10,284.72,21.19,62.83,0.680,-1,-1,-1
557,73,932.87,312.07,40.99,90.06,0.701,-1,-1,-1
557,74,887.14,299.30,46.96,102.59,0.788,-1,-1,-1
557,75,1170.24,273.48,44.19,122.91,0.847,-1,-1,-1
557,76,172.69,283.68,34.09,89.33,0.774,-1,-1,-1
558,2,1421.51,181.01,134.41,461.04,0.706,-1,-1,-1
558,7,746.70,266.68,57.13,168.45,0.845,-1,-1,-1
558,31,684.86,282.59,42.91,111.53,0.820,-1,-1,-1
558,37,1113.05,277.98,52.21,134.73,0.799,-1,-1,-1
558,42,835.11,276.02,47.52,159.69,0.845,-1,-1,-1
558,57,720.54,289.13,28.04,70.12,0.616,-1,-1,-1
558,61,992.51,278.66,29.61,74.15,0.754,-1,-1,-1
558,64,1049.62,287.38,25.56,57.87,0.698,-1,-1,-1
558,67,1376.38,206.04,95.59,397.15,0.800,-1,-1,-1
558,69,1670.05,213.99,62.33,169.07,0.275,-1,-1,-1
558,70,25.79,262.58,114.89,210.11,0.817,-1,-1,-1
558,71,1028.22,282.45,21.58,63.83,0.643,-1,-1,-1
558,73,932.64,310.32,41.20,90.77,0.689,-1,-1,-1
558,74,887.81,298.49,46.98,102.59,0.693,-1,-1,-1
558,75,1173.12,271.86,43.91,121.60,0.812,-1,-1,-1
558,76,167.59,284.02,34.49,89.25,0.763,-1,-1,-1
559,2,1425.91,182.51,135.86,466.53,0.723,-1,-1,-1
559,7,743.00,270.70,57.19,167.99,0.863,-1,-1,-1
559,31,684.96,286.31,42.89,111.02,0.827,-1,-1,-1
559,37,1111.82,280.60,51.79,134.15,0.808,-1,-1,-1
559,42,834.86,278.75,48.21,161.27,0.848,-1,-1,-1
559,57,720.34,294.71,26.94,67.37,0.581,-1,-1,-1
559,61,991.50,281.60,29.50,73.62,0.790,-1,-1,-1
559,64,1048.64,290.80,25.53,57.70,0.689,-1,-1,-1
559,67,1378.89,207.28,96.53,400.66,0.791,-1,-1,-1
559,69,1671.38,216.73,62.16,169.03,0.572,-1,-1,-1
559,70,18.72,264.92,112.95,205.57,0.843,-1,-1,-1
559,71,1027.34,284.81,21.88,64.72,0.634,-1,-1,-1
559,73,930.87,313.07,41.41,91.11,0.636,-1,-1,-1
559,74,886.31,302.94,46.54,101.08,0.745,-1,-1,-1
559,75,1173.78,274.95,44.11,121.61,0.827,-1,-1,-1
559,76,162.70,287.81,36.70,93.99,0.784,-1,-1,-1
560,2,1430.02,182.21,136.71,469.86,0.697,-1,-1,-1
560,7,739.87,270.63,57.67,169.21,0.850,-1,-1,-1
560,31,684.18,287.55,42.71,111.09,0.826,-1,-1,-1
560,37,1111.43,281.56,51.57,133.76,0.817,-1,-1,-1
560,42,833.58,279.52,47.26,158.09,0.854,-1,-1,-1
560,57,719.22,297.57,26.68,66.94,0.481,-1,-1,-1
560,61,991.17,283.58,29.34,73.44,0.777,-1,-1,-1
560,64,1047.48,292.43,25.72,58.22,0.692,-1,-1,-1
560,67,1380.75,207.08,97.10,402.83,0.782,-1,-1,-1
560,69,1673.15,218.20,61.85,168.46,0.687,-1,-1,-1
560,70,9.58,265.33,114.69,207.89,0.841,-1,-1,-1
560,71,1026.89,285.75,22.14,65.56,0.648,-1,-1,-1
560,73,928.97,314.12,41.72,91.66,0.692,-1,-1,-1
560,74,885.44,304.48,46.67,100.99,0.774,-1,-1,-1
560,75,1174.54,276.42,43.90,120.66,0.804,-1,-1,-1
560,76,158.25,290.03,36.89,93.81,0.753,-1,-1,-1
561,2,1437.09,182.49,138.55,474.67,0.718,-1,-1,-1
561,7,738.55,273.15,57.57,169.28,0.834,-1,-1,-1
561,31,684.44,290.60,42.06,109.74,0.823,-1,-1,-1
561,37,1111.38,282.89,51.35,133.79,0.817,-1,-1,-1
561,42,834.11,281.34,47.25,157.38,0.858,-1,-1,-1
561,57,719.26,300.94,26.25,66.13,0.436,-1,-1,-1
561,61,991.71,285.63,29.28,73.29,0.753,-1,-1,-1
561,64,1048.31,294.57,25.52,57.58,0.511,-1,-1,-1
561,67,1383.78,207.67,98.16,406.65,0.838,-1,-1,-1
561,69,1674.67,219.36,62.13,169.49,0.425,-1,-1,-1
561,70,3.35,267.28,114.18,205.92,0.860,-1,-1,-1
561,71,1027.44,288.31,22.15,65.08,0.579,-1,-1,-1
561,73,927.69,315.80,42.17,92.65,0.672,-1,-1,-1
561,74,885.14,305.94,47.27,102.13,0.748,-1,-1,-1
561,75,1176.92,279.11,42.38,115.85,0.776,-1,-1,-1
561,76,155.50,292.72,36.74,92.61,0.724,-1,-1,-1
562,2,1439.99,184.03,139.61,476.24,0.661,-1,-1,-1
562,7,736.01,276.48,57.31,168.67,0.844,-1,-1,-1
562,31,683.65,293.18,42.03,109.58,0.836,-1,-1,-1
562,37,1110.44,286.14,50.76,133.06,0.797,-1,-1,-1
562,42,831.25,284.12,47.01,157.79,0.817,-1,-1,-1
562,61,990.66,289.51,28.90,72.51,0.710,-1,-1,-1
562,64,1048.14,299.03,24.71,55.36,0.167,-1,-1,-1
562,67,1384.30,208.88,99.17,409.33,0.823,-1,-1,-1
562,69,1680.87,221.61,62.14,169.62,-1.000,-1,-1,-1
562,70,-1.69,269.79,113.17,204.17,0.858,-1,-1,-1
562,71,1027.00,292.54,21.79,63.80,0.489,-1,-1,-1
562,73,925.43,317.71,42.49,93.20,0.528,-1,-1,-1
562,74,883.28,308.50,47.45,102.63,0.772,-1,-1,-1
562,75,1177.25,282.48,40.36,109.17,0.774,-1,-1,-1
562,76,152.50,296.23,36.02,89.72,0.596,-1,-1,-1
563,2,1455.09,186.60,143.16,484.19,0.693,-1,-1,-1
563,7,739.92,281.29,56.91,166.95,0.857,-1,-1,-1
563,31,690.44,295.83,42.61,111.10,0.840,-1,-1,-1
563,37,1116.01,290.68,51.06,133.67,0.818,-1,-1,-1
563,42,835.82,287.46,47.73,161.73,0.816,-1,-1,-1
563,61,997.12,294.66,28.89,71.92,0.731,-1,-1,-1
563,64,1054.49,304.28,24.69,54.83,0.534,-1,-1,-1
563,67,1394.50,211.88,100.74,415.64,0.827,-1,-1,-1
563,69,1687.06,223.86,62.16,169.74,-1.000,-1,-1,-1
563,70,-4.29,273.66,112.59,204.79,0.834,-1,-1,-1
563,71,1033.80,297.77,21.42,62.52,0.541,-1,-1,-1
563,73,932.60,322.13,42.52,93.47,0.607,-1,-1,-1
563,74,888.59,311.64,48.09,104.37,0.768,-1,-1,-1
563,75,1183.07,285.83,41.73,109.62,0.807,-1,-1,-1
563,76,155.43,299.44,37.03,91.79,0.560,-1,-1,-1
563,77,81.13,287.20,47.38,123.56,0.721,-1,-1,-1
564,2,1460.18,187.24,144.21,490.33,0.739,-1,-1,-1
564,7,745.18,283.29,57.07,167.25,0.868,-1,-1,-1
564,31,697.72,299.68,42.34,110.35,0.808,-1,-1,-1
564,37,1121.07,293.48,51.39,133.69,0.832,-1,-1,-1
564,42,841.48,290.13,48.21,164.63,0.807,-1,-1,-1
564,61,1004.54,298.35,28.07,70.35,0.733,-1,-1,-1
564,64,1062.02,310.70,23.46,51.80,0.206,-1,-1,-1
564,67,1405.86,214.28,101.84,418.70,0.821,-1,-1,-1
564,69,1693.26,226.12,62.17,169.86,-1.000,-1,-1,-1
564,70,-3.34,278.17,112.17,204.93,0.872,-1,-1,-1
564,71,1040.52,300.40,21.38,62.40,0.474,-1,-1,-1
564,73,935.16,325.54,43.50,94.33,0.667,-1,-1,-1
564,74,894.00,315.21,48.13,104.00,0.657,-1,-1,-1
564,75,1190.23,288.64,41.85,106.76,0.783,-1,-1,-1
564,76,160.08,302.97,37.74,93.49,0.641,-1,-1,-1
564,77,83.09,291.67,47.79,124.67,0.779,-1,-1,-1
565,2,1463.62,185.22,145.78,498.26,0.731,-1,-1,-1
565,7,746.49,281.80,57.87,169.39,0.850,-1,-1,-1
565,31,702.23,297.50,43.50,113.26,0.793,-1,-1,-1
565,37,1122.17,289.52,53.34,137.76,0.820,-1,-1,-1
565,42,845.39,289.32,47.53,162.45,0.812,-1,-1,-1
565,61,1008.25,297.95,28.03,70.36,0.607,-1,-1,-1
565,64,1065.48,307.17,25.04,55.30,0.243,-1,-1,-1
565,67,1411.38,212.26,103.57,426.10,0.816,-1,-1,-1
565,69,1699.46,228.37,62.18,169.98,-1.000,-1,-1,-1
565,70,-4.55,277.71,111.86,205.62,0.864,-1,-1,-1
565,71,1045.84,298.58,22.01,64.19,0.151,-1,-1,-1
565,73,938.93,321.23,45.35,98.49,0.411,-1,-1,-1
565,74,897.65,315.03,48.16,103.62,0.665,-1,-1,-1
565,75,1192.36,286.83,46.94,117.17,0.839,-1,-1,-1
565,76,162.62,299.76,39.18,97.46,0.645,-1,-1,-1
565,77,82.37,290.00,49.12,127.76,0.757,-1,-1,-1
566,2,1469.80,187.12,146.29,502.09,0.736,-1,-1,-1
566,7,749.43,284.93,57.33,168.13,0.875,-1,-1,-1
566,31,704.91,299.70,43.04,112.35,0.790,-1,-1,-1
566,37,1125.32,294.22,52.60,135.19,0.837,-1,-1,-1
566,42,847.77,291.81,46.88,160.79,0.811,-1,-1,-1
566,61,1012.19,299.68,28.38,71.30,0.767,-1,-1,-1
566,64,1068.78,310.65,24.44,53.76,0.180,-1,-1,-1
566,67,1417.83,213.05,104.77,430.52,0.792,-1,-1,-1
566,69,1705.65,230.62,62.19,170.10,0.733,-1,-1,-1
566,70,-6.49,281.44,111.32,205.01,0.486,-1,-1,-1
566,71,1049.12,302.18,21.57,62.90,0.233,-1,-1,-1
566,73,942.43,326.53,44.22,96.03,0.532,-1,-1,-1
566,74,901.06,317.87,48.07,103.31,0.724,-1,-1,-1
566,75,1195.36,289.09,49.02,119.90,0.869,-1,-1,-1
566,76,164.70,302.12,38.61,96.14,0.570,-1,-1,-1
566,77,84.04,293.27,49.04,127.08,0.701,-1,-1,-1
567,2,1487.43,186.84,148.54,506.53,0.708,-1,-1,-1
567,7,753.62,284.01,57.55,168.96,0.847,-1,-1,-1
567,31,711.24,300.30,42.70,111.47,0.790,-1,-1,-1
567,37,1130.96,296.04,51.93,133.05,0.813,-1,-1,-1
567,42,852.39,290.83,46.98,161.24,0.809,-1,-1,-1
567,61,1018.24,298.59,28.31,71.14,0.694,-1,-1,-1
567,64,1075.15,308.52,24.52,53.77,0.267,-1,-1,-1
567,67,1428.04,214.88,105.12,431.43,0.834,-1,-1,-1
567,69,1715.46,228.08,63.04,172.66,0.511,-1,-1,-1
567,70,-7.05,281.45,111.65,207.47,0.799,-1,-1,-1
567,71,1055.15,301.48,21.73,63.18,0.446,-1,-1,-1
567,73,948.45,328.41,43.42,93.56,0.604,-1,-1,-1
567,74,907.66,317.92,47.90,103.17,0.539,-1,-1,-1
567,75,1200.29,287.93,52.58,126.91,0.873,-1,-1,-1
567,76,169.79,301.95,38.95,97.69,0.731,-1,-1,-1
567,77,88.85,294.47,48.49,124.75,0.747,-1,-1,-1
568,2,1497.06,184.42,150.45,514.60,0.668,-1,-1,-1
568,7,758.08,282.74,57.36,168.59,0.860,-1,-1,-1
568,31,715.32,298.28,42.33,110.63,0.833,-1,-1,-1
568,37,1132.56,293.56,52.14,133.47,0.825,-1,-1,-1
568,42,854.86,289.42,46.93,159.74,0.859,-1,-1,-1
568,61,1023.49,295.18,28.73,72.33,0.764,-1,-1,-1
568,64,1080.67,305.18,25.50,55.75,0.683,-1,-1,-1
568,67,1438.11,212.77,106.98,440.45,0.842,-1,-1,-1
568,69,1726.19,222.64,64.60,177.46,0.537,-1,-1,-1
568,70,-8.42,279.52,111.69,210.32,0.884,-1,-1,-1
568,71,1060.79,298.76,21.70,63.24,0.556,-1,-1,-1
568,73,955.64,327.05,43.07,93.33,0.662,-1,-1,-1
568,74,912.57,315.73,48.34,104.08,0.659,-1,-1,-1
568,75,1207.36,285.43,54.22,128.99,0.887,-1,-1,-1
568,76,171.74,300.70,38.61,98.08,0.742,-1,-1,-1
568,77,85.47,292.94,50.26,126.83,0.857,-1,-1,-1
569,2,1501.09,182.23,151.27,520.19,0.729,-1,-1,-1
569,7,759.67,282.62,56.77,166.62,0.857,-1,-1,-1
569,31,717.38,298.55,41.81,109.06,0.827,-1,-1,-1
569,37,1132.69,293.49,52.11,132.57,0.837,-1,-1,-1
569,42,855.80,289.46,46.47,157.08,0.865,-1,-1,-1
569,61,1025.15,293.10,29.40,74.16,0.782,-1,-1,-1
569,64,1083.15,303.59,25.97,56.94,0.742,-1,-1,-1
569,67,1444.71,211.97,107.73,445.58,0.850,-1,-1,-1
569,69,1730.77,220.21,64.54,178.08,0.736,-1,-1,-1
569,70,-10.01,279.59,110.23,210.82,0.897,-1,-1,-1
569,71,1062.74,296.93,21.73,63.56,0.596,-1,-1,-1
569,73,957.67,326.77,42.73,92.76,0.750,-1,-1,-1
569,74,914.19,314.10,48.74,105.01,0.746,-1,-1,-1
569,75,1211.43,284.51,55.01,129.72,0.886,-1,-1,-1
569,76,172.27,300.59,38.26,98.22,0.717,-1,-1,-1
569,77,79.46,292.55,51.46,127.96,0.869,-1,-1,-1
570,2,1507.29,177.11,152.30,526.59,0.719,-1,-1,-1
570,7,761.77,280.09,57.03,167.50,0.866,-1,-1,-1
570,31,720.01,295.28,41.82,108.94,0.829,-1,-1,-1
570,37,1134.50,289.72,52.36,132.70,0.833,-1,-1,-1
570,42,857.80,286.74,47.12,158.60,0.857,-1,-1,-1
570,61,1028.05,288.86,29.86,75.62,0.768,-1,-1,-1
570,64,1086.23,299.11,26.41,58.50,0.723,-1,-1,-1
570,67,1451.08,208.01,107.88,446.46,0.830,-1,-1,-1
570,69,1738.01,217.16,64.19,177.45,0.606,-1,-1,-1
570,70,-10.63,277.11,108.75,211.14,0.875,-1,-1,-1
570,71,1065.91,293.88,21.52,63.52,0.633,-1,-1,-1
570,73,960.22,322.82,43.34,93.97,0.669,-1,-1,-1
570,74,916.97,311.02,48.75,105.00,0.714,-1,-1,-1
570,75,1216.39,281.27,55.65,130.55,0.890,-1,-1,-1
570,76,172.21,298.01,38.61,99.77,0.767,-1,-1,-1
570,77,77.18,289.50,52.68,128.64,0.875,-1,-1,-1
570,78,130.06,304.06,33.90,95.30,0.741,-1,-1,-1
571,2,1513.47,175.65,153.11,532.04,0.769,-1,-1,-1
571,7,763.21,281.05,57.03,167.37,0.858,-1,-1,-1
571,31,721.86,295.73,41.99,109.15,0.835,-1,-1,-1
571,37,1134.28,289.37,52.33,132.55,0.832,-1,-1,-1
571,42,858.43,287.37,47.69,160.08,0.854,-1,-1,-1
571,61,1029.59,288.41,30.07,76.52,0.766,-1,-1,-1
571,64,1088.46,298.58,26.53,59.19,0.717,-1,-1,-1
571,67,1456.56,207.43,108.33,447.61,0.832,-1,-1,-1
571,69,1743.07,217.77,63.88,177.14,0.593,-1,-1,-1
571,70,-12.18,276.79,107.18,211.83,0.878,-1,-1,-1
571,71,1067.62,294.04,21.35,63.25,0.533,-1,-1,-1
571,73,962.64,322.19,43.52,94.83,0.718,-1,-1,-1
571,74,918.10,310.92,49.00,105.27,0.690,-1,-1,-1
571,75,1220.61,281.80,55.37,129.46,0.876,-1,-1,-1
571,76,171.09,299.19,38.64,99.73,0.792,-1,-1,-1
571,77,73.01,289.18,53.71,129.79,0.887,-1,-1,-1
571,78,128.58,303.90,34.29,96.25,0.763,-1,-1,-1
572,2,1521.16,173.92,154.26,536.81,0.708,-1,-1,-1
572,7,764.14,278.34,57.71,169.46,0.861,-1,-1,-1
572,31,722.80,295.03,42.20,109.11,0.833,-1,-1,-1
572,37,1134.60,288.25,52.52,133.00,0.833,-1,-1,-1
572,42,858.67,286.94,47.43,158.48,0.858,-1,-1,-1
572,61,1030.88,287.63,30.22,77.40,0.801,-1,-1,-1
572,64,1090.41,297.60,26.56,59.62,0.707,-1,-1,-1
572,67,1460.31,205.15,109.23,450.82,0.848,-1,-1,-1
572,69,1746.72,214.44,64.71,180.42,0.679,-1,-1,-1
572,70,-13.38,274.61,105.00,211.74,0.878,-1,-1,-1
572,71,1068.10,292.67,21.54,63.87,0.674,-1,-1,-1
572,73,963.72,322.37,43.55,94.69,0.648,-1,-1,-1
572,74,918.99,309.38,49.49,106.16,0.662,-1,-1,-1
572,75,1224.23,281.49,55.53,129.81,0.871,-1,-1,-1
572,76,170.14,298.04,38.89,99.91,0.803,-1,-1,-1
572,77,70.82,286.94,54.60,130.89,0.882,-1,-1,-1
572,78,127.46,302.53,34.32,96.16,0.785,-1,-1,-1
573,2,1537.04,172.93,157.49,545.43,0.691,-1,-1,-1
573,7,765.98,279.32,57.70,169.65,0.853,-1,-1,-1
573,31,724.96,294.86,42.42,109.34,0.811,-1,-1,-1
573,37,1136.35,287.92,53.32,135.12,0.837,-1,-1,-1
573,42,857.53,286.58,48.15,160.56,0.848,-1,-1,-1
573,61,1032.71,287.43,30.51,78.61,0.785,-1,-1,-1
573,64,1093.78,298.58,26.52,59.79,0.783,-1,-1,-1
573,67,1469.04,203.96,110.88,456.93,0.860,-1,-1,-1
573,69,1753.77,215.03,65.34,182.81,0.738,-1,-1,-1
573,70,-16.89,272.77,102.95,213.19,0.863,-1,-1,-1
573,71,1070.40,294.01,21.91,64.20,0.679,-1,-1,-1
573,73,965.64,323.21,43.72,94.80,0.621,-1,-1,-1
573,74,920.65,309.78,50.01,106.98,0.673,-1,-1,-1
573,75,1229.04,282.09,56.07,131.42,0.886,-1,-1,-1
573,76,168.96,297.53,39.13,100.47,0.772,-1,-1,-1
573,77,65.99,284.97,55.38,132.72,0.874,-1,-1,-1
573,78,122.82,301.40,34.47,96.77,0.795,-1,-1,-1
574,2,1540.68,172.50,158.04,550.58,0.749,-1,-1,-1
574,7,766.01,281.90,57.09,167.63,0.844,-1,-1,-1
574,31,725.62,295.43,42.62,109.83,0.804,-1,-1,-1
574,37,1136.77,288.15,53.35,136.56,0.828,-1,-1,-1
574,42,856.22,287.31,47.91,159.71,0.833,-1,-1,-1
574,61,1033.53,291.20,29.55,76.13,0.766,-1,-1,-1
574,64,1094.73,299.27,26.96,60.80,0.766,-1,-1,-1
574,67,1474.42,204.16,112.10,461.21,0.852,-1,-1,-1
574,69,1757.89,219.66,64.24,179.85,0.675,-1,-1,-1
574,70,-19.95,273.04,100.99,212.81,0.660,-1,-1,-1
574,71,1071.04,295.70,22.07,64.56,0.646,-1,-1,-1
574,73,963.77,324.59,44.42,95.20,0.647,-1,-1,-1
574,74,921.17,311.72,49.97,106.59,0.726,-1,-1,-1
574,75,1230.85,283.25,56.25,132.02,0.882,-1,-1,-1
574,76,167.27,298.26,38.74,99.40,0.754,-1,-1,-1
574,77,61.26,284.34,55.17,133.12,0.872,-1,-1,-1
574,78,120.42,301.29,34.65,97.20,0.753,-1,-1,-1
575,2,1546.98,173.21,158.79,555.65,0.695,-1,-1,-1
575,7,768.48,282.32,57.79,169.30,0.856,-1,-1,-1
575,31,729.87,297.78,42.16,108.72,0.765,-1,-1,-1
575,37,1140.38,290.67,53.23,136.95,0.738,-1,-1,-1
575,42,857.62,289.29,47.38,157.87,0.841,-1,-1,-1
575,61,1037.11,296.39,28.61,73.51,0.781,-1,-1,-1
575,64,1097.49,302.08,27.50,62.22,0.733,-1,-1,-1
575,67,1480.99,206.16,113.70,465.01,0.858,-1,-1,-1
575,69,1765.51,224.34,64.31,179.46,0.617,-1,-1,-1
575,70,-19.94,272.86,98.12,212.59,0.808,-1,-1,-1
575,71,1072.60,297.86,22.44,65.61,0.606,-1,-1,-1
575,73,968.66,327.33,44.21,95.07,0.699,-1,-1,-1
575,74,927.40,314.83,49.69,106.95,0.595,-1,-1,-1
575,75,1234.72,286.41,56.22,131.78,0.834,-1,-1,-1
575,76,168.15,299.19,38.85,99.52,0.763,-1,-1,-1
575,77,60.87,284.58,54.89,133.31,0.872,-1,-1,-1
575,78,120.05,301.75,34.72,97.39,0.806,-1,-1,-1
576,2,1552.81,174.65,160.00,562.68,0.678,-1,-1,-1
576,7,768.58,282.98,58.02,169.77,0.859,-1,-1,-1
576,31,731.49,299.22,41.70,108.07,0.789,-1,-1,-1
576,37,1140.73,293.56,52.58,136.32,0.779,-1,-1,-1
576,42,857.01,290.78,47.17,157.22,0.850,-1,-1,-1
576,61,1037.92,299.82,27.94,71.58,0.762,-1,-1,-1
576,64,1098.38,304.34,27.23,61.95,0.711,-1,-1,-1
576,67,1485.47,207.41,115.11,468.82,0.841,-1,-1,-1
576,69,1769.41,227.97,62.87,174.65,0.546,-1,-1,-1
576,70,-21.47,273.49,94.90,212.65,0.839,-1,-1,-1
576,71,1073.28,299.06,22.72,66.42,0.657,-1,-1,-1
576,73,969.18,329.06,44.21,95.40,0.610,-1,-1,-1
576,74,926.74,316.58,49.98,107.66,0.733,-1,-1,-1
576,75,1235.86,288.18,56.53,132.33,0.858,-1,-1,-1
576,76,165.40,299.53,39.21,100.63,0.772,-1,-1,-1
576,77,58.46,285.01,54.82,134.06,0.863,-1,-1,-1
576,78,117.92,301.72,35.02,98.42,0.758,-1,-1,-1
577,2,1557.42,179.24,160.40,565.64,0.581,-1,-1,-1
577,7,764.19,286.87,57.91,168.99,0.819,-1,-1,-1
577,31,729.57,300.90,42.02,108.91,0.733,-1,-1,-1
577,37,1139.38,298.40,51.56,135.14,0.752,-1,-1,-1
577,42,854.18,293.77,47.40,159.05,0.602,-1,-1,-1
577,61,1035.28,302.24,28.24,72.16,0.475,-1,-1,-1
577,64,1098.59,308.43,27.51,63.02,-1.000,-1,-1,-1
577,67,1487.60,211.35,116.16,472.61,0.754,-1,-1,-1
577,69,1772.17,234.41,63.26,175.91,-1.000,-1,-1,-1
577,70,-25.69,275.50,93.69,211.50,0.124,-1,-1,-1
577,71,1073.16,303.06,23.23,67.81,-1.000,-1,-1,-1
577,73,965.70,332.97,44.04,94.80,0.134,-1,-1,-1
577,74,923.34,320.36,49.50,106.44,0.561,-1,-1,-1
577,75,1235.60,291.83,56.66,133.03,0.692,-1,-1,-1
577,76,160.32,301.41,38.72,98.75,0.656,-1,-1,-1
577,77,54.22,286.77,54.18,132.77,0.305,-1,-1,-1
577,78,114.55,309.39,32.58,91.50,0.129,-1,-1,-1
578,2,1568.57,182.74,163.18,577.46,0.682,-1,-1,-1
578,7,766.28,289.05,58.17,170.64,0.830,-1,-1,-1
578,31,732.25,301.20,43.53,114.03,0.782,-1,-1,-1
578,37,1141.70,305.50,50.83,134.04,0.827,-1,-1,-1
578,42,854.87,297.22,47.45,159.99,0.809,-1,-1,-1
578,61,1037.68,308.07,28.64,73.26,0.738,-1,-1,-1
578,64,1098.80,312.53,27.79,64.09,0.739,-1,-1,-1
578,67,1496.41,214.30,118.67,481.83,0.864,-1,-1,-1
578,69,1774.94,240.85,63.65,177.17,0.602,-1,-1,-1
578,70,-21.20,313.01,74.62,174.23,0.749,-1,-1,-1
578,71,1073.04,307.06,23.74,69.20,0.635,-1,-1,-1
578,73,970.23,336.45,44.55,96.29,0.714,-1,-1,-1
578,74,925.80,323.98,50.29,108.07,0.784,-1,-1,-1
578,75,1239.19,295.95,57.22,134.15,0.829,-1,-1,-1
578,76,158.14,300.07,40.21,102.88,0.774,-1,-1,-1
578,77,47.88,287.23,55.92,135.83,0.860,-1,-1,-1
578,78,108.76,305.29,35.43,99.39,0.798,-1,-1,-1
579,2,1572.80,183.22,164.85,587.12,0.676,-1,-1,-1
579,7,764.58,292.93,57.88,170.35,0.826,-1,-1,-1
579,31,730.32,304.52,43.27,113.74,0.785,-1,-1,-1
579,37,1139.50,308.72,50.85,135.22,0.788,-1,-1,-1
579,42,850.79,300.29,48.01,163.16,0.813,-1,-1,-1
579,61,1034.95,312.22,28.26,72.27,0.678,-1,-1,-1
579,64,1097.42,316.76,27.26,62.82,0.223,-1,-1,-1
579,67,1499.75,218.57,120.12,485.17,0.863,-1,-1,-1
579,69,1775.43,240.93,64.74,180.50,-1.000,-1,-1,-1
579,71,1070.01,311.32,23.54,68.68,0.300,-1,-1,-1
579,73,968.24,340.62,43.66,94.65,0.629,-1,-1,-1
579,74,924.21,327.77,49.88,107.10,0.719,-1,-1,-1
579,75,1240.97,299.57,56.56,133.53,0.818,-1,-1,-1
579,76,151.36,303.06,39.87,102.36,0.755,-1,-1,-1
579,77,40.30,291.34,55.55,132.95,0.841,-1,-1,-1
579,78,102.65,307.51,35.75,99.81,0.576,-1,-1,-1
580,2,1578.27,182.41,165.98,594.78,0.739,-1,-1,-1
580,7,763.75,290.73,58.30,171.79,0.827,-1,-1,-1
580,31,730.74,304.56,42.67,112.78,0.774,-1,-1,-1
580,37,1139.21,307.57,50.69,136.14,0.827,-1,-1,-1
580,42,849.36,299.90,48.27,164.07,0.825,-1,-1,-1
580,61,1034.69,310.29,28.86,73.77,0.749,-1,-1,-1
580,64,1096.60,314.43,28.25,65.36,0.648,-1,-1,-1
580,67,1503.45,219.05,121.66,488.90,0.868,-1,-1,-1
580,69,1775.92,241.01,65.84,183.82,0.648,-1,-1,-1
580,71,1069.92,309.32,24.34,70.69,0.627,-1,-1,-1
580,73,968.49,339.99,43.82,95.25,0.667,-1,-1,-1
580,74,924.21,327.44,50.07,107.50,0.698,-1,-1,-1
580,75,1240.73,299.35,57.02,134.28,0.872,-1,-1,-1
580,76,146.64,300.28,40.30,104.05,0.742,-1,-1,-1
580,77,34.48,288.21,57.24,135.99,0.870,-1,-1,-1
580,78,98.39,305.46,36.01,99.93,0.808,-1,-1,-1
581,2,1582.13,183.67,166.42,599.12,0.703,-1,-1,-1
581,7,761.32,290.72,58.54,171.51,0.825,-1,-1,-1
581,31,729.61,305.93,42.00,111.53,0.742,-1,-1,-1
581,37,1138.30,308.43,50.00,135.53,0.838,-1,-1,-1
581,42,847.30,300.15,47.89,162.43,0.837,-1,-1,-1
581,61,1031.68,308.69,29.58,75.78,0.739,-1,-1,-1
581,64,1095.90,315.87,27.62,64.11,0.716,-1,-1,-1
581,67,1505.66,219.89,123.24,491.58,0.843,-1,-1,-1
581,69,1776.43,244.40,66.27,185.14,0.295,-1,-1,-1
581,71,1069.65,309.59,24.03,69.83,0.603,-1,-1,-1
581,73,966.72,340.69,43.78,95.17,0.596,-1,-1,-1
581,74,920.77,328.43,50.02,106.89,0.665,-1,-1,-1
581,75,1241.34,300.53,56.78,134.06,0.851,-1,-1,-1
581,76,140.25,299.15,40.46,105.09,0.812,-1,-1,-1
581,77,28.13,287.08,58.55,137.52,0.879,-1,-1,-1
581,78,92.47,304.52,36.41,100.34,0.807,-1,-1,-1
582,2,1584.15,183.24,167.19,602.82,0.781,-1,-1,-1
582,7,756.24,289.66,58.94,172.50,0.842,-1,-1,-1
582,31,725.97,306.13,41.50,111.15,0.773,-1,-1,-1
582,37,1135.76,308.38,49.39,134.26,0.799,-1,-1,-1
582,42,843.40,300.46,47.43,161.02,0.848,-1,-1,-1
582,61,1028.10,308.55,29.38,75.39,0.787,-1,-1,-1
582,64,1092.49,317.05,26.37,61.46,0.779,-1,-1,-1
582,67,1504.95,220.35,124.80,494.51,0.862,-1,-1,-1
582,69,1774.26,245.72,66.53,186.15,0.137,-1,-1,-1
582,71,1065.40,310.71,23.31,67.57,0.712,-1,-1,-1
582,73,959.17,341.31,44.23,94.86,0.596,-1,-1,-1
582,74,916.85,328.99,49.75,106.20,0.540,-1,-1,-1
582,75,1239.14,301.01,57.20,135.78,0.887,-1,-1,-1
582,76,130.75,297.52,41.15,106.34,0.843,-1,-1,-1
582,77,19.57,286.23,59.01,138.14,0.874,-1,-1,-1
582,78,83.66,304.01,36.75,100.30,0.815,-1,-1,-1
583,2,1591.06,181.05,168.85,611.30,0.665,-1,-1,-1
583,7,751.89,284.48,59.46,174.03,0.831,-1,-1,-1
583,31,723.48,302.80,40.81,110.26,0.722,-1,-1,-1
583,37,1133.18,305.40,48.60,133.51,0.825,-1,-1,-1
583,42,839.64,297.39,47.60,161.89,0.819,-1,-1,-1
583,61,1025.89,305.95,29.08,74.58,0.772,-1,-1,-1
583,64,1090.33,314.41,25.74,60.14,0.765,-1,-1,-1
583,67,1507.68,214.57,127.91,503.13,0.827,-1,-1,-1
583,69,1781.24,242.42,52.78,141.02,0.708,-1,-1,-1
583,71,1062.50,308.78,22.71,65.94,0.576,-1,-1,-1
583,73,958.02,337.69,44.59,95.77,0.741,-1,-1,-1
583,74,914.07,325.26,50.22,107.30,0.643,-1,-1,-1
583,75,1239.55,299.10,57.21,136.75,0.873,-1,-1,-1
583,76,119.51,291.96,41.74,107.01,0.801,-1,-1,-1
583,77,5.32,280.69,59.50,138.16,0.902,-1,-1,-1
583,78,74.92,298.90,37.07,100.03,0.830,-1,-1,-1
583,79,678.38,312.51,11.58,38.16,0.513,-1,-1,-1
584,2,1594.89,178.24,169.69,618.30,0.817,-1,-1,-1
584,7,747.97,283.84,59.65,174.71,0.868,-1,-1,-1
584,31,721.42,300.85,40.75,111.21,0.733,-1,-1,-1
584,37,1130.87,303.51,48.80,134.93,0.778,-1,-1,-1
584,42,836.75,296.70,48.30,164.44,0.835,-1,-1,-1
584,61,1023.50,305.02,29.21,74.83,0.756,-1,-1,-1
584,64,1088.36,313.85,25.61,60.16,0.772,-1,-1,-1
584,67,1509.51,212.26,130.30,508.79,0.830,-1,-1,-1
584,69,1784.41,243.14,45.51,116.67,0.632,-1,-1,-1
584,71,1060.17,308.22,22.97,67.01,0.637,-1,-1,-1
584,73,956.18,337.00,44.61,95.96,0.691,-1,-1,-1
584,74,910.91,324.70,50.52,107.74,0.719,-1,-1,-1
584,75,1239.63,298.81,57.04,137.58,0.864,-1,-1,-1
584,76,111.94,291.21,42.39,107.47,0.842,-1,-1,-1
584,77,-2.84,278.73,59.27,138.85,0.870,-1,-1,-1
584,78,68.68,297.73,37.73,100.54,0.819,-1,-1,-1
584,79,675.58,312.98,11.12,36.63,0.469,-1,-1,-1
585,2,1600.14,179.45,170.72,623.76,0.724,-1,-1,-1
585,7,745.78,285.23,59.43,173.78,0.854,-1,-1,-1
585,31,720.23,301.35,40.17,111.24,0.725,-1,-1,-1
585,37,1129.66,304.20,48.88,135.25,0.798,-1,-1,-1
585,42,834.91,296.79,48.10,163.61,0.835,-1,-1,-1
585,61,1021.45,305.19,29.57,75.13,0.785,-1,-1,-1
585,64,1087.18,314.17,25.50,60.32,0.736,-1,-1,-1
585,67,1512.25,211.32,132.53,514.82,0.853,-1,-1,-1
585,69,1785.46,243.16,43.74,107.96,0.689,-1,-1,-1
585,71,1058.94,308.43,23.15,67.83,0.606,-1,-1,-1
585,73,955.52,337.61,44.48,96.15,0.734,-1,-1,-1
585,74,908.73,324.67,51.02,108.44,0.736,-1,-1,-1
585,75,1239.90,299.90,56.99,138.79,0.877,-1,-1,-1
585,76,106.77,290.78,43.02,107.73,0.851,-1,-1,-1
585,77,-8.49,279.39,57.72,137.95,0.827,-1,-1,-1
585,78,64.28,297.25,38.33,101.13,0.788,-1,-1,-1
585,79,673.98,312.94,11.29,37.17,0.543,-1,-1,-1
586,2,1605.07,175.62,172.40,631.08,0.705,-1,-1,-1
586,7,744.67,283.79,59.30,173.79,0.840,-1,-1,-1
586,31,719.85,298.91,40.05,112.28,0.732,-1,-1,-1
586,37,1130.21,302.07,50.07,137.02,0.801,-1,-1,-1
586,42,834.95,294.89,46.94,159.10,0.847,-1,-1,-1
586,61,1020.74,304.61,29.26,74.29,0.755,-1,-1,-1
586,64,1086.62,312.83,25.79,61.38,0.743,-1,-1,-1
586,67,1516.04,209.39,135.05,520.72,0.872,-1,-1,-1
586,69,1787.05,244.03,42.74,102.03,0.634,-1,-1,-1
586,71,1057.61,308.41,22.76,66.51,0.666,-1,-1,-1
586,73,954.94,336.26,44.69,96.81,0.715,-1,-1,-1
586,74,908.37,323.54,51.26,108.84,0.698,-1,-1,-1
586,75,1240.80,298.54,56.90,139.86,0.861,-1,-1,-1
586,76,102.04,288.57,43.71,108.68,0.831,-1,-1,-1
586,77,-13.38,275.77,56.38,139.93,0.877,-1,-1,-1
586,78,60.42,294.57,38.91,101.99,0.690,-1,-1,-1
586,79,672.71,309.87,11.87,39.07,0.499,-1,-1,-1
587,2,1610.94,175.67,173.90,637.52,0.759,-1,-1,-1
587,7,743.64,286.04,59.30,174.25,0.831,-1,-1,-1
587,31,720.00,301.97,39.28,111.43,0.723,-1,-1,-1
587,37,1130.34,304.75,50.60,136.50,0.809,-1,-1,-1
587,42,834.87,297.12,46.96,158.75,0.841,-1,-1,-1
587,61,1020.64,306.39,29.32,74.54,0.742,-1,-1,-1
587,64,1086.29,314.70,26.10,62.39,0.708,-1,-1,-1
587,67,1519.68,210.33,137.32,525.23,0.859,-1,-1,-1
587,69,1788.66,247.19,42.75,98.44,0.704,-1,-1,-1
587,71,1056.82,310.33,23.26,67.97,0.627,-1,-1,-1
587,73,954.79,338.59,44.63,96.79,0.675,-1,-1,-1
587,74,908.81,326.17,51.32,108.54,0.647,-1,-1,-1
587,75,1242.14,300.66,56.55,139.93,0.868,-1,-1,-1
587,76,98.45,291.76,44.08,108.90,0.817,-1,-1,-1
587,77,-16.11,279.49,53.87,138.61,0.801,-1,-1,-1
587,78,55.67,295.67,40.07,104.08,0.808,-1,-1,-1
587,79,671.76,310.65,12.42,40.88,0.154,-1,-1,-1
588,2,1617.78,176.05,176.51,647.28,0.754,-1,-1,-1
588,7,740.54,290.80,59.35,173.66,0.840,-1,-1,-1
588,31,719.01,306.27,38.42,110.08,0.534,-1,-1,-1
588,37,1127.12,309.86,50.35,135.27,0.822,-1,-1,-1
588,42,832.76,300.38,47.38,159.25,0.848,-1,-1,-1
588,61,1019.40,311.21,29.06,73.48,0.752,-1,-1,-1
588,64,1085.80,319.72,26.00,62.03,0.745,-1,-1,-1
588,67,1524.29,212.87,139.81,531.40,0.857,-1,-1,-1
588,71,1055.95,317.20,22.22,64.60,0.545,-1,-1,-1
588,73,951.10,341.82,45.38,97.82,0.671,-1,-1,-1
588,74,906.56,330.12,51.45,108.94,0.767,-1,-1,-1
588,75,1243.11,303.98,56.86,140.76,0.845,-1,-1,-1
588,76,92.54,294.95,44.24,108.63,0.832,-1,-1,-1
588,77,-18.18,286.66,51.22,134.72,0.615,-1,-1,-1
588,78,47.22,298.27,40.68,104.72,0.825,-1,-1,-1
588,79,670.43,315.83,11.89,39.09,0.290,-1,-1,-1
589,2,1627.64,176.35,179.06,658.00,0.763,-1,-1,-1
589,7,740.11,292.97,59.76,172.83,0.873,-1,-1,-1
589,37,1129.08,313.77,51.05,134.50,0.834,-1,-1,-1
589,42,835.15,303.51,47.48,158.85,0.833,-1,-1,-1
589,61,1021.51,313.57,29.42,74.42,0.757,-1,-1,-1
589,64,1087.88,321.15,26.24,63.05,0.684,-1,-1,-1
589,67,1531.72,212.39,142.19,539.14,0.835,-1,-1,-1
589,71,1057.70,320.20,22.13,64.36,0.537,-1,-1,-1
589,73,954.43,344.59,44.80,97.16,0.677,-1,-1,-1
589,74,908.58,332.29,51.62,109.20,0.718,-1,-1,-1
589,75,1244.20,304.80,57.24,141.32,0.850,-1,-1,-1
589,76,92.24,297.42,44.17,108.17,0.843,-1,-1,-1
589,77,-15.38,291.69,48.97,132.44,0.719,-1,-1,-1
589,78,45.00,300.07,41.26,106.23,0.818,-1,-1,-1
589,79,672.56,320.29,11.69,38.40,0.611,-1,-1,-1
590,2,1636.06,176.74,181.11,666.37,0.693,-1,-1,-1
590,7,740.97,295.95,58.91,170.57,0.763,-1,-1,-1
590,37,1128.93,317.14,50.61,132.65,0.717,-1,-1,-1
590,42,834.59,305.77,47.40,158.75,0.805,-1,-1,-1
590,61,1020.26,316.92,29.39,73.78,0.655,-1,-1,-1
590,64,1088.07,323.12,25.88,61.99,0.143,-1,-1,-1
590,67,1537.02,214.52,144.06,543.02,0.815,-1,-1,-1
590,71,1060.58,322.44,21.84,63.58,-1.000,-1,-1,-1
590,73,954.68,346.94,43.86,95.23,0.307,-1,-1,-1
590,74,906.43,333.16,52.52,111.20,0.685,-1,-1,-1
590,75,1246.44,306.67,57.34,142.13,0.654,-1,-1,-1
590,76,92.45,301.01,43.78,107.45,0.641,-1,-1,-1
590,78,40.45,303.61,41.01,105.67,0.543,-1,-1,-1
590,79,673.71,321.81,11.71,38.46,-1.000,-1,-1,-1
591,2,1648.73,175.32,183.65,675.81,0.685,-1,-1,-1
591,7,744.17,295.73,59.71,171.39,0.824,-1,-1,-1
591,37,1131.44,318.49,51.06,132.35,0.811,-1,-1,-1
591,42,837.32,305.34,48.45,160.58,0.857,-1,-1,-1
591,61,1025.73,316.81,29.62,74.67,0.761,-1,-1,-1
591,64,1092.80,325.65,25.55,61.14,0.669,-1,-1,-1
591,67,1547.77,215.23,146.28,547.56,0.812,-1,-1,-1
591,71,1063.46,324.69,21.56,62.80,0.517,-1,-1,-1
591,73,956.90,346.92,45.38,98.35,0.632,-1,-1,-1
591,74,910.66,333.23,52.74,112.10,0.740,-1,-1,-1
591,75,1250.74,307.15,57.96,143.30,0.849,-1,-1,-1
591,76,93.21,302.15,43.89,107.40,0.822,-1,-1,-1
591,78,42.66,304.25,41.15,106.43,0.715,-1,-1,-1
591,79,674.86,323.32,11.73,38.51,-1.000,-1,-1,-1
592,2,1655.92,174.00,185.59,684.50,0.806,-1,-1,-1
592,7,744.10,296.03,60.41,172.17,0.853,-1,-1,-1
592,37,1130.99,319.62,51.84,132.17,0.839,-1,-1,-1
592,42,836.67,305.96,49.04,161.08,0.860,-1,-1,-1
592,61,1027.15,317.60,29.22,73.77,0.796,-1,-1,-1
592,64,1093.87,327.49,25.00,59.58,0.679,-1,-1,-1
592,67,1552.71,215.79,149.14,555.62,0.855,-1,-1,-1
592,71,1064.50,325.32,21.61,63.01,0.586,-1,-1,-1
592,73,957.46,346.66,46.27,100.65,0.695,-1,-1,-1
592,74,910.88,335.70,52.28,111.18,0.744,-1,-1,-1
592,75,1250.64,307.76,58.59,144.78,0.848,-1,-1,-1
592,76,91.16,303.67,43.96,107.83,0.797,-1,-1,-1
592,78,41.59,305.47,41.21,107.39,0.782,-1,-1,-1
592,79,676.01,324.84,11.75,38.56,-1.000,-1,-1,-1
593,2,1670.64,173.32,189.44,698.70,0.777,-1,-1,-1
593,7,741.91,296.78,61.47,174.12,0.822,-1,-1,-1
593,37,1130.28,319.38,52.41,131.87,0.859,-1,-1,-1
593,42,835.99,307.43,49.66,161.35,0.875,-1,-1,-1
593,61,1028.67,317.92,29.10,73.68,0.807,-1,-1,-1
593,64,1095.49,328.20,25.41,60.43,0.760,-1,-1,-1
593,67,1561.24,214.38,151.46,563.98,0.878,-1,-1,-1
593,71,1066.27,325.12,21.85,64.18,0.719,-1,-1,-1
593,73,958.26,348.57,46.27,100.81,0.677,-1,-1,-1
593,74,911.51,338.02,51.85,110.08,0.706,-1,-1,-1
593,75,1253.22,308.86,59.78,146.52,0.891,-1,-1,-1
593,76,88.07,305.73,43.94,108.80,0.816,-1,-1,-1
593,78,37.98,308.82,40.81,107.09,0.802,-1,-1,-1
593,79,677.17,326.35,11.77,38.61,0.637,-1,-1,-1
593,80,713.72,326.70,20.11,56.43,0.622,-1,-1,-1
594,2,1683.83,174.11,191.82,705.58,0.797,-1,-1,-1
594,7,741.23,297.66,62.32,175.62,0.817,-1,-1,-1
594,37,1130.16,319.48,53.18,132.42,0.830,-1,-1,-1
594,42,835.65,308.83,50.48,162.38,0.874,-1,-1,-1
594,61,1029.73,317.06,29.72,75.32,0.807,-1,-1,-1
594,64,1096.53,329.11,25.70,61.20,0.745,-1,-1,-1
594,67,1568.62,214.89,153.26,569.23,0.853,-1,-1,-1
594,71,1067.99,325.76,22.12,65.11,0.689,-1,-1,-1
594,73,959.65,349.81,46.50,101.50,0.695,-1,-1,-1
594,74,912.46,339.99,51.69,109.67,0.717,-1,-1,-1
594,75,1255.76,310.22,60.50,147.51,0.884,-1,-1,-1
594,76,87.47,306.51,43.96,110.06,0.799,-1,-1,-1
594,78,37.26,310.91,40.43,107.07,0.779,-1,-1,-1
594,79,678.12,328.31,11.38,37.14,0.671,-1,-1,-1
594,80,714.90,328.20,20.01,56.12,0.660,-1,-1,-1
595,2,1691.68,173.78,195.04,718.32,0.844,-1,-1,-1
595,7,740.08,299.32,62.37,175.25,0.824,-1,-1,-1
595,37,1128.83,319.55,53.77,132.74,0.853,-1,-1,-1
595,42,833.67,310.59,50.95,162.90,0.866,-1,-1,-1
595,61,1028.95,317.96,29.79,75.66,0.816,-1,-1,-1
595,64,1096.15,329.93,25.48,60.70,0.760,-1,-1,-1
595,67,1573.86,214.74,155.25,576.29,0.831,-1,-1,-1
595,71,1067.98,326.47,22.00,64.91,0.742,-1,-1,-1
595,73,958.38,351.58,46.80,102.17,0.694,-1,-1,-1
595,74,912.12,341.56,51.36,109.03,0.710,-1,-1,-1
595,75,1256.47,311.65,60.95,147.82,0.890,-1,-1,-1
595,76,84.41,307.02,43.54,110.18,0.826,-1,-1,-1
595,78,33.43,312.58,40.02,106.62,0.776,-1,-1,-1
595,79,677.40,329.27,11.39,37.00,0.685,-1,-1,-1
595,80,714.31,329.41,19.54,54.79,0.665,-1,-1,-1
596,2,1705.44,174.06,198.38,725.61,0.851,-1,-1,-1
596,7,741.33,301.45,62.21,174.05,0.810,-1,-1,-1
596,37,1129.98,319.86,54.82,134.50,0.848,-1,-1,-1
596,42,833.28,312.13,51.24,163.20,0.843,-1,-1,-1
596,61,1029.88,318.73,30.23,77.15,0.790,-1,-1,-1
596,64,1096.62,329.69,26.33,63.30,0.711,-1,-1,-1
596,67,1580.87,215.33,156.85,581.81,0.833,-1,-1,-1
596,71,1068.44,326.24,22.38,66.18,0.712,-1,-1,-1
596,73,960.09,353.25,46.36,101.39,0.705,-1,-1,-1
596,74,913.28,342.44,51.61,109.43,0.728,-1,-1,-1
596,75,1258.57,312.03,62.18,150.29,0.882,-1,-1,-1
596,76,82.04,308.27,42.97,109.95,0.805,-1,-1,-1
596,78,31.54,313.78,39.93,106.89,0.773,-1,-1,-1
596,79,678.33,330.24,11.42,36.98,0.574,-1,-1,-1
596,80,714.36,330.24,19.36,54.38,0.642,-1,-1,-1
596,81,624.38,327.94,18.30,49.89,0.550,-1,-1,-1
597,2,1714.46,174.27,200.17,730.78,0.847,-1,-1,-1
597,7,739.57,302.53,62.68,172.84,0.816,-1,-1,-1
597,37,1131.23,319.21,55.09,135.27,0.835,-1,-1,-1
597,42,833.20,313.70,51.10,161.69,0.867,-1,-1,-1
597,61,1030.76,317.92,30.70,78.73,0.773,-1,-1,-1
597,64,1097.46,329.52,26.41,63.97,0.716,-1,-1,-1
597,67,1588.23,213.83,158.57,587.22,0.847,-1,-1,-1
597,71,1069.48,326.32,22.09,65.56,0.755,-1,-1,-1
597,73,960.31,353.08,46.70,101.80,0.699,-1,-1,-1
597,74,914.20,342.44,51.78,109.85,0.716,-1,-1,-1
597,75,1261.07,312.00,62.46,150.30,0.887,-1,-1,-1
597,76,79.04,309.03,43.10,110.76,0.790,-1,-1,-1
597,78,29.82,314.62,39.80,106.82,0.710,-1,-1,-1
597,79,678.88,328.68,11.84,38.32,0.429,-1,-1,-1
597,80,715.40,327.98,20.21,56.73,0.587,-1,-1,-1
597,81,624.83,329.05,17.98,48.93,0.499,-1,-1,-1
598,2,1725.02,172.79,202.12,744.21,0.904,-1,-1,-1
598,7,737.80,306.69,63.73,173.08,0.832,-1,-1,-1
598,37,1132.26,323.04,54.98,134.71,0.764,-1,-1,-1
598,42,831.71,319.21,51.65,162.82,0.872,-1,-1,-1
598,61,1031.56,321.99,30.07,77.34,0.757,-1,-1,-1
598,64,1098.44,333.34,26.59,64.78,0.724,-1,-1,-1
598,67,1597.88,214.83,161.17,596.28,0.885,-1,-1,-1
598,71,1069.97,331.85,21.58,63.93,0.721,-1,-1,-1
598,73,961.21,357.79,46.41,100.96,0.647,-1,-1,-1
598,74,914.76,346.27,52.14,110.74,0.718,-1,-1,-1
598,75,1263.46,314.77,62.85,150.52,0.873,-1,-1,-1
598,76,73.95,314.34,43.28,110.32,0.799,-1,-1,-1
598,78,24.13,320.60,39.97,106.31,0.734,-1,-1,-1
598,79,678.83,332.88,12.04,38.89,0.590,-1,-1,-1
598,80,715.82,332.84,20.65,57.90,0.695,-1,-1,-1
598,81,625.08,332.46,18.55,50.47,0.418,-1,-1,-1
599,2,1733.55,173.80,202.20,754.02,0.876,-1,-1,-1
599,7,740.02,309.03,64.48,172.93,0.848,-1,-1,-1
599,37,1133.74,324.90,54.73,134.35,0.515,-1,-1,-1
599,42,832.00,321.70,52.22,164.35,0.869,-1,-1,-1
599,61,1034.01,324.00,29.72,76.55,0.758,-1,-1,-1
599,64,1101.35,335.11,26.24,63.82,0.690,-1,-1,-1
599,67,1607.07,214.27,163.46,604.39,0.833,-1,-1,-1
599,71,1071.14,331.15,22.59,66.91,0.696,-1,-1,-1
599,73,963.54,359.78,46.60,101.07,0.631,-1,-1,-1
599,74,916.20,347.94,52.29,110.93,0.547,-1,-1,-1
599,75,1267.13,315.85,63.78,151.74,0.876,-1,-1,-1
599,76,70.79,316.63,43.91,111.01,0.783,-1,-1,-1
599,78,22.96,323.24,40.21,106.14,0.724,-1,-1,-1
599,79,680.95,334.17,12.16,39.29,0.243,-1,-1,-1
599,80,717.93,333.74,20.92,58.54,0.614,-1,-1,-1
599,81,627.80,334.00,18.87,51.20,0.407,-1,-1,-1
600,2,1742.35,173.21,201.65,767.58,0.870,-1,-1,-1
600,7,740.76,311.23,65.84,174.19,0.861,-1,-1,-1
600,37,1136.23,329.04,54.39,133.93,0.822,-1,-1,-1
600,42,831.95,324.52,52.36,164.46,0.872,-1,-1,-1
600,61,1035.66,328.56,29.13,75.30,0.755,-1,-1,-1
600,64,1103.06,337.93,26.00,63.86,0.741,-1,-1,-1
600,67,1617.42,214.11,165.80,612.58,0.820,-1,-1,-1
600,71,1072.97,334.42,22.41,66.69,0.706,-1,-1,-1
600,73,965.10,363.39,46.56,100.78,0.625,-1,-1,-1
600,74,917.58,351.04,52.79,111.68,0.569,-1,-1,-1
600,75,1270.37,318.49,64.61,153.06,0.893,-1,-1,-1
600,76,70.05,320.88,44.00,110.82,0.762,-1,-1,-1
600,78,22.12,326.37,40.51,107.21,0.731,-1,-1,-1
600,79,682.42,338.85,11.80,37.99,0.550,-1,-1,-1
600,80,718.63,337.42,21.34,59.58,0.583,-1,-1,-1
600,81,630.49,337.15,19.31,52.16,0.505,-1,-1,-1
601,2,1750.89,171.55,199.65,778.68,0.863,-1,-1,-1
601,7,743.37,315.41,66.20,172.89,0.847,-1,-1,-1
601,37,1137.84,333.45,54.12,133.60,0.863,-1,-1,-1
601,42,833.25,326.79,52.20,163.70,0.875,-1,-1,-1
601,61,1037.64,331.32,29.66,77.08,0.760,-1,-1,-1
601,64,1106.35,339.86,26.45,65.56,0.685,-1,-1,-1
601,67,1630.57,215.29,167.92,619.76,0.851,-1,-1,-1
601,71,1073.89,338.26,22.82,67.43,0.683,-1,-1,-1
601,73,969.10,366.52,46.71,101.32,0.709,-1,-1,-1
601,74,918.99,354.16,53.40,111.99,0.770,-1,-1,-1
601,75,1274.42,321.19,65.23,153.57,0.886,-1,-1,-1
601,76,71.44,324.88,44.27,111.03,0.790,-1,-1,-1
601,78,21.75,329.71,40.36,107.76,0.724,-1,-1,-1
601,79,684.57,342.69,12.02,38.68,0.577,-1,-1,-1
601,80,721.19,341.31,21.13,58.94,0.661,-1,-1,-1
601,81,633.73,340.21,19.46,52.53,0.420,-1,-1,-1
602,2,1761.02,169.84,196.59,789.56,0.843,-1,-1,-1
602,7,746.86,320.10,65.95,171.45,0.797,-1,-1,-1
602,37,1140.43,336.66,53.70,133.18,0.744,-1,-1,-1
602,42,835.36,328.79,51.85,162.38,0.861,-1,-1,-1
602,61,1040.62,335.22,28.91,75.20,0.746,-1,-1,-1
602,64,1109.07,342.66,26.34,65.75,0.606,-1,-1,-1
602,67,1641.72,215.48,170.67,628.23,0.835,-1,-1,-1
602,71,1076.73,342.48,22.53,65.98,0.631,-1,-1,-1
602,73,971.68,368.86,46.56,101.21,0.685,-1,-1,-1
602,74,921.82,356.21,54.07,113.18,0.775,-1,-1,-1
602,75,1278.82,323.20,66.00,155.07,0.860,-1,-1,-1
602,76,72.00,328.16,44.22,110.48,0.774,-1,-1,-1
602,78,22.10,332.27,39.98,107.85,0.744,-1,-1,-1
602,79,687.00,345.71,11.87,38.23,0.147,-1,-1,-1
602,80,723.22,343.83,21.11,58.78,0.439,-1,-1,-1
602,81,636.67,343.99,19.19,51.63,0.237,-1,-1,-1
603,2,1774.00,174.64,193.38,805.78,0.820,-1,-1,-1
603,7,749.83,324.68,67.58,174.94,0.858,-1,-1,-1
603,37,1143.89,344.04,53.98,134.23,0.493,-1,-1,-1
603,42,838.01,337.21,51.39,160.84,0.832,-1,-1,-1
603,61,1043.63,344.42,28.78,75.13,0.690,-1,-1,-1
603,64,1112.08,349.52,27.08,68.01,0.391,-1,-1,-1
603,67,1662.12,217.50,175.70,643.55,0.869,-1,-1,-1
603,71,1080.73,350.04,22.87,66.78,0.507,-1,-1,-1
603,73,969.85,374.75,48.64,104.59,0.601,-1,-1,-1
603,74,923.69,364.03,54.58,114.28,0.684,-1,-1,-1
603,75,1285.52,330.13,67.08,157.68,0.864,-1,-1,-1
603,76,69.92,336.92,44.78,112.37,0.699,-1,-1,-1
603,78,19.69,341.79,40.30,108.90,0.462,-1,-1,-1
603,79,690.39,350.91,11.80,37.96,-1.000,-1,-1,-1
603,80,726.27,352.06,21.78,60.46,0.431,-1,-1,-1
603,81,638.59,348.52,19.05,51.22,-1.000,-1,-1,-1
604,2,1794.77,177.23,174.78,751.00,0.740,-1,-1,-1
604,7,756.86,326.82,66.85,173.63,0.844,-1,-1,-1
604,37,1149.60,345.04,53.45,133.87,0.809,-1,-1,-1
604,42,840.91,337.31,51.83,161.75,0.865,-1,-1,-1
604,61,1047.66,346.23,28.58,74.61,0.753,-1,-1,-1
604,64,1117.05,351.42,26.35,66.57,0.663,-1,-1,-1
604,67,1677.01,216.12,179.12,653.83,0.827,-1,-1,-1
604,71,1083.99,353.84,21.94,63.36,0.662,-1,-1,-1
604,73,971.38,376.84,49.38,104.22,0.728,-1,-1,-1
604,74,927.45,366.14,54.83,114.40,0.712,-1,-1,-1
604,75,1293.94,331.73,67.32,158.86,0.884,-1,-1,-1
604,76,71.27,337.92,44.93,112.62,0.809,-1,-1,-1
604,78,19.85,342.10,40.38,109.64,0.669,-1,-1,-1
604,79,693.79,356.12,11.74,37.69,0.615,-1,-1,-1
604,80,731.03,354.45,21.02,58.12,0.615,-1,-1,-1
604,81,640.51,353.06,18.91,50.81,-1.000,-1,-1,-1
605,2,1805.17,211.26,169.72,749.21,0.593,-1,-1,-1
605,7,757.73,328.13,67.01,174.62,0.840,-1,-1,-1
605,37,1150.82,346.83,52.94,133.39,0.767,-1,-1,-1
605,42,840.84,339.21,51.48,160.41,0.867,-1,-1,-1
605,61,1048.38,348.85,28.30,73.84,0.735,-1,-1,-1
605,64,1117.65,351.90,26.97,68.80,0.519,-1,-1,-1
605,67,1688.77,216.46,182.31,661.03,0.847,-1,-1,-1
605,71,1084.47,355.58,22.05,63.88,0.676,-1,-1,-1
605,73,975.22,379.91,48.66,103.19,0.679,-1,-1,-1
605,74,928.22,368.32,55.03,114.72,0.752,-1,-1,-1
605,75,1297.91,333.30,67.65,160.67,0.887,-1,-1,-1
605,76,68.22,339.63,45.20,113.87,0.836,-1,-1,-1
605,78,15.59,344.66,40.86,110.94,0.795,-1,-1,-1
605,79,694.09,357.99,12.18,39.21,0.516,-1,-1,-1
605,80,731.26,356.99,21.01,57.90,0.633,-1,-1,-1
605,81,642.42,357.60,18.76,50.40,0.512,-1,-1,-1
606,7,758.31,331.42,67.22,175.63,0.838,-1,-1,-1
606,37,1155.38,350.48,53.75,133.56,0.545,-1,-1,-1
606,42,840.20,343.27,52.00,162.43,0.825,-1,-1,-1
606,61,1048.21,353.27,28.42,74.11,0.699,-1,-1,-1
606,64,1117.44,357.29,26.31,67.37,0.611,-1,-1,-1
606,67,1704.56,220.21,186.68,664.82,0.879,-1,-1,-1
606,71,1084.20,358.62,22.30,64.81,0.715,-1,-1,-1
606,73,977.36,384.49,48.17,102.32,0.652,-1,-1,-1
606,74,928.73,371.94,55.04,115.15,0.700,-1,-1,-1
606,75,1301.49,337.77,67.42,160.64,0.885,-1,-1,-1
606,76,65.24,344.07,45.30,114.29,0.816,-1,-1,-1
606,78,13.02,349.71,40.81,110.99,0.707,-1,-1,-1
606,79,694.16,362.79,11.78,38.01,0.163,-1,-1,-1
606,80,731.08,360.49,21.20,58.19,0.527,-1,-1,-1
606,81,640.45,361.84,18.83,50.34,0.231,-1,-1,-1
607,7,760.52,331.22,67.02,174.84,0.882,-1,-1,-1
607,37,1156.60,348.96,53.64,133.12,0.823,-1,-1,-1
607,42,840.78,341.74,52.66,164.39,0.846,-1,-1,-1
607,61,1050.08,351.60,28.74,74.99,0.740,-1,-1,-1
607,64,1120.58,356.80,26.60,68.69,0.602,-1,-1,-1
607,67,1715.19,218.12,191.22,674.53,0.802,-1,-1,-1
607,71,1085.41,357.39,22.73,66.05,0.576,-1,-1,-1
607,73,981.73,383.72,48.16,103.19,0.733,-1,-1,-1
607,74,931.01,370.04,55.59,116.42,0.785,-1,-1,-1
607,75,1306.52,336.95,67.48,161.60,0.851,-1,-1,-1
607,76,62.18,342.51,44.83,114.43,0.839,-1,-1,-1
607,78,11.91,348.52,40.89,111.42,0.804,-1,-1,-1
607,79,696.40,362.05,11.57,37.25,0.555,-1,-1,-1
607,80,733.40,359.74,20.94,57.28,0.682,-1,-1,-1
607,81,642.75,360.82,18.92,50.56,0.389,-1,-1,-1
608,7,759.92,332.58,67.03,175.24,0.879,-1,-1,-1
608,37,1154.62,349.01,54.13,134.42,0.838,-1,-1,-1
608,42,840.44,345.66,52.10,162.02,0.859,-1,-1,-1
608,61,1051.05,352.84,28.15,73.56,0.748,-1,-1,-1
608,64,1122.67,359.74,25.15,64.95,0.749,-1,-1,-1
608,67,1723.90,216.75,194.59,684.84,0.924,-1,-1,-1
608,71,1086.26,359.21,22.21,64.67,0.609,-1,-1,-1
608,73,981.96,385.13,48.39,104.02,0.681,-1,-1,-1
608,74,931.28,372.37,55.16,115.36,0.761,-1,-1,-1
608,75,1310.77,338.43,67.32,162.19,0.881,-1,-1,-1
608,76,55.95,345.18,44.56,115.41,0.759,-1,-1,-1
608,78,6.19,352.07,41.38,111.20,0.865,-1,-1,-1
608,79,695.78,363.90,11.53,37.01,0.545,-1,-1,-1
608,80,733.47,361.52,21.01,57.31,0.649,-1,-1,-1
608,81,643.46,362.86,18.87,50.28,0.405,-1,-1,-1
609,7,761.56,331.20,67.00,174.92,0.873,-1,-1,-1
609,37,1154.64,346.69,54.45,134.78,0.844,-1,-1,-1
609,42,841.79,345.39,51.76,160.39,0.856,-1,-1,-1
609,61,1052.05,349.24,28.47,74.61,0.752,-1,-1,-1
609,64,1124.67,358.72,24.46,63.26,0.749,-1,-1,-1
609,67,1729.99,214.96,196.42,693.63,0.921,-1,-1,-1
609,71,1089.46,358.05,21.80,63.67,0.641,-1,-1,-1
609,73,982.88,383.13,48.48,104.43,0.638,-1,-1,-1
609,74,932.34,370.14,55.52,115.92,0.736,-1,-1,-1
609,75,1315.73,336.07,67.27,162.83,0.885,-1,-1,-1
609,76,52.73,343.90,44.40,116.05,0.760,-1,-1,-1
609,78,4.06,351.59,41.99,111.07,0.861,-1,-1,-1
609,79,697.01,361.72,11.62,37.16,0.634,-1,-1,-1
609,80,734.93,359.78,21.05,57.22,0.696,-1,-1,-1
609,81,644.41,360.99,19.40,51.53,0.493,-1,-1,-1
610,7,762.03,329.61,67.38,175.52,0.878,-1,-1,-1
610,37,1154.10,345.48,54.62,134.93,0.842,-1,-1,-1
610,42,842.41,345.10,51.90,160.57,0.855,-1,-1,-1
610,61,1052.68,346.91,28.38,74.36,0.757,-1,-1,-1
610,64,1126.01,357.96,23.79,61.70,0.697,-1,-1,-1
610,67,1734.69,208.33,197.87,705.23,0.917,-1,-1,-1
610,71,1090.29,357.26,21.44,62.62,0.645,-1,-1,-1
610,73,983.94,381.39,48.54,104.92,0.640,-1,-1,-1
610,74,933.53,367.56,56.04,117.39,0.665,-1,-1,-1
610,75,1318.97,334.36,67.19,163.16,0.869,-1,-1,-1
610,76,49.63,343.03,44.13,116.26,0.738,-1,-1,-1
610,78,2.36,351.68,42.33,110.27,0.874,-1,-1,-1
610,79,697.48,361.16,11.44,36.35,0.555,-1,-1,-1
610,80,735.23,358.64,21.15,57.19,0.649,-1,-1,-1
610,81,644.37,358.70,19.61,51.90,0.492,-1,-1,-1
611,7,762.51,329.57,67.32,175.31,0.866,-1,-1,-1
611,37,1154.38,345.38,54.52,134.21,0.843,-1,-1,-1
611,42,843.05,344.68,52.00,160.56,0.863,-1,-1,-1
611,61,1053.36,344.98,28.62,75.08,0.775,-1,-1,-1
611,64,1127.08,357.07,23.74,61.47,0.726,-1,-1,-1
611,67,1740.68,204.93,196.83,711.42,0.920,-1,-1,-1
611,71,1091.20,356.42,21.39,62.52,0.629,-1,-1,-1
611,73,980.50,379.42,49.98,106.12,0.688,-1,-1,-1
611,74,935.29,367.55,55.73,116.94,0.666,-1,-1,-1
611,75,1321.56,331.63,67.98,165.33,0.878,-1,-1,-1
611,76,46.87,343.47,44.18,117.06,0.752,-1,-1,-1
611,78,1.48,352.27,42.78,110.09,0.881,-1,-1,-1
611,79,698.05,361.20,11.26,35.62,0.573,-1,-1,-1
611,80,735.69,358.25,21.32,57.36,0.659,-1,-1,-1
611,81,645.47,358.51,19.53,51.42,0.460,-1,-1,-1
612,7,763.19,328.68,67.42,175.10,0.861,-1,-1,-1
612,37,1154.52,344.72,54.17,132.98,0.846,-1,-1,-1
612,42,844.69,343.01,52.09,160.43,0.870,-1,-1,-1
612,61,1054.53,342.99,28.77,75.66,0.796,-1,-1,-1
612,64,1127.96,354.14,24.08,62.50,0.731,-1,-1,-1
612,67,1747.15,199.90,195.77,721.39,0.917,-1,-1,-1
612,71,1092.24,353.07,21.95,63.96,0.686,-1,-1,-1
612,73,979.80,378.47,50.81,105.92,0.749,-1,-1,-1
612,74,937.10,367.21,55.13,115.58,0.671,-1,-1,-1
612,75,1325.00,328.58,68.63,166.93,0.890,-1,-1,-1
612,76,45.43,342.82,44.23,117.69,0.763,-1,-1,-1
612,78,1.01,351.69,43.07,109.74,0.884,-1,-1,-1
612,79,698.71,359.35,11.65,36.87,0.591,-1,-1,-1
612,80,736.89,357.34,21.44,57.44,0.708,-1,-1,-1
612,81,646.84,355.88,19.78,52.31,0.442,-1,-1,-1
613,7,766.72,329.97,67.12,174.21,0.838,-1,-1,-1
613,37,1158.82,344.26,53.97,132.42,0.841,-1,-1,-1
613,42,849.71,341.49,52.22,160.27,0.876,-1,-1,-1
613,61,1059.73,343.22,28.81,75.80,0.748,-1,-1,-1
613,64,1133.57,354.22,23.86,62.05,0.787,-1,-1,-1
613,67,1761.11,192.09,190.42,720.96,0.913,-1,-1,-1
613,71,1097.71,351.19,22.42,65.48,0.714,-1,-1,-1
613,73,987.90,378.31,50.59,105.68,0.549,-1,-1,-1
613,74,941.79,366.68,55.43,115.88,0.700,-1,-1,-1
613,75,1333.40,325.99,69.69,168.95,0.890,-1,-1,-1
613,76,46.65,345.00,44.47,118.55,0.806,-1,-1,-1
613,78,1.92,352.86,43.83,110.76,0.870,-1,-1,-1
613,79,703.31,358.32,12.17,38.53,0.587,-1,-1,-1
613,80,741.57,357.35,21.60,57.68,0.708,-1,-1,-1
613,81,651.25,354.51,20.46,54.13,0.575,-1,-1,-1
614,7,767.74,331.41,66.41,172.62,0.828,-1,-1,-1
614,37,1161.61,344.27,54.01,132.00,0.835,-1,-1,-1
614,42,852.15,339.62,52.37,160.29,0.861,-1,-1,-1
614,61,1062.16,344.16,28.34,74.54,0.775,-1,-1,-1
614,64,1136.23,353.58,23.87,62.12,0.652,-1,-1,-1
614,67,1770.84,187.83,184.75,721.10,0.895,-1,-1,-1
614,71,1101.11,349.40,22.78,67.12,0.735,-1,-1,-1
614,73,988.41,378.15,51.25,105.77,0.584,-1,-1,-1
614,74,944.15,365.76,55.75,116.69,0.700,-1,-1,-1
614,75,1337.82,325.25,70.25,169.97,0.884,-1,-1,-1
614,76,46.31,346.40,44.27,118.34,0.813,-1,-1,-1
614,78,0.91,351.93,44.63,112.62,0.877,-1,-1,-1
614,79,705.42,358.17,12.28,38.89,0.400,-1,-1,-1
614,80,743.50,356.90,21.91,58.48,0.636,-1,-1,-1
614,81,653.46,354.43,20.64,54.32,0.527,-1,-1,-1
615,7,770.36,330.45,66.71,173.01,0.850,-1,-1,-1
615,37,1164.16,343.78,54.09,131.80,0.795,-1,-1,-1
615,42,853.51,338.38,52.91,160.82,0.853,-1,-1,-1
615,61,1064.20,344.13,28.05,73.65,0.785,-1,-1,-1
615,64,1138.07,353.52,23.68,61.76,0.545,-1,-1,-1
615,67,1778.55,185.39,181.53,727.85,0.811,-1,-1,-1
615,71,1103.55,348.85,22.77,67.37,0.736,-1,-1,-1
615,73,990.62,376.53,51.96,107.06,0.510,-1,-1,-1
615,74,945.58,365.34,55.93,117.17,0.758,-1,-1,-1
615,75,1340.94,324.71,70.61,170.74,0.846,-1,-1,-1
615,76,46.23,347.34,43.95,117.64,0.803,-1,-1,-1
615,78,-0.55,351.59,44.88,113.73,0.881,-1,-1,-1
615,79,707.10,358.24,12.20,38.59,0.538,-1,-1,-1
615,80,745.59,356.84,22.13,58.68,0.654,-1,-1,-1
615,81,655.33,355.94,20.22,52.90,0.498,-1,-1,-1
616,7,770.55,330.77,66.17,171.79,0.785,-1,-1,-1
616,37,1166.80,343.67,53.47,131.12,0.758,-1,-1,-1
616,42,857.92,338.90,53.11,161.02,0.794,-1,-1,-1
616,61,1068.87,346.23,27.47,72.15,0.470,-1,-1,-1
616,64,1140.71,350.05,25.19,65.91,-1.000,-1,-1,-1
616,67,1788.36,190.05,176.86,727.52,0.740,-1,-1,-1
616,71,1107.34,347.75,23.47,69.05,0.208,-1,-1,-1
616,73,996.77,376.08,52.18,108.10,0.393,-1,-1,-1
616,74,948.70,365.74,55.58,116.51,0.697,-1,-1,-1
616,75,1345.67,324.90,70.69,172.09,0.642,-1,-1,-1
616,76,49.56,348.56,42.52,113.82,0.673,-1,-1,-1
616,78,1.20,354.47,42.75,107.88,0.209,-1,-1,-1
616,79,711.19,358.35,12.27,38.84,-1.000,-1,-1,-1
616,80,749.51,357.27,22.44,59.31,0.114,-1,-1,-1
616,81,658.86,356.26,20.15,52.73,-1.000,-1,-1,-1
617,7,772.06,329.78,66.32,172.58,0.839,-1,-1,-1
617,37,1168.26,341.78,53.83,132.26,0.800,-1,-1,-1
617,42,859.73,338.09,53.95,163.81,0.846,-1,-1,-1
617,61,1069.96,346.52,28.14,73.70,0.728,-1,-1,-1
617,64,1143.35,346.58,26.71,70.07,0.649,-1,-1,-1
617,67,1797.11,192.86,170.78,730.61,0.827,-1,-1,-1
617,71,1108.34,345.97,24.45,71.92,0.707,-1,-1,-1
617,73,1001.18,376.43,51.61,107.63,0.672,-1,-1,-1
617,74,951.15,365.55,56.33,118.46,0.740,-1,-1,-1
617,75,1349.92,324.87,71.61,173.40,0.806,-1,-1,-1
617,76,49.03,349.33,42.72,114.95,0.806,-1,-1,-1
617,78,-2.10,350.73,45.11,115.05,0.781,-1,-1,-1
617,79,715.29,358.46,12.34,39.08,-1.000,-1,-1,-1
617,80,750.03,357.94,22.25,58.63,0.608,-1,-1,-1
617,81,662.40,356.58,20.08,52.55,-1.000,-1,-1,-1
618,7,781.04,330.77,66.14,172.30,0.833,-1,-1,-1
618,37,1178.91,340.88,54.26,132.80,0.828,-1,-1,-1
618,42,867.26,337.21,55.57,166.67,0.872,-1,-1,-1
618,61,1081.86,345.19,28.42,74.29,0.671,-1,-1,-1
618,64,1155.29,347.00,26.37,69.15,0.598,-1,-1,-1
618,71,1120.28,343.46,25.08,73.93,0.638,-1,-1,-1
618,73,1011.57,374.19,52.75,110.90,0.492,-1,-1,-1
618,74,961.78,365.70,56.34,118.70,0.749,-1,-1,-1
618,75,1361.50,324.64,72.14,175.18,0.801,-1,-1,-1
618,76,53.75,349.54,43.49,116.62,0.812,-1,-1,-1
618,78,0.79,349.62,46.09,118.29,0.853,-1,-1,-1
618,79,719.39,358.57,12.41,39.33,-1.000,-1,-1,-1
618,80,760.21,357.29,22.70,59.62,0.620,-1,-1,-1
618,81,665.94,356.90,20.02,52.37,-1.000,-1,-1,-1
619,7,781.34,330.61,66.39,173.82,0.826,-1,-1,-1
619,37,1179.23,342.01,53.72,132.66,0.793,-1,-1,-1
619,42,868.17,338.98,55.97,166.46,0.815,-1,-1,-1
619,61,1085.02,346.94,28.56,74.04,0.708,-1,-1,-1
619,64,1158.09,349.29,25.96,68.02,0.377,-1,-1,-1
619,71,1123.61,343.95,25.61,75.25,0.688,-1,-1,-1
619,73,1011.16,375.52,53.16,111.99,0.491,-1,-1,-1
619,74,963.55,365.93,57.11,120.43,0.729,-1,-1,-1
619,75,1365.28,326.71,72.81,176.64,0.769,-1,-1,-1
619,76,52.98,350.76,43.81,118.15,0.720,-1,-1,-1
619,78,-0.94,350.54,46.42,119.63,0.725,-1,-1,-1
619,79,723.49,358.68,12.47,39.57,-1.000,-1,-1,-1
619,80,762.18,358.72,22.89,59.78,0.493,-1,-1,-1
619,81,669.47,357.22,19.95,52.19,-1.000,-1,-1,-1
620,7,785.09,330.13,66.24,174.26,0.843,-1,-1,-1
620,37,1183.35,340.65,54.03,133.84,0.836,-1,-1,-1
620,42,869.48,338.93,56.97,166.52,0.893,-1,-1,-1
620,61,1089.27,345.59,28.44,73.79,0.726,-1,-1,-1
620,64,1162.23,350.35,25.27,66.65,0.620,-1,-1,-1
620,71,1128.69,345.35,24.83,72.51,0.708,-1,-1,-1
620,73,1016.63,375.26,52.75,111.66,0.654,-1,-1,-1
620,74,967.53,365.68,57.18,120.52,0.704,-1,-1,-1
620,75,1371.26,325.76,73.90,178.43,0.815,-1,-1,-1
620,76,53.50,350.29,43.99,118.74,0.818,-1,-1,-1
620,78,-0.93,351.22,46.22,119.66,0.846,-1,-1,-1
620,79,727.58,358.79,12.54,39.81,0.546,-1,-1,-1
620,80,765.99,358.01,22.64,59.14,0.608,-1,-1,-1
620,81,673.01,357.54,19.88,52.02,-1.000,-1,-1,-1
621,7,787.13,330.43,66.16,174.56,0.832,-1,-1,-1
621,37,1185.90,340.10,54.37,134.61,0.731,-1,-1,-1
621,42,869.51,339.26,58.25,168.01,0.859,-1,-1,-1
621,61,1092.46,344.70,29.00,74.97,0.657,-1,-1,-1
621,64,1165.11,349.02,25.66,67.84,0.123,-1,-1,-1
621,71,1131.42,341.65,26.28,77.01,0.682,-1,-1,-1
621,73,1017.17,375.98,53.16,111.45,0.601,-1,-1,-1
621,74,969.64,364.25,57.69,122.05,0.751,-1,-1,-1
621,75,1373.20,324.84,74.89,181.96,0.845,-1,-1,-1
621,76,52.80,349.80,44.02,119.50,0.775,-1,-1,-1
621,78,-1.44,352.54,46.13,119.92,0.854,-1,-1,-1
621,79,730.12,357.79,12.77,40.66,0.216,-1,-1,-1
621,80,767.48,355.99,23.49,61.22,0.522,-1,-1,-1
621,81,676.55,357.86,19.81,51.84,-1.000,-1,-1,-1
622,7,789.13,331.59,65.51,173.74,0.826,-1,-1,-1
622,37,1186.13,341.75,53.31,133.20,0.772,-1,-1,-1
622,42,870.15,341.11,57.81,163.84,0.874,-1,-1,-1
622,61,1093.84,344.02,28.94,74.68,0.749,-1,-1,-1
622,64,1166.84,350.65,24.90,65.80,0.621,-1,-1,-1
622,71,1132.74,343.79,25.05,74.04,0.742,-1,-1,-1
622,73,1016.34,378.09,53.38,110.41,0.679,-1,-1,-1
622,74,970.77,365.60,57.50,121.61,0.587,-1,-1,-1
622,75,1376.76,325.21,74.65,180.99,0.845,-1,-1,-1
622,76,52.47,349.88,44.24,120.38,0.837,-1,-1,-1
622,78,-1.80,355.65,45.25,118.05,0.840,-1,-1,-1
622,79,731.21,358.06,12.76,40.78,0.490,-1,-1,-1
622,80,768.98,357.61,22.90,59.31,0.643,-1,-1,-1
622,81,680.09,358.18,19.74,51.66,-1.000,-1,-1,-1
623,7,790.99,332.11,64.38,172.35,0.850,-1,-1,-1
623,37,1189.80,340.46,53.64,133.80,0.805,-1,-1,-1
623,42,871.61,341.87,58.34,163.26,0.885,-1,-1,-1
623,61,1095.46,340.77,29.49,76.49,0.747,-1,-1,-1
623,64,1169.57,349.93,24.79,65.59,0.597,-1,-1,-1
623,71,1134.73,343.31,24.78,73.38,0.701,-1,-1,-1
623,73,1018.57,377.34,53.62,110.27,0.642,-1,-1,-1
623,74,973.51,365.30,57.37,121.10,0.742,-1,-1,-1
623,75,1381.05,322.28,75.49,183.48,0.861,-1,-1,-1
623,76,51.99,348.94,44.24,121.07,0.814,-1,-1,-1
623,78,-1.33,356.79,44.20,115.48,0.862,-1,-1,-1
623,79,733.35,357.71,12.46,39.93,0.619,-1,-1,-1
623,80,770.90,356.47,23.08,59.64,0.643,-1,-1,-1
623,81,683.62,358.50,19.67,51.48,0.509,-1,-1,-1
624,7,798.25,331.57,64.43,172.87,0.840,-1,-1,-1
624,37,1196.97,340.20,53.52,133.27,0.502,-1,-1,-1
624,42,875.83,341.85,58.98,163.64,0.869,-1,-1,-1
624,61,1103.01,341.48,28.80,74.26,0.770,-1,-1,-1
624,64,1176.58,349.64,24.52,64.93,0.592,-1,-1,-1
624,71,1141.93,344.40,24.04,71.09,0.711,-1,-1,-1
624,73,1027.04,376.22,53.86,111.09,0.652,-1,-1,-1
624,74,979.59,363.86,58.16,122.82,0.641,-1,-1,-1
624,75,1390.60,319.73,76.08,185.29,0.858,-1,-1,-1
624,76,52.21,350.20,44.53,121.24,0.828,-1,-1,-1
624,78,0.59,359.51,44.18,115.07,0.847,-1,-1,-1
624,79,739.00,357.17,12.49,39.89,0.449,-1,-1,-1
624,80,777.05,356.78,22.70,58.49,0.671,-1,-1,-1
624,81,689.33,358.91,19.53,50.82,0.428,-1,-1,-1
625,7,800.53,333.49,63.72,172.04,0.845,-1,-1,-1
625,37,1199.15,341.93,53.25,132.56,0.773,-1,-1,-1
625,42,877.73,342.95,59.05,163.72,0.836,-1,-1,-1
625,61,1104.63,342.74,28.69,73.80,0.757,-1,-1,-1
625,64,1178.26,351.03,24.23,64.41,0.684,-1,-1,-1
625,71,1144.21,345.36,23.73,70.35,0.732,-1,-1,-1
625,73,1025.85,377.39,54.65,111.29,0.740,-1,-1,-1
625,74,980.29,365.04,58.09,122.37,0.703,-1,-1,-1
625,75,1396.89,319.75,76.25,186.01,0.839,-1,-1,-1
625,76,49.43,351.67,44.82,120.89,0.829,-1,-1,-1
625,78,-0.34,360.74,44.55,116.02,0.849,-1,-1,-1
625,79,740.49,357.06,12.83,41.00,0.573,-1,-1,-1
625,80,778.56,357.49,22.71,58.45,0.701,-1,-1,-1
625,81,691.37,360.18,19.26,50.32,0.510,-1,-1,-1
626,7,803.85,333.61,63.24,171.85,0.865,-1,-1,-1
626,37,1201.75,341.85,53.04,132.08,0.809,-1,-1,-1
626,42,880.07,341.82,59.30,164.13,0.884,-1,-1,-1
626,61,1107.20,343.03,28.38,73.06,0.754,-1,-1,-1
626,64,1181.51,351.54,23.40,62.32,0.741,-1,-1,-1
626,71,1147.45,344.98,23.80,70.34,0.744,-1,-1,-1
626,73,1026.44,377.46,55.68,111.48,0.773,-1,-1,-1
626,74,983.13,366.17,57.55,121.09,0.487,-1,-1,-1
626,75,1403.98,318.91,76.29,186.98,0.829,-1,-1,-1
626,76,48.39,352.05,45.30,121.01,0.835,-1,-1,-1
626,78,-0.33,360.90,44.59,116.15,0.853,-1,-1,-1
626,79,742.84,357.61,12.55,40.08,0.617,-1,-1,-1
626,80,780.78,357.87,22.45,57.45,0.741,-1,-1,-1
626,81,693.94,359.57,19.41,50.65,0.488,-1,-1,-1
627,7,806.36,333.61,63.07,173.02,0.872,-1,-1,-1
627,37,1203.61,343.52,52.57,131.59,0.843,-1,-1,-1
627,42,882.28,343.18,58.89,163.18,0.879,-1,-1,-1
627,61,1109.38,343.85,28.53,73.46,0.705,-1,-1,-1
627,64,1183.75,352.65,23.34,62.30,0.725,-1,-1,-1
627,71,1149.02,346.09,23.95,70.94,0.745,-1,-1,-1
627,73,1031.71,378.91,55.49,111.44,0.573,-1,-1,-1
627,74,986.21,367.88,57.52,121.04,0.536,-1,-1,-1
627,75,1410.64,319.24,76.84,189.90,0.840,-1,-1,-1
627,76,47.48,353.22,45.90,121.22,0.843,-1,-1,-1
627,78,-1.19,361.31,44.50,116.48,0.876,-1,-1,-1
627,79,744.70,359.88,12.22,39.04,0.599,-1,-1,-1
627,80,782.76,359.22,22.36,57.20,0.683,-1,-1,-1
627,81,695.79,360.57,19.39,50.83,0.423,-1,-1,-1
628,7,807.86,334.03,62.57,173.10,0.869,-1,-1,-1
628,37,1203.82,343.96,52.19,131.45,0.833,-1,-1,-1
628,42,883.33,343.31,58.43,161.98,0.880,-1,-1,-1
628,61,1110.42,344.88,28.66,73.93,0.738,-1,-1,-1
628,64,1184.74,353.50,23.30,62.20,0.689,-1,-1,-1
628,71,1150.05,348.16,23.39,69.71,0.746,-1,-1,-1
628,73,1031.44,379.46,56.30,112.32,0.617,-1,-1,-1
628,74,986.63,368.82,57.77,121.36,0.637,-1,-1,-1
628,75,1416.54,320.05,76.57,191.31,0.839,-1,-1,-1
628,76,47.05,354.39,46.26,121.25,0.841,-1,-1,-1
628,78,-3.11,362.22,44.03,116.85,0.877,-1,-1,-1
628,79,745.58,361.27,12.01,38.41,0.674,-1,-1,-1
628,80,783.39,360.50,22.32,56.90,0.715,-1,-1,-1
628,81,696.56,361.81,19.38,50.94,0.478,-1,-1,-1
629,7,811.46,336.38,62.11,172.68,0.854,-1,-1,-1
629,37,1208.40,346.57,52.76,132.35,0.584,-1,-1,-1
629,42,886.26,345.26,58.96,164.59,0.867,-1,-1,-1
629,61,1114.52,348.72,28.57,73.67,0.720,-1,-1,-1
629,64,1188.88,356.13,23.13,61.77,0.386,-1,-1,-1
629,71,1152.52,347.40,24.96,74.95,0.649,-1,-1,-1
629,73,1038.40,382.97,56.15,112.59,0.650,-1,-1,-1
629,74,989.80,371.31,58.59,122.97,0.628,-1,-1,-1
629,75,1430.06,324.78,76.72,192.91,0.876,-1,-1,-1
629,76,45.74,355.87,47.07,122.39,0.835,-1,-1,-1
629,78,-4.42,362.07,43.82,118.52,0.874,-1,-1,-1
629,79,748.52,363.88,12.11,38.69,0.460,-1,-1,-1
629,80,785.91,363.94,22.48,57.14,0.683,-1,-1,-1
629,81,699.23,363.55,19.76,51.83,0.531,-1,-1,-1
630,7,813.61,339.40,61.80,172.27,0.833,-1,-1,-1
630,37,1210.29,348.47,53.90,134.10,0.759,-1,-1,-1
630,42,887.18,349.23,58.46,163.97,0.846,-1,-1,-1
630,61,1114.67,350.24,29.44,76.39,0.620,-1,-1,-1
630,64,1190.73,358.66,23.19,62.21,-1.000,-1,-1,-1
630,71,1153.12,347.68,26.05,78.58,0.537,-1,-1,-1
630,73,1041.76,383.64,56.62,113.94,0.618,-1,-1,-1
630,74,992.31,372.81,59.17,124.28,0.639,-1,-1,-1
630,75,1436.54,329.94,75.89,191.68,0.866,-1,-1,-1
630,76,43.81,357.93,48.03,124.12,0.837,-1,-1,-1
630,78,-7.47,357.54,45.82,126.55,0.768,-1,-1,-1
630,79,749.12,364.09,13.07,41.68,0.128,-1,-1,-1
630,80,784.24,360.41,25.14,64.00,0.635,-1,-1,-1
630,81,698.38,365.98,20.09,52.40,0.324,-1,-1,-1
631,7,815.05,339.24,62.12,173.79,0.847,-1,-1,-1
631,37,1212.41,349.90,54.34,135.13,0.706,-1,-1,-1
631,42,889.23,349.77,58.14,164.14,0.865,-1,-1,-1
631,61,1117.27,352.78,29.05,75.28,0.714,-1,-1,-1
631,64,1192.57,361.18,23.25,62.65,0.675,-1,-1,-1
631,71,1155.69,352.96,24.49,74.18,0.723,-1,-1,-1
631,73,1038.78,386.57,57.29,113.54,0.798,-1,-1,-1
631,74,992.64,375.46,59.00,123.37,0.765,-1,-1,-1
631,75,1443.42,331.41,76.42,193.80,0.890,-1,-1,-1
631,76,40.95,358.19,48.64,124.78,0.859,-1,-1,-1
631,78,-7.81,358.45,44.55,126.32,0.829,-1,-1,-1
631,79,750.87,366.01,12.94,41.31,0.578,-1,-1,-1
631,80,787.05,364.18,24.26,61.60,0.705,-1,-1,-1
631,81,698.95,366.86,20.26,52.67,0.516,-1,-1,-1
632,7,816.13,338.54,62.25,174.52,0.852,-1,-1,-1
632,37,1213.52,349.99,54.05,133.70,0.793,-1,-1,-1
632,42,891.57,351.04,57.71,163.90,0.876,-1,-1,-1
632,61,1119.90,354.42,28.64,73.98,0.753,-1,-1,-1
632,64,1194.89,360.00,24.21,65.86,0.559,-1,-1,-1
632,71,1158.74,353.28,24.51,74.44,0.678,-1,-1,-1
632,73,1040.38,387.13,57.64,113.72,0.606,-1,-1,-1
632,74,994.26,375.34,59.46,123.89,0.782,-1,-1,-1
632,75,1449.39,330.65,77.27,196.62,0.838,-1,-1,-1
632,76,38.68,357.89,48.71,124.67,0.865,-1,-1,-1
632,78,-8.11,357.48,43.86,126.83,0.721,-1,-1,-1
632,79,752.92,365.76,13.20,42.17,0.613,-1,-1,-1
632,80,789.62,363.97,24.63,62.49,0.687,-1,-1,-1
632,81,700.93,366.47,20.28,52.91,0.515,-1,-1,-1
633,7,817.84,338.42,61.94,174.44,0.863,-1,-1,-1
633,37,1212.77,350.26,54.10,133.54,0.748,-1,-1,-1
633,42,891.80,352.38,56.96,162.44,0.864,-1,-1,-1
633,61,1119.54,352.85,29.22,75.61,0.645,-1,-1,-1
633,64,1194.86,358.44,24.98,68.31,0.173,-1,-1,-1
633,71,1158.61,353.53,24.45,74.46,0.591,-1,-1,-1
633,73,1045.59,383.87,57.78,114.89,0.693,-1,-1,-1
633,74,996.22,374.85,59.47,123.83,0.716,-1,-1,-1
633,75,1453.70,329.68,78.19,199.57,0.878,-1,-1,-1
633,76,34.96,358.21,49.35,126.14,0.841,-1,-1,-1
633,78,-10.32,357.25,43.26,128.70,0.753,-1,-1,-1
633,79,752.69,364.28,13.75,43.82,0.332,-1,-1,-1
633,80,789.34,363.39,24.70,62.66,0.609,-1,-1,-1
633,81,700.20,364.97,20.82,54.35,0.357,-1,-1,-1
634,7,817.57,335.26,62.01,174.45,0.854,-1,-1,-1
634,37,1212.86,348.25,54.14,133.32,0.726,-1,-1,-1
634,42,892.84,350.22,56.64,162.03,0.864,-1,-1,-1
634,61,1121.88,351.44,28.78,74.18,0.752,-1,-1,-1
634,64,1197.26,356.08,25.01,69.32,0.676,-1,-1,-1
634,71,1160.36,348.62,25.11,76.65,0.684,-1,-1,-1
634,73,1049.49,382.08,57.16,114.75,0.708,-1,-1,-1
634,74,996.64,370.47,60.44,125.77,0.792,-1,-1,-1
634,75,1460.82,327.13,77.98,199.60,0.879,-1,-1,-1
634,76,26.88,354.87,49.07,126.25,0.813,-1,-1,-1
634,78,-11.91,354.35,41.36,127.62,0.785,-1,-1,-1
634,79,753.41,362.31,13.46,42.74,0.553,-1,-1,-1
634,80,791.12,361.24,24.21,61.27,0.691,-1,-1,-1
634,81,701.58,363.30,20.10,52.68,0.554,-1,-1,-1
635,7,816.25,334.78,61.95,174.77,0.839,-1,-1,-1
635,37,1207.85,348.30,53.84,132.11,0.804,-1,-1,-1
635,42,891.80,350.60,55.95,160.70,0.843,-1,-1,-1
635,61,1121.45,352.83,27.85,71.65,0.693,-1,-1,-1
635,64,1196.85,354.32,25.27,70.33,0.125,-1,-1,-1
635,71,1159.72,345.34,25.97,79.43,0.463,-1,-1,-1
635,73,1049.65,380.59,57.59,116.40,0.557,-1,-1,-1
635,74,995.62,369.56,60.63,126.32,0.790,-1,-1,-1
635,75,1462.32,323.97,79.29,202.78,0.839,-1,-1,-1
635,76,17.77,353.11,49.19,127.18,0.705,-1,-1,-1
635,78,-14.03,360.19,38.25,120.68,0.503,-1,-1,-1
635,79,752.09,361.10,13.37,42.46,0.231,-1,-1,-1
635,80,789.99,360.19,24.97,62.83,0.620,-1,-1,-1
635,81,699.88,362.44,19.71,51.95,0.214,-1,-1,-1
636,7,811.96,332.17,61.53,173.97,0.853,-1,-1,-1
636,37,1203.21,345.75,53.54,131.73,0.841,-1,-1,-1
636,42,888.90,347.69,55.58,160.03,0.873,-1,-1,-1
636,61,1117.68,348.25,28.16,72.19,0.748,-1,-1,-1
636,64,1193.78,352.34,24.21,68.17,0.653,-1,-1,-1
636,71,1156.94,345.09,25.09,76.64,0.723,-1,-1,-1
636,73,1040.45,378.95,58.07,115.64,0.798,-1,-1,-1
636,74,991.56,365.94,61.20,127.62,0.764,-1,-1,-1
636,75,1461.03,319.88,80.24,203.98,0.891,-1,-1,-1
636,76,8.28,349.47,48.83,127.54,0.769,-1,-1,-1
636,79,747.55,358.98,12.89,40.86,0.493,-1,-1,-1
636,80,785.84,358.27,24.16,60.40,0.695,-1,-1,-1
636,81,696.52,359.27,20.01,52.75,0.506,-1,-1,-1
637,7,811.86,330.55,60.66,171.72,0.835,-1,-1,-1
637,37,1200.36,341.75,53.88,132.04,0.841,-1,-1,-1
637,42,889.65,344.56,55.33,159.62,0.850,-1,-1,-1
637,61,1118.17,345.30,27.97,71.47,0.714,-1,-1,-1
637,71,1157.29,337.62,26.29,80.86,0.656,-1,-1,-1
637,73,1043.59,374.62,58.33,117.14,0.635,-1,-1,-1
637,74,992.25,363.33,60.79,126.79,0.701,-1,-1,-1
637,75,1462.66,317.42,81.33,204.09,0.868,-1,-1,-1
637,76,5.11,346.36,48.08,125.58,0.765,-1,-1,-1
637,79,746.72,355.28,12.88,40.98,0.229,-1,-1,-1
637,80,785.84,353.00,24.59,61.34,0.600,-1,-1,-1
637,81,695.69,353.11,20.75,55.13,0.437,-1,-1,-1
638,7,812.41,327.60,60.45,171.29,0.852,-1,-1,-1
638,37,1199.53,337.44,54.48,133.17,0.848,-1,-1,-1
638,42,890.63,341.02,54.94,158.08,0.877,-1,-1,-1
638,61,1118.46,340.27,28.42,72.37,0.753,-1,-1,-1
638,71,1157.62,332.40,26.66,82.43,0.679,-1,-1,-1
638,73,1040.36,370.40,59.49,118.12,0.782,-1,-1,-1
638,74,991.75,359.84,61.03,126.85,0.777,-1,-1,-1
638,75,1464.15,312.69,82.93,205.09,0.879,-1,-1,-1
638,76,0.36,342.91,48.08,125.98,0.816,-1,-1,-1
638,79,746.45,352.11,12.74,40.39,0.517,-1,-1,-1
638,80,785.62,351.20,23.93,59.47,0.720,-1,-1,-1
638,81,696.07,349.68,20.60,55.18,0.531,-1,-1,-1
639,7,808.27,324.63,60.40,170.55,0.853,-1,-1,-1
639,37,1194.41,333.08,54.61,132.60,0.868,-1,-1,-1
639,42,887.56,337.31,54.43,156.24,0.886,-1,-1,-1
639,61,1114.68,337.08,28.51,72.45,0.779,-1,-1,-1
639,71,1154.06,329.08,26.46,82.73,0.716,-1,-1,-1
639,73,1039.61,367.69,58.93,118.22,0.673,-1,-1,-1
639,74,987.46,356.45,61.31,126.91,0.739,-1,-1,-1
639,75,1462.40,309.57,85.73,208.05,0.890,-1,-1,-1
639,76,-8.49,339.51,47.24,126.58,0.813,-1,-1,-1
639,79,740.94,348.75,12.67,39.92,0.427,-1,-1,-1
639,80,781.08,347.47,23.75,59.13,0.675,-1,-1,-1
639,81,691.21,347.59,19.91,53.30,0.499,-1,-1,-1
640,7,808.26,322.65,60.98,171.70,0.872,-1,-1,-1
640,37,1193.90,331.38,55.15,133.08,0.867,-1,-1,-1
640,42,889.34,335.52,54.27,155.41,0.889,-1,-1,-1
640,61,1115.24,336.17,28.66,72.64,0.771,-1,-1,-1
640,71,1155.35,331.08,25.45,80.09,0.692,-1,-1,-1
640,73,1039.76,366.31,59.22,118.68,0.611,-1,-1,-1
640,74,988.31,355.91,61.48,126.75,0.757,-1,-1,-1
640,75,1465.20,307.92,88.36,210.62,0.899,-1,-1,-1
640,76,-8.62,339.81,46.09,126.18,0.822,-1,-1,-1
640,79,741.51,348.89,12.49,39.08,0.443,-1,-1,-1
640,80,781.48,347.05,23.71,59.30,0.697,-1,-1,-1
640,81,692.25,347.30,19.76,52.86,0.538,-1,-1,-1
641,7,808.41,321.94,61.31,172.40,0.878,-1,-1,-1
641,37,1193.26,329.70,55.90,134.40,0.855,-1,-1,-1
641,42,890.15,334.02,54.86,156.80,0.888,-1,-1,-1
641,61,1115.59,335.61,28.78,72.81,0.777,-1,-1,-1
641,71,1155.85,328.18,25.95,82.29,0.679,-1,-1,-1
641,73,1042.71,366.23,58.51,117.74,0.577,-1,-1,-1
641,74,988.58,355.26,61.90,127.37,0.718,-1,-1,-1
641,75,1466.79,306.23,91.02,213.79,0.892,-1,-1,-1
641,76,-8.53,340.77,44.26,124.08,0.839,-1,-1,-1
641,79,741.75,349.04,12.41,38.62,0.463,-1,-1,-1
641,80,781.49,346.98,23.79,59.61,0.690,-1,-1,-1
641,81,692.48,346.74,19.89,53.06,0.494,-1,-1,-1
642,7,807.20,321.65,61.77,173.01,0.876,-1,-1,-1
642,37,1192.81,329.43,56.53,135.36,0.874,-1,-1,-1
642,42,890.15,333.50,55.43,158.07,0.887,-1,-1,-1
642,61,1115.32,336.29,28.64,72.29,0.780,-1,-1,-1
642,71,1156.23,330.94,25.11,79.81,0.674,-1,-1,-1
642,73,1037.42,367.13,59.65,118.22,0.733,-1,-1,-1
642,74,987.98,355.89,62.36,127.95,0.770,-1,-1,-1
642,75,1468.47,305.80,93.33,216.02,0.888,-1,-1,-1
642,76,-9.36,342.44,42.67,122.56,0.798,-1,-1,-1
642,79,740.96,349.94,12.60,38.86,0.530,-1,-1,-1
642,80,780.98,348.01,23.50,58.99,0.703,-1,-1,-1
642,81,691.39,347.87,19.96,52.81,0.508,-1,-1,-1
643,7,807.06,321.60,60.95,171.66,0.849,-1,-1,-1
643,37,1193.92,330.24,56.16,135.19,0.853,-1,-1,-1
643,42,892.24,334.51,55.14,158.20,0.856,-1,-1,-1
643,61,1115.81,337.99,28.32,71.72,0.723,-1,-1,-1
643,71,1159.42,333.22,24.89,79.21,-1.000,-1,-1,-1
643,73,1041.80,365.52,60.54,120.75,0.617,-1,-1,-1
643,74,990.56,357.40,62.07,127.96,0.599,-1,-1,-1
643,75,1472.05,307.83,94.67,217.93,0.821,-1,-1,-1
643,76,-9.64,343.46,41.30,121.47,0.734,-1,-1,-1
643,79,742.77,351.05,12.70,39.21,-1.000,-1,-1,-1
643,80,780.12,343.79,25.62,64.48,0.390,-1,-1,-1
643,81,694.00,349.73,19.86,52.51,-1.000,-1,-1,-1
644,7,811.02,323.76,61.22,171.26,0.847,-1,-1,-1
644,37,1196.73,333.91,55.39,133.86,0.848,-1,-1,-1
644,42,895.27,336.25,55.83,160.42,0.843,-1,-1,-1
644,61,1118.32,340.80,28.27,71.73,0.728,-1,-1,-1
644,71,1162.60,335.50,24.67,78.62,-1.000,-1,-1,-1
644,73,1047.76,368.61,59.63,119.93,0.674,-1,-1,-1
644,74,992.75,357.98,62.84,130.31,0.740,-1,-1,-1
644,75,1477.76,306.81,98.25,223.09,0.899,-1,-1,-1
644,76,-10.17,346.87,41.00,122.20,0.434,-1,-1,-1
644,79,744.57,352.15,12.81,39.56,-1.000,-1,-1,-1
644,80,782.57,347.21,25.07,63.04,0.363,-1,-1,-1
644,81,696.62,351.60,19.76,52.22,-1.000,-1,-1,-1
645,7,816.38,325.56,61.24,170.88,0.847,-1,-1,-1
645,37,1202.42,335.87,54.94,132.94,0.852,-1,-1,-1
645,42,899.23,336.01,56.53,161.89,0.855,-1,-1,-1
645,61,1124.08,342.41,28.51,71.99,0.817,-1,-1,-1
645,71,1165.79,337.78,24.45,78.03,0.626,-1,-1,-1
645,73,1053.26,371.04,59.27,119.80,0.625,-1,-1,-1
645,74,997.62,360.26,62.79,129.87,0.757,-1,-1,-1
645,75,1490.97,307.32,99.93,225.88,0.858,-1,-1,-1
645,76,-6.93,351.62,39.14,119.41,0.739,-1,-1,-1
645,79,746.38,353.25,12.92,39.91,0.560,-1,-1,-1
645,80,788.39,350.57,24.56,61.94,0.622,-1,-1,-1
645,81,699.24,353.47,19.67,51.93,0.548,-1,-1,-1
646,7,816.60,326.03,61.08,170.00,0.820,-1,-1,-1
646,37,1204.56,335.40,55.47,134.48,0.838,-1,-1,-1
646,42,900.83,337.40,56.44,161.66,0.778,-1,-1,-1
646,61,1126.97,343.62,28.02,70.85,0.683,-1,-1,-1
646,71,1169.75,337.49,24.51,78.21,0.343,-1,-1,-1
646,73,1052.85,369.87,60.88,122.12,0.628,-1,-1,-1
646,74,1000.20,359.29,63.08,130.49,0.658,-1,-1,-1
646,75,1499.95,301.85,102.66,232.39,0.803,-1,-1,-1
646,76,-6.55,347.91,39.42,122.56,0.677,-1,-1,-1
646,79,748.68,353.27,12.80,39.45,-1.000,-1,-1,-1
646,80,791.06,348.57,25.80,65.03,0.496,-1,-1,-1
646,81,701.51,353.63,19.64,51.90,-1.000,-1,-1,-1
647,7,819.64,327.94,61.44,170.29,0.847,-1,-1,-1
647,37,1206.33,335.75,55.70,135.51,0.845,-1,-1,-1
647,42,902.46,337.78,56.95,162.32,0.851,-1,-1,-1
647,61,1129.29,343.96,28.44,71.07,0.808,-1,-1,-1
647,71,1172.23,336.85,25.05,80.24,0.745,-1,-1,-1
647,73,1057.23,369.28,61.41,124.20,0.601,-1,-1,-1
647,74,1002.39,360.74,63.36,131.57,0.732,-1,-1,-1
647,75,1511.05,304.86,102.33,231.60,0.886,-1,-1,-1
647,76,-7.92,346.37,39.78,126.25,0.671,-1,-1,-1
647,79,750.99,353.29,12.67,39.00,0.514,-1,-1,-1
647,80,792.78,350.18,25.61,64.29,0.648,-1,-1,-1
647,81,703.79,353.79,19.61,51.88,0.527,-1,-1,-1
648,7,823.92,327.59,61.91,171.37,0.866,-1,-1,-1
648,37,1211.32,337.05,54.98,133.69,0.849,-1,-1,-1
648,42,906.74,338.09,56.81,161.55,0.856,-1,-1,-1
648,61,1134.04,343.22,28.75,71.33,0.818,-1,-1,-1
648,71,1176.81,337.54,24.50,78.77,0.723,-1,-1,-1
648,73,1063.66,369.49,60.64,123.46,0.692,-1,-1,-1
648,74,1007.65,361.92,63.13,131.03,0.580,-1,-1,-1
648,75,1526.83,304.91,101.58,232.18,0.887,-1,-1,-1
648,76,-6.85,344.61,39.49,128.43,0.723,-1,-1,-1
648,79,754.32,352.92,13.04,39.77,0.539,-1,-1,-1
648,80,797.19,351.56,24.62,61.76,0.615,-1,-1,-1
648,81,706.82,352.69,20.25,53.34,0.643,-1,-1,-1
649,7,828.83,325.02,62.60,172.21,0.852,-1,-1,-1
649,37,1216.62,335.96,54.65,133.19,0.849,-1,-1,-1
649,42,909.56,337.54,56.90,160.63,0.875,-1,-1,-1
649,61,1140.60,341.76,27.82,69.00,0.745,-1,-1,-1
649,71,1182.64,335.39,24.76,79.68,0.698,-1,-1,-1
649,73,1067.48,367.26,61.72,125.65,0.569,-1,-1,-1
649,74,1012.08,360.58,63.28,131.25,0.718,-1,-1,-1
649,75,1545.30,304.40,101.08,233.96,0.844,-1,-1,-1
649,76,-7.02,337.23,39.85,133.01,0.729,-1,-1,-1
649,79,758.26,350.11,12.31,37.60,0.427,-1,-1,-1
649,80,801.08,346.13,25.44,63.94,0.638,-1,-1,-1
649,81,709.55,348.82,20.90,54.34,0.539,-1,-1,-1
650,7,832.52,325.27,62.20,171.15,0.877,-1,-1,-1
650,37,1220.23,335.12,53.88,131.70,0.848,-1,-1,-1
650,42,911.15,337.29,57.29,160.27,0.892,-1,-1,-1
650,61,1144.40,340.44,28.20,69.63,0.788,-1,-1,-1
650,71,1186.20,334.65,24.76,79.84,0.726,-1,-1,-1
650,73,1072.25,366.04,62.02,127.36,0.656,-1,-1,-1
650,74,1015.26,360.04,63.66,131.52,0.739,-1,-1,-1
650,75,1558.48,304.31,100.72,236.63,0.898,-1,-1,-1
650,76,-6.94,333.39,39.46,134.99,0.730,-1,-1,-1
650,79,760.61,349.14,12.77,39.03,0.524,-1,-1,-1
650,80,804.25,347.06,24.44,61.51,0.726,-1,-1,-1
650,81,713.81,346.91,20.67,53.95,0.604,-1,-1,-1
651,7,838.00,322.54,62.91,172.66,0.852,-1,-1,-1
651,37,1225.66,333.85,53.52,131.03,0.855,-1,-1,-1
651,42,915.16,336.75,57.56,159.90,0.884,-1,-1,-1
651,61,1149.91,337.88,28.58,70.80,0.763,-1,-1,-1
651,71,1191.43,330.90,25.50,83.00,0.701,-1,-1,-1
651,73,1074.64,366.25,61.78,126.05,0.606,-1,-1,-1
651,74,1020.87,357.78,64.05,132.43,0.560,-1,-1,-1
651,75,1571.76,302.81,101.01,240.62,0.896,-1,-1,-1
651,76,-6.05,330.00,39.03,136.71,0.693,-1,-1,-1
651,79,764.87,346.81,13.29,40.60,0.497,-1,-1,-1
651,80,808.56,343.82,25.22,63.63,0.736,-1,-1,-1
651,81,718.69,345.38,20.57,53.85,0.547,-1,-1,-1
652,7,842.48,323.02,62.71,171.69,0.872,-1,-1,-1
652,37,1229.17,332.88,53.67,131.45,0.856,-1,-1,-1
652,42,917.95,336.58,57.82,159.62,0.860,-1,-1,-1
652,61,1153.81,337.31,28.51,70.71,0.771,-1,-1,-1
652,71,1196.26,332.76,24.64,80.80,0.684,-1,-1,-1
652,73,1073.67,367.03,62.64,125.36,0.725,-1,-1,-1
652,74,1024.65,358.08,63.68,131.69,0.636,-1,-1,-1
652,75,1582.39,304.49,100.83,241.56,0.887,-1,-1,-1
652,76,-6.12,328.40,38.41,137.57,0.683,-1,-1,-1
652,79,767.55,345.41,13.55,41.25,0.407,-1,-1,-1
652,80,811.89,343.46,24.98,63.21,0.674,-1,-1,-1
652,81,722.55,344.35,20.11,52.54,0.120,-1,-1,-1
653,7,846.73,323.72,62.45,170.91,0.865,-1,-1,-1
653,37,1231.72,331.90,54.14,132.70,0.861,-1,-1,-1
653,42,921.07,336.14,58.30,160.28,0.878,-1,-1,-1
653,61,1157.35,337.84,28.45,70.60,0.787,-1,-1,-1
653,71,1200.58,335.39,23.87,78.08,0.776,-1,-1,-1
653,73,1075.81,367.67,62.93,124.91,0.606,-1,-1,-1
653,74,1027.60,358.76,63.78,131.39,0.682,-1,-1,-1
653,75,1591.94,305.90,101.02,242.99,0.896,-1,-1,-1
653,76,-6.68,327.81,37.27,137.33,0.735,-1,-1,-1
653,79,770.16,346.12,13.14,40.05,0.515,-1,-1,-1
653,80,814.97,344.48,24.58,62.33,0.718,-1,-1,-1
653,81,723.55,342.04,21.58,56.36,0.625,-1,-1,-1
654,7,855.25,321.91,62.88,172.52,0.845,-1,-1,-1
654,37,1239.52,333.62,54.01,132.05,0.848,-1,-1,-1
654,42,931.76,335.33,57.38,157.51,0.823,-1,-1,-1
654,61,1165.78,338.73,28.38,70.22,0.721,-1,-1,-1
654,71,1210.66,335.95,23.95,78.49,0.238,-1,-1,-1
654,73,1082.21,364.82,65.73,129.13,0.672,-1,-1,-1
654,74,1034.32,358.75,64.60,132.82,0.525,-1,-1,-1
654,75,1606.87,308.66,102.93,246.36,0.862,-1,-1,-1
654,76,-2.56,324.87,36.38,135.92,0.818,-1,-1,-1
654,80,822.19,340.21,25.85,65.64,0.513,-1,-1,-1
654,81,731.14,341.25,20.74,54.17,0.146,-1,-1,-1
