1,1,584.06,443.77,87.86,264.38,0.900,-1,-1,-1
1,2,1340.69,417.02,163.78,371.17,0.891,-1,-1,-1
1,3,1443.12,430.60,160.27,338.04,0.846,-1,-1,-1
1,4,1014.91,429.19,43.15,99.51,0.803,-1,-1,-1
1,5,438.45,443.15,113.79,279.97,0.790,-1,-1,-1
1,6,731.47,460.68,36.67,109.30,0.776,-1,-1,-1
1,7,937.61,434.48,37.91,81.68,0.739,-1,-1,-1
1,8,1255.74,447.77,36.57,98.92,0.704,-1,-1,-1
1,9,651.07,457.75,48.11,185.55,0.691,-1,-1,-1
1,10,548.09,447.94,34.45,111.56,0.679,-1,-1,-1
1,11,691.86,488.67,38.34,109.65,0.617,-1,-1,-1
2,1,584.28,443.93,87.80,264.16,0.897,-1,-1,-1
2,2,1344.41,419.47,163.95,371.38,0.895,-1,-1,-1
2,3,1445.60,430.96,159.63,336.82,0.838,-1,-1,-1
2,4,1015.08,429.35,43.08,99.34,0.797,-1,-1,-1
2,5,439.74,442.96,114.13,280.72,0.805,-1,-1,-1
2,6,733.13,469.64,33.54,99.87,0.774,-1,-1,-1
2,7,937.55,434.47,37.90,81.64,0.749,-1,-1,-1
2,8,1255.91,447.90,36.48,98.68,0.701,-1,-1,-1
2,9,654.82,454.78,48.84,188.35,0.470,-1,-1,-1
2,10,548.21,448.67,33.99,110.08,0.647,-1,-1,-1
2,11,692.16,486.35,38.51,110.15,0.483,-1,-1,-1
3,1,584.75,444.00,87.85,264.25,0.899,-1,-1,-1
3,2,1347.54,417.47,167.32,378.52,0.902,-1,-1,-1
3,3,1443.08,432.38,159.29,335.98,0.706,-1,-1,-1
3,4,1015.52,429.57,43.06,99.34,0.799,-1,-1,-1
3,5,441.58,443.82,113.93,279.81,0.859,-1,-1,-1
3,6,732.47,463.91,35.45,105.61,0.759,-1,-1,-1
3,7,937.67,434.24,38.06,81.93,0.782,-1,-1,-1
3,8,1256.05,447.80,36.44,98.62,0.736,-1,-1,-1
3,9,650.91,459.25,48.01,184.74,0.678,-1,-1,-1
3,10,547.98,448.82,33.75,109.26,0.628,-1,-1,-1
3,11,692.11,486.40,38.38,109.78,0.422,-1,-1,-1
3,12,1102.37,437.92,35.77,111.33,0.562,-1,-1,-1
4,1,584.81,444.30,87.76,263.96,0.901,-1,-1,-1
4,2,1351.73,417.42,168.66,381.12,0.901,-1,-1,-1
4,3,1450.91,430.48,160.70,339.75,0.736,-1,-1,-1
4,4,1015.05,429.31,43.18,99.56,0.800,-1,-1,-1
4,5,442.73,443.83,114.21,279.95,0.860,-1,-1,-1
4,6,733.38,470.21,33.41,99.36,0.750,-1,-1,-1
4,7,937.80,434.24,38.15,82.02,0.745,-1,-1,-1
4,8,1256.63,447.82,36.46,98.64,0.753,-1,-1,-1
4,9,649.02,459.63,48.21,184.88,0.749,-1,-1,-1
4,10,547.68,449.14,33.76,109.23,0.601,-1,-1,-1
4,11,693.41,488.76,36.61,104.72,0.247,-1,-1,-1
4,12,1102.38,438.00,36.02,112.09,0.618,-1,-1,-1
5,1,584.43,444.59,87.72,263.80,0.899,-1,-1,-1
5,2,1355.78,416.56,170.02,383.67,0.915,-1,-1,-1
5,3,1465.17,428.77,161.25,342.12,0.776,-1,-1,-1
5,4,1014.06,429.25,43.29,99.62,0.798,-1,-1,-1
5,5,442.66,442.80,114.70,280.58,0.864,-1,-1,-1
5,6,733.85,474.56,32.27,95.74,0.786,-1,-1,-1
5,7,937.43,434.19,38.23,82.09,0.772,-1,-1,-1
5,8,1256.58,447.83,36.43,98.53,0.741,-1,-1,-1
5,9,649.41,459.81,48.59,185.05,0.807,-1,-1,-1
5,10,547.47,448.96,33.74,109.13,0.566,-1,-1,-1
5,11,694.59,483.04,37.61,107.73,0.202,-1,-1,-1
5,12,1102.34,438.04,36.03,112.11,0.591,-1,-1,-1
6,1,584.47,444.70,87.74,263.77,0.896,-1,-1,-1
6,2,1358.76,416.77,170.26,384.56,0.919,-1,-1,-1
6,3,1471.83,427.31,160.96,343.48,0.773,-1,-1,-1
6,4,1013.68,429.25,43.50,99.96,0.784,-1,-1,-1
6,5,443.24,442.73,115.33,281.06,0.887,-1,-1,-1
6,6,734.16,475.91,31.98,94.68,0.740,-1,-1,-1
6,7,936.81,434.06,38.62,82.87,0.776,-1,-1,-1
6,8,1256.68,447.83,36.46,98.58,0.727,-1,-1,-1
6,9,650.46,458.41,49.10,185.62,0.808,-1,-1,-1
6,10,547.44,447.45,34.28,110.88,0.603,-1,-1,-1
6,11,692.53,471.73,42.69,122.64,0.243,-1,-1,-1
6,12,1102.33,438.09,35.91,111.69,0.647,-1,-1,-1
7,1,583.98,444.44,87.94,264.16,0.897,-1,-1,-1
7,2,1364.62,415.71,170.03,385.98,0.906,-1,-1,-1
7,3,1474.37,426.19,160.44,344.87,0.737,-1,-1,-1
7,4,1013.97,429.66,43.53,99.89,0.768,-1,-1,-1
7,5,443.25,442.60,115.93,281.64,0.865,-1,-1,-1
7,6,734.02,476.63,31.95,94.40,0.732,-1,-1,-1
7,7,935.92,434.11,38.69,83.07,0.777,-1,-1,-1
7,8,1256.66,447.97,36.42,98.48,0.707,-1,-1,-1
7,9,651.77,457.13,49.84,187.45,0.818,-1,-1,-1
7,10,547.33,447.09,34.26,110.80,0.623,-1,-1,-1
7,11,691.55,468.49,44.65,128.72,0.350,-1,-1,-1
7,12,1102.05,438.31,35.99,111.89,0.679,-1,-1,-1
7,13,1368.16,433.46,43.61,126.93,0.573,-1,-1,-1
7,14,507.80,455.34,55.74,214.73,0.603,-1,-1,-1
8,1,583.77,444.06,88.20,264.62,0.891,-1,-1,-1
8,2,1372.02,413.94,169.72,388.56,0.893,-1,-1,-1
8,3,1476.57,424.83,159.69,345.33,0.727,-1,-1,-1
8,4,1013.31,429.77,43.54,99.65,0.771,-1,-1,-1
8,5,443.89,441.23,117.08,282.83,0.877,-1,-1,-1
8,6,733.60,476.52,32.33,95.26,0.752,-1,-1,-1
8,7,935.04,434.20,38.54,82.77,0.763,-1,-1,-1
8,8,1255.95,448.14,36.30,98.25,0.680,-1,-1,-1
8,9,651.66,456.90,50.98,190.62,0.819,-1,-1,-1
8,10,547.48,447.82,33.94,109.82,0.619,-1,-1,-1
8,11,691.29,468.04,45.21,130.76,0.274,-1,-1,-1
8,12,1102.09,438.33,35.64,110.75,0.749,-1,-1,-1
8,13,1371.64,433.17,43.81,127.56,0.217,-1,-1,-1
8,14,508.44,457.85,56.24,216.68,0.583,-1,-1,-1
9,1,583.67,443.49,88.46,265.12,0.884,-1,-1,-1
9,2,1383.12,412.21,168.59,390.36,0.868,-1,-1,-1
9,3,1482.34,422.60,159.52,346.84,0.732,-1,-1,-1
9,4,1012.89,430.34,43.27,98.71,0.763,-1,-1,-1
9,5,445.40,441.68,117.57,282.33,0.874,-1,-1,-1
9,6,733.02,475.87,32.82,96.54,0.717,-1,-1,-1
9,7,934.48,434.47,38.19,82.14,0.768,-1,-1,-1
9,8,1255.81,448.09,36.26,98.18,0.712,-1,-1,-1
9,9,653.60,456.35,51.31,191.41,0.772,-1,-1,-1
9,10,547.23,446.88,34.43,111.39,0.558,-1,-1,-1
9,11,692.61,474.56,43.01,124.68,0.220,-1,-1,-1
9,12,1101.61,438.25,35.66,110.72,0.589,-1,-1,-1
9,13,1373.02,434.27,43.56,126.57,0.511,-1,-1,-1
9,14,508.26,458.10,58.09,223.79,0.583,-1,-1,-1
10,1,583.91,443.18,88.63,265.24,0.886,-1,-1,-1
10,2,1393.85,410.51,166.24,390.74,0.846,-1,-1,-1
10,3,1489.59,421.79,158.52,347.74,0.566,-1,-1,-1
10,4,1013.76,431.48,42.75,97.35,0.774,-1,-1,-1
10,5,445.92,442.32,118.00,281.54,0.872,-1,-1,-1
10,6,731.42,465.78,36.15,106.86,0.769,-1,-1,-1
10,7,934.21,434.58,37.93,81.63,0.794,-1,-1,-1
10,8,1255.62,448.09,36.23,98.13,0.716,-1,-1,-1
10,9,655.16,457.15,51.56,191.76,0.766,-1,-1,-1
10,10,547.56,446.04,34.78,112.64,0.610,-1,-1,-1
10,11,694.24,480.36,41.10,119.61,0.326,-1,-1,-1
10,12,1101.38,438.15,35.72,110.79,0.518,-1,-1,-1
10,13,1378.52,435.10,43.26,125.36,0.661,-1,-1,-1
10,14,509.28,457.57,60.32,232.46,0.462,-1,-1,-1
11,1,584.07,443.45,88.65,264.82,0.901,-1,-1,-1
11,2,1404.75,408.95,164.29,392.92,0.857,-1,-1,-1
11,3,1499.88,421.53,156.32,348.74,0.748,-1,-1,-1
11,4,1014.17,432.47,42.53,96.73,0.778,-1,-1,-1
11,5,446.10,442.86,118.55,281.23,0.899,-1,-1,-1
11,6,730.82,461.29,37.69,112.00,0.786,-1,-1,-1
11,7,934.05,434.80,37.68,81.19,0.795,-1,-1,-1
11,8,1255.44,448.09,36.16,98.08,0.722,-1,-1,-1
11,9,657.12,456.61,51.40,191.19,0.703,-1,-1,-1
11,10,546.61,444.51,35.50,114.78,0.642,-1,-1,-1
11,11,693.37,473.14,43.47,127.13,0.167,-1,-1,-1
11,12,1101.30,438.09,35.70,110.59,0.473,-1,-1,-1
11,13,1382.08,433.98,44.21,127.75,0.739,-1,-1,-1
11,14,509.72,455.27,62.85,242.40,0.488,-1,-1,-1
12,1,584.16,443.36,88.79,264.81,0.909,-1,-1,-1
12,2,1416.36,407.69,162.23,394.07,0.838,-1,-1,-1
12,3,1521.28,422.10,157.13,351.27,0.755,-1,-1,-1
12,4,1015.10,433.10,42.05,95.83,0.754,-1,-1,-1
12,5,445.84,443.09,118.71,281.19,0.823,-1,-1,-1
12,6,730.38,458.88,38.52,115.08,0.779,-1,-1,-1
12,7,934.02,435.00,37.53,80.97,0.780,-1,-1,-1
12,8,1255.52,448.23,36.03,97.74,0.739,-1,-1,-1
12,9,658.39,456.59,50.92,189.51,0.701,-1,-1,-1
12,10,545.63,443.80,35.90,115.90,0.635,-1,-1,-1
12,11,694.90,478.81,41.38,121.48,0.218,-1,-1,-1
12,12,1101.54,438.18,35.47,109.76,0.472,-1,-1,-1
12,13,1383.26,434.00,43.87,126.60,0.583,-1,-1,-1
12,14,511.32,455.16,63.85,246.66,0.298,-1,-1,-1
13,1,584.40,443.37,88.89,264.70,0.905,-1,-1,-1
13,2,1428.57,411.08,158.22,390.33,0.845,-1,-1,-1
13,3,1526.52,421.74,156.54,352.46,0.668,-1,-1,-1
13,4,1016.38,433.77,41.38,94.70,0.674,-1,-1,-1
13,5,446.42,444.09,118.84,281.40,0.848,-1,-1,-1
13,6,729.87,458.75,38.72,116.06,0.739,-1,-1,-1
13,7,933.64,435.06,37.61,81.14,0.767,-1,-1,-1
13,8,1255.86,448.19,36.06,97.74,0.736,-1,-1,-1
13,9,660.20,457.42,50.64,188.60,0.627,-1,-1,-1
13,10,545.84,443.55,36.02,116.19,0.616,-1,-1,-1
13,11,695.76,480.97,39.85,117.36,0.142,-1,-1,-1
13,12,1101.63,438.06,35.46,109.65,0.593,-1,-1,-1
13,13,1387.48,432.39,44.15,126.73,0.628,-1,-1,-1
13,14,513.28,454.98,64.27,248.48,0.461,-1,-1,-1
14,1,584.73,443.44,89.06,264.54,0.900,-1,-1,-1
14,2,1439.29,409.56,156.92,392.33,0.842,-1,-1,-1
14,3,1539.01,422.72,157.57,358.25,0.795,-1,-1,-1
14,4,1017.40,433.77,41.15,94.54,0.709,-1,-1,-1
14,5,445.79,444.14,119.66,283.48,0.853,-1,-1,-1
14,6,729.57,457.83,39.14,117.89,0.765,-1,-1,-1
14,7,933.94,435.03,37.57,81.20,0.765,-1,-1,-1
14,8,1255.98,448.19,36.05,97.69,0.738,-1,-1,-1
14,9,661.47,458.20,50.19,187.16,0.601,-1,-1,-1
14,10,546.01,443.22,36.10,116.29,0.650,-1,-1,-1
14,11,696.60,481.36,37.88,111.87,0.141,-1,-1,-1
14,12,1101.80,438.11,35.52,109.74,0.527,-1,-1,-1
14,13,1392.45,433.60,43.94,125.42,0.739,-1,-1,-1
14,14,515.20,452.13,64.94,252.19,0.480,-1,-1,-1
15,1,584.67,443.12,89.25,264.69,0.901,-1,-1,-1
15,2,1452.80,416.75,155.26,387.69,0.758,-1,-1,-1
15,3,1555.59,424.18,157.92,361.57,0.809,-1,-1,-1
15,4,1017.73,434.70,40.60,93.30,0.728,-1,-1,-1
15,5,446.30,443.73,120.62,286.64,0.826,-1,-1,-1
15,6,729.25,457.14,39.14,118.45,0.770,-1,-1,-1
15,7,933.77,434.79,37.88,82.09,0.795,-1,-1,-1
15,8,1255.45,447.95,36.13,98.03,0.725,-1,-1,-1
15,9,663.34,459.05,50.28,187.35,0.486,-1,-1,-1
15,10,547.77,445.59,35.17,113.63,0.589,-1,-1,-1
15,12,1101.91,438.19,35.72,110.28,0.658,-1,-1,-1
15,13,1395.89,433.06,44.00,125.43,0.576,-1,-1,-1
15,14,512.41,451.19,66.02,256.25,0.140,-1,-1,-1
16,1,584.84,442.89,89.37,264.64,0.901,-1,-1,-1
16,2,1463.86,414.95,157.91,391.50,0.647,-1,-1,-1
16,3,1564.22,425.43,159.36,362.63,0.819,-1,-1,-1
16,4,1017.58,435.08,40.49,93.09,0.672,-1,-1,-1
16,5,446.08,444.11,121.01,288.64,0.846,-1,-1,-1
16,6,729.58,465.88,36.45,109.97,0.666,-1,-1,-1
16,7,933.47,434.81,37.85,82.34,0.785,-1,-1,-1
16,8,1255.01,447.91,36.09,98.26,0.712,-1,-1,-1
16,9,662.87,459.25,50.17,187.58,0.534,-1,-1,-1
16,10,548.87,450.50,33.56,108.52,0.640,-1,-1,-1
16,12,1101.81,438.36,35.80,110.42,0.636,-1,-1,-1
16,13,1401.23,432.80,43.90,125.11,0.482,-1,-1,-1
16,14,517.69,454.44,64.56,252.54,0.491,-1,-1,-1
17,1,584.79,442.74,89.67,265.10,0.900,-1,-1,-1
17,2,1471.59,412.17,162.71,397.01,0.850,-1,-1,-1
17,3,1569.50,428.05,160.88,361.19,0.848,-1,-1,-1
17,4,1017.09,435.35,40.49,93.01,0.690,-1,-1,-1
17,5,446.15,444.62,120.79,289.96,0.861,-1,-1,-1
17,6,729.50,470.31,34.99,105.40,0.385,-1,-1,-1
17,7,932.92,434.87,37.83,82.74,0.816,-1,-1,-1
17,8,1253.46,448.03,35.87,98.11,0.699,-1,-1,-1
17,9,661.75,459.68,50.74,191.15,0.689,-1,-1,-1
17,10,547.72,448.53,34.19,110.59,0.474,-1,-1,-1
17,12,1101.58,437.93,35.92,110.78,0.644,-1,-1,-1
17,13,1402.97,431.63,44.28,126.89,0.445,-1,-1,-1
17,14,521.35,452.22,64.46,254.55,0.496,-1,-1,-1
18,1,584.66,442.78,89.75,265.14,0.898,-1,-1,-1
18,2,1480.62,412.31,168.65,400.13,0.889,-1,-1,-1
18,3,1571.46,429.18,161.93,359.84,0.736,-1,-1,-1
18,4,1016.09,435.23,40.74,93.23,0.725,-1,-1,-1
18,5,447.12,445.06,120.55,289.87,0.824,-1,-1,-1
18,6,730.42,474.70,31.04,92.59,0.427,-1,-1,-1
18,7,932.67,435.06,37.63,82.72,0.758,-1,-1,-1
18,8,1253.37,447.87,35.78,98.16,0.708,-1,-1,-1
18,9,661.48,460.12,50.80,192.71,0.720,-1,-1,-1
18,10,548.06,449.70,33.15,106.99,0.410,-1,-1,-1
18,12,1101.32,437.87,35.92,110.65,0.589,-1,-1,-1
18,13,1405.58,431.55,43.87,126.54,0.362,-1,-1,-1
18,14,521.40,452.94,64.82,257.12,0.146,-1,-1,-1
19,1,585.41,443.05,89.99,265.15,0.890,-1,-1,-1
19,2,1487.60,412.71,175.46,402.57,0.910,-1,-1,-1
19,3,1573.34,429.67,165.94,364.91,0.774,-1,-1,-1
19,4,1016.96,435.31,40.68,93.26,0.668,-1,-1,-1
19,5,449.16,445.51,120.67,289.97,0.841,-1,-1,-1
19,6,729.87,466.69,32.73,97.18,0.552,-1,-1,-1
19,7,932.61,435.29,37.39,82.61,0.788,-1,-1,-1
19,8,1253.04,447.37,35.72,98.55,0.737,-1,-1,-1
19,9,661.94,460.42,51.18,194.53,0.388,-1,-1,-1
19,10,548.55,449.61,31.73,101.91,0.330,-1,-1,-1
19,12,1101.36,437.63,36.04,110.99,0.692,-1,-1,-1
19,13,1407.70,431.11,43.87,127.18,0.213,-1,-1,-1
19,14,524.83,452.43,63.14,250.43,-1.000,-1,-1,-1
20,1,585.90,443.03,90.58,265.28,0.895,-1,-1,-1
20,2,1491.16,412.32,183.02,407.67,0.890,-1,-1,-1
20,3,1579.50,453.64,159.72,343.96,0.722,-1,-1,-1
20,4,1017.05,435.19,40.70,93.34,0.785,-1,-1,-1
20,5,452.46,444.34,120.60,290.72,0.854,-1,-1,-1
20,6,729.00,462.50,33.92,100.11,0.566,-1,-1,-1
20,7,932.36,435.28,37.21,82.62,0.796,-1,-1,-1
20,8,1252.24,447.09,35.70,98.72,0.741,-1,-1,-1
20,9,662.40,460.62,50.96,194.10,0.422,-1,-1,-1
20,10,548.15,449.74,32.11,103.05,0.242,-1,-1,-1
20,12,1101.25,437.43,36.16,111.29,0.670,-1,-1,-1
20,13,1410.99,429.48,44.23,128.82,0.175,-1,-1,-1
20,14,528.26,451.91,61.45,243.74,-1.000,-1,-1,-1
21,1,587.63,443.00,91.30,265.27,0.898,-1,-1,-1
21,2,1491.73,412.15,190.68,412.54,0.898,-1,-1,-1
21,3,1584.37,444.28,165.67,355.39,0.633,-1,-1,-1
21,4,1017.25,435.25,40.79,93.82,0.797,-1,-1,-1
21,5,454.56,443.11,121.04,292.46,0.893,-1,-1,-1
21,6,728.95,460.08,34.10,99.49,0.679,-1,-1,-1
21,7,932.34,435.21,37.00,82.56,0.801,-1,-1,-1
21,8,1252.00,446.88,35.68,98.98,0.748,-1,-1,-1
21,9,662.67,460.31,50.49,192.39,0.456,-1,-1,-1
21,10,551.26,451.45,26.69,84.24,0.310,-1,-1,-1
21,12,1101.07,437.31,36.26,111.57,0.622,-1,-1,-1
21,13,1414.69,430.46,43.68,127.51,0.344,-1,-1,-1
21,14,531.69,451.40,59.77,237.05,-1.000,-1,-1,-1
21,15,686.67,452.01,26.43,51.75,0.553,-1,-1,-1
22,1,589.53,442.77,92.30,265.68,0.899,-1,-1,-1
22,2,1492.99,412.36,196.31,414.12,0.895,-1,-1,-1
22,3,1589.02,436.72,170.67,363.10,0.741,-1,-1,-1
22,4,1017.16,434.66,40.93,94.45,0.801,-1,-1,-1
22,5,456.69,442.60,120.82,293.03,0.896,-1,-1,-1
22,6,729.14,458.92,34.39,98.50,0.710,-1,-1,-1
22,7,932.34,435.28,36.61,82.11,0.798,-1,-1,-1
22,8,1251.54,446.71,35.63,99.12,0.741,-1,-1,-1
22,9,665.34,459.84,51.11,193.16,0.699,-1,-1,-1
22,10,554.56,458.31,20.55,62.74,0.508,-1,-1,-1
22,12,1100.77,437.24,36.31,111.61,0.361,-1,-1,-1
22,13,1418.34,430.94,43.46,126.62,0.496,-1,-1,-1
22,14,535.12,450.88,58.08,230.36,-1.000,-1,-1,-1
22,15,688.49,452.28,25.90,50.71,0.430,-1,-1,-1
23,1,590.46,442.80,93.20,266.23,0.891,-1,-1,-1
23,2,1492.61,412.40,201.30,415.48,0.890,-1,-1,-1
23,3,1595.89,432.59,173.18,368.45,0.607,-1,-1,-1
23,4,1017.56,434.55,40.54,94.18,0.783,-1,-1,-1
23,5,458.63,442.69,120.42,292.98,0.878,-1,-1,-1
23,6,728.97,458.45,35.16,99.29,0.595,-1,-1,-1
23,7,932.31,435.25,36.46,82.17,0.772,-1,-1,-1
23,8,1250.93,446.59,35.59,99.27,0.742,-1,-1,-1
23,9,666.18,459.94,51.48,193.51,0.663,-1,-1,-1
23,10,556.48,462.17,17.50,52.08,0.397,-1,-1,-1
23,12,1100.57,437.04,36.36,111.68,0.485,-1,-1,-1
23,13,1423.84,431.92,44.32,125.96,0.752,-1,-1,-1
23,14,538.55,450.37,56.40,223.67,-1.000,-1,-1,-1
23,15,689.77,452.12,26.32,51.50,0.567,-1,-1,-1
24,1,590.93,442.42,94.12,266.98,0.889,-1,-1,-1
24,2,1496.48,411.92,204.71,416.28,0.882,-1,-1,-1
24,3,1618.90,428.02,172.91,373.52,0.748,-1,-1,-1
24,4,1017.99,434.48,40.33,94.12,0.783,-1,-1,-1
24,5,461.97,441.96,119.81,293.78,0.866,-1,-1,-1
24,6,727.84,457.79,36.07,100.75,0.469,-1,-1,-1
24,7,932.39,435.29,36.29,82.19,0.791,-1,-1,-1
24,8,1250.43,446.49,35.50,99.37,0.736,-1,-1,-1
24,9,665.91,459.29,51.71,194.08,0.516,-1,-1,-1
24,10,557.71,464.23,15.99,46.79,0.246,-1,-1,-1
24,12,1100.67,436.81,36.18,110.99,0.506,-1,-1,-1
24,13,1426.53,431.67,45.63,126.24,0.783,-1,-1,-1
24,14,541.98,449.85,54.71,216.97,-1.000,-1,-1,-1
24,15,691.47,451.47,28.31,55.38,0.565,-1,-1,-1
25,1,590.71,442.44,95.02,268.02,0.887,-1,-1,-1
25,2,1499.43,408.79,208.46,420.02,0.852,-1,-1,-1
25,3,1638.41,428.14,171.34,374.06,0.756,-1,-1,-1
25,4,1018.04,435.06,39.80,93.39,0.734,-1,-1,-1
25,5,465.70,441.90,118.63,293.32,0.853,-1,-1,-1
25,6,727.21,457.94,37.28,102.99,0.399,-1,-1,-1
25,7,932.29,435.13,36.07,82.01,0.773,-1,-1,-1
25,8,1249.56,446.20,35.51,99.54,0.714,-1,-1,-1
25,9,664.43,458.20,52.06,195.74,0.440,-1,-1,-1
25,12,1100.76,437.01,35.96,110.34,0.542,-1,-1,-1
25,13,1428.53,432.95,46.54,124.73,0.760,-1,-1,-1
25,14,545.41,449.34,53.03,210.28,-1.000,-1,-1,-1
25,15,691.54,450.35,29.76,58.29,0.551,-1,-1,-1
25,16,1002.93,453.45,21.31,65.26,0.587,-1,-1,-1
26,1,590.82,442.44,95.43,268.02,0.881,-1,-1,-1
26,2,1503.56,407.33,210.09,421.78,0.884,-1,-1,-1
26,3,1656.84,425.40,171.66,377.09,0.773,-1,-1,-1
26,4,1018.32,435.41,39.44,92.90,0.602,-1,-1,-1
26,5,466.81,442.12,118.16,293.52,0.851,-1,-1,-1
26,6,727.09,458.22,38.63,105.11,0.597,-1,-1,-1
26,7,932.34,434.97,35.87,81.83,0.771,-1,-1,-1
26,8,1249.37,446.23,35.32,99.15,0.731,-1,-1,-1
26,9,663.86,458.15,52.10,195.62,0.521,-1,-1,-1
26,12,1100.60,437.03,36.46,111.98,0.255,-1,-1,-1
26,13,1429.56,433.61,48.11,124.33,0.808,-1,-1,-1
26,14,548.85,448.82,51.34,203.59,-1.000,-1,-1,-1
26,15,691.52,448.53,32.60,64.08,0.536,-1,-1,-1
26,16,1002.45,453.65,21.39,65.51,0.584,-1,-1,-1
27,1,590.32,442.60,96.20,269.24,0.881,-1,-1,-1
27,2,1510.53,404.78,210.85,424.70,0.886,-1,-1,-1
27,3,1671.98,424.89,172.27,377.92,0.654,-1,-1,-1
27,4,1018.54,436.63,38.78,91.77,0.599,-1,-1,-1
27,5,469.48,442.19,117.39,293.60,0.851,-1,-1,-1
27,6,726.81,458.24,39.89,107.53,0.345,-1,-1,-1
27,7,932.31,435.19,35.66,81.57,0.765,-1,-1,-1
27,8,1249.44,446.26,35.15,98.89,0.751,-1,-1,-1
27,9,664.92,457.29,52.67,196.25,0.698,-1,-1,-1
27,12,1100.55,437.25,36.31,111.43,0.165,-1,-1,-1
27,13,1429.78,432.89,49.71,124.80,0.830,-1,-1,-1
27,14,552.28,448.31,49.66,196.90,-1.000,-1,-1,-1
27,15,691.95,446.74,34.05,67.32,0.613,-1,-1,-1
27,16,1002.54,453.51,22.27,68.18,0.613,-1,-1,-1
28,1,589.95,442.98,96.52,269.25,0.873,-1,-1,-1
28,2,1519.21,402.71,209.23,425.51,0.857,-1,-1,-1
28,3,1676.05,420.95,173.22,382.29,0.544,-1,-1,-1
28,4,1017.94,436.94,38.41,91.34,0.641,-1,-1,-1
28,5,471.15,442.59,116.56,293.37,0.873,-1,-1,-1
28,6,726.13,458.13,39.81,106.83,0.327,-1,-1,-1
28,7,932.16,435.21,35.60,81.80,0.762,-1,-1,-1
28,8,1249.34,446.29,35.24,98.79,0.751,-1,-1,-1
28,9,666.71,456.85,52.69,195.38,0.510,-1,-1,-1
28,12,1101.26,437.45,35.89,110.11,0.165,-1,-1,-1
28,13,1429.82,432.43,51.29,125.25,0.860,-1,-1,-1
28,14,555.71,447.79,47.97,190.21,-1.000,-1,-1,-1
28,15,693.55,446.88,33.76,67.22,0.642,-1,-1,-1
28,16,1002.55,453.68,21.50,65.81,0.479,-1,-1,-1
29,1,591.65,443.10,96.39,269.59,0.854,-1,-1,-1
29,2,1531.31,400.14,206.39,427.71,0.866,-1,-1,-1
29,3,1687.94,417.25,176.34,385.84,0.768,-1,-1,-1
29,4,1018.21,438.96,37.40,89.30,0.558,-1,-1,-1
29,5,472.64,442.43,116.23,294.01,0.850,-1,-1,-1
29,6,725.09,458.20,40.36,108.37,0.252,-1,-1,-1
29,7,932.02,435.27,35.58,82.15,0.751,-1,-1,-1
29,8,1249.01,446.34,35.05,98.19,0.769,-1,-1,-1
29,9,667.47,456.04,53.27,197.23,0.293,-1,-1,-1
29,12,1102.30,437.26,33.92,103.63,0.123,-1,-1,-1
29,13,1431.39,432.04,52.59,126.84,0.834,-1,-1,-1
29,14,559.14,447.28,46.29,183.52,-1.000,-1,-1,-1
29,15,693.83,446.99,35.07,70.37,0.617,-1,-1,-1
29,16,1002.90,453.50,21.38,65.48,0.479,-1,-1,-1
30,1,593.42,443.40,95.91,269.35,0.854,-1,-1,-1
30,2,1546.65,398.43,202.85,429.83,0.865,-1,-1,-1
30,3,1685.93,415.79,176.34,387.26,0.766,-1,-1,-1
30,4,1017.30,441.27,36.43,86.82,0.349,-1,-1,-1
30,5,473.35,441.52,116.53,295.93,0.841,-1,-1,-1
30,6,723.94,458.50,40.93,109.76,0.424,-1,-1,-1
30,7,931.95,435.55,35.30,81.81,0.714,-1,-1,-1
30,8,1248.96,446.34,34.90,97.90,0.761,-1,-1,-1
30,9,667.95,456.09,53.46,197.53,0.488,-1,-1,-1
30,12,1103.29,437.43,31.24,94.58,0.168,-1,-1,-1
30,13,1433.87,431.63,52.44,125.90,0.812,-1,-1,-1
30,14,562.57,446.77,44.60,176.83,-1.000,-1,-1,-1
30,15,694.87,447.21,33.82,68.37,0.659,-1,-1,-1
30,16,1003.11,453.14,21.65,66.30,0.102,-1,-1,-1
31,1,595.61,442.94,95.73,269.90,0.853,-1,-1,-1
31,2,1563.55,397.22,201.02,435.42,0.842,-1,-1,-1
31,3,1696.96,414.63,183.33,394.08,0.870,-1,-1,-1
31,4,1016.73,442.08,36.09,86.00,0.572,-1,-1,-1
31,5,475.06,441.46,115.85,295.85,0.830,-1,-1,-1
31,6,723.41,462.21,40.78,108.88,0.283,-1,-1,-1
31,7,931.85,434.74,35.56,82.71,0.748,-1,-1,-1
31,8,1249.08,446.51,34.85,97.58,0.762,-1,-1,-1
31,9,670.89,459.56,52.44,194.17,0.431,-1,-1,-1
31,12,1103.27,437.34,31.32,94.33,0.138,-1,-1,-1
31,13,1437.21,431.53,52.07,125.43,0.729,-1,-1,-1
31,14,566.00,446.25,42.92,170.14,-1.000,-1,-1,-1
31,15,696.27,448.80,32.14,65.33,0.603,-1,-1,-1
31,16,1004.02,453.30,19.47,59.49,0.297,-1,-1,-1
32,1,598.18,442.86,95.09,269.85,0.871,-1,-1,-1
32,2,1579.56,396.17,199.14,438.69,0.847,-1,-1,-1
32,3,1705.30,414.06,188.26,396.81,0.857,-1,-1,-1
32,4,1015.37,442.98,35.98,85.66,0.578,-1,-1,-1
32,5,475.45,441.28,116.11,298.04,0.888,-1,-1,-1
32,6,722.27,461.49,42.25,112.35,0.539,-1,-1,-1
32,7,931.62,434.26,35.71,83.36,0.754,-1,-1,-1
32,8,1249.25,446.50,34.85,97.38,0.754,-1,-1,-1
32,9,670.68,459.52,52.63,194.57,0.451,-1,-1,-1
32,12,1101.51,437.15,34.70,104.70,0.105,-1,-1,-1
32,13,1439.82,431.49,51.71,125.39,0.733,-1,-1,-1
32,14,569.43,445.74,41.23,163.45,-1.000,-1,-1,-1
32,15,697.63,449.32,31.18,63.47,0.457,-1,-1,-1
32,16,1004.24,453.61,17.92,54.77,0.334,-1,-1,-1
33,1,600.37,442.54,94.50,270.33,0.872,-1,-1,-1
33,2,1590.94,395.34,198.93,444.87,0.823,-1,-1,-1
33,3,1714.66,406.48,193.41,404.96,0.792,-1,-1,-1
33,4,1014.62,443.08,35.84,85.29,0.534,-1,-1,-1
33,5,475.81,440.74,116.30,299.67,0.854,-1,-1,-1
33,6,720.96,460.70,42.99,114.53,0.327,-1,-1,-1
33,7,931.75,434.06,35.60,83.26,0.741,-1,-1,-1
33,8,1249.23,446.37,35.02,97.68,0.734,-1,-1,-1
33,9,670.76,459.27,53.13,195.68,0.531,-1,-1,-1
33,12,1100.99,436.96,35.70,107.68,0.241,-1,-1,-1
33,13,1444.79,431.10,50.94,125.92,0.720,-1,-1,-1
33,14,572.86,445.22,39.55,156.76,-1.000,-1,-1,-1
33,15,698.68,450.70,29.12,59.25,0.434,-1,-1,-1
33,16,1004.46,453.60,17.16,52.43,0.340,-1,-1,-1
34,1,601.47,442.55,93.90,270.68,0.872,-1,-1,-1
34,2,1600.05,396.06,195.13,441.69,0.800,-1,-1,-1
34,3,1726.26,414.17,191.42,400.11,0.391,-1,-1,-1
34,4,1013.04,442.61,35.88,85.49,0.512,-1,-1,-1
34,5,475.81,441.63,116.79,302.67,0.892,-1,-1,-1
34,6,719.76,463.51,42.25,112.52,0.200,-1,-1,-1
34,7,931.60,434.19,35.42,83.15,0.732,-1,-1,-1
34,8,1249.73,446.10,35.19,98.06,0.737,-1,-1,-1
34,9,670.34,459.65,53.38,195.74,0.503,-1,-1,-1
34,13,1448.67,431.12,49.75,125.90,0.774,-1,-1,-1
34,14,576.29,444.71,37.86,150.07,0.611,-1,-1,-1
34,15,699.00,451.84,28.38,57.82,0.473,-1,-1,-1
34,16,1004.10,453.74,16.96,51.74,0.285,-1,-1,-1
35,1,602.26,442.67,93.29,270.80,0.874,-1,-1,-1
35,2,1613.83,396.41,199.38,454.17,0.858,-1,-1,-1
35,3,1728.57,417.96,191.73,399.13,0.503,-1,-1,-1
35,4,1010.77,441.86,36.21,85.83,0.572,-1,-1,-1
35,5,475.40,441.73,116.82,304.33,0.875,-1,-1,-1
35,6,719.21,472.39,39.45,104.34,0.107,-1,-1,-1
35,7,931.43,434.39,35.26,83.02,0.725,-1,-1,-1
35,8,1250.10,446.10,35.33,98.32,0.727,-1,-1,-1
35,9,669.80,458.59,53.94,196.49,0.675,-1,-1,-1
35,13,1451.48,431.28,48.50,125.55,0.746,-1,-1,-1
35,14,579.27,451.75,34.95,137.96,0.661,-1,-1,-1
35,15,700.81,450.55,27.82,56.71,0.541,-1,-1,-1
35,16,1002.95,453.74,16.91,51.68,0.169,-1,-1,-1
36,1,603.18,442.94,92.69,270.73,0.868,-1,-1,-1
36,2,1632.58,397.79,204.24,460.54,0.894,-1,-1,-1
36,3,1726.00,415.47,196.06,406.83,0.456,-1,-1,-1
36,4,1009.47,441.10,36.78,86.62,0.637,-1,-1,-1
36,5,475.50,441.38,117.52,308.16,0.883,-1,-1,-1
36,6,720.00,480.14,36.73,96.44,0.119,-1,-1,-1
36,7,931.58,434.33,35.19,83.15,0.729,-1,-1,-1
36,8,1250.61,445.90,35.54,98.72,0.751,-1,-1,-1
36,9,670.77,459.25,54.29,196.29,0.633,-1,-1,-1
36,13,1453.28,431.00,47.66,125.89,0.775,-1,-1,-1
36,14,581.02,454.25,34.20,133.83,0.714,-1,-1,-1
36,15,702.89,450.77,26.96,55.09,0.520,-1,-1,-1
36,16,1002.25,454.18,17.51,53.65,0.152,-1,-1,-1
37,1,604.49,443.07,91.97,270.15,0.868,-1,-1,-1
37,2,1648.52,398.62,209.02,461.84,0.904,-1,-1,-1
37,3,1728.27,437.46,188.25,386.40,0.593,-1,-1,-1
37,4,1008.18,441.06,37.32,87.24,0.633,-1,-1,-1
37,5,476.11,441.28,117.13,308.54,0.843,-1,-1,-1
37,6,726.87,469.69,31.43,81.94,0.511,-1,-1,-1
37,7,931.87,434.32,35.14,83.40,0.707,-1,-1,-1
37,8,1251.51,445.82,35.36,98.55,0.736,-1,-1,-1
37,9,672.29,459.38,54.75,195.92,0.744,-1,-1,-1
37,13,1453.80,430.96,47.35,126.39,0.770,-1,-1,-1
37,14,582.71,453.59,34.45,133.55,0.643,-1,-1,-1
37,15,704.93,450.56,25.97,53.11,0.555,-1,-1,-1
37,16,1002.11,454.06,17.69,54.21,0.108,-1,-1,-1
38,1,606.24,443.12,91.22,269.66,0.863,-1,-1,-1
38,2,1657.80,399.56,216.94,468.73,0.893,-1,-1,-1
38,3,1728.69,433.01,190.99,391.02,0.473,-1,-1,-1
38,4,1007.28,440.90,37.75,87.99,0.532,-1,-1,-1
38,5,476.76,441.10,115.60,305.23,0.830,-1,-1,-1
38,6,727.55,466.39,33.82,88.69,0.180,-1,-1,-1
38,7,932.26,434.80,34.79,82.91,0.732,-1,-1,-1
38,8,1252.08,445.64,35.17,98.59,0.714,-1,-1,-1
38,9,673.46,459.71,55.26,196.48,0.702,-1,-1,-1
38,13,1454.69,430.86,46.99,126.09,0.738,-1,-1,-1
38,14,583.09,453.56,34.79,133.36,0.651,-1,-1,-1
38,15,707.56,450.57,24.41,49.88,0.559,-1,-1,-1
39,1,606.94,443.61,90.60,269.09,0.860,-1,-1,-1
39,2,1654.12,401.01,218.46,466.70,0.902,-1,-1,-1
39,3,1757.80,423.56,189.80,400.52,0.688,-1,-1,-1
39,4,1006.91,440.86,37.87,88.00,0.498,-1,-1,-1
39,5,477.02,441.17,115.85,307.04,0.859,-1,-1,-1
39,6,727.09,464.59,36.56,96.63,0.164,-1,-1,-1
39,7,932.37,434.79,34.51,82.47,0.737,-1,-1,-1
39,8,1253.05,445.58,35.03,98.63,0.675,-1,-1,-1
39,9,675.29,461.55,55.59,195.87,0.764,-1,-1,-1
39,13,1458.36,431.20,46.88,125.53,0.122,-1,-1,-1
39,14,583.21,454.00,35.35,133.37,0.669,-1,-1,-1
39,15,709.71,450.39,23.49,47.96,0.567,-1,-1,-1
40,1,608.11,443.77,90.27,269.06,0.855,-1,-1,-1
40,2,1660.52,401.69,228.23,476.12,0.913,-1,-1,-1
40,3,1774.19,415.56,186.32,407.63,0.752,-1,-1,-1
40,4,1006.92,440.22,38.36,88.53,0.712,-1,-1,-1
40,5,477.53,442.42,115.83,308.19,0.875,-1,-1,-1
40,6,728.67,463.44,35.76,94.70,0.212,-1,-1,-1
40,7,932.55,434.82,34.27,82.09,0.730,-1,-1,-1
40,8,1254.96,445.49,35.14,98.81,0.732,-1,-1,-1
40,9,679.50,463.63,55.48,195.81,0.458,-1,-1,-1
40,13,1461.42,431.64,47.32,125.12,0.676,-1,-1,-1
40,14,582.86,454.17,35.86,133.19,0.700,-1,-1,-1
40,15,711.75,450.75,22.85,46.64,0.509,-1,-1,-1
41,1,608.93,444.20,90.21,268.70,0.856,-1,-1,-1
41,2,1661.82,402.20,235.35,481.24,0.917,-1,-1,-1
41,3,1783.89,402.89,187.28,422.50,0.626,-1,-1,-1
41,4,1006.78,440.07,38.36,87.76,0.751,-1,-1,-1
41,5,478.12,443.43,115.55,308.77,0.868,-1,-1,-1
41,6,729.27,462.55,36.20,96.36,0.414,-1,-1,-1
41,7,932.52,434.75,34.20,82.07,0.731,-1,-1,-1
41,8,1255.92,445.77,35.04,98.45,0.710,-1,-1,-1
41,9,681.27,465.97,55.52,195.41,0.554,-1,-1,-1
41,13,1463.10,431.46,48.57,125.58,0.842,-1,-1,-1
41,14,582.87,454.13,36.35,133.14,0.674,-1,-1,-1
41,15,713.77,451.09,22.91,46.54,0.602,-1,-1,-1
41,17,577.87,425.25,18.59,42.84,0.597,-1,-1,-1
42,1,609.08,444.01,90.52,269.56,0.860,-1,-1,-1
42,2,1662.61,399.12,241.06,486.32,0.913,-1,-1,-1
42,3,1793.39,391.50,181.68,433.31,0.840,-1,-1,-1
42,4,1006.20,440.09,38.04,86.88,0.621,-1,-1,-1
42,5,478.54,444.52,115.38,309.92,0.881,-1,-1,-1
42,6,730.50,462.06,35.92,95.66,0.204,-1,-1,-1
42,7,932.60,434.72,34.25,82.53,0.742,-1,-1,-1
42,8,1256.01,445.62,35.09,98.88,0.699,-1,-1,-1
42,9,686.50,472.38,54.03,190.54,0.593,-1,-1,-1
42,13,1464.63,431.89,49.43,124.97,0.869,-1,-1,-1
42,14,582.56,454.04,36.84,133.67,0.657,-1,-1,-1
42,15,715.57,451.41,23.16,46.99,0.545,-1,-1,-1
42,17,577.78,425.27,18.67,43.03,0.614,-1,-1,-1
43,1,612.55,444.15,90.18,269.63,0.868,-1,-1,-1
43,2,1664.68,397.01,245.59,490.76,0.920,-1,-1,-1
43,3,1802.75,388.79,173.00,433.53,0.803,-1,-1,-1
43,4,1005.99,440.46,37.72,85.95,0.575,-1,-1,-1
43,5,477.97,443.90,116.06,313.80,0.873,-1,-1,-1
43,6,731.57,461.51,35.88,95.96,0.221,-1,-1,-1
43,7,932.49,434.68,34.22,82.75,0.731,-1,-1,-1
43,8,1255.93,445.74,34.88,98.64,0.632,-1,-1,-1
43,9,687.27,470.69,54.80,193.29,0.580,-1,-1,-1
43,13,1467.05,431.75,49.84,124.55,0.851,-1,-1,-1
43,14,582.27,453.42,37.43,134.52,0.676,-1,-1,-1
43,15,715.67,449.98,24.51,50.17,0.571,-1,-1,-1
43,17,578.17,425.35,18.52,42.69,0.613,-1,-1,-1
44,1,614.51,444.17,89.84,269.64,0.873,-1,-1,-1
44,2,1671.93,395.93,246.82,492.65,0.920,-1,-1,-1
44,3,1811.32,390.59,168.63,434.44,0.528,-1,-1,-1
44,4,1007.28,440.94,38.09,85.67,0.644,-1,-1,-1
44,5,477.62,443.72,116.31,315.82,0.873,-1,-1,-1
44,6,733.04,461.42,35.97,96.82,0.558,-1,-1,-1
44,7,932.43,434.77,34.21,82.98,0.731,-1,-1,-1
44,8,1256.18,445.92,34.74,98.57,0.643,-1,-1,-1
44,9,686.46,467.99,55.65,196.74,0.564,-1,-1,-1
44,13,1469.39,431.61,49.87,124.24,0.794,-1,-1,-1
44,14,582.15,451.61,38.14,136.59,0.655,-1,-1,-1
44,15,716.45,449.23,24.14,49.84,0.625,-1,-1,-1
44,17,578.55,425.45,18.18,41.94,0.593,-1,-1,-1
45,1,616.08,443.99,89.63,270.01,0.867,-1,-1,-1
45,2,1681.58,393.71,246.76,495.88,0.913,-1,-1,-1
45,4,1008.30,441.79,37.57,83.69,0.562,-1,-1,-1
45,5,477.71,443.32,116.36,317.73,0.872,-1,-1,-1
45,6,733.77,461.74,35.86,96.69,0.297,-1,-1,-1
45,7,932.48,434.84,34.06,82.91,0.733,-1,-1,-1
45,8,1257.27,446.28,34.75,98.19,0.684,-1,-1,-1
45,9,685.80,465.10,56.39,199.71,0.654,-1,-1,-1
45,13,1471.77,431.73,49.53,123.76,0.814,-1,-1,-1
45,14,582.27,448.47,39.09,139.81,0.552,-1,-1,-1
45,15,717.17,448.60,23.77,49.43,0.587,-1,-1,-1
45,17,578.41,425.41,18.03,41.59,0.595,-1,-1,-1
46,1,617.34,443.72,89.52,270.34,0.884,-1,-1,-1
46,2,1692.14,390.33,245.22,498.69,0.881,-1,-1,-1
46,4,1008.66,441.58,37.46,82.96,0.665,-1,-1,-1
46,5,476.98,442.62,116.55,319.98,0.861,-1,-1,-1
46,6,734.92,461.90,35.77,96.85,0.268,-1,-1,-1
46,7,932.54,434.96,33.88,82.75,0.725,-1,-1,-1
46,8,1257.64,446.15,34.72,98.07,0.617,-1,-1,-1
46,9,688.75,465.51,56.06,199.58,0.164,-1,-1,-1
46,13,1476.09,431.84,48.23,122.44,0.798,-1,-1,-1
46,14,581.41,448.34,39.36,139.86,0.675,-1,-1,-1
46,15,717.56,448.12,23.92,50.03,0.488,-1,-1,-1
46,17,578.20,425.34,17.81,41.05,0.557,-1,-1,-1
47,1,617.73,443.42,89.30,270.54,0.888,-1,-1,-1
47,2,1703.33,385.97,242.97,503.41,0.870,-1,-1,-1
47,4,1009.07,441.62,38.03,83.65,0.638,-1,-1,-1
47,5,476.25,442.42,116.29,320.71,0.868,-1,-1,-1
47,6,735.92,461.48,35.81,97.32,0.419,-1,-1,-1
47,7,932.58,434.99,33.74,82.61,0.721,-1,-1,-1
47,8,1257.39,446.01,34.72,98.32,0.636,-1,-1,-1
47,9,692.87,466.19,55.48,198.74,0.493,-1,-1,-1
47,13,1480.49,431.92,46.83,121.06,0.720,-1,-1,-1
47,14,581.06,447.70,39.68,140.28,0.607,-1,-1,-1
47,15,718.22,447.25,24.23,50.85,0.488,-1,-1,-1
47,17,578.13,425.15,17.80,40.98,0.562,-1,-1,-1
48,1,618.91,443.47,89.02,270.23,0.887,-1,-1,-1
48,2,1726.11,383.92,236.74,505.19,0.822,-1,-1,-1
48,4,1009.40,441.72,38.24,83.66,0.545,-1,-1,-1
48,5,475.52,442.39,115.93,320.72,0.862,-1,-1,-1
48,6,736.50,461.30,35.68,97.65,0.430,-1,-1,-1
48,7,932.80,434.84,33.81,83.06,0.729,-1,-1,-1
48,8,1259.03,446.05,34.82,98.20,0.720,-1,-1,-1
48,9,693.54,472.33,53.52,192.52,0.663,-1,-1,-1
48,13,1485.01,431.54,46.04,121.45,0.643,-1,-1,-1
48,14,581.27,445.90,40.47,142.56,0.560,-1,-1,-1
48,15,719.14,447.43,24.23,50.59,0.546,-1,-1,-1
48,17,578.34,425.26,17.78,40.93,0.565,-1,-1,-1
49,1,620.01,443.55,88.73,269.98,0.888,-1,-1,-1
49,2,1742.42,381.81,229.00,506.46,0.862,-1,-1,-1
49,4,1009.82,441.64,38.17,83.30,0.536,-1,-1,-1
49,5,474.86,441.55,116.02,321.82,0.862,-1,-1,-1
49,6,739.79,461.27,32.84,88.51,0.402,-1,-1,-1
49,7,933.15,434.83,33.69,83.12,0.741,-1,-1,-1
49,8,1260.14,445.82,35.07,98.58,0.747,-1,-1,-1
49,9,692.16,463.38,56.12,201.08,0.718,-1,-1,-1
49,13,1488.73,431.76,45.32,121.66,0.513,-1,-1,-1
49,14,581.91,445.59,40.72,143.22,0.579,-1,-1,-1
49,15,720.18,447.40,24.24,50.42,0.372,-1,-1,-1
49,17,578.51,424.91,17.86,41.20,0.517,-1,-1,-1
50,1,621.21,443.41,88.84,270.16,0.884,-1,-1,-1
50,2,1754.36,381.78,221.33,506.36,0.825,-1,-1,-1
50,4,1009.79,441.85,37.85,82.73,0.480,-1,-1,-1
50,5,474.43,441.37,115.79,321.98,0.858,-1,-1,-1
50,6,740.84,460.61,34.66,93.48,0.313,-1,-1,-1
50,7,933.56,434.87,33.49,83.01,0.749,-1,-1,-1
50,8,1260.84,446.18,35.07,98.19,0.751,-1,-1,-1
50,9,692.55,462.52,56.43,202.02,0.660,-1,-1,-1
50,13,1492.21,431.75,44.85,121.90,0.469,-1,-1,-1
50,14,583.07,444.85,40.96,144.27,0.489,-1,-1,-1
50,15,720.94,447.33,24.77,51.25,0.592,-1,-1,-1
50,17,578.72,424.59,17.90,41.37,0.532,-1,-1,-1
51,1,622.19,443.53,88.87,269.93,0.886,-1,-1,-1
51,2,1765.47,381.83,212.79,505.82,0.838,-1,-1,-1
51,4,1008.90,441.95,37.45,81.96,0.605,-1,-1,-1
51,5,473.39,441.15,115.68,322.05,0.854,-1,-1,-1
51,6,741.09,458.98,36.10,97.53,0.171,-1,-1,-1
51,7,933.61,435.02,33.21,82.63,0.718,-1,-1,-1
51,8,1261.22,446.02,35.15,98.14,0.746,-1,-1,-1
51,9,692.22,458.85,57.51,205.54,0.757,-1,-1,-1
51,13,1496.96,433.32,44.38,120.31,0.108,-1,-1,-1
51,14,583.48,446.94,40.54,142.50,0.586,-1,-1,-1
51,15,722.33,447.31,25.03,52.11,0.410,-1,-1,-1
51,17,578.64,424.74,17.77,41.15,0.481,-1,-1,-1
52,1,622.97,443.91,88.78,269.35,0.892,-1,-1,-1
52,2,1772.63,381.90,204.78,505.27,0.833,-1,-1,-1
52,4,1008.02,441.17,37.96,83.21,0.551,-1,-1,-1
52,5,472.85,440.56,115.81,322.76,0.895,-1,-1,-1
52,7,933.59,434.96,33.07,82.60,0.715,-1,-1,-1
52,8,1261.27,445.91,35.20,98.10,0.723,-1,-1,-1
52,9,692.55,457.08,58.64,207.65,0.790,-1,-1,-1
52,13,1498.82,437.34,42.70,116.21,0.211,-1,-1,-1
52,14,582.70,448.70,39.98,140.02,0.657,-1,-1,-1
52,15,723.61,447.18,24.85,52.16,0.414,-1,-1,-1
52,17,578.85,424.69,17.36,40.27,0.202,-1,-1,-1
53,1,623.73,443.83,88.85,269.60,0.896,-1,-1,-1
53,2,1778.15,383.54,195.76,504.48,0.889,-1,-1,-1
53,4,1007.51,442.86,37.20,81.55,0.122,-1,-1,-1
53,5,472.15,439.66,115.89,323.51,0.889,-1,-1,-1
53,7,933.13,435.29,32.73,81.91,0.741,-1,-1,-1
53,8,1261.11,445.76,35.28,98.12,0.736,-1,-1,-1
53,9,692.91,456.33,59.50,208.73,0.770,-1,-1,-1
53,13,1503.06,435.49,43.83,118.23,0.537,-1,-1,-1
53,14,582.29,451.07,39.61,137.94,0.739,-1,-1,-1
53,15,723.87,446.94,24.91,52.58,0.416,-1,-1,-1
53,17,578.38,423.76,17.15,39.80,0.119,-1,-1,-1
54,1,624.39,443.70,88.89,269.82,0.900,-1,-1,-1
54,2,1785.87,404.73,182.06,483.95,0.822,-1,-1,-1
54,4,1009.65,442.18,38.40,83.37,0.498,-1,-1,-1
54,5,471.70,439.59,115.67,323.51,0.901,-1,-1,-1
54,7,933.17,435.55,32.60,81.74,0.747,-1,-1,-1
54,8,1261.29,446.27,35.16,97.51,0.767,-1,-1,-1
54,9,693.13,456.11,60.14,209.71,0.778,-1,-1,-1
54,13,1506.99,435.89,44.04,117.54,0.266,-1,-1,-1
54,14,582.74,453.62,39.29,135.47,0.726,-1,-1,-1
54,15,725.92,446.72,24.88,52.76,0.425,-1,-1,-1
55,1,624.52,443.83,88.88,269.80,0.903,-1,-1,-1
55,2,1790.92,422.21,170.79,466.20,0.796,-1,-1,-1
55,4,1010.63,442.19,38.44,82.74,0.191,-1,-1,-1
55,5,472.21,440.18,115.30,322.82,0.892,-1,-1,-1
55,7,933.25,435.52,32.56,81.77,0.738,-1,-1,-1
55,8,1261.36,446.58,35.14,97.15,0.752,-1,-1,-1
55,9,694.86,456.90,59.50,208.03,0.644,-1,-1,-1
55,13,1517.57,436.01,43.24,116.38,0.553,-1,-1,-1
55,14,583.69,454.76,39.36,134.32,0.724,-1,-1,-1
55,15,727.49,446.73,24.96,53.25,0.531,-1,-1,-1
55,18,983.93,457.04,19.15,54.24,0.587,-1,-1,-1
56,1,624.75,443.64,89.04,270.11,0.902,-1,-1,-1
56,2,1796.19,441.91,159.78,446.08,0.767,-1,-1,-1
56,4,1011.48,442.05,38.61,82.51,0.115,-1,-1,-1
56,5,472.55,439.81,115.16,322.89,0.883,-1,-1,-1
56,7,933.40,435.40,32.48,81.77,0.733,-1,-1,-1
56,8,1261.53,446.98,35.12,96.70,0.766,-1,-1,-1
56,9,694.66,456.61,59.59,208.86,0.742,-1,-1,-1
56,13,1516.16,434.83,44.32,117.69,0.509,-1,-1,-1
56,14,584.04,455.66,39.42,133.59,0.719,-1,-1,-1
56,15,728.47,447.03,24.94,53.73,0.497,-1,-1,-1
56,18,983.95,456.59,19.28,54.61,0.570,-1,-1,-1
57,1,624.76,443.58,89.26,270.88,0.900,-1,-1,-1
57,2,1796.68,429.38,161.31,457.86,0.563,-1,-1,-1
57,4,1008.21,441.46,38.32,82.56,0.537,-1,-1,-1
57,5,472.92,440.91,114.59,321.46,0.871,-1,-1,-1
57,7,933.49,435.20,32.36,81.55,0.721,-1,-1,-1
57,8,1261.36,446.78,35.31,96.89,0.740,-1,-1,-1
57,9,695.65,455.86,60.07,211.47,0.739,-1,-1,-1
57,13,1525.50,440.29,41.41,111.22,0.599,-1,-1,-1
57,14,583.49,453.53,40.04,135.60,0.686,-1,-1,-1
57,15,729.79,447.31,24.13,52.21,0.528,-1,-1,-1
57,18,984.02,456.47,19.29,54.63,0.568,-1,-1,-1
58,1,624.88,443.42,89.95,273.24,0.898,-1,-1,-1
58,2,1797.54,417.57,163.52,470.10,0.375,-1,-1,-1
58,4,1006.80,442.21,37.44,81.25,0.207,-1,-1,-1
58,5,474.46,441.42,114.24,320.21,0.877,-1,-1,-1
58,7,933.89,435.24,32.16,81.18,0.690,-1,-1,-1
58,8,1261.10,445.88,35.87,97.95,0.789,-1,-1,-1
58,9,697.01,456.38,59.99,212.11,0.730,-1,-1,-1
58,13,1531.62,444.59,39.25,106.51,0.665,-1,-1,-1
58,14,583.32,453.99,39.82,134.51,0.718,-1,-1,-1
58,15,731.58,447.45,23.63,51.39,0.520,-1,-1,-1
58,18,984.35,455.95,19.44,55.07,0.508,-1,-1,-1
59,1,625.05,443.45,90.27,274.35,0.894,-1,-1,-1
59,2,1798.17,408.62,164.83,479.03,0.250,-1,-1,-1
59,4,1006.78,443.11,36.64,80.11,0.558,-1,-1,-1
59,5,476.24,440.10,115.40,321.76,0.873,-1,-1,-1
59,7,934.30,435.46,31.94,80.88,0.747,-1,-1,-1
59,8,1261.02,445.89,36.12,98.04,0.799,-1,-1,-1
59,9,699.39,455.13,60.52,213.96,0.777,-1,-1,-1
59,13,1526.79,440.15,41.72,111.59,0.538,-1,-1,-1
59,14,583.88,453.26,40.36,135.59,0.621,-1,-1,-1
59,15,733.03,447.67,22.82,50.02,0.544,-1,-1,-1
59,18,985.25,456.08,18.38,52.00,0.287,-1,-1,-1
60,1,624.31,443.36,90.41,274.87,0.903,-1,-1,-1
60,2,1798.38,398.27,165.35,486.42,0.281,-1,-1,-1
60,4,1006.81,443.74,36.20,79.65,0.562,-1,-1,-1
60,5,480.70,440.75,116.34,321.21,0.880,-1,-1,-1
60,7,934.17,435.49,31.74,80.49,0.697,-1,-1,-1
60,8,1260.81,445.79,36.36,98.20,0.799,-1,-1,-1
60,9,700.85,455.06,60.86,215.24,0.790,-1,-1,-1
60,13,1532.56,442.16,40.43,109.30,0.486,-1,-1,-1
60,14,583.44,455.69,39.66,133.09,0.654,-1,-1,-1
60,15,733.58,447.10,22.87,50.32,0.423,-1,-1,-1
60,18,985.54,455.35,17.67,49.97,0.296,-1,-1,-1
61,1,623.10,443.87,90.64,275.56,0.897,-1,-1,-1
61,4,1006.19,445.05,35.49,78.41,0.613,-1,-1,-1
61,5,484.33,441.62,117.56,320.37,0.870,-1,-1,-1
61,7,933.56,435.23,31.77,80.65,0.757,-1,-1,-1
61,8,1260.51,446.06,36.41,97.83,0.787,-1,-1,-1
61,9,701.54,455.01,61.37,217.06,0.768,-1,-1,-1
61,13,1536.94,442.57,39.62,108.04,0.210,-1,-1,-1
61,14,583.25,454.04,40.30,135.38,0.595,-1,-1,-1
61,15,733.61,447.00,23.12,51.29,0.622,-1,-1,-1
61,18,984.29,454.67,18.88,53.42,0.460,-1,-1,-1
62,1,621.97,443.35,91.19,277.25,0.900,-1,-1,-1
62,4,1005.78,445.24,35.17,78.02,0.721,-1,-1,-1
62,5,487.50,441.09,119.80,321.53,0.883,-1,-1,-1
62,7,933.09,435.13,31.82,80.82,0.751,-1,-1,-1
62,8,1259.61,445.41,36.77,98.39,0.763,-1,-1,-1
62,9,701.52,454.90,61.74,218.41,0.779,-1,-1,-1
62,13,1538.51,441.65,39.73,108.95,0.105,-1,-1,-1
62,14,582.87,455.14,39.90,134.10,0.604,-1,-1,-1
62,15,734.20,447.79,22.89,50.81,0.591,-1,-1,-1
62,18,983.63,455.06,19.25,54.46,0.486,-1,-1,-1
62,19,482.60,455.22,42.28,59.09,0.681,-1,-1,-1
63,1,620.42,444.53,92.64,282.30,0.893,-1,-1,-1
63,4,1005.24,445.35,35.16,78.11,0.724,-1,-1,-1
63,5,489.41,441.48,121.61,321.65,0.839,-1,-1,-1
63,7,932.83,435.37,31.77,80.62,0.742,-1,-1,-1
63,8,1259.22,444.78,37.16,99.06,0.767,-1,-1,-1
63,9,701.86,456.65,61.48,217.32,0.757,-1,-1,-1
63,13,1540.13,441.84,39.44,108.70,0.125,-1,-1,-1
63,14,582.34,454.06,40.10,135.06,0.634,-1,-1,-1
63,15,735.15,448.17,22.97,50.85,0.583,-1,-1,-1
63,18,983.00,454.94,19.57,55.39,0.395,-1,-1,-1
63,19,483.37,455.26,42.87,59.93,0.320,-1,-1,-1
64,1,619.74,445.05,93.05,283.88,0.889,-1,-1,-1
64,4,1004.49,445.03,35.46,79.15,0.699,-1,-1,-1
64,5,491.05,441.87,123.18,320.61,0.873,-1,-1,-1
64,7,932.59,435.76,31.84,80.73,0.741,-1,-1,-1
64,8,1258.98,444.63,37.39,99.41,0.723,-1,-1,-1
64,9,702.29,457.95,61.21,216.56,0.773,-1,-1,-1
64,13,1545.27,443.72,37.96,105.66,0.223,-1,-1,-1
64,14,582.05,453.10,40.33,135.88,0.557,-1,-1,-1
64,15,735.49,448.23,23.00,50.65,0.566,-1,-1,-1
64,18,982.47,454.21,20.07,56.84,0.505,-1,-1,-1
64,19,484.23,455.32,43.38,60.66,0.201,-1,-1,-1
65,1,619.03,445.22,93.27,284.59,0.892,-1,-1,-1
65,4,1003.68,445.65,35.34,79.01,0.748,-1,-1,-1
65,5,493.39,442.66,124.86,321.28,0.827,-1,-1,-1
65,7,932.40,435.61,32.03,81.22,0.740,-1,-1,-1
65,8,1258.75,443.88,37.68,100.09,0.680,-1,-1,-1
65,9,701.47,458.63,60.96,216.19,0.752,-1,-1,-1
65,13,1545.68,441.75,38.64,107.75,-1.000,-1,-1,-1
65,14,580.72,451.82,40.57,137.31,0.379,-1,-1,-1
65,15,736.30,448.56,23.19,50.66,0.660,-1,-1,-1
65,18,982.11,454.24,20.20,57.20,0.537,-1,-1,-1
65,19,485.60,455.21,42.63,59.58,0.179,-1,-1,-1
66,1,618.71,444.76,93.47,285.24,0.897,-1,-1,-1
66,4,1003.43,445.26,35.20,78.97,0.713,-1,-1,-1
66,5,495.76,442.67,127.60,322.69,0.877,-1,-1,-1
66,7,932.49,435.77,31.90,80.91,0.738,-1,-1,-1
66,8,1258.80,443.43,37.84,100.40,0.688,-1,-1,-1
66,9,701.42,457.50,61.56,217.76,0.814,-1,-1,-1
66,13,1546.09,439.78,39.32,109.85,-1.000,-1,-1,-1
66,14,579.73,451.18,40.29,137.19,0.397,-1,-1,-1
66,15,737.79,448.72,23.44,51.00,0.656,-1,-1,-1
66,18,982.37,454.21,20.18,57.06,0.496,-1,-1,-1
66,19,485.90,455.20,43.91,61.38,0.186,-1,-1,-1
67,1,618.42,445.25,93.86,286.36,0.895,-1,-1,-1
67,4,1003.06,445.00,35.10,78.89,0.702,-1,-1,-1
67,5,499.77,442.72,129.71,324.32,0.866,-1,-1,-1
67,7,932.65,435.89,31.84,80.77,0.746,-1,-1,-1
67,8,1259.05,444.38,37.55,99.44,0.729,-1,-1,-1
67,9,701.86,457.87,61.63,217.49,0.809,-1,-1,-1
67,13,1546.50,437.81,40.01,111.94,-1.000,-1,-1,-1
67,14,579.41,449.63,40.74,139.98,0.207,-1,-1,-1
67,15,739.65,449.39,23.27,50.71,0.633,-1,-1,-1
67,18,982.69,454.57,20.16,57.03,0.591,-1,-1,-1
67,19,486.02,455.20,44.53,62.26,0.144,-1,-1,-1
68,1,617.47,445.55,93.96,285.73,0.875,-1,-1,-1
68,4,1003.11,444.72,35.06,79.00,0.751,-1,-1,-1
68,5,501.50,443.53,131.32,324.19,0.870,-1,-1,-1
68,7,932.97,435.92,31.86,80.81,0.731,-1,-1,-1
68,8,1259.34,445.84,37.12,97.85,0.758,-1,-1,-1
68,9,702.40,456.57,62.26,218.93,0.841,-1,-1,-1
68,13,1546.90,435.84,40.69,114.03,-1.000,-1,-1,-1
68,15,741.11,449.31,23.33,50.39,0.594,-1,-1,-1
68,18,982.99,454.66,20.32,57.41,0.220,-1,-1,-1
68,19,490.57,455.22,40.80,57.08,0.308,-1,-1,-1
69,1,616.92,445.14,94.27,285.78,0.882,-1,-1,-1
69,4,1003.06,444.66,34.82,78.99,0.713,-1,-1,-1
69,5,503.54,443.75,132.39,324.29,0.870,-1,-1,-1
69,7,933.00,435.89,31.83,80.72,0.732,-1,-1,-1
69,8,1259.25,446.53,36.94,97.02,0.758,-1,-1,-1
69,9,701.62,456.42,62.23,218.76,0.825,-1,-1,-1
69,13,1547.31,433.87,41.37,116.12,0.546,-1,-1,-1
69,15,742.34,448.96,23.47,50.46,0.587,-1,-1,-1
69,18,983.26,454.21,20.46,57.68,0.321,-1,-1,-1
69,19,492.95,455.23,38.07,53.31,0.338,-1,-1,-1
70,1,616.29,445.21,94.44,285.42,0.883,-1,-1,-1
70,4,1003.32,444.03,35.20,79.97,0.678,-1,-1,-1
70,5,506.79,443.91,132.55,323.99,0.875,-1,-1,-1
70,7,933.00,435.86,31.83,80.71,0.737,-1,-1,-1
70,8,1258.80,446.68,36.87,96.82,0.777,-1,-1,-1
70,9,701.87,455.88,62.47,218.94,0.822,-1,-1,-1
70,13,1547.47,432.29,41.56,117.79,0.416,-1,-1,-1
70,15,743.80,448.73,23.96,51.53,0.504,-1,-1,-1
70,18,983.36,453.43,20.59,57.94,0.381,-1,-1,-1
70,19,492.94,455.18,39.14,54.94,0.289,-1,-1,-1
71,1,615.83,444.48,94.90,286.35,0.879,-1,-1,-1
71,4,1002.87,443.67,35.30,80.26,0.725,-1,-1,-1
71,5,509.00,443.86,132.53,323.85,0.874,-1,-1,-1
71,7,933.00,435.87,31.95,81.09,0.758,-1,-1,-1
71,8,1258.99,446.65,37.04,96.94,0.749,-1,-1,-1
71,9,702.22,454.52,63.40,220.96,0.827,-1,-1,-1
71,13,1546.81,432.29,41.52,118.07,0.440,-1,-1,-1
71,15,745.15,448.75,24.32,52.36,0.533,-1,-1,-1
71,18,983.32,453.97,20.45,57.45,0.534,-1,-1,-1
71,19,489.54,455.10,46.30,65.56,0.470,-1,-1,-1
72,1,614.73,443.57,95.47,287.70,0.883,-1,-1,-1
72,4,1002.76,443.44,35.33,80.55,0.712,-1,-1,-1
72,5,510.57,443.07,132.73,324.62,0.881,-1,-1,-1
72,7,933.02,435.80,31.87,80.88,0.734,-1,-1,-1
72,8,1259.19,447.19,37.04,96.46,0.739,-1,-1,-1
72,9,702.15,453.64,64.00,222.07,0.840,-1,-1,-1
72,13,1549.52,428.76,41.81,120.76,0.247,-1,-1,-1
72,15,747.24,448.50,24.99,54.06,0.421,-1,-1,-1
72,18,983.37,454.31,20.47,57.32,0.487,-1,-1,-1
72,19,489.46,454.99,46.79,66.76,0.464,-1,-1,-1
73,1,615.37,442.80,95.61,288.71,0.876,-1,-1,-1
73,4,1002.99,443.15,35.43,80.87,0.677,-1,-1,-1
73,5,511.17,442.95,132.74,324.72,0.883,-1,-1,-1
73,7,932.96,435.83,31.78,80.70,0.726,-1,-1,-1
73,8,1259.33,446.86,37.28,96.70,0.744,-1,-1,-1
73,9,702.07,453.01,64.53,222.77,0.834,-1,-1,-1
73,13,1549.34,427.58,41.92,122.14,0.298,-1,-1,-1
73,15,748.18,448.03,26.16,57.09,0.436,-1,-1,-1
73,18,983.50,453.61,20.76,57.99,0.406,-1,-1,-1
73,19,490.49,454.85,45.07,64.89,0.599,-1,-1,-1
74,1,617.47,442.63,95.10,288.57,0.873,-1,-1,-1
74,4,1003.05,443.11,35.12,80.55,0.701,-1,-1,-1
74,5,511.55,442.40,132.77,325.31,0.877,-1,-1,-1
74,7,933.00,435.80,31.83,80.91,0.724,-1,-1,-1
74,8,1259.09,446.66,37.70,97.29,0.749,-1,-1,-1
74,9,702.18,453.00,64.79,223.00,0.835,-1,-1,-1
74,13,1548.51,424.72,42.66,125.11,0.226,-1,-1,-1
74,15,749.60,448.58,25.15,55.16,0.561,-1,-1,-1
74,18,983.68,454.17,20.54,57.26,0.242,-1,-1,-1
74,19,491.20,455.10,43.73,63.31,0.408,-1,-1,-1
74,20,474.63,467.03,29.46,102.77,0.525,-1,-1,-1
75,1,618.24,442.67,94.55,288.49,0.861,-1,-1,-1
75,4,1003.06,443.48,34.65,79.72,0.709,-1,-1,-1
75,5,513.78,442.39,132.24,325.44,0.860,-1,-1,-1
75,7,933.06,435.74,31.88,81.09,0.719,-1,-1,-1
75,8,1259.17,447.19,37.72,96.93,0.759,-1,-1,-1
75,9,702.07,453.37,64.70,222.40,0.805,-1,-1,-1
75,13,1549.92,426.14,42.04,124.07,0.158,-1,-1,-1
75,15,751.11,448.39,24.45,53.57,0.476,-1,-1,-1
75,18,983.59,453.61,20.82,57.74,0.570,-1,-1,-1
75,19,491.34,454.78,42.85,62.54,0.540,-1,-1,-1
75,20,472.94,465.35,29.83,103.95,0.582,-1,-1,-1
76,1,619.21,442.84,93.99,288.55,0.847,-1,-1,-1
76,4,1002.91,444.00,34.24,79.09,0.720,-1,-1,-1
76,5,515.56,443.31,131.32,324.74,0.879,-1,-1,-1
76,7,933.07,435.72,31.89,81.13,0.709,-1,-1,-1
76,8,1259.28,447.67,37.73,96.47,0.784,-1,-1,-1
76,9,704.94,453.40,65.35,222.00,0.838,-1,-1,-1
76,15,752.37,448.61,23.69,51.73,0.263,-1,-1,-1
76,18,983.72,453.78,20.73,57.42,0.617,-1,-1,-1
76,19,491.41,454.83,42.60,62.59,0.390,-1,-1,-1
76,20,471.38,460.07,31.67,110.35,0.526,-1,-1,-1
77,1,620.17,442.97,93.19,288.35,0.853,-1,-1,-1
77,4,1002.62,445.61,33.35,77.14,0.691,-1,-1,-1
77,5,517.26,443.73,130.72,324.74,0.847,-1,-1,-1
77,7,933.04,435.67,31.91,81.18,0.705,-1,-1,-1
77,8,1259.28,447.91,37.81,96.24,0.785,-1,-1,-1
77,9,707.30,453.44,66.32,221.84,0.867,-1,-1,-1
77,15,753.12,448.34,23.63,51.54,0.349,-1,-1,-1
77,18,983.36,452.68,21.10,58.48,0.312,-1,-1,-1
77,19,491.54,454.77,41.96,62.13,0.523,-1,-1,-1
77,20,469.94,455.44,32.48,113.23,0.521,-1,-1,-1
78,1,620.09,443.03,92.59,288.68,0.872,-1,-1,-1
78,4,1003.41,446.19,33.58,76.73,0.771,-1,-1,-1
78,5,520.64,441.61,130.48,327.65,0.832,-1,-1,-1
78,7,933.09,435.95,31.73,80.73,0.696,-1,-1,-1
78,8,1258.69,446.84,38.32,97.30,0.769,-1,-1,-1
78,9,710.37,453.84,67.75,221.52,0.892,-1,-1,-1
78,15,754.62,447.76,23.18,50.60,0.486,-1,-1,-1
78,18,983.16,451.35,21.53,59.98,0.582,-1,-1,-1
78,19,491.19,454.88,40.92,61.19,0.565,-1,-1,-1
78,20,470.45,460.14,29.96,104.22,0.523,-1,-1,-1
79,1,620.35,443.75,91.82,288.24,0.864,-1,-1,-1
79,4,1004.18,445.64,34.27,77.56,0.755,-1,-1,-1
79,5,521.98,440.98,130.30,329.25,0.816,-1,-1,-1
79,7,933.40,436.30,31.73,80.75,0.749,-1,-1,-1
79,8,1258.40,447.17,38.36,97.03,0.773,-1,-1,-1
79,9,713.84,454.30,69.67,221.42,0.883,-1,-1,-1
79,15,755.88,447.42,23.18,50.77,0.489,-1,-1,-1
79,18,983.28,450.56,21.65,60.53,0.564,-1,-1,-1
79,19,490.97,454.94,40.71,61.51,0.559,-1,-1,-1
79,20,470.45,462.44,28.76,99.85,0.593,-1,-1,-1
80,1,621.16,443.26,91.33,288.94,0.856,-1,-1,-1
80,4,1004.58,446.18,34.15,76.97,0.595,-1,-1,-1
80,5,530.33,441.14,128.93,330.88,0.780,-1,-1,-1
80,7,933.42,436.34,31.77,80.87,0.735,-1,-1,-1
80,8,1258.60,447.54,38.27,96.57,0.766,-1,-1,-1
80,9,717.49,454.79,71.82,221.29,0.887,-1,-1,-1
80,15,757.37,447.26,22.74,49.91,0.511,-1,-1,-1
80,18,983.47,449.75,21.91,61.27,0.510,-1,-1,-1
80,19,491.24,454.93,39.79,60.70,0.537,-1,-1,-1
80,20,470.20,464.12,28.15,97.62,0.304,-1,-1,-1
81,1,622.93,442.46,90.79,289.91,0.858,-1,-1,-1
81,4,1004.30,446.19,34.10,76.91,0.552,-1,-1,-1
81,5,534.67,439.04,129.10,336.09,0.730,-1,-1,-1
81,7,933.39,436.22,31.70,80.65,0.735,-1,-1,-1
81,8,1258.48,446.95,38.55,97.13,0.754,-1,-1,-1
81,9,720.56,454.93,74.13,221.51,0.894,-1,-1,-1
81,15,758.20,447.00,22.77,50.04,0.606,-1,-1,-1
81,18,983.69,449.22,22.11,61.83,0.485,-1,-1,-1
81,19,490.41,454.74,41.59,63.99,0.459,-1,-1,-1
81,20,469.66,465.34,27.81,96.31,0.432,-1,-1,-1
82,1,624.08,441.98,90.04,290.65,0.872,-1,-1,-1
82,4,1004.45,446.71,33.93,76.29,0.656,-1,-1,-1
82,5,529.56,439.33,130.32,340.21,0.811,-1,-1,-1
82,7,933.50,436.08,31.85,80.97,0.774,-1,-1,-1
82,8,1258.85,445.87,38.86,97.93,0.711,-1,-1,-1
82,9,722.72,454.60,76.43,222.15,0.867,-1,-1,-1
82,15,759.46,447.44,22.71,49.67,0.483,-1,-1,-1
82,18,983.49,448.72,22.27,62.40,0.401,-1,-1,-1
82,19,490.48,454.66,41.50,64.33,0.459,-1,-1,-1
82,20,469.24,466.34,27.70,95.77,0.319,-1,-1,-1
83,1,625.57,442.30,89.15,290.84,0.866,-1,-1,-1
83,4,1005.00,445.64,34.66,77.64,0.692,-1,-1,-1
83,5,531.39,439.12,130.54,342.57,0.779,-1,-1,-1
83,7,933.79,436.15,31.84,80.94,0.778,-1,-1,-1
83,8,1259.47,446.57,38.65,97.47,0.765,-1,-1,-1
83,9,724.89,455.42,78.14,221.93,0.888,-1,-1,-1
83,15,760.47,447.39,22.54,49.18,0.401,-1,-1,-1
83,18,983.49,448.74,22.26,62.53,0.267,-1,-1,-1
83,19,490.65,454.64,40.90,64.15,0.562,-1,-1,-1
83,20,469.26,467.30,27.56,94.92,0.531,-1,-1,-1
84,1,627.06,442.71,88.02,290.42,0.872,-1,-1,-1
84,4,1005.38,445.09,35.30,78.67,0.767,-1,-1,-1
84,5,534.83,438.43,130.52,346.25,0.797,-1,-1,-1
84,7,933.86,436.36,31.92,81.19,0.772,-1,-1,-1
84,8,1259.73,447.17,38.41,96.85,0.775,-1,-1,-1
84,9,726.00,456.52,79.61,221.93,0.891,-1,-1,-1
84,15,761.97,447.15,22.19,48.22,0.346,-1,-1,-1
84,18,983.47,448.90,22.17,62.36,0.298,-1,-1,-1
84,19,491.27,454.31,40.47,63.92,0.503,-1,-1,-1
84,20,468.96,467.47,27.97,95.94,0.545,-1,-1,-1
85,1,629.27,443.13,87.12,289.93,0.845,-1,-1,-1
85,4,1005.35,445.25,35.47,78.61,0.765,-1,-1,-1
85,5,538.54,438.71,129.07,346.46,0.814,-1,-1,-1
85,7,933.97,436.31,31.90,81.15,0.743,-1,-1,-1
85,8,1259.78,446.25,38.71,97.68,0.763,-1,-1,-1
85,9,726.72,456.58,81.09,222.78,0.891,-1,-1,-1
85,15,763.13,447.29,21.56,46.42,0.543,-1,-1,-1
85,18,983.16,448.55,22.30,62.85,0.225,-1,-1,-1
85,19,491.60,454.33,40.15,63.81,0.447,-1,-1,-1
85,20,467.91,465.74,28.58,98.09,-1.000,-1,-1,-1
86,1,631.63,442.26,87.32,291.47,0.832,-1,-1,-1
86,4,1005.10,445.34,35.72,79.03,0.737,-1,-1,-1
86,5,543.22,439.73,126.19,343.34,0.803,-1,-1,-1
86,7,933.77,436.38,32.01,81.50,0.750,-1,-1,-1
86,8,1259.14,444.00,39.36,99.55,0.742,-1,-1,-1
86,9,726.98,456.29,82.48,224.09,0.891,-1,-1,-1
86,18,982.71,448.48,22.30,62.95,0.273,-1,-1,-1
86,19,490.65,454.16,39.91,64.11,0.515,-1,-1,-1
86,20,466.85,464.01,29.19,100.23,-1.000,-1,-1,-1
87,1,634.09,441.79,87.33,292.52,0.853,-1,-1,-1
87,4,1004.91,445.15,35.85,79.29,0.780,-1,-1,-1
87,5,548.00,440.36,123.67,341.88,0.796,-1,-1,-1
87,7,933.54,436.44,32.12,81.77,0.745,-1,-1,-1
87,8,1259.13,445.36,38.91,98.52,0.753,-1,-1,-1
87,9,727.01,455.57,83.71,225.54,0.899,-1,-1,-1
87,18,983.01,448.90,22.07,62.42,0.521,-1,-1,-1
87,19,490.11,454.17,39.90,64.67,0.447,-1,-1,-1
87,20,465.80,462.29,29.80,102.37,-1.000,-1,-1,-1
87,21,515.20,447.49,79.04,297.47,0.625,-1,-1,-1
88,1,637.05,441.67,87.39,292.14,0.866,-1,-1,-1
88,4,1005.28,444.94,35.86,79.42,0.771,-1,-1,-1
88,5,546.03,440.91,122.99,342.23,0.766,-1,-1,-1
88,7,933.60,436.33,32.11,81.62,0.762,-1,-1,-1
88,8,1259.02,446.27,38.61,97.64,0.775,-1,-1,-1
88,9,727.06,454.92,84.69,226.51,0.895,-1,-1,-1
88,18,983.46,448.12,22.27,63.01,0.474,-1,-1,-1
88,19,489.85,454.21,39.79,65.15,0.463,-1,-1,-1
88,20,464.75,460.56,30.41,104.52,-1.000,-1,-1,-1
88,21,509.43,446.22,79.91,300.44,0.571,-1,-1,-1
89,1,638.84,440.92,87.65,292.15,0.864,-1,-1,-1
89,4,1005.75,445.03,35.75,79.43,0.758,-1,-1,-1
89,5,546.19,440.79,122.63,343.70,0.778,-1,-1,-1
89,7,933.70,436.31,32.09,81.49,0.748,-1,-1,-1
89,8,1259.23,446.53,38.51,97.30,0.759,-1,-1,-1
89,9,727.55,453.62,85.48,227.66,0.895,-1,-1,-1
89,18,983.87,447.83,21.62,61.17,0.322,-1,-1,-1
89,19,489.69,454.21,39.75,65.84,0.486,-1,-1,-1
89,20,463.69,458.83,31.02,106.66,-1.000,-1,-1,-1
89,21,507.43,445.57,80.36,301.74,0.684,-1,-1,-1
90,1,641.30,440.63,88.28,292.32,0.877,-1,-1,-1
90,4,1005.97,445.04,35.72,79.89,0.735,-1,-1,-1
90,5,546.12,441.51,122.04,344.60,0.841,-1,-1,-1
90,7,933.79,436.38,31.99,81.15,0.735,-1,-1,-1
90,8,1259.15,446.65,38.46,97.03,0.768,-1,-1,-1
90,9,728.75,452.58,86.22,228.88,0.884,-1,-1,-1
90,18,984.61,446.49,21.52,60.91,0.237,-1,-1,-1
90,19,489.73,454.38,39.60,66.29,0.469,-1,-1,-1
90,20,462.64,457.11,31.63,108.80,-1.000,-1,-1,-1
90,21,510.78,445.80,80.67,303.72,0.610,-1,-1,-1
91,1,643.16,441.06,88.69,291.94,0.881,-1,-1,-1
91,4,1006.56,445.19,35.55,79.64,0.735,-1,-1,-1
91,5,545.17,441.95,122.67,348.76,0.869,-1,-1,-1
91,7,934.16,436.33,32.02,81.17,0.777,-1,-1,-1
91,8,1259.25,446.25,38.62,97.36,0.769,-1,-1,-1
91,9,730.43,451.46,86.81,229.89,0.871,-1,-1,-1
91,18,984.05,447.48,21.83,61.97,0.301,-1,-1,-1
91,19,490.45,454.49,38.62,65.38,0.486,-1,-1,-1
91,20,461.59,455.38,32.24,110.95,-1.000,-1,-1,-1
91,21,514.69,446.11,79.63,301.10,0.714,-1,-1,-1
92,1,643.92,442.44,89.43,292.90,0.885,-1,-1,-1
92,4,1006.68,445.99,35.12,78.61,0.687,-1,-1,-1
92,5,544.70,442.36,123.11,351.61,0.834,-1,-1,-1
92,7,934.17,436.39,32.04,81.18,0.762,-1,-1,-1
92,8,1259.06,446.06,38.75,97.56,0.746,-1,-1,-1
92,9,732.85,450.80,86.87,230.44,0.862,-1,-1,-1
92,18,983.99,447.38,21.42,60.80,0.278,-1,-1,-1
92,19,490.17,454.63,38.43,65.58,0.392,-1,-1,-1
92,20,460.53,453.65,32.85,113.09,-1.000,-1,-1,-1
92,21,515.86,446.18,79.18,300.53,0.712,-1,-1,-1
93,1,644.28,443.31,90.07,294.04,0.877,-1,-1,-1
93,4,1006.31,446.46,34.96,78.24,0.733,-1,-1,-1
93,5,543.67,442.83,123.86,354.98,0.824,-1,-1,-1
93,7,934.09,436.42,32.08,81.19,0.772,-1,-1,-1
93,8,1258.40,446.13,38.89,97.50,0.752,-1,-1,-1
93,9,734.12,450.29,86.92,231.13,0.872,-1,-1,-1
93,18,983.44,448.51,21.39,60.89,0.295,-1,-1,-1
93,19,489.79,454.76,38.60,66.50,0.373,-1,-1,-1
93,20,459.48,451.92,33.46,115.23,0.627,-1,-1,-1
93,21,514.18,446.35,78.80,299.31,0.620,-1,-1,-1
94,1,644.68,443.64,90.75,295.50,0.877,-1,-1,-1
94,4,1005.77,446.73,34.81,77.94,0.726,-1,-1,-1
94,5,542.27,443.28,124.71,358.41,0.832,-1,-1,-1
94,7,934.12,436.41,32.14,81.37,0.761,-1,-1,-1
94,8,1257.92,446.57,38.88,97.00,0.748,-1,-1,-1
94,9,736.32,450.32,86.41,231.09,0.852,-1,-1,-1
94,18,983.72,448.64,20.07,57.01,0.316,-1,-1,-1
94,19,489.16,454.81,38.93,67.82,0.376,-1,-1,-1
94,20,458.89,450.74,34.09,116.77,0.544,-1,-1,-1
94,21,514.19,446.71,78.41,299.57,0.664,-1,-1,-1
95,1,644.55,443.86,91.45,297.11,0.887,-1,-1,-1
95,4,1005.26,446.98,34.69,77.54,0.755,-1,-1,-1
95,5,541.70,443.18,124.97,360.34,0.839,-1,-1,-1
95,7,933.94,436.35,32.13,81.23,0.765,-1,-1,-1
95,8,1257.35,446.90,38.99,96.61,0.775,-1,-1,-1
95,9,738.57,450.05,85.98,231.86,0.846,-1,-1,-1
95,18,983.86,448.19,19.58,55.43,0.377,-1,-1,-1
95,19,489.19,454.96,37.96,66.62,0.309,-1,-1,-1
95,20,457.94,453.46,33.44,114.37,0.359,-1,-1,-1
95,21,515.10,446.72,78.04,300.20,0.698,-1,-1,-1
96,1,644.74,443.42,91.97,298.10,0.887,-1,-1,-1
96,4,1004.57,446.93,34.77,77.60,0.726,-1,-1,-1
96,5,541.58,442.64,125.31,363.07,0.853,-1,-1,-1
96,7,933.96,436.31,32.05,80.96,0.745,-1,-1,-1
96,8,1256.05,447.12,39.28,96.34,0.750,-1,-1,-1
96,9,741.39,449.90,85.23,231.87,0.825,-1,-1,-1
96,18,984.26,448.04,18.39,51.68,0.313,-1,-1,-1
96,19,489.47,455.10,36.95,65.46,0.320,-1,-1,-1
96,20,457.92,460.48,31.84,107.61,0.549,-1,-1,-1
96,21,514.41,446.65,77.57,299.43,0.644,-1,-1,-1
97,1,645.23,442.60,92.47,299.04,0.876,-1,-1,-1
97,4,1004.22,447.15,34.66,77.14,0.721,-1,-1,-1
97,5,541.98,441.82,125.15,364.47,0.856,-1,-1,-1
97,7,933.96,436.28,32.08,81.01,0.746,-1,-1,-1
97,8,1255.58,447.09,39.59,96.35,0.746,-1,-1,-1
97,9,744.83,450.30,85.08,233.08,0.856,-1,-1,-1
97,18,984.49,448.99,17.52,48.96,0.366,-1,-1,-1
97,19,490.46,455.10,35.63,63.63,0.320,-1,-1,-1
97,20,457.55,464.21,31.03,103.98,0.572,-1,-1,-1
97,21,512.93,446.45,77.61,299.76,0.603,-1,-1,-1
98,1,645.66,441.61,92.92,299.93,0.888,-1,-1,-1
98,4,1003.68,447.07,34.65,76.87,0.690,-1,-1,-1
98,5,541.93,440.20,125.19,366.20,0.900,-1,-1,-1
98,7,934.08,436.33,32.05,80.79,0.761,-1,-1,-1
98,8,1254.35,446.98,40.08,96.35,0.787,-1,-1,-1
98,9,747.19,450.55,85.02,234.25,0.856,-1,-1,-1
98,18,984.32,449.31,17.45,48.60,0.371,-1,-1,-1
98,19,491.17,455.06,34.15,61.41,0.236,-1,-1,-1
98,20,457.35,467.84,30.30,100.44,0.582,-1,-1,-1
98,21,510.78,446.14,78.62,301.91,0.729,-1,-1,-1
99,1,648.31,441.18,93.69,300.40,0.872,-1,-1,-1
99,4,1003.41,447.07,34.81,76.77,0.728,-1,-1,-1
99,5,541.44,439.76,124.97,366.95,0.878,-1,-1,-1
99,7,934.60,436.50,32.08,80.76,0.752,-1,-1,-1
99,8,1253.79,447.07,40.46,96.13,0.784,-1,-1,-1
99,9,749.16,451.02,84.94,235.46,0.855,-1,-1,-1
99,18,984.76,448.86,17.08,47.36,0.103,-1,-1,-1
99,19,491.97,455.14,32.76,59.30,0.129,-1,-1,-1
99,20,458.41,472.76,29.28,95.54,0.626,-1,-1,-1
99,21,508.34,445.49,79.57,303.26,0.738,-1,-1,-1
100,1,650.96,440.44,94.57,301.02,0.878,-1,-1,-1
100,4,1003.31,447.06,35.05,76.96,0.743,-1,-1,-1
100,5,540.83,438.90,124.71,366.89,0.870,-1,-1,-1
100,7,935.16,436.67,31.98,80.32,0.740,-1,-1,-1
100,8,1253.73,447.19,40.77,96.08,0.786,-1,-1,-1
100,9,750.57,451.33,84.08,234.59,0.826,-1,-1,-1
100,19,492.63,455.19,31.74,57.94,0.150,-1,-1,-1
100,20,458.32,471.80,29.93,96.59,0.638,-1,-1,-1
100,21,508.89,445.63,79.76,304.01,0.599,-1,-1,-1
101,1,652.42,440.65,94.97,301.30,0.886,-1,-1,-1
101,4,1003.30,447.25,34.87,76.26,0.754,-1,-1,-1
101,5,540.85,438.37,124.43,367.23,0.849,-1,-1,-1
101,7,935.47,436.69,32.08,80.56,0.751,-1,-1,-1
101,8,1252.77,447.23,41.16,96.14,0.747,-1,-1,-1
101,9,751.49,451.79,84.10,236.01,0.813,-1,-1,-1
101,19,492.56,455.24,30.96,56.85,0.126,-1,-1,-1
101,20,458.27,470.74,30.29,97.22,0.574,-1,-1,-1
101,21,510.16,445.57,79.82,304.67,0.595,-1,-1,-1
102,1,653.79,440.74,95.52,301.50,0.892,-1,-1,-1
102,4,1003.46,447.77,34.76,75.97,0.747,-1,-1,-1
102,5,540.88,438.36,124.48,367.95,0.867,-1,-1,-1
102,7,935.57,436.63,31.92,80.03,0.699,-1,-1,-1
102,8,1250.92,447.26,41.08,96.39,0.712,-1,-1,-1
102,9,753.52,453.03,83.18,234.97,0.863,-1,-1,-1
102,19,490.78,455.20,37.05,68.66,-1.000,-1,-1,-1
102,20,458.42,469.49,30.93,98.36,0.568,-1,-1,-1
102,21,508.50,445.80,80.04,304.99,0.601,-1,-1,-1
102,22,1100.92,436.66,36.68,112.23,0.605,-1,-1,-1
103,1,654.98,440.51,95.97,301.53,0.892,-1,-1,-1
103,4,1003.33,447.79,34.87,76.21,0.769,-1,-1,-1
103,5,540.77,438.59,124.27,367.54,0.858,-1,-1,-1
103,7,935.26,436.51,31.99,80.15,0.712,-1,-1,-1
103,8,1249.68,446.97,41.20,96.72,0.732,-1,-1,-1
103,9,754.97,453.48,82.88,235.61,0.863,-1,-1,-1
103,19,488.99,455.15,43.13,80.46,-1.000,-1,-1,-1
103,20,456.47,464.76,32.67,103.23,0.590,-1,-1,-1
103,21,511.26,445.71,79.94,306.11,0.505,-1,-1,-1
103,22,1100.69,436.76,36.87,112.85,0.571,-1,-1,-1
104,1,655.93,440.63,96.18,301.40,0.912,-1,-1,-1
104,4,1003.59,447.75,34.76,76.13,0.755,-1,-1,-1
104,5,541.27,437.76,124.64,368.85,0.870,-1,-1,-1
104,7,934.94,436.88,31.81,79.44,0.683,-1,-1,-1
104,8,1249.34,446.86,41.35,96.81,0.731,-1,-1,-1
104,9,756.70,453.58,83.34,238.01,0.854,-1,-1,-1
104,19,487.21,455.11,49.22,92.26,-1.000,-1,-1,-1
104,20,453.69,462.03,33.80,106.03,0.401,-1,-1,-1
104,21,513.10,445.79,79.81,306.83,0.552,-1,-1,-1
104,22,1100.40,436.68,36.65,112.16,0.575,-1,-1,-1
105,1,658.20,440.55,96.60,301.28,0.901,-1,-1,-1
105,4,1003.56,447.66,34.73,76.23,0.732,-1,-1,-1
105,5,542.11,436.32,124.83,370.15,0.857,-1,-1,-1
105,7,934.86,436.87,31.88,79.34,0.721,-1,-1,-1
105,8,1247.11,446.85,41.19,96.95,0.704,-1,-1,-1
105,9,757.12,453.65,83.54,240.01,0.820,-1,-1,-1
105,19,485.42,455.07,55.31,104.06,-1.000,-1,-1,-1
105,20,451.05,459.24,35.00,108.96,0.433,-1,-1,-1
105,21,513.62,446.43,79.49,306.31,0.449,-1,-1,-1
105,22,1100.71,436.68,36.53,111.88,0.591,-1,-1,-1
106,1,660.55,440.12,97.38,301.88,0.898,-1,-1,-1
106,4,1003.34,446.90,35.13,77.26,0.725,-1,-1,-1
106,5,543.00,435.38,125.04,371.25,0.852,-1,-1,-1
106,7,934.84,436.82,31.88,79.05,0.729,-1,-1,-1
106,8,1246.27,446.32,41.14,97.55,0.733,-1,-1,-1
106,9,756.91,454.21,83.35,241.16,0.801,-1,-1,-1
106,19,483.64,455.02,61.39,115.87,-1.000,-1,-1,-1
106,20,448.36,458.32,35.79,110.27,0.612,-1,-1,-1
106,21,514.27,447.53,79.25,305.79,0.438,-1,-1,-1
106,22,1100.68,436.36,36.40,111.46,0.375,-1,-1,-1
107,1,662.89,439.41,97.96,302.70,0.895,-1,-1,-1
107,4,1004.01,447.40,34.79,76.62,0.748,-1,-1,-1
107,5,544.27,434.80,125.56,371.74,0.836,-1,-1,-1
107,7,935.48,437.12,31.99,79.11,0.680,-1,-1,-1
107,8,1244.64,446.54,41.04,97.30,0.731,-1,-1,-1
107,9,757.98,454.62,83.08,242.35,0.833,-1,-1,-1
107,19,481.85,454.98,67.48,127.67,0.575,-1,-1,-1
107,20,447.12,457.56,36.20,111.17,0.261,-1,-1,-1
107,21,514.13,447.88,79.12,305.67,0.392,-1,-1,-1
107,22,1101.70,436.66,35.28,108.01,0.471,-1,-1,-1
108,1,663.43,438.99,98.54,304.03,0.887,-1,-1,-1
108,4,1004.47,447.03,34.87,77.00,0.741,-1,-1,-1
108,5,544.05,434.62,126.58,372.41,0.814,-1,-1,-1
108,7,936.09,437.22,32.57,80.17,0.656,-1,-1,-1
108,8,1243.62,446.65,41.05,97.34,0.744,-1,-1,-1
108,9,759.11,455.01,82.75,242.89,0.829,-1,-1,-1
108,19,482.14,454.86,69.50,135.47,0.569,-1,-1,-1
108,20,446.33,457.76,36.24,110.95,0.100,-1,-1,-1
108,21,517.22,449.40,78.69,304.35,0.426,-1,-1,-1
108,22,1102.50,437.18,33.81,103.38,0.606,-1,-1,-1
109,1,664.55,438.60,99.38,306.21,0.890,-1,-1,-1
109,4,1004.89,447.50,34.74,76.76,0.746,-1,-1,-1
109,5,544.85,435.09,127.63,372.11,0.807,-1,-1,-1
109,7,936.13,437.11,33.15,81.27,0.678,-1,-1,-1
109,8,1244.28,446.54,40.85,97.51,0.741,-1,-1,-1
109,9,760.24,454.72,82.14,243.20,0.852,-1,-1,-1
109,19,482.90,454.82,70.20,140.72,0.583,-1,-1,-1
109,20,445.68,457.24,31.77,96.52,-1.000,-1,-1,-1
109,21,519.70,450.45,78.44,302.89,0.374,-1,-1,-1
109,22,1102.93,437.44,32.97,100.64,0.631,-1,-1,-1
110,1,665.08,438.73,100.01,308.32,0.884,-1,-1,-1
110,4,1004.56,447.47,35.00,77.18,0.769,-1,-1,-1
110,5,544.61,434.54,129.71,372.66,0.861,-1,-1,-1
110,7,936.29,437.17,33.61,81.98,0.650,-1,-1,-1
110,8,1244.74,446.51,40.67,97.62,0.748,-1,-1,-1
110,9,761.41,453.30,82.25,245.23,0.843,-1,-1,-1
110,19,483.76,454.98,69.97,143.69,0.505,-1,-1,-1
110,20,445.04,456.72,27.31,82.09,0.534,-1,-1,-1
110,21,520.33,454.07,77.03,298.95,0.172,-1,-1,-1
110,22,1102.61,437.21,33.45,102.04,0.603,-1,-1,-1
111,1,666.20,438.85,100.70,310.90,0.888,-1,-1,-1
111,4,1005.07,448.71,34.48,75.62,0.761,-1,-1,-1
111,5,544.72,433.98,132.02,373.53,0.864,-1,-1,-1
111,7,936.30,437.11,34.27,83.18,0.720,-1,-1,-1
111,8,1244.92,446.64,40.36,97.48,0.772,-1,-1,-1
111,9,761.39,453.14,81.93,245.89,0.846,-1,-1,-1
111,19,487.82,456.63,62.24,130.08,0.559,-1,-1,-1
111,20,446.50,456.53,23.89,69.67,0.382,-1,-1,-1
111,21,520.75,453.25,76.72,299.39,0.241,-1,-1,-1
111,22,1102.32,437.04,33.51,102.02,0.632,-1,-1,-1
112,1,667.67,438.59,101.54,313.27,0.887,-1,-1,-1
112,4,1005.41,449.15,34.38,75.07,0.719,-1,-1,-1
112,5,545.56,433.04,134.22,376.26,0.857,-1,-1,-1
112,7,935.90,437.08,34.07,82.36,0.717,-1,-1,-1
112,8,1244.44,446.52,40.37,97.74,0.762,-1,-1,-1
112,9,761.39,453.19,81.01,245.26,0.857,-1,-1,-1
112,19,489.16,456.19,56.91,120.72,0.596,-1,-1,-1
112,20,446.10,456.47,22.78,64.88,0.341,-1,-1,-1
112,21,525.91,465.32,73.09,285.80,0.172,-1,-1,-1
112,22,1102.67,436.97,33.03,100.37,0.557,-1,-1,-1
113,1,668.46,438.44,102.17,315.28,0.891,-1,-1,-1
113,4,1005.72,449.72,34.18,74.31,0.734,-1,-1,-1
113,5,545.92,432.81,136.63,380.20,0.847,-1,-1,-1
113,7,935.78,437.08,34.22,82.22,0.779,-1,-1,-1
113,8,1242.72,446.27,40.59,97.72,0.801,-1,-1,-1
113,9,763.05,452.51,80.68,245.52,0.829,-1,-1,-1
113,19,488.41,455.33,55.34,120.08,0.700,-1,-1,-1
113,20,442.64,457.36,31.91,90.98,0.531,-1,-1,-1
113,21,531.27,473.18,70.32,276.88,0.127,-1,-1,-1
113,22,1102.00,436.68,34.33,104.38,0.541,-1,-1,-1
114,1,668.77,438.51,102.48,317.20,0.887,-1,-1,-1
114,4,1005.35,449.72,34.36,74.27,0.703,-1,-1,-1
114,5,544.88,433.72,137.84,379.59,0.855,-1,-1,-1
114,7,936.24,436.69,34.43,82.39,0.712,-1,-1,-1
114,8,1242.85,446.07,40.45,97.75,0.757,-1,-1,-1
114,9,763.36,452.09,80.39,246.14,0.840,-1,-1,-1
114,19,489.43,454.97,53.08,117.26,0.650,-1,-1,-1
114,20,442.69,457.56,35.13,99.94,0.632,-1,-1,-1
114,21,535.86,480.55,67.69,269.03,0.163,-1,-1,-1
114,22,1101.74,436.36,35.11,106.75,0.420,-1,-1,-1
115,1,669.65,439.04,101.93,316.55,0.883,-1,-1,-1
115,4,1005.64,449.30,34.64,74.73,0.623,-1,-1,-1
115,5,545.00,434.44,138.86,379.46,0.866,-1,-1,-1
115,7,936.88,436.52,34.50,82.34,0.725,-1,-1,-1
115,8,1242.31,446.34,40.11,97.22,0.770,-1,-1,-1
115,9,764.28,451.69,80.45,246.27,0.844,-1,-1,-1
115,19,490.75,455.19,51.30,114.97,0.614,-1,-1,-1
115,20,443.11,458.70,37.17,104.77,0.641,-1,-1,-1
115,21,538.41,484.26,66.20,264.72,0.173,-1,-1,-1
115,22,1101.50,436.21,35.82,108.87,0.231,-1,-1,-1
115,23,531.88,455.85,26.76,70.00,0.624,-1,-1,-1
116,1,670.51,439.77,101.31,315.51,0.888,-1,-1,-1
116,4,1005.94,449.55,34.58,74.51,0.658,-1,-1,-1
116,5,545.50,435.48,139.53,378.40,0.865,-1,-1,-1
116,7,937.29,436.81,34.97,83.27,0.707,-1,-1,-1
116,8,1240.98,445.79,40.14,98.14,0.779,-1,-1,-1
116,9,767.04,451.68,80.85,246.37,0.882,-1,-1,-1
116,19,491.31,455.12,48.84,111.18,0.728,-1,-1,-1
116,20,442.89,458.54,38.55,108.36,0.648,-1,-1,-1
116,21,539.00,488.97,64.42,259.67,0.125,-1,-1,-1
116,22,1101.17,436.19,36.18,109.90,0.159,-1,-1,-1
116,23,531.79,456.01,26.58,69.53,0.653,-1,-1,-1
117,1,670.82,440.86,101.37,316.36,0.880,-1,-1,-1
117,4,1006.05,449.68,34.41,74.24,0.668,-1,-1,-1
117,5,546.31,436.13,140.91,379.80,0.865,-1,-1,-1
117,7,937.56,436.82,35.41,84.18,0.728,-1,-1,-1
117,8,1239.56,445.96,39.68,97.66,0.782,-1,-1,-1
117,9,768.49,451.75,80.99,246.12,0.877,-1,-1,-1
117,19,490.19,454.91,50.29,116.80,0.727,-1,-1,-1
117,20,442.08,458.51,38.74,108.47,0.217,-1,-1,-1
117,22,1096.26,436.15,41.18,125.10,-1.000,-1,-1,-1
117,23,531.66,456.24,26.48,69.23,0.620,-1,-1,-1
118,1,670.79,441.69,101.05,315.89,0.877,-1,-1,-1
118,4,1007.07,449.09,34.51,74.67,0.702,-1,-1,-1
118,5,545.47,436.87,142.33,381.06,0.855,-1,-1,-1
118,7,937.94,436.75,35.19,83.31,0.743,-1,-1,-1
118,8,1238.82,446.03,39.37,97.63,0.777,-1,-1,-1
118,9,769.47,452.03,81.26,246.10,0.879,-1,-1,-1
118,19,489.27,454.94,50.19,118.58,0.713,-1,-1,-1
118,20,441.99,458.26,38.43,106.80,0.230,-1,-1,-1
118,22,1091.35,436.10,46.17,140.30,0.504,-1,-1,-1
118,23,531.60,457.11,26.10,68.20,0.613,-1,-1,-1
119,1,671.33,441.98,101.13,316.99,0.877,-1,-1,-1
119,4,1008.42,448.83,34.38,75.21,0.709,-1,-1,-1
119,5,544.44,438.01,143.44,382.55,0.854,-1,-1,-1
119,7,938.52,436.74,35.28,83.04,0.784,-1,-1,-1
119,8,1237.41,445.94,39.09,97.61,0.796,-1,-1,-1
119,9,772.29,452.14,81.96,246.18,0.889,-1,-1,-1
119,19,488.99,454.95,49.76,119.66,0.747,-1,-1,-1
119,20,441.33,458.44,39.13,107.93,0.248,-1,-1,-1
119,22,1088.60,436.42,48.93,148.79,0.355,-1,-1,-1
119,23,531.85,457.93,25.56,66.69,0.661,-1,-1,-1
120,1,672.58,442.46,100.97,317.66,0.883,-1,-1,-1
120,4,1009.34,448.84,34.10,75.32,0.685,-1,-1,-1
120,5,543.59,438.49,144.43,383.45,0.828,-1,-1,-1
120,7,938.71,437.03,35.53,83.24,0.734,-1,-1,-1
120,8,1236.92,446.15,38.69,97.59,0.772,-1,-1,-1
120,9,775.51,451.62,83.09,247.07,0.888,-1,-1,-1
120,19,488.74,454.88,49.17,120.14,0.739,-1,-1,-1
120,20,439.36,460.01,39.27,108.04,0.455,-1,-1,-1
120,22,1086.10,436.91,50.95,154.71,0.417,-1,-1,-1
120,23,531.57,458.18,25.56,66.62,0.653,-1,-1,-1
121,1,673.48,442.75,100.52,317.77,0.889,-1,-1,-1
121,4,1009.76,448.80,33.95,75.69,0.678,-1,-1,-1
121,5,544.61,438.98,145.58,386.27,0.866,-1,-1,-1
121,7,939.59,437.36,35.60,82.94,0.732,-1,-1,-1
121,8,1236.78,446.41,38.05,97.13,0.733,-1,-1,-1
121,9,778.91,451.92,84.28,246.64,0.888,-1,-1,-1
121,19,488.48,454.49,48.38,120.17,0.767,-1,-1,-1
121,20,438.36,459.75,39.99,109.46,0.530,-1,-1,-1
121,22,1086.53,437.32,51.72,157.65,0.212,-1,-1,-1
121,23,531.40,457.54,25.98,67.61,0.668,-1,-1,-1
122,1,675.32,442.27,100.68,319.67,0.883,-1,-1,-1
122,4,1009.88,448.11,34.04,76.56,0.703,-1,-1,-1
122,5,545.64,439.92,146.96,389.47,0.869,-1,-1,-1
122,7,940.42,437.37,36.06,83.80,0.667,-1,-1,-1
122,8,1235.61,446.77,37.60,96.54,0.775,-1,-1,-1
122,9,781.78,452.96,85.71,246.50,0.897,-1,-1,-1
122,19,487.77,454.34,48.24,121.57,0.757,-1,-1,-1
122,20,437.16,459.87,40.43,110.13,0.346,-1,-1,-1
122,22,1085.33,442.22,51.22,155.79,0.116,-1,-1,-1
122,23,530.96,455.89,26.70,69.54,0.646,-1,-1,-1
123,1,676.67,441.48,100.39,320.44,0.878,-1,-1,-1
123,4,1009.94,448.39,33.73,76.03,0.630,-1,-1,-1
123,5,545.78,439.38,148.42,392.99,0.875,-1,-1,-1
123,7,941.63,437.25,36.85,85.74,0.734,-1,-1,-1
123,8,1235.54,447.21,37.03,95.96,0.746,-1,-1,-1
123,9,784.23,454.02,87.00,245.98,0.885,-1,-1,-1
123,19,487.92,454.36,47.36,120.77,0.776,-1,-1,-1
123,20,436.31,459.54,40.94,111.16,0.147,-1,-1,-1
123,22,1084.47,441.52,52.06,158.31,0.175,-1,-1,-1
123,23,531.59,455.34,27.02,70.44,0.599,-1,-1,-1
124,1,678.33,440.33,100.12,321.80,0.871,-1,-1,-1
124,4,1010.16,449.15,33.23,75.01,0.638,-1,-1,-1
124,5,547.00,437.73,149.72,396.47,0.872,-1,-1,-1
124,7,942.34,436.90,37.69,87.74,0.713,-1,-1,-1
124,8,1235.28,448.23,36.28,94.98,0.767,-1,-1,-1
124,9,785.57,454.19,88.56,246.81,0.876,-1,-1,-1
124,19,488.03,454.48,46.76,120.61,0.786,-1,-1,-1
124,20,436.37,462.74,40.20,108.21,0.266,-1,-1,-1
124,22,1083.42,441.27,52.43,158.92,0.463,-1,-1,-1
124,23,532.11,455.30,27.02,70.43,0.641,-1,-1,-1
125,1,679.86,439.32,99.71,322.83,0.872,-1,-1,-1
125,4,1009.80,449.85,32.99,74.67,0.447,-1,-1,-1
125,5,546.41,437.21,150.84,398.02,0.870,-1,-1,-1
125,7,942.94,436.82,38.01,88.63,0.745,-1,-1,-1
125,8,1233.17,448.36,36.32,95.29,0.756,-1,-1,-1
125,9,786.62,454.27,90.00,248.20,0.883,-1,-1,-1
125,19,488.15,454.25,46.34,121.15,0.774,-1,-1,-1
125,20,435.07,460.20,41.30,110.44,0.417,-1,-1,-1
125,22,1082.35,441.75,52.62,158.80,0.561,-1,-1,-1
125,23,531.69,454.73,27.03,70.58,0.655,-1,-1,-1
126,1,681.99,438.26,99.48,323.75,0.870,-1,-1,-1
126,4,1009.86,450.48,32.65,74.31,0.459,-1,-1,-1
126,5,547.54,436.85,151.63,398.42,0.855,-1,-1,-1
126,7,944.24,437.00,38.13,89.18,0.706,-1,-1,-1
126,8,1230.03,449.07,36.57,95.26,0.737,-1,-1,-1
126,9,787.38,454.14,91.34,250.04,0.875,-1,-1,-1
126,19,487.77,453.82,45.75,121.02,0.799,-1,-1,-1
126,20,434.30,459.15,42.09,111.63,0.471,-1,-1,-1
126,22,1081.86,441.69,52.75,158.82,0.493,-1,-1,-1
126,23,531.09,454.58,26.94,70.70,0.697,-1,-1,-1
127,1,682.54,437.39,98.98,324.20,0.854,-1,-1,-1
127,4,1010.62,450.77,32.20,73.97,0.507,-1,-1,-1
127,5,548.38,435.86,152.81,399.79,0.861,-1,-1,-1
127,7,945.21,437.13,38.31,89.58,0.735,-1,-1,-1
127,8,1227.25,448.69,37.19,95.68,0.817,-1,-1,-1
127,9,787.50,454.32,92.26,251.44,0.876,-1,-1,-1
127,19,487.19,454.04,45.28,120.78,0.796,-1,-1,-1
127,20,433.14,458.40,42.63,112.43,0.509,-1,-1,-1
127,22,1081.21,452.72,49.65,148.72,0.192,-1,-1,-1
127,23,530.41,454.31,26.94,70.66,0.708,-1,-1,-1
128,1,682.21,436.68,98.36,324.61,0.834,-1,-1,-1
128,4,1011.60,450.56,31.79,74.02,0.569,-1,-1,-1
128,5,550.40,435.55,153.40,399.95,0.852,-1,-1,-1
128,7,946.23,437.27,38.21,89.59,0.766,-1,-1,-1
128,8,1224.99,448.27,37.94,96.11,0.815,-1,-1,-1
128,9,788.52,454.52,92.85,252.33,0.874,-1,-1,-1
128,19,487.09,454.01,45.04,121.03,0.765,-1,-1,-1
128,20,432.52,460.14,42.23,110.64,0.412,-1,-1,-1
128,22,1081.12,460.95,47.12,140.63,0.174,-1,-1,-1
128,23,529.88,454.09,27.06,70.94,0.717,-1,-1,-1
129,1,681.93,435.92,97.66,325.24,0.835,-1,-1,-1
129,4,1011.77,450.36,31.58,74.31,0.536,-1,-1,-1
129,5,554.32,436.87,153.06,398.66,0.821,-1,-1,-1
129,7,947.31,437.24,38.26,89.73,0.746,-1,-1,-1
129,8,1223.38,447.14,38.96,97.19,0.805,-1,-1,-1
129,9,790.07,455.97,92.77,251.58,0.874,-1,-1,-1
129,19,487.19,453.96,44.51,120.16,0.757,-1,-1,-1
129,20,431.95,462.74,41.36,107.84,0.568,-1,-1,-1
129,22,1082.68,451.63,49.98,148.45,0.555,-1,-1,-1
129,23,530.09,454.05,27.32,71.28,0.755,-1,-1,-1
130,1,681.55,435.69,96.86,325.36,0.827,-1,-1,-1
130,4,1011.07,449.99,31.51,74.52,0.593,-1,-1,-1
130,5,557.95,435.67,153.35,399.33,0.840,-1,-1,-1
130,7,948.35,436.94,38.08,89.56,0.743,-1,-1,-1
130,8,1222.28,446.84,39.76,97.51,0.819,-1,-1,-1
130,9,791.24,457.97,92.10,249.71,0.861,-1,-1,-1
130,19,487.28,454.05,44.67,121.54,0.744,-1,-1,-1
130,20,431.45,464.83,40.73,105.62,0.634,-1,-1,-1
130,22,1083.93,449.43,50.92,149.88,0.587,-1,-1,-1
130,23,530.08,454.20,27.42,71.25,0.744,-1,-1,-1
131,1,683.68,435.30,96.42,325.36,0.813,-1,-1,-1
131,4,1009.11,449.98,31.80,74.82,0.744,-1,-1,-1
131,5,561.09,435.31,153.34,399.39,0.768,-1,-1,-1
131,7,949.53,436.80,37.87,89.37,0.702,-1,-1,-1
131,8,1222.25,448.02,39.71,96.06,0.806,-1,-1,-1
131,9,792.41,456.32,92.42,251.72,0.869,-1,-1,-1
131,19,488.15,453.91,43.60,119.18,0.748,-1,-1,-1
131,20,431.35,465.61,40.59,104.90,0.523,-1,-1,-1
131,22,1084.75,445.55,52.30,153.04,0.561,-1,-1,-1
131,23,530.19,454.09,27.65,71.55,0.747,-1,-1,-1
132,1,687.09,435.03,96.70,326.93,0.845,-1,-1,-1
132,4,1009.01,449.40,32.07,75.52,0.663,-1,-1,-1
132,5,565.72,434.00,152.71,399.66,0.874,-1,-1,-1
132,7,951.42,436.56,37.76,89.36,0.681,-1,-1,-1
132,8,1221.87,448.29,40.25,95.79,0.840,-1,-1,-1
132,9,793.96,453.67,92.96,254.69,0.881,-1,-1,-1
132,19,488.26,453.52,43.43,119.50,0.813,-1,-1,-1
132,20,430.93,466.17,40.44,104.30,0.606,-1,-1,-1
132,22,1086.67,445.00,53.00,153.05,0.769,-1,-1,-1
132,23,530.36,453.60,27.99,72.19,0.752,-1,-1,-1
133,1,689.66,434.54,96.28,326.03,0.834,-1,-1,-1
133,4,1008.85,448.95,32.09,75.66,0.757,-1,-1,-1
133,5,567.83,433.96,152.15,399.63,0.878,-1,-1,-1
133,7,951.94,436.41,38.06,90.33,0.717,-1,-1,-1
133,8,1221.41,449.05,40.46,95.26,0.812,-1,-1,-1
133,9,795.06,453.08,92.47,254.67,0.867,-1,-1,-1
133,19,487.85,453.65,43.18,119.18,0.804,-1,-1,-1
133,20,428.33,465.67,40.29,104.79,0.511,-1,-1,-1
133,22,1087.05,442.79,54.10,154.94,0.749,-1,-1,-1
133,23,530.08,453.05,28.29,72.75,0.751,-1,-1,-1
134,1,691.32,434.32,96.46,327.66,0.833,-1,-1,-1
134,4,1008.35,449.26,31.89,75.10,0.684,-1,-1,-1
134,5,569.65,433.36,152.01,400.82,0.875,-1,-1,-1
134,7,952.69,436.33,38.19,91.09,0.692,-1,-1,-1
134,8,1220.69,449.02,41.10,95.96,0.827,-1,-1,-1
134,9,796.38,450.77,92.79,256.59,0.863,-1,-1,-1
134,19,488.00,453.99,42.77,118.48,0.793,-1,-1,-1
134,20,427.98,466.39,40.06,104.02,0.522,-1,-1,-1
134,22,1086.44,454.73,50.14,143.25,0.329,-1,-1,-1
134,23,529.86,452.96,28.39,72.72,0.719,-1,-1,-1
135,1,693.39,434.26,95.72,327.28,0.842,-1,-1,-1
135,4,1009.05,449.05,31.77,74.67,0.716,-1,-1,-1
135,5,570.06,433.68,152.91,404.41,0.842,-1,-1,-1
135,7,953.28,436.57,38.08,91.16,0.701,-1,-1,-1
135,8,1219.38,448.52,41.61,96.47,0.845,-1,-1,-1
135,9,797.61,449.67,93.27,258.14,0.849,-1,-1,-1
135,19,487.64,454.27,42.59,118.33,0.827,-1,-1,-1
135,20,425.86,466.46,39.41,102.85,0.312,-1,-1,-1
135,22,1086.24,449.58,52.03,148.57,0.242,-1,-1,-1
135,23,529.30,453.08,28.42,72.64,0.721,-1,-1,-1
136,1,695.21,434.60,94.85,326.25,0.864,-1,-1,-1
136,4,1009.08,448.93,31.71,74.59,0.708,-1,-1,-1
136,5,570.11,433.62,154.41,410.17,0.856,-1,-1,-1
136,7,953.52,436.72,37.92,90.93,0.698,-1,-1,-1
136,8,1218.59,448.29,41.99,96.79,0.833,-1,-1,-1
136,9,800.33,448.74,93.14,258.94,0.837,-1,-1,-1
136,19,487.33,454.21,42.56,118.56,0.812,-1,-1,-1
136,20,425.47,466.93,39.47,102.46,0.547,-1,-1,-1
136,22,1086.30,456.80,49.70,141.52,0.157,-1,-1,-1
136,23,528.60,453.29,28.37,72.46,0.735,-1,-1,-1
136,24,557.45,454.60,23.98,71.49,0.656,-1,-1,-1
137,1,697.09,434.87,93.98,324.82,0.864,-1,-1,-1
137,4,1009.61,449.12,31.55,74.29,0.711,-1,-1,-1
137,5,569.64,433.93,156.15,416.87,0.874,-1,-1,-1
137,7,954.79,436.94,37.56,90.39,0.660,-1,-1,-1
137,8,1217.69,448.04,42.22,97.32,0.761,-1,-1,-1
137,9,802.92,446.55,93.74,261.25,0.842,-1,-1,-1
137,19,487.60,454.29,42.44,118.37,0.744,-1,-1,-1
137,20,426.52,468.39,38.99,101.26,0.252,-1,-1,-1
137,22,1086.99,450.18,51.89,147.62,0.213,-1,-1,-1
137,23,528.39,453.15,28.44,72.58,0.689,-1,-1,-1
137,24,557.60,454.61,24.06,71.69,0.684,-1,-1,-1
137,25,862.33,435.67,54.29,233.33,0.684,-1,-1,-1
138,1,697.12,434.46,94.29,325.69,0.849,-1,-1,-1
138,4,1009.81,448.86,31.64,74.50,0.692,-1,-1,-1
138,5,570.33,433.83,157.17,422.35,0.877,-1,-1,-1
138,7,956.03,437.10,37.53,90.41,0.715,-1,-1,-1
138,8,1216.68,447.35,42.14,97.52,0.791,-1,-1,-1
138,9,806.10,446.12,93.12,262.03,0.872,-1,-1,-1
138,19,487.22,454.31,42.06,116.73,0.671,-1,-1,-1
138,20,425.90,468.46,39.11,101.34,0.254,-1,-1,-1
138,22,1085.84,462.65,47.49,134.75,0.218,-1,-1,-1
138,23,528.08,453.37,28.42,72.61,0.655,-1,-1,-1
138,24,557.90,454.42,24.13,71.75,0.572,-1,-1,-1
138,25,862.96,435.90,53.08,228.22,0.163,-1,-1,-1
139,1,697.99,434.05,95.05,327.18,0.859,-1,-1,-1
139,4,1009.48,448.22,31.92,75.15,0.706,-1,-1,-1
139,5,570.67,433.64,156.78,423.45,0.884,-1,-1,-1
139,7,956.62,437.00,37.34,90.41,0.694,-1,-1,-1
139,8,1215.16,447.21,41.98,97.80,0.726,-1,-1,-1
139,9,808.50,447.38,92.07,260.94,0.876,-1,-1,-1
139,19,486.20,454.25,42.35,117.04,0.718,-1,-1,-1
139,20,427.25,471.04,38.19,98.93,0.391,-1,-1,-1
139,22,1085.53,471.90,44.28,125.21,0.267,-1,-1,-1
139,23,528.04,452.41,28.77,73.63,0.645,-1,-1,-1
139,24,559.11,453.75,24.33,72.13,0.584,-1,-1,-1
139,25,865.25,436.89,51.94,223.32,0.247,-1,-1,-1
140,1,701.68,433.97,96.39,328.22,0.872,-1,-1,-1
140,4,1009.91,448.22,31.86,75.01,0.687,-1,-1,-1
140,5,571.26,433.13,156.59,425.40,0.895,-1,-1,-1
140,7,957.10,437.20,36.93,89.65,0.719,-1,-1,-1
140,8,1214.25,447.33,41.42,97.38,0.800,-1,-1,-1
140,9,810.45,448.63,91.82,262.37,0.875,-1,-1,-1
140,19,485.67,454.22,42.44,116.84,0.642,-1,-1,-1
140,20,425.93,470.24,38.64,99.77,0.338,-1,-1,-1
140,22,1085.30,477.83,42.29,119.21,0.305,-1,-1,-1
140,23,527.65,452.06,28.89,74.06,0.623,-1,-1,-1
140,24,558.61,453.12,24.47,72.35,0.578,-1,-1,-1
140,25,875.46,437.02,53.85,230.42,0.534,-1,-1,-1
141,1,704.69,434.28,97.70,328.84,0.870,-1,-1,-1
141,4,1009.91,448.58,31.71,74.63,0.674,-1,-1,-1
141,5,570.60,433.24,156.31,426.59,0.889,-1,-1,-1
141,7,956.80,437.48,36.55,89.19,0.723,-1,-1,-1
141,8,1212.52,447.61,40.82,97.18,0.779,-1,-1,-1
141,9,811.92,449.27,91.45,263.04,0.856,-1,-1,-1
141,19,484.64,454.20,42.64,116.76,0.457,-1,-1,-1
141,20,424.80,469.31,39.18,100.94,0.429,-1,-1,-1
141,22,1085.93,479.92,41.79,117.16,0.294,-1,-1,-1
141,23,527.43,453.17,28.39,72.77,0.486,-1,-1,-1
141,24,557.72,452.93,24.47,72.15,0.518,-1,-1,-1
141,25,880.50,438.01,54.50,232.27,0.134,-1,-1,-1
142,1,706.92,434.56,99.57,329.71,0.885,-1,-1,-1
142,4,1009.65,448.96,31.62,74.43,0.706,-1,-1,-1
142,5,569.06,432.99,156.84,429.29,0.891,-1,-1,-1
142,7,956.84,437.67,36.14,88.46,0.751,-1,-1,-1
142,8,1210.33,448.05,40.03,96.51,0.739,-1,-1,-1
142,9,813.12,450.93,91.64,265.27,0.849,-1,-1,-1
142,19,483.48,454.64,43.03,117.42,0.455,-1,-1,-1
142,20,424.24,469.36,39.16,100.84,0.150,-1,-1,-1
142,22,1083.60,463.14,47.47,133.78,0.288,-1,-1,-1
142,23,526.56,452.87,28.32,72.81,0.542,-1,-1,-1
142,24,557.23,453.24,24.30,71.61,0.629,-1,-1,-1
142,25,884.33,438.20,55.45,234.94,0.410,-1,-1,-1
143,1,709.24,434.86,101.45,329.00,0.893,-1,-1,-1
143,4,1009.00,449.18,31.68,74.19,0.723,-1,-1,-1
143,5,567.20,432.99,157.64,432.66,0.872,-1,-1,-1
143,7,957.09,438.22,35.59,87.05,0.753,-1,-1,-1
143,8,1209.13,448.16,39.47,95.99,0.776,-1,-1,-1
143,9,814.58,448.87,92.01,269.36,0.875,-1,-1,-1
143,19,488.04,454.95,40.63,111.26,0.532,-1,-1,-1
143,20,423.76,469.24,39.25,101.09,-1.000,-1,-1,-1
143,22,1082.23,453.68,50.58,143.18,0.286,-1,-1,-1
143,23,525.63,452.21,28.52,73.46,0.584,-1,-1,-1
143,24,556.45,452.38,24.55,72.08,0.465,-1,-1,-1
143,25,886.82,438.94,56.27,236.41,0.487,-1,-1,-1
144,1,711.47,435.24,103.69,328.98,0.902,-1,-1,-1
144,4,1008.71,449.32,31.79,74.25,0.735,-1,-1,-1
144,5,566.85,434.03,158.08,435.86,0.888,-1,-1,-1
144,7,956.69,438.86,35.61,87.00,0.787,-1,-1,-1
144,8,1207.04,448.26,38.83,95.98,0.756,-1,-1,-1
144,9,815.80,447.73,91.09,269.15,0.862,-1,-1,-1
144,19,491.59,455.16,38.64,106.32,0.575,-1,-1,-1
144,20,423.27,469.12,39.34,101.33,-1.000,-1,-1,-1
144,22,1081.28,448.89,52.14,148.17,0.207,-1,-1,-1
144,23,524.61,452.86,28.12,72.52,0.582,-1,-1,-1
144,24,555.92,452.68,24.30,71.20,0.664,-1,-1,-1
144,25,887.43,438.73,57.28,238.78,0.571,-1,-1,-1
145,1,712.92,435.13,106.23,329.93,0.899,-1,-1,-1
145,4,1008.50,449.34,31.95,74.49,0.725,-1,-1,-1
145,5,565.39,434.03,158.48,438.32,0.857,-1,-1,-1
145,7,957.19,439.42,35.32,86.29,0.773,-1,-1,-1
145,8,1204.16,448.03,38.15,96.53,0.802,-1,-1,-1
145,9,817.89,447.44,90.23,269.65,0.847,-1,-1,-1
145,19,494.23,455.30,37.47,103.66,0.623,-1,-1,-1
145,20,422.79,469.00,39.43,101.58,-1.000,-1,-1,-1
145,22,1081.96,452.74,50.76,144.21,0.268,-1,-1,-1
145,23,525.32,453.45,27.73,71.89,0.614,-1,-1,-1
145,24,556.30,452.96,24.33,70.91,0.713,-1,-1,-1
145,25,887.56,438.01,58.26,240.20,0.724,-1,-1,-1
146,1,713.72,435.18,108.38,330.65,0.864,-1,-1,-1
146,4,1008.82,449.27,32.05,74.79,0.722,-1,-1,-1
146,5,563.36,434.41,159.34,441.46,0.834,-1,-1,-1
146,7,957.19,439.70,35.27,85.93,0.773,-1,-1,-1
146,8,1202.51,447.70,37.63,96.93,0.781,-1,-1,-1
146,9,820.73,449.11,88.71,267.94,0.860,-1,-1,-1
146,19,495.95,455.27,36.86,102.72,0.639,-1,-1,-1
146,20,422.31,468.88,39.52,101.82,-1.000,-1,-1,-1
146,22,1080.99,444.73,52.99,151.72,0.446,-1,-1,-1
146,23,525.68,454.07,27.33,71.13,0.645,-1,-1,-1
146,24,556.55,453.05,24.34,70.84,0.721,-1,-1,-1
146,25,889.07,438.06,58.77,240.36,0.642,-1,-1,-1
147,1,715.51,436.22,110.15,330.85,0.877,-1,-1,-1
147,4,1009.45,449.00,31.88,74.58,0.704,-1,-1,-1
147,5,561.59,434.54,160.62,446.27,0.859,-1,-1,-1
147,7,957.32,440.01,35.13,85.39,0.760,-1,-1,-1
147,8,1201.92,447.50,36.93,96.67,0.787,-1,-1,-1
147,9,822.57,446.61,88.99,271.84,0.867,-1,-1,-1
147,19,497.42,455.12,36.75,102.75,0.653,-1,-1,-1
147,20,421.82,468.76,39.62,102.07,-1.000,-1,-1,-1
147,22,1080.80,441.32,53.73,154.80,0.403,-1,-1,-1
147,23,525.77,454.60,26.89,70.16,0.612,-1,-1,-1
147,24,556.77,453.12,24.28,70.56,0.685,-1,-1,-1
147,25,889.86,437.45,59.40,241.00,0.681,-1,-1,-1
147,26,475.53,463.91,41.97,111.52,0.750,-1,-1,-1
147,27,1125.10,450.41,31.24,91.93,0.615,-1,-1,-1
148,1,715.71,436.40,111.87,331.96,0.869,-1,-1,-1
148,4,1009.13,448.65,31.90,74.83,0.738,-1,-1,-1
148,5,558.94,434.45,162.29,452.06,0.864,-1,-1,-1
148,7,957.97,440.53,34.78,84.29,0.728,-1,-1,-1
148,8,1201.05,447.18,36.69,97.54,0.784,-1,-1,-1
148,9,824.51,444.83,89.27,275.67,0.882,-1,-1,-1
148,19,498.44,454.75,36.82,103.05,0.601,-1,-1,-1
148,20,421.34,468.64,39.71,102.31,-1.000,-1,-1,-1
148,22,1080.61,440.24,53.75,155.79,0.469,-1,-1,-1
148,23,524.97,453.41,27.49,72.46,0.564,-1,-1,-1
148,24,556.89,453.28,24.13,70.22,0.656,-1,-1,-1
148,25,889.84,436.25,60.18,242.44,0.748,-1,-1,-1
148,26,474.70,464.60,41.94,111.37,0.772,-1,-1,-1
148,27,1125.88,450.54,31.45,92.56,0.625,-1,-1,-1
149,1,716.83,437.26,113.40,333.34,0.873,-1,-1,-1
149,4,1009.18,448.34,31.94,75.08,0.726,-1,-1,-1
149,5,554.55,434.73,163.24,455.76,0.861,-1,-1,-1
149,7,958.43,440.83,34.54,83.61,0.782,-1,-1,-1
149,8,1199.87,447.85,36.22,97.08,0.781,-1,-1,-1
149,9,826.35,447.62,88.06,274.28,0.860,-1,-1,-1
149,19,500.84,454.07,36.69,103.57,0.604,-1,-1,-1
149,20,420.85,468.52,39.80,102.55,0.522,-1,-1,-1
149,22,1079.95,438.66,54.10,157.69,0.513,-1,-1,-1
149,23,524.73,453.10,27.32,72.61,0.550,-1,-1,-1
149,24,557.07,453.57,24.04,69.95,0.633,-1,-1,-1
149,25,890.04,435.17,60.86,243.40,0.793,-1,-1,-1
149,26,474.41,464.64,42.05,111.70,0.571,-1,-1,-1
149,27,1127.56,455.28,29.97,88.13,0.599,-1,-1,-1
150,1,718.30,438.18,114.48,334.34,0.876,-1,-1,-1
150,4,1008.33,448.29,31.95,74.95,0.682,-1,-1,-1
150,5,550.00,433.97,163.82,458.47,0.880,-1,-1,-1
150,7,958.55,441.08,34.16,82.60,0.760,-1,-1,-1
150,8,1198.24,447.24,36.36,97.85,0.788,-1,-1,-1
150,9,827.32,448.24,88.18,276.10,0.855,-1,-1,-1
150,19,502.02,454.46,36.44,103.59,0.632,-1,-1,-1
150,20,420.51,468.05,39.78,102.47,0.285,-1,-1,-1
150,22,1079.37,437.69,54.31,158.94,0.385,-1,-1,-1
150,23,524.90,453.70,26.56,71.11,0.541,-1,-1,-1
150,24,557.13,453.74,23.84,69.42,0.612,-1,-1,-1
150,25,893.49,434.80,61.70,243.55,0.750,-1,-1,-1
150,26,473.16,465.09,41.75,110.84,0.703,-1,-1,-1
150,27,1129.20,457.21,29.54,86.65,0.601,-1,-1,-1
151,1,719.74,437.76,115.30,335.72,0.875,-1,-1,-1
151,4,1007.86,448.30,32.06,75.21,0.669,-1,-1,-1
151,5,546.61,432.10,164.54,461.21,0.887,-1,-1,-1
151,7,958.48,440.99,34.13,82.52,0.738,-1,-1,-1
151,8,1197.59,447.92,35.95,97.10,0.800,-1,-1,-1
151,9,829.35,450.09,88.10,277.37,0.839,-1,-1,-1
151,19,502.77,454.44,36.16,103.32,0.663,-1,-1,-1
151,20,420.34,467.62,39.85,102.66,0.264,-1,-1,-1
151,22,1079.14,436.56,54.55,160.29,0.395,-1,-1,-1
151,23,524.79,454.03,26.19,70.64,0.472,-1,-1,-1
151,24,556.81,453.88,23.88,69.56,0.506,-1,-1,-1
151,25,897.66,434.28,62.67,244.28,0.749,-1,-1,-1
151,26,471.83,465.29,41.59,110.45,0.754,-1,-1,-1
151,27,1130.41,458.82,29.04,84.86,0.682,-1,-1,-1
152,1,719.95,436.98,116.09,337.03,0.881,-1,-1,-1
152,4,1006.99,448.31,31.86,75.01,0.689,-1,-1,-1
152,5,544.08,430.97,164.67,461.81,0.885,-1,-1,-1
152,7,958.30,441.03,34.10,82.38,0.744,-1,-1,-1
152,8,1196.87,448.04,35.76,96.76,0.795,-1,-1,-1
152,9,830.73,451.75,87.44,277.14,0.852,-1,-1,-1
152,19,502.99,454.40,35.93,103.30,0.655,-1,-1,-1
152,20,419.52,467.64,39.76,102.78,0.205,-1,-1,-1
152,22,1079.23,436.67,54.45,160.85,0.582,-1,-1,-1
152,23,524.50,453.58,25.99,70.77,0.462,-1,-1,-1
152,24,556.69,453.75,23.91,69.56,0.549,-1,-1,-1
152,25,899.21,433.41,63.66,244.55,0.783,-1,-1,-1
152,26,471.46,465.74,41.58,110.43,0.697,-1,-1,-1
152,27,1131.03,458.01,29.62,86.23,0.711,-1,-1,-1
153,1,720.13,435.94,116.90,339.00,0.881,-1,-1,-1
153,4,1006.44,448.16,31.91,75.24,0.749,-1,-1,-1
153,5,541.18,431.10,164.62,462.08,0.883,-1,-1,-1
153,7,958.54,440.98,34.10,82.17,0.737,-1,-1,-1
153,8,1195.81,447.70,36.02,97.59,0.807,-1,-1,-1
153,9,831.47,450.08,87.82,280.24,0.845,-1,-1,-1
153,19,502.83,454.86,35.56,103.01,0.588,-1,-1,-1
153,20,419.48,467.64,39.74,102.84,-1.000,-1,-1,-1
153,22,1079.75,436.07,54.16,161.85,0.621,-1,-1,-1
153,23,524.45,453.58,25.47,69.90,0.417,-1,-1,-1
153,24,556.32,453.54,24.21,70.39,0.464,-1,-1,-1
153,25,901.34,432.85,64.88,245.03,0.805,-1,-1,-1
153,26,470.86,466.44,41.23,109.50,0.514,-1,-1,-1
153,27,1131.08,459.61,29.24,84.94,0.672,-1,-1,-1
154,1,721.30,434.61,117.32,340.32,0.865,-1,-1,-1
154,4,1006.28,447.94,31.75,75.04,0.750,-1,-1,-1
154,5,539.40,430.20,164.83,462.96,0.881,-1,-1,-1
154,7,959.00,440.99,33.95,81.74,0.729,-1,-1,-1
154,8,1195.39,448.08,35.94,97.39,0.806,-1,-1,-1
154,9,833.49,448.44,87.88,281.92,0.869,-1,-1,-1
154,19,502.75,455.19,35.27,102.90,0.576,-1,-1,-1
154,20,419.44,467.64,39.72,102.90,-1.000,-1,-1,-1
154,22,1079.82,435.82,53.75,162.01,0.534,-1,-1,-1
154,23,524.54,453.98,24.84,68.69,0.403,-1,-1,-1
154,24,556.36,453.86,23.34,67.72,0.323,-1,-1,-1
154,25,901.15,432.28,65.99,245.97,0.818,-1,-1,-1
154,26,470.28,466.32,41.08,109.16,0.645,-1,-1,-1
154,27,1131.45,460.46,29.13,84.31,0.708,-1,-1,-1
155,1,723.11,433.95,117.57,340.88,0.866,-1,-1,-1
155,4,1005.99,448.36,31.43,74.47,0.736,-1,-1,-1
155,5,537.11,429.47,164.74,463.73,0.877,-1,-1,-1
155,7,959.37,440.92,33.61,80.75,0.720,-1,-1,-1
155,8,1194.94,448.54,35.85,97.07,0.805,-1,-1,-1
155,9,834.76,447.68,87.82,282.80,0.868,-1,-1,-1
155,19,503.04,455.47,35.07,103.03,0.573,-1,-1,-1
155,20,419.40,467.64,39.70,102.96,-1.000,-1,-1,-1
155,22,1079.74,435.84,53.37,161.92,0.381,-1,-1,-1
155,23,524.84,454.24,24.08,66.87,0.210,-1,-1,-1
155,24,556.36,454.32,22.37,64.85,0.339,-1,-1,-1
155,25,902.28,432.06,67.75,248.26,0.842,-1,-1,-1
155,26,467.61,459.68,43.41,115.77,0.445,-1,-1,-1
155,27,1131.62,459.20,29.62,85.41,0.739,-1,-1,-1
156,1,724.44,433.31,117.91,341.15,0.876,-1,-1,-1
156,4,1005.22,448.64,31.10,73.86,0.741,-1,-1,-1
156,5,534.61,429.32,164.81,463.80,0.880,-1,-1,-1
156,7,959.35,440.86,33.69,80.90,0.700,-1,-1,-1
156,8,1193.99,448.98,36.02,97.27,0.814,-1,-1,-1
156,9,836.51,446.73,87.99,283.85,0.869,-1,-1,-1
156,19,503.34,455.57,34.89,103.07,0.588,-1,-1,-1
156,20,419.37,467.65,39.68,103.02,-1.000,-1,-1,-1
156,22,1080.08,436.08,52.85,161.66,0.538,-1,-1,-1
156,23,525.14,454.85,22.96,64.08,0.148,-1,-1,-1
156,24,555.95,454.62,21.62,62.52,0.157,-1,-1,-1
156,25,903.08,431.96,69.85,253.17,0.840,-1,-1,-1
156,26,466.62,460.37,43.06,115.14,0.595,-1,-1,-1
156,27,1131.65,456.26,30.75,88.38,0.702,-1,-1,-1
157,1,726.58,432.84,118.27,341.62,0.879,-1,-1,-1
157,4,1004.76,448.88,31.07,73.69,0.763,-1,-1,-1
157,5,532.70,428.92,165.22,464.30,0.879,-1,-1,-1
157,7,960.25,440.98,33.05,79.07,0.377,-1,-1,-1
157,8,1193.10,448.20,36.41,98.34,0.791,-1,-1,-1
157,9,837.91,445.39,88.04,285.44,0.879,-1,-1,-1
157,19,503.62,455.71,34.79,103.09,0.600,-1,-1,-1
157,20,419.33,467.65,39.66,103.08,-1.000,-1,-1,-1
157,22,1080.56,435.96,52.41,161.88,0.587,-1,-1,-1
157,23,525.83,455.49,22.12,61.99,0.123,-1,-1,-1
157,24,556.23,454.83,21.00,60.58,0.215,-1,-1,-1
157,25,904.93,432.21,70.58,254.84,0.732,-1,-1,-1
157,26,465.50,459.97,42.90,115.38,0.522,-1,-1,-1
157,27,1131.75,456.18,30.68,88.05,0.693,-1,-1,-1
157,28,664.31,442.62,67.10,347.31,0.755,-1,-1,-1
158,1,728.90,432.18,118.62,342.39,0.876,-1,-1,-1
158,4,1004.17,448.78,31.19,74.02,0.741,-1,-1,-1
158,5,532.89,429.70,165.11,463.53,0.881,-1,-1,-1
158,7,961.44,441.03,31.83,75.78,0.377,-1,-1,-1
158,8,1192.35,448.03,36.36,98.49,0.802,-1,-1,-1
158,9,839.71,444.58,87.53,285.54,0.880,-1,-1,-1
158,19,504.13,455.85,34.58,102.86,0.635,-1,-1,-1
158,20,419.29,467.65,39.64,103.14,-1.000,-1,-1,-1
158,22,1081.00,435.95,52.03,161.96,0.453,-1,-1,-1
158,23,526.89,456.18,21.03,59.17,0.130,-1,-1,-1
158,24,556.23,454.87,20.67,59.52,0.209,-1,-1,-1
158,25,908.29,432.86,70.84,254.66,0.782,-1,-1,-1
158,26,464.98,459.12,42.66,115.78,0.582,-1,-1,-1
158,27,1132.67,453.92,31.54,90.10,0.702,-1,-1,-1
158,28,663.66,443.63,66.99,346.07,0.781,-1,-1,-1
159,1,732.14,431.26,118.75,343.43,0.867,-1,-1,-1
159,4,1003.53,448.95,31.19,73.94,0.744,-1,-1,-1
159,5,531.68,428.92,165.58,464.19,0.886,-1,-1,-1
159,7,963.62,441.12,28.37,66.63,0.306,-1,-1,-1
159,8,1191.89,447.77,36.30,98.80,0.809,-1,-1,-1
159,9,842.20,446.31,86.61,283.77,0.887,-1,-1,-1
159,19,504.05,455.68,34.64,102.87,0.581,-1,-1,-1
159,20,419.25,467.65,39.61,103.20,-1.000,-1,-1,-1
159,22,1081.16,436.50,51.49,161.71,0.632,-1,-1,-1
159,24,556.37,454.37,20.51,58.81,0.411,-1,-1,-1
159,25,911.58,434.00,71.11,253.93,0.802,-1,-1,-1
159,26,464.39,458.11,42.70,116.81,0.505,-1,-1,-1
159,27,1134.49,453.40,31.77,90.53,0.690,-1,-1,-1
159,28,665.88,443.12,66.84,344.52,0.746,-1,-1,-1
160,1,735.24,431.50,117.92,342.22,0.864,-1,-1,-1
160,4,1003.10,449.02,31.16,74.01,0.743,-1,-1,-1
160,5,530.78,427.64,166.34,465.80,0.900,-1,-1,-1
160,7,964.39,441.03,28.28,66.21,0.347,-1,-1,-1
160,8,1190.42,447.55,36.10,98.92,0.793,-1,-1,-1
160,9,843.85,446.59,85.96,282.83,0.889,-1,-1,-1
160,19,503.67,455.62,34.70,102.67,0.564,-1,-1,-1
160,20,419.21,467.66,39.59,103.26,-1.000,-1,-1,-1
160,22,1081.09,436.72,51.10,161.55,0.508,-1,-1,-1
160,24,556.52,454.30,20.16,57.71,0.162,-1,-1,-1
160,25,914.42,435.39,71.41,252.15,0.782,-1,-1,-1
160,26,463.72,457.83,42.34,117.03,0.630,-1,-1,-1
160,27,1135.72,454.86,31.34,89.24,0.648,-1,-1,-1
160,28,669.19,443.30,67.23,344.85,0.818,-1,-1,-1
161,1,738.41,431.70,117.23,341.90,0.873,-1,-1,-1
161,4,1002.71,448.95,31.07,74.02,0.728,-1,-1,-1
161,5,529.96,426.63,167.03,466.88,0.904,-1,-1,-1
161,7,965.94,440.77,27.73,64.89,0.479,-1,-1,-1
161,8,1188.44,447.10,36.09,99.32,0.733,-1,-1,-1
161,9,845.12,447.24,85.45,282.39,0.881,-1,-1,-1
161,19,503.88,455.75,34.61,102.47,0.439,-1,-1,-1
161,20,419.18,467.66,39.57,103.32,-1.000,-1,-1,-1
161,22,1081.30,436.90,50.64,161.22,0.561,-1,-1,-1
161,24,556.11,453.95,20.54,58.76,-1.000,-1,-1,-1
161,25,916.89,436.20,72.33,252.48,0.815,-1,-1,-1
161,26,462.65,455.97,42.79,119.32,0.521,-1,-1,-1
161,27,1136.91,458.82,29.78,84.54,0.631,-1,-1,-1
161,28,671.48,443.26,67.56,345.73,0.731,-1,-1,-1
162,1,741.47,432.20,116.79,342.15,0.875,-1,-1,-1
162,4,1002.73,449.18,30.84,73.84,0.751,-1,-1,-1
162,5,530.66,426.01,167.92,467.54,0.912,-1,-1,-1
162,7,967.30,440.60,27.77,65.21,0.556,-1,-1,-1
162,8,1186.84,446.44,35.96,99.81,0.579,-1,-1,-1
162,9,847.58,446.62,85.58,282.96,0.891,-1,-1,-1
162,19,503.91,455.46,34.71,102.62,0.503,-1,-1,-1
162,20,419.14,467.66,39.55,103.38,-1.000,-1,-1,-1
162,22,1081.53,436.95,50.21,160.78,0.525,-1,-1,-1
162,24,555.70,453.61,20.91,59.80,-1.000,-1,-1,-1
162,25,920.61,437.99,72.64,252.40,0.757,-1,-1,-1
162,26,462.62,456.38,42.29,118.79,0.473,-1,-1,-1
162,27,1137.59,457.44,30.29,86.03,0.531,-1,-1,-1
162,28,672.58,444.01,68.26,347.88,0.794,-1,-1,-1
163,1,743.88,432.78,116.17,341.99,0.883,-1,-1,-1
163,4,1002.35,449.07,30.74,73.83,0.759,-1,-1,-1
163,5,532.05,426.76,168.63,466.96,0.905,-1,-1,-1
163,7,968.94,440.38,27.08,63.86,0.290,-1,-1,-1
163,8,1185.62,446.66,35.51,99.55,0.685,-1,-1,-1
163,9,851.77,446.13,86.29,282.90,0.892,-1,-1,-1
163,19,505.68,454.75,34.88,103.22,0.492,-1,-1,-1
163,20,419.10,467.66,39.53,103.44,-1.000,-1,-1,-1
163,22,1082.04,436.99,49.96,160.82,0.360,-1,-1,-1
163,24,555.29,453.26,21.29,60.85,-1.000,-1,-1,-1
163,25,923.15,438.82,73.57,254.65,0.806,-1,-1,-1
163,26,462.77,457.45,41.61,117.58,0.508,-1,-1,-1
163,27,1138.26,454.50,31.40,89.35,0.491,-1,-1,-1
163,28,672.37,444.80,69.25,351.34,0.758,-1,-1,-1
164,1,746.55,433.25,115.49,341.66,0.892,-1,-1,-1
164,4,1002.25,448.90,30.63,73.93,0.735,-1,-1,-1
164,5,534.09,428.55,169.20,465.51,0.901,-1,-1,-1
164,7,970.84,440.55,26.34,62.35,0.208,-1,-1,-1
164,8,1184.59,446.98,35.17,99.13,0.638,-1,-1,-1
164,9,857.38,446.20,87.63,283.20,0.899,-1,-1,-1
164,19,506.33,455.27,34.57,102.51,0.508,-1,-1,-1
164,20,419.06,467.66,39.51,103.49,-1.000,-1,-1,-1
164,22,1082.59,437.02,49.54,160.43,0.487,-1,-1,-1
164,24,554.88,452.91,21.66,61.89,-1.000,-1,-1,-1
164,25,925.50,439.59,73.66,254.84,0.819,-1,-1,-1
164,26,463.10,458.74,40.90,116.21,0.476,-1,-1,-1
164,27,1139.92,452.83,31.89,91.33,0.492,-1,-1,-1
164,28,673.55,445.51,70.22,353.64,0.803,-1,-1,-1
165,1,748.78,432.94,115.73,343.15,0.883,-1,-1,-1
165,4,1002.20,448.67,30.56,74.10,0.692,-1,-1,-1
165,5,536.39,426.14,172.04,469.21,0.888,-1,-1,-1
165,8,1183.69,447.67,34.87,98.40,0.598,-1,-1,-1
165,9,863.46,445.77,89.92,284.22,0.902,-1,-1,-1
165,19,507.23,455.45,34.44,102.36,0.394,-1,-1,-1
165,20,419.02,467.67,39.49,103.55,-1.000,-1,-1,-1
165,22,1083.32,437.09,49.18,160.32,0.453,-1,-1,-1
165,24,554.47,452.56,22.04,62.94,-1.000,-1,-1,-1
165,25,927.09,438.45,74.14,256.98,0.809,-1,-1,-1
165,26,464.18,461.45,39.64,113.61,0.583,-1,-1,-1
165,27,1140.03,450.28,32.71,94.29,0.540,-1,-1,-1
165,28,675.71,445.69,70.89,353.58,0.823,-1,-1,-1
166,1,750.55,433.25,116.23,345.84,0.877,-1,-1,-1
166,4,1002.32,448.35,30.45,74.28,0.720,-1,-1,-1
166,5,536.62,426.45,174.78,473.73,0.877,-1,-1,-1
166,8,1183.26,449.21,34.27,96.61,0.639,-1,-1,-1
166,9,867.39,444.60,92.18,285.33,0.896,-1,-1,-1
166,19,507.32,455.69,34.33,102.10,0.519,-1,-1,-1
166,20,418.99,467.67,39.47,103.61,0.536,-1,-1,-1
166,22,1084.10,437.14,48.78,160.20,0.585,-1,-1,-1
166,24,554.06,452.21,22.42,63.98,-1.000,-1,-1,-1
166,25,929.72,437.24,74.27,258.01,0.771,-1,-1,-1
166,26,464.68,462.52,38.85,112.42,0.560,-1,-1,-1
166,27,1141.79,448.52,32.89,95.96,0.498,-1,-1,-1
166,28,676.09,445.65,71.74,354.37,0.803,-1,-1,-1
167,1,752.30,433.60,116.55,347.55,0.866,-1,-1,-1
167,4,1001.95,448.10,30.35,74.83,0.666,-1,-1,-1
167,5,539.33,427.41,176.09,472.58,0.874,-1,-1,-1
167,8,1182.43,448.35,34.68,97.98,0.599,-1,-1,-1
167,9,871.31,444.26,94.86,286.35,0.895,-1,-1,-1
167,19,508.12,455.82,34.54,102.75,0.574,-1,-1,-1
167,20,419.44,467.70,38.86,103.48,0.553,-1,-1,-1
167,22,1084.39,437.23,48.45,160.24,0.592,-1,-1,-1
167,24,553.65,451.86,22.79,65.03,-1.000,-1,-1,-1
167,25,932.81,435.69,74.55,259.24,0.806,-1,-1,-1
167,26,465.16,465.85,37.41,108.91,0.585,-1,-1,-1
167,27,1142.60,446.82,33.07,97.64,0.542,-1,-1,-1
167,28,676.85,446.12,72.08,352.81,0.806,-1,-1,-1
168,1,754.15,434.46,116.23,348.39,0.872,-1,-1,-1
168,4,1002.16,447.61,30.03,74.95,0.680,-1,-1,-1
168,5,542.31,427.51,177.64,470.76,0.890,-1,-1,-1
168,8,1181.75,452.16,33.66,94.35,0.534,-1,-1,-1
168,9,874.97,446.31,97.29,285.73,0.895,-1,-1,-1
168,19,507.53,455.91,34.30,102.52,0.438,-1,-1,-1
168,20,420.13,468.18,38.30,102.36,0.109,-1,-1,-1
168,22,1083.74,437.58,48.44,160.61,0.657,-1,-1,-1
168,24,553.24,451.51,23.17,66.07,-1.000,-1,-1,-1
168,25,934.43,433.38,75.36,262.40,0.838,-1,-1,-1
168,26,466.32,465.75,36.84,108.18,0.715,-1,-1,-1
168,27,1142.36,447.75,32.66,96.89,0.632,-1,-1,-1
168,28,677.36,446.77,72.83,353.30,0.786,-1,-1,-1
169,1,755.60,435.04,116.41,350.27,0.868,-1,-1,-1
169,4,1002.26,447.44,29.72,74.97,0.680,-1,-1,-1
169,5,545.91,427.89,179.50,468.31,0.886,-1,-1,-1
169,8,1179.82,453.74,33.39,92.92,0.652,-1,-1,-1
169,9,876.20,447.31,99.55,286.22,0.888,-1,-1,-1
169,19,506.58,455.97,34.06,102.33,0.278,-1,-1,-1
169,20,421.40,474.76,35.90,95.80,0.197,-1,-1,-1
169,22,1083.19,437.83,48.29,160.52,0.636,-1,-1,-1
169,24,552.83,451.16,23.54,67.12,-1.000,-1,-1,-1
169,25,935.80,432.58,75.53,264.00,0.832,-1,-1,-1
169,26,465.47,464.61,36.98,109.91,0.666,-1,-1,-1
169,27,1143.00,448.35,31.91,95.63,0.613,-1,-1,-1
169,28,679.06,446.77,73.38,354.03,0.819,-1,-1,-1
170,1,757.45,435.54,116.22,351.99,0.876,-1,-1,-1
170,4,1001.99,447.31,29.51,75.22,0.612,-1,-1,-1
170,5,551.17,428.19,182.62,468.92,0.892,-1,-1,-1
170,8,1177.27,453.40,33.71,93.47,0.438,-1,-1,-1
170,9,878.13,448.32,101.67,287.07,0.901,-1,-1,-1
170,19,507.84,455.19,34.38,103.19,0.335,-1,-1,-1
170,20,421.13,474.16,36.06,96.35,-1.000,-1,-1,-1
170,22,1082.76,438.03,48.27,160.32,0.606,-1,-1,-1
170,24,552.42,450.81,23.92,68.16,-1.000,-1,-1,-1
170,25,938.62,432.69,75.18,264.25,0.823,-1,-1,-1
170,26,465.87,465.41,36.41,109.38,0.675,-1,-1,-1
170,27,1143.50,449.39,31.42,94.89,0.452,-1,-1,-1
170,28,680.15,447.13,73.74,354.58,0.801,-1,-1,-1
171,1,758.47,435.58,115.86,352.76,0.878,-1,-1,-1
171,4,1001.98,446.82,29.36,75.65,0.559,-1,-1,-1
171,5,554.94,427.86,186.22,469.74,0.905,-1,-1,-1
171,8,1175.10,452.50,34.49,94.29,0.672,-1,-1,-1
171,9,879.49,448.77,103.54,288.07,0.904,-1,-1,-1
171,19,509.27,454.70,34.75,104.23,0.436,-1,-1,-1
171,20,420.86,473.55,36.22,96.90,-1.000,-1,-1,-1
171,22,1082.93,439.06,47.98,159.26,0.539,-1,-1,-1
171,24,552.01,450.46,24.30,69.21,-1.000,-1,-1,-1
171,25,941.32,432.02,75.21,265.02,0.814,-1,-1,-1
171,26,465.84,462.86,36.84,112.13,0.691,-1,-1,-1
171,27,1144.63,453.72,29.86,90.60,0.621,-1,-1,-1
171,28,681.65,447.08,74.36,356.30,0.767,-1,-1,-1
172,1,760.28,435.49,115.51,353.56,0.865,-1,-1,-1
172,4,1002.20,446.13,29.10,75.84,0.565,-1,-1,-1
172,5,557.92,429.72,189.41,469.35,0.903,-1,-1,-1
172,8,1173.29,457.35,33.50,89.46,0.710,-1,-1,-1
172,9,880.28,448.56,105.48,289.83,0.899,-1,-1,-1
172,19,510.24,454.43,34.90,104.85,0.448,-1,-1,-1
172,20,420.59,472.95,36.39,97.46,-1.000,-1,-1,-1
172,22,1083.16,439.65,47.73,158.38,0.380,-1,-1,-1
172,24,551.60,450.11,24.67,70.25,0.519,-1,-1,-1
172,25,944.95,431.41,75.34,264.69,0.843,-1,-1,-1
172,26,465.96,462.56,36.54,112.59,0.691,-1,-1,-1
172,27,1146.01,459.09,27.91,84.93,0.618,-1,-1,-1
172,28,683.34,446.94,75.79,362.91,0.732,-1,-1,-1
172,29,492.63,459.10,23.58,95.97,0.645,-1,-1,-1
173,1,763.43,435.31,115.28,353.01,0.875,-1,-1,-1
173,4,1002.53,446.32,28.05,73.36,0.110,-1,-1,-1
173,5,558.53,429.75,193.62,472.65,0.910,-1,-1,-1
173,8,1170.80,453.85,35.19,93.23,0.740,-1,-1,-1
173,9,880.46,448.09,107.22,291.65,0.893,-1,-1,-1
173,19,510.03,454.87,34.73,104.15,0.533,-1,-1,-1
173,20,420.32,472.35,36.55,98.01,-1.000,-1,-1,-1
173,22,1083.15,442.28,47.00,155.64,0.456,-1,-1,-1
173,24,551.14,449.73,25.34,72.32,0.415,-1,-1,-1
173,25,947.17,431.09,75.71,264.62,0.819,-1,-1,-1
173,26,466.06,462.56,36.18,112.78,0.647,-1,-1,-1
173,27,1146.66,460.97,27.11,82.72,0.586,-1,-1,-1
173,28,681.05,446.15,75.60,364.30,0.732,-1,-1,-1
173,29,492.68,458.90,23.74,96.45,0.686,-1,-1,-1
174,1,765.57,436.14,115.60,354.29,0.889,-1,-1,-1
174,5,559.50,429.18,197.46,475.77,0.909,-1,-1,-1
174,8,1168.87,453.48,35.84,93.85,0.694,-1,-1,-1
174,9,880.77,449.23,107.95,291.06,0.896,-1,-1,-1
174,19,510.15,455.05,34.84,104.13,0.695,-1,-1,-1
174,20,420.05,471.75,36.71,98.56,-1.000,-1,-1,-1
174,22,1083.35,442.10,47.08,155.80,0.358,-1,-1,-1
174,24,550.90,450.47,25.37,72.03,0.464,-1,-1,-1
174,25,951.43,430.88,75.60,263.57,0.801,-1,-1,-1
174,26,466.24,462.41,35.74,112.87,0.699,-1,-1,-1
174,27,1147.73,462.89,26.36,80.63,0.477,-1,-1,-1
174,28,682.04,445.19,75.29,366.60,0.675,-1,-1,-1
174,29,493.07,458.55,23.82,96.62,0.678,-1,-1,-1
175,1,766.04,437.63,116.92,360.11,0.889,-1,-1,-1
175,5,562.32,428.66,200.28,478.00,0.895,-1,-1,-1
175,8,1167.79,451.36,36.98,96.24,0.722,-1,-1,-1
175,9,881.52,448.97,108.92,291.89,0.907,-1,-1,-1
175,19,510.23,455.02,34.94,104.12,0.706,-1,-1,-1
175,20,419.77,471.15,36.87,99.12,-1.000,-1,-1,-1
175,22,1084.14,452.18,44.23,145.66,0.280,-1,-1,-1
175,24,550.33,450.34,25.59,72.47,0.320,-1,-1,-1
175,25,956.13,431.50,76.03,263.30,0.848,-1,-1,-1
175,26,466.55,462.48,35.28,112.81,0.685,-1,-1,-1
175,27,1147.75,460.47,27.14,83.59,0.520,-1,-1,-1
175,28,688.90,445.12,75.01,365.40,0.764,-1,-1,-1
175,29,492.91,459.08,23.66,95.64,0.677,-1,-1,-1
176,1,768.25,438.81,117.09,362.58,0.872,-1,-1,-1
176,5,563.53,428.30,203.33,481.56,0.892,-1,-1,-1
176,8,1167.15,450.05,37.63,97.46,0.717,-1,-1,-1
176,9,882.29,446.80,110.01,294.23,0.887,-1,-1,-1
176,19,509.65,455.18,34.76,103.37,0.673,-1,-1,-1
176,20,419.50,470.54,37.03,99.67,-1.000,-1,-1,-1
176,22,1084.31,447.98,45.54,150.08,0.155,-1,-1,-1
176,24,549.91,452.21,25.00,70.97,0.192,-1,-1,-1
176,25,962.43,431.56,77.09,262.72,0.840,-1,-1,-1
176,26,466.89,463.25,34.66,112.16,0.687,-1,-1,-1
176,27,1148.42,464.45,26.01,80.61,0.451,-1,-1,-1
176,28,690.19,442.71,74.89,368.89,0.409,-1,-1,-1
176,29,492.49,459.34,23.88,96.05,0.658,-1,-1,-1
177,1,769.09,439.21,117.01,364.43,0.881,-1,-1,-1
177,5,565.47,429.06,204.59,482.52,0.892,-1,-1,-1
177,8,1166.76,449.04,38.05,98.25,0.749,-1,-1,-1
177,9,883.01,445.84,110.52,295.37,0.898,-1,-1,-1
177,19,509.71,455.42,34.75,103.07,0.617,-1,-1,-1
177,20,419.23,469.94,37.20,100.23,-1.000,-1,-1,-1
177,22,1084.84,459.23,42.28,138.56,0.259,-1,-1,-1
177,24,549.59,453.27,24.49,69.21,0.432,-1,-1,-1
177,25,967.08,431.66,78.82,263.66,0.850,-1,-1,-1
177,26,466.90,462.61,34.57,113.16,0.681,-1,-1,-1
177,27,1148.27,459.62,27.38,85.80,0.401,-1,-1,-1
177,28,691.93,444.85,74.01,367.41,0.124,-1,-1,-1
177,29,492.66,459.45,24.07,96.43,0.677,-1,-1,-1
178,1,770.32,439.51,116.55,364.74,0.863,-1,-1,-1
178,5,568.61,429.27,205.54,484.11,0.900,-1,-1,-1
178,8,1164.07,447.88,39.08,99.85,0.782,-1,-1,-1
178,9,884.76,444.88,110.58,296.45,0.900,-1,-1,-1
178,19,509.05,455.68,34.57,102.52,0.528,-1,-1,-1
178,20,418.96,469.34,37.36,100.78,-1.000,-1,-1,-1
178,22,1084.34,463.70,41.07,133.88,0.311,-1,-1,-1
178,24,549.13,453.26,24.34,68.81,0.384,-1,-1,-1
178,25,972.39,431.75,80.72,264.87,0.843,-1,-1,-1
178,26,466.74,462.85,34.16,112.70,0.624,-1,-1,-1
178,27,1147.67,453.60,28.89,91.57,0.202,-1,-1,-1
178,29,492.28,459.45,24.61,98.32,0.673,-1,-1,-1
179,1,771.06,438.17,116.47,366.43,0.884,-1,-1,-1
179,5,571.18,427.92,206.23,486.29,0.890,-1,-1,-1
179,8,1162.29,448.24,39.19,99.52,0.803,-1,-1,-1
179,9,887.35,444.14,110.07,296.91,0.906,-1,-1,-1
179,19,508.68,455.79,34.55,102.50,0.533,-1,-1,-1
179,20,418.69,468.74,37.52,101.33,-1.000,-1,-1,-1
179,22,1084.04,453.15,44.24,144.12,0.388,-1,-1,-1
179,24,548.86,452.09,24.77,70.67,0.203,-1,-1,-1
179,25,977.97,432.71,82.04,264.26,0.857,-1,-1,-1
179,26,466.28,462.56,33.98,112.60,0.472,-1,-1,-1
179,27,1149.65,446.49,30.02,95.71,0.472,-1,-1,-1
179,29,491.39,459.37,24.98,99.34,0.636,-1,-1,-1
180,1,773.52,437.40,116.44,367.77,0.871,-1,-1,-1
180,5,573.88,425.55,206.83,489.65,0.890,-1,-1,-1
180,8,1161.51,452.67,37.73,94.99,0.692,-1,-1,-1
180,9,890.78,443.42,109.39,297.51,0.902,-1,-1,-1
180,19,509.01,455.18,34.98,103.53,0.598,-1,-1,-1
180,20,418.42,468.14,37.68,101.89,0.514,-1,-1,-1
180,22,1085.45,449.60,44.84,146.54,0.160,-1,-1,-1
180,24,548.90,452.51,24.34,70.14,0.165,-1,-1,-1
180,25,980.66,434.25,83.45,263.96,0.842,-1,-1,-1
180,26,465.52,461.85,34.17,113.45,0.604,-1,-1,-1
180,27,1151.50,442.58,31.48,100.80,0.386,-1,-1,-1
180,29,491.19,459.53,25.01,99.24,0.645,-1,-1,-1
181,1,775.62,436.61,116.15,368.46,0.878,-1,-1,-1
181,5,575.93,424.58,206.91,492.08,0.889,-1,-1,-1
181,8,1158.55,446.39,40.20,101.29,0.676,-1,-1,-1
181,9,895.75,442.81,108.16,297.99,0.901,-1,-1,-1
181,19,508.53,455.57,34.67,102.77,0.518,-1,-1,-1
181,20,418.89,468.57,37.16,101.61,0.469,-1,-1,-1
181,22,1084.87,455.58,43.39,140.79,0.303,-1,-1,-1
181,24,548.85,453.33,23.89,69.02,0.111,-1,-1,-1
181,25,982.15,434.29,85.06,265.24,0.861,-1,-1,-1
181,26,465.39,461.87,34.08,113.21,0.620,-1,-1,-1
181,27,1153.28,443.31,31.32,100.25,-1.000,-1,-1,-1
181,29,490.90,459.38,25.15,99.53,0.652,-1,-1,-1
181,30,570.71,457.76,40.82,107.26,0.665,-1,-1,-1
182,1,777.63,435.45,115.58,369.12,0.881,-1,-1,-1
182,5,578.29,425.50,205.41,491.86,0.896,-1,-1,-1
182,8,1156.59,445.15,40.52,102.55,0.709,-1,-1,-1
182,9,899.95,442.21,107.09,298.47,0.888,-1,-1,-1
182,19,508.09,455.70,34.45,102.68,0.542,-1,-1,-1
182,20,419.25,468.72,36.78,101.55,0.467,-1,-1,-1
182,22,1085.03,462.36,41.77,134.26,0.305,-1,-1,-1
182,24,548.90,453.64,23.59,68.34,0.127,-1,-1,-1
182,25,983.78,436.95,85.97,265.35,0.826,-1,-1,-1
182,26,465.14,460.96,34.25,113.95,0.385,-1,-1,-1
182,27,1155.05,444.04,31.16,99.70,-1.000,-1,-1,-1
182,29,491.20,459.29,25.26,99.97,0.584,-1,-1,-1
182,30,570.14,457.78,44.65,117.31,0.623,-1,-1,-1
183,1,780.56,434.80,115.22,369.43,0.886,-1,-1,-1
183,5,579.19,425.73,204.28,491.91,0.883,-1,-1,-1
183,8,1154.52,443.25,40.99,104.40,0.600,-1,-1,-1
183,9,905.81,441.65,105.93,299.81,0.902,-1,-1,-1
183,19,508.88,455.56,34.73,103.37,0.603,-1,-1,-1
183,20,419.74,468.86,36.20,101.29,0.588,-1,-1,-1
183,22,1084.97,457.59,43.24,138.90,0.121,-1,-1,-1
183,24,548.95,454.32,23.17,67.49,0.152,-1,-1,-1
183,25,984.75,434.39,87.79,269.40,0.818,-1,-1,-1
183,26,464.80,462.55,33.88,112.45,0.217,-1,-1,-1
183,27,1156.82,444.76,30.99,99.16,-1.000,-1,-1,-1
183,29,491.16,459.34,25.34,100.16,0.602,-1,-1,-1
183,30,571.28,459.08,49.24,129.14,0.802,-1,-1,-1
184,1,782.38,434.48,114.72,369.42,0.879,-1,-1,-1
184,5,584.64,424.03,203.39,493.62,0.901,-1,-1,-1
184,8,1152.96,441.13,41.56,106.44,0.739,-1,-1,-1
184,9,910.24,441.93,104.79,300.81,0.886,-1,-1,-1
184,19,509.31,455.39,34.93,104.09,0.674,-1,-1,-1
184,20,420.10,469.10,35.63,100.69,0.540,-1,-1,-1
184,22,1087.03,449.95,45.27,146.43,0.240,-1,-1,-1
184,24,548.80,453.74,23.25,67.89,0.235,-1,-1,-1
184,25,987.29,434.53,88.06,269.64,0.793,-1,-1,-1
184,26,464.81,463.40,33.60,111.48,0.181,-1,-1,-1
184,27,1158.60,445.49,30.83,98.61,-1.000,-1,-1,-1
184,29,491.31,459.40,25.33,99.99,0.616,-1,-1,-1
184,30,570.60,458.79,52.79,138.31,0.790,-1,-1,-1
185,1,783.99,433.50,114.51,370.00,0.881,-1,-1,-1
185,5,588.91,422.89,201.91,493.94,0.890,-1,-1,-1
185,8,1151.89,442.04,41.24,105.92,0.587,-1,-1,-1
185,9,913.25,443.37,104.35,303.91,0.874,-1,-1,-1
185,19,509.44,455.24,35.04,104.57,0.685,-1,-1,-1
185,20,420.42,469.41,35.31,100.54,0.419,-1,-1,-1
185,22,1085.72,446.78,46.43,149.76,0.135,-1,-1,-1
185,24,548.42,452.88,23.52,68.76,0.367,-1,-1,-1
185,25,989.97,438.91,87.27,266.65,0.797,-1,-1,-1
185,26,464.60,463.85,33.42,110.75,0.304,-1,-1,-1
185,27,1160.37,446.21,30.67,98.06,-1.000,-1,-1,-1
185,29,491.52,459.29,25.18,99.38,0.518,-1,-1,-1
185,30,568.61,458.77,55.39,145.40,0.725,-1,-1,-1
186,1,786.38,434.31,113.96,369.32,0.884,-1,-1,-1
186,5,593.08,423.05,200.41,494.70,0.884,-1,-1,-1
186,8,1154.07,441.58,41.97,105.98,0.769,-1,-1,-1
186,9,917.20,444.02,104.16,307.55,0.874,-1,-1,-1
186,19,509.75,455.06,35.05,104.65,0.605,-1,-1,-1
186,20,420.59,470.32,34.66,99.62,0.530,-1,-1,-1
186,22,1085.10,444.01,47.36,152.52,0.168,-1,-1,-1
186,24,548.43,453.07,23.47,68.53,0.372,-1,-1,-1
186,25,991.17,437.23,87.55,268.29,0.811,-1,-1,-1
186,26,464.26,464.01,33.46,110.78,0.425,-1,-1,-1
186,27,1162.14,446.94,30.50,97.51,-1.000,-1,-1,-1
186,29,491.44,458.41,25.41,100.03,0.565,-1,-1,-1
186,30,566.09,459.07,57.24,150.80,0.694,-1,-1,-1
187,1,788.67,434.30,113.83,369.31,0.872,-1,-1,-1
187,5,596.61,422.44,199.14,495.90,0.871,-1,-1,-1
187,8,1155.43,442.13,42.73,105.43,0.798,-1,-1,-1
187,9,920.38,444.92,103.22,308.95,0.856,-1,-1,-1
187,19,509.90,454.76,34.88,104.52,0.611,-1,-1,-1
187,20,420.65,470.35,34.29,99.36,0.549,-1,-1,-1
187,22,1084.78,443.33,47.57,153.24,0.170,-1,-1,-1
187,24,548.76,453.46,23.29,67.75,0.503,-1,-1,-1
187,25,992.68,433.49,88.35,271.94,0.778,-1,-1,-1
187,26,463.92,463.25,33.68,111.49,0.461,-1,-1,-1
187,27,1163.92,447.66,30.34,96.97,-1.000,-1,-1,-1
187,29,491.83,458.24,25.60,100.55,0.610,-1,-1,-1
187,30,566.95,458.73,59.78,157.47,0.813,-1,-1,-1
188,1,790.88,433.59,113.94,370.10,0.875,-1,-1,-1
188,5,601.27,420.39,198.31,499.57,0.899,-1,-1,-1
188,8,1155.88,442.97,43.22,104.66,0.799,-1,-1,-1
188,9,926.56,444.79,101.67,306.65,0.872,-1,-1,-1
188,19,510.05,455.05,34.55,103.95,0.549,-1,-1,-1
188,20,420.92,469.45,34.32,100.36,0.544,-1,-1,-1
188,22,1089.21,439.88,47.56,155.62,0.468,-1,-1,-1
188,24,549.25,453.24,23.32,67.64,0.446,-1,-1,-1
188,25,996.06,432.84,87.97,272.69,0.810,-1,-1,-1
188,26,464.67,462.42,33.02,109.30,0.378,-1,-1,-1
188,27,1165.69,448.39,30.18,96.42,-1.000,-1,-1,-1
188,29,492.00,457.95,25.65,100.43,0.600,-1,-1,-1
188,30,566.64,457.60,62.01,163.65,0.819,-1,-1,-1
189,1,794.47,432.54,114.51,371.09,0.840,-1,-1,-1
189,5,604.95,418.44,198.33,506.38,0.909,-1,-1,-1
189,8,1156.11,442.35,44.08,105.11,0.736,-1,-1,-1
189,9,933.80,445.22,101.32,305.80,0.862,-1,-1,-1
189,19,510.38,455.64,34.12,103.11,0.544,-1,-1,-1
189,20,421.77,470.91,33.50,98.57,0.621,-1,-1,-1
189,22,1091.61,438.24,47.27,155.97,0.222,-1,-1,-1
189,24,549.88,453.36,23.15,67.06,0.374,-1,-1,-1
189,25,1000.27,432.48,87.38,273.10,0.835,-1,-1,-1
189,26,464.89,463.00,33.15,109.92,0.497,-1,-1,-1
189,27,1167.47,449.11,30.01,95.87,-1.000,-1,-1,-1
189,29,492.22,457.61,25.94,101.33,0.608,-1,-1,-1
189,30,565.70,456.34,62.49,165.57,0.794,-1,-1,-1
190,1,796.08,432.32,114.31,370.63,0.873,-1,-1,-1
190,5,607.17,417.31,198.89,514.37,0.899,-1,-1,-1
190,8,1156.44,443.65,43.99,103.86,0.451,-1,-1,-1
190,9,940.85,443.61,102.08,307.32,0.878,-1,-1,-1
190,19,511.13,455.46,34.26,103.79,0.577,-1,-1,-1
190,20,422.04,470.79,33.27,98.68,0.495,-1,-1,-1
190,22,1097.57,437.20,38.93,127.27,0.699,-1,-1,-1
190,24,550.24,453.24,23.19,66.77,0.467,-1,-1,-1
190,25,1003.78,432.42,86.77,273.08,0.835,-1,-1,-1
190,26,465.34,462.87,33.23,110.63,0.583,-1,-1,-1
190,27,1169.24,449.84,29.85,95.32,-1.000,-1,-1,-1
190,29,492.23,457.86,26.15,101.76,0.624,-1,-1,-1
190,30,564.60,455.37,62.07,165.33,0.830,-1,-1,-1
191,1,797.23,432.05,114.16,370.77,0.856,-1,-1,-1
191,5,609.75,417.53,199.40,522.62,0.901,-1,-1,-1
191,8,1155.67,441.85,45.04,105.69,0.349,-1,-1,-1
191,9,945.93,444.39,102.40,306.67,0.882,-1,-1,-1
191,19,510.96,455.56,33.99,103.16,0.433,-1,-1,-1
191,20,422.29,470.63,33.37,99.24,0.492,-1,-1,-1
191,22,1100.08,436.86,35.03,113.71,0.749,-1,-1,-1
191,24,550.41,453.76,23.05,66.21,0.139,-1,-1,-1
191,25,1006.83,431.42,86.39,273.61,0.805,-1,-1,-1
191,26,463.87,462.80,33.71,111.78,0.675,-1,-1,-1
191,27,1171.01,450.57,29.69,94.77,-1.000,-1,-1,-1
191,29,491.67,458.21,26.15,101.49,0.606,-1,-1,-1
191,30,564.70,454.57,62.06,165.55,0.829,-1,-1,-1
192,1,798.41,431.70,114.13,371.21,0.867,-1,-1,-1
192,5,612.38,418.01,199.83,530.69,0.895,-1,-1,-1
192,8,1148.61,441.35,45.01,106.78,0.696,-1,-1,-1
192,9,949.07,443.09,103.89,309.39,0.865,-1,-1,-1
192,19,511.02,455.21,34.18,103.83,0.412,-1,-1,-1
192,20,422.26,470.53,33.15,99.00,0.514,-1,-1,-1
192,22,1100.61,436.79,34.05,110.00,0.733,-1,-1,-1
192,24,550.18,454.12,23.02,65.88,0.171,-1,-1,-1
192,25,1008.27,431.24,86.01,274.03,0.799,-1,-1,-1
192,26,462.80,462.46,34.01,112.66,0.669,-1,-1,-1
192,27,1172.79,451.29,29.52,94.23,-1.000,-1,-1,-1
192,29,491.02,458.52,26.18,101.06,0.667,-1,-1,-1
192,30,564.11,455.05,61.58,164.54,0.838,-1,-1,-1
193,1,800.18,431.48,113.88,370.77,0.839,-1,-1,-1
193,5,616.04,417.71,200.48,538.04,0.822,-1,-1,-1
193,8,1145.43,440.66,44.96,107.71,0.735,-1,-1,-1
193,9,950.60,444.33,104.96,310.91,0.870,-1,-1,-1
193,19,510.93,455.28,34.03,103.39,0.423,-1,-1,-1
193,20,421.89,471.16,32.81,98.43,0.489,-1,-1,-1
193,22,1101.20,436.72,33.72,108.31,0.753,-1,-1,-1
193,24,550.03,454.08,23.25,66.19,0.223,-1,-1,-1
193,25,1010.91,433.00,85.32,272.46,0.764,-1,-1,-1
193,26,462.42,462.76,33.88,111.86,0.589,-1,-1,-1
193,27,1174.56,452.02,29.36,93.68,-1.000,-1,-1,-1
193,29,490.59,458.36,26.41,101.27,0.620,-1,-1,-1
193,30,564.01,455.31,61.22,163.94,0.823,-1,-1,-1
194,1,803.54,431.94,114.09,370.78,0.860,-1,-1,-1
194,5,619.81,418.03,200.14,542.97,0.850,-1,-1,-1
194,8,1142.96,442.15,43.85,106.38,0.746,-1,-1,-1
194,9,952.86,446.15,105.57,310.61,0.886,-1,-1,-1
194,19,510.87,455.46,33.88,102.92,0.401,-1,-1,-1
194,20,421.45,471.15,32.83,98.79,0.461,-1,-1,-1
194,22,1101.34,436.59,33.85,108.45,0.710,-1,-1,-1
194,24,550.05,452.90,23.76,67.31,0.275,-1,-1,-1
194,25,1013.92,431.63,85.50,274.69,0.646,-1,-1,-1
194,26,461.97,463.53,33.65,110.57,0.655,-1,-1,-1
194,27,1176.33,452.74,29.20,93.13,0.561,-1,-1,-1
194,29,490.43,458.67,26.50,101.18,0.637,-1,-1,-1
194,30,564.69,454.58,61.26,164.18,0.845,-1,-1,-1
195,1,809.87,431.98,115.01,370.62,0.878,-1,-1,-1
195,5,625.18,417.12,198.80,542.87,0.742,-1,-1,-1
195,8,1141.80,442.37,43.42,106.26,0.681,-1,-1,-1
195,9,954.41,449.33,106.33,310.32,0.891,-1,-1,-1
195,19,511.63,455.44,34.00,103.36,0.420,-1,-1,-1
195,20,421.63,471.03,32.69,98.90,0.492,-1,-1,-1
195,22,1101.41,436.53,34.05,108.78,0.729,-1,-1,-1
195,24,550.06,452.24,24.05,67.58,0.326,-1,-1,-1
195,25,1017.79,431.00,86.39,279.01,0.742,-1,-1,-1
195,26,461.30,463.30,33.83,110.74,0.656,-1,-1,-1
195,27,1179.46,457.01,27.89,89.59,0.570,-1,-1,-1
195,29,489.89,458.53,26.72,101.58,0.656,-1,-1,-1
195,30,564.39,453.50,61.42,165.13,0.834,-1,-1,-1
196,1,816.19,432.48,116.61,370.93,0.892,-1,-1,-1
196,5,628.17,416.85,198.04,546.64,0.818,-1,-1,-1
196,8,1140.42,443.74,42.42,105.04,0.691,-1,-1,-1
196,9,954.99,448.43,107.71,312.71,0.870,-1,-1,-1
196,19,511.73,455.11,33.71,102.54,0.302,-1,-1,-1
196,20,421.17,470.61,32.76,99.39,0.395,-1,-1,-1
196,22,1101.49,436.49,34.06,108.44,0.546,-1,-1,-1
196,24,549.74,452.64,24.07,67.13,0.376,-1,-1,-1
196,25,1022.44,430.98,86.90,281.45,0.804,-1,-1,-1
196,26,460.92,462.93,34.03,110.87,0.671,-1,-1,-1
196,27,1180.35,458.04,27.66,88.45,0.442,-1,-1,-1
196,29,489.32,458.56,26.96,101.90,0.679,-1,-1,-1
196,30,565.89,453.75,61.29,164.46,0.822,-1,-1,-1
197,1,821.88,432.85,118.75,371.57,0.897,-1,-1,-1
197,5,630.62,418.31,195.72,547.20,0.840,-1,-1,-1
197,8,1139.79,444.95,41.44,103.97,0.732,-1,-1,-1
197,9,956.49,448.98,108.25,312.94,0.878,-1,-1,-1
197,19,512.05,455.18,33.92,103.30,0.404,-1,-1,-1
197,20,420.98,470.44,32.76,99.79,0.334,-1,-1,-1
197,22,1101.55,436.66,34.57,109.99,0.611,-1,-1,-1
197,24,549.36,453.11,23.95,66.52,0.390,-1,-1,-1
197,25,1028.21,430.66,87.71,282.81,0.829,-1,-1,-1
197,26,460.19,460.49,34.83,113.32,0.583,-1,-1,-1
197,27,1181.67,454.74,28.85,91.52,0.672,-1,-1,-1
197,29,488.81,458.09,27.32,102.55,0.700,-1,-1,-1
197,30,566.63,453.33,61.27,164.46,0.799,-1,-1,-1
198,1,827.48,433.62,121.24,371.44,0.905,-1,-1,-1
198,5,634.05,418.12,193.34,547.21,0.841,-1,-1,-1
198,8,1139.50,447.19,40.04,101.82,0.742,-1,-1,-1
198,9,958.16,447.29,108.94,315.40,0.888,-1,-1,-1
198,19,512.87,455.27,34.04,103.62,0.385,-1,-1,-1
198,20,421.32,470.39,32.83,100.25,0.286,-1,-1,-1
198,22,1101.95,436.46,34.42,109.36,0.693,-1,-1,-1
198,24,549.07,453.55,23.66,65.79,0.142,-1,-1,-1
198,25,1034.34,431.50,88.24,283.00,0.841,-1,-1,-1
198,26,460.33,461.98,34.53,111.88,0.656,-1,-1,-1
198,27,1182.38,453.22,29.06,92.93,0.639,-1,-1,-1
198,29,489.11,458.29,27.36,102.51,0.649,-1,-1,-1
198,30,568.11,454.39,60.98,163.41,0.839,-1,-1,-1
199,1,831.39,433.97,124.47,372.24,0.908,-1,-1,-1
199,5,639.17,418.75,190.44,544.79,0.835,-1,-1,-1
199,8,1139.13,447.10,39.61,102.07,0.784,-1,-1,-1
199,9,960.05,445.89,108.83,316.42,0.890,-1,-1,-1
199,19,513.27,455.40,32.61,98.95,0.304,-1,-1,-1
199,20,421.85,471.17,32.50,99.52,0.276,-1,-1,-1
199,22,1102.58,436.20,34.43,109.38,0.690,-1,-1,-1
199,25,1038.97,431.88,89.13,284.26,0.841,-1,-1,-1
199,26,460.07,462.98,34.45,111.19,0.724,-1,-1,-1
199,27,1183.45,452.38,29.46,93.74,0.492,-1,-1,-1
199,29,488.83,458.73,27.38,102.13,0.713,-1,-1,-1
199,30,569.18,452.64,61.67,165.00,0.829,-1,-1,-1
200,1,833.37,434.90,127.40,372.49,0.907,-1,-1,-1
200,5,643.45,420.35,188.47,543.09,0.843,-1,-1,-1
200,8,1138.54,447.00,39.03,102.11,0.782,-1,-1,-1
200,9,963.53,444.88,108.28,317.14,0.885,-1,-1,-1
200,19,512.12,455.47,33.44,101.34,0.346,-1,-1,-1
200,20,421.70,471.19,32.17,98.96,0.380,-1,-1,-1
200,22,1102.80,436.49,34.04,108.19,0.690,-1,-1,-1
200,25,1042.81,431.90,89.80,285.34,0.846,-1,-1,-1
200,26,458.71,463.52,34.18,110.56,0.600,-1,-1,-1
200,27,1184.12,451.25,30.02,95.05,0.566,-1,-1,-1
200,29,488.10,458.77,27.58,102.03,0.752,-1,-1,-1
200,30,570.21,452.87,61.89,165.14,0.845,-1,-1,-1
201,1,836.30,435.70,129.65,373.67,0.894,-1,-1,-1
201,5,649.69,421.98,187.31,543.50,0.858,-1,-1,-1
201,8,1136.86,447.46,38.51,101.59,0.766,-1,-1,-1
201,9,969.28,443.03,108.00,319.57,0.836,-1,-1,-1
201,19,512.87,455.42,33.79,102.88,0.506,-1,-1,-1
201,20,422.03,471.46,31.73,97.90,0.350,-1,-1,-1
201,22,1102.91,436.77,33.51,106.41,0.485,-1,-1,-1
201,25,1045.03,432.45,90.60,287.05,0.848,-1,-1,-1
201,26,457.86,464.00,33.96,110.01,0.645,-1,-1,-1
201,27,1184.96,449.81,30.74,96.68,0.608,-1,-1,-1
201,29,487.14,458.28,27.90,102.16,0.777,-1,-1,-1
201,30,571.91,451.73,62.64,166.09,0.833,-1,-1,-1
202,1,837.40,436.37,131.87,375.34,0.903,-1,-1,-1
202,5,656.21,420.82,187.29,548.47,0.861,-1,-1,-1
202,8,1135.57,447.28,38.32,101.88,0.766,-1,-1,-1
202,9,975.63,441.55,106.82,321.33,0.872,-1,-1,-1
202,19,513.07,455.48,33.96,103.63,0.484,-1,-1,-1
202,20,422.42,472.74,31.09,95.98,0.236,-1,-1,-1
202,22,1105.19,437.32,30.45,96.22,0.184,-1,-1,-1
202,25,1047.86,432.96,90.56,287.30,0.832,-1,-1,-1
202,26,456.76,464.20,33.56,108.89,0.614,-1,-1,-1
202,27,1185.89,449.40,31.18,97.01,0.646,-1,-1,-1
202,29,486.59,457.94,28.22,102.31,0.746,-1,-1,-1
202,30,574.14,452.44,62.80,165.10,0.872,-1,-1,-1
203,1,837.08,435.55,134.11,377.80,0.901,-1,-1,-1
203,5,657.84,420.32,188.01,553.23,0.868,-1,-1,-1
203,8,1134.62,446.63,38.15,102.49,0.756,-1,-1,-1
203,9,980.39,441.48,105.20,321.36,0.873,-1,-1,-1
203,19,512.29,455.03,33.71,102.91,0.265,-1,-1,-1
203,20,421.93,472.56,31.13,96.01,0.211,-1,-1,-1
203,22,1106.65,437.58,29.71,93.91,0.100,-1,-1,-1
203,25,1051.42,433.01,90.54,288.12,0.837,-1,-1,-1
203,26,455.92,464.52,33.51,108.53,0.398,-1,-1,-1
203,27,1186.12,446.91,32.19,99.74,0.707,-1,-1,-1
203,29,485.84,457.52,28.45,102.30,0.726,-1,-1,-1
203,30,575.70,453.88,63.08,164.48,0.885,-1,-1,-1
204,1,836.49,434.37,135.93,379.44,0.903,-1,-1,-1
204,5,659.12,420.32,188.59,557.39,0.877,-1,-1,-1
204,8,1133.91,446.35,37.82,102.69,0.757,-1,-1,-1
204,9,985.37,442.69,103.42,319.89,0.863,-1,-1,-1
204,19,511.40,455.07,33.49,102.33,0.205,-1,-1,-1
204,20,420.56,471.81,31.76,97.53,0.176,-1,-1,-1
204,22,1109.41,437.72,27.42,86.86,0.192,-1,-1,-1
204,25,1054.73,433.73,90.14,287.80,0.844,-1,-1,-1
204,26,455.49,464.35,34.01,110.02,0.632,-1,-1,-1
204,27,1186.52,445.63,32.95,101.18,0.786,-1,-1,-1
204,29,485.38,457.38,28.83,102.72,0.742,-1,-1,-1
204,30,576.38,454.87,63.38,164.58,0.852,-1,-1,-1
205,1,836.39,432.44,137.63,381.48,0.907,-1,-1,-1
205,5,660.11,418.51,189.35,563.34,0.884,-1,-1,-1
205,8,1133.56,446.23,37.36,102.51,0.702,-1,-1,-1
205,9,989.98,444.16,101.56,318.23,0.845,-1,-1,-1
205,19,511.76,455.02,32.69,99.73,0.198,-1,-1,-1
205,20,419.06,470.13,32.64,99.46,0.330,-1,-1,-1
205,22,1112.47,440.49,24.81,78.68,0.101,-1,-1,-1
205,25,1058.29,432.30,89.92,288.93,0.851,-1,-1,-1
205,26,454.42,464.58,34.08,109.96,0.490,-1,-1,-1
205,27,1188.15,446.74,32.91,100.23,0.673,-1,-1,-1
205,29,485.30,457.13,29.12,103.00,0.724,-1,-1,-1
205,30,577.02,456.77,62.95,163.18,0.836,-1,-1,-1
206,1,836.70,430.83,139.00,382.99,0.902,-1,-1,-1
206,5,660.28,418.34,190.34,570.39,0.884,-1,-1,-1
206,8,1133.57,447.12,36.61,101.22,0.660,-1,-1,-1
206,9,995.91,442.50,101.27,319.69,0.848,-1,-1,-1
206,19,513.42,455.60,33.14,101.85,0.308,-1,-1,-1
206,20,418.45,469.61,33.13,100.28,0.335,-1,-1,-1
206,25,1062.10,431.69,89.52,289.83,0.838,-1,-1,-1
206,26,453.75,464.66,34.24,110.22,0.587,-1,-1,-1
206,27,1189.47,445.78,33.36,101.27,0.752,-1,-1,-1
206,29,485.47,457.04,29.37,103.02,0.738,-1,-1,-1
206,30,579.68,458.10,62.25,162.19,0.815,-1,-1,-1
207,1,837.37,430.45,139.86,383.44,0.896,-1,-1,-1
207,5,666.70,418.76,189.02,571.98,0.888,-1,-1,-1
207,8,1133.88,447.83,36.11,100.46,0.631,-1,-1,-1
207,9,1005.01,443.81,101.08,318.23,0.871,-1,-1,-1
207,19,513.72,455.59,33.47,103.88,0.668,-1,-1,-1
207,20,418.68,469.39,33.47,100.95,0.220,-1,-1,-1
207,25,1066.56,431.70,88.81,290.23,0.850,-1,-1,-1
207,26,453.12,464.69,34.54,110.87,0.630,-1,-1,-1
207,27,1191.32,445.57,33.48,101.64,0.736,-1,-1,-1
207,29,485.70,456.70,29.58,102.93,0.718,-1,-1,-1
207,30,581.36,456.52,62.47,163.80,0.806,-1,-1,-1
208,1,839.24,430.38,140.49,383.00,0.893,-1,-1,-1
208,5,670.55,416.96,188.00,575.35,0.887,-1,-1,-1
208,8,1133.48,448.42,35.64,99.50,0.647,-1,-1,-1
208,9,1015.54,445.77,102.32,316.87,0.874,-1,-1,-1
208,19,513.49,455.48,33.58,104.87,0.676,-1,-1,-1
208,20,418.97,469.24,32.64,98.05,0.125,-1,-1,-1
208,25,1070.00,432.13,88.13,290.53,0.784,-1,-1,-1
208,26,452.23,465.12,34.53,110.70,0.603,-1,-1,-1
208,27,1192.57,445.68,33.44,101.51,0.784,-1,-1,-1
208,29,485.03,456.36,29.64,102.79,0.709,-1,-1,-1
208,30,582.72,452.52,64.05,168.22,0.781,-1,-1,-1
209,1,841.80,431.48,140.54,381.83,0.889,-1,-1,-1
209,5,672.87,414.56,187.15,579.09,0.890,-1,-1,-1
209,8,1133.83,448.87,35.38,99.40,0.562,-1,-1,-1
209,9,1026.47,446.13,105.17,316.71,0.892,-1,-1,-1
209,19,513.89,455.54,33.44,105.19,0.691,-1,-1,-1
209,20,421.86,469.71,31.78,95.13,0.115,-1,-1,-1
209,25,1074.68,430.87,87.48,290.85,0.746,-1,-1,-1
209,26,451.09,465.13,34.51,110.81,0.608,-1,-1,-1
209,27,1193.27,446.22,33.40,101.15,0.774,-1,-1,-1
209,29,484.76,456.59,29.80,102.78,0.730,-1,-1,-1
209,30,584.51,449.67,65.22,171.06,0.820,-1,-1,-1
210,1,843.85,429.80,141.19,383.61,0.898,-1,-1,-1
210,5,674.88,412.46,186.03,581.12,0.886,-1,-1,-1
210,8,1135.17,449.32,33.05,93.11,0.214,-1,-1,-1
210,9,1033.45,445.98,108.76,317.43,0.914,-1,-1,-1
210,19,513.17,455.53,33.37,105.38,0.670,-1,-1,-1
210,20,420.93,469.75,31.83,95.07,0.154,-1,-1,-1
210,25,1079.39,430.29,86.85,289.61,0.495,-1,-1,-1
210,26,448.95,465.50,34.23,110.15,0.478,-1,-1,-1
210,27,1193.87,447.62,33.28,99.82,0.772,-1,-1,-1
210,29,483.28,456.29,30.37,104.26,0.713,-1,-1,-1
210,30,584.75,446.52,66.34,174.54,0.798,-1,-1,-1
211,1,846.97,429.45,140.95,383.79,0.887,-1,-1,-1
211,5,676.94,411.78,185.11,582.14,0.881,-1,-1,-1
211,8,1137.49,449.80,30.76,87.04,0.381,-1,-1,-1
211,9,1040.21,446.90,112.55,316.50,0.889,-1,-1,-1
211,19,513.01,455.38,33.33,105.65,0.723,-1,-1,-1
211,20,422.23,470.39,31.22,92.70,0.152,-1,-1,-1
211,25,1085.38,430.12,84.27,280.66,0.304,-1,-1,-1
211,26,448.23,465.32,34.29,110.85,0.605,-1,-1,-1
211,27,1195.52,448.41,33.17,98.97,0.751,-1,-1,-1
211,29,482.55,456.26,30.57,104.41,0.710,-1,-1,-1
211,30,585.07,446.73,65.73,174.56,0.821,-1,-1,-1
212,1,853.02,430.14,140.21,381.84,0.878,-1,-1,-1
212,5,681.48,410.09,184.06,583.61,0.877,-1,-1,-1
212,9,1043.28,446.77,116.69,317.23,0.878,-1,-1,-1
212,19,513.09,455.24,33.33,105.88,0.735,-1,-1,-1
212,20,422.21,470.36,31.35,93.00,0.170,-1,-1,-1
212,25,1091.33,430.35,82.84,276.46,0.363,-1,-1,-1
212,26,447.75,465.01,34.28,110.68,0.611,-1,-1,-1
212,27,1197.14,448.13,33.34,99.34,0.710,-1,-1,-1
212,29,481.99,456.35,30.60,104.21,0.738,-1,-1,-1
212,30,586.05,450.50,63.78,171.00,0.818,-1,-1,-1
212,31,1019.50,445.80,33.75,80.16,0.684,-1,-1,-1
213,1,860.27,430.51,140.42,382.79,0.782,-1,-1,-1
213,5,686.57,410.89,182.56,583.00,0.876,-1,-1,-1
213,9,1042.77,447.33,121.32,319.63,0.898,-1,-1,-1
213,19,512.97,455.28,33.38,106.03,0.763,-1,-1,-1
213,20,421.42,470.51,31.59,93.92,0.244,-1,-1,-1
213,25,1096.25,429.95,83.84,282.19,0.767,-1,-1,-1
213,26,447.17,464.96,34.16,109.83,0.605,-1,-1,-1
213,27,1198.59,447.75,33.25,99.03,0.736,-1,-1,-1
213,29,481.50,456.41,30.67,104.07,0.735,-1,-1,-1
213,30,588.01,449.91,63.69,171.60,0.819,-1,-1,-1
213,31,1021.86,446.48,34.28,81.17,0.712,-1,-1,-1
214,1,865.59,429.52,139.22,383.38,0.883,-1,-1,-1
214,5,690.66,411.51,181.50,583.25,0.881,-1,-1,-1
214,9,1042.22,446.92,125.22,321.53,0.880,-1,-1,-1
214,19,512.89,455.23,33.43,106.18,0.770,-1,-1,-1
214,20,421.62,470.55,31.10,92.32,0.147,-1,-1,-1
214,25,1100.08,429.58,84.09,283.45,0.223,-1,-1,-1
214,26,446.79,465.50,32.86,104.32,0.596,-1,-1,-1
214,27,1199.35,447.81,33.10,98.31,0.731,-1,-1,-1
214,29,480.81,456.48,30.80,104.16,0.721,-1,-1,-1
214,30,589.63,449.74,63.33,171.57,0.812,-1,-1,-1
214,31,1025.53,446.42,35.29,83.35,0.684,-1,-1,-1
215,1,869.93,429.05,138.84,385.81,0.858,-1,-1,-1
215,5,693.16,411.31,180.37,582.92,0.877,-1,-1,-1
215,9,1039.75,447.04,129.23,323.16,0.892,-1,-1,-1
215,19,512.39,455.18,33.49,106.14,0.787,-1,-1,-1
215,20,421.23,470.82,31.08,92.20,0.107,-1,-1,-1
215,25,1108.50,432.75,84.15,283.19,0.443,-1,-1,-1
215,26,445.59,465.69,32.82,102.84,0.592,-1,-1,-1
215,27,1200.09,447.54,33.10,98.39,0.674,-1,-1,-1
215,29,480.88,457.00,31.04,104.49,0.765,-1,-1,-1
215,30,590.26,447.59,63.81,174.42,0.810,-1,-1,-1
215,31,1029.18,444.96,36.29,85.46,0.420,-1,-1,-1
215,32,567.37,460.57,22.65,63.45,0.649,-1,-1,-1
216,1,874.27,428.86,138.27,387.84,0.864,-1,-1,-1
216,5,695.91,410.66,179.58,583.17,0.877,-1,-1,-1
216,9,1040.00,446.36,132.39,324.71,0.879,-1,-1,-1
216,19,511.65,455.01,33.68,106.13,0.794,-1,-1,-1
216,20,420.70,471.08,31.57,93.75,0.143,-1,-1,-1
216,25,1118.10,430.87,86.85,289.60,0.669,-1,-1,-1
216,26,444.13,465.48,34.30,106.42,0.680,-1,-1,-1
216,27,1202.12,447.52,33.22,99.16,0.732,-1,-1,-1
216,29,481.01,456.86,31.10,104.42,0.736,-1,-1,-1
216,30,591.36,447.67,63.63,175.35,0.794,-1,-1,-1
216,31,1032.45,445.00,36.91,86.52,0.591,-1,-1,-1
216,32,567.65,460.15,22.86,64.02,0.686,-1,-1,-1
217,1,877.88,428.59,138.41,391.18,0.874,-1,-1,-1
217,5,697.37,410.27,179.02,583.39,0.867,-1,-1,-1
217,9,1040.53,446.30,134.90,325.08,0.892,-1,-1,-1
217,19,511.42,454.89,33.85,106.06,0.790,-1,-1,-1
217,20,421.58,467.47,33.56,100.21,0.127,-1,-1,-1
217,25,1126.17,430.22,88.47,292.83,0.448,-1,-1,-1
217,26,443.31,465.27,35.16,108.17,0.639,-1,-1,-1
217,27,1203.67,447.97,33.02,99.17,0.724,-1,-1,-1
217,29,480.87,456.70,31.08,104.33,0.714,-1,-1,-1
217,30,591.48,446.33,63.67,177.55,0.800,-1,-1,-1
217,31,1036.12,442.97,35.84,83.37,0.593,-1,-1,-1
217,32,567.70,460.10,22.85,63.96,0.674,-1,-1,-1
218,1,880.73,427.85,138.25,393.45,0.854,-1,-1,-1
218,5,701.94,409.34,179.47,582.96,0.895,-1,-1,-1
218,9,1042.42,445.48,136.84,325.76,0.901,-1,-1,-1
218,19,511.22,455.14,33.86,105.86,0.764,-1,-1,-1
218,20,421.25,466.79,33.94,101.75,0.417,-1,-1,-1
218,25,1131.98,429.72,90.19,294.63,0.606,-1,-1,-1
218,26,444.22,465.64,34.51,105.66,0.515,-1,-1,-1
218,27,1205.40,448.02,32.97,99.35,0.723,-1,-1,-1
218,29,481.06,457.08,31.00,104.05,0.717,-1,-1,-1
218,30,593.06,448.49,62.53,175.67,0.776,-1,-1,-1
218,31,1040.26,441.93,35.05,80.50,0.656,-1,-1,-1
218,32,567.57,459.72,23.00,64.40,0.658,-1,-1,-1
219,1,882.91,428.29,138.10,397.89,0.886,-1,-1,-1
219,5,707.35,407.85,179.88,584.29,0.887,-1,-1,-1
219,9,1045.00,444.85,137.95,326.21,0.895,-1,-1,-1
219,19,511.11,455.26,33.88,105.70,0.792,-1,-1,-1
219,20,421.09,466.17,33.99,102.30,0.101,-1,-1,-1
219,25,1140.50,429.64,91.15,296.15,0.683,-1,-1,-1
219,26,443.99,464.06,34.59,105.49,0.113,-1,-1,-1
219,27,1209.34,448.22,32.99,99.20,0.727,-1,-1,-1
219,29,480.83,457.02,31.01,104.02,0.709,-1,-1,-1
219,30,593.34,445.95,63.13,178.86,0.787,-1,-1,-1
219,31,1043.89,441.31,33.63,76.54,0.305,-1,-1,-1
219,32,567.89,459.67,22.90,64.23,0.646,-1,-1,-1
220,1,884.91,428.80,137.82,401.67,0.884,-1,-1,-1
220,5,713.70,407.22,180.38,584.33,0.881,-1,-1,-1
220,9,1049.28,445.09,138.13,326.34,0.894,-1,-1,-1
220,19,511.11,455.24,33.91,105.57,0.757,-1,-1,-1
220,20,419.98,466.15,34.22,103.68,0.281,-1,-1,-1
220,25,1146.79,429.83,92.12,298.77,0.801,-1,-1,-1
220,26,443.70,464.90,35.31,107.38,0.499,-1,-1,-1
220,27,1211.56,448.19,33.28,99.51,0.739,-1,-1,-1
220,29,480.28,456.91,30.89,103.47,0.675,-1,-1,-1
220,30,595.70,447.62,62.82,178.05,0.754,-1,-1,-1
220,31,1046.89,441.34,32.77,73.75,0.326,-1,-1,-1
220,32,568.11,459.70,22.77,63.98,0.648,-1,-1,-1
221,1,886.39,429.46,137.54,405.39,0.886,-1,-1,-1
221,5,722.92,406.41,182.67,585.53,0.884,-1,-1,-1
221,9,1053.24,443.97,138.28,327.68,0.888,-1,-1,-1
221,19,510.48,455.16,34.02,105.48,0.762,-1,-1,-1
221,20,419.36,465.76,34.27,104.44,0.274,-1,-1,-1
221,25,1151.42,430.66,92.21,299.45,0.479,-1,-1,-1
221,26,442.60,464.86,36.09,108.98,0.557,-1,-1,-1
221,27,1215.04,448.15,33.98,99.76,0.776,-1,-1,-1
221,29,480.39,457.48,30.82,103.43,0.689,-1,-1,-1
221,30,597.93,448.85,62.36,177.04,0.744,-1,-1,-1
221,31,1048.58,441.46,31.35,69.94,0.224,-1,-1,-1
221,32,568.52,459.71,22.60,63.61,0.628,-1,-1,-1
222,1,889.00,430.03,136.53,405.93,0.898,-1,-1,-1
222,5,731.16,405.57,185.91,586.28,0.873,-1,-1,-1
222,9,1058.87,441.14,137.98,330.33,0.848,-1,-1,-1
222,19,510.04,454.74,34.23,105.71,0.734,-1,-1,-1
222,20,418.98,465.76,34.41,105.70,0.171,-1,-1,-1
222,25,1153.92,430.56,92.11,300.92,0.700,-1,-1,-1
222,26,442.34,465.19,35.90,107.84,0.416,-1,-1,-1
222,27,1217.12,448.20,34.45,99.46,0.753,-1,-1,-1
222,29,480.01,457.51,30.88,103.76,0.716,-1,-1,-1
222,30,599.06,453.22,60.49,173.07,0.806,-1,-1,-1
222,31,1051.06,442.58,29.38,64.68,0.219,-1,-1,-1
222,32,568.69,458.56,22.96,64.92,0.639,-1,-1,-1
223,1,891.37,430.58,135.92,406.61,0.881,-1,-1,-1
223,5,738.27,405.12,190.91,587.09,0.880,-1,-1,-1
223,9,1066.82,441.49,135.70,330.64,0.891,-1,-1,-1
223,19,510.29,454.88,34.33,105.65,0.765,-1,-1,-1
223,20,418.36,465.25,34.73,107.82,0.324,-1,-1,-1
223,25,1157.69,430.59,91.41,301.20,0.648,-1,-1,-1
223,26,440.65,464.08,37.20,110.21,0.609,-1,-1,-1
223,27,1219.61,448.30,35.12,99.67,0.710,-1,-1,-1
223,29,479.98,457.71,30.63,103.05,0.733,-1,-1,-1
223,30,601.43,454.85,59.57,171.30,0.825,-1,-1,-1
223,32,568.94,458.02,22.77,64.67,0.627,-1,-1,-1
224,1,893.63,431.12,135.35,408.36,0.875,-1,-1,-1
224,5,744.62,404.13,196.46,587.32,0.873,-1,-1,-1
224,9,1074.84,439.75,133.76,332.69,0.841,-1,-1,-1
224,19,510.68,454.92,34.44,105.63,0.763,-1,-1,-1
224,20,418.44,465.07,34.69,108.55,0.192,-1,-1,-1
224,25,1160.60,429.47,90.73,303.62,0.724,-1,-1,-1
224,26,438.63,463.66,37.92,110.55,0.564,-1,-1,-1
224,27,1222.49,448.21,35.79,99.88,0.762,-1,-1,-1
224,29,480.06,457.54,30.86,103.90,0.724,-1,-1,-1
224,30,602.44,455.13,59.19,171.66,0.824,-1,-1,-1
224,32,569.47,456.38,23.21,66.25,0.622,-1,-1,-1
225,1,895.51,431.06,135.83,412.81,0.858,-1,-1,-1
225,5,754.53,405.21,201.99,587.63,0.908,-1,-1,-1
225,9,1082.30,439.49,131.06,333.57,0.856,-1,-1,-1
225,19,510.99,454.86,34.52,105.73,0.750,-1,-1,-1
225,20,418.75,464.52,35.13,110.45,0.293,-1,-1,-1
225,25,1163.56,427.78,89.56,304.47,0.696,-1,-1,-1
225,26,434.90,463.45,38.79,111.51,0.407,-1,-1,-1
225,27,1223.98,448.34,36.09,99.74,0.765,-1,-1,-1
225,29,479.79,457.99,30.75,103.63,0.704,-1,-1,-1
225,30,604.35,455.34,59.33,172.49,0.796,-1,-1,-1
225,32,569.82,456.60,22.86,65.38,0.607,-1,-1,-1
226,1,897.89,430.87,135.93,415.43,0.881,-1,-1,-1
226,5,762.79,406.02,208.30,587.08,0.918,-1,-1,-1
226,9,1088.31,437.71,130.32,339.22,0.858,-1,-1,-1
226,19,510.24,455.01,34.49,105.38,0.685,-1,-1,-1
226,25,1166.23,427.84,87.37,303.76,0.764,-1,-1,-1
226,26,430.66,463.13,39.69,112.42,0.672,-1,-1,-1
226,27,1225.57,448.63,36.12,99.47,0.620,-1,-1,-1
226,29,479.09,458.14,30.86,103.90,0.725,-1,-1,-1
226,30,605.76,455.59,59.30,172.92,0.791,-1,-1,-1
226,32,568.53,456.64,22.67,64.86,0.551,-1,-1,-1
227,1,901.38,430.59,135.12,415.89,0.860,-1,-1,-1
227,5,769.48,405.50,215.57,587.29,0.932,-1,-1,-1
227,9,1094.20,438.59,128.12,340.37,0.846,-1,-1,-1
227,19,509.08,454.89,34.55,105.34,0.705,-1,-1,-1
227,25,1169.52,427.65,85.28,303.82,0.807,-1,-1,-1
227,26,428.51,463.66,40.28,112.43,0.685,-1,-1,-1
227,27,1226.81,448.58,36.12,99.38,0.512,-1,-1,-1
227,29,478.46,457.99,30.91,104.30,0.726,-1,-1,-1
227,30,605.68,454.41,59.03,174.24,0.816,-1,-1,-1
227,32,567.65,457.06,22.46,64.30,0.552,-1,-1,-1
228,1,904.14,429.51,134.97,418.52,0.873,-1,-1,-1
228,5,773.25,405.16,222.61,587.95,0.929,-1,-1,-1
228,9,1098.58,438.99,126.72,344.01,0.857,-1,-1,-1
228,19,508.45,454.56,34.82,105.74,0.738,-1,-1,-1
228,25,1173.64,426.93,83.86,304.35,0.813,-1,-1,-1
228,26,427.77,464.11,41.13,112.34,0.772,-1,-1,-1
228,27,1228.26,448.34,36.24,99.90,0.440,-1,-1,-1
228,29,478.41,457.96,30.95,104.41,0.747,-1,-1,-1
228,30,606.15,451.65,59.42,177.20,0.791,-1,-1,-1
228,32,567.20,457.44,22.31,63.84,0.503,-1,-1,-1
229,1,905.88,428.43,134.20,418.83,0.854,-1,-1,-1
229,5,777.91,406.21,229.59,588.38,0.920,-1,-1,-1
229,9,1105.09,438.92,125.99,347.64,0.837,-1,-1,-1
229,19,508.78,454.73,34.76,105.36,0.740,-1,-1,-1
229,25,1179.05,424.73,82.95,305.86,0.751,-1,-1,-1
229,26,427.61,464.63,42.02,112.09,0.785,-1,-1,-1
229,27,1230.15,448.07,36.34,100.23,0.358,-1,-1,-1
229,29,478.41,457.98,30.95,104.62,0.736,-1,-1,-1
229,30,607.10,451.00,59.22,178.11,0.789,-1,-1,-1
229,32,567.43,457.63,22.31,63.76,0.534,-1,-1,-1
230,1,907.35,427.14,133.68,419.75,0.856,-1,-1,-1
230,5,777.94,405.62,234.41,588.61,0.883,-1,-1,-1
230,9,1114.99,440.96,124.88,348.51,0.893,-1,-1,-1
230,19,508.99,454.46,34.82,105.48,0.726,-1,-1,-1
230,25,1186.48,423.79,82.48,306.51,0.699,-1,-1,-1
230,26,427.59,464.17,42.67,112.64,0.804,-1,-1,-1
230,29,478.41,458.05,30.84,104.35,0.731,-1,-1,-1
230,30,608.91,449.74,59.46,179.61,0.773,-1,-1,-1
230,32,567.85,457.99,22.33,63.73,0.512,-1,-1,-1
230,33,747.38,435.87,76.01,152.15,0.736,-1,-1,-1
230,34,589.21,454.70,21.63,67.58,0.514,-1,-1,-1
231,1,908.75,426.37,133.30,420.85,0.840,-1,-1,-1
231,5,778.71,406.18,238.58,588.93,0.880,-1,-1,-1
231,9,1124.82,441.30,124.47,348.66,0.877,-1,-1,-1
231,19,509.41,454.39,34.86,105.46,0.733,-1,-1,-1
231,25,1192.44,423.60,82.58,308.55,0.451,-1,-1,-1
231,26,426.87,464.22,43.24,112.60,0.826,-1,-1,-1
231,29,478.05,458.08,30.83,104.12,0.738,-1,-1,-1
231,30,611.65,450.80,59.17,178.58,0.799,-1,-1,-1
231,32,568.60,458.53,22.26,63.49,0.574,-1,-1,-1
231,33,749.69,435.55,78.39,156.83,0.709,-1,-1,-1
231,34,589.19,454.02,21.75,67.96,0.603,-1,-1,-1
232,1,910.85,425.94,132.76,421.16,0.839,-1,-1,-1
232,5,781.10,406.80,241.04,587.43,0.895,-1,-1,-1
232,9,1133.38,440.62,125.68,350.04,0.880,-1,-1,-1
232,19,509.59,454.39,34.91,105.40,0.698,-1,-1,-1
232,25,1196.78,423.23,83.37,313.74,0.426,-1,-1,-1
232,26,426.01,464.12,43.70,113.09,0.791,-1,-1,-1
232,29,478.24,458.15,30.80,103.95,0.708,-1,-1,-1
232,30,613.77,450.39,59.17,179.30,0.806,-1,-1,-1
232,32,568.88,458.93,22.18,63.06,0.541,-1,-1,-1
232,33,751.37,435.47,81.88,163.71,0.656,-1,-1,-1
232,34,589.33,453.05,22.05,68.96,0.663,-1,-1,-1
233,1,914.68,426.84,131.88,419.56,0.846,-1,-1,-1
233,5,784.45,407.04,243.31,587.21,0.895,-1,-1,-1
233,9,1137.63,441.64,126.67,350.40,0.894,-1,-1,-1
233,19,509.56,454.35,34.97,105.43,0.632,-1,-1,-1
233,25,1201.76,423.20,82.79,313.96,0.490,-1,-1,-1
233,26,425.10,464.17,43.92,113.06,0.810,-1,-1,-1
233,29,478.39,458.23,30.86,103.71,0.710,-1,-1,-1
233,30,616.59,449.33,59.14,180.27,0.823,-1,-1,-1
233,32,569.50,459.03,22.17,63.02,0.500,-1,-1,-1
233,33,753.95,435.20,84.42,168.58,0.573,-1,-1,-1
233,34,589.57,452.57,22.18,69.51,0.619,-1,-1,-1
234,1,919.09,427.46,131.47,418.91,0.861,-1,-1,-1
234,5,789.85,407.83,244.65,587.51,0.885,-1,-1,-1
234,9,1140.04,442.61,128.06,352.02,0.887,-1,-1,-1
234,19,509.57,454.41,35.11,106.04,0.612,-1,-1,-1
234,25,1209.91,423.47,82.99,316.97,0.748,-1,-1,-1
234,26,424.26,464.09,44.02,113.21,0.748,-1,-1,-1
234,29,478.32,458.18,30.99,103.87,0.685,-1,-1,-1
234,30,618.42,449.12,58.85,180.42,0.854,-1,-1,-1
234,32,569.89,458.72,22.52,63.52,0.515,-1,-1,-1
234,33,755.54,434.98,87.32,174.16,0.494,-1,-1,-1
234,34,589.74,452.38,22.21,69.79,0.615,-1,-1,-1
235,1,922.96,427.44,130.82,418.96,0.864,-1,-1,-1
235,5,793.76,406.75,245.83,589.19,0.897,-1,-1,-1
235,9,1141.43,443.15,129.81,354.31,0.893,-1,-1,-1
235,19,509.42,454.16,35.19,106.23,0.673,-1,-1,-1
235,25,1217.00,424.27,83.11,318.21,0.674,-1,-1,-1
235,26,422.75,463.80,43.98,113.65,0.732,-1,-1,-1
235,29,478.75,458.08,31.06,103.97,0.744,-1,-1,-1
235,30,620.24,449.75,58.39,179.72,0.857,-1,-1,-1
235,32,568.99,459.19,22.45,63.05,0.577,-1,-1,-1
235,33,717.77,434.87,152.47,306.25,0.527,-1,-1,-1
235,34,590.18,453.00,21.86,68.90,0.644,-1,-1,-1
236,1,926.25,426.14,130.62,421.20,0.832,-1,-1,-1
236,5,794.73,403.97,247.03,591.40,0.872,-1,-1,-1
236,9,1142.49,442.91,131.98,357.55,0.892,-1,-1,-1
236,19,509.04,454.17,35.20,106.13,0.606,-1,-1,-1
236,25,1224.04,425.47,83.59,319.06,0.545,-1,-1,-1
236,26,421.66,463.95,43.71,113.38,0.445,-1,-1,-1
236,29,478.67,458.15,31.02,103.96,0.692,-1,-1,-1
236,30,622.09,449.98,58.26,179.43,0.862,-1,-1,-1
236,32,568.74,459.33,22.71,63.76,0.596,-1,-1,-1
236,33,708.25,434.30,179.75,365.15,0.578,-1,-1,-1
236,34,590.11,453.10,22.00,69.59,0.619,-1,-1,-1
236,35,675.18,487.09,51.64,117.67,0.610,-1,-1,-1
237,1,929.59,425.05,130.30,423.00,0.822,-1,-1,-1
237,5,796.97,401.94,247.81,594.01,0.877,-1,-1,-1
237,9,1142.48,442.92,133.05,358.72,0.891,-1,-1,-1
237,19,508.89,453.97,35.29,106.47,0.626,-1,-1,-1
237,25,1230.45,426.39,84.35,320.90,0.667,-1,-1,-1
237,26,420.30,464.15,43.25,112.77,0.590,-1,-1,-1
237,29,478.34,457.91,31.08,104.20,0.670,-1,-1,-1
237,30,624.49,449.87,58.54,179.37,0.855,-1,-1,-1
237,32,568.59,458.91,23.13,64.82,0.605,-1,-1,-1
237,33,703.64,434.40,198.49,408.27,0.584,-1,-1,-1
237,34,590.18,453.54,21.85,69.40,0.630,-1,-1,-1
237,35,675.83,488.26,50.83,115.86,0.516,-1,-1,-1
238,1,934.71,424.65,129.36,422.96,0.800,-1,-1,-1
238,5,799.72,400.88,247.67,595.12,0.888,-1,-1,-1
238,9,1144.30,441.74,133.83,360.91,0.917,-1,-1,-1
238,19,508.88,453.79,35.28,106.61,0.622,-1,-1,-1
238,25,1233.88,428.03,84.29,322.02,0.597,-1,-1,-1
238,26,419.74,464.11,42.86,112.50,0.622,-1,-1,-1
238,29,478.23,457.60,31.13,104.44,0.677,-1,-1,-1
238,30,626.94,449.54,59.30,179.96,0.855,-1,-1,-1
238,32,568.64,457.43,23.75,66.47,0.582,-1,-1,-1
238,33,703.69,434.95,208.60,434.87,0.592,-1,-1,-1
238,34,590.30,454.22,21.53,68.61,0.626,-1,-1,-1
238,35,677.96,487.85,48.17,109.73,0.603,-1,-1,-1
239,1,941.39,424.26,128.29,423.45,0.796,-1,-1,-1
239,5,800.52,400.83,247.16,595.39,0.874,-1,-1,-1
239,8,1118.36,446.76,34.04,99.76,0.545,-1,-1,-1
239,9,1147.21,441.21,133.53,361.52,0.902,-1,-1,-1
239,19,508.84,453.69,35.23,106.62,0.629,-1,-1,-1
239,25,1239.30,428.87,84.13,322.85,0.690,-1,-1,-1
239,26,419.17,464.21,42.44,112.25,0.573,-1,-1,-1
239,29,478.08,457.36,31.14,104.62,0.674,-1,-1,-1
239,30,631.56,450.77,60.56,179.23,0.890,-1,-1,-1
239,32,569.07,457.15,23.61,65.86,0.453,-1,-1,-1
239,33,705.51,435.64,211.83,449.03,0.665,-1,-1,-1
239,34,590.73,454.38,21.34,68.11,0.666,-1,-1,-1
239,35,678.82,484.40,48.30,110.02,0.504,-1,-1,-1
240,1,947.33,424.59,126.37,422.05,0.739,-1,-1,-1
240,5,805.86,401.51,245.34,595.13,0.885,-1,-1,-1
240,8,1118.54,446.56,33.14,100.16,0.608,-1,-1,-1
240,9,1150.48,439.99,133.09,362.42,0.856,-1,-1,-1
240,19,508.53,453.96,35.10,106.20,0.553,-1,-1,-1
240,25,1243.24,428.75,83.60,323.80,0.734,-1,-1,-1
240,26,418.15,463.75,42.27,112.66,0.612,-1,-1,-1
240,29,477.31,457.29,31.28,105.31,0.626,-1,-1,-1
240,30,633.93,451.12,61.87,179.28,0.882,-1,-1,-1
240,32,569.46,456.88,23.46,65.38,0.544,-1,-1,-1
240,33,709.21,437.40,212.41,457.16,0.610,-1,-1,-1
240,34,590.53,454.37,21.30,68.20,0.631,-1,-1,-1
240,35,680.91,484.43,46.80,106.48,0.472,-1,-1,-1
241,1,952.18,425.46,124.29,420.79,0.732,-1,-1,-1
241,5,811.37,402.15,242.86,594.66,0.893,-1,-1,-1
241,8,1118.88,446.85,32.45,100.89,0.561,-1,-1,-1
241,9,1161.02,437.61,131.69,364.95,0.828,-1,-1,-1
241,19,508.55,454.08,35.03,106.01,0.571,-1,-1,-1
241,25,1244.58,428.04,82.53,325.77,0.759,-1,-1,-1
241,26,418.09,463.67,42.00,112.98,0.646,-1,-1,-1
241,29,476.75,457.16,31.30,105.53,0.630,-1,-1,-1
241,30,635.57,451.55,62.85,179.06,0.886,-1,-1,-1
241,32,569.80,456.34,23.49,65.37,0.512,-1,-1,-1
241,33,714.62,438.48,209.43,457.33,0.671,-1,-1,-1
241,34,591.15,454.37,21.21,67.90,0.670,-1,-1,-1
241,35,682.41,484.32,47.18,107.36,0.434,-1,-1,-1
241,36,609.74,455.94,18.80,56.59,0.627,-1,-1,-1
242,1,957.71,426.19,121.92,418.86,0.703,-1,-1,-1
242,5,817.83,403.56,239.89,593.53,0.883,-1,-1,-1
242,8,1119.14,447.22,31.59,100.31,0.650,-1,-1,-1
242,9,1168.96,436.15,130.22,366.42,0.811,-1,-1,-1
242,19,508.62,454.09,35.11,106.25,0.557,-1,-1,-1
242,25,1247.81,426.96,81.27,327.11,0.727,-1,-1,-1
242,26,418.14,463.49,41.80,113.54,0.664,-1,-1,-1
242,29,476.50,457.08,31.26,105.81,0.626,-1,-1,-1
242,30,636.38,453.48,63.08,176.99,0.886,-1,-1,-1
242,32,570.08,456.47,23.42,65.00,0.472,-1,-1,-1
242,33,724.14,438.92,205.97,456.66,0.709,-1,-1,-1
242,34,591.61,454.69,21.12,67.49,0.687,-1,-1,-1
242,35,681.71,485.86,48.17,109.77,0.556,-1,-1,-1
242,36,610.41,456.65,18.78,56.52,0.632,-1,-1,-1
243,1,962.67,425.81,119.00,414.72,0.644,-1,-1,-1
243,5,821.84,403.36,239.05,596.89,0.863,-1,-1,-1
243,8,1119.52,447.55,30.84,99.83,0.717,-1,-1,-1
243,9,1176.52,435.50,128.29,366.51,0.808,-1,-1,-1
243,19,508.81,454.08,35.16,106.37,0.552,-1,-1,-1
243,25,1250.98,425.72,80.06,327.91,0.649,-1,-1,-1
243,26,418.00,464.07,41.08,112.50,0.492,-1,-1,-1
243,29,476.25,457.04,31.15,105.85,0.618,-1,-1,-1
243,30,636.79,454.34,63.69,176.71,0.879,-1,-1,-1
243,32,570.17,456.71,23.33,64.51,0.405,-1,-1,-1
243,33,728.37,438.78,202.63,455.72,0.682,-1,-1,-1
243,34,592.10,455.50,20.85,66.46,0.631,-1,-1,-1
243,35,681.84,487.41,48.11,109.87,0.607,-1,-1,-1
243,36,611.05,456.27,19.05,57.30,0.675,-1,-1,-1
244,1,968.88,427.79,117.88,416.36,0.729,-1,-1,-1
244,5,827.45,403.18,236.95,600.16,0.835,-1,-1,-1
244,8,1119.72,447.58,30.23,99.86,0.730,-1,-1,-1
244,9,1183.58,434.92,126.15,366.79,0.861,-1,-1,-1
244,19,508.64,454.38,35.12,106.13,0.545,-1,-1,-1
244,25,1255.48,424.22,79.74,330.00,0.562,-1,-1,-1
244,26,417.62,464.27,40.77,112.23,0.524,-1,-1,-1
244,29,475.81,456.97,31.14,105.97,0.589,-1,-1,-1
244,30,636.97,455.28,64.12,176.35,0.883,-1,-1,-1
244,32,567.83,457.18,23.00,63.64,0.523,-1,-1,-1
244,33,736.23,438.64,201.37,458.65,0.641,-1,-1,-1
244,34,592.18,456.07,20.68,65.75,0.674,-1,-1,-1
244,35,682.47,486.83,48.32,110.77,0.498,-1,-1,-1
244,36,611.56,456.21,19.29,58.00,0.712,-1,-1,-1
245,1,974.96,429.08,116.23,417.14,0.749,-1,-1,-1
245,5,833.12,402.89,235.88,608.21,0.838,-1,-1,-1
245,8,1119.71,447.74,29.85,99.75,0.691,-1,-1,-1
245,9,1188.79,432.45,124.54,368.22,0.849,-1,-1,-1
245,19,508.37,454.65,35.00,105.54,0.555,-1,-1,-1
245,25,1261.61,424.19,79.17,329.81,0.511,-1,-1,-1
245,26,417.25,464.42,40.41,112.07,0.509,-1,-1,-1
245,29,475.94,456.97,31.06,105.91,0.619,-1,-1,-1
245,30,636.95,456.52,64.49,175.83,0.865,-1,-1,-1
245,32,566.67,458.22,22.49,62.25,0.516,-1,-1,-1
245,33,739.20,437.31,199.74,460.08,0.684,-1,-1,-1
245,34,592.20,456.46,20.64,65.41,0.687,-1,-1,-1
245,35,683.66,486.01,47.50,109.03,0.439,-1,-1,-1
245,36,611.79,455.68,19.36,58.19,0.726,-1,-1,-1
246,1,980.19,429.01,115.06,418.01,0.721,-1,-1,-1
246,5,838.88,402.09,234.88,618.48,0.864,-1,-1,-1
246,8,1120.00,447.66,29.67,100.08,0.466,-1,-1,-1
246,9,1195.50,433.70,122.44,367.57,0.859,-1,-1,-1
246,19,507.85,454.71,35.15,105.57,0.551,-1,-1,-1
246,25,1266.90,423.56,78.26,329.73,0.584,-1,-1,-1
246,26,416.80,464.48,39.99,111.68,0.600,-1,-1,-1
246,29,475.61,456.94,31.03,105.77,0.725,-1,-1,-1
246,30,637.02,457.11,64.83,175.57,0.876,-1,-1,-1
246,32,565.96,458.95,22.13,61.29,0.520,-1,-1,-1
246,33,746.18,436.42,196.25,458.70,0.733,-1,-1,-1
246,34,592.21,456.71,20.62,65.15,0.661,-1,-1,-1
246,35,684.79,485.44,48.08,110.75,0.370,-1,-1,-1
246,36,612.37,455.55,19.38,58.25,0.667,-1,-1,-1
247,1,986.06,425.47,115.19,421.63,0.642,-1,-1,-1
247,5,845.55,402.80,232.26,623.97,0.836,-1,-1,-1
247,8,1120.25,447.99,28.91,99.42,0.713,-1,-1,-1
247,9,1204.24,435.02,121.69,367.52,0.890,-1,-1,-1
247,19,507.52,454.98,34.80,104.45,0.617,-1,-1,-1
247,25,1271.22,422.45,77.42,330.17,0.576,-1,-1,-1
247,26,415.60,463.96,39.92,111.99,0.608,-1,-1,-1
247,29,474.28,456.92,31.29,106.16,0.736,-1,-1,-1
247,30,636.69,456.75,65.34,176.04,0.869,-1,-1,-1
247,32,565.37,458.88,21.83,60.37,0.500,-1,-1,-1
247,33,750.17,434.60,192.93,459.18,0.802,-1,-1,-1
247,34,592.08,457.10,20.59,64.59,0.675,-1,-1,-1
247,35,685.25,485.17,47.59,109.96,0.458,-1,-1,-1
247,36,612.20,455.32,19.56,58.72,0.673,-1,-1,-1
248,1,990.48,425.31,111.88,408.99,-1.000,-1,-1,-1
248,5,857.53,403.30,231.29,629.70,0.745,-1,-1,-1
248,8,1120.57,448.13,28.55,99.27,0.430,-1,-1,-1
248,9,1215.70,434.30,122.80,368.28,0.863,-1,-1,-1
248,19,507.84,455.23,34.73,104.21,0.643,-1,-1,-1
248,25,1274.58,421.44,79.80,343.14,0.226,-1,-1,-1
248,26,415.03,463.64,39.90,112.37,0.649,-1,-1,-1
248,29,473.54,456.90,31.39,106.24,0.714,-1,-1,-1
248,30,636.66,454.57,66.40,178.44,0.866,-1,-1,-1
248,32,565.47,459.27,21.52,59.44,0.505,-1,-1,-1
248,33,754.41,434.96,189.06,458.92,0.820,-1,-1,-1
248,34,592.36,457.50,20.69,64.31,0.674,-1,-1,-1
248,35,687.43,485.32,45.52,105.61,0.696,-1,-1,-1
248,36,613.03,456.02,19.57,58.64,0.600,-1,-1,-1
249,1,994.91,425.15,108.57,396.34,-1.000,-1,-1,-1
249,5,875.93,403.77,232.85,638.16,0.783,-1,-1,-1
249,8,1121.35,448.93,28.08,98.45,0.245,-1,-1,-1
249,9,1225.48,434.96,124.68,368.02,0.850,-1,-1,-1
249,19,508.19,455.30,34.83,104.59,0.642,-1,-1,-1
249,25,1280.56,420.50,82.12,355.44,0.241,-1,-1,-1
249,26,414.62,462.36,40.19,113.75,0.633,-1,-1,-1
249,29,473.41,457.14,31.50,106.40,0.675,-1,-1,-1
249,30,638.37,451.56,67.34,181.36,0.853,-1,-1,-1
249,32,566.06,458.88,21.58,59.88,0.409,-1,-1,-1
249,33,758.20,433.99,185.75,459.40,0.800,-1,-1,-1
249,34,592.72,457.57,20.75,64.05,0.651,-1,-1,-1
249,35,689.00,484.38,44.50,103.73,0.616,-1,-1,-1
249,36,614.22,456.40,19.48,58.39,0.563,-1,-1,-1
250,1,999.33,424.99,105.26,383.70,-1.000,-1,-1,-1
250,5,877.55,403.87,229.48,639.80,0.709,-1,-1,-1
250,8,1106.89,447.21,36.15,125.96,0.574,-1,-1,-1
250,9,1238.56,435.39,129.16,368.23,0.894,-1,-1,-1
250,19,508.08,454.91,34.75,103.89,0.502,-1,-1,-1
250,25,1288.13,420.76,80.27,347.29,0.333,-1,-1,-1
250,26,414.88,463.14,39.77,113.07,0.636,-1,-1,-1
250,29,473.28,457.35,31.60,105.96,0.646,-1,-1,-1
250,30,642.74,450.15,68.08,182.69,0.837,-1,-1,-1
250,32,565.96,459.07,21.62,60.06,0.447,-1,-1,-1
250,33,762.70,433.41,182.19,459.08,0.805,-1,-1,-1
250,34,593.56,457.68,20.92,64.06,0.649,-1,-1,-1
250,35,689.96,480.68,46.02,108.12,0.278,-1,-1,-1
250,36,616.11,457.02,19.46,58.35,0.655,-1,-1,-1
251,1,1003.76,424.83,101.96,371.05,-1.000,-1,-1,-1
251,5,882.87,402.42,226.07,642.34,0.797,-1,-1,-1
251,8,1104.64,446.38,36.20,124.18,0.202,-1,-1,-1
251,9,1247.44,436.45,134.22,367.74,0.905,-1,-1,-1
251,19,510.10,454.70,34.97,104.91,0.550,-1,-1,-1
251,20,415.92,463.59,35.58,112.10,0.668,-1,-1,-1
251,25,1292.58,420.11,79.14,340.82,0.146,-1,-1,-1
251,26,414.27,463.10,39.66,112.90,-1.000,-1,-1,-1
251,29,472.76,457.54,31.77,105.52,0.630,-1,-1,-1
251,30,646.32,449.57,68.03,182.99,0.833,-1,-1,-1
251,32,566.19,458.80,21.74,60.49,0.496,-1,-1,-1
251,33,766.87,432.44,178.98,459.65,0.790,-1,-1,-1
251,34,593.97,457.38,21.09,64.18,0.556,-1,-1,-1
251,35,692.11,481.43,44.79,106.12,0.400,-1,-1,-1
251,36,617.94,457.11,19.44,58.16,0.665,-1,-1,-1
252,1,1008.18,424.67,98.65,358.41,-1.000,-1,-1,-1
252,5,898.05,401.79,223.81,642.50,0.782,-1,-1,-1
252,8,1102.82,445.87,35.43,120.60,0.293,-1,-1,-1
252,9,1251.36,437.63,139.70,367.96,0.902,-1,-1,-1
252,19,510.66,454.37,35.20,105.72,0.583,-1,-1,-1
252,25,1298.77,419.87,79.70,336.95,0.362,-1,-1,-1
252,26,413.65,463.06,39.54,112.73,0.663,-1,-1,-1
252,29,471.25,456.85,32.17,105.82,0.604,-1,-1,-1
252,30,647.84,448.37,67.98,184.07,0.817,-1,-1,-1
252,32,566.57,458.97,21.68,60.50,0.429,-1,-1,-1
252,33,771.49,432.31,174.62,457.53,0.807,-1,-1,-1
252,34,593.38,457.43,20.99,63.83,0.512,-1,-1,-1
252,35,692.61,483.86,44.64,106.77,0.403,-1,-1,-1
252,36,619.02,457.18,19.46,58.18,0.669,-1,-1,-1
253,1,1012.61,424.51,95.34,345.77,-1.000,-1,-1,-1
253,5,903.96,400.30,221.51,644.20,0.842,-1,-1,-1
253,8,1102.19,445.65,34.44,116.39,0.309,-1,-1,-1
253,9,1253.09,438.78,145.51,370.58,0.886,-1,-1,-1
253,19,510.08,453.75,35.47,106.36,0.589,-1,-1,-1
253,25,1310.46,419.64,81.46,341.96,0.247,-1,-1,-1
253,26,412.44,463.94,39.29,111.94,0.698,-1,-1,-1
253,29,470.40,456.38,32.18,104.72,0.580,-1,-1,-1
253,30,648.91,447.37,67.74,184.98,0.843,-1,-1,-1
253,32,566.48,458.79,21.84,61.09,0.491,-1,-1,-1
253,33,774.90,430.00,171.63,458.74,0.791,-1,-1,-1
253,34,592.54,457.36,20.93,63.85,0.499,-1,-1,-1
253,35,694.67,484.35,43.03,104.13,0.508,-1,-1,-1
253,36,619.63,457.63,19.54,58.30,0.696,-1,-1,-1
254,1,1017.04,424.35,92.03,333.12,-1.000,-1,-1,-1
254,5,910.69,398.23,220.68,646.25,0.838,-1,-1,-1
254,8,1104.08,445.62,33.49,112.46,0.157,-1,-1,-1
254,9,1253.38,439.98,150.41,371.07,0.889,-1,-1,-1
254,19,510.10,453.93,35.55,106.48,0.697,-1,-1,-1
254,25,1318.95,420.41,82.21,343.68,0.186,-1,-1,-1
254,26,412.28,464.28,39.10,111.57,0.709,-1,-1,-1
254,29,469.41,456.22,32.52,104.80,0.594,-1,-1,-1
254,30,650.14,447.12,67.32,185.30,0.846,-1,-1,-1
254,32,566.59,458.45,21.86,61.32,0.396,-1,-1,-1
254,33,779.91,430.32,168.06,457.53,0.772,-1,-1,-1
254,34,591.91,457.99,20.67,63.20,0.494,-1,-1,-1
254,35,695.99,485.04,41.71,101.91,0.382,-1,-1,-1
254,36,619.80,457.61,19.68,58.54,0.713,-1,-1,-1
254,37,1811.08,383.59,104.90,396.67,0.783,-1,-1,-1
255,1,1021.46,424.19,88.73,320.48,-1.000,-1,-1,-1
255,5,916.22,399.19,218.23,645.57,0.879,-1,-1,-1
255,8,1109.61,446.04,33.96,108.77,0.520,-1,-1,-1
255,9,1253.89,440.31,156.04,373.72,0.903,-1,-1,-1
255,19,510.47,454.18,35.44,106.45,0.634,-1,-1,-1
255,25,1327.69,421.55,82.44,342.71,0.229,-1,-1,-1
255,26,411.21,465.07,38.84,110.62,0.745,-1,-1,-1
255,29,469.98,457.03,32.59,104.78,0.628,-1,-1,-1
255,30,653.23,446.37,68.09,187.24,0.823,-1,-1,-1
255,32,566.73,457.66,22.26,62.48,0.502,-1,-1,-1
255,33,786.38,430.10,165.41,457.31,0.763,-1,-1,-1
255,34,591.06,458.32,20.50,62.90,0.559,-1,-1,-1
255,35,697.17,487.07,40.12,98.59,0.190,-1,-1,-1
255,36,620.55,457.92,19.92,59.11,0.737,-1,-1,-1
255,37,1812.14,385.11,104.41,394.54,0.811,-1,-1,-1
256,1,1025.89,424.03,85.42,307.83,-1.000,-1,-1,-1
256,5,921.19,398.82,216.01,646.01,0.903,-1,-1,-1
256,8,1108.35,446.04,34.14,107.97,0.122,-1,-1,-1
256,9,1252.34,438.89,161.08,377.04,0.895,-1,-1,-1
256,19,510.21,454.08,35.44,106.62,0.667,-1,-1,-1
256,25,1336.78,424.32,82.13,338.72,0.287,-1,-1,-1
256,26,409.97,465.27,38.96,110.47,0.678,-1,-1,-1
256,29,469.34,457.13,32.81,105.02,0.527,-1,-1,-1
256,30,654.40,446.03,68.54,188.60,0.782,-1,-1,-1
256,32,570.92,455.72,22.32,63.71,0.544,-1,-1,-1
256,33,791.37,430.13,163.40,458.23,0.775,-1,-1,-1
256,34,590.40,458.33,20.42,62.99,0.531,-1,-1,-1
256,35,697.95,487.15,39.29,97.26,0.191,-1,-1,-1
256,36,620.97,457.94,20.19,59.85,0.739,-1,-1,-1
256,37,1815.77,384.82,104.16,393.94,0.835,-1,-1,-1
256,38,772.11,446.53,26.42,76.71,0.619,-1,-1,-1
257,1,1030.31,423.87,82.11,295.19,-1.000,-1,-1,-1
257,5,926.61,397.98,215.50,647.27,0.739,-1,-1,-1
257,8,1112.12,446.42,34.84,106.16,0.494,-1,-1,-1
257,9,1250.95,433.01,166.51,383.08,0.912,-1,-1,-1
257,19,510.39,454.09,35.35,106.68,0.639,-1,-1,-1
257,26,409.08,465.30,39.11,110.40,0.727,-1,-1,-1
257,29,467.83,457.23,33.08,105.19,0.547,-1,-1,-1
257,30,656.68,445.85,68.91,189.17,0.854,-1,-1,-1
257,32,573.46,454.73,22.00,63.93,0.569,-1,-1,-1
257,33,794.45,430.64,162.59,463.24,0.760,-1,-1,-1
257,34,590.05,458.77,20.19,62.49,0.495,-1,-1,-1
257,36,621.48,457.99,20.05,59.56,0.735,-1,-1,-1
257,37,1812.89,390.32,103.13,388.62,0.886,-1,-1,-1
257,38,772.15,446.99,26.41,76.62,0.518,-1,-1,-1
257,39,727.64,479.58,48.65,111.08,0.630,-1,-1,-1
258,1,1034.74,423.71,78.80,282.55,-1.000,-1,-1,-1
258,5,927.14,398.77,213.87,646.70,0.648,-1,-1,-1
258,8,1113.10,445.43,37.43,109.00,0.678,-1,-1,-1
258,9,1253.34,429.52,169.68,386.41,0.905,-1,-1,-1
258,19,509.60,454.37,35.23,106.24,0.636,-1,-1,-1
258,26,408.76,465.38,39.32,110.67,0.782,-1,-1,-1
258,27,1280.52,449.82,37.14,100.64,0.702,-1,-1,-1
258,29,467.81,456.77,33.52,106.23,0.608,-1,-1,-1
258,30,657.88,447.66,68.82,188.98,0.843,-1,-1,-1
258,32,570.25,456.09,21.61,62.86,0.567,-1,-1,-1
258,33,795.33,430.59,162.37,469.95,0.734,-1,-1,-1
258,34,589.12,458.58,20.18,62.31,0.375,-1,-1,-1
258,36,622.26,457.13,20.26,60.21,0.692,-1,-1,-1
258,37,1808.55,396.24,102.82,384.41,0.893,-1,-1,-1
258,38,772.96,445.95,26.74,77.55,0.466,-1,-1,-1
258,39,728.40,480.30,49.00,111.84,0.627,-1,-1,-1
259,1,1039.16,423.55,75.50,269.90,-1.000,-1,-1,-1
259,5,934.93,395.95,214.17,649.34,0.617,-1,-1,-1
259,8,1113.84,445.23,39.48,111.24,0.710,-1,-1,-1
259,9,1255.81,427.60,171.68,388.53,0.904,-1,-1,-1
259,19,509.98,454.39,35.22,106.46,0.628,-1,-1,-1
259,26,407.74,465.17,39.69,111.08,0.770,-1,-1,-1
259,27,1281.42,448.07,38.53,102.65,0.677,-1,-1,-1
259,29,467.74,456.26,33.82,106.75,0.459,-1,-1,-1
259,30,660.85,449.19,68.94,188.24,0.812,-1,-1,-1
259,32,568.08,455.97,21.78,63.36,0.598,-1,-1,-1
259,33,794.87,430.35,162.15,476.99,0.724,-1,-1,-1
259,34,588.59,457.94,20.32,62.59,0.394,-1,-1,-1
259,36,623.12,456.74,20.28,60.46,0.611,-1,-1,-1
259,37,1802.47,398.63,103.47,381.48,0.894,-1,-1,-1
259,38,773.45,444.43,27.33,79.23,0.197,-1,-1,-1
259,39,728.57,480.58,49.43,112.72,0.644,-1,-1,-1
260,1,1043.59,423.39,72.19,257.26,-1.000,-1,-1,-1
260,5,929.30,397.84,210.89,646.79,0.819,-1,-1,-1
260,8,1114.71,445.36,40.22,110.96,0.651,-1,-1,-1
260,9,1261.14,426.11,172.26,390.33,0.900,-1,-1,-1
260,19,508.63,454.53,35.31,106.19,0.655,-1,-1,-1
260,26,407.19,465.15,39.95,111.29,0.776,-1,-1,-1
260,27,1283.11,446.69,39.80,103.99,0.744,-1,-1,-1
260,29,466.06,455.51,34.27,107.63,0.292,-1,-1,-1
260,30,663.66,452.19,68.56,185.37,0.873,-1,-1,-1
260,32,566.96,456.26,21.64,62.96,0.487,-1,-1,-1
260,33,795.60,430.43,161.64,483.17,0.732,-1,-1,-1
260,34,588.53,457.52,20.31,62.69,0.447,-1,-1,-1
260,36,623.99,456.30,20.45,60.81,0.643,-1,-1,-1
260,37,1789.97,402.40,105.16,376.45,0.908,-1,-1,-1
260,38,773.55,443.43,27.75,80.41,0.491,-1,-1,-1
260,39,728.07,479.90,50.93,116.10,0.724,-1,-1,-1
261,1,1048.01,423.23,68.88,244.61,-1.000,-1,-1,-1
261,5,927.71,398.52,207.80,645.87,0.884,-1,-1,-1
261,8,1115.01,444.75,41.49,112.22,0.696,-1,-1,-1
261,9,1268.96,426.27,170.59,389.71,0.846,-1,-1,-1
261,19,508.43,454.52,35.24,106.09,0.742,-1,-1,-1
261,26,406.20,465.28,39.95,111.11,0.722,-1,-1,-1
261,27,1285.34,446.31,40.75,104.45,0.791,-1,-1,-1
261,29,464.86,456.03,34.50,107.70,0.652,-1,-1,-1
261,30,662.74,451.22,69.02,187.53,0.844,-1,-1,-1
261,32,566.36,456.03,21.79,63.09,0.538,-1,-1,-1
261,33,796.93,430.70,161.06,487.96,0.734,-1,-1,-1
261,34,588.04,456.76,20.48,63.42,0.488,-1,-1,-1
261,36,624.70,455.96,20.50,60.95,0.640,-1,-1,-1
261,37,1771.94,406.35,108.86,371.46,0.909,-1,-1,-1
261,38,774.27,442.96,27.95,81.01,0.436,-1,-1,-1
261,39,727.76,478.83,51.70,117.83,0.660,-1,-1,-1
262,1,1052.44,423.07,65.57,231.97,-1.000,-1,-1,-1
262,5,928.69,398.40,205.15,645.93,0.883,-1,-1,-1
262,8,1115.55,444.48,41.69,111.33,0.709,-1,-1,-1
262,9,1279.15,425.30,168.40,391.77,0.875,-1,-1,-1
262,19,508.63,454.52,35.21,106.08,0.734,-1,-1,-1
262,26,405.73,465.16,40.03,110.99,0.638,-1,-1,-1
262,27,1287.89,446.34,41.31,104.37,0.781,-1,-1,-1
262,29,464.17,455.43,34.66,107.95,0.458,-1,-1,-1
262,30,663.41,450.12,69.61,189.66,0.843,-1,-1,-1
262,32,566.13,456.12,21.85,63.22,0.407,-1,-1,-1
262,33,798.35,431.19,159.98,491.59,0.756,-1,-1,-1
262,34,586.99,456.73,20.51,63.47,0.483,-1,-1,-1
262,36,625.88,455.62,20.83,61.20,0.713,-1,-1,-1
262,37,1750.58,410.45,114.44,365.87,0.906,-1,-1,-1
262,38,775.21,443.24,27.91,80.95,0.602,-1,-1,-1
262,39,727.73,477.48,52.09,118.76,0.565,-1,-1,-1
263,1,1056.86,422.91,62.27,219.33,-1.000,-1,-1,-1
263,5,929.50,398.76,202.52,645.83,0.894,-1,-1,-1
263,8,1116.08,444.55,41.13,108.25,0.698,-1,-1,-1
263,9,1292.58,422.96,166.20,393.68,0.778,-1,-1,-1
263,19,508.76,454.81,35.19,105.98,0.771,-1,-1,-1
263,26,404.08,465.09,39.98,110.84,0.342,-1,-1,-1
263,27,1293.53,446.33,40.59,103.43,0.601,-1,-1,-1
263,29,464.13,457.29,34.31,106.09,0.623,-1,-1,-1
263,30,665.34,450.42,70.06,190.70,0.855,-1,-1,-1
263,32,565.74,456.47,21.74,62.74,0.415,-1,-1,-1
263,33,800.18,431.28,158.60,493.57,0.749,-1,-1,-1
263,34,586.45,457.04,20.40,63.03,0.489,-1,-1,-1
263,36,626.88,455.69,20.87,60.96,0.675,-1,-1,-1
263,37,1736.14,412.95,121.52,362.21,0.916,-1,-1,-1
263,38,776.60,443.52,27.54,80.19,0.671,-1,-1,-1
263,39,728.77,477.40,51.07,116.48,0.574,-1,-1,-1
263,40,606.79,459.47,20.65,55.85,0.550,-1,-1,-1
264,1,1061.29,422.75,58.96,206.68,-1.000,-1,-1,-1
264,5,932.04,396.41,200.65,647.97,0.883,-1,-1,-1
264,8,1117.51,444.83,41.11,107.65,0.790,-1,-1,-1
264,9,1304.64,423.39,162.51,394.32,0.827,-1,-1,-1
264,19,509.11,455.03,35.12,105.78,0.752,-1,-1,-1
264,26,402.44,464.88,39.74,109.78,0.200,-1,-1,-1
264,27,1297.12,446.85,39.61,102.47,0.666,-1,-1,-1
264,29,464.04,457.03,34.52,106.31,0.601,-1,-1,-1
264,30,667.42,450.57,70.45,191.23,0.850,-1,-1,-1
264,32,566.63,456.72,21.63,62.41,0.380,-1,-1,-1
264,33,804.44,431.87,156.48,492.32,0.771,-1,-1,-1
264,34,586.23,457.55,20.27,62.46,0.494,-1,-1,-1
264,36,628.09,456.12,20.60,60.08,0.692,-1,-1,-1
264,37,1725.09,415.18,128.99,359.69,0.921,-1,-1,-1
264,38,777.81,444.51,27.18,79.44,0.636,-1,-1,-1
264,39,730.06,477.64,50.39,114.93,0.500,-1,-1,-1
264,40,607.54,459.24,20.29,54.93,0.573,-1,-1,-1
265,1,1065.71,422.59,55.65,194.04,-1.000,-1,-1,-1
265,5,933.57,395.86,198.47,648.38,0.875,-1,-1,-1
265,8,1118.36,445.39,41.06,107.07,0.749,-1,-1,-1
265,9,1314.69,421.94,159.75,396.96,0.835,-1,-1,-1
265,19,509.09,454.99,35.19,105.79,0.767,-1,-1,-1
265,26,400.52,464.69,39.89,110.06,0.496,-1,-1,-1
265,27,1299.32,443.81,40.26,105.72,0.567,-1,-1,-1
265,29,463.25,456.69,34.67,106.50,0.628,-1,-1,-1
265,30,669.77,452.40,69.84,189.81,0.824,-1,-1,-1
265,32,567.14,456.90,21.62,62.22,0.307,-1,-1,-1
265,33,802.58,431.69,155.06,493.62,0.728,-1,-1,-1
265,34,585.57,457.64,20.20,62.08,0.434,-1,-1,-1
265,36,629.07,457.02,20.31,58.96,0.670,-1,-1,-1
265,37,1714.90,421.84,134.98,352.99,0.917,-1,-1,-1
265,38,779.26,444.88,26.57,77.80,0.579,-1,-1,-1
265,39,730.05,477.05,50.49,115.19,0.218,-1,-1,-1
265,40,607.41,459.72,19.87,53.80,0.415,-1,-1,-1
266,1,1070.14,422.43,52.35,181.40,0.509,-1,-1,-1
266,5,935.57,397.42,196.03,647.09,0.874,-1,-1,-1
266,8,1118.12,446.63,40.94,105.62,0.780,-1,-1,-1
266,9,1324.88,421.86,158.53,402.41,0.827,-1,-1,-1
266,19,508.97,455.24,35.19,105.58,0.766,-1,-1,-1
266,26,399.65,464.70,39.86,109.89,0.138,-1,-1,-1
266,27,1300.76,437.69,41.93,111.74,0.528,-1,-1,-1
266,29,462.47,456.21,34.75,106.83,0.517,-1,-1,-1
266,30,671.53,451.62,69.76,190.44,0.846,-1,-1,-1
266,32,567.45,457.30,21.33,61.44,0.332,-1,-1,-1
266,33,804.96,431.60,153.13,494.19,0.704,-1,-1,-1
266,34,585.07,457.84,20.13,61.65,0.470,-1,-1,-1
266,36,631.42,457.78,20.33,58.26,0.660,-1,-1,-1
266,37,1706.39,424.19,140.20,348.43,0.912,-1,-1,-1
266,38,780.68,445.43,26.01,76.38,0.525,-1,-1,-1
266,39,732.12,477.11,47.71,108.93,0.611,-1,-1,-1
266,40,608.14,458.34,20.22,54.80,0.328,-1,-1,-1
267,1,1071.18,424.17,51.38,170.66,0.394,-1,-1,-1
267,5,937.25,398.06,194.65,647.67,0.835,-1,-1,-1
267,8,1119.18,446.90,40.43,104.31,0.777,-1,-1,-1
267,9,1333.40,419.83,157.74,409.24,0.838,-1,-1,-1
267,19,508.40,455.24,35.19,105.33,0.754,-1,-1,-1
267,26,398.64,464.42,40.06,110.33,0.360,-1,-1,-1
267,27,1302.61,438.02,41.10,110.97,0.490,-1,-1,-1
267,29,461.82,457.37,34.30,105.29,0.542,-1,-1,-1
267,30,673.68,450.36,69.24,191.11,0.850,-1,-1,-1
267,32,567.48,457.60,21.16,60.94,0.298,-1,-1,-1
267,33,805.57,430.94,151.01,494.29,0.716,-1,-1,-1
267,34,584.87,458.46,20.01,60.96,0.355,-1,-1,-1
267,36,632.68,458.08,20.43,57.74,0.663,-1,-1,-1
267,37,1696.78,426.14,143.32,343.60,0.876,-1,-1,-1
267,38,782.01,446.01,25.70,75.54,0.566,-1,-1,-1
267,39,733.89,477.07,46.01,105.08,0.656,-1,-1,-1
267,40,608.47,457.63,20.35,55.23,0.138,-1,-1,-1
268,1,1072.03,423.11,53.42,168.51,0.524,-1,-1,-1
268,5,938.62,399.80,191.98,643.84,0.833,-1,-1,-1
268,8,1119.52,447.26,40.61,104.88,0.731,-1,-1,-1
268,9,1344.79,420.70,156.61,411.45,0.876,-1,-1,-1
268,19,507.61,455.00,35.58,105.81,0.772,-1,-1,-1
268,26,396.89,463.56,40.54,111.60,0.578,-1,-1,-1
268,27,1303.82,436.30,41.44,112.60,0.175,-1,-1,-1
268,29,460.58,456.53,34.70,106.44,0.582,-1,-1,-1
268,30,675.33,449.26,69.13,191.69,0.818,-1,-1,-1
268,32,566.62,458.11,21.14,60.97,0.409,-1,-1,-1
268,33,804.81,429.99,149.67,495.61,0.705,-1,-1,-1
268,34,585.17,459.82,19.82,59.74,0.447,-1,-1,-1
268,36,633.54,457.95,20.76,57.92,0.669,-1,-1,-1
268,37,1681.26,424.93,143.65,335.34,0.903,-1,-1,-1
268,38,781.83,445.50,25.92,76.06,0.509,-1,-1,-1
268,39,735.56,476.72,46.67,107.09,0.669,-1,-1,-1
268,40,607.50,458.14,20.16,54.71,0.195,-1,-1,-1
269,1,1072.89,419.84,56.43,170.25,0.548,-1,-1,-1
269,5,939.85,399.53,190.13,644.02,0.859,-1,-1,-1
269,8,1121.09,447.59,40.46,104.79,0.763,-1,-1,-1
269,9,1358.31,421.81,157.50,413.26,0.895,-1,-1,-1
269,19,507.26,454.80,35.86,106.09,0.771,-1,-1,-1
269,26,396.00,463.55,40.63,111.71,0.604,-1,-1,-1
269,27,1305.19,437.96,40.59,110.85,0.317,-1,-1,-1
269,29,459.43,455.96,34.63,105.63,0.515,-1,-1,-1
269,30,681.25,447.84,70.11,193.04,0.852,-1,-1,-1
269,32,566.69,458.40,21.10,60.84,0.316,-1,-1,-1
269,33,804.97,429.04,148.08,496.68,0.712,-1,-1,-1
269,34,584.58,461.19,19.46,58.32,0.437,-1,-1,-1
269,36,634.02,457.08,21.71,59.82,0.700,-1,-1,-1
269,37,1669.76,424.12,143.67,331.33,0.885,-1,-1,-1
269,38,782.29,446.26,26.02,76.40,0.420,-1,-1,-1
269,39,736.94,476.55,47.48,109.61,0.676,-1,-1,-1
269,40,608.09,457.83,20.20,54.95,0.321,-1,-1,-1
270,1,1074.74,425.44,58.59,166.82,0.659,-1,-1,-1
270,5,941.10,399.09,188.64,644.61,0.853,-1,-1,-1
270,8,1123.03,447.17,40.33,105.25,0.706,-1,-1,-1
270,9,1370.25,427.29,158.25,409.00,0.905,-1,-1,-1
270,19,506.89,454.73,36.12,105.83,0.789,-1,-1,-1
270,26,395.34,463.72,40.80,111.90,0.712,-1,-1,-1
270,27,1307.55,441.45,39.60,107.91,0.388,-1,-1,-1
270,29,458.49,456.26,34.80,105.21,0.639,-1,-1,-1
270,30,682.62,446.45,70.69,194.31,0.759,-1,-1,-1
270,32,567.36,458.77,20.87,60.28,0.194,-1,-1,-1
270,33,810.35,429.30,146.96,495.42,0.710,-1,-1,-1
270,34,583.66,460.78,19.53,58.53,0.450,-1,-1,-1
270,36,634.47,456.83,22.24,60.47,0.705,-1,-1,-1
270,37,1655.76,418.66,144.73,335.02,0.897,-1,-1,-1
270,38,783.09,448.38,25.47,74.76,0.275,-1,-1,-1
270,39,738.02,476.40,46.55,107.98,0.595,-1,-1,-1
270,40,608.74,457.45,20.40,55.59,0.146,-1,-1,-1
271,1,1076.39,428.76,60.19,163.63,0.636,-1,-1,-1
271,5,943.08,399.13,187.12,644.46,0.831,-1,-1,-1
271,8,1124.38,447.52,40.02,104.99,0.673,-1,-1,-1
271,9,1377.47,422.85,163.90,416.09,0.909,-1,-1,-1
271,19,506.21,454.71,36.49,106.15,0.784,-1,-1,-1
271,26,395.12,463.42,41.09,112.40,0.732,-1,-1,-1
271,27,1309.43,440.64,40.18,109.08,0.114,-1,-1,-1
271,29,458.03,456.41,35.27,105.54,0.647,-1,-1,-1
271,30,686.60,445.67,71.14,195.02,0.807,-1,-1,-1
271,32,567.70,459.27,20.60,59.86,0.171,-1,-1,-1
271,33,810.60,428.00,146.38,496.25,0.708,-1,-1,-1
271,34,583.23,459.79,19.80,59.42,0.414,-1,-1,-1
271,36,635.05,456.95,22.50,60.78,0.678,-1,-1,-1
271,37,1642.50,414.61,143.84,338.29,0.857,-1,-1,-1
271,38,784.68,447.49,25.99,75.82,0.179,-1,-1,-1
271,39,738.30,476.84,46.19,107.69,0.374,-1,-1,-1
271,40,610.04,457.05,20.63,56.37,0.136,-1,-1,-1
272,1,1077.54,425.37,63.31,167.71,0.497,-1,-1,-1
272,5,946.54,399.84,185.98,645.39,0.818,-1,-1,-1
272,8,1127.43,448.46,39.45,104.16,0.614,-1,-1,-1
272,9,1382.11,422.35,168.48,419.14,0.914,-1,-1,-1
272,19,505.96,454.78,36.78,106.15,0.771,-1,-1,-1
272,26,394.78,463.52,41.15,112.44,0.753,-1,-1,-1
272,27,1309.00,437.03,41.57,112.89,0.148,-1,-1,-1
272,29,457.96,456.65,35.45,105.23,0.660,-1,-1,-1
272,30,685.51,446.07,70.26,194.64,0.796,-1,-1,-1
272,32,568.09,458.99,20.54,59.89,0.178,-1,-1,-1
272,33,809.38,428.04,145.13,496.39,0.702,-1,-1,-1
272,34,583.18,459.87,19.55,58.77,0.451,-1,-1,-1
272,36,635.95,456.81,22.76,60.90,0.700,-1,-1,-1
272,37,1626.01,412.20,140.93,339.82,0.838,-1,-1,-1
272,38,786.11,450.58,25.08,73.12,0.161,-1,-1,-1
272,39,737.27,476.60,46.79,109.73,0.518,-1,-1,-1
272,40,611.31,457.68,20.41,55.91,0.219,-1,-1,-1
273,1,1078.46,424.00,66.68,172.81,0.608,-1,-1,-1
273,5,950.82,399.90,184.46,645.76,0.847,-1,-1,-1
273,8,1130.05,448.32,39.56,104.59,0.502,-1,-1,-1
273,9,1383.10,424.12,172.51,422.00,0.911,-1,-1,-1
273,19,505.93,454.79,36.90,105.98,0.778,-1,-1,-1
273,26,394.02,463.60,41.28,112.38,0.772,-1,-1,-1
273,27,1304.36,432.82,41.86,116.46,0.509,-1,-1,-1
273,29,457.22,456.14,35.64,105.25,0.612,-1,-1,-1
273,30,689.50,446.90,70.10,194.09,0.830,-1,-1,-1
273,32,568.46,458.56,20.46,59.89,0.134,-1,-1,-1
273,33,809.89,427.16,143.77,496.95,0.728,-1,-1,-1
273,34,582.69,459.35,19.55,58.85,0.436,-1,-1,-1
273,36,635.91,457.26,22.77,60.45,0.662,-1,-1,-1
273,37,1613.40,410.58,137.47,340.86,0.823,-1,-1,-1
273,38,787.99,450.59,25.55,74.24,0.264,-1,-1,-1
273,39,737.05,476.69,47.68,112.61,0.276,-1,-1,-1
273,40,612.75,457.79,20.67,56.68,0.238,-1,-1,-1
274,1,1079.88,424.68,68.26,173.88,0.514,-1,-1,-1
274,5,954.22,399.37,183.05,646.26,0.835,-1,-1,-1
274,8,1132.09,448.47,39.28,104.03,0.552,-1,-1,-1
274,9,1385.93,430.64,174.83,420.05,0.917,-1,-1,-1
274,19,506.01,454.80,37.02,105.95,0.782,-1,-1,-1
274,26,392.62,464.64,40.83,111.35,0.753,-1,-1,-1
274,27,1302.95,432.18,41.19,116.84,0.423,-1,-1,-1
274,29,456.50,455.83,36.03,105.57,0.586,-1,-1,-1
274,30,691.62,446.32,70.53,194.89,0.782,-1,-1,-1
274,32,568.86,458.17,20.44,60.02,0.149,-1,-1,-1
274,33,811.59,425.92,142.61,497.37,0.738,-1,-1,-1
274,34,582.40,458.90,19.62,59.20,0.477,-1,-1,-1
274,36,635.76,457.97,22.76,59.71,0.657,-1,-1,-1
274,37,1603.18,411.60,134.20,338.84,0.809,-1,-1,-1
274,38,789.55,450.84,26.18,75.86,0.317,-1,-1,-1
274,39,737.76,476.83,47.95,113.90,0.187,-1,-1,-1
274,40,614.09,458.22,20.48,56.09,0.332,-1,-1,-1
275,1,1081.10,424.53,69.60,174.94,0.439,-1,-1,-1
275,5,956.85,399.18,181.53,644.93,0.795,-1,-1,-1
275,8,1134.62,448.04,38.97,103.57,0.539,-1,-1,-1
275,9,1388.04,432.53,177.53,420.81,0.915,-1,-1,-1
275,19,506.20,454.99,36.96,105.76,0.715,-1,-1,-1
275,26,391.91,465.18,40.56,111.02,0.745,-1,-1,-1
275,27,1302.01,431.47,40.60,117.60,0.554,-1,-1,-1
275,29,455.80,455.75,36.17,105.83,0.574,-1,-1,-1
275,30,694.59,446.68,70.82,194.23,0.757,-1,-1,-1
275,32,569.76,457.56,20.42,60.33,0.189,-1,-1,-1
275,33,811.12,424.78,142.34,498.32,0.734,-1,-1,-1
275,34,582.16,457.99,19.83,59.96,0.465,-1,-1,-1
275,36,636.90,457.51,22.87,59.93,0.618,-1,-1,-1
275,37,1589.84,410.49,133.94,340.38,0.883,-1,-1,-1
275,38,790.89,450.53,26.93,77.83,0.389,-1,-1,-1
275,40,614.46,458.50,20.84,57.06,0.497,-1,-1,-1
276,1,1082.42,424.55,70.62,175.09,0.494,-1,-1,-1
276,5,959.76,398.76,180.05,644.56,0.811,-1,-1,-1
276,8,1135.65,447.73,38.70,103.41,0.573,-1,-1,-1
276,9,1389.38,430.10,180.38,424.13,0.916,-1,-1,-1
276,19,506.37,454.95,36.89,105.53,0.734,-1,-1,-1
276,26,391.50,464.92,40.54,111.41,0.755,-1,-1,-1
276,27,1302.54,431.40,39.98,117.52,0.583,-1,-1,-1
276,29,455.48,457.70,35.70,104.14,0.479,-1,-1,-1
276,30,699.37,447.78,70.34,192.90,0.824,-1,-1,-1
276,32,570.33,457.11,20.42,60.69,0.155,-1,-1,-1
276,33,815.09,424.15,141.46,498.67,0.729,-1,-1,-1
276,34,581.58,456.94,20.10,60.87,0.439,-1,-1,-1
276,36,638.66,458.08,22.45,59.05,0.652,-1,-1,-1
276,37,1575.50,412.91,134.75,339.08,0.907,-1,-1,-1
276,38,792.12,450.70,27.27,78.71,0.257,-1,-1,-1
276,40,615.00,459.36,20.32,55.92,0.400,-1,-1,-1
277,1,1086.50,432.26,68.17,166.58,0.376,-1,-1,-1
277,5,962.26,398.87,179.72,648.54,0.818,-1,-1,-1
277,8,1137.24,447.33,37.99,102.48,0.503,-1,-1,-1
277,9,1392.49,428.16,181.76,426.20,0.912,-1,-1,-1
277,19,506.46,455.06,36.89,105.52,0.733,-1,-1,-1
277,26,391.19,464.73,40.68,111.68,0.761,-1,-1,-1
277,27,1302.60,430.29,39.72,118.65,0.567,-1,-1,-1
277,29,454.70,459.36,35.31,102.67,0.567,-1,-1,-1
277,30,702.88,446.84,71.33,194.89,0.841,-1,-1,-1
277,32,571.09,456.91,20.28,60.69,0.131,-1,-1,-1
277,33,819.96,424.14,140.83,498.95,0.722,-1,-1,-1
277,34,581.49,456.94,20.02,60.74,0.352,-1,-1,-1
277,36,640.19,458.95,22.06,58.40,0.607,-1,-1,-1
277,37,1561.89,414.81,137.18,337.28,0.903,-1,-1,-1
277,38,792.83,451.02,27.28,78.50,0.247,-1,-1,-1
277,40,615.72,459.28,20.11,55.71,0.334,-1,-1,-1
278,1,1090.60,441.27,65.40,157.43,0.399,-1,-1,-1
278,5,965.10,399.23,179.19,651.81,0.858,-1,-1,-1
278,8,1138.08,446.67,37.69,102.68,0.555,-1,-1,-1
278,9,1397.37,426.39,181.96,428.52,0.882,-1,-1,-1
278,19,506.67,455.35,36.81,105.23,0.707,-1,-1,-1
278,26,391.21,464.41,40.91,111.86,0.742,-1,-1,-1
278,27,1302.61,429.82,39.09,118.26,0.497,-1,-1,-1
278,29,454.16,459.21,35.07,102.01,0.420,-1,-1,-1
278,30,707.94,446.19,71.97,195.39,0.839,-1,-1,-1
278,32,572.90,455.69,20.45,61.72,0.232,-1,-1,-1
278,33,824.06,424.98,140.24,498.12,0.737,-1,-1,-1
278,34,580.65,455.85,20.28,61.61,0.312,-1,-1,-1
278,36,641.62,457.80,22.37,59.72,0.607,-1,-1,-1
278,37,1554.77,417.64,138.77,333.20,0.903,-1,-1,-1
278,38,792.88,450.01,28.09,80.62,0.351,-1,-1,-1
278,40,616.30,459.00,20.14,56.18,0.336,-1,-1,-1
279,1,1088.90,431.20,70.18,167.52,0.461,-1,-1,-1
279,5,968.12,399.53,178.00,651.68,0.816,-1,-1,-1
279,8,1139.19,445.39,37.17,102.48,0.468,-1,-1,-1
279,9,1408.58,424.17,180.39,431.19,0.832,-1,-1,-1
279,19,506.15,455.28,36.84,105.06,0.656,-1,-1,-1
279,26,389.47,464.00,41.14,112.46,0.697,-1,-1,-1
279,27,1302.55,429.13,38.73,117.91,0.274,-1,-1,-1
279,29,453.40,459.26,33.91,98.55,0.439,-1,-1,-1
279,30,712.69,446.89,72.52,195.04,0.833,-1,-1,-1
279,32,573.83,456.19,20.19,61.18,0.154,-1,-1,-1
279,33,826.18,424.46,139.90,498.18,0.769,-1,-1,-1
279,34,580.79,456.92,19.91,60.53,0.439,-1,-1,-1
279,36,642.38,457.29,22.42,60.32,0.506,-1,-1,-1
279,37,1551.47,419.42,140.13,329.64,0.916,-1,-1,-1
279,38,792.70,448.86,28.80,82.54,0.360,-1,-1,-1
279,40,617.13,458.67,20.39,57.09,0.285,-1,-1,-1
280,1,1088.32,425.39,73.88,175.13,0.512,-1,-1,-1
280,5,968.42,400.13,177.59,651.37,0.828,-1,-1,-1
280,8,1140.81,445.01,36.49,101.61,0.380,-1,-1,-1
280,9,1409.75,422.79,179.78,432.69,0.792,-1,-1,-1
280,19,506.38,455.19,36.83,105.18,0.689,-1,-1,-1
280,26,389.02,463.10,41.69,113.38,0.651,-1,-1,-1
280,27,1302.74,428.73,38.39,117.62,0.231,-1,-1,-1
280,29,452.97,458.48,33.91,99.24,0.406,-1,-1,-1
280,30,717.47,448.01,73.31,194.37,0.855,-1,-1,-1
280,32,574.23,456.03,20.29,61.42,-1.000,-1,-1,-1
280,33,829.43,424.65,140.20,497.76,0.745,-1,-1,-1
280,34,580.83,457.60,19.74,60.00,0.506,-1,-1,-1
280,36,643.31,456.55,22.54,60.96,0.555,-1,-1,-1
280,37,1551.63,420.67,139.81,326.45,0.896,-1,-1,-1
280,38,793.37,448.06,29.56,83.91,0.662,-1,-1,-1
280,40,617.56,458.96,19.99,56.24,0.210,-1,-1,-1
280,41,1339.27,444.89,31.25,104.89,0.684,-1,-1,-1
280,42,670.74,488.71,50.13,106.77,0.550,-1,-1,-1
281,1,1088.82,421.74,76.34,180.20,0.588,-1,-1,-1
281,5,967.24,400.20,177.36,650.10,0.800,-1,-1,-1
281,8,1141.34,443.53,37.27,104.91,0.313,-1,-1,-1
281,9,1423.96,422.85,175.64,431.76,0.843,-1,-1,-1
281,19,506.89,455.44,36.51,104.36,0.641,-1,-1,-1
281,26,389.08,462.17,42.41,114.33,0.732,-1,-1,-1
281,27,1302.89,428.73,37.87,117.02,0.511,-1,-1,-1
281,29,452.07,458.03,34.29,101.17,0.458,-1,-1,-1
281,30,720.64,450.85,73.38,191.82,0.868,-1,-1,-1
281,32,574.64,455.87,20.39,61.66,-1.000,-1,-1,-1
281,33,828.75,424.51,140.28,497.57,0.766,-1,-1,-1
281,34,581.17,456.99,19.95,60.70,0.556,-1,-1,-1
281,36,644.90,456.44,22.39,60.80,0.487,-1,-1,-1
281,37,1549.27,421.61,138.54,322.87,0.897,-1,-1,-1
281,38,793.28,447.90,29.73,84.36,0.526,-1,-1,-1
281,40,617.87,459.30,19.75,55.85,0.182,-1,-1,-1
281,41,1341.18,445.05,31.19,104.72,0.628,-1,-1,-1
281,42,671.90,490.19,48.30,102.77,0.711,-1,-1,-1
282,1,1089.35,420.28,77.62,182.57,0.562,-1,-1,-1
282,5,972.94,400.00,175.95,649.57,0.824,-1,-1,-1
282,8,1142.72,443.72,37.32,105.77,0.548,-1,-1,-1
282,9,1437.86,421.33,173.04,433.38,0.809,-1,-1,-1
282,19,507.04,455.60,36.22,103.76,0.657,-1,-1,-1
282,26,387.85,462.93,42.18,113.45,0.703,-1,-1,-1
282,27,1303.50,428.30,37.83,117.23,0.354,-1,-1,-1
282,29,452.07,457.92,34.99,104.24,0.581,-1,-1,-1
282,30,721.85,450.50,74.74,192.68,0.870,-1,-1,-1
282,32,575.04,455.71,20.48,61.89,-1.000,-1,-1,-1
282,33,831.36,424.21,141.66,497.55,0.792,-1,-1,-1
282,34,581.10,456.81,20.05,61.06,0.531,-1,-1,-1
282,36,646.39,456.82,22.05,60.30,0.600,-1,-1,-1
282,37,1543.32,421.72,137.43,322.05,0.785,-1,-1,-1
282,38,792.58,447.82,29.69,84.49,0.431,-1,-1,-1
282,40,618.02,459.37,19.54,55.49,0.318,-1,-1,-1
282,41,1342.76,444.92,31.37,105.25,0.704,-1,-1,-1
282,42,672.66,490.90,47.83,101.58,0.668,-1,-1,-1
283,1,1089.58,419.36,78.93,185.38,0.568,-1,-1,-1
283,5,974.95,399.52,175.01,648.94,0.823,-1,-1,-1
283,8,1144.72,442.79,37.82,106.86,0.566,-1,-1,-1
283,9,1451.36,420.41,170.10,434.11,0.831,-1,-1,-1
283,19,506.90,455.70,36.37,104.41,0.706,-1,-1,-1
283,26,386.67,463.03,42.23,113.20,0.739,-1,-1,-1
283,27,1303.68,427.95,37.75,117.27,0.120,-1,-1,-1
283,29,451.98,457.93,34.40,103.13,0.255,-1,-1,-1
283,30,723.02,450.15,75.83,193.08,0.871,-1,-1,-1
283,32,575.45,455.55,20.58,62.13,-1.000,-1,-1,-1
283,33,836.25,424.13,143.44,497.59,0.811,-1,-1,-1
283,34,581.14,456.44,20.15,61.37,0.555,-1,-1,-1
283,36,647.18,456.46,22.21,61.08,0.605,-1,-1,-1
283,37,1536.85,422.30,133.52,314.76,0.489,-1,-1,-1
283,38,792.13,448.18,29.25,83.65,0.513,-1,-1,-1
283,40,618.72,458.63,20.12,57.10,0.485,-1,-1,-1
283,41,1344.65,444.45,31.46,105.55,0.689,-1,-1,-1
283,42,673.74,491.93,47.21,99.96,0.705,-1,-1,-1
284,1,1090.29,418.71,79.75,187.39,0.364,-1,-1,-1
284,5,978.85,399.37,174.16,648.36,0.772,-1,-1,-1
284,8,1146.96,444.05,37.46,105.81,0.517,-1,-1,-1
284,9,1462.14,424.01,165.45,430.40,0.848,-1,-1,-1
284,19,506.86,455.63,36.49,104.75,0.729,-1,-1,-1
284,25,1480.12,414.97,60.81,229.48,0.584,-1,-1,-1
284,26,385.23,463.11,42.22,113.01,0.758,-1,-1,-1
284,27,1303.68,427.39,37.76,117.76,0.237,-1,-1,-1
284,29,451.77,457.71,34.07,102.94,0.410,-1,-1,-1
284,30,723.76,450.80,76.61,192.32,0.875,-1,-1,-1
284,32,575.85,455.39,20.68,62.37,-1.000,-1,-1,-1
284,33,840.99,424.84,145.59,496.40,0.814,-1,-1,-1
284,34,580.88,456.22,20.29,61.62,0.649,-1,-1,-1
284,36,647.81,456.57,22.37,61.80,0.515,-1,-1,-1
284,37,1522.20,421.76,132.27,312.59,-1.000,-1,-1,-1
284,38,791.83,447.28,29.37,84.26,0.441,-1,-1,-1
284,40,618.75,458.39,20.03,56.84,0.203,-1,-1,-1
284,41,1345.97,444.10,31.68,106.40,0.636,-1,-1,-1
284,42,673.71,491.56,47.43,100.09,0.667,-1,-1,-1
285,1,1091.84,420.63,79.45,186.88,0.265,-1,-1,-1
285,5,982.00,398.99,173.43,647.04,0.817,-1,-1,-1
285,8,1148.14,443.69,37.52,106.19,0.503,-1,-1,-1
285,9,1471.87,425.79,162.20,428.74,0.858,-1,-1,-1
285,19,506.73,455.87,36.36,104.88,0.766,-1,-1,-1
285,25,1483.57,414.11,63.11,223.94,0.532,-1,-1,-1
285,26,384.31,463.43,42.22,112.67,0.781,-1,-1,-1
285,27,1303.34,426.71,37.86,118.49,0.311,-1,-1,-1
285,29,450.97,456.20,34.13,103.66,0.438,-1,-1,-1
285,30,724.05,449.02,78.27,194.47,0.891,-1,-1,-1
285,32,576.26,455.23,20.77,62.61,-1.000,-1,-1,-1
285,33,844.51,425.36,148.39,495.75,0.836,-1,-1,-1
285,34,580.56,456.14,20.40,61.82,0.650,-1,-1,-1
285,36,648.58,457.11,22.19,61.51,0.467,-1,-1,-1
285,37,1507.55,421.21,131.01,310.42,-1.000,-1,-1,-1
285,40,618.71,458.55,19.74,56.07,0.177,-1,-1,-1
285,41,1348.95,444.40,31.62,105.98,0.696,-1,-1,-1
285,42,673.12,491.12,49.18,103.58,0.674,-1,-1,-1
286,1,1093.16,421.41,79.25,186.77,0.254,-1,-1,-1
286,5,985.42,399.34,172.68,648.75,0.799,-1,-1,-1
286,8,1149.65,444.65,37.26,105.19,0.552,-1,-1,-1
286,9,1488.82,426.85,161.53,426.91,0.889,-1,-1,-1
286,19,506.79,456.27,36.14,104.53,0.747,-1,-1,-1
286,25,1488.11,413.46,64.39,221.91,0.282,-1,-1,-1
286,26,383.80,463.68,42.25,112.44,0.788,-1,-1,-1
286,27,1303.36,426.14,37.87,118.98,0.179,-1,-1,-1
286,29,450.32,454.84,34.09,103.88,0.488,-1,-1,-1
286,30,724.62,447.64,79.70,196.59,0.892,-1,-1,-1
286,32,576.66,455.07,20.87,62.85,-1.000,-1,-1,-1
286,33,847.05,425.91,150.82,494.55,0.842,-1,-1,-1
286,34,580.49,456.10,20.55,61.98,0.659,-1,-1,-1
286,35,700.08,482.02,37.38,96.14,0.532,-1,-1,-1
286,36,649.04,457.06,22.25,61.92,0.498,-1,-1,-1
286,37,1492.90,420.67,129.76,308.25,-1.000,-1,-1,-1
286,40,618.81,458.80,19.60,55.75,0.306,-1,-1,-1
286,41,1350.71,444.31,31.80,106.53,0.643,-1,-1,-1
286,42,673.15,490.51,49.76,104.54,0.632,-1,-1,-1
287,1,1097.16,428.35,76.03,179.60,0.122,-1,-1,-1
287,5,988.15,399.23,172.11,650.23,0.801,-1,-1,-1
287,8,1149.84,444.85,37.52,105.53,0.657,-1,-1,-1
287,9,1504.52,425.21,164.55,429.05,0.902,-1,-1,-1
287,19,506.46,456.27,36.11,104.72,0.740,-1,-1,-1
287,25,1493.33,412.18,67.29,224.52,0.375,-1,-1,-1
287,26,382.85,463.24,42.50,112.99,0.790,-1,-1,-1
287,27,1303.22,426.23,37.54,118.59,0.280,-1,-1,-1
287,29,450.49,456.22,32.73,100.03,0.494,-1,-1,-1
287,30,724.85,446.09,81.09,198.84,0.890,-1,-1,-1
287,32,577.07,454.91,20.97,63.08,-1.000,-1,-1,-1
287,33,849.93,426.83,152.63,493.41,0.840,-1,-1,-1
287,34,579.56,455.87,20.75,62.41,0.635,-1,-1,-1
287,35,700.39,481.25,36.74,97.58,0.545,-1,-1,-1
287,36,649.33,456.74,22.16,61.80,0.222,-1,-1,-1
287,37,1478.25,420.13,128.50,306.08,-1.000,-1,-1,-1
287,40,618.38,458.89,20.24,57.74,0.519,-1,-1,-1
287,41,1351.85,444.58,31.73,106.35,0.648,-1,-1,-1
287,42,673.19,491.93,49.67,103.88,0.750,-1,-1,-1
288,1,1102.73,435.30,71.53,169.66,0.131,-1,-1,-1
288,5,992.78,400.04,170.39,646.22,0.810,-1,-1,-1
288,8,1150.79,444.12,38.01,106.27,0.679,-1,-1,-1
288,9,1515.68,427.83,168.24,429.89,0.890,-1,-1,-1
288,19,506.46,456.39,35.89,104.45,0.703,-1,-1,-1
288,25,1497.51,412.27,70.15,230.21,0.208,-1,-1,-1
288,26,382.59,463.89,42.36,112.49,0.804,-1,-1,-1
288,27,1303.31,427.12,37.12,117.84,0.358,-1,-1,-1
288,29,450.48,456.80,32.12,98.37,0.482,-1,-1,-1
288,30,725.96,445.15,81.80,200.00,0.890,-1,-1,-1
288,32,577.47,454.75,21.06,63.32,0.622,-1,-1,-1
288,33,851.01,426.56,154.97,494.29,0.835,-1,-1,-1
288,34,579.42,455.58,20.83,62.61,-1.000,-1,-1,-1
288,35,700.95,480.44,36.10,97.90,0.495,-1,-1,-1
288,36,649.45,456.42,22.13,61.82,0.365,-1,-1,-1
288,37,1463.60,419.58,127.24,303.91,-1.000,-1,-1,-1
288,40,618.87,458.92,20.63,58.67,0.463,-1,-1,-1
288,41,1354.97,444.29,32.09,106.25,0.655,-1,-1,-1
288,42,673.02,492.25,50.25,104.68,0.769,-1,-1,-1
289,1,1105.82,438.80,68.90,163.81,0.167,-1,-1,-1
289,5,995.38,400.53,169.23,644.04,0.843,-1,-1,-1
289,8,1152.95,442.90,38.34,107.41,0.614,-1,-1,-1
289,9,1526.99,428.77,174.28,430.81,0.913,-1,-1,-1
289,19,507.12,456.52,35.81,104.56,0.754,-1,-1,-1
289,25,1504.78,413.55,70.04,229.35,-1.000,-1,-1,-1
289,26,382.74,464.17,42.26,112.16,0.792,-1,-1,-1
289,27,1303.57,427.60,36.81,117.45,0.369,-1,-1,-1
289,29,450.93,457.57,31.71,97.12,0.375,-1,-1,-1
289,30,728.74,444.62,81.93,200.43,0.878,-1,-1,-1
289,32,578.56,454.46,21.26,63.67,0.660,-1,-1,-1
289,33,853.44,426.59,156.31,494.74,0.814,-1,-1,-1
289,34,579.28,455.29,20.91,62.80,-1.000,-1,-1,-1
289,35,701.95,480.23,35.67,98.51,0.554,-1,-1,-1
289,36,650.66,456.10,22.77,63.75,0.230,-1,-1,-1
289,37,1448.96,419.04,125.99,301.75,0.641,-1,-1,-1
289,40,619.65,459.36,20.78,58.98,0.365,-1,-1,-1
289,41,1358.24,445.06,32.63,105.63,0.740,-1,-1,-1
289,42,673.02,492.19,51.16,106.28,0.698,-1,-1,-1
290,1,1109.16,441.74,66.38,158.28,0.150,-1,-1,-1
290,5,997.07,400.30,168.40,644.08,0.856,-1,-1,-1
290,8,1154.81,441.41,39.67,110.15,0.717,-1,-1,-1
290,9,1533.37,430.80,180.27,430.83,0.908,-1,-1,-1
290,19,507.41,455.93,35.84,104.80,0.694,-1,-1,-1
290,25,1512.05,414.83,69.92,228.48,-1.000,-1,-1,-1
290,26,382.85,464.04,42.28,112.20,0.793,-1,-1,-1
290,27,1303.71,425.96,37.13,119.14,0.203,-1,-1,-1
290,29,451.27,459.53,31.64,96.96,0.588,-1,-1,-1
290,30,732.73,445.84,81.33,199.17,0.866,-1,-1,-1
290,32,578.95,454.24,21.39,63.81,0.640,-1,-1,-1
290,33,856.14,426.72,157.04,493.89,0.836,-1,-1,-1
290,34,579.14,455.00,20.99,63.00,-1.000,-1,-1,-1
290,35,702.57,480.08,35.19,98.42,0.484,-1,-1,-1
290,36,650.96,455.86,24.34,68.55,0.229,-1,-1,-1
290,37,1432.43,422.79,121.05,292.79,0.677,-1,-1,-1
290,40,620.03,459.73,21.03,59.43,0.578,-1,-1,-1
290,41,1360.80,445.08,32.97,105.73,0.179,-1,-1,-1
290,42,672.47,492.44,51.95,107.84,0.689,-1,-1,-1
291,5,998.17,401.82,167.15,643.36,0.856,-1,-1,-1
291,8,1155.40,439.99,40.41,111.85,0.638,-1,-1,-1
291,9,1536.23,432.12,187.39,433.51,0.910,-1,-1,-1
291,19,507.39,455.72,35.92,105.11,0.753,-1,-1,-1
291,25,1519.31,416.10,69.81,227.62,-1.000,-1,-1,-1
291,26,383.12,463.89,42.45,112.23,0.767,-1,-1,-1
291,27,1303.49,426.38,36.88,118.73,0.237,-1,-1,-1
291,29,450.69,458.89,32.58,100.14,0.459,-1,-1,-1
291,30,733.60,445.36,81.63,200.79,0.841,-1,-1,-1
291,32,579.45,454.04,21.47,63.80,0.634,-1,-1,-1
291,33,855.26,427.07,158.29,493.99,0.824,-1,-1,-1
291,34,579.00,454.71,21.07,63.19,-1.000,-1,-1,-1
291,35,703.10,480.31,34.58,97.81,0.384,-1,-1,-1
291,36,650.51,455.52,26.47,74.96,0.470,-1,-1,-1
291,37,1420.90,426.23,118.87,285.07,0.794,-1,-1,-1
291,40,620.41,459.58,20.70,58.24,0.213,-1,-1,-1
291,41,1362.38,444.70,34.09,106.33,0.661,-1,-1,-1
291,42,672.57,492.25,51.83,107.41,0.710,-1,-1,-1
292,5,998.89,400.75,166.32,642.63,0.846,-1,-1,-1
292,8,1154.73,439.06,40.65,112.66,0.665,-1,-1,-1
292,9,1537.58,432.58,193.83,435.43,0.906,-1,-1,-1
292,19,506.95,455.28,36.03,105.58,0.755,-1,-1,-1
292,25,1526.58,417.38,69.70,226.76,-1.000,-1,-1,-1
292,26,382.62,463.67,42.60,112.52,0.804,-1,-1,-1
292,27,1303.44,426.12,36.75,118.97,0.160,-1,-1,-1
292,29,449.96,459.37,33.07,101.66,0.554,-1,-1,-1
292,30,739.76,444.79,81.02,200.70,0.827,-1,-1,-1
292,32,581.13,454.49,21.21,62.96,-1.000,-1,-1,-1
292,33,855.42,426.57,158.99,493.96,0.835,-1,-1,-1
292,34,578.86,454.42,21.15,63.39,0.570,-1,-1,-1
292,35,703.07,480.59,34.66,99.17,0.443,-1,-1,-1
292,36,650.18,454.82,27.41,78.07,0.387,-1,-1,-1
292,37,1409.35,426.04,118.23,280.99,0.830,-1,-1,-1
292,40,620.42,459.56,20.39,57.07,0.245,-1,-1,-1
292,41,1363.15,445.45,34.95,105.46,0.721,-1,-1,-1
292,42,672.78,491.95,51.54,106.54,0.753,-1,-1,-1
292,43,557.86,455.82,21.10,61.31,0.578,-1,-1,-1
293,5,999.42,401.03,165.48,641.73,0.842,-1,-1,-1
293,8,1155.06,438.68,40.67,112.24,0.722,-1,-1,-1
293,9,1536.33,433.64,200.60,439.41,0.913,-1,-1,-1
293,19,506.82,455.30,36.07,105.68,0.770,-1,-1,-1
293,25,1533.85,418.66,69.59,225.89,-1.000,-1,-1,-1
293,26,381.86,463.74,42.65,112.40,0.760,-1,-1,-1
293,27,1303.12,426.23,36.60,118.98,0.122,-1,-1,-1
293,29,448.97,459.46,33.36,102.46,0.594,-1,-1,-1
293,30,742.79,444.57,79.73,200.40,0.812,-1,-1,-1
293,32,582.81,454.93,20.95,62.12,-1.000,-1,-1,-1
293,33,854.40,425.70,160.20,495.66,0.823,-1,-1,-1
293,34,577.53,454.06,21.19,63.44,0.502,-1,-1,-1
293,35,703.01,481.25,34.30,99.47,0.447,-1,-1,-1
293,36,650.79,454.15,26.55,75.65,0.335,-1,-1,-1
293,37,1402.90,425.95,118.89,280.14,0.870,-1,-1,-1
293,40,620.09,459.61,20.16,56.08,0.218,-1,-1,-1
293,41,1365.23,446.01,33.93,102.37,0.198,-1,-1,-1
293,42,672.71,491.40,51.62,106.52,0.761,-1,-1,-1
293,43,557.16,455.27,21.26,61.74,0.593,-1,-1,-1
294,5,1000.44,400.35,164.54,641.19,0.822,-1,-1,-1
294,8,1157.04,439.41,40.63,111.75,0.746,-1,-1,-1
294,9,1534.95,432.50,207.89,445.85,0.920,-1,-1,-1
294,19,506.83,455.28,36.12,105.68,0.765,-1,-1,-1
294,25,1541.12,419.93,69.48,225.03,-1.000,-1,-1,-1
294,26,381.98,463.70,42.73,112.42,0.746,-1,-1,-1
294,27,1303.70,426.56,36.36,118.74,0.261,-1,-1,-1
294,29,449.27,459.21,32.70,99.86,0.363,-1,-1,-1
294,30,748.77,445.03,78.81,199.42,0.760,-1,-1,-1
294,32,584.49,455.37,20.69,61.27,-1.000,-1,-1,-1
294,33,855.17,423.42,161.45,498.47,0.835,-1,-1,-1
294,34,577.30,455.08,20.77,61.95,0.570,-1,-1,-1
294,35,703.36,480.98,34.33,100.91,0.438,-1,-1,-1
294,36,652.19,454.09,27.29,78.27,0.520,-1,-1,-1
294,37,1400.68,426.35,120.08,279.94,0.886,-1,-1,-1
294,40,620.80,458.61,19.67,54.46,0.139,-1,-1,-1
294,41,1366.05,447.17,35.22,102.34,0.743,-1,-1,-1
294,42,673.16,490.68,51.40,105.92,0.761,-1,-1,-1
294,43,557.37,455.39,21.21,61.57,0.592,-1,-1,-1
295,5,1001.36,400.34,163.80,640.65,0.819,-1,-1,-1
295,8,1159.75,442.24,39.55,108.52,0.660,-1,-1,-1
295,9,1535.36,432.98,212.38,447.46,0.915,-1,-1,-1
295,19,507.25,455.37,35.77,104.65,0.695,-1,-1,-1
295,25,1548.38,421.21,69.37,224.17,-1.000,-1,-1,-1
295,26,381.91,463.75,42.74,112.31,0.779,-1,-1,-1
295,27,1304.25,427.14,36.03,118.29,0.208,-1,-1,-1
295,29,449.03,459.40,32.74,99.78,0.369,-1,-1,-1
295,30,753.51,444.49,78.82,200.89,0.709,-1,-1,-1
295,32,586.17,455.81,20.43,60.43,-1.000,-1,-1,-1
295,33,856.52,422.24,161.83,498.73,0.849,-1,-1,-1
295,34,577.22,455.03,20.82,61.77,0.564,-1,-1,-1
295,35,703.80,481.32,34.11,101.81,0.495,-1,-1,-1
295,36,653.35,453.58,27.60,79.22,0.446,-1,-1,-1
295,37,1401.40,426.45,122.61,280.11,0.904,-1,-1,-1
295,40,620.93,457.93,20.04,55.38,0.205,-1,-1,-1
295,41,1367.80,447.51,36.22,102.48,0.736,-1,-1,-1
295,42,672.72,490.11,51.74,106.73,0.764,-1,-1,-1
295,43,557.57,455.37,21.19,61.50,0.624,-1,-1,-1
296,5,1002.01,399.86,163.23,640.91,0.829,-1,-1,-1
296,8,1163.02,444.19,38.65,106.15,0.673,-1,-1,-1
296,9,1541.63,430.98,214.94,449.77,0.904,-1,-1,-1
296,19,507.23,455.57,35.78,104.72,0.697,-1,-1,-1
296,25,1555.65,422.49,69.25,223.30,-1.000,-1,-1,-1
296,26,382.04,463.65,42.92,112.45,0.722,-1,-1,-1
296,27,1304.29,427.45,35.71,117.80,0.296,-1,-1,-1
296,29,448.06,459.64,33.48,101.57,0.656,-1,-1,-1
296,30,753.21,443.93,78.36,202.96,0.772,-1,-1,-1
296,32,587.85,456.25,20.17,59.59,-1.000,-1,-1,-1
296,33,857.62,421.26,162.14,499.31,0.856,-1,-1,-1
296,34,577.10,454.91,20.76,61.60,0.569,-1,-1,-1
296,35,703.28,481.24,34.32,103.76,0.512,-1,-1,-1
296,36,654.16,453.65,27.83,80.55,0.482,-1,-1,-1
296,37,1402.33,426.37,126.29,281.71,0.900,-1,-1,-1
296,40,621.02,457.29,20.74,57.27,0.277,-1,-1,-1
296,41,1371.22,447.61,36.46,102.86,0.344,-1,-1,-1
296,42,673.11,489.80,51.34,105.81,0.775,-1,-1,-1
296,43,557.58,455.37,21.23,61.59,0.650,-1,-1,-1
297,5,1002.18,399.73,162.51,639.66,0.800,-1,-1,-1
297,8,1166.80,445.81,38.16,103.97,0.709,-1,-1,-1
297,9,1543.97,429.16,217.17,451.82,0.894,-1,-1,-1
297,19,506.83,455.17,35.73,104.98,0.704,-1,-1,-1
297,25,1562.92,423.77,69.14,222.44,-1.000,-1,-1,-1
297,26,381.76,463.77,42.99,112.41,0.762,-1,-1,-1
297,27,1304.33,428.01,35.55,117.55,0.432,-1,-1,-1
297,29,446.97,458.89,33.99,102.75,0.579,-1,-1,-1
297,30,755.17,442.98,78.11,205.38,0.783,-1,-1,-1
297,32,589.53,456.70,19.91,58.74,-1.000,-1,-1,-1
297,33,858.28,420.66,162.32,499.90,0.849,-1,-1,-1
297,34,577.02,455.12,20.56,61.16,0.553,-1,-1,-1
297,35,703.33,481.35,34.35,105.26,0.581,-1,-1,-1
297,36,654.60,454.28,27.64,80.85,0.437,-1,-1,-1
297,37,1396.13,426.78,134.76,300.22,0.865,-1,-1,-1
297,40,621.05,456.54,21.63,59.68,0.431,-1,-1,-1
297,41,1373.62,446.86,36.54,102.96,0.357,-1,-1,-1
297,42,673.27,490.35,51.38,105.93,0.767,-1,-1,-1
297,43,557.74,455.47,21.22,61.57,0.630,-1,-1,-1
298,5,1004.15,399.89,161.84,638.17,0.790,-1,-1,-1
298,8,1169.92,447.62,37.82,101.87,0.768,-1,-1,-1
298,9,1550.33,426.24,218.49,455.33,0.870,-1,-1,-1
298,19,506.41,455.26,35.73,105.33,0.743,-1,-1,-1
298,25,1570.18,425.04,69.03,221.57,-1.000,-1,-1,-1
298,26,381.60,463.62,43.13,112.61,0.762,-1,-1,-1
298,27,1304.45,428.25,35.47,117.40,0.364,-1,-1,-1
298,29,446.50,459.67,33.82,101.90,0.294,-1,-1,-1
298,30,755.69,443.64,76.97,206.39,0.817,-1,-1,-1
298,32,591.21,457.14,19.65,57.90,-1.000,-1,-1,-1
298,33,859.82,419.00,162.85,503.38,0.839,-1,-1,-1
298,34,577.10,455.18,20.47,60.89,0.575,-1,-1,-1
298,35,703.49,481.51,34.06,105.63,0.524,-1,-1,-1
298,36,654.93,454.76,27.33,80.63,0.397,-1,-1,-1
298,37,1393.81,429.02,128.60,286.18,0.913,-1,-1,-1
298,40,621.10,456.05,22.14,60.90,0.479,-1,-1,-1
298,41,1376.59,446.13,36.33,102.86,0.276,-1,-1,-1
298,42,673.66,491.34,50.50,104.00,0.750,-1,-1,-1
298,43,557.73,455.59,21.06,61.03,0.592,-1,-1,-1
299,5,1006.33,399.46,161.40,637.36,0.769,-1,-1,-1
299,8,1171.57,448.73,37.53,100.25,0.717,-1,-1,-1
299,9,1558.32,425.41,218.01,456.35,0.785,-1,-1,-1
299,19,506.19,455.30,35.63,105.33,0.782,-1,-1,-1
299,25,1577.45,426.32,68.92,220.71,-1.000,-1,-1,-1
299,26,381.44,463.34,43.20,112.71,0.789,-1,-1,-1
299,27,1304.78,428.60,35.25,116.92,0.161,-1,-1,-1
299,29,445.81,458.64,34.44,103.50,0.367,-1,-1,-1
299,30,759.25,443.81,76.27,207.18,0.820,-1,-1,-1
299,32,592.89,457.58,19.38,57.06,-1.000,-1,-1,-1
299,33,863.43,418.22,162.32,506.06,0.860,-1,-1,-1
299,34,577.15,455.13,20.40,60.88,0.573,-1,-1,-1
299,35,703.98,481.98,33.72,105.80,0.469,-1,-1,-1
299,36,655.16,455.08,27.17,80.77,0.383,-1,-1,-1
299,37,1387.84,425.94,126.09,284.15,0.886,-1,-1,-1
299,40,621.49,456.04,22.66,62.18,0.527,-1,-1,-1
299,41,1379.55,445.67,35.75,102.14,0.375,-1,-1,-1
299,42,675.31,492.20,49.26,101.56,0.728,-1,-1,-1
299,43,558.07,456.67,20.70,59.90,0.606,-1,-1,-1
300,5,1008.50,399.51,160.54,634.06,0.742,-1,-1,-1
300,8,1173.55,449.18,37.77,99.68,0.767,-1,-1,-1
300,9,1569.61,423.69,217.06,457.95,0.731,-1,-1,-1
300,19,506.58,455.19,35.53,105.40,0.786,-1,-1,-1
300,25,1584.72,427.60,68.81,219.85,0.528,-1,-1,-1
300,26,381.63,463.79,43.01,112.30,0.771,-1,-1,-1
300,27,1304.85,429.10,35.10,116.54,0.216,-1,-1,-1
300,29,445.44,459.29,34.46,103.07,0.298,-1,-1,-1
300,30,763.41,444.29,75.93,207.62,0.855,-1,-1,-1
300,32,594.57,458.02,19.12,56.22,-1.000,-1,-1,-1
300,33,867.12,418.39,161.70,509.77,0.863,-1,-1,-1
300,34,577.87,454.71,20.51,61.04,0.562,-1,-1,-1
300,35,704.27,479.79,33.87,106.92,0.272,-1,-1,-1
300,36,655.82,455.77,26.84,80.29,0.228,-1,-1,-1
300,37,1380.07,422.99,123.61,284.25,0.875,-1,-1,-1
300,39,729.05,474.92,50.96,123.41,0.619,-1,-1,-1
300,40,621.81,456.03,22.67,62.06,0.436,-1,-1,-1
300,41,1382.34,445.38,35.85,102.49,-1.000,-1,-1,-1
300,42,676.37,492.95,48.10,99.12,0.744,-1,-1,-1
300,43,558.62,457.80,20.26,58.54,0.563,-1,-1,-1
300,44,-16.73,737.77,133.99,119.70,0.731,-1,-1,-1
301,5,1011.51,399.87,159.69,630.31,0.739,-1,-1,-1
301,8,1174.15,449.47,38.16,99.61,0.770,-1,-1,-1
301,9,1581.77,425.42,212.04,456.26,0.831,-1,-1,-1
301,19,506.16,455.46,35.42,105.09,0.805,-1,-1,-1
301,25,1590.90,425.36,71.18,222.60,0.444,-1,-1,-1
301,26,381.67,463.77,43.05,112.39,0.793,-1,-1,-1
301,27,1304.89,429.44,35.01,116.30,0.170,-1,-1,-1
301,29,444.97,458.00,35.05,103.76,0.437,-1,-1,-1
301,30,766.54,445.30,75.65,207.96,0.877,-1,-1,-1
301,32,596.24,458.47,18.86,55.37,-1.000,-1,-1,-1
301,33,870.03,418.29,161.30,514.24,0.796,-1,-1,-1
301,34,578.11,454.50,20.70,61.40,0.572,-1,-1,-1
301,35,705.37,480.48,33.18,106.08,0.381,-1,-1,-1
301,36,656.79,456.16,26.62,79.85,0.196,-1,-1,-1
301,37,1368.63,419.16,121.33,287.44,0.872,-1,-1,-1
301,39,729.57,474.48,50.13,123.12,0.718,-1,-1,-1
301,40,621.93,455.83,22.71,61.92,0.459,-1,-1,-1
301,41,1385.12,445.08,35.96,102.83,-1.000,-1,-1,-1
301,42,677.10,493.36,47.30,97.53,0.746,-1,-1,-1
301,43,558.88,457.93,20.22,58.40,0.509,-1,-1,-1
301,44,-41.18,687.85,188.99,169.68,0.583,-1,-1,-1
302,5,1014.67,398.75,159.90,627.66,0.773,-1,-1,-1
302,8,1174.76,450.53,38.20,98.80,0.807,-1,-1,-1
302,9,1596.46,425.25,207.74,456.17,0.788,-1,-1,-1
302,19,506.17,455.61,35.33,105.26,0.808,-1,-1,-1
302,25,1599.01,415.80,76.95,232.48,0.674,-1,-1,-1
302,26,381.51,463.86,43.08,112.46,0.797,-1,-1,-1
302,27,1304.79,429.78,34.92,116.07,0.338,-1,-1,-1
302,29,444.59,457.13,34.91,102.60,0.211,-1,-1,-1
302,30,769.41,444.93,75.75,208.34,0.859,-1,-1,-1
302,32,597.92,458.91,18.60,54.53,-1.000,-1,-1,-1
302,33,871.65,417.91,161.30,519.98,0.778,-1,-1,-1
302,34,578.45,454.32,20.82,61.68,0.438,-1,-1,-1
302,35,704.94,480.01,33.20,107.34,0.510,-1,-1,-1
302,36,657.47,456.53,26.43,79.43,0.216,-1,-1,-1
302,37,1357.23,419.13,118.76,287.51,0.885,-1,-1,-1
302,39,729.60,474.57,49.61,123.12,0.648,-1,-1,-1
302,40,622.36,455.86,22.69,61.81,0.545,-1,-1,-1
302,41,1387.90,444.79,36.06,103.17,-1.000,-1,-1,-1
302,42,677.42,493.47,47.09,97.20,0.752,-1,-1,-1
302,43,559.13,457.89,20.27,58.55,0.467,-1,-1,-1
302,44,-50.60,663.46,212.74,191.97,-1.000,-1,-1,-1
303,5,1018.13,399.61,160.48,625.42,0.829,-1,-1,-1
303,8,1175.52,449.99,38.70,99.47,0.784,-1,-1,-1
303,9,1610.69,424.94,204.29,459.88,0.826,-1,-1,-1
303,19,506.00,455.73,35.28,105.42,0.810,-1,-1,-1
303,25,1605.44,412.29,80.10,237.45,0.537,-1,-1,-1
303,26,381.34,463.68,43.17,112.68,0.801,-1,-1,-1
303,27,1304.90,429.78,34.76,115.76,0.185,-1,-1,-1
303,29,445.19,460.57,33.38,96.84,0.130,-1,-1,-1
303,30,771.19,445.59,75.38,207.74,0.855,-1,-1,-1
303,32,599.60,459.35,18.34,53.69,0.566,-1,-1,-1
303,33,873.61,419.26,160.54,523.19,0.773,-1,-1,-1
303,34,578.62,454.19,20.93,61.90,0.546,-1,-1,-1
303,35,705.21,480.26,32.75,106.57,0.357,-1,-1,-1
303,36,658.35,456.98,25.01,75.22,0.204,-1,-1,-1
303,37,1345.32,419.26,115.42,286.77,0.904,-1,-1,-1
303,39,730.35,475.42,48.48,120.63,0.645,-1,-1,-1
303,40,623.17,455.95,22.64,61.90,0.586,-1,-1,-1
303,41,1390.69,444.50,36.16,103.51,-1.000,-1,-1,-1
303,42,677.53,492.82,47.10,97.43,0.707,-1,-1,-1
303,43,559.20,457.53,20.36,58.77,0.519,-1,-1,-1
303,44,-60.02,639.07,236.48,214.26,0.648,-1,-1,-1
304,5,1020.70,399.78,161.88,625.40,0.830,-1,-1,-1
304,8,1177.35,449.54,38.86,99.44,0.791,-1,-1,-1
304,9,1622.90,418.78,206.34,476.23,0.808,-1,-1,-1
304,19,506.18,455.77,35.33,105.77,0.824,-1,-1,-1
304,25,1601.02,409.40,104.37,316.48,0.570,-1,-1,-1
304,26,381.28,463.67,43.23,112.87,0.811,-1,-1,-1
304,27,1305.03,429.72,34.66,115.66,0.201,-1,-1,-1
304,29,445.73,461.85,32.25,92.14,0.111,-1,-1,-1
304,30,773.71,445.10,75.67,209.33,0.834,-1,-1,-1
304,32,599.40,458.55,18.94,54.26,0.581,-1,-1,-1
304,33,873.86,419.75,160.00,526.21,0.754,-1,-1,-1
304,34,578.17,453.82,21.06,62.21,0.557,-1,-1,-1
304,35,705.64,480.73,32.16,105.41,0.434,-1,-1,-1
304,36,658.75,457.67,24.44,73.61,0.209,-1,-1,-1
304,37,1336.00,419.06,114.19,286.80,0.907,-1,-1,-1
304,39,732.14,476.37,48.09,119.45,0.665,-1,-1,-1
304,40,624.66,456.47,22.30,61.43,0.552,-1,-1,-1
304,41,1393.47,444.20,36.26,103.85,-1.000,-1,-1,-1
304,42,677.40,492.34,47.31,97.95,0.754,-1,-1,-1
304,43,559.00,457.67,20.33,58.55,0.533,-1,-1,-1
304,44,-100.57,557.55,319.96,294.22,-1.000,-1,-1,-1
305,5,1024.01,399.33,163.48,623.77,0.834,-1,-1,-1
305,8,1180.82,449.33,38.98,99.10,0.821,-1,-1,-1
305,9,1632.78,413.81,207.28,488.90,0.797,-1,-1,-1
305,19,506.28,456.01,35.18,105.48,0.816,-1,-1,-1
305,25,1602.53,407.60,115.86,359.33,0.668,-1,-1,-1
305,26,381.21,463.80,43.12,112.64,0.803,-1,-1,-1
305,27,1305.09,429.05,34.85,116.26,0.127,-1,-1,-1
305,29,433.55,462.96,34.79,97.98,0.519,-1,-1,-1
305,30,775.38,444.75,75.86,210.38,0.824,-1,-1,-1
305,32,599.94,458.30,19.09,54.23,0.575,-1,-1,-1
305,33,874.45,420.25,159.00,527.42,0.764,-1,-1,-1
305,34,577.82,453.44,21.21,62.33,0.654,-1,-1,-1
305,35,706.23,480.91,31.95,105.69,0.418,-1,-1,-1
305,36,658.32,458.31,24.75,74.40,0.358,-1,-1,-1
305,37,1327.45,421.34,113.22,284.35,0.913,-1,-1,-1
305,39,733.57,476.15,47.25,116.71,0.696,-1,-1,-1
305,40,625.64,457.11,22.05,61.21,0.508,-1,-1,-1
305,41,1396.26,443.91,36.37,104.19,-1.000,-1,-1,-1
305,42,676.28,492.18,48.61,100.75,0.785,-1,-1,-1
305,43,558.71,457.57,20.36,58.63,0.513,-1,-1,-1
305,44,-141.11,476.04,403.44,374.18,0.760,-1,-1,-1
306,5,1027.85,399.19,165.65,620.95,0.859,-1,-1,-1
306,8,1184.43,448.04,39.67,100.32,0.836,-1,-1,-1
306,9,1645.46,417.13,198.39,476.85,0.796,-1,-1,-1
306,19,505.69,456.44,35.03,105.05,0.805,-1,-1,-1
306,25,1606.98,406.64,121.80,385.50,0.724,-1,-1,-1
306,26,381.34,463.68,43.14,112.67,0.812,-1,-1,-1
306,27,1305.56,429.22,34.67,115.77,0.128,-1,-1,-1
306,29,427.07,463.00,36.55,101.49,0.564,-1,-1,-1
306,30,778.20,444.09,76.02,211.76,0.799,-1,-1,-1
306,32,600.68,458.47,19.01,53.69,0.563,-1,-1,-1
306,33,875.71,419.46,158.21,529.27,0.771,-1,-1,-1
306,34,578.01,453.42,21.24,62.20,0.634,-1,-1,-1
306,35,706.79,481.22,31.70,105.76,0.417,-1,-1,-1
306,36,658.57,459.70,24.41,73.68,0.288,-1,-1,-1
306,37,1320.27,423.29,113.66,282.79,0.911,-1,-1,-1
306,39,734.50,476.45,46.68,114.08,0.685,-1,-1,-1
306,40,626.41,457.40,22.30,62.02,0.599,-1,-1,-1
306,41,1399.04,443.62,36.47,104.53,-1.000,-1,-1,-1
306,42,676.03,492.24,49.44,102.53,0.788,-1,-1,-1
306,43,558.77,457.75,20.22,58.06,0.522,-1,-1,-1
306,44,-156.07,433.49,435.43,414.64,0.769,-1,-1,-1
307,5,1031.85,399.56,168.36,618.57,0.860,-1,-1,-1
307,8,1186.75,447.12,40.22,101.06,0.823,-1,-1,-1
307,9,1670.32,420.29,203.81,487.16,0.863,-1,-1,-1
307,19,505.09,456.69,35.16,104.80,0.835,-1,-1,-1
307,25,1610.11,406.19,125.67,400.12,0.643,-1,-1,-1
307,26,381.52,463.49,43.21,112.80,0.796,-1,-1,-1
307,27,1305.60,429.04,34.73,115.99,-1.000,-1,-1,-1
307,29,422.61,464.98,37.31,102.00,0.523,-1,-1,-1
307,30,780.32,443.50,75.89,212.91,0.849,-1,-1,-1
307,32,600.96,457.51,19.34,54.55,0.541,-1,-1,-1
307,33,876.34,419.78,156.98,529.34,0.776,-1,-1,-1
307,34,578.48,453.75,21.06,61.83,0.618,-1,-1,-1
307,35,707.64,481.94,31.11,104.87,0.522,-1,-1,-1
307,36,658.52,460.75,23.38,70.81,0.231,-1,-1,-1
307,37,1313.79,425.89,114.54,280.29,0.905,-1,-1,-1
307,39,735.25,476.85,46.26,112.26,0.648,-1,-1,-1
307,40,627.37,457.47,22.20,61.73,0.583,-1,-1,-1
307,41,1401.82,443.32,36.57,104.87,-1.000,-1,-1,-1
307,42,676.93,492.15,48.65,100.81,0.756,-1,-1,-1
307,43,558.95,457.51,20.30,58.09,0.526,-1,-1,-1
307,44,-162.59,405.67,448.85,443.12,0.851,-1,-1,-1
308,5,1035.70,399.94,171.77,615.59,0.883,-1,-1,-1
308,8,1189.51,445.96,40.84,102.11,0.819,-1,-1,-1
308,9,1687.70,424.36,208.57,490.40,0.899,-1,-1,-1
308,19,504.17,456.54,35.49,105.08,0.835,-1,-1,-1
308,25,1609.80,406.93,128.50,406.61,0.700,-1,-1,-1
308,26,381.82,463.46,43.16,112.73,0.807,-1,-1,-1
308,27,1305.63,428.86,34.79,116.22,-1.000,-1,-1,-1
308,29,419.77,463.72,38.33,104.81,0.540,-1,-1,-1
308,30,782.83,443.11,75.48,213.61,0.832,-1,-1,-1
308,32,601.32,457.64,19.31,54.23,0.556,-1,-1,-1
308,33,876.60,420.08,155.94,529.22,0.783,-1,-1,-1
308,34,579.18,454.20,21.03,61.82,0.583,-1,-1,-1
308,35,708.48,482.37,30.64,104.44,0.486,-1,-1,-1
308,36,659.21,462.53,23.34,70.64,0.148,-1,-1,-1
308,37,1307.08,427.76,116.02,277.64,0.908,-1,-1,-1
308,39,735.47,476.94,46.31,111.59,0.682,-1,-1,-1
308,40,628.16,457.78,22.28,62.00,0.526,-1,-1,-1
308,41,1404.61,443.03,36.67,105.21,-1.000,-1,-1,-1
308,42,677.09,492.06,48.11,99.52,0.762,-1,-1,-1
308,43,559.22,456.80,20.51,58.54,0.441,-1,-1,-1
308,44,-163.44,389.56,451.73,458.03,0.721,-1,-1,-1
309,5,1038.36,398.91,176.15,614.86,0.886,-1,-1,-1
309,8,1192.14,446.06,40.72,102.06,0.785,-1,-1,-1
309,9,1693.11,426.78,213.59,495.19,0.906,-1,-1,-1
309,19,502.99,456.56,35.71,104.86,0.833,-1,-1,-1
309,25,1613.64,406.71,130.94,410.10,0.757,-1,-1,-1
309,26,381.93,463.69,43.05,112.33,0.790,-1,-1,-1
309,27,1305.67,428.68,34.85,116.44,-1.000,-1,-1,-1
309,29,416.21,465.17,38.29,104.66,0.557,-1,-1,-1
309,30,785.78,442.50,75.06,214.16,0.739,-1,-1,-1
309,32,601.03,457.64,19.34,54.07,0.523,-1,-1,-1
309,33,877.29,420.16,154.91,528.97,0.793,-1,-1,-1
309,34,579.92,454.20,21.02,61.95,0.584,-1,-1,-1
309,35,709.28,482.77,30.19,104.01,0.445,-1,-1,-1
309,36,659.07,463.67,23.02,70.04,0.251,-1,-1,-1
309,37,1300.60,428.77,117.57,275.66,0.902,-1,-1,-1
309,39,735.32,477.33,46.55,111.74,0.678,-1,-1,-1
309,40,628.71,457.93,22.00,61.60,0.485,-1,-1,-1
309,41,1407.39,442.74,36.78,105.55,-1.000,-1,-1,-1
309,42,676.87,491.31,48.25,99.69,0.755,-1,-1,-1
309,43,559.36,456.66,20.55,58.50,0.563,-1,-1,-1
309,44,-157.43,384.25,438.48,466.32,0.902,-1,-1,-1
310,5,1040.14,398.01,180.20,613.05,0.876,-1,-1,-1
310,8,1193.60,446.02,40.66,102.04,0.784,-1,-1,-1
310,9,1693.72,427.17,217.97,499.42,0.905,-1,-1,-1
310,19,501.11,456.77,36.29,104.57,0.848,-1,-1,-1
310,25,1620.30,408.33,133.05,410.85,0.745,-1,-1,-1
310,26,381.08,463.70,43.07,112.44,0.765,-1,-1,-1
310,27,1305.71,428.50,34.91,116.66,-1.000,-1,-1,-1
310,29,412.15,466.00,38.03,104.52,0.146,-1,-1,-1
310,30,791.76,440.83,75.77,215.81,0.875,-1,-1,-1
310,32,600.19,457.33,19.52,54.31,0.425,-1,-1,-1
310,33,877.33,419.14,154.42,530.12,0.797,-1,-1,-1
310,34,579.87,453.74,20.99,62.00,0.603,-1,-1,-1
310,35,708.95,482.38,29.76,103.32,0.477,-1,-1,-1
310,36,658.99,464.17,23.15,70.51,0.182,-1,-1,-1
310,37,1291.75,429.28,119.30,274.75,0.895,-1,-1,-1
310,39,734.70,478.00,46.29,110.80,0.655,-1,-1,-1
310,40,628.92,458.53,21.44,60.28,0.231,-1,-1,-1
310,41,1410.18,442.45,36.88,105.89,-1.000,-1,-1,-1
310,42,676.34,491.17,47.74,98.52,0.749,-1,-1,-1
310,43,559.06,456.39,20.55,58.36,0.602,-1,-1,-1
310,44,-148.67,382.01,419.70,469.86,0.919,-1,-1,-1
311,5,1040.89,396.56,184.89,614.19,0.883,-1,-1,-1
311,8,1195.08,446.35,40.26,101.59,0.776,-1,-1,-1
311,9,1691.97,427.13,221.36,503.07,0.892,-1,-1,-1
311,19,499.27,456.97,36.71,104.76,0.808,-1,-1,-1
311,25,1626.07,407.86,135.74,414.28,0.610,-1,-1,-1
311,26,380.59,463.73,42.98,112.31,0.778,-1,-1,-1
311,27,1305.74,428.32,34.97,116.89,-1.000,-1,-1,-1
311,29,411.86,466.25,38.07,104.68,0.478,-1,-1,-1
311,30,792.41,441.59,74.55,214.67,0.858,-1,-1,-1
311,32,599.67,457.19,19.56,54.30,0.439,-1,-1,-1
311,33,877.20,419.69,153.73,529.87,0.809,-1,-1,-1
311,34,579.97,453.64,20.87,61.75,0.609,-1,-1,-1
311,35,708.94,482.16,29.64,104.07,0.497,-1,-1,-1
311,36,657.87,464.11,23.13,70.62,0.342,-1,-1,-1
311,37,1285.08,429.29,118.83,268.90,0.899,-1,-1,-1
311,39,734.11,478.45,45.95,109.60,0.657,-1,-1,-1
311,40,629.10,458.40,21.25,59.92,0.335,-1,-1,-1
311,41,1412.96,442.15,36.98,106.23,-1.000,-1,-1,-1
311,42,675.47,490.99,48.19,99.51,0.700,-1,-1,-1
311,43,558.56,456.76,20.49,58.13,0.647,-1,-1,-1
311,44,-139.73,379.80,400.84,471.51,0.904,-1,-1,-1
312,5,1039.87,397.10,188.45,613.34,0.887,-1,-1,-1
312,8,1196.82,446.79,39.94,100.90,0.788,-1,-1,-1
312,9,1690.83,427.19,225.16,507.86,0.919,-1,-1,-1
312,19,496.66,457.10,37.30,104.82,0.812,-1,-1,-1
312,25,1632.57,409.06,137.10,414.31,0.551,-1,-1,-1
312,26,380.41,464.03,42.80,111.86,0.785,-1,-1,-1
312,27,1305.78,428.14,35.03,117.11,-1.000,-1,-1,-1
312,29,412.31,467.05,37.74,103.68,0.627,-1,-1,-1
312,30,793.20,442.51,73.81,213.69,0.841,-1,-1,-1
312,32,599.91,457.59,19.35,53.91,0.430,-1,-1,-1
312,33,878.61,418.74,153.09,530.73,0.808,-1,-1,-1
312,34,580.33,454.21,20.55,60.80,0.549,-1,-1,-1
312,35,709.14,482.36,29.39,104.09,0.420,-1,-1,-1
312,36,657.39,464.51,23.31,71.40,0.257,-1,-1,-1
312,37,1276.15,428.97,116.99,263.18,0.893,-1,-1,-1
312,39,733.74,478.64,45.98,109.41,0.661,-1,-1,-1
312,40,629.13,458.39,21.05,59.66,0.270,-1,-1,-1
312,41,1415.74,441.86,37.08,106.57,-1.000,-1,-1,-1
312,42,674.77,491.25,48.34,99.65,0.699,-1,-1,-1
312,43,557.81,457.83,20.02,56.98,0.642,-1,-1,-1
312,44,-129.19,379.88,382.58,473.87,0.920,-1,-1,-1
313,5,1039.37,396.97,191.82,613.62,0.889,-1,-1,-1
313,8,1197.56,446.71,41.57,105.62,0.789,-1,-1,-1
313,9,1690.36,426.66,228.04,511.69,0.919,-1,-1,-1
313,19,496.34,457.16,37.55,104.67,0.794,-1,-1,-1
313,25,1636.97,409.21,138.91,411.79,0.722,-1,-1,-1
313,26,380.47,464.02,42.76,111.98,0.755,-1,-1,-1
313,27,1305.82,427.97,35.09,117.34,-1.000,-1,-1,-1
313,29,413.66,466.48,38.19,104.13,0.580,-1,-1,-1
313,30,795.50,443.45,73.78,212.59,0.813,-1,-1,-1
313,32,599.37,456.35,19.88,55.26,0.425,-1,-1,-1
313,33,878.32,418.19,152.79,531.32,0.805,-1,-1,-1
313,34,580.69,454.68,20.27,60.10,0.577,-1,-1,-1
313,35,709.38,482.54,29.19,104.16,0.412,-1,-1,-1
313,36,657.09,464.80,23.27,71.42,0.252,-1,-1,-1
313,37,1268.43,428.27,115.88,261.01,0.901,-1,-1,-1
313,39,733.59,478.74,45.87,108.67,0.634,-1,-1,-1
313,40,629.62,458.08,21.25,60.42,0.232,-1,-1,-1
313,41,1418.53,441.57,37.19,106.91,-1.000,-1,-1,-1
313,42,674.49,491.33,48.90,100.87,0.726,-1,-1,-1
313,43,557.97,457.97,19.97,56.78,0.661,-1,-1,-1
313,44,-113.82,381.12,365.69,473.75,0.902,-1,-1,-1
314,5,1039.84,396.83,194.81,614.06,0.896,-1,-1,-1
314,8,1198.09,447.00,42.18,107.67,0.798,-1,-1,-1
314,9,1694.10,425.87,229.81,515.27,0.503,-1,-1,-1
314,19,495.35,457.00,38.25,104.87,0.812,-1,-1,-1
314,25,1643.79,408.45,142.88,414.56,0.577,-1,-1,-1
314,26,380.56,464.19,42.73,111.93,0.771,-1,-1,-1
314,27,1305.85,427.79,35.15,117.56,-1.000,-1,-1,-1
314,29,414.94,464.89,38.87,105.58,0.573,-1,-1,-1
314,30,799.68,441.87,73.73,214.29,0.805,-1,-1,-1
314,32,599.33,456.32,19.95,55.30,0.408,-1,-1,-1
314,33,878.37,418.23,152.61,531.06,0.797,-1,-1,-1
314,34,580.94,455.29,20.10,59.79,0.611,-1,-1,-1
314,35,710.20,483.11,28.64,103.22,0.422,-1,-1,-1
314,36,657.37,464.65,23.45,71.96,0.224,-1,-1,-1
314,37,1260.92,424.08,115.73,264.49,0.899,-1,-1,-1
314,39,733.30,479.43,45.66,107.87,0.677,-1,-1,-1
314,40,630.61,458.60,21.07,59.90,0.172,-1,-1,-1
314,41,1421.31,441.27,37.29,107.25,-1.000,-1,-1,-1
314,42,674.60,491.50,48.97,101.03,0.728,-1,-1,-1
314,43,557.96,458.10,20.13,56.89,0.695,-1,-1,-1
314,44,-94.19,382.85,348.95,471.37,0.897,-1,-1,-1
315,5,1040.67,396.26,196.90,613.98,0.906,-1,-1,-1
315,8,1199.29,447.08,41.50,105.96,0.767,-1,-1,-1
315,9,1696.70,423.35,229.73,516.63,0.897,-1,-1,-1
315,19,494.05,457.00,38.69,104.77,0.842,-1,-1,-1
315,25,1647.07,407.50,146.99,415.26,0.751,-1,-1,-1
315,26,380.75,464.37,42.74,111.86,0.804,-1,-1,-1
315,27,1305.89,427.61,35.21,117.78,-1.000,-1,-1,-1
315,29,415.01,465.46,39.03,105.39,0.591,-1,-1,-1
315,30,805.12,441.67,73.49,214.55,0.811,-1,-1,-1
315,32,600.05,456.82,19.83,54.88,0.356,-1,-1,-1
315,33,879.31,419.25,151.85,529.96,0.791,-1,-1,-1
315,34,581.58,455.86,19.85,59.15,0.597,-1,-1,-1
315,35,711.19,484.77,27.88,101.31,0.370,-1,-1,-1
315,36,657.58,464.56,23.39,71.64,0.193,-1,-1,-1
315,37,1254.78,425.14,112.01,261.80,0.882,-1,-1,-1
315,39,733.31,479.87,45.87,108.29,0.719,-1,-1,-1
315,40,631.11,458.28,21.22,60.32,0.306,-1,-1,-1
315,41,1424.10,440.98,37.39,107.59,-1.000,-1,-1,-1
315,42,674.97,491.25,48.48,99.82,0.755,-1,-1,-1
315,43,557.68,458.11,20.01,56.52,0.692,-1,-1,-1
315,44,-68.01,385.58,334.57,468.90,0.912,-1,-1,-1
316,5,1042.69,396.10,198.31,614.29,0.913,-1,-1,-1
316,8,1199.83,447.29,41.24,105.28,0.775,-1,-1,-1
316,9,1701.72,420.39,230.58,521.16,0.717,-1,-1,-1
316,19,492.90,456.58,39.42,105.53,0.845,-1,-1,-1
316,25,1654.38,405.82,150.27,415.99,0.652,-1,-1,-1
316,26,380.76,464.45,42.77,111.89,0.802,-1,-1,-1
316,27,1305.93,427.43,35.27,118.01,-1.000,-1,-1,-1
316,29,414.90,465.68,39.20,105.37,0.562,-1,-1,-1
316,30,808.81,441.68,73.16,214.67,0.823,-1,-1,-1
316,32,600.50,457.27,19.72,54.46,0.394,-1,-1,-1
316,33,878.50,419.82,151.40,529.12,0.797,-1,-1,-1
316,34,581.74,456.37,19.66,58.67,0.617,-1,-1,-1
316,35,711.52,484.84,27.53,101.02,0.430,-1,-1,-1
316,36,657.51,464.57,23.21,70.96,0.216,-1,-1,-1
316,37,1251.35,427.65,108.57,260.33,0.879,-1,-1,-1
316,39,733.29,480.16,46.25,109.07,0.700,-1,-1,-1
316,40,631.22,458.29,21.28,60.71,0.308,-1,-1,-1
316,41,1426.88,440.69,37.50,107.93,-1.000,-1,-1,-1
316,42,674.87,490.70,48.46,99.65,0.768,-1,-1,-1
316,43,557.52,458.31,19.90,56.17,0.687,-1,-1,-1
316,44,-41.57,387.86,324.99,467.40,0.911,-1,-1,-1
317,5,1043.97,396.81,199.31,613.63,0.901,-1,-1,-1
317,8,1200.38,447.72,41.18,105.43,0.749,-1,-1,-1
317,9,1727.81,417.42,226.69,524.26,0.664,-1,-1,-1
317,19,492.05,456.20,40.12,106.15,0.854,-1,-1,-1
317,25,1695.43,409.75,168.30,468.16,0.580,-1,-1,-1
317,26,380.78,464.42,42.81,111.98,0.796,-1,-1,-1
317,27,1305.96,427.25,35.33,118.23,-1.000,-1,-1,-1
317,29,415.19,466.17,39.30,104.79,0.591,-1,-1,-1
317,30,812.78,440.85,73.40,216.01,0.816,-1,-1,-1
317,32,600.57,457.36,19.70,54.35,0.464,-1,-1,-1
317,33,879.85,420.19,150.69,528.57,0.784,-1,-1,-1
317,34,582.03,456.88,19.43,58.05,0.611,-1,-1,-1
317,35,711.26,484.97,27.41,101.08,0.352,-1,-1,-1
317,36,658.02,464.55,21.35,64.78,0.203,-1,-1,-1
317,37,1248.37,425.01,106.26,261.15,0.867,-1,-1,-1
317,39,733.19,480.19,46.63,109.92,0.636,-1,-1,-1
317,40,631.67,458.37,21.15,60.48,0.382,-1,-1,-1
317,41,1429.66,440.39,37.60,108.27,0.565,-1,-1,-1
317,42,674.37,490.75,49.72,102.40,0.795,-1,-1,-1
317,43,557.74,458.33,19.90,56.21,0.696,-1,-1,-1
317,44,-20.62,391.19,316.97,464.62,0.924,-1,-1,-1
318,5,1045.24,397.62,199.91,613.12,0.898,-1,-1,-1
318,8,1201.32,447.97,40.13,103.03,0.731,-1,-1,-1
318,9,1733.12,407.61,228.33,534.64,0.514,-1,-1,-1
318,19,491.55,455.91,40.68,106.58,0.851,-1,-1,-1
318,25,1691.69,407.74,164.34,453.67,0.545,-1,-1,-1
318,26,380.72,464.30,42.90,112.32,0.792,-1,-1,-1
318,27,1306.00,427.07,35.39,118.46,-1.000,-1,-1,-1
318,29,415.58,466.70,39.34,104.20,0.564,-1,-1,-1
318,30,815.43,443.43,72.49,213.85,0.763,-1,-1,-1
318,32,600.88,458.08,19.38,53.40,0.547,-1,-1,-1
318,33,879.86,420.65,150.37,528.04,0.802,-1,-1,-1
318,34,582.22,458.65,18.83,56.23,0.599,-1,-1,-1
318,35,710.16,484.61,27.44,101.28,0.211,-1,-1,-1
318,36,658.16,464.44,21.79,66.15,0.211,-1,-1,-1
318,37,1245.89,427.29,103.20,258.81,0.889,-1,-1,-1
318,39,732.50,480.18,47.54,112.16,0.686,-1,-1,-1
318,40,631.77,458.62,21.19,60.68,0.431,-1,-1,-1
318,41,1432.41,439.47,37.80,109.20,0.585,-1,-1,-1
318,42,674.34,490.71,50.28,103.68,0.788,-1,-1,-1
318,43,558.17,458.48,19.79,56.05,0.699,-1,-1,-1
318,44,-4.80,392.89,311.83,462.69,0.933,-1,-1,-1
319,5,1047.04,397.89,200.25,612.86,0.896,-1,-1,-1
319,8,1201.97,448.30,39.26,100.89,0.694,-1,-1,-1
319,9,1754.75,391.10,223.63,550.73,0.859,-1,-1,-1
319,19,491.50,455.70,41.23,106.85,0.854,-1,-1,-1
319,25,1691.10,404.38,163.74,451.45,0.642,-1,-1,-1
319,26,380.71,464.25,42.87,112.38,0.787,-1,-1,-1
319,27,1306.04,426.89,35.45,118.68,-1.000,-1,-1,-1
319,29,416.15,466.83,39.35,103.98,0.497,-1,-1,-1
319,30,817.46,444.36,72.01,212.91,0.804,-1,-1,-1
319,32,601.16,458.71,19.06,52.57,0.520,-1,-1,-1
319,33,879.31,420.39,150.48,529.37,0.809,-1,-1,-1
319,34,582.44,460.52,18.28,54.50,0.610,-1,-1,-1
319,35,710.05,484.82,27.36,101.31,0.214,-1,-1,-1
319,36,658.66,464.33,20.86,63.00,0.200,-1,-1,-1
319,37,1241.06,431.36,101.22,255.48,0.881,-1,-1,-1
319,39,732.57,480.13,47.64,112.22,0.615,-1,-1,-1
319,40,631.71,458.81,21.38,61.34,0.479,-1,-1,-1
319,41,1436.36,438.37,38.08,110.47,0.677,-1,-1,-1
319,42,674.33,490.92,50.53,104.38,0.780,-1,-1,-1
319,43,558.36,458.74,19.63,55.81,0.696,-1,-1,-1
319,44,7.22,396.14,307.76,459.88,0.936,-1,-1,-1
320,5,1048.32,398.61,200.34,612.27,0.901,-1,-1,-1
320,8,1205.52,448.96,38.48,99.73,0.666,-1,-1,-1
320,9,1769.90,385.14,214.18,555.87,0.863,-1,-1,-1
320,19,491.18,455.58,41.58,106.95,0.854,-1,-1,-1
320,25,1697.28,401.48,162.22,447.84,0.797,-1,-1,-1
320,26,380.70,464.24,42.85,112.43,0.797,-1,-1,-1
320,27,1306.07,426.71,35.51,118.90,0.512,-1,-1,-1
320,29,416.37,466.50,39.58,104.47,0.521,-1,-1,-1
320,30,819.33,446.36,70.85,210.77,0.794,-1,-1,-1
320,32,600.54,458.31,19.29,53.08,0.493,-1,-1,-1
320,33,881.26,421.12,150.18,527.83,0.811,-1,-1,-1
320,34,582.10,459.31,18.59,55.57,0.619,-1,-1,-1
320,35,709.16,484.59,27.48,101.72,0.173,-1,-1,-1
320,36,658.75,464.27,21.84,65.94,0.186,-1,-1,-1
320,37,1235.30,432.85,100.82,254.14,0.865,-1,-1,-1
320,39,731.49,479.80,48.71,115.07,0.650,-1,-1,-1
320,40,631.73,458.89,21.28,61.08,0.398,-1,-1,-1
320,41,1439.28,437.52,38.61,111.25,0.684,-1,-1,-1
320,42,674.36,490.46,50.80,105.25,0.799,-1,-1,-1
320,43,558.47,458.95,19.44,55.46,0.670,-1,-1,-1
320,44,14.90,399.39,304.41,456.91,0.938,-1,-1,-1
321,5,1048.39,399.97,200.08,610.91,0.890,-1,-1,-1
321,8,1208.54,449.01,38.04,99.54,0.649,-1,-1,-1
321,9,1783.12,385.06,203.47,555.28,0.834,-1,-1,-1
321,19,490.91,455.41,41.84,107.10,0.844,-1,-1,-1
321,25,1706.26,398.72,163.24,453.69,0.869,-1,-1,-1
321,26,380.74,464.08,42.89,112.59,0.793,-1,-1,-1
321,27,1305.46,427.72,35.05,117.74,0.580,-1,-1,-1
321,29,417.58,465.92,39.72,105.16,0.508,-1,-1,-1
321,30,821.28,447.22,69.95,210.03,0.800,-1,-1,-1
321,32,600.29,458.12,19.49,53.54,0.479,-1,-1,-1
321,33,881.10,421.24,151.06,528.63,0.802,-1,-1,-1
321,34,581.49,458.33,18.88,56.64,0.650,-1,-1,-1
321,35,708.73,484.57,27.44,101.44,0.233,-1,-1,-1
321,36,659.03,464.21,22.57,68.16,0.195,-1,-1,-1
321,37,1230.54,431.64,101.26,254.42,0.892,-1,-1,-1
321,39,731.32,478.86,48.42,114.45,0.564,-1,-1,-1
321,40,631.75,459.18,20.91,59.90,0.343,-1,-1,-1
321,41,1441.97,437.92,38.66,110.42,0.547,-1,-1,-1
321,42,674.66,490.65,50.58,105.02,0.799,-1,-1,-1
321,43,558.69,459.00,19.39,55.51,0.647,-1,-1,-1
321,44,19.43,400.46,301.94,454.43,0.935,-1,-1,-1
322,5,1049.11,401.72,199.67,609.87,0.893,-1,-1,-1
322,8,1210.29,449.02,37.93,100.20,0.661,-1,-1,-1
322,9,1796.70,400.57,188.10,539.67,0.827,-1,-1,-1
322,19,490.58,455.34,41.99,107.08,0.828,-1,-1,-1
322,25,1718.19,396.83,162.44,458.16,0.836,-1,-1,-1
322,26,380.76,463.98,42.92,112.69,0.794,-1,-1,-1
322,27,1305.14,427.03,35.00,118.13,0.373,-1,-1,-1
322,29,417.37,466.66,39.54,104.38,0.518,-1,-1,-1
322,30,824.04,447.82,69.30,209.10,0.820,-1,-1,-1
322,32,600.51,457.76,19.62,54.04,0.405,-1,-1,-1
322,33,880.97,421.96,151.01,527.02,0.794,-1,-1,-1
322,34,581.05,457.14,19.26,57.77,0.644,-1,-1,-1
322,35,708.27,484.57,27.39,100.98,0.225,-1,-1,-1
322,36,658.80,464.15,22.02,66.25,0.226,-1,-1,-1
322,37,1228.41,431.77,101.11,253.08,0.884,-1,-1,-1
322,39,731.41,478.33,47.80,113.02,0.567,-1,-1,-1
322,40,631.48,459.05,20.84,59.71,0.299,-1,-1,-1
322,41,1443.97,438.39,39.08,109.16,0.660,-1,-1,-1
322,42,674.78,490.90,50.42,104.78,0.801,-1,-1,-1
322,43,558.82,459.10,19.28,55.33,0.631,-1,-1,-1
322,44,23.00,401.92,299.99,452.06,0.940,-1,-1,-1
323,5,1049.85,401.60,199.62,610.50,0.900,-1,-1,-1
323,8,1211.10,449.18,37.25,99.40,0.668,-1,-1,-1
323,9,1807.77,415.14,175.64,524.93,0.744,-1,-1,-1
323,19,490.09,455.57,41.92,106.72,0.800,-1,-1,-1
323,25,1729.69,396.22,160.80,459.11,0.836,-1,-1,-1
323,26,380.16,463.93,42.95,112.46,0.792,-1,-1,-1
323,27,1305.09,427.33,34.88,117.93,0.264,-1,-1,-1
323,29,416.17,467.14,39.54,103.86,0.520,-1,-1,-1
323,30,825.75,448.36,69.08,208.77,0.811,-1,-1,-1
323,32,600.23,457.73,19.58,54.06,0.466,-1,-1,-1
323,33,880.96,421.74,151.46,528.13,0.790,-1,-1,-1
323,34,580.19,456.26,19.62,58.92,0.669,-1,-1,-1
323,35,707.96,484.27,27.33,100.60,0.131,-1,-1,-1
323,36,658.46,464.05,22.85,68.73,0.233,-1,-1,-1
323,37,1226.94,433.33,100.56,251.40,0.884,-1,-1,-1
323,39,730.63,477.54,47.68,112.89,0.556,-1,-1,-1
323,40,631.36,458.72,20.82,59.60,0.321,-1,-1,-1
323,41,1445.33,439.05,40.01,108.46,0.733,-1,-1,-1
323,42,675.37,490.36,50.23,104.60,0.781,-1,-1,-1
323,43,558.77,458.93,19.29,55.61,0.591,-1,-1,-1
323,44,26.36,403.13,297.25,447.72,0.941,-1,-1,-1
323,45,1013.02,454.17,27.45,70.28,0.519,-1,-1,-1
324,5,1051.83,400.37,199.40,610.86,0.900,-1,-1,-1
324,8,1211.60,448.82,36.80,99.38,0.556,-1,-1,-1
324,9,1821.12,462.14,153.49,477.09,0.758,-1,-1,-1
324,19,489.75,456.00,41.71,106.32,0.788,-1,-1,-1
324,25,1741.71,397.03,158.51,457.82,0.810,-1,-1,-1
324,26,380.40,463.85,42.99,112.61,0.797,-1,-1,-1
324,27,1305.04,426.24,35.06,119.15,0.238,-1,-1,-1
324,29,415.53,467.47,39.64,103.51,0.527,-1,-1,-1
324,30,827.29,448.24,69.02,208.80,0.794,-1,-1,-1
324,32,600.64,458.38,19.32,53.42,0.356,-1,-1,-1
324,33,882.03,421.57,152.05,528.49,0.807,-1,-1,-1
324,34,580.21,456.10,19.71,59.21,0.662,-1,-1,-1
324,35,708.48,485.08,27.19,99.79,0.281,-1,-1,-1
324,36,658.79,464.01,23.27,69.88,0.261,-1,-1,-1
324,37,1224.11,433.39,101.00,251.87,0.885,-1,-1,-1
324,39,730.71,476.62,47.85,113.71,0.592,-1,-1,-1
324,40,632.72,459.63,20.76,59.34,0.341,-1,-1,-1
324,41,1446.47,439.25,41.84,109.07,0.801,-1,-1,-1
324,42,675.98,490.16,50.27,104.99,0.766,-1,-1,-1
324,43,559.21,459.17,19.17,55.37,0.542,-1,-1,-1
324,44,30.53,404.26,294.61,444.26,0.938,-1,-1,-1
324,45,1013.25,454.61,27.05,69.29,0.565,-1,-1,-1
325,5,1053.09,399.26,199.17,611.78,0.898,-1,-1,-1
325,8,1211.16,448.95,36.46,99.51,0.192,-1,-1,-1
325,9,1820.20,428.39,159.26,510.82,0.612,-1,-1,-1
325,19,489.47,455.93,41.59,106.35,0.798,-1,-1,-1
325,25,1752.99,396.38,156.38,455.32,0.779,-1,-1,-1
325,26,380.65,463.74,43.12,113.02,0.796,-1,-1,-1
325,27,1305.34,424.18,35.66,121.47,0.346,-1,-1,-1
325,29,416.10,467.41,39.83,103.46,0.583,-1,-1,-1
325,30,831.33,447.73,69.61,209.07,0.817,-1,-1,-1
325,32,601.34,459.29,18.97,52.56,0.212,-1,-1,-1
325,33,883.61,421.57,152.24,528.57,0.802,-1,-1,-1
325,34,580.42,456.90,19.55,58.64,0.680,-1,-1,-1
325,35,708.70,484.94,27.19,99.36,0.402,-1,-1,-1
325,36,659.05,464.07,23.51,70.62,0.233,-1,-1,-1
325,37,1221.91,433.20,100.90,251.50,0.870,-1,-1,-1
325,39,730.96,475.97,47.56,113.49,0.632,-1,-1,-1
325,40,633.85,460.70,20.59,58.78,0.411,-1,-1,-1
325,41,1447.49,439.72,43.47,109.04,0.847,-1,-1,-1
325,42,676.40,490.21,50.12,105.02,0.785,-1,-1,-1
325,43,559.51,459.78,18.74,54.31,0.546,-1,-1,-1
325,44,37.84,405.58,290.72,440.25,0.939,-1,-1,-1
325,45,1013.22,454.83,26.96,69.05,0.598,-1,-1,-1
326,5,1054.95,398.69,198.68,612.05,0.901,-1,-1,-1
326,8,1212.72,448.93,36.33,99.19,-1.000,-1,-1,-1
326,19,489.38,455.90,41.57,106.57,0.778,-1,-1,-1
326,25,1762.15,395.99,156.78,457.35,0.793,-1,-1,-1
326,26,380.69,463.98,43.04,112.69,0.797,-1,-1,-1
326,27,1305.79,424.92,35.57,120.98,0.258,-1,-1,-1
326,29,416.34,467.37,39.98,103.34,0.539,-1,-1,-1
326,30,833.66,445.54,70.57,211.10,0.788,-1,-1,-1
326,32,600.87,459.20,18.90,52.33,0.349,-1,-1,-1
326,33,885.62,421.40,152.36,528.72,0.818,-1,-1,-1
326,34,580.51,457.56,19.41,58.20,0.681,-1,-1,-1
326,35,708.77,484.98,27.29,99.38,0.368,-1,-1,-1
326,36,659.78,464.22,23.25,69.74,0.109,-1,-1,-1
326,37,1216.90,432.97,100.44,250.52,0.400,-1,-1,-1
326,39,731.40,476.48,47.52,113.75,0.697,-1,-1,-1
326,40,633.91,461.20,20.64,58.94,0.419,-1,-1,-1
326,41,1447.78,439.92,44.86,108.99,0.853,-1,-1,-1
326,42,675.71,490.35,50.27,105.51,0.782,-1,-1,-1
326,43,559.87,461.05,18.42,53.58,0.564,-1,-1,-1
326,44,47.32,404.15,286.52,437.77,0.935,-1,-1,-1
326,45,1012.90,454.58,27.14,69.52,0.598,-1,-1,-1
327,5,1054.82,396.52,198.95,614.77,0.898,-1,-1,-1
327,8,1214.28,448.92,36.20,98.87,-1.000,-1,-1,-1
327,19,489.03,455.81,41.43,106.63,0.784,-1,-1,-1
327,25,1767.18,394.37,158.73,463.65,0.618,-1,-1,-1
327,26,380.65,464.16,43.01,112.43,0.802,-1,-1,-1
327,27,1306.01,426.36,35.25,119.64,0.321,-1,-1,-1
327,29,415.96,467.43,40.16,103.46,0.483,-1,-1,-1
327,30,835.46,444.40,70.97,211.99,0.586,-1,-1,-1
327,32,601.86,460.26,18.28,50.82,0.210,-1,-1,-1
327,33,887.35,421.45,152.37,528.65,0.816,-1,-1,-1
327,34,580.59,458.54,19.10,57.17,0.681,-1,-1,-1
327,35,708.24,484.57,27.52,99.97,0.463,-1,-1,-1
327,36,659.21,464.34,23.52,70.74,0.132,-1,-1,-1
327,37,1208.16,432.70,84.34,212.98,0.669,-1,-1,-1
327,39,731.66,477.32,47.61,114.14,0.650,-1,-1,-1
327,40,633.07,459.78,21.52,61.39,0.538,-1,-1,-1
327,41,1448.43,439.89,46.25,108.89,0.830,-1,-1,-1
327,42,675.08,490.01,50.63,106.46,0.819,-1,-1,-1
327,43,559.11,460.23,18.75,54.77,0.646,-1,-1,-1
327,44,58.61,402.36,281.43,435.80,0.932,-1,-1,-1
327,45,1012.78,454.20,27.45,70.33,0.647,-1,-1,-1
328,5,1056.08,396.84,198.25,614.29,0.902,-1,-1,-1
328,8,1215.85,448.90,36.07,98.55,-1.000,-1,-1,-1
328,19,488.73,455.80,41.35,106.81,0.749,-1,-1,-1
328,25,1764.47,390.89,167.46,493.03,0.754,-1,-1,-1
328,26,380.65,464.02,43.18,112.85,0.805,-1,-1,-1
328,27,1306.23,427.27,35.07,118.71,0.345,-1,-1,-1
328,29,417.35,467.23,40.07,103.46,0.525,-1,-1,-1
328,30,838.42,446.55,70.41,210.23,0.454,-1,-1,-1
328,32,602.65,460.63,17.98,50.17,0.208,-1,-1,-1
328,33,887.47,421.61,151.68,527.22,0.744,-1,-1,-1
328,34,580.64,459.04,18.88,56.46,0.615,-1,-1,-1
328,35,708.07,484.70,27.60,99.79,0.607,-1,-1,-1
328,36,659.75,465.03,23.58,71.09,0.155,-1,-1,-1
328,37,1201.15,431.86,74.70,190.92,0.714,-1,-1,-1
328,39,732.56,478.07,47.14,113.21,0.704,-1,-1,-1
328,40,633.09,459.08,22.04,62.68,0.508,-1,-1,-1
328,41,1450.95,440.01,46.73,108.93,0.797,-1,-1,-1
328,42,675.16,489.76,50.59,106.73,0.812,-1,-1,-1
328,43,558.89,459.36,19.00,55.77,0.667,-1,-1,-1
328,44,75.02,399.76,272.72,430.64,0.931,-1,-1,-1
328,45,1012.84,453.61,27.68,70.93,0.633,-1,-1,-1
329,5,1055.93,397.52,197.67,613.83,0.910,-1,-1,-1
329,8,1217.41,448.88,35.94,98.23,-1.000,-1,-1,-1
329,19,488.20,455.47,41.32,107.13,0.733,-1,-1,-1
329,25,1766.55,387.17,164.62,485.96,0.788,-1,-1,-1
329,26,380.99,464.16,43.14,112.77,0.804,-1,-1,-1
329,27,1306.08,427.85,34.89,118.09,0.394,-1,-1,-1
329,29,417.08,467.28,39.96,102.77,0.508,-1,-1,-1
329,30,845.01,447.72,69.37,208.15,0.315,-1,-1,-1
329,32,602.21,460.51,17.90,50.03,0.185,-1,-1,-1
329,33,888.42,421.99,151.78,526.64,0.803,-1,-1,-1
329,34,580.61,459.02,18.86,56.40,0.607,-1,-1,-1
329,35,708.47,484.94,27.56,99.71,0.608,-1,-1,-1
329,36,659.43,464.71,23.60,71.37,0.253,-1,-1,-1
329,37,1195.22,430.68,70.13,181.43,0.723,-1,-1,-1
329,39,732.74,478.75,46.72,112.21,0.667,-1,-1,-1
329,40,633.30,459.54,22.43,63.57,0.490,-1,-1,-1
329,41,1452.62,439.37,47.21,109.82,0.784,-1,-1,-1
329,42,674.93,489.49,50.73,107.36,0.813,-1,-1,-1
329,43,558.77,459.00,19.12,56.20,0.639,-1,-1,-1
329,44,89.31,397.87,264.69,427.66,0.916,-1,-1,-1
329,45,1012.78,453.31,27.99,71.76,0.632,-1,-1,-1
330,5,1055.71,396.70,197.55,614.77,0.913,-1,-1,-1
330,8,1218.97,448.86,35.81,97.91,-1.000,-1,-1,-1
330,19,487.27,455.71,40.97,106.71,0.585,-1,-1,-1
330,25,1767.78,389.49,164.15,485.89,0.677,-1,-1,-1
330,26,381.23,464.20,42.99,112.40,0.795,-1,-1,-1
330,27,1306.18,428.58,34.73,117.33,0.371,-1,-1,-1
330,29,416.84,467.06,40.13,102.76,0.558,-1,-1,-1
330,30,851.75,445.84,65.01,194.47,-1.000,-1,-1,-1
330,32,600.95,459.61,18.19,50.82,0.316,-1,-1,-1
330,33,890.81,421.36,151.78,527.95,0.797,-1,-1,-1
330,34,580.44,458.35,18.81,56.35,0.569,-1,-1,-1
330,35,709.11,485.19,27.58,99.73,0.602,-1,-1,-1
330,36,659.69,464.49,23.07,69.72,0.235,-1,-1,-1
330,37,1195.26,427.80,59.15,153.11,0.686,-1,-1,-1
330,39,733.93,479.74,46.34,111.05,0.703,-1,-1,-1
330,40,633.27,459.38,22.77,64.46,0.480,-1,-1,-1
330,41,1454.58,438.87,47.01,110.04,0.778,-1,-1,-1
330,42,675.19,489.41,50.39,106.99,0.798,-1,-1,-1
330,43,558.72,459.75,18.92,55.68,0.651,-1,-1,-1
330,44,106.54,396.93,256.30,426.53,0.913,-1,-1,-1
330,45,1012.99,453.36,27.92,71.71,0.654,-1,-1,-1
331,5,1055.50,396.21,197.28,615.14,0.909,-1,-1,-1
331,8,1220.53,448.84,35.68,97.59,-1.000,-1,-1,-1
331,19,486.65,455.34,40.94,107.14,0.534,-1,-1,-1
331,25,1769.07,392.12,159.88,473.70,0.780,-1,-1,-1
331,26,381.19,464.40,42.89,112.16,0.806,-1,-1,-1
331,27,1306.01,429.22,34.49,116.64,0.355,-1,-1,-1
331,29,417.00,466.10,40.29,102.85,0.595,-1,-1,-1
331,30,858.49,443.95,60.65,180.79,-1.000,-1,-1,-1
331,32,600.10,459.08,18.42,51.41,0.351,-1,-1,-1
331,33,891.92,420.92,151.51,528.34,0.772,-1,-1,-1
331,34,580.25,458.07,18.76,56.20,0.582,-1,-1,-1
331,35,709.25,485.06,27.69,99.96,0.619,-1,-1,-1
331,36,659.72,464.43,23.13,70.01,0.218,-1,-1,-1
331,37,1196.75,425.95,51.09,132.05,0.556,-1,-1,-1
331,39,734.41,480.20,46.23,110.52,0.701,-1,-1,-1
331,40,632.85,458.78,23.23,65.81,0.509,-1,-1,-1
331,41,1457.96,439.02,46.18,109.43,0.776,-1,-1,-1
331,42,675.23,489.31,50.36,107.21,0.818,-1,-1,-1
331,43,558.67,459.63,18.98,55.92,0.647,-1,-1,-1
331,44,123.32,395.56,248.58,427.57,0.880,-1,-1,-1
331,45,1013.01,453.26,27.93,71.88,0.637,-1,-1,-1
332,5,1055.96,395.98,196.94,615.41,0.896,-1,-1,-1
332,8,1222.09,448.82,35.55,97.27,-1.000,-1,-1,-1
332,19,486.25,455.58,40.47,106.79,0.569,-1,-1,-1
332,25,1770.55,395.42,156.73,464.59,0.759,-1,-1,-1
332,26,381.65,464.60,42.78,111.83,0.798,-1,-1,-1
332,27,1305.93,429.22,34.34,116.45,0.396,-1,-1,-1
332,29,416.81,465.80,40.62,103.25,0.591,-1,-1,-1
332,30,865.23,442.06,56.30,167.11,-1.000,-1,-1,-1
332,32,599.14,458.73,18.38,51.57,0.267,-1,-1,-1
332,33,891.68,420.54,150.55,527.63,0.772,-1,-1,-1
332,34,580.04,458.43,18.62,55.62,0.597,-1,-1,-1
332,35,709.45,485.33,27.67,99.68,0.558,-1,-1,-1
332,36,660.39,464.21,22.90,69.18,0.253,-1,-1,-1
332,39,735.01,480.37,46.03,109.78,0.645,-1,-1,-1
332,40,632.81,458.83,23.36,66.15,0.559,-1,-1,-1
332,41,1460.79,438.61,45.61,109.57,0.764,-1,-1,-1
332,42,675.42,489.33,49.90,106.49,0.748,-1,-1,-1
332,43,558.81,459.45,19.08,56.17,0.658,-1,-1,-1
332,44,145.00,395.17,240.90,427.32,0.837,-1,-1,-1
332,45,1013.50,453.84,27.71,71.39,0.522,-1,-1,-1
333,5,1056.62,397.19,196.30,614.37,0.897,-1,-1,-1
333,8,1223.65,448.80,35.42,96.95,-1.000,-1,-1,-1
333,19,485.74,455.09,40.09,107.05,0.520,-1,-1,-1
333,25,1771.42,393.38,156.00,463.47,0.736,-1,-1,-1
333,26,382.23,464.26,42.87,112.17,0.814,-1,-1,-1
333,27,1306.34,429.60,34.14,116.01,0.303,-1,-1,-1
333,29,416.92,466.88,40.52,102.10,0.567,-1,-1,-1
333,30,871.97,440.17,51.94,153.43,0.706,-1,-1,-1
333,32,598.97,457.81,18.79,52.91,0.105,-1,-1,-1
333,33,888.37,420.98,149.44,527.34,0.769,-1,-1,-1
333,34,580.30,457.87,18.82,56.07,0.633,-1,-1,-1
333,35,709.17,485.16,27.83,99.98,0.603,-1,-1,-1
333,36,661.12,463.98,23.25,70.26,0.278,-1,-1,-1
333,39,734.87,480.24,46.79,111.25,0.712,-1,-1,-1
333,40,633.94,459.07,23.37,66.06,0.461,-1,-1,-1
333,41,1464.64,437.96,45.25,109.90,0.650,-1,-1,-1
333,42,676.23,489.71,49.78,106.57,0.831,-1,-1,-1
333,43,559.76,459.29,19.08,56.24,0.666,-1,-1,-1
333,44,164.12,395.88,234.10,426.71,0.807,-1,-1,-1
333,45,1014.02,453.73,27.72,71.44,0.619,-1,-1,-1
334,5,1057.95,398.23,196.24,614.20,0.886,-1,-1,-1
334,8,1225.21,448.78,35.29,96.62,0.513,-1,-1,-1
334,19,486.58,455.23,39.80,106.82,0.494,-1,-1,-1
334,25,1771.08,387.98,156.37,466.50,0.805,-1,-1,-1
334,26,382.34,464.23,42.81,112.00,0.793,-1,-1,-1
334,27,1306.45,429.31,34.20,116.43,0.302,-1,-1,-1
334,29,418.41,466.19,40.68,102.70,0.454,-1,-1,-1
334,30,877.04,437.50,48.48,141.48,0.765,-1,-1,-1
334,32,599.18,456.93,19.23,54.21,0.120,-1,-1,-1
334,33,887.25,420.91,148.61,527.34,0.769,-1,-1,-1
334,34,580.48,457.54,19.02,56.60,0.551,-1,-1,-1
334,35,709.11,485.08,27.97,100.20,0.582,-1,-1,-1
334,36,662.05,464.03,23.37,70.61,0.266,-1,-1,-1
334,39,734.91,480.35,47.09,111.62,0.723,-1,-1,-1
334,40,634.40,459.40,23.17,65.48,0.500,-1,-1,-1
334,41,1468.16,437.72,45.00,110.34,0.666,-1,-1,-1
334,42,676.53,490.56,49.15,105.37,0.829,-1,-1,-1
334,43,560.49,459.07,19.01,56.18,0.662,-1,-1,-1
334,44,181.26,396.99,227.92,425.99,0.823,-1,-1,-1
334,45,1013.56,453.73,27.60,71.04,0.539,-1,-1,-1
335,5,1059.05,398.12,196.46,614.87,0.881,-1,-1,-1
335,8,1227.07,448.10,33.75,91.24,0.433,-1,-1,-1
335,19,485.91,455.36,39.49,106.92,0.584,-1,-1,-1
335,25,1774.04,384.81,156.28,469.22,0.640,-1,-1,-1
335,26,381.91,463.76,42.97,112.44,0.824,-1,-1,-1
335,27,1305.96,429.43,34.09,116.34,0.165,-1,-1,-1
335,29,416.68,466.28,40.85,102.49,0.625,-1,-1,-1
335,30,880.02,436.96,47.19,136.56,0.621,-1,-1,-1
335,32,598.02,457.04,18.91,53.74,0.355,-1,-1,-1
335,33,885.48,421.00,147.80,527.36,0.794,-1,-1,-1
335,34,579.99,457.51,18.95,56.23,0.618,-1,-1,-1
335,35,708.46,485.37,27.96,99.96,0.472,-1,-1,-1
335,36,661.90,464.16,23.66,71.46,0.390,-1,-1,-1
335,39,733.91,480.26,47.71,113.01,0.712,-1,-1,-1
335,40,633.98,459.06,23.27,65.90,0.452,-1,-1,-1
335,41,1470.54,437.72,44.53,110.27,0.750,-1,-1,-1
335,42,676.54,490.33,49.32,106.14,0.799,-1,-1,-1
335,43,560.46,459.12,18.92,56.09,0.667,-1,-1,-1
335,44,195.43,397.54,222.83,425.23,0.815,-1,-1,-1
335,45,1012.77,453.67,27.70,71.05,0.533,-1,-1,-1
335,46,4.65,452.33,129.12,329.87,0.861,-1,-1,-1
336,5,1058.65,395.82,196.94,616.49,0.890,-1,-1,-1
336,8,1228.32,448.45,32.42,85.61,0.659,-1,-1,-1
336,19,484.86,455.19,39.22,106.98,0.416,-1,-1,-1
336,25,1777.78,381.74,156.13,472.30,0.516,-1,-1,-1
336,26,381.28,463.77,42.91,112.27,0.814,-1,-1,-1
336,27,1305.13,428.96,34.16,116.79,0.319,-1,-1,-1
336,29,415.86,467.03,40.87,101.77,0.677,-1,-1,-1
336,30,882.35,436.99,46.69,133.77,0.696,-1,-1,-1
336,32,597.88,456.75,18.93,53.70,0.480,-1,-1,-1
336,33,892.71,421.23,147.90,526.89,0.803,-1,-1,-1
336,34,579.24,458.49,18.63,55.03,0.591,-1,-1,-1
336,35,708.13,485.94,27.65,98.86,0.362,-1,-1,-1
336,36,661.03,463.73,23.98,72.55,0.400,-1,-1,-1
336,39,732.60,480.00,48.00,113.41,0.684,-1,-1,-1
336,40,633.25,458.72,23.11,65.35,0.417,-1,-1,-1
336,41,1472.33,437.95,43.89,109.65,0.703,-1,-1,-1
336,42,676.27,491.00,48.17,103.59,0.786,-1,-1,-1
336,43,559.77,459.07,18.86,55.90,0.638,-1,-1,-1
336,44,208.59,398.88,218.22,424.33,0.861,-1,-1,-1
336,45,1011.75,453.54,27.69,70.85,0.470,-1,-1,-1
336,46,5.95,449.50,130.82,333.57,0.891,-1,-1,-1
337,5,1058.22,395.21,196.97,616.69,0.899,-1,-1,-1
337,8,1229.74,448.13,32.46,83.98,0.585,-1,-1,-1
337,19,483.64,455.17,38.91,107.11,0.430,-1,-1,-1
337,25,1783.23,381.96,154.91,473.12,0.463,-1,-1,-1
337,26,380.44,463.82,43.01,112.30,0.804,-1,-1,-1
337,27,1304.62,429.12,34.02,116.64,0.229,-1,-1,-1
337,29,415.54,466.97,40.95,101.46,0.578,-1,-1,-1
337,30,884.19,437.52,46.28,130.58,0.746,-1,-1,-1
337,32,597.48,456.65,19.05,53.89,0.477,-1,-1,-1
337,33,897.10,421.45,147.69,526.44,0.813,-1,-1,-1
337,34,578.49,458.46,18.67,54.89,0.646,-1,-1,-1
337,35,707.78,487.06,27.25,97.36,0.463,-1,-1,-1
337,36,660.32,463.71,23.96,72.68,0.415,-1,-1,-1
337,39,731.53,479.86,48.10,113.94,0.688,-1,-1,-1
337,40,632.16,458.22,23.56,66.73,0.525,-1,-1,-1
337,41,1474.82,437.97,43.73,109.76,0.669,-1,-1,-1
337,42,675.15,491.27,48.39,103.99,0.802,-1,-1,-1
337,43,559.09,459.39,18.71,55.58,0.628,-1,-1,-1
337,44,222.11,399.30,215.66,424.81,0.878,-1,-1,-1
337,45,1011.35,453.58,27.67,70.64,0.524,-1,-1,-1
337,46,7.14,447.70,132.25,336.15,0.923,-1,-1,-1
338,5,1059.36,394.98,197.30,616.84,0.903,-1,-1,-1
338,8,1232.31,448.04,32.00,80.76,0.586,-1,-1,-1
338,19,484.39,455.62,38.65,107.25,0.513,-1,-1,-1
338,25,1789.76,381.55,153.56,473.10,0.211,-1,-1,-1
338,26,380.34,463.93,43.12,112.42,0.784,-1,-1,-1
338,27,1304.54,429.52,33.76,116.19,0.345,-1,-1,-1
338,29,416.74,464.78,41.59,103.54,0.522,-1,-1,-1
338,30,885.58,438.45,46.41,129.32,0.723,-1,-1,-1
338,32,597.55,456.59,19.18,54.07,0.490,-1,-1,-1
338,33,898.72,421.11,147.82,526.58,0.799,-1,-1,-1
338,34,578.09,457.82,18.95,55.52,0.643,-1,-1,-1
338,35,707.43,487.77,27.20,96.92,0.436,-1,-1,-1
338,36,660.15,463.84,23.92,72.86,0.399,-1,-1,-1
338,39,731.45,479.80,48.05,113.94,0.705,-1,-1,-1
338,40,632.11,458.17,23.70,67.27,0.514,-1,-1,-1
338,41,1479.02,438.46,43.64,109.24,0.696,-1,-1,-1
338,42,674.77,491.13,48.88,104.97,0.829,-1,-1,-1
338,43,558.87,459.53,18.69,55.65,0.640,-1,-1,-1
338,44,232.62,400.55,213.81,423.79,0.878,-1,-1,-1
338,45,1011.27,454.23,27.53,70.02,0.543,-1,-1,-1
338,46,7.75,446.21,133.48,337.96,0.923,-1,-1,-1
339,5,1060.18,394.62,197.45,617.61,0.899,-1,-1,-1
339,8,1235.13,447.47,31.52,78.09,0.544,-1,-1,-1
339,19,483.64,455.63,38.18,107.39,0.578,-1,-1,-1
339,25,1797.38,380.49,152.41,474.52,0.126,-1,-1,-1
339,26,380.42,464.11,43.19,112.26,0.774,-1,-1,-1
339,27,1304.58,428.88,33.87,116.81,0.182,-1,-1,-1
339,29,417.98,462.66,42.02,105.43,0.548,-1,-1,-1
339,30,886.95,438.98,46.41,128.27,0.652,-1,-1,-1
339,32,597.77,456.63,19.20,54.01,0.511,-1,-1,-1
339,33,898.23,421.16,148.19,526.95,0.802,-1,-1,-1
339,34,578.12,457.63,19.06,55.49,0.634,-1,-1,-1
339,35,707.51,487.91,27.20,96.88,0.433,-1,-1,-1
339,36,660.03,463.83,23.82,72.79,0.377,-1,-1,-1
339,39,731.22,479.74,48.01,114.03,0.735,-1,-1,-1
339,40,632.49,458.36,23.60,66.97,0.516,-1,-1,-1
339,41,1483.80,439.41,44.03,108.57,0.710,-1,-1,-1
339,42,674.28,490.58,49.57,106.54,0.823,-1,-1,-1
339,43,558.68,459.64,18.71,55.74,0.646,-1,-1,-1
339,44,240.18,400.70,213.15,423.28,0.888,-1,-1,-1
339,45,1011.22,454.20,27.54,69.94,0.515,-1,-1,-1
339,46,7.99,445.64,134.21,338.16,0.932,-1,-1,-1
340,5,1061.58,394.35,197.49,617.72,0.896,-1,-1,-1
340,8,1236.73,447.23,32.04,78.48,0.497,-1,-1,-1
340,19,484.68,456.40,37.73,106.68,0.395,-1,-1,-1
340,26,380.52,464.26,43.31,112.22,0.764,-1,-1,-1
340,27,1304.61,427.96,34.08,117.77,0.163,-1,-1,-1
340,29,418.55,463.16,41.62,104.97,0.569,-1,-1,-1
340,30,887.97,439.98,46.35,127.40,0.670,-1,-1,-1
340,32,597.79,456.74,19.32,54.13,0.434,-1,-1,-1
340,33,898.21,421.19,148.47,527.11,0.796,-1,-1,-1
340,34,578.06,457.39,19.23,55.66,0.652,-1,-1,-1
340,35,707.22,487.60,27.28,96.89,0.459,-1,-1,-1
340,36,659.96,463.74,23.81,72.97,0.297,-1,-1,-1
340,39,731.09,479.54,48.01,114.31,0.732,-1,-1,-1
340,40,632.47,458.73,23.38,66.36,0.378,-1,-1,-1
340,41,1486.69,439.53,44.69,108.46,0.799,-1,-1,-1
340,42,674.39,490.93,49.58,106.58,0.831,-1,-1,-1
340,43,558.50,458.70,18.84,56.21,0.638,-1,-1,-1
340,44,245.59,403.30,212.05,420.48,0.897,-1,-1,-1
340,45,1011.02,454.07,27.60,69.90,0.526,-1,-1,-1
340,46,8.09,444.74,135.20,338.79,0.929,-1,-1,-1
341,5,1063.36,394.11,197.60,617.72,0.887,-1,-1,-1
341,8,1238.24,447.44,32.43,78.41,0.544,-1,-1,-1
341,19,483.75,455.79,37.48,107.15,0.495,-1,-1,-1
341,26,380.74,464.23,43.48,112.15,0.739,-1,-1,-1
341,27,1304.82,427.53,34.11,118.18,0.205,-1,-1,-1
341,29,419.53,462.74,41.61,105.62,0.518,-1,-1,-1
341,30,890.21,440.91,46.53,127.73,0.656,-1,-1,-1
341,32,597.80,456.59,19.52,54.34,0.449,-1,-1,-1
341,33,893.30,422.02,147.51,525.88,0.774,-1,-1,-1
341,34,578.25,457.91,19.25,55.20,0.651,-1,-1,-1
341,35,706.98,486.70,27.71,98.39,0.440,-1,-1,-1
341,36,659.97,463.79,23.69,72.57,0.400,-1,-1,-1
341,39,731.48,479.16,48.02,114.50,0.736,-1,-1,-1
341,40,632.48,458.93,22.97,65.17,0.480,-1,-1,-1
341,41,1487.83,436.07,46.68,111.86,0.750,-1,-1,-1
341,42,674.31,490.59,49.53,106.36,0.826,-1,-1,-1
341,43,558.91,459.00,18.61,55.64,0.649,-1,-1,-1
341,44,249.55,406.33,211.25,417.32,0.921,-1,-1,-1
341,45,1010.89,453.88,27.69,69.92,0.505,-1,-1,-1
341,46,5.69,442.40,140.77,352.02,0.863,-1,-1,-1
342,5,1065.49,394.04,197.91,617.62,0.896,-1,-1,-1
342,8,1241.55,447.11,30.98,73.98,0.323,-1,-1,-1
342,19,484.75,455.77,37.15,106.59,0.537,-1,-1,-1
342,26,381.20,464.18,43.59,112.18,0.781,-1,-1,-1
342,27,1305.10,428.31,33.82,117.38,0.315,-1,-1,-1
342,29,420.30,463.42,41.27,105.29,0.537,-1,-1,-1
342,30,892.27,441.27,46.66,128.14,0.606,-1,-1,-1
342,32,598.38,457.09,19.42,53.82,0.355,-1,-1,-1
342,33,891.47,423.07,146.60,524.65,0.763,-1,-1,-1
342,34,578.83,458.22,19.34,55.04,0.612,-1,-1,-1
342,35,707.24,486.49,27.83,98.69,0.417,-1,-1,-1
342,36,660.32,463.54,23.62,72.30,0.308,-1,-1,-1
342,39,731.57,478.45,48.91,116.97,0.730,-1,-1,-1
342,40,633.18,458.57,22.92,64.94,0.380,-1,-1,-1
342,41,1490.60,436.22,46.84,111.52,0.458,-1,-1,-1
342,42,674.67,490.28,48.94,104.82,0.816,-1,-1,-1
342,43,560.25,460.19,18.13,54.45,0.661,-1,-1,-1
342,44,251.57,405.97,212.25,417.57,0.923,-1,-1,-1
342,45,1011.02,453.76,27.63,69.44,0.454,-1,-1,-1
342,46,6.52,440.90,140.05,348.57,0.886,-1,-1,-1
343,5,1067.03,395.22,197.84,616.59,0.894,-1,-1,-1
343,8,1245.30,447.23,29.35,68.80,0.538,-1,-1,-1
343,19,485.36,454.98,37.38,107.31,0.586,-1,-1,-1
343,26,381.31,463.95,43.66,112.21,0.732,-1,-1,-1
343,27,1305.39,429.21,33.47,116.40,0.445,-1,-1,-1
343,29,419.67,464.28,40.99,104.54,0.534,-1,-1,-1
343,30,894.15,441.34,46.36,127.32,0.558,-1,-1,-1
343,32,598.33,456.37,19.56,53.75,0.452,-1,-1,-1
343,33,890.89,423.86,145.75,524.02,0.761,-1,-1,-1
343,34,579.55,458.51,19.23,54.74,0.555,-1,-1,-1
343,35,707.56,486.86,27.63,97.67,0.428,-1,-1,-1
343,36,660.47,463.41,23.82,72.88,0.322,-1,-1,-1
343,39,732.47,478.01,48.95,116.99,0.750,-1,-1,-1
343,40,633.03,458.02,23.24,65.84,0.347,-1,-1,-1
343,41,1491.43,436.04,47.47,111.62,0.587,-1,-1,-1
343,42,675.47,490.87,48.09,102.54,0.824,-1,-1,-1
343,43,560.56,460.76,17.97,54.21,0.662,-1,-1,-1
343,44,251.91,406.63,212.52,416.16,0.922,-1,-1,-1
343,45,1010.97,453.34,27.85,69.66,0.541,-1,-1,-1
343,46,5.37,439.30,142.43,353.19,0.910,-1,-1,-1
344,5,1067.38,394.80,198.07,617.07,0.896,-1,-1,-1
344,8,1246.97,447.40,28.54,66.01,0.524,-1,-1,-1
344,19,485.06,455.05,37.29,107.40,0.487,-1,-1,-1
344,26,381.72,463.92,43.70,112.14,0.752,-1,-1,-1
344,27,1305.35,429.66,33.25,115.89,0.302,-1,-1,-1
344,29,420.20,464.50,40.78,104.49,0.505,-1,-1,-1
344,30,895.20,440.87,47.13,129.65,0.446,-1,-1,-1
344,32,598.14,456.07,19.66,53.59,0.424,-1,-1,-1
344,33,891.74,424.43,144.96,523.31,0.751,-1,-1,-1
344,34,579.85,458.25,19.37,55.08,0.574,-1,-1,-1
344,35,708.05,487.86,27.30,96.41,0.269,-1,-1,-1
344,36,660.38,463.40,23.85,72.93,0.299,-1,-1,-1
344,39,732.82,477.81,49.04,116.89,0.709,-1,-1,-1
344,40,632.90,457.63,23.25,65.75,0.371,-1,-1,-1
344,41,1492.47,434.33,48.42,113.39,0.215,-1,-1,-1
344,42,675.29,491.34,47.96,101.80,0.816,-1,-1,-1
344,43,560.71,461.42,17.72,53.61,0.628,-1,-1,-1
344,44,253.28,407.22,212.07,413.96,0.923,-1,-1,-1
344,45,1010.41,452.20,28.52,71.15,0.515,-1,-1,-1
344,46,4.94,439.22,143.00,353.08,0.917,-1,-1,-1
345,5,1067.75,395.00,198.07,616.83,0.874,-1,-1,-1
345,8,1247.72,447.27,29.45,67.82,0.389,-1,-1,-1
345,19,485.00,454.90,37.29,107.13,0.457,-1,-1,-1
345,26,382.72,463.31,43.63,112.36,0.545,-1,-1,-1
345,29,420.57,463.70,40.94,105.61,0.507,-1,-1,-1
345,30,897.45,440.30,46.60,128.31,0.515,-1,-1,-1
345,32,598.23,455.77,19.88,53.94,0.318,-1,-1,-1
345,33,894.73,423.85,144.48,523.68,0.761,-1,-1,-1
345,34,580.83,457.89,19.42,55.36,0.559,-1,-1,-1
345,35,707.11,486.43,28.17,99.36,0.450,-1,-1,-1
345,36,660.44,463.39,23.86,72.77,0.335,-1,-1,-1
345,39,733.40,477.91,48.97,116.26,0.670,-1,-1,-1
345,40,633.29,458.21,23.35,66.19,0.441,-1,-1,-1
345,41,1493.17,435.42,48.39,112.19,0.555,-1,-1,-1
345,42,674.86,490.86,48.91,103.56,0.807,-1,-1,-1
345,43,561.08,461.42,17.52,53.20,0.555,-1,-1,-1
345,44,256.24,407.57,211.31,412.04,0.925,-1,-1,-1
345,45,1010.81,452.70,28.17,70.34,0.557,-1,-1,-1
345,46,8.87,438.42,142.17,351.03,0.891,-1,-1,-1
346,5,1068.76,395.72,198.09,616.05,0.884,-1,-1,-1
346,8,1248.54,447.47,28.33,64.67,0.437,-1,-1,-1
346,19,485.07,454.36,37.45,107.21,0.251,-1,-1,-1
346,26,384.68,462.46,43.62,113.06,0.520,-1,-1,-1
346,29,421.31,461.40,41.26,107.53,0.483,-1,-1,-1
346,30,901.71,439.65,45.85,127.08,0.446,-1,-1,-1
346,32,598.46,456.18,19.58,52.78,0.367,-1,-1,-1
346,33,899.33,423.46,144.28,524.00,0.784,-1,-1,-1
346,34,581.53,458.16,19.23,54.92,0.553,-1,-1,-1
346,35,706.50,484.84,28.58,100.63,0.245,-1,-1,-1
346,36,660.31,463.48,23.90,72.60,0.324,-1,-1,-1
346,39,733.66,478.34,49.21,116.64,0.679,-1,-1,-1
346,40,632.73,458.25,23.69,67.18,0.523,-1,-1,-1
346,41,1495.71,435.37,48.26,112.08,-1.000,-1,-1,-1
346,42,675.03,491.11,48.76,102.83,0.783,-1,-1,-1
346,43,560.69,459.21,18.09,54.76,0.588,-1,-1,-1
346,44,260.66,407.10,210.26,411.14,0.916,-1,-1,-1
346,45,1010.93,452.99,28.01,70.06,0.478,-1,-1,-1
346,46,21.59,437.41,139.55,348.34,0.826,-1,-1,-1
347,5,1069.08,396.02,198.09,615.79,0.859,-1,-1,-1
347,8,1248.31,447.62,28.04,63.76,0.458,-1,-1,-1
347,19,484.90,454.00,37.58,107.40,0.320,-1,-1,-1
347,26,384.49,462.45,43.63,113.05,-1.000,-1,-1,-1
347,29,421.29,458.67,41.87,110.10,0.425,-1,-1,-1
347,30,904.12,439.68,45.48,126.89,0.382,-1,-1,-1
347,32,598.57,456.18,19.56,52.33,0.404,-1,-1,-1
347,33,901.39,423.26,143.81,524.09,0.768,-1,-1,-1
347,34,582.28,458.05,19.10,54.71,0.495,-1,-1,-1
347,35,706.79,483.83,29.13,102.66,0.104,-1,-1,-1
347,36,660.16,463.47,23.96,72.55,0.315,-1,-1,-1
347,39,733.81,478.69,49.06,116.08,0.702,-1,-1,-1
347,40,632.30,458.16,23.86,67.59,0.615,-1,-1,-1
347,41,1498.26,435.32,48.14,111.97,-1.000,-1,-1,-1
347,42,674.97,490.32,49.14,103.28,0.790,-1,-1,-1
347,43,560.41,458.13,18.38,55.52,0.636,-1,-1,-1
347,44,266.38,405.64,208.41,410.79,0.926,-1,-1,-1
347,45,1011.13,453.49,27.64,69.20,0.480,-1,-1,-1
347,46,34.01,436.81,137.46,347.01,0.800,-1,-1,-1
348,5,1069.79,395.33,198.65,616.46,0.851,-1,-1,-1
348,8,1246.12,447.43,31.76,72.70,0.517,-1,-1,-1
348,19,484.09,454.51,37.56,107.51,0.503,-1,-1,-1
348,26,384.29,462.44,43.64,113.04,-1.000,-1,-1,-1
348,29,421.74,459.57,41.40,110.02,0.489,-1,-1,-1
348,30,906.73,439.00,44.76,125.74,0.345,-1,-1,-1
348,32,599.16,456.55,19.24,51.53,0.348,-1,-1,-1
348,33,901.11,423.29,143.02,524.31,0.807,-1,-1,-1
348,34,583.07,456.28,19.59,56.20,0.548,-1,-1,-1
348,35,709.44,487.22,27.99,99.30,0.273,-1,-1,-1
348,36,660.64,463.49,23.69,71.59,0.226,-1,-1,-1
348,39,733.46,478.13,49.68,117.63,0.706,-1,-1,-1
348,40,632.02,458.63,23.78,67.47,0.546,-1,-1,-1
348,41,1500.80,435.27,48.01,111.85,-1.000,-1,-1,-1
348,42,674.54,488.82,49.32,103.32,0.749,-1,-1,-1
348,43,560.13,456.86,18.85,56.95,0.653,-1,-1,-1
348,44,274.67,404.33,204.80,408.42,0.915,-1,-1,-1
348,45,1011.35,453.65,27.45,68.89,0.245,-1,-1,-1
348,46,46.44,436.01,136.15,347.36,0.824,-1,-1,-1
349,5,1070.25,394.41,199.51,617.64,0.867,-1,-1,-1
349,8,1245.76,447.44,33.39,76.92,0.556,-1,-1,-1
349,19,483.72,454.77,37.50,107.66,0.536,-1,-1,-1
349,26,384.09,462.43,43.64,113.04,-1.000,-1,-1,-1
349,29,421.54,460.70,40.99,109.82,0.518,-1,-1,-1
349,30,908.39,439.96,43.50,122.69,0.220,-1,-1,-1
349,32,599.22,457.10,19.10,51.39,0.209,-1,-1,-1
349,33,901.11,423.09,142.23,524.70,0.807,-1,-1,-1
349,34,583.26,455.12,20.03,57.47,0.478,-1,-1,-1
349,35,711.38,489.58,26.95,96.46,0.413,-1,-1,-1
349,36,660.64,463.31,23.41,70.70,0.185,-1,-1,-1
349,39,732.11,478.08,50.13,119.35,0.675,-1,-1,-1
349,40,631.50,459.17,23.74,67.43,0.543,-1,-1,-1
349,41,1503.34,435.22,47.88,111.74,-1.000,-1,-1,-1
349,42,673.82,487.91,50.08,104.80,0.790,-1,-1,-1
349,43,559.74,456.10,19.15,57.77,0.665,-1,-1,-1
349,44,284.16,403.88,199.63,404.41,0.899,-1,-1,-1
349,45,1011.47,453.86,27.36,68.71,0.249,-1,-1,-1
349,46,59.66,436.10,135.15,346.79,0.827,-1,-1,-1
350,5,1068.31,395.18,199.59,616.73,0.873,-1,-1,-1
350,8,1244.61,447.36,34.20,78.53,0.455,-1,-1,-1
350,19,482.98,454.46,37.23,107.59,0.454,-1,-1,-1
350,26,383.89,462.42,43.65,113.03,-1.000,-1,-1,-1
350,29,421.87,459.00,41.43,111.93,0.383,-1,-1,-1
350,32,599.62,457.33,18.94,51.30,0.319,-1,-1,-1
350,33,903.65,422.91,142.15,524.98,0.799,-1,-1,-1
350,34,583.56,454.40,20.28,58.24,0.524,-1,-1,-1
350,35,712.69,491.89,25.85,93.10,0.214,-1,-1,-1
350,36,660.47,462.93,23.56,71.04,0.211,-1,-1,-1
350,39,731.98,477.71,49.76,118.80,0.675,-1,-1,-1
350,40,631.28,459.66,23.66,66.97,0.558,-1,-1,-1
350,41,1505.89,435.17,47.75,111.63,-1.000,-1,-1,-1
350,42,673.51,487.65,50.12,104.54,0.755,-1,-1,-1
350,43,559.57,456.17,19.17,57.71,0.676,-1,-1,-1
350,44,295.73,402.89,194.28,401.53,0.860,-1,-1,-1
350,46,75.37,437.37,135.11,344.79,0.893,-1,-1,-1
351,5,1068.61,394.47,200.12,617.43,0.881,-1,-1,-1
351,8,1243.29,447.34,34.12,78.21,0.564,-1,-1,-1
351,19,482.53,452.32,35.89,103.59,0.141,-1,-1,-1
351,26,383.70,462.41,43.66,113.02,-1.000,-1,-1,-1
351,29,421.64,458.58,40.95,111.86,0.188,-1,-1,-1
351,32,599.37,457.40,18.96,51.60,0.271,-1,-1,-1
351,33,903.58,422.89,141.72,524.94,0.794,-1,-1,-1
351,34,583.88,453.93,20.39,58.56,0.497,-1,-1,-1
351,35,713.55,493.10,25.18,91.07,0.187,-1,-1,-1
351,36,660.14,462.67,23.59,71.11,0.170,-1,-1,-1
351,39,732.22,477.11,49.15,117.57,0.707,-1,-1,-1
351,40,631.07,459.59,23.51,66.45,0.504,-1,-1,-1
351,41,1508.43,435.12,47.63,111.51,-1.000,-1,-1,-1
351,42,673.42,487.80,49.78,103.43,0.771,-1,-1,-1
351,43,559.27,456.14,19.15,57.61,0.688,-1,-1,-1
351,44,307.51,400.77,189.10,400.05,0.801,-1,-1,-1
351,46,89.67,437.78,136.76,344.37,0.892,-1,-1,-1
351,47,-0.25,529.92,50.57,325.72,0.722,-1,-1,-1
352,5,1070.38,394.10,201.00,618.09,0.860,-1,-1,-1
352,8,1241.59,447.60,34.99,80.08,0.569,-1,-1,-1
352,19,481.27,453.56,36.61,105.64,0.616,-1,-1,-1
352,26,383.50,462.40,43.66,113.02,-1.000,-1,-1,-1
352,29,423.60,457.19,40.41,111.35,0.107,-1,-1,-1
352,32,599.01,456.99,19.08,52.09,0.224,-1,-1,-1
352,33,906.67,422.84,142.16,525.24,0.823,-1,-1,-1
352,34,583.27,453.88,20.29,58.37,0.435,-1,-1,-1
352,35,712.55,485.66,27.21,99.20,0.115,-1,-1,-1
352,36,659.34,462.70,23.26,69.92,0.151,-1,-1,-1
352,39,732.46,476.77,48.73,116.55,0.735,-1,-1,-1
352,40,630.77,459.63,23.59,66.54,0.521,-1,-1,-1
352,41,1510.97,435.07,47.50,111.40,-1.000,-1,-1,-1
352,42,673.21,487.92,49.04,101.45,0.735,-1,-1,-1
352,43,559.25,455.87,19.15,57.64,0.692,-1,-1,-1
352,44,321.32,398.40,183.81,399.66,0.788,-1,-1,-1
352,46,101.17,437.92,140.25,344.67,0.897,-1,-1,-1
352,47,1.16,474.07,59.15,380.64,0.802,-1,-1,-1
353,5,1071.79,392.35,202.52,620.01,0.852,-1,-1,-1
353,8,1240.80,447.75,35.33,80.63,0.656,-1,-1,-1
353,19,480.46,453.88,36.59,106.02,0.367,-1,-1,-1
353,26,383.30,462.39,43.67,113.01,-1.000,-1,-1,-1
353,29,425.12,456.18,39.47,109.55,0.213,-1,-1,-1
353,32,598.22,456.94,19.14,52.23,0.200,-1,-1,-1
353,33,905.94,422.62,141.80,525.31,0.814,-1,-1,-1
353,34,582.71,453.61,20.32,58.56,0.498,-1,-1,-1
353,35,712.50,487.84,26.43,96.65,0.214,-1,-1,-1
353,36,659.07,462.58,23.06,69.07,0.132,-1,-1,-1
353,39,732.57,476.92,48.32,115.60,0.710,-1,-1,-1
353,40,630.69,459.49,23.41,65.96,0.383,-1,-1,-1
353,41,1513.51,435.02,47.37,111.28,0.557,-1,-1,-1
353,42,672.96,488.76,49.22,101.31,0.744,-1,-1,-1
353,43,559.37,455.84,19.09,57.60,0.705,-1,-1,-1
353,44,329.97,396.94,180.87,402.09,0.697,-1,-1,-1
353,46,108.93,439.32,144.39,343.42,0.913,-1,-1,-1
353,47,6.10,449.58,63.35,404.97,0.872,-1,-1,-1
353,48,525.61,456.51,22.03,61.63,0.602,-1,-1,-1
354,5,1071.97,392.30,203.17,620.14,0.849,-1,-1,-1
354,8,1242.67,447.78,35.39,81.33,0.642,-1,-1,-1
354,19,480.94,454.42,36.54,105.98,0.224,-1,-1,-1
354,26,383.10,462.38,43.68,113.00,-1.000,-1,-1,-1
354,29,424.80,456.49,39.43,109.49,-1.000,-1,-1,-1
354,32,597.57,456.65,19.28,52.66,0.167,-1,-1,-1
354,33,906.90,422.17,141.65,525.32,0.809,-1,-1,-1
354,34,582.73,453.53,20.32,58.71,0.543,-1,-1,-1
354,35,710.56,487.02,26.63,97.16,0.370,-1,-1,-1
354,36,659.07,462.65,22.89,68.55,-1.000,-1,-1,-1
354,39,732.64,478.55,48.09,114.92,0.737,-1,-1,-1
354,40,630.94,460.06,23.17,65.02,0.402,-1,-1,-1
354,41,1516.44,432.72,47.74,113.51,0.531,-1,-1,-1
354,42,672.68,487.71,49.91,102.41,0.735,-1,-1,-1
354,43,559.62,455.50,19.11,57.74,0.719,-1,-1,-1
354,44,344.16,397.68,176.44,401.38,0.816,-1,-1,-1
354,46,113.32,440.21,148.94,342.56,0.917,-1,-1,-1
354,47,10.05,438.20,65.86,416.33,0.890,-1,-1,-1
354,48,525.35,456.50,22.36,62.61,0.600,-1,-1,-1
354,49,544.86,456.92,16.47,55.33,0.591,-1,-1,-1
355,5,1070.86,392.36,203.34,620.08,0.857,-1,-1,-1
355,8,1243.18,447.83,35.68,83.22,0.645,-1,-1,-1
355,19,480.77,454.80,36.47,106.45,0.517,-1,-1,-1
355,26,382.91,462.37,43.68,112.99,-1.000,-1,-1,-1
355,29,424.48,456.79,39.39,109.43,-1.000,-1,-1,-1
355,32,596.91,456.41,19.24,52.71,0.118,-1,-1,-1
355,33,908.15,421.97,140.88,524.58,0.789,-1,-1,-1
355,34,582.59,453.34,20.31,58.79,0.518,-1,-1,-1
355,35,709.71,486.52,26.90,97.93,0.364,-1,-1,-1
355,36,659.07,462.72,22.72,68.03,-1.000,-1,-1,-1
355,39,733.11,479.42,47.60,113.52,0.677,-1,-1,-1
355,40,630.31,459.32,23.74,66.67,0.614,-1,-1,-1
355,41,1519.66,432.71,47.31,113.35,0.619,-1,-1,-1
355,42,672.54,487.13,50.06,102.36,0.683,-1,-1,-1
355,43,559.86,455.33,19.14,57.81,0.690,-1,-1,-1
355,44,358.58,400.55,171.46,397.96,0.859,-1,-1,-1
355,46,115.26,441.80,152.86,340.86,0.919,-1,-1,-1
355,47,17.98,434.72,67.92,419.42,0.865,-1,-1,-1
355,48,525.23,456.07,22.54,63.20,0.548,-1,-1,-1
355,49,545.25,456.85,16.51,55.46,0.522,-1,-1,-1
355,50,1057.00,435.66,64.02,211.33,0.602,-1,-1,-1
356,5,1069.69,392.14,203.44,620.14,0.874,-1,-1,-1
356,8,1242.88,447.96,36.88,87.13,0.555,-1,-1,-1
356,19,480.57,455.13,36.27,106.26,0.464,-1,-1,-1
356,26,382.71,462.36,43.69,112.99,-1.000,-1,-1,-1
356,29,424.15,457.10,39.35,109.37,-1.000,-1,-1,-1
356,33,910.15,422.44,139.34,520.55,0.775,-1,-1,-1
356,34,582.98,453.36,20.21,58.57,0.527,-1,-1,-1
356,35,709.91,487.37,26.69,97.20,0.283,-1,-1,-1
356,36,659.07,462.78,22.54,67.51,-1.000,-1,-1,-1
356,39,733.24,479.92,47.20,112.74,0.706,-1,-1,-1
356,40,629.86,458.84,24.17,67.84,0.638,-1,-1,-1
356,41,1522.22,432.43,47.41,113.54,0.565,-1,-1,-1
356,42,672.40,487.10,50.19,102.11,0.725,-1,-1,-1
356,43,559.98,455.03,19.20,58.14,0.673,-1,-1,-1
356,44,372.28,403.24,167.74,394.52,0.871,-1,-1,-1
356,46,119.56,442.63,155.58,337.90,0.924,-1,-1,-1
356,47,31.08,434.51,71.45,420.66,0.889,-1,-1,-1
356,48,524.85,455.77,22.83,64.13,0.643,-1,-1,-1
356,49,545.48,456.82,16.59,55.74,0.417,-1,-1,-1
356,50,1054.96,435.73,63.70,210.52,0.772,-1,-1,-1
357,5,1070.37,392.82,203.65,619.51,0.871,-1,-1,-1
357,8,1242.79,447.73,38.08,91.65,0.672,-1,-1,-1
357,19,481.08,455.81,34.79,101.70,0.288,-1,-1,-1
357,26,382.51,462.35,43.70,112.98,-1.000,-1,-1,-1
357,29,423.83,457.41,39.31,109.31,-1.000,-1,-1,-1
357,33,914.34,423.05,138.75,519.00,0.777,-1,-1,-1
357,34,583.26,453.30,20.25,58.61,0.603,-1,-1,-1
357,35,709.54,487.85,26.55,96.41,0.381,-1,-1,-1
357,36,659.07,462.85,22.37,66.99,-1.000,-1,-1,-1
357,39,733.34,480.31,46.95,112.41,0.715,-1,-1,-1
357,40,629.66,458.77,24.16,67.93,0.676,-1,-1,-1
357,41,1524.97,435.55,46.31,110.26,0.558,-1,-1,-1
357,42,672.09,487.08,51.21,103.72,0.797,-1,-1,-1
357,43,560.14,454.60,19.32,58.63,0.699,-1,-1,-1
357,44,383.83,404.53,166.96,393.71,0.861,-1,-1,-1
357,46,125.59,442.45,156.87,335.10,0.906,-1,-1,-1
357,47,45.60,436.85,76.62,418.16,0.912,-1,-1,-1
357,48,524.92,456.19,22.32,62.81,0.590,-1,-1,-1
357,49,545.42,457.43,16.46,55.26,0.538,-1,-1,-1
357,50,1057.44,434.10,64.31,212.04,0.775,-1,-1,-1
358,5,1070.24,391.84,204.16,620.42,0.868,-1,-1,-1
358,8,1243.09,447.67,38.42,93.85,0.704,-1,-1,-1
358,19,480.88,456.17,35.12,103.24,0.488,-1,-1,-1
358,26,382.32,462.34,43.70,112.97,-1.000,-1,-1,-1
358,29,423.51,457.71,39.27,109.25,-1.000,-1,-1,-1
358,33,915.91,423.21,138.21,516.51,0.774,-1,-1,-1
358,34,583.59,453.66,20.05,58.03,0.620,-1,-1,-1
358,35,711.15,489.85,25.70,93.89,0.342,-1,-1,-1
358,36,659.07,462.91,22.20,66.47,-1.000,-1,-1,-1
358,39,733.41,480.27,46.57,111.46,0.662,-1,-1,-1
358,40,629.07,458.84,24.06,67.87,0.632,-1,-1,-1
358,41,1526.30,434.68,46.77,111.09,0.650,-1,-1,-1
358,42,671.51,486.96,52.52,105.96,0.822,-1,-1,-1
358,43,560.76,454.46,19.23,58.57,0.636,-1,-1,-1
358,44,394.56,406.14,166.89,392.44,0.862,-1,-1,-1
358,46,132.49,441.90,154.88,327.39,0.902,-1,-1,-1
358,47,56.29,439.23,83.19,415.28,0.915,-1,-1,-1
358,48,524.95,456.81,22.08,62.27,0.570,-1,-1,-1
358,49,546.16,457.51,16.40,55.03,0.460,-1,-1,-1
358,50,1055.67,433.29,64.66,213.02,0.819,-1,-1,-1
359,5,1070.52,392.37,204.33,619.69,0.876,-1,-1,-1
359,8,1243.96,447.72,38.53,94.92,0.626,-1,-1,-1
359,19,480.36,456.20,35.45,104.12,0.549,-1,-1,-1
359,26,382.12,462.33,43.71,112.97,-1.000,-1,-1,-1
359,29,423.18,458.02,39.23,109.19,-1.000,-1,-1,-1
359,33,914.85,423.43,137.44,516.23,0.780,-1,-1,-1
359,34,584.21,454.07,19.91,57.61,0.616,-1,-1,-1
359,35,711.70,489.52,25.53,93.86,0.379,-1,-1,-1
359,36,659.07,462.98,22.03,65.94,-1.000,-1,-1,-1
359,39,733.26,480.09,46.66,111.76,0.680,-1,-1,-1
359,40,628.84,458.28,24.12,68.51,0.596,-1,-1,-1
359,41,1527.73,433.59,47.05,111.91,0.471,-1,-1,-1
359,42,671.09,486.88,53.55,107.88,0.826,-1,-1,-1
359,43,560.96,454.43,19.22,58.60,0.673,-1,-1,-1
359,44,402.30,406.04,168.20,393.04,0.855,-1,-1,-1
359,46,136.58,440.96,154.78,324.94,0.880,-1,-1,-1
359,47,62.24,441.22,90.87,413.32,0.921,-1,-1,-1
359,48,524.84,457.23,21.77,61.51,0.547,-1,-1,-1
359,49,546.07,458.06,16.27,54.47,0.617,-1,-1,-1
359,50,1048.22,432.02,64.67,213.37,0.797,-1,-1,-1
360,5,1071.55,391.09,205.36,620.92,0.869,-1,-1,-1
360,8,1244.60,447.73,38.49,95.14,0.546,-1,-1,-1
360,19,479.18,455.74,35.64,104.84,0.328,-1,-1,-1
360,26,381.92,462.32,43.72,112.96,-1.000,-1,-1,-1
360,29,422.86,458.33,39.19,109.13,-1.000,-1,-1,-1
360,33,916.61,423.35,136.34,515.23,0.771,-1,-1,-1
360,34,584.35,454.39,19.75,57.28,0.599,-1,-1,-1
360,35,709.99,487.41,26.03,95.32,0.268,-1,-1,-1
360,36,659.08,463.04,21.85,65.42,-1.000,-1,-1,-1
360,39,732.91,479.93,46.45,111.04,0.642,-1,-1,-1
360,40,628.57,458.11,24.07,68.84,0.649,-1,-1,-1
360,41,1530.29,433.01,46.92,112.21,0.176,-1,-1,-1
360,42,670.35,486.40,54.21,108.89,0.827,-1,-1,-1
360,43,561.04,454.10,19.22,58.90,0.649,-1,-1,-1
360,44,409.41,406.66,170.23,392.54,0.883,-1,-1,-1
360,46,142.92,439.58,154.68,324.93,0.891,-1,-1,-1
360,47,61.85,442.14,98.33,412.22,0.911,-1,-1,-1
360,48,524.31,456.81,22.39,63.50,0.629,-1,-1,-1
360,49,546.81,457.93,16.30,54.67,0.584,-1,-1,-1
360,50,1041.37,431.52,64.60,213.75,0.703,-1,-1,-1
361,5,1073.29,392.03,206.04,620.11,0.870,-1,-1,-1
361,8,1244.98,447.93,38.25,94.90,0.538,-1,-1,-1
361,19,479.09,455.83,35.56,104.89,0.206,-1,-1,-1
361,26,381.72,462.31,43.72,112.95,-1.000,-1,-1,-1
361,29,422.54,458.64,39.15,109.07,-1.000,-1,-1,-1
361,33,918.79,423.73,134.98,512.84,0.781,-1,-1,-1
361,34,583.69,454.49,19.76,57.32,0.657,-1,-1,-1
361,35,706.91,485.44,27.00,97.77,0.529,-1,-1,-1
361,36,659.08,463.11,21.68,64.90,-1.000,-1,-1,-1
361,39,732.91,479.92,46.67,111.31,0.669,-1,-1,-1
361,40,628.38,457.98,24.15,69.15,0.684,-1,-1,-1
361,41,1531.88,431.89,47.00,113.11,0.192,-1,-1,-1
361,42,669.79,486.62,54.35,108.79,0.818,-1,-1,-1
361,43,560.92,454.16,19.10,58.67,0.651,-1,-1,-1
361,44,412.23,406.54,172.70,392.89,0.896,-1,-1,-1
361,46,147.10,438.72,154.61,325.69,0.883,-1,-1,-1
361,47,61.26,443.63,106.49,411.07,0.923,-1,-1,-1
361,48,522.26,456.18,23.00,64.96,0.715,-1,-1,-1
361,49,546.59,457.93,16.33,54.77,0.628,-1,-1,-1
361,50,1036.38,431.14,64.78,214.77,0.311,-1,-1,-1
362,5,1072.59,393.04,206.12,618.78,0.862,-1,-1,-1
362,8,1245.29,448.24,38.07,94.76,0.555,-1,-1,-1
362,19,478.85,455.82,35.60,104.92,-1.000,-1,-1,-1
362,26,381.53,462.31,43.73,112.95,-1.000,-1,-1,-1
362,29,422.21,458.94,39.11,109.01,-1.000,-1,-1,-1
362,33,922.36,424.03,134.83,511.40,0.768,-1,-1,-1
362,34,582.89,454.73,19.74,57.23,0.602,-1,-1,-1
362,35,705.54,484.70,27.66,99.57,0.235,-1,-1,-1
362,36,659.08,463.18,21.51,64.38,-1.000,-1,-1,-1
362,39,732.89,480.14,46.76,111.06,0.612,-1,-1,-1
362,40,627.94,457.93,23.98,69.14,0.651,-1,-1,-1
362,41,1534.74,431.93,46.27,112.15,0.140,-1,-1,-1
362,42,669.41,486.99,54.24,107.85,0.798,-1,-1,-1
362,43,561.69,454.53,18.90,58.37,0.618,-1,-1,-1
362,44,413.73,408.07,174.69,391.65,0.905,-1,-1,-1
362,46,152.32,436.79,154.11,327.41,0.878,-1,-1,-1
362,47,58.04,444.65,114.81,411.09,0.932,-1,-1,-1
362,48,521.41,455.37,23.40,65.97,0.709,-1,-1,-1
362,49,547.38,457.85,16.39,54.91,0.609,-1,-1,-1
362,50,1031.21,430.86,64.43,214.71,0.795,-1,-1,-1
363,5,1071.73,393.81,206.15,617.96,0.861,-1,-1,-1
363,8,1245.37,448.68,37.89,94.33,0.607,-1,-1,-1
363,19,478.62,455.80,35.64,104.94,-1.000,-1,-1,-1
363,26,381.33,462.30,43.74,112.94,-1.000,-1,-1,-1
363,29,421.89,459.25,39.07,108.95,-1.000,-1,-1,-1
363,33,926.13,424.47,134.77,510.57,0.796,-1,-1,-1
363,34,581.94,454.60,19.91,57.55,0.568,-1,-1,-1
363,35,704.71,485.08,28.04,99.83,0.539,-1,-1,-1
363,36,659.08,463.24,21.34,63.86,-1.000,-1,-1,-1
363,39,732.35,480.43,47.38,112.54,0.632,-1,-1,-1
363,40,627.28,458.18,23.81,69.15,0.596,-1,-1,-1
363,41,1537.37,429.55,46.72,114.24,0.362,-1,-1,-1
363,42,668.05,486.73,54.65,107.88,0.824,-1,-1,-1
363,43,561.90,455.61,18.51,57.22,0.619,-1,-1,-1
363,44,412.93,408.60,176.97,391.56,0.906,-1,-1,-1
363,46,160.03,435.91,152.06,328.00,0.867,-1,-1,-1
363,47,54.84,444.90,122.14,410.34,0.911,-1,-1,-1
363,48,520.71,454.63,23.80,66.84,0.722,-1,-1,-1
363,49,546.88,457.30,16.61,55.59,0.608,-1,-1,-1
363,50,1028.96,431.28,64.20,214.61,0.456,-1,-1,-1
364,5,1074.06,393.30,207.30,618.60,0.868,-1,-1,-1
364,8,1246.78,449.62,37.36,93.47,0.607,-1,-1,-1
364,19,478.39,455.78,35.68,104.96,-1.000,-1,-1,-1
364,26,381.13,462.29,43.74,112.93,-1.000,-1,-1,-1
364,29,421.57,459.56,39.03,108.90,-1.000,-1,-1,-1
364,33,929.01,424.39,135.55,510.43,0.812,-1,-1,-1
364,34,581.83,454.93,19.92,57.47,0.628,-1,-1,-1
364,35,704.01,484.77,28.47,100.40,0.446,-1,-1,-1
364,36,659.08,463.31,21.17,63.34,-1.000,-1,-1,-1
364,39,732.91,481.88,46.62,110.43,0.630,-1,-1,-1
364,40,627.30,458.25,23.53,68.76,0.584,-1,-1,-1
364,41,1539.22,427.51,47.19,116.28,0.219,-1,-1,-1
364,42,668.24,488.05,54.14,106.22,0.770,-1,-1,-1
364,43,562.47,455.64,18.42,57.08,0.591,-1,-1,-1
364,44,413.53,410.33,178.17,388.93,0.915,-1,-1,-1
364,46,169.85,434.36,149.35,329.60,0.854,-1,-1,-1
364,47,52.23,444.04,129.90,410.70,0.920,-1,-1,-1
364,48,520.99,454.24,24.11,67.69,0.629,-1,-1,-1
364,49,547.14,456.99,16.64,55.67,0.531,-1,-1,-1
364,50,1027.71,434.16,63.28,211.91,0.170,-1,-1,-1
365,5,1075.43,395.74,207.60,616.44,0.873,-1,-1,-1
365,8,1246.94,449.72,37.44,93.95,0.645,-1,-1,-1
365,19,478.16,455.76,35.72,104.98,-1.000,-1,-1,-1
365,26,380.93,462.28,43.75,112.93,0.721,-1,-1,-1
365,29,421.24,459.86,38.99,108.84,-1.000,-1,-1,-1
365,33,932.56,425.00,135.73,510.86,0.836,-1,-1,-1
365,34,581.42,455.35,19.83,57.13,0.618,-1,-1,-1
365,35,705.25,485.24,28.27,99.79,0.111,-1,-1,-1
365,36,659.08,463.37,20.99,62.81,-1.000,-1,-1,-1
365,39,733.06,482.93,46.09,108.88,0.652,-1,-1,-1
365,40,627.54,458.10,23.40,68.80,0.586,-1,-1,-1
365,41,1542.64,429.55,45.81,114.25,0.394,-1,-1,-1
365,42,667.60,487.79,55.07,107.48,0.774,-1,-1,-1
365,43,563.25,456.49,18.16,56.32,0.595,-1,-1,-1
365,44,413.47,411.52,179.55,387.08,0.918,-1,-1,-1
365,46,181.10,434.88,145.68,328.83,0.810,-1,-1,-1
365,47,49.82,443.42,137.17,409.92,0.921,-1,-1,-1
365,48,521.90,453.93,24.00,67.67,0.668,-1,-1,-1
365,49,547.27,456.50,16.79,56.12,0.585,-1,-1,-1
365,50,1025.28,433.69,64.17,215.52,0.134,-1,-1,-1
366,5,1077.05,397.53,208.35,614.63,0.870,-1,-1,-1
366,8,1246.82,450.10,37.34,93.70,0.644,-1,-1,-1
366,19,477.92,455.74,35.76,105.00,-1.000,-1,-1,-1
366,26,381.12,462.25,44.18,113.36,0.744,-1,-1,-1
366,29,420.92,460.17,38.95,108.78,-1.000,-1,-1,-1
366,33,932.17,424.74,136.47,511.80,0.847,-1,-1,-1
366,34,580.79,455.42,19.84,57.02,0.597,-1,-1,-1
366,35,703.33,483.51,28.91,100.95,0.243,-1,-1,-1
366,36,659.08,463.44,20.82,62.29,-1.000,-1,-1,-1
366,39,732.80,483.53,46.18,109.12,0.598,-1,-1,-1
366,40,627.72,458.02,23.35,68.86,0.535,-1,-1,-1
366,41,1544.09,427.31,46.31,116.58,0.124,-1,-1,-1
366,42,667.37,489.57,54.34,105.13,0.747,-1,-1,-1
366,43,563.12,456.30,18.17,56.51,0.670,-1,-1,-1
366,44,412.97,411.10,181.03,385.96,0.915,-1,-1,-1
366,46,189.64,433.78,142.96,329.52,0.779,-1,-1,-1
366,47,56.95,443.17,140.06,404.12,0.902,-1,-1,-1
366,48,523.30,453.74,22.91,64.63,0.526,-1,-1,-1
366,49,547.79,456.55,16.73,55.94,0.608,-1,-1,-1
366,50,1021.53,434.02,62.77,210.52,-1.000,-1,-1,-1
367,5,1076.45,397.04,209.41,614.96,0.880,-1,-1,-1
367,8,1247.09,450.47,37.18,93.49,0.602,-1,-1,-1
367,19,477.69,455.73,35.80,105.02,-1.000,-1,-1,-1
367,26,380.13,462.37,44.53,113.75,0.774,-1,-1,-1
367,29,420.60,460.48,38.91,108.72,-1.000,-1,-1,-1
367,33,932.16,424.95,136.99,512.17,0.853,-1,-1,-1
367,34,580.29,455.54,19.72,56.75,0.570,-1,-1,-1
367,35,702.31,483.25,29.49,101.64,0.354,-1,-1,-1
367,36,659.08,463.50,20.65,61.77,-1.000,-1,-1,-1
367,39,731.88,483.81,46.42,110.03,0.540,-1,-1,-1
367,40,627.83,457.26,23.30,68.68,0.544,-1,-1,-1
367,42,667.17,491.88,53.33,102.34,0.640,-1,-1,-1
367,43,562.99,456.23,18.18,56.65,0.650,-1,-1,-1
367,44,413.02,411.70,181.45,382.52,0.916,-1,-1,-1
367,46,202.26,434.39,140.40,329.37,0.820,-1,-1,-1
367,47,60.61,443.01,141.76,395.62,0.909,-1,-1,-1
367,48,524.14,453.91,22.73,64.31,0.308,-1,-1,-1
367,49,548.07,456.57,16.66,55.83,0.552,-1,-1,-1
367,50,1017.79,434.36,61.38,205.53,-1.000,-1,-1,-1
368,5,1076.58,398.13,210.16,614.09,0.875,-1,-1,-1
368,8,1247.47,451.32,36.94,92.66,0.588,-1,-1,-1
368,19,477.46,455.71,35.84,105.04,-1.000,-1,-1,-1
368,26,379.74,462.54,44.86,113.86,0.819,-1,-1,-1
368,29,420.27,460.78,38.87,108.66,-1.000,-1,-1,-1
368,33,932.75,424.79,137.59,512.54,0.846,-1,-1,-1
368,34,579.65,455.55,19.67,56.79,0.556,-1,-1,-1
368,35,701.20,481.77,30.02,102.09,0.343,-1,-1,-1
368,36,659.09,463.57,20.48,61.25,-1.000,-1,-1,-1
368,39,731.83,484.11,45.50,108.12,0.555,-1,-1,-1
368,40,627.97,456.81,23.27,68.40,0.584,-1,-1,-1
368,42,664.20,492.24,52.34,100.30,0.635,-1,-1,-1
368,43,563.06,456.33,18.14,56.61,0.604,-1,-1,-1
368,44,413.33,409.39,183.01,382.73,0.922,-1,-1,-1
368,46,218.16,434.97,139.11,328.77,0.861,-1,-1,-1
368,47,70.62,441.82,140.62,385.06,0.888,-1,-1,-1
368,48,524.31,453.99,22.75,64.36,-1.000,-1,-1,-1
368,49,548.14,456.10,16.74,56.25,0.494,-1,-1,-1
368,50,1014.04,434.69,59.98,200.54,-1.000,-1,-1,-1
369,5,1075.60,396.99,211.43,615.38,0.876,-1,-1,-1
369,8,1248.12,451.94,36.83,91.84,0.592,-1,-1,-1
369,19,477.22,455.69,35.88,105.06,-1.000,-1,-1,-1
369,26,379.41,462.49,45.19,114.09,0.798,-1,-1,-1
369,29,419.95,461.09,38.83,108.60,-1.000,-1,-1,-1
369,33,933.13,424.35,138.28,513.37,0.847,-1,-1,-1
369,34,579.25,455.47,19.72,57.00,0.541,-1,-1,-1
369,35,701.69,482.75,30.04,101.20,0.422,-1,-1,-1
369,36,659.09,463.63,20.30,60.73,0.523,-1,-1,-1
369,39,731.80,483.97,45.57,108.58,0.595,-1,-1,-1
369,40,627.71,456.98,23.38,68.76,0.516,-1,-1,-1
369,42,662.70,492.30,51.61,98.75,0.553,-1,-1,-1
369,43,563.35,456.66,18.05,56.42,0.551,-1,-1,-1
369,44,416.06,408.80,183.56,382.60,0.914,-1,-1,-1
369,46,232.28,435.17,139.28,329.17,0.904,-1,-1,-1
369,47,86.63,440.46,139.36,379.99,0.888,-1,-1,-1
369,48,524.47,454.07,22.76,64.41,-1.000,-1,-1,-1
369,49,548.48,455.95,16.72,56.30,0.333,-1,-1,-1
369,50,1010.29,435.03,58.59,195.55,-1.000,-1,-1,-1
370,5,1075.65,396.32,212.62,616.15,0.876,-1,-1,-1
370,8,1248.62,451.50,37.23,92.30,0.578,-1,-1,-1
370,19,476.99,455.67,35.92,105.09,-1.000,-1,-1,-1
370,26,379.22,462.80,45.26,113.81,0.790,-1,-1,-1
370,29,419.63,461.40,38.79,108.54,-1.000,-1,-1,-1
370,33,935.15,422.94,139.24,514.94,0.856,-1,-1,-1
370,34,579.03,455.47,19.71,57.00,0.506,-1,-1,-1
370,35,700.66,483.88,30.48,100.95,0.484,-1,-1,-1
370,36,659.43,463.92,19.78,58.53,0.513,-1,-1,-1
370,39,731.61,483.83,45.87,109.62,0.669,-1,-1,-1
370,40,627.65,456.69,23.08,67.71,0.592,-1,-1,-1
370,42,660.20,490.97,50.90,97.36,0.650,-1,-1,-1
370,43,563.44,456.16,18.15,56.81,0.568,-1,-1,-1
370,44,419.78,408.76,182.85,380.78,0.912,-1,-1,-1
370,46,244.48,436.40,139.82,327.75,0.903,-1,-1,-1
370,47,106.01,438.43,138.17,379.37,0.843,-1,-1,-1
370,48,524.64,454.15,22.78,64.46,-1.000,-1,-1,-1
370,49,548.18,455.27,16.84,56.80,0.280,-1,-1,-1
370,50,1006.54,435.36,57.19,190.56,-1.000,-1,-1,-1
371,5,1074.28,394.45,213.73,617.82,0.876,-1,-1,-1
371,8,1249.00,451.03,37.67,92.83,0.509,-1,-1,-1
371,19,476.76,455.65,35.95,105.11,-1.000,-1,-1,-1
371,26,378.77,462.65,45.33,113.86,0.790,-1,-1,-1
371,29,419.30,461.70,38.75,108.48,-1.000,-1,-1,-1
371,33,937.97,420.56,140.38,517.43,0.825,-1,-1,-1
371,34,578.97,455.91,19.52,56.44,0.499,-1,-1,-1
371,35,700.55,483.99,30.64,99.59,0.596,-1,-1,-1
371,36,659.69,463.90,19.04,55.65,0.521,-1,-1,-1
371,39,731.73,483.53,45.49,109.09,0.608,-1,-1,-1
371,40,626.59,456.48,23.60,69.07,0.589,-1,-1,-1
371,42,658.30,490.34,50.44,96.63,0.611,-1,-1,-1
371,43,563.89,456.29,18.04,56.68,0.504,-1,-1,-1
371,44,426.86,408.72,179.54,375.36,0.898,-1,-1,-1
371,46,253.16,437.56,141.48,326.46,0.898,-1,-1,-1
371,47,117.46,437.64,136.65,379.92,0.812,-1,-1,-1
371,48,524.80,454.23,22.80,64.50,-1.000,-1,-1,-1
371,49,547.43,455.02,16.97,57.07,0.213,-1,-1,-1
371,50,1002.79,435.70,55.80,185.56,-1.000,-1,-1,-1
372,5,1074.04,396.89,213.45,615.23,0.889,-1,-1,-1
372,8,1250.66,450.47,38.06,93.02,0.530,-1,-1,-1
372,19,476.53,455.64,35.99,105.13,-1.000,-1,-1,-1
372,26,378.91,462.71,45.42,113.85,0.788,-1,-1,-1
372,29,418.98,462.01,38.71,108.42,0.518,-1,-1,-1
372,33,939.66,419.45,141.10,518.16,0.837,-1,-1,-1
372,34,579.58,455.93,19.42,56.39,0.490,-1,-1,-1
372,35,701.16,484.23,30.96,100.07,0.353,-1,-1,-1
372,36,659.87,464.05,18.45,53.29,0.467,-1,-1,-1
372,39,731.74,483.12,45.27,108.89,0.599,-1,-1,-1
372,40,626.13,456.46,23.80,69.53,0.567,-1,-1,-1
372,42,657.49,490.21,50.43,96.36,0.655,-1,-1,-1
372,43,564.42,456.24,17.89,56.21,0.507,-1,-1,-1
372,44,434.49,406.76,176.32,371.75,0.901,-1,-1,-1
372,46,258.98,438.94,143.57,324.87,0.911,-1,-1,-1
372,47,129.13,437.09,135.53,380.15,0.806,-1,-1,-1
372,48,524.97,454.31,22.82,64.55,-1.000,-1,-1,-1
372,50,999.04,436.03,54.40,180.57,-1.000,-1,-1,-1
373,5,1073.86,396.53,214.07,615.26,0.865,-1,-1,-1
373,8,1253.59,449.66,38.45,93.33,0.565,-1,-1,-1
373,19,476.29,455.62,36.03,105.15,-1.000,-1,-1,-1
373,26,380.06,462.90,45.51,113.49,0.772,-1,-1,-1
373,29,418.46,460.56,39.07,109.86,0.521,-1,-1,-1
373,33,943.92,419.19,141.79,518.40,0.861,-1,-1,-1
373,34,581.12,455.35,19.51,56.72,0.572,-1,-1,-1
373,35,701.79,484.68,31.09,99.65,0.346,-1,-1,-1
373,36,660.49,464.06,17.68,49.96,0.499,-1,-1,-1
373,39,731.94,482.97,46.27,111.86,0.623,-1,-1,-1
373,40,626.61,456.61,24.07,70.02,0.492,-1,-1,-1
373,42,657.18,490.19,50.10,95.22,0.582,-1,-1,-1
373,43,564.86,455.55,18.29,57.49,0.480,-1,-1,-1
373,44,444.55,404.83,172.54,369.06,0.920,-1,-1,-1
373,46,263.99,440.07,144.43,322.58,0.901,-1,-1,-1
373,47,145.97,437.72,135.24,378.52,0.858,-1,-1,-1
373,48,525.14,454.39,22.83,64.60,-1.000,-1,-1,-1
373,50,995.29,436.37,53.01,175.58,-1.000,-1,-1,-1
374,5,1074.74,397.47,214.29,614.24,0.866,-1,-1,-1
374,8,1255.23,449.48,38.74,93.26,0.618,-1,-1,-1
374,19,476.06,455.60,36.07,105.17,-1.000,-1,-1,-1
374,26,380.65,463.00,45.51,113.30,0.775,-1,-1,-1
374,29,419.60,461.60,38.65,109.41,0.573,-1,-1,-1
374,33,945.82,420.46,141.72,517.62,0.817,-1,-1,-1
374,34,582.24,455.09,19.50,56.69,0.387,-1,-1,-1
374,35,702.57,484.90,31.43,99.67,0.481,-1,-1,-1
374,36,660.71,464.07,17.22,48.02,0.444,-1,-1,-1
374,39,732.39,482.74,45.67,110.97,0.566,-1,-1,-1
374,40,627.80,456.57,24.27,70.50,0.363,-1,-1,-1
374,42,655.19,489.07,51.37,97.82,0.537,-1,-1,-1
374,43,565.04,455.56,18.27,57.44,-1.000,-1,-1,-1
374,44,456.82,403.13,169.80,368.55,0.895,-1,-1,-1
374,46,273.64,440.84,142.14,316.01,0.886,-1,-1,-1
374,47,163.44,439.42,136.51,376.41,0.893,-1,-1,-1
374,48,525.30,454.47,22.85,64.65,-1.000,-1,-1,-1
374,50,991.55,436.70,51.61,170.59,-1.000,-1,-1,-1
374,51,0.41,454.95,48.39,353.98,0.578,-1,-1,-1
375,5,1075.90,398.30,214.91,613.59,0.868,-1,-1,-1
375,8,1256.31,449.10,38.90,93.20,0.666,-1,-1,-1
375,19,475.83,455.58,36.11,105.19,-1.000,-1,-1,-1
375,26,380.66,462.85,45.58,113.42,0.783,-1,-1,-1
375,29,420.14,461.11,38.43,109.68,0.192,-1,-1,-1
375,33,948.15,420.57,141.92,517.49,0.822,-1,-1,-1
375,34,582.84,454.78,19.39,56.45,0.510,-1,-1,-1
375,35,702.81,484.56,31.81,100.19,0.339,-1,-1,-1
375,36,661.35,464.24,16.68,45.84,0.391,-1,-1,-1
375,39,732.34,482.66,44.97,109.60,0.563,-1,-1,-1
375,40,628.26,456.60,24.36,70.39,0.611,-1,-1,-1
375,42,654.37,490.45,50.11,95.21,0.426,-1,-1,-1
375,43,565.22,455.58,18.26,57.38,-1.000,-1,-1,-1
375,44,469.50,402.31,166.96,368.40,0.876,-1,-1,-1
375,46,269.96,440.90,143.19,313.14,0.864,-1,-1,-1
375,47,176.16,441.94,139.40,373.95,0.903,-1,-1,-1
375,48,525.47,454.55,22.87,64.69,-1.000,-1,-1,-1
375,50,987.80,437.04,50.21,165.60,-1.000,-1,-1,-1
375,51,2.15,442.94,50.47,368.88,0.460,-1,-1,-1
376,5,1075.05,397.84,215.64,613.90,0.889,-1,-1,-1
376,8,1256.56,448.77,39.16,93.40,0.671,-1,-1,-1
376,19,475.59,455.56,36.15,105.21,-1.000,-1,-1,-1
376,26,380.65,462.67,45.89,113.62,0.792,-1,-1,-1
376,29,418.48,463.41,37.95,107.49,0.467,-1,-1,-1
376,33,949.20,419.81,142.41,518.08,0.818,-1,-1,-1
376,34,583.31,454.77,19.38,56.46,0.318,-1,-1,-1
376,35,702.05,484.50,32.24,100.69,0.246,-1,-1,-1
376,36,660.88,464.10,16.85,45.60,0.391,-1,-1,-1
376,39,731.08,482.80,45.53,111.38,0.590,-1,-1,-1
376,40,627.98,456.90,24.40,70.02,0.537,-1,-1,-1
376,42,652.05,491.42,50.73,96.29,0.581,-1,-1,-1
376,43,565.39,455.60,18.25,57.33,-1.000,-1,-1,-1
376,44,477.02,401.70,165.40,368.23,0.783,-1,-1,-1
376,46,267.95,441.19,144.51,312.11,0.852,-1,-1,-1
376,47,183.74,442.22,143.82,374.05,0.904,-1,-1,-1
376,48,525.63,454.63,22.88,64.74,-1.000,-1,-1,-1
376,50,984.05,437.37,48.82,160.61,-1.000,-1,-1,-1
376,51,8.99,441.34,51.32,371.88,0.781,-1,-1,-1
376,52,944.24,452.70,25.86,68.48,0.659,-1,-1,-1
377,5,1075.56,398.58,216.41,613.38,0.891,-1,-1,-1
377,8,1256.61,448.67,39.25,93.36,0.671,-1,-1,-1
377,19,475.36,455.55,36.19,105.23,-1.000,-1,-1,-1
377,26,380.11,461.93,46.34,114.39,0.791,-1,-1,-1
377,29,419.40,461.90,38.18,109.25,0.601,-1,-1,-1
377,33,950.69,419.63,142.67,517.25,0.838,-1,-1,-1
377,34,583.78,454.72,19.30,56.36,0.111,-1,-1,-1
377,35,703.06,485.98,31.68,98.80,0.116,-1,-1,-1
377,36,660.39,463.85,16.75,44.70,0.360,-1,-1,-1
377,39,731.76,482.86,44.28,108.33,0.495,-1,-1,-1
377,40,627.14,457.13,24.56,70.25,0.461,-1,-1,-1
377,42,649.00,491.24,52.53,99.91,0.483,-1,-1,-1
377,43,565.57,455.62,18.24,57.28,-1.000,-1,-1,-1
377,44,486.62,401.37,163.83,368.39,0.749,-1,-1,-1
377,46,268.46,440.72,145.25,310.89,0.845,-1,-1,-1
377,47,188.90,443.55,148.47,373.37,0.894,-1,-1,-1
377,48,525.80,454.71,22.90,64.79,-1.000,-1,-1,-1
377,50,980.30,437.71,47.42,155.61,-1.000,-1,-1,-1
377,51,19.42,435.66,53.13,375.46,0.841,-1,-1,-1
377,52,943.92,453.18,26.26,69.53,0.625,-1,-1,-1
378,5,1075.12,398.46,217.10,613.61,0.884,-1,-1,-1
378,8,1256.81,448.94,39.25,92.98,0.703,-1,-1,-1
378,19,475.13,455.53,36.23,105.26,0.595,-1,-1,-1
378,26,379.85,461.78,46.89,115.65,0.755,-1,-1,-1
378,29,420.45,462.45,37.55,108.03,0.567,-1,-1,-1
378,33,952.25,422.19,142.23,514.41,0.822,-1,-1,-1
378,34,583.85,454.76,19.28,56.35,-1.000,-1,-1,-1
378,35,700.99,483.55,33.01,101.65,0.448,-1,-1,-1
378,36,660.36,463.74,17.01,44.88,0.329,-1,-1,-1
378,39,732.53,482.99,43.09,104.95,0.539,-1,-1,-1
378,40,627.22,457.46,24.62,70.29,0.397,-1,-1,-1
378,42,647.44,491.54,53.41,101.47,0.517,-1,-1,-1
378,43,565.75,455.63,18.22,57.23,-1.000,-1,-1,-1
378,44,497.42,401.03,161.80,369.09,0.788,-1,-1,-1
378,46,282.10,439.64,142.51,308.52,0.798,-1,-1,-1
378,47,190.63,444.46,153.14,372.52,0.906,-1,-1,-1
378,48,525.97,454.79,22.92,64.84,-1.000,-1,-1,-1
378,50,976.55,438.04,46.03,150.62,-1.000,-1,-1,-1
378,51,36.81,432.81,56.98,376.97,0.915,-1,-1,-1
378,52,943.81,453.21,26.16,69.18,0.506,-1,-1,-1
379,5,1073.86,396.83,218.01,615.11,0.890,-1,-1,-1
379,8,1256.83,449.03,39.32,92.96,0.624,-1,-1,-1
379,19,474.89,455.38,37.63,106.01,0.760,-1,-1,-1
379,26,380.07,461.89,46.94,115.68,0.625,-1,-1,-1
379,29,420.97,462.86,37.27,107.62,0.583,-1,-1,-1
379,33,953.70,422.08,142.48,514.44,0.811,-1,-1,-1
379,34,583.93,454.81,19.26,56.34,-1.000,-1,-1,-1
379,35,699.28,481.12,33.97,103.11,0.522,-1,-1,-1
379,36,660.33,463.47,17.16,44.93,0.306,-1,-1,-1
379,39,732.53,483.14,42.53,102.99,0.538,-1,-1,-1
379,40,627.32,457.31,24.79,70.63,0.498,-1,-1,-1
379,42,644.84,490.99,53.63,101.84,0.473,-1,-1,-1
379,43,565.93,455.65,18.21,57.18,-1.000,-1,-1,-1
379,44,506.91,401.59,159.17,368.21,0.803,-1,-1,-1
379,46,292.05,438.23,140.10,308.35,0.826,-1,-1,-1
379,47,189.43,445.36,157.63,371.84,0.909,-1,-1,-1
379,48,526.13,454.87,22.94,64.88,-1.000,-1,-1,-1
379,50,972.80,438.37,44.63,145.63,-1.000,-1,-1,-1
379,51,48.97,433.15,61.92,375.80,0.920,-1,-1,-1
379,52,943.47,454.11,25.73,67.93,0.288,-1,-1,-1
380,5,1075.05,395.77,218.90,616.04,0.891,-1,-1,-1
380,8,1256.71,448.92,39.46,93.35,0.564,-1,-1,-1
380,19,472.64,455.02,37.66,106.60,0.713,-1,-1,-1
380,26,379.93,462.23,47.42,117.06,0.418,-1,-1,-1
380,29,421.27,463.64,36.96,106.70,0.586,-1,-1,-1
380,33,956.66,420.43,143.11,517.02,0.797,-1,-1,-1
380,34,584.00,454.86,19.25,56.33,-1.000,-1,-1,-1
380,35,698.48,482.04,33.96,101.46,0.457,-1,-1,-1
380,36,660.30,463.22,17.65,45.80,0.287,-1,-1,-1
380,39,732.50,483.04,42.15,101.25,0.537,-1,-1,-1
380,40,626.42,456.94,25.32,71.82,0.350,-1,-1,-1
380,42,642.88,490.46,53.63,101.73,0.596,-1,-1,-1
380,43,566.10,455.67,18.20,57.13,-1.000,-1,-1,-1
380,44,517.16,402.57,156.37,367.29,0.849,-1,-1,-1
380,46,299.23,436.88,138.05,309.51,0.821,-1,-1,-1
380,47,189.66,444.87,162.35,372.05,0.897,-1,-1,-1
380,48,526.30,454.95,22.95,64.93,-1.000,-1,-1,-1
380,50,969.05,438.71,43.24,140.64,-1.000,-1,-1,-1
380,51,55.87,434.24,67.61,373.92,0.916,-1,-1,-1
380,52,942.49,453.16,25.33,66.82,0.116,-1,-1,-1
381,5,1075.61,395.66,219.41,615.94,0.891,-1,-1,-1
381,8,1256.68,448.83,39.46,93.39,0.519,-1,-1,-1
381,19,471.07,454.39,37.78,107.42,0.628,-1,-1,-1
381,26,379.98,462.47,48.05,118.58,0.302,-1,-1,-1
381,29,420.61,460.85,37.73,109.40,0.614,-1,-1,-1
381,33,960.75,419.66,143.14,516.89,0.794,-1,-1,-1
381,34,584.07,454.90,19.23,56.32,-1.000,-1,-1,-1
381,35,697.56,483.50,33.95,100.04,0.292,-1,-1,-1
381,36,660.75,462.84,18.13,46.35,0.330,-1,-1,-1
381,39,732.64,483.07,42.71,102.04,0.584,-1,-1,-1
381,40,625.96,456.62,25.61,71.93,0.458,-1,-1,-1
381,42,641.44,489.67,53.98,102.15,0.613,-1,-1,-1
381,43,566.28,455.69,18.19,57.07,-1.000,-1,-1,-1
381,44,523.51,405.15,153.27,365.09,0.846,-1,-1,-1
381,46,307.49,436.61,135.62,310.05,0.766,-1,-1,-1
381,47,189.49,445.25,166.09,370.37,0.902,-1,-1,-1
381,48,526.46,455.03,22.97,64.98,-1.000,-1,-1,-1
381,50,965.30,439.04,41.84,135.65,-1.000,-1,-1,-1
381,51,55.77,435.37,73.55,372.82,0.922,-1,-1,-1
381,52,943.27,452.89,24.84,65.36,0.147,-1,-1,-1
382,5,1077.14,395.11,220.06,616.32,0.889,-1,-1,-1
382,8,1257.22,448.99,39.25,92.94,0.465,-1,-1,-1
382,19,470.54,454.05,37.77,107.74,0.695,-1,-1,-1
382,29,420.48,459.79,38.16,110.40,0.607,-1,-1,-1
382,33,963.82,419.92,143.18,516.23,0.791,-1,-1,-1
382,34,584.14,454.95,19.22,56.31,-1.000,-1,-1,-1
382,35,697.06,482.91,34.54,100.39,0.469,-1,-1,-1
382,36,661.53,462.78,19.00,47.75,0.374,-1,-1,-1
382,39,732.58,483.09,43.58,103.16,0.612,-1,-1,-1
382,40,625.91,456.30,25.79,71.74,0.284,-1,-1,-1
382,42,640.51,490.19,53.09,99.70,0.716,-1,-1,-1
382,43,566.46,455.70,18.18,57.02,-1.000,-1,-1,-1
382,44,529.84,406.11,151.49,364.27,0.853,-1,-1,-1
382,46,314.84,435.42,133.32,310.93,0.773,-1,-1,-1
382,47,192.60,445.78,168.33,367.67,0.902,-1,-1,-1
382,48,526.63,455.11,22.99,65.03,-1.000,-1,-1,-1
382,50,961.56,439.38,40.45,130.65,-1.000,-1,-1,-1
382,51,54.18,437.61,79.47,370.57,0.923,-1,-1,-1
382,52,946.02,452.09,24.57,64.71,0.162,-1,-1,-1
383,5,1077.18,395.30,220.69,616.36,0.901,-1,-1,-1
383,8,1257.16,449.16,39.21,93.02,0.540,-1,-1,-1
383,19,469.58,453.74,37.49,108.01,0.659,-1,-1,-1
383,29,421.12,458.87,38.28,111.75,0.509,-1,-1,-1
383,33,966.11,420.11,144.99,519.88,0.801,-1,-1,-1
383,34,584.21,455.00,19.20,56.30,-1.000,-1,-1,-1
383,35,696.05,481.33,35.38,101.92,0.344,-1,-1,-1
383,36,662.06,462.71,18.97,46.95,0.244,-1,-1,-1
383,39,732.91,483.37,43.84,102.91,0.653,-1,-1,-1
383,40,625.25,456.00,26.05,71.97,0.206,-1,-1,-1
383,42,639.04,490.83,51.91,97.20,0.559,-1,-1,-1
383,43,566.63,455.72,18.16,56.97,-1.000,-1,-1,-1
383,44,535.33,406.81,150.41,363.57,0.879,-1,-1,-1
383,46,324.95,435.49,130.02,309.97,0.819,-1,-1,-1
383,47,200.03,443.48,169.77,367.87,0.911,-1,-1,-1
383,48,526.80,455.19,23.01,65.07,-1.000,-1,-1,-1
383,50,957.81,439.71,39.05,125.66,0.566,-1,-1,-1
383,51,56.65,439.58,86.81,368.72,0.931,-1,-1,-1
384,5,1076.93,396.18,220.72,615.68,0.885,-1,-1,-1
384,8,1256.86,448.61,39.35,93.60,0.529,-1,-1,-1
384,19,468.34,452.24,37.70,109.44,0.673,-1,-1,-1
384,29,420.93,457.97,38.55,112.71,0.510,-1,-1,-1
384,33,968.12,420.57,146.18,521.27,0.777,-1,-1,-1
384,34,584.29,455.04,19.18,56.29,-1.000,-1,-1,-1
384,35,694.34,480.46,36.85,104.77,0.409,-1,-1,-1
384,36,662.73,462.80,17.39,42.12,0.210,-1,-1,-1
384,39,731.84,483.38,44.80,103.97,0.630,-1,-1,-1
384,40,624.71,455.46,26.14,71.74,0.238,-1,-1,-1
384,42,637.72,491.28,51.77,96.74,0.276,-1,-1,-1
384,43,566.81,455.74,18.15,56.92,-1.000,-1,-1,-1
384,44,539.98,407.57,149.47,362.65,0.905,-1,-1,-1
384,46,334.61,434.81,128.62,311.11,0.742,-1,-1,-1
384,47,205.77,442.18,168.87,364.35,0.908,-1,-1,-1
384,48,526.96,455.27,23.02,65.12,-1.000,-1,-1,-1
384,50,954.32,440.06,43.82,137.80,0.643,-1,-1,-1
384,51,57.25,439.50,95.14,369.19,0.937,-1,-1,-1
385,5,1078.56,396.94,221.03,615.14,0.903,-1,-1,-1
385,8,1256.43,448.53,39.30,93.74,0.566,-1,-1,-1
385,19,468.34,452.85,37.30,108.90,0.621,-1,-1,-1
385,29,422.36,457.49,38.91,114.96,0.502,-1,-1,-1
385,33,969.63,420.08,147.05,522.86,0.762,-1,-1,-1
385,34,584.36,455.09,19.17,56.28,-1.000,-1,-1,-1
385,35,694.27,481.31,36.93,103.61,0.482,-1,-1,-1
385,36,663.13,462.94,16.41,39.10,0.215,-1,-1,-1
385,39,731.23,482.95,46.06,106.44,0.676,-1,-1,-1
385,40,625.55,455.12,25.85,70.75,0.220,-1,-1,-1
385,42,635.79,491.52,52.91,99.09,0.182,-1,-1,-1
385,43,566.99,455.76,18.14,56.87,-1.000,-1,-1,-1
385,44,542.78,408.48,148.92,361.90,0.918,-1,-1,-1
385,46,346.40,435.19,126.43,310.90,0.849,-1,-1,-1
385,47,213.73,441.22,166.54,360.38,0.894,-1,-1,-1
385,48,527.13,455.35,23.04,65.17,-1.000,-1,-1,-1
385,50,950.51,439.69,45.52,141.32,0.736,-1,-1,-1
385,51,55.62,439.65,103.50,369.53,0.941,-1,-1,-1
386,5,1078.62,393.28,222.64,618.25,0.895,-1,-1,-1
386,8,1255.96,448.30,39.25,93.85,0.585,-1,-1,-1
386,19,468.37,453.71,36.87,108.10,0.676,-1,-1,-1
386,29,421.32,457.14,40.34,120.35,0.565,-1,-1,-1
386,33,969.67,420.31,146.52,519.51,0.752,-1,-1,-1
386,34,584.43,455.14,19.15,56.27,-1.000,-1,-1,-1
386,35,694.28,481.98,37.28,103.61,0.416,-1,-1,-1
386,36,663.49,462.80,15.99,37.48,0.207,-1,-1,-1
386,39,730.18,482.37,48.50,112.16,0.688,-1,-1,-1
386,40,627.12,454.98,24.33,65.94,0.200,-1,-1,-1
386,42,634.89,491.49,55.95,105.35,0.133,-1,-1,-1
386,43,567.16,455.77,18.13,56.82,-1.000,-1,-1,-1
386,44,544.40,409.18,148.59,361.05,0.917,-1,-1,-1
386,46,358.86,435.87,126.01,310.41,0.869,-1,-1,-1
386,47,224.31,440.58,163.91,359.08,0.882,-1,-1,-1
386,48,527.29,455.43,23.06,65.22,0.533,-1,-1,-1
386,50,946.63,438.55,45.80,140.01,0.738,-1,-1,-1
386,51,52.69,438.92,111.26,369.50,0.936,-1,-1,-1
387,5,1078.80,393.83,222.56,617.74,0.891,-1,-1,-1
387,8,1255.61,449.05,38.67,92.69,0.570,-1,-1,-1
387,19,468.66,454.39,36.57,107.62,0.647,-1,-1,-1
387,29,421.69,456.39,41.93,125.35,0.302,-1,-1,-1
387,33,970.77,420.02,147.24,521.44,0.751,-1,-1,-1
387,34,584.50,455.19,19.13,56.26,-1.000,-1,-1,-1
387,35,693.43,481.56,38.49,105.84,0.470,-1,-1,-1
387,36,663.71,462.85,15.51,35.80,0.251,-1,-1,-1
387,39,728.67,480.73,49.90,115.34,0.733,-1,-1,-1
387,40,629.70,455.15,23.09,62.43,0.112,-1,-1,-1
387,43,567.34,455.79,18.11,56.77,-1.000,-1,-1,-1
387,44,545.62,410.91,148.15,359.59,0.920,-1,-1,-1
387,46,372.17,438.05,126.85,308.30,0.901,-1,-1,-1
387,47,237.38,439.34,159.82,358.42,0.884,-1,-1,-1
387,48,527.53,455.49,22.94,64.71,0.612,-1,-1,-1
387,50,944.43,437.54,46.82,141.42,0.776,-1,-1,-1
387,51,49.61,437.32,118.40,369.62,0.927,-1,-1,-1
388,5,1079.65,395.56,222.70,615.61,0.880,-1,-1,-1
388,8,1255.09,449.43,38.44,92.23,0.579,-1,-1,-1
388,19,468.51,454.87,36.35,107.39,0.677,-1,-1,-1
388,33,968.38,420.59,145.77,518.49,0.696,-1,-1,-1
388,34,584.57,455.23,19.12,56.24,-1.000,-1,-1,-1
388,35,691.45,478.33,40.25,109.18,0.521,-1,-1,-1
388,36,663.23,462.87,16.04,36.71,0.276,-1,-1,-1
388,39,726.97,479.04,50.93,117.52,0.770,-1,-1,-1
388,40,629.13,455.25,23.33,63.05,-1.000,-1,-1,-1
388,43,567.52,455.81,18.10,56.71,-1.000,-1,-1,-1
388,44,546.89,411.35,147.31,357.47,0.911,-1,-1,-1
388,46,381.32,438.13,129.68,308.10,0.909,-1,-1,-1
388,47,250.33,443.34,154.18,354.49,0.815,-1,-1,-1
388,48,527.46,455.44,23.54,66.35,0.666,-1,-1,-1
388,50,942.69,435.89,47.41,142.49,0.787,-1,-1,-1
388,51,50.51,435.88,124.15,370.14,0.919,-1,-1,-1
389,5,1081.37,397.08,223.88,614.36,0.824,-1,-1,-1
389,8,1255.51,450.47,37.13,88.80,0.470,-1,-1,-1
389,19,468.41,455.22,36.09,106.97,0.655,-1,-1,-1
389,33,964.56,420.86,145.05,519.94,0.724,-1,-1,-1
389,34,584.64,455.28,19.10,56.23,-1.000,-1,-1,-1
389,35,689.27,474.36,41.89,112.63,0.464,-1,-1,-1
389,39,726.06,478.04,51.41,118.88,0.750,-1,-1,-1
389,40,628.56,455.35,23.57,63.66,-1.000,-1,-1,-1
389,43,567.69,455.83,18.09,56.66,-1.000,-1,-1,-1
389,44,548.95,411.17,146.48,356.12,0.903,-1,-1,-1
389,46,387.37,445.59,130.13,300.71,0.897,-1,-1,-1
389,47,260.74,446.64,148.57,351.24,0.846,-1,-1,-1
389,48,527.75,455.64,23.75,66.67,0.663,-1,-1,-1
389,50,939.91,434.18,47.99,144.59,0.771,-1,-1,-1
389,51,55.41,434.41,127.01,366.37,0.898,-1,-1,-1
390,5,1080.30,398.50,225.42,613.07,0.854,-1,-1,-1
390,8,1255.79,450.23,35.65,84.87,0.410,-1,-1,-1
390,19,467.43,454.72,35.94,107.50,0.620,-1,-1,-1
390,33,964.12,420.77,144.14,518.11,0.699,-1,-1,-1
390,34,584.72,455.33,19.09,56.22,-1.000,-1,-1,-1
390,35,688.44,471.66,42.97,114.55,0.599,-1,-1,-1
390,39,726.05,477.48,50.75,117.77,0.749,-1,-1,-1
390,40,628.00,455.44,23.81,64.28,-1.000,-1,-1,-1
390,43,567.87,455.84,18.08,56.61,-1.000,-1,-1,-1
390,44,551.68,410.82,145.78,355.72,0.905,-1,-1,-1
390,46,390.90,443.35,134.16,301.92,0.902,-1,-1,-1
390,47,271.63,445.96,145.84,352.07,0.796,-1,-1,-1
390,48,528.92,455.88,23.82,66.87,0.604,-1,-1,-1
390,50,936.53,433.62,48.85,147.47,0.740,-1,-1,-1
390,51,62.21,433.39,128.87,365.08,0.862,-1,-1,-1
391,5,1077.44,396.88,227.63,614.71,0.884,-1,-1,-1
391,8,1255.80,450.59,34.34,81.32,0.354,-1,-1,-1
391,19,466.87,454.91,35.66,106.98,0.224,-1,-1,-1
391,33,963.36,420.69,143.20,516.93,0.694,-1,-1,-1
391,34,584.79,455.37,19.07,56.21,-1.000,-1,-1,-1
391,35,688.64,474.03,42.10,110.87,0.622,-1,-1,-1
391,39,725.57,477.26,51.08,119.45,0.765,-1,-1,-1
391,40,627.43,455.54,24.05,64.90,-1.000,-1,-1,-1
391,43,568.05,455.86,18.06,56.56,-1.000,-1,-1,-1
391,44,557.17,410.77,140.72,344.49,0.902,-1,-1,-1
391,46,397.39,442.85,136.13,301.66,0.901,-1,-1,-1
391,47,284.61,443.99,144.15,353.37,0.827,-1,-1,-1
391,48,529.76,456.20,23.88,67.02,0.626,-1,-1,-1
391,50,933.85,433.37,49.80,149.52,0.735,-1,-1,-1
391,51,64.38,432.69,131.10,364.62,0.871,-1,-1,-1
392,5,1075.21,397.70,228.56,613.28,0.885,-1,-1,-1
392,8,1254.34,449.39,36.01,85.28,0.450,-1,-1,-1
392,33,963.76,420.46,142.34,517.21,0.674,-1,-1,-1
392,34,584.86,455.42,19.05,56.20,-1.000,-1,-1,-1
392,35,686.67,466.68,44.37,116.70,0.641,-1,-1,-1
392,39,725.43,475.86,51.54,121.76,0.797,-1,-1,-1
392,40,626.86,455.64,24.29,65.51,-1.000,-1,-1,-1
392,43,568.22,455.88,18.05,56.51,-1.000,-1,-1,-1
392,44,563.56,409.54,139.86,346.55,0.887,-1,-1,-1
392,46,396.02,444.15,136.66,296.36,0.788,-1,-1,-1
392,47,295.76,442.95,142.84,354.29,0.802,-1,-1,-1
392,48,530.82,456.27,23.98,67.32,0.625,-1,-1,-1
392,50,930.05,433.78,55.08,166.89,0.749,-1,-1,-1
392,51,69.56,432.39,132.27,364.50,0.696,-1,-1,-1
393,5,1072.41,397.63,229.66,613.15,0.894,-1,-1,-1
393,8,1251.54,449.07,37.17,88.33,0.580,-1,-1,-1
393,33,965.47,421.12,141.74,517.78,0.665,-1,-1,-1
393,34,584.93,455.47,19.04,56.19,-1.000,-1,-1,-1
393,35,686.39,466.25,43.86,114.95,0.642,-1,-1,-1
393,39,725.54,473.88,51.80,123.84,0.772,-1,-1,-1
393,40,626.29,455.74,24.53,66.13,-1.000,-1,-1,-1
393,43,568.40,455.89,18.04,56.46,0.528,-1,-1,-1
393,44,570.63,407.67,137.46,345.67,0.886,-1,-1,-1
393,46,396.49,443.81,138.21,294.51,0.827,-1,-1,-1
393,47,311.77,442.69,143.36,354.27,0.881,-1,-1,-1
393,48,531.69,457.16,23.95,66.83,0.629,-1,-1,-1
393,50,926.50,434.95,57.33,175.44,0.826,-1,-1,-1
393,51,85.94,432.43,131.47,364.05,0.717,-1,-1,-1
393,53,514.34,459.93,20.25,65.68,0.595,-1,-1,-1
394,5,1066.94,396.23,231.41,614.65,0.886,-1,-1,-1
394,8,1249.74,448.83,37.80,89.99,0.590,-1,-1,-1
394,33,964.34,420.98,141.07,518.63,0.687,-1,-1,-1
394,34,585.00,455.51,19.02,56.18,-1.000,-1,-1,-1
394,35,685.65,462.88,44.62,117.13,0.589,-1,-1,-1
394,39,724.08,471.97,52.63,126.77,0.801,-1,-1,-1
394,40,625.73,455.84,24.77,66.75,-1.000,-1,-1,-1
394,43,568.55,455.76,18.18,56.71,0.465,-1,-1,-1
394,44,577.15,409.47,133.63,340.99,0.826,-1,-1,-1
394,46,396.35,442.38,140.19,293.68,0.879,-1,-1,-1
394,47,321.20,443.48,143.96,353.13,0.862,-1,-1,-1
394,48,532.13,456.92,24.31,67.27,0.612,-1,-1,-1
394,50,923.85,436.84,56.99,176.59,0.808,-1,-1,-1
394,51,95.71,432.52,131.14,364.42,0.662,-1,-1,-1
394,53,514.12,460.06,20.23,65.63,0.609,-1,-1,-1
394,54,494.25,457.88,23.12,78.06,0.571,-1,-1,-1
395,5,1065.00,396.28,232.39,614.94,0.890,-1,-1,-1
395,8,1248.10,448.65,38.07,90.94,0.546,-1,-1,-1
395,33,965.84,420.95,139.87,518.72,0.701,-1,-1,-1
395,34,585.08,455.56,19.00,56.17,-1.000,-1,-1,-1
395,35,684.63,460.07,45.28,119.03,0.531,-1,-1,-1
395,39,722.89,470.22,53.18,128.85,0.808,-1,-1,-1
395,40,625.16,455.94,25.01,67.36,-1.000,-1,-1,-1
395,43,568.91,455.85,18.09,56.38,0.516,-1,-1,-1
395,44,586.02,410.34,130.44,337.84,0.704,-1,-1,-1
395,46,408.80,440.83,138.91,292.78,0.827,-1,-1,-1
395,47,327.11,445.72,145.04,351.03,0.878,-1,-1,-1
395,48,533.26,457.08,24.35,67.45,0.579,-1,-1,-1
395,50,921.19,438.58,56.28,176.54,0.794,-1,-1,-1
395,51,97.79,432.24,132.24,364.90,0.681,-1,-1,-1
395,53,514.87,460.56,19.87,64.43,0.594,-1,-1,-1
395,54,494.12,457.74,22.87,77.20,0.483,-1,-1,-1
396,5,1066.12,396.17,233.07,615.37,0.894,-1,-1,-1
396,8,1247.93,448.27,37.85,91.22,0.458,-1,-1,-1
396,33,968.05,420.77,138.52,518.60,0.737,-1,-1,-1
396,34,585.15,455.61,18.99,56.16,-1.000,-1,-1,-1
396,35,683.21,458.62,46.24,122.31,0.503,-1,-1,-1
396,39,722.31,468.73,53.60,130.63,0.814,-1,-1,-1
396,40,624.59,456.04,25.25,67.98,-1.000,-1,-1,-1
396,43,568.77,455.73,18.04,56.01,0.514,-1,-1,-1
396,44,591.20,406.96,129.34,339.46,0.747,-1,-1,-1
396,46,419.09,440.27,136.66,291.99,0.892,-1,-1,-1
396,47,329.23,446.77,146.21,349.83,0.887,-1,-1,-1
396,48,533.81,457.29,24.26,67.27,0.609,-1,-1,-1
396,50,919.76,439.85,55.88,175.39,0.819,-1,-1,-1
396,51,112.42,434.36,132.65,363.16,0.813,-1,-1,-1
396,53,515.80,461.19,19.37,62.71,0.574,-1,-1,-1
397,5,1068.25,395.39,233.95,616.54,0.919,-1,-1,-1
397,8,1247.26,447.66,37.63,91.00,0.574,-1,-1,-1
397,33,970.74,420.87,137.21,518.16,0.730,-1,-1,-1
397,34,585.22,455.66,18.97,56.15,0.575,-1,-1,-1
397,35,682.39,457.27,46.80,124.36,0.322,-1,-1,-1
397,39,721.53,468.02,53.55,131.61,0.830,-1,-1,-1
397,40,624.02,456.13,25.49,68.60,-1.000,-1,-1,-1
397,43,568.37,455.41,18.15,56.44,0.587,-1,-1,-1
397,44,596.53,406.58,128.03,340.16,0.746,-1,-1,-1
397,46,423.89,438.98,135.76,293.98,0.872,-1,-1,-1
397,47,330.96,447.09,148.09,349.33,0.901,-1,-1,-1
397,48,534.88,457.47,24.17,67.32,0.466,-1,-1,-1
397,50,915.87,440.17,55.54,175.97,0.774,-1,-1,-1
397,51,132.81,434.70,133.77,362.81,0.809,-1,-1,-1
397,53,514.91,460.75,19.44,62.97,0.300,-1,-1,-1
397,55,1084.49,432.03,63.21,121.76,0.604,-1,-1,-1
398,5,1069.81,396.12,234.27,616.65,0.918,-1,-1,-1
398,8,1246.84,447.29,37.51,90.97,0.451,-1,-1,-1
398,33,971.54,420.67,135.78,518.17,0.743,-1,-1,-1
398,34,585.31,455.68,18.73,56.18,0.592,-1,-1,-1
398,35,682.51,460.72,46.37,123.11,0.140,-1,-1,-1
398,39,720.21,467.88,53.03,130.62,0.830,-1,-1,-1
398,40,623.46,456.23,25.72,69.21,-1.000,-1,-1,-1
398,43,568.04,455.17,18.26,56.57,0.551,-1,-1,-1
398,44,600.88,406.78,127.00,340.33,0.799,-1,-1,-1
398,46,428.45,437.12,133.96,295.06,0.877,-1,-1,-1
398,47,330.27,444.79,150.82,351.28,0.901,-1,-1,-1
398,48,536.62,456.83,24.01,67.32,0.477,-1,-1,-1
398,50,912.93,440.25,55.43,176.57,0.748,-1,-1,-1
398,51,143.35,436.16,135.12,361.74,0.903,-1,-1,-1
398,53,515.89,461.25,19.29,62.33,0.147,-1,-1,-1
398,55,1084.86,430.12,63.55,122.45,0.260,-1,-1,-1
399,5,1070.82,398.11,233.99,614.82,0.916,-1,-1,-1
399,8,1246.07,447.22,37.30,90.67,0.588,-1,-1,-1
399,33,972.13,420.49,134.60,518.53,0.748,-1,-1,-1
399,34,585.32,455.82,18.46,55.91,0.562,-1,-1,-1
399,35,683.55,466.76,44.67,119.02,0.169,-1,-1,-1
399,39,719.05,467.33,52.94,130.84,0.798,-1,-1,-1
399,40,622.89,456.33,25.96,69.83,-1.000,-1,-1,-1
399,43,567.54,454.88,18.34,56.62,0.552,-1,-1,-1
399,44,608.02,406.57,126.14,340.46,0.845,-1,-1,-1
399,46,435.76,436.31,131.43,296.29,0.850,-1,-1,-1
399,47,329.68,444.97,152.47,350.52,0.900,-1,-1,-1
399,48,536.34,455.96,24.32,68.56,0.425,-1,-1,-1
399,50,910.49,440.17,55.04,175.56,0.750,-1,-1,-1
399,51,155.73,436.37,139.32,361.57,0.900,-1,-1,-1
399,53,515.37,461.48,18.65,60.27,0.165,-1,-1,-1
399,55,1081.28,414.14,69.09,133.57,0.463,-1,-1,-1
400,5,1070.48,397.64,234.35,615.34,0.928,-1,-1,-1
400,8,1245.05,447.09,37.46,90.97,0.683,-1,-1,-1
400,33,973.24,420.67,132.98,517.60,0.759,-1,-1,-1
400,34,585.11,456.53,18.12,55.32,0.576,-1,-1,-1
400,35,684.28,465.48,44.28,118.98,0.148,-1,-1,-1
400,39,718.24,466.82,53.04,131.82,0.730,-1,-1,-1
400,40,622.32,456.43,26.20,70.45,-1.000,-1,-1,-1
400,43,567.41,454.89,18.39,56.62,0.513,-1,-1,-1
400,44,616.67,406.70,125.94,340.25,0.818,-1,-1,-1
400,46,445.45,435.81,128.18,297.01,0.823,-1,-1,-1
400,47,334.91,445.51,152.43,349.39,0.890,-1,-1,-1
400,48,536.96,455.09,24.31,68.81,0.409,-1,-1,-1
400,50,908.56,440.92,54.55,174.05,0.739,-1,-1,-1
400,51,162.38,437.17,143.78,360.75,0.912,-1,-1,-1
400,53,515.81,461.20,18.80,60.69,-1.000,-1,-1,-1
401,5,1068.77,394.23,235.83,620.60,0.881,-1,-1,-1
401,8,1244.48,447.25,37.47,91.07,0.712,-1,-1,-1
401,33,974.30,421.27,131.78,516.94,0.747,-1,-1,-1
401,34,585.23,457.67,17.77,54.09,0.538,-1,-1,-1
401,35,685.65,465.28,43.22,117.35,0.147,-1,-1,-1
401,39,716.44,466.92,53.39,132.95,0.732,-1,-1,-1
401,40,621.76,456.53,26.44,71.06,-1.000,-1,-1,-1
401,43,568.16,455.46,18.11,56.10,0.431,-1,-1,-1
401,44,624.65,407.33,126.94,340.05,0.851,-1,-1,-1
401,46,452.11,434.92,126.05,298.16,0.773,-1,-1,-1
401,47,337.84,445.60,152.39,348.29,0.892,-1,-1,-1
401,48,537.25,453.69,24.53,70.10,0.519,-1,-1,-1
401,50,907.37,440.22,54.05,172.44,0.759,-1,-1,-1
401,51,163.14,438.74,146.66,358.43,0.910,-1,-1,-1
401,53,516.24,460.92,18.94,61.12,-1.000,-1,-1,-1
402,5,1068.61,390.55,236.89,625.04,0.896,-1,-1,-1
402,8,1243.78,447.50,37.38,91.09,0.710,-1,-1,-1
402,33,975.21,421.74,130.69,516.39,0.756,-1,-1,-1
402,34,585.31,457.76,17.84,54.10,0.437,-1,-1,-1
402,39,713.56,466.96,53.83,133.72,0.784,-1,-1,-1
402,40,621.19,456.63,26.68,71.68,-1.000,-1,-1,-1
402,43,569.07,455.61,18.01,56.13,0.301,-1,-1,-1
402,44,629.03,407.36,128.95,339.74,0.879,-1,-1,-1
402,46,460.60,435.52,123.02,296.91,0.835,-1,-1,-1
402,47,343.85,446.28,150.64,345.53,0.885,-1,-1,-1
402,48,537.38,451.66,24.93,71.81,0.537,-1,-1,-1
402,50,905.86,442.67,53.53,171.01,0.702,-1,-1,-1
402,51,165.57,439.98,150.40,356.67,0.919,-1,-1,-1
402,53,516.68,460.63,19.09,61.54,-1.000,-1,-1,-1
403,5,1069.56,391.95,235.80,623.55,0.894,-1,-1,-1
403,8,1242.74,447.15,37.40,91.69,0.679,-1,-1,-1
403,33,974.75,422.14,130.25,517.41,0.734,-1,-1,-1
403,34,585.55,457.73,17.45,52.52,0.254,-1,-1,-1
403,39,712.84,466.84,53.69,133.25,0.805,-1,-1,-1
403,40,620.62,456.73,26.92,72.30,-1.000,-1,-1,-1
403,43,569.02,455.41,18.16,56.22,0.206,-1,-1,-1
403,44,634.75,407.91,131.33,339.40,0.905,-1,-1,-1
403,46,473.65,433.56,122.32,298.61,0.818,-1,-1,-1
403,47,348.67,445.19,147.35,338.69,0.902,-1,-1,-1
403,48,538.78,452.07,23.59,67.80,0.185,-1,-1,-1
403,50,903.15,446.95,52.34,167.86,0.675,-1,-1,-1
403,51,169.24,439.83,155.15,356.68,0.921,-1,-1,-1
403,53,517.11,460.35,19.23,61.96,-1.000,-1,-1,-1
404,5,1069.43,389.53,235.88,626.93,0.868,-1,-1,-1
404,8,1241.96,447.13,37.15,91.66,0.702,-1,-1,-1
404,33,974.61,422.61,129.63,517.62,0.715,-1,-1,-1
404,34,586.18,457.63,16.09,47.51,0.133,-1,-1,-1
404,39,711.88,465.48,55.19,138.03,0.780,-1,-1,-1
404,40,620.05,456.82,27.16,72.91,-1.000,-1,-1,-1
404,43,568.70,454.94,18.43,56.75,0.141,-1,-1,-1
404,44,641.87,408.49,133.21,338.27,0.886,-1,-1,-1
404,46,485.56,434.41,121.73,297.87,0.854,-1,-1,-1
404,47,357.15,443.93,144.02,334.41,0.884,-1,-1,-1
404,50,898.73,449.05,51.72,165.66,0.788,-1,-1,-1
404,51,169.99,439.43,159.08,356.17,0.913,-1,-1,-1
404,53,517.55,460.07,19.38,62.39,-1.000,-1,-1,-1
405,5,1067.17,391.05,233.69,625.60,0.834,-1,-1,-1
405,8,1241.29,447.27,36.83,91.61,0.714,-1,-1,-1
405,33,972.43,421.60,129.33,517.58,0.689,-1,-1,-1
405,34,586.58,458.05,15.29,44.47,0.126,-1,-1,-1
405,39,711.64,463.42,56.30,141.80,0.319,-1,-1,-1
405,40,619.49,456.92,27.40,73.53,-1.000,-1,-1,-1
405,44,647.15,408.44,135.31,339.01,0.889,-1,-1,-1
405,46,498.28,435.92,122.00,296.27,0.870,-1,-1,-1
405,47,366.61,443.56,140.00,330.62,0.865,-1,-1,-1
405,50,895.89,449.21,51.63,165.21,0.782,-1,-1,-1
405,51,169.39,438.09,162.87,356.70,0.908,-1,-1,-1
405,53,517.99,459.79,19.52,62.81,-1.000,-1,-1,-1
406,5,1065.51,390.97,231.70,625.09,0.827,-1,-1,-1
406,8,1241.18,447.26,36.55,91.61,0.743,-1,-1,-1
406,26,390.98,463.50,25.20,55.78,0.575,-1,-1,-1
406,33,973.18,421.85,128.77,517.55,0.706,-1,-1,-1
406,34,586.36,457.95,14.29,40.77,0.289,-1,-1,-1
406,39,712.68,464.41,55.65,142.52,0.697,-1,-1,-1
406,40,618.92,457.02,27.64,74.15,-1.000,-1,-1,-1
406,44,649.99,409.33,136.72,338.15,0.896,-1,-1,-1
406,46,506.97,437.60,123.20,294.69,0.906,-1,-1,-1
406,47,376.84,441.93,136.53,329.40,0.850,-1,-1,-1
406,50,893.68,450.27,51.41,164.32,0.796,-1,-1,-1
406,51,172.70,436.62,165.01,356.86,0.901,-1,-1,-1
406,53,518.42,459.51,19.67,63.23,-1.000,-1,-1,-1
407,5,1063.05,393.61,228.76,623.78,0.858,-1,-1,-1
407,8,1240.94,447.40,36.26,91.83,0.679,-1,-1,-1
407,26,387.84,463.31,26.80,56.36,0.539,-1,-1,-1
407,33,974.16,420.76,128.16,517.77,0.732,-1,-1,-1
407,34,585.75,458.13,15.38,43.59,0.246,-1,-1,-1
407,39,713.92,464.06,54.73,142.20,0.550,-1,-1,-1
407,40,618.35,457.12,27.88,74.76,0.697,-1,-1,-1
407,44,651.29,409.73,137.53,336.77,0.898,-1,-1,-1
407,46,511.52,437.61,125.46,295.02,0.901,-1,-1,-1
407,47,388.37,441.93,133.09,328.11,0.815,-1,-1,-1
407,50,889.23,447.02,53.08,167.55,0.798,-1,-1,-1
407,51,179.46,435.03,165.44,357.00,0.884,-1,-1,-1
407,53,518.86,459.23,19.81,63.65,-1.000,-1,-1,-1
408,5,1061.46,395.32,225.50,622.26,0.873,-1,-1,-1
408,8,1241.20,447.71,35.85,91.71,0.690,-1,-1,-1
408,26,388.34,462.76,27.88,55.81,0.487,-1,-1,-1
408,33,974.70,419.93,127.82,518.30,0.726,-1,-1,-1
408,34,586.02,458.50,15.95,45.18,0.349,-1,-1,-1
408,40,618.29,457.92,27.87,74.32,0.714,-1,-1,-1
408,44,652.33,410.27,138.73,336.42,0.911,-1,-1,-1
408,46,514.08,438.22,127.08,294.12,0.863,-1,-1,-1
408,47,397.84,439.69,130.80,329.95,0.852,-1,-1,-1
408,50,884.34,444.14,54.40,170.57,0.847,-1,-1,-1
408,51,187.95,434.43,162.57,351.32,0.879,-1,-1,-1
408,53,519.30,458.95,19.96,64.08,-1.000,-1,-1,-1
409,5,1059.60,395.63,223.19,622.52,0.881,-1,-1,-1
409,8,1241.49,447.86,35.31,91.47,0.665,-1,-1,-1
409,26,388.03,462.41,29.39,56.38,0.576,-1,-1,-1
409,33,977.43,419.38,126.94,518.47,0.753,-1,-1,-1
409,34,587.59,457.49,16.87,47.50,0.142,-1,-1,-1
409,40,618.11,457.65,28.26,75.11,0.723,-1,-1,-1
409,44,652.52,410.88,139.50,335.65,0.913,-1,-1,-1
409,46,515.49,438.12,128.57,293.40,0.853,-1,-1,-1
409,47,408.36,443.00,127.44,326.66,0.828,-1,-1,-1
409,50,880.97,442.66,55.15,170.95,0.841,-1,-1,-1
409,51,197.94,432.74,158.47,345.13,0.889,-1,-1,-1
409,53,519.73,458.67,20.10,64.50,-1.000,-1,-1,-1
410,5,1059.19,396.48,221.36,622.42,0.838,-1,-1,-1
410,8,1241.07,447.80,34.91,91.30,0.684,-1,-1,-1
410,26,387.09,462.83,29.85,55.70,0.556,-1,-1,-1
410,33,978.24,418.45,126.39,519.33,0.745,-1,-1,-1
410,34,587.66,457.25,17.07,48.10,-1.000,-1,-1,-1
410,40,618.07,457.41,28.49,75.89,0.695,-1,-1,-1
410,44,653.13,410.51,140.23,335.58,0.902,-1,-1,-1
410,46,519.60,437.23,129.36,293.95,0.817,-1,-1,-1
410,47,419.81,442.34,126.75,327.19,0.843,-1,-1,-1
410,50,879.51,441.87,55.68,170.76,0.849,-1,-1,-1
410,51,208.47,432.45,155.38,342.58,0.830,-1,-1,-1
410,52,949.41,448.64,27.99,75.31,0.598,-1,-1,-1
410,53,520.17,458.39,20.24,64.92,-1.000,-1,-1,-1
411,5,1055.62,397.41,218.95,620.77,0.865,-1,-1,-1
411,8,1239.99,447.91,34.52,91.00,0.660,-1,-1,-1
411,26,386.40,462.86,30.62,55.77,0.497,-1,-1,-1
411,33,977.23,418.04,126.19,519.66,0.746,-1,-1,-1
411,34,587.73,457.00,17.27,48.70,-1.000,-1,-1,-1
411,40,617.99,457.68,28.52,76.32,0.707,-1,-1,-1
411,44,653.44,411.77,139.90,332.29,0.901,-1,-1,-1
411,46,524.10,434.51,130.56,297.13,0.824,-1,-1,-1
411,47,432.00,444.40,125.82,324.21,0.877,-1,-1,-1
411,50,878.29,441.48,56.12,170.81,0.850,-1,-1,-1
411,51,224.78,431.89,151.30,340.69,0.736,-1,-1,-1
411,52,950.32,449.24,27.49,74.78,0.631,-1,-1,-1
411,53,520.61,458.11,20.39,65.35,-1.000,-1,-1,-1
412,5,1053.35,398.71,216.69,618.73,0.866,-1,-1,-1
412,8,1238.83,448.27,34.10,90.33,0.652,-1,-1,-1
412,26,385.99,462.91,31.16,55.84,0.387,-1,-1,-1
412,29,420.01,456.15,25.88,71.72,0.632,-1,-1,-1
412,33,976.24,417.89,125.91,519.92,0.733,-1,-1,-1
412,34,587.80,456.75,17.47,49.29,-1.000,-1,-1,-1
412,40,618.24,457.19,28.01,75.06,0.642,-1,-1,-1
412,44,653.40,411.88,139.95,330.54,0.905,-1,-1,-1
412,46,528.71,433.88,129.29,294.92,0.821,-1,-1,-1
412,47,441.07,446.45,126.10,322.00,0.879,-1,-1,-1
412,50,877.20,441.12,56.30,170.58,0.826,-1,-1,-1
412,51,239.14,431.74,147.15,339.94,0.840,-1,-1,-1
412,52,950.53,449.61,27.51,74.77,0.694,-1,-1,-1
412,53,521.04,457.83,20.53,65.77,-1.000,-1,-1,-1
413,5,1051.52,398.50,215.25,618.65,0.890,-1,-1,-1
413,8,1238.43,448.43,33.68,89.88,0.668,-1,-1,-1
413,26,380.35,462.80,41.24,75.51,-1.000,-1,-1,-1
413,29,418.12,456.03,28.51,76.03,0.565,-1,-1,-1
413,33,976.48,417.70,125.46,520.21,0.748,-1,-1,-1
413,34,587.87,456.50,17.67,49.89,-1.000,-1,-1,-1
413,40,618.23,456.70,27.87,74.82,0.661,-1,-1,-1
413,44,654.47,410.51,140.67,331.36,0.909,-1,-1,-1
413,46,533.39,435.54,125.59,286.97,0.861,-1,-1,-1
413,47,448.68,445.47,128.80,322.72,0.898,-1,-1,-1
413,50,875.81,440.80,55.86,169.20,0.808,-1,-1,-1
413,51,250.84,431.38,144.48,341.02,0.815,-1,-1,-1
413,52,951.96,449.95,27.27,74.74,0.667,-1,-1,-1
413,53,521.48,457.55,20.68,66.19,0.538,-1,-1,-1
414,5,1050.27,398.15,214.15,618.76,0.894,-1,-1,-1
414,8,1238.16,448.30,33.19,89.84,0.660,-1,-1,-1
414,26,374.72,462.69,51.32,95.18,0.615,-1,-1,-1
414,29,416.37,455.94,31.28,81.83,0.576,-1,-1,-1
414,33,976.60,416.91,124.98,521.04,0.755,-1,-1,-1
414,34,587.94,456.25,17.88,50.49,-1.000,-1,-1,-1
414,40,617.57,456.03,28.04,75.39,0.109,-1,-1,-1
414,44,658.25,410.08,140.15,330.94,0.894,-1,-1,-1
414,46,537.53,433.47,124.98,287.66,0.754,-1,-1,-1
414,47,451.59,443.86,131.67,324.51,0.885,-1,-1,-1
414,50,874.42,440.70,55.25,167.62,0.838,-1,-1,-1
414,51,260.82,430.73,141.70,342.02,0.869,-1,-1,-1
414,52,952.64,450.26,27.14,74.72,0.666,-1,-1,-1
414,53,522.56,457.92,20.55,65.99,0.314,-1,-1,-1
415,5,1050.06,399.33,213.11,617.74,0.877,-1,-1,-1
415,8,1237.26,448.53,32.80,89.57,0.610,-1,-1,-1
415,26,372.76,462.41,55.20,105.66,0.651,-1,-1,-1
415,29,415.58,456.04,32.46,83.87,0.484,-1,-1,-1
415,33,973.87,417.96,125.00,522.48,0.703,-1,-1,-1
415,34,588.01,456.00,18.08,51.09,-1.000,-1,-1,-1
415,40,614.60,454.97,33.56,91.39,0.124,-1,-1,-1
415,44,660.09,407.76,140.10,332.04,0.897,-1,-1,-1
415,46,542.22,431.96,123.65,287.94,0.856,-1,-1,-1
415,47,452.66,445.27,133.44,322.86,0.903,-1,-1,-1
415,50,871.82,439.82,54.83,166.69,0.855,-1,-1,-1
415,51,273.08,431.95,139.38,340.87,0.887,-1,-1,-1
415,52,953.74,450.67,26.93,74.11,0.631,-1,-1,-1
415,53,522.60,457.89,20.51,65.73,-1.000,-1,-1,-1
416,5,1049.26,398.50,212.36,617.57,0.879,-1,-1,-1
416,8,1236.96,448.61,31.32,85.85,0.511,-1,-1,-1
416,26,372.91,462.10,57.26,112.60,0.727,-1,-1,-1
416,29,413.85,455.87,36.37,94.29,0.559,-1,-1,-1
416,33,970.68,418.10,125.38,524.92,0.726,-1,-1,-1
416,34,588.08,455.76,18.28,51.69,-1.000,-1,-1,-1
416,44,664.39,406.96,138.11,329.71,0.914,-1,-1,-1
416,46,550.93,432.03,120.03,285.90,0.866,-1,-1,-1
416,47,453.35,445.18,135.78,322.53,0.917,-1,-1,-1
416,50,869.13,439.23,54.24,166.07,0.857,-1,-1,-1
416,51,284.58,431.83,138.90,340.30,0.853,-1,-1,-1
416,52,955.68,450.12,26.71,74.07,0.588,-1,-1,-1
416,53,522.64,457.87,20.46,65.47,-1.000,-1,-1,-1
417,5,1046.51,396.24,212.22,620.43,0.884,-1,-1,-1
417,8,1237.19,448.59,30.15,83.23,0.307,-1,-1,-1
417,26,373.78,462.21,57.80,116.07,0.752,-1,-1,-1
417,29,412.15,455.85,39.86,104.49,0.656,-1,-1,-1
417,33,971.40,418.08,124.32,521.56,0.701,-1,-1,-1
417,34,588.15,455.51,18.48,52.29,-1.000,-1,-1,-1
417,44,670.25,405.99,136.10,327.88,0.914,-1,-1,-1
417,46,560.62,433.33,116.87,283.46,0.765,-1,-1,-1
417,47,452.96,447.41,136.88,319.83,0.884,-1,-1,-1
417,50,864.92,438.15,53.95,166.74,0.833,-1,-1,-1
417,51,292.79,433.19,139.07,338.89,0.886,-1,-1,-1
417,52,957.10,449.85,26.29,73.38,0.512,-1,-1,-1
417,53,522.69,457.84,20.42,65.21,-1.000,-1,-1,-1
418,5,1045.91,396.73,211.55,620.77,0.894,-1,-1,-1
418,26,375.06,461.89,57.49,117.84,0.800,-1,-1,-1
418,29,412.09,456.20,39.97,104.97,0.579,-1,-1,-1
418,33,971.36,418.25,123.53,519.11,0.671,-1,-1,-1
418,34,588.22,455.26,18.68,52.89,-1.000,-1,-1,-1
418,44,676.90,405.49,133.92,326.16,0.888,-1,-1,-1
418,46,570.17,432.95,113.73,282.96,0.808,-1,-1,-1
418,47,451.47,446.91,139.47,320.37,0.909,-1,-1,-1
418,50,860.44,437.47,53.82,166.88,0.805,-1,-1,-1
418,51,299.14,435.57,139.73,336.00,0.888,-1,-1,-1
418,52,958.58,448.65,26.54,74.80,0.555,-1,-1,-1
418,53,522.73,457.81,20.37,64.95,-1.000,-1,-1,-1
419,5,1045.12,397.71,210.66,620.04,0.892,-1,-1,-1
419,26,375.34,462.60,57.12,118.41,0.672,-1,-1,-1
419,29,411.61,456.44,40.49,106.90,0.548,-1,-1,-1
419,33,971.24,418.91,122.78,517.28,0.687,-1,-1,-1
419,34,588.29,455.01,18.88,53.49,-1.000,-1,-1,-1
419,44,683.93,405.44,132.16,325.09,0.878,-1,-1,-1
419,46,577.27,432.80,111.45,283.92,0.794,-1,-1,-1
419,47,451.93,444.25,141.75,321.66,0.906,-1,-1,-1
419,50,858.54,436.98,53.56,167.44,0.816,-1,-1,-1
419,51,300.46,436.68,140.93,334.68,0.857,-1,-1,-1
419,52,960.17,448.09,26.36,75.22,0.596,-1,-1,-1
419,53,522.77,457.79,20.33,64.69,-1.000,-1,-1,-1
420,5,1044.59,396.85,210.30,620.76,0.876,-1,-1,-1
420,19,457.29,457.69,28.74,85.06,0.542,-1,-1,-1
420,26,377.15,461.48,57.98,121.73,0.261,-1,-1,-1
420,29,410.85,456.20,42.08,112.16,0.523,-1,-1,-1
420,33,973.26,419.43,121.69,515.89,0.675,-1,-1,-1
420,34,588.36,454.76,19.09,54.08,-1.000,-1,-1,-1
420,44,690.25,404.96,130.70,324.95,0.867,-1,-1,-1
420,46,587.88,432.89,109.56,284.41,0.876,-1,-1,-1
420,47,455.95,443.02,142.22,321.46,0.886,-1,-1,-1
420,50,857.19,436.68,53.37,168.19,0.781,-1,-1,-1
420,51,304.02,438.02,143.03,333.24,0.902,-1,-1,-1
420,52,961.77,447.84,26.02,75.30,0.668,-1,-1,-1
420,53,522.81,457.76,20.29,64.43,-1.000,-1,-1,-1
421,5,1044.20,395.28,210.16,622.66,0.887,-1,-1,-1
421,19,452.99,456.66,31.90,92.89,0.573,-1,-1,-1
421,26,376.70,463.86,58.28,122.15,-1.000,-1,-1,-1
421,29,410.37,456.15,43.05,116.15,0.717,-1,-1,-1
421,33,972.83,419.97,120.72,513.06,0.712,-1,-1,-1
421,34,588.43,454.51,19.29,54.68,-1.000,-1,-1,-1
421,44,694.45,405.77,129.19,323.55,0.851,-1,-1,-1
421,46,598.95,433.49,108.27,283.04,0.851,-1,-1,-1
421,47,460.85,443.81,141.02,318.90,0.880,-1,-1,-1
421,50,856.38,436.89,53.18,168.20,0.834,-1,-1,-1
421,51,305.67,438.34,145.81,332.77,0.909,-1,-1,-1
421,52,962.67,448.15,25.75,75.32,0.648,-1,-1,-1
421,53,522.86,457.74,20.24,64.17,-1.000,-1,-1,-1
422,5,1044.35,395.27,209.46,623.02,0.883,-1,-1,-1
422,19,450.27,456.69,33.46,96.68,0.488,-1,-1,-1
422,26,376.25,466.25,58.58,122.56,-1.000,-1,-1,-1
422,29,410.44,456.33,43.09,117.23,0.680,-1,-1,-1
422,33,973.57,422.45,119.64,510.51,0.659,-1,-1,-1
422,34,588.50,454.26,19.49,55.28,-1.000,-1,-1,-1
422,44,699.82,408.11,127.44,321.69,0.821,-1,-1,-1
422,46,609.26,434.07,108.68,282.08,0.885,-1,-1,-1
422,47,464.37,441.85,139.98,317.20,0.870,-1,-1,-1
422,50,855.14,437.98,52.67,167.06,0.831,-1,-1,-1
422,51,309.76,439.93,148.49,329.91,0.900,-1,-1,-1
422,52,964.09,448.58,25.16,74.51,0.553,-1,-1,-1
422,53,522.90,457.71,20.20,63.91,-1.000,-1,-1,-1
423,5,1044.63,396.34,208.57,622.62,0.866,-1,-1,-1
423,19,447.55,456.69,34.81,100.85,0.556,-1,-1,-1
423,26,375.80,468.64,58.89,122.98,-1.000,-1,-1,-1
423,29,410.40,455.43,43.40,119.17,0.652,-1,-1,-1
423,33,973.22,423.62,119.42,510.67,0.637,-1,-1,-1
423,34,588.57,454.02,19.69,55.88,-1.000,-1,-1,-1
423,44,705.22,409.18,126.24,320.59,0.708,-1,-1,-1
423,46,617.23,436.20,109.74,279.77,0.900,-1,-1,-1
423,47,470.62,442.66,137.42,314.24,0.873,-1,-1,-1
423,50,851.95,438.98,52.14,165.95,0.806,-1,-1,-1
423,51,312.74,439.25,151.09,327.59,0.905,-1,-1,-1
423,52,965.63,448.56,24.80,74.42,0.547,-1,-1,-1
423,53,522.94,457.68,20.15,63.65,-1.000,-1,-1,-1
424,5,1044.46,397.83,208.12,623.36,0.821,-1,-1,-1
424,19,447.11,456.92,34.84,101.13,0.394,-1,-1,-1
424,26,375.35,471.03,59.19,123.39,-1.000,-1,-1,-1
424,29,411.74,456.22,44.39,124.02,0.413,-1,-1,-1
424,33,972.05,423.76,119.98,513.03,0.590,-1,-1,-1
424,34,588.64,453.77,19.89,56.48,-1.000,-1,-1,-1
424,44,708.75,408.02,126.04,322.38,0.828,-1,-1,-1
424,46,622.83,436.34,112.30,279.50,0.898,-1,-1,-1
424,47,478.80,442.00,135.05,314.07,0.853,-1,-1,-1
424,50,850.36,440.09,51.61,164.86,0.814,-1,-1,-1
424,51,319.11,437.46,152.90,327.55,0.902,-1,-1,-1
424,52,967.42,448.75,24.32,73.55,0.515,-1,-1,-1
424,53,522.98,457.66,20.11,63.39,-1.000,-1,-1,-1
424,56,1154.03,412.10,164.51,494.72,0.613,-1,-1,-1
425,5,1045.58,399.45,208.50,625.79,0.751,-1,-1,-1
425,19,446.09,456.65,34.14,98.19,0.474,-1,-1,-1
425,26,374.90,473.42,59.49,123.81,-1.000,-1,-1,-1
425,29,411.84,456.32,43.95,122.79,-1.000,-1,-1,-1
425,33,971.56,423.88,120.21,514.05,0.479,-1,-1,-1
425,34,588.71,453.52,20.09,57.08,0.639,-1,-1,-1
425,44,712.55,408.07,125.46,322.78,0.819,-1,-1,-1
425,46,625.46,438.69,114.28,277.20,0.909,-1,-1,-1
425,47,488.90,441.28,131.87,314.55,0.858,-1,-1,-1
425,50,848.09,440.75,51.28,164.20,0.825,-1,-1,-1
425,51,321.23,436.29,154.11,325.82,0.901,-1,-1,-1
425,52,969.61,448.04,24.32,73.70,0.217,-1,-1,-1
425,53,523.03,457.63,20.06,63.13,-1.000,-1,-1,-1
425,56,1153.58,413.62,167.06,502.53,0.522,-1,-1,-1
426,5,1045.28,399.45,210.13,632.74,0.738,-1,-1,-1
426,19,444.67,456.43,33.63,95.23,0.295,-1,-1,-1
426,26,374.45,475.81,59.79,124.22,-1.000,-1,-1,-1
426,29,411.95,456.42,43.52,121.56,-1.000,-1,-1,-1
426,33,971.70,426.91,119.91,512.85,0.527,-1,-1,-1
426,34,589.43,453.64,19.73,56.53,0.658,-1,-1,-1
426,44,715.23,409.01,124.45,321.58,0.867,-1,-1,-1
426,46,626.27,440.27,115.99,275.28,0.907,-1,-1,-1
426,47,499.23,440.54,128.49,315.61,0.842,-1,-1,-1
426,50,841.67,441.45,52.01,164.33,0.806,-1,-1,-1
426,51,326.32,436.69,154.33,325.10,0.900,-1,-1,-1
426,52,971.23,447.03,24.38,74.11,0.113,-1,-1,-1
426,53,523.07,457.61,20.02,62.87,-1.000,-1,-1,-1
426,56,1157.05,414.66,165.77,498.59,0.680,-1,-1,-1
427,5,1041.89,397.93,208.70,632.86,0.648,-1,-1,-1
427,19,445.11,456.40,32.57,90.60,0.477,-1,-1,-1
427,26,374.00,478.19,60.10,124.63,-1.000,-1,-1,-1
427,29,412.05,456.53,43.09,120.33,-1.000,-1,-1,-1
427,33,971.77,425.56,120.24,514.44,0.667,-1,-1,-1
427,34,589.51,453.74,19.53,55.96,-1.000,-1,-1,-1
427,44,718.19,409.42,123.69,321.04,0.859,-1,-1,-1
427,46,625.70,441.66,117.22,272.89,0.900,-1,-1,-1
427,47,507.98,440.00,126.02,316.02,0.800,-1,-1,-1
427,50,841.13,441.30,51.61,164.17,0.776,-1,-1,-1
427,51,333.97,435.97,151.92,320.57,0.893,-1,-1,-1
427,52,972.37,446.83,24.30,74.14,0.272,-1,-1,-1
427,53,523.11,457.58,19.97,62.61,-1.000,-1,-1,-1
427,56,1203.09,424.33,128.24,386.73,0.612,-1,-1,-1
428,5,1041.62,396.56,204.74,626.14,0.745,-1,-1,-1
428,26,373.55,480.58,60.40,125.05,-1.000,-1,-1,-1
428,29,412.16,456.63,42.65,119.10,-1.000,-1,-1,-1
428,33,971.94,424.68,120.46,514.98,0.626,-1,-1,-1
428,34,589.59,453.84,19.34,55.40,-1.000,-1,-1,-1
428,44,720.87,410.30,123.04,320.18,0.860,-1,-1,-1
428,46,626.27,444.93,117.56,268.91,0.903,-1,-1,-1
428,47,513.66,439.86,123.38,316.41,0.817,-1,-1,-1
428,50,840.07,441.10,50.71,162.82,0.808,-1,-1,-1
428,51,342.33,434.58,149.84,319.57,0.887,-1,-1,-1
428,52,973.34,446.51,23.88,72.82,0.121,-1,-1,-1
428,53,523.15,457.55,19.93,62.35,-1.000,-1,-1,-1
428,56,1226.94,428.74,110.09,332.52,0.221,-1,-1,-1
429,5,1042.70,395.30,206.12,635.99,0.734,-1,-1,-1
429,26,373.10,482.97,60.70,125.46,-1.000,-1,-1,-1
429,29,412.27,456.74,42.22,117.88,-1.000,-1,-1,-1
429,33,972.27,425.91,120.28,513.08,0.587,-1,-1,-1
429,34,589.67,453.94,19.15,54.84,-1.000,-1,-1,-1
429,44,724.08,410.49,122.70,320.29,0.870,-1,-1,-1
429,46,627.56,442.38,119.72,271.13,0.895,-1,-1,-1
429,47,522.59,440.66,121.37,316.26,0.844,-1,-1,-1
429,50,838.87,441.25,49.40,160.39,0.806,-1,-1,-1
429,51,353.34,437.27,146.00,315.56,0.775,-1,-1,-1
429,52,974.67,446.42,23.40,71.51,0.100,-1,-1,-1
429,53,523.20,457.53,19.88,62.09,-1.000,-1,-1,-1
429,56,1241.89,429.89,101.69,308.30,0.538,-1,-1,-1
430,5,1048.17,395.74,211.67,657.75,0.850,-1,-1,-1
430,26,372.65,485.36,61.00,125.88,-1.000,-1,-1,-1
430,29,412.37,456.84,41.78,116.65,-1.000,-1,-1,-1
430,33,974.83,426.03,120.88,515.54,0.608,-1,-1,-1
430,34,589.75,454.05,18.96,54.28,-1.000,-1,-1,-1
430,44,731.90,410.72,121.18,319.56,0.838,-1,-1,-1
430,46,630.65,442.14,120.49,271.73,0.884,-1,-1,-1
430,47,532.31,440.15,120.54,316.48,0.853,-1,-1,-1
430,50,837.24,440.46,48.52,158.63,0.815,-1,-1,-1
430,51,363.76,435.04,143.55,316.92,0.750,-1,-1,-1
430,52,976.73,445.86,21.81,66.43,0.155,-1,-1,-1
430,53,523.24,457.50,19.84,61.83,-1.000,-1,-1,-1
430,56,1194.66,419.86,143.20,434.80,0.688,-1,-1,-1
430,57,1613.28,321.49,288.92,734.29,0.741,-1,-1,-1
431,5,1048.46,396.92,209.97,659.36,0.772,-1,-1,-1
431,26,372.20,487.75,61.30,126.29,-1.000,-1,-1,-1
431,29,412.48,456.94,41.35,115.42,-1.000,-1,-1,-1
431,33,978.18,426.84,121.13,514.57,0.701,-1,-1,-1
431,34,589.82,454.15,18.76,53.72,-1.000,-1,-1,-1
431,44,736.34,411.77,119.92,319.13,0.838,-1,-1,-1
431,46,637.05,440.73,119.78,271.41,0.877,-1,-1,-1
431,47,541.99,441.33,120.01,315.49,0.884,-1,-1,-1
431,50,836.28,439.79,48.02,157.78,0.828,-1,-1,-1
431,51,372.14,435.07,139.71,313.15,0.614,-1,-1,-1
431,52,978.25,445.14,21.12,63.75,0.182,-1,-1,-1
431,53,523.28,457.48,19.79,61.57,0.555,-1,-1,-1
431,56,1194.97,416.53,128.03,385.55,0.702,-1,-1,-1
431,57,1591.45,315.37,291.91,738.61,0.800,-1,-1,-1
432,5,1051.67,397.17,208.47,659.63,0.738,-1,-1,-1
432,26,371.75,490.14,61.61,126.71,-1.000,-1,-1,-1
432,29,412.59,457.05,40.91,114.19,-1.000,-1,-1,-1
432,33,980.42,426.16,121.91,515.91,0.678,-1,-1,-1
432,34,589.90,454.25,18.57,53.16,-1.000,-1,-1,-1
432,44,740.00,412.79,118.42,318.16,0.837,-1,-1,-1
432,46,643.67,441.79,117.17,267.68,0.864,-1,-1,-1
432,47,550.84,440.46,121.25,316.10,0.916,-1,-1,-1
432,50,835.32,438.97,48.16,158.40,0.794,-1,-1,-1
432,51,373.70,436.87,136.60,309.98,0.711,-1,-1,-1
432,52,979.55,444.46,20.54,61.04,0.198,-1,-1,-1
432,53,522.92,457.22,21.14,64.58,0.642,-1,-1,-1
432,56,1195.13,414.08,117.38,351.48,0.564,-1,-1,-1
432,57,1561.67,304.82,301.22,755.83,0.804,-1,-1,-1
433,5,1058.55,396.87,200.51,639.29,0.830,-1,-1,-1
433,26,371.30,492.52,61.91,127.12,-1.000,-1,-1,-1
433,29,412.69,457.15,40.48,112.96,-1.000,-1,-1,-1
433,33,982.36,424.54,122.76,517.81,0.699,-1,-1,-1
433,34,589.98,454.35,18.38,52.60,-1.000,-1,-1,-1
433,44,742.77,412.31,117.29,318.06,0.845,-1,-1,-1
433,46,651.60,439.11,115.64,268.65,0.837,-1,-1,-1
433,47,554.60,441.00,121.93,315.59,0.890,-1,-1,-1
433,50,832.69,438.24,48.31,159.00,0.776,-1,-1,-1
433,51,384.46,440.44,133.20,306.84,0.692,-1,-1,-1
433,52,979.99,444.05,21.56,63.55,0.313,-1,-1,-1
433,53,522.70,457.49,22.04,66.46,0.698,-1,-1,-1
433,56,1198.59,412.07,117.23,347.99,0.623,-1,-1,-1
433,57,1534.91,301.02,307.19,760.27,0.811,-1,-1,-1
434,5,1066.77,396.86,186.79,594.10,0.491,-1,-1,-1
434,26,370.85,494.91,62.21,127.54,-1.000,-1,-1,-1
434,29,412.80,457.26,40.04,111.74,-1.000,-1,-1,-1
434,33,986.81,418.38,124.76,526.01,0.718,-1,-1,-1
434,34,590.06,454.45,18.19,52.03,-1.000,-1,-1,-1
434,44,746.00,411.77,116.62,318.17,0.828,-1,-1,-1
434,46,660.92,438.21,113.99,268.78,0.571,-1,-1,-1
434,47,557.96,440.99,123.17,314.84,0.896,-1,-1,-1
434,48,552.57,455.34,20.48,56.76,0.563,-1,-1,-1
434,50,831.95,438.02,48.38,160.07,0.619,-1,-1,-1
434,51,389.25,441.12,132.34,305.57,0.560,-1,-1,-1
434,52,980.62,444.68,20.77,60.63,0.284,-1,-1,-1
434,53,522.79,457.94,22.90,67.87,0.761,-1,-1,-1
434,56,1202.88,411.99,112.93,331.11,0.749,-1,-1,-1
434,57,1503.94,298.88,310.99,761.59,0.597,-1,-1,-1
435,5,1089.69,392.18,151.70,471.93,0.812,-1,-1,-1
435,26,370.40,497.30,62.51,127.95,-1.000,-1,-1,-1
435,29,412.90,457.36,39.61,110.51,-1.000,-1,-1,-1
435,33,994.08,416.55,121.40,508.18,0.716,-1,-1,-1
435,34,590.14,454.56,18.00,51.47,-1.000,-1,-1,-1
435,44,746.44,411.44,115.23,316.72,0.835,-1,-1,-1
435,46,670.53,436.53,111.59,269.70,0.712,-1,-1,-1
435,47,559.21,442.25,124.12,313.42,0.898,-1,-1,-1
435,48,551.50,454.19,22.66,62.10,0.571,-1,-1,-1
435,50,830.30,438.34,48.29,159.38,0.694,-1,-1,-1
435,51,404.27,437.23,132.97,312.52,0.786,-1,-1,-1
435,52,981.21,444.67,22.32,64.39,0.345,-1,-1,-1
435,53,522.28,458.27,23.45,68.64,0.755,-1,-1,-1
435,56,1205.42,411.73,109.21,317.91,0.736,-1,-1,-1
435,57,1458.43,302.68,307.65,742.66,0.702,-1,-1,-1
436,5,1101.98,395.18,139.02,426.58,0.810,-1,-1,-1
436,26,369.95,499.69,62.82,128.37,-1.000,-1,-1,-1
436,29,413.01,457.46,39.17,109.28,-1.000,-1,-1,-1
436,33,1009.42,415.59,107.15,443.80,0.705,-1,-1,-1
436,34,590.22,454.66,17.80,50.91,-1.000,-1,-1,-1
436,44,747.52,413.03,113.18,313.10,0.833,-1,-1,-1
436,46,678.40,435.73,109.51,270.60,0.703,-1,-1,-1
436,47,559.15,444.77,124.52,310.26,0.892,-1,-1,-1
436,48,550.48,454.63,24.17,66.23,0.587,-1,-1,-1
436,50,827.93,439.29,47.97,158.94,0.638,-1,-1,-1
436,51,413.96,437.38,132.55,313.23,0.769,-1,-1,-1
436,52,980.98,444.47,23.83,68.17,0.163,-1,-1,-1
436,53,521.77,458.84,23.60,68.64,0.725,-1,-1,-1
436,56,1206.43,411.25,109.32,316.62,0.698,-1,-1,-1
436,57,1399.69,310.60,306.57,729.11,0.734,-1,-1,-1
436,58,1283.94,423.77,81.04,275.38,0.535,-1,-1,-1
437,5,1104.28,395.04,140.75,429.00,0.822,-1,-1,-1
437,26,369.50,502.08,63.12,128.78,-1.000,-1,-1,-1
437,29,413.12,457.57,38.74,108.05,-1.000,-1,-1,-1
437,33,1020.09,418.01,100.95,415.39,0.651,-1,-1,-1
437,34,590.29,454.76,17.61,50.35,-1.000,-1,-1,-1
437,44,750.36,414.76,111.21,309.94,0.784,-1,-1,-1
437,46,686.12,435.53,107.21,270.68,0.745,-1,-1,-1
437,47,558.11,442.61,126.86,312.64,0.871,-1,-1,-1
437,48,549.56,454.25,25.45,69.88,0.677,-1,-1,-1
437,50,828.74,439.86,48.38,159.18,0.661,-1,-1,-1
437,51,422.24,437.94,132.10,313.27,0.691,-1,-1,-1
437,52,981.83,444.83,23.74,67.26,0.257,-1,-1,-1
437,53,521.40,459.03,23.80,68.86,0.738,-1,-1,-1
437,56,1209.91,410.41,104.86,302.24,0.232,-1,-1,-1
437,57,1327.22,316.45,314.38,736.90,0.712,-1,-1,-1
437,58,1295.90,424.86,84.06,284.10,-1.000,-1,-1,-1
438,5,1104.99,398.85,142.81,434.18,0.749,-1,-1,-1
438,26,369.05,504.46,63.42,129.19,-1.000,-1,-1,-1
438,29,413.22,457.67,38.31,106.82,-1.000,-1,-1,-1
438,33,1024.36,418.31,100.99,411.93,0.684,-1,-1,-1
438,34,590.37,454.86,17.42,49.79,-1.000,-1,-1,-1
438,44,752.75,413.97,109.67,308.78,0.817,-1,-1,-1
438,46,692.25,434.12,106.14,272.23,0.737,-1,-1,-1
438,47,556.85,442.61,128.40,311.72,0.893,-1,-1,-1
438,48,549.27,453.33,26.70,73.20,0.690,-1,-1,-1
438,50,826.63,441.15,47.55,157.85,0.605,-1,-1,-1
438,51,427.77,438.77,131.62,311.98,0.849,-1,-1,-1
438,52,982.81,445.14,23.83,66.89,0.333,-1,-1,-1
438,53,522.17,459.47,23.79,68.60,0.680,-1,-1,-1
438,56,1214.00,410.07,105.95,305.58,-1.000,-1,-1,-1
438,57,1273.07,327.15,306.83,709.97,0.699,-1,-1,-1
438,58,1307.86,425.95,87.07,292.83,-1.000,-1,-1,-1
439,5,1104.89,407.10,144.26,439.05,0.750,-1,-1,-1
439,26,368.60,506.85,63.72,129.61,0.679,-1,-1,-1
439,29,413.33,457.78,37.87,105.60,-1.000,-1,-1,-1
439,33,1025.72,417.23,104.43,422.50,0.699,-1,-1,-1
439,34,590.45,454.96,17.23,49.23,-1.000,-1,-1,-1
439,44,760.21,413.46,108.33,306.54,0.841,-1,-1,-1
439,46,698.19,432.77,105.21,274.89,0.786,-1,-1,-1
439,47,559.63,442.34,129.25,311.73,0.889,-1,-1,-1
439,48,549.96,452.56,27.11,75.06,0.662,-1,-1,-1
439,50,826.39,441.74,47.05,156.88,0.270,-1,-1,-1
439,51,431.32,437.59,132.03,313.51,0.874,-1,-1,-1
439,52,984.58,446.03,23.26,64.54,0.262,-1,-1,-1
439,53,523.42,459.62,23.85,68.60,0.619,-1,-1,-1
439,56,1218.10,409.72,107.05,308.92,-1.000,-1,-1,-1
439,57,1203.14,337.38,310.58,709.36,0.785,-1,-1,-1
439,58,1319.82,427.03,90.08,301.56,-1.000,-1,-1,-1
439,59,1006.80,447.55,22.31,75.69,0.556,-1,-1,-1
440,5,1117.02,406.79,147.97,450.29,-1.000,-1,-1,-1
440,26,364.64,508.75,62.52,120.24,0.782,-1,-1,-1
440,29,413.44,457.88,37.44,104.37,-1.000,-1,-1,-1
440,33,1026.95,419.35,108.45,433.91,0.770,-1,-1,-1
440,34,590.53,455.07,17.03,48.66,0.505,-1,-1,-1
440,44,764.75,412.26,108.00,307.91,0.830,-1,-1,-1
440,46,702.75,431.89,104.05,276.09,0.798,-1,-1,-1
440,47,558.72,441.68,130.54,312.17,0.887,-1,-1,-1
440,48,550.03,452.04,27.44,75.66,0.622,-1,-1,-1
440,50,824.28,441.81,46.80,156.06,-1.000,-1,-1,-1
440,51,433.43,437.49,131.77,312.83,0.878,-1,-1,-1
440,52,986.00,446.61,22.03,60.45,0.103,-1,-1,-1
440,53,524.27,460.14,23.57,67.80,0.661,-1,-1,-1
440,56,1222.20,409.38,108.14,312.26,-1.000,-1,-1,-1
440,57,1148.53,350.99,305.35,690.04,0.704,-1,-1,-1
440,58,1331.78,428.12,93.09,310.29,-1.000,-1,-1,-1
440,59,1006.75,447.79,22.28,75.53,0.505,-1,-1,-1
441,5,1129.15,406.47,151.68,461.54,-1.000,-1,-1,-1
441,26,358.97,510.13,64.74,121.75,0.742,-1,-1,-1
441,29,413.54,457.98,37.00,103.14,0.539,-1,-1,-1
441,33,1025.42,423.03,109.05,434.62,0.625,-1,-1,-1
441,34,589.82,455.65,16.95,48.78,0.440,-1,-1,-1
441,44,770.44,412.71,105.13,302.84,0.793,-1,-1,-1
441,46,707.36,433.18,102.91,274.81,0.801,-1,-1,-1
441,47,559.61,440.49,131.16,312.40,0.817,-1,-1,-1
441,48,551.58,452.18,25.62,70.06,0.436,-1,-1,-1
441,50,822.16,441.89,46.55,155.24,-1.000,-1,-1,-1
441,51,436.79,438.21,130.00,308.88,0.889,-1,-1,-1
441,52,987.06,446.69,19.98,54.18,0.130,-1,-1,-1
441,53,524.44,459.59,23.78,68.50,0.412,-1,-1,-1
441,56,1226.29,409.03,109.24,315.60,-1.000,-1,-1,-1
441,57,1092.01,360.89,301.16,673.73,0.669,-1,-1,-1
441,58,1343.74,429.20,96.10,319.01,0.774,-1,-1,-1
441,59,1004.89,447.81,22.36,75.58,0.452,-1,-1,-1
442,5,1141.28,406.16,155.39,472.79,-1.000,-1,-1,-1
442,26,352.22,509.80,68.62,127.83,0.739,-1,-1,-1
442,29,413.09,457.96,38.44,108.12,0.597,-1,-1,-1
442,33,1030.53,422.73,111.72,446.26,-1.000,-1,-1,-1
442,34,589.12,456.00,17.02,49.28,0.562,-1,-1,-1
442,44,774.82,412.82,103.20,300.71,0.755,-1,-1,-1
442,46,712.63,435.21,102.14,272.42,0.820,-1,-1,-1
442,47,562.78,439.12,130.85,312.00,0.864,-1,-1,-1
442,48,552.62,452.80,24.07,65.04,0.541,-1,-1,-1
442,50,820.04,441.96,46.30,154.42,-1.000,-1,-1,-1
442,51,440.77,438.19,128.73,308.14,0.879,-1,-1,-1
442,52,988.38,446.45,16.90,44.92,0.110,-1,-1,-1
442,53,524.24,459.67,24.20,69.73,0.310,-1,-1,-1
442,56,1230.39,408.69,110.33,318.94,-1.000,-1,-1,-1
442,57,1035.29,366.17,298.28,660.40,0.836,-1,-1,-1
442,58,1337.29,428.31,100.83,327.77,0.841,-1,-1,-1
442,59,1004.71,448.09,22.41,75.52,0.303,-1,-1,-1
443,5,1153.41,405.85,159.10,484.03,-1.000,-1,-1,-1
443,26,343.26,511.10,70.74,130.01,0.786,-1,-1,-1
443,29,413.17,457.61,39.34,111.90,0.594,-1,-1,-1
443,33,1035.64,422.44,114.40,457.90,-1.000,-1,-1,-1
443,34,588.99,456.00,17.22,50.03,0.647,-1,-1,-1
443,44,779.41,412.40,101.47,300.60,0.787,-1,-1,-1
443,46,713.85,430.29,103.61,277.25,0.816,-1,-1,-1
443,47,568.77,439.32,128.19,307.13,0.894,-1,-1,-1
443,48,553.22,452.68,23.29,62.12,0.584,-1,-1,-1
443,50,817.92,442.03,46.05,153.60,-1.000,-1,-1,-1
443,51,444.97,438.19,126.79,306.04,0.864,-1,-1,-1
443,53,524.72,453.70,24.96,72.11,0.108,-1,-1,-1
443,56,1234.49,408.34,111.43,322.28,-1.000,-1,-1,-1
443,57,984.06,368.31,298.96,654.54,0.834,-1,-1,-1
443,58,1338.63,426.96,103.98,334.36,0.603,-1,-1,-1
443,59,1004.72,448.01,22.39,75.45,-1.000,-1,-1,-1
444,5,1165.55,405.54,162.81,495.28,0.688,-1,-1,-1
444,26,334.22,512.10,74.60,136.41,0.747,-1,-1,-1
444,29,415.24,457.41,39.14,113.44,0.625,-1,-1,-1
444,33,1040.74,422.14,117.07,469.53,-1.000,-1,-1,-1
444,34,588.83,455.79,17.61,51.71,0.673,-1,-1,-1
444,44,782.80,412.38,100.22,300.97,0.768,-1,-1,-1
444,46,716.48,435.34,101.95,271.88,0.838,-1,-1,-1
444,47,574.63,438.56,126.26,305.13,0.863,-1,-1,-1
444,48,553.66,451.41,23.48,61.66,0.637,-1,-1,-1
444,50,815.81,442.10,45.80,152.78,-1.000,-1,-1,-1
444,51,451.47,437.44,123.68,301.85,0.818,-1,-1,-1
444,53,524.70,453.29,25.70,74.10,-1.000,-1,-1,-1
444,56,1238.58,408.00,112.52,325.62,-1.000,-1,-1,-1
444,57,933.36,367.84,300.63,654.82,0.814,-1,-1,-1
444,58,1338.01,427.68,106.37,337.84,0.756,-1,-1,-1
444,59,1004.74,447.92,22.38,75.38,-1.000,-1,-1,-1
444,60,382.46,462.79,44.15,112.67,0.706,-1,-1,-1
445,5,1163.64,404.31,168.14,507.50,0.650,-1,-1,-1
445,26,325.76,511.83,75.93,137.37,0.732,-1,-1,-1
445,29,416.62,457.25,38.87,114.31,0.658,-1,-1,-1
445,33,1045.85,421.84,119.74,481.17,-1.000,-1,-1,-1
445,34,588.68,455.83,17.59,52.38,0.666,-1,-1,-1
445,44,786.48,411.57,99.20,301.47,0.731,-1,-1,-1
445,46,716.38,439.12,100.07,267.15,0.857,-1,-1,-1
445,47,582.56,438.55,122.36,299.98,0.878,-1,-1,-1
445,48,554.45,451.97,23.19,60.45,0.659,-1,-1,-1
445,50,813.69,442.18,45.55,151.95,-1.000,-1,-1,-1
445,51,459.78,436.81,119.66,296.91,0.826,-1,-1,-1
445,53,524.68,452.88,26.43,76.09,-1.000,-1,-1,-1
445,56,1242.68,407.65,113.62,328.96,0.634,-1,-1,-1
445,57,892.55,360.83,315.28,682.06,0.726,-1,-1,-1
445,58,1339.82,426.79,108.55,340.37,0.819,-1,-1,-1
445,59,1004.76,447.84,22.37,75.31,-1.000,-1,-1,-1
445,60,382.70,463.15,44.37,113.19,0.771,-1,-1,-1
446,5,1141.98,403.76,195.55,596.95,0.718,-1,-1,-1
446,26,321.58,511.96,75.66,137.70,0.752,-1,-1,-1
446,29,417.94,457.20,38.38,114.62,0.647,-1,-1,-1
446,33,1050.96,421.55,122.41,492.81,-1.000,-1,-1,-1
446,34,589.13,455.31,17.96,53.52,0.664,-1,-1,-1
446,44,791.45,412.15,97.41,299.33,0.761,-1,-1,-1
446,46,717.77,440.00,99.34,266.11,0.852,-1,-1,-1
446,47,590.29,438.79,119.42,298.05,0.865,-1,-1,-1
446,48,554.41,453.09,22.93,58.82,0.636,-1,-1,-1
446,50,811.57,442.25,45.30,151.13,-1.000,-1,-1,-1
446,51,468.78,435.64,115.97,292.80,0.814,-1,-1,-1
446,53,524.65,452.47,27.17,78.07,-1.000,-1,-1,-1
446,56,1245.91,408.47,115.58,334.28,0.426,-1,-1,-1
446,57,850.53,349.31,308.53,663.68,0.849,-1,-1,-1
446,58,1343.31,425.55,109.96,342.91,0.706,-1,-1,-1
446,59,1004.78,447.76,22.36,75.24,-1.000,-1,-1,-1
446,60,383.00,463.44,44.46,113.33,0.766,-1,-1,-1
446,61,617.27,456.30,32.87,40.20,0.740,-1,-1,-1
447,5,1133.54,399.04,209.67,646.60,0.842,-1,-1,-1
447,26,312.22,512.63,75.45,135.53,0.828,-1,-1,-1
447,29,419.63,457.07,37.69,114.64,0.617,-1,-1,-1
447,33,1056.07,421.25,125.08,504.45,0.598,-1,-1,-1
447,34,589.41,455.14,18.15,54.01,0.628,-1,-1,-1
447,44,796.86,411.63,93.22,288.56,0.752,-1,-1,-1
447,46,719.30,437.64,99.98,268.49,0.823,-1,-1,-1
447,47,600.07,437.31,117.47,299.16,0.790,-1,-1,-1
447,48,553.72,453.47,23.50,59.57,0.505,-1,-1,-1
447,50,809.45,442.32,45.05,150.31,-1.000,-1,-1,-1
447,51,476.36,434.86,113.44,290.84,0.798,-1,-1,-1
447,53,524.63,452.06,27.91,80.06,-1.000,-1,-1,-1
447,56,1249.32,410.39,116.03,338.93,0.683,-1,-1,-1
447,57,810.29,342.08,304.12,651.66,0.783,-1,-1,-1
447,58,1345.90,424.29,110.66,343.48,0.844,-1,-1,-1
447,59,1004.80,447.67,22.34,75.17,-1.000,-1,-1,-1
447,60,383.15,463.67,44.34,112.96,0.764,-1,-1,-1
447,61,615.82,456.24,33.99,41.68,0.719,-1,-1,-1
448,5,1130.26,398.83,214.06,666.46,0.844,-1,-1,-1
448,26,303.37,512.65,77.09,137.11,0.810,-1,-1,-1
448,29,420.68,457.32,37.20,114.23,0.614,-1,-1,-1
448,33,1056.65,422.60,128.12,517.24,0.830,-1,-1,-1
448,34,589.52,454.88,18.34,54.59,0.670,-1,-1,-1
448,44,802.53,411.28,86.32,267.13,-1.000,-1,-1,-1
448,46,727.02,435.33,101.39,270.57,0.771,-1,-1,-1
448,47,610.41,436.90,115.00,300.35,0.810,-1,-1,-1
448,48,554.47,452.57,24.64,62.89,0.384,-1,-1,-1
448,50,807.33,442.39,44.80,149.49,-1.000,-1,-1,-1
448,51,482.35,432.78,111.52,289.70,0.708,-1,-1,-1
448,53,524.61,451.66,28.65,82.05,-1.000,-1,-1,-1
448,56,1256.02,415.23,113.95,335.58,0.610,-1,-1,-1
448,57,774.41,337.95,302.69,644.70,0.777,-1,-1,-1
448,58,1345.59,423.02,111.86,344.80,0.798,-1,-1,-1
448,59,1004.82,447.59,22.33,75.09,-1.000,-1,-1,-1
448,60,383.18,463.78,44.28,112.70,0.795,-1,-1,-1
448,61,613.69,456.35,35.36,43.46,0.644,-1,-1,-1
448,62,724.48,451.00,30.41,85.18,0.591,-1,-1,-1
449,5,1131.33,401.64,213.62,671.65,0.826,-1,-1,-1
449,26,294.97,513.72,77.91,136.99,0.785,-1,-1,-1
449,29,421.22,457.58,36.81,113.93,0.612,-1,-1,-1
449,33,1051.56,422.64,132.17,524.77,0.833,-1,-1,-1
449,34,589.28,454.91,18.40,54.98,0.649,-1,-1,-1
449,44,808.21,410.93,79.43,245.69,-1.000,-1,-1,-1
449,46,731.62,437.76,98.41,263.11,0.147,-1,-1,-1
449,47,617.25,436.82,112.42,300.89,0.797,-1,-1,-1
449,48,554.45,452.10,26.37,68.02,0.109,-1,-1,-1
449,50,805.22,442.47,44.55,148.67,-1.000,-1,-1,-1
449,51,482.63,432.07,111.69,291.16,0.807,-1,-1,-1
449,53,524.59,451.25,29.39,84.04,-1.000,-1,-1,-1
449,56,1259.45,418.51,112.78,334.41,0.566,-1,-1,-1
449,57,740.31,334.91,302.37,640.42,0.789,-1,-1,-1
449,58,1348.05,422.31,112.32,345.39,0.767,-1,-1,-1
449,59,1004.83,447.50,22.32,75.02,-1.000,-1,-1,-1
449,60,383.23,463.68,44.28,112.59,0.789,-1,-1,-1
449,61,612.13,456.68,36.66,45.08,0.177,-1,-1,-1
449,62,724.93,450.70,30.28,84.92,0.605,-1,-1,-1
450,5,1141.84,401.07,214.73,673.09,0.795,-1,-1,-1
450,26,286.26,516.05,79.65,139.15,0.819,-1,-1,-1
450,29,420.01,457.44,36.69,114.21,0.645,-1,-1,-1
450,33,1049.50,422.97,134.73,527.93,0.850,-1,-1,-1
450,34,589.06,454.83,18.27,54.86,0.592,-1,-1,-1
450,44,813.88,410.58,72.53,224.26,-1.000,-1,-1,-1
450,47,624.01,437.46,108.57,298.95,0.886,-1,-1,-1
450,48,554.77,451.96,26.55,68.48,-1.000,-1,-1,-1
450,50,803.10,442.54,44.30,147.85,-1.000,-1,-1,-1
450,51,492.19,431.66,110.56,291.19,0.729,-1,-1,-1
450,53,524.57,450.84,30.13,86.02,-1.000,-1,-1,-1
450,56,1263.80,415.30,113.48,340.04,0.535,-1,-1,-1
450,57,706.01,335.78,305.59,643.22,0.810,-1,-1,-1
450,58,1344.68,421.21,113.27,345.10,0.857,-1,-1,-1
450,59,1004.85,447.42,22.31,74.95,0.557,-1,-1,-1
450,60,383.21,463.37,44.38,112.72,0.791,-1,-1,-1
450,61,611.32,456.61,39.26,48.47,-1.000,-1,-1,-1
450,62,723.09,450.15,30.42,85.34,0.698,-1,-1,-1
451,5,1154.21,400.40,215.78,666.57,0.779,-1,-1,-1
451,26,278.14,516.12,80.81,139.95,0.819,-1,-1,-1
451,29,419.71,457.54,36.50,114.17,0.632,-1,-1,-1
451,33,1049.57,423.49,137.26,528.79,0.874,-1,-1,-1
451,34,589.28,454.77,17.90,53.76,0.651,-1,-1,-1
451,44,819.55,410.24,65.64,202.82,-1.000,-1,-1,-1
451,47,629.60,438.50,105.57,296.85,0.855,-1,-1,-1
451,48,555.10,451.81,26.74,68.95,-1.000,-1,-1,-1
451,50,800.98,442.61,44.05,147.02,-1.000,-1,-1,-1
451,51,503.14,430.94,111.13,293.35,0.814,-1,-1,-1
451,53,524.55,450.43,30.87,88.01,-1.000,-1,-1,-1
451,56,1267.42,411.45,115.72,350.68,0.455,-1,-1,-1
451,57,655.59,340.36,321.59,672.51,0.635,-1,-1,-1
451,58,1347.77,419.29,113.99,346.46,0.755,-1,-1,-1
451,59,1004.42,447.26,22.44,75.23,0.430,-1,-1,-1
451,60,383.17,463.21,44.45,112.84,0.739,-1,-1,-1
451,61,610.52,456.53,41.86,51.86,-1.000,-1,-1,-1
451,62,724.21,450.53,29.94,84.08,-1.000,-1,-1,-1
452,5,1169.43,398.53,220.38,666.29,0.852,-1,-1,-1
452,26,269.33,514.54,82.82,142.68,0.828,-1,-1,-1
452,29,419.93,456.75,36.26,114.53,0.619,-1,-1,-1
452,33,1049.61,424.32,139.39,528.69,0.862,-1,-1,-1
452,34,589.54,454.29,17.70,53.29,0.639,-1,-1,-1
452,44,825.22,409.89,58.74,181.39,-1.000,-1,-1,-1
452,47,636.34,441.45,98.69,279.29,0.447,-1,-1,-1
452,48,555.42,451.67,26.92,69.41,-1.000,-1,-1,-1
452,50,798.86,442.68,43.80,146.20,-1.000,-1,-1,-1
452,51,508.71,431.36,110.99,292.34,0.757,-1,-1,-1
452,53,524.52,450.02,31.61,90.00,-1.000,-1,-1,-1
452,56,1274.03,414.05,111.57,339.54,0.178,-1,-1,-1
452,57,618.47,348.15,329.61,685.36,0.682,-1,-1,-1
452,58,1358.76,417.76,115.31,348.18,0.812,-1,-1,-1
452,59,1003.64,447.19,22.55,75.33,0.391,-1,-1,-1
452,60,383.10,463.34,44.38,112.61,0.794,-1,-1,-1
452,61,609.71,456.46,44.46,55.26,-1.000,-1,-1,-1
452,62,725.32,450.91,29.45,82.83,-1.000,-1,-1,-1
453,5,1180.29,399.64,228.63,674.07,0.875,-1,-1,-1
453,26,262.98,513.95,82.56,141.63,0.811,-1,-1,-1
453,29,420.21,456.98,35.80,114.27,0.682,-1,-1,-1
453,33,1051.08,423.02,141.27,529.59,0.842,-1,-1,-1
453,44,830.89,409.54,51.85,159.95,0.660,-1,-1,-1
453,47,646.57,441.99,91.95,260.18,-1.000,-1,-1,-1
453,48,555.74,451.52,27.11,69.88,-1.000,-1,-1,-1
453,50,796.75,442.76,43.55,145.38,-1.000,-1,-1,-1
453,51,510.93,433.36,111.15,290.79,0.759,-1,-1,-1
453,53,524.50,449.61,32.35,91.99,-1.000,-1,-1,-1
453,56,1281.30,426.03,104.89,320.69,0.169,-1,-1,-1
453,57,587.03,358.43,320.54,663.13,0.729,-1,-1,-1
453,58,1361.97,417.96,114.23,347.72,0.827,-1,-1,-1
453,59,1003.19,447.12,22.59,75.18,0.505,-1,-1,-1
453,60,383.16,463.10,44.43,112.73,0.752,-1,-1,-1
453,61,608.91,456.38,47.06,58.65,-1.000,-1,-1,-1
453,62,726.44,451.29,28.96,81.58,-1.000,-1,-1,-1
454,5,1185.28,404.91,235.23,672.06,0.879,-1,-1,-1
454,26,255.50,513.52,83.04,141.43,0.824,-1,-1,-1
454,29,420.58,456.92,35.58,114.60,0.688,-1,-1,-1
454,33,1052.68,423.05,142.79,529.30,0.855,-1,-1,-1
454,44,820.73,409.77,89.71,280.99,0.829,-1,-1,-1
454,47,656.80,442.53,85.20,241.06,-1.000,-1,-1,-1
454,48,556.07,451.38,27.29,70.34,-1.000,-1,-1,-1
454,50,794.63,442.83,43.30,144.56,-1.000,-1,-1,-1
454,51,514.47,435.91,110.34,288.63,0.807,-1,-1,-1
454,53,524.48,449.20,33.09,93.97,-1.000,-1,-1,-1
454,57,554.29,370.86,315.62,647.58,0.691,-1,-1,-1
454,58,1366.94,418.06,113.72,348.42,0.797,-1,-1,-1
454,59,1003.94,446.92,20.87,68.70,0.279,-1,-1,-1
454,60,383.36,463.09,44.41,112.60,0.815,-1,-1,-1
454,61,608.10,456.31,49.66,62.04,-1.000,-1,-1,-1
454,62,727.56,451.67,28.48,80.33,-1.000,-1,-1,-1
455,5,1185.64,403.66,242.94,673.85,0.893,-1,-1,-1
455,26,248.73,514.95,82.18,138.40,0.841,-1,-1,-1
455,29,420.34,456.94,35.48,114.64,0.691,-1,-1,-1
455,33,1054.95,423.33,144.41,529.46,0.841,-1,-1,-1
455,44,822.18,409.37,91.86,292.30,0.837,-1,-1,-1
455,47,667.03,443.08,78.45,221.95,-1.000,-1,-1,-1
455,48,556.39,451.24,27.47,70.81,-1.000,-1,-1,-1
455,50,792.51,442.90,43.05,143.74,-1.000,-1,-1,-1
455,51,511.10,439.65,105.64,279.63,0.729,-1,-1,-1
455,53,524.46,448.79,33.82,95.96,-1.000,-1,-1,-1
455,57,522.67,383.59,310.67,627.20,0.791,-1,-1,-1
455,58,1371.51,417.05,113.87,351.21,0.805,-1,-1,-1
455,59,1003.34,447.30,21.71,71.00,0.510,-1,-1,-1
455,60,383.83,462.97,44.51,112.64,0.811,-1,-1,-1
455,61,607.30,456.23,52.26,65.43,-1.000,-1,-1,-1
455,62,728.67,452.05,27.99,79.07,-1.000,-1,-1,-1
456,5,1185.90,405.92,248.83,671.27,0.905,-1,-1,-1
456,26,243.69,514.76,80.34,133.87,0.794,-1,-1,-1
456,29,420.52,456.48,35.56,115.52,0.677,-1,-1,-1
456,33,1059.06,421.77,146.29,531.11,0.850,-1,-1,-1
456,44,819.77,408.99,93.51,298.74,0.829,-1,-1,-1
456,47,677.26,443.62,71.71,202.84,-1.000,-1,-1,-1
456,48,556.71,451.09,27.66,71.27,-1.000,-1,-1,-1
456,50,790.39,442.97,42.80,142.92,-1.000,-1,-1,-1
456,51,522.79,439.44,96.31,254.85,-1.000,-1,-1,-1
456,53,524.44,448.39,34.56,97.95,-1.000,-1,-1,-1
456,57,482.25,391.88,324.23,646.71,0.822,-1,-1,-1
456,58,1378.64,417.74,114.24,353.23,0.801,-1,-1,-1
456,59,1004.63,447.18,22.07,71.98,0.436,-1,-1,-1
456,60,384.16,462.62,44.74,113.09,0.810,-1,-1,-1
456,61,606.49,456.16,54.86,68.82,-1.000,-1,-1,-1
456,62,729.79,452.42,27.51,77.82,0.715,-1,-1,-1
457,5,1183.12,405.85,254.34,670.26,0.901,-1,-1,-1
457,26,236.14,515.41,79.87,131.54,0.822,-1,-1,-1
457,29,420.98,456.54,35.25,115.20,0.665,-1,-1,-1
457,33,1063.73,421.35,147.69,531.23,0.866,-1,-1,-1
457,44,821.16,408.93,93.56,301.78,0.789,-1,-1,-1
457,47,687.49,444.16,64.96,183.72,0.703,-1,-1,-1
457,48,557.04,450.95,27.84,71.74,-1.000,-1,-1,-1
457,50,788.27,443.04,42.55,142.09,-1.000,-1,-1,-1
457,51,534.47,439.23,86.99,230.06,-1.000,-1,-1,-1
457,53,524.42,447.98,35.30,99.94,-1.000,-1,-1,-1
457,57,439.42,396.25,334.92,659.31,0.852,-1,-1,-1
457,58,1383.66,418.85,115.45,357.42,0.824,-1,-1,-1
457,59,1005.37,447.40,22.14,72.25,0.530,-1,-1,-1
457,60,384.38,462.77,44.76,112.98,0.738,-1,-1,-1
457,61,605.69,456.08,57.46,72.22,-1.000,-1,-1,-1
457,62,730.69,450.85,27.75,79.13,0.644,-1,-1,-1
458,5,1182.59,406.95,259.30,668.49,0.891,-1,-1,-1
458,26,227.60,516.25,80.58,131.08,0.830,-1,-1,-1
458,29,421.15,456.64,35.04,114.97,0.655,-1,-1,-1
458,33,1070.25,420.25,148.96,532.18,0.859,-1,-1,-1
458,44,819.81,409.29,93.81,303.21,0.702,-1,-1,-1
458,47,690.34,443.83,94.68,267.16,0.808,-1,-1,-1
458,48,557.36,450.80,28.03,72.20,-1.000,-1,-1,-1
458,50,786.16,443.12,42.30,141.27,-1.000,-1,-1,-1
458,51,546.16,439.01,77.66,205.28,-1.000,-1,-1,-1
458,53,524.39,447.57,36.04,101.92,-1.000,-1,-1,-1
458,57,398.89,396.17,343.86,668.97,0.858,-1,-1,-1
458,58,1392.92,420.85,117.67,359.89,0.893,-1,-1,-1
458,59,1005.82,447.49,22.13,72.45,0.542,-1,-1,-1
458,60,384.35,462.85,44.84,113.01,0.751,-1,-1,-1
458,61,604.88,456.01,60.06,75.61,-1.000,-1,-1,-1
458,62,730.93,450.80,27.00,76.90,-1.000,-1,-1,-1
459,5,1181.96,407.48,263.88,668.18,0.877,-1,-1,-1
459,26,219.51,515.99,80.75,130.09,0.786,-1,-1,-1
459,29,421.58,457.51,34.49,114.03,0.114,-1,-1,-1
459,33,1077.47,420.58,149.46,532.29,0.857,-1,-1,-1
459,44,819.06,409.94,93.64,303.51,0.681,-1,-1,-1
459,47,692.63,443.11,99.45,279.30,0.787,-1,-1,-1
459,48,557.68,450.66,28.21,72.67,-1.000,-1,-1,-1
459,50,784.04,443.19,42.05,140.45,-1.000,-1,-1,-1
459,51,557.84,438.80,68.34,180.50,-1.000,-1,-1,-1
459,53,524.37,447.16,36.78,103.91,-1.000,-1,-1,-1
459,57,360.40,389.65,351.09,677.49,0.863,-1,-1,-1
459,58,1400.71,423.70,120.61,361.33,0.880,-1,-1,-1
459,59,1006.07,447.68,22.34,73.08,0.370,-1,-1,-1
459,60,384.38,462.66,45.08,113.26,0.799,-1,-1,-1
459,61,604.08,455.93,62.66,79.00,0.621,-1,-1,-1
459,62,731.16,450.75,26.26,74.68,-1.000,-1,-1,-1
460,5,1179.69,407.30,267.27,666.98,0.864,-1,-1,-1
460,26,213.00,521.34,75.85,119.62,0.692,-1,-1,-1
460,29,420.45,457.58,35.82,118.35,-1.000,-1,-1,-1
460,33,1084.95,420.59,149.99,535.06,0.823,-1,-1,-1
460,44,819.76,409.09,93.16,303.88,0.635,-1,-1,-1
460,47,686.01,441.44,104.92,288.85,0.889,-1,-1,-1
460,48,558.01,450.51,28.39,73.13,-1.000,-1,-1,-1
460,50,781.92,443.26,41.80,139.63,0.533,-1,-1,-1
460,51,569.53,438.59,59.01,155.71,0.609,-1,-1,-1
460,53,524.35,446.75,37.52,105.90,-1.000,-1,-1,-1
460,57,321.16,386.61,354.55,681.30,0.744,-1,-1,-1
460,58,1412.64,424.46,124.85,364.17,0.879,-1,-1,-1
460,59,1006.83,448.01,22.76,73.44,0.516,-1,-1,-1
460,60,383.99,462.71,44.96,113.01,-1.000,-1,-1,-1
460,61,605.01,455.63,62.12,80.86,0.720,-1,-1,-1
460,62,731.39,450.71,25.51,72.45,-1.000,-1,-1,-1
460,63,1060.68,445.60,34.49,104.50,0.578,-1,-1,-1
461,5,1180.05,405.53,271.61,668.55,0.891,-1,-1,-1
461,26,201.86,520.40,80.43,125.44,0.774,-1,-1,-1
461,29,419.33,457.65,37.16,122.67,-1.000,-1,-1,-1
461,33,1091.65,421.55,150.92,540.40,0.766,-1,-1,-1
461,44,814.73,409.19,93.54,302.52,0.722,-1,-1,-1
461,47,679.80,440.65,108.92,293.16,0.850,-1,-1,-1
461,48,558.33,450.37,28.58,73.60,-1.000,-1,-1,-1
461,50,779.67,440.83,42.18,142.45,0.652,-1,-1,-1
461,51,569.85,436.83,72.55,191.34,-1.000,-1,-1,-1
461,53,524.33,446.34,38.26,107.89,-1.000,-1,-1,-1
461,57,283.82,381.26,359.93,689.01,0.809,-1,-1,-1
461,58,1419.43,425.44,129.34,367.36,0.897,-1,-1,-1
461,59,1006.09,448.26,22.58,72.87,0.376,-1,-1,-1
461,60,383.60,462.76,44.84,112.76,-1.000,-1,-1,-1
461,61,605.62,455.51,61.38,82.30,0.641,-1,-1,-1
461,62,731.62,450.66,24.77,70.23,-1.000,-1,-1,-1
461,63,1058.52,444.08,34.62,104.86,0.672,-1,-1,-1
461,64,909.77,481.33,102.19,106.35,0.530,-1,-1,-1
461,65,1108.80,432.55,46.33,116.96,0.546,-1,-1,-1
462,5,1181.10,404.79,274.83,669.32,0.877,-1,-1,-1
462,26,195.07,521.14,76.58,116.64,0.727,-1,-1,-1
462,29,418.20,457.73,38.50,126.99,-1.000,-1,-1,-1
462,33,1099.03,422.10,151.16,542.80,0.742,-1,-1,-1
462,44,811.98,408.53,94.88,302.76,0.833,-1,-1,-1
462,47,679.97,440.22,111.00,294.88,0.894,-1,-1,-1
462,48,558.65,450.22,28.76,74.06,-1.000,-1,-1,-1
462,50,778.67,440.40,41.73,142.93,0.788,-1,-1,-1
462,51,570.16,435.07,86.08,226.97,-1.000,-1,-1,-1
462,53,524.31,445.93,39.00,109.87,-1.000,-1,-1,-1
462,57,254.25,375.51,363.76,691.77,0.729,-1,-1,-1
462,58,1421.70,426.66,133.22,369.91,0.892,-1,-1,-1
462,59,1012.31,448.18,23.09,74.57,0.569,-1,-1,-1
462,60,383.21,462.81,44.72,112.50,-1.000,-1,-1,-1
462,62,731.86,450.62,24.02,68.01,-1.000,-1,-1,-1
462,63,1056.07,441.21,36.15,109.50,0.716,-1,-1,-1
462,64,910.07,481.10,101.88,106.04,0.595,-1,-1,-1
462,65,1106.83,433.22,49.70,125.71,0.714,-1,-1,-1
463,5,1181.18,402.37,277.73,670.07,0.866,-1,-1,-1
463,26,181.90,524.21,83.21,125.42,0.758,-1,-1,-1
463,29,417.08,457.80,39.84,131.31,-1.000,-1,-1,-1
463,33,1101.63,421.01,152.85,550.28,0.745,-1,-1,-1
463,44,819.75,408.04,94.20,302.68,0.762,-1,-1,-1
463,47,681.43,439.32,112.02,295.95,0.885,-1,-1,-1
463,48,558.98,450.08,28.95,74.53,-1.000,-1,-1,-1
463,50,777.04,440.22,41.61,142.94,0.764,-1,-1,-1
463,51,570.48,433.30,99.61,262.61,0.692,-1,-1,-1
463,53,524.29,445.53,39.74,111.86,0.530,-1,-1,-1
463,57,228.32,370.43,368.71,695.87,0.842,-1,-1,-1
463,58,1424.77,426.79,136.56,372.33,0.909,-1,-1,-1
463,59,1014.88,448.09,23.30,75.18,0.422,-1,-1,-1
463,60,382.82,462.86,44.61,112.25,-1.000,-1,-1,-1
463,62,732.09,450.57,23.28,65.78,-1.000,-1,-1,-1
463,63,1055.47,441.12,36.37,110.05,0.597,-1,-1,-1
463,64,909.33,480.05,103.30,107.58,0.354,-1,-1,-1
463,65,1105.93,433.27,51.47,130.58,0.739,-1,-1,-1
464,5,1184.64,399.13,280.29,673.62,0.844,-1,-1,-1
464,26,174.40,522.41,79.78,117.75,0.749,-1,-1,-1
464,29,415.95,457.87,41.18,135.63,-1.000,-1,-1,-1
464,33,1109.48,420.88,153.46,551.17,0.761,-1,-1,-1
464,44,822.28,407.49,94.00,303.99,0.701,-1,-1,-1
464,47,685.60,438.04,111.85,297.13,0.879,-1,-1,-1
464,48,559.30,449.94,29.13,74.99,-1.000,-1,-1,-1
464,50,776.83,439.93,41.51,143.00,0.789,-1,-1,-1
464,51,568.23,430.36,105.80,277.05,0.847,-1,-1,-1
464,53,521.93,444.78,40.75,114.00,0.283,-1,-1,-1
464,57,201.24,365.02,374.51,701.67,0.823,-1,-1,-1
464,58,1429.16,426.33,138.69,374.03,0.899,-1,-1,-1
464,59,1015.85,448.33,23.43,75.11,0.539,-1,-1,-1
464,60,382.42,462.91,44.49,112.00,-1.000,-1,-1,-1
464,62,732.32,450.52,22.53,63.56,-1.000,-1,-1,-1
464,63,1053.70,441.00,36.79,111.36,0.567,-1,-1,-1
464,64,908.69,479.37,103.88,108.26,0.422,-1,-1,-1
464,65,1104.97,433.08,52.72,134.35,0.711,-1,-1,-1
465,5,1190.78,397.75,280.67,674.66,0.857,-1,-1,-1
465,26,165.69,522.80,78.45,115.30,0.198,-1,-1,-1
465,29,414.82,457.95,42.52,139.96,-1.000,-1,-1,-1
465,33,1117.83,419.31,153.79,546.83,0.753,-1,-1,-1
465,44,825.15,407.36,93.24,303.80,0.817,-1,-1,-1
465,47,691.70,437.08,110.54,297.67,0.856,-1,-1,-1
465,48,559.62,449.79,29.31,75.46,-1.000,-1,-1,-1
465,50,776.96,440.75,40.94,142.27,0.776,-1,-1,-1
465,51,563.75,429.92,109.80,283.12,0.873,-1,-1,-1
465,53,515.59,443.69,56.37,157.38,0.682,-1,-1,-1
465,57,177.17,363.69,376.34,703.63,0.695,-1,-1,-1
465,58,1434.61,425.99,139.38,375.06,0.881,-1,-1,-1
465,59,1017.51,448.07,23.64,75.83,0.455,-1,-1,-1
465,60,382.03,462.96,44.37,111.75,-1.000,-1,-1,-1
465,62,732.55,450.48,21.79,61.33,-1.000,-1,-1,-1
465,63,1052.72,440.81,36.21,109.71,0.476,-1,-1,-1
465,64,908.87,479.82,103.37,107.80,0.391,-1,-1,-1
465,65,1104.77,433.06,53.31,136.80,0.757,-1,-1,-1
466,5,1197.85,398.63,279.10,672.65,0.854,-1,-1,-1
466,26,158.24,523.16,78.43,115.26,-1.000,-1,-1,-1
466,29,413.70,458.02,43.86,144.28,-1.000,-1,-1,-1
466,33,1120.95,420.79,154.46,545.12,0.766,-1,-1,-1
466,44,826.57,407.51,93.59,304.01,0.787,-1,-1,-1
466,47,701.21,436.27,108.74,298.43,0.804,-1,-1,-1
466,48,559.95,449.65,29.50,75.92,-1.000,-1,-1,-1
466,50,776.67,441.80,40.37,141.73,0.695,-1,-1,-1
466,51,564.51,428.72,111.29,286.16,0.875,-1,-1,-1
466,53,511.71,447.87,62.50,172.54,0.727,-1,-1,-1
466,57,141.15,366.63,376.34,699.26,0.724,-1,-1,-1
466,58,1438.52,424.65,139.92,377.23,0.856,-1,-1,-1
466,59,1019.11,448.27,23.66,75.80,0.519,-1,-1,-1
466,60,381.64,463.01,44.25,111.49,-1.000,-1,-1,-1
466,62,732.78,450.43,21.04,59.11,-1.000,-1,-1,-1
466,63,1049.10,442.25,36.27,109.65,0.524,-1,-1,-1
466,64,910.04,481.06,101.30,105.68,0.643,-1,-1,-1
466,65,1103.37,433.05,55.60,143.79,0.656,-1,-1,-1
467,5,1205.53,397.46,277.19,672.27,0.850,-1,-1,-1
467,26,150.80,523.53,78.41,115.22,-1.000,-1,-1,-1
467,29,412.57,458.10,45.19,148.60,-1.000,-1,-1,-1
467,33,1120.99,420.30,157.37,554.12,0.740,-1,-1,-1
467,44,826.71,407.59,93.69,303.48,0.827,-1,-1,-1
467,47,710.35,435.67,106.92,299.43,0.811,-1,-1,-1
467,48,560.27,449.50,29.68,76.39,-1.000,-1,-1,-1
467,50,776.29,441.92,40.11,141.58,0.230,-1,-1,-1
467,51,567.32,426.23,111.68,289.46,0.863,-1,-1,-1
467,53,506.92,456.96,64.91,174.80,0.799,-1,-1,-1
467,57,117.68,371.89,376.91,693.80,0.795,-1,-1,-1
467,58,1443.90,421.37,139.76,380.33,0.868,-1,-1,-1
467,59,1019.94,448.02,23.74,76.17,0.544,-1,-1,-1
467,60,381.25,463.06,44.13,111.24,-1.000,-1,-1,-1
467,62,733.02,450.39,20.30,56.89,-1.000,-1,-1,-1
467,63,1046.93,442.10,36.44,110.03,0.494,-1,-1,-1
467,64,910.70,481.52,100.37,104.74,0.525,-1,-1,-1
467,65,1101.76,433.08,57.14,148.77,0.515,-1,-1,-1
468,5,1219.99,398.78,274.37,671.02,0.864,-1,-1,-1
468,26,143.35,523.89,78.39,115.18,-1.000,-1,-1,-1
468,29,411.44,458.17,46.53,152.92,-1.000,-1,-1,-1
468,33,1122.41,420.55,159.41,562.00,0.784,-1,-1,-1
468,44,828.89,406.93,93.52,304.00,0.832,-1,-1,-1
468,47,718.15,434.69,105.48,300.32,0.797,-1,-1,-1
468,48,560.59,449.36,29.87,76.85,-1.000,-1,-1,-1
468,50,774.77,442.05,38.79,136.53,-1.000,-1,-1,-1
468,51,572.97,427.22,109.85,288.84,0.817,-1,-1,-1
468,53,501.52,461.95,66.92,175.96,0.782,-1,-1,-1
468,57,95.02,377.36,377.85,689.05,0.831,-1,-1,-1
468,58,1450.79,419.70,138.15,382.06,0.854,-1,-1,-1
468,59,1020.65,448.10,23.84,76.23,0.564,-1,-1,-1
468,60,380.86,463.11,44.01,110.99,0.541,-1,-1,-1
468,62,733.25,450.34,19.56,54.66,-1.000,-1,-1,-1
468,63,1046.95,442.40,37.54,112.99,0.544,-1,-1,-1
468,64,911.00,481.78,99.72,104.11,0.570,-1,-1,-1
468,65,1099.77,433.11,58.70,153.90,0.484,-1,-1,-1
468,66,1001.09,447.87,21.95,72.32,0.572,-1,-1,-1
469,5,1236.39,396.66,272.74,673.80,0.845,-1,-1,-1
469,26,135.90,524.25,78.37,115.14,-1.000,-1,-1,-1
469,29,410.32,458.24,47.87,157.24,-1.000,-1,-1,-1
469,33,1125.50,421.01,160.89,569.74,0.812,-1,-1,-1
469,44,830.66,406.99,92.99,303.50,0.859,-1,-1,-1
469,47,726.10,434.55,103.65,299.65,0.858,-1,-1,-1
469,48,560.92,449.21,30.05,77.32,0.600,-1,-1,-1
469,50,773.25,442.19,37.47,131.48,-1.000,-1,-1,-1
469,51,579.25,427.08,108.03,289.38,0.752,-1,-1,-1
469,53,495.67,458.39,70.94,185.41,0.713,-1,-1,-1
469,57,68.80,381.37,377.66,684.61,0.833,-1,-1,-1
469,58,1456.21,417.43,136.53,385.07,0.839,-1,-1,-1
469,59,1020.80,448.47,23.73,75.89,0.478,-1,-1,-1
469,60,381.81,463.13,44.20,111.36,0.633,-1,-1,-1
469,62,733.48,450.29,18.81,52.44,-1.000,-1,-1,-1
469,63,1046.77,443.10,36.60,109.71,0.555,-1,-1,-1
469,64,911.50,481.91,99.43,103.91,0.509,-1,-1,-1
469,65,1097.53,433.12,59.89,158.15,0.518,-1,-1,-1
469,66,1000.41,447.95,21.89,72.02,0.547,-1,-1,-1
470,5,1253.11,400.24,268.25,670.32,0.767,-1,-1,-1
470,26,128.46,524.61,78.35,115.10,-1.000,-1,-1,-1
470,29,409.19,458.32,49.21,161.56,-1.000,-1,-1,-1
470,33,1128.66,421.18,161.76,575.13,0.822,-1,-1,-1
470,44,831.88,407.27,92.48,302.79,0.863,-1,-1,-1
470,47,733.95,434.52,102.73,299.51,0.865,-1,-1,-1
470,48,560.70,448.57,30.95,78.74,0.603,-1,-1,-1
470,50,771.74,442.32,36.14,126.44,-1.000,-1,-1,-1
470,51,584.03,425.25,107.23,291.34,0.689,-1,-1,-1
470,53,490.95,462.98,71.45,184.12,0.787,-1,-1,-1
470,57,44.35,389.08,375.20,675.79,0.806,-1,-1,-1
470,58,1464.47,415.20,134.69,387.34,0.833,-1,-1,-1
470,59,1021.44,447.95,24.05,76.67,0.276,-1,-1,-1
470,60,382.01,463.56,44.33,111.75,0.653,-1,-1,-1
470,62,733.71,450.25,18.07,50.22,-1.000,-1,-1,-1
470,63,1046.47,442.90,36.95,110.68,0.578,-1,-1,-1
470,64,913.90,481.68,98.67,103.32,0.314,-1,-1,-1
470,65,1097.37,432.82,59.46,158.73,0.645,-1,-1,-1
470,66,999.89,447.93,21.75,71.41,0.653,-1,-1,-1
471,5,1269.16,401.18,263.27,667.45,0.761,-1,-1,-1
471,26,121.01,524.97,78.33,115.06,-1.000,-1,-1,-1
471,29,408.06,458.39,50.55,165.88,-1.000,-1,-1,-1
471,33,1132.02,421.15,162.27,579.10,0.806,-1,-1,-1
471,44,832.54,406.96,92.63,304.35,0.856,-1,-1,-1
471,47,741.96,434.09,103.08,299.61,0.875,-1,-1,-1
471,48,561.44,449.83,30.88,78.30,0.650,-1,-1,-1
471,50,770.22,442.46,34.82,121.39,-1.000,-1,-1,-1
471,51,589.00,426.09,105.50,290.43,0.681,-1,-1,-1
471,53,483.75,465.76,72.76,185.11,0.792,-1,-1,-1
471,57,23.46,395.34,373.48,667.12,0.758,-1,-1,-1
471,58,1473.22,413.31,133.05,389.07,0.861,-1,-1,-1
471,59,1021.76,448.50,24.08,76.65,0.114,-1,-1,-1
471,60,381.39,463.67,44.04,111.44,0.633,-1,-1,-1
471,62,733.95,450.20,17.32,47.99,0.513,-1,-1,-1
471,63,1045.98,442.87,38.37,115.19,0.605,-1,-1,-1
471,64,916.02,481.62,98.15,103.02,0.280,-1,-1,-1
471,65,1095.63,432.64,59.64,160.25,0.601,-1,-1,-1
471,66,999.27,447.77,21.63,70.86,0.631,-1,-1,-1
472,5,1283.06,399.67,261.87,668.69,0.805,-1,-1,-1
472,26,113.57,525.34,78.31,115.03,-1.000,-1,-1,-1
472,29,406.94,458.47,51.89,170.20,-1.000,-1,-1,-1
472,33,1134.11,420.40,162.41,582.08,0.836,-1,-1,-1
472,44,833.07,406.94,92.30,303.81,0.856,-1,-1,-1
472,47,745.81,436.83,102.47,296.45,0.887,-1,-1,-1
472,48,561.31,450.68,30.84,77.80,0.676,-1,-1,-1
472,50,768.70,442.59,33.50,116.35,-1.000,-1,-1,-1
472,51,590.95,425.46,104.25,290.43,0.676,-1,-1,-1
472,53,478.57,466.91,73.43,186.52,0.800,-1,-1,-1
472,57,5.24,401.72,371.14,658.77,0.890,-1,-1,-1
472,58,1482.89,412.05,132.28,390.34,0.855,-1,-1,-1
472,59,1023.18,448.10,24.77,78.72,0.291,-1,-1,-1
472,60,380.75,463.27,43.55,110.27,0.327,-1,-1,-1
472,62,733.61,450.86,18.13,49.56,0.544,-1,-1,-1
472,63,1046.21,443.54,36.49,109.41,0.637,-1,-1,-1
472,64,921.11,482.24,89.48,93.70,0.371,-1,-1,-1
472,65,1096.33,432.08,58.88,160.69,0.718,-1,-1,-1
472,66,998.71,447.81,21.65,70.78,0.630,-1,-1,-1
473,5,1295.72,399.23,259.96,670.84,0.822,-1,-1,-1
473,26,106.12,525.70,78.29,114.99,-1.000,-1,-1,-1
473,29,405.81,458.54,53.23,174.52,0.560,-1,-1,-1
473,33,1138.77,421.28,162.20,582.42,0.832,-1,-1,-1
473,44,832.41,408.31,91.19,301.87,0.847,-1,-1,-1
473,47,747.51,437.77,102.51,295.17,0.895,-1,-1,-1
473,48,560.90,451.10,31.04,78.19,0.660,-1,-1,-1
473,50,767.19,442.73,32.18,111.30,-1.000,-1,-1,-1
473,51,600.16,426.91,101.11,286.84,0.781,-1,-1,-1
473,53,469.74,468.84,74.37,185.78,0.794,-1,-1,-1
473,57,-14.11,403.85,371.06,660.32,0.779,-1,-1,-1
473,58,1490.37,411.40,130.77,389.73,0.877,-1,-1,-1
473,59,1025.61,447.51,25.11,79.35,0.256,-1,-1,-1
473,60,379.73,463.60,42.24,107.60,0.486,-1,-1,-1
473,62,733.13,450.38,19.43,53.15,0.533,-1,-1,-1
473,63,1046.92,443.79,33.69,101.38,0.468,-1,-1,-1
473,64,925.26,482.74,85.07,89.12,0.293,-1,-1,-1
473,65,1096.04,431.80,58.59,161.93,0.650,-1,-1,-1
473,66,998.02,447.73,21.60,70.51,0.587,-1,-1,-1
473,67,527.60,459.90,27.27,70.00,0.690,-1,-1,-1
474,5,1298.85,396.62,256.01,673.23,0.803,-1,-1,-1
474,26,98.67,526.06,78.27,114.95,-1.000,-1,-1,-1
474,29,404.10,482.97,49.68,155.63,0.676,-1,-1,-1
474,33,1144.20,420.39,163.03,585.78,0.848,-1,-1,-1
474,44,833.53,409.69,90.51,300.24,0.855,-1,-1,-1
474,47,748.48,438.08,102.77,294.80,0.901,-1,-1,-1
474,48,562.02,450.95,31.11,79.15,0.645,-1,-1,-1
474,50,765.67,442.86,30.86,106.25,-1.000,-1,-1,-1
474,51,605.85,427.47,98.63,285.11,0.766,-1,-1,-1
474,53,461.58,469.20,76.16,188.40,0.795,-1,-1,-1
474,57,-27.12,404.38,370.54,664.49,0.822,-1,-1,-1
474,58,1498.53,410.15,130.56,390.02,0.853,-1,-1,-1
474,59,1029.31,447.48,25.54,79.80,0.381,-1,-1,-1
474,60,379.95,463.60,40.42,103.24,0.391,-1,-1,-1
474,62,732.38,450.35,21.27,58.63,0.528,-1,-1,-1
474,63,1047.64,442.98,32.63,98.74,0.362,-1,-1,-1
474,64,926.21,482.55,84.86,89.04,0.437,-1,-1,-1
474,65,1097.19,431.58,57.83,161.91,0.618,-1,-1,-1
474,66,997.86,447.48,21.77,70.92,0.628,-1,-1,-1
474,67,527.66,459.40,27.73,71.30,0.674,-1,-1,-1
475,5,1312.84,395.67,253.28,673.92,0.852,-1,-1,-1
475,26,91.23,526.42,78.25,114.91,-1.000,-1,-1,-1
475,29,397.28,495.79,49.70,147.69,0.724,-1,-1,-1
475,33,1148.60,420.07,163.65,586.98,0.863,-1,-1,-1
475,44,835.82,407.94,91.02,302.09,0.841,-1,-1,-1
475,47,749.13,438.19,103.16,294.38,0.899,-1,-1,-1
475,48,562.92,451.40,30.73,78.77,0.614,-1,-1,-1
475,50,764.15,443.00,29.54,101.21,-1.000,-1,-1,-1
475,51,610.60,428.69,96.18,283.48,0.815,-1,-1,-1
475,53,455.55,470.13,77.31,190.25,0.718,-1,-1,-1
475,56,1308.39,409.90,95.41,292.88,0.579,-1,-1,-1
475,57,-36.07,403.01,369.22,667.97,0.776,-1,-1,-1
475,58,1507.27,411.36,130.36,389.63,0.878,-1,-1,-1
475,59,1032.64,447.40,26.16,81.72,0.114,-1,-1,-1
475,60,381.57,463.72,37.47,95.40,0.105,-1,-1,-1
475,62,731.27,450.05,24.10,67.48,0.642,-1,-1,-1
475,63,1047.77,443.98,31.86,96.88,0.301,-1,-1,-1
475,64,934.27,483.24,79.56,83.83,0.373,-1,-1,-1
475,65,1096.71,431.20,57.49,162.45,0.593,-1,-1,-1
475,66,997.17,447.57,22.10,71.46,0.638,-1,-1,-1
475,67,528.07,458.98,28.04,72.24,0.673,-1,-1,-1
476,5,1318.94,395.08,250.09,674.17,0.802,-1,-1,-1
476,26,83.78,526.78,78.23,114.87,-1.000,-1,-1,-1
476,29,395.70,485.34,53.65,160.19,0.225,-1,-1,-1
476,33,1151.55,419.50,164.32,588.99,0.855,-1,-1,-1
476,44,836.45,408.20,90.89,301.68,0.816,-1,-1,-1
476,46,889.35,432.06,90.43,245.79,0.655,-1,-1,-1
476,47,748.73,436.74,104.44,295.62,0.883,-1,-1,-1
476,48,563.39,452.53,30.27,78.18,0.639,-1,-1,-1
476,50,762.64,443.13,28.21,96.16,-1.000,-1,-1,-1
476,51,614.78,429.42,94.50,282.01,0.782,-1,-1,-1
476,53,448.51,473.25,77.54,189.48,0.761,-1,-1,-1
476,56,1310.27,410.02,93.16,287.28,0.571,-1,-1,-1
476,57,-26.10,400.08,371.63,670.05,0.659,-1,-1,-1
476,58,1518.17,411.69,132.02,389.32,0.894,-1,-1,-1
476,59,1034.43,447.89,26.34,82.32,0.279,-1,-1,-1
476,60,381.90,463.65,37.90,96.45,-1.000,-1,-1,-1
476,62,730.49,450.08,25.40,72.03,0.678,-1,-1,-1
476,63,1049.18,444.96,31.09,94.73,0.132,-1,-1,-1
476,64,936.67,483.70,75.48,79.51,0.428,-1,-1,-1
476,65,1095.76,431.05,57.10,162.32,0.543,-1,-1,-1
476,66,995.68,447.49,22.42,71.84,0.619,-1,-1,-1
476,67,528.23,459.01,27.95,72.19,0.645,-1,-1,-1
477,5,1325.40,394.61,247.41,674.62,0.824,-1,-1,-1
477,26,76.34,527.14,78.21,114.83,-1.000,-1,-1,-1
477,29,390.81,493.50,52.17,154.81,0.336,-1,-1,-1
477,33,1154.75,417.78,165.42,591.02,0.864,-1,-1,-1
477,44,838.38,407.57,91.66,303.64,0.796,-1,-1,-1
477,46,895.25,432.04,89.70,244.50,0.639,-1,-1,-1
477,47,748.78,435.78,105.39,296.38,0.871,-1,-1,-1
477,48,563.92,452.79,30.02,78.12,0.648,-1,-1,-1
477,50,761.12,443.27,26.89,91.12,-1.000,-1,-1,-1
477,51,619.24,430.07,92.99,280.35,0.810,-1,-1,-1
477,53,440.79,474.75,78.31,190.52,0.807,-1,-1,-1
477,56,1311.27,411.41,91.15,283.47,0.465,-1,-1,-1
477,57,-44.61,394.17,368.43,677.22,0.814,-1,-1,-1
477,58,1530.41,411.63,136.70,393.33,0.905,-1,-1,-1
477,59,1036.75,448.39,26.21,81.76,0.217,-1,-1,-1
477,60,382.23,463.58,38.32,97.51,-1.000,-1,-1,-1
477,62,729.23,449.56,26.64,76.25,0.632,-1,-1,-1
477,63,1049.70,444.76,31.07,94.68,-1.000,-1,-1,-1
477,64,939.82,483.50,73.13,77.28,0.204,-1,-1,-1
477,65,1097.28,430.89,56.25,161.96,0.621,-1,-1,-1
477,66,995.51,447.14,22.85,72.82,0.617,-1,-1,-1
477,67,528.50,459.44,27.74,71.83,0.651,-1,-1,-1
478,5,1330.54,392.88,245.34,676.32,0.815,-1,-1,-1
478,26,68.89,527.51,78.20,114.79,-1.000,-1,-1,-1
478,29,382.16,498.20,51.78,150.24,0.591,-1,-1,-1
478,33,1156.90,417.65,165.65,591.78,0.861,-1,-1,-1
478,44,836.91,406.63,91.08,303.89,0.823,-1,-1,-1
478,46,900.89,431.37,90.40,246.46,0.583,-1,-1,-1
478,47,748.81,435.40,105.48,296.43,0.882,-1,-1,-1
478,48,564.09,452.93,29.77,78.31,0.660,-1,-1,-1
478,50,759.60,443.40,25.57,86.07,-1.000,-1,-1,-1
478,51,622.94,430.42,92.40,279.40,0.802,-1,-1,-1
478,53,434.41,476.57,78.69,189.81,0.796,-1,-1,-1
478,56,1313.45,412.30,90.41,283.66,0.508,-1,-1,-1
478,57,-59.96,391.44,365.31,679.56,0.531,-1,-1,-1
478,58,1541.79,412.05,142.37,397.52,0.906,-1,-1,-1
478,59,1038.39,448.93,26.84,84.06,0.507,-1,-1,-1
478,60,382.56,463.51,38.74,98.57,-1.000,-1,-1,-1
478,62,728.32,449.31,27.67,79.94,0.681,-1,-1,-1
478,63,1050.22,444.55,31.04,94.63,-1.000,-1,-1,-1
478,64,947.12,483.72,70.81,75.67,0.328,-1,-1,-1
478,65,1099.17,430.81,55.13,160.97,0.632,-1,-1,-1
478,66,995.43,447.20,22.78,72.38,0.533,-1,-1,-1
478,67,528.56,459.88,27.65,71.75,0.693,-1,-1,-1
479,5,1335.24,391.59,243.85,678.03,0.857,-1,-1,-1
479,26,61.44,527.87,78.18,114.75,-1.000,-1,-1,-1
479,33,1161.24,417.06,166.22,593.16,0.861,-1,-1,-1
479,44,837.22,406.47,90.38,303.52,0.819,-1,-1,-1
479,46,905.74,432.33,90.93,245.33,0.786,-1,-1,-1
479,47,754.88,434.21,105.48,295.86,0.850,-1,-1,-1
479,48,565.21,453.06,29.49,78.27,0.713,-1,-1,-1
479,50,758.09,443.54,24.25,81.02,0.626,-1,-1,-1
479,51,627.45,430.83,91.74,278.39,0.793,-1,-1,-1
479,53,426.49,477.44,80.49,193.15,0.745,-1,-1,-1
479,56,1314.91,412.78,90.80,288.67,0.471,-1,-1,-1
479,57,-62.42,387.84,357.82,683.12,0.830,-1,-1,-1
479,58,1552.93,412.97,147.93,400.28,0.910,-1,-1,-1
479,59,1039.98,448.93,27.53,86.33,0.466,-1,-1,-1
479,60,382.89,463.44,39.17,99.63,-1.000,-1,-1,-1
479,62,728.16,449.13,28.18,82.18,0.663,-1,-1,-1
479,63,1050.74,444.35,31.02,94.58,-1.000,-1,-1,-1
479,64,951.15,483.55,68.82,74.23,0.358,-1,-1,-1
479,65,1099.93,430.78,54.20,160.01,0.640,-1,-1,-1
479,66,995.58,447.16,22.74,72.03,0.519,-1,-1,-1
479,67,529.61,460.22,27.30,71.01,0.671,-1,-1,-1
480,5,1343.03,390.60,243.00,679.33,0.872,-1,-1,-1
480,26,54.00,528.23,78.16,114.71,-1.000,-1,-1,-1
480,33,1166.18,416.50,166.26,593.05,0.880,-1,-1,-1
480,44,838.12,406.11,89.94,304.15,0.815,-1,-1,-1
480,46,908.20,432.20,92.41,246.77,0.779,-1,-1,-1
480,47,761.30,434.53,104.08,292.83,0.856,-1,-1,-1
480,48,565.37,453.48,29.24,78.17,0.706,-1,-1,-1
480,50,755.74,444.86,25.44,82.75,0.559,-1,-1,-1
480,51,631.92,430.29,90.55,276.08,0.825,-1,-1,-1
480,53,420.00,478.84,80.81,193.12,0.825,-1,-1,-1
480,56,1319.19,412.41,92.12,294.38,0.510,-1,-1,-1
480,57,-68.57,391.53,348.35,681.83,0.771,-1,-1,-1
480,58,1560.98,414.68,154.11,403.99,0.909,-1,-1,-1
480,59,1040.70,448.86,27.58,86.49,0.438,-1,-1,-1
480,60,383.22,463.37,39.59,100.69,-1.000,-1,-1,-1
480,62,727.59,449.01,28.66,84.39,0.719,-1,-1,-1
480,63,1051.27,444.14,31.00,94.53,-1.000,-1,-1,-1
480,64,954.40,483.54,67.14,73.11,0.263,-1,-1,-1
480,65,1102.09,430.91,53.33,159.26,0.641,-1,-1,-1
480,66,995.55,447.33,22.80,72.02,0.582,-1,-1,-1
480,67,530.48,461.59,26.78,69.77,0.673,-1,-1,-1
481,5,1353.71,391.14,242.56,678.11,0.870,-1,-1,-1
481,26,46.55,528.59,78.14,114.67,-1.000,-1,-1,-1
481,33,1170.65,416.04,166.53,594.00,0.879,-1,-1,-1
481,44,838.73,406.08,89.24,304.77,0.820,-1,-1,-1
481,46,909.56,432.22,93.23,247.33,0.792,-1,-1,-1
481,47,770.56,434.80,101.85,289.10,0.851,-1,-1,-1
481,48,565.09,453.13,29.28,78.57,0.741,-1,-1,-1
481,50,754.59,445.10,25.90,82.21,0.508,-1,-1,-1
481,51,634.20,430.59,89.78,274.91,0.819,-1,-1,-1
481,53,414.73,479.36,81.68,194.44,0.772,-1,-1,-1
481,56,1323.99,411.21,94.07,300.98,0.510,-1,-1,-1
481,57,-73.32,400.04,339.06,672.67,0.517,-1,-1,-1
481,58,1567.42,416.17,159.36,407.49,0.890,-1,-1,-1
481,59,1040.84,449.61,26.54,83.51,0.399,-1,-1,-1
481,60,383.54,463.30,40.02,101.74,-1.000,-1,-1,-1
481,62,727.75,448.96,28.50,85.14,0.713,-1,-1,-1
481,63,1051.79,443.94,30.98,94.49,-1.000,-1,-1,-1
481,64,956.42,484.02,66.52,73.49,0.407,-1,-1,-1
481,65,1102.15,430.88,53.26,159.90,0.459,-1,-1,-1
481,66,995.19,447.54,22.99,72.20,0.609,-1,-1,-1
481,67,531.38,461.27,26.84,70.01,0.687,-1,-1,-1
482,5,1361.42,391.01,243.36,678.38,0.851,-1,-1,-1
482,26,39.11,528.95,78.12,114.63,-1.000,-1,-1,-1
482,33,1175.32,415.39,165.52,592.24,0.860,-1,-1,-1
482,44,840.57,406.08,88.90,305.63,0.820,-1,-1,-1
482,46,911.57,432.22,93.49,247.38,0.778,-1,-1,-1
482,47,775.94,434.87,99.78,287.22,0.841,-1,-1,-1
482,48,565.11,453.72,28.96,78.14,0.756,-1,-1,-1
482,50,753.10,446.56,26.65,82.70,0.560,-1,-1,-1
482,51,635.21,431.01,89.16,274.17,0.818,-1,-1,-1
482,53,403.89,479.91,83.19,195.99,0.740,-1,-1,-1
482,56,1310.18,408.70,131.20,440.19,0.722,-1,-1,-1
482,57,-71.87,424.76,317.91,647.63,0.740,-1,-1,-1
482,58,1571.48,416.87,163.48,409.91,0.892,-1,-1,-1
482,59,1040.94,450.05,26.61,83.53,0.523,-1,-1,-1
482,60,383.87,463.23,40.44,102.80,-1.000,-1,-1,-1
482,62,727.66,448.93,28.09,85.12,0.743,-1,-1,-1
482,63,1052.31,443.73,30.95,94.44,-1.000,-1,-1,-1
482,64,957.42,484.15,66.50,74.58,0.403,-1,-1,-1
482,65,1101.16,430.76,53.64,161.12,0.205,-1,-1,-1
482,66,994.28,447.47,23.24,72.28,0.659,-1,-1,-1
482,67,531.91,460.76,26.98,70.57,0.710,-1,-1,-1
483,5,1367.57,391.95,244.80,678.48,0.851,-1,-1,-1
483,26,31.66,529.32,78.10,114.59,-1.000,-1,-1,-1
483,33,1179.10,415.41,164.04,589.63,0.843,-1,-1,-1
483,44,843.61,406.32,87.92,304.70,0.802,-1,-1,-1
483,46,912.04,432.51,93.54,246.74,0.816,-1,-1,-1
483,47,782.62,434.81,98.09,288.17,0.822,-1,-1,-1
483,48,565.28,453.25,29.18,79.14,0.738,-1,-1,-1
483,50,747.43,446.78,35.76,113.03,0.736,-1,-1,-1
483,51,638.64,431.59,88.12,270.32,0.831,-1,-1,-1
483,53,395.20,479.93,84.82,198.03,0.722,-1,-1,-1
483,56,1310.30,408.23,141.14,496.26,0.769,-1,-1,-1
483,58,1574.66,416.86,167.28,414.74,0.880,-1,-1,-1
483,59,1042.18,449.47,27.63,85.94,0.346,-1,-1,-1
483,60,384.20,463.16,40.87,103.86,-1.000,-1,-1,-1
483,62,727.79,449.21,27.58,84.74,0.680,-1,-1,-1
483,63,1052.83,443.53,30.93,94.39,-1.000,-1,-1,-1
483,64,959.23,484.43,65.64,75.11,0.504,-1,-1,-1
483,65,1104.45,431.16,52.39,159.81,0.626,-1,-1,-1
483,66,994.58,447.57,23.44,72.77,0.610,-1,-1,-1
483,67,532.30,460.25,27.12,71.05,0.716,-1,-1,-1
484,5,1372.42,391.33,247.87,680.43,0.909,-1,-1,-1
484,26,24.21,529.68,78.08,114.55,-1.000,-1,-1,-1
484,33,1184.71,416.52,162.67,587.63,0.847,-1,-1,-1
484,44,846.81,407.14,86.40,303.61,0.797,-1,-1,-1
484,46,911.03,434.17,93.65,244.98,0.830,-1,-1,-1
484,47,787.30,434.87,96.19,289.16,0.830,-1,-1,-1
484,48,565.41,452.55,29.24,79.75,0.741,-1,-1,-1
484,50,745.42,447.05,38.73,123.70,0.784,-1,-1,-1
484,51,643.09,431.29,88.40,271.40,0.827,-1,-1,-1
484,53,387.29,479.90,86.36,199.54,0.765,-1,-1,-1
484,56,1313.74,408.63,144.33,527.67,0.765,-1,-1,-1
484,58,1577.60,416.58,170.43,419.74,0.886,-1,-1,-1
484,59,1041.67,449.09,29.18,90.09,0.628,-1,-1,-1
484,60,384.53,463.09,41.29,104.92,-1.000,-1,-1,-1
484,62,727.45,449.32,27.38,84.82,0.589,-1,-1,-1
484,63,1053.35,443.33,30.91,94.34,-1.000,-1,-1,-1
484,64,961.96,484.70,63.95,74.21,0.241,-1,-1,-1
484,65,1107.25,431.16,51.32,158.72,0.692,-1,-1,-1
484,66,994.84,448.34,23.38,72.22,0.667,-1,-1,-1
484,67,532.69,459.92,27.18,71.36,0.689,-1,-1,-1
485,5,1375.42,391.55,250.27,680.84,0.889,-1,-1,-1
485,26,16.77,530.04,78.06,114.51,0.575,-1,-1,-1
485,33,1189.30,417.92,161.94,587.66,0.837,-1,-1,-1
485,44,849.93,408.11,85.13,302.77,0.786,-1,-1,-1
485,46,907.95,435.91,94.64,244.02,0.821,-1,-1,-1
485,47,793.76,434.84,95.20,289.76,0.829,-1,-1,-1
485,48,565.34,452.31,29.30,80.13,0.748,-1,-1,-1
485,50,743.12,447.45,40.38,130.04,0.785,-1,-1,-1
485,51,648.39,432.04,88.13,268.29,0.821,-1,-1,-1
485,53,375.80,480.79,87.72,198.58,0.734,-1,-1,-1
485,56,1318.46,409.03,144.40,546.64,0.801,-1,-1,-1
485,58,1582.81,415.75,171.91,423.26,0.867,-1,-1,-1
485,59,1042.29,448.67,29.32,90.14,0.119,-1,-1,-1
485,60,384.86,463.03,41.72,105.98,-1.000,-1,-1,-1
485,62,726.96,449.52,27.14,84.61,0.540,-1,-1,-1
485,63,1053.87,443.12,30.89,94.29,-1.000,-1,-1,-1
485,65,1109.17,432.11,50.38,157.56,0.713,-1,-1,-1
485,66,994.42,448.49,23.66,72.76,0.625,-1,-1,-1
485,67,532.74,459.80,27.21,71.57,0.697,-1,-1,-1
486,5,1377.02,389.06,253.30,683.25,0.869,-1,-1,-1
486,26,5.89,529.52,78.53,113.24,0.761,-1,-1,-1
486,33,1198.43,418.89,161.63,584.92,0.864,-1,-1,-1
486,44,851.83,408.41,83.10,300.27,0.754,-1,-1,-1
486,46,904.96,433.92,97.24,247.83,0.856,-1,-1,-1
486,47,800.85,435.28,94.80,289.19,0.868,-1,-1,-1
486,48,565.52,452.14,29.22,80.28,0.738,-1,-1,-1
486,50,741.53,447.09,41.13,133.81,0.793,-1,-1,-1
486,51,653.57,431.02,89.20,267.75,0.853,-1,-1,-1
486,53,366.93,481.03,88.90,199.19,0.711,-1,-1,-1
486,56,1322.96,410.26,142.09,552.37,0.772,-1,-1,-1
486,58,1586.46,413.80,173.10,426.78,0.860,-1,-1,-1
486,59,1040.14,449.78,27.29,84.42,0.588,-1,-1,-1
486,60,385.19,462.96,42.14,107.03,-1.000,-1,-1,-1
486,62,726.79,449.75,26.92,84.75,0.490,-1,-1,-1
486,63,1054.39,442.92,30.86,94.24,-1.000,-1,-1,-1
486,65,1110.55,431.24,49.91,158.08,0.762,-1,-1,-1
486,66,995.03,448.66,23.58,72.21,0.653,-1,-1,-1
486,67,532.68,459.30,27.38,72.21,0.717,-1,-1,-1
487,5,1379.27,390.51,254.73,681.71,0.815,-1,-1,-1
487,26,-4.93,529.57,87.26,129.28,0.827,-1,-1,-1
487,33,1207.04,420.45,162.67,583.15,0.874,-1,-1,-1
487,44,855.74,407.60,81.01,297.60,0.666,-1,-1,-1
487,46,906.00,432.36,98.92,251.35,0.853,-1,-1,-1
487,47,807.62,435.21,95.92,290.27,0.840,-1,-1,-1
487,48,566.07,451.70,29.40,80.78,0.752,-1,-1,-1
487,50,740.65,446.82,41.03,133.96,0.751,-1,-1,-1
487,51,657.31,431.00,90.76,267.19,0.874,-1,-1,-1
487,53,360.11,480.40,88.82,197.94,0.731,-1,-1,-1
487,56,1327.86,410.80,137.05,545.81,0.751,-1,-1,-1
487,58,1591.74,412.62,172.48,428.06,0.860,-1,-1,-1
487,59,1038.63,449.97,26.50,82.40,0.642,-1,-1,-1
487,60,385.52,462.89,42.57,108.09,-1.000,-1,-1,-1
487,62,726.75,449.84,26.91,85.39,0.215,-1,-1,-1
487,63,1054.91,442.71,30.84,94.19,-1.000,-1,-1,-1
487,65,1111.58,431.02,49.50,158.39,0.726,-1,-1,-1
487,66,995.30,448.95,23.56,71.86,0.616,-1,-1,-1
487,67,532.78,459.22,27.38,72.36,0.711,-1,-1,-1
488,5,1379.28,388.86,257.22,683.40,0.814,-1,-1,-1
488,26,-12.21,530.35,89.75,137.63,0.775,-1,-1,-1
488,33,1210.58,420.73,164.00,583.38,0.879,-1,-1,-1
488,44,858.50,407.70,80.55,299.68,0.569,-1,-1,-1
488,46,909.34,431.62,97.97,249.66,0.846,-1,-1,-1
488,47,814.20,432.61,97.79,292.45,0.674,-1,-1,-1
488,48,565.98,451.20,29.65,81.60,0.761,-1,-1,-1
488,50,739.74,446.47,40.66,133.10,0.750,-1,-1,-1
488,51,658.76,430.62,92.77,266.95,0.892,-1,-1,-1
488,53,351.91,480.01,91.08,201.37,0.726,-1,-1,-1
488,56,1335.24,410.98,134.53,546.25,0.765,-1,-1,-1
488,58,1596.13,409.71,172.58,432.75,0.856,-1,-1,-1
488,59,1037.42,450.21,26.02,81.31,0.642,-1,-1,-1
488,60,385.85,462.82,42.99,109.15,-1.000,-1,-1,-1
488,62,725.43,449.92,26.58,84.76,0.198,-1,-1,-1
488,63,1055.44,442.51,30.82,94.14,-1.000,-1,-1,-1
488,65,1111.92,430.83,49.07,158.48,0.747,-1,-1,-1
488,66,995.61,449.08,23.80,72.39,0.667,-1,-1,-1
488,67,532.84,459.30,27.40,72.59,0.701,-1,-1,-1
489,5,1379.54,388.70,258.97,683.47,0.804,-1,-1,-1
489,26,-17.06,529.52,89.24,142.13,0.761,-1,-1,-1
489,33,1213.36,421.59,164.86,582.10,0.872,-1,-1,-1
489,44,859.03,407.96,81.39,304.33,0.304,-1,-1,-1
489,46,914.46,430.72,96.67,249.28,0.797,-1,-1,-1
489,47,820.22,435.68,99.61,289.74,0.839,-1,-1,-1
489,48,565.99,450.52,29.76,82.23,0.761,-1,-1,-1
489,50,736.62,446.03,40.50,132.96,0.744,-1,-1,-1
489,51,659.87,430.68,94.96,267.94,0.882,-1,-1,-1
489,53,342.14,480.80,91.52,201.46,0.632,-1,-1,-1
489,56,1341.56,410.91,133.26,549.77,0.751,-1,-1,-1
489,58,1600.51,407.63,171.64,435.71,0.822,-1,-1,-1
489,59,1036.05,450.28,25.63,80.42,0.663,-1,-1,-1
489,60,386.18,462.75,43.42,110.21,-1.000,-1,-1,-1
489,63,1055.96,442.30,30.80,94.09,-1.000,-1,-1,-1
489,65,1112.40,430.86,48.77,158.90,0.694,-1,-1,-1
489,66,996.19,449.20,23.67,72.10,0.630,-1,-1,-1
489,67,533.03,459.24,27.30,72.56,0.694,-1,-1,-1
490,5,1385.21,386.51,262.72,685.54,0.813,-1,-1,-1
490,33,1215.59,423.51,166.55,581.62,0.888,-1,-1,-1
490,44,860.22,407.48,82.41,309.27,0.522,-1,-1,-1
490,46,921.09,430.78,94.89,249.26,0.803,-1,-1,-1
490,47,823.78,436.33,100.85,288.45,0.639,-1,-1,-1
490,48,566.39,449.90,29.81,82.59,0.738,-1,-1,-1
490,50,735.23,445.81,38.63,126.68,0.635,-1,-1,-1
490,51,660.26,429.38,97.77,270.44,0.893,-1,-1,-1
490,53,333.42,485.10,91.67,199.07,0.762,-1,-1,-1
490,56,1348.21,412.00,130.02,544.91,0.807,-1,-1,-1
490,58,1602.62,406.19,170.14,437.19,0.854,-1,-1,-1
490,59,1035.01,449.56,25.69,80.36,0.657,-1,-1,-1
490,60,386.51,462.68,43.84,111.27,-1.000,-1,-1,-1
490,63,1056.48,442.10,30.77,94.04,0.523,-1,-1,-1
490,65,1112.60,430.90,48.56,159.35,0.715,-1,-1,-1
490,66,996.57,449.26,23.63,72.00,0.602,-1,-1,-1
490,67,533.57,459.26,26.86,71.47,0.638,-1,-1,-1
490,68,420.58,459.56,38.20,111.94,0.612,-1,-1,-1
491,5,1379.27,387.62,260.93,682.26,0.692,-1,-1,-1
491,33,1218.13,424.29,168.54,581.53,0.888,-1,-1,-1
491,44,860.83,410.47,82.57,309.33,0.193,-1,-1,-1
491,46,931.69,430.42,92.50,248.95,0.698,-1,-1,-1
491,47,825.50,437.14,103.02,287.52,0.774,-1,-1,-1
491,48,566.49,449.72,29.74,82.53,0.739,-1,-1,-1
491,50,733.37,445.10,38.11,124.53,0.707,-1,-1,-1
491,51,659.93,430.89,99.56,270.03,0.893,-1,-1,-1
491,53,325.54,484.16,93.20,200.40,0.707,-1,-1,-1
491,56,1354.56,413.33,128.80,547.24,0.771,-1,-1,-1
491,58,1607.84,405.07,168.82,439.86,0.823,-1,-1,-1
491,59,1034.58,448.95,26.08,80.35,0.682,-1,-1,-1
491,60,386.83,462.61,44.27,112.33,0.611,-1,-1,-1
491,63,1057.93,442.69,30.25,92.47,0.524,-1,-1,-1
491,65,1112.77,430.79,48.29,159.78,0.763,-1,-1,-1
491,66,997.45,449.45,22.51,68.22,0.548,-1,-1,-1
491,67,534.06,459.35,26.89,71.73,0.665,-1,-1,-1
491,68,419.65,458.18,38.61,113.24,0.617,-1,-1,-1
492,5,1377.94,387.18,259.95,680.87,0.615,-1,-1,-1
492,33,1218.42,422.63,171.11,583.50,0.881,-1,-1,-1
492,44,860.28,423.63,80.54,298.83,0.238,-1,-1,-1
492,46,941.67,431.38,90.55,247.71,0.728,-1,-1,-1
492,47,822.01,440.12,101.92,283.84,0.520,-1,-1,-1
492,48,566.89,448.98,29.92,83.52,0.738,-1,-1,-1
492,50,732.11,444.98,38.53,126.12,0.733,-1,-1,-1
492,51,661.13,431.09,101.32,270.54,0.885,-1,-1,-1
492,53,316.66,482.11,96.51,204.77,0.733,-1,-1,-1
492,56,1361.83,413.65,127.20,546.81,0.763,-1,-1,-1
492,58,1612.69,403.73,167.45,442.59,0.817,-1,-1,-1
492,59,1034.27,448.80,26.59,80.69,0.679,-1,-1,-1
492,60,386.27,463.69,44.58,112.22,0.629,-1,-1,-1
492,61,610.28,453.62,61.89,88.84,0.631,-1,-1,-1
492,63,1058.57,442.61,31.07,95.54,0.651,-1,-1,-1
492,65,1113.29,430.73,47.85,159.25,0.740,-1,-1,-1
492,66,997.90,449.32,22.40,67.60,0.235,-1,-1,-1
492,67,534.74,459.95,26.35,70.41,0.713,-1,-1,-1
492,68,417.90,457.21,38.91,114.11,0.501,-1,-1,-1
493,5,1378.05,385.55,259.83,681.80,0.531,-1,-1,-1
493,33,1219.15,420.48,173.87,585.76,0.876,-1,-1,-1
493,44,858.65,421.07,81.75,302.01,0.287,-1,-1,-1
493,46,946.65,430.86,89.45,247.94,0.666,-1,-1,-1
493,47,821.01,447.75,99.21,275.00,0.450,-1,-1,-1
493,48,567.45,448.15,30.14,84.60,0.701,-1,-1,-1
493,50,730.62,444.72,39.43,129.75,0.727,-1,-1,-1
493,51,661.14,429.67,103.09,272.66,0.882,-1,-1,-1
493,53,308.36,481.75,99.16,208.74,0.719,-1,-1,-1
493,56,1369.14,412.35,126.13,546.72,0.792,-1,-1,-1
493,58,1617.62,404.20,166.84,447.37,0.780,-1,-1,-1
493,59,1034.84,448.16,27.27,81.54,0.713,-1,-1,-1
493,60,385.65,463.14,45.24,113.12,0.693,-1,-1,-1
493,61,613.19,453.42,58.10,88.87,0.666,-1,-1,-1
493,63,1059.56,442.54,31.44,97.43,0.599,-1,-1,-1
493,65,1113.50,430.78,47.84,159.62,0.578,-1,-1,-1
493,67,535.17,460.38,25.93,69.36,0.675,-1,-1,-1
493,68,418.13,457.60,38.64,113.42,0.548,-1,-1,-1
493,69,1185.77,453.92,28.02,78.26,0.579,-1,-1,-1
494,5,1389.82,380.93,264.52,688.10,0.613,-1,-1,-1
494,33,1220.10,419.27,176.55,586.86,0.878,-1,-1,-1
494,44,860.07,433.78,79.67,291.58,0.494,-1,-1,-1
494,46,957.32,431.14,89.50,247.78,0.707,-1,-1,-1
494,47,817.99,433.56,104.05,288.83,0.260,-1,-1,-1
494,48,567.62,448.07,30.15,85.02,0.712,-1,-1,-1
494,50,729.64,445.57,39.64,130.93,0.617,-1,-1,-1
494,51,661.46,430.00,103.83,272.46,0.868,-1,-1,-1
494,53,299.37,481.26,99.45,207.43,0.719,-1,-1,-1
494,56,1376.18,412.31,123.19,535.77,0.712,-1,-1,-1
494,58,1625.88,407.78,164.39,442.05,0.648,-1,-1,-1
494,59,1034.72,447.68,27.60,81.75,0.699,-1,-1,-1
494,60,385.09,463.18,45.54,113.22,0.696,-1,-1,-1
494,61,615.21,453.22,55.68,89.22,0.608,-1,-1,-1
494,63,1060.77,442.78,31.78,98.56,0.565,-1,-1,-1
494,65,1113.03,430.83,47.82,159.86,0.562,-1,-1,-1
494,67,535.73,460.82,25.60,68.58,0.700,-1,-1,-1
494,68,419.52,457.57,38.48,113.17,0.521,-1,-1,-1
494,69,1185.96,454.15,27.94,77.97,0.605,-1,-1,-1
495,5,1388.63,379.80,264.83,689.01,0.701,-1,-1,-1
495,33,1219.74,421.53,178.11,585.18,0.885,-1,-1,-1
495,44,862.86,440.26,78.96,286.78,0.468,-1,-1,-1
495,46,965.59,431.60,90.06,247.49,0.863,-1,-1,-1
495,47,825.24,439.07,104.30,285.38,0.522,-1,-1,-1
495,48,568.35,448.93,29.73,84.27,0.679,-1,-1,-1
495,50,727.79,446.42,39.59,131.51,0.514,-1,-1,-1
495,51,660.99,429.28,104.82,273.30,0.884,-1,-1,-1
495,53,289.40,480.99,101.25,209.33,0.705,-1,-1,-1
495,56,1379.68,411.49,125.31,545.66,0.774,-1,-1,-1
495,58,1635.12,406.06,151.49,407.15,0.779,-1,-1,-1
495,59,1034.69,448.17,27.37,80.86,0.674,-1,-1,-1
495,60,384.78,463.42,45.65,113.01,0.751,-1,-1,-1
495,61,617.67,453.77,52.89,89.26,0.645,-1,-1,-1
495,63,1061.13,442.87,31.34,97.56,0.428,-1,-1,-1
495,65,1113.42,430.98,47.53,159.26,0.515,-1,-1,-1
495,67,535.81,460.39,25.90,69.62,0.685,-1,-1,-1
495,68,416.13,456.25,39.28,115.34,0.602,-1,-1,-1
495,69,1184.27,453.31,28.42,79.31,0.711,-1,-1,-1
496,5,1401.59,378.86,267.02,689.71,0.660,-1,-1,-1
496,33,1219.91,423.11,179.72,584.33,0.882,-1,-1,-1
496,44,865.68,443.28,78.80,284.60,0.456,-1,-1,-1
496,46,969.44,431.81,90.90,247.41,0.856,-1,-1,-1
496,47,831.50,440.92,105.10,284.38,0.563,-1,-1,-1
496,48,568.57,449.48,29.42,83.73,0.717,-1,-1,-1
496,50,726.83,447.27,39.26,131.07,0.283,-1,-1,-1
496,51,662.48,430.84,104.68,271.87,0.877,-1,-1,-1
496,53,278.46,480.75,104.21,213.76,0.720,-1,-1,-1
496,56,1387.07,409.85,125.22,547.11,0.734,-1,-1,-1
496,58,1644.11,407.20,145.79,392.18,0.811,-1,-1,-1
496,59,1033.92,448.69,27.49,81.32,0.663,-1,-1,-1
496,60,384.60,463.60,45.78,112.90,0.721,-1,-1,-1
496,61,618.99,453.92,50.44,88.96,0.675,-1,-1,-1
496,63,1062.03,442.47,31.68,99.14,0.363,-1,-1,-1
496,65,1113.47,430.90,47.27,158.43,0.509,-1,-1,-1
496,67,536.02,460.05,25.93,69.93,0.679,-1,-1,-1
496,68,415.41,456.22,39.18,114.91,0.611,-1,-1,-1
496,69,1183.83,452.88,28.64,79.72,0.678,-1,-1,-1
497,5,1406.33,378.46,266.80,688.84,0.690,-1,-1,-1
497,33,1222.68,422.98,182.51,585.15,0.891,-1,-1,-1
497,44,868.39,444.10,78.57,284.01,-1.000,-1,-1,-1
497,46,973.75,435.23,91.23,243.70,0.860,-1,-1,-1
497,47,838.31,443.28,105.96,283.59,0.840,-1,-1,-1
497,48,569.03,450.03,29.06,83.48,0.726,-1,-1,-1
497,50,724.92,447.38,39.05,130.44,-1.000,-1,-1,-1
497,51,665.11,432.19,104.17,270.68,0.873,-1,-1,-1
497,53,270.87,480.41,107.17,218.77,0.745,-1,-1,-1
497,56,1390.74,410.14,126.90,554.85,0.718,-1,-1,-1
497,58,1648.27,405.77,148.79,402.29,0.788,-1,-1,-1
497,59,1031.84,448.87,27.57,80.53,0.560,-1,-1,-1
497,60,384.43,463.80,45.78,112.61,0.728,-1,-1,-1
497,61,619.42,454.26,48.79,88.66,0.663,-1,-1,-1
497,63,1063.85,442.64,31.54,100.01,0.308,-1,-1,-1
497,65,1108.96,430.28,48.27,159.77,0.590,-1,-1,-1
497,67,536.55,460.38,25.93,70.01,0.717,-1,-1,-1
497,68,414.48,456.42,39.32,115.17,0.636,-1,-1,-1
497,69,1183.42,452.76,28.67,79.72,0.684,-1,-1,-1
498,5,1414.30,376.45,268.23,694.49,0.826,-1,-1,-1
498,33,1225.99,423.47,184.88,585.46,0.895,-1,-1,-1
498,44,871.10,444.92,78.33,283.41,-1.000,-1,-1,-1
498,46,976.74,435.73,92.98,243.03,0.864,-1,-1,-1
498,47,843.73,444.54,105.99,283.05,0.829,-1,-1,-1
498,48,569.85,451.47,28.34,82.16,0.731,-1,-1,-1
498,50,723.00,447.50,38.83,129.82,-1.000,-1,-1,-1
498,51,667.57,432.50,103.70,270.63,0.878,-1,-1,-1
498,53,262.56,480.09,109.90,223.62,0.732,-1,-1,-1
498,56,1394.68,408.01,128.00,557.36,0.721,-1,-1,-1
498,58,1661.22,407.32,164.38,441.98,0.853,-1,-1,-1
498,59,1031.91,448.82,27.56,80.46,0.325,-1,-1,-1
498,60,384.34,464.37,45.61,111.87,0.743,-1,-1,-1
498,61,620.09,454.98,47.49,89.14,0.669,-1,-1,-1
498,63,1065.59,442.81,30.77,98.92,0.346,-1,-1,-1
498,65,1105.78,430.18,49.17,160.50,0.578,-1,-1,-1
498,67,536.64,460.70,26.29,71.04,0.740,-1,-1,-1
498,68,414.21,457.41,39.11,114.31,0.579,-1,-1,-1
498,69,1183.19,452.70,28.75,79.99,0.635,-1,-1,-1
499,5,1422.26,373.76,269.70,699.98,0.521,-1,-1,-1
499,33,1228.10,421.41,187.43,588.23,0.897,-1,-1,-1
499,44,873.81,445.74,78.09,282.82,-1.000,-1,-1,-1
499,46,978.48,437.37,94.63,241.61,0.875,-1,-1,-1
499,47,851.49,446.78,104.06,281.01,0.848,-1,-1,-1
499,48,570.70,453.50,27.40,80.27,0.741,-1,-1,-1
499,50,721.09,447.61,38.61,129.20,-1.000,-1,-1,-1
499,51,665.47,431.70,104.35,271.61,0.803,-1,-1,-1
499,53,252.24,479.64,110.54,224.51,0.716,-1,-1,-1
499,56,1397.65,408.94,128.81,555.67,0.772,-1,-1,-1
499,58,1673.06,411.33,170.04,452.05,0.860,-1,-1,-1
499,59,1032.41,449.30,26.01,75.29,0.333,-1,-1,-1
499,60,384.17,464.50,45.64,111.70,0.709,-1,-1,-1
499,61,620.94,455.57,46.50,89.62,0.651,-1,-1,-1
499,63,1066.31,442.77,29.96,97.69,0.239,-1,-1,-1
499,65,1108.19,430.34,48.77,158.69,0.611,-1,-1,-1
499,67,536.86,460.87,26.24,71.07,0.727,-1,-1,-1
499,68,416.68,458.18,38.47,112.78,0.589,-1,-1,-1
499,69,1182.47,452.72,28.81,80.13,0.701,-1,-1,-1
500,5,1431.39,369.05,270.58,704.80,0.438,-1,-1,-1
500,33,1233.06,419.58,189.31,590.77,0.884,-1,-1,-1
500,44,876.52,446.57,77.86,282.23,-1.000,-1,-1,-1
500,46,979.81,440.35,95.58,238.58,0.839,-1,-1,-1
500,47,855.98,444.88,103.46,282.86,0.840,-1,-1,-1
500,48,571.06,454.34,27.04,79.63,0.729,-1,-1,-1
500,50,719.18,447.73,38.39,128.58,-1.000,-1,-1,-1
500,51,673.06,431.39,102.86,271.75,0.856,-1,-1,-1
500,53,241.74,479.91,110.52,224.47,0.640,-1,-1,-1
500,56,1400.68,409.56,130.65,557.31,0.785,-1,-1,-1
500,58,1685.90,412.16,177.13,463.07,0.863,-1,-1,-1
500,60,384.29,464.55,45.64,111.58,0.642,-1,-1,-1
500,61,621.86,454.80,45.64,89.92,0.636,-1,-1,-1
500,63,1072.05,443.95,30.44,99.76,0.512,-1,-1,-1
500,65,1108.84,429.93,49.32,160.11,0.607,-1,-1,-1
500,67,537.43,460.93,26.50,71.97,0.732,-1,-1,-1
500,68,415.76,458.16,38.65,113.13,0.551,-1,-1,-1
500,69,1182.40,452.91,28.66,79.75,0.712,-1,-1,-1
501,5,1447.19,368.74,268.57,705.03,0.565,-1,-1,-1
501,33,1241.74,417.73,190.95,593.25,0.888,-1,-1,-1
501,44,879.23,447.39,77.62,281.63,0.710,-1,-1,-1
501,46,981.58,439.94,97.61,239.23,0.813,-1,-1,-1
501,47,854.37,436.96,103.96,286.51,-1.000,-1,-1,-1
501,48,571.82,455.53,26.55,78.44,0.735,-1,-1,-1
501,50,717.26,447.84,38.17,127.96,-1.000,-1,-1,-1
501,51,680.06,431.19,101.11,271.76,0.776,-1,-1,-1
501,53,228.52,480.36,111.71,226.70,0.696,-1,-1,-1
501,56,1403.04,410.60,132.47,558.79,0.765,-1,-1,-1
501,58,1697.20,418.40,181.22,463.83,0.867,-1,-1,-1
501,60,384.12,464.63,45.61,111.36,0.706,-1,-1,-1
501,61,623.01,454.35,44.46,90.12,0.642,-1,-1,-1
501,63,1074.25,443.60,30.86,101.39,0.508,-1,-1,-1
501,65,1109.15,429.85,49.72,160.98,0.595,-1,-1,-1
501,67,538.06,460.93,26.58,72.27,0.682,-1,-1,-1
501,68,415.51,458.49,38.64,112.79,0.611,-1,-1,-1
501,69,1182.47,453.03,28.58,79.71,0.637,-1,-1,-1
502,5,1463.71,371.97,264.39,701.26,0.663,-1,-1,-1
502,33,1250.37,417.34,189.97,591.83,0.887,-1,-1,-1
502,44,880.36,442.24,79.76,287.30,0.667,-1,-1,-1
502,46,983.05,440.48,99.14,239.24,0.862,-1,-1,-1
502,47,852.76,429.04,104.46,290.17,-1.000,-1,-1,-1
502,48,572.08,456.05,26.27,78.14,0.734,-1,-1,-1
502,50,715.35,447.96,37.96,127.34,-1.000,-1,-1,-1
502,51,685.51,431.02,99.60,272.43,0.745,-1,-1,-1
502,53,218.27,480.00,113.59,231.56,0.762,-1,-1,-1
502,56,1407.04,410.17,134.69,557.19,0.858,-1,-1,-1
502,58,1707.53,420.78,186.07,467.55,0.871,-1,-1,-1
502,60,384.08,464.53,45.73,111.54,0.703,-1,-1,-1
502,61,624.80,454.46,43.31,89.93,0.616,-1,-1,-1
502,63,1074.51,443.16,31.27,102.56,0.577,-1,-1,-1
502,65,1108.59,430.22,49.97,161.03,0.586,-1,-1,-1
502,67,538.39,461.30,26.42,71.92,0.739,-1,-1,-1
502,68,415.23,458.48,38.76,112.83,0.582,-1,-1,-1
502,69,1182.11,453.35,28.39,79.19,0.646,-1,-1,-1
503,5,1476.33,371.47,261.55,704.68,0.756,-1,-1,-1
503,33,1259.43,418.46,189.09,595.16,0.873,-1,-1,-1
503,44,888.25,441.27,79.88,287.54,0.733,-1,-1,-1
503,46,984.04,441.16,99.68,238.84,0.847,-1,-1,-1
503,47,851.16,421.12,104.96,293.82,0.603,-1,-1,-1
503,48,571.99,456.08,26.25,78.22,0.743,-1,-1,-1
503,50,713.44,448.07,37.74,126.72,-1.000,-1,-1,-1
503,51,692.35,431.23,97.21,271.92,0.817,-1,-1,-1
503,53,208.58,480.21,116.03,235.87,0.686,-1,-1,-1
503,56,1410.84,409.08,138.63,559.74,0.864,-1,-1,-1
503,58,1711.44,414.20,192.80,478.88,0.877,-1,-1,-1
503,60,383.80,464.45,45.81,111.59,0.695,-1,-1,-1
503,61,626.42,454.43,42.21,89.92,0.634,-1,-1,-1
503,63,1075.20,444.95,31.02,101.56,0.433,-1,-1,-1
503,65,1107.60,430.24,50.74,162.89,0.523,-1,-1,-1
503,67,538.48,461.66,26.64,72.30,0.741,-1,-1,-1
503,68,417.23,458.96,38.25,111.53,0.598,-1,-1,-1
503,69,1181.94,453.53,28.16,78.52,0.631,-1,-1,-1
504,5,1489.65,371.38,257.85,701.99,0.791,-1,-1,-1
504,33,1271.72,417.95,187.77,598.34,0.844,-1,-1,-1
504,44,895.84,441.04,80.50,288.26,0.789,-1,-1,-1
504,46,989.31,442.02,99.93,238.14,0.846,-1,-1,-1
504,47,849.10,412.87,103.58,296.40,0.622,-1,-1,-1
504,48,572.37,455.26,26.65,79.09,0.729,-1,-1,-1
504,50,711.52,448.19,37.52,126.10,-1.000,-1,-1,-1
504,51,697.69,430.77,95.47,272.38,0.752,-1,-1,-1
504,53,194.84,480.48,117.82,239.23,0.787,-1,-1,-1
504,56,1415.62,408.63,139.91,557.06,0.836,-1,-1,-1
504,58,1714.17,409.19,200.07,495.29,0.862,-1,-1,-1
504,60,383.61,464.66,45.77,111.27,0.656,-1,-1,-1
504,61,626.94,453.93,41.24,89.94,0.656,-1,-1,-1
504,63,1075.04,445.34,31.04,101.24,0.533,-1,-1,-1
504,65,1108.96,430.66,49.99,160.20,0.505,-1,-1,-1
504,67,538.27,462.31,26.59,71.86,0.734,-1,-1,-1
504,68,418.36,458.92,38.07,111.24,0.601,-1,-1,-1
504,69,1181.39,453.64,28.02,78.08,0.618,-1,-1,-1
505,5,1499.21,372.33,254.63,700.42,0.802,-1,-1,-1
505,33,1284.26,415.84,187.22,604.10,0.835,-1,-1,-1
505,44,906.15,441.79,82.77,287.22,0.872,-1,-1,-1
505,46,993.18,443.81,98.49,236.39,0.818,-1,-1,-1
505,47,850.33,409.00,100.44,294.11,0.669,-1,-1,-1
505,48,572.58,454.46,27.01,79.78,0.752,-1,-1,-1
505,50,709.61,448.30,37.30,125.47,-1.000,-1,-1,-1
505,51,702.72,430.16,93.87,272.94,0.768,-1,-1,-1
505,53,183.02,480.67,119.23,241.64,0.701,-1,-1,-1
505,56,1422.76,410.92,140.78,556.11,0.794,-1,-1,-1
505,58,1716.72,406.67,204.03,504.30,0.892,-1,-1,-1
505,60,383.73,464.87,45.77,111.02,0.648,-1,-1,-1
505,61,627.64,453.52,40.64,90.95,0.689,-1,-1,-1
505,63,1074.80,444.47,31.72,103.10,0.546,-1,-1,-1
505,65,1107.71,430.44,50.86,162.06,0.575,-1,-1,-1
505,67,538.58,462.92,26.66,71.59,0.726,-1,-1,-1
505,68,419.60,459.15,37.83,110.82,0.599,-1,-1,-1
505,69,1181.29,453.40,28.02,78.18,0.661,-1,-1,-1
506,5,1504.38,372.76,252.34,702.90,0.814,-1,-1,-1
506,33,1290.99,415.86,188.37,615.94,0.825,-1,-1,-1
506,44,913.25,442.26,85.87,286.14,0.862,-1,-1,-1
506,46,998.75,447.33,95.73,232.71,0.817,-1,-1,-1
506,47,851.56,407.41,97.35,292.79,0.732,-1,-1,-1
506,48,572.76,452.83,27.54,81.14,0.745,-1,-1,-1
506,50,707.70,448.42,37.08,124.85,-1.000,-1,-1,-1
506,51,709.07,430.15,92.63,272.49,0.799,-1,-1,-1
506,53,170.10,480.10,120.86,244.40,0.765,-1,-1,-1
506,56,1431.47,409.17,141.45,560.24,0.785,-1,-1,-1
506,58,1721.41,405.73,205.27,509.41,0.893,-1,-1,-1
506,60,383.53,464.85,45.80,110.98,0.715,-1,-1,-1
506,61,627.70,452.41,40.09,91.50,0.658,-1,-1,-1
506,63,1074.92,446.64,31.25,100.99,0.535,-1,-1,-1
506,65,1105.60,430.48,51.66,163.18,0.586,-1,-1,-1
506,67,538.60,463.38,26.59,71.08,0.739,-1,-1,-1
506,68,420.27,460.31,37.35,109.58,0.638,-1,-1,-1
506,69,1180.83,453.14,28.14,78.51,0.632,-1,-1,-1
507,5,1509.65,372.10,249.10,701.47,0.812,-1,-1,-1
507,33,1297.51,415.66,188.04,622.68,0.858,-1,-1,-1
507,44,918.66,443.98,89.78,284.43,0.867,-1,-1,-1
507,46,1004.27,442.61,95.69,237.35,0.771,-1,-1,-1
507,47,852.82,406.57,95.67,295.04,0.739,-1,-1,-1
507,48,572.92,451.17,28.06,82.50,0.744,-1,-1,-1
507,50,705.78,448.53,36.87,124.23,-1.000,-1,-1,-1
507,51,715.72,430.30,92.64,272.52,0.833,-1,-1,-1
507,53,158.60,480.19,123.10,249.37,0.762,-1,-1,-1
507,56,1440.35,409.94,139.71,557.26,0.741,-1,-1,-1
507,58,1728.00,402.59,204.69,512.98,0.877,-1,-1,-1
507,60,383.25,464.47,45.94,111.32,0.708,-1,-1,-1
507,61,628.04,452.91,39.50,91.67,0.674,-1,-1,-1
507,63,1075.06,446.90,31.40,100.69,0.327,-1,-1,-1
507,65,1104.82,430.38,52.08,163.19,0.533,-1,-1,-1
507,67,538.22,464.19,26.53,70.67,0.717,-1,-1,-1
507,68,420.05,460.60,37.17,109.14,0.638,-1,-1,-1
507,69,1180.56,453.00,28.04,78.48,0.596,-1,-1,-1
508,5,1515.71,371.23,246.57,701.45,0.809,-1,-1,-1
508,33,1306.71,413.62,189.45,631.65,0.864,-1,-1,-1
508,44,922.19,446.37,93.88,281.73,0.897,-1,-1,-1
508,46,1008.35,437.97,95.69,241.86,0.726,-1,-1,-1
508,47,855.18,406.71,93.49,294.75,0.732,-1,-1,-1
508,48,572.92,451.44,28.06,82.39,0.747,-1,-1,-1
508,50,703.87,448.65,36.65,123.61,-1.000,-1,-1,-1
508,51,721.07,429.64,93.26,273.33,0.839,-1,-1,-1
508,53,145.50,479.81,124.08,251.24,0.757,-1,-1,-1
508,56,1446.18,411.31,137.38,554.41,0.802,-1,-1,-1
508,58,1733.91,399.80,203.09,515.47,0.885,-1,-1,-1
508,60,383.18,464.36,46.04,111.49,0.742,-1,-1,-1
508,61,628.52,453.57,38.37,91.14,0.619,-1,-1,-1
508,63,1073.94,445.61,34.15,109.57,0.176,-1,-1,-1
508,65,1104.11,430.41,52.40,163.44,0.503,-1,-1,-1
508,67,538.87,463.97,26.86,71.30,0.753,-1,-1,-1
508,68,420.13,461.01,37.01,108.79,0.624,-1,-1,-1
508,69,1180.82,452.89,27.98,78.49,0.599,-1,-1,-1
509,5,1514.24,371.35,244.38,700.59,0.617,-1,-1,-1
509,33,1321.77,412.95,192.46,639.51,0.851,-1,-1,-1
509,44,924.37,447.40,98.24,280.45,0.895,-1,-1,-1
509,46,1014.88,445.96,91.46,234.09,0.551,-1,-1,-1
509,47,857.20,406.96,90.92,292.98,0.725,-1,-1,-1
509,48,573.02,452.32,27.71,81.30,0.729,-1,-1,-1
509,50,701.96,448.76,36.43,122.99,-1.000,-1,-1,-1
509,51,723.98,429.79,94.00,273.08,0.842,-1,-1,-1
509,53,131.04,479.65,125.51,252.20,0.741,-1,-1,-1
509,56,1452.35,412.78,135.60,553.22,0.773,-1,-1,-1
509,58,1739.64,397.30,200.50,516.37,0.870,-1,-1,-1
509,60,383.11,464.17,46.17,111.74,0.723,-1,-1,-1
509,61,629.67,453.92,37.37,90.53,0.626,-1,-1,-1
509,63,1071.47,444.58,36.14,116.49,0.400,-1,-1,-1
509,65,1104.49,430.73,52.78,162.96,0.720,-1,-1,-1
509,67,538.84,464.26,26.81,71.32,0.764,-1,-1,-1
509,68,420.75,461.01,36.85,108.75,0.616,-1,-1,-1
509,69,1181.17,453.13,27.82,78.28,0.655,-1,-1,-1
510,5,1524.63,369.93,244.94,702.52,0.760,-1,-1,-1
510,33,1331.31,410.02,196.35,646.20,0.882,-1,-1,-1
510,44,922.00,447.12,101.11,280.38,0.852,-1,-1,-1
510,46,1021.88,440.18,92.05,239.90,0.735,-1,-1,-1
510,47,860.01,407.11,89.66,294.23,0.718,-1,-1,-1
510,48,572.25,451.48,28.22,82.45,0.744,-1,-1,-1
510,50,700.04,448.88,36.21,122.37,0.643,-1,-1,-1
510,51,727.00,429.70,95.11,273.22,0.868,-1,-1,-1
510,53,116.08,478.53,127.25,254.98,0.762,-1,-1,-1
510,56,1458.55,412.68,134.11,551.61,0.757,-1,-1,-1
510,58,1748.68,395.38,196.58,517.64,0.889,-1,-1,-1
510,60,383.22,464.23,46.16,111.66,0.710,-1,-1,-1
510,61,630.56,454.51,36.21,89.85,0.634,-1,-1,-1
510,65,1104.14,430.98,53.20,163.33,0.641,-1,-1,-1
510,67,539.45,463.89,26.85,71.73,0.741,-1,-1,-1
510,68,420.55,461.48,36.69,108.52,0.589,-1,-1,-1
510,69,1181.23,453.61,27.58,77.82,0.696,-1,-1,-1
511,5,1528.78,371.02,243.48,700.82,0.666,-1,-1,-1
511,33,1340.95,415.70,199.28,644.30,0.862,-1,-1,-1
511,44,923.93,447.24,105.28,279.48,0.891,-1,-1,-1
511,46,1029.58,445.27,88.86,234.80,0.820,-1,-1,-1
511,47,863.39,407.39,88.50,294.09,0.653,-1,-1,-1
511,48,572.41,452.88,27.88,81.24,0.737,-1,-1,-1
511,50,699.08,449.62,35.89,121.88,0.693,-1,-1,-1
511,51,728.38,431.03,96.17,272.10,0.869,-1,-1,-1
511,53,101.93,480.17,128.96,257.28,0.760,-1,-1,-1
511,56,1465.43,412.51,129.31,535.00,0.770,-1,-1,-1
511,58,1757.65,394.75,191.45,517.05,0.887,-1,-1,-1
511,60,383.43,464.16,46.30,111.78,0.740,-1,-1,-1
511,61,631.44,455.32,34.85,88.47,0.657,-1,-1,-1
511,65,1103.09,431.18,53.49,162.65,0.590,-1,-1,-1
511,67,539.92,463.95,26.72,71.75,0.746,-1,-1,-1
511,68,417.73,460.81,37.37,110.12,0.597,-1,-1,-1
511,69,1181.57,453.94,27.33,77.43,0.662,-1,-1,-1
512,5,1545.53,371.84,244.77,701.15,0.685,-1,-1,-1
512,33,1344.68,420.23,202.39,643.01,0.874,-1,-1,-1
512,44,923.62,448.12,108.59,277.73,0.873,-1,-1,-1
512,46,1036.23,441.01,90.07,239.22,0.842,-1,-1,-1
512,47,865.90,407.82,87.54,293.86,0.624,-1,-1,-1
512,48,571.67,453.52,27.74,80.84,0.774,-1,-1,-1
512,50,697.47,450.82,35.49,120.62,0.754,-1,-1,-1
512,51,730.14,431.92,96.90,270.87,0.870,-1,-1,-1
512,53,87.03,479.80,130.61,258.67,0.764,-1,-1,-1
512,56,1469.68,410.67,129.32,538.76,0.742,-1,-1,-1
512,58,1764.64,391.59,186.33,516.27,0.875,-1,-1,-1
512,60,382.42,463.83,46.42,112.04,0.766,-1,-1,-1
512,61,631.55,455.48,34.04,88.43,0.638,-1,-1,-1
512,65,1099.30,440.41,49.85,151.44,0.510,-1,-1,-1
512,67,540.22,464.02,26.42,71.24,0.734,-1,-1,-1
512,68,418.28,459.18,37.70,111.70,0.485,-1,-1,-1
512,69,1181.63,454.08,27.16,77.21,0.634,-1,-1,-1
513,5,1548.42,372.77,243.49,699.90,0.765,-1,-1,-1
513,33,1346.07,421.81,206.13,644.48,0.877,-1,-1,-1
513,44,922.96,449.78,111.77,275.03,0.892,-1,-1,-1
513,46,1044.71,447.38,88.04,232.79,0.856,-1,-1,-1
513,47,868.05,407.96,86.51,293.96,0.693,-1,-1,-1
513,48,571.64,454.11,27.57,80.16,0.761,-1,-1,-1
513,50,696.94,450.94,35.29,120.37,0.754,-1,-1,-1
513,51,733.11,432.98,98.17,269.58,0.891,-1,-1,-1
513,53,72.55,479.49,132.86,260.53,0.773,-1,-1,-1
513,56,1475.44,412.64,128.27,538.23,0.733,-1,-1,-1
513,58,1773.55,388.50,180.99,516.08,0.852,-1,-1,-1
513,60,382.32,463.91,46.40,111.89,0.762,-1,-1,-1
513,61,632.49,455.97,33.27,87.99,0.585,-1,-1,-1
513,65,1100.49,436.86,51.25,154.06,0.575,-1,-1,-1
513,67,540.71,464.40,26.09,70.57,0.704,-1,-1,-1
513,68,419.02,457.49,38.05,113.37,0.469,-1,-1,-1
513,69,1181.94,454.08,27.04,77.12,0.617,-1,-1,-1
514,5,1552.74,370.70,243.21,701.68,0.792,-1,-1,-1
514,33,1347.12,424.53,209.23,643.29,0.872,-1,-1,-1
514,44,922.39,454.69,113.91,270.57,0.891,-1,-1,-1
514,46,1048.02,442.91,90.54,237.49,0.857,-1,-1,-1
514,47,870.20,408.59,85.50,293.24,0.751,-1,-1,-1
514,48,571.81,454.37,27.53,79.92,0.764,-1,-1,-1
514,50,692.69,451.22,36.34,122.27,0.746,-1,-1,-1
514,51,734.02,433.09,99.20,269.31,0.874,-1,-1,-1
514,53,60.84,478.31,134.58,259.48,0.776,-1,-1,-1
514,56,1481.88,414.57,127.12,535.55,0.740,-1,-1,-1
514,58,1778.63,386.50,177.22,520.10,0.850,-1,-1,-1
514,60,382.33,463.84,46.46,111.91,0.767,-1,-1,-1
514,61,634.84,456.10,33.31,88.73,0.574,-1,-1,-1
514,65,1099.93,434.32,52.69,157.15,0.761,-1,-1,-1
514,67,541.52,464.65,25.78,69.88,0.717,-1,-1,-1
514,68,419.66,456.01,38.35,115.01,0.430,-1,-1,-1
514,69,1182.00,453.82,27.06,77.41,0.644,-1,-1,-1
515,5,1556.90,374.27,240.61,696.80,0.736,-1,-1,-1
515,33,1345.94,425.60,212.19,642.44,0.873,-1,-1,-1
515,44,921.70,453.90,117.41,270.93,0.892,-1,-1,-1
515,46,1051.41,442.16,91.88,238.48,0.836,-1,-1,-1
515,47,870.96,408.39,84.78,293.42,0.757,-1,-1,-1
515,48,573.02,455.56,27.13,78.56,0.768,-1,-1,-1
515,50,689.74,452.06,36.42,119.95,0.787,-1,-1,-1
515,51,734.66,431.77,100.45,270.96,0.869,-1,-1,-1
515,53,51.97,478.72,136.43,259.49,0.805,-1,-1,-1
515,56,1488.50,415.92,126.14,533.04,0.780,-1,-1,-1
515,58,1788.76,385.77,167.02,504.57,0.832,-1,-1,-1
515,60,382.56,463.97,46.51,111.89,0.770,-1,-1,-1
515,61,637.64,456.02,33.35,89.26,0.652,-1,-1,-1
515,65,1098.85,434.43,52.47,156.67,0.555,-1,-1,-1
515,67,541.45,464.79,25.49,69.41,0.703,-1,-1,-1
515,68,420.55,456.39,37.93,114.46,0.531,-1,-1,-1
515,69,1182.15,452.45,27.41,78.95,0.620,-1,-1,-1
516,5,1557.39,376.50,238.17,693.59,0.673,-1,-1,-1
516,33,1345.18,422.65,216.24,645.01,0.892,-1,-1,-1
516,44,920.55,452.44,120.80,272.45,0.885,-1,-1,-1
516,46,1052.29,437.72,94.27,243.21,0.857,-1,-1,-1
516,47,872.01,408.89,84.04,292.70,0.771,-1,-1,-1
516,48,574.08,455.96,27.04,78.38,0.749,-1,-1,-1
516,50,688.06,452.42,36.42,118.54,0.774,-1,-1,-1
516,51,734.85,431.28,101.29,271.02,0.872,-1,-1,-1
516,53,33.51,478.37,142.68,266.84,0.800,-1,-1,-1
516,56,1493.57,416.21,126.33,535.13,0.801,-1,-1,-1
516,58,1794.63,384.90,162.16,505.45,0.831,-1,-1,-1
516,60,383.02,463.65,46.74,112.20,0.722,-1,-1,-1
516,61,639.51,456.04,33.32,89.62,0.617,-1,-1,-1
516,65,1100.20,433.91,52.59,157.17,0.657,-1,-1,-1
516,67,541.93,464.36,25.47,69.56,0.668,-1,-1,-1
516,68,421.36,456.56,37.61,114.36,0.500,-1,-1,-1
516,69,1182.16,451.59,27.56,79.85,0.647,-1,-1,-1
517,5,1573.02,379.98,238.52,690.62,0.611,-1,-1,-1
517,33,1343.46,420.14,219.63,647.90,0.904,-1,-1,-1
517,44,919.31,449.91,124.52,275.62,0.884,-1,-1,-1
517,46,1052.25,435.91,95.71,245.10,0.872,-1,-1,-1
517,47,872.95,409.47,83.82,292.96,0.769,-1,-1,-1
517,48,574.38,456.34,27.05,78.30,0.742,-1,-1,-1
517,50,686.52,452.96,36.14,116.63,0.780,-1,-1,-1
517,51,736.23,430.77,101.92,271.74,0.866,-1,-1,-1
517,53,20.01,478.53,145.26,269.42,0.776,-1,-1,-1
517,56,1499.98,417.65,126.48,536.66,0.793,-1,-1,-1
517,58,1802.46,385.42,155.76,501.85,0.814,-1,-1,-1
517,60,383.09,463.49,46.91,112.41,0.728,-1,-1,-1
517,61,640.63,456.05,33.22,89.87,0.624,-1,-1,-1
517,62,721.82,451.10,27.67,87.16,0.667,-1,-1,-1
517,65,1101.32,433.96,52.50,157.47,0.630,-1,-1,-1
517,67,542.14,464.17,25.59,69.84,0.704,-1,-1,-1
517,68,421.63,457.12,37.14,113.67,0.529,-1,-1,-1
517,69,1182.23,451.65,27.36,79.66,0.560,-1,-1,-1
517,70,1163.19,439.84,25.16,85.86,0.561,-1,-1,-1
518,5,1586.46,375.88,241.84,694.11,0.621,-1,-1,-1
518,33,1342.49,418.80,222.10,649.14,0.892,-1,-1,-1
518,44,922.87,449.00,125.89,276.65,0.856,-1,-1,-1
518,46,1052.71,435.40,96.63,245.54,0.873,-1,-1,-1
518,47,874.27,409.02,83.90,294.33,0.727,-1,-1,-1
518,48,574.83,457.32,26.82,77.43,0.720,-1,-1,-1
518,50,685.19,453.64,36.05,115.96,0.773,-1,-1,-1
518,51,738.68,432.01,101.37,270.07,0.841,-1,-1,-1
518,53,9.03,478.92,147.80,270.95,0.829,-1,-1,-1
518,56,1506.30,418.53,125.98,534.02,0.788,-1,-1,-1
518,58,1809.69,387.14,148.80,495.94,0.806,-1,-1,-1
518,60,382.98,463.48,46.99,112.55,0.741,-1,-1,-1
518,61,641.66,455.88,33.08,89.96,0.551,-1,-1,-1
518,62,720.94,450.63,28.29,88.59,0.747,-1,-1,-1
518,65,1103.73,434.16,51.72,156.18,0.561,-1,-1,-1
518,67,542.59,464.67,25.54,69.59,0.695,-1,-1,-1
518,68,421.78,458.17,36.53,112.50,0.540,-1,-1,-1
518,69,1181.82,451.17,27.37,79.91,0.646,-1,-1,-1
518,70,1163.42,439.87,25.22,86.11,0.486,-1,-1,-1
519,5,1586.33,378.03,235.71,679.74,0.422,-1,-1,-1
519,33,1343.41,417.89,224.27,649.71,0.891,-1,-1,-1
519,44,926.15,448.80,126.48,276.18,0.833,-1,-1,-1
519,46,1053.74,437.30,96.46,243.34,0.828,-1,-1,-1
519,47,876.38,408.85,83.58,292.65,0.756,-1,-1,-1
519,48,575.00,457.86,26.77,77.12,0.724,-1,-1,-1
519,50,684.41,452.43,36.62,117.66,0.778,-1,-1,-1
519,51,743.26,432.51,100.63,268.31,0.839,-1,-1,-1
519,53,1.66,479.34,148.33,270.35,0.808,-1,-1,-1
519,56,1514.03,418.11,126.95,538.67,0.711,-1,-1,-1
519,58,1819.44,403.49,137.83,471.43,0.697,-1,-1,-1
519,60,382.87,463.45,47.02,112.58,0.740,-1,-1,-1
519,61,642.05,454.53,33.31,91.22,0.663,-1,-1,-1
519,62,720.59,450.87,28.59,88.92,0.769,-1,-1,-1
519,65,1104.85,434.24,51.39,156.06,0.614,-1,-1,-1
519,67,542.77,463.31,26.40,71.79,0.711,-1,-1,-1
519,68,421.54,458.74,36.16,111.96,0.577,-1,-1,-1
519,69,1181.98,451.68,27.03,79.08,0.665,-1,-1,-1
519,70,1163.54,439.86,25.17,85.98,0.524,-1,-1,-1
520,5,1584.92,380.44,235.36,680.75,0.353,-1,-1,-1
520,33,1344.41,417.22,225.64,649.65,0.900,-1,-1,-1
520,44,928.73,447.67,126.29,274.04,0.846,-1,-1,-1
520,46,1054.72,441.58,95.37,238.74,0.818,-1,-1,-1
520,47,879.03,408.53,84.37,293.47,0.838,-1,-1,-1
520,48,574.56,456.84,27.25,78.30,0.712,-1,-1,-1
520,50,683.77,451.24,36.94,118.53,0.798,-1,-1,-1
520,51,748.79,431.31,98.34,263.45,0.798,-1,-1,-1
520,53,-3.98,479.12,151.61,276.14,0.805,-1,-1,-1
520,56,1522.17,417.50,127.04,538.83,0.747,-1,-1,-1
520,58,1828.47,409.80,131.09,463.10,0.698,-1,-1,-1
520,60,382.87,463.43,47.03,112.58,0.723,-1,-1,-1
520,61,642.42,454.13,33.12,91.52,0.693,-1,-1,-1
520,62,720.97,450.82,28.95,88.97,0.781,-1,-1,-1
520,65,1106.11,434.57,50.66,154.51,0.513,-1,-1,-1
520,67,542.76,464.43,26.10,71.04,0.688,-1,-1,-1
520,68,421.58,460.10,35.56,110.54,0.559,-1,-1,-1
520,69,1182.06,452.18,26.70,78.09,0.721,-1,-1,-1
520,70,1163.59,440.03,25.08,85.77,0.519,-1,-1,-1
521,5,1591.03,380.33,236.53,684.88,0.589,-1,-1,-1
521,33,1347.10,416.66,227.22,650.12,0.904,-1,-1,-1
521,44,937.79,447.38,126.88,272.65,0.844,-1,-1,-1
521,46,1053.69,437.07,97.28,242.78,0.871,-1,-1,-1
521,47,880.41,408.39,85.43,295.09,0.867,-1,-1,-1
521,48,574.63,456.50,27.50,78.60,0.729,-1,-1,-1
521,50,683.45,450.58,37.05,118.75,0.781,-1,-1,-1
521,51,754.76,428.89,96.49,262.03,0.805,-1,-1,-1
521,53,-9.28,479.13,150.77,276.04,0.803,-1,-1,-1
521,56,1530.77,418.22,127.30,538.62,0.754,-1,-1,-1
521,60,382.92,463.73,46.93,112.30,0.718,-1,-1,-1
521,61,642.79,454.10,32.80,91.39,0.711,-1,-1,-1
521,62,720.63,450.23,29.44,89.86,0.814,-1,-1,-1
521,65,1107.60,434.71,50.02,154.04,0.379,-1,-1,-1
521,67,542.47,464.99,25.87,70.60,0.693,-1,-1,-1
521,68,421.60,460.29,35.33,110.26,0.572,-1,-1,-1
521,69,1182.56,452.40,26.44,77.59,0.682,-1,-1,-1
521,70,1163.42,439.69,25.31,86.64,0.556,-1,-1,-1
522,5,1596.54,381.79,237.33,684.10,0.631,-1,-1,-1
522,33,1350.98,415.30,229.07,651.72,0.909,-1,-1,-1
522,44,947.87,446.97,126.13,272.86,0.827,-1,-1,-1
522,46,1053.06,434.43,98.62,245.32,0.875,-1,-1,-1
522,47,880.86,408.14,86.29,297.41,0.857,-1,-1,-1
522,48,574.51,456.39,27.67,78.81,0.746,-1,-1,-1
522,50,682.70,449.95,37.18,119.00,0.795,-1,-1,-1
522,51,760.86,429.26,94.25,260.21,0.738,-1,-1,-1
522,53,-10.83,479.48,149.84,275.54,0.813,-1,-1,-1
522,56,1537.82,417.52,128.68,543.15,0.698,-1,-1,-1
522,60,382.90,463.96,46.84,112.05,0.711,-1,-1,-1
522,61,643.38,454.13,32.55,91.47,0.662,-1,-1,-1
522,62,719.90,450.06,29.63,90.19,0.806,-1,-1,-1
522,65,1109.76,434.64,48.36,149.84,0.174,-1,-1,-1
522,67,542.36,465.26,25.82,70.66,0.667,-1,-1,-1
522,68,418.62,460.19,35.78,111.15,0.516,-1,-1,-1
522,69,1182.58,452.75,26.22,77.00,0.663,-1,-1,-1
522,70,1163.62,439.97,25.13,86.14,0.527,-1,-1,-1
523,5,1599.24,381.39,239.92,687.08,0.715,-1,-1,-1
523,33,1356.56,413.42,230.62,653.74,0.910,-1,-1,-1
523,44,954.08,445.76,126.86,275.23,0.842,-1,-1,-1
523,46,1054.65,434.84,98.65,244.57,0.864,-1,-1,-1
523,47,882.40,407.51,86.54,297.62,0.857,-1,-1,-1
523,48,574.77,455.80,28.06,79.24,0.751,-1,-1,-1
523,50,680.76,449.89,37.50,119.26,0.805,-1,-1,-1
523,51,768.20,429.63,92.36,260.00,0.800,-1,-1,-1
523,53,-12.01,498.97,139.38,257.21,0.694,-1,-1,-1
523,56,1545.00,417.21,130.99,550.22,0.782,-1,-1,-1
523,60,383.03,463.89,46.77,111.90,0.726,-1,-1,-1
523,61,644.37,454.43,32.16,91.24,0.682,-1,-1,-1
523,62,719.64,449.64,29.92,90.91,0.789,-1,-1,-1
523,67,542.80,465.21,25.91,71.08,0.712,-1,-1,-1
523,68,417.31,460.07,36.16,111.52,0.565,-1,-1,-1
523,69,1182.20,452.35,26.28,77.18,0.598,-1,-1,-1
523,70,1163.93,439.66,25.26,86.78,0.491,-1,-1,-1
524,5,1604.06,377.56,243.89,692.73,0.674,-1,-1,-1
524,33,1363.40,410.01,232.13,657.97,0.908,-1,-1,-1
524,44,960.81,446.46,125.00,274.98,0.845,-1,-1,-1
524,46,1054.97,433.60,98.99,245.86,0.851,-1,-1,-1
524,47,885.20,407.29,87.38,299.07,0.829,-1,-1,-1
524,48,575.05,454.74,28.58,80.27,0.757,-1,-1,-1
524,50,678.61,449.69,37.87,119.50,0.800,-1,-1,-1
524,51,773.74,429.91,91.10,260.78,0.770,-1,-1,-1
524,53,-14.37,514.41,129.75,241.35,0.652,-1,-1,-1
524,56,1551.09,416.01,133.91,557.18,0.783,-1,-1,-1
524,60,383.06,463.71,46.84,112.06,0.723,-1,-1,-1
524,61,645.46,454.64,32.02,91.54,0.735,-1,-1,-1
524,62,719.20,449.01,30.00,91.15,0.791,-1,-1,-1
524,67,542.99,465.63,25.61,70.44,0.670,-1,-1,-1
524,68,419.00,460.79,35.72,110.44,0.536,-1,-1,-1
524,69,1182.14,452.39,26.28,77.14,0.613,-1,-1,-1
524,70,1164.69,440.10,24.74,85.20,0.488,-1,-1,-1
525,5,1609.00,375.68,245.42,692.27,0.649,-1,-1,-1
525,33,1374.43,410.81,231.16,657.79,0.883,-1,-1,-1
525,44,967.77,444.76,123.93,276.60,0.819,-1,-1,-1
525,46,1056.78,434.23,98.46,245.12,0.776,-1,-1,-1
525,47,887.74,407.32,87.63,299.56,0.846,-1,-1,-1
525,48,575.65,453.93,28.79,80.45,0.757,-1,-1,-1
525,50,676.43,451.24,37.90,118.02,0.823,-1,-1,-1
525,51,779.04,430.06,89.85,261.08,0.783,-1,-1,-1
525,53,-18.74,533.47,118.60,222.99,0.493,-1,-1,-1
525,56,1555.23,414.41,137.49,566.70,0.727,-1,-1,-1
525,59,1017.78,448.36,15.17,38.58,0.529,-1,-1,-1
525,60,383.16,463.71,46.80,112.06,0.670,-1,-1,-1
525,61,646.57,455.44,31.57,90.58,0.687,-1,-1,-1
525,62,718.63,448.58,30.25,92.53,0.799,-1,-1,-1
525,67,543.43,464.79,25.94,71.38,0.741,-1,-1,-1
525,68,420.11,460.92,35.56,110.15,0.565,-1,-1,-1
525,69,1181.95,451.44,26.53,78.11,0.543,-1,-1,-1
525,70,1165.56,440.35,23.86,82.24,0.388,-1,-1,-1
526,5,1621.76,371.36,252.13,697.19,0.728,-1,-1,-1
526,33,1387.28,410.73,229.38,657.19,0.861,-1,-1,-1
526,44,974.23,443.73,122.48,278.35,0.805,-1,-1,-1
526,46,1058.83,432.34,98.41,246.46,0.828,-1,-1,-1
526,47,890.69,407.25,87.40,299.88,0.842,-1,-1,-1
526,48,575.21,453.36,29.13,80.99,0.755,-1,-1,-1
526,50,674.78,452.60,37.98,116.55,0.820,-1,-1,-1
526,51,784.10,430.32,88.32,260.68,0.852,-1,-1,-1
526,56,1556.56,414.47,140.91,572.03,0.760,-1,-1,-1
526,59,1017.50,448.52,16.81,38.68,0.527,-1,-1,-1
526,60,383.08,463.74,46.76,112.06,0.665,-1,-1,-1
526,61,647.68,455.88,31.39,90.29,0.753,-1,-1,-1
526,62,718.40,448.28,30.64,93.64,0.796,-1,-1,-1
526,67,543.47,464.14,26.17,72.04,0.725,-1,-1,-1
526,68,420.65,461.11,35.37,109.73,0.575,-1,-1,-1
526,69,1181.60,450.73,26.69,78.79,0.535,-1,-1,-1
526,70,1165.51,440.34,23.69,81.73,0.371,-1,-1,-1
527,5,1624.11,368.96,256.29,700.77,0.725,-1,-1,-1
527,33,1402.47,411.86,225.65,655.59,0.849,-1,-1,-1
527,44,981.37,442.70,121.31,279.64,0.801,-1,-1,-1
527,46,1067.34,431.62,98.05,244.89,0.798,-1,-1,-1
527,47,894.28,408.65,86.57,298.67,0.742,-1,-1,-1
527,48,574.67,452.01,29.75,82.31,0.784,-1,-1,-1
527,50,673.42,452.34,38.65,117.08,0.807,-1,-1,-1
527,51,791.01,430.36,88.06,260.05,0.793,-1,-1,-1
527,56,1560.90,413.47,145.25,577.51,0.781,-1,-1,-1
527,59,1017.13,448.52,18.23,38.06,0.604,-1,-1,-1
527,60,383.03,463.72,46.74,112.08,0.682,-1,-1,-1
527,61,647.46,456.11,30.88,89.99,0.771,-1,-1,-1
527,62,717.92,448.09,30.95,94.95,0.788,-1,-1,-1
527,67,543.44,464.01,26.21,72.18,0.717,-1,-1,-1
527,68,420.99,461.16,35.26,109.57,0.568,-1,-1,-1
527,69,1180.93,450.14,26.87,79.41,0.479,-1,-1,-1
527,70,1165.52,440.33,23.83,82.35,0.313,-1,-1,-1
528,5,1628.35,372.79,258.06,697.35,0.688,-1,-1,-1
528,33,1414.77,411.10,222.02,655.57,0.847,-1,-1,-1
528,44,987.58,443.27,119.77,280.70,0.837,-1,-1,-1
528,46,1076.38,431.46,98.08,243.52,0.859,-1,-1,-1
528,47,902.29,407.03,85.77,301.42,0.819,-1,-1,-1
528,48,575.06,450.69,30.51,84.15,0.777,-1,-1,-1
528,50,672.70,452.91,38.79,116.49,0.802,-1,-1,-1
528,51,798.68,430.98,88.51,258.68,0.841,-1,-1,-1
528,56,1563.73,411.62,150.09,582.09,0.822,-1,-1,-1
528,59,1016.41,448.57,19.66,38.34,0.591,-1,-1,-1
528,60,383.03,463.88,46.63,111.84,0.690,-1,-1,-1
528,61,647.95,456.73,30.36,89.38,0.755,-1,-1,-1
528,62,718.07,448.22,31.05,95.49,0.776,-1,-1,-1
528,67,543.32,462.93,26.83,74.02,0.557,-1,-1,-1
528,68,421.99,462.50,34.78,108.05,0.606,-1,-1,-1
528,69,1180.95,451.26,26.34,78.00,0.459,-1,-1,-1
528,70,1165.06,440.61,24.42,84.55,0.349,-1,-1,-1
529,5,1631.39,369.72,262.98,701.67,0.706,-1,-1,-1
529,33,1425.11,410.74,218.35,654.06,0.891,-1,-1,-1
529,44,991.96,445.09,116.74,278.61,0.822,-1,-1,-1
529,46,1083.18,431.07,98.01,242.93,0.855,-1,-1,-1
529,47,907.60,405.99,84.87,303.07,0.821,-1,-1,-1
529,48,575.34,449.52,31.08,85.75,0.782,-1,-1,-1
529,50,672.28,455.97,38.01,113.24,0.797,-1,-1,-1
529,51,802.17,431.46,89.16,257.97,0.830,-1,-1,-1
529,56,1574.16,411.76,154.28,591.27,0.821,-1,-1,-1
529,59,1015.95,448.82,21.28,38.80,0.678,-1,-1,-1
529,60,382.83,464.28,46.50,111.51,0.666,-1,-1,-1
529,61,647.40,456.74,30.20,89.74,0.713,-1,-1,-1
529,62,717.82,448.28,30.87,95.43,0.771,-1,-1,-1
529,67,542.99,463.34,26.56,73.51,0.667,-1,-1,-1
529,68,422.13,462.95,34.54,107.43,0.631,-1,-1,-1
529,69,1180.82,452.41,25.87,76.65,0.460,-1,-1,-1
529,70,1164.86,441.59,24.54,85.04,0.188,-1,-1,-1
530,5,1635.02,369.94,264.29,701.23,0.337,-1,-1,-1
530,33,1432.56,410.84,215.61,653.82,0.887,-1,-1,-1
530,44,997.88,445.62,115.09,277.53,0.841,-1,-1,-1
530,46,1088.66,430.98,97.76,243.12,0.809,-1,-1,-1
530,47,911.21,405.82,83.82,303.09,0.803,-1,-1,-1
530,48,575.66,450.44,30.77,85.03,0.753,-1,-1,-1
530,50,670.64,454.91,38.31,113.72,0.801,-1,-1,-1
530,51,808.81,432.21,91.29,256.45,0.869,-1,-1,-1
530,56,1584.22,410.21,156.79,597.09,0.843,-1,-1,-1
530,59,1014.58,448.72,23.39,41.18,0.577,-1,-1,-1
530,60,382.62,464.07,46.55,111.60,0.735,-1,-1,-1
530,61,647.26,456.49,29.92,89.94,0.699,-1,-1,-1
530,62,717.81,448.59,30.59,94.63,0.763,-1,-1,-1
530,67,542.21,462.71,26.74,74.37,0.618,-1,-1,-1
530,68,422.52,464.09,34.04,106.10,0.624,-1,-1,-1
530,69,1179.27,450.52,26.46,78.54,0.430,-1,-1,-1
530,70,1162.59,441.82,24.82,85.72,0.130,-1,-1,-1
531,5,1637.49,366.69,266.74,703.92,0.479,-1,-1,-1
531,33,1438.66,409.44,214.91,658.20,0.880,-1,-1,-1
531,44,1003.27,445.95,114.31,276.73,0.858,-1,-1,-1
531,46,1091.36,431.17,97.68,243.43,0.818,-1,-1,-1
531,47,914.55,408.08,82.24,300.12,0.815,-1,-1,-1
531,48,576.59,452.76,29.99,83.06,0.762,-1,-1,-1
531,50,669.09,453.88,38.50,114.34,0.788,-1,-1,-1
531,51,810.34,432.87,93.74,255.65,0.873,-1,-1,-1
531,56,1592.52,410.85,158.42,599.90,0.850,-1,-1,-1
531,59,1013.41,448.82,25.18,43.44,0.530,-1,-1,-1
531,60,382.27,463.98,46.67,111.62,0.781,-1,-1,-1
531,61,647.41,456.50,29.63,89.96,0.693,-1,-1,-1
531,62,717.64,448.83,30.26,93.57,0.757,-1,-1,-1
531,67,541.36,462.30,26.64,74.51,0.619,-1,-1,-1
531,68,421.97,463.82,34.12,106.62,0.607,-1,-1,-1
531,69,1179.05,449.37,26.68,79.86,0.574,-1,-1,-1
531,70,1162.72,440.81,25.24,87.42,0.118,-1,-1,-1
532,5,1644.40,367.51,267.70,704.06,0.713,-1,-1,-1
532,33,1448.34,410.31,214.08,656.68,0.855,-1,-1,-1
532,44,1008.04,446.58,113.98,275.70,0.885,-1,-1,-1
532,46,1093.56,432.14,96.86,242.87,0.814,-1,-1,-1
532,47,917.74,409.62,81.26,297.51,0.779,-1,-1,-1
532,48,577.34,453.98,29.60,81.97,0.772,-1,-1,-1
532,50,667.67,452.99,38.56,114.91,0.758,-1,-1,-1
532,51,811.66,433.92,96.35,254.35,0.887,-1,-1,-1
532,56,1601.97,412.21,160.46,600.51,0.854,-1,-1,-1
532,59,1012.54,448.73,27.67,46.89,0.697,-1,-1,-1
532,60,382.36,464.17,46.59,111.40,0.745,-1,-1,-1
532,61,647.30,455.69,29.69,90.91,0.655,-1,-1,-1
532,62,716.96,449.11,30.17,93.55,0.731,-1,-1,-1
532,67,541.89,462.76,26.54,74.29,0.671,-1,-1,-1
532,68,422.01,463.73,34.09,106.69,0.510,-1,-1,-1
532,69,1179.16,449.15,26.55,80.14,0.603,-1,-1,-1
532,70,1161.89,439.65,25.99,90.10,0.218,-1,-1,-1
533,5,1654.39,368.41,267.11,704.35,0.718,-1,-1,-1
533,33,1455.67,411.02,214.08,656.17,0.867,-1,-1,-1
533,44,1011.27,446.30,114.46,275.59,0.883,-1,-1,-1
533,46,1096.88,433.56,96.19,242.52,0.690,-1,-1,-1
533,47,922.14,410.51,81.56,296.89,0.836,-1,-1,-1
533,48,578.05,454.39,29.39,81.58,0.784,-1,-1,-1
533,50,666.26,451.72,38.74,115.98,0.771,-1,-1,-1
533,51,811.22,434.45,98.24,253.39,0.875,-1,-1,-1
533,56,1607.46,411.87,162.78,603.29,0.834,-1,-1,-1
533,59,1011.60,448.57,29.52,49.47,0.672,-1,-1,-1
533,60,382.51,464.36,46.53,111.19,0.759,-1,-1,-1
533,61,647.18,455.28,29.71,91.57,0.535,-1,-1,-1
533,62,717.14,449.45,30.42,93.94,0.752,-1,-1,-1
533,67,542.86,461.96,26.79,74.82,0.716,-1,-1,-1
533,68,422.48,464.60,33.79,105.77,0.585,-1,-1,-1
533,69,1179.47,449.09,26.37,80.18,0.343,-1,-1,-1
533,70,1162.13,440.27,26.01,90.02,0.194,-1,-1,-1
534,5,1681.68,366.74,260.07,700.01,0.736,-1,-1,-1
534,33,1457.84,411.51,214.22,655.91,0.863,-1,-1,-1
534,44,1014.99,445.68,115.95,276.37,0.896,-1,-1,-1
534,46,1096.71,434.43,95.04,242.54,0.676,-1,-1,-1
534,47,926.61,411.18,82.30,296.04,0.831,-1,-1,-1
534,48,578.42,454.13,29.50,81.95,0.782,-1,-1,-1
534,50,665.58,451.34,38.70,116.58,0.731,-1,-1,-1
534,51,813.76,434.15,101.03,253.54,0.892,-1,-1,-1
534,56,1612.20,411.56,165.69,608.23,0.848,-1,-1,-1
534,59,1011.52,448.58,32.22,53.44,0.725,-1,-1,-1
534,60,382.63,464.41,46.48,111.13,0.762,-1,-1,-1
534,61,647.91,454.41,29.68,92.69,0.644,-1,-1,-1
534,62,716.91,449.59,30.47,94.17,0.749,-1,-1,-1
534,67,543.47,461.74,26.85,74.88,0.700,-1,-1,-1
534,68,423.10,464.83,33.58,105.38,0.618,-1,-1,-1
534,69,1180.18,448.93,26.17,80.14,0.349,-1,-1,-1
534,70,1162.74,440.38,26.06,90.01,0.399,-1,-1,-1
535,5,1700.88,365.09,250.93,691.12,0.771,-1,-1,-1
535,33,1459.66,411.57,214.69,656.39,0.855,-1,-1,-1
535,44,1016.49,446.71,116.95,276.16,0.887,-1,-1,-1
535,46,1099.58,434.15,94.61,243.24,0.778,-1,-1,-1
535,47,928.65,409.97,83.62,297.04,0.824,-1,-1,-1
535,48,578.40,452.98,29.99,83.30,0.782,-1,-1,-1
535,50,665.31,451.22,38.49,116.53,0.724,-1,-1,-1
535,51,814.59,434.25,103.57,253.37,0.895,-1,-1,-1
535,56,1618.64,410.29,168.20,613.34,0.833,-1,-1,-1
535,59,1011.83,448.15,35.38,58.28,0.690,-1,-1,-1
535,60,383.00,463.95,46.74,111.70,0.748,-1,-1,-1
535,61,648.15,453.71,29.69,93.57,0.510,-1,-1,-1
535,62,716.48,449.31,30.58,94.83,0.740,-1,-1,-1
535,67,543.94,461.42,27.08,75.32,0.611,-1,-1,-1
535,68,421.69,462.31,34.66,108.25,0.574,-1,-1,-1
535,69,1180.02,447.50,26.44,81.39,0.133,-1,-1,-1
535,70,1164.04,440.98,25.39,87.52,0.184,-1,-1,-1
536,5,1712.63,367.49,245.78,695.12,0.789,-1,-1,-1
536,33,1460.33,411.60,215.13,656.17,0.874,-1,-1,-1
536,44,1016.55,447.58,117.90,276.28,0.875,-1,-1,-1
536,46,1099.94,433.01,94.03,244.99,0.827,-1,-1,-1
536,47,930.65,412.00,84.36,295.18,0.842,-1,-1,-1
536,48,578.55,452.50,30.18,84.09,0.781,-1,-1,-1
536,50,663.16,451.40,38.13,116.08,0.705,-1,-1,-1
536,51,814.86,434.90,105.39,252.57,0.900,-1,-1,-1
536,56,1624.01,409.72,169.05,613.28,0.814,-1,-1,-1
536,59,1010.52,447.82,37.96,62.83,0.692,-1,-1,-1
536,60,382.76,463.80,46.87,112.01,0.769,-1,-1,-1
536,61,648.16,453.31,29.61,93.98,0.423,-1,-1,-1
536,62,716.04,448.94,30.55,95.45,0.742,-1,-1,-1
536,67,544.22,462.42,26.77,74.40,0.551,-1,-1,-1
536,68,422.14,462.72,34.53,107.90,0.570,-1,-1,-1
536,70,1164.49,441.06,27.46,94.54,0.139,-1,-1,-1
537,5,1720.78,364.95,240.79,703.85,0.853,-1,-1,-1
537,33,1461.31,410.15,216.44,657.58,0.888,-1,-1,-1
537,44,1016.01,446.96,119.10,277.00,0.872,-1,-1,-1
537,46,1101.41,431.83,92.66,245.53,0.834,-1,-1,-1
537,47,931.54,412.44,85.75,294.86,0.874,-1,-1,-1
537,48,578.55,452.86,30.08,83.87,0.767,-1,-1,-1
537,50,661.37,451.07,37.97,116.37,0.720,-1,-1,-1
537,51,813.57,435.27,107.15,251.83,0.900,-1,-1,-1
537,56,1627.17,409.63,170.60,615.34,0.748,-1,-1,-1
537,59,1009.40,447.69,40.10,66.76,0.536,-1,-1,-1
537,60,382.59,463.68,46.90,112.15,0.780,-1,-1,-1
537,61,648.51,453.43,29.38,94.19,0.316,-1,-1,-1
537,62,716.28,448.65,30.31,95.27,0.758,-1,-1,-1
537,67,544.60,463.21,26.44,73.52,0.565,-1,-1,-1
537,68,421.27,462.39,34.84,108.36,0.574,-1,-1,-1
537,70,1165.05,441.66,29.04,100.38,0.454,-1,-1,-1
538,5,1727.88,364.33,235.89,707.93,0.773,-1,-1,-1
538,33,1464.94,410.14,218.34,658.04,0.891,-1,-1,-1
538,44,1015.57,449.08,119.12,274.66,0.901,-1,-1,-1
538,46,1103.42,432.45,91.21,245.46,0.795,-1,-1,-1
538,47,932.18,411.18,87.69,295.99,0.885,-1,-1,-1
538,48,578.82,453.46,29.88,83.20,0.795,-1,-1,-1
538,50,659.98,451.51,37.69,116.36,0.701,-1,-1,-1
538,51,812.76,434.10,109.30,252.54,0.899,-1,-1,-1
538,56,1630.87,409.80,170.03,608.02,0.779,-1,-1,-1
538,59,1007.84,447.58,41.78,70.43,0.622,-1,-1,-1
538,60,382.50,463.77,46.89,112.09,0.780,-1,-1,-1
538,61,648.67,453.99,28.97,93.88,0.443,-1,-1,-1
538,62,716.02,448.59,30.11,95.24,0.755,-1,-1,-1
538,67,544.75,463.59,26.38,73.17,0.626,-1,-1,-1
538,68,421.56,462.06,34.92,108.62,0.612,-1,-1,-1
538,70,1167.18,440.35,28.86,99.04,0.199,-1,-1,-1
539,5,1736.54,375.06,224.71,696.46,0.861,-1,-1,-1
539,33,1467.46,408.32,220.59,660.06,0.884,-1,-1,-1
539,44,1015.80,447.98,120.12,276.18,0.894,-1,-1,-1
539,46,1104.34,432.04,89.81,246.02,0.818,-1,-1,-1
539,47,932.68,410.94,89.46,296.39,0.868,-1,-1,-1
539,48,579.22,453.85,29.67,82.76,0.767,-1,-1,-1
539,50,658.48,452.67,36.94,114.87,0.769,-1,-1,-1
539,51,813.81,433.70,110.61,252.75,0.896,-1,-1,-1
539,56,1638.05,411.39,168.88,600.80,0.813,-1,-1,-1
539,59,1006.41,447.73,43.38,73.80,0.492,-1,-1,-1
539,60,382.70,463.84,47.01,112.11,0.774,-1,-1,-1
539,61,649.16,455.25,28.78,94.22,0.236,-1,-1,-1
539,62,715.70,448.29,30.10,95.57,0.763,-1,-1,-1
539,67,544.81,463.83,26.30,72.94,0.643,-1,-1,-1
539,68,420.64,462.07,35.12,108.66,0.568,-1,-1,-1
539,70,1166.67,442.23,29.23,100.69,0.182,-1,-1,-1
540,5,1745.21,380.50,215.45,690.24,0.857,-1,-1,-1
540,33,1471.68,408.04,221.86,659.91,0.880,-1,-1,-1
540,44,1015.86,441.04,122.94,283.29,0.863,-1,-1,-1
540,46,1105.45,431.76,88.53,246.51,0.817,-1,-1,-1
540,47,932.23,411.46,91.01,295.69,0.877,-1,-1,-1
540,48,579.00,454.65,29.58,81.89,0.751,-1,-1,-1
540,50,656.65,453.48,36.52,113.68,0.756,-1,-1,-1
540,51,814.71,433.05,111.65,253.12,0.900,-1,-1,-1
540,56,1642.03,410.25,169.65,600.66,0.784,-1,-1,-1
540,59,1005.29,447.92,43.56,75.09,0.681,-1,-1,-1
540,60,382.11,463.31,47.28,112.63,0.763,-1,-1,-1
540,61,650.07,455.30,28.81,94.39,-1.000,-1,-1,-1
540,62,714.76,448.06,30.05,95.63,0.776,-1,-1,-1
540,67,544.81,463.05,26.73,73.98,0.645,-1,-1,-1
540,68,421.16,461.84,35.05,108.64,0.609,-1,-1,-1
540,70,1169.32,442.31,30.02,103.78,0.462,-1,-1,-1
541,5,1752.52,383.70,208.47,687.96,0.815,-1,-1,-1
541,33,1476.20,408.18,222.87,659.23,0.855,-1,-1,-1
541,44,1022.37,440.97,121.74,283.21,0.861,-1,-1,-1
541,46,1106.57,431.60,87.76,247.07,0.716,-1,-1,-1
541,47,933.36,412.28,92.91,294.50,0.881,-1,-1,-1
541,48,579.07,455.76,29.35,80.61,0.751,-1,-1,-1
541,50,655.57,454.41,36.03,112.23,0.723,-1,-1,-1
541,51,816.81,432.14,112.14,253.31,0.895,-1,-1,-1
541,56,1644.78,411.23,170.12,599.84,0.799,-1,-1,-1
541,59,1005.05,448.14,43.22,75.82,0.749,-1,-1,-1
541,60,382.10,463.50,47.25,112.47,0.693,-1,-1,-1
541,61,650.98,455.35,28.85,94.55,-1.000,-1,-1,-1
541,62,714.52,447.92,30.12,96.06,0.770,-1,-1,-1
541,67,544.73,462.64,27.06,74.90,0.661,-1,-1,-1
541,68,421.12,460.86,35.32,109.55,0.590,-1,-1,-1
541,70,1172.74,443.66,30.21,103.95,0.562,-1,-1,-1
542,5,1759.96,385.32,201.40,686.25,0.822,-1,-1,-1
542,33,1481.77,409.55,223.91,658.56,0.837,-1,-1,-1
542,44,1027.73,443.56,119.60,280.57,0.870,-1,-1,-1
542,46,1108.07,431.98,86.50,246.87,0.807,-1,-1,-1
542,47,935.03,413.28,95.24,293.87,0.888,-1,-1,-1
542,48,578.92,456.02,29.57,80.37,0.765,-1,-1,-1
542,50,654.57,454.73,35.91,111.87,0.718,-1,-1,-1
542,51,818.14,431.92,112.54,253.84,0.888,-1,-1,-1
542,56,1649.30,413.11,171.33,599.46,0.785,-1,-1,-1
542,59,1004.75,448.50,43.29,77.33,0.737,-1,-1,-1
542,60,381.73,463.58,47.17,112.39,0.711,-1,-1,-1
542,61,651.89,455.40,28.88,94.72,-1.000,-1,-1,-1
542,62,714.27,447.70,30.28,96.65,0.759,-1,-1,-1
542,67,545.30,461.91,27.37,75.72,0.466,-1,-1,-1
542,68,418.57,459.50,36.26,111.74,0.621,-1,-1,-1
542,70,1173.47,443.39,30.51,105.31,0.110,-1,-1,-1
543,5,1769.29,400.13,191.39,671.45,0.787,-1,-1,-1
543,33,1486.43,409.68,224.44,658.66,0.813,-1,-1,-1
543,44,1031.82,440.13,119.95,283.88,0.858,-1,-1,-1
543,46,1109.95,431.93,85.18,247.05,0.798,-1,-1,-1
543,47,935.50,413.45,97.35,293.89,0.881,-1,-1,-1
543,48,578.68,455.74,30.01,80.92,0.743,-1,-1,-1
543,50,654.06,454.96,35.73,111.45,0.779,-1,-1,-1
543,51,822.64,431.42,112.06,254.16,0.880,-1,-1,-1
543,56,1653.12,412.04,173.63,601.22,0.810,-1,-1,-1
543,59,1004.62,448.73,43.24,78.48,0.635,-1,-1,-1
543,60,381.75,463.80,47.06,112.14,0.718,-1,-1,-1
543,61,652.80,455.45,28.92,94.89,-1.000,-1,-1,-1
543,62,713.88,447.57,30.58,97.06,0.754,-1,-1,-1
543,67,545.42,461.68,27.47,76.04,0.682,-1,-1,-1
543,68,419.62,460.20,35.81,110.54,0.585,-1,-1,-1
543,70,1176.46,444.84,29.02,99.98,0.115,-1,-1,-1
544,5,1775.05,396.23,186.91,675.02,0.757,-1,-1,-1
544,33,1497.20,408.68,225.68,660.32,0.832,-1,-1,-1
544,44,1037.44,437.00,119.40,286.86,0.853,-1,-1,-1
544,46,1112.90,432.78,83.77,246.27,0.785,-1,-1,-1
544,47,937.37,413.38,99.75,293.59,0.896,-1,-1,-1
544,48,579.14,455.16,30.52,81.75,0.754,-1,-1,-1
544,50,654.15,454.88,35.60,111.29,0.784,-1,-1,-1
544,51,828.84,430.57,111.33,254.69,0.864,-1,-1,-1
544,56,1656.71,412.50,175.14,600.14,0.806,-1,-1,-1
544,59,1004.78,448.85,43.41,79.99,0.571,-1,-1,-1
544,60,381.81,463.71,47.10,112.27,0.764,-1,-1,-1
544,61,653.72,455.50,28.96,95.05,-1.000,-1,-1,-1
544,62,714.76,447.74,30.63,96.84,0.745,-1,-1,-1
544,67,546.28,460.85,27.76,76.84,0.661,-1,-1,-1
544,68,419.41,460.41,35.92,110.71,0.577,-1,-1,-1
544,70,1181.76,444.88,29.98,101.54,0.403,-1,-1,-1
545,5,1781.79,410.12,178.19,660.85,0.745,-1,-1,-1
545,33,1510.36,407.28,225.59,660.09,0.747,-1,-1,-1
545,44,1048.13,440.48,116.27,282.89,0.744,-1,-1,-1
545,46,1115.68,431.95,82.94,247.46,0.777,-1,-1,-1
545,47,939.09,413.46,101.37,292.40,0.859,-1,-1,-1
545,48,579.65,454.40,30.91,82.52,0.720,-1,-1,-1
545,50,654.84,453.56,35.54,111.25,0.769,-1,-1,-1
545,51,836.30,429.61,110.49,255.29,0.866,-1,-1,-1
545,56,1659.75,412.55,176.67,600.55,0.740,-1,-1,-1
545,59,1005.72,448.96,42.42,79.08,0.515,-1,-1,-1
545,60,381.79,463.53,47.15,112.39,0.754,-1,-1,-1
545,61,654.63,455.55,28.99,95.22,-1.000,-1,-1,-1
545,62,715.18,447.90,30.73,96.85,0.776,-1,-1,-1
545,67,547.65,460.42,27.92,77.06,0.682,-1,-1,-1
545,68,419.38,460.57,36.00,110.77,0.571,-1,-1,-1
545,70,1184.74,446.11,29.56,99.23,0.111,-1,-1,-1
546,5,1790.24,447.03,165.20,625.53,0.692,-1,-1,-1
546,33,1520.23,406.13,222.76,658.02,0.846,-1,-1,-1
546,44,1058.17,440.87,113.97,282.20,0.781,-1,-1,-1
546,46,1118.48,438.42,79.59,240.46,0.709,-1,-1,-1
546,47,941.32,413.25,101.93,288.95,0.846,-1,-1,-1
546,48,579.95,453.77,31.10,82.84,0.704,-1,-1,-1
546,50,655.17,453.70,34.95,109.47,0.786,-1,-1,-1
546,51,843.75,429.04,109.09,255.77,0.845,-1,-1,-1
546,56,1660.26,414.05,177.61,597.33,0.809,-1,-1,-1
546,59,1006.02,449.33,42.08,79.03,0.230,-1,-1,-1
546,60,381.51,463.36,47.14,112.49,0.761,-1,-1,-1
546,61,655.54,455.60,29.03,95.39,-1.000,-1,-1,-1
546,62,714.86,448.52,30.66,96.29,0.779,-1,-1,-1
546,67,548.38,458.46,28.56,78.84,0.661,-1,-1,-1
546,68,419.09,459.47,36.33,112.06,0.585,-1,-1,-1
546,70,1188.18,445.18,31.00,101.47,0.413,-1,-1,-1
547,5,1794.40,439.80,162.99,634.05,0.701,-1,-1,-1
547,33,1527.34,405.83,219.98,658.28,0.883,-1,-1,-1
547,44,1063.78,437.86,112.89,285.49,0.776,-1,-1,-1
547,46,1121.73,439.94,77.91,238.74,0.674,-1,-1,-1
547,47,944.77,412.71,102.45,287.12,0.861,-1,-1,-1
547,48,581.18,453.59,31.12,82.94,0.710,-1,-1,-1
547,50,655.13,452.83,35.27,110.42,0.804,-1,-1,-1
547,51,851.60,427.73,107.73,256.89,0.744,-1,-1,-1
547,56,1665.52,413.92,179.15,598.03,0.823,-1,-1,-1
547,60,381.43,463.25,47.17,112.61,0.748,-1,-1,-1
547,61,656.45,455.65,29.06,95.55,-1.000,-1,-1,-1
547,62,714.89,448.61,30.66,96.32,0.753,-1,-1,-1
547,67,548.67,454.53,29.98,82.70,0.622,-1,-1,-1
547,68,418.47,459.08,36.51,112.46,0.566,-1,-1,-1
547,70,1189.30,444.18,32.41,103.23,0.409,-1,-1,-1
548,5,1798.03,433.56,160.66,640.44,0.645,-1,-1,-1
548,33,1534.10,406.12,218.16,659.11,0.886,-1,-1,-1
548,44,1068.04,436.93,110.82,286.21,0.790,-1,-1,-1
548,46,1126.52,440.76,76.30,237.58,0.592,-1,-1,-1
548,47,947.77,413.85,102.84,286.14,0.845,-1,-1,-1
548,48,582.16,453.91,30.91,82.66,0.740,-1,-1,-1
548,50,654.85,451.89,35.68,111.70,0.792,-1,-1,-1
548,51,857.47,426.89,106.57,257.84,0.718,-1,-1,-1
548,56,1674.00,413.76,180.79,601.41,0.836,-1,-1,-1
548,60,381.37,463.56,47.06,112.31,0.768,-1,-1,-1
548,61,657.37,455.70,29.10,95.72,-1.000,-1,-1,-1
548,62,715.79,449.35,30.45,95.61,0.752,-1,-1,-1
548,67,549.29,454.31,30.12,82.89,0.676,-1,-1,-1
548,68,418.54,459.42,36.42,112.17,0.604,-1,-1,-1
548,70,1192.46,445.19,32.96,103.18,0.587,-1,-1,-1
549,5,1800.29,427.73,159.37,645.74,0.450,-1,-1,-1
549,33,1539.71,404.58,216.98,660.47,0.866,-1,-1,-1
549,44,1073.72,435.25,109.93,288.07,0.789,-1,-1,-1
549,46,1130.44,439.28,75.81,238.97,0.471,-1,-1,-1
549,47,950.71,413.31,103.34,287.18,0.838,-1,-1,-1
549,48,583.48,454.80,30.39,81.83,0.755,-1,-1,-1
549,50,654.21,451.88,35.54,111.44,0.786,-1,-1,-1
549,51,862.13,426.18,105.34,258.41,0.689,-1,-1,-1
549,56,1681.68,412.43,182.07,603.88,0.804,-1,-1,-1
549,60,381.38,463.54,47.06,112.33,0.746,-1,-1,-1
549,61,658.28,455.75,29.14,95.89,-1.000,-1,-1,-1
549,62,716.01,449.77,30.47,95.31,0.752,-1,-1,-1
549,67,549.97,454.61,30.05,82.70,0.677,-1,-1,-1
549,68,417.99,459.03,36.60,112.53,0.615,-1,-1,-1
549,70,1192.27,444.27,34.29,104.99,0.580,-1,-1,-1
550,5,1803.82,427.25,157.53,644.79,0.101,-1,-1,-1
550,33,1545.40,403.55,212.24,649.96,0.885,-1,-1,-1
550,44,1079.84,434.79,109.24,288.61,0.804,-1,-1,-1
550,46,1131.78,436.80,76.37,242.24,0.309,-1,-1,-1
550,47,955.01,412.37,102.75,287.05,0.838,-1,-1,-1
550,48,584.63,454.78,30.15,81.94,0.755,-1,-1,-1
550,50,653.57,451.13,35.74,112.23,0.782,-1,-1,-1
550,51,867.28,427.82,102.80,256.64,0.700,-1,-1,-1
550,56,1690.94,411.71,182.14,602.43,0.855,-1,-1,-1
550,60,381.41,463.73,46.97,112.14,0.741,-1,-1,-1
550,61,659.19,455.79,29.17,96.05,-1.000,-1,-1,-1
550,62,716.26,449.88,30.62,95.38,0.764,-1,-1,-1
550,67,550.52,456.01,29.61,81.35,0.688,-1,-1,-1
550,68,417.77,459.28,36.58,112.36,0.597,-1,-1,-1
550,70,1192.19,444.21,35.32,105.42,0.682,-1,-1,-1
551,33,1550.78,402.81,211.96,651.33,0.842,-1,-1,-1
551,44,1083.62,436.02,108.02,287.34,0.825,-1,-1,-1
551,46,1134.91,438.51,74.81,240.07,0.473,-1,-1,-1
551,47,958.93,412.09,101.85,287.39,0.784,-1,-1,-1
551,48,584.94,454.50,30.11,82.35,0.760,-1,-1,-1
551,50,653.09,451.00,35.69,112.47,0.781,-1,-1,-1
551,51,869.30,428.44,101.13,255.65,0.720,-1,-1,-1
551,56,1695.29,410.30,184.06,607.13,0.644,-1,-1,-1
551,60,381.45,463.42,47.16,112.46,0.738,-1,-1,-1
551,61,660.10,455.84,29.21,96.22,-1.000,-1,-1,-1
551,62,716.94,449.66,30.89,95.81,0.763,-1,-1,-1
551,67,550.52,456.56,29.40,80.92,0.632,-1,-1,-1
551,68,417.74,457.44,37.16,113.71,0.595,-1,-1,-1
551,70,1192.25,446.14,35.61,103.67,0.692,-1,-1,-1
552,33,1558.08,402.47,215.00,659.57,0.840,-1,-1,-1
552,44,1087.57,436.22,108.01,287.21,0.797,-1,-1,-1
552,46,1135.32,438.64,75.08,241.97,0.180,-1,-1,-1
552,47,965.04,411.65,100.47,287.38,0.732,-1,-1,-1
552,48,585.04,454.54,30.02,82.58,0.781,-1,-1,-1
552,50,652.84,450.34,36.05,113.31,0.789,-1,-1,-1
552,51,873.77,428.94,99.68,255.15,0.704,-1,-1,-1
552,56,1702.55,409.39,183.90,605.70,0.770,-1,-1,-1
552,60,381.55,463.28,47.25,112.63,0.736,-1,-1,-1
552,61,661.02,455.89,29.24,96.39,-1.000,-1,-1,-1
552,62,717.25,449.26,31.33,96.48,0.775,-1,-1,-1
552,67,551.19,457.12,29.34,80.58,0.674,-1,-1,-1
552,68,420.00,459.10,36.37,111.56,0.616,-1,-1,-1
552,70,1193.71,446.17,35.91,103.68,0.611,-1,-1,-1
553,33,1561.33,403.61,215.86,660.76,0.834,-1,-1,-1
553,44,1089.33,434.91,108.41,288.16,0.827,-1,-1,-1
553,46,1142.07,437.43,73.95,241.03,0.278,-1,-1,-1
553,47,972.64,410.94,97.62,284.26,0.762,-1,-1,-1
553,48,585.21,454.48,29.94,82.87,0.804,-1,-1,-1
553,50,652.22,451.00,35.79,112.51,0.784,-1,-1,-1
553,51,880.21,429.50,98.67,254.65,0.764,-1,-1,-1
553,56,1709.48,407.98,184.25,604.61,0.786,-1,-1,-1
553,60,381.70,462.94,47.40,112.97,0.733,-1,-1,-1
553,61,661.93,455.94,29.28,96.55,-1.000,-1,-1,-1
553,62,717.40,449.04,31.73,96.70,0.782,-1,-1,-1
553,67,551.22,457.08,29.46,80.81,0.569,-1,-1,-1
553,68,421.61,460.77,35.63,109.60,0.640,-1,-1,-1
553,70,1195.68,442.73,36.82,106.63,0.749,-1,-1,-1
554,33,1563.83,405.36,215.81,658.05,0.834,-1,-1,-1
554,44,1090.32,435.83,108.43,287.55,0.834,-1,-1,-1
554,46,1147.17,437.36,72.80,239.99,0.199,-1,-1,-1
554,47,979.71,411.41,96.77,286.83,0.694,-1,-1,-1
554,48,585.41,454.15,30.09,83.99,0.790,-1,-1,-1
554,50,650.87,451.35,35.55,112.20,0.738,-1,-1,-1
554,51,888.29,430.20,98.69,254.49,0.860,-1,-1,-1
554,56,1714.87,407.24,185.23,605.90,0.791,-1,-1,-1
554,60,381.41,462.96,47.38,112.95,0.748,-1,-1,-1
554,61,662.84,455.99,29.32,96.72,-1.000,-1,-1,-1
554,62,718.26,448.86,32.22,96.79,0.771,-1,-1,-1
554,67,550.61,456.38,29.77,81.84,0.550,-1,-1,-1
554,68,422.37,461.32,35.31,108.86,0.636,-1,-1,-1
554,70,1197.67,441.21,37.10,108.21,0.689,-1,-1,-1
555,33,1567.86,405.67,218.45,660.51,0.859,-1,-1,-1
555,44,1092.25,435.66,109.23,288.01,0.855,-1,-1,-1
555,46,1154.32,440.04,71.29,236.75,0.236,-1,-1,-1
555,47,986.05,410.85,95.66,289.41,0.770,-1,-1,-1
555,48,585.42,453.97,30.12,84.81,0.782,-1,-1,-1
555,50,649.64,453.84,34.63,109.73,0.730,-1,-1,-1
555,51,892.11,430.99,98.67,254.08,0.858,-1,-1,-1
555,56,1722.65,404.98,186.46,608.44,0.704,-1,-1,-1
555,60,381.54,463.66,47.14,112.26,0.655,-1,-1,-1
555,61,663.75,456.04,29.35,96.88,-1.000,-1,-1,-1
555,62,717.75,448.16,32.75,97.28,0.771,-1,-1,-1
555,67,550.55,458.53,29.03,79.93,0.651,-1,-1,-1
555,68,422.66,461.23,35.24,108.86,0.604,-1,-1,-1
555,70,1199.16,441.15,36.81,108.17,0.527,-1,-1,-1
556,33,1572.48,405.08,221.28,661.01,0.869,-1,-1,-1
556,44,1093.10,435.11,110.00,288.61,0.883,-1,-1,-1
556,46,1160.12,440.71,70.38,235.57,0.243,-1,-1,-1
556,47,993.29,411.05,94.57,289.88,0.779,-1,-1,-1
556,48,585.70,454.13,29.84,84.75,0.778,-1,-1,-1
556,50,648.79,455.42,34.10,108.41,0.760,-1,-1,-1
556,51,893.93,431.75,98.64,253.22,0.884,-1,-1,-1
556,56,1729.69,405.14,186.53,607.45,0.757,-1,-1,-1
556,60,381.49,463.39,47.24,112.53,0.738,-1,-1,-1
556,61,664.67,456.09,29.39,97.05,-1.000,-1,-1,-1
556,62,718.54,447.85,33.27,97.71,0.777,-1,-1,-1
556,67,549.74,456.39,29.84,82.58,0.602,-1,-1,-1
556,68,422.98,461.28,35.06,108.49,0.599,-1,-1,-1
556,70,1201.28,440.76,36.39,108.32,0.595,-1,-1,-1
557,33,1573.74,405.21,224.04,662.01,0.882,-1,-1,-1
557,44,1093.97,434.93,110.72,288.99,0.875,-1,-1,-1
557,46,1165.52,442.50,69.36,234.13,0.300,-1,-1,-1
557,47,998.89,410.83,94.23,290.11,0.771,-1,-1,-1
557,48,584.85,454.26,29.77,84.72,0.788,-1,-1,-1
557,50,648.35,456.18,33.87,107.96,0.752,-1,-1,-1
557,51,895.02,432.67,98.62,252.03,0.889,-1,-1,-1
557,56,1733.01,404.49,186.96,607.82,0.767,-1,-1,-1
557,60,381.72,463.68,47.17,112.31,0.760,-1,-1,-1
557,61,665.58,456.14,29.42,97.22,-1.000,-1,-1,-1
557,62,717.67,447.59,33.71,97.94,0.763,-1,-1,-1
557,67,549.57,453.23,30.90,85.85,0.617,-1,-1,-1
557,68,423.35,460.79,35.23,109.00,0.612,-1,-1,-1
557,70,1203.63,442.29,35.36,106.56,0.642,-1,-1,-1
558,33,1575.43,405.06,226.34,662.23,0.844,-1,-1,-1
558,44,1093.94,432.81,111.91,291.10,0.869,-1,-1,-1
558,46,1169.09,443.29,68.51,233.32,0.340,-1,-1,-1
558,47,1005.56,413.71,93.66,286.78,0.823,-1,-1,-1
558,48,584.95,454.18,29.69,84.97,0.766,-1,-1,-1
558,50,648.07,456.45,33.61,106.88,0.759,-1,-1,-1
558,51,896.31,432.42,99.27,252.06,0.891,-1,-1,-1
558,56,1736.80,403.30,187.35,609.98,0.704,-1,-1,-1
558,60,381.71,463.62,47.22,112.41,0.750,-1,-1,-1
558,61,666.49,456.19,29.46,97.38,-1.000,-1,-1,-1
558,62,717.74,447.59,33.99,98.13,0.723,-1,-1,-1
558,67,549.30,450.07,31.93,88.95,0.671,-1,-1,-1
558,68,423.71,460.24,35.31,109.30,0.580,-1,-1,-1
558,70,1205.80,441.70,35.02,107.28,0.679,-1,-1,-1
559,33,1577.01,404.50,228.44,662.42,0.813,-1,-1,-1
559,44,1095.68,434.72,111.61,288.61,0.836,-1,-1,-1
559,46,1171.53,442.71,68.31,233.68,0.128,-1,-1,-1
559,47,1010.69,415.55,93.63,284.13,0.831,-1,-1,-1
559,48,585.12,454.17,29.51,84.86,0.758,-1,-1,-1
559,50,647.84,456.65,33.33,105.45,0.761,-1,-1,-1
559,51,897.06,432.00,100.16,252.17,0.896,-1,-1,-1
559,56,1740.03,400.86,188.13,613.49,0.393,-1,-1,-1
559,60,381.58,463.58,47.24,112.50,0.768,-1,-1,-1
559,61,667.40,456.24,29.49,97.55,-1.000,-1,-1,-1
559,62,717.14,447.49,34.19,98.30,0.760,-1,-1,-1
559,67,549.17,448.50,32.42,90.84,0.673,-1,-1,-1
559,68,423.36,460.04,35.28,109.27,0.580,-1,-1,-1
559,70,1208.37,441.19,34.70,107.48,0.736,-1,-1,-1
560,33,1581.89,404.06,231.70,663.97,0.800,-1,-1,-1
560,44,1098.76,433.38,111.79,288.86,0.838,-1,-1,-1
560,46,1172.18,442.51,69.46,235.77,-1.000,-1,-1,-1
560,47,1009.89,415.91,93.30,283.59,0.850,-1,-1,-1
560,48,584.06,454.24,29.52,84.69,0.784,-1,-1,-1
560,50,646.44,458.03,32.66,103.42,0.720,-1,-1,-1
560,51,897.74,431.96,100.18,250.27,0.887,-1,-1,-1
560,56,1742.15,396.91,189.10,618.19,0.372,-1,-1,-1
560,60,381.65,463.71,47.21,112.34,0.746,-1,-1,-1
560,61,668.32,456.29,29.53,97.72,0.529,-1,-1,-1
560,62,716.83,447.95,34.06,98.49,0.757,-1,-1,-1
560,67,549.24,448.54,32.43,91.25,0.687,-1,-1,-1
560,68,423.77,460.22,35.20,109.04,0.596,-1,-1,-1
560,70,1211.12,440.80,34.94,108.52,0.750,-1,-1,-1
561,33,1585.45,402.89,235.87,666.95,0.853,-1,-1,-1
561,44,1103.16,436.00,108.95,281.31,0.827,-1,-1,-1
561,46,1172.83,442.32,70.61,237.85,-1.000,-1,-1,-1
561,47,1011.37,415.48,93.77,283.87,0.837,-1,-1,-1
561,48,583.67,453.77,29.70,85.04,0.750,-1,-1,-1
561,50,645.25,457.35,32.66,103.47,0.738,-1,-1,-1
561,51,898.92,431.83,100.38,249.62,0.875,-1,-1,-1
561,56,1745.50,395.09,188.72,620.26,0.517,-1,-1,-1
561,60,382.24,463.46,47.39,112.54,0.705,-1,-1,-1
561,61,669.16,456.36,29.32,98.00,0.407,-1,-1,-1
561,62,717.38,447.98,34.06,98.57,0.751,-1,-1,-1
561,67,549.75,449.48,31.99,90.35,0.705,-1,-1,-1
561,68,424.48,461.59,34.74,107.98,0.650,-1,-1,-1
561,70,1215.20,440.83,35.35,108.70,0.791,-1,-1,-1
562,33,1588.73,401.91,239.62,668.70,0.860,-1,-1,-1
562,44,1112.07,437.08,107.74,279.20,0.843,-1,-1,-1
562,46,1173.49,442.13,71.76,239.94,-1.000,-1,-1,-1
562,47,1015.32,416.42,94.62,282.69,0.816,-1,-1,-1
562,48,584.68,453.39,29.63,85.38,0.745,-1,-1,-1
562,50,644.33,455.60,32.87,104.57,0.725,-1,-1,-1
562,51,904.37,432.21,99.39,248.69,0.847,-1,-1,-1
562,56,1749.01,394.92,188.09,620.84,0.160,-1,-1,-1
562,60,382.46,463.67,47.20,112.10,0.741,-1,-1,-1
562,61,669.08,456.00,28.99,98.38,0.481,-1,-1,-1
562,62,717.89,448.22,33.86,97.98,0.792,-1,-1,-1
562,67,550.47,452.46,30.78,87.24,0.691,-1,-1,-1
562,68,424.20,460.96,34.82,108.57,0.604,-1,-1,-1
562,70,1218.32,441.05,35.66,108.35,0.770,-1,-1,-1
563,33,1592.77,401.49,242.54,669.18,0.851,-1,-1,-1
563,44,1119.44,435.32,107.12,279.37,0.835,-1,-1,-1
563,46,1174.14,441.94,72.91,242.02,-1.000,-1,-1,-1
563,47,1017.99,416.02,96.22,283.18,0.817,-1,-1,-1
563,48,583.58,453.13,29.96,85.65,0.752,-1,-1,-1
563,50,643.50,455.20,32.88,105.10,0.738,-1,-1,-1
563,51,907.04,431.77,99.18,250.20,0.859,-1,-1,-1
563,56,1751.46,390.86,188.50,628.67,0.592,-1,-1,-1
563,60,382.78,463.55,47.26,112.15,0.671,-1,-1,-1
563,61,669.74,455.87,28.10,95.94,0.523,-1,-1,-1
563,62,718.44,448.35,33.88,97.76,0.831,-1,-1,-1
563,67,551.05,453.28,30.60,86.89,0.688,-1,-1,-1
563,68,424.20,460.74,34.78,108.74,0.607,-1,-1,-1
563,70,1220.84,441.28,36.44,108.05,0.789,-1,-1,-1
564,33,1598.83,400.62,245.96,670.12,0.848,-1,-1,-1
564,44,1125.18,433.87,106.44,279.78,0.802,-1,-1,-1
564,46,1174.79,441.75,74.05,244.11,-1.000,-1,-1,-1
564,47,1019.22,416.56,97.39,282.58,0.793,-1,-1,-1
564,48,583.25,453.07,30.05,85.25,0.790,-1,-1,-1
564,50,642.85,453.88,33.14,106.24,0.748,-1,-1,-1
564,51,911.55,431.08,97.15,247.97,0.831,-1,-1,-1
564,56,1751.40,387.35,190.61,642.84,0.600,-1,-1,-1
564,60,383.31,463.28,47.50,112.50,0.728,-1,-1,-1
564,61,670.75,456.03,27.53,94.22,0.481,-1,-1,-1
564,62,718.86,448.64,33.88,97.70,0.820,-1,-1,-1
564,67,551.34,450.69,31.51,89.63,0.684,-1,-1,-1
564,68,423.89,460.02,35.04,109.61,0.582,-1,-1,-1
564,70,1222.57,442.82,36.63,106.69,0.789,-1,-1,-1
565,33,1604.84,400.06,248.33,670.64,0.827,-1,-1,-1
565,44,1131.80,433.56,105.69,280.24,0.776,-1,-1,-1
565,46,1175.45,441.55,75.20,246.19,-1.000,-1,-1,-1
565,47,1022.18,415.79,100.47,283.66,0.861,-1,-1,-1
565,48,582.83,452.65,30.25,85.34,0.773,-1,-1,-1
565,50,642.00,453.05,33.25,106.97,0.735,-1,-1,-1
565,51,917.98,430.87,94.99,246.56,0.745,-1,-1,-1
565,56,1753.28,388.59,189.74,645.84,0.514,-1,-1,-1
565,60,383.23,463.05,47.69,112.75,0.732,-1,-1,-1
565,61,669.97,455.68,27.45,94.97,0.555,-1,-1,-1
565,62,719.10,448.71,33.91,97.70,0.820,-1,-1,-1
565,67,551.69,449.95,31.57,89.61,0.712,-1,-1,-1
565,68,423.83,459.56,35.13,110.04,0.578,-1,-1,-1
565,70,1223.45,444.10,37.02,105.39,0.826,-1,-1,-1
566,33,1612.91,398.68,249.86,672.14,0.807,-1,-1,-1
566,44,1138.58,435.34,104.64,280.50,0.746,-1,-1,-1
566,46,1176.10,441.36,76.35,248.28,-1.000,-1,-1,-1
566,47,1021.52,414.52,102.36,284.87,0.810,-1,-1,-1
566,48,582.19,452.19,30.74,86.14,0.774,-1,-1,-1
566,50,641.69,452.45,33.47,107.77,0.749,-1,-1,-1
566,51,923.40,430.46,93.30,245.72,0.688,-1,-1,-1
566,56,1757.99,385.91,186.87,645.36,0.614,-1,-1,-1
566,60,382.99,463.20,47.65,112.54,0.587,-1,-1,-1
566,61,669.87,455.84,27.44,95.52,0.590,-1,-1,-1
566,62,718.92,448.88,34.27,98.83,0.826,-1,-1,-1
566,67,551.49,451.09,30.81,87.50,0.727,-1,-1,-1
566,68,424.22,460.18,34.91,109.45,0.620,-1,-1,-1
566,70,1224.49,444.76,37.53,105.70,0.692,-1,-1,-1
567,33,1624.80,397.91,250.07,671.93,0.761,-1,-1,-1
567,44,1143.95,436.50,103.40,280.39,0.757,-1,-1,-1
567,46,1176.76,441.17,77.50,250.36,-1.000,-1,-1,-1
567,47,1024.48,417.52,103.97,282.22,0.835,-1,-1,-1
567,48,583.05,451.99,30.90,86.86,0.763,-1,-1,-1
567,50,640.86,451.91,33.64,108.57,0.759,-1,-1,-1
567,51,927.60,430.24,91.90,244.87,0.690,-1,-1,-1
567,56,1764.51,386.63,181.40,638.73,0.703,-1,-1,-1
567,60,382.71,463.42,47.61,112.31,0.557,-1,-1,-1
567,61,669.67,455.77,27.52,96.33,0.631,-1,-1,-1
567,62,719.09,448.79,34.54,99.71,0.820,-1,-1,-1
567,67,551.02,450.88,30.95,88.14,0.682,-1,-1,-1
567,68,423.95,460.19,34.89,109.42,0.598,-1,-1,-1
567,70,1226.73,445.27,37.72,106.11,0.634,-1,-1,-1
568,33,1637.73,397.38,249.26,672.64,0.884,-1,-1,-1
568,44,1147.77,435.35,102.50,280.94,0.763,-1,-1,-1
568,46,1177.41,440.98,78.65,252.45,-1.000,-1,-1,-1
568,47,1023.58,415.12,107.52,285.24,0.872,-1,-1,-1
568,48,583.94,451.91,30.89,87.14,0.778,-1,-1,-1
568,50,640.08,453.08,33.17,107.06,0.769,-1,-1,-1
568,51,932.37,429.69,91.34,245.53,0.617,-1,-1,-1
568,56,1769.38,397.52,177.54,639.19,0.738,-1,-1,-1
568,60,382.22,463.55,47.73,112.48,0.720,-1,-1,-1
568,61,669.14,455.67,27.34,96.50,0.706,-1,-1,-1
568,62,719.18,448.48,34.77,100.39,0.820,-1,-1,-1
568,67,550.98,452.62,30.37,86.47,0.710,-1,-1,-1
568,68,423.97,461.06,34.64,108.94,0.656,-1,-1,-1
568,70,1228.63,444.02,38.36,108.03,0.603,-1,-1,-1
569,33,1649.61,397.55,247.38,672.66,0.876,-1,-1,-1
569,44,1152.81,435.15,101.56,280.21,0.803,-1,-1,-1
569,46,1178.06,440.78,79.79,254.53,-1.000,-1,-1,-1
569,47,1022.91,416.06,109.73,284.39,0.888,-1,-1,-1
569,48,584.80,452.21,31.03,87.86,0.779,-1,-1,-1
569,50,639.43,453.78,32.77,105.87,0.776,-1,-1,-1
569,51,938.43,430.97,89.27,244.00,0.655,-1,-1,-1
569,56,1768.17,397.73,176.40,644.42,0.686,-1,-1,-1
569,60,381.70,464.04,47.54,112.07,0.662,-1,-1,-1
569,61,668.26,455.08,27.50,97.33,0.704,-1,-1,-1
569,62,719.22,448.15,34.88,100.75,0.819,-1,-1,-1
569,67,551.27,455.46,29.59,84.25,0.688,-1,-1,-1
569,68,423.52,461.40,34.61,108.96,0.631,-1,-1,-1
569,70,1230.95,443.29,38.39,109.08,0.669,-1,-1,-1
570,33,1656.27,396.38,246.11,674.38,0.899,-1,-1,-1
570,44,1159.35,435.24,101.62,279.24,0.825,-1,-1,-1
570,46,1178.72,440.59,80.94,256.62,-1.000,-1,-1,-1
570,47,1021.51,414.38,112.51,285.86,0.898,-1,-1,-1
570,48,584.56,452.00,31.21,88.33,0.787,-1,-1,-1
570,50,638.37,454.22,32.51,105.11,0.763,-1,-1,-1
570,51,942.78,431.02,87.87,244.01,0.693,-1,-1,-1
570,56,1774.16,394.76,170.16,632.35,0.671,-1,-1,-1
570,60,381.33,464.48,47.37,111.60,0.530,-1,-1,-1
570,61,667.59,454.76,27.55,97.61,0.694,-1,-1,-1
570,62,719.22,447.99,34.94,101.02,0.824,-1,-1,-1
570,67,550.74,454.17,30.13,85.90,0.695,-1,-1,-1
570,68,423.77,462.92,34.05,107.26,0.550,-1,-1,-1
570,70,1233.23,443.42,37.97,108.97,0.650,-1,-1,-1
570,71,1118.76,430.72,33.36,146.01,0.728,-1,-1,-1
571,33,1662.53,395.23,245.51,676.37,0.902,-1,-1,-1
571,44,1165.00,435.52,102.69,278.29,0.838,-1,-1,-1
571,46,1179.37,440.40,82.09,258.70,-1.000,-1,-1,-1
571,47,1020.33,414.17,114.49,285.95,0.894,-1,-1,-1
571,48,583.73,451.85,31.44,88.87,0.784,-1,-1,-1
571,50,637.74,454.52,32.46,104.85,0.780,-1,-1,-1
571,51,947.18,431.03,86.82,244.10,0.770,-1,-1,-1
571,56,1782.02,393.39,165.13,625.84,0.618,-1,-1,-1
571,60,380.63,464.86,47.13,111.20,0.714,-1,-1,-1
571,61,667.34,454.68,27.61,97.95,0.718,-1,-1,-1
571,62,718.85,447.92,34.99,101.10,0.825,-1,-1,-1
571,67,550.70,455.21,29.80,84.96,0.710,-1,-1,-1
571,68,423.38,463.19,33.99,107.17,0.589,-1,-1,-1
571,70,1235.12,444.48,37.19,107.81,0.637,-1,-1,-1
571,71,1117.84,430.65,33.44,146.18,0.680,-1,-1,-1
572,33,1667.72,395.64,244.64,676.72,0.865,-1,-1,-1
572,44,1168.42,436.60,103.46,276.89,0.822,-1,-1,-1
572,46,1180.02,440.21,83.24,260.79,-1.000,-1,-1,-1
572,47,1021.15,414.43,115.69,285.39,0.880,-1,-1,-1
572,48,583.63,452.12,31.40,88.44,0.789,-1,-1,-1
572,50,637.75,454.72,32.39,104.60,0.771,-1,-1,-1
572,51,945.45,431.05,86.83,244.09,0.767,-1,-1,-1
572,56,1799.49,389.44,141.92,548.22,0.746,-1,-1,-1
572,60,380.27,464.60,47.10,111.45,0.734,-1,-1,-1
572,61,666.85,454.30,27.85,98.71,0.735,-1,-1,-1
572,62,719.33,447.65,35.12,101.36,0.848,-1,-1,-1
572,67,551.20,455.95,29.60,84.39,0.697,-1,-1,-1
572,68,423.12,462.14,34.30,108.25,0.559,-1,-1,-1
572,70,1237.31,442.48,37.46,109.71,0.494,-1,-1,-1
572,71,1117.06,430.10,33.64,146.75,0.651,-1,-1,-1
573,33,1672.55,396.01,244.13,678.05,0.870,-1,-1,-1
573,44,1169.84,437.76,104.97,275.52,0.906,-1,-1,-1
573,46,1180.68,440.02,84.39,262.87,-1.000,-1,-1,-1
573,47,1023.02,415.82,116.01,283.81,0.876,-1,-1,-1
573,48,583.96,452.14,31.49,88.61,0.788,-1,-1,-1
573,50,637.46,454.78,32.46,104.98,0.779,-1,-1,-1
573,51,947.18,431.50,87.12,244.15,0.800,-1,-1,-1
573,56,1812.31,398.14,125.55,492.74,0.692,-1,-1,-1
573,60,380.15,465.15,46.77,111.03,0.709,-1,-1,-1
573,61,667.11,454.82,27.79,98.49,0.729,-1,-1,-1
573,62,719.69,447.11,35.41,101.93,0.850,-1,-1,-1
573,67,551.90,457.20,29.32,83.36,0.722,-1,-1,-1
573,68,423.18,462.04,34.21,108.22,0.532,-1,-1,-1
573,70,1239.30,441.32,37.54,111.12,0.397,-1,-1,-1
573,71,1118.37,430.03,33.63,146.68,0.708,-1,-1,-1
574,33,1676.78,394.46,243.92,678.38,0.891,-1,-1,-1
574,44,1170.29,434.63,108.20,278.53,0.864,-1,-1,-1
574,46,1181.33,439.82,85.53,264.96,-1.000,-1,-1,-1
574,47,1026.35,415.79,116.12,283.66,0.866,-1,-1,-1
574,48,584.20,453.51,31.34,87.69,0.813,-1,-1,-1
574,50,637.28,454.29,32.67,105.59,0.783,-1,-1,-1
574,51,953.35,432.00,87.20,243.72,0.803,-1,-1,-1
574,56,1818.63,392.40,122.08,486.85,0.511,-1,-1,-1
574,60,380.16,464.98,46.75,111.27,0.643,-1,-1,-1
574,61,667.45,455.50,27.56,97.75,0.714,-1,-1,-1
574,62,720.12,446.86,35.90,102.85,0.856,-1,-1,-1
574,67,552.75,458.83,28.93,82.05,0.725,-1,-1,-1
574,68,424.04,463.15,33.71,106.82,0.536,-1,-1,-1
574,70,1241.38,439.92,37.50,112.32,0.489,-1,-1,-1
574,71,1118.99,430.10,33.60,146.51,0.719,-1,-1,-1
575,33,1678.82,394.15,243.85,678.03,0.913,-1,-1,-1
575,44,1173.82,438.79,108.89,274.44,0.854,-1,-1,-1
575,46,1181.99,439.63,86.68,267.04,-1.000,-1,-1,-1
575,47,1030.01,415.38,115.90,283.85,0.856,-1,-1,-1
575,48,584.27,453.95,31.55,87.65,0.787,-1,-1,-1
575,50,637.69,454.13,32.59,105.15,0.770,-1,-1,-1
575,51,958.11,431.95,87.72,243.63,0.808,-1,-1,-1
575,56,1821.68,389.61,123.25,498.20,0.319,-1,-1,-1
575,60,380.42,464.73,46.71,111.58,0.617,-1,-1,-1
575,61,667.82,455.75,27.55,97.64,0.711,-1,-1,-1
575,62,720.58,447.42,35.86,102.35,0.831,-1,-1,-1
575,67,553.15,459.22,29.00,82.20,0.721,-1,-1,-1
575,68,424.04,462.60,33.84,107.45,0.593,-1,-1,-1
575,70,1243.92,439.24,37.38,112.93,0.261,-1,-1,-1
575,71,1118.98,429.95,33.49,145.72,0.652,-1,-1,-1
576,33,1679.34,394.14,243.92,678.30,0.910,-1,-1,-1
576,44,1173.67,438.70,110.48,274.61,0.858,-1,-1,-1
576,46,1182.64,439.44,87.83,269.13,-1.000,-1,-1,-1
576,47,1034.31,414.54,115.29,284.74,0.860,-1,-1,-1
576,48,584.86,454.24,31.75,87.95,0.802,-1,-1,-1
576,50,637.85,453.42,32.82,105.61,0.761,-1,-1,-1
576,51,962.87,431.64,89.04,244.26,0.839,-1,-1,-1
576,56,1826.51,387.92,119.73,490.04,0.267,-1,-1,-1
576,60,380.53,464.70,46.53,111.78,0.714,-1,-1,-1
576,61,667.79,455.64,27.64,97.97,0.733,-1,-1,-1
576,62,721.43,448.28,35.77,102.12,0.806,-1,-1,-1
576,67,553.96,459.97,28.68,81.22,0.720,-1,-1,-1
576,68,424.07,462.74,33.73,107.52,0.646,-1,-1,-1
576,70,1247.20,438.67,37.16,113.69,0.477,-1,-1,-1
576,71,1119.27,430.00,33.61,146.23,0.675,-1,-1,-1
577,33,1678.95,395.31,244.25,679.03,0.894,-1,-1,-1
577,44,1173.90,439.77,111.61,273.69,0.813,-1,-1,-1
577,46,1183.29,439.25,88.98,271.21,-1.000,-1,-1,-1
577,47,1039.96,414.50,113.87,285.35,0.861,-1,-1,-1
577,48,585.03,453.94,31.86,87.90,0.809,-1,-1,-1
577,50,637.26,452.59,33.01,106.38,0.743,-1,-1,-1
577,51,966.39,431.54,90.63,244.60,0.840,-1,-1,-1
577,60,380.65,464.43,46.38,111.96,0.700,-1,-1,-1
577,61,667.77,455.58,27.73,98.51,0.732,-1,-1,-1
577,62,721.57,448.72,35.77,101.96,0.815,-1,-1,-1
577,67,554.18,459.97,28.65,81.00,0.732,-1,-1,-1
577,68,424.74,462.22,33.91,108.01,0.601,-1,-1,-1
577,70,1250.19,438.75,36.63,113.00,0.282,-1,-1,-1
577,71,1119.82,430.28,33.40,145.43,0.590,-1,-1,-1
578,33,1678.75,396.69,243.55,676.64,0.909,-1,-1,-1
578,44,1163.25,436.84,107.01,264.48,0.534,-1,-1,-1
578,46,1183.95,439.05,90.13,273.30,0.887,-1,-1,-1
578,47,1043.52,413.84,112.16,286.09,0.887,-1,-1,-1
578,48,586.26,453.33,31.74,88.12,0.782,-1,-1,-1
578,50,636.58,452.45,32.89,106.20,0.749,-1,-1,-1
578,51,969.15,434.35,91.23,240.92,0.858,-1,-1,-1
578,60,379.93,464.31,46.25,112.19,0.644,-1,-1,-1
578,61,667.47,455.63,27.86,98.71,0.740,-1,-1,-1
578,62,721.04,449.20,35.91,102.08,0.809,-1,-1,-1
578,67,554.41,460.79,28.32,79.92,0.734,-1,-1,-1
578,68,425.09,461.71,34.26,108.78,0.615,-1,-1,-1
578,70,1254.46,439.02,36.29,112.33,0.140,-1,-1,-1
578,71,1119.86,430.66,33.08,143.90,0.435,-1,-1,-1
579,33,1679.02,398.85,242.95,674.59,0.902,-1,-1,-1
579,44,1170.36,440.25,110.33,268.46,0.892,-1,-1,-1
579,46,1176.81,438.03,88.39,268.08,-1.000,-1,-1,-1
579,47,1047.91,413.55,110.31,287.24,0.854,-1,-1,-1
579,48,587.00,452.95,31.53,87.74,0.791,-1,-1,-1
579,50,636.14,452.42,32.58,105.62,0.780,-1,-1,-1
579,51,970.47,435.03,92.72,239.65,0.873,-1,-1,-1
579,60,379.42,464.32,45.94,112.21,0.646,-1,-1,-1
579,61,667.26,455.98,27.92,98.55,0.740,-1,-1,-1
579,62,721.70,449.56,35.95,102.06,0.812,-1,-1,-1
579,67,554.40,461.08,28.22,79.41,0.719,-1,-1,-1
579,68,425.20,461.78,34.44,108.88,0.629,-1,-1,-1
579,71,1121.11,432.78,32.77,142.12,0.564,-1,-1,-1
580,33,1679.39,400.60,242.44,673.11,0.912,-1,-1,-1
580,44,1173.72,439.00,113.05,272.01,0.861,-1,-1,-1
580,46,1169.68,437.01,86.65,262.86,-1.000,-1,-1,-1
580,47,1055.36,413.28,107.55,287.28,0.785,-1,-1,-1
580,48,587.53,452.32,31.56,88.19,0.769,-1,-1,-1
580,50,635.55,452.04,32.54,105.94,0.761,-1,-1,-1
580,51,970.42,435.63,94.13,238.81,0.882,-1,-1,-1
580,60,379.37,463.80,45.96,112.90,0.606,-1,-1,-1
580,61,667.33,455.69,28.24,99.15,0.759,-1,-1,-1
580,62,722.71,449.45,35.92,102.08,0.800,-1,-1,-1
580,67,555.07,460.79,28.45,79.77,0.730,-1,-1,-1
580,68,425.66,462.14,34.66,109.23,0.639,-1,-1,-1
580,71,1122.57,433.08,32.71,141.82,0.549,-1,-1,-1
581,33,1679.12,402.39,241.67,670.03,0.904,-1,-1,-1
581,44,1177.18,435.87,115.18,276.09,0.882,-1,-1,-1
581,46,1162.54,435.99,84.91,257.64,0.731,-1,-1,-1
581,47,1063.24,413.79,104.63,286.67,0.818,-1,-1,-1
581,48,588.13,452.79,30.92,86.46,0.782,-1,-1,-1
581,50,635.03,452.99,32.20,104.91,0.752,-1,-1,-1
581,51,970.34,436.78,94.95,236.84,0.869,-1,-1,-1
581,60,379.45,463.36,45.86,113.31,0.679,-1,-1,-1
581,61,667.01,455.07,28.68,100.12,0.747,-1,-1,-1
581,62,723.18,449.52,35.99,102.29,0.799,-1,-1,-1
581,67,555.66,460.70,28.64,79.98,0.727,-1,-1,-1
581,68,426.25,462.73,34.82,108.93,0.662,-1,-1,-1
581,71,1123.83,435.48,32.30,139.72,0.337,-1,-1,-1
582,33,1678.58,403.49,242.11,670.79,0.882,-1,-1,-1
582,44,1181.74,434.97,115.55,277.14,0.887,-1,-1,-1
582,46,1156.51,435.66,82.52,250.26,0.683,-1,-1,-1
582,47,1068.01,414.26,101.96,286.25,0.812,-1,-1,-1
582,48,588.90,452.97,30.49,85.50,0.771,-1,-1,-1
582,50,634.22,453.53,31.89,104.20,0.787,-1,-1,-1
582,51,969.52,436.52,96.59,236.94,0.893,-1,-1,-1
582,60,379.77,463.05,45.81,113.70,0.680,-1,-1,-1
582,61,666.81,454.52,29.00,100.80,0.710,-1,-1,-1
582,62,723.92,449.42,36.16,102.52,0.779,-1,-1,-1
582,67,556.23,460.83,28.52,79.68,0.757,-1,-1,-1
582,68,426.12,463.29,34.86,108.68,0.644,-1,-1,-1
582,71,1125.37,436.67,31.74,137.04,0.382,-1,-1,-1
583,33,1678.87,403.79,241.82,669.70,0.873,-1,-1,-1
583,44,1187.90,435.91,114.57,276.21,0.869,-1,-1,-1
583,46,1153.87,434.02,81.03,247.15,0.776,-1,-1,-1
583,47,1071.20,414.60,99.49,285.33,0.783,-1,-1,-1
583,48,588.73,452.68,30.85,86.81,0.796,-1,-1,-1
583,50,633.67,453.79,31.76,104.15,0.806,-1,-1,-1
583,51,970.52,436.81,97.40,236.25,0.877,-1,-1,-1
583,60,379.27,463.28,45.47,113.57,0.674,-1,-1,-1
583,61,666.46,453.97,29.40,101.75,0.710,-1,-1,-1
583,62,723.69,449.19,36.42,102.95,0.793,-1,-1,-1
583,67,555.97,459.52,28.95,81.21,0.684,-1,-1,-1
583,68,425.59,463.12,35.06,109.23,0.653,-1,-1,-1
583,71,1125.88,436.03,31.78,136.94,0.314,-1,-1,-1
584,33,1678.48,397.87,243.56,675.40,0.902,-1,-1,-1
584,44,1193.59,435.90,113.96,276.70,0.864,-1,-1,-1
584,46,1154.35,432.11,80.18,246.24,0.846,-1,-1,-1
584,47,1074.72,415.01,97.42,284.14,0.754,-1,-1,-1
584,48,588.96,452.58,30.84,86.97,0.804,-1,-1,-1
584,50,633.29,453.92,31.46,103.88,0.790,-1,-1,-1
584,51,971.69,436.09,98.26,236.73,0.879,-1,-1,-1
584,60,379.25,463.41,45.19,113.51,0.628,-1,-1,-1
584,61,666.23,453.56,29.78,102.68,0.662,-1,-1,-1
584,62,723.68,448.76,36.51,103.15,0.788,-1,-1,-1
584,67,556.22,460.24,28.75,80.87,0.693,-1,-1,-1
584,68,425.18,463.52,35.00,109.02,0.663,-1,-1,-1
584,71,1127.75,439.24,30.90,133.08,0.258,-1,-1,-1
585,33,1678.29,391.85,245.11,681.32,0.904,-1,-1,-1
585,44,1202.77,436.20,112.21,276.18,0.856,-1,-1,-1
585,46,1157.01,431.33,79.50,245.14,0.792,-1,-1,-1
585,47,1080.79,414.03,96.84,285.36,0.772,-1,-1,-1
585,48,588.49,452.69,31.12,87.41,0.813,-1,-1,-1
585,50,632.62,454.16,31.14,103.45,0.782,-1,-1,-1
585,51,973.92,436.63,98.01,235.41,0.846,-1,-1,-1
585,60,379.59,463.71,44.88,113.31,0.605,-1,-1,-1
585,61,666.18,453.36,30.00,102.80,0.700,-1,-1,-1
585,62,724.26,447.69,36.82,103.83,0.806,-1,-1,-1
585,67,556.26,459.78,28.95,81.77,0.703,-1,-1,-1
585,68,424.34,461.46,35.45,110.77,0.590,-1,-1,-1
586,33,1679.05,386.87,246.08,686.78,0.906,-1,-1,-1
586,44,1210.94,436.33,110.55,276.59,0.874,-1,-1,-1
586,46,1160.77,433.48,77.34,241.38,0.784,-1,-1,-1
586,47,1086.17,413.64,96.21,285.84,0.803,-1,-1,-1
586,48,587.81,452.82,31.45,87.63,0.826,-1,-1,-1
586,50,632.23,454.37,30.86,103.06,0.767,-1,-1,-1
586,51,977.63,438.72,97.07,233.56,0.871,-1,-1,-1
586,60,379.84,463.94,44.51,113.32,0.602,-1,-1,-1
586,61,666.39,453.57,30.21,103.00,0.679,-1,-1,-1
586,62,724.87,446.87,37.14,104.66,0.810,-1,-1,-1
586,67,556.65,462.04,28.08,79.76,0.734,-1,-1,-1
586,68,424.43,461.51,35.30,110.73,0.577,-1,-1,-1
587,33,1681.85,385.12,245.31,688.45,0.901,-1,-1,-1
587,44,1218.71,436.34,108.65,276.36,0.806,-1,-1,-1
587,46,1166.12,432.10,76.52,241.80,0.771,-1,-1,-1
587,47,1092.40,413.36,96.24,286.36,0.843,-1,-1,-1
587,48,588.35,453.06,31.52,87.59,0.803,-1,-1,-1
587,50,631.47,454.64,30.72,102.51,0.761,-1,-1,-1
587,51,980.98,436.80,96.56,233.63,0.853,-1,-1,-1
587,60,380.76,464.06,44.40,113.31,0.418,-1,-1,-1
587,61,666.83,453.74,30.51,103.06,0.752,-1,-1,-1
587,62,725.74,446.88,37.36,104.85,0.809,-1,-1,-1
587,67,557.45,463.35,27.46,78.47,0.688,-1,-1,-1
587,68,424.34,460.74,35.31,111.36,0.538,-1,-1,-1
588,33,1685.32,385.42,243.71,688.55,0.889,-1,-1,-1
588,44,1224.51,434.80,107.40,277.75,0.826,-1,-1,-1
588,46,1170.99,431.93,75.48,241.89,0.785,-1,-1,-1
588,47,1095.81,413.36,96.51,286.48,0.851,-1,-1,-1
588,48,588.62,453.29,31.61,87.85,0.799,-1,-1,-1
588,50,629.65,454.57,30.68,101.46,0.759,-1,-1,-1
588,51,984.93,435.62,95.76,233.55,0.839,-1,-1,-1
588,60,381.27,463.37,44.61,114.18,0.504,-1,-1,-1
588,61,666.79,453.77,31.00,103.56,0.773,-1,-1,-1
588,62,725.67,446.75,37.53,105.31,0.812,-1,-1,-1
588,67,557.69,463.40,27.32,78.56,0.699,-1,-1,-1
588,68,424.21,462.04,34.69,109.38,0.575,-1,-1,-1
589,33,1691.18,393.60,239.21,680.16,0.829,-1,-1,-1
589,44,1229.50,436.05,105.37,276.58,0.818,-1,-1,-1
589,46,1175.51,431.74,74.35,242.78,0.732,-1,-1,-1
589,47,1096.87,412.80,96.82,287.32,0.868,-1,-1,-1
589,48,588.38,453.64,31.57,87.89,0.803,-1,-1,-1
589,50,628.96,454.44,30.51,100.63,0.761,-1,-1,-1
589,51,989.95,434.31,94.92,234.44,0.843,-1,-1,-1
589,60,381.56,463.36,44.46,114.01,0.579,-1,-1,-1
589,61,666.15,453.77,31.44,103.95,0.767,-1,-1,-1
589,62,726.32,446.69,37.84,105.29,0.836,-1,-1,-1
589,67,557.55,463.35,27.23,78.74,0.696,-1,-1,-1
589,68,423.81,461.98,34.60,109.18,0.627,-1,-1,-1
590,33,1708.56,461.20,215.70,613.06,0.899,-1,-1,-1
590,44,1232.83,431.40,105.40,281.23,0.820,-1,-1,-1
590,46,1178.57,439.10,71.56,237.01,0.721,-1,-1,-1
590,47,1097.62,413.26,97.02,286.82,0.874,-1,-1,-1
590,48,587.99,453.91,31.53,87.87,0.796,-1,-1,-1
590,50,627.66,454.48,30.79,100.27,0.748,-1,-1,-1
590,51,997.14,433.00,94.51,235.55,0.817,-1,-1,-1
590,60,381.84,463.26,44.46,114.14,0.588,-1,-1,-1
590,61,666.02,454.09,31.63,103.60,0.736,-1,-1,-1
590,62,725.89,446.98,37.92,105.39,0.843,-1,-1,-1
590,67,556.66,459.90,28.23,82.26,0.697,-1,-1,-1
590,68,422.50,460.88,34.87,110.21,0.648,-1,-1,-1
591,33,1717.61,467.66,212.06,607.15,0.740,-1,-1,-1
591,44,1237.99,437.60,101.75,275.04,0.813,-1,-1,-1
591,46,1182.03,440.91,70.64,236.88,0.730,-1,-1,-1
591,47,1098.93,412.63,97.89,287.41,0.865,-1,-1,-1
591,48,587.77,454.19,31.36,87.60,0.783,-1,-1,-1
591,50,627.08,453.57,31.17,100.85,0.763,-1,-1,-1
591,51,1001.77,432.57,93.84,235.80,0.836,-1,-1,-1
591,60,381.73,463.20,44.31,114.15,0.476,-1,-1,-1
591,61,665.69,454.42,31.86,103.53,0.741,-1,-1,-1
591,62,726.30,447.44,37.83,104.79,0.804,-1,-1,-1
591,67,557.02,461.04,27.70,81.17,0.698,-1,-1,-1
591,68,422.09,461.06,34.77,110.08,0.665,-1,-1,-1
592,33,1728.51,478.32,206.97,596.73,0.483,-1,-1,-1
592,44,1241.73,433.37,102.09,279.10,0.823,-1,-1,-1
592,46,1185.81,436.20,71.20,241.24,0.766,-1,-1,-1
592,47,1099.45,413.91,98.19,286.28,0.880,-1,-1,-1
592,48,587.84,455.43,31.13,87.34,0.753,-1,-1,-1
592,50,627.12,452.97,31.40,101.43,0.766,-1,-1,-1
592,51,1005.52,432.74,92.78,235.75,0.800,-1,-1,-1
592,60,381.95,463.63,44.03,113.65,0.531,-1,-1,-1
592,61,665.86,454.65,32.19,103.61,0.729,-1,-1,-1
592,62,725.91,447.27,38.04,105.50,0.811,-1,-1,-1
592,67,556.27,458.62,28.48,84.01,0.672,-1,-1,-1
592,68,421.65,460.12,35.01,110.96,0.605,-1,-1,-1
593,33,1740.92,492.57,200.79,582.49,0.177,-1,-1,-1
593,44,1247.33,436.21,100.58,276.49,0.862,-1,-1,-1
593,46,1189.53,434.26,71.20,242.80,0.806,-1,-1,-1
593,47,1099.39,413.57,98.93,286.75,0.884,-1,-1,-1
593,48,587.74,455.80,30.94,87.24,0.753,-1,-1,-1
593,50,626.70,452.10,31.85,102.21,0.774,-1,-1,-1
593,51,1012.86,439.16,88.71,229.06,0.699,-1,-1,-1
593,60,381.93,463.69,43.98,113.61,0.723,-1,-1,-1
593,61,665.21,455.00,32.27,103.18,0.733,-1,-1,-1
593,62,726.53,447.82,37.96,104.99,0.816,-1,-1,-1
593,67,555.30,456.92,29.18,86.51,0.681,-1,-1,-1
593,68,421.55,460.63,34.78,110.47,0.659,-1,-1,-1
594,44,1249.56,439.02,99.73,273.63,0.877,-1,-1,-1
594,46,1192.13,432.86,71.21,243.52,0.795,-1,-1,-1
594,47,1099.40,412.33,99.67,287.77,0.885,-1,-1,-1
594,48,587.27,456.13,30.80,86.90,0.781,-1,-1,-1
594,50,626.44,451.67,32.24,102.66,0.775,-1,-1,-1
594,51,1015.20,439.15,87.86,229.53,0.665,-1,-1,-1
594,60,382.23,464.35,43.74,112.96,0.695,-1,-1,-1
594,61,664.56,455.14,32.47,103.40,0.735,-1,-1,-1
594,62,726.08,447.87,37.87,105.01,0.774,-1,-1,-1
594,67,554.65,454.04,30.13,89.78,0.715,-1,-1,-1
594,68,421.32,460.36,34.78,110.71,0.659,-1,-1,-1
595,44,1250.66,438.09,100.20,274.51,0.891,-1,-1,-1
595,46,1194.35,432.18,71.21,244.00,0.807,-1,-1,-1
595,47,1099.76,413.27,99.67,286.75,0.888,-1,-1,-1
595,48,587.07,456.06,30.80,87.05,0.759,-1,-1,-1
595,50,625.63,452.14,32.56,102.45,0.760,-1,-1,-1
595,51,1017.96,439.15,86.72,229.41,0.691,-1,-1,-1
595,60,382.10,464.25,43.69,113.01,0.717,-1,-1,-1
595,61,663.99,454.87,32.66,103.74,0.752,-1,-1,-1
595,62,725.84,447.97,37.90,105.34,0.767,-1,-1,-1
595,67,554.92,453.38,30.20,90.71,0.704,-1,-1,-1
595,68,420.83,459.64,34.94,111.40,0.603,-1,-1,-1
596,44,1251.36,434.67,101.44,277.71,0.892,-1,-1,-1
596,46,1196.02,432.04,71.43,244.67,0.826,-1,-1,-1
596,47,1100.14,413.02,99.74,285.96,0.872,-1,-1,-1
596,48,586.73,455.68,30.80,87.34,0.789,-1,-1,-1
596,50,625.44,453.05,32.57,101.64,0.763,-1,-1,-1
596,51,1023.06,439.54,85.49,228.93,0.736,-1,-1,-1
596,60,382.13,464.54,43.55,112.76,0.691,-1,-1,-1
596,61,663.96,454.68,32.82,103.84,0.736,-1,-1,-1
596,62,725.40,448.16,37.94,105.88,0.794,-1,-1,-1
596,67,555.02,454.99,29.49,89.18,0.675,-1,-1,-1
596,68,419.96,460.43,34.77,110.97,0.584,-1,-1,-1
597,44,1253.78,436.12,101.50,276.04,0.888,-1,-1,-1
597,46,1197.59,430.95,72.11,246.55,0.802,-1,-1,-1
597,47,1099.69,413.01,99.56,285.60,0.866,-1,-1,-1
597,48,586.31,454.82,31.10,88.34,0.777,-1,-1,-1
597,50,625.58,453.86,32.61,101.12,0.751,-1,-1,-1
597,51,1026.11,439.04,85.15,229.34,0.741,-1,-1,-1
597,60,382.01,464.71,43.39,112.59,0.727,-1,-1,-1
597,61,663.79,454.55,32.96,104.00,0.732,-1,-1,-1
597,62,725.34,448.04,38.03,106.70,0.798,-1,-1,-1
597,67,555.47,458.27,28.23,85.91,0.692,-1,-1,-1
597,68,420.81,461.72,34.28,109.62,0.600,-1,-1,-1
598,44,1255.27,432.11,103.13,280.14,0.853,-1,-1,-1
598,46,1198.59,432.30,72.23,245.94,0.834,-1,-1,-1
598,47,1100.95,413.88,99.03,284.49,0.870,-1,-1,-1
598,48,586.35,454.10,31.18,88.93,0.774,-1,-1,-1
598,50,625.94,454.63,32.48,100.20,0.759,-1,-1,-1
598,51,1029.24,438.36,85.86,229.99,0.800,-1,-1,-1
598,60,382.23,464.07,43.60,113.26,0.710,-1,-1,-1
598,61,662.85,454.17,33.27,104.73,0.739,-1,-1,-1
598,62,725.40,447.95,38.20,107.72,0.773,-1,-1,-1
598,67,555.79,460.37,27.31,83.65,0.684,-1,-1,-1
598,68,421.65,459.70,34.86,111.72,0.634,-1,-1,-1
599,44,1257.06,435.61,102.24,276.50,0.859,-1,-1,-1
599,46,1199.45,433.23,72.51,245.46,0.828,-1,-1,-1
599,47,1103.36,414.61,98.46,283.13,0.868,-1,-1,-1
599,48,585.91,453.50,31.37,89.66,0.775,-1,-1,-1
599,50,625.06,454.82,32.54,99.41,0.755,-1,-1,-1
599,51,1031.02,437.95,86.38,230.97,0.769,-1,-1,-1
599,60,382.28,464.27,43.51,113.09,0.725,-1,-1,-1
599,61,662.83,454.10,33.37,104.79,0.707,-1,-1,-1
599,62,725.97,448.36,38.18,107.73,0.796,-1,-1,-1
599,67,554.70,456.31,28.63,87.69,0.594,-1,-1,-1
599,68,421.67,459.22,34.85,112.07,0.645,-1,-1,-1
600,44,1259.84,436.97,101.83,275.32,0.879,-1,-1,-1
600,46,1200.51,434.25,72.95,244.88,0.840,-1,-1,-1
600,47,1107.36,414.33,96.51,278.60,0.838,-1,-1,-1
600,48,585.45,453.54,31.33,89.42,0.773,-1,-1,-1
600,50,624.36,454.57,33.23,99.74,0.767,-1,-1,-1
600,51,1035.05,437.45,87.32,231.55,0.817,-1,-1,-1
600,60,381.24,465.20,42.90,112.12,0.739,-1,-1,-1
600,61,662.18,453.90,33.56,105.32,0.738,-1,-1,-1
600,62,725.26,447.75,38.32,108.75,0.800,-1,-1,-1
600,67,554.80,457.75,28.09,86.25,0.684,-1,-1,-1
600,68,421.81,458.28,35.08,112.91,0.601,-1,-1,-1
