16,1,0.86,362.94,24.82,157.09,0.767,-1,-1,-1
17,1,1.70,356.92,25.73,162.49,0.837,-1,-1,-1
18,1,2.48,350.50,26.71,167.94,0.843,-1,-1,-1
19,1,2.95,329.98,29.95,187.39,0.836,-1,-1,-1
20,1,3.87,320.90,31.70,196.54,0.860,-1,-1,-1
21,1,5.07,316.95,32.85,200.78,0.880,-1,-1,-1
22,1,6.07,316.77,33.75,202.44,0.890,-1,-1,-1
23,1,7.11,316.77,34.71,203.47,0.886,-1,-1,-1
24,1,8.64,317.02,35.90,203.91,0.896,-1,-1,-1
25,1,9.44,318.06,37.13,203.87,0.905,-1,-1,-1
26,1,10.33,317.66,38.74,204.49,0.916,-1,-1,-1
27,1,10.98,318.33,40.14,203.35,0.911,-1,-1,-1
28,1,11.42,318.20,41.69,202.63,0.908,-1,-1,-1
29,1,12.47,317.71,43.65,202.47,0.911,-1,-1,-1
30,1,12.76,316.17,45.88,203.73,0.906,-1,-1,-1
31,1,13.49,316.86,47.76,202.61,0.900,-1,-1,-1
32,1,14.29,317.96,49.92,202.05,0.906,-1,-1,-1
33,1,14.69,319.23,52.12,202.34,0.900,-1,-1,-1
34,1,16.94,320.59,54.16,202.29,0.901,-1,-1,-1
35,1,19.21,321.05,55.99,202.26,0.903,-1,-1,-1
36,1,21.72,321.42,57.69,202.10,0.895,-1,-1,-1
37,1,23.78,320.99,59.26,202.18,0.893,-1,-1,-1
38,1,26.12,320.85,60.54,201.31,0.893,-1,-1,-1
39,1,29.26,320.20,61.93,200.95,0.902,-1,-1,-1
40,1,31.98,319.24,63.20,200.65,0.913,-1,-1,-1
41,1,34.36,319.44,64.40,200.60,0.908,-1,-1,-1
42,1,36.73,318.77,65.77,201.52,0.905,-1,-1,-1
43,1,39.24,320.14,66.71,201.10,0.910,-1,-1,-1
44,1,42.27,321.22,67.74,201.40,0.907,-1,-1,-1
45,1,45.28,321.53,68.69,201.72,0.910,-1,-1,-1
46,1,48.35,321.71,69.52,201.69,0.911,-1,-1,-1
47,1,51.00,321.78,70.23,201.72,0.904,-1,-1,-1
48,1,53.61,321.20,70.92,201.73,0.902,-1,-1,-1
49,1,56.54,321.07,71.33,201.07,0.899,-1,-1,-1
50,1,59.90,320.32,71.89,201.04,0.901,-1,-1,-1
51,1,62.88,319.92,72.36,200.89,0.890,-1,-1,-1
52,1,65.48,319.64,72.81,200.90,0.896,-1,-1,-1
53,1,68.12,319.74,73.35,201.19,0.883,-1,-1,-1
54,1,71.35,320.93,73.87,201.50,0.896,-1,-1,-1
55,1,74.57,322.31,74.17,201.32,0.900,-1,-1,-1
56,1,77.16,321.93,74.90,202.36,0.899,-1,-1,-1
57,1,80.30,322.57,75.08,201.97,0.904,-1,-1,-1
58,1,83.35,322.23,75.27,201.67,0.894,-1,-1,-1
58,2,1261.44,346.44,18.65,193.54,0.717,-1,-1,-1
59,1,86.89,321.68,75.56,201.42,0.897,-1,-1,-1
59,2,1259.54,337.56,19.74,204.65,0.772,-1,-1,-1
60,1,90.12,321.20,75.67,200.87,0.900,-1,-1,-1
60,2,1257.82,335.41,20.20,208.22,0.851,-1,-1,-1
61,1,93.28,320.34,75.83,200.72,0.884,-1,-1,-1
61,2,1256.01,334.46,20.72,211.53,0.848,-1,-1,-1
62,1,95.94,320.43,76.09,200.88,0.887,-1,-1,-1
62,2,1254.02,334.31,21.24,213.08,0.870,-1,-1,-1
62,3,806.39,229.81,284.11,153.22,0.926,-1,-1,-1
63,1,98.76,319.96,76.38,201.13,0.887,-1,-1,-1
63,2,1252.16,334.89,21.83,213.83,0.877,-1,-1,-1
63,3,804.68,229.77,282.75,152.48,0.915,-1,-1,-1
64,1,102.33,321.16,76.66,201.29,0.899,-1,-1,-1
64,2,1250.34,334.66,22.48,213.36,0.885,-1,-1,-1
64,3,803.59,229.11,281.69,151.83,0.917,-1,-1,-1
65,1,105.38,322.20,76.90,201.49,0.907,-1,-1,-1
65,2,1248.56,334.84,23.21,211.54,0.903,-1,-1,-1
65,3,801.38,228.47,279.63,150.67,0.934,-1,-1,-1
66,1,108.18,321.95,77.39,202.26,0.901,-1,-1,-1
66,2,1246.46,334.79,24.20,210.48,0.893,-1,-1,-1
66,3,798.62,228.72,279.90,150.77,0.933,-1,-1,-1
67,1,111.48,321.70,77.69,202.68,0.899,-1,-1,-1
67,2,1244.22,334.12,25.47,210.02,0.902,-1,-1,-1
67,3,795.56,228.29,281.41,151.56,0.935,-1,-1,-1
68,1,114.50,322.78,77.47,201.76,0.898,-1,-1,-1
68,2,1242.09,333.28,26.87,209.92,0.892,-1,-1,-1
68,3,792.20,228.46,282.53,152.15,0.947,-1,-1,-1
69,1,118.02,322.17,77.61,201.83,0.897,-1,-1,-1
69,2,1239.75,333.57,28.52,209.95,0.905,-1,-1,-1
69,3,789.66,229.06,282.84,152.31,0.933,-1,-1,-1
70,1,121.02,321.32,77.70,201.74,0.901,-1,-1,-1
70,2,1237.33,334.46,30.28,209.34,0.913,-1,-1,-1
70,3,786.77,230.14,283.97,152.92,0.931,-1,-1,-1
71,1,123.84,320.13,77.84,202.03,0.889,-1,-1,-1
71,2,1234.71,334.99,32.18,209.44,0.911,-1,-1,-1
71,3,784.51,230.46,284.45,153.24,0.933,-1,-1,-1
72,1,127.17,320.60,77.57,201.16,0.893,-1,-1,-1
72,2,1231.15,335.54,33.95,209.70,0.897,-1,-1,-1
72,3,782.05,230.69,284.89,153.50,0.933,-1,-1,-1
73,1,130.08,320.03,77.65,201.24,0.888,-1,-1,-1
73,2,1227.20,335.63,35.57,210.29,0.889,-1,-1,-1
73,3,778.63,230.27,285.32,153.78,0.925,-1,-1,-1
74,1,133.77,320.60,77.90,201.37,0.896,-1,-1,-1
74,2,1223.60,335.74,37.12,210.39,0.896,-1,-1,-1
74,3,777.26,230.05,283.86,152.96,0.923,-1,-1,-1
75,1,136.86,322.13,77.92,201.25,0.906,-1,-1,-1
75,2,1219.95,335.56,38.56,209.73,0.913,-1,-1,-1
75,3,774.67,229.22,283.03,152.54,0.931,-1,-1,-1
76,1,139.68,322.79,78.19,201.89,0.903,-1,-1,-1
76,2,1216.41,335.60,39.91,208.96,0.914,-1,-1,-1
76,3,773.14,228.09,281.39,151.50,0.933,-1,-1,-1
77,1,143.29,322.99,78.43,202.17,0.908,-1,-1,-1
77,2,1212.56,335.02,41.17,208.84,0.912,-1,-1,-1
77,3,771.19,228.09,281.18,151.26,0.926,-1,-1,-1
78,1,146.02,323.14,78.53,202.34,0.898,-1,-1,-1
78,2,1208.72,334.01,42.33,208.84,0.901,-1,-1,-1
78,3,768.27,228.02,282.03,151.68,0.926,-1,-1,-1
79,1,149.66,323.18,78.49,201.82,0.903,-1,-1,-1
79,2,1205.15,333.59,43.42,208.97,0.893,-1,-1,-1
79,3,765.82,229.06,282.58,152.03,0.919,-1,-1,-1
80,1,152.86,322.54,78.45,201.59,0.900,-1,-1,-1
80,2,1201.62,334.08,44.50,209.05,0.906,-1,-1,-1
80,3,763.01,230.13,283.07,152.14,0.936,-1,-1,-1
81,1,155.41,320.33,78.85,202.87,0.885,-1,-1,-1
81,2,1198.10,335.05,45.40,208.55,0.913,-1,-1,-1
81,3,760.55,230.52,283.61,152.36,0.939,-1,-1,-1
82,1,158.68,320.01,78.59,202.27,0.889,-1,-1,-1
82,2,1194.74,335.48,46.35,208.72,0.913,-1,-1,-1
82,3,758.45,231.17,283.51,152.20,0.940,-1,-1,-1
83,1,161.59,319.09,78.66,202.46,0.891,-1,-1,-1
83,2,1191.15,335.80,47.25,209.15,0.897,-1,-1,-1
83,3,755.50,230.96,284.25,152.56,0.933,-1,-1,-1
84,1,165.56,320.16,78.61,201.92,0.899,-1,-1,-1
84,2,1187.69,335.98,48.03,209.74,0.894,-1,-1,-1
84,3,753.19,230.19,285.66,153.40,0.934,-1,-1,-1
85,1,168.69,321.80,78.51,201.64,0.906,-1,-1,-1
85,2,1184.22,335.74,48.62,209.39,0.883,-1,-1,-1
85,3,750.60,230.02,284.30,152.77,0.928,-1,-1,-1
86,1,171.52,322.64,78.76,202.06,0.898,-1,-1,-1
86,2,1181.10,335.64,49.19,208.84,0.918,-1,-1,-1
86,3,748.09,229.22,283.92,152.62,0.930,-1,-1,-1
87,1,174.97,322.98,78.88,202.26,0.909,-1,-1,-1
87,2,1177.74,335.21,49.74,208.52,0.911,-1,-1,-1
87,3,745.81,228.97,283.93,152.66,0.927,-1,-1,-1
88,1,177.91,323.11,78.94,202.43,0.899,-1,-1,-1
88,2,1174.50,334.90,50.15,207.88,0.910,-1,-1,-1
88,3,744.08,228.69,282.77,151.91,0.927,-1,-1,-1
89,1,180.84,323.04,79.06,202.65,0.907,-1,-1,-1
89,2,1171.00,334.00,50.64,208.06,0.897,-1,-1,-1
89,3,741.54,229.26,282.92,152.01,0.923,-1,-1,-1
90,1,184.52,323.33,78.72,201.71,0.905,-1,-1,-1
90,2,1167.97,334.28,51.06,207.88,0.895,-1,-1,-1
90,3,738.43,230.11,283.98,152.60,0.924,-1,-1,-1
91,1,187.75,322.00,78.58,201.43,0.889,-1,-1,-1
91,2,1164.71,334.53,51.61,208.41,0.909,-1,-1,-1
91,3,736.60,230.87,283.83,152.53,0.923,-1,-1,-1
92,1,190.81,321.36,78.58,201.55,0.887,-1,-1,-1
92,2,1161.60,335.37,51.98,208.09,0.913,-1,-1,-1
92,3,734.23,231.21,283.57,152.31,0.933,-1,-1,-1
92,4,447.34,261.45,101.28,169.45,0.899,-1,-1,-1
93,1,193.73,320.56,78.67,201.87,0.890,-1,-1,-1
93,2,1158.24,335.59,52.41,208.38,0.910,-1,-1,-1
93,3,731.62,231.38,283.28,152.06,0.942,-1,-1,-1
93,4,445.38,262.40,101.24,169.39,0.894,-1,-1,-1
94,1,197.49,320.75,78.69,201.69,0.898,-1,-1,-1
94,2,1155.02,335.95,52.72,208.44,0.896,-1,-1,-1
94,3,729.19,230.90,284.02,152.40,0.941,-1,-1,-1
94,4,444.01,263.64,100.97,168.93,0.909,-1,-1,-1
95,1,200.71,322.07,78.61,201.52,0.906,-1,-1,-1
95,2,1151.83,335.69,53.12,209.01,0.887,-1,-1,-1
95,3,725.88,230.07,285.25,153.05,0.942,-1,-1,-1
95,4,442.25,263.75,100.95,168.89,0.898,-1,-1,-1
96,1,203.44,322.62,78.84,202.09,0.901,-1,-1,-1
96,2,1148.79,335.58,53.39,208.91,0.900,-1,-1,-1
96,3,724.13,229.90,284.29,152.55,0.930,-1,-1,-1
96,4,441.08,262.96,101.03,168.99,0.899,-1,-1,-1
97,1,206.98,323.69,78.91,202.18,0.909,-1,-1,-1
97,2,1145.72,335.19,53.59,208.44,0.914,-1,-1,-1
97,3,722.31,229.82,284.10,152.49,0.934,-1,-1,-1
97,4,439.28,262.00,101.35,169.50,0.916,-1,-1,-1
98,1,209.68,323.90,79.04,202.49,0.895,-1,-1,-1
98,2,1142.62,334.96,53.71,207.79,0.900,-1,-1,-1
98,3,719.72,229.56,283.83,152.39,0.932,-1,-1,-1
98,4,438.31,262.55,100.79,168.45,0.883,-1,-1,-1
99,1,213.04,324.35,79.10,202.43,0.910,-1,-1,-1
99,2,1139.30,333.99,53.91,207.65,0.904,-1,-1,-1
99,3,716.64,230.20,284.38,152.83,0.927,-1,-1,-1
99,4,436.07,261.28,100.91,168.70,0.883,-1,-1,-1
100,1,215.88,323.72,79.21,202.41,0.907,-1,-1,-1
100,2,1136.31,333.68,54.07,207.65,0.891,-1,-1,-1
100,3,713.63,230.55,284.95,153.11,0.928,-1,-1,-1
100,4,434.43,260.64,100.98,168.92,0.883,-1,-1,-1
101,1,219.58,322.40,79.07,202.12,0.895,-1,-1,-1
101,2,1133.19,334.28,54.30,207.67,0.907,-1,-1,-1
101,3,712.11,231.24,283.81,152.36,0.926,-1,-1,-1
101,4,432.52,260.49,100.83,168.83,0.899,-1,-1,-1
102,1,222.60,321.96,78.96,201.95,0.894,-1,-1,-1
102,2,1130.11,334.51,54.63,208.14,0.917,-1,-1,-1
102,3,709.61,231.74,284.66,152.79,0.927,-1,-1,-1
102,4,430.53,261.16,100.74,168.80,0.902,-1,-1,-1
103,1,225.63,321.26,78.84,201.60,0.890,-1,-1,-1
103,2,1127.12,335.38,54.76,208.04,0.921,-1,-1,-1
103,3,707.50,232.09,283.78,152.27,0.925,-1,-1,-1
103,4,428.79,261.83,101.14,169.47,0.881,-1,-1,-1
104,1,229.61,321.03,78.96,201.55,0.903,-1,-1,-1
104,2,1123.98,336.05,54.90,207.85,0.909,-1,-1,-1
104,3,705.57,231.77,283.71,152.21,0.927,-1,-1,-1
104,4,427.82,262.99,100.92,169.05,0.910,-1,-1,-1
105,1,232.61,321.43,78.90,201.52,0.901,-1,-1,-1
105,2,1120.65,336.10,55.12,208.42,0.887,-1,-1,-1
105,3,702.03,230.93,284.84,152.86,0.920,-1,-1,-1
105,4,426.16,263.28,101.04,169.19,0.898,-1,-1,-1
106,1,235.59,322.39,79.14,202.08,0.901,-1,-1,-1
106,2,1117.76,335.94,55.20,208.36,0.894,-1,-1,-1
106,3,699.25,230.09,285.07,152.97,0.931,-1,-1,-1
106,4,425.00,263.44,101.13,169.18,0.902,-1,-1,-1
107,1,239.13,323.61,79.25,202.17,0.907,-1,-1,-1
107,2,1114.71,335.20,55.37,208.64,0.910,-1,-1,-1
107,3,697.36,229.48,284.66,152.79,0.936,-1,-1,-1
107,4,423.11,262.92,101.26,169.42,0.900,-1,-1,-1
108,1,241.83,323.96,79.31,202.42,0.902,-1,-1,-1
108,2,1111.81,335.15,55.28,207.67,0.900,-1,-1,-1
108,3,694.98,229.35,284.28,152.60,0.940,-1,-1,-1
108,4,421.52,262.01,101.37,169.76,0.893,-1,-1,-1
109,1,245.00,324.29,79.31,202.35,0.909,-1,-1,-1
109,2,1108.70,334.29,55.38,207.60,0.918,-1,-1,-1
109,3,692.72,229.84,284.40,152.69,0.930,-1,-1,-1
109,4,419.96,261.66,100.85,169.32,0.889,-1,-1,-1
110,1,247.85,324.38,79.38,202.30,0.909,-1,-1,-1
110,2,1105.50,333.77,55.49,207.78,0.895,-1,-1,-1
110,3,690.15,230.37,284.80,152.90,0.928,-1,-1,-1
110,4,418.81,260.78,100.47,169.18,0.903,-1,-1,-1
111,1,250.94,322.75,79.59,202.79,0.898,-1,-1,-1
111,2,1102.45,333.68,55.59,207.97,0.900,-1,-1,-1
111,3,687.94,230.86,284.36,152.64,0.935,-1,-1,-1
111,4,418.41,260.78,99.75,168.51,0.898,-1,-1,-1
112,1,254.41,322.05,79.41,202.41,0.889,-1,-1,-1
112,2,1099.39,333.63,55.77,208.36,0.907,-1,-1,-1
112,3,685.10,231.22,285.56,153.29,0.938,-1,-1,-1
112,4,417.42,261.08,99.45,168.82,0.910,-1,-1,-1
113,1,257.58,321.81,79.14,201.96,0.885,-1,-1,-1
113,2,1096.49,334.39,55.84,208.32,0.911,-1,-1,-1
113,3,682.67,231.45,285.29,153.11,0.933,-1,-1,-1
113,4,416.89,261.28,99.26,169.35,0.902,-1,-1,-1
114,1,261.08,321.87,79.00,201.67,0.897,-1,-1,-1
114,2,1093.67,335.40,55.83,208.08,0.918,-1,-1,-1
114,3,681.47,231.65,284.68,152.80,0.930,-1,-1,-1
114,4,416.69,262.68,98.58,169.10,0.923,-1,-1,-1
115,1,264.53,321.87,78.88,201.45,0.903,-1,-1,-1
115,2,1090.51,335.54,55.87,208.09,0.907,-1,-1,-1
115,3,679.96,231.60,283.53,152.32,0.932,-1,-1,-1
115,4,416.46,263.23,97.79,168.91,0.929,-1,-1,-1
116,1,267.26,322.53,79.03,201.89,0.901,-1,-1,-1
116,2,1087.51,336.35,55.73,207.47,0.894,-1,-1,-1
116,3,678.67,230.95,283.36,152.45,0.930,-1,-1,-1
116,4,416.30,263.46,97.16,168.99,0.926,-1,-1,-1
117,1,270.86,323.93,79.04,201.88,0.909,-1,-1,-1
117,2,1084.29,335.45,56.00,208.36,0.894,-1,-1,-1
117,3,677.59,229.99,283.54,152.87,0.924,-1,-1,-1
117,4,415.66,263.48,96.54,169.21,0.893,-1,-1,-1
118,1,273.83,324.84,79.09,202.08,0.902,-1,-1,-1
118,2,1081.36,334.95,55.90,207.81,0.906,-1,-1,-1
118,3,676.58,230.07,282.40,152.72,0.917,-1,-1,-1
118,4,415.74,262.33,96.03,169.56,0.884,-1,-1,-1
119,1,276.80,324.64,79.42,202.89,0.912,-1,-1,-1
119,2,1078.45,334.17,55.94,207.64,0.919,-1,-1,-1
119,3,675.71,230.16,281.30,152.65,0.922,-1,-1,-1
119,4,415.17,261.78,94.82,169.08,0.888,-1,-1,-1
120,1,279.70,324.53,79.34,202.52,0.905,-1,-1,-1
120,2,1075.46,332.86,56.06,207.88,0.912,-1,-1,-1
120,3,675.15,230.35,280.70,152.83,0.916,-1,-1,-1
120,4,414.85,261.48,93.75,169.01,0.896,-1,-1,-1
121,1,282.71,323.47,79.39,202.84,0.895,-1,-1,-1
121,2,1072.32,332.38,56.08,208.08,0.907,-1,-1,-1
121,3,675.11,230.80,278.85,152.32,0.924,-1,-1,-1
121,4,414.74,261.35,92.58,168.85,0.900,-1,-1,-1
122,1,286.41,322.31,79.42,202.95,0.906,-1,-1,-1
122,2,1069.44,332.97,56.12,208.05,0.901,-1,-1,-1
122,3,675.21,230.95,277.84,152.34,0.927,-1,-1,-1
122,4,414.28,261.36,91.39,168.75,0.901,-1,-1,-1
123,1,289.49,321.75,79.16,202.42,0.891,-1,-1,-1
123,2,1066.27,333.39,56.26,208.51,0.916,-1,-1,-1
123,3,674.25,231.76,277.21,152.69,0.924,-1,-1,-1
123,4,414.00,261.31,90.61,169.56,0.904,-1,-1,-1
124,1,293.27,321.69,79.01,201.98,0.898,-1,-1,-1
124,2,1063.36,334.39,56.26,208.22,0.915,-1,-1,-1
124,3,673.65,232.15,276.35,152.98,0.918,-1,-1,-1
124,4,413.98,261.89,89.51,169.66,0.904,-1,-1,-1
125,1,296.60,321.85,78.80,201.53,0.898,-1,-1,-1
125,2,1060.33,335.35,56.24,208.07,0.905,-1,-1,-1
125,3,672.99,231.83,274.34,152.73,0.929,-1,-1,-1
125,4,413.58,261.79,88.70,170.46,0.903,-1,-1,-1
126,1,299.52,321.74,79.12,202.24,0.902,-1,-1,-1
126,2,1057.09,335.47,56.33,208.38,0.900,-1,-1,-1
126,3,672.74,231.83,271.91,152.25,0.933,-1,-1,-1
126,4,413.66,262.61,87.52,170.44,0.902,-1,-1,-1
127,1,302.90,323.21,79.15,202.35,0.909,-1,-1,-1
127,2,1054.08,334.96,56.40,208.78,0.895,-1,-1,-1
127,3,672.64,231.21,270.62,152.42,0.927,-1,-1,-1
127,4,413.47,262.97,86.01,169.90,0.900,-1,-1,-1
128,1,305.62,323.77,79.34,202.99,0.900,-1,-1,-1
128,2,1051.24,334.84,56.26,208.08,0.898,-1,-1,-1
128,3,671.94,230.40,269.02,152.55,0.930,-1,-1,-1
128,4,412.63,262.34,84.90,170.09,0.856,-1,-1,-1
129,1,308.87,324.27,79.46,203.14,0.910,-1,-1,-1
129,2,1048.37,334.12,56.23,207.73,0.915,-1,-1,-1
129,3,671.43,229.87,267.53,152.77,0.923,-1,-1,-1
129,4,412.97,261.76,83.80,170.03,0.867,-1,-1,-1
130,1,311.64,324.42,79.57,203.25,0.910,-1,-1,-1
130,2,1045.21,333.04,56.37,208.16,0.914,-1,-1,-1
130,3,671.30,230.24,265.48,152.64,0.920,-1,-1,-1
130,4,412.55,261.67,82.02,169.10,0.871,-1,-1,-1
131,1,314.31,324.24,79.31,202.79,0.899,-1,-1,-1
131,2,1042.19,332.35,56.41,208.29,0.920,-1,-1,-1
131,3,671.12,230.89,263.76,152.74,0.913,-1,-1,-1
131,4,412.39,261.69,80.51,168.58,0.856,-1,-1,-1
132,1,318.54,323.54,79.36,202.70,0.898,-1,-1,-1
132,2,1039.21,332.42,56.34,208.13,0.895,-1,-1,-1
132,3,671.13,231.17,262.21,152.97,0.920,-1,-1,-1
132,4,412.17,261.62,79.17,168.44,0.853,-1,-1,-1
133,1,321.53,322.50,79.32,202.68,0.886,-1,-1,-1
133,2,1036.14,333.18,56.30,207.91,0.889,-1,-1,-1
133,3,670.63,231.95,260.79,153.33,0.915,-1,-1,-1
133,4,412.08,261.54,78.15,169.18,0.871,-1,-1,-1
134,1,325.35,322.93,78.99,201.77,0.896,-1,-1,-1
134,2,1033.15,333.46,56.40,208.21,0.906,-1,-1,-1
134,3,670.79,233.13,258.82,153.27,0.911,-1,-1,-1
134,4,412.16,261.76,77.09,169.57,0.853,-1,-1,-1
135,1,328.60,323.09,78.84,201.39,0.902,-1,-1,-1
135,2,1030.19,334.32,56.44,208.25,0.919,-1,-1,-1
135,3,670.50,232.76,256.62,153.16,0.914,-1,-1,-1
135,4,412.03,261.75,75.97,170.21,0.873,-1,-1,-1
136,1,331.31,322.31,79.12,202.07,0.899,-1,-1,-1
136,2,1027.16,334.60,56.47,208.27,0.919,-1,-1,-1
136,3,671.09,232.12,253.56,152.53,0.920,-1,-1,-1
136,4,412.31,262.44,74.61,170.34,0.890,-1,-1,-1
137,1,334.75,323.36,79.29,202.40,0.905,-1,-1,-1
137,2,1024.11,335.72,56.24,207.46,0.890,-1,-1,-1
137,3,670.75,231.84,251.53,152.52,0.916,-1,-1,-1
137,4,412.13,262.79,73.30,170.53,0.873,-1,-1,-1
138,1,337.63,323.96,79.51,203.03,0.895,-1,-1,-1
138,2,1021.08,334.55,56.34,207.88,0.884,-1,-1,-1
138,3,669.88,230.96,250.27,153.11,0.914,-1,-1,-1
138,4,412.00,263.43,71.55,169.63,0.863,-1,-1,-1
139,1,340.94,325.04,79.55,203.00,0.903,-1,-1,-1
139,2,1018.16,334.01,56.34,207.70,0.901,-1,-1,-1
139,3,669.38,230.70,248.37,153.31,0.909,-1,-1,-1
139,4,411.92,263.11,70.26,169.37,0.827,-1,-1,-1
140,1,343.70,325.30,79.70,203.24,0.907,-1,-1,-1
140,2,1015.42,333.19,56.37,207.56,0.906,-1,-1,-1
140,3,669.43,230.58,246.13,153.22,0.903,-1,-1,-1
140,4,411.51,262.08,68.99,169.55,0.846,-1,-1,-1
141,1,346.27,324.62,79.72,203.50,0.897,-1,-1,-1
141,2,1012.13,331.92,56.49,208.01,0.918,-1,-1,-1
141,3,669.59,231.25,243.35,152.76,0.898,-1,-1,-1
141,4,411.27,261.82,67.40,168.86,0.826,-1,-1,-1
142,1,350.20,324.63,79.45,202.73,0.890,-1,-1,-1
142,2,1008.93,331.65,56.57,208.31,0.906,-1,-1,-1
142,3,669.62,231.32,241.68,153.06,0.915,-1,-1,-1
142,4,411.01,261.42,65.98,168.81,0.833,-1,-1,-1
143,1,353.42,324.03,79.22,202.22,0.872,-1,-1,-1
143,2,1005.89,331.90,56.53,208.19,0.885,-1,-1,-1
143,3,668.93,231.95,240.17,153.45,0.890,-1,-1,-1
143,4,410.57,261.46,64.95,169.22,0.773,-1,-1,-1
144,1,356.68,322.68,79.46,202.54,0.885,-1,-1,-1
144,2,1003.02,332.91,56.54,208.06,0.898,-1,-1,-1
144,3,668.50,232.40,239.41,154.38,0.885,-1,-1,-1
144,4,410.12,261.39,64.34,169.94,0.659,-1,-1,-1
145,1,359.71,322.30,79.47,202.45,0.884,-1,-1,-1
145,2,1000.00,333.31,56.67,208.40,0.904,-1,-1,-1
145,3,667.98,232.83,237.41,154.53,0.879,-1,-1,-1
145,4,409.42,261.98,63.93,170.92,0.567,-1,-1,-1
146,1,362.69,321.59,79.69,203.05,0.873,-1,-1,-1
146,2,997.07,334.14,56.68,208.48,0.917,-1,-1,-1
146,3,667.99,232.91,234.22,153.84,0.886,-1,-1,-1
146,4,408.79,262.45,63.23,171.33,0.601,-1,-1,-1
147,1,366.52,322.37,79.57,202.52,0.844,-1,-1,-1
147,2,993.98,334.41,56.69,208.55,0.904,-1,-1,-1
147,3,667.97,232.11,231.90,153.71,0.890,-1,-1,-1
147,4,408.61,263.51,62.21,171.12,0.604,-1,-1,-1
148,1,370.09,323.29,79.96,203.11,0.821,-1,-1,-1
148,2,990.90,334.02,56.65,208.65,0.888,-1,-1,-1
148,3,667.88,231.78,229.09,153.25,0.890,-1,-1,-1
148,4,408.44,263.72,61.49,171.46,0.476,-1,-1,-1
149,1,373.04,324.17,80.22,203.64,0.865,-1,-1,-1
149,2,987.99,333.93,56.56,208.21,0.897,-1,-1,-1
149,3,667.58,231.84,226.71,153.03,0.876,-1,-1,-1
149,4,408.38,264.08,60.46,171.06,0.477,-1,-1,-1
150,1,375.68,324.97,80.10,203.34,0.870,-1,-1,-1
150,2,985.15,333.22,56.45,207.70,0.916,-1,-1,-1
150,3,666.69,230.98,225.13,153.45,0.883,-1,-1,-1
150,4,408.36,264.06,59.00,170.46,0.592,-1,-1,-1
151,1,378.51,325.28,80.05,203.20,0.880,-1,-1,-1
151,2,982.32,332.67,56.33,206.96,0.911,-1,-1,-1
151,3,666.62,231.20,222.66,153.17,0.873,-1,-1,-1
151,4,408.69,264.74,57.49,170.00,0.649,-1,-1,-1
152,1,382.39,325.17,79.94,202.86,0.890,-1,-1,-1
152,2,979.35,332.40,56.37,207.01,0.914,-1,-1,-1
152,3,666.64,231.27,221.26,153.84,0.896,-1,-1,-1
152,4,407.76,265.06,57.28,171.24,0.212,-1,-1,-1
153,1,385.49,324.99,79.60,202.15,0.902,-1,-1,-1
153,2,976.06,331.78,56.54,207.77,0.902,-1,-1,-1
153,3,666.78,232.05,219.20,154.04,0.878,-1,-1,-1
154,1,388.87,323.99,79.63,202.21,0.912,-1,-1,-1
154,2,973.06,332.05,56.62,208.13,0.891,-1,-1,-1
154,3,667.15,232.79,217.35,154.38,0.878,-1,-1,-1
155,1,391.76,323.75,79.58,201.95,0.903,-1,-1,-1
155,2,970.10,333.10,56.63,208.03,0.909,-1,-1,-1
155,3,666.93,233.14,215.97,155.26,0.912,-1,-1,-1
156,1,395.07,323.77,79.54,201.64,0.892,-1,-1,-1
156,2,967.13,333.60,56.72,208.21,0.922,-1,-1,-1
156,3,666.95,233.44,212.77,154.75,0.901,-1,-1,-1
157,1,398.64,323.49,79.73,202.06,0.902,-1,-1,-1
157,2,964.06,334.55,56.68,208.20,0.911,-1,-1,-1
157,3,667.79,232.88,209.07,153.73,0.900,-1,-1,-1
158,1,401.61,324.70,79.71,202.05,0.899,-1,-1,-1
158,2,960.91,334.01,56.76,208.53,0.904,-1,-1,-1
158,3,668.04,232.13,205.95,153.18,0.907,-1,-1,-1
159,1,404.98,325.20,80.08,202.67,0.917,-1,-1,-1
159,2,957.97,333.82,56.60,208.13,0.895,-1,-1,-1
159,3,668.01,232.20,202.50,152.22,0.880,-1,-1,-1
160,1,407.44,326.00,80.22,203.09,0.913,-1,-1,-1
160,2,955.07,332.99,56.63,208.30,0.903,-1,-1,-1
160,3,667.99,231.67,200.26,152.31,0.905,-1,-1,-1
161,1,410.10,326.23,80.12,203.24,0.902,-1,-1,-1
161,2,952.33,332.63,56.42,207.23,0.923,-1,-1,-1
161,3,667.96,231.69,197.99,152.22,0.884,-1,-1,-1
162,1,414.09,326.17,80.07,203.01,0.896,-1,-1,-1
162,2,949.25,331.80,56.35,206.79,0.917,-1,-1,-1
162,3,668.19,231.57,196.36,152.67,0.892,-1,-1,-1
163,1,417.22,325.44,80.01,202.98,0.892,-1,-1,-1
163,2,946.15,331.81,56.44,207.02,0.919,-1,-1,-1
163,3,667.92,232.01,194.38,153.06,0.903,-1,-1,-1
164,1,420.92,324.89,79.91,202.50,0.907,-1,-1,-1
164,2,943.05,331.49,56.58,207.78,0.900,-1,-1,-1
164,3,667.83,233.69,192.73,153.55,0.875,-1,-1,-1
165,1,423.58,323.93,79.86,202.35,0.903,-1,-1,-1
165,2,939.96,332.80,56.60,207.82,0.901,-1,-1,-1
165,3,667.12,233.83,191.44,154.39,0.873,-1,-1,-1
166,1,426.27,323.47,79.80,202.43,0.896,-1,-1,-1
166,2,937.16,333.89,56.59,207.64,0.914,-1,-1,-1
166,3,667.08,233.88,189.52,154.79,0.887,-1,-1,-1
167,1,430.34,323.05,79.92,202.68,0.900,-1,-1,-1
167,2,934.16,333.81,56.77,208.19,0.914,-1,-1,-1
167,3,666.95,234.67,186.83,154.45,0.868,-1,-1,-1
168,1,433.46,324.04,79.65,202.13,0.899,-1,-1,-1
168,2,931.15,334.40,56.64,207.72,0.917,-1,-1,-1
168,3,667.44,233.62,183.01,153.20,0.891,-1,-1,-1
169,1,436.57,324.67,79.96,202.90,0.909,-1,-1,-1
169,2,927.94,333.87,56.66,207.93,0.899,-1,-1,-1
169,3,667.58,232.34,179.94,152.61,0.900,-1,-1,-1
169,5,548.65,268.23,49.48,116.03,0.738,-1,-1,-1
170,1,439.38,325.73,80.13,203.32,0.905,-1,-1,-1
170,2,924.99,332.89,56.75,208.33,0.898,-1,-1,-1
170,3,668.06,232.87,176.14,151.33,0.896,-1,-1,-1
170,5,547.78,267.98,49.52,116.04,0.753,-1,-1,-1
171,1,442.10,326.10,80.02,203.29,0.898,-1,-1,-1
171,2,922.14,332.48,56.61,207.78,0.912,-1,-1,-1
171,3,668.08,233.37,172.96,150.54,0.888,-1,-1,-1
171,5,546.75,268.13,49.52,115.83,0.770,-1,-1,-1
172,1,445.99,325.99,80.16,203.57,0.900,-1,-1,-1
172,2,919.30,331.81,56.57,207.43,0.921,-1,-1,-1
172,3,668.30,234.14,170.47,149.93,0.837,-1,-1,-1
172,5,545.06,267.43,50.05,116.67,0.775,-1,-1,-1
173,1,449.11,325.71,80.01,203.35,0.897,-1,-1,-1
173,2,916.13,331.27,56.51,207.17,0.923,-1,-1,-1
173,3,668.26,236.12,168.41,149.56,0.795,-1,-1,-1
173,5,543.46,267.96,50.25,116.56,0.725,-1,-1,-1
174,1,452.53,324.96,80.04,203.34,0.899,-1,-1,-1
174,2,913.06,331.05,56.53,207.26,0.903,-1,-1,-1
174,3,669.04,238.82,165.82,148.51,0.756,-1,-1,-1
174,5,542.11,269.07,50.62,116.80,0.623,-1,-1,-1
175,1,455.71,324.66,79.80,202.59,0.901,-1,-1,-1
175,2,910.08,331.72,56.60,207.70,0.891,-1,-1,-1
175,3,670.37,243.46,161.28,145.31,0.692,-1,-1,-1
175,5,539.99,269.84,51.42,117.72,0.646,-1,-1,-1
176,1,458.33,324.46,79.61,202.34,0.895,-1,-1,-1
176,2,907.15,332.90,56.62,207.76,0.904,-1,-1,-1
176,3,670.31,244.07,159.69,144.93,0.669,-1,-1,-1
176,5,538.36,270.18,52.02,118.04,0.628,-1,-1,-1
177,1,462.49,324.46,79.62,202.30,0.896,-1,-1,-1
177,2,904.14,333.37,56.60,207.74,0.896,-1,-1,-1
177,3,672.01,244.69,154.09,140.68,0.719,-1,-1,-1
177,5,536.96,269.74,52.72,118.33,0.656,-1,-1,-1
178,1,465.58,324.45,79.56,202.30,0.886,-1,-1,-1
178,2,901.23,334.38,56.54,207.47,0.909,-1,-1,-1
178,3,674.87,247.31,145.08,132.65,0.530,-1,-1,-1
178,5,535.96,270.03,53.05,118.09,0.462,-1,-1,-1
179,1,468.54,324.90,79.81,202.88,0.899,-1,-1,-1
179,2,898.12,333.89,56.56,207.54,0.919,-1,-1,-1
179,3,684.11,249.80,124.11,112.32,0.341,-1,-1,-1
179,5,534.96,269.41,53.50,117.99,0.443,-1,-1,-1
180,1,471.48,325.75,79.96,203.22,0.905,-1,-1,-1
180,2,895.04,333.03,56.64,208.12,0.902,-1,-1,-1
180,3,705.94,277.80,77.79,64.35,0.707,-1,-1,-1
180,5,534.51,269.07,53.75,117.93,0.135,-1,-1,-1
181,1,474.44,326.01,80.28,204.15,0.879,-1,-1,-1
181,2,892.07,332.69,56.48,207.46,0.894,-1,-1,-1
181,3,714.69,289.24,58.78,44.18,0.785,-1,-1,-1
181,5,534.84,268.26,54.06,117.88,0.276,-1,-1,-1
182,1,478.26,326.21,80.54,204.41,0.879,-1,-1,-1
182,2,889.24,332.08,56.29,206.56,0.896,-1,-1,-1
182,3,714.97,292.99,56.23,39.00,0.761,-1,-1,-1
182,5,534.90,267.80,54.28,117.78,0.125,-1,-1,-1
183,1,481.36,326.47,80.26,203.72,0.892,-1,-1,-1
183,2,886.33,330.99,56.36,206.60,0.913,-1,-1,-1
183,3,713.63,295.78,55.84,36.36,0.713,-1,-1,-1
183,5,532.96,267.24,54.88,118.44,-1.000,-1,-1,-1
184,1,484.44,325.95,80.08,203.34,0.901,-1,-1,-1
184,2,883.18,330.92,56.51,206.96,0.918,-1,-1,-1
184,3,711.11,297.79,58.38,36.06,0.702,-1,-1,-1
184,5,531.02,266.68,55.49,119.11,-1.000,-1,-1,-1
185,1,487.69,325.37,79.91,202.86,0.897,-1,-1,-1
185,2,880.05,331.76,56.54,207.22,0.897,-1,-1,-1
185,3,708.71,299.13,61.09,35.91,0.723,-1,-1,-1
185,5,529.08,266.12,56.09,119.77,-1.000,-1,-1,-1
186,1,490.42,325.03,79.55,202.19,0.882,-1,-1,-1
186,2,877.00,332.09,56.67,207.79,0.887,-1,-1,-1
186,3,706.42,299.97,63.27,35.65,0.710,-1,-1,-1
186,5,527.14,265.57,56.69,120.43,-1.000,-1,-1,-1
187,1,494.39,324.88,79.42,201.91,0.885,-1,-1,-1
187,2,874.05,333.07,56.66,207.73,0.909,-1,-1,-1
187,3,704.10,299.91,65.89,35.74,0.720,-1,-1,-1
187,5,525.19,265.01,57.30,121.10,-1.000,-1,-1,-1
188,1,497.40,324.95,79.31,201.71,0.876,-1,-1,-1
188,2,871.24,333.56,56.65,207.49,0.917,-1,-1,-1
188,3,701.77,299.84,68.30,35.87,0.717,-1,-1,-1
188,5,523.25,264.45,57.90,121.76,-1.000,-1,-1,-1
189,1,500.43,324.80,79.81,202.92,0.898,-1,-1,-1
189,2,868.14,333.87,56.60,207.34,0.917,-1,-1,-1
189,3,699.30,299.42,70.44,36.10,0.687,-1,-1,-1
189,5,521.31,263.89,58.50,122.42,-1.000,-1,-1,-1
190,1,503.41,325.18,80.02,203.48,0.886,-1,-1,-1
190,2,864.97,332.97,56.79,208.23,0.907,-1,-1,-1
190,3,697.09,298.38,71.95,36.23,0.625,-1,-1,-1
190,5,519.37,263.33,59.10,123.09,0.548,-1,-1,-1
191,1,506.57,326.02,80.08,203.80,0.865,-1,-1,-1
191,2,862.05,332.62,56.64,207.79,0.889,-1,-1,-1
191,3,695.03,297.81,73.45,36.38,0.651,-1,-1,-1
191,5,516.54,262.31,61.13,124.14,0.312,-1,-1,-1
192,1,509.75,325.32,80.61,205.14,0.870,-1,-1,-1
192,2,859.18,331.96,56.53,207.18,0.899,-1,-1,-1
192,3,693.27,297.43,74.82,36.57,0.628,-1,-1,-1
192,5,559.79,262.06,75.56,123.58,0.633,-1,-1,-1
193,1,512.80,326.33,80.37,204.40,0.859,-1,-1,-1
193,2,856.42,331.11,56.38,206.39,0.911,-1,-1,-1
193,3,691.31,297.22,75.93,36.68,0.662,-1,-1,-1
193,5,535.19,256.22,80.74,130.17,0.511,-1,-1,-1
194,1,516.30,326.56,79.99,203.34,0.894,-1,-1,-1
194,2,853.20,330.47,56.42,206.49,0.912,-1,-1,-1
194,3,689.98,298.01,76.80,36.63,0.714,-1,-1,-1
194,5,519.17,252.74,84.82,134.74,0.539,-1,-1,-1
195,1,519.42,325.73,79.97,203.35,0.876,-1,-1,-1
195,2,850.06,330.67,56.57,206.98,0.910,-1,-1,-1
195,3,688.35,298.28,77.99,36.95,0.630,-1,-1,-1
195,5,504.62,247.76,90.94,141.69,0.716,-1,-1,-1
196,1,522.36,324.99,79.79,203.08,0.850,-1,-1,-1
196,2,847.21,332.01,56.36,206.20,0.889,-1,-1,-1
196,3,686.57,299.16,79.01,37.28,0.606,-1,-1,-1
196,5,499.00,244.91,94.10,145.39,0.332,-1,-1,-1
197,1,526.17,325.04,79.70,202.76,0.870,-1,-1,-1
197,2,843.96,332.42,56.64,207.36,0.897,-1,-1,-1
197,3,684.94,299.32,80.10,37.71,0.574,-1,-1,-1
197,5,491.80,241.67,98.80,149.04,0.847,-1,-1,-1
198,1,529.50,325.14,79.58,202.49,0.864,-1,-1,-1
198,2,841.06,333.09,56.71,207.62,0.911,-1,-1,-1
198,3,682.97,299.08,81.34,38.31,0.573,-1,-1,-1
198,5,487.73,239.23,101.93,151.84,0.657,-1,-1,-1
199,1,532.76,324.69,79.82,203.03,0.891,-1,-1,-1
199,2,838.06,333.64,56.64,207.33,0.915,-1,-1,-1
199,3,682.21,299.06,80.53,37.91,0.481,-1,-1,-1
199,5,484.61,236.69,104.34,153.94,0.530,-1,-1,-1
200,1,535.63,325.76,79.73,202.88,0.892,-1,-1,-1
200,2,835.12,332.92,56.75,207.81,0.907,-1,-1,-1
200,3,680.85,298.52,80.48,37.97,0.522,-1,-1,-1
200,5,515.15,235.46,114.59,153.92,0.595,-1,-1,-1
201,1,538.73,326.18,79.88,203.31,0.873,-1,-1,-1
201,2,832.04,331.88,56.74,207.88,0.899,-1,-1,-1
201,3,679.77,297.82,80.22,37.97,0.556,-1,-1,-1
201,5,495.69,233.67,116.02,154.48,0.685,-1,-1,-1
202,1,542.02,327.01,80.27,204.13,0.878,-1,-1,-1
202,2,829.04,331.64,56.57,207.18,0.887,-1,-1,-1
202,3,678.76,297.02,79.78,37.96,0.618,-1,-1,-1
202,5,483.10,232.38,117.37,154.23,0.833,-1,-1,-1
203,1,544.97,327.52,80.29,204.14,0.878,-1,-1,-1
203,2,826.22,330.86,56.55,206.93,0.890,-1,-1,-1
203,3,677.90,297.15,78.63,37.63,0.576,-1,-1,-1
203,5,476.77,232.65,118.72,153.89,0.821,-1,-1,-1
204,1,548.47,327.23,80.19,203.67,0.895,-1,-1,-1
204,2,823.34,330.78,56.41,206.09,0.892,-1,-1,-1
204,3,676.71,297.16,78.85,38.03,0.573,-1,-1,-1
204,5,472.95,233.57,119.96,153.39,0.834,-1,-1,-1
205,1,551.47,326.97,79.85,202.95,0.908,-1,-1,-1
205,2,820.13,330.33,56.49,206.31,0.913,-1,-1,-1
205,3,676.07,297.60,77.75,37.79,0.564,-1,-1,-1
205,5,468.95,233.81,122.14,154.12,0.812,-1,-1,-1
206,1,554.43,326.13,79.78,202.94,0.872,-1,-1,-1
206,2,817.02,330.59,56.70,207.15,0.889,-1,-1,-1
206,3,675.64,298.11,76.47,37.48,0.566,-1,-1,-1
206,5,466.11,234.64,124.00,154.47,0.799,-1,-1,-1
207,1,558.30,325.57,79.66,202.68,0.887,-1,-1,-1
207,2,814.05,331.58,56.65,207.14,0.885,-1,-1,-1
207,3,675.09,298.29,75.74,37.46,0.558,-1,-1,-1
207,5,463.59,234.88,126.56,155.18,0.874,-1,-1,-1
208,1,561.37,325.25,79.56,202.52,0.870,-1,-1,-1
208,2,810.97,332.19,56.81,207.89,0.884,-1,-1,-1
208,3,674.86,298.76,73.63,36.73,0.508,-1,-1,-1
208,5,461.75,235.52,127.83,154.43,0.838,-1,-1,-1
209,1,564.74,324.96,79.66,202.74,0.893,-1,-1,-1
209,2,808.09,332.23,56.86,208.15,0.903,-1,-1,-1
209,3,674.38,298.90,72.18,36.34,0.486,-1,-1,-1
209,5,459.79,235.65,129.19,154.47,0.721,-1,-1,-1
210,1,567.64,325.51,79.79,203.07,0.896,-1,-1,-1
210,2,804.99,332.29,56.84,208.22,0.908,-1,-1,-1
210,3,674.46,298.68,69.43,35.25,0.447,-1,-1,-1
210,5,457.78,234.94,130.98,154.82,0.762,-1,-1,-1
211,1,570.52,326.07,79.96,203.69,0.877,-1,-1,-1
211,2,801.87,331.48,56.85,208.35,0.913,-1,-1,-1
211,3,674.14,298.18,66.65,34.20,0.527,-1,-1,-1
211,5,456.63,234.82,132.18,153.81,0.845,-1,-1,-1
212,1,574.17,327.10,80.26,204.16,0.887,-1,-1,-1
212,2,799.02,331.53,56.50,207.09,0.890,-1,-1,-1
212,3,674.41,297.66,63.68,33.01,0.544,-1,-1,-1
212,5,454.76,233.87,133.82,153.81,0.791,-1,-1,-1
213,1,577.13,327.44,80.25,204.18,0.862,-1,-1,-1
213,2,796.17,330.95,56.42,206.66,0.874,-1,-1,-1
213,3,674.19,297.36,61.49,32.25,0.495,-1,-1,-1
213,5,452.69,233.36,135.60,153.69,0.809,-1,-1,-1
214,1,580.71,327.54,80.19,203.93,0.884,-1,-1,-1
214,2,793.08,330.68,56.13,205.60,0.898,-1,-1,-1
214,3,673.94,297.29,60.43,32.04,0.450,-1,-1,-1
214,5,450.31,233.22,137.91,153.80,0.865,-1,-1,-1
215,1,583.62,327.12,80.28,204.07,0.891,-1,-1,-1
215,2,789.94,330.29,56.16,205.81,0.909,-1,-1,-1
215,3,673.77,297.43,58.59,31.43,0.429,-1,-1,-1
215,5,447.38,234.01,140.38,153.99,0.881,-1,-1,-1
216,1,586.23,326.70,79.90,203.45,0.880,-1,-1,-1
216,2,786.97,329.96,56.41,206.57,0.918,-1,-1,-1
216,3,674.15,297.94,55.63,30.11,0.357,-1,-1,-1
216,5,445.05,235.01,142.38,154.05,0.849,-1,-1,-1
217,1,590.15,326.19,79.71,203.01,0.887,-1,-1,-1
217,2,784.03,330.58,56.50,206.92,0.890,-1,-1,-1
217,3,673.99,298.21,53.71,29.30,0.232,-1,-1,-1
217,5,442.17,235.86,145.30,154.79,0.907,-1,-1,-1
218,1,593.21,325.06,79.72,203.21,0.831,-1,-1,-1
218,2,781.06,331.57,56.48,206.89,0.885,-1,-1,-1
218,3,673.87,298.72,51.73,28.47,0.240,-1,-1,-1
218,5,439.59,236.09,147.78,155.00,0.906,-1,-1,-1
219,1,596.58,324.85,79.80,203.41,0.884,-1,-1,-1
219,2,778.14,332.16,56.73,207.80,0.904,-1,-1,-1
219,3,673.95,298.95,49.45,27.43,0.123,-1,-1,-1
219,5,437.35,236.20,150.02,155.00,0.907,-1,-1,-1
220,1,599.45,324.41,79.90,203.86,0.881,-1,-1,-1
220,2,775.24,332.27,56.71,207.65,0.910,-1,-1,-1
220,3,674.29,298.89,46.17,25.80,0.114,-1,-1,-1
220,5,436.05,236.26,151.32,154.36,0.869,-1,-1,-1
221,1,602.70,324.89,80.22,204.65,0.860,-1,-1,-1
221,2,772.03,331.78,56.73,207.88,0.918,-1,-1,-1
221,5,434.31,235.54,152.84,153.80,0.885,-1,-1,-1
222,1,606.00,325.97,80.41,204.94,0.873,-1,-1,-1
222,2,768.94,331.26,56.72,207.85,0.904,-1,-1,-1
222,5,432.90,234.25,154.90,154.22,0.837,-1,-1,-1
223,1,608.95,327.36,80.40,204.86,0.868,-1,-1,-1
223,2,766.07,330.83,56.56,207.17,0.879,-1,-1,-1
223,5,432.20,233.68,156.13,153.74,0.840,-1,-1,-1
224,1,612.66,328.13,80.42,204.72,0.877,-1,-1,-1
224,2,762.99,330.69,56.39,206.40,0.878,-1,-1,-1
224,5,450.46,233.53,160.91,153.92,0.551,-1,-1,-1
225,1,615.47,327.80,80.41,204.76,0.864,-1,-1,-1
225,2,760.05,330.47,56.27,206.06,0.893,-1,-1,-1
225,5,437.30,234.36,162.08,153.76,0.858,-1,-1,-1
226,1,618.55,326.32,80.50,205.00,0.841,-1,-1,-1
226,2,756.91,330.22,56.21,205.99,0.909,-1,-1,-1
226,5,431.91,235.55,163.33,153.87,0.852,-1,-1,-1
227,1,622.38,325.71,80.49,204.69,0.838,-1,-1,-1
227,2,753.97,329.86,56.47,206.80,0.912,-1,-1,-1
227,5,428.42,235.86,165.36,154.84,0.880,-1,-1,-1
228,1,625.42,325.48,80.10,203.80,0.871,-1,-1,-1
228,2,751.08,330.66,56.45,206.82,0.882,-1,-1,-1
228,5,426.77,236.59,166.54,154.99,0.885,-1,-1,-1
229,1,628.37,325.17,79.98,203.60,0.891,-1,-1,-1
229,2,748.17,331.67,56.49,206.99,0.895,-1,-1,-1
229,5,425.79,236.81,167.54,155.03,0.893,-1,-1,-1
230,1,631.49,324.95,79.94,203.52,0.880,-1,-1,-1
230,2,745.05,331.54,56.69,207.75,0.914,-1,-1,-1
230,5,425.16,236.49,168.61,155.25,0.885,-1,-1,-1
231,1,634.84,325.29,80.23,204.27,0.879,-1,-1,-1
231,2,742.06,331.36,56.78,208.03,0.919,-1,-1,-1
231,5,425.08,236.40,168.97,154.85,0.872,-1,-1,-1
232,1,637.81,326.02,80.39,204.72,0.886,-1,-1,-1
232,2,739.10,331.22,56.64,207.38,0.914,-1,-1,-1
232,5,425.02,235.57,169.30,154.49,0.872,-1,-1,-1
233,1,640.72,327.22,80.35,204.70,0.883,-1,-1,-1
233,2,736.16,330.85,56.38,206.54,0.892,-1,-1,-1
233,5,424.80,234.51,169.82,154.31,0.885,-1,-1,-1
234,1,644.63,327.95,80.28,204.26,0.898,-1,-1,-1
234,2,732.98,330.58,56.21,206.06,0.880,-1,-1,-1
234,5,424.51,234.00,170.37,154.18,0.891,-1,-1,-1
235,1,647.44,327.96,80.31,204.48,0.886,-1,-1,-1
235,2,729.80,329.94,56.25,206.24,0.896,-1,-1,-1
235,5,424.46,234.64,170.64,153.84,0.883,-1,-1,-1
236,1,650.34,327.04,80.38,204.69,0.876,-1,-1,-1
236,2,726.79,329.68,56.13,205.83,0.900,-1,-1,-1
236,5,424.17,235.65,171.43,154.07,0.880,-1,-1,-1
237,1,653.29,326.16,80.32,204.70,0.881,-1,-1,-1
237,2,723.97,329.90,56.14,205.93,0.922,-1,-1,-1
237,5,423.51,236.02,172.87,154.99,0.899,-1,-1,-1
238,1,656.40,326.26,79.85,203.92,0.864,-1,-1,-1
238,2,721.14,329.78,56.31,206.66,0.908,-1,-1,-1
238,5,423.15,236.82,173.55,155.24,0.887,-1,-1,-1
239,1,657.83,325.67,78.98,203.46,0.901,-1,-1,-1
239,2,718.05,330.61,56.35,206.75,0.885,-1,-1,-1
239,5,423.15,237.29,173.71,155.00,0.895,-1,-1,-1
240,1,659.16,325.73,78.08,203.68,0.889,-1,-1,-1
240,2,715.47,331.54,56.42,207.33,0.865,-1,-1,-1
240,5,422.93,237.31,174.18,155.10,0.898,-1,-1,-1
241,1,660.20,325.87,76.74,203.69,0.883,-1,-1,-1
241,2,712.58,331.74,56.31,206.85,0.860,-1,-1,-1
241,5,422.90,236.92,174.54,155.13,0.883,-1,-1,-1
242,1,661.48,326.80,75.60,204.24,0.824,-1,-1,-1
242,2,709.81,331.61,56.05,206.04,0.872,-1,-1,-1
242,5,423.09,236.74,174.33,154.66,0.868,-1,-1,-1
243,1,662.51,327.44,74.60,204.40,0.641,-1,-1,-1
243,2,706.72,331.11,56.07,206.01,0.871,-1,-1,-1
243,5,423.11,235.81,174.32,154.39,0.875,-1,-1,-1
243,6,1.07,442.58,11.83,143.10,0.710,-1,-1,-1
244,1,664.12,327.84,73.72,204.94,0.564,-1,-1,-1
244,2,704.00,331.12,55.72,204.90,0.791,-1,-1,-1
244,5,422.94,235.29,174.57,154.39,0.874,-1,-1,-1
244,6,1.89,428.13,13.38,161.25,0.760,-1,-1,-1
245,1,671.22,328.15,74.01,205.35,0.177,-1,-1,-1
245,2,701.31,330.44,55.83,205.07,0.688,-1,-1,-1
245,5,422.84,234.98,174.86,154.48,0.870,-1,-1,-1
245,6,2.99,416.40,14.78,176.81,0.728,-1,-1,-1
246,1,676.09,328.75,74.16,205.31,-1.000,-1,-1,-1
246,2,700.71,329.79,56.60,205.97,0.724,-1,-1,-1
246,5,423.26,235.59,174.88,154.31,0.868,-1,-1,-1
246,6,3.95,407.44,16.07,189.92,0.793,-1,-1,-1
247,1,680.95,329.36,74.31,205.26,-1.000,-1,-1,-1
247,2,698.11,328.55,58.26,206.56,0.809,-1,-1,-1
247,5,422.84,235.69,175.94,155.10,0.893,-1,-1,-1
247,6,4.75,403.13,18.43,214.28,0.826,-1,-1,-1
248,1,685.82,329.96,74.45,205.21,-1.000,-1,-1,-1
248,2,697.64,327.17,60.26,208.23,0.851,-1,-1,-1
248,5,422.50,236.47,176.04,155.02,0.896,-1,-1,-1
248,6,5.46,402.61,20.85,237.25,0.875,-1,-1,-1
249,1,690.68,330.56,74.60,205.16,0.708,-1,-1,-1
249,2,692.99,327.89,59.91,207.30,0.272,-1,-1,-1
249,5,422.47,237.57,176.09,154.95,0.885,-1,-1,-1
249,6,6.36,402.06,22.52,248.97,0.890,-1,-1,-1
250,1,693.04,330.14,75.59,206.71,0.318,-1,-1,-1
250,2,687.09,329.51,59.54,206.61,0.565,-1,-1,-1
250,5,422.51,238.01,176.02,154.80,0.877,-1,-1,-1
250,6,7.76,401.95,23.95,253.46,0.919,-1,-1,-1
251,1,706.36,328.47,73.44,203.84,0.654,-1,-1,-1
251,2,682.42,330.45,59.44,207.07,0.731,-1,-1,-1
251,5,422.37,237.56,176.06,154.71,0.852,-1,-1,-1
251,6,8.40,402.03,25.15,253.98,0.930,-1,-1,-1
252,1,710.88,327.92,73.23,203.66,0.743,-1,-1,-1
252,2,678.61,331.38,59.00,206.70,0.875,-1,-1,-1
252,5,422.26,236.54,176.53,155.03,0.870,-1,-1,-1
252,6,9.59,401.59,26.45,253.47,0.905,-1,-1,-1
253,1,711.41,328.41,73.59,203.66,0.819,-1,-1,-1
253,2,675.16,330.92,58.59,206.34,0.894,-1,-1,-1
253,5,421.94,236.13,176.34,154.71,0.786,-1,-1,-1
253,6,10.35,400.62,27.88,252.46,0.917,-1,-1,-1
254,1,713.29,328.44,74.35,204.28,0.861,-1,-1,-1
254,2,671.92,330.68,58.22,205.89,0.870,-1,-1,-1
254,5,421.95,235.69,175.99,154.24,0.844,-1,-1,-1
254,6,11.40,400.23,29.63,251.49,0.927,-1,-1,-1
255,1,715.32,328.24,75.01,204.86,0.871,-1,-1,-1
255,2,668.94,330.07,57.91,205.64,0.855,-1,-1,-1
255,5,421.84,235.55,175.73,153.85,0.863,-1,-1,-1
255,6,12.14,400.26,31.50,250.76,0.923,-1,-1,-1
256,1,717.81,328.08,75.58,205.26,0.868,-1,-1,-1
256,2,665.90,329.07,57.68,205.62,0.837,-1,-1,-1
256,5,421.46,235.61,176.33,154.26,0.860,-1,-1,-1
256,6,12.57,401.18,33.45,249.79,0.925,-1,-1,-1
257,1,720.55,328.14,75.94,204.98,0.882,-1,-1,-1
257,2,663.08,328.47,57.53,205.83,0.858,-1,-1,-1
257,5,420.85,235.36,177.69,155.45,0.878,-1,-1,-1
257,6,13.13,402.53,35.65,249.92,0.923,-1,-1,-1
258,1,723.23,327.73,76.21,204.49,0.883,-1,-1,-1
258,2,659.85,329.00,57.44,205.79,0.845,-1,-1,-1
258,5,420.89,236.28,177.85,155.36,0.869,-1,-1,-1
258,6,13.98,403.12,38.06,250.15,0.919,-1,-1,-1
259,1,726.64,326.63,76.61,204.29,0.902,-1,-1,-1
259,2,657.13,330.01,57.21,205.35,0.859,-1,-1,-1
259,5,420.85,237.42,177.95,155.29,0.843,-1,-1,-1
259,6,14.27,404.08,40.41,249.97,0.918,-1,-1,-1
260,1,729.25,326.41,76.71,203.64,0.907,-1,-1,-1
260,2,654.52,330.59,57.20,205.49,0.865,-1,-1,-1
260,5,420.99,237.34,178.50,155.75,0.860,-1,-1,-1
260,6,16.15,403.85,42.53,249.84,0.910,-1,-1,-1
261,1,732.41,325.89,77.20,204.22,0.886,-1,-1,-1
261,2,651.60,331.15,57.24,205.89,0.861,-1,-1,-1
261,5,421.49,238.22,177.87,155.08,0.864,-1,-1,-1
261,6,18.43,403.58,44.47,250.10,0.895,-1,-1,-1
262,1,735.31,326.14,77.62,204.78,0.890,-1,-1,-1
262,2,648.88,331.35,57.29,206.42,0.880,-1,-1,-1
262,5,421.98,237.92,177.46,154.65,0.897,-1,-1,-1
262,6,21.08,403.08,45.96,249.03,0.882,-1,-1,-1
263,1,738.12,327.31,77.86,204.81,0.889,-1,-1,-1
263,2,645.94,330.71,57.30,206.67,0.897,-1,-1,-1
263,5,421.67,236.88,177.69,154.82,0.890,-1,-1,-1
263,6,23.94,402.39,47.28,247.62,0.903,-1,-1,-1
263,7,1264.08,451.76,15.55,166.30,0.738,-1,-1,-1
264,1,741.87,327.82,78.19,204.93,0.907,-1,-1,-1
264,2,642.87,330.42,57.06,206.32,0.904,-1,-1,-1
264,5,421.70,236.17,177.45,154.48,0.888,-1,-1,-1
264,6,27.08,401.75,48.80,247.36,0.911,-1,-1,-1
264,7,1261.27,447.78,17.86,190.79,0.708,-1,-1,-1
265,1,744.59,328.73,78.38,205.05,0.902,-1,-1,-1
265,2,639.80,330.42,56.75,205.34,0.869,-1,-1,-1
265,5,421.90,236.33,176.87,153.83,0.845,-1,-1,-1
265,6,29.75,401.86,50.17,246.90,0.912,-1,-1,-1
265,7,1257.67,423.40,21.40,228.38,0.804,-1,-1,-1
266,1,748.07,328.23,78.77,205.51,0.886,-1,-1,-1
266,2,636.57,329.87,56.57,204.97,0.854,-1,-1,-1
266,5,421.77,236.50,176.69,153.52,0.831,-1,-1,-1
266,6,32.16,402.56,51.48,246.64,0.907,-1,-1,-1
266,7,1254.86,411.88,23.20,246.18,0.830,-1,-1,-1
267,1,750.76,327.87,79.03,205.88,0.896,-1,-1,-1
267,2,633.51,329.36,56.61,205.39,0.883,-1,-1,-1
267,5,421.30,236.47,177.54,154.19,0.831,-1,-1,-1
267,6,35.18,403.55,52.68,246.52,0.898,-1,-1,-1
267,7,1252.35,407.00,24.18,253.40,0.860,-1,-1,-1
268,1,753.83,328.19,78.85,205.05,0.885,-1,-1,-1
268,2,630.60,329.03,56.54,205.31,0.893,-1,-1,-1
268,5,420.85,237.63,178.13,154.76,0.765,-1,-1,-1
268,6,38.09,404.02,54.02,247.10,0.908,-1,-1,-1
268,7,1250.34,405.17,24.84,255.53,0.874,-1,-1,-1
269,1,757.56,327.74,78.80,204.23,0.904,-1,-1,-1
269,2,627.48,329.13,56.54,205.64,0.904,-1,-1,-1
269,5,420.02,238.06,179.19,155.85,0.840,-1,-1,-1
269,6,40.75,404.53,55.18,246.94,0.910,-1,-1,-1
269,7,1247.85,404.45,25.63,256.35,0.886,-1,-1,-1
270,1,760.42,326.79,79.06,204.57,0.899,-1,-1,-1
270,2,624.68,328.93,56.78,206.67,0.885,-1,-1,-1
270,5,419.21,238.10,179.27,156.16,0.836,-1,-1,-1
270,6,44.04,404.82,56.18,247.06,0.902,-1,-1,-1
270,7,1245.79,404.06,26.49,256.84,0.862,-1,-1,-1
271,1,763.40,326.10,79.15,204.69,0.884,-1,-1,-1
271,2,622.00,329.50,56.80,206.90,0.859,-1,-1,-1
271,5,418.04,238.11,178.88,156.29,0.844,-1,-1,-1
271,6,46.81,404.86,57.16,247.26,0.891,-1,-1,-1
271,7,1243.29,402.97,27.57,256.40,0.885,-1,-1,-1
272,1,766.46,326.22,79.40,205.02,0.890,-1,-1,-1
272,2,619.20,330.54,56.82,206.93,0.883,-1,-1,-1
272,5,417.11,238.08,177.64,155.83,0.861,-1,-1,-1
272,6,50.12,404.82,57.77,246.37,0.905,-1,-1,-1
272,7,1240.62,402.20,28.92,255.53,0.905,-1,-1,-1
273,1,769.04,326.55,79.60,205.38,0.884,-1,-1,-1
273,2,616.60,330.54,56.86,206.96,0.888,-1,-1,-1
273,5,416.44,237.71,176.13,155.18,0.846,-1,-1,-1
273,6,53.05,403.95,58.46,246.13,0.905,-1,-1,-1
273,7,1238.03,402.87,30.40,253.97,0.906,-1,-1,-1
274,1,773.15,327.50,79.69,205.14,0.905,-1,-1,-1
274,2,613.47,329.90,56.91,206.94,0.897,-1,-1,-1
274,5,415.52,236.88,175.20,155.15,0.833,-1,-1,-1
274,6,56.41,402.82,59.10,245.98,0.911,-1,-1,-1
274,7,1235.40,403.38,32.17,253.46,0.909,-1,-1,-1
275,1,776.01,328.75,79.68,204.99,0.897,-1,-1,-1
275,2,609.93,329.43,56.76,206.81,0.891,-1,-1,-1
275,5,414.96,236.38,173.66,154.73,0.866,-1,-1,-1
275,6,59.32,402.52,59.57,245.25,0.907,-1,-1,-1
275,7,1232.57,404.63,34.13,252.73,0.912,-1,-1,-1
276,1,779.02,328.92,79.80,205.38,0.887,-1,-1,-1
276,2,607.03,328.97,56.47,206.02,0.865,-1,-1,-1
276,5,414.09,235.98,173.02,155.39,0.891,-1,-1,-1
276,6,61.97,401.84,60.26,245.64,0.902,-1,-1,-1
276,7,1229.81,405.87,36.22,251.72,0.917,-1,-1,-1
277,1,781.87,328.83,79.96,205.72,0.897,-1,-1,-1
277,2,603.75,327.58,56.58,206.49,0.860,-1,-1,-1
277,5,413.46,235.87,171.66,155.49,0.897,-1,-1,-1
277,6,65.48,403.00,60.61,245.25,0.904,-1,-1,-1
277,7,1226.51,406.34,38.55,251.78,0.903,-1,-1,-1
278,1,784.58,327.74,80.21,206.31,0.893,-1,-1,-1
278,2,600.71,328.19,56.47,206.11,0.866,-1,-1,-1
278,5,413.07,237.01,170.40,155.71,0.885,-1,-1,-1
278,6,68.28,403.85,61.25,245.47,0.906,-1,-1,-1
278,7,1222.93,406.52,40.71,251.63,0.892,-1,-1,-1
279,1,788.82,328.05,79.87,204.96,0.908,-1,-1,-1
279,2,598.09,328.51,56.31,205.57,0.889,-1,-1,-1
279,5,412.90,237.90,168.89,155.76,0.908,-1,-1,-1
279,6,71.29,404.37,61.98,246.28,0.903,-1,-1,-1
279,7,1218.50,406.75,42.65,251.49,0.897,-1,-1,-1
280,1,791.73,327.63,79.95,205.00,0.900,-1,-1,-1
280,2,595.08,328.95,56.23,205.55,0.897,-1,-1,-1
280,5,413.21,239.29,166.40,154.72,0.893,-1,-1,-1
280,6,74.86,404.71,62.56,246.59,0.896,-1,-1,-1
280,7,1214.50,407.06,44.42,250.79,0.894,-1,-1,-1
281,1,794.96,326.35,79.97,204.97,0.885,-1,-1,-1
281,2,592.22,329.71,56.25,205.46,0.892,-1,-1,-1
281,5,412.53,241.01,164.80,154.28,0.782,-1,-1,-1
281,6,78.20,404.66,63.14,246.97,0.895,-1,-1,-1
281,7,1209.78,406.85,46.13,250.14,0.906,-1,-1,-1
282,1,798.23,326.41,80.11,205.06,0.890,-1,-1,-1
282,2,589.15,330.50,56.38,205.51,0.866,-1,-1,-1
282,5,412.40,241.90,163.44,154.17,0.831,-1,-1,-1
282,6,81.65,404.78,63.24,246.09,0.904,-1,-1,-1
282,7,1205.16,406.19,47.70,249.32,0.896,-1,-1,-1
283,1,800.82,326.59,80.30,205.54,0.890,-1,-1,-1
283,2,586.23,330.57,56.67,206.33,0.891,-1,-1,-1
283,5,412.46,243.08,159.52,151.68,0.849,-1,-1,-1
283,6,84.72,403.96,63.41,245.70,0.905,-1,-1,-1
283,7,1200.93,406.35,49.08,247.98,0.898,-1,-1,-1
284,1,804.69,327.59,80.23,205.10,0.909,-1,-1,-1
284,2,583.33,330.07,56.81,206.48,0.887,-1,-1,-1
284,5,412.30,244.21,157.11,150.28,0.732,-1,-1,-1
284,6,88.19,403.13,63.65,245.43,0.908,-1,-1,-1
284,7,1196.19,406.39,50.51,247.33,0.906,-1,-1,-1
285,1,807.62,327.91,80.47,205.86,0.903,-1,-1,-1
285,2,580.00,329.58,56.76,206.43,0.899,-1,-1,-1
285,5,414.11,245.54,151.33,145.20,0.700,-1,-1,-1
285,6,91.16,402.58,63.84,244.83,0.907,-1,-1,-1
285,7,1191.94,406.07,52.04,247.82,0.908,-1,-1,-1
286,1,810.97,328.52,80.39,205.58,0.891,-1,-1,-1
286,2,576.71,328.88,56.48,205.84,0.898,-1,-1,-1
286,5,416.75,247.73,142.76,137.02,0.637,-1,-1,-1
286,6,93.92,402.28,64.15,244.85,0.903,-1,-1,-1
286,7,1187.48,406.61,53.40,247.76,0.900,-1,-1,-1
287,1,814.12,328.77,80.47,205.65,0.901,-1,-1,-1
287,2,573.65,329.67,56.01,204.07,0.875,-1,-1,-1
287,5,420.07,250.34,133.47,127.80,0.428,-1,-1,-1
287,6,97.39,402.00,64.54,245.44,0.907,-1,-1,-1
287,7,1183.02,407.39,54.62,248.02,0.902,-1,-1,-1
288,1,816.71,328.36,80.61,206.13,0.893,-1,-1,-1
288,2,570.79,328.73,56.14,204.58,0.890,-1,-1,-1
288,5,432.65,266.22,106.96,99.28,-1.000,-1,-1,-1
288,6,100.59,403.11,64.79,245.30,0.903,-1,-1,-1
288,7,1179.02,407.70,55.83,248.82,0.903,-1,-1,-1
289,1,820.63,328.28,80.41,205.40,0.908,-1,-1,-1
289,2,567.91,327.50,56.41,205.63,0.900,-1,-1,-1
289,5,445.23,282.10,80.44,70.77,0.604,-1,-1,-1
289,6,104.14,404.20,65.02,245.57,0.898,-1,-1,-1
289,7,1174.84,407.95,56.84,249.17,0.896,-1,-1,-1
290,1,823.66,327.99,80.22,204.92,0.901,-1,-1,-1
290,2,564.68,327.98,56.50,205.93,0.917,-1,-1,-1
290,5,456.07,297.20,57.43,46.42,0.659,-1,-1,-1
290,6,107.79,404.15,65.49,246.51,0.891,-1,-1,-1
290,7,1171.14,407.94,57.60,248.72,0.905,-1,-1,-1
291,1,826.96,327.16,80.24,204.94,0.881,-1,-1,-1
291,2,561.55,328.88,56.55,206.40,0.903,-1,-1,-1
291,5,456.54,301.28,53.54,40.21,0.651,-1,-1,-1
291,6,110.91,404.38,65.77,246.86,0.905,-1,-1,-1
291,7,1167.01,407.82,58.34,248.13,0.894,-1,-1,-1
292,1,830.24,326.75,80.36,205.07,0.896,-1,-1,-1
292,2,558.97,329.28,56.70,206.98,0.893,-1,-1,-1
292,5,455.41,303.33,53.63,37.48,0.678,-1,-1,-1
292,6,114.17,404.22,65.82,246.44,0.910,-1,-1,-1
292,7,1162.69,407.03,59.04,248.09,0.902,-1,-1,-1
293,1,832.88,326.96,80.37,205.16,0.892,-1,-1,-1
293,2,556.01,329.90,56.66,206.70,0.885,-1,-1,-1
293,5,453.20,303.34,55.21,36.45,0.641,-1,-1,-1
293,6,117.47,403.78,65.78,245.86,0.908,-1,-1,-1
293,7,1158.92,406.91,59.52,246.77,0.904,-1,-1,-1
294,1,836.50,327.77,80.42,205.00,0.912,-1,-1,-1
294,2,553.09,329.67,56.73,206.96,0.903,-1,-1,-1
294,5,450.22,302.28,58.03,36.65,0.611,-1,-1,-1
294,6,120.89,402.56,65.92,245.78,0.905,-1,-1,-1
294,7,1155.05,406.74,60.02,246.17,0.907,-1,-1,-1
295,1,839.33,327.88,80.71,205.98,0.905,-1,-1,-1
295,2,549.86,329.65,56.54,206.39,0.903,-1,-1,-1
295,5,448.23,301.88,59.89,36.21,0.621,-1,-1,-1
295,6,124.00,402.38,65.92,245.13,0.903,-1,-1,-1
295,7,1151.06,406.00,60.83,246.59,0.903,-1,-1,-1
296,1,842.58,328.88,80.63,205.92,0.897,-1,-1,-1
296,2,546.49,328.92,56.40,206.12,0.887,-1,-1,-1
296,5,445.33,301.08,63.04,36.74,0.633,-1,-1,-1
296,6,127.22,402.56,65.79,244.57,0.907,-1,-1,-1
296,7,1147.01,406.26,61.53,247.01,0.905,-1,-1,-1
297,1,845.42,329.27,80.62,206.02,0.904,-1,-1,-1
297,2,543.59,329.38,55.96,204.57,0.874,-1,-1,-1
297,5,443.03,300.84,64.71,36.77,0.522,-1,-1,-1
297,6,130.74,402.46,65.93,244.56,0.903,-1,-1,-1
297,7,1142.93,407.35,62.17,247.71,0.897,-1,-1,-1
298,1,848.30,329.03,80.67,206.34,0.898,-1,-1,-1
298,2,540.77,328.98,56.10,204.82,0.874,-1,-1,-1
298,5,440.14,301.08,67.65,37.38,0.632,-1,-1,-1
298,6,133.95,402.68,66.04,244.79,0.902,-1,-1,-1
298,7,1139.28,408.20,62.67,247.95,0.894,-1,-1,-1
299,1,852.56,329.23,80.39,205.43,0.916,-1,-1,-1
299,2,537.83,328.48,56.26,205.39,0.880,-1,-1,-1
299,5,438.43,301.87,69.20,37.30,0.607,-1,-1,-1
299,6,137.58,403.78,66.33,245.50,0.894,-1,-1,-1
299,7,1135.49,408.32,63.14,248.36,0.894,-1,-1,-1
300,1,855.40,328.76,80.53,205.82,0.906,-1,-1,-1
300,2,534.87,327.67,56.40,205.87,0.896,-1,-1,-1
300,5,437.04,303.48,70.17,36.88,0.642,-1,-1,-1
300,6,141.31,404.45,66.44,245.71,0.894,-1,-1,-1
300,7,1132.02,408.46,63.56,248.43,0.892,-1,-1,-1
301,1,858.81,328.21,80.35,205.26,0.889,-1,-1,-1
301,2,531.79,328.42,56.48,206.33,0.900,-1,-1,-1
301,5,434.76,304.35,72.16,37.20,0.646,-1,-1,-1
301,6,144.68,404.43,66.80,246.72,0.898,-1,-1,-1
301,7,1128.17,408.44,63.77,248.06,0.894,-1,-1,-1
302,1,861.99,327.13,80.37,205.22,0.901,-1,-1,-1
302,2,528.81,329.61,56.41,206.35,0.902,-1,-1,-1
302,5,433.11,304.92,73.42,37.18,0.656,-1,-1,-1
302,6,148.08,404.44,66.73,246.38,0.898,-1,-1,-1
302,7,1123.81,407.51,64.06,247.52,0.905,-1,-1,-1
303,1,864.74,326.96,80.41,205.43,0.896,-1,-1,-1
303,2,525.99,330.45,56.19,205.42,0.877,-1,-1,-1
303,5,431.04,304.78,74.73,37.36,0.626,-1,-1,-1
303,6,151.21,403.93,66.55,245.48,0.906,-1,-1,-1
303,7,1120.52,406.47,64.36,247.56,0.903,-1,-1,-1
304,1,868.64,327.72,80.37,205.05,0.920,-1,-1,-1
304,2,522.95,330.44,56.33,205.84,0.876,-1,-1,-1
304,5,429.08,303.91,76.01,37.70,0.563,-1,-1,-1
304,6,154.62,402.67,66.61,245.44,0.904,-1,-1,-1
304,7,1116.55,406.53,64.45,246.56,0.905,-1,-1,-1
305,1,871.51,327.81,80.67,206.02,0.906,-1,-1,-1
305,2,520.09,329.83,56.40,206.12,0.900,-1,-1,-1
305,5,426.94,302.46,77.95,38.43,0.626,-1,-1,-1
305,6,157.85,402.60,66.48,244.90,0.904,-1,-1,-1
305,7,1113.22,406.50,64.79,246.44,0.909,-1,-1,-1
306,1,874.65,329.10,80.47,205.69,0.898,-1,-1,-1
306,2,516.91,328.84,56.41,206.27,0.914,-1,-1,-1
306,5,425.39,301.65,78.24,38.36,0.673,-1,-1,-1
306,6,160.89,402.57,66.45,244.63,0.906,-1,-1,-1
306,7,1109.28,406.52,65.21,247.26,0.899,-1,-1,-1
307,1,877.46,328.91,80.70,206.36,0.902,-1,-1,-1
307,2,513.80,328.38,56.21,205.63,0.901,-1,-1,-1
307,5,423.73,301.00,78.80,38.54,0.676,-1,-1,-1
307,6,164.46,402.55,66.46,244.62,0.900,-1,-1,-1
307,7,1105.37,407.11,65.56,247.85,0.894,-1,-1,-1
308,1,880.26,328.36,80.86,206.97,0.901,-1,-1,-1
308,2,510.91,328.42,55.87,204.45,0.880,-1,-1,-1
308,5,422.34,301.32,79.06,38.63,0.664,-1,-1,-1
308,6,167.68,402.71,66.61,245.08,0.898,-1,-1,-1
308,7,1101.97,408.12,65.63,247.39,0.898,-1,-1,-1
309,1,884.16,329.37,80.49,205.73,0.911,-1,-1,-1
309,2,507.95,328.01,56.01,204.96,0.870,-1,-1,-1
309,5,421.59,301.78,79.11,38.65,0.631,-1,-1,-1
309,6,171.43,403.28,66.73,245.43,0.886,-1,-1,-1
309,7,1097.94,408.35,65.98,248.02,0.894,-1,-1,-1
310,1,887.27,328.49,80.58,206.24,0.909,-1,-1,-1
310,2,504.89,328.09,55.98,204.83,0.902,-1,-1,-1
310,5,420.38,302.50,79.26,38.79,0.643,-1,-1,-1
310,6,174.80,404.02,66.81,245.91,0.900,-1,-1,-1
310,7,1094.54,408.39,66.20,248.52,0.894,-1,-1,-1
311,1,890.45,327.17,80.64,206.45,0.883,-1,-1,-1
311,2,501.98,328.22,56.14,205.49,0.901,-1,-1,-1
311,5,419.12,303.40,79.04,38.79,0.540,-1,-1,-1
311,6,178.00,403.99,66.94,246.22,0.900,-1,-1,-1
311,7,1090.66,408.74,66.21,247.76,0.899,-1,-1,-1
312,1,893.68,327.24,80.41,205.84,0.896,-1,-1,-1
312,2,498.89,328.76,56.25,205.99,0.919,-1,-1,-1
312,5,418.44,303.72,78.64,38.71,0.537,-1,-1,-1
312,6,181.72,404.19,66.92,246.15,0.902,-1,-1,-1
312,7,1086.76,408.35,66.14,246.97,0.901,-1,-1,-1
313,1,896.50,326.66,80.47,206.03,0.887,-1,-1,-1
313,2,495.90,329.62,56.23,205.92,0.884,-1,-1,-1
313,5,417.64,304.26,77.53,38.32,0.500,-1,-1,-1
313,6,184.85,404.35,66.92,245.94,0.900,-1,-1,-1
313,7,1083.10,407.30,66.34,247.02,0.903,-1,-1,-1
314,1,899.83,327.57,80.38,205.39,0.912,-1,-1,-1
314,2,492.87,330.13,56.19,205.85,0.880,-1,-1,-1
314,5,417.26,304.24,75.47,37.45,0.481,-1,-1,-1
314,6,188.61,403.97,66.83,245.61,0.895,-1,-1,-1
314,7,1079.38,406.79,66.41,246.66,0.904,-1,-1,-1
315,1,903.16,327.98,80.50,205.87,0.905,-1,-1,-1
315,2,489.86,329.79,56.30,206.31,0.904,-1,-1,-1
315,5,416.61,303.17,74.85,37.36,0.511,-1,-1,-1
315,6,191.93,403.33,66.62,244.73,0.908,-1,-1,-1
315,7,1076.14,406.57,66.51,246.56,0.897,-1,-1,-1
316,1,906.49,328.78,80.51,206.07,0.894,-1,-1,-1
316,2,486.90,328.99,56.27,206.12,0.904,-1,-1,-1
316,5,415.57,302.40,74.07,37.24,0.481,-1,-1,-1
316,6,194.85,402.67,66.70,244.71,0.900,-1,-1,-1
316,7,1072.58,406.57,66.65,246.59,0.894,-1,-1,-1
317,1,909.25,329.17,80.73,206.75,0.901,-1,-1,-1
317,2,484.16,328.48,56.07,205.36,0.915,-1,-1,-1
317,5,414.54,301.59,73.30,37.13,0.400,-1,-1,-1
317,6,198.51,402.05,66.71,244.56,0.893,-1,-1,-1
317,7,1068.42,406.67,66.90,246.96,0.894,-1,-1,-1
318,1,912.08,328.94,80.83,207.24,0.896,-1,-1,-1
318,2,480.89,327.63,55.96,205.03,0.890,-1,-1,-1
318,5,414.24,301.11,71.41,36.45,0.408,-1,-1,-1
318,6,201.67,402.40,66.79,244.46,0.882,-1,-1,-1
318,7,1065.05,407.27,67.07,247.25,0.893,-1,-1,-1
319,1,915.84,329.68,80.65,206.48,0.909,-1,-1,-1
319,2,477.77,327.57,55.87,204.63,0.882,-1,-1,-1
319,5,414.45,301.32,68.92,35.41,0.389,-1,-1,-1
319,6,205.24,402.34,66.94,244.99,0.882,-1,-1,-1
319,7,1060.98,407.41,67.36,248.15,0.899,-1,-1,-1
320,1,919.28,329.88,80.44,205.93,0.901,-1,-1,-1
320,2,474.80,327.28,55.96,205.00,0.871,-1,-1,-1
320,5,414.70,302.17,66.24,34.26,0.430,-1,-1,-1
320,6,208.60,403.05,66.97,245.30,0.886,-1,-1,-1
320,7,1057.64,408.26,67.48,248.25,0.900,-1,-1,-1
321,1,922.65,328.57,80.47,206.10,0.884,-1,-1,-1
321,2,471.99,328.00,55.98,205.01,0.899,-1,-1,-1
321,5,414.40,303.00,64.32,33.51,0.330,-1,-1,-1
321,6,211.73,404.45,66.92,245.12,0.891,-1,-1,-1
321,7,1053.90,408.09,67.39,247.83,0.899,-1,-1,-1
322,1,925.64,327.86,80.51,206.16,0.897,-1,-1,-1
322,2,468.94,328.23,56.14,205.58,0.912,-1,-1,-1
322,5,414.09,303.71,63.30,33.26,0.356,-1,-1,-1
322,6,215.31,404.47,67.06,245.43,0.894,-1,-1,-1
322,7,1050.02,407.86,67.37,247.37,0.899,-1,-1,-1
323,1,928.58,326.94,80.47,206.08,0.885,-1,-1,-1
323,2,465.80,328.69,56.21,205.96,0.895,-1,-1,-1
323,5,413.79,304.03,61.88,32.80,0.307,-1,-1,-1
323,6,218.51,404.36,67.05,245.49,0.896,-1,-1,-1
323,7,1046.66,407.07,67.45,247.47,0.901,-1,-1,-1
324,1,931.98,327.82,80.26,205.21,0.903,-1,-1,-1
324,2,462.88,329.18,56.12,205.75,0.885,-1,-1,-1
324,5,413.66,303.82,60.02,32.06,0.220,-1,-1,-1
324,6,222.54,404.17,66.87,245.05,0.901,-1,-1,-1
324,7,1043.14,406.69,67.33,246.93,0.895,-1,-1,-1
325,1,935.20,328.08,80.46,205.87,0.907,-1,-1,-1
325,2,459.76,329.46,56.25,206.20,0.874,-1,-1,-1
325,5,413.67,303.49,57.47,30.95,0.247,-1,-1,-1
325,6,225.63,402.91,67.00,245.35,0.903,-1,-1,-1
325,7,1039.90,407.06,67.29,246.56,0.892,-1,-1,-1
326,1,938.61,328.73,80.48,205.88,0.892,-1,-1,-1
326,2,456.85,328.94,56.15,205.79,0.901,-1,-1,-1
326,5,413.86,302.64,54.54,29.63,0.253,-1,-1,-1
326,6,228.79,402.83,66.82,244.66,0.900,-1,-1,-1
326,7,1036.36,407.08,67.29,246.06,0.894,-1,-1,-1
327,1,941.78,329.03,80.83,206.72,0.879,-1,-1,-1
327,2,454.17,328.71,55.98,205.07,0.911,-1,-1,-1
327,5,413.68,301.66,52.43,28.73,0.170,-1,-1,-1
327,6,232.37,402.11,66.88,244.74,0.893,-1,-1,-1
327,7,1032.44,406.98,67.55,246.82,0.891,-1,-1,-1
328,1,944.46,329.10,80.86,206.93,0.893,-1,-1,-1
328,2,451.07,327.81,55.98,205.14,0.906,-1,-1,-1
328,5,413.78,301.00,49.46,27.34,0.140,-1,-1,-1
328,6,235.72,401.06,67.01,245.12,0.886,-1,-1,-1
328,7,1028.62,407.42,67.64,247.07,0.892,-1,-1,-1
329,1,947.53,329.60,80.61,206.34,0.896,-1,-1,-1
329,2,448.03,327.29,55.94,205.11,0.885,-1,-1,-1
329,5,413.87,300.66,47.06,26.28,0.221,-1,-1,-1
329,6,239.63,401.55,66.96,245.01,0.896,-1,-1,-1
329,7,1024.97,408.18,67.62,246.99,0.895,-1,-1,-1
330,1,950.26,329.07,80.56,207.07,0.900,-1,-1,-1
330,2,444.94,326.80,55.85,204.84,0.871,-1,-1,-1
330,5,414.02,301.46,44.13,24.85,0.102,-1,-1,-1
330,6,242.93,402.06,67.01,245.37,0.894,-1,-1,-1
330,7,1021.70,408.05,67.77,247.80,0.887,-1,-1,-1
331,1,951.69,329.27,79.30,205.83,0.891,-1,-1,-1
331,2,441.81,326.97,55.93,205.13,0.886,-1,-1,-1
331,6,245.93,403.22,66.92,245.20,0.901,-1,-1,-1
331,7,1017.85,407.62,67.86,248.09,0.888,-1,-1,-1
332,1,952.72,328.55,78.15,205.71,0.873,-1,-1,-1
332,2,438.83,327.65,55.95,205.05,0.910,-1,-1,-1
332,6,249.39,403.98,66.95,245.34,0.903,-1,-1,-1
332,7,1014.10,407.95,67.76,247.85,0.891,-1,-1,-1
333,1,954.45,328.44,76.84,205.46,0.889,-1,-1,-1
333,2,435.99,327.93,56.15,205.78,0.917,-1,-1,-1
333,6,252.73,404.45,66.93,245.27,0.900,-1,-1,-1
333,7,1010.70,407.90,67.72,247.66,0.889,-1,-1,-1
334,1,957.25,328.35,75.58,205.27,0.887,-1,-1,-1
334,2,433.00,328.77,56.02,205.55,0.903,-1,-1,-1
334,6,256.46,404.16,66.87,245.02,0.906,-1,-1,-1
334,7,1007.10,406.95,67.66,247.48,0.885,-1,-1,-1
335,1,960.93,328.91,74.56,205.23,0.870,-1,-1,-1
335,2,430.05,329.16,56.02,205.73,0.884,-1,-1,-1
335,6,259.61,403.31,66.93,245.19,0.902,-1,-1,-1
335,7,1004.03,406.74,67.55,246.93,0.887,-1,-1,-1
336,1,964.65,329.66,73.50,204.93,0.861,-1,-1,-1
336,2,426.83,328.60,56.10,205.89,0.890,-1,-1,-1
336,6,262.82,402.98,66.80,244.88,0.902,-1,-1,-1
336,7,1000.26,406.17,67.56,246.70,0.889,-1,-1,-1
336,8,1256.07,279.87,19.25,174.66,0.874,-1,-1,-1
337,1,968.31,329.96,72.79,205.41,0.847,-1,-1,-1
337,2,423.80,327.83,56.14,205.83,0.900,-1,-1,-1
337,6,266.43,402.06,66.82,244.78,0.893,-1,-1,-1
337,7,996.14,406.22,67.59,246.79,0.893,-1,-1,-1
337,8,1250.70,277.39,19.79,175.42,0.905,-1,-1,-1
338,1,971.81,330.95,71.80,204.89,0.846,-1,-1,-1
338,2,421.30,327.60,55.91,205.22,0.913,-1,-1,-1
338,6,270.01,401.65,66.83,244.88,0.900,-1,-1,-1
338,7,992.59,406.37,67.75,247.38,0.897,-1,-1,-1
338,8,1244.56,276.45,20.78,176.42,0.912,-1,-1,-1
339,1,975.68,331.23,70.66,203.07,0.714,-1,-1,-1
339,2,418.65,326.62,55.71,205.12,0.907,-1,-1,-1
339,6,273.82,401.67,66.87,245.06,0.902,-1,-1,-1
339,7,988.22,407.09,67.88,247.42,0.879,-1,-1,-1
339,8,1237.82,275.63,22.33,177.42,0.914,-1,-1,-1
340,1,984.77,331.00,60.05,170.41,0.539,-1,-1,-1
340,2,415.33,325.58,55.77,205.62,0.884,-1,-1,-1
340,6,276.99,402.68,66.75,244.54,0.906,-1,-1,-1
340,7,985.07,408.56,67.81,246.37,0.895,-1,-1,-1
340,8,1229.57,275.91,24.06,177.34,0.895,-1,-1,-1
341,1,990.91,329.96,67.09,189.40,0.678,-1,-1,-1
341,2,412.39,326.16,55.63,205.09,0.880,-1,-1,-1
341,6,279.82,403.17,66.90,244.98,0.906,-1,-1,-1
341,7,981.57,408.60,67.84,246.61,0.891,-1,-1,-1
341,8,1218.74,276.20,26.07,177.72,0.908,-1,-1,-1
342,1,995.03,329.71,70.59,197.86,0.817,-1,-1,-1
342,2,409.20,326.74,55.66,205.13,0.892,-1,-1,-1
342,6,283.30,404.06,67.05,245.44,0.901,-1,-1,-1
342,7,977.78,409.42,67.73,246.20,0.886,-1,-1,-1
342,8,1206.71,277.29,28.22,178.21,0.909,-1,-1,-1
343,1,998.30,328.98,72.43,202.27,0.880,-1,-1,-1
343,2,406.40,327.74,55.60,204.76,0.901,-1,-1,-1
343,6,286.88,404.62,66.90,245.04,0.906,-1,-1,-1
343,7,974.76,409.02,67.68,246.33,0.888,-1,-1,-1
343,8,1194.38,278.16,30.35,177.95,0.906,-1,-1,-1
344,1,1001.47,328.70,73.37,203.92,0.892,-1,-1,-1
344,2,403.17,327.99,55.85,205.57,0.914,-1,-1,-1
344,6,290.54,404.08,66.94,245.16,0.906,-1,-1,-1
344,7,971.09,407.48,67.82,246.92,0.886,-1,-1,-1
344,8,1182.51,278.43,32.54,177.89,0.905,-1,-1,-1
345,1,1004.85,328.93,73.83,204.54,0.885,-1,-1,-1
345,2,399.99,328.54,55.86,205.63,0.899,-1,-1,-1
345,6,293.75,403.20,66.92,245.24,0.905,-1,-1,-1
345,7,967.85,407.05,67.83,246.71,0.890,-1,-1,-1
345,8,1169.87,278.14,34.75,178.55,0.903,-1,-1,-1
346,1,1008.18,329.57,74.16,204.76,0.874,-1,-1,-1
346,2,396.88,328.67,55.96,205.81,0.885,-1,-1,-1
346,6,296.74,402.85,66.88,245.00,0.900,-1,-1,-1
346,7,963.71,406.37,67.82,246.54,0.898,-1,-1,-1
346,8,1157.77,278.47,36.79,177.51,0.909,-1,-1,-1
347,1,1010.80,330.10,74.75,205.57,0.888,-1,-1,-1
347,2,393.75,328.19,56.02,206.12,0.891,-1,-1,-1
347,6,300.36,401.46,66.98,245.22,0.900,-1,-1,-1
347,7,959.87,406.70,67.63,245.85,0.895,-1,-1,-1
347,8,1145.41,277.93,38.84,177.34,0.908,-1,-1,-1
348,1,1013.35,331.04,75.04,205.80,0.888,-1,-1,-1
348,2,390.99,327.56,55.84,205.39,0.905,-1,-1,-1
348,6,303.82,401.29,66.92,245.10,0.903,-1,-1,-1
348,7,956.36,406.57,67.68,246.22,0.886,-1,-1,-1
348,8,1133.12,276.87,40.81,177.21,0.909,-1,-1,-1
349,1,1015.72,331.45,75.54,206.01,0.883,-1,-1,-1
349,2,388.29,326.82,55.79,205.11,0.917,-1,-1,-1
349,6,307.64,401.18,66.90,245.11,0.892,-1,-1,-1
349,7,952.62,406.55,67.89,247.08,0.883,-1,-1,-1
349,8,1120.88,276.88,42.72,176.78,0.908,-1,-1,-1
350,1,1017.93,330.62,76.27,207.19,0.897,-1,-1,-1
350,2,385.20,326.32,55.60,204.38,0.898,-1,-1,-1
350,6,310.89,401.71,66.85,244.73,0.897,-1,-1,-1
350,7,949.47,407.46,67.96,247.47,0.887,-1,-1,-1
350,8,1108.99,276.80,44.64,176.78,0.906,-1,-1,-1
351,1,1020.85,330.11,76.56,207.07,0.894,-1,-1,-1
351,2,382.36,326.50,55.43,203.76,0.884,-1,-1,-1
351,6,313.93,402.33,66.90,245.00,0.906,-1,-1,-1
351,7,945.77,408.30,67.93,247.31,0.891,-1,-1,-1
351,8,1096.79,277.00,46.37,177.09,0.900,-1,-1,-1
352,1,1023.56,329.18,76.83,207.14,0.901,-1,-1,-1
352,2,379.31,325.98,55.60,204.48,0.875,-1,-1,-1
352,6,317.75,403.37,66.81,244.90,0.907,-1,-1,-1
352,7,942.03,408.41,67.86,247.33,0.900,-1,-1,-1
352,8,1085.86,278.21,47.77,176.55,0.910,-1,-1,-1
353,1,1026.53,328.99,76.87,206.31,0.896,-1,-1,-1
353,2,376.68,326.83,55.54,204.61,0.885,-1,-1,-1
353,6,320.86,403.84,66.77,244.87,0.907,-1,-1,-1
353,7,938.57,408.07,67.88,247.33,0.890,-1,-1,-1
353,8,1074.76,278.33,49.11,176.89,0.904,-1,-1,-1
354,1,1029.46,329.41,76.89,205.41,0.895,-1,-1,-1
354,2,373.84,327.92,55.40,204.29,0.891,-1,-1,-1
354,6,324.54,403.91,66.79,245.02,0.904,-1,-1,-1
354,7,934.89,407.33,67.88,247.37,0.896,-1,-1,-1
354,8,1063.41,278.24,50.20,177.26,0.860,-1,-1,-1
355,1,1033.00,329.37,77.11,205.28,0.899,-1,-1,-1
355,2,370.69,328.42,55.38,204.71,0.899,-1,-1,-1
355,6,328.00,404.26,66.79,244.83,0.893,-1,-1,-1
355,7,931.49,406.93,67.77,246.72,0.900,-1,-1,-1
355,8,1052.55,278.39,50.81,177.24,0.599,-1,-1,-1
356,1,1035.69,329.06,77.66,205.99,0.867,-1,-1,-1
356,2,367.88,328.70,55.21,204.79,0.876,-1,-1,-1
356,6,331.17,403.41,66.80,244.80,0.885,-1,-1,-1
356,7,928.03,406.28,67.72,246.47,0.906,-1,-1,-1
356,8,1037.80,278.28,50.70,176.58,0.602,-1,-1,-1
357,1,1038.78,329.49,77.97,206.41,0.888,-1,-1,-1
357,2,367.11,328.19,50.94,187.59,0.712,-1,-1,-1
357,6,334.70,402.72,66.61,244.27,0.893,-1,-1,-1
357,7,923.85,405.87,67.78,246.33,0.893,-1,-1,-1
357,8,1022.51,277.95,50.75,176.44,0.829,-1,-1,-1
358,1,1041.49,330.24,78.20,206.57,0.885,-1,-1,-1
358,2,366.75,327.78,46.02,166.78,0.748,-1,-1,-1
358,6,338.14,402.48,66.61,244.30,0.884,-1,-1,-1
358,7,920.41,406.25,67.85,246.32,0.900,-1,-1,-1
358,8,1009.83,277.28,50.93,176.29,0.870,-1,-1,-1
359,1,1044.63,331.66,78.38,206.22,0.888,-1,-1,-1
359,2,365.67,326.98,42.40,151.27,0.663,-1,-1,-1
359,6,341.85,402.39,66.35,243.48,0.895,-1,-1,-1
359,7,916.58,406.40,68.10,247.25,0.899,-1,-1,-1
359,8,998.59,277.07,51.24,176.51,0.901,-1,-1,-1
360,1,1047.86,331.09,78.87,207.25,0.899,-1,-1,-1
360,2,363.62,326.75,38.81,133.92,0.757,-1,-1,-1
360,6,344.94,402.76,66.29,243.33,0.900,-1,-1,-1
360,7,913.41,407.42,68.09,247.22,0.888,-1,-1,-1
360,8,990.17,276.66,52.54,176.73,0.890,-1,-1,-1
361,1,1051.36,331.01,78.83,206.91,0.891,-1,-1,-1
361,2,360.01,326.28,39.58,132.80,0.810,-1,-1,-1
361,6,347.88,403.08,66.36,243.40,0.897,-1,-1,-1
361,7,909.73,408.03,68.09,247.46,0.891,-1,-1,-1
361,8,981.01,276.65,53.87,176.74,0.897,-1,-1,-1
361,9,16.84,277.49,43.42,160.75,0.747,-1,-1,-1
362,1,1054.37,330.36,78.87,206.72,0.901,-1,-1,-1
362,2,356.11,326.20,41.05,134.79,0.786,-1,-1,-1
362,6,351.84,403.10,66.49,243.93,0.898,-1,-1,-1
362,7,905.79,408.17,68.18,247.71,0.884,-1,-1,-1
362,8,970.44,277.36,54.96,176.40,0.900,-1,-1,-1
362,9,15.58,274.65,44.24,163.68,0.815,-1,-1,-1
363,1,1057.29,329.52,78.87,206.50,0.899,-1,-1,-1
363,2,348.91,326.12,49.27,162.13,0.744,-1,-1,-1
363,6,354.89,403.11,66.73,244.99,0.902,-1,-1,-1
363,7,902.38,408.24,68.19,247.84,0.893,-1,-1,-1
363,8,959.70,278.12,56.13,176.95,0.897,-1,-1,-1
363,9,14.51,273.67,44.66,165.06,0.843,-1,-1,-1
364,1,1060.86,329.38,78.65,205.39,0.905,-1,-1,-1
364,2,342.74,327.00,55.90,185.50,0.842,-1,-1,-1
364,6,358.56,403.14,66.75,245.38,0.895,-1,-1,-1
364,7,898.52,407.91,68.17,247.86,0.895,-1,-1,-1
364,8,948.76,278.36,57.11,177.43,0.889,-1,-1,-1
364,9,13.48,272.72,45.19,166.62,0.863,-1,-1,-1
365,1,1064.17,328.73,78.90,205.85,0.908,-1,-1,-1
365,2,338.06,327.93,58.98,197.45,0.886,-1,-1,-1
365,6,361.81,403.31,66.80,245.40,0.886,-1,-1,-1
365,7,895.42,406.51,68.15,247.87,0.903,-1,-1,-1
365,8,937.93,278.66,57.74,176.99,0.900,-1,-1,-1
365,9,12.26,272.24,45.75,167.94,0.863,-1,-1,-1
366,1,1067.28,329.06,78.97,205.86,0.894,-1,-1,-1
366,2,334.33,328.36,60.27,203.33,0.868,-1,-1,-1
366,6,365.28,403.01,66.78,245.33,0.888,-1,-1,-1
366,7,891.55,406.22,67.95,247.11,0.886,-1,-1,-1
366,8,926.64,278.73,58.34,176.92,0.886,-1,-1,-1
366,9,11.29,272.50,46.28,168.93,0.850,-1,-1,-1
367,1,1070.24,329.44,79.27,206.38,0.901,-1,-1,-1
367,2,331.26,327.99,60.62,206.00,0.861,-1,-1,-1
367,6,368.79,403.01,66.61,244.63,0.879,-1,-1,-1
367,7,887.97,406.17,67.81,246.38,0.895,-1,-1,-1
367,8,915.39,278.71,58.70,176.17,0.891,-1,-1,-1
367,9,10.20,272.28,46.74,169.37,0.850,-1,-1,-1
368,1,1072.97,329.74,79.54,206.96,0.899,-1,-1,-1
368,2,328.09,328.34,60.46,206.70,0.866,-1,-1,-1
368,6,371.96,402.33,66.59,244.42,0.886,-1,-1,-1
368,7,884.67,406.36,67.65,245.88,0.896,-1,-1,-1
368,8,904.25,277.86,59.03,175.31,0.889,-1,-1,-1
368,9,8.92,270.51,47.49,170.55,0.875,-1,-1,-1
369,1,1076.26,331.20,79.61,206.57,0.905,-1,-1,-1
369,2,325.58,327.13,60.21,206.98,0.893,-1,-1,-1
369,6,375.58,401.57,66.56,244.17,0.887,-1,-1,-1
369,7,880.98,407.03,67.68,245.93,0.896,-1,-1,-1
369,8,891.83,277.02,59.75,175.41,0.878,-1,-1,-1
369,9,7.95,268.97,48.19,171.22,0.877,-1,-1,-1
370,1,1079.18,331.29,79.94,207.05,0.909,-1,-1,-1
370,2,322.98,326.51,59.68,206.19,0.909,-1,-1,-1
370,6,378.65,400.46,66.75,244.59,0.891,-1,-1,-1
370,7,877.75,407.27,67.73,246.43,0.902,-1,-1,-1
370,8,880.10,276.50,60.59,176.15,0.869,-1,-1,-1
370,9,6.79,267.48,49.03,171.93,0.883,-1,-1,-1
371,1,1082.18,330.92,80.19,207.52,0.896,-1,-1,-1
371,2,320.09,325.56,59.25,205.80,0.900,-1,-1,-1
371,6,381.85,401.21,66.64,244.26,0.893,-1,-1,-1
371,7,873.83,407.76,67.89,246.88,0.890,-1,-1,-1
371,8,865.24,276.46,60.16,176.14,0.821,-1,-1,-1
371,9,6.50,269.69,48.98,169.01,0.862,-1,-1,-1
372,1,1085.48,330.51,80.16,207.41,0.905,-1,-1,-1
372,2,317.44,325.36,58.91,205.52,0.882,-1,-1,-1
372,6,385.43,402.03,66.72,244.37,0.901,-1,-1,-1
372,7,869.96,408.26,67.95,247.30,0.897,-1,-1,-1
372,8,852.33,277.27,59.58,175.88,0.894,-1,-1,-1
372,9,5.73,267.90,50.04,170.11,0.879,-1,-1,-1
373,1,1088.39,329.42,80.18,207.58,0.898,-1,-1,-1
373,2,314.54,325.98,58.61,205.29,0.876,-1,-1,-1
373,6,388.62,402.89,66.94,245.16,0.900,-1,-1,-1
373,7,866.54,408.40,68.00,247.51,0.900,-1,-1,-1
373,8,840.51,277.93,59.11,175.98,0.887,-1,-1,-1
373,9,5.02,266.90,50.94,170.62,0.899,-1,-1,-1
374,1,1092.32,329.72,79.79,205.97,0.914,-1,-1,-1
374,2,311.65,325.99,58.60,206.00,0.893,-1,-1,-1
374,6,392.37,403.46,67.06,245.46,0.893,-1,-1,-1
374,7,863.07,407.88,68.00,247.80,0.897,-1,-1,-1
374,8,829.99,278.23,59.26,177.03,0.886,-1,-1,-1
374,9,4.26,266.31,51.85,171.52,0.899,-1,-1,-1
375,1,1095.56,328.99,79.96,206.47,0.901,-1,-1,-1
375,2,308.97,326.77,58.40,206.05,0.906,-1,-1,-1
375,6,395.67,403.59,67.12,245.74,0.888,-1,-1,-1
375,7,859.44,407.03,68.03,247.92,0.887,-1,-1,-1
375,8,820.39,278.77,59.53,177.24,0.881,-1,-1,-1
375,9,3.77,267.58,52.37,171.22,0.893,-1,-1,-1
376,1,1098.96,329.37,79.82,206.01,0.894,-1,-1,-1
376,2,306.02,327.68,58.15,206.02,0.912,-1,-1,-1
376,6,399.20,403.17,66.89,245.20,0.893,-1,-1,-1
376,7,856.02,406.95,67.80,247.05,0.892,-1,-1,-1
376,8,811.31,278.83,60.07,177.32,0.898,-1,-1,-1
376,9,3.41,268.98,53.03,171.68,0.877,-1,-1,-1
377,1,1101.78,329.50,80.04,206.57,0.900,-1,-1,-1
377,2,302.92,328.27,57.91,205.86,0.893,-1,-1,-1
377,6,403.05,402.94,66.72,244.47,0.897,-1,-1,-1
377,7,852.09,406.54,67.65,246.40,0.894,-1,-1,-1
377,8,801.38,277.86,60.92,177.97,0.897,-1,-1,-1
377,9,3.01,268.95,53.69,172.31,0.879,-1,-1,-1
378,1,1104.88,330.97,79.76,205.76,0.928,-1,-1,-1
378,2,299.98,328.84,57.74,205.64,0.880,-1,-1,-1
378,6,406.19,402.03,66.71,244.40,0.904,-1,-1,-1
378,7,848.71,406.36,67.63,246.25,0.893,-1,-1,-1
378,8,790.95,278.02,61.30,177.07,0.890,-1,-1,-1
378,9,2.86,268.72,54.28,172.62,0.883,-1,-1,-1
379,1,1108.04,331.78,79.97,205.96,0.915,-1,-1,-1
379,2,297.09,327.63,57.66,206.00,0.886,-1,-1,-1
379,6,409.59,400.81,66.78,244.39,0.905,-1,-1,-1
379,7,845.22,406.65,67.59,246.15,0.899,-1,-1,-1
379,8,780.47,276.63,62.18,177.57,0.897,-1,-1,-1
379,9,2.77,268.68,54.48,171.75,0.873,-1,-1,-1
380,1,1110.94,332.07,80.41,206.79,0.906,-1,-1,-1
380,2,294.52,326.83,57.34,205.04,0.901,-1,-1,-1
380,6,412.86,400.76,66.73,244.16,0.908,-1,-1,-1
380,7,841.68,406.76,67.85,246.85,0.893,-1,-1,-1
380,8,769.17,276.31,62.70,177.43,0.897,-1,-1,-1
380,9,2.66,268.03,54.80,171.24,0.885,-1,-1,-1
381,1,1114.12,331.58,80.77,207.60,0.899,-1,-1,-1
381,2,291.61,325.87,57.04,204.43,0.911,-1,-1,-1
381,6,415.96,401.43,66.73,244.11,0.907,-1,-1,-1
381,7,837.90,407.31,67.94,247.34,0.894,-1,-1,-1
381,8,757.92,276.67,63.07,176.88,0.896,-1,-1,-1
381,9,2.65,267.10,55.33,171.43,0.888,-1,-1,-1
382,1,1117.70,330.93,80.89,207.82,0.912,-1,-1,-1
382,2,288.46,325.20,56.90,204.36,0.895,-1,-1,-1
382,6,419.28,402.10,66.84,244.38,0.903,-1,-1,-1
382,7,833.82,407.94,68.02,247.58,0.901,-1,-1,-1
382,8,746.74,276.95,63.43,176.46,0.903,-1,-1,-1
382,9,2.53,266.55,55.73,171.31,0.879,-1,-1,-1
383,1,1120.42,330.30,80.72,207.53,0.909,-1,-1,-1
383,2,285.58,325.34,56.72,203.93,0.878,-1,-1,-1
383,6,422.59,402.35,67.00,245.17,0.905,-1,-1,-1
383,7,830.73,408.20,67.98,247.64,0.899,-1,-1,-1
383,8,735.19,277.05,64.05,177.11,0.895,-1,-1,-1
383,9,2.69,267.35,55.96,170.47,0.897,-1,-1,-1
384,1,1123.93,330.06,80.49,206.66,0.912,-1,-1,-1
384,2,282.74,326.14,56.56,203.63,0.873,-1,-1,-1
384,6,426.24,403.04,67.17,245.73,0.894,-1,-1,-1
384,7,826.69,407.94,67.95,247.43,0.895,-1,-1,-1
384,8,724.08,278.10,64.59,177.46,0.886,-1,-1,-1
384,9,2.50,266.79,56.57,171.01,0.898,-1,-1,-1
385,1,1127.28,328.93,80.55,207.00,0.907,-1,-1,-1
385,2,279.68,325.01,57.01,205.63,0.895,-1,-1,-1
385,6,429.60,403.46,67.08,245.39,0.905,-1,-1,-1
385,7,823.42,407.20,68.00,247.43,0.902,-1,-1,-1
385,8,712.69,278.38,65.10,177.79,0.885,-1,-1,-1
385,9,2.40,267.94,56.99,171.04,0.897,-1,-1,-1
386,1,1130.71,329.24,80.30,206.31,0.899,-1,-1,-1
386,2,276.71,326.33,56.86,205.45,0.910,-1,-1,-1
386,6,432.86,402.98,67.04,245.17,0.907,-1,-1,-1
386,7,819.88,406.81,67.88,246.96,0.903,-1,-1,-1
386,8,701.30,278.04,65.59,178.47,0.890,-1,-1,-1
386,9,2.16,269.12,57.61,172.02,0.829,-1,-1,-1
387,1,1133.69,329.51,80.36,206.50,0.907,-1,-1,-1
387,2,273.35,327.50,56.74,205.31,0.900,-1,-1,-1
387,6,436.52,402.71,66.92,244.68,0.908,-1,-1,-1
387,7,816.17,406.11,67.82,246.70,0.904,-1,-1,-1
387,8,690.05,278.18,66.00,178.66,0.883,-1,-1,-1
387,9,1.56,270.66,58.36,173.67,0.862,-1,-1,-1
387,10,0.08,479.44,111.88,57.32,0.845,-1,-1,-1
388,1,1136.51,329.91,80.44,206.77,0.898,-1,-1,-1
388,2,270.52,327.76,56.63,205.27,0.885,-1,-1,-1
388,6,439.67,401.97,66.98,244.62,0.906,-1,-1,-1
388,7,812.57,405.80,67.82,246.49,0.908,-1,-1,-1
388,8,680.55,278.14,65.91,178.14,0.877,-1,-1,-1
388,9,1.27,272.42,58.73,174.18,0.883,-1,-1,-1
388,10,-30.10,479.28,174.87,90.01,0.623,-1,-1,-1
389,1,1140.04,331.25,80.51,206.56,0.914,-1,-1,-1
389,2,267.52,327.84,56.58,205.34,0.882,-1,-1,-1
389,6,443.35,401.26,66.95,244.29,0.904,-1,-1,-1
389,7,808.86,405.69,67.89,246.54,0.898,-1,-1,-1
389,8,673.44,277.14,65.21,178.51,0.855,-1,-1,-1
389,9,1.35,273.24,59.09,174.47,0.873,-1,-1,-1
389,10,-44.70,479.12,206.82,107.24,0.723,-1,-1,-1
390,1,1142.92,331.83,80.79,207.01,0.909,-1,-1,-1
390,2,264.66,326.01,56.52,205.37,0.892,-1,-1,-1
390,6,446.83,401.65,66.70,243.54,0.907,-1,-1,-1
390,7,805.71,406.23,67.87,246.54,0.901,-1,-1,-1
390,8,668.69,277.06,63.27,176.83,0.835,-1,-1,-1
390,9,1.08,273.69,59.32,174.69,0.860,-1,-1,-1
390,10,-52.16,479.02,223.95,117.06,0.680,-1,-1,-1
391,1,1146.05,331.48,81.07,207.71,0.894,-1,-1,-1
391,2,261.95,325.42,56.27,204.43,0.912,-1,-1,-1
391,6,449.82,401.23,66.82,243.85,0.907,-1,-1,-1
391,7,801.82,406.46,68.01,247.15,0.903,-1,-1,-1
391,8,664.62,286.52,58.63,166.82,0.663,-1,-1,-1
391,9,1.08,274.47,59.64,175.12,0.840,-1,-1,-1
391,10,-56.09,478.72,234.29,123.37,0.580,-1,-1,-1
392,1,1149.40,331.25,81.24,208.21,0.897,-1,-1,-1
392,2,258.96,325.18,56.10,204.07,0.899,-1,-1,-1
392,6,453.47,401.49,66.91,244.37,0.903,-1,-1,-1
392,7,797.75,407.41,67.92,246.86,0.897,-1,-1,-1
392,8,661.70,301.67,52.24,151.23,0.517,-1,-1,-1
392,9,1.02,274.54,59.87,175.41,0.813,-1,-1,-1
392,10,-56.49,477.55,237.79,126.49,0.661,-1,-1,-1
393,1,1152.54,331.60,80.83,207.13,0.934,-1,-1,-1
393,2,255.92,325.32,55.97,203.81,0.894,-1,-1,-1
393,6,456.59,402.17,67.03,244.65,0.898,-1,-1,-1
393,7,794.29,407.98,68.04,247.23,0.900,-1,-1,-1
393,9,0.82,275.50,60.23,176.13,0.843,-1,-1,-1
393,10,-56.02,477.32,239.16,128.57,0.635,-1,-1,-1
394,1,1155.73,331.43,80.56,206.32,0.905,-1,-1,-1
394,2,252.80,325.45,55.88,203.52,0.876,-1,-1,-1
394,6,460.14,402.25,67.21,245.17,0.899,-1,-1,-1
394,7,790.50,407.65,68.13,247.67,0.905,-1,-1,-1
394,9,0.58,276.33,60.73,177.36,0.837,-1,-1,-1
394,10,-55.08,476.69,239.00,130.04,0.647,-1,-1,-1
395,1,1159.04,329.66,80.80,207.17,0.904,-1,-1,-1
395,2,250.00,326.03,55.89,203.79,0.888,-1,-1,-1
395,6,463.69,403.09,67.23,245.35,0.901,-1,-1,-1
395,7,787.31,407.58,68.17,247.94,0.905,-1,-1,-1
395,9,0.60,278.06,60.68,176.91,0.880,-1,-1,-1
395,10,-51.63,476.35,235.69,130.04,0.703,-1,-1,-1
396,1,1162.43,329.58,80.68,206.94,0.898,-1,-1,-1
396,2,246.98,326.16,56.09,204.67,0.900,-1,-1,-1
396,6,466.93,402.76,67.20,245.37,0.902,-1,-1,-1
396,7,783.82,406.92,68.21,248.16,0.901,-1,-1,-1
396,9,0.29,279.57,60.97,177.77,0.603,-1,-1,-1
396,10,-50.12,477.05,235.15,130.94,0.508,-1,-1,-1
397,1,1165.51,329.72,80.60,206.79,0.904,-1,-1,-1
397,2,244.00,326.96,56.08,204.89,0.911,-1,-1,-1
397,6,470.51,402.69,67.11,244.96,0.904,-1,-1,-1
397,7,779.87,406.10,68.02,247.25,0.899,-1,-1,-1
397,9,0.10,281.26,61.38,179.00,0.595,-1,-1,-1
398,1,1168.17,329.80,80.74,207.23,0.899,-1,-1,-1
398,2,240.81,327.58,56.11,205.17,0.889,-1,-1,-1
398,6,473.57,402.24,67.00,244.23,0.903,-1,-1,-1
398,7,776.55,405.90,67.97,246.81,0.891,-1,-1,-1
398,9,0.12,282.96,61.68,179.80,0.592,-1,-1,-1
399,1,1171.64,331.06,80.67,206.81,0.917,-1,-1,-1
399,2,237.90,327.71,56.14,205.29,0.885,-1,-1,-1
399,6,477.39,401.47,66.91,244.12,0.907,-1,-1,-1
399,7,772.54,405.71,67.97,246.73,0.905,-1,-1,-1
399,9,0.09,283.88,61.90,180.41,0.690,-1,-1,-1
399,11,564.32,278.09,31.51,177.07,0.855,-1,-1,-1
400,1,1174.67,331.75,80.90,207.10,0.911,-1,-1,-1
400,2,234.85,327.26,56.12,205.36,0.887,-1,-1,-1
400,6,480.68,401.27,66.79,243.54,0.905,-1,-1,-1
400,7,769.20,405.63,67.99,246.45,0.904,-1,-1,-1
400,9,-0.11,284.80,62.08,181.02,0.534,-1,-1,-1
400,11,558.17,276.61,32.02,177.46,0.891,-1,-1,-1
401,1,1177.49,331.40,81.36,208.42,0.892,-1,-1,-1
401,2,232.17,325.87,55.91,204.53,0.896,-1,-1,-1
401,6,483.76,401.10,66.78,243.36,0.906,-1,-1,-1
401,7,765.58,405.65,68.14,247.12,0.900,-1,-1,-1
401,9,-0.20,285.25,62.16,181.33,0.664,-1,-1,-1
401,11,552.26,276.69,32.67,176.85,0.881,-1,-1,-1
402,1,1181.19,331.55,81.50,208.80,0.899,-1,-1,-1
402,2,229.11,324.59,55.82,204.26,0.917,-1,-1,-1
402,6,487.41,401.08,66.92,243.83,0.901,-1,-1,-1
402,7,761.54,406.75,68.20,247.32,0.901,-1,-1,-1
402,9,-0.31,286.05,62.13,181.35,0.652,-1,-1,-1
402,11,544.47,276.77,33.51,175.88,0.878,-1,-1,-1
403,1,1184.40,330.51,81.63,209.33,0.900,-1,-1,-1
403,2,225.93,324.47,55.68,203.80,0.894,-1,-1,-1
403,6,490.55,401.79,66.97,243.90,0.893,-1,-1,-1
403,7,758.29,407.14,68.26,247.59,0.902,-1,-1,-1
403,9,-0.28,286.81,62.08,181.26,0.568,-1,-1,-1
403,11,534.17,276.45,34.73,176.15,0.875,-1,-1,-1
404,1,1187.99,330.88,81.36,208.20,0.918,-1,-1,-1
404,2,222.92,323.48,55.84,204.56,0.890,-1,-1,-1
404,6,494.46,402.89,66.88,243.83,0.895,-1,-1,-1
404,7,754.69,408.08,68.18,247.42,0.890,-1,-1,-1
404,9,-0.54,287.22,62.38,182.39,0.695,-1,-1,-1
404,11,521.93,277.22,35.88,175.07,0.870,-1,-1,-1
405,1,1191.05,329.99,81.22,208.16,0.906,-1,-1,-1
405,2,219.87,323.84,55.83,204.57,0.879,-1,-1,-1
405,6,497.68,403.66,66.85,243.72,0.891,-1,-1,-1
405,7,751.44,408.09,68.11,247.33,0.895,-1,-1,-1
405,9,-0.47,288.51,62.66,183.37,0.797,-1,-1,-1
405,11,505.92,277.84,36.60,175.28,0.833,-1,-1,-1
406,1,1194.07,329.34,81.05,207.96,0.891,-1,-1,-1
406,2,216.92,324.27,55.93,205.03,0.892,-1,-1,-1
406,6,500.89,403.52,66.93,244.23,0.893,-1,-1,-1
406,7,747.61,407.31,68.21,247.53,0.897,-1,-1,-1
406,9,-0.45,289.59,62.91,184.29,0.784,-1,-1,-1
406,11,491.62,278.33,37.53,175.94,0.855,-1,-1,-1
406,12,0.91,372.46,45.73,225.62,0.762,-1,-1,-1
407,1,1197.48,329.50,80.76,207.26,0.905,-1,-1,-1
407,2,214.05,325.33,55.97,205.15,0.904,-1,-1,-1
407,6,504.72,403.82,66.86,244.09,0.894,-1,-1,-1
407,7,744.07,407.11,68.05,246.69,0.896,-1,-1,-1
407,9,-0.64,291.15,63.14,185.28,0.747,-1,-1,-1
407,11,480.00,278.62,38.83,177.25,0.841,-1,-1,-1
407,12,2.56,369.59,46.54,229.15,0.786,-1,-1,-1
408,1,1199.95,329.57,80.73,207.55,0.898,-1,-1,-1
408,2,211.06,326.49,55.90,205.13,0.905,-1,-1,-1
408,6,507.49,402.86,66.99,244.26,0.890,-1,-1,-1
408,7,740.40,406.17,68.05,246.68,0.898,-1,-1,-1
408,9,-0.93,292.37,63.57,186.89,0.613,-1,-1,-1
408,11,470.35,278.54,40.50,177.69,0.888,-1,-1,-1
408,12,3.56,370.40,46.87,230.14,0.748,-1,-1,-1
409,1,1202.27,331.11,80.12,206.88,0.897,-1,-1,-1
409,2,207.80,326.60,55.96,205.48,0.890,-1,-1,-1
409,6,511.33,401.71,66.97,244.30,0.902,-1,-1,-1
409,7,736.66,405.32,68.05,246.68,0.904,-1,-1,-1
409,9,4.73,294.43,64.96,186.45,0.810,-1,-1,-1
409,11,460.00,278.36,42.12,177.58,0.877,-1,-1,-1
409,12,5.17,370.50,46.68,227.79,0.821,-1,-1,-1
410,1,1204.06,330.73,79.96,208.10,0.899,-1,-1,-1
410,2,204.86,326.75,55.87,205.24,0.878,-1,-1,-1
410,6,514.60,401.05,66.91,243.93,0.901,-1,-1,-1
410,7,733.35,405.55,68.04,246.80,0.896,-1,-1,-1
410,9,6.84,295.32,66.40,186.81,0.784,-1,-1,-1
410,11,448.78,278.13,43.68,177.07,0.883,-1,-1,-1
410,12,6.33,370.17,46.85,226.91,0.773,-1,-1,-1
411,1,1205.93,331.21,79.31,208.48,0.896,-1,-1,-1
411,2,202.01,325.20,55.74,204.91,0.893,-1,-1,-1
411,6,517.97,400.75,66.83,243.71,0.904,-1,-1,-1
411,7,729.59,406.16,67.97,246.26,0.904,-1,-1,-1
411,9,7.72,296.17,67.52,186.72,0.750,-1,-1,-1
411,11,437.28,276.63,45.48,177.59,0.895,-1,-1,-1
411,12,7.04,369.23,47.11,226.44,0.713,-1,-1,-1
412,1,1208.25,331.63,78.19,208.37,0.903,-1,-1,-1
412,2,199.19,324.28,55.71,204.61,0.900,-1,-1,-1
412,6,521.44,401.14,66.90,243.74,0.892,-1,-1,-1
412,7,725.79,406.30,68.22,247.27,0.900,-1,-1,-1
412,9,7.74,296.49,68.74,187.38,0.739,-1,-1,-1
412,11,427.78,276.11,46.59,177.67,0.894,-1,-1,-1
412,12,8.23,368.40,47.65,226.30,0.760,-1,-1,-1
412,13,0.82,476.38,172.79,59.14,0.611,-1,-1,-1
413,1,1210.25,331.58,77.17,208.81,0.889,-1,-1,-1
413,2,196.36,324.74,55.44,203.57,0.911,-1,-1,-1
413,6,524.72,400.33,67.21,244.74,0.903,-1,-1,-1
413,7,722.28,407.31,68.21,247.38,0.890,-1,-1,-1
413,9,7.65,297.06,69.41,187.65,0.546,-1,-1,-1
413,11,420.84,276.17,46.72,176.87,0.873,-1,-1,-1
413,12,9.43,368.71,48.43,226.39,0.786,-1,-1,-1
413,13,2.35,475.27,172.09,58.88,0.526,-1,-1,-1
414,1,1212.55,332.23,75.42,207.64,0.905,-1,-1,-1
414,2,193.12,324.62,55.41,203.51,0.905,-1,-1,-1
414,6,528.57,401.52,67.27,244.87,0.902,-1,-1,-1
414,7,718.75,407.73,68.11,247.20,0.894,-1,-1,-1
414,9,7.67,297.52,70.06,188.04,0.457,-1,-1,-1
414,11,415.21,276.74,46.29,176.71,0.819,-1,-1,-1
414,12,9.98,369.65,49.24,226.13,0.797,-1,-1,-1
414,13,3.68,473.94,172.98,59.15,0.562,-1,-1,-1
415,1,1215.21,332.26,73.62,206.91,0.905,-1,-1,-1
415,2,189.98,323.73,55.56,204.12,0.889,-1,-1,-1
415,6,531.79,402.42,67.29,244.93,0.899,-1,-1,-1
415,7,715.51,407.88,68.20,247.28,0.893,-1,-1,-1
415,9,7.69,298.45,70.76,189.01,0.220,-1,-1,-1
415,11,411.36,291.35,42.13,162.90,0.733,-1,-1,-1
415,12,11.53,370.49,50.38,226.48,0.768,-1,-1,-1
415,13,5.48,473.61,172.27,58.85,0.571,-1,-1,-1
416,1,1217.71,331.63,71.80,206.51,0.910,-1,-1,-1
416,2,186.76,323.80,55.70,204.48,0.887,-1,-1,-1
416,6,534.82,402.48,67.32,245.35,0.904,-1,-1,-1
416,7,711.86,407.33,68.25,247.36,0.894,-1,-1,-1
416,9,7.61,299.85,71.42,189.92,0.183,-1,-1,-1
416,12,12.65,370.95,51.70,227.86,0.702,-1,-1,-1
416,13,6.88,474.03,171.70,58.58,0.526,-1,-1,-1
417,1,1220.07,331.51,69.94,206.16,0.908,-1,-1,-1
417,2,184.07,325.05,55.71,204.31,0.896,-1,-1,-1
417,6,538.27,402.50,67.33,245.49,0.904,-1,-1,-1
417,7,707.81,407.02,68.12,246.74,0.899,-1,-1,-1
417,9,7.47,301.62,71.93,190.39,0.175,-1,-1,-1
417,12,13.43,371.62,53.08,228.70,0.727,-1,-1,-1
417,13,8.22,474.88,171.61,58.45,0.498,-1,-1,-1
418,1,1222.61,331.66,67.88,205.34,0.899,-1,-1,-1
418,2,181.09,325.94,55.76,204.51,0.908,-1,-1,-1
418,6,541.63,402.44,67.13,244.96,0.902,-1,-1,-1
418,7,704.42,406.34,68.04,246.25,0.907,-1,-1,-1
418,9,6.75,303.10,75.76,200.00,0.124,-1,-1,-1
418,12,14.03,372.16,54.24,227.99,0.727,-1,-1,-1
418,13,-3.29,472.11,197.91,67.59,0.513,-1,-1,-1
419,1,1225.19,332.13,65.87,205.13,0.904,-1,-1,-1
419,2,177.84,325.94,55.88,205.13,0.901,-1,-1,-1
419,6,545.03,401.56,67.25,245.15,0.906,-1,-1,-1
419,7,700.57,405.49,68.05,246.40,0.897,-1,-1,-1
419,9,4.18,304.30,82.20,217.19,0.129,-1,-1,-1
419,12,13.97,372.47,55.36,227.28,0.723,-1,-1,-1
419,13,-0.46,472.90,194.60,66.38,0.238,-1,-1,-1
420,1,1227.37,332.52,64.05,205.52,0.897,-1,-1,-1
420,2,174.84,326.25,55.82,204.92,0.878,-1,-1,-1
420,6,548.58,401.21,67.15,244.56,0.901,-1,-1,-1
420,7,697.14,404.77,68.10,246.48,0.901,-1,-1,-1
420,9,5.24,305.80,79.67,209.30,0.164,-1,-1,-1
420,12,14.31,371.58,57.01,227.02,0.796,-1,-1,-1
420,13,-62.39,437.72,321.91,111.37,0.546,-1,-1,-1
421,1,1229.88,333.05,62.10,205.82,0.892,-1,-1,-1
421,2,171.94,325.88,55.72,204.51,0.848,-1,-1,-1
421,6,551.85,400.82,67.00,244.01,0.900,-1,-1,-1
421,7,693.59,405.14,68.14,246.61,0.899,-1,-1,-1
421,9,6.21,306.46,77.96,203.63,0.140,-1,-1,-1
421,12,14.89,370.70,58.30,226.98,0.713,-1,-1,-1
421,13,-101.72,421.81,403.44,142.38,0.614,-1,-1,-1
422,1,1232.72,334.20,60.01,205.76,0.874,-1,-1,-1
422,2,169.29,326.17,55.24,202.82,0.810,-1,-1,-1
422,6,555.65,400.23,67.05,244.16,0.898,-1,-1,-1
422,7,689.79,406.27,68.05,246.32,0.894,-1,-1,-1
422,9,6.94,307.17,76.67,199.07,0.119,-1,-1,-1
422,12,16.12,369.54,59.77,227.44,0.732,-1,-1,-1
422,13,-137.21,408.87,476.31,171.82,0.604,-1,-1,-1
423,1,1235.34,334.81,57.90,205.45,0.855,-1,-1,-1
423,2,166.56,326.65,54.82,201.20,0.750,-1,-1,-1
423,6,559.11,401.01,66.90,243.78,0.908,-1,-1,-1
423,7,686.51,406.67,68.17,247.00,0.899,-1,-1,-1
423,9,7.62,307.39,75.09,193.78,0.151,-1,-1,-1
423,12,18.29,368.53,61.00,227.69,0.669,-1,-1,-1
423,13,-198.81,370.74,602.14,222.33,0.541,-1,-1,-1
424,1,1238.00,334.47,55.89,205.66,0.841,-1,-1,-1
424,2,163.28,325.09,55.10,202.23,0.730,-1,-1,-1
424,6,562.87,401.21,67.08,244.42,0.907,-1,-1,-1
424,7,682.65,407.38,68.26,247.29,0.885,-1,-1,-1
424,9,9.56,321.77,77.78,200.91,-1.000,-1,-1,-1
424,12,20.58,369.03,62.20,226.28,0.779,-1,-1,-1
424,13,-238.52,339.91,684.75,262.14,0.722,-1,-1,-1
425,1,1240.63,334.81,53.52,204.78,0.846,-1,-1,-1
425,2,160.31,324.89,55.12,202.09,0.820,-1,-1,-1
425,6,566.05,401.99,67.10,244.48,0.908,-1,-1,-1
425,7,679.60,408.06,68.15,246.87,0.892,-1,-1,-1
425,9,11.49,336.14,80.47,208.03,-1.000,-1,-1,-1
425,12,22.95,369.48,63.44,226.13,0.753,-1,-1,-1
425,13,-251.71,319.32,713.60,289.65,0.888,-1,-1,-1
426,1,1244.08,339.69,50.25,198.83,0.761,-1,-1,-1
426,2,157.13,324.55,55.25,202.50,0.808,-1,-1,-1
426,6,569.18,403.02,67.03,244.31,0.902,-1,-1,-1
426,7,675.80,408.23,68.16,246.70,0.906,-1,-1,-1
426,9,13.42,350.52,83.16,215.15,-1.000,-1,-1,-1
426,12,24.80,370.71,64.71,225.86,0.788,-1,-1,-1
426,13,-251.07,310.09,714.77,301.49,0.749,-1,-1,-1
427,1,1248.01,349.17,45.96,188.24,0.746,-1,-1,-1
427,2,154.19,326.59,55.04,201.71,0.795,-1,-1,-1
427,6,572.53,402.18,67.29,245.40,0.901,-1,-1,-1
427,7,671.87,407.64,68.13,246.63,0.911,-1,-1,-1
427,9,15.35,364.90,85.85,222.28,0.832,-1,-1,-1
427,12,44.67,381.28,69.55,221.53,0.566,-1,-1,-1
427,13,-246.64,308.40,708.06,303.69,-1.000,-1,-1,-1
428,1,1250.99,355.67,43.00,181.20,0.632,-1,-1,-1
428,2,151.34,326.31,55.26,202.53,0.830,-1,-1,-1
428,6,575.85,402.85,67.01,244.40,0.903,-1,-1,-1
428,7,668.59,407.07,67.89,245.73,0.898,-1,-1,-1
428,9,18.84,371.77,86.71,224.95,0.779,-1,-1,-1
428,12,53.96,386.36,72.59,220.09,-1.000,-1,-1,-1
428,13,-242.21,306.72,701.34,305.90,0.663,-1,-1,-1
429,2,148.19,326.37,55.52,203.63,0.822,-1,-1,-1
429,6,579.50,402.26,67.12,244.63,0.885,-1,-1,-1
429,7,664.42,406.35,68.05,245.88,0.894,-1,-1,-1
429,9,21.12,374.16,87.25,226.84,0.761,-1,-1,-1
429,12,63.26,391.43,75.63,218.65,0.599,-1,-1,-1
429,13,-231.42,308.80,682.54,302.50,-1.000,-1,-1,-1
430,2,145.34,327.55,55.22,202.35,0.716,-1,-1,-1
430,6,582.85,401.30,67.14,244.64,0.887,-1,-1,-1
430,7,661.12,405.24,68.13,246.27,0.895,-1,-1,-1
430,9,24.24,375.03,87.51,227.80,0.771,-1,-1,-1
430,12,66.36,390.77,80.37,221.37,-1.000,-1,-1,-1
430,13,-220.64,310.88,663.73,299.11,0.630,-1,-1,-1
431,2,142.10,326.91,55.63,203.94,0.668,-1,-1,-1
431,6,585.84,401.16,67.03,243.89,0.877,-1,-1,-1
431,7,657.66,405.74,68.06,246.15,0.898,-1,-1,-1
431,9,26.88,374.03,87.35,227.95,0.777,-1,-1,-1
431,12,69.46,390.10,85.12,224.10,0.634,-1,-1,-1
431,13,-214.39,311.72,653.82,297.73,-1.000,-1,-1,-1
432,2,138.67,325.56,56.24,206.31,0.497,-1,-1,-1
432,6,589.36,400.50,67.20,244.52,0.864,-1,-1,-1
432,7,654.54,406.45,67.94,246.27,0.882,-1,-1,-1
432,9,29.40,373.15,86.89,227.63,0.787,-1,-1,-1
432,12,68.55,390.49,94.05,223.89,0.705,-1,-1,-1
432,13,-208.13,312.56,643.92,296.34,-1.000,-1,-1,-1
433,2,138.64,324.82,50.90,184.44,0.688,-1,-1,-1
433,6,592.03,400.55,67.11,244.68,0.847,-1,-1,-1
433,7,651.63,406.25,67.88,246.75,0.864,-1,-1,-1
433,9,32.24,372.23,86.31,227.42,0.829,-1,-1,-1
433,12,67.83,389.96,101.28,223.54,0.634,-1,-1,-1
433,13,-201.88,313.39,634.01,294.96,-1.000,-1,-1,-1
434,2,136.68,324.76,47.87,170.20,0.868,-1,-1,-1
434,6,595.20,400.76,66.83,245.13,0.840,-1,-1,-1
434,7,647.35,407.31,67.81,246.44,0.834,-1,-1,-1
434,9,35.09,371.88,85.99,227.19,0.799,-1,-1,-1
434,13,-195.63,314.23,624.11,293.58,0.687,-1,-1,-1
435,2,134.13,324.72,47.28,165.29,0.865,-1,-1,-1
435,6,597.54,401.05,66.77,246.38,0.857,-1,-1,-1
435,7,643.90,407.19,67.97,247.32,0.861,-1,-1,-1
435,9,37.68,371.55,86.07,227.46,0.788,-1,-1,-1
435,13,-169.59,317.81,576.26,289.68,0.875,-1,-1,-1
436,2,131.38,324.71,47.47,163.75,0.846,-1,-1,-1
436,6,599.60,401.79,66.31,246.61,0.803,-1,-1,-1
436,7,640.40,407.30,67.96,247.50,0.865,-1,-1,-1
436,9,39.93,370.58,86.56,228.68,0.800,-1,-1,-1
436,13,-155.76,318.79,550.23,288.40,0.739,-1,-1,-1
437,2,128.06,325.17,47.79,162.87,0.837,-1,-1,-1
437,6,601.56,402.80,65.86,247.24,0.676,-1,-1,-1
437,7,636.81,407.29,67.77,246.87,0.647,-1,-1,-1
437,9,42.28,371.67,86.67,228.79,0.748,-1,-1,-1
437,13,-145.68,319.69,531.51,287.68,0.648,-1,-1,-1
438,2,124.85,325.71,48.24,162.84,0.781,-1,-1,-1
438,6,604.89,403.16,65.85,247.96,0.451,-1,-1,-1
438,7,633.30,407.11,67.54,246.00,0.544,-1,-1,-1
438,9,45.39,371.91,86.52,228.30,0.785,-1,-1,-1
438,13,-128.58,321.39,501.61,287.57,0.889,-1,-1,-1
439,2,121.62,325.96,49.03,164.14,0.793,-1,-1,-1
439,6,606.63,402.81,64.44,244.63,0.322,-1,-1,-1
439,7,624.04,406.19,68.61,246.41,0.804,-1,-1,-1
439,9,47.56,371.61,86.44,228.38,0.791,-1,-1,-1
439,13,-112.48,323.87,471.50,285.19,0.903,-1,-1,-1
440,2,118.50,326.52,49.42,164.27,0.828,-1,-1,-1
440,6,612.89,402.49,63.65,242.28,-1.000,-1,-1,-1
440,7,620.11,405.08,69.43,246.83,0.880,-1,-1,-1
440,9,50.28,370.74,86.29,228.34,0.800,-1,-1,-1
440,13,-97.55,326.81,444.95,282.78,0.918,-1,-1,-1
441,2,115.68,326.68,49.78,164.51,0.829,-1,-1,-1
441,6,619.15,402.18,62.86,239.93,-1.000,-1,-1,-1
441,7,617.98,402.18,70.11,249.52,0.900,-1,-1,-1
441,9,52.78,369.57,86.12,228.20,0.785,-1,-1,-1
441,13,-85.76,328.97,424.44,282.08,0.922,-1,-1,-1
442,2,112.61,326.20,50.28,165.68,0.784,-1,-1,-1
442,6,625.41,401.87,62.06,237.58,-1.000,-1,-1,-1
442,7,616.78,400.18,70.97,251.95,0.905,-1,-1,-1
442,9,55.61,368.33,86.20,228.66,0.677,-1,-1,-1
442,13,-76.30,330.86,407.34,280.62,0.888,-1,-1,-1
443,2,109.68,325.38,50.72,166.92,0.698,-1,-1,-1
443,6,631.67,401.56,61.27,235.24,-1.000,-1,-1,-1
443,7,616.14,403.42,70.70,249.25,0.867,-1,-1,-1
443,9,58.67,367.00,86.19,228.89,0.726,-1,-1,-1
443,13,-57.22,351.90,370.82,259.08,0.711,-1,-1,-1
444,2,107.11,324.16,51.02,167.74,0.781,-1,-1,-1
444,6,637.93,401.25,60.48,232.89,-1.000,-1,-1,-1
444,7,614.82,405.16,71.16,248.05,0.738,-1,-1,-1
444,9,61.27,366.64,85.98,228.44,0.808,-1,-1,-1
444,13,-58.29,340.61,374.95,268.91,0.825,-1,-1,-1
445,2,104.71,323.60,50.67,166.57,0.802,-1,-1,-1
445,6,644.18,400.94,59.68,230.54,0.777,-1,-1,-1
445,7,608.50,406.98,70.74,247.57,0.838,-1,-1,-1
445,9,63.75,366.58,85.89,227.86,0.838,-1,-1,-1
445,13,-39.91,360.17,340.42,248.28,0.856,-1,-1,-1
446,2,102.36,323.98,50.20,165.09,0.758,-1,-1,-1
446,6,649.40,400.95,58.78,230.67,0.784,-1,-1,-1
446,7,604.46,407.81,70.76,247.25,0.873,-1,-1,-1
446,9,65.66,368.20,85.27,226.46,0.834,-1,-1,-1
446,13,-27.61,372.51,318.07,235.76,0.909,-1,-1,-1
447,2,100.71,324.71,48.97,161.04,0.703,-1,-1,-1
447,6,651.17,401.63,60.23,239.53,0.848,-1,-1,-1
447,7,599.43,407.18,70.70,248.00,0.854,-1,-1,-1
447,9,68.60,368.68,85.28,226.50,0.726,-1,-1,-1
447,13,-21.63,375.92,308.82,232.46,0.931,-1,-1,-1
448,2,96.92,325.00,48.37,158.10,0.648,-1,-1,-1
448,6,653.02,401.85,60.59,242.74,0.847,-1,-1,-1
448,7,595.52,407.35,70.23,246.94,0.874,-1,-1,-1
448,9,72.33,369.47,85.24,226.16,0.790,-1,-1,-1
448,13,-18.58,376.12,306.21,233.36,0.896,-1,-1,-1
448,14,27.15,278.70,29.13,63.32,0.832,-1,-1,-1
449,2,93.75,325.67,47.54,154.16,0.546,-1,-1,-1
449,6,654.10,402.04,61.13,243.98,0.877,-1,-1,-1
449,7,591.80,406.66,69.84,246.44,0.893,-1,-1,-1
449,9,75.45,370.12,85.26,226.11,0.804,-1,-1,-1
449,13,-15.26,378.77,302.11,232.77,0.922,-1,-1,-1
449,14,18.29,278.47,36.52,79.02,0.849,-1,-1,-1
450,2,95.08,326.41,37.20,113.44,0.718,-1,-1,-1
450,6,656.28,401.17,61.63,245.02,0.874,-1,-1,-1
450,7,588.67,406.11,69.44,245.30,0.849,-1,-1,-1
450,9,77.84,369.91,85.29,226.31,0.821,-1,-1,-1
450,13,-11.74,379.59,298.72,232.13,0.926,-1,-1,-1
450,14,8.47,278.60,40.14,86.37,0.861,-1,-1,-1
451,2,95.01,326.83,31.44,89.03,0.827,-1,-1,-1
451,6,657.90,400.99,61.93,244.52,0.898,-1,-1,-1
451,7,584.85,405.19,69.53,245.86,0.864,-1,-1,-1
451,9,80.08,370.54,84.94,225.11,0.818,-1,-1,-1
451,13,-8.62,381.79,295.03,230.76,0.927,-1,-1,-1
451,14,0.21,278.69,41.99,90.58,0.887,-1,-1,-1
452,2,92.12,325.82,31.58,84.36,0.824,-1,-1,-1
452,6,660.52,400.58,62.28,243.88,0.897,-1,-1,-1
452,7,581.10,404.61,69.56,246.28,0.895,-1,-1,-1
452,9,81.98,370.46,84.68,224.63,0.803,-1,-1,-1
452,13,-6.31,381.70,293.35,230.63,0.942,-1,-1,-1
452,14,-6.65,277.80,43.12,94.09,0.845,-1,-1,-1
453,2,88.03,325.16,31.98,81.84,0.813,-1,-1,-1
453,6,662.92,400.05,62.81,243.98,0.904,-1,-1,-1
453,7,577.90,405.18,69.48,246.22,0.894,-1,-1,-1
453,9,84.59,367.86,85.13,226.20,0.780,-1,-1,-1
453,13,-4.37,380.28,293.20,231.34,0.921,-1,-1,-1
453,14,-12.33,278.46,42.82,94.80,0.682,-1,-1,-1
454,2,83.73,323.89,33.61,83.17,0.818,-1,-1,-1
454,6,666.02,400.14,63.39,244.18,0.902,-1,-1,-1
454,7,574.51,405.62,69.52,246.85,0.900,-1,-1,-1
454,9,87.61,366.18,85.50,227.12,0.746,-1,-1,-1
454,13,-3.05,379.54,291.81,230.89,0.908,-1,-1,-1
455,2,80.24,323.04,34.36,82.69,0.799,-1,-1,-1
455,6,669.25,401.27,63.59,243.69,0.910,-1,-1,-1
455,7,571.00,406.22,69.53,247.21,0.902,-1,-1,-1
455,9,90.67,365.40,85.58,227.33,0.807,-1,-1,-1
455,13,-2.90,375.45,293.85,233.22,0.910,-1,-1,-1
456,2,77.26,322.62,34.87,82.64,0.624,-1,-1,-1
456,6,672.19,401.50,64.00,244.19,0.916,-1,-1,-1
456,7,567.43,407.47,69.40,247.31,0.898,-1,-1,-1
456,9,93.21,366.24,85.35,226.73,0.837,-1,-1,-1
456,13,-2.46,372.98,294.72,234.51,0.908,-1,-1,-1
457,2,75.48,323.73,34.73,80.86,0.694,-1,-1,-1
457,6,675.63,402.13,64.42,244.59,0.920,-1,-1,-1
457,7,563.46,407.50,69.47,248.03,0.899,-1,-1,-1
457,9,95.60,367.23,85.09,226.27,0.856,-1,-1,-1
457,13,-0.15,373.39,293.42,233.53,0.863,-1,-1,-1
458,2,73.93,324.43,35.65,81.40,0.792,-1,-1,-1
458,6,679.00,402.44,64.70,244.81,0.914,-1,-1,-1
458,7,560.11,406.83,69.44,248.36,0.903,-1,-1,-1
458,9,97.72,368.04,85.16,226.39,0.850,-1,-1,-1
458,13,-0.18,371.94,296.30,236.11,0.913,-1,-1,-1
459,2,72.70,325.07,35.81,80.78,0.774,-1,-1,-1
459,6,682.22,402.53,65.03,245.08,0.901,-1,-1,-1
459,7,556.58,406.66,69.06,247.28,0.904,-1,-1,-1
459,9,100.71,368.45,85.41,227.04,0.786,-1,-1,-1
459,13,0.70,373.22,296.56,236.37,0.917,-1,-1,-1
460,2,72.02,325.48,34.06,75.32,0.821,-1,-1,-1
460,6,685.55,401.59,65.24,245.17,0.905,-1,-1,-1
460,7,553.11,405.15,69.03,247.31,0.892,-1,-1,-1
460,9,104.19,368.17,85.40,226.81,0.796,-1,-1,-1
460,13,1.01,372.81,299.63,238.87,0.914,-1,-1,-1
461,2,70.20,325.60,33.36,72.56,0.819,-1,-1,-1
461,6,688.79,401.41,65.19,244.46,0.909,-1,-1,-1
461,7,549.43,404.81,68.87,246.83,0.902,-1,-1,-1
461,9,106.84,368.32,85.38,226.53,0.830,-1,-1,-1
461,13,2.88,374.72,298.24,237.37,0.924,-1,-1,-1
462,2,68.04,325.78,32.52,69.42,0.810,-1,-1,-1
462,6,692.48,400.28,65.16,243.70,0.904,-1,-1,-1
462,7,545.19,404.27,68.91,246.95,0.912,-1,-1,-1
462,9,108.80,366.30,85.77,227.98,0.815,-1,-1,-1
462,13,5.12,377.52,296.09,234.86,0.931,-1,-1,-1
463,2,66.34,325.84,31.13,64.92,0.820,-1,-1,-1
463,6,695.67,399.76,65.34,243.68,0.903,-1,-1,-1
463,7,542.03,405.13,68.74,246.65,0.903,-1,-1,-1
463,9,111.54,366.13,85.32,227.02,0.831,-1,-1,-1
463,13,7.46,379.08,294.83,232.68,0.935,-1,-1,-1
464,2,63.88,324.68,30.52,62.45,0.801,-1,-1,-1
464,6,699.23,399.54,65.49,243.75,0.902,-1,-1,-1
464,7,538.30,405.94,68.62,246.47,0.899,-1,-1,-1
464,9,113.88,366.05,85.01,226.52,0.830,-1,-1,-1
464,13,7.62,377.37,296.09,232.73,0.922,-1,-1,-1
465,2,61.39,323.91,29.29,58.96,0.709,-1,-1,-1
465,6,702.55,400.35,65.40,243.31,0.909,-1,-1,-1
465,7,535.02,406.36,68.70,247.07,0.904,-1,-1,-1
465,9,116.11,365.03,84.98,226.85,0.778,-1,-1,-1
465,13,8.25,376.26,297.35,232.58,0.934,-1,-1,-1
466,2,58.15,323.08,28.24,55.69,0.723,-1,-1,-1
466,6,705.20,400.14,65.88,244.53,0.910,-1,-1,-1
466,7,531.55,406.97,68.83,247.71,0.904,-1,-1,-1
466,9,119.54,365.78,84.85,226.28,0.764,-1,-1,-1
466,13,8.24,373.86,300.78,234.27,0.924,-1,-1,-1
467,2,55.46,323.32,27.61,53.57,0.667,-1,-1,-1
467,6,708.76,400.76,66.18,245.04,0.905,-1,-1,-1
467,7,527.81,407.27,68.90,248.29,0.895,-1,-1,-1
467,9,122.63,366.21,85.07,226.23,0.808,-1,-1,-1
467,13,9.05,374.39,301.46,233.57,0.919,-1,-1,-1
467,15,0.22,352.19,60.81,79.13,0.701,-1,-1,-1
468,2,52.76,323.88,26.92,51.21,0.667,-1,-1,-1
468,6,711.96,402.03,66.21,244.85,0.901,-1,-1,-1
468,7,524.49,407.04,68.72,247.84,0.904,-1,-1,-1
468,9,125.09,366.92,85.08,226.30,0.812,-1,-1,-1
468,13,9.81,375.22,302.03,232.75,0.907,-1,-1,-1
468,15,0.60,353.77,59.28,77.13,0.509,-1,-1,-1
469,2,50.41,324.20,25.83,48.32,0.472,-1,-1,-1
469,6,715.63,402.27,66.24,244.68,0.901,-1,-1,-1
469,7,520.69,406.90,68.50,246.92,0.894,-1,-1,-1
469,9,127.25,367.99,84.92,226.15,0.854,-1,-1,-1
469,13,9.93,373.67,304.86,233.82,0.896,-1,-1,-1
469,15,0.44,355.56,58.21,75.73,0.543,-1,-1,-1
470,2,48.60,324.89,24.33,44.59,0.323,-1,-1,-1
470,6,719.01,401.78,66.27,244.74,0.907,-1,-1,-1
470,7,517.37,406.29,68.36,246.66,0.904,-1,-1,-1
470,9,129.25,368.44,84.64,225.90,0.836,-1,-1,-1
470,13,9.30,372.33,308.86,235.91,0.888,-1,-1,-1
470,15,0.13,357.46,57.65,75.02,0.696,-1,-1,-1
471,2,45.49,325.44,22.91,41.07,0.432,-1,-1,-1
471,6,722.15,401.01,66.33,244.71,0.906,-1,-1,-1
471,7,513.39,405.12,68.42,246.76,0.908,-1,-1,-1
471,9,131.83,368.15,84.61,226.13,0.785,-1,-1,-1
471,13,9.28,373.33,310.79,236.36,0.882,-1,-1,-1
471,15,0.31,358.66,57.09,74.30,0.698,-1,-1,-1
472,2,41.58,325.81,22.08,38.75,0.411,-1,-1,-1
472,6,726.04,400.64,66.23,244.16,0.909,-1,-1,-1
472,7,509.49,404.86,68.23,246.21,0.902,-1,-1,-1
472,9,135.52,367.48,84.66,226.11,0.757,-1,-1,-1
472,13,10.22,374.78,312.67,236.36,0.919,-1,-1,-1
472,15,0.55,360.57,56.10,73.01,0.750,-1,-1,-1
473,2,34.92,325.29,24.36,41.89,-1.000,-1,-1,-1
473,6,729.21,399.82,66.32,243.88,0.905,-1,-1,-1
473,7,506.16,404.44,68.28,246.41,0.905,-1,-1,-1
473,9,138.07,365.43,85.14,227.42,0.731,-1,-1,-1
473,13,11.03,375.73,313.90,235.80,0.915,-1,-1,-1
473,15,0.85,361.54,55.64,72.36,0.721,-1,-1,-1
474,2,28.26,324.78,26.65,45.03,0.652,-1,-1,-1
474,6,732.84,400.06,66.24,243.27,0.908,-1,-1,-1
474,7,502.75,405.07,68.28,246.44,0.906,-1,-1,-1
474,9,140.46,364.57,85.19,227.59,0.800,-1,-1,-1
474,13,11.77,376.53,313.68,234.02,0.926,-1,-1,-1
474,15,1.22,361.75,55.50,72.08,0.739,-1,-1,-1
475,2,21.77,322.83,31.43,51.44,0.751,-1,-1,-1
475,6,735.91,399.62,66.39,243.67,0.912,-1,-1,-1
475,7,499.50,405.82,68.30,246.58,0.899,-1,-1,-1
475,9,142.91,365.14,84.86,226.95,0.842,-1,-1,-1
475,13,13.21,376.23,313.55,232.01,0.933,-1,-1,-1
475,15,6.23,363.00,54.58,70.15,0.708,-1,-1,-1
476,2,16.00,321.94,35.52,57.24,0.640,-1,-1,-1
476,6,738.86,399.94,66.56,243.93,0.909,-1,-1,-1
476,7,495.73,406.48,68.38,247.11,0.898,-1,-1,-1
476,9,145.03,365.46,84.75,226.60,0.857,-1,-1,-1
476,13,13.69,376.65,314.03,230.53,0.927,-1,-1,-1
476,15,10.43,363.56,54.07,69.12,0.622,-1,-1,-1
477,2,6.27,321.34,48.69,79.37,0.602,-1,-1,-1
477,6,742.48,400.40,66.66,244.26,0.905,-1,-1,-1
477,7,491.91,407.37,68.45,247.24,0.900,-1,-1,-1
477,9,147.38,366.43,84.40,225.90,0.837,-1,-1,-1
477,13,13.24,375.53,317.39,231.36,0.932,-1,-1,-1
477,15,12.82,363.95,53.60,68.15,0.532,-1,-1,-1
478,2,-0.67,321.78,56.81,93.92,0.769,-1,-1,-1
478,6,745.66,401.12,66.76,244.44,0.897,-1,-1,-1
478,7,488.37,406.97,68.53,247.58,0.896,-1,-1,-1
478,9,150.18,366.56,84.48,226.26,0.791,-1,-1,-1
478,13,13.76,375.76,319.27,230.90,0.938,-1,-1,-1
478,15,14.15,364.41,53.53,67.52,0.638,-1,-1,-1
479,2,-5.61,322.77,60.73,102.56,0.837,-1,-1,-1
479,6,749.37,401.29,66.80,244.57,0.908,-1,-1,-1
479,7,484.35,406.17,68.55,247.77,0.907,-1,-1,-1
479,9,153.65,367.06,84.76,226.33,0.801,-1,-1,-1
479,13,13.25,374.44,323.38,232.30,0.922,-1,-1,-1
479,15,15.79,366.14,52.65,65.85,0.625,-1,-1,-1
480,2,-8.75,323.18,62.42,108.01,0.842,-1,-1,-1
480,6,752.81,401.47,66.84,244.64,0.908,-1,-1,-1
480,7,480.92,405.78,68.39,247.05,0.909,-1,-1,-1
480,9,155.90,365.68,85.49,228.27,0.823,-1,-1,-1
480,13,13.54,374.55,325.49,232.20,0.911,-1,-1,-1
480,15,16.09,367.73,52.34,64.89,0.633,-1,-1,-1
481,2,-10.15,324.05,62.15,110.29,0.859,-1,-1,-1
481,6,755.95,400.82,66.85,244.65,0.908,-1,-1,-1
481,7,477.29,405.10,68.19,246.46,0.903,-1,-1,-1
481,9,158.00,366.11,85.41,227.99,0.838,-1,-1,-1
481,13,13.69,376.52,326.76,231.59,0.885,-1,-1,-1
481,15,16.17,369.49,52.16,64.05,0.640,-1,-1,-1
482,2,-10.85,324.81,60.81,111.01,0.874,-1,-1,-1
482,6,759.62,400.57,66.77,244.17,0.906,-1,-1,-1
482,7,473.47,404.53,68.25,246.58,0.904,-1,-1,-1
482,9,160.28,366.41,85.03,227.39,0.844,-1,-1,-1
482,13,14.38,377.08,328.82,231.38,0.888,-1,-1,-1
482,15,16.16,370.64,52.26,63.32,0.733,-1,-1,-1
483,2,-9.02,324.28,52.68,95.26,0.550,-1,-1,-1
483,6,762.86,400.25,66.63,243.56,0.904,-1,-1,-1
483,7,470.29,404.62,68.20,246.39,0.907,-1,-1,-1
483,9,163.31,366.88,84.51,226.35,0.815,-1,-1,-1
483,13,14.06,376.26,331.91,231.89,0.910,-1,-1,-1
483,15,14.38,371.39,52.92,63.09,0.606,-1,-1,-1
484,2,-11.65,324.35,56.07,103.76,0.704,-1,-1,-1
484,6,766.72,399.10,66.63,243.51,0.913,-1,-1,-1
484,7,466.63,404.43,68.24,246.69,0.902,-1,-1,-1
484,9,165.97,366.20,84.52,226.69,0.769,-1,-1,-1
484,13,14.41,376.28,333.64,231.34,0.910,-1,-1,-1
484,15,14.20,372.25,52.88,61.97,0.636,-1,-1,-1
485,2,-12.82,323.20,56.46,108.82,0.870,-1,-1,-1
485,6,769.67,399.21,66.81,243.81,0.914,-1,-1,-1
485,7,463.39,406.03,68.18,246.57,0.897,-1,-1,-1
485,9,169.45,365.12,84.75,227.03,0.785,-1,-1,-1
485,13,14.83,375.89,336.36,231.44,0.915,-1,-1,-1
485,15,15.48,372.62,52.76,61.00,0.654,-1,-1,-1
486,2,-13.30,323.28,55.11,110.70,0.872,-1,-1,-1
486,6,772.71,399.54,66.85,243.47,0.909,-1,-1,-1
486,7,459.77,406.60,68.32,246.98,0.898,-1,-1,-1
486,9,171.97,364.44,85.00,227.37,0.774,-1,-1,-1
486,13,14.46,375.13,339.14,231.79,0.909,-1,-1,-1
486,15,15.83,373.41,52.54,60.01,0.591,-1,-1,-1
487,2,-13.72,322.93,53.84,112.88,0.871,-1,-1,-1
487,6,776.43,400.32,66.89,243.38,0.898,-1,-1,-1
487,7,455.88,406.88,68.38,247.26,0.896,-1,-1,-1
487,9,174.17,364.17,84.80,226.87,0.857,-1,-1,-1
487,13,14.19,374.56,341.47,231.77,0.919,-1,-1,-1
487,15,16.09,373.74,52.78,59.49,0.606,-1,-1,-1
488,2,-14.42,322.61,53.03,116.31,0.864,-1,-1,-1
488,6,779.64,400.67,67.13,244.35,0.903,-1,-1,-1
488,7,452.33,406.78,68.40,247.55,0.900,-1,-1,-1
488,9,176.56,365.13,84.70,226.38,0.873,-1,-1,-1
488,13,14.78,374.58,343.47,231.33,0.927,-1,-1,-1
488,15,15.66,374.97,53.18,59.33,0.553,-1,-1,-1
489,2,-15.09,323.16,51.81,118.76,0.838,-1,-1,-1
489,6,783.46,401.22,67.11,244.53,0.911,-1,-1,-1
489,7,448.47,406.92,68.32,247.24,0.907,-1,-1,-1
489,9,178.75,365.68,84.65,226.41,0.849,-1,-1,-1
489,13,14.19,373.60,347.38,232.46,0.907,-1,-1,-1
489,15,15.81,375.92,53.29,58.88,0.574,-1,-1,-1
490,2,-16.25,323.84,51.50,122.83,0.769,-1,-1,-1
490,6,786.87,401.35,67.11,244.66,0.910,-1,-1,-1
490,7,445.37,406.90,68.12,246.62,0.902,-1,-1,-1
490,9,181.62,366.45,84.46,225.82,0.790,-1,-1,-1
490,13,35.57,375.08,343.64,231.68,0.920,-1,-1,-1
491,2,-17.23,326.35,50.58,124.46,0.647,-1,-1,-1
491,6,789.93,400.94,67.12,244.74,0.910,-1,-1,-1
491,7,441.51,405.43,68.15,246.40,0.907,-1,-1,-1
491,9,184.86,366.60,84.67,226.11,0.776,-1,-1,-1
491,13,46.77,377.01,340.83,231.16,0.919,-1,-1,-1
491,16,-0.72,380.41,97.31,229.08,0.896,-1,-1,-1
492,2,-16.87,335.95,47.03,118.79,0.554,-1,-1,-1
492,6,793.56,400.81,66.90,243.89,0.905,-1,-1,-1
492,7,437.67,405.00,68.13,246.35,0.907,-1,-1,-1
492,9,187.70,366.74,84.84,226.13,0.815,-1,-1,-1
492,13,60.26,378.24,336.29,229.97,0.877,-1,-1,-1
492,16,-1.15,381.21,97.73,230.18,0.883,-1,-1,-1
493,2,-15.37,348.01,41.82,110.03,0.714,-1,-1,-1
493,6,796.75,400.36,66.79,243.43,0.908,-1,-1,-1
493,7,434.36,404.59,67.94,245.93,0.903,-1,-1,-1
493,9,189.66,365.74,85.03,226.81,0.823,-1,-1,-1
493,13,58.99,378.91,336.16,230.65,0.914,-1,-1,-1
493,16,-1.91,382.09,97.99,231.07,0.883,-1,-1,-1
494,2,-15.36,354.15,39.11,106.05,0.539,-1,-1,-1
494,6,800.41,399.15,66.84,243.44,0.918,-1,-1,-1
494,7,430.80,404.79,67.95,246.25,0.897,-1,-1,-1
494,9,191.96,365.02,85.00,227.09,0.850,-1,-1,-1
494,13,58.87,377.96,336.68,231.90,0.913,-1,-1,-1
494,16,-0.88,382.21,98.31,231.86,0.884,-1,-1,-1
495,6,803.56,398.87,66.90,243.32,0.913,-1,-1,-1
495,7,427.40,405.34,67.95,246.12,0.892,-1,-1,-1
495,9,194.66,364.85,84.74,226.72,0.853,-1,-1,-1
495,13,59.69,376.87,337.07,232.53,0.867,-1,-1,-1
495,16,-1.29,382.44,98.95,233.65,0.873,-1,-1,-1
496,6,806.87,399.62,66.89,243.05,0.905,-1,-1,-1
496,7,423.83,406.31,68.00,246.12,0.894,-1,-1,-1
496,9,197.20,364.72,84.59,226.60,0.790,-1,-1,-1
496,13,61.63,377.28,335.18,231.61,0.895,-1,-1,-1
496,16,-1.43,381.76,99.36,234.92,0.874,-1,-1,-1
497,6,810.39,400.14,67.02,243.47,0.898,-1,-1,-1
497,7,419.64,406.52,68.27,247.12,0.898,-1,-1,-1
497,9,200.22,364.57,84.63,226.53,0.800,-1,-1,-1
497,13,66.19,376.81,334.03,231.40,0.903,-1,-1,-1
497,16,-1.15,383.23,99.09,234.51,0.889,-1,-1,-1
498,6,813.66,400.01,67.20,244.39,0.907,-1,-1,-1
498,7,416.23,406.91,68.22,246.97,0.903,-1,-1,-1
498,9,203.24,364.40,84.88,226.92,0.818,-1,-1,-1
498,13,68.69,376.09,333.17,230.96,0.894,-1,-1,-1
498,16,-1.16,384.29,99.02,234.67,0.899,-1,-1,-1
499,6,817.40,401.01,67.22,244.59,0.913,-1,-1,-1
499,7,412.54,407.01,68.14,246.77,0.896,-1,-1,-1
499,9,205.36,364.80,84.88,226.88,0.845,-1,-1,-1
499,13,67.97,374.94,333.43,231.09,0.909,-1,-1,-1
499,16,-0.90,386.08,99.06,234.98,0.894,-1,-1,-1
500,6,820.75,401.36,67.25,244.65,0.912,-1,-1,-1
500,7,409.45,407.02,67.97,245.94,0.897,-1,-1,-1
500,9,207.93,366.01,84.63,226.01,0.875,-1,-1,-1
500,13,68.44,375.08,333.79,231.10,0.882,-1,-1,-1
500,16,-0.26,387.56,98.95,234.69,0.897,-1,-1,-1
501,6,823.72,401.60,67.23,244.56,0.910,-1,-1,-1
501,7,405.80,406.35,68.02,246.03,0.899,-1,-1,-1
501,9,209.93,366.65,84.66,225.94,0.851,-1,-1,-1
501,13,71.39,375.23,334.01,231.39,0.911,-1,-1,-1
501,16,-0.61,389.22,99.22,235.64,0.898,-1,-1,-1
502,6,827.39,401.95,66.96,243.56,0.904,-1,-1,-1
502,7,401.88,405.43,68.09,246.21,0.891,-1,-1,-1
502,9,212.23,367.03,84.29,225.49,0.789,-1,-1,-1
502,13,71.63,375.53,335.18,231.93,0.883,-1,-1,-1
502,16,-0.44,391.33,99.45,236.35,0.889,-1,-1,-1
503,6,830.83,400.47,66.99,243.83,0.913,-1,-1,-1
503,7,398.41,405.36,67.79,245.62,0.893,-1,-1,-1
503,9,215.52,366.38,84.43,225.92,0.751,-1,-1,-1
503,13,70.22,376.05,336.29,232.53,0.868,-1,-1,-1
503,16,-0.37,392.59,99.66,236.98,0.881,-1,-1,-1
504,6,834.31,399.36,66.99,243.54,0.915,-1,-1,-1
504,7,395.19,405.06,67.67,245.57,0.887,-1,-1,-1
504,9,218.68,365.21,84.84,226.81,0.748,-1,-1,-1
504,13,68.54,375.66,337.38,233.32,0.851,-1,-1,-1
504,16,-0.43,393.77,99.74,237.41,0.886,-1,-1,-1
505,6,838.23,399.76,66.70,242.42,0.905,-1,-1,-1
505,7,391.87,404.91,67.79,246.10,0.898,-1,-1,-1
505,9,221.17,363.96,84.81,226.85,0.799,-1,-1,-1
505,13,67.53,375.58,336.94,233.17,0.873,-1,-1,-1
505,16,-0.56,393.80,99.84,237.96,0.883,-1,-1,-1
506,6,841.12,399.36,66.87,242.52,0.899,-1,-1,-1
506,7,387.83,405.41,67.94,246.47,0.902,-1,-1,-1
506,9,223.40,363.51,84.59,226.57,0.862,-1,-1,-1
506,13,66.01,375.71,335.80,232.51,0.870,-1,-1,-1
506,16,-1.10,393.90,100.04,239.01,0.873,-1,-1,-1
507,6,844.70,399.31,67.04,243.20,0.907,-1,-1,-1
507,7,383.83,405.80,68.01,246.76,0.898,-1,-1,-1
507,9,225.31,363.75,84.27,225.96,0.872,-1,-1,-1
507,13,64.13,375.15,334.27,231.60,0.806,-1,-1,-1
507,16,-1.07,394.20,99.90,239.15,0.882,-1,-1,-1
508,6,848.02,400.04,67.03,243.39,0.904,-1,-1,-1
508,7,380.62,406.60,67.96,246.76,0.886,-1,-1,-1
508,9,228.15,364.26,84.23,226.27,0.817,-1,-1,-1
508,13,64.70,375.21,332.84,231.09,0.806,-1,-1,-1
508,16,-1.00,395.71,99.61,238.79,0.863,-1,-1,-1
509,6,851.64,400.36,67.16,244.02,0.911,-1,-1,-1
509,7,376.89,407.01,67.84,246.60,0.889,-1,-1,-1
509,9,230.96,364.30,84.51,226.93,0.804,-1,-1,-1
509,13,63.09,374.72,331.79,231.03,0.780,-1,-1,-1
509,16,-0.99,396.27,99.78,239.65,0.873,-1,-1,-1
510,6,854.76,401.07,67.26,244.41,0.909,-1,-1,-1
510,7,373.68,406.38,67.83,246.59,0.893,-1,-1,-1
510,9,234.08,365.01,84.58,226.62,0.828,-1,-1,-1
510,13,60.65,374.19,331.91,231.54,0.787,-1,-1,-1
510,16,-0.90,397.55,99.93,240.42,0.875,-1,-1,-1
511,6,857.76,401.50,67.19,244.32,0.906,-1,-1,-1
511,7,370.07,405.86,67.75,246.28,0.883,-1,-1,-1
511,9,236.43,366.04,84.49,226.03,0.854,-1,-1,-1
511,13,57.46,374.64,332.05,231.83,0.764,-1,-1,-1
511,16,-0.83,399.00,100.41,241.92,0.848,-1,-1,-1
512,6,861.38,401.24,67.04,244.10,0.911,-1,-1,-1
512,7,366.16,405.13,67.66,246.19,0.856,-1,-1,-1
512,9,238.43,366.52,84.29,225.69,0.857,-1,-1,-1
512,13,62.88,375.39,334.22,231.55,0.745,-1,-1,-1
512,16,-0.82,400.26,100.61,242.76,0.853,-1,-1,-1
513,6,864.55,400.75,67.08,244.18,0.908,-1,-1,-1
513,7,363.56,404.81,67.56,245.24,0.879,-1,-1,-1
513,9,240.53,366.23,84.27,225.90,0.856,-1,-1,-1
513,13,55.01,376.05,337.72,231.54,0.741,-1,-1,-1
513,16,-0.84,402.89,100.37,242.59,0.863,-1,-1,-1
514,6,868.21,400.20,67.08,243.73,0.909,-1,-1,-1
514,7,360.89,405.13,67.55,244.46,0.851,-1,-1,-1
514,9,242.63,365.55,84.18,226.26,0.804,-1,-1,-1
514,13,48.53,376.18,339.60,231.68,0.694,-1,-1,-1
514,16,-0.70,404.17,100.44,243.07,0.865,-1,-1,-1
515,6,871.99,400.26,66.77,242.33,0.902,-1,-1,-1
515,7,356.47,404.80,67.73,245.14,0.821,-1,-1,-1
515,9,245.77,365.07,84.01,226.01,0.794,-1,-1,-1
515,13,49.00,376.77,339.12,231.08,0.721,-1,-1,-1
515,16,-0.52,405.30,100.63,243.77,0.872,-1,-1,-1
516,6,875.33,399.82,66.67,242.01,0.899,-1,-1,-1
516,7,354.24,405.48,68.18,245.42,0.662,-1,-1,-1
516,9,248.52,363.97,84.11,226.16,0.796,-1,-1,-1
516,13,50.70,375.62,341.79,231.81,0.713,-1,-1,-1
516,16,-0.37,405.76,100.69,244.08,0.858,-1,-1,-1
517,6,879.03,398.86,66.77,242.75,0.907,-1,-1,-1
517,7,349.06,406.12,68.36,245.99,0.801,-1,-1,-1
517,9,251.08,362.72,84.11,225.97,0.817,-1,-1,-1
517,13,42.93,373.56,347.16,232.56,0.852,-1,-1,-1
518,6,882.07,399.35,66.81,242.90,0.906,-1,-1,-1
518,7,344.95,406.45,68.56,247.05,0.783,-1,-1,-1
518,9,253.43,363.20,83.89,225.65,0.855,-1,-1,-1
518,13,38.14,372.58,349.67,232.51,0.809,-1,-1,-1
519,6,885.77,399.97,66.89,243.30,0.910,-1,-1,-1
519,7,341.03,406.55,68.64,247.39,0.734,-1,-1,-1
519,9,256.00,364.04,83.99,225.79,0.861,-1,-1,-1
519,13,22.42,372.06,348.44,232.73,0.833,-1,-1,-1
520,6,888.85,400.31,67.14,244.10,0.906,-1,-1,-1
520,7,337.61,406.99,68.47,246.85,0.605,-1,-1,-1
520,9,258.09,364.53,84.00,226.17,0.850,-1,-1,-1
520,13,19.65,372.11,347.34,232.42,0.801,-1,-1,-1
521,6,891.70,400.60,67.14,244.16,0.906,-1,-1,-1
521,7,347.63,406.87,71.67,247.04,0.749,-1,-1,-1
521,9,260.03,365.32,83.63,225.97,0.832,-1,-1,-1
521,13,15.59,372.70,345.02,232.18,0.857,-1,-1,-1
522,6,895.21,400.40,67.29,244.71,0.908,-1,-1,-1
522,7,350.18,407.75,73.42,245.86,0.500,-1,-1,-1
522,9,260.92,365.53,82.81,226.02,0.831,-1,-1,-1
522,13,30.99,372.52,349.20,233.10,0.757,-1,-1,-1
523,6,898.37,400.42,67.27,244.33,0.910,-1,-1,-1
523,7,352.11,405.57,76.27,246.51,0.591,-1,-1,-1
523,9,262.27,365.84,81.84,225.91,0.810,-1,-1,-1
523,13,31.95,370.83,353.17,235.50,0.743,-1,-1,-1
524,6,902.31,400.33,67.12,243.58,0.903,-1,-1,-1
524,7,352.10,404.70,78.37,246.66,0.423,-1,-1,-1
524,9,264.08,365.43,80.21,224.87,0.855,-1,-1,-1
524,13,48.53,372.03,356.15,234.69,0.742,-1,-1,-1
525,6,905.95,400.03,66.84,242.49,0.901,-1,-1,-1
525,7,351.21,404.36,81.36,246.44,0.556,-1,-1,-1
525,9,266.14,365.54,78.49,223.61,0.864,-1,-1,-1
525,13,52.02,372.60,357.66,234.54,0.566,-1,-1,-1
526,6,909.62,398.79,66.63,242.11,0.908,-1,-1,-1
526,7,330.71,404.82,80.59,245.83,0.586,-1,-1,-1
526,9,268.34,364.64,77.60,223.89,0.814,-1,-1,-1
526,13,62.65,373.03,360.53,233.59,0.731,-1,-1,-1
527,6,912.70,399.22,66.45,241.68,0.907,-1,-1,-1
527,7,315.70,406.35,79.41,244.87,0.768,-1,-1,-1
527,9,269.55,364.02,76.14,223.51,0.796,-1,-1,-1
527,13,69.48,372.43,366.15,233.25,0.868,-1,-1,-1
528,6,915.88,398.94,66.62,242.23,0.913,-1,-1,-1
528,7,307.97,407.66,78.52,244.23,0.716,-1,-1,-1
528,9,271.15,363.64,74.70,223.56,0.798,-1,-1,-1
528,13,71.90,370.67,372.55,234.19,0.857,-1,-1,-1
529,6,919.58,399.76,66.87,243.16,0.904,-1,-1,-1
529,7,301.83,407.69,78.50,245.93,0.584,-1,-1,-1
529,9,272.91,363.01,74.04,223.58,0.530,-1,-1,-1
529,13,33.33,369.04,366.27,235.26,0.820,-1,-1,-1
530,6,922.75,400.84,66.93,243.30,0.904,-1,-1,-1
530,7,296.85,407.80,78.29,246.80,0.563,-1,-1,-1
530,9,283.40,363.72,58.23,173.15,0.510,-1,-1,-1
530,13,13.59,369.91,354.23,233.67,0.867,-1,-1,-1
531,6,925.86,400.98,66.94,243.66,0.908,-1,-1,-1
531,7,293.55,408.63,76.98,244.87,0.777,-1,-1,-1
531,9,284.98,363.97,64.60,192.74,0.283,-1,-1,-1
531,13,8.09,370.38,343.70,233.00,0.893,-1,-1,-1
532,6,929.17,400.67,67.19,244.42,0.914,-1,-1,-1
532,7,290.05,408.03,76.54,245.78,0.761,-1,-1,-1
532,9,298.00,364.68,47.98,136.55,0.669,-1,-1,-1
532,13,10.79,373.91,331.00,230.23,0.907,-1,-1,-1
533,6,932.63,400.75,67.16,243.96,0.908,-1,-1,-1
533,7,286.57,407.83,75.62,244.78,0.749,-1,-1,-1
533,9,306.81,365.24,38.19,104.30,0.570,-1,-1,-1
533,13,13.88,374.17,323.68,230.76,0.907,-1,-1,-1
534,6,936.24,400.54,67.13,243.28,0.899,-1,-1,-1
534,7,283.23,406.71,75.09,244.44,0.573,-1,-1,-1
534,9,311.73,365.30,35.02,91.73,0.606,-1,-1,-1
534,13,17.56,373.31,318.41,232.10,0.894,-1,-1,-1
535,6,939.57,399.28,67.14,243.15,0.902,-1,-1,-1
535,7,291.32,386.80,72.66,235.10,0.574,-1,-1,-1
535,13,23.13,373.41,312.07,232.31,0.903,-1,-1,-1
536,6,943.31,398.67,66.77,242.23,0.908,-1,-1,-1
536,7,282.41,395.14,73.47,238.88,0.616,-1,-1,-1
536,13,28.57,373.74,305.18,231.64,0.901,-1,-1,-1
537,6,946.77,398.70,66.49,241.50,0.906,-1,-1,-1
537,7,275.98,399.76,73.68,240.60,0.535,-1,-1,-1
537,13,32.62,372.94,300.15,232.03,0.883,-1,-1,-1
537,17,307.14,362.45,77.51,221.24,0.816,-1,-1,-1
537,18,61.34,372.00,432.06,234.28,0.752,-1,-1,-1
538,6,950.51,399.25,66.56,241.89,0.904,-1,-1,-1
538,7,270.91,403.71,73.97,243.14,0.676,-1,-1,-1
538,13,38.26,373.36,294.12,231.00,0.868,-1,-1,-1
538,17,310.08,362.42,77.24,220.42,0.849,-1,-1,-1
538,18,67.75,372.26,430.27,233.29,0.686,-1,-1,-1
539,6,953.68,399.36,66.90,242.92,0.903,-1,-1,-1
539,7,266.38,405.51,73.99,244.77,0.691,-1,-1,-1
539,13,43.30,373.21,288.97,230.21,0.858,-1,-1,-1
539,17,312.87,362.52,77.58,221.34,0.842,-1,-1,-1
539,18,71.88,371.42,429.83,233.05,0.680,-1,-1,-1
540,6,956.84,400.15,66.98,243.32,0.903,-1,-1,-1
540,7,263.05,406.84,73.82,245.90,0.787,-1,-1,-1
540,13,46.75,371.52,287.80,231.03,0.638,-1,-1,-1
540,17,315.99,362.76,78.18,222.80,0.788,-1,-1,-1
540,18,65.79,367.03,450.58,244.63,0.691,-1,-1,-1
541,6,959.69,400.74,67.14,243.99,0.911,-1,-1,-1
541,7,259.71,407.03,73.41,246.45,0.825,-1,-1,-1
541,13,52.00,371.48,285.37,230.48,0.609,-1,-1,-1
541,17,318.33,363.55,78.74,224.03,0.810,-1,-1,-1
541,18,72.05,367.91,441.50,239.76,0.737,-1,-1,-1
542,6,963.13,400.69,67.33,244.55,0.906,-1,-1,-1
542,7,255.75,406.27,72.94,246.84,0.829,-1,-1,-1
542,13,55.82,370.16,285.71,232.24,0.581,-1,-1,-1
542,17,319.95,364.37,79.25,225.02,0.827,-1,-1,-1
542,18,73.98,366.75,443.62,241.14,0.753,-1,-1,-1
543,6,966.68,400.96,67.14,243.67,0.898,-1,-1,-1
543,7,252.82,406.54,72.29,245.49,0.639,-1,-1,-1
543,13,57.01,367.92,286.88,234.54,0.411,-1,-1,-1
543,17,321.37,364.58,79.72,225.71,0.847,-1,-1,-1
543,18,76.79,364.15,443.83,241.51,0.694,-1,-1,-1
544,6,970.26,400.25,67.19,243.84,0.890,-1,-1,-1
544,7,249.48,406.15,71.88,245.34,0.686,-1,-1,-1
544,13,55.39,366.38,288.06,236.40,-1.000,-1,-1,-1
544,17,323.62,365.42,79.99,225.78,0.862,-1,-1,-1
544,18,61.88,361.39,476.57,261.02,0.845,-1,-1,-1
545,6,973.78,398.97,67.05,243.56,0.905,-1,-1,-1
545,7,245.96,406.27,71.14,244.46,0.821,-1,-1,-1
545,13,53.76,364.84,289.25,238.27,-1.000,-1,-1,-1
545,17,326.07,365.23,80.20,225.98,0.837,-1,-1,-1
545,18,69.51,359.93,466.92,256.27,0.778,-1,-1,-1
546,6,977.53,398.82,66.58,242.09,0.905,-1,-1,-1
546,7,242.88,406.49,70.56,243.52,0.716,-1,-1,-1
546,13,52.13,363.30,290.44,240.13,-1.000,-1,-1,-1
546,17,329.18,364.07,80.42,225.84,0.799,-1,-1,-1
546,18,113.39,365.24,449.62,249.26,0.616,-1,-1,-1
547,6,980.71,398.79,66.44,241.61,0.909,-1,-1,-1
547,7,238.75,406.94,70.29,243.38,0.792,-1,-1,-1
547,13,50.51,361.76,291.63,241.99,0.512,-1,-1,-1
547,17,331.50,362.78,80.54,225.32,0.800,-1,-1,-1
547,18,148.93,369.81,428.34,240.01,0.648,-1,-1,-1
548,6,984.49,398.91,66.40,241.54,0.907,-1,-1,-1
548,7,235.53,406.98,70.23,244.09,0.853,-1,-1,-1
548,13,52.22,358.72,286.67,244.89,0.801,-1,-1,-1
548,17,334.06,361.98,80.78,225.26,0.846,-1,-1,-1
548,18,172.80,372.01,413.24,234.51,0.695,-1,-1,-1
549,6,987.78,398.78,66.66,242.54,0.911,-1,-1,-1
549,7,231.76,407.41,70.10,244.78,0.848,-1,-1,-1
549,13,57.39,357.85,277.84,244.94,0.867,-1,-1,-1
549,17,336.17,361.89,80.78,224.71,0.846,-1,-1,-1
549,18,186.83,370.01,404.92,233.63,0.764,-1,-1,-1
550,6,990.94,399.15,66.84,243.30,0.914,-1,-1,-1
550,7,228.73,407.27,70.19,246.33,0.878,-1,-1,-1
550,13,63.31,357.01,270.78,245.61,0.862,-1,-1,-1
550,17,338.39,362.60,80.92,224.36,0.853,-1,-1,-1
550,18,200.64,371.99,389.95,230.24,0.882,-1,-1,-1
551,6,993.70,399.85,67.03,243.80,0.915,-1,-1,-1
551,7,225.04,408.17,69.79,245.82,0.849,-1,-1,-1
551,13,65.24,356.18,269.14,245.71,0.196,-1,-1,-1
551,17,340.47,363.24,81.38,224.86,0.826,-1,-1,-1
551,18,171.41,366.27,397.02,234.09,0.549,-1,-1,-1
552,6,997.54,401.14,66.95,243.37,0.908,-1,-1,-1
552,7,221.51,408.60,69.31,244.95,0.832,-1,-1,-1
552,13,68.37,356.42,265.59,245.54,0.531,-1,-1,-1
552,17,343.14,363.79,81.89,225.69,0.793,-1,-1,-1
552,18,188.92,364.55,395.00,236.61,0.734,-1,-1,-1
553,6,1000.61,401.63,67.09,243.54,0.901,-1,-1,-1
553,7,217.86,407.10,69.30,245.69,0.799,-1,-1,-1
553,13,73.62,356.43,262.77,246.08,0.593,-1,-1,-1
553,17,346.07,364.17,82.42,226.37,0.821,-1,-1,-1
553,18,203.26,366.25,387.05,235.77,0.768,-1,-1,-1
554,6,1004.41,400.80,67.09,243.60,0.910,-1,-1,-1
554,7,214.35,405.58,69.02,245.52,0.857,-1,-1,-1
554,13,77.97,357.21,260.14,245.13,0.261,-1,-1,-1
554,17,348.54,364.38,82.82,226.72,0.815,-1,-1,-1
554,18,174.79,362.66,395.03,240.09,0.532,-1,-1,-1
555,6,1007.96,400.10,67.04,243.46,0.910,-1,-1,-1
555,7,210.99,405.85,68.57,244.35,0.767,-1,-1,-1
555,13,83.08,357.80,257.25,244.75,0.516,-1,-1,-1
555,17,350.86,364.09,82.90,226.54,0.852,-1,-1,-1
555,18,154.78,360.11,400.59,242.98,0.515,-1,-1,-1
556,6,1011.52,399.32,66.64,242.10,0.910,-1,-1,-1
556,7,208.07,406.07,68.20,243.40,0.754,-1,-1,-1
556,13,87.17,358.43,253.23,245.33,0.772,-1,-1,-1
556,17,353.45,364.17,82.99,225.99,0.841,-1,-1,-1
556,18,199.18,369.93,379.25,234.97,0.877,-1,-1,-1
557,6,1014.78,398.93,66.58,241.95,0.906,-1,-1,-1
557,7,204.50,405.44,67.83,242.82,0.819,-1,-1,-1
557,13,92.60,358.69,249.25,244.85,0.713,-1,-1,-1
557,17,355.91,363.63,82.87,225.35,0.815,-1,-1,-1
557,18,214.54,372.75,368.30,231.70,0.837,-1,-1,-1
558,6,1018.42,399.10,66.43,241.45,0.908,-1,-1,-1
558,7,200.38,405.05,68.03,244.25,0.824,-1,-1,-1
558,13,97.26,357.74,246.88,245.58,0.685,-1,-1,-1
558,17,358.84,362.64,82.89,225.13,0.800,-1,-1,-1
558,18,220.43,371.42,365.91,232.40,0.665,-1,-1,-1
559,6,1021.58,398.88,66.38,241.51,0.914,-1,-1,-1
559,7,196.72,405.81,68.07,244.81,0.760,-1,-1,-1
559,13,101.10,356.49,244.07,245.87,0.700,-1,-1,-1
559,17,361.30,361.58,82.80,224.69,0.765,-1,-1,-1
559,18,220.80,367.15,367.97,235.49,0.591,-1,-1,-1
560,6,1024.73,398.66,66.73,242.54,0.915,-1,-1,-1
560,7,193.24,406.78,67.99,244.58,0.361,-1,-1,-1
560,13,105.83,356.62,240.20,243.65,0.479,-1,-1,-1
560,17,364.49,361.88,82.61,223.48,0.839,-1,-1,-1
560,18,221.12,369.91,359.34,231.02,0.719,-1,-1,-1
561,6,1027.63,399.25,66.98,243.14,0.916,-1,-1,-1
561,7,189.60,407.20,68.14,245.02,0.303,-1,-1,-1
561,13,110.40,356.86,237.01,241.73,0.378,-1,-1,-1
561,17,366.55,362.56,82.61,223.24,0.858,-1,-1,-1
561,18,208.58,371.13,357.63,229.33,0.753,-1,-1,-1
562,6,1031.35,400.24,67.06,243.24,0.896,-1,-1,-1
562,7,185.65,407.06,68.22,245.34,0.134,-1,-1,-1
562,13,116.07,358.00,233.58,239.19,0.338,-1,-1,-1
562,17,368.58,363.01,83.06,224.14,0.847,-1,-1,-1
562,18,211.41,370.96,356.52,229.30,0.738,-1,-1,-1
563,6,1034.77,400.01,67.16,243.80,0.895,-1,-1,-1
563,7,167.69,405.15,71.03,247.35,0.626,-1,-1,-1
563,13,110.39,359.39,249.36,257.49,0.211,-1,-1,-1
563,17,371.00,363.60,83.56,225.16,0.830,-1,-1,-1
563,18,217.44,371.71,354.67,229.31,0.863,-1,-1,-1
564,6,1038.62,400.11,67.11,244.12,0.904,-1,-1,-1
564,7,157.59,403.94,73.59,247.98,0.720,-1,-1,-1
564,13,107.10,359.69,260.00,270.73,0.208,-1,-1,-1
564,17,374.30,363.90,83.95,225.73,0.776,-1,-1,-1
564,18,217.99,371.61,355.50,230.61,0.869,-1,-1,-1
565,6,1041.89,399.89,67.02,243.76,0.903,-1,-1,-1
565,7,152.56,403.82,75.48,248.03,0.752,-1,-1,-1
565,17,376.64,363.72,84.19,226.31,0.778,-1,-1,-1
565,18,216.43,371.46,357.80,232.22,0.809,-1,-1,-1
566,6,1045.46,399.81,66.74,242.76,0.905,-1,-1,-1
566,7,149.81,403.25,76.60,247.57,0.705,-1,-1,-1
566,17,379.39,363.59,84.15,225.69,0.743,-1,-1,-1
566,18,217.25,371.45,358.81,232.96,0.820,-1,-1,-1
567,6,1048.82,399.36,66.51,242.05,0.903,-1,-1,-1
567,7,149.35,404.33,77.35,246.65,0.820,-1,-1,-1
567,17,381.93,362.57,83.52,224.13,0.812,-1,-1,-1
567,18,215.30,371.35,359.74,233.20,0.816,-1,-1,-1
568,6,1052.29,398.44,66.37,241.82,0.911,-1,-1,-1
568,7,148.74,403.85,78.02,247.37,0.823,-1,-1,-1
568,17,384.32,361.64,83.48,223.93,0.826,-1,-1,-1
568,18,214.98,371.01,360.33,233.31,0.764,-1,-1,-1
569,6,1055.36,398.43,66.41,242.02,0.918,-1,-1,-1
569,7,150.21,404.94,77.19,246.68,0.861,-1,-1,-1
569,17,386.73,361.84,83.15,222.82,0.849,-1,-1,-1
569,18,214.45,372.56,358.04,230.91,0.875,-1,-1,-1
570,6,1058.85,399.12,66.55,242.32,0.915,-1,-1,-1
570,7,150.76,405.98,76.14,246.20,0.881,-1,-1,-1
570,17,389.70,361.59,83.30,222.92,0.815,-1,-1,-1
570,18,215.29,371.86,358.76,230.41,0.868,-1,-1,-1
571,6,1062.09,399.66,66.75,242.80,0.907,-1,-1,-1
571,7,148.90,406.12,75.42,246.52,0.897,-1,-1,-1
571,17,392.36,361.17,83.57,223.14,0.784,-1,-1,-1
571,18,215.07,370.56,360.38,230.46,0.878,-1,-1,-1
572,6,1065.50,400.34,66.94,243.34,0.892,-1,-1,-1
572,7,146.41,406.20,74.69,246.44,0.889,-1,-1,-1
572,17,394.74,361.40,83.89,223.40,0.831,-1,-1,-1
572,18,214.48,370.10,362.28,230.33,0.884,-1,-1,-1
573,6,1068.76,400.23,67.04,243.71,0.907,-1,-1,-1
573,7,143.86,406.06,73.94,246.25,0.882,-1,-1,-1
573,17,397.15,362.45,84.13,224.09,0.845,-1,-1,-1
573,18,212.17,369.58,366.27,231.37,0.891,-1,-1,-1
574,6,1072.55,400.46,67.01,243.61,0.906,-1,-1,-1
574,7,140.42,405.13,73.38,246.76,0.899,-1,-1,-1
574,17,399.35,362.72,84.44,225.03,0.852,-1,-1,-1
574,18,208.65,370.05,369.92,231.94,0.903,-1,-1,-1
575,6,1075.89,400.03,66.92,243.26,0.909,-1,-1,-1
575,7,137.05,404.99,72.66,246.08,0.885,-1,-1,-1
575,17,401.60,362.85,84.53,225.31,0.840,-1,-1,-1
575,18,205.39,370.79,374.07,232.38,0.905,-1,-1,-1
576,6,1079.12,399.27,66.90,243.08,0.905,-1,-1,-1
576,7,134.28,404.45,72.02,245.26,0.890,-1,-1,-1
576,17,403.76,363.10,84.30,224.80,0.777,-1,-1,-1
576,18,202.08,370.43,378.73,233.19,0.902,-1,-1,-1
577,6,1082.49,399.04,66.57,242.08,0.907,-1,-1,-1
577,7,130.93,404.10,71.52,245.00,0.892,-1,-1,-1
577,17,407.39,361.90,84.36,224.82,0.770,-1,-1,-1
577,18,200.02,370.33,382.60,233.50,0.894,-1,-1,-1
578,6,1086.19,398.29,66.37,241.69,0.917,-1,-1,-1
578,7,127.09,404.26,71.27,245.30,0.898,-1,-1,-1
578,17,410.38,360.71,84.25,224.03,0.784,-1,-1,-1
578,18,199.13,370.80,385.68,233.46,0.884,-1,-1,-1
579,6,1089.44,397.97,66.31,241.43,0.918,-1,-1,-1
579,7,123.15,404.38,71.08,245.70,0.891,-1,-1,-1
579,17,412.86,360.99,83.69,222.55,0.816,-1,-1,-1
579,18,198.56,371.46,387.70,232.35,0.903,-1,-1,-1
580,6,1093.27,398.43,66.34,241.44,0.909,-1,-1,-1
580,7,120.23,405.35,70.82,245.81,0.895,-1,-1,-1
580,17,415.47,361.15,83.43,221.91,0.797,-1,-1,-1
580,18,198.54,370.02,389.20,231.39,0.883,-1,-1,-1
581,6,1096.38,399.50,66.43,241.49,0.901,-1,-1,-1
581,7,116.61,406.07,70.64,246.02,0.900,-1,-1,-1
581,17,417.49,361.33,83.28,221.56,0.813,-1,-1,-1
581,18,199.91,369.75,390.40,230.21,0.875,-1,-1,-1
582,6,1099.58,399.53,66.83,242.73,0.900,-1,-1,-1
582,7,112.85,406.34,70.47,246.19,0.903,-1,-1,-1
582,17,420.02,361.22,83.56,222.09,0.770,-1,-1,-1
582,18,200.45,367.51,395.46,231.77,0.891,-1,-1,-1
583,6,1102.99,399.93,66.90,243.41,0.908,-1,-1,-1
583,7,109.91,406.56,70.23,246.33,0.904,-1,-1,-1
583,17,422.68,361.83,83.98,222.64,0.786,-1,-1,-1
583,18,200.72,365.99,399.61,232.99,0.881,-1,-1,-1
584,6,1106.64,400.23,66.92,243.46,0.908,-1,-1,-1
584,7,106.31,405.98,69.97,246.11,0.896,-1,-1,-1
584,17,425.73,362.45,84.23,222.94,0.814,-1,-1,-1
584,18,203.15,367.25,400.60,232.10,0.902,-1,-1,-1
585,6,1110.04,399.93,66.98,243.48,0.910,-1,-1,-1
585,7,102.86,405.26,69.91,246.44,0.898,-1,-1,-1
585,17,428.59,363.19,84.19,222.73,0.833,-1,-1,-1
585,18,205.02,368.54,402.80,232.01,0.912,-1,-1,-1
586,6,1113.09,399.21,66.95,243.12,0.906,-1,-1,-1
586,7,99.49,404.89,69.58,245.90,0.902,-1,-1,-1
586,17,430.81,363.42,83.94,222.57,0.836,-1,-1,-1
586,18,204.69,368.04,407.83,234.00,0.884,-1,-1,-1
587,6,1116.33,398.91,66.74,242.57,0.909,-1,-1,-1
587,7,95.62,403.74,69.38,245.88,0.913,-1,-1,-1
587,17,432.84,362.71,84.14,223.16,0.838,-1,-1,-1
587,18,206.36,369.34,409.68,233.98,0.911,-1,-1,-1
588,6,1119.91,398.20,66.56,241.90,0.919,-1,-1,-1
588,7,91.81,403.36,69.12,245.74,0.900,-1,-1,-1
588,17,435.29,362.43,84.05,222.76,0.825,-1,-1,-1
588,18,207.78,368.61,412.19,234.53,0.911,-1,-1,-1
589,6,1123.09,397.99,66.54,241.63,0.915,-1,-1,-1
589,7,88.42,403.82,68.96,245.60,0.909,-1,-1,-1
589,17,438.17,361.59,84.02,222.68,0.801,-1,-1,-1
589,18,210.16,366.57,414.42,235.23,0.904,-1,-1,-1
590,6,1126.87,398.01,66.51,241.36,0.910,-1,-1,-1
590,7,85.03,404.68,69.05,246.15,0.913,-1,-1,-1
590,17,441.54,360.98,83.86,222.00,0.781,-1,-1,-1
590,18,214.85,367.07,412.69,233.34,0.884,-1,-1,-1
591,6,1130.11,398.29,66.58,241.47,0.906,-1,-1,-1
591,7,81.37,405.78,69.05,246.44,0.905,-1,-1,-1
591,17,443.90,360.66,83.86,221.63,0.817,-1,-1,-1
591,18,218.22,368.02,411.11,231.48,0.894,-1,-1,-1
592,6,1133.61,398.19,66.84,242.55,0.907,-1,-1,-1
592,7,77.66,406.44,68.85,246.30,0.910,-1,-1,-1
592,17,446.43,360.99,83.91,221.67,0.835,-1,-1,-1
592,18,219.91,367.94,410.86,230.61,0.877,-1,-1,-1
593,6,1136.87,399.12,66.94,242.96,0.908,-1,-1,-1
593,7,74.40,406.60,68.76,246.15,0.892,-1,-1,-1
593,17,448.37,361.24,84.02,222.00,0.809,-1,-1,-1
593,18,220.48,366.76,413.26,231.49,0.866,-1,-1,-1
594,6,1140.55,399.96,67.06,243.34,0.910,-1,-1,-1
594,7,70.67,406.14,68.77,246.42,0.901,-1,-1,-1
594,17,450.73,361.80,84.41,222.77,0.804,-1,-1,-1
594,18,223.10,367.27,413.66,231.18,0.894,-1,-1,-1
595,6,1143.78,399.86,67.09,243.40,0.908,-1,-1,-1
595,7,67.11,405.47,68.79,246.20,0.906,-1,-1,-1
595,17,453.79,362.54,84.73,223.36,0.789,-1,-1,-1
595,18,224.90,366.95,416.28,232.24,0.889,-1,-1,-1
596,6,1146.91,399.89,67.08,243.42,0.908,-1,-1,-1
596,7,63.69,404.79,68.60,245.88,0.908,-1,-1,-1
596,17,456.79,362.01,85.02,223.79,0.790,-1,-1,-1
596,18,226.21,367.17,418.30,232.99,0.907,-1,-1,-1
597,6,1150.29,398.98,66.79,242.70,0.916,-1,-1,-1
597,7,59.95,404.27,68.33,245.30,0.901,-1,-1,-1
597,17,459.62,362.05,84.76,223.13,0.811,-1,-1,-1
597,18,228.64,368.81,419.34,233.11,0.903,-1,-1,-1
598,6,1153.93,398.22,66.58,242.02,0.917,-1,-1,-1
598,7,56.31,403.74,68.20,245.26,0.906,-1,-1,-1
598,17,461.74,362.03,84.28,222.32,0.839,-1,-1,-1
598,18,230.99,369.83,419.24,232.57,0.906,-1,-1,-1
599,6,1157.50,398.03,66.47,241.61,0.911,-1,-1,-1
599,7,53.05,404.21,68.12,245.32,0.911,-1,-1,-1
599,17,463.95,361.04,84.16,222.15,0.841,-1,-1,-1
599,18,233.09,369.46,419.56,232.36,0.916,-1,-1,-1
600,6,1161.23,397.90,66.49,241.40,0.906,-1,-1,-1
600,7,49.55,404.25,68.35,246.23,0.907,-1,-1,-1
600,17,466.60,360.00,84.10,221.99,0.766,-1,-1,-1
600,18,236.77,369.03,419.13,231.68,0.916,-1,-1,-1
